instance,bandit,reward,timeout,objective,sol_over_time,integral_primal_gap
examples/csp/csp_100/carseq_100_8_20_73.txt,dqn,r1,300,0.0,[(t:10.009-v:120.000)-(t:10.031-v:118.000)-(t:10.042-v:111.000)-(t:10.052-v:109.000)-(t:10.072-v:107.000)-(t:10.084-v:104.000)-(t:10.090-v:100.000)-(t:10.097-v:98.000)-(t:10.105-v:97.000)-(t:10.116-v:96.000)-(t:10.124-v:94.000)-(t:10.131-v:93.000)-(t:10.137-v:92.000)-(t:10.143-v:91.000)-(t:10.152-v:90.000)-(t:10.159-v:89.000)-(t:10.166-v:86.000)-(t:10.175-v:85.000)-(t:10.181-v:84.000)-(t:10.188-v:83.000)-(t:10.194-v:82.000)-(t:10.200-v:81.000)-(t:10.210-v:80.000)-(t:10.219-v:78.000)-(t:10.227-v:76.000)-(t:10.236-v:75.000)-(t:10.247-v:74.000)-(t:10.255-v:73.000)-(t:10.261-v:72.000)-(t:10.270-v:71.000)-(t:10.284-v:70.000)-(t:10.293-v:69.000)-(t:10.304-v:68.000)-(t:10.314-v:67.000)-(t:10.323-v:66.000)-(t:10.329-v:65.000)-(t:10.338-v:63.000)-(t:10.345-v:62.000)-(t:10.353-v:61.000)-(t:10.360-v:60.000)-(t:10.367-v:59.000)-(t:10.374-v:58.000)-(t:10.382-v:56.000)-(t:10.389-v:55.000)-(t:10.396-v:54.000)-(t:10.402-v:53.000)-(t:10.408-v:50.000)-(t:10.414-v:49.000)-(t:10.421-v:47.000)-(t:10.428-v:46.000)-(t:10.435-v:44.000)-(t:10.446-v:41.000)-(t:10.464-v:40.000)-(t:10.470-v:39.000)-(t:10.482-v:37.000)-(t:10.495-v:35.000)-(t:10.506-v:34.000)-(t:10.521-v:33.000)-(t:10.529-v:32.000)-(t:10.536-v:31.000)-(t:10.610-v:30.000)-(t:10.629-v:29.000)-(t:10.645-v:28.000)-(t:10.679-v:27.000)-(t:10.692-v:26.000)-(t:10.709-v:25.000)-(t:10.725-v:24.000)-(t:10.744-v:23.000)-(t:10.787-v:22.000)-(t:10.808-v:21.000)-(t:10.823-v:20.000)-(t:10.838-v:19.000)-(t:10.855-v:18.000)-(t:10.869-v:17.000)-(t:10.891-v:16.000)-(t:10.927-v:15.000)-(t:10.941-v:14.000)-(t:10.957-v:13.000)-(t:10.976-v:12.000)-(t:11.018-v:11.000)-(t:11.065-v:10.000)-(t:11.131-v:9.000)-(t:11.188-v:8.000)-(t:11.212-v:7.000)-(t:11.231-v:6.000)-(t:11.258-v:5.000)-(t:11.283-v:4.000)-(t:11.710-v:3.000)-(t:11.742-v:2.000)-(t:11.773-v:1.000)-(t:12.212-v:0.000)],12.212
examples/csp/csp_100/carseq_100_8_20_62.txt,dqn,r1,300,0.0,[(t:9.932-v:122.000)-(t:9.954-v:115.000)-(t:9.965-v:114.000)-(t:9.994-v:113.000)-(t:10.004-v:110.000)-(t:10.013-v:109.000)-(t:10.021-v:106.000)-(t:10.028-v:105.000)-(t:10.034-v:104.000)-(t:10.041-v:103.000)-(t:10.046-v:102.000)-(t:10.054-v:101.000)-(t:10.061-v:99.000)-(t:10.066-v:98.000)-(t:10.074-v:96.000)-(t:10.088-v:95.000)-(t:10.093-v:93.000)-(t:10.104-v:92.000)-(t:10.115-v:91.000)-(t:10.122-v:90.000)-(t:10.128-v:89.000)-(t:10.134-v:87.000)-(t:10.140-v:86.000)-(t:10.146-v:83.000)-(t:10.153-v:82.000)-(t:10.165-v:81.000)-(t:10.171-v:80.000)-(t:10.197-v:78.000)-(t:10.204-v:77.000)-(t:10.210-v:76.000)-(t:10.216-v:75.000)-(t:10.224-v:74.000)-(t:10.232-v:73.000)-(t:10.239-v:72.000)-(t:10.247-v:71.000)-(t:10.255-v:69.000)-(t:10.266-v:68.000)-(t:10.274-v:67.000)-(t:10.281-v:64.000)-(t:10.296-v:63.000)-(t:10.304-v:61.000)-(t:10.337-v:60.000)-(t:10.344-v:59.000)-(t:10.373-v:58.000)-(t:10.385-v:57.000)-(t:10.393-v:54.000)-(t:10.402-v:53.000)-(t:10.409-v:51.000)-(t:10.417-v:50.000)-(t:10.470-v:49.000)-(t:10.490-v:48.000)-(t:10.498-v:47.000)-(t:10.509-v:46.000)-(t:10.526-v:45.000)-(t:10.553-v:44.000)-(t:10.577-v:43.000)-(t:10.585-v:42.000)-(t:10.592-v:41.000)-(t:10.634-v:40.000)-(t:10.653-v:39.000)-(t:10.692-v:38.000)-(t:10.705-v:37.000)-(t:10.717-v:36.000)-(t:10.734-v:35.000)-(t:10.750-v:34.000)-(t:10.765-v:33.000)-(t:10.779-v:32.000)-(t:10.794-v:31.000)-(t:10.808-v:30.000)-(t:10.821-v:29.000)-(t:10.834-v:28.000)-(t:10.849-v:27.000)-(t:10.862-v:26.000)-(t:10.876-v:25.000)-(t:10.887-v:24.000)-(t:10.922-v:23.000)-(t:10.934-v:22.000)-(t:10.950-v:21.000)-(t:10.985-v:20.000)-(t:10.998-v:19.000)-(t:11.059-v:18.000)-(t:11.075-v:17.000)-(t:11.115-v:16.000)-(t:11.168-v:15.000)-(t:11.185-v:14.000)-(t:11.200-v:13.000)-(t:11.226-v:12.000)-(t:11.247-v:11.000)-(t:11.263-v:10.000)-(t:11.283-v:9.000)-(t:11.309-v:8.000)-(t:11.325-v:7.000)-(t:11.342-v:6.000)-(t:12.048-v:5.000)-(t:12.068-v:4.000)-(t:12.336-v:3.000)-(t:12.678-v:2.000)-(t:13.050-v:0.000)],13.05
examples/csp/csp_100/carseq_100_8_20_67.txt,dqn,r1,300,0.0,[(t:10.167-v:108.000)-(t:10.198-v:106.000)-(t:10.211-v:103.000)-(t:10.219-v:98.000)-(t:10.235-v:97.000)-(t:10.255-v:95.000)-(t:10.261-v:94.000)-(t:10.270-v:93.000)-(t:10.276-v:92.000)-(t:10.284-v:90.000)-(t:10.290-v:86.000)-(t:10.302-v:83.000)-(t:10.307-v:82.000)-(t:10.312-v:81.000)-(t:10.321-v:78.000)-(t:10.329-v:77.000)-(t:10.335-v:74.000)-(t:10.346-v:72.000)-(t:10.356-v:71.000)-(t:10.363-v:70.000)-(t:10.369-v:69.000)-(t:10.382-v:68.000)-(t:10.389-v:67.000)-(t:10.397-v:65.000)-(t:10.415-v:64.000)-(t:10.423-v:63.000)-(t:10.431-v:62.000)-(t:10.438-v:61.000)-(t:10.446-v:59.000)-(t:10.461-v:58.000)-(t:10.474-v:56.000)-(t:10.488-v:55.000)-(t:10.499-v:54.000)-(t:10.508-v:53.000)-(t:10.516-v:52.000)-(t:10.549-v:51.000)-(t:10.561-v:50.000)-(t:10.576-v:48.000)-(t:10.582-v:47.000)-(t:10.589-v:46.000)-(t:10.595-v:45.000)-(t:10.602-v:43.000)-(t:10.614-v:42.000)-(t:10.622-v:40.000)-(t:10.628-v:38.000)-(t:10.636-v:37.000)-(t:10.642-v:35.000)-(t:10.650-v:34.000)-(t:10.659-v:33.000)-(t:10.665-v:32.000)-(t:10.672-v:31.000)-(t:10.680-v:30.000)-(t:10.695-v:29.000)-(t:10.702-v:28.000)-(t:10.709-v:27.000)-(t:10.716-v:25.000)-(t:10.723-v:24.000)-(t:10.729-v:23.000)-(t:10.747-v:22.000)-(t:10.810-v:21.000)-(t:10.825-v:20.000)-(t:10.839-v:19.000)-(t:10.854-v:18.000)-(t:10.870-v:17.000)-(t:10.898-v:16.000)-(t:10.953-v:15.000)-(t:10.970-v:14.000)-(t:10.985-v:13.000)-(t:11.015-v:12.000)-(t:11.135-v:11.000)-(t:11.155-v:10.000)-(t:11.171-v:9.000)-(t:11.199-v:8.000)-(t:11.214-v:7.000)-(t:11.230-v:6.000)-(t:11.262-v:5.000)-(t:11.285-v:4.000)-(t:12.146-v:3.000)-(t:12.311-v:2.000)-(t:12.692-v:1.000)-(t:13.881-v:0.000)],13.881
examples/csp/csp_100/carseq_100_8_20_77.txt,dqn,r1,300,0.0,[(t:9.741-v:115.000)-(t:9.754-v:111.000)-(t:9.762-v:109.000)-(t:9.779-v:107.000)-(t:9.793-v:106.000)-(t:9.802-v:105.000)-(t:9.809-v:104.000)-(t:9.817-v:102.000)-(t:9.821-v:101.000)-(t:9.827-v:100.000)-(t:9.832-v:99.000)-(t:9.837-v:94.000)-(t:9.842-v:92.000)-(t:9.846-v:90.000)-(t:9.862-v:86.000)-(t:9.868-v:85.000)-(t:9.873-v:84.000)-(t:9.881-v:80.000)-(t:9.889-v:79.000)-(t:9.894-v:78.000)-(t:9.901-v:77.000)-(t:9.905-v:75.000)-(t:9.911-v:74.000)-(t:9.916-v:71.000)-(t:9.923-v:70.000)-(t:9.929-v:68.000)-(t:9.935-v:67.000)-(t:9.944-v:66.000)-(t:9.951-v:64.000)-(t:9.956-v:63.000)-(t:9.963-v:62.000)-(t:9.972-v:61.000)-(t:9.984-v:60.000)-(t:9.990-v:57.000)-(t:9.999-v:56.000)-(t:10.006-v:54.000)-(t:10.013-v:53.000)-(t:10.019-v:52.000)-(t:10.025-v:51.000)-(t:10.031-v:50.000)-(t:10.041-v:49.000)-(t:10.050-v:48.000)-(t:10.061-v:47.000)-(t:10.068-v:46.000)-(t:10.074-v:45.000)-(t:10.084-v:43.000)-(t:10.090-v:42.000)-(t:10.099-v:41.000)-(t:10.105-v:40.000)-(t:10.112-v:39.000)-(t:10.120-v:38.000)-(t:10.126-v:37.000)-(t:10.134-v:36.000)-(t:10.142-v:35.000)-(t:10.154-v:34.000)-(t:10.161-v:33.000)-(t:10.167-v:31.000)-(t:10.173-v:29.000)-(t:10.192-v:28.000)-(t:10.211-v:27.000)-(t:10.280-v:26.000)-(t:10.303-v:25.000)-(t:10.319-v:24.000)-(t:10.338-v:23.000)-(t:10.358-v:22.000)-(t:10.380-v:21.000)-(t:10.401-v:20.000)-(t:10.426-v:19.000)-(t:10.440-v:18.000)-(t:10.455-v:17.000)-(t:10.494-v:16.000)-(t:10.510-v:14.000)-(t:10.524-v:13.000)-(t:10.540-v:12.000)-(t:10.565-v:11.000)-(t:10.585-v:10.000)-(t:10.663-v:9.000)-(t:10.785-v:8.000)-(t:10.860-v:7.000)-(t:10.877-v:6.000)-(t:10.906-v:5.000)-(t:10.925-v:4.000)-(t:10.976-v:3.000)-(t:11.305-v:2.000)-(t:11.334-v:1.000)-(t:14.765-v:0.000)],14.765
examples/csp/csp_100/carseq_100_8_20_72.txt,dqn,r1,300,0.0,[(t:9.837-v:121.000)-(t:9.862-v:120.000)-(t:9.877-v:119.000)-(t:9.885-v:118.000)-(t:9.896-v:117.000)-(t:9.909-v:114.000)-(t:9.915-v:113.000)-(t:9.925-v:111.000)-(t:9.932-v:109.000)-(t:9.941-v:108.000)-(t:9.947-v:106.000)-(t:9.955-v:105.000)-(t:9.961-v:102.000)-(t:9.967-v:101.000)-(t:9.973-v:96.000)-(t:9.981-v:94.000)-(t:9.987-v:93.000)-(t:10.000-v:92.000)-(t:10.008-v:89.000)-(t:10.015-v:88.000)-(t:10.022-v:87.000)-(t:10.029-v:86.000)-(t:10.037-v:85.000)-(t:10.045-v:83.000)-(t:10.051-v:82.000)-(t:10.067-v:81.000)-(t:10.079-v:79.000)-(t:10.090-v:77.000)-(t:10.097-v:76.000)-(t:10.104-v:74.000)-(t:10.112-v:73.000)-(t:10.118-v:72.000)-(t:10.127-v:71.000)-(t:10.133-v:70.000)-(t:10.140-v:69.000)-(t:10.148-v:68.000)-(t:10.158-v:67.000)-(t:10.165-v:66.000)-(t:10.172-v:65.000)-(t:10.178-v:64.000)-(t:10.188-v:63.000)-(t:10.195-v:62.000)-(t:10.202-v:61.000)-(t:10.207-v:60.000)-(t:10.214-v:59.000)-(t:10.221-v:55.000)-(t:10.227-v:52.000)-(t:10.232-v:51.000)-(t:10.238-v:50.000)-(t:10.243-v:48.000)-(t:10.250-v:47.000)-(t:10.256-v:46.000)-(t:10.264-v:44.000)-(t:10.271-v:42.000)-(t:10.277-v:40.000)-(t:10.284-v:38.000)-(t:10.291-v:37.000)-(t:10.300-v:36.000)-(t:10.314-v:35.000)-(t:10.330-v:34.000)-(t:10.395-v:33.000)-(t:10.420-v:32.000)-(t:10.448-v:31.000)-(t:10.506-v:30.000)-(t:10.554-v:29.000)-(t:10.599-v:28.000)-(t:10.626-v:27.000)-(t:10.644-v:26.000)-(t:10.662-v:25.000)-(t:10.685-v:24.000)-(t:10.700-v:23.000)-(t:10.718-v:22.000)-(t:10.749-v:21.000)-(t:10.765-v:20.000)-(t:10.805-v:19.000)-(t:10.820-v:18.000)-(t:10.852-v:17.000)-(t:10.910-v:16.000)-(t:10.949-v:15.000)-(t:10.965-v:14.000)-(t:10.979-v:13.000)-(t:10.996-v:12.000)-(t:11.054-v:11.000)-(t:11.070-v:10.000)-(t:11.127-v:9.000)-(t:11.140-v:8.000)-(t:11.153-v:7.000)-(t:11.171-v:6.000)-(t:11.188-v:5.000)-(t:11.214-v:4.000)-(t:11.237-v:3.000)-(t:11.297-v:2.000)-(t:12.072-v:1.000)-(t:15.670-v:0.000)],15.67
examples/csp/csp_100/carseq_100_8_20_90.txt,dqn,r1,300,0.0,[(t:5.432-v:112.000)-(t:5.442-v:110.000)-(t:5.450-v:109.000)-(t:5.471-v:108.000)-(t:5.484-v:107.000)-(t:5.493-v:101.000)-(t:5.498-v:100.000)-(t:5.505-v:98.000)-(t:5.510-v:97.000)-(t:5.516-v:95.000)-(t:5.524-v:94.000)-(t:5.530-v:93.000)-(t:5.536-v:92.000)-(t:5.543-v:90.000)-(t:5.552-v:87.000)-(t:5.558-v:86.000)-(t:5.564-v:83.000)-(t:5.576-v:81.000)-(t:5.587-v:80.000)-(t:5.592-v:79.000)-(t:5.604-v:77.000)-(t:5.610-v:75.000)-(t:5.616-v:74.000)-(t:5.623-v:73.000)-(t:5.629-v:72.000)-(t:5.635-v:71.000)-(t:5.643-v:69.000)-(t:5.651-v:68.000)-(t:5.657-v:66.000)-(t:5.662-v:65.000)-(t:5.667-v:64.000)-(t:5.672-v:63.000)-(t:5.676-v:62.000)-(t:5.682-v:61.000)-(t:5.686-v:59.000)-(t:5.691-v:58.000)-(t:5.697-v:57.000)-(t:5.702-v:56.000)-(t:5.708-v:55.000)-(t:5.712-v:52.000)-(t:5.719-v:51.000)-(t:5.725-v:50.000)-(t:5.730-v:49.000)-(t:5.735-v:47.000)-(t:5.743-v:46.000)-(t:5.747-v:45.000)-(t:5.754-v:44.000)-(t:5.759-v:43.000)-(t:5.772-v:41.000)-(t:5.779-v:40.000)-(t:5.791-v:38.000)-(t:5.797-v:37.000)-(t:5.805-v:36.000)-(t:5.810-v:35.000)-(t:5.849-v:33.000)-(t:5.856-v:32.000)-(t:5.865-v:30.000)-(t:5.872-v:29.000)-(t:5.878-v:28.000)-(t:5.936-v:27.000)-(t:5.952-v:26.000)-(t:5.969-v:25.000)-(t:5.982-v:24.000)-(t:5.995-v:23.000)-(t:6.015-v:22.000)-(t:6.028-v:21.000)-(t:6.042-v:20.000)-(t:6.055-v:19.000)-(t:6.071-v:18.000)-(t:6.089-v:17.000)-(t:6.110-v:16.000)-(t:6.126-v:15.000)-(t:6.140-v:14.000)-(t:6.166-v:12.000)-(t:6.261-v:11.000)-(t:6.285-v:10.000)-(t:6.302-v:8.000)-(t:6.321-v:7.000)-(t:6.416-v:5.000)-(t:6.442-v:4.000)-(t:6.475-v:3.000)-(t:6.805-v:2.000)-(t:7.108-v:1.000)-(t:8.172-v:0.000)],8.172
examples/csp/csp_100/carseq_100_8_20_94.txt,dqn,r1,300,0.0,[(t:5.364-v:115.000)-(t:5.375-v:114.000)-(t:5.383-v:113.000)-(t:5.404-v:110.000)-(t:5.417-v:109.000)-(t:5.429-v:107.000)-(t:5.434-v:106.000)-(t:5.441-v:102.000)-(t:5.447-v:101.000)-(t:5.454-v:99.000)-(t:5.459-v:97.000)-(t:5.464-v:95.000)-(t:5.471-v:90.000)-(t:5.487-v:89.000)-(t:5.493-v:88.000)-(t:5.500-v:85.000)-(t:5.507-v:84.000)-(t:5.516-v:83.000)-(t:5.526-v:82.000)-(t:5.531-v:80.000)-(t:5.535-v:79.000)-(t:5.540-v:75.000)-(t:5.545-v:74.000)-(t:5.551-v:73.000)-(t:5.557-v:72.000)-(t:5.564-v:71.000)-(t:5.573-v:68.000)-(t:5.581-v:65.000)-(t:5.587-v:64.000)-(t:5.593-v:63.000)-(t:5.605-v:62.000)-(t:5.610-v:61.000)-(t:5.617-v:60.000)-(t:5.622-v:58.000)-(t:5.626-v:57.000)-(t:5.632-v:56.000)-(t:5.638-v:55.000)-(t:5.644-v:52.000)-(t:5.649-v:51.000)-(t:5.654-v:49.000)-(t:5.660-v:48.000)-(t:5.666-v:47.000)-(t:5.674-v:46.000)-(t:5.680-v:45.000)-(t:5.687-v:44.000)-(t:5.693-v:43.000)-(t:5.700-v:42.000)-(t:5.708-v:41.000)-(t:5.727-v:40.000)-(t:5.734-v:39.000)-(t:5.741-v:38.000)-(t:5.749-v:37.000)-(t:5.755-v:36.000)-(t:5.761-v:35.000)-(t:5.794-v:34.000)-(t:5.803-v:33.000)-(t:5.816-v:31.000)-(t:5.848-v:30.000)-(t:5.862-v:29.000)-(t:5.875-v:28.000)-(t:5.889-v:27.000)-(t:5.903-v:26.000)-(t:5.948-v:25.000)-(t:5.963-v:24.000)-(t:5.998-v:23.000)-(t:6.019-v:21.000)-(t:6.034-v:20.000)-(t:6.049-v:19.000)-(t:6.062-v:18.000)-(t:6.078-v:17.000)-(t:6.109-v:16.000)-(t:6.127-v:15.000)-(t:6.157-v:14.000)-(t:6.219-v:13.000)-(t:6.239-v:12.000)-(t:6.255-v:11.000)-(t:6.269-v:10.000)-(t:6.282-v:9.000)-(t:6.343-v:8.000)-(t:6.371-v:7.000)-(t:6.395-v:6.000)-(t:6.416-v:5.000)-(t:6.671-v:4.000)-(t:6.722-v:3.000)-(t:8.041-v:2.000)-(t:10.914-v:1.000)-(t:13.517-v:0.000)],13.517
examples/csp/csp_100/carseq_100_8_20_88.txt,dqn,r1,300,0.0,[(t:5.548-v:122.000)-(t:5.564-v:119.000)-(t:5.572-v:117.000)-(t:5.593-v:116.000)-(t:5.610-v:115.000)-(t:5.627-v:114.000)-(t:5.634-v:112.000)-(t:5.644-v:111.000)-(t:5.653-v:110.000)-(t:5.664-v:107.000)-(t:5.675-v:106.000)-(t:5.687-v:105.000)-(t:5.695-v:104.000)-(t:5.703-v:103.000)-(t:5.712-v:102.000)-(t:5.722-v:100.000)-(t:5.730-v:99.000)-(t:5.743-v:98.000)-(t:5.755-v:97.000)-(t:5.766-v:95.000)-(t:5.777-v:94.000)-(t:5.786-v:93.000)-(t:5.792-v:92.000)-(t:5.801-v:91.000)-(t:5.809-v:90.000)-(t:5.823-v:89.000)-(t:5.834-v:88.000)-(t:5.844-v:86.000)-(t:5.852-v:85.000)-(t:5.862-v:83.000)-(t:5.874-v:82.000)-(t:5.883-v:81.000)-(t:5.891-v:80.000)-(t:5.914-v:79.000)-(t:5.929-v:78.000)-(t:5.937-v:75.000)-(t:5.945-v:73.000)-(t:5.952-v:72.000)-(t:5.958-v:70.000)-(t:5.963-v:69.000)-(t:5.970-v:68.000)-(t:5.976-v:67.000)-(t:5.984-v:66.000)-(t:5.991-v:65.000)-(t:5.997-v:64.000)-(t:6.002-v:63.000)-(t:6.009-v:62.000)-(t:6.021-v:61.000)-(t:6.029-v:59.000)-(t:6.049-v:57.000)-(t:6.053-v:56.000)-(t:6.063-v:55.000)-(t:6.073-v:54.000)-(t:6.085-v:53.000)-(t:6.091-v:52.000)-(t:6.096-v:51.000)-(t:6.100-v:50.000)-(t:6.108-v:49.000)-(t:6.144-v:47.000)-(t:6.161-v:45.000)-(t:6.176-v:44.000)-(t:6.190-v:43.000)-(t:6.205-v:42.000)-(t:6.222-v:41.000)-(t:6.236-v:40.000)-(t:6.250-v:39.000)-(t:6.263-v:38.000)-(t:6.278-v:36.000)-(t:6.291-v:35.000)-(t:6.302-v:34.000)-(t:6.318-v:33.000)-(t:6.330-v:32.000)-(t:6.346-v:31.000)-(t:6.367-v:30.000)-(t:6.382-v:29.000)-(t:6.407-v:28.000)-(t:6.424-v:27.000)-(t:6.441-v:26.000)-(t:6.486-v:25.000)-(t:6.501-v:24.000)-(t:6.515-v:23.000)-(t:6.537-v:22.000)-(t:6.655-v:21.000)-(t:6.676-v:20.000)-(t:6.699-v:19.000)-(t:6.721-v:18.000)-(t:6.740-v:17.000)-(t:6.758-v:16.000)-(t:6.776-v:15.000)-(t:6.877-v:14.000)-(t:6.897-v:12.000)-(t:7.634-v:11.000)-(t:7.647-v:10.000)-(t:7.695-v:9.000)-(t:7.950-v:8.000)-(t:7.963-v:6.000)-(t:7.977-v:5.000)-(t:8.003-v:4.000)-(t:9.343-v:3.000)-(t:9.632-v:2.000)-(t:11.766-v:1.000)-(t:18.430-v:0.000)],18.43
examples/csp/csp_200/pb_200_07.txt,dqn,r1,300,0.0,[(t:4.546-v:258.000)-(t:4.553-v:257.000)-(t:4.569-v:254.000)-(t:4.595-v:252.000)-(t:4.611-v:251.000)-(t:4.625-v:250.000)-(t:4.632-v:249.000)-(t:4.644-v:244.000)-(t:4.655-v:242.000)-(t:4.668-v:240.000)-(t:4.677-v:239.000)-(t:4.685-v:236.000)-(t:4.694-v:235.000)-(t:4.707-v:232.000)-(t:4.714-v:229.000)-(t:4.725-v:228.000)-(t:4.732-v:222.000)-(t:4.743-v:221.000)-(t:4.768-v:220.000)-(t:4.777-v:219.000)-(t:4.783-v:217.000)-(t:4.791-v:216.000)-(t:4.800-v:214.000)-(t:4.811-v:213.000)-(t:4.819-v:211.000)-(t:4.828-v:208.000)-(t:4.836-v:204.000)-(t:4.845-v:203.000)-(t:4.853-v:202.000)-(t:4.862-v:201.000)-(t:4.871-v:197.000)-(t:4.879-v:196.000)-(t:4.887-v:195.000)-(t:4.894-v:194.000)-(t:4.901-v:193.000)-(t:4.909-v:192.000)-(t:4.918-v:191.000)-(t:4.924-v:190.000)-(t:4.931-v:189.000)-(t:4.940-v:186.000)-(t:4.947-v:185.000)-(t:4.954-v:184.000)-(t:4.960-v:183.000)-(t:4.967-v:181.000)-(t:4.975-v:178.000)-(t:4.981-v:177.000)-(t:4.990-v:175.000)-(t:4.998-v:173.000)-(t:5.008-v:171.000)-(t:5.021-v:170.000)-(t:5.028-v:169.000)-(t:5.034-v:168.000)-(t:5.044-v:167.000)-(t:5.052-v:166.000)-(t:5.066-v:165.000)-(t:5.079-v:163.000)-(t:5.087-v:161.000)-(t:5.093-v:160.000)-(t:5.100-v:159.000)-(t:5.107-v:158.000)-(t:5.141-v:157.000)-(t:5.158-v:156.000)-(t:5.171-v:155.000)-(t:5.186-v:154.000)-(t:5.201-v:153.000)-(t:5.215-v:152.000)-(t:5.228-v:151.000)-(t:5.241-v:147.000)-(t:5.256-v:146.000)-(t:5.270-v:143.000)-(t:5.286-v:141.000)-(t:5.301-v:140.000)-(t:5.317-v:138.000)-(t:5.336-v:137.000)-(t:5.353-v:136.000)-(t:5.373-v:135.000)-(t:5.389-v:131.000)-(t:5.405-v:130.000)-(t:5.421-v:129.000)-(t:5.440-v:128.000)-(t:5.456-v:126.000)-(t:5.473-v:125.000)-(t:5.492-v:124.000)-(t:5.508-v:123.000)-(t:5.527-v:122.000)-(t:5.543-v:121.000)-(t:5.563-v:120.000)-(t:5.583-v:118.000)-(t:5.601-v:115.000)-(t:5.620-v:113.000)-(t:5.637-v:112.000)-(t:5.655-v:111.000)-(t:5.672-v:110.000)-(t:5.686-v:109.000)-(t:5.704-v:108.000)-(t:5.723-v:107.000)-(t:5.762-v:105.000)-(t:5.782-v:104.000)-(t:5.800-v:103.000)-(t:5.817-v:102.000)-(t:5.835-v:101.000)-(t:5.852-v:97.000)-(t:5.869-v:96.000)-(t:5.886-v:95.000)-(t:5.904-v:94.000)-(t:5.923-v:93.000)-(t:5.939-v:92.000)-(t:5.961-v:91.000)-(t:5.979-v:90.000)-(t:5.994-v:89.000)-(t:6.011-v:85.000)-(t:6.028-v:84.000)-(t:6.047-v:83.000)-(t:6.088-v:82.000)-(t:6.108-v:81.000)-(t:6.148-v:80.000)-(t:6.168-v:79.000)-(t:6.186-v:78.000)-(t:6.204-v:77.000)-(t:6.285-v:76.000)-(t:6.358-v:75.000)-(t:6.383-v:74.000)-(t:6.406-v:73.000)-(t:6.430-v:72.000)-(t:6.451-v:71.000)-(t:6.473-v:70.000)-(t:6.513-v:69.000)-(t:6.532-v:67.000)-(t:6.555-v:65.000)-(t:6.577-v:64.000)-(t:6.602-v:63.000)-(t:6.628-v:62.000)-(t:6.647-v:61.000)-(t:6.667-v:60.000)-(t:6.685-v:59.000)-(t:6.703-v:58.000)-(t:6.736-v:57.000)-(t:6.760-v:56.000)-(t:6.776-v:55.000)-(t:6.812-v:54.000)-(t:6.841-v:53.000)-(t:6.867-v:52.000)-(t:6.890-v:51.000)-(t:6.910-v:50.000)-(t:6.929-v:49.000)-(t:6.944-v:48.000)-(t:6.964-v:47.000)-(t:6.981-v:46.000)-(t:7.000-v:45.000)-(t:7.022-v:44.000)-(t:7.042-v:43.000)-(t:7.084-v:42.000)-(t:7.105-v:41.000)-(t:7.129-v:40.000)-(t:7.143-v:39.000)-(t:7.165-v:38.000)-(t:7.187-v:36.000)-(t:7.217-v:35.000)-(t:7.255-v:34.000)-(t:7.275-v:33.000)-(t:7.328-v:32.000)-(t:7.404-v:31.000)-(t:7.433-v:30.000)-(t:7.468-v:29.000)-(t:7.548-v:28.000)-(t:7.575-v:27.000)-(t:7.746-v:26.000)-(t:7.768-v:25.000)-(t:7.793-v:24.000)-(t:7.812-v:23.000)-(t:7.842-v:22.000)-(t:7.861-v:21.000)-(t:7.930-v:20.000)-(t:7.956-v:19.000)-(t:7.978-v:18.000)-(t:7.998-v:17.000)-(t:8.016-v:16.000)-(t:8.044-v:15.000)-(t:8.147-v:14.000)-(t:8.175-v:13.000)-(t:8.211-v:12.000)-(t:8.261-v:11.000)-(t:8.326-v:10.000)-(t:8.360-v:9.000)-(t:9.206-v:8.000)-(t:9.248-v:7.000)-(t:9.279-v:6.000)-(t:9.340-v:5.000)-(t:9.359-v:4.000)-(t:10.847-v:3.000)-(t:10.880-v:2.000)-(t:11.009-v:1.000)-(t:21.828-v:0.000)],21.828
examples/csp/csp_100/carseq_100_8_20_82.txt,dqn,r1,300,0.0,[(t:8.931-v:134.000)-(t:8.946-v:133.000)-(t:8.954-v:131.000)-(t:8.972-v:128.000)-(t:8.988-v:126.000)-(t:8.999-v:123.000)-(t:9.005-v:122.000)-(t:9.012-v:120.000)-(t:9.018-v:118.000)-(t:9.025-v:115.000)-(t:9.031-v:114.000)-(t:9.036-v:113.000)-(t:9.044-v:110.000)-(t:9.049-v:109.000)-(t:9.054-v:104.000)-(t:9.061-v:102.000)-(t:9.068-v:99.000)-(t:9.077-v:96.000)-(t:9.085-v:93.000)-(t:9.089-v:90.000)-(t:9.095-v:89.000)-(t:9.100-v:88.000)-(t:9.107-v:85.000)-(t:9.112-v:84.000)-(t:9.118-v:83.000)-(t:9.126-v:81.000)-(t:9.133-v:80.000)-(t:9.141-v:78.000)-(t:9.145-v:77.000)-(t:9.150-v:75.000)-(t:9.160-v:74.000)-(t:9.166-v:71.000)-(t:9.173-v:70.000)-(t:9.184-v:68.000)-(t:9.192-v:62.000)-(t:9.246-v:61.000)-(t:9.253-v:60.000)-(t:9.262-v:59.000)-(t:9.269-v:58.000)-(t:9.276-v:56.000)-(t:9.286-v:55.000)-(t:9.294-v:54.000)-(t:9.302-v:52.000)-(t:9.314-v:51.000)-(t:9.320-v:50.000)-(t:9.366-v:49.000)-(t:9.374-v:48.000)-(t:9.382-v:47.000)-(t:9.395-v:46.000)-(t:9.404-v:44.000)-(t:9.419-v:40.000)-(t:9.426-v:39.000)-(t:9.436-v:38.000)-(t:9.443-v:37.000)-(t:9.453-v:36.000)-(t:9.479-v:34.000)-(t:9.490-v:33.000)-(t:9.504-v:32.000)-(t:9.512-v:31.000)-(t:9.561-v:30.000)-(t:9.577-v:29.000)-(t:9.593-v:28.000)-(t:9.610-v:27.000)-(t:9.644-v:26.000)-(t:9.675-v:25.000)-(t:9.703-v:24.000)-(t:9.722-v:23.000)-(t:9.736-v:22.000)-(t:9.751-v:21.000)-(t:9.771-v:20.000)-(t:9.835-v:19.000)-(t:9.851-v:18.000)-(t:9.900-v:17.000)-(t:9.930-v:16.000)-(t:10.015-v:15.000)-(t:10.030-v:14.000)-(t:10.048-v:13.000)-(t:10.072-v:12.000)-(t:10.146-v:11.000)-(t:10.175-v:10.000)-(t:10.203-v:9.000)-(t:11.643-v:8.000)-(t:11.665-v:7.000)-(t:11.683-v:6.000)-(t:11.696-v:5.000)-(t:11.767-v:4.000)-(t:11.854-v:3.000)-(t:15.151-v:2.000)-(t:17.914-v:1.000)-(t:80.098-v:0.000)],80.098
examples/csp/csp_100/6-76.txt,dqn,r1,300,6.0,[(t:8.885-v:96.000)-(t:8.900-v:93.000)-(t:8.911-v:92.000)-(t:8.928-v:90.000)-(t:8.935-v:89.000)-(t:8.945-v:86.000)-(t:8.953-v:81.000)-(t:8.962-v:80.000)-(t:8.972-v:79.000)-(t:8.982-v:77.000)-(t:8.990-v:74.000)-(t:8.998-v:73.000)-(t:9.006-v:71.000)-(t:9.014-v:68.000)-(t:9.022-v:67.000)-(t:9.031-v:66.000)-(t:9.039-v:65.000)-(t:9.050-v:62.000)-(t:9.091-v:60.000)-(t:9.101-v:58.000)-(t:9.108-v:56.000)-(t:9.119-v:55.000)-(t:9.126-v:54.000)-(t:9.136-v:52.000)-(t:9.142-v:51.000)-(t:9.149-v:48.000)-(t:9.157-v:47.000)-(t:9.164-v:46.000)-(t:9.171-v:43.000)-(t:9.177-v:42.000)-(t:9.184-v:39.000)-(t:9.191-v:38.000)-(t:9.199-v:37.000)-(t:9.208-v:36.000)-(t:9.214-v:34.000)-(t:9.218-v:31.000)-(t:9.226-v:30.000)-(t:9.231-v:29.000)-(t:9.238-v:28.000)-(t:9.242-v:27.000)-(t:9.269-v:26.000)-(t:9.276-v:25.000)-(t:9.304-v:24.000)-(t:9.358-v:23.000)-(t:9.406-v:22.000)-(t:9.418-v:21.000)-(t:9.439-v:20.000)-(t:9.465-v:19.000)-(t:9.474-v:18.000)-(t:9.518-v:17.000)-(t:9.572-v:16.000)-(t:9.596-v:15.000)-(t:9.606-v:14.000)-(t:9.647-v:13.000)-(t:9.771-v:12.000)-(t:9.795-v:11.000)-(t:9.815-v:10.000)-(t:9.835-v:9.000)-(t:9.857-v:8.000)-(t:9.885-v:7.000)-(t:11.600-v:6.000)],9.84
examples/csp/csp_100/36-92.txt,dqn,r1,300,2.0,[(t:9.007-v:114.000)-(t:9.022-v:112.000)-(t:9.031-v:111.000)-(t:9.050-v:109.000)-(t:9.058-v:108.000)-(t:9.073-v:106.000)-(t:9.080-v:103.000)-(t:9.087-v:98.000)-(t:9.095-v:97.000)-(t:9.103-v:94.000)-(t:9.111-v:91.000)-(t:9.117-v:90.000)-(t:9.123-v:89.000)-(t:9.128-v:88.000)-(t:9.135-v:84.000)-(t:9.143-v:83.000)-(t:9.148-v:81.000)-(t:9.157-v:80.000)-(t:9.163-v:79.000)-(t:9.169-v:77.000)-(t:9.177-v:76.000)-(t:9.182-v:74.000)-(t:9.187-v:73.000)-(t:9.198-v:72.000)-(t:9.206-v:70.000)-(t:9.214-v:69.000)-(t:9.221-v:68.000)-(t:9.227-v:67.000)-(t:9.234-v:64.000)-(t:9.240-v:63.000)-(t:9.251-v:62.000)-(t:9.258-v:61.000)-(t:9.276-v:60.000)-(t:9.283-v:59.000)-(t:9.297-v:58.000)-(t:9.332-v:57.000)-(t:9.339-v:56.000)-(t:9.351-v:55.000)-(t:9.362-v:53.000)-(t:9.370-v:52.000)-(t:9.378-v:51.000)-(t:9.385-v:50.000)-(t:9.394-v:49.000)-(t:9.401-v:48.000)-(t:9.407-v:47.000)-(t:9.418-v:46.000)-(t:9.425-v:45.000)-(t:9.432-v:44.000)-(t:9.442-v:43.000)-(t:9.449-v:41.000)-(t:9.462-v:40.000)-(t:9.468-v:39.000)-(t:9.477-v:37.000)-(t:9.485-v:36.000)-(t:9.495-v:35.000)-(t:9.508-v:34.000)-(t:9.530-v:33.000)-(t:9.537-v:32.000)-(t:9.608-v:31.000)-(t:9.624-v:30.000)-(t:9.640-v:28.000)-(t:9.654-v:27.000)-(t:9.670-v:26.000)-(t:9.687-v:25.000)-(t:9.704-v:24.000)-(t:9.724-v:23.000)-(t:9.763-v:22.000)-(t:9.787-v:21.000)-(t:9.911-v:20.000)-(t:9.928-v:19.000)-(t:9.946-v:18.000)-(t:9.965-v:17.000)-(t:9.982-v:16.000)-(t:10.000-v:15.000)-(t:10.032-v:14.000)-(t:10.070-v:13.000)-(t:10.132-v:12.000)-(t:10.164-v:11.000)-(t:10.196-v:10.000)-(t:10.214-v:9.000)-(t:10.568-v:8.000)-(t:11.948-v:7.000)-(t:12.931-v:6.000)-(t:12.977-v:5.000)-(t:17.301-v:4.000)-(t:17.623-v:3.000)-(t:21.786-v:2.000)],16.308
examples/csp/csp_100/16-81.txt,dqn,r1,300,1.0,[(t:8.972-v:124.000)-(t:8.991-v:120.000)-(t:9.002-v:119.000)-(t:9.023-v:117.000)-(t:9.030-v:115.000)-(t:9.044-v:113.000)-(t:9.053-v:109.000)-(t:9.062-v:108.000)-(t:9.068-v:106.000)-(t:9.076-v:105.000)-(t:9.083-v:104.000)-(t:9.088-v:102.000)-(t:9.094-v:100.000)-(t:9.099-v:98.000)-(t:9.107-v:96.000)-(t:9.119-v:95.000)-(t:9.125-v:87.000)-(t:9.133-v:84.000)-(t:9.160-v:83.000)-(t:9.167-v:82.000)-(t:9.175-v:80.000)-(t:9.182-v:79.000)-(t:9.189-v:76.000)-(t:9.196-v:75.000)-(t:9.203-v:74.000)-(t:9.209-v:73.000)-(t:9.216-v:72.000)-(t:9.223-v:70.000)-(t:9.230-v:69.000)-(t:9.238-v:68.000)-(t:9.255-v:65.000)-(t:9.263-v:64.000)-(t:9.268-v:63.000)-(t:9.275-v:62.000)-(t:9.286-v:59.000)-(t:9.295-v:58.000)-(t:9.304-v:57.000)-(t:9.312-v:55.000)-(t:9.319-v:54.000)-(t:9.325-v:53.000)-(t:9.334-v:52.000)-(t:9.342-v:49.000)-(t:9.380-v:48.000)-(t:9.388-v:47.000)-(t:9.401-v:46.000)-(t:9.441-v:45.000)-(t:9.448-v:43.000)-(t:9.455-v:42.000)-(t:9.460-v:41.000)-(t:9.468-v:40.000)-(t:9.476-v:39.000)-(t:9.481-v:38.000)-(t:9.490-v:37.000)-(t:9.499-v:36.000)-(t:9.508-v:35.000)-(t:9.516-v:34.000)-(t:9.526-v:33.000)-(t:9.537-v:32.000)-(t:9.592-v:31.000)-(t:9.607-v:29.000)-(t:9.619-v:28.000)-(t:9.646-v:27.000)-(t:9.679-v:26.000)-(t:9.720-v:25.000)-(t:9.737-v:24.000)-(t:9.753-v:23.000)-(t:9.791-v:22.000)-(t:9.806-v:21.000)-(t:9.847-v:20.000)-(t:9.864-v:19.000)-(t:9.883-v:18.000)-(t:9.900-v:17.000)-(t:9.918-v:16.000)-(t:9.948-v:15.000)-(t:10.039-v:14.000)-(t:10.086-v:13.000)-(t:10.099-v:12.000)-(t:11.233-v:11.000)-(t:11.275-v:10.000)-(t:11.897-v:9.000)-(t:11.918-v:8.000)-(t:14.027-v:7.000)-(t:14.043-v:6.000)-(t:14.819-v:5.000)-(t:14.839-v:4.000)-(t:14.889-v:3.000)-(t:14.929-v:2.000)-(t:20.479-v:1.000)],300.0
examples/csp/csp_100/4-72.txt,dqn,r1,300,1.0,[(t:10.172-v:123.000)-(t:10.196-v:117.000)-(t:10.208-v:116.000)-(t:10.251-v:112.000)-(t:10.261-v:111.000)-(t:10.276-v:110.000)-(t:10.285-v:108.000)-(t:10.295-v:107.000)-(t:10.310-v:104.000)-(t:10.321-v:102.000)-(t:10.328-v:101.000)-(t:10.335-v:100.000)-(t:10.350-v:99.000)-(t:10.356-v:98.000)-(t:10.365-v:95.000)-(t:10.372-v:93.000)-(t:10.379-v:92.000)-(t:10.390-v:91.000)-(t:10.399-v:89.000)-(t:10.405-v:86.000)-(t:10.412-v:83.000)-(t:10.419-v:82.000)-(t:10.426-v:81.000)-(t:10.433-v:79.000)-(t:10.439-v:78.000)-(t:10.447-v:77.000)-(t:10.454-v:76.000)-(t:10.463-v:75.000)-(t:10.469-v:74.000)-(t:10.478-v:73.000)-(t:10.485-v:69.000)-(t:10.492-v:68.000)-(t:10.501-v:67.000)-(t:10.508-v:66.000)-(t:10.514-v:65.000)-(t:10.525-v:63.000)-(t:10.535-v:61.000)-(t:10.545-v:59.000)-(t:10.553-v:57.000)-(t:10.564-v:56.000)-(t:10.579-v:55.000)-(t:10.590-v:54.000)-(t:10.599-v:53.000)-(t:10.608-v:52.000)-(t:10.615-v:51.000)-(t:10.621-v:50.000)-(t:10.630-v:49.000)-(t:10.637-v:48.000)-(t:10.643-v:47.000)-(t:10.654-v:45.000)-(t:10.660-v:43.000)-(t:10.668-v:42.000)-(t:10.684-v:40.000)-(t:10.690-v:39.000)-(t:10.696-v:38.000)-(t:10.701-v:37.000)-(t:10.708-v:34.000)-(t:10.724-v:33.000)-(t:10.732-v:32.000)-(t:10.811-v:31.000)-(t:10.834-v:30.000)-(t:10.871-v:29.000)-(t:10.889-v:28.000)-(t:10.906-v:27.000)-(t:10.943-v:26.000)-(t:11.008-v:25.000)-(t:11.022-v:24.000)-(t:11.057-v:23.000)-(t:11.074-v:22.000)-(t:11.096-v:21.000)-(t:11.114-v:20.000)-(t:11.131-v:19.000)-(t:11.160-v:18.000)-(t:11.223-v:17.000)-(t:11.251-v:16.000)-(t:11.265-v:15.000)-(t:11.283-v:14.000)-(t:11.298-v:13.000)-(t:11.317-v:12.000)-(t:11.371-v:11.000)-(t:11.428-v:10.000)-(t:11.455-v:9.000)-(t:11.481-v:8.000)-(t:11.497-v:7.000)-(t:12.277-v:6.000)-(t:12.367-v:5.000)-(t:19.371-v:4.000)-(t:19.765-v:3.000)-(t:19.786-v:2.000)-(t:59.958-v:1.000)],300.0
examples/csp/csp_100/carseq_100_8_20_71.txt,dqn,r1,300,1.0,[(t:9.840-v:117.000)-(t:9.853-v:113.000)-(t:9.862-v:112.000)-(t:9.880-v:111.000)-(t:9.891-v:110.000)-(t:9.902-v:109.000)-(t:9.908-v:105.000)-(t:9.915-v:104.000)-(t:9.922-v:102.000)-(t:9.930-v:100.000)-(t:9.935-v:97.000)-(t:9.939-v:95.000)-(t:9.944-v:94.000)-(t:9.950-v:92.000)-(t:9.959-v:90.000)-(t:9.966-v:89.000)-(t:9.971-v:88.000)-(t:9.980-v:84.000)-(t:9.992-v:83.000)-(t:9.998-v:82.000)-(t:10.004-v:81.000)-(t:10.010-v:80.000)-(t:10.015-v:79.000)-(t:10.020-v:76.000)-(t:10.026-v:75.000)-(t:10.036-v:73.000)-(t:10.043-v:72.000)-(t:10.049-v:70.000)-(t:10.056-v:69.000)-(t:10.062-v:68.000)-(t:10.071-v:66.000)-(t:10.078-v:65.000)-(t:10.087-v:64.000)-(t:10.095-v:63.000)-(t:10.101-v:62.000)-(t:10.108-v:61.000)-(t:10.116-v:60.000)-(t:10.126-v:58.000)-(t:10.134-v:57.000)-(t:10.142-v:56.000)-(t:10.155-v:55.000)-(t:10.162-v:53.000)-(t:10.174-v:52.000)-(t:10.181-v:51.000)-(t:10.188-v:50.000)-(t:10.195-v:49.000)-(t:10.203-v:46.000)-(t:10.218-v:45.000)-(t:10.240-v:43.000)-(t:10.252-v:42.000)-(t:10.269-v:41.000)-(t:10.275-v:40.000)-(t:10.282-v:39.000)-(t:10.289-v:37.000)-(t:10.302-v:36.000)-(t:10.315-v:35.000)-(t:10.326-v:33.000)-(t:10.332-v:32.000)-(t:10.412-v:31.000)-(t:10.461-v:30.000)-(t:10.481-v:29.000)-(t:10.496-v:28.000)-(t:10.518-v:27.000)-(t:10.552-v:26.000)-(t:10.703-v:25.000)-(t:10.719-v:24.000)-(t:10.736-v:23.000)-(t:10.752-v:22.000)-(t:10.768-v:21.000)-(t:10.784-v:20.000)-(t:10.869-v:19.000)-(t:10.891-v:18.000)-(t:10.909-v:17.000)-(t:10.932-v:16.000)-(t:10.953-v:15.000)-(t:10.971-v:14.000)-(t:10.993-v:13.000)-(t:11.023-v:12.000)-(t:11.045-v:11.000)-(t:11.109-v:10.000)-(t:12.332-v:9.000)-(t:12.347-v:8.000)-(t:12.372-v:7.000)-(t:12.383-v:6.000)-(t:12.889-v:5.000)-(t:13.043-v:4.000)-(t:13.414-v:3.000)-(t:20.058-v:2.000)-(t:20.086-v:1.000)],300.0
examples/csp/csp_100/carseq_100_8_20_81.txt,dqn,r1,300,1.0,[(t:9.740-v:109.000)-(t:9.751-v:104.000)-(t:9.759-v:102.000)-(t:9.781-v:100.000)-(t:9.795-v:98.000)-(t:9.810-v:96.000)-(t:9.817-v:95.000)-(t:9.826-v:93.000)-(t:9.833-v:92.000)-(t:9.846-v:90.000)-(t:9.853-v:88.000)-(t:9.861-v:87.000)-(t:9.867-v:86.000)-(t:9.873-v:85.000)-(t:9.879-v:82.000)-(t:9.885-v:81.000)-(t:9.891-v:80.000)-(t:9.900-v:79.000)-(t:9.911-v:78.000)-(t:9.918-v:77.000)-(t:9.923-v:76.000)-(t:9.929-v:73.000)-(t:9.935-v:72.000)-(t:9.943-v:70.000)-(t:9.949-v:67.000)-(t:9.954-v:66.000)-(t:9.959-v:65.000)-(t:9.963-v:64.000)-(t:9.967-v:62.000)-(t:9.971-v:61.000)-(t:9.975-v:60.000)-(t:9.982-v:59.000)-(t:9.989-v:58.000)-(t:9.993-v:56.000)-(t:9.997-v:55.000)-(t:10.002-v:53.000)-(t:10.007-v:52.000)-(t:10.012-v:51.000)-(t:10.018-v:50.000)-(t:10.024-v:49.000)-(t:10.031-v:48.000)-(t:10.037-v:47.000)-(t:10.042-v:46.000)-(t:10.049-v:44.000)-(t:10.056-v:43.000)-(t:10.061-v:41.000)-(t:10.067-v:40.000)-(t:10.073-v:39.000)-(t:10.078-v:38.000)-(t:10.088-v:37.000)-(t:10.096-v:36.000)-(t:10.102-v:35.000)-(t:10.112-v:34.000)-(t:10.119-v:33.000)-(t:10.140-v:31.000)-(t:10.163-v:29.000)-(t:10.172-v:28.000)-(t:10.179-v:27.000)-(t:10.186-v:26.000)-(t:10.270-v:25.000)-(t:10.315-v:24.000)-(t:10.334-v:23.000)-(t:10.360-v:22.000)-(t:10.384-v:21.000)-(t:10.400-v:20.000)-(t:10.414-v:19.000)-(t:10.461-v:18.000)-(t:10.478-v:17.000)-(t:10.513-v:15.000)-(t:10.555-v:14.000)-(t:10.592-v:13.000)-(t:10.611-v:12.000)-(t:10.695-v:11.000)-(t:10.736-v:10.000)-(t:10.768-v:9.000)-(t:10.783-v:8.000)-(t:10.808-v:7.000)-(t:10.829-v:6.000)-(t:10.859-v:5.000)-(t:10.878-v:4.000)-(t:11.283-v:3.000)-(t:15.017-v:2.000)-(t:27.738-v:1.000)],300.0
examples/csp/csp_100/carseq_100_8_20_85.txt,dqn,r1,300,1.0,[(t:10.047-v:112.000)-(t:10.079-v:111.000)-(t:10.099-v:107.000)-(t:10.111-v:103.000)-(t:10.128-v:101.000)-(t:10.151-v:100.000)-(t:10.158-v:98.000)-(t:10.168-v:94.000)-(t:10.176-v:91.000)-(t:10.187-v:90.000)-(t:10.194-v:89.000)-(t:10.201-v:86.000)-(t:10.208-v:83.000)-(t:10.216-v:82.000)-(t:10.228-v:80.000)-(t:10.235-v:79.000)-(t:10.242-v:78.000)-(t:10.253-v:77.000)-(t:10.261-v:76.000)-(t:10.266-v:73.000)-(t:10.273-v:72.000)-(t:10.280-v:71.000)-(t:10.286-v:69.000)-(t:10.293-v:66.000)-(t:10.303-v:65.000)-(t:10.310-v:64.000)-(t:10.318-v:62.000)-(t:10.339-v:61.000)-(t:10.346-v:60.000)-(t:10.356-v:59.000)-(t:10.363-v:57.000)-(t:10.375-v:56.000)-(t:10.391-v:55.000)-(t:10.397-v:54.000)-(t:10.403-v:53.000)-(t:10.410-v:52.000)-(t:10.417-v:51.000)-(t:10.425-v:50.000)-(t:10.430-v:49.000)-(t:10.437-v:47.000)-(t:10.491-v:46.000)-(t:10.497-v:45.000)-(t:10.510-v:44.000)-(t:10.528-v:43.000)-(t:10.537-v:42.000)-(t:10.556-v:41.000)-(t:10.568-v:40.000)-(t:10.590-v:39.000)-(t:10.606-v:38.000)-(t:10.619-v:37.000)-(t:10.627-v:35.000)-(t:10.634-v:34.000)-(t:10.644-v:33.000)-(t:10.654-v:31.000)-(t:10.663-v:30.000)-(t:10.672-v:29.000)-(t:10.680-v:28.000)-(t:10.688-v:27.000)-(t:10.697-v:26.000)-(t:10.704-v:24.000)-(t:10.766-v:23.000)-(t:10.782-v:22.000)-(t:10.798-v:21.000)-(t:10.831-v:20.000)-(t:10.919-v:19.000)-(t:10.971-v:17.000)-(t:10.986-v:16.000)-(t:11.009-v:15.000)-(t:11.037-v:14.000)-(t:11.052-v:13.000)-(t:11.075-v:12.000)-(t:11.091-v:11.000)-(t:11.170-v:10.000)-(t:11.183-v:9.000)-(t:11.207-v:8.000)-(t:11.927-v:7.000)-(t:11.950-v:6.000)-(t:12.768-v:5.000)-(t:19.442-v:4.000)-(t:24.523-v:3.000)-(t:25.030-v:2.000)-(t:214.033-v:1.000)],300.0
examples/csp/csp_100/21-90.txt,dqn,r1,300,2.0,[(t:10.250-v:114.000)-(t:10.273-v:112.000)-(t:10.285-v:108.000)-(t:10.306-v:106.000)-(t:10.315-v:104.000)-(t:10.326-v:102.000)-(t:10.336-v:99.000)-(t:10.348-v:98.000)-(t:10.358-v:97.000)-(t:10.369-v:96.000)-(t:10.376-v:94.000)-(t:10.385-v:90.000)-(t:10.393-v:87.000)-(t:10.400-v:85.000)-(t:10.407-v:82.000)-(t:10.416-v:81.000)-(t:10.425-v:80.000)-(t:10.444-v:79.000)-(t:10.472-v:78.000)-(t:10.483-v:74.000)-(t:10.501-v:73.000)-(t:10.511-v:72.000)-(t:10.526-v:71.000)-(t:10.538-v:70.000)-(t:10.553-v:69.000)-(t:10.567-v:67.000)-(t:10.584-v:65.000)-(t:10.602-v:64.000)-(t:10.616-v:63.000)-(t:10.629-v:62.000)-(t:10.640-v:61.000)-(t:10.650-v:59.000)-(t:10.665-v:58.000)-(t:10.675-v:57.000)-(t:10.685-v:56.000)-(t:10.699-v:53.000)-(t:10.708-v:50.000)-(t:10.717-v:49.000)-(t:10.723-v:48.000)-(t:10.740-v:47.000)-(t:10.774-v:46.000)-(t:10.781-v:45.000)-(t:10.789-v:44.000)-(t:10.802-v:43.000)-(t:10.810-v:41.000)-(t:10.814-v:39.000)-(t:10.820-v:37.000)-(t:10.827-v:36.000)-(t:10.834-v:35.000)-(t:10.840-v:34.000)-(t:10.845-v:33.000)-(t:10.852-v:32.000)-(t:10.859-v:31.000)-(t:10.871-v:30.000)-(t:10.875-v:29.000)-(t:10.880-v:28.000)-(t:10.893-v:27.000)-(t:10.901-v:26.000)-(t:10.940-v:25.000)-(t:10.956-v:24.000)-(t:10.986-v:23.000)-(t:10.999-v:21.000)-(t:11.014-v:20.000)-(t:11.044-v:19.000)-(t:11.064-v:18.000)-(t:11.099-v:17.000)-(t:11.115-v:16.000)-(t:11.132-v:15.000)-(t:11.165-v:14.000)-(t:11.182-v:13.000)-(t:11.196-v:12.000)-(t:11.284-v:11.000)-(t:11.301-v:10.000)-(t:11.317-v:9.000)-(t:11.334-v:8.000)-(t:11.357-v:7.000)-(t:11.418-v:6.000)-(t:12.505-v:5.000)-(t:12.840-v:4.000)-(t:13.491-v:3.000)-(t:21.865-v:2.000)],15.359
examples/csp/csp_100/carseq_100_8_20_64.txt,dqn,r1,300,1.0,[(t:9.933-v:130.000)-(t:9.962-v:127.000)-(t:9.976-v:125.000)-(t:9.984-v:124.000)-(t:9.997-v:122.000)-(t:10.009-v:120.000)-(t:10.018-v:119.000)-(t:10.029-v:115.000)-(t:10.039-v:114.000)-(t:10.055-v:113.000)-(t:10.062-v:109.000)-(t:10.069-v:106.000)-(t:10.075-v:104.000)-(t:10.081-v:103.000)-(t:10.088-v:100.000)-(t:10.101-v:98.000)-(t:10.107-v:96.000)-(t:10.118-v:94.000)-(t:10.125-v:93.000)-(t:10.133-v:90.000)-(t:10.140-v:89.000)-(t:10.149-v:88.000)-(t:10.156-v:87.000)-(t:10.163-v:86.000)-(t:10.170-v:85.000)-(t:10.176-v:84.000)-(t:10.182-v:83.000)-(t:10.190-v:82.000)-(t:10.196-v:81.000)-(t:10.203-v:80.000)-(t:10.214-v:79.000)-(t:10.221-v:77.000)-(t:10.228-v:76.000)-(t:10.234-v:73.000)-(t:10.248-v:72.000)-(t:10.256-v:71.000)-(t:10.262-v:70.000)-(t:10.269-v:67.000)-(t:10.277-v:66.000)-(t:10.281-v:65.000)-(t:10.287-v:64.000)-(t:10.294-v:62.000)-(t:10.305-v:60.000)-(t:10.330-v:59.000)-(t:10.337-v:58.000)-(t:10.343-v:57.000)-(t:10.351-v:56.000)-(t:10.358-v:55.000)-(t:10.366-v:54.000)-(t:10.373-v:53.000)-(t:10.385-v:52.000)-(t:10.393-v:50.000)-(t:10.410-v:49.000)-(t:10.426-v:48.000)-(t:10.439-v:46.000)-(t:10.458-v:45.000)-(t:10.483-v:44.000)-(t:10.491-v:43.000)-(t:10.497-v:42.000)-(t:10.558-v:41.000)-(t:10.585-v:40.000)-(t:10.602-v:39.000)-(t:10.626-v:37.000)-(t:10.643-v:36.000)-(t:10.663-v:35.000)-(t:10.680-v:33.000)-(t:10.715-v:32.000)-(t:10.737-v:31.000)-(t:10.752-v:30.000)-(t:10.767-v:29.000)-(t:10.810-v:28.000)-(t:10.829-v:27.000)-(t:10.849-v:26.000)-(t:10.868-v:25.000)-(t:10.881-v:24.000)-(t:10.919-v:23.000)-(t:10.963-v:22.000)-(t:10.992-v:20.000)-(t:11.008-v:19.000)-(t:11.026-v:18.000)-(t:11.060-v:17.000)-(t:11.079-v:16.000)-(t:11.101-v:15.000)-(t:11.124-v:14.000)-(t:11.199-v:13.000)-(t:11.212-v:12.000)-(t:11.232-v:11.000)-(t:11.249-v:10.000)-(t:11.275-v:9.000)-(t:11.294-v:8.000)-(t:11.358-v:7.000)-(t:11.383-v:6.000)-(t:12.206-v:5.000)-(t:16.606-v:4.000)-(t:19.153-v:3.000)-(t:22.760-v:2.000)-(t:33.060-v:1.000)],300.0
examples/csp/csp_100/carseq_100_8_20_86.txt,dqn,r1,300,1.0,[(t:9.544-v:133.000)-(t:9.554-v:129.000)-(t:9.559-v:127.000)-(t:9.573-v:125.000)-(t:9.584-v:123.000)-(t:9.594-v:121.000)-(t:9.600-v:118.000)-(t:9.606-v:115.000)-(t:9.612-v:114.000)-(t:9.619-v:113.000)-(t:9.623-v:109.000)-(t:9.628-v:108.000)-(t:9.632-v:106.000)-(t:9.637-v:104.000)-(t:9.643-v:103.000)-(t:9.649-v:100.000)-(t:9.654-v:99.000)-(t:9.663-v:97.000)-(t:9.675-v:96.000)-(t:9.681-v:94.000)-(t:9.687-v:93.000)-(t:9.692-v:92.000)-(t:9.699-v:91.000)-(t:9.704-v:89.000)-(t:9.709-v:86.000)-(t:9.714-v:84.000)-(t:9.719-v:82.000)-(t:9.726-v:81.000)-(t:9.732-v:80.000)-(t:9.739-v:78.000)-(t:9.750-v:75.000)-(t:9.756-v:74.000)-(t:9.763-v:73.000)-(t:9.771-v:72.000)-(t:9.780-v:71.000)-(t:9.798-v:70.000)-(t:9.805-v:69.000)-(t:9.812-v:68.000)-(t:9.819-v:67.000)-(t:9.826-v:66.000)-(t:9.832-v:65.000)-(t:9.840-v:63.000)-(t:9.848-v:62.000)-(t:9.854-v:61.000)-(t:9.862-v:60.000)-(t:9.871-v:59.000)-(t:9.877-v:58.000)-(t:9.885-v:57.000)-(t:9.899-v:56.000)-(t:9.906-v:54.000)-(t:9.918-v:52.000)-(t:9.925-v:51.000)-(t:9.935-v:49.000)-(t:9.947-v:48.000)-(t:9.971-v:47.000)-(t:10.002-v:45.000)-(t:10.014-v:44.000)-(t:10.021-v:43.000)-(t:10.078-v:42.000)-(t:10.102-v:41.000)-(t:10.119-v:40.000)-(t:10.168-v:38.000)-(t:10.218-v:37.000)-(t:10.254-v:36.000)-(t:10.279-v:35.000)-(t:10.294-v:34.000)-(t:10.307-v:33.000)-(t:10.325-v:32.000)-(t:10.357-v:30.000)-(t:10.373-v:29.000)-(t:10.450-v:28.000)-(t:10.468-v:27.000)-(t:10.492-v:26.000)-(t:10.512-v:25.000)-(t:10.536-v:23.000)-(t:10.555-v:22.000)-(t:10.628-v:21.000)-(t:10.648-v:19.000)-(t:10.677-v:18.000)-(t:10.690-v:17.000)-(t:10.712-v:16.000)-(t:10.739-v:14.000)-(t:10.761-v:13.000)-(t:10.793-v:12.000)-(t:10.860-v:11.000)-(t:12.200-v:10.000)-(t:12.267-v:9.000)-(t:12.564-v:8.000)-(t:12.580-v:7.000)-(t:12.657-v:6.000)-(t:18.011-v:5.000)-(t:35.955-v:4.000)-(t:97.790-v:3.000)-(t:110.864-v:2.000)-(t:128.820-v:1.000)],300.0
examples/csp/csp_100/carseq_100_8_20_98.txt,dqn,r1,300,1.0,[(t:5.211-v:132.000)-(t:5.221-v:128.000)-(t:5.227-v:123.000)-(t:5.246-v:120.000)-(t:5.262-v:119.000)-(t:5.272-v:118.000)-(t:5.276-v:113.000)-(t:5.283-v:112.000)-(t:5.290-v:110.000)-(t:5.298-v:108.000)-(t:5.304-v:106.000)-(t:5.310-v:104.000)-(t:5.316-v:102.000)-(t:5.322-v:100.000)-(t:5.328-v:99.000)-(t:5.334-v:98.000)-(t:5.340-v:97.000)-(t:5.349-v:95.000)-(t:5.355-v:92.000)-(t:5.361-v:89.000)-(t:5.367-v:88.000)-(t:5.374-v:87.000)-(t:5.379-v:86.000)-(t:5.387-v:85.000)-(t:5.392-v:83.000)-(t:5.398-v:77.000)-(t:5.404-v:73.000)-(t:5.409-v:72.000)-(t:5.415-v:68.000)-(t:5.423-v:67.000)-(t:5.429-v:66.000)-(t:5.435-v:65.000)-(t:5.441-v:64.000)-(t:5.447-v:62.000)-(t:5.454-v:61.000)-(t:5.461-v:60.000)-(t:5.467-v:59.000)-(t:5.478-v:58.000)-(t:5.484-v:56.000)-(t:5.491-v:55.000)-(t:5.506-v:54.000)-(t:5.517-v:53.000)-(t:5.524-v:51.000)-(t:5.534-v:50.000)-(t:5.540-v:48.000)-(t:5.551-v:47.000)-(t:5.557-v:46.000)-(t:5.568-v:45.000)-(t:5.582-v:42.000)-(t:5.589-v:41.000)-(t:5.608-v:40.000)-(t:5.613-v:38.000)-(t:5.623-v:36.000)-(t:5.628-v:35.000)-(t:5.636-v:34.000)-(t:5.641-v:32.000)-(t:5.646-v:29.000)-(t:5.664-v:28.000)-(t:5.692-v:27.000)-(t:5.733-v:26.000)-(t:5.752-v:25.000)-(t:5.764-v:24.000)-(t:5.800-v:23.000)-(t:5.818-v:22.000)-(t:5.831-v:21.000)-(t:5.870-v:20.000)-(t:5.973-v:19.000)-(t:6.027-v:18.000)-(t:6.040-v:17.000)-(t:6.053-v:16.000)-(t:6.071-v:15.000)-(t:6.089-v:14.000)-(t:6.112-v:13.000)-(t:6.132-v:12.000)-(t:6.154-v:11.000)-(t:6.189-v:10.000)-(t:6.215-v:9.000)-(t:6.248-v:8.000)-(t:6.283-v:7.000)-(t:9.451-v:6.000)-(t:10.203-v:5.000)-(t:11.731-v:4.000)-(t:13.417-v:3.000)-(t:28.805-v:2.000)-(t:29.575-v:1.000)],300.0
examples/csp/csp_100/carseq_100_8_20_99.txt,dqn,r1,300,1.0,[(t:5.047-v:118.000)-(t:5.067-v:116.000)-(t:5.078-v:113.000)-(t:5.084-v:111.000)-(t:5.097-v:109.000)-(t:5.108-v:107.000)-(t:5.113-v:104.000)-(t:5.121-v:101.000)-(t:5.127-v:98.000)-(t:5.133-v:96.000)-(t:5.139-v:95.000)-(t:5.145-v:94.000)-(t:5.151-v:93.000)-(t:5.157-v:92.000)-(t:5.162-v:91.000)-(t:5.172-v:89.000)-(t:5.178-v:87.000)-(t:5.187-v:86.000)-(t:5.193-v:85.000)-(t:5.198-v:84.000)-(t:5.203-v:83.000)-(t:5.210-v:82.000)-(t:5.215-v:81.000)-(t:5.224-v:80.000)-(t:5.230-v:77.000)-(t:5.238-v:76.000)-(t:5.244-v:75.000)-(t:5.250-v:74.000)-(t:5.257-v:72.000)-(t:5.267-v:71.000)-(t:5.274-v:69.000)-(t:5.281-v:68.000)-(t:5.287-v:67.000)-(t:5.293-v:66.000)-(t:5.298-v:64.000)-(t:5.303-v:63.000)-(t:5.311-v:62.000)-(t:5.316-v:61.000)-(t:5.320-v:57.000)-(t:5.327-v:54.000)-(t:5.337-v:53.000)-(t:5.343-v:52.000)-(t:5.349-v:50.000)-(t:5.368-v:49.000)-(t:5.374-v:48.000)-(t:5.381-v:46.000)-(t:5.387-v:45.000)-(t:5.394-v:44.000)-(t:5.413-v:43.000)-(t:5.418-v:42.000)-(t:5.426-v:41.000)-(t:5.431-v:40.000)-(t:5.443-v:39.000)-(t:5.451-v:38.000)-(t:5.457-v:36.000)-(t:5.462-v:35.000)-(t:5.468-v:32.000)-(t:5.475-v:31.000)-(t:5.480-v:30.000)-(t:5.518-v:29.000)-(t:5.537-v:28.000)-(t:5.551-v:27.000)-(t:5.564-v:26.000)-(t:5.579-v:25.000)-(t:5.595-v:24.000)-(t:5.615-v:23.000)-(t:5.667-v:22.000)-(t:5.684-v:21.000)-(t:5.699-v:20.000)-(t:5.732-v:19.000)-(t:5.747-v:18.000)-(t:5.767-v:17.000)-(t:5.823-v:16.000)-(t:5.855-v:14.000)-(t:5.979-v:13.000)-(t:5.994-v:12.000)-(t:6.018-v:11.000)-(t:6.035-v:10.000)-(t:6.051-v:9.000)-(t:6.078-v:8.000)-(t:6.097-v:7.000)-(t:6.118-v:6.000)-(t:6.134-v:5.000)-(t:11.814-v:4.000)-(t:12.897-v:3.000)-(t:15.313-v:2.000)-(t:15.716-v:1.000)],300.0
examples/csp/csp_300/carseq_300_8_20_38.txt,dqn,r1,300,0.0,[(t:8.909-v:432.000)-(t:8.926-v:429.000)-(t:8.947-v:426.000)-(t:8.975-v:419.000)-(t:8.995-v:418.000)-(t:9.014-v:417.000)-(t:9.027-v:416.000)-(t:9.045-v:413.000)-(t:9.054-v:412.000)-(t:9.070-v:411.000)-(t:9.081-v:410.000)-(t:9.091-v:406.000)-(t:9.099-v:405.000)-(t:9.109-v:404.000)-(t:9.120-v:403.000)-(t:9.132-v:399.000)-(t:9.145-v:397.000)-(t:9.162-v:396.000)-(t:9.174-v:394.000)-(t:9.184-v:391.000)-(t:9.194-v:389.000)-(t:9.206-v:388.000)-(t:9.218-v:387.000)-(t:9.229-v:385.000)-(t:9.238-v:384.000)-(t:9.249-v:383.000)-(t:9.257-v:382.000)-(t:9.266-v:378.000)-(t:9.275-v:377.000)-(t:9.282-v:373.000)-(t:9.289-v:372.000)-(t:9.296-v:371.000)-(t:9.307-v:370.000)-(t:9.315-v:367.000)-(t:9.322-v:366.000)-(t:9.329-v:358.000)-(t:9.338-v:355.000)-(t:9.348-v:351.000)-(t:9.358-v:350.000)-(t:9.368-v:349.000)-(t:9.376-v:347.000)-(t:9.384-v:345.000)-(t:9.395-v:344.000)-(t:9.406-v:343.000)-(t:9.417-v:341.000)-(t:9.428-v:340.000)-(t:9.435-v:335.000)-(t:9.446-v:334.000)-(t:9.454-v:330.000)-(t:9.477-v:329.000)-(t:9.487-v:327.000)-(t:9.497-v:326.000)-(t:9.507-v:324.000)-(t:9.517-v:323.000)-(t:9.528-v:322.000)-(t:9.539-v:317.000)-(t:9.546-v:315.000)-(t:9.555-v:313.000)-(t:9.561-v:311.000)-(t:9.568-v:309.000)-(t:9.627-v:306.000)-(t:9.650-v:305.000)-(t:9.672-v:303.000)-(t:9.693-v:302.000)-(t:9.713-v:300.000)-(t:9.735-v:298.000)-(t:9.759-v:294.000)-(t:9.781-v:292.000)-(t:9.806-v:290.000)-(t:9.825-v:289.000)-(t:9.851-v:288.000)-(t:9.871-v:287.000)-(t:9.894-v:284.000)-(t:9.913-v:282.000)-(t:9.935-v:281.000)-(t:9.956-v:280.000)-(t:9.976-v:278.000)-(t:9.998-v:276.000)-(t:10.018-v:274.000)-(t:10.038-v:273.000)-(t:10.057-v:272.000)-(t:10.079-v:271.000)-(t:10.098-v:270.000)-(t:10.116-v:266.000)-(t:10.136-v:264.000)-(t:10.156-v:262.000)-(t:10.188-v:261.000)-(t:10.210-v:259.000)-(t:10.236-v:258.000)-(t:10.256-v:255.000)-(t:10.273-v:254.000)-(t:10.292-v:251.000)-(t:10.312-v:250.000)-(t:10.332-v:247.000)-(t:10.352-v:245.000)-(t:10.371-v:244.000)-(t:10.394-v:243.000)-(t:10.412-v:241.000)-(t:10.431-v:240.000)-(t:10.452-v:239.000)-(t:10.474-v:238.000)-(t:10.534-v:237.000)-(t:10.558-v:235.000)-(t:10.590-v:234.000)-(t:10.611-v:233.000)-(t:10.631-v:231.000)-(t:10.654-v:229.000)-(t:10.680-v:228.000)-(t:10.703-v:223.000)-(t:10.726-v:222.000)-(t:10.753-v:221.000)-(t:10.775-v:220.000)-(t:10.797-v:219.000)-(t:10.820-v:217.000)-(t:10.844-v:216.000)-(t:10.864-v:215.000)-(t:10.896-v:214.000)-(t:10.918-v:213.000)-(t:10.940-v:211.000)-(t:10.964-v:210.000)-(t:10.988-v:209.000)-(t:11.012-v:208.000)-(t:11.037-v:207.000)-(t:11.058-v:205.000)-(t:11.080-v:203.000)-(t:11.100-v:200.000)-(t:11.123-v:199.000)-(t:11.148-v:197.000)-(t:11.169-v:196.000)-(t:11.189-v:194.000)-(t:11.210-v:191.000)-(t:11.232-v:189.000)-(t:11.253-v:188.000)-(t:11.273-v:185.000)-(t:11.292-v:184.000)-(t:11.312-v:182.000)-(t:11.331-v:181.000)-(t:11.350-v:180.000)-(t:11.372-v:179.000)-(t:11.390-v:178.000)-(t:11.414-v:176.000)-(t:11.433-v:174.000)-(t:11.454-v:173.000)-(t:11.474-v:171.000)-(t:11.500-v:170.000)-(t:11.518-v:169.000)-(t:11.536-v:168.000)-(t:11.557-v:166.000)-(t:11.582-v:165.000)-(t:11.605-v:164.000)-(t:11.626-v:159.000)-(t:11.648-v:158.000)-(t:11.674-v:157.000)-(t:11.698-v:156.000)-(t:11.723-v:155.000)-(t:11.750-v:153.000)-(t:11.772-v:152.000)-(t:11.794-v:151.000)-(t:11.817-v:150.000)-(t:11.865-v:149.000)-(t:11.888-v:148.000)-(t:11.911-v:146.000)-(t:11.934-v:144.000)-(t:11.966-v:143.000)-(t:12.008-v:142.000)-(t:12.044-v:141.000)-(t:12.072-v:140.000)-(t:12.101-v:139.000)-(t:12.139-v:138.000)-(t:12.162-v:136.000)-(t:12.182-v:135.000)-(t:12.202-v:134.000)-(t:12.225-v:133.000)-(t:12.252-v:132.000)-(t:12.276-v:131.000)-(t:12.297-v:130.000)-(t:12.320-v:129.000)-(t:12.342-v:128.000)-(t:12.370-v:127.000)-(t:12.394-v:126.000)-(t:12.414-v:123.000)-(t:12.435-v:122.000)-(t:12.494-v:121.000)-(t:12.525-v:120.000)-(t:12.557-v:118.000)-(t:12.589-v:117.000)-(t:12.613-v:116.000)-(t:12.637-v:115.000)-(t:12.660-v:113.000)-(t:12.683-v:112.000)-(t:12.707-v:111.000)-(t:12.731-v:110.000)-(t:12.753-v:108.000)-(t:12.780-v:107.000)-(t:12.809-v:106.000)-(t:12.830-v:104.000)-(t:12.857-v:103.000)-(t:12.881-v:102.000)-(t:12.903-v:101.000)-(t:12.928-v:100.000)-(t:12.954-v:99.000)-(t:12.975-v:98.000)-(t:13.000-v:97.000)-(t:13.033-v:96.000)-(t:13.057-v:95.000)-(t:13.078-v:94.000)-(t:13.104-v:92.000)-(t:13.137-v:91.000)-(t:13.163-v:90.000)-(t:13.218-v:89.000)-(t:13.244-v:88.000)-(t:13.267-v:86.000)-(t:13.288-v:85.000)-(t:13.310-v:84.000)-(t:13.335-v:82.000)-(t:13.360-v:81.000)-(t:13.385-v:80.000)-(t:13.416-v:79.000)-(t:13.442-v:77.000)-(t:13.466-v:75.000)-(t:13.491-v:73.000)-(t:13.522-v:72.000)-(t:13.550-v:71.000)-(t:13.577-v:70.000)-(t:13.602-v:69.000)-(t:13.642-v:68.000)-(t:13.674-v:67.000)-(t:13.702-v:66.000)-(t:13.726-v:65.000)-(t:13.786-v:64.000)-(t:13.818-v:63.000)-(t:13.909-v:62.000)-(t:13.932-v:61.000)-(t:13.991-v:60.000)-(t:14.015-v:59.000)-(t:14.056-v:58.000)-(t:14.110-v:57.000)-(t:14.144-v:56.000)-(t:14.171-v:55.000)-(t:14.201-v:54.000)-(t:14.345-v:53.000)-(t:14.448-v:52.000)-(t:14.478-v:51.000)-(t:14.500-v:50.000)-(t:14.537-v:49.000)-(t:14.651-v:48.000)-(t:14.771-v:46.000)-(t:14.799-v:45.000)-(t:14.819-v:44.000)-(t:14.871-v:43.000)-(t:14.936-v:42.000)-(t:14.961-v:41.000)-(t:15.007-v:40.000)-(t:15.039-v:39.000)-(t:15.152-v:38.000)-(t:15.199-v:37.000)-(t:15.235-v:36.000)-(t:15.266-v:35.000)-(t:15.300-v:34.000)-(t:15.328-v:33.000)-(t:15.347-v:32.000)-(t:15.378-v:31.000)-(t:15.407-v:30.000)-(t:15.479-v:29.000)-(t:15.533-v:28.000)-(t:15.566-v:27.000)-(t:15.602-v:26.000)-(t:15.760-v:25.000)-(t:15.781-v:24.000)-(t:15.813-v:23.000)-(t:15.833-v:22.000)-(t:15.876-v:21.000)-(t:15.905-v:20.000)-(t:15.936-v:19.000)-(t:15.992-v:18.000)-(t:16.026-v:17.000)-(t:16.058-v:16.000)-(t:16.100-v:15.000)-(t:16.399-v:14.000)-(t:16.452-v:13.000)-(t:16.530-v:12.000)-(t:16.574-v:11.000)-(t:16.621-v:10.000)-(t:16.682-v:9.000)-(t:16.734-v:8.000)-(t:16.863-v:7.000)-(t:16.920-v:6.000)-(t:16.953-v:5.000)-(t:17.005-v:4.000)-(t:17.345-v:3.000)-(t:17.405-v:2.000)-(t:17.466-v:1.000)-(t:18.356-v:0.000)],18.356
examples/csp/csp_300/carseq_300_8_20_53.txt,dqn,r1,300,0.0,[(t:9.203-v:344.000)-(t:9.213-v:343.000)-(t:9.230-v:342.000)-(t:9.252-v:341.000)-(t:9.270-v:340.000)-(t:9.286-v:336.000)-(t:9.298-v:334.000)-(t:9.313-v:333.000)-(t:9.327-v:329.000)-(t:9.341-v:328.000)-(t:9.351-v:327.000)-(t:9.360-v:324.000)-(t:9.371-v:322.000)-(t:9.381-v:321.000)-(t:9.390-v:320.000)-(t:9.400-v:319.000)-(t:9.413-v:318.000)-(t:9.425-v:316.000)-(t:9.438-v:315.000)-(t:9.446-v:313.000)-(t:9.458-v:312.000)-(t:9.465-v:311.000)-(t:9.473-v:310.000)-(t:9.483-v:309.000)-(t:9.492-v:307.000)-(t:9.505-v:306.000)-(t:9.515-v:304.000)-(t:9.525-v:303.000)-(t:9.534-v:302.000)-(t:9.541-v:301.000)-(t:9.551-v:300.000)-(t:9.562-v:299.000)-(t:9.573-v:298.000)-(t:9.582-v:297.000)-(t:9.605-v:294.000)-(t:9.615-v:293.000)-(t:9.626-v:291.000)-(t:9.638-v:290.000)-(t:9.649-v:288.000)-(t:9.663-v:286.000)-(t:9.678-v:285.000)-(t:9.692-v:283.000)-(t:9.703-v:282.000)-(t:9.719-v:281.000)-(t:9.731-v:280.000)-(t:9.744-v:279.000)-(t:9.753-v:278.000)-(t:9.767-v:277.000)-(t:9.774-v:276.000)-(t:9.786-v:275.000)-(t:9.797-v:274.000)-(t:9.808-v:272.000)-(t:9.821-v:269.000)-(t:9.830-v:267.000)-(t:9.840-v:265.000)-(t:9.851-v:264.000)-(t:9.861-v:263.000)-(t:9.873-v:262.000)-(t:9.883-v:260.000)-(t:9.893-v:259.000)-(t:9.945-v:256.000)-(t:9.967-v:255.000)-(t:9.988-v:254.000)-(t:10.011-v:253.000)-(t:10.031-v:252.000)-(t:10.058-v:251.000)-(t:10.084-v:250.000)-(t:10.106-v:249.000)-(t:10.125-v:248.000)-(t:10.145-v:247.000)-(t:10.168-v:246.000)-(t:10.191-v:245.000)-(t:10.209-v:242.000)-(t:10.230-v:241.000)-(t:10.247-v:240.000)-(t:10.267-v:238.000)-(t:10.287-v:237.000)-(t:10.305-v:236.000)-(t:10.328-v:234.000)-(t:10.354-v:232.000)-(t:10.379-v:231.000)-(t:10.396-v:230.000)-(t:10.415-v:229.000)-(t:10.432-v:228.000)-(t:10.448-v:227.000)-(t:10.469-v:225.000)-(t:10.489-v:224.000)-(t:10.507-v:223.000)-(t:10.525-v:222.000)-(t:10.541-v:220.000)-(t:10.557-v:219.000)-(t:10.574-v:218.000)-(t:10.593-v:217.000)-(t:10.612-v:216.000)-(t:10.632-v:215.000)-(t:10.671-v:214.000)-(t:10.690-v:212.000)-(t:10.711-v:211.000)-(t:10.730-v:209.000)-(t:10.751-v:208.000)-(t:10.776-v:207.000)-(t:10.803-v:205.000)-(t:10.822-v:204.000)-(t:10.846-v:203.000)-(t:10.871-v:202.000)-(t:10.892-v:200.000)-(t:10.913-v:199.000)-(t:10.936-v:196.000)-(t:10.956-v:195.000)-(t:10.977-v:194.000)-(t:10.998-v:193.000)-(t:11.017-v:192.000)-(t:11.044-v:191.000)-(t:11.063-v:189.000)-(t:11.083-v:188.000)-(t:11.104-v:187.000)-(t:11.127-v:186.000)-(t:11.145-v:185.000)-(t:11.164-v:183.000)-(t:11.184-v:181.000)-(t:11.204-v:180.000)-(t:11.224-v:179.000)-(t:11.245-v:178.000)-(t:11.272-v:177.000)-(t:11.294-v:176.000)-(t:11.317-v:175.000)-(t:11.337-v:174.000)-(t:11.356-v:173.000)-(t:11.377-v:172.000)-(t:11.394-v:171.000)-(t:11.412-v:169.000)-(t:11.432-v:167.000)-(t:11.450-v:165.000)-(t:11.468-v:164.000)-(t:11.486-v:162.000)-(t:11.507-v:161.000)-(t:11.527-v:160.000)-(t:11.549-v:159.000)-(t:11.567-v:158.000)-(t:11.588-v:156.000)-(t:11.605-v:153.000)-(t:11.625-v:151.000)-(t:11.647-v:150.000)-(t:11.668-v:148.000)-(t:11.689-v:147.000)-(t:11.712-v:146.000)-(t:11.732-v:145.000)-(t:11.754-v:144.000)-(t:11.773-v:142.000)-(t:11.794-v:141.000)-(t:11.813-v:140.000)-(t:11.832-v:139.000)-(t:11.848-v:137.000)-(t:11.871-v:136.000)-(t:11.891-v:135.000)-(t:11.911-v:134.000)-(t:11.932-v:133.000)-(t:11.950-v:132.000)-(t:11.971-v:131.000)-(t:11.991-v:130.000)-(t:12.010-v:129.000)-(t:12.030-v:128.000)-(t:12.055-v:127.000)-(t:12.071-v:126.000)-(t:12.092-v:125.000)-(t:12.111-v:124.000)-(t:12.128-v:123.000)-(t:12.149-v:121.000)-(t:12.165-v:120.000)-(t:12.183-v:119.000)-(t:12.205-v:118.000)-(t:12.228-v:117.000)-(t:12.275-v:116.000)-(t:12.293-v:115.000)-(t:12.312-v:114.000)-(t:12.330-v:113.000)-(t:12.347-v:112.000)-(t:12.367-v:111.000)-(t:12.390-v:109.000)-(t:12.435-v:108.000)-(t:12.453-v:107.000)-(t:12.472-v:104.000)-(t:12.495-v:103.000)-(t:12.521-v:102.000)-(t:12.545-v:101.000)-(t:12.568-v:100.000)-(t:12.618-v:99.000)-(t:12.638-v:98.000)-(t:12.658-v:96.000)-(t:12.677-v:95.000)-(t:12.719-v:94.000)-(t:12.745-v:93.000)-(t:12.766-v:92.000)-(t:12.783-v:91.000)-(t:12.805-v:89.000)-(t:12.827-v:88.000)-(t:12.849-v:87.000)-(t:12.866-v:86.000)-(t:12.889-v:85.000)-(t:12.907-v:84.000)-(t:12.929-v:83.000)-(t:12.950-v:82.000)-(t:12.969-v:81.000)-(t:13.010-v:80.000)-(t:13.033-v:79.000)-(t:13.054-v:78.000)-(t:13.073-v:77.000)-(t:13.092-v:76.000)-(t:13.156-v:75.000)-(t:13.257-v:74.000)-(t:13.278-v:73.000)-(t:13.370-v:72.000)-(t:13.390-v:71.000)-(t:13.417-v:69.000)-(t:13.453-v:68.000)-(t:13.484-v:67.000)-(t:13.501-v:66.000)-(t:13.580-v:65.000)-(t:13.611-v:64.000)-(t:13.633-v:63.000)-(t:13.656-v:62.000)-(t:13.677-v:61.000)-(t:13.725-v:60.000)-(t:13.814-v:59.000)-(t:13.848-v:58.000)-(t:13.884-v:57.000)-(t:13.923-v:56.000)-(t:13.943-v:55.000)-(t:14.066-v:54.000)-(t:14.112-v:53.000)-(t:14.134-v:52.000)-(t:14.313-v:51.000)-(t:14.357-v:50.000)-(t:14.381-v:49.000)-(t:14.400-v:48.000)-(t:14.421-v:47.000)-(t:14.459-v:45.000)-(t:14.503-v:44.000)-(t:14.524-v:43.000)-(t:14.546-v:42.000)-(t:14.566-v:41.000)-(t:14.587-v:40.000)-(t:14.624-v:39.000)-(t:14.649-v:38.000)-(t:14.778-v:37.000)-(t:14.868-v:36.000)-(t:14.943-v:35.000)-(t:14.987-v:34.000)-(t:15.051-v:33.000)-(t:15.249-v:32.000)-(t:15.500-v:31.000)-(t:15.538-v:30.000)-(t:15.690-v:29.000)-(t:15.721-v:28.000)-(t:16.142-v:27.000)-(t:16.167-v:26.000)-(t:16.207-v:25.000)-(t:16.249-v:24.000)-(t:16.274-v:23.000)-(t:16.318-v:22.000)-(t:16.357-v:21.000)-(t:16.401-v:20.000)-(t:16.431-v:19.000)-(t:16.491-v:18.000)-(t:16.514-v:17.000)-(t:16.557-v:16.000)-(t:16.657-v:15.000)-(t:16.687-v:14.000)-(t:16.749-v:13.000)-(t:16.867-v:12.000)-(t:16.902-v:11.000)-(t:16.935-v:10.000)-(t:16.970-v:9.000)-(t:17.053-v:8.000)-(t:17.155-v:7.000)-(t:18.407-v:6.000)-(t:18.462-v:5.000)-(t:18.550-v:4.000)-(t:18.781-v:3.000)-(t:18.944-v:2.000)-(t:23.023-v:1.000)-(t:24.946-v:0.000)],24.946
examples/csp/csp_200/pb_200_06.txt,dqn,r1,300,6.0,[(t:4.658-v:278.000)-(t:4.668-v:276.000)-(t:4.680-v:275.000)-(t:4.695-v:273.000)-(t:4.709-v:272.000)-(t:4.719-v:270.000)-(t:4.726-v:268.000)-(t:4.735-v:266.000)-(t:4.742-v:263.000)-(t:4.753-v:262.000)-(t:4.761-v:257.000)-(t:4.769-v:254.000)-(t:4.778-v:253.000)-(t:4.788-v:250.000)-(t:4.796-v:248.000)-(t:4.802-v:246.000)-(t:4.809-v:245.000)-(t:4.818-v:241.000)-(t:4.824-v:239.000)-(t:4.830-v:237.000)-(t:4.837-v:236.000)-(t:4.845-v:234.000)-(t:4.852-v:233.000)-(t:4.859-v:228.000)-(t:4.868-v:225.000)-(t:4.875-v:224.000)-(t:4.884-v:223.000)-(t:4.895-v:221.000)-(t:4.901-v:220.000)-(t:4.909-v:219.000)-(t:4.914-v:218.000)-(t:4.921-v:217.000)-(t:4.928-v:215.000)-(t:4.936-v:210.000)-(t:4.945-v:209.000)-(t:4.953-v:203.000)-(t:4.962-v:200.000)-(t:4.970-v:199.000)-(t:4.978-v:198.000)-(t:4.984-v:195.000)-(t:4.991-v:194.000)-(t:4.998-v:193.000)-(t:5.006-v:192.000)-(t:5.017-v:191.000)-(t:5.031-v:187.000)-(t:5.041-v:185.000)-(t:5.049-v:184.000)-(t:5.056-v:180.000)-(t:5.063-v:178.000)-(t:5.072-v:177.000)-(t:5.080-v:175.000)-(t:5.088-v:174.000)-(t:5.096-v:172.000)-(t:5.103-v:171.000)-(t:5.109-v:169.000)-(t:5.144-v:167.000)-(t:5.176-v:166.000)-(t:5.196-v:165.000)-(t:5.224-v:164.000)-(t:5.232-v:162.000)-(t:5.266-v:161.000)-(t:5.283-v:159.000)-(t:5.303-v:157.000)-(t:5.322-v:154.000)-(t:5.341-v:152.000)-(t:5.358-v:149.000)-(t:5.377-v:147.000)-(t:5.397-v:146.000)-(t:5.417-v:145.000)-(t:5.436-v:144.000)-(t:5.457-v:142.000)-(t:5.477-v:141.000)-(t:5.496-v:139.000)-(t:5.521-v:138.000)-(t:5.537-v:136.000)-(t:5.558-v:135.000)-(t:5.575-v:132.000)-(t:5.590-v:131.000)-(t:5.606-v:129.000)-(t:5.620-v:128.000)-(t:5.637-v:127.000)-(t:5.657-v:126.000)-(t:5.673-v:125.000)-(t:5.689-v:124.000)-(t:5.714-v:123.000)-(t:5.734-v:122.000)-(t:5.764-v:121.000)-(t:5.780-v:120.000)-(t:5.798-v:117.000)-(t:5.812-v:115.000)-(t:5.827-v:114.000)-(t:5.841-v:113.000)-(t:5.860-v:112.000)-(t:5.878-v:110.000)-(t:5.895-v:109.000)-(t:5.914-v:108.000)-(t:5.929-v:107.000)-(t:5.945-v:104.000)-(t:5.967-v:103.000)-(t:5.981-v:102.000)-(t:6.009-v:101.000)-(t:6.045-v:100.000)-(t:6.066-v:99.000)-(t:6.091-v:98.000)-(t:6.114-v:97.000)-(t:6.136-v:96.000)-(t:6.154-v:95.000)-(t:6.174-v:94.000)-(t:6.199-v:93.000)-(t:6.226-v:92.000)-(t:6.246-v:91.000)-(t:6.268-v:90.000)-(t:6.284-v:89.000)-(t:6.307-v:86.000)-(t:6.328-v:85.000)-(t:6.349-v:84.000)-(t:6.382-v:82.000)-(t:6.403-v:80.000)-(t:6.423-v:79.000)-(t:6.444-v:78.000)-(t:6.468-v:77.000)-(t:6.490-v:76.000)-(t:6.513-v:74.000)-(t:6.613-v:73.000)-(t:6.629-v:71.000)-(t:6.661-v:70.000)-(t:6.679-v:69.000)-(t:6.699-v:68.000)-(t:6.718-v:67.000)-(t:6.740-v:66.000)-(t:6.758-v:65.000)-(t:6.780-v:64.000)-(t:6.795-v:63.000)-(t:6.811-v:62.000)-(t:6.834-v:61.000)-(t:6.849-v:59.000)-(t:6.870-v:57.000)-(t:6.889-v:56.000)-(t:6.909-v:55.000)-(t:6.937-v:54.000)-(t:6.957-v:53.000)-(t:6.979-v:52.000)-(t:7.000-v:51.000)-(t:7.025-v:50.000)-(t:7.047-v:49.000)-(t:7.077-v:48.000)-(t:7.101-v:47.000)-(t:7.123-v:46.000)-(t:7.186-v:45.000)-(t:7.206-v:44.000)-(t:7.231-v:43.000)-(t:7.249-v:42.000)-(t:7.268-v:41.000)-(t:7.292-v:39.000)-(t:7.308-v:37.000)-(t:7.327-v:36.000)-(t:7.425-v:35.000)-(t:7.439-v:34.000)-(t:7.460-v:33.000)-(t:7.484-v:32.000)-(t:7.510-v:31.000)-(t:7.532-v:30.000)-(t:7.572-v:29.000)-(t:7.602-v:28.000)-(t:7.625-v:27.000)-(t:7.648-v:26.000)-(t:7.672-v:25.000)-(t:7.701-v:24.000)-(t:7.721-v:23.000)-(t:7.752-v:22.000)-(t:7.782-v:21.000)-(t:7.824-v:20.000)-(t:7.884-v:19.000)-(t:7.917-v:18.000)-(t:8.000-v:17.000)-(t:8.043-v:16.000)-(t:8.160-v:15.000)-(t:8.274-v:14.000)-(t:9.899-v:13.000)-(t:11.161-v:12.000)-(t:11.225-v:11.000)-(t:11.249-v:10.000)-(t:14.195-v:9.000)-(t:19.508-v:8.000)-(t:20.049-v:7.000)-(t:20.108-v:6.000)],300.0
examples/csp/csp_300/carseq_300_8_20_62.txt,dqn,r1,300,0.0,[(t:9.389-v:352.000)-(t:9.411-v:350.000)-(t:9.435-v:349.000)-(t:9.482-v:347.000)-(t:9.504-v:345.000)-(t:9.523-v:342.000)-(t:9.534-v:338.000)-(t:9.548-v:335.000)-(t:9.560-v:334.000)-(t:9.572-v:333.000)-(t:9.582-v:332.000)-(t:9.593-v:331.000)-(t:9.603-v:328.000)-(t:9.616-v:327.000)-(t:9.634-v:326.000)-(t:9.645-v:321.000)-(t:9.656-v:319.000)-(t:9.670-v:313.000)-(t:9.684-v:312.000)-(t:9.694-v:311.000)-(t:9.704-v:310.000)-(t:9.713-v:309.000)-(t:9.724-v:308.000)-(t:9.736-v:305.000)-(t:9.751-v:304.000)-(t:9.760-v:302.000)-(t:9.768-v:300.000)-(t:9.776-v:298.000)-(t:9.787-v:297.000)-(t:9.797-v:296.000)-(t:9.809-v:295.000)-(t:9.820-v:294.000)-(t:9.827-v:291.000)-(t:9.836-v:289.000)-(t:9.844-v:288.000)-(t:9.851-v:279.000)-(t:9.863-v:277.000)-(t:9.870-v:276.000)-(t:9.879-v:275.000)-(t:9.887-v:274.000)-(t:9.899-v:273.000)-(t:9.906-v:272.000)-(t:9.915-v:270.000)-(t:9.928-v:269.000)-(t:9.938-v:264.000)-(t:9.948-v:263.000)-(t:9.960-v:262.000)-(t:9.970-v:261.000)-(t:9.980-v:260.000)-(t:10.016-v:259.000)-(t:10.024-v:258.000)-(t:10.033-v:256.000)-(t:10.040-v:253.000)-(t:10.047-v:252.000)-(t:10.055-v:251.000)-(t:10.073-v:249.000)-(t:10.082-v:248.000)-(t:10.092-v:247.000)-(t:10.102-v:246.000)-(t:10.160-v:245.000)-(t:10.182-v:242.000)-(t:10.203-v:240.000)-(t:10.225-v:239.000)-(t:10.246-v:238.000)-(t:10.269-v:235.000)-(t:10.290-v:234.000)-(t:10.310-v:232.000)-(t:10.333-v:231.000)-(t:10.354-v:230.000)-(t:10.378-v:229.000)-(t:10.399-v:227.000)-(t:10.417-v:225.000)-(t:10.437-v:224.000)-(t:10.454-v:223.000)-(t:10.479-v:220.000)-(t:10.500-v:219.000)-(t:10.523-v:218.000)-(t:10.543-v:217.000)-(t:10.562-v:215.000)-(t:10.584-v:214.000)-(t:10.605-v:213.000)-(t:10.643-v:212.000)-(t:10.664-v:211.000)-(t:10.683-v:209.000)-(t:10.705-v:208.000)-(t:10.724-v:207.000)-(t:10.742-v:206.000)-(t:10.764-v:203.000)-(t:10.797-v:202.000)-(t:10.818-v:198.000)-(t:10.847-v:197.000)-(t:10.870-v:196.000)-(t:10.891-v:195.000)-(t:10.918-v:194.000)-(t:10.945-v:192.000)-(t:10.965-v:191.000)-(t:10.986-v:189.000)-(t:11.011-v:188.000)-(t:11.036-v:187.000)-(t:11.059-v:186.000)-(t:11.080-v:185.000)-(t:11.097-v:184.000)-(t:11.117-v:183.000)-(t:11.141-v:182.000)-(t:11.163-v:181.000)-(t:11.187-v:179.000)-(t:11.210-v:177.000)-(t:11.235-v:176.000)-(t:11.259-v:175.000)-(t:11.280-v:174.000)-(t:11.301-v:173.000)-(t:11.324-v:172.000)-(t:11.346-v:171.000)-(t:11.365-v:170.000)-(t:11.386-v:169.000)-(t:11.405-v:168.000)-(t:11.425-v:165.000)-(t:11.444-v:164.000)-(t:11.462-v:162.000)-(t:11.481-v:161.000)-(t:11.501-v:160.000)-(t:11.539-v:159.000)-(t:11.558-v:157.000)-(t:11.577-v:156.000)-(t:11.624-v:155.000)-(t:11.642-v:154.000)-(t:11.662-v:153.000)-(t:11.679-v:151.000)-(t:11.697-v:148.000)-(t:11.723-v:147.000)-(t:11.742-v:146.000)-(t:11.760-v:144.000)-(t:11.781-v:141.000)-(t:11.802-v:140.000)-(t:11.827-v:138.000)-(t:11.873-v:137.000)-(t:11.896-v:136.000)-(t:11.914-v:134.000)-(t:11.964-v:133.000)-(t:11.996-v:132.000)-(t:12.021-v:131.000)-(t:12.046-v:130.000)-(t:12.090-v:129.000)-(t:12.115-v:128.000)-(t:12.135-v:127.000)-(t:12.156-v:126.000)-(t:12.180-v:125.000)-(t:12.202-v:122.000)-(t:12.230-v:121.000)-(t:12.251-v:120.000)-(t:12.269-v:119.000)-(t:12.292-v:118.000)-(t:12.311-v:116.000)-(t:12.337-v:115.000)-(t:12.360-v:113.000)-(t:12.381-v:111.000)-(t:12.406-v:110.000)-(t:12.432-v:109.000)-(t:12.454-v:108.000)-(t:12.476-v:107.000)-(t:12.500-v:106.000)-(t:12.523-v:104.000)-(t:12.548-v:103.000)-(t:12.570-v:102.000)-(t:12.592-v:99.000)-(t:12.618-v:98.000)-(t:12.644-v:97.000)-(t:12.669-v:95.000)-(t:12.691-v:94.000)-(t:12.711-v:93.000)-(t:12.741-v:92.000)-(t:12.759-v:91.000)-(t:12.780-v:90.000)-(t:12.806-v:88.000)-(t:12.897-v:87.000)-(t:12.918-v:86.000)-(t:12.940-v:85.000)-(t:13.019-v:84.000)-(t:13.038-v:83.000)-(t:13.057-v:82.000)-(t:13.077-v:80.000)-(t:13.098-v:79.000)-(t:13.121-v:78.000)-(t:13.148-v:77.000)-(t:13.166-v:76.000)-(t:13.198-v:75.000)-(t:13.228-v:74.000)-(t:13.249-v:73.000)-(t:13.323-v:72.000)-(t:13.386-v:71.000)-(t:13.407-v:70.000)-(t:13.471-v:69.000)-(t:13.493-v:68.000)-(t:13.517-v:67.000)-(t:13.537-v:65.000)-(t:13.555-v:64.000)-(t:13.574-v:63.000)-(t:13.630-v:62.000)-(t:13.662-v:61.000)-(t:13.685-v:60.000)-(t:13.710-v:59.000)-(t:13.733-v:57.000)-(t:13.756-v:56.000)-(t:13.786-v:55.000)-(t:13.826-v:53.000)-(t:13.846-v:52.000)-(t:13.869-v:51.000)-(t:13.923-v:50.000)-(t:13.951-v:49.000)-(t:13.976-v:48.000)-(t:14.005-v:47.000)-(t:14.031-v:46.000)-(t:14.098-v:45.000)-(t:14.123-v:44.000)-(t:14.152-v:43.000)-(t:14.273-v:42.000)-(t:14.294-v:41.000)-(t:14.312-v:40.000)-(t:14.361-v:39.000)-(t:14.483-v:38.000)-(t:14.595-v:37.000)-(t:14.973-v:36.000)-(t:15.011-v:35.000)-(t:15.044-v:34.000)-(t:15.433-v:33.000)-(t:15.465-v:32.000)-(t:15.509-v:31.000)-(t:15.616-v:30.000)-(t:15.640-v:29.000)-(t:15.678-v:28.000)-(t:15.713-v:27.000)-(t:15.750-v:26.000)-(t:15.859-v:25.000)-(t:15.889-v:24.000)-(t:15.917-v:23.000)-(t:15.941-v:22.000)-(t:15.981-v:21.000)-(t:16.247-v:20.000)-(t:16.432-v:19.000)-(t:16.472-v:18.000)-(t:16.544-v:17.000)-(t:16.618-v:16.000)-(t:16.725-v:15.000)-(t:16.758-v:14.000)-(t:16.825-v:13.000)-(t:16.876-v:12.000)-(t:16.950-v:11.000)-(t:17.116-v:10.000)-(t:17.876-v:9.000)-(t:17.921-v:8.000)-(t:17.948-v:7.000)-(t:17.999-v:6.000)-(t:18.151-v:5.000)-(t:21.559-v:4.000)-(t:21.638-v:3.000)-(t:21.779-v:2.000)-(t:24.296-v:1.000)-(t:30.703-v:0.000)],30.703
examples/csp/csp_300/carseq_300_8_20_47.txt,dqn,r1,300,0.0,[(t:9.263-v:363.000)-(t:9.278-v:361.000)-(t:9.289-v:356.000)-(t:9.313-v:354.000)-(t:9.329-v:352.000)-(t:9.345-v:349.000)-(t:9.358-v:348.000)-(t:9.372-v:345.000)-(t:9.384-v:343.000)-(t:9.398-v:342.000)-(t:9.412-v:340.000)-(t:9.423-v:338.000)-(t:9.434-v:337.000)-(t:9.444-v:334.000)-(t:9.454-v:333.000)-(t:9.466-v:331.000)-(t:9.478-v:328.000)-(t:9.492-v:327.000)-(t:9.502-v:325.000)-(t:9.512-v:324.000)-(t:9.522-v:323.000)-(t:9.540-v:322.000)-(t:9.552-v:321.000)-(t:9.565-v:320.000)-(t:9.573-v:319.000)-(t:9.581-v:317.000)-(t:9.589-v:315.000)-(t:9.600-v:313.000)-(t:9.609-v:312.000)-(t:9.618-v:310.000)-(t:9.632-v:308.000)-(t:9.645-v:307.000)-(t:9.676-v:306.000)-(t:9.687-v:303.000)-(t:9.697-v:302.000)-(t:9.712-v:300.000)-(t:9.724-v:297.000)-(t:9.735-v:296.000)-(t:9.743-v:294.000)-(t:9.757-v:290.000)-(t:9.803-v:289.000)-(t:9.813-v:288.000)-(t:9.821-v:287.000)-(t:9.836-v:286.000)-(t:9.847-v:284.000)-(t:9.858-v:281.000)-(t:9.870-v:280.000)-(t:9.880-v:279.000)-(t:9.901-v:278.000)-(t:9.915-v:277.000)-(t:9.929-v:276.000)-(t:9.948-v:275.000)-(t:9.959-v:273.000)-(t:9.970-v:272.000)-(t:9.980-v:270.000)-(t:9.992-v:268.000)-(t:10.007-v:267.000)-(t:10.019-v:266.000)-(t:10.030-v:265.000)-(t:10.042-v:263.000)-(t:10.104-v:262.000)-(t:10.127-v:261.000)-(t:10.147-v:260.000)-(t:10.173-v:259.000)-(t:10.197-v:258.000)-(t:10.218-v:255.000)-(t:10.239-v:251.000)-(t:10.259-v:250.000)-(t:10.280-v:249.000)-(t:10.304-v:248.000)-(t:10.331-v:247.000)-(t:10.358-v:246.000)-(t:10.382-v:245.000)-(t:10.409-v:243.000)-(t:10.430-v:242.000)-(t:10.452-v:241.000)-(t:10.474-v:240.000)-(t:10.496-v:239.000)-(t:10.517-v:238.000)-(t:10.538-v:237.000)-(t:10.559-v:236.000)-(t:10.578-v:235.000)-(t:10.603-v:234.000)-(t:10.625-v:233.000)-(t:10.645-v:232.000)-(t:10.665-v:231.000)-(t:10.688-v:230.000)-(t:10.710-v:228.000)-(t:10.731-v:227.000)-(t:10.754-v:226.000)-(t:10.775-v:225.000)-(t:10.795-v:223.000)-(t:10.815-v:222.000)-(t:10.838-v:221.000)-(t:10.858-v:218.000)-(t:10.880-v:217.000)-(t:10.901-v:215.000)-(t:10.924-v:214.000)-(t:10.944-v:213.000)-(t:10.964-v:212.000)-(t:10.988-v:211.000)-(t:11.016-v:210.000)-(t:11.034-v:209.000)-(t:11.052-v:208.000)-(t:11.077-v:207.000)-(t:11.102-v:206.000)-(t:11.126-v:205.000)-(t:11.151-v:204.000)-(t:11.173-v:203.000)-(t:11.197-v:202.000)-(t:11.223-v:201.000)-(t:11.248-v:199.000)-(t:11.270-v:198.000)-(t:11.292-v:197.000)-(t:11.312-v:196.000)-(t:11.336-v:195.000)-(t:11.360-v:194.000)-(t:11.383-v:193.000)-(t:11.406-v:192.000)-(t:11.426-v:191.000)-(t:11.450-v:189.000)-(t:11.468-v:188.000)-(t:11.490-v:187.000)-(t:11.515-v:186.000)-(t:11.539-v:184.000)-(t:11.563-v:182.000)-(t:11.584-v:181.000)-(t:11.607-v:180.000)-(t:11.626-v:179.000)-(t:11.648-v:178.000)-(t:11.670-v:176.000)-(t:11.694-v:175.000)-(t:11.716-v:174.000)-(t:11.735-v:173.000)-(t:11.779-v:172.000)-(t:11.804-v:171.000)-(t:11.824-v:169.000)-(t:11.847-v:168.000)-(t:11.866-v:167.000)-(t:11.883-v:166.000)-(t:11.907-v:165.000)-(t:11.928-v:164.000)-(t:11.951-v:163.000)-(t:11.974-v:162.000)-(t:11.994-v:161.000)-(t:12.012-v:160.000)-(t:12.035-v:159.000)-(t:12.057-v:158.000)-(t:12.080-v:157.000)-(t:12.103-v:156.000)-(t:12.124-v:155.000)-(t:12.143-v:154.000)-(t:12.161-v:153.000)-(t:12.184-v:152.000)-(t:12.202-v:151.000)-(t:12.227-v:149.000)-(t:12.245-v:147.000)-(t:12.270-v:146.000)-(t:12.296-v:145.000)-(t:12.318-v:144.000)-(t:12.340-v:143.000)-(t:12.363-v:142.000)-(t:12.394-v:141.000)-(t:12.418-v:139.000)-(t:12.437-v:138.000)-(t:12.469-v:137.000)-(t:12.502-v:136.000)-(t:12.548-v:135.000)-(t:12.566-v:134.000)-(t:12.591-v:132.000)-(t:12.611-v:131.000)-(t:12.632-v:130.000)-(t:12.664-v:129.000)-(t:12.685-v:127.000)-(t:12.706-v:126.000)-(t:12.730-v:124.000)-(t:12.751-v:123.000)-(t:12.768-v:122.000)-(t:12.847-v:121.000)-(t:12.868-v:120.000)-(t:12.950-v:119.000)-(t:12.972-v:118.000)-(t:12.995-v:117.000)-(t:13.019-v:116.000)-(t:13.041-v:115.000)-(t:13.062-v:114.000)-(t:13.087-v:113.000)-(t:13.109-v:112.000)-(t:13.134-v:111.000)-(t:13.169-v:110.000)-(t:13.192-v:109.000)-(t:13.216-v:108.000)-(t:13.240-v:107.000)-(t:13.264-v:106.000)-(t:13.287-v:105.000)-(t:13.308-v:104.000)-(t:13.426-v:103.000)-(t:13.449-v:102.000)-(t:13.471-v:100.000)-(t:13.497-v:99.000)-(t:13.520-v:98.000)-(t:13.550-v:97.000)-(t:13.603-v:96.000)-(t:13.626-v:95.000)-(t:13.650-v:94.000)-(t:13.671-v:93.000)-(t:13.690-v:92.000)-(t:13.713-v:91.000)-(t:13.737-v:90.000)-(t:13.763-v:89.000)-(t:13.781-v:88.000)-(t:13.803-v:87.000)-(t:13.825-v:86.000)-(t:13.848-v:85.000)-(t:13.872-v:84.000)-(t:13.907-v:83.000)-(t:13.927-v:81.000)-(t:13.949-v:79.000)-(t:13.978-v:78.000)-(t:14.004-v:77.000)-(t:14.025-v:76.000)-(t:14.050-v:75.000)-(t:14.118-v:74.000)-(t:14.153-v:73.000)-(t:14.280-v:72.000)-(t:14.304-v:71.000)-(t:14.621-v:70.000)-(t:14.649-v:69.000)-(t:14.669-v:68.000)-(t:14.711-v:67.000)-(t:14.743-v:66.000)-(t:14.774-v:65.000)-(t:14.810-v:64.000)-(t:14.834-v:63.000)-(t:14.861-v:62.000)-(t:15.059-v:61.000)-(t:15.090-v:60.000)-(t:15.112-v:59.000)-(t:15.150-v:58.000)-(t:15.175-v:56.000)-(t:15.200-v:55.000)-(t:15.282-v:54.000)-(t:15.310-v:53.000)-(t:15.342-v:52.000)-(t:15.390-v:51.000)-(t:15.420-v:50.000)-(t:15.466-v:49.000)-(t:15.489-v:48.000)-(t:15.807-v:47.000)-(t:15.909-v:46.000)-(t:15.928-v:45.000)-(t:15.946-v:44.000)-(t:16.096-v:43.000)-(t:16.160-v:42.000)-(t:16.184-v:41.000)-(t:16.205-v:40.000)-(t:16.240-v:39.000)-(t:16.625-v:38.000)-(t:16.647-v:36.000)-(t:17.006-v:35.000)-(t:17.031-v:34.000)-(t:17.186-v:33.000)-(t:17.210-v:32.000)-(t:17.236-v:31.000)-(t:17.256-v:30.000)-(t:17.285-v:29.000)-(t:17.324-v:28.000)-(t:17.351-v:26.000)-(t:17.369-v:25.000)-(t:17.396-v:24.000)-(t:17.430-v:23.000)-(t:17.458-v:22.000)-(t:17.517-v:21.000)-(t:17.546-v:20.000)-(t:17.612-v:19.000)-(t:17.641-v:18.000)-(t:17.705-v:17.000)-(t:17.777-v:16.000)-(t:17.839-v:15.000)-(t:17.863-v:14.000)-(t:17.942-v:13.000)-(t:18.035-v:12.000)-(t:18.197-v:11.000)-(t:18.265-v:10.000)-(t:18.456-v:9.000)-(t:18.525-v:8.000)-(t:18.624-v:7.000)-(t:23.224-v:6.000)-(t:23.264-v:5.000)-(t:23.418-v:4.000)-(t:23.521-v:3.000)-(t:23.810-v:2.000)-(t:28.819-v:1.000)-(t:33.732-v:0.000)],33.732
examples/csp/csp_200/pb_200_08.txt,dqn,r1,300,8.0,[(t:4.533-v:238.000)-(t:4.546-v:236.000)-(t:4.557-v:231.000)-(t:4.579-v:228.000)-(t:4.595-v:226.000)-(t:4.609-v:225.000)-(t:4.620-v:224.000)-(t:4.630-v:220.000)-(t:4.637-v:219.000)-(t:4.646-v:218.000)-(t:4.653-v:215.000)-(t:4.661-v:211.000)-(t:4.668-v:209.000)-(t:4.676-v:207.000)-(t:4.687-v:206.000)-(t:4.694-v:205.000)-(t:4.702-v:204.000)-(t:4.715-v:203.000)-(t:4.725-v:201.000)-(t:4.734-v:198.000)-(t:4.749-v:197.000)-(t:4.759-v:196.000)-(t:4.771-v:195.000)-(t:4.782-v:193.000)-(t:4.793-v:192.000)-(t:4.804-v:191.000)-(t:4.815-v:190.000)-(t:4.822-v:189.000)-(t:4.830-v:185.000)-(t:4.837-v:184.000)-(t:4.849-v:183.000)-(t:4.863-v:182.000)-(t:4.872-v:180.000)-(t:4.881-v:179.000)-(t:4.887-v:178.000)-(t:4.895-v:175.000)-(t:4.902-v:174.000)-(t:4.911-v:169.000)-(t:4.919-v:168.000)-(t:4.925-v:166.000)-(t:4.938-v:165.000)-(t:4.947-v:163.000)-(t:4.955-v:162.000)-(t:4.962-v:161.000)-(t:4.971-v:160.000)-(t:4.980-v:159.000)-(t:4.987-v:157.000)-(t:4.993-v:156.000)-(t:4.998-v:155.000)-(t:5.004-v:153.000)-(t:5.011-v:151.000)-(t:5.016-v:149.000)-(t:5.021-v:148.000)-(t:5.026-v:147.000)-(t:5.032-v:146.000)-(t:5.042-v:145.000)-(t:5.048-v:143.000)-(t:5.054-v:142.000)-(t:5.059-v:141.000)-(t:5.067-v:140.000)-(t:5.103-v:138.000)-(t:5.123-v:136.000)-(t:5.138-v:135.000)-(t:5.154-v:132.000)-(t:5.172-v:131.000)-(t:5.189-v:129.000)-(t:5.203-v:127.000)-(t:5.215-v:126.000)-(t:5.229-v:125.000)-(t:5.247-v:124.000)-(t:5.262-v:123.000)-(t:5.285-v:122.000)-(t:5.302-v:121.000)-(t:5.316-v:120.000)-(t:5.334-v:119.000)-(t:5.349-v:116.000)-(t:5.369-v:115.000)-(t:5.389-v:114.000)-(t:5.421-v:113.000)-(t:5.437-v:111.000)-(t:5.455-v:110.000)-(t:5.473-v:109.000)-(t:5.489-v:108.000)-(t:5.506-v:105.000)-(t:5.533-v:104.000)-(t:5.559-v:103.000)-(t:5.577-v:102.000)-(t:5.594-v:101.000)-(t:5.615-v:98.000)-(t:5.633-v:97.000)-(t:5.649-v:96.000)-(t:5.666-v:94.000)-(t:5.685-v:92.000)-(t:5.707-v:91.000)-(t:5.731-v:90.000)-(t:5.751-v:88.000)-(t:5.772-v:87.000)-(t:5.791-v:86.000)-(t:5.805-v:85.000)-(t:5.825-v:83.000)-(t:5.839-v:82.000)-(t:5.855-v:81.000)-(t:5.871-v:79.000)-(t:5.889-v:78.000)-(t:5.926-v:77.000)-(t:5.944-v:76.000)-(t:5.960-v:74.000)-(t:5.974-v:73.000)-(t:5.988-v:72.000)-(t:6.003-v:71.000)-(t:6.021-v:70.000)-(t:6.037-v:68.000)-(t:6.054-v:67.000)-(t:6.068-v:66.000)-(t:6.083-v:64.000)-(t:6.100-v:63.000)-(t:6.114-v:62.000)-(t:6.154-v:61.000)-(t:6.170-v:60.000)-(t:6.194-v:59.000)-(t:6.214-v:58.000)-(t:6.231-v:56.000)-(t:6.252-v:55.000)-(t:6.270-v:54.000)-(t:6.293-v:53.000)-(t:6.323-v:52.000)-(t:6.339-v:51.000)-(t:6.357-v:49.000)-(t:6.376-v:48.000)-(t:6.395-v:47.000)-(t:6.412-v:46.000)-(t:6.476-v:45.000)-(t:6.506-v:44.000)-(t:6.600-v:43.000)-(t:6.622-v:42.000)-(t:6.642-v:41.000)-(t:6.666-v:40.000)-(t:6.697-v:39.000)-(t:6.728-v:38.000)-(t:6.789-v:37.000)-(t:6.807-v:36.000)-(t:6.822-v:35.000)-(t:6.841-v:34.000)-(t:6.859-v:33.000)-(t:6.966-v:32.000)-(t:6.984-v:31.000)-(t:7.015-v:30.000)-(t:7.038-v:29.000)-(t:7.060-v:28.000)-(t:7.080-v:27.000)-(t:7.097-v:26.000)-(t:7.127-v:25.000)-(t:7.164-v:24.000)-(t:7.182-v:23.000)-(t:7.232-v:22.000)-(t:7.256-v:21.000)-(t:7.490-v:20.000)-(t:7.522-v:19.000)-(t:7.561-v:18.000)-(t:7.631-v:17.000)-(t:7.698-v:16.000)-(t:9.590-v:15.000)-(t:9.649-v:14.000)-(t:9.696-v:13.000)-(t:11.412-v:12.000)-(t:12.786-v:11.000)-(t:15.300-v:10.000)-(t:15.360-v:9.000)-(t:22.222-v:8.000)],300.0
examples/csp/csp_300/carseq_300_8_20_56.txt,dqn,r1,300,0.0,[(t:9.256-v:393.000)-(t:9.279-v:392.000)-(t:9.297-v:389.000)-(t:9.326-v:388.000)-(t:9.347-v:386.000)-(t:9.362-v:384.000)-(t:9.374-v:382.000)-(t:9.387-v:381.000)-(t:9.399-v:380.000)-(t:9.413-v:379.000)-(t:9.424-v:378.000)-(t:9.434-v:377.000)-(t:9.445-v:376.000)-(t:9.456-v:375.000)-(t:9.468-v:373.000)-(t:9.480-v:371.000)-(t:9.493-v:368.000)-(t:9.507-v:363.000)-(t:9.520-v:361.000)-(t:9.531-v:356.000)-(t:9.545-v:355.000)-(t:9.567-v:354.000)-(t:9.578-v:353.000)-(t:9.589-v:352.000)-(t:9.601-v:348.000)-(t:9.616-v:347.000)-(t:9.627-v:346.000)-(t:9.639-v:345.000)-(t:9.651-v:344.000)-(t:9.661-v:343.000)-(t:9.672-v:342.000)-(t:9.681-v:341.000)-(t:9.691-v:339.000)-(t:9.702-v:338.000)-(t:9.718-v:337.000)-(t:9.728-v:333.000)-(t:9.741-v:331.000)-(t:9.752-v:330.000)-(t:9.761-v:328.000)-(t:9.769-v:320.000)-(t:9.781-v:319.000)-(t:9.791-v:316.000)-(t:9.800-v:314.000)-(t:9.810-v:313.000)-(t:9.821-v:312.000)-(t:9.830-v:311.000)-(t:9.838-v:308.000)-(t:9.848-v:307.000)-(t:9.859-v:306.000)-(t:9.870-v:303.000)-(t:9.879-v:302.000)-(t:9.890-v:301.000)-(t:9.900-v:298.000)-(t:9.911-v:297.000)-(t:9.922-v:295.000)-(t:9.932-v:293.000)-(t:9.943-v:292.000)-(t:9.955-v:291.000)-(t:9.963-v:288.000)-(t:9.970-v:287.000)-(t:10.013-v:286.000)-(t:10.037-v:285.000)-(t:10.062-v:284.000)-(t:10.086-v:283.000)-(t:10.110-v:282.000)-(t:10.129-v:281.000)-(t:10.154-v:279.000)-(t:10.175-v:277.000)-(t:10.194-v:276.000)-(t:10.217-v:274.000)-(t:10.236-v:273.000)-(t:10.257-v:272.000)-(t:10.275-v:268.000)-(t:10.294-v:266.000)-(t:10.313-v:265.000)-(t:10.338-v:264.000)-(t:10.355-v:262.000)-(t:10.380-v:260.000)-(t:10.403-v:259.000)-(t:10.424-v:258.000)-(t:10.442-v:257.000)-(t:10.460-v:256.000)-(t:10.479-v:255.000)-(t:10.498-v:254.000)-(t:10.521-v:252.000)-(t:10.540-v:251.000)-(t:10.560-v:250.000)-(t:10.578-v:249.000)-(t:10.598-v:248.000)-(t:10.619-v:246.000)-(t:10.641-v:245.000)-(t:10.664-v:244.000)-(t:10.684-v:242.000)-(t:10.705-v:241.000)-(t:10.729-v:240.000)-(t:10.749-v:239.000)-(t:10.768-v:238.000)-(t:10.789-v:237.000)-(t:10.809-v:235.000)-(t:10.828-v:230.000)-(t:10.848-v:229.000)-(t:10.870-v:228.000)-(t:10.891-v:227.000)-(t:10.917-v:225.000)-(t:10.940-v:224.000)-(t:10.963-v:223.000)-(t:10.983-v:219.000)-(t:11.007-v:218.000)-(t:11.031-v:216.000)-(t:11.055-v:215.000)-(t:11.078-v:214.000)-(t:11.102-v:213.000)-(t:11.122-v:212.000)-(t:11.148-v:210.000)-(t:11.173-v:209.000)-(t:11.189-v:208.000)-(t:11.213-v:206.000)-(t:11.235-v:205.000)-(t:11.256-v:204.000)-(t:11.274-v:201.000)-(t:11.294-v:200.000)-(t:11.316-v:199.000)-(t:11.335-v:198.000)-(t:11.361-v:197.000)-(t:11.388-v:194.000)-(t:11.417-v:192.000)-(t:11.438-v:191.000)-(t:11.462-v:190.000)-(t:11.480-v:189.000)-(t:11.502-v:188.000)-(t:11.524-v:186.000)-(t:11.546-v:184.000)-(t:11.567-v:183.000)-(t:11.587-v:182.000)-(t:11.611-v:181.000)-(t:11.633-v:180.000)-(t:11.650-v:178.000)-(t:11.671-v:177.000)-(t:11.693-v:176.000)-(t:11.716-v:175.000)-(t:11.737-v:172.000)-(t:11.757-v:171.000)-(t:11.779-v:170.000)-(t:11.798-v:169.000)-(t:11.816-v:168.000)-(t:11.833-v:167.000)-(t:11.851-v:166.000)-(t:11.874-v:165.000)-(t:11.903-v:164.000)-(t:11.925-v:163.000)-(t:11.948-v:162.000)-(t:11.970-v:161.000)-(t:11.991-v:160.000)-(t:12.018-v:159.000)-(t:12.041-v:158.000)-(t:12.066-v:155.000)-(t:12.090-v:154.000)-(t:12.112-v:153.000)-(t:12.135-v:152.000)-(t:12.158-v:151.000)-(t:12.178-v:150.000)-(t:12.196-v:149.000)-(t:12.225-v:148.000)-(t:12.246-v:147.000)-(t:12.272-v:146.000)-(t:12.297-v:145.000)-(t:12.318-v:144.000)-(t:12.340-v:143.000)-(t:12.358-v:142.000)-(t:12.378-v:140.000)-(t:12.400-v:139.000)-(t:12.420-v:137.000)-(t:12.443-v:136.000)-(t:12.472-v:135.000)-(t:12.496-v:134.000)-(t:12.516-v:133.000)-(t:12.536-v:132.000)-(t:12.557-v:131.000)-(t:12.581-v:130.000)-(t:12.604-v:129.000)-(t:12.627-v:128.000)-(t:12.691-v:127.000)-(t:12.713-v:126.000)-(t:12.738-v:124.000)-(t:12.763-v:123.000)-(t:12.786-v:122.000)-(t:12.808-v:121.000)-(t:12.828-v:120.000)-(t:12.848-v:118.000)-(t:12.872-v:117.000)-(t:12.892-v:116.000)-(t:12.914-v:115.000)-(t:12.936-v:113.000)-(t:12.958-v:112.000)-(t:13.006-v:111.000)-(t:13.024-v:109.000)-(t:13.047-v:108.000)-(t:13.064-v:106.000)-(t:13.082-v:105.000)-(t:13.104-v:104.000)-(t:13.156-v:103.000)-(t:13.189-v:102.000)-(t:13.216-v:101.000)-(t:13.237-v:100.000)-(t:13.259-v:99.000)-(t:13.334-v:98.000)-(t:13.426-v:97.000)-(t:13.450-v:96.000)-(t:13.512-v:95.000)-(t:13.535-v:94.000)-(t:13.553-v:93.000)-(t:13.573-v:92.000)-(t:13.600-v:90.000)-(t:13.620-v:89.000)-(t:13.639-v:88.000)-(t:13.664-v:87.000)-(t:13.689-v:85.000)-(t:13.712-v:84.000)-(t:13.732-v:83.000)-(t:13.749-v:82.000)-(t:13.771-v:81.000)-(t:13.791-v:80.000)-(t:13.818-v:79.000)-(t:13.838-v:78.000)-(t:13.861-v:77.000)-(t:13.899-v:76.000)-(t:13.925-v:75.000)-(t:13.948-v:74.000)-(t:14.030-v:73.000)-(t:14.070-v:72.000)-(t:14.110-v:71.000)-(t:14.135-v:70.000)-(t:14.156-v:69.000)-(t:14.229-v:68.000)-(t:14.251-v:67.000)-(t:14.287-v:66.000)-(t:14.310-v:65.000)-(t:14.330-v:64.000)-(t:14.389-v:63.000)-(t:14.659-v:62.000)-(t:14.690-v:61.000)-(t:14.735-v:60.000)-(t:14.760-v:59.000)-(t:15.039-v:58.000)-(t:15.068-v:57.000)-(t:15.094-v:56.000)-(t:15.129-v:55.000)-(t:15.160-v:54.000)-(t:15.421-v:53.000)-(t:15.475-v:52.000)-(t:15.543-v:51.000)-(t:15.939-v:50.000)-(t:15.972-v:49.000)-(t:16.270-v:48.000)-(t:16.571-v:47.000)-(t:16.611-v:46.000)-(t:16.634-v:45.000)-(t:17.043-v:44.000)-(t:17.068-v:43.000)-(t:17.102-v:42.000)-(t:17.135-v:41.000)-(t:17.521-v:40.000)-(t:17.614-v:39.000)-(t:17.697-v:38.000)-(t:17.731-v:37.000)-(t:17.762-v:36.000)-(t:17.790-v:35.000)-(t:17.827-v:34.000)-(t:17.854-v:33.000)-(t:17.884-v:32.000)-(t:17.949-v:31.000)-(t:18.152-v:30.000)-(t:18.189-v:29.000)-(t:18.218-v:28.000)-(t:18.537-v:27.000)-(t:18.568-v:26.000)-(t:18.598-v:25.000)-(t:18.643-v:24.000)-(t:18.686-v:23.000)-(t:18.755-v:22.000)-(t:18.839-v:21.000)-(t:18.902-v:20.000)-(t:18.979-v:19.000)-(t:19.047-v:18.000)-(t:19.132-v:17.000)-(t:19.197-v:16.000)-(t:19.316-v:15.000)-(t:20.187-v:14.000)-(t:20.215-v:13.000)-(t:20.448-v:12.000)-(t:20.488-v:11.000)-(t:20.547-v:10.000)-(t:20.837-v:9.000)-(t:24.755-v:8.000)-(t:26.409-v:7.000)-(t:26.522-v:6.000)-(t:27.912-v:5.000)-(t:28.070-v:4.000)-(t:28.925-v:3.000)-(t:29.176-v:2.000)-(t:30.887-v:1.000)-(t:36.619-v:0.000)],36.619
examples/csp/csp_200/pb_200_09.txt,dqn,r1,300,10.0,[(t:4.738-v:252.000)-(t:4.747-v:251.000)-(t:4.755-v:243.000)-(t:4.779-v:240.000)-(t:4.793-v:237.000)-(t:4.815-v:235.000)-(t:4.824-v:233.000)-(t:4.832-v:232.000)-(t:4.842-v:230.000)-(t:4.854-v:228.000)-(t:4.861-v:226.000)-(t:4.869-v:225.000)-(t:4.875-v:224.000)-(t:4.882-v:223.000)-(t:4.889-v:220.000)-(t:4.896-v:216.000)-(t:4.903-v:215.000)-(t:4.916-v:205.000)-(t:4.924-v:204.000)-(t:4.931-v:203.000)-(t:4.941-v:202.000)-(t:4.951-v:198.000)-(t:4.957-v:196.000)-(t:4.965-v:195.000)-(t:4.973-v:194.000)-(t:4.980-v:193.000)-(t:4.985-v:192.000)-(t:4.992-v:190.000)-(t:5.003-v:189.000)-(t:5.014-v:188.000)-(t:5.024-v:186.000)-(t:5.033-v:185.000)-(t:5.042-v:184.000)-(t:5.048-v:183.000)-(t:5.055-v:181.000)-(t:5.065-v:179.000)-(t:5.072-v:178.000)-(t:5.080-v:176.000)-(t:5.088-v:174.000)-(t:5.096-v:170.000)-(t:5.104-v:169.000)-(t:5.113-v:168.000)-(t:5.121-v:167.000)-(t:5.127-v:166.000)-(t:5.133-v:164.000)-(t:5.141-v:163.000)-(t:5.149-v:162.000)-(t:5.155-v:161.000)-(t:5.167-v:160.000)-(t:5.176-v:159.000)-(t:5.192-v:157.000)-(t:5.200-v:154.000)-(t:5.209-v:152.000)-(t:5.219-v:151.000)-(t:5.229-v:148.000)-(t:5.239-v:146.000)-(t:5.246-v:145.000)-(t:5.253-v:143.000)-(t:5.259-v:142.000)-(t:5.265-v:141.000)-(t:5.308-v:140.000)-(t:5.323-v:139.000)-(t:5.338-v:136.000)-(t:5.354-v:134.000)-(t:5.371-v:133.000)-(t:5.386-v:125.000)-(t:5.401-v:124.000)-(t:5.422-v:122.000)-(t:5.445-v:119.000)-(t:5.459-v:118.000)-(t:5.474-v:117.000)-(t:5.491-v:116.000)-(t:5.508-v:115.000)-(t:5.530-v:114.000)-(t:5.547-v:112.000)-(t:5.565-v:111.000)-(t:5.581-v:110.000)-(t:5.599-v:109.000)-(t:5.617-v:107.000)-(t:5.632-v:106.000)-(t:5.648-v:105.000)-(t:5.663-v:104.000)-(t:5.679-v:103.000)-(t:5.693-v:102.000)-(t:5.707-v:101.000)-(t:5.724-v:100.000)-(t:5.746-v:99.000)-(t:5.763-v:98.000)-(t:5.782-v:97.000)-(t:5.801-v:96.000)-(t:5.818-v:95.000)-(t:5.833-v:94.000)-(t:5.850-v:93.000)-(t:5.868-v:92.000)-(t:5.884-v:91.000)-(t:5.905-v:90.000)-(t:5.923-v:89.000)-(t:5.939-v:88.000)-(t:5.957-v:87.000)-(t:5.971-v:86.000)-(t:5.988-v:85.000)-(t:6.006-v:84.000)-(t:6.025-v:83.000)-(t:6.047-v:82.000)-(t:6.065-v:81.000)-(t:6.082-v:80.000)-(t:6.096-v:79.000)-(t:6.119-v:78.000)-(t:6.139-v:77.000)-(t:6.164-v:76.000)-(t:6.182-v:75.000)-(t:6.203-v:74.000)-(t:6.223-v:72.000)-(t:6.241-v:71.000)-(t:6.260-v:70.000)-(t:6.278-v:69.000)-(t:6.304-v:68.000)-(t:6.324-v:67.000)-(t:6.382-v:66.000)-(t:6.396-v:65.000)-(t:6.420-v:64.000)-(t:6.445-v:62.000)-(t:6.469-v:61.000)-(t:6.512-v:60.000)-(t:6.531-v:58.000)-(t:6.564-v:57.000)-(t:6.587-v:56.000)-(t:6.612-v:55.000)-(t:6.634-v:54.000)-(t:6.657-v:53.000)-(t:6.679-v:52.000)-(t:6.700-v:51.000)-(t:6.735-v:50.000)-(t:6.792-v:49.000)-(t:6.810-v:48.000)-(t:6.904-v:47.000)-(t:6.930-v:46.000)-(t:6.952-v:45.000)-(t:6.983-v:44.000)-(t:7.003-v:43.000)-(t:7.028-v:42.000)-(t:7.054-v:41.000)-(t:7.080-v:40.000)-(t:7.125-v:39.000)-(t:7.143-v:38.000)-(t:7.163-v:37.000)-(t:7.186-v:36.000)-(t:7.217-v:35.000)-(t:7.236-v:34.000)-(t:7.325-v:33.000)-(t:7.352-v:32.000)-(t:7.381-v:31.000)-(t:7.427-v:30.000)-(t:7.452-v:29.000)-(t:7.467-v:28.000)-(t:7.486-v:27.000)-(t:7.657-v:26.000)-(t:7.699-v:25.000)-(t:7.725-v:24.000)-(t:7.764-v:23.000)-(t:7.785-v:22.000)-(t:7.825-v:21.000)-(t:7.913-v:20.000)-(t:7.950-v:19.000)-(t:7.998-v:18.000)-(t:8.189-v:17.000)-(t:8.309-v:16.000)-(t:8.446-v:15.000)-(t:10.516-v:14.000)-(t:11.002-v:13.000)-(t:12.026-v:12.000)-(t:16.751-v:11.000)-(t:16.858-v:10.000)],300.0
examples/csp/csp_200/pb_200_10.txt,dqn,r1,300,21.0,[(t:4.664-v:250.000)-(t:4.671-v:249.000)-(t:4.684-v:245.000)-(t:4.701-v:243.000)-(t:4.714-v:239.000)-(t:4.728-v:238.000)-(t:4.738-v:236.000)-(t:4.751-v:234.000)-(t:4.757-v:230.000)-(t:4.768-v:228.000)-(t:4.777-v:227.000)-(t:4.784-v:225.000)-(t:4.793-v:224.000)-(t:4.801-v:223.000)-(t:4.808-v:222.000)-(t:4.819-v:218.000)-(t:4.827-v:216.000)-(t:4.841-v:213.000)-(t:4.847-v:212.000)-(t:4.853-v:211.000)-(t:4.860-v:209.000)-(t:4.868-v:207.000)-(t:4.875-v:206.000)-(t:4.880-v:205.000)-(t:4.886-v:203.000)-(t:4.891-v:199.000)-(t:4.897-v:195.000)-(t:4.913-v:194.000)-(t:4.922-v:192.000)-(t:4.928-v:191.000)-(t:4.935-v:188.000)-(t:4.942-v:186.000)-(t:4.949-v:185.000)-(t:4.954-v:183.000)-(t:4.960-v:182.000)-(t:4.966-v:180.000)-(t:4.974-v:179.000)-(t:4.981-v:178.000)-(t:4.988-v:177.000)-(t:4.994-v:176.000)-(t:5.000-v:175.000)-(t:5.016-v:174.000)-(t:5.022-v:171.000)-(t:5.039-v:170.000)-(t:5.046-v:169.000)-(t:5.053-v:168.000)-(t:5.059-v:166.000)-(t:5.069-v:165.000)-(t:5.078-v:164.000)-(t:5.087-v:162.000)-(t:5.093-v:161.000)-(t:5.101-v:158.000)-(t:5.109-v:154.000)-(t:5.115-v:153.000)-(t:5.121-v:152.000)-(t:5.130-v:151.000)-(t:5.138-v:150.000)-(t:5.146-v:149.000)-(t:5.153-v:147.000)-(t:5.161-v:144.000)-(t:5.198-v:143.000)-(t:5.217-v:142.000)-(t:5.234-v:141.000)-(t:5.253-v:140.000)-(t:5.270-v:139.000)-(t:5.288-v:136.000)-(t:5.307-v:133.000)-(t:5.324-v:131.000)-(t:5.337-v:130.000)-(t:5.351-v:128.000)-(t:5.365-v:127.000)-(t:5.381-v:126.000)-(t:5.401-v:125.000)-(t:5.417-v:124.000)-(t:5.434-v:123.000)-(t:5.450-v:121.000)-(t:5.467-v:120.000)-(t:5.481-v:118.000)-(t:5.499-v:117.000)-(t:5.515-v:116.000)-(t:5.533-v:115.000)-(t:5.547-v:114.000)-(t:5.567-v:113.000)-(t:5.580-v:112.000)-(t:5.604-v:111.000)-(t:5.621-v:109.000)-(t:5.644-v:108.000)-(t:5.661-v:107.000)-(t:5.680-v:106.000)-(t:5.697-v:105.000)-(t:5.713-v:104.000)-(t:5.729-v:103.000)-(t:5.743-v:100.000)-(t:5.761-v:99.000)-(t:5.779-v:97.000)-(t:5.806-v:96.000)-(t:5.828-v:95.000)-(t:5.848-v:94.000)-(t:5.870-v:93.000)-(t:5.887-v:91.000)-(t:5.939-v:90.000)-(t:5.989-v:88.000)-(t:6.015-v:87.000)-(t:6.061-v:86.000)-(t:6.083-v:85.000)-(t:6.101-v:84.000)-(t:6.117-v:83.000)-(t:6.135-v:81.000)-(t:6.153-v:79.000)-(t:6.174-v:78.000)-(t:6.196-v:76.000)-(t:6.219-v:75.000)-(t:6.254-v:74.000)-(t:6.268-v:73.000)-(t:6.285-v:72.000)-(t:6.314-v:71.000)-(t:6.394-v:70.000)-(t:6.415-v:69.000)-(t:6.430-v:68.000)-(t:6.445-v:67.000)-(t:6.464-v:66.000)-(t:6.481-v:65.000)-(t:6.496-v:64.000)-(t:6.565-v:63.000)-(t:6.609-v:62.000)-(t:6.630-v:61.000)-(t:6.646-v:60.000)-(t:6.682-v:59.000)-(t:6.697-v:58.000)-(t:6.712-v:57.000)-(t:6.728-v:56.000)-(t:6.747-v:55.000)-(t:6.766-v:54.000)-(t:6.780-v:53.000)-(t:6.854-v:52.000)-(t:6.872-v:51.000)-(t:6.894-v:50.000)-(t:6.922-v:49.000)-(t:6.940-v:48.000)-(t:6.961-v:47.000)-(t:6.999-v:46.000)-(t:7.015-v:45.000)-(t:7.030-v:44.000)-(t:7.046-v:43.000)-(t:7.062-v:42.000)-(t:7.104-v:41.000)-(t:7.149-v:40.000)-(t:7.174-v:39.000)-(t:7.189-v:38.000)-(t:7.211-v:37.000)-(t:7.249-v:36.000)-(t:7.266-v:35.000)-(t:7.286-v:34.000)-(t:7.304-v:33.000)-(t:7.413-v:32.000)-(t:7.444-v:31.000)-(t:7.697-v:30.000)-(t:7.719-v:29.000)-(t:7.785-v:28.000)-(t:7.802-v:27.000)-(t:7.836-v:26.000)-(t:7.867-v:25.000)-(t:8.232-v:24.000)-(t:8.312-v:23.000)-(t:10.621-v:22.000)-(t:11.474-v:21.000)],300.0
examples/csp/csp_300/carseq_300_8_20_80.txt,dqn,r1,300,0.0,[(t:9.074-v:412.000)-(t:9.103-v:410.000)-(t:9.126-v:406.000)-(t:9.153-v:403.000)-(t:9.173-v:402.000)-(t:9.188-v:396.000)-(t:9.201-v:391.000)-(t:9.218-v:390.000)-(t:9.230-v:389.000)-(t:9.243-v:384.000)-(t:9.256-v:383.000)-(t:9.267-v:382.000)-(t:9.277-v:379.000)-(t:9.287-v:377.000)-(t:9.296-v:376.000)-(t:9.308-v:373.000)-(t:9.320-v:371.000)-(t:9.334-v:366.000)-(t:9.347-v:364.000)-(t:9.355-v:359.000)-(t:9.363-v:357.000)-(t:9.380-v:355.000)-(t:9.389-v:353.000)-(t:9.397-v:352.000)-(t:9.407-v:349.000)-(t:9.417-v:347.000)-(t:9.426-v:346.000)-(t:9.439-v:344.000)-(t:9.448-v:342.000)-(t:9.457-v:341.000)-(t:9.466-v:333.000)-(t:9.478-v:332.000)-(t:9.489-v:331.000)-(t:9.499-v:327.000)-(t:9.510-v:326.000)-(t:9.519-v:322.000)-(t:9.528-v:321.000)-(t:9.536-v:319.000)-(t:9.545-v:317.000)-(t:9.552-v:313.000)-(t:9.564-v:312.000)-(t:9.576-v:308.000)-(t:9.586-v:307.000)-(t:9.605-v:305.000)-(t:9.615-v:300.000)-(t:9.625-v:299.000)-(t:9.634-v:298.000)-(t:9.642-v:297.000)-(t:9.652-v:296.000)-(t:9.663-v:293.000)-(t:9.677-v:292.000)-(t:9.691-v:289.000)-(t:9.698-v:287.000)-(t:9.710-v:283.000)-(t:9.728-v:282.000)-(t:9.741-v:280.000)-(t:9.755-v:279.000)-(t:9.765-v:278.000)-(t:9.777-v:277.000)-(t:9.786-v:276.000)-(t:9.831-v:274.000)-(t:9.851-v:272.000)-(t:9.873-v:270.000)-(t:9.898-v:268.000)-(t:9.925-v:266.000)-(t:9.952-v:265.000)-(t:9.978-v:262.000)-(t:10.001-v:260.000)-(t:10.028-v:259.000)-(t:10.056-v:258.000)-(t:10.080-v:257.000)-(t:10.111-v:256.000)-(t:10.137-v:255.000)-(t:10.166-v:254.000)-(t:10.189-v:253.000)-(t:10.210-v:252.000)-(t:10.236-v:251.000)-(t:10.261-v:250.000)-(t:10.289-v:248.000)-(t:10.310-v:247.000)-(t:10.336-v:246.000)-(t:10.360-v:243.000)-(t:10.388-v:242.000)-(t:10.413-v:241.000)-(t:10.445-v:240.000)-(t:10.474-v:239.000)-(t:10.507-v:238.000)-(t:10.535-v:237.000)-(t:10.563-v:236.000)-(t:10.591-v:235.000)-(t:10.616-v:231.000)-(t:10.635-v:230.000)-(t:10.667-v:229.000)-(t:10.691-v:227.000)-(t:10.717-v:226.000)-(t:10.744-v:225.000)-(t:10.773-v:224.000)-(t:10.800-v:223.000)-(t:10.829-v:222.000)-(t:10.857-v:221.000)-(t:10.882-v:219.000)-(t:10.904-v:218.000)-(t:10.936-v:217.000)-(t:10.955-v:215.000)-(t:10.977-v:212.000)-(t:10.995-v:211.000)-(t:11.019-v:210.000)-(t:11.047-v:209.000)-(t:11.074-v:206.000)-(t:11.100-v:205.000)-(t:11.129-v:204.000)-(t:11.155-v:203.000)-(t:11.185-v:202.000)-(t:11.212-v:201.000)-(t:11.235-v:198.000)-(t:11.259-v:197.000)-(t:11.282-v:196.000)-(t:11.305-v:195.000)-(t:11.327-v:193.000)-(t:11.349-v:191.000)-(t:11.373-v:190.000)-(t:11.395-v:189.000)-(t:11.420-v:187.000)-(t:11.446-v:186.000)-(t:11.472-v:185.000)-(t:11.497-v:181.000)-(t:11.521-v:180.000)-(t:11.544-v:179.000)-(t:11.567-v:178.000)-(t:11.589-v:177.000)-(t:11.612-v:175.000)-(t:11.637-v:174.000)-(t:11.657-v:173.000)-(t:11.680-v:172.000)-(t:11.703-v:169.000)-(t:11.728-v:168.000)-(t:11.763-v:167.000)-(t:11.789-v:166.000)-(t:11.814-v:165.000)-(t:11.842-v:164.000)-(t:11.873-v:163.000)-(t:11.898-v:162.000)-(t:11.923-v:161.000)-(t:11.948-v:160.000)-(t:11.977-v:159.000)-(t:12.001-v:158.000)-(t:12.025-v:157.000)-(t:12.048-v:156.000)-(t:12.093-v:154.000)-(t:12.118-v:153.000)-(t:12.142-v:152.000)-(t:12.167-v:151.000)-(t:12.187-v:150.000)-(t:12.211-v:149.000)-(t:12.235-v:147.000)-(t:12.257-v:146.000)-(t:12.284-v:145.000)-(t:12.304-v:144.000)-(t:12.328-v:143.000)-(t:12.358-v:142.000)-(t:12.379-v:141.000)-(t:12.401-v:138.000)-(t:12.425-v:137.000)-(t:12.449-v:136.000)-(t:12.470-v:135.000)-(t:12.542-v:134.000)-(t:12.568-v:133.000)-(t:12.600-v:132.000)-(t:12.622-v:131.000)-(t:12.643-v:130.000)-(t:12.666-v:129.000)-(t:12.688-v:128.000)-(t:12.737-v:126.000)-(t:12.757-v:125.000)-(t:12.779-v:124.000)-(t:12.811-v:123.000)-(t:12.839-v:122.000)-(t:12.861-v:120.000)-(t:12.909-v:119.000)-(t:12.932-v:118.000)-(t:12.956-v:116.000)-(t:13.013-v:115.000)-(t:13.049-v:114.000)-(t:13.094-v:113.000)-(t:13.121-v:112.000)-(t:13.196-v:110.000)-(t:13.218-v:109.000)-(t:13.244-v:108.000)-(t:13.267-v:107.000)-(t:13.288-v:106.000)-(t:13.312-v:105.000)-(t:13.335-v:104.000)-(t:13.357-v:102.000)-(t:13.377-v:101.000)-(t:13.411-v:100.000)-(t:13.440-v:99.000)-(t:13.469-v:96.000)-(t:13.494-v:95.000)-(t:13.533-v:94.000)-(t:13.568-v:93.000)-(t:13.591-v:92.000)-(t:13.617-v:90.000)-(t:13.651-v:89.000)-(t:13.678-v:88.000)-(t:13.703-v:87.000)-(t:13.724-v:86.000)-(t:13.755-v:85.000)-(t:13.941-v:84.000)-(t:13.982-v:83.000)-(t:14.231-v:82.000)-(t:14.255-v:80.000)-(t:14.288-v:79.000)-(t:14.320-v:78.000)-(t:14.342-v:77.000)-(t:14.361-v:76.000)-(t:14.386-v:75.000)-(t:14.409-v:74.000)-(t:14.490-v:73.000)-(t:14.511-v:71.000)-(t:14.531-v:70.000)-(t:14.551-v:69.000)-(t:14.574-v:68.000)-(t:14.594-v:67.000)-(t:14.618-v:66.000)-(t:14.667-v:65.000)-(t:14.695-v:63.000)-(t:14.725-v:62.000)-(t:14.776-v:61.000)-(t:14.812-v:60.000)-(t:14.865-v:59.000)-(t:14.894-v:58.000)-(t:14.993-v:57.000)-(t:15.014-v:56.000)-(t:15.037-v:55.000)-(t:15.062-v:54.000)-(t:15.086-v:53.000)-(t:15.142-v:52.000)-(t:15.182-v:51.000)-(t:15.208-v:50.000)-(t:15.253-v:49.000)-(t:15.301-v:48.000)-(t:15.328-v:47.000)-(t:15.653-v:46.000)-(t:15.685-v:45.000)-(t:15.764-v:44.000)-(t:16.254-v:43.000)-(t:16.280-v:42.000)-(t:16.400-v:41.000)-(t:16.924-v:40.000)-(t:16.950-v:39.000)-(t:17.025-v:38.000)-(t:17.048-v:37.000)-(t:17.090-v:36.000)-(t:17.117-v:35.000)-(t:17.169-v:34.000)-(t:17.352-v:33.000)-(t:17.409-v:32.000)-(t:17.637-v:31.000)-(t:17.683-v:30.000)-(t:17.715-v:29.000)-(t:17.746-v:28.000)-(t:17.806-v:27.000)-(t:17.836-v:26.000)-(t:17.873-v:25.000)-(t:17.940-v:24.000)-(t:18.033-v:23.000)-(t:18.082-v:22.000)-(t:18.116-v:21.000)-(t:18.221-v:20.000)-(t:18.255-v:19.000)-(t:18.309-v:18.000)-(t:18.350-v:17.000)-(t:18.421-v:16.000)-(t:18.508-v:15.000)-(t:18.689-v:14.000)-(t:19.754-v:13.000)-(t:19.828-v:12.000)-(t:19.963-v:11.000)-(t:22.305-v:10.000)-(t:22.445-v:9.000)-(t:22.646-v:8.000)-(t:22.721-v:7.000)-(t:22.830-v:6.000)-(t:24.713-v:5.000)-(t:38.662-v:4.000)-(t:38.781-v:3.000)-(t:38.856-v:2.000)-(t:46.540-v:1.000)-(t:92.246-v:0.000)],92.246
examples/csp/csp_100/carseq_100_8_20_62.txt,dqn,r1,300,0.0,[(t:3.996-v:108.000)-(t:4.010-v:101.000)-(t:4.019-v:100.000)-(t:4.035-v:98.000)-(t:4.041-v:97.000)-(t:4.049-v:96.000)-(t:4.057-v:95.000)-(t:4.064-v:91.000)-(t:4.070-v:89.000)-(t:4.080-v:87.000)-(t:4.085-v:85.000)-(t:4.091-v:84.000)-(t:4.106-v:81.000)-(t:4.111-v:80.000)-(t:4.115-v:79.000)-(t:4.119-v:78.000)-(t:4.126-v:76.000)-(t:4.136-v:75.000)-(t:4.145-v:74.000)-(t:4.159-v:73.000)-(t:4.171-v:71.000)-(t:4.176-v:69.000)-(t:4.186-v:68.000)-(t:4.193-v:67.000)-(t:4.205-v:66.000)-(t:4.210-v:65.000)-(t:4.221-v:64.000)-(t:4.235-v:63.000)-(t:4.246-v:61.000)-(t:4.253-v:60.000)-(t:4.259-v:59.000)-(t:4.268-v:57.000)-(t:4.275-v:56.000)-(t:4.288-v:55.000)-(t:4.295-v:54.000)-(t:4.304-v:53.000)-(t:4.319-v:51.000)-(t:4.329-v:50.000)-(t:4.353-v:49.000)-(t:4.374-v:48.000)-(t:4.402-v:47.000)-(t:4.424-v:46.000)-(t:4.434-v:45.000)-(t:4.442-v:43.000)-(t:4.449-v:41.000)-(t:4.458-v:40.000)-(t:4.468-v:39.000)-(t:4.490-v:38.000)-(t:4.499-v:37.000)-(t:4.506-v:36.000)-(t:4.525-v:35.000)-(t:4.530-v:34.000)-(t:4.537-v:33.000)-(t:4.566-v:32.000)-(t:4.570-v:31.000)-(t:4.573-v:30.000)-(t:4.578-v:29.000)-(t:4.623-v:28.000)-(t:4.642-v:27.000)-(t:4.659-v:26.000)-(t:4.675-v:25.000)-(t:4.692-v:24.000)-(t:4.712-v:23.000)-(t:4.734-v:22.000)-(t:4.780-v:21.000)-(t:4.817-v:20.000)-(t:4.843-v:19.000)-(t:4.871-v:18.000)-(t:4.924-v:17.000)-(t:4.938-v:16.000)-(t:4.951-v:15.000)-(t:5.002-v:14.000)-(t:5.017-v:12.000)-(t:5.027-v:11.000)-(t:5.041-v:10.000)-(t:5.098-v:9.000)-(t:5.135-v:8.000)-(t:5.656-v:7.000)-(t:5.674-v:6.000)-(t:5.750-v:5.000)-(t:6.763-v:4.000)-(t:7.097-v:3.000)-(t:7.145-v:2.000)-(t:7.230-v:1.000)-(t:8.322-v:0.000)],8.322
examples/csp/csp_300/carseq_300_8_20_45.txt,dqn,r1,300,0.0,[(t:9.095-v:389.000)-(t:9.116-v:387.000)-(t:9.133-v:386.000)-(t:9.161-v:385.000)-(t:9.170-v:384.000)-(t:9.186-v:383.000)-(t:9.197-v:381.000)-(t:9.209-v:380.000)-(t:9.219-v:379.000)-(t:9.237-v:378.000)-(t:9.246-v:377.000)-(t:9.257-v:375.000)-(t:9.266-v:372.000)-(t:9.275-v:371.000)-(t:9.285-v:367.000)-(t:9.299-v:366.000)-(t:9.310-v:365.000)-(t:9.323-v:363.000)-(t:9.334-v:362.000)-(t:9.346-v:360.000)-(t:9.356-v:359.000)-(t:9.367-v:358.000)-(t:9.378-v:357.000)-(t:9.385-v:356.000)-(t:9.394-v:354.000)-(t:9.404-v:347.000)-(t:9.413-v:346.000)-(t:9.426-v:344.000)-(t:9.435-v:343.000)-(t:9.444-v:342.000)-(t:9.454-v:339.000)-(t:9.462-v:335.000)-(t:9.473-v:334.000)-(t:9.484-v:332.000)-(t:9.492-v:331.000)-(t:9.500-v:327.000)-(t:9.511-v:326.000)-(t:9.519-v:325.000)-(t:9.528-v:322.000)-(t:9.535-v:320.000)-(t:9.543-v:319.000)-(t:9.552-v:316.000)-(t:9.562-v:314.000)-(t:9.582-v:313.000)-(t:9.593-v:309.000)-(t:9.602-v:308.000)-(t:9.610-v:307.000)-(t:9.620-v:306.000)-(t:9.627-v:305.000)-(t:9.635-v:301.000)-(t:9.642-v:300.000)-(t:9.649-v:298.000)-(t:9.656-v:294.000)-(t:9.665-v:292.000)-(t:9.672-v:291.000)-(t:9.681-v:290.000)-(t:9.688-v:289.000)-(t:9.695-v:286.000)-(t:9.703-v:284.000)-(t:9.709-v:282.000)-(t:9.775-v:281.000)-(t:9.798-v:280.000)-(t:9.818-v:278.000)-(t:9.837-v:277.000)-(t:9.862-v:276.000)-(t:9.882-v:275.000)-(t:9.902-v:274.000)-(t:9.920-v:273.000)-(t:9.940-v:272.000)-(t:9.957-v:271.000)-(t:9.976-v:270.000)-(t:9.995-v:269.000)-(t:10.013-v:265.000)-(t:10.032-v:264.000)-(t:10.049-v:262.000)-(t:10.072-v:261.000)-(t:10.093-v:260.000)-(t:10.111-v:259.000)-(t:10.132-v:257.000)-(t:10.150-v:256.000)-(t:10.169-v:255.000)-(t:10.188-v:251.000)-(t:10.207-v:250.000)-(t:10.226-v:249.000)-(t:10.246-v:248.000)-(t:10.266-v:246.000)-(t:10.289-v:245.000)-(t:10.308-v:244.000)-(t:10.329-v:242.000)-(t:10.348-v:241.000)-(t:10.371-v:240.000)-(t:10.395-v:238.000)-(t:10.419-v:237.000)-(t:10.440-v:236.000)-(t:10.468-v:235.000)-(t:10.492-v:234.000)-(t:10.514-v:233.000)-(t:10.535-v:231.000)-(t:10.558-v:230.000)-(t:10.588-v:229.000)-(t:10.623-v:228.000)-(t:10.649-v:226.000)-(t:10.674-v:224.000)-(t:10.698-v:223.000)-(t:10.720-v:222.000)-(t:10.743-v:218.000)-(t:10.763-v:216.000)-(t:10.785-v:211.000)-(t:10.808-v:210.000)-(t:10.831-v:209.000)-(t:10.853-v:208.000)-(t:10.876-v:207.000)-(t:10.897-v:206.000)-(t:10.917-v:204.000)-(t:10.937-v:202.000)-(t:10.958-v:201.000)-(t:10.983-v:200.000)-(t:11.002-v:199.000)-(t:11.024-v:198.000)-(t:11.042-v:196.000)-(t:11.061-v:195.000)-(t:11.080-v:193.000)-(t:11.103-v:192.000)-(t:11.129-v:191.000)-(t:11.148-v:189.000)-(t:11.167-v:188.000)-(t:11.183-v:187.000)-(t:11.203-v:186.000)-(t:11.221-v:184.000)-(t:11.241-v:183.000)-(t:11.259-v:181.000)-(t:11.276-v:180.000)-(t:11.296-v:179.000)-(t:11.315-v:178.000)-(t:11.342-v:175.000)-(t:11.363-v:173.000)-(t:11.392-v:172.000)-(t:11.410-v:171.000)-(t:11.428-v:169.000)-(t:11.445-v:168.000)-(t:11.464-v:164.000)-(t:11.480-v:163.000)-(t:11.496-v:162.000)-(t:11.520-v:161.000)-(t:11.541-v:159.000)-(t:11.557-v:157.000)-(t:11.578-v:156.000)-(t:11.595-v:155.000)-(t:11.614-v:154.000)-(t:11.633-v:152.000)-(t:11.652-v:150.000)-(t:11.670-v:149.000)-(t:11.687-v:148.000)-(t:11.707-v:147.000)-(t:11.730-v:146.000)-(t:11.748-v:144.000)-(t:11.792-v:143.000)-(t:11.816-v:142.000)-(t:11.837-v:141.000)-(t:11.873-v:140.000)-(t:11.894-v:139.000)-(t:11.915-v:138.000)-(t:11.939-v:136.000)-(t:11.965-v:135.000)-(t:11.988-v:133.000)-(t:12.033-v:132.000)-(t:12.052-v:131.000)-(t:12.074-v:130.000)-(t:12.096-v:129.000)-(t:12.116-v:127.000)-(t:12.136-v:126.000)-(t:12.155-v:124.000)-(t:12.186-v:121.000)-(t:12.212-v:120.000)-(t:12.273-v:119.000)-(t:12.293-v:118.000)-(t:12.313-v:116.000)-(t:12.329-v:115.000)-(t:12.376-v:114.000)-(t:12.400-v:113.000)-(t:12.430-v:112.000)-(t:12.474-v:111.000)-(t:12.526-v:110.000)-(t:12.552-v:109.000)-(t:12.573-v:108.000)-(t:12.600-v:107.000)-(t:12.624-v:106.000)-(t:12.654-v:105.000)-(t:12.675-v:104.000)-(t:12.698-v:103.000)-(t:12.718-v:102.000)-(t:12.742-v:101.000)-(t:12.761-v:99.000)-(t:12.783-v:97.000)-(t:12.816-v:96.000)-(t:12.866-v:95.000)-(t:12.892-v:94.000)-(t:12.920-v:93.000)-(t:12.943-v:91.000)-(t:12.966-v:89.000)-(t:13.099-v:88.000)-(t:13.136-v:85.000)-(t:13.164-v:84.000)-(t:13.193-v:83.000)-(t:13.231-v:82.000)-(t:13.263-v:81.000)-(t:13.284-v:78.000)-(t:13.303-v:77.000)-(t:13.327-v:76.000)-(t:13.348-v:75.000)-(t:13.366-v:74.000)-(t:13.387-v:73.000)-(t:13.410-v:72.000)-(t:13.432-v:71.000)-(t:13.453-v:70.000)-(t:13.472-v:69.000)-(t:13.495-v:68.000)-(t:13.516-v:67.000)-(t:13.542-v:66.000)-(t:13.569-v:65.000)-(t:13.688-v:64.000)-(t:13.713-v:62.000)-(t:13.739-v:61.000)-(t:13.767-v:60.000)-(t:13.792-v:59.000)-(t:13.917-v:58.000)-(t:13.952-v:57.000)-(t:13.983-v:56.000)-(t:14.005-v:55.000)-(t:14.030-v:54.000)-(t:14.055-v:53.000)-(t:14.123-v:52.000)-(t:14.163-v:51.000)-(t:14.329-v:50.000)-(t:14.378-v:48.000)-(t:14.559-v:47.000)-(t:14.585-v:46.000)-(t:14.613-v:45.000)-(t:14.641-v:44.000)-(t:14.773-v:43.000)-(t:14.814-v:42.000)-(t:14.842-v:41.000)-(t:14.882-v:40.000)-(t:14.905-v:39.000)-(t:15.066-v:38.000)-(t:15.122-v:37.000)-(t:15.146-v:36.000)-(t:15.211-v:35.000)-(t:15.238-v:34.000)-(t:15.423-v:33.000)-(t:15.476-v:32.000)-(t:15.590-v:31.000)-(t:15.729-v:30.000)-(t:15.770-v:29.000)-(t:15.793-v:28.000)-(t:15.852-v:27.000)-(t:15.897-v:26.000)-(t:15.971-v:25.000)-(t:16.007-v:23.000)-(t:16.058-v:22.000)-(t:16.137-v:21.000)-(t:16.186-v:20.000)-(t:16.692-v:19.000)-(t:16.745-v:18.000)-(t:16.842-v:17.000)-(t:16.896-v:16.000)-(t:16.972-v:15.000)-(t:19.582-v:14.000)-(t:19.673-v:13.000)-(t:19.693-v:12.000)-(t:19.814-v:11.000)-(t:23.384-v:10.000)-(t:23.442-v:9.000)-(t:23.575-v:8.000)-(t:26.491-v:7.000)-(t:27.283-v:6.000)-(t:27.547-v:5.000)-(t:27.620-v:4.000)-(t:43.329-v:3.000)-(t:43.393-v:2.000)-(t:44.163-v:1.000)-(t:112.633-v:0.000)],112.633
examples/csp/csp_300/carseq_300_8_20_76.txt,dqn,r1,300,0.0,[(t:9.035-v:334.000)-(t:9.053-v:329.000)-(t:9.067-v:327.000)-(t:9.089-v:326.000)-(t:9.105-v:323.000)-(t:9.122-v:322.000)-(t:9.130-v:321.000)-(t:9.144-v:320.000)-(t:9.153-v:318.000)-(t:9.162-v:317.000)-(t:9.172-v:316.000)-(t:9.183-v:314.000)-(t:9.195-v:310.000)-(t:9.205-v:308.000)-(t:9.215-v:307.000)-(t:9.227-v:305.000)-(t:9.235-v:303.000)-(t:9.254-v:299.000)-(t:9.268-v:298.000)-(t:9.277-v:295.000)-(t:9.287-v:294.000)-(t:9.300-v:291.000)-(t:9.311-v:287.000)-(t:9.322-v:286.000)-(t:9.345-v:285.000)-(t:9.360-v:284.000)-(t:9.369-v:283.000)-(t:9.384-v:281.000)-(t:9.397-v:279.000)-(t:9.411-v:278.000)-(t:9.424-v:272.000)-(t:9.436-v:270.000)-(t:9.452-v:268.000)-(t:9.462-v:267.000)-(t:9.472-v:266.000)-(t:9.484-v:263.000)-(t:9.498-v:261.000)-(t:9.510-v:260.000)-(t:9.519-v:259.000)-(t:9.530-v:257.000)-(t:9.547-v:256.000)-(t:9.559-v:255.000)-(t:9.568-v:254.000)-(t:9.584-v:253.000)-(t:9.595-v:249.000)-(t:9.604-v:246.000)-(t:9.613-v:245.000)-(t:9.622-v:244.000)-(t:9.629-v:243.000)-(t:9.641-v:242.000)-(t:9.652-v:241.000)-(t:9.663-v:240.000)-(t:9.670-v:239.000)-(t:9.681-v:237.000)-(t:9.694-v:236.000)-(t:9.706-v:235.000)-(t:9.716-v:232.000)-(t:9.725-v:231.000)-(t:9.735-v:230.000)-(t:9.746-v:229.000)-(t:9.808-v:228.000)-(t:9.833-v:227.000)-(t:9.858-v:226.000)-(t:9.885-v:225.000)-(t:9.910-v:224.000)-(t:9.934-v:223.000)-(t:9.963-v:222.000)-(t:9.984-v:220.000)-(t:10.014-v:219.000)-(t:10.040-v:218.000)-(t:10.066-v:217.000)-(t:10.098-v:216.000)-(t:10.124-v:214.000)-(t:10.171-v:213.000)-(t:10.196-v:212.000)-(t:10.221-v:210.000)-(t:10.240-v:209.000)-(t:10.268-v:208.000)-(t:10.294-v:206.000)-(t:10.315-v:205.000)-(t:10.336-v:204.000)-(t:10.354-v:203.000)-(t:10.377-v:201.000)-(t:10.403-v:199.000)-(t:10.467-v:198.000)-(t:10.487-v:197.000)-(t:10.514-v:196.000)-(t:10.534-v:195.000)-(t:10.556-v:194.000)-(t:10.576-v:193.000)-(t:10.597-v:192.000)-(t:10.617-v:191.000)-(t:10.637-v:190.000)-(t:10.661-v:189.000)-(t:10.684-v:188.000)-(t:10.719-v:187.000)-(t:10.739-v:186.000)-(t:10.758-v:185.000)-(t:10.780-v:183.000)-(t:10.800-v:182.000)-(t:10.836-v:181.000)-(t:10.867-v:180.000)-(t:10.888-v:179.000)-(t:10.910-v:178.000)-(t:10.929-v:177.000)-(t:10.946-v:176.000)-(t:10.966-v:173.000)-(t:10.988-v:171.000)-(t:11.020-v:170.000)-(t:11.040-v:169.000)-(t:11.066-v:168.000)-(t:11.083-v:165.000)-(t:11.117-v:164.000)-(t:11.143-v:163.000)-(t:11.166-v:162.000)-(t:11.206-v:161.000)-(t:11.247-v:160.000)-(t:11.269-v:159.000)-(t:11.290-v:158.000)-(t:11.309-v:157.000)-(t:11.335-v:156.000)-(t:11.354-v:154.000)-(t:11.376-v:153.000)-(t:11.412-v:152.000)-(t:11.432-v:151.000)-(t:11.455-v:150.000)-(t:11.473-v:149.000)-(t:11.492-v:148.000)-(t:11.516-v:147.000)-(t:11.536-v:146.000)-(t:11.556-v:145.000)-(t:11.577-v:144.000)-(t:11.600-v:142.000)-(t:11.619-v:141.000)-(t:11.642-v:140.000)-(t:11.665-v:139.000)-(t:11.689-v:137.000)-(t:11.708-v:136.000)-(t:11.728-v:135.000)-(t:11.749-v:134.000)-(t:11.771-v:133.000)-(t:11.795-v:132.000)-(t:11.822-v:131.000)-(t:11.844-v:130.000)-(t:11.869-v:129.000)-(t:11.890-v:128.000)-(t:11.914-v:127.000)-(t:11.938-v:126.000)-(t:12.008-v:125.000)-(t:12.033-v:124.000)-(t:12.064-v:123.000)-(t:12.090-v:119.000)-(t:12.113-v:117.000)-(t:12.155-v:116.000)-(t:12.177-v:115.000)-(t:12.199-v:114.000)-(t:12.226-v:113.000)-(t:12.264-v:112.000)-(t:12.284-v:111.000)-(t:12.303-v:110.000)-(t:12.339-v:109.000)-(t:12.364-v:108.000)-(t:12.390-v:107.000)-(t:12.415-v:106.000)-(t:12.434-v:105.000)-(t:12.453-v:104.000)-(t:12.471-v:103.000)-(t:12.498-v:102.000)-(t:12.529-v:101.000)-(t:12.554-v:99.000)-(t:12.574-v:98.000)-(t:12.606-v:97.000)-(t:12.743-v:96.000)-(t:12.779-v:95.000)-(t:12.916-v:94.000)-(t:12.934-v:93.000)-(t:12.956-v:92.000)-(t:12.977-v:91.000)-(t:12.999-v:90.000)-(t:13.022-v:89.000)-(t:13.047-v:88.000)-(t:13.074-v:87.000)-(t:13.095-v:86.000)-(t:13.178-v:85.000)-(t:13.196-v:84.000)-(t:13.236-v:83.000)-(t:13.259-v:82.000)-(t:13.340-v:81.000)-(t:13.367-v:80.000)-(t:13.393-v:79.000)-(t:13.424-v:78.000)-(t:13.445-v:77.000)-(t:13.474-v:76.000)-(t:13.580-v:75.000)-(t:13.608-v:74.000)-(t:13.633-v:73.000)-(t:13.657-v:72.000)-(t:13.698-v:70.000)-(t:13.720-v:69.000)-(t:13.746-v:68.000)-(t:13.771-v:67.000)-(t:13.815-v:66.000)-(t:13.847-v:65.000)-(t:13.937-v:64.000)-(t:14.050-v:63.000)-(t:14.200-v:62.000)-(t:14.366-v:61.000)-(t:14.404-v:60.000)-(t:14.437-v:59.000)-(t:14.516-v:58.000)-(t:14.546-v:57.000)-(t:14.566-v:56.000)-(t:14.595-v:55.000)-(t:14.618-v:54.000)-(t:14.639-v:53.000)-(t:14.662-v:51.000)-(t:14.685-v:50.000)-(t:14.711-v:49.000)-(t:14.731-v:48.000)-(t:14.751-v:47.000)-(t:14.777-v:46.000)-(t:14.813-v:45.000)-(t:14.832-v:44.000)-(t:14.885-v:43.000)-(t:14.926-v:42.000)-(t:14.949-v:41.000)-(t:14.969-v:40.000)-(t:15.082-v:39.000)-(t:15.137-v:38.000)-(t:15.167-v:37.000)-(t:15.224-v:36.000)-(t:15.251-v:35.000)-(t:15.278-v:34.000)-(t:15.330-v:33.000)-(t:15.443-v:32.000)-(t:15.658-v:31.000)-(t:16.136-v:30.000)-(t:16.173-v:29.000)-(t:16.198-v:28.000)-(t:16.223-v:27.000)-(t:16.256-v:26.000)-(t:16.295-v:25.000)-(t:16.325-v:24.000)-(t:16.370-v:23.000)-(t:16.407-v:22.000)-(t:16.435-v:21.000)-(t:16.477-v:20.000)-(t:16.545-v:19.000)-(t:16.622-v:18.000)-(t:16.660-v:17.000)-(t:16.688-v:16.000)-(t:16.757-v:15.000)-(t:16.863-v:14.000)-(t:16.941-v:13.000)-(t:17.675-v:12.000)-(t:17.921-v:11.000)-(t:17.995-v:10.000)-(t:18.016-v:9.000)-(t:20.372-v:8.000)-(t:20.751-v:7.000)-(t:20.781-v:6.000)-(t:26.641-v:5.000)-(t:30.447-v:4.000)-(t:32.491-v:3.000)-(t:32.785-v:2.000)-(t:35.915-v:1.000)-(t:111.671-v:0.000)],111.671
examples/csp/csp_100/16-81.txt,dqn,r1,300,0.0,[(t:4.492-v:139.000)-(t:4.511-v:134.000)-(t:4.521-v:133.000)-(t:4.537-v:132.000)-(t:4.543-v:131.000)-(t:4.552-v:130.000)-(t:4.558-v:128.000)-(t:4.565-v:127.000)-(t:4.573-v:124.000)-(t:4.583-v:120.000)-(t:4.589-v:118.000)-(t:4.596-v:117.000)-(t:4.602-v:115.000)-(t:4.608-v:113.000)-(t:4.614-v:111.000)-(t:4.625-v:110.000)-(t:4.630-v:109.000)-(t:4.638-v:108.000)-(t:4.646-v:107.000)-(t:4.653-v:106.000)-(t:4.658-v:105.000)-(t:4.666-v:102.000)-(t:4.672-v:101.000)-(t:4.679-v:99.000)-(t:4.685-v:97.000)-(t:4.692-v:95.000)-(t:4.699-v:94.000)-(t:4.707-v:93.000)-(t:4.711-v:91.000)-(t:4.715-v:89.000)-(t:4.721-v:87.000)-(t:4.725-v:86.000)-(t:4.735-v:84.000)-(t:4.741-v:83.000)-(t:4.751-v:82.000)-(t:4.757-v:81.000)-(t:4.762-v:80.000)-(t:4.767-v:79.000)-(t:4.773-v:77.000)-(t:4.779-v:75.000)-(t:4.788-v:74.000)-(t:4.794-v:73.000)-(t:4.799-v:71.000)-(t:4.814-v:70.000)-(t:4.825-v:68.000)-(t:4.832-v:66.000)-(t:4.839-v:65.000)-(t:4.847-v:64.000)-(t:4.856-v:62.000)-(t:4.866-v:60.000)-(t:4.876-v:59.000)-(t:4.882-v:57.000)-(t:4.889-v:56.000)-(t:4.895-v:55.000)-(t:4.912-v:54.000)-(t:4.919-v:53.000)-(t:4.926-v:52.000)-(t:4.933-v:51.000)-(t:4.939-v:50.000)-(t:4.947-v:49.000)-(t:4.982-v:48.000)-(t:4.995-v:47.000)-(t:5.009-v:46.000)-(t:5.024-v:45.000)-(t:5.042-v:44.000)-(t:5.058-v:42.000)-(t:5.090-v:41.000)-(t:5.110-v:40.000)-(t:5.128-v:39.000)-(t:5.147-v:38.000)-(t:5.162-v:37.000)-(t:5.193-v:36.000)-(t:5.216-v:35.000)-(t:5.242-v:34.000)-(t:5.266-v:33.000)-(t:5.290-v:32.000)-(t:5.310-v:31.000)-(t:5.329-v:30.000)-(t:5.346-v:28.000)-(t:5.361-v:27.000)-(t:5.377-v:26.000)-(t:5.395-v:24.000)-(t:5.413-v:23.000)-(t:5.449-v:22.000)-(t:5.466-v:21.000)-(t:5.484-v:20.000)-(t:5.523-v:19.000)-(t:5.541-v:18.000)-(t:5.567-v:17.000)-(t:5.698-v:16.000)-(t:5.718-v:15.000)-(t:5.736-v:14.000)-(t:5.831-v:13.000)-(t:5.865-v:12.000)-(t:6.012-v:11.000)-(t:6.298-v:10.000)-(t:8.478-v:9.000)-(t:9.121-v:8.000)-(t:9.170-v:7.000)-(t:9.199-v:6.000)-(t:9.657-v:5.000)-(t:10.043-v:4.000)-(t:13.628-v:3.000)-(t:18.956-v:2.000)-(t:46.407-v:1.000)-(t:76.342-v:0.000)],76.342
examples/csp/csp_100/carseq_100_8_20_64.txt,dqn,r1,300,0.0,[(t:4.187-v:120.000)-(t:4.201-v:119.000)-(t:4.209-v:114.000)-(t:4.215-v:111.000)-(t:4.227-v:110.000)-(t:4.239-v:108.000)-(t:4.245-v:106.000)-(t:4.256-v:105.000)-(t:4.265-v:104.000)-(t:4.272-v:98.000)-(t:4.278-v:96.000)-(t:4.284-v:92.000)-(t:4.289-v:91.000)-(t:4.296-v:90.000)-(t:4.301-v:87.000)-(t:4.308-v:85.000)-(t:4.314-v:82.000)-(t:4.323-v:80.000)-(t:4.331-v:77.000)-(t:4.337-v:75.000)-(t:4.344-v:72.000)-(t:4.353-v:71.000)-(t:4.359-v:70.000)-(t:4.365-v:69.000)-(t:4.372-v:67.000)-(t:4.382-v:66.000)-(t:4.390-v:64.000)-(t:4.396-v:63.000)-(t:4.405-v:62.000)-(t:4.413-v:60.000)-(t:4.429-v:57.000)-(t:4.444-v:55.000)-(t:4.467-v:54.000)-(t:4.481-v:52.000)-(t:4.494-v:51.000)-(t:4.514-v:50.000)-(t:4.526-v:49.000)-(t:4.533-v:48.000)-(t:4.539-v:47.000)-(t:4.546-v:46.000)-(t:4.564-v:45.000)-(t:4.569-v:44.000)-(t:4.586-v:43.000)-(t:4.600-v:42.000)-(t:4.617-v:41.000)-(t:4.630-v:40.000)-(t:4.637-v:38.000)-(t:4.644-v:37.000)-(t:4.659-v:36.000)-(t:4.670-v:35.000)-(t:4.688-v:34.000)-(t:4.697-v:33.000)-(t:4.702-v:31.000)-(t:4.707-v:30.000)-(t:4.712-v:29.000)-(t:4.718-v:28.000)-(t:4.724-v:27.000)-(t:4.730-v:26.000)-(t:4.921-v:25.000)-(t:4.943-v:24.000)-(t:4.955-v:23.000)-(t:5.012-v:22.000)-(t:5.030-v:21.000)-(t:5.048-v:20.000)-(t:5.086-v:19.000)-(t:5.103-v:17.000)-(t:5.126-v:16.000)-(t:5.145-v:15.000)-(t:5.167-v:14.000)-(t:5.191-v:13.000)-(t:5.225-v:12.000)-(t:5.336-v:11.000)-(t:5.358-v:10.000)-(t:5.432-v:9.000)-(t:5.956-v:8.000)-(t:6.775-v:7.000)-(t:6.810-v:6.000)-(t:6.839-v:5.000)-(t:6.863-v:4.000)-(t:6.916-v:3.000)-(t:6.975-v:2.000)-(t:7.457-v:1.000)-(t:9.434-v:0.000)],9.434
examples/csp/csp_100/carseq_100_8_20_67.txt,dqn,r1,300,0.0,[(t:4.866-v:105.000)-(t:4.882-v:101.000)-(t:4.891-v:97.000)-(t:4.898-v:95.000)-(t:4.913-v:94.000)-(t:4.924-v:93.000)-(t:4.932-v:92.000)-(t:4.940-v:91.000)-(t:4.948-v:90.000)-(t:4.957-v:88.000)-(t:4.963-v:87.000)-(t:4.971-v:85.000)-(t:4.978-v:84.000)-(t:4.988-v:83.000)-(t:4.994-v:80.000)-(t:4.999-v:78.000)-(t:5.006-v:76.000)-(t:5.016-v:75.000)-(t:5.023-v:74.000)-(t:5.029-v:70.000)-(t:5.034-v:69.000)-(t:5.041-v:67.000)-(t:5.048-v:66.000)-(t:5.056-v:65.000)-(t:5.062-v:64.000)-(t:5.069-v:62.000)-(t:5.079-v:61.000)-(t:5.086-v:60.000)-(t:5.099-v:59.000)-(t:5.105-v:56.000)-(t:5.109-v:54.000)-(t:5.115-v:52.000)-(t:5.125-v:51.000)-(t:5.134-v:48.000)-(t:5.144-v:46.000)-(t:5.152-v:44.000)-(t:5.158-v:43.000)-(t:5.165-v:42.000)-(t:5.170-v:41.000)-(t:5.177-v:40.000)-(t:5.191-v:39.000)-(t:5.199-v:38.000)-(t:5.205-v:37.000)-(t:5.213-v:36.000)-(t:5.219-v:34.000)-(t:5.227-v:32.000)-(t:5.235-v:31.000)-(t:5.246-v:30.000)-(t:5.258-v:29.000)-(t:5.269-v:28.000)-(t:5.276-v:27.000)-(t:5.289-v:26.000)-(t:5.294-v:25.000)-(t:5.302-v:24.000)-(t:5.311-v:22.000)-(t:5.320-v:21.000)-(t:5.326-v:20.000)-(t:5.337-v:19.000)-(t:5.346-v:18.000)-(t:5.380-v:17.000)-(t:5.422-v:16.000)-(t:5.441-v:15.000)-(t:5.458-v:14.000)-(t:5.477-v:13.000)-(t:5.516-v:12.000)-(t:5.609-v:11.000)-(t:5.641-v:10.000)-(t:5.659-v:9.000)-(t:5.684-v:8.000)-(t:5.704-v:7.000)-(t:5.722-v:6.000)-(t:6.522-v:5.000)-(t:6.621-v:4.000)-(t:7.069-v:3.000)-(t:7.919-v:2.000)-(t:8.653-v:1.000)-(t:8.870-v:0.000)],8.87
examples/csp/csp_100/carseq_100_8_20_72.txt,dqn,r1,300,0.0,[(t:4.277-v:95.000)-(t:4.295-v:92.000)-(t:4.307-v:91.000)-(t:4.313-v:90.000)-(t:4.325-v:89.000)-(t:4.337-v:88.000)-(t:4.343-v:87.000)-(t:4.350-v:86.000)-(t:4.358-v:84.000)-(t:4.367-v:82.000)-(t:4.372-v:81.000)-(t:4.376-v:80.000)-(t:4.381-v:78.000)-(t:4.386-v:77.000)-(t:4.390-v:75.000)-(t:4.396-v:71.000)-(t:4.401-v:70.000)-(t:4.410-v:67.000)-(t:4.417-v:66.000)-(t:4.421-v:65.000)-(t:4.427-v:64.000)-(t:4.432-v:62.000)-(t:4.438-v:61.000)-(t:4.451-v:60.000)-(t:4.458-v:58.000)-(t:4.463-v:57.000)-(t:4.469-v:56.000)-(t:4.481-v:55.000)-(t:4.486-v:54.000)-(t:4.499-v:53.000)-(t:4.507-v:52.000)-(t:4.513-v:51.000)-(t:4.522-v:49.000)-(t:4.529-v:47.000)-(t:4.538-v:46.000)-(t:4.543-v:45.000)-(t:4.548-v:44.000)-(t:4.555-v:42.000)-(t:4.562-v:41.000)-(t:4.567-v:40.000)-(t:4.581-v:39.000)-(t:4.588-v:38.000)-(t:4.593-v:37.000)-(t:4.610-v:36.000)-(t:4.616-v:34.000)-(t:4.621-v:33.000)-(t:4.626-v:31.000)-(t:4.634-v:30.000)-(t:4.642-v:28.000)-(t:4.652-v:27.000)-(t:4.661-v:26.000)-(t:4.669-v:24.000)-(t:4.677-v:23.000)-(t:4.698-v:22.000)-(t:4.712-v:21.000)-(t:4.718-v:20.000)-(t:4.726-v:19.000)-(t:4.855-v:18.000)-(t:4.872-v:17.000)-(t:4.888-v:16.000)-(t:4.906-v:15.000)-(t:4.924-v:14.000)-(t:4.980-v:13.000)-(t:5.000-v:12.000)-(t:5.018-v:11.000)-(t:5.032-v:10.000)-(t:5.043-v:9.000)-(t:5.071-v:8.000)-(t:5.086-v:7.000)-(t:5.101-v:6.000)-(t:5.127-v:5.000)-(t:5.147-v:4.000)-(t:5.166-v:3.000)-(t:5.788-v:2.000)-(t:8.516-v:1.000)-(t:9.321-v:0.000)],9.321
examples/csp/csp_300/carseq_300_8_20_78.txt,dqn,r1,300,0.0,[(t:8.978-v:403.000)-(t:8.999-v:400.000)-(t:9.014-v:398.000)-(t:9.041-v:397.000)-(t:9.062-v:396.000)-(t:9.085-v:391.000)-(t:9.099-v:390.000)-(t:9.113-v:389.000)-(t:9.127-v:387.000)-(t:9.144-v:386.000)-(t:9.155-v:385.000)-(t:9.171-v:384.000)-(t:9.182-v:381.000)-(t:9.195-v:379.000)-(t:9.209-v:377.000)-(t:9.221-v:373.000)-(t:9.232-v:372.000)-(t:9.245-v:369.000)-(t:9.264-v:367.000)-(t:9.272-v:361.000)-(t:9.286-v:360.000)-(t:9.295-v:358.000)-(t:9.307-v:357.000)-(t:9.320-v:356.000)-(t:9.334-v:355.000)-(t:9.345-v:353.000)-(t:9.358-v:352.000)-(t:9.369-v:351.000)-(t:9.382-v:347.000)-(t:9.393-v:346.000)-(t:9.402-v:343.000)-(t:9.413-v:340.000)-(t:9.422-v:338.000)-(t:9.440-v:336.000)-(t:9.454-v:335.000)-(t:9.461-v:333.000)-(t:9.472-v:331.000)-(t:9.482-v:329.000)-(t:9.494-v:328.000)-(t:9.502-v:327.000)-(t:9.510-v:326.000)-(t:9.519-v:325.000)-(t:9.530-v:324.000)-(t:9.539-v:323.000)-(t:9.550-v:321.000)-(t:9.557-v:320.000)-(t:9.568-v:318.000)-(t:9.578-v:316.000)-(t:9.588-v:315.000)-(t:9.599-v:313.000)-(t:9.611-v:312.000)-(t:9.623-v:311.000)-(t:9.630-v:306.000)-(t:9.639-v:305.000)-(t:9.645-v:304.000)-(t:9.656-v:303.000)-(t:9.667-v:302.000)-(t:9.689-v:301.000)-(t:9.698-v:300.000)-(t:9.706-v:299.000)-(t:9.765-v:298.000)-(t:9.790-v:296.000)-(t:9.814-v:295.000)-(t:9.846-v:292.000)-(t:9.877-v:290.000)-(t:9.903-v:289.000)-(t:9.923-v:287.000)-(t:9.944-v:286.000)-(t:9.972-v:285.000)-(t:9.995-v:284.000)-(t:10.017-v:283.000)-(t:10.038-v:282.000)-(t:10.063-v:279.000)-(t:10.088-v:277.000)-(t:10.112-v:276.000)-(t:10.135-v:275.000)-(t:10.159-v:274.000)-(t:10.182-v:273.000)-(t:10.207-v:272.000)-(t:10.227-v:271.000)-(t:10.249-v:270.000)-(t:10.275-v:268.000)-(t:10.296-v:267.000)-(t:10.318-v:265.000)-(t:10.342-v:263.000)-(t:10.369-v:262.000)-(t:10.398-v:261.000)-(t:10.422-v:260.000)-(t:10.445-v:257.000)-(t:10.468-v:254.000)-(t:10.498-v:252.000)-(t:10.528-v:251.000)-(t:10.552-v:250.000)-(t:10.577-v:249.000)-(t:10.604-v:248.000)-(t:10.627-v:247.000)-(t:10.653-v:246.000)-(t:10.676-v:243.000)-(t:10.698-v:242.000)-(t:10.719-v:240.000)-(t:10.742-v:239.000)-(t:10.764-v:238.000)-(t:10.785-v:235.000)-(t:10.811-v:233.000)-(t:10.834-v:229.000)-(t:10.859-v:228.000)-(t:10.884-v:226.000)-(t:10.908-v:224.000)-(t:10.930-v:222.000)-(t:10.953-v:221.000)-(t:10.985-v:219.000)-(t:11.008-v:217.000)-(t:11.030-v:216.000)-(t:11.049-v:215.000)-(t:11.071-v:213.000)-(t:11.095-v:212.000)-(t:11.116-v:211.000)-(t:11.138-v:210.000)-(t:11.161-v:208.000)-(t:11.185-v:207.000)-(t:11.212-v:206.000)-(t:11.236-v:203.000)-(t:11.267-v:202.000)-(t:11.294-v:201.000)-(t:11.318-v:198.000)-(t:11.343-v:197.000)-(t:11.367-v:195.000)-(t:11.395-v:194.000)-(t:11.413-v:192.000)-(t:11.432-v:191.000)-(t:11.453-v:190.000)-(t:11.476-v:189.000)-(t:11.498-v:187.000)-(t:11.520-v:186.000)-(t:11.545-v:182.000)-(t:11.570-v:180.000)-(t:11.604-v:179.000)-(t:11.627-v:178.000)-(t:11.651-v:177.000)-(t:11.674-v:175.000)-(t:11.700-v:173.000)-(t:11.725-v:172.000)-(t:11.754-v:171.000)-(t:11.782-v:170.000)-(t:11.807-v:169.000)-(t:11.833-v:167.000)-(t:11.852-v:166.000)-(t:11.874-v:165.000)-(t:11.903-v:164.000)-(t:11.927-v:163.000)-(t:11.947-v:162.000)-(t:11.972-v:161.000)-(t:11.994-v:160.000)-(t:12.018-v:159.000)-(t:12.042-v:158.000)-(t:12.062-v:157.000)-(t:12.080-v:156.000)-(t:12.100-v:154.000)-(t:12.117-v:153.000)-(t:12.150-v:152.000)-(t:12.172-v:151.000)-(t:12.193-v:150.000)-(t:12.214-v:148.000)-(t:12.237-v:146.000)-(t:12.258-v:145.000)-(t:12.281-v:144.000)-(t:12.305-v:143.000)-(t:12.324-v:142.000)-(t:12.345-v:141.000)-(t:12.366-v:140.000)-(t:12.389-v:139.000)-(t:12.414-v:137.000)-(t:12.442-v:136.000)-(t:12.471-v:135.000)-(t:12.491-v:134.000)-(t:12.508-v:133.000)-(t:12.527-v:132.000)-(t:12.547-v:131.000)-(t:12.587-v:130.000)-(t:12.604-v:129.000)-(t:12.623-v:128.000)-(t:12.659-v:127.000)-(t:12.683-v:126.000)-(t:12.730-v:125.000)-(t:12.764-v:124.000)-(t:12.919-v:123.000)-(t:12.939-v:122.000)-(t:13.040-v:121.000)-(t:13.069-v:120.000)-(t:13.093-v:118.000)-(t:13.120-v:117.000)-(t:13.144-v:116.000)-(t:13.169-v:115.000)-(t:13.215-v:114.000)-(t:13.238-v:113.000)-(t:13.258-v:112.000)-(t:13.285-v:111.000)-(t:13.309-v:110.000)-(t:13.331-v:109.000)-(t:13.352-v:108.000)-(t:13.374-v:107.000)-(t:13.398-v:106.000)-(t:13.418-v:104.000)-(t:13.457-v:103.000)-(t:13.480-v:102.000)-(t:13.507-v:101.000)-(t:13.542-v:100.000)-(t:13.567-v:99.000)-(t:13.588-v:97.000)-(t:13.626-v:96.000)-(t:13.645-v:95.000)-(t:13.665-v:94.000)-(t:13.689-v:93.000)-(t:13.711-v:92.000)-(t:13.732-v:91.000)-(t:13.758-v:90.000)-(t:13.781-v:89.000)-(t:13.803-v:88.000)-(t:13.826-v:87.000)-(t:13.845-v:86.000)-(t:13.867-v:85.000)-(t:13.916-v:84.000)-(t:13.938-v:82.000)-(t:13.986-v:81.000)-(t:14.035-v:80.000)-(t:14.065-v:79.000)-(t:14.084-v:78.000)-(t:14.127-v:77.000)-(t:14.149-v:76.000)-(t:14.173-v:75.000)-(t:14.197-v:74.000)-(t:14.254-v:73.000)-(t:14.281-v:72.000)-(t:14.319-v:71.000)-(t:14.369-v:70.000)-(t:14.395-v:69.000)-(t:14.430-v:68.000)-(t:14.463-v:67.000)-(t:14.489-v:66.000)-(t:14.509-v:65.000)-(t:14.573-v:64.000)-(t:14.604-v:63.000)-(t:14.627-v:61.000)-(t:14.652-v:60.000)-(t:14.677-v:59.000)-(t:14.724-v:58.000)-(t:14.767-v:57.000)-(t:14.851-v:56.000)-(t:15.008-v:55.000)-(t:15.037-v:54.000)-(t:15.221-v:53.000)-(t:15.499-v:52.000)-(t:15.763-v:51.000)-(t:15.789-v:50.000)-(t:16.192-v:49.000)-(t:16.219-v:48.000)-(t:16.240-v:47.000)-(t:16.265-v:46.000)-(t:16.295-v:45.000)-(t:16.337-v:44.000)-(t:16.398-v:43.000)-(t:16.418-v:42.000)-(t:16.454-v:41.000)-(t:16.474-v:40.000)-(t:16.495-v:39.000)-(t:16.526-v:38.000)-(t:16.568-v:37.000)-(t:16.589-v:36.000)-(t:16.611-v:35.000)-(t:16.628-v:34.000)-(t:16.673-v:33.000)-(t:16.697-v:32.000)-(t:16.738-v:31.000)-(t:16.766-v:30.000)-(t:16.809-v:29.000)-(t:16.874-v:28.000)-(t:16.914-v:27.000)-(t:16.960-v:26.000)-(t:17.022-v:25.000)-(t:17.044-v:24.000)-(t:17.089-v:23.000)-(t:17.191-v:22.000)-(t:17.245-v:21.000)-(t:17.281-v:20.000)-(t:17.312-v:19.000)-(t:17.380-v:18.000)-(t:17.426-v:17.000)-(t:17.473-v:16.000)-(t:17.710-v:15.000)-(t:17.764-v:14.000)-(t:17.861-v:13.000)-(t:17.948-v:12.000)-(t:18.073-v:11.000)-(t:18.704-v:10.000)-(t:21.049-v:9.000)-(t:21.087-v:8.000)-(t:22.616-v:7.000)-(t:22.845-v:6.000)-(t:22.968-v:5.000)-(t:24.199-v:4.000)-(t:25.449-v:3.000)-(t:36.424-v:2.000)-(t:49.972-v:1.000)-(t:134.597-v:0.000)],134.597
examples/csp/csp_100/carseq_100_8_20_73.txt,dqn,r1,300,0.0,[(t:4.149-v:102.000)-(t:4.168-v:101.000)-(t:4.181-v:99.000)-(t:4.196-v:95.000)-(t:4.222-v:94.000)-(t:4.249-v:93.000)-(t:4.259-v:91.000)-(t:4.278-v:88.000)-(t:4.292-v:86.000)-(t:4.302-v:85.000)-(t:4.309-v:81.000)-(t:4.316-v:80.000)-(t:4.321-v:78.000)-(t:4.327-v:77.000)-(t:4.332-v:74.000)-(t:4.340-v:73.000)-(t:4.348-v:72.000)-(t:4.359-v:71.000)-(t:4.367-v:70.000)-(t:4.374-v:69.000)-(t:4.380-v:68.000)-(t:4.387-v:67.000)-(t:4.394-v:66.000)-(t:4.403-v:65.000)-(t:4.411-v:64.000)-(t:4.419-v:63.000)-(t:4.426-v:61.000)-(t:4.435-v:60.000)-(t:4.441-v:58.000)-(t:4.449-v:57.000)-(t:4.456-v:56.000)-(t:4.461-v:55.000)-(t:4.469-v:54.000)-(t:4.479-v:52.000)-(t:4.491-v:51.000)-(t:4.500-v:50.000)-(t:4.510-v:48.000)-(t:4.516-v:47.000)-(t:4.521-v:46.000)-(t:4.528-v:45.000)-(t:4.546-v:44.000)-(t:4.553-v:43.000)-(t:4.559-v:40.000)-(t:4.567-v:39.000)-(t:4.573-v:38.000)-(t:4.578-v:37.000)-(t:4.583-v:35.000)-(t:4.589-v:34.000)-(t:4.594-v:32.000)-(t:4.599-v:31.000)-(t:4.614-v:30.000)-(t:4.620-v:29.000)-(t:4.627-v:28.000)-(t:4.633-v:27.000)-(t:4.643-v:26.000)-(t:4.656-v:24.000)-(t:4.664-v:23.000)-(t:4.670-v:22.000)-(t:4.679-v:21.000)-(t:4.694-v:20.000)-(t:4.741-v:19.000)-(t:4.757-v:18.000)-(t:4.791-v:17.000)-(t:4.845-v:16.000)-(t:4.861-v:15.000)-(t:4.887-v:14.000)-(t:4.928-v:13.000)-(t:4.946-v:12.000)-(t:4.962-v:11.000)-(t:4.984-v:10.000)-(t:5.066-v:9.000)-(t:5.134-v:8.000)-(t:5.160-v:7.000)-(t:5.180-v:6.000)-(t:5.271-v:5.000)-(t:5.317-v:4.000)-(t:5.342-v:3.000)-(t:5.731-v:2.000)-(t:7.614-v:1.000)-(t:8.083-v:0.000)],8.083
examples/csp/csp_100/carseq_100_8_20_77.txt,dqn,r1,300,0.0,[(t:4.511-v:122.000)-(t:4.524-v:116.000)-(t:4.530-v:113.000)-(t:4.548-v:111.000)-(t:4.559-v:110.000)-(t:4.569-v:109.000)-(t:4.576-v:108.000)-(t:4.588-v:106.000)-(t:4.595-v:104.000)-(t:4.602-v:103.000)-(t:4.607-v:99.000)-(t:4.612-v:96.000)-(t:4.618-v:95.000)-(t:4.623-v:94.000)-(t:4.628-v:93.000)-(t:4.636-v:90.000)-(t:4.645-v:88.000)-(t:4.656-v:87.000)-(t:4.662-v:86.000)-(t:4.669-v:78.000)-(t:4.674-v:76.000)-(t:4.680-v:75.000)-(t:4.687-v:74.000)-(t:4.699-v:72.000)-(t:4.706-v:70.000)-(t:4.715-v:69.000)-(t:4.724-v:68.000)-(t:4.737-v:67.000)-(t:4.746-v:64.000)-(t:4.760-v:63.000)-(t:4.774-v:62.000)-(t:4.783-v:61.000)-(t:4.793-v:58.000)-(t:4.798-v:57.000)-(t:4.807-v:56.000)-(t:4.814-v:53.000)-(t:4.824-v:52.000)-(t:4.832-v:50.000)-(t:4.840-v:49.000)-(t:4.849-v:47.000)-(t:4.855-v:46.000)-(t:4.863-v:45.000)-(t:4.879-v:43.000)-(t:4.894-v:42.000)-(t:4.912-v:41.000)-(t:4.921-v:40.000)-(t:4.928-v:39.000)-(t:4.938-v:38.000)-(t:4.946-v:37.000)-(t:4.952-v:36.000)-(t:4.956-v:35.000)-(t:4.961-v:34.000)-(t:4.978-v:33.000)-(t:4.989-v:32.000)-(t:4.996-v:30.000)-(t:5.021-v:29.000)-(t:5.032-v:28.000)-(t:5.041-v:27.000)-(t:5.046-v:26.000)-(t:5.102-v:25.000)-(t:5.114-v:24.000)-(t:5.140-v:23.000)-(t:5.153-v:22.000)-(t:5.171-v:20.000)-(t:5.187-v:18.000)-(t:5.205-v:17.000)-(t:5.221-v:16.000)-(t:5.285-v:15.000)-(t:5.297-v:14.000)-(t:5.317-v:13.000)-(t:5.338-v:12.000)-(t:5.358-v:11.000)-(t:5.373-v:10.000)-(t:5.403-v:9.000)-(t:5.419-v:8.000)-(t:5.451-v:7.000)-(t:5.494-v:6.000)-(t:5.563-v:5.000)-(t:5.584-v:4.000)-(t:5.619-v:3.000)-(t:5.636-v:2.000)-(t:5.974-v:1.000)-(t:5.992-v:0.000)],5.992
examples/csp/csp_100/carseq_100_8_20_82.txt,dqn,r1,300,0.0,[(t:4.281-v:168.000)-(t:4.292-v:166.000)-(t:4.300-v:165.000)-(t:4.319-v:164.000)-(t:4.330-v:163.000)-(t:4.340-v:161.000)-(t:4.347-v:159.000)-(t:4.353-v:158.000)-(t:4.360-v:152.000)-(t:4.365-v:151.000)-(t:4.371-v:146.000)-(t:4.376-v:144.000)-(t:4.381-v:141.000)-(t:4.390-v:139.000)-(t:4.394-v:137.000)-(t:4.401-v:136.000)-(t:4.407-v:134.000)-(t:4.418-v:130.000)-(t:4.426-v:127.000)-(t:4.430-v:123.000)-(t:4.437-v:120.000)-(t:4.446-v:118.000)-(t:4.452-v:117.000)-(t:4.457-v:115.000)-(t:4.461-v:112.000)-(t:4.472-v:109.000)-(t:4.476-v:107.000)-(t:4.480-v:106.000)-(t:4.487-v:103.000)-(t:4.502-v:102.000)-(t:4.511-v:100.000)-(t:4.517-v:99.000)-(t:4.521-v:98.000)-(t:4.527-v:97.000)-(t:4.532-v:96.000)-(t:4.539-v:92.000)-(t:4.543-v:91.000)-(t:4.547-v:90.000)-(t:4.552-v:89.000)-(t:4.556-v:86.000)-(t:4.571-v:85.000)-(t:4.577-v:84.000)-(t:4.588-v:83.000)-(t:4.598-v:82.000)-(t:4.607-v:81.000)-(t:4.625-v:80.000)-(t:4.631-v:78.000)-(t:4.639-v:77.000)-(t:4.649-v:76.000)-(t:4.656-v:74.000)-(t:4.662-v:72.000)-(t:4.669-v:71.000)-(t:4.678-v:69.000)-(t:4.686-v:68.000)-(t:4.703-v:67.000)-(t:4.710-v:66.000)-(t:4.716-v:65.000)-(t:4.723-v:64.000)-(t:4.727-v:63.000)-(t:4.731-v:62.000)-(t:4.769-v:61.000)-(t:4.784-v:58.000)-(t:4.801-v:57.000)-(t:4.815-v:56.000)-(t:4.831-v:55.000)-(t:4.843-v:54.000)-(t:4.854-v:53.000)-(t:4.869-v:52.000)-(t:4.885-v:49.000)-(t:4.897-v:47.000)-(t:4.914-v:45.000)-(t:4.929-v:44.000)-(t:4.944-v:43.000)-(t:4.962-v:42.000)-(t:4.978-v:41.000)-(t:5.010-v:40.000)-(t:5.024-v:39.000)-(t:5.044-v:38.000)-(t:5.059-v:37.000)-(t:5.075-v:35.000)-(t:5.110-v:34.000)-(t:5.127-v:32.000)-(t:5.146-v:30.000)-(t:5.158-v:29.000)-(t:5.206-v:28.000)-(t:5.260-v:27.000)-(t:5.275-v:26.000)-(t:5.290-v:25.000)-(t:5.305-v:24.000)-(t:5.321-v:23.000)-(t:5.342-v:22.000)-(t:5.360-v:21.000)-(t:5.375-v:20.000)-(t:5.414-v:19.000)-(t:5.471-v:18.000)-(t:5.508-v:17.000)-(t:5.554-v:16.000)-(t:5.577-v:15.000)-(t:5.604-v:14.000)-(t:5.709-v:13.000)-(t:5.732-v:12.000)-(t:5.762-v:11.000)-(t:5.815-v:10.000)-(t:5.864-v:9.000)-(t:5.884-v:8.000)-(t:5.916-v:7.000)-(t:7.319-v:6.000)-(t:9.078-v:5.000)-(t:9.194-v:4.000)-(t:12.219-v:3.000)-(t:12.337-v:2.000)-(t:18.424-v:1.000)-(t:65.763-v:0.000)],65.763
examples/csp/csp_100/carseq_100_8_20_88.txt,dqn,r1,300,0.0,[(t:4.053-v:163.000)-(t:4.063-v:161.000)-(t:4.067-v:160.000)-(t:4.084-v:158.000)-(t:4.096-v:157.000)-(t:4.105-v:155.000)-(t:4.109-v:151.000)-(t:4.115-v:145.000)-(t:4.119-v:144.000)-(t:4.124-v:141.000)-(t:4.129-v:139.000)-(t:4.136-v:138.000)-(t:4.141-v:137.000)-(t:4.146-v:136.000)-(t:4.152-v:135.000)-(t:4.156-v:134.000)-(t:4.161-v:133.000)-(t:4.168-v:127.000)-(t:4.175-v:126.000)-(t:4.181-v:120.000)-(t:4.184-v:118.000)-(t:4.188-v:117.000)-(t:4.192-v:116.000)-(t:4.196-v:112.000)-(t:4.201-v:111.000)-(t:4.208-v:109.000)-(t:4.214-v:107.000)-(t:4.220-v:106.000)-(t:4.225-v:105.000)-(t:4.230-v:104.000)-(t:4.237-v:101.000)-(t:4.243-v:100.000)-(t:4.248-v:99.000)-(t:4.255-v:98.000)-(t:4.260-v:97.000)-(t:4.266-v:93.000)-(t:4.272-v:91.000)-(t:4.280-v:90.000)-(t:4.286-v:88.000)-(t:4.291-v:87.000)-(t:4.297-v:86.000)-(t:4.306-v:85.000)-(t:4.315-v:84.000)-(t:4.322-v:83.000)-(t:4.328-v:82.000)-(t:4.334-v:81.000)-(t:4.341-v:80.000)-(t:4.348-v:77.000)-(t:4.355-v:76.000)-(t:4.371-v:75.000)-(t:4.377-v:74.000)-(t:4.384-v:73.000)-(t:4.389-v:72.000)-(t:4.398-v:71.000)-(t:4.404-v:70.000)-(t:4.410-v:68.000)-(t:4.416-v:67.000)-(t:4.420-v:66.000)-(t:4.424-v:65.000)-(t:4.453-v:64.000)-(t:4.465-v:62.000)-(t:4.476-v:61.000)-(t:4.487-v:60.000)-(t:4.499-v:58.000)-(t:4.511-v:57.000)-(t:4.526-v:54.000)-(t:4.544-v:53.000)-(t:4.556-v:52.000)-(t:4.569-v:50.000)-(t:4.582-v:49.000)-(t:4.597-v:48.000)-(t:4.611-v:47.000)-(t:4.625-v:46.000)-(t:4.641-v:45.000)-(t:4.654-v:44.000)-(t:4.668-v:43.000)-(t:4.680-v:42.000)-(t:4.693-v:41.000)-(t:4.706-v:40.000)-(t:4.719-v:39.000)-(t:4.729-v:38.000)-(t:4.745-v:37.000)-(t:4.760-v:36.000)-(t:4.774-v:35.000)-(t:4.789-v:34.000)-(t:4.837-v:33.000)-(t:4.854-v:32.000)-(t:4.867-v:31.000)-(t:4.884-v:30.000)-(t:4.902-v:29.000)-(t:4.916-v:28.000)-(t:4.935-v:27.000)-(t:4.963-v:26.000)-(t:4.980-v:24.000)-(t:4.993-v:22.000)-(t:5.006-v:21.000)-(t:5.042-v:20.000)-(t:5.123-v:19.000)-(t:5.139-v:18.000)-(t:5.187-v:17.000)-(t:5.209-v:15.000)-(t:5.224-v:14.000)-(t:5.254-v:13.000)-(t:5.292-v:12.000)-(t:5.320-v:11.000)-(t:5.392-v:10.000)-(t:5.431-v:9.000)-(t:5.723-v:8.000)-(t:5.797-v:7.000)-(t:5.827-v:6.000)-(t:5.842-v:4.000)-(t:9.820-v:3.000)-(t:11.114-v:2.000)-(t:11.131-v:1.000)-(t:67.691-v:0.000)],67.691
examples/csp/csp_100/carseq_100_8_20_90.txt,dqn,r1,300,0.0,[(t:4.294-v:118.000)-(t:4.307-v:116.000)-(t:4.315-v:115.000)-(t:4.319-v:114.000)-(t:4.328-v:113.000)-(t:4.337-v:111.000)-(t:4.342-v:110.000)-(t:4.351-v:109.000)-(t:4.357-v:104.000)-(t:4.363-v:101.000)-(t:4.369-v:98.000)-(t:4.375-v:97.000)-(t:4.380-v:96.000)-(t:4.385-v:94.000)-(t:4.391-v:93.000)-(t:4.399-v:92.000)-(t:4.403-v:91.000)-(t:4.411-v:87.000)-(t:4.417-v:86.000)-(t:4.422-v:83.000)-(t:4.427-v:82.000)-(t:4.432-v:78.000)-(t:4.437-v:76.000)-(t:4.443-v:75.000)-(t:4.448-v:74.000)-(t:4.455-v:73.000)-(t:4.459-v:72.000)-(t:4.467-v:71.000)-(t:4.472-v:70.000)-(t:4.477-v:69.000)-(t:4.481-v:68.000)-(t:4.486-v:66.000)-(t:4.492-v:65.000)-(t:4.496-v:64.000)-(t:4.500-v:63.000)-(t:4.505-v:62.000)-(t:4.511-v:61.000)-(t:4.519-v:60.000)-(t:4.524-v:59.000)-(t:4.530-v:57.000)-(t:4.534-v:56.000)-(t:4.541-v:54.000)-(t:4.549-v:53.000)-(t:4.556-v:52.000)-(t:4.561-v:51.000)-(t:4.566-v:50.000)-(t:4.573-v:48.000)-(t:4.578-v:47.000)-(t:4.586-v:45.000)-(t:4.593-v:44.000)-(t:4.597-v:43.000)-(t:4.603-v:40.000)-(t:4.609-v:38.000)-(t:4.615-v:37.000)-(t:4.628-v:36.000)-(t:4.639-v:35.000)-(t:4.647-v:34.000)-(t:4.651-v:33.000)-(t:4.656-v:32.000)-(t:4.660-v:31.000)-(t:4.693-v:30.000)-(t:4.705-v:29.000)-(t:4.716-v:28.000)-(t:4.730-v:27.000)-(t:4.744-v:25.000)-(t:4.778-v:24.000)-(t:4.792-v:23.000)-(t:4.807-v:22.000)-(t:4.820-v:21.000)-(t:4.889-v:20.000)-(t:4.918-v:19.000)-(t:4.937-v:17.000)-(t:4.953-v:16.000)-(t:4.977-v:15.000)-(t:5.005-v:14.000)-(t:5.028-v:13.000)-(t:5.060-v:12.000)-(t:5.087-v:11.000)-(t:5.135-v:10.000)-(t:5.157-v:8.000)-(t:5.269-v:7.000)-(t:5.293-v:6.000)-(t:5.328-v:5.000)-(t:5.353-v:4.000)-(t:5.394-v:3.000)-(t:5.766-v:2.000)-(t:6.151-v:1.000)-(t:7.318-v:0.000)],7.318
examples/csp/csp_300/carseq_300_8_20_40.txt,dqn,r1,300,2.0,[(t:9.079-v:381.000)-(t:9.103-v:375.000)-(t:9.119-v:374.000)-(t:9.140-v:370.000)-(t:9.150-v:369.000)-(t:9.166-v:366.000)-(t:9.178-v:365.000)-(t:9.193-v:361.000)-(t:9.207-v:360.000)-(t:9.220-v:359.000)-(t:9.229-v:356.000)-(t:9.238-v:355.000)-(t:9.249-v:354.000)-(t:9.258-v:352.000)-(t:9.266-v:351.000)-(t:9.275-v:349.000)-(t:9.284-v:348.000)-(t:9.297-v:345.000)-(t:9.306-v:344.000)-(t:9.314-v:341.000)-(t:9.328-v:338.000)-(t:9.340-v:336.000)-(t:9.353-v:335.000)-(t:9.366-v:334.000)-(t:9.375-v:332.000)-(t:9.385-v:331.000)-(t:9.393-v:330.000)-(t:9.404-v:329.000)-(t:9.417-v:327.000)-(t:9.429-v:325.000)-(t:9.439-v:323.000)-(t:9.449-v:322.000)-(t:9.458-v:321.000)-(t:9.466-v:320.000)-(t:9.473-v:319.000)-(t:9.481-v:317.000)-(t:9.493-v:316.000)-(t:9.506-v:314.000)-(t:9.518-v:313.000)-(t:9.530-v:312.000)-(t:9.542-v:310.000)-(t:9.554-v:309.000)-(t:9.563-v:308.000)-(t:9.581-v:307.000)-(t:9.592-v:306.000)-(t:9.603-v:304.000)-(t:9.611-v:300.000)-(t:9.620-v:299.000)-(t:9.639-v:298.000)-(t:9.649-v:295.000)-(t:9.659-v:294.000)-(t:9.671-v:292.000)-(t:9.678-v:289.000)-(t:9.688-v:287.000)-(t:9.695-v:284.000)-(t:9.703-v:283.000)-(t:9.711-v:280.000)-(t:9.719-v:279.000)-(t:9.727-v:278.000)-(t:9.737-v:277.000)-(t:9.811-v:275.000)-(t:9.833-v:274.000)-(t:9.857-v:272.000)-(t:9.878-v:271.000)-(t:9.900-v:270.000)-(t:9.921-v:267.000)-(t:9.941-v:264.000)-(t:9.961-v:263.000)-(t:9.981-v:261.000)-(t:10.002-v:260.000)-(t:10.021-v:259.000)-(t:10.046-v:258.000)-(t:10.066-v:257.000)-(t:10.086-v:254.000)-(t:10.105-v:252.000)-(t:10.126-v:251.000)-(t:10.157-v:250.000)-(t:10.178-v:249.000)-(t:10.198-v:247.000)-(t:10.223-v:246.000)-(t:10.245-v:245.000)-(t:10.265-v:243.000)-(t:10.288-v:242.000)-(t:10.313-v:241.000)-(t:10.335-v:239.000)-(t:10.356-v:238.000)-(t:10.396-v:237.000)-(t:10.422-v:235.000)-(t:10.447-v:234.000)-(t:10.468-v:233.000)-(t:10.498-v:231.000)-(t:10.532-v:230.000)-(t:10.555-v:228.000)-(t:10.576-v:227.000)-(t:10.598-v:226.000)-(t:10.629-v:225.000)-(t:10.650-v:222.000)-(t:10.676-v:219.000)-(t:10.698-v:217.000)-(t:10.721-v:215.000)-(t:10.752-v:214.000)-(t:10.773-v:213.000)-(t:10.792-v:212.000)-(t:10.838-v:211.000)-(t:10.857-v:210.000)-(t:10.878-v:209.000)-(t:10.898-v:208.000)-(t:10.917-v:206.000)-(t:10.940-v:205.000)-(t:10.962-v:204.000)-(t:10.985-v:202.000)-(t:11.007-v:201.000)-(t:11.044-v:199.000)-(t:11.067-v:198.000)-(t:11.088-v:197.000)-(t:11.181-v:196.000)-(t:11.247-v:195.000)-(t:11.269-v:193.000)-(t:11.286-v:191.000)-(t:11.307-v:190.000)-(t:11.325-v:188.000)-(t:11.350-v:187.000)-(t:11.373-v:186.000)-(t:11.408-v:185.000)-(t:11.431-v:184.000)-(t:11.457-v:183.000)-(t:11.483-v:181.000)-(t:11.510-v:180.000)-(t:11.529-v:179.000)-(t:11.554-v:178.000)-(t:11.576-v:177.000)-(t:11.600-v:175.000)-(t:11.626-v:174.000)-(t:11.652-v:173.000)-(t:11.678-v:171.000)-(t:11.702-v:169.000)-(t:11.727-v:168.000)-(t:11.749-v:167.000)-(t:11.777-v:166.000)-(t:11.798-v:165.000)-(t:11.823-v:164.000)-(t:11.847-v:163.000)-(t:11.871-v:162.000)-(t:11.900-v:161.000)-(t:11.927-v:159.000)-(t:11.946-v:158.000)-(t:11.970-v:157.000)-(t:11.994-v:156.000)-(t:12.016-v:155.000)-(t:12.039-v:154.000)-(t:12.060-v:153.000)-(t:12.078-v:152.000)-(t:12.100-v:151.000)-(t:12.126-v:150.000)-(t:12.154-v:149.000)-(t:12.176-v:148.000)-(t:12.221-v:147.000)-(t:12.247-v:145.000)-(t:12.265-v:144.000)-(t:12.292-v:143.000)-(t:12.319-v:142.000)-(t:12.340-v:141.000)-(t:12.365-v:140.000)-(t:12.389-v:139.000)-(t:12.412-v:138.000)-(t:12.434-v:137.000)-(t:12.455-v:135.000)-(t:12.481-v:133.000)-(t:12.509-v:131.000)-(t:12.536-v:130.000)-(t:12.575-v:129.000)-(t:12.599-v:128.000)-(t:12.653-v:127.000)-(t:12.692-v:126.000)-(t:12.716-v:125.000)-(t:12.742-v:124.000)-(t:12.766-v:123.000)-(t:12.788-v:120.000)-(t:12.816-v:119.000)-(t:12.909-v:118.000)-(t:12.933-v:117.000)-(t:12.956-v:115.000)-(t:12.979-v:114.000)-(t:13.002-v:113.000)-(t:13.031-v:112.000)-(t:13.057-v:111.000)-(t:13.128-v:110.000)-(t:13.154-v:109.000)-(t:13.178-v:108.000)-(t:13.199-v:107.000)-(t:13.256-v:106.000)-(t:13.282-v:105.000)-(t:13.307-v:104.000)-(t:13.330-v:102.000)-(t:13.352-v:101.000)-(t:13.379-v:100.000)-(t:13.401-v:99.000)-(t:13.425-v:98.000)-(t:13.448-v:96.000)-(t:13.471-v:94.000)-(t:13.498-v:93.000)-(t:13.527-v:91.000)-(t:13.552-v:90.000)-(t:13.633-v:89.000)-(t:13.658-v:88.000)-(t:13.678-v:87.000)-(t:13.704-v:86.000)-(t:13.730-v:85.000)-(t:13.795-v:84.000)-(t:13.855-v:83.000)-(t:13.885-v:80.000)-(t:14.035-v:79.000)-(t:14.061-v:78.000)-(t:14.089-v:77.000)-(t:14.114-v:76.000)-(t:14.138-v:75.000)-(t:14.164-v:73.000)-(t:14.357-v:72.000)-(t:14.382-v:71.000)-(t:14.404-v:70.000)-(t:14.424-v:69.000)-(t:14.492-v:68.000)-(t:14.530-v:67.000)-(t:14.558-v:66.000)-(t:14.581-v:65.000)-(t:14.598-v:64.000)-(t:14.629-v:63.000)-(t:14.648-v:62.000)-(t:14.671-v:61.000)-(t:14.689-v:60.000)-(t:14.709-v:59.000)-(t:14.872-v:58.000)-(t:14.893-v:57.000)-(t:14.930-v:56.000)-(t:14.958-v:55.000)-(t:14.985-v:54.000)-(t:15.007-v:53.000)-(t:15.036-v:52.000)-(t:15.132-v:51.000)-(t:15.324-v:50.000)-(t:15.366-v:49.000)-(t:15.581-v:48.000)-(t:15.630-v:47.000)-(t:15.692-v:46.000)-(t:15.719-v:45.000)-(t:16.311-v:44.000)-(t:16.371-v:43.000)-(t:16.424-v:42.000)-(t:16.558-v:41.000)-(t:16.740-v:40.000)-(t:16.771-v:39.000)-(t:16.807-v:38.000)-(t:16.846-v:37.000)-(t:16.889-v:36.000)-(t:16.919-v:35.000)-(t:16.951-v:34.000)-(t:16.987-v:33.000)-(t:17.025-v:32.000)-(t:17.074-v:31.000)-(t:17.145-v:30.000)-(t:17.165-v:29.000)-(t:17.234-v:28.000)-(t:17.273-v:27.000)-(t:17.355-v:26.000)-(t:17.398-v:25.000)-(t:17.470-v:24.000)-(t:17.501-v:23.000)-(t:18.470-v:22.000)-(t:18.800-v:21.000)-(t:18.837-v:20.000)-(t:18.934-v:19.000)-(t:19.026-v:18.000)-(t:19.231-v:17.000)-(t:23.532-v:16.000)-(t:23.880-v:15.000)-(t:23.924-v:14.000)-(t:27.042-v:13.000)-(t:27.189-v:12.000)-(t:27.911-v:11.000)-(t:42.481-v:10.000)-(t:44.202-v:9.000)-(t:46.456-v:8.000)-(t:49.608-v:7.000)-(t:49.687-v:6.000)-(t:49.739-v:5.000)-(t:78.570-v:4.000)-(t:80.563-v:3.000)-(t:154.037-v:2.000)],300.0
examples/csp/csp_100/carseq_100_8_20_94.txt,dqn,r1,300,0.0,[(t:4.789-v:103.000)-(t:4.801-v:101.000)-(t:4.810-v:97.000)-(t:4.831-v:94.000)-(t:4.843-v:92.000)-(t:4.852-v:91.000)-(t:4.857-v:89.000)-(t:4.864-v:87.000)-(t:4.872-v:85.000)-(t:4.880-v:83.000)-(t:4.889-v:81.000)-(t:4.897-v:79.000)-(t:4.907-v:78.000)-(t:4.916-v:77.000)-(t:4.925-v:74.000)-(t:4.933-v:73.000)-(t:4.942-v:72.000)-(t:4.957-v:71.000)-(t:4.969-v:70.000)-(t:4.979-v:69.000)-(t:4.992-v:68.000)-(t:4.996-v:67.000)-(t:5.002-v:63.000)-(t:5.008-v:60.000)-(t:5.013-v:58.000)-(t:5.019-v:55.000)-(t:5.025-v:54.000)-(t:5.031-v:52.000)-(t:5.038-v:50.000)-(t:5.045-v:49.000)-(t:5.052-v:48.000)-(t:5.059-v:46.000)-(t:5.069-v:45.000)-(t:5.080-v:43.000)-(t:5.102-v:42.000)-(t:5.109-v:41.000)-(t:5.115-v:40.000)-(t:5.121-v:39.000)-(t:5.126-v:37.000)-(t:5.132-v:35.000)-(t:5.141-v:33.000)-(t:5.147-v:31.000)-(t:5.153-v:30.000)-(t:5.186-v:29.000)-(t:5.210-v:28.000)-(t:5.270-v:27.000)-(t:5.275-v:26.000)-(t:5.284-v:25.000)-(t:5.293-v:24.000)-(t:5.298-v:23.000)-(t:5.318-v:22.000)-(t:5.325-v:21.000)-(t:5.361-v:20.000)-(t:5.364-v:19.000)-(t:5.376-v:18.000)-(t:5.437-v:17.000)-(t:5.454-v:16.000)-(t:5.519-v:15.000)-(t:5.541-v:14.000)-(t:5.559-v:13.000)-(t:5.572-v:12.000)-(t:5.635-v:11.000)-(t:5.657-v:10.000)-(t:5.685-v:9.000)-(t:5.721-v:8.000)-(t:5.738-v:7.000)-(t:5.755-v:6.000)-(t:6.257-v:5.000)-(t:6.285-v:4.000)-(t:6.317-v:3.000)-(t:6.694-v:2.000)-(t:7.791-v:1.000)-(t:11.820-v:0.000)],11.82
examples/csp/csp_300/carseq_300_8_20_81.txt,dqn,r1,300,1.0,[(t:4.340-v:376.000)-(t:4.359-v:373.000)-(t:4.372-v:372.000)-(t:4.393-v:371.000)-(t:4.407-v:369.000)-(t:4.421-v:365.000)-(t:4.434-v:362.000)-(t:4.447-v:360.000)-(t:4.459-v:359.000)-(t:4.472-v:356.000)-(t:4.479-v:355.000)-(t:4.486-v:353.000)-(t:4.502-v:350.000)-(t:4.512-v:348.000)-(t:4.522-v:347.000)-(t:4.533-v:342.000)-(t:4.547-v:341.000)-(t:4.562-v:336.000)-(t:4.576-v:335.000)-(t:4.585-v:332.000)-(t:4.593-v:330.000)-(t:4.602-v:329.000)-(t:4.616-v:327.000)-(t:4.629-v:325.000)-(t:4.638-v:322.000)-(t:4.646-v:320.000)-(t:4.654-v:319.000)-(t:4.662-v:316.000)-(t:4.670-v:315.000)-(t:4.679-v:314.000)-(t:4.687-v:313.000)-(t:4.696-v:310.000)-(t:4.707-v:309.000)-(t:4.716-v:308.000)-(t:4.725-v:307.000)-(t:4.735-v:304.000)-(t:4.747-v:303.000)-(t:4.757-v:302.000)-(t:4.768-v:300.000)-(t:4.779-v:296.000)-(t:4.791-v:295.000)-(t:4.802-v:294.000)-(t:4.810-v:290.000)-(t:4.833-v:289.000)-(t:4.846-v:286.000)-(t:4.853-v:285.000)-(t:4.862-v:284.000)-(t:4.870-v:282.000)-(t:4.881-v:281.000)-(t:4.892-v:280.000)-(t:4.899-v:278.000)-(t:4.907-v:276.000)-(t:4.916-v:272.000)-(t:4.930-v:271.000)-(t:4.938-v:270.000)-(t:4.947-v:268.000)-(t:4.955-v:266.000)-(t:4.965-v:265.000)-(t:4.976-v:264.000)-(t:4.985-v:263.000)-(t:5.023-v:261.000)-(t:5.045-v:260.000)-(t:5.064-v:259.000)-(t:5.084-v:258.000)-(t:5.107-v:257.000)-(t:5.124-v:256.000)-(t:5.146-v:252.000)-(t:5.170-v:250.000)-(t:5.191-v:249.000)-(t:5.213-v:247.000)-(t:5.238-v:246.000)-(t:5.264-v:245.000)-(t:5.285-v:243.000)-(t:5.309-v:242.000)-(t:5.331-v:241.000)-(t:5.357-v:240.000)-(t:5.376-v:239.000)-(t:5.394-v:237.000)-(t:5.420-v:234.000)-(t:5.439-v:232.000)-(t:5.459-v:231.000)-(t:5.477-v:230.000)-(t:5.500-v:228.000)-(t:5.524-v:227.000)-(t:5.564-v:226.000)-(t:5.587-v:223.000)-(t:5.609-v:222.000)-(t:5.633-v:221.000)-(t:5.651-v:219.000)-(t:5.670-v:218.000)-(t:5.687-v:217.000)-(t:5.705-v:216.000)-(t:5.727-v:214.000)-(t:5.746-v:213.000)-(t:5.766-v:212.000)-(t:5.785-v:211.000)-(t:5.806-v:210.000)-(t:5.827-v:209.000)-(t:5.846-v:207.000)-(t:5.868-v:204.000)-(t:5.889-v:203.000)-(t:5.921-v:202.000)-(t:5.943-v:201.000)-(t:5.970-v:200.000)-(t:5.994-v:199.000)-(t:6.019-v:198.000)-(t:6.044-v:197.000)-(t:6.073-v:196.000)-(t:6.098-v:193.000)-(t:6.124-v:192.000)-(t:6.155-v:191.000)-(t:6.181-v:189.000)-(t:6.202-v:188.000)-(t:6.220-v:187.000)-(t:6.238-v:186.000)-(t:6.260-v:185.000)-(t:6.278-v:184.000)-(t:6.298-v:180.000)-(t:6.322-v:178.000)-(t:6.346-v:177.000)-(t:6.362-v:176.000)-(t:6.384-v:174.000)-(t:6.403-v:168.000)-(t:6.432-v:167.000)-(t:6.457-v:166.000)-(t:6.476-v:165.000)-(t:6.495-v:164.000)-(t:6.515-v:163.000)-(t:6.541-v:162.000)-(t:6.564-v:161.000)-(t:6.590-v:160.000)-(t:6.614-v:159.000)-(t:6.642-v:157.000)-(t:6.664-v:156.000)-(t:6.683-v:155.000)-(t:6.707-v:154.000)-(t:6.726-v:153.000)-(t:6.742-v:152.000)-(t:6.762-v:150.000)-(t:6.782-v:149.000)-(t:6.801-v:147.000)-(t:6.819-v:146.000)-(t:6.839-v:145.000)-(t:6.861-v:143.000)-(t:6.881-v:142.000)-(t:6.911-v:140.000)-(t:6.933-v:138.000)-(t:6.955-v:137.000)-(t:6.974-v:136.000)-(t:6.996-v:135.000)-(t:7.018-v:133.000)-(t:7.044-v:132.000)-(t:7.065-v:131.000)-(t:7.089-v:130.000)-(t:7.120-v:129.000)-(t:7.162-v:128.000)-(t:7.203-v:127.000)-(t:7.238-v:126.000)-(t:7.265-v:125.000)-(t:7.301-v:124.000)-(t:7.323-v:121.000)-(t:7.340-v:120.000)-(t:7.372-v:119.000)-(t:7.396-v:117.000)-(t:7.430-v:116.000)-(t:7.478-v:115.000)-(t:7.505-v:113.000)-(t:7.531-v:112.000)-(t:7.554-v:111.000)-(t:7.579-v:110.000)-(t:7.603-v:109.000)-(t:7.634-v:108.000)-(t:7.661-v:107.000)-(t:7.691-v:105.000)-(t:7.759-v:104.000)-(t:7.780-v:103.000)-(t:7.813-v:102.000)-(t:7.833-v:101.000)-(t:7.973-v:100.000)-(t:7.997-v:99.000)-(t:8.019-v:98.000)-(t:8.141-v:97.000)-(t:8.291-v:96.000)-(t:8.318-v:95.000)-(t:8.351-v:94.000)-(t:8.380-v:93.000)-(t:8.412-v:92.000)-(t:8.439-v:91.000)-(t:8.521-v:90.000)-(t:8.542-v:89.000)-(t:8.585-v:88.000)-(t:8.608-v:87.000)-(t:8.630-v:85.000)-(t:8.654-v:84.000)-(t:8.723-v:82.000)-(t:8.743-v:81.000)-(t:8.760-v:80.000)-(t:8.778-v:79.000)-(t:8.798-v:78.000)-(t:8.818-v:77.000)-(t:8.860-v:75.000)-(t:8.895-v:74.000)-(t:8.918-v:73.000)-(t:9.182-v:72.000)-(t:9.388-v:71.000)-(t:9.598-v:69.000)-(t:9.918-v:68.000)-(t:9.943-v:67.000)-(t:9.971-v:66.000)-(t:10.320-v:65.000)-(t:10.344-v:64.000)-(t:10.370-v:63.000)-(t:10.412-v:62.000)-(t:10.445-v:61.000)-(t:10.477-v:60.000)-(t:10.505-v:59.000)-(t:10.531-v:58.000)-(t:10.556-v:57.000)-(t:10.588-v:56.000)-(t:10.641-v:55.000)-(t:10.697-v:54.000)-(t:10.721-v:53.000)-(t:10.762-v:52.000)-(t:10.788-v:51.000)-(t:10.837-v:50.000)-(t:10.868-v:49.000)-(t:10.909-v:48.000)-(t:11.004-v:47.000)-(t:11.030-v:46.000)-(t:11.099-v:45.000)-(t:11.126-v:44.000)-(t:11.162-v:43.000)-(t:11.193-v:42.000)-(t:11.522-v:41.000)-(t:11.568-v:40.000)-(t:11.942-v:39.000)-(t:11.981-v:38.000)-(t:12.018-v:37.000)-(t:12.043-v:36.000)-(t:12.084-v:35.000)-(t:12.135-v:34.000)-(t:12.160-v:33.000)-(t:12.221-v:32.000)-(t:12.294-v:31.000)-(t:12.333-v:30.000)-(t:12.364-v:29.000)-(t:12.477-v:28.000)-(t:12.628-v:27.000)-(t:12.666-v:26.000)-(t:13.020-v:25.000)-(t:13.111-v:24.000)-(t:13.156-v:23.000)-(t:13.209-v:22.000)-(t:13.263-v:21.000)-(t:13.331-v:20.000)-(t:13.357-v:19.000)-(t:13.496-v:18.000)-(t:13.544-v:17.000)-(t:13.741-v:16.000)-(t:13.804-v:15.000)-(t:13.893-v:14.000)-(t:14.029-v:13.000)-(t:14.169-v:12.000)-(t:14.935-v:11.000)-(t:16.016-v:10.000)-(t:16.477-v:9.000)-(t:16.656-v:8.000)-(t:23.164-v:7.000)-(t:30.015-v:6.000)-(t:30.140-v:5.000)-(t:30.188-v:4.000)-(t:30.288-v:3.000)-(t:34.246-v:2.000)-(t:64.089-v:1.000)],300.0
examples/csp/csp_300/pb_300_06.txt,dqn,r1,300,4.0,[(t:4.424-v:383.000)-(t:4.451-v:382.000)-(t:4.467-v:378.000)-(t:4.478-v:376.000)-(t:4.501-v:375.000)-(t:4.521-v:370.000)-(t:4.536-v:369.000)-(t:4.550-v:368.000)-(t:4.562-v:367.000)-(t:4.577-v:365.000)-(t:4.589-v:360.000)-(t:4.600-v:358.000)-(t:4.608-v:355.000)-(t:4.618-v:354.000)-(t:4.629-v:349.000)-(t:4.641-v:347.000)-(t:4.650-v:345.000)-(t:4.663-v:343.000)-(t:4.674-v:342.000)-(t:4.682-v:341.000)-(t:4.692-v:340.000)-(t:4.703-v:339.000)-(t:4.714-v:336.000)-(t:4.721-v:335.000)-(t:4.730-v:330.000)-(t:4.745-v:329.000)-(t:4.753-v:328.000)-(t:4.762-v:327.000)-(t:4.772-v:326.000)-(t:4.779-v:325.000)-(t:4.788-v:324.000)-(t:4.798-v:322.000)-(t:4.839-v:321.000)-(t:4.847-v:320.000)-(t:4.854-v:316.000)-(t:4.866-v:312.000)-(t:4.877-v:311.000)-(t:4.886-v:310.000)-(t:4.895-v:308.000)-(t:4.904-v:304.000)-(t:4.919-v:302.000)-(t:4.931-v:300.000)-(t:4.944-v:298.000)-(t:4.954-v:297.000)-(t:4.960-v:296.000)-(t:4.966-v:295.000)-(t:4.973-v:292.000)-(t:4.981-v:291.000)-(t:4.990-v:290.000)-(t:4.999-v:289.000)-(t:5.006-v:286.000)-(t:5.015-v:285.000)-(t:5.022-v:284.000)-(t:5.031-v:283.000)-(t:5.039-v:282.000)-(t:5.049-v:281.000)-(t:5.059-v:280.000)-(t:5.069-v:278.000)-(t:5.079-v:277.000)-(t:5.088-v:276.000)-(t:5.129-v:274.000)-(t:5.146-v:273.000)-(t:5.167-v:270.000)-(t:5.190-v:269.000)-(t:5.214-v:268.000)-(t:5.235-v:265.000)-(t:5.254-v:263.000)-(t:5.277-v:262.000)-(t:5.304-v:261.000)-(t:5.324-v:259.000)-(t:5.348-v:258.000)-(t:5.385-v:256.000)-(t:5.408-v:254.000)-(t:5.428-v:253.000)-(t:5.444-v:252.000)-(t:5.465-v:250.000)-(t:5.491-v:249.000)-(t:5.513-v:247.000)-(t:5.537-v:246.000)-(t:5.562-v:245.000)-(t:5.578-v:244.000)-(t:5.598-v:243.000)-(t:5.623-v:242.000)-(t:5.646-v:240.000)-(t:5.667-v:239.000)-(t:5.690-v:237.000)-(t:5.716-v:236.000)-(t:5.736-v:235.000)-(t:5.762-v:234.000)-(t:5.787-v:232.000)-(t:5.805-v:230.000)-(t:5.826-v:229.000)-(t:5.848-v:228.000)-(t:5.867-v:227.000)-(t:5.896-v:226.000)-(t:5.933-v:225.000)-(t:5.970-v:222.000)-(t:5.993-v:219.000)-(t:6.016-v:217.000)-(t:6.043-v:216.000)-(t:6.069-v:215.000)-(t:6.095-v:214.000)-(t:6.119-v:213.000)-(t:6.143-v:212.000)-(t:6.159-v:211.000)-(t:6.182-v:210.000)-(t:6.206-v:209.000)-(t:6.230-v:208.000)-(t:6.250-v:206.000)-(t:6.270-v:205.000)-(t:6.299-v:204.000)-(t:6.319-v:203.000)-(t:6.344-v:202.000)-(t:6.369-v:201.000)-(t:6.398-v:200.000)-(t:6.432-v:199.000)-(t:6.477-v:198.000)-(t:6.495-v:197.000)-(t:6.517-v:195.000)-(t:6.537-v:193.000)-(t:6.556-v:190.000)-(t:6.581-v:189.000)-(t:6.601-v:188.000)-(t:6.626-v:187.000)-(t:6.646-v:186.000)-(t:6.678-v:185.000)-(t:6.700-v:184.000)-(t:6.724-v:183.000)-(t:6.748-v:182.000)-(t:6.768-v:181.000)-(t:6.789-v:179.000)-(t:6.808-v:178.000)-(t:6.830-v:177.000)-(t:6.853-v:176.000)-(t:6.874-v:174.000)-(t:6.894-v:173.000)-(t:6.917-v:172.000)-(t:6.943-v:171.000)-(t:6.962-v:170.000)-(t:6.983-v:169.000)-(t:7.011-v:167.000)-(t:7.031-v:166.000)-(t:7.049-v:164.000)-(t:7.069-v:163.000)-(t:7.093-v:162.000)-(t:7.113-v:161.000)-(t:7.138-v:160.000)-(t:7.165-v:159.000)-(t:7.211-v:158.000)-(t:7.232-v:157.000)-(t:7.260-v:156.000)-(t:7.284-v:155.000)-(t:7.308-v:154.000)-(t:7.325-v:153.000)-(t:7.345-v:152.000)-(t:7.376-v:151.000)-(t:7.395-v:150.000)-(t:7.419-v:149.000)-(t:7.436-v:148.000)-(t:7.456-v:147.000)-(t:7.479-v:145.000)-(t:7.498-v:144.000)-(t:7.521-v:143.000)-(t:7.543-v:141.000)-(t:7.561-v:140.000)-(t:7.584-v:139.000)-(t:7.606-v:138.000)-(t:7.626-v:137.000)-(t:7.653-v:136.000)-(t:7.672-v:135.000)-(t:7.689-v:134.000)-(t:7.710-v:133.000)-(t:7.731-v:131.000)-(t:7.756-v:130.000)-(t:7.778-v:129.000)-(t:7.799-v:128.000)-(t:7.820-v:126.000)-(t:7.839-v:125.000)-(t:7.865-v:124.000)-(t:7.886-v:123.000)-(t:7.906-v:122.000)-(t:7.932-v:120.000)-(t:7.955-v:117.000)-(t:8.037-v:116.000)-(t:8.055-v:114.000)-(t:8.078-v:113.000)-(t:8.101-v:111.000)-(t:8.127-v:110.000)-(t:8.147-v:109.000)-(t:8.169-v:108.000)-(t:8.195-v:106.000)-(t:8.220-v:105.000)-(t:8.238-v:103.000)-(t:8.273-v:102.000)-(t:8.332-v:101.000)-(t:8.354-v:99.000)-(t:8.381-v:97.000)-(t:8.405-v:96.000)-(t:8.497-v:95.000)-(t:8.523-v:94.000)-(t:8.549-v:93.000)-(t:8.571-v:92.000)-(t:8.596-v:91.000)-(t:8.629-v:90.000)-(t:8.683-v:89.000)-(t:8.731-v:88.000)-(t:8.762-v:87.000)-(t:8.799-v:86.000)-(t:8.823-v:85.000)-(t:8.877-v:84.000)-(t:8.899-v:83.000)-(t:8.934-v:82.000)-(t:9.010-v:81.000)-(t:9.100-v:80.000)-(t:9.227-v:79.000)-(t:9.250-v:78.000)-(t:9.280-v:77.000)-(t:9.416-v:76.000)-(t:9.438-v:75.000)-(t:9.470-v:74.000)-(t:9.502-v:72.000)-(t:9.523-v:71.000)-(t:9.546-v:70.000)-(t:9.568-v:69.000)-(t:9.593-v:68.000)-(t:9.610-v:67.000)-(t:9.628-v:66.000)-(t:9.656-v:64.000)-(t:9.684-v:63.000)-(t:9.704-v:62.000)-(t:9.726-v:61.000)-(t:9.769-v:60.000)-(t:9.791-v:59.000)-(t:9.815-v:58.000)-(t:9.834-v:57.000)-(t:9.879-v:56.000)-(t:9.907-v:55.000)-(t:9.937-v:54.000)-(t:10.030-v:53.000)-(t:10.056-v:52.000)-(t:10.231-v:51.000)-(t:10.256-v:50.000)-(t:10.287-v:49.000)-(t:10.303-v:48.000)-(t:10.324-v:47.000)-(t:10.345-v:46.000)-(t:10.520-v:45.000)-(t:10.556-v:44.000)-(t:10.589-v:43.000)-(t:10.636-v:42.000)-(t:10.776-v:41.000)-(t:11.030-v:40.000)-(t:11.054-v:38.000)-(t:11.076-v:37.000)-(t:11.106-v:36.000)-(t:11.205-v:35.000)-(t:11.228-v:34.000)-(t:11.646-v:33.000)-(t:11.675-v:32.000)-(t:11.722-v:31.000)-(t:11.760-v:30.000)-(t:11.870-v:29.000)-(t:11.937-v:28.000)-(t:11.961-v:27.000)-(t:11.996-v:26.000)-(t:12.021-v:25.000)-(t:12.101-v:24.000)-(t:12.201-v:23.000)-(t:12.298-v:22.000)-(t:12.432-v:21.000)-(t:12.478-v:20.000)-(t:12.523-v:19.000)-(t:12.565-v:18.000)-(t:12.688-v:17.000)-(t:12.916-v:16.000)-(t:20.781-v:15.000)-(t:21.005-v:14.000)-(t:21.062-v:13.000)-(t:42.532-v:12.000)-(t:43.273-v:11.000)-(t:43.323-v:10.000)-(t:77.190-v:9.000)-(t:95.016-v:8.000)-(t:138.818-v:7.000)-(t:159.084-v:6.000)-(t:163.362-v:5.000)-(t:164.012-v:4.000)],300.0
examples/csp/csp_300/pb_300_07.txt,dqn,r1,300,1.0,[(t:4.576-v:399.000)-(t:4.599-v:398.000)-(t:4.616-v:393.000)-(t:4.629-v:392.000)-(t:4.647-v:391.000)-(t:4.659-v:390.000)-(t:4.671-v:388.000)-(t:4.684-v:381.000)-(t:4.692-v:378.000)-(t:4.702-v:376.000)-(t:4.710-v:372.000)-(t:4.717-v:368.000)-(t:4.726-v:365.000)-(t:4.735-v:359.000)-(t:4.749-v:355.000)-(t:4.760-v:354.000)-(t:4.768-v:348.000)-(t:4.781-v:347.000)-(t:4.792-v:346.000)-(t:4.799-v:342.000)-(t:4.810-v:341.000)-(t:4.823-v:339.000)-(t:4.833-v:338.000)-(t:4.843-v:336.000)-(t:4.854-v:335.000)-(t:4.865-v:333.000)-(t:4.873-v:331.000)-(t:4.883-v:328.000)-(t:4.894-v:325.000)-(t:4.903-v:324.000)-(t:4.913-v:323.000)-(t:4.923-v:321.000)-(t:4.935-v:320.000)-(t:4.945-v:318.000)-(t:4.953-v:315.000)-(t:4.961-v:309.000)-(t:4.970-v:307.000)-(t:4.978-v:304.000)-(t:4.986-v:303.000)-(t:4.994-v:301.000)-(t:5.004-v:300.000)-(t:5.011-v:299.000)-(t:5.018-v:295.000)-(t:5.028-v:293.000)-(t:5.036-v:290.000)-(t:5.043-v:289.000)-(t:5.054-v:288.000)-(t:5.060-v:287.000)-(t:5.067-v:285.000)-(t:5.074-v:283.000)-(t:5.081-v:281.000)-(t:5.090-v:280.000)-(t:5.105-v:279.000)-(t:5.112-v:278.000)-(t:5.121-v:275.000)-(t:5.129-v:274.000)-(t:5.135-v:272.000)-(t:5.145-v:270.000)-(t:5.152-v:268.000)-(t:5.162-v:266.000)-(t:5.207-v:265.000)-(t:5.228-v:264.000)-(t:5.246-v:263.000)-(t:5.264-v:262.000)-(t:5.282-v:261.000)-(t:5.299-v:259.000)-(t:5.318-v:258.000)-(t:5.336-v:257.000)-(t:5.353-v:256.000)-(t:5.371-v:255.000)-(t:5.388-v:254.000)-(t:5.405-v:253.000)-(t:5.434-v:252.000)-(t:5.469-v:251.000)-(t:5.509-v:250.000)-(t:5.541-v:249.000)-(t:5.557-v:248.000)-(t:5.573-v:247.000)-(t:5.589-v:245.000)-(t:5.607-v:244.000)-(t:5.625-v:243.000)-(t:5.643-v:242.000)-(t:5.664-v:241.000)-(t:5.686-v:239.000)-(t:5.707-v:238.000)-(t:5.729-v:237.000)-(t:5.753-v:236.000)-(t:5.771-v:233.000)-(t:5.794-v:232.000)-(t:5.814-v:230.000)-(t:5.833-v:229.000)-(t:5.851-v:228.000)-(t:5.869-v:227.000)-(t:5.886-v:226.000)-(t:5.907-v:225.000)-(t:5.930-v:224.000)-(t:5.950-v:223.000)-(t:5.973-v:220.000)-(t:5.992-v:219.000)-(t:6.014-v:218.000)-(t:6.037-v:217.000)-(t:6.057-v:216.000)-(t:6.078-v:214.000)-(t:6.096-v:213.000)-(t:6.117-v:212.000)-(t:6.134-v:211.000)-(t:6.159-v:210.000)-(t:6.177-v:208.000)-(t:6.201-v:207.000)-(t:6.227-v:206.000)-(t:6.249-v:205.000)-(t:6.276-v:204.000)-(t:6.298-v:203.000)-(t:6.320-v:202.000)-(t:6.343-v:200.000)-(t:6.367-v:198.000)-(t:6.385-v:197.000)-(t:6.403-v:195.000)-(t:6.423-v:193.000)-(t:6.444-v:192.000)-(t:6.465-v:191.000)-(t:6.487-v:190.000)-(t:6.506-v:189.000)-(t:6.529-v:188.000)-(t:6.549-v:187.000)-(t:6.571-v:186.000)-(t:6.591-v:185.000)-(t:6.615-v:184.000)-(t:6.637-v:183.000)-(t:6.660-v:182.000)-(t:6.678-v:181.000)-(t:6.696-v:180.000)-(t:6.715-v:179.000)-(t:6.742-v:178.000)-(t:6.762-v:176.000)-(t:6.787-v:175.000)-(t:6.807-v:174.000)-(t:6.826-v:173.000)-(t:6.845-v:172.000)-(t:6.862-v:171.000)-(t:6.886-v:170.000)-(t:6.904-v:169.000)-(t:6.921-v:168.000)-(t:6.937-v:167.000)-(t:6.957-v:166.000)-(t:6.978-v:165.000)-(t:7.000-v:164.000)-(t:7.020-v:163.000)-(t:7.043-v:162.000)-(t:7.064-v:161.000)-(t:7.085-v:160.000)-(t:7.109-v:159.000)-(t:7.127-v:158.000)-(t:7.146-v:157.000)-(t:7.164-v:156.000)-(t:7.183-v:155.000)-(t:7.203-v:154.000)-(t:7.221-v:153.000)-(t:7.239-v:152.000)-(t:7.266-v:151.000)-(t:7.292-v:149.000)-(t:7.308-v:147.000)-(t:7.329-v:146.000)-(t:7.350-v:145.000)-(t:7.369-v:144.000)-(t:7.409-v:143.000)-(t:7.442-v:142.000)-(t:7.464-v:141.000)-(t:7.487-v:139.000)-(t:7.514-v:138.000)-(t:7.543-v:137.000)-(t:7.567-v:134.000)-(t:7.586-v:133.000)-(t:7.609-v:132.000)-(t:7.670-v:131.000)-(t:7.693-v:130.000)-(t:7.734-v:128.000)-(t:7.753-v:126.000)-(t:7.963-v:125.000)-(t:7.985-v:123.000)-(t:8.015-v:122.000)-(t:8.082-v:121.000)-(t:8.144-v:120.000)-(t:8.182-v:118.000)-(t:8.209-v:117.000)-(t:8.282-v:116.000)-(t:8.302-v:115.000)-(t:8.324-v:114.000)-(t:8.346-v:113.000)-(t:8.398-v:112.000)-(t:8.424-v:111.000)-(t:8.448-v:110.000)-(t:8.471-v:109.000)-(t:8.491-v:108.000)-(t:8.512-v:107.000)-(t:8.532-v:106.000)-(t:8.559-v:104.000)-(t:8.583-v:103.000)-(t:8.604-v:102.000)-(t:8.622-v:101.000)-(t:8.642-v:100.000)-(t:8.666-v:99.000)-(t:8.731-v:98.000)-(t:8.748-v:97.000)-(t:8.768-v:96.000)-(t:8.789-v:95.000)-(t:8.809-v:94.000)-(t:8.936-v:93.000)-(t:9.042-v:92.000)-(t:9.080-v:91.000)-(t:9.102-v:90.000)-(t:9.121-v:89.000)-(t:9.141-v:88.000)-(t:9.181-v:87.000)-(t:9.202-v:86.000)-(t:9.222-v:85.000)-(t:9.242-v:84.000)-(t:9.263-v:83.000)-(t:9.287-v:82.000)-(t:9.313-v:81.000)-(t:9.335-v:80.000)-(t:9.361-v:79.000)-(t:9.384-v:78.000)-(t:9.407-v:77.000)-(t:9.442-v:76.000)-(t:9.547-v:75.000)-(t:9.586-v:74.000)-(t:9.605-v:73.000)-(t:9.721-v:72.000)-(t:9.742-v:71.000)-(t:9.763-v:70.000)-(t:9.798-v:69.000)-(t:9.818-v:68.000)-(t:9.864-v:67.000)-(t:9.885-v:66.000)-(t:9.906-v:65.000)-(t:9.940-v:64.000)-(t:10.147-v:63.000)-(t:10.170-v:62.000)-(t:10.198-v:61.000)-(t:10.227-v:60.000)-(t:10.301-v:59.000)-(t:10.398-v:58.000)-(t:10.431-v:57.000)-(t:10.457-v:56.000)-(t:10.496-v:55.000)-(t:10.682-v:54.000)-(t:10.700-v:53.000)-(t:10.718-v:52.000)-(t:10.742-v:51.000)-(t:10.971-v:50.000)-(t:10.992-v:49.000)-(t:11.205-v:48.000)-(t:11.336-v:47.000)-(t:11.514-v:46.000)-(t:11.543-v:45.000)-(t:11.663-v:44.000)-(t:11.701-v:43.000)-(t:11.730-v:42.000)-(t:11.756-v:41.000)-(t:12.231-v:40.000)-(t:12.266-v:39.000)-(t:12.323-v:38.000)-(t:12.360-v:37.000)-(t:12.393-v:36.000)-(t:12.424-v:35.000)-(t:12.455-v:34.000)-(t:12.496-v:33.000)-(t:12.537-v:32.000)-(t:12.567-v:31.000)-(t:12.611-v:30.000)-(t:12.661-v:29.000)-(t:12.712-v:28.000)-(t:13.136-v:27.000)-(t:13.237-v:26.000)-(t:13.284-v:25.000)-(t:13.327-v:24.000)-(t:13.395-v:23.000)-(t:13.535-v:22.000)-(t:17.180-v:21.000)-(t:17.227-v:20.000)-(t:17.304-v:19.000)-(t:17.392-v:18.000)-(t:17.428-v:17.000)-(t:17.531-v:16.000)-(t:19.640-v:15.000)-(t:19.700-v:14.000)-(t:19.723-v:13.000)-(t:19.803-v:12.000)-(t:23.271-v:11.000)-(t:23.342-v:10.000)-(t:23.430-v:9.000)-(t:24.849-v:8.000)-(t:24.995-v:7.000)-(t:33.755-v:6.000)-(t:37.655-v:5.000)-(t:40.943-v:4.000)-(t:49.486-v:3.000)-(t:51.090-v:2.000)-(t:93.964-v:1.000)],300.0
examples/csp/csp_300/pb_300_08.txt,dqn,r1,300,8.0,[(t:4.827-v:379.000)-(t:4.845-v:376.000)-(t:4.856-v:369.000)-(t:4.864-v:368.000)-(t:4.876-v:366.000)-(t:4.887-v:363.000)-(t:4.896-v:361.000)-(t:4.905-v:355.000)-(t:4.914-v:354.000)-(t:4.930-v:352.000)-(t:4.937-v:350.000)-(t:4.944-v:348.000)-(t:4.952-v:345.000)-(t:4.959-v:343.000)-(t:4.973-v:341.000)-(t:4.984-v:340.000)-(t:4.991-v:339.000)-(t:5.001-v:336.000)-(t:5.012-v:335.000)-(t:5.022-v:332.000)-(t:5.033-v:331.000)-(t:5.044-v:330.000)-(t:5.056-v:328.000)-(t:5.077-v:327.000)-(t:5.088-v:326.000)-(t:5.100-v:325.000)-(t:5.110-v:324.000)-(t:5.123-v:320.000)-(t:5.135-v:319.000)-(t:5.143-v:316.000)-(t:5.151-v:315.000)-(t:5.160-v:314.000)-(t:5.176-v:313.000)-(t:5.186-v:312.000)-(t:5.197-v:310.000)-(t:5.208-v:307.000)-(t:5.219-v:305.000)-(t:5.230-v:304.000)-(t:5.243-v:302.000)-(t:5.254-v:300.000)-(t:5.265-v:299.000)-(t:5.280-v:296.000)-(t:5.291-v:295.000)-(t:5.304-v:294.000)-(t:5.315-v:293.000)-(t:5.326-v:292.000)-(t:5.337-v:291.000)-(t:5.348-v:289.000)-(t:5.357-v:286.000)-(t:5.368-v:284.000)-(t:5.380-v:283.000)-(t:5.391-v:282.000)-(t:5.398-v:281.000)-(t:5.412-v:279.000)-(t:5.422-v:275.000)-(t:5.434-v:274.000)-(t:5.446-v:272.000)-(t:5.454-v:271.000)-(t:5.462-v:269.000)-(t:5.469-v:268.000)-(t:5.508-v:267.000)-(t:5.529-v:266.000)-(t:5.558-v:265.000)-(t:5.585-v:263.000)-(t:5.608-v:260.000)-(t:5.631-v:259.000)-(t:5.654-v:258.000)-(t:5.703-v:255.000)-(t:5.731-v:254.000)-(t:5.754-v:253.000)-(t:5.781-v:252.000)-(t:5.809-v:251.000)-(t:5.827-v:249.000)-(t:5.846-v:246.000)-(t:5.866-v:244.000)-(t:5.888-v:243.000)-(t:5.912-v:242.000)-(t:5.931-v:240.000)-(t:5.954-v:239.000)-(t:5.975-v:238.000)-(t:5.996-v:237.000)-(t:6.018-v:235.000)-(t:6.035-v:234.000)-(t:6.056-v:233.000)-(t:6.075-v:231.000)-(t:6.094-v:229.000)-(t:6.113-v:228.000)-(t:6.134-v:225.000)-(t:6.157-v:224.000)-(t:6.177-v:222.000)-(t:6.202-v:221.000)-(t:6.224-v:220.000)-(t:6.243-v:219.000)-(t:6.265-v:217.000)-(t:6.287-v:216.000)-(t:6.310-v:215.000)-(t:6.332-v:214.000)-(t:6.357-v:213.000)-(t:6.377-v:211.000)-(t:6.405-v:210.000)-(t:6.426-v:208.000)-(t:6.446-v:207.000)-(t:6.470-v:206.000)-(t:6.489-v:202.000)-(t:6.512-v:201.000)-(t:6.533-v:200.000)-(t:6.557-v:199.000)-(t:6.581-v:198.000)-(t:6.601-v:196.000)-(t:6.619-v:195.000)-(t:6.640-v:194.000)-(t:6.659-v:193.000)-(t:6.679-v:191.000)-(t:6.699-v:190.000)-(t:6.721-v:188.000)-(t:6.745-v:187.000)-(t:6.768-v:186.000)-(t:6.790-v:185.000)-(t:6.809-v:184.000)-(t:6.833-v:183.000)-(t:6.852-v:182.000)-(t:6.874-v:180.000)-(t:6.893-v:178.000)-(t:6.916-v:177.000)-(t:6.945-v:176.000)-(t:6.964-v:174.000)-(t:7.005-v:173.000)-(t:7.057-v:171.000)-(t:7.092-v:170.000)-(t:7.123-v:168.000)-(t:7.147-v:166.000)-(t:7.170-v:165.000)-(t:7.204-v:164.000)-(t:7.228-v:162.000)-(t:7.251-v:161.000)-(t:7.272-v:159.000)-(t:7.302-v:158.000)-(t:7.330-v:157.000)-(t:7.354-v:155.000)-(t:7.378-v:153.000)-(t:7.400-v:152.000)-(t:7.422-v:151.000)-(t:7.445-v:149.000)-(t:7.467-v:148.000)-(t:7.488-v:147.000)-(t:7.506-v:146.000)-(t:7.532-v:145.000)-(t:7.554-v:144.000)-(t:7.574-v:143.000)-(t:7.596-v:142.000)-(t:7.618-v:141.000)-(t:7.640-v:140.000)-(t:7.665-v:138.000)-(t:7.684-v:137.000)-(t:7.705-v:135.000)-(t:7.730-v:134.000)-(t:7.751-v:132.000)-(t:7.769-v:129.000)-(t:7.789-v:128.000)-(t:7.811-v:127.000)-(t:7.828-v:126.000)-(t:7.852-v:125.000)-(t:7.872-v:124.000)-(t:7.899-v:123.000)-(t:7.921-v:121.000)-(t:7.960-v:120.000)-(t:7.979-v:119.000)-(t:7.997-v:117.000)-(t:8.017-v:116.000)-(t:8.057-v:115.000)-(t:8.091-v:114.000)-(t:8.111-v:113.000)-(t:8.138-v:112.000)-(t:8.164-v:111.000)-(t:8.197-v:109.000)-(t:8.216-v:108.000)-(t:8.236-v:107.000)-(t:8.282-v:106.000)-(t:8.309-v:105.000)-(t:8.334-v:104.000)-(t:8.356-v:103.000)-(t:8.376-v:102.000)-(t:8.405-v:101.000)-(t:8.430-v:99.000)-(t:8.611-v:98.000)-(t:8.636-v:97.000)-(t:8.665-v:96.000)-(t:8.702-v:95.000)-(t:8.725-v:94.000)-(t:8.755-v:93.000)-(t:8.782-v:92.000)-(t:8.842-v:91.000)-(t:8.863-v:90.000)-(t:8.889-v:89.000)-(t:8.910-v:88.000)-(t:8.930-v:87.000)-(t:8.971-v:86.000)-(t:8.992-v:85.000)-(t:9.016-v:84.000)-(t:9.034-v:83.000)-(t:9.064-v:82.000)-(t:9.116-v:81.000)-(t:9.145-v:79.000)-(t:9.177-v:78.000)-(t:9.198-v:77.000)-(t:9.218-v:76.000)-(t:9.253-v:75.000)-(t:9.277-v:74.000)-(t:9.317-v:73.000)-(t:9.341-v:72.000)-(t:9.364-v:71.000)-(t:9.382-v:70.000)-(t:9.398-v:69.000)-(t:9.420-v:68.000)-(t:9.441-v:67.000)-(t:9.495-v:66.000)-(t:9.529-v:65.000)-(t:9.551-v:64.000)-(t:9.597-v:63.000)-(t:9.619-v:62.000)-(t:9.644-v:61.000)-(t:9.672-v:60.000)-(t:9.706-v:59.000)-(t:9.730-v:58.000)-(t:9.753-v:57.000)-(t:9.783-v:56.000)-(t:9.851-v:55.000)-(t:9.950-v:54.000)-(t:10.186-v:53.000)-(t:10.361-v:52.000)-(t:10.406-v:51.000)-(t:10.656-v:50.000)-(t:10.860-v:49.000)-(t:10.884-v:48.000)-(t:10.938-v:47.000)-(t:10.988-v:46.000)-(t:11.013-v:45.000)-(t:11.037-v:44.000)-(t:11.214-v:43.000)-(t:11.235-v:42.000)-(t:11.326-v:41.000)-(t:11.371-v:40.000)-(t:11.397-v:39.000)-(t:11.462-v:38.000)-(t:11.517-v:37.000)-(t:11.541-v:36.000)-(t:11.626-v:35.000)-(t:11.656-v:34.000)-(t:11.984-v:33.000)-(t:12.027-v:32.000)-(t:12.075-v:31.000)-(t:12.133-v:30.000)-(t:12.168-v:29.000)-(t:12.198-v:28.000)-(t:12.238-v:27.000)-(t:12.261-v:26.000)-(t:12.320-v:25.000)-(t:12.349-v:24.000)-(t:12.408-v:23.000)-(t:12.491-v:22.000)-(t:12.510-v:21.000)-(t:12.649-v:20.000)-(t:12.676-v:19.000)-(t:12.733-v:18.000)-(t:12.759-v:17.000)-(t:12.849-v:16.000)-(t:12.902-v:15.000)-(t:13.005-v:14.000)-(t:13.058-v:13.000)-(t:17.856-v:12.000)-(t:17.951-v:11.000)-(t:18.127-v:10.000)-(t:20.267-v:9.000)-(t:73.301-v:8.000)],300.0
examples/csp/csp_300/pb_300_09.txt,dqn,r1,300,8.0,[(t:4.166-v:410.000)-(t:4.190-v:408.000)-(t:4.201-v:403.000)-(t:4.208-v:400.000)-(t:4.222-v:397.000)-(t:4.239-v:396.000)-(t:4.250-v:394.000)-(t:4.267-v:391.000)-(t:4.277-v:390.000)-(t:4.291-v:389.000)-(t:4.301-v:388.000)-(t:4.312-v:387.000)-(t:4.328-v:385.000)-(t:4.342-v:383.000)-(t:4.355-v:382.000)-(t:4.369-v:378.000)-(t:4.381-v:376.000)-(t:4.396-v:374.000)-(t:4.410-v:372.000)-(t:4.421-v:370.000)-(t:4.431-v:368.000)-(t:4.442-v:367.000)-(t:4.452-v:365.000)-(t:4.461-v:363.000)-(t:4.470-v:361.000)-(t:4.483-v:358.000)-(t:4.495-v:357.000)-(t:4.507-v:356.000)-(t:4.518-v:354.000)-(t:4.529-v:353.000)-(t:4.540-v:352.000)-(t:4.552-v:350.000)-(t:4.565-v:349.000)-(t:4.575-v:346.000)-(t:4.585-v:343.000)-(t:4.596-v:339.000)-(t:4.609-v:338.000)-(t:4.621-v:337.000)-(t:4.633-v:336.000)-(t:4.643-v:333.000)-(t:4.655-v:332.000)-(t:4.663-v:331.000)-(t:4.671-v:330.000)-(t:4.687-v:329.000)-(t:4.700-v:327.000)-(t:4.708-v:325.000)-(t:4.717-v:322.000)-(t:4.725-v:320.000)-(t:4.739-v:319.000)-(t:4.751-v:317.000)-(t:4.760-v:316.000)-(t:4.771-v:315.000)-(t:4.779-v:312.000)-(t:4.791-v:310.000)-(t:4.799-v:309.000)-(t:4.810-v:308.000)-(t:4.818-v:307.000)-(t:4.829-v:305.000)-(t:4.840-v:304.000)-(t:4.850-v:302.000)-(t:4.897-v:298.000)-(t:4.920-v:296.000)-(t:4.941-v:295.000)-(t:4.963-v:294.000)-(t:4.988-v:293.000)-(t:5.010-v:292.000)-(t:5.033-v:288.000)-(t:5.056-v:286.000)-(t:5.079-v:284.000)-(t:5.101-v:283.000)-(t:5.122-v:282.000)-(t:5.144-v:281.000)-(t:5.170-v:280.000)-(t:5.193-v:279.000)-(t:5.214-v:278.000)-(t:5.233-v:277.000)-(t:5.253-v:274.000)-(t:5.274-v:273.000)-(t:5.297-v:272.000)-(t:5.320-v:269.000)-(t:5.346-v:268.000)-(t:5.369-v:267.000)-(t:5.389-v:265.000)-(t:5.409-v:263.000)-(t:5.436-v:262.000)-(t:5.456-v:259.000)-(t:5.478-v:258.000)-(t:5.501-v:257.000)-(t:5.519-v:254.000)-(t:5.537-v:253.000)-(t:5.558-v:251.000)-(t:5.577-v:249.000)-(t:5.596-v:246.000)-(t:5.615-v:245.000)-(t:5.636-v:244.000)-(t:5.671-v:243.000)-(t:5.705-v:242.000)-(t:5.745-v:241.000)-(t:5.771-v:239.000)-(t:5.790-v:238.000)-(t:5.807-v:236.000)-(t:5.827-v:235.000)-(t:5.848-v:233.000)-(t:5.875-v:232.000)-(t:5.895-v:231.000)-(t:5.914-v:230.000)-(t:5.931-v:229.000)-(t:5.951-v:228.000)-(t:5.975-v:227.000)-(t:5.996-v:226.000)-(t:6.018-v:224.000)-(t:6.040-v:223.000)-(t:6.058-v:221.000)-(t:6.080-v:220.000)-(t:6.105-v:219.000)-(t:6.127-v:218.000)-(t:6.148-v:217.000)-(t:6.169-v:216.000)-(t:6.186-v:214.000)-(t:6.205-v:212.000)-(t:6.225-v:210.000)-(t:6.242-v:209.000)-(t:6.265-v:208.000)-(t:6.289-v:207.000)-(t:6.311-v:206.000)-(t:6.334-v:205.000)-(t:6.353-v:204.000)-(t:6.376-v:203.000)-(t:6.394-v:202.000)-(t:6.411-v:201.000)-(t:6.429-v:199.000)-(t:6.450-v:198.000)-(t:6.470-v:197.000)-(t:6.489-v:196.000)-(t:6.508-v:195.000)-(t:6.526-v:194.000)-(t:6.544-v:193.000)-(t:6.561-v:192.000)-(t:6.585-v:191.000)-(t:6.604-v:190.000)-(t:6.623-v:189.000)-(t:6.640-v:188.000)-(t:6.659-v:187.000)-(t:6.679-v:186.000)-(t:6.700-v:185.000)-(t:6.721-v:184.000)-(t:6.744-v:183.000)-(t:6.767-v:182.000)-(t:6.791-v:181.000)-(t:6.816-v:179.000)-(t:6.840-v:178.000)-(t:6.865-v:177.000)-(t:6.888-v:176.000)-(t:6.912-v:175.000)-(t:6.939-v:174.000)-(t:6.963-v:172.000)-(t:6.987-v:171.000)-(t:7.010-v:169.000)-(t:7.032-v:168.000)-(t:7.057-v:167.000)-(t:7.085-v:166.000)-(t:7.106-v:165.000)-(t:7.128-v:164.000)-(t:7.148-v:163.000)-(t:7.167-v:162.000)-(t:7.188-v:161.000)-(t:7.206-v:160.000)-(t:7.226-v:158.000)-(t:7.250-v:157.000)-(t:7.272-v:155.000)-(t:7.294-v:154.000)-(t:7.313-v:152.000)-(t:7.334-v:151.000)-(t:7.357-v:150.000)-(t:7.388-v:149.000)-(t:7.412-v:148.000)-(t:7.441-v:147.000)-(t:7.462-v:145.000)-(t:7.501-v:144.000)-(t:7.524-v:142.000)-(t:7.549-v:140.000)-(t:7.590-v:139.000)-(t:7.617-v:138.000)-(t:7.644-v:137.000)-(t:7.667-v:136.000)-(t:7.694-v:135.000)-(t:7.715-v:134.000)-(t:7.739-v:133.000)-(t:7.758-v:132.000)-(t:7.777-v:131.000)-(t:7.797-v:130.000)-(t:7.817-v:129.000)-(t:7.837-v:128.000)-(t:7.857-v:127.000)-(t:7.881-v:126.000)-(t:7.921-v:125.000)-(t:7.949-v:124.000)-(t:7.978-v:123.000)-(t:8.008-v:122.000)-(t:8.035-v:121.000)-(t:8.062-v:120.000)-(t:8.104-v:119.000)-(t:8.127-v:118.000)-(t:8.148-v:117.000)-(t:8.174-v:116.000)-(t:8.196-v:115.000)-(t:8.254-v:114.000)-(t:8.280-v:113.000)-(t:8.356-v:112.000)-(t:8.379-v:111.000)-(t:8.400-v:110.000)-(t:8.417-v:109.000)-(t:8.442-v:107.000)-(t:8.466-v:106.000)-(t:8.486-v:105.000)-(t:8.514-v:104.000)-(t:8.544-v:103.000)-(t:8.569-v:101.000)-(t:8.596-v:100.000)-(t:8.619-v:99.000)-(t:8.675-v:98.000)-(t:8.693-v:97.000)-(t:8.715-v:95.000)-(t:8.745-v:94.000)-(t:8.773-v:93.000)-(t:8.795-v:92.000)-(t:8.815-v:91.000)-(t:8.876-v:90.000)-(t:8.901-v:89.000)-(t:8.921-v:87.000)-(t:8.941-v:86.000)-(t:8.968-v:85.000)-(t:8.999-v:84.000)-(t:9.019-v:83.000)-(t:9.039-v:82.000)-(t:9.062-v:81.000)-(t:9.082-v:80.000)-(t:9.104-v:79.000)-(t:9.123-v:78.000)-(t:9.167-v:77.000)-(t:9.193-v:76.000)-(t:9.212-v:75.000)-(t:9.232-v:74.000)-(t:9.267-v:73.000)-(t:9.287-v:72.000)-(t:9.309-v:70.000)-(t:9.328-v:69.000)-(t:9.349-v:68.000)-(t:9.369-v:67.000)-(t:9.391-v:66.000)-(t:9.540-v:65.000)-(t:9.576-v:64.000)-(t:9.751-v:63.000)-(t:9.787-v:62.000)-(t:9.813-v:61.000)-(t:10.098-v:60.000)-(t:10.117-v:59.000)-(t:10.143-v:58.000)-(t:10.174-v:57.000)-(t:10.484-v:56.000)-(t:10.517-v:55.000)-(t:10.549-v:54.000)-(t:10.595-v:53.000)-(t:10.640-v:52.000)-(t:10.689-v:51.000)-(t:10.727-v:50.000)-(t:10.753-v:49.000)-(t:10.786-v:48.000)-(t:10.816-v:47.000)-(t:10.854-v:46.000)-(t:10.912-v:45.000)-(t:10.994-v:44.000)-(t:11.112-v:43.000)-(t:11.153-v:42.000)-(t:11.176-v:41.000)-(t:11.198-v:40.000)-(t:11.222-v:39.000)-(t:11.305-v:38.000)-(t:11.792-v:37.000)-(t:11.821-v:36.000)-(t:12.264-v:35.000)-(t:12.289-v:34.000)-(t:12.314-v:33.000)-(t:12.368-v:32.000)-(t:12.429-v:31.000)-(t:12.468-v:30.000)-(t:12.549-v:29.000)-(t:12.593-v:28.000)-(t:12.646-v:27.000)-(t:12.747-v:26.000)-(t:12.799-v:25.000)-(t:12.862-v:24.000)-(t:12.891-v:23.000)-(t:13.832-v:22.000)-(t:13.941-v:21.000)-(t:14.252-v:20.000)-(t:14.273-v:19.000)-(t:14.329-v:18.000)-(t:14.909-v:17.000)-(t:18.675-v:16.000)-(t:18.759-v:15.000)-(t:30.703-v:14.000)-(t:36.547-v:13.000)-(t:37.538-v:12.000)-(t:41.749-v:11.000)-(t:41.870-v:10.000)-(t:44.480-v:9.000)-(t:81.562-v:8.000)],300.0
examples/csp/csp_300/pb_300_10.txt,dqn,r1,300,25.0,[(t:4.304-v:401.000)-(t:4.329-v:400.000)-(t:4.345-v:396.000)-(t:4.353-v:395.000)-(t:4.367-v:393.000)-(t:4.380-v:391.000)-(t:4.389-v:388.000)-(t:4.398-v:383.000)-(t:4.411-v:381.000)-(t:4.423-v:380.000)-(t:4.433-v:379.000)-(t:4.442-v:377.000)-(t:4.451-v:375.000)-(t:4.459-v:373.000)-(t:4.467-v:372.000)-(t:4.488-v:371.000)-(t:4.497-v:370.000)-(t:4.510-v:369.000)-(t:4.524-v:368.000)-(t:4.535-v:365.000)-(t:4.551-v:363.000)-(t:4.563-v:362.000)-(t:4.575-v:359.000)-(t:4.586-v:357.000)-(t:4.598-v:355.000)-(t:4.612-v:351.000)-(t:4.623-v:350.000)-(t:4.638-v:349.000)-(t:4.650-v:347.000)-(t:4.660-v:346.000)-(t:4.684-v:344.000)-(t:4.695-v:342.000)-(t:4.712-v:341.000)-(t:4.723-v:340.000)-(t:4.735-v:339.000)-(t:4.745-v:336.000)-(t:4.758-v:329.000)-(t:4.770-v:328.000)-(t:4.781-v:327.000)-(t:4.791-v:324.000)-(t:4.801-v:323.000)-(t:4.818-v:322.000)-(t:4.828-v:321.000)-(t:4.840-v:320.000)-(t:4.852-v:318.000)-(t:4.863-v:315.000)-(t:4.873-v:313.000)-(t:4.884-v:312.000)-(t:4.894-v:311.000)-(t:4.905-v:309.000)-(t:4.915-v:305.000)-(t:4.924-v:302.000)-(t:4.933-v:299.000)-(t:4.942-v:298.000)-(t:4.948-v:297.000)-(t:4.957-v:296.000)-(t:4.965-v:294.000)-(t:4.975-v:293.000)-(t:4.989-v:292.000)-(t:4.999-v:291.000)-(t:5.046-v:289.000)-(t:5.065-v:287.000)-(t:5.083-v:286.000)-(t:5.103-v:285.000)-(t:5.126-v:284.000)-(t:5.144-v:280.000)-(t:5.164-v:279.000)-(t:5.191-v:277.000)-(t:5.212-v:276.000)-(t:5.233-v:275.000)-(t:5.256-v:273.000)-(t:5.274-v:270.000)-(t:5.293-v:269.000)-(t:5.313-v:268.000)-(t:5.337-v:265.000)-(t:5.360-v:261.000)-(t:5.380-v:260.000)-(t:5.398-v:258.000)-(t:5.416-v:254.000)-(t:5.435-v:251.000)-(t:5.454-v:250.000)-(t:5.474-v:247.000)-(t:5.496-v:246.000)-(t:5.524-v:244.000)-(t:5.547-v:243.000)-(t:5.568-v:241.000)-(t:5.590-v:240.000)-(t:5.610-v:238.000)-(t:5.631-v:236.000)-(t:5.656-v:235.000)-(t:5.675-v:234.000)-(t:5.698-v:231.000)-(t:5.724-v:230.000)-(t:5.744-v:229.000)-(t:5.769-v:228.000)-(t:5.793-v:227.000)-(t:5.813-v:223.000)-(t:5.836-v:219.000)-(t:5.855-v:217.000)-(t:5.881-v:216.000)-(t:5.926-v:215.000)-(t:5.961-v:214.000)-(t:5.987-v:213.000)-(t:6.021-v:212.000)-(t:6.041-v:210.000)-(t:6.061-v:209.000)-(t:6.080-v:208.000)-(t:6.106-v:207.000)-(t:6.125-v:204.000)-(t:6.144-v:203.000)-(t:6.176-v:202.000)-(t:6.202-v:201.000)-(t:6.241-v:200.000)-(t:6.266-v:199.000)-(t:6.292-v:198.000)-(t:6.338-v:197.000)-(t:6.386-v:196.000)-(t:6.417-v:195.000)-(t:6.443-v:192.000)-(t:6.464-v:191.000)-(t:6.488-v:189.000)-(t:6.508-v:187.000)-(t:6.526-v:186.000)-(t:6.585-v:185.000)-(t:6.603-v:184.000)-(t:6.621-v:183.000)-(t:6.644-v:182.000)-(t:6.663-v:181.000)-(t:6.686-v:180.000)-(t:6.706-v:179.000)-(t:6.723-v:177.000)-(t:6.742-v:174.000)-(t:6.763-v:173.000)-(t:6.790-v:172.000)-(t:6.808-v:169.000)-(t:6.828-v:167.000)-(t:6.853-v:166.000)-(t:6.890-v:165.000)-(t:6.919-v:164.000)-(t:6.938-v:163.000)-(t:6.964-v:160.000)-(t:6.987-v:159.000)-(t:7.012-v:158.000)-(t:7.034-v:157.000)-(t:7.061-v:156.000)-(t:7.079-v:155.000)-(t:7.105-v:153.000)-(t:7.128-v:152.000)-(t:7.152-v:151.000)-(t:7.180-v:150.000)-(t:7.207-v:149.000)-(t:7.230-v:148.000)-(t:7.258-v:147.000)-(t:7.288-v:146.000)-(t:7.311-v:145.000)-(t:7.332-v:144.000)-(t:7.362-v:143.000)-(t:7.382-v:140.000)-(t:7.406-v:139.000)-(t:7.442-v:138.000)-(t:7.464-v:136.000)-(t:7.483-v:135.000)-(t:7.501-v:134.000)-(t:7.520-v:132.000)-(t:7.541-v:131.000)-(t:7.569-v:130.000)-(t:7.588-v:129.000)-(t:7.610-v:127.000)-(t:7.637-v:126.000)-(t:7.656-v:125.000)-(t:7.680-v:124.000)-(t:7.700-v:123.000)-(t:7.740-v:122.000)-(t:7.762-v:120.000)-(t:7.793-v:119.000)-(t:7.812-v:118.000)-(t:7.831-v:117.000)-(t:7.850-v:116.000)-(t:7.872-v:115.000)-(t:7.899-v:114.000)-(t:7.924-v:112.000)-(t:7.962-v:111.000)-(t:7.986-v:110.000)-(t:8.046-v:109.000)-(t:8.073-v:108.000)-(t:8.097-v:107.000)-(t:8.128-v:106.000)-(t:8.160-v:105.000)-(t:8.189-v:104.000)-(t:8.213-v:103.000)-(t:8.244-v:102.000)-(t:8.267-v:101.000)-(t:8.289-v:99.000)-(t:8.309-v:98.000)-(t:8.340-v:97.000)-(t:8.364-v:96.000)-(t:8.386-v:95.000)-(t:8.410-v:94.000)-(t:8.435-v:93.000)-(t:8.456-v:92.000)-(t:8.521-v:91.000)-(t:8.541-v:90.000)-(t:8.560-v:89.000)-(t:8.584-v:88.000)-(t:8.616-v:87.000)-(t:8.643-v:86.000)-(t:8.669-v:85.000)-(t:8.695-v:84.000)-(t:8.715-v:83.000)-(t:8.735-v:82.000)-(t:8.758-v:81.000)-(t:8.782-v:80.000)-(t:8.855-v:79.000)-(t:8.882-v:78.000)-(t:8.907-v:77.000)-(t:9.041-v:76.000)-(t:9.071-v:75.000)-(t:9.142-v:74.000)-(t:9.172-v:73.000)-(t:9.201-v:72.000)-(t:9.228-v:71.000)-(t:9.267-v:70.000)-(t:9.300-v:69.000)-(t:9.349-v:68.000)-(t:9.376-v:67.000)-(t:9.416-v:66.000)-(t:9.746-v:65.000)-(t:9.788-v:64.000)-(t:9.821-v:63.000)-(t:9.852-v:62.000)-(t:9.877-v:61.000)-(t:9.935-v:60.000)-(t:9.996-v:59.000)-(t:10.449-v:58.000)-(t:10.487-v:57.000)-(t:10.889-v:56.000)-(t:10.943-v:55.000)-(t:10.978-v:54.000)-(t:11.010-v:53.000)-(t:11.411-v:52.000)-(t:11.508-v:51.000)-(t:11.538-v:50.000)-(t:11.623-v:49.000)-(t:11.645-v:48.000)-(t:11.675-v:47.000)-(t:11.703-v:46.000)-(t:11.768-v:45.000)-(t:11.822-v:44.000)-(t:12.328-v:43.000)-(t:12.483-v:42.000)-(t:12.507-v:41.000)-(t:12.550-v:40.000)-(t:12.613-v:39.000)-(t:12.695-v:38.000)-(t:12.768-v:37.000)-(t:17.484-v:36.000)-(t:17.593-v:35.000)-(t:17.678-v:34.000)-(t:17.796-v:33.000)-(t:17.857-v:32.000)-(t:25.018-v:31.000)-(t:35.135-v:30.000)-(t:35.441-v:29.000)-(t:35.548-v:28.000)-(t:256.129-v:27.000)-(t:266.060-v:26.000)-(t:278.851-v:25.000)],300.0
examples/csp/csp_100/21-90.txt,dqn,r1,300,2.0,[(t:4.532-v:119.000)-(t:4.552-v:114.000)-(t:4.562-v:110.000)-(t:4.579-v:109.000)-(t:4.585-v:105.000)-(t:4.595-v:104.000)-(t:4.600-v:101.000)-(t:4.607-v:99.000)-(t:4.613-v:98.000)-(t:4.621-v:94.000)-(t:4.626-v:92.000)-(t:4.634-v:91.000)-(t:4.639-v:90.000)-(t:4.645-v:88.000)-(t:4.651-v:86.000)-(t:4.665-v:85.000)-(t:4.671-v:83.000)-(t:4.680-v:82.000)-(t:4.688-v:81.000)-(t:4.693-v:80.000)-(t:4.697-v:79.000)-(t:4.701-v:78.000)-(t:4.706-v:76.000)-(t:4.714-v:74.000)-(t:4.720-v:73.000)-(t:4.729-v:72.000)-(t:4.736-v:69.000)-(t:4.743-v:68.000)-(t:4.750-v:67.000)-(t:4.757-v:66.000)-(t:4.763-v:65.000)-(t:4.769-v:64.000)-(t:4.776-v:63.000)-(t:4.782-v:62.000)-(t:4.786-v:59.000)-(t:4.792-v:57.000)-(t:4.799-v:56.000)-(t:4.806-v:55.000)-(t:4.811-v:54.000)-(t:4.817-v:53.000)-(t:4.837-v:52.000)-(t:4.844-v:51.000)-(t:4.851-v:50.000)-(t:4.858-v:49.000)-(t:4.864-v:48.000)-(t:4.870-v:47.000)-(t:4.876-v:45.000)-(t:4.883-v:44.000)-(t:4.891-v:42.000)-(t:4.897-v:41.000)-(t:4.913-v:40.000)-(t:4.918-v:38.000)-(t:4.925-v:37.000)-(t:4.931-v:36.000)-(t:4.941-v:35.000)-(t:4.946-v:33.000)-(t:4.951-v:32.000)-(t:4.956-v:31.000)-(t:4.963-v:30.000)-(t:4.970-v:29.000)-(t:5.011-v:28.000)-(t:5.029-v:27.000)-(t:5.045-v:26.000)-(t:5.084-v:25.000)-(t:5.110-v:24.000)-(t:5.133-v:23.000)-(t:5.161-v:22.000)-(t:5.182-v:21.000)-(t:5.227-v:20.000)-(t:5.245-v:19.000)-(t:5.261-v:18.000)-(t:5.302-v:17.000)-(t:5.336-v:16.000)-(t:5.350-v:15.000)-(t:5.369-v:14.000)-(t:5.485-v:13.000)-(t:5.542-v:12.000)-(t:5.582-v:11.000)-(t:5.607-v:10.000)-(t:5.624-v:9.000)-(t:5.636-v:8.000)-(t:5.652-v:7.000)-(t:5.671-v:6.000)-(t:5.693-v:5.000)-(t:7.289-v:4.000)-(t:9.540-v:3.000)-(t:11.140-v:2.000)],8.198
examples/csp/csp_100/36-92.txt,dqn,r1,300,2.0,[(t:4.049-v:124.000)-(t:4.060-v:123.000)-(t:4.068-v:120.000)-(t:4.080-v:119.000)-(t:4.086-v:117.000)-(t:4.093-v:112.000)-(t:4.097-v:110.000)-(t:4.102-v:106.000)-(t:4.107-v:105.000)-(t:4.113-v:104.000)-(t:4.118-v:103.000)-(t:4.123-v:102.000)-(t:4.128-v:101.000)-(t:4.133-v:100.000)-(t:4.141-v:99.000)-(t:4.148-v:96.000)-(t:4.154-v:94.000)-(t:4.162-v:93.000)-(t:4.171-v:92.000)-(t:4.180-v:90.000)-(t:4.186-v:89.000)-(t:4.201-v:86.000)-(t:4.205-v:83.000)-(t:4.211-v:81.000)-(t:4.218-v:80.000)-(t:4.225-v:79.000)-(t:4.233-v:78.000)-(t:4.240-v:77.000)-(t:4.244-v:76.000)-(t:4.249-v:75.000)-(t:4.254-v:74.000)-(t:4.258-v:73.000)-(t:4.266-v:71.000)-(t:4.273-v:69.000)-(t:4.277-v:68.000)-(t:4.283-v:66.000)-(t:4.287-v:65.000)-(t:4.293-v:64.000)-(t:4.297-v:63.000)-(t:4.301-v:61.000)-(t:4.313-v:60.000)-(t:4.318-v:59.000)-(t:4.327-v:55.000)-(t:4.337-v:54.000)-(t:4.351-v:53.000)-(t:4.360-v:52.000)-(t:4.367-v:51.000)-(t:4.381-v:50.000)-(t:4.389-v:49.000)-(t:4.395-v:48.000)-(t:4.402-v:47.000)-(t:4.409-v:46.000)-(t:4.428-v:45.000)-(t:4.444-v:44.000)-(t:4.453-v:43.000)-(t:4.465-v:42.000)-(t:4.472-v:41.000)-(t:4.483-v:40.000)-(t:4.497-v:39.000)-(t:4.532-v:37.000)-(t:4.544-v:36.000)-(t:4.568-v:35.000)-(t:4.614-v:34.000)-(t:4.628-v:32.000)-(t:4.642-v:31.000)-(t:4.655-v:30.000)-(t:4.667-v:29.000)-(t:4.680-v:28.000)-(t:4.717-v:27.000)-(t:4.781-v:26.000)-(t:4.808-v:25.000)-(t:4.852-v:24.000)-(t:4.887-v:23.000)-(t:4.909-v:22.000)-(t:4.923-v:21.000)-(t:4.937-v:20.000)-(t:4.989-v:19.000)-(t:5.055-v:18.000)-(t:5.080-v:17.000)-(t:5.101-v:15.000)-(t:5.121-v:14.000)-(t:5.151-v:13.000)-(t:5.177-v:12.000)-(t:5.259-v:11.000)-(t:5.284-v:10.000)-(t:5.308-v:9.000)-(t:5.344-v:8.000)-(t:5.372-v:7.000)-(t:5.418-v:6.000)-(t:13.376-v:5.000)-(t:16.629-v:4.000)-(t:17.054-v:3.000)-(t:19.286-v:2.000)],13.507
examples/csp/csp_200/pb_200_07.txt,dqn,r1,300,0.0,[(t:4.968-v:253.000)-(t:4.978-v:252.000)-(t:4.990-v:250.000)-(t:5.017-v:249.000)-(t:5.031-v:247.000)-(t:5.042-v:238.000)-(t:5.052-v:236.000)-(t:5.062-v:234.000)-(t:5.069-v:233.000)-(t:5.077-v:232.000)-(t:5.084-v:231.000)-(t:5.092-v:229.000)-(t:5.102-v:226.000)-(t:5.108-v:224.000)-(t:5.117-v:223.000)-(t:5.125-v:222.000)-(t:5.132-v:220.000)-(t:5.143-v:219.000)-(t:5.151-v:218.000)-(t:5.161-v:217.000)-(t:5.167-v:216.000)-(t:5.174-v:214.000)-(t:5.181-v:211.000)-(t:5.189-v:208.000)-(t:5.195-v:206.000)-(t:5.203-v:204.000)-(t:5.210-v:202.000)-(t:5.219-v:200.000)-(t:5.227-v:198.000)-(t:5.235-v:194.000)-(t:5.244-v:190.000)-(t:5.254-v:189.000)-(t:5.261-v:188.000)-(t:5.269-v:187.000)-(t:5.277-v:186.000)-(t:5.286-v:184.000)-(t:5.294-v:181.000)-(t:5.301-v:178.000)-(t:5.308-v:177.000)-(t:5.315-v:176.000)-(t:5.323-v:174.000)-(t:5.331-v:172.000)-(t:5.341-v:168.000)-(t:5.352-v:167.000)-(t:5.367-v:166.000)-(t:5.378-v:165.000)-(t:5.387-v:163.000)-(t:5.395-v:162.000)-(t:5.401-v:161.000)-(t:5.407-v:160.000)-(t:5.414-v:159.000)-(t:5.421-v:157.000)-(t:5.426-v:154.000)-(t:5.436-v:152.000)-(t:5.442-v:151.000)-(t:5.448-v:150.000)-(t:5.453-v:148.000)-(t:5.464-v:147.000)-(t:5.472-v:144.000)-(t:5.480-v:143.000)-(t:5.528-v:140.000)-(t:5.545-v:139.000)-(t:5.561-v:136.000)-(t:5.580-v:135.000)-(t:5.595-v:133.000)-(t:5.609-v:131.000)-(t:5.627-v:130.000)-(t:5.644-v:128.000)-(t:5.659-v:127.000)-(t:5.672-v:126.000)-(t:5.689-v:125.000)-(t:5.701-v:124.000)-(t:5.716-v:123.000)-(t:5.732-v:121.000)-(t:5.747-v:119.000)-(t:5.762-v:118.000)-(t:5.777-v:117.000)-(t:5.807-v:116.000)-(t:5.832-v:112.000)-(t:5.862-v:110.000)-(t:5.890-v:109.000)-(t:5.905-v:107.000)-(t:5.923-v:106.000)-(t:5.938-v:105.000)-(t:5.955-v:104.000)-(t:5.975-v:102.000)-(t:5.990-v:101.000)-(t:6.002-v:100.000)-(t:6.035-v:99.000)-(t:6.048-v:98.000)-(t:6.063-v:97.000)-(t:6.076-v:96.000)-(t:6.090-v:95.000)-(t:6.107-v:94.000)-(t:6.127-v:93.000)-(t:6.147-v:92.000)-(t:6.163-v:90.000)-(t:6.179-v:89.000)-(t:6.204-v:88.000)-(t:6.219-v:87.000)-(t:6.235-v:84.000)-(t:6.256-v:83.000)-(t:6.275-v:82.000)-(t:6.296-v:81.000)-(t:6.315-v:80.000)-(t:6.332-v:79.000)-(t:6.350-v:78.000)-(t:6.370-v:77.000)-(t:6.392-v:76.000)-(t:6.418-v:75.000)-(t:6.455-v:73.000)-(t:6.514-v:72.000)-(t:6.535-v:71.000)-(t:6.557-v:70.000)-(t:6.582-v:69.000)-(t:6.601-v:67.000)-(t:6.613-v:66.000)-(t:6.625-v:65.000)-(t:6.637-v:64.000)-(t:6.659-v:63.000)-(t:6.678-v:62.000)-(t:6.695-v:61.000)-(t:6.710-v:60.000)-(t:6.724-v:59.000)-(t:6.737-v:56.000)-(t:6.755-v:55.000)-(t:6.771-v:54.000)-(t:6.790-v:53.000)-(t:6.808-v:52.000)-(t:6.826-v:51.000)-(t:6.844-v:50.000)-(t:6.857-v:49.000)-(t:6.874-v:48.000)-(t:6.890-v:47.000)-(t:6.912-v:46.000)-(t:6.935-v:45.000)-(t:6.954-v:44.000)-(t:6.992-v:43.000)-(t:7.024-v:42.000)-(t:7.042-v:41.000)-(t:7.060-v:40.000)-(t:7.153-v:39.000)-(t:7.204-v:38.000)-(t:7.225-v:37.000)-(t:7.248-v:36.000)-(t:7.269-v:35.000)-(t:7.297-v:34.000)-(t:7.327-v:33.000)-(t:7.345-v:32.000)-(t:7.428-v:31.000)-(t:7.443-v:30.000)-(t:7.547-v:29.000)-(t:7.651-v:28.000)-(t:7.669-v:27.000)-(t:7.704-v:26.000)-(t:7.724-v:25.000)-(t:7.751-v:24.000)-(t:7.795-v:23.000)-(t:7.824-v:22.000)-(t:7.851-v:21.000)-(t:7.878-v:20.000)-(t:7.922-v:19.000)-(t:7.961-v:18.000)-(t:7.982-v:17.000)-(t:8.034-v:16.000)-(t:8.053-v:15.000)-(t:8.078-v:14.000)-(t:8.115-v:13.000)-(t:8.230-v:12.000)-(t:8.250-v:11.000)-(t:8.329-v:10.000)-(t:8.371-v:9.000)-(t:8.389-v:8.000)-(t:17.079-v:7.000)-(t:17.101-v:6.000)-(t:17.205-v:5.000)-(t:17.243-v:4.000)-(t:17.535-v:3.000)-(t:17.661-v:2.000)-(t:20.675-v:1.000)-(t:24.443-v:0.000)],24.443
examples/csp/csp_300/carseq_300_8_20_38.txt,dqn,r1,300,0.0,[(t:4.691-v:401.000)-(t:4.710-v:397.000)-(t:4.742-v:395.000)-(t:4.768-v:394.000)-(t:4.788-v:392.000)-(t:4.804-v:389.000)-(t:4.814-v:388.000)-(t:4.833-v:387.000)-(t:4.844-v:386.000)-(t:4.862-v:385.000)-(t:4.880-v:383.000)-(t:4.894-v:382.000)-(t:4.906-v:379.000)-(t:4.916-v:377.000)-(t:4.930-v:373.000)-(t:4.942-v:367.000)-(t:4.954-v:366.000)-(t:4.969-v:362.000)-(t:4.982-v:361.000)-(t:4.998-v:359.000)-(t:5.015-v:357.000)-(t:5.031-v:352.000)-(t:5.046-v:343.000)-(t:5.064-v:342.000)-(t:5.073-v:340.000)-(t:5.083-v:337.000)-(t:5.090-v:335.000)-(t:5.102-v:334.000)-(t:5.110-v:332.000)-(t:5.118-v:331.000)-(t:5.126-v:330.000)-(t:5.138-v:329.000)-(t:5.150-v:328.000)-(t:5.159-v:327.000)-(t:5.167-v:325.000)-(t:5.176-v:323.000)-(t:5.187-v:322.000)-(t:5.193-v:321.000)-(t:5.204-v:319.000)-(t:5.214-v:316.000)-(t:5.223-v:314.000)-(t:5.230-v:313.000)-(t:5.242-v:312.000)-(t:5.251-v:311.000)-(t:5.259-v:310.000)-(t:5.265-v:308.000)-(t:5.273-v:305.000)-(t:5.283-v:304.000)-(t:5.293-v:303.000)-(t:5.302-v:302.000)-(t:5.311-v:301.000)-(t:5.319-v:300.000)-(t:5.326-v:299.000)-(t:5.334-v:297.000)-(t:5.341-v:296.000)-(t:5.355-v:294.000)-(t:5.367-v:290.000)-(t:5.376-v:289.000)-(t:5.386-v:288.000)-(t:5.397-v:287.000)-(t:5.447-v:285.000)-(t:5.471-v:283.000)-(t:5.493-v:282.000)-(t:5.515-v:278.000)-(t:5.536-v:277.000)-(t:5.557-v:275.000)-(t:5.578-v:270.000)-(t:5.599-v:269.000)-(t:5.625-v:267.000)-(t:5.648-v:266.000)-(t:5.672-v:264.000)-(t:5.694-v:263.000)-(t:5.715-v:262.000)-(t:5.736-v:261.000)-(t:5.764-v:260.000)-(t:5.787-v:259.000)-(t:5.812-v:257.000)-(t:5.835-v:255.000)-(t:5.856-v:251.000)-(t:5.881-v:250.000)-(t:5.904-v:249.000)-(t:5.923-v:246.000)-(t:5.945-v:245.000)-(t:5.968-v:244.000)-(t:5.989-v:243.000)-(t:6.012-v:242.000)-(t:6.036-v:241.000)-(t:6.058-v:239.000)-(t:6.077-v:238.000)-(t:6.096-v:237.000)-(t:6.118-v:234.000)-(t:6.140-v:233.000)-(t:6.160-v:232.000)-(t:6.181-v:231.000)-(t:6.202-v:229.000)-(t:6.221-v:228.000)-(t:6.243-v:227.000)-(t:6.262-v:225.000)-(t:6.280-v:224.000)-(t:6.298-v:223.000)-(t:6.317-v:222.000)-(t:6.337-v:221.000)-(t:6.360-v:220.000)-(t:6.398-v:218.000)-(t:6.421-v:216.000)-(t:6.440-v:214.000)-(t:6.461-v:213.000)-(t:6.486-v:212.000)-(t:6.508-v:205.000)-(t:6.530-v:204.000)-(t:6.552-v:203.000)-(t:6.578-v:202.000)-(t:6.603-v:200.000)-(t:6.627-v:197.000)-(t:6.650-v:196.000)-(t:6.681-v:195.000)-(t:6.704-v:193.000)-(t:6.722-v:192.000)-(t:6.742-v:190.000)-(t:6.763-v:187.000)-(t:6.781-v:186.000)-(t:6.800-v:184.000)-(t:6.821-v:183.000)-(t:6.843-v:182.000)-(t:6.864-v:181.000)-(t:6.887-v:178.000)-(t:6.910-v:175.000)-(t:6.929-v:174.000)-(t:6.950-v:173.000)-(t:6.973-v:172.000)-(t:6.995-v:171.000)-(t:7.018-v:168.000)-(t:7.040-v:167.000)-(t:7.058-v:166.000)-(t:7.078-v:165.000)-(t:7.101-v:164.000)-(t:7.119-v:162.000)-(t:7.138-v:161.000)-(t:7.158-v:160.000)-(t:7.182-v:158.000)-(t:7.201-v:157.000)-(t:7.220-v:155.000)-(t:7.241-v:154.000)-(t:7.264-v:153.000)-(t:7.286-v:151.000)-(t:7.307-v:149.000)-(t:7.329-v:148.000)-(t:7.351-v:146.000)-(t:7.372-v:145.000)-(t:7.392-v:144.000)-(t:7.413-v:143.000)-(t:7.432-v:141.000)-(t:7.454-v:138.000)-(t:7.475-v:137.000)-(t:7.498-v:135.000)-(t:7.523-v:134.000)-(t:7.547-v:133.000)-(t:7.568-v:131.000)-(t:7.587-v:130.000)-(t:7.679-v:128.000)-(t:7.702-v:127.000)-(t:7.727-v:126.000)-(t:7.760-v:125.000)-(t:7.780-v:124.000)-(t:7.802-v:123.000)-(t:7.823-v:122.000)-(t:7.843-v:121.000)-(t:7.864-v:120.000)-(t:7.883-v:118.000)-(t:7.903-v:117.000)-(t:7.925-v:116.000)-(t:7.943-v:115.000)-(t:7.962-v:113.000)-(t:8.006-v:111.000)-(t:8.042-v:110.000)-(t:8.067-v:109.000)-(t:8.092-v:108.000)-(t:8.112-v:106.000)-(t:8.146-v:105.000)-(t:8.169-v:104.000)-(t:8.190-v:103.000)-(t:8.225-v:102.000)-(t:8.248-v:101.000)-(t:8.273-v:100.000)-(t:8.302-v:99.000)-(t:8.330-v:98.000)-(t:8.353-v:97.000)-(t:8.375-v:95.000)-(t:8.395-v:94.000)-(t:8.419-v:93.000)-(t:8.440-v:90.000)-(t:8.461-v:89.000)-(t:8.482-v:88.000)-(t:8.501-v:87.000)-(t:8.521-v:84.000)-(t:8.539-v:83.000)-(t:8.562-v:82.000)-(t:8.584-v:81.000)-(t:8.625-v:80.000)-(t:8.655-v:78.000)-(t:8.693-v:77.000)-(t:8.809-v:76.000)-(t:8.842-v:74.000)-(t:8.865-v:72.000)-(t:8.881-v:71.000)-(t:8.910-v:70.000)-(t:8.934-v:69.000)-(t:8.956-v:68.000)-(t:8.978-v:67.000)-(t:9.006-v:66.000)-(t:9.027-v:65.000)-(t:9.052-v:64.000)-(t:9.070-v:63.000)-(t:9.091-v:62.000)-(t:9.134-v:60.000)-(t:9.261-v:59.000)-(t:9.282-v:58.000)-(t:9.306-v:57.000)-(t:9.332-v:56.000)-(t:9.363-v:55.000)-(t:9.388-v:54.000)-(t:9.409-v:52.000)-(t:9.429-v:51.000)-(t:9.525-v:50.000)-(t:9.544-v:49.000)-(t:9.568-v:48.000)-(t:9.596-v:47.000)-(t:9.621-v:46.000)-(t:9.726-v:45.000)-(t:9.768-v:44.000)-(t:9.803-v:43.000)-(t:9.823-v:42.000)-(t:9.886-v:41.000)-(t:9.910-v:40.000)-(t:9.934-v:39.000)-(t:9.954-v:38.000)-(t:9.978-v:37.000)-(t:10.000-v:36.000)-(t:10.021-v:35.000)-(t:10.048-v:34.000)-(t:10.068-v:33.000)-(t:10.193-v:31.000)-(t:10.405-v:30.000)-(t:10.454-v:29.000)-(t:10.523-v:28.000)-(t:10.562-v:27.000)-(t:10.585-v:26.000)-(t:10.722-v:25.000)-(t:10.750-v:24.000)-(t:10.778-v:23.000)-(t:10.827-v:22.000)-(t:11.136-v:21.000)-(t:11.162-v:20.000)-(t:11.563-v:19.000)-(t:11.592-v:18.000)-(t:11.621-v:17.000)-(t:11.644-v:16.000)-(t:11.666-v:15.000)-(t:11.694-v:14.000)-(t:11.721-v:13.000)-(t:11.904-v:12.000)-(t:11.935-v:11.000)-(t:11.977-v:10.000)-(t:12.031-v:9.000)-(t:12.082-v:8.000)-(t:12.124-v:7.000)-(t:12.193-v:6.000)-(t:12.256-v:5.000)-(t:12.347-v:4.000)-(t:12.420-v:3.000)-(t:12.554-v:2.000)-(t:12.578-v:1.000)-(t:12.770-v:0.000)],12.77
examples/csp/csp_100/4-72.txt,dqn,r1,300,1.0,[(t:3.757-v:117.000)-(t:3.771-v:113.000)-(t:3.778-v:110.000)-(t:3.793-v:107.000)-(t:3.798-v:106.000)-(t:3.808-v:105.000)-(t:3.812-v:101.000)-(t:3.818-v:100.000)-(t:3.825-v:99.000)-(t:3.835-v:98.000)-(t:3.840-v:96.000)-(t:3.846-v:93.000)-(t:3.852-v:92.000)-(t:3.857-v:87.000)-(t:3.867-v:85.000)-(t:3.873-v:82.000)-(t:3.879-v:81.000)-(t:3.888-v:79.000)-(t:3.899-v:78.000)-(t:3.906-v:77.000)-(t:3.912-v:76.000)-(t:3.916-v:75.000)-(t:3.923-v:74.000)-(t:3.930-v:71.000)-(t:3.935-v:70.000)-(t:3.942-v:68.000)-(t:3.945-v:66.000)-(t:3.949-v:65.000)-(t:3.955-v:64.000)-(t:3.960-v:63.000)-(t:3.965-v:61.000)-(t:3.971-v:60.000)-(t:3.979-v:59.000)-(t:3.985-v:58.000)-(t:3.991-v:57.000)-(t:3.999-v:56.000)-(t:4.007-v:55.000)-(t:4.019-v:52.000)-(t:4.028-v:51.000)-(t:4.034-v:50.000)-(t:4.041-v:49.000)-(t:4.047-v:48.000)-(t:4.057-v:45.000)-(t:4.071-v:44.000)-(t:4.078-v:43.000)-(t:4.087-v:42.000)-(t:4.094-v:40.000)-(t:4.109-v:39.000)-(t:4.123-v:38.000)-(t:4.129-v:36.000)-(t:4.196-v:35.000)-(t:4.207-v:34.000)-(t:4.213-v:33.000)-(t:4.226-v:32.000)-(t:4.235-v:31.000)-(t:4.240-v:30.000)-(t:4.245-v:29.000)-(t:4.251-v:28.000)-(t:4.260-v:27.000)-(t:4.314-v:26.000)-(t:4.329-v:25.000)-(t:4.345-v:24.000)-(t:4.371-v:23.000)-(t:4.390-v:22.000)-(t:4.410-v:21.000)-(t:4.440-v:20.000)-(t:4.473-v:19.000)-(t:4.505-v:18.000)-(t:4.518-v:17.000)-(t:4.535-v:16.000)-(t:4.553-v:15.000)-(t:4.568-v:14.000)-(t:4.661-v:13.000)-(t:4.678-v:12.000)-(t:4.700-v:11.000)-(t:4.725-v:10.000)-(t:4.963-v:9.000)-(t:5.089-v:8.000)-(t:6.474-v:7.000)-(t:7.344-v:6.000)-(t:7.440-v:5.000)-(t:7.478-v:4.000)-(t:9.715-v:3.000)-(t:10.557-v:2.000)-(t:12.516-v:1.000)],300.0
examples/csp/csp_100/6-76.txt,dqn,r1,300,6.0,[(t:4.202-v:109.000)-(t:4.214-v:102.000)-(t:4.222-v:101.000)-(t:4.238-v:100.000)-(t:4.245-v:99.000)-(t:4.255-v:98.000)-(t:4.260-v:97.000)-(t:4.268-v:96.000)-(t:4.275-v:94.000)-(t:4.283-v:93.000)-(t:4.290-v:92.000)-(t:4.298-v:91.000)-(t:4.305-v:89.000)-(t:4.311-v:86.000)-(t:4.318-v:84.000)-(t:4.328-v:83.000)-(t:4.335-v:81.000)-(t:4.343-v:80.000)-(t:4.351-v:79.000)-(t:4.359-v:78.000)-(t:4.364-v:77.000)-(t:4.370-v:76.000)-(t:4.376-v:75.000)-(t:4.380-v:74.000)-(t:4.386-v:70.000)-(t:4.391-v:67.000)-(t:4.395-v:66.000)-(t:4.401-v:65.000)-(t:4.406-v:64.000)-(t:4.412-v:62.000)-(t:4.418-v:61.000)-(t:4.423-v:60.000)-(t:4.450-v:59.000)-(t:4.456-v:58.000)-(t:4.463-v:57.000)-(t:4.472-v:55.000)-(t:4.478-v:54.000)-(t:4.484-v:53.000)-(t:4.488-v:52.000)-(t:4.494-v:51.000)-(t:4.501-v:50.000)-(t:4.506-v:49.000)-(t:4.511-v:46.000)-(t:4.517-v:45.000)-(t:4.525-v:44.000)-(t:4.530-v:43.000)-(t:4.536-v:42.000)-(t:4.544-v:41.000)-(t:4.551-v:39.000)-(t:4.557-v:37.000)-(t:4.565-v:36.000)-(t:4.570-v:35.000)-(t:4.580-v:34.000)-(t:4.585-v:33.000)-(t:4.592-v:31.000)-(t:4.598-v:30.000)-(t:4.606-v:28.000)-(t:4.618-v:27.000)-(t:4.625-v:26.000)-(t:4.676-v:25.000)-(t:4.690-v:24.000)-(t:4.708-v:23.000)-(t:4.730-v:22.000)-(t:4.745-v:21.000)-(t:4.772-v:20.000)-(t:4.823-v:19.000)-(t:4.843-v:18.000)-(t:4.932-v:17.000)-(t:4.958-v:16.000)-(t:4.998-v:15.000)-(t:5.062-v:14.000)-(t:5.136-v:13.000)-(t:5.160-v:12.000)-(t:5.184-v:11.000)-(t:5.208-v:10.000)-(t:5.228-v:9.000)-(t:6.515-v:8.000)-(t:6.549-v:7.000)-(t:7.315-v:6.000)],5.512
examples/csp/csp_300/carseq_300_8_20_53.txt,dqn,r1,300,0.0,[(t:4.966-v:333.000)-(t:4.979-v:332.000)-(t:4.994-v:330.000)-(t:5.018-v:328.000)-(t:5.034-v:327.000)-(t:5.053-v:326.000)-(t:5.063-v:325.000)-(t:5.077-v:324.000)-(t:5.087-v:323.000)-(t:5.097-v:322.000)-(t:5.105-v:320.000)-(t:5.116-v:316.000)-(t:5.127-v:313.000)-(t:5.138-v:310.000)-(t:5.148-v:309.000)-(t:5.160-v:308.000)-(t:5.173-v:306.000)-(t:5.191-v:305.000)-(t:5.199-v:304.000)-(t:5.207-v:303.000)-(t:5.215-v:302.000)-(t:5.229-v:301.000)-(t:5.246-v:299.000)-(t:5.256-v:298.000)-(t:5.265-v:297.000)-(t:5.278-v:296.000)-(t:5.287-v:295.000)-(t:5.300-v:294.000)-(t:5.309-v:292.000)-(t:5.316-v:291.000)-(t:5.326-v:290.000)-(t:5.335-v:288.000)-(t:5.352-v:285.000)-(t:5.362-v:284.000)-(t:5.374-v:283.000)-(t:5.385-v:282.000)-(t:5.395-v:278.000)-(t:5.402-v:277.000)-(t:5.411-v:274.000)-(t:5.421-v:269.000)-(t:5.433-v:268.000)-(t:5.442-v:267.000)-(t:5.453-v:265.000)-(t:5.481-v:264.000)-(t:5.507-v:263.000)-(t:5.517-v:262.000)-(t:5.528-v:260.000)-(t:5.538-v:257.000)-(t:5.546-v:256.000)-(t:5.554-v:254.000)-(t:5.563-v:253.000)-(t:5.571-v:251.000)-(t:5.581-v:248.000)-(t:5.590-v:247.000)-(t:5.601-v:246.000)-(t:5.609-v:245.000)-(t:5.616-v:244.000)-(t:5.623-v:243.000)-(t:5.632-v:242.000)-(t:5.639-v:241.000)-(t:5.683-v:240.000)-(t:5.704-v:239.000)-(t:5.723-v:238.000)-(t:5.746-v:235.000)-(t:5.765-v:234.000)-(t:5.786-v:233.000)-(t:5.805-v:232.000)-(t:5.826-v:230.000)-(t:5.849-v:229.000)-(t:5.873-v:228.000)-(t:5.896-v:227.000)-(t:5.919-v:226.000)-(t:5.938-v:224.000)-(t:5.955-v:223.000)-(t:5.976-v:222.000)-(t:5.998-v:221.000)-(t:6.017-v:220.000)-(t:6.035-v:219.000)-(t:6.057-v:218.000)-(t:6.079-v:217.000)-(t:6.104-v:216.000)-(t:6.122-v:215.000)-(t:6.144-v:214.000)-(t:6.164-v:213.000)-(t:6.181-v:212.000)-(t:6.199-v:211.000)-(t:6.221-v:210.000)-(t:6.244-v:209.000)-(t:6.268-v:208.000)-(t:6.290-v:206.000)-(t:6.308-v:205.000)-(t:6.328-v:204.000)-(t:6.349-v:203.000)-(t:6.368-v:202.000)-(t:6.387-v:199.000)-(t:6.432-v:198.000)-(t:6.459-v:197.000)-(t:6.499-v:196.000)-(t:6.519-v:195.000)-(t:6.539-v:194.000)-(t:6.560-v:193.000)-(t:6.581-v:192.000)-(t:6.602-v:191.000)-(t:6.625-v:190.000)-(t:6.646-v:189.000)-(t:6.665-v:188.000)-(t:6.682-v:187.000)-(t:6.703-v:186.000)-(t:6.725-v:185.000)-(t:6.744-v:184.000)-(t:6.782-v:183.000)-(t:6.808-v:182.000)-(t:6.833-v:181.000)-(t:6.856-v:180.000)-(t:6.887-v:179.000)-(t:6.912-v:178.000)-(t:6.941-v:177.000)-(t:6.963-v:176.000)-(t:6.991-v:175.000)-(t:7.014-v:173.000)-(t:7.040-v:172.000)-(t:7.063-v:171.000)-(t:7.085-v:170.000)-(t:7.108-v:167.000)-(t:7.130-v:165.000)-(t:7.152-v:164.000)-(t:7.203-v:163.000)-(t:7.279-v:162.000)-(t:7.299-v:161.000)-(t:7.317-v:160.000)-(t:7.338-v:159.000)-(t:7.397-v:158.000)-(t:7.414-v:157.000)-(t:7.436-v:155.000)-(t:7.457-v:154.000)-(t:7.479-v:153.000)-(t:7.501-v:152.000)-(t:7.524-v:151.000)-(t:7.545-v:150.000)-(t:7.570-v:148.000)-(t:7.593-v:147.000)-(t:7.616-v:146.000)-(t:7.641-v:145.000)-(t:7.662-v:144.000)-(t:7.682-v:143.000)-(t:7.700-v:142.000)-(t:7.722-v:141.000)-(t:7.754-v:140.000)-(t:7.777-v:139.000)-(t:7.818-v:137.000)-(t:7.842-v:136.000)-(t:7.866-v:135.000)-(t:7.890-v:134.000)-(t:7.909-v:133.000)-(t:7.928-v:132.000)-(t:7.950-v:131.000)-(t:7.971-v:130.000)-(t:7.990-v:129.000)-(t:8.009-v:128.000)-(t:8.040-v:126.000)-(t:8.063-v:125.000)-(t:8.085-v:124.000)-(t:8.133-v:123.000)-(t:8.152-v:122.000)-(t:8.172-v:121.000)-(t:8.195-v:120.000)-(t:8.236-v:119.000)-(t:8.257-v:118.000)-(t:8.276-v:117.000)-(t:8.352-v:116.000)-(t:8.379-v:115.000)-(t:8.400-v:114.000)-(t:8.423-v:113.000)-(t:8.447-v:112.000)-(t:8.471-v:111.000)-(t:8.498-v:110.000)-(t:8.516-v:109.000)-(t:8.538-v:108.000)-(t:8.559-v:107.000)-(t:8.583-v:106.000)-(t:8.607-v:105.000)-(t:8.628-v:104.000)-(t:8.652-v:103.000)-(t:8.776-v:102.000)-(t:8.798-v:101.000)-(t:8.822-v:99.000)-(t:8.843-v:98.000)-(t:8.861-v:97.000)-(t:8.881-v:96.000)-(t:8.904-v:95.000)-(t:8.930-v:94.000)-(t:8.948-v:93.000)-(t:9.075-v:92.000)-(t:9.096-v:91.000)-(t:9.121-v:90.000)-(t:9.142-v:89.000)-(t:9.162-v:88.000)-(t:9.185-v:87.000)-(t:9.210-v:86.000)-(t:9.246-v:85.000)-(t:9.267-v:84.000)-(t:9.286-v:83.000)-(t:9.309-v:82.000)-(t:9.337-v:81.000)-(t:9.365-v:80.000)-(t:9.527-v:79.000)-(t:9.554-v:78.000)-(t:9.581-v:77.000)-(t:9.610-v:76.000)-(t:9.667-v:74.000)-(t:9.691-v:73.000)-(t:9.710-v:72.000)-(t:9.731-v:71.000)-(t:9.754-v:70.000)-(t:9.782-v:69.000)-(t:9.949-v:68.000)-(t:10.096-v:67.000)-(t:10.249-v:66.000)-(t:10.302-v:65.000)-(t:10.631-v:64.000)-(t:10.734-v:63.000)-(t:11.071-v:62.000)-(t:11.093-v:61.000)-(t:11.112-v:60.000)-(t:11.166-v:59.000)-(t:11.189-v:58.000)-(t:11.222-v:57.000)-(t:11.253-v:56.000)-(t:11.275-v:55.000)-(t:11.450-v:54.000)-(t:11.480-v:53.000)-(t:11.514-v:52.000)-(t:11.543-v:51.000)-(t:11.697-v:50.000)-(t:11.850-v:49.000)-(t:11.975-v:48.000)-(t:11.995-v:47.000)-(t:12.146-v:46.000)-(t:12.177-v:45.000)-(t:12.207-v:44.000)-(t:12.236-v:43.000)-(t:12.291-v:42.000)-(t:12.318-v:41.000)-(t:12.349-v:40.000)-(t:12.506-v:39.000)-(t:12.566-v:38.000)-(t:12.629-v:37.000)-(t:12.671-v:36.000)-(t:12.728-v:35.000)-(t:12.755-v:34.000)-(t:13.109-v:33.000)-(t:13.142-v:32.000)-(t:13.167-v:31.000)-(t:13.204-v:30.000)-(t:13.682-v:29.000)-(t:14.150-v:28.000)-(t:14.176-v:27.000)-(t:14.205-v:26.000)-(t:14.235-v:25.000)-(t:14.270-v:24.000)-(t:14.301-v:23.000)-(t:14.630-v:22.000)-(t:14.665-v:21.000)-(t:14.709-v:20.000)-(t:14.740-v:19.000)-(t:14.995-v:18.000)-(t:15.054-v:17.000)-(t:15.116-v:16.000)-(t:15.147-v:15.000)-(t:15.193-v:14.000)-(t:15.221-v:13.000)-(t:15.243-v:12.000)-(t:15.294-v:11.000)-(t:15.359-v:10.000)-(t:15.391-v:9.000)-(t:15.420-v:8.000)-(t:15.470-v:7.000)-(t:15.529-v:6.000)-(t:15.656-v:5.000)-(t:17.859-v:4.000)-(t:18.204-v:3.000)-(t:18.349-v:2.000)-(t:18.479-v:1.000)-(t:22.653-v:0.000)],22.653
examples/csp/csp_100/carseq_100_8_20_71.txt,dqn,r1,300,1.0,[(t:4.412-v:141.000)-(t:4.428-v:136.000)-(t:4.439-v:134.000)-(t:4.459-v:133.000)-(t:4.472-v:132.000)-(t:4.483-v:131.000)-(t:4.490-v:130.000)-(t:4.501-v:126.000)-(t:4.510-v:125.000)-(t:4.520-v:124.000)-(t:4.526-v:119.000)-(t:4.532-v:118.000)-(t:4.538-v:117.000)-(t:4.543-v:115.000)-(t:4.550-v:114.000)-(t:4.556-v:110.000)-(t:4.562-v:109.000)-(t:4.571-v:108.000)-(t:4.578-v:107.000)-(t:4.584-v:105.000)-(t:4.591-v:104.000)-(t:4.597-v:102.000)-(t:4.603-v:101.000)-(t:4.609-v:100.000)-(t:4.615-v:98.000)-(t:4.623-v:97.000)-(t:4.632-v:96.000)-(t:4.644-v:95.000)-(t:4.652-v:94.000)-(t:4.661-v:93.000)-(t:4.673-v:90.000)-(t:4.681-v:89.000)-(t:4.691-v:88.000)-(t:4.698-v:85.000)-(t:4.709-v:82.000)-(t:4.716-v:81.000)-(t:4.722-v:80.000)-(t:4.728-v:78.000)-(t:4.733-v:76.000)-(t:4.751-v:75.000)-(t:4.762-v:74.000)-(t:4.768-v:73.000)-(t:4.773-v:72.000)-(t:4.779-v:70.000)-(t:4.785-v:69.000)-(t:4.789-v:68.000)-(t:4.795-v:67.000)-(t:4.802-v:66.000)-(t:4.807-v:65.000)-(t:4.817-v:64.000)-(t:4.825-v:62.000)-(t:4.831-v:61.000)-(t:4.837-v:60.000)-(t:4.843-v:59.000)-(t:4.852-v:56.000)-(t:4.858-v:54.000)-(t:4.867-v:53.000)-(t:4.875-v:52.000)-(t:4.881-v:51.000)-(t:4.888-v:49.000)-(t:4.927-v:47.000)-(t:4.939-v:46.000)-(t:4.955-v:44.000)-(t:4.973-v:43.000)-(t:4.986-v:42.000)-(t:5.010-v:40.000)-(t:5.027-v:39.000)-(t:5.038-v:38.000)-(t:5.070-v:37.000)-(t:5.088-v:35.000)-(t:5.109-v:34.000)-(t:5.139-v:33.000)-(t:5.154-v:32.000)-(t:5.204-v:31.000)-(t:5.224-v:29.000)-(t:5.255-v:28.000)-(t:5.274-v:27.000)-(t:5.288-v:26.000)-(t:5.315-v:25.000)-(t:5.358-v:24.000)-(t:5.428-v:23.000)-(t:5.506-v:22.000)-(t:5.586-v:21.000)-(t:5.609-v:20.000)-(t:5.641-v:19.000)-(t:5.667-v:18.000)-(t:5.726-v:17.000)-(t:5.739-v:16.000)-(t:5.858-v:15.000)-(t:5.893-v:14.000)-(t:5.910-v:13.000)-(t:5.929-v:12.000)-(t:5.946-v:11.000)-(t:5.971-v:10.000)-(t:5.995-v:9.000)-(t:6.015-v:8.000)-(t:6.035-v:7.000)-(t:6.315-v:6.000)-(t:7.030-v:5.000)-(t:8.623-v:4.000)-(t:9.862-v:3.000)-(t:9.895-v:2.000)-(t:14.451-v:1.000)],300.0
examples/csp/csp_300/carseq_300_8_20_56.txt,dqn,r1,300,0.0,[(t:4.794-v:416.000)-(t:4.812-v:410.000)-(t:4.828-v:409.000)-(t:4.852-v:407.000)-(t:4.872-v:403.000)-(t:4.885-v:400.000)-(t:4.897-v:399.000)-(t:4.909-v:396.000)-(t:4.926-v:392.000)-(t:4.938-v:390.000)-(t:4.945-v:386.000)-(t:4.952-v:380.000)-(t:4.963-v:376.000)-(t:4.970-v:375.000)-(t:4.980-v:371.000)-(t:4.992-v:370.000)-(t:5.003-v:369.000)-(t:5.017-v:367.000)-(t:5.027-v:366.000)-(t:5.036-v:364.000)-(t:5.045-v:362.000)-(t:5.055-v:361.000)-(t:5.063-v:360.000)-(t:5.072-v:358.000)-(t:5.091-v:356.000)-(t:5.101-v:355.000)-(t:5.111-v:353.000)-(t:5.123-v:351.000)-(t:5.134-v:349.000)-(t:5.145-v:347.000)-(t:5.160-v:345.000)-(t:5.174-v:343.000)-(t:5.221-v:342.000)-(t:5.234-v:341.000)-(t:5.246-v:339.000)-(t:5.263-v:338.000)-(t:5.272-v:336.000)-(t:5.289-v:335.000)-(t:5.307-v:332.000)-(t:5.314-v:331.000)-(t:5.324-v:330.000)-(t:5.335-v:328.000)-(t:5.347-v:327.000)-(t:5.358-v:326.000)-(t:5.368-v:325.000)-(t:5.375-v:321.000)-(t:5.382-v:320.000)-(t:5.393-v:316.000)-(t:5.401-v:315.000)-(t:5.408-v:314.000)-(t:5.415-v:313.000)-(t:5.423-v:312.000)-(t:5.431-v:310.000)-(t:5.442-v:308.000)-(t:5.452-v:307.000)-(t:5.464-v:306.000)-(t:5.474-v:305.000)-(t:5.483-v:304.000)-(t:5.491-v:303.000)-(t:5.498-v:301.000)-(t:5.542-v:300.000)-(t:5.568-v:299.000)-(t:5.594-v:298.000)-(t:5.617-v:297.000)-(t:5.641-v:296.000)-(t:5.662-v:293.000)-(t:5.682-v:289.000)-(t:5.706-v:288.000)-(t:5.732-v:286.000)-(t:5.753-v:285.000)-(t:5.778-v:284.000)-(t:5.798-v:283.000)-(t:5.823-v:282.000)-(t:5.847-v:281.000)-(t:5.872-v:280.000)-(t:5.905-v:279.000)-(t:5.927-v:278.000)-(t:5.957-v:277.000)-(t:5.981-v:276.000)-(t:6.001-v:275.000)-(t:6.024-v:274.000)-(t:6.046-v:273.000)-(t:6.069-v:272.000)-(t:6.092-v:271.000)-(t:6.127-v:270.000)-(t:6.160-v:266.000)-(t:6.182-v:265.000)-(t:6.202-v:264.000)-(t:6.228-v:263.000)-(t:6.248-v:260.000)-(t:6.270-v:257.000)-(t:6.292-v:256.000)-(t:6.317-v:255.000)-(t:6.341-v:254.000)-(t:6.364-v:253.000)-(t:6.402-v:252.000)-(t:6.423-v:251.000)-(t:6.446-v:250.000)-(t:6.470-v:249.000)-(t:6.495-v:248.000)-(t:6.519-v:247.000)-(t:6.537-v:246.000)-(t:6.559-v:244.000)-(t:6.581-v:243.000)-(t:6.606-v:242.000)-(t:6.632-v:240.000)-(t:6.656-v:239.000)-(t:6.678-v:238.000)-(t:6.699-v:236.000)-(t:6.721-v:234.000)-(t:6.741-v:233.000)-(t:6.763-v:232.000)-(t:6.782-v:231.000)-(t:6.805-v:229.000)-(t:6.826-v:228.000)-(t:6.847-v:227.000)-(t:6.893-v:226.000)-(t:6.914-v:225.000)-(t:6.936-v:224.000)-(t:6.957-v:223.000)-(t:6.986-v:222.000)-(t:7.010-v:220.000)-(t:7.037-v:218.000)-(t:7.056-v:217.000)-(t:7.081-v:216.000)-(t:7.104-v:215.000)-(t:7.124-v:214.000)-(t:7.143-v:211.000)-(t:7.165-v:210.000)-(t:7.183-v:209.000)-(t:7.208-v:208.000)-(t:7.233-v:207.000)-(t:7.253-v:205.000)-(t:7.273-v:204.000)-(t:7.303-v:203.000)-(t:7.325-v:202.000)-(t:7.347-v:200.000)-(t:7.369-v:199.000)-(t:7.390-v:198.000)-(t:7.413-v:197.000)-(t:7.431-v:196.000)-(t:7.451-v:195.000)-(t:7.474-v:194.000)-(t:7.497-v:193.000)-(t:7.523-v:192.000)-(t:7.546-v:191.000)-(t:7.569-v:190.000)-(t:7.592-v:189.000)-(t:7.616-v:188.000)-(t:7.635-v:186.000)-(t:7.656-v:184.000)-(t:7.679-v:183.000)-(t:7.703-v:182.000)-(t:7.729-v:181.000)-(t:7.754-v:180.000)-(t:7.777-v:179.000)-(t:7.809-v:178.000)-(t:7.831-v:177.000)-(t:7.855-v:175.000)-(t:7.889-v:174.000)-(t:7.911-v:173.000)-(t:7.935-v:172.000)-(t:7.958-v:170.000)-(t:7.986-v:169.000)-(t:8.006-v:168.000)-(t:8.033-v:166.000)-(t:8.052-v:164.000)-(t:8.075-v:162.000)-(t:8.100-v:161.000)-(t:8.124-v:160.000)-(t:8.144-v:159.000)-(t:8.167-v:158.000)-(t:8.190-v:157.000)-(t:8.215-v:156.000)-(t:8.256-v:155.000)-(t:8.277-v:154.000)-(t:8.301-v:153.000)-(t:8.327-v:150.000)-(t:8.362-v:149.000)-(t:8.384-v:147.000)-(t:8.408-v:146.000)-(t:8.442-v:145.000)-(t:8.471-v:144.000)-(t:8.492-v:141.000)-(t:8.514-v:139.000)-(t:8.538-v:138.000)-(t:8.567-v:137.000)-(t:8.599-v:136.000)-(t:8.622-v:134.000)-(t:8.643-v:133.000)-(t:8.669-v:132.000)-(t:8.697-v:131.000)-(t:8.721-v:130.000)-(t:8.747-v:129.000)-(t:8.770-v:128.000)-(t:8.793-v:126.000)-(t:8.813-v:125.000)-(t:8.836-v:124.000)-(t:8.858-v:123.000)-(t:8.877-v:122.000)-(t:8.906-v:120.000)-(t:8.930-v:118.000)-(t:8.964-v:117.000)-(t:9.001-v:116.000)-(t:9.024-v:114.000)-(t:9.050-v:113.000)-(t:9.094-v:112.000)-(t:9.154-v:111.000)-(t:9.187-v:110.000)-(t:9.221-v:109.000)-(t:9.246-v:108.000)-(t:9.269-v:107.000)-(t:9.299-v:105.000)-(t:9.332-v:103.000)-(t:9.358-v:102.000)-(t:9.391-v:101.000)-(t:9.414-v:100.000)-(t:9.456-v:99.000)-(t:9.505-v:98.000)-(t:9.555-v:97.000)-(t:9.578-v:96.000)-(t:9.599-v:94.000)-(t:9.624-v:92.000)-(t:9.650-v:91.000)-(t:9.691-v:90.000)-(t:9.711-v:89.000)-(t:9.733-v:88.000)-(t:9.756-v:87.000)-(t:9.783-v:86.000)-(t:9.803-v:85.000)-(t:9.824-v:84.000)-(t:9.844-v:83.000)-(t:9.866-v:82.000)-(t:9.886-v:81.000)-(t:9.920-v:80.000)-(t:9.939-v:79.000)-(t:9.983-v:78.000)-(t:10.005-v:77.000)-(t:10.030-v:76.000)-(t:10.055-v:74.000)-(t:10.181-v:73.000)-(t:10.207-v:72.000)-(t:10.227-v:71.000)-(t:10.254-v:70.000)-(t:10.364-v:69.000)-(t:10.395-v:68.000)-(t:10.425-v:67.000)-(t:10.490-v:66.000)-(t:10.511-v:65.000)-(t:10.625-v:64.000)-(t:10.691-v:63.000)-(t:10.717-v:62.000)-(t:10.875-v:61.000)-(t:10.914-v:60.000)-(t:11.027-v:59.000)-(t:11.120-v:58.000)-(t:11.217-v:57.000)-(t:11.244-v:56.000)-(t:11.291-v:55.000)-(t:11.327-v:54.000)-(t:11.360-v:53.000)-(t:11.381-v:52.000)-(t:11.408-v:51.000)-(t:11.450-v:50.000)-(t:11.473-v:49.000)-(t:11.525-v:48.000)-(t:11.560-v:47.000)-(t:11.592-v:46.000)-(t:11.618-v:45.000)-(t:11.864-v:44.000)-(t:11.895-v:43.000)-(t:11.922-v:42.000)-(t:11.947-v:41.000)-(t:12.001-v:40.000)-(t:12.038-v:39.000)-(t:12.100-v:38.000)-(t:12.130-v:37.000)-(t:12.157-v:36.000)-(t:12.195-v:35.000)-(t:12.733-v:34.000)-(t:12.777-v:33.000)-(t:12.806-v:32.000)-(t:12.841-v:31.000)-(t:12.868-v:30.000)-(t:12.896-v:29.000)-(t:12.950-v:28.000)-(t:12.990-v:27.000)-(t:13.051-v:26.000)-(t:13.100-v:25.000)-(t:13.166-v:24.000)-(t:13.216-v:23.000)-(t:13.253-v:22.000)-(t:13.286-v:21.000)-(t:13.332-v:20.000)-(t:13.377-v:19.000)-(t:13.439-v:18.000)-(t:13.499-v:17.000)-(t:13.575-v:16.000)-(t:13.603-v:15.000)-(t:13.735-v:14.000)-(t:13.768-v:13.000)-(t:13.805-v:12.000)-(t:13.963-v:11.000)-(t:14.951-v:10.000)-(t:15.201-v:9.000)-(t:15.477-v:8.000)-(t:16.119-v:7.000)-(t:16.164-v:6.000)-(t:16.391-v:5.000)-(t:16.748-v:4.000)-(t:20.356-v:3.000)-(t:32.421-v:2.000)-(t:32.551-v:1.000)-(t:51.442-v:0.000)],51.442
examples/csp/csp_300/carseq_300_8_20_76.txt,dqn,r1,300,0.0,[(t:4.915-v:350.000)-(t:4.940-v:345.000)-(t:4.960-v:344.000)-(t:4.979-v:343.000)-(t:4.995-v:342.000)-(t:5.011-v:340.000)-(t:5.022-v:339.000)-(t:5.037-v:335.000)-(t:5.050-v:334.000)-(t:5.063-v:333.000)-(t:5.071-v:332.000)-(t:5.081-v:330.000)-(t:5.091-v:329.000)-(t:5.100-v:328.000)-(t:5.111-v:327.000)-(t:5.121-v:324.000)-(t:5.134-v:323.000)-(t:5.148-v:320.000)-(t:5.158-v:319.000)-(t:5.167-v:316.000)-(t:5.174-v:315.000)-(t:5.182-v:314.000)-(t:5.189-v:313.000)-(t:5.198-v:310.000)-(t:5.209-v:309.000)-(t:5.219-v:308.000)-(t:5.226-v:307.000)-(t:5.239-v:306.000)-(t:5.248-v:304.000)-(t:5.258-v:303.000)-(t:5.268-v:301.000)-(t:5.278-v:299.000)-(t:5.290-v:297.000)-(t:5.301-v:295.000)-(t:5.311-v:294.000)-(t:5.322-v:291.000)-(t:5.334-v:290.000)-(t:5.343-v:289.000)-(t:5.352-v:288.000)-(t:5.364-v:285.000)-(t:5.376-v:284.000)-(t:5.388-v:283.000)-(t:5.398-v:281.000)-(t:5.409-v:280.000)-(t:5.423-v:279.000)-(t:5.436-v:278.000)-(t:5.449-v:277.000)-(t:5.459-v:273.000)-(t:5.470-v:272.000)-(t:5.480-v:270.000)-(t:5.492-v:268.000)-(t:5.501-v:267.000)-(t:5.509-v:266.000)-(t:5.518-v:265.000)-(t:5.528-v:262.000)-(t:5.536-v:259.000)-(t:5.547-v:258.000)-(t:5.556-v:257.000)-(t:5.565-v:254.000)-(t:5.574-v:252.000)-(t:5.621-v:251.000)-(t:5.644-v:250.000)-(t:5.664-v:249.000)-(t:5.686-v:248.000)-(t:5.710-v:247.000)-(t:5.732-v:246.000)-(t:5.751-v:245.000)-(t:5.772-v:243.000)-(t:5.793-v:241.000)-(t:5.815-v:239.000)-(t:5.837-v:238.000)-(t:5.860-v:237.000)-(t:5.882-v:236.000)-(t:5.905-v:235.000)-(t:5.929-v:233.000)-(t:5.950-v:232.000)-(t:5.970-v:231.000)-(t:5.990-v:230.000)-(t:6.014-v:229.000)-(t:6.038-v:228.000)-(t:6.058-v:227.000)-(t:6.079-v:226.000)-(t:6.103-v:225.000)-(t:6.127-v:223.000)-(t:6.160-v:222.000)-(t:6.182-v:220.000)-(t:6.206-v:219.000)-(t:6.229-v:218.000)-(t:6.254-v:217.000)-(t:6.275-v:216.000)-(t:6.295-v:215.000)-(t:6.316-v:214.000)-(t:6.339-v:212.000)-(t:6.360-v:211.000)-(t:6.380-v:207.000)-(t:6.402-v:206.000)-(t:6.420-v:203.000)-(t:6.441-v:202.000)-(t:6.461-v:201.000)-(t:6.484-v:200.000)-(t:6.513-v:198.000)-(t:6.539-v:197.000)-(t:6.559-v:196.000)-(t:6.591-v:195.000)-(t:6.614-v:194.000)-(t:6.632-v:192.000)-(t:6.652-v:189.000)-(t:6.677-v:188.000)-(t:6.700-v:187.000)-(t:6.724-v:186.000)-(t:6.747-v:185.000)-(t:6.769-v:184.000)-(t:6.790-v:183.000)-(t:6.813-v:182.000)-(t:6.835-v:181.000)-(t:6.856-v:180.000)-(t:6.877-v:179.000)-(t:6.895-v:178.000)-(t:6.920-v:176.000)-(t:6.942-v:175.000)-(t:6.965-v:174.000)-(t:6.985-v:173.000)-(t:7.004-v:171.000)-(t:7.026-v:170.000)-(t:7.051-v:169.000)-(t:7.082-v:167.000)-(t:7.112-v:166.000)-(t:7.137-v:165.000)-(t:7.166-v:164.000)-(t:7.190-v:163.000)-(t:7.214-v:162.000)-(t:7.236-v:161.000)-(t:7.259-v:160.000)-(t:7.282-v:159.000)-(t:7.307-v:158.000)-(t:7.344-v:157.000)-(t:7.369-v:156.000)-(t:7.392-v:155.000)-(t:7.415-v:154.000)-(t:7.438-v:153.000)-(t:7.459-v:152.000)-(t:7.484-v:151.000)-(t:7.509-v:150.000)-(t:7.533-v:149.000)-(t:7.555-v:148.000)-(t:7.578-v:147.000)-(t:7.601-v:146.000)-(t:7.624-v:145.000)-(t:7.647-v:144.000)-(t:7.671-v:142.000)-(t:7.693-v:141.000)-(t:7.714-v:140.000)-(t:7.739-v:139.000)-(t:7.763-v:138.000)-(t:7.788-v:137.000)-(t:7.811-v:135.000)-(t:7.838-v:134.000)-(t:7.859-v:133.000)-(t:7.881-v:132.000)-(t:7.908-v:131.000)-(t:7.932-v:129.000)-(t:7.953-v:127.000)-(t:7.977-v:126.000)-(t:8.000-v:125.000)-(t:8.022-v:124.000)-(t:8.045-v:123.000)-(t:8.067-v:122.000)-(t:8.091-v:121.000)-(t:8.113-v:120.000)-(t:8.136-v:119.000)-(t:8.156-v:118.000)-(t:8.177-v:117.000)-(t:8.208-v:116.000)-(t:8.242-v:115.000)-(t:8.344-v:114.000)-(t:8.364-v:112.000)-(t:8.387-v:111.000)-(t:8.408-v:109.000)-(t:8.448-v:108.000)-(t:8.469-v:107.000)-(t:8.495-v:106.000)-(t:8.542-v:105.000)-(t:8.571-v:104.000)-(t:8.592-v:102.000)-(t:8.617-v:101.000)-(t:8.640-v:100.000)-(t:8.664-v:99.000)-(t:8.694-v:98.000)-(t:8.718-v:97.000)-(t:8.738-v:96.000)-(t:8.761-v:94.000)-(t:8.783-v:93.000)-(t:8.804-v:92.000)-(t:8.826-v:91.000)-(t:8.897-v:90.000)-(t:8.917-v:89.000)-(t:8.937-v:88.000)-(t:8.958-v:86.000)-(t:8.993-v:85.000)-(t:9.015-v:84.000)-(t:9.035-v:83.000)-(t:9.061-v:82.000)-(t:9.084-v:81.000)-(t:9.106-v:79.000)-(t:9.133-v:78.000)-(t:9.156-v:77.000)-(t:9.173-v:76.000)-(t:9.192-v:75.000)-(t:9.214-v:74.000)-(t:9.236-v:73.000)-(t:9.261-v:72.000)-(t:9.282-v:71.000)-(t:9.300-v:70.000)-(t:9.323-v:69.000)-(t:9.350-v:68.000)-(t:9.370-v:67.000)-(t:9.401-v:66.000)-(t:9.425-v:65.000)-(t:9.446-v:63.000)-(t:9.464-v:62.000)-(t:9.491-v:61.000)-(t:9.516-v:60.000)-(t:9.537-v:59.000)-(t:9.559-v:58.000)-(t:9.587-v:57.000)-(t:9.707-v:56.000)-(t:9.901-v:55.000)-(t:9.928-v:54.000)-(t:9.955-v:53.000)-(t:10.001-v:52.000)-(t:10.023-v:51.000)-(t:10.230-v:50.000)-(t:10.262-v:49.000)-(t:10.320-v:48.000)-(t:10.344-v:47.000)-(t:10.388-v:46.000)-(t:10.447-v:45.000)-(t:10.537-v:44.000)-(t:10.565-v:43.000)-(t:10.586-v:42.000)-(t:10.623-v:41.000)-(t:10.697-v:40.000)-(t:11.184-v:39.000)-(t:11.205-v:38.000)-(t:11.249-v:37.000)-(t:11.272-v:36.000)-(t:11.311-v:35.000)-(t:11.334-v:34.000)-(t:11.355-v:33.000)-(t:11.381-v:32.000)-(t:11.414-v:31.000)-(t:11.614-v:30.000)-(t:11.636-v:29.000)-(t:11.653-v:28.000)-(t:11.683-v:27.000)-(t:11.722-v:26.000)-(t:11.763-v:25.000)-(t:11.807-v:24.000)-(t:11.851-v:23.000)-(t:11.913-v:22.000)-(t:11.984-v:21.000)-(t:12.016-v:20.000)-(t:12.051-v:19.000)-(t:12.098-v:18.000)-(t:12.150-v:17.000)-(t:12.201-v:16.000)-(t:12.299-v:15.000)-(t:12.343-v:14.000)-(t:12.385-v:13.000)-(t:12.547-v:12.000)-(t:15.300-v:11.000)-(t:15.328-v:10.000)-(t:15.379-v:9.000)-(t:15.420-v:8.000)-(t:15.496-v:7.000)-(t:15.528-v:6.000)-(t:15.600-v:5.000)-(t:15.805-v:4.000)-(t:16.783-v:3.000)-(t:29.595-v:2.000)-(t:31.333-v:1.000)-(t:39.068-v:0.000)],39.068
examples/csp/csp_300/carseq_300_8_20_62.txt,dqn,r1,300,0.0,[(t:4.845-v:336.000)-(t:4.861-v:329.000)-(t:4.877-v:324.000)-(t:4.904-v:322.000)-(t:4.922-v:321.000)-(t:4.937-v:320.000)-(t:4.948-v:318.000)-(t:4.965-v:315.000)-(t:4.980-v:314.000)-(t:4.993-v:311.000)-(t:5.004-v:310.000)-(t:5.017-v:309.000)-(t:5.027-v:307.000)-(t:5.038-v:305.000)-(t:5.049-v:302.000)-(t:5.061-v:301.000)-(t:5.072-v:300.000)-(t:5.087-v:298.000)-(t:5.099-v:297.000)-(t:5.110-v:295.000)-(t:5.119-v:293.000)-(t:5.132-v:292.000)-(t:5.146-v:291.000)-(t:5.155-v:289.000)-(t:5.170-v:287.000)-(t:5.184-v:285.000)-(t:5.196-v:284.000)-(t:5.209-v:282.000)-(t:5.223-v:281.000)-(t:5.235-v:280.000)-(t:5.247-v:279.000)-(t:5.261-v:276.000)-(t:5.321-v:274.000)-(t:5.331-v:273.000)-(t:5.347-v:272.000)-(t:5.362-v:270.000)-(t:5.372-v:268.000)-(t:5.379-v:266.000)-(t:5.386-v:264.000)-(t:5.393-v:263.000)-(t:5.401-v:262.000)-(t:5.414-v:261.000)-(t:5.420-v:259.000)-(t:5.428-v:258.000)-(t:5.436-v:257.000)-(t:5.445-v:256.000)-(t:5.454-v:254.000)-(t:5.462-v:253.000)-(t:5.469-v:252.000)-(t:5.478-v:249.000)-(t:5.485-v:248.000)-(t:5.494-v:247.000)-(t:5.502-v:242.000)-(t:5.510-v:240.000)-(t:5.520-v:239.000)-(t:5.528-v:238.000)-(t:5.539-v:237.000)-(t:5.550-v:236.000)-(t:5.559-v:235.000)-(t:5.568-v:234.000)-(t:5.617-v:231.000)-(t:5.647-v:230.000)-(t:5.668-v:229.000)-(t:5.689-v:226.000)-(t:5.710-v:225.000)-(t:5.730-v:224.000)-(t:5.752-v:223.000)-(t:5.772-v:222.000)-(t:5.794-v:221.000)-(t:5.816-v:220.000)-(t:5.837-v:219.000)-(t:5.860-v:218.000)-(t:5.884-v:217.000)-(t:5.905-v:216.000)-(t:5.930-v:215.000)-(t:5.952-v:214.000)-(t:5.974-v:211.000)-(t:5.998-v:210.000)-(t:6.018-v:207.000)-(t:6.036-v:206.000)-(t:6.056-v:204.000)-(t:6.079-v:203.000)-(t:6.101-v:202.000)-(t:6.119-v:201.000)-(t:6.147-v:200.000)-(t:6.177-v:199.000)-(t:6.206-v:198.000)-(t:6.231-v:196.000)-(t:6.252-v:194.000)-(t:6.277-v:193.000)-(t:6.308-v:191.000)-(t:6.331-v:190.000)-(t:6.355-v:189.000)-(t:6.379-v:187.000)-(t:6.402-v:186.000)-(t:6.422-v:185.000)-(t:6.443-v:184.000)-(t:6.469-v:182.000)-(t:6.492-v:181.000)-(t:6.517-v:180.000)-(t:6.539-v:179.000)-(t:6.562-v:178.000)-(t:6.583-v:176.000)-(t:6.613-v:175.000)-(t:6.638-v:172.000)-(t:6.661-v:171.000)-(t:6.686-v:170.000)-(t:6.718-v:169.000)-(t:6.744-v:167.000)-(t:6.764-v:166.000)-(t:6.786-v:165.000)-(t:6.810-v:164.000)-(t:6.836-v:162.000)-(t:6.853-v:160.000)-(t:6.877-v:158.000)-(t:6.898-v:157.000)-(t:6.921-v:156.000)-(t:6.945-v:155.000)-(t:6.969-v:154.000)-(t:6.989-v:153.000)-(t:7.008-v:152.000)-(t:7.026-v:151.000)-(t:7.047-v:150.000)-(t:7.071-v:149.000)-(t:7.095-v:148.000)-(t:7.121-v:146.000)-(t:7.141-v:145.000)-(t:7.165-v:144.000)-(t:7.184-v:143.000)-(t:7.207-v:142.000)-(t:7.232-v:141.000)-(t:7.257-v:139.000)-(t:7.278-v:138.000)-(t:7.299-v:137.000)-(t:7.317-v:134.000)-(t:7.337-v:133.000)-(t:7.367-v:132.000)-(t:7.389-v:131.000)-(t:7.412-v:130.000)-(t:7.435-v:129.000)-(t:7.456-v:128.000)-(t:7.477-v:127.000)-(t:7.499-v:126.000)-(t:7.524-v:125.000)-(t:7.546-v:123.000)-(t:7.568-v:122.000)-(t:7.593-v:121.000)-(t:7.615-v:120.000)-(t:7.646-v:119.000)-(t:7.669-v:117.000)-(t:7.690-v:116.000)-(t:7.711-v:115.000)-(t:7.734-v:114.000)-(t:7.756-v:113.000)-(t:7.777-v:112.000)-(t:7.799-v:111.000)-(t:7.820-v:110.000)-(t:7.842-v:108.000)-(t:7.863-v:107.000)-(t:7.886-v:106.000)-(t:7.910-v:105.000)-(t:7.931-v:103.000)-(t:7.950-v:102.000)-(t:7.979-v:100.000)-(t:8.004-v:99.000)-(t:8.026-v:98.000)-(t:8.050-v:96.000)-(t:8.081-v:95.000)-(t:8.102-v:94.000)-(t:8.127-v:93.000)-(t:8.155-v:92.000)-(t:8.179-v:91.000)-(t:8.201-v:90.000)-(t:8.225-v:89.000)-(t:8.257-v:87.000)-(t:8.282-v:86.000)-(t:8.305-v:85.000)-(t:8.329-v:84.000)-(t:8.389-v:83.000)-(t:8.410-v:82.000)-(t:8.446-v:81.000)-(t:8.658-v:80.000)-(t:8.855-v:79.000)-(t:8.895-v:78.000)-(t:8.920-v:77.000)-(t:8.957-v:76.000)-(t:9.000-v:75.000)-(t:9.041-v:74.000)-(t:9.073-v:73.000)-(t:9.097-v:72.000)-(t:9.124-v:71.000)-(t:9.149-v:70.000)-(t:9.172-v:69.000)-(t:9.196-v:68.000)-(t:9.234-v:67.000)-(t:9.320-v:66.000)-(t:9.381-v:64.000)-(t:9.421-v:63.000)-(t:9.441-v:62.000)-(t:9.541-v:61.000)-(t:9.610-v:60.000)-(t:9.655-v:59.000)-(t:9.681-v:58.000)-(t:9.757-v:57.000)-(t:9.891-v:56.000)-(t:10.007-v:55.000)-(t:10.029-v:54.000)-(t:10.071-v:53.000)-(t:10.119-v:51.000)-(t:10.161-v:50.000)-(t:10.195-v:49.000)-(t:10.372-v:48.000)-(t:10.395-v:47.000)-(t:10.572-v:46.000)-(t:10.616-v:45.000)-(t:10.639-v:44.000)-(t:10.665-v:43.000)-(t:10.792-v:42.000)-(t:10.856-v:41.000)-(t:10.964-v:40.000)-(t:11.000-v:39.000)-(t:11.118-v:38.000)-(t:11.153-v:37.000)-(t:11.187-v:36.000)-(t:11.215-v:35.000)-(t:11.245-v:34.000)-(t:11.294-v:33.000)-(t:11.314-v:32.000)-(t:11.412-v:31.000)-(t:11.435-v:30.000)-(t:11.484-v:29.000)-(t:11.521-v:28.000)-(t:11.590-v:27.000)-(t:11.636-v:26.000)-(t:12.008-v:25.000)-(t:12.047-v:24.000)-(t:12.078-v:23.000)-(t:12.107-v:22.000)-(t:12.138-v:21.000)-(t:12.170-v:20.000)-(t:12.277-v:19.000)-(t:12.301-v:18.000)-(t:12.358-v:17.000)-(t:12.387-v:16.000)-(t:12.437-v:15.000)-(t:12.486-v:14.000)-(t:12.734-v:13.000)-(t:12.802-v:12.000)-(t:12.886-v:11.000)-(t:12.961-v:10.000)-(t:13.039-v:9.000)-(t:15.566-v:8.000)-(t:15.659-v:7.000)-(t:15.709-v:6.000)-(t:15.734-v:5.000)-(t:15.820-v:4.000)-(t:15.884-v:3.000)-(t:16.027-v:2.000)-(t:20.032-v:1.000)-(t:43.962-v:0.000)],43.962
examples/csp/csp_100/carseq_100_8_20_81.txt,dqn,r1,300,1.0,[(t:4.374-v:103.000)-(t:4.389-v:102.000)-(t:4.396-v:100.000)-(t:4.413-v:98.000)-(t:4.424-v:97.000)-(t:4.435-v:96.000)-(t:4.441-v:94.000)-(t:4.448-v:92.000)-(t:4.456-v:91.000)-(t:4.463-v:89.000)-(t:4.471-v:88.000)-(t:4.480-v:87.000)-(t:4.486-v:86.000)-(t:4.492-v:85.000)-(t:4.497-v:84.000)-(t:4.502-v:83.000)-(t:4.508-v:81.000)-(t:4.518-v:77.000)-(t:4.525-v:75.000)-(t:4.533-v:74.000)-(t:4.540-v:73.000)-(t:4.545-v:72.000)-(t:4.552-v:71.000)-(t:4.558-v:68.000)-(t:4.564-v:65.000)-(t:4.569-v:64.000)-(t:4.577-v:63.000)-(t:4.584-v:62.000)-(t:4.588-v:61.000)-(t:4.594-v:60.000)-(t:4.598-v:59.000)-(t:4.604-v:56.000)-(t:4.616-v:55.000)-(t:4.620-v:54.000)-(t:4.632-v:52.000)-(t:4.642-v:51.000)-(t:4.649-v:49.000)-(t:4.655-v:48.000)-(t:4.662-v:47.000)-(t:4.668-v:46.000)-(t:4.675-v:45.000)-(t:4.682-v:44.000)-(t:4.690-v:43.000)-(t:4.704-v:42.000)-(t:4.718-v:41.000)-(t:4.726-v:40.000)-(t:4.732-v:39.000)-(t:4.738-v:37.000)-(t:4.746-v:36.000)-(t:4.761-v:34.000)-(t:4.786-v:33.000)-(t:4.796-v:32.000)-(t:4.813-v:31.000)-(t:4.823-v:30.000)-(t:4.840-v:29.000)-(t:4.847-v:27.000)-(t:4.857-v:26.000)-(t:4.868-v:25.000)-(t:4.903-v:24.000)-(t:4.923-v:23.000)-(t:4.940-v:22.000)-(t:4.952-v:21.000)-(t:4.964-v:20.000)-(t:4.976-v:19.000)-(t:4.989-v:18.000)-(t:5.008-v:17.000)-(t:5.021-v:16.000)-(t:5.036-v:15.000)-(t:5.102-v:14.000)-(t:5.119-v:13.000)-(t:5.156-v:12.000)-(t:5.179-v:11.000)-(t:5.245-v:10.000)-(t:5.259-v:9.000)-(t:5.276-v:8.000)-(t:5.297-v:7.000)-(t:5.368-v:6.000)-(t:5.407-v:5.000)-(t:5.778-v:4.000)-(t:5.837-v:3.000)-(t:5.870-v:2.000)-(t:6.097-v:1.000)],300.0
examples/csp/csp_100/carseq_100_8_20_85.txt,dqn,r1,300,1.0,[(t:4.347-v:87.000)-(t:4.365-v:86.000)-(t:4.374-v:85.000)-(t:4.382-v:84.000)-(t:4.393-v:80.000)-(t:4.402-v:79.000)-(t:4.407-v:77.000)-(t:4.418-v:75.000)-(t:4.429-v:73.000)-(t:4.440-v:71.000)-(t:4.446-v:70.000)-(t:4.454-v:68.000)-(t:4.463-v:64.000)-(t:4.471-v:62.000)-(t:4.489-v:61.000)-(t:4.498-v:60.000)-(t:4.505-v:58.000)-(t:4.518-v:57.000)-(t:4.527-v:56.000)-(t:4.537-v:54.000)-(t:4.547-v:53.000)-(t:4.555-v:52.000)-(t:4.562-v:50.000)-(t:4.571-v:49.000)-(t:4.578-v:47.000)-(t:4.591-v:46.000)-(t:4.602-v:45.000)-(t:4.619-v:44.000)-(t:4.626-v:42.000)-(t:4.639-v:41.000)-(t:4.646-v:40.000)-(t:4.656-v:39.000)-(t:4.667-v:38.000)-(t:4.675-v:37.000)-(t:4.684-v:36.000)-(t:4.693-v:35.000)-(t:4.719-v:34.000)-(t:4.725-v:33.000)-(t:4.732-v:32.000)-(t:4.739-v:31.000)-(t:4.747-v:30.000)-(t:4.766-v:26.000)-(t:4.774-v:25.000)-(t:4.781-v:24.000)-(t:4.795-v:23.000)-(t:4.839-v:22.000)-(t:4.859-v:21.000)-(t:4.866-v:20.000)-(t:4.874-v:19.000)-(t:4.910-v:18.000)-(t:4.989-v:17.000)-(t:4.998-v:16.000)-(t:5.005-v:15.000)-(t:5.021-v:14.000)-(t:5.053-v:13.000)-(t:5.076-v:12.000)-(t:5.093-v:11.000)-(t:5.111-v:10.000)-(t:5.126-v:9.000)-(t:5.194-v:8.000)-(t:5.226-v:7.000)-(t:5.256-v:6.000)-(t:6.483-v:5.000)-(t:7.745-v:4.000)-(t:9.142-v:3.000)-(t:9.169-v:2.000)-(t:9.735-v:1.000)],300.0
examples/csp/csp_100/carseq_100_8_20_86.txt,dqn,r1,300,1.0,[(t:3.970-v:147.000)-(t:3.986-v:146.000)-(t:3.994-v:138.000)-(t:4.010-v:133.000)-(t:4.020-v:129.000)-(t:4.028-v:127.000)-(t:4.034-v:124.000)-(t:4.045-v:122.000)-(t:4.051-v:121.000)-(t:4.061-v:119.000)-(t:4.067-v:117.000)-(t:4.073-v:116.000)-(t:4.077-v:115.000)-(t:4.085-v:114.000)-(t:4.091-v:113.000)-(t:4.097-v:111.000)-(t:4.102-v:110.000)-(t:4.110-v:108.000)-(t:4.114-v:107.000)-(t:4.120-v:102.000)-(t:4.125-v:101.000)-(t:4.132-v:100.000)-(t:4.137-v:98.000)-(t:4.141-v:97.000)-(t:4.148-v:96.000)-(t:4.153-v:95.000)-(t:4.157-v:94.000)-(t:4.162-v:93.000)-(t:4.166-v:92.000)-(t:4.170-v:91.000)-(t:4.176-v:90.000)-(t:4.184-v:85.000)-(t:4.194-v:84.000)-(t:4.200-v:82.000)-(t:4.207-v:81.000)-(t:4.213-v:79.000)-(t:4.218-v:77.000)-(t:4.223-v:76.000)-(t:4.228-v:75.000)-(t:4.234-v:74.000)-(t:4.239-v:73.000)-(t:4.244-v:71.000)-(t:4.258-v:70.000)-(t:4.272-v:69.000)-(t:4.283-v:68.000)-(t:4.287-v:67.000)-(t:4.295-v:66.000)-(t:4.302-v:65.000)-(t:4.311-v:64.000)-(t:4.319-v:63.000)-(t:4.329-v:62.000)-(t:4.334-v:61.000)-(t:4.341-v:60.000)-(t:4.348-v:59.000)-(t:4.356-v:58.000)-(t:4.361-v:57.000)-(t:4.366-v:56.000)-(t:4.374-v:55.000)-(t:4.380-v:54.000)-(t:4.385-v:53.000)-(t:4.419-v:51.000)-(t:4.430-v:50.000)-(t:4.441-v:49.000)-(t:4.455-v:46.000)-(t:4.470-v:45.000)-(t:4.482-v:44.000)-(t:4.497-v:43.000)-(t:4.509-v:42.000)-(t:4.521-v:41.000)-(t:4.534-v:40.000)-(t:4.545-v:39.000)-(t:4.559-v:38.000)-(t:4.571-v:37.000)-(t:4.582-v:36.000)-(t:4.596-v:35.000)-(t:4.608-v:34.000)-(t:4.619-v:33.000)-(t:4.632-v:32.000)-(t:4.644-v:31.000)-(t:4.712-v:30.000)-(t:4.797-v:29.000)-(t:4.835-v:28.000)-(t:4.858-v:27.000)-(t:4.904-v:26.000)-(t:4.932-v:25.000)-(t:4.947-v:24.000)-(t:4.981-v:23.000)-(t:4.996-v:22.000)-(t:5.019-v:21.000)-(t:5.039-v:20.000)-(t:5.111-v:18.000)-(t:5.174-v:17.000)-(t:5.249-v:16.000)-(t:5.262-v:15.000)-(t:5.285-v:14.000)-(t:5.321-v:13.000)-(t:5.583-v:12.000)-(t:5.668-v:11.000)-(t:6.060-v:9.000)-(t:6.111-v:8.000)-(t:7.083-v:7.000)-(t:7.101-v:6.000)-(t:8.146-v:5.000)-(t:8.229-v:4.000)-(t:12.389-v:3.000)-(t:17.709-v:2.000)-(t:20.597-v:1.000)],300.0
examples/csp/csp_300/carseq_300_8_20_47.txt,dqn,r1,300,0.0,[(t:5.574-v:365.000)-(t:5.591-v:362.000)-(t:5.608-v:361.000)-(t:5.634-v:359.000)-(t:5.653-v:357.000)-(t:5.670-v:354.000)-(t:5.681-v:353.000)-(t:5.696-v:352.000)-(t:5.707-v:348.000)-(t:5.721-v:346.000)-(t:5.731-v:344.000)-(t:5.741-v:341.000)-(t:5.754-v:340.000)-(t:5.765-v:339.000)-(t:5.775-v:337.000)-(t:5.786-v:336.000)-(t:5.797-v:335.000)-(t:5.810-v:330.000)-(t:5.835-v:329.000)-(t:5.852-v:328.000)-(t:5.868-v:326.000)-(t:5.883-v:325.000)-(t:5.890-v:324.000)-(t:5.899-v:323.000)-(t:5.909-v:320.000)-(t:5.918-v:319.000)-(t:5.928-v:317.000)-(t:5.946-v:316.000)-(t:5.963-v:315.000)-(t:5.980-v:314.000)-(t:5.996-v:313.000)-(t:6.009-v:312.000)-(t:6.023-v:311.000)-(t:6.033-v:310.000)-(t:6.046-v:306.000)-(t:6.056-v:302.000)-(t:6.070-v:301.000)-(t:6.087-v:299.000)-(t:6.096-v:297.000)-(t:6.106-v:295.000)-(t:6.120-v:294.000)-(t:6.131-v:292.000)-(t:6.140-v:291.000)-(t:6.152-v:290.000)-(t:6.167-v:289.000)-(t:6.178-v:288.000)-(t:6.186-v:287.000)-(t:6.194-v:286.000)-(t:6.203-v:283.000)-(t:6.213-v:282.000)-(t:6.227-v:281.000)-(t:6.234-v:280.000)-(t:6.242-v:277.000)-(t:6.253-v:276.000)-(t:6.261-v:274.000)-(t:6.274-v:273.000)-(t:6.286-v:272.000)-(t:6.295-v:271.000)-(t:6.305-v:269.000)-(t:6.317-v:268.000)-(t:6.365-v:267.000)-(t:6.389-v:266.000)-(t:6.410-v:265.000)-(t:6.433-v:263.000)-(t:6.457-v:261.000)-(t:6.479-v:260.000)-(t:6.503-v:259.000)-(t:6.524-v:258.000)-(t:6.550-v:255.000)-(t:6.572-v:254.000)-(t:6.596-v:252.000)-(t:6.616-v:251.000)-(t:6.642-v:250.000)-(t:6.663-v:249.000)-(t:6.685-v:248.000)-(t:6.711-v:247.000)-(t:6.732-v:246.000)-(t:6.753-v:244.000)-(t:6.774-v:243.000)-(t:6.800-v:241.000)-(t:6.822-v:240.000)-(t:6.846-v:239.000)-(t:6.867-v:236.000)-(t:6.889-v:235.000)-(t:6.911-v:234.000)-(t:6.928-v:233.000)-(t:6.957-v:232.000)-(t:6.978-v:231.000)-(t:6.998-v:230.000)-(t:7.018-v:229.000)-(t:7.039-v:227.000)-(t:7.061-v:226.000)-(t:7.082-v:225.000)-(t:7.106-v:224.000)-(t:7.127-v:223.000)-(t:7.153-v:222.000)-(t:7.178-v:220.000)-(t:7.195-v:219.000)-(t:7.220-v:218.000)-(t:7.242-v:217.000)-(t:7.266-v:216.000)-(t:7.291-v:215.000)-(t:7.311-v:213.000)-(t:7.332-v:212.000)-(t:7.356-v:211.000)-(t:7.377-v:210.000)-(t:7.397-v:209.000)-(t:7.419-v:208.000)-(t:7.443-v:207.000)-(t:7.465-v:206.000)-(t:7.484-v:205.000)-(t:7.503-v:203.000)-(t:7.527-v:202.000)-(t:7.549-v:201.000)-(t:7.571-v:200.000)-(t:7.593-v:199.000)-(t:7.616-v:198.000)-(t:7.633-v:197.000)-(t:7.654-v:196.000)-(t:7.678-v:195.000)-(t:7.700-v:194.000)-(t:7.720-v:193.000)-(t:7.743-v:192.000)-(t:7.763-v:191.000)-(t:7.780-v:190.000)-(t:7.798-v:189.000)-(t:7.817-v:188.000)-(t:7.838-v:186.000)-(t:7.862-v:185.000)-(t:7.885-v:183.000)-(t:7.906-v:181.000)-(t:7.929-v:180.000)-(t:7.949-v:179.000)-(t:7.971-v:178.000)-(t:8.026-v:177.000)-(t:8.048-v:176.000)-(t:8.068-v:175.000)-(t:8.090-v:174.000)-(t:8.111-v:173.000)-(t:8.131-v:172.000)-(t:8.150-v:171.000)-(t:8.170-v:169.000)-(t:8.191-v:168.000)-(t:8.217-v:167.000)-(t:8.238-v:166.000)-(t:8.262-v:165.000)-(t:8.282-v:164.000)-(t:8.306-v:163.000)-(t:8.331-v:162.000)-(t:8.352-v:161.000)-(t:8.375-v:160.000)-(t:8.403-v:159.000)-(t:8.421-v:158.000)-(t:8.446-v:156.000)-(t:8.471-v:155.000)-(t:8.494-v:154.000)-(t:8.520-v:153.000)-(t:8.545-v:152.000)-(t:8.566-v:151.000)-(t:8.586-v:150.000)-(t:8.609-v:149.000)-(t:8.630-v:147.000)-(t:8.649-v:146.000)-(t:8.672-v:145.000)-(t:8.702-v:144.000)-(t:8.736-v:143.000)-(t:8.765-v:142.000)-(t:8.806-v:141.000)-(t:8.835-v:140.000)-(t:8.861-v:138.000)-(t:8.880-v:137.000)-(t:8.901-v:136.000)-(t:8.925-v:135.000)-(t:8.948-v:134.000)-(t:8.972-v:133.000)-(t:8.992-v:132.000)-(t:9.016-v:131.000)-(t:9.049-v:130.000)-(t:9.113-v:129.000)-(t:9.133-v:128.000)-(t:9.188-v:127.000)-(t:9.209-v:126.000)-(t:9.233-v:125.000)-(t:9.262-v:123.000)-(t:9.286-v:121.000)-(t:9.315-v:120.000)-(t:9.341-v:119.000)-(t:9.369-v:118.000)-(t:9.398-v:116.000)-(t:9.435-v:115.000)-(t:9.457-v:114.000)-(t:9.478-v:113.000)-(t:9.498-v:112.000)-(t:9.524-v:111.000)-(t:9.547-v:110.000)-(t:9.569-v:109.000)-(t:9.611-v:108.000)-(t:9.634-v:106.000)-(t:9.658-v:105.000)-(t:9.680-v:104.000)-(t:9.704-v:103.000)-(t:9.728-v:102.000)-(t:9.756-v:101.000)-(t:9.777-v:100.000)-(t:9.798-v:99.000)-(t:9.824-v:98.000)-(t:9.943-v:97.000)-(t:9.968-v:96.000)-(t:9.994-v:95.000)-(t:10.022-v:94.000)-(t:10.048-v:93.000)-(t:10.081-v:92.000)-(t:10.113-v:91.000)-(t:10.145-v:90.000)-(t:10.169-v:89.000)-(t:10.193-v:88.000)-(t:10.219-v:87.000)-(t:10.304-v:86.000)-(t:10.324-v:85.000)-(t:10.351-v:84.000)-(t:10.388-v:83.000)-(t:10.414-v:82.000)-(t:10.455-v:81.000)-(t:10.475-v:80.000)-(t:10.577-v:79.000)-(t:10.600-v:78.000)-(t:10.678-v:77.000)-(t:10.703-v:76.000)-(t:10.729-v:75.000)-(t:10.758-v:74.000)-(t:10.781-v:73.000)-(t:10.807-v:72.000)-(t:10.853-v:71.000)-(t:10.878-v:70.000)-(t:10.897-v:69.000)-(t:10.983-v:68.000)-(t:11.018-v:67.000)-(t:11.041-v:66.000)-(t:11.077-v:65.000)-(t:11.108-v:64.000)-(t:11.348-v:63.000)-(t:11.368-v:62.000)-(t:11.390-v:61.000)-(t:11.414-v:59.000)-(t:11.432-v:58.000)-(t:11.457-v:57.000)-(t:11.562-v:56.000)-(t:11.612-v:55.000)-(t:11.635-v:54.000)-(t:11.680-v:53.000)-(t:11.925-v:52.000)-(t:12.314-v:51.000)-(t:12.350-v:50.000)-(t:12.391-v:49.000)-(t:12.427-v:48.000)-(t:12.484-v:47.000)-(t:12.543-v:46.000)-(t:13.131-v:45.000)-(t:13.160-v:44.000)-(t:13.194-v:43.000)-(t:13.225-v:42.000)-(t:13.278-v:41.000)-(t:13.305-v:40.000)-(t:13.392-v:39.000)-(t:13.437-v:38.000)-(t:13.460-v:37.000)-(t:13.485-v:36.000)-(t:13.541-v:35.000)-(t:13.627-v:34.000)-(t:13.652-v:33.000)-(t:13.676-v:32.000)-(t:13.713-v:31.000)-(t:13.732-v:30.000)-(t:13.771-v:29.000)-(t:13.833-v:28.000)-(t:13.995-v:27.000)-(t:14.068-v:26.000)-(t:14.095-v:25.000)-(t:14.126-v:24.000)-(t:14.168-v:23.000)-(t:14.342-v:22.000)-(t:14.439-v:21.000)-(t:14.476-v:20.000)-(t:14.497-v:19.000)-(t:14.534-v:18.000)-(t:14.575-v:17.000)-(t:14.599-v:16.000)-(t:14.626-v:15.000)-(t:14.695-v:14.000)-(t:14.803-v:13.000)-(t:14.938-v:12.000)-(t:15.113-v:11.000)-(t:15.164-v:10.000)-(t:17.717-v:9.000)-(t:17.813-v:8.000)-(t:17.902-v:7.000)-(t:18.000-v:6.000)-(t:51.525-v:5.000)-(t:51.680-v:4.000)-(t:52.216-v:3.000)-(t:59.896-v:2.000)-(t:60.105-v:1.000)-(t:101.237-v:0.000)],101.237
examples/csp/csp_300/carseq_300_8_20_80.txt,dqn,r1,300,0.0,[(t:4.801-v:394.000)-(t:4.821-v:388.000)-(t:4.833-v:387.000)-(t:4.855-v:385.000)-(t:4.873-v:383.000)-(t:4.890-v:382.000)-(t:4.898-v:381.000)-(t:4.905-v:379.000)-(t:4.914-v:378.000)-(t:4.930-v:377.000)-(t:4.939-v:376.000)-(t:4.949-v:375.000)-(t:4.956-v:373.000)-(t:4.966-v:372.000)-(t:4.973-v:370.000)-(t:4.983-v:368.000)-(t:5.002-v:367.000)-(t:5.014-v:365.000)-(t:5.028-v:364.000)-(t:5.037-v:361.000)-(t:5.048-v:360.000)-(t:5.062-v:359.000)-(t:5.073-v:354.000)-(t:5.084-v:353.000)-(t:5.097-v:350.000)-(t:5.111-v:349.000)-(t:5.119-v:348.000)-(t:5.130-v:347.000)-(t:5.141-v:346.000)-(t:5.150-v:343.000)-(t:5.158-v:340.000)-(t:5.168-v:339.000)-(t:5.176-v:338.000)-(t:5.187-v:337.000)-(t:5.197-v:336.000)-(t:5.208-v:335.000)-(t:5.222-v:331.000)-(t:5.233-v:329.000)-(t:5.244-v:328.000)-(t:5.251-v:327.000)-(t:5.261-v:326.000)-(t:5.274-v:325.000)-(t:5.282-v:324.000)-(t:5.294-v:323.000)-(t:5.307-v:321.000)-(t:5.318-v:320.000)-(t:5.329-v:319.000)-(t:5.338-v:318.000)-(t:5.351-v:315.000)-(t:5.362-v:312.000)-(t:5.372-v:308.000)-(t:5.382-v:306.000)-(t:5.392-v:305.000)-(t:5.403-v:304.000)-(t:5.413-v:303.000)-(t:5.422-v:300.000)-(t:5.430-v:299.000)-(t:5.439-v:298.000)-(t:5.450-v:297.000)-(t:5.459-v:296.000)-(t:5.505-v:295.000)-(t:5.524-v:294.000)-(t:5.558-v:293.000)-(t:5.581-v:291.000)-(t:5.605-v:289.000)-(t:5.629-v:288.000)-(t:5.651-v:287.000)-(t:5.674-v:286.000)-(t:5.697-v:285.000)-(t:5.722-v:284.000)-(t:5.748-v:283.000)-(t:5.768-v:281.000)-(t:5.787-v:280.000)-(t:5.811-v:279.000)-(t:5.829-v:278.000)-(t:5.852-v:277.000)-(t:5.872-v:275.000)-(t:5.892-v:274.000)-(t:5.913-v:273.000)-(t:5.934-v:272.000)-(t:5.953-v:271.000)-(t:5.979-v:269.000)-(t:6.011-v:268.000)-(t:6.035-v:264.000)-(t:6.059-v:263.000)-(t:6.098-v:262.000)-(t:6.139-v:260.000)-(t:6.178-v:259.000)-(t:6.200-v:257.000)-(t:6.225-v:256.000)-(t:6.247-v:255.000)-(t:6.265-v:254.000)-(t:6.289-v:252.000)-(t:6.312-v:251.000)-(t:6.336-v:249.000)-(t:6.361-v:248.000)-(t:6.382-v:247.000)-(t:6.403-v:246.000)-(t:6.425-v:245.000)-(t:6.448-v:244.000)-(t:6.475-v:243.000)-(t:6.503-v:242.000)-(t:6.530-v:240.000)-(t:6.556-v:239.000)-(t:6.577-v:238.000)-(t:6.604-v:237.000)-(t:6.628-v:236.000)-(t:6.649-v:234.000)-(t:6.670-v:233.000)-(t:6.700-v:231.000)-(t:6.733-v:230.000)-(t:6.758-v:226.000)-(t:6.789-v:225.000)-(t:6.818-v:224.000)-(t:6.845-v:223.000)-(t:6.874-v:222.000)-(t:6.895-v:221.000)-(t:6.919-v:219.000)-(t:6.945-v:217.000)-(t:6.972-v:213.000)-(t:6.998-v:211.000)-(t:7.027-v:210.000)-(t:7.053-v:209.000)-(t:7.080-v:208.000)-(t:7.098-v:206.000)-(t:7.125-v:205.000)-(t:7.145-v:203.000)-(t:7.172-v:202.000)-(t:7.194-v:201.000)-(t:7.214-v:200.000)-(t:7.234-v:199.000)-(t:7.256-v:197.000)-(t:7.282-v:196.000)-(t:7.306-v:195.000)-(t:7.330-v:192.000)-(t:7.349-v:191.000)-(t:7.368-v:190.000)-(t:7.396-v:189.000)-(t:7.423-v:188.000)-(t:7.445-v:187.000)-(t:7.464-v:186.000)-(t:7.484-v:184.000)-(t:7.505-v:183.000)-(t:7.526-v:181.000)-(t:7.547-v:180.000)-(t:7.570-v:179.000)-(t:7.592-v:178.000)-(t:7.612-v:177.000)-(t:7.636-v:176.000)-(t:7.658-v:175.000)-(t:7.679-v:173.000)-(t:7.703-v:172.000)-(t:7.725-v:171.000)-(t:7.745-v:170.000)-(t:7.767-v:169.000)-(t:7.794-v:167.000)-(t:7.816-v:166.000)-(t:7.841-v:165.000)-(t:7.871-v:162.000)-(t:7.894-v:161.000)-(t:7.920-v:160.000)-(t:7.945-v:157.000)-(t:7.977-v:156.000)-(t:7.997-v:155.000)-(t:8.019-v:152.000)-(t:8.045-v:151.000)-(t:8.075-v:150.000)-(t:8.093-v:149.000)-(t:8.118-v:147.000)-(t:8.141-v:146.000)-(t:8.166-v:144.000)-(t:8.186-v:142.000)-(t:8.207-v:141.000)-(t:8.225-v:140.000)-(t:8.281-v:139.000)-(t:8.309-v:138.000)-(t:8.331-v:137.000)-(t:8.354-v:136.000)-(t:8.374-v:135.000)-(t:8.395-v:134.000)-(t:8.418-v:133.000)-(t:8.442-v:131.000)-(t:8.468-v:130.000)-(t:8.519-v:129.000)-(t:8.541-v:128.000)-(t:8.581-v:127.000)-(t:8.601-v:125.000)-(t:8.621-v:121.000)-(t:8.640-v:120.000)-(t:8.659-v:119.000)-(t:8.682-v:118.000)-(t:8.707-v:117.000)-(t:8.732-v:116.000)-(t:8.754-v:115.000)-(t:8.775-v:114.000)-(t:8.799-v:113.000)-(t:8.817-v:112.000)-(t:8.836-v:111.000)-(t:8.857-v:110.000)-(t:8.875-v:109.000)-(t:8.896-v:108.000)-(t:8.913-v:107.000)-(t:8.932-v:106.000)-(t:9.051-v:105.000)-(t:9.084-v:104.000)-(t:9.147-v:103.000)-(t:9.198-v:102.000)-(t:9.276-v:101.000)-(t:9.308-v:100.000)-(t:9.416-v:99.000)-(t:9.445-v:98.000)-(t:9.475-v:97.000)-(t:9.505-v:96.000)-(t:9.535-v:95.000)-(t:9.567-v:94.000)-(t:9.614-v:93.000)-(t:9.632-v:92.000)-(t:9.749-v:91.000)-(t:9.775-v:90.000)-(t:9.799-v:89.000)-(t:9.830-v:88.000)-(t:9.853-v:87.000)-(t:9.879-v:86.000)-(t:9.901-v:85.000)-(t:9.924-v:84.000)-(t:9.945-v:83.000)-(t:9.969-v:82.000)-(t:9.991-v:81.000)-(t:10.015-v:80.000)-(t:10.037-v:79.000)-(t:10.062-v:78.000)-(t:10.084-v:77.000)-(t:10.112-v:76.000)-(t:10.182-v:75.000)-(t:10.214-v:74.000)-(t:10.321-v:73.000)-(t:10.341-v:72.000)-(t:10.372-v:71.000)-(t:10.393-v:70.000)-(t:10.423-v:69.000)-(t:10.444-v:68.000)-(t:10.484-v:67.000)-(t:10.525-v:66.000)-(t:10.594-v:65.000)-(t:10.629-v:64.000)-(t:10.668-v:63.000)-(t:10.698-v:62.000)-(t:10.826-v:61.000)-(t:10.936-v:60.000)-(t:11.107-v:59.000)-(t:11.142-v:58.000)-(t:11.309-v:57.000)-(t:11.343-v:56.000)-(t:11.373-v:55.000)-(t:11.399-v:54.000)-(t:11.432-v:53.000)-(t:11.697-v:52.000)-(t:11.742-v:51.000)-(t:11.788-v:50.000)-(t:11.854-v:49.000)-(t:11.885-v:48.000)-(t:11.955-v:47.000)-(t:11.986-v:46.000)-(t:12.045-v:45.000)-(t:12.076-v:44.000)-(t:12.101-v:43.000)-(t:12.128-v:42.000)-(t:12.173-v:41.000)-(t:12.227-v:40.000)-(t:12.336-v:39.000)-(t:12.373-v:38.000)-(t:12.400-v:37.000)-(t:12.497-v:36.000)-(t:12.531-v:35.000)-(t:12.564-v:34.000)-(t:12.610-v:33.000)-(t:12.690-v:32.000)-(t:12.718-v:31.000)-(t:12.748-v:30.000)-(t:13.018-v:29.000)-(t:13.184-v:28.000)-(t:13.214-v:26.000)-(t:13.309-v:25.000)-(t:13.338-v:24.000)-(t:13.553-v:23.000)-(t:13.594-v:22.000)-(t:13.642-v:21.000)-(t:13.940-v:20.000)-(t:14.000-v:19.000)-(t:14.051-v:18.000)-(t:14.207-v:17.000)-(t:14.238-v:16.000)-(t:14.285-v:15.000)-(t:14.367-v:14.000)-(t:14.454-v:13.000)-(t:14.545-v:12.000)-(t:14.624-v:11.000)-(t:14.679-v:10.000)-(t:14.798-v:9.000)-(t:14.972-v:8.000)-(t:16.824-v:7.000)-(t:16.878-v:6.000)-(t:31.287-v:5.000)-(t:32.710-v:4.000)-(t:32.743-v:3.000)-(t:51.815-v:2.000)-(t:51.957-v:1.000)-(t:59.280-v:0.000)],59.28
examples/csp/csp_300/pb_300_07.txt,dqn,r1,300,0.0,[(t:4.899-v:386.000)-(t:4.925-v:385.000)-(t:4.940-v:384.000)-(t:4.951-v:382.000)-(t:4.969-v:381.000)-(t:4.984-v:378.000)-(t:4.995-v:377.000)-(t:5.006-v:375.000)-(t:5.016-v:374.000)-(t:5.029-v:373.000)-(t:5.040-v:371.000)-(t:5.051-v:368.000)-(t:5.062-v:367.000)-(t:5.072-v:366.000)-(t:5.079-v:363.000)-(t:5.086-v:362.000)-(t:5.097-v:361.000)-(t:5.110-v:358.000)-(t:5.119-v:357.000)-(t:5.126-v:354.000)-(t:5.134-v:350.000)-(t:5.142-v:349.000)-(t:5.151-v:348.000)-(t:5.165-v:345.000)-(t:5.178-v:343.000)-(t:5.212-v:342.000)-(t:5.220-v:341.000)-(t:5.232-v:340.000)-(t:5.244-v:339.000)-(t:5.251-v:338.000)-(t:5.261-v:336.000)-(t:5.272-v:335.000)-(t:5.283-v:334.000)-(t:5.293-v:330.000)-(t:5.303-v:329.000)-(t:5.310-v:328.000)-(t:5.318-v:327.000)-(t:5.328-v:326.000)-(t:5.339-v:325.000)-(t:5.348-v:323.000)-(t:5.369-v:322.000)-(t:5.379-v:321.000)-(t:5.389-v:319.000)-(t:5.400-v:318.000)-(t:5.411-v:316.000)-(t:5.421-v:314.000)-(t:5.432-v:310.000)-(t:5.442-v:309.000)-(t:5.452-v:308.000)-(t:5.460-v:307.000)-(t:5.467-v:305.000)-(t:5.475-v:304.000)-(t:5.481-v:303.000)-(t:5.488-v:301.000)-(t:5.495-v:300.000)-(t:5.504-v:296.000)-(t:5.510-v:295.000)-(t:5.521-v:294.000)-(t:5.531-v:293.000)-(t:5.541-v:292.000)-(t:5.601-v:291.000)-(t:5.625-v:288.000)-(t:5.649-v:286.000)-(t:5.674-v:285.000)-(t:5.695-v:283.000)-(t:5.714-v:280.000)-(t:5.736-v:279.000)-(t:5.756-v:278.000)-(t:5.774-v:277.000)-(t:5.796-v:275.000)-(t:5.814-v:274.000)-(t:5.831-v:272.000)-(t:5.852-v:271.000)-(t:5.874-v:270.000)-(t:5.895-v:269.000)-(t:5.912-v:268.000)-(t:5.934-v:266.000)-(t:5.962-v:264.000)-(t:5.983-v:263.000)-(t:6.004-v:262.000)-(t:6.025-v:261.000)-(t:6.046-v:259.000)-(t:6.064-v:258.000)-(t:6.086-v:257.000)-(t:6.103-v:256.000)-(t:6.125-v:254.000)-(t:6.145-v:253.000)-(t:6.198-v:251.000)-(t:6.218-v:249.000)-(t:6.238-v:248.000)-(t:6.260-v:247.000)-(t:6.279-v:246.000)-(t:6.301-v:244.000)-(t:6.324-v:243.000)-(t:6.344-v:241.000)-(t:6.373-v:240.000)-(t:6.392-v:239.000)-(t:6.413-v:238.000)-(t:6.434-v:236.000)-(t:6.455-v:235.000)-(t:6.478-v:234.000)-(t:6.502-v:233.000)-(t:6.522-v:231.000)-(t:6.544-v:230.000)-(t:6.565-v:229.000)-(t:6.586-v:227.000)-(t:6.609-v:226.000)-(t:6.635-v:225.000)-(t:6.655-v:224.000)-(t:6.675-v:223.000)-(t:6.700-v:222.000)-(t:6.719-v:221.000)-(t:6.738-v:220.000)-(t:6.757-v:218.000)-(t:6.774-v:217.000)-(t:6.792-v:216.000)-(t:6.894-v:215.000)-(t:6.916-v:214.000)-(t:6.939-v:212.000)-(t:6.958-v:211.000)-(t:6.978-v:209.000)-(t:6.999-v:208.000)-(t:7.024-v:206.000)-(t:7.049-v:205.000)-(t:7.085-v:202.000)-(t:7.104-v:201.000)-(t:7.128-v:200.000)-(t:7.150-v:199.000)-(t:7.171-v:198.000)-(t:7.194-v:196.000)-(t:7.215-v:194.000)-(t:7.235-v:192.000)-(t:7.256-v:190.000)-(t:7.276-v:189.000)-(t:7.295-v:188.000)-(t:7.315-v:187.000)-(t:7.341-v:186.000)-(t:7.365-v:184.000)-(t:7.383-v:183.000)-(t:7.406-v:182.000)-(t:7.426-v:181.000)-(t:7.443-v:180.000)-(t:7.465-v:179.000)-(t:7.486-v:178.000)-(t:7.506-v:177.000)-(t:7.527-v:176.000)-(t:7.545-v:174.000)-(t:7.567-v:172.000)-(t:7.590-v:170.000)-(t:7.611-v:168.000)-(t:7.636-v:167.000)-(t:7.656-v:166.000)-(t:7.677-v:165.000)-(t:7.701-v:164.000)-(t:7.722-v:163.000)-(t:7.740-v:162.000)-(t:7.761-v:161.000)-(t:7.778-v:159.000)-(t:7.802-v:158.000)-(t:7.839-v:157.000)-(t:7.859-v:156.000)-(t:7.884-v:155.000)-(t:7.906-v:153.000)-(t:7.932-v:152.000)-(t:7.949-v:151.000)-(t:7.969-v:150.000)-(t:7.993-v:149.000)-(t:8.015-v:148.000)-(t:8.034-v:147.000)-(t:8.057-v:146.000)-(t:8.080-v:145.000)-(t:8.099-v:144.000)-(t:8.120-v:143.000)-(t:8.143-v:142.000)-(t:8.177-v:141.000)-(t:8.200-v:140.000)-(t:8.222-v:139.000)-(t:8.244-v:138.000)-(t:8.274-v:137.000)-(t:8.295-v:136.000)-(t:8.313-v:135.000)-(t:8.350-v:134.000)-(t:8.370-v:133.000)-(t:8.397-v:132.000)-(t:8.419-v:130.000)-(t:8.444-v:129.000)-(t:8.466-v:128.000)-(t:8.488-v:127.000)-(t:8.510-v:126.000)-(t:8.533-v:125.000)-(t:8.552-v:124.000)-(t:8.571-v:122.000)-(t:8.591-v:121.000)-(t:8.609-v:120.000)-(t:8.659-v:119.000)-(t:8.688-v:117.000)-(t:8.710-v:116.000)-(t:8.750-v:115.000)-(t:8.773-v:114.000)-(t:8.798-v:113.000)-(t:8.828-v:112.000)-(t:8.855-v:111.000)-(t:8.882-v:110.000)-(t:8.910-v:109.000)-(t:8.935-v:108.000)-(t:8.955-v:107.000)-(t:8.983-v:106.000)-(t:9.011-v:105.000)-(t:9.039-v:104.000)-(t:9.066-v:103.000)-(t:9.089-v:102.000)-(t:9.106-v:101.000)-(t:9.126-v:100.000)-(t:9.153-v:98.000)-(t:9.179-v:97.000)-(t:9.198-v:95.000)-(t:9.218-v:94.000)-(t:9.245-v:93.000)-(t:9.269-v:91.000)-(t:9.291-v:90.000)-(t:9.333-v:89.000)-(t:9.355-v:88.000)-(t:9.376-v:87.000)-(t:9.397-v:85.000)-(t:9.429-v:84.000)-(t:9.507-v:83.000)-(t:9.527-v:82.000)-(t:9.551-v:81.000)-(t:9.578-v:80.000)-(t:9.602-v:79.000)-(t:9.622-v:78.000)-(t:9.646-v:77.000)-(t:9.695-v:76.000)-(t:9.723-v:75.000)-(t:9.751-v:74.000)-(t:9.778-v:72.000)-(t:9.802-v:71.000)-(t:9.821-v:70.000)-(t:9.898-v:69.000)-(t:9.921-v:68.000)-(t:9.942-v:67.000)-(t:9.964-v:66.000)-(t:9.997-v:65.000)-(t:10.020-v:64.000)-(t:10.046-v:63.000)-(t:10.067-v:62.000)-(t:10.090-v:61.000)-(t:10.272-v:60.000)-(t:10.303-v:59.000)-(t:10.471-v:58.000)-(t:10.778-v:57.000)-(t:11.122-v:56.000)-(t:11.144-v:55.000)-(t:11.446-v:54.000)-(t:11.474-v:53.000)-(t:11.508-v:52.000)-(t:11.535-v:51.000)-(t:11.905-v:50.000)-(t:11.936-v:49.000)-(t:11.976-v:48.000)-(t:11.998-v:47.000)-(t:12.054-v:46.000)-(t:12.077-v:45.000)-(t:12.101-v:44.000)-(t:12.136-v:43.000)-(t:12.174-v:42.000)-(t:12.229-v:41.000)-(t:12.268-v:40.000)-(t:12.291-v:39.000)-(t:12.317-v:38.000)-(t:12.519-v:37.000)-(t:12.548-v:36.000)-(t:12.714-v:35.000)-(t:12.735-v:34.000)-(t:12.758-v:33.000)-(t:13.252-v:32.000)-(t:13.278-v:31.000)-(t:13.303-v:30.000)-(t:13.345-v:29.000)-(t:13.392-v:28.000)-(t:13.466-v:27.000)-(t:13.555-v:26.000)-(t:13.630-v:25.000)-(t:16.753-v:24.000)-(t:16.788-v:23.000)-(t:16.816-v:22.000)-(t:16.839-v:21.000)-(t:16.870-v:20.000)-(t:16.938-v:19.000)-(t:17.235-v:18.000)-(t:17.265-v:17.000)-(t:17.292-v:16.000)-(t:17.314-v:15.000)-(t:17.465-v:14.000)-(t:17.511-v:13.000)-(t:17.627-v:12.000)-(t:17.672-v:11.000)-(t:17.714-v:10.000)-(t:17.810-v:9.000)-(t:19.538-v:8.000)-(t:24.036-v:7.000)-(t:24.154-v:6.000)-(t:25.787-v:5.000)-(t:27.199-v:4.000)-(t:32.434-v:3.000)-(t:35.474-v:2.000)-(t:42.341-v:1.000)-(t:83.833-v:0.000)],83.833
examples/csp/csp_300/carseq_300_8_20_78.txt,dqn,r1,300,0.0,[(t:4.584-v:380.000)-(t:4.602-v:376.000)-(t:4.616-v:373.000)-(t:4.639-v:372.000)-(t:4.660-v:371.000)-(t:4.672-v:369.000)-(t:4.682-v:367.000)-(t:4.693-v:363.000)-(t:4.705-v:361.000)-(t:4.718-v:358.000)-(t:4.729-v:357.000)-(t:4.737-v:355.000)-(t:4.745-v:351.000)-(t:4.753-v:347.000)-(t:4.767-v:346.000)-(t:4.777-v:341.000)-(t:4.786-v:340.000)-(t:4.796-v:338.000)-(t:4.805-v:336.000)-(t:4.812-v:334.000)-(t:4.818-v:333.000)-(t:4.826-v:332.000)-(t:4.836-v:329.000)-(t:4.848-v:327.000)-(t:4.859-v:324.000)-(t:4.869-v:323.000)-(t:4.878-v:322.000)-(t:4.887-v:321.000)-(t:4.902-v:319.000)-(t:4.911-v:318.000)-(t:4.918-v:317.000)-(t:4.929-v:316.000)-(t:4.943-v:314.000)-(t:4.950-v:313.000)-(t:4.958-v:312.000)-(t:4.970-v:311.000)-(t:4.984-v:309.000)-(t:4.995-v:308.000)-(t:5.002-v:307.000)-(t:5.011-v:303.000)-(t:5.032-v:301.000)-(t:5.040-v:300.000)-(t:5.047-v:298.000)-(t:5.056-v:297.000)-(t:5.064-v:293.000)-(t:5.070-v:292.000)-(t:5.077-v:288.000)-(t:5.084-v:285.000)-(t:5.092-v:284.000)-(t:5.101-v:283.000)-(t:5.109-v:282.000)-(t:5.119-v:281.000)-(t:5.133-v:279.000)-(t:5.142-v:278.000)-(t:5.148-v:276.000)-(t:5.155-v:273.000)-(t:5.162-v:271.000)-(t:5.170-v:270.000)-(t:5.178-v:269.000)-(t:5.187-v:268.000)-(t:5.229-v:267.000)-(t:5.251-v:266.000)-(t:5.275-v:265.000)-(t:5.299-v:262.000)-(t:5.319-v:261.000)-(t:5.340-v:260.000)-(t:5.359-v:258.000)-(t:5.378-v:257.000)-(t:5.397-v:256.000)-(t:5.417-v:255.000)-(t:5.439-v:254.000)-(t:5.460-v:253.000)-(t:5.480-v:252.000)-(t:5.497-v:251.000)-(t:5.518-v:250.000)-(t:5.541-v:249.000)-(t:5.566-v:248.000)-(t:5.585-v:247.000)-(t:5.614-v:245.000)-(t:5.634-v:244.000)-(t:5.654-v:243.000)-(t:5.672-v:241.000)-(t:5.697-v:240.000)-(t:5.716-v:239.000)-(t:5.737-v:238.000)-(t:5.757-v:237.000)-(t:5.776-v:236.000)-(t:5.798-v:234.000)-(t:5.817-v:233.000)-(t:5.842-v:230.000)-(t:5.859-v:229.000)-(t:5.878-v:228.000)-(t:5.899-v:224.000)-(t:5.927-v:223.000)-(t:5.947-v:221.000)-(t:5.966-v:219.000)-(t:5.984-v:217.000)-(t:6.002-v:216.000)-(t:6.028-v:215.000)-(t:6.050-v:214.000)-(t:6.068-v:213.000)-(t:6.151-v:212.000)-(t:6.168-v:210.000)-(t:6.260-v:209.000)-(t:6.285-v:207.000)-(t:6.310-v:206.000)-(t:6.333-v:205.000)-(t:6.353-v:203.000)-(t:6.375-v:202.000)-(t:6.408-v:201.000)-(t:6.430-v:199.000)-(t:6.448-v:198.000)-(t:6.472-v:197.000)-(t:6.489-v:195.000)-(t:6.514-v:194.000)-(t:6.535-v:193.000)-(t:6.554-v:192.000)-(t:6.572-v:191.000)-(t:6.590-v:190.000)-(t:6.607-v:189.000)-(t:6.627-v:188.000)-(t:6.648-v:187.000)-(t:6.668-v:186.000)-(t:6.687-v:185.000)-(t:6.708-v:183.000)-(t:6.733-v:182.000)-(t:6.753-v:181.000)-(t:6.777-v:180.000)-(t:6.798-v:179.000)-(t:6.819-v:178.000)-(t:6.838-v:177.000)-(t:6.860-v:176.000)-(t:6.879-v:173.000)-(t:6.897-v:172.000)-(t:6.923-v:171.000)-(t:6.946-v:170.000)-(t:6.969-v:169.000)-(t:6.995-v:168.000)-(t:7.019-v:167.000)-(t:7.039-v:165.000)-(t:7.058-v:164.000)-(t:7.079-v:163.000)-(t:7.098-v:162.000)-(t:7.117-v:160.000)-(t:7.135-v:159.000)-(t:7.153-v:158.000)-(t:7.174-v:157.000)-(t:7.196-v:156.000)-(t:7.215-v:155.000)-(t:7.235-v:154.000)-(t:7.252-v:153.000)-(t:7.273-v:152.000)-(t:7.292-v:151.000)-(t:7.320-v:150.000)-(t:7.347-v:149.000)-(t:7.369-v:148.000)-(t:7.388-v:147.000)-(t:7.406-v:146.000)-(t:7.427-v:145.000)-(t:7.448-v:144.000)-(t:7.471-v:143.000)-(t:7.491-v:142.000)-(t:7.512-v:141.000)-(t:7.536-v:140.000)-(t:7.555-v:139.000)-(t:7.600-v:138.000)-(t:7.620-v:137.000)-(t:7.639-v:136.000)-(t:7.658-v:135.000)-(t:7.683-v:134.000)-(t:7.703-v:133.000)-(t:7.760-v:132.000)-(t:7.779-v:131.000)-(t:7.801-v:130.000)-(t:7.833-v:129.000)-(t:7.854-v:128.000)-(t:7.875-v:127.000)-(t:7.915-v:126.000)-(t:7.942-v:125.000)-(t:7.963-v:124.000)-(t:7.984-v:123.000)-(t:8.001-v:122.000)-(t:8.021-v:121.000)-(t:8.079-v:120.000)-(t:8.097-v:119.000)-(t:8.123-v:118.000)-(t:8.143-v:117.000)-(t:8.165-v:116.000)-(t:8.189-v:115.000)-(t:8.213-v:114.000)-(t:8.279-v:113.000)-(t:8.299-v:112.000)-(t:8.322-v:111.000)-(t:8.352-v:109.000)-(t:8.376-v:107.000)-(t:8.401-v:106.000)-(t:8.467-v:105.000)-(t:8.488-v:104.000)-(t:8.512-v:103.000)-(t:8.535-v:100.000)-(t:8.555-v:99.000)-(t:8.576-v:98.000)-(t:8.594-v:97.000)-(t:8.614-v:96.000)-(t:8.635-v:95.000)-(t:8.654-v:94.000)-(t:8.675-v:93.000)-(t:8.696-v:92.000)-(t:8.717-v:91.000)-(t:8.745-v:90.000)-(t:8.765-v:89.000)-(t:8.788-v:88.000)-(t:8.811-v:87.000)-(t:8.833-v:86.000)-(t:8.856-v:85.000)-(t:8.882-v:84.000)-(t:8.906-v:83.000)-(t:8.927-v:82.000)-(t:8.971-v:81.000)-(t:9.025-v:80.000)-(t:9.048-v:79.000)-(t:9.098-v:78.000)-(t:9.124-v:77.000)-(t:9.146-v:76.000)-(t:9.169-v:75.000)-(t:9.233-v:74.000)-(t:9.252-v:73.000)-(t:9.279-v:72.000)-(t:9.305-v:71.000)-(t:9.333-v:70.000)-(t:9.375-v:69.000)-(t:9.417-v:68.000)-(t:9.448-v:67.000)-(t:9.477-v:65.000)-(t:9.551-v:64.000)-(t:9.605-v:63.000)-(t:9.636-v:62.000)-(t:9.680-v:61.000)-(t:9.734-v:60.000)-(t:9.759-v:59.000)-(t:9.822-v:58.000)-(t:9.839-v:57.000)-(t:9.862-v:56.000)-(t:9.891-v:55.000)-(t:10.019-v:54.000)-(t:10.047-v:53.000)-(t:10.070-v:52.000)-(t:10.114-v:51.000)-(t:10.179-v:50.000)-(t:10.323-v:49.000)-(t:10.365-v:48.000)-(t:10.474-v:47.000)-(t:10.604-v:46.000)-(t:10.628-v:45.000)-(t:10.808-v:44.000)-(t:11.134-v:43.000)-(t:11.166-v:42.000)-(t:11.192-v:41.000)-(t:11.376-v:40.000)-(t:11.402-v:39.000)-(t:11.442-v:38.000)-(t:11.521-v:37.000)-(t:12.208-v:36.000)-(t:12.240-v:35.000)-(t:12.292-v:34.000)-(t:12.322-v:33.000)-(t:12.348-v:32.000)-(t:12.386-v:31.000)-(t:12.436-v:30.000)-(t:12.475-v:29.000)-(t:12.538-v:28.000)-(t:12.565-v:27.000)-(t:12.599-v:26.000)-(t:12.663-v:25.000)-(t:12.697-v:24.000)-(t:12.743-v:23.000)-(t:12.776-v:22.000)-(t:12.816-v:21.000)-(t:12.911-v:20.000)-(t:12.942-v:19.000)-(t:13.001-v:18.000)-(t:13.055-v:17.000)-(t:13.108-v:16.000)-(t:13.146-v:15.000)-(t:14.349-v:14.000)-(t:14.422-v:13.000)-(t:18.026-v:12.000)-(t:18.059-v:11.000)-(t:18.249-v:10.000)-(t:19.325-v:9.000)-(t:22.912-v:8.000)-(t:23.029-v:7.000)-(t:23.178-v:6.000)-(t:24.177-v:5.000)-(t:25.698-v:4.000)-(t:26.933-v:3.000)-(t:32.892-v:2.000)-(t:33.046-v:1.000)-(t:114.423-v:0.000)],114.423
examples/csp/csp_100/16-81.txt,dqn,r1,300,0.0,[(t:4.521-v:135.000)-(t:4.534-v:126.000)-(t:4.543-v:122.000)-(t:4.558-v:121.000)-(t:4.563-v:119.000)-(t:4.573-v:115.000)-(t:4.581-v:114.000)-(t:4.590-v:109.000)-(t:4.599-v:108.000)-(t:4.608-v:107.000)-(t:4.615-v:105.000)-(t:4.623-v:104.000)-(t:4.630-v:103.000)-(t:4.636-v:102.000)-(t:4.643-v:101.000)-(t:4.650-v:100.000)-(t:4.657-v:99.000)-(t:4.665-v:95.000)-(t:4.672-v:92.000)-(t:4.678-v:90.000)-(t:4.684-v:87.000)-(t:4.691-v:86.000)-(t:4.700-v:83.000)-(t:4.710-v:81.000)-(t:4.723-v:80.000)-(t:4.730-v:79.000)-(t:4.737-v:78.000)-(t:4.744-v:77.000)-(t:4.749-v:75.000)-(t:4.754-v:74.000)-(t:4.764-v:73.000)-(t:4.770-v:72.000)-(t:4.776-v:70.000)-(t:4.782-v:68.000)-(t:4.788-v:67.000)-(t:4.803-v:66.000)-(t:4.809-v:65.000)-(t:4.815-v:64.000)-(t:4.822-v:63.000)-(t:4.827-v:62.000)-(t:4.835-v:61.000)-(t:4.840-v:60.000)-(t:4.852-v:59.000)-(t:4.859-v:58.000)-(t:4.865-v:57.000)-(t:4.873-v:56.000)-(t:4.879-v:54.000)-(t:4.884-v:53.000)-(t:4.898-v:52.000)-(t:4.914-v:51.000)-(t:4.919-v:50.000)-(t:4.924-v:49.000)-(t:4.930-v:48.000)-(t:4.936-v:47.000)-(t:4.945-v:46.000)-(t:4.952-v:45.000)-(t:4.964-v:44.000)-(t:5.000-v:42.000)-(t:5.013-v:41.000)-(t:5.026-v:40.000)-(t:5.037-v:39.000)-(t:5.052-v:38.000)-(t:5.068-v:37.000)-(t:5.080-v:35.000)-(t:5.093-v:34.000)-(t:5.107-v:33.000)-(t:5.127-v:32.000)-(t:5.144-v:31.000)-(t:5.162-v:30.000)-(t:5.180-v:29.000)-(t:5.215-v:27.000)-(t:5.246-v:26.000)-(t:5.269-v:25.000)-(t:5.284-v:24.000)-(t:5.328-v:23.000)-(t:5.389-v:21.000)-(t:5.403-v:20.000)-(t:5.421-v:19.000)-(t:5.435-v:18.000)-(t:5.456-v:17.000)-(t:5.498-v:16.000)-(t:5.518-v:15.000)-(t:5.542-v:14.000)-(t:5.559-v:13.000)-(t:5.574-v:12.000)-(t:5.852-v:11.000)-(t:6.005-v:10.000)-(t:6.203-v:9.000)-(t:6.232-v:8.000)-(t:6.550-v:7.000)-(t:6.693-v:6.000)-(t:8.508-v:5.000)-(t:19.482-v:4.000)-(t:20.867-v:3.000)-(t:33.707-v:2.000)-(t:56.668-v:1.000)-(t:63.568-v:0.000)],63.568
examples/csp/csp_100/carseq_100_8_20_98.txt,dqn,r1,300,1.0,[(t:4.428-v:121.000)-(t:4.436-v:117.000)-(t:4.441-v:116.000)-(t:4.457-v:114.000)-(t:4.470-v:113.000)-(t:4.479-v:112.000)-(t:4.487-v:110.000)-(t:4.494-v:109.000)-(t:4.500-v:108.000)-(t:4.506-v:105.000)-(t:4.511-v:103.000)-(t:4.518-v:101.000)-(t:4.524-v:99.000)-(t:4.532-v:97.000)-(t:4.537-v:96.000)-(t:4.543-v:93.000)-(t:4.550-v:92.000)-(t:4.559-v:90.000)-(t:4.567-v:89.000)-(t:4.576-v:88.000)-(t:4.580-v:87.000)-(t:4.585-v:86.000)-(t:4.590-v:82.000)-(t:4.600-v:80.000)-(t:4.606-v:79.000)-(t:4.617-v:78.000)-(t:4.628-v:77.000)-(t:4.635-v:76.000)-(t:4.642-v:75.000)-(t:4.648-v:73.000)-(t:4.658-v:72.000)-(t:4.666-v:71.000)-(t:4.681-v:70.000)-(t:4.692-v:69.000)-(t:4.698-v:68.000)-(t:4.705-v:66.000)-(t:4.711-v:65.000)-(t:4.716-v:64.000)-(t:4.720-v:62.000)-(t:4.725-v:61.000)-(t:4.757-v:60.000)-(t:4.764-v:59.000)-(t:4.773-v:58.000)-(t:4.792-v:56.000)-(t:4.798-v:55.000)-(t:4.804-v:54.000)-(t:4.810-v:52.000)-(t:4.814-v:51.000)-(t:4.818-v:50.000)-(t:4.825-v:49.000)-(t:4.831-v:48.000)-(t:4.836-v:47.000)-(t:4.848-v:46.000)-(t:4.854-v:45.000)-(t:4.860-v:44.000)-(t:4.866-v:43.000)-(t:4.872-v:42.000)-(t:4.879-v:41.000)-(t:4.886-v:39.000)-(t:4.922-v:38.000)-(t:4.943-v:37.000)-(t:4.955-v:35.000)-(t:4.988-v:34.000)-(t:5.008-v:33.000)-(t:5.020-v:32.000)-(t:5.035-v:31.000)-(t:5.064-v:30.000)-(t:5.080-v:29.000)-(t:5.129-v:28.000)-(t:5.141-v:27.000)-(t:5.193-v:26.000)-(t:5.207-v:25.000)-(t:5.280-v:24.000)-(t:5.358-v:23.000)-(t:5.372-v:22.000)-(t:5.392-v:21.000)-(t:5.410-v:20.000)-(t:5.439-v:19.000)-(t:5.462-v:18.000)-(t:5.480-v:17.000)-(t:5.501-v:16.000)-(t:5.517-v:15.000)-(t:5.554-v:14.000)-(t:5.577-v:13.000)-(t:5.597-v:12.000)-(t:5.629-v:11.000)-(t:5.654-v:10.000)-(t:5.677-v:9.000)-(t:9.227-v:8.000)-(t:9.254-v:7.000)-(t:11.270-v:6.000)-(t:11.291-v:5.000)-(t:11.329-v:3.000)-(t:15.555-v:2.000)-(t:34.052-v:1.000)],300.0
examples/csp/csp_100/carseq_100_8_20_99.txt,dqn,r1,300,1.0,[(t:5.067-v:139.000)-(t:5.084-v:136.000)-(t:5.095-v:126.000)-(t:5.101-v:125.000)-(t:5.115-v:124.000)-(t:5.126-v:123.000)-(t:5.131-v:122.000)-(t:5.139-v:121.000)-(t:5.144-v:120.000)-(t:5.150-v:118.000)-(t:5.155-v:116.000)-(t:5.162-v:114.000)-(t:5.169-v:112.000)-(t:5.183-v:111.000)-(t:5.189-v:108.000)-(t:5.195-v:107.000)-(t:5.201-v:106.000)-(t:5.209-v:102.000)-(t:5.216-v:101.000)-(t:5.230-v:99.000)-(t:5.236-v:97.000)-(t:5.241-v:96.000)-(t:5.248-v:94.000)-(t:5.255-v:92.000)-(t:5.266-v:89.000)-(t:5.278-v:88.000)-(t:5.285-v:87.000)-(t:5.292-v:86.000)-(t:5.300-v:85.000)-(t:5.312-v:84.000)-(t:5.318-v:83.000)-(t:5.323-v:82.000)-(t:5.333-v:80.000)-(t:5.342-v:79.000)-(t:5.352-v:78.000)-(t:5.361-v:76.000)-(t:5.368-v:75.000)-(t:5.373-v:73.000)-(t:5.379-v:71.000)-(t:5.385-v:69.000)-(t:5.391-v:68.000)-(t:5.395-v:67.000)-(t:5.401-v:66.000)-(t:5.407-v:65.000)-(t:5.413-v:62.000)-(t:5.419-v:60.000)-(t:5.425-v:59.000)-(t:5.433-v:58.000)-(t:5.441-v:57.000)-(t:5.449-v:56.000)-(t:5.473-v:55.000)-(t:5.481-v:54.000)-(t:5.487-v:53.000)-(t:5.493-v:52.000)-(t:5.501-v:51.000)-(t:5.510-v:50.000)-(t:5.518-v:49.000)-(t:5.524-v:48.000)-(t:5.530-v:46.000)-(t:5.538-v:45.000)-(t:5.569-v:44.000)-(t:5.584-v:43.000)-(t:5.599-v:42.000)-(t:5.615-v:41.000)-(t:5.630-v:40.000)-(t:5.649-v:39.000)-(t:5.667-v:37.000)-(t:5.707-v:36.000)-(t:5.729-v:35.000)-(t:5.747-v:34.000)-(t:5.766-v:33.000)-(t:5.783-v:32.000)-(t:5.799-v:31.000)-(t:5.814-v:30.000)-(t:5.826-v:29.000)-(t:5.837-v:28.000)-(t:5.865-v:27.000)-(t:5.925-v:26.000)-(t:5.961-v:25.000)-(t:5.986-v:24.000)-(t:6.110-v:23.000)-(t:6.164-v:22.000)-(t:6.201-v:21.000)-(t:6.234-v:20.000)-(t:6.253-v:19.000)-(t:6.268-v:17.000)-(t:6.304-v:16.000)-(t:6.346-v:15.000)-(t:6.414-v:13.000)-(t:6.432-v:12.000)-(t:6.458-v:11.000)-(t:6.481-v:10.000)-(t:6.523-v:9.000)-(t:6.556-v:8.000)-(t:6.584-v:7.000)-(t:7.438-v:6.000)-(t:7.463-v:5.000)-(t:7.489-v:4.000)-(t:9.160-v:3.000)-(t:17.351-v:2.000)-(t:71.387-v:1.000)],300.0
examples/csp/csp_200/pb_200_06.txt,dqn,r1,300,6.0,[(t:5.116-v:246.000)-(t:5.126-v:245.000)-(t:5.140-v:243.000)-(t:5.163-v:242.000)-(t:5.179-v:240.000)-(t:5.195-v:239.000)-(t:5.203-v:235.000)-(t:5.213-v:233.000)-(t:5.221-v:229.000)-(t:5.234-v:226.000)-(t:5.242-v:222.000)-(t:5.250-v:220.000)-(t:5.258-v:219.000)-(t:5.266-v:218.000)-(t:5.282-v:217.000)-(t:5.291-v:216.000)-(t:5.300-v:215.000)-(t:5.310-v:214.000)-(t:5.318-v:213.000)-(t:5.330-v:212.000)-(t:5.339-v:211.000)-(t:5.347-v:210.000)-(t:5.354-v:208.000)-(t:5.363-v:206.000)-(t:5.371-v:205.000)-(t:5.380-v:204.000)-(t:5.389-v:203.000)-(t:5.398-v:202.000)-(t:5.406-v:201.000)-(t:5.415-v:200.000)-(t:5.424-v:198.000)-(t:5.432-v:197.000)-(t:5.442-v:196.000)-(t:5.449-v:194.000)-(t:5.457-v:193.000)-(t:5.465-v:192.000)-(t:5.473-v:190.000)-(t:5.481-v:187.000)-(t:5.491-v:186.000)-(t:5.500-v:185.000)-(t:5.510-v:184.000)-(t:5.519-v:183.000)-(t:5.529-v:182.000)-(t:5.538-v:179.000)-(t:5.548-v:176.000)-(t:5.555-v:175.000)-(t:5.566-v:174.000)-(t:5.573-v:173.000)-(t:5.578-v:172.000)-(t:5.584-v:171.000)-(t:5.589-v:167.000)-(t:5.595-v:165.000)-(t:5.603-v:164.000)-(t:5.612-v:162.000)-(t:5.621-v:160.000)-(t:5.630-v:159.000)-(t:5.639-v:157.000)-(t:5.647-v:156.000)-(t:5.655-v:154.000)-(t:5.664-v:153.000)-(t:5.698-v:152.000)-(t:5.713-v:149.000)-(t:5.729-v:148.000)-(t:5.745-v:145.000)-(t:5.763-v:144.000)-(t:5.777-v:142.000)-(t:5.790-v:139.000)-(t:5.808-v:137.000)-(t:5.825-v:136.000)-(t:5.841-v:134.000)-(t:5.857-v:133.000)-(t:5.874-v:132.000)-(t:5.888-v:131.000)-(t:5.906-v:130.000)-(t:5.921-v:129.000)-(t:5.937-v:128.000)-(t:5.951-v:127.000)-(t:5.973-v:126.000)-(t:5.992-v:125.000)-(t:6.008-v:124.000)-(t:6.024-v:122.000)-(t:6.039-v:121.000)-(t:6.065-v:120.000)-(t:6.085-v:119.000)-(t:6.114-v:117.000)-(t:6.134-v:116.000)-(t:6.153-v:115.000)-(t:6.166-v:114.000)-(t:6.185-v:112.000)-(t:6.205-v:111.000)-(t:6.220-v:110.000)-(t:6.238-v:108.000)-(t:6.252-v:107.000)-(t:6.271-v:106.000)-(t:6.292-v:105.000)-(t:6.306-v:104.000)-(t:6.320-v:103.000)-(t:6.335-v:102.000)-(t:6.353-v:101.000)-(t:6.371-v:100.000)-(t:6.396-v:99.000)-(t:6.411-v:98.000)-(t:6.429-v:97.000)-(t:6.447-v:96.000)-(t:6.465-v:95.000)-(t:6.482-v:94.000)-(t:6.499-v:93.000)-(t:6.518-v:92.000)-(t:6.536-v:91.000)-(t:6.557-v:90.000)-(t:6.576-v:89.000)-(t:6.594-v:87.000)-(t:6.608-v:86.000)-(t:6.624-v:85.000)-(t:6.640-v:84.000)-(t:6.662-v:83.000)-(t:6.694-v:81.000)-(t:6.709-v:80.000)-(t:6.728-v:79.000)-(t:6.744-v:78.000)-(t:6.759-v:77.000)-(t:6.778-v:76.000)-(t:6.797-v:75.000)-(t:6.814-v:74.000)-(t:6.830-v:72.000)-(t:6.847-v:71.000)-(t:6.865-v:70.000)-(t:6.881-v:69.000)-(t:6.894-v:68.000)-(t:6.910-v:67.000)-(t:6.927-v:66.000)-(t:6.942-v:64.000)-(t:6.958-v:63.000)-(t:6.981-v:62.000)-(t:7.022-v:61.000)-(t:7.040-v:60.000)-(t:7.060-v:59.000)-(t:7.080-v:58.000)-(t:7.099-v:57.000)-(t:7.112-v:55.000)-(t:7.125-v:54.000)-(t:7.153-v:53.000)-(t:7.213-v:52.000)-(t:7.262-v:51.000)-(t:7.280-v:50.000)-(t:7.293-v:48.000)-(t:7.308-v:47.000)-(t:7.322-v:46.000)-(t:7.339-v:45.000)-(t:7.357-v:44.000)-(t:7.382-v:43.000)-(t:7.406-v:42.000)-(t:7.420-v:41.000)-(t:7.459-v:40.000)-(t:7.474-v:39.000)-(t:7.492-v:38.000)-(t:7.511-v:37.000)-(t:7.526-v:36.000)-(t:7.540-v:35.000)-(t:7.566-v:34.000)-(t:7.641-v:33.000)-(t:7.719-v:32.000)-(t:7.745-v:31.000)-(t:7.771-v:30.000)-(t:7.790-v:29.000)-(t:7.827-v:28.000)-(t:7.955-v:27.000)-(t:7.971-v:26.000)-(t:7.992-v:25.000)-(t:8.013-v:24.000)-(t:8.030-v:23.000)-(t:8.049-v:22.000)-(t:8.132-v:21.000)-(t:8.155-v:20.000)-(t:8.261-v:19.000)-(t:8.292-v:18.000)-(t:8.315-v:17.000)-(t:8.441-v:16.000)-(t:8.469-v:15.000)-(t:8.493-v:14.000)-(t:9.906-v:13.000)-(t:11.247-v:12.000)-(t:14.852-v:11.000)-(t:14.919-v:10.000)-(t:18.023-v:9.000)-(t:19.747-v:8.000)-(t:19.807-v:7.000)-(t:25.458-v:6.000)],300.0
examples/csp/csp_200/pb_200_08.txt,dqn,r1,300,8.0,[(t:5.042-v:282.000)-(t:5.054-v:281.000)-(t:5.070-v:276.000)-(t:5.092-v:275.000)-(t:5.108-v:274.000)-(t:5.123-v:268.000)-(t:5.131-v:267.000)-(t:5.143-v:263.000)-(t:5.153-v:262.000)-(t:5.163-v:259.000)-(t:5.170-v:258.000)-(t:5.178-v:254.000)-(t:5.196-v:247.000)-(t:5.203-v:246.000)-(t:5.210-v:245.000)-(t:5.215-v:244.000)-(t:5.224-v:242.000)-(t:5.234-v:239.000)-(t:5.241-v:235.000)-(t:5.252-v:234.000)-(t:5.261-v:233.000)-(t:5.272-v:232.000)-(t:5.281-v:229.000)-(t:5.291-v:228.000)-(t:5.302-v:226.000)-(t:5.311-v:225.000)-(t:5.321-v:223.000)-(t:5.327-v:222.000)-(t:5.334-v:218.000)-(t:5.343-v:217.000)-(t:5.350-v:215.000)-(t:5.366-v:214.000)-(t:5.374-v:210.000)-(t:5.384-v:207.000)-(t:5.392-v:205.000)-(t:5.401-v:204.000)-(t:5.409-v:203.000)-(t:5.417-v:201.000)-(t:5.431-v:198.000)-(t:5.442-v:197.000)-(t:5.453-v:195.000)-(t:5.461-v:193.000)-(t:5.469-v:192.000)-(t:5.475-v:190.000)-(t:5.483-v:189.000)-(t:5.493-v:188.000)-(t:5.498-v:187.000)-(t:5.506-v:186.000)-(t:5.514-v:183.000)-(t:5.521-v:180.000)-(t:5.529-v:178.000)-(t:5.538-v:177.000)-(t:5.546-v:176.000)-(t:5.555-v:175.000)-(t:5.577-v:174.000)-(t:5.588-v:173.000)-(t:5.604-v:171.000)-(t:5.613-v:169.000)-(t:5.621-v:168.000)-(t:5.695-v:165.000)-(t:5.722-v:164.000)-(t:5.746-v:163.000)-(t:5.766-v:162.000)-(t:5.791-v:161.000)-(t:5.814-v:153.000)-(t:5.830-v:148.000)-(t:5.855-v:141.000)-(t:5.878-v:140.000)-(t:5.898-v:139.000)-(t:5.915-v:138.000)-(t:5.937-v:137.000)-(t:5.955-v:135.000)-(t:5.972-v:132.000)-(t:5.987-v:131.000)-(t:6.007-v:127.000)-(t:6.026-v:125.000)-(t:6.039-v:122.000)-(t:6.054-v:120.000)-(t:6.072-v:119.000)-(t:6.089-v:118.000)-(t:6.102-v:117.000)-(t:6.119-v:116.000)-(t:6.137-v:114.000)-(t:6.157-v:112.000)-(t:6.176-v:111.000)-(t:6.192-v:110.000)-(t:6.211-v:109.000)-(t:6.229-v:108.000)-(t:6.249-v:106.000)-(t:6.269-v:105.000)-(t:6.295-v:104.000)-(t:6.314-v:102.000)-(t:6.343-v:101.000)-(t:6.366-v:100.000)-(t:6.390-v:98.000)-(t:6.404-v:97.000)-(t:6.426-v:96.000)-(t:6.448-v:94.000)-(t:6.467-v:92.000)-(t:6.484-v:91.000)-(t:6.504-v:90.000)-(t:6.526-v:89.000)-(t:6.547-v:87.000)-(t:6.571-v:86.000)-(t:6.600-v:85.000)-(t:6.619-v:84.000)-(t:6.646-v:83.000)-(t:6.667-v:82.000)-(t:6.684-v:81.000)-(t:6.699-v:80.000)-(t:6.715-v:78.000)-(t:6.738-v:77.000)-(t:6.757-v:76.000)-(t:6.772-v:75.000)-(t:6.787-v:73.000)-(t:6.804-v:72.000)-(t:6.846-v:70.000)-(t:6.865-v:69.000)-(t:6.893-v:68.000)-(t:6.913-v:67.000)-(t:6.931-v:65.000)-(t:6.953-v:64.000)-(t:6.978-v:62.000)-(t:7.002-v:60.000)-(t:7.021-v:59.000)-(t:7.046-v:58.000)-(t:7.061-v:57.000)-(t:7.086-v:55.000)-(t:7.160-v:54.000)-(t:7.180-v:53.000)-(t:7.199-v:52.000)-(t:7.219-v:51.000)-(t:7.244-v:50.000)-(t:7.262-v:49.000)-(t:7.302-v:48.000)-(t:7.319-v:47.000)-(t:7.382-v:46.000)-(t:7.399-v:45.000)-(t:7.413-v:44.000)-(t:7.427-v:43.000)-(t:7.441-v:42.000)-(t:7.463-v:41.000)-(t:7.479-v:40.000)-(t:7.525-v:39.000)-(t:7.548-v:38.000)-(t:7.565-v:37.000)-(t:7.592-v:36.000)-(t:7.607-v:35.000)-(t:7.630-v:34.000)-(t:7.652-v:33.000)-(t:7.673-v:32.000)-(t:7.691-v:31.000)-(t:7.805-v:30.000)-(t:7.831-v:29.000)-(t:7.859-v:28.000)-(t:7.900-v:27.000)-(t:7.924-v:26.000)-(t:8.094-v:25.000)-(t:8.160-v:24.000)-(t:8.176-v:23.000)-(t:8.211-v:22.000)-(t:8.238-v:21.000)-(t:8.334-v:20.000)-(t:8.362-v:19.000)-(t:8.401-v:18.000)-(t:8.425-v:17.000)-(t:8.462-v:16.000)-(t:8.518-v:15.000)-(t:8.561-v:14.000)-(t:8.579-v:13.000)-(t:8.599-v:12.000)-(t:8.654-v:11.000)-(t:13.282-v:10.000)-(t:14.550-v:9.000)-(t:26.061-v:8.000)],300.0
examples/csp/csp_100/carseq_100_8_20_62.txt,dqn,r1,300,0.0,[(t:4.676-v:122.000)-(t:4.688-v:109.000)-(t:4.697-v:108.000)-(t:4.714-v:107.000)-(t:4.719-v:106.000)-(t:4.730-v:105.000)-(t:4.737-v:104.000)-(t:4.745-v:102.000)-(t:4.753-v:101.000)-(t:4.763-v:98.000)-(t:4.769-v:97.000)-(t:4.774-v:96.000)-(t:4.779-v:94.000)-(t:4.784-v:93.000)-(t:4.793-v:92.000)-(t:4.799-v:89.000)-(t:4.805-v:88.000)-(t:4.816-v:86.000)-(t:4.820-v:85.000)-(t:4.826-v:83.000)-(t:4.833-v:82.000)-(t:4.838-v:81.000)-(t:4.843-v:80.000)-(t:4.850-v:79.000)-(t:4.857-v:78.000)-(t:4.868-v:77.000)-(t:4.877-v:76.000)-(t:4.883-v:75.000)-(t:4.891-v:74.000)-(t:4.898-v:73.000)-(t:4.905-v:72.000)-(t:4.910-v:71.000)-(t:4.919-v:70.000)-(t:4.925-v:67.000)-(t:4.930-v:66.000)-(t:4.936-v:65.000)-(t:4.940-v:64.000)-(t:4.946-v:63.000)-(t:4.950-v:62.000)-(t:4.973-v:61.000)-(t:4.979-v:60.000)-(t:4.992-v:58.000)-(t:4.997-v:57.000)-(t:5.013-v:56.000)-(t:5.021-v:54.000)-(t:5.027-v:53.000)-(t:5.035-v:52.000)-(t:5.043-v:51.000)-(t:5.049-v:50.000)-(t:5.053-v:49.000)-(t:5.059-v:48.000)-(t:5.067-v:46.000)-(t:5.073-v:45.000)-(t:5.077-v:44.000)-(t:5.081-v:43.000)-(t:5.086-v:42.000)-(t:5.092-v:41.000)-(t:5.098-v:40.000)-(t:5.130-v:38.000)-(t:5.142-v:37.000)-(t:5.154-v:36.000)-(t:5.166-v:35.000)-(t:5.177-v:34.000)-(t:5.193-v:33.000)-(t:5.204-v:32.000)-(t:5.230-v:31.000)-(t:5.258-v:30.000)-(t:5.272-v:28.000)-(t:5.286-v:27.000)-(t:5.344-v:26.000)-(t:5.399-v:25.000)-(t:5.428-v:24.000)-(t:5.454-v:23.000)-(t:5.491-v:22.000)-(t:5.507-v:21.000)-(t:5.521-v:20.000)-(t:5.537-v:19.000)-(t:5.568-v:18.000)-(t:5.603-v:17.000)-(t:5.619-v:16.000)-(t:5.634-v:15.000)-(t:5.655-v:14.000)-(t:5.671-v:13.000)-(t:5.694-v:12.000)-(t:5.717-v:11.000)-(t:5.752-v:10.000)-(t:5.793-v:9.000)-(t:5.895-v:8.000)-(t:5.925-v:7.000)-(t:5.966-v:6.000)-(t:6.706-v:5.000)-(t:6.724-v:4.000)-(t:6.740-v:3.000)-(t:7.947-v:2.000)-(t:7.971-v:1.000)-(t:10.505-v:0.000)],10.505
examples/csp/csp_200/pb_200_09.txt,dqn,r1,300,10.0,[(t:5.271-v:234.000)-(t:5.283-v:232.000)-(t:5.296-v:231.000)-(t:5.316-v:229.000)-(t:5.329-v:228.000)-(t:5.345-v:226.000)-(t:5.353-v:225.000)-(t:5.366-v:223.000)-(t:5.373-v:221.000)-(t:5.381-v:220.000)-(t:5.390-v:215.000)-(t:5.397-v:213.000)-(t:5.403-v:212.000)-(t:5.409-v:210.000)-(t:5.417-v:208.000)-(t:5.425-v:204.000)-(t:5.432-v:203.000)-(t:5.442-v:198.000)-(t:5.451-v:197.000)-(t:5.459-v:195.000)-(t:5.466-v:193.000)-(t:5.474-v:190.000)-(t:5.482-v:189.000)-(t:5.498-v:188.000)-(t:5.504-v:186.000)-(t:5.516-v:185.000)-(t:5.527-v:184.000)-(t:5.539-v:183.000)-(t:5.546-v:182.000)-(t:5.553-v:181.000)-(t:5.561-v:180.000)-(t:5.573-v:179.000)-(t:5.581-v:178.000)-(t:5.588-v:176.000)-(t:5.596-v:172.000)-(t:5.604-v:170.000)-(t:5.612-v:168.000)-(t:5.620-v:164.000)-(t:5.628-v:163.000)-(t:5.636-v:161.000)-(t:5.646-v:160.000)-(t:5.655-v:159.000)-(t:5.663-v:156.000)-(t:5.674-v:155.000)-(t:5.687-v:154.000)-(t:5.698-v:152.000)-(t:5.707-v:151.000)-(t:5.715-v:149.000)-(t:5.724-v:148.000)-(t:5.734-v:147.000)-(t:5.742-v:146.000)-(t:5.750-v:144.000)-(t:5.758-v:140.000)-(t:5.763-v:139.000)-(t:5.771-v:138.000)-(t:5.782-v:137.000)-(t:5.791-v:136.000)-(t:5.800-v:135.000)-(t:5.809-v:134.000)-(t:5.817-v:133.000)-(t:5.860-v:130.000)-(t:5.876-v:129.000)-(t:5.895-v:126.000)-(t:5.913-v:125.000)-(t:5.932-v:124.000)-(t:5.948-v:123.000)-(t:5.966-v:119.000)-(t:5.981-v:116.000)-(t:6.000-v:114.000)-(t:6.020-v:112.000)-(t:6.040-v:110.000)-(t:6.057-v:109.000)-(t:6.075-v:108.000)-(t:6.100-v:107.000)-(t:6.121-v:106.000)-(t:6.142-v:105.000)-(t:6.158-v:103.000)-(t:6.175-v:102.000)-(t:6.190-v:101.000)-(t:6.204-v:100.000)-(t:6.221-v:99.000)-(t:6.238-v:98.000)-(t:6.255-v:97.000)-(t:6.271-v:96.000)-(t:6.287-v:95.000)-(t:6.303-v:94.000)-(t:6.320-v:93.000)-(t:6.337-v:91.000)-(t:6.351-v:90.000)-(t:6.367-v:89.000)-(t:6.386-v:87.000)-(t:6.409-v:86.000)-(t:6.436-v:85.000)-(t:6.453-v:84.000)-(t:6.472-v:82.000)-(t:6.521-v:81.000)-(t:6.543-v:80.000)-(t:6.565-v:79.000)-(t:6.593-v:78.000)-(t:6.613-v:77.000)-(t:6.652-v:76.000)-(t:6.679-v:75.000)-(t:6.699-v:74.000)-(t:6.733-v:73.000)-(t:6.751-v:72.000)-(t:6.767-v:71.000)-(t:6.783-v:70.000)-(t:6.817-v:69.000)-(t:6.837-v:67.000)-(t:6.852-v:66.000)-(t:6.877-v:65.000)-(t:6.934-v:64.000)-(t:6.952-v:63.000)-(t:6.977-v:62.000)-(t:7.137-v:60.000)-(t:7.151-v:59.000)-(t:7.168-v:58.000)-(t:7.278-v:57.000)-(t:7.352-v:56.000)-(t:7.376-v:55.000)-(t:7.394-v:54.000)-(t:7.409-v:53.000)-(t:7.428-v:52.000)-(t:7.446-v:51.000)-(t:7.463-v:50.000)-(t:7.480-v:49.000)-(t:7.499-v:48.000)-(t:7.514-v:47.000)-(t:7.534-v:46.000)-(t:7.550-v:45.000)-(t:7.571-v:44.000)-(t:7.585-v:43.000)-(t:7.604-v:41.000)-(t:7.620-v:40.000)-(t:7.639-v:39.000)-(t:7.674-v:38.000)-(t:7.731-v:37.000)-(t:7.767-v:36.000)-(t:7.788-v:35.000)-(t:7.860-v:34.000)-(t:7.874-v:33.000)-(t:7.894-v:32.000)-(t:7.913-v:31.000)-(t:7.945-v:30.000)-(t:7.961-v:29.000)-(t:7.979-v:28.000)-(t:7.999-v:27.000)-(t:8.022-v:26.000)-(t:8.056-v:25.000)-(t:8.192-v:24.000)-(t:8.246-v:23.000)-(t:8.300-v:22.000)-(t:8.344-v:21.000)-(t:10.346-v:20.000)-(t:10.378-v:19.000)-(t:10.989-v:18.000)-(t:11.878-v:17.000)-(t:11.950-v:16.000)-(t:11.967-v:15.000)-(t:12.159-v:14.000)-(t:12.196-v:13.000)-(t:24.766-v:12.000)-(t:31.137-v:11.000)-(t:85.600-v:10.000)],300.0
examples/csp/csp_200/pb_200_10.txt,dqn,r1,300,20.0,[(t:5.123-v:226.000)-(t:5.132-v:225.000)-(t:5.142-v:222.000)-(t:5.158-v:221.000)-(t:5.170-v:220.000)-(t:5.184-v:216.000)-(t:5.191-v:214.000)-(t:5.203-v:212.000)-(t:5.210-v:211.000)-(t:5.219-v:210.000)-(t:5.225-v:206.000)-(t:5.231-v:204.000)-(t:5.237-v:203.000)-(t:5.242-v:200.000)-(t:5.249-v:199.000)-(t:5.255-v:196.000)-(t:5.261-v:193.000)-(t:5.270-v:186.000)-(t:5.276-v:184.000)-(t:5.282-v:179.000)-(t:5.294-v:178.000)-(t:5.301-v:176.000)-(t:5.310-v:175.000)-(t:5.318-v:170.000)-(t:5.328-v:169.000)-(t:5.337-v:166.000)-(t:5.347-v:165.000)-(t:5.358-v:164.000)-(t:5.368-v:161.000)-(t:5.375-v:160.000)-(t:5.386-v:159.000)-(t:5.395-v:158.000)-(t:5.412-v:157.000)-(t:5.420-v:156.000)-(t:5.427-v:152.000)-(t:5.436-v:151.000)-(t:5.444-v:149.000)-(t:5.453-v:146.000)-(t:5.462-v:145.000)-(t:5.470-v:144.000)-(t:5.481-v:143.000)-(t:5.490-v:141.000)-(t:5.498-v:140.000)-(t:5.508-v:139.000)-(t:5.517-v:136.000)-(t:5.523-v:135.000)-(t:5.534-v:133.000)-(t:5.542-v:132.000)-(t:5.549-v:131.000)-(t:5.562-v:130.000)-(t:5.569-v:128.000)-(t:5.576-v:126.000)-(t:5.584-v:124.000)-(t:5.590-v:123.000)-(t:5.602-v:122.000)-(t:5.622-v:121.000)-(t:5.629-v:120.000)-(t:5.637-v:119.000)-(t:5.647-v:118.000)-(t:5.656-v:117.000)-(t:5.741-v:116.000)-(t:5.781-v:115.000)-(t:5.803-v:114.000)-(t:5.821-v:113.000)-(t:5.836-v:112.000)-(t:5.849-v:110.000)-(t:5.862-v:109.000)-(t:5.876-v:108.000)-(t:5.889-v:107.000)-(t:5.903-v:106.000)-(t:5.917-v:105.000)-(t:5.931-v:104.000)-(t:5.944-v:103.000)-(t:5.958-v:101.000)-(t:5.977-v:100.000)-(t:5.996-v:99.000)-(t:6.015-v:98.000)-(t:6.034-v:97.000)-(t:6.054-v:96.000)-(t:6.068-v:95.000)-(t:6.084-v:94.000)-(t:6.099-v:93.000)-(t:6.118-v:92.000)-(t:6.135-v:91.000)-(t:6.155-v:90.000)-(t:6.171-v:87.000)-(t:6.190-v:86.000)-(t:6.205-v:85.000)-(t:6.218-v:84.000)-(t:6.233-v:83.000)-(t:6.253-v:81.000)-(t:6.272-v:79.000)-(t:6.291-v:78.000)-(t:6.310-v:77.000)-(t:6.328-v:75.000)-(t:6.354-v:73.000)-(t:6.373-v:72.000)-(t:6.391-v:71.000)-(t:6.408-v:69.000)-(t:6.426-v:68.000)-(t:6.456-v:67.000)-(t:6.478-v:65.000)-(t:6.500-v:64.000)-(t:6.535-v:63.000)-(t:6.557-v:62.000)-(t:6.572-v:61.000)-(t:6.585-v:60.000)-(t:6.607-v:58.000)-(t:6.626-v:56.000)-(t:6.704-v:55.000)-(t:6.734-v:54.000)-(t:6.777-v:53.000)-(t:6.812-v:51.000)-(t:6.832-v:50.000)-(t:6.920-v:49.000)-(t:6.937-v:48.000)-(t:6.961-v:47.000)-(t:7.068-v:46.000)-(t:7.147-v:45.000)-(t:7.168-v:44.000)-(t:7.192-v:43.000)-(t:7.218-v:42.000)-(t:7.235-v:41.000)-(t:7.258-v:40.000)-(t:7.289-v:39.000)-(t:7.322-v:38.000)-(t:7.339-v:37.000)-(t:7.385-v:36.000)-(t:7.458-v:35.000)-(t:7.771-v:34.000)-(t:7.789-v:33.000)-(t:7.808-v:32.000)-(t:7.831-v:31.000)-(t:7.852-v:30.000)-(t:7.876-v:29.000)-(t:7.897-v:28.000)-(t:7.924-v:27.000)-(t:7.956-v:26.000)-(t:7.978-v:25.000)-(t:8.020-v:24.000)-(t:8.049-v:23.000)-(t:8.072-v:22.000)-(t:8.140-v:21.000)-(t:11.662-v:20.000)],300.0
examples/csp/csp_300/carseq_300_8_20_40.txt,dqn,r1,300,1.0,[(t:4.915-v:374.000)-(t:4.936-v:370.000)-(t:4.958-v:368.000)-(t:4.987-v:367.000)-(t:4.997-v:366.000)-(t:5.011-v:362.000)-(t:5.022-v:360.000)-(t:5.036-v:359.000)-(t:5.049-v:357.000)-(t:5.062-v:356.000)-(t:5.070-v:354.000)-(t:5.082-v:352.000)-(t:5.095-v:349.000)-(t:5.106-v:348.000)-(t:5.113-v:347.000)-(t:5.125-v:346.000)-(t:5.135-v:341.000)-(t:5.150-v:338.000)-(t:5.163-v:336.000)-(t:5.171-v:334.000)-(t:5.180-v:333.000)-(t:5.189-v:332.000)-(t:5.199-v:331.000)-(t:5.205-v:329.000)-(t:5.214-v:326.000)-(t:5.228-v:325.000)-(t:5.238-v:324.000)-(t:5.247-v:323.000)-(t:5.256-v:322.000)-(t:5.266-v:321.000)-(t:5.274-v:320.000)-(t:5.284-v:319.000)-(t:5.345-v:318.000)-(t:5.352-v:316.000)-(t:5.360-v:312.000)-(t:5.369-v:307.000)-(t:5.379-v:306.000)-(t:5.389-v:304.000)-(t:5.398-v:303.000)-(t:5.405-v:301.000)-(t:5.413-v:299.000)-(t:5.423-v:298.000)-(t:5.436-v:295.000)-(t:5.444-v:294.000)-(t:5.452-v:293.000)-(t:5.459-v:291.000)-(t:5.473-v:290.000)-(t:5.482-v:289.000)-(t:5.490-v:288.000)-(t:5.501-v:286.000)-(t:5.510-v:283.000)-(t:5.521-v:282.000)-(t:5.529-v:280.000)-(t:5.543-v:279.000)-(t:5.552-v:277.000)-(t:5.570-v:276.000)-(t:5.594-v:274.000)-(t:5.629-v:272.000)-(t:5.646-v:271.000)-(t:5.655-v:270.000)-(t:5.696-v:268.000)-(t:5.715-v:267.000)-(t:5.734-v:266.000)-(t:5.759-v:265.000)-(t:5.781-v:264.000)-(t:5.801-v:263.000)-(t:5.824-v:261.000)-(t:5.851-v:258.000)-(t:5.874-v:257.000)-(t:5.894-v:255.000)-(t:5.915-v:254.000)-(t:5.934-v:253.000)-(t:5.954-v:252.000)-(t:5.989-v:251.000)-(t:6.010-v:250.000)-(t:6.033-v:249.000)-(t:6.056-v:248.000)-(t:6.080-v:247.000)-(t:6.103-v:246.000)-(t:6.128-v:245.000)-(t:6.152-v:243.000)-(t:6.174-v:240.000)-(t:6.196-v:238.000)-(t:6.219-v:237.000)-(t:6.239-v:235.000)-(t:6.261-v:233.000)-(t:6.291-v:231.000)-(t:6.315-v:229.000)-(t:6.338-v:226.000)-(t:6.357-v:222.000)-(t:6.379-v:220.000)-(t:6.399-v:219.000)-(t:6.425-v:218.000)-(t:6.444-v:216.000)-(t:6.464-v:215.000)-(t:6.485-v:214.000)-(t:6.508-v:213.000)-(t:6.529-v:212.000)-(t:6.551-v:210.000)-(t:6.575-v:207.000)-(t:6.602-v:206.000)-(t:6.626-v:205.000)-(t:6.645-v:204.000)-(t:6.670-v:202.000)-(t:6.691-v:200.000)-(t:6.708-v:197.000)-(t:6.726-v:195.000)-(t:6.746-v:193.000)-(t:6.769-v:192.000)-(t:6.800-v:191.000)-(t:6.821-v:190.000)-(t:6.845-v:188.000)-(t:6.867-v:187.000)-(t:6.885-v:186.000)-(t:6.904-v:185.000)-(t:6.938-v:183.000)-(t:6.979-v:182.000)-(t:7.004-v:181.000)-(t:7.025-v:180.000)-(t:7.052-v:178.000)-(t:7.082-v:177.000)-(t:7.104-v:175.000)-(t:7.125-v:174.000)-(t:7.148-v:173.000)-(t:7.170-v:172.000)-(t:7.191-v:171.000)-(t:7.211-v:169.000)-(t:7.234-v:168.000)-(t:7.257-v:167.000)-(t:7.283-v:166.000)-(t:7.301-v:164.000)-(t:7.327-v:163.000)-(t:7.347-v:161.000)-(t:7.366-v:160.000)-(t:7.389-v:159.000)-(t:7.411-v:158.000)-(t:7.434-v:157.000)-(t:7.455-v:155.000)-(t:7.480-v:154.000)-(t:7.505-v:153.000)-(t:7.535-v:152.000)-(t:7.556-v:150.000)-(t:7.577-v:149.000)-(t:7.606-v:148.000)-(t:7.627-v:147.000)-(t:7.656-v:145.000)-(t:7.679-v:144.000)-(t:7.702-v:143.000)-(t:7.722-v:142.000)-(t:7.747-v:140.000)-(t:7.770-v:139.000)-(t:7.788-v:138.000)-(t:7.808-v:137.000)-(t:7.837-v:136.000)-(t:7.857-v:135.000)-(t:7.877-v:134.000)-(t:7.978-v:133.000)-(t:8.003-v:132.000)-(t:8.026-v:131.000)-(t:8.108-v:130.000)-(t:8.132-v:129.000)-(t:8.160-v:128.000)-(t:8.188-v:127.000)-(t:8.213-v:126.000)-(t:8.234-v:125.000)-(t:8.261-v:124.000)-(t:8.296-v:123.000)-(t:8.322-v:122.000)-(t:8.342-v:121.000)-(t:8.360-v:120.000)-(t:8.383-v:119.000)-(t:8.405-v:118.000)-(t:8.425-v:117.000)-(t:8.453-v:116.000)-(t:8.490-v:115.000)-(t:8.517-v:114.000)-(t:8.551-v:113.000)-(t:8.579-v:112.000)-(t:8.609-v:111.000)-(t:8.630-v:110.000)-(t:8.653-v:109.000)-(t:8.784-v:108.000)-(t:8.904-v:107.000)-(t:8.925-v:106.000)-(t:8.947-v:104.000)-(t:8.975-v:102.000)-(t:9.000-v:100.000)-(t:9.028-v:99.000)-(t:9.148-v:98.000)-(t:9.205-v:97.000)-(t:9.238-v:96.000)-(t:9.264-v:95.000)-(t:9.285-v:94.000)-(t:9.368-v:93.000)-(t:9.390-v:92.000)-(t:9.412-v:91.000)-(t:9.434-v:90.000)-(t:9.456-v:89.000)-(t:9.482-v:88.000)-(t:9.503-v:87.000)-(t:9.542-v:86.000)-(t:9.561-v:85.000)-(t:9.582-v:84.000)-(t:9.606-v:83.000)-(t:9.628-v:82.000)-(t:9.653-v:81.000)-(t:9.671-v:80.000)-(t:9.692-v:79.000)-(t:9.709-v:78.000)-(t:9.736-v:77.000)-(t:9.763-v:76.000)-(t:9.783-v:75.000)-(t:9.806-v:74.000)-(t:9.848-v:72.000)-(t:9.869-v:71.000)-(t:9.892-v:70.000)-(t:9.926-v:68.000)-(t:9.949-v:67.000)-(t:9.968-v:66.000)-(t:9.987-v:65.000)-(t:10.021-v:64.000)-(t:10.050-v:63.000)-(t:10.074-v:62.000)-(t:10.137-v:61.000)-(t:10.171-v:60.000)-(t:10.195-v:59.000)-(t:10.223-v:58.000)-(t:10.256-v:57.000)-(t:10.288-v:56.000)-(t:10.319-v:55.000)-(t:10.354-v:54.000)-(t:10.416-v:53.000)-(t:10.479-v:52.000)-(t:10.551-v:51.000)-(t:10.637-v:50.000)-(t:10.787-v:49.000)-(t:10.835-v:48.000)-(t:10.895-v:47.000)-(t:10.940-v:46.000)-(t:10.965-v:45.000)-(t:10.993-v:44.000)-(t:11.125-v:43.000)-(t:11.603-v:42.000)-(t:11.625-v:41.000)-(t:11.653-v:40.000)-(t:11.702-v:39.000)-(t:11.732-v:38.000)-(t:11.756-v:37.000)-(t:11.785-v:36.000)-(t:11.835-v:35.000)-(t:11.891-v:34.000)-(t:12.083-v:33.000)-(t:12.122-v:32.000)-(t:12.157-v:31.000)-(t:12.190-v:30.000)-(t:12.215-v:29.000)-(t:12.258-v:28.000)-(t:12.304-v:27.000)-(t:12.361-v:26.000)-(t:12.428-v:25.000)-(t:12.463-v:24.000)-(t:12.556-v:23.000)-(t:12.638-v:22.000)-(t:12.765-v:21.000)-(t:12.814-v:20.000)-(t:13.086-v:19.000)-(t:14.618-v:18.000)-(t:21.826-v:17.000)-(t:21.876-v:16.000)-(t:22.040-v:15.000)-(t:22.416-v:14.000)-(t:24.800-v:13.000)-(t:34.857-v:12.000)-(t:35.002-v:11.000)-(t:44.811-v:10.000)-(t:48.102-v:9.000)-(t:55.854-v:8.000)-(t:56.034-v:7.000)-(t:56.181-v:6.000)-(t:66.705-v:5.000)-(t:84.223-v:4.000)-(t:107.775-v:3.000)-(t:118.382-v:2.000)-(t:168.958-v:1.000)],300.0
examples/csp/csp_300/carseq_300_8_20_45.txt,dqn,r1,300,10.0,[(t:5.101-v:398.000)-(t:5.119-v:393.000)-(t:5.134-v:392.000)-(t:5.158-v:391.000)-(t:5.166-v:389.000)-(t:5.178-v:388.000)-(t:5.190-v:387.000)-(t:5.201-v:386.000)-(t:5.214-v:385.000)-(t:5.223-v:383.000)-(t:5.232-v:381.000)-(t:5.240-v:380.000)-(t:5.249-v:379.000)-(t:5.258-v:378.000)-(t:5.268-v:371.000)-(t:5.281-v:369.000)-(t:5.289-v:368.000)-(t:5.300-v:366.000)-(t:5.310-v:365.000)-(t:5.318-v:363.000)-(t:5.327-v:362.000)-(t:5.334-v:361.000)-(t:5.342-v:360.000)-(t:5.350-v:357.000)-(t:5.361-v:355.000)-(t:5.375-v:354.000)-(t:5.388-v:353.000)-(t:5.400-v:352.000)-(t:5.408-v:351.000)-(t:5.418-v:349.000)-(t:5.428-v:345.000)-(t:5.438-v:344.000)-(t:5.449-v:343.000)-(t:5.459-v:342.000)-(t:5.468-v:341.000)-(t:5.477-v:334.000)-(t:5.487-v:333.000)-(t:5.496-v:332.000)-(t:5.503-v:331.000)-(t:5.510-v:329.000)-(t:5.520-v:327.000)-(t:5.533-v:325.000)-(t:5.542-v:324.000)-(t:5.552-v:323.000)-(t:5.562-v:321.000)-(t:5.578-v:320.000)-(t:5.586-v:317.000)-(t:5.596-v:316.000)-(t:5.605-v:314.000)-(t:5.613-v:312.000)-(t:5.621-v:311.000)-(t:5.633-v:310.000)-(t:5.641-v:309.000)-(t:5.661-v:307.000)-(t:5.669-v:306.000)-(t:5.677-v:305.000)-(t:5.684-v:304.000)-(t:5.692-v:302.000)-(t:5.700-v:301.000)-(t:5.710-v:300.000)-(t:5.764-v:299.000)-(t:5.785-v:297.000)-(t:5.804-v:296.000)-(t:5.826-v:295.000)-(t:5.850-v:294.000)-(t:5.870-v:293.000)-(t:5.892-v:288.000)-(t:5.913-v:287.000)-(t:5.935-v:285.000)-(t:5.957-v:283.000)-(t:5.979-v:282.000)-(t:5.999-v:280.000)-(t:6.020-v:279.000)-(t:6.040-v:277.000)-(t:6.064-v:276.000)-(t:6.088-v:275.000)-(t:6.112-v:274.000)-(t:6.139-v:272.000)-(t:6.162-v:271.000)-(t:6.189-v:270.000)-(t:6.214-v:269.000)-(t:6.241-v:268.000)-(t:6.262-v:266.000)-(t:6.285-v:265.000)-(t:6.306-v:263.000)-(t:6.334-v:262.000)-(t:6.364-v:261.000)-(t:6.386-v:260.000)-(t:6.410-v:258.000)-(t:6.431-v:256.000)-(t:6.452-v:255.000)-(t:6.477-v:253.000)-(t:6.496-v:250.000)-(t:6.519-v:249.000)-(t:6.545-v:248.000)-(t:6.567-v:247.000)-(t:6.592-v:246.000)-(t:6.613-v:244.000)-(t:6.631-v:243.000)-(t:6.651-v:241.000)-(t:6.670-v:240.000)-(t:6.711-v:239.000)-(t:6.731-v:238.000)-(t:6.758-v:237.000)-(t:6.782-v:236.000)-(t:6.803-v:235.000)-(t:6.824-v:234.000)-(t:6.851-v:233.000)-(t:6.875-v:228.000)-(t:6.901-v:227.000)-(t:6.924-v:225.000)-(t:6.946-v:223.000)-(t:6.966-v:222.000)-(t:6.987-v:221.000)-(t:7.010-v:220.000)-(t:7.037-v:219.000)-(t:7.062-v:218.000)-(t:7.085-v:217.000)-(t:7.107-v:212.000)-(t:7.129-v:211.000)-(t:7.153-v:206.000)-(t:7.179-v:205.000)-(t:7.201-v:203.000)-(t:7.221-v:202.000)-(t:7.242-v:201.000)-(t:7.264-v:200.000)-(t:7.288-v:199.000)-(t:7.315-v:197.000)-(t:7.341-v:195.000)-(t:7.368-v:194.000)-(t:7.388-v:193.000)-(t:7.408-v:192.000)-(t:7.433-v:190.000)-(t:7.462-v:188.000)-(t:7.488-v:187.000)-(t:7.511-v:186.000)-(t:7.533-v:185.000)-(t:7.553-v:184.000)-(t:7.574-v:183.000)-(t:7.600-v:182.000)-(t:7.622-v:181.000)-(t:7.648-v:180.000)-(t:7.667-v:178.000)-(t:7.692-v:177.000)-(t:7.713-v:176.000)-(t:7.732-v:174.000)-(t:7.755-v:173.000)-(t:7.779-v:172.000)-(t:7.801-v:171.000)-(t:7.823-v:170.000)-(t:7.848-v:169.000)-(t:7.872-v:168.000)-(t:7.895-v:166.000)-(t:7.919-v:165.000)-(t:7.941-v:164.000)-(t:7.968-v:162.000)-(t:8.011-v:161.000)-(t:8.036-v:160.000)-(t:8.058-v:159.000)-(t:8.095-v:158.000)-(t:8.122-v:156.000)-(t:8.148-v:155.000)-(t:8.175-v:154.000)-(t:8.203-v:153.000)-(t:8.224-v:152.000)-(t:8.247-v:151.000)-(t:8.266-v:150.000)-(t:8.290-v:149.000)-(t:8.315-v:148.000)-(t:8.338-v:147.000)-(t:8.366-v:146.000)-(t:8.387-v:144.000)-(t:8.414-v:143.000)-(t:8.436-v:142.000)-(t:8.456-v:141.000)-(t:8.483-v:139.000)-(t:8.510-v:138.000)-(t:8.531-v:136.000)-(t:8.564-v:135.000)-(t:8.587-v:134.000)-(t:8.613-v:133.000)-(t:8.674-v:132.000)-(t:8.771-v:131.000)-(t:8.794-v:130.000)-(t:8.825-v:129.000)-(t:8.848-v:128.000)-(t:8.872-v:127.000)-(t:8.915-v:126.000)-(t:8.940-v:123.000)-(t:8.969-v:122.000)-(t:8.997-v:121.000)-(t:9.024-v:120.000)-(t:9.050-v:119.000)-(t:9.072-v:118.000)-(t:9.097-v:117.000)-(t:9.118-v:116.000)-(t:9.141-v:115.000)-(t:9.163-v:114.000)-(t:9.185-v:113.000)-(t:9.210-v:112.000)-(t:9.233-v:111.000)-(t:9.256-v:110.000)-(t:9.282-v:109.000)-(t:9.312-v:108.000)-(t:9.339-v:107.000)-(t:9.361-v:106.000)-(t:9.382-v:105.000)-(t:9.472-v:104.000)-(t:9.499-v:103.000)-(t:9.607-v:102.000)-(t:9.631-v:101.000)-(t:9.656-v:100.000)-(t:9.680-v:99.000)-(t:9.704-v:98.000)-(t:9.726-v:96.000)-(t:9.757-v:95.000)-(t:9.783-v:94.000)-(t:9.902-v:93.000)-(t:9.925-v:92.000)-(t:9.957-v:91.000)-(t:9.994-v:90.000)-(t:10.020-v:88.000)-(t:10.045-v:87.000)-(t:10.073-v:86.000)-(t:10.100-v:85.000)-(t:10.119-v:84.000)-(t:10.151-v:83.000)-(t:10.177-v:82.000)-(t:10.204-v:81.000)-(t:10.233-v:79.000)-(t:10.260-v:78.000)-(t:10.282-v:77.000)-(t:10.307-v:76.000)-(t:10.338-v:75.000)-(t:10.367-v:74.000)-(t:10.403-v:73.000)-(t:10.427-v:72.000)-(t:10.454-v:71.000)-(t:10.481-v:69.000)-(t:10.507-v:68.000)-(t:10.528-v:67.000)-(t:10.570-v:66.000)-(t:10.651-v:64.000)-(t:10.683-v:63.000)-(t:10.711-v:62.000)-(t:10.736-v:61.000)-(t:10.763-v:60.000)-(t:10.845-v:59.000)-(t:11.074-v:58.000)-(t:11.101-v:57.000)-(t:11.125-v:56.000)-(t:11.226-v:55.000)-(t:11.359-v:54.000)-(t:11.500-v:53.000)-(t:11.527-v:52.000)-(t:11.664-v:51.000)-(t:11.689-v:50.000)-(t:11.716-v:49.000)-(t:11.762-v:48.000)-(t:11.882-v:47.000)-(t:11.914-v:46.000)-(t:11.941-v:45.000)-(t:11.967-v:44.000)-(t:12.004-v:43.000)-(t:12.031-v:42.000)-(t:12.239-v:41.000)-(t:12.289-v:40.000)-(t:12.331-v:39.000)-(t:12.360-v:38.000)-(t:12.385-v:37.000)-(t:12.412-v:36.000)-(t:12.443-v:35.000)-(t:12.469-v:34.000)-(t:12.506-v:33.000)-(t:12.559-v:32.000)-(t:12.595-v:31.000)-(t:12.636-v:30.000)-(t:12.706-v:29.000)-(t:12.744-v:28.000)-(t:13.119-v:27.000)-(t:13.141-v:26.000)-(t:13.184-v:25.000)-(t:13.244-v:24.000)-(t:13.288-v:23.000)-(t:13.337-v:22.000)-(t:13.410-v:21.000)-(t:13.437-v:20.000)-(t:13.648-v:19.000)-(t:13.698-v:18.000)-(t:13.777-v:17.000)-(t:13.913-v:16.000)-(t:14.025-v:15.000)-(t:14.888-v:14.000)-(t:15.287-v:13.000)-(t:26.895-v:12.000)-(t:26.962-v:11.000)-(t:27.086-v:10.000)],300.0
examples/csp/csp_100/carseq_100_8_20_72.txt,dqn,r1,300,0.0,[(t:4.801-v:116.000)-(t:4.819-v:114.000)-(t:4.827-v:112.000)-(t:4.833-v:111.000)-(t:4.845-v:110.000)-(t:4.855-v:105.000)-(t:4.861-v:104.000)-(t:4.868-v:99.000)-(t:4.872-v:96.000)-(t:4.877-v:92.000)-(t:4.882-v:90.000)-(t:4.890-v:89.000)-(t:4.898-v:88.000)-(t:4.907-v:87.000)-(t:4.914-v:84.000)-(t:4.920-v:83.000)-(t:4.927-v:82.000)-(t:4.935-v:79.000)-(t:4.939-v:78.000)-(t:4.944-v:76.000)-(t:4.949-v:75.000)-(t:4.956-v:74.000)-(t:4.962-v:73.000)-(t:4.969-v:71.000)-(t:4.975-v:70.000)-(t:4.983-v:69.000)-(t:4.989-v:68.000)-(t:4.996-v:67.000)-(t:5.002-v:66.000)-(t:5.008-v:65.000)-(t:5.015-v:63.000)-(t:5.021-v:62.000)-(t:5.030-v:61.000)-(t:5.038-v:59.000)-(t:5.044-v:58.000)-(t:5.052-v:56.000)-(t:5.058-v:55.000)-(t:5.064-v:52.000)-(t:5.070-v:51.000)-(t:5.082-v:50.000)-(t:5.087-v:48.000)-(t:5.095-v:47.000)-(t:5.100-v:46.000)-(t:5.104-v:45.000)-(t:5.109-v:44.000)-(t:5.114-v:42.000)-(t:5.121-v:40.000)-(t:5.127-v:38.000)-(t:5.132-v:37.000)-(t:5.136-v:35.000)-(t:5.140-v:33.000)-(t:5.151-v:31.000)-(t:5.161-v:30.000)-(t:5.169-v:29.000)-(t:5.178-v:28.000)-(t:5.187-v:27.000)-(t:5.195-v:26.000)-(t:5.265-v:25.000)-(t:5.288-v:24.000)-(t:5.304-v:21.000)-(t:5.320-v:20.000)-(t:5.335-v:19.000)-(t:5.365-v:18.000)-(t:5.409-v:17.000)-(t:5.421-v:16.000)-(t:5.440-v:15.000)-(t:5.467-v:14.000)-(t:5.482-v:13.000)-(t:5.507-v:12.000)-(t:5.529-v:11.000)-(t:5.555-v:10.000)-(t:5.575-v:9.000)-(t:5.613-v:8.000)-(t:5.633-v:7.000)-(t:5.652-v:6.000)-(t:5.671-v:5.000)-(t:6.558-v:4.000)-(t:6.587-v:3.000)-(t:6.630-v:2.000)-(t:9.597-v:1.000)-(t:10.124-v:0.000)],10.124
examples/csp/csp_100/carseq_100_8_20_73.txt,dqn,r1,300,0.0,[(t:5.102-v:110.000)-(t:5.151-v:109.000)-(t:5.165-v:107.000)-(t:5.171-v:106.000)-(t:5.184-v:105.000)-(t:5.196-v:104.000)-(t:5.202-v:103.000)-(t:5.213-v:102.000)-(t:5.219-v:101.000)-(t:5.229-v:100.000)-(t:5.234-v:99.000)-(t:5.239-v:97.000)-(t:5.245-v:94.000)-(t:5.253-v:92.000)-(t:5.261-v:88.000)-(t:5.269-v:87.000)-(t:5.275-v:86.000)-(t:5.284-v:85.000)-(t:5.290-v:84.000)-(t:5.296-v:82.000)-(t:5.304-v:81.000)-(t:5.311-v:80.000)-(t:5.319-v:79.000)-(t:5.326-v:78.000)-(t:5.331-v:77.000)-(t:5.337-v:76.000)-(t:5.343-v:72.000)-(t:5.350-v:70.000)-(t:5.356-v:69.000)-(t:5.363-v:68.000)-(t:5.369-v:67.000)-(t:5.375-v:66.000)-(t:5.387-v:65.000)-(t:5.397-v:63.000)-(t:5.405-v:62.000)-(t:5.413-v:61.000)-(t:5.420-v:60.000)-(t:5.425-v:59.000)-(t:5.430-v:57.000)-(t:5.436-v:56.000)-(t:5.448-v:55.000)-(t:5.452-v:54.000)-(t:5.458-v:53.000)-(t:5.465-v:52.000)-(t:5.471-v:50.000)-(t:5.477-v:49.000)-(t:5.484-v:47.000)-(t:5.490-v:46.000)-(t:5.497-v:44.000)-(t:5.503-v:43.000)-(t:5.509-v:42.000)-(t:5.517-v:41.000)-(t:5.523-v:40.000)-(t:5.539-v:39.000)-(t:5.545-v:38.000)-(t:5.551-v:37.000)-(t:5.559-v:36.000)-(t:5.564-v:35.000)-(t:5.572-v:33.000)-(t:5.579-v:32.000)-(t:5.621-v:31.000)-(t:5.637-v:30.000)-(t:5.654-v:29.000)-(t:5.696-v:28.000)-(t:5.711-v:27.000)-(t:5.726-v:26.000)-(t:5.739-v:25.000)-(t:5.754-v:24.000)-(t:5.810-v:23.000)-(t:5.834-v:22.000)-(t:5.868-v:21.000)-(t:5.886-v:20.000)-(t:5.896-v:19.000)-(t:5.912-v:18.000)-(t:6.001-v:17.000)-(t:6.028-v:16.000)-(t:6.050-v:15.000)-(t:6.064-v:14.000)-(t:6.092-v:13.000)-(t:6.169-v:12.000)-(t:6.201-v:11.000)-(t:6.219-v:10.000)-(t:6.235-v:9.000)-(t:6.254-v:8.000)-(t:6.275-v:7.000)-(t:6.331-v:6.000)-(t:6.354-v:5.000)-(t:6.370-v:4.000)-(t:6.438-v:3.000)-(t:6.455-v:2.000)-(t:7.840-v:1.000)-(t:9.162-v:0.000)],9.162
examples/csp/csp_100/carseq_100_8_20_71.txt,dqn,r1,300,0.0,[(t:4.804-v:109.000)-(t:4.816-v:106.000)-(t:4.824-v:105.000)-(t:4.840-v:104.000)-(t:4.852-v:103.000)-(t:4.861-v:100.000)-(t:4.867-v:97.000)-(t:4.873-v:96.000)-(t:4.879-v:95.000)-(t:4.886-v:93.000)-(t:4.892-v:92.000)-(t:4.896-v:90.000)-(t:4.900-v:89.000)-(t:4.905-v:88.000)-(t:4.911-v:85.000)-(t:4.919-v:84.000)-(t:4.924-v:80.000)-(t:4.934-v:79.000)-(t:4.941-v:77.000)-(t:4.949-v:76.000)-(t:4.956-v:75.000)-(t:4.961-v:73.000)-(t:4.967-v:72.000)-(t:4.971-v:71.000)-(t:4.977-v:70.000)-(t:4.982-v:67.000)-(t:4.988-v:66.000)-(t:4.995-v:65.000)-(t:5.001-v:64.000)-(t:5.005-v:63.000)-(t:5.012-v:62.000)-(t:5.017-v:60.000)-(t:5.022-v:59.000)-(t:5.029-v:58.000)-(t:5.037-v:57.000)-(t:5.041-v:56.000)-(t:5.048-v:55.000)-(t:5.055-v:54.000)-(t:5.061-v:51.000)-(t:5.082-v:50.000)-(t:5.085-v:49.000)-(t:5.092-v:48.000)-(t:5.106-v:47.000)-(t:5.114-v:46.000)-(t:5.123-v:45.000)-(t:5.128-v:44.000)-(t:5.132-v:43.000)-(t:5.137-v:42.000)-(t:5.142-v:41.000)-(t:5.147-v:40.000)-(t:5.151-v:39.000)-(t:5.160-v:38.000)-(t:5.164-v:37.000)-(t:5.168-v:36.000)-(t:5.179-v:35.000)-(t:5.190-v:34.000)-(t:5.196-v:33.000)-(t:5.228-v:32.000)-(t:5.282-v:31.000)-(t:5.300-v:30.000)-(t:5.313-v:29.000)-(t:5.328-v:28.000)-(t:5.344-v:27.000)-(t:5.360-v:26.000)-(t:5.400-v:24.000)-(t:5.417-v:23.000)-(t:5.436-v:22.000)-(t:5.533-v:21.000)-(t:5.562-v:20.000)-(t:5.623-v:19.000)-(t:5.645-v:18.000)-(t:5.680-v:17.000)-(t:5.703-v:16.000)-(t:5.724-v:15.000)-(t:5.754-v:14.000)-(t:5.776-v:13.000)-(t:5.799-v:12.000)-(t:5.820-v:11.000)-(t:5.842-v:10.000)-(t:5.872-v:9.000)-(t:5.890-v:8.000)-(t:5.930-v:7.000)-(t:8.129-v:6.000)-(t:10.195-v:5.000)-(t:10.296-v:4.000)-(t:10.333-v:3.000)-(t:12.955-v:2.000)-(t:13.793-v:1.000)-(t:14.148-v:0.000)],14.148
examples/csp/csp_100/carseq_100_8_20_77.txt,dqn,r1,300,0.0,[(t:5.551-v:129.000)-(t:5.567-v:121.000)-(t:5.574-v:120.000)-(t:5.593-v:118.000)-(t:5.606-v:115.000)-(t:5.618-v:112.000)-(t:5.623-v:111.000)-(t:5.629-v:109.000)-(t:5.636-v:105.000)-(t:5.643-v:103.000)-(t:5.648-v:102.000)-(t:5.654-v:101.000)-(t:5.659-v:100.000)-(t:5.666-v:99.000)-(t:5.672-v:96.000)-(t:5.679-v:94.000)-(t:5.684-v:92.000)-(t:5.692-v:91.000)-(t:5.698-v:90.000)-(t:5.702-v:89.000)-(t:5.706-v:88.000)-(t:5.709-v:87.000)-(t:5.714-v:84.000)-(t:5.717-v:81.000)-(t:5.721-v:80.000)-(t:5.726-v:79.000)-(t:5.730-v:78.000)-(t:5.735-v:76.000)-(t:5.739-v:74.000)-(t:5.746-v:73.000)-(t:5.750-v:72.000)-(t:5.755-v:71.000)-(t:5.764-v:70.000)-(t:5.767-v:69.000)-(t:5.771-v:67.000)-(t:5.775-v:64.000)-(t:5.781-v:63.000)-(t:5.786-v:62.000)-(t:5.792-v:60.000)-(t:5.796-v:58.000)-(t:5.799-v:57.000)-(t:5.804-v:56.000)-(t:5.809-v:54.000)-(t:5.817-v:53.000)-(t:5.822-v:49.000)-(t:5.829-v:48.000)-(t:5.835-v:47.000)-(t:5.840-v:46.000)-(t:5.847-v:45.000)-(t:5.856-v:43.000)-(t:5.864-v:42.000)-(t:5.868-v:41.000)-(t:5.873-v:40.000)-(t:5.876-v:39.000)-(t:5.882-v:37.000)-(t:5.886-v:36.000)-(t:5.889-v:34.000)-(t:5.894-v:33.000)-(t:5.899-v:32.000)-(t:5.905-v:31.000)-(t:6.102-v:30.000)-(t:6.119-v:29.000)-(t:6.137-v:28.000)-(t:6.154-v:27.000)-(t:6.172-v:26.000)-(t:6.184-v:25.000)-(t:6.198-v:24.000)-(t:6.212-v:23.000)-(t:6.225-v:21.000)-(t:6.239-v:20.000)-(t:6.272-v:19.000)-(t:6.323-v:18.000)-(t:6.344-v:17.000)-(t:6.357-v:16.000)-(t:6.369-v:15.000)-(t:6.405-v:13.000)-(t:6.462-v:12.000)-(t:6.513-v:11.000)-(t:6.533-v:10.000)-(t:6.566-v:9.000)-(t:6.673-v:8.000)-(t:6.691-v:7.000)-(t:6.724-v:6.000)-(t:6.757-v:5.000)-(t:6.781-v:4.000)-(t:6.811-v:3.000)-(t:6.841-v:2.000)-(t:7.860-v:1.000)-(t:9.978-v:0.000)],9.978
examples/csp/csp_300/carseq_300_8_20_81.txt,dqn,r1,300,0.0,[(t:4.928-v:395.000)-(t:4.943-v:390.000)-(t:4.960-v:389.000)-(t:4.981-v:388.000)-(t:4.995-v:386.000)-(t:5.008-v:385.000)-(t:5.020-v:384.000)-(t:5.034-v:382.000)-(t:5.044-v:380.000)-(t:5.060-v:379.000)-(t:5.073-v:378.000)-(t:5.085-v:376.000)-(t:5.097-v:375.000)-(t:5.108-v:372.000)-(t:5.117-v:367.000)-(t:5.126-v:366.000)-(t:5.136-v:364.000)-(t:5.148-v:363.000)-(t:5.159-v:361.000)-(t:5.168-v:358.000)-(t:5.178-v:355.000)-(t:5.187-v:352.000)-(t:5.199-v:351.000)-(t:5.208-v:349.000)-(t:5.218-v:346.000)-(t:5.232-v:344.000)-(t:5.241-v:343.000)-(t:5.254-v:342.000)-(t:5.263-v:341.000)-(t:5.272-v:337.000)-(t:5.280-v:336.000)-(t:5.292-v:335.000)-(t:5.305-v:334.000)-(t:5.322-v:333.000)-(t:5.335-v:331.000)-(t:5.344-v:328.000)-(t:5.357-v:324.000)-(t:5.366-v:320.000)-(t:5.380-v:318.000)-(t:5.392-v:312.000)-(t:5.407-v:311.000)-(t:5.420-v:310.000)-(t:5.428-v:309.000)-(t:5.441-v:308.000)-(t:5.450-v:307.000)-(t:5.459-v:306.000)-(t:5.471-v:304.000)-(t:5.478-v:303.000)-(t:5.486-v:302.000)-(t:5.496-v:301.000)-(t:5.506-v:300.000)-(t:5.517-v:298.000)-(t:5.525-v:297.000)-(t:5.534-v:296.000)-(t:5.541-v:294.000)-(t:5.555-v:293.000)-(t:5.563-v:292.000)-(t:5.576-v:291.000)-(t:5.587-v:289.000)-(t:5.597-v:288.000)-(t:5.644-v:287.000)-(t:5.668-v:286.000)-(t:5.689-v:285.000)-(t:5.712-v:283.000)-(t:5.737-v:281.000)-(t:5.764-v:279.000)-(t:5.791-v:278.000)-(t:5.812-v:272.000)-(t:5.831-v:271.000)-(t:5.852-v:267.000)-(t:5.873-v:266.000)-(t:5.894-v:264.000)-(t:5.920-v:263.000)-(t:5.946-v:262.000)-(t:5.965-v:261.000)-(t:5.989-v:258.000)-(t:6.006-v:257.000)-(t:6.025-v:256.000)-(t:6.046-v:253.000)-(t:6.071-v:252.000)-(t:6.090-v:251.000)-(t:6.108-v:250.000)-(t:6.136-v:249.000)-(t:6.156-v:247.000)-(t:6.181-v:246.000)-(t:6.210-v:245.000)-(t:6.235-v:244.000)-(t:6.259-v:243.000)-(t:6.286-v:242.000)-(t:6.311-v:241.000)-(t:6.331-v:239.000)-(t:6.360-v:238.000)-(t:6.386-v:237.000)-(t:6.408-v:235.000)-(t:6.431-v:234.000)-(t:6.485-v:233.000)-(t:6.506-v:232.000)-(t:6.533-v:231.000)-(t:6.559-v:230.000)-(t:6.576-v:229.000)-(t:6.596-v:227.000)-(t:6.618-v:226.000)-(t:6.636-v:225.000)-(t:6.659-v:224.000)-(t:6.682-v:223.000)-(t:6.712-v:221.000)-(t:6.733-v:219.000)-(t:6.757-v:218.000)-(t:6.779-v:217.000)-(t:6.802-v:216.000)-(t:6.827-v:215.000)-(t:6.848-v:214.000)-(t:6.878-v:212.000)-(t:6.897-v:210.000)-(t:6.918-v:209.000)-(t:6.949-v:208.000)-(t:6.970-v:207.000)-(t:6.993-v:206.000)-(t:7.016-v:205.000)-(t:7.044-v:203.000)-(t:7.062-v:201.000)-(t:7.088-v:198.000)-(t:7.114-v:197.000)-(t:7.187-v:196.000)-(t:7.205-v:194.000)-(t:7.232-v:191.000)-(t:7.253-v:188.000)-(t:7.278-v:186.000)-(t:7.305-v:184.000)-(t:7.332-v:183.000)-(t:7.351-v:182.000)-(t:7.379-v:181.000)-(t:7.400-v:180.000)-(t:7.419-v:179.000)-(t:7.439-v:178.000)-(t:7.462-v:177.000)-(t:7.482-v:176.000)-(t:7.501-v:175.000)-(t:7.519-v:174.000)-(t:7.536-v:172.000)-(t:7.555-v:171.000)-(t:7.576-v:170.000)-(t:7.595-v:169.000)-(t:7.619-v:168.000)-(t:7.638-v:165.000)-(t:7.662-v:163.000)-(t:7.686-v:162.000)-(t:7.704-v:161.000)-(t:7.765-v:158.000)-(t:7.836-v:157.000)-(t:7.855-v:155.000)-(t:7.918-v:154.000)-(t:7.944-v:153.000)-(t:7.965-v:152.000)-(t:7.991-v:150.000)-(t:8.046-v:149.000)-(t:8.075-v:148.000)-(t:8.096-v:147.000)-(t:8.118-v:146.000)-(t:8.139-v:145.000)-(t:8.161-v:144.000)-(t:8.184-v:143.000)-(t:8.205-v:142.000)-(t:8.231-v:141.000)-(t:8.280-v:140.000)-(t:8.301-v:139.000)-(t:8.326-v:138.000)-(t:8.346-v:137.000)-(t:8.370-v:136.000)-(t:8.390-v:134.000)-(t:8.409-v:133.000)-(t:8.428-v:132.000)-(t:8.453-v:129.000)-(t:8.472-v:128.000)-(t:8.489-v:126.000)-(t:8.507-v:125.000)-(t:8.526-v:124.000)-(t:8.546-v:123.000)-(t:8.569-v:122.000)-(t:8.599-v:121.000)-(t:8.626-v:120.000)-(t:8.645-v:119.000)-(t:8.669-v:118.000)-(t:8.697-v:117.000)-(t:8.720-v:115.000)-(t:8.739-v:113.000)-(t:8.770-v:112.000)-(t:8.792-v:111.000)-(t:8.815-v:110.000)-(t:8.854-v:109.000)-(t:8.890-v:108.000)-(t:8.922-v:106.000)-(t:8.943-v:105.000)-(t:8.976-v:104.000)-(t:9.017-v:103.000)-(t:9.041-v:102.000)-(t:9.068-v:101.000)-(t:9.091-v:100.000)-(t:9.160-v:99.000)-(t:9.181-v:98.000)-(t:9.206-v:97.000)-(t:9.231-v:96.000)-(t:9.254-v:94.000)-(t:9.279-v:93.000)-(t:9.303-v:92.000)-(t:9.326-v:90.000)-(t:9.351-v:89.000)-(t:9.385-v:88.000)-(t:9.408-v:87.000)-(t:9.429-v:86.000)-(t:9.453-v:85.000)-(t:9.560-v:84.000)-(t:9.586-v:83.000)-(t:9.615-v:82.000)-(t:9.641-v:81.000)-(t:9.672-v:80.000)-(t:9.744-v:79.000)-(t:9.794-v:78.000)-(t:9.922-v:77.000)-(t:9.953-v:76.000)-(t:9.976-v:75.000)-(t:10.013-v:74.000)-(t:10.037-v:73.000)-(t:10.116-v:72.000)-(t:10.154-v:71.000)-(t:10.353-v:70.000)-(t:10.394-v:69.000)-(t:10.529-v:68.000)-(t:10.564-v:66.000)-(t:10.584-v:65.000)-(t:10.615-v:64.000)-(t:10.638-v:63.000)-(t:10.662-v:62.000)-(t:10.687-v:61.000)-(t:10.714-v:60.000)-(t:10.741-v:59.000)-(t:10.956-v:58.000)-(t:10.987-v:57.000)-(t:11.019-v:56.000)-(t:11.060-v:55.000)-(t:11.087-v:54.000)-(t:11.144-v:53.000)-(t:11.182-v:52.000)-(t:11.638-v:51.000)-(t:11.687-v:50.000)-(t:12.034-v:49.000)-(t:12.074-v:48.000)-(t:12.132-v:47.000)-(t:12.153-v:46.000)-(t:12.306-v:45.000)-(t:12.429-v:44.000)-(t:12.480-v:43.000)-(t:12.507-v:42.000)-(t:12.538-v:41.000)-(t:12.953-v:40.000)-(t:12.988-v:39.000)-(t:13.014-v:38.000)-(t:13.042-v:36.000)-(t:13.134-v:35.000)-(t:13.174-v:34.000)-(t:13.208-v:33.000)-(t:13.268-v:32.000)-(t:13.302-v:31.000)-(t:13.351-v:30.000)-(t:13.379-v:29.000)-(t:13.590-v:28.000)-(t:13.656-v:27.000)-(t:13.693-v:26.000)-(t:13.729-v:25.000)-(t:13.847-v:24.000)-(t:13.882-v:23.000)-(t:13.940-v:22.000)-(t:13.965-v:21.000)-(t:14.043-v:20.000)-(t:14.129-v:19.000)-(t:19.175-v:18.000)-(t:19.202-v:17.000)-(t:19.303-v:16.000)-(t:19.346-v:15.000)-(t:19.410-v:14.000)-(t:19.594-v:13.000)-(t:21.237-v:12.000)-(t:24.333-v:11.000)-(t:24.398-v:10.000)-(t:24.539-v:9.000)-(t:29.252-v:8.000)-(t:35.855-v:7.000)-(t:35.927-v:6.000)-(t:36.192-v:5.000)-(t:40.310-v:4.000)-(t:41.493-v:3.000)-(t:224.397-v:2.000)-(t:259.686-v:1.000)-(t:259.801-v:0.000)],259.801
examples/csp/csp_100/carseq_100_8_20_90.txt,dqn,r1,300,0.0,[(t:4.299-v:112.000)-(t:4.314-v:110.000)-(t:4.320-v:107.000)-(t:4.325-v:106.000)-(t:4.336-v:105.000)-(t:4.344-v:104.000)-(t:4.349-v:103.000)-(t:4.355-v:100.000)-(t:4.361-v:99.000)-(t:4.367-v:95.000)-(t:4.372-v:94.000)-(t:4.377-v:93.000)-(t:4.382-v:89.000)-(t:4.387-v:88.000)-(t:4.394-v:87.000)-(t:4.405-v:85.000)-(t:4.411-v:84.000)-(t:4.421-v:83.000)-(t:4.429-v:82.000)-(t:4.438-v:78.000)-(t:4.446-v:73.000)-(t:4.453-v:72.000)-(t:4.459-v:71.000)-(t:4.465-v:69.000)-(t:4.470-v:68.000)-(t:4.477-v:67.000)-(t:4.481-v:66.000)-(t:4.486-v:65.000)-(t:4.490-v:63.000)-(t:4.494-v:62.000)-(t:4.500-v:61.000)-(t:4.506-v:59.000)-(t:4.514-v:58.000)-(t:4.519-v:57.000)-(t:4.528-v:55.000)-(t:4.533-v:54.000)-(t:4.537-v:52.000)-(t:4.544-v:51.000)-(t:4.549-v:50.000)-(t:4.554-v:49.000)-(t:4.565-v:47.000)-(t:4.570-v:46.000)-(t:4.576-v:45.000)-(t:4.582-v:44.000)-(t:4.588-v:43.000)-(t:4.595-v:42.000)-(t:4.600-v:41.000)-(t:4.608-v:40.000)-(t:4.615-v:39.000)-(t:4.621-v:38.000)-(t:4.627-v:37.000)-(t:4.634-v:36.000)-(t:4.640-v:35.000)-(t:4.646-v:34.000)-(t:4.660-v:33.000)-(t:4.668-v:32.000)-(t:4.677-v:31.000)-(t:4.685-v:30.000)-(t:4.690-v:29.000)-(t:4.694-v:28.000)-(t:4.727-v:27.000)-(t:4.741-v:26.000)-(t:4.761-v:25.000)-(t:4.793-v:24.000)-(t:4.829-v:23.000)-(t:4.844-v:22.000)-(t:4.862-v:21.000)-(t:4.876-v:20.000)-(t:4.916-v:19.000)-(t:4.933-v:18.000)-(t:4.953-v:17.000)-(t:4.974-v:16.000)-(t:4.993-v:15.000)-(t:5.048-v:14.000)-(t:5.116-v:13.000)-(t:5.155-v:12.000)-(t:5.173-v:11.000)-(t:5.215-v:10.000)-(t:5.232-v:9.000)-(t:5.258-v:8.000)-(t:5.274-v:7.000)-(t:5.328-v:6.000)-(t:5.344-v:5.000)-(t:5.385-v:4.000)-(t:5.883-v:3.000)-(t:5.900-v:2.000)-(t:6.321-v:1.000)-(t:11.175-v:0.000)],11.175
examples/csp/csp_100/carseq_100_8_20_94.txt,dqn,r1,300,0.0,[(t:4.208-v:120.000)-(t:4.221-v:119.000)-(t:4.228-v:116.000)-(t:4.248-v:113.000)-(t:4.259-v:112.000)-(t:4.268-v:110.000)-(t:4.274-v:106.000)-(t:4.281-v:103.000)-(t:4.289-v:101.000)-(t:4.297-v:100.000)-(t:4.306-v:99.000)-(t:4.312-v:98.000)-(t:4.319-v:97.000)-(t:4.325-v:96.000)-(t:4.331-v:92.000)-(t:4.338-v:91.000)-(t:4.344-v:89.000)-(t:4.354-v:87.000)-(t:4.369-v:86.000)-(t:4.377-v:82.000)-(t:4.386-v:81.000)-(t:4.393-v:79.000)-(t:4.398-v:78.000)-(t:4.403-v:75.000)-(t:4.410-v:72.000)-(t:4.416-v:71.000)-(t:4.422-v:70.000)-(t:4.429-v:69.000)-(t:4.434-v:68.000)-(t:4.439-v:66.000)-(t:4.449-v:64.000)-(t:4.454-v:63.000)-(t:4.465-v:62.000)-(t:4.473-v:61.000)-(t:4.480-v:58.000)-(t:4.485-v:56.000)-(t:4.491-v:53.000)-(t:4.498-v:52.000)-(t:4.503-v:51.000)-(t:4.510-v:49.000)-(t:4.526-v:47.000)-(t:4.531-v:46.000)-(t:4.537-v:44.000)-(t:4.546-v:43.000)-(t:4.553-v:42.000)-(t:4.559-v:40.000)-(t:4.565-v:39.000)-(t:4.572-v:38.000)-(t:4.588-v:37.000)-(t:4.594-v:36.000)-(t:4.604-v:35.000)-(t:4.611-v:33.000)-(t:4.621-v:32.000)-(t:4.627-v:31.000)-(t:4.643-v:30.000)-(t:4.648-v:29.000)-(t:4.653-v:27.000)-(t:4.657-v:26.000)-(t:4.689-v:25.000)-(t:4.708-v:24.000)-(t:4.719-v:23.000)-(t:4.736-v:21.000)-(t:4.749-v:20.000)-(t:4.783-v:19.000)-(t:4.840-v:17.000)-(t:4.852-v:16.000)-(t:4.864-v:15.000)-(t:4.885-v:14.000)-(t:4.903-v:13.000)-(t:4.926-v:12.000)-(t:5.014-v:11.000)-(t:5.038-v:10.000)-(t:5.055-v:9.000)-(t:5.065-v:8.000)-(t:5.083-v:7.000)-(t:5.093-v:6.000)-(t:5.141-v:5.000)-(t:5.167-v:4.000)-(t:5.190-v:3.000)-(t:6.049-v:2.000)-(t:6.324-v:1.000)-(t:6.346-v:0.000)],6.346
examples/csp/csp_300/pb_300_06.txt,dqn,r1,300,7.0,[(t:5.311-v:398.000)-(t:5.340-v:397.000)-(t:5.357-v:394.000)-(t:5.365-v:393.000)-(t:5.381-v:391.000)-(t:5.396-v:388.000)-(t:5.404-v:386.000)-(t:5.418-v:382.000)-(t:5.426-v:381.000)-(t:5.439-v:380.000)-(t:5.448-v:376.000)-(t:5.457-v:374.000)-(t:5.466-v:373.000)-(t:5.475-v:371.000)-(t:5.489-v:369.000)-(t:5.501-v:366.000)-(t:5.513-v:365.000)-(t:5.528-v:360.000)-(t:5.539-v:357.000)-(t:5.549-v:354.000)-(t:5.558-v:353.000)-(t:5.570-v:352.000)-(t:5.578-v:351.000)-(t:5.585-v:350.000)-(t:5.603-v:349.000)-(t:5.614-v:346.000)-(t:5.626-v:344.000)-(t:5.639-v:343.000)-(t:5.650-v:342.000)-(t:5.660-v:341.000)-(t:5.670-v:340.000)-(t:5.680-v:336.000)-(t:5.696-v:335.000)-(t:5.706-v:334.000)-(t:5.715-v:333.000)-(t:5.726-v:332.000)-(t:5.735-v:331.000)-(t:5.744-v:327.000)-(t:5.754-v:326.000)-(t:5.762-v:325.000)-(t:5.771-v:324.000)-(t:5.779-v:323.000)-(t:5.788-v:320.000)-(t:5.796-v:319.000)-(t:5.805-v:318.000)-(t:5.811-v:317.000)-(t:5.819-v:315.000)-(t:5.825-v:314.000)-(t:5.832-v:311.000)-(t:5.841-v:309.000)-(t:5.848-v:308.000)-(t:5.858-v:305.000)-(t:5.869-v:302.000)-(t:5.879-v:301.000)-(t:5.886-v:299.000)-(t:5.907-v:298.000)-(t:5.919-v:294.000)-(t:5.940-v:292.000)-(t:5.968-v:291.000)-(t:5.980-v:290.000)-(t:6.031-v:289.000)-(t:6.049-v:288.000)-(t:6.068-v:286.000)-(t:6.089-v:280.000)-(t:6.114-v:278.000)-(t:6.141-v:276.000)-(t:6.167-v:274.000)-(t:6.186-v:272.000)-(t:6.202-v:269.000)-(t:6.219-v:267.000)-(t:6.237-v:266.000)-(t:6.258-v:265.000)-(t:6.278-v:264.000)-(t:6.298-v:263.000)-(t:6.334-v:262.000)-(t:6.358-v:261.000)-(t:6.381-v:258.000)-(t:6.410-v:257.000)-(t:6.433-v:254.000)-(t:6.457-v:251.000)-(t:6.483-v:250.000)-(t:6.509-v:249.000)-(t:6.537-v:248.000)-(t:6.568-v:246.000)-(t:6.599-v:245.000)-(t:6.620-v:243.000)-(t:6.641-v:241.000)-(t:6.673-v:240.000)-(t:6.699-v:239.000)-(t:6.724-v:237.000)-(t:6.747-v:233.000)-(t:6.774-v:232.000)-(t:6.800-v:231.000)-(t:6.828-v:230.000)-(t:6.851-v:229.000)-(t:6.873-v:228.000)-(t:6.896-v:227.000)-(t:6.920-v:226.000)-(t:6.944-v:224.000)-(t:6.963-v:223.000)-(t:6.983-v:222.000)-(t:7.057-v:221.000)-(t:7.081-v:219.000)-(t:7.188-v:218.000)-(t:7.216-v:216.000)-(t:7.242-v:215.000)-(t:7.265-v:214.000)-(t:7.296-v:213.000)-(t:7.319-v:210.000)-(t:7.340-v:209.000)-(t:7.367-v:208.000)-(t:7.389-v:207.000)-(t:7.468-v:206.000)-(t:7.495-v:205.000)-(t:7.520-v:204.000)-(t:7.567-v:203.000)-(t:7.599-v:202.000)-(t:7.621-v:201.000)-(t:7.646-v:200.000)-(t:7.675-v:199.000)-(t:7.698-v:198.000)-(t:7.718-v:197.000)-(t:7.740-v:196.000)-(t:7.778-v:195.000)-(t:7.798-v:191.000)-(t:7.825-v:190.000)-(t:7.845-v:189.000)-(t:7.869-v:188.000)-(t:7.892-v:187.000)-(t:7.917-v:185.000)-(t:7.944-v:184.000)-(t:7.974-v:183.000)-(t:8.002-v:182.000)-(t:8.034-v:181.000)-(t:8.062-v:179.000)-(t:8.082-v:178.000)-(t:8.105-v:177.000)-(t:8.128-v:174.000)-(t:8.150-v:173.000)-(t:8.171-v:171.000)-(t:8.193-v:170.000)-(t:8.214-v:169.000)-(t:8.236-v:168.000)-(t:8.258-v:167.000)-(t:8.284-v:166.000)-(t:8.309-v:165.000)-(t:8.331-v:164.000)-(t:8.356-v:163.000)-(t:8.381-v:162.000)-(t:8.409-v:161.000)-(t:8.431-v:159.000)-(t:8.467-v:158.000)-(t:8.496-v:156.000)-(t:8.522-v:155.000)-(t:8.547-v:154.000)-(t:8.569-v:153.000)-(t:8.594-v:152.000)-(t:8.619-v:149.000)-(t:8.644-v:148.000)-(t:8.674-v:147.000)-(t:8.703-v:145.000)-(t:8.735-v:144.000)-(t:8.763-v:143.000)-(t:8.788-v:141.000)-(t:8.812-v:140.000)-(t:8.840-v:139.000)-(t:8.871-v:138.000)-(t:8.893-v:137.000)-(t:8.921-v:136.000)-(t:8.944-v:135.000)-(t:8.971-v:134.000)-(t:8.998-v:132.000)-(t:9.049-v:130.000)-(t:9.073-v:129.000)-(t:9.098-v:127.000)-(t:9.125-v:126.000)-(t:9.147-v:125.000)-(t:9.198-v:124.000)-(t:9.220-v:123.000)-(t:9.241-v:122.000)-(t:9.265-v:121.000)-(t:9.301-v:120.000)-(t:9.328-v:119.000)-(t:9.349-v:118.000)-(t:9.370-v:117.000)-(t:9.394-v:116.000)-(t:9.416-v:115.000)-(t:9.433-v:114.000)-(t:9.462-v:113.000)-(t:9.486-v:112.000)-(t:9.511-v:111.000)-(t:9.541-v:110.000)-(t:9.561-v:109.000)-(t:9.586-v:108.000)-(t:9.652-v:107.000)-(t:9.680-v:106.000)-(t:9.710-v:105.000)-(t:9.732-v:103.000)-(t:9.752-v:102.000)-(t:9.775-v:101.000)-(t:9.798-v:100.000)-(t:9.824-v:99.000)-(t:9.849-v:98.000)-(t:9.883-v:97.000)-(t:9.913-v:95.000)-(t:9.942-v:94.000)-(t:9.971-v:93.000)-(t:10.025-v:92.000)-(t:10.095-v:91.000)-(t:10.169-v:90.000)-(t:10.197-v:89.000)-(t:10.222-v:88.000)-(t:10.263-v:87.000)-(t:10.289-v:86.000)-(t:10.339-v:85.000)-(t:10.370-v:84.000)-(t:10.467-v:83.000)-(t:10.489-v:82.000)-(t:10.704-v:81.000)-(t:10.731-v:80.000)-(t:10.757-v:79.000)-(t:10.786-v:78.000)-(t:10.836-v:77.000)-(t:10.864-v:76.000)-(t:10.887-v:75.000)-(t:10.914-v:74.000)-(t:10.950-v:73.000)-(t:11.038-v:72.000)-(t:11.069-v:71.000)-(t:11.102-v:70.000)-(t:11.141-v:69.000)-(t:11.164-v:68.000)-(t:11.199-v:67.000)-(t:11.235-v:66.000)-(t:11.332-v:65.000)-(t:11.386-v:64.000)-(t:11.706-v:63.000)-(t:11.729-v:62.000)-(t:11.757-v:61.000)-(t:11.789-v:60.000)-(t:12.228-v:59.000)-(t:12.270-v:58.000)-(t:12.303-v:57.000)-(t:12.333-v:56.000)-(t:12.369-v:55.000)-(t:12.452-v:54.000)-(t:12.485-v:52.000)-(t:12.579-v:51.000)-(t:12.604-v:50.000)-(t:12.625-v:49.000)-(t:13.143-v:48.000)-(t:13.686-v:47.000)-(t:13.711-v:46.000)-(t:13.735-v:45.000)-(t:13.763-v:44.000)-(t:13.787-v:43.000)-(t:13.812-v:42.000)-(t:13.858-v:41.000)-(t:13.885-v:40.000)-(t:13.913-v:39.000)-(t:13.936-v:38.000)-(t:13.974-v:37.000)-(t:14.004-v:36.000)-(t:14.031-v:35.000)-(t:14.067-v:34.000)-(t:14.086-v:33.000)-(t:14.140-v:32.000)-(t:14.161-v:31.000)-(t:14.201-v:30.000)-(t:14.260-v:29.000)-(t:14.349-v:28.000)-(t:14.391-v:27.000)-(t:14.413-v:26.000)-(t:14.527-v:25.000)-(t:14.694-v:24.000)-(t:14.745-v:23.000)-(t:14.776-v:22.000)-(t:14.911-v:21.000)-(t:15.000-v:20.000)-(t:16.161-v:19.000)-(t:18.697-v:18.000)-(t:30.011-v:17.000)-(t:30.057-v:16.000)-(t:33.488-v:15.000)-(t:33.646-v:14.000)-(t:33.796-v:13.000)-(t:33.829-v:12.000)-(t:34.094-v:11.000)-(t:38.489-v:10.000)-(t:40.831-v:9.000)-(t:56.909-v:8.000)-(t:288.090-v:7.000)],300.0
examples/csp/csp_300/pb_300_08.txt,dqn,r1,300,8.0,[(t:5.009-v:393.000)-(t:5.039-v:390.000)-(t:5.063-v:387.000)-(t:5.074-v:386.000)-(t:5.091-v:383.000)-(t:5.106-v:382.000)-(t:5.118-v:381.000)-(t:5.132-v:379.000)-(t:5.146-v:378.000)-(t:5.161-v:376.000)-(t:5.172-v:373.000)-(t:5.183-v:372.000)-(t:5.201-v:371.000)-(t:5.210-v:368.000)-(t:5.220-v:366.000)-(t:5.235-v:364.000)-(t:5.245-v:363.000)-(t:5.259-v:361.000)-(t:5.268-v:360.000)-(t:5.280-v:358.000)-(t:5.289-v:355.000)-(t:5.300-v:352.000)-(t:5.308-v:349.000)-(t:5.317-v:347.000)-(t:5.329-v:346.000)-(t:5.342-v:345.000)-(t:5.352-v:341.000)-(t:5.363-v:339.000)-(t:5.374-v:337.000)-(t:5.386-v:336.000)-(t:5.397-v:334.000)-(t:5.410-v:333.000)-(t:5.419-v:332.000)-(t:5.430-v:329.000)-(t:5.447-v:328.000)-(t:5.460-v:324.000)-(t:5.472-v:323.000)-(t:5.483-v:322.000)-(t:5.492-v:321.000)-(t:5.502-v:317.000)-(t:5.512-v:316.000)-(t:5.525-v:314.000)-(t:5.536-v:312.000)-(t:5.548-v:311.000)-(t:5.566-v:307.000)-(t:5.580-v:302.000)-(t:5.588-v:301.000)-(t:5.595-v:299.000)-(t:5.606-v:298.000)-(t:5.614-v:297.000)-(t:5.625-v:295.000)-(t:5.635-v:294.000)-(t:5.643-v:293.000)-(t:5.650-v:292.000)-(t:5.660-v:291.000)-(t:5.670-v:288.000)-(t:5.680-v:287.000)-(t:5.688-v:284.000)-(t:5.699-v:281.000)-(t:5.708-v:278.000)-(t:5.758-v:277.000)-(t:5.781-v:276.000)-(t:5.801-v:274.000)-(t:5.822-v:271.000)-(t:5.844-v:268.000)-(t:5.863-v:267.000)-(t:5.881-v:262.000)-(t:5.903-v:261.000)-(t:5.920-v:260.000)-(t:5.942-v:259.000)-(t:5.966-v:258.000)-(t:5.988-v:257.000)-(t:6.010-v:256.000)-(t:6.032-v:255.000)-(t:6.057-v:253.000)-(t:6.076-v:251.000)-(t:6.094-v:249.000)-(t:6.115-v:248.000)-(t:6.136-v:246.000)-(t:6.164-v:244.000)-(t:6.186-v:243.000)-(t:6.212-v:242.000)-(t:6.232-v:241.000)-(t:6.249-v:238.000)-(t:6.270-v:237.000)-(t:6.288-v:236.000)-(t:6.311-v:235.000)-(t:6.331-v:233.000)-(t:6.353-v:232.000)-(t:6.374-v:231.000)-(t:6.395-v:228.000)-(t:6.417-v:227.000)-(t:6.438-v:226.000)-(t:6.468-v:225.000)-(t:6.490-v:223.000)-(t:6.510-v:222.000)-(t:6.529-v:220.000)-(t:6.549-v:218.000)-(t:6.572-v:217.000)-(t:6.593-v:216.000)-(t:6.621-v:215.000)-(t:6.644-v:214.000)-(t:6.668-v:213.000)-(t:6.692-v:212.000)-(t:6.719-v:211.000)-(t:6.743-v:209.000)-(t:6.765-v:208.000)-(t:6.784-v:207.000)-(t:6.808-v:206.000)-(t:6.833-v:205.000)-(t:6.861-v:202.000)-(t:6.885-v:201.000)-(t:6.907-v:200.000)-(t:6.926-v:198.000)-(t:6.949-v:196.000)-(t:6.968-v:195.000)-(t:6.986-v:194.000)-(t:7.003-v:192.000)-(t:7.022-v:191.000)-(t:7.041-v:190.000)-(t:7.058-v:188.000)-(t:7.079-v:187.000)-(t:7.097-v:186.000)-(t:7.127-v:185.000)-(t:7.148-v:184.000)-(t:7.171-v:183.000)-(t:7.192-v:182.000)-(t:7.215-v:181.000)-(t:7.234-v:180.000)-(t:7.262-v:178.000)-(t:7.290-v:177.000)-(t:7.313-v:176.000)-(t:7.337-v:175.000)-(t:7.362-v:174.000)-(t:7.384-v:173.000)-(t:7.404-v:171.000)-(t:7.427-v:170.000)-(t:7.454-v:169.000)-(t:7.481-v:168.000)-(t:7.503-v:166.000)-(t:7.527-v:165.000)-(t:7.551-v:164.000)-(t:7.575-v:163.000)-(t:7.600-v:162.000)-(t:7.627-v:160.000)-(t:7.652-v:159.000)-(t:7.676-v:158.000)-(t:7.698-v:156.000)-(t:7.728-v:155.000)-(t:7.748-v:152.000)-(t:7.769-v:150.000)-(t:7.791-v:149.000)-(t:7.812-v:148.000)-(t:7.849-v:147.000)-(t:7.874-v:146.000)-(t:7.899-v:143.000)-(t:7.927-v:142.000)-(t:7.952-v:141.000)-(t:7.976-v:140.000)-(t:7.998-v:139.000)-(t:8.019-v:138.000)-(t:8.036-v:136.000)-(t:8.062-v:135.000)-(t:8.080-v:133.000)-(t:8.099-v:130.000)-(t:8.124-v:129.000)-(t:8.145-v:128.000)-(t:8.167-v:127.000)-(t:8.193-v:126.000)-(t:8.222-v:124.000)-(t:8.249-v:123.000)-(t:8.273-v:122.000)-(t:8.299-v:121.000)-(t:8.327-v:120.000)-(t:8.372-v:118.000)-(t:8.397-v:117.000)-(t:8.421-v:116.000)-(t:8.444-v:115.000)-(t:8.467-v:114.000)-(t:8.491-v:113.000)-(t:8.519-v:112.000)-(t:8.539-v:111.000)-(t:8.571-v:110.000)-(t:8.606-v:109.000)-(t:8.639-v:108.000)-(t:8.762-v:107.000)-(t:8.785-v:106.000)-(t:8.808-v:105.000)-(t:8.829-v:104.000)-(t:8.912-v:103.000)-(t:8.934-v:102.000)-(t:8.962-v:101.000)-(t:8.981-v:100.000)-(t:8.999-v:99.000)-(t:9.022-v:98.000)-(t:9.042-v:97.000)-(t:9.064-v:96.000)-(t:9.092-v:95.000)-(t:9.114-v:94.000)-(t:9.142-v:93.000)-(t:9.163-v:92.000)-(t:9.187-v:91.000)-(t:9.226-v:90.000)-(t:9.246-v:89.000)-(t:9.267-v:88.000)-(t:9.288-v:86.000)-(t:9.308-v:84.000)-(t:9.360-v:83.000)-(t:9.404-v:82.000)-(t:9.453-v:81.000)-(t:9.472-v:80.000)-(t:9.495-v:79.000)-(t:9.517-v:77.000)-(t:9.564-v:76.000)-(t:9.583-v:75.000)-(t:9.611-v:74.000)-(t:9.632-v:73.000)-(t:9.659-v:71.000)-(t:9.687-v:70.000)-(t:9.713-v:69.000)-(t:9.742-v:68.000)-(t:9.765-v:67.000)-(t:9.788-v:66.000)-(t:9.817-v:65.000)-(t:9.842-v:64.000)-(t:9.875-v:63.000)-(t:9.904-v:62.000)-(t:9.929-v:61.000)-(t:9.960-v:60.000)-(t:9.989-v:59.000)-(t:10.017-v:58.000)-(t:10.041-v:57.000)-(t:10.065-v:56.000)-(t:10.110-v:55.000)-(t:10.133-v:54.000)-(t:10.163-v:53.000)-(t:10.191-v:52.000)-(t:10.219-v:51.000)-(t:10.253-v:50.000)-(t:10.283-v:49.000)-(t:10.476-v:48.000)-(t:10.509-v:47.000)-(t:10.533-v:46.000)-(t:10.557-v:44.000)-(t:10.656-v:43.000)-(t:10.680-v:42.000)-(t:10.862-v:41.000)-(t:10.882-v:40.000)-(t:10.905-v:39.000)-(t:10.934-v:38.000)-(t:10.963-v:37.000)-(t:11.274-v:36.000)-(t:11.759-v:35.000)-(t:11.782-v:34.000)-(t:11.936-v:33.000)-(t:11.966-v:32.000)-(t:12.063-v:31.000)-(t:12.086-v:30.000)-(t:12.264-v:29.000)-(t:12.303-v:28.000)-(t:12.342-v:27.000)-(t:12.381-v:26.000)-(t:12.407-v:25.000)-(t:12.503-v:24.000)-(t:12.556-v:23.000)-(t:12.615-v:22.000)-(t:12.652-v:21.000)-(t:12.717-v:20.000)-(t:12.763-v:19.000)-(t:15.269-v:18.000)-(t:15.299-v:17.000)-(t:15.382-v:16.000)-(t:15.524-v:15.000)-(t:15.608-v:14.000)-(t:28.750-v:13.000)-(t:30.697-v:12.000)-(t:30.740-v:11.000)-(t:30.845-v:10.000)-(t:44.220-v:9.000)-(t:44.245-v:8.000)],300.0
examples/csp/csp_300/pb_300_09.txt,dqn,r1,300,8.0,[(t:4.171-v:399.000)-(t:4.198-v:397.000)-(t:4.213-v:395.000)-(t:4.223-v:394.000)-(t:4.241-v:392.000)-(t:4.254-v:390.000)-(t:4.265-v:387.000)-(t:4.277-v:385.000)-(t:4.285-v:382.000)-(t:4.294-v:380.000)-(t:4.308-v:378.000)-(t:4.317-v:376.000)-(t:4.325-v:375.000)-(t:4.331-v:373.000)-(t:4.338-v:371.000)-(t:4.346-v:370.000)-(t:4.356-v:369.000)-(t:4.370-v:366.000)-(t:4.378-v:365.000)-(t:4.388-v:363.000)-(t:4.397-v:362.000)-(t:4.404-v:359.000)-(t:4.411-v:357.000)-(t:4.418-v:356.000)-(t:4.428-v:354.000)-(t:4.439-v:349.000)-(t:4.449-v:348.000)-(t:4.461-v:345.000)-(t:4.472-v:344.000)-(t:4.491-v:343.000)-(t:4.499-v:342.000)-(t:4.508-v:341.000)-(t:4.544-v:340.000)-(t:4.553-v:339.000)-(t:4.562-v:335.000)-(t:4.572-v:329.000)-(t:4.583-v:328.000)-(t:4.595-v:326.000)-(t:4.604-v:324.000)-(t:4.613-v:320.000)-(t:4.625-v:319.000)-(t:4.635-v:318.000)-(t:4.649-v:316.000)-(t:4.659-v:315.000)-(t:4.670-v:312.000)-(t:4.678-v:311.000)-(t:4.688-v:310.000)-(t:4.695-v:309.000)-(t:4.703-v:307.000)-(t:4.712-v:306.000)-(t:4.719-v:305.000)-(t:4.728-v:303.000)-(t:4.735-v:299.000)-(t:4.744-v:296.000)-(t:4.755-v:295.000)-(t:4.764-v:294.000)-(t:4.771-v:293.000)-(t:4.781-v:292.000)-(t:4.789-v:290.000)-(t:4.798-v:289.000)-(t:4.835-v:286.000)-(t:4.856-v:283.000)-(t:4.879-v:281.000)-(t:4.902-v:280.000)-(t:4.922-v:279.000)-(t:4.946-v:278.000)-(t:4.965-v:277.000)-(t:4.989-v:276.000)-(t:5.008-v:273.000)-(t:5.028-v:272.000)-(t:5.050-v:270.000)-(t:5.069-v:267.000)-(t:5.094-v:266.000)-(t:5.113-v:265.000)-(t:5.131-v:264.000)-(t:5.153-v:263.000)-(t:5.175-v:261.000)-(t:5.197-v:260.000)-(t:5.220-v:256.000)-(t:5.238-v:255.000)-(t:5.254-v:254.000)-(t:5.276-v:252.000)-(t:5.297-v:251.000)-(t:5.316-v:250.000)-(t:5.346-v:247.000)-(t:5.364-v:246.000)-(t:5.405-v:244.000)-(t:5.430-v:243.000)-(t:5.454-v:242.000)-(t:5.475-v:240.000)-(t:5.493-v:238.000)-(t:5.515-v:237.000)-(t:5.533-v:234.000)-(t:5.552-v:233.000)-(t:5.569-v:232.000)-(t:5.597-v:231.000)-(t:5.622-v:229.000)-(t:5.643-v:228.000)-(t:5.673-v:227.000)-(t:5.695-v:226.000)-(t:5.715-v:225.000)-(t:5.749-v:224.000)-(t:5.775-v:223.000)-(t:5.809-v:221.000)-(t:5.834-v:220.000)-(t:5.853-v:219.000)-(t:5.874-v:217.000)-(t:5.893-v:215.000)-(t:5.912-v:214.000)-(t:5.932-v:213.000)-(t:5.954-v:212.000)-(t:5.976-v:209.000)-(t:6.000-v:208.000)-(t:6.030-v:206.000)-(t:6.056-v:205.000)-(t:6.094-v:204.000)-(t:6.135-v:203.000)-(t:6.156-v:202.000)-(t:6.179-v:199.000)-(t:6.202-v:197.000)-(t:6.226-v:195.000)-(t:6.249-v:194.000)-(t:6.269-v:193.000)-(t:6.296-v:192.000)-(t:6.315-v:191.000)-(t:6.339-v:190.000)-(t:6.363-v:189.000)-(t:6.382-v:188.000)-(t:6.407-v:187.000)-(t:6.425-v:186.000)-(t:6.444-v:184.000)-(t:6.467-v:183.000)-(t:6.487-v:182.000)-(t:6.505-v:181.000)-(t:6.524-v:179.000)-(t:6.543-v:176.000)-(t:6.594-v:174.000)-(t:6.614-v:173.000)-(t:6.633-v:172.000)-(t:6.657-v:171.000)-(t:6.680-v:170.000)-(t:6.700-v:169.000)-(t:6.720-v:168.000)-(t:6.741-v:167.000)-(t:6.762-v:166.000)-(t:6.781-v:165.000)-(t:6.804-v:164.000)-(t:6.824-v:163.000)-(t:6.855-v:162.000)-(t:6.874-v:160.000)-(t:6.897-v:159.000)-(t:6.918-v:158.000)-(t:6.952-v:157.000)-(t:6.972-v:156.000)-(t:6.992-v:154.000)-(t:7.013-v:153.000)-(t:7.042-v:152.000)-(t:7.062-v:150.000)-(t:7.084-v:149.000)-(t:7.104-v:148.000)-(t:7.123-v:147.000)-(t:7.147-v:146.000)-(t:7.164-v:145.000)-(t:7.186-v:144.000)-(t:7.209-v:143.000)-(t:7.240-v:142.000)-(t:7.262-v:140.000)-(t:7.287-v:139.000)-(t:7.307-v:138.000)-(t:7.331-v:137.000)-(t:7.355-v:136.000)-(t:7.378-v:135.000)-(t:7.403-v:134.000)-(t:7.425-v:133.000)-(t:7.447-v:132.000)-(t:7.464-v:131.000)-(t:7.487-v:130.000)-(t:7.518-v:129.000)-(t:7.538-v:128.000)-(t:7.565-v:127.000)-(t:7.594-v:126.000)-(t:7.618-v:125.000)-(t:7.637-v:124.000)-(t:7.658-v:123.000)-(t:7.707-v:122.000)-(t:7.731-v:121.000)-(t:7.757-v:120.000)-(t:7.776-v:119.000)-(t:7.816-v:118.000)-(t:7.840-v:117.000)-(t:7.863-v:114.000)-(t:7.888-v:113.000)-(t:7.912-v:112.000)-(t:7.933-v:111.000)-(t:7.952-v:109.000)-(t:7.974-v:108.000)-(t:7.997-v:107.000)-(t:8.027-v:106.000)-(t:8.054-v:104.000)-(t:8.072-v:103.000)-(t:8.098-v:102.000)-(t:8.115-v:101.000)-(t:8.142-v:100.000)-(t:8.194-v:98.000)-(t:8.214-v:97.000)-(t:8.234-v:96.000)-(t:8.251-v:94.000)-(t:8.276-v:93.000)-(t:8.298-v:92.000)-(t:8.315-v:91.000)-(t:8.346-v:90.000)-(t:8.367-v:89.000)-(t:8.384-v:88.000)-(t:8.406-v:87.000)-(t:8.428-v:86.000)-(t:8.457-v:85.000)-(t:8.477-v:84.000)-(t:8.499-v:83.000)-(t:8.519-v:82.000)-(t:8.538-v:81.000)-(t:8.559-v:80.000)-(t:8.579-v:79.000)-(t:8.601-v:78.000)-(t:8.619-v:77.000)-(t:8.635-v:76.000)-(t:8.675-v:75.000)-(t:8.727-v:74.000)-(t:8.752-v:73.000)-(t:8.789-v:72.000)-(t:8.810-v:71.000)-(t:8.832-v:70.000)-(t:8.853-v:69.000)-(t:9.010-v:67.000)-(t:9.030-v:66.000)-(t:9.051-v:65.000)-(t:9.070-v:64.000)-(t:9.093-v:63.000)-(t:9.136-v:62.000)-(t:9.167-v:61.000)-(t:9.188-v:60.000)-(t:9.210-v:59.000)-(t:9.231-v:57.000)-(t:9.298-v:56.000)-(t:9.334-v:55.000)-(t:9.354-v:54.000)-(t:9.415-v:53.000)-(t:9.511-v:52.000)-(t:9.539-v:51.000)-(t:9.620-v:50.000)-(t:9.647-v:49.000)-(t:9.674-v:48.000)-(t:9.704-v:47.000)-(t:9.828-v:46.000)-(t:10.052-v:45.000)-(t:10.084-v:44.000)-(t:10.110-v:43.000)-(t:10.137-v:42.000)-(t:10.168-v:41.000)-(t:10.200-v:40.000)-(t:10.689-v:39.000)-(t:10.726-v:38.000)-(t:10.764-v:37.000)-(t:10.799-v:36.000)-(t:10.901-v:35.000)-(t:10.943-v:34.000)-(t:10.967-v:33.000)-(t:11.010-v:32.000)-(t:11.058-v:31.000)-(t:11.084-v:30.000)-(t:11.112-v:29.000)-(t:11.138-v:28.000)-(t:11.183-v:27.000)-(t:11.364-v:26.000)-(t:11.399-v:25.000)-(t:11.426-v:24.000)-(t:11.489-v:23.000)-(t:11.535-v:22.000)-(t:11.558-v:21.000)-(t:11.984-v:20.000)-(t:16.467-v:19.000)-(t:16.592-v:18.000)-(t:16.729-v:17.000)-(t:16.847-v:16.000)-(t:17.584-v:15.000)-(t:31.631-v:14.000)-(t:34.103-v:13.000)-(t:36.395-v:12.000)-(t:59.939-v:11.000)-(t:81.338-v:10.000)-(t:110.268-v:9.000)-(t:149.357-v:8.000)],300.0
examples/csp/csp_300/pb_300_10.txt,dqn,r1,300,27.0,[(t:4.646-v:390.000)-(t:4.671-v:389.000)-(t:4.689-v:385.000)-(t:4.704-v:384.000)-(t:4.726-v:383.000)-(t:4.745-v:379.000)-(t:4.755-v:374.000)-(t:4.768-v:372.000)-(t:4.777-v:370.000)-(t:4.787-v:368.000)-(t:4.795-v:367.000)-(t:4.804-v:364.000)-(t:4.812-v:363.000)-(t:4.821-v:361.000)-(t:4.833-v:358.000)-(t:4.842-v:355.000)-(t:4.850-v:354.000)-(t:4.860-v:350.000)-(t:4.873-v:349.000)-(t:4.882-v:346.000)-(t:4.889-v:345.000)-(t:4.896-v:344.000)-(t:4.907-v:343.000)-(t:4.914-v:342.000)-(t:4.922-v:339.000)-(t:4.935-v:335.000)-(t:4.944-v:334.000)-(t:4.955-v:333.000)-(t:4.965-v:331.000)-(t:4.972-v:330.000)-(t:4.982-v:329.000)-(t:4.993-v:327.000)-(t:5.002-v:326.000)-(t:5.010-v:324.000)-(t:5.019-v:320.000)-(t:5.027-v:318.000)-(t:5.042-v:317.000)-(t:5.056-v:316.000)-(t:5.071-v:314.000)-(t:5.084-v:312.000)-(t:5.100-v:311.000)-(t:5.115-v:310.000)-(t:5.126-v:309.000)-(t:5.134-v:308.000)-(t:5.149-v:307.000)-(t:5.162-v:306.000)-(t:5.172-v:305.000)-(t:5.182-v:304.000)-(t:5.191-v:303.000)-(t:5.202-v:300.000)-(t:5.211-v:298.000)-(t:5.221-v:296.000)-(t:5.232-v:295.000)-(t:5.243-v:292.000)-(t:5.251-v:290.000)-(t:5.263-v:288.000)-(t:5.272-v:287.000)-(t:5.282-v:286.000)-(t:5.290-v:285.000)-(t:5.296-v:284.000)-(t:5.338-v:282.000)-(t:5.364-v:281.000)-(t:5.389-v:280.000)-(t:5.413-v:279.000)-(t:5.438-v:278.000)-(t:5.460-v:274.000)-(t:5.478-v:268.000)-(t:5.499-v:267.000)-(t:5.521-v:266.000)-(t:5.542-v:265.000)-(t:5.565-v:263.000)-(t:5.596-v:262.000)-(t:5.622-v:256.000)-(t:5.648-v:255.000)-(t:5.674-v:254.000)-(t:5.700-v:253.000)-(t:5.724-v:252.000)-(t:5.751-v:251.000)-(t:5.775-v:250.000)-(t:5.795-v:248.000)-(t:5.815-v:247.000)-(t:5.835-v:246.000)-(t:5.854-v:245.000)-(t:5.875-v:242.000)-(t:5.896-v:241.000)-(t:5.919-v:240.000)-(t:5.954-v:238.000)-(t:5.976-v:235.000)-(t:6.002-v:234.000)-(t:6.023-v:233.000)-(t:6.043-v:230.000)-(t:6.067-v:229.000)-(t:6.088-v:227.000)-(t:6.107-v:225.000)-(t:6.125-v:224.000)-(t:6.162-v:223.000)-(t:6.183-v:222.000)-(t:6.210-v:221.000)-(t:6.234-v:220.000)-(t:6.257-v:219.000)-(t:6.277-v:218.000)-(t:6.301-v:217.000)-(t:6.324-v:215.000)-(t:6.367-v:214.000)-(t:6.389-v:213.000)-(t:6.410-v:212.000)-(t:6.435-v:211.000)-(t:6.459-v:210.000)-(t:6.480-v:207.000)-(t:6.510-v:206.000)-(t:6.528-v:204.000)-(t:6.548-v:200.000)-(t:6.568-v:199.000)-(t:6.590-v:198.000)-(t:6.608-v:197.000)-(t:6.631-v:196.000)-(t:6.651-v:195.000)-(t:6.673-v:194.000)-(t:6.700-v:191.000)-(t:6.724-v:190.000)-(t:6.752-v:189.000)-(t:6.773-v:188.000)-(t:6.793-v:187.000)-(t:6.829-v:186.000)-(t:6.853-v:185.000)-(t:6.875-v:183.000)-(t:6.895-v:182.000)-(t:6.914-v:180.000)-(t:6.939-v:179.000)-(t:6.962-v:178.000)-(t:6.985-v:177.000)-(t:7.006-v:175.000)-(t:7.028-v:174.000)-(t:7.051-v:173.000)-(t:7.069-v:172.000)-(t:7.094-v:171.000)-(t:7.115-v:170.000)-(t:7.137-v:169.000)-(t:7.160-v:167.000)-(t:7.181-v:166.000)-(t:7.206-v:165.000)-(t:7.234-v:163.000)-(t:7.255-v:162.000)-(t:7.281-v:161.000)-(t:7.308-v:160.000)-(t:7.337-v:159.000)-(t:7.365-v:158.000)-(t:7.394-v:156.000)-(t:7.422-v:155.000)-(t:7.447-v:153.000)-(t:7.475-v:151.000)-(t:7.494-v:149.000)-(t:7.524-v:147.000)-(t:7.562-v:146.000)-(t:7.591-v:145.000)-(t:7.619-v:144.000)-(t:7.642-v:143.000)-(t:7.667-v:142.000)-(t:7.690-v:141.000)-(t:7.717-v:140.000)-(t:7.747-v:137.000)-(t:7.774-v:136.000)-(t:7.807-v:135.000)-(t:7.836-v:134.000)-(t:7.863-v:132.000)-(t:7.886-v:131.000)-(t:7.909-v:130.000)-(t:7.937-v:129.000)-(t:7.967-v:128.000)-(t:7.995-v:127.000)-(t:8.030-v:126.000)-(t:8.060-v:125.000)-(t:8.085-v:124.000)-(t:8.109-v:122.000)-(t:8.161-v:121.000)-(t:8.186-v:120.000)-(t:8.213-v:119.000)-(t:8.231-v:117.000)-(t:8.329-v:115.000)-(t:8.353-v:114.000)-(t:8.405-v:113.000)-(t:8.434-v:111.000)-(t:8.461-v:110.000)-(t:8.484-v:109.000)-(t:8.512-v:108.000)-(t:8.554-v:107.000)-(t:8.576-v:106.000)-(t:8.669-v:105.000)-(t:8.691-v:103.000)-(t:8.717-v:102.000)-(t:8.743-v:101.000)-(t:8.763-v:100.000)-(t:8.781-v:99.000)-(t:8.876-v:98.000)-(t:8.899-v:97.000)-(t:8.922-v:95.000)-(t:8.973-v:94.000)-(t:8.992-v:93.000)-(t:9.035-v:92.000)-(t:9.058-v:91.000)-(t:9.095-v:90.000)-(t:9.117-v:89.000)-(t:9.208-v:88.000)-(t:9.308-v:87.000)-(t:9.458-v:86.000)-(t:9.562-v:85.000)-(t:9.589-v:84.000)-(t:9.619-v:83.000)-(t:9.714-v:82.000)-(t:9.735-v:81.000)-(t:9.759-v:80.000)-(t:9.785-v:79.000)-(t:9.808-v:77.000)-(t:9.830-v:76.000)-(t:9.854-v:75.000)-(t:9.879-v:74.000)-(t:9.910-v:73.000)-(t:9.936-v:72.000)-(t:9.958-v:71.000)-(t:9.981-v:70.000)-(t:10.012-v:69.000)-(t:10.038-v:68.000)-(t:10.057-v:67.000)-(t:10.115-v:66.000)-(t:10.213-v:65.000)-(t:10.242-v:64.000)-(t:10.265-v:63.000)-(t:10.392-v:62.000)-(t:10.417-v:61.000)-(t:10.475-v:60.000)-(t:10.517-v:59.000)-(t:10.543-v:58.000)-(t:10.612-v:57.000)-(t:10.670-v:56.000)-(t:10.835-v:55.000)-(t:10.882-v:54.000)-(t:11.189-v:53.000)-(t:11.236-v:52.000)-(t:11.276-v:51.000)-(t:11.305-v:50.000)-(t:11.744-v:49.000)-(t:11.773-v:48.000)-(t:11.872-v:47.000)-(t:11.902-v:46.000)-(t:12.016-v:45.000)-(t:12.140-v:44.000)-(t:12.175-v:43.000)-(t:12.224-v:42.000)-(t:12.259-v:41.000)-(t:12.326-v:40.000)-(t:12.370-v:39.000)-(t:12.401-v:38.000)-(t:12.463-v:37.000)-(t:16.711-v:36.000)-(t:16.740-v:35.000)-(t:16.787-v:34.000)-(t:16.842-v:33.000)-(t:16.908-v:32.000)-(t:17.059-v:31.000)-(t:28.480-v:30.000)-(t:28.533-v:29.000)-(t:53.687-v:28.000)-(t:225.024-v:27.000)],300.0
examples/csp/csp_200/pb_200_07.txt,dqn,r1,300,0.0,[(t:4.733-v:253.000)-(t:4.740-v:251.000)-(t:4.751-v:248.000)-(t:4.773-v:241.000)-(t:4.791-v:240.000)-(t:4.805-v:237.000)-(t:4.815-v:234.000)-(t:4.827-v:229.000)-(t:4.836-v:227.000)-(t:4.847-v:226.000)-(t:4.854-v:225.000)-(t:4.865-v:223.000)-(t:4.874-v:222.000)-(t:4.879-v:221.000)-(t:4.887-v:220.000)-(t:4.898-v:217.000)-(t:4.908-v:216.000)-(t:4.918-v:215.000)-(t:4.926-v:214.000)-(t:4.934-v:212.000)-(t:4.940-v:210.000)-(t:4.948-v:209.000)-(t:4.953-v:207.000)-(t:4.958-v:206.000)-(t:4.965-v:205.000)-(t:4.973-v:201.000)-(t:4.981-v:200.000)-(t:4.996-v:199.000)-(t:5.003-v:196.000)-(t:5.010-v:195.000)-(t:5.022-v:193.000)-(t:5.030-v:191.000)-(t:5.039-v:190.000)-(t:5.046-v:187.000)-(t:5.052-v:184.000)-(t:5.058-v:182.000)-(t:5.065-v:180.000)-(t:5.077-v:179.000)-(t:5.083-v:178.000)-(t:5.094-v:177.000)-(t:5.107-v:176.000)-(t:5.115-v:174.000)-(t:5.126-v:173.000)-(t:5.137-v:171.000)-(t:5.150-v:169.000)-(t:5.157-v:168.000)-(t:5.168-v:167.000)-(t:5.177-v:166.000)-(t:5.185-v:163.000)-(t:5.194-v:162.000)-(t:5.203-v:160.000)-(t:5.213-v:159.000)-(t:5.221-v:157.000)-(t:5.227-v:154.000)-(t:5.233-v:153.000)-(t:5.241-v:152.000)-(t:5.248-v:150.000)-(t:5.256-v:149.000)-(t:5.266-v:147.000)-(t:5.274-v:145.000)-(t:5.317-v:143.000)-(t:5.338-v:142.000)-(t:5.357-v:141.000)-(t:5.377-v:139.000)-(t:5.395-v:137.000)-(t:5.417-v:136.000)-(t:5.438-v:134.000)-(t:5.460-v:133.000)-(t:5.481-v:132.000)-(t:5.499-v:131.000)-(t:5.521-v:130.000)-(t:5.540-v:128.000)-(t:5.560-v:126.000)-(t:5.583-v:125.000)-(t:5.605-v:124.000)-(t:5.625-v:120.000)-(t:5.648-v:118.000)-(t:5.670-v:117.000)-(t:5.687-v:115.000)-(t:5.705-v:113.000)-(t:5.720-v:112.000)-(t:5.738-v:111.000)-(t:5.769-v:110.000)-(t:5.795-v:108.000)-(t:5.821-v:107.000)-(t:5.846-v:106.000)-(t:5.866-v:104.000)-(t:5.890-v:103.000)-(t:5.913-v:102.000)-(t:5.931-v:101.000)-(t:5.946-v:100.000)-(t:5.967-v:99.000)-(t:5.984-v:96.000)-(t:6.000-v:95.000)-(t:6.016-v:94.000)-(t:6.033-v:93.000)-(t:6.052-v:91.000)-(t:6.068-v:90.000)-(t:6.084-v:89.000)-(t:6.102-v:88.000)-(t:6.124-v:87.000)-(t:6.142-v:86.000)-(t:6.178-v:85.000)-(t:6.193-v:84.000)-(t:6.211-v:83.000)-(t:6.229-v:82.000)-(t:6.248-v:81.000)-(t:6.265-v:79.000)-(t:6.280-v:77.000)-(t:6.304-v:76.000)-(t:6.324-v:75.000)-(t:6.343-v:73.000)-(t:6.369-v:72.000)-(t:6.383-v:71.000)-(t:6.407-v:70.000)-(t:6.423-v:69.000)-(t:6.439-v:68.000)-(t:6.457-v:67.000)-(t:6.474-v:66.000)-(t:6.508-v:65.000)-(t:6.526-v:64.000)-(t:6.547-v:63.000)-(t:6.563-v:62.000)-(t:6.581-v:61.000)-(t:6.601-v:60.000)-(t:6.621-v:59.000)-(t:6.639-v:58.000)-(t:6.669-v:57.000)-(t:6.686-v:56.000)-(t:6.708-v:55.000)-(t:6.771-v:54.000)-(t:6.802-v:53.000)-(t:6.822-v:52.000)-(t:6.844-v:51.000)-(t:6.894-v:50.000)-(t:6.940-v:49.000)-(t:6.955-v:48.000)-(t:6.970-v:47.000)-(t:7.006-v:46.000)-(t:7.029-v:45.000)-(t:7.049-v:44.000)-(t:7.069-v:43.000)-(t:7.104-v:42.000)-(t:7.191-v:41.000)-(t:7.212-v:40.000)-(t:7.231-v:39.000)-(t:7.256-v:38.000)-(t:7.277-v:37.000)-(t:7.298-v:36.000)-(t:7.313-v:35.000)-(t:7.347-v:34.000)-(t:7.374-v:33.000)-(t:7.412-v:32.000)-(t:7.438-v:31.000)-(t:7.510-v:30.000)-(t:7.536-v:29.000)-(t:7.555-v:28.000)-(t:7.574-v:27.000)-(t:7.597-v:26.000)-(t:7.709-v:25.000)-(t:7.728-v:24.000)-(t:7.758-v:23.000)-(t:7.899-v:22.000)-(t:7.920-v:21.000)-(t:7.954-v:20.000)-(t:7.985-v:19.000)-(t:8.007-v:18.000)-(t:8.041-v:17.000)-(t:8.065-v:16.000)-(t:8.164-v:15.000)-(t:8.194-v:14.000)-(t:8.256-v:13.000)-(t:9.757-v:12.000)-(t:9.780-v:11.000)-(t:9.877-v:10.000)-(t:10.178-v:9.000)-(t:10.410-v:8.000)-(t:11.290-v:7.000)-(t:11.375-v:6.000)-(t:11.423-v:5.000)-(t:12.573-v:4.000)-(t:12.623-v:3.000)-(t:19.649-v:2.000)-(t:20.221-v:1.000)-(t:21.459-v:0.000)],21.459
examples/csp/csp_100/carseq_100_8_20_88.txt,dqn,r1,300,0.0,[(t:4.410-v:145.000)-(t:4.422-v:144.000)-(t:4.431-v:140.000)-(t:4.452-v:139.000)-(t:4.464-v:138.000)-(t:4.474-v:137.000)-(t:4.479-v:134.000)-(t:4.487-v:132.000)-(t:4.491-v:126.000)-(t:4.499-v:125.000)-(t:4.504-v:124.000)-(t:4.509-v:123.000)-(t:4.516-v:122.000)-(t:4.520-v:121.000)-(t:4.526-v:119.000)-(t:4.533-v:118.000)-(t:4.538-v:117.000)-(t:4.544-v:114.000)-(t:4.549-v:113.000)-(t:4.553-v:108.000)-(t:4.558-v:107.000)-(t:4.563-v:106.000)-(t:4.567-v:103.000)-(t:4.572-v:101.000)-(t:4.576-v:100.000)-(t:4.581-v:99.000)-(t:4.587-v:98.000)-(t:4.593-v:97.000)-(t:4.597-v:94.000)-(t:4.603-v:92.000)-(t:4.612-v:91.000)-(t:4.617-v:90.000)-(t:4.622-v:89.000)-(t:4.629-v:88.000)-(t:4.637-v:86.000)-(t:4.644-v:85.000)-(t:4.648-v:84.000)-(t:4.653-v:83.000)-(t:4.656-v:82.000)-(t:4.661-v:78.000)-(t:4.669-v:77.000)-(t:4.675-v:76.000)-(t:4.679-v:75.000)-(t:4.686-v:74.000)-(t:4.691-v:72.000)-(t:4.700-v:70.000)-(t:4.706-v:69.000)-(t:4.711-v:68.000)-(t:4.716-v:66.000)-(t:4.722-v:64.000)-(t:4.730-v:63.000)-(t:4.736-v:62.000)-(t:4.741-v:58.000)-(t:4.746-v:57.000)-(t:4.758-v:56.000)-(t:4.766-v:55.000)-(t:4.770-v:54.000)-(t:4.775-v:53.000)-(t:4.780-v:51.000)-(t:4.784-v:50.000)-(t:4.816-v:48.000)-(t:4.829-v:47.000)-(t:4.840-v:46.000)-(t:4.854-v:45.000)-(t:4.867-v:44.000)-(t:4.880-v:43.000)-(t:4.906-v:42.000)-(t:4.922-v:41.000)-(t:4.936-v:39.000)-(t:4.953-v:37.000)-(t:4.967-v:36.000)-(t:4.979-v:35.000)-(t:5.001-v:34.000)-(t:5.014-v:33.000)-(t:5.057-v:32.000)-(t:5.072-v:31.000)-(t:5.086-v:30.000)-(t:5.159-v:29.000)-(t:5.193-v:28.000)-(t:5.227-v:27.000)-(t:5.240-v:25.000)-(t:5.289-v:24.000)-(t:5.347-v:23.000)-(t:5.362-v:21.000)-(t:5.387-v:20.000)-(t:5.406-v:19.000)-(t:5.497-v:18.000)-(t:5.509-v:17.000)-(t:5.524-v:16.000)-(t:5.537-v:15.000)-(t:5.553-v:14.000)-(t:5.572-v:13.000)-(t:5.602-v:12.000)-(t:5.621-v:11.000)-(t:5.635-v:10.000)-(t:5.659-v:9.000)-(t:5.672-v:8.000)-(t:5.983-v:7.000)-(t:6.003-v:6.000)-(t:6.506-v:5.000)-(t:6.537-v:4.000)-(t:6.569-v:3.000)-(t:7.947-v:1.000)-(t:152.096-v:0.000)],152.096
examples/csp/csp_100/21-90.txt,dqn,r1,300,2.0,[(t:4.149-v:123.000)-(t:4.165-v:122.000)-(t:4.172-v:121.000)-(t:4.202-v:118.000)-(t:4.208-v:116.000)-(t:4.220-v:114.000)-(t:4.227-v:112.000)-(t:4.235-v:106.000)-(t:4.242-v:105.000)-(t:4.248-v:102.000)-(t:4.252-v:101.000)-(t:4.257-v:99.000)-(t:4.263-v:97.000)-(t:4.266-v:94.000)-(t:4.272-v:93.000)-(t:4.280-v:91.000)-(t:4.287-v:90.000)-(t:4.296-v:89.000)-(t:4.303-v:87.000)-(t:4.309-v:82.000)-(t:4.314-v:81.000)-(t:4.319-v:80.000)-(t:4.326-v:79.000)-(t:4.330-v:78.000)-(t:4.337-v:75.000)-(t:4.343-v:74.000)-(t:4.349-v:73.000)-(t:4.355-v:72.000)-(t:4.361-v:71.000)-(t:4.367-v:70.000)-(t:4.376-v:67.000)-(t:4.383-v:66.000)-(t:4.389-v:65.000)-(t:4.398-v:64.000)-(t:4.407-v:63.000)-(t:4.413-v:62.000)-(t:4.418-v:61.000)-(t:4.428-v:60.000)-(t:4.434-v:59.000)-(t:4.442-v:58.000)-(t:4.469-v:57.000)-(t:4.481-v:56.000)-(t:4.491-v:55.000)-(t:4.502-v:54.000)-(t:4.510-v:53.000)-(t:4.518-v:52.000)-(t:4.526-v:51.000)-(t:4.533-v:50.000)-(t:4.540-v:47.000)-(t:4.548-v:46.000)-(t:4.557-v:45.000)-(t:4.562-v:44.000)-(t:4.569-v:43.000)-(t:4.575-v:42.000)-(t:4.580-v:40.000)-(t:4.587-v:38.000)-(t:4.593-v:36.000)-(t:4.600-v:35.000)-(t:4.608-v:34.000)-(t:4.617-v:33.000)-(t:4.672-v:32.000)-(t:4.688-v:31.000)-(t:4.703-v:30.000)-(t:4.719-v:29.000)-(t:4.761-v:28.000)-(t:4.782-v:27.000)-(t:4.800-v:26.000)-(t:4.839-v:25.000)-(t:4.888-v:24.000)-(t:4.907-v:23.000)-(t:4.935-v:22.000)-(t:4.954-v:20.000)-(t:4.976-v:19.000)-(t:4.993-v:18.000)-(t:5.008-v:17.000)-(t:5.043-v:16.000)-(t:5.061-v:15.000)-(t:5.079-v:14.000)-(t:5.107-v:13.000)-(t:5.133-v:12.000)-(t:5.147-v:11.000)-(t:5.250-v:10.000)-(t:5.266-v:9.000)-(t:5.290-v:8.000)-(t:5.317-v:7.000)-(t:5.352-v:6.000)-(t:5.375-v:5.000)-(t:6.546-v:4.000)-(t:7.288-v:3.000)-(t:7.647-v:2.000)],6.453
examples/csp/csp_100/36-92.txt,dqn,r1,300,2.0,[(t:4.551-v:142.000)-(t:4.569-v:141.000)-(t:4.577-v:138.000)-(t:4.594-v:135.000)-(t:4.599-v:134.000)-(t:4.610-v:133.000)-(t:4.615-v:132.000)-(t:4.623-v:127.000)-(t:4.629-v:122.000)-(t:4.635-v:120.000)-(t:4.639-v:118.000)-(t:4.643-v:112.000)-(t:4.647-v:111.000)-(t:4.651-v:109.000)-(t:4.656-v:107.000)-(t:4.663-v:105.000)-(t:4.668-v:104.000)-(t:4.676-v:102.000)-(t:4.686-v:101.000)-(t:4.692-v:100.000)-(t:4.697-v:99.000)-(t:4.704-v:98.000)-(t:4.711-v:97.000)-(t:4.719-v:95.000)-(t:4.728-v:92.000)-(t:4.735-v:90.000)-(t:4.742-v:89.000)-(t:4.749-v:88.000)-(t:4.756-v:86.000)-(t:4.762-v:84.000)-(t:4.769-v:83.000)-(t:4.777-v:82.000)-(t:4.783-v:81.000)-(t:4.787-v:79.000)-(t:4.796-v:76.000)-(t:4.803-v:75.000)-(t:4.810-v:74.000)-(t:4.816-v:72.000)-(t:4.826-v:71.000)-(t:4.831-v:69.000)-(t:4.839-v:68.000)-(t:4.849-v:67.000)-(t:4.861-v:65.000)-(t:4.874-v:64.000)-(t:4.882-v:63.000)-(t:4.887-v:62.000)-(t:4.893-v:61.000)-(t:4.897-v:60.000)-(t:4.908-v:58.000)-(t:4.913-v:57.000)-(t:4.921-v:56.000)-(t:4.928-v:55.000)-(t:4.938-v:54.000)-(t:4.945-v:52.000)-(t:4.956-v:51.000)-(t:4.962-v:50.000)-(t:4.968-v:49.000)-(t:4.974-v:48.000)-(t:4.980-v:47.000)-(t:4.988-v:46.000)-(t:5.024-v:43.000)-(t:5.039-v:42.000)-(t:5.052-v:41.000)-(t:5.065-v:40.000)-(t:5.089-v:39.000)-(t:5.106-v:38.000)-(t:5.134-v:36.000)-(t:5.147-v:35.000)-(t:5.165-v:34.000)-(t:5.191-v:33.000)-(t:5.209-v:32.000)-(t:5.226-v:31.000)-(t:5.247-v:30.000)-(t:5.269-v:29.000)-(t:5.293-v:27.000)-(t:5.305-v:26.000)-(t:5.364-v:25.000)-(t:5.380-v:24.000)-(t:5.445-v:23.000)-(t:5.482-v:22.000)-(t:5.501-v:21.000)-(t:5.517-v:20.000)-(t:5.542-v:19.000)-(t:5.593-v:18.000)-(t:5.641-v:17.000)-(t:5.701-v:16.000)-(t:5.720-v:15.000)-(t:5.755-v:14.000)-(t:5.788-v:13.000)-(t:5.833-v:12.000)-(t:5.905-v:11.000)-(t:5.987-v:10.000)-(t:6.022-v:9.000)-(t:6.546-v:8.000)-(t:6.563-v:7.000)-(t:7.280-v:6.000)-(t:7.294-v:5.000)-(t:12.082-v:4.000)-(t:19.719-v:3.000)-(t:41.065-v:2.000)],20.651
examples/csp/csp_300/carseq_300_8_20_38.txt,dqn,r1,300,0.0,[(t:4.975-v:397.000)-(t:4.991-v:388.000)-(t:5.005-v:387.000)-(t:5.032-v:383.000)-(t:5.057-v:382.000)-(t:5.079-v:378.000)-(t:5.098-v:377.000)-(t:5.109-v:375.000)-(t:5.119-v:374.000)-(t:5.133-v:373.000)-(t:5.145-v:371.000)-(t:5.154-v:368.000)-(t:5.168-v:366.000)-(t:5.178-v:363.000)-(t:5.193-v:362.000)-(t:5.203-v:355.000)-(t:5.212-v:353.000)-(t:5.224-v:352.000)-(t:5.235-v:351.000)-(t:5.244-v:341.000)-(t:5.251-v:340.000)-(t:5.259-v:339.000)-(t:5.270-v:337.000)-(t:5.278-v:336.000)-(t:5.286-v:335.000)-(t:5.298-v:332.000)-(t:5.310-v:329.000)-(t:5.321-v:328.000)-(t:5.333-v:327.000)-(t:5.341-v:326.000)-(t:5.350-v:325.000)-(t:5.359-v:324.000)-(t:5.369-v:322.000)-(t:5.377-v:320.000)-(t:5.384-v:319.000)-(t:5.392-v:318.000)-(t:5.400-v:317.000)-(t:5.408-v:311.000)-(t:5.415-v:310.000)-(t:5.425-v:309.000)-(t:5.444-v:308.000)-(t:5.458-v:305.000)-(t:5.469-v:302.000)-(t:5.479-v:301.000)-(t:5.494-v:300.000)-(t:5.503-v:299.000)-(t:5.514-v:298.000)-(t:5.523-v:297.000)-(t:5.534-v:296.000)-(t:5.546-v:295.000)-(t:5.555-v:293.000)-(t:5.567-v:290.000)-(t:5.578-v:288.000)-(t:5.591-v:287.000)-(t:5.602-v:284.000)-(t:5.617-v:282.000)-(t:5.627-v:281.000)-(t:5.636-v:279.000)-(t:5.649-v:278.000)-(t:5.658-v:276.000)-(t:5.727-v:273.000)-(t:5.777-v:272.000)-(t:5.795-v:271.000)-(t:5.817-v:270.000)-(t:5.835-v:269.000)-(t:5.857-v:267.000)-(t:5.874-v:266.000)-(t:5.895-v:263.000)-(t:5.915-v:260.000)-(t:5.937-v:259.000)-(t:5.957-v:258.000)-(t:5.977-v:257.000)-(t:5.998-v:255.000)-(t:6.018-v:253.000)-(t:6.042-v:252.000)-(t:6.072-v:251.000)-(t:6.095-v:249.000)-(t:6.117-v:246.000)-(t:6.138-v:245.000)-(t:6.164-v:244.000)-(t:6.185-v:241.000)-(t:6.208-v:237.000)-(t:6.233-v:236.000)-(t:6.255-v:234.000)-(t:6.279-v:233.000)-(t:6.299-v:231.000)-(t:6.321-v:230.000)-(t:6.346-v:229.000)-(t:6.367-v:228.000)-(t:6.387-v:226.000)-(t:6.407-v:224.000)-(t:6.426-v:222.000)-(t:6.448-v:221.000)-(t:6.467-v:219.000)-(t:6.490-v:218.000)-(t:6.513-v:217.000)-(t:6.533-v:216.000)-(t:6.553-v:215.000)-(t:6.577-v:214.000)-(t:6.594-v:212.000)-(t:6.623-v:211.000)-(t:6.653-v:210.000)-(t:6.673-v:209.000)-(t:6.692-v:208.000)-(t:6.713-v:206.000)-(t:6.735-v:205.000)-(t:6.761-v:204.000)-(t:6.787-v:202.000)-(t:6.810-v:201.000)-(t:6.834-v:200.000)-(t:6.857-v:199.000)-(t:6.878-v:198.000)-(t:6.900-v:197.000)-(t:6.919-v:196.000)-(t:6.944-v:194.000)-(t:6.979-v:192.000)-(t:7.014-v:191.000)-(t:7.034-v:190.000)-(t:7.056-v:188.000)-(t:7.075-v:186.000)-(t:7.093-v:185.000)-(t:7.113-v:183.000)-(t:7.132-v:182.000)-(t:7.151-v:181.000)-(t:7.170-v:179.000)-(t:7.191-v:177.000)-(t:7.210-v:176.000)-(t:7.233-v:175.000)-(t:7.252-v:174.000)-(t:7.271-v:173.000)-(t:7.292-v:172.000)-(t:7.311-v:171.000)-(t:7.331-v:170.000)-(t:7.351-v:169.000)-(t:7.376-v:168.000)-(t:7.400-v:166.000)-(t:7.424-v:165.000)-(t:7.449-v:164.000)-(t:7.472-v:163.000)-(t:7.490-v:162.000)-(t:7.510-v:157.000)-(t:7.528-v:156.000)-(t:7.551-v:155.000)-(t:7.569-v:154.000)-(t:7.587-v:152.000)-(t:7.606-v:151.000)-(t:7.628-v:150.000)-(t:7.648-v:148.000)-(t:7.673-v:147.000)-(t:7.691-v:146.000)-(t:7.711-v:143.000)-(t:7.734-v:141.000)-(t:7.754-v:140.000)-(t:7.779-v:139.000)-(t:7.801-v:137.000)-(t:7.821-v:135.000)-(t:7.850-v:134.000)-(t:7.875-v:133.000)-(t:7.893-v:132.000)-(t:7.984-v:131.000)-(t:8.004-v:128.000)-(t:8.023-v:127.000)-(t:8.050-v:126.000)-(t:8.074-v:125.000)-(t:8.095-v:123.000)-(t:8.122-v:121.000)-(t:8.146-v:120.000)-(t:8.168-v:119.000)-(t:8.187-v:118.000)-(t:8.206-v:116.000)-(t:8.228-v:115.000)-(t:8.250-v:112.000)-(t:8.270-v:111.000)-(t:8.289-v:109.000)-(t:8.371-v:108.000)-(t:8.389-v:107.000)-(t:8.409-v:106.000)-(t:8.429-v:104.000)-(t:8.480-v:102.000)-(t:8.508-v:101.000)-(t:8.540-v:100.000)-(t:8.579-v:99.000)-(t:8.610-v:97.000)-(t:8.639-v:96.000)-(t:8.660-v:95.000)-(t:8.682-v:94.000)-(t:8.704-v:93.000)-(t:8.724-v:91.000)-(t:8.744-v:89.000)-(t:8.767-v:88.000)-(t:8.786-v:86.000)-(t:8.805-v:85.000)-(t:8.824-v:84.000)-(t:8.843-v:83.000)-(t:8.863-v:82.000)-(t:8.880-v:81.000)-(t:8.899-v:79.000)-(t:8.917-v:78.000)-(t:8.934-v:77.000)-(t:8.952-v:74.000)-(t:8.973-v:73.000)-(t:8.989-v:72.000)-(t:9.017-v:71.000)-(t:9.052-v:70.000)-(t:9.080-v:68.000)-(t:9.101-v:67.000)-(t:9.128-v:66.000)-(t:9.191-v:65.000)-(t:9.238-v:63.000)-(t:9.282-v:62.000)-(t:9.306-v:60.000)-(t:9.331-v:59.000)-(t:9.384-v:58.000)-(t:9.426-v:57.000)-(t:9.450-v:56.000)-(t:9.537-v:55.000)-(t:9.561-v:53.000)-(t:9.657-v:52.000)-(t:9.675-v:51.000)-(t:9.709-v:49.000)-(t:9.730-v:48.000)-(t:9.848-v:47.000)-(t:9.876-v:46.000)-(t:9.907-v:45.000)-(t:9.964-v:44.000)-(t:9.983-v:43.000)-(t:10.009-v:42.000)-(t:10.069-v:41.000)-(t:10.112-v:40.000)-(t:10.355-v:39.000)-(t:10.381-v:38.000)-(t:10.408-v:37.000)-(t:10.437-v:36.000)-(t:10.468-v:35.000)-(t:10.507-v:34.000)-(t:10.686-v:33.000)-(t:10.739-v:32.000)-(t:10.769-v:31.000)-(t:10.826-v:30.000)-(t:10.991-v:29.000)-(t:11.208-v:28.000)-(t:11.239-v:27.000)-(t:11.271-v:26.000)-(t:11.320-v:25.000)-(t:11.350-v:24.000)-(t:11.399-v:23.000)-(t:11.722-v:22.000)-(t:11.748-v:21.000)-(t:11.777-v:20.000)-(t:11.821-v:19.000)-(t:12.203-v:18.000)-(t:12.229-v:17.000)-(t:12.282-v:16.000)-(t:12.313-v:15.000)-(t:12.344-v:14.000)-(t:12.407-v:12.000)-(t:12.450-v:11.000)-(t:12.543-v:10.000)-(t:12.737-v:9.000)-(t:12.839-v:8.000)-(t:12.884-v:7.000)-(t:12.925-v:6.000)-(t:13.136-v:5.000)-(t:14.747-v:4.000)-(t:14.788-v:3.000)-(t:14.819-v:2.000)-(t:14.966-v:1.000)-(t:15.459-v:0.000)],15.459
examples/csp/csp_100/4-72.txt,dqn,r1,300,1.0,[(t:4.301-v:113.000)-(t:4.316-v:109.000)-(t:4.324-v:105.000)-(t:4.342-v:102.000)-(t:4.351-v:101.000)-(t:4.362-v:98.000)-(t:4.373-v:95.000)-(t:4.381-v:91.000)-(t:4.389-v:90.000)-(t:4.399-v:87.000)-(t:4.406-v:81.000)-(t:4.418-v:80.000)-(t:4.425-v:79.000)-(t:4.431-v:78.000)-(t:4.439-v:76.000)-(t:4.446-v:75.000)-(t:4.451-v:74.000)-(t:4.462-v:73.000)-(t:4.468-v:72.000)-(t:4.474-v:70.000)-(t:4.481-v:68.000)-(t:4.486-v:66.000)-(t:4.494-v:63.000)-(t:4.510-v:62.000)-(t:4.517-v:61.000)-(t:4.526-v:60.000)-(t:4.533-v:59.000)-(t:4.539-v:58.000)-(t:4.544-v:57.000)-(t:4.549-v:56.000)-(t:4.557-v:55.000)-(t:4.562-v:54.000)-(t:4.574-v:53.000)-(t:4.583-v:52.000)-(t:4.589-v:51.000)-(t:4.597-v:50.000)-(t:4.604-v:49.000)-(t:4.612-v:48.000)-(t:4.618-v:47.000)-(t:4.625-v:46.000)-(t:4.636-v:45.000)-(t:4.641-v:44.000)-(t:4.650-v:43.000)-(t:4.662-v:42.000)-(t:4.668-v:41.000)-(t:4.673-v:40.000)-(t:4.690-v:39.000)-(t:4.697-v:38.000)-(t:4.707-v:37.000)-(t:4.716-v:36.000)-(t:4.721-v:35.000)-(t:4.728-v:34.000)-(t:4.739-v:33.000)-(t:4.748-v:32.000)-(t:4.754-v:31.000)-(t:4.778-v:30.000)-(t:4.787-v:29.000)-(t:4.796-v:27.000)-(t:4.801-v:26.000)-(t:4.828-v:24.000)-(t:4.861-v:23.000)-(t:4.893-v:22.000)-(t:4.907-v:21.000)-(t:4.922-v:20.000)-(t:4.938-v:19.000)-(t:4.973-v:18.000)-(t:4.988-v:17.000)-(t:5.001-v:16.000)-(t:5.081-v:15.000)-(t:5.107-v:14.000)-(t:5.135-v:13.000)-(t:5.149-v:12.000)-(t:5.167-v:11.000)-(t:5.191-v:10.000)-(t:5.232-v:9.000)-(t:5.264-v:8.000)-(t:6.633-v:7.000)-(t:6.703-v:6.000)-(t:6.784-v:5.000)-(t:7.696-v:4.000)-(t:9.999-v:3.000)-(t:27.737-v:2.000)-(t:29.604-v:1.000)],300.0
examples/csp/csp_100/6-76.txt,dqn,r1,300,6.0,[(t:4.028-v:101.000)-(t:4.042-v:93.000)-(t:4.060-v:92.000)-(t:4.080-v:90.000)-(t:4.086-v:89.000)-(t:4.097-v:85.000)-(t:4.103-v:80.000)-(t:4.109-v:78.000)-(t:4.114-v:77.000)-(t:4.122-v:76.000)-(t:4.127-v:74.000)-(t:4.131-v:73.000)-(t:4.135-v:72.000)-(t:4.140-v:71.000)-(t:4.151-v:68.000)-(t:4.161-v:66.000)-(t:4.166-v:65.000)-(t:4.178-v:64.000)-(t:4.185-v:63.000)-(t:4.192-v:61.000)-(t:4.196-v:60.000)-(t:4.202-v:59.000)-(t:4.208-v:57.000)-(t:4.218-v:56.000)-(t:4.225-v:55.000)-(t:4.232-v:53.000)-(t:4.237-v:52.000)-(t:4.242-v:51.000)-(t:4.245-v:50.000)-(t:4.251-v:49.000)-(t:4.256-v:48.000)-(t:4.260-v:47.000)-(t:4.266-v:46.000)-(t:4.272-v:44.000)-(t:4.278-v:42.000)-(t:4.283-v:41.000)-(t:4.289-v:40.000)-(t:4.294-v:39.000)-(t:4.300-v:38.000)-(t:4.308-v:36.000)-(t:4.313-v:35.000)-(t:4.319-v:34.000)-(t:4.330-v:33.000)-(t:4.345-v:32.000)-(t:4.349-v:31.000)-(t:4.355-v:30.000)-(t:4.361-v:29.000)-(t:4.366-v:28.000)-(t:4.387-v:27.000)-(t:4.394-v:26.000)-(t:4.406-v:25.000)-(t:4.416-v:24.000)-(t:4.420-v:23.000)-(t:4.431-v:22.000)-(t:4.438-v:21.000)-(t:4.444-v:20.000)-(t:4.451-v:19.000)-(t:4.455-v:18.000)-(t:4.466-v:17.000)-(t:4.519-v:16.000)-(t:4.531-v:15.000)-(t:4.548-v:14.000)-(t:4.567-v:13.000)-(t:4.607-v:12.000)-(t:4.646-v:11.000)-(t:4.681-v:10.000)-(t:4.879-v:9.000)-(t:4.945-v:8.000)-(t:5.340-v:7.000)-(t:5.458-v:6.000)],4.739
examples/csp/csp_100/carseq_100_8_20_64.txt,dqn,r1,300,1.0,[(t:5.240-v:127.000)-(t:5.257-v:124.000)-(t:5.264-v:121.000)-(t:5.269-v:119.000)-(t:5.278-v:117.000)-(t:5.289-v:116.000)-(t:5.296-v:115.000)-(t:5.304-v:113.000)-(t:5.311-v:110.000)-(t:5.319-v:109.000)-(t:5.325-v:106.000)-(t:5.329-v:105.000)-(t:5.334-v:104.000)-(t:5.339-v:103.000)-(t:5.343-v:100.000)-(t:5.351-v:99.000)-(t:5.357-v:98.000)-(t:5.368-v:96.000)-(t:5.373-v:95.000)-(t:5.378-v:91.000)-(t:5.382-v:90.000)-(t:5.386-v:89.000)-(t:5.391-v:88.000)-(t:5.401-v:87.000)-(t:5.408-v:86.000)-(t:5.416-v:85.000)-(t:5.421-v:84.000)-(t:5.427-v:83.000)-(t:5.437-v:81.000)-(t:5.446-v:80.000)-(t:5.453-v:79.000)-(t:5.460-v:78.000)-(t:5.473-v:76.000)-(t:5.481-v:75.000)-(t:5.495-v:74.000)-(t:5.502-v:67.000)-(t:5.509-v:66.000)-(t:5.516-v:65.000)-(t:5.521-v:64.000)-(t:5.526-v:62.000)-(t:5.538-v:61.000)-(t:5.545-v:60.000)-(t:5.552-v:59.000)-(t:5.559-v:58.000)-(t:5.565-v:57.000)-(t:5.571-v:54.000)-(t:5.577-v:53.000)-(t:5.583-v:52.000)-(t:5.591-v:50.000)-(t:5.596-v:49.000)-(t:5.604-v:47.000)-(t:5.611-v:46.000)-(t:5.617-v:45.000)-(t:5.623-v:44.000)-(t:5.628-v:43.000)-(t:5.633-v:42.000)-(t:5.640-v:41.000)-(t:5.648-v:40.000)-(t:5.654-v:38.000)-(t:5.660-v:37.000)-(t:5.707-v:36.000)-(t:5.726-v:34.000)-(t:5.746-v:33.000)-(t:5.763-v:31.000)-(t:5.790-v:30.000)-(t:5.807-v:29.000)-(t:5.840-v:28.000)-(t:5.859-v:27.000)-(t:5.933-v:26.000)-(t:5.988-v:25.000)-(t:6.004-v:24.000)-(t:6.042-v:23.000)-(t:6.081-v:22.000)-(t:6.100-v:21.000)-(t:6.119-v:20.000)-(t:6.139-v:19.000)-(t:6.189-v:18.000)-(t:6.224-v:17.000)-(t:6.245-v:16.000)-(t:6.270-v:15.000)-(t:6.291-v:14.000)-(t:6.328-v:13.000)-(t:6.388-v:12.000)-(t:6.409-v:11.000)-(t:6.429-v:10.000)-(t:6.453-v:9.000)-(t:6.482-v:8.000)-(t:6.498-v:7.000)-(t:6.576-v:6.000)-(t:7.293-v:5.000)-(t:7.328-v:4.000)-(t:8.027-v:3.000)-(t:14.721-v:2.000)-(t:16.125-v:1.000)],300.0
examples/csp/csp_100/carseq_100_8_20_67.txt,dqn,r1,300,1.0,[(t:5.483-v:112.000)-(t:5.503-v:111.000)-(t:5.513-v:108.000)-(t:5.519-v:106.000)-(t:5.532-v:105.000)-(t:5.543-v:103.000)-(t:5.549-v:101.000)-(t:5.559-v:94.000)-(t:5.566-v:89.000)-(t:5.576-v:87.000)-(t:5.582-v:86.000)-(t:5.587-v:85.000)-(t:5.593-v:84.000)-(t:5.599-v:81.000)-(t:5.604-v:80.000)-(t:5.610-v:77.000)-(t:5.615-v:76.000)-(t:5.625-v:73.000)-(t:5.631-v:72.000)-(t:5.637-v:68.000)-(t:5.644-v:67.000)-(t:5.651-v:66.000)-(t:5.656-v:64.000)-(t:5.663-v:63.000)-(t:5.669-v:62.000)-(t:5.675-v:61.000)-(t:5.681-v:60.000)-(t:5.687-v:59.000)-(t:5.693-v:57.000)-(t:5.701-v:56.000)-(t:5.709-v:54.000)-(t:5.715-v:53.000)-(t:5.720-v:52.000)-(t:5.725-v:51.000)-(t:5.732-v:50.000)-(t:5.738-v:46.000)-(t:5.743-v:44.000)-(t:5.749-v:43.000)-(t:5.754-v:41.000)-(t:5.759-v:38.000)-(t:5.766-v:37.000)-(t:5.771-v:35.000)-(t:5.776-v:33.000)-(t:5.786-v:32.000)-(t:5.792-v:31.000)-(t:5.799-v:30.000)-(t:5.811-v:29.000)-(t:5.822-v:28.000)-(t:5.835-v:27.000)-(t:5.844-v:26.000)-(t:5.850-v:25.000)-(t:5.864-v:24.000)-(t:5.877-v:23.000)-(t:5.884-v:22.000)-(t:5.898-v:21.000)-(t:5.905-v:20.000)-(t:5.914-v:19.000)-(t:6.049-v:18.000)-(t:6.096-v:17.000)-(t:6.131-v:16.000)-(t:6.147-v:15.000)-(t:6.160-v:14.000)-(t:6.212-v:13.000)-(t:6.231-v:12.000)-(t:6.251-v:11.000)-(t:6.272-v:10.000)-(t:6.294-v:9.000)-(t:6.317-v:8.000)-(t:6.343-v:7.000)-(t:6.412-v:6.000)-(t:6.444-v:5.000)-(t:7.479-v:4.000)-(t:8.850-v:3.000)-(t:9.511-v:2.000)-(t:9.993-v:1.000)],300.0
examples/csp/csp_300/carseq_300_8_20_53.txt,dqn,r1,300,0.0,[(t:4.783-v:305.000)-(t:4.795-v:304.000)-(t:4.806-v:301.000)-(t:4.825-v:299.000)-(t:4.843-v:298.000)-(t:4.857-v:297.000)-(t:4.870-v:296.000)-(t:4.886-v:294.000)-(t:4.901-v:293.000)-(t:4.918-v:291.000)-(t:4.929-v:289.000)-(t:4.944-v:288.000)-(t:4.955-v:287.000)-(t:4.969-v:286.000)-(t:4.981-v:285.000)-(t:5.002-v:284.000)-(t:5.013-v:283.000)-(t:5.029-v:280.000)-(t:5.037-v:278.000)-(t:5.044-v:276.000)-(t:5.062-v:275.000)-(t:5.072-v:274.000)-(t:5.080-v:272.000)-(t:5.093-v:271.000)-(t:5.105-v:270.000)-(t:5.120-v:268.000)-(t:5.130-v:266.000)-(t:5.145-v:265.000)-(t:5.155-v:264.000)-(t:5.165-v:263.000)-(t:5.176-v:261.000)-(t:5.188-v:260.000)-(t:5.202-v:259.000)-(t:5.213-v:258.000)-(t:5.223-v:256.000)-(t:5.233-v:255.000)-(t:5.242-v:252.000)-(t:5.252-v:251.000)-(t:5.260-v:250.000)-(t:5.281-v:249.000)-(t:5.292-v:248.000)-(t:5.303-v:245.000)-(t:5.314-v:244.000)-(t:5.324-v:243.000)-(t:5.331-v:242.000)-(t:5.342-v:240.000)-(t:5.352-v:239.000)-(t:5.359-v:237.000)-(t:5.367-v:235.000)-(t:5.378-v:233.000)-(t:5.386-v:231.000)-(t:5.398-v:230.000)-(t:5.409-v:228.000)-(t:5.418-v:227.000)-(t:5.431-v:225.000)-(t:5.513-v:224.000)-(t:5.522-v:222.000)-(t:5.569-v:221.000)-(t:5.579-v:220.000)-(t:5.589-v:219.000)-(t:5.629-v:218.000)-(t:5.693-v:217.000)-(t:5.718-v:215.000)-(t:5.741-v:214.000)-(t:5.766-v:213.000)-(t:5.787-v:211.000)-(t:5.805-v:210.000)-(t:5.829-v:209.000)-(t:5.852-v:207.000)-(t:5.874-v:206.000)-(t:5.897-v:205.000)-(t:5.932-v:204.000)-(t:5.953-v:203.000)-(t:5.975-v:202.000)-(t:5.997-v:201.000)-(t:6.020-v:200.000)-(t:6.039-v:199.000)-(t:6.057-v:198.000)-(t:6.077-v:197.000)-(t:6.100-v:196.000)-(t:6.122-v:195.000)-(t:6.139-v:193.000)-(t:6.160-v:192.000)-(t:6.184-v:191.000)-(t:6.206-v:190.000)-(t:6.226-v:189.000)-(t:6.261-v:188.000)-(t:6.280-v:187.000)-(t:6.302-v:186.000)-(t:6.326-v:184.000)-(t:6.347-v:182.000)-(t:6.368-v:181.000)-(t:6.404-v:180.000)-(t:6.424-v:179.000)-(t:6.446-v:178.000)-(t:6.476-v:177.000)-(t:6.497-v:176.000)-(t:6.517-v:175.000)-(t:6.542-v:174.000)-(t:6.561-v:173.000)-(t:6.584-v:172.000)-(t:6.604-v:171.000)-(t:6.623-v:169.000)-(t:6.641-v:168.000)-(t:6.663-v:167.000)-(t:6.685-v:166.000)-(t:6.706-v:165.000)-(t:6.728-v:164.000)-(t:6.755-v:163.000)-(t:6.780-v:162.000)-(t:6.806-v:161.000)-(t:6.829-v:159.000)-(t:6.852-v:158.000)-(t:6.877-v:157.000)-(t:6.912-v:155.000)-(t:6.934-v:154.000)-(t:6.965-v:153.000)-(t:6.988-v:152.000)-(t:7.010-v:151.000)-(t:7.034-v:150.000)-(t:7.058-v:149.000)-(t:7.080-v:148.000)-(t:7.098-v:145.000)-(t:7.180-v:144.000)-(t:7.207-v:143.000)-(t:7.242-v:142.000)-(t:7.266-v:140.000)-(t:7.290-v:139.000)-(t:7.312-v:138.000)-(t:7.333-v:137.000)-(t:7.354-v:136.000)-(t:7.375-v:135.000)-(t:7.401-v:134.000)-(t:7.423-v:133.000)-(t:7.447-v:132.000)-(t:7.475-v:131.000)-(t:7.510-v:130.000)-(t:7.532-v:129.000)-(t:7.552-v:128.000)-(t:7.574-v:127.000)-(t:7.598-v:125.000)-(t:7.617-v:124.000)-(t:7.636-v:123.000)-(t:7.656-v:122.000)-(t:7.674-v:121.000)-(t:7.696-v:120.000)-(t:7.716-v:119.000)-(t:7.736-v:118.000)-(t:7.755-v:117.000)-(t:7.778-v:116.000)-(t:7.799-v:114.000)-(t:7.826-v:113.000)-(t:7.855-v:111.000)-(t:7.881-v:110.000)-(t:7.903-v:109.000)-(t:7.924-v:107.000)-(t:7.945-v:106.000)-(t:7.967-v:105.000)-(t:7.987-v:104.000)-(t:8.020-v:103.000)-(t:8.041-v:102.000)-(t:8.059-v:101.000)-(t:8.078-v:100.000)-(t:8.098-v:99.000)-(t:8.119-v:97.000)-(t:8.142-v:96.000)-(t:8.162-v:95.000)-(t:8.192-v:94.000)-(t:8.215-v:93.000)-(t:8.241-v:92.000)-(t:8.259-v:91.000)-(t:8.280-v:89.000)-(t:8.306-v:88.000)-(t:8.336-v:87.000)-(t:8.357-v:86.000)-(t:8.376-v:85.000)-(t:8.396-v:84.000)-(t:8.415-v:81.000)-(t:8.441-v:80.000)-(t:8.458-v:79.000)-(t:8.483-v:78.000)-(t:8.505-v:77.000)-(t:8.526-v:76.000)-(t:8.554-v:75.000)-(t:8.578-v:74.000)-(t:8.609-v:73.000)-(t:8.654-v:72.000)-(t:8.702-v:71.000)-(t:8.723-v:70.000)-(t:8.747-v:69.000)-(t:8.772-v:68.000)-(t:8.792-v:67.000)-(t:8.815-v:66.000)-(t:8.834-v:65.000)-(t:8.892-v:64.000)-(t:8.913-v:63.000)-(t:8.934-v:62.000)-(t:8.955-v:61.000)-(t:8.975-v:60.000)-(t:9.020-v:59.000)-(t:9.041-v:58.000)-(t:9.083-v:57.000)-(t:9.106-v:56.000)-(t:9.131-v:55.000)-(t:9.155-v:54.000)-(t:9.209-v:53.000)-(t:9.324-v:52.000)-(t:9.361-v:51.000)-(t:9.399-v:50.000)-(t:9.435-v:49.000)-(t:9.456-v:48.000)-(t:9.479-v:47.000)-(t:9.500-v:46.000)-(t:9.524-v:45.000)-(t:9.547-v:44.000)-(t:9.568-v:43.000)-(t:9.668-v:42.000)-(t:9.690-v:41.000)-(t:9.719-v:40.000)-(t:9.748-v:38.000)-(t:9.772-v:37.000)-(t:9.828-v:36.000)-(t:10.314-v:35.000)-(t:10.340-v:34.000)-(t:10.399-v:33.000)-(t:10.461-v:32.000)-(t:10.487-v:31.000)-(t:10.612-v:30.000)-(t:10.644-v:29.000)-(t:10.848-v:28.000)-(t:10.896-v:27.000)-(t:10.932-v:26.000)-(t:10.981-v:25.000)-(t:11.017-v:24.000)-(t:11.066-v:23.000)-(t:11.094-v:22.000)-(t:11.136-v:21.000)-(t:11.185-v:20.000)-(t:11.241-v:19.000)-(t:11.281-v:18.000)-(t:11.357-v:17.000)-(t:11.395-v:16.000)-(t:11.419-v:15.000)-(t:11.462-v:14.000)-(t:11.539-v:13.000)-(t:11.612-v:12.000)-(t:11.676-v:11.000)-(t:11.826-v:10.000)-(t:12.005-v:9.000)-(t:12.173-v:8.000)-(t:13.882-v:7.000)-(t:13.956-v:6.000)-(t:14.180-v:5.000)-(t:14.264-v:4.000)-(t:14.337-v:3.000)-(t:14.501-v:2.000)-(t:23.483-v:1.000)-(t:25.732-v:0.000)],25.732
examples/csp/csp_100/carseq_100_8_20_81.txt,dqn,r1,300,1.0,[(t:5.237-v:113.000)-(t:5.252-v:108.000)-(t:5.261-v:107.000)-(t:5.278-v:106.000)-(t:5.289-v:103.000)-(t:5.301-v:101.000)-(t:5.307-v:100.000)-(t:5.315-v:96.000)-(t:5.321-v:95.000)-(t:5.327-v:93.000)-(t:5.331-v:91.000)-(t:5.335-v:90.000)-(t:5.340-v:88.000)-(t:5.345-v:87.000)-(t:5.350-v:81.000)-(t:5.356-v:77.000)-(t:5.362-v:75.000)-(t:5.370-v:74.000)-(t:5.380-v:71.000)-(t:5.386-v:70.000)-(t:5.392-v:69.000)-(t:5.398-v:68.000)-(t:5.404-v:67.000)-(t:5.414-v:66.000)-(t:5.421-v:64.000)-(t:5.428-v:63.000)-(t:5.435-v:61.000)-(t:5.444-v:60.000)-(t:5.447-v:59.000)-(t:5.456-v:58.000)-(t:5.464-v:57.000)-(t:5.471-v:56.000)-(t:5.480-v:55.000)-(t:5.487-v:54.000)-(t:5.491-v:53.000)-(t:5.497-v:52.000)-(t:5.509-v:50.000)-(t:5.516-v:49.000)-(t:5.522-v:47.000)-(t:5.527-v:46.000)-(t:5.533-v:45.000)-(t:5.539-v:44.000)-(t:5.546-v:43.000)-(t:5.551-v:42.000)-(t:5.555-v:41.000)-(t:5.559-v:40.000)-(t:5.563-v:38.000)-(t:5.567-v:37.000)-(t:5.572-v:36.000)-(t:5.578-v:35.000)-(t:5.582-v:34.000)-(t:5.589-v:32.000)-(t:5.597-v:30.000)-(t:5.604-v:29.000)-(t:5.613-v:28.000)-(t:5.620-v:27.000)-(t:5.627-v:25.000)-(t:5.636-v:23.000)-(t:5.652-v:22.000)-(t:5.715-v:21.000)-(t:5.763-v:20.000)-(t:5.779-v:18.000)-(t:5.858-v:17.000)-(t:5.874-v:16.000)-(t:5.896-v:15.000)-(t:5.931-v:14.000)-(t:5.946-v:13.000)-(t:5.959-v:12.000)-(t:6.002-v:11.000)-(t:6.016-v:10.000)-(t:6.093-v:9.000)-(t:6.127-v:8.000)-(t:6.160-v:7.000)-(t:6.194-v:6.000)-(t:6.272-v:5.000)-(t:6.774-v:4.000)-(t:7.198-v:3.000)-(t:7.233-v:2.000)-(t:8.987-v:1.000)],300.0
examples/csp/csp_300/carseq_300_8_20_62.txt,dqn,r1,300,0.0,[(t:4.994-v:341.000)-(t:5.008-v:340.000)-(t:5.022-v:337.000)-(t:5.040-v:336.000)-(t:5.053-v:333.000)-(t:5.066-v:331.000)-(t:5.076-v:329.000)-(t:5.088-v:325.000)-(t:5.097-v:322.000)-(t:5.110-v:320.000)-(t:5.119-v:317.000)-(t:5.128-v:314.000)-(t:5.139-v:313.000)-(t:5.151-v:311.000)-(t:5.161-v:310.000)-(t:5.182-v:309.000)-(t:5.194-v:306.000)-(t:5.208-v:304.000)-(t:5.219-v:303.000)-(t:5.227-v:301.000)-(t:5.236-v:300.000)-(t:5.245-v:298.000)-(t:5.254-v:294.000)-(t:5.267-v:293.000)-(t:5.276-v:291.000)-(t:5.286-v:289.000)-(t:5.295-v:288.000)-(t:5.308-v:287.000)-(t:5.321-v:282.000)-(t:5.333-v:281.000)-(t:5.345-v:280.000)-(t:5.359-v:278.000)-(t:5.374-v:277.000)-(t:5.382-v:275.000)-(t:5.391-v:274.000)-(t:5.404-v:271.000)-(t:5.416-v:269.000)-(t:5.429-v:267.000)-(t:5.439-v:266.000)-(t:5.451-v:264.000)-(t:5.462-v:263.000)-(t:5.478-v:262.000)-(t:5.488-v:261.000)-(t:5.497-v:260.000)-(t:5.505-v:259.000)-(t:5.513-v:258.000)-(t:5.522-v:256.000)-(t:5.532-v:254.000)-(t:5.539-v:253.000)-(t:5.547-v:251.000)-(t:5.554-v:250.000)-(t:5.563-v:249.000)-(t:5.572-v:248.000)-(t:5.582-v:247.000)-(t:5.591-v:246.000)-(t:5.599-v:245.000)-(t:5.612-v:244.000)-(t:5.623-v:243.000)-(t:5.633-v:241.000)-(t:5.642-v:240.000)-(t:5.684-v:237.000)-(t:5.708-v:235.000)-(t:5.732-v:234.000)-(t:5.753-v:231.000)-(t:5.773-v:230.000)-(t:5.799-v:227.000)-(t:5.823-v:226.000)-(t:5.843-v:223.000)-(t:5.862-v:220.000)-(t:5.882-v:219.000)-(t:5.900-v:218.000)-(t:5.920-v:217.000)-(t:5.945-v:215.000)-(t:5.969-v:214.000)-(t:5.990-v:212.000)-(t:6.011-v:211.000)-(t:6.031-v:210.000)-(t:6.061-v:208.000)-(t:6.080-v:207.000)-(t:6.103-v:206.000)-(t:6.121-v:205.000)-(t:6.139-v:204.000)-(t:6.160-v:203.000)-(t:6.179-v:202.000)-(t:6.206-v:201.000)-(t:6.232-v:200.000)-(t:6.258-v:199.000)-(t:6.284-v:198.000)-(t:6.312-v:197.000)-(t:6.339-v:196.000)-(t:6.364-v:195.000)-(t:6.391-v:194.000)-(t:6.417-v:193.000)-(t:6.440-v:192.000)-(t:6.463-v:191.000)-(t:6.490-v:190.000)-(t:6.514-v:189.000)-(t:6.538-v:188.000)-(t:6.562-v:187.000)-(t:6.585-v:186.000)-(t:6.612-v:185.000)-(t:6.644-v:184.000)-(t:6.667-v:182.000)-(t:6.691-v:181.000)-(t:6.714-v:180.000)-(t:6.733-v:178.000)-(t:6.758-v:177.000)-(t:6.782-v:176.000)-(t:6.807-v:173.000)-(t:6.838-v:172.000)-(t:6.865-v:171.000)-(t:6.887-v:170.000)-(t:6.910-v:168.000)-(t:6.932-v:167.000)-(t:6.963-v:166.000)-(t:7.000-v:165.000)-(t:7.022-v:164.000)-(t:7.043-v:162.000)-(t:7.063-v:161.000)-(t:7.088-v:160.000)-(t:7.109-v:157.000)-(t:7.129-v:156.000)-(t:7.153-v:154.000)-(t:7.174-v:153.000)-(t:7.195-v:152.000)-(t:7.221-v:151.000)-(t:7.243-v:149.000)-(t:7.262-v:147.000)-(t:7.287-v:146.000)-(t:7.309-v:145.000)-(t:7.334-v:144.000)-(t:7.355-v:143.000)-(t:7.378-v:142.000)-(t:7.404-v:141.000)-(t:7.430-v:140.000)-(t:7.459-v:139.000)-(t:7.481-v:138.000)-(t:7.514-v:135.000)-(t:7.540-v:134.000)-(t:7.565-v:133.000)-(t:7.584-v:132.000)-(t:7.606-v:131.000)-(t:7.631-v:130.000)-(t:7.655-v:129.000)-(t:7.703-v:127.000)-(t:7.725-v:126.000)-(t:7.750-v:125.000)-(t:7.774-v:124.000)-(t:7.794-v:123.000)-(t:7.812-v:122.000)-(t:7.831-v:121.000)-(t:7.852-v:118.000)-(t:7.871-v:117.000)-(t:7.891-v:116.000)-(t:7.911-v:115.000)-(t:7.930-v:114.000)-(t:7.961-v:113.000)-(t:7.995-v:112.000)-(t:8.018-v:111.000)-(t:8.039-v:109.000)-(t:8.064-v:108.000)-(t:8.089-v:106.000)-(t:8.111-v:105.000)-(t:8.131-v:104.000)-(t:8.151-v:103.000)-(t:8.176-v:102.000)-(t:8.196-v:101.000)-(t:8.219-v:100.000)-(t:8.238-v:99.000)-(t:8.263-v:98.000)-(t:8.284-v:97.000)-(t:8.302-v:96.000)-(t:8.325-v:95.000)-(t:8.346-v:94.000)-(t:8.371-v:92.000)-(t:8.392-v:91.000)-(t:8.423-v:90.000)-(t:8.584-v:89.000)-(t:8.610-v:88.000)-(t:8.743-v:87.000)-(t:8.769-v:86.000)-(t:8.794-v:85.000)-(t:8.821-v:84.000)-(t:8.846-v:83.000)-(t:8.870-v:82.000)-(t:9.029-v:81.000)-(t:9.061-v:79.000)-(t:9.090-v:78.000)-(t:9.114-v:77.000)-(t:9.138-v:76.000)-(t:9.164-v:75.000)-(t:9.196-v:74.000)-(t:9.233-v:73.000)-(t:9.256-v:72.000)-(t:9.282-v:71.000)-(t:9.308-v:70.000)-(t:9.331-v:69.000)-(t:9.363-v:68.000)-(t:9.421-v:67.000)-(t:9.446-v:66.000)-(t:9.473-v:65.000)-(t:9.497-v:64.000)-(t:9.530-v:63.000)-(t:9.553-v:62.000)-(t:9.578-v:60.000)-(t:9.605-v:59.000)-(t:9.643-v:58.000)-(t:9.668-v:57.000)-(t:9.823-v:55.000)-(t:10.003-v:54.000)-(t:10.135-v:53.000)-(t:10.298-v:52.000)-(t:10.370-v:51.000)-(t:10.589-v:50.000)-(t:10.847-v:49.000)-(t:11.097-v:48.000)-(t:11.135-v:47.000)-(t:11.197-v:46.000)-(t:11.230-v:45.000)-(t:11.311-v:44.000)-(t:11.437-v:43.000)-(t:11.824-v:42.000)-(t:11.861-v:41.000)-(t:12.220-v:40.000)-(t:12.289-v:39.000)-(t:12.320-v:38.000)-(t:12.368-v:36.000)-(t:12.499-v:35.000)-(t:12.920-v:34.000)-(t:13.468-v:32.000)-(t:13.505-v:31.000)-(t:13.527-v:30.000)-(t:13.550-v:29.000)-(t:13.579-v:28.000)-(t:13.621-v:27.000)-(t:13.648-v:26.000)-(t:13.674-v:25.000)-(t:13.725-v:24.000)-(t:13.773-v:23.000)-(t:13.812-v:22.000)-(t:13.843-v:21.000)-(t:13.904-v:20.000)-(t:13.931-v:19.000)-(t:13.975-v:18.000)-(t:14.036-v:17.000)-(t:14.062-v:16.000)-(t:14.100-v:15.000)-(t:14.153-v:13.000)-(t:14.244-v:12.000)-(t:14.350-v:11.000)-(t:14.435-v:10.000)-(t:14.603-v:9.000)-(t:16.943-v:8.000)-(t:17.146-v:7.000)-(t:17.182-v:6.000)-(t:17.225-v:5.000)-(t:17.293-v:4.000)-(t:17.341-v:3.000)-(t:17.393-v:2.000)-(t:17.441-v:1.000)-(t:17.503-v:0.000)],17.503
examples/csp/csp_300/carseq_300_8_20_47.txt,dqn,r1,300,0.0,[(t:4.537-v:318.000)-(t:4.549-v:316.000)-(t:4.562-v:315.000)-(t:4.582-v:314.000)-(t:4.597-v:312.000)-(t:4.613-v:311.000)-(t:4.625-v:310.000)-(t:4.637-v:306.000)-(t:4.646-v:305.000)-(t:4.663-v:304.000)-(t:4.672-v:303.000)-(t:4.684-v:301.000)-(t:4.693-v:298.000)-(t:4.702-v:297.000)-(t:4.709-v:296.000)-(t:4.727-v:294.000)-(t:4.739-v:293.000)-(t:4.754-v:290.000)-(t:4.768-v:289.000)-(t:4.787-v:287.000)-(t:4.799-v:286.000)-(t:4.809-v:285.000)-(t:4.818-v:284.000)-(t:4.828-v:283.000)-(t:4.840-v:281.000)-(t:4.850-v:278.000)-(t:4.863-v:277.000)-(t:4.874-v:276.000)-(t:4.885-v:275.000)-(t:4.894-v:273.000)-(t:4.907-v:270.000)-(t:4.920-v:269.000)-(t:4.934-v:268.000)-(t:4.944-v:266.000)-(t:4.968-v:265.000)-(t:4.977-v:263.000)-(t:4.987-v:262.000)-(t:4.996-v:260.000)-(t:5.006-v:259.000)-(t:5.017-v:258.000)-(t:5.032-v:256.000)-(t:5.046-v:253.000)-(t:5.064-v:252.000)-(t:5.077-v:251.000)-(t:5.087-v:249.000)-(t:5.096-v:248.000)-(t:5.103-v:247.000)-(t:5.113-v:246.000)-(t:5.119-v:245.000)-(t:5.126-v:244.000)-(t:5.134-v:243.000)-(t:5.143-v:242.000)-(t:5.150-v:240.000)-(t:5.158-v:239.000)-(t:5.165-v:238.000)-(t:5.174-v:237.000)-(t:5.181-v:236.000)-(t:5.192-v:235.000)-(t:5.201-v:234.000)-(t:5.211-v:233.000)-(t:5.255-v:232.000)-(t:5.279-v:231.000)-(t:5.303-v:229.000)-(t:5.324-v:228.000)-(t:5.346-v:227.000)-(t:5.366-v:226.000)-(t:5.389-v:225.000)-(t:5.409-v:223.000)-(t:5.429-v:221.000)-(t:5.453-v:220.000)-(t:5.476-v:219.000)-(t:5.500-v:218.000)-(t:5.525-v:216.000)-(t:5.546-v:215.000)-(t:5.565-v:214.000)-(t:5.589-v:212.000)-(t:5.608-v:211.000)-(t:5.627-v:210.000)-(t:5.649-v:207.000)-(t:5.672-v:206.000)-(t:5.697-v:205.000)-(t:5.715-v:203.000)-(t:5.742-v:202.000)-(t:5.765-v:200.000)-(t:5.783-v:199.000)-(t:5.809-v:197.000)-(t:5.836-v:196.000)-(t:5.856-v:195.000)-(t:5.877-v:194.000)-(t:5.899-v:193.000)-(t:5.919-v:192.000)-(t:5.943-v:191.000)-(t:5.968-v:190.000)-(t:5.991-v:189.000)-(t:6.013-v:188.000)-(t:6.040-v:187.000)-(t:6.064-v:186.000)-(t:6.085-v:185.000)-(t:6.107-v:184.000)-(t:6.131-v:183.000)-(t:6.154-v:182.000)-(t:6.175-v:181.000)-(t:6.200-v:180.000)-(t:6.221-v:179.000)-(t:6.243-v:175.000)-(t:6.265-v:174.000)-(t:6.293-v:172.000)-(t:6.319-v:171.000)-(t:6.343-v:168.000)-(t:6.382-v:167.000)-(t:6.406-v:165.000)-(t:6.432-v:164.000)-(t:6.466-v:163.000)-(t:6.486-v:162.000)-(t:6.510-v:161.000)-(t:6.548-v:160.000)-(t:6.591-v:159.000)-(t:6.621-v:158.000)-(t:6.651-v:157.000)-(t:6.668-v:156.000)-(t:6.701-v:155.000)-(t:6.725-v:153.000)-(t:6.750-v:152.000)-(t:6.774-v:151.000)-(t:6.805-v:150.000)-(t:6.827-v:149.000)-(t:6.846-v:147.000)-(t:6.871-v:146.000)-(t:6.906-v:145.000)-(t:6.929-v:144.000)-(t:6.947-v:143.000)-(t:6.965-v:142.000)-(t:6.983-v:141.000)-(t:7.001-v:140.000)-(t:7.021-v:139.000)-(t:7.053-v:138.000)-(t:7.087-v:137.000)-(t:7.106-v:136.000)-(t:7.128-v:135.000)-(t:7.150-v:134.000)-(t:7.173-v:133.000)-(t:7.199-v:132.000)-(t:7.230-v:131.000)-(t:7.250-v:130.000)-(t:7.270-v:129.000)-(t:7.292-v:128.000)-(t:7.315-v:126.000)-(t:7.341-v:125.000)-(t:7.372-v:124.000)-(t:7.396-v:123.000)-(t:7.419-v:122.000)-(t:7.451-v:121.000)-(t:7.473-v:120.000)-(t:7.494-v:119.000)-(t:7.515-v:118.000)-(t:7.537-v:117.000)-(t:7.571-v:116.000)-(t:7.593-v:115.000)-(t:7.617-v:114.000)-(t:7.645-v:113.000)-(t:7.670-v:112.000)-(t:7.694-v:111.000)-(t:7.721-v:109.000)-(t:7.770-v:108.000)-(t:7.792-v:106.000)-(t:7.816-v:105.000)-(t:7.860-v:104.000)-(t:7.882-v:103.000)-(t:7.914-v:102.000)-(t:7.937-v:101.000)-(t:7.973-v:99.000)-(t:7.998-v:98.000)-(t:8.093-v:97.000)-(t:8.115-v:96.000)-(t:8.165-v:95.000)-(t:8.191-v:94.000)-(t:8.215-v:93.000)-(t:8.245-v:91.000)-(t:8.319-v:90.000)-(t:8.344-v:89.000)-(t:8.372-v:88.000)-(t:8.399-v:87.000)-(t:8.423-v:86.000)-(t:8.451-v:85.000)-(t:8.472-v:84.000)-(t:8.492-v:83.000)-(t:8.517-v:82.000)-(t:8.547-v:81.000)-(t:8.574-v:80.000)-(t:8.611-v:79.000)-(t:8.635-v:78.000)-(t:8.654-v:77.000)-(t:8.682-v:76.000)-(t:8.764-v:75.000)-(t:8.794-v:74.000)-(t:8.819-v:73.000)-(t:8.846-v:72.000)-(t:8.915-v:71.000)-(t:8.942-v:70.000)-(t:8.970-v:69.000)-(t:8.996-v:68.000)-(t:9.020-v:67.000)-(t:9.039-v:66.000)-(t:9.093-v:65.000)-(t:9.134-v:64.000)-(t:9.161-v:63.000)-(t:9.266-v:62.000)-(t:9.377-v:61.000)-(t:9.558-v:60.000)-(t:9.750-v:59.000)-(t:9.773-v:58.000)-(t:9.815-v:57.000)-(t:10.071-v:56.000)-(t:10.100-v:55.000)-(t:10.149-v:54.000)-(t:10.194-v:53.000)-(t:10.281-v:52.000)-(t:10.338-v:51.000)-(t:10.370-v:50.000)-(t:10.605-v:49.000)-(t:10.672-v:48.000)-(t:11.172-v:47.000)-(t:11.301-v:46.000)-(t:11.329-v:45.000)-(t:11.364-v:44.000)-(t:11.405-v:43.000)-(t:11.441-v:42.000)-(t:11.478-v:41.000)-(t:11.511-v:40.000)-(t:11.537-v:39.000)-(t:11.566-v:38.000)-(t:11.598-v:37.000)-(t:11.636-v:36.000)-(t:11.678-v:35.000)-(t:11.829-v:34.000)-(t:11.855-v:33.000)-(t:11.884-v:32.000)-(t:11.985-v:31.000)-(t:12.192-v:30.000)-(t:12.241-v:29.000)-(t:12.261-v:28.000)-(t:12.310-v:27.000)-(t:12.378-v:26.000)-(t:12.426-v:25.000)-(t:12.476-v:24.000)-(t:12.536-v:23.000)-(t:12.591-v:22.000)-(t:12.653-v:21.000)-(t:12.733-v:20.000)-(t:12.793-v:19.000)-(t:12.857-v:18.000)-(t:12.970-v:17.000)-(t:13.032-v:16.000)-(t:13.126-v:15.000)-(t:13.149-v:14.000)-(t:13.296-v:13.000)-(t:14.207-v:12.000)-(t:14.711-v:11.000)-(t:14.801-v:10.000)-(t:14.914-v:9.000)-(t:15.443-v:8.000)-(t:16.652-v:7.000)-(t:19.417-v:6.000)-(t:23.844-v:5.000)-(t:23.891-v:4.000)-(t:25.689-v:3.000)-(t:25.850-v:2.000)-(t:29.171-v:1.000)-(t:85.766-v:0.000)],85.766
examples/csp/csp_100/carseq_100_8_20_82.txt,dqn,r1,300,1.0,[(t:5.089-v:167.000)-(t:5.099-v:159.000)-(t:5.105-v:157.000)-(t:5.120-v:155.000)-(t:5.131-v:153.000)-(t:5.141-v:152.000)-(t:5.146-v:151.000)-(t:5.152-v:150.000)-(t:5.156-v:149.000)-(t:5.162-v:148.000)-(t:5.169-v:147.000)-(t:5.174-v:146.000)-(t:5.182-v:145.000)-(t:5.190-v:142.000)-(t:5.197-v:141.000)-(t:5.204-v:140.000)-(t:5.209-v:139.000)-(t:5.215-v:136.000)-(t:5.221-v:135.000)-(t:5.228-v:130.000)-(t:5.235-v:129.000)-(t:5.240-v:128.000)-(t:5.246-v:125.000)-(t:5.256-v:123.000)-(t:5.269-v:121.000)-(t:5.276-v:120.000)-(t:5.281-v:119.000)-(t:5.287-v:118.000)-(t:5.292-v:117.000)-(t:5.298-v:114.000)-(t:5.303-v:112.000)-(t:5.311-v:111.000)-(t:5.319-v:110.000)-(t:5.324-v:109.000)-(t:5.330-v:108.000)-(t:5.336-v:107.000)-(t:5.342-v:106.000)-(t:5.349-v:104.000)-(t:5.353-v:103.000)-(t:5.356-v:97.000)-(t:5.361-v:96.000)-(t:5.366-v:94.000)-(t:5.372-v:93.000)-(t:5.380-v:92.000)-(t:5.385-v:91.000)-(t:5.394-v:90.000)-(t:5.402-v:88.000)-(t:5.409-v:87.000)-(t:5.413-v:86.000)-(t:5.423-v:85.000)-(t:5.427-v:83.000)-(t:5.431-v:82.000)-(t:5.437-v:81.000)-(t:5.443-v:80.000)-(t:5.455-v:78.000)-(t:5.461-v:77.000)-(t:5.465-v:76.000)-(t:5.472-v:75.000)-(t:5.477-v:74.000)-(t:5.483-v:71.000)-(t:5.518-v:70.000)-(t:5.548-v:68.000)-(t:5.565-v:66.000)-(t:5.581-v:65.000)-(t:5.596-v:63.000)-(t:5.611-v:62.000)-(t:5.622-v:61.000)-(t:5.635-v:60.000)-(t:5.650-v:57.000)-(t:5.663-v:55.000)-(t:5.681-v:54.000)-(t:5.699-v:53.000)-(t:5.712-v:52.000)-(t:5.728-v:51.000)-(t:5.740-v:49.000)-(t:5.756-v:48.000)-(t:5.771-v:47.000)-(t:5.787-v:46.000)-(t:5.803-v:45.000)-(t:5.820-v:44.000)-(t:5.834-v:43.000)-(t:5.849-v:42.000)-(t:5.864-v:41.000)-(t:5.889-v:40.000)-(t:5.913-v:39.000)-(t:5.933-v:38.000)-(t:5.951-v:37.000)-(t:5.965-v:36.000)-(t:5.980-v:34.000)-(t:5.997-v:33.000)-(t:6.032-v:32.000)-(t:6.049-v:31.000)-(t:6.062-v:30.000)-(t:6.078-v:29.000)-(t:6.145-v:28.000)-(t:6.196-v:27.000)-(t:6.209-v:26.000)-(t:6.224-v:25.000)-(t:6.260-v:24.000)-(t:6.274-v:23.000)-(t:6.296-v:22.000)-(t:6.311-v:21.000)-(t:6.404-v:20.000)-(t:6.495-v:18.000)-(t:6.515-v:17.000)-(t:6.539-v:16.000)-(t:6.565-v:15.000)-(t:6.598-v:14.000)-(t:6.616-v:13.000)-(t:6.638-v:12.000)-(t:6.674-v:11.000)-(t:6.700-v:10.000)-(t:7.520-v:9.000)-(t:7.592-v:8.000)-(t:7.616-v:7.000)-(t:7.644-v:6.000)-(t:7.710-v:5.000)-(t:11.904-v:4.000)-(t:11.954-v:3.000)-(t:12.773-v:2.000)-(t:17.773-v:1.000)],300.0
examples/csp/csp_100/carseq_100_8_20_85.txt,dqn,r1,300,1.0,[(t:5.134-v:104.000)-(t:5.152-v:101.000)-(t:5.163-v:98.000)-(t:5.170-v:97.000)-(t:5.182-v:96.000)-(t:5.194-v:94.000)-(t:5.200-v:93.000)-(t:5.208-v:91.000)-(t:5.214-v:90.000)-(t:5.220-v:89.000)-(t:5.226-v:88.000)-(t:5.233-v:87.000)-(t:5.239-v:84.000)-(t:5.246-v:83.000)-(t:5.253-v:82.000)-(t:5.259-v:81.000)-(t:5.266-v:79.000)-(t:5.273-v:77.000)-(t:5.278-v:76.000)-(t:5.285-v:74.000)-(t:5.294-v:73.000)-(t:5.299-v:72.000)-(t:5.307-v:71.000)-(t:5.313-v:70.000)-(t:5.322-v:68.000)-(t:5.328-v:67.000)-(t:5.338-v:66.000)-(t:5.349-v:65.000)-(t:5.355-v:63.000)-(t:5.362-v:62.000)-(t:5.367-v:60.000)-(t:5.373-v:59.000)-(t:5.380-v:58.000)-(t:5.385-v:56.000)-(t:5.392-v:55.000)-(t:5.398-v:53.000)-(t:5.404-v:52.000)-(t:5.411-v:49.000)-(t:5.416-v:48.000)-(t:5.421-v:47.000)-(t:5.427-v:46.000)-(t:5.431-v:45.000)-(t:5.437-v:43.000)-(t:5.459-v:42.000)-(t:5.466-v:41.000)-(t:5.475-v:40.000)-(t:5.482-v:39.000)-(t:5.488-v:38.000)-(t:5.495-v:37.000)-(t:5.503-v:36.000)-(t:5.513-v:33.000)-(t:5.520-v:32.000)-(t:5.526-v:31.000)-(t:5.533-v:30.000)-(t:5.540-v:29.000)-(t:5.546-v:28.000)-(t:5.561-v:27.000)-(t:5.566-v:26.000)-(t:5.608-v:25.000)-(t:5.640-v:24.000)-(t:5.661-v:23.000)-(t:5.682-v:22.000)-(t:5.716-v:21.000)-(t:5.731-v:20.000)-(t:5.748-v:19.000)-(t:5.784-v:18.000)-(t:5.806-v:17.000)-(t:5.829-v:16.000)-(t:5.866-v:15.000)-(t:5.882-v:14.000)-(t:5.901-v:13.000)-(t:5.952-v:12.000)-(t:6.028-v:11.000)-(t:6.057-v:10.000)-(t:6.084-v:9.000)-(t:6.120-v:8.000)-(t:6.992-v:7.000)-(t:7.020-v:6.000)-(t:7.048-v:5.000)-(t:8.457-v:4.000)-(t:8.838-v:3.000)-(t:16.857-v:2.000)-(t:43.943-v:1.000)],300.0
examples/csp/csp_300/carseq_300_8_20_56.txt,dqn,r1,300,0.0,[(t:4.904-v:398.000)-(t:4.922-v:396.000)-(t:4.943-v:392.000)-(t:4.963-v:390.000)-(t:4.975-v:389.000)-(t:4.986-v:388.000)-(t:4.998-v:386.000)-(t:5.011-v:382.000)-(t:5.023-v:381.000)-(t:5.034-v:379.000)-(t:5.042-v:376.000)-(t:5.049-v:374.000)-(t:5.058-v:372.000)-(t:5.067-v:370.000)-(t:5.075-v:367.000)-(t:5.085-v:366.000)-(t:5.097-v:362.000)-(t:5.108-v:361.000)-(t:5.116-v:360.000)-(t:5.123-v:357.000)-(t:5.131-v:355.000)-(t:5.138-v:354.000)-(t:5.146-v:353.000)-(t:5.158-v:351.000)-(t:5.167-v:349.000)-(t:5.180-v:345.000)-(t:5.191-v:344.000)-(t:5.207-v:343.000)-(t:5.217-v:341.000)-(t:5.225-v:340.000)-(t:5.232-v:338.000)-(t:5.245-v:336.000)-(t:5.265-v:335.000)-(t:5.275-v:334.000)-(t:5.287-v:333.000)-(t:5.295-v:329.000)-(t:5.313-v:328.000)-(t:5.323-v:324.000)-(t:5.334-v:323.000)-(t:5.348-v:316.000)-(t:5.361-v:315.000)-(t:5.373-v:314.000)-(t:5.381-v:313.000)-(t:5.394-v:311.000)-(t:5.408-v:309.000)-(t:5.419-v:307.000)-(t:5.431-v:306.000)-(t:5.440-v:305.000)-(t:5.448-v:304.000)-(t:5.455-v:302.000)-(t:5.471-v:301.000)-(t:5.481-v:299.000)-(t:5.490-v:294.000)-(t:5.498-v:293.000)-(t:5.507-v:291.000)-(t:5.521-v:290.000)-(t:5.532-v:289.000)-(t:5.555-v:286.000)-(t:5.566-v:285.000)-(t:5.577-v:283.000)-(t:5.628-v:282.000)-(t:5.651-v:281.000)-(t:5.676-v:280.000)-(t:5.699-v:279.000)-(t:5.719-v:278.000)-(t:5.739-v:276.000)-(t:5.758-v:272.000)-(t:5.778-v:270.000)-(t:5.801-v:269.000)-(t:5.823-v:268.000)-(t:5.844-v:266.000)-(t:5.867-v:264.000)-(t:5.892-v:263.000)-(t:5.916-v:262.000)-(t:5.941-v:261.000)-(t:5.969-v:260.000)-(t:5.995-v:259.000)-(t:6.021-v:257.000)-(t:6.049-v:256.000)-(t:6.076-v:255.000)-(t:6.108-v:254.000)-(t:6.132-v:253.000)-(t:6.158-v:252.000)-(t:6.181-v:250.000)-(t:6.206-v:249.000)-(t:6.232-v:248.000)-(t:6.256-v:247.000)-(t:6.278-v:246.000)-(t:6.299-v:245.000)-(t:6.322-v:244.000)-(t:6.342-v:243.000)-(t:6.365-v:242.000)-(t:6.384-v:241.000)-(t:6.408-v:239.000)-(t:6.433-v:237.000)-(t:6.452-v:236.000)-(t:6.471-v:235.000)-(t:6.493-v:234.000)-(t:6.515-v:233.000)-(t:6.537-v:232.000)-(t:6.563-v:231.000)-(t:6.596-v:230.000)-(t:6.629-v:229.000)-(t:6.648-v:228.000)-(t:6.669-v:227.000)-(t:6.692-v:226.000)-(t:6.716-v:224.000)-(t:6.740-v:222.000)-(t:6.763-v:219.000)-(t:6.785-v:218.000)-(t:6.810-v:216.000)-(t:6.835-v:215.000)-(t:6.865-v:214.000)-(t:6.899-v:213.000)-(t:6.929-v:212.000)-(t:6.964-v:211.000)-(t:6.988-v:209.000)-(t:7.012-v:208.000)-(t:7.032-v:207.000)-(t:7.052-v:206.000)-(t:7.077-v:204.000)-(t:7.097-v:203.000)-(t:7.119-v:202.000)-(t:7.172-v:201.000)-(t:7.196-v:200.000)-(t:7.215-v:199.000)-(t:7.235-v:198.000)-(t:7.257-v:197.000)-(t:7.279-v:196.000)-(t:7.299-v:195.000)-(t:7.322-v:194.000)-(t:7.344-v:193.000)-(t:7.364-v:192.000)-(t:7.384-v:191.000)-(t:7.409-v:190.000)-(t:7.436-v:189.000)-(t:7.461-v:188.000)-(t:7.484-v:187.000)-(t:7.507-v:186.000)-(t:7.525-v:185.000)-(t:7.544-v:184.000)-(t:7.567-v:183.000)-(t:7.586-v:182.000)-(t:7.608-v:181.000)-(t:7.635-v:179.000)-(t:7.665-v:178.000)-(t:7.684-v:177.000)-(t:7.705-v:176.000)-(t:7.728-v:175.000)-(t:7.751-v:174.000)-(t:7.776-v:172.000)-(t:7.801-v:171.000)-(t:7.828-v:170.000)-(t:7.863-v:169.000)-(t:7.885-v:168.000)-(t:7.909-v:166.000)-(t:7.941-v:165.000)-(t:7.967-v:164.000)-(t:7.994-v:163.000)-(t:8.023-v:162.000)-(t:8.050-v:160.000)-(t:8.074-v:159.000)-(t:8.102-v:158.000)-(t:8.123-v:157.000)-(t:8.145-v:156.000)-(t:8.174-v:154.000)-(t:8.198-v:153.000)-(t:8.224-v:152.000)-(t:8.245-v:151.000)-(t:8.272-v:150.000)-(t:8.297-v:148.000)-(t:8.324-v:147.000)-(t:8.345-v:146.000)-(t:8.378-v:145.000)-(t:8.454-v:144.000)-(t:8.479-v:143.000)-(t:8.502-v:142.000)-(t:8.526-v:141.000)-(t:8.565-v:140.000)-(t:8.587-v:139.000)-(t:8.609-v:137.000)-(t:8.696-v:136.000)-(t:8.747-v:135.000)-(t:8.796-v:134.000)-(t:8.818-v:133.000)-(t:8.898-v:132.000)-(t:8.924-v:131.000)-(t:8.997-v:130.000)-(t:9.024-v:129.000)-(t:9.048-v:128.000)-(t:9.084-v:127.000)-(t:9.111-v:126.000)-(t:9.139-v:125.000)-(t:9.169-v:124.000)-(t:9.192-v:123.000)-(t:9.212-v:121.000)-(t:9.234-v:120.000)-(t:9.263-v:119.000)-(t:9.286-v:117.000)-(t:9.310-v:116.000)-(t:9.336-v:115.000)-(t:9.362-v:114.000)-(t:9.389-v:113.000)-(t:9.407-v:111.000)-(t:9.431-v:110.000)-(t:9.453-v:108.000)-(t:9.482-v:107.000)-(t:9.504-v:106.000)-(t:9.524-v:105.000)-(t:9.545-v:103.000)-(t:9.564-v:102.000)-(t:9.587-v:101.000)-(t:9.609-v:100.000)-(t:9.631-v:99.000)-(t:9.655-v:98.000)-(t:9.686-v:97.000)-(t:9.721-v:96.000)-(t:9.747-v:94.000)-(t:9.780-v:93.000)-(t:9.805-v:92.000)-(t:9.829-v:91.000)-(t:9.853-v:90.000)-(t:9.952-v:89.000)-(t:9.974-v:88.000)-(t:9.998-v:87.000)-(t:10.026-v:86.000)-(t:10.048-v:85.000)-(t:10.134-v:84.000)-(t:10.166-v:83.000)-(t:10.191-v:82.000)-(t:10.220-v:81.000)-(t:10.247-v:80.000)-(t:10.271-v:79.000)-(t:10.298-v:78.000)-(t:10.346-v:77.000)-(t:10.367-v:76.000)-(t:10.391-v:75.000)-(t:10.418-v:74.000)-(t:10.449-v:73.000)-(t:10.473-v:72.000)-(t:10.627-v:71.000)-(t:10.670-v:70.000)-(t:10.723-v:69.000)-(t:10.749-v:68.000)-(t:10.797-v:67.000)-(t:10.843-v:66.000)-(t:10.870-v:65.000)-(t:10.891-v:64.000)-(t:10.913-v:63.000)-(t:10.960-v:62.000)-(t:10.991-v:61.000)-(t:11.090-v:60.000)-(t:11.118-v:59.000)-(t:11.163-v:58.000)-(t:11.201-v:57.000)-(t:11.244-v:56.000)-(t:11.273-v:55.000)-(t:11.325-v:54.000)-(t:11.387-v:53.000)-(t:11.415-v:52.000)-(t:11.439-v:51.000)-(t:11.471-v:50.000)-(t:11.607-v:49.000)-(t:11.644-v:48.000)-(t:11.683-v:47.000)-(t:11.712-v:46.000)-(t:11.741-v:45.000)-(t:11.772-v:44.000)-(t:11.979-v:43.000)-(t:12.015-v:42.000)-(t:12.055-v:41.000)-(t:12.084-v:40.000)-(t:12.120-v:39.000)-(t:12.149-v:38.000)-(t:12.228-v:37.000)-(t:12.265-v:36.000)-(t:12.298-v:35.000)-(t:12.355-v:34.000)-(t:12.416-v:33.000)-(t:12.850-v:32.000)-(t:12.878-v:31.000)-(t:12.934-v:30.000)-(t:12.975-v:29.000)-(t:13.013-v:28.000)-(t:13.073-v:27.000)-(t:13.114-v:26.000)-(t:13.226-v:25.000)-(t:13.246-v:24.000)-(t:13.442-v:23.000)-(t:13.505-v:22.000)-(t:13.595-v:21.000)-(t:13.639-v:20.000)-(t:13.676-v:19.000)-(t:13.754-v:18.000)-(t:13.778-v:17.000)-(t:13.858-v:16.000)-(t:13.914-v:15.000)-(t:13.938-v:14.000)-(t:13.975-v:13.000)-(t:14.069-v:12.000)-(t:14.140-v:11.000)-(t:14.212-v:10.000)-(t:14.246-v:9.000)-(t:14.313-v:8.000)-(t:14.339-v:7.000)-(t:16.340-v:6.000)-(t:18.088-v:5.000)-(t:18.148-v:4.000)-(t:18.350-v:3.000)-(t:19.465-v:2.000)-(t:19.626-v:1.000)-(t:23.148-v:0.000)],23.148
examples/csp/csp_100/carseq_100_8_20_86.txt,dqn,r1,300,2.0,[(t:4.390-v:149.000)-(t:4.400-v:143.000)-(t:4.406-v:142.000)-(t:4.422-v:137.000)-(t:4.433-v:135.000)-(t:4.444-v:133.000)-(t:4.452-v:131.000)-(t:4.458-v:128.000)-(t:4.465-v:126.000)-(t:4.472-v:124.000)-(t:4.478-v:121.000)-(t:4.484-v:120.000)-(t:4.490-v:118.000)-(t:4.494-v:116.000)-(t:4.499-v:114.000)-(t:4.507-v:112.000)-(t:4.512-v:109.000)-(t:4.520-v:103.000)-(t:4.525-v:102.000)-(t:4.528-v:98.000)-(t:4.532-v:97.000)-(t:4.537-v:95.000)-(t:4.542-v:92.000)-(t:4.549-v:91.000)-(t:4.554-v:90.000)-(t:4.559-v:88.000)-(t:4.563-v:86.000)-(t:4.570-v:85.000)-(t:4.575-v:84.000)-(t:4.580-v:83.000)-(t:4.584-v:82.000)-(t:4.589-v:80.000)-(t:4.595-v:79.000)-(t:4.601-v:77.000)-(t:4.608-v:74.000)-(t:4.613-v:72.000)-(t:4.620-v:71.000)-(t:4.626-v:70.000)-(t:4.630-v:69.000)-(t:4.636-v:68.000)-(t:4.649-v:67.000)-(t:4.654-v:66.000)-(t:4.661-v:65.000)-(t:4.675-v:64.000)-(t:4.686-v:63.000)-(t:4.690-v:62.000)-(t:4.695-v:59.000)-(t:4.700-v:57.000)-(t:4.719-v:56.000)-(t:4.725-v:55.000)-(t:4.735-v:54.000)-(t:4.745-v:52.000)-(t:4.761-v:50.000)-(t:4.767-v:48.000)-(t:4.771-v:47.000)-(t:4.777-v:46.000)-(t:4.783-v:44.000)-(t:4.796-v:43.000)-(t:4.814-v:42.000)-(t:4.852-v:37.000)-(t:4.871-v:36.000)-(t:4.886-v:35.000)-(t:4.901-v:34.000)-(t:4.916-v:33.000)-(t:4.927-v:32.000)-(t:4.944-v:30.000)-(t:4.971-v:29.000)-(t:4.988-v:28.000)-(t:5.043-v:27.000)-(t:5.059-v:26.000)-(t:5.126-v:25.000)-(t:5.172-v:24.000)-(t:5.226-v:23.000)-(t:5.241-v:22.000)-(t:5.290-v:21.000)-(t:5.312-v:20.000)-(t:5.351-v:19.000)-(t:5.395-v:18.000)-(t:5.433-v:17.000)-(t:5.460-v:16.000)-(t:5.479-v:15.000)-(t:5.490-v:14.000)-(t:5.503-v:13.000)-(t:5.566-v:12.000)-(t:5.646-v:11.000)-(t:5.681-v:10.000)-(t:6.897-v:9.000)-(t:6.925-v:8.000)-(t:7.010-v:7.000)-(t:7.042-v:6.000)-(t:7.085-v:5.000)-(t:7.112-v:4.000)-(t:48.161-v:3.000)-(t:51.323-v:2.000)],300.0
examples/csp/csp_300/carseq_300_8_20_76.txt,dqn,r1,300,0.0,[(t:4.608-v:349.000)-(t:4.619-v:345.000)-(t:4.627-v:344.000)-(t:4.645-v:343.000)-(t:4.660-v:342.000)-(t:4.673-v:341.000)-(t:4.684-v:340.000)-(t:4.694-v:337.000)-(t:4.705-v:336.000)-(t:4.716-v:334.000)-(t:4.726-v:333.000)-(t:4.736-v:332.000)-(t:4.745-v:330.000)-(t:4.754-v:328.000)-(t:4.763-v:326.000)-(t:4.773-v:322.000)-(t:4.782-v:319.000)-(t:4.792-v:318.000)-(t:4.802-v:317.000)-(t:4.810-v:312.000)-(t:4.818-v:311.000)-(t:4.826-v:310.000)-(t:4.834-v:308.000)-(t:4.842-v:305.000)-(t:4.850-v:304.000)-(t:4.858-v:302.000)-(t:4.866-v:301.000)-(t:4.875-v:300.000)-(t:4.883-v:299.000)-(t:4.890-v:298.000)-(t:4.897-v:296.000)-(t:4.904-v:292.000)-(t:4.912-v:291.000)-(t:4.919-v:289.000)-(t:4.925-v:285.000)-(t:4.932-v:282.000)-(t:4.939-v:281.000)-(t:4.945-v:280.000)-(t:4.952-v:278.000)-(t:4.958-v:273.000)-(t:4.968-v:272.000)-(t:4.975-v:270.000)-(t:4.982-v:269.000)-(t:4.989-v:268.000)-(t:4.995-v:267.000)-(t:5.001-v:266.000)-(t:5.007-v:263.000)-(t:5.013-v:260.000)-(t:5.020-v:259.000)-(t:5.030-v:258.000)-(t:5.038-v:257.000)-(t:5.045-v:254.000)-(t:5.051-v:252.000)-(t:5.057-v:251.000)-(t:5.064-v:250.000)-(t:5.070-v:245.000)-(t:5.077-v:244.000)-(t:5.083-v:243.000)-(t:5.090-v:242.000)-(t:5.097-v:240.000)-(t:5.137-v:238.000)-(t:5.156-v:237.000)-(t:5.176-v:236.000)-(t:5.195-v:235.000)-(t:5.214-v:234.000)-(t:5.231-v:232.000)-(t:5.251-v:230.000)-(t:5.268-v:229.000)-(t:5.287-v:228.000)-(t:5.306-v:226.000)-(t:5.327-v:225.000)-(t:5.347-v:224.000)-(t:5.365-v:223.000)-(t:5.389-v:222.000)-(t:5.412-v:221.000)-(t:5.433-v:219.000)-(t:5.458-v:218.000)-(t:5.478-v:217.000)-(t:5.496-v:215.000)-(t:5.516-v:214.000)-(t:5.541-v:213.000)-(t:5.562-v:211.000)-(t:5.584-v:210.000)-(t:5.603-v:209.000)-(t:5.644-v:208.000)-(t:5.662-v:207.000)-(t:5.683-v:206.000)-(t:5.704-v:205.000)-(t:5.725-v:203.000)-(t:5.746-v:202.000)-(t:5.769-v:201.000)-(t:5.787-v:200.000)-(t:5.810-v:198.000)-(t:5.831-v:197.000)-(t:5.856-v:196.000)-(t:5.874-v:193.000)-(t:5.892-v:192.000)-(t:5.911-v:191.000)-(t:5.931-v:190.000)-(t:5.951-v:189.000)-(t:5.977-v:188.000)-(t:6.020-v:187.000)-(t:6.041-v:185.000)-(t:6.073-v:184.000)-(t:6.098-v:183.000)-(t:6.126-v:182.000)-(t:6.150-v:181.000)-(t:6.171-v:179.000)-(t:6.194-v:178.000)-(t:6.217-v:177.000)-(t:6.241-v:176.000)-(t:6.262-v:175.000)-(t:6.282-v:173.000)-(t:6.302-v:171.000)-(t:6.322-v:169.000)-(t:6.363-v:168.000)-(t:6.390-v:167.000)-(t:6.413-v:165.000)-(t:6.440-v:164.000)-(t:6.463-v:163.000)-(t:6.487-v:162.000)-(t:6.504-v:161.000)-(t:6.524-v:160.000)-(t:6.544-v:159.000)-(t:6.580-v:157.000)-(t:6.600-v:155.000)-(t:6.621-v:154.000)-(t:6.641-v:153.000)-(t:6.661-v:152.000)-(t:6.681-v:150.000)-(t:6.701-v:149.000)-(t:6.721-v:148.000)-(t:6.742-v:147.000)-(t:6.762-v:146.000)-(t:6.792-v:145.000)-(t:6.816-v:144.000)-(t:6.839-v:142.000)-(t:6.870-v:141.000)-(t:6.893-v:140.000)-(t:6.919-v:139.000)-(t:6.938-v:138.000)-(t:6.967-v:137.000)-(t:6.986-v:136.000)-(t:7.006-v:135.000)-(t:7.029-v:134.000)-(t:7.052-v:132.000)-(t:7.072-v:131.000)-(t:7.095-v:130.000)-(t:7.122-v:129.000)-(t:7.143-v:128.000)-(t:7.164-v:127.000)-(t:7.183-v:126.000)-(t:7.204-v:125.000)-(t:7.226-v:124.000)-(t:7.248-v:123.000)-(t:7.279-v:121.000)-(t:7.300-v:120.000)-(t:7.321-v:118.000)-(t:7.343-v:117.000)-(t:7.362-v:116.000)-(t:7.381-v:115.000)-(t:7.400-v:114.000)-(t:7.421-v:113.000)-(t:7.440-v:112.000)-(t:7.459-v:111.000)-(t:7.490-v:110.000)-(t:7.508-v:108.000)-(t:7.528-v:107.000)-(t:7.554-v:106.000)-(t:7.581-v:104.000)-(t:7.601-v:103.000)-(t:7.621-v:102.000)-(t:7.656-v:101.000)-(t:7.679-v:100.000)-(t:7.709-v:99.000)-(t:7.732-v:98.000)-(t:7.756-v:97.000)-(t:7.780-v:95.000)-(t:7.821-v:94.000)-(t:7.846-v:93.000)-(t:7.883-v:92.000)-(t:7.911-v:91.000)-(t:7.994-v:90.000)-(t:8.044-v:89.000)-(t:8.064-v:88.000)-(t:8.088-v:87.000)-(t:8.116-v:86.000)-(t:8.154-v:85.000)-(t:8.183-v:84.000)-(t:8.208-v:83.000)-(t:8.228-v:82.000)-(t:8.250-v:81.000)-(t:8.272-v:80.000)-(t:8.294-v:79.000)-(t:8.313-v:78.000)-(t:8.332-v:77.000)-(t:8.353-v:76.000)-(t:8.374-v:75.000)-(t:8.396-v:73.000)-(t:8.435-v:71.000)-(t:8.456-v:70.000)-(t:8.477-v:69.000)-(t:8.525-v:67.000)-(t:8.548-v:66.000)-(t:8.570-v:65.000)-(t:8.603-v:64.000)-(t:8.675-v:63.000)-(t:8.704-v:62.000)-(t:8.850-v:61.000)-(t:8.876-v:60.000)-(t:8.939-v:59.000)-(t:8.987-v:57.000)-(t:9.036-v:55.000)-(t:9.062-v:54.000)-(t:9.162-v:53.000)-(t:9.184-v:52.000)-(t:9.215-v:51.000)-(t:9.237-v:50.000)-(t:9.289-v:49.000)-(t:9.395-v:48.000)-(t:9.445-v:47.000)-(t:9.477-v:46.000)-(t:9.500-v:45.000)-(t:9.524-v:44.000)-(t:9.565-v:43.000)-(t:9.585-v:42.000)-(t:9.768-v:41.000)-(t:9.797-v:40.000)-(t:9.826-v:39.000)-(t:9.856-v:38.000)-(t:9.886-v:37.000)-(t:9.918-v:36.000)-(t:9.942-v:35.000)-(t:10.046-v:34.000)-(t:10.104-v:32.000)-(t:10.164-v:31.000)-(t:10.195-v:30.000)-(t:10.276-v:29.000)-(t:10.761-v:28.000)-(t:10.780-v:27.000)-(t:10.808-v:26.000)-(t:10.850-v:25.000)-(t:10.875-v:24.000)-(t:10.920-v:23.000)-(t:10.943-v:22.000)-(t:10.978-v:21.000)-(t:11.039-v:20.000)-(t:11.064-v:19.000)-(t:11.094-v:18.000)-(t:11.158-v:17.000)-(t:11.190-v:16.000)-(t:11.245-v:15.000)-(t:11.292-v:14.000)-(t:11.322-v:13.000)-(t:11.511-v:12.000)-(t:12.549-v:11.000)-(t:12.784-v:10.000)-(t:12.973-v:9.000)-(t:14.798-v:8.000)-(t:15.115-v:7.000)-(t:15.911-v:6.000)-(t:19.092-v:5.000)-(t:20.621-v:4.000)-(t:20.793-v:3.000)-(t:23.930-v:2.000)-(t:30.205-v:1.000)-(t:42.873-v:0.000)],42.873
examples/csp/csp_300/carseq_300_8_20_80.txt,dqn,r1,300,0.0,[(t:6.265-v:388.000)-(t:6.282-v:383.000)-(t:6.298-v:382.000)-(t:6.325-v:381.000)-(t:6.347-v:380.000)-(t:6.361-v:378.000)-(t:6.372-v:373.000)-(t:6.386-v:371.000)-(t:6.396-v:370.000)-(t:6.408-v:365.000)-(t:6.423-v:360.000)-(t:6.435-v:359.000)-(t:6.446-v:357.000)-(t:6.462-v:355.000)-(t:6.474-v:353.000)-(t:6.483-v:351.000)-(t:6.492-v:348.000)-(t:6.502-v:345.000)-(t:6.511-v:344.000)-(t:6.518-v:341.000)-(t:6.525-v:340.000)-(t:6.533-v:339.000)-(t:6.545-v:338.000)-(t:6.555-v:335.000)-(t:6.566-v:334.000)-(t:6.578-v:333.000)-(t:6.588-v:332.000)-(t:6.599-v:331.000)-(t:6.607-v:330.000)-(t:6.615-v:328.000)-(t:6.624-v:327.000)-(t:6.636-v:324.000)-(t:6.647-v:322.000)-(t:6.659-v:320.000)-(t:6.670-v:319.000)-(t:6.682-v:317.000)-(t:6.690-v:316.000)-(t:6.699-v:315.000)-(t:6.708-v:314.000)-(t:6.715-v:312.000)-(t:6.725-v:311.000)-(t:6.733-v:309.000)-(t:6.740-v:306.000)-(t:6.750-v:305.000)-(t:6.760-v:304.000)-(t:6.767-v:303.000)-(t:6.776-v:302.000)-(t:6.787-v:299.000)-(t:6.793-v:297.000)-(t:6.804-v:295.000)-(t:6.819-v:294.000)-(t:6.831-v:293.000)-(t:6.845-v:292.000)-(t:6.856-v:290.000)-(t:6.862-v:289.000)-(t:6.875-v:286.000)-(t:6.882-v:282.000)-(t:6.890-v:280.000)-(t:6.900-v:277.000)-(t:6.910-v:276.000)-(t:6.959-v:275.000)-(t:6.984-v:273.000)-(t:7.007-v:270.000)-(t:7.029-v:268.000)-(t:7.058-v:267.000)-(t:7.082-v:266.000)-(t:7.110-v:265.000)-(t:7.128-v:264.000)-(t:7.149-v:263.000)-(t:7.169-v:262.000)-(t:7.188-v:260.000)-(t:7.215-v:259.000)-(t:7.240-v:258.000)-(t:7.261-v:257.000)-(t:7.286-v:256.000)-(t:7.310-v:254.000)-(t:7.329-v:253.000)-(t:7.350-v:252.000)-(t:7.372-v:251.000)-(t:7.394-v:250.000)-(t:7.417-v:248.000)-(t:7.439-v:246.000)-(t:7.463-v:242.000)-(t:7.488-v:240.000)-(t:7.510-v:239.000)-(t:7.536-v:238.000)-(t:7.560-v:237.000)-(t:7.582-v:236.000)-(t:7.601-v:233.000)-(t:7.623-v:231.000)-(t:7.640-v:229.000)-(t:7.659-v:228.000)-(t:7.681-v:227.000)-(t:7.705-v:224.000)-(t:7.731-v:223.000)-(t:7.756-v:222.000)-(t:7.784-v:221.000)-(t:7.808-v:220.000)-(t:7.832-v:219.000)-(t:7.856-v:218.000)-(t:7.880-v:217.000)-(t:7.908-v:216.000)-(t:7.935-v:215.000)-(t:7.960-v:214.000)-(t:7.983-v:213.000)-(t:8.006-v:212.000)-(t:8.024-v:211.000)-(t:8.047-v:209.000)-(t:8.073-v:208.000)-(t:8.103-v:207.000)-(t:8.124-v:206.000)-(t:8.145-v:205.000)-(t:8.183-v:204.000)-(t:8.202-v:203.000)-(t:8.226-v:202.000)-(t:8.247-v:199.000)-(t:8.274-v:198.000)-(t:8.294-v:197.000)-(t:8.315-v:196.000)-(t:8.347-v:195.000)-(t:8.377-v:193.000)-(t:8.403-v:192.000)-(t:8.432-v:191.000)-(t:8.463-v:190.000)-(t:8.484-v:187.000)-(t:8.507-v:186.000)-(t:8.529-v:185.000)-(t:8.554-v:184.000)-(t:8.579-v:183.000)-(t:8.602-v:182.000)-(t:8.622-v:181.000)-(t:8.643-v:180.000)-(t:8.662-v:179.000)-(t:8.685-v:178.000)-(t:8.706-v:177.000)-(t:8.724-v:176.000)-(t:8.743-v:174.000)-(t:8.761-v:173.000)-(t:8.779-v:170.000)-(t:8.803-v:169.000)-(t:8.826-v:168.000)-(t:8.848-v:166.000)-(t:8.871-v:165.000)-(t:8.891-v:164.000)-(t:8.913-v:163.000)-(t:8.936-v:162.000)-(t:8.961-v:161.000)-(t:8.985-v:159.000)-(t:9.012-v:158.000)-(t:9.044-v:157.000)-(t:9.076-v:156.000)-(t:9.097-v:155.000)-(t:9.116-v:154.000)-(t:9.151-v:153.000)-(t:9.178-v:152.000)-(t:9.196-v:151.000)-(t:9.218-v:150.000)-(t:9.240-v:149.000)-(t:9.260-v:147.000)-(t:9.287-v:146.000)-(t:9.310-v:143.000)-(t:9.329-v:142.000)-(t:9.355-v:140.000)-(t:9.376-v:139.000)-(t:9.405-v:138.000)-(t:9.428-v:137.000)-(t:9.459-v:136.000)-(t:9.480-v:135.000)-(t:9.507-v:134.000)-(t:9.527-v:133.000)-(t:9.548-v:132.000)-(t:9.568-v:131.000)-(t:9.595-v:130.000)-(t:9.623-v:129.000)-(t:9.655-v:128.000)-(t:9.678-v:127.000)-(t:9.707-v:126.000)-(t:9.739-v:125.000)-(t:9.771-v:124.000)-(t:9.792-v:123.000)-(t:9.811-v:121.000)-(t:9.879-v:120.000)-(t:9.941-v:119.000)-(t:9.965-v:118.000)-(t:9.987-v:117.000)-(t:10.013-v:116.000)-(t:10.036-v:115.000)-(t:10.063-v:113.000)-(t:10.086-v:112.000)-(t:10.111-v:111.000)-(t:10.133-v:110.000)-(t:10.153-v:109.000)-(t:10.173-v:107.000)-(t:10.193-v:106.000)-(t:10.213-v:105.000)-(t:10.255-v:103.000)-(t:10.278-v:102.000)-(t:10.299-v:101.000)-(t:10.327-v:100.000)-(t:10.356-v:99.000)-(t:10.388-v:98.000)-(t:10.480-v:97.000)-(t:10.531-v:96.000)-(t:10.563-v:95.000)-(t:10.592-v:94.000)-(t:10.616-v:93.000)-(t:10.649-v:91.000)-(t:10.676-v:89.000)-(t:10.705-v:87.000)-(t:10.728-v:86.000)-(t:10.753-v:85.000)-(t:10.778-v:84.000)-(t:10.806-v:83.000)-(t:10.832-v:82.000)-(t:10.860-v:81.000)-(t:10.884-v:80.000)-(t:10.961-v:79.000)-(t:10.986-v:78.000)-(t:11.013-v:77.000)-(t:11.052-v:76.000)-(t:11.080-v:75.000)-(t:11.108-v:74.000)-(t:11.133-v:73.000)-(t:11.232-v:72.000)-(t:11.258-v:71.000)-(t:11.296-v:70.000)-(t:11.366-v:69.000)-(t:11.453-v:68.000)-(t:11.485-v:67.000)-(t:11.509-v:66.000)-(t:11.611-v:65.000)-(t:11.635-v:64.000)-(t:11.696-v:63.000)-(t:11.749-v:62.000)-(t:11.771-v:61.000)-(t:11.816-v:60.000)-(t:11.845-v:59.000)-(t:11.961-v:58.000)-(t:12.064-v:57.000)-(t:12.220-v:56.000)-(t:12.393-v:55.000)-(t:12.424-v:54.000)-(t:12.447-v:53.000)-(t:12.472-v:52.000)-(t:12.524-v:51.000)-(t:12.553-v:50.000)-(t:12.778-v:49.000)-(t:13.138-v:48.000)-(t:13.175-v:47.000)-(t:13.198-v:46.000)-(t:13.224-v:45.000)-(t:13.420-v:44.000)-(t:13.446-v:43.000)-(t:13.661-v:42.000)-(t:14.155-v:41.000)-(t:14.185-v:40.000)-(t:14.219-v:39.000)-(t:14.249-v:38.000)-(t:14.285-v:37.000)-(t:14.336-v:36.000)-(t:14.385-v:35.000)-(t:14.457-v:34.000)-(t:14.504-v:33.000)-(t:14.570-v:32.000)-(t:14.611-v:31.000)-(t:14.643-v:30.000)-(t:14.682-v:29.000)-(t:14.734-v:28.000)-(t:14.955-v:27.000)-(t:14.981-v:26.000)-(t:15.018-v:25.000)-(t:15.068-v:24.000)-(t:15.132-v:23.000)-(t:15.185-v:22.000)-(t:15.224-v:21.000)-(t:15.296-v:20.000)-(t:15.376-v:19.000)-(t:15.409-v:18.000)-(t:15.456-v:17.000)-(t:15.532-v:16.000)-(t:15.626-v:15.000)-(t:15.659-v:14.000)-(t:15.754-v:13.000)-(t:15.788-v:12.000)-(t:15.907-v:11.000)-(t:16.025-v:10.000)-(t:23.563-v:9.000)-(t:28.528-v:8.000)-(t:28.586-v:7.000)-(t:28.621-v:6.000)-(t:31.993-v:5.000)-(t:32.214-v:4.000)-(t:32.315-v:3.000)-(t:35.980-v:2.000)-(t:38.185-v:1.000)-(t:39.354-v:0.000)],39.354
examples/csp/csp_100/carseq_100_8_20_98.txt,dqn,r1,300,1.0,[(t:4.457-v:141.000)-(t:4.471-v:139.000)-(t:4.480-v:138.000)-(t:4.493-v:133.000)-(t:4.498-v:132.000)-(t:4.509-v:130.000)-(t:4.514-v:127.000)-(t:4.519-v:124.000)-(t:4.529-v:122.000)-(t:4.536-v:120.000)-(t:4.542-v:119.000)-(t:4.547-v:118.000)-(t:4.554-v:117.000)-(t:4.561-v:114.000)-(t:4.568-v:111.000)-(t:4.575-v:108.000)-(t:4.581-v:105.000)-(t:4.590-v:101.000)-(t:4.595-v:100.000)-(t:4.600-v:98.000)-(t:4.603-v:97.000)-(t:4.607-v:96.000)-(t:4.611-v:91.000)-(t:4.616-v:90.000)-(t:4.619-v:89.000)-(t:4.625-v:88.000)-(t:4.631-v:87.000)-(t:4.638-v:86.000)-(t:4.643-v:84.000)-(t:4.649-v:83.000)-(t:4.655-v:82.000)-(t:4.661-v:81.000)-(t:4.669-v:80.000)-(t:4.673-v:77.000)-(t:4.680-v:76.000)-(t:4.687-v:74.000)-(t:4.694-v:73.000)-(t:4.699-v:72.000)-(t:4.705-v:71.000)-(t:4.712-v:70.000)-(t:4.739-v:69.000)-(t:4.745-v:66.000)-(t:4.751-v:65.000)-(t:4.756-v:64.000)-(t:4.761-v:63.000)-(t:4.776-v:61.000)-(t:4.783-v:60.000)-(t:4.789-v:59.000)-(t:4.801-v:58.000)-(t:4.809-v:57.000)-(t:4.825-v:56.000)-(t:4.832-v:55.000)-(t:4.839-v:53.000)-(t:4.846-v:52.000)-(t:4.854-v:51.000)-(t:4.859-v:50.000)-(t:4.864-v:49.000)-(t:4.869-v:48.000)-(t:4.875-v:47.000)-(t:4.881-v:46.000)-(t:4.916-v:44.000)-(t:4.931-v:43.000)-(t:4.948-v:42.000)-(t:4.962-v:41.000)-(t:4.987-v:40.000)-(t:5.001-v:38.000)-(t:5.018-v:37.000)-(t:5.033-v:36.000)-(t:5.045-v:35.000)-(t:5.058-v:34.000)-(t:5.082-v:32.000)-(t:5.096-v:30.000)-(t:5.108-v:29.000)-(t:5.127-v:28.000)-(t:5.145-v:27.000)-(t:5.190-v:26.000)-(t:5.207-v:25.000)-(t:5.253-v:24.000)-(t:5.268-v:21.000)-(t:5.289-v:20.000)-(t:5.305-v:19.000)-(t:5.328-v:18.000)-(t:5.350-v:17.000)-(t:5.376-v:16.000)-(t:5.392-v:15.000)-(t:5.422-v:14.000)-(t:5.438-v:13.000)-(t:5.450-v:12.000)-(t:5.487-v:11.000)-(t:5.556-v:10.000)-(t:7.707-v:9.000)-(t:9.114-v:8.000)-(t:9.145-v:7.000)-(t:9.343-v:6.000)-(t:12.131-v:5.000)-(t:17.091-v:4.000)-(t:17.134-v:3.000)-(t:19.249-v:2.000)-(t:23.083-v:1.000)],300.0
examples/csp/csp_100/carseq_100_8_20_99.txt,dqn,r1,300,0.0,[(t:4.378-v:126.000)-(t:4.398-v:124.000)-(t:4.408-v:121.000)-(t:4.416-v:119.000)-(t:4.431-v:116.000)-(t:4.443-v:115.000)-(t:4.449-v:112.000)-(t:4.457-v:110.000)-(t:4.463-v:108.000)-(t:4.469-v:105.000)-(t:4.475-v:104.000)-(t:4.481-v:103.000)-(t:4.488-v:101.000)-(t:4.493-v:100.000)-(t:4.498-v:95.000)-(t:4.504-v:94.000)-(t:4.510-v:93.000)-(t:4.521-v:91.000)-(t:4.537-v:90.000)-(t:4.543-v:88.000)-(t:4.550-v:87.000)-(t:4.554-v:86.000)-(t:4.559-v:85.000)-(t:4.564-v:84.000)-(t:4.569-v:83.000)-(t:4.575-v:82.000)-(t:4.580-v:81.000)-(t:4.587-v:80.000)-(t:4.591-v:79.000)-(t:4.596-v:78.000)-(t:4.601-v:77.000)-(t:4.606-v:76.000)-(t:4.623-v:75.000)-(t:4.630-v:74.000)-(t:4.638-v:73.000)-(t:4.644-v:71.000)-(t:4.650-v:70.000)-(t:4.656-v:69.000)-(t:4.660-v:68.000)-(t:4.664-v:67.000)-(t:4.679-v:66.000)-(t:4.683-v:65.000)-(t:4.688-v:63.000)-(t:4.696-v:62.000)-(t:4.712-v:61.000)-(t:4.721-v:60.000)-(t:4.727-v:59.000)-(t:4.731-v:58.000)-(t:4.738-v:57.000)-(t:4.742-v:56.000)-(t:4.749-v:55.000)-(t:4.755-v:54.000)-(t:4.765-v:53.000)-(t:4.771-v:52.000)-(t:4.777-v:51.000)-(t:4.790-v:50.000)-(t:4.797-v:49.000)-(t:4.801-v:48.000)-(t:4.805-v:47.000)-(t:4.851-v:46.000)-(t:4.865-v:45.000)-(t:4.880-v:44.000)-(t:4.892-v:43.000)-(t:4.904-v:42.000)-(t:4.918-v:41.000)-(t:4.934-v:39.000)-(t:4.950-v:38.000)-(t:4.964-v:37.000)-(t:4.982-v:35.000)-(t:4.994-v:33.000)-(t:5.009-v:32.000)-(t:5.031-v:31.000)-(t:5.046-v:29.000)-(t:5.084-v:28.000)-(t:5.098-v:27.000)-(t:5.114-v:26.000)-(t:5.127-v:25.000)-(t:5.140-v:24.000)-(t:5.175-v:23.000)-(t:5.190-v:22.000)-(t:5.228-v:21.000)-(t:5.244-v:20.000)-(t:5.277-v:19.000)-(t:5.293-v:18.000)-(t:5.321-v:17.000)-(t:5.349-v:16.000)-(t:5.390-v:15.000)-(t:5.419-v:14.000)-(t:5.602-v:13.000)-(t:5.629-v:12.000)-(t:5.646-v:11.000)-(t:5.666-v:10.000)-(t:5.689-v:9.000)-(t:5.708-v:8.000)-(t:5.728-v:7.000)-(t:5.749-v:6.000)-(t:6.302-v:5.000)-(t:6.804-v:4.000)-(t:6.830-v:3.000)-(t:12.629-v:2.000)-(t:26.070-v:1.000)-(t:290.714-v:0.000)],290.714
examples/csp/csp_300/carseq_300_8_20_78.txt,dqn,r1,300,0.0,[(t:5.938-v:372.000)-(t:5.952-v:366.000)-(t:5.963-v:364.000)-(t:5.987-v:362.000)-(t:6.001-v:361.000)-(t:6.028-v:359.000)-(t:6.041-v:358.000)-(t:6.058-v:352.000)-(t:6.069-v:351.000)-(t:6.082-v:350.000)-(t:6.092-v:349.000)-(t:6.103-v:347.000)-(t:6.113-v:345.000)-(t:6.124-v:344.000)-(t:6.145-v:342.000)-(t:6.158-v:339.000)-(t:6.170-v:336.000)-(t:6.185-v:332.000)-(t:6.197-v:329.000)-(t:6.207-v:328.000)-(t:6.217-v:327.000)-(t:6.226-v:326.000)-(t:6.237-v:325.000)-(t:6.248-v:323.000)-(t:6.260-v:322.000)-(t:6.271-v:321.000)-(t:6.281-v:320.000)-(t:6.288-v:319.000)-(t:6.295-v:318.000)-(t:6.301-v:317.000)-(t:6.308-v:312.000)-(t:6.324-v:311.000)-(t:6.335-v:310.000)-(t:6.342-v:308.000)-(t:6.352-v:305.000)-(t:6.361-v:302.000)-(t:6.370-v:301.000)-(t:6.378-v:300.000)-(t:6.388-v:299.000)-(t:6.395-v:297.000)-(t:6.404-v:294.000)-(t:6.414-v:292.000)-(t:6.420-v:291.000)-(t:6.428-v:289.000)-(t:6.435-v:287.000)-(t:6.441-v:286.000)-(t:6.450-v:284.000)-(t:6.459-v:282.000)-(t:6.466-v:279.000)-(t:6.476-v:278.000)-(t:6.485-v:277.000)-(t:6.496-v:276.000)-(t:6.505-v:273.000)-(t:6.515-v:272.000)-(t:6.521-v:271.000)-(t:6.530-v:269.000)-(t:6.557-v:268.000)-(t:6.569-v:266.000)-(t:6.580-v:265.000)-(t:6.632-v:264.000)-(t:6.666-v:262.000)-(t:6.688-v:261.000)-(t:6.710-v:260.000)-(t:6.731-v:258.000)-(t:6.752-v:257.000)-(t:6.791-v:256.000)-(t:6.815-v:255.000)-(t:6.838-v:254.000)-(t:6.866-v:253.000)-(t:6.893-v:250.000)-(t:6.926-v:249.000)-(t:6.955-v:248.000)-(t:6.974-v:247.000)-(t:6.992-v:245.000)-(t:7.010-v:244.000)-(t:7.027-v:243.000)-(t:7.047-v:242.000)-(t:7.066-v:240.000)-(t:7.089-v:239.000)-(t:7.113-v:238.000)-(t:7.132-v:237.000)-(t:7.156-v:236.000)-(t:7.178-v:235.000)-(t:7.197-v:233.000)-(t:7.216-v:231.000)-(t:7.234-v:229.000)-(t:7.267-v:228.000)-(t:7.289-v:227.000)-(t:7.312-v:226.000)-(t:7.336-v:224.000)-(t:7.357-v:223.000)-(t:7.380-v:222.000)-(t:7.407-v:219.000)-(t:7.432-v:218.000)-(t:7.454-v:215.000)-(t:7.474-v:214.000)-(t:7.494-v:213.000)-(t:7.514-v:212.000)-(t:7.535-v:211.000)-(t:7.554-v:210.000)-(t:7.572-v:209.000)-(t:7.591-v:208.000)-(t:7.609-v:207.000)-(t:7.627-v:206.000)-(t:7.646-v:205.000)-(t:7.665-v:204.000)-(t:7.686-v:203.000)-(t:7.707-v:201.000)-(t:7.726-v:200.000)-(t:7.746-v:198.000)-(t:7.778-v:197.000)-(t:7.799-v:196.000)-(t:7.822-v:195.000)-(t:7.844-v:194.000)-(t:7.868-v:193.000)-(t:7.895-v:192.000)-(t:7.918-v:191.000)-(t:7.936-v:190.000)-(t:7.958-v:189.000)-(t:7.986-v:187.000)-(t:8.004-v:186.000)-(t:8.044-v:185.000)-(t:8.067-v:184.000)-(t:8.087-v:182.000)-(t:8.129-v:181.000)-(t:8.153-v:179.000)-(t:8.190-v:178.000)-(t:8.217-v:176.000)-(t:8.241-v:175.000)-(t:8.270-v:173.000)-(t:8.292-v:170.000)-(t:8.317-v:168.000)-(t:8.339-v:167.000)-(t:8.362-v:166.000)-(t:8.383-v:165.000)-(t:8.403-v:164.000)-(t:8.425-v:162.000)-(t:8.448-v:161.000)-(t:8.472-v:160.000)-(t:8.495-v:158.000)-(t:8.517-v:157.000)-(t:8.534-v:154.000)-(t:8.554-v:153.000)-(t:8.572-v:150.000)-(t:8.592-v:149.000)-(t:8.611-v:148.000)-(t:8.644-v:147.000)-(t:8.662-v:146.000)-(t:8.700-v:144.000)-(t:8.722-v:143.000)-(t:8.745-v:142.000)-(t:8.764-v:141.000)-(t:8.788-v:140.000)-(t:8.811-v:139.000)-(t:8.832-v:138.000)-(t:8.859-v:137.000)-(t:8.886-v:136.000)-(t:8.912-v:135.000)-(t:8.941-v:134.000)-(t:8.968-v:133.000)-(t:9.001-v:132.000)-(t:9.023-v:130.000)-(t:9.043-v:128.000)-(t:9.064-v:126.000)-(t:9.086-v:125.000)-(t:9.105-v:124.000)-(t:9.125-v:123.000)-(t:9.151-v:122.000)-(t:9.171-v:121.000)-(t:9.193-v:120.000)-(t:9.214-v:119.000)-(t:9.256-v:118.000)-(t:9.278-v:117.000)-(t:9.302-v:115.000)-(t:9.326-v:114.000)-(t:9.353-v:112.000)-(t:9.374-v:111.000)-(t:9.396-v:110.000)-(t:9.419-v:109.000)-(t:9.459-v:108.000)-(t:9.504-v:107.000)-(t:9.536-v:106.000)-(t:9.560-v:105.000)-(t:9.586-v:104.000)-(t:9.612-v:103.000)-(t:9.639-v:102.000)-(t:9.665-v:101.000)-(t:9.689-v:100.000)-(t:9.714-v:99.000)-(t:9.735-v:98.000)-(t:9.765-v:97.000)-(t:9.789-v:96.000)-(t:9.841-v:95.000)-(t:9.864-v:94.000)-(t:9.883-v:93.000)-(t:9.908-v:92.000)-(t:9.933-v:91.000)-(t:9.958-v:90.000)-(t:9.979-v:89.000)-(t:10.003-v:88.000)-(t:10.027-v:87.000)-(t:10.058-v:85.000)-(t:10.100-v:84.000)-(t:10.121-v:83.000)-(t:10.141-v:82.000)-(t:10.163-v:81.000)-(t:10.188-v:80.000)-(t:10.222-v:79.000)-(t:10.271-v:78.000)-(t:10.302-v:77.000)-(t:10.322-v:76.000)-(t:10.340-v:75.000)-(t:10.364-v:74.000)-(t:10.386-v:73.000)-(t:10.408-v:72.000)-(t:10.433-v:71.000)-(t:10.452-v:70.000)-(t:10.484-v:69.000)-(t:10.504-v:68.000)-(t:10.531-v:67.000)-(t:10.549-v:66.000)-(t:10.629-v:65.000)-(t:10.698-v:64.000)-(t:10.741-v:63.000)-(t:10.796-v:62.000)-(t:10.819-v:60.000)-(t:10.919-v:59.000)-(t:11.008-v:58.000)-(t:11.139-v:57.000)-(t:11.164-v:56.000)-(t:11.215-v:55.000)-(t:11.274-v:54.000)-(t:11.298-v:53.000)-(t:11.318-v:52.000)-(t:11.490-v:51.000)-(t:11.534-v:50.000)-(t:11.691-v:49.000)-(t:11.736-v:48.000)-(t:11.759-v:47.000)-(t:11.787-v:46.000)-(t:11.837-v:45.000)-(t:11.859-v:44.000)-(t:11.894-v:43.000)-(t:11.922-v:42.000)-(t:12.016-v:41.000)-(t:12.561-v:40.000)-(t:12.591-v:39.000)-(t:12.615-v:38.000)-(t:12.643-v:37.000)-(t:12.820-v:36.000)-(t:12.848-v:35.000)-(t:12.873-v:34.000)-(t:12.907-v:33.000)-(t:12.944-v:32.000)-(t:12.972-v:31.000)-(t:13.001-v:30.000)-(t:13.053-v:29.000)-(t:13.092-v:28.000)-(t:13.131-v:27.000)-(t:13.153-v:26.000)-(t:13.178-v:25.000)-(t:13.223-v:24.000)-(t:13.280-v:23.000)-(t:13.301-v:22.000)-(t:13.343-v:21.000)-(t:13.371-v:20.000)-(t:13.398-v:19.000)-(t:13.466-v:18.000)-(t:13.527-v:17.000)-(t:13.559-v:16.000)-(t:13.700-v:15.000)-(t:13.762-v:14.000)-(t:13.805-v:13.000)-(t:13.936-v:12.000)-(t:14.057-v:11.000)-(t:15.989-v:10.000)-(t:16.177-v:9.000)-(t:16.373-v:8.000)-(t:20.292-v:7.000)-(t:22.759-v:6.000)-(t:22.808-v:5.000)-(t:23.157-v:4.000)-(t:26.078-v:2.000)-(t:26.789-v:1.000)-(t:93.184-v:0.000)],93.184
examples/csp/csp_200/pb_200_06.txt,dqn,r1,300,6.0,[(t:5.081-v:256.000)-(t:5.090-v:255.000)-(t:5.102-v:254.000)-(t:5.127-v:252.000)-(t:5.142-v:251.000)-(t:5.154-v:249.000)-(t:5.165-v:246.000)-(t:5.177-v:242.000)-(t:5.186-v:240.000)-(t:5.198-v:238.000)-(t:5.206-v:237.000)-(t:5.216-v:236.000)-(t:5.228-v:235.000)-(t:5.238-v:234.000)-(t:5.244-v:231.000)-(t:5.252-v:230.000)-(t:5.259-v:229.000)-(t:5.272-v:225.000)-(t:5.282-v:222.000)-(t:5.288-v:221.000)-(t:5.295-v:220.000)-(t:5.304-v:219.000)-(t:5.311-v:218.000)-(t:5.318-v:214.000)-(t:5.327-v:212.000)-(t:5.340-v:210.000)-(t:5.349-v:208.000)-(t:5.358-v:206.000)-(t:5.368-v:205.000)-(t:5.376-v:204.000)-(t:5.385-v:203.000)-(t:5.393-v:202.000)-(t:5.404-v:201.000)-(t:5.412-v:199.000)-(t:5.422-v:195.000)-(t:5.433-v:194.000)-(t:5.442-v:192.000)-(t:5.453-v:191.000)-(t:5.463-v:190.000)-(t:5.472-v:188.000)-(t:5.481-v:187.000)-(t:5.489-v:186.000)-(t:5.497-v:185.000)-(t:5.505-v:183.000)-(t:5.510-v:182.000)-(t:5.517-v:180.000)-(t:5.523-v:178.000)-(t:5.530-v:177.000)-(t:5.541-v:175.000)-(t:5.548-v:174.000)-(t:5.555-v:171.000)-(t:5.563-v:169.000)-(t:5.570-v:164.000)-(t:5.578-v:163.000)-(t:5.584-v:161.000)-(t:5.602-v:160.000)-(t:5.611-v:159.000)-(t:5.618-v:158.000)-(t:5.623-v:157.000)-(t:5.631-v:156.000)-(t:5.674-v:153.000)-(t:5.691-v:152.000)-(t:5.707-v:151.000)-(t:5.728-v:148.000)-(t:5.746-v:147.000)-(t:5.762-v:146.000)-(t:5.782-v:144.000)-(t:5.806-v:143.000)-(t:5.823-v:142.000)-(t:5.841-v:141.000)-(t:5.856-v:137.000)-(t:5.874-v:136.000)-(t:5.890-v:135.000)-(t:5.920-v:134.000)-(t:5.937-v:133.000)-(t:5.958-v:132.000)-(t:5.975-v:131.000)-(t:5.993-v:130.000)-(t:6.007-v:129.000)-(t:6.024-v:128.000)-(t:6.041-v:127.000)-(t:6.055-v:126.000)-(t:6.076-v:125.000)-(t:6.093-v:124.000)-(t:6.110-v:123.000)-(t:6.129-v:122.000)-(t:6.145-v:121.000)-(t:6.162-v:120.000)-(t:6.178-v:116.000)-(t:6.196-v:115.000)-(t:6.212-v:113.000)-(t:6.230-v:112.000)-(t:6.245-v:111.000)-(t:6.261-v:110.000)-(t:6.283-v:108.000)-(t:6.301-v:107.000)-(t:6.319-v:106.000)-(t:6.337-v:104.000)-(t:6.356-v:103.000)-(t:6.374-v:101.000)-(t:6.388-v:100.000)-(t:6.405-v:99.000)-(t:6.422-v:98.000)-(t:6.447-v:97.000)-(t:6.465-v:95.000)-(t:6.480-v:94.000)-(t:6.498-v:93.000)-(t:6.516-v:92.000)-(t:6.534-v:90.000)-(t:6.552-v:89.000)-(t:6.579-v:88.000)-(t:6.595-v:87.000)-(t:6.613-v:86.000)-(t:6.633-v:84.000)-(t:6.650-v:83.000)-(t:6.669-v:82.000)-(t:6.684-v:81.000)-(t:6.696-v:80.000)-(t:6.708-v:79.000)-(t:6.725-v:78.000)-(t:6.740-v:77.000)-(t:6.757-v:75.000)-(t:6.772-v:74.000)-(t:6.809-v:73.000)-(t:6.825-v:71.000)-(t:6.840-v:70.000)-(t:6.855-v:69.000)-(t:6.871-v:68.000)-(t:6.885-v:67.000)-(t:6.904-v:65.000)-(t:6.920-v:64.000)-(t:6.934-v:63.000)-(t:6.954-v:62.000)-(t:6.973-v:60.000)-(t:6.993-v:59.000)-(t:7.012-v:58.000)-(t:7.030-v:57.000)-(t:7.071-v:56.000)-(t:7.090-v:55.000)-(t:7.105-v:54.000)-(t:7.121-v:53.000)-(t:7.139-v:52.000)-(t:7.160-v:51.000)-(t:7.182-v:50.000)-(t:7.201-v:49.000)-(t:7.228-v:48.000)-(t:7.245-v:47.000)-(t:7.261-v:46.000)-(t:7.280-v:45.000)-(t:7.298-v:44.000)-(t:7.318-v:43.000)-(t:7.338-v:42.000)-(t:7.359-v:41.000)-(t:7.386-v:40.000)-(t:7.405-v:39.000)-(t:7.423-v:38.000)-(t:7.504-v:37.000)-(t:7.636-v:36.000)-(t:7.663-v:35.000)-(t:7.690-v:34.000)-(t:7.741-v:33.000)-(t:7.842-v:32.000)-(t:7.861-v:31.000)-(t:7.877-v:30.000)-(t:7.897-v:29.000)-(t:7.918-v:28.000)-(t:8.109-v:27.000)-(t:8.156-v:26.000)-(t:8.181-v:25.000)-(t:8.213-v:24.000)-(t:8.246-v:23.000)-(t:8.293-v:22.000)-(t:8.354-v:21.000)-(t:8.399-v:20.000)-(t:8.500-v:19.000)-(t:8.517-v:18.000)-(t:8.537-v:17.000)-(t:8.558-v:16.000)-(t:8.605-v:15.000)-(t:8.959-v:14.000)-(t:9.004-v:13.000)-(t:9.645-v:12.000)-(t:9.681-v:11.000)-(t:9.742-v:10.000)-(t:12.137-v:9.000)-(t:13.120-v:8.000)-(t:14.810-v:7.000)-(t:19.757-v:6.000)],300.0
examples/csp/csp_200/pb_200_08.txt,dqn,r1,300,8.0,[(t:4.387-v:243.000)-(t:4.400-v:242.000)-(t:4.409-v:235.000)-(t:4.430-v:233.000)-(t:4.444-v:232.000)-(t:4.455-v:231.000)-(t:4.466-v:230.000)-(t:4.476-v:220.000)-(t:4.485-v:219.000)-(t:4.493-v:217.000)-(t:4.499-v:214.000)-(t:4.506-v:212.000)-(t:4.512-v:211.000)-(t:4.522-v:210.000)-(t:4.529-v:209.000)-(t:4.536-v:208.000)-(t:4.544-v:207.000)-(t:4.554-v:204.000)-(t:4.564-v:203.000)-(t:4.570-v:201.000)-(t:4.577-v:200.000)-(t:4.584-v:198.000)-(t:4.590-v:195.000)-(t:4.596-v:190.000)-(t:4.604-v:189.000)-(t:4.612-v:187.000)-(t:4.618-v:183.000)-(t:4.631-v:182.000)-(t:4.637-v:181.000)-(t:4.642-v:180.000)-(t:4.648-v:179.000)-(t:4.655-v:178.000)-(t:4.663-v:177.000)-(t:4.671-v:174.000)-(t:4.679-v:173.000)-(t:4.688-v:171.000)-(t:4.696-v:170.000)-(t:4.702-v:169.000)-(t:4.711-v:167.000)-(t:4.718-v:166.000)-(t:4.724-v:165.000)-(t:4.730-v:163.000)-(t:4.737-v:162.000)-(t:4.745-v:161.000)-(t:4.754-v:160.000)-(t:4.764-v:159.000)-(t:4.772-v:158.000)-(t:4.779-v:157.000)-(t:4.784-v:156.000)-(t:4.792-v:154.000)-(t:4.800-v:153.000)-(t:4.806-v:151.000)-(t:4.812-v:149.000)-(t:4.819-v:148.000)-(t:4.828-v:147.000)-(t:4.835-v:146.000)-(t:4.842-v:145.000)-(t:4.852-v:144.000)-(t:4.858-v:143.000)-(t:4.865-v:142.000)-(t:4.906-v:141.000)-(t:4.928-v:140.000)-(t:4.948-v:139.000)-(t:4.963-v:137.000)-(t:4.980-v:136.000)-(t:4.995-v:134.000)-(t:5.010-v:132.000)-(t:5.026-v:131.000)-(t:5.045-v:128.000)-(t:5.060-v:127.000)-(t:5.078-v:125.000)-(t:5.093-v:124.000)-(t:5.107-v:122.000)-(t:5.125-v:121.000)-(t:5.140-v:119.000)-(t:5.158-v:118.000)-(t:5.175-v:117.000)-(t:5.192-v:116.000)-(t:5.211-v:115.000)-(t:5.229-v:114.000)-(t:5.245-v:113.000)-(t:5.260-v:112.000)-(t:5.277-v:111.000)-(t:5.298-v:109.000)-(t:5.313-v:108.000)-(t:5.331-v:107.000)-(t:5.345-v:106.000)-(t:5.370-v:105.000)-(t:5.387-v:104.000)-(t:5.405-v:103.000)-(t:5.421-v:101.000)-(t:5.439-v:100.000)-(t:5.457-v:99.000)-(t:5.477-v:98.000)-(t:5.492-v:94.000)-(t:5.512-v:93.000)-(t:5.529-v:91.000)-(t:5.544-v:89.000)-(t:5.561-v:88.000)-(t:5.578-v:85.000)-(t:5.600-v:84.000)-(t:5.621-v:82.000)-(t:5.640-v:81.000)-(t:5.706-v:80.000)-(t:5.723-v:78.000)-(t:5.741-v:77.000)-(t:5.757-v:76.000)-(t:5.772-v:75.000)-(t:5.789-v:74.000)-(t:5.810-v:73.000)-(t:5.825-v:72.000)-(t:5.844-v:71.000)-(t:5.866-v:70.000)-(t:5.886-v:68.000)-(t:5.908-v:67.000)-(t:5.932-v:66.000)-(t:5.979-v:65.000)-(t:5.994-v:64.000)-(t:6.011-v:63.000)-(t:6.025-v:62.000)-(t:6.053-v:61.000)-(t:6.069-v:60.000)-(t:6.087-v:59.000)-(t:6.111-v:58.000)-(t:6.130-v:56.000)-(t:6.150-v:55.000)-(t:6.166-v:54.000)-(t:6.184-v:52.000)-(t:6.209-v:51.000)-(t:6.225-v:50.000)-(t:6.263-v:49.000)-(t:6.289-v:48.000)-(t:6.321-v:47.000)-(t:6.342-v:46.000)-(t:6.360-v:45.000)-(t:6.387-v:44.000)-(t:6.407-v:43.000)-(t:6.423-v:42.000)-(t:6.476-v:41.000)-(t:6.492-v:40.000)-(t:6.510-v:39.000)-(t:6.544-v:37.000)-(t:6.565-v:36.000)-(t:6.584-v:35.000)-(t:6.602-v:34.000)-(t:6.618-v:33.000)-(t:6.648-v:32.000)-(t:6.666-v:31.000)-(t:6.768-v:30.000)-(t:6.783-v:29.000)-(t:6.850-v:28.000)-(t:6.874-v:27.000)-(t:6.896-v:26.000)-(t:7.026-v:25.000)-(t:7.058-v:24.000)-(t:7.131-v:23.000)-(t:7.155-v:22.000)-(t:7.328-v:21.000)-(t:7.364-v:20.000)-(t:7.378-v:19.000)-(t:7.399-v:18.000)-(t:7.423-v:17.000)-(t:7.480-v:16.000)-(t:7.817-v:15.000)-(t:9.455-v:14.000)-(t:9.479-v:13.000)-(t:9.500-v:12.000)-(t:10.714-v:11.000)-(t:16.028-v:10.000)-(t:22.160-v:9.000)-(t:22.184-v:8.000)],300.0
examples/csp/csp_300/carseq_300_8_20_81.txt,dqn,r1,300,0.0,[(t:6.238-v:401.000)-(t:6.252-v:395.000)-(t:6.263-v:392.000)-(t:6.284-v:391.000)-(t:6.306-v:390.000)-(t:6.325-v:388.000)-(t:6.336-v:387.000)-(t:6.350-v:385.000)-(t:6.361-v:383.000)-(t:6.373-v:382.000)-(t:6.384-v:381.000)-(t:6.395-v:380.000)-(t:6.404-v:377.000)-(t:6.413-v:376.000)-(t:6.422-v:373.000)-(t:6.436-v:372.000)-(t:6.448-v:369.000)-(t:6.459-v:368.000)-(t:6.472-v:367.000)-(t:6.480-v:362.000)-(t:6.490-v:361.000)-(t:6.499-v:360.000)-(t:6.509-v:358.000)-(t:6.520-v:357.000)-(t:6.532-v:356.000)-(t:6.547-v:355.000)-(t:6.555-v:354.000)-(t:6.570-v:353.000)-(t:6.580-v:352.000)-(t:6.589-v:351.000)-(t:6.596-v:350.000)-(t:6.605-v:349.000)-(t:6.622-v:348.000)-(t:6.630-v:347.000)-(t:6.637-v:344.000)-(t:6.645-v:338.000)-(t:6.653-v:335.000)-(t:6.661-v:333.000)-(t:6.669-v:332.000)-(t:6.677-v:328.000)-(t:6.690-v:326.000)-(t:6.698-v:325.000)-(t:6.706-v:323.000)-(t:6.715-v:322.000)-(t:6.724-v:321.000)-(t:6.731-v:319.000)-(t:6.742-v:318.000)-(t:6.750-v:317.000)-(t:6.760-v:316.000)-(t:6.768-v:313.000)-(t:6.779-v:311.000)-(t:6.790-v:310.000)-(t:6.797-v:306.000)-(t:6.805-v:304.000)-(t:6.815-v:303.000)-(t:6.826-v:302.000)-(t:6.836-v:300.000)-(t:6.848-v:298.000)-(t:6.862-v:297.000)-(t:6.879-v:293.000)-(t:6.940-v:292.000)-(t:6.970-v:290.000)-(t:6.988-v:287.000)-(t:7.015-v:286.000)-(t:7.039-v:285.000)-(t:7.059-v:282.000)-(t:7.084-v:279.000)-(t:7.106-v:278.000)-(t:7.133-v:276.000)-(t:7.159-v:275.000)-(t:7.186-v:274.000)-(t:7.211-v:273.000)-(t:7.233-v:267.000)-(t:7.260-v:266.000)-(t:7.282-v:265.000)-(t:7.302-v:264.000)-(t:7.320-v:262.000)-(t:7.345-v:260.000)-(t:7.362-v:259.000)-(t:7.386-v:257.000)-(t:7.409-v:256.000)-(t:7.429-v:255.000)-(t:7.448-v:254.000)-(t:7.468-v:253.000)-(t:7.498-v:252.000)-(t:7.518-v:250.000)-(t:7.543-v:249.000)-(t:7.568-v:248.000)-(t:7.587-v:246.000)-(t:7.606-v:245.000)-(t:7.623-v:242.000)-(t:7.642-v:241.000)-(t:7.663-v:238.000)-(t:7.687-v:234.000)-(t:7.709-v:232.000)-(t:7.727-v:231.000)-(t:7.752-v:229.000)-(t:7.774-v:228.000)-(t:7.793-v:227.000)-(t:7.811-v:225.000)-(t:7.832-v:224.000)-(t:7.852-v:223.000)-(t:7.877-v:222.000)-(t:7.908-v:221.000)-(t:7.930-v:220.000)-(t:7.954-v:218.000)-(t:7.977-v:216.000)-(t:7.997-v:215.000)-(t:8.019-v:214.000)-(t:8.046-v:213.000)-(t:8.072-v:212.000)-(t:8.090-v:210.000)-(t:8.112-v:209.000)-(t:8.138-v:207.000)-(t:8.163-v:205.000)-(t:8.195-v:204.000)-(t:8.228-v:203.000)-(t:8.260-v:202.000)-(t:8.288-v:198.000)-(t:8.308-v:197.000)-(t:8.330-v:196.000)-(t:8.352-v:195.000)-(t:8.375-v:194.000)-(t:8.411-v:193.000)-(t:8.434-v:191.000)-(t:8.457-v:190.000)-(t:8.480-v:189.000)-(t:8.503-v:188.000)-(t:8.531-v:187.000)-(t:8.553-v:186.000)-(t:8.576-v:184.000)-(t:8.598-v:183.000)-(t:8.621-v:182.000)-(t:8.647-v:181.000)-(t:8.674-v:180.000)-(t:8.710-v:179.000)-(t:8.742-v:178.000)-(t:8.766-v:176.000)-(t:8.795-v:175.000)-(t:8.817-v:174.000)-(t:8.838-v:172.000)-(t:8.864-v:171.000)-(t:8.894-v:170.000)-(t:8.921-v:169.000)-(t:8.938-v:168.000)-(t:8.958-v:166.000)-(t:8.977-v:165.000)-(t:9.001-v:164.000)-(t:9.023-v:162.000)-(t:9.041-v:160.000)-(t:9.064-v:159.000)-(t:9.090-v:158.000)-(t:9.115-v:157.000)-(t:9.138-v:156.000)-(t:9.159-v:155.000)-(t:9.182-v:153.000)-(t:9.209-v:152.000)-(t:9.280-v:151.000)-(t:9.299-v:150.000)-(t:9.323-v:147.000)-(t:9.371-v:146.000)-(t:9.398-v:145.000)-(t:9.467-v:144.000)-(t:9.486-v:143.000)-(t:9.508-v:142.000)-(t:9.533-v:141.000)-(t:9.560-v:140.000)-(t:9.594-v:139.000)-(t:9.622-v:138.000)-(t:9.647-v:137.000)-(t:9.668-v:136.000)-(t:9.691-v:135.000)-(t:9.714-v:134.000)-(t:9.737-v:133.000)-(t:9.772-v:132.000)-(t:9.790-v:131.000)-(t:9.817-v:130.000)-(t:9.835-v:129.000)-(t:9.860-v:127.000)-(t:9.883-v:126.000)-(t:9.910-v:125.000)-(t:9.931-v:123.000)-(t:9.956-v:122.000)-(t:9.985-v:121.000)-(t:10.005-v:120.000)-(t:10.034-v:119.000)-(t:10.058-v:118.000)-(t:10.085-v:117.000)-(t:10.110-v:115.000)-(t:10.134-v:113.000)-(t:10.159-v:112.000)-(t:10.181-v:111.000)-(t:10.198-v:110.000)-(t:10.218-v:109.000)-(t:10.357-v:108.000)-(t:10.381-v:107.000)-(t:10.410-v:106.000)-(t:10.434-v:104.000)-(t:10.459-v:102.000)-(t:10.491-v:101.000)-(t:10.575-v:100.000)-(t:10.594-v:99.000)-(t:10.618-v:98.000)-(t:10.639-v:97.000)-(t:10.664-v:96.000)-(t:10.683-v:95.000)-(t:10.712-v:94.000)-(t:10.755-v:92.000)-(t:10.780-v:91.000)-(t:10.889-v:90.000)-(t:10.916-v:89.000)-(t:10.939-v:87.000)-(t:10.971-v:86.000)-(t:10.997-v:85.000)-(t:11.017-v:84.000)-(t:11.034-v:83.000)-(t:11.061-v:82.000)-(t:11.096-v:81.000)-(t:11.118-v:80.000)-(t:11.143-v:78.000)-(t:11.162-v:77.000)-(t:11.188-v:76.000)-(t:11.228-v:75.000)-(t:11.250-v:74.000)-(t:11.376-v:73.000)-(t:11.398-v:72.000)-(t:11.426-v:71.000)-(t:11.470-v:70.000)-(t:11.523-v:69.000)-(t:11.545-v:68.000)-(t:11.565-v:67.000)-(t:11.720-v:66.000)-(t:11.768-v:65.000)-(t:11.794-v:64.000)-(t:11.817-v:63.000)-(t:11.960-v:62.000)-(t:11.996-v:61.000)-(t:12.019-v:60.000)-(t:12.365-v:59.000)-(t:12.405-v:58.000)-(t:12.433-v:57.000)-(t:12.588-v:56.000)-(t:12.616-v:55.000)-(t:12.917-v:54.000)-(t:12.977-v:53.000)-(t:13.009-v:52.000)-(t:13.095-v:51.000)-(t:13.603-v:50.000)-(t:13.632-v:49.000)-(t:13.670-v:48.000)-(t:13.706-v:47.000)-(t:14.187-v:46.000)-(t:14.229-v:45.000)-(t:14.263-v:44.000)-(t:14.336-v:43.000)-(t:14.369-v:42.000)-(t:14.410-v:41.000)-(t:14.442-v:40.000)-(t:14.470-v:39.000)-(t:14.547-v:38.000)-(t:14.645-v:37.000)-(t:14.685-v:36.000)-(t:14.897-v:35.000)-(t:14.920-v:34.000)-(t:14.957-v:33.000)-(t:14.995-v:32.000)-(t:15.040-v:31.000)-(t:15.119-v:30.000)-(t:15.167-v:29.000)-(t:15.219-v:28.000)-(t:15.252-v:27.000)-(t:15.388-v:26.000)-(t:15.487-v:25.000)-(t:15.583-v:24.000)-(t:15.685-v:23.000)-(t:16.347-v:22.000)-(t:16.666-v:21.000)-(t:16.714-v:20.000)-(t:16.907-v:19.000)-(t:16.935-v:18.000)-(t:16.976-v:17.000)-(t:17.072-v:16.000)-(t:17.180-v:15.000)-(t:20.951-v:14.000)-(t:21.062-v:13.000)-(t:21.166-v:12.000)-(t:24.104-v:11.000)-(t:24.274-v:10.000)-(t:24.338-v:9.000)-(t:25.992-v:8.000)-(t:26.177-v:7.000)-(t:29.568-v:6.000)-(t:38.320-v:5.000)-(t:41.180-v:4.000)-(t:60.154-v:3.000)-(t:68.713-v:2.000)-(t:110.316-v:1.000)-(t:110.468-v:0.000)],110.468
examples/csp/csp_200/pb_200_09.txt,dqn,r1,300,10.0,[(t:4.654-v:252.000)-(t:4.666-v:250.000)-(t:4.675-v:248.000)-(t:4.697-v:247.000)-(t:4.712-v:246.000)-(t:4.726-v:239.000)-(t:4.734-v:237.000)-(t:4.745-v:232.000)-(t:4.755-v:231.000)-(t:4.766-v:226.000)-(t:4.777-v:223.000)-(t:4.785-v:222.000)-(t:4.796-v:217.000)-(t:4.804-v:215.000)-(t:4.818-v:214.000)-(t:4.834-v:213.000)-(t:4.845-v:210.000)-(t:4.861-v:208.000)-(t:4.871-v:206.000)-(t:4.879-v:203.000)-(t:4.888-v:201.000)-(t:4.897-v:199.000)-(t:4.905-v:198.000)-(t:4.914-v:195.000)-(t:4.925-v:193.000)-(t:4.937-v:191.000)-(t:4.947-v:190.000)-(t:4.960-v:189.000)-(t:4.970-v:186.000)-(t:4.978-v:185.000)-(t:4.987-v:184.000)-(t:4.997-v:183.000)-(t:5.012-v:182.000)-(t:5.020-v:180.000)-(t:5.030-v:179.000)-(t:5.039-v:178.000)-(t:5.047-v:177.000)-(t:5.057-v:176.000)-(t:5.066-v:174.000)-(t:5.074-v:173.000)-(t:5.082-v:172.000)-(t:5.091-v:171.000)-(t:5.100-v:170.000)-(t:5.110-v:169.000)-(t:5.119-v:167.000)-(t:5.125-v:165.000)-(t:5.131-v:163.000)-(t:5.141-v:162.000)-(t:5.149-v:159.000)-(t:5.156-v:158.000)-(t:5.162-v:157.000)-(t:5.169-v:156.000)-(t:5.175-v:155.000)-(t:5.182-v:154.000)-(t:5.189-v:152.000)-(t:5.197-v:151.000)-(t:5.205-v:150.000)-(t:5.212-v:149.000)-(t:5.217-v:148.000)-(t:5.223-v:147.000)-(t:5.268-v:144.000)-(t:5.283-v:143.000)-(t:5.298-v:142.000)-(t:5.313-v:141.000)-(t:5.328-v:140.000)-(t:5.342-v:139.000)-(t:5.356-v:138.000)-(t:5.370-v:136.000)-(t:5.387-v:135.000)-(t:5.402-v:134.000)-(t:5.419-v:133.000)-(t:5.435-v:132.000)-(t:5.448-v:131.000)-(t:5.467-v:130.000)-(t:5.484-v:129.000)-(t:5.504-v:128.000)-(t:5.520-v:127.000)-(t:5.538-v:125.000)-(t:5.555-v:122.000)-(t:5.572-v:120.000)-(t:5.587-v:119.000)-(t:5.604-v:118.000)-(t:5.619-v:116.000)-(t:5.633-v:113.000)-(t:5.647-v:112.000)-(t:5.664-v:111.000)-(t:5.683-v:110.000)-(t:5.699-v:108.000)-(t:5.713-v:106.000)-(t:5.727-v:105.000)-(t:5.743-v:104.000)-(t:5.758-v:103.000)-(t:5.774-v:102.000)-(t:5.790-v:101.000)-(t:5.806-v:99.000)-(t:5.847-v:98.000)-(t:5.866-v:97.000)-(t:5.888-v:96.000)-(t:5.908-v:95.000)-(t:5.927-v:94.000)-(t:5.953-v:93.000)-(t:5.973-v:92.000)-(t:5.993-v:91.000)-(t:6.014-v:90.000)-(t:6.032-v:89.000)-(t:6.051-v:87.000)-(t:6.067-v:86.000)-(t:6.084-v:85.000)-(t:6.101-v:84.000)-(t:6.118-v:83.000)-(t:6.154-v:82.000)-(t:6.170-v:81.000)-(t:6.187-v:80.000)-(t:6.206-v:79.000)-(t:6.243-v:78.000)-(t:6.295-v:77.000)-(t:6.318-v:75.000)-(t:6.361-v:74.000)-(t:6.401-v:73.000)-(t:6.431-v:72.000)-(t:6.451-v:71.000)-(t:6.467-v:70.000)-(t:6.486-v:69.000)-(t:6.504-v:68.000)-(t:6.521-v:67.000)-(t:6.537-v:66.000)-(t:6.552-v:65.000)-(t:6.566-v:64.000)-(t:6.588-v:63.000)-(t:6.606-v:61.000)-(t:6.626-v:60.000)-(t:6.640-v:59.000)-(t:6.655-v:58.000)-(t:6.669-v:57.000)-(t:6.692-v:56.000)-(t:6.707-v:55.000)-(t:6.764-v:54.000)-(t:6.782-v:53.000)-(t:6.804-v:52.000)-(t:6.826-v:51.000)-(t:6.843-v:50.000)-(t:6.873-v:49.000)-(t:6.916-v:48.000)-(t:6.932-v:47.000)-(t:6.954-v:46.000)-(t:6.972-v:45.000)-(t:6.993-v:44.000)-(t:7.034-v:43.000)-(t:7.054-v:42.000)-(t:7.088-v:41.000)-(t:7.113-v:40.000)-(t:7.131-v:39.000)-(t:7.215-v:38.000)-(t:7.239-v:37.000)-(t:7.263-v:36.000)-(t:7.286-v:35.000)-(t:7.311-v:34.000)-(t:7.355-v:33.000)-(t:7.381-v:32.000)-(t:7.406-v:31.000)-(t:7.474-v:30.000)-(t:7.759-v:29.000)-(t:7.783-v:28.000)-(t:7.808-v:27.000)-(t:7.842-v:26.000)-(t:7.896-v:25.000)-(t:7.915-v:24.000)-(t:7.949-v:23.000)-(t:7.967-v:22.000)-(t:8.498-v:21.000)-(t:8.515-v:20.000)-(t:8.569-v:19.000)-(t:8.700-v:18.000)-(t:10.599-v:17.000)-(t:12.079-v:16.000)-(t:12.117-v:15.000)-(t:18.905-v:14.000)-(t:24.450-v:13.000)-(t:26.902-v:12.000)-(t:29.068-v:11.000)-(t:32.506-v:10.000)],300.0
examples/csp/csp_100/carseq_100_8_20_62.txt,dqn,r1,300,0.0,[(t:4.044-v:126.000)-(t:4.057-v:118.000)-(t:4.065-v:114.000)-(t:4.082-v:113.000)-(t:4.087-v:112.000)-(t:4.095-v:111.000)-(t:4.100-v:110.000)-(t:4.105-v:108.000)-(t:4.110-v:107.000)-(t:4.118-v:106.000)-(t:4.123-v:104.000)-(t:4.130-v:103.000)-(t:4.134-v:100.000)-(t:4.138-v:99.000)-(t:4.142-v:98.000)-(t:4.147-v:97.000)-(t:4.151-v:95.000)-(t:4.158-v:94.000)-(t:4.168-v:93.000)-(t:4.176-v:91.000)-(t:4.183-v:90.000)-(t:4.189-v:88.000)-(t:4.195-v:85.000)-(t:4.201-v:84.000)-(t:4.208-v:83.000)-(t:4.217-v:82.000)-(t:4.233-v:80.000)-(t:4.239-v:78.000)-(t:4.244-v:77.000)-(t:4.251-v:75.000)-(t:4.255-v:74.000)-(t:4.259-v:72.000)-(t:4.264-v:70.000)-(t:4.270-v:68.000)-(t:4.275-v:67.000)-(t:4.280-v:66.000)-(t:4.285-v:65.000)-(t:4.290-v:62.000)-(t:4.294-v:61.000)-(t:4.299-v:59.000)-(t:4.317-v:58.000)-(t:4.323-v:57.000)-(t:4.329-v:56.000)-(t:4.338-v:55.000)-(t:4.344-v:54.000)-(t:4.352-v:53.000)-(t:4.357-v:51.000)-(t:4.365-v:50.000)-(t:4.373-v:48.000)-(t:4.390-v:47.000)-(t:4.399-v:45.000)-(t:4.405-v:44.000)-(t:4.413-v:43.000)-(t:4.420-v:42.000)-(t:4.426-v:41.000)-(t:4.454-v:40.000)-(t:4.462-v:39.000)-(t:4.469-v:37.000)-(t:4.476-v:36.000)-(t:4.512-v:35.000)-(t:4.525-v:34.000)-(t:4.538-v:33.000)-(t:4.556-v:32.000)-(t:4.572-v:31.000)-(t:4.586-v:30.000)-(t:4.603-v:29.000)-(t:4.620-v:28.000)-(t:4.684-v:27.000)-(t:4.701-v:26.000)-(t:4.750-v:25.000)-(t:4.767-v:24.000)-(t:4.796-v:23.000)-(t:4.916-v:22.000)-(t:4.936-v:21.000)-(t:4.955-v:20.000)-(t:4.975-v:19.000)-(t:5.006-v:18.000)-(t:5.032-v:16.000)-(t:5.059-v:15.000)-(t:5.078-v:14.000)-(t:5.125-v:13.000)-(t:5.151-v:12.000)-(t:5.178-v:11.000)-(t:5.232-v:10.000)-(t:5.252-v:9.000)-(t:5.271-v:8.000)-(t:5.298-v:7.000)-(t:5.327-v:6.000)-(t:5.358-v:5.000)-(t:5.512-v:4.000)-(t:5.634-v:3.000)-(t:5.668-v:2.000)-(t:5.760-v:1.000)-(t:16.300-v:0.000)],16.3
examples/csp/csp_100/carseq_100_8_20_67.txt,dqn,r1,300,0.0,[(t:4.509-v:103.000)-(t:4.532-v:102.000)-(t:4.555-v:99.000)-(t:4.565-v:96.000)-(t:4.593-v:94.000)-(t:4.642-v:93.000)-(t:4.650-v:91.000)-(t:4.662-v:90.000)-(t:4.668-v:89.000)-(t:4.674-v:87.000)-(t:4.678-v:86.000)-(t:4.682-v:85.000)-(t:4.687-v:84.000)-(t:4.692-v:83.000)-(t:4.697-v:82.000)-(t:4.701-v:80.000)-(t:4.707-v:79.000)-(t:4.714-v:78.000)-(t:4.719-v:77.000)-(t:4.724-v:74.000)-(t:4.728-v:73.000)-(t:4.731-v:72.000)-(t:4.734-v:70.000)-(t:4.740-v:69.000)-(t:4.746-v:68.000)-(t:4.753-v:67.000)-(t:4.758-v:66.000)-(t:4.766-v:65.000)-(t:4.772-v:64.000)-(t:4.779-v:63.000)-(t:4.787-v:62.000)-(t:4.796-v:60.000)-(t:4.802-v:59.000)-(t:4.806-v:57.000)-(t:4.810-v:53.000)-(t:4.815-v:52.000)-(t:4.821-v:51.000)-(t:4.826-v:50.000)-(t:4.832-v:49.000)-(t:4.838-v:47.000)-(t:4.844-v:46.000)-(t:4.849-v:45.000)-(t:4.857-v:44.000)-(t:4.871-v:43.000)-(t:4.877-v:42.000)-(t:4.883-v:41.000)-(t:4.888-v:40.000)-(t:4.894-v:39.000)-(t:4.900-v:38.000)-(t:4.906-v:36.000)-(t:4.914-v:34.000)-(t:4.919-v:33.000)-(t:4.926-v:32.000)-(t:4.932-v:31.000)-(t:4.940-v:30.000)-(t:4.946-v:28.000)-(t:4.952-v:26.000)-(t:4.960-v:25.000)-(t:4.967-v:24.000)-(t:4.976-v:23.000)-(t:5.011-v:22.000)-(t:5.025-v:21.000)-(t:5.048-v:20.000)-(t:5.082-v:19.000)-(t:5.105-v:18.000)-(t:5.132-v:17.000)-(t:5.149-v:16.000)-(t:5.167-v:15.000)-(t:5.185-v:14.000)-(t:5.229-v:13.000)-(t:5.248-v:12.000)-(t:5.266-v:11.000)-(t:5.287-v:10.000)-(t:5.307-v:9.000)-(t:5.368-v:8.000)-(t:5.387-v:7.000)-(t:5.487-v:6.000)-(t:5.670-v:5.000)-(t:6.324-v:4.000)-(t:6.691-v:3.000)-(t:6.757-v:2.000)-(t:6.809-v:1.000)-(t:9.610-v:0.000)],9.61
examples/csp/csp_100/carseq_100_8_20_72.txt,dqn,r1,300,0.0,[(t:4.082-v:126.000)-(t:4.097-v:124.000)-(t:4.106-v:121.000)-(t:4.113-v:119.000)-(t:4.125-v:118.000)-(t:4.138-v:116.000)-(t:4.144-v:115.000)-(t:4.152-v:113.000)-(t:4.158-v:110.000)-(t:4.167-v:108.000)-(t:4.174-v:105.000)-(t:4.180-v:99.000)-(t:4.186-v:96.000)-(t:4.192-v:93.000)-(t:4.202-v:88.000)-(t:4.220-v:87.000)-(t:4.227-v:85.000)-(t:4.237-v:84.000)-(t:4.243-v:83.000)-(t:4.249-v:82.000)-(t:4.257-v:81.000)-(t:4.264-v:80.000)-(t:4.272-v:77.000)-(t:4.278-v:75.000)-(t:4.284-v:73.000)-(t:4.291-v:72.000)-(t:4.297-v:70.000)-(t:4.306-v:69.000)-(t:4.315-v:68.000)-(t:4.323-v:66.000)-(t:4.328-v:65.000)-(t:4.333-v:64.000)-(t:4.339-v:63.000)-(t:4.343-v:59.000)-(t:4.348-v:58.000)-(t:4.354-v:57.000)-(t:4.360-v:56.000)-(t:4.367-v:55.000)-(t:4.374-v:54.000)-(t:4.380-v:51.000)-(t:4.387-v:50.000)-(t:4.393-v:49.000)-(t:4.400-v:48.000)-(t:4.409-v:47.000)-(t:4.415-v:45.000)-(t:4.421-v:44.000)-(t:4.427-v:43.000)-(t:4.434-v:42.000)-(t:4.440-v:41.000)-(t:4.447-v:40.000)-(t:4.454-v:39.000)-(t:4.461-v:38.000)-(t:4.469-v:37.000)-(t:4.474-v:36.000)-(t:4.484-v:35.000)-(t:4.489-v:33.000)-(t:4.498-v:32.000)-(t:4.506-v:31.000)-(t:4.514-v:30.000)-(t:4.519-v:29.000)-(t:4.546-v:28.000)-(t:4.557-v:27.000)-(t:4.568-v:26.000)-(t:4.600-v:25.000)-(t:4.617-v:24.000)-(t:4.666-v:23.000)-(t:4.685-v:22.000)-(t:4.715-v:19.000)-(t:4.751-v:18.000)-(t:4.772-v:17.000)-(t:4.810-v:16.000)-(t:4.832-v:14.000)-(t:4.861-v:13.000)-(t:4.885-v:12.000)-(t:4.934-v:11.000)-(t:5.001-v:10.000)-(t:5.025-v:9.000)-(t:5.126-v:8.000)-(t:5.149-v:7.000)-(t:5.316-v:6.000)-(t:5.393-v:5.000)-(t:5.509-v:4.000)-(t:6.221-v:3.000)-(t:6.907-v:2.000)-(t:7.309-v:1.000)-(t:10.763-v:0.000)],10.763
examples/csp/csp_200/pb_200_10.txt,dqn,r1,300,20.0,[(t:4.530-v:217.000)-(t:4.539-v:215.000)-(t:4.552-v:211.000)-(t:4.572-v:210.000)-(t:4.589-v:208.000)-(t:4.604-v:207.000)-(t:4.615-v:202.000)-(t:4.630-v:195.000)-(t:4.643-v:194.000)-(t:4.656-v:193.000)-(t:4.668-v:191.000)-(t:4.681-v:190.000)-(t:4.692-v:189.000)-(t:4.704-v:187.000)-(t:4.713-v:186.000)-(t:4.720-v:185.000)-(t:4.727-v:184.000)-(t:4.736-v:183.000)-(t:4.744-v:181.000)-(t:4.753-v:179.000)-(t:4.761-v:178.000)-(t:4.768-v:176.000)-(t:4.780-v:175.000)-(t:4.795-v:173.000)-(t:4.803-v:172.000)-(t:4.812-v:171.000)-(t:4.820-v:170.000)-(t:4.831-v:169.000)-(t:4.839-v:168.000)-(t:4.845-v:167.000)-(t:4.859-v:164.000)-(t:4.865-v:162.000)-(t:4.875-v:161.000)-(t:4.883-v:159.000)-(t:4.892-v:157.000)-(t:4.900-v:153.000)-(t:4.906-v:151.000)-(t:4.912-v:149.000)-(t:4.918-v:148.000)-(t:4.923-v:142.000)-(t:4.961-v:140.000)-(t:4.973-v:139.000)-(t:4.987-v:138.000)-(t:5.007-v:137.000)-(t:5.020-v:135.000)-(t:5.031-v:134.000)-(t:5.042-v:132.000)-(t:5.055-v:131.000)-(t:5.066-v:130.000)-(t:5.074-v:128.000)-(t:5.082-v:125.000)-(t:5.094-v:124.000)-(t:5.101-v:123.000)-(t:5.110-v:122.000)-(t:5.118-v:121.000)-(t:5.128-v:120.000)-(t:5.137-v:119.000)-(t:5.148-v:118.000)-(t:5.155-v:117.000)-(t:5.161-v:116.000)-(t:5.200-v:115.000)-(t:5.216-v:114.000)-(t:5.233-v:113.000)-(t:5.251-v:112.000)-(t:5.266-v:111.000)-(t:5.279-v:110.000)-(t:5.292-v:109.000)-(t:5.306-v:106.000)-(t:5.320-v:105.000)-(t:5.336-v:104.000)-(t:5.353-v:103.000)-(t:5.370-v:100.000)-(t:5.384-v:99.000)-(t:5.401-v:98.000)-(t:5.419-v:97.000)-(t:5.434-v:96.000)-(t:5.449-v:94.000)-(t:5.467-v:93.000)-(t:5.483-v:92.000)-(t:5.496-v:91.000)-(t:5.509-v:89.000)-(t:5.529-v:88.000)-(t:5.546-v:86.000)-(t:5.561-v:85.000)-(t:5.575-v:84.000)-(t:5.589-v:83.000)-(t:5.605-v:80.000)-(t:5.619-v:79.000)-(t:5.635-v:76.000)-(t:5.652-v:74.000)-(t:5.668-v:73.000)-(t:5.682-v:72.000)-(t:5.698-v:71.000)-(t:5.712-v:70.000)-(t:5.734-v:69.000)-(t:5.749-v:68.000)-(t:5.764-v:66.000)-(t:5.778-v:65.000)-(t:5.793-v:64.000)-(t:5.816-v:63.000)-(t:5.830-v:62.000)-(t:5.861-v:61.000)-(t:5.882-v:60.000)-(t:5.905-v:59.000)-(t:5.921-v:57.000)-(t:5.937-v:55.000)-(t:5.954-v:54.000)-(t:5.974-v:53.000)-(t:6.003-v:52.000)-(t:6.027-v:50.000)-(t:6.048-v:49.000)-(t:6.067-v:48.000)-(t:6.082-v:47.000)-(t:6.099-v:46.000)-(t:6.134-v:45.000)-(t:6.150-v:44.000)-(t:6.168-v:43.000)-(t:6.187-v:41.000)-(t:6.223-v:40.000)-(t:6.255-v:39.000)-(t:6.312-v:38.000)-(t:6.328-v:37.000)-(t:6.345-v:36.000)-(t:6.386-v:35.000)-(t:6.404-v:34.000)-(t:6.454-v:33.000)-(t:6.498-v:32.000)-(t:6.630-v:31.000)-(t:6.787-v:30.000)-(t:6.958-v:29.000)-(t:6.982-v:28.000)-(t:7.018-v:27.000)-(t:7.038-v:26.000)-(t:7.063-v:25.000)-(t:7.105-v:24.000)-(t:9.494-v:23.000)-(t:10.995-v:22.000)-(t:11.046-v:21.000)-(t:11.374-v:20.000)],300.0
examples/csp/csp_100/carseq_100_8_20_73.txt,dqn,r1,300,0.0,[(t:4.252-v:122.000)-(t:4.274-v:121.000)-(t:4.282-v:116.000)-(t:4.289-v:115.000)-(t:4.301-v:114.000)-(t:4.311-v:113.000)-(t:4.318-v:112.000)-(t:4.328-v:110.000)-(t:4.336-v:108.000)-(t:4.345-v:106.000)-(t:4.349-v:105.000)-(t:4.355-v:104.000)-(t:4.361-v:103.000)-(t:4.365-v:102.000)-(t:4.371-v:101.000)-(t:4.378-v:100.000)-(t:4.387-v:99.000)-(t:4.399-v:97.000)-(t:4.413-v:95.000)-(t:4.420-v:94.000)-(t:4.430-v:93.000)-(t:4.437-v:92.000)-(t:4.448-v:91.000)-(t:4.455-v:88.000)-(t:4.462-v:84.000)-(t:4.469-v:83.000)-(t:4.478-v:80.000)-(t:4.485-v:79.000)-(t:4.492-v:77.000)-(t:4.498-v:76.000)-(t:4.504-v:75.000)-(t:4.512-v:74.000)-(t:4.525-v:73.000)-(t:4.531-v:72.000)-(t:4.537-v:71.000)-(t:4.542-v:70.000)-(t:4.547-v:69.000)-(t:4.553-v:67.000)-(t:4.557-v:65.000)-(t:4.562-v:64.000)-(t:4.568-v:63.000)-(t:4.575-v:61.000)-(t:4.582-v:60.000)-(t:4.592-v:59.000)-(t:4.601-v:58.000)-(t:4.609-v:57.000)-(t:4.617-v:56.000)-(t:4.623-v:55.000)-(t:4.631-v:54.000)-(t:4.637-v:53.000)-(t:4.642-v:52.000)-(t:4.648-v:51.000)-(t:4.653-v:50.000)-(t:4.659-v:49.000)-(t:4.667-v:48.000)-(t:4.672-v:47.000)-(t:4.677-v:46.000)-(t:4.682-v:45.000)-(t:4.690-v:44.000)-(t:4.695-v:43.000)-(t:4.728-v:42.000)-(t:4.741-v:40.000)-(t:4.754-v:39.000)-(t:4.767-v:37.000)-(t:4.780-v:36.000)-(t:4.795-v:35.000)-(t:4.809-v:33.000)-(t:4.822-v:32.000)-(t:4.836-v:31.000)-(t:4.849-v:30.000)-(t:4.863-v:29.000)-(t:4.880-v:28.000)-(t:4.915-v:27.000)-(t:4.929-v:26.000)-(t:4.944-v:25.000)-(t:4.961-v:24.000)-(t:4.983-v:23.000)-(t:5.039-v:22.000)-(t:5.053-v:21.000)-(t:5.069-v:20.000)-(t:5.096-v:19.000)-(t:5.117-v:18.000)-(t:5.137-v:16.000)-(t:5.153-v:15.000)-(t:5.219-v:14.000)-(t:5.281-v:13.000)-(t:5.295-v:12.000)-(t:5.309-v:11.000)-(t:5.325-v:10.000)-(t:5.343-v:9.000)-(t:5.359-v:8.000)-(t:5.418-v:7.000)-(t:5.445-v:6.000)-(t:5.469-v:5.000)-(t:5.519-v:4.000)-(t:5.616-v:3.000)-(t:5.642-v:2.000)-(t:5.659-v:1.000)-(t:6.454-v:0.000)],6.454
examples/csp/csp_100/carseq_100_8_20_71.txt,dqn,r1,300,0.0,[(t:4.259-v:134.000)-(t:4.275-v:131.000)-(t:4.284-v:130.000)-(t:4.302-v:125.000)-(t:4.311-v:122.000)-(t:4.318-v:118.000)-(t:4.324-v:117.000)-(t:4.333-v:116.000)-(t:4.340-v:115.000)-(t:4.347-v:114.000)-(t:4.354-v:112.000)-(t:4.362-v:110.000)-(t:4.369-v:107.000)-(t:4.373-v:106.000)-(t:4.376-v:104.000)-(t:4.382-v:103.000)-(t:4.388-v:101.000)-(t:4.403-v:100.000)-(t:4.411-v:99.000)-(t:4.417-v:96.000)-(t:4.424-v:95.000)-(t:4.429-v:92.000)-(t:4.435-v:91.000)-(t:4.440-v:90.000)-(t:4.446-v:89.000)-(t:4.452-v:85.000)-(t:4.458-v:83.000)-(t:4.465-v:82.000)-(t:4.471-v:81.000)-(t:4.480-v:79.000)-(t:4.488-v:77.000)-(t:4.493-v:76.000)-(t:4.501-v:75.000)-(t:4.506-v:74.000)-(t:4.511-v:73.000)-(t:4.518-v:72.000)-(t:4.524-v:71.000)-(t:4.529-v:69.000)-(t:4.534-v:68.000)-(t:4.544-v:66.000)-(t:4.557-v:65.000)-(t:4.563-v:64.000)-(t:4.570-v:62.000)-(t:4.577-v:61.000)-(t:4.596-v:60.000)-(t:4.605-v:59.000)-(t:4.611-v:58.000)-(t:4.617-v:57.000)-(t:4.623-v:56.000)-(t:4.628-v:55.000)-(t:4.632-v:54.000)-(t:4.637-v:53.000)-(t:4.641-v:51.000)-(t:4.646-v:49.000)-(t:4.652-v:48.000)-(t:4.658-v:46.000)-(t:4.662-v:45.000)-(t:4.668-v:44.000)-(t:4.673-v:43.000)-(t:4.679-v:40.000)-(t:4.717-v:39.000)-(t:4.731-v:38.000)-(t:4.758-v:37.000)-(t:4.771-v:35.000)-(t:4.816-v:34.000)-(t:4.837-v:33.000)-(t:4.853-v:32.000)-(t:4.871-v:31.000)-(t:4.883-v:29.000)-(t:4.894-v:28.000)-(t:4.935-v:27.000)-(t:4.948-v:26.000)-(t:4.963-v:24.000)-(t:4.994-v:23.000)-(t:5.043-v:22.000)-(t:5.083-v:21.000)-(t:5.118-v:20.000)-(t:5.141-v:19.000)-(t:5.212-v:18.000)-(t:5.298-v:17.000)-(t:5.337-v:16.000)-(t:5.359-v:15.000)-(t:5.376-v:14.000)-(t:5.398-v:13.000)-(t:5.416-v:12.000)-(t:5.440-v:11.000)-(t:5.470-v:10.000)-(t:6.151-v:9.000)-(t:6.174-v:7.000)-(t:6.205-v:6.000)-(t:7.173-v:5.000)-(t:9.228-v:4.000)-(t:9.780-v:3.000)-(t:9.809-v:2.000)-(t:10.099-v:1.000)-(t:32.033-v:0.000)],32.033
examples/csp/csp_100/carseq_100_8_20_77.txt,dqn,r1,300,0.0,[(t:4.475-v:108.000)-(t:4.487-v:104.000)-(t:4.497-v:103.000)-(t:4.516-v:102.000)-(t:4.528-v:101.000)-(t:4.539-v:99.000)-(t:4.544-v:97.000)-(t:4.550-v:95.000)-(t:4.554-v:94.000)-(t:4.562-v:93.000)-(t:4.568-v:90.000)-(t:4.572-v:89.000)-(t:4.578-v:87.000)-(t:4.584-v:85.000)-(t:4.589-v:82.000)-(t:4.598-v:80.000)-(t:4.604-v:78.000)-(t:4.614-v:77.000)-(t:4.621-v:76.000)-(t:4.627-v:75.000)-(t:4.632-v:74.000)-(t:4.639-v:73.000)-(t:4.646-v:72.000)-(t:4.652-v:70.000)-(t:4.657-v:69.000)-(t:4.660-v:68.000)-(t:4.665-v:65.000)-(t:4.671-v:64.000)-(t:4.676-v:63.000)-(t:4.682-v:61.000)-(t:4.688-v:60.000)-(t:4.698-v:59.000)-(t:4.709-v:58.000)-(t:4.714-v:57.000)-(t:4.722-v:55.000)-(t:4.729-v:53.000)-(t:4.733-v:52.000)-(t:4.739-v:51.000)-(t:4.745-v:50.000)-(t:4.749-v:48.000)-(t:4.758-v:47.000)-(t:4.764-v:44.000)-(t:4.778-v:43.000)-(t:4.787-v:42.000)-(t:4.805-v:41.000)-(t:4.819-v:40.000)-(t:4.824-v:39.000)-(t:4.829-v:38.000)-(t:4.837-v:36.000)-(t:4.845-v:35.000)-(t:4.853-v:34.000)-(t:4.861-v:33.000)-(t:4.870-v:31.000)-(t:4.877-v:30.000)-(t:4.882-v:28.000)-(t:4.889-v:27.000)-(t:4.896-v:26.000)-(t:4.900-v:25.000)-(t:4.906-v:24.000)-(t:4.915-v:23.000)-(t:4.956-v:22.000)-(t:4.975-v:21.000)-(t:4.993-v:20.000)-(t:5.009-v:19.000)-(t:5.029-v:18.000)-(t:5.111-v:17.000)-(t:5.131-v:15.000)-(t:5.179-v:14.000)-(t:5.232-v:13.000)-(t:5.271-v:12.000)-(t:5.335-v:11.000)-(t:5.354-v:10.000)-(t:5.369-v:9.000)-(t:5.397-v:8.000)-(t:5.453-v:7.000)-(t:5.498-v:6.000)-(t:6.041-v:5.000)-(t:6.076-v:4.000)-(t:7.057-v:3.000)-(t:7.087-v:2.000)-(t:8.560-v:1.000)-(t:8.681-v:0.000)],8.681
examples/csp/csp_100/carseq_100_8_20_81.txt,dqn,r1,300,0.0,[(t:4.743-v:105.000)-(t:4.752-v:101.000)-(t:4.759-v:100.000)-(t:4.777-v:97.000)-(t:4.788-v:93.000)-(t:4.801-v:92.000)-(t:4.808-v:91.000)-(t:4.818-v:90.000)-(t:4.826-v:89.000)-(t:4.837-v:87.000)-(t:4.842-v:86.000)-(t:4.850-v:85.000)-(t:4.857-v:83.000)-(t:4.866-v:82.000)-(t:4.878-v:81.000)-(t:4.883-v:78.000)-(t:4.889-v:76.000)-(t:4.900-v:74.000)-(t:4.906-v:73.000)-(t:4.912-v:71.000)-(t:4.918-v:70.000)-(t:4.922-v:69.000)-(t:4.926-v:66.000)-(t:4.931-v:65.000)-(t:4.935-v:62.000)-(t:4.946-v:61.000)-(t:4.951-v:60.000)-(t:4.957-v:58.000)-(t:4.963-v:57.000)-(t:4.967-v:56.000)-(t:4.972-v:55.000)-(t:4.978-v:54.000)-(t:4.988-v:53.000)-(t:4.998-v:52.000)-(t:5.004-v:51.000)-(t:5.013-v:50.000)-(t:5.023-v:49.000)-(t:5.030-v:48.000)-(t:5.035-v:47.000)-(t:5.048-v:46.000)-(t:5.054-v:45.000)-(t:5.063-v:44.000)-(t:5.075-v:43.000)-(t:5.085-v:42.000)-(t:5.093-v:41.000)-(t:5.100-v:40.000)-(t:5.107-v:39.000)-(t:5.114-v:38.000)-(t:5.123-v:37.000)-(t:5.143-v:36.000)-(t:5.153-v:35.000)-(t:5.161-v:34.000)-(t:5.171-v:32.000)-(t:5.181-v:31.000)-(t:5.189-v:30.000)-(t:5.196-v:29.000)-(t:5.200-v:28.000)-(t:5.212-v:27.000)-(t:5.246-v:25.000)-(t:5.268-v:24.000)-(t:5.283-v:22.000)-(t:5.295-v:21.000)-(t:5.315-v:20.000)-(t:5.338-v:19.000)-(t:5.356-v:18.000)-(t:5.370-v:17.000)-(t:5.388-v:15.000)-(t:5.406-v:13.000)-(t:5.426-v:12.000)-(t:5.499-v:11.000)-(t:5.530-v:10.000)-(t:5.552-v:9.000)-(t:5.568-v:8.000)-(t:5.630-v:7.000)-(t:5.656-v:6.000)-(t:5.695-v:5.000)-(t:5.732-v:4.000)-(t:5.803-v:3.000)-(t:6.533-v:2.000)-(t:10.077-v:1.000)-(t:10.101-v:0.000)],10.101
examples/csp/csp_300/carseq_300_8_20_40.txt,dqn,r1,300,2.0,[(t:4.965-v:391.000)-(t:4.985-v:387.000)-(t:4.998-v:385.000)-(t:5.021-v:384.000)-(t:5.030-v:383.000)-(t:5.045-v:381.000)-(t:5.062-v:380.000)-(t:5.076-v:379.000)-(t:5.086-v:377.000)-(t:5.101-v:376.000)-(t:5.110-v:374.000)-(t:5.119-v:373.000)-(t:5.129-v:372.000)-(t:5.138-v:371.000)-(t:5.147-v:369.000)-(t:5.156-v:366.000)-(t:5.168-v:364.000)-(t:5.180-v:358.000)-(t:5.194-v:356.000)-(t:5.203-v:355.000)-(t:5.211-v:354.000)-(t:5.219-v:352.000)-(t:5.231-v:351.000)-(t:5.242-v:350.000)-(t:5.251-v:348.000)-(t:5.262-v:347.000)-(t:5.271-v:346.000)-(t:5.282-v:344.000)-(t:5.292-v:342.000)-(t:5.299-v:341.000)-(t:5.306-v:339.000)-(t:5.314-v:338.000)-(t:5.323-v:337.000)-(t:5.332-v:334.000)-(t:5.339-v:332.000)-(t:5.348-v:328.000)-(t:5.356-v:327.000)-(t:5.367-v:326.000)-(t:5.377-v:324.000)-(t:5.386-v:321.000)-(t:5.393-v:319.000)-(t:5.401-v:318.000)-(t:5.409-v:317.000)-(t:5.420-v:316.000)-(t:5.433-v:314.000)-(t:5.445-v:313.000)-(t:5.454-v:311.000)-(t:5.462-v:310.000)-(t:5.470-v:309.000)-(t:5.478-v:308.000)-(t:5.484-v:306.000)-(t:5.494-v:305.000)-(t:5.501-v:304.000)-(t:5.509-v:301.000)-(t:5.517-v:300.000)-(t:5.524-v:298.000)-(t:5.531-v:297.000)-(t:5.541-v:295.000)-(t:5.547-v:293.000)-(t:5.554-v:292.000)-(t:5.595-v:291.000)-(t:5.618-v:288.000)-(t:5.642-v:287.000)-(t:5.661-v:286.000)-(t:5.681-v:285.000)-(t:5.704-v:284.000)-(t:5.725-v:283.000)-(t:5.746-v:281.000)-(t:5.767-v:280.000)-(t:5.789-v:279.000)-(t:5.810-v:278.000)-(t:5.833-v:276.000)-(t:5.856-v:274.000)-(t:5.877-v:273.000)-(t:5.899-v:271.000)-(t:5.919-v:270.000)-(t:5.940-v:269.000)-(t:5.961-v:267.000)-(t:5.980-v:266.000)-(t:6.001-v:265.000)-(t:6.023-v:264.000)-(t:6.045-v:262.000)-(t:6.066-v:261.000)-(t:6.086-v:260.000)-(t:6.109-v:259.000)-(t:6.132-v:256.000)-(t:6.152-v:255.000)-(t:6.172-v:254.000)-(t:6.194-v:253.000)-(t:6.217-v:248.000)-(t:6.237-v:246.000)-(t:6.258-v:245.000)-(t:6.277-v:244.000)-(t:6.299-v:241.000)-(t:6.321-v:240.000)-(t:6.340-v:239.000)-(t:6.358-v:235.000)-(t:6.375-v:234.000)-(t:6.396-v:233.000)-(t:6.415-v:231.000)-(t:6.443-v:229.000)-(t:6.462-v:228.000)-(t:6.479-v:227.000)-(t:6.501-v:226.000)-(t:6.519-v:224.000)-(t:6.536-v:222.000)-(t:6.558-v:221.000)-(t:6.582-v:219.000)-(t:6.605-v:218.000)-(t:6.625-v:217.000)-(t:6.644-v:216.000)-(t:6.667-v:215.000)-(t:6.687-v:214.000)-(t:6.709-v:213.000)-(t:6.735-v:209.000)-(t:6.759-v:208.000)-(t:6.784-v:207.000)-(t:6.807-v:206.000)-(t:6.833-v:205.000)-(t:6.857-v:204.000)-(t:6.880-v:203.000)-(t:6.903-v:202.000)-(t:6.923-v:201.000)-(t:6.946-v:200.000)-(t:6.969-v:199.000)-(t:7.001-v:198.000)-(t:7.023-v:197.000)-(t:7.047-v:196.000)-(t:7.073-v:194.000)-(t:7.092-v:193.000)-(t:7.110-v:192.000)-(t:7.126-v:191.000)-(t:7.143-v:190.000)-(t:7.165-v:189.000)-(t:7.187-v:188.000)-(t:7.207-v:186.000)-(t:7.228-v:185.000)-(t:7.250-v:184.000)-(t:7.281-v:183.000)-(t:7.309-v:182.000)-(t:7.339-v:181.000)-(t:7.368-v:178.000)-(t:7.387-v:177.000)-(t:7.406-v:175.000)-(t:7.425-v:174.000)-(t:7.443-v:173.000)-(t:7.472-v:172.000)-(t:7.494-v:171.000)-(t:7.514-v:170.000)-(t:7.531-v:169.000)-(t:7.550-v:166.000)-(t:7.571-v:165.000)-(t:7.592-v:163.000)-(t:7.619-v:162.000)-(t:7.641-v:161.000)-(t:7.661-v:160.000)-(t:7.679-v:159.000)-(t:7.697-v:158.000)-(t:7.717-v:157.000)-(t:7.740-v:156.000)-(t:7.760-v:155.000)-(t:7.779-v:152.000)-(t:7.814-v:151.000)-(t:7.848-v:150.000)-(t:7.884-v:149.000)-(t:7.907-v:146.000)-(t:7.927-v:144.000)-(t:7.950-v:143.000)-(t:7.971-v:142.000)-(t:7.993-v:141.000)-(t:8.014-v:140.000)-(t:8.034-v:137.000)-(t:8.057-v:136.000)-(t:8.078-v:135.000)-(t:8.110-v:134.000)-(t:8.135-v:133.000)-(t:8.163-v:132.000)-(t:8.181-v:131.000)-(t:8.207-v:130.000)-(t:8.227-v:129.000)-(t:8.247-v:128.000)-(t:8.328-v:127.000)-(t:8.406-v:126.000)-(t:8.426-v:125.000)-(t:8.448-v:124.000)-(t:8.470-v:122.000)-(t:8.497-v:121.000)-(t:8.524-v:120.000)-(t:8.543-v:119.000)-(t:8.562-v:118.000)-(t:8.581-v:117.000)-(t:8.603-v:116.000)-(t:8.625-v:115.000)-(t:8.644-v:114.000)-(t:8.664-v:113.000)-(t:8.684-v:112.000)-(t:8.706-v:111.000)-(t:8.724-v:110.000)-(t:8.744-v:109.000)-(t:8.787-v:108.000)-(t:8.806-v:107.000)-(t:8.839-v:106.000)-(t:8.862-v:105.000)-(t:8.885-v:104.000)-(t:8.906-v:103.000)-(t:8.955-v:102.000)-(t:8.974-v:101.000)-(t:8.996-v:100.000)-(t:9.018-v:99.000)-(t:9.040-v:97.000)-(t:9.060-v:96.000)-(t:9.082-v:95.000)-(t:9.104-v:93.000)-(t:9.125-v:92.000)-(t:9.154-v:91.000)-(t:9.192-v:90.000)-(t:9.216-v:89.000)-(t:9.249-v:88.000)-(t:9.269-v:87.000)-(t:9.288-v:86.000)-(t:9.306-v:85.000)-(t:9.325-v:84.000)-(t:9.345-v:83.000)-(t:9.369-v:82.000)-(t:9.393-v:81.000)-(t:9.413-v:80.000)-(t:9.435-v:79.000)-(t:9.457-v:78.000)-(t:9.477-v:77.000)-(t:9.499-v:76.000)-(t:9.518-v:75.000)-(t:9.536-v:74.000)-(t:9.558-v:73.000)-(t:9.575-v:72.000)-(t:9.594-v:71.000)-(t:9.623-v:70.000)-(t:9.645-v:69.000)-(t:9.670-v:68.000)-(t:9.694-v:67.000)-(t:9.718-v:66.000)-(t:9.743-v:65.000)-(t:9.877-v:64.000)-(t:9.905-v:63.000)-(t:9.958-v:62.000)-(t:9.987-v:61.000)-(t:10.038-v:60.000)-(t:10.068-v:59.000)-(t:10.095-v:58.000)-(t:10.120-v:57.000)-(t:10.146-v:56.000)-(t:10.167-v:55.000)-(t:10.192-v:54.000)-(t:10.266-v:53.000)-(t:10.309-v:52.000)-(t:10.523-v:51.000)-(t:10.557-v:50.000)-(t:10.579-v:49.000)-(t:10.851-v:48.000)-(t:10.884-v:47.000)-(t:10.926-v:46.000)-(t:10.961-v:45.000)-(t:11.279-v:44.000)-(t:11.427-v:43.000)-(t:11.452-v:42.000)-(t:11.482-v:41.000)-(t:11.522-v:40.000)-(t:11.556-v:39.000)-(t:11.606-v:38.000)-(t:11.678-v:37.000)-(t:11.717-v:36.000)-(t:11.748-v:35.000)-(t:12.198-v:34.000)-(t:12.220-v:33.000)-(t:12.252-v:32.000)-(t:12.282-v:31.000)-(t:12.328-v:30.000)-(t:12.384-v:29.000)-(t:12.593-v:28.000)-(t:12.682-v:27.000)-(t:12.711-v:26.000)-(t:12.751-v:25.000)-(t:12.780-v:24.000)-(t:12.867-v:23.000)-(t:12.961-v:22.000)-(t:13.015-v:21.000)-(t:13.138-v:20.000)-(t:13.180-v:19.000)-(t:13.232-v:18.000)-(t:13.312-v:17.000)-(t:13.360-v:16.000)-(t:13.532-v:15.000)-(t:13.592-v:14.000)-(t:13.749-v:13.000)-(t:16.403-v:12.000)-(t:16.448-v:11.000)-(t:16.548-v:10.000)-(t:16.640-v:9.000)-(t:22.451-v:8.000)-(t:41.197-v:7.000)-(t:51.855-v:6.000)-(t:83.112-v:5.000)-(t:85.685-v:4.000)-(t:104.415-v:3.000)-(t:231.709-v:2.000)],300.0
examples/csp/csp_300/carseq_300_8_20_45.txt,dqn,r1,300,1.0,[(t:4.544-v:390.000)-(t:4.564-v:383.000)-(t:4.579-v:382.000)-(t:4.599-v:378.000)-(t:4.611-v:377.000)-(t:4.627-v:376.000)-(t:4.641-v:371.000)-(t:4.653-v:369.000)-(t:4.665-v:368.000)-(t:4.678-v:367.000)-(t:4.687-v:366.000)-(t:4.694-v:363.000)-(t:4.705-v:362.000)-(t:4.713-v:361.000)-(t:4.721-v:359.000)-(t:4.734-v:355.000)-(t:4.745-v:353.000)-(t:4.761-v:352.000)-(t:4.777-v:351.000)-(t:4.788-v:348.000)-(t:4.796-v:347.000)-(t:4.807-v:346.000)-(t:4.818-v:345.000)-(t:4.826-v:344.000)-(t:4.837-v:343.000)-(t:4.846-v:341.000)-(t:4.854-v:339.000)-(t:4.864-v:338.000)-(t:4.875-v:335.000)-(t:4.885-v:334.000)-(t:4.895-v:330.000)-(t:4.903-v:328.000)-(t:4.915-v:327.000)-(t:4.923-v:326.000)-(t:4.934-v:325.000)-(t:4.942-v:316.000)-(t:4.951-v:315.000)-(t:4.959-v:312.000)-(t:4.968-v:311.000)-(t:4.974-v:310.000)-(t:4.984-v:309.000)-(t:4.993-v:307.000)-(t:5.002-v:305.000)-(t:5.019-v:303.000)-(t:5.037-v:302.000)-(t:5.049-v:301.000)-(t:5.063-v:297.000)-(t:5.071-v:296.000)-(t:5.086-v:295.000)-(t:5.095-v:294.000)-(t:5.106-v:293.000)-(t:5.117-v:292.000)-(t:5.127-v:290.000)-(t:5.134-v:289.000)-(t:5.141-v:288.000)-(t:5.149-v:286.000)-(t:5.157-v:283.000)-(t:5.164-v:282.000)-(t:5.170-v:280.000)-(t:5.178-v:279.000)-(t:5.218-v:276.000)-(t:5.236-v:275.000)-(t:5.258-v:274.000)-(t:5.278-v:272.000)-(t:5.298-v:271.000)-(t:5.319-v:268.000)-(t:5.337-v:266.000)-(t:5.357-v:263.000)-(t:5.377-v:262.000)-(t:5.398-v:257.000)-(t:5.417-v:256.000)-(t:5.440-v:255.000)-(t:5.462-v:253.000)-(t:5.485-v:252.000)-(t:5.504-v:251.000)-(t:5.525-v:249.000)-(t:5.542-v:247.000)-(t:5.562-v:246.000)-(t:5.583-v:242.000)-(t:5.601-v:240.000)-(t:5.623-v:239.000)-(t:5.645-v:237.000)-(t:5.665-v:235.000)-(t:5.688-v:234.000)-(t:5.712-v:233.000)-(t:5.738-v:232.000)-(t:5.762-v:231.000)-(t:5.782-v:230.000)-(t:5.808-v:229.000)-(t:5.830-v:228.000)-(t:5.854-v:227.000)-(t:5.877-v:225.000)-(t:5.900-v:223.000)-(t:5.922-v:221.000)-(t:5.943-v:220.000)-(t:5.968-v:219.000)-(t:5.989-v:213.000)-(t:6.013-v:212.000)-(t:6.034-v:211.000)-(t:6.057-v:209.000)-(t:6.089-v:208.000)-(t:6.112-v:206.000)-(t:6.135-v:205.000)-(t:6.156-v:204.000)-(t:6.176-v:203.000)-(t:6.195-v:201.000)-(t:6.224-v:199.000)-(t:6.247-v:198.000)-(t:6.269-v:196.000)-(t:6.294-v:195.000)-(t:6.318-v:194.000)-(t:6.337-v:193.000)-(t:6.357-v:192.000)-(t:6.377-v:191.000)-(t:6.399-v:189.000)-(t:6.423-v:188.000)-(t:6.454-v:187.000)-(t:6.477-v:185.000)-(t:6.498-v:184.000)-(t:6.518-v:183.000)-(t:6.543-v:182.000)-(t:6.568-v:181.000)-(t:6.589-v:179.000)-(t:6.610-v:178.000)-(t:6.630-v:177.000)-(t:6.659-v:176.000)-(t:6.688-v:175.000)-(t:6.709-v:174.000)-(t:6.729-v:173.000)-(t:6.749-v:171.000)-(t:6.772-v:170.000)-(t:6.792-v:169.000)-(t:6.813-v:168.000)-(t:6.837-v:167.000)-(t:6.857-v:164.000)-(t:6.882-v:163.000)-(t:6.908-v:161.000)-(t:6.930-v:160.000)-(t:6.955-v:159.000)-(t:6.979-v:158.000)-(t:7.002-v:157.000)-(t:7.023-v:156.000)-(t:7.044-v:155.000)-(t:7.069-v:154.000)-(t:7.096-v:151.000)-(t:7.125-v:150.000)-(t:7.146-v:148.000)-(t:7.165-v:147.000)-(t:7.196-v:146.000)-(t:7.216-v:145.000)-(t:7.239-v:143.000)-(t:7.260-v:142.000)-(t:7.280-v:140.000)-(t:7.300-v:139.000)-(t:7.321-v:138.000)-(t:7.344-v:137.000)-(t:7.380-v:136.000)-(t:7.405-v:135.000)-(t:7.426-v:134.000)-(t:7.500-v:133.000)-(t:7.520-v:130.000)-(t:7.540-v:129.000)-(t:7.560-v:128.000)-(t:7.584-v:126.000)-(t:7.610-v:124.000)-(t:7.656-v:123.000)-(t:7.693-v:122.000)-(t:7.718-v:121.000)-(t:7.745-v:119.000)-(t:7.772-v:118.000)-(t:7.793-v:117.000)-(t:7.821-v:116.000)-(t:7.845-v:115.000)-(t:7.874-v:114.000)-(t:7.966-v:113.000)-(t:7.990-v:112.000)-(t:8.013-v:111.000)-(t:8.034-v:110.000)-(t:8.114-v:109.000)-(t:8.136-v:108.000)-(t:8.162-v:107.000)-(t:8.233-v:106.000)-(t:8.287-v:105.000)-(t:8.316-v:104.000)-(t:8.348-v:103.000)-(t:8.374-v:102.000)-(t:8.403-v:101.000)-(t:8.437-v:99.000)-(t:8.461-v:97.000)-(t:8.484-v:96.000)-(t:8.509-v:95.000)-(t:8.530-v:93.000)-(t:8.555-v:92.000)-(t:8.579-v:91.000)-(t:8.667-v:89.000)-(t:8.690-v:88.000)-(t:8.712-v:87.000)-(t:8.736-v:86.000)-(t:8.762-v:85.000)-(t:8.788-v:84.000)-(t:8.838-v:83.000)-(t:8.861-v:82.000)-(t:8.885-v:81.000)-(t:8.909-v:80.000)-(t:8.932-v:79.000)-(t:9.046-v:78.000)-(t:9.123-v:77.000)-(t:9.143-v:76.000)-(t:9.290-v:75.000)-(t:9.315-v:74.000)-(t:9.344-v:73.000)-(t:9.366-v:72.000)-(t:9.389-v:71.000)-(t:9.413-v:69.000)-(t:9.474-v:68.000)-(t:9.494-v:67.000)-(t:9.518-v:66.000)-(t:9.541-v:65.000)-(t:9.568-v:64.000)-(t:9.702-v:63.000)-(t:9.811-v:62.000)-(t:9.855-v:60.000)-(t:9.903-v:59.000)-(t:9.937-v:58.000)-(t:10.018-v:57.000)-(t:10.096-v:56.000)-(t:10.220-v:55.000)-(t:10.290-v:54.000)-(t:10.319-v:53.000)-(t:10.397-v:52.000)-(t:10.426-v:51.000)-(t:10.474-v:50.000)-(t:10.518-v:48.000)-(t:10.552-v:47.000)-(t:10.617-v:46.000)-(t:10.680-v:45.000)-(t:10.877-v:44.000)-(t:11.001-v:43.000)-(t:11.031-v:42.000)-(t:11.225-v:41.000)-(t:11.255-v:40.000)-(t:11.280-v:39.000)-(t:11.314-v:38.000)-(t:11.400-v:37.000)-(t:11.552-v:36.000)-(t:11.587-v:35.000)-(t:11.625-v:34.000)-(t:11.681-v:33.000)-(t:11.754-v:32.000)-(t:11.801-v:31.000)-(t:12.191-v:30.000)-(t:12.223-v:29.000)-(t:12.253-v:28.000)-(t:12.284-v:27.000)-(t:12.430-v:26.000)-(t:12.475-v:25.000)-(t:12.608-v:24.000)-(t:12.648-v:23.000)-(t:12.705-v:22.000)-(t:12.738-v:21.000)-(t:12.776-v:20.000)-(t:12.996-v:19.000)-(t:13.035-v:18.000)-(t:13.073-v:17.000)-(t:13.114-v:16.000)-(t:13.164-v:15.000)-(t:13.199-v:14.000)-(t:13.293-v:13.000)-(t:13.430-v:12.000)-(t:13.634-v:11.000)-(t:18.245-v:10.000)-(t:20.960-v:9.000)-(t:21.893-v:8.000)-(t:24.106-v:7.000)-(t:24.293-v:6.000)-(t:39.292-v:5.000)-(t:39.451-v:4.000)-(t:43.031-v:3.000)-(t:46.544-v:2.000)-(t:77.060-v:1.000)],300.0
examples/csp/csp_100/carseq_100_8_20_90.txt,dqn,r1,300,0.0,[(t:4.430-v:116.000)-(t:4.451-v:115.000)-(t:4.461-v:113.000)-(t:4.466-v:112.000)-(t:4.478-v:110.000)-(t:4.489-v:107.000)-(t:4.500-v:105.000)-(t:4.512-v:97.000)-(t:4.522-v:94.000)-(t:4.549-v:93.000)-(t:4.557-v:92.000)-(t:4.563-v:90.000)-(t:4.569-v:86.000)-(t:4.576-v:85.000)-(t:4.585-v:84.000)-(t:4.593-v:82.000)-(t:4.599-v:81.000)-(t:4.610-v:80.000)-(t:4.617-v:78.000)-(t:4.622-v:77.000)-(t:4.628-v:76.000)-(t:4.634-v:74.000)-(t:4.642-v:72.000)-(t:4.657-v:70.000)-(t:4.664-v:69.000)-(t:4.671-v:66.000)-(t:4.680-v:65.000)-(t:4.687-v:64.000)-(t:4.691-v:63.000)-(t:4.695-v:62.000)-(t:4.705-v:61.000)-(t:4.710-v:60.000)-(t:4.717-v:59.000)-(t:4.722-v:58.000)-(t:4.726-v:57.000)-(t:4.731-v:56.000)-(t:4.737-v:55.000)-(t:4.745-v:54.000)-(t:4.750-v:53.000)-(t:4.755-v:50.000)-(t:4.761-v:49.000)-(t:4.767-v:48.000)-(t:4.774-v:47.000)-(t:4.787-v:46.000)-(t:4.794-v:45.000)-(t:4.799-v:44.000)-(t:4.807-v:43.000)-(t:4.815-v:42.000)-(t:4.822-v:41.000)-(t:4.828-v:40.000)-(t:4.835-v:38.000)-(t:4.842-v:37.000)-(t:4.848-v:36.000)-(t:4.856-v:35.000)-(t:4.863-v:33.000)-(t:4.870-v:32.000)-(t:4.877-v:30.000)-(t:4.884-v:29.000)-(t:4.890-v:28.000)-(t:4.898-v:27.000)-(t:4.934-v:26.000)-(t:4.946-v:25.000)-(t:4.961-v:24.000)-(t:4.996-v:23.000)-(t:5.036-v:22.000)-(t:5.052-v:21.000)-(t:5.088-v:20.000)-(t:5.104-v:19.000)-(t:5.127-v:18.000)-(t:5.154-v:17.000)-(t:5.172-v:16.000)-(t:5.210-v:15.000)-(t:5.229-v:14.000)-(t:5.247-v:13.000)-(t:5.340-v:12.000)-(t:5.364-v:11.000)-(t:5.380-v:10.000)-(t:5.471-v:9.000)-(t:5.492-v:8.000)-(t:5.510-v:7.000)-(t:5.541-v:6.000)-(t:5.570-v:5.000)-(t:5.593-v:4.000)-(t:5.628-v:3.000)-(t:6.167-v:2.000)-(t:7.311-v:1.000)-(t:7.342-v:0.000)],7.342
examples/csp/csp_100/carseq_100_8_20_82.txt,dqn,r1,300,0.0,[(t:4.310-v:137.000)-(t:4.322-v:136.000)-(t:4.330-v:135.000)-(t:4.357-v:134.000)-(t:4.369-v:132.000)-(t:4.379-v:131.000)-(t:4.384-v:129.000)-(t:4.391-v:128.000)-(t:4.398-v:127.000)-(t:4.405-v:125.000)-(t:4.412-v:124.000)-(t:4.422-v:123.000)-(t:4.429-v:122.000)-(t:4.435-v:120.000)-(t:4.445-v:119.000)-(t:4.453-v:118.000)-(t:4.465-v:115.000)-(t:4.475-v:112.000)-(t:4.481-v:111.000)-(t:4.487-v:109.000)-(t:4.495-v:108.000)-(t:4.499-v:106.000)-(t:4.507-v:104.000)-(t:4.515-v:100.000)-(t:4.522-v:99.000)-(t:4.528-v:97.000)-(t:4.536-v:96.000)-(t:4.543-v:94.000)-(t:4.549-v:93.000)-(t:4.555-v:92.000)-(t:4.562-v:90.000)-(t:4.568-v:87.000)-(t:4.574-v:86.000)-(t:4.577-v:85.000)-(t:4.582-v:84.000)-(t:4.588-v:83.000)-(t:4.593-v:82.000)-(t:4.601-v:80.000)-(t:4.606-v:78.000)-(t:4.610-v:77.000)-(t:4.617-v:76.000)-(t:4.622-v:73.000)-(t:4.631-v:72.000)-(t:4.643-v:70.000)-(t:4.656-v:69.000)-(t:4.664-v:68.000)-(t:4.673-v:66.000)-(t:4.679-v:65.000)-(t:4.686-v:64.000)-(t:4.704-v:63.000)-(t:4.714-v:62.000)-(t:4.720-v:61.000)-(t:4.727-v:60.000)-(t:4.748-v:59.000)-(t:4.754-v:58.000)-(t:4.761-v:57.000)-(t:4.770-v:56.000)-(t:4.777-v:55.000)-(t:4.786-v:54.000)-(t:4.826-v:53.000)-(t:4.846-v:52.000)-(t:4.860-v:51.000)-(t:4.874-v:49.000)-(t:4.890-v:48.000)-(t:4.903-v:47.000)-(t:4.916-v:46.000)-(t:4.939-v:45.000)-(t:4.975-v:44.000)-(t:4.993-v:43.000)-(t:5.011-v:42.000)-(t:5.045-v:41.000)-(t:5.080-v:40.000)-(t:5.095-v:39.000)-(t:5.114-v:38.000)-(t:5.136-v:37.000)-(t:5.151-v:36.000)-(t:5.167-v:35.000)-(t:5.183-v:34.000)-(t:5.199-v:33.000)-(t:5.220-v:32.000)-(t:5.237-v:31.000)-(t:5.270-v:30.000)-(t:5.287-v:28.000)-(t:5.300-v:27.000)-(t:5.353-v:26.000)-(t:5.372-v:25.000)-(t:5.422-v:24.000)-(t:5.436-v:23.000)-(t:5.452-v:21.000)-(t:5.487-v:19.000)-(t:5.501-v:18.000)-(t:5.517-v:16.000)-(t:5.534-v:15.000)-(t:5.558-v:14.000)-(t:5.627-v:13.000)-(t:5.667-v:12.000)-(t:5.679-v:10.000)-(t:6.395-v:9.000)-(t:6.456-v:8.000)-(t:6.475-v:7.000)-(t:7.034-v:6.000)-(t:7.096-v:5.000)-(t:12.182-v:4.000)-(t:12.251-v:3.000)-(t:25.202-v:2.000)-(t:25.505-v:1.000)-(t:44.446-v:0.000)],44.446
examples/csp/csp_100/carseq_100_8_20_88.txt,dqn,r1,300,0.0,[(t:3.984-v:132.000)-(t:3.997-v:126.000)-(t:4.006-v:123.000)-(t:4.022-v:121.000)-(t:4.033-v:118.000)-(t:4.044-v:117.000)-(t:4.050-v:115.000)-(t:4.059-v:112.000)-(t:4.068-v:110.000)-(t:4.076-v:109.000)-(t:4.083-v:107.000)-(t:4.091-v:106.000)-(t:4.098-v:103.000)-(t:4.105-v:102.000)-(t:4.117-v:99.000)-(t:4.137-v:97.000)-(t:4.145-v:96.000)-(t:4.154-v:93.000)-(t:4.161-v:92.000)-(t:4.167-v:90.000)-(t:4.172-v:89.000)-(t:4.178-v:87.000)-(t:4.186-v:86.000)-(t:4.190-v:85.000)-(t:4.198-v:84.000)-(t:4.205-v:82.000)-(t:4.214-v:81.000)-(t:4.228-v:80.000)-(t:4.234-v:77.000)-(t:4.240-v:75.000)-(t:4.243-v:74.000)-(t:4.249-v:73.000)-(t:4.255-v:72.000)-(t:4.264-v:71.000)-(t:4.269-v:70.000)-(t:4.275-v:69.000)-(t:4.280-v:67.000)-(t:4.285-v:65.000)-(t:4.290-v:64.000)-(t:4.294-v:63.000)-(t:4.300-v:62.000)-(t:4.304-v:61.000)-(t:4.310-v:60.000)-(t:4.315-v:58.000)-(t:4.320-v:56.000)-(t:4.324-v:55.000)-(t:4.329-v:54.000)-(t:4.334-v:53.000)-(t:4.360-v:51.000)-(t:4.366-v:50.000)-(t:4.374-v:49.000)-(t:4.384-v:48.000)-(t:4.390-v:47.000)-(t:4.400-v:46.000)-(t:4.413-v:45.000)-(t:4.421-v:44.000)-(t:4.427-v:43.000)-(t:4.435-v:42.000)-(t:4.439-v:41.000)-(t:4.482-v:40.000)-(t:4.495-v:38.000)-(t:4.507-v:37.000)-(t:4.521-v:36.000)-(t:4.540-v:35.000)-(t:4.567-v:34.000)-(t:4.579-v:33.000)-(t:4.592-v:32.000)-(t:4.604-v:31.000)-(t:4.617-v:30.000)-(t:4.632-v:28.000)-(t:4.648-v:26.000)-(t:4.661-v:25.000)-(t:4.675-v:24.000)-(t:4.688-v:23.000)-(t:4.701-v:22.000)-(t:4.742-v:21.000)-(t:4.813-v:20.000)-(t:4.839-v:19.000)-(t:4.852-v:18.000)-(t:4.899-v:17.000)-(t:4.918-v:16.000)-(t:4.957-v:15.000)-(t:5.054-v:14.000)-(t:5.071-v:13.000)-(t:5.093-v:12.000)-(t:5.122-v:11.000)-(t:5.161-v:10.000)-(t:5.197-v:9.000)-(t:5.214-v:8.000)-(t:5.846-v:7.000)-(t:5.867-v:6.000)-(t:7.426-v:5.000)-(t:7.449-v:4.000)-(t:7.499-v:3.000)-(t:7.530-v:2.000)-(t:7.886-v:1.000)-(t:69.341-v:0.000)],69.341
examples/csp/csp_300/pb_300_06.txt,dqn,r1,300,6.0,[(t:5.485-v:405.000)-(t:5.512-v:403.000)-(t:5.525-v:402.000)-(t:5.534-v:401.000)-(t:5.549-v:400.000)-(t:5.562-v:397.000)-(t:5.576-v:396.000)-(t:5.588-v:395.000)-(t:5.596-v:392.000)-(t:5.608-v:390.000)-(t:5.618-v:389.000)-(t:5.625-v:388.000)-(t:5.633-v:387.000)-(t:5.641-v:386.000)-(t:5.651-v:380.000)-(t:5.662-v:379.000)-(t:5.670-v:377.000)-(t:5.682-v:371.000)-(t:5.693-v:370.000)-(t:5.703-v:364.000)-(t:5.712-v:363.000)-(t:5.720-v:361.000)-(t:5.727-v:359.000)-(t:5.737-v:358.000)-(t:5.749-v:357.000)-(t:5.761-v:355.000)-(t:5.774-v:352.000)-(t:5.786-v:351.000)-(t:5.800-v:350.000)-(t:5.813-v:349.000)-(t:5.826-v:348.000)-(t:5.836-v:345.000)-(t:5.847-v:344.000)-(t:5.861-v:342.000)-(t:5.875-v:340.000)-(t:5.891-v:337.000)-(t:5.898-v:336.000)-(t:5.905-v:335.000)-(t:5.921-v:334.000)-(t:5.935-v:330.000)-(t:5.946-v:329.000)-(t:5.957-v:328.000)-(t:5.972-v:326.000)-(t:5.989-v:325.000)-(t:6.006-v:324.000)-(t:6.014-v:323.000)-(t:6.022-v:322.000)-(t:6.030-v:321.000)-(t:6.038-v:320.000)-(t:6.049-v:318.000)-(t:6.062-v:317.000)-(t:6.072-v:316.000)-(t:6.079-v:313.000)-(t:6.090-v:311.000)-(t:6.101-v:309.000)-(t:6.110-v:307.000)-(t:6.119-v:303.000)-(t:6.135-v:302.000)-(t:6.146-v:299.000)-(t:6.153-v:298.000)-(t:6.211-v:297.000)-(t:6.231-v:296.000)-(t:6.250-v:294.000)-(t:6.276-v:292.000)-(t:6.307-v:290.000)-(t:6.326-v:289.000)-(t:6.347-v:288.000)-(t:6.367-v:287.000)-(t:6.389-v:286.000)-(t:6.412-v:285.000)-(t:6.435-v:284.000)-(t:6.460-v:283.000)-(t:6.486-v:282.000)-(t:6.505-v:281.000)-(t:6.530-v:280.000)-(t:6.555-v:279.000)-(t:6.578-v:278.000)-(t:6.604-v:277.000)-(t:6.626-v:276.000)-(t:6.649-v:275.000)-(t:6.673-v:274.000)-(t:6.693-v:271.000)-(t:6.715-v:270.000)-(t:6.737-v:266.000)-(t:6.757-v:265.000)-(t:6.777-v:263.000)-(t:6.816-v:262.000)-(t:6.835-v:261.000)-(t:6.853-v:258.000)-(t:6.873-v:257.000)-(t:6.892-v:256.000)-(t:6.915-v:255.000)-(t:6.940-v:253.000)-(t:6.962-v:252.000)-(t:6.984-v:251.000)-(t:7.006-v:248.000)-(t:7.022-v:246.000)-(t:7.042-v:242.000)-(t:7.067-v:241.000)-(t:7.090-v:239.000)-(t:7.133-v:238.000)-(t:7.156-v:237.000)-(t:7.178-v:234.000)-(t:7.200-v:232.000)-(t:7.222-v:229.000)-(t:7.245-v:228.000)-(t:7.267-v:225.000)-(t:7.290-v:223.000)-(t:7.311-v:220.000)-(t:7.336-v:219.000)-(t:7.365-v:218.000)-(t:7.388-v:214.000)-(t:7.408-v:213.000)-(t:7.426-v:211.000)-(t:7.448-v:210.000)-(t:7.468-v:209.000)-(t:7.504-v:208.000)-(t:7.522-v:204.000)-(t:7.550-v:203.000)-(t:7.571-v:201.000)-(t:7.592-v:200.000)-(t:7.614-v:199.000)-(t:7.638-v:198.000)-(t:7.659-v:197.000)-(t:7.680-v:196.000)-(t:7.699-v:195.000)-(t:7.721-v:194.000)-(t:7.747-v:193.000)-(t:7.769-v:192.000)-(t:7.788-v:191.000)-(t:7.808-v:190.000)-(t:7.829-v:189.000)-(t:7.853-v:187.000)-(t:7.878-v:185.000)-(t:7.929-v:184.000)-(t:7.956-v:183.000)-(t:7.985-v:182.000)-(t:8.013-v:181.000)-(t:8.045-v:180.000)-(t:8.073-v:179.000)-(t:8.102-v:178.000)-(t:8.126-v:175.000)-(t:8.147-v:174.000)-(t:8.169-v:173.000)-(t:8.186-v:172.000)-(t:8.203-v:171.000)-(t:8.224-v:169.000)-(t:8.246-v:168.000)-(t:8.264-v:166.000)-(t:8.282-v:164.000)-(t:8.306-v:163.000)-(t:8.326-v:160.000)-(t:8.346-v:158.000)-(t:8.366-v:157.000)-(t:8.388-v:155.000)-(t:8.408-v:154.000)-(t:8.430-v:153.000)-(t:8.457-v:152.000)-(t:8.484-v:151.000)-(t:8.505-v:150.000)-(t:8.524-v:149.000)-(t:8.547-v:148.000)-(t:8.572-v:147.000)-(t:8.592-v:146.000)-(t:8.614-v:145.000)-(t:8.635-v:144.000)-(t:8.657-v:143.000)-(t:8.677-v:142.000)-(t:8.697-v:140.000)-(t:8.719-v:139.000)-(t:8.742-v:138.000)-(t:8.760-v:137.000)-(t:8.779-v:136.000)-(t:8.803-v:135.000)-(t:8.823-v:134.000)-(t:8.862-v:133.000)-(t:8.882-v:132.000)-(t:8.907-v:131.000)-(t:8.945-v:129.000)-(t:8.980-v:128.000)-(t:9.004-v:127.000)-(t:9.027-v:126.000)-(t:9.052-v:125.000)-(t:9.074-v:124.000)-(t:9.093-v:123.000)-(t:9.121-v:122.000)-(t:9.142-v:121.000)-(t:9.163-v:120.000)-(t:9.180-v:119.000)-(t:9.199-v:117.000)-(t:9.222-v:116.000)-(t:9.249-v:115.000)-(t:9.274-v:114.000)-(t:9.294-v:113.000)-(t:9.318-v:112.000)-(t:9.343-v:111.000)-(t:9.370-v:110.000)-(t:9.396-v:109.000)-(t:9.417-v:108.000)-(t:9.438-v:107.000)-(t:9.459-v:106.000)-(t:9.488-v:105.000)-(t:9.518-v:103.000)-(t:9.539-v:101.000)-(t:9.564-v:100.000)-(t:9.586-v:99.000)-(t:9.607-v:97.000)-(t:9.632-v:96.000)-(t:9.658-v:95.000)-(t:9.680-v:94.000)-(t:9.700-v:93.000)-(t:9.722-v:92.000)-(t:9.748-v:91.000)-(t:9.850-v:90.000)-(t:9.877-v:89.000)-(t:9.915-v:88.000)-(t:9.945-v:87.000)-(t:9.972-v:86.000)-(t:10.026-v:85.000)-(t:10.152-v:84.000)-(t:10.185-v:83.000)-(t:10.215-v:82.000)-(t:10.249-v:81.000)-(t:10.274-v:80.000)-(t:10.298-v:79.000)-(t:10.318-v:78.000)-(t:10.337-v:77.000)-(t:10.358-v:76.000)-(t:10.377-v:75.000)-(t:10.398-v:74.000)-(t:10.419-v:73.000)-(t:10.442-v:72.000)-(t:10.461-v:71.000)-(t:10.481-v:70.000)-(t:10.519-v:69.000)-(t:10.671-v:68.000)-(t:10.701-v:66.000)-(t:10.722-v:65.000)-(t:10.885-v:64.000)-(t:10.918-v:63.000)-(t:10.947-v:62.000)-(t:10.978-v:61.000)-(t:10.998-v:60.000)-(t:11.022-v:59.000)-(t:11.078-v:58.000)-(t:11.241-v:57.000)-(t:11.269-v:56.000)-(t:11.470-v:55.000)-(t:11.510-v:54.000)-(t:11.535-v:53.000)-(t:11.562-v:52.000)-(t:11.994-v:51.000)-(t:12.020-v:50.000)-(t:12.052-v:49.000)-(t:12.096-v:48.000)-(t:12.154-v:47.000)-(t:12.570-v:46.000)-(t:12.617-v:45.000)-(t:12.714-v:44.000)-(t:13.221-v:43.000)-(t:13.250-v:42.000)-(t:13.702-v:41.000)-(t:13.733-v:40.000)-(t:13.759-v:39.000)-(t:13.789-v:38.000)-(t:13.833-v:37.000)-(t:13.871-v:36.000)-(t:13.912-v:35.000)-(t:13.942-v:34.000)-(t:13.977-v:33.000)-(t:14.101-v:32.000)-(t:14.133-v:31.000)-(t:14.165-v:30.000)-(t:14.197-v:29.000)-(t:14.246-v:28.000)-(t:14.283-v:27.000)-(t:14.331-v:26.000)-(t:14.388-v:25.000)-(t:14.449-v:24.000)-(t:16.253-v:23.000)-(t:16.300-v:22.000)-(t:16.351-v:21.000)-(t:16.436-v:20.000)-(t:16.466-v:19.000)-(t:22.534-v:18.000)-(t:22.566-v:17.000)-(t:22.705-v:16.000)-(t:22.987-v:15.000)-(t:23.110-v:14.000)-(t:26.558-v:13.000)-(t:39.839-v:12.000)-(t:39.878-v:11.000)-(t:43.221-v:10.000)-(t:44.051-v:9.000)-(t:66.711-v:8.000)-(t:80.757-v:7.000)-(t:80.851-v:6.000)],300.0
examples/csp/csp_300/pb_300_07.txt,dqn,r1,300,1.0,[(t:4.744-v:414.000)-(t:4.765-v:413.000)-(t:4.785-v:409.000)-(t:4.795-v:404.000)-(t:4.814-v:402.000)-(t:4.828-v:399.000)-(t:4.840-v:397.000)-(t:4.852-v:394.000)-(t:4.859-v:393.000)-(t:4.881-v:390.000)-(t:4.890-v:387.000)-(t:4.899-v:386.000)-(t:4.908-v:385.000)-(t:4.917-v:384.000)-(t:4.926-v:383.000)-(t:4.934-v:382.000)-(t:4.945-v:380.000)-(t:4.955-v:376.000)-(t:4.971-v:375.000)-(t:4.980-v:374.000)-(t:4.990-v:373.000)-(t:5.000-v:371.000)-(t:5.008-v:370.000)-(t:5.015-v:369.000)-(t:5.022-v:367.000)-(t:5.029-v:365.000)-(t:5.035-v:364.000)-(t:5.042-v:363.000)-(t:5.049-v:361.000)-(t:5.055-v:359.000)-(t:5.063-v:357.000)-(t:5.074-v:355.000)-(t:5.086-v:354.000)-(t:5.095-v:353.000)-(t:5.103-v:349.000)-(t:5.111-v:347.000)-(t:5.122-v:345.000)-(t:5.133-v:344.000)-(t:5.142-v:343.000)-(t:5.149-v:340.000)-(t:5.167-v:339.000)-(t:5.178-v:338.000)-(t:5.187-v:336.000)-(t:5.197-v:335.000)-(t:5.209-v:332.000)-(t:5.218-v:330.000)-(t:5.227-v:329.000)-(t:5.233-v:326.000)-(t:5.240-v:325.000)-(t:5.248-v:324.000)-(t:5.254-v:323.000)-(t:5.261-v:322.000)-(t:5.268-v:320.000)-(t:5.276-v:318.000)-(t:5.284-v:315.000)-(t:5.293-v:314.000)-(t:5.300-v:310.000)-(t:5.308-v:309.000)-(t:5.318-v:308.000)-(t:5.326-v:306.000)-(t:5.371-v:304.000)-(t:5.390-v:303.000)-(t:5.409-v:302.000)-(t:5.428-v:301.000)-(t:5.455-v:300.000)-(t:5.474-v:299.000)-(t:5.492-v:296.000)-(t:5.512-v:295.000)-(t:5.529-v:294.000)-(t:5.548-v:291.000)-(t:5.569-v:290.000)-(t:5.590-v:289.000)-(t:5.622-v:288.000)-(t:5.643-v:287.000)-(t:5.662-v:286.000)-(t:5.685-v:283.000)-(t:5.707-v:282.000)-(t:5.726-v:280.000)-(t:5.744-v:278.000)-(t:5.767-v:277.000)-(t:5.789-v:275.000)-(t:5.811-v:274.000)-(t:5.830-v:273.000)-(t:5.848-v:272.000)-(t:5.872-v:270.000)-(t:5.895-v:267.000)-(t:5.917-v:266.000)-(t:5.947-v:265.000)-(t:5.970-v:264.000)-(t:5.992-v:262.000)-(t:6.014-v:260.000)-(t:6.036-v:259.000)-(t:6.058-v:258.000)-(t:6.079-v:257.000)-(t:6.098-v:254.000)-(t:6.122-v:253.000)-(t:6.139-v:251.000)-(t:6.157-v:250.000)-(t:6.176-v:249.000)-(t:6.194-v:248.000)-(t:6.221-v:247.000)-(t:6.241-v:246.000)-(t:6.261-v:245.000)-(t:6.284-v:244.000)-(t:6.305-v:243.000)-(t:6.327-v:242.000)-(t:6.349-v:241.000)-(t:6.375-v:239.000)-(t:6.397-v:238.000)-(t:6.416-v:237.000)-(t:6.435-v:235.000)-(t:6.454-v:233.000)-(t:6.480-v:232.000)-(t:6.512-v:230.000)-(t:6.532-v:229.000)-(t:6.553-v:228.000)-(t:6.570-v:226.000)-(t:6.590-v:225.000)-(t:6.610-v:223.000)-(t:6.626-v:222.000)-(t:6.644-v:219.000)-(t:6.665-v:218.000)-(t:6.686-v:216.000)-(t:6.716-v:215.000)-(t:6.736-v:213.000)-(t:6.755-v:212.000)-(t:6.777-v:211.000)-(t:6.798-v:209.000)-(t:6.819-v:208.000)-(t:6.837-v:206.000)-(t:6.857-v:205.000)-(t:6.876-v:203.000)-(t:6.893-v:202.000)-(t:6.914-v:201.000)-(t:6.933-v:200.000)-(t:6.954-v:197.000)-(t:6.976-v:196.000)-(t:6.999-v:195.000)-(t:7.024-v:193.000)-(t:7.045-v:192.000)-(t:7.066-v:189.000)-(t:7.095-v:188.000)-(t:7.115-v:187.000)-(t:7.141-v:186.000)-(t:7.162-v:185.000)-(t:7.183-v:184.000)-(t:7.201-v:183.000)-(t:7.220-v:182.000)-(t:7.242-v:181.000)-(t:7.268-v:180.000)-(t:7.287-v:177.000)-(t:7.319-v:176.000)-(t:7.342-v:175.000)-(t:7.368-v:174.000)-(t:7.386-v:173.000)-(t:7.403-v:171.000)-(t:7.421-v:170.000)-(t:7.438-v:169.000)-(t:7.459-v:168.000)-(t:7.485-v:166.000)-(t:7.505-v:165.000)-(t:7.524-v:163.000)-(t:7.543-v:162.000)-(t:7.569-v:161.000)-(t:7.587-v:160.000)-(t:7.613-v:159.000)-(t:7.632-v:158.000)-(t:7.655-v:157.000)-(t:7.677-v:155.000)-(t:7.701-v:153.000)-(t:7.724-v:152.000)-(t:7.745-v:151.000)-(t:7.769-v:150.000)-(t:7.791-v:149.000)-(t:7.811-v:148.000)-(t:7.837-v:147.000)-(t:7.860-v:145.000)-(t:7.885-v:144.000)-(t:7.912-v:143.000)-(t:7.936-v:141.000)-(t:7.961-v:140.000)-(t:7.996-v:139.000)-(t:8.018-v:138.000)-(t:8.066-v:137.000)-(t:8.086-v:136.000)-(t:8.109-v:135.000)-(t:8.132-v:134.000)-(t:8.156-v:133.000)-(t:8.183-v:132.000)-(t:8.206-v:131.000)-(t:8.226-v:130.000)-(t:8.250-v:129.000)-(t:8.267-v:128.000)-(t:8.288-v:126.000)-(t:8.324-v:125.000)-(t:8.342-v:123.000)-(t:8.361-v:122.000)-(t:8.382-v:120.000)-(t:8.403-v:119.000)-(t:8.428-v:118.000)-(t:8.454-v:117.000)-(t:8.475-v:116.000)-(t:8.498-v:115.000)-(t:8.519-v:113.000)-(t:8.540-v:112.000)-(t:8.563-v:111.000)-(t:8.588-v:110.000)-(t:8.638-v:109.000)-(t:8.688-v:108.000)-(t:8.730-v:107.000)-(t:8.753-v:106.000)-(t:8.773-v:105.000)-(t:8.792-v:104.000)-(t:8.816-v:103.000)-(t:8.834-v:102.000)-(t:8.851-v:101.000)-(t:8.868-v:100.000)-(t:8.890-v:99.000)-(t:8.908-v:98.000)-(t:8.926-v:96.000)-(t:8.943-v:95.000)-(t:8.961-v:94.000)-(t:8.978-v:92.000)-(t:8.998-v:91.000)-(t:9.016-v:90.000)-(t:9.033-v:89.000)-(t:9.053-v:88.000)-(t:9.078-v:87.000)-(t:9.103-v:86.000)-(t:9.134-v:85.000)-(t:9.173-v:84.000)-(t:9.198-v:83.000)-(t:9.238-v:82.000)-(t:9.263-v:81.000)-(t:9.304-v:80.000)-(t:9.327-v:78.000)-(t:9.346-v:77.000)-(t:9.368-v:76.000)-(t:9.393-v:75.000)-(t:9.424-v:74.000)-(t:9.443-v:73.000)-(t:9.474-v:72.000)-(t:9.519-v:70.000)-(t:9.595-v:69.000)-(t:9.622-v:68.000)-(t:9.644-v:67.000)-(t:9.672-v:66.000)-(t:9.769-v:65.000)-(t:9.877-v:64.000)-(t:9.909-v:63.000)-(t:10.005-v:62.000)-(t:10.037-v:61.000)-(t:10.077-v:60.000)-(t:10.099-v:58.000)-(t:10.120-v:57.000)-(t:10.143-v:56.000)-(t:10.308-v:55.000)-(t:10.343-v:54.000)-(t:10.501-v:53.000)-(t:10.545-v:52.000)-(t:10.573-v:51.000)-(t:10.752-v:50.000)-(t:11.361-v:49.000)-(t:11.402-v:48.000)-(t:11.435-v:47.000)-(t:11.475-v:46.000)-(t:11.505-v:45.000)-(t:11.528-v:44.000)-(t:11.595-v:43.000)-(t:11.721-v:42.000)-(t:11.763-v:41.000)-(t:11.802-v:40.000)-(t:11.851-v:39.000)-(t:11.878-v:38.000)-(t:11.910-v:37.000)-(t:11.945-v:36.000)-(t:11.991-v:35.000)-(t:12.022-v:34.000)-(t:12.069-v:33.000)-(t:12.138-v:32.000)-(t:12.330-v:31.000)-(t:12.491-v:30.000)-(t:12.531-v:29.000)-(t:12.566-v:28.000)-(t:12.651-v:27.000)-(t:12.686-v:26.000)-(t:17.424-v:25.000)-(t:17.454-v:24.000)-(t:17.498-v:23.000)-(t:17.519-v:22.000)-(t:17.558-v:21.000)-(t:17.583-v:20.000)-(t:17.691-v:19.000)-(t:17.726-v:18.000)-(t:17.807-v:17.000)-(t:17.854-v:16.000)-(t:18.009-v:15.000)-(t:18.060-v:13.000)-(t:18.099-v:12.000)-(t:26.924-v:11.000)-(t:27.185-v:10.000)-(t:31.735-v:9.000)-(t:31.813-v:8.000)-(t:38.888-v:7.000)-(t:39.024-v:6.000)-(t:43.130-v:5.000)-(t:49.012-v:4.000)-(t:58.828-v:3.000)-(t:108.922-v:2.000)-(t:135.803-v:1.000)],300.0
examples/csp/csp_300/pb_300_08.txt,dqn,r1,300,8.0,[(t:5.231-v:364.000)-(t:5.257-v:363.000)-(t:5.282-v:362.000)-(t:5.292-v:361.000)-(t:5.311-v:360.000)-(t:5.326-v:359.000)-(t:5.334-v:356.000)-(t:5.352-v:354.000)-(t:5.363-v:353.000)-(t:5.377-v:351.000)-(t:5.386-v:349.000)-(t:5.396-v:346.000)-(t:5.407-v:342.000)-(t:5.415-v:341.000)-(t:5.424-v:338.000)-(t:5.435-v:337.000)-(t:5.445-v:336.000)-(t:5.460-v:333.000)-(t:5.473-v:331.000)-(t:5.482-v:328.000)-(t:5.497-v:327.000)-(t:5.511-v:324.000)-(t:5.522-v:323.000)-(t:5.531-v:321.000)-(t:5.544-v:320.000)-(t:5.557-v:318.000)-(t:5.564-v:317.000)-(t:5.576-v:316.000)-(t:5.585-v:313.000)-(t:5.595-v:312.000)-(t:5.615-v:310.000)-(t:5.627-v:309.000)-(t:5.635-v:308.000)-(t:5.650-v:307.000)-(t:5.663-v:306.000)-(t:5.672-v:305.000)-(t:5.682-v:304.000)-(t:5.692-v:303.000)-(t:5.700-v:300.000)-(t:5.707-v:297.000)-(t:5.716-v:296.000)-(t:5.727-v:295.000)-(t:5.738-v:294.000)-(t:5.746-v:293.000)-(t:5.754-v:290.000)-(t:5.761-v:289.000)-(t:5.773-v:288.000)-(t:5.783-v:286.000)-(t:5.790-v:285.000)-(t:5.801-v:284.000)-(t:5.808-v:283.000)-(t:5.818-v:280.000)-(t:5.825-v:279.000)-(t:5.834-v:278.000)-(t:5.840-v:275.000)-(t:5.848-v:274.000)-(t:5.855-v:273.000)-(t:5.862-v:269.000)-(t:5.871-v:267.000)-(t:5.880-v:266.000)-(t:5.925-v:265.000)-(t:5.945-v:264.000)-(t:5.964-v:261.000)-(t:5.983-v:260.000)-(t:6.006-v:257.000)-(t:6.027-v:254.000)-(t:6.044-v:252.000)-(t:6.065-v:250.000)-(t:6.085-v:249.000)-(t:6.104-v:248.000)-(t:6.124-v:247.000)-(t:6.144-v:244.000)-(t:6.164-v:243.000)-(t:6.183-v:242.000)-(t:6.201-v:240.000)-(t:6.224-v:238.000)-(t:6.243-v:237.000)-(t:6.264-v:236.000)-(t:6.282-v:235.000)-(t:6.305-v:234.000)-(t:6.324-v:233.000)-(t:6.346-v:231.000)-(t:6.372-v:230.000)-(t:6.397-v:229.000)-(t:6.419-v:227.000)-(t:6.440-v:226.000)-(t:6.464-v:225.000)-(t:6.483-v:224.000)-(t:6.507-v:222.000)-(t:6.526-v:221.000)-(t:6.546-v:220.000)-(t:6.566-v:219.000)-(t:6.589-v:218.000)-(t:6.613-v:217.000)-(t:6.638-v:215.000)-(t:6.679-v:214.000)-(t:6.702-v:213.000)-(t:6.724-v:212.000)-(t:6.743-v:211.000)-(t:6.761-v:209.000)-(t:6.787-v:208.000)-(t:6.819-v:207.000)-(t:6.845-v:203.000)-(t:6.871-v:202.000)-(t:6.891-v:201.000)-(t:6.917-v:200.000)-(t:6.938-v:199.000)-(t:6.963-v:198.000)-(t:6.988-v:196.000)-(t:7.011-v:194.000)-(t:7.031-v:193.000)-(t:7.055-v:192.000)-(t:7.078-v:191.000)-(t:7.100-v:190.000)-(t:7.121-v:189.000)-(t:7.143-v:188.000)-(t:7.165-v:187.000)-(t:7.186-v:186.000)-(t:7.207-v:185.000)-(t:7.229-v:184.000)-(t:7.247-v:183.000)-(t:7.270-v:182.000)-(t:7.290-v:179.000)-(t:7.314-v:178.000)-(t:7.339-v:177.000)-(t:7.372-v:175.000)-(t:7.393-v:174.000)-(t:7.419-v:173.000)-(t:7.443-v:172.000)-(t:7.467-v:171.000)-(t:7.486-v:170.000)-(t:7.505-v:167.000)-(t:7.523-v:166.000)-(t:7.548-v:165.000)-(t:7.567-v:162.000)-(t:7.597-v:161.000)-(t:7.618-v:160.000)-(t:7.639-v:159.000)-(t:7.661-v:157.000)-(t:7.686-v:155.000)-(t:7.711-v:153.000)-(t:7.731-v:152.000)-(t:7.756-v:151.000)-(t:7.780-v:149.000)-(t:7.804-v:147.000)-(t:7.828-v:146.000)-(t:7.848-v:144.000)-(t:7.871-v:143.000)-(t:7.889-v:142.000)-(t:7.910-v:139.000)-(t:7.934-v:138.000)-(t:7.954-v:137.000)-(t:7.975-v:136.000)-(t:7.994-v:135.000)-(t:8.013-v:133.000)-(t:8.035-v:132.000)-(t:8.057-v:130.000)-(t:8.080-v:128.000)-(t:8.105-v:127.000)-(t:8.123-v:126.000)-(t:8.141-v:123.000)-(t:8.157-v:122.000)-(t:8.176-v:121.000)-(t:8.196-v:120.000)-(t:8.219-v:119.000)-(t:8.250-v:117.000)-(t:8.276-v:116.000)-(t:8.303-v:115.000)-(t:8.326-v:114.000)-(t:8.349-v:113.000)-(t:8.368-v:112.000)-(t:8.397-v:110.000)-(t:8.424-v:109.000)-(t:8.454-v:108.000)-(t:8.484-v:106.000)-(t:8.513-v:105.000)-(t:8.533-v:104.000)-(t:8.557-v:103.000)-(t:8.588-v:102.000)-(t:8.608-v:101.000)-(t:8.683-v:100.000)-(t:8.708-v:99.000)-(t:8.730-v:98.000)-(t:8.756-v:97.000)-(t:8.782-v:96.000)-(t:8.844-v:95.000)-(t:8.867-v:94.000)-(t:8.888-v:93.000)-(t:8.913-v:92.000)-(t:8.953-v:91.000)-(t:8.978-v:90.000)-(t:9.001-v:89.000)-(t:9.027-v:87.000)-(t:9.051-v:86.000)-(t:9.079-v:85.000)-(t:9.101-v:84.000)-(t:9.122-v:83.000)-(t:9.148-v:82.000)-(t:9.171-v:80.000)-(t:9.193-v:79.000)-(t:9.219-v:78.000)-(t:9.243-v:77.000)-(t:9.287-v:76.000)-(t:9.308-v:75.000)-(t:9.335-v:74.000)-(t:9.360-v:73.000)-(t:9.383-v:72.000)-(t:9.437-v:71.000)-(t:9.460-v:70.000)-(t:9.488-v:69.000)-(t:9.566-v:68.000)-(t:9.589-v:67.000)-(t:9.633-v:66.000)-(t:9.680-v:65.000)-(t:9.738-v:64.000)-(t:9.761-v:62.000)-(t:9.814-v:61.000)-(t:9.841-v:60.000)-(t:9.871-v:59.000)-(t:9.901-v:58.000)-(t:9.952-v:57.000)-(t:9.989-v:56.000)-(t:10.021-v:55.000)-(t:10.087-v:54.000)-(t:10.108-v:53.000)-(t:10.126-v:51.000)-(t:10.169-v:50.000)-(t:10.283-v:49.000)-(t:10.312-v:48.000)-(t:10.339-v:47.000)-(t:10.422-v:46.000)-(t:10.454-v:45.000)-(t:10.481-v:44.000)-(t:10.510-v:43.000)-(t:10.539-v:42.000)-(t:10.594-v:41.000)-(t:10.619-v:40.000)-(t:10.651-v:39.000)-(t:10.690-v:38.000)-(t:10.716-v:37.000)-(t:10.810-v:36.000)-(t:10.837-v:35.000)-(t:10.959-v:34.000)-(t:11.274-v:33.000)-(t:11.297-v:32.000)-(t:11.324-v:31.000)-(t:11.348-v:29.000)-(t:11.396-v:28.000)-(t:11.869-v:27.000)-(t:11.900-v:26.000)-(t:11.926-v:25.000)-(t:11.964-v:24.000)-(t:11.986-v:23.000)-(t:12.119-v:22.000)-(t:12.205-v:21.000)-(t:12.280-v:20.000)-(t:12.324-v:19.000)-(t:15.070-v:18.000)-(t:15.238-v:17.000)-(t:15.385-v:16.000)-(t:15.460-v:15.000)-(t:18.111-v:14.000)-(t:20.102-v:13.000)-(t:20.266-v:12.000)-(t:35.086-v:11.000)-(t:35.189-v:10.000)-(t:38.378-v:9.000)-(t:96.567-v:8.000)],300.0
examples/csp/csp_300/pb_300_09.txt,dqn,r1,300,8.0,[(t:4.782-v:407.000)-(t:4.810-v:404.000)-(t:4.827-v:401.000)-(t:4.834-v:398.000)-(t:4.848-v:397.000)-(t:4.862-v:394.000)-(t:4.871-v:392.000)-(t:4.886-v:387.000)-(t:4.897-v:384.000)-(t:4.909-v:381.000)-(t:4.917-v:380.000)-(t:4.924-v:379.000)-(t:4.933-v:377.000)-(t:4.942-v:373.000)-(t:4.954-v:372.000)-(t:4.964-v:371.000)-(t:4.975-v:370.000)-(t:4.986-v:369.000)-(t:4.997-v:368.000)-(t:5.008-v:364.000)-(t:5.018-v:363.000)-(t:5.029-v:362.000)-(t:5.040-v:358.000)-(t:5.054-v:357.000)-(t:5.065-v:355.000)-(t:5.076-v:354.000)-(t:5.091-v:353.000)-(t:5.102-v:352.000)-(t:5.114-v:349.000)-(t:5.124-v:348.000)-(t:5.136-v:347.000)-(t:5.148-v:346.000)-(t:5.158-v:345.000)-(t:5.169-v:342.000)-(t:5.178-v:339.000)-(t:5.186-v:335.000)-(t:5.194-v:334.000)-(t:5.201-v:332.000)-(t:5.210-v:331.000)-(t:5.217-v:328.000)-(t:5.231-v:327.000)-(t:5.239-v:325.000)-(t:5.248-v:324.000)-(t:5.260-v:323.000)-(t:5.272-v:321.000)-(t:5.278-v:320.000)-(t:5.287-v:317.000)-(t:5.297-v:315.000)-(t:5.307-v:312.000)-(t:5.315-v:311.000)-(t:5.323-v:307.000)-(t:5.333-v:305.000)-(t:5.344-v:303.000)-(t:5.351-v:300.000)-(t:5.358-v:299.000)-(t:5.366-v:298.000)-(t:5.375-v:297.000)-(t:5.383-v:296.000)-(t:5.390-v:295.000)-(t:5.397-v:294.000)-(t:5.430-v:293.000)-(t:5.452-v:292.000)-(t:5.473-v:290.000)-(t:5.494-v:285.000)-(t:5.514-v:284.000)-(t:5.538-v:280.000)-(t:5.560-v:279.000)-(t:5.580-v:278.000)-(t:5.603-v:274.000)-(t:5.624-v:273.000)-(t:5.644-v:272.000)-(t:5.668-v:271.000)-(t:5.689-v:268.000)-(t:5.709-v:267.000)-(t:5.732-v:266.000)-(t:5.756-v:265.000)-(t:5.779-v:263.000)-(t:5.799-v:262.000)-(t:5.818-v:260.000)-(t:5.843-v:258.000)-(t:5.866-v:257.000)-(t:5.889-v:254.000)-(t:5.914-v:253.000)-(t:5.934-v:252.000)-(t:5.959-v:250.000)-(t:5.980-v:248.000)-(t:6.006-v:247.000)-(t:6.026-v:246.000)-(t:6.051-v:245.000)-(t:6.074-v:243.000)-(t:6.102-v:242.000)-(t:6.127-v:241.000)-(t:6.147-v:240.000)-(t:6.169-v:238.000)-(t:6.192-v:236.000)-(t:6.212-v:235.000)-(t:6.229-v:234.000)-(t:6.249-v:232.000)-(t:6.269-v:231.000)-(t:6.287-v:230.000)-(t:6.314-v:229.000)-(t:6.349-v:227.000)-(t:6.371-v:226.000)-(t:6.389-v:225.000)-(t:6.407-v:224.000)-(t:6.428-v:221.000)-(t:6.448-v:220.000)-(t:6.471-v:217.000)-(t:6.490-v:216.000)-(t:6.509-v:214.000)-(t:6.532-v:213.000)-(t:6.578-v:212.000)-(t:6.598-v:208.000)-(t:6.617-v:207.000)-(t:6.636-v:206.000)-(t:6.654-v:203.000)-(t:6.702-v:201.000)-(t:6.725-v:199.000)-(t:6.809-v:198.000)-(t:6.831-v:197.000)-(t:6.851-v:196.000)-(t:6.870-v:195.000)-(t:6.892-v:194.000)-(t:6.911-v:193.000)-(t:6.931-v:192.000)-(t:6.954-v:191.000)-(t:6.979-v:190.000)-(t:7.019-v:188.000)-(t:7.043-v:187.000)-(t:7.072-v:186.000)-(t:7.092-v:185.000)-(t:7.113-v:184.000)-(t:7.135-v:179.000)-(t:7.156-v:178.000)-(t:7.183-v:177.000)-(t:7.206-v:176.000)-(t:7.223-v:175.000)-(t:7.245-v:174.000)-(t:7.271-v:173.000)-(t:7.291-v:172.000)-(t:7.315-v:170.000)-(t:7.337-v:169.000)-(t:7.360-v:168.000)-(t:7.386-v:167.000)-(t:7.414-v:164.000)-(t:7.439-v:163.000)-(t:7.464-v:162.000)-(t:7.487-v:161.000)-(t:7.511-v:160.000)-(t:7.537-v:158.000)-(t:7.560-v:157.000)-(t:7.580-v:155.000)-(t:7.606-v:154.000)-(t:7.629-v:153.000)-(t:7.655-v:152.000)-(t:7.680-v:151.000)-(t:7.703-v:150.000)-(t:7.722-v:149.000)-(t:7.741-v:147.000)-(t:7.761-v:146.000)-(t:7.787-v:145.000)-(t:7.812-v:144.000)-(t:7.833-v:141.000)-(t:7.881-v:140.000)-(t:7.904-v:139.000)-(t:7.923-v:138.000)-(t:7.944-v:136.000)-(t:7.972-v:135.000)-(t:7.991-v:133.000)-(t:8.011-v:132.000)-(t:8.028-v:131.000)-(t:8.052-v:130.000)-(t:8.078-v:129.000)-(t:8.135-v:128.000)-(t:8.160-v:127.000)-(t:8.183-v:126.000)-(t:8.208-v:125.000)-(t:8.231-v:124.000)-(t:8.259-v:123.000)-(t:8.288-v:122.000)-(t:8.317-v:121.000)-(t:8.349-v:120.000)-(t:8.372-v:119.000)-(t:8.402-v:118.000)-(t:8.425-v:117.000)-(t:8.460-v:116.000)-(t:8.495-v:115.000)-(t:8.517-v:114.000)-(t:8.542-v:113.000)-(t:8.569-v:112.000)-(t:8.603-v:111.000)-(t:8.629-v:110.000)-(t:8.650-v:109.000)-(t:8.669-v:108.000)-(t:8.690-v:107.000)-(t:8.711-v:106.000)-(t:8.731-v:105.000)-(t:8.753-v:104.000)-(t:8.780-v:103.000)-(t:8.804-v:102.000)-(t:8.825-v:101.000)-(t:8.848-v:100.000)-(t:8.871-v:99.000)-(t:8.904-v:98.000)-(t:8.934-v:97.000)-(t:8.958-v:96.000)-(t:8.988-v:95.000)-(t:9.020-v:94.000)-(t:9.043-v:93.000)-(t:9.069-v:92.000)-(t:9.094-v:90.000)-(t:9.124-v:89.000)-(t:9.148-v:88.000)-(t:9.177-v:87.000)-(t:9.241-v:86.000)-(t:9.328-v:85.000)-(t:9.391-v:84.000)-(t:9.415-v:82.000)-(t:9.441-v:81.000)-(t:9.492-v:80.000)-(t:9.514-v:79.000)-(t:9.534-v:78.000)-(t:9.561-v:77.000)-(t:9.584-v:76.000)-(t:9.607-v:75.000)-(t:9.627-v:74.000)-(t:9.651-v:73.000)-(t:9.674-v:72.000)-(t:9.695-v:71.000)-(t:9.736-v:70.000)-(t:9.793-v:69.000)-(t:9.826-v:68.000)-(t:9.881-v:67.000)-(t:9.908-v:66.000)-(t:9.953-v:65.000)-(t:9.985-v:64.000)-(t:10.015-v:63.000)-(t:10.055-v:62.000)-(t:10.083-v:61.000)-(t:10.108-v:60.000)-(t:10.137-v:59.000)-(t:10.162-v:58.000)-(t:10.208-v:57.000)-(t:10.234-v:56.000)-(t:10.253-v:55.000)-(t:10.297-v:53.000)-(t:10.377-v:52.000)-(t:10.416-v:51.000)-(t:10.453-v:50.000)-(t:10.486-v:49.000)-(t:10.733-v:48.000)-(t:10.777-v:47.000)-(t:10.816-v:46.000)-(t:10.869-v:45.000)-(t:10.905-v:44.000)-(t:11.205-v:43.000)-(t:11.245-v:42.000)-(t:11.282-v:41.000)-(t:11.328-v:40.000)-(t:11.351-v:39.000)-(t:11.581-v:38.000)-(t:11.960-v:37.000)-(t:12.004-v:36.000)-(t:12.042-v:35.000)-(t:12.089-v:34.000)-(t:12.336-v:33.000)-(t:12.354-v:32.000)-(t:12.375-v:31.000)-(t:12.423-v:30.000)-(t:12.489-v:29.000)-(t:12.532-v:28.000)-(t:12.593-v:26.000)-(t:12.658-v:25.000)-(t:12.687-v:24.000)-(t:13.073-v:23.000)-(t:13.105-v:22.000)-(t:13.189-v:21.000)-(t:13.223-v:20.000)-(t:13.927-v:19.000)-(t:14.036-v:18.000)-(t:22.041-v:17.000)-(t:22.551-v:16.000)-(t:28.801-v:15.000)-(t:29.268-v:14.000)-(t:31.289-v:13.000)-(t:46.564-v:12.000)-(t:69.615-v:11.000)-(t:71.818-v:10.000)-(t:79.795-v:9.000)-(t:172.858-v:8.000)],300.0
examples/csp/csp_200/pb_200_07.txt,dqn,r1,300,0.0,[(t:5.186-v:262.000)-(t:5.195-v:261.000)-(t:5.207-v:255.000)-(t:5.225-v:253.000)-(t:5.235-v:250.000)-(t:5.247-v:249.000)-(t:5.256-v:248.000)-(t:5.266-v:247.000)-(t:5.275-v:246.000)-(t:5.286-v:245.000)-(t:5.293-v:242.000)-(t:5.298-v:241.000)-(t:5.304-v:239.000)-(t:5.312-v:238.000)-(t:5.318-v:237.000)-(t:5.325-v:235.000)-(t:5.333-v:232.000)-(t:5.341-v:229.000)-(t:5.348-v:228.000)-(t:5.353-v:227.000)-(t:5.359-v:226.000)-(t:5.365-v:225.000)-(t:5.373-v:224.000)-(t:5.379-v:223.000)-(t:5.387-v:222.000)-(t:5.395-v:221.000)-(t:5.401-v:220.000)-(t:5.408-v:219.000)-(t:5.417-v:218.000)-(t:5.423-v:217.000)-(t:5.430-v:216.000)-(t:5.439-v:215.000)-(t:5.446-v:214.000)-(t:5.455-v:213.000)-(t:5.462-v:212.000)-(t:5.470-v:208.000)-(t:5.479-v:205.000)-(t:5.489-v:204.000)-(t:5.496-v:203.000)-(t:5.504-v:198.000)-(t:5.511-v:197.000)-(t:5.523-v:196.000)-(t:5.535-v:195.000)-(t:5.544-v:194.000)-(t:5.552-v:193.000)-(t:5.561-v:192.000)-(t:5.569-v:190.000)-(t:5.577-v:187.000)-(t:5.588-v:186.000)-(t:5.597-v:184.000)-(t:5.606-v:183.000)-(t:5.615-v:181.000)-(t:5.622-v:179.000)-(t:5.629-v:178.000)-(t:5.638-v:175.000)-(t:5.651-v:174.000)-(t:5.661-v:173.000)-(t:5.671-v:172.000)-(t:5.680-v:168.000)-(t:5.688-v:167.000)-(t:5.740-v:166.000)-(t:5.765-v:165.000)-(t:5.783-v:163.000)-(t:5.802-v:162.000)-(t:5.821-v:161.000)-(t:5.835-v:160.000)-(t:5.852-v:159.000)-(t:5.867-v:157.000)-(t:5.884-v:155.000)-(t:5.904-v:154.000)-(t:5.920-v:152.000)-(t:5.935-v:151.000)-(t:5.953-v:150.000)-(t:5.976-v:149.000)-(t:5.993-v:148.000)-(t:6.010-v:146.000)-(t:6.026-v:142.000)-(t:6.044-v:140.000)-(t:6.061-v:139.000)-(t:6.079-v:138.000)-(t:6.096-v:137.000)-(t:6.114-v:136.000)-(t:6.134-v:134.000)-(t:6.159-v:133.000)-(t:6.178-v:131.000)-(t:6.197-v:130.000)-(t:6.213-v:129.000)-(t:6.228-v:128.000)-(t:6.246-v:127.000)-(t:6.262-v:126.000)-(t:6.280-v:124.000)-(t:6.296-v:123.000)-(t:6.313-v:121.000)-(t:6.331-v:119.000)-(t:6.348-v:118.000)-(t:6.363-v:117.000)-(t:6.376-v:116.000)-(t:6.390-v:115.000)-(t:6.404-v:114.000)-(t:6.418-v:113.000)-(t:6.441-v:112.000)-(t:6.460-v:111.000)-(t:6.480-v:110.000)-(t:6.498-v:108.000)-(t:6.516-v:107.000)-(t:6.533-v:106.000)-(t:6.550-v:105.000)-(t:6.590-v:104.000)-(t:6.608-v:102.000)-(t:6.626-v:101.000)-(t:6.644-v:99.000)-(t:6.669-v:98.000)-(t:6.688-v:96.000)-(t:6.708-v:94.000)-(t:6.748-v:93.000)-(t:6.766-v:92.000)-(t:6.782-v:91.000)-(t:6.798-v:90.000)-(t:6.817-v:89.000)-(t:6.835-v:88.000)-(t:6.851-v:87.000)-(t:6.872-v:86.000)-(t:6.891-v:85.000)-(t:6.911-v:84.000)-(t:6.927-v:82.000)-(t:6.946-v:81.000)-(t:6.965-v:80.000)-(t:6.985-v:78.000)-(t:7.012-v:77.000)-(t:7.034-v:76.000)-(t:7.051-v:75.000)-(t:7.074-v:74.000)-(t:7.088-v:73.000)-(t:7.107-v:72.000)-(t:7.126-v:68.000)-(t:7.143-v:67.000)-(t:7.162-v:66.000)-(t:7.184-v:65.000)-(t:7.212-v:64.000)-(t:7.230-v:62.000)-(t:7.251-v:61.000)-(t:7.269-v:60.000)-(t:7.295-v:59.000)-(t:7.315-v:58.000)-(t:7.329-v:57.000)-(t:7.346-v:55.000)-(t:7.361-v:54.000)-(t:7.376-v:53.000)-(t:7.393-v:52.000)-(t:7.413-v:51.000)-(t:7.437-v:50.000)-(t:7.464-v:49.000)-(t:7.488-v:48.000)-(t:7.509-v:47.000)-(t:7.528-v:46.000)-(t:7.561-v:45.000)-(t:7.607-v:44.000)-(t:7.635-v:43.000)-(t:7.677-v:42.000)-(t:7.702-v:40.000)-(t:7.725-v:39.000)-(t:7.750-v:38.000)-(t:7.772-v:37.000)-(t:7.791-v:35.000)-(t:7.830-v:34.000)-(t:7.858-v:33.000)-(t:7.874-v:32.000)-(t:7.897-v:31.000)-(t:7.971-v:30.000)-(t:7.991-v:29.000)-(t:8.060-v:28.000)-(t:8.137-v:27.000)-(t:8.156-v:25.000)-(t:8.173-v:24.000)-(t:8.216-v:23.000)-(t:8.245-v:21.000)-(t:8.270-v:20.000)-(t:8.292-v:19.000)-(t:8.373-v:18.000)-(t:8.396-v:17.000)-(t:8.484-v:16.000)-(t:8.563-v:15.000)-(t:8.584-v:14.000)-(t:8.647-v:13.000)-(t:8.679-v:12.000)-(t:8.795-v:11.000)-(t:8.820-v:10.000)-(t:8.842-v:9.000)-(t:8.972-v:8.000)-(t:8.992-v:7.000)-(t:9.028-v:6.000)-(t:10.825-v:5.000)-(t:10.852-v:4.000)-(t:11.246-v:3.000)-(t:12.536-v:2.000)-(t:15.718-v:1.000)-(t:15.742-v:0.000)],15.742
examples/csp/csp_300/pb_300_10.txt,dqn,r1,300,25.0,[(t:4.336-v:416.000)-(t:4.361-v:415.000)-(t:4.373-v:407.000)-(t:4.382-v:406.000)-(t:4.399-v:405.000)-(t:4.412-v:403.000)-(t:4.422-v:402.000)-(t:4.433-v:401.000)-(t:4.443-v:398.000)-(t:4.456-v:397.000)-(t:4.464-v:395.000)-(t:4.477-v:394.000)-(t:4.485-v:389.000)-(t:4.493-v:387.000)-(t:4.503-v:386.000)-(t:4.516-v:385.000)-(t:4.528-v:384.000)-(t:4.542-v:379.000)-(t:4.552-v:378.000)-(t:4.561-v:375.000)-(t:4.571-v:374.000)-(t:4.579-v:373.000)-(t:4.588-v:372.000)-(t:4.597-v:370.000)-(t:4.607-v:367.000)-(t:4.626-v:366.000)-(t:4.635-v:365.000)-(t:4.653-v:364.000)-(t:4.662-v:363.000)-(t:4.672-v:362.000)-(t:4.683-v:360.000)-(t:4.693-v:359.000)-(t:4.709-v:358.000)-(t:4.719-v:356.000)-(t:4.729-v:355.000)-(t:4.740-v:353.000)-(t:4.751-v:351.000)-(t:4.763-v:349.000)-(t:4.774-v:347.000)-(t:4.784-v:343.000)-(t:4.797-v:341.000)-(t:4.809-v:340.000)-(t:4.818-v:337.000)-(t:4.849-v:336.000)-(t:4.861-v:333.000)-(t:4.869-v:329.000)-(t:4.880-v:328.000)-(t:4.893-v:327.000)-(t:4.904-v:326.000)-(t:4.913-v:325.000)-(t:4.922-v:323.000)-(t:4.934-v:321.000)-(t:4.943-v:312.000)-(t:4.954-v:309.000)-(t:4.964-v:308.000)-(t:4.976-v:307.000)-(t:4.987-v:306.000)-(t:4.995-v:304.000)-(t:5.004-v:301.000)-(t:5.011-v:299.000)-(t:5.043-v:297.000)-(t:5.063-v:296.000)-(t:5.088-v:294.000)-(t:5.112-v:292.000)-(t:5.140-v:288.000)-(t:5.160-v:285.000)-(t:5.183-v:281.000)-(t:5.201-v:278.000)-(t:5.222-v:277.000)-(t:5.244-v:276.000)-(t:5.268-v:274.000)-(t:5.292-v:272.000)-(t:5.318-v:271.000)-(t:5.346-v:270.000)-(t:5.373-v:269.000)-(t:5.395-v:268.000)-(t:5.417-v:267.000)-(t:5.436-v:266.000)-(t:5.457-v:264.000)-(t:5.482-v:263.000)-(t:5.508-v:262.000)-(t:5.530-v:257.000)-(t:5.554-v:256.000)-(t:5.577-v:255.000)-(t:5.604-v:253.000)-(t:5.633-v:252.000)-(t:5.661-v:251.000)-(t:5.682-v:250.000)-(t:5.703-v:248.000)-(t:5.723-v:246.000)-(t:5.745-v:243.000)-(t:5.767-v:242.000)-(t:5.789-v:240.000)-(t:5.812-v:239.000)-(t:5.836-v:238.000)-(t:5.858-v:237.000)-(t:5.882-v:236.000)-(t:5.901-v:235.000)-(t:5.919-v:234.000)-(t:5.942-v:232.000)-(t:5.964-v:231.000)-(t:5.988-v:229.000)-(t:6.007-v:228.000)-(t:6.039-v:227.000)-(t:6.060-v:226.000)-(t:6.080-v:225.000)-(t:6.101-v:223.000)-(t:6.124-v:220.000)-(t:6.145-v:219.000)-(t:6.164-v:216.000)-(t:6.184-v:215.000)-(t:6.203-v:213.000)-(t:6.235-v:212.000)-(t:6.256-v:209.000)-(t:6.275-v:208.000)-(t:6.296-v:207.000)-(t:6.319-v:206.000)-(t:6.340-v:203.000)-(t:6.361-v:202.000)-(t:6.379-v:199.000)-(t:6.401-v:198.000)-(t:6.422-v:197.000)-(t:6.442-v:194.000)-(t:6.468-v:193.000)-(t:6.488-v:191.000)-(t:6.509-v:190.000)-(t:6.529-v:187.000)-(t:6.551-v:186.000)-(t:6.572-v:185.000)-(t:6.592-v:182.000)-(t:6.612-v:181.000)-(t:6.633-v:180.000)-(t:6.652-v:179.000)-(t:6.675-v:178.000)-(t:6.700-v:177.000)-(t:6.730-v:176.000)-(t:6.750-v:175.000)-(t:6.769-v:174.000)-(t:6.787-v:173.000)-(t:6.811-v:171.000)-(t:6.836-v:169.000)-(t:6.856-v:168.000)-(t:6.876-v:166.000)-(t:6.901-v:165.000)-(t:6.919-v:164.000)-(t:6.941-v:162.000)-(t:6.962-v:160.000)-(t:6.984-v:159.000)-(t:7.007-v:158.000)-(t:7.031-v:157.000)-(t:7.053-v:156.000)-(t:7.075-v:155.000)-(t:7.098-v:153.000)-(t:7.117-v:152.000)-(t:7.146-v:151.000)-(t:7.168-v:150.000)-(t:7.213-v:149.000)-(t:7.242-v:147.000)-(t:7.262-v:146.000)-(t:7.283-v:145.000)-(t:7.305-v:144.000)-(t:7.324-v:143.000)-(t:7.349-v:142.000)-(t:7.370-v:141.000)-(t:7.392-v:140.000)-(t:7.418-v:139.000)-(t:7.438-v:137.000)-(t:7.458-v:136.000)-(t:7.476-v:135.000)-(t:7.496-v:134.000)-(t:7.516-v:133.000)-(t:7.548-v:132.000)-(t:7.568-v:131.000)-(t:7.592-v:130.000)-(t:7.642-v:128.000)-(t:7.665-v:127.000)-(t:7.694-v:126.000)-(t:7.716-v:125.000)-(t:7.761-v:124.000)-(t:7.782-v:122.000)-(t:7.818-v:121.000)-(t:7.862-v:120.000)-(t:7.903-v:119.000)-(t:7.927-v:118.000)-(t:7.947-v:117.000)-(t:7.993-v:116.000)-(t:8.024-v:115.000)-(t:8.063-v:114.000)-(t:8.088-v:113.000)-(t:8.115-v:112.000)-(t:8.159-v:111.000)-(t:8.183-v:109.000)-(t:8.205-v:107.000)-(t:8.229-v:106.000)-(t:8.277-v:105.000)-(t:8.299-v:104.000)-(t:8.319-v:103.000)-(t:8.342-v:102.000)-(t:8.455-v:101.000)-(t:8.483-v:99.000)-(t:8.504-v:98.000)-(t:8.535-v:97.000)-(t:8.579-v:96.000)-(t:8.630-v:95.000)-(t:8.702-v:94.000)-(t:8.725-v:93.000)-(t:8.754-v:92.000)-(t:8.840-v:91.000)-(t:8.864-v:89.000)-(t:8.889-v:88.000)-(t:8.928-v:87.000)-(t:8.958-v:86.000)-(t:8.981-v:85.000)-(t:9.003-v:84.000)-(t:9.028-v:83.000)-(t:9.056-v:82.000)-(t:9.091-v:81.000)-(t:9.122-v:80.000)-(t:9.143-v:78.000)-(t:9.191-v:77.000)-(t:9.248-v:76.000)-(t:9.285-v:75.000)-(t:9.322-v:74.000)-(t:9.469-v:73.000)-(t:9.509-v:72.000)-(t:9.541-v:71.000)-(t:9.625-v:70.000)-(t:9.649-v:69.000)-(t:9.693-v:68.000)-(t:9.743-v:67.000)-(t:9.772-v:66.000)-(t:9.834-v:65.000)-(t:9.898-v:64.000)-(t:9.973-v:63.000)-(t:10.043-v:62.000)-(t:10.105-v:61.000)-(t:10.133-v:60.000)-(t:10.158-v:59.000)-(t:10.183-v:58.000)-(t:10.304-v:57.000)-(t:10.393-v:56.000)-(t:10.415-v:55.000)-(t:10.436-v:54.000)-(t:10.461-v:53.000)-(t:10.686-v:52.000)-(t:10.710-v:50.000)-(t:10.744-v:49.000)-(t:10.777-v:48.000)-(t:10.994-v:47.000)-(t:11.030-v:46.000)-(t:11.336-v:45.000)-(t:11.789-v:44.000)-(t:12.308-v:43.000)-(t:12.420-v:41.000)-(t:12.533-v:40.000)-(t:12.593-v:39.000)-(t:14.258-v:38.000)-(t:14.280-v:37.000)-(t:14.337-v:36.000)-(t:14.377-v:35.000)-(t:14.487-v:34.000)-(t:14.582-v:33.000)-(t:19.515-v:32.000)-(t:24.610-v:31.000)-(t:24.678-v:30.000)-(t:25.571-v:29.000)-(t:25.682-v:28.000)-(t:26.062-v:27.000)-(t:26.319-v:26.000)-(t:100.237-v:25.000)],300.0
examples/csp/csp_100/16-81.txt,dqn,r1,300,1.0,[(t:4.231-v:130.000)-(t:4.246-v:126.000)-(t:4.259-v:123.000)-(t:4.282-v:122.000)-(t:4.288-v:121.000)-(t:4.304-v:120.000)-(t:4.312-v:119.000)-(t:4.320-v:116.000)-(t:4.330-v:112.000)-(t:4.340-v:110.000)-(t:4.353-v:107.000)-(t:4.361-v:105.000)-(t:4.366-v:103.000)-(t:4.372-v:99.000)-(t:4.382-v:96.000)-(t:4.388-v:95.000)-(t:4.394-v:94.000)-(t:4.404-v:93.000)-(t:4.409-v:92.000)-(t:4.414-v:89.000)-(t:4.421-v:88.000)-(t:4.427-v:87.000)-(t:4.434-v:86.000)-(t:4.445-v:85.000)-(t:4.451-v:83.000)-(t:4.459-v:82.000)-(t:4.465-v:81.000)-(t:4.475-v:80.000)-(t:4.483-v:79.000)-(t:4.487-v:78.000)-(t:4.493-v:77.000)-(t:4.500-v:75.000)-(t:4.512-v:74.000)-(t:4.518-v:72.000)-(t:4.528-v:71.000)-(t:4.538-v:70.000)-(t:4.545-v:69.000)-(t:4.550-v:67.000)-(t:4.556-v:65.000)-(t:4.561-v:63.000)-(t:4.569-v:62.000)-(t:4.575-v:61.000)-(t:4.581-v:60.000)-(t:4.589-v:59.000)-(t:4.596-v:58.000)-(t:4.601-v:57.000)-(t:4.610-v:56.000)-(t:4.614-v:55.000)-(t:4.619-v:54.000)-(t:4.627-v:53.000)-(t:4.637-v:52.000)-(t:4.642-v:51.000)-(t:4.647-v:50.000)-(t:4.652-v:49.000)-(t:4.656-v:48.000)-(t:4.662-v:47.000)-(t:4.667-v:45.000)-(t:4.672-v:44.000)-(t:4.678-v:43.000)-(t:4.684-v:42.000)-(t:4.712-v:40.000)-(t:4.725-v:39.000)-(t:4.740-v:37.000)-(t:4.753-v:36.000)-(t:4.765-v:35.000)-(t:4.793-v:33.000)-(t:4.811-v:32.000)-(t:4.835-v:31.000)-(t:4.866-v:30.000)-(t:4.884-v:29.000)-(t:4.904-v:28.000)-(t:4.977-v:27.000)-(t:4.992-v:26.000)-(t:5.010-v:25.000)-(t:5.046-v:24.000)-(t:5.084-v:23.000)-(t:5.101-v:22.000)-(t:5.153-v:21.000)-(t:5.236-v:20.000)-(t:5.260-v:19.000)-(t:5.280-v:18.000)-(t:5.300-v:17.000)-(t:5.328-v:16.000)-(t:5.346-v:15.000)-(t:5.367-v:14.000)-(t:5.387-v:13.000)-(t:5.626-v:12.000)-(t:5.958-v:11.000)-(t:5.988-v:10.000)-(t:8.565-v:9.000)-(t:8.587-v:8.000)-(t:8.605-v:7.000)-(t:9.997-v:6.000)-(t:21.108-v:5.000)-(t:27.691-v:4.000)-(t:27.760-v:3.000)-(t:36.712-v:2.000)-(t:58.863-v:1.000)],300.0
examples/csp/csp_300/carseq_300_8_20_38.txt,dqn,r1,300,0.0,[(t:4.925-v:399.000)-(t:4.945-v:394.000)-(t:4.958-v:392.000)-(t:4.980-v:391.000)-(t:5.002-v:389.000)-(t:5.019-v:385.000)-(t:5.035-v:384.000)-(t:5.046-v:381.000)-(t:5.059-v:379.000)-(t:5.078-v:378.000)-(t:5.093-v:376.000)-(t:5.105-v:373.000)-(t:5.116-v:371.000)-(t:5.128-v:370.000)-(t:5.138-v:363.000)-(t:5.150-v:361.000)-(t:5.162-v:360.000)-(t:5.176-v:356.000)-(t:5.185-v:355.000)-(t:5.193-v:349.000)-(t:5.203-v:347.000)-(t:5.213-v:346.000)-(t:5.221-v:344.000)-(t:5.229-v:343.000)-(t:5.237-v:342.000)-(t:5.246-v:341.000)-(t:5.254-v:339.000)-(t:5.263-v:338.000)-(t:5.271-v:337.000)-(t:5.282-v:335.000)-(t:5.290-v:333.000)-(t:5.303-v:331.000)-(t:5.314-v:330.000)-(t:5.325-v:328.000)-(t:5.334-v:325.000)-(t:5.345-v:324.000)-(t:5.355-v:323.000)-(t:5.364-v:319.000)-(t:5.375-v:318.000)-(t:5.383-v:317.000)-(t:5.391-v:316.000)-(t:5.402-v:314.000)-(t:5.410-v:313.000)-(t:5.422-v:312.000)-(t:5.436-v:311.000)-(t:5.446-v:309.000)-(t:5.460-v:308.000)-(t:5.471-v:307.000)-(t:5.479-v:303.000)-(t:5.497-v:302.000)-(t:5.510-v:301.000)-(t:5.520-v:300.000)-(t:5.527-v:296.000)-(t:5.536-v:295.000)-(t:5.543-v:289.000)-(t:5.553-v:287.000)-(t:5.561-v:285.000)-(t:5.572-v:284.000)-(t:5.581-v:281.000)-(t:5.588-v:279.000)-(t:5.639-v:276.000)-(t:5.662-v:275.000)-(t:5.684-v:272.000)-(t:5.708-v:271.000)-(t:5.730-v:269.000)-(t:5.749-v:267.000)-(t:5.768-v:265.000)-(t:5.789-v:260.000)-(t:5.813-v:257.000)-(t:5.834-v:254.000)-(t:5.855-v:253.000)-(t:5.878-v:252.000)-(t:5.903-v:251.000)-(t:5.927-v:250.000)-(t:5.952-v:249.000)-(t:5.974-v:246.000)-(t:5.996-v:245.000)-(t:6.019-v:244.000)-(t:6.040-v:243.000)-(t:6.061-v:242.000)-(t:6.084-v:241.000)-(t:6.106-v:240.000)-(t:6.129-v:237.000)-(t:6.156-v:236.000)-(t:6.179-v:235.000)-(t:6.202-v:233.000)-(t:6.227-v:232.000)-(t:6.249-v:229.000)-(t:6.272-v:228.000)-(t:6.291-v:227.000)-(t:6.310-v:226.000)-(t:6.331-v:225.000)-(t:6.352-v:224.000)-(t:6.373-v:221.000)-(t:6.395-v:219.000)-(t:6.414-v:218.000)-(t:6.434-v:216.000)-(t:6.453-v:213.000)-(t:6.472-v:212.000)-(t:6.493-v:208.000)-(t:6.517-v:207.000)-(t:6.538-v:206.000)-(t:6.559-v:205.000)-(t:6.578-v:204.000)-(t:6.603-v:202.000)-(t:6.623-v:201.000)-(t:6.645-v:199.000)-(t:6.667-v:198.000)-(t:6.691-v:197.000)-(t:6.717-v:196.000)-(t:6.744-v:194.000)-(t:6.766-v:193.000)-(t:6.786-v:191.000)-(t:6.809-v:188.000)-(t:6.831-v:187.000)-(t:6.854-v:186.000)-(t:6.878-v:185.000)-(t:6.899-v:183.000)-(t:6.924-v:182.000)-(t:6.947-v:180.000)-(t:6.973-v:178.000)-(t:6.993-v:177.000)-(t:7.018-v:175.000)-(t:7.041-v:173.000)-(t:7.065-v:170.000)-(t:7.088-v:169.000)-(t:7.113-v:168.000)-(t:7.139-v:167.000)-(t:7.164-v:166.000)-(t:7.186-v:165.000)-(t:7.207-v:164.000)-(t:7.229-v:163.000)-(t:7.251-v:162.000)-(t:7.274-v:161.000)-(t:7.293-v:160.000)-(t:7.317-v:159.000)-(t:7.340-v:158.000)-(t:7.362-v:154.000)-(t:7.382-v:153.000)-(t:7.404-v:152.000)-(t:7.458-v:151.000)-(t:7.479-v:150.000)-(t:7.498-v:149.000)-(t:7.519-v:148.000)-(t:7.539-v:146.000)-(t:7.561-v:145.000)-(t:7.581-v:144.000)-(t:7.604-v:143.000)-(t:7.625-v:141.000)-(t:7.644-v:140.000)-(t:7.667-v:139.000)-(t:7.687-v:138.000)-(t:7.710-v:137.000)-(t:7.731-v:136.000)-(t:7.752-v:135.000)-(t:7.775-v:134.000)-(t:7.804-v:133.000)-(t:7.828-v:132.000)-(t:7.851-v:131.000)-(t:7.875-v:129.000)-(t:7.897-v:128.000)-(t:7.928-v:126.000)-(t:7.955-v:125.000)-(t:7.989-v:124.000)-(t:8.046-v:123.000)-(t:8.069-v:122.000)-(t:8.215-v:121.000)-(t:8.235-v:119.000)-(t:8.257-v:118.000)-(t:8.278-v:116.000)-(t:8.300-v:115.000)-(t:8.382-v:114.000)-(t:8.408-v:113.000)-(t:8.428-v:112.000)-(t:8.451-v:111.000)-(t:8.473-v:109.000)-(t:8.504-v:107.000)-(t:8.525-v:106.000)-(t:8.545-v:104.000)-(t:8.563-v:103.000)-(t:8.585-v:101.000)-(t:8.613-v:100.000)-(t:8.636-v:98.000)-(t:8.655-v:97.000)-(t:8.678-v:96.000)-(t:8.697-v:94.000)-(t:8.734-v:93.000)-(t:8.754-v:92.000)-(t:8.800-v:91.000)-(t:8.823-v:90.000)-(t:8.846-v:89.000)-(t:8.875-v:88.000)-(t:8.901-v:87.000)-(t:8.923-v:86.000)-(t:8.948-v:85.000)-(t:8.976-v:84.000)-(t:9.002-v:83.000)-(t:9.027-v:82.000)-(t:9.052-v:80.000)-(t:9.086-v:79.000)-(t:9.110-v:78.000)-(t:9.148-v:77.000)-(t:9.180-v:76.000)-(t:9.203-v:75.000)-(t:9.231-v:74.000)-(t:9.271-v:73.000)-(t:9.299-v:72.000)-(t:9.332-v:71.000)-(t:9.361-v:70.000)-(t:9.407-v:69.000)-(t:9.429-v:68.000)-(t:9.455-v:67.000)-(t:9.475-v:66.000)-(t:9.497-v:65.000)-(t:9.596-v:64.000)-(t:9.672-v:62.000)-(t:9.817-v:61.000)-(t:9.879-v:60.000)-(t:9.913-v:59.000)-(t:10.083-v:58.000)-(t:10.201-v:57.000)-(t:10.224-v:55.000)-(t:10.256-v:54.000)-(t:10.280-v:53.000)-(t:10.306-v:52.000)-(t:10.330-v:51.000)-(t:10.458-v:50.000)-(t:10.480-v:48.000)-(t:10.665-v:47.000)-(t:10.691-v:46.000)-(t:10.715-v:45.000)-(t:10.741-v:44.000)-(t:10.782-v:43.000)-(t:10.810-v:42.000)-(t:10.844-v:41.000)-(t:10.871-v:40.000)-(t:10.902-v:39.000)-(t:10.930-v:38.000)-(t:10.977-v:37.000)-(t:11.007-v:36.000)-(t:11.037-v:35.000)-(t:11.066-v:34.000)-(t:11.101-v:33.000)-(t:11.126-v:32.000)-(t:11.160-v:31.000)-(t:11.198-v:30.000)-(t:11.231-v:29.000)-(t:11.254-v:28.000)-(t:11.298-v:27.000)-(t:11.334-v:26.000)-(t:11.372-v:25.000)-(t:11.561-v:24.000)-(t:11.596-v:23.000)-(t:11.621-v:22.000)-(t:11.656-v:21.000)-(t:11.684-v:20.000)-(t:11.796-v:19.000)-(t:11.841-v:18.000)-(t:11.968-v:17.000)-(t:12.007-v:16.000)-(t:12.057-v:15.000)-(t:12.091-v:14.000)-(t:12.185-v:13.000)-(t:12.208-v:12.000)-(t:12.238-v:11.000)-(t:12.295-v:10.000)-(t:12.370-v:9.000)-(t:12.405-v:8.000)-(t:12.460-v:7.000)-(t:12.498-v:6.000)-(t:12.541-v:5.000)-(t:12.581-v:4.000)-(t:12.633-v:3.000)-(t:12.926-v:2.000)-(t:14.198-v:1.000)-(t:15.291-v:0.000)],15.291
examples/csp/csp_100/21-90.txt,dqn,r1,300,2.0,[(t:3.913-v:123.000)-(t:3.930-v:117.000)-(t:3.938-v:114.000)-(t:3.954-v:111.000)-(t:3.959-v:108.000)-(t:3.966-v:107.000)-(t:3.970-v:106.000)-(t:3.975-v:103.000)-(t:3.979-v:101.000)-(t:3.985-v:98.000)-(t:3.989-v:97.000)-(t:3.993-v:94.000)-(t:3.997-v:93.000)-(t:4.001-v:90.000)-(t:4.008-v:89.000)-(t:4.017-v:88.000)-(t:4.024-v:87.000)-(t:4.032-v:85.000)-(t:4.040-v:84.000)-(t:4.048-v:82.000)-(t:4.056-v:81.000)-(t:4.065-v:80.000)-(t:4.072-v:79.000)-(t:4.081-v:78.000)-(t:4.088-v:76.000)-(t:4.094-v:75.000)-(t:4.100-v:74.000)-(t:4.110-v:71.000)-(t:4.115-v:70.000)-(t:4.122-v:69.000)-(t:4.126-v:67.000)-(t:4.133-v:66.000)-(t:4.158-v:65.000)-(t:4.165-v:63.000)-(t:4.175-v:62.000)-(t:4.182-v:60.000)-(t:4.188-v:58.000)-(t:4.195-v:57.000)-(t:4.201-v:56.000)-(t:4.210-v:53.000)-(t:4.229-v:52.000)-(t:4.237-v:51.000)-(t:4.246-v:50.000)-(t:4.272-v:49.000)-(t:4.283-v:48.000)-(t:4.289-v:47.000)-(t:4.297-v:46.000)-(t:4.311-v:44.000)-(t:4.316-v:42.000)-(t:4.323-v:40.000)-(t:4.341-v:39.000)-(t:4.347-v:38.000)-(t:4.358-v:37.000)-(t:4.363-v:36.000)-(t:4.368-v:35.000)-(t:4.372-v:34.000)-(t:4.377-v:33.000)-(t:4.383-v:32.000)-(t:4.388-v:31.000)-(t:4.416-v:30.000)-(t:4.430-v:28.000)-(t:4.444-v:26.000)-(t:4.465-v:25.000)-(t:4.483-v:24.000)-(t:4.526-v:23.000)-(t:4.547-v:22.000)-(t:4.568-v:21.000)-(t:4.593-v:19.000)-(t:4.610-v:18.000)-(t:4.629-v:17.000)-(t:4.646-v:16.000)-(t:4.668-v:15.000)-(t:4.712-v:14.000)-(t:4.818-v:13.000)-(t:4.912-v:12.000)-(t:4.936-v:11.000)-(t:4.955-v:10.000)-(t:4.970-v:9.000)-(t:5.000-v:8.000)-(t:5.023-v:7.000)-(t:5.050-v:6.000)-(t:5.545-v:5.000)-(t:6.184-v:4.000)-(t:6.262-v:3.000)-(t:7.030-v:2.000)],5.952
examples/csp/csp_100/36-92.txt,dqn,r1,300,2.0,[(t:4.534-v:135.000)-(t:4.547-v:132.000)-(t:4.557-v:131.000)-(t:4.578-v:129.000)-(t:4.583-v:124.000)-(t:4.594-v:121.000)-(t:4.602-v:120.000)-(t:4.613-v:116.000)-(t:4.629-v:114.000)-(t:4.637-v:113.000)-(t:4.646-v:112.000)-(t:4.654-v:111.000)-(t:4.659-v:109.000)-(t:4.666-v:108.000)-(t:4.672-v:106.000)-(t:4.679-v:102.000)-(t:4.684-v:99.000)-(t:4.692-v:97.000)-(t:4.698-v:96.000)-(t:4.703-v:95.000)-(t:4.708-v:92.000)-(t:4.712-v:89.000)-(t:4.717-v:88.000)-(t:4.723-v:86.000)-(t:4.729-v:85.000)-(t:4.735-v:84.000)-(t:4.743-v:83.000)-(t:4.749-v:82.000)-(t:4.754-v:80.000)-(t:4.759-v:79.000)-(t:4.766-v:78.000)-(t:4.772-v:77.000)-(t:4.780-v:75.000)-(t:4.789-v:74.000)-(t:4.799-v:72.000)-(t:4.806-v:71.000)-(t:4.813-v:68.000)-(t:4.819-v:66.000)-(t:4.824-v:65.000)-(t:4.830-v:62.000)-(t:4.835-v:61.000)-(t:4.844-v:60.000)-(t:4.850-v:59.000)-(t:4.877-v:58.000)-(t:4.884-v:57.000)-(t:4.891-v:55.000)-(t:4.902-v:54.000)-(t:4.911-v:53.000)-(t:4.945-v:52.000)-(t:4.953-v:51.000)-(t:4.970-v:50.000)-(t:4.979-v:49.000)-(t:4.987-v:47.000)-(t:4.996-v:46.000)-(t:5.032-v:45.000)-(t:5.042-v:44.000)-(t:5.048-v:43.000)-(t:5.079-v:41.000)-(t:5.093-v:40.000)-(t:5.108-v:38.000)-(t:5.125-v:37.000)-(t:5.136-v:36.000)-(t:5.149-v:35.000)-(t:5.169-v:33.000)-(t:5.183-v:32.000)-(t:5.198-v:31.000)-(t:5.215-v:30.000)-(t:5.227-v:29.000)-(t:5.280-v:27.000)-(t:5.296-v:26.000)-(t:5.310-v:25.000)-(t:5.326-v:24.000)-(t:5.379-v:23.000)-(t:5.489-v:22.000)-(t:5.510-v:21.000)-(t:5.537-v:20.000)-(t:5.567-v:19.000)-(t:5.597-v:18.000)-(t:5.615-v:17.000)-(t:5.640-v:16.000)-(t:5.658-v:15.000)-(t:5.682-v:14.000)-(t:5.755-v:13.000)-(t:6.195-v:12.000)-(t:6.310-v:11.000)-(t:6.347-v:10.000)-(t:6.533-v:9.000)-(t:7.220-v:8.000)-(t:8.518-v:7.000)-(t:8.545-v:6.000)-(t:10.573-v:5.000)-(t:10.599-v:4.000)-(t:11.889-v:3.000)-(t:42.846-v:2.000)],20.184
examples/csp/csp_100/4-72.txt,dqn,r1,300,1.0,[(t:4.441-v:124.000)-(t:4.455-v:118.000)-(t:4.470-v:117.000)-(t:4.487-v:115.000)-(t:4.493-v:114.000)-(t:4.504-v:110.000)-(t:4.511-v:109.000)-(t:4.519-v:108.000)-(t:4.527-v:106.000)-(t:4.537-v:105.000)-(t:4.544-v:102.000)-(t:4.553-v:100.000)-(t:4.559-v:95.000)-(t:4.566-v:94.000)-(t:4.577-v:93.000)-(t:4.585-v:92.000)-(t:4.592-v:91.000)-(t:4.608-v:87.000)-(t:4.621-v:86.000)-(t:4.626-v:85.000)-(t:4.631-v:84.000)-(t:4.635-v:83.000)-(t:4.640-v:82.000)-(t:4.645-v:80.000)-(t:4.651-v:79.000)-(t:4.656-v:78.000)-(t:4.662-v:77.000)-(t:4.670-v:76.000)-(t:4.676-v:74.000)-(t:4.682-v:73.000)-(t:4.687-v:72.000)-(t:4.693-v:71.000)-(t:4.703-v:70.000)-(t:4.711-v:69.000)-(t:4.719-v:68.000)-(t:4.726-v:64.000)-(t:4.730-v:63.000)-(t:4.736-v:62.000)-(t:4.741-v:60.000)-(t:4.748-v:59.000)-(t:4.759-v:58.000)-(t:4.766-v:57.000)-(t:4.776-v:54.000)-(t:4.793-v:53.000)-(t:4.798-v:52.000)-(t:4.804-v:51.000)-(t:4.811-v:49.000)-(t:4.816-v:48.000)-(t:4.824-v:45.000)-(t:4.831-v:42.000)-(t:4.839-v:41.000)-(t:4.844-v:40.000)-(t:4.860-v:39.000)-(t:4.868-v:38.000)-(t:4.878-v:37.000)-(t:4.884-v:36.000)-(t:4.888-v:35.000)-(t:4.894-v:34.000)-(t:4.899-v:33.000)-(t:4.944-v:32.000)-(t:4.966-v:31.000)-(t:4.982-v:30.000)-(t:5.000-v:29.000)-(t:5.014-v:28.000)-(t:5.030-v:27.000)-(t:5.046-v:26.000)-(t:5.080-v:25.000)-(t:5.096-v:24.000)-(t:5.130-v:23.000)-(t:5.146-v:22.000)-(t:5.182-v:21.000)-(t:5.198-v:20.000)-(t:5.221-v:19.000)-(t:5.240-v:18.000)-(t:5.270-v:17.000)-(t:5.291-v:16.000)-(t:5.308-v:15.000)-(t:5.324-v:14.000)-(t:5.340-v:13.000)-(t:5.364-v:12.000)-(t:5.402-v:11.000)-(t:5.423-v:10.000)-(t:5.444-v:9.000)-(t:5.558-v:8.000)-(t:5.578-v:7.000)-(t:5.602-v:6.000)-(t:12.211-v:5.000)-(t:14.084-v:4.000)-(t:14.919-v:3.000)-(t:16.856-v:2.000)-(t:37.923-v:1.000)],300.0
examples/csp/csp_100/6-76.txt,dqn,r1,300,6.0,[(t:3.918-v:99.000)-(t:3.928-v:98.000)-(t:3.934-v:96.000)-(t:3.950-v:91.000)-(t:3.955-v:89.000)-(t:3.966-v:87.000)-(t:3.972-v:83.000)-(t:3.978-v:82.000)-(t:3.984-v:80.000)-(t:3.991-v:78.000)-(t:3.998-v:77.000)-(t:4.003-v:74.000)-(t:4.008-v:72.000)-(t:4.013-v:70.000)-(t:4.024-v:69.000)-(t:4.030-v:68.000)-(t:4.036-v:67.000)-(t:4.043-v:66.000)-(t:4.054-v:64.000)-(t:4.063-v:63.000)-(t:4.068-v:61.000)-(t:4.073-v:60.000)-(t:4.078-v:58.000)-(t:4.083-v:57.000)-(t:4.088-v:56.000)-(t:4.094-v:54.000)-(t:4.100-v:52.000)-(t:4.107-v:50.000)-(t:4.114-v:49.000)-(t:4.121-v:48.000)-(t:4.125-v:47.000)-(t:4.132-v:46.000)-(t:4.139-v:45.000)-(t:4.145-v:44.000)-(t:4.150-v:43.000)-(t:4.154-v:42.000)-(t:4.160-v:41.000)-(t:4.165-v:39.000)-(t:4.172-v:38.000)-(t:4.177-v:35.000)-(t:4.188-v:34.000)-(t:4.195-v:32.000)-(t:4.202-v:31.000)-(t:4.221-v:30.000)-(t:4.227-v:29.000)-(t:4.231-v:28.000)-(t:4.236-v:26.000)-(t:4.241-v:25.000)-(t:4.246-v:24.000)-(t:4.253-v:23.000)-(t:4.261-v:22.000)-(t:4.266-v:21.000)-(t:4.274-v:19.000)-(t:4.287-v:18.000)-(t:4.291-v:17.000)-(t:4.306-v:16.000)-(t:4.317-v:15.000)-(t:4.351-v:14.000)-(t:4.417-v:13.000)-(t:4.472-v:12.000)-(t:4.499-v:11.000)-(t:4.519-v:10.000)-(t:4.558-v:9.000)-(t:4.575-v:8.000)-(t:5.024-v:7.000)-(t:5.049-v:6.000)],4.503
examples/csp/csp_300/carseq_300_8_20_53.txt,dqn,r1,300,0.0,[(t:4.891-v:369.000)-(t:4.902-v:367.000)-(t:4.927-v:363.000)-(t:4.953-v:362.000)-(t:4.974-v:361.000)-(t:5.003-v:359.000)-(t:5.015-v:355.000)-(t:5.032-v:354.000)-(t:5.048-v:351.000)-(t:5.064-v:350.000)-(t:5.074-v:349.000)-(t:5.083-v:347.000)-(t:5.092-v:345.000)-(t:5.103-v:344.000)-(t:5.112-v:342.000)-(t:5.131-v:341.000)-(t:5.141-v:340.000)-(t:5.160-v:338.000)-(t:5.171-v:337.000)-(t:5.180-v:334.000)-(t:5.191-v:332.000)-(t:5.203-v:330.000)-(t:5.211-v:329.000)-(t:5.223-v:326.000)-(t:5.232-v:324.000)-(t:5.242-v:322.000)-(t:5.252-v:321.000)-(t:5.266-v:320.000)-(t:5.275-v:319.000)-(t:5.284-v:317.000)-(t:5.295-v:316.000)-(t:5.305-v:315.000)-(t:5.320-v:314.000)-(t:5.329-v:313.000)-(t:5.341-v:312.000)-(t:5.349-v:311.000)-(t:5.356-v:310.000)-(t:5.363-v:309.000)-(t:5.370-v:308.000)-(t:5.376-v:307.000)-(t:5.384-v:305.000)-(t:5.395-v:304.000)-(t:5.406-v:303.000)-(t:5.417-v:302.000)-(t:5.427-v:301.000)-(t:5.437-v:299.000)-(t:5.444-v:298.000)-(t:5.451-v:297.000)-(t:5.460-v:295.000)-(t:5.472-v:294.000)-(t:5.482-v:293.000)-(t:5.490-v:292.000)-(t:5.498-v:289.000)-(t:5.509-v:288.000)-(t:5.518-v:286.000)-(t:5.530-v:285.000)-(t:5.540-v:282.000)-(t:5.548-v:281.000)-(t:5.556-v:280.000)-(t:5.563-v:279.000)-(t:5.609-v:277.000)-(t:5.634-v:276.000)-(t:5.656-v:274.000)-(t:5.676-v:271.000)-(t:5.697-v:269.000)-(t:5.715-v:266.000)-(t:5.734-v:265.000)-(t:5.753-v:264.000)-(t:5.774-v:263.000)-(t:5.793-v:261.000)-(t:5.814-v:259.000)-(t:5.836-v:258.000)-(t:5.856-v:257.000)-(t:5.875-v:256.000)-(t:5.895-v:255.000)-(t:5.920-v:254.000)-(t:5.942-v:252.000)-(t:5.962-v:251.000)-(t:5.985-v:249.000)-(t:6.004-v:248.000)-(t:6.026-v:247.000)-(t:6.048-v:246.000)-(t:6.069-v:245.000)-(t:6.089-v:243.000)-(t:6.109-v:242.000)-(t:6.135-v:241.000)-(t:6.170-v:240.000)-(t:6.193-v:239.000)-(t:6.216-v:238.000)-(t:6.236-v:236.000)-(t:6.257-v:232.000)-(t:6.279-v:231.000)-(t:6.300-v:230.000)-(t:6.322-v:229.000)-(t:6.344-v:228.000)-(t:6.369-v:227.000)-(t:6.395-v:225.000)-(t:6.414-v:224.000)-(t:6.431-v:223.000)-(t:6.451-v:222.000)-(t:6.471-v:221.000)-(t:6.492-v:220.000)-(t:6.513-v:218.000)-(t:6.530-v:217.000)-(t:6.551-v:216.000)-(t:6.571-v:215.000)-(t:6.595-v:214.000)-(t:6.618-v:213.000)-(t:6.642-v:212.000)-(t:6.666-v:211.000)-(t:6.692-v:210.000)-(t:6.714-v:209.000)-(t:6.735-v:208.000)-(t:6.756-v:207.000)-(t:6.779-v:205.000)-(t:6.801-v:204.000)-(t:6.828-v:203.000)-(t:6.851-v:201.000)-(t:6.875-v:200.000)-(t:6.895-v:199.000)-(t:6.918-v:198.000)-(t:6.939-v:197.000)-(t:6.963-v:196.000)-(t:6.984-v:195.000)-(t:7.007-v:193.000)-(t:7.030-v:192.000)-(t:7.051-v:190.000)-(t:7.072-v:189.000)-(t:7.093-v:188.000)-(t:7.111-v:187.000)-(t:7.128-v:185.000)-(t:7.151-v:184.000)-(t:7.175-v:183.000)-(t:7.196-v:182.000)-(t:7.218-v:181.000)-(t:7.241-v:180.000)-(t:7.266-v:179.000)-(t:7.288-v:177.000)-(t:7.311-v:176.000)-(t:7.335-v:174.000)-(t:7.357-v:172.000)-(t:7.384-v:171.000)-(t:7.409-v:170.000)-(t:7.432-v:169.000)-(t:7.456-v:168.000)-(t:7.476-v:167.000)-(t:7.501-v:166.000)-(t:7.523-v:165.000)-(t:7.546-v:164.000)-(t:7.569-v:163.000)-(t:7.590-v:162.000)-(t:7.612-v:161.000)-(t:7.635-v:160.000)-(t:7.658-v:159.000)-(t:7.680-v:158.000)-(t:7.700-v:155.000)-(t:7.731-v:154.000)-(t:7.755-v:153.000)-(t:7.777-v:152.000)-(t:7.798-v:151.000)-(t:7.818-v:149.000)-(t:7.838-v:147.000)-(t:7.865-v:146.000)-(t:7.889-v:145.000)-(t:7.913-v:144.000)-(t:7.937-v:143.000)-(t:7.965-v:141.000)-(t:7.989-v:140.000)-(t:8.009-v:139.000)-(t:8.031-v:138.000)-(t:8.059-v:137.000)-(t:8.079-v:136.000)-(t:8.103-v:135.000)-(t:8.123-v:134.000)-(t:8.142-v:133.000)-(t:8.162-v:132.000)-(t:8.179-v:131.000)-(t:8.199-v:130.000)-(t:8.219-v:129.000)-(t:8.237-v:128.000)-(t:8.274-v:126.000)-(t:8.293-v:125.000)-(t:8.318-v:124.000)-(t:8.340-v:123.000)-(t:8.361-v:122.000)-(t:8.382-v:121.000)-(t:8.403-v:120.000)-(t:8.423-v:119.000)-(t:8.457-v:116.000)-(t:8.480-v:115.000)-(t:8.504-v:113.000)-(t:8.527-v:112.000)-(t:8.546-v:111.000)-(t:8.567-v:110.000)-(t:8.596-v:109.000)-(t:8.620-v:108.000)-(t:8.642-v:107.000)-(t:8.666-v:105.000)-(t:8.687-v:104.000)-(t:8.707-v:103.000)-(t:8.726-v:102.000)-(t:8.748-v:101.000)-(t:8.768-v:100.000)-(t:8.838-v:99.000)-(t:8.858-v:98.000)-(t:8.879-v:96.000)-(t:8.903-v:95.000)-(t:8.935-v:94.000)-(t:8.963-v:93.000)-(t:9.018-v:92.000)-(t:9.041-v:91.000)-(t:9.069-v:90.000)-(t:9.094-v:88.000)-(t:9.119-v:87.000)-(t:9.142-v:86.000)-(t:9.172-v:85.000)-(t:9.193-v:84.000)-(t:9.218-v:83.000)-(t:9.240-v:82.000)-(t:9.258-v:81.000)-(t:9.277-v:80.000)-(t:9.299-v:77.000)-(t:9.320-v:76.000)-(t:9.339-v:75.000)-(t:9.359-v:74.000)-(t:9.384-v:73.000)-(t:9.426-v:72.000)-(t:9.450-v:70.000)-(t:9.472-v:69.000)-(t:9.495-v:68.000)-(t:9.516-v:67.000)-(t:9.538-v:66.000)-(t:9.558-v:65.000)-(t:9.639-v:64.000)-(t:9.664-v:63.000)-(t:9.690-v:62.000)-(t:9.709-v:61.000)-(t:9.734-v:60.000)-(t:9.756-v:59.000)-(t:9.874-v:58.000)-(t:9.937-v:57.000)-(t:9.970-v:56.000)-(t:9.995-v:55.000)-(t:10.020-v:54.000)-(t:10.063-v:53.000)-(t:10.088-v:51.000)-(t:10.245-v:50.000)-(t:10.278-v:49.000)-(t:10.307-v:48.000)-(t:10.334-v:47.000)-(t:10.363-v:46.000)-(t:10.387-v:45.000)-(t:10.601-v:44.000)-(t:10.838-v:43.000)-(t:10.873-v:41.000)-(t:10.902-v:40.000)-(t:10.927-v:39.000)-(t:10.957-v:37.000)-(t:10.982-v:36.000)-(t:11.014-v:35.000)-(t:11.437-v:34.000)-(t:11.470-v:33.000)-(t:11.495-v:32.000)-(t:11.518-v:31.000)-(t:11.543-v:30.000)-(t:11.620-v:29.000)-(t:11.663-v:28.000)-(t:11.683-v:27.000)-(t:11.721-v:26.000)-(t:11.846-v:25.000)-(t:11.883-v:24.000)-(t:11.918-v:23.000)-(t:11.939-v:22.000)-(t:11.966-v:21.000)-(t:12.047-v:20.000)-(t:12.082-v:19.000)-(t:12.105-v:18.000)-(t:12.308-v:17.000)-(t:12.349-v:16.000)-(t:12.374-v:15.000)-(t:12.406-v:14.000)-(t:12.462-v:13.000)-(t:12.528-v:12.000)-(t:12.577-v:11.000)-(t:12.641-v:10.000)-(t:12.701-v:9.000)-(t:12.750-v:8.000)-(t:12.869-v:7.000)-(t:12.934-v:6.000)-(t:14.232-v:5.000)-(t:14.377-v:4.000)-(t:14.437-v:3.000)-(t:14.835-v:2.000)-(t:14.937-v:1.000)-(t:18.564-v:0.000)],18.564
examples/csp/csp_100/carseq_100_8_20_64.txt,dqn,r1,300,1.0,[(t:4.342-v:130.000)-(t:4.364-v:129.000)-(t:4.376-v:126.000)-(t:4.381-v:124.000)-(t:4.394-v:123.000)-(t:4.405-v:117.000)-(t:4.410-v:115.000)-(t:4.418-v:110.000)-(t:4.424-v:109.000)-(t:4.433-v:108.000)-(t:4.442-v:107.000)-(t:4.450-v:106.000)-(t:4.457-v:104.000)-(t:4.462-v:102.000)-(t:4.469-v:99.000)-(t:4.477-v:98.000)-(t:4.482-v:96.000)-(t:4.490-v:92.000)-(t:4.496-v:90.000)-(t:4.501-v:88.000)-(t:4.505-v:85.000)-(t:4.510-v:84.000)-(t:4.515-v:83.000)-(t:4.520-v:82.000)-(t:4.528-v:81.000)-(t:4.535-v:80.000)-(t:4.542-v:79.000)-(t:4.548-v:78.000)-(t:4.552-v:77.000)-(t:4.558-v:76.000)-(t:4.567-v:75.000)-(t:4.572-v:74.000)-(t:4.579-v:73.000)-(t:4.588-v:71.000)-(t:4.593-v:69.000)-(t:4.601-v:68.000)-(t:4.609-v:67.000)-(t:4.617-v:64.000)-(t:4.624-v:63.000)-(t:4.630-v:61.000)-(t:4.637-v:60.000)-(t:4.643-v:59.000)-(t:4.653-v:58.000)-(t:4.665-v:57.000)-(t:4.673-v:56.000)-(t:4.679-v:55.000)-(t:4.686-v:54.000)-(t:4.694-v:53.000)-(t:4.706-v:52.000)-(t:4.713-v:51.000)-(t:4.723-v:50.000)-(t:4.731-v:49.000)-(t:4.737-v:48.000)-(t:4.745-v:47.000)-(t:4.754-v:45.000)-(t:4.759-v:44.000)-(t:4.767-v:43.000)-(t:4.771-v:42.000)-(t:4.776-v:41.000)-(t:4.781-v:40.000)-(t:4.817-v:39.000)-(t:4.834-v:38.000)-(t:4.849-v:37.000)-(t:4.865-v:36.000)-(t:4.881-v:35.000)-(t:4.897-v:34.000)-(t:4.935-v:33.000)-(t:5.009-v:31.000)-(t:5.041-v:30.000)-(t:5.080-v:29.000)-(t:5.099-v:28.000)-(t:5.112-v:27.000)-(t:5.138-v:26.000)-(t:5.174-v:25.000)-(t:5.188-v:24.000)-(t:5.205-v:23.000)-(t:5.247-v:22.000)-(t:5.263-v:21.000)-(t:5.284-v:20.000)-(t:5.321-v:19.000)-(t:5.400-v:18.000)-(t:5.418-v:17.000)-(t:5.434-v:16.000)-(t:5.452-v:15.000)-(t:5.472-v:14.000)-(t:5.493-v:13.000)-(t:5.562-v:12.000)-(t:5.581-v:11.000)-(t:5.604-v:10.000)-(t:5.627-v:9.000)-(t:5.671-v:8.000)-(t:5.692-v:7.000)-(t:5.709-v:6.000)-(t:5.730-v:5.000)-(t:7.908-v:4.000)-(t:8.010-v:3.000)-(t:8.601-v:2.000)-(t:12.382-v:1.000)],300.0
examples/csp/csp_300/carseq_300_8_20_47.txt,dqn,r1,300,0.0,[(t:4.718-v:346.000)-(t:4.736-v:340.000)-(t:4.750-v:339.000)-(t:4.778-v:337.000)-(t:4.795-v:336.000)-(t:4.812-v:335.000)-(t:4.824-v:334.000)-(t:4.844-v:333.000)-(t:4.856-v:332.000)-(t:4.868-v:330.000)-(t:4.881-v:327.000)-(t:4.893-v:325.000)-(t:4.901-v:324.000)-(t:4.913-v:323.000)-(t:4.920-v:322.000)-(t:4.931-v:320.000)-(t:4.943-v:319.000)-(t:4.956-v:317.000)-(t:4.966-v:315.000)-(t:4.974-v:314.000)-(t:4.983-v:313.000)-(t:4.992-v:312.000)-(t:5.001-v:311.000)-(t:5.012-v:309.000)-(t:5.023-v:308.000)-(t:5.032-v:307.000)-(t:5.042-v:305.000)-(t:5.053-v:303.000)-(t:5.062-v:302.000)-(t:5.075-v:300.000)-(t:5.091-v:299.000)-(t:5.103-v:295.000)-(t:5.114-v:294.000)-(t:5.123-v:293.000)-(t:5.132-v:291.000)-(t:5.141-v:290.000)-(t:5.150-v:288.000)-(t:5.159-v:286.000)-(t:5.166-v:284.000)-(t:5.174-v:282.000)-(t:5.187-v:281.000)-(t:5.197-v:279.000)-(t:5.203-v:278.000)-(t:5.223-v:277.000)-(t:5.231-v:274.000)-(t:5.240-v:271.000)-(t:5.248-v:269.000)-(t:5.258-v:267.000)-(t:5.266-v:266.000)-(t:5.276-v:265.000)-(t:5.288-v:262.000)-(t:5.298-v:261.000)-(t:5.307-v:260.000)-(t:5.315-v:258.000)-(t:5.322-v:257.000)-(t:5.333-v:256.000)-(t:5.341-v:255.000)-(t:5.372-v:254.000)-(t:5.384-v:253.000)-(t:5.460-v:252.000)-(t:5.480-v:251.000)-(t:5.501-v:249.000)-(t:5.526-v:246.000)-(t:5.547-v:245.000)-(t:5.572-v:244.000)-(t:5.596-v:243.000)-(t:5.623-v:242.000)-(t:5.646-v:241.000)-(t:5.668-v:240.000)-(t:5.686-v:237.000)-(t:5.707-v:236.000)-(t:5.728-v:234.000)-(t:5.749-v:232.000)-(t:5.776-v:231.000)-(t:5.798-v:230.000)-(t:5.820-v:228.000)-(t:5.844-v:226.000)-(t:5.868-v:224.000)-(t:5.891-v:223.000)-(t:5.912-v:222.000)-(t:5.931-v:221.000)-(t:5.951-v:220.000)-(t:5.981-v:219.000)-(t:6.001-v:217.000)-(t:6.021-v:215.000)-(t:6.040-v:214.000)-(t:6.059-v:213.000)-(t:6.079-v:212.000)-(t:6.096-v:211.000)-(t:6.115-v:210.000)-(t:6.132-v:209.000)-(t:6.153-v:208.000)-(t:6.177-v:207.000)-(t:6.198-v:206.000)-(t:6.219-v:205.000)-(t:6.241-v:204.000)-(t:6.262-v:203.000)-(t:6.285-v:202.000)-(t:6.305-v:200.000)-(t:6.326-v:199.000)-(t:6.351-v:196.000)-(t:6.376-v:195.000)-(t:6.399-v:193.000)-(t:6.419-v:192.000)-(t:6.440-v:191.000)-(t:6.469-v:190.000)-(t:6.490-v:189.000)-(t:6.512-v:188.000)-(t:6.534-v:187.000)-(t:6.557-v:186.000)-(t:6.579-v:185.000)-(t:6.607-v:184.000)-(t:6.632-v:181.000)-(t:6.654-v:179.000)-(t:6.673-v:178.000)-(t:6.698-v:177.000)-(t:6.722-v:175.000)-(t:6.743-v:173.000)-(t:6.768-v:172.000)-(t:6.794-v:171.000)-(t:6.816-v:169.000)-(t:6.842-v:168.000)-(t:6.873-v:167.000)-(t:6.892-v:164.000)-(t:6.910-v:161.000)-(t:6.933-v:160.000)-(t:6.955-v:158.000)-(t:6.977-v:157.000)-(t:7.001-v:156.000)-(t:7.020-v:153.000)-(t:7.042-v:152.000)-(t:7.061-v:151.000)-(t:7.078-v:149.000)-(t:7.100-v:148.000)-(t:7.123-v:147.000)-(t:7.145-v:146.000)-(t:7.169-v:145.000)-(t:7.189-v:144.000)-(t:7.208-v:143.000)-(t:7.228-v:142.000)-(t:7.247-v:141.000)-(t:7.266-v:140.000)-(t:7.287-v:139.000)-(t:7.306-v:138.000)-(t:7.327-v:137.000)-(t:7.346-v:136.000)-(t:7.368-v:134.000)-(t:7.389-v:132.000)-(t:7.412-v:130.000)-(t:7.432-v:128.000)-(t:7.456-v:126.000)-(t:7.477-v:125.000)-(t:7.497-v:124.000)-(t:7.519-v:123.000)-(t:7.539-v:122.000)-(t:7.561-v:120.000)-(t:7.581-v:119.000)-(t:7.601-v:118.000)-(t:7.623-v:117.000)-(t:7.645-v:116.000)-(t:7.670-v:114.000)-(t:7.697-v:113.000)-(t:7.723-v:112.000)-(t:7.748-v:111.000)-(t:7.770-v:110.000)-(t:7.795-v:109.000)-(t:7.819-v:108.000)-(t:7.838-v:107.000)-(t:7.867-v:106.000)-(t:7.892-v:105.000)-(t:7.928-v:104.000)-(t:7.947-v:103.000)-(t:7.971-v:102.000)-(t:7.994-v:101.000)-(t:8.030-v:100.000)-(t:8.059-v:98.000)-(t:8.081-v:97.000)-(t:8.106-v:96.000)-(t:8.149-v:95.000)-(t:8.195-v:94.000)-(t:8.230-v:93.000)-(t:8.260-v:92.000)-(t:8.322-v:91.000)-(t:8.350-v:90.000)-(t:8.382-v:89.000)-(t:8.408-v:88.000)-(t:8.441-v:87.000)-(t:8.470-v:86.000)-(t:8.493-v:85.000)-(t:8.518-v:83.000)-(t:8.542-v:82.000)-(t:8.566-v:81.000)-(t:8.597-v:80.000)-(t:8.618-v:79.000)-(t:8.641-v:78.000)-(t:8.688-v:77.000)-(t:8.726-v:76.000)-(t:8.748-v:75.000)-(t:8.784-v:74.000)-(t:8.843-v:72.000)-(t:8.863-v:71.000)-(t:8.911-v:70.000)-(t:8.933-v:69.000)-(t:8.966-v:67.000)-(t:8.990-v:66.000)-(t:9.020-v:65.000)-(t:9.042-v:64.000)-(t:9.106-v:63.000)-(t:9.159-v:62.000)-(t:9.185-v:60.000)-(t:9.205-v:59.000)-(t:9.256-v:58.000)-(t:9.281-v:57.000)-(t:9.309-v:56.000)-(t:9.334-v:55.000)-(t:9.394-v:54.000)-(t:9.417-v:53.000)-(t:9.445-v:52.000)-(t:9.474-v:51.000)-(t:9.518-v:50.000)-(t:9.622-v:49.000)-(t:9.668-v:47.000)-(t:9.695-v:46.000)-(t:9.742-v:45.000)-(t:9.775-v:44.000)-(t:9.820-v:43.000)-(t:9.902-v:42.000)-(t:9.925-v:41.000)-(t:10.014-v:40.000)-(t:10.435-v:39.000)-(t:10.549-v:38.000)-(t:10.574-v:37.000)-(t:10.771-v:36.000)-(t:10.804-v:35.000)-(t:10.837-v:34.000)-(t:10.872-v:33.000)-(t:10.917-v:32.000)-(t:10.944-v:31.000)-(t:10.978-v:30.000)-(t:11.017-v:29.000)-(t:11.072-v:28.000)-(t:11.095-v:27.000)-(t:11.128-v:26.000)-(t:11.192-v:25.000)-(t:11.218-v:24.000)-(t:11.248-v:23.000)-(t:11.316-v:22.000)-(t:11.402-v:21.000)-(t:11.447-v:20.000)-(t:11.479-v:19.000)-(t:11.524-v:18.000)-(t:11.568-v:17.000)-(t:11.610-v:16.000)-(t:11.664-v:15.000)-(t:11.729-v:14.000)-(t:11.789-v:13.000)-(t:11.866-v:12.000)-(t:11.921-v:11.000)-(t:12.051-v:10.000)-(t:12.107-v:9.000)-(t:12.186-v:8.000)-(t:15.437-v:7.000)-(t:16.058-v:6.000)-(t:16.494-v:5.000)-(t:22.616-v:4.000)-(t:27.283-v:3.000)-(t:27.352-v:2.000)-(t:29.867-v:1.000)-(t:41.316-v:0.000)],41.316
examples/csp/csp_300/carseq_300_8_20_76.txt,dqn,r1,300,0.0,[(t:4.636-v:364.000)-(t:4.653-v:359.000)-(t:4.668-v:358.000)-(t:4.688-v:356.000)-(t:4.705-v:354.000)-(t:4.718-v:352.000)-(t:4.728-v:348.000)-(t:4.741-v:347.000)-(t:4.756-v:345.000)-(t:4.769-v:344.000)-(t:4.785-v:343.000)-(t:4.798-v:342.000)-(t:4.809-v:341.000)-(t:4.818-v:340.000)-(t:4.827-v:338.000)-(t:4.839-v:337.000)-(t:4.848-v:336.000)-(t:4.861-v:335.000)-(t:4.872-v:333.000)-(t:4.883-v:332.000)-(t:4.894-v:331.000)-(t:4.904-v:328.000)-(t:4.913-v:327.000)-(t:4.922-v:326.000)-(t:4.934-v:324.000)-(t:4.944-v:323.000)-(t:4.955-v:322.000)-(t:4.966-v:320.000)-(t:4.977-v:319.000)-(t:4.987-v:318.000)-(t:4.999-v:317.000)-(t:5.012-v:316.000)-(t:5.020-v:315.000)-(t:5.031-v:312.000)-(t:5.041-v:311.000)-(t:5.050-v:307.000)-(t:5.061-v:306.000)-(t:5.068-v:305.000)-(t:5.075-v:302.000)-(t:5.084-v:300.000)-(t:5.096-v:298.000)-(t:5.108-v:297.000)-(t:5.114-v:296.000)-(t:5.122-v:294.000)-(t:5.131-v:292.000)-(t:5.138-v:291.000)-(t:5.146-v:290.000)-(t:5.153-v:289.000)-(t:5.166-v:288.000)-(t:5.176-v:287.000)-(t:5.189-v:286.000)-(t:5.203-v:284.000)-(t:5.213-v:281.000)-(t:5.225-v:280.000)-(t:5.237-v:279.000)-(t:5.250-v:278.000)-(t:5.261-v:274.000)-(t:5.271-v:273.000)-(t:5.278-v:272.000)-(t:5.286-v:271.000)-(t:5.328-v:270.000)-(t:5.348-v:269.000)-(t:5.367-v:268.000)-(t:5.388-v:266.000)-(t:5.406-v:265.000)-(t:5.425-v:264.000)-(t:5.444-v:263.000)-(t:5.463-v:262.000)-(t:5.486-v:261.000)-(t:5.504-v:260.000)-(t:5.522-v:259.000)-(t:5.543-v:258.000)-(t:5.561-v:256.000)-(t:5.579-v:255.000)-(t:5.599-v:252.000)-(t:5.626-v:251.000)-(t:5.650-v:250.000)-(t:5.674-v:249.000)-(t:5.698-v:246.000)-(t:5.718-v:244.000)-(t:5.741-v:243.000)-(t:5.761-v:241.000)-(t:5.786-v:240.000)-(t:5.805-v:238.000)-(t:5.829-v:237.000)-(t:5.850-v:235.000)-(t:5.871-v:234.000)-(t:5.892-v:233.000)-(t:5.912-v:232.000)-(t:5.931-v:231.000)-(t:5.951-v:230.000)-(t:5.973-v:229.000)-(t:5.996-v:227.000)-(t:6.021-v:226.000)-(t:6.043-v:225.000)-(t:6.065-v:223.000)-(t:6.084-v:222.000)-(t:6.103-v:221.000)-(t:6.122-v:220.000)-(t:6.146-v:219.000)-(t:6.170-v:218.000)-(t:6.214-v:217.000)-(t:6.239-v:213.000)-(t:6.268-v:212.000)-(t:6.291-v:210.000)-(t:6.315-v:209.000)-(t:6.338-v:208.000)-(t:6.361-v:207.000)-(t:6.381-v:206.000)-(t:6.401-v:205.000)-(t:6.422-v:202.000)-(t:6.447-v:201.000)-(t:6.486-v:200.000)-(t:6.506-v:199.000)-(t:6.530-v:198.000)-(t:6.563-v:197.000)-(t:6.601-v:196.000)-(t:6.622-v:194.000)-(t:6.646-v:193.000)-(t:6.675-v:192.000)-(t:6.700-v:190.000)-(t:6.721-v:189.000)-(t:6.747-v:188.000)-(t:6.785-v:187.000)-(t:6.806-v:186.000)-(t:6.829-v:185.000)-(t:6.849-v:184.000)-(t:6.871-v:183.000)-(t:6.893-v:182.000)-(t:6.912-v:181.000)-(t:6.933-v:178.000)-(t:6.957-v:177.000)-(t:6.976-v:176.000)-(t:6.993-v:175.000)-(t:7.012-v:174.000)-(t:7.032-v:173.000)-(t:7.063-v:172.000)-(t:7.086-v:171.000)-(t:7.108-v:169.000)-(t:7.131-v:168.000)-(t:7.151-v:166.000)-(t:7.177-v:165.000)-(t:7.199-v:164.000)-(t:7.221-v:163.000)-(t:7.244-v:161.000)-(t:7.270-v:160.000)-(t:7.293-v:159.000)-(t:7.318-v:158.000)-(t:7.346-v:157.000)-(t:7.369-v:156.000)-(t:7.388-v:155.000)-(t:7.408-v:154.000)-(t:7.428-v:153.000)-(t:7.449-v:152.000)-(t:7.471-v:151.000)-(t:7.494-v:150.000)-(t:7.539-v:149.000)-(t:7.560-v:147.000)-(t:7.578-v:146.000)-(t:7.610-v:144.000)-(t:7.631-v:143.000)-(t:7.652-v:142.000)-(t:7.675-v:141.000)-(t:7.691-v:140.000)-(t:7.714-v:139.000)-(t:7.735-v:138.000)-(t:7.757-v:137.000)-(t:7.777-v:136.000)-(t:7.798-v:135.000)-(t:7.821-v:133.000)-(t:7.840-v:132.000)-(t:7.868-v:131.000)-(t:7.886-v:129.000)-(t:7.910-v:128.000)-(t:7.940-v:127.000)-(t:7.960-v:126.000)-(t:7.984-v:124.000)-(t:8.002-v:123.000)-(t:8.061-v:122.000)-(t:8.083-v:121.000)-(t:8.106-v:120.000)-(t:8.178-v:119.000)-(t:8.241-v:118.000)-(t:8.262-v:117.000)-(t:8.294-v:116.000)-(t:8.327-v:115.000)-(t:8.351-v:114.000)-(t:8.375-v:113.000)-(t:8.425-v:112.000)-(t:8.461-v:111.000)-(t:8.497-v:110.000)-(t:8.515-v:109.000)-(t:8.536-v:108.000)-(t:8.557-v:107.000)-(t:8.584-v:106.000)-(t:8.608-v:105.000)-(t:8.628-v:102.000)-(t:8.651-v:101.000)-(t:8.669-v:100.000)-(t:8.693-v:99.000)-(t:8.715-v:98.000)-(t:8.738-v:97.000)-(t:8.762-v:96.000)-(t:8.804-v:95.000)-(t:8.825-v:94.000)-(t:8.845-v:93.000)-(t:8.872-v:91.000)-(t:8.935-v:90.000)-(t:8.983-v:88.000)-(t:9.044-v:87.000)-(t:9.074-v:85.000)-(t:9.109-v:84.000)-(t:9.140-v:83.000)-(t:9.161-v:82.000)-(t:9.185-v:81.000)-(t:9.224-v:80.000)-(t:9.247-v:79.000)-(t:9.320-v:78.000)-(t:9.342-v:76.000)-(t:9.376-v:75.000)-(t:9.407-v:74.000)-(t:9.432-v:73.000)-(t:9.459-v:72.000)-(t:9.482-v:71.000)-(t:9.559-v:70.000)-(t:9.583-v:69.000)-(t:9.607-v:68.000)-(t:9.627-v:67.000)-(t:9.643-v:66.000)-(t:9.673-v:65.000)-(t:9.746-v:64.000)-(t:9.774-v:63.000)-(t:9.808-v:62.000)-(t:9.839-v:61.000)-(t:9.864-v:60.000)-(t:9.886-v:59.000)-(t:9.907-v:58.000)-(t:9.983-v:57.000)-(t:10.029-v:56.000)-(t:10.049-v:55.000)-(t:10.071-v:54.000)-(t:10.092-v:53.000)-(t:10.272-v:52.000)-(t:10.293-v:51.000)-(t:10.329-v:50.000)-(t:10.361-v:49.000)-(t:10.433-v:48.000)-(t:10.537-v:47.000)-(t:10.788-v:46.000)-(t:10.819-v:45.000)-(t:10.848-v:44.000)-(t:10.874-v:43.000)-(t:11.043-v:42.000)-(t:11.065-v:41.000)-(t:11.092-v:40.000)-(t:11.118-v:39.000)-(t:11.203-v:38.000)-(t:11.247-v:37.000)-(t:11.279-v:36.000)-(t:11.309-v:35.000)-(t:11.339-v:34.000)-(t:11.376-v:33.000)-(t:11.407-v:32.000)-(t:11.429-v:31.000)-(t:11.460-v:30.000)-(t:11.717-v:29.000)-(t:11.769-v:28.000)-(t:11.947-v:27.000)-(t:12.013-v:26.000)-(t:12.036-v:25.000)-(t:12.328-v:24.000)-(t:12.361-v:23.000)-(t:12.406-v:22.000)-(t:12.455-v:21.000)-(t:12.479-v:20.000)-(t:12.551-v:19.000)-(t:12.598-v:18.000)-(t:12.684-v:17.000)-(t:12.714-v:16.000)-(t:12.751-v:15.000)-(t:12.809-v:14.000)-(t:12.891-v:13.000)-(t:12.996-v:12.000)-(t:13.024-v:11.000)-(t:13.061-v:10.000)-(t:13.187-v:9.000)-(t:13.340-v:8.000)-(t:15.338-v:7.000)-(t:15.391-v:6.000)-(t:15.453-v:5.000)-(t:16.953-v:4.000)-(t:17.523-v:3.000)-(t:17.653-v:2.000)-(t:18.640-v:1.000)-(t:18.839-v:0.000)],18.839
examples/csp/csp_300/carseq_300_8_20_56.txt,dqn,r1,300,0.0,[(t:6.143-v:367.000)-(t:6.161-v:366.000)-(t:6.179-v:365.000)-(t:6.208-v:363.000)-(t:6.228-v:360.000)-(t:6.255-v:356.000)-(t:6.266-v:355.000)-(t:6.283-v:352.000)-(t:6.294-v:349.000)-(t:6.305-v:348.000)-(t:6.313-v:345.000)-(t:6.322-v:344.000)-(t:6.329-v:342.000)-(t:6.338-v:341.000)-(t:6.346-v:338.000)-(t:6.355-v:337.000)-(t:6.364-v:334.000)-(t:6.378-v:332.000)-(t:6.391-v:330.000)-(t:6.401-v:328.000)-(t:6.410-v:325.000)-(t:6.419-v:324.000)-(t:6.426-v:321.000)-(t:6.435-v:317.000)-(t:6.445-v:316.000)-(t:6.453-v:315.000)-(t:6.465-v:312.000)-(t:6.476-v:309.000)-(t:6.485-v:308.000)-(t:6.492-v:306.000)-(t:6.499-v:303.000)-(t:6.507-v:302.000)-(t:6.517-v:301.000)-(t:6.524-v:300.000)-(t:6.533-v:299.000)-(t:6.545-v:294.000)-(t:6.553-v:291.000)-(t:6.560-v:290.000)-(t:6.572-v:289.000)-(t:6.580-v:288.000)-(t:6.591-v:287.000)-(t:6.600-v:286.000)-(t:6.607-v:285.000)-(t:6.618-v:284.000)-(t:6.626-v:283.000)-(t:6.635-v:282.000)-(t:6.643-v:279.000)-(t:6.649-v:276.000)-(t:6.656-v:275.000)-(t:6.668-v:272.000)-(t:6.677-v:270.000)-(t:6.686-v:269.000)-(t:6.693-v:268.000)-(t:6.701-v:267.000)-(t:6.707-v:265.000)-(t:6.717-v:263.000)-(t:6.725-v:262.000)-(t:6.737-v:260.000)-(t:6.747-v:259.000)-(t:6.754-v:257.000)-(t:6.816-v:256.000)-(t:6.845-v:255.000)-(t:6.869-v:254.000)-(t:6.893-v:253.000)-(t:6.917-v:252.000)-(t:6.946-v:251.000)-(t:6.967-v:249.000)-(t:6.990-v:248.000)-(t:7.015-v:246.000)-(t:7.038-v:244.000)-(t:7.060-v:242.000)-(t:7.081-v:241.000)-(t:7.108-v:240.000)-(t:7.138-v:239.000)-(t:7.160-v:238.000)-(t:7.189-v:237.000)-(t:7.212-v:234.000)-(t:7.245-v:233.000)-(t:7.268-v:231.000)-(t:7.291-v:228.000)-(t:7.313-v:226.000)-(t:7.337-v:225.000)-(t:7.358-v:224.000)-(t:7.382-v:223.000)-(t:7.421-v:222.000)-(t:7.443-v:221.000)-(t:7.473-v:219.000)-(t:7.501-v:218.000)-(t:7.524-v:216.000)-(t:7.551-v:213.000)-(t:7.575-v:212.000)-(t:7.598-v:211.000)-(t:7.622-v:210.000)-(t:7.648-v:209.000)-(t:7.675-v:207.000)-(t:7.697-v:206.000)-(t:7.720-v:205.000)-(t:7.747-v:204.000)-(t:7.770-v:203.000)-(t:7.797-v:202.000)-(t:7.819-v:201.000)-(t:7.842-v:200.000)-(t:7.864-v:199.000)-(t:7.919-v:198.000)-(t:7.944-v:197.000)-(t:7.970-v:196.000)-(t:7.993-v:195.000)-(t:8.018-v:193.000)-(t:8.038-v:192.000)-(t:8.071-v:191.000)-(t:8.103-v:190.000)-(t:8.127-v:189.000)-(t:8.168-v:188.000)-(t:8.188-v:187.000)-(t:8.209-v:186.000)-(t:8.233-v:185.000)-(t:8.267-v:184.000)-(t:8.290-v:183.000)-(t:8.318-v:181.000)-(t:8.345-v:180.000)-(t:8.373-v:178.000)-(t:8.395-v:177.000)-(t:8.418-v:175.000)-(t:8.464-v:174.000)-(t:8.486-v:173.000)-(t:8.510-v:172.000)-(t:8.536-v:171.000)-(t:8.562-v:169.000)-(t:8.588-v:168.000)-(t:8.607-v:167.000)-(t:8.627-v:165.000)-(t:8.648-v:164.000)-(t:8.669-v:163.000)-(t:8.690-v:162.000)-(t:8.713-v:160.000)-(t:8.735-v:159.000)-(t:8.757-v:158.000)-(t:8.779-v:157.000)-(t:8.803-v:156.000)-(t:8.826-v:155.000)-(t:8.853-v:154.000)-(t:8.879-v:153.000)-(t:8.904-v:151.000)-(t:8.929-v:150.000)-(t:8.953-v:148.000)-(t:8.978-v:147.000)-(t:9.004-v:145.000)-(t:9.025-v:144.000)-(t:9.047-v:143.000)-(t:9.070-v:142.000)-(t:9.095-v:141.000)-(t:9.121-v:139.000)-(t:9.142-v:137.000)-(t:9.165-v:136.000)-(t:9.182-v:135.000)-(t:9.202-v:133.000)-(t:9.222-v:132.000)-(t:9.242-v:130.000)-(t:9.261-v:129.000)-(t:9.288-v:128.000)-(t:9.310-v:127.000)-(t:9.331-v:126.000)-(t:9.355-v:125.000)-(t:9.377-v:124.000)-(t:9.399-v:123.000)-(t:9.446-v:122.000)-(t:9.470-v:121.000)-(t:9.492-v:120.000)-(t:9.514-v:119.000)-(t:9.536-v:118.000)-(t:9.556-v:117.000)-(t:9.612-v:115.000)-(t:9.637-v:114.000)-(t:9.674-v:113.000)-(t:9.742-v:112.000)-(t:9.767-v:111.000)-(t:9.789-v:109.000)-(t:9.813-v:108.000)-(t:9.854-v:107.000)-(t:9.878-v:106.000)-(t:9.899-v:105.000)-(t:9.923-v:104.000)-(t:9.969-v:103.000)-(t:9.993-v:101.000)-(t:10.018-v:100.000)-(t:10.040-v:98.000)-(t:10.065-v:97.000)-(t:10.091-v:96.000)-(t:10.112-v:95.000)-(t:10.134-v:94.000)-(t:10.164-v:93.000)-(t:10.264-v:92.000)-(t:10.290-v:91.000)-(t:10.316-v:90.000)-(t:10.357-v:89.000)-(t:10.419-v:88.000)-(t:10.442-v:87.000)-(t:10.465-v:86.000)-(t:10.485-v:84.000)-(t:10.507-v:83.000)-(t:10.529-v:82.000)-(t:10.549-v:81.000)-(t:10.571-v:80.000)-(t:10.620-v:79.000)-(t:10.640-v:78.000)-(t:10.709-v:77.000)-(t:10.774-v:76.000)-(t:10.821-v:75.000)-(t:10.957-v:74.000)-(t:10.979-v:73.000)-(t:11.008-v:72.000)-(t:11.181-v:71.000)-(t:11.215-v:70.000)-(t:11.251-v:69.000)-(t:11.292-v:68.000)-(t:11.320-v:67.000)-(t:11.348-v:66.000)-(t:11.375-v:65.000)-(t:11.404-v:64.000)-(t:11.429-v:63.000)-(t:11.450-v:62.000)-(t:11.485-v:61.000)-(t:11.511-v:60.000)-(t:11.574-v:59.000)-(t:11.598-v:58.000)-(t:11.631-v:57.000)-(t:11.671-v:56.000)-(t:11.797-v:54.000)-(t:11.829-v:53.000)-(t:11.858-v:52.000)-(t:11.962-v:51.000)-(t:11.993-v:50.000)-(t:12.045-v:49.000)-(t:12.139-v:48.000)-(t:12.162-v:47.000)-(t:12.475-v:46.000)-(t:12.507-v:45.000)-(t:12.592-v:44.000)-(t:12.617-v:43.000)-(t:12.696-v:42.000)-(t:12.734-v:41.000)-(t:12.855-v:40.000)-(t:12.945-v:39.000)-(t:12.982-v:38.000)-(t:13.039-v:37.000)-(t:13.256-v:36.000)-(t:13.578-v:35.000)-(t:13.608-v:34.000)-(t:13.650-v:33.000)-(t:14.172-v:32.000)-(t:14.214-v:31.000)-(t:14.256-v:30.000)-(t:14.308-v:29.000)-(t:14.339-v:28.000)-(t:14.381-v:27.000)-(t:14.447-v:26.000)-(t:14.477-v:25.000)-(t:14.498-v:24.000)-(t:14.528-v:23.000)-(t:14.559-v:22.000)-(t:14.620-v:21.000)-(t:14.649-v:20.000)-(t:14.694-v:19.000)-(t:14.765-v:18.000)-(t:14.812-v:17.000)-(t:14.874-v:16.000)-(t:14.917-v:15.000)-(t:14.941-v:14.000)-(t:15.021-v:13.000)-(t:15.098-v:12.000)-(t:15.145-v:11.000)-(t:15.245-v:10.000)-(t:15.379-v:9.000)-(t:15.406-v:8.000)-(t:15.525-v:7.000)-(t:15.643-v:6.000)-(t:17.028-v:5.000)-(t:18.294-v:4.000)-(t:21.957-v:3.000)-(t:22.721-v:2.000)-(t:22.768-v:1.000)-(t:38.291-v:0.000)],38.291
examples/csp/csp_100/carseq_100_8_20_99.txt,dqn,r1,300,0.0,[(t:4.364-v:124.000)-(t:4.382-v:123.000)-(t:4.392-v:119.000)-(t:4.397-v:118.000)-(t:4.408-v:115.000)-(t:4.418-v:113.000)-(t:4.424-v:112.000)-(t:4.434-v:111.000)-(t:4.441-v:110.000)-(t:4.449-v:109.000)-(t:4.456-v:108.000)-(t:4.463-v:107.000)-(t:4.470-v:106.000)-(t:4.476-v:105.000)-(t:4.484-v:104.000)-(t:4.493-v:103.000)-(t:4.499-v:102.000)-(t:4.507-v:98.000)-(t:4.515-v:97.000)-(t:4.521-v:96.000)-(t:4.527-v:95.000)-(t:4.534-v:93.000)-(t:4.540-v:91.000)-(t:4.547-v:90.000)-(t:4.553-v:88.000)-(t:4.560-v:87.000)-(t:4.567-v:86.000)-(t:4.575-v:84.000)-(t:4.582-v:82.000)-(t:4.588-v:81.000)-(t:4.596-v:80.000)-(t:4.602-v:79.000)-(t:4.609-v:78.000)-(t:4.614-v:76.000)-(t:4.622-v:75.000)-(t:4.628-v:74.000)-(t:4.634-v:73.000)-(t:4.641-v:72.000)-(t:4.649-v:71.000)-(t:4.654-v:70.000)-(t:4.664-v:68.000)-(t:4.672-v:66.000)-(t:4.678-v:65.000)-(t:4.684-v:64.000)-(t:4.690-v:62.000)-(t:4.698-v:61.000)-(t:4.704-v:60.000)-(t:4.717-v:59.000)-(t:4.724-v:58.000)-(t:4.731-v:57.000)-(t:4.738-v:55.000)-(t:4.744-v:54.000)-(t:4.751-v:53.000)-(t:4.757-v:52.000)-(t:4.764-v:51.000)-(t:4.771-v:48.000)-(t:4.776-v:46.000)-(t:4.781-v:45.000)-(t:4.788-v:44.000)-(t:4.794-v:43.000)-(t:4.825-v:42.000)-(t:4.841-v:41.000)-(t:4.855-v:40.000)-(t:4.874-v:39.000)-(t:4.891-v:38.000)-(t:4.917-v:37.000)-(t:4.937-v:35.000)-(t:4.951-v:34.000)-(t:4.964-v:32.000)-(t:4.977-v:31.000)-(t:4.991-v:30.000)-(t:5.039-v:29.000)-(t:5.062-v:28.000)-(t:5.080-v:27.000)-(t:5.094-v:25.000)-(t:5.113-v:24.000)-(t:5.201-v:23.000)-(t:5.248-v:22.000)-(t:5.270-v:21.000)-(t:5.292-v:20.000)-(t:5.393-v:19.000)-(t:5.418-v:18.000)-(t:5.437-v:17.000)-(t:5.462-v:16.000)-(t:5.480-v:15.000)-(t:5.506-v:14.000)-(t:5.567-v:13.000)-(t:5.639-v:12.000)-(t:5.672-v:11.000)-(t:5.698-v:10.000)-(t:5.743-v:9.000)-(t:5.775-v:8.000)-(t:5.804-v:7.000)-(t:5.835-v:6.000)-(t:5.870-v:5.000)-(t:5.904-v:4.000)-(t:14.619-v:3.000)-(t:24.691-v:2.000)-(t:41.944-v:1.000)-(t:216.536-v:0.000)],216.536
examples/csp/csp_100/carseq_100_8_20_85.txt,dqn,r1,300,1.0,[(t:4.871-v:105.000)-(t:4.896-v:104.000)-(t:4.911-v:101.000)-(t:4.919-v:98.000)-(t:4.934-v:96.000)-(t:4.949-v:93.000)-(t:4.956-v:90.000)-(t:4.968-v:86.000)-(t:4.977-v:84.000)-(t:4.988-v:81.000)-(t:4.996-v:80.000)-(t:5.004-v:79.000)-(t:5.010-v:78.000)-(t:5.015-v:76.000)-(t:5.029-v:75.000)-(t:5.041-v:73.000)-(t:5.050-v:72.000)-(t:5.062-v:69.000)-(t:5.071-v:68.000)-(t:5.081-v:67.000)-(t:5.089-v:66.000)-(t:5.097-v:65.000)-(t:5.106-v:64.000)-(t:5.112-v:62.000)-(t:5.120-v:61.000)-(t:5.129-v:60.000)-(t:5.142-v:59.000)-(t:5.151-v:58.000)-(t:5.158-v:56.000)-(t:5.166-v:55.000)-(t:5.175-v:54.000)-(t:5.183-v:53.000)-(t:5.194-v:52.000)-(t:5.203-v:51.000)-(t:5.209-v:50.000)-(t:5.218-v:49.000)-(t:5.225-v:48.000)-(t:5.237-v:46.000)-(t:5.244-v:45.000)-(t:5.249-v:44.000)-(t:5.255-v:43.000)-(t:5.262-v:41.000)-(t:5.270-v:40.000)-(t:5.275-v:39.000)-(t:5.281-v:38.000)-(t:5.287-v:37.000)-(t:5.294-v:36.000)-(t:5.299-v:35.000)-(t:5.304-v:34.000)-(t:5.308-v:32.000)-(t:5.313-v:31.000)-(t:5.321-v:30.000)-(t:5.328-v:29.000)-(t:5.345-v:26.000)-(t:5.350-v:25.000)-(t:5.361-v:24.000)-(t:5.381-v:23.000)-(t:5.389-v:22.000)-(t:5.428-v:20.000)-(t:5.443-v:19.000)-(t:5.460-v:18.000)-(t:5.475-v:17.000)-(t:5.495-v:16.000)-(t:5.512-v:15.000)-(t:5.530-v:14.000)-(t:5.591-v:13.000)-(t:5.734-v:12.000)-(t:5.768-v:11.000)-(t:6.534-v:10.000)-(t:6.557-v:9.000)-(t:6.603-v:8.000)-(t:8.689-v:7.000)-(t:9.877-v:6.000)-(t:9.922-v:5.000)-(t:12.177-v:4.000)-(t:12.214-v:3.000)-(t:12.249-v:2.000)-(t:65.253-v:1.000)],300.0
examples/csp/csp_100/carseq_100_8_20_86.txt,dqn,r1,300,2.0,[(t:4.528-v:158.000)-(t:4.539-v:152.000)-(t:4.544-v:151.000)-(t:4.560-v:150.000)-(t:4.573-v:148.000)-(t:4.585-v:145.000)-(t:4.590-v:144.000)-(t:4.597-v:139.000)-(t:4.604-v:136.000)-(t:4.612-v:134.000)-(t:4.619-v:133.000)-(t:4.624-v:130.000)-(t:4.628-v:127.000)-(t:4.633-v:126.000)-(t:4.639-v:120.000)-(t:4.645-v:116.000)-(t:4.651-v:114.000)-(t:4.659-v:113.000)-(t:4.668-v:112.000)-(t:4.672-v:111.000)-(t:4.679-v:109.000)-(t:4.684-v:107.000)-(t:4.688-v:104.000)-(t:4.693-v:102.000)-(t:4.698-v:101.000)-(t:4.702-v:98.000)-(t:4.706-v:95.000)-(t:4.712-v:94.000)-(t:4.716-v:92.000)-(t:4.721-v:91.000)-(t:4.728-v:90.000)-(t:4.733-v:89.000)-(t:4.747-v:88.000)-(t:4.752-v:86.000)-(t:4.756-v:85.000)-(t:4.761-v:84.000)-(t:4.767-v:83.000)-(t:4.774-v:82.000)-(t:4.780-v:81.000)-(t:4.785-v:79.000)-(t:4.793-v:78.000)-(t:4.800-v:77.000)-(t:4.805-v:75.000)-(t:4.812-v:73.000)-(t:4.822-v:72.000)-(t:4.836-v:70.000)-(t:4.841-v:69.000)-(t:4.845-v:68.000)-(t:4.864-v:66.000)-(t:4.881-v:64.000)-(t:4.914-v:63.000)-(t:4.925-v:62.000)-(t:4.931-v:60.000)-(t:4.965-v:59.000)-(t:4.978-v:58.000)-(t:4.985-v:57.000)-(t:4.989-v:56.000)-(t:4.993-v:55.000)-(t:4.997-v:52.000)-(t:5.030-v:51.000)-(t:5.043-v:50.000)-(t:5.056-v:48.000)-(t:5.070-v:47.000)-(t:5.082-v:46.000)-(t:5.093-v:45.000)-(t:5.108-v:44.000)-(t:5.120-v:42.000)-(t:5.134-v:41.000)-(t:5.148-v:40.000)-(t:5.162-v:39.000)-(t:5.185-v:38.000)-(t:5.209-v:37.000)-(t:5.224-v:36.000)-(t:5.241-v:35.000)-(t:5.259-v:33.000)-(t:5.283-v:32.000)-(t:5.303-v:31.000)-(t:5.325-v:30.000)-(t:5.340-v:29.000)-(t:5.390-v:28.000)-(t:5.406-v:26.000)-(t:5.438-v:25.000)-(t:5.454-v:23.000)-(t:5.481-v:21.000)-(t:5.527-v:20.000)-(t:5.541-v:19.000)-(t:5.563-v:18.000)-(t:5.585-v:16.000)-(t:5.628-v:14.000)-(t:5.647-v:13.000)-(t:5.668-v:12.000)-(t:5.685-v:11.000)-(t:5.765-v:10.000)-(t:5.830-v:9.000)-(t:6.044-v:8.000)-(t:6.074-v:7.000)-(t:6.164-v:6.000)-(t:8.819-v:5.000)-(t:21.804-v:4.000)-(t:124.070-v:3.000)-(t:131.669-v:2.000)],300.0
examples/csp/csp_300/carseq_300_8_20_78.txt,dqn,r1,300,0.0,[(t:4.436-v:409.000)-(t:4.457-v:404.000)-(t:4.475-v:401.000)-(t:4.500-v:398.000)-(t:4.517-v:395.000)-(t:4.533-v:393.000)-(t:4.547-v:390.000)-(t:4.565-v:388.000)-(t:4.576-v:385.000)-(t:4.590-v:380.000)-(t:4.603-v:377.000)-(t:4.611-v:376.000)-(t:4.620-v:375.000)-(t:4.632-v:372.000)-(t:4.645-v:371.000)-(t:4.658-v:367.000)-(t:4.666-v:366.000)-(t:4.677-v:362.000)-(t:4.685-v:360.000)-(t:4.694-v:358.000)-(t:4.703-v:357.000)-(t:4.714-v:354.000)-(t:4.724-v:349.000)-(t:4.737-v:345.000)-(t:4.747-v:343.000)-(t:4.754-v:342.000)-(t:4.763-v:340.000)-(t:4.774-v:339.000)-(t:4.781-v:338.000)-(t:4.789-v:337.000)-(t:4.796-v:332.000)-(t:4.804-v:331.000)-(t:4.829-v:330.000)-(t:4.836-v:329.000)-(t:4.843-v:328.000)-(t:4.850-v:327.000)-(t:4.858-v:326.000)-(t:4.868-v:325.000)-(t:4.879-v:324.000)-(t:4.887-v:322.000)-(t:4.898-v:321.000)-(t:4.906-v:320.000)-(t:4.914-v:319.000)-(t:4.924-v:318.000)-(t:4.933-v:313.000)-(t:4.940-v:312.000)-(t:4.947-v:311.000)-(t:4.956-v:309.000)-(t:4.964-v:308.000)-(t:4.973-v:307.000)-(t:4.981-v:306.000)-(t:4.991-v:304.000)-(t:4.999-v:302.000)-(t:5.007-v:301.000)-(t:5.013-v:300.000)-(t:5.023-v:299.000)-(t:5.031-v:298.000)-(t:5.038-v:297.000)-(t:5.044-v:294.000)-(t:5.051-v:293.000)-(t:5.088-v:292.000)-(t:5.109-v:291.000)-(t:5.130-v:290.000)-(t:5.151-v:288.000)-(t:5.173-v:287.000)-(t:5.196-v:286.000)-(t:5.213-v:285.000)-(t:5.230-v:283.000)-(t:5.248-v:281.000)-(t:5.266-v:280.000)-(t:5.286-v:279.000)-(t:5.312-v:278.000)-(t:5.336-v:277.000)-(t:5.354-v:275.000)-(t:5.374-v:273.000)-(t:5.396-v:272.000)-(t:5.419-v:271.000)-(t:5.442-v:269.000)-(t:5.464-v:268.000)-(t:5.486-v:267.000)-(t:5.510-v:266.000)-(t:5.541-v:265.000)-(t:5.563-v:264.000)-(t:5.582-v:263.000)-(t:5.603-v:262.000)-(t:5.624-v:261.000)-(t:5.643-v:260.000)-(t:5.664-v:259.000)-(t:5.684-v:256.000)-(t:5.703-v:255.000)-(t:5.723-v:254.000)-(t:5.746-v:253.000)-(t:5.771-v:252.000)-(t:5.795-v:251.000)-(t:5.817-v:250.000)-(t:5.841-v:249.000)-(t:5.862-v:248.000)-(t:5.881-v:246.000)-(t:5.903-v:245.000)-(t:5.929-v:243.000)-(t:5.973-v:242.000)-(t:5.997-v:241.000)-(t:6.023-v:239.000)-(t:6.046-v:238.000)-(t:6.067-v:237.000)-(t:6.089-v:236.000)-(t:6.108-v:235.000)-(t:6.134-v:234.000)-(t:6.155-v:233.000)-(t:6.177-v:232.000)-(t:6.197-v:231.000)-(t:6.217-v:230.000)-(t:6.243-v:229.000)-(t:6.263-v:228.000)-(t:6.286-v:227.000)-(t:6.306-v:226.000)-(t:6.339-v:224.000)-(t:6.359-v:222.000)-(t:6.385-v:221.000)-(t:6.408-v:219.000)-(t:6.430-v:218.000)-(t:6.454-v:216.000)-(t:6.476-v:215.000)-(t:6.533-v:214.000)-(t:6.553-v:213.000)-(t:6.582-v:212.000)-(t:6.602-v:211.000)-(t:6.624-v:210.000)-(t:6.647-v:209.000)-(t:6.670-v:208.000)-(t:6.692-v:206.000)-(t:6.715-v:205.000)-(t:6.732-v:204.000)-(t:6.750-v:203.000)-(t:6.767-v:201.000)-(t:6.786-v:200.000)-(t:6.815-v:198.000)-(t:6.837-v:197.000)-(t:6.870-v:196.000)-(t:6.892-v:195.000)-(t:6.912-v:194.000)-(t:6.935-v:193.000)-(t:6.954-v:192.000)-(t:6.973-v:191.000)-(t:6.996-v:189.000)-(t:7.016-v:187.000)-(t:7.038-v:186.000)-(t:7.059-v:185.000)-(t:7.082-v:184.000)-(t:7.107-v:183.000)-(t:7.126-v:182.000)-(t:7.145-v:180.000)-(t:7.163-v:179.000)-(t:7.189-v:178.000)-(t:7.207-v:177.000)-(t:7.228-v:176.000)-(t:7.296-v:175.000)-(t:7.315-v:174.000)-(t:7.335-v:172.000)-(t:7.389-v:171.000)-(t:7.410-v:170.000)-(t:7.428-v:169.000)-(t:7.450-v:167.000)-(t:7.472-v:163.000)-(t:7.493-v:162.000)-(t:7.515-v:161.000)-(t:7.542-v:158.000)-(t:7.564-v:156.000)-(t:7.594-v:155.000)-(t:7.623-v:154.000)-(t:7.645-v:153.000)-(t:7.669-v:151.000)-(t:7.689-v:150.000)-(t:7.711-v:149.000)-(t:7.747-v:147.000)-(t:7.771-v:146.000)-(t:7.795-v:145.000)-(t:7.816-v:143.000)-(t:7.838-v:142.000)-(t:7.858-v:141.000)-(t:7.879-v:140.000)-(t:7.901-v:139.000)-(t:7.924-v:137.000)-(t:7.948-v:136.000)-(t:7.969-v:134.000)-(t:7.992-v:133.000)-(t:8.012-v:132.000)-(t:8.037-v:130.000)-(t:8.063-v:129.000)-(t:8.093-v:128.000)-(t:8.113-v:127.000)-(t:8.136-v:126.000)-(t:8.159-v:125.000)-(t:8.178-v:124.000)-(t:8.200-v:123.000)-(t:8.218-v:122.000)-(t:8.236-v:120.000)-(t:8.258-v:119.000)-(t:8.278-v:118.000)-(t:8.299-v:117.000)-(t:8.318-v:116.000)-(t:8.341-v:115.000)-(t:8.362-v:112.000)-(t:8.390-v:111.000)-(t:8.410-v:110.000)-(t:8.429-v:109.000)-(t:8.445-v:108.000)-(t:8.473-v:107.000)-(t:8.492-v:106.000)-(t:8.519-v:105.000)-(t:8.568-v:104.000)-(t:8.603-v:102.000)-(t:8.640-v:101.000)-(t:8.658-v:100.000)-(t:8.677-v:99.000)-(t:8.707-v:98.000)-(t:8.725-v:97.000)-(t:8.787-v:96.000)-(t:8.834-v:95.000)-(t:8.933-v:94.000)-(t:8.981-v:93.000)-(t:9.002-v:92.000)-(t:9.051-v:91.000)-(t:9.097-v:90.000)-(t:9.216-v:89.000)-(t:9.252-v:88.000)-(t:9.276-v:86.000)-(t:9.307-v:85.000)-(t:9.330-v:84.000)-(t:9.364-v:83.000)-(t:9.388-v:82.000)-(t:9.406-v:81.000)-(t:9.431-v:80.000)-(t:9.453-v:79.000)-(t:9.481-v:78.000)-(t:9.502-v:77.000)-(t:9.526-v:76.000)-(t:9.548-v:75.000)-(t:9.569-v:74.000)-(t:9.595-v:73.000)-(t:9.621-v:72.000)-(t:9.650-v:71.000)-(t:9.673-v:70.000)-(t:9.709-v:69.000)-(t:9.734-v:68.000)-(t:9.756-v:67.000)-(t:9.811-v:66.000)-(t:9.846-v:65.000)-(t:9.878-v:64.000)-(t:9.973-v:63.000)-(t:10.012-v:62.000)-(t:10.038-v:61.000)-(t:10.066-v:60.000)-(t:10.095-v:59.000)-(t:10.168-v:58.000)-(t:10.239-v:57.000)-(t:10.275-v:56.000)-(t:10.316-v:55.000)-(t:10.355-v:54.000)-(t:10.464-v:53.000)-(t:10.492-v:52.000)-(t:10.519-v:51.000)-(t:10.541-v:49.000)-(t:10.566-v:48.000)-(t:10.622-v:47.000)-(t:10.641-v:46.000)-(t:10.680-v:45.000)-(t:10.706-v:44.000)-(t:10.729-v:43.000)-(t:10.755-v:42.000)-(t:10.781-v:41.000)-(t:10.820-v:40.000)-(t:10.856-v:39.000)-(t:10.909-v:38.000)-(t:10.984-v:37.000)-(t:11.214-v:36.000)-(t:11.247-v:35.000)-(t:11.276-v:34.000)-(t:11.766-v:33.000)-(t:11.796-v:32.000)-(t:11.987-v:31.000)-(t:12.039-v:30.000)-(t:12.067-v:29.000)-(t:12.096-v:28.000)-(t:12.124-v:27.000)-(t:12.179-v:26.000)-(t:12.203-v:25.000)-(t:12.270-v:24.000)-(t:12.306-v:23.000)-(t:12.376-v:22.000)-(t:12.459-v:21.000)-(t:12.498-v:20.000)-(t:12.528-v:19.000)-(t:12.586-v:18.000)-(t:12.618-v:17.000)-(t:12.659-v:16.000)-(t:12.714-v:15.000)-(t:12.760-v:14.000)-(t:12.863-v:13.000)-(t:12.914-v:12.000)-(t:13.886-v:11.000)-(t:16.730-v:10.000)-(t:16.759-v:9.000)-(t:18.295-v:8.000)-(t:18.350-v:7.000)-(t:18.485-v:6.000)-(t:18.578-v:5.000)-(t:21.658-v:4.000)-(t:21.724-v:3.000)-(t:22.619-v:2.000)-(t:58.771-v:1.000)-(t:69.237-v:0.000)],69.237
examples/csp/csp_300/carseq_300_8_20_80.txt,dqn,r1,300,0.0,[(t:4.977-v:369.000)-(t:4.990-v:366.000)-(t:5.002-v:364.000)-(t:5.021-v:361.000)-(t:5.037-v:360.000)-(t:5.054-v:355.000)-(t:5.064-v:353.000)-(t:5.078-v:345.000)-(t:5.086-v:343.000)-(t:5.096-v:342.000)-(t:5.104-v:340.000)-(t:5.110-v:339.000)-(t:5.119-v:337.000)-(t:5.131-v:336.000)-(t:5.141-v:335.000)-(t:5.152-v:332.000)-(t:5.160-v:331.000)-(t:5.173-v:326.000)-(t:5.184-v:324.000)-(t:5.195-v:321.000)-(t:5.206-v:320.000)-(t:5.217-v:319.000)-(t:5.225-v:316.000)-(t:5.233-v:311.000)-(t:5.243-v:308.000)-(t:5.254-v:306.000)-(t:5.266-v:305.000)-(t:5.277-v:302.000)-(t:5.289-v:301.000)-(t:5.301-v:299.000)-(t:5.308-v:297.000)-(t:5.318-v:295.000)-(t:5.328-v:294.000)-(t:5.340-v:293.000)-(t:5.350-v:288.000)-(t:5.360-v:283.000)-(t:5.369-v:282.000)-(t:5.378-v:279.000)-(t:5.388-v:276.000)-(t:5.397-v:274.000)-(t:5.410-v:273.000)-(t:5.422-v:272.000)-(t:5.432-v:270.000)-(t:5.443-v:269.000)-(t:5.458-v:268.000)-(t:5.466-v:267.000)-(t:5.485-v:266.000)-(t:5.492-v:265.000)-(t:5.498-v:264.000)-(t:5.507-v:263.000)-(t:5.512-v:260.000)-(t:5.519-v:259.000)-(t:5.526-v:258.000)-(t:5.535-v:257.000)-(t:5.545-v:256.000)-(t:5.555-v:255.000)-(t:5.564-v:253.000)-(t:5.575-v:252.000)-(t:5.583-v:251.000)-(t:5.591-v:250.000)-(t:5.630-v:249.000)-(t:5.651-v:248.000)-(t:5.671-v:245.000)-(t:5.691-v:244.000)-(t:5.714-v:241.000)-(t:5.738-v:239.000)-(t:5.761-v:237.000)-(t:5.784-v:236.000)-(t:5.804-v:235.000)-(t:5.826-v:234.000)-(t:5.846-v:232.000)-(t:5.875-v:231.000)-(t:5.896-v:230.000)-(t:5.917-v:229.000)-(t:5.941-v:228.000)-(t:5.974-v:227.000)-(t:5.998-v:226.000)-(t:6.022-v:225.000)-(t:6.044-v:223.000)-(t:6.075-v:222.000)-(t:6.097-v:221.000)-(t:6.121-v:219.000)-(t:6.145-v:217.000)-(t:6.171-v:216.000)-(t:6.197-v:215.000)-(t:6.220-v:214.000)-(t:6.244-v:213.000)-(t:6.267-v:212.000)-(t:6.290-v:211.000)-(t:6.313-v:210.000)-(t:6.337-v:207.000)-(t:6.361-v:206.000)-(t:6.388-v:205.000)-(t:6.415-v:204.000)-(t:6.440-v:203.000)-(t:6.463-v:202.000)-(t:6.486-v:201.000)-(t:6.510-v:199.000)-(t:6.536-v:198.000)-(t:6.562-v:196.000)-(t:6.587-v:195.000)-(t:6.612-v:194.000)-(t:6.641-v:193.000)-(t:6.697-v:192.000)-(t:6.722-v:190.000)-(t:6.756-v:189.000)-(t:6.778-v:188.000)-(t:6.802-v:187.000)-(t:6.823-v:185.000)-(t:6.844-v:184.000)-(t:6.866-v:183.000)-(t:6.889-v:181.000)-(t:6.907-v:180.000)-(t:6.926-v:177.000)-(t:6.950-v:176.000)-(t:6.996-v:175.000)-(t:7.020-v:174.000)-(t:7.043-v:170.000)-(t:7.068-v:168.000)-(t:7.089-v:167.000)-(t:7.121-v:166.000)-(t:7.140-v:165.000)-(t:7.167-v:164.000)-(t:7.194-v:163.000)-(t:7.222-v:162.000)-(t:7.243-v:161.000)-(t:7.264-v:160.000)-(t:7.291-v:159.000)-(t:7.311-v:158.000)-(t:7.334-v:157.000)-(t:7.355-v:156.000)-(t:7.373-v:154.000)-(t:7.392-v:153.000)-(t:7.417-v:152.000)-(t:7.443-v:151.000)-(t:7.474-v:150.000)-(t:7.498-v:149.000)-(t:7.521-v:148.000)-(t:7.546-v:147.000)-(t:7.568-v:146.000)-(t:7.598-v:145.000)-(t:7.620-v:144.000)-(t:7.647-v:143.000)-(t:7.671-v:142.000)-(t:7.695-v:141.000)-(t:7.720-v:140.000)-(t:7.743-v:139.000)-(t:7.766-v:138.000)-(t:7.794-v:137.000)-(t:7.813-v:136.000)-(t:7.832-v:135.000)-(t:7.854-v:134.000)-(t:7.876-v:133.000)-(t:7.902-v:131.000)-(t:7.921-v:129.000)-(t:7.941-v:127.000)-(t:7.965-v:126.000)-(t:7.987-v:125.000)-(t:8.012-v:124.000)-(t:8.041-v:123.000)-(t:8.075-v:122.000)-(t:8.097-v:121.000)-(t:8.119-v:120.000)-(t:8.143-v:119.000)-(t:8.164-v:118.000)-(t:8.210-v:116.000)-(t:8.237-v:115.000)-(t:8.259-v:113.000)-(t:8.279-v:112.000)-(t:8.301-v:111.000)-(t:8.325-v:110.000)-(t:8.348-v:109.000)-(t:8.369-v:108.000)-(t:8.390-v:107.000)-(t:8.430-v:106.000)-(t:8.454-v:105.000)-(t:8.477-v:104.000)-(t:8.497-v:103.000)-(t:8.557-v:102.000)-(t:8.586-v:101.000)-(t:8.618-v:99.000)-(t:8.664-v:98.000)-(t:8.712-v:97.000)-(t:8.747-v:96.000)-(t:8.771-v:95.000)-(t:8.803-v:94.000)-(t:8.828-v:93.000)-(t:8.854-v:92.000)-(t:8.878-v:91.000)-(t:8.911-v:90.000)-(t:8.933-v:89.000)-(t:8.953-v:88.000)-(t:8.989-v:87.000)-(t:9.020-v:86.000)-(t:9.104-v:85.000)-(t:9.129-v:83.000)-(t:9.153-v:82.000)-(t:9.172-v:81.000)-(t:9.216-v:80.000)-(t:9.239-v:79.000)-(t:9.261-v:78.000)-(t:9.285-v:77.000)-(t:9.306-v:76.000)-(t:9.328-v:75.000)-(t:9.349-v:74.000)-(t:9.370-v:73.000)-(t:9.389-v:72.000)-(t:9.418-v:71.000)-(t:9.441-v:70.000)-(t:9.461-v:69.000)-(t:9.507-v:68.000)-(t:9.544-v:67.000)-(t:9.569-v:66.000)-(t:9.596-v:65.000)-(t:9.623-v:64.000)-(t:9.653-v:63.000)-(t:9.671-v:62.000)-(t:9.698-v:61.000)-(t:9.737-v:60.000)-(t:9.755-v:59.000)-(t:9.797-v:58.000)-(t:9.836-v:56.000)-(t:9.867-v:55.000)-(t:9.901-v:54.000)-(t:9.929-v:53.000)-(t:9.950-v:51.000)-(t:9.982-v:50.000)-(t:10.005-v:49.000)-(t:10.033-v:48.000)-(t:10.159-v:47.000)-(t:10.189-v:46.000)-(t:10.216-v:45.000)-(t:10.241-v:44.000)-(t:10.261-v:43.000)-(t:10.325-v:42.000)-(t:10.357-v:41.000)-(t:10.384-v:40.000)-(t:10.411-v:39.000)-(t:10.541-v:38.000)-(t:10.612-v:37.000)-(t:10.667-v:36.000)-(t:10.700-v:35.000)-(t:10.748-v:34.000)-(t:10.767-v:33.000)-(t:10.792-v:32.000)-(t:10.978-v:31.000)-(t:11.030-v:30.000)-(t:11.084-v:29.000)-(t:11.106-v:28.000)-(t:11.385-v:27.000)-(t:11.435-v:26.000)-(t:11.783-v:24.000)-(t:11.820-v:23.000)-(t:11.890-v:22.000)-(t:11.943-v:21.000)-(t:12.026-v:20.000)-(t:12.062-v:19.000)-(t:12.130-v:18.000)-(t:12.200-v:17.000)-(t:12.319-v:16.000)-(t:12.874-v:15.000)-(t:12.941-v:14.000)-(t:13.286-v:13.000)-(t:13.723-v:12.000)-(t:16.748-v:11.000)-(t:16.800-v:10.000)-(t:16.873-v:9.000)-(t:16.963-v:8.000)-(t:17.024-v:7.000)-(t:22.405-v:6.000)-(t:23.966-v:5.000)-(t:26.633-v:4.000)-(t:34.859-v:3.000)-(t:39.533-v:2.000)-(t:52.972-v:1.000)-(t:80.320-v:0.000)],80.32
examples/csp/csp_100/carseq_100_8_20_94.txt,dqn,r1,300,1.0,[(t:4.180-v:128.000)-(t:4.189-v:124.000)-(t:4.196-v:123.000)-(t:4.212-v:121.000)-(t:4.222-v:120.000)-(t:4.230-v:116.000)-(t:4.235-v:115.000)-(t:4.242-v:114.000)-(t:4.246-v:113.000)-(t:4.252-v:112.000)-(t:4.257-v:111.000)-(t:4.262-v:110.000)-(t:4.268-v:109.000)-(t:4.276-v:108.000)-(t:4.282-v:105.000)-(t:4.289-v:104.000)-(t:4.298-v:103.000)-(t:4.309-v:102.000)-(t:4.314-v:100.000)-(t:4.319-v:99.000)-(t:4.328-v:98.000)-(t:4.334-v:97.000)-(t:4.340-v:96.000)-(t:4.347-v:95.000)-(t:4.351-v:94.000)-(t:4.358-v:93.000)-(t:4.363-v:91.000)-(t:4.372-v:90.000)-(t:4.378-v:89.000)-(t:4.385-v:88.000)-(t:4.390-v:86.000)-(t:4.397-v:85.000)-(t:4.403-v:83.000)-(t:4.408-v:82.000)-(t:4.414-v:81.000)-(t:4.420-v:79.000)-(t:4.426-v:78.000)-(t:4.432-v:77.000)-(t:4.436-v:74.000)-(t:4.439-v:73.000)-(t:4.444-v:72.000)-(t:4.449-v:71.000)-(t:4.456-v:69.000)-(t:4.470-v:68.000)-(t:4.478-v:67.000)-(t:4.485-v:66.000)-(t:4.492-v:65.000)-(t:4.502-v:64.000)-(t:4.508-v:63.000)-(t:4.515-v:62.000)-(t:4.521-v:61.000)-(t:4.527-v:60.000)-(t:4.533-v:58.000)-(t:4.538-v:56.000)-(t:4.544-v:55.000)-(t:4.550-v:53.000)-(t:4.555-v:52.000)-(t:4.563-v:51.000)-(t:4.569-v:50.000)-(t:4.585-v:49.000)-(t:4.621-v:48.000)-(t:4.637-v:47.000)-(t:4.655-v:45.000)-(t:4.667-v:44.000)-(t:4.682-v:43.000)-(t:4.699-v:42.000)-(t:4.713-v:41.000)-(t:4.729-v:38.000)-(t:4.742-v:37.000)-(t:4.755-v:36.000)-(t:4.768-v:35.000)-(t:4.781-v:34.000)-(t:4.796-v:32.000)-(t:4.806-v:31.000)-(t:4.818-v:30.000)-(t:4.833-v:29.000)-(t:4.846-v:28.000)-(t:4.861-v:27.000)-(t:4.878-v:26.000)-(t:4.921-v:25.000)-(t:4.950-v:24.000)-(t:4.962-v:23.000)-(t:4.975-v:22.000)-(t:5.023-v:21.000)-(t:5.038-v:20.000)-(t:5.055-v:19.000)-(t:5.087-v:18.000)-(t:5.127-v:17.000)-(t:5.145-v:16.000)-(t:5.206-v:15.000)-(t:5.286-v:14.000)-(t:5.312-v:13.000)-(t:5.366-v:12.000)-(t:5.398-v:11.000)-(t:5.547-v:10.000)-(t:5.567-v:9.000)-(t:5.590-v:8.000)-(t:5.622-v:7.000)-(t:5.639-v:6.000)-(t:5.661-v:5.000)-(t:5.681-v:4.000)-(t:5.705-v:3.000)-(t:7.106-v:2.000)-(t:7.132-v:1.000)],300.0
examples/csp/csp_100/carseq_100_8_20_98.txt,dqn,r1,300,1.0,[(t:4.491-v:135.000)-(t:4.501-v:129.000)-(t:4.508-v:125.000)-(t:4.524-v:123.000)-(t:4.537-v:122.000)-(t:4.546-v:120.000)-(t:4.553-v:118.000)-(t:4.562-v:117.000)-(t:4.569-v:116.000)-(t:4.578-v:113.000)-(t:4.584-v:112.000)-(t:4.589-v:109.000)-(t:4.594-v:108.000)-(t:4.598-v:107.000)-(t:4.602-v:106.000)-(t:4.607-v:104.000)-(t:4.611-v:103.000)-(t:4.620-v:95.000)-(t:4.629-v:94.000)-(t:4.634-v:92.000)-(t:4.639-v:90.000)-(t:4.645-v:87.000)-(t:4.655-v:85.000)-(t:4.662-v:83.000)-(t:4.668-v:79.000)-(t:4.676-v:78.000)-(t:4.682-v:77.000)-(t:4.688-v:76.000)-(t:4.694-v:75.000)-(t:4.700-v:74.000)-(t:4.706-v:72.000)-(t:4.713-v:71.000)-(t:4.718-v:69.000)-(t:4.724-v:67.000)-(t:4.729-v:65.000)-(t:4.735-v:64.000)-(t:4.742-v:59.000)-(t:4.747-v:58.000)-(t:4.751-v:57.000)-(t:4.756-v:54.000)-(t:4.776-v:53.000)-(t:4.782-v:52.000)-(t:4.789-v:51.000)-(t:4.797-v:50.000)-(t:4.805-v:49.000)-(t:4.809-v:48.000)-(t:4.814-v:47.000)-(t:4.823-v:46.000)-(t:4.833-v:45.000)-(t:4.839-v:44.000)-(t:4.848-v:43.000)-(t:4.855-v:42.000)-(t:4.869-v:41.000)-(t:4.876-v:40.000)-(t:4.881-v:39.000)-(t:4.885-v:38.000)-(t:4.890-v:37.000)-(t:4.903-v:36.000)-(t:4.913-v:35.000)-(t:4.947-v:34.000)-(t:4.967-v:32.000)-(t:4.984-v:31.000)-(t:5.015-v:30.000)-(t:5.031-v:29.000)-(t:5.045-v:28.000)-(t:5.060-v:26.000)-(t:5.152-v:25.000)-(t:5.173-v:24.000)-(t:5.203-v:23.000)-(t:5.245-v:22.000)-(t:5.262-v:21.000)-(t:5.279-v:20.000)-(t:5.363-v:19.000)-(t:5.382-v:18.000)-(t:5.398-v:17.000)-(t:5.424-v:16.000)-(t:5.441-v:15.000)-(t:5.459-v:14.000)-(t:5.479-v:13.000)-(t:5.493-v:12.000)-(t:5.524-v:11.000)-(t:5.579-v:10.000)-(t:6.359-v:9.000)-(t:6.387-v:8.000)-(t:7.493-v:7.000)-(t:8.012-v:6.000)-(t:8.117-v:5.000)-(t:12.168-v:4.000)-(t:13.023-v:3.000)-(t:13.128-v:2.000)-(t:15.232-v:1.000)],300.0
examples/csp/csp_200/pb_200_06.txt,dqn,r1,300,6.0,[(t:4.601-v:248.000)-(t:4.612-v:246.000)-(t:4.624-v:244.000)-(t:4.655-v:243.000)-(t:4.672-v:241.000)-(t:4.685-v:237.000)-(t:4.693-v:236.000)-(t:4.704-v:233.000)-(t:4.714-v:229.000)-(t:4.727-v:228.000)-(t:4.733-v:226.000)-(t:4.740-v:225.000)-(t:4.750-v:220.000)-(t:4.758-v:219.000)-(t:4.769-v:218.000)-(t:4.777-v:214.000)-(t:4.784-v:213.000)-(t:4.794-v:211.000)-(t:4.822-v:210.000)-(t:4.830-v:208.000)-(t:4.835-v:207.000)-(t:4.841-v:205.000)-(t:4.846-v:204.000)-(t:4.854-v:202.000)-(t:4.863-v:201.000)-(t:4.872-v:200.000)-(t:4.879-v:199.000)-(t:4.888-v:197.000)-(t:4.897-v:196.000)-(t:4.904-v:194.000)-(t:4.913-v:192.000)-(t:4.921-v:189.000)-(t:4.936-v:188.000)-(t:4.945-v:187.000)-(t:4.951-v:185.000)-(t:4.958-v:183.000)-(t:4.967-v:182.000)-(t:4.975-v:181.000)-(t:4.983-v:180.000)-(t:4.991-v:178.000)-(t:4.999-v:177.000)-(t:5.008-v:176.000)-(t:5.017-v:174.000)-(t:5.043-v:173.000)-(t:5.052-v:171.000)-(t:5.060-v:170.000)-(t:5.071-v:169.000)-(t:5.076-v:168.000)-(t:5.085-v:165.000)-(t:5.095-v:164.000)-(t:5.104-v:163.000)-(t:5.113-v:162.000)-(t:5.123-v:161.000)-(t:5.131-v:160.000)-(t:5.138-v:157.000)-(t:5.145-v:156.000)-(t:5.153-v:155.000)-(t:5.162-v:154.000)-(t:5.170-v:153.000)-(t:5.179-v:152.000)-(t:5.221-v:151.000)-(t:5.248-v:150.000)-(t:5.266-v:149.000)-(t:5.283-v:147.000)-(t:5.300-v:145.000)-(t:5.317-v:143.000)-(t:5.334-v:142.000)-(t:5.348-v:137.000)-(t:5.362-v:136.000)-(t:5.380-v:134.000)-(t:5.398-v:133.000)-(t:5.419-v:132.000)-(t:5.437-v:131.000)-(t:5.459-v:130.000)-(t:5.479-v:129.000)-(t:5.495-v:127.000)-(t:5.512-v:125.000)-(t:5.526-v:124.000)-(t:5.541-v:122.000)-(t:5.558-v:121.000)-(t:5.574-v:120.000)-(t:5.589-v:118.000)-(t:5.612-v:117.000)-(t:5.630-v:113.000)-(t:5.650-v:112.000)-(t:5.664-v:111.000)-(t:5.681-v:110.000)-(t:5.694-v:109.000)-(t:5.708-v:107.000)-(t:5.725-v:106.000)-(t:5.739-v:105.000)-(t:5.756-v:103.000)-(t:5.773-v:101.000)-(t:5.790-v:98.000)-(t:5.809-v:97.000)-(t:5.826-v:96.000)-(t:5.845-v:95.000)-(t:5.862-v:93.000)-(t:5.881-v:91.000)-(t:5.900-v:90.000)-(t:5.920-v:88.000)-(t:5.935-v:87.000)-(t:5.952-v:85.000)-(t:5.989-v:84.000)-(t:6.009-v:83.000)-(t:6.027-v:81.000)-(t:6.047-v:80.000)-(t:6.064-v:79.000)-(t:6.084-v:77.000)-(t:6.108-v:75.000)-(t:6.135-v:73.000)-(t:6.164-v:72.000)-(t:6.193-v:71.000)-(t:6.214-v:70.000)-(t:6.234-v:69.000)-(t:6.256-v:68.000)-(t:6.300-v:67.000)-(t:6.322-v:66.000)-(t:6.345-v:65.000)-(t:6.367-v:64.000)-(t:6.396-v:63.000)-(t:6.420-v:62.000)-(t:6.438-v:61.000)-(t:6.477-v:60.000)-(t:6.493-v:59.000)-(t:6.564-v:58.000)-(t:6.605-v:57.000)-(t:6.622-v:56.000)-(t:6.651-v:54.000)-(t:6.669-v:53.000)-(t:6.686-v:52.000)-(t:6.703-v:51.000)-(t:6.736-v:50.000)-(t:6.753-v:48.000)-(t:6.796-v:47.000)-(t:6.812-v:46.000)-(t:6.832-v:45.000)-(t:6.850-v:44.000)-(t:6.913-v:43.000)-(t:6.930-v:42.000)-(t:6.955-v:41.000)-(t:6.988-v:40.000)-(t:7.026-v:38.000)-(t:7.049-v:37.000)-(t:7.067-v:36.000)-(t:7.119-v:35.000)-(t:7.145-v:34.000)-(t:7.167-v:33.000)-(t:7.191-v:32.000)-(t:7.229-v:31.000)-(t:7.275-v:30.000)-(t:7.347-v:29.000)-(t:7.360-v:28.000)-(t:7.390-v:27.000)-(t:7.409-v:26.000)-(t:7.437-v:25.000)-(t:7.515-v:24.000)-(t:7.539-v:23.000)-(t:7.590-v:22.000)-(t:7.647-v:21.000)-(t:7.672-v:20.000)-(t:7.694-v:19.000)-(t:7.748-v:18.000)-(t:7.958-v:17.000)-(t:7.997-v:16.000)-(t:8.429-v:15.000)-(t:8.540-v:14.000)-(t:8.599-v:13.000)-(t:8.627-v:12.000)-(t:14.556-v:11.000)-(t:15.007-v:10.000)-(t:20.838-v:9.000)-(t:26.896-v:8.000)-(t:77.830-v:7.000)-(t:85.506-v:6.000)],300.0
examples/csp/csp_200/pb_200_08.txt,dqn,r1,300,8.0,[(t:4.930-v:239.000)-(t:4.942-v:238.000)-(t:4.956-v:235.000)-(t:4.974-v:232.000)-(t:4.986-v:231.000)-(t:5.001-v:229.000)-(t:5.009-v:226.000)-(t:5.025-v:222.000)-(t:5.031-v:218.000)-(t:5.038-v:217.000)-(t:5.045-v:214.000)-(t:5.054-v:211.000)-(t:5.062-v:209.000)-(t:5.070-v:208.000)-(t:5.080-v:205.000)-(t:5.090-v:204.000)-(t:5.097-v:203.000)-(t:5.108-v:202.000)-(t:5.117-v:201.000)-(t:5.126-v:199.000)-(t:5.132-v:197.000)-(t:5.142-v:196.000)-(t:5.150-v:195.000)-(t:5.161-v:194.000)-(t:5.171-v:192.000)-(t:5.178-v:191.000)-(t:5.184-v:190.000)-(t:5.194-v:188.000)-(t:5.203-v:187.000)-(t:5.211-v:186.000)-(t:5.217-v:184.000)-(t:5.226-v:183.000)-(t:5.239-v:182.000)-(t:5.248-v:180.000)-(t:5.258-v:178.000)-(t:5.268-v:175.000)-(t:5.277-v:173.000)-(t:5.282-v:169.000)-(t:5.291-v:168.000)-(t:5.299-v:164.000)-(t:5.321-v:163.000)-(t:5.330-v:162.000)-(t:5.338-v:161.000)-(t:5.352-v:160.000)-(t:5.359-v:157.000)-(t:5.367-v:156.000)-(t:5.378-v:155.000)-(t:5.385-v:154.000)-(t:5.392-v:153.000)-(t:5.397-v:152.000)-(t:5.405-v:150.000)-(t:5.413-v:147.000)-(t:5.420-v:146.000)-(t:5.428-v:144.000)-(t:5.439-v:141.000)-(t:5.445-v:140.000)-(t:5.453-v:137.000)-(t:5.461-v:136.000)-(t:5.468-v:135.000)-(t:5.480-v:134.000)-(t:5.524-v:132.000)-(t:5.539-v:131.000)-(t:5.554-v:129.000)-(t:5.571-v:128.000)-(t:5.585-v:126.000)-(t:5.599-v:125.000)-(t:5.612-v:122.000)-(t:5.624-v:121.000)-(t:5.636-v:120.000)-(t:5.648-v:119.000)-(t:5.661-v:116.000)-(t:5.679-v:115.000)-(t:5.694-v:114.000)-(t:5.707-v:113.000)-(t:5.730-v:112.000)-(t:5.753-v:110.000)-(t:5.772-v:109.000)-(t:5.785-v:108.000)-(t:5.805-v:107.000)-(t:5.821-v:106.000)-(t:5.838-v:105.000)-(t:5.855-v:104.000)-(t:5.869-v:102.000)-(t:5.886-v:100.000)-(t:5.902-v:99.000)-(t:5.917-v:98.000)-(t:5.935-v:97.000)-(t:5.953-v:96.000)-(t:5.970-v:95.000)-(t:5.990-v:94.000)-(t:6.003-v:93.000)-(t:6.023-v:92.000)-(t:6.039-v:91.000)-(t:6.052-v:90.000)-(t:6.065-v:89.000)-(t:6.078-v:88.000)-(t:6.094-v:87.000)-(t:6.131-v:86.000)-(t:6.150-v:85.000)-(t:6.166-v:84.000)-(t:6.182-v:83.000)-(t:6.195-v:82.000)-(t:6.212-v:80.000)-(t:6.229-v:78.000)-(t:6.245-v:76.000)-(t:6.260-v:75.000)-(t:6.277-v:73.000)-(t:6.294-v:72.000)-(t:6.311-v:70.000)-(t:6.329-v:69.000)-(t:6.348-v:68.000)-(t:6.368-v:66.000)-(t:6.389-v:65.000)-(t:6.408-v:64.000)-(t:6.424-v:63.000)-(t:6.445-v:62.000)-(t:6.470-v:61.000)-(t:6.487-v:60.000)-(t:6.508-v:59.000)-(t:6.527-v:58.000)-(t:6.557-v:57.000)-(t:6.573-v:56.000)-(t:6.596-v:55.000)-(t:6.614-v:53.000)-(t:6.629-v:52.000)-(t:6.665-v:51.000)-(t:6.682-v:50.000)-(t:6.747-v:49.000)-(t:6.771-v:48.000)-(t:6.790-v:47.000)-(t:6.807-v:45.000)-(t:6.842-v:44.000)-(t:6.866-v:43.000)-(t:6.888-v:42.000)-(t:6.913-v:41.000)-(t:6.933-v:40.000)-(t:6.962-v:39.000)-(t:7.006-v:38.000)-(t:7.035-v:37.000)-(t:7.080-v:36.000)-(t:7.094-v:35.000)-(t:7.115-v:34.000)-(t:7.135-v:33.000)-(t:7.209-v:32.000)-(t:7.234-v:31.000)-(t:7.254-v:30.000)-(t:7.274-v:29.000)-(t:7.298-v:28.000)-(t:7.336-v:27.000)-(t:7.360-v:26.000)-(t:7.389-v:25.000)-(t:7.439-v:24.000)-(t:7.631-v:23.000)-(t:7.651-v:22.000)-(t:7.685-v:21.000)-(t:7.759-v:20.000)-(t:7.790-v:19.000)-(t:7.826-v:18.000)-(t:7.945-v:17.000)-(t:7.968-v:16.000)-(t:8.003-v:15.000)-(t:8.073-v:14.000)-(t:8.139-v:13.000)-(t:9.639-v:12.000)-(t:9.747-v:11.000)-(t:12.512-v:10.000)-(t:14.615-v:9.000)-(t:27.019-v:8.000)],300.0
examples/csp/csp_200/pb_200_09.txt,dqn,r1,300,10.0,[(t:4.490-v:251.000)-(t:4.504-v:249.000)-(t:4.515-v:243.000)-(t:4.532-v:242.000)-(t:4.547-v:241.000)-(t:4.563-v:239.000)-(t:4.570-v:238.000)-(t:4.583-v:236.000)-(t:4.590-v:235.000)-(t:4.601-v:231.000)-(t:4.608-v:230.000)-(t:4.616-v:229.000)-(t:4.621-v:225.000)-(t:4.629-v:224.000)-(t:4.639-v:221.000)-(t:4.651-v:220.000)-(t:4.659-v:217.000)-(t:4.672-v:216.000)-(t:4.687-v:215.000)-(t:4.697-v:212.000)-(t:4.709-v:209.000)-(t:4.718-v:208.000)-(t:4.726-v:206.000)-(t:4.734-v:205.000)-(t:4.743-v:204.000)-(t:4.753-v:203.000)-(t:4.761-v:202.000)-(t:4.771-v:199.000)-(t:4.780-v:198.000)-(t:4.787-v:197.000)-(t:4.796-v:196.000)-(t:4.803-v:195.000)-(t:4.813-v:194.000)-(t:4.821-v:193.000)-(t:4.830-v:190.000)-(t:4.838-v:187.000)-(t:4.852-v:186.000)-(t:4.864-v:183.000)-(t:4.876-v:181.000)-(t:4.882-v:180.000)-(t:4.890-v:179.000)-(t:4.899-v:176.000)-(t:4.924-v:175.000)-(t:4.957-v:174.000)-(t:4.968-v:173.000)-(t:4.979-v:172.000)-(t:4.988-v:171.000)-(t:5.001-v:170.000)-(t:5.015-v:168.000)-(t:5.058-v:167.000)-(t:5.065-v:166.000)-(t:5.074-v:165.000)-(t:5.082-v:163.000)-(t:5.091-v:161.000)-(t:5.097-v:160.000)-(t:5.127-v:158.000)-(t:5.139-v:156.000)-(t:5.157-v:155.000)-(t:5.164-v:154.000)-(t:5.170-v:152.000)-(t:5.208-v:151.000)-(t:5.226-v:150.000)-(t:5.242-v:149.000)-(t:5.259-v:148.000)-(t:5.277-v:146.000)-(t:5.293-v:145.000)-(t:5.310-v:144.000)-(t:5.328-v:143.000)-(t:5.346-v:142.000)-(t:5.363-v:141.000)-(t:5.377-v:140.000)-(t:5.394-v:139.000)-(t:5.410-v:138.000)-(t:5.426-v:136.000)-(t:5.442-v:133.000)-(t:5.458-v:132.000)-(t:5.474-v:130.000)-(t:5.490-v:127.000)-(t:5.508-v:126.000)-(t:5.521-v:125.000)-(t:5.538-v:124.000)-(t:5.555-v:122.000)-(t:5.570-v:120.000)-(t:5.584-v:119.000)-(t:5.604-v:118.000)-(t:5.619-v:117.000)-(t:5.637-v:116.000)-(t:5.653-v:115.000)-(t:5.667-v:113.000)-(t:5.680-v:111.000)-(t:5.693-v:109.000)-(t:5.708-v:108.000)-(t:5.721-v:107.000)-(t:5.734-v:104.000)-(t:5.751-v:103.000)-(t:5.767-v:101.000)-(t:5.785-v:100.000)-(t:5.801-v:99.000)-(t:5.815-v:98.000)-(t:5.836-v:96.000)-(t:5.857-v:95.000)-(t:5.912-v:94.000)-(t:5.930-v:93.000)-(t:5.966-v:92.000)-(t:5.985-v:89.000)-(t:6.003-v:88.000)-(t:6.021-v:87.000)-(t:6.037-v:86.000)-(t:6.054-v:85.000)-(t:6.085-v:84.000)-(t:6.101-v:83.000)-(t:6.119-v:81.000)-(t:6.139-v:80.000)-(t:6.159-v:79.000)-(t:6.180-v:78.000)-(t:6.198-v:77.000)-(t:6.241-v:76.000)-(t:6.261-v:75.000)-(t:6.278-v:74.000)-(t:6.292-v:73.000)-(t:6.318-v:72.000)-(t:6.333-v:71.000)-(t:6.350-v:70.000)-(t:6.369-v:69.000)-(t:6.387-v:68.000)-(t:6.445-v:66.000)-(t:6.460-v:65.000)-(t:6.478-v:64.000)-(t:6.497-v:63.000)-(t:6.513-v:62.000)-(t:6.553-v:61.000)-(t:6.576-v:60.000)-(t:6.601-v:59.000)-(t:6.617-v:57.000)-(t:6.675-v:56.000)-(t:6.693-v:55.000)-(t:6.707-v:54.000)-(t:6.729-v:52.000)-(t:6.781-v:51.000)-(t:6.797-v:50.000)-(t:6.812-v:49.000)-(t:6.829-v:48.000)-(t:6.848-v:47.000)-(t:6.863-v:46.000)-(t:6.879-v:45.000)-(t:6.912-v:44.000)-(t:6.932-v:43.000)-(t:6.958-v:42.000)-(t:6.980-v:41.000)-(t:7.001-v:40.000)-(t:7.069-v:39.000)-(t:7.088-v:38.000)-(t:7.117-v:37.000)-(t:7.142-v:36.000)-(t:7.165-v:35.000)-(t:7.192-v:34.000)-(t:7.210-v:33.000)-(t:7.246-v:32.000)-(t:7.261-v:31.000)-(t:7.284-v:30.000)-(t:7.379-v:29.000)-(t:7.454-v:28.000)-(t:7.483-v:27.000)-(t:7.531-v:26.000)-(t:7.605-v:25.000)-(t:7.654-v:24.000)-(t:7.690-v:23.000)-(t:7.813-v:22.000)-(t:7.860-v:21.000)-(t:8.366-v:20.000)-(t:8.418-v:19.000)-(t:8.521-v:18.000)-(t:8.550-v:17.000)-(t:8.655-v:16.000)-(t:8.768-v:15.000)-(t:8.808-v:14.000)-(t:17.660-v:13.000)-(t:22.072-v:12.000)-(t:28.986-v:11.000)-(t:31.868-v:10.000)],300.0
examples/csp/csp_100/carseq_100_8_20_62.txt,dqn,r1,300,0.0,[(t:4.618-v:127.000)-(t:4.632-v:126.000)-(t:4.641-v:124.000)-(t:4.659-v:119.000)-(t:4.665-v:116.000)-(t:4.681-v:115.000)-(t:4.685-v:114.000)-(t:4.691-v:112.000)-(t:4.698-v:111.000)-(t:4.706-v:110.000)-(t:4.713-v:109.000)-(t:4.719-v:107.000)-(t:4.724-v:106.000)-(t:4.729-v:105.000)-(t:4.737-v:104.000)-(t:4.744-v:101.000)-(t:4.749-v:100.000)-(t:4.757-v:99.000)-(t:4.764-v:98.000)-(t:4.769-v:97.000)-(t:4.772-v:93.000)-(t:4.777-v:92.000)-(t:4.781-v:91.000)-(t:4.786-v:89.000)-(t:4.790-v:86.000)-(t:4.795-v:85.000)-(t:4.801-v:84.000)-(t:4.807-v:83.000)-(t:4.812-v:82.000)-(t:4.816-v:81.000)-(t:4.825-v:78.000)-(t:4.830-v:77.000)-(t:4.837-v:76.000)-(t:4.841-v:75.000)-(t:4.848-v:74.000)-(t:4.853-v:73.000)-(t:4.857-v:71.000)-(t:4.861-v:69.000)-(t:4.867-v:68.000)-(t:4.871-v:66.000)-(t:4.875-v:65.000)-(t:4.880-v:64.000)-(t:4.887-v:63.000)-(t:4.896-v:62.000)-(t:4.904-v:60.000)-(t:4.908-v:59.000)-(t:4.916-v:58.000)-(t:4.926-v:57.000)-(t:4.934-v:56.000)-(t:4.943-v:55.000)-(t:4.964-v:53.000)-(t:4.972-v:52.000)-(t:4.978-v:51.000)-(t:4.983-v:50.000)-(t:4.996-v:49.000)-(t:5.002-v:48.000)-(t:5.010-v:47.000)-(t:5.015-v:44.000)-(t:5.020-v:41.000)-(t:5.027-v:40.000)-(t:5.055-v:39.000)-(t:5.071-v:37.000)-(t:5.083-v:36.000)-(t:5.112-v:35.000)-(t:5.125-v:34.000)-(t:5.141-v:33.000)-(t:5.153-v:32.000)-(t:5.167-v:31.000)-(t:5.188-v:30.000)-(t:5.205-v:29.000)-(t:5.219-v:28.000)-(t:5.232-v:27.000)-(t:5.249-v:25.000)-(t:5.266-v:23.000)-(t:5.279-v:22.000)-(t:5.293-v:21.000)-(t:5.315-v:20.000)-(t:5.345-v:19.000)-(t:5.392-v:18.000)-(t:5.409-v:17.000)-(t:5.429-v:16.000)-(t:5.464-v:15.000)-(t:5.494-v:14.000)-(t:5.557-v:13.000)-(t:5.582-v:12.000)-(t:5.615-v:11.000)-(t:5.656-v:10.000)-(t:5.723-v:9.000)-(t:5.740-v:8.000)-(t:6.595-v:7.000)-(t:6.715-v:6.000)-(t:6.734-v:5.000)-(t:6.813-v:4.000)-(t:6.843-v:3.000)-(t:7.280-v:2.000)-(t:7.719-v:1.000)-(t:10.190-v:0.000)],10.19
examples/csp/csp_200/pb_200_10.txt,dqn,r1,300,20.0,[(t:5.045-v:235.000)-(t:5.055-v:234.000)-(t:5.066-v:227.000)-(t:5.089-v:226.000)-(t:5.107-v:225.000)-(t:5.120-v:224.000)-(t:5.132-v:223.000)-(t:5.148-v:216.000)-(t:5.157-v:215.000)-(t:5.172-v:214.000)-(t:5.182-v:212.000)-(t:5.191-v:211.000)-(t:5.200-v:207.000)-(t:5.211-v:206.000)-(t:5.218-v:202.000)-(t:5.228-v:199.000)-(t:5.237-v:196.000)-(t:5.251-v:195.000)-(t:5.261-v:192.000)-(t:5.270-v:191.000)-(t:5.279-v:190.000)-(t:5.285-v:189.000)-(t:5.291-v:187.000)-(t:5.306-v:186.000)-(t:5.314-v:185.000)-(t:5.321-v:184.000)-(t:5.327-v:183.000)-(t:5.333-v:182.000)-(t:5.341-v:180.000)-(t:5.347-v:178.000)-(t:5.357-v:177.000)-(t:5.365-v:174.000)-(t:5.374-v:173.000)-(t:5.382-v:172.000)-(t:5.390-v:171.000)-(t:5.398-v:168.000)-(t:5.407-v:167.000)-(t:5.415-v:165.000)-(t:5.423-v:164.000)-(t:5.431-v:161.000)-(t:5.452-v:160.000)-(t:5.459-v:159.000)-(t:5.466-v:158.000)-(t:5.475-v:157.000)-(t:5.484-v:156.000)-(t:5.493-v:153.000)-(t:5.500-v:149.000)-(t:5.506-v:148.000)-(t:5.513-v:145.000)-(t:5.522-v:142.000)-(t:5.528-v:141.000)-(t:5.534-v:140.000)-(t:5.542-v:139.000)-(t:5.551-v:138.000)-(t:5.557-v:137.000)-(t:5.563-v:135.000)-(t:5.570-v:134.000)-(t:5.581-v:133.000)-(t:5.589-v:132.000)-(t:5.595-v:131.000)-(t:5.638-v:129.000)-(t:5.670-v:128.000)-(t:5.687-v:127.000)-(t:5.703-v:126.000)-(t:5.719-v:125.000)-(t:5.738-v:124.000)-(t:5.754-v:123.000)-(t:5.770-v:122.000)-(t:5.786-v:121.000)-(t:5.802-v:119.000)-(t:5.819-v:118.000)-(t:5.835-v:116.000)-(t:5.852-v:114.000)-(t:5.866-v:113.000)-(t:5.887-v:112.000)-(t:5.907-v:111.000)-(t:5.927-v:109.000)-(t:5.943-v:108.000)-(t:5.961-v:107.000)-(t:5.981-v:106.000)-(t:6.005-v:105.000)-(t:6.020-v:104.000)-(t:6.038-v:103.000)-(t:6.058-v:102.000)-(t:6.074-v:100.000)-(t:6.094-v:99.000)-(t:6.143-v:98.000)-(t:6.163-v:97.000)-(t:6.193-v:95.000)-(t:6.210-v:94.000)-(t:6.227-v:92.000)-(t:6.246-v:91.000)-(t:6.262-v:89.000)-(t:6.280-v:88.000)-(t:6.298-v:87.000)-(t:6.314-v:86.000)-(t:6.330-v:85.000)-(t:6.347-v:84.000)-(t:6.369-v:83.000)-(t:6.394-v:82.000)-(t:6.418-v:81.000)-(t:6.453-v:80.000)-(t:6.477-v:79.000)-(t:6.509-v:78.000)-(t:6.531-v:74.000)-(t:6.557-v:73.000)-(t:6.577-v:72.000)-(t:6.598-v:69.000)-(t:6.618-v:68.000)-(t:6.657-v:67.000)-(t:6.695-v:66.000)-(t:6.715-v:65.000)-(t:6.736-v:64.000)-(t:6.755-v:63.000)-(t:6.809-v:62.000)-(t:6.829-v:61.000)-(t:6.856-v:60.000)-(t:6.877-v:59.000)-(t:6.892-v:58.000)-(t:6.938-v:57.000)-(t:6.955-v:56.000)-(t:6.975-v:55.000)-(t:6.997-v:54.000)-(t:7.018-v:53.000)-(t:7.040-v:52.000)-(t:7.088-v:51.000)-(t:7.113-v:50.000)-(t:7.137-v:49.000)-(t:7.189-v:48.000)-(t:7.238-v:47.000)-(t:7.257-v:46.000)-(t:7.283-v:45.000)-(t:7.332-v:44.000)-(t:7.355-v:43.000)-(t:7.372-v:42.000)-(t:7.397-v:41.000)-(t:7.416-v:40.000)-(t:7.483-v:39.000)-(t:7.512-v:38.000)-(t:7.535-v:37.000)-(t:7.609-v:36.000)-(t:7.688-v:35.000)-(t:7.727-v:34.000)-(t:7.772-v:33.000)-(t:7.791-v:32.000)-(t:7.817-v:30.000)-(t:7.966-v:29.000)-(t:8.080-v:28.000)-(t:8.242-v:27.000)-(t:8.280-v:26.000)-(t:8.317-v:25.000)-(t:10.311-v:24.000)-(t:12.129-v:23.000)-(t:12.195-v:22.000)-(t:13.896-v:21.000)-(t:13.975-v:20.000)],300.0
examples/csp/csp_300/carseq_300_8_20_40.txt,dqn,r1,300,1.0,[(t:4.758-v:385.000)-(t:4.774-v:383.000)-(t:4.788-v:380.000)-(t:4.808-v:379.000)-(t:4.817-v:377.000)-(t:4.829-v:372.000)-(t:4.838-v:371.000)-(t:4.850-v:370.000)-(t:4.861-v:368.000)-(t:4.872-v:367.000)-(t:4.882-v:366.000)-(t:4.891-v:365.000)-(t:4.903-v:363.000)-(t:4.912-v:362.000)-(t:4.920-v:361.000)-(t:4.928-v:357.000)-(t:4.937-v:355.000)-(t:4.947-v:354.000)-(t:4.956-v:353.000)-(t:4.964-v:352.000)-(t:4.973-v:351.000)-(t:4.980-v:350.000)-(t:4.987-v:349.000)-(t:4.994-v:348.000)-(t:5.002-v:347.000)-(t:5.010-v:346.000)-(t:5.017-v:345.000)-(t:5.025-v:344.000)-(t:5.032-v:343.000)-(t:5.039-v:341.000)-(t:5.046-v:340.000)-(t:5.054-v:338.000)-(t:5.061-v:337.000)-(t:5.067-v:336.000)-(t:5.073-v:335.000)-(t:5.079-v:334.000)-(t:5.090-v:331.000)-(t:5.098-v:329.000)-(t:5.106-v:327.000)-(t:5.113-v:324.000)-(t:5.124-v:323.000)-(t:5.134-v:321.000)-(t:5.147-v:319.000)-(t:5.157-v:317.000)-(t:5.166-v:316.000)-(t:5.173-v:315.000)-(t:5.185-v:312.000)-(t:5.194-v:311.000)-(t:5.200-v:310.000)-(t:5.210-v:309.000)-(t:5.219-v:308.000)-(t:5.230-v:307.000)-(t:5.238-v:306.000)-(t:5.246-v:305.000)-(t:5.254-v:304.000)-(t:5.262-v:303.000)-(t:5.269-v:300.000)-(t:5.278-v:296.000)-(t:5.285-v:295.000)-(t:5.293-v:294.000)-(t:5.349-v:293.000)-(t:5.384-v:290.000)-(t:5.421-v:289.000)-(t:5.441-v:286.000)-(t:5.461-v:285.000)-(t:5.479-v:279.000)-(t:5.498-v:278.000)-(t:5.521-v:276.000)-(t:5.541-v:274.000)-(t:5.560-v:273.000)-(t:5.583-v:272.000)-(t:5.606-v:270.000)-(t:5.625-v:269.000)-(t:5.647-v:268.000)-(t:5.668-v:266.000)-(t:5.688-v:264.000)-(t:5.712-v:263.000)-(t:5.732-v:262.000)-(t:5.751-v:261.000)-(t:5.772-v:258.000)-(t:5.794-v:257.000)-(t:5.817-v:256.000)-(t:5.840-v:255.000)-(t:5.864-v:254.000)-(t:5.885-v:253.000)-(t:5.905-v:252.000)-(t:5.925-v:251.000)-(t:5.947-v:250.000)-(t:5.967-v:249.000)-(t:5.987-v:248.000)-(t:6.008-v:245.000)-(t:6.027-v:243.000)-(t:6.048-v:242.000)-(t:6.071-v:241.000)-(t:6.093-v:240.000)-(t:6.113-v:238.000)-(t:6.132-v:237.000)-(t:6.151-v:236.000)-(t:6.170-v:235.000)-(t:6.188-v:233.000)-(t:6.214-v:231.000)-(t:6.237-v:230.000)-(t:6.260-v:229.000)-(t:6.290-v:228.000)-(t:6.315-v:227.000)-(t:6.337-v:226.000)-(t:6.360-v:225.000)-(t:6.379-v:224.000)-(t:6.401-v:223.000)-(t:6.422-v:222.000)-(t:6.442-v:221.000)-(t:6.461-v:218.000)-(t:6.481-v:217.000)-(t:6.504-v:214.000)-(t:6.523-v:212.000)-(t:6.550-v:211.000)-(t:6.589-v:210.000)-(t:6.610-v:209.000)-(t:6.633-v:208.000)-(t:6.658-v:205.000)-(t:6.681-v:204.000)-(t:6.700-v:203.000)-(t:6.721-v:202.000)-(t:6.743-v:200.000)-(t:6.764-v:199.000)-(t:6.818-v:198.000)-(t:6.841-v:197.000)-(t:6.867-v:196.000)-(t:6.891-v:195.000)-(t:6.909-v:194.000)-(t:6.942-v:193.000)-(t:6.964-v:192.000)-(t:6.987-v:191.000)-(t:7.011-v:190.000)-(t:7.086-v:189.000)-(t:7.111-v:188.000)-(t:7.134-v:187.000)-(t:7.157-v:186.000)-(t:7.178-v:184.000)-(t:7.202-v:183.000)-(t:7.224-v:182.000)-(t:7.246-v:181.000)-(t:7.268-v:180.000)-(t:7.290-v:179.000)-(t:7.314-v:177.000)-(t:7.336-v:176.000)-(t:7.359-v:175.000)-(t:7.380-v:174.000)-(t:7.399-v:172.000)-(t:7.418-v:171.000)-(t:7.440-v:170.000)-(t:7.463-v:168.000)-(t:7.484-v:167.000)-(t:7.515-v:166.000)-(t:7.550-v:165.000)-(t:7.585-v:164.000)-(t:7.604-v:162.000)-(t:7.626-v:160.000)-(t:7.645-v:159.000)-(t:7.670-v:158.000)-(t:7.691-v:157.000)-(t:7.713-v:155.000)-(t:7.732-v:154.000)-(t:7.769-v:153.000)-(t:7.791-v:151.000)-(t:7.811-v:150.000)-(t:7.840-v:149.000)-(t:7.861-v:148.000)-(t:7.887-v:147.000)-(t:7.914-v:145.000)-(t:7.933-v:143.000)-(t:7.954-v:141.000)-(t:7.974-v:138.000)-(t:7.997-v:137.000)-(t:8.019-v:136.000)-(t:8.048-v:135.000)-(t:8.069-v:134.000)-(t:8.090-v:133.000)-(t:8.111-v:132.000)-(t:8.133-v:131.000)-(t:8.160-v:130.000)-(t:8.183-v:129.000)-(t:8.204-v:128.000)-(t:8.227-v:127.000)-(t:8.248-v:126.000)-(t:8.269-v:125.000)-(t:8.287-v:124.000)-(t:8.442-v:123.000)-(t:8.465-v:122.000)-(t:8.493-v:121.000)-(t:8.514-v:120.000)-(t:8.535-v:119.000)-(t:8.557-v:117.000)-(t:8.581-v:116.000)-(t:8.603-v:115.000)-(t:8.624-v:114.000)-(t:8.646-v:113.000)-(t:8.686-v:112.000)-(t:8.747-v:111.000)-(t:8.778-v:110.000)-(t:8.803-v:109.000)-(t:8.827-v:108.000)-(t:8.881-v:107.000)-(t:8.905-v:106.000)-(t:8.926-v:105.000)-(t:8.943-v:103.000)-(t:8.961-v:102.000)-(t:8.977-v:101.000)-(t:9.000-v:100.000)-(t:9.021-v:99.000)-(t:9.042-v:98.000)-(t:9.062-v:97.000)-(t:9.091-v:96.000)-(t:9.118-v:95.000)-(t:9.137-v:94.000)-(t:9.188-v:93.000)-(t:9.207-v:92.000)-(t:9.230-v:91.000)-(t:9.257-v:90.000)-(t:9.279-v:89.000)-(t:9.375-v:88.000)-(t:9.447-v:87.000)-(t:9.474-v:86.000)-(t:9.554-v:85.000)-(t:9.579-v:84.000)-(t:9.610-v:82.000)-(t:9.650-v:81.000)-(t:9.688-v:80.000)-(t:9.715-v:79.000)-(t:9.782-v:78.000)-(t:9.805-v:77.000)-(t:9.835-v:76.000)-(t:9.856-v:75.000)-(t:9.880-v:74.000)-(t:10.151-v:73.000)-(t:10.292-v:72.000)-(t:10.321-v:71.000)-(t:10.356-v:70.000)-(t:10.381-v:69.000)-(t:10.405-v:67.000)-(t:10.490-v:66.000)-(t:10.518-v:65.000)-(t:10.538-v:64.000)-(t:10.641-v:63.000)-(t:10.694-v:62.000)-(t:10.733-v:61.000)-(t:10.759-v:60.000)-(t:10.782-v:59.000)-(t:10.816-v:58.000)-(t:10.839-v:57.000)-(t:10.866-v:56.000)-(t:10.911-v:55.000)-(t:10.934-v:54.000)-(t:10.979-v:53.000)-(t:11.181-v:52.000)-(t:11.209-v:51.000)-(t:11.252-v:50.000)-(t:11.289-v:49.000)-(t:11.482-v:48.000)-(t:11.529-v:47.000)-(t:11.554-v:46.000)-(t:11.590-v:45.000)-(t:11.644-v:44.000)-(t:12.079-v:43.000)-(t:12.210-v:42.000)-(t:12.249-v:41.000)-(t:12.730-v:40.000)-(t:12.797-v:39.000)-(t:12.843-v:38.000)-(t:12.895-v:37.000)-(t:12.920-v:36.000)-(t:12.981-v:35.000)-(t:13.015-v:34.000)-(t:13.056-v:33.000)-(t:13.252-v:32.000)-(t:13.305-v:31.000)-(t:13.377-v:30.000)-(t:13.409-v:29.000)-(t:13.447-v:28.000)-(t:13.501-v:27.000)-(t:13.581-v:26.000)-(t:13.618-v:25.000)-(t:13.704-v:24.000)-(t:13.775-v:23.000)-(t:13.883-v:22.000)-(t:13.917-v:21.000)-(t:13.938-v:20.000)-(t:15.334-v:19.000)-(t:15.379-v:18.000)-(t:15.434-v:17.000)-(t:15.543-v:16.000)-(t:15.731-v:15.000)-(t:16.713-v:14.000)-(t:20.924-v:13.000)-(t:24.743-v:12.000)-(t:38.893-v:11.000)-(t:40.599-v:10.000)-(t:51.409-v:9.000)-(t:53.835-v:8.000)-(t:55.709-v:7.000)-(t:55.851-v:6.000)-(t:58.456-v:5.000)-(t:62.857-v:3.000)-(t:135.713-v:2.000)-(t:153.866-v:1.000)],300.0
examples/csp/csp_100/carseq_100_8_20_64.txt,dqn,r1,300,0.0,[(t:4.702-v:114.000)-(t:4.722-v:113.000)-(t:4.732-v:110.000)-(t:4.737-v:107.000)-(t:4.747-v:102.000)-(t:4.756-v:93.000)-(t:4.761-v:92.000)-(t:4.767-v:89.000)-(t:4.775-v:87.000)-(t:4.781-v:85.000)-(t:4.789-v:84.000)-(t:4.793-v:83.000)-(t:4.799-v:81.000)-(t:4.807-v:80.000)-(t:4.815-v:79.000)-(t:4.821-v:78.000)-(t:4.829-v:77.000)-(t:4.836-v:73.000)-(t:4.841-v:72.000)-(t:4.852-v:71.000)-(t:4.857-v:70.000)-(t:4.867-v:69.000)-(t:4.872-v:67.000)-(t:4.879-v:64.000)-(t:4.884-v:63.000)-(t:4.895-v:62.000)-(t:4.903-v:61.000)-(t:4.908-v:60.000)-(t:4.914-v:59.000)-(t:4.920-v:58.000)-(t:4.930-v:57.000)-(t:4.935-v:56.000)-(t:4.946-v:53.000)-(t:4.954-v:52.000)-(t:4.960-v:50.000)-(t:4.966-v:49.000)-(t:4.975-v:48.000)-(t:4.980-v:47.000)-(t:4.985-v:46.000)-(t:4.989-v:45.000)-(t:5.001-v:44.000)-(t:5.006-v:42.000)-(t:5.016-v:41.000)-(t:5.023-v:40.000)-(t:5.030-v:39.000)-(t:5.037-v:38.000)-(t:5.042-v:37.000)-(t:5.048-v:36.000)-(t:5.054-v:35.000)-(t:5.060-v:34.000)-(t:5.065-v:33.000)-(t:5.072-v:32.000)-(t:5.078-v:31.000)-(t:5.089-v:29.000)-(t:5.094-v:28.000)-(t:5.100-v:27.000)-(t:5.111-v:26.000)-(t:5.120-v:25.000)-(t:5.194-v:23.000)-(t:5.238-v:22.000)-(t:5.256-v:21.000)-(t:5.277-v:20.000)-(t:5.295-v:19.000)-(t:5.318-v:18.000)-(t:5.336-v:17.000)-(t:5.357-v:16.000)-(t:5.383-v:15.000)-(t:5.472-v:14.000)-(t:5.513-v:13.000)-(t:5.585-v:12.000)-(t:5.614-v:11.000)-(t:5.629-v:10.000)-(t:5.646-v:9.000)-(t:5.675-v:8.000)-(t:6.048-v:7.000)-(t:6.589-v:6.000)-(t:6.610-v:5.000)-(t:6.636-v:4.000)-(t:6.667-v:3.000)-(t:7.088-v:2.000)-(t:7.833-v:1.000)-(t:27.970-v:0.000)],27.97
examples/csp/csp_300/carseq_300_8_20_45.txt,dqn,r1,300,10.0,[(t:4.715-v:379.000)-(t:4.734-v:376.000)-(t:4.760-v:375.000)-(t:4.783-v:373.000)-(t:4.793-v:371.000)-(t:4.812-v:369.000)-(t:4.823-v:367.000)-(t:4.835-v:361.000)-(t:4.844-v:360.000)-(t:4.856-v:359.000)-(t:4.863-v:358.000)-(t:4.875-v:357.000)-(t:4.887-v:353.000)-(t:4.895-v:352.000)-(t:4.906-v:351.000)-(t:4.917-v:348.000)-(t:4.930-v:347.000)-(t:4.942-v:341.000)-(t:4.951-v:340.000)-(t:4.959-v:339.000)-(t:4.966-v:338.000)-(t:4.974-v:335.000)-(t:4.981-v:333.000)-(t:4.990-v:331.000)-(t:4.999-v:330.000)-(t:5.011-v:328.000)-(t:5.019-v:327.000)-(t:5.028-v:326.000)-(t:5.038-v:325.000)-(t:5.045-v:324.000)-(t:5.054-v:323.000)-(t:5.067-v:322.000)-(t:5.075-v:321.000)-(t:5.082-v:319.000)-(t:5.092-v:318.000)-(t:5.099-v:314.000)-(t:5.107-v:313.000)-(t:5.115-v:312.000)-(t:5.122-v:309.000)-(t:5.129-v:304.000)-(t:5.141-v:302.000)-(t:5.149-v:301.000)-(t:5.160-v:300.000)-(t:5.167-v:297.000)-(t:5.176-v:295.000)-(t:5.183-v:292.000)-(t:5.191-v:289.000)-(t:5.198-v:288.000)-(t:5.206-v:287.000)-(t:5.213-v:286.000)-(t:5.222-v:285.000)-(t:5.231-v:283.000)-(t:5.238-v:281.000)-(t:5.246-v:280.000)-(t:5.264-v:279.000)-(t:5.272-v:277.000)-(t:5.280-v:276.000)-(t:5.288-v:275.000)-(t:5.296-v:273.000)-(t:5.305-v:272.000)-(t:5.349-v:271.000)-(t:5.367-v:270.000)-(t:5.386-v:268.000)-(t:5.405-v:266.000)-(t:5.424-v:264.000)-(t:5.443-v:258.000)-(t:5.461-v:257.000)-(t:5.477-v:256.000)-(t:5.496-v:255.000)-(t:5.513-v:254.000)-(t:5.533-v:253.000)-(t:5.553-v:252.000)-(t:5.572-v:250.000)-(t:5.598-v:249.000)-(t:5.618-v:247.000)-(t:5.644-v:246.000)-(t:5.667-v:245.000)-(t:5.688-v:244.000)-(t:5.710-v:243.000)-(t:5.734-v:242.000)-(t:5.755-v:241.000)-(t:5.775-v:239.000)-(t:5.795-v:238.000)-(t:5.816-v:237.000)-(t:5.836-v:236.000)-(t:5.856-v:233.000)-(t:5.879-v:232.000)-(t:5.900-v:231.000)-(t:5.924-v:230.000)-(t:5.946-v:229.000)-(t:5.966-v:228.000)-(t:5.987-v:227.000)-(t:6.011-v:224.000)-(t:6.033-v:223.000)-(t:6.053-v:222.000)-(t:6.073-v:221.000)-(t:6.090-v:218.000)-(t:6.107-v:217.000)-(t:6.127-v:216.000)-(t:6.154-v:215.000)-(t:6.184-v:212.000)-(t:6.227-v:211.000)-(t:6.248-v:209.000)-(t:6.277-v:207.000)-(t:6.298-v:204.000)-(t:6.319-v:202.000)-(t:6.342-v:198.000)-(t:6.365-v:197.000)-(t:6.385-v:193.000)-(t:6.409-v:192.000)-(t:6.431-v:191.000)-(t:6.454-v:190.000)-(t:6.473-v:188.000)-(t:6.493-v:185.000)-(t:6.517-v:184.000)-(t:6.542-v:183.000)-(t:6.564-v:182.000)-(t:6.583-v:178.000)-(t:6.604-v:177.000)-(t:6.624-v:176.000)-(t:6.649-v:175.000)-(t:6.674-v:172.000)-(t:6.695-v:171.000)-(t:6.727-v:170.000)-(t:6.746-v:169.000)-(t:6.784-v:168.000)-(t:6.808-v:167.000)-(t:6.832-v:164.000)-(t:6.857-v:163.000)-(t:6.877-v:161.000)-(t:6.897-v:159.000)-(t:6.921-v:158.000)-(t:6.940-v:157.000)-(t:6.958-v:156.000)-(t:6.978-v:155.000)-(t:6.997-v:154.000)-(t:7.024-v:153.000)-(t:7.042-v:152.000)-(t:7.064-v:150.000)-(t:7.086-v:149.000)-(t:7.108-v:148.000)-(t:7.125-v:147.000)-(t:7.142-v:146.000)-(t:7.169-v:145.000)-(t:7.197-v:142.000)-(t:7.217-v:140.000)-(t:7.237-v:139.000)-(t:7.260-v:136.000)-(t:7.282-v:135.000)-(t:7.303-v:134.000)-(t:7.321-v:133.000)-(t:7.344-v:132.000)-(t:7.362-v:129.000)-(t:7.386-v:128.000)-(t:7.407-v:127.000)-(t:7.430-v:125.000)-(t:7.489-v:123.000)-(t:7.516-v:122.000)-(t:7.546-v:120.000)-(t:7.576-v:119.000)-(t:7.595-v:118.000)-(t:7.615-v:117.000)-(t:7.639-v:116.000)-(t:7.660-v:115.000)-(t:7.682-v:114.000)-(t:7.714-v:113.000)-(t:7.737-v:112.000)-(t:7.761-v:111.000)-(t:7.784-v:110.000)-(t:7.807-v:109.000)-(t:7.826-v:108.000)-(t:7.849-v:107.000)-(t:7.869-v:105.000)-(t:7.889-v:104.000)-(t:7.928-v:103.000)-(t:7.953-v:102.000)-(t:7.982-v:101.000)-(t:8.002-v:100.000)-(t:8.036-v:99.000)-(t:8.055-v:98.000)-(t:8.089-v:97.000)-(t:8.119-v:96.000)-(t:8.183-v:95.000)-(t:8.232-v:94.000)-(t:8.255-v:93.000)-(t:8.281-v:92.000)-(t:8.318-v:91.000)-(t:8.360-v:89.000)-(t:8.385-v:88.000)-(t:8.418-v:87.000)-(t:8.441-v:86.000)-(t:8.463-v:85.000)-(t:8.488-v:84.000)-(t:8.510-v:83.000)-(t:8.570-v:82.000)-(t:8.591-v:81.000)-(t:8.614-v:79.000)-(t:8.636-v:77.000)-(t:8.666-v:76.000)-(t:8.686-v:75.000)-(t:8.718-v:74.000)-(t:8.739-v:73.000)-(t:8.761-v:72.000)-(t:8.782-v:71.000)-(t:8.806-v:70.000)-(t:8.915-v:69.000)-(t:9.014-v:67.000)-(t:9.034-v:66.000)-(t:9.062-v:65.000)-(t:9.085-v:64.000)-(t:9.111-v:63.000)-(t:9.158-v:62.000)-(t:9.221-v:61.000)-(t:9.246-v:60.000)-(t:9.427-v:58.000)-(t:9.449-v:57.000)-(t:9.486-v:56.000)-(t:9.509-v:55.000)-(t:9.534-v:54.000)-(t:9.758-v:53.000)-(t:10.017-v:52.000)-(t:10.045-v:51.000)-(t:10.104-v:50.000)-(t:10.140-v:49.000)-(t:10.166-v:48.000)-(t:10.370-v:47.000)-(t:10.407-v:45.000)-(t:10.439-v:44.000)-(t:10.497-v:43.000)-(t:10.558-v:42.000)-(t:10.601-v:41.000)-(t:10.660-v:40.000)-(t:10.683-v:39.000)-(t:10.708-v:38.000)-(t:10.790-v:37.000)-(t:10.816-v:36.000)-(t:10.842-v:35.000)-(t:10.868-v:34.000)-(t:10.915-v:33.000)-(t:10.946-v:32.000)-(t:11.023-v:31.000)-(t:11.053-v:30.000)-(t:11.394-v:29.000)-(t:11.835-v:28.000)-(t:11.967-v:27.000)-(t:12.032-v:26.000)-(t:12.221-v:25.000)-(t:12.258-v:24.000)-(t:12.293-v:23.000)-(t:12.338-v:22.000)-(t:12.374-v:21.000)-(t:12.440-v:20.000)-(t:12.485-v:19.000)-(t:12.544-v:18.000)-(t:12.651-v:17.000)-(t:12.757-v:16.000)-(t:12.868-v:15.000)-(t:12.943-v:14.000)-(t:14.159-v:13.000)-(t:18.754-v:12.000)-(t:18.865-v:11.000)-(t:18.913-v:10.000)],300.0
examples/csp/csp_100/carseq_100_8_20_67.txt,dqn,r1,300,0.0,[(t:4.549-v:118.000)-(t:4.567-v:116.000)-(t:4.575-v:115.000)-(t:4.580-v:114.000)-(t:4.592-v:113.000)-(t:4.601-v:111.000)-(t:4.607-v:108.000)-(t:4.613-v:106.000)-(t:4.618-v:105.000)-(t:4.624-v:103.000)-(t:4.629-v:100.000)-(t:4.634-v:99.000)-(t:4.639-v:97.000)-(t:4.645-v:94.000)-(t:4.650-v:93.000)-(t:4.656-v:92.000)-(t:4.661-v:91.000)-(t:4.669-v:88.000)-(t:4.675-v:87.000)-(t:4.681-v:83.000)-(t:4.686-v:82.000)-(t:4.691-v:81.000)-(t:4.697-v:79.000)-(t:4.703-v:78.000)-(t:4.707-v:77.000)-(t:4.711-v:76.000)-(t:4.715-v:75.000)-(t:4.720-v:73.000)-(t:4.724-v:72.000)-(t:4.729-v:71.000)-(t:4.733-v:70.000)-(t:4.737-v:69.000)-(t:4.744-v:68.000)-(t:4.750-v:67.000)-(t:4.756-v:66.000)-(t:4.764-v:64.000)-(t:4.770-v:63.000)-(t:4.776-v:62.000)-(t:4.783-v:61.000)-(t:4.790-v:58.000)-(t:4.799-v:56.000)-(t:4.803-v:55.000)-(t:4.807-v:54.000)-(t:4.811-v:53.000)-(t:4.817-v:52.000)-(t:4.823-v:51.000)-(t:4.831-v:48.000)-(t:4.836-v:47.000)-(t:4.841-v:45.000)-(t:4.848-v:44.000)-(t:4.852-v:43.000)-(t:4.858-v:42.000)-(t:4.866-v:41.000)-(t:4.876-v:40.000)-(t:4.886-v:37.000)-(t:4.896-v:36.000)-(t:4.903-v:35.000)-(t:4.907-v:33.000)-(t:4.912-v:32.000)-(t:4.923-v:31.000)-(t:4.963-v:30.000)-(t:4.982-v:29.000)-(t:4.999-v:28.000)-(t:5.021-v:27.000)-(t:5.058-v:26.000)-(t:5.078-v:25.000)-(t:5.092-v:24.000)-(t:5.108-v:23.000)-(t:5.142-v:22.000)-(t:5.160-v:21.000)-(t:5.176-v:20.000)-(t:5.197-v:19.000)-(t:5.218-v:18.000)-(t:5.265-v:17.000)-(t:5.301-v:16.000)-(t:5.318-v:15.000)-(t:5.339-v:14.000)-(t:5.376-v:13.000)-(t:5.418-v:12.000)-(t:5.435-v:11.000)-(t:5.469-v:10.000)-(t:5.502-v:8.000)-(t:5.627-v:7.000)-(t:5.648-v:6.000)-(t:5.674-v:5.000)-(t:5.694-v:4.000)-(t:6.612-v:3.000)-(t:6.632-v:2.000)-(t:6.959-v:1.000)-(t:26.776-v:0.000)],26.776
examples/csp/csp_100/carseq_100_8_20_72.txt,dqn,r1,300,0.0,[(t:4.945-v:103.000)-(t:4.963-v:101.000)-(t:4.972-v:96.000)-(t:4.979-v:95.000)-(t:4.991-v:94.000)-(t:5.002-v:92.000)-(t:5.009-v:91.000)-(t:5.017-v:89.000)-(t:5.023-v:88.000)-(t:5.031-v:86.000)-(t:5.037-v:84.000)-(t:5.043-v:83.000)-(t:5.049-v:80.000)-(t:5.054-v:78.000)-(t:5.064-v:74.000)-(t:5.073-v:73.000)-(t:5.079-v:72.000)-(t:5.089-v:70.000)-(t:5.098-v:69.000)-(t:5.105-v:66.000)-(t:5.113-v:62.000)-(t:5.119-v:61.000)-(t:5.127-v:60.000)-(t:5.136-v:58.000)-(t:5.143-v:57.000)-(t:5.150-v:55.000)-(t:5.156-v:54.000)-(t:5.165-v:52.000)-(t:5.170-v:51.000)-(t:5.178-v:50.000)-(t:5.186-v:48.000)-(t:5.191-v:47.000)-(t:5.198-v:46.000)-(t:5.203-v:45.000)-(t:5.209-v:44.000)-(t:5.214-v:43.000)-(t:5.218-v:42.000)-(t:5.225-v:41.000)-(t:5.230-v:39.000)-(t:5.239-v:38.000)-(t:5.246-v:37.000)-(t:5.251-v:36.000)-(t:5.258-v:34.000)-(t:5.274-v:33.000)-(t:5.282-v:32.000)-(t:5.288-v:31.000)-(t:5.294-v:29.000)-(t:5.301-v:28.000)-(t:5.328-v:27.000)-(t:5.366-v:26.000)-(t:5.378-v:25.000)-(t:5.387-v:24.000)-(t:5.442-v:23.000)-(t:5.477-v:22.000)-(t:5.484-v:21.000)-(t:5.490-v:20.000)-(t:5.523-v:19.000)-(t:5.571-v:18.000)-(t:5.604-v:17.000)-(t:5.621-v:16.000)-(t:5.640-v:15.000)-(t:5.666-v:14.000)-(t:5.685-v:13.000)-(t:5.705-v:12.000)-(t:5.728-v:11.000)-(t:5.751-v:10.000)-(t:5.766-v:9.000)-(t:5.788-v:8.000)-(t:5.803-v:7.000)-(t:5.823-v:6.000)-(t:5.888-v:5.000)-(t:5.946-v:4.000)-(t:5.978-v:3.000)-(t:6.461-v:2.000)-(t:6.764-v:1.000)-(t:7.701-v:0.000)],7.701
examples/csp/csp_100/carseq_100_8_20_73.txt,dqn,r1,300,0.0,[(t:4.928-v:115.000)-(t:4.945-v:113.000)-(t:4.956-v:111.000)-(t:4.961-v:110.000)-(t:4.972-v:108.000)-(t:4.982-v:107.000)-(t:4.987-v:106.000)-(t:4.992-v:103.000)-(t:4.998-v:100.000)-(t:5.007-v:98.000)-(t:5.014-v:97.000)-(t:5.020-v:96.000)-(t:5.026-v:94.000)-(t:5.030-v:93.000)-(t:5.034-v:90.000)-(t:5.039-v:89.000)-(t:5.045-v:87.000)-(t:5.052-v:85.000)-(t:5.060-v:84.000)-(t:5.067-v:83.000)-(t:5.072-v:81.000)-(t:5.078-v:80.000)-(t:5.083-v:79.000)-(t:5.088-v:77.000)-(t:5.094-v:76.000)-(t:5.103-v:75.000)-(t:5.109-v:72.000)-(t:5.116-v:71.000)-(t:5.122-v:70.000)-(t:5.128-v:69.000)-(t:5.134-v:68.000)-(t:5.140-v:67.000)-(t:5.146-v:66.000)-(t:5.154-v:65.000)-(t:5.164-v:62.000)-(t:5.171-v:61.000)-(t:5.178-v:60.000)-(t:5.185-v:59.000)-(t:5.190-v:56.000)-(t:5.196-v:55.000)-(t:5.203-v:54.000)-(t:5.210-v:52.000)-(t:5.221-v:50.000)-(t:5.233-v:49.000)-(t:5.239-v:48.000)-(t:5.243-v:46.000)-(t:5.248-v:45.000)-(t:5.255-v:44.000)-(t:5.263-v:43.000)-(t:5.270-v:42.000)-(t:5.281-v:40.000)-(t:5.287-v:39.000)-(t:5.291-v:38.000)-(t:5.295-v:37.000)-(t:5.301-v:36.000)-(t:5.306-v:35.000)-(t:5.312-v:34.000)-(t:5.318-v:33.000)-(t:5.325-v:32.000)-(t:5.331-v:30.000)-(t:5.371-v:29.000)-(t:5.389-v:28.000)-(t:5.409-v:26.000)-(t:5.426-v:25.000)-(t:5.450-v:24.000)-(t:5.469-v:21.000)-(t:5.491-v:20.000)-(t:5.509-v:19.000)-(t:5.523-v:17.000)-(t:5.539-v:16.000)-(t:5.556-v:15.000)-(t:5.571-v:14.000)-(t:5.583-v:13.000)-(t:5.619-v:12.000)-(t:5.635-v:11.000)-(t:5.671-v:9.000)-(t:5.689-v:8.000)-(t:5.770-v:7.000)-(t:5.907-v:6.000)-(t:5.931-v:5.000)-(t:5.964-v:4.000)-(t:6.450-v:3.000)-(t:6.466-v:2.000)-(t:6.488-v:1.000)-(t:6.607-v:0.000)],6.607
examples/csp/csp_100/carseq_100_8_20_77.txt,dqn,r1,300,0.0,[(t:5.216-v:112.000)-(t:5.230-v:111.000)-(t:5.237-v:110.000)-(t:5.253-v:107.000)-(t:5.267-v:106.000)-(t:5.280-v:105.000)-(t:5.288-v:104.000)-(t:5.296-v:102.000)-(t:5.303-v:101.000)-(t:5.310-v:97.000)-(t:5.316-v:96.000)-(t:5.321-v:93.000)-(t:5.327-v:91.000)-(t:5.334-v:90.000)-(t:5.342-v:89.000)-(t:5.349-v:88.000)-(t:5.355-v:87.000)-(t:5.363-v:84.000)-(t:5.378-v:83.000)-(t:5.385-v:81.000)-(t:5.391-v:79.000)-(t:5.395-v:78.000)-(t:5.400-v:77.000)-(t:5.405-v:72.000)-(t:5.410-v:71.000)-(t:5.417-v:70.000)-(t:5.424-v:69.000)-(t:5.428-v:68.000)-(t:5.433-v:67.000)-(t:5.438-v:66.000)-(t:5.448-v:65.000)-(t:5.454-v:64.000)-(t:5.460-v:62.000)-(t:5.464-v:61.000)-(t:5.473-v:60.000)-(t:5.478-v:58.000)-(t:5.487-v:57.000)-(t:5.493-v:56.000)-(t:5.500-v:55.000)-(t:5.510-v:54.000)-(t:5.520-v:53.000)-(t:5.526-v:52.000)-(t:5.537-v:50.000)-(t:5.543-v:49.000)-(t:5.550-v:48.000)-(t:5.557-v:47.000)-(t:5.562-v:46.000)-(t:5.566-v:45.000)-(t:5.573-v:43.000)-(t:5.582-v:41.000)-(t:5.589-v:40.000)-(t:5.597-v:39.000)-(t:5.605-v:37.000)-(t:5.610-v:36.000)-(t:5.618-v:35.000)-(t:5.625-v:34.000)-(t:5.631-v:33.000)-(t:5.642-v:31.000)-(t:5.647-v:30.000)-(t:5.712-v:29.000)-(t:5.727-v:28.000)-(t:5.743-v:27.000)-(t:5.759-v:26.000)-(t:5.776-v:25.000)-(t:5.794-v:24.000)-(t:5.811-v:23.000)-(t:5.830-v:22.000)-(t:5.847-v:20.000)-(t:5.858-v:19.000)-(t:5.928-v:18.000)-(t:5.941-v:16.000)-(t:5.985-v:15.000)-(t:6.027-v:14.000)-(t:6.068-v:13.000)-(t:6.089-v:12.000)-(t:6.104-v:11.000)-(t:6.128-v:10.000)-(t:6.157-v:9.000)-(t:6.169-v:8.000)-(t:6.182-v:7.000)-(t:6.199-v:6.000)-(t:6.224-v:5.000)-(t:6.299-v:4.000)-(t:6.318-v:3.000)-(t:6.333-v:2.000)-(t:8.005-v:1.000)-(t:13.081-v:0.000)],13.081
examples/csp/csp_300/carseq_300_8_20_81.txt,dqn,r1,300,0.0,[(t:4.842-v:372.000)-(t:4.858-v:368.000)-(t:4.870-v:366.000)-(t:4.894-v:364.000)-(t:4.916-v:362.000)-(t:4.931-v:361.000)-(t:4.943-v:360.000)-(t:4.955-v:357.000)-(t:4.970-v:356.000)-(t:4.989-v:355.000)-(t:5.003-v:351.000)-(t:5.018-v:350.000)-(t:5.030-v:349.000)-(t:5.037-v:347.000)-(t:5.044-v:346.000)-(t:5.060-v:345.000)-(t:5.068-v:344.000)-(t:5.082-v:342.000)-(t:5.092-v:340.000)-(t:5.103-v:339.000)-(t:5.113-v:336.000)-(t:5.122-v:335.000)-(t:5.132-v:334.000)-(t:5.140-v:331.000)-(t:5.147-v:330.000)-(t:5.161-v:329.000)-(t:5.172-v:328.000)-(t:5.188-v:327.000)-(t:5.199-v:323.000)-(t:5.209-v:321.000)-(t:5.225-v:320.000)-(t:5.235-v:318.000)-(t:5.244-v:317.000)-(t:5.253-v:316.000)-(t:5.261-v:315.000)-(t:5.268-v:314.000)-(t:5.285-v:311.000)-(t:5.296-v:310.000)-(t:5.308-v:308.000)-(t:5.321-v:307.000)-(t:5.329-v:306.000)-(t:5.337-v:305.000)-(t:5.347-v:304.000)-(t:5.359-v:303.000)-(t:5.366-v:301.000)-(t:5.372-v:300.000)-(t:5.379-v:298.000)-(t:5.385-v:297.000)-(t:5.392-v:296.000)-(t:5.400-v:294.000)-(t:5.411-v:292.000)-(t:5.419-v:290.000)-(t:5.427-v:288.000)-(t:5.437-v:287.000)-(t:5.448-v:286.000)-(t:5.460-v:285.000)-(t:5.473-v:284.000)-(t:5.485-v:283.000)-(t:5.496-v:281.000)-(t:5.506-v:278.000)-(t:5.571-v:276.000)-(t:5.596-v:274.000)-(t:5.620-v:272.000)-(t:5.640-v:271.000)-(t:5.661-v:270.000)-(t:5.687-v:267.000)-(t:5.708-v:266.000)-(t:5.731-v:265.000)-(t:5.755-v:263.000)-(t:5.776-v:262.000)-(t:5.800-v:260.000)-(t:5.824-v:257.000)-(t:5.845-v:256.000)-(t:5.866-v:255.000)-(t:5.892-v:254.000)-(t:5.912-v:253.000)-(t:5.935-v:252.000)-(t:5.956-v:251.000)-(t:5.979-v:249.000)-(t:5.999-v:248.000)-(t:6.023-v:247.000)-(t:6.043-v:246.000)-(t:6.066-v:241.000)-(t:6.085-v:240.000)-(t:6.131-v:238.000)-(t:6.152-v:237.000)-(t:6.177-v:236.000)-(t:6.204-v:235.000)-(t:6.233-v:231.000)-(t:6.261-v:230.000)-(t:6.281-v:229.000)-(t:6.301-v:228.000)-(t:6.325-v:227.000)-(t:6.348-v:226.000)-(t:6.367-v:225.000)-(t:6.392-v:224.000)-(t:6.415-v:223.000)-(t:6.434-v:221.000)-(t:6.452-v:219.000)-(t:6.475-v:218.000)-(t:6.503-v:217.000)-(t:6.530-v:215.000)-(t:6.553-v:214.000)-(t:6.573-v:213.000)-(t:6.594-v:212.000)-(t:6.613-v:211.000)-(t:6.634-v:210.000)-(t:6.657-v:209.000)-(t:6.679-v:207.000)-(t:6.717-v:206.000)-(t:6.736-v:205.000)-(t:6.755-v:204.000)-(t:6.771-v:202.000)-(t:6.788-v:201.000)-(t:6.807-v:200.000)-(t:6.846-v:199.000)-(t:6.947-v:198.000)-(t:7.001-v:196.000)-(t:7.024-v:195.000)-(t:7.042-v:194.000)-(t:7.065-v:193.000)-(t:7.085-v:191.000)-(t:7.107-v:190.000)-(t:7.127-v:189.000)-(t:7.149-v:188.000)-(t:7.171-v:187.000)-(t:7.192-v:186.000)-(t:7.212-v:185.000)-(t:7.231-v:184.000)-(t:7.254-v:182.000)-(t:7.275-v:181.000)-(t:7.297-v:180.000)-(t:7.319-v:179.000)-(t:7.347-v:178.000)-(t:7.368-v:176.000)-(t:7.385-v:175.000)-(t:7.411-v:174.000)-(t:7.429-v:173.000)-(t:7.450-v:172.000)-(t:7.471-v:171.000)-(t:7.495-v:169.000)-(t:7.517-v:168.000)-(t:7.537-v:167.000)-(t:7.559-v:166.000)-(t:7.582-v:165.000)-(t:7.605-v:161.000)-(t:7.623-v:160.000)-(t:7.643-v:159.000)-(t:7.677-v:158.000)-(t:7.696-v:157.000)-(t:7.719-v:156.000)-(t:7.741-v:155.000)-(t:7.764-v:154.000)-(t:7.786-v:153.000)-(t:7.805-v:152.000)-(t:7.822-v:151.000)-(t:7.856-v:150.000)-(t:7.883-v:149.000)-(t:7.905-v:148.000)-(t:7.928-v:147.000)-(t:7.946-v:146.000)-(t:7.964-v:145.000)-(t:7.984-v:143.000)-(t:8.004-v:142.000)-(t:8.033-v:141.000)-(t:8.064-v:140.000)-(t:8.087-v:139.000)-(t:8.111-v:138.000)-(t:8.129-v:137.000)-(t:8.148-v:136.000)-(t:8.167-v:135.000)-(t:8.186-v:133.000)-(t:8.204-v:132.000)-(t:8.222-v:130.000)-(t:8.265-v:129.000)-(t:8.289-v:128.000)-(t:8.319-v:126.000)-(t:8.341-v:124.000)-(t:8.381-v:123.000)-(t:8.403-v:122.000)-(t:8.431-v:121.000)-(t:8.480-v:120.000)-(t:8.568-v:119.000)-(t:8.591-v:118.000)-(t:8.614-v:117.000)-(t:8.642-v:116.000)-(t:8.663-v:115.000)-(t:8.685-v:114.000)-(t:8.707-v:113.000)-(t:8.726-v:112.000)-(t:8.755-v:111.000)-(t:8.778-v:109.000)-(t:8.798-v:108.000)-(t:8.824-v:107.000)-(t:8.893-v:106.000)-(t:8.915-v:105.000)-(t:8.934-v:104.000)-(t:8.954-v:103.000)-(t:8.985-v:102.000)-(t:9.003-v:101.000)-(t:9.025-v:100.000)-(t:9.046-v:99.000)-(t:9.087-v:98.000)-(t:9.112-v:97.000)-(t:9.143-v:96.000)-(t:9.168-v:94.000)-(t:9.197-v:93.000)-(t:9.220-v:92.000)-(t:9.242-v:91.000)-(t:9.266-v:90.000)-(t:9.291-v:89.000)-(t:9.319-v:88.000)-(t:9.339-v:87.000)-(t:9.365-v:86.000)-(t:9.405-v:84.000)-(t:9.425-v:83.000)-(t:9.447-v:82.000)-(t:9.471-v:81.000)-(t:9.491-v:80.000)-(t:9.516-v:79.000)-(t:9.685-v:78.000)-(t:9.705-v:77.000)-(t:9.733-v:76.000)-(t:9.756-v:75.000)-(t:9.785-v:74.000)-(t:9.987-v:73.000)-(t:10.024-v:72.000)-(t:10.043-v:71.000)-(t:10.065-v:70.000)-(t:10.092-v:69.000)-(t:10.114-v:68.000)-(t:10.143-v:67.000)-(t:10.166-v:66.000)-(t:10.193-v:65.000)-(t:10.364-v:64.000)-(t:10.393-v:63.000)-(t:10.424-v:62.000)-(t:10.489-v:61.000)-(t:10.513-v:60.000)-(t:10.669-v:59.000)-(t:10.695-v:58.000)-(t:10.726-v:57.000)-(t:10.750-v:56.000)-(t:10.787-v:55.000)-(t:10.817-v:54.000)-(t:10.837-v:53.000)-(t:10.896-v:52.000)-(t:10.945-v:51.000)-(t:10.993-v:50.000)-(t:11.025-v:49.000)-(t:11.201-v:48.000)-(t:11.286-v:47.000)-(t:11.498-v:46.000)-(t:11.551-v:45.000)-(t:11.667-v:44.000)-(t:11.692-v:43.000)-(t:11.732-v:42.000)-(t:11.758-v:41.000)-(t:11.829-v:40.000)-(t:11.868-v:39.000)-(t:11.893-v:38.000)-(t:11.933-v:37.000)-(t:11.952-v:36.000)-(t:11.986-v:35.000)-(t:12.023-v:34.000)-(t:12.063-v:33.000)-(t:12.089-v:32.000)-(t:12.163-v:31.000)-(t:12.192-v:30.000)-(t:12.231-v:29.000)-(t:12.264-v:28.000)-(t:12.304-v:27.000)-(t:12.337-v:26.000)-(t:12.456-v:25.000)-(t:12.655-v:24.000)-(t:13.038-v:23.000)-(t:13.082-v:22.000)-(t:13.154-v:21.000)-(t:13.186-v:20.000)-(t:13.256-v:19.000)-(t:13.305-v:18.000)-(t:13.404-v:17.000)-(t:13.571-v:16.000)-(t:13.751-v:15.000)-(t:17.372-v:14.000)-(t:17.470-v:13.000)-(t:17.774-v:12.000)-(t:20.959-v:11.000)-(t:23.544-v:10.000)-(t:23.695-v:9.000)-(t:25.356-v:8.000)-(t:25.522-v:7.000)-(t:26.768-v:6.000)-(t:32.122-v:5.000)-(t:32.305-v:4.000)-(t:32.386-v:3.000)-(t:120.240-v:2.000)-(t:238.876-v:1.000)-(t:251.364-v:0.000)],251.364
examples/csp/csp_100/carseq_100_8_20_71.txt,dqn,r1,300,0.0,[(t:4.517-v:139.000)-(t:4.527-v:136.000)-(t:4.532-v:131.000)-(t:4.549-v:128.000)-(t:4.560-v:127.000)-(t:4.571-v:126.000)-(t:4.576-v:125.000)-(t:4.582-v:121.000)-(t:4.586-v:120.000)-(t:4.593-v:118.000)-(t:4.597-v:116.000)-(t:4.602-v:115.000)-(t:4.606-v:114.000)-(t:4.611-v:112.000)-(t:4.615-v:106.000)-(t:4.620-v:104.000)-(t:4.625-v:103.000)-(t:4.633-v:101.000)-(t:4.642-v:99.000)-(t:4.647-v:98.000)-(t:4.651-v:97.000)-(t:4.656-v:96.000)-(t:4.660-v:94.000)-(t:4.666-v:93.000)-(t:4.671-v:91.000)-(t:4.676-v:90.000)-(t:4.681-v:89.000)-(t:4.685-v:87.000)-(t:4.691-v:85.000)-(t:4.696-v:84.000)-(t:4.702-v:83.000)-(t:4.707-v:82.000)-(t:4.712-v:81.000)-(t:4.717-v:80.000)-(t:4.722-v:79.000)-(t:4.727-v:78.000)-(t:4.733-v:77.000)-(t:4.739-v:75.000)-(t:4.744-v:74.000)-(t:4.749-v:72.000)-(t:4.767-v:71.000)-(t:4.773-v:70.000)-(t:4.778-v:69.000)-(t:4.790-v:68.000)-(t:4.795-v:67.000)-(t:4.800-v:66.000)-(t:4.805-v:64.000)-(t:4.810-v:62.000)-(t:4.819-v:61.000)-(t:4.823-v:60.000)-(t:4.838-v:59.000)-(t:4.842-v:58.000)-(t:4.848-v:57.000)-(t:4.853-v:55.000)-(t:4.869-v:54.000)-(t:4.873-v:53.000)-(t:4.879-v:52.000)-(t:4.891-v:51.000)-(t:4.897-v:50.000)-(t:4.910-v:48.000)-(t:4.940-v:47.000)-(t:4.958-v:46.000)-(t:4.970-v:45.000)-(t:4.984-v:44.000)-(t:4.999-v:43.000)-(t:5.011-v:42.000)-(t:5.038-v:41.000)-(t:5.055-v:39.000)-(t:5.069-v:37.000)-(t:5.085-v:36.000)-(t:5.112-v:35.000)-(t:5.125-v:34.000)-(t:5.193-v:33.000)-(t:5.210-v:32.000)-(t:5.223-v:31.000)-(t:5.237-v:30.000)-(t:5.251-v:29.000)-(t:5.263-v:27.000)-(t:5.276-v:25.000)-(t:5.310-v:24.000)-(t:5.325-v:23.000)-(t:5.387-v:22.000)-(t:5.481-v:21.000)-(t:5.543-v:20.000)-(t:5.556-v:19.000)-(t:5.583-v:18.000)-(t:5.597-v:17.000)-(t:5.674-v:16.000)-(t:5.688-v:15.000)-(t:5.758-v:14.000)-(t:5.773-v:13.000)-(t:5.798-v:12.000)-(t:5.821-v:11.000)-(t:5.847-v:10.000)-(t:5.863-v:9.000)-(t:5.887-v:8.000)-(t:5.910-v:7.000)-(t:5.945-v:6.000)-(t:6.501-v:5.000)-(t:6.528-v:4.000)-(t:7.387-v:3.000)-(t:8.767-v:2.000)-(t:11.788-v:1.000)-(t:43.965-v:0.000)],43.965
examples/csp/csp_300/carseq_300_8_20_62.txt,dqn,r1,300,1.0,[(t:5.193-v:349.000)-(t:5.208-v:343.000)-(t:5.220-v:339.000)-(t:5.239-v:338.000)-(t:5.260-v:337.000)-(t:5.276-v:335.000)-(t:5.291-v:334.000)-(t:5.309-v:333.000)-(t:5.320-v:330.000)-(t:5.338-v:328.000)-(t:5.354-v:323.000)-(t:5.366-v:321.000)-(t:5.380-v:318.000)-(t:5.389-v:317.000)-(t:5.398-v:316.000)-(t:5.411-v:315.000)-(t:5.421-v:314.000)-(t:5.434-v:312.000)-(t:5.446-v:311.000)-(t:5.454-v:309.000)-(t:5.461-v:308.000)-(t:5.469-v:307.000)-(t:5.477-v:304.000)-(t:5.486-v:303.000)-(t:5.495-v:302.000)-(t:5.504-v:301.000)-(t:5.513-v:299.000)-(t:5.522-v:295.000)-(t:5.531-v:294.000)-(t:5.539-v:293.000)-(t:5.549-v:291.000)-(t:5.560-v:290.000)-(t:5.578-v:289.000)-(t:5.586-v:288.000)-(t:5.596-v:287.000)-(t:5.605-v:284.000)-(t:5.617-v:283.000)-(t:5.628-v:282.000)-(t:5.640-v:281.000)-(t:5.648-v:276.000)-(t:5.656-v:275.000)-(t:5.667-v:273.000)-(t:5.675-v:271.000)-(t:5.687-v:269.000)-(t:5.699-v:267.000)-(t:5.709-v:266.000)-(t:5.719-v:265.000)-(t:5.728-v:264.000)-(t:5.737-v:263.000)-(t:5.748-v:262.000)-(t:5.756-v:259.000)-(t:5.763-v:258.000)-(t:5.770-v:257.000)-(t:5.778-v:255.000)-(t:5.785-v:254.000)-(t:5.794-v:251.000)-(t:5.802-v:249.000)-(t:5.810-v:248.000)-(t:5.818-v:246.000)-(t:5.827-v:245.000)-(t:5.874-v:243.000)-(t:5.894-v:242.000)-(t:5.915-v:241.000)-(t:5.938-v:240.000)-(t:5.958-v:239.000)-(t:5.979-v:238.000)-(t:5.998-v:237.000)-(t:6.018-v:236.000)-(t:6.044-v:235.000)-(t:6.068-v:234.000)-(t:6.090-v:233.000)-(t:6.113-v:232.000)-(t:6.136-v:231.000)-(t:6.164-v:230.000)-(t:6.189-v:229.000)-(t:6.213-v:228.000)-(t:6.237-v:226.000)-(t:6.261-v:225.000)-(t:6.281-v:223.000)-(t:6.303-v:222.000)-(t:6.322-v:221.000)-(t:6.345-v:219.000)-(t:6.365-v:217.000)-(t:6.385-v:214.000)-(t:6.403-v:213.000)-(t:6.422-v:212.000)-(t:6.442-v:210.000)-(t:6.462-v:209.000)-(t:6.483-v:208.000)-(t:6.502-v:207.000)-(t:6.523-v:206.000)-(t:6.542-v:205.000)-(t:6.560-v:204.000)-(t:6.579-v:203.000)-(t:6.599-v:202.000)-(t:6.620-v:201.000)-(t:6.638-v:200.000)-(t:6.658-v:199.000)-(t:6.680-v:197.000)-(t:6.702-v:196.000)-(t:6.724-v:195.000)-(t:6.743-v:194.000)-(t:6.765-v:193.000)-(t:6.788-v:192.000)-(t:6.812-v:191.000)-(t:6.833-v:189.000)-(t:6.855-v:188.000)-(t:6.876-v:187.000)-(t:6.896-v:185.000)-(t:6.917-v:184.000)-(t:6.944-v:183.000)-(t:6.961-v:182.000)-(t:6.985-v:181.000)-(t:7.005-v:180.000)-(t:7.029-v:178.000)-(t:7.060-v:177.000)-(t:7.083-v:176.000)-(t:7.102-v:173.000)-(t:7.122-v:172.000)-(t:7.142-v:171.000)-(t:7.160-v:170.000)-(t:7.180-v:169.000)-(t:7.201-v:168.000)-(t:7.222-v:167.000)-(t:7.249-v:166.000)-(t:7.270-v:165.000)-(t:7.288-v:164.000)-(t:7.307-v:163.000)-(t:7.328-v:162.000)-(t:7.349-v:161.000)-(t:7.370-v:159.000)-(t:7.390-v:158.000)-(t:7.408-v:157.000)-(t:7.426-v:155.000)-(t:7.446-v:154.000)-(t:7.467-v:153.000)-(t:7.488-v:152.000)-(t:7.507-v:151.000)-(t:7.527-v:149.000)-(t:7.549-v:148.000)-(t:7.569-v:147.000)-(t:7.588-v:145.000)-(t:7.612-v:144.000)-(t:7.633-v:143.000)-(t:7.653-v:142.000)-(t:7.670-v:141.000)-(t:7.689-v:140.000)-(t:7.710-v:139.000)-(t:7.731-v:138.000)-(t:7.749-v:137.000)-(t:7.767-v:136.000)-(t:7.785-v:135.000)-(t:7.803-v:134.000)-(t:7.842-v:133.000)-(t:7.867-v:132.000)-(t:7.889-v:131.000)-(t:7.909-v:130.000)-(t:7.930-v:129.000)-(t:7.948-v:128.000)-(t:7.969-v:127.000)-(t:7.989-v:126.000)-(t:8.006-v:125.000)-(t:8.024-v:124.000)-(t:8.043-v:123.000)-(t:8.065-v:122.000)-(t:8.090-v:121.000)-(t:8.112-v:120.000)-(t:8.137-v:119.000)-(t:8.163-v:118.000)-(t:8.184-v:116.000)-(t:8.210-v:115.000)-(t:8.234-v:114.000)-(t:8.257-v:113.000)-(t:8.277-v:112.000)-(t:8.314-v:111.000)-(t:8.335-v:110.000)-(t:8.354-v:109.000)-(t:8.375-v:108.000)-(t:8.398-v:106.000)-(t:8.419-v:105.000)-(t:8.444-v:104.000)-(t:8.466-v:103.000)-(t:8.487-v:102.000)-(t:8.548-v:101.000)-(t:8.574-v:100.000)-(t:8.621-v:99.000)-(t:8.644-v:98.000)-(t:8.665-v:97.000)-(t:8.687-v:96.000)-(t:8.710-v:94.000)-(t:8.733-v:92.000)-(t:8.755-v:91.000)-(t:8.776-v:90.000)-(t:8.800-v:89.000)-(t:8.829-v:88.000)-(t:8.853-v:87.000)-(t:8.877-v:85.000)-(t:8.900-v:84.000)-(t:8.922-v:83.000)-(t:8.945-v:82.000)-(t:8.968-v:81.000)-(t:8.989-v:80.000)-(t:9.011-v:79.000)-(t:9.043-v:78.000)-(t:9.073-v:76.000)-(t:9.093-v:75.000)-(t:9.135-v:74.000)-(t:9.170-v:73.000)-(t:9.201-v:71.000)-(t:9.306-v:70.000)-(t:9.350-v:69.000)-(t:9.373-v:67.000)-(t:9.397-v:66.000)-(t:9.418-v:65.000)-(t:9.439-v:64.000)-(t:9.465-v:63.000)-(t:9.491-v:62.000)-(t:9.539-v:61.000)-(t:9.563-v:60.000)-(t:9.666-v:59.000)-(t:9.692-v:58.000)-(t:9.715-v:57.000)-(t:9.737-v:56.000)-(t:9.765-v:55.000)-(t:9.872-v:54.000)-(t:9.895-v:53.000)-(t:9.915-v:52.000)-(t:9.934-v:51.000)-(t:9.957-v:50.000)-(t:9.981-v:49.000)-(t:10.000-v:48.000)-(t:10.020-v:47.000)-(t:10.037-v:46.000)-(t:10.064-v:45.000)-(t:10.154-v:44.000)-(t:10.175-v:43.000)-(t:10.246-v:42.000)-(t:10.285-v:40.000)-(t:10.312-v:39.000)-(t:10.339-v:38.000)-(t:10.489-v:37.000)-(t:10.529-v:36.000)-(t:10.552-v:35.000)-(t:10.579-v:34.000)-(t:10.619-v:33.000)-(t:10.687-v:32.000)-(t:10.717-v:31.000)-(t:10.746-v:30.000)-(t:10.773-v:29.000)-(t:10.803-v:28.000)-(t:10.833-v:27.000)-(t:10.940-v:26.000)-(t:10.968-v:25.000)-(t:11.091-v:24.000)-(t:11.120-v:23.000)-(t:11.565-v:22.000)-(t:11.607-v:21.000)-(t:11.644-v:20.000)-(t:11.738-v:19.000)-(t:11.790-v:18.000)-(t:11.831-v:17.000)-(t:11.867-v:16.000)-(t:11.911-v:15.000)-(t:11.963-v:14.000)-(t:12.017-v:13.000)-(t:12.260-v:12.000)-(t:12.346-v:11.000)-(t:12.435-v:10.000)-(t:12.496-v:9.000)-(t:12.558-v:8.000)-(t:12.649-v:7.000)-(t:14.303-v:6.000)-(t:14.340-v:5.000)-(t:14.392-v:4.000)-(t:14.518-v:3.000)-(t:14.705-v:2.000)-(t:14.864-v:1.000)],300.0
examples/csp/csp_100/carseq_100_8_20_90.txt,dqn,r1,300,0.0,[(t:5.109-v:127.000)-(t:5.126-v:126.000)-(t:5.136-v:123.000)-(t:5.141-v:122.000)-(t:5.154-v:118.000)-(t:5.165-v:111.000)-(t:5.171-v:110.000)-(t:5.179-v:108.000)-(t:5.187-v:104.000)-(t:5.194-v:103.000)-(t:5.198-v:101.000)-(t:5.202-v:97.000)-(t:5.209-v:96.000)-(t:5.216-v:95.000)-(t:5.223-v:94.000)-(t:5.230-v:91.000)-(t:5.234-v:88.000)-(t:5.243-v:87.000)-(t:5.250-v:86.000)-(t:5.257-v:85.000)-(t:5.266-v:84.000)-(t:5.273-v:83.000)-(t:5.278-v:82.000)-(t:5.283-v:80.000)-(t:5.287-v:78.000)-(t:5.292-v:76.000)-(t:5.297-v:75.000)-(t:5.304-v:74.000)-(t:5.308-v:73.000)-(t:5.314-v:71.000)-(t:5.321-v:69.000)-(t:5.329-v:68.000)-(t:5.336-v:67.000)-(t:5.340-v:66.000)-(t:5.346-v:64.000)-(t:5.351-v:63.000)-(t:5.356-v:62.000)-(t:5.362-v:61.000)-(t:5.369-v:60.000)-(t:5.375-v:58.000)-(t:5.380-v:57.000)-(t:5.386-v:56.000)-(t:5.402-v:54.000)-(t:5.411-v:53.000)-(t:5.422-v:52.000)-(t:5.428-v:51.000)-(t:5.435-v:50.000)-(t:5.441-v:49.000)-(t:5.449-v:47.000)-(t:5.455-v:46.000)-(t:5.463-v:45.000)-(t:5.469-v:44.000)-(t:5.476-v:43.000)-(t:5.482-v:42.000)-(t:5.488-v:41.000)-(t:5.496-v:40.000)-(t:5.502-v:39.000)-(t:5.509-v:38.000)-(t:5.515-v:37.000)-(t:5.522-v:36.000)-(t:5.559-v:34.000)-(t:5.573-v:33.000)-(t:5.585-v:32.000)-(t:5.598-v:31.000)-(t:5.611-v:30.000)-(t:5.639-v:29.000)-(t:5.650-v:28.000)-(t:5.685-v:27.000)-(t:5.699-v:26.000)-(t:5.711-v:25.000)-(t:5.727-v:24.000)-(t:5.744-v:23.000)-(t:5.775-v:22.000)-(t:5.810-v:21.000)-(t:5.828-v:20.000)-(t:5.843-v:19.000)-(t:5.861-v:18.000)-(t:5.877-v:17.000)-(t:5.931-v:16.000)-(t:5.947-v:15.000)-(t:5.997-v:14.000)-(t:6.015-v:13.000)-(t:6.038-v:12.000)-(t:6.073-v:11.000)-(t:6.119-v:10.000)-(t:6.137-v:9.000)-(t:6.153-v:8.000)-(t:6.245-v:7.000)-(t:6.260-v:6.000)-(t:6.278-v:5.000)-(t:6.972-v:4.000)-(t:6.989-v:3.000)-(t:7.012-v:2.000)-(t:7.044-v:1.000)-(t:8.987-v:0.000)],8.987
examples/csp/csp_100/carseq_100_8_20_88.txt,dqn,r1,300,0.0,[(t:5.064-v:148.000)-(t:5.077-v:144.000)-(t:5.087-v:143.000)-(t:5.106-v:141.000)-(t:5.118-v:140.000)-(t:5.129-v:138.000)-(t:5.134-v:137.000)-(t:5.142-v:134.000)-(t:5.147-v:132.000)-(t:5.157-v:131.000)-(t:5.163-v:130.000)-(t:5.169-v:129.000)-(t:5.176-v:126.000)-(t:5.181-v:125.000)-(t:5.187-v:124.000)-(t:5.192-v:123.000)-(t:5.197-v:119.000)-(t:5.205-v:114.000)-(t:5.210-v:112.000)-(t:5.216-v:111.000)-(t:5.222-v:110.000)-(t:5.227-v:109.000)-(t:5.234-v:108.000)-(t:5.241-v:105.000)-(t:5.247-v:104.000)-(t:5.251-v:103.000)-(t:5.259-v:101.000)-(t:5.266-v:100.000)-(t:5.272-v:99.000)-(t:5.278-v:98.000)-(t:5.285-v:97.000)-(t:5.290-v:95.000)-(t:5.297-v:94.000)-(t:5.300-v:90.000)-(t:5.304-v:88.000)-(t:5.308-v:86.000)-(t:5.312-v:85.000)-(t:5.317-v:84.000)-(t:5.322-v:83.000)-(t:5.326-v:82.000)-(t:5.335-v:81.000)-(t:5.341-v:80.000)-(t:5.348-v:77.000)-(t:5.356-v:75.000)-(t:5.363-v:74.000)-(t:5.370-v:73.000)-(t:5.376-v:72.000)-(t:5.382-v:71.000)-(t:5.387-v:70.000)-(t:5.393-v:69.000)-(t:5.396-v:68.000)-(t:5.400-v:67.000)-(t:5.405-v:66.000)-(t:5.411-v:65.000)-(t:5.419-v:64.000)-(t:5.424-v:63.000)-(t:5.428-v:62.000)-(t:5.434-v:59.000)-(t:5.441-v:58.000)-(t:5.454-v:56.000)-(t:5.488-v:55.000)-(t:5.506-v:54.000)-(t:5.520-v:53.000)-(t:5.536-v:52.000)-(t:5.563-v:50.000)-(t:5.578-v:49.000)-(t:5.589-v:47.000)-(t:5.621-v:46.000)-(t:5.648-v:45.000)-(t:5.661-v:44.000)-(t:5.676-v:43.000)-(t:5.690-v:42.000)-(t:5.706-v:41.000)-(t:5.721-v:40.000)-(t:5.736-v:39.000)-(t:5.756-v:38.000)-(t:5.770-v:37.000)-(t:5.785-v:36.000)-(t:5.799-v:35.000)-(t:5.815-v:34.000)-(t:5.828-v:33.000)-(t:5.842-v:32.000)-(t:5.863-v:30.000)-(t:5.873-v:29.000)-(t:5.885-v:28.000)-(t:5.896-v:27.000)-(t:5.914-v:26.000)-(t:5.936-v:25.000)-(t:5.955-v:24.000)-(t:6.010-v:23.000)-(t:6.026-v:22.000)-(t:6.042-v:21.000)-(t:6.065-v:20.000)-(t:6.127-v:19.000)-(t:6.202-v:18.000)-(t:6.276-v:17.000)-(t:6.291-v:16.000)-(t:6.332-v:15.000)-(t:6.356-v:14.000)-(t:6.374-v:13.000)-(t:6.395-v:12.000)-(t:6.409-v:11.000)-(t:6.430-v:10.000)-(t:6.468-v:9.000)-(t:6.488-v:8.000)-(t:6.511-v:7.000)-(t:7.399-v:6.000)-(t:7.428-v:5.000)-(t:7.456-v:4.000)-(t:7.487-v:3.000)-(t:7.591-v:2.000)-(t:16.682-v:1.000)-(t:18.343-v:0.000)],18.343
examples/csp/csp_100/carseq_100_8_20_94.txt,dqn,r1,300,0.0,[(t:4.099-v:122.000)-(t:4.107-v:121.000)-(t:4.114-v:118.000)-(t:4.129-v:117.000)-(t:4.140-v:115.000)-(t:4.150-v:114.000)-(t:4.155-v:112.000)-(t:4.161-v:106.000)-(t:4.167-v:105.000)-(t:4.174-v:104.000)-(t:4.180-v:102.000)-(t:4.185-v:99.000)-(t:4.191-v:96.000)-(t:4.196-v:95.000)-(t:4.202-v:93.000)-(t:4.208-v:92.000)-(t:4.213-v:91.000)-(t:4.221-v:90.000)-(t:4.233-v:89.000)-(t:4.240-v:85.000)-(t:4.245-v:84.000)-(t:4.251-v:83.000)-(t:4.259-v:82.000)-(t:4.263-v:81.000)-(t:4.270-v:80.000)-(t:4.277-v:77.000)-(t:4.284-v:76.000)-(t:4.293-v:75.000)-(t:4.300-v:74.000)-(t:4.304-v:73.000)-(t:4.316-v:71.000)-(t:4.323-v:70.000)-(t:4.363-v:69.000)-(t:4.374-v:68.000)-(t:4.393-v:67.000)-(t:4.400-v:66.000)-(t:4.410-v:63.000)-(t:4.419-v:62.000)-(t:4.425-v:61.000)-(t:4.431-v:60.000)-(t:4.489-v:59.000)-(t:4.498-v:58.000)-(t:4.506-v:57.000)-(t:4.525-v:56.000)-(t:4.529-v:55.000)-(t:4.535-v:54.000)-(t:4.540-v:52.000)-(t:4.546-v:50.000)-(t:4.552-v:48.000)-(t:4.557-v:47.000)-(t:4.564-v:46.000)-(t:4.571-v:45.000)-(t:4.575-v:43.000)-(t:4.580-v:41.000)-(t:4.586-v:39.000)-(t:4.591-v:38.000)-(t:4.596-v:37.000)-(t:4.600-v:36.000)-(t:4.605-v:35.000)-(t:4.610-v:34.000)-(t:4.641-v:33.000)-(t:4.652-v:32.000)-(t:4.662-v:31.000)-(t:4.687-v:29.000)-(t:4.698-v:27.000)-(t:4.735-v:26.000)-(t:4.750-v:25.000)-(t:4.764-v:24.000)-(t:4.776-v:23.000)-(t:4.788-v:22.000)-(t:4.801-v:21.000)-(t:4.814-v:20.000)-(t:4.847-v:19.000)-(t:4.869-v:18.000)-(t:4.931-v:17.000)-(t:4.951-v:16.000)-(t:4.989-v:15.000)-(t:5.002-v:14.000)-(t:5.026-v:13.000)-(t:5.039-v:12.000)-(t:5.101-v:11.000)-(t:5.137-v:10.000)-(t:5.185-v:9.000)-(t:5.204-v:8.000)-(t:5.217-v:7.000)-(t:5.234-v:6.000)-(t:5.254-v:5.000)-(t:5.288-v:4.000)-(t:5.303-v:3.000)-(t:5.323-v:2.000)-(t:6.552-v:1.000)-(t:8.878-v:0.000)],8.878
examples/csp/csp_100/carseq_100_8_20_82.txt,dqn,r1,300,0.0,[(t:4.852-v:144.000)-(t:4.865-v:142.000)-(t:4.875-v:140.000)-(t:4.892-v:139.000)-(t:4.904-v:138.000)-(t:4.915-v:134.000)-(t:4.919-v:133.000)-(t:4.930-v:132.000)-(t:4.935-v:131.000)-(t:4.943-v:128.000)-(t:4.949-v:127.000)-(t:4.953-v:126.000)-(t:4.957-v:124.000)-(t:4.960-v:121.000)-(t:4.965-v:120.000)-(t:4.972-v:117.000)-(t:4.977-v:116.000)-(t:4.987-v:112.000)-(t:4.995-v:111.000)-(t:5.001-v:110.000)-(t:5.007-v:109.000)-(t:5.014-v:108.000)-(t:5.019-v:106.000)-(t:5.024-v:105.000)-(t:5.028-v:104.000)-(t:5.038-v:103.000)-(t:5.044-v:97.000)-(t:5.051-v:96.000)-(t:5.057-v:93.000)-(t:5.062-v:92.000)-(t:5.068-v:91.000)-(t:5.073-v:90.000)-(t:5.080-v:88.000)-(t:5.085-v:87.000)-(t:5.093-v:86.000)-(t:5.099-v:85.000)-(t:5.103-v:84.000)-(t:5.107-v:81.000)-(t:5.121-v:80.000)-(t:5.129-v:79.000)-(t:5.135-v:78.000)-(t:5.141-v:76.000)-(t:5.146-v:73.000)-(t:5.152-v:71.000)-(t:5.158-v:70.000)-(t:5.162-v:68.000)-(t:5.166-v:67.000)-(t:5.171-v:65.000)-(t:5.181-v:62.000)-(t:5.185-v:61.000)-(t:5.207-v:59.000)-(t:5.222-v:58.000)-(t:5.234-v:56.000)-(t:5.243-v:55.000)-(t:5.260-v:53.000)-(t:5.269-v:51.000)-(t:5.282-v:50.000)-(t:5.286-v:49.000)-(t:5.302-v:47.000)-(t:5.308-v:46.000)-(t:5.341-v:45.000)-(t:5.358-v:44.000)-(t:5.372-v:43.000)-(t:5.385-v:42.000)-(t:5.405-v:41.000)-(t:5.421-v:40.000)-(t:5.448-v:39.000)-(t:5.460-v:38.000)-(t:5.473-v:37.000)-(t:5.536-v:36.000)-(t:5.565-v:35.000)-(t:5.578-v:33.000)-(t:5.617-v:32.000)-(t:5.635-v:31.000)-(t:5.651-v:30.000)-(t:5.670-v:28.000)-(t:5.687-v:26.000)-(t:5.703-v:25.000)-(t:5.753-v:24.000)-(t:5.775-v:23.000)-(t:5.835-v:22.000)-(t:5.866-v:21.000)-(t:5.939-v:20.000)-(t:5.997-v:19.000)-(t:6.014-v:18.000)-(t:6.028-v:17.000)-(t:6.079-v:16.000)-(t:6.104-v:15.000)-(t:6.129-v:14.000)-(t:6.172-v:13.000)-(t:6.236-v:12.000)-(t:6.270-v:11.000)-(t:6.291-v:10.000)-(t:6.320-v:9.000)-(t:6.391-v:8.000)-(t:9.648-v:7.000)-(t:9.661-v:6.000)-(t:14.232-v:5.000)-(t:15.483-v:4.000)-(t:15.523-v:3.000)-(t:16.210-v:2.000)-(t:17.824-v:1.000)-(t:53.071-v:0.000)],53.071
examples/csp/csp_300/pb_300_06.txt,dqn,r1,300,6.0,[(t:4.665-v:388.000)-(t:4.687-v:386.000)-(t:4.703-v:385.000)-(t:4.711-v:384.000)-(t:4.728-v:383.000)-(t:4.747-v:381.000)-(t:4.760-v:380.000)-(t:4.775-v:378.000)-(t:4.793-v:376.000)-(t:4.805-v:375.000)-(t:4.816-v:373.000)-(t:4.825-v:370.000)-(t:4.834-v:367.000)-(t:4.842-v:366.000)-(t:4.850-v:363.000)-(t:4.864-v:362.000)-(t:4.874-v:359.000)-(t:4.885-v:356.000)-(t:4.896-v:355.000)-(t:4.906-v:351.000)-(t:4.915-v:350.000)-(t:4.922-v:349.000)-(t:4.930-v:346.000)-(t:4.937-v:345.000)-(t:4.946-v:344.000)-(t:4.956-v:343.000)-(t:4.963-v:340.000)-(t:4.978-v:339.000)-(t:4.990-v:338.000)-(t:4.999-v:336.000)-(t:5.005-v:335.000)-(t:5.016-v:333.000)-(t:5.028-v:332.000)-(t:5.035-v:331.000)-(t:5.044-v:330.000)-(t:5.052-v:327.000)-(t:5.063-v:326.000)-(t:5.073-v:325.000)-(t:5.081-v:322.000)-(t:5.088-v:321.000)-(t:5.094-v:320.000)-(t:5.102-v:319.000)-(t:5.110-v:317.000)-(t:5.120-v:316.000)-(t:5.128-v:315.000)-(t:5.134-v:314.000)-(t:5.142-v:313.000)-(t:5.151-v:312.000)-(t:5.157-v:311.000)-(t:5.165-v:307.000)-(t:5.172-v:303.000)-(t:5.182-v:302.000)-(t:5.191-v:299.000)-(t:5.201-v:296.000)-(t:5.211-v:295.000)-(t:5.224-v:292.000)-(t:5.235-v:291.000)-(t:5.246-v:290.000)-(t:5.258-v:289.000)-(t:5.268-v:288.000)-(t:5.319-v:287.000)-(t:5.338-v:282.000)-(t:5.370-v:281.000)-(t:5.394-v:279.000)-(t:5.422-v:278.000)-(t:5.441-v:276.000)-(t:5.463-v:272.000)-(t:5.488-v:271.000)-(t:5.509-v:270.000)-(t:5.533-v:269.000)-(t:5.559-v:268.000)-(t:5.584-v:267.000)-(t:5.605-v:264.000)-(t:5.622-v:263.000)-(t:5.644-v:262.000)-(t:5.665-v:261.000)-(t:5.690-v:260.000)-(t:5.708-v:259.000)-(t:5.725-v:257.000)-(t:5.749-v:256.000)-(t:5.768-v:255.000)-(t:5.789-v:252.000)-(t:5.808-v:251.000)-(t:5.835-v:250.000)-(t:5.859-v:249.000)-(t:5.879-v:248.000)-(t:5.904-v:247.000)-(t:5.924-v:246.000)-(t:5.943-v:245.000)-(t:5.964-v:244.000)-(t:5.985-v:243.000)-(t:6.005-v:241.000)-(t:6.028-v:238.000)-(t:6.051-v:237.000)-(t:6.070-v:236.000)-(t:6.105-v:235.000)-(t:6.129-v:234.000)-(t:6.150-v:233.000)-(t:6.173-v:231.000)-(t:6.195-v:230.000)-(t:6.217-v:229.000)-(t:6.247-v:228.000)-(t:6.266-v:227.000)-(t:6.288-v:225.000)-(t:6.313-v:220.000)-(t:6.330-v:219.000)-(t:6.350-v:218.000)-(t:6.370-v:213.000)-(t:6.389-v:212.000)-(t:6.410-v:210.000)-(t:6.433-v:209.000)-(t:6.451-v:207.000)-(t:6.472-v:206.000)-(t:6.493-v:204.000)-(t:6.511-v:203.000)-(t:6.564-v:202.000)-(t:6.601-v:201.000)-(t:6.620-v:200.000)-(t:6.640-v:198.000)-(t:6.661-v:197.000)-(t:6.680-v:195.000)-(t:6.702-v:194.000)-(t:6.723-v:193.000)-(t:6.743-v:192.000)-(t:6.764-v:191.000)-(t:6.787-v:190.000)-(t:6.809-v:189.000)-(t:6.832-v:187.000)-(t:6.854-v:186.000)-(t:6.874-v:185.000)-(t:6.896-v:183.000)-(t:6.917-v:182.000)-(t:6.938-v:181.000)-(t:6.961-v:180.000)-(t:6.982-v:179.000)-(t:7.005-v:178.000)-(t:7.025-v:177.000)-(t:7.045-v:176.000)-(t:7.070-v:174.000)-(t:7.091-v:172.000)-(t:7.113-v:171.000)-(t:7.132-v:168.000)-(t:7.156-v:167.000)-(t:7.175-v:166.000)-(t:7.196-v:165.000)-(t:7.214-v:163.000)-(t:7.231-v:162.000)-(t:7.249-v:161.000)-(t:7.269-v:160.000)-(t:7.290-v:158.000)-(t:7.311-v:157.000)-(t:7.340-v:156.000)-(t:7.359-v:153.000)-(t:7.381-v:152.000)-(t:7.406-v:151.000)-(t:7.423-v:149.000)-(t:7.440-v:148.000)-(t:7.458-v:147.000)-(t:7.477-v:146.000)-(t:7.516-v:145.000)-(t:7.537-v:144.000)-(t:7.558-v:143.000)-(t:7.580-v:142.000)-(t:7.600-v:141.000)-(t:7.620-v:140.000)-(t:7.642-v:139.000)-(t:7.667-v:137.000)-(t:7.686-v:136.000)-(t:7.706-v:135.000)-(t:7.728-v:134.000)-(t:7.750-v:132.000)-(t:7.773-v:131.000)-(t:7.794-v:130.000)-(t:7.816-v:129.000)-(t:7.836-v:128.000)-(t:7.896-v:127.000)-(t:7.916-v:125.000)-(t:7.939-v:124.000)-(t:7.961-v:123.000)-(t:7.981-v:122.000)-(t:8.002-v:121.000)-(t:8.024-v:120.000)-(t:8.045-v:119.000)-(t:8.063-v:118.000)-(t:8.094-v:117.000)-(t:8.115-v:116.000)-(t:8.149-v:115.000)-(t:8.176-v:114.000)-(t:8.201-v:113.000)-(t:8.236-v:112.000)-(t:8.264-v:110.000)-(t:8.288-v:109.000)-(t:8.329-v:108.000)-(t:8.350-v:107.000)-(t:8.378-v:106.000)-(t:8.430-v:105.000)-(t:8.453-v:104.000)-(t:8.491-v:103.000)-(t:8.514-v:102.000)-(t:8.540-v:101.000)-(t:8.565-v:99.000)-(t:8.590-v:98.000)-(t:8.617-v:97.000)-(t:8.645-v:96.000)-(t:8.748-v:95.000)-(t:8.774-v:94.000)-(t:8.802-v:93.000)-(t:8.830-v:92.000)-(t:8.859-v:91.000)-(t:8.908-v:90.000)-(t:8.931-v:89.000)-(t:8.998-v:88.000)-(t:9.023-v:87.000)-(t:9.052-v:86.000)-(t:9.081-v:85.000)-(t:9.107-v:84.000)-(t:9.131-v:82.000)-(t:9.204-v:81.000)-(t:9.297-v:80.000)-(t:9.326-v:79.000)-(t:9.355-v:78.000)-(t:9.392-v:77.000)-(t:9.428-v:76.000)-(t:9.461-v:75.000)-(t:9.537-v:74.000)-(t:9.569-v:73.000)-(t:9.594-v:72.000)-(t:9.661-v:71.000)-(t:9.749-v:70.000)-(t:9.775-v:69.000)-(t:9.804-v:68.000)-(t:9.878-v:66.000)-(t:9.902-v:65.000)-(t:9.938-v:64.000)-(t:10.002-v:63.000)-(t:10.120-v:62.000)-(t:10.153-v:61.000)-(t:10.196-v:60.000)-(t:10.340-v:59.000)-(t:10.396-v:58.000)-(t:10.423-v:57.000)-(t:10.796-v:56.000)-(t:10.821-v:55.000)-(t:10.846-v:54.000)-(t:10.876-v:53.000)-(t:11.205-v:52.000)-(t:11.735-v:51.000)-(t:11.770-v:50.000)-(t:11.817-v:49.000)-(t:11.851-v:48.000)-(t:11.889-v:47.000)-(t:11.931-v:46.000)-(t:11.987-v:45.000)-(t:12.015-v:44.000)-(t:12.051-v:43.000)-(t:12.137-v:42.000)-(t:12.189-v:41.000)-(t:12.216-v:40.000)-(t:12.242-v:39.000)-(t:12.274-v:38.000)-(t:12.320-v:37.000)-(t:12.390-v:36.000)-(t:12.434-v:35.000)-(t:12.523-v:34.000)-(t:12.563-v:33.000)-(t:12.649-v:32.000)-(t:12.745-v:31.000)-(t:12.769-v:30.000)-(t:12.865-v:29.000)-(t:12.907-v:28.000)-(t:12.946-v:27.000)-(t:13.028-v:26.000)-(t:13.110-v:25.000)-(t:13.262-v:24.000)-(t:13.317-v:23.000)-(t:13.454-v:22.000)-(t:13.576-v:21.000)-(t:15.508-v:20.000)-(t:16.030-v:19.000)-(t:16.161-v:18.000)-(t:16.376-v:17.000)-(t:16.444-v:16.000)-(t:17.062-v:15.000)-(t:17.216-v:14.000)-(t:32.235-v:13.000)-(t:42.539-v:12.000)-(t:42.657-v:11.000)-(t:42.692-v:10.000)-(t:46.695-v:9.000)-(t:55.824-v:8.000)-(t:55.944-v:7.000)-(t:88.522-v:6.000)],300.0
examples/csp/csp_200/pb_200_07.txt,dqn,r1,300,0.0,[(t:4.430-v:270.000)-(t:4.441-v:268.000)-(t:4.461-v:261.000)-(t:4.483-v:260.000)-(t:4.499-v:259.000)-(t:4.512-v:256.000)-(t:4.523-v:255.000)-(t:4.537-v:253.000)-(t:4.549-v:252.000)-(t:4.559-v:251.000)-(t:4.566-v:248.000)-(t:4.573-v:244.000)-(t:4.579-v:240.000)-(t:4.587-v:235.000)-(t:4.602-v:234.000)-(t:4.612-v:230.000)-(t:4.624-v:228.000)-(t:4.640-v:227.000)-(t:4.650-v:225.000)-(t:4.660-v:222.000)-(t:4.670-v:221.000)-(t:4.677-v:220.000)-(t:4.686-v:219.000)-(t:4.699-v:217.000)-(t:4.706-v:216.000)-(t:4.716-v:213.000)-(t:4.723-v:211.000)-(t:4.739-v:210.000)-(t:4.747-v:208.000)-(t:4.754-v:207.000)-(t:4.761-v:205.000)-(t:4.769-v:203.000)-(t:4.778-v:202.000)-(t:4.785-v:200.000)-(t:4.790-v:199.000)-(t:4.797-v:198.000)-(t:4.806-v:197.000)-(t:4.814-v:195.000)-(t:4.821-v:194.000)-(t:4.826-v:193.000)-(t:4.835-v:192.000)-(t:4.842-v:190.000)-(t:4.851-v:189.000)-(t:4.863-v:188.000)-(t:4.874-v:187.000)-(t:4.882-v:185.000)-(t:4.890-v:183.000)-(t:4.897-v:182.000)-(t:4.904-v:181.000)-(t:4.914-v:179.000)-(t:4.921-v:177.000)-(t:4.929-v:176.000)-(t:4.937-v:175.000)-(t:4.945-v:174.000)-(t:4.952-v:173.000)-(t:4.960-v:172.000)-(t:4.965-v:170.000)-(t:4.973-v:169.000)-(t:4.981-v:168.000)-(t:4.986-v:167.000)-(t:5.022-v:166.000)-(t:5.046-v:165.000)-(t:5.060-v:164.000)-(t:5.076-v:163.000)-(t:5.093-v:162.000)-(t:5.107-v:158.000)-(t:5.118-v:157.000)-(t:5.134-v:156.000)-(t:5.147-v:155.000)-(t:5.166-v:153.000)-(t:5.180-v:152.000)-(t:5.195-v:151.000)-(t:5.209-v:150.000)-(t:5.227-v:148.000)-(t:5.241-v:147.000)-(t:5.257-v:146.000)-(t:5.271-v:145.000)-(t:5.286-v:143.000)-(t:5.300-v:142.000)-(t:5.314-v:139.000)-(t:5.338-v:138.000)-(t:5.356-v:137.000)-(t:5.370-v:135.000)-(t:5.384-v:134.000)-(t:5.399-v:133.000)-(t:5.416-v:131.000)-(t:5.432-v:130.000)-(t:5.444-v:129.000)-(t:5.456-v:128.000)-(t:5.468-v:126.000)-(t:5.484-v:124.000)-(t:5.500-v:122.000)-(t:5.516-v:120.000)-(t:5.541-v:119.000)-(t:5.560-v:118.000)-(t:5.573-v:117.000)-(t:5.589-v:116.000)-(t:5.606-v:115.000)-(t:5.624-v:112.000)-(t:5.639-v:111.000)-(t:5.652-v:110.000)-(t:5.667-v:109.000)-(t:5.681-v:108.000)-(t:5.724-v:107.000)-(t:5.740-v:106.000)-(t:5.760-v:105.000)-(t:5.775-v:104.000)-(t:5.790-v:103.000)-(t:5.807-v:102.000)-(t:5.829-v:100.000)-(t:5.844-v:99.000)-(t:5.860-v:98.000)-(t:5.875-v:97.000)-(t:5.888-v:96.000)-(t:5.901-v:95.000)-(t:5.922-v:94.000)-(t:5.938-v:93.000)-(t:5.955-v:91.000)-(t:5.975-v:90.000)-(t:5.991-v:88.000)-(t:6.009-v:87.000)-(t:6.025-v:86.000)-(t:6.041-v:84.000)-(t:6.059-v:83.000)-(t:6.094-v:82.000)-(t:6.110-v:81.000)-(t:6.126-v:80.000)-(t:6.150-v:79.000)-(t:6.168-v:78.000)-(t:6.188-v:77.000)-(t:6.206-v:75.000)-(t:6.223-v:74.000)-(t:6.245-v:73.000)-(t:6.262-v:72.000)-(t:6.281-v:70.000)-(t:6.296-v:69.000)-(t:6.352-v:68.000)-(t:6.370-v:67.000)-(t:6.393-v:66.000)-(t:6.414-v:65.000)-(t:6.433-v:64.000)-(t:6.449-v:63.000)-(t:6.470-v:62.000)-(t:6.485-v:61.000)-(t:6.503-v:60.000)-(t:6.527-v:59.000)-(t:6.545-v:58.000)-(t:6.559-v:56.000)-(t:6.579-v:54.000)-(t:6.593-v:51.000)-(t:6.609-v:50.000)-(t:6.623-v:49.000)-(t:6.639-v:48.000)-(t:6.668-v:47.000)-(t:6.686-v:45.000)-(t:6.725-v:44.000)-(t:6.745-v:43.000)-(t:6.762-v:42.000)-(t:6.778-v:41.000)-(t:6.814-v:40.000)-(t:6.847-v:39.000)-(t:6.871-v:38.000)-(t:6.923-v:37.000)-(t:6.939-v:36.000)-(t:6.954-v:35.000)-(t:7.076-v:34.000)-(t:7.105-v:33.000)-(t:7.187-v:32.000)-(t:7.202-v:31.000)-(t:7.218-v:30.000)-(t:7.240-v:29.000)-(t:7.259-v:28.000)-(t:7.279-v:27.000)-(t:7.337-v:26.000)-(t:7.355-v:25.000)-(t:7.480-v:24.000)-(t:7.501-v:23.000)-(t:7.527-v:22.000)-(t:7.558-v:21.000)-(t:7.591-v:20.000)-(t:7.621-v:19.000)-(t:7.720-v:18.000)-(t:7.768-v:17.000)-(t:7.822-v:16.000)-(t:8.047-v:15.000)-(t:8.143-v:14.000)-(t:8.249-v:13.000)-(t:8.283-v:12.000)-(t:8.327-v:11.000)-(t:9.428-v:10.000)-(t:9.464-v:9.000)-(t:9.900-v:8.000)-(t:9.985-v:7.000)-(t:10.022-v:6.000)-(t:10.150-v:5.000)-(t:10.260-v:4.000)-(t:10.655-v:3.000)-(t:11.597-v:2.000)-(t:17.732-v:1.000)-(t:26.399-v:0.000)],26.399
examples/csp/csp_300/pb_300_07.txt,dqn,r1,300,1.0,[(t:5.246-v:399.000)-(t:5.270-v:396.000)-(t:5.288-v:393.000)-(t:5.299-v:392.000)-(t:5.318-v:391.000)-(t:5.333-v:388.000)-(t:5.343-v:387.000)-(t:5.359-v:382.000)-(t:5.368-v:381.000)-(t:5.381-v:380.000)-(t:5.392-v:379.000)-(t:5.400-v:377.000)-(t:5.407-v:374.000)-(t:5.415-v:372.000)-(t:5.422-v:371.000)-(t:5.432-v:368.000)-(t:5.441-v:367.000)-(t:5.459-v:358.000)-(t:5.469-v:357.000)-(t:5.490-v:353.000)-(t:5.502-v:352.000)-(t:5.512-v:350.000)-(t:5.523-v:346.000)-(t:5.535-v:345.000)-(t:5.547-v:344.000)-(t:5.557-v:343.000)-(t:5.564-v:342.000)-(t:5.575-v:340.000)-(t:5.586-v:339.000)-(t:5.593-v:338.000)-(t:5.607-v:337.000)-(t:5.617-v:336.000)-(t:5.631-v:335.000)-(t:5.639-v:334.000)-(t:5.648-v:331.000)-(t:5.659-v:330.000)-(t:5.671-v:327.000)-(t:5.681-v:326.000)-(t:5.688-v:325.000)-(t:5.695-v:324.000)-(t:5.722-v:323.000)-(t:5.732-v:321.000)-(t:5.740-v:320.000)-(t:5.756-v:318.000)-(t:5.764-v:317.000)-(t:5.775-v:314.000)-(t:5.783-v:313.000)-(t:5.794-v:312.000)-(t:5.803-v:311.000)-(t:5.815-v:308.000)-(t:5.825-v:307.000)-(t:5.834-v:306.000)-(t:5.842-v:305.000)-(t:5.851-v:304.000)-(t:5.858-v:303.000)-(t:5.865-v:302.000)-(t:5.873-v:301.000)-(t:5.881-v:300.000)-(t:5.889-v:297.000)-(t:5.896-v:295.000)-(t:5.939-v:294.000)-(t:5.960-v:292.000)-(t:5.982-v:290.000)-(t:6.002-v:289.000)-(t:6.024-v:288.000)-(t:6.050-v:286.000)-(t:6.069-v:284.000)-(t:6.089-v:283.000)-(t:6.108-v:280.000)-(t:6.128-v:278.000)-(t:6.148-v:276.000)-(t:6.171-v:274.000)-(t:6.194-v:272.000)-(t:6.217-v:271.000)-(t:6.237-v:270.000)-(t:6.257-v:269.000)-(t:6.279-v:268.000)-(t:6.298-v:266.000)-(t:6.318-v:265.000)-(t:6.334-v:263.000)-(t:6.353-v:262.000)-(t:6.374-v:261.000)-(t:6.398-v:260.000)-(t:6.424-v:259.000)-(t:6.448-v:257.000)-(t:6.473-v:256.000)-(t:6.495-v:255.000)-(t:6.520-v:254.000)-(t:6.543-v:253.000)-(t:6.565-v:252.000)-(t:6.589-v:250.000)-(t:6.612-v:249.000)-(t:6.641-v:248.000)-(t:6.665-v:246.000)-(t:6.686-v:243.000)-(t:6.715-v:242.000)-(t:6.738-v:241.000)-(t:6.764-v:240.000)-(t:6.787-v:238.000)-(t:6.813-v:237.000)-(t:6.840-v:236.000)-(t:6.860-v:235.000)-(t:6.882-v:232.000)-(t:6.904-v:231.000)-(t:6.921-v:229.000)-(t:6.939-v:227.000)-(t:6.957-v:226.000)-(t:6.992-v:225.000)-(t:7.011-v:223.000)-(t:7.034-v:222.000)-(t:7.058-v:219.000)-(t:7.087-v:218.000)-(t:7.107-v:217.000)-(t:7.127-v:215.000)-(t:7.146-v:214.000)-(t:7.166-v:213.000)-(t:7.185-v:212.000)-(t:7.201-v:211.000)-(t:7.220-v:210.000)-(t:7.240-v:209.000)-(t:7.258-v:207.000)-(t:7.277-v:205.000)-(t:7.297-v:204.000)-(t:7.323-v:203.000)-(t:7.341-v:200.000)-(t:7.368-v:199.000)-(t:7.388-v:198.000)-(t:7.407-v:197.000)-(t:7.426-v:196.000)-(t:7.445-v:193.000)-(t:7.469-v:192.000)-(t:7.489-v:191.000)-(t:7.506-v:190.000)-(t:7.522-v:189.000)-(t:7.545-v:188.000)-(t:7.568-v:187.000)-(t:7.596-v:186.000)-(t:7.620-v:184.000)-(t:7.640-v:183.000)-(t:7.658-v:182.000)-(t:7.681-v:181.000)-(t:7.700-v:180.000)-(t:7.719-v:179.000)-(t:7.743-v:178.000)-(t:7.764-v:177.000)-(t:7.784-v:176.000)-(t:7.804-v:175.000)-(t:7.823-v:174.000)-(t:7.846-v:173.000)-(t:7.863-v:172.000)-(t:7.881-v:171.000)-(t:7.901-v:170.000)-(t:7.920-v:169.000)-(t:7.941-v:168.000)-(t:7.962-v:167.000)-(t:7.981-v:166.000)-(t:8.093-v:165.000)-(t:8.112-v:164.000)-(t:8.134-v:163.000)-(t:8.172-v:162.000)-(t:8.199-v:160.000)-(t:8.222-v:159.000)-(t:8.245-v:157.000)-(t:8.266-v:156.000)-(t:8.288-v:155.000)-(t:8.308-v:151.000)-(t:8.331-v:150.000)-(t:8.351-v:148.000)-(t:8.369-v:146.000)-(t:8.390-v:145.000)-(t:8.412-v:144.000)-(t:8.433-v:143.000)-(t:8.453-v:141.000)-(t:8.480-v:139.000)-(t:8.511-v:138.000)-(t:8.532-v:137.000)-(t:8.555-v:135.000)-(t:8.578-v:134.000)-(t:8.601-v:132.000)-(t:8.620-v:131.000)-(t:8.640-v:130.000)-(t:8.676-v:129.000)-(t:8.730-v:128.000)-(t:8.751-v:127.000)-(t:8.773-v:126.000)-(t:8.801-v:125.000)-(t:8.823-v:124.000)-(t:8.845-v:123.000)-(t:8.867-v:122.000)-(t:8.888-v:121.000)-(t:8.910-v:120.000)-(t:8.930-v:119.000)-(t:8.953-v:118.000)-(t:8.973-v:117.000)-(t:8.995-v:116.000)-(t:9.014-v:115.000)-(t:9.034-v:114.000)-(t:9.054-v:113.000)-(t:9.076-v:111.000)-(t:9.096-v:109.000)-(t:9.119-v:106.000)-(t:9.139-v:104.000)-(t:9.180-v:103.000)-(t:9.216-v:102.000)-(t:9.240-v:100.000)-(t:9.260-v:99.000)-(t:9.283-v:98.000)-(t:9.326-v:97.000)-(t:9.362-v:96.000)-(t:9.415-v:95.000)-(t:9.441-v:94.000)-(t:9.460-v:93.000)-(t:9.482-v:92.000)-(t:9.502-v:91.000)-(t:9.523-v:88.000)-(t:9.601-v:87.000)-(t:9.628-v:86.000)-(t:9.651-v:85.000)-(t:9.674-v:84.000)-(t:9.698-v:83.000)-(t:9.729-v:82.000)-(t:9.750-v:80.000)-(t:9.771-v:78.000)-(t:9.858-v:77.000)-(t:9.910-v:76.000)-(t:9.942-v:75.000)-(t:9.960-v:74.000)-(t:9.980-v:73.000)-(t:10.010-v:72.000)-(t:10.075-v:71.000)-(t:10.103-v:70.000)-(t:10.128-v:69.000)-(t:10.201-v:68.000)-(t:10.232-v:67.000)-(t:10.338-v:66.000)-(t:10.361-v:65.000)-(t:10.401-v:64.000)-(t:10.431-v:63.000)-(t:10.675-v:62.000)-(t:10.719-v:60.000)-(t:10.745-v:59.000)-(t:10.775-v:58.000)-(t:10.804-v:57.000)-(t:11.001-v:56.000)-(t:11.043-v:55.000)-(t:11.087-v:54.000)-(t:11.313-v:53.000)-(t:11.341-v:52.000)-(t:11.438-v:51.000)-(t:11.631-v:50.000)-(t:11.813-v:49.000)-(t:11.839-v:48.000)-(t:12.104-v:47.000)-(t:12.136-v:46.000)-(t:12.182-v:45.000)-(t:12.257-v:43.000)-(t:12.556-v:42.000)-(t:12.588-v:41.000)-(t:12.609-v:40.000)-(t:12.638-v:39.000)-(t:12.658-v:38.000)-(t:12.679-v:37.000)-(t:12.705-v:36.000)-(t:12.738-v:35.000)-(t:12.760-v:34.000)-(t:12.814-v:33.000)-(t:12.837-v:32.000)-(t:12.870-v:31.000)-(t:12.923-v:30.000)-(t:13.277-v:29.000)-(t:13.313-v:28.000)-(t:13.396-v:27.000)-(t:13.418-v:26.000)-(t:13.459-v:25.000)-(t:13.484-v:24.000)-(t:13.670-v:23.000)-(t:13.733-v:22.000)-(t:13.799-v:21.000)-(t:13.842-v:20.000)-(t:13.907-v:19.000)-(t:14.930-v:18.000)-(t:18.143-v:17.000)-(t:18.273-v:16.000)-(t:18.396-v:15.000)-(t:19.429-v:14.000)-(t:19.476-v:13.000)-(t:19.583-v:12.000)-(t:19.938-v:11.000)-(t:20.079-v:10.000)-(t:31.356-v:9.000)-(t:33.475-v:8.000)-(t:40.767-v:7.000)-(t:43.146-v:6.000)-(t:63.952-v:5.000)-(t:63.997-v:4.000)-(t:74.950-v:3.000)-(t:98.132-v:2.000)-(t:119.763-v:1.000)],300.0
examples/csp/csp_300/pb_300_08.txt,dqn,r1,300,8.0,[(t:4.931-v:372.000)-(t:4.955-v:371.000)-(t:4.971-v:365.000)-(t:4.982-v:363.000)-(t:4.997-v:362.000)-(t:5.013-v:359.000)-(t:5.025-v:358.000)-(t:5.038-v:353.000)-(t:5.051-v:351.000)-(t:5.064-v:348.000)-(t:5.073-v:346.000)-(t:5.085-v:345.000)-(t:5.107-v:344.000)-(t:5.115-v:342.000)-(t:5.125-v:340.000)-(t:5.132-v:338.000)-(t:5.145-v:337.000)-(t:5.159-v:334.000)-(t:5.181-v:332.000)-(t:5.195-v:331.000)-(t:5.206-v:330.000)-(t:5.218-v:328.000)-(t:5.227-v:327.000)-(t:5.236-v:326.000)-(t:5.245-v:325.000)-(t:5.261-v:324.000)-(t:5.273-v:323.000)-(t:5.290-v:322.000)-(t:5.305-v:321.000)-(t:5.320-v:320.000)-(t:5.332-v:318.000)-(t:5.343-v:316.000)-(t:5.358-v:313.000)-(t:5.366-v:312.000)-(t:5.376-v:310.000)-(t:5.383-v:307.000)-(t:5.399-v:305.000)-(t:5.411-v:304.000)-(t:5.423-v:301.000)-(t:5.434-v:299.000)-(t:5.457-v:297.000)-(t:5.468-v:296.000)-(t:5.478-v:292.000)-(t:5.489-v:291.000)-(t:5.499-v:290.000)-(t:5.508-v:288.000)-(t:5.522-v:287.000)-(t:5.529-v:285.000)-(t:5.539-v:283.000)-(t:5.547-v:282.000)-(t:5.555-v:281.000)-(t:5.565-v:280.000)-(t:5.577-v:279.000)-(t:5.588-v:277.000)-(t:5.609-v:276.000)-(t:5.620-v:273.000)-(t:5.632-v:270.000)-(t:5.644-v:269.000)-(t:5.651-v:267.000)-(t:5.695-v:266.000)-(t:5.723-v:264.000)-(t:5.755-v:263.000)-(t:5.777-v:260.000)-(t:5.799-v:259.000)-(t:5.823-v:256.000)-(t:5.847-v:252.000)-(t:5.868-v:251.000)-(t:5.889-v:250.000)-(t:5.918-v:249.000)-(t:5.940-v:240.000)-(t:5.962-v:239.000)-(t:5.983-v:238.000)-(t:6.010-v:236.000)-(t:6.039-v:235.000)-(t:6.059-v:231.000)-(t:6.081-v:229.000)-(t:6.103-v:227.000)-(t:6.123-v:226.000)-(t:6.148-v:225.000)-(t:6.173-v:224.000)-(t:6.206-v:222.000)-(t:6.232-v:219.000)-(t:6.254-v:218.000)-(t:6.274-v:217.000)-(t:6.297-v:216.000)-(t:6.320-v:215.000)-(t:6.345-v:214.000)-(t:6.369-v:213.000)-(t:6.391-v:211.000)-(t:6.416-v:210.000)-(t:6.439-v:207.000)-(t:6.464-v:206.000)-(t:6.491-v:205.000)-(t:6.516-v:203.000)-(t:6.541-v:202.000)-(t:6.565-v:200.000)-(t:6.587-v:198.000)-(t:6.612-v:196.000)-(t:6.636-v:193.000)-(t:6.660-v:192.000)-(t:6.700-v:190.000)-(t:6.724-v:189.000)-(t:6.749-v:187.000)-(t:6.770-v:186.000)-(t:6.792-v:184.000)-(t:6.815-v:183.000)-(t:6.839-v:182.000)-(t:6.864-v:181.000)-(t:6.889-v:179.000)-(t:6.916-v:178.000)-(t:6.942-v:177.000)-(t:6.968-v:176.000)-(t:7.009-v:175.000)-(t:7.030-v:174.000)-(t:7.052-v:173.000)-(t:7.076-v:171.000)-(t:7.094-v:169.000)-(t:7.131-v:168.000)-(t:7.159-v:167.000)-(t:7.183-v:166.000)-(t:7.216-v:164.000)-(t:7.240-v:163.000)-(t:7.264-v:160.000)-(t:7.290-v:159.000)-(t:7.316-v:158.000)-(t:7.340-v:157.000)-(t:7.362-v:155.000)-(t:7.387-v:153.000)-(t:7.412-v:152.000)-(t:7.434-v:151.000)-(t:7.460-v:150.000)-(t:7.483-v:149.000)-(t:7.505-v:146.000)-(t:7.525-v:145.000)-(t:7.545-v:144.000)-(t:7.596-v:143.000)-(t:7.619-v:142.000)-(t:7.637-v:141.000)-(t:7.656-v:139.000)-(t:7.675-v:138.000)-(t:7.698-v:137.000)-(t:7.809-v:136.000)-(t:7.834-v:135.000)-(t:7.859-v:134.000)-(t:7.884-v:133.000)-(t:7.902-v:132.000)-(t:7.921-v:130.000)-(t:7.958-v:129.000)-(t:7.985-v:128.000)-(t:8.016-v:127.000)-(t:8.066-v:126.000)-(t:8.088-v:125.000)-(t:8.144-v:124.000)-(t:8.163-v:123.000)-(t:8.191-v:122.000)-(t:8.216-v:121.000)-(t:8.244-v:120.000)-(t:8.274-v:119.000)-(t:8.305-v:118.000)-(t:8.361-v:117.000)-(t:8.386-v:116.000)-(t:8.410-v:115.000)-(t:8.440-v:114.000)-(t:8.467-v:113.000)-(t:8.492-v:112.000)-(t:8.517-v:110.000)-(t:8.544-v:109.000)-(t:8.570-v:107.000)-(t:8.591-v:106.000)-(t:8.622-v:105.000)-(t:8.655-v:104.000)-(t:8.675-v:102.000)-(t:8.699-v:101.000)-(t:8.725-v:100.000)-(t:8.750-v:99.000)-(t:8.809-v:98.000)-(t:8.835-v:97.000)-(t:8.859-v:96.000)-(t:8.884-v:95.000)-(t:8.914-v:94.000)-(t:8.938-v:93.000)-(t:8.963-v:91.000)-(t:8.986-v:90.000)-(t:9.022-v:89.000)-(t:9.056-v:88.000)-(t:9.159-v:87.000)-(t:9.182-v:86.000)-(t:9.203-v:85.000)-(t:9.233-v:84.000)-(t:9.258-v:83.000)-(t:9.363-v:82.000)-(t:9.392-v:81.000)-(t:9.509-v:80.000)-(t:9.537-v:79.000)-(t:9.558-v:78.000)-(t:9.580-v:76.000)-(t:9.603-v:75.000)-(t:9.624-v:74.000)-(t:9.647-v:73.000)-(t:9.671-v:72.000)-(t:9.702-v:71.000)-(t:9.726-v:70.000)-(t:9.753-v:69.000)-(t:9.798-v:68.000)-(t:9.819-v:67.000)-(t:9.842-v:66.000)-(t:9.886-v:65.000)-(t:9.914-v:64.000)-(t:9.933-v:63.000)-(t:9.956-v:62.000)-(t:9.985-v:61.000)-(t:10.008-v:60.000)-(t:10.037-v:59.000)-(t:10.060-v:58.000)-(t:10.093-v:57.000)-(t:10.141-v:56.000)-(t:10.202-v:54.000)-(t:10.243-v:53.000)-(t:10.268-v:52.000)-(t:10.306-v:51.000)-(t:10.539-v:50.000)-(t:10.573-v:49.000)-(t:10.600-v:48.000)-(t:10.628-v:47.000)-(t:10.647-v:46.000)-(t:10.671-v:45.000)-(t:10.696-v:44.000)-(t:10.723-v:43.000)-(t:10.781-v:42.000)-(t:10.934-v:41.000)-(t:11.204-v:40.000)-(t:11.493-v:39.000)-(t:11.519-v:38.000)-(t:11.556-v:37.000)-(t:11.974-v:36.000)-(t:12.012-v:35.000)-(t:12.032-v:34.000)-(t:12.063-v:33.000)-(t:12.095-v:32.000)-(t:12.124-v:31.000)-(t:12.181-v:30.000)-(t:12.209-v:29.000)-(t:12.240-v:28.000)-(t:12.272-v:27.000)-(t:12.297-v:26.000)-(t:12.321-v:25.000)-(t:12.370-v:24.000)-(t:12.391-v:23.000)-(t:12.442-v:22.000)-(t:12.476-v:21.000)-(t:12.515-v:20.000)-(t:12.728-v:19.000)-(t:12.775-v:18.000)-(t:12.925-v:17.000)-(t:14.737-v:16.000)-(t:14.908-v:15.000)-(t:14.959-v:14.000)-(t:14.991-v:13.000)-(t:15.308-v:12.000)-(t:17.548-v:11.000)-(t:19.469-v:10.000)-(t:81.093-v:9.000)-(t:101.086-v:8.000)],300.0
examples/csp/csp_300/pb_300_09.txt,dqn,r1,300,9.0,[(t:5.255-v:393.000)-(t:5.276-v:391.000)-(t:5.297-v:390.000)-(t:5.309-v:389.000)-(t:5.330-v:388.000)-(t:5.349-v:386.000)-(t:5.361-v:385.000)-(t:5.376-v:381.000)-(t:5.386-v:380.000)-(t:5.399-v:379.000)-(t:5.409-v:378.000)-(t:5.419-v:377.000)-(t:5.427-v:376.000)-(t:5.437-v:373.000)-(t:5.448-v:371.000)-(t:5.460-v:369.000)-(t:5.472-v:367.000)-(t:5.487-v:365.000)-(t:5.501-v:363.000)-(t:5.512-v:362.000)-(t:5.520-v:361.000)-(t:5.530-v:359.000)-(t:5.542-v:357.000)-(t:5.551-v:353.000)-(t:5.559-v:351.000)-(t:5.568-v:349.000)-(t:5.575-v:347.000)-(t:5.583-v:346.000)-(t:5.594-v:342.000)-(t:5.601-v:341.000)-(t:5.615-v:340.000)-(t:5.624-v:338.000)-(t:5.635-v:337.000)-(t:5.648-v:336.000)-(t:5.657-v:335.000)-(t:5.664-v:333.000)-(t:5.675-v:329.000)-(t:5.684-v:328.000)-(t:5.691-v:326.000)-(t:5.701-v:325.000)-(t:5.712-v:324.000)-(t:5.720-v:322.000)-(t:5.728-v:319.000)-(t:5.744-v:318.000)-(t:5.753-v:314.000)-(t:5.760-v:313.000)-(t:5.772-v:312.000)-(t:5.786-v:310.000)-(t:5.795-v:308.000)-(t:5.812-v:306.000)-(t:5.822-v:305.000)-(t:5.832-v:304.000)-(t:5.843-v:300.000)-(t:5.851-v:298.000)-(t:5.857-v:296.000)-(t:5.866-v:295.000)-(t:5.873-v:294.000)-(t:5.881-v:293.000)-(t:5.888-v:285.000)-(t:5.897-v:282.000)-(t:5.937-v:281.000)-(t:5.959-v:280.000)-(t:5.985-v:277.000)-(t:6.008-v:276.000)-(t:6.039-v:275.000)-(t:6.063-v:273.000)-(t:6.087-v:270.000)-(t:6.107-v:269.000)-(t:6.129-v:268.000)-(t:6.152-v:266.000)-(t:6.180-v:264.000)-(t:6.210-v:263.000)-(t:6.237-v:261.000)-(t:6.263-v:260.000)-(t:6.284-v:259.000)-(t:6.313-v:258.000)-(t:6.338-v:257.000)-(t:6.368-v:256.000)-(t:6.392-v:255.000)-(t:6.414-v:252.000)-(t:6.451-v:251.000)-(t:6.475-v:247.000)-(t:6.497-v:246.000)-(t:6.515-v:245.000)-(t:6.534-v:244.000)-(t:6.555-v:242.000)-(t:6.579-v:241.000)-(t:6.597-v:240.000)-(t:6.619-v:239.000)-(t:6.637-v:238.000)-(t:6.656-v:237.000)-(t:6.675-v:234.000)-(t:6.699-v:233.000)-(t:6.720-v:231.000)-(t:6.742-v:230.000)-(t:6.777-v:229.000)-(t:6.806-v:227.000)-(t:6.827-v:226.000)-(t:6.847-v:225.000)-(t:6.872-v:222.000)-(t:6.903-v:221.000)-(t:6.939-v:220.000)-(t:6.967-v:219.000)-(t:6.991-v:218.000)-(t:7.021-v:216.000)-(t:7.047-v:215.000)-(t:7.070-v:213.000)-(t:7.098-v:211.000)-(t:7.130-v:209.000)-(t:7.163-v:208.000)-(t:7.189-v:207.000)-(t:7.218-v:206.000)-(t:7.249-v:205.000)-(t:7.277-v:204.000)-(t:7.302-v:203.000)-(t:7.324-v:202.000)-(t:7.365-v:201.000)-(t:7.398-v:200.000)-(t:7.436-v:197.000)-(t:7.460-v:196.000)-(t:7.480-v:194.000)-(t:7.501-v:193.000)-(t:7.522-v:192.000)-(t:7.542-v:191.000)-(t:7.563-v:190.000)-(t:7.590-v:189.000)-(t:7.615-v:188.000)-(t:7.637-v:186.000)-(t:7.657-v:185.000)-(t:7.676-v:184.000)-(t:7.697-v:182.000)-(t:7.720-v:181.000)-(t:7.744-v:180.000)-(t:7.764-v:179.000)-(t:7.784-v:177.000)-(t:7.804-v:176.000)-(t:7.830-v:175.000)-(t:7.857-v:174.000)-(t:7.881-v:173.000)-(t:7.905-v:172.000)-(t:7.927-v:171.000)-(t:7.952-v:170.000)-(t:7.970-v:169.000)-(t:7.991-v:168.000)-(t:8.017-v:167.000)-(t:8.046-v:165.000)-(t:8.070-v:164.000)-(t:8.093-v:163.000)-(t:8.126-v:162.000)-(t:8.156-v:161.000)-(t:8.187-v:160.000)-(t:8.213-v:159.000)-(t:8.236-v:158.000)-(t:8.264-v:157.000)-(t:8.288-v:156.000)-(t:8.309-v:155.000)-(t:8.356-v:154.000)-(t:8.379-v:153.000)-(t:8.401-v:151.000)-(t:8.428-v:150.000)-(t:8.452-v:149.000)-(t:8.472-v:148.000)-(t:8.494-v:147.000)-(t:8.518-v:144.000)-(t:8.539-v:143.000)-(t:8.558-v:142.000)-(t:8.595-v:141.000)-(t:8.623-v:140.000)-(t:8.650-v:139.000)-(t:8.672-v:138.000)-(t:8.698-v:137.000)-(t:8.724-v:136.000)-(t:8.751-v:134.000)-(t:8.781-v:133.000)-(t:8.852-v:132.000)-(t:8.876-v:131.000)-(t:8.905-v:130.000)-(t:8.925-v:129.000)-(t:9.029-v:128.000)-(t:9.070-v:127.000)-(t:9.104-v:126.000)-(t:9.152-v:125.000)-(t:9.196-v:124.000)-(t:9.228-v:123.000)-(t:9.266-v:122.000)-(t:9.302-v:121.000)-(t:9.331-v:120.000)-(t:9.361-v:119.000)-(t:9.382-v:118.000)-(t:9.402-v:117.000)-(t:9.426-v:116.000)-(t:9.450-v:115.000)-(t:9.471-v:114.000)-(t:9.501-v:113.000)-(t:9.525-v:112.000)-(t:9.546-v:111.000)-(t:9.571-v:110.000)-(t:9.593-v:109.000)-(t:9.613-v:108.000)-(t:9.636-v:107.000)-(t:9.660-v:106.000)-(t:9.684-v:105.000)-(t:9.706-v:104.000)-(t:9.761-v:103.000)-(t:9.785-v:102.000)-(t:9.811-v:101.000)-(t:9.841-v:99.000)-(t:9.983-v:98.000)-(t:10.038-v:97.000)-(t:10.068-v:96.000)-(t:10.220-v:95.000)-(t:10.243-v:94.000)-(t:10.271-v:93.000)-(t:10.299-v:92.000)-(t:10.323-v:90.000)-(t:10.557-v:89.000)-(t:10.762-v:88.000)-(t:10.790-v:87.000)-(t:10.823-v:86.000)-(t:10.853-v:85.000)-(t:10.884-v:84.000)-(t:11.132-v:83.000)-(t:11.183-v:82.000)-(t:11.215-v:81.000)-(t:11.523-v:80.000)-(t:11.547-v:79.000)-(t:11.582-v:78.000)-(t:11.604-v:77.000)-(t:11.629-v:76.000)-(t:11.657-v:75.000)-(t:11.685-v:74.000)-(t:11.704-v:73.000)-(t:11.730-v:72.000)-(t:12.009-v:71.000)-(t:12.032-v:70.000)-(t:12.065-v:69.000)-(t:12.093-v:68.000)-(t:12.123-v:67.000)-(t:12.160-v:66.000)-(t:12.195-v:65.000)-(t:12.233-v:64.000)-(t:12.258-v:63.000)-(t:12.283-v:62.000)-(t:12.566-v:61.000)-(t:12.912-v:60.000)-(t:12.937-v:59.000)-(t:12.996-v:58.000)-(t:13.024-v:57.000)-(t:13.046-v:56.000)-(t:13.069-v:54.000)-(t:13.163-v:53.000)-(t:13.194-v:52.000)-(t:13.458-v:51.000)-(t:13.517-v:50.000)-(t:13.774-v:49.000)-(t:13.887-v:48.000)-(t:13.921-v:47.000)-(t:13.972-v:46.000)-(t:14.020-v:45.000)-(t:14.067-v:44.000)-(t:14.115-v:43.000)-(t:14.144-v:42.000)-(t:14.189-v:41.000)-(t:14.220-v:40.000)-(t:14.266-v:39.000)-(t:14.312-v:38.000)-(t:14.365-v:37.000)-(t:14.393-v:36.000)-(t:14.433-v:35.000)-(t:14.825-v:34.000)-(t:14.865-v:33.000)-(t:14.894-v:32.000)-(t:14.927-v:31.000)-(t:14.966-v:30.000)-(t:14.995-v:29.000)-(t:15.019-v:28.000)-(t:15.052-v:27.000)-(t:15.143-v:26.000)-(t:15.240-v:25.000)-(t:15.304-v:24.000)-(t:15.650-v:23.000)-(t:15.727-v:22.000)-(t:17.109-v:21.000)-(t:21.718-v:20.000)-(t:21.790-v:19.000)-(t:21.880-v:18.000)-(t:21.921-v:17.000)-(t:22.013-v:16.000)-(t:22.122-v:15.000)-(t:22.943-v:14.000)-(t:27.798-v:13.000)-(t:27.883-v:12.000)-(t:28.471-v:11.000)-(t:31.504-v:10.000)-(t:35.178-v:9.000)],300.0
examples/csp/csp_300/pb_300_10.txt,dqn,r1,300,26.0,[(t:4.577-v:405.000)-(t:4.606-v:404.000)-(t:4.626-v:403.000)-(t:4.639-v:402.000)-(t:4.656-v:399.000)-(t:4.672-v:395.000)-(t:4.684-v:390.000)-(t:4.698-v:389.000)-(t:4.710-v:388.000)-(t:4.725-v:387.000)-(t:4.736-v:383.000)-(t:4.742-v:381.000)-(t:4.749-v:379.000)-(t:4.757-v:377.000)-(t:4.769-v:374.000)-(t:4.777-v:373.000)-(t:4.786-v:372.000)-(t:4.797-v:370.000)-(t:4.806-v:369.000)-(t:4.814-v:361.000)-(t:4.821-v:360.000)-(t:4.829-v:359.000)-(t:4.837-v:356.000)-(t:4.846-v:355.000)-(t:4.856-v:350.000)-(t:4.868-v:347.000)-(t:4.876-v:346.000)-(t:4.894-v:344.000)-(t:4.905-v:342.000)-(t:4.914-v:341.000)-(t:4.921-v:340.000)-(t:4.932-v:339.000)-(t:4.942-v:338.000)-(t:4.951-v:337.000)-(t:4.961-v:336.000)-(t:4.971-v:333.000)-(t:4.978-v:332.000)-(t:4.985-v:329.000)-(t:5.002-v:327.000)-(t:5.009-v:324.000)-(t:5.017-v:323.000)-(t:5.026-v:322.000)-(t:5.034-v:321.000)-(t:5.043-v:320.000)-(t:5.050-v:319.000)-(t:5.061-v:317.000)-(t:5.072-v:315.000)-(t:5.082-v:314.000)-(t:5.090-v:313.000)-(t:5.098-v:311.000)-(t:5.105-v:310.000)-(t:5.114-v:309.000)-(t:5.120-v:305.000)-(t:5.127-v:302.000)-(t:5.134-v:301.000)-(t:5.140-v:300.000)-(t:5.148-v:299.000)-(t:5.156-v:297.000)-(t:5.162-v:294.000)-(t:5.168-v:293.000)-(t:5.209-v:292.000)-(t:5.231-v:291.000)-(t:5.250-v:289.000)-(t:5.271-v:288.000)-(t:5.292-v:287.000)-(t:5.314-v:285.000)-(t:5.335-v:284.000)-(t:5.359-v:283.000)-(t:5.377-v:281.000)-(t:5.407-v:279.000)-(t:5.433-v:278.000)-(t:5.455-v:276.000)-(t:5.478-v:273.000)-(t:5.505-v:272.000)-(t:5.531-v:271.000)-(t:5.556-v:270.000)-(t:5.580-v:269.000)-(t:5.600-v:268.000)-(t:5.618-v:265.000)-(t:5.638-v:264.000)-(t:5.655-v:263.000)-(t:5.671-v:262.000)-(t:5.696-v:260.000)-(t:5.718-v:257.000)-(t:5.744-v:256.000)-(t:5.766-v:255.000)-(t:5.795-v:254.000)-(t:5.815-v:253.000)-(t:5.833-v:252.000)-(t:5.851-v:251.000)-(t:5.869-v:249.000)-(t:5.890-v:246.000)-(t:5.912-v:245.000)-(t:5.936-v:244.000)-(t:5.958-v:242.000)-(t:5.981-v:241.000)-(t:6.003-v:238.000)-(t:6.026-v:237.000)-(t:6.052-v:236.000)-(t:6.081-v:235.000)-(t:6.115-v:234.000)-(t:6.137-v:233.000)-(t:6.164-v:232.000)-(t:6.192-v:231.000)-(t:6.225-v:230.000)-(t:6.254-v:228.000)-(t:6.279-v:227.000)-(t:6.304-v:226.000)-(t:6.333-v:225.000)-(t:6.363-v:223.000)-(t:6.387-v:221.000)-(t:6.407-v:220.000)-(t:6.432-v:219.000)-(t:6.454-v:218.000)-(t:6.477-v:217.000)-(t:6.503-v:216.000)-(t:6.527-v:215.000)-(t:6.551-v:213.000)-(t:6.571-v:211.000)-(t:6.594-v:210.000)-(t:6.613-v:207.000)-(t:6.639-v:204.000)-(t:6.658-v:202.000)-(t:6.681-v:201.000)-(t:6.703-v:200.000)-(t:6.726-v:195.000)-(t:6.749-v:194.000)-(t:6.773-v:192.000)-(t:6.798-v:191.000)-(t:6.820-v:190.000)-(t:6.841-v:189.000)-(t:6.861-v:188.000)-(t:6.879-v:187.000)-(t:6.900-v:186.000)-(t:6.923-v:183.000)-(t:6.944-v:181.000)-(t:6.968-v:180.000)-(t:6.989-v:179.000)-(t:7.011-v:178.000)-(t:7.036-v:177.000)-(t:7.058-v:176.000)-(t:7.078-v:174.000)-(t:7.103-v:173.000)-(t:7.125-v:172.000)-(t:7.146-v:171.000)-(t:7.170-v:168.000)-(t:7.191-v:167.000)-(t:7.216-v:166.000)-(t:7.239-v:165.000)-(t:7.263-v:164.000)-(t:7.286-v:163.000)-(t:7.312-v:162.000)-(t:7.330-v:161.000)-(t:7.354-v:160.000)-(t:7.380-v:159.000)-(t:7.405-v:158.000)-(t:7.434-v:157.000)-(t:7.457-v:153.000)-(t:7.480-v:150.000)-(t:7.503-v:149.000)-(t:7.525-v:148.000)-(t:7.551-v:146.000)-(t:7.574-v:145.000)-(t:7.593-v:143.000)-(t:7.618-v:142.000)-(t:7.641-v:141.000)-(t:7.667-v:140.000)-(t:7.690-v:139.000)-(t:7.711-v:138.000)-(t:7.730-v:137.000)-(t:7.759-v:136.000)-(t:7.788-v:134.000)-(t:7.818-v:133.000)-(t:7.848-v:132.000)-(t:7.890-v:131.000)-(t:7.920-v:130.000)-(t:7.947-v:129.000)-(t:7.968-v:128.000)-(t:7.997-v:127.000)-(t:8.022-v:126.000)-(t:8.045-v:125.000)-(t:8.069-v:124.000)-(t:8.093-v:123.000)-(t:8.149-v:122.000)-(t:8.174-v:121.000)-(t:8.194-v:120.000)-(t:8.215-v:119.000)-(t:8.238-v:118.000)-(t:8.261-v:117.000)-(t:8.285-v:116.000)-(t:8.311-v:115.000)-(t:8.335-v:114.000)-(t:8.355-v:112.000)-(t:8.375-v:111.000)-(t:8.398-v:110.000)-(t:8.421-v:109.000)-(t:8.450-v:108.000)-(t:8.473-v:107.000)-(t:8.494-v:106.000)-(t:8.514-v:105.000)-(t:8.539-v:104.000)-(t:8.557-v:103.000)-(t:8.604-v:102.000)-(t:8.626-v:101.000)-(t:8.649-v:100.000)-(t:8.669-v:99.000)-(t:8.692-v:98.000)-(t:8.727-v:97.000)-(t:8.786-v:96.000)-(t:8.805-v:95.000)-(t:8.894-v:94.000)-(t:8.919-v:92.000)-(t:8.952-v:91.000)-(t:8.990-v:89.000)-(t:9.041-v:88.000)-(t:9.117-v:87.000)-(t:9.140-v:86.000)-(t:9.159-v:85.000)-(t:9.182-v:84.000)-(t:9.206-v:83.000)-(t:9.227-v:82.000)-(t:9.248-v:81.000)-(t:9.293-v:80.000)-(t:9.315-v:79.000)-(t:9.338-v:78.000)-(t:9.367-v:77.000)-(t:9.519-v:76.000)-(t:9.546-v:75.000)-(t:9.571-v:74.000)-(t:9.619-v:73.000)-(t:9.639-v:72.000)-(t:9.658-v:71.000)-(t:9.685-v:70.000)-(t:9.713-v:69.000)-(t:9.742-v:68.000)-(t:9.799-v:67.000)-(t:9.883-v:66.000)-(t:9.917-v:65.000)-(t:10.025-v:64.000)-(t:10.041-v:62.000)-(t:10.068-v:61.000)-(t:10.097-v:60.000)-(t:10.330-v:59.000)-(t:10.425-v:58.000)-(t:10.489-v:57.000)-(t:10.512-v:56.000)-(t:10.531-v:55.000)-(t:10.983-v:54.000)-(t:11.029-v:53.000)-(t:11.060-v:52.000)-(t:11.092-v:51.000)-(t:11.144-v:50.000)-(t:11.167-v:49.000)-(t:11.191-v:48.000)-(t:11.228-v:47.000)-(t:11.260-v:46.000)-(t:11.341-v:45.000)-(t:11.387-v:44.000)-(t:11.483-v:43.000)-(t:11.540-v:42.000)-(t:11.748-v:41.000)-(t:16.776-v:40.000)-(t:16.840-v:39.000)-(t:16.926-v:38.000)-(t:16.978-v:37.000)-(t:17.021-v:36.000)-(t:31.364-v:35.000)-(t:31.432-v:34.000)-(t:31.467-v:33.000)-(t:31.837-v:32.000)-(t:31.899-v:31.000)-(t:32.643-v:30.000)-(t:32.698-v:29.000)-(t:72.574-v:28.000)-(t:74.177-v:27.000)-(t:172.337-v:26.000)],300.0
examples/csp/csp_300/carseq_300_8_20_38.txt,dqn,r1,300,0.0,[(t:4.939-v:412.000)-(t:4.956-v:403.000)-(t:4.975-v:397.000)-(t:4.995-v:396.000)-(t:5.013-v:395.000)-(t:5.030-v:392.000)-(t:5.043-v:389.000)-(t:5.062-v:383.000)-(t:5.075-v:379.000)-(t:5.093-v:378.000)-(t:5.103-v:377.000)-(t:5.114-v:376.000)-(t:5.125-v:374.000)-(t:5.138-v:373.000)-(t:5.158-v:367.000)-(t:5.171-v:364.000)-(t:5.183-v:361.000)-(t:5.199-v:353.000)-(t:5.210-v:352.000)-(t:5.219-v:350.000)-(t:5.229-v:347.000)-(t:5.241-v:346.000)-(t:5.252-v:344.000)-(t:5.264-v:343.000)-(t:5.274-v:340.000)-(t:5.284-v:339.000)-(t:5.291-v:338.000)-(t:5.298-v:337.000)-(t:5.307-v:334.000)-(t:5.317-v:333.000)-(t:5.326-v:332.000)-(t:5.339-v:331.000)-(t:5.350-v:330.000)-(t:5.359-v:328.000)-(t:5.370-v:326.000)-(t:5.376-v:320.000)-(t:5.383-v:318.000)-(t:5.392-v:317.000)-(t:5.404-v:316.000)-(t:5.413-v:309.000)-(t:5.423-v:308.000)-(t:5.434-v:306.000)-(t:5.443-v:304.000)-(t:5.453-v:303.000)-(t:5.471-v:302.000)-(t:5.483-v:297.000)-(t:5.493-v:296.000)-(t:5.502-v:294.000)-(t:5.511-v:292.000)-(t:5.538-v:290.000)-(t:5.547-v:285.000)-(t:5.556-v:281.000)-(t:5.567-v:278.000)-(t:5.576-v:277.000)-(t:5.588-v:276.000)-(t:5.600-v:274.000)-(t:5.609-v:273.000)-(t:5.617-v:272.000)-(t:5.625-v:271.000)-(t:5.631-v:270.000)-(t:5.684-v:269.000)-(t:5.706-v:266.000)-(t:5.727-v:265.000)-(t:5.749-v:264.000)-(t:5.767-v:263.000)-(t:5.788-v:260.000)-(t:5.812-v:258.000)-(t:5.830-v:254.000)-(t:5.849-v:253.000)-(t:5.870-v:252.000)-(t:5.891-v:251.000)-(t:5.914-v:249.000)-(t:5.931-v:246.000)-(t:5.956-v:244.000)-(t:5.981-v:243.000)-(t:6.003-v:242.000)-(t:6.024-v:240.000)-(t:6.043-v:237.000)-(t:6.063-v:235.000)-(t:6.083-v:234.000)-(t:6.103-v:232.000)-(t:6.128-v:227.000)-(t:6.152-v:226.000)-(t:6.173-v:224.000)-(t:6.193-v:223.000)-(t:6.213-v:222.000)-(t:6.234-v:221.000)-(t:6.256-v:219.000)-(t:6.283-v:217.000)-(t:6.305-v:214.000)-(t:6.327-v:212.000)-(t:6.351-v:207.000)-(t:6.374-v:205.000)-(t:6.397-v:203.000)-(t:6.423-v:202.000)-(t:6.444-v:200.000)-(t:6.467-v:199.000)-(t:6.491-v:198.000)-(t:6.513-v:197.000)-(t:6.537-v:196.000)-(t:6.577-v:195.000)-(t:6.605-v:194.000)-(t:6.627-v:188.000)-(t:6.648-v:186.000)-(t:6.667-v:183.000)-(t:6.684-v:182.000)-(t:6.706-v:179.000)-(t:6.725-v:178.000)-(t:6.747-v:175.000)-(t:6.768-v:174.000)-(t:6.790-v:173.000)-(t:6.810-v:171.000)-(t:6.834-v:170.000)-(t:6.856-v:168.000)-(t:6.879-v:166.000)-(t:6.918-v:165.000)-(t:6.957-v:164.000)-(t:6.979-v:163.000)-(t:7.005-v:160.000)-(t:7.025-v:159.000)-(t:7.045-v:158.000)-(t:7.070-v:157.000)-(t:7.093-v:156.000)-(t:7.133-v:155.000)-(t:7.153-v:153.000)-(t:7.178-v:152.000)-(t:7.202-v:150.000)-(t:7.228-v:149.000)-(t:7.255-v:148.000)-(t:7.278-v:147.000)-(t:7.298-v:145.000)-(t:7.324-v:142.000)-(t:7.346-v:141.000)-(t:7.367-v:139.000)-(t:7.397-v:138.000)-(t:7.428-v:136.000)-(t:7.451-v:135.000)-(t:7.470-v:134.000)-(t:7.491-v:133.000)-(t:7.512-v:132.000)-(t:7.535-v:131.000)-(t:7.559-v:129.000)-(t:7.578-v:128.000)-(t:7.600-v:127.000)-(t:7.624-v:126.000)-(t:7.648-v:124.000)-(t:7.669-v:123.000)-(t:7.691-v:122.000)-(t:7.712-v:121.000)-(t:7.737-v:119.000)-(t:7.764-v:117.000)-(t:7.785-v:115.000)-(t:7.806-v:113.000)-(t:7.830-v:112.000)-(t:7.851-v:111.000)-(t:7.873-v:109.000)-(t:7.911-v:108.000)-(t:7.937-v:107.000)-(t:7.960-v:106.000)-(t:8.012-v:105.000)-(t:8.036-v:104.000)-(t:8.054-v:103.000)-(t:8.084-v:101.000)-(t:8.103-v:99.000)-(t:8.123-v:98.000)-(t:8.153-v:97.000)-(t:8.171-v:95.000)-(t:8.193-v:93.000)-(t:8.212-v:92.000)-(t:8.232-v:91.000)-(t:8.250-v:90.000)-(t:8.268-v:88.000)-(t:8.289-v:86.000)-(t:8.315-v:85.000)-(t:8.413-v:84.000)-(t:8.436-v:83.000)-(t:8.465-v:82.000)-(t:8.489-v:80.000)-(t:8.582-v:79.000)-(t:8.603-v:78.000)-(t:8.623-v:77.000)-(t:8.706-v:76.000)-(t:8.807-v:74.000)-(t:8.844-v:73.000)-(t:8.873-v:72.000)-(t:8.914-v:70.000)-(t:8.939-v:69.000)-(t:8.974-v:68.000)-(t:8.996-v:67.000)-(t:9.019-v:66.000)-(t:9.044-v:64.000)-(t:9.062-v:63.000)-(t:9.083-v:62.000)-(t:9.106-v:61.000)-(t:9.162-v:60.000)-(t:9.191-v:59.000)-(t:9.220-v:58.000)-(t:9.239-v:57.000)-(t:9.266-v:56.000)-(t:9.294-v:54.000)-(t:9.322-v:53.000)-(t:9.347-v:51.000)-(t:9.387-v:50.000)-(t:9.494-v:49.000)-(t:9.517-v:48.000)-(t:9.548-v:47.000)-(t:9.575-v:46.000)-(t:9.735-v:45.000)-(t:9.814-v:44.000)-(t:9.869-v:42.000)-(t:9.896-v:41.000)-(t:9.955-v:40.000)-(t:10.003-v:39.000)-(t:10.026-v:38.000)-(t:10.081-v:37.000)-(t:10.107-v:36.000)-(t:10.134-v:35.000)-(t:10.162-v:34.000)-(t:10.294-v:33.000)-(t:10.317-v:32.000)-(t:10.341-v:31.000)-(t:10.364-v:30.000)-(t:10.386-v:29.000)-(t:10.410-v:28.000)-(t:10.580-v:27.000)-(t:10.615-v:26.000)-(t:10.668-v:25.000)-(t:10.690-v:24.000)-(t:10.719-v:23.000)-(t:10.923-v:22.000)-(t:10.951-v:21.000)-(t:11.009-v:20.000)-(t:11.040-v:19.000)-(t:11.067-v:18.000)-(t:11.102-v:17.000)-(t:11.179-v:16.000)-(t:11.201-v:15.000)-(t:11.249-v:14.000)-(t:11.331-v:13.000)-(t:11.599-v:12.000)-(t:11.626-v:11.000)-(t:11.723-v:10.000)-(t:11.748-v:9.000)-(t:11.952-v:8.000)-(t:11.990-v:7.000)-(t:12.067-v:6.000)-(t:12.131-v:5.000)-(t:12.158-v:4.000)-(t:12.199-v:3.000)-(t:12.264-v:2.000)-(t:12.370-v:1.000)-(t:12.456-v:0.000)],12.456
examples/csp/csp_100/16-81.txt,dqn,r1,300,1.0,[(t:4.548-v:134.000)-(t:4.561-v:129.000)-(t:4.573-v:128.000)-(t:4.588-v:127.000)-(t:4.593-v:124.000)-(t:4.608-v:123.000)-(t:4.613-v:120.000)-(t:4.619-v:116.000)-(t:4.624-v:115.000)-(t:4.631-v:111.000)-(t:4.636-v:110.000)-(t:4.640-v:109.000)-(t:4.647-v:108.000)-(t:4.651-v:107.000)-(t:4.661-v:106.000)-(t:4.670-v:105.000)-(t:4.677-v:104.000)-(t:4.686-v:102.000)-(t:4.693-v:101.000)-(t:4.698-v:97.000)-(t:4.704-v:96.000)-(t:4.709-v:95.000)-(t:4.716-v:94.000)-(t:4.725-v:92.000)-(t:4.732-v:91.000)-(t:4.740-v:90.000)-(t:4.745-v:89.000)-(t:4.752-v:88.000)-(t:4.758-v:87.000)-(t:4.769-v:86.000)-(t:4.778-v:85.000)-(t:4.783-v:84.000)-(t:4.791-v:82.000)-(t:4.797-v:80.000)-(t:4.803-v:79.000)-(t:4.809-v:78.000)-(t:4.815-v:76.000)-(t:4.821-v:75.000)-(t:4.829-v:74.000)-(t:4.834-v:73.000)-(t:4.844-v:72.000)-(t:4.850-v:71.000)-(t:4.862-v:70.000)-(t:4.884-v:69.000)-(t:4.890-v:66.000)-(t:4.896-v:65.000)-(t:4.902-v:64.000)-(t:4.907-v:63.000)-(t:4.916-v:62.000)-(t:4.922-v:61.000)-(t:4.932-v:60.000)-(t:4.938-v:58.000)-(t:4.945-v:57.000)-(t:4.951-v:55.000)-(t:4.962-v:50.000)-(t:4.967-v:49.000)-(t:4.974-v:48.000)-(t:4.980-v:47.000)-(t:4.991-v:46.000)-(t:4.996-v:45.000)-(t:5.029-v:43.000)-(t:5.044-v:42.000)-(t:5.058-v:41.000)-(t:5.070-v:40.000)-(t:5.082-v:39.000)-(t:5.093-v:38.000)-(t:5.107-v:36.000)-(t:5.122-v:34.000)-(t:5.136-v:33.000)-(t:5.153-v:32.000)-(t:5.167-v:31.000)-(t:5.183-v:30.000)-(t:5.198-v:29.000)-(t:5.213-v:28.000)-(t:5.227-v:27.000)-(t:5.248-v:26.000)-(t:5.265-v:25.000)-(t:5.285-v:24.000)-(t:5.337-v:23.000)-(t:5.458-v:22.000)-(t:5.545-v:20.000)-(t:5.631-v:19.000)-(t:5.648-v:18.000)-(t:5.715-v:17.000)-(t:5.734-v:16.000)-(t:5.752-v:15.000)-(t:5.771-v:14.000)-(t:5.804-v:13.000)-(t:5.821-v:12.000)-(t:5.845-v:11.000)-(t:5.870-v:10.000)-(t:6.541-v:9.000)-(t:6.554-v:8.000)-(t:7.553-v:7.000)-(t:7.584-v:6.000)-(t:8.805-v:5.000)-(t:12.026-v:4.000)-(t:22.143-v:3.000)-(t:27.189-v:2.000)-(t:70.164-v:1.000)],300.0
examples/csp/csp_100/21-90.txt,dqn,r1,300,2.0,[(t:4.012-v:124.000)-(t:4.027-v:120.000)-(t:4.037-v:118.000)-(t:4.057-v:116.000)-(t:4.063-v:114.000)-(t:4.077-v:113.000)-(t:4.084-v:112.000)-(t:4.090-v:110.000)-(t:4.096-v:108.000)-(t:4.104-v:107.000)-(t:4.111-v:102.000)-(t:4.116-v:99.000)-(t:4.123-v:98.000)-(t:4.129-v:96.000)-(t:4.135-v:95.000)-(t:4.142-v:92.000)-(t:4.148-v:90.000)-(t:4.160-v:85.000)-(t:4.170-v:84.000)-(t:4.179-v:82.000)-(t:4.186-v:81.000)-(t:4.192-v:77.000)-(t:4.198-v:76.000)-(t:4.205-v:75.000)-(t:4.210-v:73.000)-(t:4.217-v:72.000)-(t:4.224-v:71.000)-(t:4.231-v:70.000)-(t:4.236-v:69.000)-(t:4.240-v:66.000)-(t:4.248-v:65.000)-(t:4.254-v:63.000)-(t:4.263-v:62.000)-(t:4.269-v:61.000)-(t:4.277-v:60.000)-(t:4.283-v:59.000)-(t:4.289-v:58.000)-(t:4.295-v:57.000)-(t:4.300-v:56.000)-(t:4.306-v:53.000)-(t:4.311-v:52.000)-(t:4.317-v:51.000)-(t:4.322-v:49.000)-(t:4.333-v:48.000)-(t:4.339-v:47.000)-(t:4.345-v:46.000)-(t:4.351-v:45.000)-(t:4.358-v:44.000)-(t:4.363-v:43.000)-(t:4.369-v:41.000)-(t:4.380-v:40.000)-(t:4.386-v:39.000)-(t:4.393-v:37.000)-(t:4.400-v:36.000)-(t:4.433-v:35.000)-(t:4.449-v:34.000)-(t:4.458-v:33.000)-(t:4.467-v:32.000)-(t:4.480-v:31.000)-(t:4.539-v:30.000)-(t:4.555-v:29.000)-(t:4.572-v:28.000)-(t:4.587-v:27.000)-(t:4.600-v:26.000)-(t:4.632-v:25.000)-(t:4.672-v:24.000)-(t:4.686-v:23.000)-(t:4.716-v:22.000)-(t:4.743-v:21.000)-(t:4.788-v:20.000)-(t:4.806-v:19.000)-(t:4.821-v:18.000)-(t:4.834-v:17.000)-(t:4.858-v:16.000)-(t:4.920-v:15.000)-(t:4.937-v:14.000)-(t:4.950-v:13.000)-(t:4.967-v:12.000)-(t:5.012-v:11.000)-(t:5.029-v:10.000)-(t:5.118-v:9.000)-(t:5.635-v:7.000)-(t:5.787-v:6.000)-(t:6.209-v:5.000)-(t:7.338-v:4.000)-(t:7.642-v:3.000)-(t:9.340-v:2.000)],7.215
examples/csp/csp_100/36-92.txt,dqn,r1,300,4.0,[(t:4.220-v:123.000)-(t:4.231-v:115.000)-(t:4.241-v:113.000)-(t:4.254-v:112.000)-(t:4.259-v:111.000)-(t:4.266-v:109.000)-(t:4.273-v:107.000)-(t:4.280-v:104.000)-(t:4.285-v:103.000)-(t:4.291-v:102.000)-(t:4.295-v:98.000)-(t:4.299-v:96.000)-(t:4.304-v:95.000)-(t:4.307-v:93.000)-(t:4.316-v:92.000)-(t:4.325-v:91.000)-(t:4.332-v:89.000)-(t:4.339-v:86.000)-(t:4.352-v:85.000)-(t:4.358-v:84.000)-(t:4.363-v:83.000)-(t:4.369-v:82.000)-(t:4.373-v:81.000)-(t:4.378-v:80.000)-(t:4.384-v:79.000)-(t:4.389-v:77.000)-(t:4.394-v:75.000)-(t:4.399-v:74.000)-(t:4.405-v:72.000)-(t:4.415-v:71.000)-(t:4.419-v:70.000)-(t:4.426-v:68.000)-(t:4.436-v:67.000)-(t:4.444-v:66.000)-(t:4.453-v:65.000)-(t:4.459-v:64.000)-(t:4.466-v:62.000)-(t:4.473-v:61.000)-(t:4.481-v:60.000)-(t:4.486-v:58.000)-(t:4.491-v:57.000)-(t:4.496-v:56.000)-(t:4.500-v:54.000)-(t:4.507-v:53.000)-(t:4.512-v:52.000)-(t:4.519-v:51.000)-(t:4.526-v:50.000)-(t:4.532-v:49.000)-(t:4.544-v:47.000)-(t:4.551-v:46.000)-(t:4.577-v:45.000)-(t:4.584-v:44.000)-(t:4.591-v:43.000)-(t:4.598-v:42.000)-(t:4.635-v:41.000)-(t:4.643-v:40.000)-(t:4.648-v:39.000)-(t:4.657-v:38.000)-(t:4.667-v:37.000)-(t:4.674-v:36.000)-(t:4.702-v:35.000)-(t:4.717-v:34.000)-(t:4.733-v:33.000)-(t:4.746-v:32.000)-(t:4.764-v:31.000)-(t:4.778-v:30.000)-(t:4.804-v:29.000)-(t:4.819-v:28.000)-(t:4.833-v:26.000)-(t:4.846-v:25.000)-(t:4.859-v:24.000)-(t:4.898-v:23.000)-(t:4.968-v:22.000)-(t:4.988-v:21.000)-(t:5.006-v:20.000)-(t:5.022-v:19.000)-(t:5.038-v:18.000)-(t:5.056-v:17.000)-(t:5.099-v:16.000)-(t:5.121-v:15.000)-(t:5.137-v:14.000)-(t:5.156-v:13.000)-(t:5.182-v:12.000)-(t:5.355-v:11.000)-(t:5.376-v:10.000)-(t:5.390-v:9.000)-(t:5.423-v:8.000)-(t:5.451-v:7.000)-(t:6.889-v:6.000)-(t:7.428-v:5.000)-(t:8.593-v:4.000)],153.129
examples/csp/csp_300/carseq_300_8_20_53.txt,dqn,r1,300,0.0,[(t:4.784-v:349.000)-(t:4.795-v:348.000)-(t:4.810-v:346.000)-(t:4.826-v:345.000)-(t:4.846-v:343.000)-(t:4.863-v:342.000)-(t:4.873-v:339.000)-(t:4.890-v:334.000)-(t:4.900-v:333.000)-(t:4.915-v:332.000)-(t:4.924-v:331.000)-(t:4.931-v:330.000)-(t:4.938-v:327.000)-(t:4.944-v:326.000)-(t:4.954-v:323.000)-(t:4.967-v:321.000)-(t:4.976-v:318.000)-(t:4.991-v:317.000)-(t:5.004-v:315.000)-(t:5.014-v:314.000)-(t:5.022-v:313.000)-(t:5.034-v:311.000)-(t:5.044-v:310.000)-(t:5.055-v:309.000)-(t:5.066-v:308.000)-(t:5.076-v:306.000)-(t:5.084-v:305.000)-(t:5.101-v:304.000)-(t:5.112-v:303.000)-(t:5.122-v:302.000)-(t:5.142-v:298.000)-(t:5.154-v:296.000)-(t:5.163-v:295.000)-(t:5.170-v:292.000)-(t:5.178-v:291.000)-(t:5.186-v:289.000)-(t:5.194-v:288.000)-(t:5.204-v:287.000)-(t:5.215-v:286.000)-(t:5.222-v:282.000)-(t:5.230-v:281.000)-(t:5.240-v:279.000)-(t:5.249-v:278.000)-(t:5.259-v:277.000)-(t:5.270-v:276.000)-(t:5.277-v:275.000)-(t:5.287-v:273.000)-(t:5.298-v:272.000)-(t:5.307-v:271.000)-(t:5.316-v:270.000)-(t:5.326-v:269.000)-(t:5.337-v:268.000)-(t:5.345-v:266.000)-(t:5.354-v:263.000)-(t:5.361-v:262.000)-(t:5.370-v:261.000)-(t:5.379-v:260.000)-(t:5.388-v:259.000)-(t:5.398-v:257.000)-(t:5.411-v:256.000)-(t:5.474-v:255.000)-(t:5.503-v:253.000)-(t:5.525-v:252.000)-(t:5.547-v:250.000)-(t:5.570-v:249.000)-(t:5.593-v:248.000)-(t:5.613-v:246.000)-(t:5.635-v:245.000)-(t:5.657-v:244.000)-(t:5.677-v:242.000)-(t:5.697-v:240.000)-(t:5.718-v:238.000)-(t:5.738-v:237.000)-(t:5.758-v:236.000)-(t:5.776-v:235.000)-(t:5.800-v:234.000)-(t:5.825-v:232.000)-(t:5.850-v:231.000)-(t:5.871-v:229.000)-(t:5.892-v:228.000)-(t:5.914-v:227.000)-(t:5.935-v:223.000)-(t:5.956-v:222.000)-(t:5.976-v:221.000)-(t:6.004-v:220.000)-(t:6.028-v:219.000)-(t:6.049-v:217.000)-(t:6.071-v:216.000)-(t:6.093-v:215.000)-(t:6.114-v:214.000)-(t:6.134-v:213.000)-(t:6.153-v:212.000)-(t:6.171-v:210.000)-(t:6.189-v:209.000)-(t:6.207-v:208.000)-(t:6.249-v:207.000)-(t:6.272-v:206.000)-(t:6.295-v:204.000)-(t:6.317-v:203.000)-(t:6.341-v:202.000)-(t:6.364-v:201.000)-(t:6.384-v:200.000)-(t:6.406-v:199.000)-(t:6.428-v:198.000)-(t:6.450-v:196.000)-(t:6.472-v:195.000)-(t:6.496-v:193.000)-(t:6.527-v:192.000)-(t:6.549-v:190.000)-(t:6.579-v:189.000)-(t:6.603-v:188.000)-(t:6.624-v:187.000)-(t:6.645-v:186.000)-(t:6.666-v:185.000)-(t:6.688-v:184.000)-(t:6.710-v:183.000)-(t:6.730-v:181.000)-(t:6.754-v:180.000)-(t:6.777-v:178.000)-(t:6.801-v:176.000)-(t:6.823-v:175.000)-(t:6.844-v:174.000)-(t:6.867-v:173.000)-(t:6.894-v:172.000)-(t:6.916-v:171.000)-(t:6.944-v:170.000)-(t:6.967-v:167.000)-(t:6.990-v:166.000)-(t:7.013-v:165.000)-(t:7.036-v:164.000)-(t:7.056-v:163.000)-(t:7.075-v:161.000)-(t:7.096-v:160.000)-(t:7.133-v:159.000)-(t:7.154-v:158.000)-(t:7.175-v:157.000)-(t:7.202-v:156.000)-(t:7.220-v:155.000)-(t:7.243-v:154.000)-(t:7.266-v:153.000)-(t:7.289-v:152.000)-(t:7.312-v:151.000)-(t:7.336-v:150.000)-(t:7.358-v:149.000)-(t:7.378-v:148.000)-(t:7.397-v:147.000)-(t:7.421-v:146.000)-(t:7.446-v:145.000)-(t:7.511-v:144.000)-(t:7.529-v:142.000)-(t:7.552-v:140.000)-(t:7.573-v:138.000)-(t:7.604-v:136.000)-(t:7.626-v:135.000)-(t:7.647-v:134.000)-(t:7.671-v:133.000)-(t:7.694-v:132.000)-(t:7.788-v:131.000)-(t:7.813-v:130.000)-(t:7.837-v:129.000)-(t:7.914-v:128.000)-(t:7.937-v:127.000)-(t:7.962-v:126.000)-(t:7.982-v:125.000)-(t:8.001-v:124.000)-(t:8.023-v:123.000)-(t:8.045-v:122.000)-(t:8.064-v:120.000)-(t:8.087-v:119.000)-(t:8.108-v:117.000)-(t:8.127-v:116.000)-(t:8.151-v:115.000)-(t:8.174-v:114.000)-(t:8.204-v:113.000)-(t:8.223-v:112.000)-(t:8.243-v:111.000)-(t:8.267-v:110.000)-(t:8.289-v:108.000)-(t:8.310-v:107.000)-(t:8.335-v:105.000)-(t:8.353-v:104.000)-(t:8.376-v:103.000)-(t:8.395-v:102.000)-(t:8.451-v:100.000)-(t:8.470-v:99.000)-(t:8.489-v:98.000)-(t:8.510-v:97.000)-(t:8.528-v:95.000)-(t:8.546-v:93.000)-(t:8.564-v:92.000)-(t:8.588-v:91.000)-(t:8.610-v:90.000)-(t:8.634-v:89.000)-(t:8.666-v:88.000)-(t:8.686-v:87.000)-(t:8.710-v:86.000)-(t:8.732-v:85.000)-(t:8.749-v:84.000)-(t:8.767-v:83.000)-(t:8.784-v:82.000)-(t:8.800-v:81.000)-(t:8.818-v:80.000)-(t:8.834-v:78.000)-(t:8.864-v:77.000)-(t:8.903-v:76.000)-(t:9.005-v:75.000)-(t:9.103-v:74.000)-(t:9.195-v:73.000)-(t:9.306-v:72.000)-(t:9.326-v:71.000)-(t:9.353-v:70.000)-(t:9.459-v:69.000)-(t:9.480-v:68.000)-(t:9.508-v:67.000)-(t:9.540-v:66.000)-(t:9.568-v:65.000)-(t:9.592-v:64.000)-(t:9.611-v:63.000)-(t:9.632-v:62.000)-(t:9.651-v:61.000)-(t:9.669-v:60.000)-(t:9.693-v:59.000)-(t:9.715-v:58.000)-(t:9.736-v:56.000)-(t:9.754-v:55.000)-(t:9.772-v:54.000)-(t:9.796-v:53.000)-(t:9.826-v:52.000)-(t:9.882-v:51.000)-(t:9.905-v:50.000)-(t:9.968-v:49.000)-(t:10.013-v:48.000)-(t:10.035-v:47.000)-(t:10.056-v:46.000)-(t:10.104-v:45.000)-(t:10.187-v:44.000)-(t:10.224-v:43.000)-(t:10.283-v:42.000)-(t:10.312-v:40.000)-(t:10.434-v:39.000)-(t:10.462-v:38.000)-(t:10.498-v:37.000)-(t:10.523-v:36.000)-(t:10.768-v:35.000)-(t:10.800-v:34.000)-(t:10.819-v:33.000)-(t:10.837-v:32.000)-(t:10.893-v:31.000)-(t:11.003-v:30.000)-(t:11.031-v:29.000)-(t:11.159-v:28.000)-(t:11.304-v:27.000)-(t:11.342-v:26.000)-(t:11.804-v:25.000)-(t:11.838-v:24.000)-(t:12.011-v:23.000)-(t:12.053-v:22.000)-(t:12.078-v:21.000)-(t:12.126-v:20.000)-(t:12.170-v:19.000)-(t:12.198-v:18.000)-(t:12.227-v:17.000)-(t:12.288-v:16.000)-(t:12.333-v:15.000)-(t:12.366-v:14.000)-(t:12.408-v:13.000)-(t:12.470-v:12.000)-(t:12.499-v:11.000)-(t:12.636-v:10.000)-(t:12.690-v:9.000)-(t:12.780-v:8.000)-(t:12.862-v:7.000)-(t:12.904-v:6.000)-(t:14.276-v:5.000)-(t:14.319-v:4.000)-(t:14.438-v:3.000)-(t:15.118-v:2.000)-(t:15.391-v:1.000)-(t:16.321-v:0.000)],16.321
examples/csp/csp_300/carseq_300_8_20_56.txt,dqn,r1,300,0.0,[(t:4.777-v:382.000)-(t:4.795-v:377.000)-(t:4.818-v:376.000)-(t:4.841-v:372.000)-(t:4.862-v:370.000)-(t:4.878-v:369.000)-(t:4.889-v:367.000)-(t:4.902-v:364.000)-(t:4.916-v:363.000)-(t:4.928-v:360.000)-(t:4.938-v:359.000)-(t:4.950-v:358.000)-(t:4.957-v:357.000)-(t:4.965-v:355.000)-(t:4.973-v:349.000)-(t:4.986-v:348.000)-(t:4.996-v:347.000)-(t:5.008-v:344.000)-(t:5.025-v:343.000)-(t:5.036-v:342.000)-(t:5.044-v:341.000)-(t:5.055-v:339.000)-(t:5.065-v:336.000)-(t:5.073-v:332.000)-(t:5.083-v:330.000)-(t:5.099-v:328.000)-(t:5.110-v:326.000)-(t:5.118-v:325.000)-(t:5.125-v:324.000)-(t:5.132-v:323.000)-(t:5.138-v:321.000)-(t:5.146-v:318.000)-(t:5.162-v:317.000)-(t:5.170-v:316.000)-(t:5.179-v:315.000)-(t:5.187-v:313.000)-(t:5.195-v:312.000)-(t:5.204-v:311.000)-(t:5.214-v:310.000)-(t:5.222-v:306.000)-(t:5.229-v:305.000)-(t:5.237-v:304.000)-(t:5.244-v:301.000)-(t:5.255-v:299.000)-(t:5.268-v:297.000)-(t:5.276-v:296.000)-(t:5.286-v:295.000)-(t:5.303-v:294.000)-(t:5.310-v:291.000)-(t:5.321-v:290.000)-(t:5.331-v:288.000)-(t:5.343-v:287.000)-(t:5.353-v:284.000)-(t:5.360-v:283.000)-(t:5.367-v:281.000)-(t:5.386-v:280.000)-(t:5.396-v:278.000)-(t:5.406-v:277.000)-(t:5.417-v:276.000)-(t:5.426-v:274.000)-(t:5.468-v:271.000)-(t:5.487-v:270.000)-(t:5.512-v:269.000)-(t:5.536-v:268.000)-(t:5.561-v:267.000)-(t:5.585-v:265.000)-(t:5.607-v:263.000)-(t:5.626-v:262.000)-(t:5.647-v:260.000)-(t:5.669-v:259.000)-(t:5.692-v:258.000)-(t:5.715-v:256.000)-(t:5.739-v:254.000)-(t:5.762-v:252.000)-(t:5.784-v:251.000)-(t:5.825-v:249.000)-(t:5.850-v:248.000)-(t:5.870-v:245.000)-(t:5.892-v:243.000)-(t:5.915-v:242.000)-(t:5.937-v:241.000)-(t:5.956-v:239.000)-(t:5.981-v:238.000)-(t:6.006-v:237.000)-(t:6.035-v:236.000)-(t:6.055-v:235.000)-(t:6.079-v:234.000)-(t:6.101-v:233.000)-(t:6.121-v:232.000)-(t:6.139-v:231.000)-(t:6.162-v:230.000)-(t:6.181-v:229.000)-(t:6.204-v:228.000)-(t:6.224-v:226.000)-(t:6.245-v:225.000)-(t:6.266-v:224.000)-(t:6.285-v:222.000)-(t:6.305-v:220.000)-(t:6.328-v:219.000)-(t:6.349-v:218.000)-(t:6.382-v:217.000)-(t:6.406-v:215.000)-(t:6.436-v:214.000)-(t:6.461-v:213.000)-(t:6.485-v:212.000)-(t:6.507-v:210.000)-(t:6.531-v:209.000)-(t:6.558-v:207.000)-(t:6.581-v:206.000)-(t:6.603-v:205.000)-(t:6.635-v:204.000)-(t:6.661-v:202.000)-(t:6.690-v:201.000)-(t:6.715-v:200.000)-(t:6.742-v:198.000)-(t:6.780-v:197.000)-(t:6.815-v:196.000)-(t:6.838-v:195.000)-(t:6.863-v:194.000)-(t:6.886-v:192.000)-(t:6.911-v:191.000)-(t:6.934-v:190.000)-(t:6.959-v:189.000)-(t:6.996-v:188.000)-(t:7.018-v:186.000)-(t:7.042-v:182.000)-(t:7.062-v:181.000)-(t:7.086-v:180.000)-(t:7.108-v:179.000)-(t:7.129-v:178.000)-(t:7.153-v:177.000)-(t:7.176-v:176.000)-(t:7.204-v:173.000)-(t:7.226-v:172.000)-(t:7.245-v:170.000)-(t:7.277-v:169.000)-(t:7.298-v:168.000)-(t:7.325-v:167.000)-(t:7.350-v:166.000)-(t:7.371-v:165.000)-(t:7.396-v:163.000)-(t:7.419-v:162.000)-(t:7.448-v:161.000)-(t:7.468-v:160.000)-(t:7.492-v:159.000)-(t:7.517-v:155.000)-(t:7.540-v:154.000)-(t:7.575-v:153.000)-(t:7.604-v:151.000)-(t:7.625-v:150.000)-(t:7.644-v:149.000)-(t:7.664-v:148.000)-(t:7.685-v:147.000)-(t:7.711-v:146.000)-(t:7.734-v:145.000)-(t:7.754-v:144.000)-(t:7.784-v:143.000)-(t:7.806-v:142.000)-(t:7.826-v:141.000)-(t:7.859-v:140.000)-(t:7.880-v:139.000)-(t:7.900-v:138.000)-(t:7.923-v:137.000)-(t:7.946-v:136.000)-(t:7.970-v:135.000)-(t:7.998-v:134.000)-(t:8.025-v:133.000)-(t:8.046-v:132.000)-(t:8.068-v:131.000)-(t:8.093-v:129.000)-(t:8.118-v:128.000)-(t:8.142-v:127.000)-(t:8.171-v:126.000)-(t:8.195-v:125.000)-(t:8.244-v:124.000)-(t:8.273-v:122.000)-(t:8.300-v:121.000)-(t:8.325-v:119.000)-(t:8.361-v:118.000)-(t:8.384-v:117.000)-(t:8.415-v:116.000)-(t:8.447-v:115.000)-(t:8.491-v:114.000)-(t:8.518-v:113.000)-(t:8.543-v:112.000)-(t:8.567-v:111.000)-(t:8.593-v:110.000)-(t:8.628-v:109.000)-(t:8.647-v:108.000)-(t:8.670-v:107.000)-(t:8.691-v:106.000)-(t:8.712-v:105.000)-(t:8.738-v:103.000)-(t:8.762-v:102.000)-(t:8.783-v:101.000)-(t:8.804-v:100.000)-(t:8.827-v:99.000)-(t:8.847-v:98.000)-(t:8.873-v:97.000)-(t:8.905-v:96.000)-(t:8.934-v:95.000)-(t:8.959-v:93.000)-(t:8.990-v:92.000)-(t:9.073-v:91.000)-(t:9.101-v:90.000)-(t:9.128-v:89.000)-(t:9.156-v:88.000)-(t:9.264-v:87.000)-(t:9.293-v:86.000)-(t:9.375-v:85.000)-(t:9.399-v:84.000)-(t:9.429-v:83.000)-(t:9.484-v:82.000)-(t:9.518-v:81.000)-(t:9.541-v:80.000)-(t:9.592-v:79.000)-(t:9.614-v:78.000)-(t:9.732-v:77.000)-(t:9.755-v:76.000)-(t:9.776-v:75.000)-(t:9.798-v:74.000)-(t:9.821-v:73.000)-(t:9.847-v:72.000)-(t:9.894-v:71.000)-(t:9.926-v:70.000)-(t:9.948-v:69.000)-(t:9.977-v:68.000)-(t:10.053-v:67.000)-(t:10.092-v:66.000)-(t:10.139-v:65.000)-(t:10.202-v:64.000)-(t:10.329-v:63.000)-(t:10.351-v:62.000)-(t:10.486-v:61.000)-(t:10.524-v:60.000)-(t:10.560-v:59.000)-(t:10.581-v:58.000)-(t:10.764-v:57.000)-(t:10.789-v:56.000)-(t:10.822-v:55.000)-(t:10.871-v:54.000)-(t:10.900-v:53.000)-(t:11.039-v:51.000)-(t:11.081-v:50.000)-(t:11.196-v:49.000)-(t:11.243-v:48.000)-(t:11.276-v:47.000)-(t:11.481-v:46.000)-(t:11.657-v:45.000)-(t:11.841-v:44.000)-(t:11.875-v:43.000)-(t:12.083-v:42.000)-(t:12.117-v:41.000)-(t:12.158-v:40.000)-(t:12.194-v:39.000)-(t:12.592-v:38.000)-(t:12.695-v:37.000)-(t:12.863-v:36.000)-(t:13.238-v:35.000)-(t:13.261-v:34.000)-(t:13.285-v:33.000)-(t:13.318-v:31.000)-(t:13.340-v:30.000)-(t:13.386-v:29.000)-(t:13.410-v:28.000)-(t:13.438-v:27.000)-(t:13.461-v:26.000)-(t:13.490-v:25.000)-(t:13.519-v:24.000)-(t:13.565-v:23.000)-(t:13.627-v:22.000)-(t:13.680-v:21.000)-(t:13.716-v:20.000)-(t:13.817-v:19.000)-(t:13.877-v:18.000)-(t:13.977-v:17.000)-(t:14.011-v:16.000)-(t:14.076-v:15.000)-(t:14.167-v:14.000)-(t:14.253-v:13.000)-(t:14.348-v:12.000)-(t:14.421-v:11.000)-(t:14.505-v:10.000)-(t:15.114-v:9.000)-(t:15.269-v:8.000)-(t:15.328-v:7.000)-(t:15.410-v:6.000)-(t:15.742-v:5.000)-(t:17.345-v:4.000)-(t:17.519-v:3.000)-(t:18.142-v:2.000)-(t:18.171-v:1.000)-(t:20.847-v:0.000)],20.847
examples/csp/csp_300/carseq_300_8_20_47.txt,dqn,r1,300,0.0,[(t:5.130-v:352.000)-(t:5.148-v:347.000)-(t:5.205-v:344.000)-(t:5.219-v:339.000)-(t:5.244-v:338.000)-(t:5.268-v:336.000)-(t:5.279-v:333.000)-(t:5.289-v:330.000)-(t:5.300-v:329.000)-(t:5.312-v:328.000)-(t:5.324-v:326.000)-(t:5.333-v:325.000)-(t:5.340-v:324.000)-(t:5.348-v:321.000)-(t:5.359-v:318.000)-(t:5.372-v:316.000)-(t:5.386-v:315.000)-(t:5.394-v:314.000)-(t:5.402-v:313.000)-(t:5.411-v:312.000)-(t:5.420-v:311.000)-(t:5.432-v:310.000)-(t:5.442-v:309.000)-(t:5.451-v:308.000)-(t:5.458-v:303.000)-(t:5.467-v:302.000)-(t:5.474-v:300.000)-(t:5.482-v:298.000)-(t:5.491-v:295.000)-(t:5.504-v:294.000)-(t:5.515-v:293.000)-(t:5.525-v:289.000)-(t:5.537-v:288.000)-(t:5.546-v:287.000)-(t:5.557-v:286.000)-(t:5.568-v:285.000)-(t:5.602-v:284.000)-(t:5.614-v:282.000)-(t:5.621-v:281.000)-(t:5.629-v:278.000)-(t:5.638-v:277.000)-(t:5.645-v:276.000)-(t:5.654-v:275.000)-(t:5.665-v:274.000)-(t:5.675-v:273.000)-(t:5.684-v:272.000)-(t:5.690-v:271.000)-(t:5.697-v:270.000)-(t:5.703-v:269.000)-(t:5.710-v:268.000)-(t:5.718-v:266.000)-(t:5.745-v:265.000)-(t:5.757-v:264.000)-(t:5.772-v:262.000)-(t:5.787-v:261.000)-(t:5.798-v:260.000)-(t:5.812-v:259.000)-(t:5.822-v:257.000)-(t:5.835-v:255.000)-(t:5.890-v:254.000)-(t:5.915-v:253.000)-(t:5.950-v:252.000)-(t:5.980-v:251.000)-(t:6.007-v:250.000)-(t:6.031-v:247.000)-(t:6.058-v:246.000)-(t:6.086-v:243.000)-(t:6.111-v:241.000)-(t:6.136-v:240.000)-(t:6.157-v:239.000)-(t:6.184-v:238.000)-(t:6.207-v:237.000)-(t:6.232-v:236.000)-(t:6.257-v:234.000)-(t:6.282-v:233.000)-(t:6.304-v:232.000)-(t:6.327-v:231.000)-(t:6.347-v:229.000)-(t:6.368-v:228.000)-(t:6.390-v:226.000)-(t:6.411-v:225.000)-(t:6.430-v:223.000)-(t:6.451-v:222.000)-(t:6.471-v:221.000)-(t:6.490-v:219.000)-(t:6.511-v:218.000)-(t:6.531-v:214.000)-(t:6.551-v:213.000)-(t:6.572-v:211.000)-(t:6.592-v:210.000)-(t:6.615-v:208.000)-(t:6.637-v:207.000)-(t:6.659-v:206.000)-(t:6.682-v:205.000)-(t:6.708-v:204.000)-(t:6.729-v:203.000)-(t:6.749-v:202.000)-(t:6.769-v:201.000)-(t:6.793-v:200.000)-(t:6.816-v:199.000)-(t:6.837-v:198.000)-(t:6.857-v:197.000)-(t:6.880-v:196.000)-(t:6.916-v:195.000)-(t:6.941-v:194.000)-(t:6.962-v:193.000)-(t:6.981-v:192.000)-(t:7.002-v:191.000)-(t:7.025-v:190.000)-(t:7.045-v:189.000)-(t:7.066-v:188.000)-(t:7.087-v:187.000)-(t:7.107-v:185.000)-(t:7.129-v:184.000)-(t:7.149-v:183.000)-(t:7.165-v:182.000)-(t:7.182-v:181.000)-(t:7.203-v:180.000)-(t:7.226-v:179.000)-(t:7.250-v:178.000)-(t:7.272-v:177.000)-(t:7.294-v:176.000)-(t:7.317-v:174.000)-(t:7.335-v:173.000)-(t:7.356-v:171.000)-(t:7.377-v:170.000)-(t:7.399-v:168.000)-(t:7.421-v:167.000)-(t:7.445-v:166.000)-(t:7.469-v:165.000)-(t:7.492-v:163.000)-(t:7.514-v:162.000)-(t:7.536-v:161.000)-(t:7.557-v:160.000)-(t:7.578-v:159.000)-(t:7.600-v:158.000)-(t:7.635-v:157.000)-(t:7.662-v:156.000)-(t:7.687-v:155.000)-(t:7.729-v:154.000)-(t:7.753-v:153.000)-(t:7.775-v:152.000)-(t:7.793-v:151.000)-(t:7.812-v:150.000)-(t:7.838-v:149.000)-(t:7.860-v:148.000)-(t:7.879-v:145.000)-(t:7.912-v:144.000)-(t:7.937-v:142.000)-(t:7.954-v:140.000)-(t:7.999-v:139.000)-(t:8.018-v:138.000)-(t:8.038-v:137.000)-(t:8.068-v:136.000)-(t:8.155-v:135.000)-(t:8.179-v:134.000)-(t:8.210-v:133.000)-(t:8.231-v:131.000)-(t:8.254-v:130.000)-(t:8.274-v:129.000)-(t:8.295-v:128.000)-(t:8.317-v:127.000)-(t:8.338-v:126.000)-(t:8.362-v:125.000)-(t:8.384-v:123.000)-(t:8.402-v:122.000)-(t:8.427-v:121.000)-(t:8.457-v:120.000)-(t:8.476-v:119.000)-(t:8.498-v:118.000)-(t:8.525-v:117.000)-(t:8.553-v:116.000)-(t:8.573-v:115.000)-(t:8.602-v:114.000)-(t:8.623-v:113.000)-(t:8.648-v:112.000)-(t:8.674-v:111.000)-(t:8.701-v:110.000)-(t:8.724-v:109.000)-(t:8.742-v:108.000)-(t:8.766-v:107.000)-(t:8.793-v:106.000)-(t:8.870-v:105.000)-(t:8.892-v:104.000)-(t:8.972-v:103.000)-(t:8.997-v:102.000)-(t:9.022-v:101.000)-(t:9.055-v:100.000)-(t:9.140-v:99.000)-(t:9.171-v:98.000)-(t:9.200-v:97.000)-(t:9.236-v:96.000)-(t:9.332-v:95.000)-(t:9.363-v:94.000)-(t:9.388-v:92.000)-(t:9.418-v:91.000)-(t:9.446-v:89.000)-(t:9.500-v:88.000)-(t:9.558-v:87.000)-(t:9.586-v:86.000)-(t:9.673-v:85.000)-(t:9.718-v:84.000)-(t:9.746-v:83.000)-(t:9.776-v:82.000)-(t:9.802-v:81.000)-(t:9.827-v:79.000)-(t:9.855-v:78.000)-(t:9.881-v:77.000)-(t:9.910-v:75.000)-(t:9.948-v:74.000)-(t:9.972-v:73.000)-(t:10.012-v:71.000)-(t:10.034-v:70.000)-(t:10.088-v:69.000)-(t:10.128-v:68.000)-(t:10.207-v:67.000)-(t:10.249-v:65.000)-(t:10.284-v:64.000)-(t:10.313-v:63.000)-(t:10.338-v:62.000)-(t:10.371-v:61.000)-(t:10.404-v:59.000)-(t:10.431-v:58.000)-(t:10.467-v:57.000)-(t:10.494-v:56.000)-(t:10.542-v:55.000)-(t:10.570-v:54.000)-(t:10.617-v:53.000)-(t:10.678-v:52.000)-(t:10.784-v:51.000)-(t:10.813-v:50.000)-(t:10.843-v:49.000)-(t:10.874-v:48.000)-(t:10.909-v:47.000)-(t:10.934-v:46.000)-(t:10.974-v:45.000)-(t:11.069-v:44.000)-(t:11.305-v:43.000)-(t:11.762-v:42.000)-(t:11.791-v:41.000)-(t:11.856-v:40.000)-(t:11.884-v:39.000)-(t:11.912-v:38.000)-(t:11.939-v:37.000)-(t:11.969-v:36.000)-(t:11.991-v:35.000)-(t:12.014-v:34.000)-(t:12.106-v:33.000)-(t:12.188-v:32.000)-(t:12.365-v:31.000)-(t:12.400-v:30.000)-(t:12.434-v:29.000)-(t:12.518-v:28.000)-(t:12.547-v:26.000)-(t:12.579-v:25.000)-(t:12.603-v:24.000)-(t:12.622-v:23.000)-(t:12.687-v:22.000)-(t:12.718-v:21.000)-(t:12.785-v:20.000)-(t:12.830-v:19.000)-(t:12.864-v:18.000)-(t:12.940-v:17.000)-(t:13.003-v:16.000)-(t:13.187-v:15.000)-(t:14.016-v:14.000)-(t:14.086-v:13.000)-(t:14.144-v:12.000)-(t:14.165-v:11.000)-(t:14.401-v:10.000)-(t:14.470-v:9.000)-(t:14.573-v:8.000)-(t:17.722-v:7.000)-(t:19.566-v:6.000)-(t:24.205-v:5.000)-(t:25.492-v:4.000)-(t:26.679-v:3.000)-(t:27.907-v:2.000)-(t:34.428-v:1.000)-(t:47.270-v:0.000)],47.27
examples/csp/csp_300/carseq_300_8_20_62.txt,dqn,r1,300,0.0,[(t:4.508-v:352.000)-(t:4.521-v:348.000)-(t:4.538-v:347.000)-(t:4.563-v:345.000)-(t:4.581-v:343.000)-(t:4.599-v:340.000)-(t:4.612-v:339.000)-(t:4.626-v:338.000)-(t:4.640-v:337.000)-(t:4.655-v:336.000)-(t:4.668-v:333.000)-(t:4.684-v:332.000)-(t:4.695-v:331.000)-(t:4.710-v:329.000)-(t:4.724-v:328.000)-(t:4.737-v:326.000)-(t:4.750-v:324.000)-(t:4.761-v:323.000)-(t:4.771-v:322.000)-(t:4.780-v:319.000)-(t:4.792-v:317.000)-(t:4.804-v:316.000)-(t:4.816-v:311.000)-(t:4.823-v:310.000)-(t:4.833-v:309.000)-(t:4.844-v:308.000)-(t:4.853-v:306.000)-(t:4.861-v:305.000)-(t:4.869-v:303.000)-(t:4.880-v:301.000)-(t:4.889-v:299.000)-(t:4.898-v:297.000)-(t:4.908-v:296.000)-(t:4.916-v:294.000)-(t:4.923-v:291.000)-(t:4.931-v:289.000)-(t:4.939-v:288.000)-(t:4.947-v:286.000)-(t:4.956-v:285.000)-(t:4.962-v:279.000)-(t:4.972-v:278.000)-(t:4.981-v:277.000)-(t:4.988-v:276.000)-(t:4.999-v:275.000)-(t:5.008-v:274.000)-(t:5.016-v:271.000)-(t:5.026-v:270.000)-(t:5.037-v:268.000)-(t:5.051-v:267.000)-(t:5.066-v:266.000)-(t:5.084-v:263.000)-(t:5.093-v:261.000)-(t:5.103-v:260.000)-(t:5.111-v:257.000)-(t:5.122-v:256.000)-(t:5.147-v:255.000)-(t:5.157-v:253.000)-(t:5.171-v:252.000)-(t:5.184-v:251.000)-(t:5.194-v:250.000)-(t:5.249-v:248.000)-(t:5.273-v:247.000)-(t:5.298-v:243.000)-(t:5.321-v:242.000)-(t:5.348-v:241.000)-(t:5.370-v:237.000)-(t:5.393-v:236.000)-(t:5.413-v:234.000)-(t:5.432-v:231.000)-(t:5.457-v:230.000)-(t:5.478-v:229.000)-(t:5.498-v:228.000)-(t:5.522-v:227.000)-(t:5.545-v:226.000)-(t:5.567-v:225.000)-(t:5.588-v:222.000)-(t:5.610-v:221.000)-(t:5.628-v:219.000)-(t:5.646-v:218.000)-(t:5.667-v:217.000)-(t:5.688-v:216.000)-(t:5.709-v:214.000)-(t:5.741-v:213.000)-(t:5.760-v:212.000)-(t:5.779-v:211.000)-(t:5.796-v:210.000)-(t:5.825-v:209.000)-(t:5.844-v:207.000)-(t:5.861-v:204.000)-(t:5.878-v:202.000)-(t:5.897-v:201.000)-(t:5.915-v:200.000)-(t:5.937-v:199.000)-(t:5.956-v:197.000)-(t:5.984-v:195.000)-(t:6.013-v:194.000)-(t:6.033-v:193.000)-(t:6.052-v:192.000)-(t:6.071-v:191.000)-(t:6.092-v:190.000)-(t:6.112-v:189.000)-(t:6.136-v:188.000)-(t:6.159-v:186.000)-(t:6.182-v:185.000)-(t:6.203-v:182.000)-(t:6.224-v:181.000)-(t:6.244-v:180.000)-(t:6.263-v:179.000)-(t:6.282-v:176.000)-(t:6.303-v:175.000)-(t:6.324-v:174.000)-(t:6.344-v:173.000)-(t:6.366-v:172.000)-(t:6.387-v:170.000)-(t:6.409-v:169.000)-(t:6.460-v:168.000)-(t:6.509-v:167.000)-(t:6.531-v:166.000)-(t:6.551-v:165.000)-(t:6.581-v:164.000)-(t:6.606-v:163.000)-(t:6.632-v:161.000)-(t:6.656-v:160.000)-(t:6.721-v:159.000)-(t:6.761-v:158.000)-(t:6.788-v:157.000)-(t:6.811-v:156.000)-(t:6.837-v:155.000)-(t:6.867-v:154.000)-(t:6.886-v:151.000)-(t:6.904-v:148.000)-(t:6.925-v:147.000)-(t:6.948-v:146.000)-(t:6.967-v:144.000)-(t:6.990-v:142.000)-(t:7.017-v:141.000)-(t:7.034-v:140.000)-(t:7.051-v:139.000)-(t:7.068-v:138.000)-(t:7.091-v:137.000)-(t:7.114-v:135.000)-(t:7.134-v:134.000)-(t:7.152-v:133.000)-(t:7.170-v:132.000)-(t:7.195-v:131.000)-(t:7.214-v:130.000)-(t:7.235-v:129.000)-(t:7.256-v:128.000)-(t:7.281-v:127.000)-(t:7.302-v:125.000)-(t:7.319-v:123.000)-(t:7.338-v:121.000)-(t:7.361-v:117.000)-(t:7.382-v:116.000)-(t:7.404-v:115.000)-(t:7.425-v:114.000)-(t:7.464-v:113.000)-(t:7.485-v:112.000)-(t:7.507-v:111.000)-(t:7.548-v:110.000)-(t:7.573-v:109.000)-(t:7.598-v:108.000)-(t:7.635-v:107.000)-(t:7.663-v:106.000)-(t:7.687-v:105.000)-(t:7.711-v:104.000)-(t:7.744-v:103.000)-(t:7.768-v:102.000)-(t:7.791-v:101.000)-(t:7.812-v:100.000)-(t:7.837-v:99.000)-(t:7.858-v:98.000)-(t:7.906-v:97.000)-(t:7.938-v:96.000)-(t:7.962-v:95.000)-(t:7.984-v:94.000)-(t:8.007-v:93.000)-(t:8.032-v:91.000)-(t:8.065-v:90.000)-(t:8.097-v:89.000)-(t:8.119-v:87.000)-(t:8.138-v:86.000)-(t:8.160-v:85.000)-(t:8.181-v:84.000)-(t:8.203-v:83.000)-(t:8.238-v:82.000)-(t:8.281-v:81.000)-(t:8.305-v:80.000)-(t:8.331-v:79.000)-(t:8.369-v:78.000)-(t:8.408-v:77.000)-(t:8.433-v:76.000)-(t:8.464-v:75.000)-(t:8.490-v:73.000)-(t:8.515-v:72.000)-(t:8.548-v:71.000)-(t:8.571-v:69.000)-(t:8.596-v:68.000)-(t:8.622-v:67.000)-(t:8.641-v:64.000)-(t:8.665-v:63.000)-(t:8.685-v:62.000)-(t:8.708-v:61.000)-(t:8.765-v:60.000)-(t:8.787-v:59.000)-(t:8.834-v:58.000)-(t:8.864-v:57.000)-(t:8.897-v:56.000)-(t:8.956-v:55.000)-(t:9.005-v:54.000)-(t:9.052-v:53.000)-(t:9.076-v:52.000)-(t:9.122-v:51.000)-(t:9.146-v:49.000)-(t:9.172-v:48.000)-(t:9.191-v:47.000)-(t:9.222-v:46.000)-(t:9.268-v:45.000)-(t:9.291-v:44.000)-(t:9.349-v:43.000)-(t:9.377-v:42.000)-(t:9.410-v:41.000)-(t:9.442-v:40.000)-(t:9.507-v:39.000)-(t:9.534-v:38.000)-(t:9.561-v:37.000)-(t:9.600-v:36.000)-(t:9.731-v:35.000)-(t:9.757-v:34.000)-(t:9.784-v:33.000)-(t:9.836-v:32.000)-(t:9.867-v:31.000)-(t:9.908-v:30.000)-(t:9.958-v:29.000)-(t:10.036-v:28.000)-(t:10.091-v:27.000)-(t:10.257-v:26.000)-(t:10.353-v:25.000)-(t:10.381-v:24.000)-(t:10.408-v:23.000)-(t:10.878-v:22.000)-(t:10.904-v:21.000)-(t:10.930-v:20.000)-(t:10.960-v:19.000)-(t:11.008-v:18.000)-(t:11.050-v:17.000)-(t:11.100-v:16.000)-(t:11.176-v:15.000)-(t:11.207-v:14.000)-(t:11.273-v:13.000)-(t:11.325-v:12.000)-(t:11.358-v:11.000)-(t:11.398-v:10.000)-(t:11.463-v:9.000)-(t:11.498-v:8.000)-(t:11.540-v:7.000)-(t:11.605-v:6.000)-(t:11.795-v:5.000)-(t:13.264-v:4.000)-(t:14.748-v:3.000)-(t:15.741-v:2.000)-(t:16.961-v:1.000)-(t:23.251-v:0.000)],23.251
examples/csp/csp_300/carseq_300_8_20_76.txt,dqn,r1,300,0.0,[(t:5.235-v:340.000)-(t:5.254-v:338.000)-(t:5.266-v:336.000)-(t:5.289-v:333.000)-(t:5.306-v:332.000)-(t:5.323-v:326.000)-(t:5.336-v:323.000)-(t:5.350-v:322.000)-(t:5.360-v:321.000)-(t:5.372-v:318.000)-(t:5.384-v:317.000)-(t:5.395-v:315.000)-(t:5.404-v:314.000)-(t:5.414-v:313.000)-(t:5.426-v:310.000)-(t:5.436-v:308.000)-(t:5.445-v:307.000)-(t:5.458-v:306.000)-(t:5.467-v:304.000)-(t:5.475-v:303.000)-(t:5.487-v:302.000)-(t:5.497-v:301.000)-(t:5.506-v:298.000)-(t:5.526-v:297.000)-(t:5.535-v:296.000)-(t:5.549-v:293.000)-(t:5.559-v:290.000)-(t:5.569-v:287.000)-(t:5.576-v:286.000)-(t:5.586-v:284.000)-(t:5.596-v:281.000)-(t:5.607-v:280.000)-(t:5.620-v:279.000)-(t:5.627-v:278.000)-(t:5.639-v:277.000)-(t:5.648-v:274.000)-(t:5.660-v:273.000)-(t:5.671-v:271.000)-(t:5.683-v:270.000)-(t:5.694-v:269.000)-(t:5.707-v:268.000)-(t:5.715-v:267.000)-(t:5.726-v:265.000)-(t:5.738-v:264.000)-(t:5.748-v:261.000)-(t:5.758-v:260.000)-(t:5.770-v:259.000)-(t:5.783-v:258.000)-(t:5.789-v:254.000)-(t:5.798-v:253.000)-(t:5.811-v:252.000)-(t:5.819-v:251.000)-(t:5.825-v:250.000)-(t:5.838-v:249.000)-(t:5.849-v:248.000)-(t:5.859-v:247.000)-(t:5.872-v:246.000)-(t:5.882-v:245.000)-(t:5.891-v:243.000)-(t:5.900-v:242.000)-(t:5.948-v:241.000)-(t:5.972-v:240.000)-(t:5.996-v:239.000)-(t:6.022-v:238.000)-(t:6.042-v:237.000)-(t:6.061-v:235.000)-(t:6.079-v:233.000)-(t:6.099-v:232.000)-(t:6.121-v:231.000)-(t:6.144-v:229.000)-(t:6.170-v:228.000)-(t:6.189-v:226.000)-(t:6.213-v:224.000)-(t:6.236-v:223.000)-(t:6.253-v:222.000)-(t:6.274-v:221.000)-(t:6.297-v:220.000)-(t:6.326-v:219.000)-(t:6.350-v:215.000)-(t:6.370-v:214.000)-(t:6.389-v:212.000)-(t:6.409-v:211.000)-(t:6.428-v:210.000)-(t:6.451-v:208.000)-(t:6.476-v:207.000)-(t:6.500-v:206.000)-(t:6.534-v:205.000)-(t:6.563-v:204.000)-(t:6.585-v:203.000)-(t:6.608-v:202.000)-(t:6.631-v:201.000)-(t:6.652-v:200.000)-(t:6.674-v:199.000)-(t:6.695-v:198.000)-(t:6.713-v:196.000)-(t:6.732-v:195.000)-(t:6.753-v:194.000)-(t:6.773-v:192.000)-(t:6.793-v:190.000)-(t:6.815-v:189.000)-(t:6.835-v:188.000)-(t:6.858-v:186.000)-(t:6.878-v:185.000)-(t:6.909-v:184.000)-(t:6.932-v:183.000)-(t:6.961-v:182.000)-(t:6.996-v:181.000)-(t:7.034-v:180.000)-(t:7.065-v:178.000)-(t:7.086-v:177.000)-(t:7.104-v:176.000)-(t:7.122-v:174.000)-(t:7.147-v:173.000)-(t:7.170-v:172.000)-(t:7.189-v:171.000)-(t:7.214-v:170.000)-(t:7.236-v:168.000)-(t:7.260-v:167.000)-(t:7.284-v:166.000)-(t:7.307-v:165.000)-(t:7.329-v:163.000)-(t:7.354-v:162.000)-(t:7.378-v:161.000)-(t:7.403-v:160.000)-(t:7.439-v:159.000)-(t:7.466-v:158.000)-(t:7.484-v:157.000)-(t:7.503-v:156.000)-(t:7.523-v:155.000)-(t:7.543-v:154.000)-(t:7.560-v:153.000)-(t:7.579-v:150.000)-(t:7.599-v:149.000)-(t:7.621-v:147.000)-(t:7.644-v:145.000)-(t:7.671-v:144.000)-(t:7.699-v:143.000)-(t:7.715-v:142.000)-(t:7.736-v:141.000)-(t:7.757-v:140.000)-(t:7.777-v:139.000)-(t:7.801-v:138.000)-(t:7.827-v:137.000)-(t:7.849-v:136.000)-(t:7.870-v:135.000)-(t:7.891-v:134.000)-(t:7.911-v:133.000)-(t:7.931-v:131.000)-(t:7.957-v:130.000)-(t:7.976-v:129.000)-(t:7.997-v:128.000)-(t:8.016-v:127.000)-(t:8.035-v:126.000)-(t:8.056-v:125.000)-(t:8.089-v:124.000)-(t:8.109-v:123.000)-(t:8.166-v:122.000)-(t:8.193-v:121.000)-(t:8.220-v:120.000)-(t:8.278-v:119.000)-(t:8.310-v:118.000)-(t:8.334-v:117.000)-(t:8.358-v:116.000)-(t:8.383-v:115.000)-(t:8.403-v:114.000)-(t:8.428-v:112.000)-(t:8.450-v:111.000)-(t:8.471-v:110.000)-(t:8.493-v:109.000)-(t:8.516-v:108.000)-(t:8.538-v:107.000)-(t:8.562-v:105.000)-(t:8.625-v:104.000)-(t:8.658-v:103.000)-(t:8.691-v:102.000)-(t:8.720-v:101.000)-(t:8.769-v:100.000)-(t:8.790-v:99.000)-(t:8.825-v:98.000)-(t:8.851-v:97.000)-(t:8.948-v:95.000)-(t:8.997-v:94.000)-(t:9.060-v:93.000)-(t:9.087-v:92.000)-(t:9.120-v:91.000)-(t:9.166-v:90.000)-(t:9.185-v:89.000)-(t:9.211-v:88.000)-(t:9.235-v:87.000)-(t:9.341-v:86.000)-(t:9.364-v:85.000)-(t:9.392-v:84.000)-(t:9.414-v:83.000)-(t:9.439-v:82.000)-(t:9.463-v:81.000)-(t:9.489-v:80.000)-(t:9.515-v:79.000)-(t:9.538-v:78.000)-(t:9.558-v:77.000)-(t:9.594-v:76.000)-(t:9.649-v:75.000)-(t:9.669-v:74.000)-(t:9.703-v:73.000)-(t:9.729-v:72.000)-(t:9.752-v:71.000)-(t:9.778-v:70.000)-(t:9.805-v:69.000)-(t:9.914-v:68.000)-(t:10.127-v:67.000)-(t:10.159-v:66.000)-(t:10.395-v:65.000)-(t:10.424-v:64.000)-(t:10.444-v:63.000)-(t:10.474-v:62.000)-(t:10.509-v:61.000)-(t:10.533-v:60.000)-(t:10.656-v:59.000)-(t:10.687-v:58.000)-(t:10.717-v:57.000)-(t:10.745-v:56.000)-(t:10.835-v:55.000)-(t:10.910-v:54.000)-(t:10.943-v:52.000)-(t:10.976-v:51.000)-(t:11.001-v:50.000)-(t:11.070-v:49.000)-(t:11.095-v:48.000)-(t:11.130-v:47.000)-(t:11.163-v:46.000)-(t:11.195-v:45.000)-(t:11.447-v:44.000)-(t:11.488-v:43.000)-(t:11.527-v:42.000)-(t:11.557-v:41.000)-(t:11.600-v:40.000)-(t:11.723-v:39.000)-(t:12.049-v:38.000)-(t:12.100-v:37.000)-(t:12.147-v:36.000)-(t:12.171-v:35.000)-(t:12.287-v:34.000)-(t:12.338-v:33.000)-(t:12.718-v:32.000)-(t:12.911-v:31.000)-(t:13.265-v:30.000)-(t:13.288-v:29.000)-(t:13.313-v:28.000)-(t:13.336-v:27.000)-(t:13.373-v:26.000)-(t:13.450-v:25.000)-(t:13.523-v:24.000)-(t:13.570-v:23.000)-(t:13.665-v:22.000)-(t:13.693-v:21.000)-(t:13.728-v:20.000)-(t:13.754-v:19.000)-(t:13.787-v:18.000)-(t:13.825-v:17.000)-(t:13.885-v:16.000)-(t:13.941-v:15.000)-(t:15.657-v:14.000)-(t:16.033-v:13.000)-(t:16.065-v:12.000)-(t:16.129-v:11.000)-(t:16.169-v:10.000)-(t:16.224-v:9.000)-(t:16.295-v:8.000)-(t:16.354-v:7.000)-(t:16.410-v:6.000)-(t:16.440-v:5.000)-(t:21.144-v:4.000)-(t:23.611-v:3.000)-(t:23.836-v:2.000)-(t:24.495-v:1.000)-(t:29.990-v:0.000)],29.99
examples/csp/csp_100/4-72.txt,dqn,r1,300,1.0,[(t:5.154-v:136.000)-(t:5.172-v:132.000)-(t:5.183-v:129.000)-(t:5.202-v:128.000)-(t:5.209-v:127.000)-(t:5.221-v:124.000)-(t:5.227-v:122.000)-(t:5.234-v:121.000)-(t:5.243-v:119.000)-(t:5.250-v:115.000)-(t:5.256-v:111.000)-(t:5.261-v:110.000)-(t:5.268-v:109.000)-(t:5.273-v:106.000)-(t:5.280-v:103.000)-(t:5.287-v:101.000)-(t:5.293-v:99.000)-(t:5.301-v:93.000)-(t:5.306-v:92.000)-(t:5.312-v:89.000)-(t:5.317-v:88.000)-(t:5.324-v:86.000)-(t:5.333-v:84.000)-(t:5.337-v:80.000)-(t:5.342-v:78.000)-(t:5.347-v:74.000)-(t:5.354-v:73.000)-(t:5.362-v:72.000)-(t:5.372-v:71.000)-(t:5.377-v:70.000)-(t:5.386-v:68.000)-(t:5.393-v:67.000)-(t:5.398-v:66.000)-(t:5.406-v:65.000)-(t:5.420-v:62.000)-(t:5.425-v:60.000)-(t:5.428-v:59.000)-(t:5.432-v:58.000)-(t:5.436-v:55.000)-(t:5.440-v:54.000)-(t:5.450-v:53.000)-(t:5.456-v:51.000)-(t:5.462-v:50.000)-(t:5.472-v:49.000)-(t:5.479-v:48.000)-(t:5.485-v:46.000)-(t:5.511-v:45.000)-(t:5.517-v:43.000)-(t:5.547-v:42.000)-(t:5.586-v:41.000)-(t:5.598-v:40.000)-(t:5.607-v:39.000)-(t:5.629-v:38.000)-(t:5.673-v:37.000)-(t:5.692-v:36.000)-(t:5.696-v:35.000)-(t:5.702-v:34.000)-(t:5.714-v:33.000)-(t:5.757-v:32.000)-(t:5.772-v:31.000)-(t:5.787-v:30.000)-(t:5.803-v:29.000)-(t:5.814-v:28.000)-(t:5.838-v:27.000)-(t:5.859-v:26.000)-(t:5.879-v:25.000)-(t:5.915-v:24.000)-(t:5.929-v:23.000)-(t:5.973-v:22.000)-(t:5.988-v:20.000)-(t:6.002-v:19.000)-(t:6.038-v:18.000)-(t:6.058-v:17.000)-(t:6.125-v:16.000)-(t:6.210-v:15.000)-(t:6.226-v:14.000)-(t:6.258-v:13.000)-(t:6.272-v:12.000)-(t:6.324-v:11.000)-(t:6.348-v:10.000)-(t:6.368-v:9.000)-(t:6.746-v:8.000)-(t:6.768-v:7.000)-(t:6.789-v:6.000)-(t:7.645-v:5.000)-(t:8.503-v:4.000)-(t:8.878-v:3.000)-(t:12.412-v:2.000)-(t:15.444-v:1.000)],300.0
examples/csp/csp_100/6-76.txt,dqn,r1,300,6.0,[(t:4.923-v:112.000)-(t:4.938-v:105.000)-(t:4.947-v:103.000)-(t:4.969-v:101.000)-(t:4.975-v:99.000)-(t:4.990-v:97.000)-(t:4.996-v:94.000)-(t:5.001-v:93.000)-(t:5.011-v:91.000)-(t:5.022-v:90.000)-(t:5.026-v:89.000)-(t:5.031-v:88.000)-(t:5.035-v:83.000)-(t:5.041-v:82.000)-(t:5.047-v:80.000)-(t:5.054-v:78.000)-(t:5.062-v:77.000)-(t:5.076-v:76.000)-(t:5.088-v:75.000)-(t:5.093-v:74.000)-(t:5.097-v:73.000)-(t:5.102-v:72.000)-(t:5.107-v:71.000)-(t:5.111-v:69.000)-(t:5.116-v:68.000)-(t:5.124-v:66.000)-(t:5.128-v:65.000)-(t:5.136-v:64.000)-(t:5.142-v:61.000)-(t:5.147-v:59.000)-(t:5.153-v:57.000)-(t:5.163-v:55.000)-(t:5.169-v:54.000)-(t:5.176-v:53.000)-(t:5.185-v:51.000)-(t:5.191-v:50.000)-(t:5.196-v:47.000)-(t:5.203-v:46.000)-(t:5.210-v:45.000)-(t:5.217-v:44.000)-(t:5.224-v:43.000)-(t:5.230-v:42.000)-(t:5.238-v:41.000)-(t:5.246-v:40.000)-(t:5.253-v:39.000)-(t:5.259-v:38.000)-(t:5.264-v:37.000)-(t:5.272-v:36.000)-(t:5.282-v:35.000)-(t:5.288-v:34.000)-(t:5.301-v:33.000)-(t:5.308-v:32.000)-(t:5.322-v:31.000)-(t:5.327-v:30.000)-(t:5.344-v:29.000)-(t:5.350-v:27.000)-(t:5.357-v:26.000)-(t:5.365-v:25.000)-(t:5.370-v:24.000)-(t:5.377-v:23.000)-(t:5.416-v:22.000)-(t:5.433-v:21.000)-(t:5.451-v:20.000)-(t:5.469-v:19.000)-(t:5.484-v:18.000)-(t:5.512-v:17.000)-(t:5.537-v:16.000)-(t:5.571-v:15.000)-(t:5.587-v:14.000)-(t:5.603-v:13.000)-(t:5.617-v:12.000)-(t:5.671-v:11.000)-(t:5.699-v:10.000)-(t:5.724-v:9.000)-(t:5.793-v:8.000)-(t:6.790-v:7.000)-(t:8.116-v:6.000)],5.994
examples/csp/csp_100/carseq_100_8_20_81.txt,dqn,r1,300,1.0,[(t:5.073-v:103.000)-(t:5.083-v:102.000)-(t:5.091-v:101.000)-(t:5.107-v:99.000)-(t:5.120-v:97.000)-(t:5.132-v:96.000)-(t:5.139-v:93.000)-(t:5.147-v:92.000)-(t:5.154-v:91.000)-(t:5.161-v:90.000)-(t:5.168-v:89.000)-(t:5.172-v:88.000)-(t:5.178-v:87.000)-(t:5.184-v:85.000)-(t:5.190-v:83.000)-(t:5.196-v:81.000)-(t:5.201-v:80.000)-(t:5.210-v:79.000)-(t:5.217-v:78.000)-(t:5.222-v:77.000)-(t:5.228-v:74.000)-(t:5.235-v:73.000)-(t:5.245-v:72.000)-(t:5.256-v:71.000)-(t:5.268-v:68.000)-(t:5.279-v:67.000)-(t:5.292-v:66.000)-(t:5.301-v:65.000)-(t:5.315-v:63.000)-(t:5.328-v:62.000)-(t:5.338-v:61.000)-(t:5.356-v:59.000)-(t:5.364-v:58.000)-(t:5.370-v:57.000)-(t:5.375-v:56.000)-(t:5.381-v:54.000)-(t:5.386-v:53.000)-(t:5.391-v:52.000)-(t:5.395-v:51.000)-(t:5.399-v:49.000)-(t:5.409-v:46.000)-(t:5.418-v:45.000)-(t:5.425-v:44.000)-(t:5.432-v:43.000)-(t:5.440-v:42.000)-(t:5.446-v:41.000)-(t:5.451-v:40.000)-(t:5.455-v:39.000)-(t:5.467-v:38.000)-(t:5.491-v:37.000)-(t:5.503-v:36.000)-(t:5.523-v:35.000)-(t:5.530-v:34.000)-(t:5.535-v:33.000)-(t:5.540-v:32.000)-(t:5.553-v:31.000)-(t:5.581-v:30.000)-(t:5.616-v:29.000)-(t:5.631-v:28.000)-(t:5.645-v:27.000)-(t:5.658-v:26.000)-(t:5.671-v:25.000)-(t:5.722-v:24.000)-(t:5.737-v:23.000)-(t:5.751-v:22.000)-(t:5.764-v:21.000)-(t:5.778-v:20.000)-(t:5.794-v:19.000)-(t:5.824-v:18.000)-(t:5.843-v:17.000)-(t:5.868-v:16.000)-(t:5.898-v:15.000)-(t:5.915-v:14.000)-(t:6.047-v:13.000)-(t:6.060-v:12.000)-(t:6.073-v:11.000)-(t:6.091-v:10.000)-(t:6.107-v:9.000)-(t:6.130-v:8.000)-(t:6.143-v:7.000)-(t:6.158-v:6.000)-(t:6.176-v:5.000)-(t:6.206-v:4.000)-(t:6.222-v:3.000)-(t:7.140-v:2.000)-(t:7.215-v:1.000)],300.0
examples/csp/csp_100/carseq_100_8_20_85.txt,dqn,r1,300,1.0,[(t:4.675-v:109.000)-(t:4.694-v:108.000)-(t:4.703-v:102.000)-(t:4.710-v:100.000)-(t:4.725-v:98.000)-(t:4.740-v:93.000)-(t:4.745-v:92.000)-(t:4.751-v:91.000)-(t:4.757-v:89.000)-(t:4.764-v:87.000)-(t:4.773-v:86.000)-(t:4.779-v:82.000)-(t:4.784-v:81.000)-(t:4.793-v:80.000)-(t:4.803-v:78.000)-(t:4.812-v:77.000)-(t:4.819-v:76.000)-(t:4.827-v:75.000)-(t:4.836-v:73.000)-(t:4.844-v:71.000)-(t:4.852-v:70.000)-(t:4.857-v:69.000)-(t:4.862-v:68.000)-(t:4.867-v:65.000)-(t:4.871-v:64.000)-(t:4.878-v:63.000)-(t:4.884-v:62.000)-(t:4.889-v:61.000)-(t:4.894-v:60.000)-(t:4.901-v:59.000)-(t:4.906-v:58.000)-(t:4.912-v:57.000)-(t:4.919-v:56.000)-(t:4.925-v:54.000)-(t:4.930-v:52.000)-(t:4.939-v:51.000)-(t:4.944-v:50.000)-(t:4.951-v:49.000)-(t:4.957-v:48.000)-(t:4.964-v:47.000)-(t:4.977-v:46.000)-(t:4.984-v:45.000)-(t:4.989-v:44.000)-(t:5.001-v:43.000)-(t:5.011-v:42.000)-(t:5.016-v:41.000)-(t:5.024-v:40.000)-(t:5.035-v:39.000)-(t:5.042-v:38.000)-(t:5.046-v:37.000)-(t:5.053-v:36.000)-(t:5.060-v:35.000)-(t:5.068-v:34.000)-(t:5.075-v:33.000)-(t:5.082-v:32.000)-(t:5.087-v:31.000)-(t:5.094-v:30.000)-(t:5.102-v:29.000)-(t:5.108-v:27.000)-(t:5.112-v:26.000)-(t:5.158-v:25.000)-(t:5.174-v:24.000)-(t:5.200-v:23.000)-(t:5.218-v:22.000)-(t:5.279-v:21.000)-(t:5.295-v:20.000)-(t:5.354-v:18.000)-(t:5.367-v:17.000)-(t:5.386-v:16.000)-(t:5.441-v:15.000)-(t:5.468-v:14.000)-(t:5.495-v:13.000)-(t:5.569-v:12.000)-(t:5.592-v:10.000)-(t:5.615-v:9.000)-(t:5.709-v:8.000)-(t:7.525-v:7.000)-(t:9.047-v:6.000)-(t:12.545-v:5.000)-(t:13.667-v:4.000)-(t:15.018-v:3.000)-(t:31.746-v:2.000)-(t:33.592-v:1.000)],300.0
examples/csp/csp_100/carseq_100_8_20_86.txt,dqn,r1,300,1.0,[(t:4.497-v:156.000)-(t:4.504-v:150.000)-(t:4.512-v:143.000)-(t:4.530-v:142.000)-(t:4.542-v:141.000)-(t:4.554-v:139.000)-(t:4.563-v:138.000)-(t:4.570-v:134.000)-(t:4.577-v:133.000)-(t:4.585-v:132.000)-(t:4.591-v:130.000)-(t:4.597-v:129.000)-(t:4.604-v:126.000)-(t:4.609-v:125.000)-(t:4.615-v:123.000)-(t:4.623-v:122.000)-(t:4.628-v:121.000)-(t:4.636-v:117.000)-(t:4.641-v:116.000)-(t:4.646-v:113.000)-(t:4.652-v:110.000)-(t:4.657-v:108.000)-(t:4.661-v:106.000)-(t:4.667-v:105.000)-(t:4.673-v:102.000)-(t:4.679-v:100.000)-(t:4.685-v:99.000)-(t:4.690-v:98.000)-(t:4.695-v:96.000)-(t:4.700-v:95.000)-(t:4.707-v:94.000)-(t:4.714-v:93.000)-(t:4.722-v:92.000)-(t:4.727-v:91.000)-(t:4.732-v:88.000)-(t:4.739-v:87.000)-(t:4.745-v:86.000)-(t:4.750-v:85.000)-(t:4.756-v:84.000)-(t:4.763-v:82.000)-(t:4.769-v:81.000)-(t:4.775-v:77.000)-(t:4.781-v:75.000)-(t:4.786-v:74.000)-(t:4.792-v:72.000)-(t:4.798-v:71.000)-(t:4.804-v:68.000)-(t:4.811-v:67.000)-(t:4.816-v:66.000)-(t:4.824-v:64.000)-(t:4.832-v:62.000)-(t:4.838-v:60.000)-(t:4.844-v:58.000)-(t:4.851-v:57.000)-(t:4.879-v:55.000)-(t:4.887-v:54.000)-(t:4.895-v:52.000)-(t:4.900-v:51.000)-(t:4.906-v:50.000)-(t:4.911-v:47.000)-(t:4.945-v:46.000)-(t:4.961-v:45.000)-(t:4.975-v:44.000)-(t:4.993-v:43.000)-(t:5.009-v:42.000)-(t:5.036-v:41.000)-(t:5.050-v:40.000)-(t:5.070-v:39.000)-(t:5.082-v:38.000)-(t:5.101-v:37.000)-(t:5.133-v:36.000)-(t:5.149-v:35.000)-(t:5.167-v:34.000)-(t:5.193-v:33.000)-(t:5.209-v:32.000)-(t:5.226-v:31.000)-(t:5.270-v:30.000)-(t:5.303-v:29.000)-(t:5.315-v:28.000)-(t:5.329-v:27.000)-(t:5.377-v:26.000)-(t:5.422-v:25.000)-(t:5.476-v:24.000)-(t:5.593-v:23.000)-(t:5.607-v:22.000)-(t:5.622-v:20.000)-(t:5.637-v:19.000)-(t:5.654-v:18.000)-(t:5.670-v:17.000)-(t:5.688-v:16.000)-(t:5.703-v:15.000)-(t:5.730-v:14.000)-(t:5.787-v:13.000)-(t:5.804-v:12.000)-(t:5.831-v:11.000)-(t:5.847-v:10.000)-(t:5.868-v:9.000)-(t:5.913-v:8.000)-(t:5.930-v:7.000)-(t:7.462-v:6.000)-(t:8.763-v:5.000)-(t:16.341-v:4.000)-(t:26.543-v:3.000)-(t:50.561-v:2.000)-(t:63.008-v:1.000)],300.0
examples/csp/csp_100/carseq_100_8_20_99.txt,dqn,r1,300,0.0,[(t:5.113-v:132.000)-(t:5.135-v:130.000)-(t:5.145-v:124.000)-(t:5.152-v:120.000)-(t:5.165-v:119.000)-(t:5.176-v:116.000)-(t:5.185-v:115.000)-(t:5.195-v:114.000)-(t:5.204-v:112.000)-(t:5.211-v:111.000)-(t:5.218-v:110.000)-(t:5.226-v:108.000)-(t:5.233-v:107.000)-(t:5.240-v:104.000)-(t:5.247-v:102.000)-(t:5.256-v:98.000)-(t:5.263-v:97.000)-(t:5.274-v:95.000)-(t:5.289-v:94.000)-(t:5.298-v:93.000)-(t:5.303-v:92.000)-(t:5.310-v:91.000)-(t:5.319-v:90.000)-(t:5.327-v:89.000)-(t:5.334-v:88.000)-(t:5.342-v:86.000)-(t:5.349-v:85.000)-(t:5.366-v:84.000)-(t:5.373-v:82.000)-(t:5.383-v:81.000)-(t:5.393-v:80.000)-(t:5.402-v:78.000)-(t:5.411-v:77.000)-(t:5.423-v:76.000)-(t:5.434-v:74.000)-(t:5.442-v:73.000)-(t:5.450-v:71.000)-(t:5.458-v:69.000)-(t:5.468-v:68.000)-(t:5.477-v:67.000)-(t:5.495-v:66.000)-(t:5.507-v:65.000)-(t:5.518-v:64.000)-(t:5.526-v:63.000)-(t:5.533-v:62.000)-(t:5.541-v:61.000)-(t:5.550-v:60.000)-(t:5.557-v:58.000)-(t:5.565-v:57.000)-(t:5.573-v:56.000)-(t:5.582-v:55.000)-(t:5.589-v:53.000)-(t:5.599-v:52.000)-(t:5.607-v:50.000)-(t:5.617-v:49.000)-(t:5.624-v:48.000)-(t:5.630-v:46.000)-(t:5.639-v:45.000)-(t:5.645-v:42.000)-(t:5.654-v:41.000)-(t:5.693-v:40.000)-(t:5.707-v:39.000)-(t:5.721-v:38.000)-(t:5.735-v:37.000)-(t:5.769-v:36.000)-(t:5.785-v:35.000)-(t:5.799-v:34.000)-(t:5.818-v:33.000)-(t:5.839-v:32.000)-(t:5.851-v:31.000)-(t:5.862-v:29.000)-(t:5.879-v:28.000)-(t:5.895-v:27.000)-(t:5.946-v:26.000)-(t:5.964-v:25.000)-(t:5.982-v:24.000)-(t:6.016-v:23.000)-(t:6.091-v:22.000)-(t:6.177-v:21.000)-(t:6.215-v:20.000)-(t:6.278-v:19.000)-(t:6.370-v:18.000)-(t:6.390-v:17.000)-(t:6.420-v:16.000)-(t:6.445-v:15.000)-(t:6.468-v:14.000)-(t:6.489-v:13.000)-(t:6.526-v:12.000)-(t:6.550-v:11.000)-(t:6.943-v:10.000)-(t:6.958-v:9.000)-(t:6.984-v:8.000)-(t:7.359-v:7.000)-(t:7.444-v:6.000)-(t:7.537-v:5.000)-(t:8.068-v:4.000)-(t:8.099-v:3.000)-(t:8.125-v:2.000)-(t:77.475-v:1.000)-(t:272.561-v:0.000)],272.561
examples/csp/csp_300/carseq_300_8_20_80.txt,dqn,r1,300,0.0,[(t:5.301-v:378.000)-(t:5.319-v:372.000)-(t:5.335-v:370.000)-(t:5.354-v:369.000)-(t:5.375-v:368.000)-(t:5.390-v:366.000)-(t:5.402-v:365.000)-(t:5.414-v:359.000)-(t:5.427-v:355.000)-(t:5.439-v:351.000)-(t:5.450-v:350.000)-(t:5.460-v:348.000)-(t:5.471-v:347.000)-(t:5.481-v:345.000)-(t:5.494-v:343.000)-(t:5.509-v:342.000)-(t:5.521-v:341.000)-(t:5.535-v:340.000)-(t:5.552-v:338.000)-(t:5.567-v:331.000)-(t:5.580-v:330.000)-(t:5.590-v:329.000)-(t:5.604-v:326.000)-(t:5.615-v:325.000)-(t:5.629-v:321.000)-(t:5.643-v:320.000)-(t:5.659-v:318.000)-(t:5.671-v:317.000)-(t:5.683-v:316.000)-(t:5.693-v:315.000)-(t:5.702-v:313.000)-(t:5.712-v:311.000)-(t:5.727-v:310.000)-(t:5.741-v:307.000)-(t:5.754-v:306.000)-(t:5.770-v:302.000)-(t:5.782-v:301.000)-(t:5.792-v:300.000)-(t:5.800-v:298.000)-(t:5.808-v:297.000)-(t:5.816-v:296.000)-(t:5.831-v:295.000)-(t:5.842-v:293.000)-(t:5.849-v:292.000)-(t:5.862-v:291.000)-(t:5.871-v:289.000)-(t:5.880-v:287.000)-(t:5.887-v:286.000)-(t:5.899-v:285.000)-(t:5.908-v:284.000)-(t:5.918-v:283.000)-(t:5.927-v:282.000)-(t:5.935-v:281.000)-(t:5.943-v:280.000)-(t:5.953-v:279.000)-(t:5.968-v:278.000)-(t:5.979-v:277.000)-(t:5.991-v:276.000)-(t:6.001-v:274.000)-(t:6.012-v:272.000)-(t:6.069-v:270.000)-(t:6.094-v:269.000)-(t:6.121-v:268.000)-(t:6.144-v:267.000)-(t:6.170-v:266.000)-(t:6.188-v:265.000)-(t:6.208-v:264.000)-(t:6.229-v:263.000)-(t:6.254-v:261.000)-(t:6.281-v:260.000)-(t:6.300-v:259.000)-(t:6.322-v:256.000)-(t:6.344-v:255.000)-(t:6.364-v:253.000)-(t:6.386-v:252.000)-(t:6.408-v:251.000)-(t:6.436-v:250.000)-(t:6.457-v:248.000)-(t:6.479-v:247.000)-(t:6.501-v:246.000)-(t:6.518-v:245.000)-(t:6.539-v:244.000)-(t:6.564-v:242.000)-(t:6.590-v:240.000)-(t:6.619-v:239.000)-(t:6.643-v:237.000)-(t:6.667-v:236.000)-(t:6.689-v:235.000)-(t:6.711-v:231.000)-(t:6.734-v:230.000)-(t:6.766-v:229.000)-(t:6.784-v:227.000)-(t:6.806-v:225.000)-(t:6.836-v:223.000)-(t:6.860-v:222.000)-(t:6.882-v:221.000)-(t:6.902-v:219.000)-(t:6.921-v:218.000)-(t:6.944-v:217.000)-(t:6.966-v:216.000)-(t:7.012-v:215.000)-(t:7.047-v:214.000)-(t:7.073-v:213.000)-(t:7.098-v:212.000)-(t:7.123-v:210.000)-(t:7.148-v:209.000)-(t:7.172-v:208.000)-(t:7.200-v:207.000)-(t:7.220-v:206.000)-(t:7.244-v:204.000)-(t:7.270-v:203.000)-(t:7.289-v:202.000)-(t:7.308-v:201.000)-(t:7.327-v:200.000)-(t:7.347-v:198.000)-(t:7.390-v:197.000)-(t:7.447-v:195.000)-(t:7.475-v:194.000)-(t:7.500-v:192.000)-(t:7.521-v:191.000)-(t:7.553-v:190.000)-(t:7.580-v:189.000)-(t:7.604-v:188.000)-(t:7.634-v:187.000)-(t:7.658-v:185.000)-(t:7.687-v:184.000)-(t:7.707-v:183.000)-(t:7.738-v:182.000)-(t:7.767-v:181.000)-(t:7.790-v:180.000)-(t:7.818-v:178.000)-(t:7.840-v:177.000)-(t:7.868-v:176.000)-(t:7.888-v:175.000)-(t:7.915-v:174.000)-(t:7.950-v:173.000)-(t:7.975-v:172.000)-(t:7.999-v:170.000)-(t:8.025-v:169.000)-(t:8.046-v:168.000)-(t:8.067-v:167.000)-(t:8.095-v:166.000)-(t:8.117-v:165.000)-(t:8.138-v:164.000)-(t:8.166-v:163.000)-(t:8.194-v:162.000)-(t:8.217-v:161.000)-(t:8.238-v:160.000)-(t:8.261-v:159.000)-(t:8.282-v:156.000)-(t:8.301-v:154.000)-(t:8.327-v:153.000)-(t:8.354-v:151.000)-(t:8.383-v:150.000)-(t:8.407-v:149.000)-(t:8.429-v:148.000)-(t:8.455-v:146.000)-(t:8.479-v:145.000)-(t:8.506-v:144.000)-(t:8.551-v:143.000)-(t:8.579-v:142.000)-(t:8.605-v:140.000)-(t:8.626-v:139.000)-(t:8.651-v:138.000)-(t:8.677-v:137.000)-(t:8.697-v:136.000)-(t:8.724-v:135.000)-(t:8.751-v:133.000)-(t:8.780-v:132.000)-(t:8.805-v:131.000)-(t:8.838-v:130.000)-(t:8.865-v:128.000)-(t:8.894-v:127.000)-(t:8.916-v:126.000)-(t:8.941-v:125.000)-(t:8.967-v:124.000)-(t:8.994-v:123.000)-(t:9.021-v:122.000)-(t:9.054-v:121.000)-(t:9.078-v:120.000)-(t:9.106-v:119.000)-(t:9.131-v:118.000)-(t:9.167-v:117.000)-(t:9.204-v:116.000)-(t:9.237-v:115.000)-(t:9.277-v:114.000)-(t:9.301-v:112.000)-(t:9.329-v:111.000)-(t:9.350-v:110.000)-(t:9.381-v:109.000)-(t:9.406-v:108.000)-(t:9.429-v:107.000)-(t:9.451-v:106.000)-(t:9.475-v:105.000)-(t:9.509-v:104.000)-(t:9.536-v:103.000)-(t:9.562-v:102.000)-(t:9.582-v:101.000)-(t:9.604-v:100.000)-(t:9.627-v:99.000)-(t:9.658-v:98.000)-(t:9.679-v:97.000)-(t:9.712-v:96.000)-(t:9.733-v:95.000)-(t:9.792-v:94.000)-(t:9.820-v:93.000)-(t:9.848-v:92.000)-(t:9.889-v:91.000)-(t:9.918-v:90.000)-(t:9.943-v:89.000)-(t:9.967-v:87.000)-(t:9.990-v:86.000)-(t:10.016-v:85.000)-(t:10.045-v:84.000)-(t:10.066-v:83.000)-(t:10.110-v:82.000)-(t:10.135-v:81.000)-(t:10.172-v:80.000)-(t:10.264-v:79.000)-(t:10.355-v:78.000)-(t:10.384-v:76.000)-(t:10.488-v:75.000)-(t:10.537-v:74.000)-(t:10.564-v:73.000)-(t:10.599-v:72.000)-(t:10.700-v:71.000)-(t:10.759-v:69.000)-(t:10.783-v:68.000)-(t:11.004-v:67.000)-(t:11.034-v:66.000)-(t:11.069-v:65.000)-(t:11.109-v:64.000)-(t:11.139-v:63.000)-(t:11.167-v:62.000)-(t:11.197-v:61.000)-(t:11.227-v:60.000)-(t:11.251-v:59.000)-(t:11.272-v:58.000)-(t:11.302-v:57.000)-(t:11.332-v:56.000)-(t:11.399-v:55.000)-(t:11.438-v:54.000)-(t:11.467-v:53.000)-(t:11.527-v:52.000)-(t:11.661-v:51.000)-(t:11.687-v:50.000)-(t:11.771-v:49.000)-(t:11.796-v:48.000)-(t:11.834-v:47.000)-(t:11.871-v:46.000)-(t:12.404-v:45.000)-(t:12.431-v:44.000)-(t:12.991-v:43.000)-(t:13.028-v:42.000)-(t:13.134-v:41.000)-(t:13.162-v:40.000)-(t:13.194-v:39.000)-(t:13.221-v:38.000)-(t:13.265-v:37.000)-(t:13.512-v:36.000)-(t:13.570-v:35.000)-(t:13.605-v:34.000)-(t:13.659-v:33.000)-(t:13.683-v:32.000)-(t:13.707-v:31.000)-(t:13.736-v:30.000)-(t:13.784-v:29.000)-(t:13.828-v:28.000)-(t:13.875-v:27.000)-(t:13.934-v:26.000)-(t:13.969-v:25.000)-(t:14.065-v:24.000)-(t:14.098-v:23.000)-(t:14.156-v:22.000)-(t:14.250-v:21.000)-(t:14.290-v:20.000)-(t:14.333-v:19.000)-(t:14.391-v:18.000)-(t:14.486-v:17.000)-(t:14.514-v:16.000)-(t:14.685-v:15.000)-(t:17.868-v:14.000)-(t:18.019-v:13.000)-(t:18.093-v:12.000)-(t:18.193-v:11.000)-(t:19.837-v:10.000)-(t:20.347-v:9.000)-(t:20.447-v:8.000)-(t:20.513-v:7.000)-(t:27.469-v:6.000)-(t:29.024-v:5.000)-(t:29.347-v:4.000)-(t:31.004-v:3.000)-(t:31.110-v:2.000)-(t:37.210-v:1.000)-(t:145.081-v:0.000)],145.081
examples/csp/csp_100/carseq_100_8_20_98.txt,dqn,r1,300,1.0,[(t:4.654-v:139.000)-(t:4.664-v:132.000)-(t:4.674-v:130.000)-(t:4.696-v:129.000)-(t:4.708-v:127.000)-(t:4.717-v:125.000)-(t:4.722-v:123.000)-(t:4.727-v:121.000)-(t:4.732-v:120.000)-(t:4.739-v:118.000)-(t:4.744-v:116.000)-(t:4.749-v:115.000)-(t:4.754-v:114.000)-(t:4.758-v:113.000)-(t:4.763-v:111.000)-(t:4.769-v:106.000)-(t:4.775-v:105.000)-(t:4.784-v:104.000)-(t:4.787-v:103.000)-(t:4.791-v:98.000)-(t:4.795-v:96.000)-(t:4.798-v:95.000)-(t:4.802-v:94.000)-(t:4.806-v:92.000)-(t:4.810-v:90.000)-(t:4.815-v:89.000)-(t:4.819-v:88.000)-(t:4.825-v:87.000)-(t:4.829-v:86.000)-(t:4.834-v:84.000)-(t:4.841-v:83.000)-(t:4.849-v:82.000)-(t:4.854-v:81.000)-(t:4.860-v:80.000)-(t:4.865-v:77.000)-(t:4.871-v:76.000)-(t:4.877-v:75.000)-(t:4.883-v:73.000)-(t:4.888-v:72.000)-(t:4.894-v:70.000)-(t:4.901-v:69.000)-(t:4.906-v:68.000)-(t:4.913-v:67.000)-(t:4.925-v:66.000)-(t:4.939-v:63.000)-(t:4.948-v:62.000)-(t:4.956-v:61.000)-(t:4.964-v:60.000)-(t:4.971-v:59.000)-(t:4.979-v:58.000)-(t:4.989-v:57.000)-(t:4.996-v:55.000)-(t:5.006-v:53.000)-(t:5.014-v:52.000)-(t:5.020-v:51.000)-(t:5.031-v:50.000)-(t:5.036-v:49.000)-(t:5.041-v:46.000)-(t:5.046-v:45.000)-(t:5.075-v:44.000)-(t:5.088-v:42.000)-(t:5.098-v:41.000)-(t:5.110-v:40.000)-(t:5.131-v:39.000)-(t:5.143-v:38.000)-(t:5.159-v:37.000)-(t:5.200-v:36.000)-(t:5.212-v:35.000)-(t:5.227-v:34.000)-(t:5.263-v:33.000)-(t:5.326-v:32.000)-(t:5.343-v:31.000)-(t:5.360-v:30.000)-(t:5.375-v:29.000)-(t:5.391-v:28.000)-(t:5.437-v:26.000)-(t:5.462-v:25.000)-(t:5.505-v:24.000)-(t:5.528-v:23.000)-(t:5.545-v:22.000)-(t:5.566-v:21.000)-(t:5.594-v:20.000)-(t:5.612-v:19.000)-(t:5.720-v:18.000)-(t:5.741-v:17.000)-(t:5.758-v:16.000)-(t:5.783-v:15.000)-(t:5.813-v:14.000)-(t:5.839-v:13.000)-(t:5.856-v:12.000)-(t:5.924-v:11.000)-(t:7.020-v:10.000)-(t:7.036-v:9.000)-(t:7.429-v:8.000)-(t:8.786-v:7.000)-(t:13.672-v:6.000)-(t:16.548-v:5.000)-(t:19.843-v:4.000)-(t:19.909-v:3.000)-(t:19.951-v:2.000)-(t:104.623-v:1.000)],300.0
examples/csp/csp_200/pb_200_06.txt,dqn,r1,300,6.0,[(t:5.036-v:242.000)-(t:5.047-v:241.000)-(t:5.060-v:238.000)-(t:5.081-v:235.000)-(t:5.097-v:234.000)-(t:5.116-v:231.000)-(t:5.125-v:230.000)-(t:5.137-v:229.000)-(t:5.151-v:228.000)-(t:5.162-v:223.000)-(t:5.168-v:221.000)-(t:5.175-v:220.000)-(t:5.183-v:212.000)-(t:5.188-v:210.000)-(t:5.198-v:207.000)-(t:5.207-v:204.000)-(t:5.216-v:203.000)-(t:5.227-v:200.000)-(t:5.236-v:199.000)-(t:5.244-v:197.000)-(t:5.254-v:195.000)-(t:5.263-v:192.000)-(t:5.271-v:191.000)-(t:5.277-v:190.000)-(t:5.285-v:188.000)-(t:5.294-v:187.000)-(t:5.308-v:185.000)-(t:5.319-v:181.000)-(t:5.329-v:180.000)-(t:5.349-v:179.000)-(t:5.357-v:178.000)-(t:5.367-v:177.000)-(t:5.376-v:176.000)-(t:5.384-v:174.000)-(t:5.393-v:173.000)-(t:5.402-v:172.000)-(t:5.408-v:171.000)-(t:5.413-v:170.000)-(t:5.419-v:169.000)-(t:5.423-v:168.000)-(t:5.434-v:166.000)-(t:5.441-v:165.000)-(t:5.450-v:163.000)-(t:5.457-v:162.000)-(t:5.465-v:161.000)-(t:5.471-v:159.000)-(t:5.478-v:157.000)-(t:5.487-v:155.000)-(t:5.492-v:154.000)-(t:5.498-v:153.000)-(t:5.506-v:147.000)-(t:5.512-v:144.000)-(t:5.520-v:143.000)-(t:5.526-v:141.000)-(t:5.534-v:140.000)-(t:5.546-v:139.000)-(t:5.552-v:138.000)-(t:5.558-v:137.000)-(t:5.564-v:136.000)-(t:5.570-v:135.000)-(t:5.611-v:133.000)-(t:5.631-v:132.000)-(t:5.649-v:131.000)-(t:5.667-v:130.000)-(t:5.684-v:128.000)-(t:5.722-v:126.000)-(t:5.736-v:125.000)-(t:5.751-v:123.000)-(t:5.765-v:122.000)-(t:5.781-v:121.000)-(t:5.800-v:120.000)-(t:5.814-v:118.000)-(t:5.827-v:117.000)-(t:5.844-v:116.000)-(t:5.865-v:115.000)-(t:5.883-v:114.000)-(t:5.907-v:113.000)-(t:5.926-v:112.000)-(t:5.956-v:111.000)-(t:5.973-v:110.000)-(t:5.990-v:108.000)-(t:6.007-v:106.000)-(t:6.023-v:105.000)-(t:6.044-v:104.000)-(t:6.070-v:103.000)-(t:6.084-v:102.000)-(t:6.103-v:101.000)-(t:6.121-v:100.000)-(t:6.139-v:98.000)-(t:6.152-v:97.000)-(t:6.166-v:96.000)-(t:6.179-v:94.000)-(t:6.197-v:93.000)-(t:6.209-v:91.000)-(t:6.224-v:90.000)-(t:6.240-v:89.000)-(t:6.261-v:88.000)-(t:6.280-v:87.000)-(t:6.298-v:85.000)-(t:6.327-v:84.000)-(t:6.346-v:83.000)-(t:6.365-v:82.000)-(t:6.381-v:81.000)-(t:6.398-v:80.000)-(t:6.418-v:78.000)-(t:6.433-v:76.000)-(t:6.456-v:75.000)-(t:6.474-v:74.000)-(t:6.491-v:73.000)-(t:6.508-v:72.000)-(t:6.525-v:71.000)-(t:6.539-v:69.000)-(t:6.556-v:68.000)-(t:6.570-v:67.000)-(t:6.585-v:66.000)-(t:6.610-v:65.000)-(t:6.623-v:64.000)-(t:6.641-v:63.000)-(t:6.660-v:62.000)-(t:6.684-v:61.000)-(t:6.727-v:60.000)-(t:6.744-v:59.000)-(t:6.759-v:57.000)-(t:6.780-v:56.000)-(t:6.813-v:55.000)-(t:6.831-v:54.000)-(t:6.850-v:53.000)-(t:6.868-v:52.000)-(t:6.888-v:51.000)-(t:6.912-v:50.000)-(t:6.935-v:49.000)-(t:6.962-v:48.000)-(t:6.978-v:47.000)-(t:6.999-v:46.000)-(t:7.017-v:45.000)-(t:7.032-v:44.000)-(t:7.052-v:43.000)-(t:7.070-v:42.000)-(t:7.175-v:41.000)-(t:7.199-v:40.000)-(t:7.222-v:39.000)-(t:7.312-v:38.000)-(t:7.337-v:37.000)-(t:7.367-v:35.000)-(t:7.437-v:34.000)-(t:7.462-v:33.000)-(t:7.484-v:32.000)-(t:7.504-v:31.000)-(t:7.522-v:30.000)-(t:7.565-v:29.000)-(t:7.624-v:28.000)-(t:7.649-v:27.000)-(t:7.673-v:26.000)-(t:7.700-v:25.000)-(t:7.724-v:24.000)-(t:7.751-v:23.000)-(t:7.781-v:22.000)-(t:7.882-v:21.000)-(t:8.034-v:20.000)-(t:8.054-v:19.000)-(t:8.083-v:18.000)-(t:8.130-v:17.000)-(t:8.153-v:16.000)-(t:8.188-v:15.000)-(t:8.233-v:14.000)-(t:8.272-v:13.000)-(t:8.305-v:12.000)-(t:8.322-v:11.000)-(t:9.799-v:10.000)-(t:9.821-v:9.000)-(t:11.349-v:8.000)-(t:11.406-v:7.000)-(t:19.460-v:6.000)],300.0
examples/csp/csp_300/carseq_300_8_20_45.txt,dqn,r1,300,0.0,[(t:5.305-v:397.000)-(t:5.327-v:388.000)-(t:5.342-v:387.000)-(t:5.363-v:385.000)-(t:5.371-v:380.000)-(t:5.386-v:378.000)-(t:5.396-v:377.000)-(t:5.410-v:373.000)-(t:5.421-v:372.000)-(t:5.431-v:369.000)-(t:5.439-v:368.000)-(t:5.450-v:367.000)-(t:5.459-v:365.000)-(t:5.467-v:364.000)-(t:5.476-v:363.000)-(t:5.484-v:362.000)-(t:5.497-v:359.000)-(t:5.511-v:355.000)-(t:5.520-v:353.000)-(t:5.530-v:351.000)-(t:5.538-v:350.000)-(t:5.547-v:349.000)-(t:5.555-v:346.000)-(t:5.569-v:343.000)-(t:5.581-v:342.000)-(t:5.591-v:341.000)-(t:5.600-v:340.000)-(t:5.611-v:339.000)-(t:5.621-v:337.000)-(t:5.631-v:336.000)-(t:5.639-v:328.000)-(t:5.649-v:327.000)-(t:5.661-v:326.000)-(t:5.687-v:324.000)-(t:5.701-v:323.000)-(t:5.713-v:318.000)-(t:5.725-v:317.000)-(t:5.735-v:314.000)-(t:5.747-v:313.000)-(t:5.758-v:308.000)-(t:5.768-v:307.000)-(t:5.780-v:306.000)-(t:5.791-v:304.000)-(t:5.804-v:303.000)-(t:5.817-v:302.000)-(t:5.825-v:301.000)-(t:5.833-v:300.000)-(t:5.845-v:299.000)-(t:5.856-v:298.000)-(t:5.868-v:297.000)-(t:5.877-v:295.000)-(t:5.886-v:293.000)-(t:5.897-v:289.000)-(t:5.906-v:287.000)-(t:5.918-v:285.000)-(t:5.929-v:284.000)-(t:5.937-v:282.000)-(t:5.945-v:277.000)-(t:5.953-v:276.000)-(t:5.965-v:275.000)-(t:6.006-v:272.000)-(t:6.025-v:271.000)-(t:6.044-v:270.000)-(t:6.064-v:267.000)-(t:6.086-v:265.000)-(t:6.107-v:264.000)-(t:6.131-v:262.000)-(t:6.154-v:261.000)-(t:6.174-v:260.000)-(t:6.214-v:259.000)-(t:6.252-v:258.000)-(t:6.288-v:257.000)-(t:6.311-v:255.000)-(t:6.338-v:254.000)-(t:6.358-v:253.000)-(t:6.377-v:250.000)-(t:6.397-v:247.000)-(t:6.420-v:246.000)-(t:6.444-v:242.000)-(t:6.468-v:241.000)-(t:6.490-v:240.000)-(t:6.513-v:239.000)-(t:6.533-v:238.000)-(t:6.559-v:236.000)-(t:6.579-v:235.000)-(t:6.600-v:233.000)-(t:6.632-v:232.000)-(t:6.658-v:231.000)-(t:6.680-v:230.000)-(t:6.701-v:229.000)-(t:6.724-v:228.000)-(t:6.746-v:227.000)-(t:6.769-v:226.000)-(t:6.790-v:225.000)-(t:6.817-v:224.000)-(t:6.844-v:223.000)-(t:6.864-v:221.000)-(t:6.884-v:220.000)-(t:6.905-v:219.000)-(t:6.929-v:218.000)-(t:6.949-v:217.000)-(t:6.974-v:216.000)-(t:6.999-v:215.000)-(t:7.026-v:214.000)-(t:7.047-v:213.000)-(t:7.070-v:212.000)-(t:7.093-v:211.000)-(t:7.121-v:210.000)-(t:7.144-v:207.000)-(t:7.168-v:206.000)-(t:7.190-v:204.000)-(t:7.210-v:201.000)-(t:7.235-v:200.000)-(t:7.255-v:196.000)-(t:7.281-v:195.000)-(t:7.318-v:194.000)-(t:7.366-v:193.000)-(t:7.393-v:191.000)-(t:7.420-v:189.000)-(t:7.445-v:188.000)-(t:7.473-v:186.000)-(t:7.499-v:184.000)-(t:7.526-v:183.000)-(t:7.570-v:181.000)-(t:7.593-v:179.000)-(t:7.634-v:178.000)-(t:7.657-v:177.000)-(t:7.679-v:174.000)-(t:7.703-v:173.000)-(t:7.728-v:172.000)-(t:7.748-v:171.000)-(t:7.776-v:170.000)-(t:7.800-v:168.000)-(t:7.822-v:167.000)-(t:7.844-v:166.000)-(t:7.867-v:165.000)-(t:7.892-v:164.000)-(t:7.912-v:163.000)-(t:7.934-v:162.000)-(t:7.956-v:161.000)-(t:7.974-v:158.000)-(t:7.991-v:157.000)-(t:8.016-v:155.000)-(t:8.042-v:154.000)-(t:8.063-v:153.000)-(t:8.086-v:152.000)-(t:8.106-v:151.000)-(t:8.129-v:149.000)-(t:8.150-v:148.000)-(t:8.173-v:147.000)-(t:8.192-v:146.000)-(t:8.217-v:145.000)-(t:8.235-v:144.000)-(t:8.264-v:143.000)-(t:8.291-v:142.000)-(t:8.311-v:141.000)-(t:8.349-v:140.000)-(t:8.373-v:139.000)-(t:8.397-v:138.000)-(t:8.448-v:137.000)-(t:8.468-v:136.000)-(t:8.490-v:135.000)-(t:8.516-v:134.000)-(t:8.543-v:133.000)-(t:8.561-v:132.000)-(t:8.594-v:131.000)-(t:8.617-v:129.000)-(t:8.642-v:127.000)-(t:8.666-v:126.000)-(t:8.691-v:125.000)-(t:8.715-v:124.000)-(t:8.735-v:123.000)-(t:8.757-v:121.000)-(t:8.783-v:120.000)-(t:8.861-v:119.000)-(t:8.892-v:117.000)-(t:8.919-v:116.000)-(t:8.946-v:115.000)-(t:9.007-v:114.000)-(t:9.037-v:112.000)-(t:9.061-v:111.000)-(t:9.106-v:110.000)-(t:9.163-v:109.000)-(t:9.190-v:108.000)-(t:9.222-v:107.000)-(t:9.245-v:106.000)-(t:9.273-v:105.000)-(t:9.305-v:103.000)-(t:9.330-v:101.000)-(t:9.364-v:100.000)-(t:9.392-v:99.000)-(t:9.414-v:98.000)-(t:9.441-v:97.000)-(t:9.470-v:96.000)-(t:9.524-v:95.000)-(t:9.546-v:94.000)-(t:9.570-v:93.000)-(t:9.622-v:92.000)-(t:9.650-v:91.000)-(t:9.681-v:90.000)-(t:9.711-v:89.000)-(t:9.733-v:87.000)-(t:9.762-v:85.000)-(t:9.789-v:84.000)-(t:9.808-v:83.000)-(t:9.831-v:82.000)-(t:9.854-v:81.000)-(t:9.875-v:80.000)-(t:9.894-v:79.000)-(t:9.916-v:78.000)-(t:9.936-v:77.000)-(t:9.955-v:76.000)-(t:9.975-v:75.000)-(t:10.002-v:73.000)-(t:10.033-v:72.000)-(t:10.058-v:71.000)-(t:10.084-v:69.000)-(t:10.115-v:68.000)-(t:10.139-v:67.000)-(t:10.164-v:66.000)-(t:10.241-v:65.000)-(t:10.265-v:63.000)-(t:10.291-v:62.000)-(t:10.320-v:61.000)-(t:10.357-v:60.000)-(t:10.454-v:59.000)-(t:10.497-v:58.000)-(t:10.520-v:57.000)-(t:10.547-v:56.000)-(t:10.571-v:55.000)-(t:10.593-v:54.000)-(t:10.616-v:53.000)-(t:10.683-v:52.000)-(t:10.708-v:51.000)-(t:10.740-v:50.000)-(t:10.765-v:49.000)-(t:10.804-v:48.000)-(t:10.839-v:47.000)-(t:10.977-v:46.000)-(t:11.014-v:45.000)-(t:11.038-v:44.000)-(t:11.064-v:43.000)-(t:11.100-v:42.000)-(t:11.170-v:41.000)-(t:11.669-v:40.000)-(t:11.811-v:39.000)-(t:11.835-v:38.000)-(t:11.870-v:37.000)-(t:12.007-v:36.000)-(t:12.034-v:35.000)-(t:12.226-v:34.000)-(t:12.259-v:33.000)-(t:12.301-v:32.000)-(t:12.321-v:31.000)-(t:12.361-v:30.000)-(t:12.387-v:29.000)-(t:12.413-v:28.000)-(t:12.471-v:27.000)-(t:12.517-v:26.000)-(t:12.556-v:25.000)-(t:12.622-v:24.000)-(t:12.685-v:23.000)-(t:12.710-v:22.000)-(t:12.761-v:21.000)-(t:12.812-v:20.000)-(t:12.874-v:19.000)-(t:12.952-v:18.000)-(t:13.016-v:17.000)-(t:14.215-v:16.000)-(t:14.246-v:15.000)-(t:17.394-v:14.000)-(t:17.502-v:13.000)-(t:17.570-v:12.000)-(t:17.642-v:11.000)-(t:17.805-v:10.000)-(t:20.192-v:9.000)-(t:21.202-v:8.000)-(t:21.239-v:7.000)-(t:32.214-v:6.000)-(t:40.261-v:5.000)-(t:40.488-v:4.000)-(t:47.228-v:3.000)-(t:59.365-v:2.000)-(t:60.323-v:1.000)-(t:239.356-v:0.000)],239.356
examples/csp/csp_200/pb_200_08.txt,dqn,r1,300,8.0,[(t:5.806-v:231.000)-(t:5.818-v:230.000)-(t:5.829-v:228.000)-(t:5.848-v:226.000)-(t:5.862-v:225.000)-(t:5.878-v:224.000)-(t:5.888-v:223.000)-(t:5.898-v:222.000)-(t:5.906-v:220.000)-(t:5.916-v:217.000)-(t:5.928-v:214.000)-(t:5.937-v:213.000)-(t:5.947-v:212.000)-(t:5.956-v:211.000)-(t:5.964-v:210.000)-(t:5.970-v:207.000)-(t:5.979-v:204.000)-(t:5.991-v:201.000)-(t:6.001-v:200.000)-(t:6.010-v:198.000)-(t:6.019-v:194.000)-(t:6.026-v:193.000)-(t:6.032-v:192.000)-(t:6.040-v:189.000)-(t:6.049-v:188.000)-(t:6.057-v:186.000)-(t:6.064-v:185.000)-(t:6.073-v:184.000)-(t:6.082-v:183.000)-(t:6.088-v:182.000)-(t:6.103-v:179.000)-(t:6.113-v:178.000)-(t:6.122-v:177.000)-(t:6.130-v:175.000)-(t:6.137-v:173.000)-(t:6.143-v:172.000)-(t:6.151-v:168.000)-(t:6.159-v:167.000)-(t:6.165-v:166.000)-(t:6.172-v:164.000)-(t:6.180-v:163.000)-(t:6.188-v:162.000)-(t:6.196-v:160.000)-(t:6.210-v:159.000)-(t:6.223-v:158.000)-(t:6.228-v:157.000)-(t:6.236-v:155.000)-(t:6.241-v:153.000)-(t:6.250-v:152.000)-(t:6.260-v:151.000)-(t:6.268-v:149.000)-(t:6.274-v:147.000)-(t:6.280-v:145.000)-(t:6.286-v:143.000)-(t:6.295-v:142.000)-(t:6.322-v:141.000)-(t:6.330-v:140.000)-(t:6.339-v:139.000)-(t:6.347-v:138.000)-(t:6.354-v:137.000)-(t:6.392-v:133.000)-(t:6.409-v:132.000)-(t:6.427-v:131.000)-(t:6.446-v:130.000)-(t:6.462-v:128.000)-(t:6.479-v:126.000)-(t:6.494-v:124.000)-(t:6.515-v:123.000)-(t:6.532-v:121.000)-(t:6.545-v:120.000)-(t:6.559-v:119.000)-(t:6.589-v:118.000)-(t:6.608-v:115.000)-(t:6.627-v:114.000)-(t:6.644-v:112.000)-(t:6.666-v:111.000)-(t:6.683-v:110.000)-(t:6.702-v:105.000)-(t:6.721-v:103.000)-(t:6.742-v:102.000)-(t:6.763-v:101.000)-(t:6.779-v:100.000)-(t:6.802-v:99.000)-(t:6.819-v:98.000)-(t:6.851-v:96.000)-(t:6.876-v:95.000)-(t:6.916-v:94.000)-(t:6.938-v:93.000)-(t:6.951-v:91.000)-(t:6.967-v:89.000)-(t:6.979-v:88.000)-(t:6.995-v:87.000)-(t:7.011-v:86.000)-(t:7.027-v:85.000)-(t:7.041-v:84.000)-(t:7.057-v:83.000)-(t:7.070-v:82.000)-(t:7.084-v:81.000)-(t:7.109-v:80.000)-(t:7.124-v:79.000)-(t:7.152-v:77.000)-(t:7.200-v:76.000)-(t:7.218-v:75.000)-(t:7.274-v:74.000)-(t:7.309-v:73.000)-(t:7.330-v:71.000)-(t:7.352-v:70.000)-(t:7.396-v:69.000)-(t:7.413-v:68.000)-(t:7.434-v:67.000)-(t:7.454-v:66.000)-(t:7.503-v:65.000)-(t:7.523-v:64.000)-(t:7.543-v:63.000)-(t:7.587-v:62.000)-(t:7.610-v:61.000)-(t:7.634-v:60.000)-(t:7.651-v:58.000)-(t:7.671-v:57.000)-(t:7.717-v:56.000)-(t:7.734-v:55.000)-(t:7.756-v:53.000)-(t:7.772-v:52.000)-(t:7.790-v:51.000)-(t:7.810-v:50.000)-(t:7.840-v:49.000)-(t:7.858-v:48.000)-(t:7.872-v:47.000)-(t:7.921-v:46.000)-(t:7.957-v:45.000)-(t:7.974-v:44.000)-(t:7.995-v:43.000)-(t:8.032-v:42.000)-(t:8.052-v:41.000)-(t:8.072-v:40.000)-(t:8.090-v:39.000)-(t:8.114-v:38.000)-(t:8.187-v:37.000)-(t:8.204-v:36.000)-(t:8.227-v:35.000)-(t:8.316-v:34.000)-(t:8.378-v:33.000)-(t:8.411-v:32.000)-(t:8.441-v:31.000)-(t:8.471-v:30.000)-(t:8.495-v:29.000)-(t:8.529-v:28.000)-(t:8.574-v:27.000)-(t:8.599-v:26.000)-(t:8.625-v:25.000)-(t:8.655-v:24.000)-(t:8.690-v:23.000)-(t:8.724-v:22.000)-(t:8.769-v:21.000)-(t:8.787-v:20.000)-(t:9.005-v:19.000)-(t:9.034-v:18.000)-(t:9.063-v:17.000)-(t:9.111-v:16.000)-(t:9.138-v:15.000)-(t:9.176-v:14.000)-(t:9.209-v:13.000)-(t:9.260-v:12.000)-(t:9.310-v:11.000)-(t:9.365-v:10.000)-(t:15.994-v:9.000)-(t:60.417-v:8.000)],300.0
examples/csp/csp_200/pb_200_09.txt,dqn,r1,300,10.0,[(t:5.493-v:237.000)-(t:5.504-v:236.000)-(t:5.515-v:233.000)-(t:5.543-v:232.000)-(t:5.561-v:231.000)-(t:5.576-v:229.000)-(t:5.584-v:226.000)-(t:5.594-v:225.000)-(t:5.604-v:224.000)-(t:5.615-v:223.000)-(t:5.628-v:221.000)-(t:5.638-v:219.000)-(t:5.646-v:216.000)-(t:5.658-v:215.000)-(t:5.665-v:209.000)-(t:5.676-v:207.000)-(t:5.682-v:206.000)-(t:5.692-v:203.000)-(t:5.700-v:201.000)-(t:5.707-v:197.000)-(t:5.716-v:195.000)-(t:5.726-v:194.000)-(t:5.734-v:193.000)-(t:5.744-v:191.000)-(t:5.755-v:190.000)-(t:5.763-v:189.000)-(t:5.769-v:188.000)-(t:5.777-v:187.000)-(t:5.785-v:185.000)-(t:5.793-v:184.000)-(t:5.807-v:183.000)-(t:5.816-v:182.000)-(t:5.824-v:181.000)-(t:5.831-v:180.000)-(t:5.839-v:179.000)-(t:5.846-v:178.000)-(t:5.858-v:177.000)-(t:5.868-v:176.000)-(t:5.877-v:175.000)-(t:5.884-v:172.000)-(t:5.895-v:171.000)-(t:5.905-v:170.000)-(t:5.914-v:169.000)-(t:5.922-v:168.000)-(t:5.929-v:166.000)-(t:5.936-v:165.000)-(t:5.946-v:164.000)-(t:5.953-v:163.000)-(t:5.959-v:162.000)-(t:5.965-v:161.000)-(t:5.971-v:160.000)-(t:5.978-v:159.000)-(t:5.985-v:156.000)-(t:5.991-v:154.000)-(t:5.997-v:153.000)-(t:6.003-v:152.000)-(t:6.009-v:151.000)-(t:6.014-v:150.000)-(t:6.022-v:146.000)-(t:6.030-v:145.000)-(t:6.086-v:143.000)-(t:6.116-v:142.000)-(t:6.136-v:141.000)-(t:6.157-v:140.000)-(t:6.175-v:139.000)-(t:6.191-v:136.000)-(t:6.208-v:133.000)-(t:6.224-v:132.000)-(t:6.241-v:130.000)-(t:6.259-v:128.000)-(t:6.275-v:127.000)-(t:6.298-v:126.000)-(t:6.312-v:125.000)-(t:6.328-v:124.000)-(t:6.344-v:123.000)-(t:6.366-v:122.000)-(t:6.381-v:121.000)-(t:6.397-v:119.000)-(t:6.416-v:118.000)-(t:6.431-v:117.000)-(t:6.447-v:116.000)-(t:6.461-v:115.000)-(t:6.480-v:113.000)-(t:6.497-v:112.000)-(t:6.543-v:111.000)-(t:6.557-v:110.000)-(t:6.590-v:109.000)-(t:6.609-v:108.000)-(t:6.624-v:106.000)-(t:6.640-v:105.000)-(t:6.660-v:103.000)-(t:6.675-v:102.000)-(t:6.693-v:101.000)-(t:6.711-v:99.000)-(t:6.725-v:97.000)-(t:6.790-v:96.000)-(t:6.809-v:94.000)-(t:6.831-v:93.000)-(t:6.856-v:92.000)-(t:6.883-v:91.000)-(t:6.906-v:90.000)-(t:6.952-v:89.000)-(t:6.971-v:87.000)-(t:7.029-v:86.000)-(t:7.046-v:84.000)-(t:7.064-v:82.000)-(t:7.080-v:81.000)-(t:7.097-v:80.000)-(t:7.117-v:79.000)-(t:7.159-v:78.000)-(t:7.205-v:77.000)-(t:7.231-v:76.000)-(t:7.250-v:75.000)-(t:7.267-v:74.000)-(t:7.335-v:73.000)-(t:7.354-v:71.000)-(t:7.377-v:70.000)-(t:7.397-v:69.000)-(t:7.416-v:68.000)-(t:7.444-v:67.000)-(t:7.462-v:66.000)-(t:7.484-v:65.000)-(t:7.499-v:64.000)-(t:7.518-v:63.000)-(t:7.533-v:62.000)-(t:7.600-v:61.000)-(t:7.622-v:60.000)-(t:7.659-v:59.000)-(t:7.676-v:58.000)-(t:7.739-v:57.000)-(t:7.759-v:56.000)-(t:7.776-v:55.000)-(t:7.796-v:54.000)-(t:7.814-v:53.000)-(t:7.833-v:52.000)-(t:7.893-v:51.000)-(t:7.955-v:50.000)-(t:7.976-v:49.000)-(t:7.994-v:48.000)-(t:8.013-v:47.000)-(t:8.074-v:46.000)-(t:8.094-v:45.000)-(t:8.113-v:44.000)-(t:8.135-v:43.000)-(t:8.163-v:42.000)-(t:8.184-v:41.000)-(t:8.236-v:40.000)-(t:8.259-v:39.000)-(t:8.295-v:38.000)-(t:8.317-v:37.000)-(t:8.339-v:36.000)-(t:8.363-v:35.000)-(t:8.385-v:34.000)-(t:8.469-v:33.000)-(t:8.503-v:32.000)-(t:8.526-v:31.000)-(t:8.561-v:30.000)-(t:8.584-v:29.000)-(t:8.613-v:28.000)-(t:8.737-v:27.000)-(t:8.794-v:26.000)-(t:8.839-v:25.000)-(t:8.864-v:24.000)-(t:8.977-v:23.000)-(t:9.005-v:22.000)-(t:9.159-v:21.000)-(t:9.270-v:20.000)-(t:10.757-v:19.000)-(t:10.788-v:18.000)-(t:10.853-v:17.000)-(t:10.969-v:16.000)-(t:11.896-v:15.000)-(t:16.841-v:14.000)-(t:19.147-v:13.000)-(t:19.198-v:12.000)-(t:25.284-v:11.000)-(t:25.393-v:10.000)],300.0
examples/csp/csp_200/pb_200_10.txt,dqn,r1,300,19.0,[(t:5.252-v:248.000)-(t:5.261-v:247.000)-(t:5.271-v:244.000)-(t:5.287-v:242.000)-(t:5.302-v:239.000)-(t:5.313-v:238.000)-(t:5.320-v:236.000)-(t:5.330-v:232.000)-(t:5.338-v:230.000)-(t:5.348-v:229.000)-(t:5.354-v:226.000)-(t:5.363-v:225.000)-(t:5.372-v:224.000)-(t:5.381-v:223.000)-(t:5.389-v:220.000)-(t:5.405-v:217.000)-(t:5.414-v:214.000)-(t:5.426-v:213.000)-(t:5.435-v:210.000)-(t:5.443-v:209.000)-(t:5.450-v:208.000)-(t:5.461-v:205.000)-(t:5.473-v:204.000)-(t:5.479-v:202.000)-(t:5.488-v:200.000)-(t:5.496-v:199.000)-(t:5.504-v:194.000)-(t:5.513-v:193.000)-(t:5.523-v:189.000)-(t:5.529-v:188.000)-(t:5.537-v:187.000)-(t:5.544-v:185.000)-(t:5.553-v:184.000)-(t:5.559-v:180.000)-(t:5.566-v:179.000)-(t:5.574-v:173.000)-(t:5.581-v:172.000)-(t:5.587-v:171.000)-(t:5.596-v:167.000)-(t:5.601-v:163.000)-(t:5.609-v:162.000)-(t:5.616-v:158.000)-(t:5.624-v:157.000)-(t:5.635-v:156.000)-(t:5.644-v:155.000)-(t:5.653-v:153.000)-(t:5.672-v:151.000)-(t:5.679-v:150.000)-(t:5.684-v:148.000)-(t:5.689-v:147.000)-(t:5.697-v:145.000)-(t:5.705-v:144.000)-(t:5.714-v:143.000)-(t:5.721-v:141.000)-(t:5.728-v:140.000)-(t:5.755-v:139.000)-(t:5.776-v:138.000)-(t:5.785-v:137.000)-(t:5.794-v:136.000)-(t:5.843-v:134.000)-(t:5.858-v:128.000)-(t:5.874-v:127.000)-(t:5.890-v:126.000)-(t:5.905-v:125.000)-(t:5.922-v:122.000)-(t:5.939-v:121.000)-(t:5.955-v:120.000)-(t:5.969-v:119.000)-(t:5.984-v:116.000)-(t:6.001-v:115.000)-(t:6.025-v:114.000)-(t:6.042-v:113.000)-(t:6.058-v:112.000)-(t:6.073-v:111.000)-(t:6.088-v:110.000)-(t:6.106-v:108.000)-(t:6.125-v:107.000)-(t:6.140-v:106.000)-(t:6.165-v:105.000)-(t:6.181-v:104.000)-(t:6.206-v:103.000)-(t:6.222-v:102.000)-(t:6.240-v:99.000)-(t:6.255-v:98.000)-(t:6.274-v:96.000)-(t:6.292-v:95.000)-(t:6.308-v:94.000)-(t:6.324-v:93.000)-(t:6.339-v:92.000)-(t:6.352-v:91.000)-(t:6.367-v:89.000)-(t:6.381-v:86.000)-(t:6.395-v:85.000)-(t:6.409-v:84.000)-(t:6.423-v:83.000)-(t:6.436-v:82.000)-(t:6.453-v:81.000)-(t:6.468-v:80.000)-(t:6.491-v:79.000)-(t:6.512-v:77.000)-(t:6.529-v:76.000)-(t:6.552-v:75.000)-(t:6.588-v:74.000)-(t:6.610-v:73.000)-(t:6.626-v:72.000)-(t:6.650-v:71.000)-(t:6.669-v:70.000)-(t:6.686-v:67.000)-(t:6.710-v:66.000)-(t:6.746-v:65.000)-(t:6.759-v:64.000)-(t:6.774-v:63.000)-(t:6.790-v:62.000)-(t:6.823-v:61.000)-(t:6.839-v:60.000)-(t:6.857-v:59.000)-(t:6.880-v:58.000)-(t:6.907-v:57.000)-(t:6.931-v:55.000)-(t:6.950-v:54.000)-(t:6.969-v:53.000)-(t:6.999-v:52.000)-(t:7.022-v:51.000)-(t:7.051-v:50.000)-(t:7.087-v:49.000)-(t:7.106-v:48.000)-(t:7.125-v:47.000)-(t:7.145-v:46.000)-(t:7.178-v:45.000)-(t:7.195-v:44.000)-(t:7.210-v:43.000)-(t:7.238-v:42.000)-(t:7.260-v:41.000)-(t:7.289-v:40.000)-(t:7.308-v:39.000)-(t:7.326-v:38.000)-(t:7.365-v:37.000)-(t:7.385-v:36.000)-(t:7.448-v:35.000)-(t:7.523-v:34.000)-(t:7.555-v:33.000)-(t:7.579-v:32.000)-(t:7.605-v:31.000)-(t:7.630-v:30.000)-(t:7.677-v:29.000)-(t:7.703-v:28.000)-(t:7.840-v:27.000)-(t:7.997-v:26.000)-(t:8.022-v:25.000)-(t:8.039-v:24.000)-(t:8.060-v:23.000)-(t:10.571-v:22.000)-(t:10.606-v:21.000)-(t:26.751-v:20.000)-(t:261.410-v:19.000)],300.0
examples/csp/csp_300/carseq_300_8_20_40.txt,dqn,r1,300,2.0,[(t:4.571-v:369.000)-(t:4.591-v:364.000)-(t:4.605-v:363.000)-(t:4.630-v:362.000)-(t:4.645-v:360.000)-(t:4.663-v:359.000)-(t:4.677-v:358.000)-(t:4.693-v:357.000)-(t:4.708-v:356.000)-(t:4.724-v:353.000)-(t:4.734-v:350.000)-(t:4.746-v:349.000)-(t:4.755-v:346.000)-(t:4.764-v:345.000)-(t:4.774-v:343.000)-(t:4.789-v:341.000)-(t:4.801-v:340.000)-(t:4.817-v:334.000)-(t:4.828-v:333.000)-(t:4.837-v:329.000)-(t:4.850-v:328.000)-(t:4.864-v:327.000)-(t:4.872-v:326.000)-(t:4.881-v:325.000)-(t:4.891-v:324.000)-(t:4.905-v:323.000)-(t:4.915-v:322.000)-(t:4.926-v:320.000)-(t:4.937-v:318.000)-(t:4.947-v:317.000)-(t:4.953-v:316.000)-(t:4.962-v:313.000)-(t:4.970-v:312.000)-(t:4.980-v:309.000)-(t:4.990-v:308.000)-(t:5.007-v:306.000)-(t:5.018-v:305.000)-(t:5.027-v:303.000)-(t:5.038-v:301.000)-(t:5.046-v:300.000)-(t:5.054-v:299.000)-(t:5.067-v:298.000)-(t:5.075-v:297.000)-(t:5.098-v:296.000)-(t:5.111-v:295.000)-(t:5.122-v:294.000)-(t:5.135-v:293.000)-(t:5.146-v:292.000)-(t:5.159-v:291.000)-(t:5.171-v:290.000)-(t:5.179-v:289.000)-(t:5.191-v:288.000)-(t:5.202-v:286.000)-(t:5.212-v:284.000)-(t:5.225-v:283.000)-(t:5.236-v:282.000)-(t:5.243-v:278.000)-(t:5.253-v:275.000)-(t:5.261-v:273.000)-(t:5.272-v:271.000)-(t:5.316-v:269.000)-(t:5.336-v:265.000)-(t:5.353-v:264.000)-(t:5.373-v:263.000)-(t:5.396-v:262.000)-(t:5.418-v:260.000)-(t:5.444-v:259.000)-(t:5.467-v:258.000)-(t:5.489-v:257.000)-(t:5.508-v:256.000)-(t:5.528-v:254.000)-(t:5.547-v:253.000)-(t:5.566-v:250.000)-(t:5.587-v:249.000)-(t:5.611-v:247.000)-(t:5.632-v:246.000)-(t:5.654-v:245.000)-(t:5.675-v:243.000)-(t:5.699-v:242.000)-(t:5.722-v:241.000)-(t:5.741-v:240.000)-(t:5.762-v:237.000)-(t:5.787-v:236.000)-(t:5.809-v:234.000)-(t:5.828-v:233.000)-(t:5.849-v:232.000)-(t:5.886-v:231.000)-(t:5.910-v:227.000)-(t:5.936-v:224.000)-(t:5.959-v:223.000)-(t:5.984-v:222.000)-(t:6.006-v:221.000)-(t:6.029-v:220.000)-(t:6.054-v:218.000)-(t:6.078-v:217.000)-(t:6.098-v:215.000)-(t:6.116-v:214.000)-(t:6.136-v:213.000)-(t:6.154-v:212.000)-(t:6.178-v:210.000)-(t:6.202-v:209.000)-(t:6.222-v:208.000)-(t:6.241-v:207.000)-(t:6.265-v:206.000)-(t:6.284-v:205.000)-(t:6.303-v:203.000)-(t:6.325-v:202.000)-(t:6.352-v:201.000)-(t:6.372-v:198.000)-(t:6.396-v:196.000)-(t:6.425-v:195.000)-(t:6.452-v:194.000)-(t:6.475-v:193.000)-(t:6.498-v:192.000)-(t:6.519-v:191.000)-(t:6.544-v:190.000)-(t:6.605-v:189.000)-(t:6.634-v:188.000)-(t:6.663-v:187.000)-(t:6.685-v:186.000)-(t:6.712-v:185.000)-(t:6.732-v:184.000)-(t:6.759-v:182.000)-(t:6.788-v:180.000)-(t:6.812-v:179.000)-(t:6.840-v:178.000)-(t:6.862-v:177.000)-(t:6.889-v:176.000)-(t:6.910-v:175.000)-(t:6.931-v:173.000)-(t:6.951-v:172.000)-(t:6.973-v:169.000)-(t:6.998-v:167.000)-(t:7.022-v:166.000)-(t:7.044-v:165.000)-(t:7.073-v:164.000)-(t:7.097-v:163.000)-(t:7.119-v:162.000)-(t:7.139-v:159.000)-(t:7.158-v:158.000)-(t:7.177-v:157.000)-(t:7.199-v:156.000)-(t:7.223-v:155.000)-(t:7.242-v:154.000)-(t:7.262-v:152.000)-(t:7.283-v:151.000)-(t:7.304-v:150.000)-(t:7.324-v:149.000)-(t:7.344-v:148.000)-(t:7.369-v:147.000)-(t:7.389-v:146.000)-(t:7.407-v:145.000)-(t:7.426-v:144.000)-(t:7.446-v:143.000)-(t:7.471-v:142.000)-(t:7.494-v:141.000)-(t:7.536-v:140.000)-(t:7.559-v:139.000)-(t:7.578-v:138.000)-(t:7.610-v:137.000)-(t:7.632-v:136.000)-(t:7.653-v:135.000)-(t:7.677-v:134.000)-(t:7.697-v:133.000)-(t:7.720-v:132.000)-(t:7.747-v:131.000)-(t:7.767-v:130.000)-(t:7.791-v:129.000)-(t:7.811-v:128.000)-(t:7.830-v:127.000)-(t:7.851-v:126.000)-(t:7.871-v:125.000)-(t:7.914-v:124.000)-(t:7.931-v:123.000)-(t:7.952-v:122.000)-(t:7.977-v:121.000)-(t:8.000-v:120.000)-(t:8.019-v:119.000)-(t:8.041-v:118.000)-(t:8.067-v:117.000)-(t:8.093-v:116.000)-(t:8.136-v:115.000)-(t:8.162-v:114.000)-(t:8.183-v:113.000)-(t:8.202-v:112.000)-(t:8.224-v:111.000)-(t:8.248-v:110.000)-(t:8.270-v:109.000)-(t:8.292-v:108.000)-(t:8.330-v:107.000)-(t:8.353-v:106.000)-(t:8.376-v:105.000)-(t:8.397-v:104.000)-(t:8.416-v:103.000)-(t:8.441-v:102.000)-(t:8.460-v:101.000)-(t:8.487-v:99.000)-(t:8.513-v:98.000)-(t:8.537-v:97.000)-(t:8.557-v:94.000)-(t:8.586-v:93.000)-(t:8.608-v:92.000)-(t:8.639-v:91.000)-(t:8.682-v:90.000)-(t:8.759-v:89.000)-(t:8.789-v:88.000)-(t:8.816-v:87.000)-(t:8.878-v:86.000)-(t:8.900-v:85.000)-(t:8.923-v:83.000)-(t:8.951-v:82.000)-(t:8.975-v:81.000)-(t:8.995-v:80.000)-(t:9.019-v:79.000)-(t:9.054-v:78.000)-(t:9.087-v:77.000)-(t:9.116-v:76.000)-(t:9.152-v:75.000)-(t:9.181-v:74.000)-(t:9.202-v:73.000)-(t:9.248-v:72.000)-(t:9.275-v:71.000)-(t:9.312-v:70.000)-(t:9.335-v:69.000)-(t:9.381-v:68.000)-(t:9.410-v:67.000)-(t:9.483-v:66.000)-(t:9.512-v:65.000)-(t:9.543-v:64.000)-(t:9.599-v:63.000)-(t:9.627-v:62.000)-(t:9.695-v:61.000)-(t:9.744-v:60.000)-(t:9.863-v:59.000)-(t:9.919-v:58.000)-(t:10.051-v:57.000)-(t:10.073-v:56.000)-(t:10.101-v:55.000)-(t:10.129-v:54.000)-(t:10.286-v:53.000)-(t:10.320-v:52.000)-(t:10.351-v:51.000)-(t:10.386-v:50.000)-(t:10.429-v:49.000)-(t:10.550-v:48.000)-(t:10.579-v:47.000)-(t:10.694-v:46.000)-(t:10.719-v:45.000)-(t:10.748-v:44.000)-(t:10.812-v:43.000)-(t:10.883-v:42.000)-(t:11.351-v:41.000)-(t:11.383-v:40.000)-(t:11.417-v:39.000)-(t:11.447-v:38.000)-(t:11.479-v:37.000)-(t:11.550-v:36.000)-(t:11.629-v:35.000)-(t:11.670-v:34.000)-(t:11.878-v:33.000)-(t:11.929-v:32.000)-(t:11.997-v:31.000)-(t:12.075-v:30.000)-(t:12.165-v:29.000)-(t:12.198-v:28.000)-(t:12.286-v:27.000)-(t:12.307-v:26.000)-(t:12.358-v:25.000)-(t:12.402-v:24.000)-(t:12.453-v:23.000)-(t:12.476-v:22.000)-(t:12.514-v:21.000)-(t:12.604-v:20.000)-(t:13.714-v:19.000)-(t:13.874-v:18.000)-(t:14.201-v:17.000)-(t:14.288-v:16.000)-(t:19.443-v:15.000)-(t:21.962-v:14.000)-(t:27.767-v:13.000)-(t:31.435-v:12.000)-(t:31.464-v:11.000)-(t:33.451-v:10.000)-(t:33.626-v:9.000)-(t:46.646-v:8.000)-(t:54.216-v:7.000)-(t:54.359-v:6.000)-(t:54.399-v:5.000)-(t:54.527-v:4.000)-(t:156.583-v:3.000)-(t:285.907-v:2.000)],300.0
examples/csp/csp_300/carseq_300_8_20_78.txt,dqn,r1,300,1.0,[(t:4.455-v:387.000)-(t:4.469-v:381.000)-(t:4.479-v:376.000)-(t:4.496-v:368.000)-(t:4.509-v:366.000)-(t:4.518-v:364.000)-(t:4.526-v:363.000)-(t:4.534-v:359.000)-(t:4.551-v:358.000)-(t:4.562-v:357.000)-(t:4.570-v:356.000)-(t:4.580-v:355.000)-(t:4.589-v:354.000)-(t:4.599-v:353.000)-(t:4.607-v:349.000)-(t:4.617-v:345.000)-(t:4.628-v:343.000)-(t:4.642-v:341.000)-(t:4.656-v:339.000)-(t:4.666-v:335.000)-(t:4.675-v:333.000)-(t:4.684-v:332.000)-(t:4.694-v:330.000)-(t:4.703-v:329.000)-(t:4.712-v:328.000)-(t:4.721-v:325.000)-(t:4.728-v:323.000)-(t:4.740-v:322.000)-(t:4.748-v:321.000)-(t:4.755-v:319.000)-(t:4.761-v:318.000)-(t:4.769-v:316.000)-(t:4.777-v:314.000)-(t:4.784-v:313.000)-(t:4.790-v:312.000)-(t:4.797-v:311.000)-(t:4.808-v:310.000)-(t:4.822-v:307.000)-(t:4.830-v:305.000)-(t:4.839-v:298.000)-(t:4.860-v:297.000)-(t:4.870-v:296.000)-(t:4.878-v:295.000)-(t:4.900-v:293.000)-(t:4.910-v:292.000)-(t:4.920-v:291.000)-(t:4.929-v:290.000)-(t:4.938-v:289.000)-(t:4.947-v:288.000)-(t:4.958-v:287.000)-(t:4.966-v:286.000)-(t:4.977-v:285.000)-(t:4.985-v:283.000)-(t:4.994-v:282.000)-(t:5.002-v:281.000)-(t:5.010-v:279.000)-(t:5.018-v:278.000)-(t:5.032-v:276.000)-(t:5.041-v:272.000)-(t:5.055-v:271.000)-(t:5.095-v:269.000)-(t:5.113-v:268.000)-(t:5.134-v:267.000)-(t:5.158-v:266.000)-(t:5.179-v:265.000)-(t:5.202-v:264.000)-(t:5.223-v:263.000)-(t:5.243-v:258.000)-(t:5.263-v:255.000)-(t:5.284-v:254.000)-(t:5.305-v:251.000)-(t:5.327-v:250.000)-(t:5.352-v:249.000)-(t:5.375-v:248.000)-(t:5.397-v:247.000)-(t:5.420-v:245.000)-(t:5.448-v:244.000)-(t:5.472-v:243.000)-(t:5.505-v:240.000)-(t:5.529-v:239.000)-(t:5.555-v:238.000)-(t:5.574-v:236.000)-(t:5.594-v:235.000)-(t:5.616-v:233.000)-(t:5.668-v:232.000)-(t:5.694-v:231.000)-(t:5.740-v:230.000)-(t:5.764-v:229.000)-(t:5.789-v:228.000)-(t:5.809-v:227.000)-(t:5.827-v:226.000)-(t:5.846-v:225.000)-(t:5.870-v:223.000)-(t:5.891-v:222.000)-(t:5.915-v:221.000)-(t:5.934-v:220.000)-(t:5.955-v:219.000)-(t:5.972-v:218.000)-(t:5.990-v:216.000)-(t:6.009-v:215.000)-(t:6.028-v:213.000)-(t:6.058-v:212.000)-(t:6.076-v:211.000)-(t:6.096-v:210.000)-(t:6.114-v:209.000)-(t:6.132-v:208.000)-(t:6.152-v:207.000)-(t:6.171-v:206.000)-(t:6.191-v:205.000)-(t:6.219-v:203.000)-(t:6.241-v:202.000)-(t:6.262-v:198.000)-(t:6.284-v:197.000)-(t:6.303-v:196.000)-(t:6.324-v:195.000)-(t:6.343-v:194.000)-(t:6.364-v:192.000)-(t:6.384-v:191.000)-(t:6.404-v:189.000)-(t:6.421-v:188.000)-(t:6.440-v:187.000)-(t:6.460-v:186.000)-(t:6.479-v:185.000)-(t:6.507-v:184.000)-(t:6.526-v:183.000)-(t:6.545-v:182.000)-(t:6.565-v:181.000)-(t:6.585-v:180.000)-(t:6.605-v:179.000)-(t:6.625-v:178.000)-(t:6.644-v:177.000)-(t:6.662-v:176.000)-(t:6.680-v:175.000)-(t:6.699-v:174.000)-(t:6.718-v:173.000)-(t:6.755-v:172.000)-(t:6.785-v:171.000)-(t:6.804-v:170.000)-(t:6.823-v:169.000)-(t:6.844-v:168.000)-(t:6.867-v:167.000)-(t:6.885-v:166.000)-(t:6.904-v:165.000)-(t:6.921-v:164.000)-(t:6.942-v:163.000)-(t:6.960-v:162.000)-(t:6.980-v:161.000)-(t:7.004-v:160.000)-(t:7.026-v:158.000)-(t:7.046-v:157.000)-(t:7.067-v:155.000)-(t:7.083-v:154.000)-(t:7.098-v:153.000)-(t:7.121-v:152.000)-(t:7.140-v:151.000)-(t:7.159-v:150.000)-(t:7.186-v:149.000)-(t:7.204-v:148.000)-(t:7.222-v:147.000)-(t:7.250-v:146.000)-(t:7.267-v:145.000)-(t:7.285-v:143.000)-(t:7.304-v:141.000)-(t:7.324-v:140.000)-(t:7.345-v:139.000)-(t:7.371-v:138.000)-(t:7.396-v:137.000)-(t:7.417-v:135.000)-(t:7.437-v:134.000)-(t:7.461-v:133.000)-(t:7.482-v:132.000)-(t:7.501-v:131.000)-(t:7.521-v:130.000)-(t:7.547-v:129.000)-(t:7.601-v:128.000)-(t:7.626-v:126.000)-(t:7.648-v:125.000)-(t:7.668-v:124.000)-(t:7.755-v:123.000)-(t:7.777-v:121.000)-(t:7.804-v:120.000)-(t:7.930-v:119.000)-(t:8.035-v:118.000)-(t:8.057-v:117.000)-(t:8.076-v:116.000)-(t:8.097-v:114.000)-(t:8.122-v:112.000)-(t:8.146-v:111.000)-(t:8.166-v:110.000)-(t:8.188-v:109.000)-(t:8.206-v:108.000)-(t:8.224-v:107.000)-(t:8.242-v:105.000)-(t:8.259-v:104.000)-(t:8.277-v:103.000)-(t:8.294-v:102.000)-(t:8.311-v:101.000)-(t:8.327-v:100.000)-(t:8.344-v:99.000)-(t:8.361-v:97.000)-(t:8.380-v:96.000)-(t:8.396-v:95.000)-(t:8.427-v:94.000)-(t:8.492-v:93.000)-(t:8.511-v:92.000)-(t:8.533-v:89.000)-(t:8.557-v:88.000)-(t:8.666-v:87.000)-(t:8.752-v:86.000)-(t:8.787-v:84.000)-(t:8.817-v:83.000)-(t:8.845-v:82.000)-(t:8.870-v:81.000)-(t:8.894-v:80.000)-(t:8.914-v:79.000)-(t:9.007-v:78.000)-(t:9.033-v:77.000)-(t:9.085-v:76.000)-(t:9.105-v:75.000)-(t:9.130-v:74.000)-(t:9.161-v:73.000)-(t:9.186-v:72.000)-(t:9.211-v:71.000)-(t:9.239-v:69.000)-(t:9.264-v:68.000)-(t:9.307-v:67.000)-(t:9.385-v:65.000)-(t:9.565-v:64.000)-(t:9.589-v:63.000)-(t:9.608-v:62.000)-(t:9.631-v:61.000)-(t:9.656-v:60.000)-(t:9.691-v:59.000)-(t:9.948-v:58.000)-(t:10.006-v:57.000)-(t:10.063-v:56.000)-(t:10.330-v:55.000)-(t:10.390-v:54.000)-(t:10.504-v:53.000)-(t:10.564-v:52.000)-(t:10.638-v:51.000)-(t:10.704-v:50.000)-(t:10.947-v:49.000)-(t:11.055-v:48.000)-(t:11.092-v:46.000)-(t:11.288-v:45.000)-(t:11.313-v:44.000)-(t:11.582-v:43.000)-(t:12.046-v:42.000)-(t:12.071-v:41.000)-(t:12.115-v:40.000)-(t:12.152-v:39.000)-(t:12.179-v:38.000)-(t:12.210-v:37.000)-(t:12.246-v:36.000)-(t:12.445-v:35.000)-(t:12.500-v:33.000)-(t:12.528-v:32.000)-(t:12.571-v:31.000)-(t:12.634-v:30.000)-(t:12.662-v:29.000)-(t:12.745-v:28.000)-(t:12.781-v:27.000)-(t:12.842-v:26.000)-(t:12.875-v:25.000)-(t:12.926-v:24.000)-(t:12.952-v:23.000)-(t:13.051-v:22.000)-(t:13.097-v:21.000)-(t:13.154-v:20.000)-(t:13.181-v:19.000)-(t:13.279-v:18.000)-(t:13.343-v:17.000)-(t:14.072-v:16.000)-(t:14.203-v:15.000)-(t:14.733-v:14.000)-(t:14.819-v:13.000)-(t:14.943-v:12.000)-(t:17.558-v:11.000)-(t:17.611-v:10.000)-(t:17.696-v:9.000)-(t:17.781-v:8.000)-(t:17.919-v:7.000)-(t:18.082-v:6.000)-(t:21.856-v:5.000)-(t:24.459-v:4.000)-(t:31.847-v:3.000)-(t:31.934-v:2.000)-(t:33.526-v:1.000)],300.0
examples/csp/csp_300/carseq_300_8_20_81.txt,dqn,r1,300,1.0,[(t:5.496-v:387.000)-(t:5.509-v:383.000)-(t:5.521-v:378.000)-(t:5.545-v:375.000)-(t:5.563-v:372.000)-(t:5.577-v:371.000)-(t:5.587-v:369.000)-(t:5.598-v:364.000)-(t:5.610-v:362.000)-(t:5.623-v:360.000)-(t:5.636-v:359.000)-(t:5.646-v:358.000)-(t:5.658-v:357.000)-(t:5.669-v:356.000)-(t:5.680-v:354.000)-(t:5.690-v:353.000)-(t:5.702-v:350.000)-(t:5.716-v:349.000)-(t:5.728-v:348.000)-(t:5.735-v:345.000)-(t:5.743-v:342.000)-(t:5.753-v:338.000)-(t:5.761-v:336.000)-(t:5.768-v:334.000)-(t:5.777-v:330.000)-(t:5.788-v:326.000)-(t:5.800-v:325.000)-(t:5.812-v:324.000)-(t:5.822-v:323.000)-(t:5.828-v:321.000)-(t:5.840-v:320.000)-(t:5.851-v:319.000)-(t:5.859-v:318.000)-(t:5.869-v:316.000)-(t:5.885-v:314.000)-(t:5.893-v:312.000)-(t:5.907-v:311.000)-(t:5.926-v:309.000)-(t:5.938-v:306.000)-(t:5.948-v:304.000)-(t:5.964-v:303.000)-(t:5.977-v:301.000)-(t:5.988-v:300.000)-(t:6.000-v:299.000)-(t:6.014-v:298.000)-(t:6.024-v:297.000)-(t:6.035-v:296.000)-(t:6.045-v:295.000)-(t:6.054-v:293.000)-(t:6.064-v:292.000)-(t:6.071-v:291.000)-(t:6.079-v:288.000)-(t:6.086-v:285.000)-(t:6.094-v:283.000)-(t:6.101-v:282.000)-(t:6.108-v:280.000)-(t:6.117-v:277.000)-(t:6.129-v:276.000)-(t:6.137-v:275.000)-(t:6.144-v:274.000)-(t:6.195-v:272.000)-(t:6.225-v:271.000)-(t:6.248-v:270.000)-(t:6.273-v:267.000)-(t:6.297-v:266.000)-(t:6.327-v:265.000)-(t:6.352-v:264.000)-(t:6.375-v:262.000)-(t:6.398-v:261.000)-(t:6.421-v:259.000)-(t:6.445-v:258.000)-(t:6.470-v:257.000)-(t:6.495-v:254.000)-(t:6.523-v:253.000)-(t:6.542-v:252.000)-(t:6.570-v:251.000)-(t:6.590-v:245.000)-(t:6.611-v:244.000)-(t:6.635-v:243.000)-(t:6.654-v:242.000)-(t:6.679-v:241.000)-(t:6.703-v:240.000)-(t:6.732-v:238.000)-(t:6.762-v:237.000)-(t:6.793-v:235.000)-(t:6.816-v:234.000)-(t:6.841-v:233.000)-(t:6.868-v:232.000)-(t:6.892-v:231.000)-(t:6.917-v:229.000)-(t:6.939-v:227.000)-(t:6.958-v:225.000)-(t:6.983-v:224.000)-(t:7.006-v:222.000)-(t:7.034-v:221.000)-(t:7.067-v:220.000)-(t:7.087-v:219.000)-(t:7.112-v:218.000)-(t:7.137-v:217.000)-(t:7.155-v:215.000)-(t:7.187-v:214.000)-(t:7.210-v:213.000)-(t:7.231-v:210.000)-(t:7.254-v:209.000)-(t:7.275-v:207.000)-(t:7.313-v:206.000)-(t:7.337-v:204.000)-(t:7.361-v:203.000)-(t:7.386-v:202.000)-(t:7.413-v:201.000)-(t:7.436-v:199.000)-(t:7.458-v:196.000)-(t:7.484-v:195.000)-(t:7.506-v:191.000)-(t:7.535-v:189.000)-(t:7.555-v:187.000)-(t:7.583-v:186.000)-(t:7.606-v:185.000)-(t:7.636-v:183.000)-(t:7.664-v:182.000)-(t:7.688-v:180.000)-(t:7.708-v:179.000)-(t:7.729-v:178.000)-(t:7.761-v:177.000)-(t:7.784-v:176.000)-(t:7.810-v:175.000)-(t:7.839-v:173.000)-(t:7.865-v:172.000)-(t:7.885-v:170.000)-(t:7.908-v:169.000)-(t:7.932-v:168.000)-(t:7.959-v:167.000)-(t:7.988-v:166.000)-(t:8.014-v:165.000)-(t:8.040-v:163.000)-(t:8.071-v:162.000)-(t:8.101-v:161.000)-(t:8.128-v:160.000)-(t:8.152-v:159.000)-(t:8.179-v:158.000)-(t:8.204-v:157.000)-(t:8.233-v:156.000)-(t:8.258-v:155.000)-(t:8.282-v:154.000)-(t:8.306-v:153.000)-(t:8.330-v:152.000)-(t:8.352-v:151.000)-(t:8.371-v:150.000)-(t:8.396-v:148.000)-(t:8.419-v:147.000)-(t:8.444-v:145.000)-(t:8.469-v:144.000)-(t:8.493-v:143.000)-(t:8.516-v:142.000)-(t:8.538-v:141.000)-(t:8.558-v:140.000)-(t:8.591-v:139.000)-(t:8.612-v:137.000)-(t:8.637-v:136.000)-(t:8.709-v:135.000)-(t:8.737-v:134.000)-(t:8.768-v:133.000)-(t:8.802-v:132.000)-(t:8.825-v:131.000)-(t:8.856-v:130.000)-(t:8.880-v:128.000)-(t:8.904-v:127.000)-(t:8.929-v:126.000)-(t:8.954-v:124.000)-(t:8.977-v:123.000)-(t:9.032-v:122.000)-(t:9.059-v:121.000)-(t:9.091-v:120.000)-(t:9.115-v:119.000)-(t:9.139-v:118.000)-(t:9.160-v:117.000)-(t:9.183-v:116.000)-(t:9.206-v:115.000)-(t:9.233-v:114.000)-(t:9.253-v:113.000)-(t:9.284-v:112.000)-(t:9.331-v:111.000)-(t:9.401-v:110.000)-(t:9.440-v:109.000)-(t:9.462-v:108.000)-(t:9.504-v:107.000)-(t:9.542-v:106.000)-(t:9.574-v:105.000)-(t:9.609-v:104.000)-(t:9.636-v:103.000)-(t:9.669-v:101.000)-(t:9.701-v:100.000)-(t:9.726-v:99.000)-(t:9.751-v:98.000)-(t:9.820-v:97.000)-(t:9.845-v:94.000)-(t:9.876-v:93.000)-(t:9.901-v:91.000)-(t:9.926-v:90.000)-(t:9.947-v:88.000)-(t:9.989-v:87.000)-(t:10.010-v:86.000)-(t:10.033-v:85.000)-(t:10.060-v:84.000)-(t:10.085-v:82.000)-(t:10.123-v:81.000)-(t:10.220-v:80.000)-(t:10.249-v:79.000)-(t:10.345-v:78.000)-(t:10.370-v:77.000)-(t:10.404-v:76.000)-(t:10.438-v:75.000)-(t:10.478-v:74.000)-(t:10.509-v:73.000)-(t:10.570-v:72.000)-(t:10.597-v:71.000)-(t:10.645-v:70.000)-(t:10.666-v:69.000)-(t:10.689-v:68.000)-(t:10.829-v:67.000)-(t:11.000-v:66.000)-(t:11.042-v:65.000)-(t:11.081-v:64.000)-(t:11.105-v:62.000)-(t:11.139-v:61.000)-(t:11.311-v:60.000)-(t:11.363-v:59.000)-(t:11.438-v:58.000)-(t:11.694-v:57.000)-(t:12.125-v:56.000)-(t:12.156-v:55.000)-(t:12.179-v:54.000)-(t:12.231-v:53.000)-(t:12.257-v:52.000)-(t:12.369-v:51.000)-(t:12.392-v:50.000)-(t:12.425-v:49.000)-(t:12.450-v:48.000)-(t:12.562-v:47.000)-(t:12.604-v:46.000)-(t:12.777-v:45.000)-(t:12.813-v:44.000)-(t:12.848-v:43.000)-(t:13.078-v:42.000)-(t:13.671-v:41.000)-(t:13.696-v:40.000)-(t:13.734-v:39.000)-(t:13.909-v:38.000)-(t:13.948-v:37.000)-(t:13.980-v:36.000)-(t:14.009-v:35.000)-(t:14.051-v:34.000)-(t:14.086-v:33.000)-(t:14.146-v:32.000)-(t:14.184-v:31.000)-(t:14.267-v:30.000)-(t:14.331-v:29.000)-(t:14.381-v:28.000)-(t:14.425-v:27.000)-(t:14.505-v:26.000)-(t:14.628-v:25.000)-(t:14.732-v:24.000)-(t:14.862-v:23.000)-(t:14.915-v:22.000)-(t:15.002-v:21.000)-(t:15.109-v:20.000)-(t:15.170-v:19.000)-(t:15.251-v:18.000)-(t:15.356-v:17.000)-(t:16.606-v:16.000)-(t:19.781-v:15.000)-(t:19.910-v:14.000)-(t:20.024-v:13.000)-(t:20.103-v:12.000)-(t:21.359-v:11.000)-(t:23.349-v:10.000)-(t:27.232-v:9.000)-(t:27.300-v:8.000)-(t:27.461-v:7.000)-(t:35.888-v:6.000)-(t:40.170-v:5.000)-(t:51.066-v:4.000)-(t:66.283-v:3.000)-(t:68.006-v:2.000)-(t:84.786-v:1.000)],300.0
examples/csp/csp_300/pb_300_06.txt,dqn,r1,300,8.0,[(t:5.286-v:403.000)-(t:5.308-v:402.000)-(t:5.321-v:399.000)-(t:5.330-v:396.000)-(t:5.345-v:393.000)-(t:5.360-v:391.000)-(t:5.373-v:388.000)-(t:5.383-v:386.000)-(t:5.393-v:381.000)-(t:5.405-v:380.000)-(t:5.415-v:375.000)-(t:5.427-v:373.000)-(t:5.438-v:370.000)-(t:5.448-v:368.000)-(t:5.463-v:367.000)-(t:5.480-v:365.000)-(t:5.490-v:363.000)-(t:5.507-v:359.000)-(t:5.520-v:358.000)-(t:5.532-v:354.000)-(t:5.543-v:353.000)-(t:5.553-v:352.000)-(t:5.566-v:351.000)-(t:5.575-v:350.000)-(t:5.592-v:348.000)-(t:5.609-v:347.000)-(t:5.622-v:346.000)-(t:5.635-v:343.000)-(t:5.646-v:342.000)-(t:5.656-v:338.000)-(t:5.664-v:336.000)-(t:5.673-v:334.000)-(t:5.686-v:332.000)-(t:5.695-v:331.000)-(t:5.715-v:330.000)-(t:5.723-v:327.000)-(t:5.732-v:326.000)-(t:5.739-v:322.000)-(t:5.748-v:321.000)-(t:5.755-v:319.000)-(t:5.763-v:318.000)-(t:5.771-v:316.000)-(t:5.780-v:313.000)-(t:5.803-v:312.000)-(t:5.812-v:311.000)-(t:5.820-v:310.000)-(t:5.830-v:309.000)-(t:5.841-v:308.000)-(t:5.848-v:307.000)-(t:5.866-v:306.000)-(t:5.875-v:305.000)-(t:5.885-v:304.000)-(t:5.893-v:303.000)-(t:5.901-v:302.000)-(t:5.909-v:299.000)-(t:5.917-v:298.000)-(t:5.926-v:297.000)-(t:5.932-v:295.000)-(t:5.939-v:292.000)-(t:5.947-v:291.000)-(t:5.987-v:288.000)-(t:6.006-v:287.000)-(t:6.031-v:286.000)-(t:6.055-v:285.000)-(t:6.080-v:284.000)-(t:6.099-v:283.000)-(t:6.117-v:279.000)-(t:6.138-v:277.000)-(t:6.159-v:276.000)-(t:6.179-v:275.000)-(t:6.205-v:274.000)-(t:6.226-v:273.000)-(t:6.251-v:267.000)-(t:6.276-v:266.000)-(t:6.300-v:265.000)-(t:6.324-v:263.000)-(t:6.343-v:262.000)-(t:6.367-v:261.000)-(t:6.388-v:260.000)-(t:6.411-v:258.000)-(t:6.430-v:256.000)-(t:6.449-v:254.000)-(t:6.472-v:252.000)-(t:6.496-v:251.000)-(t:6.519-v:250.000)-(t:6.541-v:249.000)-(t:6.570-v:248.000)-(t:6.590-v:247.000)-(t:6.617-v:246.000)-(t:6.636-v:244.000)-(t:6.652-v:241.000)-(t:6.670-v:240.000)-(t:6.692-v:239.000)-(t:6.710-v:238.000)-(t:6.731-v:237.000)-(t:6.752-v:236.000)-(t:6.769-v:235.000)-(t:6.791-v:234.000)-(t:6.808-v:233.000)-(t:6.827-v:232.000)-(t:6.847-v:231.000)-(t:6.866-v:230.000)-(t:6.887-v:228.000)-(t:6.909-v:227.000)-(t:6.929-v:224.000)-(t:6.948-v:223.000)-(t:6.970-v:222.000)-(t:6.989-v:221.000)-(t:7.008-v:220.000)-(t:7.027-v:219.000)-(t:7.056-v:218.000)-(t:7.078-v:217.000)-(t:7.096-v:216.000)-(t:7.117-v:215.000)-(t:7.136-v:214.000)-(t:7.160-v:213.000)-(t:7.184-v:212.000)-(t:7.204-v:211.000)-(t:7.227-v:210.000)-(t:7.250-v:208.000)-(t:7.270-v:207.000)-(t:7.295-v:206.000)-(t:7.322-v:205.000)-(t:7.350-v:204.000)-(t:7.375-v:203.000)-(t:7.401-v:201.000)-(t:7.423-v:200.000)-(t:7.444-v:199.000)-(t:7.467-v:198.000)-(t:7.489-v:197.000)-(t:7.514-v:194.000)-(t:7.539-v:193.000)-(t:7.562-v:192.000)-(t:7.586-v:190.000)-(t:7.606-v:189.000)-(t:7.634-v:188.000)-(t:7.655-v:187.000)-(t:7.681-v:186.000)-(t:7.704-v:185.000)-(t:7.730-v:184.000)-(t:7.754-v:183.000)-(t:7.773-v:181.000)-(t:7.794-v:180.000)-(t:7.815-v:179.000)-(t:7.836-v:178.000)-(t:7.858-v:177.000)-(t:7.882-v:176.000)-(t:7.902-v:175.000)-(t:7.926-v:174.000)-(t:7.947-v:172.000)-(t:7.967-v:171.000)-(t:7.994-v:170.000)-(t:8.012-v:168.000)-(t:8.033-v:166.000)-(t:8.055-v:165.000)-(t:8.074-v:164.000)-(t:8.093-v:163.000)-(t:8.112-v:162.000)-(t:8.131-v:160.000)-(t:8.151-v:159.000)-(t:8.178-v:158.000)-(t:8.202-v:157.000)-(t:8.226-v:156.000)-(t:8.248-v:155.000)-(t:8.267-v:154.000)-(t:8.287-v:152.000)-(t:8.309-v:151.000)-(t:8.330-v:150.000)-(t:8.351-v:148.000)-(t:8.377-v:146.000)-(t:8.401-v:145.000)-(t:8.422-v:144.000)-(t:8.448-v:143.000)-(t:8.473-v:142.000)-(t:8.509-v:141.000)-(t:8.532-v:140.000)-(t:8.555-v:139.000)-(t:8.577-v:138.000)-(t:8.605-v:137.000)-(t:8.627-v:136.000)-(t:8.648-v:134.000)-(t:8.748-v:133.000)-(t:8.810-v:132.000)-(t:8.830-v:131.000)-(t:8.853-v:130.000)-(t:8.877-v:129.000)-(t:8.904-v:128.000)-(t:8.930-v:127.000)-(t:8.950-v:125.000)-(t:8.974-v:124.000)-(t:8.992-v:123.000)-(t:9.013-v:122.000)-(t:9.033-v:121.000)-(t:9.055-v:120.000)-(t:9.081-v:118.000)-(t:9.105-v:117.000)-(t:9.131-v:116.000)-(t:9.153-v:115.000)-(t:9.172-v:112.000)-(t:9.191-v:111.000)-(t:9.222-v:110.000)-(t:9.247-v:108.000)-(t:9.273-v:107.000)-(t:9.303-v:106.000)-(t:9.335-v:105.000)-(t:9.357-v:103.000)-(t:9.387-v:102.000)-(t:9.498-v:101.000)-(t:9.526-v:100.000)-(t:9.622-v:99.000)-(t:9.642-v:98.000)-(t:9.665-v:97.000)-(t:9.725-v:96.000)-(t:9.766-v:95.000)-(t:9.792-v:93.000)-(t:9.813-v:92.000)-(t:9.834-v:91.000)-(t:9.858-v:90.000)-(t:9.905-v:89.000)-(t:9.924-v:88.000)-(t:9.981-v:87.000)-(t:10.269-v:86.000)-(t:10.307-v:85.000)-(t:10.329-v:84.000)-(t:10.543-v:83.000)-(t:10.567-v:82.000)-(t:10.591-v:81.000)-(t:10.629-v:80.000)-(t:10.650-v:79.000)-(t:10.692-v:78.000)-(t:10.714-v:77.000)-(t:10.737-v:76.000)-(t:10.764-v:75.000)-(t:10.782-v:74.000)-(t:10.823-v:73.000)-(t:10.853-v:72.000)-(t:11.085-v:71.000)-(t:11.125-v:70.000)-(t:11.146-v:69.000)-(t:11.169-v:68.000)-(t:11.212-v:67.000)-(t:11.235-v:65.000)-(t:11.263-v:64.000)-(t:11.297-v:63.000)-(t:11.320-v:62.000)-(t:11.410-v:61.000)-(t:11.434-v:60.000)-(t:11.592-v:59.000)-(t:11.619-v:57.000)-(t:11.765-v:56.000)-(t:11.805-v:55.000)-(t:11.901-v:54.000)-(t:11.927-v:53.000)-(t:11.952-v:52.000)-(t:11.975-v:51.000)-(t:11.996-v:50.000)-(t:12.015-v:49.000)-(t:12.048-v:48.000)-(t:12.070-v:47.000)-(t:12.097-v:46.000)-(t:12.148-v:45.000)-(t:12.171-v:44.000)-(t:12.196-v:43.000)-(t:12.224-v:42.000)-(t:12.748-v:41.000)-(t:12.771-v:40.000)-(t:12.801-v:39.000)-(t:12.840-v:38.000)-(t:12.882-v:37.000)-(t:12.929-v:36.000)-(t:12.985-v:35.000)-(t:13.020-v:34.000)-(t:13.188-v:33.000)-(t:13.243-v:32.000)-(t:13.288-v:31.000)-(t:13.351-v:30.000)-(t:13.449-v:29.000)-(t:13.472-v:28.000)-(t:13.504-v:27.000)-(t:13.541-v:26.000)-(t:13.589-v:25.000)-(t:13.658-v:24.000)-(t:13.701-v:23.000)-(t:13.738-v:22.000)-(t:13.867-v:21.000)-(t:14.595-v:20.000)-(t:19.674-v:19.000)-(t:23.200-v:18.000)-(t:24.807-v:17.000)-(t:24.841-v:16.000)-(t:27.462-v:15.000)-(t:33.117-v:14.000)-(t:45.112-v:13.000)-(t:77.811-v:12.000)-(t:84.005-v:11.000)-(t:98.267-v:10.000)-(t:98.307-v:9.000)-(t:114.352-v:8.000)],300.0
examples/csp/csp_300/pb_300_07.txt,dqn,r1,300,1.0,[(t:5.131-v:386.000)-(t:5.151-v:384.000)-(t:5.162-v:382.000)-(t:5.174-v:381.000)-(t:5.194-v:380.000)-(t:5.210-v:378.000)-(t:5.224-v:377.000)-(t:5.237-v:376.000)-(t:5.250-v:374.000)-(t:5.264-v:373.000)-(t:5.272-v:372.000)-(t:5.287-v:371.000)-(t:5.298-v:369.000)-(t:5.307-v:368.000)-(t:5.319-v:367.000)-(t:5.331-v:365.000)-(t:5.342-v:364.000)-(t:5.357-v:362.000)-(t:5.365-v:360.000)-(t:5.373-v:359.000)-(t:5.381-v:357.000)-(t:5.393-v:356.000)-(t:5.403-v:355.000)-(t:5.419-v:354.000)-(t:5.432-v:352.000)-(t:5.441-v:351.000)-(t:5.453-v:350.000)-(t:5.465-v:349.000)-(t:5.481-v:347.000)-(t:5.491-v:345.000)-(t:5.504-v:344.000)-(t:5.517-v:343.000)-(t:5.529-v:341.000)-(t:5.539-v:339.000)-(t:5.553-v:338.000)-(t:5.563-v:330.000)-(t:5.575-v:329.000)-(t:5.587-v:328.000)-(t:5.598-v:325.000)-(t:5.608-v:324.000)-(t:5.620-v:323.000)-(t:5.629-v:321.000)-(t:5.638-v:320.000)-(t:5.647-v:319.000)-(t:5.654-v:316.000)-(t:5.661-v:315.000)-(t:5.670-v:314.000)-(t:5.680-v:313.000)-(t:5.690-v:312.000)-(t:5.702-v:310.000)-(t:5.713-v:308.000)-(t:5.725-v:306.000)-(t:5.736-v:305.000)-(t:5.746-v:304.000)-(t:5.757-v:303.000)-(t:5.769-v:302.000)-(t:5.779-v:300.000)-(t:5.792-v:299.000)-(t:5.803-v:296.000)-(t:5.813-v:295.000)-(t:5.871-v:294.000)-(t:5.895-v:292.000)-(t:5.918-v:291.000)-(t:5.940-v:287.000)-(t:5.961-v:285.000)-(t:5.987-v:284.000)-(t:6.009-v:282.000)-(t:6.027-v:281.000)-(t:6.046-v:280.000)-(t:6.069-v:279.000)-(t:6.091-v:278.000)-(t:6.109-v:274.000)-(t:6.130-v:273.000)-(t:6.151-v:272.000)-(t:6.172-v:271.000)-(t:6.196-v:270.000)-(t:6.219-v:269.000)-(t:6.245-v:266.000)-(t:6.268-v:264.000)-(t:6.292-v:262.000)-(t:6.315-v:261.000)-(t:6.336-v:260.000)-(t:6.358-v:259.000)-(t:6.376-v:256.000)-(t:6.398-v:254.000)-(t:6.418-v:253.000)-(t:6.445-v:252.000)-(t:6.469-v:250.000)-(t:6.493-v:249.000)-(t:6.512-v:248.000)-(t:6.536-v:247.000)-(t:6.556-v:246.000)-(t:6.583-v:245.000)-(t:6.604-v:244.000)-(t:6.625-v:243.000)-(t:6.644-v:242.000)-(t:6.663-v:235.000)-(t:6.682-v:231.000)-(t:6.702-v:230.000)-(t:6.729-v:229.000)-(t:6.754-v:228.000)-(t:6.778-v:227.000)-(t:6.796-v:226.000)-(t:6.817-v:225.000)-(t:6.840-v:223.000)-(t:6.862-v:221.000)-(t:6.882-v:220.000)-(t:6.912-v:219.000)-(t:6.933-v:215.000)-(t:6.954-v:213.000)-(t:6.974-v:212.000)-(t:6.995-v:209.000)-(t:7.019-v:208.000)-(t:7.044-v:206.000)-(t:7.064-v:205.000)-(t:7.085-v:203.000)-(t:7.115-v:202.000)-(t:7.138-v:199.000)-(t:7.158-v:198.000)-(t:7.177-v:196.000)-(t:7.197-v:194.000)-(t:7.219-v:193.000)-(t:7.244-v:192.000)-(t:7.269-v:191.000)-(t:7.294-v:189.000)-(t:7.316-v:186.000)-(t:7.341-v:184.000)-(t:7.372-v:183.000)-(t:7.396-v:182.000)-(t:7.415-v:181.000)-(t:7.436-v:180.000)-(t:7.457-v:179.000)-(t:7.478-v:178.000)-(t:7.501-v:177.000)-(t:7.523-v:175.000)-(t:7.548-v:171.000)-(t:7.574-v:170.000)-(t:7.600-v:167.000)-(t:7.620-v:166.000)-(t:7.644-v:165.000)-(t:7.666-v:164.000)-(t:7.683-v:163.000)-(t:7.707-v:162.000)-(t:7.734-v:161.000)-(t:7.755-v:160.000)-(t:7.775-v:159.000)-(t:7.794-v:158.000)-(t:7.815-v:157.000)-(t:7.842-v:156.000)-(t:7.862-v:154.000)-(t:7.883-v:152.000)-(t:7.905-v:151.000)-(t:7.927-v:150.000)-(t:7.955-v:148.000)-(t:7.984-v:147.000)-(t:8.004-v:146.000)-(t:8.025-v:145.000)-(t:8.049-v:144.000)-(t:8.068-v:143.000)-(t:8.108-v:141.000)-(t:8.130-v:140.000)-(t:8.148-v:139.000)-(t:8.170-v:138.000)-(t:8.221-v:137.000)-(t:8.242-v:136.000)-(t:8.268-v:135.000)-(t:8.300-v:134.000)-(t:8.320-v:133.000)-(t:8.343-v:132.000)-(t:8.364-v:131.000)-(t:8.390-v:129.000)-(t:8.410-v:128.000)-(t:8.446-v:127.000)-(t:8.470-v:126.000)-(t:8.500-v:125.000)-(t:8.523-v:123.000)-(t:8.545-v:122.000)-(t:8.564-v:120.000)-(t:8.583-v:119.000)-(t:8.601-v:118.000)-(t:8.619-v:114.000)-(t:8.641-v:113.000)-(t:8.662-v:111.000)-(t:8.687-v:109.000)-(t:8.710-v:108.000)-(t:8.733-v:107.000)-(t:8.759-v:106.000)-(t:8.782-v:104.000)-(t:8.807-v:103.000)-(t:8.847-v:101.000)-(t:8.869-v:100.000)-(t:8.888-v:99.000)-(t:8.908-v:98.000)-(t:8.931-v:97.000)-(t:8.954-v:96.000)-(t:8.977-v:94.000)-(t:9.003-v:92.000)-(t:9.029-v:91.000)-(t:9.168-v:90.000)-(t:9.338-v:89.000)-(t:9.370-v:87.000)-(t:9.397-v:86.000)-(t:9.425-v:84.000)-(t:9.479-v:83.000)-(t:9.509-v:81.000)-(t:9.531-v:80.000)-(t:9.677-v:79.000)-(t:9.838-v:78.000)-(t:10.038-v:77.000)-(t:10.198-v:76.000)-(t:10.224-v:74.000)-(t:10.252-v:73.000)-(t:10.487-v:72.000)-(t:10.508-v:71.000)-(t:10.541-v:70.000)-(t:10.597-v:69.000)-(t:10.618-v:68.000)-(t:10.643-v:67.000)-(t:10.668-v:65.000)-(t:10.688-v:64.000)-(t:10.712-v:63.000)-(t:10.737-v:62.000)-(t:10.764-v:61.000)-(t:10.787-v:60.000)-(t:10.820-v:59.000)-(t:10.842-v:58.000)-(t:10.899-v:57.000)-(t:10.961-v:56.000)-(t:10.988-v:55.000)-(t:11.012-v:54.000)-(t:11.137-v:53.000)-(t:11.186-v:52.000)-(t:11.214-v:51.000)-(t:11.248-v:50.000)-(t:11.279-v:49.000)-(t:11.310-v:48.000)-(t:11.343-v:47.000)-(t:11.447-v:46.000)-(t:11.549-v:45.000)-(t:11.583-v:44.000)-(t:11.745-v:43.000)-(t:11.768-v:42.000)-(t:11.791-v:41.000)-(t:11.815-v:40.000)-(t:12.252-v:39.000)-(t:12.283-v:38.000)-(t:12.323-v:37.000)-(t:12.363-v:36.000)-(t:12.392-v:35.000)-(t:12.436-v:34.000)-(t:12.493-v:33.000)-(t:12.520-v:32.000)-(t:12.572-v:31.000)-(t:12.635-v:30.000)-(t:12.687-v:29.000)-(t:12.741-v:28.000)-(t:12.807-v:27.000)-(t:12.850-v:26.000)-(t:12.924-v:25.000)-(t:12.973-v:24.000)-(t:13.074-v:23.000)-(t:13.134-v:22.000)-(t:13.348-v:21.000)-(t:13.462-v:20.000)-(t:13.538-v:19.000)-(t:14.106-v:18.000)-(t:14.161-v:17.000)-(t:14.411-v:16.000)-(t:14.464-v:15.000)-(t:16.920-v:14.000)-(t:16.963-v:13.000)-(t:17.046-v:12.000)-(t:17.155-v:11.000)-(t:20.255-v:10.000)-(t:30.100-v:9.000)-(t:30.414-v:8.000)-(t:30.569-v:7.000)-(t:30.678-v:6.000)-(t:35.110-v:5.000)-(t:35.181-v:4.000)-(t:40.079-v:3.000)-(t:108.385-v:2.000)-(t:114.948-v:1.000)],300.0
examples/csp/csp_300/pb_300_08.txt,dqn,r1,300,8.0,[(t:4.595-v:398.000)-(t:4.614-v:397.000)-(t:4.629-v:393.000)-(t:4.639-v:389.000)-(t:4.654-v:386.000)-(t:4.668-v:383.000)-(t:4.682-v:382.000)-(t:4.696-v:381.000)-(t:4.705-v:380.000)-(t:4.717-v:378.000)-(t:4.728-v:375.000)-(t:4.738-v:371.000)-(t:4.748-v:370.000)-(t:4.757-v:368.000)-(t:4.765-v:362.000)-(t:4.808-v:361.000)-(t:4.829-v:360.000)-(t:4.852-v:358.000)-(t:4.863-v:357.000)-(t:4.873-v:349.000)-(t:4.884-v:346.000)-(t:4.894-v:344.000)-(t:4.904-v:343.000)-(t:4.914-v:339.000)-(t:4.922-v:338.000)-(t:4.934-v:336.000)-(t:4.942-v:334.000)-(t:4.953-v:333.000)-(t:4.963-v:331.000)-(t:4.975-v:329.000)-(t:4.985-v:328.000)-(t:4.997-v:327.000)-(t:5.007-v:326.000)-(t:5.016-v:323.000)-(t:5.024-v:322.000)-(t:5.032-v:319.000)-(t:5.040-v:318.000)-(t:5.050-v:317.000)-(t:5.059-v:316.000)-(t:5.066-v:315.000)-(t:5.074-v:314.000)-(t:5.082-v:313.000)-(t:5.090-v:311.000)-(t:5.100-v:310.000)-(t:5.107-v:304.000)-(t:5.117-v:303.000)-(t:5.127-v:301.000)-(t:5.137-v:299.000)-(t:5.144-v:298.000)-(t:5.152-v:295.000)-(t:5.160-v:293.000)-(t:5.174-v:291.000)-(t:5.183-v:290.000)-(t:5.195-v:287.000)-(t:5.205-v:282.000)-(t:5.216-v:281.000)-(t:5.227-v:278.000)-(t:5.238-v:275.000)-(t:5.248-v:273.000)-(t:5.270-v:272.000)-(t:5.325-v:271.000)-(t:5.349-v:270.000)-(t:5.375-v:269.000)-(t:5.401-v:268.000)-(t:5.426-v:267.000)-(t:5.449-v:266.000)-(t:5.470-v:265.000)-(t:5.490-v:264.000)-(t:5.508-v:260.000)-(t:5.533-v:259.000)-(t:5.557-v:256.000)-(t:5.582-v:254.000)-(t:5.607-v:252.000)-(t:5.631-v:251.000)-(t:5.653-v:250.000)-(t:5.674-v:249.000)-(t:5.694-v:248.000)-(t:5.715-v:246.000)-(t:5.739-v:244.000)-(t:5.759-v:243.000)-(t:5.777-v:242.000)-(t:5.795-v:241.000)-(t:5.813-v:240.000)-(t:5.833-v:235.000)-(t:5.869-v:234.000)-(t:5.890-v:233.000)-(t:5.911-v:231.000)-(t:5.933-v:230.000)-(t:5.954-v:227.000)-(t:5.973-v:225.000)-(t:5.993-v:221.000)-(t:6.014-v:220.000)-(t:6.040-v:218.000)-(t:6.059-v:216.000)-(t:6.083-v:215.000)-(t:6.108-v:214.000)-(t:6.128-v:212.000)-(t:6.145-v:211.000)-(t:6.162-v:209.000)-(t:6.181-v:207.000)-(t:6.203-v:206.000)-(t:6.225-v:205.000)-(t:6.243-v:204.000)-(t:6.266-v:203.000)-(t:6.284-v:202.000)-(t:6.305-v:201.000)-(t:6.324-v:199.000)-(t:6.342-v:198.000)-(t:6.360-v:197.000)-(t:6.381-v:195.000)-(t:6.404-v:194.000)-(t:6.423-v:192.000)-(t:6.445-v:191.000)-(t:6.475-v:190.000)-(t:6.493-v:189.000)-(t:6.510-v:188.000)-(t:6.535-v:187.000)-(t:6.553-v:186.000)-(t:6.573-v:185.000)-(t:6.598-v:181.000)-(t:6.619-v:180.000)-(t:6.642-v:178.000)-(t:6.660-v:177.000)-(t:6.677-v:176.000)-(t:6.696-v:175.000)-(t:6.737-v:174.000)-(t:6.757-v:173.000)-(t:6.781-v:172.000)-(t:6.805-v:171.000)-(t:6.826-v:170.000)-(t:6.843-v:169.000)-(t:6.861-v:168.000)-(t:6.877-v:167.000)-(t:6.893-v:166.000)-(t:6.914-v:165.000)-(t:6.938-v:164.000)-(t:6.959-v:163.000)-(t:6.979-v:162.000)-(t:6.997-v:158.000)-(t:7.014-v:156.000)-(t:7.036-v:155.000)-(t:7.055-v:154.000)-(t:7.074-v:153.000)-(t:7.096-v:151.000)-(t:7.113-v:149.000)-(t:7.135-v:148.000)-(t:7.158-v:147.000)-(t:7.186-v:146.000)-(t:7.205-v:144.000)-(t:7.226-v:143.000)-(t:7.244-v:139.000)-(t:7.265-v:138.000)-(t:7.284-v:136.000)-(t:7.302-v:135.000)-(t:7.318-v:134.000)-(t:7.336-v:133.000)-(t:7.366-v:132.000)-(t:7.389-v:131.000)-(t:7.410-v:130.000)-(t:7.442-v:128.000)-(t:7.464-v:127.000)-(t:7.485-v:126.000)-(t:7.508-v:125.000)-(t:7.527-v:124.000)-(t:7.547-v:122.000)-(t:7.575-v:121.000)-(t:7.593-v:120.000)-(t:7.613-v:119.000)-(t:7.634-v:118.000)-(t:7.656-v:117.000)-(t:7.679-v:116.000)-(t:7.705-v:114.000)-(t:7.729-v:113.000)-(t:7.745-v:112.000)-(t:7.795-v:111.000)-(t:7.815-v:110.000)-(t:7.834-v:109.000)-(t:7.854-v:108.000)-(t:7.875-v:107.000)-(t:7.896-v:106.000)-(t:7.918-v:104.000)-(t:7.969-v:103.000)-(t:8.007-v:102.000)-(t:8.029-v:101.000)-(t:8.050-v:100.000)-(t:8.108-v:99.000)-(t:8.127-v:98.000)-(t:8.146-v:97.000)-(t:8.164-v:96.000)-(t:8.183-v:94.000)-(t:8.218-v:93.000)-(t:8.236-v:92.000)-(t:8.257-v:91.000)-(t:8.298-v:90.000)-(t:8.318-v:89.000)-(t:8.339-v:88.000)-(t:8.361-v:87.000)-(t:8.383-v:86.000)-(t:8.408-v:85.000)-(t:8.438-v:84.000)-(t:8.468-v:83.000)-(t:8.514-v:82.000)-(t:8.540-v:81.000)-(t:8.564-v:80.000)-(t:8.582-v:79.000)-(t:8.612-v:78.000)-(t:8.638-v:77.000)-(t:8.676-v:76.000)-(t:8.696-v:75.000)-(t:8.763-v:74.000)-(t:8.782-v:73.000)-(t:8.802-v:72.000)-(t:8.830-v:71.000)-(t:8.851-v:69.000)-(t:8.874-v:68.000)-(t:8.896-v:67.000)-(t:8.917-v:66.000)-(t:8.943-v:65.000)-(t:8.968-v:64.000)-(t:8.989-v:63.000)-(t:9.013-v:62.000)-(t:9.041-v:61.000)-(t:9.064-v:60.000)-(t:9.098-v:59.000)-(t:9.122-v:58.000)-(t:9.149-v:57.000)-(t:9.168-v:56.000)-(t:9.186-v:55.000)-(t:9.204-v:54.000)-(t:9.222-v:53.000)-(t:9.242-v:52.000)-(t:9.263-v:51.000)-(t:9.286-v:50.000)-(t:9.373-v:49.000)-(t:9.461-v:48.000)-(t:9.503-v:47.000)-(t:9.546-v:46.000)-(t:9.577-v:45.000)-(t:9.640-v:44.000)-(t:9.665-v:43.000)-(t:9.707-v:42.000)-(t:9.734-v:41.000)-(t:9.914-v:40.000)-(t:9.947-v:39.000)-(t:9.971-v:38.000)-(t:10.081-v:37.000)-(t:10.145-v:36.000)-(t:10.191-v:35.000)-(t:10.248-v:34.000)-(t:10.285-v:33.000)-(t:10.633-v:32.000)-(t:10.673-v:31.000)-(t:10.711-v:30.000)-(t:10.857-v:29.000)-(t:10.899-v:28.000)-(t:10.950-v:27.000)-(t:10.986-v:26.000)-(t:11.040-v:25.000)-(t:11.126-v:24.000)-(t:11.217-v:23.000)-(t:11.267-v:22.000)-(t:11.293-v:21.000)-(t:14.115-v:20.000)-(t:14.162-v:19.000)-(t:14.240-v:18.000)-(t:14.607-v:17.000)-(t:14.663-v:16.000)-(t:16.715-v:15.000)-(t:18.753-v:14.000)-(t:22.135-v:13.000)-(t:22.900-v:12.000)-(t:27.089-v:11.000)-(t:27.160-v:10.000)-(t:50.468-v:9.000)-(t:56.950-v:8.000)],300.0
examples/csp/csp_300/pb_300_09.txt,dqn,r1,300,10.0,[(t:5.177-v:416.000)-(t:5.199-v:414.000)-(t:5.214-v:412.000)-(t:5.224-v:410.000)-(t:5.240-v:409.000)-(t:5.252-v:403.000)-(t:5.266-v:402.000)-(t:5.277-v:400.000)-(t:5.290-v:399.000)-(t:5.302-v:398.000)-(t:5.309-v:396.000)-(t:5.317-v:395.000)-(t:5.325-v:392.000)-(t:5.338-v:391.000)-(t:5.347-v:389.000)-(t:5.364-v:387.000)-(t:5.377-v:386.000)-(t:5.393-v:379.000)-(t:5.404-v:377.000)-(t:5.411-v:371.000)-(t:5.417-v:370.000)-(t:5.427-v:369.000)-(t:5.436-v:368.000)-(t:5.446-v:367.000)-(t:5.456-v:365.000)-(t:5.464-v:363.000)-(t:5.472-v:361.000)-(t:5.479-v:358.000)-(t:5.494-v:355.000)-(t:5.501-v:354.000)-(t:5.508-v:353.000)-(t:5.516-v:350.000)-(t:5.529-v:349.000)-(t:5.539-v:346.000)-(t:5.547-v:341.000)-(t:5.554-v:340.000)-(t:5.562-v:339.000)-(t:5.570-v:337.000)-(t:5.577-v:333.000)-(t:5.584-v:332.000)-(t:5.617-v:331.000)-(t:5.627-v:330.000)-(t:5.633-v:329.000)-(t:5.642-v:328.000)-(t:5.651-v:325.000)-(t:5.658-v:324.000)-(t:5.665-v:322.000)-(t:5.674-v:321.000)-(t:5.682-v:320.000)-(t:5.691-v:319.000)-(t:5.698-v:318.000)-(t:5.707-v:317.000)-(t:5.713-v:316.000)-(t:5.723-v:314.000)-(t:5.729-v:313.000)-(t:5.738-v:311.000)-(t:5.749-v:310.000)-(t:5.760-v:308.000)-(t:5.771-v:307.000)-(t:5.782-v:306.000)-(t:5.833-v:305.000)-(t:5.856-v:303.000)-(t:5.877-v:302.000)-(t:5.898-v:301.000)-(t:5.917-v:300.000)-(t:5.938-v:298.000)-(t:5.959-v:297.000)-(t:5.979-v:295.000)-(t:6.003-v:294.000)-(t:6.028-v:292.000)-(t:6.051-v:290.000)-(t:6.073-v:288.000)-(t:6.094-v:287.000)-(t:6.113-v:286.000)-(t:6.136-v:285.000)-(t:6.158-v:284.000)-(t:6.179-v:283.000)-(t:6.200-v:281.000)-(t:6.222-v:276.000)-(t:6.241-v:273.000)-(t:6.266-v:272.000)-(t:6.287-v:271.000)-(t:6.308-v:268.000)-(t:6.330-v:264.000)-(t:6.356-v:263.000)-(t:6.376-v:262.000)-(t:6.399-v:261.000)-(t:6.425-v:259.000)-(t:6.445-v:255.000)-(t:6.462-v:253.000)-(t:6.480-v:252.000)-(t:6.497-v:251.000)-(t:6.517-v:250.000)-(t:6.537-v:249.000)-(t:6.558-v:248.000)-(t:6.579-v:247.000)-(t:6.602-v:246.000)-(t:6.621-v:245.000)-(t:6.643-v:244.000)-(t:6.666-v:243.000)-(t:6.691-v:242.000)-(t:6.711-v:241.000)-(t:6.732-v:239.000)-(t:6.768-v:238.000)-(t:6.787-v:237.000)-(t:6.806-v:236.000)-(t:6.825-v:234.000)-(t:6.842-v:233.000)-(t:6.862-v:232.000)-(t:6.882-v:229.000)-(t:6.905-v:228.000)-(t:6.924-v:224.000)-(t:6.947-v:223.000)-(t:6.966-v:222.000)-(t:6.984-v:221.000)-(t:7.019-v:220.000)-(t:7.041-v:219.000)-(t:7.059-v:216.000)-(t:7.081-v:215.000)-(t:7.103-v:213.000)-(t:7.126-v:212.000)-(t:7.145-v:210.000)-(t:7.165-v:207.000)-(t:7.186-v:206.000)-(t:7.206-v:205.000)-(t:7.234-v:203.000)-(t:7.258-v:202.000)-(t:7.280-v:201.000)-(t:7.305-v:200.000)-(t:7.327-v:199.000)-(t:7.349-v:197.000)-(t:7.369-v:195.000)-(t:7.388-v:194.000)-(t:7.409-v:193.000)-(t:7.428-v:192.000)-(t:7.447-v:191.000)-(t:7.472-v:190.000)-(t:7.498-v:189.000)-(t:7.518-v:187.000)-(t:7.536-v:185.000)-(t:7.556-v:184.000)-(t:7.576-v:182.000)-(t:7.596-v:180.000)-(t:7.615-v:179.000)-(t:7.634-v:178.000)-(t:7.654-v:177.000)-(t:7.672-v:174.000)-(t:7.690-v:173.000)-(t:7.710-v:172.000)-(t:7.731-v:170.000)-(t:7.752-v:169.000)-(t:7.776-v:168.000)-(t:7.795-v:167.000)-(t:7.816-v:166.000)-(t:7.840-v:165.000)-(t:7.860-v:163.000)-(t:7.889-v:162.000)-(t:7.910-v:160.000)-(t:7.933-v:159.000)-(t:7.961-v:158.000)-(t:7.982-v:157.000)-(t:8.003-v:156.000)-(t:8.035-v:155.000)-(t:8.058-v:154.000)-(t:8.077-v:153.000)-(t:8.103-v:152.000)-(t:8.131-v:151.000)-(t:8.154-v:150.000)-(t:8.175-v:149.000)-(t:8.197-v:148.000)-(t:8.219-v:147.000)-(t:8.243-v:145.000)-(t:8.295-v:144.000)-(t:8.323-v:142.000)-(t:8.345-v:141.000)-(t:8.365-v:140.000)-(t:8.389-v:139.000)-(t:8.409-v:138.000)-(t:8.437-v:137.000)-(t:8.542-v:136.000)-(t:8.564-v:135.000)-(t:8.592-v:134.000)-(t:8.612-v:133.000)-(t:8.635-v:132.000)-(t:8.657-v:131.000)-(t:8.683-v:129.000)-(t:8.829-v:128.000)-(t:8.850-v:127.000)-(t:8.884-v:126.000)-(t:8.914-v:125.000)-(t:9.038-v:124.000)-(t:9.062-v:123.000)-(t:9.094-v:122.000)-(t:9.122-v:121.000)-(t:9.152-v:120.000)-(t:9.179-v:119.000)-(t:9.202-v:117.000)-(t:9.226-v:116.000)-(t:9.247-v:115.000)-(t:9.268-v:113.000)-(t:9.287-v:111.000)-(t:9.341-v:110.000)-(t:9.361-v:109.000)-(t:9.383-v:108.000)-(t:9.404-v:107.000)-(t:9.424-v:105.000)-(t:9.445-v:104.000)-(t:9.469-v:102.000)-(t:9.491-v:101.000)-(t:9.513-v:100.000)-(t:9.537-v:99.000)-(t:9.559-v:98.000)-(t:9.582-v:95.000)-(t:9.602-v:94.000)-(t:9.625-v:93.000)-(t:9.644-v:92.000)-(t:9.684-v:91.000)-(t:9.725-v:90.000)-(t:9.743-v:89.000)-(t:9.778-v:88.000)-(t:9.798-v:87.000)-(t:9.825-v:85.000)-(t:9.849-v:84.000)-(t:9.880-v:83.000)-(t:9.901-v:82.000)-(t:9.927-v:81.000)-(t:9.954-v:80.000)-(t:9.979-v:79.000)-(t:10.018-v:78.000)-(t:10.045-v:77.000)-(t:10.072-v:76.000)-(t:10.104-v:75.000)-(t:10.132-v:74.000)-(t:10.159-v:73.000)-(t:10.182-v:71.000)-(t:10.232-v:70.000)-(t:10.256-v:69.000)-(t:10.281-v:68.000)-(t:10.309-v:67.000)-(t:10.338-v:66.000)-(t:10.358-v:65.000)-(t:10.501-v:64.000)-(t:10.527-v:63.000)-(t:10.553-v:62.000)-(t:10.609-v:61.000)-(t:10.661-v:59.000)-(t:10.688-v:58.000)-(t:10.846-v:57.000)-(t:10.878-v:56.000)-(t:10.934-v:55.000)-(t:11.073-v:54.000)-(t:11.110-v:53.000)-(t:11.455-v:52.000)-(t:11.850-v:51.000)-(t:12.255-v:50.000)-(t:12.284-v:49.000)-(t:12.857-v:48.000)-(t:12.894-v:47.000)-(t:12.921-v:46.000)-(t:12.977-v:45.000)-(t:13.556-v:44.000)-(t:13.611-v:43.000)-(t:13.642-v:42.000)-(t:13.671-v:41.000)-(t:13.704-v:40.000)-(t:13.742-v:39.000)-(t:13.771-v:38.000)-(t:13.818-v:37.000)-(t:13.852-v:36.000)-(t:13.900-v:35.000)-(t:13.963-v:34.000)-(t:14.027-v:33.000)-(t:14.065-v:32.000)-(t:14.093-v:31.000)-(t:14.126-v:30.000)-(t:14.196-v:29.000)-(t:14.263-v:28.000)-(t:14.314-v:27.000)-(t:14.337-v:26.000)-(t:14.436-v:25.000)-(t:14.488-v:24.000)-(t:14.640-v:23.000)-(t:14.677-v:22.000)-(t:18.861-v:21.000)-(t:18.983-v:20.000)-(t:19.105-v:19.000)-(t:20.058-v:18.000)-(t:20.240-v:17.000)-(t:20.567-v:16.000)-(t:27.141-v:15.000)-(t:27.273-v:14.000)-(t:27.492-v:13.000)-(t:41.370-v:12.000)-(t:41.669-v:11.000)-(t:61.479-v:10.000)],300.0
examples/csp/csp_300/pb_300_10.txt,dqn,r1,300,24.0,[(t:4.511-v:411.000)-(t:4.533-v:407.000)-(t:4.548-v:404.000)-(t:4.557-v:402.000)-(t:4.575-v:398.000)-(t:4.589-v:396.000)-(t:4.599-v:394.000)-(t:4.610-v:389.000)-(t:4.620-v:386.000)-(t:4.630-v:385.000)-(t:4.638-v:384.000)-(t:4.647-v:382.000)-(t:4.657-v:381.000)-(t:4.666-v:380.000)-(t:4.682-v:379.000)-(t:4.693-v:375.000)-(t:4.704-v:374.000)-(t:4.724-v:371.000)-(t:4.744-v:370.000)-(t:4.755-v:366.000)-(t:4.763-v:362.000)-(t:4.772-v:360.000)-(t:4.783-v:359.000)-(t:4.791-v:358.000)-(t:4.802-v:356.000)-(t:4.814-v:353.000)-(t:4.824-v:352.000)-(t:4.838-v:351.000)-(t:4.850-v:350.000)-(t:4.857-v:349.000)-(t:4.864-v:347.000)-(t:4.876-v:346.000)-(t:4.887-v:345.000)-(t:4.897-v:344.000)-(t:4.904-v:343.000)-(t:4.912-v:340.000)-(t:4.921-v:339.000)-(t:4.929-v:337.000)-(t:4.937-v:336.000)-(t:4.944-v:334.000)-(t:4.986-v:333.000)-(t:4.998-v:332.000)-(t:5.009-v:331.000)-(t:5.019-v:329.000)-(t:5.037-v:328.000)-(t:5.045-v:326.000)-(t:5.054-v:324.000)-(t:5.063-v:322.000)-(t:5.071-v:321.000)-(t:5.081-v:320.000)-(t:5.099-v:319.000)-(t:5.110-v:318.000)-(t:5.118-v:315.000)-(t:5.127-v:314.000)-(t:5.134-v:311.000)-(t:5.143-v:310.000)-(t:5.150-v:306.000)-(t:5.159-v:302.000)-(t:5.168-v:301.000)-(t:5.174-v:298.000)-(t:5.226-v:296.000)-(t:5.248-v:295.000)-(t:5.273-v:294.000)-(t:5.298-v:293.000)-(t:5.324-v:291.000)-(t:5.343-v:290.000)-(t:5.366-v:289.000)-(t:5.389-v:288.000)-(t:5.411-v:287.000)-(t:5.434-v:285.000)-(t:5.459-v:284.000)-(t:5.487-v:282.000)-(t:5.515-v:281.000)-(t:5.539-v:279.000)-(t:5.564-v:277.000)-(t:5.586-v:275.000)-(t:5.610-v:274.000)-(t:5.631-v:271.000)-(t:5.654-v:270.000)-(t:5.675-v:269.000)-(t:5.700-v:268.000)-(t:5.723-v:267.000)-(t:5.746-v:266.000)-(t:5.768-v:263.000)-(t:5.797-v:262.000)-(t:5.822-v:260.000)-(t:5.844-v:259.000)-(t:5.869-v:257.000)-(t:5.892-v:256.000)-(t:5.915-v:255.000)-(t:5.936-v:251.000)-(t:5.962-v:250.000)-(t:5.982-v:247.000)-(t:6.004-v:245.000)-(t:6.023-v:243.000)-(t:6.042-v:242.000)-(t:6.064-v:241.000)-(t:6.084-v:237.000)-(t:6.105-v:236.000)-(t:6.128-v:235.000)-(t:6.148-v:234.000)-(t:6.168-v:232.000)-(t:6.188-v:231.000)-(t:6.218-v:230.000)-(t:6.242-v:229.000)-(t:6.263-v:228.000)-(t:6.284-v:227.000)-(t:6.308-v:224.000)-(t:6.329-v:223.000)-(t:6.353-v:222.000)-(t:6.373-v:218.000)-(t:6.396-v:216.000)-(t:6.415-v:215.000)-(t:6.435-v:213.000)-(t:6.453-v:212.000)-(t:6.481-v:210.000)-(t:6.504-v:209.000)-(t:6.522-v:208.000)-(t:6.542-v:207.000)-(t:6.561-v:206.000)-(t:6.586-v:205.000)-(t:6.611-v:204.000)-(t:6.634-v:203.000)-(t:6.658-v:202.000)-(t:6.680-v:200.000)-(t:6.698-v:198.000)-(t:6.717-v:197.000)-(t:6.738-v:196.000)-(t:6.757-v:195.000)-(t:6.778-v:194.000)-(t:6.804-v:193.000)-(t:6.829-v:192.000)-(t:6.853-v:191.000)-(t:6.874-v:190.000)-(t:6.899-v:189.000)-(t:6.932-v:187.000)-(t:6.955-v:186.000)-(t:6.977-v:185.000)-(t:6.998-v:184.000)-(t:7.017-v:183.000)-(t:7.038-v:181.000)-(t:7.057-v:179.000)-(t:7.076-v:178.000)-(t:7.104-v:177.000)-(t:7.125-v:176.000)-(t:7.148-v:174.000)-(t:7.173-v:172.000)-(t:7.197-v:171.000)-(t:7.223-v:170.000)-(t:7.249-v:169.000)-(t:7.273-v:167.000)-(t:7.296-v:166.000)-(t:7.314-v:165.000)-(t:7.336-v:164.000)-(t:7.358-v:163.000)-(t:7.376-v:162.000)-(t:7.396-v:161.000)-(t:7.422-v:158.000)-(t:7.448-v:157.000)-(t:7.495-v:156.000)-(t:7.523-v:155.000)-(t:7.547-v:153.000)-(t:7.576-v:152.000)-(t:7.598-v:151.000)-(t:7.622-v:149.000)-(t:7.642-v:147.000)-(t:7.661-v:146.000)-(t:7.678-v:145.000)-(t:7.695-v:144.000)-(t:7.713-v:143.000)-(t:7.732-v:141.000)-(t:7.751-v:139.000)-(t:7.774-v:137.000)-(t:7.794-v:136.000)-(t:7.838-v:135.000)-(t:7.857-v:134.000)-(t:7.878-v:133.000)-(t:7.896-v:132.000)-(t:7.944-v:131.000)-(t:7.966-v:130.000)-(t:7.994-v:129.000)-(t:8.015-v:128.000)-(t:8.076-v:127.000)-(t:8.107-v:126.000)-(t:8.131-v:125.000)-(t:8.157-v:123.000)-(t:8.183-v:122.000)-(t:8.216-v:121.000)-(t:8.236-v:120.000)-(t:8.256-v:119.000)-(t:8.282-v:117.000)-(t:8.305-v:116.000)-(t:8.326-v:114.000)-(t:8.351-v:113.000)-(t:8.395-v:112.000)-(t:8.413-v:110.000)-(t:8.438-v:109.000)-(t:8.458-v:108.000)-(t:8.480-v:107.000)-(t:8.526-v:106.000)-(t:8.548-v:105.000)-(t:8.577-v:104.000)-(t:8.598-v:103.000)-(t:8.619-v:102.000)-(t:8.644-v:101.000)-(t:8.665-v:100.000)-(t:8.696-v:99.000)-(t:8.717-v:98.000)-(t:8.776-v:97.000)-(t:8.798-v:96.000)-(t:8.820-v:95.000)-(t:8.848-v:94.000)-(t:8.867-v:93.000)-(t:8.889-v:92.000)-(t:8.939-v:90.000)-(t:8.960-v:89.000)-(t:8.982-v:88.000)-(t:9.008-v:87.000)-(t:9.028-v:86.000)-(t:9.050-v:85.000)-(t:9.081-v:84.000)-(t:9.106-v:83.000)-(t:9.133-v:82.000)-(t:9.173-v:81.000)-(t:9.317-v:80.000)-(t:9.344-v:79.000)-(t:9.369-v:78.000)-(t:9.479-v:77.000)-(t:9.510-v:76.000)-(t:9.536-v:75.000)-(t:9.562-v:74.000)-(t:9.607-v:73.000)-(t:9.629-v:72.000)-(t:9.655-v:71.000)-(t:9.682-v:70.000)-(t:9.714-v:69.000)-(t:9.738-v:68.000)-(t:9.763-v:67.000)-(t:9.791-v:66.000)-(t:9.890-v:65.000)-(t:9.928-v:64.000)-(t:9.956-v:63.000)-(t:9.984-v:62.000)-(t:10.038-v:61.000)-(t:10.059-v:60.000)-(t:10.081-v:59.000)-(t:10.117-v:58.000)-(t:10.259-v:57.000)-(t:10.353-v:56.000)-(t:10.380-v:55.000)-(t:10.462-v:54.000)-(t:10.559-v:53.000)-(t:10.680-v:52.000)-(t:10.708-v:51.000)-(t:10.836-v:50.000)-(t:10.864-v:49.000)-(t:10.895-v:48.000)-(t:10.934-v:47.000)-(t:11.092-v:46.000)-(t:11.117-v:45.000)-(t:11.140-v:44.000)-(t:11.189-v:43.000)-(t:11.222-v:42.000)-(t:11.253-v:41.000)-(t:11.295-v:40.000)-(t:11.349-v:39.000)-(t:11.375-v:38.000)-(t:11.753-v:37.000)-(t:11.794-v:36.000)-(t:13.056-v:35.000)-(t:15.775-v:34.000)-(t:15.883-v:33.000)-(t:16.214-v:32.000)-(t:16.259-v:31.000)-(t:16.358-v:30.000)-(t:16.465-v:29.000)-(t:16.557-v:28.000)-(t:19.044-v:27.000)-(t:183.338-v:26.000)-(t:293.923-v:25.000)-(t:294.026-v:24.000)],300.0
