bandit,instance,reward,timeout,seed,Result,bestObj,solOverTime,integralPrimalGap,history
dqn,examples/tsp/tsplib/pr124.tsp,r1,300,0,======,98734994.0,[(t:9.915-v:98943.488)-(t:11.184-v:98811.541)-(t:11.203-v:98734.994)],126.57,[]
dqn,examples/tsp/tsplib/pr107.tsp,r1,300,0,======,62756964.0,[(t:9.475-v:62756.964)],94.905,[]
dqn,examples/tsp/tsplib/rat195.tsp,r1,300,0,======,3754530.0,[(t:11.995-v:4037.522)-(t:13.638-v:4031.927)-(t:13.666-v:4019.812)-(t:13.692-v:4003.441)-(t:13.718-v:3994.554)-(t:13.823-v:3989.920)-(t:13.851-v:3979.591)-(t:271.797-v:3975.415)-(t:271.817-v:3954.313)-(t:271.837-v:3954.085)-(t:271.857-v:3935.616)-(t:271.878-v:3919.391)-(t:271.898-v:3908.871)-(t:271.920-v:3801.615)-(t:271.941-v:3785.176)-(t:271.992-v:3754.530)],130.915,[]
dqn,examples/tsp/tsplib/pr136.tsp,r1,300,0,======,241512779.0,[(t:11.229-v:287026.224)-(t:12.174-v:282329.585)-(t:12.222-v:281559.944)-(t:12.246-v:280497.379)-(t:12.269-v:272595.498)-(t:12.299-v:271437.968)-(t:12.328-v:270355.622)-(t:12.364-v:269448.918)-(t:12.401-v:269111.649)-(t:12.426-v:268275.462)-(t:12.450-v:267759.513)-(t:12.482-v:267608.644)-(t:12.516-v:264717.448)-(t:12.553-v:264705.620)-(t:12.583-v:264440.322)-(t:12.629-v:263892.681)-(t:12.659-v:263314.808)-(t:12.687-v:262786.341)-(t:12.723-v:262162.878)-(t:12.748-v:262068.553)-(t:12.783-v:261316.239)-(t:12.811-v:261125.844)-(t:12.837-v:260909.588)-(t:12.864-v:260900.164)-(t:12.894-v:260610.100)-(t:12.917-v:260562.702)-(t:12.946-v:260504.574)-(t:12.968-v:260258.271)-(t:12.991-v:254325.408)-(t:13.013-v:254089.277)-(t:13.038-v:253556.795)-(t:13.062-v:253265.575)-(t:13.143-v:252681.579)-(t:13.166-v:251780.393)-(t:13.192-v:251341.652)-(t:13.222-v:250561.258)-(t:13.251-v:250229.974)-(t:14.510-v:248078.022)-(t:14.535-v:247856.680)-(t:20.088-v:247249.625)-(t:38.779-v:245994.928)-(t:38.800-v:245516.528)-(t:38.823-v:245490.374)-(t:38.868-v:245150.374)-(t:38.892-v:245012.073)-(t:38.914-v:244672.073)-(t:38.937-v:244331.248)-(t:38.960-v:244103.779)-(t:38.983-v:241852.779)-(t:39.004-v:241512.779)],184.637,[]
dqn,examples/tsp/tsplib/kroB150.tsp,r1,300,0,======,63757704.0,[(t:11.284-v:273236.427)-(t:12.244-v:269894.380)-(t:12.270-v:269436.933)-(t:12.320-v:269136.457)-(t:12.346-v:268635.003)-(t:12.370-v:267869.317)-(t:12.394-v:265625.187)-(t:12.418-v:264621.124)-(t:12.441-v:264291.275)-(t:12.461-v:263589.090)-(t:12.481-v:263576.321)-(t:12.508-v:263430.185)-(t:12.530-v:262868.482)-(t:12.552-v:262705.482)-(t:12.576-v:262616.500)-(t:12.595-v:262143.254)-(t:12.617-v:262091.369)-(t:12.642-v:261972.471)-(t:12.663-v:261956.779)-(t:12.692-v:261399.541)-(t:12.721-v:260485.249)-(t:12.752-v:260163.380)-(t:12.774-v:260126.186)-(t:12.801-v:259592.969)-(t:12.829-v:259110.907)-(t:12.855-v:259090.214)-(t:12.879-v:259088.027)-(t:12.902-v:258612.665)-(t:12.926-v:258577.711)-(t:12.945-v:258141.608)-(t:12.971-v:257937.568)-(t:12.995-v:257589.329)-(t:13.019-v:257573.637)-(t:13.043-v:257525.692)-(t:13.077-v:256988.965)-(t:13.101-v:256687.146)-(t:13.130-v:256403.820)-(t:13.153-v:255987.402)-(t:13.185-v:255632.000)-(t:13.212-v:255461.772)-(t:13.240-v:255210.767)-(t:13.268-v:254480.946)-(t:13.301-v:253990.374)-(t:13.328-v:251561.919)-(t:13.352-v:251436.789)-(t:13.384-v:251117.051)-(t:13.413-v:251116.535)-(t:13.439-v:251116.483)-(t:13.464-v:250692.379)-(t:13.493-v:250680.641)-(t:13.520-v:250146.741)-(t:13.545-v:249514.767)-(t:13.570-v:249365.824)-(t:13.595-v:249342.836)-(t:13.622-v:248464.328)-(t:13.641-v:248453.513)-(t:13.665-v:248309.661)-(t:13.690-v:243848.214)-(t:13.713-v:243801.816)-(t:13.740-v:243287.592)-(t:13.765-v:243074.801)-(t:13.792-v:242803.176)-(t:13.818-v:241237.439)-(t:13.843-v:240201.927)-(t:13.869-v:240183.254)-(t:13.890-v:240144.974)-(t:13.917-v:239149.822)-(t:13.947-v:238844.745)-(t:13.970-v:238617.663)-(t:13.998-v:238500.785)-(t:14.030-v:235561.351)-(t:14.057-v:235500.057)-(t:14.077-v:235476.341)-(t:14.104-v:235245.678)-(t:14.121-v:235209.619)-(t:14.141-v:235112.815)-(t:14.161-v:234935.972)-(t:14.187-v:234561.910)-(t:14.213-v:234506.437)-(t:14.238-v:234302.679)-(t:14.259-v:234290.152)-(t:14.283-v:233942.328)-(t:14.309-v:233799.896)-(t:14.336-v:233504.998)-(t:14.392-v:233230.409)-(t:14.423-v:233091.354)-(t:14.447-v:232308.261)-(t:14.474-v:231228.068)-(t:14.502-v:231161.127)-(t:14.531-v:230603.227)-(t:14.557-v:230454.849)-(t:14.582-v:230406.726)-(t:14.617-v:230161.971)-(t:14.659-v:230146.583)-(t:14.683-v:230102.137)-(t:14.711-v:229785.261)-(t:14.742-v:228763.785)-(t:14.769-v:228663.903)-(t:14.797-v:228287.030)-(t:14.823-v:228271.487)-(t:14.847-v:228085.720)-(t:14.873-v:227369.634)-(t:14.899-v:227331.360)-(t:14.927-v:226665.638)-(t:14.960-v:226467.510)-(t:14.987-v:225808.074)-(t:15.012-v:225389.448)-(t:15.035-v:223812.062)-(t:15.063-v:223662.567)-(t:15.095-v:223659.388)-(t:15.122-v:222818.884)-(t:15.150-v:222734.141)-(t:15.181-v:222216.179)-(t:15.209-v:222007.704)-(t:15.235-v:221922.961)-(t:15.262-v:221712.710)-(t:15.288-v:220990.307)-(t:15.318-v:219144.007)-(t:15.344-v:219020.381)-(t:15.373-v:218616.856)-(t:15.400-v:218297.805)-(t:15.428-v:217821.091)-(t:15.458-v:217331.089)-(t:15.487-v:217312.406)-(t:15.513-v:217032.524)-(t:15.540-v:216583.140)-(t:15.563-v:216399.127)-(t:15.589-v:215913.671)-(t:15.615-v:215376.191)-(t:15.640-v:215096.945)-(t:15.667-v:214843.142)-(t:15.697-v:214736.354)-(t:15.725-v:214401.720)-(t:15.755-v:214349.652)-(t:15.781-v:214171.960)-(t:15.808-v:214110.041)-(t:15.828-v:213794.579)-(t:15.853-v:213654.055)-(t:15.882-v:213480.627)-(t:15.902-v:213418.708)-(t:15.924-v:213103.246)-(t:15.947-v:213002.060)-(t:15.976-v:212908.089)-(t:15.997-v:210605.424)-(t:16.022-v:210504.999)-(t:16.044-v:210434.517)-(t:16.064-v:210394.455)-(t:16.084-v:210260.292)-(t:16.105-v:209879.916)-(t:16.127-v:209572.832)-(t:16.150-v:209415.530)-(t:16.176-v:209314.344)-(t:16.206-v:206915.383)-(t:16.231-v:206782.585)-(t:16.257-v:206734.601)-(t:16.279-v:206576.572)-(t:16.302-v:206501.909)-(t:16.323-v:204580.243)-(t:16.346-v:204002.639)-(t:16.373-v:203881.929)-(t:16.396-v:203524.813)-(t:16.420-v:202210.475)-(t:16.441-v:202165.759)-(t:16.465-v:201322.276)-(t:16.485-v:199732.460)-(t:16.504-v:199454.719)-(t:16.524-v:199143.460)-(t:16.544-v:198888.538)-(t:16.563-v:198794.052)-(t:16.590-v:198649.200)-(t:16.612-v:198547.509)-(t:16.634-v:195777.719)-(t:16.656-v:195535.355)-(t:16.676-v:195518.425)-(t:16.702-v:195117.888)-(t:16.734-v:194922.598)-(t:16.765-v:193986.909)-(t:16.803-v:193760.974)-(t:16.837-v:193685.377)-(t:16.859-v:193623.636)-(t:16.883-v:193529.052)-(t:16.906-v:193111.711)-(t:16.931-v:192910.486)-(t:16.952-v:192782.487)-(t:16.980-v:192337.781)-(t:17.005-v:192093.789)-(t:17.034-v:190465.325)-(t:17.059-v:190433.075)-(t:17.085-v:190389.259)-(t:17.115-v:189922.961)-(t:17.141-v:189860.306)-(t:17.164-v:189643.615)-(t:17.182-v:188238.625)-(t:17.212-v:187320.990)-(t:17.237-v:187109.225)-(t:17.261-v:186863.051)-(t:17.287-v:186714.531)-(t:17.314-v:186318.757)-(t:17.341-v:186290.808)-(t:17.366-v:186086.318)-(t:17.396-v:185999.744)-(t:17.416-v:185811.114)-(t:17.449-v:185419.769)-(t:17.477-v:184324.594)-(t:17.509-v:184213.134)-(t:17.546-v:183304.696)-(t:17.573-v:183119.705)-(t:17.609-v:182231.318)-(t:17.632-v:182110.984)-(t:17.653-v:182075.626)-(t:17.673-v:181880.123)-(t:17.697-v:181204.125)-(t:17.719-v:181024.073)-(t:17.747-v:180503.087)-(t:17.780-v:180483.797)-(t:17.806-v:180286.521)-(t:17.842-v:179694.200)-(t:17.876-v:179630.333)-(t:17.904-v:179626.844)-(t:17.931-v:179595.723)-(t:17.950-v:179312.631)-(t:17.971-v:179305.443)-(t:17.992-v:178050.590)-(t:18.013-v:177504.407)-(t:18.037-v:177376.010)-(t:18.064-v:176858.352)-(t:18.085-v:176846.025)-(t:18.111-v:176685.554)-(t:18.137-v:176678.634)-(t:18.168-v:176413.540)-(t:18.207-v:176381.472)-(t:18.239-v:176378.189)-(t:18.266-v:175518.296)-(t:18.295-v:175350.062)-(t:18.319-v:175255.205)-(t:18.346-v:175041.757)-(t:18.376-v:174851.847)-(t:18.411-v:174691.048)-(t:18.437-v:174392.752)-(t:18.470-v:174370.468)-(t:18.498-v:174007.782)-(t:18.531-v:173970.063)-(t:18.552-v:173854.502)-(t:18.573-v:173727.618)-(t:18.609-v:173598.995)-(t:18.633-v:173427.092)-(t:18.658-v:173098.794)-(t:18.678-v:172673.078)-(t:18.704-v:172594.450)-(t:18.732-v:172521.341)-(t:18.755-v:172508.542)-(t:18.784-v:172227.546)-(t:18.811-v:172076.166)-(t:18.843-v:171749.534)-(t:18.875-v:171662.940)-(t:18.906-v:170782.119)-(t:18.927-v:170057.139)-(t:18.950-v:169747.901)-(t:18.995-v:169324.804)-(t:19.023-v:168977.526)-(t:19.048-v:168733.557)-(t:19.075-v:168508.489)-(t:19.095-v:168122.481)-(t:19.116-v:167774.932)-(t:19.146-v:166724.694)-(t:19.170-v:166258.115)-(t:19.200-v:166178.342)-(t:19.228-v:166168.205)-(t:19.258-v:165925.947)-(t:19.281-v:165852.708)-(t:19.314-v:165842.576)-(t:19.343-v:165838.400)-(t:19.369-v:165802.003)-(t:19.399-v:164483.283)-(t:19.426-v:164254.967)-(t:19.452-v:164074.490)-(t:19.487-v:163897.481)-(t:19.513-v:163599.185)-(t:19.547-v:162602.011)-(t:19.582-v:162576.706)-(t:19.601-v:162141.510)-(t:19.627-v:162070.946)-(t:19.655-v:160010.619)-(t:19.685-v:159997.330)-(t:19.717-v:159978.997)-(t:19.742-v:159803.297)-(t:19.763-v:159794.058)-(t:19.788-v:159663.213)-(t:19.808-v:159317.452)-(t:19.832-v:159211.940)-(t:19.855-v:159171.208)-(t:19.882-v:158183.310)-(t:19.913-v:157572.512)-(t:19.943-v:157161.941)-(t:19.966-v:155314.629)-(t:19.991-v:155099.245)-(t:20.022-v:154795.218)-(t:20.051-v:154601.592)-(t:20.079-v:154408.312)-(t:20.113-v:154035.477)-(t:20.137-v:153922.801)-(t:20.165-v:153920.211)-(t:20.197-v:153534.087)-(t:20.227-v:153436.743)-(t:20.253-v:153259.152)-(t:20.291-v:152152.802)-(t:20.320-v:151207.916)-(t:20.343-v:150925.886)-(t:20.365-v:150901.874)-(t:20.392-v:149887.191)-(t:20.416-v:149795.280)-(t:20.438-v:149731.528)-(t:20.469-v:149668.106)-(t:20.499-v:149583.255)-(t:20.520-v:149287.822)-(t:20.542-v:148987.300)-(t:20.573-v:148662.610)-(t:20.601-v:148586.660)-(t:20.636-v:148067.030)-(t:20.661-v:147914.054)-(t:20.688-v:147595.005)-(t:20.711-v:147508.788)-(t:20.736-v:147366.348)-(t:20.762-v:146985.707)-(t:20.791-v:146726.389)-(t:20.814-v:146303.307)-(t:20.838-v:145469.413)-(t:20.859-v:145405.055)-(t:20.882-v:145061.175)-(t:20.912-v:144985.349)-(t:20.931-v:144954.307)-(t:20.950-v:144465.355)-(t:20.977-v:141880.484)-(t:21.000-v:141440.171)-(t:21.025-v:140989.282)-(t:21.051-v:140637.647)-(t:21.081-v:140238.358)-(t:21.111-v:139325.137)-(t:21.131-v:139279.181)-(t:21.151-v:139117.295)-(t:21.173-v:138998.428)-(t:21.194-v:138985.279)-(t:21.217-v:138870.421)-(t:21.240-v:138800.422)-(t:21.265-v:138428.283)-(t:21.300-v:138303.679)-(t:21.332-v:138075.614)-(t:21.357-v:137679.373)-(t:21.384-v:137672.895)-(t:21.409-v:137197.837)-(t:21.442-v:137016.689)-(t:21.467-v:136936.088)-(t:21.498-v:136551.156)-(t:21.531-v:136543.436)-(t:21.551-v:136519.399)-(t:21.574-v:136455.466)-(t:21.601-v:136288.775)-(t:21.634-v:135764.884)-(t:21.661-v:135705.031)-(t:21.687-v:135675.812)-(t:21.717-v:135328.662)-(t:21.740-v:135135.382)-(t:21.768-v:132211.908)-(t:21.792-v:132078.764)-(t:21.817-v:132063.110)-(t:21.848-v:131807.830)-(t:21.873-v:131735.790)-(t:21.906-v:131615.740)-(t:21.929-v:131495.658)-(t:21.949-v:131261.968)-(t:21.979-v:130885.852)-(t:22.009-v:130439.348)-(t:22.028-v:130430.309)-(t:22.047-v:130375.818)-(t:22.069-v:127884.489)-(t:22.098-v:127718.424)-(t:22.117-v:127702.508)-(t:22.150-v:127594.750)-(t:22.177-v:127508.401)-(t:22.214-v:127462.674)-(t:22.246-v:127294.101)-(t:22.265-v:127176.937)-(t:22.292-v:127037.811)-(t:22.323-v:127017.380)-(t:22.356-v:126670.182)-(t:22.380-v:126620.485)-(t:22.406-v:126118.474)-(t:22.439-v:125872.527)-(t:22.464-v:124917.064)-(t:22.495-v:123865.692)-(t:22.520-v:123862.982)-(t:22.554-v:123671.654)-(t:22.583-v:123669.632)-(t:22.606-v:123625.989)-(t:22.635-v:123607.032)-(t:22.670-v:122742.460)-(t:22.695-v:122628.980)-(t:22.720-v:122414.845)-(t:22.742-v:122243.897)-(t:22.766-v:121860.966)-(t:22.793-v:121710.393)-(t:22.825-v:121306.541)-(t:22.859-v:121052.309)-(t:22.902-v:120439.508)-(t:22.945-v:119298.073)-(t:22.977-v:119200.436)-(t:23.016-v:118825.198)-(t:23.041-v:118628.867)-(t:23.067-v:118561.723)-(t:23.089-v:118538.530)-(t:23.114-v:118495.820)-(t:23.135-v:118470.027)-(t:23.156-v:118441.577)-(t:23.178-v:118230.525)-(t:23.203-v:118154.905)-(t:23.237-v:117800.031)-(t:23.273-v:117747.031)-(t:23.307-v:117746.729)-(t:23.344-v:117160.819)-(t:23.374-v:117132.289)-(t:23.401-v:117103.091)-(t:23.430-v:117058.305)-(t:23.468-v:114732.601)-(t:23.490-v:114668.982)-(t:23.512-v:114668.823)-(t:23.542-v:114563.193)-(t:23.582-v:109700.959)-(t:23.611-v:109700.625)-(t:23.654-v:108475.396)-(t:23.681-v:107253.019)-(t:23.710-v:107156.320)-(t:23.740-v:107083.447)-(t:23.772-v:106934.977)-(t:23.803-v:106910.024)-(t:23.837-v:103646.604)-(t:23.860-v:103638.911)-(t:23.883-v:102183.506)-(t:23.916-v:101351.788)-(t:23.940-v:100793.975)-(t:23.975-v:100760.110)-(t:23.999-v:100348.951)-(t:24.036-v:100334.385)-(t:24.069-v:100217.911)-(t:24.088-v:100102.025)-(t:24.110-v:99989.476)-(t:24.132-v:99957.939)-(t:24.168-v:99429.118)-(t:24.197-v:99009.091)-(t:24.238-v:97024.459)-(t:24.262-v:96912.122)-(t:24.286-v:96883.672)-(t:24.313-v:96831.181)-(t:24.354-v:96622.161)-(t:24.382-v:96599.694)-(t:24.418-v:96579.641)-(t:24.453-v:96118.712)-(t:24.483-v:96020.223)-(t:24.507-v:95677.180)-(t:24.533-v:95158.820)-(t:24.556-v:95040.089)-(t:24.580-v:94548.138)-(t:24.615-v:94181.113)-(t:24.642-v:94100.213)-(t:24.670-v:94075.890)-(t:24.704-v:93766.305)-(t:24.726-v:93704.512)-(t:24.745-v:93582.379)-(t:24.780-v:93481.887)-(t:24.805-v:92906.372)-(t:24.844-v:92794.412)-(t:24.878-v:92400.881)-(t:24.903-v:92392.623)-(t:24.928-v:92322.059)-(t:24.967-v:92043.736)-(t:24.992-v:91884.502)-(t:25.018-v:91795.181)-(t:25.043-v:91694.291)-(t:25.071-v:91623.541)-(t:25.096-v:91554.665)-(t:25.126-v:91467.384)-(t:25.157-v:91017.685)-(t:25.192-v:90933.929)-(t:25.216-v:90926.912)-(t:25.247-v:90374.919)-(t:25.271-v:90233.075)-(t:25.306-v:88925.280)-(t:25.329-v:88923.538)-(t:25.350-v:88773.537)-(t:25.372-v:88231.713)-(t:25.392-v:88052.869)-(t:25.411-v:87941.409)-(t:25.430-v:87889.395)-(t:25.452-v:87796.400)-(t:25.485-v:87336.495)-(t:25.510-v:86951.384)-(t:25.536-v:86934.116)-(t:25.566-v:86870.850)-(t:25.586-v:86868.747)-(t:25.605-v:86270.110)-(t:25.631-v:85969.618)-(t:25.657-v:85881.698)-(t:25.683-v:85232.956)-(t:25.719-v:85162.927)-(t:25.745-v:84980.305)-(t:25.777-v:84557.775)-(t:25.806-v:84487.709)-(t:25.839-v:84309.127)-(t:25.861-v:84286.856)-(t:25.881-v:84242.385)-(t:25.908-v:84231.387)-(t:25.935-v:83730.039)-(t:25.959-v:83579.169)-(t:25.980-v:83491.787)-(t:26.007-v:83364.429)-(t:26.029-v:83154.231)-(t:26.062-v:82998.370)-(t:26.082-v:82937.091)-(t:26.102-v:82918.828)-(t:26.127-v:82812.965)-(t:26.151-v:81802.697)-(t:26.180-v:81337.767)-(t:26.217-v:81208.187)-(t:26.240-v:81153.985)-(t:26.265-v:81124.563)-(t:26.292-v:80923.457)-(t:26.322-v:80583.525)-(t:26.348-v:80512.873)-(t:26.381-v:80124.980)-(t:26.418-v:79642.635)-(t:26.444-v:79628.814)-(t:26.478-v:77212.149)-(t:26.507-v:77180.700)-(t:26.530-v:77144.335)-(t:26.553-v:76588.340)-(t:26.571-v:76372.104)-(t:26.592-v:76110.577)-(t:26.630-v:76110.255)-(t:26.664-v:76031.784)-(t:26.688-v:75793.206)-(t:26.720-v:75780.339)-(t:26.747-v:75656.224)-(t:26.775-v:74653.094)-(t:26.809-v:74360.285)-(t:26.839-v:74359.868)-(t:26.867-v:73803.431)-(t:26.903-v:73790.850)-(t:26.944-v:73779.172)-(t:26.986-v:73662.217)-(t:27.013-v:73275.662)-(t:27.035-v:73228.132)-(t:27.054-v:73128.150)-(t:27.075-v:72999.251)-(t:27.096-v:72999.132)-(t:27.118-v:72937.262)-(t:27.139-v:72854.125)-(t:27.166-v:72318.223)-(t:27.188-v:72057.089)-(t:27.209-v:72007.618)-(t:27.239-v:71499.014)-(t:27.274-v:71401.199)-(t:27.302-v:71017.874)-(t:27.332-v:70588.588)-(t:27.372-v:70312.029)-(t:27.408-v:70197.686)-(t:27.445-v:68686.681)-(t:27.469-v:68675.668)-(t:27.492-v:68342.626)-(t:27.514-v:68341.915)-(t:27.540-v:68074.085)-(t:27.569-v:68005.360)-(t:27.604-v:67531.849)-(t:27.642-v:67523.791)-(t:27.678-v:67367.637)-(t:27.724-v:67127.391)-(t:27.767-v:67114.485)-(t:27.812-v:67029.405)-(t:27.853-v:66586.197)-(t:27.884-v:66516.660)-(t:27.909-v:66238.855)-(t:27.935-v:65755.066)-(t:27.973-v:65695.185)-(t:27.992-v:65609.715)-(t:28.011-v:65525.154)-(t:28.035-v:65511.654)-(t:28.062-v:65437.173)-(t:28.091-v:65437.162)-(t:28.123-v:65431.795)-(t:28.153-v:65349.065)-(t:28.175-v:64550.466)-(t:28.197-v:64476.254)-(t:28.230-v:63770.165)-(t:28.269-v:63760.225)-(t:28.314-v:63757.704)],185.349,[]
dqn,examples/tsp/tsplib/gil262.tsp,r1,300,0,======,7923985.0,[(t:13.433-v:26295.632)-(t:15.243-v:26285.619)-(t:15.268-v:26282.486)-(t:15.292-v:26270.717)-(t:15.317-v:26236.145)-(t:15.344-v:26230.152)-(t:15.377-v:26205.355)-(t:15.400-v:26194.092)-(t:15.429-v:26189.985)-(t:15.455-v:26114.555)-(t:15.487-v:26002.409)-(t:15.512-v:25992.044)-(t:15.539-v:25988.649)-(t:15.573-v:25981.004)-(t:15.601-v:25974.047)-(t:15.629-v:25966.838)-(t:15.658-v:25948.074)-(t:15.685-v:25910.792)-(t:15.712-v:25839.844)-(t:15.741-v:25821.062)-(t:15.773-v:25817.844)-(t:15.797-v:25810.395)-(t:15.818-v:25778.202)-(t:15.840-v:25763.460)-(t:15.864-v:25755.425)-(t:15.890-v:25717.013)-(t:15.918-v:25696.808)-(t:15.948-v:25511.464)-(t:15.979-v:25503.484)-(t:16.002-v:25500.564)-(t:16.032-v:25500.311)-(t:16.060-v:25370.084)-(t:16.089-v:25350.665)-(t:16.114-v:25334.267)-(t:16.137-v:25316.334)-(t:16.165-v:25268.550)-(t:16.196-v:25244.754)-(t:16.227-v:25233.337)-(t:16.251-v:25232.783)-(t:16.277-v:25208.371)-(t:16.301-v:25195.756)-(t:16.323-v:25195.099)-(t:16.349-v:25177.712)-(t:16.373-v:25160.470)-(t:16.400-v:25149.591)-(t:16.423-v:25136.675)-(t:16.446-v:25122.834)-(t:16.485-v:25110.155)-(t:16.508-v:25105.883)-(t:16.533-v:25100.079)-(t:16.559-v:25077.128)-(t:16.583-v:25070.424)-(t:16.615-v:25070.168)-(t:16.639-v:25068.290)-(t:16.664-v:25050.832)-(t:16.689-v:25045.906)-(t:16.720-v:24989.702)-(t:16.744-v:24975.541)-(t:16.768-v:24954.424)-(t:16.791-v:24904.414)-(t:16.817-v:24899.539)-(t:16.841-v:24898.366)-(t:16.861-v:24897.452)-(t:16.884-v:24885.363)-(t:16.907-v:24751.196)-(t:16.929-v:24719.470)-(t:16.951-v:24701.613)-(t:16.975-v:24670.501)-(t:17.002-v:24662.506)-(t:17.026-v:24636.964)-(t:17.048-v:24635.515)-(t:17.066-v:24625.204)-(t:17.084-v:24622.847)-(t:17.102-v:24618.129)-(t:17.123-v:24588.051)-(t:17.141-v:24579.279)-(t:17.165-v:24578.659)-(t:17.184-v:24578.490)-(t:17.203-v:24561.977)-(t:17.222-v:24551.498)-(t:17.240-v:24477.767)-(t:17.257-v:24459.868)-(t:17.276-v:24459.314)-(t:17.296-v:24449.241)-(t:17.317-v:24401.985)-(t:17.337-v:24292.989)-(t:17.357-v:24282.510)-(t:17.375-v:24280.035)-(t:17.393-v:24256.185)-(t:17.413-v:24243.487)-(t:17.437-v:24229.418)-(t:17.455-v:24207.129)-(t:17.473-v:24125.417)-(t:17.491-v:24104.979)-(t:17.512-v:24041.230)-(t:17.539-v:23955.301)-(t:17.566-v:23926.748)-(t:17.612-v:23903.696)-(t:17.638-v:23873.998)-(t:17.663-v:23873.247)-(t:17.692-v:23872.775)-(t:17.719-v:23828.303)-(t:17.747-v:23756.199)-(t:17.774-v:23710.609)-(t:17.798-v:23705.425)-(t:17.820-v:23625.233)-(t:17.842-v:23603.558)-(t:17.865-v:23603.004)-(t:17.891-v:23591.330)-(t:17.914-v:23588.855)-(t:17.945-v:23576.398)-(t:17.970-v:23526.624)-(t:17.992-v:23518.276)-(t:18.013-v:23507.717)-(t:18.033-v:23483.372)-(t:18.054-v:23434.245)-(t:18.077-v:23379.601)-(t:18.097-v:23296.958)-(t:18.124-v:23275.989)-(t:18.144-v:23271.994)-(t:18.163-v:23191.802)-(t:18.187-v:23170.127)-(t:18.211-v:23169.573)-(t:18.236-v:23156.796)-(t:18.259-v:23154.321)-(t:18.286-v:23154.233)-(t:18.309-v:23141.316)-(t:18.332-v:23135.569)-(t:18.356-v:23120.586)-(t:18.385-v:23119.673)-(t:18.417-v:23110.693)-(t:18.453-v:23109.746)-(t:18.486-v:23102.825)-(t:18.512-v:23068.630)-(t:18.541-v:23046.564)-(t:18.574-v:23022.295)-(t:18.600-v:23016.130)-(t:18.630-v:22987.765)-(t:18.655-v:22983.060)-(t:18.683-v:22974.068)-(t:18.714-v:22914.226)-(t:18.741-v:22911.416)-(t:18.779-v:22804.004)-(t:18.803-v:22729.451)-(t:18.832-v:22707.388)-(t:18.856-v:22649.240)-(t:18.880-v:22636.626)-(t:18.906-v:22629.821)-(t:18.935-v:22603.618)-(t:18.957-v:22566.992)-(t:18.978-v:22556.669)-(t:19.002-v:22551.458)-(t:19.024-v:22551.408)-(t:19.053-v:22505.914)-(t:19.082-v:22493.624)-(t:19.115-v:22461.192)-(t:19.149-v:22402.125)-(t:19.178-v:22395.398)-(t:19.208-v:22389.147)-(t:19.236-v:22366.876)-(t:19.268-v:22286.100)-(t:19.298-v:22266.306)-(t:19.331-v:22088.553)-(t:19.360-v:22087.835)-(t:19.391-v:22038.162)-(t:19.425-v:22008.445)-(t:19.455-v:21974.937)-(t:19.485-v:21971.062)-(t:19.515-v:21958.360)-(t:19.543-v:21955.357)-(t:19.569-v:21927.872)-(t:19.596-v:21925.579)-(t:19.625-v:21918.216)-(t:19.649-v:21895.851)-(t:19.672-v:21885.408)-(t:19.693-v:21884.502)-(t:19.718-v:21859.338)-(t:19.740-v:21855.816)-(t:19.765-v:21848.008)-(t:19.790-v:21837.526)-(t:19.807-v:21827.683)-(t:19.831-v:21824.725)-(t:19.853-v:21816.029)-(t:19.874-v:21790.401)-(t:19.902-v:21672.129)-(t:19.930-v:21671.561)-(t:19.953-v:21665.794)-(t:19.973-v:21661.090)-(t:20.000-v:21653.829)-(t:20.020-v:21650.637)-(t:20.044-v:21649.437)-(t:20.074-v:21644.434)-(t:20.104-v:21628.945)-(t:20.125-v:21618.408)-(t:20.150-v:21611.368)-(t:20.172-v:21600.318)-(t:20.194-v:21574.092)-(t:20.214-v:21571.415)-(t:20.240-v:21527.672)-(t:20.261-v:21525.375)-(t:20.284-v:21524.243)-(t:20.308-v:21482.058)-(t:20.335-v:21476.374)-(t:20.358-v:21466.433)-(t:20.381-v:21459.597)-(t:20.403-v:21456.397)-(t:20.426-v:21339.372)-(t:20.450-v:21323.461)-(t:20.474-v:21250.220)-(t:20.505-v:21235.384)-(t:20.540-v:21190.417)-(t:20.563-v:21175.938)-(t:20.595-v:21121.260)-(t:20.626-v:21118.272)-(t:20.659-v:21112.056)-(t:20.684-v:21057.419)-(t:20.707-v:21052.155)-(t:20.731-v:21018.898)-(t:20.761-v:21015.286)-(t:20.790-v:20922.393)-(t:20.821-v:20914.338)-(t:20.846-v:20899.105)-(t:20.875-v:20866.719)-(t:20.904-v:20860.030)-(t:20.930-v:20846.245)-(t:20.957-v:20839.251)-(t:20.989-v:20819.770)-(t:21.018-v:20788.646)-(t:21.047-v:20784.767)-(t:21.082-v:20776.885)-(t:21.113-v:20726.145)-(t:21.144-v:20610.775)-(t:21.166-v:20590.871)-(t:21.190-v:20584.620)-(t:21.219-v:20559.415)-(t:21.252-v:20344.361)-(t:21.280-v:20328.227)-(t:21.306-v:20308.579)-(t:21.337-v:20278.124)-(t:21.366-v:20249.547)-(t:21.393-v:20239.347)-(t:21.419-v:20211.023)-(t:21.445-v:20204.983)-(t:21.476-v:20177.812)-(t:21.498-v:20177.311)-(t:21.528-v:20171.931)-(t:21.561-v:20149.023)-(t:21.592-v:20144.750)-(t:21.624-v:20138.119)-(t:21.657-v:20137.359)-(t:21.685-v:20132.487)-(t:21.715-v:20096.771)-(t:21.743-v:20048.586)-(t:21.778-v:20006.714)-(t:21.812-v:19910.013)-(t:21.846-v:19908.708)-(t:21.882-v:19804.781)-(t:21.912-v:19804.569)-(t:21.935-v:19798.661)-(t:21.958-v:19792.410)-(t:21.979-v:19778.960)-(t:22.008-v:19769.741)-(t:22.034-v:19765.211)-(t:22.065-v:19755.245)-(t:22.090-v:19748.290)-(t:22.118-v:19743.589)-(t:22.150-v:19728.011)-(t:22.170-v:19715.159)-(t:22.190-v:19713.883)-(t:22.210-v:19688.009)-(t:22.240-v:19633.429)-(t:22.264-v:19632.310)-(t:22.295-v:19605.477)-(t:22.318-v:19592.340)-(t:22.355-v:19528.540)-(t:22.378-v:19526.847)-(t:22.404-v:19504.499)-(t:22.437-v:19498.728)-(t:22.470-v:19486.375)-(t:22.490-v:19475.172)-(t:22.509-v:19470.085)-(t:22.531-v:19468.245)-(t:22.554-v:19448.360)-(t:22.579-v:19432.211)-(t:22.612-v:19411.474)-(t:22.644-v:19376.337)-(t:22.673-v:19324.481)-(t:22.712-v:19292.597)-(t:22.737-v:19267.319)-(t:22.762-v:19228.407)-(t:22.787-v:19223.942)-(t:22.813-v:19218.433)-(t:22.835-v:19217.444)-(t:22.859-v:19203.994)-(t:22.892-v:19195.779)-(t:22.914-v:19183.614)-(t:22.949-v:19015.242)-(t:22.973-v:18980.073)-(t:23.000-v:18977.954)-(t:23.023-v:18963.187)-(t:23.054-v:18959.575)-(t:23.089-v:18916.908)-(t:23.109-v:18891.641)-(t:23.140-v:18874.296)-(t:23.166-v:18843.271)-(t:23.198-v:18841.659)-(t:23.220-v:18817.608)-(t:23.258-v:18702.217)-(t:23.293-v:18671.589)-(t:23.322-v:18671.087)-(t:23.353-v:18670.140)-(t:23.381-v:18635.267)-(t:23.412-v:18632.752)-(t:23.442-v:18632.566)-(t:23.474-v:18591.039)-(t:23.512-v:18578.916)-(t:23.553-v:18568.506)-(t:23.596-v:18462.768)-(t:23.633-v:18459.544)-(t:23.669-v:18452.191)-(t:23.705-v:18440.126)-(t:23.731-v:18440.117)-(t:23.761-v:18436.298)-(t:23.788-v:18432.003)-(t:23.818-v:18430.371)-(t:23.852-v:18385.146)-(t:23.887-v:18290.325)-(t:23.911-v:18290.239)-(t:23.935-v:18284.395)-(t:23.966-v:18277.711)-(t:23.992-v:18276.892)-(t:24.017-v:18256.913)-(t:24.055-v:18242.262)-(t:24.097-v:18240.733)-(t:24.136-v:18236.890)-(t:24.165-v:18235.150)-(t:24.210-v:18185.683)-(t:24.238-v:18182.953)-(t:24.281-v:18144.024)-(t:24.307-v:18138.001)-(t:24.347-v:18108.962)-(t:24.369-v:18100.494)-(t:24.394-v:18082.280)-(t:24.430-v:18056.637)-(t:24.466-v:18037.617)-(t:24.499-v:18016.674)-(t:24.526-v:18014.085)-(t:24.549-v:18003.257)-(t:24.575-v:18002.808)-(t:24.596-v:18001.341)-(t:24.627-v:17998.877)-(t:24.648-v:17985.740)-(t:24.677-v:17967.253)-(t:24.701-v:17963.069)-(t:24.726-v:17957.621)-(t:24.746-v:17957.199)-(t:24.768-v:17934.114)-(t:24.805-v:17910.689)-(t:24.832-v:17846.597)-(t:24.854-v:17842.174)-(t:24.881-v:17823.407)-(t:24.915-v:17818.610)-(t:24.933-v:17731.618)-(t:24.959-v:17721.321)-(t:24.984-v:17715.179)-(t:25.009-v:17709.911)-(t:25.046-v:17704.980)-(t:25.073-v:17703.826)-(t:25.105-v:17701.141)-(t:25.141-v:17695.746)-(t:25.168-v:17689.623)-(t:25.195-v:17644.318)-(t:25.230-v:17628.746)-(t:25.258-v:17608.892)-(t:25.293-v:17604.177)-(t:25.358-v:17598.977)-(t:25.425-v:17591.272)-(t:25.461-v:17589.253)-(t:25.490-v:17574.104)-(t:25.507-v:17566.652)-(t:25.528-v:17557.899)-(t:25.552-v:17539.665)-(t:25.570-v:17521.087)-(t:25.600-v:17520.786)-(t:25.631-v:17508.168)-(t:25.660-v:17492.956)-(t:25.689-v:17466.553)-(t:25.713-v:17466.035)-(t:25.737-v:17465.839)-(t:25.762-v:17380.234)-(t:25.787-v:17376.065)-(t:25.813-v:17366.948)-(t:25.837-v:17363.007)-(t:25.862-v:17351.656)-(t:25.882-v:17340.066)-(t:25.907-v:17336.030)-(t:25.932-v:17335.362)-(t:25.962-v:17329.451)-(t:25.984-v:17318.927)-(t:26.005-v:17311.383)-(t:26.028-v:17298.897)-(t:26.054-v:17294.861)-(t:26.084-v:17276.875)-(t:26.121-v:17232.395)-(t:26.145-v:17222.517)-(t:26.173-v:17218.294)-(t:26.203-v:17184.572)-(t:26.228-v:17161.421)-(t:26.263-v:17158.090)-(t:26.299-v:17131.150)-(t:26.334-v:17031.345)-(t:26.370-v:16992.951)-(t:26.400-v:16989.645)-(t:26.429-v:16967.886)-(t:26.450-v:16940.036)-(t:26.482-v:16925.238)-(t:26.504-v:16924.873)-(t:26.530-v:16922.026)-(t:26.566-v:16914.432)-(t:26.598-v:16898.211)-(t:26.636-v:16852.604)-(t:26.669-v:16846.618)-(t:26.707-v:16827.093)-(t:26.738-v:16826.598)-(t:26.776-v:16785.406)-(t:26.808-v:16783.285)-(t:26.846-v:16781.578)-(t:26.872-v:16740.447)-(t:26.899-v:16711.736)-(t:26.936-v:16697.077)-(t:26.970-v:16694.931)-(t:27.003-v:16549.885)-(t:27.027-v:16548.249)-(t:27.048-v:16532.114)-(t:27.082-v:16497.536)-(t:27.104-v:16488.337)-(t:27.124-v:16485.625)-(t:27.151-v:16461.895)-(t:27.176-v:16458.588)-(t:27.214-v:16450.122)-(t:27.251-v:16309.087)-(t:27.280-v:16271.765)-(t:27.305-v:16271.718)-(t:27.330-v:16270.890)-(t:27.358-v:16270.853)-(t:27.381-v:16254.704)-(t:27.408-v:16211.961)-(t:27.436-v:16211.078)-(t:27.455-v:16197.752)-(t:27.489-v:16110.316)-(t:27.521-v:16079.806)-(t:27.560-v:16050.829)-(t:27.583-v:16035.794)-(t:27.620-v:15829.731)-(t:27.644-v:15820.665)-(t:27.666-v:15814.067)-(t:27.691-v:15802.366)-(t:27.722-v:15798.858)-(t:27.742-v:15798.081)-(t:27.777-v:15798.009)-(t:27.812-v:15797.240)-(t:27.848-v:15788.511)-(t:27.874-v:15768.837)-(t:27.915-v:15731.516)-(t:27.943-v:15727.876)-(t:27.973-v:15727.502)-(t:28.007-v:15727.057)-(t:28.046-v:15702.325)-(t:28.066-v:15697.725)-(t:28.101-v:15646.818)-(t:28.137-v:15632.160)-(t:28.165-v:15626.367)-(t:28.199-v:15624.932)-(t:28.238-v:15623.473)-(t:28.279-v:15619.314)-(t:28.310-v:15591.932)-(t:28.329-v:15566.626)-(t:28.351-v:15546.478)-(t:28.376-v:15539.822)-(t:28.418-v:15535.064)-(t:28.448-v:15531.144)-(t:28.492-v:15512.543)-(t:28.516-v:15502.123)-(t:28.541-v:15494.996)-(t:28.569-v:15493.113)-(t:28.601-v:15489.461)-(t:28.640-v:15483.307)-(t:28.676-v:15478.996)-(t:28.715-v:15459.635)-(t:28.736-v:15453.889)-(t:28.760-v:15448.414)-(t:28.789-v:15427.663)-(t:28.822-v:15402.240)-(t:28.845-v:15376.150)-(t:28.890-v:15286.697)-(t:28.915-v:15286.607)-(t:28.944-v:15278.078)-(t:28.991-v:15269.763)-(t:29.033-v:15269.435)-(t:29.082-v:15218.151)-(t:29.115-v:15217.381)-(t:29.158-v:15203.667)-(t:29.194-v:15190.593)-(t:29.233-v:15189.431)-(t:29.258-v:15181.505)-(t:29.282-v:15159.715)-(t:29.306-v:15156.588)-(t:29.331-v:15151.137)-(t:29.359-v:15149.128)-(t:29.380-v:15141.282)-(t:29.404-v:15140.569)-(t:29.428-v:15133.592)-(t:29.455-v:15128.682)-(t:29.484-v:15124.872)-(t:29.504-v:15124.128)-(t:29.533-v:15108.419)-(t:29.563-v:15098.090)-(t:29.592-v:15086.790)-(t:29.612-v:15081.973)-(t:29.644-v:14877.920)-(t:29.678-v:14859.791)-(t:29.714-v:14850.949)-(t:29.752-v:14847.692)-(t:29.792-v:14840.492)-(t:29.840-v:14703.253)-(t:29.860-v:14695.219)-(t:29.880-v:14688.968)-(t:29.901-v:14678.219)-(t:29.941-v:14675.807)-(t:29.975-v:14674.665)-(t:30.012-v:14646.234)-(t:30.039-v:14637.190)-(t:30.068-v:14628.279)-(t:30.104-v:14592.340)-(t:30.129-v:14589.115)-(t:30.161-v:14587.469)-(t:30.218-v:14527.232)-(t:30.247-v:14516.794)-(t:30.274-v:14505.660)-(t:30.304-v:14501.452)-(t:30.341-v:14488.120)-(t:30.381-v:14473.987)-(t:30.430-v:14435.347)-(t:30.462-v:14433.305)-(t:30.510-v:14398.592)-(t:30.531-v:14398.526)-(t:30.566-v:14395.903)-(t:30.595-v:14380.576)-(t:30.620-v:14278.719)-(t:30.653-v:14258.533)-(t:30.686-v:14155.683)-(t:30.715-v:14155.162)-(t:30.744-v:14139.408)-(t:30.765-v:14135.541)-(t:30.795-v:14120.687)-(t:30.827-v:14103.178)-(t:30.849-v:14094.202)-(t:30.878-v:14093.877)-(t:30.919-v:14089.976)-(t:30.946-v:14081.791)-(t:30.974-v:14081.017)-(t:31.007-v:14064.417)-(t:31.041-v:14040.618)-(t:31.069-v:14040.222)-(t:31.101-v:14026.118)-(t:31.140-v:13885.057)-(t:31.168-v:13883.538)-(t:31.203-v:13881.413)-(t:31.242-v:13877.378)-(t:31.283-v:13877.154)-(t:31.309-v:13874.152)-(t:31.350-v:13798.057)-(t:31.373-v:13797.038)-(t:31.400-v:13795.477)-(t:31.429-v:13733.245)-(t:31.459-v:13699.220)-(t:31.484-v:13698.091)-(t:31.506-v:13683.526)-(t:31.533-v:13669.541)-(t:31.564-v:13598.011)-(t:31.588-v:13575.165)-(t:31.619-v:13575.079)-(t:31.646-v:13567.329)-(t:31.676-v:13566.555)-(t:31.698-v:13562.737)-(t:31.723-v:13553.053)-(t:31.751-v:13551.319)-(t:31.777-v:13550.237)-(t:31.803-v:13543.417)-(t:31.825-v:13510.276)-(t:31.845-v:13508.372)-(t:31.875-v:13506.120)-(t:31.905-v:13498.611)-(t:31.941-v:13488.332)-(t:31.975-v:13295.394)-(t:31.999-v:13290.666)-(t:32.020-v:13281.988)-(t:32.043-v:13276.802)-(t:32.077-v:13262.064)-(t:32.102-v:13261.528)-(t:32.132-v:13260.084)-(t:32.164-v:13150.185)-(t:32.196-v:13068.652)-(t:32.222-v:13059.107)-(t:32.256-v:13044.873)-(t:32.283-v:12984.424)-(t:32.312-v:12973.228)-(t:32.343-v:12969.447)-(t:32.381-v:12947.616)-(t:32.402-v:12946.157)-(t:32.428-v:12939.883)-(t:32.445-v:12937.896)-(t:32.482-v:12776.415)-(t:32.512-v:12767.299)-(t:32.552-v:12728.499)-(t:32.575-v:12725.138)-(t:32.604-v:12719.621)-(t:32.626-v:12718.024)-(t:32.655-v:12714.242)-(t:32.691-v:12713.651)-(t:32.729-v:12713.002)-(t:32.754-v:12708.967)-(t:32.787-v:12629.215)-(t:32.807-v:12626.563)-(t:32.835-v:12600.722)-(t:32.863-v:12595.599)-(t:32.891-v:12591.801)-(t:32.922-v:12564.397)-(t:32.946-v:12558.345)-(t:32.974-v:12549.100)-(t:32.991-v:12531.456)-(t:33.019-v:12524.230)-(t:33.043-v:12522.372)-(t:33.067-v:12507.041)-(t:33.086-v:12504.886)-(t:33.111-v:12503.030)-(t:33.129-v:12502.378)-(t:33.149-v:12459.306)-(t:33.169-v:12443.717)-(t:33.192-v:12441.221)-(t:33.215-v:12438.895)-(t:33.240-v:12430.860)-(t:33.266-v:12428.381)-(t:33.295-v:12416.129)-(t:33.324-v:12407.237)-(t:33.360-v:12398.843)-(t:33.391-v:12349.226)-(t:33.430-v:12302.998)-(t:33.458-v:12294.552)-(t:33.488-v:12165.627)-(t:33.509-v:12137.412)-(t:33.540-v:12127.858)-(t:33.566-v:12108.398)-(t:33.596-v:12107.992)-(t:33.622-v:12102.093)-(t:33.651-v:12075.176)-(t:33.680-v:12044.594)-(t:33.713-v:12005.751)-(t:33.731-v:12000.157)-(t:33.757-v:11992.256)-(t:33.779-v:11979.996)-(t:33.805-v:11936.225)-(t:33.827-v:11931.980)-(t:33.852-v:11922.794)-(t:33.883-v:11863.990)-(t:33.902-v:11859.859)-(t:33.928-v:11859.498)-(t:33.964-v:11839.825)-(t:33.987-v:11836.066)-(t:34.022-v:11832.481)-(t:34.044-v:11816.059)-(t:34.070-v:11815.814)-(t:34.093-v:11815.253)-(t:34.128-v:11797.851)-(t:34.155-v:11797.606)-(t:34.191-v:11750.496)-(t:34.218-v:11743.824)-(t:34.252-v:11716.205)-(t:34.277-v:11714.496)-(t:34.298-v:11702.023)-(t:34.328-v:11693.203)-(t:34.367-v:11565.051)-(t:34.403-v:11560.079)-(t:34.434-v:11558.416)-(t:34.470-v:11540.338)-(t:34.496-v:11537.602)-(t:34.529-v:11533.694)-(t:34.558-v:11504.834)-(t:34.584-v:11499.219)-(t:34.610-v:11483.968)-(t:34.642-v:11424.980)-(t:34.668-v:11423.165)-(t:34.704-v:11422.754)-(t:34.734-v:11420.385)-(t:34.756-v:11420.019)-(t:34.788-v:11416.645)-(t:34.815-v:11413.958)-(t:34.856-v:11304.066)-(t:34.882-v:11299.394)-(t:34.913-v:11286.535)-(t:34.942-v:11276.374)-(t:34.970-v:11272.576)-(t:35.010-v:11228.942)-(t:35.043-v:11225.721)-(t:35.089-v:11033.759)-(t:35.129-v:11030.114)-(t:35.155-v:11023.956)-(t:35.189-v:11016.410)-(t:35.223-v:10941.595)-(t:35.261-v:10920.245)-(t:35.292-v:10795.180)-(t:35.315-v:10791.474)-(t:35.336-v:10790.453)-(t:35.356-v:10780.697)-(t:35.379-v:10779.831)-(t:35.404-v:10779.332)-(t:35.433-v:10773.516)-(t:35.460-v:10761.965)-(t:35.482-v:10718.557)-(t:35.516-v:10710.306)-(t:35.545-v:10697.819)-(t:35.578-v:10666.600)-(t:35.605-v:10649.935)-(t:35.635-v:10640.325)-(t:35.667-v:10631.539)-(t:35.696-v:10630.909)-(t:35.730-v:10630.298)-(t:35.764-v:10627.114)-(t:35.796-v:10614.465)-(t:35.817-v:10611.280)-(t:35.847-v:10607.532)-(t:35.867-v:10607.359)-(t:35.901-v:10595.620)-(t:35.919-v:10588.999)-(t:35.959-v:10585.807)-(t:35.978-v:10581.484)-(t:36.015-v:10543.920)-(t:36.038-v:10532.360)-(t:36.073-v:10518.083)-(t:36.107-v:10495.357)-(t:36.142-v:10492.136)-(t:36.167-v:10485.725)-(t:36.209-v:10482.379)-(t:36.233-v:10475.163)-(t:36.253-v:10469.199)-(t:36.293-v:10462.276)-(t:36.341-v:10408.055)-(t:36.379-v:10407.583)-(t:36.426-v:10396.155)-(t:36.473-v:10344.026)-(t:36.494-v:10336.237)-(t:36.516-v:10327.559)-(t:36.543-v:10322.373)-(t:36.580-v:10315.224)-(t:36.618-v:10312.551)-(t:36.659-v:10294.989)-(t:36.694-v:10294.962)-(t:36.748-v:10158.390)-(t:36.784-v:10123.694)-(t:36.828-v:10122.938)-(t:36.867-v:10084.810)-(t:36.902-v:10074.906)-(t:36.951-v:10067.058)-(t:36.996-v:10065.443)-(t:37.024-v:10047.129)-(t:37.056-v:10042.850)-(t:37.096-v:10028.991)-(t:37.129-v:10020.025)-(t:37.165-v:10012.734)-(t:37.189-v:10009.616)-(t:37.212-v:9989.792)-(t:37.249-v:9982.351)-(t:37.285-v:9977.056)-(t:37.309-v:9975.002)-(t:37.344-v:9946.578)-(t:37.377-v:9945.234)-(t:37.411-v:9936.313)-(t:37.437-v:9916.547)-(t:37.459-v:9902.515)-(t:37.482-v:9890.274)-(t:37.504-v:9848.114)-(t:37.524-v:9836.048)-(t:37.547-v:9798.372)-(t:37.567-v:9798.044)-(t:37.587-v:9793.986)-(t:37.609-v:9756.699)-(t:37.634-v:9742.219)-(t:37.655-v:9698.482)-(t:37.675-v:9697.900)-(t:37.705-v:9676.574)-(t:37.735-v:9662.013)-(t:37.773-v:9631.522)-(t:37.806-v:9628.301)-(t:37.832-v:9622.718)-(t:37.871-v:9593.666)-(t:37.892-v:9591.824)-(t:37.921-v:9590.888)-(t:37.952-v:9571.309)-(t:37.979-v:9555.827)-(t:38.012-v:9538.781)-(t:38.042-v:9528.086)-(t:38.074-v:9525.731)-(t:38.100-v:9525.431)-(t:38.134-v:9457.001)-(t:38.161-v:9452.552)-(t:38.191-v:9446.623)-(t:38.217-v:9436.570)-(t:38.251-v:9412.454)-(t:38.280-v:9401.755)-(t:38.306-v:9400.309)-(t:38.334-v:9393.365)-(t:38.368-v:9322.699)-(t:38.397-v:9320.157)-(t:38.419-v:9318.284)-(t:38.442-v:9316.293)-(t:38.473-v:9303.944)-(t:38.502-v:9296.143)-(t:38.539-v:9282.038)-(t:38.578-v:9180.872)-(t:38.609-v:9178.333)-(t:38.638-v:9169.704)-(t:38.667-v:9161.308)-(t:38.697-v:9154.810)-(t:38.726-v:9149.408)-(t:38.754-v:9115.164)-(t:38.778-v:9111.459)-(t:38.817-v:9093.894)-(t:38.850-v:9081.672)-(t:38.877-v:9078.451)-(t:38.899-v:9064.292)-(t:38.935-v:9041.719)-(t:38.968-v:9034.472)-(t:38.991-v:9031.280)-(t:39.023-v:9028.684)-(t:39.047-v:9028.398)-(t:39.084-v:9026.262)-(t:39.110-v:9017.458)-(t:39.145-v:9011.727)-(t:39.166-v:9004.199)-(t:39.186-v:8994.560)-(t:39.220-v:8973.192)-(t:39.256-v:8962.958)-(t:39.278-v:8956.083)-(t:39.306-v:8886.109)-(t:39.350-v:8864.962)-(t:39.375-v:8855.326)-(t:39.403-v:8833.815)-(t:39.438-v:8829.190)-(t:39.467-v:8828.318)-(t:39.507-v:8824.022)-(t:39.541-v:8801.179)-(t:39.583-v:8790.973)-(t:39.629-v:8777.274)-(t:39.653-v:8770.057)-(t:39.682-v:8765.668)-(t:39.725-v:8763.446)-(t:39.760-v:8757.530)-(t:39.785-v:8756.937)-(t:39.810-v:8730.838)-(t:39.835-v:8727.626)-(t:39.863-v:8723.453)-(t:39.897-v:8701.113)-(t:39.926-v:8682.046)-(t:39.964-v:8677.953)-(t:39.992-v:8676.447)-(t:40.017-v:8676.027)-(t:40.040-v:8672.194)-(t:40.070-v:8671.789)-(t:40.109-v:8660.678)-(t:40.147-v:8652.700)-(t:40.176-v:8634.695)-(t:40.202-v:8629.258)-(t:40.241-v:8625.464)-(t:40.285-v:8619.359)-(t:40.315-v:8611.761)-(t:40.361-v:8608.109)-(t:40.389-v:8604.714)-(t:40.414-v:8604.150)-(t:40.444-v:8592.852)-(t:40.468-v:8591.251)-(t:40.494-v:8580.154)-(t:40.521-v:8568.413)-(t:40.555-v:8561.522)-(t:40.576-v:8552.755)-(t:40.600-v:8530.738)-(t:40.638-v:8503.966)-(t:40.676-v:8496.047)-(t:40.699-v:8495.050)-(t:40.724-v:8483.980)-(t:40.752-v:8481.606)-(t:40.783-v:8459.109)-(t:40.812-v:8449.041)-(t:40.853-v:8448.972)-(t:40.875-v:8448.286)-(t:40.913-v:8448.136)-(t:40.948-v:8443.478)-(t:40.981-v:8426.422)-(t:41.016-v:8419.809)-(t:41.060-v:8418.783)-(t:41.111-v:8389.484)-(t:41.158-v:8347.519)-(t:41.184-v:8341.565)-(t:41.219-v:8341.555)-(t:41.252-v:8319.349)-(t:41.287-v:8316.476)-(t:41.332-v:8307.566)-(t:41.388-v:8305.608)-(t:41.429-v:8302.315)-(t:41.458-v:8294.419)-(t:41.485-v:8287.846)-(t:41.514-v:8250.760)-(t:109.080-v:8245.838)-(t:109.109-v:8221.506)-(t:109.137-v:8219.958)-(t:109.164-v:8211.306)-(t:109.189-v:8199.208)-(t:109.218-v:8134.360)-(t:109.252-v:8115.478)-(t:109.286-v:8091.906)-(t:109.320-v:8067.233)-(t:109.351-v:8057.605)-(t:109.384-v:8048.308)-(t:109.415-v:8048.265)-(t:109.450-v:8041.919)-(t:109.479-v:8025.417)-(t:109.512-v:7970.140)-(t:109.561-v:7951.675)-(t:109.590-v:7950.688)-(t:109.624-v:7936.036)-(t:109.653-v:7935.329)-(t:109.684-v:7931.833)-(t:109.723-v:7923.985)],218.685,[]
dqn,examples/tsp/tsplib/pcb442.tsp,r1,300,0,======,218032324.0,[(t:17.132-v:221435.560)-(t:21.096-v:221411.336)-(t:21.115-v:221352.757)-(t:21.135-v:221334.943)-(t:21.151-v:221294.178)-(t:21.170-v:221211.336)-(t:21.189-v:221152.757)-(t:21.208-v:221134.943)-(t:21.225-v:221094.178)-(t:21.244-v:221011.336)-(t:21.266-v:220928.494)-(t:21.340-v:220763.671)-(t:21.360-v:220639.552)-(t:21.381-v:220587.770)-(t:21.404-v:220484.604)-(t:21.431-v:220429.507)-(t:21.456-v:220253.797)-(t:21.479-v:220147.571)-(t:21.499-v:220090.161)-(t:21.517-v:219950.366)-(t:21.539-v:219894.196)-(t:21.564-v:219756.692)-(t:21.587-v:219622.650)-(t:21.607-v:219581.885)-(t:21.630-v:219523.306)-(t:21.654-v:219505.492)-(t:21.672-v:219464.727)-(t:21.693-v:219381.885)-(t:21.718-v:219323.306)-(t:21.747-v:219305.492)-(t:21.769-v:219264.727)-(t:21.792-v:219181.885)-(t:21.822-v:219123.306)-(t:21.850-v:219105.492)-(t:21.873-v:219064.727)-(t:21.903-v:218981.885)-(t:21.928-v:218899.043)-(t:22.004-v:218433.418)-(t:25.439-v:218429.776)-(t:25.473-v:218393.485)-(t:25.492-v:218310.643)-(t:25.512-v:218292.828)-(t:25.575-v:218222.029)-(t:25.597-v:218206.721)-(t:25.661-v:218032.324)],234.14,[]
dqn,examples/tsp/tsplib/linhp318.tsp,r1,300,0,======,113436039.0,[(t:15.255-v:119866.884)-(t:17.230-v:119291.000)-(t:17.265-v:119164.395)-(t:17.293-v:119162.590)-(t:17.326-v:119064.902)-(t:17.405-v:119010.257)-(t:17.431-v:118917.936)-(t:17.461-v:118754.387)-(t:17.541-v:118700.760)-(t:17.561-v:118353.503)-(t:17.588-v:118033.229)-(t:17.613-v:117725.673)-(t:17.664-v:117104.522)-(t:17.713-v:117102.861)-(t:17.760-v:116000.018)-(t:17.823-v:115684.744)-(t:17.862-v:115663.321)-(t:17.897-v:115117.630)-(t:17.926-v:115076.254)-(t:17.975-v:114150.720)-(t:18.006-v:114107.153)-(t:18.040-v:113463.607)-(t:18.070-v:113436.039)],196.265,[]
dqn,examples/tsp/tsplib/pr226.tsp,r1,300,0,======,110416101.0,[(t:12.994-v:110416.101)],91.096,[]
dqn,examples/tsp/tsplib/p654.tsp,r1,300,0,======,104437532.0,[(t:22.898-v:107781.188)-(t:25.346-v:107604.895)-(t:25.398-v:107148.784)-(t:25.423-v:106901.106)-(t:25.444-v:106874.002)-(t:25.471-v:106574.936)-(t:25.498-v:106220.129)-(t:25.539-v:106096.832)-(t:25.604-v:105434.393)-(t:25.630-v:105425.575)-(t:25.660-v:105390.962)-(t:25.691-v:105390.696)-(t:25.722-v:105177.617)-(t:25.751-v:105168.284)-(t:25.802-v:105157.092)-(t:25.854-v:105063.830)-(t:25.899-v:104895.025)-(t:25.939-v:104682.567)-(t:26.041-v:104557.713)-(t:26.110-v:104538.543)-(t:26.184-v:104437.532)],208.11,[]
dqn,examples/tsp/tsplib/d657.tsp,r1,300,0,======,211238547.0,[(t:22.169-v:232140.254)-(t:25.295-v:231858.914)-(t:25.327-v:231788.752)-(t:25.349-v:231724.012)-(t:25.371-v:231660.723)-(t:25.395-v:231466.702)-(t:25.417-v:231422.147)-(t:25.449-v:231392.283)-(t:25.479-v:231321.210)-(t:25.505-v:231317.443)-(t:25.530-v:231256.826)-(t:25.557-v:231223.093)-(t:25.581-v:231016.094)-(t:25.603-v:230921.023)-(t:25.624-v:230876.468)-(t:25.650-v:230855.585)-(t:25.678-v:230701.481)-(t:25.702-v:230685.612)-(t:25.725-v:230685.164)-(t:25.754-v:230662.775)-(t:25.783-v:230403.370)-(t:25.802-v:230307.801)-(t:25.822-v:230087.671)-(t:25.846-v:229993.185)-(t:25.873-v:229987.663)-(t:25.901-v:229921.422)-(t:25.929-v:229911.095)-(t:25.955-v:229704.096)-(t:25.982-v:229609.025)-(t:26.009-v:229564.470)-(t:26.039-v:229556.010)-(t:26.075-v:229550.918)-(t:26.105-v:229541.542)-(t:26.137-v:229481.208)-(t:26.163-v:229474.907)-(t:26.190-v:229408.599)-(t:26.216-v:229397.907)-(t:26.236-v:229190.908)-(t:26.256-v:229095.837)-(t:26.278-v:229051.282)-(t:26.307-v:229042.874)-(t:26.338-v:229013.998)-(t:26.366-v:228994.935)-(t:26.387-v:228898.914)-(t:26.406-v:228677.364)-(t:26.427-v:228582.089)-(t:26.446-v:228573.814)-(t:26.468-v:228509.428)-(t:26.490-v:228499.510)-(t:26.509-v:228292.511)-(t:26.529-v:228197.440)-(t:26.551-v:228152.885)-(t:26.581-v:228140.583)-(t:26.615-v:227934.459)-(t:26.649-v:227924.344)-(t:26.681-v:227802.405)-(t:26.702-v:227784.590)-(t:26.727-v:227762.117)-(t:26.749-v:227665.487)-(t:26.772-v:227593.163)-(t:26.795-v:227577.778)-(t:26.817-v:227557.031)-(t:26.854-v:227453.090)-(t:26.873-v:227346.687)-(t:26.896-v:227136.710)-(t:26.917-v:227029.505)-(t:26.942-v:227007.793)-(t:26.964-v:226987.529)-(t:26.986-v:226902.670)-(t:27.011-v:226772.489)-(t:27.030-v:226616.466)-(t:27.050-v:226601.081)-(t:27.066-v:226580.334)-(t:27.091-v:226578.706)-(t:27.120-v:226466.623)-(t:27.148-v:226335.758)-(t:27.174-v:226219.819)-(t:27.199-v:226145.673)-(t:27.227-v:226129.530)-(t:27.253-v:226121.967)-(t:27.279-v:226023.676)-(t:27.308-v:226017.526)-(t:27.334-v:225917.455)-(t:27.362-v:225907.146)-(t:27.389-v:225904.912)-(t:27.420-v:225904.509)-(t:27.449-v:225646.463)-(t:27.477-v:225629.569)-(t:27.513-v:225531.581)-(t:27.539-v:225528.866)-(t:27.573-v:225523.841)-(t:27.599-v:225424.646)-(t:27.626-v:225350.313)-(t:27.654-v:225185.737)-(t:27.675-v:225160.639)-(t:27.695-v:225155.655)-(t:27.725-v:225126.513)-(t:27.746-v:225117.916)-(t:27.765-v:224949.637)-(t:27.787-v:224930.483)-(t:27.821-v:224924.658)-(t:27.863-v:224898.781)-(t:27.888-v:224895.287)-(t:27.913-v:224801.447)-(t:27.948-v:224565.978)-(t:27.969-v:224553.771)-(t:28.003-v:224527.881)-(t:28.025-v:224338.409)-(t:28.048-v:224333.291)-(t:28.073-v:224311.182)-(t:28.103-v:224144.290)-(t:28.123-v:224137.546)-(t:28.150-v:224059.846)-(t:28.182-v:223900.695)-(t:28.203-v:223790.875)-(t:28.224-v:223742.801)-(t:28.245-v:223638.131)-(t:28.267-v:223591.272)-(t:28.288-v:223543.198)-(t:28.304-v:223435.365)-(t:28.323-v:223295.866)-(t:28.348-v:223251.845)-(t:28.372-v:223135.367)-(t:28.397-v:222951.803)-(t:28.419-v:222939.596)-(t:28.443-v:222927.731)-(t:28.468-v:222899.420)-(t:28.493-v:222743.631)-(t:28.517-v:222736.887)-(t:28.545-v:222721.004)-(t:28.573-v:222701.447)-(t:28.593-v:222615.071)-(t:28.612-v:222614.661)-(t:28.640-v:222598.166)-(t:28.667-v:222576.248)-(t:28.688-v:222575.611)-(t:28.709-v:222570.825)-(t:28.730-v:222542.415)-(t:28.751-v:222532.870)-(t:28.776-v:222318.036)-(t:28.802-v:222315.360)-(t:28.827-v:222194.141)-(t:28.852-v:222193.023)-(t:28.877-v:222183.900)-(t:28.904-v:222138.142)-(t:28.930-v:222120.491)-(t:28.955-v:222104.519)-(t:28.980-v:222086.965)-(t:29.009-v:221996.308)-(t:29.030-v:221976.176)-(t:29.054-v:221965.824)-(t:29.076-v:221885.827)-(t:29.100-v:221804.876)-(t:29.123-v:221697.043)-(t:29.147-v:221667.162)-(t:29.172-v:221405.306)-(t:29.210-v:221218.337)-(t:29.249-v:221040.555)-(t:29.281-v:220963.392)-(t:29.310-v:220925.352)-(t:29.348-v:220818.579)-(t:29.383-v:220801.116)-(t:29.407-v:220782.598)-(t:29.427-v:220696.929)-(t:29.463-v:220671.372)-(t:29.504-v:220647.854)-(t:29.539-v:220647.228)-(t:29.565-v:220646.818)-(t:29.599-v:220602.968)-(t:29.629-v:220542.380)-(t:29.655-v:220541.907)-(t:29.690-v:220149.447)-(t:29.731-v:220132.078)-(t:29.763-v:220124.004)-(t:29.797-v:220101.026)-(t:29.834-v:219944.150)-(t:29.867-v:219934.610)-(t:29.896-v:219865.710)-(t:29.921-v:219863.199)-(t:29.950-v:219817.237)-(t:29.973-v:219802.970)-(t:29.997-v:219793.708)-(t:30.022-v:219776.792)-(t:30.069-v:219538.456)-(t:30.093-v:219414.826)-(t:30.118-v:219367.321)-(t:30.142-v:219341.476)-(t:30.169-v:219316.673)-(t:30.198-v:219300.677)-(t:30.227-v:219293.689)-(t:30.256-v:219142.671)-(t:30.284-v:219119.377)-(t:30.311-v:219101.823)-(t:30.344-v:219021.827)-(t:30.368-v:219021.417)-(t:30.403-v:218950.566)-(t:30.429-v:218940.176)-(t:30.466-v:218705.709)-(t:30.489-v:218705.299)-(t:30.542-v:218616.347)-(t:30.566-v:218596.407)-(t:30.599-v:218380.403)-(t:30.623-v:218379.993)-(t:30.659-v:218204.037)-(t:30.683-v:218193.647)-(t:30.714-v:217960.297)-(t:30.738-v:217959.887)-(t:30.778-v:217881.489)-(t:30.801-v:217857.204)-(t:30.832-v:217654.480)-(t:30.857-v:217654.070)-(t:30.895-v:217488.781)-(t:30.920-v:217478.391)-(t:30.954-v:217243.332)-(t:30.979-v:217242.922)-(t:31.023-v:217191.767)-(t:31.046-v:217087.677)-(t:31.070-v:217030.059)-(t:31.094-v:216923.375)-(t:31.121-v:216854.833)-(t:31.145-v:216797.215)-(t:31.169-v:216689.382)-(t:31.193-v:216563.589)-(t:31.219-v:216475.611)-(t:31.245-v:216467.046)-(t:31.271-v:216387.222)-(t:31.305-v:216312.808)-(t:31.337-v:216308.907)-(t:31.371-v:216082.367)-(t:31.399-v:216068.586)-(t:31.427-v:216038.301)-(t:31.460-v:216022.917)-(t:31.491-v:215869.270)-(t:31.518-v:215584.615)-(t:31.548-v:215575.444)-(t:31.578-v:215564.312)-(t:31.608-v:215458.054)-(t:31.632-v:215454.635)-(t:31.666-v:215300.328)-(t:31.688-v:215217.338)-(t:31.724-v:215195.090)-(t:31.747-v:215120.612)-(t:31.768-v:215040.636)-(t:31.822-v:214727.416)-(t:31.844-v:214632.869)-(t:31.868-v:214587.613)-(t:31.907-v:214562.434)-(t:31.967-v:214207.204)-(t:31.994-v:214126.806)-(t:32.036-v:213865.542)-(t:32.061-v:213849.019)-(t:32.098-v:213830.267)-(t:32.122-v:213757.253)-(t:32.145-v:213647.230)-(t:32.174-v:213643.678)-(t:32.199-v:213563.681)-(t:32.222-v:213490.667)-(t:32.246-v:213382.834)-(t:32.271-v:213295.399)-(t:32.295-v:213291.847)-(t:32.319-v:213211.850)-(t:32.343-v:213131.252)-(t:32.363-v:213023.419)-(t:32.385-v:212948.941)-(t:32.407-v:212878.557)-(t:32.447-v:212862.381)-(t:32.473-v:212751.178)-(t:32.501-v:212672.616)-(t:32.527-v:212592.018)-(t:32.552-v:212484.185)-(t:32.576-v:212401.490)-(t:32.600-v:212322.604)-(t:32.632-v:212190.332)-(t:32.657-v:212115.854)-(t:32.681-v:212021.417)-(t:32.745-v:211795.196)-(t:32.769-v:211701.504)-(t:32.794-v:211680.233)-(t:32.825-v:211386.709)-(t:32.849-v:211312.231)-(t:32.875-v:211238.547)],235.816,[]
dqn,examples/tsp/tsplib/u574.tsp,r1,300,0,======,40219379.0,[(t:19.659-v:40219.379)],42.761,[]
dqn,examples/tsp/tsplib/gr137.tsp,r1,300,0,======,93736763.0,[(t:10.976-v:97460.858)-(t:12.258-v:97397.026)-(t:12.281-v:97000.143)-(t:12.302-v:96928.201)-(t:12.334-v:95938.456)-(t:12.363-v:95843.638)-(t:12.390-v:95658.635)-(t:12.415-v:95361.227)-(t:12.441-v:95225.880)-(t:12.472-v:94870.822)-(t:12.503-v:94597.160)-(t:12.533-v:93736.763)],84.659,[]
dqn,examples/tsp/tsplib/gr666.tsp,r1,300,0,======,415289188.0,[(t:22.471-v:424055.178)-(t:25.134-v:419026.133)-(t:25.164-v:417047.927)-(t:25.186-v:415541.098)-(t:25.209-v:415373.219)-(t:25.234-v:415289.188)],103.326,[]
dqn,examples/tsp/tsplib/bier127.tsp,r1,300,0,======,242537549.0,[(t:10.354-v:393998.280)-(t:11.254-v:391619.240)-(t:11.297-v:391474.339)-(t:11.324-v:390862.749)-(t:11.351-v:390478.715)-(t:11.378-v:390427.539)-(t:11.406-v:390245.567)-(t:11.431-v:390215.053)-(t:11.453-v:390145.460)-(t:11.477-v:389786.302)-(t:11.506-v:389340.826)-(t:11.528-v:389235.903)-(t:11.560-v:389194.624)-(t:11.594-v:389112.530)-(t:11.621-v:387210.525)-(t:11.645-v:387154.003)-(t:11.678-v:387055.216)-(t:11.713-v:387008.472)-(t:11.740-v:386741.974)-(t:11.762-v:385843.255)-(t:11.789-v:385734.599)-(t:11.813-v:385154.495)-(t:11.839-v:384438.212)-(t:11.866-v:383915.855)-(t:11.888-v:383542.194)-(t:11.912-v:383420.065)-(t:11.937-v:382768.337)-(t:11.962-v:382625.721)-(t:11.992-v:381057.669)-(t:12.033-v:380802.570)-(t:12.065-v:380673.449)-(t:12.095-v:380469.967)-(t:12.122-v:380405.387)-(t:12.152-v:380282.668)-(t:12.184-v:379810.411)-(t:12.220-v:379628.842)-(t:12.254-v:379381.188)-(t:12.284-v:379114.973)-(t:12.307-v:378307.611)-(t:12.338-v:377876.824)-(t:12.370-v:377845.264)-(t:12.400-v:377743.199)-(t:12.428-v:377734.702)-(t:12.463-v:377700.219)-(t:12.487-v:377638.799)-(t:12.514-v:377515.871)-(t:12.536-v:377459.948)-(t:12.560-v:376443.899)-(t:12.589-v:376132.166)-(t:12.619-v:375889.314)-(t:12.646-v:374587.228)-(t:12.672-v:374509.233)-(t:12.701-v:374096.765)-(t:12.727-v:373309.998)-(t:12.756-v:373240.391)-(t:12.814-v:372589.670)-(t:12.842-v:372499.440)-(t:12.872-v:372471.672)-(t:12.896-v:372430.041)-(t:12.924-v:371989.851)-(t:12.956-v:371750.668)-(t:12.977-v:370636.328)-(t:13.004-v:369853.261)-(t:13.027-v:369629.759)-(t:13.051-v:369218.548)-(t:13.076-v:368817.433)-(t:13.107-v:368771.300)-(t:13.141-v:367842.905)-(t:13.177-v:366978.723)-(t:13.199-v:366893.008)-(t:13.220-v:366678.649)-(t:13.243-v:366106.189)-(t:13.265-v:364297.584)-(t:13.288-v:364031.086)-(t:13.318-v:362742.324)-(t:13.348-v:362642.717)-(t:13.381-v:361654.277)-(t:13.410-v:361494.829)-(t:13.439-v:361197.530)-(t:13.477-v:356332.636)-(t:13.501-v:356189.438)-(t:13.523-v:356183.962)-(t:13.545-v:356038.509)-(t:13.569-v:355852.717)-(t:13.592-v:355812.447)-(t:13.630-v:355097.681)-(t:13.659-v:354981.389)-(t:13.683-v:354314.464)-(t:13.706-v:354195.739)-(t:13.732-v:354036.879)-(t:13.757-v:353978.372)-(t:13.780-v:353532.744)-(t:13.805-v:353459.604)-(t:13.829-v:353376.256)-(t:13.859-v:351598.477)-(t:13.883-v:348864.264)-(t:13.910-v:346157.631)-(t:13.932-v:345884.000)-(t:13.960-v:345873.024)-(t:13.993-v:343941.763)-(t:14.017-v:343467.939)-(t:14.041-v:342663.106)-(t:14.076-v:342000.352)-(t:14.106-v:341887.976)-(t:14.143-v:341838.461)-(t:14.169-v:341825.791)-(t:14.197-v:341361.791)-(t:14.226-v:341309.316)-(t:14.253-v:341249.280)-(t:14.285-v:340465.159)-(t:14.312-v:339410.456)-(t:14.342-v:338506.278)-(t:14.373-v:337792.635)-(t:14.405-v:337714.225)-(t:14.435-v:337496.176)-(t:14.464-v:336051.823)-(t:14.493-v:334982.831)-(t:14.519-v:332235.496)-(t:14.542-v:332198.139)-(t:14.565-v:332134.104)-(t:14.591-v:331938.888)-(t:14.620-v:331906.199)-(t:14.647-v:331345.037)-(t:14.670-v:331210.352)-(t:14.694-v:331160.587)-(t:14.719-v:331119.436)-(t:14.745-v:331075.856)-(t:14.775-v:330727.872)-(t:14.802-v:330591.422)-(t:14.823-v:330319.446)-(t:14.845-v:330062.337)-(t:14.874-v:316930.154)-(t:14.897-v:316913.025)-(t:14.922-v:315885.113)-(t:14.950-v:314400.946)-(t:14.983-v:313926.580)-(t:15.009-v:313692.760)-(t:15.033-v:313663.229)-(t:15.072-v:313616.442)-(t:15.113-v:313375.882)-(t:15.149-v:311689.749)-(t:15.178-v:306666.260)-(t:15.209-v:306631.101)-(t:15.243-v:305399.283)-(t:15.278-v:301254.463)-(t:15.300-v:301189.120)-(t:15.321-v:300675.242)-(t:15.358-v:300639.475)-(t:15.386-v:300065.377)-(t:15.414-v:299854.042)-(t:15.444-v:299572.463)-(t:15.473-v:299543.883)-(t:15.496-v:299452.974)-(t:15.526-v:299324.987)-(t:15.557-v:299084.427)-(t:15.587-v:298818.537)-(t:15.609-v:298713.209)-(t:15.636-v:298140.648)-(t:15.661-v:297835.253)-(t:15.685-v:297829.470)-(t:15.709-v:297676.607)-(t:15.733-v:297268.191)-(t:15.758-v:297221.151)-(t:15.784-v:296458.046)-(t:15.810-v:295442.102)-(t:15.830-v:295109.007)-(t:15.852-v:295042.633)-(t:15.878-v:291793.222)-(t:15.909-v:291596.850)-(t:15.943-v:288577.211)-(t:15.970-v:288329.745)-(t:15.998-v:287999.888)-(t:16.024-v:287429.237)-(t:16.055-v:287291.212)-(t:16.081-v:287178.920)-(t:16.107-v:287146.871)-(t:16.135-v:287111.621)-(t:16.157-v:287043.328)-(t:16.183-v:286150.375)-(t:16.208-v:286037.135)-(t:16.233-v:284728.210)-(t:16.258-v:283813.060)-(t:16.283-v:282707.007)-(t:16.309-v:282676.134)-(t:16.341-v:281656.875)-(t:16.367-v:281093.798)-(t:16.395-v:280769.893)-(t:16.425-v:279396.443)-(t:16.450-v:279130.053)-(t:16.475-v:278462.116)-(t:16.504-v:278379.925)-(t:16.525-v:278350.805)-(t:16.546-v:278130.612)-(t:16.576-v:278102.132)-(t:16.605-v:277439.033)-(t:16.631-v:276691.144)-(t:16.653-v:276680.882)-(t:16.678-v:276346.346)-(t:16.713-v:275319.937)-(t:16.746-v:275146.287)-(t:16.772-v:274691.071)-(t:16.794-v:274678.670)-(t:16.816-v:274517.094)-(t:16.835-v:274253.042)-(t:16.868-v:274241.227)-(t:16.898-v:273967.739)-(t:16.927-v:273961.394)-(t:16.955-v:273888.175)-(t:16.990-v:273444.840)-(t:17.023-v:273436.221)-(t:17.049-v:273390.013)-(t:17.076-v:273355.888)-(t:17.103-v:272016.580)-(t:17.130-v:272004.554)-(t:17.157-v:271892.692)-(t:17.185-v:271884.132)-(t:17.212-v:271834.967)-(t:17.239-v:271706.980)-(t:17.274-v:269978.710)-(t:17.302-v:269808.014)-(t:17.337-v:269488.965)-(t:17.369-v:269347.165)-(t:17.409-v:264551.516)-(t:17.432-v:264457.925)-(t:17.452-v:263886.099)-(t:17.479-v:262795.304)-(t:17.508-v:261946.396)-(t:17.535-v:261403.967)-(t:17.569-v:261107.012)-(t:19.280-v:261088.386)-(t:21.767-v:260613.914)-(t:21.792-v:260542.434)-(t:21.816-v:259971.743)-(t:21.837-v:259733.366)-(t:21.879-v:259690.355)-(t:21.901-v:259688.437)-(t:21.925-v:259519.512)-(t:21.950-v:258793.071)-(t:21.973-v:258238.700)-(t:22.001-v:258177.746)-(t:22.024-v:258162.740)-(t:22.052-v:257796.979)-(t:22.078-v:257725.499)-(t:22.106-v:256507.177)-(t:22.153-v:256344.760)-(t:22.188-v:256131.030)-(t:22.229-v:255581.449)-(t:22.262-v:255359.538)-(t:150.198-v:255137.197)-(t:150.224-v:254813.408)-(t:150.250-v:254579.326)-(t:150.271-v:254562.033)-(t:150.291-v:254516.103)-(t:150.312-v:254485.230)-(t:150.333-v:254301.158)-(t:150.353-v:254289.053)-(t:150.379-v:254271.933)-(t:150.403-v:253829.597)-(t:150.422-v:253715.208)-(t:150.442-v:253529.416)-(t:150.461-v:253471.633)-(t:150.482-v:253328.249)-(t:150.510-v:253239.102)-(t:150.537-v:252896.978)-(t:227.737-v:252313.646)-(t:227.760-v:251847.973)-(t:227.786-v:251665.643)-(t:227.813-v:251230.482)-(t:227.839-v:251011.687)-(t:227.862-v:250902.227)-(t:227.887-v:250316.441)-(t:227.907-v:249522.974)-(t:227.931-v:249244.979)-(t:227.953-v:248995.648)-(t:227.975-v:248814.079)-(t:227.994-v:248750.459)-(t:228.019-v:246794.856)-(t:228.041-v:246447.972)-(t:228.062-v:246285.111)-(t:230.384-v:246086.778)-(t:230.403-v:245447.577)-(t:292.259-v:243746.708)-(t:292.282-v:243600.312)-(t:292.306-v:243344.351)-(t:292.332-v:243190.849)-(t:292.360-v:242537.549)],164.923,[]
dqn,examples/tsp/tsplib/pr76.tsp,r1,300,0,======,143199929.0,[(t:4.523-v:150779.863)-(t:5.903-v:150772.954)-(t:5.923-v:150105.427)-(t:5.947-v:150035.134)-(t:5.978-v:148833.904)-(t:6.016-v:147599.808)-(t:93.958-v:146322.442)-(t:100.252-v:146150.807)-(t:100.290-v:145925.087)-(t:100.318-v:145722.449)-(t:100.336-v:145389.547)-(t:100.353-v:143993.047)-(t:100.371-v:143199.929)],78.965,[]
dqn,examples/tsp/tsplib/kroA100.tsp,r1,300,0,======,39370339.0,[(t:9.421-v:191393.737)-(t:10.363-v:179962.243)-(t:10.415-v:179626.556)-(t:10.444-v:179493.054)-(t:10.470-v:179351.796)-(t:10.495-v:179095.590)-(t:10.522-v:179094.680)-(t:10.548-v:178030.644)-(t:10.576-v:178007.501)-(t:10.605-v:177665.187)-(t:10.631-v:175926.602)-(t:10.659-v:175868.131)-(t:10.688-v:175252.702)-(t:10.711-v:175222.138)-(t:10.736-v:174848.751)-(t:10.767-v:173906.157)-(t:10.793-v:173231.031)-(t:10.825-v:171331.211)-(t:10.853-v:171246.220)-(t:10.885-v:171225.368)-(t:10.911-v:171166.897)-(t:10.940-v:169796.506)-(t:10.963-v:169512.130)-(t:10.990-v:169251.468)-(t:11.015-v:169248.187)-(t:11.041-v:168826.445)-(t:11.074-v:168396.149)-(t:11.109-v:167215.909)-(t:11.136-v:166952.238)-(t:11.163-v:166846.041)-(t:11.192-v:166536.976)-(t:11.221-v:166112.777)-(t:11.248-v:166054.544)-(t:11.277-v:166014.530)-(t:11.299-v:165825.580)-(t:11.324-v:164590.128)-(t:11.344-v:164422.813)-(t:11.367-v:164380.710)-(t:11.393-v:164267.524)-(t:11.419-v:163866.434)-(t:11.445-v:163656.628)-(t:11.482-v:163145.210)-(t:11.510-v:163068.184)-(t:11.540-v:162651.300)-(t:11.564-v:162476.285)-(t:11.586-v:161695.770)-(t:11.605-v:161515.868)-(t:11.630-v:161097.458)-(t:11.655-v:160887.652)-(t:11.680-v:160860.800)-(t:11.705-v:160856.912)-(t:11.732-v:160760.932)-(t:11.755-v:160068.029)-(t:11.782-v:160045.179)-(t:11.804-v:160015.446)-(t:11.823-v:159988.594)-(t:11.849-v:159241.645)-(t:11.874-v:156871.717)-(t:11.900-v:156407.959)-(t:11.921-v:156167.330)-(t:11.944-v:156037.228)-(t:11.964-v:155359.212)-(t:11.985-v:155301.406)-(t:12.014-v:154799.674)-(t:12.041-v:154735.983)-(t:12.068-v:154532.449)-(t:12.094-v:154463.989)-(t:12.120-v:154263.190)-(t:12.145-v:153310.942)-(t:12.170-v:153256.267)-(t:12.196-v:153246.230)-(t:12.220-v:153046.367)-(t:12.241-v:152938.901)-(t:12.265-v:152855.001)-(t:12.289-v:152818.320)-(t:12.313-v:152314.424)-(t:12.334-v:152309.471)-(t:12.358-v:152302.859)-(t:12.384-v:151887.451)-(t:12.408-v:151697.312)-(t:12.434-v:151206.163)-(t:12.458-v:151145.365)-(t:12.477-v:150778.510)-(t:12.498-v:150137.910)-(t:12.520-v:150024.456)-(t:12.544-v:149458.119)-(t:12.568-v:147860.377)-(t:12.593-v:147301.816)-(t:12.615-v:147270.509)-(t:12.638-v:144647.167)-(t:12.658-v:144519.927)-(t:12.685-v:143880.085)-(t:12.711-v:142870.470)-(t:12.734-v:142529.607)-(t:12.759-v:142386.637)-(t:12.785-v:142368.643)-(t:12.810-v:141852.118)-(t:12.834-v:141715.866)-(t:12.857-v:141587.233)-(t:12.882-v:141582.792)-(t:12.909-v:141546.023)-(t:12.936-v:141254.092)-(t:12.957-v:141234.031)-(t:12.983-v:141037.840)-(t:13.009-v:139626.008)-(t:13.036-v:138787.501)-(t:13.061-v:138276.062)-(t:13.084-v:138238.176)-(t:13.108-v:137850.464)-(t:13.130-v:137833.793)-(t:13.154-v:137748.970)-(t:13.178-v:137716.842)-(t:13.202-v:136631.733)-(t:13.227-v:136583.657)-(t:13.252-v:136491.051)-(t:13.278-v:136099.675)-(t:13.306-v:135402.357)-(t:13.329-v:134880.051)-(t:13.355-v:134799.850)-(t:13.376-v:134568.541)-(t:13.399-v:134557.254)-(t:13.418-v:134544.574)-(t:13.440-v:134482.730)-(t:13.460-v:134157.640)-(t:13.483-v:134147.474)-(t:13.504-v:133435.926)-(t:13.529-v:132954.753)-(t:13.556-v:132951.274)-(t:13.578-v:132844.874)-(t:13.605-v:132770.805)-(t:13.630-v:131922.165)-(t:13.657-v:131564.470)-(t:13.682-v:130797.005)-(t:13.709-v:129516.628)-(t:13.734-v:128510.091)-(t:13.764-v:127792.751)-(t:13.789-v:127749.000)-(t:13.814-v:127726.390)-(t:13.840-v:127677.794)-(t:13.864-v:127661.776)-(t:13.887-v:127658.281)-(t:13.911-v:127603.190)-(t:13.935-v:127290.601)-(t:13.960-v:126543.691)-(t:13.984-v:124461.734)-(t:14.009-v:124164.448)-(t:14.039-v:123863.054)-(t:14.062-v:123753.803)-(t:14.087-v:123692.454)-(t:14.112-v:123482.954)-(t:14.136-v:123455.638)-(t:14.166-v:123124.635)-(t:14.194-v:123023.289)-(t:14.219-v:122670.679)-(t:14.241-v:122668.697)-(t:14.262-v:122659.670)-(t:14.283-v:122578.867)-(t:14.305-v:122489.747)-(t:14.324-v:122033.968)-(t:14.347-v:121768.992)-(t:14.374-v:121758.576)-(t:14.403-v:121587.688)-(t:14.430-v:121441.118)-(t:14.462-v:121416.395)-(t:14.487-v:121362.953)-(t:14.508-v:121329.533)-(t:14.530-v:121143.582)-(t:14.548-v:120985.267)-(t:14.570-v:120802.257)-(t:14.589-v:120728.188)-(t:14.610-v:120623.165)-(t:14.630-v:120038.214)-(t:14.649-v:119697.250)-(t:14.672-v:119555.937)-(t:14.697-v:118184.566)-(t:14.721-v:118132.407)-(t:14.744-v:116387.983)-(t:14.770-v:114901.467)-(t:14.792-v:114871.091)-(t:14.818-v:114869.508)-(t:14.842-v:113548.680)-(t:14.865-v:113196.519)-(t:14.891-v:112307.742)-(t:14.916-v:112264.820)-(t:14.946-v:111893.339)-(t:14.974-v:111225.350)-(t:15.000-v:111206.253)-(t:15.028-v:111170.381)-(t:15.052-v:110521.587)-(t:15.102-v:109549.038)-(t:15.123-v:109531.822)-(t:15.145-v:109528.169)-(t:15.167-v:109487.418)-(t:15.194-v:108892.294)-(t:15.216-v:108875.038)-(t:15.243-v:108501.881)-(t:15.265-v:108214.418)-(t:15.289-v:107839.446)-(t:15.314-v:107291.448)-(t:15.337-v:106419.744)-(t:15.357-v:106411.976)-(t:15.379-v:106318.392)-(t:15.401-v:106173.816)-(t:15.422-v:106168.112)-(t:15.445-v:106032.938)-(t:15.469-v:105747.206)-(t:15.500-v:105665.600)-(t:15.520-v:105613.884)-(t:15.545-v:105549.021)-(t:15.565-v:105277.975)-(t:15.592-v:105149.592)-(t:15.619-v:104735.069)-(t:15.648-v:104503.275)-(t:15.681-v:104423.003)-(t:15.716-v:103109.658)-(t:15.742-v:103055.210)-(t:15.774-v:102574.248)-(t:15.798-v:102478.323)-(t:15.822-v:102417.619)-(t:15.848-v:101692.005)-(t:15.869-v:101637.557)-(t:15.895-v:100403.262)-(t:15.923-v:99283.982)-(t:15.948-v:99260.431)-(t:15.974-v:99231.788)-(t:15.998-v:99126.341)-(t:16.026-v:99048.133)-(t:16.054-v:98123.960)-(t:16.081-v:98116.850)-(t:16.103-v:98064.451)-(t:16.121-v:98063.700)-(t:16.147-v:97694.190)-(t:16.170-v:97606.855)-(t:16.204-v:97496.847)-(t:16.228-v:95991.724)-(t:16.260-v:95930.270)-(t:16.290-v:93070.357)-(t:16.320-v:92994.578)-(t:16.342-v:92969.678)-(t:16.364-v:92261.112)-(t:16.386-v:92213.191)-(t:16.412-v:91504.899)-(t:16.434-v:91420.358)-(t:16.462-v:91227.119)-(t:16.490-v:89966.146)-(t:16.514-v:89825.020)-(t:16.541-v:88451.068)-(t:16.565-v:88410.733)-(t:16.591-v:88048.303)-(t:16.613-v:87749.937)-(t:16.640-v:86124.342)-(t:16.668-v:85116.168)-(t:16.702-v:83782.573)-(t:16.731-v:83594.963)-(t:16.757-v:83480.216)-(t:16.784-v:83332.987)-(t:16.805-v:83267.624)-(t:16.835-v:83058.587)-(t:16.861-v:82993.184)-(t:16.887-v:82698.624)-(t:16.916-v:81294.589)-(t:16.945-v:81019.903)-(t:16.970-v:80739.257)-(t:17.002-v:80718.197)-(t:17.028-v:78081.435)-(t:17.058-v:77298.669)-(t:17.084-v:77226.239)-(t:17.108-v:77094.773)-(t:17.135-v:77077.729)-(t:17.162-v:76485.641)-(t:17.189-v:75187.041)-(t:17.210-v:74966.350)-(t:17.233-v:74368.354)-(t:17.255-v:74061.986)-(t:17.275-v:73853.765)-(t:17.296-v:73844.618)-(t:17.321-v:73137.693)-(t:17.344-v:72697.675)-(t:17.364-v:72684.990)-(t:17.397-v:72556.505)-(t:17.425-v:71446.407)-(t:17.445-v:71436.248)-(t:17.469-v:71150.571)-(t:17.493-v:69596.998)-(t:17.512-v:69124.125)-(t:17.537-v:68101.203)-(t:17.558-v:67822.774)-(t:17.578-v:67810.600)-(t:17.599-v:67686.565)-(t:17.622-v:67480.089)-(t:17.644-v:67465.522)-(t:17.673-v:66074.827)-(t:17.699-v:66074.429)-(t:17.729-v:66058.431)-(t:17.754-v:66053.441)-(t:17.780-v:66053.093)-(t:17.809-v:65320.689)-(t:17.835-v:65261.749)-(t:17.863-v:65011.584)-(t:17.888-v:64923.813)-(t:17.915-v:64872.926)-(t:17.937-v:64544.305)-(t:17.960-v:64237.885)-(t:17.980-v:64172.048)-(t:18.002-v:64052.698)-(t:18.021-v:63991.397)-(t:18.043-v:63937.008)-(t:18.064-v:63934.765)-(t:18.089-v:63763.457)-(t:18.120-v:63510.550)-(t:18.145-v:63290.395)-(t:18.176-v:62977.463)-(t:18.196-v:62886.339)-(t:18.219-v:62838.030)-(t:18.240-v:62800.090)-(t:18.263-v:62779.987)-(t:18.291-v:62601.015)-(t:18.320-v:62187.821)-(t:18.348-v:61193.449)-(t:18.368-v:61132.585)-(t:18.396-v:60567.715)-(t:18.427-v:60528.906)-(t:18.449-v:60463.503)-(t:18.478-v:60384.687)-(t:18.508-v:60260.216)-(t:18.537-v:59409.172)-(t:18.562-v:59117.713)-(t:18.592-v:58978.623)-(t:18.623-v:58856.050)-(t:18.651-v:58821.126)-(t:18.682-v:58552.241)-(t:18.716-v:57666.921)-(t:18.743-v:57622.677)-(t:18.773-v:57492.045)-(t:18.803-v:57437.829)-(t:18.827-v:57123.398)-(t:18.854-v:57063.130)-(t:18.888-v:55938.769)-(t:18.914-v:55913.611)-(t:18.940-v:55391.039)-(t:18.971-v:55068.218)-(t:19.009-v:54100.926)-(t:19.034-v:54018.315)-(t:19.064-v:54011.178)-(t:19.092-v:53971.931)-(t:19.120-v:53903.082)-(t:19.148-v:53864.076)-(t:19.182-v:52897.606)-(t:19.211-v:52762.183)-(t:19.248-v:52729.739)-(t:19.279-v:52722.585)-(t:19.305-v:52721.319)-(t:19.337-v:52452.546)-(t:19.369-v:52267.310)-(t:19.396-v:52243.558)-(t:19.425-v:52232.202)-(t:19.460-v:51480.976)-(t:19.486-v:51466.219)-(t:19.511-v:51179.071)-(t:19.542-v:51177.996)-(t:19.577-v:50992.600)-(t:19.602-v:50986.243)-(t:19.636-v:50935.202)-(t:19.661-v:50871.336)-(t:19.688-v:50171.947)-(t:19.719-v:49202.375)-(t:19.747-v:49197.606)-(t:19.775-v:48531.574)-(t:19.803-v:48390.736)-(t:19.829-v:48030.884)-(t:19.859-v:47967.626)-(t:19.890-v:47956.589)-(t:19.917-v:47612.631)-(t:19.948-v:45662.901)-(t:19.977-v:45652.838)-(t:20.002-v:45626.146)-(t:20.030-v:45586.738)-(t:20.061-v:45583.553)-(t:20.093-v:44280.888)-(t:20.127-v:43363.909)-(t:20.151-v:43312.681)-(t:20.182-v:43173.427)-(t:20.217-v:41437.168)-(t:20.248-v:41364.732)-(t:20.274-v:41209.504)-(t:77.297-v:41162.312)-(t:77.317-v:41122.393)-(t:77.338-v:41093.177)-(t:77.359-v:41014.322)-(t:77.381-v:40873.484)-(t:77.401-v:40513.632)-(t:77.421-v:40407.276)-(t:77.440-v:40248.312)-(t:77.462-v:40022.193)-(t:77.484-v:39958.935)-(t:77.506-v:39891.130)-(t:180.944-v:39880.702)-(t:180.974-v:39778.994)-(t:291.912-v:39640.409)-(t:291.936-v:39443.678)-(t:291.960-v:39370.339)],149.075,[]
dqn,examples/tsp/tsplib/eil101.tsp,r1,300,0,======,854915.0,[(t:9.414-v:2064.486)-(t:10.349-v:1980.053)-(t:10.402-v:1976.055)-(t:10.436-v:1969.207)-(t:10.467-v:1953.009)-(t:10.489-v:1941.213)-(t:10.513-v:1937.089)-(t:10.544-v:1935.901)-(t:10.575-v:1928.788)-(t:10.604-v:1917.585)-(t:10.636-v:1910.712)-(t:10.669-v:1910.379)-(t:10.702-v:1907.065)-(t:10.732-v:1904.216)-(t:10.770-v:1903.240)-(t:10.801-v:1874.591)-(t:10.826-v:1874.417)-(t:10.851-v:1868.317)-(t:10.877-v:1867.496)-(t:10.907-v:1866.521)-(t:10.932-v:1865.980)-(t:10.956-v:1856.436)-(t:10.980-v:1847.173)-(t:11.007-v:1843.172)-(t:11.036-v:1842.381)-(t:11.063-v:1840.587)-(t:11.090-v:1827.083)-(t:11.112-v:1818.004)-(t:11.144-v:1816.776)-(t:11.183-v:1815.477)-(t:11.216-v:1814.838)-(t:11.246-v:1803.292)-(t:11.268-v:1798.282)-(t:11.292-v:1792.046)-(t:11.317-v:1787.964)-(t:11.344-v:1785.818)-(t:11.362-v:1784.593)-(t:11.384-v:1778.448)-(t:11.432-v:1768.817)-(t:11.457-v:1763.234)-(t:11.483-v:1757.645)-(t:11.510-v:1741.990)-(t:11.533-v:1734.986)-(t:11.560-v:1712.433)-(t:11.582-v:1708.970)-(t:11.610-v:1706.397)-(t:11.639-v:1706.342)-(t:11.660-v:1703.092)-(t:11.681-v:1687.918)-(t:11.705-v:1663.803)-(t:11.730-v:1653.028)-(t:11.756-v:1650.139)-(t:11.776-v:1646.105)-(t:11.803-v:1643.589)-(t:11.824-v:1635.427)-(t:11.844-v:1632.997)-(t:11.867-v:1622.115)-(t:11.889-v:1621.586)-(t:11.917-v:1614.974)-(t:11.937-v:1612.947)-(t:11.962-v:1599.860)-(t:11.996-v:1578.633)-(t:12.027-v:1564.943)-(t:12.064-v:1561.206)-(t:12.087-v:1557.642)-(t:12.111-v:1547.940)-(t:12.130-v:1543.868)-(t:12.149-v:1540.470)-(t:12.177-v:1513.110)-(t:12.202-v:1507.281)-(t:12.225-v:1499.955)-(t:12.245-v:1499.499)-(t:12.271-v:1497.536)-(t:12.293-v:1472.109)-(t:12.313-v:1470.136)-(t:12.338-v:1469.045)-(t:12.365-v:1462.370)-(t:12.386-v:1462.189)-(t:12.408-v:1452.244)-(t:12.433-v:1449.296)-(t:12.451-v:1444.854)-(t:12.472-v:1427.665)-(t:12.495-v:1418.985)-(t:12.525-v:1417.533)-(t:12.556-v:1387.667)-(t:12.579-v:1387.059)-(t:12.603-v:1369.289)-(t:12.629-v:1366.424)-(t:12.655-v:1360.178)-(t:12.682-v:1356.718)-(t:12.710-v:1355.194)-(t:12.733-v:1350.019)-(t:12.756-v:1346.735)-(t:12.783-v:1335.981)-(t:12.805-v:1335.184)-(t:12.830-v:1334.076)-(t:12.850-v:1332.173)-(t:12.873-v:1325.568)-(t:12.897-v:1322.177)-(t:12.924-v:1283.668)-(t:12.947-v:1282.885)-(t:12.970-v:1278.954)-(t:12.998-v:1272.547)-(t:13.028-v:1272.536)-(t:13.048-v:1260.343)-(t:13.072-v:1260.231)-(t:13.100-v:1259.019)-(t:13.122-v:1258.234)-(t:13.142-v:1257.454)-(t:13.163-v:1257.337)-(t:13.185-v:1256.502)-(t:13.205-v:1244.001)-(t:13.225-v:1241.893)-(t:13.245-v:1234.001)-(t:13.269-v:1229.858)-(t:13.293-v:1229.615)-(t:13.320-v:1229.508)-(t:13.345-v:1229.015)-(t:13.370-v:1228.292)-(t:13.397-v:1226.778)-(t:13.432-v:1225.919)-(t:13.467-v:1220.747)-(t:16.933-v:1218.300)-(t:16.968-v:1202.506)-(t:17.001-v:1200.374)-(t:17.032-v:1198.709)-(t:17.055-v:1198.645)-(t:17.086-v:1183.170)-(t:17.114-v:1183.038)-(t:17.140-v:1179.552)-(t:17.160-v:1178.456)-(t:17.194-v:1176.223)-(t:17.233-v:1173.711)-(t:17.260-v:1173.326)-(t:17.292-v:1172.897)-(t:17.327-v:1170.948)-(t:17.357-v:1168.489)-(t:17.418-v:1167.263)-(t:17.438-v:1164.878)-(t:17.464-v:1160.387)-(t:17.484-v:1159.914)-(t:17.504-v:1158.095)-(t:17.526-v:1156.905)-(t:17.546-v:1156.191)-(t:17.568-v:1150.778)-(t:17.592-v:1147.804)-(t:17.612-v:1147.401)-(t:17.633-v:1147.006)-(t:17.652-v:1132.488)-(t:17.673-v:1125.751)-(t:17.694-v:1122.979)-(t:17.715-v:1114.551)-(t:17.736-v:1097.891)-(t:18.799-v:1095.446)-(t:18.830-v:1092.979)-(t:18.852-v:1090.962)-(t:18.876-v:1069.240)-(t:18.902-v:1061.764)-(t:18.929-v:1057.602)-(t:18.950-v:1050.895)-(t:18.970-v:1047.686)-(t:19.017-v:1045.393)-(t:22.546-v:1041.385)-(t:28.092-v:1036.236)-(t:28.125-v:1023.690)-(t:28.164-v:1023.169)-(t:28.201-v:1019.719)-(t:35.661-v:1016.203)-(t:35.695-v:997.290)-(t:35.750-v:991.072)-(t:35.784-v:987.832)-(t:37.696-v:979.653)-(t:37.724-v:978.514)-(t:37.755-v:977.507)-(t:37.779-v:976.435)-(t:49.680-v:962.721)-(t:49.714-v:958.802)-(t:49.747-v:958.473)-(t:49.775-v:951.634)-(t:49.805-v:913.125)-(t:49.830-v:910.276)-(t:49.854-v:905.194)-(t:49.880-v:901.569)-(t:49.907-v:890.065)-(t:49.939-v:887.377)-(t:49.963-v:887.035)-(t:49.993-v:885.568)-(t:50.026-v:884.781)-(t:50.053-v:882.153)-(t:50.079-v:878.320)-(t:50.111-v:871.182)-(t:50.144-v:867.648)-(t:50.168-v:867.219)-(t:50.192-v:866.656)-(t:50.216-v:866.375)-(t:50.265-v:865.895)-(t:50.293-v:865.190)-(t:50.318-v:861.047)-(t:50.344-v:860.804)-(t:50.368-v:859.732)-(t:50.398-v:858.931)-(t:50.425-v:854.915)],92.198,[]
dqn,examples/tsp/tsplib/pr264.tsp,r1,300,0,======,77976155.0,[(t:13.453-v:77976.155)],119.438,[]
dqn,examples/tsp/tsplib/rd100.tsp,r1,300,0,======,14083748.0,[(t:10.019-v:50560.856)-(t:10.911-v:46496.994)-(t:10.960-v:46447.369)-(t:10.985-v:46443.071)-(t:11.009-v:46004.266)-(t:11.031-v:45998.728)-(t:11.056-v:45984.206)-(t:11.083-v:45932.001)-(t:11.106-v:45872.788)-(t:11.129-v:45808.898)-(t:11.148-v:45575.808)-(t:11.174-v:45414.641)-(t:11.197-v:45384.813)-(t:11.222-v:45324.469)-(t:11.245-v:44970.904)-(t:11.272-v:44849.852)-(t:11.297-v:44792.971)-(t:11.320-v:44754.515)-(t:11.344-v:44576.594)-(t:11.367-v:44461.601)-(t:11.390-v:44409.435)-(t:11.414-v:44273.995)-(t:11.435-v:44245.609)-(t:11.459-v:44229.187)-(t:11.479-v:44194.881)-(t:11.502-v:44176.378)-(t:11.523-v:44137.096)-(t:11.548-v:44010.741)-(t:11.579-v:43924.738)-(t:11.609-v:43084.208)-(t:11.641-v:42855.987)-(t:11.662-v:42819.110)-(t:11.689-v:42792.888)-(t:11.710-v:42638.080)-(t:11.736-v:42379.074)-(t:11.759-v:42365.359)-(t:11.782-v:42351.738)-(t:11.805-v:42324.916)-(t:11.827-v:42281.369)-(t:11.852-v:42239.413)-(t:11.881-v:42158.281)-(t:11.910-v:42118.180)-(t:11.936-v:42116.230)-(t:11.961-v:42107.578)-(t:11.987-v:42033.881)-(t:12.016-v:41770.977)-(t:12.052-v:41657.867)-(t:12.079-v:41609.415)-(t:12.109-v:41581.487)-(t:12.138-v:41319.174)-(t:12.159-v:41315.483)-(t:12.180-v:41279.085)-(t:12.213-v:41187.002)-(t:12.240-v:40608.943)-(t:12.267-v:40170.938)-(t:12.288-v:40164.058)-(t:12.311-v:40162.697)-(t:12.334-v:40154.045)-(t:12.363-v:39948.150)-(t:12.387-v:39909.694)-(t:12.415-v:39699.117)-(t:12.438-v:39589.244)-(t:12.460-v:39498.023)-(t:12.482-v:39461.517)-(t:12.507-v:39446.515)-(t:12.533-v:39310.517)-(t:12.559-v:39271.950)-(t:12.584-v:39136.838)-(t:12.610-v:38958.897)-(t:12.630-v:38896.775)-(t:12.650-v:38748.833)-(t:12.673-v:38626.823)-(t:12.695-v:38617.214)-(t:12.719-v:38538.091)-(t:12.746-v:38292.815)-(t:12.771-v:38255.914)-(t:12.797-v:38243.682)-(t:12.818-v:38229.838)-(t:12.840-v:37863.463)-(t:12.865-v:37660.989)-(t:12.892-v:37423.458)-(t:12.919-v:37235.212)-(t:12.943-v:37206.817)-(t:12.966-v:37157.852)-(t:12.985-v:37108.971)-(t:13.006-v:36960.718)-(t:13.034-v:36870.130)-(t:13.059-v:36865.058)-(t:13.086-v:36820.664)-(t:13.112-v:36789.353)-(t:13.139-v:36785.426)-(t:13.168-v:36711.981)-(t:13.198-v:36588.131)-(t:13.230-v:36541.540)-(t:13.251-v:36519.272)-(t:13.280-v:36515.458)-(t:13.299-v:36512.143)-(t:13.320-v:36360.296)-(t:13.338-v:36350.285)-(t:13.359-v:36154.232)-(t:13.379-v:36082.175)-(t:13.403-v:36037.341)-(t:13.425-v:35986.877)-(t:13.444-v:35980.480)-(t:13.468-v:35960.454)-(t:13.493-v:35704.292)-(t:13.514-v:35665.704)-(t:13.541-v:35564.956)-(t:13.561-v:35544.361)-(t:13.590-v:35512.058)-(t:13.610-v:35455.813)-(t:13.631-v:35369.601)-(t:13.653-v:35175.583)-(t:13.672-v:35095.066)-(t:13.691-v:35059.260)-(t:13.713-v:35001.934)-(t:13.733-v:34989.547)-(t:13.752-v:34818.682)-(t:13.772-v:34667.133)-(t:13.795-v:34483.244)-(t:13.817-v:34332.539)-(t:13.841-v:34320.152)-(t:13.864-v:34277.103)-(t:13.888-v:34105.495)-(t:13.907-v:34057.843)-(t:13.934-v:33758.585)-(t:13.958-v:33722.548)-(t:13.997-v:33696.796)-(t:14.018-v:33322.056)-(t:14.039-v:33283.468)-(t:14.064-v:33228.347)-(t:14.088-v:33161.897)-(t:14.109-v:33149.319)-(t:14.130-v:32520.298)-(t:14.150-v:32501.430)-(t:14.172-v:32370.844)-(t:14.194-v:31935.876)-(t:14.219-v:31753.003)-(t:14.239-v:31727.821)-(t:14.261-v:31720.608)-(t:14.287-v:31684.002)-(t:14.313-v:31523.547)-(t:14.333-v:31521.334)-(t:14.353-v:31483.069)-(t:14.373-v:30986.878)-(t:14.397-v:30962.644)-(t:14.424-v:30961.395)-(t:14.449-v:30566.854)-(t:14.474-v:29928.237)-(t:14.501-v:29452.255)-(t:14.528-v:29365.322)-(t:14.551-v:29340.337)-(t:14.575-v:29250.204)-(t:14.599-v:29247.661)-(t:14.623-v:28861.714)-(t:14.646-v:28860.145)-(t:14.669-v:28859.916)-(t:14.695-v:28843.405)-(t:14.720-v:28779.832)-(t:14.746-v:28738.746)-(t:14.767-v:28736.292)-(t:14.787-v:28538.219)-(t:14.806-v:28519.523)-(t:14.825-v:28479.586)-(t:14.844-v:28378.007)-(t:14.866-v:28301.063)-(t:14.887-v:28293.413)-(t:14.908-v:28009.618)-(t:14.930-v:27880.533)-(t:14.952-v:27749.101)-(t:14.974-v:27387.593)-(t:14.996-v:27290.443)-(t:15.018-v:27192.683)-(t:15.039-v:27079.846)-(t:15.063-v:27027.701)-(t:15.084-v:26958.922)-(t:15.107-v:26938.439)-(t:15.127-v:26931.363)-(t:15.148-v:26837.605)-(t:15.170-v:26783.830)-(t:15.194-v:26699.213)-(t:15.222-v:25710.959)-(t:15.249-v:25700.597)-(t:15.280-v:25570.770)-(t:15.304-v:25547.771)-(t:15.324-v:25480.040)-(t:15.348-v:25303.340)-(t:15.369-v:25169.759)-(t:15.394-v:25110.075)-(t:15.429-v:25078.530)-(t:15.453-v:25008.227)-(t:15.487-v:24963.616)-(t:15.517-v:24655.564)-(t:15.548-v:24617.515)-(t:15.572-v:24493.706)-(t:15.600-v:24263.974)-(t:15.626-v:24247.406)-(t:15.646-v:24245.987)-(t:15.665-v:24201.549)-(t:15.686-v:24168.037)-(t:15.713-v:24119.903)-(t:15.741-v:24113.508)-(t:15.765-v:23970.547)-(t:15.786-v:23901.153)-(t:15.817-v:23816.529)-(t:15.837-v:23783.950)-(t:15.865-v:23737.352)-(t:15.887-v:23710.461)-(t:15.913-v:23705.012)-(t:15.938-v:23061.810)-(t:15.956-v:22793.184)-(t:15.980-v:22619.259)-(t:16.008-v:22360.301)-(t:16.039-v:21363.777)-(t:16.064-v:21277.602)-(t:16.096-v:21027.969)-(t:16.119-v:20890.374)-(t:16.140-v:20860.939)-(t:16.164-v:20717.778)-(t:16.184-v:20712.970)-(t:16.205-v:20593.865)-(t:16.226-v:20325.774)-(t:16.246-v:20094.775)-(t:16.265-v:19896.702)-(t:16.288-v:19809.546)-(t:16.311-v:18983.213)-(t:16.330-v:18961.099)-(t:16.349-v:18923.070)-(t:16.372-v:18885.123)-(t:16.396-v:18829.579)-(t:16.425-v:18794.407)-(t:16.455-v:18780.680)-(t:16.478-v:18780.170)-(t:16.500-v:18742.087)-(t:16.528-v:18540.141)-(t:16.548-v:18519.593)-(t:16.573-v:18459.418)-(t:16.594-v:18363.129)-(t:16.619-v:18352.088)-(t:16.643-v:18237.378)-(t:16.664-v:18204.973)-(t:16.686-v:18165.669)-(t:18.711-v:17792.911)-(t:18.735-v:17698.464)-(t:18.756-v:17667.020)-(t:18.783-v:17544.320)-(t:18.808-v:17536.875)-(t:18.837-v:17258.015)-(t:18.868-v:17176.757)-(t:18.899-v:17068.287)-(t:18.920-v:17006.774)-(t:18.953-v:16989.921)-(t:18.998-v:16967.085)-(t:19.020-v:16922.634)-(t:24.239-v:16681.552)-(t:24.263-v:16635.865)-(t:24.285-v:16576.620)-(t:24.308-v:16562.675)-(t:24.327-v:16532.697)-(t:24.349-v:16487.037)-(t:24.389-v:16426.241)-(t:24.418-v:16301.427)-(t:24.436-v:16270.420)-(t:24.461-v:16170.719)-(t:24.491-v:16132.308)-(t:24.515-v:16073.438)-(t:24.542-v:15962.481)-(t:24.565-v:15927.743)-(t:24.589-v:15564.930)-(t:24.617-v:15283.923)-(t:27.344-v:15267.877)-(t:27.375-v:15168.834)-(t:27.398-v:15145.935)-(t:27.436-v:15085.828)-(t:27.469-v:14975.181)-(t:27.498-v:14950.867)-(t:27.527-v:14939.208)-(t:27.550-v:14828.267)-(t:27.579-v:14756.923)-(t:27.605-v:14719.842)-(t:27.629-v:14717.115)-(t:27.651-v:14693.568)-(t:27.673-v:14661.163)-(t:27.692-v:14641.094)-(t:27.712-v:14503.137)-(t:27.737-v:14476.994)-(t:27.758-v:14444.126)-(t:27.783-v:14442.777)-(t:27.814-v:14435.663)-(t:27.842-v:14430.722)-(t:27.866-v:14428.252)-(t:27.897-v:14424.554)-(t:27.918-v:14375.301)-(t:27.950-v:14294.613)-(t:27.970-v:14284.350)-(t:99.901-v:14227.676)-(t:99.922-v:14212.585)-(t:99.943-v:14091.495)-(t:99.964-v:14083.748)],140.777,[]
dqn,examples/tsp/tsplib/eil51.tsp,r1,300,0,======,493201.0,[(t:8.797-v:1313.471)-(t:11.398-v:875.039)-(t:11.415-v:870.326)-(t:11.440-v:869.334)-(t:11.464-v:869.223)-(t:11.483-v:859.387)-(t:11.506-v:859.276)-(t:11.552-v:856.876)-(t:11.578-v:856.346)-(t:11.603-v:851.393)-(t:11.624-v:849.887)-(t:11.645-v:849.531)-(t:11.673-v:848.203)-(t:11.696-v:843.754)-(t:11.726-v:843.179)-(t:11.750-v:840.279)-(t:11.772-v:837.242)-(t:11.797-v:831.542)-(t:11.823-v:831.280)-(t:11.851-v:828.679)-(t:11.875-v:823.022)-(t:11.901-v:811.845)-(t:11.923-v:756.932)-(t:11.945-v:750.965)-(t:11.967-v:747.650)-(t:11.993-v:741.735)-(t:12.017-v:741.042)-(t:12.037-v:728.348)-(t:12.058-v:722.573)-(t:12.078-v:721.818)-(t:12.104-v:718.214)-(t:12.123-v:702.740)-(t:12.143-v:687.269)-(t:12.165-v:681.248)-(t:12.190-v:680.923)-(t:12.215-v:680.052)-(t:12.237-v:673.120)-(t:12.262-v:663.228)-(t:12.284-v:662.864)-(t:12.307-v:658.537)-(t:12.328-v:655.774)-(t:12.350-v:647.358)-(t:12.377-v:635.799)-(t:12.401-v:631.154)-(t:12.424-v:627.312)-(t:12.448-v:623.319)-(t:12.468-v:615.628)-(t:12.499-v:611.328)-(t:21.209-v:608.924)-(t:21.227-v:608.789)-(t:21.243-v:598.654)-(t:21.260-v:590.457)-(t:21.280-v:583.923)-(t:21.298-v:560.825)-(t:21.316-v:558.773)-(t:28.047-v:552.806)-(t:28.070-v:547.882)-(t:28.086-v:547.859)-(t:28.108-v:539.899)-(t:28.127-v:539.087)-(t:28.145-v:536.325)-(t:28.161-v:534.583)-(t:28.181-v:528.676)-(t:28.200-v:521.824)-(t:28.219-v:516.157)-(t:28.260-v:511.295)-(t:28.281-v:508.205)-(t:52.407-v:505.500)-(t:189.098-v:504.916)-(t:189.116-v:500.335)-(t:189.135-v:493.201)],55.859,[]
dqn,examples/tsp/tsplib/eil76.tsp,r1,300,0,======,734716.0,[(t:9.227-v:1974.709)-(t:10.309-v:1790.204)-(t:10.352-v:1789.156)-(t:10.370-v:1787.995)-(t:10.393-v:1783.972)-(t:10.415-v:1783.165)-(t:10.437-v:1778.592)-(t:10.459-v:1766.615)-(t:10.481-v:1766.141)-(t:10.505-v:1759.002)-(t:10.532-v:1757.099)-(t:10.556-v:1755.006)-(t:10.576-v:1745.384)-(t:10.600-v:1741.722)-(t:10.624-v:1739.473)-(t:10.647-v:1724.137)-(t:10.669-v:1723.930)-(t:10.698-v:1723.033)-(t:10.724-v:1718.867)-(t:10.753-v:1714.549)-(t:10.781-v:1699.297)-(t:10.808-v:1688.641)-(t:10.835-v:1684.215)-(t:10.859-v:1674.126)-(t:10.885-v:1667.849)-(t:10.911-v:1666.685)-(t:10.938-v:1664.747)-(t:10.971-v:1646.184)-(t:10.994-v:1643.199)-(t:11.017-v:1640.747)-(t:11.049-v:1635.898)-(t:11.075-v:1628.369)-(t:11.099-v:1622.626)-(t:11.128-v:1605.955)-(t:11.150-v:1602.322)-(t:11.171-v:1600.307)-(t:11.210-v:1597.658)-(t:11.231-v:1584.331)-(t:11.252-v:1577.266)-(t:11.273-v:1574.251)-(t:11.295-v:1566.757)-(t:11.323-v:1562.217)-(t:11.347-v:1560.939)-(t:11.396-v:1552.955)-(t:11.420-v:1552.539)-(t:11.447-v:1537.174)-(t:11.476-v:1520.627)-(t:11.506-v:1505.076)-(t:11.534-v:1501.904)-(t:11.557-v:1501.612)-(t:11.582-v:1498.611)-(t:11.605-v:1494.667)-(t:11.628-v:1493.896)-(t:11.650-v:1483.187)-(t:11.675-v:1476.026)-(t:11.697-v:1466.287)-(t:11.726-v:1438.499)-(t:11.756-v:1438.429)-(t:11.780-v:1437.177)-(t:11.807-v:1435.597)-(t:11.828-v:1433.784)-(t:11.850-v:1423.367)-(t:11.874-v:1422.420)-(t:11.900-v:1421.769)-(t:11.927-v:1418.057)-(t:11.949-v:1416.782)-(t:11.973-v:1413.754)-(t:11.994-v:1410.535)-(t:12.016-v:1400.347)-(t:12.045-v:1387.945)-(t:12.068-v:1380.794)-(t:12.090-v:1374.121)-(t:12.115-v:1368.009)-(t:12.139-v:1352.927)-(t:12.162-v:1352.551)-(t:12.184-v:1352.064)-(t:12.211-v:1346.371)-(t:12.235-v:1343.772)-(t:12.260-v:1337.921)-(t:12.284-v:1333.797)-(t:12.311-v:1331.246)-(t:12.332-v:1327.541)-(t:12.349-v:1323.668)-(t:12.366-v:1319.118)-(t:12.391-v:1318.649)-(t:12.412-v:1302.564)-(t:12.431-v:1296.099)-(t:12.450-v:1295.976)-(t:12.474-v:1293.668)-(t:12.496-v:1273.974)-(t:12.517-v:1219.391)-(t:12.545-v:1217.018)-(t:12.574-v:1214.782)-(t:12.600-v:1147.544)-(t:12.632-v:1146.465)-(t:12.657-v:1140.464)-(t:12.676-v:1100.983)-(t:12.697-v:1099.742)-(t:12.715-v:1095.159)-(t:12.733-v:1090.094)-(t:12.753-v:1084.628)-(t:12.775-v:1081.835)-(t:12.798-v:1078.844)-(t:12.820-v:1071.068)-(t:12.839-v:1068.487)-(t:12.864-v:1063.469)-(t:12.888-v:1052.686)-(t:12.909-v:1050.231)-(t:12.933-v:1048.914)-(t:12.954-v:1045.758)-(t:12.974-v:1044.203)-(t:12.996-v:1030.647)-(t:13.017-v:1006.107)-(t:13.035-v:1001.441)-(t:13.054-v:991.920)-(t:13.074-v:991.472)-(t:13.095-v:986.363)-(t:13.116-v:982.276)-(t:13.141-v:973.061)-(t:13.163-v:969.798)-(t:13.187-v:969.449)-(t:13.211-v:969.167)-(t:13.233-v:957.969)-(t:13.257-v:939.838)-(t:13.284-v:938.559)-(t:13.307-v:937.935)-(t:13.329-v:936.046)-(t:13.355-v:912.333)-(t:13.378-v:910.312)-(t:13.398-v:896.608)-(t:13.426-v:895.667)-(t:13.452-v:895.156)-(t:13.476-v:892.810)-(t:13.497-v:891.985)-(t:13.518-v:867.514)-(t:13.539-v:865.453)-(t:19.164-v:864.790)-(t:19.184-v:859.640)-(t:19.206-v:858.781)-(t:19.231-v:857.847)-(t:19.255-v:852.089)-(t:19.277-v:850.579)-(t:19.299-v:846.204)-(t:19.326-v:840.466)-(t:27.942-v:838.462)-(t:27.963-v:829.578)-(t:44.140-v:825.361)-(t:44.170-v:813.318)-(t:44.192-v:812.521)-(t:44.219-v:812.285)-(t:44.242-v:810.843)-(t:44.269-v:786.659)-(t:44.287-v:780.760)-(t:44.310-v:778.529)-(t:44.331-v:778.361)-(t:44.355-v:772.053)-(t:44.375-v:769.232)-(t:44.400-v:764.771)-(t:44.417-v:762.114)-(t:44.441-v:759.582)-(t:187.209-v:750.812)-(t:187.228-v:742.768)-(t:187.250-v:737.938)-(t:187.266-v:737.721)-(t:187.283-v:734.716)],94.851,[]
dqn,examples/tsp/tsplib/kroC100.tsp,r1,300,0,======,38461437.0,[(t:9.700-v:183465.313)-(t:10.556-v:178562.099)-(t:10.604-v:177774.903)-(t:10.633-v:177576.277)-(t:10.653-v:177188.032)-(t:10.678-v:177179.612)-(t:10.702-v:177101.344)-(t:10.730-v:176731.707)-(t:10.758-v:176718.692)-(t:10.783-v:175963.690)-(t:10.804-v:175933.582)-(t:10.830-v:175388.817)-(t:10.856-v:175067.195)-(t:10.886-v:173238.181)-(t:10.913-v:172543.898)-(t:10.934-v:172418.550)-(t:10.958-v:172059.798)-(t:10.980-v:171566.881)-(t:11.003-v:171332.587)-(t:11.024-v:171122.159)-(t:11.051-v:170959.159)-(t:11.076-v:170308.474)-(t:11.111-v:169719.080)-(t:11.142-v:169370.862)-(t:11.171-v:169273.582)-(t:11.191-v:169245.251)-(t:11.220-v:168199.759)-(t:11.245-v:168080.861)-(t:11.269-v:167677.796)-(t:11.290-v:167368.725)-(t:11.316-v:166018.955)-(t:11.341-v:165913.578)-(t:11.369-v:164841.655)-(t:11.396-v:164824.267)-(t:11.419-v:164611.607)-(t:11.443-v:164467.796)-(t:11.469-v:164464.030)-(t:11.494-v:164429.743)-(t:11.520-v:164221.201)-(t:11.542-v:164159.369)-(t:11.563-v:164008.938)-(t:11.587-v:163857.696)-(t:11.607-v:163426.401)-(t:11.641-v:163415.586)-(t:11.662-v:162770.289)-(t:11.690-v:162680.543)-(t:11.710-v:162154.453)-(t:11.738-v:161492.259)-(t:11.761-v:161311.052)-(t:11.784-v:161288.238)-(t:11.808-v:160652.893)-(t:11.833-v:160643.565)-(t:11.859-v:158323.190)-(t:11.883-v:157607.410)-(t:11.901-v:157431.369)-(t:11.922-v:157016.491)-(t:11.948-v:156635.775)-(t:11.973-v:155592.152)-(t:11.994-v:155494.559)-(t:12.017-v:154893.660)-(t:12.041-v:154690.776)-(t:12.065-v:154004.537)-(t:12.092-v:153782.257)-(t:12.119-v:152307.829)-(t:12.140-v:152261.431)-(t:12.163-v:152086.956)-(t:12.184-v:152025.125)-(t:12.207-v:149838.082)-(t:12.231-v:149797.350)-(t:12.257-v:148845.834)-(t:12.281-v:147447.105)-(t:12.306-v:146918.768)-(t:12.330-v:146696.488)-(t:12.348-v:146404.574)-(t:12.367-v:145286.931)-(t:12.387-v:145276.208)-(t:12.411-v:145053.931)-(t:12.435-v:144820.591)-(t:12.455-v:144540.841)-(t:12.475-v:144019.903)-(t:12.501-v:143763.832)-(t:12.525-v:143691.629)-(t:12.547-v:142875.668)-(t:12.567-v:142798.933)-(t:12.587-v:142686.571)-(t:12.609-v:142632.233)-(t:12.636-v:141849.446)-(t:12.659-v:141798.895)-(t:12.682-v:141670.362)-(t:12.709-v:141617.085)-(t:12.733-v:141530.835)-(t:12.756-v:141235.937)-(t:12.777-v:141210.326)-(t:12.798-v:141008.351)-(t:12.824-v:138575.296)-(t:12.846-v:138334.723)-(t:12.866-v:138283.017)-(t:12.893-v:138156.033)-(t:12.917-v:138082.671)-(t:12.942-v:137919.197)-(t:12.966-v:136047.018)-(t:12.985-v:134705.758)-(t:13.003-v:134695.466)-(t:13.024-v:134240.565)-(t:13.048-v:134157.295)-(t:13.072-v:134120.296)-(t:13.092-v:133953.890)-(t:13.117-v:133912.647)-(t:13.140-v:133720.948)-(t:13.162-v:133585.993)-(t:13.185-v:133529.532)-(t:13.209-v:133506.084)-(t:13.231-v:133431.215)-(t:13.252-v:133364.450)-(t:13.273-v:133356.850)-(t:13.291-v:133193.156)-(t:13.314-v:133162.336)-(t:13.335-v:133123.335)-(t:13.357-v:132800.224)-(t:13.376-v:132715.497)-(t:13.393-v:132588.655)-(t:13.412-v:132563.518)-(t:13.434-v:132550.095)-(t:13.483-v:132053.600)-(t:13.502-v:131783.821)-(t:13.523-v:131505.350)-(t:13.549-v:131452.073)-(t:13.573-v:130965.196)-(t:13.596-v:130946.731)-(t:13.623-v:130748.423)-(t:13.651-v:130376.786)-(t:13.675-v:130286.051)-(t:13.701-v:130157.518)-(t:13.726-v:129906.462)-(t:13.749-v:129438.045)-(t:13.767-v:129388.841)-(t:13.790-v:129232.374)-(t:13.816-v:128215.386)-(t:13.836-v:128096.627)-(t:13.859-v:128005.538)-(t:13.890-v:127881.912)-(t:13.911-v:127351.768)-(t:13.935-v:126937.904)-(t:13.958-v:126871.217)-(t:13.993-v:126772.844)-(t:14.018-v:126058.004)-(t:14.045-v:125840.221)-(t:14.067-v:124892.931)-(t:14.085-v:124525.381)-(t:14.105-v:124373.396)-(t:14.124-v:124053.789)-(t:14.143-v:124024.590)-(t:14.163-v:123820.809)-(t:14.185-v:123426.571)-(t:14.204-v:123402.919)-(t:14.222-v:123163.191)-(t:14.246-v:123135.242)-(t:14.270-v:123094.510)-(t:14.289-v:122882.618)-(t:14.311-v:122854.669)-(t:14.332-v:122503.178)-(t:14.352-v:122262.233)-(t:14.369-v:121844.810)-(t:14.386-v:121826.413)-(t:14.408-v:121368.814)-(t:14.428-v:121314.400)-(t:14.445-v:120987.983)-(t:14.464-v:120196.081)-(t:14.486-v:119546.589)-(t:14.508-v:119252.494)-(t:14.529-v:119054.864)-(t:14.548-v:119021.243)-(t:14.566-v:118540.002)-(t:14.583-v:118441.392)-(t:14.602-v:118371.183)-(t:14.621-v:118297.668)-(t:14.641-v:118294.552)-(t:14.661-v:117780.135)-(t:14.679-v:117779.330)-(t:14.697-v:117732.835)-(t:14.717-v:113837.935)-(t:14.738-v:113204.386)-(t:14.762-v:113083.676)-(t:14.784-v:112732.935)-(t:14.800-v:112620.918)-(t:14.821-v:112104.137)-(t:14.843-v:110789.799)-(t:14.869-v:110715.440)-(t:14.892-v:109871.957)-(t:14.915-v:108282.141)-(t:14.938-v:108254.399)-(t:14.959-v:108245.106)-(t:14.979-v:107523.317)-(t:14.996-v:107511.702)-(t:15.014-v:107484.839)-(t:15.032-v:106220.677)-(t:15.055-v:105388.784)-(t:15.087-v:105082.492)-(t:15.115-v:105006.895)-(t:15.136-v:104998.490)-(t:15.160-v:104232.004)-(t:15.186-v:103827.597)-(t:15.209-v:103634.373)-(t:15.234-v:100996.236)-(t:15.256-v:100853.614)-(t:15.275-v:100431.155)-(t:15.298-v:99204.206)-(t:15.319-v:98758.411)-(t:15.347-v:97649.294)-(t:15.368-v:97602.038)-(t:15.388-v:97524.985)-(t:15.410-v:97523.658)-(t:15.430-v:97216.577)-(t:15.448-v:96824.230)-(t:15.477-v:96710.633)-(t:15.501-v:96224.242)-(t:15.522-v:95234.971)-(t:15.542-v:95219.980)-(t:15.564-v:95142.861)-(t:15.591-v:95056.287)-(t:15.626-v:94147.849)-(t:15.657-v:93431.155)-(t:15.684-v:93388.814)-(t:15.708-v:93307.863)-(t:15.734-v:92921.601)-(t:15.761-v:92732.897)-(t:15.787-v:90816.202)-(t:15.806-v:90776.225)-(t:15.830-v:89845.792)-(t:15.855-v:89574.685)-(t:15.894-v:88945.874)-(t:15.914-v:88830.192)-(t:15.939-v:87305.443)-(t:15.960-v:87137.209)-(t:15.978-v:86970.026)-(t:15.996-v:86748.538)-(t:16.019-v:86712.017)-(t:16.047-v:86589.347)-(t:16.076-v:86584.579)-(t:16.101-v:86111.515)-(t:16.123-v:85956.607)-(t:16.143-v:85862.457)-(t:16.168-v:85388.157)-(t:16.194-v:84069.437)-(t:16.215-v:83705.337)-(t:16.239-v:83562.863)-(t:16.259-v:82313.356)-(t:16.294-v:82307.684)-(t:16.316-v:82157.978)-(t:16.346-v:81634.554)-(t:16.378-v:81622.936)-(t:16.399-v:81580.549)-(t:16.419-v:81569.551)-(t:16.455-v:81565.532)-(t:16.481-v:81358.822)-(t:16.500-v:81288.540)-(t:16.522-v:81232.128)-(t:16.542-v:81100.376)-(t:16.576-v:79565.956)-(t:16.605-v:79459.203)-(t:16.629-v:79263.183)-(t:16.658-v:79260.838)-(t:16.683-v:79224.348)-(t:16.722-v:79206.015)-(t:16.749-v:78884.586)-(t:16.770-v:78812.209)-(t:16.798-v:78601.600)-(t:16.818-v:77828.671)-(t:16.837-v:77815.123)-(t:16.859-v:77475.246)-(t:16.883-v:77463.148)-(t:16.910-v:77294.343)-(t:16.939-v:76696.770)-(t:16.959-v:76665.619)-(t:16.981-v:74839.926)-(t:17.008-v:73622.686)-(t:17.041-v:73011.888)-(t:17.083-v:72765.859)-(t:17.119-v:71453.771)-(t:17.150-v:70899.638)-(t:17.178-v:70726.873)-(t:17.207-v:70625.111)-(t:17.229-v:70588.621)-(t:17.260-v:70490.193)-(t:17.285-v:70074.173)-(t:17.314-v:69701.338)-(t:17.334-v:69687.821)-(t:17.359-v:69649.802)-(t:17.385-v:69587.994)-(t:17.414-v:69400.363)-(t:17.443-v:69208.643)-(t:17.469-v:68448.326)-(t:17.503-v:68236.346)-(t:17.532-v:68049.589)-(t:17.560-v:67803.560)-(t:17.593-v:67337.207)-(t:17.613-v:67328.677)-(t:17.633-v:66500.679)-(t:17.658-v:66412.334)-(t:17.683-v:66408.550)-(t:17.718-v:66019.801)-(t:17.745-v:65983.309)-(t:17.772-v:65965.298)-(t:17.801-v:65894.184)-(t:17.831-v:65377.031)-(t:17.854-v:64543.786)-(t:17.874-v:64276.664)-(t:17.892-v:64042.529)-(t:17.917-v:64039.956)-(t:17.941-v:63598.945)-(t:17.964-v:63556.017)-(t:17.985-v:63191.079)-(t:18.010-v:62735.598)-(t:18.035-v:62572.058)-(t:18.058-v:62540.161)-(t:18.078-v:61269.305)-(t:18.101-v:61262.267)-(t:18.128-v:60922.986)-(t:18.153-v:60902.882)-(t:18.177-v:60456.358)-(t:18.202-v:60363.281)-(t:18.228-v:60278.430)-(t:18.250-v:60203.697)-(t:18.276-v:59807.443)-(t:18.301-v:59530.120)-(t:18.327-v:59480.221)-(t:18.355-v:59228.324)-(t:18.381-v:59076.239)-(t:18.406-v:58867.438)-(t:18.433-v:58403.944)-(t:18.461-v:57925.988)-(t:18.485-v:57295.029)-(t:18.512-v:57181.855)-(t:18.539-v:56377.855)-(t:18.564-v:56302.029)-(t:18.582-v:56054.530)-(t:18.600-v:55901.063)-(t:18.625-v:53316.192)-(t:18.645-v:53229.970)-(t:18.664-v:53194.489)-(t:18.691-v:52842.854)-(t:18.729-v:52443.565)-(t:18.764-v:51530.344)-(t:18.782-v:51343.342)-(t:18.803-v:51273.439)-(t:18.825-v:51260.290)-(t:18.844-v:51015.736)-(t:18.869-v:50630.589)-(t:18.893-v:50340.741)-(t:18.912-v:50106.811)-(t:18.939-v:49938.627)-(t:18.962-v:49362.366)-(t:18.988-v:49351.329)-(t:19.022-v:49099.793)-(t:19.052-v:49049.673)-(t:19.076-v:48890.023)-(t:19.103-v:48401.628)-(t:19.135-v:48220.480)-(t:19.154-v:48139.879)-(t:19.180-v:47754.947)-(t:25.227-v:47383.284)-(t:25.250-v:47322.005)-(t:25.273-v:46352.045)-(t:25.296-v:46252.891)-(t:25.323-v:46152.476)-(t:25.345-v:45918.477)-(t:25.374-v:45307.430)-(t:25.393-v:45258.603)-(t:25.411-v:44933.724)-(t:25.431-v:44860.250)-(t:25.450-v:44612.912)-(t:25.467-v:44330.882)-(t:25.485-v:44118.034)-(t:25.537-v:43865.221)-(t:25.562-v:43514.640)-(t:25.588-v:43419.326)-(t:25.622-v:43415.661)-(t:25.651-v:43140.634)-(t:32.415-v:41792.802)-(t:32.437-v:41491.789)-(t:32.458-v:41481.470)-(t:32.480-v:41334.898)-(t:32.499-v:40249.915)-(t:32.521-v:40240.759)-(t:94.858-v:39626.237)-(t:94.880-v:39624.903)-(t:94.901-v:39570.700)-(t:94.924-v:39164.028)-(t:94.944-v:39155.778)-(t:94.965-v:39034.524)-(t:94.986-v:39029.141)-(t:95.005-v:38985.505)-(t:95.028-v:38711.423)-(t:95.048-v:38618.223)-(t:95.072-v:38461.437)],149.088,[]
dqn,examples/tsp/tsplib/kroD100.tsp,r1,300,0,======,41195586.0,[(t:9.691-v:170990.653)-(t:10.614-v:161587.846)-(t:10.659-v:161556.477)-(t:10.685-v:160792.497)-(t:10.708-v:160706.297)-(t:10.733-v:160485.508)-(t:10.757-v:160345.401)-(t:10.778-v:160329.033)-(t:10.799-v:160129.988)-(t:10.819-v:160067.918)-(t:10.844-v:157192.969)-(t:10.863-v:157060.825)-(t:10.883-v:156991.898)-(t:10.911-v:156053.790)-(t:10.938-v:155685.442)-(t:10.967-v:155071.341)-(t:10.992-v:155058.664)-(t:11.014-v:154587.809)-(t:11.037-v:154532.892)-(t:11.056-v:153613.318)-(t:11.079-v:153365.554)-(t:11.105-v:153325.663)-(t:11.130-v:153187.208)-(t:11.159-v:152357.021)-(t:11.184-v:152188.691)-(t:11.210-v:152001.417)-(t:11.238-v:151944.901)-(t:11.261-v:150976.160)-(t:11.283-v:150951.445)-(t:11.313-v:150465.159)-(t:11.345-v:150407.105)-(t:11.371-v:149074.577)-(t:11.396-v:148342.519)-(t:11.427-v:148090.312)-(t:11.452-v:147744.246)-(t:11.474-v:147363.137)-(t:11.496-v:147191.661)-(t:11.514-v:146869.830)-(t:11.536-v:146867.123)-(t:11.559-v:146605.092)-(t:11.579-v:146409.811)-(t:11.602-v:145674.070)-(t:11.625-v:145435.595)-(t:11.645-v:145408.866)-(t:11.668-v:145330.189)-(t:11.690-v:145255.320)-(t:11.725-v:145209.055)-(t:11.746-v:145096.585)-(t:11.766-v:144971.510)-(t:11.787-v:144513.162)-(t:11.816-v:144058.347)-(t:11.843-v:142900.440)-(t:11.864-v:142890.755)-(t:11.891-v:142682.504)-(t:11.915-v:142237.970)-(t:11.938-v:141742.982)-(t:11.963-v:141630.656)-(t:11.987-v:141458.157)-(t:12.009-v:141281.134)-(t:12.034-v:140902.581)-(t:12.057-v:140646.956)-(t:12.076-v:140635.809)-(t:12.095-v:140146.126)-(t:12.120-v:139404.006)-(t:12.148-v:139360.001)-(t:12.174-v:139177.275)-(t:12.204-v:137984.116)-(t:12.230-v:137787.849)-(t:12.258-v:136151.356)-(t:12.285-v:132657.351)-(t:12.308-v:131936.310)-(t:12.331-v:131831.504)-(t:12.354-v:131067.431)-(t:12.376-v:130838.787)-(t:12.401-v:130833.965)-(t:12.424-v:130430.639)-(t:12.446-v:130410.599)-(t:12.466-v:130008.981)-(t:12.486-v:129590.663)-(t:12.504-v:129566.694)-(t:12.527-v:129526.482)-(t:12.557-v:127982.746)-(t:12.575-v:127564.883)-(t:12.600-v:127151.721)-(t:12.623-v:127045.871)-(t:12.643-v:126858.293)-(t:12.660-v:126686.817)-(t:12.679-v:126645.259)-(t:12.707-v:126387.646)-(t:12.736-v:126016.006)-(t:12.759-v:125985.476)-(t:12.782-v:125879.947)-(t:12.805-v:125773.477)-(t:12.827-v:125616.946)-(t:12.846-v:125451.690)-(t:12.863-v:125216.354)-(t:12.882-v:125064.982)-(t:12.907-v:124944.618)-(t:12.926-v:124924.578)-(t:12.950-v:124862.727)-(t:12.976-v:124240.418)-(t:13.003-v:123742.571)-(t:13.026-v:123419.809)-(t:13.050-v:123006.287)-(t:13.074-v:122961.524)-(t:13.094-v:122497.659)-(t:13.113-v:122454.061)-(t:13.139-v:122413.303)-(t:13.160-v:122316.646)-(t:13.179-v:122249.295)-(t:13.206-v:121070.856)-(t:13.223-v:120870.698)-(t:13.242-v:120699.222)-(t:13.262-v:120557.533)-(t:13.284-v:120504.790)-(t:13.305-v:120164.377)-(t:13.326-v:119969.096)-(t:13.348-v:119039.133)-(t:13.371-v:119000.486)-(t:13.393-v:118784.134)-(t:13.416-v:118762.836)-(t:13.435-v:118591.360)-(t:13.454-v:118456.018)-(t:13.479-v:118354.612)-(t:13.507-v:118153.523)-(t:13.532-v:118022.740)-(t:13.555-v:118015.134)-(t:13.577-v:117993.303)-(t:13.600-v:117841.259)-(t:13.623-v:117722.302)-(t:13.649-v:117511.624)-(t:13.669-v:116794.741)-(t:13.691-v:115965.484)-(t:13.711-v:115956.910)-(t:13.734-v:115746.371)-(t:13.759-v:115678.574)-(t:13.779-v:114399.073)-(t:13.804-v:114376.242)-(t:13.827-v:114347.614)-(t:13.850-v:114214.532)-(t:13.879-v:114211.788)-(t:13.903-v:114142.035)-(t:13.925-v:114091.843)-(t:13.949-v:113425.489)-(t:13.970-v:113406.443)-(t:13.992-v:113397.339)-(t:14.012-v:113328.962)-(t:14.030-v:113099.738)-(t:14.050-v:113064.662)-(t:14.069-v:112883.856)-(t:14.095-v:112456.950)-(t:14.119-v:112097.702)-(t:14.143-v:111024.494)-(t:14.176-v:110642.897)-(t:14.193-v:110568.272)-(t:14.211-v:110308.715)-(t:14.240-v:110013.171)-(t:14.268-v:109959.232)-(t:14.295-v:109837.920)-(t:14.317-v:109559.644)-(t:14.344-v:108935.654)-(t:14.366-v:108021.894)-(t:14.389-v:107759.000)-(t:14.411-v:107467.761)-(t:14.432-v:107322.197)-(t:14.451-v:107055.362)-(t:14.470-v:105704.814)-(t:14.491-v:105479.842)-(t:14.509-v:104826.962)-(t:14.529-v:104507.553)-(t:14.550-v:104422.757)-(t:14.571-v:104327.835)-(t:14.590-v:104298.038)-(t:14.610-v:104123.978)-(t:14.630-v:104092.898)-(t:14.653-v:104013.761)-(t:14.675-v:103956.287)-(t:14.692-v:103631.239)-(t:14.713-v:103417.305)-(t:14.733-v:103365.663)-(t:14.758-v:103300.082)-(t:14.779-v:103071.767)-(t:14.801-v:102783.190)-(t:14.825-v:102529.390)-(t:14.852-v:102394.086)-(t:14.875-v:101889.800)-(t:14.901-v:101841.627)-(t:14.923-v:101835.121)-(t:14.948-v:101115.226)-(t:14.972-v:100941.230)-(t:14.995-v:100861.649)-(t:15.019-v:96199.928)-(t:15.040-v:96185.422)-(t:15.062-v:95846.806)-(t:15.087-v:95577.164)-(t:15.109-v:95500.445)-(t:15.130-v:95030.388)-(t:15.153-v:94856.339)-(t:15.175-v:92193.593)-(t:15.203-v:91955.250)-(t:15.231-v:91382.052)-(t:15.258-v:91122.212)-(t:15.281-v:90892.364)-(t:15.312-v:90875.191)-(t:15.333-v:90868.039)-(t:15.354-v:90846.657)-(t:15.375-v:90562.921)-(t:15.396-v:90521.735)-(t:15.422-v:90506.780)-(t:15.441-v:90164.424)-(t:15.464-v:90158.664)-(t:15.491-v:89508.033)-(t:15.521-v:89434.667)-(t:15.540-v:88862.154)-(t:15.559-v:88581.992)-(t:15.576-v:88581.550)-(t:15.595-v:88533.552)-(t:15.615-v:87392.532)-(t:15.632-v:87281.141)-(t:15.649-v:86870.038)-(t:15.666-v:86688.561)-(t:15.688-v:86648.544)-(t:15.706-v:86583.784)-(t:15.727-v:86483.470)-(t:15.749-v:84537.545)-(t:15.769-v:83937.437)-(t:15.791-v:83091.598)-(t:15.808-v:82264.771)-(t:15.828-v:80334.835)-(t:15.847-v:79351.333)-(t:15.868-v:77060.800)-(t:15.888-v:75918.440)-(t:15.905-v:75543.202)-(t:15.922-v:75503.020)-(t:15.942-v:74737.365)-(t:15.961-v:74716.416)-(t:15.979-v:74538.634)-(t:16.007-v:74464.362)-(t:16.064-v:74288.947)-(t:16.087-v:74281.817)-(t:16.115-v:74251.469)-(t:16.137-v:74062.456)-(t:16.158-v:74017.590)-(t:16.184-v:73997.694)-(t:16.214-v:73725.647)-(t:16.244-v:73548.652)-(t:16.278-v:73239.451)-(t:16.313-v:73072.199)-(t:16.332-v:72863.115)-(t:16.359-v:72811.067)-(t:16.384-v:72707.059)-(t:16.412-v:72557.384)-(t:16.439-v:71744.622)-(t:16.463-v:71572.440)-(t:16.489-v:70943.117)-(t:16.512-v:70764.447)-(t:16.536-v:70351.404)-(t:16.560-v:70207.497)-(t:16.583-v:70191.149)-(t:16.606-v:70131.482)-(t:16.633-v:69796.235)-(t:16.663-v:69074.041)-(t:16.689-v:68465.493)-(t:16.719-v:68326.666)-(t:16.748-v:68079.156)-(t:16.777-v:67542.789)-(t:16.801-v:67473.876)-(t:16.830-v:67314.801)-(t:16.859-v:67269.182)-(t:16.887-v:67249.950)-(t:16.914-v:67089.413)-(t:16.943-v:66798.935)-(t:16.971-v:66673.405)-(t:16.995-v:64443.150)-(t:17.018-v:64130.863)-(t:17.044-v:62585.192)-(t:17.068-v:62526.323)-(t:17.094-v:62360.653)-(t:17.124-v:62355.619)-(t:17.149-v:62191.611)-(t:17.170-v:61872.561)-(t:17.198-v:61627.632)-(t:17.225-v:59878.503)-(t:17.252-v:59513.545)-(t:17.279-v:59228.772)-(t:17.306-v:59088.729)-(t:17.331-v:59043.863)-(t:17.358-v:58855.223)-(t:17.381-v:58752.423)-(t:17.401-v:58721.662)-(t:17.422-v:58531.036)-(t:17.446-v:58458.548)-(t:17.468-v:57135.066)-(t:17.489-v:56943.173)-(t:17.516-v:56594.111)-(t:17.536-v:56593.593)-(t:17.561-v:56358.376)-(t:17.586-v:56304.749)-(t:17.610-v:56021.136)-(t:17.635-v:54802.046)-(t:17.657-v:54318.225)-(t:17.683-v:54304.438)-(t:17.707-v:54293.613)-(t:17.731-v:53531.758)-(t:17.755-v:53516.469)-(t:17.778-v:52945.549)-(t:17.802-v:52350.137)-(t:17.825-v:51414.412)-(t:17.847-v:50918.297)-(t:17.876-v:50199.933)-(t:17.903-v:49899.969)-(t:17.923-v:49767.251)-(t:17.943-v:49687.536)-(t:17.977-v:48785.099)-(t:18.005-v:48771.552)-(t:18.029-v:48156.639)-(t:18.053-v:47658.280)-(t:18.077-v:47651.393)-(t:18.099-v:47241.566)-(t:18.128-v:47036.352)-(t:18.151-v:46902.488)-(t:18.177-v:46765.054)-(t:18.207-v:46711.117)-(t:18.232-v:46576.747)-(t:18.249-v:45873.715)-(t:18.269-v:45507.801)-(t:18.295-v:45096.663)-(t:18.312-v:44981.896)-(t:18.341-v:44606.537)-(t:18.361-v:44595.165)-(t:18.385-v:44523.233)-(t:60.426-v:44365.136)-(t:60.461-v:44359.376)-(t:60.486-v:44348.109)-(t:60.504-v:44345.739)-(t:60.527-v:44295.322)-(t:60.545-v:44154.843)-(t:60.568-v:44124.113)-(t:60.599-v:43981.723)-(t:126.023-v:43893.031)-(t:126.046-v:42453.975)-(t:126.066-v:42447.776)-(t:126.092-v:42370.139)-(t:133.107-v:42233.629)-(t:133.126-v:42109.328)-(t:133.145-v:41290.047)-(t:133.162-v:41211.394)-(t:133.180-v:41195.586)],156.358,[]
dqn,examples/tsp/tsplib/att48.tsp,r1,300,0,======,12849000.0,[(t:8.429-v:49840.000)-(t:10.715-v:27724.000)-(t:10.736-v:27704.000)-(t:10.755-v:27700.000)-(t:10.775-v:27590.000)-(t:10.797-v:27587.000)-(t:10.816-v:26829.000)-(t:10.839-v:25758.000)-(t:10.861-v:25629.000)-(t:10.884-v:25428.000)-(t:10.905-v:25414.000)-(t:10.948-v:25247.000)-(t:10.974-v:25228.000)-(t:10.999-v:25181.000)-(t:11.025-v:25102.000)-(t:11.046-v:24920.000)-(t:11.073-v:24908.000)-(t:11.099-v:24296.000)-(t:11.122-v:24285.000)-(t:11.146-v:24118.000)-(t:11.169-v:24084.000)-(t:11.198-v:23739.000)-(t:11.221-v:23197.000)-(t:11.245-v:22199.000)-(t:11.274-v:22027.000)-(t:11.293-v:21533.000)-(t:11.314-v:21501.000)-(t:11.342-v:19925.000)-(t:11.364-v:19915.000)-(t:11.388-v:19863.000)-(t:11.417-v:19361.000)-(t:11.446-v:16718.000)-(t:11.472-v:16648.000)-(t:11.500-v:16627.000)-(t:11.528-v:16444.000)-(t:11.553-v:16410.000)-(t:11.576-v:15731.000)-(t:11.602-v:15544.000)-(t:11.631-v:15465.000)-(t:11.662-v:15368.000)-(t:11.689-v:15034.000)-(t:14.629-v:14703.000)-(t:14.649-v:14538.000)-(t:14.669-v:14519.000)-(t:14.688-v:14458.000)-(t:14.707-v:14316.000)-(t:14.749-v:14238.000)-(t:14.771-v:14153.000)-(t:22.915-v:14147.000)-(t:23.960-v:13878.000)-(t:69.689-v:13620.000)-(t:181.472-v:13446.000)-(t:181.492-v:13342.000)-(t:181.509-v:13173.000)-(t:181.527-v:13086.000)-(t:181.565-v:13044.000)-(t:181.583-v:12849.000)],69.658,[]
dqn,examples/tsp/tsplib/pr299.tsp,r1,300,0,======,83507789.0,[(t:14.641-v:83507.789)],135.324,[]
dqn,examples/tsp/tsplib/rat575.tsp,r1,300,0,======,12931215.0,[(t:19.798-v:12952.222)-(t:21.902-v:12931.215)],153.24,[]
dqn,examples/tsp/tsplib/rd400.tsp,r1,300,0,======,70887817.0,[(t:16.432-v:215563.615)-(t:18.010-v:214522.108)-(t:18.047-v:214354.410)-(t:18.067-v:214038.170)-(t:18.088-v:214028.638)-(t:18.112-v:214022.849)-(t:18.134-v:213842.091)-(t:18.156-v:213810.570)-(t:18.182-v:213554.183)-(t:18.205-v:213291.786)-(t:18.227-v:213285.503)-(t:18.257-v:213214.665)-(t:18.282-v:212905.252)-(t:18.303-v:212784.249)-(t:18.325-v:212747.141)-(t:18.351-v:212704.636)-(t:18.381-v:212147.229)-(t:18.405-v:211081.229)-(t:18.434-v:211045.909)-(t:18.462-v:210731.656)-(t:18.484-v:210627.641)-(t:18.507-v:210499.286)-(t:18.532-v:210462.320)-(t:18.559-v:210383.720)-(t:18.587-v:210259.292)-(t:18.615-v:210033.810)-(t:18.636-v:210016.886)-(t:18.656-v:209999.219)-(t:18.677-v:209812.647)-(t:18.699-v:209693.947)-(t:18.722-v:209228.507)-(t:18.746-v:209095.382)-(t:18.773-v:208743.588)-(t:18.798-v:208688.220)-(t:18.822-v:208529.869)-(t:18.842-v:208514.025)-(t:18.864-v:208438.778)-(t:18.889-v:208288.123)-(t:18.914-v:208084.904)-(t:18.935-v:208081.907)-(t:18.954-v:208076.531)-(t:18.975-v:207730.928)-(t:18.994-v:207713.312)-(t:19.013-v:207390.938)-(t:19.034-v:207332.334)-(t:19.054-v:207314.883)-(t:19.078-v:206916.021)-(t:19.101-v:206879.759)-(t:19.126-v:206734.292)-(t:19.152-v:206537.926)-(t:19.175-v:206526.224)-(t:19.200-v:206463.004)-(t:19.220-v:206132.969)-(t:19.241-v:205909.664)-(t:19.267-v:205732.676)-(t:19.290-v:205546.787)-(t:19.312-v:205474.282)-(t:19.331-v:205467.693)-(t:19.354-v:205178.260)-(t:19.373-v:204913.212)-(t:19.397-v:204907.332)-(t:19.421-v:204707.459)-(t:19.443-v:204705.863)-(t:19.471-v:204576.707)-(t:19.499-v:203490.208)-(t:19.528-v:203480.080)-(t:19.554-v:202834.568)-(t:19.575-v:202794.429)-(t:19.599-v:202782.627)-(t:19.626-v:202681.197)-(t:19.653-v:202434.927)-(t:19.677-v:202430.118)-(t:19.702-v:202080.383)-(t:19.726-v:202067.886)-(t:19.747-v:201897.524)-(t:19.773-v:201873.606)-(t:19.797-v:201868.797)-(t:19.821-v:201839.330)-(t:19.849-v:201714.813)-(t:19.870-v:201704.209)-(t:19.898-v:201599.510)-(t:19.926-v:201591.585)-(t:19.946-v:201573.918)-(t:19.968-v:201499.588)-(t:19.992-v:201462.302)-(t:20.015-v:201414.509)-(t:20.040-v:201325.323)-(t:20.064-v:201269.524)-(t:20.088-v:201178.908)-(t:20.112-v:201012.445)-(t:20.137-v:200972.276)-(t:20.166-v:200478.900)-(t:20.189-v:200351.881)-(t:20.210-v:200280.274)-(t:20.239-v:199819.919)-(t:20.265-v:199813.795)-(t:20.292-v:199807.955)-(t:20.321-v:199736.725)-(t:20.352-v:199659.257)-(t:20.375-v:199559.786)-(t:20.401-v:199527.614)-(t:20.427-v:199458.102)-(t:20.448-v:199446.032)-(t:20.475-v:199424.506)-(t:20.501-v:199347.646)-(t:20.523-v:199316.310)-(t:20.548-v:199227.957)-(t:20.576-v:198988.696)-(t:20.598-v:198838.868)-(t:20.622-v:198799.674)-(t:20.650-v:198792.633)-(t:20.678-v:198367.043)-(t:20.703-v:198249.028)-(t:20.729-v:198243.306)-(t:20.758-v:198113.669)-(t:20.785-v:198091.539)-(t:20.806-v:198089.452)-(t:20.831-v:198041.133)-(t:20.853-v:197923.900)-(t:20.876-v:197763.140)-(t:20.905-v:197693.708)-(t:20.933-v:197248.097)-(t:20.956-v:197148.053)-(t:20.978-v:196891.980)-(t:20.996-v:196843.465)-(t:21.015-v:196703.253)-(t:21.038-v:196639.782)-(t:21.063-v:196636.616)-(t:21.091-v:196434.780)-(t:21.117-v:196433.403)-(t:21.143-v:196416.515)-(t:21.193-v:196389.547)-(t:21.216-v:196312.173)-(t:21.241-v:196310.506)-(t:21.269-v:196308.420)-(t:21.293-v:196302.730)-(t:21.322-v:196267.117)-(t:21.350-v:196254.343)-(t:21.375-v:196167.374)-(t:21.400-v:196134.869)-(t:21.424-v:195704.004)-(t:21.451-v:195563.367)-(t:21.481-v:195501.652)-(t:21.506-v:195430.175)-(t:21.531-v:195424.068)-(t:21.555-v:195353.769)-(t:21.577-v:195153.855)-(t:21.600-v:195135.521)-(t:21.619-v:195009.018)-(t:21.641-v:194975.434)-(t:21.667-v:194402.096)-(t:21.697-v:194155.788)-(t:21.724-v:194153.322)-(t:21.747-v:194052.976)-(t:21.775-v:194043.517)-(t:21.800-v:194040.437)-(t:21.829-v:193779.210)-(t:21.863-v:193750.689)-(t:21.893-v:193436.913)-(t:21.917-v:193297.976)-(t:21.944-v:192524.509)-(t:21.964-v:192523.864)-(t:21.991-v:192486.089)-(t:22.020-v:192040.175)-(t:22.045-v:191953.206)-(t:22.071-v:191750.546)-(t:22.091-v:191746.356)-(t:22.110-v:191729.951)-(t:22.130-v:191695.873)-(t:22.151-v:191562.718)-(t:22.174-v:191555.358)-(t:22.199-v:191527.918)-(t:22.224-v:191374.086)-(t:22.247-v:191353.183)-(t:22.267-v:191299.613)-(t:22.291-v:191215.616)-(t:22.315-v:191213.991)-(t:22.341-v:190785.631)-(t:22.370-v:190761.414)-(t:22.391-v:190758.340)-(t:22.423-v:190525.418)-(t:22.444-v:190523.201)-(t:22.476-v:190413.889)-(t:22.509-v:190238.606)-(t:22.541-v:190106.939)-(t:22.570-v:189882.648)-(t:22.596-v:189881.543)-(t:22.627-v:189813.952)-(t:22.659-v:189813.895)-(t:22.683-v:189734.982)-(t:22.711-v:189690.451)-(t:22.734-v:189673.982)-(t:22.753-v:189660.821)-(t:22.785-v:189578.885)-(t:22.815-v:189299.122)-(t:22.841-v:189275.661)-(t:22.869-v:189255.623)-(t:22.901-v:189244.097)-(t:22.931-v:188857.245)-(t:22.954-v:188583.940)-(t:22.971-v:188538.251)-(t:22.990-v:188468.457)-(t:23.014-v:188356.417)-(t:23.041-v:188347.502)-(t:23.068-v:188334.209)-(t:23.091-v:188257.525)-(t:23.112-v:188240.657)-(t:23.137-v:188193.201)-(t:23.155-v:188184.205)-(t:23.176-v:188184.168)-(t:23.203-v:188134.511)-(t:23.227-v:188053.302)-(t:23.246-v:188042.572)-(t:23.271-v:187987.739)-(t:23.292-v:187845.226)-(t:23.312-v:187790.954)-(t:23.331-v:187770.726)-(t:23.351-v:187707.781)-(t:23.370-v:187564.030)-(t:23.389-v:187556.564)-(t:23.419-v:187492.151)-(t:23.448-v:187304.319)-(t:23.484-v:187218.170)-(t:23.511-v:187128.275)-(t:23.549-v:186752.814)-(t:23.581-v:186708.079)-(t:23.617-v:186682.550)-(t:23.645-v:186679.044)-(t:23.669-v:186609.096)-(t:23.695-v:186508.561)-(t:23.716-v:186336.036)-(t:23.746-v:186334.722)-(t:23.767-v:186280.916)-(t:23.789-v:186245.792)-(t:23.810-v:186011.181)-(t:23.839-v:185990.457)-(t:23.860-v:185734.101)-(t:23.891-v:185652.313)-(t:23.926-v:185511.797)-(t:23.952-v:185511.662)-(t:23.983-v:185406.973)-(t:24.022-v:185258.127)-(t:24.047-v:185230.134)-(t:24.068-v:185228.010)-(t:24.095-v:185013.322)-(t:24.120-v:184971.548)-(t:24.143-v:184917.656)-(t:24.166-v:184814.401)-(t:24.193-v:184571.586)-(t:24.217-v:184529.635)-(t:24.246-v:184487.183)-(t:24.274-v:184458.000)-(t:24.301-v:184429.479)-(t:24.334-v:184191.666)-(t:24.362-v:184139.580)-(t:24.397-v:184071.651)-(t:24.432-v:184006.813)-(t:24.458-v:183993.339)-(t:24.492-v:183928.946)-(t:24.522-v:183805.028)-(t:24.555-v:183756.300)-(t:24.592-v:183489.221)-(t:24.617-v:183482.403)-(t:24.653-v:183231.709)-(t:24.680-v:183205.431)-(t:24.720-v:182870.583)-(t:24.739-v:182867.715)-(t:24.763-v:182655.760)-(t:24.788-v:182610.005)-(t:24.818-v:182373.756)-(t:24.844-v:182371.574)-(t:24.879-v:182283.954)-(t:24.898-v:182277.885)-(t:24.926-v:181889.321)-(t:24.958-v:181830.921)-(t:24.995-v:181674.329)-(t:25.025-v:181643.945)-(t:25.057-v:181227.067)-(t:25.087-v:181110.246)-(t:25.113-v:181067.473)-(t:25.136-v:181049.689)-(t:25.162-v:180937.474)-(t:25.184-v:180912.328)-(t:25.203-v:180705.345)-(t:25.230-v:180700.510)-(t:25.258-v:180508.780)-(t:25.276-v:180482.656)-(t:25.303-v:180443.481)-(t:25.330-v:180417.784)-(t:25.356-v:180417.718)-(t:25.385-v:180397.793)-(t:25.416-v:180261.688)-(t:25.446-v:180133.401)-(t:25.473-v:180098.511)-(t:25.502-v:179783.833)-(t:25.529-v:179715.807)-(t:25.565-v:179694.708)-(t:25.596-v:179681.630)-(t:25.623-v:179661.550)-(t:25.650-v:179659.227)-(t:25.676-v:179614.830)-(t:25.718-v:179590.887)-(t:25.745-v:179323.876)-(t:25.776-v:179219.814)-(t:25.819-v:179175.694)-(t:25.862-v:179003.962)-(t:25.904-v:178986.069)-(t:25.938-v:178950.157)-(t:25.976-v:178935.494)-(t:26.006-v:178908.613)-(t:26.029-v:178825.749)-(t:26.058-v:178792.900)-(t:26.081-v:178747.465)-(t:26.110-v:178476.528)-(t:26.133-v:178462.187)-(t:26.153-v:178461.924)-(t:26.175-v:178459.732)-(t:26.198-v:178413.183)-(t:26.224-v:178339.909)-(t:26.246-v:178285.620)-(t:26.268-v:177869.168)-(t:26.290-v:177865.404)-(t:26.317-v:177672.037)-(t:26.344-v:177658.999)-(t:26.373-v:177579.154)-(t:26.402-v:177169.614)-(t:26.426-v:177136.791)-(t:26.454-v:176995.599)-(t:26.483-v:176590.837)-(t:26.509-v:176549.134)-(t:26.541-v:176446.925)-(t:26.567-v:176431.889)-(t:26.594-v:176429.483)-(t:26.621-v:176380.536)-(t:26.654-v:176242.296)-(t:26.681-v:176210.435)-(t:26.714-v:176075.297)-(t:26.739-v:176058.061)-(t:26.773-v:176052.043)-(t:26.796-v:176015.057)-(t:26.831-v:175927.412)-(t:26.856-v:175921.385)-(t:26.891-v:175744.178)-(t:26.926-v:175514.132)-(t:26.950-v:175457.586)-(t:26.973-v:175420.375)-(t:27.005-v:175356.563)-(t:27.029-v:175286.089)-(t:27.064-v:175282.893)-(t:27.092-v:175282.504)-(t:27.127-v:175265.350)-(t:27.151-v:175252.030)-(t:27.184-v:175227.393)-(t:27.208-v:175192.659)-(t:27.247-v:174999.958)-(t:27.277-v:174950.537)-(t:27.309-v:174926.186)-(t:27.333-v:174915.180)-(t:27.362-v:174901.451)-(t:27.390-v:174842.233)-(t:27.430-v:174738.161)-(t:27.460-v:174626.060)-(t:27.488-v:174594.911)-(t:27.521-v:174386.424)-(t:27.555-v:174373.714)-(t:27.593-v:174354.024)-(t:27.623-v:174306.807)-(t:27.655-v:174304.365)-(t:27.689-v:174186.313)-(t:27.721-v:174095.801)-(t:27.759-v:173901.517)-(t:27.792-v:173879.383)-(t:27.824-v:173683.253)-(t:27.849-v:173665.440)-(t:27.876-v:173518.214)-(t:27.913-v:173497.228)-(t:27.936-v:173400.774)-(t:27.968-v:173249.633)-(t:28.007-v:173097.201)-(t:28.049-v:173050.255)-(t:28.075-v:173038.555)-(t:28.097-v:173036.341)-(t:28.126-v:173018.258)-(t:28.150-v:172964.710)-(t:28.173-v:172901.915)-(t:28.206-v:172886.522)-(t:28.249-v:172822.051)-(t:28.283-v:172722.528)-(t:28.314-v:172595.905)-(t:28.354-v:172234.555)-(t:28.394-v:172102.843)-(t:28.427-v:172102.161)-(t:28.466-v:171988.698)-(t:28.507-v:171912.243)-(t:28.540-v:171849.550)-(t:28.572-v:171785.306)-(t:28.608-v:171751.537)-(t:28.638-v:171678.653)-(t:28.672-v:171630.029)-(t:28.703-v:171629.286)-(t:28.741-v:171627.872)-(t:28.768-v:171587.984)-(t:28.794-v:171548.795)-(t:28.816-v:171541.449)-(t:28.848-v:171414.828)-(t:28.872-v:171340.416)-(t:28.898-v:171338.858)-(t:28.935-v:171161.321)-(t:28.969-v:170959.795)-(t:28.996-v:170957.016)-(t:29.038-v:170897.286)-(t:29.063-v:170890.616)-(t:29.086-v:170817.521)-(t:29.119-v:170814.321)-(t:29.151-v:170811.814)-(t:29.175-v:170802.199)-(t:29.202-v:170785.803)-(t:29.248-v:170778.138)-(t:29.276-v:170715.018)-(t:29.302-v:170653.829)-(t:29.343-v:170636.620)-(t:29.369-v:170582.356)-(t:29.397-v:170562.798)-(t:29.421-v:170507.934)-(t:29.449-v:170485.071)-(t:29.478-v:170454.320)-(t:29.510-v:170405.304)-(t:29.536-v:170215.098)-(t:29.564-v:170191.749)-(t:29.602-v:170113.813)-(t:29.635-v:170105.415)-(t:29.663-v:170011.111)-(t:29.692-v:170004.813)-(t:29.726-v:169989.577)-(t:29.767-v:169905.696)-(t:29.795-v:169904.825)-(t:29.824-v:169898.216)-(t:29.858-v:169771.371)-(t:29.898-v:169660.150)-(t:29.929-v:169657.038)-(t:29.964-v:169649.375)-(t:30.009-v:169550.760)-(t:30.059-v:169451.052)-(t:30.097-v:169382.721)-(t:30.131-v:169271.663)-(t:30.168-v:169253.394)-(t:30.209-v:169167.054)-(t:30.245-v:169134.371)-(t:30.274-v:169074.013)-(t:30.307-v:168972.913)-(t:30.337-v:168742.437)-(t:30.371-v:168420.727)-(t:30.420-v:168127.996)-(t:30.445-v:168124.115)-(t:30.473-v:168093.190)-(t:30.520-v:167743.246)-(t:30.553-v:167735.349)-(t:30.595-v:167708.284)-(t:30.638-v:167668.835)-(t:30.667-v:167621.968)-(t:30.703-v:167470.520)-(t:30.742-v:166962.643)-(t:30.782-v:166775.272)-(t:30.808-v:166679.162)-(t:30.837-v:166532.177)-(t:30.866-v:166522.035)-(t:30.903-v:166046.536)-(t:30.931-v:166044.001)-(t:30.966-v:166027.123)-(t:31.007-v:165975.416)-(t:31.048-v:165916.243)-(t:31.085-v:165501.911)-(t:31.115-v:165477.906)-(t:31.150-v:165443.096)-(t:31.186-v:165174.765)-(t:31.209-v:165142.741)-(t:31.239-v:165035.787)-(t:31.267-v:164918.964)-(t:31.295-v:164892.856)-(t:31.329-v:164618.886)-(t:31.361-v:164252.320)-(t:31.387-v:164228.304)-(t:31.423-v:164127.387)-(t:31.454-v:163969.648)-(t:31.491-v:163907.430)-(t:31.528-v:163609.403)-(t:31.551-v:163520.272)-(t:31.586-v:163505.456)-(t:31.625-v:163457.043)-(t:31.648-v:163427.244)-(t:31.669-v:163310.647)-(t:31.692-v:163222.615)-(t:31.729-v:163160.111)-(t:31.770-v:163151.004)-(t:31.811-v:162929.350)-(t:31.838-v:162912.537)-(t:31.887-v:162861.486)-(t:31.916-v:162765.810)-(t:31.945-v:162764.252)-(t:31.986-v:162315.810)-(t:32.010-v:162225.573)-(t:32.034-v:162150.122)-(t:32.070-v:161957.293)-(t:32.111-v:161947.438)-(t:32.159-v:161600.208)-(t:32.206-v:161484.232)-(t:32.254-v:161404.705)-(t:32.286-v:161399.488)-(t:32.311-v:161397.611)-(t:32.339-v:161381.145)-(t:32.365-v:161322.438)-(t:32.414-v:160774.440)-(t:32.460-v:160180.120)-(t:32.486-v:160121.328)-(t:32.514-v:159995.833)-(t:32.540-v:159938.747)-(t:32.568-v:159936.240)-(t:32.597-v:159912.213)-(t:32.620-v:159885.196)-(t:32.646-v:159862.044)-(t:32.686-v:159860.588)-(t:32.730-v:159561.098)-(t:32.776-v:159531.973)-(t:32.825-v:159426.197)-(t:32.860-v:159370.850)-(t:32.883-v:159343.170)-(t:32.903-v:159205.324)-(t:32.923-v:159146.174)-(t:32.958-v:159120.908)-(t:32.987-v:159109.481)-(t:33.018-v:159060.114)-(t:33.046-v:158970.071)-(t:33.075-v:158962.221)-(t:33.100-v:158958.393)-(t:33.129-v:158907.109)-(t:33.156-v:158906.372)-(t:33.192-v:158853.938)-(t:33.218-v:158841.326)-(t:33.250-v:158819.359)-(t:33.291-v:158639.323)-(t:33.319-v:158631.638)-(t:33.360-v:158466.710)-(t:33.400-v:158270.621)-(t:33.432-v:158228.694)-(t:33.476-v:158148.449)-(t:33.514-v:158130.982)-(t:33.544-v:158083.370)-(t:33.574-v:158056.453)-(t:33.614-v:157589.035)-(t:33.639-v:157562.360)-(t:33.665-v:157511.757)-(t:33.688-v:157482.841)-(t:33.730-v:157217.646)-(t:33.756-v:157200.998)-(t:33.783-v:157085.957)-(t:33.813-v:157070.701)-(t:33.840-v:157024.245)-(t:33.866-v:156943.168)-(t:33.899-v:156936.746)-(t:33.940-v:156911.564)-(t:33.974-v:156626.983)-(t:34.015-v:156611.657)-(t:34.058-v:156214.411)-(t:34.105-v:156185.807)-(t:34.156-v:156111.350)-(t:34.206-v:156076.945)-(t:34.256-v:156076.410)-(t:34.309-v:155833.553)-(t:34.345-v:155818.219)-(t:34.393-v:155818.091)-(t:34.432-v:155796.017)-(t:34.481-v:155788.309)-(t:34.514-v:155728.376)-(t:34.556-v:155705.304)-(t:34.600-v:155579.346)-(t:34.632-v:155556.387)-(t:34.684-v:155468.342)-(t:34.705-v:155311.098)-(t:34.749-v:155310.304)-(t:34.795-v:155256.250)-(t:34.825-v:155237.717)-(t:34.854-v:155237.611)-(t:34.881-v:155206.233)-(t:34.918-v:155205.687)-(t:34.963-v:155195.288)-(t:34.987-v:155181.214)-(t:35.033-v:155057.354)-(t:35.071-v:155044.046)-(t:35.110-v:155042.533)-(t:35.159-v:154995.740)-(t:35.194-v:154931.868)-(t:35.229-v:154865.462)-(t:35.253-v:154676.463)-(t:35.286-v:154670.039)-(t:35.326-v:154495.240)-(t:35.368-v:154345.766)-(t:35.396-v:154333.020)-(t:35.423-v:154062.010)-(t:35.451-v:154049.285)-(t:35.494-v:153784.938)-(t:35.520-v:153780.775)-(t:35.552-v:153770.471)-(t:35.580-v:153757.857)-(t:35.625-v:153752.180)-(t:35.676-v:153724.929)-(t:35.701-v:153716.430)-(t:35.730-v:153708.387)-(t:35.774-v:153696.636)-(t:35.798-v:153681.926)-(t:35.834-v:153419.341)-(t:35.873-v:153412.188)-(t:35.919-v:153400.017)-(t:35.964-v:153279.642)-(t:35.986-v:153254.053)-(t:36.017-v:153247.602)-(t:36.056-v:153220.097)-(t:36.096-v:153113.616)-(t:36.143-v:153064.893)-(t:36.173-v:153055.160)-(t:36.205-v:152472.275)-(t:36.234-v:152472.228)-(t:36.277-v:152211.766)-(t:36.300-v:152202.720)-(t:36.327-v:152197.421)-(t:36.352-v:152127.306)-(t:36.377-v:152125.591)-(t:36.416-v:152104.406)-(t:36.443-v:152086.217)-(t:36.476-v:152070.173)-(t:36.503-v:151963.269)-(t:36.538-v:151959.550)-(t:36.575-v:151885.232)-(t:36.612-v:151842.774)-(t:36.641-v:151806.700)-(t:36.666-v:151690.670)-(t:36.690-v:151526.395)-(t:36.715-v:151524.473)-(t:36.750-v:151470.631)-(t:36.784-v:151425.853)-(t:36.812-v:151029.489)-(t:36.837-v:150962.308)-(t:36.868-v:150885.715)-(t:36.900-v:149762.176)-(t:36.925-v:149741.778)-(t:36.948-v:149725.398)-(t:36.972-v:149722.019)-(t:36.994-v:149703.205)-(t:37.023-v:149682.035)-(t:37.047-v:149605.599)-(t:37.077-v:149523.122)-(t:37.107-v:149503.684)-(t:37.138-v:149275.292)-(t:37.168-v:149004.104)-(t:37.193-v:148986.301)-(t:37.215-v:148986.133)-(t:37.236-v:148922.704)-(t:37.257-v:148895.744)-(t:37.279-v:148886.032)-(t:37.298-v:148825.761)-(t:37.326-v:148799.331)-(t:37.349-v:148749.373)-(t:37.373-v:148733.051)-(t:37.401-v:148704.248)-(t:37.422-v:148605.567)-(t:37.445-v:148596.337)-(t:37.466-v:148511.937)-(t:37.500-v:148433.694)-(t:37.520-v:148416.517)-(t:37.541-v:148405.901)-(t:37.570-v:148399.536)-(t:37.591-v:148336.214)-(t:37.625-v:147919.988)-(t:37.664-v:147601.670)-(t:37.703-v:147526.986)-(t:37.730-v:147487.919)-(t:37.756-v:147477.467)-(t:37.788-v:147469.755)-(t:37.810-v:147450.211)-(t:37.835-v:147376.500)-(t:37.857-v:147372.240)-(t:37.883-v:147364.173)-(t:37.917-v:147296.985)-(t:37.943-v:147219.074)-(t:37.972-v:147081.397)-(t:37.994-v:147080.856)-(t:38.026-v:147079.141)-(t:38.056-v:146957.777)-(t:38.083-v:146957.169)-(t:38.107-v:146939.681)-(t:38.140-v:146876.556)-(t:38.176-v:146869.295)-(t:38.209-v:146848.676)-(t:38.245-v:146774.801)-(t:38.285-v:146773.699)-(t:38.328-v:146740.459)-(t:38.367-v:146739.226)-(t:38.406-v:146576.326)-(t:38.436-v:146545.449)-(t:38.464-v:146530.026)-(t:38.490-v:146387.289)-(t:38.528-v:145954.998)-(t:38.568-v:145770.317)-(t:38.591-v:145647.903)-(t:38.616-v:145617.655)-(t:38.646-v:145616.237)-(t:38.670-v:145571.215)-(t:38.705-v:145557.735)-(t:38.736-v:145478.762)-(t:38.772-v:145447.211)-(t:38.816-v:145265.936)-(t:38.846-v:145243.028)-(t:38.878-v:145191.677)-(t:38.911-v:145166.221)-(t:38.950-v:145148.252)-(t:38.989-v:144831.570)-(t:39.015-v:144785.384)-(t:39.039-v:144755.118)-(t:39.065-v:144754.999)-(t:39.094-v:144694.904)-(t:39.128-v:144690.904)-(t:39.168-v:144688.038)-(t:39.203-v:144118.734)-(t:39.235-v:144095.717)-(t:39.267-v:144050.897)-(t:39.292-v:144034.487)-(t:39.319-v:143900.777)-(t:39.354-v:143486.391)-(t:39.389-v:143321.535)-(t:39.415-v:143314.060)-(t:39.440-v:142941.564)-(t:39.469-v:142938.959)-(t:39.507-v:142792.149)-(t:39.536-v:142678.423)-(t:39.565-v:142650.862)-(t:39.592-v:142571.151)-(t:39.625-v:142397.973)-(t:39.659-v:142397.116)-(t:39.690-v:142370.605)-(t:39.727-v:142304.788)-(t:39.757-v:142062.462)-(t:39.783-v:142045.603)-(t:39.809-v:141690.543)-(t:39.845-v:141657.388)-(t:39.880-v:141613.529)-(t:39.904-v:141598.450)-(t:39.929-v:141597.048)-(t:39.958-v:141451.710)-(t:39.980-v:141395.219)-(t:40.014-v:141269.431)-(t:40.048-v:141010.782)-(t:40.082-v:140896.450)-(t:40.114-v:140886.978)-(t:40.147-v:140885.858)-(t:40.192-v:140759.094)-(t:40.238-v:139991.483)-(t:40.266-v:139989.968)-(t:40.294-v:139673.610)-(t:40.332-v:139661.602)-(t:40.380-v:139636.563)-(t:40.424-v:139282.750)-(t:40.450-v:139206.860)-(t:40.498-v:139097.885)-(t:40.537-v:139069.285)-(t:40.576-v:138954.953)-(t:40.615-v:138890.227)-(t:40.648-v:138788.967)-(t:40.681-v:138533.735)-(t:40.708-v:138530.656)-(t:40.738-v:138290.547)-(t:40.772-v:137428.067)-(t:40.795-v:137413.005)-(t:40.827-v:137406.541)-(t:40.860-v:137211.957)-(t:40.883-v:137125.966)-(t:40.906-v:137079.083)-(t:40.933-v:137010.930)-(t:40.966-v:136928.593)-(t:41.008-v:136439.249)-(t:41.032-v:136437.144)-(t:41.069-v:136396.578)-(t:41.096-v:136387.449)-(t:41.123-v:136175.166)-(t:41.156-v:136170.847)-(t:41.177-v:136149.258)-(t:41.205-v:136041.875)-(t:41.227-v:135995.614)-(t:41.258-v:135959.509)-(t:41.284-v:135958.754)-(t:41.318-v:135952.693)-(t:41.342-v:135896.110)-(t:41.371-v:135878.459)-(t:41.399-v:135855.810)-(t:41.428-v:135798.651)-(t:41.457-v:135775.275)-(t:41.483-v:135749.304)-(t:41.516-v:135745.248)-(t:41.555-v:135684.877)-(t:41.600-v:135648.742)-(t:41.636-v:135613.568)-(t:41.663-v:135608.474)-(t:41.698-v:135604.021)-(t:41.739-v:135566.346)-(t:41.773-v:135512.876)-(t:41.814-v:135494.097)-(t:41.858-v:135470.735)-(t:41.904-v:134894.854)-(t:41.949-v:134861.204)-(t:41.997-v:134529.480)-(t:42.031-v:134501.787)-(t:42.061-v:134493.741)-(t:42.090-v:134493.114)-(t:42.130-v:134367.065)-(t:42.169-v:134318.006)-(t:42.213-v:134268.697)-(t:42.255-v:134264.934)-(t:42.300-v:134076.807)-(t:42.332-v:134074.439)-(t:42.363-v:133911.765)-(t:42.403-v:133473.201)-(t:42.432-v:133465.731)-(t:42.458-v:133366.644)-(t:42.485-v:133336.617)-(t:42.519-v:133205.390)-(t:42.543-v:133129.979)-(t:42.567-v:133016.594)-(t:42.600-v:133015.561)-(t:42.623-v:132830.172)-(t:42.657-v:132828.694)-(t:42.693-v:132764.874)-(t:42.725-v:132762.228)-(t:42.757-v:132723.179)-(t:42.799-v:132697.821)-(t:42.824-v:132695.588)-(t:42.848-v:132646.184)-(t:42.886-v:132282.079)-(t:42.908-v:132212.630)-(t:42.932-v:132164.392)-(t:42.953-v:132159.341)-(t:42.976-v:132148.700)-(t:42.996-v:132129.631)-(t:43.022-v:132111.472)-(t:43.051-v:132100.733)-(t:43.088-v:132088.045)-(t:43.114-v:131968.534)-(t:43.153-v:131786.600)-(t:43.173-v:131749.958)-(t:43.194-v:131749.422)-(t:43.214-v:131746.898)-(t:43.233-v:131744.976)-(t:43.262-v:131692.486)-(t:43.290-v:131562.048)-(t:43.313-v:131542.520)-(t:43.338-v:131419.808)-(t:43.358-v:131398.127)-(t:43.388-v:131381.454)-(t:43.423-v:131123.696)-(t:43.454-v:131070.226)-(t:43.496-v:131046.261)-(t:43.524-v:131029.337)-(t:43.546-v:131017.449)-(t:43.570-v:130987.748)-(t:43.591-v:130985.168)-(t:43.618-v:130917.400)-(t:43.642-v:130914.865)-(t:43.667-v:130748.265)-(t:43.697-v:130707.494)-(t:43.723-v:130697.915)-(t:43.758-v:130653.770)-(t:43.782-v:130647.747)-(t:43.805-v:130532.101)-(t:43.824-v:130521.568)-(t:43.849-v:130440.243)-(t:43.884-v:130434.506)-(t:43.927-v:130252.919)-(t:43.949-v:130245.798)-(t:43.974-v:130237.807)-(t:44.000-v:130178.800)-(t:44.039-v:130026.899)-(t:44.085-v:129954.940)-(t:44.123-v:129890.230)-(t:44.157-v:129888.663)-(t:44.192-v:129879.697)-(t:44.223-v:129874.478)-(t:44.254-v:129872.779)-(t:44.293-v:129852.505)-(t:44.341-v:129818.374)-(t:44.387-v:129808.592)-(t:44.438-v:129627.849)-(t:44.469-v:129623.452)-(t:44.506-v:129613.261)-(t:44.552-v:129598.229)-(t:44.585-v:129566.492)-(t:44.618-v:129547.705)-(t:44.640-v:129491.658)-(t:44.661-v:129276.278)-(t:44.682-v:129115.518)-(t:44.714-v:129112.138)-(t:44.749-v:129061.873)-(t:44.777-v:129050.698)-(t:44.810-v:128651.773)-(t:44.836-v:128638.748)-(t:44.859-v:128638.183)-(t:44.892-v:128520.601)-(t:44.919-v:128513.557)-(t:44.944-v:128462.258)-(t:44.969-v:128369.727)-(t:44.990-v:128319.397)-(t:45.009-v:128222.401)-(t:45.029-v:128217.071)-(t:45.052-v:128178.576)-(t:45.071-v:128122.783)-(t:45.087-v:128011.023)-(t:45.113-v:128010.940)-(t:45.142-v:127955.011)-(t:45.160-v:127833.593)-(t:45.184-v:127823.264)-(t:45.219-v:127800.693)-(t:45.249-v:127747.223)-(t:45.287-v:127725.191)-(t:45.331-v:127323.563)-(t:45.355-v:127305.519)-(t:45.382-v:127298.004)-(t:45.413-v:127295.808)-(t:45.448-v:126928.430)-(t:45.471-v:126703.847)-(t:45.512-v:126620.388)-(t:45.541-v:126560.758)-(t:45.579-v:126485.580)-(t:45.614-v:126449.321)-(t:45.640-v:126416.921)-(t:45.663-v:126408.430)-(t:45.692-v:126381.749)-(t:45.729-v:126353.185)-(t:45.750-v:126273.993)-(t:45.777-v:126215.692)-(t:45.813-v:126050.312)-(t:45.845-v:125996.842)-(t:45.897-v:125790.130)-(t:45.918-v:125730.462)-(t:45.945-v:125691.774)-(t:45.990-v:125536.412)-(t:46.018-v:125518.705)-(t:46.045-v:125449.771)-(t:46.071-v:125439.457)-(t:46.098-v:125406.360)-(t:46.133-v:125208.386)-(t:46.156-v:125020.715)-(t:46.178-v:125020.666)-(t:46.209-v:124976.478)-(t:46.243-v:124913.167)-(t:46.265-v:124912.712)-(t:46.295-v:124831.334)-(t:46.324-v:124805.205)-(t:46.363-v:124662.580)-(t:46.397-v:124632.825)-(t:46.434-v:124420.249)-(t:46.471-v:124385.183)-(t:46.511-v:124369.594)-(t:46.536-v:124353.956)-(t:46.563-v:124323.194)-(t:46.595-v:124241.387)-(t:46.630-v:124209.147)-(t:46.661-v:124036.691)-(t:46.689-v:124034.421)-(t:46.719-v:123721.354)-(t:46.743-v:123699.628)-(t:46.767-v:123635.576)-(t:46.789-v:123630.461)-(t:46.830-v:123225.027)-(t:46.856-v:123197.549)-(t:46.901-v:122891.225)-(t:46.928-v:122822.291)-(t:46.960-v:122818.870)-(t:47.005-v:122486.505)-(t:47.044-v:122484.269)-(t:47.084-v:122464.008)-(t:47.125-v:121972.679)-(t:47.150-v:121967.314)-(t:47.178-v:121943.962)-(t:47.205-v:121904.138)-(t:47.231-v:121841.134)-(t:47.257-v:121747.169)-(t:47.299-v:121704.292)-(t:47.322-v:121643.931)-(t:47.352-v:121641.262)-(t:47.379-v:121622.750)-(t:47.420-v:121601.521)-(t:47.462-v:121570.450)-(t:47.495-v:121569.879)-(t:47.532-v:121552.540)-(t:47.561-v:121455.300)-(t:47.592-v:121333.590)-(t:47.614-v:121332.537)-(t:47.636-v:121257.275)-(t:47.663-v:121230.078)-(t:47.690-v:121220.952)-(t:47.723-v:121211.033)-(t:47.761-v:121177.091)-(t:47.802-v:121170.257)-(t:47.832-v:121143.845)-(t:47.870-v:121141.321)-(t:47.894-v:120987.655)-(t:47.930-v:120964.537)-(t:47.964-v:120875.032)-(t:47.997-v:120868.756)-(t:48.034-v:120828.000)-(t:48.070-v:120810.651)-(t:48.113-v:120517.518)-(t:48.139-v:120510.342)-(t:48.160-v:120478.452)-(t:48.182-v:120476.279)-(t:48.204-v:120466.757)-(t:48.237-v:120450.063)-(t:48.281-v:120107.673)-(t:48.319-v:120104.006)-(t:48.355-v:119831.805)-(t:48.389-v:119792.478)-(t:48.444-v:119641.245)-(t:48.475-v:119578.419)-(t:48.528-v:119569.338)-(t:48.568-v:119503.903)-(t:48.616-v:119090.725)-(t:48.642-v:119002.930)-(t:48.672-v:118993.943)-(t:48.710-v:118977.354)-(t:48.732-v:118971.377)-(t:48.769-v:118939.064)-(t:48.809-v:118838.690)-(t:48.833-v:118820.855)-(t:48.860-v:118810.290)-(t:48.883-v:118718.764)-(t:48.907-v:118602.806)-(t:48.929-v:118359.447)-(t:48.966-v:118344.568)-(t:48.991-v:118309.522)-(t:49.028-v:118298.096)-(t:49.075-v:117962.955)-(t:49.115-v:117958.322)-(t:49.141-v:117879.814)-(t:49.186-v:117854.051)-(t:49.233-v:117634.212)-(t:49.269-v:117575.284)-(t:49.298-v:117550.410)-(t:49.321-v:117477.962)-(t:49.354-v:117477.710)-(t:49.380-v:117441.278)-(t:49.416-v:117429.930)-(t:49.460-v:117204.443)-(t:49.489-v:117190.932)-(t:49.527-v:117098.785)-(t:49.558-v:117079.585)-(t:49.594-v:116868.058)-(t:49.623-v:116759.600)-(t:49.660-v:116682.711)-(t:49.690-v:116674.908)-(t:49.730-v:116670.906)-(t:49.768-v:116599.764)-(t:49.797-v:116533.177)-(t:49.836-v:116219.851)-(t:49.881-v:115775.538)-(t:49.903-v:115766.085)-(t:49.941-v:115630.349)-(t:49.988-v:115588.349)-(t:50.029-v:115568.356)-(t:50.079-v:115283.582)-(t:50.124-v:115217.473)-(t:50.154-v:115137.719)-(t:50.187-v:115132.959)-(t:50.219-v:115123.759)-(t:50.241-v:115123.469)-(t:50.266-v:114607.920)-(t:50.303-v:114339.632)-(t:50.338-v:114335.372)-(t:50.386-v:114201.005)-(t:50.429-v:113412.215)-(t:50.463-v:113405.804)-(t:50.498-v:113394.176)-(t:50.536-v:113216.502)-(t:50.565-v:113102.113)-(t:50.596-v:113097.114)-(t:50.628-v:112784.586)-(t:50.653-v:112784.254)-(t:50.689-v:112780.354)-(t:50.728-v:112730.679)-(t:50.756-v:112677.088)-(t:50.787-v:112592.668)-(t:50.827-v:112587.438)-(t:50.860-v:112165.875)-(t:50.895-v:111947.081)-(t:50.938-v:111376.748)-(t:50.967-v:111327.700)-(t:50.993-v:111305.964)-(t:51.022-v:111260.081)-(t:51.052-v:111259.233)-(t:51.072-v:111199.599)-(t:51.093-v:111186.535)-(t:51.115-v:111113.667)-(t:51.157-v:110817.030)-(t:51.179-v:110817.019)-(t:51.201-v:110814.928)-(t:51.223-v:110719.144)-(t:51.243-v:110697.937)-(t:51.269-v:110697.004)-(t:51.301-v:110511.963)-(t:51.322-v:110416.793)-(t:51.354-v:110396.380)-(t:51.392-v:110196.638)-(t:51.441-v:110118.613)-(t:51.467-v:110106.714)-(t:51.505-v:110096.784)-(t:51.546-v:110063.698)-(t:51.593-v:110036.880)-(t:51.627-v:110027.359)-(t:51.662-v:109986.009)-(t:51.693-v:109977.569)-(t:51.724-v:109839.806)-(t:51.749-v:109798.896)-(t:51.786-v:109703.449)-(t:51.811-v:109685.031)-(t:51.838-v:109624.837)-(t:51.885-v:109606.454)-(t:51.914-v:109587.561)-(t:51.955-v:109568.479)-(t:51.981-v:109536.452)-(t:52.016-v:109533.225)-(t:52.053-v:109466.874)-(t:52.098-v:109236.991)-(t:52.134-v:109190.882)-(t:52.171-v:109185.501)-(t:52.199-v:109178.165)-(t:52.233-v:109175.755)-(t:52.274-v:109042.984)-(t:52.304-v:109030.716)-(t:52.340-v:108441.223)-(t:52.362-v:108429.845)-(t:52.387-v:108352.474)-(t:52.410-v:108222.165)-(t:52.444-v:108174.474)-(t:52.485-v:108160.173)-(t:52.525-v:107991.523)-(t:52.550-v:107991.367)-(t:52.579-v:107932.078)-(t:52.606-v:107870.413)-(t:52.633-v:107801.649)-(t:52.674-v:107646.637)-(t:52.696-v:107639.695)-(t:52.727-v:107596.753)-(t:52.761-v:107240.768)-(t:52.789-v:107182.191)-(t:52.819-v:107178.381)-(t:52.843-v:107171.045)-(t:52.875-v:107154.258)-(t:52.900-v:107151.845)-(t:52.936-v:107119.532)-(t:52.980-v:107115.319)-(t:53.008-v:107041.490)-(t:53.054-v:107006.012)-(t:53.083-v:106923.740)-(t:53.115-v:106922.874)-(t:53.140-v:106893.767)-(t:53.192-v:106444.168)-(t:53.218-v:106443.801)-(t:53.252-v:106399.534)-(t:53.286-v:106381.280)-(t:53.304-v:106249.363)-(t:53.333-v:106217.050)-(t:53.355-v:106154.479)-(t:53.375-v:106124.726)-(t:53.412-v:105448.194)-(t:53.428-v:105404.467)-(t:53.450-v:105299.948)-(t:53.472-v:105295.993)-(t:53.500-v:105254.211)-(t:53.526-v:105201.204)-(t:53.549-v:105200.694)-(t:53.577-v:105185.739)-(t:53.606-v:105145.058)-(t:53.628-v:105130.947)-(t:53.656-v:105125.701)-(t:53.677-v:105048.222)-(t:53.703-v:104975.060)-(t:53.735-v:104947.464)-(t:53.757-v:104880.734)-(t:53.792-v:104844.066)-(t:53.825-v:104774.332)-(t:53.866-v:104767.066)-(t:53.907-v:104595.993)-(t:53.937-v:104553.787)-(t:53.965-v:104552.310)-(t:53.991-v:104471.073)-(t:54.031-v:104435.049)-(t:54.057-v:104408.764)-(t:54.089-v:104220.079)-(t:54.127-v:104208.883)-(t:54.155-v:104204.529)-(t:54.183-v:104189.220)-(t:54.217-v:104187.490)-(t:54.240-v:104175.844)-(t:54.286-v:104090.432)-(t:54.325-v:103905.445)-(t:54.349-v:103835.195)-(t:54.379-v:103745.626)-(t:54.416-v:102446.880)-(t:54.441-v:102416.209)-(t:54.460-v:102412.404)-(t:54.481-v:102408.005)-(t:54.500-v:102372.522)-(t:54.522-v:102347.283)-(t:54.552-v:102300.473)-(t:54.571-v:102115.377)-(t:54.605-v:102078.228)-(t:54.628-v:102029.226)-(t:54.670-v:101975.272)-(t:54.694-v:101803.439)-(t:54.735-v:101796.389)-(t:54.780-v:101728.014)-(t:54.808-v:101723.754)-(t:54.854-v:101698.728)-(t:54.902-v:101689.478)-(t:54.933-v:101682.874)-(t:54.964-v:101673.953)-(t:55.005-v:101578.158)-(t:55.033-v:101574.829)-(t:55.062-v:101479.872)-(t:55.111-v:101466.936)-(t:55.139-v:101425.026)-(t:55.179-v:101398.224)-(t:55.209-v:101345.582)-(t:55.254-v:101095.693)-(t:55.279-v:101093.191)-(t:55.306-v:101085.523)-(t:55.333-v:101047.378)-(t:55.368-v:100974.531)-(t:55.393-v:100952.858)-(t:55.421-v:100906.291)-(t:55.446-v:100847.684)-(t:55.489-v:100767.127)-(t:55.515-v:100752.656)-(t:55.545-v:100752.180)-(t:55.571-v:100642.377)-(t:55.609-v:100075.801)-(t:55.630-v:100062.888)-(t:55.654-v:100044.855)-(t:55.683-v:99792.030)-(t:55.707-v:99755.598)-(t:55.739-v:99747.132)-(t:55.778-v:99636.251)-(t:55.802-v:99631.253)-(t:55.829-v:99486.908)-(t:55.852-v:99430.742)-(t:55.875-v:99429.906)-(t:55.899-v:99418.300)-(t:55.923-v:99417.472)-(t:55.946-v:99376.603)-(t:55.967-v:99357.710)-(t:55.991-v:99183.566)-(t:56.018-v:99167.748)-(t:56.047-v:99163.177)-(t:56.070-v:99161.193)-(t:56.093-v:99093.905)-(t:56.118-v:98966.041)-(t:56.139-v:98962.983)-(t:56.160-v:98666.835)-(t:56.183-v:98664.154)-(t:56.212-v:98649.150)-(t:56.240-v:98619.623)-(t:56.263-v:98429.922)-(t:56.294-v:98369.549)-(t:56.324-v:98349.607)-(t:56.357-v:98329.585)-(t:56.389-v:98318.849)-(t:56.421-v:98306.488)-(t:56.457-v:98233.521)-(t:56.492-v:98219.390)-(t:56.538-v:98065.260)-(t:56.588-v:97658.906)-(t:56.619-v:97648.875)-(t:56.648-v:97622.561)-(t:56.690-v:97514.664)-(t:56.742-v:97507.107)-(t:56.771-v:97505.173)-(t:56.825-v:97260.783)-(t:56.860-v:97250.533)-(t:56.901-v:97226.156)-(t:56.937-v:97056.379)-(t:56.985-v:96837.554)-(t:57.029-v:96636.236)-(t:57.063-v:96588.506)-(t:57.097-v:96542.615)-(t:57.122-v:96538.506)-(t:57.154-v:96522.253)-(t:57.194-v:96410.884)-(t:57.237-v:96375.186)-(t:57.285-v:95923.589)-(t:57.313-v:95886.783)-(t:57.340-v:95837.793)-(t:57.364-v:95694.004)-(t:57.387-v:95611.973)-(t:57.411-v:95608.040)-(t:57.438-v:95568.272)-(t:57.465-v:95528.532)-(t:57.494-v:95446.566)-(t:57.526-v:95428.696)-(t:57.570-v:95419.664)-(t:57.600-v:95375.711)-(t:57.642-v:95350.930)-(t:57.667-v:95260.104)-(t:57.705-v:94953.079)-(t:57.736-v:94868.367)-(t:57.777-v:94768.255)-(t:57.814-v:94537.647)-(t:57.839-v:94472.842)-(t:57.869-v:94457.426)-(t:57.898-v:94412.006)-(t:57.920-v:94371.635)-(t:57.966-v:94366.495)-(t:57.993-v:94149.201)-(t:58.016-v:94047.316)-(t:58.042-v:93995.604)-(t:58.068-v:93990.799)-(t:58.091-v:93976.661)-(t:58.124-v:93945.177)-(t:58.150-v:93931.103)-(t:58.197-v:93812.231)-(t:58.224-v:93737.771)-(t:58.272-v:93491.338)-(t:58.321-v:93358.342)-(t:58.347-v:93335.450)-(t:58.369-v:93318.200)-(t:58.398-v:93299.664)-(t:58.435-v:93268.437)-(t:58.453-v:93160.353)-(t:58.483-v:93137.235)-(t:58.516-v:92908.306)-(t:58.546-v:92870.804)-(t:58.574-v:92798.389)-(t:58.603-v:92762.400)-(t:58.646-v:92243.134)-(t:58.676-v:92232.318)-(t:58.704-v:92211.446)-(t:58.726-v:92198.903)-(t:58.766-v:92189.373)-(t:58.788-v:92079.195)-(t:58.819-v:92065.028)-(t:58.856-v:92027.032)-(t:58.886-v:92016.587)-(t:58.920-v:91979.115)-(t:58.942-v:91779.665)-(t:58.965-v:91777.097)-(t:58.999-v:91726.375)-(t:59.047-v:91530.913)-(t:59.084-v:91448.877)-(t:59.121-v:91403.433)-(t:59.147-v:91394.344)-(t:59.169-v:91365.787)-(t:59.193-v:91351.375)-(t:59.233-v:90849.985)-(t:59.256-v:90817.885)-(t:59.291-v:90789.805)-(t:59.342-v:90765.215)-(t:59.377-v:90728.082)-(t:59.415-v:90657.459)-(t:59.452-v:90620.625)-(t:59.494-v:90492.256)-(t:59.519-v:90418.942)-(t:59.551-v:90395.521)-(t:59.578-v:90388.385)-(t:59.613-v:90384.160)-(t:59.647-v:90178.453)-(t:59.671-v:90104.174)-(t:59.693-v:90094.847)-(t:59.721-v:90074.870)-(t:59.756-v:89985.186)-(t:59.781-v:89985.138)-(t:59.809-v:89832.426)-(t:59.854-v:89831.728)-(t:59.879-v:89744.621)-(t:59.917-v:89718.277)-(t:59.953-v:89712.375)-(t:60.002-v:89546.322)-(t:60.029-v:89538.356)-(t:60.058-v:89534.393)-(t:60.087-v:89445.738)-(t:60.126-v:89333.333)-(t:60.165-v:89324.007)-(t:60.208-v:89311.910)-(t:60.247-v:89261.897)-(t:60.290-v:89180.519)-(t:60.317-v:88949.650)-(t:60.359-v:88946.915)-(t:60.387-v:88901.250)-(t:60.412-v:88896.797)-(t:60.437-v:88891.198)-(t:60.466-v:88852.113)-(t:60.508-v:88829.937)-(t:60.544-v:88810.659)-(t:60.577-v:88773.008)-(t:60.606-v:88757.851)-(t:60.649-v:88539.053)-(t:60.687-v:88537.177)-(t:60.723-v:88386.772)-(t:60.778-v:88363.957)-(t:60.818-v:88343.433)-(t:60.875-v:87979.947)-(t:60.910-v:87960.996)-(t:60.952-v:87931.469)-(t:60.982-v:87852.013)-(t:61.019-v:87793.644)-(t:61.046-v:87747.846)-(t:61.068-v:87694.357)-(t:61.098-v:87683.051)-(t:61.119-v:87673.472)-(t:61.159-v:87604.147)-(t:61.183-v:87524.194)-(t:61.205-v:87495.208)-(t:61.227-v:87407.828)-(t:61.265-v:87250.166)-(t:61.300-v:87240.467)-(t:61.339-v:87155.717)-(t:61.382-v:87141.036)-(t:61.432-v:86766.406)-(t:61.458-v:86765.725)-(t:61.486-v:86765.038)-(t:61.510-v:86687.613)-(t:61.536-v:86661.036)-(t:61.557-v:86582.995)-(t:61.578-v:86512.907)-(t:61.625-v:86146.271)-(t:61.658-v:86124.321)-(t:61.688-v:85831.975)-(t:61.734-v:85606.018)-(t:61.765-v:85499.565)-(t:61.790-v:85472.325)-(t:61.813-v:85458.217)-(t:61.839-v:85393.823)-(t:61.867-v:85312.857)-(t:61.890-v:85306.033)-(t:61.913-v:85251.919)-(t:61.934-v:85204.061)-(t:61.977-v:85140.597)-(t:62.001-v:85127.140)-(t:62.031-v:85111.288)-(t:62.066-v:85085.801)-(t:62.115-v:84981.900)-(t:62.145-v:84975.488)-(t:62.179-v:84961.720)-(t:62.226-v:84956.092)-(t:62.254-v:84923.181)-(t:62.286-v:84905.951)-(t:62.322-v:84631.355)-(t:62.353-v:84594.232)-(t:62.388-v:84525.758)-(t:62.435-v:84287.724)-(t:62.464-v:84275.610)-(t:62.491-v:84220.502)-(t:62.517-v:84177.564)-(t:62.549-v:84083.132)-(t:62.576-v:84049.387)-(t:62.611-v:84043.650)-(t:62.657-v:83956.042)-(t:62.682-v:83924.454)-(t:62.710-v:83746.455)-(t:62.732-v:83684.104)-(t:62.778-v:83673.533)-(t:62.808-v:83673.002)-(t:62.831-v:83624.378)-(t:62.869-v:83616.951)-(t:62.906-v:83355.096)-(t:62.935-v:83333.347)-(t:62.984-v:83329.266)-(t:63.029-v:83283.209)-(t:63.054-v:83268.819)-(t:63.088-v:83267.955)-(t:63.136-v:83202.307)-(t:63.163-v:83200.111)-(t:63.194-v:83171.846)-(t:63.226-v:83153.180)-(t:63.266-v:83132.233)-(t:63.295-v:83120.656)-(t:63.339-v:83111.767)-(t:63.367-v:83102.333)-(t:63.396-v:83038.361)-(t:63.422-v:82997.778)-(t:63.453-v:82970.665)-(t:63.476-v:82957.281)-(t:63.502-v:82911.036)-(t:63.545-v:82513.503)-(t:63.571-v:82491.480)-(t:63.597-v:82491.228)-(t:63.624-v:82471.049)-(t:63.650-v:82408.943)-(t:63.676-v:82407.604)-(t:63.697-v:82318.151)-(t:63.730-v:82311.181)-(t:63.775-v:82297.207)-(t:63.806-v:82250.157)-(t:63.838-v:82140.247)-(t:63.880-v:82122.079)-(t:63.905-v:82097.067)-(t:63.933-v:82071.715)-(t:63.955-v:82013.021)-(t:63.985-v:81966.332)-(t:64.006-v:81831.085)-(t:64.032-v:81808.997)-(t:64.065-v:81791.604)-(t:64.109-v:81741.593)-(t:64.136-v:81633.102)-(t:64.181-v:81574.598)-(t:64.229-v:81494.379)-(t:64.253-v:81426.921)-(t:64.281-v:81415.482)-(t:64.311-v:81414.510)-(t:64.339-v:81405.516)-(t:64.384-v:81382.357)-(t:64.413-v:81376.991)-(t:64.460-v:81161.537)-(t:64.484-v:81095.059)-(t:64.509-v:81088.210)-(t:64.544-v:81071.898)-(t:64.567-v:80997.618)-(t:64.620-v:80982.235)-(t:64.641-v:80977.478)-(t:64.664-v:80969.037)-(t:64.685-v:80720.905)-(t:64.707-v:80669.416)-(t:64.754-v:80552.800)-(t:64.782-v:80527.943)-(t:64.812-v:80518.667)-(t:64.864-v:80442.476)-(t:64.899-v:80410.424)-(t:64.936-v:80404.364)-(t:64.968-v:80403.265)-(t:64.993-v:80396.090)-(t:65.023-v:80381.887)-(t:65.055-v:80358.532)-(t:65.101-v:80210.076)-(t:65.133-v:80201.492)-(t:65.171-v:80090.992)-(t:65.201-v:80043.723)-(t:65.242-v:79953.536)-(t:65.282-v:79934.934)-(t:65.316-v:79911.757)-(t:65.357-v:79903.131)-(t:65.388-v:79888.770)-(t:65.431-v:79840.692)-(t:65.462-v:79817.357)-(t:65.504-v:79792.278)-(t:65.541-v:79792.131)-(t:65.594-v:79775.890)-(t:65.626-v:79773.093)-(t:65.657-v:79696.760)-(t:65.687-v:79677.338)-(t:65.716-v:79666.408)-(t:65.754-v:79663.307)-(t:65.808-v:79626.364)-(t:65.835-v:79601.454)-(t:65.863-v:79592.250)-(t:65.887-v:79577.532)-(t:65.912-v:79552.678)-(t:65.935-v:79502.767)-(t:65.959-v:79316.635)-(t:65.981-v:79266.127)-(t:66.025-v:79094.943)-(t:66.046-v:79054.427)-(t:66.070-v:78966.453)-(t:66.101-v:78920.499)-(t:66.147-v:78649.307)-(t:66.176-v:78572.009)-(t:66.202-v:78556.534)-(t:66.225-v:78512.984)-(t:66.248-v:78429.755)-(t:66.270-v:78418.797)-(t:66.293-v:78225.456)-(t:66.320-v:78161.062)-(t:66.342-v:78153.850)-(t:66.364-v:78152.719)-(t:66.396-v:78046.120)-(t:66.432-v:78035.630)-(t:66.486-v:77731.953)-(t:66.506-v:77728.265)-(t:66.528-v:77680.632)-(t:66.549-v:77669.644)-(t:66.571-v:77661.770)-(t:66.595-v:77660.998)-(t:66.621-v:77586.051)-(t:66.649-v:77560.632)-(t:66.682-v:77548.007)-(t:66.715-v:77544.802)-(t:66.745-v:77538.264)-(t:66.788-v:77432.558)-(t:66.826-v:77377.340)-(t:66.866-v:77323.549)-(t:66.906-v:77322.250)-(t:66.960-v:77314.230)-(t:67.002-v:77073.190)-(t:67.054-v:76950.639)-(t:67.080-v:76941.005)-(t:67.110-v:76933.808)-(t:67.134-v:76920.023)-(t:67.167-v:76773.412)-(t:67.218-v:76610.058)-(t:67.247-v:76587.739)-(t:67.305-v:76578.455)-(t:67.353-v:76573.189)-(t:67.395-v:76541.617)-(t:67.442-v:76463.866)-(t:67.476-v:76441.242)-(t:67.512-v:76430.958)-(t:67.544-v:76390.308)-(t:67.575-v:76387.561)-(t:67.616-v:76386.051)-(t:67.653-v:76346.903)-(t:67.685-v:75984.464)-(t:67.719-v:75818.541)-(t:67.765-v:75738.434)-(t:67.795-v:75737.850)-(t:67.823-v:75620.218)-(t:67.854-v:75611.514)-(t:67.900-v:75121.815)-(t:67.933-v:75035.504)-(t:67.975-v:75031.660)-(t:68.013-v:75022.905)-(t:68.040-v:74981.951)-(t:68.073-v:74962.418)-(t:68.099-v:74961.305)-(t:68.139-v:74923.419)-(t:68.186-v:74838.414)-(t:68.214-v:74832.157)-(t:68.276-v:74681.970)-(t:111.369-v:74563.143)-(t:111.408-v:74538.748)-(t:111.437-v:74513.604)-(t:111.468-v:74512.806)-(t:111.499-v:74510.186)-(t:111.537-v:73724.811)-(t:111.562-v:73718.400)-(t:111.603-v:73690.510)-(t:111.630-v:73657.184)-(t:111.672-v:73589.126)-(t:111.695-v:73586.195)-(t:111.717-v:73555.092)-(t:111.738-v:73498.061)-(t:111.766-v:73480.103)-(t:111.786-v:73466.029)-(t:111.831-v:73319.304)-(t:111.856-v:73317.996)-(t:111.889-v:73314.959)-(t:111.917-v:73289.174)-(t:111.958-v:72871.156)-(t:111.981-v:72836.388)-(t:112.006-v:72790.821)-(t:112.037-v:72719.183)-(t:112.075-v:72125.392)-(t:112.102-v:72113.745)-(t:112.131-v:72104.704)-(t:112.172-v:71825.807)-(t:112.194-v:71820.972)-(t:112.215-v:71815.917)-(t:112.238-v:71815.848)-(t:112.263-v:71801.664)-(t:112.286-v:71668.001)-(t:112.312-v:71641.396)-(t:112.346-v:71637.671)-(t:112.380-v:71557.329)-(t:112.418-v:71488.421)-(t:112.440-v:71474.347)-(t:112.480-v:71392.398)-(t:112.510-v:71378.417)-(t:112.556-v:71243.349)-(t:112.579-v:71215.169)-(t:112.624-v:71202.558)-(t:112.652-v:71163.067)-(t:112.698-v:71141.818)-(t:112.723-v:71111.559)-(t:112.742-v:71111.275)-(t:112.773-v:71009.423)-(t:112.794-v:70969.076)-(t:112.813-v:70893.750)-(t:112.845-v:70887.817)],244.189,[]
dqn,examples/tsp/tsplib/rat783.tsp,r1,300,0,======,61693646.0,[(t:24.606-v:72141.088)-(t:26.261-v:71830.561)-(t:26.313-v:71822.860)-(t:26.341-v:71784.624)-(t:26.368-v:71782.339)-(t:26.394-v:71781.912)-(t:26.417-v:71552.990)-(t:26.438-v:71518.958)-(t:26.459-v:71453.638)-(t:26.482-v:71453.612)-(t:26.503-v:71445.873)-(t:26.526-v:71376.594)-(t:26.547-v:71375.144)-(t:26.571-v:71340.985)-(t:26.598-v:71241.371)-(t:26.620-v:71187.114)-(t:26.648-v:71182.566)-(t:26.672-v:71178.680)-(t:26.700-v:71127.172)-(t:26.721-v:71085.266)-(t:26.745-v:70974.402)-(t:26.764-v:70936.141)-(t:26.786-v:70926.595)-(t:26.807-v:70926.585)-(t:26.832-v:70926.343)-(t:26.858-v:70926.313)-(t:26.886-v:70920.512)-(t:26.912-v:70880.180)-(t:26.941-v:70878.684)-(t:26.969-v:70877.148)-(t:26.999-v:70877.142)-(t:27.022-v:70877.016)-(t:27.054-v:70874.966)-(t:27.086-v:70830.282)-(t:27.119-v:70824.579)-(t:27.146-v:70824.360)-(t:27.178-v:70820.617)-(t:27.208-v:70819.242)-(t:27.238-v:70752.848)-(t:27.267-v:70707.184)-(t:27.299-v:70690.267)-(t:27.393-v:70631.388)-(t:27.423-v:70614.171)-(t:27.458-v:70612.509)-(t:27.497-v:70571.402)-(t:27.528-v:70569.816)-(t:27.560-v:70350.355)-(t:27.594-v:70290.444)-(t:27.616-v:70243.092)-(t:27.637-v:70223.601)-(t:27.663-v:70214.104)-(t:27.695-v:70200.129)-(t:27.723-v:70171.774)-(t:27.754-v:70117.903)-(t:27.782-v:70098.523)-(t:27.820-v:70080.147)-(t:27.855-v:70077.845)-(t:27.883-v:70049.099)-(t:27.910-v:70048.297)-(t:27.945-v:70032.747)-(t:27.967-v:70010.681)-(t:27.999-v:69805.135)-(t:28.028-v:69775.859)-(t:28.055-v:69711.261)-(t:28.081-v:69710.093)-(t:28.107-v:69350.750)-(t:28.132-v:69340.920)-(t:28.165-v:69313.089)-(t:28.191-v:69311.233)-(t:28.214-v:69304.645)-(t:28.244-v:69299.027)-(t:28.266-v:69295.236)-(t:28.286-v:69294.859)-(t:28.314-v:69269.674)-(t:28.346-v:69241.651)-(t:28.369-v:69235.305)-(t:28.402-v:69230.889)-(t:28.426-v:69227.098)-(t:28.446-v:69226.721)-(t:28.470-v:69201.536)-(t:28.492-v:69201.326)-(t:28.519-v:69148.954)-(t:28.543-v:69146.732)-(t:28.569-v:69109.447)-(t:28.594-v:69099.568)-(t:28.628-v:69076.742)-(t:28.656-v:69055.446)-(t:28.686-v:69048.980)-(t:28.706-v:69027.695)-(t:28.734-v:69021.175)-(t:28.756-v:69017.939)-(t:28.786-v:68964.160)-(t:28.808-v:68949.092)-(t:28.831-v:68943.836)-(t:28.861-v:68755.769)-(t:28.884-v:68745.620)-(t:28.910-v:68734.634)-(t:28.941-v:68722.280)-(t:28.975-v:68701.556)-(t:28.998-v:68688.873)-(t:29.027-v:68675.655)-(t:29.050-v:68669.971)-(t:29.079-v:68543.144)-(t:29.100-v:68530.428)-(t:29.122-v:68530.427)-(t:29.149-v:68506.448)-(t:29.170-v:68484.893)-(t:29.194-v:68479.155)-(t:29.215-v:68457.625)-(t:29.246-v:68447.918)-(t:29.266-v:68428.947)-(t:29.287-v:68423.675)-(t:29.314-v:68423.257)-(t:29.342-v:68288.010)-(t:29.364-v:68266.639)-(t:29.384-v:68247.148)-(t:29.406-v:68247.071)-(t:29.427-v:68242.366)-(t:29.448-v:68232.286)-(t:29.468-v:68225.842)-(t:29.489-v:68207.797)-(t:29.511-v:68207.325)-(t:29.532-v:68202.767)-(t:29.554-v:68186.817)-(t:29.576-v:68155.992)-(t:29.601-v:67988.636)-(t:29.622-v:67980.591)-(t:29.645-v:67963.537)-(t:29.665-v:67951.618)-(t:29.687-v:67919.900)-(t:29.713-v:67889.477)-(t:29.732-v:67887.809)-(t:29.753-v:67877.140)-(t:29.773-v:67873.943)-(t:29.794-v:67815.565)-(t:29.817-v:67794.932)-(t:29.842-v:67794.802)-(t:29.871-v:67749.721)-(t:29.894-v:67746.590)-(t:29.919-v:67746.024)-(t:29.947-v:67729.990)-(t:29.972-v:67716.993)-(t:30.001-v:67704.344)-(t:30.028-v:67704.210)-(t:30.056-v:67692.272)-(t:30.084-v:67691.313)-(t:30.105-v:67691.221)-(t:30.126-v:67663.537)-(t:30.148-v:67662.544)-(t:30.168-v:67647.721)-(t:30.195-v:67637.642)-(t:30.214-v:67637.432)-(t:30.236-v:67518.621)-(t:30.255-v:67518.162)-(t:30.282-v:67507.493)-(t:30.308-v:67500.312)-(t:30.338-v:67490.719)-(t:30.365-v:67477.573)-(t:30.387-v:67470.381)-(t:30.412-v:67467.145)-(t:30.439-v:67460.792)-(t:30.469-v:67430.221)-(t:30.493-v:67422.646)-(t:30.518-v:67421.490)-(t:30.547-v:67400.781)-(t:30.572-v:67393.448)-(t:30.595-v:67392.445)-(t:30.615-v:67379.674)-(t:30.647-v:67370.800)-(t:30.677-v:67339.640)-(t:30.703-v:67320.879)-(t:30.733-v:67227.850)-(t:30.759-v:67201.278)-(t:30.794-v:67095.640)-(t:30.820-v:67085.497)-(t:30.847-v:67035.000)-(t:30.870-v:67022.488)-(t:30.901-v:67007.919)-(t:30.938-v:67007.476)-(t:30.966-v:66973.416)-(t:30.993-v:66973.339)-(t:31.020-v:66949.197)-(t:31.058-v:66859.161)-(t:31.085-v:66847.824)-(t:31.112-v:66780.879)-(t:31.137-v:66768.246)-(t:31.174-v:66733.821)-(t:31.206-v:66727.468)-(t:31.243-v:66677.502)-(t:31.269-v:66634.089)-(t:31.293-v:66629.984)-(t:31.323-v:66568.480)-(t:31.354-v:66520.001)-(t:31.394-v:66495.774)-(t:31.424-v:66441.097)-(t:31.460-v:66337.822)-(t:31.490-v:66303.455)-(t:31.526-v:66267.194)-(t:31.552-v:66204.818)-(t:31.577-v:66204.083)-(t:31.617-v:66055.730)-(t:31.646-v:66023.801)-(t:31.685-v:66012.791)-(t:31.716-v:65974.462)-(t:31.754-v:65866.938)-(t:31.784-v:65827.764)-(t:31.823-v:65735.414)-(t:31.851-v:65723.007)-(t:31.877-v:65679.014)-(t:31.902-v:65667.959)-(t:31.932-v:65664.525)-(t:31.954-v:65660.895)-(t:31.982-v:65654.181)-(t:32.008-v:65647.450)-(t:32.045-v:65464.072)-(t:32.073-v:65395.010)-(t:32.106-v:65389.105)-(t:32.131-v:65376.547)-(t:32.155-v:65310.871)-(t:32.178-v:65298.716)-(t:32.211-v:65291.688)-(t:32.230-v:65254.285)-(t:32.249-v:65244.739)-(t:32.268-v:65219.381)-(t:32.287-v:65209.719)-(t:32.313-v:65209.227)-(t:32.341-v:65207.292)-(t:32.368-v:65204.683)-(t:32.397-v:65199.051)-(t:32.421-v:65192.320)-(t:32.449-v:65172.767)-(t:32.484-v:64994.496)-(t:32.511-v:64931.807)-(t:32.548-v:64928.590)-(t:32.575-v:64926.377)-(t:32.605-v:64926.173)-(t:32.647-v:64871.778)-(t:32.675-v:64856.795)-(t:32.707-v:64792.485)-(t:32.733-v:64774.789)-(t:32.769-v:64630.900)-(t:32.796-v:64532.860)-(t:32.834-v:64529.493)-(t:32.860-v:64495.852)-(t:32.887-v:64486.306)-(t:32.909-v:64466.238)-(t:32.934-v:64456.576)-(t:32.977-v:64444.152)-(t:33.001-v:64431.540)-(t:33.027-v:64345.023)-(t:33.050-v:64333.446)-(t:33.087-v:64296.852)-(t:33.115-v:64195.970)-(t:33.153-v:64162.771)-(t:33.182-v:64040.511)-(t:33.218-v:63935.098)-(t:33.243-v:63922.465)-(t:33.267-v:63795.254)-(t:33.291-v:63783.457)-(t:33.334-v:63650.435)-(t:33.357-v:63638.175)-(t:33.381-v:63518.314)-(t:33.407-v:63507.563)-(t:33.447-v:63480.193)-(t:33.473-v:63470.377)-(t:33.496-v:63469.305)-(t:33.532-v:63461.743)-(t:33.551-v:63444.281)-(t:33.574-v:63440.579)-(t:33.594-v:63419.818)-(t:33.621-v:63415.173)-(t:33.649-v:63414.763)-(t:33.671-v:63392.276)-(t:33.693-v:63383.991)-(t:33.714-v:63364.611)-(t:33.738-v:63359.539)-(t:33.758-v:63350.796)-(t:33.778-v:63349.968)-(t:33.804-v:63346.246)-(t:33.831-v:63338.486)-(t:33.852-v:63323.536)-(t:33.895-v:63317.334)-(t:33.921-v:63304.711)-(t:33.945-v:63174.799)-(t:33.968-v:63163.159)-(t:34.008-v:63148.619)-(t:34.034-v:63147.300)-(t:34.057-v:63146.923)-(t:34.081-v:63140.805)-(t:34.109-v:63139.370)-(t:34.140-v:63139.136)-(t:34.166-v:63115.701)-(t:34.188-v:63108.972)-(t:34.214-v:63106.479)-(t:34.240-v:63078.067)-(t:34.265-v:63077.947)-(t:34.317-v:63070.434)-(t:34.336-v:63066.983)-(t:34.358-v:63053.820)-(t:34.400-v:63017.482)-(t:34.427-v:63004.863)-(t:34.455-v:62849.401)-(t:34.484-v:62837.809)-(t:34.530-v:62788.606)-(t:34.559-v:62651.652)-(t:34.609-v:62642.037)-(t:34.636-v:62406.152)-(t:34.693-v:62357.268)-(t:34.718-v:62344.635)-(t:34.745-v:62137.723)-(t:34.770-v:62125.949)-(t:40.849-v:62116.874)-(t:85.351-v:62065.758)-(t:85.369-v:62046.811)-(t:85.412-v:62007.390)-(t:85.438-v:61999.249)-(t:85.461-v:61841.602)-(t:85.485-v:61802.291)-(t:85.508-v:61783.396)-(t:166.157-v:61734.152)-(t:166.212-v:61724.322)-(t:170.676-v:61715.990)-(t:170.697-v:61705.998)-(t:170.718-v:61700.631)-(t:170.738-v:61693.646)],260.888,[]
dqn,examples/tsp/tsplib/pr439.tsp,r1,300,0,======,270390736.0,[(t:16.654-v:270651.601)-(t:19.487-v:270549.225)-(t:19.517-v:270412.849)-(t:19.606-v:270390.736)],187.647,[]
dqn,examples/tsp/tsplib/kroB100.tsp,r1,300,0,======,39724559.0,[(t:8.149-v:157184.682)-(t:9.055-v:147958.270)-(t:9.102-v:147665.190)-(t:9.131-v:147445.767)-(t:9.156-v:147269.425)-(t:9.181-v:146911.434)-(t:9.208-v:144752.799)-(t:9.240-v:144743.208)-(t:9.265-v:144721.067)-(t:9.296-v:143393.733)-(t:9.327-v:142175.938)-(t:9.354-v:142072.925)-(t:9.379-v:142052.057)-(t:9.405-v:141581.888)-(t:9.428-v:141222.678)-(t:9.462-v:140274.698)-(t:9.495-v:139564.160)-(t:9.525-v:139335.950)-(t:9.551-v:139142.873)-(t:9.580-v:138712.567)-(t:9.611-v:138531.984)-(t:9.644-v:138449.223)-(t:9.676-v:138401.811)-(t:9.704-v:138132.687)-(t:9.731-v:137604.465)-(t:9.764-v:137332.880)-(t:9.791-v:137298.213)-(t:9.824-v:137054.779)-(t:9.858-v:135663.536)-(t:9.892-v:135510.737)-(t:9.922-v:135260.723)-(t:9.945-v:135020.800)-(t:9.990-v:133603.781)-(t:10.020-v:133274.182)-(t:10.046-v:133091.797)-(t:10.080-v:131771.959)-(t:10.109-v:131127.876)-(t:10.136-v:130806.631)-(t:10.168-v:128903.076)-(t:10.190-v:128843.606)-(t:10.214-v:128612.795)-(t:10.237-v:128386.833)-(t:10.261-v:128337.207)-(t:10.286-v:126073.355)-(t:10.305-v:125884.662)-(t:10.324-v:125863.161)-(t:10.379-v:125323.862)-(t:10.407-v:125200.234)-(t:10.439-v:124461.986)-(t:10.461-v:124288.849)-(t:10.486-v:124021.281)-(t:10.511-v:123934.456)-(t:10.531-v:123761.654)-(t:10.556-v:121543.059)-(t:10.576-v:121248.899)-(t:10.604-v:121212.639)-(t:10.627-v:121119.213)-(t:10.656-v:121108.337)-(t:10.677-v:120596.340)-(t:10.701-v:120529.478)-(t:10.725-v:120503.157)-(t:10.745-v:120444.537)-(t:10.768-v:119980.735)-(t:10.796-v:119830.008)-(t:10.823-v:119629.791)-(t:10.847-v:119417.209)-(t:10.870-v:119229.086)-(t:10.889-v:118962.441)-(t:10.914-v:118750.339)-(t:10.940-v:118389.072)-(t:10.967-v:118192.073)-(t:10.992-v:118095.039)-(t:11.020-v:117294.045)-(t:11.048-v:117195.436)-(t:11.077-v:117013.699)-(t:11.107-v:115814.576)-(t:11.141-v:114952.672)-(t:11.175-v:114396.874)-(t:11.203-v:113252.345)-(t:11.233-v:113225.921)-(t:11.263-v:112917.068)-(t:11.286-v:112400.511)-(t:11.311-v:112188.409)-(t:11.335-v:112173.684)-(t:11.366-v:111760.019)-(t:11.393-v:111501.238)-(t:11.421-v:111067.814)-(t:11.442-v:110947.248)-(t:11.464-v:110427.413)-(t:11.492-v:107547.197)-(t:11.514-v:107486.116)-(t:11.539-v:106774.242)-(t:11.561-v:105437.160)-(t:11.583-v:105259.082)-(t:11.606-v:104798.615)-(t:11.626-v:104719.628)-(t:11.652-v:102318.063)-(t:11.674-v:102005.077)-(t:11.698-v:101622.484)-(t:11.727-v:101553.235)-(t:11.754-v:101380.070)-(t:11.783-v:101305.353)-(t:11.807-v:100773.092)-(t:11.832-v:99469.426)-(t:11.855-v:99350.485)-(t:11.878-v:99152.626)-(t:11.906-v:97576.929)-(t:11.930-v:97327.179)-(t:11.957-v:97156.301)-(t:11.983-v:97091.475)-(t:12.010-v:96767.580)-(t:12.033-v:96610.324)-(t:12.057-v:95999.676)-(t:12.081-v:95259.914)-(t:12.106-v:94136.274)-(t:12.130-v:94035.798)-(t:12.153-v:93983.478)-(t:12.179-v:93976.171)-(t:12.204-v:93457.820)-(t:12.232-v:93447.009)-(t:12.261-v:93414.781)-(t:12.287-v:93374.311)-(t:12.315-v:93323.942)-(t:12.347-v:93283.368)-(t:12.377-v:92816.677)-(t:12.404-v:92788.984)-(t:12.428-v:92785.335)-(t:12.455-v:92427.273)-(t:12.483-v:92230.060)-(t:12.510-v:90246.897)-(t:12.535-v:89847.029)-(t:12.559-v:89724.309)-(t:12.583-v:89469.932)-(t:12.615-v:88114.564)-(t:12.640-v:87823.914)-(t:12.660-v:87816.865)-(t:12.680-v:87288.907)-(t:12.701-v:86930.063)-(t:12.723-v:86599.948)-(t:12.744-v:86568.234)-(t:12.764-v:86565.092)-(t:12.788-v:85868.948)-(t:12.813-v:85256.824)-(t:12.849-v:84838.925)-(t:12.880-v:84764.587)-(t:12.909-v:84580.203)-(t:12.940-v:84247.480)-(t:12.968-v:84246.653)-(t:12.999-v:83888.547)-(t:13.027-v:83881.512)-(t:13.058-v:82886.241)-(t:13.083-v:82833.204)-(t:13.111-v:82823.913)-(t:13.139-v:82564.168)-(t:13.163-v:82470.395)-(t:13.197-v:82222.275)-(t:13.228-v:82190.914)-(t:13.257-v:80753.783)-(t:13.288-v:80082.701)-(t:13.309-v:80070.026)-(t:13.342-v:80038.016)-(t:13.365-v:79778.605)-(t:13.389-v:79625.596)-(t:13.414-v:79340.234)-(t:13.438-v:79145.509)-(t:13.458-v:78701.095)-(t:13.478-v:78664.952)-(t:13.500-v:78407.569)-(t:13.521-v:78117.918)-(t:13.543-v:78097.406)-(t:13.575-v:77978.946)-(t:13.601-v:77933.930)-(t:13.622-v:77930.092)-(t:13.645-v:76142.540)-(t:13.665-v:76090.332)-(t:13.685-v:75952.932)-(t:13.706-v:75787.702)-(t:13.734-v:75662.566)-(t:13.765-v:75399.690)-(t:13.794-v:75324.264)-(t:13.820-v:74929.078)-(t:13.850-v:74450.782)-(t:13.870-v:74185.692)-(t:13.895-v:74158.204)-(t:13.929-v:74023.114)-(t:13.956-v:73389.867)-(t:13.980-v:73306.781)-(t:14.014-v:71607.314)-(t:14.041-v:71594.870)-(t:14.069-v:71517.707)-(t:14.097-v:71477.960)-(t:14.120-v:71469.448)-(t:14.144-v:71466.725)-(t:14.176-v:70754.915)-(t:14.205-v:70720.683)-(t:14.231-v:70616.914)-(t:14.255-v:70419.804)-(t:14.281-v:70092.213)-(t:14.306-v:69919.437)-(t:14.338-v:69506.477)-(t:14.361-v:69442.272)-(t:14.386-v:69181.603)-(t:14.407-v:68742.239)-(t:14.432-v:68729.234)-(t:14.463-v:68229.911)-(t:14.486-v:68201.354)-(t:14.510-v:68092.080)-(t:14.531-v:68061.027)-(t:14.557-v:66588.619)-(t:14.586-v:66449.021)-(t:14.611-v:66185.484)-(t:14.637-v:65667.791)-(t:14.662-v:65516.349)-(t:14.690-v:65280.913)-(t:14.717-v:65166.891)-(t:14.742-v:64759.977)-(t:14.764-v:64558.421)-(t:14.796-v:64480.412)-(t:14.823-v:64411.789)-(t:14.854-v:64329.933)-(t:14.881-v:64202.953)-(t:14.905-v:63817.561)-(t:14.934-v:63083.126)-(t:14.954-v:62946.659)-(t:14.981-v:62669.399)-(t:15.009-v:61729.833)-(t:15.030-v:61695.158)-(t:15.056-v:61556.022)-(t:15.080-v:61239.520)-(t:15.103-v:61195.424)-(t:15.132-v:58223.377)-(t:15.158-v:58041.520)-(t:15.186-v:57013.373)-(t:15.210-v:56821.827)-(t:15.235-v:56684.855)-(t:15.257-v:56406.532)-(t:15.284-v:55831.575)-(t:15.308-v:55816.682)-(t:15.332-v:54651.231)-(t:15.355-v:54381.764)-(t:15.377-v:54378.335)-(t:15.401-v:53755.055)-(t:15.427-v:53265.167)-(t:15.447-v:53235.473)-(t:15.469-v:53064.564)-(t:15.498-v:52671.745)-(t:15.530-v:52552.617)-(t:15.565-v:51034.618)-(t:15.605-v:47937.774)-(t:15.626-v:47745.403)-(t:15.658-v:47540.106)-(t:15.680-v:47295.501)-(t:15.709-v:46989.147)-(t:15.738-v:46334.947)-(t:15.768-v:46290.448)-(t:15.798-v:44690.092)-(t:15.844-v:44667.638)-(t:15.872-v:44550.739)-(t:15.896-v:44223.522)-(t:15.927-v:43919.644)-(t:26.492-v:43549.960)-(t:26.520-v:43381.443)-(t:26.548-v:43301.789)-(t:26.578-v:43274.415)-(t:26.604-v:43102.379)-(t:26.638-v:42968.649)-(t:26.665-v:42873.487)-(t:26.689-v:42660.762)-(t:26.712-v:42583.542)-(t:26.732-v:42278.354)-(t:26.753-v:42132.772)-(t:26.784-v:41984.903)-(t:26.810-v:41931.885)-(t:26.841-v:41884.855)-(t:26.869-v:41374.870)-(t:26.893-v:41230.154)-(t:26.918-v:41194.920)-(t:26.942-v:40942.678)-(t:26.964-v:40653.372)-(t:26.985-v:40645.746)-(t:27.005-v:40293.277)-(t:27.035-v:40292.304)-(t:27.095-v:40269.854)-(t:61.739-v:40238.876)-(t:61.760-v:39724.559)],140.6,[]
