bandit,instance,reward,timeout,seed,-a,Result,bestObj,solOverTime,integralPrimalGap
ppo,examples/pdptw/pdptw_100/lc107.txt,r1,900,0,ppo --device=cuda:1 --c1-start=0.34 --c1-end=0.06 --c1-n-secs=196 --c2-start=0.39 --c2-end=0.2 --c2-n-secs=431 --n-epochs=65 --lr-critic=7.315462310749335E-4 --clipping=11.799185331865313 --batch-size=15 --seed=0 --disable-training-logs --memory-size=1015 --lr=0.0018103176507973232 --logdir=logs/ppo-pdptw_all-15m-r1/pdptw-lc107 --communication=unix-socket -i=/tmp/pipes/unix-socket-1756157897172571,======,96002106059.0,[],900.0
ppo,examples/pdptw/pdptw_100/lc207.txt,r1,900,0,ppo --device=cuda:6 --c1-start=0.34 --c1-end=0.06 --c1-n-secs=196 --c2-start=0.39 --c2-end=0.2 --c2-n-secs=431 --n-epochs=65 --lr-critic=7.315462310749335E-4 --clipping=11.799185331865313 --batch-size=15 --seed=0 --disable-training-logs --memory-size=1015 --lr=0.0018103176507973232 --logdir=logs/ppo-pdptw_all-15m-r1/pdptw-lc207 --communication=unix-socket -i=/tmp/pipes/unix-socket-1756157970720201,======,90002319225.0,[],900.0
ppo,examples/pdptw/pdptw_100/lc109.txt,r1,900,0,ppo --device=cuda:3 --c1-start=0.34 --c1-end=0.06 --c1-n-secs=196 --c2-start=0.39 --c2-end=0.2 --c2-n-secs=431 --n-epochs=65 --lr-critic=7.315462310749335E-4 --clipping=11.799185331865313 --batch-size=15 --seed=0 --disable-training-logs --memory-size=1015 --lr=0.0018103176507973232 --logdir=logs/ppo-pdptw_all-15m-r1/pdptw-lc109 --communication=unix-socket -i=/tmp/pipes/unix-socket-1756157924927436,======,90004161864.0,[],900.0
ppo,examples/pdptw/pdptw_100/lc205.txt,r1,900,0,ppo --device=cuda:4 --c1-start=0.34 --c1-end=0.06 --c1-n-secs=196 --c2-start=0.39 --c2-end=0.2 --c2-n-secs=431 --n-epochs=65 --lr-critic=7.315462310749335E-4 --clipping=11.799185331865313 --batch-size=15 --seed=0 --disable-training-logs --memory-size=1015 --lr=0.0018103176507973232 --logdir=logs/ppo-pdptw_all-15m-r1/pdptw-lc205 --communication=unix-socket -i=/tmp/pipes/unix-socket-1756157953981970,======,92002245502.0,[],900.0
ppo,examples/pdptw/pdptw_100/lr110.txt,r1,900,0,ppo --device=auto-gpu --c1-start=0.34 --c1-end=0.06 --c1-n-secs=196 --c2-start=0.39 --c2-end=0.2 --c2-n-secs=431 --n-epochs=65 --lr-critic=7.315462310749335E-4 --clipping=11.799185331865313 --batch-size=15 --seed=0 --disable-training-logs --memory-size=1015 --lr=0.0018103176507973232 --logdir=logs/ppo-pdptw_all-15m-r1/pdptw-lr110 --communication=unix-socket -i=/tmp/pipes/unix-socket-1756168603435189,======,84004347508.0,[],900.0
ppo,examples/pdptw/pdptw_100/lc208.txt,r1,900,0,ppo --device=cuda:7 --c1-start=0.34 --c1-end=0.06 --c1-n-secs=196 --c2-start=0.39 --c2-end=0.2 --c2-n-secs=431 --n-epochs=65 --lr-critic=7.315462310749335E-4 --clipping=11.799185331865313 --batch-size=15 --seed=0 --disable-training-logs --memory-size=1015 --lr=0.0018103176507973232 --logdir=logs/ppo-pdptw_all-15m-r1/pdptw-lc208 --communication=unix-socket -i=/tmp/pipes/unix-socket-1756158014820836,======,5144999.0,[(t:7.625-step:325-v:2499.348)-(t:7.751-step:326-v:2421.568)-(t:7.760-step:327-v:2411.012)-(t:7.769-step:328-v:2410.014)-(t:13.483-step:538-v:2353.83)-(t:19.445-step:824-v:2063.773)-(t:22.861-step:888-v:1913.341)-(t:22.874-step:889-v:1906.326)-(t:25.259-step:1008-v:1613.004)-(t:50.317-step:2064-v:1308.098)-(t:50.330-step:2065-v:1305.931)-(t:50.361-step:2066-v:1294.93)-(t:50.424-step:2067-v:1289.987)-(t:62.298-step:2516-v:1217.434)-(t:62.324-step:2517-v:1216.3)-(t:62.359-step:2518-v:1212.336)-(t:62.374-step:2519-v:1202.936)-(t:823.308-step:35784-v:1171.257)-(t:823.320-step:35785-v:1164.497)-(t:823.336-step:35786-v:1164.455)-(t:823.354-step:35787-v:1160.311)-(t:823.371-step:35788-v:1155.04)-(t:823.475-step:35789-v:1151.961)-(t:823.539-step:35790-v:1150.983)-(t:823.560-step:35791-v:1144.999)],469.173
ppo,examples/pdptw/pdptw_100/lc206.txt,r1,900,0,ppo --device=cuda:5 --c1-start=0.34 --c1-end=0.06 --c1-n-secs=196 --c2-start=0.39 --c2-end=0.2 --c2-n-secs=431 --n-epochs=65 --lr-critic=7.315462310749335E-4 --clipping=11.799185331865313 --batch-size=15 --seed=0 --disable-training-logs --memory-size=1015 --lr=0.0018103176507973232 --logdir=logs/ppo-pdptw_all-15m-r1/pdptw-lc206 --communication=unix-socket -i=/tmp/pipes/unix-socket-1756157951728047,======,4770676.0,[(t:11.485-step:528-v:1841.741)-(t:11.611-step:529-v:1832.745)-(t:24.339-step:1004-v:1496.856)-(t:24.362-step:1005-v:1490.421)-(t:24.408-step:1006-v:1486.027)-(t:24.579-step:1007-v:1477.602)-(t:242.106-step:9414-v:1258.046)-(t:242.127-step:9415-v:1252.948)-(t:242.140-step:9416-v:1241.755)-(t:242.163-step:9417-v:1233.813)-(t:242.215-step:9418-v:1230.587)-(t:445.059-step:17968-v:1037.585)-(t:445.080-step:17969-v:1034.453)-(t:445.107-step:17970-v:1027.627)-(t:445.176-step:17971-v:1023.1)-(t:445.248-step:17972-v:1021.622)-(t:445.303-step:17973-v:1020.92)-(t:447.444-step:18072-v:934.32)-(t:447.532-step:18073-v:933.418)-(t:447.640-step:18074-v:923.447)-(t:447.679-step:18075-v:922.436)-(t:447.830-step:18076-v:916.306)-(t:448.318-step:18109-v:916.031)-(t:448.341-step:18110-v:915.421)-(t:448.357-step:18111-v:914.034)-(t:448.437-step:18112-v:904.6)-(t:450.536-step:18200-v:812.729)-(t:450.565-step:18201-v:811.319)-(t:450.605-step:18202-v:810.581)-(t:450.619-step:18203-v:809.021)-(t:450.698-step:18204-v:805.287)-(t:450.742-step:18205-v:804.409)-(t:450.804-step:18206-v:798.195)-(t:450.861-step:18207-v:794.288)-(t:450.874-step:18208-v:793.046)-(t:450.943-step:18209-v:780.388)-(t:451.073-step:18210-v:780.082)-(t:451.135-step:18211-v:778.362)-(t:451.149-step:18212-v:776.264)-(t:451.178-step:18213-v:770.676)],365.516
ppo,examples/pdptw/pdptw_100/lc106.txt,r1,900,0,ppo --device=cuda:0 --c1-start=0.34 --c1-end=0.06 --c1-n-secs=196 --c2-start=0.39 --c2-end=0.2 --c2-n-secs=431 --n-epochs=65 --lr-critic=7.315462310749335E-4 --clipping=11.799185331865313 --batch-size=15 --seed=0 --disable-training-logs --memory-size=1015 --lr=0.0018103176507973232 --logdir=logs/ppo-pdptw_all-15m-r1/pdptw-lc106 --communication=unix-socket -i=/tmp/pipes/unix-socket-1756157936627215,======,10828960.0,[(t:11.841-step:329-v:1704.953)-(t:11.937-step:330-v:1681.495)-(t:11.954-step:331-v:1625.469)-(t:11.985-step:332-v:1615.368)-(t:15.358-step:428-v:1444.936)-(t:15.381-step:429-v:1444.756)-(t:17.284-step:503-v:1199.782)-(t:17.298-step:504-v:1195.782)-(t:24.470-step:683-v:1192.244)-(t:24.562-step:684-v:1191.155)-(t:24.578-step:685-v:1187.155)-(t:24.623-step:686-v:1186.791)-(t:25.320-step:698-v:1163.509)-(t:25.413-step:699-v:1162.42)-(t:34.085-step:850-v:1013.491)-(t:34.155-step:851-v:1009.639)-(t:34.184-step:852-v:992.42)-(t:142.758-step:3672-v:982.736)-(t:142.811-step:3673-v:947.242)-(t:142.844-step:3674-v:941.728)-(t:142.901-step:3675-v:927.806)-(t:189.683-step:4799-v:927.309)-(t:226.574-step:5704-v:895.649)-(t:228.876-step:5774-v:828.96)],46.361
ppo,examples/pdptw/pdptw_100/lc108.txt,r1,900,0,ppo --device=cuda:2 --c1-start=0.34 --c1-end=0.06 --c1-n-secs=196 --c2-start=0.39 --c2-end=0.2 --c2-n-secs=431 --n-epochs=65 --lr-critic=7.315462310749335E-4 --clipping=11.799185331865313 --batch-size=15 --seed=0 --disable-training-logs --memory-size=1015 --lr=0.0018103176507973232 --logdir=logs/ppo-pdptw_all-15m-r1/pdptw-lc108 --communication=unix-socket -i=/tmp/pipes/unix-socket-1756157975499123,======,10828960.0,[(t:5.845-step:190-v:2150.506)-(t:7.494-step:240-v:2129.983)-(t:7.535-step:241-v:2125.297)-(t:30.357-step:880-v:1884.025)-(t:30.384-step:881-v:1883.633)-(t:30.397-step:882-v:1883.357)-(t:30.422-step:883-v:1880.784)-(t:30.467-step:884-v:1876.416)-(t:30.506-step:885-v:1846.736)-(t:30.571-step:886-v:1845.191)-(t:33.415-step:986-v:1804.011)-(t:33.432-step:987-v:1801.532)-(t:33.502-step:988-v:1800.601)-(t:33.519-step:989-v:1797.315)-(t:35.755-step:1064-v:1760.711)-(t:35.835-step:1065-v:1758.534)-(t:35.846-step:1066-v:1756.253)-(t:35.879-step:1067-v:1726.382)-(t:35.896-step:1068-v:1699.462)-(t:56.590-step:1695-v:1332.932)-(t:56.615-step:1696-v:1329.761)-(t:56.653-step:1697-v:1329.089)-(t:56.739-step:1698-v:1327.644)-(t:56.809-step:1699-v:1326.73)-(t:56.881-step:1700-v:1293.692)-(t:56.906-step:1701-v:1290.929)-(t:63.764-step:1964-v:1159.563)-(t:63.792-step:1965-v:1155.732)-(t:63.833-step:1966-v:1151.901)-(t:63.868-step:1967-v:1151.747)-(t:63.953-step:1968-v:1149.814)-(t:86.889-step:2581-v:1001.195)-(t:87.015-step:2582-v:978.873)-(t:88.076-step:2615-v:968.195)-(t:88.099-step:2616-v:967.903)-(t:88.133-step:2617-v:962.458)-(t:88.439-step:2628-v:930.619)-(t:88.536-step:2629-v:928.233)-(t:88.561-step:2630-v:925.952)-(t:88.593-step:2631-v:921.63)-(t:89.628-step:2662-v:852.931)-(t:92.509-step:2739-v:843.395)-(t:92.582-step:2740-v:834.74)-(t:92.604-step:2741-v:832.74)-(t:310.654-step:9222-v:830.354)-(t:614.156-step:18389-v:828.96)],47.986
ppo,examples/pdptw/pdptw_100/lr207.txt,r1,900,0,ppo --device=auto-gpu --c1-start=0.34 --c1-end=0.06 --c1-n-secs=196 --c2-start=0.39 --c2-end=0.2 --c2-n-secs=431 --n-epochs=65 --lr-critic=7.315462310749335E-4 --clipping=11.799185331865313 --batch-size=15 --seed=0 --disable-training-logs --memory-size=1015 --lr=0.0018103176507973232 --logdir=logs/ppo-pdptw_all-15m-r1/pdptw-lr207 --communication=unix-socket -i=/tmp/pipes/unix-socket-1757066866161314,======,84001280791.0,[],900.0
ppo,examples/pdptw/pdptw_100/lr208.txt,r1,900,0,ppo --device=auto-gpu --c1-start=0.34 --c1-end=0.06 --c1-n-secs=196 --c2-start=0.39 --c2-end=0.2 --c2-n-secs=431 --n-epochs=65 --lr-critic=7.315462310749335E-4 --clipping=11.799185331865313 --batch-size=15 --seed=0 --disable-training-logs --memory-size=1015 --lr=0.0018103176507973232 --logdir=logs/ppo-pdptw_all-15m-r1/pdptw-lr208 --communication=unix-socket -i=/tmp/pipes/unix-socket-1757066946450603,======,64001610045.0,[],900.0
ppo,examples/pdptw/pdptw_100/lr109.txt,r1,900,0,ppo --device=auto-gpu --c1-start=0.34 --c1-end=0.06 --c1-n-secs=196 --c2-start=0.39 --c2-end=0.2 --c2-n-secs=431 --n-epochs=65 --lr-critic=7.315462310749335E-4 --clipping=11.799185331865313 --batch-size=15 --seed=0 --disable-training-logs --memory-size=1015 --lr=0.0018103176507973232 --logdir=logs/ppo-pdptw_all-15m-r1/pdptw-lr109 --communication=unix-socket -i=/tmp/pipes/unix-socket-1756168553575736,======,14336071.0,[(t:5.250-step:170-v:1850.777)-(t:5.274-step:171-v:1850.215)-(t:13.347-step:352-v:1737.521)-(t:13.417-step:353-v:1731.736)-(t:18.446-step:459-v:1689.018)-(t:18.595-step:460-v:1677.678)-(t:19.702-step:482-v:1673.605)-(t:19.778-step:483-v:1661.076)-(t:19.815-step:484-v:1658.149)-(t:40.465-step:923-v:1624.977)-(t:40.549-step:924-v:1619.134)-(t:40.610-step:925-v:1609.499)-(t:41.162-step:938-v:1603.608)-(t:41.173-step:939-v:1596.819)-(t:41.249-step:940-v:1581.201)-(t:42.345-step:974-v:1534.479)-(t:42.438-step:975-v:1508.352)-(t:42.456-step:976-v:1501.837)-(t:42.483-step:977-v:1499.417)-(t:67.001-step:1603-v:1484.595)-(t:67.076-step:1604-v:1451.685)-(t:71.365-step:1714-v:1423.307)-(t:71.396-step:1715-v:1418.437)-(t:215.800-step:5218-v:1397.841)-(t:371.373-step:9185-v:1364.804)-(t:371.396-step:9186-v:1358.125)-(t:371.407-step:9187-v:1356.211)-(t:731.587-step:18430-v:1336.071)],119.02
ppo,examples/pdptw/pdptw_100/lr107.txt,r1,900,0,ppo --device=auto-gpu --c1-start=0.34 --c1-end=0.06 --c1-n-secs=196 --c2-start=0.39 --c2-end=0.2 --c2-n-secs=431 --n-epochs=65 --lr-critic=7.315462310749335E-4 --clipping=11.799185331865313 --batch-size=15 --seed=0 --disable-training-logs --memory-size=1015 --lr=0.0018103176507973232 --logdir=logs/ppo-pdptw_all-15m-r1/pdptw-lr107 --communication=unix-socket -i=/tmp/pipes/unix-socket-1756168209266587,======,13240517.0,[(t:9.729-step:255-v:1974.852)-(t:9.787-step:256-v:1959.75)-(t:9.806-step:257-v:1948.951)-(t:14.393-step:356-v:1878.588)-(t:16.227-step:410-v:1734.653)-(t:16.261-step:411-v:1734.562)-(t:18.978-step:467-v:1645.961)-(t:19.011-step:468-v:1645.399)-(t:19.035-step:469-v:1624.171)-(t:19.056-step:470-v:1610.521)-(t:19.119-step:471-v:1596.787)-(t:19.136-step:472-v:1595.876)-(t:22.332-step:542-v:1530.367)-(t:22.352-step:543-v:1519.747)-(t:22.827-step:551-v:1512.842)-(t:22.911-step:552-v:1511.179)-(t:73.217-step:1594-v:1380.877)-(t:73.243-step:1595-v:1380.151)-(t:88.050-step:1953-v:1292.332)-(t:88.059-step:1954-v:1291.234)-(t:90.217-step:1998-v:1279.256)-(t:436.210-step:10846-v:1273.659)-(t:861.727-step:22718-v:1240.517)],134.799
ppo,examples/pdptw/pdptw_100/lr108.txt,r1,900,0,ppo --device=auto-gpu --c1-start=0.34 --c1-end=0.06 --c1-n-secs=196 --c2-start=0.39 --c2-end=0.2 --c2-n-secs=431 --n-epochs=65 --lr-critic=7.315462310749335E-4 --clipping=11.799185331865313 --batch-size=15 --seed=0 --disable-training-logs --memory-size=1015 --lr=0.0018103176507973232 --logdir=logs/ppo-pdptw_all-15m-r1/pdptw-lr108 --communication=unix-socket -i=/tmp/pipes/unix-socket-1756168457330369,======,12085618.0,[(t:5.157-step:180-v:2137.836)-(t:5.187-step:181-v:2078.62)-(t:5.216-step:182-v:2056.413)-(t:5.251-step:183-v:1994.016)-(t:5.287-step:184-v:1983.724)-(t:6.168-step:211-v:1900.127)-(t:7.963-step:257-v:1791.496)-(t:7.977-step:258-v:1790.819)-(t:8.037-step:259-v:1789.341)-(t:8.354-step:267-v:1747.119)-(t:8.369-step:268-v:1744.749)-(t:8.382-step:269-v:1720.083)-(t:8.396-step:270-v:1712.61)-(t:8.501-step:271-v:1712.304)-(t:8.510-step:272-v:1707.99)-(t:16.395-step:467-v:1657.734)-(t:16.453-step:468-v:1645.177)-(t:16.513-step:469-v:1632.3)-(t:16.607-step:470-v:1631.518)-(t:16.653-step:471-v:1625.029)-(t:16.674-step:472-v:1624.179)-(t:17.028-step:485-v:1542.795)-(t:17.134-step:486-v:1535.546)-(t:33.708-step:878-v:1531.239)-(t:33.722-step:879-v:1497.77)-(t:33.796-step:880-v:1497.261)-(t:33.940-step:881-v:1496.67)-(t:33.966-step:882-v:1496.192)-(t:83.328-step:2085-v:1405.758)-(t:83.363-step:2086-v:1381.879)-(t:83.430-step:2087-v:1376.557)-(t:83.479-step:2088-v:1370.007)-(t:83.853-step:2102-v:1369.753)-(t:83.874-step:2103-v:1364.431)-(t:83.886-step:2104-v:1360.79)-(t:94.766-step:2427-v:1357.269)-(t:214.270-step:5764-v:1335.754)-(t:214.283-step:5765-v:1334.289)-(t:214.327-step:5766-v:1332.92)-(t:214.392-step:5767-v:1328.173)-(t:214.679-step:5778-v:1307.607)-(t:214.699-step:5779-v:1301.016)-(t:214.717-step:5780-v:1300.286)-(t:214.738-step:5781-v:1296.013)-(t:214.851-step:5782-v:1284.734)-(t:288.602-step:8033-v:1211.441)-(t:288.612-step:8034-v:1207.553)-(t:288.630-step:8035-v:1206.03)-(t:288.662-step:8036-v:1202.746)-(t:288.684-step:8037-v:1200.781)-(t:288.704-step:8038-v:1199.259)-(t:337.532-step:9537-v:1194.958)-(t:337.575-step:9538-v:1178.912)-(t:337.676-step:9539-v:1174.863)-(t:407.513-step:11735-v:1154.06)-(t:407.541-step:11736-v:1150.366)-(t:407.560-step:11737-v:1143.656)-(t:409.150-step:11801-v:1142.275)-(t:409.236-step:11802-v:1138.471)-(t:409.296-step:11803-v:1121.575)-(t:409.348-step:11804-v:1119.343)-(t:821.272-step:24194-v:1098.265)-(t:821.357-step:24195-v:1095.234)-(t:821.398-step:24196-v:1093.321)-(t:821.436-step:24197-v:1085.618)],175.619
ppo,examples/pdptw/pdptw_100/lr209.txt,r1,900,0,ppo --device=auto-gpu --c1-start=0.34 --c1-end=0.06 --c1-n-secs=196 --c2-start=0.39 --c2-end=0.2 --c2-n-secs=431 --n-epochs=65 --lr-critic=7.315462310749335E-4 --clipping=11.799185331865313 --batch-size=15 --seed=0 --disable-training-logs --memory-size=1015 --lr=0.0018103176507973232 --logdir=logs/ppo-pdptw_all-15m-r1/pdptw-lr209 --communication=unix-socket -i=/tmp/pipes/unix-socket-1757076065728010,======,86002277547.0,[],900.0
ppo,examples/pdptw/pdptw_100/lr211.txt,r1,900,0,ppo --device=auto-gpu --c1-start=0.34 --c1-end=0.06 --c1-n-secs=196 --c2-start=0.39 --c2-end=0.2 --c2-n-secs=431 --n-epochs=65 --lr-critic=7.315462310749335E-4 --clipping=11.799185331865313 --batch-size=15 --seed=0 --disable-training-logs --memory-size=1015 --lr=0.0018103176507973232 --logdir=logs/ppo-pdptw_all-15m-r1/pdptw-lr211 --communication=unix-socket -i=/tmp/pipes/unix-socket-1757077203714038,======,86001274349.0,[],900.0
ppo,examples/pdptw/pdptw_100/lr210.txt,r1,900,0,ppo --device=auto-gpu --c1-start=0.34 --c1-end=0.06 --c1-n-secs=196 --c2-start=0.39 --c2-end=0.2 --c2-n-secs=431 --n-epochs=65 --lr-critic=7.315462310749335E-4 --clipping=11.799185331865313 --batch-size=15 --seed=0 --disable-training-logs --memory-size=1015 --lr=0.0018103176507973232 --logdir=logs/ppo-pdptw_all-15m-r1/pdptw-lr210 --communication=unix-socket -i=/tmp/pipes/unix-socket-1757077219775933,======,90002303176.0,[],900.0
ppo,examples/pdptw/pdptw_100/lr111.txt,r1,900,0,ppo --device=auto-gpu --c1-start=0.34 --c1-end=0.06 --c1-n-secs=196 --c2-start=0.39 --c2-end=0.2 --c2-n-secs=431 --n-epochs=65 --lr-critic=7.315462310749335E-4 --clipping=11.799185331865313 --batch-size=15 --seed=0 --disable-training-logs --memory-size=1015 --lr=0.0018103176507973232 --logdir=logs/ppo-pdptw_all-15m-r1/pdptw-lr111 --communication=unix-socket -i=/tmp/pipes/unix-socket-1756177876455745,======,13276390.0,[(t:5.066-step:159-v:1750.33)-(t:5.089-step:160-v:1748.491)-(t:5.898-step:179-v:1690.7)-(t:6.043-step:180-v:1687.761)-(t:6.139-step:181-v:1687.522)-(t:6.223-step:182-v:1682.284)-(t:22.001-step:536-v:1672.792)-(t:44.175-step:916-v:1664.604)-(t:44.727-step:927-v:1642.008)-(t:47.478-step:983-v:1641.085)-(t:47.512-step:984-v:1638.424)-(t:47.548-step:985-v:1636.036)-(t:53.256-step:1111-v:1597.742)-(t:53.264-step:1112-v:1590.866)-(t:85.368-step:1776-v:1487.447)-(t:90.580-step:1920-v:1479.769)-(t:109.732-step:2382-v:1473.764)-(t:132.754-step:2954-v:1467.545)-(t:132.767-step:2955-v:1465.868)-(t:132.886-step:2956-v:1459.132)-(t:133.209-step:2968-v:1422.445)-(t:133.235-step:2969-v:1420.963)-(t:133.292-step:2970-v:1417.116)-(t:133.329-step:2971-v:1396.456)-(t:134.325-step:2994-v:1387.403)-(t:134.348-step:2995-v:1384.466)-(t:134.366-step:2996-v:1369.899)-(t:134.409-step:2997-v:1353.784)-(t:207.230-step:4942-v:1350.455)-(t:341.437-step:8305-v:1272.257)-(t:341.458-step:8306-v:1265.286)],149.401
ppo,examples/pdptw/pdptw_100/lr206.txt,r1,900,0,ppo --device=auto-gpu --c1-start=0.34 --c1-end=0.06 --c1-n-secs=196 --c2-start=0.39 --c2-end=0.2 --c2-n-secs=431 --n-epochs=65 --lr-critic=7.315462310749335E-4 --clipping=11.799185331865313 --batch-size=15 --seed=0 --disable-training-logs --memory-size=1015 --lr=0.0018103176507973232 --logdir=logs/ppo-pdptw_all-15m-r1/pdptw-lr206 --communication=unix-socket -i=/tmp/pipes/unix-socket-1757066523081619,======,5764553.0,[(t:10.096-step:390-v:2463.532)-(t:10.110-step:391-v:2462.177)-(t:10.124-step:392-v:2460.403)-(t:10.912-step:419-v:2376.224)-(t:14.014-step:509-v:2283.862)-(t:14.032-step:510-v:2260.428)-(t:14.110-step:511-v:2255.77)-(t:14.128-step:512-v:2233.761)-(t:14.143-step:513-v:2227.269)-(t:14.177-step:514-v:2225.596)-(t:14.203-step:515-v:2225.462)-(t:14.222-step:516-v:2211.418)-(t:14.244-step:517-v:2206.445)-(t:14.272-step:518-v:2195.106)-(t:28.676-step:986-v:2177.618)-(t:28.698-step:987-v:2171.998)-(t:28.710-step:988-v:2163.179)-(t:53.552-step:1851-v:2160.468)-(t:53.561-step:1852-v:2115.941)-(t:54.858-step:1882-v:1988.355)-(t:285.665-step:10212-v:1935.411)-(t:285.678-step:10213-v:1926.179)-(t:285.707-step:10214-v:1920.127)-(t:285.742-step:10215-v:1916.237)-(t:285.800-step:10216-v:1908.296)-(t:285.886-step:10217-v:1899.811)-(t:285.897-step:10218-v:1896.642)-(t:285.977-step:10219-v:1893.929)-(t:285.993-step:10220-v:1890.957)-(t:286.038-step:10221-v:1882.859)-(t:286.052-step:10222-v:1880.738)-(t:286.065-step:10223-v:1880.224)-(t:286.084-step:10224-v:1879.937)-(t:547.423-step:20386-v:1875.847)-(t:547.439-step:20387-v:1873.408)-(t:619.352-step:23134-v:1870.14)-(t:619.372-step:23135-v:1863.908)-(t:619.398-step:23136-v:1857.928)-(t:619.425-step:23137-v:1833.456)-(t:619.542-step:23138-v:1830.742)-(t:872.015-step:33661-v:1786.451)-(t:872.026-step:33662-v:1785.68)-(t:872.087-step:33663-v:1766.337)-(t:872.205-step:33664-v:1764.553)],463.988
ppo,examples/pdptw/pdptw_100/lr112.txt,r1,900,0,ppo --device=auto-gpu --c1-start=0.34 --c1-end=0.06 --c1-n-secs=196 --c2-start=0.39 --c2-end=0.2 --c2-n-secs=431 --n-epochs=65 --lr-critic=7.315462310749335E-4 --clipping=11.799185331865313 --batch-size=15 --seed=0 --disable-training-logs --memory-size=1015 --lr=0.0018103176507973232 --logdir=logs/ppo-pdptw_all-15m-r1/pdptw-lr112 --communication=unix-socket -i=/tmp/pipes/unix-socket-1757065846096280,======,12173102.0,[(t:13.440-step:263-v:2087.174)-(t:13.455-step:264-v:2084.794)-(t:13.468-step:265-v:2083.246)-(t:13.484-step:266-v:2074.153)-(t:13.553-step:267-v:2072.941)-(t:13.563-step:268-v:2072.236)-(t:13.937-step:272-v:2049.496)-(t:13.995-step:273-v:2044.6)-(t:14.806-step:285-v:1990.479)-(t:15.565-step:310-v:1889.972)-(t:15.783-step:322-v:1878.006)-(t:24.210-step:494-v:1850.229)-(t:24.222-step:495-v:1838.472)-(t:24.253-step:496-v:1836.559)-(t:24.278-step:497-v:1836.506)-(t:24.348-step:498-v:1836.471)-(t:24.446-step:499-v:1836.446)-(t:25.090-step:518-v:1809.188)-(t:25.106-step:519-v:1802.969)-(t:25.156-step:520-v:1798.55)-(t:25.876-step:537-v:1730.145)-(t:25.897-step:538-v:1722.284)-(t:25.941-step:539-v:1701.156)-(t:26.754-step:550-v:1650.319)-(t:26.842-step:551-v:1647.146)-(t:26.868-step:552-v:1644.273)-(t:31.495-step:647-v:1615.43)-(t:31.514-step:648-v:1591.871)-(t:31.548-step:649-v:1585.285)-(t:31.569-step:650-v:1585.207)-(t:42.367-step:822-v:1549.039)-(t:43.278-step:843-v:1457.683)-(t:43.291-step:844-v:1456.877)-(t:43.306-step:845-v:1451.821)-(t:43.451-step:846-v:1450.703)-(t:43.578-step:847-v:1447.601)-(t:43.602-step:848-v:1439.469)-(t:66.884-step:1349-v:1429.562)-(t:67.003-step:1350-v:1428.733)-(t:67.073-step:1351-v:1428.096)-(t:67.425-step:1352-v:1425.953)-(t:341.479-step:8336-v:1374.213)-(t:341.494-step:8337-v:1373.078)-(t:341.515-step:8338-v:1370.138)-(t:341.537-step:8339-v:1368.147)-(t:341.563-step:8340-v:1365.559)-(t:341.591-step:8341-v:1362.847)-(t:341.643-step:8342-v:1350.312)-(t:341.673-step:8343-v:1338.763)-(t:519.608-step:12990-v:1254.722)-(t:519.625-step:12991-v:1250.938)-(t:519.656-step:12992-v:1250.263)-(t:519.675-step:12993-v:1249.24)-(t:606.117-step:15337-v:1245.003)-(t:617.491-step:15716-v:1228.768)-(t:617.524-step:15717-v:1226.842)-(t:617.630-step:15718-v:1186.368)-(t:617.733-step:15719-v:1185.13)-(t:617.746-step:15720-v:1180.063)-(t:617.825-step:15721-v:1178.285)-(t:617.844-step:15722-v:1177.94)-(t:617.864-step:15723-v:1175.618)-(t:617.883-step:15724-v:1174.503)-(t:617.985-step:15725-v:1173.102)],218.814
ppo,examples/pdptw/pdptw_100/lrc207.txt,r1,900,0,ppo --device=auto-gpu --c1-start=0.34 --c1-end=0.06 --c1-n-secs=196 --c2-start=0.39 --c2-end=0.2 --c2-n-secs=431 --n-epochs=65 --lr-critic=7.315462310749335E-4 --clipping=11.799185331865313 --batch-size=15 --seed=0 --disable-training-logs --memory-size=1015 --lr=0.0018103176507973232 --logdir=logs/ppo-pdptw_all-15m-r1/pdptw-lrc207 --communication=unix-socket -i=/tmp/pipes/unix-socket-1757974696234670,======,90001312863.0,[],900.0
ppo,examples/pdptw/pdptw_100/lrc105.txt,r1,900,0,ppo --device=auto-gpu --c1-start=0.34 --c1-end=0.06 --c1-n-secs=196 --c2-start=0.39 --c2-end=0.2 --c2-n-secs=431 --n-epochs=65 --lr-critic=7.315462310749335E-4 --clipping=11.799185331865313 --batch-size=15 --seed=0 --disable-training-logs --memory-size=1015 --lr=0.0018103176507973232 --logdir=logs/ppo-pdptw_all-15m-r1/pdptw-lrc105 --communication=unix-socket -i=/tmp/pipes/unix-socket-1757077617619641,======,17787910.0,[(t:7.977-step:202-v:2348.161)-(t:7.999-step:203-v:2348.145)-(t:8.031-step:204-v:2345.928)-(t:8.103-step:205-v:2329.985)-(t:11.704-step:282-v:2325.4)-(t:16.514-step:389-v:2164.778)-(t:16.584-step:390-v:2160.477)-(t:16.802-step:396-v:2154.495)-(t:17.294-step:401-v:2137.536)-(t:18.201-step:421-v:2073.585)-(t:57.151-step:1208-v:2060.652)-(t:57.209-step:1209-v:2023.959)-(t:57.308-step:1210-v:1980.218)-(t:79.328-step:1674-v:1891.352)-(t:100.268-step:2233-v:1864.262)-(t:124.648-step:2837-v:1862.166)-(t:124.686-step:2838-v:1854.818)-(t:124.811-step:2843-v:1847.293)-(t:124.954-step:2844-v:1844.496)-(t:125.032-step:2845-v:1836.156)-(t:125.046-step:2846-v:1830.139)-(t:143.278-step:3214-v:1809.028)-(t:346.284-step:8091-v:1787.91)],96.454
ppo,examples/pdptw/pdptw_100/lrc106.txt,r1,900,0,ppo --device=auto-gpu --c1-start=0.34 --c1-end=0.06 --c1-n-secs=196 --c2-start=0.39 --c2-end=0.2 --c2-n-secs=431 --n-epochs=65 --lr-critic=7.315462310749335E-4 --clipping=11.799185331865313 --batch-size=15 --seed=0 --disable-training-logs --memory-size=1015 --lr=0.0018103176507973232 --logdir=logs/ppo-pdptw_all-15m-r1/pdptw-lrc106 --communication=unix-socket -i=/tmp/pipes/unix-socket-1757078070568567,======,15553108.0,[(t:6.810-step:212-v:1987.099)-(t:6.844-step:213-v:1983.676)-(t:6.885-step:214-v:1982.643)-(t:6.962-step:215-v:1972.087)-(t:11.010-step:304-v:1857.454)-(t:16.425-step:443-v:1836.579)-(t:16.437-step:444-v:1835.641)-(t:17.033-step:461-v:1754.29)-(t:17.048-step:462-v:1725.223)-(t:17.099-step:463-v:1712.737)-(t:18.541-step:516-v:1702.934)-(t:18.551-step:517-v:1696.963)-(t:218.658-step:5079-v:1668.691)-(t:508.013-step:12666-v:1634.292)-(t:508.033-step:12667-v:1632.055)-(t:540.734-step:13595-v:1627.227)-(t:540.761-step:13596-v:1620.317)-(t:540.790-step:13597-v:1618.08)-(t:864.478-step:22306-v:1617.356)-(t:865.479-step:22333-v:1605.631)-(t:866.067-step:22345-v:1553.108)],129.867
ppo,examples/pdptw/pdptw_100/lrc107.txt,r1,900,0,ppo --device=auto-gpu --c1-start=0.34 --c1-end=0.06 --c1-n-secs=196 --c2-start=0.39 --c2-end=0.2 --c2-n-secs=431 --n-epochs=65 --lr-critic=7.315462310749335E-4 --clipping=11.799185331865313 --batch-size=15 --seed=0 --disable-training-logs --memory-size=1015 --lr=0.0018103176507973232 --logdir=logs/ppo-pdptw_all-15m-r1/pdptw-lrc107 --communication=unix-socket -i=/tmp/pipes/unix-socket-1757084770791450,======,13433283.0,[(t:7.944-step:227-v:1867.737)-(t:7.967-step:228-v:1863.693)-(t:10.140-step:272-v:1802.85)-(t:10.292-step:273-v:1802.21)-(t:20.101-step:438-v:1801.36)-(t:20.159-step:439-v:1795.538)-(t:20.175-step:440-v:1792.601)-(t:20.229-step:441-v:1790.256)-(t:20.307-step:442-v:1788.293)-(t:24.536-step:518-v:1719.114)-(t:26.952-step:588-v:1700.041)-(t:26.962-step:589-v:1697.655)-(t:34.422-step:772-v:1682.838)-(t:34.486-step:773-v:1682.206)-(t:34.930-step:781-v:1603.338)-(t:34.967-step:782-v:1578.532)-(t:36.866-step:783-v:1566.417)-(t:37.062-step:784-v:1561.85)-(t:38.400-step:817-v:1546.51)-(t:38.421-step:818-v:1539.438)-(t:38.491-step:819-v:1538.487)-(t:38.516-step:820-v:1536.478)-(t:38.535-step:821-v:1531.971)-(t:38.640-step:822-v:1529.649)-(t:38.724-step:823-v:1528.091)-(t:41.931-step:881-v:1493.445)-(t:79.935-step:1609-v:1439.964)-(t:79.959-step:1610-v:1438.35)-(t:80.021-step:1611-v:1438.154)-(t:80.097-step:1612-v:1433.283)],140.492
ppo,examples/pdptw/pdptw_100/lrc108.txt,r1,900,0,ppo --device=auto-gpu --c1-start=0.34 --c1-end=0.06 --c1-n-secs=196 --c2-start=0.39 --c2-end=0.2 --c2-n-secs=431 --n-epochs=65 --lr-critic=7.315462310749335E-4 --clipping=11.799185331865313 --batch-size=15 --seed=0 --disable-training-logs --memory-size=1015 --lr=0.0018103176507973232 --logdir=logs/ppo-pdptw_all-15m-r1/pdptw-lrc108 --communication=unix-socket -i=/tmp/pipes/unix-socket-1757086298770194,======,13281865.0,[(t:9.553-step:229-v:2268.546)-(t:9.582-step:230-v:2267.368)-(t:9.602-step:231-v:2261.32)-(t:9.620-step:232-v:2260.816)-(t:10.342-step:246-v:2222.232)-(t:10.373-step:247-v:2219.304)-(t:10.520-step:248-v:2219.256)-(t:16.863-step:339-v:2030.322)-(t:16.917-step:340-v:1995.869)-(t:17.393-step:348-v:1893.814)-(t:17.485-step:349-v:1831.504)-(t:19.384-step:389-v:1774.01)-(t:21.048-step:429-v:1769.574)-(t:21.149-step:430-v:1768.489)-(t:36.066-step:699-v:1623.893)-(t:36.133-step:700-v:1622.109)-(t:36.191-step:701-v:1559.747)-(t:58.908-step:1153-v:1535.204)-(t:120.412-step:2431-v:1508.495)-(t:120.429-step:2432-v:1506.346)-(t:236.308-step:5348-v:1489.282)-(t:236.389-step:5349-v:1453.169)-(t:238.150-step:5392-v:1445.61)-(t:238.195-step:5393-v:1437.417)-(t:238.212-step:5394-v:1436.527)-(t:408.424-step:10093-v:1405.531)-(t:410.028-step:10124-v:1397.759)-(t:435.014-step:10892-v:1397.196)-(t:435.027-step:10893-v:1395.569)-(t:435.046-step:10894-v:1389.189)-(t:435.067-step:10895-v:1382.326)-(t:482.092-step:12270-v:1364.852)-(t:482.117-step:12271-v:1362.07)-(t:482.185-step:12272-v:1361.104)-(t:482.240-step:12273-v:1352.686)-(t:482.301-step:12274-v:1341.733)-(t:482.370-step:12275-v:1330.991)-(t:482.382-step:12276-v:1329.329)-(t:482.396-step:12277-v:1327.688)-(t:831.430-step:22030-v:1320.093)-(t:831.473-step:22031-v:1313.23)-(t:831.543-step:22032-v:1309.292)-(t:836.265-step:22172-v:1281.865)],171.258
ppo,examples/pdptw/pdptw_100/lrc205.txt,r1,900,0,ppo --device=auto-gpu --c1-start=0.34 --c1-end=0.06 --c1-n-secs=196 --c2-start=0.39 --c2-end=0.2 --c2-n-secs=431 --n-epochs=65 --lr-critic=7.315462310749335E-4 --clipping=11.799185331865313 --batch-size=15 --seed=0 --disable-training-logs --memory-size=1015 --lr=0.0018103176507973232 --logdir=logs/ppo-pdptw_all-15m-r1/pdptw-lrc205 --communication=unix-socket -i=/tmp/pipes/unix-socket-1757086327253759,======,7418893.0,[(t:8.319-step:256-v:2739.762)-(t:57.445-step:1648-v:2490.213)-(t:57.464-step:1649-v:2484.186)-(t:57.486-step:1650-v:2465.768)-(t:57.521-step:1651-v:2464.154)-(t:57.542-step:1652-v:2461.637)-(t:57.651-step:1653-v:2460.683)-(t:72.451-step:1998-v:2243.056)-(t:72.558-step:1999-v:2234.98)-(t:136.291-step:4097-v:2234.037)-(t:136.307-step:4098-v:2232.665)-(t:136.322-step:4099-v:2230.034)-(t:136.337-step:4100-v:2229.897)],385.528
ppo,examples/pdptw/pdptw_100/lrc206.txt,r1,900,0,ppo --device=auto-gpu --c1-start=0.34 --c1-end=0.06 --c1-n-secs=196 --c2-start=0.39 --c2-end=0.2 --c2-n-secs=431 --n-epochs=65 --lr-critic=7.315462310749335E-4 --clipping=11.799185331865313 --batch-size=15 --seed=0 --disable-training-logs --memory-size=1015 --lr=0.0018103176507973232 --logdir=logs/ppo-pdptw_all-15m-r1/pdptw-lrc206 --communication=unix-socket -i=/tmp/pipes/unix-socket-1757087478554356,======,6149274.0,[(t:15.863-step:524-v:2991.557)-(t:17.522-step:574-v:2812.982)-(t:17.538-step:575-v:2809.099)-(t:29.997-step:894-v:2780.879)-(t:30.015-step:895-v:2777.333)-(t:32.713-step:976-v:2749.661)-(t:32.810-step:977-v:2746.643)-(t:35.213-step:1043-v:2691.973)-(t:36.251-step:1059-v:2520.782)-(t:36.271-step:1060-v:2501.497)-(t:72.049-step:2071-v:2437.935)-(t:84.709-step:2495-v:2357.624)-(t:84.732-step:2496-v:2354.847)-(t:195.730-step:5638-v:2293.223)-(t:540.804-step:17551-v:2099.262)-(t:540.852-step:17552-v:2059.547)-(t:540.935-step:17553-v:2044.656)-(t:540.947-step:17554-v:2006.847)-(t:541.008-step:17555-v:2002.871)-(t:549.307-step:17879-v:1991.354)-(t:549.317-step:17880-v:1978.387)],429.551
ppo,examples/pdptw/pdptw_400/LC1_4_10.txt,r1,900,0,ppo --device=auto-gpu --c1-start=0.34 --c1-end=0.06 --c1-n-secs=196 --c2-start=0.39 --c2-end=0.2 --c2-n-secs=431 --n-epochs=65 --lr-critic=7.315462310749335E-4 --clipping=11.799185331865313 --batch-size=15 --seed=0 --disable-training-logs --memory-size=1015 --lr=0.0018103176507973232 --logdir=logs/ppo-pdptw_all-15m-r1/pdptw-LC1_4_10 --communication=unix-socket -i=/tmp/pipes/unix-socket-1757995550136651,======,398003526240.0,[],900.0
ppo,examples/pdptw/pdptw_400/LC2_4_7.txt,r1,900,0,ppo --device=auto-gpu --c1-start=0.34 --c1-end=0.06 --c1-n-secs=196 --c2-start=0.39 --c2-end=0.2 --c2-n-secs=431 --n-epochs=65 --lr-critic=7.315462310749335E-4 --clipping=11.799185331865313 --batch-size=15 --seed=0 --disable-training-logs --memory-size=1015 --lr=0.0018103176507973232 --logdir=logs/ppo-pdptw_all-15m-r1/pdptw-LC2_4_7 --communication=unix-socket -i=/tmp/pipes/unix-socket-1757997707172554,======,392001450886.0,[],900.0
ppo,examples/pdptw/pdptw_100/lrc208.txt,r1,900,0,ppo --device=auto-gpu --c1-start=0.34 --c1-end=0.06 --c1-n-secs=196 --c2-start=0.39 --c2-end=0.2 --c2-n-secs=431 --n-epochs=65 --lr-critic=7.315462310749335E-4 --clipping=11.799185331865313 --batch-size=15 --seed=0 --disable-training-logs --memory-size=1015 --lr=0.0018103176507973232 --logdir=logs/ppo-pdptw_all-15m-r1/pdptw-lrc208 --communication=unix-socket -i=/tmp/pipes/unix-socket-1757974841779653,======,6058075.0,[(t:14.855-step:615-v:2661.798)-(t:14.893-step:616-v:2602.076)-(t:25.344-step:911-v:2525.439)-(t:26.871-step:947-v:2373.996)-(t:26.891-step:948-v:2372.558)-(t:26.901-step:949-v:2372.285)-(t:26.997-step:950-v:2371.536)-(t:27.019-step:951-v:2370.732)-(t:32.347-step:1151-v:2315.572)-(t:32.356-step:1152-v:2315.325)-(t:97.145-step:3080-v:2282.733)-(t:97.163-step:3081-v:2278.724)-(t:97.173-step:3082-v:2273.368)-(t:577.807-step:20131-v:2251.114)-(t:577.828-step:20132-v:2248.334)-(t:577.918-step:20133-v:2241.473)-(t:577.930-step:20134-v:2235.708)-(t:577.961-step:20135-v:2191.886)-(t:578.002-step:20136-v:2184.538)-(t:578.035-step:20137-v:2183.714)-(t:578.052-step:20138-v:2181.213)-(t:578.072-step:20139-v:2177.988)-(t:578.104-step:20140-v:2174.622)-(t:762.383-step:27721-v:2171.322)-(t:762.392-step:27722-v:2097.422)-(t:762.519-step:27723-v:2079.193)-(t:762.530-step:27724-v:2072.85)-(t:762.557-step:27725-v:2058.075)],560.513
ppo,examples/pdptw/pdptw_400/LC1_4_6.txt,r1,900,0,ppo --device=auto-gpu --c1-start=0.34 --c1-end=0.06 --c1-n-secs=196 --c2-start=0.39 --c2-end=0.2 --c2-n-secs=431 --n-epochs=65 --lr-critic=7.315462310749335E-4 --clipping=11.799185331865313 --batch-size=15 --seed=0 --disable-training-logs --memory-size=1015 --lr=0.0018103176507973232 --logdir=logs/ppo-pdptw_all-15m-r1/pdptw-LC1_4_6 --communication=unix-socket -i=/tmp/pipes/unix-socket-1757983792438773,======,69308171.0,[(t:183.218-step:2269-v:15182.771)-(t:316.276-step:3228-v:13905.806)-(t:316.828-step:3229-v:13861.518)-(t:343.512-step:3407-v:13807.705)-(t:343.551-step:3408-v:13802.805)-(t:662.039-step:6176-v:13308.391)-(t:662.055-step:6177-v:13308.171)],530.235
ppo,examples/pdptw/pdptw_400/LC1_4_7.txt,r1,900,0,ppo --device=auto-gpu --c1-start=0.34 --c1-end=0.06 --c1-n-secs=196 --c2-start=0.39 --c2-end=0.2 --c2-n-secs=431 --n-epochs=65 --lr-critic=7.315462310749335E-4 --clipping=11.799185331865313 --batch-size=15 --seed=0 --disable-training-logs --memory-size=1015 --lr=0.0018103176507973232 --logdir=logs/ppo-pdptw_all-15m-r1/pdptw-LC1_4_7 --communication=unix-socket -i=/tmp/pipes/unix-socket-1757986910037998,======,65901351.0,[(t:206.621-step:2296-v:13901.351)],543.397
ppo,examples/pdptw/pdptw_400/LC1_4_9.txt,r1,900,0,ppo --device=auto-gpu --c1-start=0.34 --c1-end=0.06 --c1-n-secs=196 --c2-start=0.39 --c2-end=0.2 --c2-n-secs=431 --n-epochs=65 --lr-critic=7.315462310749335E-4 --clipping=11.799185331865313 --batch-size=15 --seed=0 --disable-training-logs --memory-size=1015 --lr=0.0018103176507973232 --logdir=logs/ppo-pdptw_all-15m-r1/pdptw-LC1_4_9 --communication=unix-socket -i=/tmp/pipes/unix-socket-1757994006558260,======,64323896.0,[(t:139.113-step:2044-v:19704.094)-(t:234.703-step:2896-v:17675.528)-(t:770.760-step:6271-v:17278.069)-(t:786.365-step:6369-v:16789.443)-(t:786.455-step:6370-v:16734.856)-(t:799.203-step:6450-v:16323.896)],579.419
ppo,examples/pdptw/pdptw_400/LC2_4_6.txt,r1,900,0,ppo --device=auto-gpu --c1-start=0.34 --c1-end=0.06 --c1-n-secs=196 --c2-start=0.39 --c2-end=0.2 --c2-n-secs=431 --n-epochs=65 --lr-critic=7.315462310749335E-4 --clipping=11.799185331865313 --batch-size=15 --seed=0 --disable-training-logs --memory-size=1015 --lr=0.0018103176507973232 --logdir=logs/ppo-pdptw_all-15m-r1/pdptw-LC2_4_6 --communication=unix-socket -i=/tmp/pipes/unix-socket-1757995764325291,======,34696237.0,[(t:74.262-step:1642-v:16193.096)-(t:801.053-step:10199-v:14696.237)],698.684
ppo,examples/pdptw/pdptw_400/LC2_4_8.txt,r1,900,0,ppo --device=auto-gpu --c1-start=0.34 --c1-end=0.06 --c1-n-secs=196 --c2-start=0.39 --c2-end=0.2 --c2-n-secs=431 --n-epochs=65 --lr-critic=7.315462310749335E-4 --clipping=11.799185331865313 --batch-size=15 --seed=0 --disable-training-logs --memory-size=1015 --lr=0.0018103176507973232 --logdir=logs/ppo-pdptw_all-15m-r1/pdptw-LC2_4_8 --communication=unix-socket -i=/tmp/pipes/unix-socket-1758005556553049,======,35018985.0,[(t:151.282-step:3061-v:17463.42)-(t:174.740-step:3348-v:15478.73)-(t:174.767-step:3349-v:15446.679)-(t:174.797-step:3350-v:15370.145)],713.431
ppo,examples/pdptw/pdptw_400/LC2_4_9.txt,r1,900,0,ppo --device=auto-gpu --c1-start=0.34 --c1-end=0.06 --c1-n-secs=196 --c2-start=0.39 --c2-end=0.2 --c2-n-secs=431 --n-epochs=65 --lr-critic=7.315462310749335E-4 --clipping=11.799185331865313 --batch-size=15 --seed=0 --disable-training-logs --memory-size=1015 --lr=0.0018103176507973232 --logdir=logs/ppo-pdptw_all-15m-r1/pdptw-LC2_4_9 --communication=unix-socket -i=/tmp/pipes/unix-socket-1758006848120006,======,34768543.0,[(t:96.848-step:1712-v:19457.818)-(t:358.167-step:5865-v:18935.607)-(t:358.181-step:5866-v:18933.613)-(t:361.071-step:5867-v:18921.266)-(t:361.090-step:5868-v:18884.158)-(t:379.573-step:6018-v:18076.385)-(t:382.598-step:6019-v:18073.592)-(t:384.249-step:6020-v:18059.391)-(t:395.586-step:6211-v:16022.073)-(t:395.608-step:6212-v:15996.806)-(t:395.634-step:6213-v:15995.964)-(t:397.293-step:6214-v:15993.045)-(t:399.046-step:6215-v:15987.003)-(t:412.829-step:6361-v:14782.839)-(t:412.846-step:6362-v:14779.709)-(t:412.939-step:6363-v:14778.699)-(t:412.955-step:6364-v:14776.326)-(t:413.349-step:6365-v:14768.543)],692.585
ppo,examples/pdptw/pdptw_400/LR2_4_6.txt,r1,900,0,ppo --device=auto-gpu --c1-start=0.34 --c1-end=0.06 --c1-n-secs=196 --c2-start=0.39 --c2-end=0.2 --c2-n-secs=431 --n-epochs=65 --lr-critic=7.315462310749335E-4 --clipping=11.799185331865313 --batch-size=15 --seed=0 --disable-training-logs --memory-size=1015 --lr=0.0018103176507973232 --logdir=logs/ppo-pdptw_all-15m-r1/pdptw-LR2_4_6 --communication=unix-socket -i=/tmp/pipes/unix-socket-1758915086555042,======,386002659411.0,[],900.0
ppo,examples/pdptw/pdptw_400/LR2_4_8.txt,r1,900,0,ppo --device=auto-gpu --c1-start=0.34 --c1-end=0.06 --c1-n-secs=196 --c2-start=0.39 --c2-end=0.2 --c2-n-secs=431 --n-epochs=65 --lr-critic=7.315462310749335E-4 --clipping=11.799185331865313 --batch-size=15 --seed=0 --disable-training-logs --memory-size=1015 --lr=0.0018103176507973232 --logdir=logs/ppo-pdptw_all-15m-r1/pdptw-LR2_4_8 --communication=unix-socket -i=/tmp/pipes/unix-socket-1758924741482582,======,384001789116.0,[],900.0
ppo,examples/pdptw/pdptw_400/LC2_4_10.txt,r1,900,0,ppo --device=auto-gpu --c1-start=0.34 --c1-end=0.06 --c1-n-secs=196 --c2-start=0.39 --c2-end=0.2 --c2-n-secs=431 --n-epochs=65 --lr-critic=7.315462310749335E-4 --clipping=11.799185331865313 --batch-size=15 --seed=0 --disable-training-logs --memory-size=1015 --lr=0.0018103176507973232 --logdir=logs/ppo-pdptw_all-15m-r1/pdptw-LC2_4_10 --communication=unix-socket -i=/tmp/pipes/unix-socket-1758230036402989,======,36348570.0,[(t:123.060-step:1690-v:17599.627)-(t:123.085-step:1691-v:17594.732)-(t:415.722-step:5485-v:17395.443)-(t:570.787-step:6763-v:16379.761)-(t:570.804-step:6764-v:16372.914)],725.213
ppo,examples/pdptw/pdptw_400/LR1_4_6.txt,r1,900,0,ppo --device=auto-gpu --c1-start=0.34 --c1-end=0.06 --c1-n-secs=196 --c2-start=0.39 --c2-end=0.2 --c2-n-secs=431 --n-epochs=65 --lr-critic=7.315462310749335E-4 --clipping=11.799185331865313 --batch-size=15 --seed=0 --disable-training-logs --memory-size=1015 --lr=0.0018103176507973232 --logdir=logs/ppo-pdptw_all-15m-r1/pdptw-LR1_4_6 --communication=unix-socket -i=/tmp/pipes/unix-socket-1758884957485508,======,58563635.0,[(t:368.780-step:3869-v:17890.387)-(t:368.827-step:3870-v:17873.038)-(t:416.355-step:4230-v:17153.992)-(t:416.406-step:4231-v:17152.004)-(t:417.475-step:4232-v:17046.958)-(t:881.276-step:7988-v:15381.832)-(t:881.309-step:7989-v:15380.962)-(t:881.343-step:7990-v:15370.63)-(t:881.449-step:7991-v:15358.029)],546.902
ppo,examples/pdptw/pdptw_400/LR1_4_7.txt,r1,900,0,ppo --device=auto-gpu --c1-start=0.34 --c1-end=0.06 --c1-n-secs=196 --c2-start=0.39 --c2-end=0.2 --c2-n-secs=431 --n-epochs=65 --lr-critic=7.315462310749335E-4 --clipping=11.799185331865313 --batch-size=15 --seed=0 --disable-training-logs --memory-size=1015 --lr=0.0018103176507973232 --logdir=logs/ppo-pdptw_all-15m-r1/pdptw-LR1_4_7 --communication=unix-socket -i=/tmp/pipes/unix-socket-1758894396089781,======,52672466.0,[(t:112.259-step:1695-v:16084.338)-(t:144.033-step:2062-v:15898.688)-(t:227.000-step:2893-v:15893.203)-(t:227.097-step:2894-v:15726.809)-(t:227.282-step:2895-v:15672.466)],465.058
ppo,examples/pdptw/pdptw_400/LR1_4_8.txt,r1,900,0,ppo --device=auto-gpu --c1-start=0.34 --c1-end=0.06 --c1-n-secs=196 --c2-start=0.39 --c2-end=0.2 --c2-n-secs=431 --n-epochs=65 --lr-critic=7.315462310749335E-4 --clipping=11.799185331865313 --batch-size=15 --seed=0 --disable-training-logs --memory-size=1015 --lr=0.0018103176507973232 --logdir=logs/ppo-pdptw_all-15m-r1/pdptw-LR1_4_8 --communication=unix-socket -i=/tmp/pipes/unix-socket-1758897020554211,======,46537464.0,[(t:261.571-step:3368-v:15608.61)-(t:792.405-step:7928-v:15191.982)-(t:794.311-step:7929-v:15189.793)-(t:806.160-step:8030-v:14651.46)-(t:806.216-step:8031-v:14537.464)],644.964
ppo,examples/pdptw/pdptw_400/LR1_4_9.txt,r1,900,0,ppo --device=auto-gpu --c1-start=0.34 --c1-end=0.06 --c1-n-secs=196 --c2-start=0.39 --c2-end=0.2 --c2-n-secs=431 --n-epochs=65 --lr-critic=7.315462310749335E-4 --clipping=11.799185331865313 --batch-size=15 --seed=0 --disable-training-logs --memory-size=1015 --lr=0.0018103176507973232 --logdir=logs/ppo-pdptw_all-15m-r1/pdptw-LR1_4_9 --communication=unix-socket -i=/tmp/pipes/unix-socket-1758903347208385,======,56003596.0,[(t:368.405-step:5440-v:16981.187)-(t:388.216-step:5567-v:16889.587)-(t:388.344-step:5568-v:16885.871)-(t:388.380-step:5569-v:16881.912)-(t:389.313-step:5570-v:16877.337)-(t:405.587-step:5628-v:16520.862)-(t:405.669-step:5629-v:16482.848)-(t:405.736-step:5630-v:16469.098)-(t:417.563-step:5691-v:15743.383)-(t:435.064-step:5836-v:15738.269)-(t:435.184-step:5837-v:15695.595)-(t:435.201-step:5838-v:15690.931)-(t:435.370-step:5839-v:15569.91)-(t:731.171-step:8669-v:15277.88)-(t:731.598-step:8670-v:15177.213)],563.042
ppo,examples/pdptw/pdptw_400/LR1_4_10.txt,r1,900,0,ppo --device=auto-gpu --c1-start=0.34 --c1-end=0.06 --c1-n-secs=196 --c2-start=0.39 --c2-end=0.2 --c2-n-secs=431 --n-epochs=65 --lr-critic=7.315462310749335E-4 --clipping=11.799185331865313 --batch-size=15 --seed=0 --disable-training-logs --memory-size=1015 --lr=0.0018103176507973232 --logdir=logs/ppo-pdptw_all-15m-r1/pdptw-LR1_4_10 --communication=unix-socket -i=/tmp/pipes/unix-socket-1758905191471378,======,50017452.0,[(t:135.511-step:2268-v:15272.857)-(t:135.550-step:2269-v:15267.579)-(t:135.630-step:2270-v:15193.123)-(t:135.716-step:2271-v:15187.9)-(t:135.771-step:2272-v:15175.497)-(t:144.062-step:2354-v:15059.365)-(t:144.077-step:2355-v:15047.784)-(t:145.216-step:2356-v:15039.428)-(t:145.251-step:2357-v:15019.691)-(t:145.270-step:2358-v:15017.452)],482.989
ppo,examples/pdptw/pdptw_400/LRC1_4_8.txt,r1,900,0,ppo --device=auto-gpu --c1-start=0.34 --c1-end=0.06 --c1-n-secs=196 --c2-start=0.39 --c2-end=0.2 --c2-n-secs=431 --n-epochs=65 --lr-critic=7.315462310749335E-4 --clipping=11.799185331865313 --batch-size=15 --seed=0 --disable-training-logs --memory-size=1015 --lr=0.0018103176507973232 --logdir=logs/ppo-pdptw_all-15m-r1/pdptw-LRC1_4_8 --communication=unix-socket -i=/tmp/pipes/unix-socket-1759807237181403,======,402002585371.0,[],900.0
ppo,examples/pdptw/pdptw_400/LRC1_4_9.txt,r1,900,0,ppo --device=auto-gpu --c1-start=0.34 --c1-end=0.06 --c1-n-secs=196 --c2-start=0.39 --c2-end=0.2 --c2-n-secs=431 --n-epochs=65 --lr-critic=7.315462310749335E-4 --clipping=11.799185331865313 --batch-size=15 --seed=0 --disable-training-logs --memory-size=1015 --lr=0.0018103176507973232 --logdir=logs/ppo-pdptw_all-15m-r1/pdptw-LRC1_4_9 --communication=unix-socket -i=/tmp/pipes/unix-socket-1759813192779129,======,402002318883.0,[],900.0
ppo,examples/pdptw/pdptw_400/LR2_4_7.txt,r1,900,0,ppo --device=auto-gpu --c1-start=0.34 --c1-end=0.06 --c1-n-secs=196 --c2-start=0.39 --c2-end=0.2 --c2-n-secs=431 --n-epochs=65 --lr-critic=7.315462310749335E-4 --clipping=11.799185331865313 --batch-size=15 --seed=0 --disable-training-logs --memory-size=1015 --lr=0.0018103176507973232 --logdir=logs/ppo-pdptw_all-15m-r1/pdptw-LR2_4_7 --communication=unix-socket -i=/tmp/pipes/unix-socket-1758917585068502,======,30448261.0,[(t:144.077-step:2256-v:18456.697)-(t:144.102-step:2257-v:18448.261)],572.478
ppo,examples/pdptw/pdptw_400/LR2_4_9.txt,r1,900,0,ppo --device=auto-gpu --c1-start=0.34 --c1-end=0.06 --c1-n-secs=196 --c2-start=0.39 --c2-end=0.2 --c2-n-secs=431 --n-epochs=65 --lr-critic=7.315462310749335E-4 --clipping=11.799185331865313 --batch-size=15 --seed=0 --disable-training-logs --memory-size=1015 --lr=0.0018103176507973232 --logdir=logs/ppo-pdptw_all-15m-r1/pdptw-LR2_4_9 --communication=unix-socket -i=/tmp/pipes/unix-socket-1758934620138067,======,34693943.0,[(t:352.352-step:3830-v:20522.679)-(t:352.409-step:3831-v:20505.008)-(t:627.178-step:6078-v:19696.666)-(t:628.386-step:6079-v:19693.943)],683.967
ppo,examples/pdptw/pdptw_400/LR2_4_10.txt,r1,900,0,ppo --device=auto-gpu --c1-start=0.34 --c1-end=0.06 --c1-n-secs=196 --c2-start=0.39 --c2-end=0.2 --c2-n-secs=431 --n-epochs=65 --lr-critic=7.315462310749335E-4 --clipping=11.799185331865313 --batch-size=15 --seed=0 --disable-training-logs --memory-size=1015 --lr=0.0018103176507973232 --logdir=logs/ppo-pdptw_all-15m-r1/pdptw-LR2_4_10 --communication=unix-socket -i=/tmp/pipes/unix-socket-1759139168142830,======,33161806.0,[(t:435.296-step:5507-v:21960.554)-(t:469.275-step:5847-v:21658.268)-(t:502.645-step:6041-v:21280.416)-(t:502.657-step:6042-v:21251.335)-(t:502.680-step:6043-v:21245.548)-(t:557.640-step:6523-v:20316.059)-(t:557.719-step:6524-v:20312.627)-(t:557.738-step:6525-v:20305.833)-(t:557.809-step:6526-v:20222.327)-(t:557.899-step:6527-v:20167.773)-(t:557.919-step:6528-v:20161.806)],727.883
ppo,examples/pdptw/pdptw_400/LRC1_4_6.txt,r1,900,0,ppo --device=auto-gpu --c1-start=0.34 --c1-end=0.06 --c1-n-secs=196 --c2-start=0.39 --c2-end=0.2 --c2-n-secs=431 --n-epochs=65 --lr-critic=7.315462310749335E-4 --clipping=11.799185331865313 --batch-size=15 --seed=0 --disable-training-logs --memory-size=1015 --lr=0.0018103176507973232 --logdir=logs/ppo-pdptw_all-15m-r1/pdptw-LRC1_4_6 --communication=unix-socket -i=/tmp/pipes/unix-socket-1759794522367124,======,57138676.0,[(t:109.211-step:1942-v:14968.899)-(t:112.449-step:1994-v:14805.701)-(t:113.127-step:1995-v:14805.183)-(t:113.145-step:1996-v:14804.637)-(t:118.021-step:2064-v:14512.358)-(t:121.684-step:2137-v:14208.843)-(t:136.462-step:2340-v:14140.907)-(t:172.740-step:2752-v:13997.95)-(t:173.487-step:2753-v:13977.425)-(t:173.560-step:2754-v:13975.237)-(t:173.628-step:2755-v:13974.804)-(t:173.644-step:2756-v:13974.479)-(t:173.658-step:2757-v:13974.124)-(t:288.344-step:3921-v:13958.609)-(t:288.944-step:3922-v:13956.973)-(t:308.958-step:4146-v:13755.988)-(t:308.988-step:4147-v:13747.94)-(t:309.021-step:4148-v:13729.673)-(t:309.063-step:4149-v:13724.907)-(t:309.118-step:4150-v:13723.581)-(t:309.162-step:4151-v:13719.745)-(t:401.641-step:5335-v:13058.855)-(t:401.678-step:5336-v:13057.213)-(t:401.733-step:5337-v:13057.158)-(t:408.671-step:5415-v:12877.048)-(t:409.141-step:5416-v:12873.62)],399.19
ppo,examples/pdptw/pdptw_400/LRC1_4_7.txt,r1,900,0,ppo --device=auto-gpu --c1-start=0.34 --c1-end=0.06 --c1-n-secs=196 --c2-start=0.39 --c2-end=0.2 --c2-n-secs=431 --n-epochs=65 --lr-critic=7.315462310749335E-4 --clipping=11.799185331865313 --batch-size=15 --seed=0 --disable-training-logs --memory-size=1015 --lr=0.0018103176507973232 --logdir=logs/ppo-pdptw_all-15m-r1/pdptw-LRC1_4_7 --communication=unix-socket -i=/tmp/pipes/unix-socket-1759805180910712,======,57289352.0,[(t:119.659-step:1933-v:14283.081)-(t:119.679-step:1934-v:14279.351)-(t:198.284-step:2751-v:14148.151)-(t:198.309-step:2752-v:14147.231)-(t:198.327-step:2753-v:14142.815)-(t:198.982-step:2754-v:14135.263)-(t:249.642-step:3296-v:13988.107)-(t:361.548-step:4484-v:13913.849)-(t:362.468-step:4485-v:13904.486)-(t:366.744-step:4545-v:13738.449)-(t:366.841-step:4546-v:13733.052)-(t:366.922-step:4547-v:13732.989)-(t:366.960-step:4548-v:13714.129)-(t:367.028-step:4549-v:13705.921)-(t:753.326-step:8295-v:13306.029)-(t:753.375-step:8296-v:13305.784)-(t:753.414-step:8297-v:13293.532)-(t:753.482-step:8298-v:13289.352)],443.806
ppo,examples/pdptw/pdptw_400/LRC1_4_10.txt,r1,900,0,ppo --device=auto-gpu --c1-start=0.34 --c1-end=0.06 --c1-n-secs=196 --c2-start=0.39 --c2-end=0.2 --c2-n-secs=431 --n-epochs=65 --lr-critic=7.315462310749335E-4 --clipping=11.799185331865313 --batch-size=15 --seed=0 --disable-training-logs --memory-size=1015 --lr=0.0018103176507973232 --logdir=logs/ppo-pdptw_all-15m-r1/pdptw-LRC1_4_10 --communication=unix-socket -i=/tmp/pipes/unix-socket-1759814789274155,======,55305237.0,[(t:324.351-step:5080-v:14665.318)-(t:324.383-step:5081-v:14665.057)-(t:334.027-step:5142-v:14328.084)-(t:334.064-step:5143-v:14309.456)-(t:334.081-step:5144-v:14309.179)-(t:334.122-step:5145-v:14305.237)],615.844
ppo,examples/pdptw/pdptw_400/LRC2_4_6.txt,r1,900,0,ppo --device=auto-gpu --c1-start=0.34 --c1-end=0.06 --c1-n-secs=196 --c2-start=0.39 --c2-end=0.2 --c2-n-secs=431 --n-epochs=65 --lr-critic=7.315462310749335E-4 --clipping=11.799185331865313 --batch-size=15 --seed=0 --disable-training-logs --memory-size=1015 --lr=0.0018103176507973232 --logdir=logs/ppo-pdptw_all-15m-r1/pdptw-LRC2_4_6 --communication=unix-socket -i=/tmp/pipes/unix-socket-1759816988773051,======,35118354.0,[(t:320.216-step:5894-v:20273.225)-(t:320.245-step:5895-v:20089.965)-(t:359.286-step:6175-v:19285.256)-(t:370.884-step:6343-v:17408.56)-(t:370.897-step:6344-v:17399.655)-(t:370.944-step:6345-v:17399.316)-(t:434.780-step:6909-v:17276.973)-(t:434.854-step:6910-v:17273.304)-(t:434.943-step:6911-v:17262.898)-(t:445.721-step:7039-v:17118.354)],688.406
ppo,examples/pdptw/pdptw_400/LRC2_4_7.txt,r1,900,0,ppo --device=auto-gpu --c1-start=0.34 --c1-end=0.06 --c1-n-secs=196 --c2-start=0.39 --c2-end=0.2 --c2-n-secs=431 --n-epochs=65 --lr-critic=7.315462310749335E-4 --clipping=11.799185331865313 --batch-size=15 --seed=0 --disable-training-logs --memory-size=1015 --lr=0.0018103176507973232 --logdir=logs/ppo-pdptw_all-15m-r1/pdptw-LRC2_4_7 --communication=unix-socket -i=/tmp/pipes/unix-socket-1759823081372780,======,36292855.0,[(t:333.222-step:4299-v:19538.467)-(t:786.789-step:7422-v:19316.315)-(t:789.815-step:7423-v:19292.855)],717.01
ppo,examples/pdptw/pdptw_400/LRC2_4_8.txt,r1,900,0,ppo --device=auto-gpu --c1-start=0.34 --c1-end=0.06 --c1-n-secs=196 --c2-start=0.39 --c2-end=0.2 --c2-n-secs=431 --n-epochs=65 --lr-critic=7.315462310749335E-4 --clipping=11.799185331865313 --batch-size=15 --seed=0 --disable-training-logs --memory-size=1015 --lr=0.0018103176507973232 --logdir=logs/ppo-pdptw_all-15m-r1/pdptw-LRC2_4_8 --communication=unix-socket -i=/tmp/pipes/unix-socket-1759826862771443,======,32510175.0,[(t:313.646-step:5601-v:19028.27)-(t:355.939-step:6060-v:19000.702)-(t:355.991-step:6061-v:18992.887)-(t:422.270-step:6679-v:17510.175)],709.677
ppo,examples/pdptw/pdptw_600/LC1_6_9.txt,r1,900,0,ppo --device=auto-gpu --c1-start=0.34 --c1-end=0.06 --c1-n-secs=196 --c2-start=0.39 --c2-end=0.2 --c2-n-secs=431 --n-epochs=65 --lr-critic=7.315462310749335E-4 --clipping=11.799185331865313 --batch-size=15 --seed=0 --disable-training-logs --memory-size=1015 --lr=0.0018103176507973232 --logdir=logs/ppo-pdptw_all-15m-r1/pdptw-LC1_6_9 --communication=unix-socket -i=/tmp/pipes/unix-socket-1760727371336824,======,618003580689.0,[],900.0
ppo,examples/pdptw/pdptw_400/LRC2_4_9.txt,r1,900,0,ppo --device=auto-gpu --c1-start=0.34 --c1-end=0.06 --c1-n-secs=196 --c2-start=0.39 --c2-end=0.2 --c2-n-secs=431 --n-epochs=65 --lr-critic=7.315462310749335E-4 --clipping=11.799185331865313 --batch-size=15 --seed=0 --disable-training-logs --memory-size=1015 --lr=0.0018103176507973232 --logdir=logs/ppo-pdptw_all-15m-r1/pdptw-LRC2_4_9 --communication=unix-socket -i=/tmp/pipes/unix-socket-1759844108433462,======,34882767.0,[(t:322.151-step:4094-v:20371.344)-(t:509.005-step:6008-v:19497.762)-(t:509.024-step:6009-v:19497.48)-(t:509.037-step:6010-v:19497.103)-(t:511.135-step:6011-v:19356.369)-(t:609.518-step:6869-v:18891.946)-(t:609.534-step:6870-v:18890.19)-(t:609.554-step:6871-v:18877.039)-(t:609.633-step:6872-v:18856.07)-(t:624.866-step:7056-v:17962.049)-(t:624.882-step:7057-v:17882.767)],708.276
ppo,examples/pdptw/pdptw_600/LR1_6_10.txt,r1,900,0,ppo --device=auto-gpu --c1-start=0.34 --c1-end=0.06 --c1-n-secs=196 --c2-start=0.39 --c2-end=0.2 --c2-n-secs=431 --n-epochs=65 --lr-critic=7.315462310749335E-4 --clipping=11.799185331865313 --batch-size=15 --seed=0 --disable-training-logs --memory-size=1015 --lr=0.0018103176507973232 --logdir=logs/ppo-pdptw_all-15m-r1/pdptw-LR1_6_10 --communication=unix-socket -i=/tmp/pipes/unix-socket-1760898423126715,======,614002578779.0,[],900.0
ppo,examples/pdptw/pdptw_600/LR2_6_6.txt,r1,900,0,ppo --device=auto-gpu --c1-start=0.34 --c1-end=0.06 --c1-n-secs=196 --c2-start=0.39 --c2-end=0.2 --c2-n-secs=431 --n-epochs=65 --lr-critic=7.315462310749335E-4 --clipping=11.799185331865313 --batch-size=15 --seed=0 --disable-training-logs --memory-size=1015 --lr=0.0018103176507973232 --logdir=logs/ppo-pdptw_all-15m-r1/pdptw-LR2_6_6 --communication=unix-socket -i=/tmp/pipes/unix-socket-1760907272816454,======,590003933824.0,[],900.0
ppo,examples/pdptw/pdptw_600/LR2_6_8.txt,r1,900,0,ppo --device=auto-gpu --c1-start=0.34 --c1-end=0.06 --c1-n-secs=196 --c2-start=0.39 --c2-end=0.2 --c2-n-secs=431 --n-epochs=65 --lr-critic=7.315462310749335E-4 --clipping=11.799185331865313 --batch-size=15 --seed=0 --disable-training-logs --memory-size=1015 --lr=0.0018103176507973232 --logdir=logs/ppo-pdptw_all-15m-r1/pdptw-LR2_6_8 --communication=unix-socket -i=/tmp/pipes/unix-socket-1760917761597359,======,584002407093.0,[],900.0
ppo,examples/pdptw/pdptw_600/LR2_6_9.txt,r1,900,0,ppo --device=auto-gpu --c1-start=0.34 --c1-end=0.06 --c1-n-secs=196 --c2-start=0.39 --c2-end=0.2 --c2-n-secs=431 --n-epochs=65 --lr-critic=7.315462310749335E-4 --clipping=11.799185331865313 --batch-size=15 --seed=0 --disable-training-logs --memory-size=1015 --lr=0.0018103176507973232 --logdir=logs/ppo-pdptw_all-15m-r1/pdptw-LR2_6_9 --communication=unix-socket -i=/tmp/pipes/unix-socket-1760928046911057,======,586003715577.0,[],900.0
ppo,examples/pdptw/pdptw_400/LRC2_4_10.txt,r1,900,0,ppo --device=auto-gpu --c1-start=0.34 --c1-end=0.06 --c1-n-secs=196 --c2-start=0.39 --c2-end=0.2 --c2-n-secs=431 --n-epochs=65 --lr-critic=7.315462310749335E-4 --clipping=11.799185331865313 --batch-size=15 --seed=0 --disable-training-logs --memory-size=1015 --lr=0.0018103176507973232 --logdir=logs/ppo-pdptw_all-15m-r1/pdptw-LRC2_4_10 --communication=unix-socket -i=/tmp/pipes/unix-socket-1760049462682934,======,32633513.0,[(t:164.007-step:2040-v:21756.834)-(t:181.663-step:2231-v:19951.35)-(t:434.089-step:4361-v:19209.705)-(t:775.883-step:6532-v:18660.753)-(t:775.920-step:6533-v:18647.646)-(t:775.936-step:6534-v:18643.734)-(t:775.982-step:6535-v:18639.808)-(t:776.046-step:6536-v:18634.854)-(t:776.065-step:6537-v:18633.513)],695.409
ppo,examples/pdptw/pdptw_600/LRC1_6_9.txt,r1,900,0,ppo --device=auto-gpu --c1-start=0.34 --c1-end=0.06 --c1-n-secs=196 --c2-start=0.39 --c2-end=0.2 --c2-n-secs=431 --n-epochs=65 --lr-critic=7.315462310749335E-4 --clipping=11.799185331865313 --batch-size=15 --seed=0 --disable-training-logs --memory-size=1015 --lr=0.0018103176507973232 --logdir=logs/ppo-pdptw_all-15m-r1/pdptw-LRC1_6_9 --communication=unix-socket -i=/tmp/pipes/unix-socket-1761002244703565,======,610001466509.0,[],900.0
ppo,examples/pdptw/pdptw_600/LRC2_6_6.txt,r1,900,0,ppo --device=auto-gpu --c1-start=0.34 --c1-end=0.06 --c1-n-secs=196 --c2-start=0.39 --c2-end=0.2 --c2-n-secs=431 --n-epochs=65 --lr-critic=7.315462310749335E-4 --clipping=11.799185331865313 --batch-size=15 --seed=0 --disable-training-logs --memory-size=1015 --lr=0.0018103176507973232 --logdir=logs/ppo-pdptw_all-15m-r1/pdptw-LRC2_6_6 --communication=unix-socket -i=/tmp/pipes/unix-socket-1761046251086109,======,592002786012.0,[],900.0
ppo,examples/pdptw/pdptw_600/LRC2_6_7.txt,r1,900,0,ppo --device=auto-gpu --c1-start=0.34 --c1-end=0.06 --c1-n-secs=196 --c2-start=0.39 --c2-end=0.2 --c2-n-secs=431 --n-epochs=65 --lr-critic=7.315462310749335E-4 --clipping=11.799185331865313 --batch-size=15 --seed=0 --disable-training-logs --memory-size=1015 --lr=0.0018103176507973232 --logdir=logs/ppo-pdptw_all-15m-r1/pdptw-LRC2_6_7 --communication=unix-socket -i=/tmp/pipes/unix-socket-1761057093705740,======,596003818726.0,[],900.0
ppo,examples/pdptw/pdptw_600/LRC2_6_9.txt,r1,900,0,ppo --device=auto-gpu --c1-start=0.34 --c1-end=0.06 --c1-n-secs=196 --c2-start=0.39 --c2-end=0.2 --c2-n-secs=431 --n-epochs=65 --lr-critic=7.315462310749335E-4 --clipping=11.799185331865313 --batch-size=15 --seed=0 --disable-training-logs --memory-size=1015 --lr=0.0018103176507973232 --logdir=logs/ppo-pdptw_all-15m-r1/pdptw-LRC2_6_9 --communication=unix-socket -i=/tmp/pipes/unix-socket-1761067725385666,======,590001759880.0,[],900.0
ppo,examples/pdptw/pdptw_600/LRC2_6_10.txt,r1,900,0,ppo --device=auto-gpu --c1-start=0.34 --c1-end=0.06 --c1-n-secs=196 --c2-start=0.39 --c2-end=0.2 --c2-n-secs=431 --n-epochs=65 --lr-critic=7.315462310749335E-4 --clipping=11.799185331865313 --batch-size=15 --seed=0 --disable-training-logs --memory-size=1015 --lr=0.0018103176507973232 --logdir=logs/ppo-pdptw_all-15m-r1/pdptw-LRC2_6_10 --communication=unix-socket -i=/tmp/pipes/unix-socket-1761078259751608,======,592002851659.0,[],900.0
ppo,examples/pdptw/pdptw_100/lc106.txt,r1,900,1,ppo --device=auto-gpu --c1-start=0.34 --c1-end=0.06 --c1-n-secs=196 --c2-start=0.39 --c2-end=0.2 --c2-n-secs=431 --n-epochs=65 --lr-critic=7.315462310749335E-4 --clipping=11.799185331865313 --batch-size=15 --seed=1 --disable-training-logs --memory-size=1015 --lr=0.0018103176507973232 --logdir=logs/ppo-pdptw_all-15m-r1/pdptw-lc106 --communication=unix-socket -i=/tmp/pipes/unix-socket-1761088428624585,======,106000000000.0,[],900.0
ppo,examples/pdptw/pdptw_100/lc107.txt,r1,900,1,ppo --device=auto-gpu --c1-start=0.34 --c1-end=0.06 --c1-n-secs=196 --c2-start=0.39 --c2-end=0.2 --c2-n-secs=431 --n-epochs=65 --lr-critic=7.315462310749335E-4 --clipping=11.799185331865313 --batch-size=15 --seed=1 --disable-training-logs --memory-size=1015 --lr=0.0018103176507973232 --logdir=logs/ppo-pdptw_all-15m-r1/pdptw-lc107 --communication=unix-socket -i=/tmp/pipes/unix-socket-1761095755977706,======,106000000000.0,[],900.0
ppo,examples/pdptw/pdptw_100/lc108.txt,r1,900,1,ppo --device=auto-gpu --c1-start=0.34 --c1-end=0.06 --c1-n-secs=196 --c2-start=0.39 --c2-end=0.2 --c2-n-secs=431 --n-epochs=65 --lr-critic=7.315462310749335E-4 --clipping=11.799185331865313 --batch-size=15 --seed=1 --disable-training-logs --memory-size=1015 --lr=0.0018103176507973232 --logdir=logs/ppo-pdptw_all-15m-r1/pdptw-lc108 --communication=unix-socket -i=/tmp/pipes/unix-socket-1761103074193793,======,106000000000.0,[],900.0
ppo,examples/pdptw/pdptw_100/lc109.txt,r1,900,1,ppo --device=auto-gpu --c1-start=0.34 --c1-end=0.06 --c1-n-secs=196 --c2-start=0.39 --c2-end=0.2 --c2-n-secs=431 --n-epochs=65 --lr-critic=7.315462310749335E-4 --clipping=11.799185331865313 --batch-size=15 --seed=1 --disable-training-logs --memory-size=1015 --lr=0.0018103176507973232 --logdir=logs/ppo-pdptw_all-15m-r1/pdptw-lc109 --communication=unix-socket -i=/tmp/pipes/unix-socket-1761110448463669,======,106000000000.0,[],900.0
ppo,examples/pdptw/pdptw_100/lc205.txt,r1,900,1,ppo --device=auto-gpu --c1-start=0.34 --c1-end=0.06 --c1-n-secs=196 --c2-start=0.39 --c2-end=0.2 --c2-n-secs=431 --n-epochs=65 --lr-critic=7.315462310749335E-4 --clipping=11.799185331865313 --batch-size=15 --seed=1 --disable-training-logs --memory-size=1015 --lr=0.0018103176507973232 --logdir=logs/ppo-pdptw_all-15m-r1/pdptw-lc205 --communication=unix-socket -i=/tmp/pipes/unix-socket-1761117902952837,======,102000000000.0,[],900.0
ppo,examples/pdptw/pdptw_100/lc206.txt,r1,900,1,ppo --device=auto-gpu --c1-start=0.34 --c1-end=0.06 --c1-n-secs=196 --c2-start=0.39 --c2-end=0.2 --c2-n-secs=431 --n-epochs=65 --lr-critic=7.315462310749335E-4 --clipping=11.799185331865313 --batch-size=15 --seed=1 --disable-training-logs --memory-size=1015 --lr=0.0018103176507973232 --logdir=logs/ppo-pdptw_all-15m-r1/pdptw-lc206 --communication=unix-socket -i=/tmp/pipes/unix-socket-1761125314284567,======,102000000000.0,[],900.0
ppo,examples/pdptw/pdptw_100/lc207.txt,r1,900,1,ppo --device=auto-gpu --c1-start=0.34 --c1-end=0.06 --c1-n-secs=196 --c2-start=0.39 --c2-end=0.2 --c2-n-secs=431 --n-epochs=65 --lr-critic=7.315462310749335E-4 --clipping=11.799185331865313 --batch-size=15 --seed=1 --disable-training-logs --memory-size=1015 --lr=0.0018103176507973232 --logdir=logs/ppo-pdptw_all-15m-r1/pdptw-lc207 --communication=unix-socket -i=/tmp/pipes/unix-socket-1761132724375831,======,102000000000.0,[],900.0
ppo,examples/pdptw/pdptw_100/lc208.txt,r1,900,1,ppo --device=auto-gpu --c1-start=0.34 --c1-end=0.06 --c1-n-secs=196 --c2-start=0.39 --c2-end=0.2 --c2-n-secs=431 --n-epochs=65 --lr-critic=7.315462310749335E-4 --clipping=11.799185331865313 --batch-size=15 --seed=1 --disable-training-logs --memory-size=1015 --lr=0.0018103176507973232 --logdir=logs/ppo-pdptw_all-15m-r1/pdptw-lc208 --communication=unix-socket -i=/tmp/pipes/unix-socket-1761140220997148,======,102000000000.0,[],900.0
ppo,examples/pdptw/pdptw_100/lr107.txt,r1,900,1,ppo --device=auto-gpu --c1-start=0.34 --c1-end=0.06 --c1-n-secs=196 --c2-start=0.39 --c2-end=0.2 --c2-n-secs=431 --n-epochs=65 --lr-critic=7.315462310749335E-4 --clipping=11.799185331865313 --batch-size=15 --seed=1 --disable-training-logs --memory-size=1015 --lr=0.0018103176507973232 --logdir=logs/ppo-pdptw_all-15m-r1/pdptw-lr107 --communication=unix-socket -i=/tmp/pipes/unix-socket-1761147685355406,======,104000000000.0,[],900.0
ppo,examples/pdptw/pdptw_100/lr108.txt,r1,900,1,ppo --device=auto-gpu --c1-start=0.34 --c1-end=0.06 --c1-n-secs=196 --c2-start=0.39 --c2-end=0.2 --c2-n-secs=431 --n-epochs=65 --lr-critic=7.315462310749335E-4 --clipping=11.799185331865313 --batch-size=15 --seed=1 --disable-training-logs --memory-size=1015 --lr=0.0018103176507973232 --logdir=logs/ppo-pdptw_all-15m-r1/pdptw-lr108 --communication=unix-socket -i=/tmp/pipes/unix-socket-1761155246253774,======,100000000000.0,[],900.0
ppo,examples/pdptw/pdptw_100/lr109.txt,r1,900,1,ppo --device=auto-gpu --c1-start=0.34 --c1-end=0.06 --c1-n-secs=196 --c2-start=0.39 --c2-end=0.2 --c2-n-secs=431 --n-epochs=65 --lr-critic=7.315462310749335E-4 --clipping=11.799185331865313 --batch-size=15 --seed=1 --disable-training-logs --memory-size=1015 --lr=0.0018103176507973232 --logdir=logs/ppo-pdptw_all-15m-r1/pdptw-lr109 --communication=unix-socket -i=/tmp/pipes/unix-socket-1761162739129407,======,106000000000.0,[],900.0
ppo,examples/pdptw/pdptw_100/lr110.txt,r1,900,1,ppo --device=auto-gpu --c1-start=0.34 --c1-end=0.06 --c1-n-secs=196 --c2-start=0.39 --c2-end=0.2 --c2-n-secs=431 --n-epochs=65 --lr-critic=7.315462310749335E-4 --clipping=11.799185331865313 --batch-size=15 --seed=1 --disable-training-logs --memory-size=1015 --lr=0.0018103176507973232 --logdir=logs/ppo-pdptw_all-15m-r1/pdptw-lr110 --communication=unix-socket -i=/tmp/pipes/unix-socket-1761170161342072,======,104000000000.0,[],900.0
ppo,examples/pdptw/pdptw_100/lr111.txt,r1,900,1,ppo --device=auto-gpu --c1-start=0.34 --c1-end=0.06 --c1-n-secs=196 --c2-start=0.39 --c2-end=0.2 --c2-n-secs=431 --n-epochs=65 --lr-critic=7.315462310749335E-4 --clipping=11.799185331865313 --batch-size=15 --seed=1 --disable-training-logs --memory-size=1015 --lr=0.0018103176507973232 --logdir=logs/ppo-pdptw_all-15m-r1/pdptw-lr111 --communication=unix-socket -i=/tmp/pipes/unix-socket-1761177463992989,======,108000000000.0,[],900.0
ppo,examples/pdptw/pdptw_100/lr112.txt,r1,900,1,ppo --device=auto-gpu --c1-start=0.34 --c1-end=0.06 --c1-n-secs=196 --c2-start=0.39 --c2-end=0.2 --c2-n-secs=431 --n-epochs=65 --lr-critic=7.315462310749335E-4 --clipping=11.799185331865313 --batch-size=15 --seed=1 --disable-training-logs --memory-size=1015 --lr=0.0018103176507973232 --logdir=logs/ppo-pdptw_all-15m-r1/pdptw-lr112 --communication=unix-socket -i=/tmp/pipes/unix-socket-1761184716894178,======,106000000000.0,[],900.0
ppo,examples/pdptw/pdptw_100/lr206.txt,r1,900,1,ppo --device=auto-gpu --c1-start=0.34 --c1-end=0.06 --c1-n-secs=196 --c2-start=0.39 --c2-end=0.2 --c2-n-secs=431 --n-epochs=65 --lr-critic=7.315462310749335E-4 --clipping=11.799185331865313 --batch-size=15 --seed=1 --disable-training-logs --memory-size=1015 --lr=0.0018103176507973232 --logdir=logs/ppo-pdptw_all-15m-r1/pdptw-lr206 --communication=unix-socket -i=/tmp/pipes/unix-socket-1761192007414153,======,100000000000.0,[],900.0
ppo,examples/pdptw/pdptw_100/lr207.txt,r1,900,1,ppo --device=auto-gpu --c1-start=0.34 --c1-end=0.06 --c1-n-secs=196 --c2-start=0.39 --c2-end=0.2 --c2-n-secs=431 --n-epochs=65 --lr-critic=7.315462310749335E-4 --clipping=11.799185331865313 --batch-size=15 --seed=1 --disable-training-logs --memory-size=1015 --lr=0.0018103176507973232 --logdir=logs/ppo-pdptw_all-15m-r1/pdptw-lr207 --communication=unix-socket -i=/tmp/pipes/unix-socket-1761199533714078,======,102000000000.0,[],900.0
ppo,examples/pdptw/pdptw_100/lr208.txt,r1,900,1,ppo --device=auto-gpu --c1-start=0.34 --c1-end=0.06 --c1-n-secs=196 --c2-start=0.39 --c2-end=0.2 --c2-n-secs=431 --n-epochs=65 --lr-critic=7.315462310749335E-4 --clipping=11.799185331865313 --batch-size=15 --seed=1 --disable-training-logs --memory-size=1015 --lr=0.0018103176507973232 --logdir=logs/ppo-pdptw_all-15m-r1/pdptw-lr208 --communication=unix-socket -i=/tmp/pipes/unix-socket-1761207178300294,======,100000000000.0,[],900.0
ppo,examples/pdptw/pdptw_100/lr209.txt,r1,900,1,ppo --device=auto-gpu --c1-start=0.34 --c1-end=0.06 --c1-n-secs=196 --c2-start=0.39 --c2-end=0.2 --c2-n-secs=431 --n-epochs=65 --lr-critic=7.315462310749335E-4 --clipping=11.799185331865313 --batch-size=15 --seed=1 --disable-training-logs --memory-size=1015 --lr=0.0018103176507973232 --logdir=logs/ppo-pdptw_all-15m-r1/pdptw-lr209 --communication=unix-socket -i=/tmp/pipes/unix-socket-1761214964950742,======,102000000000.0,[],900.0
ppo,examples/pdptw/pdptw_100/lr210.txt,r1,900,1,ppo --device=auto-gpu --c1-start=0.34 --c1-end=0.06 --c1-n-secs=196 --c2-start=0.39 --c2-end=0.2 --c2-n-secs=431 --n-epochs=65 --lr-critic=7.315462310749335E-4 --clipping=11.799185331865313 --batch-size=15 --seed=1 --disable-training-logs --memory-size=1015 --lr=0.0018103176507973232 --logdir=logs/ppo-pdptw_all-15m-r1/pdptw-lr210 --communication=unix-socket -i=/tmp/pipes/unix-socket-1761222360967331,======,102000000000.0,[],900.0
ppo,examples/pdptw/pdptw_100/lr211.txt,r1,900,1,ppo --device=auto-gpu --c1-start=0.34 --c1-end=0.06 --c1-n-secs=196 --c2-start=0.39 --c2-end=0.2 --c2-n-secs=431 --n-epochs=65 --lr-critic=7.315462310749335E-4 --clipping=11.799185331865313 --batch-size=15 --seed=1 --disable-training-logs --memory-size=1015 --lr=0.0018103176507973232 --logdir=logs/ppo-pdptw_all-15m-r1/pdptw-lr211 --communication=unix-socket -i=/tmp/pipes/unix-socket-1761229819204977,======,100000000000.0,[],900.0
ppo,examples/pdptw/pdptw_100/lrc105.txt,r1,900,1,ppo --device=auto-gpu --c1-start=0.34 --c1-end=0.06 --c1-n-secs=196 --c2-start=0.39 --c2-end=0.2 --c2-n-secs=431 --n-epochs=65 --lr-critic=7.315462310749335E-4 --clipping=11.799185331865313 --batch-size=15 --seed=1 --disable-training-logs --memory-size=1015 --lr=0.0018103176507973232 --logdir=logs/ppo-pdptw_all-15m-r1/pdptw-lrc105 --communication=unix-socket -i=/tmp/pipes/unix-socket-1761237602878385,======,108000000000.0,[],900.0
ppo,examples/pdptw/pdptw_100/lrc106.txt,r1,900,1,ppo --device=auto-gpu --c1-start=0.34 --c1-end=0.06 --c1-n-secs=196 --c2-start=0.39 --c2-end=0.2 --c2-n-secs=431 --n-epochs=65 --lr-critic=7.315462310749335E-4 --clipping=11.799185331865313 --batch-size=15 --seed=1 --disable-training-logs --memory-size=1015 --lr=0.0018103176507973232 --logdir=logs/ppo-pdptw_all-15m-r1/pdptw-lrc106 --communication=unix-socket -i=/tmp/pipes/unix-socket-1761245086119350,======,106000000000.0,[],900.0
ppo,examples/pdptw/pdptw_100/lrc107.txt,r1,900,1,ppo --device=auto-gpu --c1-start=0.34 --c1-end=0.06 --c1-n-secs=196 --c2-start=0.39 --c2-end=0.2 --c2-n-secs=431 --n-epochs=65 --lr-critic=7.315462310749335E-4 --clipping=11.799185331865313 --batch-size=15 --seed=1 --disable-training-logs --memory-size=1015 --lr=0.0018103176507973232 --logdir=logs/ppo-pdptw_all-15m-r1/pdptw-lrc107 --communication=unix-socket -i=/tmp/pipes/unix-socket-1761247642589786,======,106000000000.0,[],900.0
ppo,examples/pdptw/pdptw_100/lrc108.txt,r1,900,1,ppo --device=auto-gpu --c1-start=0.34 --c1-end=0.06 --c1-n-secs=196 --c2-start=0.39 --c2-end=0.2 --c2-n-secs=431 --n-epochs=65 --lr-critic=7.315462310749335E-4 --clipping=11.799185331865313 --batch-size=15 --seed=1 --disable-training-logs --memory-size=1015 --lr=0.0018103176507973232 --logdir=logs/ppo-pdptw_all-15m-r1/pdptw-lrc108 --communication=unix-socket -i=/tmp/pipes/unix-socket-1761250388191440,======,104000000000.0,[],900.0
ppo,examples/pdptw/pdptw_100/lrc205.txt,r1,900,1,ppo --device=auto-gpu --c1-start=0.34 --c1-end=0.06 --c1-n-secs=196 --c2-start=0.39 --c2-end=0.2 --c2-n-secs=431 --n-epochs=65 --lr-critic=7.315462310749335E-4 --clipping=11.799185331865313 --batch-size=15 --seed=1 --disable-training-logs --memory-size=1015 --lr=0.0018103176507973232 --logdir=logs/ppo-pdptw_all-15m-r1/pdptw-lrc205 --communication=unix-socket -i=/tmp/pipes/unix-socket-1761252414816438,======,102000000000.0,[],900.0
ppo,examples/pdptw/pdptw_100/lrc206.txt,r1,900,1,ppo --device=auto-gpu --c1-start=0.34 --c1-end=0.06 --c1-n-secs=196 --c2-start=0.39 --c2-end=0.2 --c2-n-secs=431 --n-epochs=65 --lr-critic=7.315462310749335E-4 --clipping=11.799185331865313 --batch-size=15 --seed=1 --disable-training-logs --memory-size=1015 --lr=0.0018103176507973232 --logdir=logs/ppo-pdptw_all-15m-r1/pdptw-lrc206 --communication=unix-socket -i=/tmp/pipes/unix-socket-1761255079260586,======,102000000000.0,[],900.0
ppo,examples/pdptw/pdptw_100/lrc207.txt,r1,900,1,ppo --device=auto-gpu --c1-start=0.34 --c1-end=0.06 --c1-n-secs=196 --c2-start=0.39 --c2-end=0.2 --c2-n-secs=431 --n-epochs=65 --lr-critic=7.315462310749335E-4 --clipping=11.799185331865313 --batch-size=15 --seed=1 --disable-training-logs --memory-size=1015 --lr=0.0018103176507973232 --logdir=logs/ppo-pdptw_all-15m-r1/pdptw-lrc207 --communication=unix-socket -i=/tmp/pipes/unix-socket-1761257843087734,======,102000000000.0,[],900.0
ppo,examples/pdptw/pdptw_100/lrc208.txt,r1,900,1,ppo --device=auto-gpu --c1-start=0.34 --c1-end=0.06 --c1-n-secs=196 --c2-start=0.39 --c2-end=0.2 --c2-n-secs=431 --n-epochs=65 --lr-critic=7.315462310749335E-4 --clipping=11.799185331865313 --batch-size=15 --seed=1 --disable-training-logs --memory-size=1015 --lr=0.0018103176507973232 --logdir=logs/ppo-pdptw_all-15m-r1/pdptw-lrc208 --communication=unix-socket -i=/tmp/pipes/unix-socket-1761259882248600,======,102000000000.0,[],900.0
ppo,examples/pdptw/pdptw_400/LC1_4_8.txt,r1,900,1,ppo --device=auto-gpu --c1-start=0.34 --c1-end=0.06 --c1-n-secs=196 --c2-start=0.39 --c2-end=0.2 --c2-n-secs=431 --n-epochs=65 --lr-critic=7.315462310749335E-4 --clipping=11.799185331865313 --batch-size=15 --seed=1 --disable-training-logs --memory-size=1015 --lr=0.0018103176507973232 --logdir=logs/ppo-pdptw_all-15m-r1/pdptw-LC1_4_8 --communication=unix-socket -i=/tmp/pipes/unix-socket-1761267763205288,======,416000000000.0,[],900.0
ppo,examples/pdptw/pdptw_400/LC1_4_9.txt,r1,900,1,ppo --device=auto-gpu --c1-start=0.34 --c1-end=0.06 --c1-n-secs=196 --c2-start=0.39 --c2-end=0.2 --c2-n-secs=431 --n-epochs=65 --lr-critic=7.315462310749335E-4 --clipping=11.799185331865313 --batch-size=15 --seed=1 --disable-training-logs --memory-size=1015 --lr=0.0018103176507973232 --logdir=logs/ppo-pdptw_all-15m-r1/pdptw-LC1_4_9 --communication=unix-socket -i=/tmp/pipes/unix-socket-1761275852369403,======,418000000000.0,[],900.0
ppo,examples/pdptw/pdptw_400/LC1_4_10.txt,r1,900,1,ppo --device=auto-gpu --c1-start=0.34 --c1-end=0.06 --c1-n-secs=196 --c2-start=0.39 --c2-end=0.2 --c2-n-secs=431 --n-epochs=65 --lr-critic=7.315462310749335E-4 --clipping=11.799185331865313 --batch-size=15 --seed=1 --disable-training-logs --memory-size=1015 --lr=0.0018103176507973232 --logdir=logs/ppo-pdptw_all-15m-r1/pdptw-LC1_4_10 --communication=unix-socket -i=/tmp/pipes/unix-socket-1761283835315276,======,416000000000.0,[],900.0
ppo,examples/pdptw/pdptw_400/LC2_4_6.txt,r1,900,1,ppo --device=auto-gpu --c1-start=0.34 --c1-end=0.06 --c1-n-secs=196 --c2-start=0.39 --c2-end=0.2 --c2-n-secs=431 --n-epochs=65 --lr-critic=7.315462310749335E-4 --clipping=11.799185331865313 --batch-size=15 --seed=1 --disable-training-logs --memory-size=1015 --lr=0.0018103176507973232 --logdir=logs/ppo-pdptw_all-15m-r1/pdptw-LC2_4_6 --communication=unix-socket -i=/tmp/pipes/unix-socket-1761291988246017,======,406000000000.0,[],900.0
ppo,examples/pdptw/pdptw_400/LC2_4_7.txt,r1,900,1,ppo --device=auto-gpu --c1-start=0.34 --c1-end=0.06 --c1-n-secs=196 --c2-start=0.39 --c2-end=0.2 --c2-n-secs=431 --n-epochs=65 --lr-critic=7.315462310749335E-4 --clipping=11.799185331865313 --batch-size=15 --seed=1 --disable-training-logs --memory-size=1015 --lr=0.0018103176507973232 --logdir=logs/ppo-pdptw_all-15m-r1/pdptw-LC2_4_7 --communication=unix-socket -i=/tmp/pipes/unix-socket-1761300166927339,======,408000000000.0,[],900.0
ppo,examples/pdptw/pdptw_400/LC2_4_8.txt,r1,900,1,ppo --device=auto-gpu --c1-start=0.34 --c1-end=0.06 --c1-n-secs=196 --c2-start=0.39 --c2-end=0.2 --c2-n-secs=431 --n-epochs=65 --lr-critic=7.315462310749335E-4 --clipping=11.799185331865313 --batch-size=15 --seed=1 --disable-training-logs --memory-size=1015 --lr=0.0018103176507973232 --logdir=logs/ppo-pdptw_all-15m-r1/pdptw-LC2_4_8 --communication=unix-socket -i=/tmp/pipes/unix-socket-1761308436438875,======,406000000000.0,[],900.0
ppo,examples/pdptw/pdptw_400/LC2_4_9.txt,r1,900,1,ppo --device=auto-gpu --c1-start=0.34 --c1-end=0.06 --c1-n-secs=196 --c2-start=0.39 --c2-end=0.2 --c2-n-secs=431 --n-epochs=65 --lr-critic=7.315462310749335E-4 --clipping=11.799185331865313 --batch-size=15 --seed=1 --disable-training-logs --memory-size=1015 --lr=0.0018103176507973232 --logdir=logs/ppo-pdptw_all-15m-r1/pdptw-LC2_4_9 --communication=unix-socket -i=/tmp/pipes/unix-socket-1761316456779083,======,410000000000.0,[],900.0
ppo,examples/pdptw/pdptw_400/LC2_4_10.txt,r1,900,1,ppo --device=auto-gpu --c1-start=0.34 --c1-end=0.06 --c1-n-secs=196 --c2-start=0.39 --c2-end=0.2 --c2-n-secs=431 --n-epochs=65 --lr-critic=7.315462310749335E-4 --clipping=11.799185331865313 --batch-size=15 --seed=1 --disable-training-logs --memory-size=1015 --lr=0.0018103176507973232 --logdir=logs/ppo-pdptw_all-15m-r1/pdptw-LC2_4_10 --communication=unix-socket -i=/tmp/pipes/unix-socket-1761324460370163,======,404000000000.0,[],900.0
ppo,examples/pdptw/pdptw_400/LR1_4_7.txt,r1,900,1,ppo --device=auto-gpu --c1-start=0.34 --c1-end=0.06 --c1-n-secs=196 --c2-start=0.39 --c2-end=0.2 --c2-n-secs=431 --n-epochs=65 --lr-critic=7.315462310749335E-4 --clipping=11.799185331865313 --batch-size=15 --seed=1 --disable-training-logs --memory-size=1015 --lr=0.0018103176507973232 --logdir=logs/ppo-pdptw_all-15m-r1/pdptw-LR1_4_7 --communication=unix-socket -i=/tmp/pipes/unix-socket-1761393932793796,======,416000000000.0,[],900.0
ppo,examples/pdptw/pdptw_400/LR1_4_9.txt,r1,900,1,ppo --device=auto-gpu --c1-start=0.34 --c1-end=0.06 --c1-n-secs=196 --c2-start=0.39 --c2-end=0.2 --c2-n-secs=431 --n-epochs=65 --lr-critic=7.315462310749335E-4 --clipping=11.799185331865313 --batch-size=15 --seed=1 --disable-training-logs --memory-size=1015 --lr=0.0018103176507973232 --logdir=logs/ppo-pdptw_all-15m-r1/pdptw-LR1_4_9 --communication=unix-socket -i=/tmp/pipes/unix-socket-1761584359360568,======,418000000000.0,[],900.0
ppo,examples/pdptw/pdptw_400/LR1_4_10.txt,r1,900,1,ppo --device=auto-gpu --c1-start=0.34 --c1-end=0.06 --c1-n-secs=196 --c2-start=0.39 --c2-end=0.2 --c2-n-secs=431 --n-epochs=65 --lr-critic=7.315462310749335E-4 --clipping=11.799185331865313 --batch-size=15 --seed=1 --disable-training-logs --memory-size=1015 --lr=0.0018103176507973232 --logdir=logs/ppo-pdptw_all-15m-r1/pdptw-LR1_4_10 --communication=unix-socket -i=/tmp/pipes/unix-socket-1761592487049093,======,418000000000.0,[],900.0
ppo,examples/pdptw/pdptw_400/LR2_4_6.txt,r1,900,1,ppo --device=auto-gpu --c1-start=0.34 --c1-end=0.06 --c1-n-secs=196 --c2-start=0.39 --c2-end=0.2 --c2-n-secs=431 --n-epochs=65 --lr-critic=7.315462310749335E-4 --clipping=11.799185331865313 --batch-size=15 --seed=1 --disable-training-logs --memory-size=1015 --lr=0.0018103176507973232 --logdir=logs/ppo-pdptw_all-15m-r1/pdptw-LR2_4_6 --communication=unix-socket -i=/tmp/pipes/unix-socket-1761600851990709,======,402000000000.0,[],900.0
ppo,examples/pdptw/pdptw_400/LR2_4_7.txt,r1,900,1,ppo --device=auto-gpu --c1-start=0.34 --c1-end=0.06 --c1-n-secs=196 --c2-start=0.39 --c2-end=0.2 --c2-n-secs=431 --n-epochs=65 --lr-critic=7.315462310749335E-4 --clipping=11.799185331865313 --batch-size=15 --seed=1 --disable-training-logs --memory-size=1015 --lr=0.0018103176507973232 --logdir=logs/ppo-pdptw_all-15m-r1/pdptw-LR2_4_7 --communication=unix-socket -i=/tmp/pipes/unix-socket-1761608809568870,======,406000000000.0,[],900.0
ppo,examples/pdptw/pdptw_400/LR2_4_8.txt,r1,900,1,ppo --device=auto-gpu --c1-start=0.34 --c1-end=0.06 --c1-n-secs=196 --c2-start=0.39 --c2-end=0.2 --c2-n-secs=431 --n-epochs=65 --lr-critic=7.315462310749335E-4 --clipping=11.799185331865313 --batch-size=15 --seed=1 --disable-training-logs --memory-size=1015 --lr=0.0018103176507973232 --logdir=logs/ppo-pdptw_all-15m-r1/pdptw-LR2_4_8 --communication=unix-socket -i=/tmp/pipes/unix-socket-1761616766957315,======,404000000000.0,[],900.0
ppo,examples/pdptw/pdptw_400/LR2_4_9.txt,r1,900,1,ppo --device=auto-gpu --c1-start=0.34 --c1-end=0.06 --c1-n-secs=196 --c2-start=0.39 --c2-end=0.2 --c2-n-secs=431 --n-epochs=65 --lr-critic=7.315462310749335E-4 --clipping=11.799185331865313 --batch-size=15 --seed=1 --disable-training-logs --memory-size=1015 --lr=0.0018103176507973232 --logdir=logs/ppo-pdptw_all-15m-r1/pdptw-LR2_4_9 --communication=unix-socket -i=/tmp/pipes/unix-socket-1761624937775639,======,404000000000.0,[],900.0
ppo,examples/pdptw/pdptw_400/LR2_4_10.txt,r1,900,1,ppo --device=auto-gpu --c1-start=0.34 --c1-end=0.06 --c1-n-secs=196 --c2-start=0.39 --c2-end=0.2 --c2-n-secs=431 --n-epochs=65 --lr-critic=7.315462310749335E-4 --clipping=11.799185331865313 --batch-size=15 --seed=1 --disable-training-logs --memory-size=1015 --lr=0.0018103176507973232 --logdir=logs/ppo-pdptw_all-15m-r1/pdptw-LR2_4_10 --communication=unix-socket -i=/tmp/pipes/unix-socket-1761633040972415,======,404000000000.0,[],900.0
ppo,examples/pdptw/pdptw_400/LRC1_4_6.txt,r1,900,1,ppo --device=auto-gpu --c1-start=0.34 --c1-end=0.06 --c1-n-secs=196 --c2-start=0.39 --c2-end=0.2 --c2-n-secs=431 --n-epochs=65 --lr-critic=7.315462310749335E-4 --clipping=11.799185331865313 --batch-size=15 --seed=1 --disable-training-logs --memory-size=1015 --lr=0.0018103176507973232 --logdir=logs/ppo-pdptw_all-15m-r1/pdptw-LRC1_4_6 --communication=unix-socket -i=/tmp/pipes/unix-socket-1761641085868622,======,416000000000.0,[],900.0
ppo,examples/pdptw/pdptw_600/LC2_6_10.txt,r1,900,0,ppo --device=auto-gpu --c1-start=0.34 --c1-end=0.06 --c1-n-secs=196 --c2-start=0.39 --c2-end=0.2 --c2-n-secs=431 --n-epochs=65 --lr-critic=7.315462310749335E-4 --clipping=11.799185331865313 --batch-size=15 --seed=0 --disable-training-logs --memory-size=1015 --lr=0.0018103176507973232 --logdir=logs/ppo-pdptw_all-15m-r1/pdptw-LC2_6_10 --communication=unix-socket -i=/tmp/pipes/unix-socket-1760764664091497,======,68686017.0,[(t:875.635-step:6112-v:38686.017)],894.995
ppo,examples/pdptw/pdptw_400/LRC1_4_8.txt,r1,900,1,ppo --device=auto-gpu --c1-start=0.34 --c1-end=0.06 --c1-n-secs=196 --c2-start=0.39 --c2-end=0.2 --c2-n-secs=431 --n-epochs=65 --lr-critic=7.315462310749335E-4 --clipping=11.799185331865313 --batch-size=15 --seed=1 --disable-training-logs --memory-size=1015 --lr=0.0018103176507973232 --logdir=logs/ppo-pdptw_all-15m-r1/pdptw-LRC1_4_8 --communication=unix-socket -i=/tmp/pipes/unix-socket-1761674089036864,======,416000000000.0,[],900.0
ppo,examples/pdptw/pdptw_400/LRC1_4_9.txt,r1,900,1,ppo --device=auto-gpu --c1-start=0.34 --c1-end=0.06 --c1-n-secs=196 --c2-start=0.39 --c2-end=0.2 --c2-n-secs=431 --n-epochs=65 --lr-critic=7.315462310749335E-4 --clipping=11.799185331865313 --batch-size=15 --seed=1 --disable-training-logs --memory-size=1015 --lr=0.0018103176507973232 --logdir=logs/ppo-pdptw_all-15m-r1/pdptw-LRC1_4_9 --communication=unix-socket -i=/tmp/pipes/unix-socket-1761681963445832,======,418000000000.0,[],900.0
ppo,examples/pdptw/pdptw_400/LRC1_4_10.txt,r1,900,1,ppo --device=auto-gpu --c1-start=0.34 --c1-end=0.06 --c1-n-secs=196 --c2-start=0.39 --c2-end=0.2 --c2-n-secs=431 --n-epochs=65 --lr-critic=7.315462310749335E-4 --clipping=11.799185331865313 --batch-size=15 --seed=1 --disable-training-logs --memory-size=1015 --lr=0.0018103176507973232 --logdir=logs/ppo-pdptw_all-15m-r1/pdptw-LRC1_4_10 --communication=unix-socket -i=/tmp/pipes/unix-socket-1761682076989498,======,418000000000.0,[],900.0
ppo,examples/pdptw/pdptw_400/LRC2_4_6.txt,r1,900,1,ppo --device=auto-gpu --c1-start=0.34 --c1-end=0.06 --c1-n-secs=196 --c2-start=0.39 --c2-end=0.2 --c2-n-secs=431 --n-epochs=65 --lr-critic=7.315462310749335E-4 --clipping=11.799185331865313 --batch-size=15 --seed=1 --disable-training-logs --memory-size=1015 --lr=0.0018103176507973232 --logdir=logs/ppo-pdptw_all-15m-r1/pdptw-LRC2_4_6 --communication=unix-socket -i=/tmp/pipes/unix-socket-1761689982369359,======,406000000000.0,[],900.0
ppo,examples/pdptw/pdptw_400/LRC2_4_7.txt,r1,900,1,ppo --device=auto-gpu --c1-start=0.34 --c1-end=0.06 --c1-n-secs=196 --c2-start=0.39 --c2-end=0.2 --c2-n-secs=431 --n-epochs=65 --lr-critic=7.315462310749335E-4 --clipping=11.799185331865313 --batch-size=15 --seed=1 --disable-training-logs --memory-size=1015 --lr=0.0018103176507973232 --logdir=logs/ppo-pdptw_all-15m-r1/pdptw-LRC2_4_7 --communication=unix-socket -i=/tmp/pipes/unix-socket-1761690100769323,======,404000000000.0,[],900.0
ppo,examples/pdptw/pdptw_400/LRC2_4_8.txt,r1,900,1,ppo --device=auto-gpu --c1-start=0.34 --c1-end=0.06 --c1-n-secs=196 --c2-start=0.39 --c2-end=0.2 --c2-n-secs=431 --n-epochs=65 --lr-critic=7.315462310749335E-4 --clipping=11.799185331865313 --batch-size=15 --seed=1 --disable-training-logs --memory-size=1015 --lr=0.0018103176507973232 --logdir=logs/ppo-pdptw_all-15m-r1/pdptw-LRC2_4_8 --communication=unix-socket -i=/tmp/pipes/unix-socket-1761698126584828,======,402000000000.0,[],900.0
ppo,examples/pdptw/pdptw_400/LRC2_4_9.txt,r1,900,1,ppo --device=auto-gpu --c1-start=0.34 --c1-end=0.06 --c1-n-secs=196 --c2-start=0.39 --c2-end=0.2 --c2-n-secs=431 --n-epochs=65 --lr-critic=7.315462310749335E-4 --clipping=11.799185331865313 --batch-size=15 --seed=1 --disable-training-logs --memory-size=1015 --lr=0.0018103176507973232 --logdir=logs/ppo-pdptw_all-15m-r1/pdptw-LRC2_4_9 --communication=unix-socket -i=/tmp/pipes/unix-socket-1761698226605731,======,406000000000.0,[],900.0
ppo,examples/pdptw/pdptw_400/LRC2_4_10.txt,r1,900,1,ppo --device=auto-gpu --c1-start=0.34 --c1-end=0.06 --c1-n-secs=196 --c2-start=0.39 --c2-end=0.2 --c2-n-secs=431 --n-epochs=65 --lr-critic=7.315462310749335E-4 --clipping=11.799185331865313 --batch-size=15 --seed=1 --disable-training-logs --memory-size=1015 --lr=0.0018103176507973232 --logdir=logs/ppo-pdptw_all-15m-r1/pdptw-LRC2_4_10 --communication=unix-socket -i=/tmp/pipes/unix-socket-1761706167035095,======,406000000000.0,[],900.0
ppo,examples/pdptw/pdptw_600/LC1_6_6.txt,r1,900,1,ppo --device=auto-gpu --c1-start=0.34 --c1-end=0.06 --c1-n-secs=196 --c2-start=0.39 --c2-end=0.2 --c2-n-secs=431 --n-epochs=65 --lr-critic=7.315462310749335E-4 --clipping=11.799185331865313 --batch-size=15 --seed=1 --disable-training-logs --memory-size=1015 --lr=0.0018103176507973232 --logdir=logs/ppo-pdptw_all-15m-r1/pdptw-LC1_6_6 --communication=unix-socket -i=/tmp/pipes/unix-socket-1761706729317328,======,628000000000.0,[],900.0
ppo,examples/pdptw/pdptw_600/LC1_6_7.txt,r1,900,1,ppo --device=auto-gpu --c1-start=0.34 --c1-end=0.06 --c1-n-secs=196 --c2-start=0.39 --c2-end=0.2 --c2-n-secs=431 --n-epochs=65 --lr-critic=7.315462310749335E-4 --clipping=11.799185331865313 --batch-size=15 --seed=1 --disable-training-logs --memory-size=1015 --lr=0.0018103176507973232 --logdir=logs/ppo-pdptw_all-15m-r1/pdptw-LC1_6_7 --communication=unix-socket -i=/tmp/pipes/unix-socket-1761714242222463,======,628000000000.0,[],900.0
ppo,examples/pdptw/pdptw_600/LC1_6_8.txt,r1,900,1,ppo --device=auto-gpu --c1-start=0.34 --c1-end=0.06 --c1-n-secs=196 --c2-start=0.39 --c2-end=0.2 --c2-n-secs=431 --n-epochs=65 --lr-critic=7.315462310749335E-4 --clipping=11.799185331865313 --batch-size=15 --seed=1 --disable-training-logs --memory-size=1015 --lr=0.0018103176507973232 --logdir=logs/ppo-pdptw_all-15m-r1/pdptw-LC1_6_8 --communication=unix-socket -i=/tmp/pipes/unix-socket-1761715560786545,======,634000000000.0,[],900.0
ppo,examples/pdptw/pdptw_600/LC1_6_9.txt,r1,900,1,ppo --device=auto-gpu --c1-start=0.34 --c1-end=0.06 --c1-n-secs=196 --c2-start=0.39 --c2-end=0.2 --c2-n-secs=431 --n-epochs=65 --lr-critic=7.315462310749335E-4 --clipping=11.799185331865313 --batch-size=15 --seed=1 --disable-training-logs --memory-size=1015 --lr=0.0018103176507973232 --logdir=logs/ppo-pdptw_all-15m-r1/pdptw-LC1_6_9 --communication=unix-socket -i=/tmp/pipes/unix-socket-1761723190333880,======,632000000000.0,[],900.0
ppo,examples/pdptw/pdptw_600/LC2_6_6.txt,r1,900,1,ppo --device=auto-gpu --c1-start=0.34 --c1-end=0.06 --c1-n-secs=196 --c2-start=0.39 --c2-end=0.2 --c2-n-secs=431 --n-epochs=65 --lr-critic=7.315462310749335E-4 --clipping=11.799185331865313 --batch-size=15 --seed=1 --disable-training-logs --memory-size=1015 --lr=0.0018103176507973232 --logdir=logs/ppo-pdptw_all-15m-r1/pdptw-LC2_6_6 --communication=unix-socket -i=/tmp/pipes/unix-socket-1761732036251552,======,610000000000.0,[],900.0
ppo,examples/pdptw/pdptw_600/LC2_6_7.txt,r1,900,1,ppo --device=auto-gpu --c1-start=0.34 --c1-end=0.06 --c1-n-secs=196 --c2-start=0.39 --c2-end=0.2 --c2-n-secs=431 --n-epochs=65 --lr-critic=7.315462310749335E-4 --clipping=11.799185331865313 --batch-size=15 --seed=1 --disable-training-logs --memory-size=1015 --lr=0.0018103176507973232 --logdir=logs/ppo-pdptw_all-15m-r1/pdptw-LC2_6_7 --communication=unix-socket -i=/tmp/pipes/unix-socket-1761740652882997,======,608000000000.0,[],900.0
ppo,examples/pdptw/pdptw_600/LC2_6_8.txt,r1,900,1,ppo --device=auto-gpu --c1-start=0.34 --c1-end=0.06 --c1-n-secs=196 --c2-start=0.39 --c2-end=0.2 --c2-n-secs=431 --n-epochs=65 --lr-critic=7.315462310749335E-4 --clipping=11.799185331865313 --batch-size=15 --seed=1 --disable-training-logs --memory-size=1015 --lr=0.0018103176507973232 --logdir=logs/ppo-pdptw_all-15m-r1/pdptw-LC2_6_8 --communication=unix-socket -i=/tmp/pipes/unix-socket-1761749261772138,======,612000000000.0,[],900.0
ppo,examples/pdptw/pdptw_600/LC2_6_9.txt,r1,900,1,ppo --device=auto-gpu --c1-start=0.34 --c1-end=0.06 --c1-n-secs=196 --c2-start=0.39 --c2-end=0.2 --c2-n-secs=431 --n-epochs=65 --lr-critic=7.315462310749335E-4 --clipping=11.799185331865313 --batch-size=15 --seed=1 --disable-training-logs --memory-size=1015 --lr=0.0018103176507973232 --logdir=logs/ppo-pdptw_all-15m-r1/pdptw-LC2_6_9 --communication=unix-socket -i=/tmp/pipes/unix-socket-1761757878761427,======,614000000000.0,[],900.0
ppo,examples/pdptw/pdptw_600/LC2_6_10.txt,r1,900,1,ppo --device=auto-gpu --c1-start=0.34 --c1-end=0.06 --c1-n-secs=196 --c2-start=0.39 --c2-end=0.2 --c2-n-secs=431 --n-epochs=65 --lr-critic=7.315462310749335E-4 --clipping=11.799185331865313 --batch-size=15 --seed=1 --disable-training-logs --memory-size=1015 --lr=0.0018103176507973232 --logdir=logs/ppo-pdptw_all-15m-r1/pdptw-LC2_6_10 --communication=unix-socket -i=/tmp/pipes/unix-socket-1761766650020532,======,608000000000.0,[],900.0
ppo,examples/pdptw/pdptw_600/LR1_6_6.txt,r1,900,1,ppo --device=auto-gpu --c1-start=0.34 --c1-end=0.06 --c1-n-secs=196 --c2-start=0.39 --c2-end=0.2 --c2-n-secs=431 --n-epochs=65 --lr-critic=7.315462310749335E-4 --clipping=11.799185331865313 --batch-size=15 --seed=1 --disable-training-logs --memory-size=1015 --lr=0.0018103176507973232 --logdir=logs/ppo-pdptw_all-15m-r1/pdptw-LR1_6_6 --communication=unix-socket -i=/tmp/pipes/unix-socket-1761775445073505,======,630000000000.0,[],900.0
ppo,examples/pdptw/pdptw_600/LR1_6_7.txt,r1,900,1,ppo --device=auto-gpu --c1-start=0.34 --c1-end=0.06 --c1-n-secs=196 --c2-start=0.39 --c2-end=0.2 --c2-n-secs=431 --n-epochs=65 --lr-critic=7.315462310749335E-4 --clipping=11.799185331865313 --batch-size=15 --seed=1 --disable-training-logs --memory-size=1015 --lr=0.0018103176507973232 --logdir=logs/ppo-pdptw_all-15m-r1/pdptw-LR1_6_7 --communication=unix-socket -i=/tmp/pipes/unix-socket-1761784030150903,======,624000000000.0,[],900.0
ppo,examples/pdptw/pdptw_600/LR1_6_8.txt,r1,900,1,ppo --device=auto-gpu --c1-start=0.34 --c1-end=0.06 --c1-n-secs=196 --c2-start=0.39 --c2-end=0.2 --c2-n-secs=431 --n-epochs=65 --lr-critic=7.315462310749335E-4 --clipping=11.799185331865313 --batch-size=15 --seed=1 --disable-training-logs --memory-size=1015 --lr=0.0018103176507973232 --logdir=logs/ppo-pdptw_all-15m-r1/pdptw-LR1_6_8 --communication=unix-socket -i=/tmp/pipes/unix-socket-1761792548409695,======,628000000000.0,[],900.0
ppo,examples/pdptw/pdptw_600/LR1_6_9.txt,r1,900,1,ppo --device=auto-gpu --c1-start=0.34 --c1-end=0.06 --c1-n-secs=196 --c2-start=0.39 --c2-end=0.2 --c2-n-secs=431 --n-epochs=65 --lr-critic=7.315462310749335E-4 --clipping=11.799185331865313 --batch-size=15 --seed=1 --disable-training-logs --memory-size=1015 --lr=0.0018103176507973232 --logdir=logs/ppo-pdptw_all-15m-r1/pdptw-LR1_6_9 --communication=unix-socket -i=/tmp/pipes/unix-socket-1761792675585469,======,624000000000.0,[],900.0
ppo,examples/pdptw/pdptw_600/LR2_6_6.txt,r1,900,1,ppo --device=auto-gpu --c1-start=0.34 --c1-end=0.06 --c1-n-secs=196 --c2-start=0.39 --c2-end=0.2 --c2-n-secs=431 --n-epochs=65 --lr-critic=7.315462310749335E-4 --clipping=11.799185331865313 --batch-size=15 --seed=1 --disable-training-logs --memory-size=1015 --lr=0.0018103176507973232 --logdir=logs/ppo-pdptw_all-15m-r1/pdptw-LR2_6_6 --communication=unix-socket -i=/tmp/pipes/unix-socket-1761801380713041,======,604000000000.0,[],900.0
ppo,examples/pdptw/pdptw_600/LR1_6_10.txt,r1,900,1,ppo --device=auto-gpu --c1-start=0.34 --c1-end=0.06 --c1-n-secs=196 --c2-start=0.39 --c2-end=0.2 --c2-n-secs=431 --n-epochs=65 --lr-critic=7.315462310749335E-4 --clipping=11.799185331865313 --batch-size=15 --seed=1 --disable-training-logs --memory-size=1015 --lr=0.0018103176507973232 --logdir=logs/ppo-pdptw_all-15m-r1/pdptw-LR1_6_10 --communication=unix-socket -i=/tmp/pipes/unix-socket-1761801419220727,======,628000000000.0,[],900.0
ppo,examples/pdptw/pdptw_600/LR2_6_7.txt,r1,900,1,ppo --device=auto-gpu --c1-start=0.34 --c1-end=0.06 --c1-n-secs=196 --c2-start=0.39 --c2-end=0.2 --c2-n-secs=431 --n-epochs=65 --lr-critic=7.315462310749335E-4 --clipping=11.799185331865313 --batch-size=15 --seed=1 --disable-training-logs --memory-size=1015 --lr=0.0018103176507973232 --logdir=logs/ppo-pdptw_all-15m-r1/pdptw-LR2_6_7 --communication=unix-socket -i=/tmp/pipes/unix-socket-1761810076141093,======,606000000000.0,[],900.0
ppo,examples/pdptw/pdptw_600/LR2_6_8.txt,r1,900,1,ppo --device=auto-gpu --c1-start=0.34 --c1-end=0.06 --c1-n-secs=196 --c2-start=0.39 --c2-end=0.2 --c2-n-secs=431 --n-epochs=65 --lr-critic=7.315462310749335E-4 --clipping=11.799185331865313 --batch-size=15 --seed=1 --disable-training-logs --memory-size=1015 --lr=0.0018103176507973232 --logdir=logs/ppo-pdptw_all-15m-r1/pdptw-LR2_6_8 --communication=unix-socket -i=/tmp/pipes/unix-socket-1761810243044277,======,606000000000.0,[],900.0
ppo,examples/pdptw/pdptw_600/LR2_6_9.txt,r1,900,1,ppo --device=auto-gpu --c1-start=0.34 --c1-end=0.06 --c1-n-secs=196 --c2-start=0.39 --c2-end=0.2 --c2-n-secs=431 --n-epochs=65 --lr-critic=7.315462310749335E-4 --clipping=11.799185331865313 --batch-size=15 --seed=1 --disable-training-logs --memory-size=1015 --lr=0.0018103176507973232 --logdir=logs/ppo-pdptw_all-15m-r1/pdptw-LR2_6_9 --communication=unix-socket -i=/tmp/pipes/unix-socket-1761818915898645,======,604000000000.0,[],900.0
ppo,examples/pdptw/pdptw_600/LR2_6_10.txt,r1,900,1,ppo --device=auto-gpu --c1-start=0.34 --c1-end=0.06 --c1-n-secs=196 --c2-start=0.39 --c2-end=0.2 --c2-n-secs=431 --n-epochs=65 --lr-critic=7.315462310749335E-4 --clipping=11.799185331865313 --batch-size=15 --seed=1 --disable-training-logs --memory-size=1015 --lr=0.0018103176507973232 --logdir=logs/ppo-pdptw_all-15m-r1/pdptw-LR2_6_10 --communication=unix-socket -i=/tmp/pipes/unix-socket-1761819258247462,======,604000000000.0,[],900.0
ppo,examples/pdptw/pdptw_600/LRC1_6_6.txt,r1,900,1,ppo --device=auto-gpu --c1-start=0.34 --c1-end=0.06 --c1-n-secs=196 --c2-start=0.39 --c2-end=0.2 --c2-n-secs=431 --n-epochs=65 --lr-critic=7.315462310749335E-4 --clipping=11.799185331865313 --batch-size=15 --seed=1 --disable-training-logs --memory-size=1015 --lr=0.0018103176507973232 --logdir=logs/ppo-pdptw_all-15m-r1/pdptw-LRC1_6_6 --communication=unix-socket -i=/tmp/pipes/unix-socket-1761827166381669,======,630000000000.0,[],900.0
ppo,examples/pdptw/pdptw_600/LRC1_6_7.txt,r1,900,1,ppo --device=auto-gpu --c1-start=0.34 --c1-end=0.06 --c1-n-secs=196 --c2-start=0.39 --c2-end=0.2 --c2-n-secs=431 --n-epochs=65 --lr-critic=7.315462310749335E-4 --clipping=11.799185331865313 --batch-size=15 --seed=1 --disable-training-logs --memory-size=1015 --lr=0.0018103176507973232 --logdir=logs/ppo-pdptw_all-15m-r1/pdptw-LRC1_6_7 --communication=unix-socket -i=/tmp/pipes/unix-socket-1761827590697976,======,630000000000.0,[],900.0
ppo,examples/pdptw/pdptw_600/LRC1_6_8.txt,r1,900,1,ppo --device=auto-gpu --c1-start=0.34 --c1-end=0.06 --c1-n-secs=196 --c2-start=0.39 --c2-end=0.2 --c2-n-secs=431 --n-epochs=65 --lr-critic=7.315462310749335E-4 --clipping=11.799185331865313 --batch-size=15 --seed=1 --disable-training-logs --memory-size=1015 --lr=0.0018103176507973232 --logdir=logs/ppo-pdptw_all-15m-r1/pdptw-LRC1_6_8 --communication=unix-socket -i=/tmp/pipes/unix-socket-1761835989784984,======,622000000000.0,[],900.0
ppo,examples/pdptw/pdptw_600/LRC1_6_9.txt,r1,900,1,ppo --device=auto-gpu --c1-start=0.34 --c1-end=0.06 --c1-n-secs=196 --c2-start=0.39 --c2-end=0.2 --c2-n-secs=431 --n-epochs=65 --lr-critic=7.315462310749335E-4 --clipping=11.799185331865313 --batch-size=15 --seed=1 --disable-training-logs --memory-size=1015 --lr=0.0018103176507973232 --logdir=logs/ppo-pdptw_all-15m-r1/pdptw-LRC1_6_9 --communication=unix-socket -i=/tmp/pipes/unix-socket-1761836354075773,======,628000000000.0,[],900.0
ppo,examples/pdptw/pdptw_600/LR2_6_10.txt,r1,900,0,ppo --device=auto-gpu --c1-start=0.34 --c1-end=0.06 --c1-n-secs=196 --c2-start=0.39 --c2-end=0.2 --c2-n-secs=431 --n-epochs=65 --lr-critic=7.315462310749335E-4 --clipping=11.799185331865313 --batch-size=15 --seed=0 --disable-training-logs --memory-size=1015 --lr=0.0018103176507973232 --logdir=logs/ppo-pdptw_all-15m-r1/pdptw-LR2_6_10 --communication=unix-socket -i=/tmp/pipes/unix-socket-1760938206899511,======,174043154546.0,[],900.0
ppo,examples/pdptw/pdptw_600/LRC1_6_10.txt,r1,900,1,ppo --device=auto-gpu --c1-start=0.34 --c1-end=0.06 --c1-n-secs=196 --c2-start=0.39 --c2-end=0.2 --c2-n-secs=431 --n-epochs=65 --lr-critic=7.315462310749335E-4 --clipping=11.799185331865313 --batch-size=15 --seed=1 --disable-training-logs --memory-size=1015 --lr=0.0018103176507973232 --logdir=logs/ppo-pdptw_all-15m-r1/pdptw-LRC1_6_10 --communication=unix-socket -i=/tmp/pipes/unix-socket-1761844864359232,======,628000000000.0,[],900.0
ppo,examples/pdptw/pdptw_600/LRC2_6_6.txt,r1,900,1,ppo --device=auto-gpu --c1-start=0.34 --c1-end=0.06 --c1-n-secs=196 --c2-start=0.39 --c2-end=0.2 --c2-n-secs=431 --n-epochs=65 --lr-critic=7.315462310749335E-4 --clipping=11.799185331865313 --batch-size=15 --seed=1 --disable-training-logs --memory-size=1015 --lr=0.0018103176507973232 --logdir=logs/ppo-pdptw_all-15m-r1/pdptw-LRC2_6_6 --communication=unix-socket -i=/tmp/pipes/unix-socket-1761845333179751,======,606000000000.0,[],900.0
ppo,examples/pdptw/pdptw_600/LRC2_6_7.txt,r1,900,1,ppo --device=auto-gpu --c1-start=0.34 --c1-end=0.06 --c1-n-secs=196 --c2-start=0.39 --c2-end=0.2 --c2-n-secs=431 --n-epochs=65 --lr-critic=7.315462310749335E-4 --clipping=11.799185331865313 --batch-size=15 --seed=1 --disable-training-logs --memory-size=1015 --lr=0.0018103176507973232 --logdir=logs/ppo-pdptw_all-15m-r1/pdptw-LRC2_6_7 --communication=unix-socket -i=/tmp/pipes/unix-socket-1761848242114222,======,610000000000.0,[],900.0
ppo,examples/pdptw/pdptw_600/LRC2_6_8.txt,r1,900,1,ppo --device=auto-gpu --c1-start=0.34 --c1-end=0.06 --c1-n-secs=196 --c2-start=0.39 --c2-end=0.2 --c2-n-secs=431 --n-epochs=65 --lr-critic=7.315462310749335E-4 --clipping=11.799185331865313 --batch-size=15 --seed=1 --disable-training-logs --memory-size=1015 --lr=0.0018103176507973232 --logdir=logs/ppo-pdptw_all-15m-r1/pdptw-LRC2_6_8 --communication=unix-socket -i=/tmp/pipes/unix-socket-1761853587693089,======,608000000000.0,[],900.0
ppo,examples/pdptw/pdptw_600/LRC2_6_9.txt,r1,900,1,ppo --device=auto-gpu --c1-start=0.34 --c1-end=0.06 --c1-n-secs=196 --c2-start=0.39 --c2-end=0.2 --c2-n-secs=431 --n-epochs=65 --lr-critic=7.315462310749335E-4 --clipping=11.799185331865313 --batch-size=15 --seed=1 --disable-training-logs --memory-size=1015 --lr=0.0018103176507973232 --logdir=logs/ppo-pdptw_all-15m-r1/pdptw-LRC2_6_9 --communication=unix-socket -i=/tmp/pipes/unix-socket-1761854060061876,======,604000000000.0,[],900.0
ppo,examples/pdptw/pdptw_600/LRC2_6_10.txt,r1,900,1,ppo --device=auto-gpu --c1-start=0.34 --c1-end=0.06 --c1-n-secs=196 --c2-start=0.39 --c2-end=0.2 --c2-n-secs=431 --n-epochs=65 --lr-critic=7.315462310749335E-4 --clipping=11.799185331865313 --batch-size=15 --seed=1 --disable-training-logs --memory-size=1015 --lr=0.0018103176507973232 --logdir=logs/ppo-pdptw_all-15m-r1/pdptw-LRC2_6_10 --communication=unix-socket -i=/tmp/pipes/unix-socket-1761856920388046,======,606000000000.0,[],900.0
ppo,examples/pdptw/pdptw_400/LC1_4_6.txt,r1,900,1,ppo --device=auto-gpu --c1-start=0.34 --c1-end=0.06 --c1-n-secs=196 --c2-start=0.39 --c2-end=0.2 --c2-n-secs=431 --n-epochs=65 --lr-critic=7.315462310749335E-4 --clipping=11.799185331865313 --batch-size=15 --seed=1 --disable-training-logs --memory-size=1015 --lr=0.0018103176507973232 --logdir=logs/ppo-pdptw_all-15m-r1/pdptw-LC1_4_6 --communication=unix-socket -i=/tmp/pipes/unix-socket-1761262649784581,======,69981095.0,[(t:120.646-step:2139-v:14647.809)],519.362
ppo,examples/pdptw/pdptw_400/LC1_4_7.txt,r1,900,1,ppo --device=auto-gpu --c1-start=0.34 --c1-end=0.06 --c1-n-secs=196 --c2-start=0.39 --c2-end=0.2 --c2-n-secs=431 --n-epochs=65 --lr-critic=7.315462310749335E-4 --clipping=11.799185331865313 --batch-size=15 --seed=1 --disable-training-logs --memory-size=1015 --lr=0.0018103176507973232 --logdir=logs/ppo-pdptw_all-15m-r1/pdptw-LC1_4_7 --communication=unix-socket -i=/tmp/pipes/unix-socket-1761265511130035,======,68022169.0,[(t:247.106-step:3807-v:17083.655)-(t:247.140-step:3808-v:16966.064)-(t:339.201-step:4421-v:15548.254)-(t:771.032-step:7890-v:14025.733)-(t:771.074-step:7891-v:14022.339)-(t:771.117-step:7892-v:14022.169)],596.87
ppo,examples/pdptw/pdptw_400/LR1_4_6.txt,r1,900,1,ppo --device=auto-gpu --c1-start=0.34 --c1-end=0.06 --c1-n-secs=196 --c2-start=0.39 --c2-end=0.2 --c2-n-secs=431 --n-epochs=65 --lr-critic=7.315462310749335E-4 --clipping=11.799185331865313 --batch-size=15 --seed=1 --disable-training-logs --memory-size=1015 --lr=0.0018103176507973232 --logdir=logs/ppo-pdptw_all-15m-r1/pdptw-LR1_4_6 --communication=unix-socket -i=/tmp/pipes/unix-socket-1761332478211865,======,58000997.0,[(t:264.292-step:2728-v:16919.298)-(t:264.352-step:2729-v:16865.015)-(t:651.790-step:5585-v:16006.205)-(t:652.188-step:5586-v:16000.997)],463.766
ppo,examples/pdptw/pdptw_400/LR1_4_8.txt,r1,900,1,ppo --device=auto-gpu --c1-start=0.34 --c1-end=0.06 --c1-n-secs=196 --c2-start=0.39 --c2-end=0.2 --c2-n-secs=431 --n-epochs=65 --lr-critic=7.315462310749335E-4 --clipping=11.799185331865313 --batch-size=15 --seed=1 --disable-training-logs --memory-size=1015 --lr=0.0018103176507973232 --logdir=logs/ppo-pdptw_all-15m-r1/pdptw-LR1_4_8 --communication=unix-socket -i=/tmp/pipes/unix-socket-1761401982172419,======,46653991.0,[(t:138.003-step:2293-v:16368.597)-(t:138.232-step:2294-v:16358.527)-(t:178.193-step:2688-v:15682.511)-(t:178.217-step:2689-v:15680.678)-(t:398.862-step:5102-v:15623.129)-(t:398.885-step:5103-v:15622.71)-(t:419.124-step:5302-v:15528.512)-(t:419.180-step:5303-v:15522.879)-(t:419.291-step:5304-v:15514.716)-(t:419.368-step:5305-v:15513.069)-(t:419.470-step:5306-v:15483.836)-(t:419.553-step:5307-v:15482.623)],598.63
ppo,examples/pdptw/pdptw_400/LRC1_4_7.txt,r1,900,1,ppo --device=auto-gpu --c1-start=0.34 --c1-end=0.06 --c1-n-secs=196 --c2-start=0.39 --c2-end=0.2 --c2-n-secs=431 --n-epochs=65 --lr-critic=7.315462310749335E-4 --clipping=11.799185331865313 --batch-size=15 --seed=1 --disable-training-logs --memory-size=1015 --lr=0.0018103176507973232 --logdir=logs/ppo-pdptw_all-15m-r1/pdptw-LRC1_4_7 --communication=unix-socket -i=/tmp/pipes/unix-socket-1761649080192653,======,57613770.0,[(t:146.230-step:2242-v:13909.871)-(t:146.260-step:2243-v:13903.802)-(t:191.322-step:2679-v:13521.705)],452.664
ppo,examples/pdptw/pdptw_100/lc106.txt,r1,900,2,ppo --device=auto-gpu --c1-start=0.34 --c1-end=0.06 --c1-n-secs=196 --c2-start=0.39 --c2-end=0.2 --c2-n-secs=431 --n-epochs=65 --lr-critic=7.315462310749335E-4 --clipping=11.799185331865313 --batch-size=15 --seed=2 --disable-training-logs --memory-size=1015 --lr=0.0018103176507973232 --logdir=logs/ppo-pdptw_all-15m-r1/pdptw-lc106 --communication=unix-socket -i=/tmp/pipes/unix-socket-1761861531896835,======,10828960.0,[(t:4.747-step:127-v:1200.806)-(t:4.871-step:128-v:1158.645)-(t:4.900-step:129-v:1141.426)-(t:80.041-step:1911-v:977.014)-(t:80.129-step:1912-v:970.405)-(t:84.307-step:2039-v:928.622)-(t:84.369-step:2040-v:922.327)-(t:84.408-step:2041-v:917.917)-(t:84.452-step:2042-v:912.191)-(t:195.633-step:5155-v:879.933)-(t:209.618-step:5497-v:835.152)-(t:728.377-step:18883-v:830.405)-(t:751.294-step:19445-v:828.96)],40.862
ppo,examples/pdptw/pdptw_100/lc107.txt,r1,900,2,ppo --device=auto-gpu --c1-start=0.34 --c1-end=0.06 --c1-n-secs=196 --c2-start=0.39 --c2-end=0.2 --c2-n-secs=431 --n-epochs=65 --lr-critic=7.315462310749335E-4 --clipping=11.799185331865313 --batch-size=15 --seed=2 --disable-training-logs --memory-size=1015 --lr=0.0018103176507973232 --logdir=logs/ppo-pdptw_all-15m-r1/pdptw-lc107 --communication=unix-socket -i=/tmp/pipes/unix-socket-1761861869795680,======,10828960.0,[(t:4.399-step:126-v:1969.082)-(t:4.426-step:127-v:1965.946)-(t:4.470-step:128-v:1960.091)-(t:4.508-step:129-v:1956.011)-(t:4.896-step:140-v:1927.629)-(t:4.929-step:141-v:1905.911)-(t:5.053-step:142-v:1900.056)-(t:13.630-step:365-v:1442.795)-(t:13.676-step:366-v:1442.77)-(t:37.149-step:1020-v:1294.68)-(t:37.187-step:1021-v:1222.665)-(t:37.270-step:1022-v:1164.471)-(t:113.734-step:3016-v:1031.905)-(t:114.472-step:3035-v:1009.414)-(t:114.486-step:3036-v:1002.918)-(t:114.553-step:3037-v:978.907)-(t:114.608-step:3038-v:971.404)-(t:157.541-step:4148-v:926.427)-(t:243.824-step:6356-v:866.576)-(t:243.846-step:6357-v:862.745)-(t:246.779-step:6434-v:828.96)],57.364
ppo,examples/pdptw/pdptw_100/lc108.txt,r1,900,2,ppo --device=auto-gpu --c1-start=0.34 --c1-end=0.06 --c1-n-secs=196 --c2-start=0.39 --c2-end=0.2 --c2-n-secs=431 --n-epochs=65 --lr-critic=7.315462310749335E-4 --clipping=11.799185331865313 --batch-size=15 --seed=2 --disable-training-logs --memory-size=1015 --lr=0.0018103176507973232 --logdir=logs/ppo-pdptw_all-15m-r1/pdptw-lc108 --communication=unix-socket -i=/tmp/pipes/unix-socket-1761865087765236,======,10828960.0,[(t:3.866-step:135-v:2158.875)-(t:3.892-step:136-v:2125.868)-(t:8.359-step:269-v:1712.962)-(t:8.969-step:284-v:1611.363)-(t:9.023-step:285-v:1610.691)-(t:9.085-step:286-v:1563.841)-(t:12.215-step:399-v:1528.448)-(t:21.304-step:692-v:1345.147)-(t:21.342-step:693-v:1343.918)-(t:47.677-step:1473-v:1060.673)-(t:47.706-step:1474-v:1056.673)-(t:47.766-step:1475-v:1055.721)-(t:47.819-step:1476-v:1047.371)-(t:48.157-step:1486-v:1045.804)-(t:48.191-step:1487-v:1041.973)-(t:48.236-step:1488-v:1032.397)-(t:172.805-step:5125-v:1024.918)-(t:172.825-step:5126-v:1024.484)-(t:172.859-step:5127-v:1015.412)-(t:173.174-step:5128-v:1010.083)-(t:173.194-step:5129-v:957.667)-(t:173.220-step:5130-v:906.035)-(t:173.286-step:5131-v:898.963)-(t:173.298-step:5132-v:897.815)-(t:173.316-step:5133-v:894.883)-(t:230.678-step:6744-v:838.83)-(t:243.527-step:7120-v:837.949)-(t:243.541-step:7121-v:834.418)-(t:243.683-step:7122-v:832.791)-(t:243.703-step:7123-v:828.96)],54.418
ppo,examples/pdptw/pdptw_100/lc109.txt,r1,900,2,ppo --device=auto-gpu --c1-start=0.34 --c1-end=0.06 --c1-n-secs=196 --c2-start=0.39 --c2-end=0.2 --c2-n-secs=431 --n-epochs=65 --lr-critic=7.315462310749335E-4 --clipping=11.799185331865313 --batch-size=15 --seed=2 --disable-training-logs --memory-size=1015 --lr=0.0018103176507973232 --logdir=logs/ppo-pdptw_all-15m-r1/pdptw-lc109 --communication=unix-socket -i=/tmp/pipes/unix-socket-1762171951250433,======,10829233.0,[(t:5.534-step:125-v:2183.221)-(t:5.552-step:126-v:2179.992)-(t:5.565-step:127-v:2176.962)-(t:5.579-step:128-v:2156.789)-(t:5.613-step:129-v:2145.819)-(t:12.899-step:306-v:1746.059)-(t:13.488-step:316-v:1734.121)-(t:99.532-step:2782-v:1541.401)-(t:99.577-step:2783-v:1540.186)-(t:99.632-step:2784-v:1530.987)-(t:139.221-step:3942-v:1499.968)-(t:197.958-step:5729-v:1239.07)-(t:198.070-step:5730-v:1235.309)-(t:198.082-step:5731-v:1232.84)-(t:198.117-step:5732-v:1231.446)-(t:198.129-step:5733-v:1230.052)-(t:449.798-step:13254-v:1138.877)-(t:449.835-step:13255-v:1137.359)-(t:449.902-step:13256-v:1101.327)-(t:454.544-step:13331-v:932.758)-(t:454.597-step:13332-v:927.277)-(t:455.658-step:13372-v:874.295)-(t:455.708-step:13373-v:869.431)-(t:455.769-step:13374-v:864.528)-(t:455.859-step:13375-v:863.083)-(t:455.872-step:13376-v:862.614)-(t:455.928-step:13377-v:856.474)-(t:455.946-step:13378-v:856.005)-(t:680.980-step:20297-v:853.182)-(t:681.079-step:20298-v:850.384)-(t:681.122-step:20299-v:850.131)-(t:681.170-step:20300-v:844.214)-(t:681.214-step:20301-v:843.528)-(t:681.237-step:20302-v:839.748)-(t:681.319-step:20303-v:835.968)-(t:856.185-step:25526-v:834.305)-(t:856.210-step:25527-v:832.305)-(t:856.240-step:25528-v:829.233)],195.799
ppo,examples/pdptw/pdptw_100/lc205.txt,r1,900,2,ppo --device=auto-gpu --c1-start=0.34 --c1-end=0.06 --c1-n-secs=196 --c2-start=0.39 --c2-end=0.2 --c2-n-secs=431 --n-epochs=65 --lr-critic=7.315462310749335E-4 --clipping=11.799185331865313 --batch-size=15 --seed=2 --disable-training-logs --memory-size=1015 --lr=0.0018103176507973232 --logdir=logs/ppo-pdptw_all-15m-r1/pdptw-lc205 --communication=unix-socket -i=/tmp/pipes/unix-socket-1762174603693072,======,4996516.0,[(t:3.944-step:138-v:1694.417)-(t:3.960-step:139-v:1689.071)-(t:4.030-step:140-v:1689.035)-(t:4.415-step:154-v:1568.991)-(t:4.427-step:155-v:1567.544)-(t:4.497-step:156-v:1563.542)-(t:4.507-step:157-v:1562.488)-(t:4.517-step:158-v:1560.463)-(t:4.900-step:174-v:1516.867)-(t:4.925-step:175-v:1513.062)-(t:39.603-step:1627-v:1492.697)-(t:39.614-step:1628-v:1488.734)-(t:39.673-step:1629-v:1481.849)-(t:39.683-step:1630-v:1479.812)-(t:40.393-step:1644-v:1193.078)-(t:40.424-step:1645-v:1186.392)-(t:40.457-step:1646-v:1181.402)-(t:40.769-step:1666-v:1040.715)-(t:40.906-step:1667-v:1036.182)-(t:394.505-step:16542-v:923.531)-(t:394.552-step:16543-v:922.529)],361.937
ppo,examples/pdptw/pdptw_100/lc206.txt,r1,900,2,ppo --device=auto-gpu --c1-start=0.34 --c1-end=0.06 --c1-n-secs=196 --c2-start=0.39 --c2-end=0.2 --c2-n-secs=431 --n-epochs=65 --lr-critic=7.315462310749335E-4 --clipping=11.799185331865313 --batch-size=15 --seed=2 --disable-training-logs --memory-size=1015 --lr=0.0018103176507973232 --logdir=logs/ppo-pdptw_all-15m-r1/pdptw-lc206 --communication=unix-socket -i=/tmp/pipes/unix-socket-1762241699129885,======,5094776.0,[(t:3.781-step:141-v:2115.299)-(t:3.806-step:142-v:2084.066)-(t:7.720-step:299-v:1842.614)-(t:7.741-step:300-v:1840.337)-(t:9.947-step:390-v:1750.114)-(t:9.969-step:391-v:1714.474)-(t:13.242-step:522-v:1427.466)-(t:13.276-step:523-v:1426.101)-(t:13.367-step:524-v:1425.385)-(t:13.417-step:525-v:1423.035)-(t:13.456-step:526-v:1419.204)-(t:13.833-step:540-v:1272.851)-(t:761.097-step:30425-v:1135.856)-(t:761.129-step:30426-v:1134.705)-(t:761.142-step:30427-v:1131.174)-(t:761.175-step:30428-v:1120.575)-(t:761.199-step:30429-v:1120.45)-(t:761.236-step:30430-v:1116.693)-(t:775.470-step:30916-v:1094.776)],476.796
ppo,examples/pdptw/pdptw_100/lc207.txt,r1,900,2,ppo --device=auto-gpu --c1-start=0.34 --c1-end=0.06 --c1-n-secs=196 --c2-start=0.39 --c2-end=0.2 --c2-n-secs=431 --n-epochs=65 --lr-critic=7.315462310749335E-4 --clipping=11.799185331865313 --batch-size=15 --seed=2 --disable-training-logs --memory-size=1015 --lr=0.0018103176507973232 --logdir=logs/ppo-pdptw_all-15m-r1/pdptw-lc207 --communication=unix-socket -i=/tmp/pipes/unix-socket-1762312597857758,======,5903466.0,[(t:3.015-step:120-v:1757.064)-(t:3.030-step:121-v:1743.421)-(t:93.284-step:3771-v:1714.749)-(t:93.315-step:3772-v:1670.557)-(t:93.329-step:3773-v:1666.997)-(t:93.405-step:3774-v:1666.313)-(t:93.445-step:3775-v:1662.505)-(t:93.501-step:3776-v:1655.926)-(t:93.531-step:3777-v:1637.752)-(t:284.190-step:11656-v:1526.882)-(t:284.203-step:11657-v:1522.469)-(t:284.216-step:11658-v:1520.712)-(t:284.229-step:11659-v:1516.395)-(t:284.263-step:11660-v:1501.951)-(t:284.274-step:11661-v:1501.913)-(t:284.302-step:11662-v:1496.669)-(t:284.330-step:11663-v:1495.778)-(t:284.342-step:11664-v:1494.626)-(t:368.536-step:15289-v:1304.411)-(t:368.549-step:15290-v:1293.43)-(t:368.570-step:15291-v:1271.862)-(t:368.594-step:15292-v:1263.198)-(t:368.605-step:15293-v:1261.245)-(t:368.647-step:15294-v:1182.86)-(t:368.659-step:15295-v:1176.908)-(t:372.372-step:15448-v:1166.903)-(t:372.438-step:15449-v:1166.799)-(t:589.699-step:24373-v:1133.336)-(t:589.747-step:24374-v:1132.959)-(t:589.792-step:24375-v:1131.025)-(t:589.808-step:24376-v:1127.194)-(t:589.835-step:24377-v:1125.567)-(t:589.961-step:24385-v:1083.422)-(t:590.063-step:24386-v:1078.25)-(t:590.146-step:24387-v:1077.866)-(t:604.438-step:24962-v:921.194)-(t:604.456-step:24963-v:914.439)-(t:604.503-step:24964-v:913.512)-(t:604.547-step:24965-v:912.725)-(t:604.573-step:24966-v:912.342)-(t:604.621-step:24967-v:910.942)-(t:604.669-step:24968-v:903.466)],455.791
ppo,examples/pdptw/pdptw_100/lc208.txt,r1,900,2,ppo --device=auto-gpu --c1-start=0.34 --c1-end=0.06 --c1-n-secs=196 --c2-start=0.39 --c2-end=0.2 --c2-n-secs=431 --n-epochs=65 --lr-critic=7.315462310749335E-4 --clipping=11.799185331865313 --batch-size=15 --seed=2 --disable-training-logs --memory-size=1015 --lr=0.0018103176507973232 --logdir=logs/ppo-pdptw_all-15m-r1/pdptw-lc208 --communication=unix-socket -i=/tmp/pipes/unix-socket-1762559302804196,======,4968041.0,[(t:3.648-step:120-v:2155.595)-(t:3.672-step:121-v:2152.067)-(t:37.914-step:1442-v:1556.061)-(t:37.988-step:1443-v:1551.499)-(t:38.002-step:1444-v:1547.668)-(t:278.325-step:11337-v:1544.172)-(t:278.355-step:11338-v:1543.825)-(t:278.370-step:11339-v:1535.504)-(t:278.432-step:11340-v:1530.445)-(t:565.161-step:23743-v:1247.81)-(t:565.242-step:23744-v:1247.17)-(t:565.308-step:23745-v:1231.231)-(t:565.358-step:23746-v:1215.755)-(t:565.374-step:23747-v:1214.996)-(t:565.389-step:23748-v:1213.298)-(t:677.972-step:28657-v:1030.949)-(t:677.985-step:28658-v:1024.622)-(t:677.997-step:28659-v:1021.893)-(t:678.046-step:28660-v:1021.864)-(t:678.063-step:28661-v:1021.127)-(t:678.117-step:28662-v:1002.267)-(t:678.135-step:28663-v:989.881)-(t:678.147-step:28664-v:989.636)-(t:678.193-step:28665-v:988.058)-(t:678.207-step:28666-v:987.813)-(t:678.269-step:28667-v:984.058)-(t:725.271-step:30743-v:969.824)-(t:725.282-step:30744-v:968.041)],499.819
ppo,examples/pdptw/pdptw_100/lr107.txt,r1,900,2,ppo --device=auto-gpu --c1-start=0.34 --c1-end=0.06 --c1-n-secs=196 --c2-start=0.39 --c2-end=0.2 --c2-n-secs=431 --n-epochs=65 --lr-critic=7.315462310749335E-4 --clipping=11.799185331865313 --batch-size=15 --seed=2 --disable-training-logs --memory-size=1015 --lr=0.0018103176507973232 --logdir=logs/ppo-pdptw_all-15m-r1/pdptw-lr107 --communication=unix-socket -i=/tmp/pipes/unix-socket-1762770719098014,======,13389744.0,[(t:4.306-step:118-v:2087.955)-(t:4.359-step:119-v:2086.612)-(t:4.373-step:120-v:2076.374)-(t:4.390-step:121-v:2074.165)-(t:4.422-step:122-v:2050.347)-(t:4.849-step:132-v:2018.237)-(t:5.012-step:133-v:2017.432)-(t:5.036-step:134-v:2011.241)-(t:6.049-step:159-v:1883.757)-(t:6.094-step:160-v:1879.908)-(t:8.651-step:206-v:1878.758)-(t:13.526-step:321-v:1786.958)-(t:17.988-step:438-v:1719.282)-(t:18.573-step:458-v:1719.222)-(t:22.551-step:524-v:1643.197)-(t:22.563-step:525-v:1630.573)-(t:25.523-step:600-v:1617.361)-(t:25.620-step:601-v:1613.617)-(t:25.635-step:602-v:1603.061)-(t:26.106-step:617-v:1526.264)-(t:58.026-step:1287-v:1516.909)-(t:58.064-step:1288-v:1504.118)-(t:58.221-step:1296-v:1495.555)-(t:58.258-step:1297-v:1493.486)-(t:58.276-step:1298-v:1490.383)-(t:58.365-step:1299-v:1450.403)-(t:58.414-step:1300-v:1448.55)-(t:58.431-step:1301-v:1448.437)-(t:58.496-step:1302-v:1447.867)-(t:58.566-step:1303-v:1447.39)-(t:63.072-step:1418-v:1443.025)-(t:117.864-step:2651-v:1407.87)-(t:185.745-step:4474-v:1363.646)-(t:185.841-step:4475-v:1349.436)-(t:346.491-step:8507-v:1297.875)-(t:346.508-step:8508-v:1297.758)-(t:424.830-step:10785-v:1293.848)-(t:427.371-step:10870-v:1286.28)],153.599
ppo,examples/pdptw/pdptw_100/lr108.txt,r1,900,2,ppo --device=auto-gpu --c1-start=0.34 --c1-end=0.06 --c1-n-secs=196 --c2-start=0.39 --c2-end=0.2 --c2-n-secs=431 --n-epochs=65 --lr-critic=7.315462310749335E-4 --clipping=11.799185331865313 --batch-size=15 --seed=2 --disable-training-logs --memory-size=1015 --lr=0.0018103176507973232 --logdir=logs/ppo-pdptw_all-15m-r1/pdptw-lr108 --communication=unix-socket -i=/tmp/pipes/unix-socket-1762771228312957,======,11060834.0,[(t:4.956-step:126-v:1770.172)-(t:5.143-step:137-v:1742.898)-(t:5.240-step:138-v:1741.266)-(t:5.255-step:139-v:1736.435)-(t:6.036-step:152-v:1733.031)-(t:6.067-step:153-v:1732.931)-(t:6.089-step:154-v:1717.173)-(t:6.107-step:155-v:1716.935)-(t:9.432-step:218-v:1701.771)-(t:10.289-step:246-v:1645.354)-(t:10.535-step:247-v:1644.189)-(t:10.562-step:248-v:1616.462)-(t:10.627-step:249-v:1615.418)-(t:23.938-step:561-v:1512.554)-(t:23.954-step:562-v:1509.54)-(t:31.609-step:748-v:1507.09)-(t:32.001-step:759-v:1460.233)-(t:32.020-step:760-v:1448.445)-(t:32.037-step:761-v:1447.541)-(t:32.114-step:762-v:1430.852)-(t:37.175-step:826-v:1397.949)-(t:37.199-step:827-v:1393.639)-(t:37.240-step:828-v:1388.676)-(t:37.257-step:829-v:1374.553)-(t:37.278-step:830-v:1372.902)-(t:119.270-step:3037-v:1370.596)-(t:119.307-step:3038-v:1364.11)-(t:119.349-step:3039-v:1358.936)-(t:119.362-step:3040-v:1358.777)-(t:119.433-step:3041-v:1355.746)-(t:119.482-step:3042-v:1352.07)-(t:119.536-step:3043-v:1342.88)-(t:119.597-step:3044-v:1338.807)-(t:119.667-step:3045-v:1283.993)-(t:119.733-step:3046-v:1236.651)-(t:121.523-step:3101-v:1234.083)-(t:121.576-step:3102-v:1230.791)-(t:121.629-step:3103-v:1230.282)-(t:193.165-step:5080-v:1219.582)-(t:434.355-step:11533-v:1218.013)-(t:439.762-step:11644-v:1192.187)-(t:439.789-step:11645-v:1187.79)-(t:439.806-step:11646-v:1186.483)-(t:755.609-step:21034-v:1174.087)-(t:755.648-step:21035-v:1173.274)-(t:755.660-step:21036-v:1167.415)-(t:755.711-step:21037-v:1167.143)-(t:755.727-step:21038-v:1162.356)-(t:755.860-step:21039-v:1159.597)-(t:757.271-step:21086-v:1138.06)-(t:757.294-step:21087-v:1129.515)-(t:757.302-step:21088-v:1125.144)-(t:889.504-step:25260-v:1060.834)],185.304
ppo,examples/pdptw/pdptw_100/lr109.txt,r1,900,2,ppo --device=auto-gpu --c1-start=0.34 --c1-end=0.06 --c1-n-secs=196 --c2-start=0.39 --c2-end=0.2 --c2-n-secs=431 --n-epochs=65 --lr-critic=7.315462310749335E-4 --clipping=11.799185331865313 --batch-size=15 --seed=2 --disable-training-logs --memory-size=1015 --lr=0.0018103176507973232 --logdir=logs/ppo-pdptw_all-15m-r1/pdptw-lr109 --communication=unix-socket -i=/tmp/pipes/unix-socket-1762774306256590,======,14294399.0,[(t:3.654-step:122-v:1874.776)-(t:3.733-step:123-v:1869.555)-(t:3.751-step:124-v:1862.954)-(t:3.772-step:125-v:1860.262)-(t:3.807-step:126-v:1847.454)-(t:4.125-step:136-v:1827.778)-(t:4.141-step:137-v:1823.602)-(t:4.358-step:138-v:1820.969)-(t:4.383-step:139-v:1808.621)-(t:7.586-step:234-v:1783.081)-(t:7.723-step:235-v:1774.886)-(t:8.293-step:247-v:1756.785)-(t:8.770-step:252-v:1686.973)-(t:8.806-step:253-v:1683.021)-(t:8.827-step:254-v:1681.53)-(t:8.851-step:255-v:1644.467)-(t:8.877-step:256-v:1644.252)-(t:28.527-step:729-v:1617.695)-(t:28.836-step:741-v:1532.33)-(t:28.864-step:742-v:1529.666)-(t:28.906-step:743-v:1508.419)-(t:69.520-step:1680-v:1478.134)-(t:69.549-step:1681-v:1464.554)-(t:69.566-step:1682-v:1464.076)-(t:69.706-step:1683-v:1463.717)-(t:69.774-step:1684-v:1458.466)-(t:69.827-step:1685-v:1457.089)-(t:73.452-step:1795-v:1401.097)-(t:73.493-step:1796-v:1397.403)-(t:73.617-step:1797-v:1372.718)-(t:375.155-step:9545-v:1371.056)-(t:375.179-step:9546-v:1364.171)-(t:476.585-step:12326-v:1300.026)-(t:476.608-step:12327-v:1294.399)],94.883
ppo,examples/pdptw/pdptw_100/lr110.txt,r1,900,2,ppo --device=auto-gpu --c1-start=0.34 --c1-end=0.06 --c1-n-secs=196 --c2-start=0.39 --c2-end=0.2 --c2-n-secs=431 --n-epochs=65 --lr-critic=7.315462310749335E-4 --clipping=11.799185331865313 --batch-size=15 --seed=2 --disable-training-logs --memory-size=1015 --lr=0.0018103176507973232 --logdir=logs/ppo-pdptw_all-15m-r1/pdptw-lr110 --communication=unix-socket -i=/tmp/pipes/unix-socket-1763080757499778,======,14328119.0,[(t:4.594-step:123-v:1877.475)-(t:4.665-step:124-v:1877.037)-(t:4.693-step:125-v:1868.268)-(t:4.718-step:126-v:1867.279)-(t:4.756-step:127-v:1858.42)-(t:5.415-step:139-v:1854.161)-(t:5.928-step:156-v:1839.281)-(t:6.453-step:174-v:1837.289)-(t:12.843-step:298-v:1825.026)-(t:13.146-step:311-v:1803.29)-(t:13.901-step:326-v:1648.671)-(t:13.987-step:327-v:1641.906)-(t:15.629-step:377-v:1617.253)-(t:15.756-step:378-v:1613.622)-(t:38.029-step:865-v:1475.098)-(t:38.917-step:874-v:1472.455)-(t:38.947-step:875-v:1470.272)-(t:39.001-step:876-v:1469.908)-(t:39.065-step:877-v:1465.855)-(t:39.980-step:907-v:1460.466)-(t:116.627-step:2909-v:1457.164)-(t:116.656-step:2910-v:1455.37)-(t:116.725-step:2911-v:1405.717)-(t:116.740-step:2912-v:1403.493)-(t:255.880-step:6668-v:1395.772)-(t:278.925-step:7282-v:1394.524)-(t:279.011-step:7283-v:1391.404)-(t:279.040-step:7284-v:1390.349)-(t:279.063-step:7285-v:1382.649)-(t:279.112-step:7286-v:1372.086)-(t:362.964-step:9633-v:1353.661)-(t:362.999-step:9634-v:1347.697)-(t:363.074-step:9635-v:1346.638)-(t:363.128-step:9636-v:1344.844)-(t:363.243-step:9637-v:1332.276)-(t:363.306-step:9638-v:1330.995)-(t:363.386-step:9639-v:1329.992)-(t:433.032-step:11631-v:1328.119)],140.552
ppo,examples/pdptw/pdptw_100/lr111.txt,r1,900,2,ppo --device=auto-gpu --c1-start=0.34 --c1-end=0.06 --c1-n-secs=196 --c2-start=0.39 --c2-end=0.2 --c2-n-secs=431 --n-epochs=65 --lr-critic=7.315462310749335E-4 --clipping=11.799185331865313 --batch-size=15 --seed=2 --disable-training-logs --memory-size=1015 --lr=0.0018103176507973232 --logdir=logs/ppo-pdptw_all-15m-r1/pdptw-lr111 --communication=unix-socket -i=/tmp/pipes/unix-socket-1763082990539021,======,13260460.0,[(t:5.186-step:130-v:1784.047)-(t:5.211-step:131-v:1782.513)-(t:5.261-step:132-v:1776.343)-(t:12.352-step:294-v:1699.238)-(t:12.409-step:295-v:1694.721)-(t:14.866-step:350-v:1693.079)-(t:14.918-step:351-v:1687.225)-(t:15.253-step:361-v:1633.192)-(t:15.284-step:362-v:1627.15)-(t:15.320-step:363-v:1626.764)-(t:15.346-step:364-v:1551.622)-(t:15.419-step:365-v:1548.828)-(t:15.438-step:366-v:1542.183)-(t:59.576-step:1365-v:1529.524)-(t:59.596-step:1366-v:1521.279)-(t:59.653-step:1367-v:1518.052)-(t:59.717-step:1368-v:1516.192)-(t:59.759-step:1369-v:1510.338)-(t:60.549-step:1385-v:1503.79)-(t:60.642-step:1386-v:1499.899)-(t:60.910-step:1394-v:1482.503)-(t:100.645-step:2398-v:1479.995)-(t:100.768-step:2399-v:1475.488)-(t:101.090-step:2409-v:1468.278)-(t:101.101-step:2410-v:1462.84)-(t:101.190-step:2411-v:1448.366)-(t:153.461-step:3718-v:1422.926)-(t:153.580-step:3719-v:1422.114)-(t:238.466-step:5657-v:1374.906)-(t:238.482-step:5658-v:1374.208)-(t:238.564-step:5659-v:1372.462)-(t:333.643-step:8000-v:1363.584)-(t:333.662-step:8001-v:1355.763)-(t:333.684-step:8002-v:1347.237)-(t:333.704-step:8003-v:1342.1)-(t:333.741-step:8004-v:1341.861)-(t:334.610-step:8032-v:1336.352)-(t:334.627-step:8033-v:1334.089)-(t:443.620-step:10883-v:1280.593)-(t:466.451-step:11485-v:1264.094)-(t:466.542-step:11486-v:1260.46)],154.851
ppo,examples/pdptw/pdptw_100/lr112.txt,r1,900,2,ppo --device=auto-gpu --c1-start=0.34 --c1-end=0.06 --c1-n-secs=196 --c2-start=0.39 --c2-end=0.2 --c2-n-secs=431 --n-epochs=65 --lr-critic=7.315462310749335E-4 --clipping=11.799185331865313 --batch-size=15 --seed=2 --disable-training-logs --memory-size=1015 --lr=0.0018103176507973232 --logdir=logs/ppo-pdptw_all-15m-r1/pdptw-lr112 --communication=unix-socket -i=/tmp/pipes/unix-socket-1763149580151325,======,13232854.0,[(t:5.368-step:132-v:1902.105)-(t:5.411-step:133-v:1900.14)-(t:5.436-step:134-v:1876.651)-(t:7.404-step:158-v:1795.314)-(t:27.162-step:582-v:1719.959)-(t:27.175-step:583-v:1712.185)-(t:27.199-step:584-v:1690.916)-(t:28.730-step:616-v:1669.366)-(t:29.138-step:629-v:1637.208)-(t:29.181-step:630-v:1619.151)-(t:29.256-step:631-v:1618.75)-(t:29.312-step:632-v:1606.989)-(t:29.951-step:648-v:1551.005)-(t:30.704-step:656-v:1502.048)-(t:30.773-step:657-v:1496.906)-(t:30.783-step:658-v:1494.104)-(t:30.805-step:659-v:1492.256)-(t:30.900-step:660-v:1479.494)-(t:129.306-step:2944-v:1455.951)-(t:129.334-step:2945-v:1454.883)-(t:129.441-step:2946-v:1442.492)-(t:129.465-step:2947-v:1429.366)-(t:129.492-step:2948-v:1413.873)-(t:130.028-step:2969-v:1398.357)-(t:130.095-step:2970-v:1380.637)-(t:130.111-step:2971-v:1370.043)-(t:130.130-step:2972-v:1367.064)-(t:285.664-step:6830-v:1356.08)-(t:289.274-step:6917-v:1323.684)-(t:289.284-step:6918-v:1321.408)-(t:289.345-step:6919-v:1318.015)-(t:289.401-step:6920-v:1314.902)-(t:289.466-step:6921-v:1314.1)-(t:289.557-step:6922-v:1270.755)-(t:289.583-step:6923-v:1269.992)-(t:594.467-step:15342-v:1243.243)-(t:594.566-step:15343-v:1241.758)-(t:594.603-step:15344-v:1241.212)-(t:776.770-step:20295-v:1238.523)-(t:776.794-step:20296-v:1234.22)-(t:776.939-step:20297-v:1232.854)],212.374
ppo,examples/pdptw/pdptw_100/lr206.txt,r1,900,2,ppo --device=auto-gpu --c1-start=0.34 --c1-end=0.06 --c1-n-secs=196 --c2-start=0.39 --c2-end=0.2 --c2-n-secs=431 --n-epochs=65 --lr-critic=7.315462310749335E-4 --clipping=11.799185331865313 --batch-size=15 --seed=2 --disable-training-logs --memory-size=1015 --lr=0.0018103176507973232 --logdir=logs/ppo-pdptw_all-15m-r1/pdptw-lr206 --communication=unix-socket -i=/tmp/pipes/unix-socket-1763220268681751,======,5790581.0,[(t:4.073-step:124-v:2352.773)-(t:4.164-step:125-v:2341.139)-(t:4.178-step:126-v:2334.759)-(t:4.193-step:127-v:2328.64)-(t:60.290-step:2416-v:2301.48)-(t:83.021-step:3311-v:2261.575)-(t:89.480-step:3540-v:2259.714)-(t:94.629-step:3706-v:2253.234)-(t:94.658-step:3707-v:2243.087)-(t:107.542-step:4198-v:2080.034)-(t:107.563-step:4199-v:2079.452)-(t:255.351-step:9574-v:1889.09)-(t:255.530-step:9575-v:1881.703)-(t:255.544-step:9576-v:1875.743)-(t:723.042-step:28778-v:1857.136)-(t:723.051-step:28779-v:1855.16)-(t:723.060-step:28780-v:1855.045)-(t:723.073-step:28781-v:1850.251)-(t:723.086-step:28782-v:1848.321)-(t:723.144-step:28783-v:1841.316)-(t:723.154-step:28784-v:1840.424)-(t:723.235-step:28785-v:1837.457)-(t:864.127-step:34563-v:1793.866)-(t:864.159-step:34564-v:1790.581)],469.455
ppo,examples/pdptw/pdptw_100/lr207.txt,r1,900,2,ppo --device=auto-gpu --c1-start=0.34 --c1-end=0.06 --c1-n-secs=196 --c2-start=0.39 --c2-end=0.2 --c2-n-secs=431 --n-epochs=65 --lr-critic=7.315462310749335E-4 --clipping=11.799185331865313 --batch-size=15 --seed=2 --disable-training-logs --memory-size=1015 --lr=0.0018103176507973232 --logdir=logs/ppo-pdptw_all-15m-r1/pdptw-lr207 --communication=unix-socket -i=/tmp/pipes/unix-socket-1763467293090046,======,5647842.0,[(t:11.107-step:461-v:2497.235)-(t:27.380-step:1036-v:2383.241)-(t:81.391-step:2947-v:2364.556)-(t:81.512-step:2948-v:2361.361)-(t:158.725-step:6012-v:1927.978)-(t:158.977-step:6013-v:1923.934)-(t:158.999-step:6014-v:1916.104)-(t:235.949-step:8870-v:1909.592)-(t:320.336-step:11799-v:1898.578)-(t:320.525-step:11800-v:1889.524)-(t:320.540-step:11801-v:1883.592)-(t:320.569-step:11802-v:1882.28)-(t:414.474-step:15316-v:1689.067)-(t:414.581-step:15317-v:1682.331)-(t:414.662-step:15318-v:1674.033)-(t:414.688-step:15319-v:1669.554)-(t:414.705-step:15320-v:1667.427)-(t:414.762-step:15321-v:1647.842)],456.531
ppo,examples/pdptw/pdptw_100/lr208.txt,r1,900,2,ppo --device=auto-gpu --c1-start=0.34 --c1-end=0.06 --c1-n-secs=196 --c2-start=0.39 --c2-end=0.2 --c2-n-secs=431 --n-epochs=65 --lr-critic=7.315462310749335E-4 --clipping=11.799185331865313 --batch-size=15 --seed=2 --disable-training-logs --memory-size=1015 --lr=0.0018103176507973232 --logdir=logs/ppo-pdptw_all-15m-r1/pdptw-lr208 --communication=unix-socket -i=/tmp/pipes/unix-socket-1763679786650958,======,4582921.0,[(t:10.025-step:421-v:2055.746)-(t:10.049-step:422-v:2051.378)-(t:61.538-step:2211-v:1922.558)-(t:98.031-step:3506-v:1775.977)-(t:98.040-step:3507-v:1765.814)-(t:98.057-step:3508-v:1765.167)-(t:105.244-step:3727-v:1752.399)-(t:105.256-step:3728-v:1751.849)-(t:754.900-step:26539-v:1644.95)-(t:754.913-step:26540-v:1642.846)-(t:754.925-step:26541-v:1642.213)-(t:754.963-step:26542-v:1620.196)-(t:754.994-step:26543-v:1612.869)-(t:755.015-step:26544-v:1609.217)-(t:755.026-step:26545-v:1601.323)-(t:755.039-step:26546-v:1600.469)-(t:755.082-step:26547-v:1598.547)-(t:755.123-step:26548-v:1597.884)-(t:755.135-step:26549-v:1597.799)-(t:755.177-step:26550-v:1595.977)-(t:755.189-step:26551-v:1592.534)-(t:755.222-step:26552-v:1584.443)-(t:755.262-step:26553-v:1582.921)],524.726
ppo,examples/pdptw/pdptw_100/lr209.txt,r1,900,2,ppo --device=auto-gpu --c1-start=0.34 --c1-end=0.06 --c1-n-secs=196 --c2-start=0.39 --c2-end=0.2 --c2-n-secs=431 --n-epochs=65 --lr-critic=7.315462310749335E-4 --clipping=11.799185331865313 --batch-size=15 --seed=2 --disable-training-logs --memory-size=1015 --lr=0.0018103176507973232 --logdir=logs/ppo-pdptw_all-15m-r1/pdptw-lr209 --communication=unix-socket -i=/tmp/pipes/unix-socket-1763680461066896,======,5457568.0,[(t:4.501-step:144-v:2283.395)-(t:18.847-step:609-v:2046.775)-(t:18.898-step:610-v:2037.337)-(t:60.082-step:2043-v:1995.594)-(t:60.124-step:2044-v:1989.97)-(t:60.150-step:2045-v:1984.794)-(t:73.119-step:2516-v:1907.132)-(t:73.136-step:2517-v:1906.405)-(t:73.165-step:2518-v:1899.299)-(t:74.552-step:2558-v:1868.405)-(t:74.651-step:2559-v:1855.402)-(t:398.991-step:13478-v:1814.495)-(t:399.000-step:13479-v:1811.737)-(t:399.014-step:13480-v:1806.812)-(t:399.030-step:13481-v:1793.638)-(t:399.054-step:13482-v:1786.442)-(t:400.450-step:13483-v:1784.688)-(t:458.038-step:15685-v:1764.234)-(t:458.073-step:15686-v:1755.991)-(t:458.083-step:15687-v:1754.366)-(t:458.114-step:15688-v:1746.75)-(t:458.127-step:15689-v:1740.442)-(t:477.324-step:16482-v:1577.33)-(t:477.338-step:16483-v:1574.728)-(t:477.398-step:16484-v:1572.061)-(t:843.032-step:30856-v:1568.587)-(t:843.133-step:30857-v:1564.808)-(t:843.160-step:30858-v:1558.569)-(t:865.860-step:31741-v:1457.568)],412.771
ppo,examples/pdptw/pdptw_100/lr210.txt,r1,900,2,ppo --device=auto-gpu --c1-start=0.34 --c1-end=0.06 --c1-n-secs=196 --c2-start=0.39 --c2-end=0.2 --c2-n-secs=431 --n-epochs=65 --lr-critic=7.315462310749335E-4 --clipping=11.799185331865313 --batch-size=15 --seed=2 --disable-training-logs --memory-size=1015 --lr=0.0018103176507973232 --logdir=logs/ppo-pdptw_all-15m-r1/pdptw-lr210 --communication=unix-socket -i=/tmp/pipes/unix-socket-1763682936487628,======,6592469.0,[(t:3.448-step:137-v:2270.934)-(t:3.479-step:138-v:2268.802)-(t:3.510-step:139-v:2247.035)-(t:8.422-step:368-v:2187.608)-(t:8.432-step:369-v:2170.498)-(t:8.442-step:370-v:2162.481)-(t:8.469-step:371-v:2151.752)-(t:8.543-step:372-v:2136.203)-(t:8.555-step:373-v:2132.417)-(t:8.574-step:374-v:2121.456)-(t:8.986-step:398-v:2105.121)-(t:8.995-step:399-v:2088.953)-(t:9.005-step:400-v:2085.587)-(t:9.122-step:401-v:2081.082)-(t:9.132-step:402-v:2067.508)-(t:179.613-step:6807-v:1829.053)-(t:179.636-step:6808-v:1825.893)-(t:179.743-step:6809-v:1825.054)-(t:353.663-step:13706-v:1795.266)-(t:353.676-step:13707-v:1789.037)-(t:353.700-step:13708-v:1787.871)-(t:353.771-step:13709-v:1772.197)-(t:353.840-step:13710-v:1768.748)-(t:353.918-step:13711-v:1761.194)-(t:664.539-step:26487-v:1759.967)-(t:664.559-step:26488-v:1758.748)-(t:664.593-step:26489-v:1758.207)-(t:664.635-step:26490-v:1756.174)-(t:833.247-step:34043-v:1751.161)-(t:857.557-step:35100-v:1635.733)-(t:857.567-step:35101-v:1629.895)-(t:857.710-step:35102-v:1609.437)-(t:857.731-step:35103-v:1605.499)-(t:857.745-step:35104-v:1592.469)],424.174
ppo,examples/pdptw/pdptw_100/lr211.txt,r1,900,2,ppo --device=auto-gpu --c1-start=0.34 --c1-end=0.06 --c1-n-secs=196 --c2-start=0.39 --c2-end=0.2 --c2-n-secs=431 --n-epochs=65 --lr-critic=7.315462310749335E-4 --clipping=11.799185331865313 --batch-size=15 --seed=2 --disable-training-logs --memory-size=1015 --lr=0.0018103176507973232 --logdir=logs/ppo-pdptw_all-15m-r1/pdptw-lr211 --communication=unix-socket -i=/tmp/pipes/unix-socket-1763989201799204,======,5658710.0,[(t:8.564-step:220-v:2409.666)-(t:9.526-step:242-v:2407.665)-(t:11.599-step:318-v:2222.672)-(t:14.641-step:416-v:2178.976)-(t:14.781-step:417-v:2157.923)-(t:90.858-step:2652-v:1988.181)-(t:93.721-step:2702-v:1967.624)-(t:93.748-step:2703-v:1945.876)-(t:93.789-step:2704-v:1944.836)-(t:187.066-step:5653-v:1939.05)-(t:187.099-step:5654-v:1936.771)-(t:187.290-step:5655-v:1919.187)-(t:540.741-step:17155-v:1868.955)-(t:540.837-step:17156-v:1867.934)-(t:540.856-step:17157-v:1865.535)-(t:540.872-step:17158-v:1862.4)-(t:540.883-step:17159-v:1853.432)-(t:540.895-step:17160-v:1850.862)-(t:540.905-step:17161-v:1847.14)-(t:540.931-step:17162-v:1846.957)-(t:540.952-step:17163-v:1835.66)-(t:727.493-step:24169-v:1824.806)-(t:727.535-step:24170-v:1815.356)-(t:727.575-step:24171-v:1809.156)-(t:727.591-step:24172-v:1806.863)-(t:727.616-step:24173-v:1806.758)-(t:727.647-step:24174-v:1795.428)-(t:812.584-step:27478-v:1782.78)-(t:812.634-step:27479-v:1781.17)-(t:812.650-step:27480-v:1780.352)-(t:812.662-step:27481-v:1778.256)-(t:812.689-step:27482-v:1777.748)-(t:849.044-step:29002-v:1709.685)-(t:849.053-step:29003-v:1681.342)-(t:849.077-step:29004-v:1671.748)-(t:849.156-step:29005-v:1670.369)-(t:849.168-step:29006-v:1658.71)],469.743
ppo,examples/pdptw/pdptw_100/lrc105.txt,r1,900,2,ppo --device=auto-gpu --c1-start=0.34 --c1-end=0.06 --c1-n-secs=196 --c2-start=0.39 --c2-end=0.2 --c2-n-secs=431 --n-epochs=65 --lr-critic=7.315462310749335E-4 --clipping=11.799185331865313 --batch-size=15 --seed=2 --disable-training-logs --memory-size=1015 --lr=0.0018103176507973232 --logdir=logs/ppo-pdptw_all-15m-r1/pdptw-lrc105 --communication=unix-socket -i=/tmp/pipes/unix-socket-1763992125313711,======,17758596.0,[(t:8.382-step:201-v:2492.422)-(t:8.414-step:202-v:2475.64)-(t:8.472-step:203-v:2398.13)-(t:9.172-step:221-v:2371.058)-(t:12.988-step:317-v:2243.342)-(t:13.013-step:318-v:2240.668)-(t:13.102-step:319-v:2225.537)-(t:13.141-step:320-v:2223.061)-(t:13.183-step:321-v:2156.029)-(t:13.272-step:322-v:2147.681)-(t:13.396-step:327-v:2099.263)-(t:14.163-step:349-v:2036.374)-(t:78.734-step:1824-v:1952.012)-(t:78.747-step:1825-v:1921.603)-(t:78.779-step:1826-v:1918.355)-(t:78.827-step:1827-v:1915.3)-(t:78.874-step:1828-v:1914.198)-(t:96.314-step:2240-v:1904.414)-(t:166.867-step:3813-v:1834.65)-(t:166.963-step:3814-v:1826.31)-(t:266.269-step:6004-v:1815.205)-(t:561.915-step:13111-v:1758.596)],97.607
ppo,examples/pdptw/pdptw_100/lrc106.txt,r1,900,2,ppo --device=auto-gpu --c1-start=0.34 --c1-end=0.06 --c1-n-secs=196 --c2-start=0.39 --c2-end=0.2 --c2-n-secs=431 --n-epochs=65 --lr-critic=7.315462310749335E-4 --clipping=11.799185331865313 --batch-size=15 --seed=2 --disable-training-logs --memory-size=1015 --lr=0.0018103176507973232 --logdir=logs/ppo-pdptw_all-15m-r1/pdptw-lrc106 --communication=unix-socket -i=/tmp/pipes/unix-socket-1764058381231422,======,15625729.0,[(t:4.433-step:131-v:2217.0)-(t:4.468-step:132-v:2208.304)-(t:5.227-step:160-v:2157.63)-(t:5.698-step:175-v:2042.047)-(t:7.037-step:198-v:2036.312)-(t:7.058-step:199-v:2034.854)-(t:7.084-step:200-v:2028.793)-(t:15.843-step:384-v:1931.709)-(t:26.633-step:696-v:1895.653)-(t:26.643-step:697-v:1893.5)-(t:32.437-step:802-v:1862.027)-(t:32.464-step:803-v:1857.971)-(t:32.490-step:804-v:1856.271)-(t:32.510-step:805-v:1852.289)-(t:47.942-step:1192-v:1852.114)-(t:64.672-step:1595-v:1829.822)-(t:80.322-step:1960-v:1829.081)-(t:80.433-step:1961-v:1826.199)-(t:80.452-step:1962-v:1825.138)-(t:80.541-step:1963-v:1815.386)-(t:80.839-step:1972-v:1797.301)-(t:81.645-step:1991-v:1794.503)-(t:81.693-step:1992-v:1793.521)-(t:107.677-step:2642-v:1781.656)-(t:183.102-step:4747-v:1780.712)-(t:183.168-step:4748-v:1776.026)-(t:185.682-step:4810-v:1724.266)-(t:216.992-step:5571-v:1722.217)-(t:217.027-step:5572-v:1719.106)-(t:364.074-step:9546-v:1717.143)-(t:364.104-step:9547-v:1712.726)-(t:480.042-step:12632-v:1705.545)-(t:480.165-step:12633-v:1699.88)-(t:488.527-step:12883-v:1696.872)-(t:491.781-step:12958-v:1655.317)-(t:491.799-step:12959-v:1639.265)-(t:491.824-step:12960-v:1625.729)],146.82
ppo,examples/pdptw/pdptw_100/lrc107.txt,r1,900,2,ppo --device=auto-gpu --c1-start=0.34 --c1-end=0.06 --c1-n-secs=196 --c2-start=0.39 --c2-end=0.2 --c2-n-secs=431 --n-epochs=65 --lr-critic=7.315462310749335E-4 --clipping=11.799185331865313 --batch-size=15 --seed=2 --disable-training-logs --memory-size=1015 --lr=0.0018103176507973232 --logdir=logs/ppo-pdptw_all-15m-r1/pdptw-lrc107 --communication=unix-socket -i=/tmp/pipes/unix-socket-1764128480504690,======,13354862.0,[(t:5.190-step:127-v:1981.902)-(t:5.531-step:138-v:1920.183)-(t:5.663-step:139-v:1918.666)-(t:5.706-step:140-v:1917.215)-(t:6.228-step:153-v:1913.681)-(t:6.272-step:154-v:1909.991)-(t:6.293-step:155-v:1909.83)-(t:6.528-step:165-v:1801.096)-(t:6.567-step:166-v:1800.123)-(t:6.667-step:167-v:1753.132)-(t:20.080-step:485-v:1750.652)-(t:20.109-step:486-v:1749.025)-(t:20.124-step:487-v:1747.184)-(t:20.160-step:488-v:1746.832)-(t:25.958-step:604-v:1703.729)-(t:50.285-step:1115-v:1666.334)-(t:50.296-step:1116-v:1666.158)-(t:50.317-step:1117-v:1619.918)-(t:50.326-step:1118-v:1619.877)-(t:50.346-step:1119-v:1619.106)-(t:122.609-step:2913-v:1589.431)-(t:122.636-step:2914-v:1580.687)-(t:122.662-step:2915-v:1579.242)-(t:122.689-step:2916-v:1578.153)-(t:122.765-step:2917-v:1568.324)-(t:206.146-step:5032-v:1472.235)-(t:206.240-step:5033-v:1468.457)-(t:207.605-step:5070-v:1454.428)-(t:207.674-step:5071-v:1440.282)-(t:209.459-step:5102-v:1419.433)-(t:751.078-step:19952-v:1375.634)-(t:751.120-step:19953-v:1365.598)-(t:751.173-step:19954-v:1364.103)-(t:751.209-step:19955-v:1363.285)-(t:751.226-step:19956-v:1362.303)-(t:751.258-step:19957-v:1354.862)],140.06
ppo,examples/pdptw/pdptw_100/lrc108.txt,r1,900,2,ppo --device=auto-gpu --c1-start=0.34 --c1-end=0.06 --c1-n-secs=196 --c2-start=0.39 --c2-end=0.2 --c2-n-secs=431 --n-epochs=65 --lr-critic=7.315462310749335E-4 --clipping=11.799185331865313 --batch-size=15 --seed=2 --disable-training-logs --memory-size=1015 --lr=0.0018103176507973232 --logdir=logs/ppo-pdptw_all-15m-r1/pdptw-lrc108 --communication=unix-socket -i=/tmp/pipes/unix-socket-1764375445759209,======,13293249.0,[(t:5.139-step:133-v:2060.713)-(t:5.155-step:134-v:2060.444)-(t:5.196-step:135-v:2056.613)-(t:5.228-step:136-v:2052.715)-(t:5.276-step:137-v:2052.39)-(t:5.849-step:142-v:2041.968)-(t:5.867-step:143-v:2039.93)-(t:5.887-step:144-v:2038.385)-(t:5.958-step:145-v:2038.224)-(t:6.483-step:160-v:1923.603)-(t:8.071-step:190-v:1838.499)-(t:8.387-step:195-v:1800.545)-(t:8.474-step:196-v:1800.427)-(t:18.065-step:450-v:1770.509)-(t:18.147-step:451-v:1769.314)-(t:18.471-step:462-v:1761.075)-(t:18.493-step:463-v:1759.095)-(t:18.781-step:484-v:1736.568)-(t:18.848-step:485-v:1731.28)-(t:18.871-step:486-v:1727.584)-(t:19.188-step:487-v:1724.873)-(t:19.198-step:488-v:1718.873)-(t:19.220-step:489-v:1716.761)-(t:19.242-step:490-v:1715.015)-(t:32.402-step:801-v:1646.169)-(t:34.056-step:802-v:1646.066)-(t:34.150-step:803-v:1640.171)-(t:34.225-step:804-v:1634.219)-(t:34.253-step:805-v:1632.277)-(t:34.266-step:806-v:1628.446)-(t:34.279-step:807-v:1624.446)-(t:115.709-step:2929-v:1565.578)-(t:115.766-step:2930-v:1555.047)-(t:115.907-step:2931-v:1524.293)-(t:115.932-step:2932-v:1514.331)-(t:115.952-step:2933-v:1494.623)-(t:116.013-step:2934-v:1491.843)-(t:116.090-step:2935-v:1491.632)-(t:156.130-step:4069-v:1488.64)-(t:156.201-step:4070-v:1484.64)-(t:156.244-step:4071-v:1484.637)-(t:156.343-step:4072-v:1476.827)-(t:156.359-step:4073-v:1475.599)-(t:156.379-step:4074-v:1474.441)-(t:189.771-step:5045-v:1362.027)-(t:190.308-step:5069-v:1361.032)-(t:190.320-step:5070-v:1360.6)-(t:190.921-step:5093-v:1356.009)-(t:575.055-step:15845-v:1325.349)-(t:575.106-step:15846-v:1310.767)-(t:575.127-step:15847-v:1297.738)-(t:576.605-step:15861-v:1293.249)],151.949
ppo,examples/pdptw/pdptw_100/lrc205.txt,r1,900,2,ppo --device=auto-gpu --c1-start=0.34 --c1-end=0.06 --c1-n-secs=196 --c2-start=0.39 --c2-end=0.2 --c2-n-secs=431 --n-epochs=65 --lr-critic=7.315462310749335E-4 --clipping=11.799185331865313 --batch-size=15 --seed=2 --disable-training-logs --memory-size=1015 --lr=0.0018103176507973232 --logdir=logs/ppo-pdptw_all-15m-r1/pdptw-lrc205 --communication=unix-socket -i=/tmp/pipes/unix-socket-1764588503844840,======,6874717.0,[(t:4.709-step:148-v:2741.535)-(t:4.726-step:149-v:2729.64)-(t:4.754-step:150-v:2726.483)-(t:16.735-step:569-v:2636.145)-(t:17.368-step:590-v:2632.52)-(t:124.748-step:4275-v:2383.957)-(t:124.766-step:4276-v:2377.851)-(t:124.847-step:4277-v:2375.907)-(t:272.377-step:9044-v:1982.33)-(t:272.405-step:9045-v:1974.581)-(t:272.452-step:9046-v:1972.967)-(t:272.506-step:9047-v:1951.569)-(t:272.588-step:9048-v:1948.46)-(t:272.602-step:9049-v:1944.469)-(t:272.614-step:9050-v:1938.791)-(t:272.630-step:9051-v:1921.414)-(t:516.434-step:17411-v:1917.386)-(t:516.449-step:17412-v:1916.608)-(t:516.474-step:17413-v:1906.104)-(t:516.492-step:17414-v:1905.58)-(t:516.510-step:17415-v:1890.65)-(t:516.527-step:17416-v:1879.879)-(t:516.537-step:17417-v:1874.717)],328.084
ppo,examples/pdptw/pdptw_100/lrc206.txt,r1,900,2,ppo --device=auto-gpu --c1-start=0.34 --c1-end=0.06 --c1-n-secs=196 --c2-start=0.39 --c2-end=0.2 --c2-n-secs=431 --n-epochs=65 --lr-critic=7.315462310749335E-4 --clipping=11.799185331865313 --batch-size=15 --seed=2 --disable-training-logs --memory-size=1015 --lr=0.0018103176507973232 --logdir=logs/ppo-pdptw_all-15m-r1/pdptw-lrc206 --communication=unix-socket -i=/tmp/pipes/unix-socket-1764589267620104,======,6480867.0,[(t:10.951-step:409-v:3116.413)-(t:10.989-step:410-v:3110.043)-(t:11.033-step:411-v:3093.118)-(t:11.058-step:412-v:3058.349)-(t:12.743-step:472-v:2880.732)-(t:46.395-step:1535-v:2675.552)-(t:66.295-step:2110-v:2582.935)-(t:66.329-step:2111-v:2573.623)-(t:66.343-step:2112-v:2548.328)-(t:78.211-step:2479-v:2441.458)-(t:78.235-step:2480-v:2422.957)-(t:78.249-step:2481-v:2420.097)-(t:78.263-step:2482-v:2409.737)-(t:78.363-step:2483-v:2404.693)-(t:78.388-step:2484-v:2403.773)-(t:78.414-step:2485-v:2402.735)-(t:78.430-step:2486-v:2397.246)-(t:177.876-step:5700-v:2343.309)-(t:177.887-step:5701-v:2342.052)-(t:177.918-step:5702-v:2331.492)-(t:177.935-step:5703-v:2327.492)-(t:177.971-step:5704-v:2303.173)-(t:178.011-step:5705-v:2293.382)-(t:178.173-step:5706-v:2293.191)-(t:178.185-step:5707-v:2259.41)-(t:178.218-step:5708-v:2257.587)-(t:406.004-step:13035-v:2092.119)-(t:406.043-step:13036-v:2090.075)-(t:406.084-step:13037-v:2079.206)-(t:406.133-step:13038-v:2076.79)-(t:406.169-step:13039-v:2033.914)-(t:711.861-step:23578-v:1497.659)-(t:711.880-step:23579-v:1494.911)-(t:711.899-step:23580-v:1488.087)-(t:711.987-step:23581-v:1484.973)-(t:712.010-step:23582-v:1482.225)-(t:712.047-step:23583-v:1480.867)],384.899
ppo,examples/pdptw/pdptw_100/lrc207.txt,r1,900,2,ppo --device=auto-gpu --c1-start=0.34 --c1-end=0.06 --c1-n-secs=196 --c2-start=0.39 --c2-end=0.2 --c2-n-secs=431 --n-epochs=65 --lr-critic=7.315462310749335E-4 --clipping=11.799185331865313 --batch-size=15 --seed=2 --disable-training-logs --memory-size=1015 --lr=0.0018103176507973232 --logdir=logs/ppo-pdptw_all-15m-r1/pdptw-lrc207 --communication=unix-socket -i=/tmp/pipes/unix-socket-1764591285485514,======,6909360.0,[(t:5.907-step:179-v:2822.014)-(t:5.940-step:180-v:2814.566)-(t:28.622-step:928-v:2762.941)-(t:29.557-step:968-v:2705.955)-(t:29.581-step:969-v:2700.384)-(t:30.190-step:991-v:2657.142)-(t:30.210-step:992-v:2656.136)-(t:56.777-step:1627-v:2542.261)-(t:56.792-step:1628-v:2537.658)-(t:88.710-step:2598-v:2534.566)-(t:88.795-step:2599-v:2524.131)-(t:88.810-step:2600-v:2522.487)-(t:104.480-step:2981-v:2487.347)-(t:369.549-step:10988-v:2446.824)-(t:369.560-step:10989-v:2438.146)-(t:399.113-step:11940-v:2429.7)-(t:432.019-step:13171-v:2266.198)-(t:432.114-step:13172-v:2239.428)-(t:602.072-step:19894-v:2224.661)-(t:602.129-step:19895-v:2182.132)-(t:602.194-step:19896-v:2163.808)-(t:602.210-step:19897-v:2154.62)-(t:603.730-step:19939-v:2139.957)-(t:603.761-step:19940-v:2124.226)-(t:603.781-step:19941-v:2119.515)-(t:603.801-step:19942-v:2117.92)-(t:603.827-step:19943-v:2117.642)-(t:603.852-step:19944-v:2088.558)-(t:634.857-step:21338-v:2088.502)-(t:634.977-step:21339-v:2083.316)-(t:635.005-step:21340-v:2080.307)-(t:635.064-step:21341-v:2052.566)-(t:635.081-step:21342-v:2049.125)-(t:635.676-step:21367-v:2031.515)-(t:635.700-step:21368-v:2005.032)-(t:635.714-step:21369-v:1971.318)-(t:635.727-step:21370-v:1970.462)-(t:635.759-step:21371-v:1969.849)-(t:635.786-step:21372-v:1919.753)-(t:635.891-step:21373-v:1919.557)-(t:635.903-step:21374-v:1917.291)-(t:635.917-step:21375-v:1917.237)-(t:635.929-step:21376-v:1911.342)-(t:635.945-step:21377-v:1909.36)],475.008
ppo,examples/pdptw/pdptw_100/lrc208.txt,r1,900,2,ppo --device=auto-gpu --c1-start=0.34 --c1-end=0.06 --c1-n-secs=196 --c2-start=0.39 --c2-end=0.2 --c2-n-secs=431 --n-epochs=65 --lr-critic=7.315462310749335E-4 --clipping=11.799185331865313 --batch-size=15 --seed=2 --disable-training-logs --memory-size=1015 --lr=0.0018103176507973232 --logdir=logs/ppo-pdptw_all-15m-r1/pdptw-lrc208 --communication=unix-socket -i=/tmp/pipes/unix-socket-1764898142855315,======,5776527.0,[(t:4.555-step:158-v:2750.938)-(t:4.571-step:159-v:2746.213)-(t:4.587-step:160-v:2741.527)-(t:4.600-step:161-v:2735.992)-(t:29.435-step:1018-v:2634.455)-(t:29.448-step:1019-v:2634.138)-(t:30.098-step:1040-v:2467.385)-(t:30.124-step:1041-v:2401.509)-(t:89.017-step:2947-v:2223.025)-(t:179.568-step:5579-v:2103.156)-(t:213.612-step:6787-v:2032.549)-(t:213.626-step:6788-v:2031.746)-(t:590.537-step:19517-v:1999.1)-(t:657.702-step:22226-v:1986.366)-(t:657.749-step:22227-v:1984.885)-(t:657.785-step:22228-v:1968.808)-(t:657.798-step:22229-v:1967.05)-(t:657.815-step:22230-v:1966.818)-(t:657.852-step:22231-v:1962.38)-(t:657.880-step:22232-v:1961.765)-(t:657.930-step:22233-v:1954.944)-(t:689.026-step:23510-v:1787.256)-(t:689.047-step:23511-v:1786.533)-(t:689.086-step:23512-v:1782.031)-(t:689.100-step:23513-v:1780.32)-(t:689.164-step:23514-v:1776.527)],520.784
ppo,examples/pdptw/pdptw_400/LC1_4_6.txt,r1,900,2,ppo --device=auto-gpu --c1-start=0.34 --c1-end=0.06 --c1-n-secs=196 --c2-start=0.39 --c2-end=0.2 --c2-n-secs=431 --n-epochs=65 --lr-critic=7.315462310749335E-4 --clipping=11.799185331865313 --batch-size=15 --seed=2 --disable-training-logs --memory-size=1015 --lr=0.0018103176507973232 --logdir=logs/ppo-pdptw_all-15m-r1/pdptw-LC1_4_6 --communication=unix-socket -i=/tmp/pipes/unix-socket-1764901432084254,======,70286380.0,[(t:142.186-step:2253-v:15273.673)-(t:146.386-step:2299-v:14261.987)-(t:160.608-step:2411-v:14146.771)-(t:524.416-step:4953-v:13711.586)],510.96
ppo,examples/pdptw/pdptw_400/LC1_4_7.txt,r1,900,2,ppo --device=auto-gpu --c1-start=0.34 --c1-end=0.06 --c1-n-secs=196 --c2-start=0.39 --c2-end=0.2 --c2-n-secs=431 --n-epochs=65 --lr-critic=7.315462310749335E-4 --clipping=11.799185331865313 --batch-size=15 --seed=2 --disable-training-logs --memory-size=1015 --lr=0.0018103176507973232 --logdir=logs/ppo-pdptw_all-15m-r1/pdptw-LC1_4_7 --communication=unix-socket -i=/tmp/pipes/unix-socket-1764969206130170,======,67451983.0,[(t:208.635-step:3259-v:14762.044)-(t:588.581-step:5773-v:14451.983)],561.928
ppo,examples/pdptw/pdptw_400/LC1_4_8.txt,r1,900,2,ppo --device=auto-gpu --c1-start=0.34 --c1-end=0.06 --c1-n-secs=196 --c2-start=0.39 --c2-end=0.2 --c2-n-secs=431 --n-epochs=65 --lr-critic=7.315462310749335E-4 --clipping=11.799185331865313 --batch-size=15 --seed=2 --disable-training-logs --memory-size=1015 --lr=0.0018103176507973232 --logdir=logs/ppo-pdptw_all-15m-r1/pdptw-LC1_4_8 --communication=unix-socket -i=/tmp/pipes/unix-socket-1765037877492960,======,65304411.0,[(t:143.923-step:2065-v:16581.392)-(t:144.018-step:2066-v:16577.694)-(t:144.085-step:2067-v:16503.209)-(t:178.794-step:2318-v:15935.138)-(t:362.593-step:3670-v:15116.326)-(t:362.621-step:3671-v:15114.279)-(t:362.686-step:3672-v:15066.33)-(t:362.755-step:3673-v:15002.191)-(t:364.331-step:3674-v:14992.02)-(t:364.405-step:3675-v:14903.505)-(t:376.763-step:3788-v:14375.542)-(t:376.849-step:3789-v:14357.146)-(t:376.876-step:3790-v:14349.444)-(t:376.975-step:3791-v:14305.203)-(t:377.020-step:3792-v:14304.411)],474.964
ppo,examples/pdptw/pdptw_400/LC1_4_9.txt,r1,900,2,ppo --device=auto-gpu --c1-start=0.34 --c1-end=0.06 --c1-n-secs=196 --c2-start=0.39 --c2-end=0.2 --c2-n-secs=431 --n-epochs=65 --lr-critic=7.315462310749335E-4 --clipping=11.799185331865313 --batch-size=15 --seed=2 --disable-training-logs --memory-size=1015 --lr=0.0018103176507973232 --logdir=logs/ppo-pdptw_all-15m-r1/pdptw-LC1_4_9 --communication=unix-socket -i=/tmp/pipes/unix-socket-1765284443746551,======,65049053.0,[(t:265.622-step:3947-v:17681.895)-(t:333.088-step:4467-v:17661.897)-(t:334.052-step:4468-v:17658.01)-(t:334.089-step:4469-v:17657.134)-(t:334.262-step:4470-v:17656.126)-(t:334.333-step:4471-v:17555.779)-(t:336.086-step:4472-v:17417.143)-(t:562.724-step:5998-v:16851.939)-(t:568.745-step:6056-v:16079.307)-(t:568.824-step:6057-v:16052.106)-(t:568.856-step:6058-v:16050.053)-(t:568.990-step:6059-v:16049.053)],616.887
ppo,examples/pdptw/pdptw_400/LC1_4_10.txt,r1,900,2,ppo --device=auto-gpu --c1-start=0.34 --c1-end=0.06 --c1-n-secs=196 --c2-start=0.39 --c2-end=0.2 --c2-n-secs=431 --n-epochs=65 --lr-critic=7.315462310749335E-4 --clipping=11.799185331865313 --batch-size=15 --seed=2 --disable-training-logs --memory-size=1015 --lr=0.0018103176507973232 --logdir=logs/ppo-pdptw_all-15m-r1/pdptw-LC1_4_10 --communication=unix-socket -i=/tmp/pipes/unix-socket-1765497528651024,======,65892609.0,[(t:242.751-step:2903-v:20057.285)-(t:252.529-step:2957-v:19941.432)-(t:252.559-step:2958-v:19940.8)-(t:284.587-step:3220-v:18438.968)-(t:284.606-step:3221-v:18432.177)-(t:284.645-step:3222-v:18430.387)-(t:395.538-step:3823-v:18205.345)-(t:395.635-step:3824-v:18204.738)-(t:395.659-step:3825-v:18196.738)-(t:395.689-step:3826-v:18192.482)-(t:395.739-step:3827-v:18191.835)-(t:748.120-step:6020-v:18015.394)-(t:749.241-step:6021-v:18014.268)-(t:749.332-step:6022-v:18010.952)-(t:749.401-step:6023-v:18001.847)-(t:888.067-step:6752-v:17957.997)-(t:888.253-step:6753-v:17892.787)-(t:888.391-step:6754-v:17892.609)],617.884
ppo,examples/pdptw/pdptw_400/LC2_4_6.txt,r1,900,2,ppo --device=auto-gpu --c1-start=0.34 --c1-end=0.06 --c1-n-secs=196 --c2-start=0.39 --c2-end=0.2 --c2-n-secs=431 --n-epochs=65 --lr-critic=7.315462310749335E-4 --clipping=11.799185331865313 --batch-size=15 --seed=2 --disable-training-logs --memory-size=1015 --lr=0.0018103176507973232 --logdir=logs/ppo-pdptw_all-15m-r1/pdptw-LC2_4_6 --communication=unix-socket -i=/tmp/pipes/unix-socket-1765498530168729,======,36806416.0,[(t:205.831-step:4704-v:16900.51)-(t:205.856-step:4705-v:16899.486)-(t:205.925-step:4706-v:16896.946)-(t:245.112-step:5228-v:15696.263)],728.203
ppo,examples/pdptw/pdptw_400/LC2_4_7.txt,r1,900,2,ppo --device=auto-gpu --c1-start=0.34 --c1-end=0.06 --c1-n-secs=196 --c2-start=0.39 --c2-end=0.2 --c2-n-secs=431 --n-epochs=65 --lr-critic=7.315462310749335E-4 --clipping=11.799185331865313 --batch-size=15 --seed=2 --disable-training-logs --memory-size=1015 --lr=0.0018103176507973232 --logdir=logs/ppo-pdptw_all-15m-r1/pdptw-LC2_4_7 --communication=unix-socket -i=/tmp/pipes/unix-socket-1765500652776304,======,37128374.0,[(t:193.429-step:4069-v:17749.334)-(t:209.214-step:4315-v:17487.395)-(t:209.239-step:4316-v:17487.193)-(t:210.635-step:4317-v:17454.964)-(t:210.652-step:4318-v:17452.302)-(t:248.622-step:4738-v:17352.619)-(t:248.635-step:4739-v:17348.339)-(t:261.671-step:4873-v:17183.498)-(t:261.720-step:4874-v:17128.374)],736.876
ppo,examples/pdptw/pdptw_400/LC2_4_8.txt,r1,900,2,ppo --device=auto-gpu --c1-start=0.34 --c1-end=0.06 --c1-n-secs=196 --c2-start=0.39 --c2-end=0.2 --c2-n-secs=431 --n-epochs=65 --lr-critic=7.315462310749335E-4 --clipping=11.799185331865313 --batch-size=15 --seed=2 --disable-training-logs --memory-size=1015 --lr=0.0018103176507973232 --logdir=logs/ppo-pdptw_all-15m-r1/pdptw-LC2_4_8 --communication=unix-socket -i=/tmp/pipes/unix-socket-1765808417631058,======,37086101.0,[(t:215.515-step:4183-v:19156.622)-(t:215.584-step:4184-v:19149.304)-(t:215.604-step:4185-v:19144.555)-(t:215.635-step:4186-v:19114.574)-(t:215.664-step:4187-v:18981.566)-(t:232.746-step:4311-v:18418.875)-(t:232.913-step:4312-v:18413.93)-(t:285.204-step:4998-v:17128.241)-(t:801.656-step:10015-v:17087.45)-(t:801.671-step:10016-v:17086.568)-(t:804.396-step:10017-v:17086.101)],747.512
ppo,examples/pdptw/pdptw_400/LC2_4_9.txt,r1,900,2,ppo --device=auto-gpu --c1-start=0.34 --c1-end=0.06 --c1-n-secs=196 --c2-start=0.39 --c2-end=0.2 --c2-n-secs=431 --n-epochs=65 --lr-critic=7.315462310749335E-4 --clipping=11.799185331865313 --batch-size=15 --seed=2 --disable-training-logs --memory-size=1015 --lr=0.0018103176507973232 --logdir=logs/ppo-pdptw_all-15m-r1/pdptw-LC2_4_9 --communication=unix-socket -i=/tmp/pipes/unix-socket-1765813254096603,======,36622206.0,[(t:190.124-step:4012-v:18186.85)-(t:226.207-step:4472-v:17358.122)-(t:248.564-step:4792-v:16622.206)],722.127
ppo,examples/pdptw/pdptw_400/LC2_4_10.txt,r1,900,2,ppo --device=auto-gpu --c1-start=0.34 --c1-end=0.06 --c1-n-secs=196 --c2-start=0.39 --c2-end=0.2 --c2-n-secs=431 --n-epochs=65 --lr-critic=7.315462310749335E-4 --clipping=11.799185331865313 --batch-size=15 --seed=2 --disable-training-logs --memory-size=1015 --lr=0.0018103176507973232 --logdir=logs/ppo-pdptw_all-15m-r1/pdptw-LC2_4_10 --communication=unix-socket -i=/tmp/pipes/unix-socket-1765878932026263,======,36159301.0,[(t:316.449-step:4212-v:19465.537)-(t:354.088-step:4557-v:19105.128)-(t:367.069-step:4757-v:19087.854)-(t:367.197-step:4758-v:19064.544)-(t:367.215-step:4759-v:19062.619)-(t:367.230-step:4760-v:19060.467)-(t:367.294-step:4761-v:19022.045)-(t:431.832-step:5489-v:18933.094)-(t:450.310-step:5669-v:18664.075)-(t:755.396-step:8811-v:17204.091)-(t:755.416-step:8812-v:17201.98)-(t:755.438-step:8813-v:17201.723)-(t:755.485-step:8814-v:17175.881)-(t:755.545-step:8815-v:17164.271)-(t:755.568-step:8816-v:17159.301)],778.382
ppo,examples/pdptw/pdptw_400/LR1_4_6.txt,r1,900,2,ppo --device=auto-gpu --c1-start=0.34 --c1-end=0.06 --c1-n-secs=196 --c2-start=0.39 --c2-end=0.2 --c2-n-secs=431 --n-epochs=65 --lr-critic=7.315462310749335E-4 --clipping=11.799185331865313 --batch-size=15 --seed=2 --disable-training-logs --memory-size=1015 --lr=0.0018103176507973232 --logdir=logs/ppo-pdptw_all-15m-r1/pdptw-LR1_4_6 --communication=unix-socket -i=/tmp/pipes/unix-socket-1765947702617499,======,59393437.0,[(t:308.956-step:4847-v:16754.547)-(t:333.022-step:4986-v:16734.894)-(t:333.089-step:4987-v:16711.862)-(t:350.310-step:5106-v:16577.643)-(t:350.350-step:5107-v:16575.875)-(t:350.421-step:5108-v:16575.396)-(t:350.470-step:5109-v:16572.305)-(t:350.605-step:5110-v:16569.567)-(t:350.712-step:5111-v:16532.163)-(t:350.777-step:5112-v:16497.852)-(t:361.827-step:5190-v:16433.508)-(t:361.863-step:5191-v:16422.857)-(t:882.662-step:9062-v:16417.281)-(t:882.731-step:9063-v:16416.69)-(t:890.238-step:9126-v:16398.15)-(t:890.585-step:9127-v:16393.437)],492.654
ppo,examples/pdptw/pdptw_400/LR1_4_7.txt,r1,900,2,ppo --device=auto-gpu --c1-start=0.34 --c1-end=0.06 --c1-n-secs=196 --c2-start=0.39 --c2-end=0.2 --c2-n-secs=431 --n-epochs=65 --lr-critic=7.315462310749335E-4 --clipping=11.799185331865313 --batch-size=15 --seed=2 --disable-training-logs --memory-size=1015 --lr=0.0018103176507973232 --logdir=logs/ppo-pdptw_all-15m-r1/pdptw-LR1_4_7 --communication=unix-socket -i=/tmp/pipes/unix-socket-1766196310802145,======,53770347.0,[(t:253.654-step:4248-v:16233.91)-(t:600.019-step:6801-v:16197.006)-(t:601.097-step:6802-v:16196.856)-(t:601.159-step:6803-v:16170.523)-(t:601.180-step:6804-v:16168.213)],553.944
ppo,examples/pdptw/pdptw_400/LR1_4_9.txt,r1,900,2,ppo --device=auto-gpu --c1-start=0.34 --c1-end=0.06 --c1-n-secs=196 --c2-start=0.39 --c2-end=0.2 --c2-n-secs=431 --n-epochs=65 --lr-critic=7.315462310749335E-4 --clipping=11.799185331865313 --batch-size=15 --seed=2 --disable-training-logs --memory-size=1015 --lr=0.0018103176507973232 --logdir=logs/ppo-pdptw_all-15m-r1/pdptw-LR1_4_9 --communication=unix-socket -i=/tmp/pipes/unix-socket-1766408211141198,======,52923652.0,[(t:277.594-step:4674-v:16960.466)-(t:284.078-step:4732-v:16283.75)-(t:284.175-step:4733-v:16252.566)-(t:284.336-step:4734-v:16238.712)-(t:284.576-step:4735-v:16177.712)-(t:364.610-step:5411-v:15922.63)-(t:364.649-step:5412-v:15914.013)-(t:638.800-step:7278-v:14956.616)-(t:638.860-step:7279-v:14954.048)-(t:638.935-step:7280-v:14951.945)-(t:639.031-step:7281-v:14947.478)-(t:639.077-step:7282-v:14932.73)-(t:639.161-step:7283-v:14923.652)],504.714
ppo,examples/pdptw/pdptw_400/LR1_4_10.txt,r1,900,2,ppo --device=auto-gpu --c1-start=0.34 --c1-end=0.06 --c1-n-secs=196 --c2-start=0.39 --c2-end=0.2 --c2-n-secs=431 --n-epochs=65 --lr-critic=7.315462310749335E-4 --clipping=11.799185331865313 --batch-size=15 --seed=2 --disable-training-logs --memory-size=1015 --lr=0.0018103176507973232 --logdir=logs/ppo-pdptw_all-15m-r1/pdptw-LR1_4_10 --communication=unix-socket -i=/tmp/pipes/unix-socket-1766411458392910,======,50098180.0,[(t:121.366-step:2223-v:16287.416)-(t:121.393-step:2224-v:16152.994)-(t:122.165-step:2225-v:16142.878)-(t:122.214-step:2226-v:16120.406)-(t:122.243-step:2227-v:16088.874)],503.512
ppo,examples/pdptw/pdptw_400/LR2_4_6.txt,r1,900,2,ppo --device=auto-gpu --c1-start=0.34 --c1-end=0.06 --c1-n-secs=196 --c2-start=0.39 --c2-end=0.2 --c2-n-secs=431 --n-epochs=65 --lr-critic=7.315462310749335E-4 --clipping=11.799185331865313 --batch-size=15 --seed=2 --disable-training-logs --memory-size=1015 --lr=0.0018103176507973232 --logdir=logs/ppo-pdptw_all-15m-r1/pdptw-LR2_4_6 --communication=unix-socket -i=/tmp/pipes/unix-socket-1766449826932059,======,34365358.0,[(t:257.863-step:4681-v:20518.415)-(t:257.920-step:4682-v:20479.74)-(t:257.978-step:4683-v:20479.383)-(t:258.034-step:4684-v:20416.36)-(t:365.346-step:5759-v:20365.358)],618.014
ppo,examples/pdptw/pdptw_400/LR2_4_7.txt,r1,900,2,ppo --device=auto-gpu --c1-start=0.34 --c1-end=0.06 --c1-n-secs=196 --c2-start=0.39 --c2-end=0.2 --c2-n-secs=431 --n-epochs=65 --lr-critic=7.315462310749335E-4 --clipping=11.799185331865313 --batch-size=15 --seed=2 --disable-training-logs --memory-size=1015 --lr=0.0018103176507973232 --logdir=logs/ppo-pdptw_all-15m-r1/pdptw-LR2_4_7 --communication=unix-socket -i=/tmp/pipes/unix-socket-1766719396729255,======,30937931.0,[(t:260.372-step:3171-v:22070.926)-(t:260.446-step:3172-v:22070.421)-(t:290.702-step:3299-v:19831.462)-(t:290.718-step:3300-v:19823.748)-(t:613.645-step:6856-v:19286.162)-(t:615.829-step:6857-v:19269.065)-(t:615.855-step:6858-v:19268.645)-(t:615.927-step:6859-v:19266.919)-(t:754.256-step:8476-v:18980.421)-(t:754.335-step:8477-v:18980.044)-(t:754.366-step:8478-v:18978.158)-(t:754.386-step:8479-v:18937.931)],638.953
ppo,examples/pdptw/pdptw_400/LR2_4_8.txt,r1,900,2,ppo --device=auto-gpu --c1-start=0.34 --c1-end=0.06 --c1-n-secs=196 --c2-start=0.39 --c2-end=0.2 --c2-n-secs=431 --n-epochs=65 --lr-critic=7.315462310749335E-4 --clipping=11.799185331865313 --batch-size=15 --seed=2 --disable-training-logs --memory-size=1015 --lr=0.0018103176507973232 --logdir=logs/ppo-pdptw_all-15m-r1/pdptw-LR2_4_8 --communication=unix-socket -i=/tmp/pipes/unix-socket-1766723824772663,======,31792570.0,[(t:296.066-step:5174-v:19792.57)],739.488
ppo,examples/pdptw/pdptw_400/LR2_4_9.txt,r1,900,2,ppo --device=auto-gpu --c1-start=0.34 --c1-end=0.06 --c1-n-secs=196 --c2-start=0.39 --c2-end=0.2 --c2-n-secs=431 --n-epochs=65 --lr-critic=7.315462310749335E-4 --clipping=11.799185331865313 --batch-size=15 --seed=2 --disable-training-logs --memory-size=1015 --lr=0.0018103176507973232 --logdir=logs/ppo-pdptw_all-15m-r1/pdptw-LR2_4_9 --communication=unix-socket -i=/tmp/pipes/unix-socket-1766788913310351,======,34663110.0,[(t:275.130-step:3038-v:19802.813)-(t:275.206-step:3039-v:19771.565)-(t:291.549-step:3228-v:19522.299)-(t:291.562-step:3229-v:19511.748)-(t:291.577-step:3230-v:19511.524)-(t:291.598-step:3231-v:19490.242)-(t:291.693-step:3232-v:19469.699)-(t:291.711-step:3233-v:19469.107)-(t:291.731-step:3234-v:19459.511)],645.59
ppo,examples/pdptw/pdptw_400/LR2_4_10.txt,r1,900,2,ppo --device=auto-gpu --c1-start=0.34 --c1-end=0.06 --c1-n-secs=196 --c2-start=0.39 --c2-end=0.2 --c2-n-secs=431 --n-epochs=65 --lr-critic=7.315462310749335E-4 --clipping=11.799185331865313 --batch-size=15 --seed=2 --disable-training-logs --memory-size=1015 --lr=0.0018103176507973232 --logdir=logs/ppo-pdptw_all-15m-r1/pdptw-LR2_4_10 --communication=unix-socket -i=/tmp/pipes/unix-socket-1766857290575462,======,35333695.0,[(t:352.523-step:5121-v:20333.695)],695.464
ppo,examples/pdptw/pdptw_400/LRC1_4_6.txt,r1,900,2,ppo --device=auto-gpu --c1-start=0.34 --c1-end=0.06 --c1-n-secs=196 --c2-start=0.39 --c2-end=0.2 --c2-n-secs=431 --n-epochs=65 --lr-critic=7.315462310749335E-4 --clipping=11.799185331865313 --batch-size=15 --seed=2 --disable-training-logs --memory-size=1015 --lr=0.0018103176507973232 --logdir=logs/ppo-pdptw_all-15m-r1/pdptw-LRC1_4_6 --communication=unix-socket -i=/tmp/pipes/unix-socket-1767105721995020,======,56891346.0,[(t:157.198-step:2808-v:14425.23)-(t:157.304-step:2809-v:14423.74)-(t:157.364-step:2810-v:14418.597)-(t:157.380-step:2811-v:14402.087)-(t:167.159-step:2885-v:14392.278)-(t:244.765-step:3702-v:13406.84)-(t:245.235-step:3703-v:13403.111)-(t:245.262-step:3704-v:13395.942)-(t:633.061-step:8052-v:13342.757)-(t:633.110-step:8053-v:13298.254)-(t:633.689-step:8054-v:13288.82)-(t:640.590-step:8135-v:12958.525)-(t:640.683-step:8136-v:12953.609)-(t:640.753-step:8137-v:12935.962)-(t:640.838-step:8138-v:12935.41)-(t:640.913-step:8139-v:12934.76)-(t:641.797-step:8140-v:12930.617)-(t:648.425-step:8219-v:12896.008)-(t:649.146-step:8220-v:12894.949)-(t:649.225-step:8221-v:12891.346)],431.947
ppo,examples/pdptw/pdptw_400/LRC1_4_7.txt,r1,900,2,ppo --device=auto-gpu --c1-start=0.34 --c1-end=0.06 --c1-n-secs=196 --c2-start=0.39 --c2-end=0.2 --c2-n-secs=431 --n-epochs=65 --lr-critic=7.315462310749335E-4 --clipping=11.799185331865313 --batch-size=15 --seed=2 --disable-training-logs --memory-size=1015 --lr=0.0018103176507973232 --logdir=logs/ppo-pdptw_all-15m-r1/pdptw-LRC1_4_7 --communication=unix-socket -i=/tmp/pipes/unix-socket-1767317949084583,======,56936514.0,[(t:164.728-step:2991-v:14184.299)-(t:164.786-step:2992-v:14131.492)-(t:164.847-step:2993-v:14130.092)-(t:496.178-step:6548-v:13963.778)-(t:496.223-step:6549-v:13933.417)-(t:496.291-step:6550-v:13905.998)-(t:496.408-step:6551-v:13905.41)-(t:523.537-step:6840-v:13898.465)-(t:523.598-step:6841-v:13896.784)-(t:523.623-step:6842-v:13894.066)-(t:523.684-step:6843-v:13885.505)-(t:562.148-step:7274-v:12938.76)-(t:563.084-step:7275-v:12936.514)],463.372
ppo,examples/pdptw/pdptw_400/LRC1_4_8.txt,r1,900,2,ppo --device=auto-gpu --c1-start=0.34 --c1-end=0.06 --c1-n-secs=196 --c2-start=0.39 --c2-end=0.2 --c2-n-secs=431 --n-epochs=65 --lr-critic=7.315462310749335E-4 --clipping=11.799185331865313 --batch-size=15 --seed=2 --disable-training-logs --memory-size=1015 --lr=0.0018103176507973232 --logdir=logs/ppo-pdptw_all-15m-r1/pdptw-LRC1_4_8 --communication=unix-socket -i=/tmp/pipes/unix-socket-1767321449033940,======,53106711.0,[(t:207.042-step:3524-v:13549.332)-(t:207.063-step:3525-v:13544.815)-(t:207.233-step:3526-v:13500.949)-(t:207.270-step:3527-v:13500.041)-(t:220.519-step:3671-v:12825.66)-(t:220.532-step:3672-v:12824.681)-(t:221.279-step:3673-v:12823.243)-(t:222.136-step:3674-v:12818.5)-(t:222.154-step:3675-v:12818.429)],471.722
ppo,examples/pdptw/pdptw_400/LRC1_4_9.txt,r1,900,2,ppo --device=auto-gpu --c1-start=0.34 --c1-end=0.06 --c1-n-secs=196 --c2-start=0.39 --c2-end=0.2 --c2-n-secs=431 --n-epochs=65 --lr-critic=7.315462310749335E-4 --clipping=11.799185331865313 --batch-size=15 --seed=2 --disable-training-logs --memory-size=1015 --lr=0.0018103176507973232 --logdir=logs/ppo-pdptw_all-15m-r1/pdptw-LRC1_4_9 --communication=unix-socket -i=/tmp/pipes/unix-socket-1767359294425926,======,54943391.0,[(t:147.362-step:2600-v:14481.468)-(t:194.983-step:3021-v:14476.679)-(t:195.019-step:3022-v:14473.241)-(t:195.674-step:3023-v:14467.662)-(t:284.931-step:3918-v:13848.618)-(t:284.965-step:3919-v:13842.694)-(t:284.983-step:3920-v:13842.289)-(t:285.025-step:3921-v:13841.038)-(t:285.083-step:3922-v:13839.98)-(t:285.133-step:3923-v:13837.184)-(t:285.171-step:3924-v:13835.938)],468.091
ppo,examples/pdptw/pdptw_400/LRC1_4_10.txt,r1,900,2,ppo --device=auto-gpu --c1-start=0.34 --c1-end=0.06 --c1-n-secs=196 --c2-start=0.39 --c2-end=0.2 --c2-n-secs=431 --n-epochs=65 --lr-critic=7.315462310749335E-4 --clipping=11.799185331865313 --batch-size=15 --seed=2 --disable-training-logs --memory-size=1015 --lr=0.0018103176507973232 --logdir=logs/ppo-pdptw_all-15m-r1/pdptw-LRC1_4_10 --communication=unix-socket -i=/tmp/pipes/unix-socket-1767632168479395,======,53179725.0,[(t:189.752-step:3127-v:14990.284)-(t:204.777-step:3264-v:14833.53)-(t:218.752-step:3421-v:14438.997)-(t:218.788-step:3422-v:14410.942)-(t:444.965-step:5540-v:14100.257)-(t:444.985-step:5541-v:14081.035)-(t:446.760-step:5542-v:14051.028)-(t:446.816-step:5543-v:14050.735)-(t:446.878-step:5544-v:14043.278)-(t:483.377-step:5957-v:13190.583)-(t:483.411-step:5958-v:13179.725)],532.741
ppo,examples/pdptw/pdptw_400/LRC2_4_6.txt,r1,900,2,ppo --device=auto-gpu --c1-start=0.34 --c1-end=0.06 --c1-n-secs=196 --c2-start=0.39 --c2-end=0.2 --c2-n-secs=431 --n-epochs=65 --lr-critic=7.315462310749335E-4 --clipping=11.799185331865313 --batch-size=15 --seed=2 --disable-training-logs --memory-size=1015 --lr=0.0018103176507973232 --logdir=logs/ppo-pdptw_all-15m-r1/pdptw-LRC2_4_6 --communication=unix-socket -i=/tmp/pipes/unix-socket-1767634195353306,======,35572355.0,[(t:208.635-step:4993-v:19715.728)-(t:208.679-step:4994-v:19715.658)-(t:208.736-step:4995-v:19715.502)-(t:258.578-step:5615-v:16572.355)],638.675
ppo,examples/pdptw/pdptw_400/LRC2_4_7.txt,r1,900,2,ppo --device=auto-gpu --c1-start=0.34 --c1-end=0.06 --c1-n-secs=196 --c2-start=0.39 --c2-end=0.2 --c2-n-secs=431 --n-epochs=65 --lr-critic=7.315462310749335E-4 --clipping=11.799185331865313 --batch-size=15 --seed=2 --disable-training-logs --memory-size=1015 --lr=0.0018103176507973232 --logdir=logs/ppo-pdptw_all-15m-r1/pdptw-LRC2_4_7 --communication=unix-socket -i=/tmp/pipes/unix-socket-1767698835090625,======,35538326.0,[(t:202.757-step:3185-v:18449.948)-(t:341.292-step:5090-v:17542.069)-(t:341.358-step:5091-v:17540.452)-(t:341.380-step:5092-v:17538.326)],652.306
ppo,examples/pdptw/pdptw_400/LRC2_4_8.txt,r1,900,2,ppo --device=auto-gpu --c1-start=0.34 --c1-end=0.06 --c1-n-secs=196 --c2-start=0.39 --c2-end=0.2 --c2-n-secs=431 --n-epochs=65 --lr-critic=7.315462310749335E-4 --clipping=11.799185331865313 --batch-size=15 --seed=2 --disable-training-logs --memory-size=1015 --lr=0.0018103176507973232 --logdir=logs/ppo-pdptw_all-15m-r1/pdptw-LRC2_4_8 --communication=unix-socket -i=/tmp/pipes/unix-socket-1767766546796253,======,35525676.0,[(t:236.363-step:4392-v:21546.072)-(t:249.617-step:4681-v:19602.201)-(t:249.651-step:4682-v:19587.056)-(t:249.707-step:4683-v:19409.318)-(t:249.731-step:4684-v:19408.156)-(t:249.773-step:4685-v:19406.48)-(t:249.789-step:4686-v:19405.318)-(t:249.807-step:4687-v:19344.903)-(t:262.880-step:4808-v:19051.735)-(t:839.053-step:10275-v:18573.51)-(t:839.084-step:10276-v:18570.554)-(t:839.097-step:10277-v:18538.645)-(t:839.109-step:10278-v:18535.636)-(t:839.143-step:10279-v:18525.676)],699.092
ppo,examples/pdptw/pdptw_400/LRC2_4_9.txt,r1,900,2,ppo --device=auto-gpu --c1-start=0.34 --c1-end=0.06 --c1-n-secs=196 --c2-start=0.39 --c2-end=0.2 --c2-n-secs=431 --n-epochs=65 --lr-critic=7.315462310749335E-4 --clipping=11.799185331865313 --batch-size=15 --seed=2 --disable-training-logs --memory-size=1015 --lr=0.0018103176507973232 --logdir=logs/ppo-pdptw_all-15m-r1/pdptw-LRC2_4_9 --communication=unix-socket -i=/tmp/pipes/unix-socket-1768016825610239,======,34578786.0,[(t:190.349-step:2992-v:18581.26)-(t:190.391-step:2993-v:18578.786)],660.394
ppo,examples/pdptw/pdptw_400/LRC2_4_10.txt,r1,900,2,ppo --device=auto-gpu --c1-start=0.34 --c1-end=0.06 --c1-n-secs=196 --c2-start=0.39 --c2-end=0.2 --c2-n-secs=431 --n-epochs=65 --lr-critic=7.315462310749335E-4 --clipping=11.799185331865313 --batch-size=15 --seed=2 --disable-training-logs --memory-size=1015 --lr=0.0018103176507973232 --logdir=logs/ppo-pdptw_all-15m-r1/pdptw-LRC2_4_10 --communication=unix-socket -i=/tmp/pipes/unix-socket-1768227205427805,======,31009157.0,[(t:435.952-step:4734-v:17846.119)-(t:535.924-step:5762-v:17009.157)],754.28
ppo,examples/pdptw/pdptw_600/LC2_6_10.txt,r1,900,2,ppo --device=auto-gpu --c1-start=0.34 --c1-end=0.06 --c1-n-secs=196 --c2-start=0.39 --c2-end=0.2 --c2-n-secs=431 --n-epochs=65 --lr-critic=7.315462310749335E-4 --clipping=11.799185331865313 --batch-size=15 --seed=2 --disable-training-logs --memory-size=1015 --lr=0.0018103176507973232 --logdir=logs/ppo-pdptw_all-15m-r1/pdptw-LC2_6_10 --communication=unix-socket -i=/tmp/pipes/unix-socket-1768608519908670,======,70880563.0,[(t:735.632-step:6783-v:38960.868)-(t:739.064-step:6784-v:38960.411)-(t:739.091-step:6785-v:38960.392)-(t:739.113-step:6786-v:38959.215)],866.473
ppo,examples/pdptw/pdptw_600/LR2_6_6.txt,r1,900,2,ppo --device=auto-gpu --c1-start=0.34 --c1-end=0.06 --c1-n-secs=196 --c2-start=0.39 --c2-end=0.2 --c2-n-secs=431 --n-epochs=65 --lr-critic=7.315462310749335E-4 --clipping=11.799185331865313 --batch-size=15 --seed=2 --disable-training-logs --memory-size=1015 --lr=0.0018103176507973232 --logdir=logs/ppo-pdptw_all-15m-r1/pdptw-LR2_6_6 --communication=unix-socket -i=/tmp/pipes/unix-socket-1768867583456838,======,68719251.0,[(t:841.250-step:4660-v:45719.251)],875.457
ppo,examples/pdptw/pdptw_600/LR2_6_7.txt,r1,900,2,ppo --device=auto-gpu --c1-start=0.34 --c1-end=0.06 --c1-n-secs=196 --c2-start=0.39 --c2-end=0.2 --c2-n-secs=431 --n-epochs=65 --lr-critic=7.315462310749335E-4 --clipping=11.799185331865313 --batch-size=15 --seed=2 --disable-training-logs --memory-size=1015 --lr=0.0018103176507973232 --logdir=logs/ppo-pdptw_all-15m-r1/pdptw-LR2_6_7 --communication=unix-socket -i=/tmp/pipes/unix-socket-1768897856973438,======,4063512431.0,[],900.0
ppo,examples/pdptw/pdptw_600/LR2_6_8.txt,r1,900,2,ppo --device=auto-gpu --c1-start=0.34 --c1-end=0.06 --c1-n-secs=196 --c2-start=0.39 --c2-end=0.2 --c2-n-secs=431 --n-epochs=65 --lr-critic=7.315462310749335E-4 --clipping=11.799185331865313 --batch-size=15 --seed=2 --disable-training-logs --memory-size=1015 --lr=0.0018103176507973232 --logdir=logs/ppo-pdptw_all-15m-r1/pdptw-LR2_6_8 --communication=unix-socket -i=/tmp/pipes/unix-socket-1768927388608104,======,46053811956.0,[],900.0
ppo,examples/pdptw/pdptw_600/LR2_6_9.txt,r1,900,2,ppo --device=auto-gpu --c1-start=0.34 --c1-end=0.06 --c1-n-secs=196 --c2-start=0.39 --c2-end=0.2 --c2-n-secs=431 --n-epochs=65 --lr-critic=7.315462310749335E-4 --clipping=11.799185331865313 --batch-size=15 --seed=2 --disable-training-logs --memory-size=1015 --lr=0.0018103176507973232 --logdir=logs/ppo-pdptw_all-15m-r1/pdptw-LR2_6_9 --communication=unix-socket -i=/tmp/pipes/unix-socket-1768941997115749,======,65546145.0,[(t:799.649-step:4409-v:43766.902)-(t:849.680-step:4725-v:40562.755)-(t:849.796-step:4726-v:40546.145)],856.467
ppo,examples/pdptw/pdptw_600/LR2_6_10.txt,r1,900,2,ppo --device=auto-gpu --c1-start=0.34 --c1-end=0.06 --c1-n-secs=196 --c2-start=0.39 --c2-end=0.2 --c2-n-secs=431 --n-epochs=65 --lr-critic=7.315462310749335E-4 --clipping=11.799185331865313 --batch-size=15 --seed=2 --disable-training-logs --memory-size=1015 --lr=0.0018103176507973232 --logdir=logs/ppo-pdptw_all-15m-r1/pdptw-LR2_6_10 --communication=unix-socket -i=/tmp/pipes/unix-socket-1768944032149971,======,67562906.0,[(t:737.695-step:4670-v:46706.366)-(t:737.718-step:4671-v:46698.578)-(t:793.736-step:4881-v:46562.906)],842.924
ppo,examples/pdptw/pdptw_600/LRC2_6_6.txt,r1,900,2,ppo --device=auto-gpu --c1-start=0.34 --c1-end=0.06 --c1-n-secs=196 --c2-start=0.39 --c2-end=0.2 --c2-n-secs=431 --n-epochs=65 --lr-critic=7.315462310749335E-4 --clipping=11.799185331865313 --batch-size=15 --seed=2 --disable-training-logs --memory-size=1015 --lr=0.0018103176507973232 --logdir=logs/ppo-pdptw_all-15m-r1/pdptw-LRC2_6_6 --communication=unix-socket -i=/tmp/pipes/unix-socket-1769261430135030,======,14071359670.0,[],900.0
ppo,examples/pdptw/pdptw_600/LRC2_6_9.txt,r1,900,2,ppo --device=auto-gpu --c1-start=0.34 --c1-end=0.06 --c1-n-secs=196 --c2-start=0.39 --c2-end=0.2 --c2-n-secs=431 --n-epochs=65 --lr-critic=7.315462310749335E-4 --clipping=11.799185331865313 --batch-size=15 --seed=2 --disable-training-logs --memory-size=1015 --lr=0.0018103176507973232 --logdir=logs/ppo-pdptw_all-15m-r1/pdptw-LRC2_6_9 --communication=unix-socket -i=/tmp/pipes/unix-socket-1769777153892459,======,67821205.0,[(t:765.520-step:5452-v:42052.361)-(t:765.604-step:5453-v:42020.06)-(t:765.715-step:5454-v:41821.205)],847.555
ppo,examples/pdptw/pdptw_600/LRC2_6_10.txt,r1,900,2,ppo --device=auto-gpu --c1-start=0.34 --c1-end=0.06 --c1-n-secs=196 --c2-start=0.39 --c2-end=0.2 --c2-n-secs=431 --n-epochs=65 --lr-critic=7.315462310749335E-4 --clipping=11.799185331865313 --batch-size=15 --seed=2 --disable-training-logs --memory-size=1015 --lr=0.0018103176507973232 --logdir=logs/ppo-pdptw_all-15m-r1/pdptw-LRC2_6_10 --communication=unix-socket -i=/tmp/pipes/unix-socket-1769808214558950,======,64749363.0,[(t:886.623-step:6190-v:42755.553)-(t:891.094-step:6191-v:42749.363)],895.915
ppo,examples/pdptw/pdptw_100/lc106.txt,r1,900,3,ppo --device=auto-gpu --c1-start=0.34 --c1-end=0.06 --c1-n-secs=196 --c2-start=0.39 --c2-end=0.2 --c2-n-secs=431 --n-epochs=65 --lr-critic=7.315462310749335E-4 --clipping=11.799185331865313 --batch-size=15 --seed=3 --disable-training-logs --memory-size=1015 --lr=0.0018103176507973232 --logdir=logs/ppo-pdptw_all-15m-r1/pdptw-lc106 --communication=unix-socket -i=/tmp/pipes/unix-socket-1769839624861959,======,10828960.0,[(t:6.498-step:191-v:1550.835)-(t:6.598-step:192-v:1534.676)-(t:8.653-step:243-v:1284.273)-(t:24.881-step:715-v:1220.275)-(t:83.104-step:2204-v:1211.416)-(t:83.159-step:2205-v:1206.102)-(t:89.150-step:2347-v:1076.241)-(t:89.238-step:2348-v:1049.517)-(t:89.364-step:2349-v:991.681)-(t:89.403-step:2350-v:989.234)-(t:89.423-step:2351-v:972.015)-(t:89.479-step:2352-v:927.37)-(t:136.169-step:3561-v:919.336)-(t:151.215-step:3942-v:883.713)-(t:151.251-step:3943-v:879.933)-(t:182.160-step:4779-v:879.558)-(t:223.484-step:5839-v:844.815)-(t:223.509-step:5840-v:838.815)-(t:251.849-step:6632-v:838.497)-(t:299.938-step:7993-v:828.96)],45.374
ppo,examples/pdptw/pdptw_100/lc107.txt,r1,900,3,ppo --device=auto-gpu --c1-start=0.34 --c1-end=0.06 --c1-n-secs=196 --c2-start=0.39 --c2-end=0.2 --c2-n-secs=431 --n-epochs=65 --lr-critic=7.315462310749335E-4 --clipping=11.799185331865313 --batch-size=15 --seed=3 --disable-training-logs --memory-size=1015 --lr=0.0018103176507973232 --logdir=logs/ppo-pdptw_all-15m-r1/pdptw-lc107 --communication=unix-socket -i=/tmp/pipes/unix-socket-1769851714313490,======,10828960.0,[(t:8.169-step:218-v:2068.137)-(t:8.426-step:232-v:1871.549)-(t:8.437-step:233-v:1869.833)-(t:8.449-step:234-v:1864.482)-(t:8.464-step:235-v:1809.588)-(t:8.511-step:236-v:1794.732)-(t:8.579-step:237-v:1726.782)-(t:8.599-step:238-v:1698.545)-(t:12.880-step:359-v:1389.695)-(t:20.068-step:534-v:1179.311)-(t:20.082-step:535-v:1177.17)-(t:39.516-step:1018-v:1049.85)-(t:42.000-step:1081-v:925.829)-(t:42.009-step:1082-v:924.311)-(t:42.643-step:1094-v:887.303)-(t:42.661-step:1095-v:885.134)-(t:42.682-step:1096-v:875.254)-(t:42.765-step:1097-v:871.871)-(t:163.587-step:4354-v:829.404)-(t:163.604-step:4355-v:828.96)],25.825
ppo,examples/pdptw/pdptw_100/lc108.txt,r1,900,3,ppo --device=auto-gpu --c1-start=0.34 --c1-end=0.06 --c1-n-secs=196 --c2-start=0.39 --c2-end=0.2 --c2-n-secs=431 --n-epochs=65 --lr-critic=7.315462310749335E-4 --clipping=11.799185331865313 --batch-size=15 --seed=3 --disable-training-logs --memory-size=1015 --lr=0.0018103176507973232 --logdir=logs/ppo-pdptw_all-15m-r1/pdptw-lc108 --communication=unix-socket -i=/tmp/pipes/unix-socket-1769853800601625,======,10827637.0,[(t:4.831-step:125-v:1796.063)-(t:4.884-step:126-v:1783.609)-(t:34.520-step:972-v:1780.569)-(t:34.532-step:973-v:1778.392)-(t:34.554-step:974-v:1777.98)-(t:34.638-step:975-v:1777.057)-(t:42.647-step:1221-v:1275.954)-(t:43.111-step:1239-v:1228.112)-(t:43.160-step:1240-v:1225.726)-(t:151.155-step:4286-v:1112.362)-(t:151.186-step:4287-v:1111.185)-(t:151.248-step:4288-v:1101.025)-(t:169.954-step:4811-v:928.406)-(t:169.983-step:4812-v:924.406)-(t:170.130-step:4813-v:921.251)-(t:240.287-step:6813-v:851.007)-(t:240.319-step:6814-v:845.436)-(t:242.384-step:6856-v:843.733)-(t:310.015-step:8820-v:842.229)-(t:467.339-step:13609-v:841.97)-(t:467.410-step:13610-v:841.176)-(t:468.311-step:13632-v:837.946)-(t:468.776-step:13633-v:833.391)-(t:468.791-step:13634-v:828.96)-(t:473.520-step:13767-v:827.785)-(t:515.961-step:15046-v:827.637)],77.444
ppo,examples/pdptw/pdptw_100/lc109.txt,r1,900,3,ppo --device=auto-gpu --c1-start=0.34 --c1-end=0.06 --c1-n-secs=196 --c2-start=0.39 --c2-end=0.2 --c2-n-secs=431 --n-epochs=65 --lr-critic=7.315462310749335E-4 --clipping=11.799185331865313 --batch-size=15 --seed=3 --disable-training-logs --memory-size=1015 --lr=0.0018103176507973232 --logdir=logs/ppo-pdptw_all-15m-r1/pdptw-lc109 --communication=unix-socket -i=/tmp/pipes/unix-socket-1769965835319720,======,10843516.0,[(t:5.026-step:136-v:2668.846)-(t:5.079-step:137-v:2665.607)-(t:5.303-step:150-v:2609.537)-(t:5.315-step:151-v:2609.399)-(t:5.328-step:152-v:2606.962)-(t:5.348-step:153-v:2606.55)-(t:5.373-step:154-v:2605.548)-(t:5.486-step:160-v:2515.669)-(t:5.563-step:161-v:2512.84)-(t:5.685-step:167-v:2398.4)-(t:5.770-step:168-v:2397.832)-(t:5.782-step:169-v:2396.617)-(t:5.795-step:170-v:2392.81)-(t:5.825-step:171-v:2334.482)-(t:9.449-step:262-v:2063.39)-(t:11.275-step:301-v:1922.068)-(t:11.355-step:302-v:1918.205)-(t:11.455-step:303-v:1800.774)-(t:11.468-step:304-v:1800.636)-(t:37.051-step:1040-v:1784.185)-(t:37.150-step:1041-v:1782.871)-(t:37.192-step:1042-v:1773.597)-(t:69.087-step:2003-v:1493.456)-(t:71.307-step:2077-v:1476.679)-(t:71.329-step:2078-v:1475.989)-(t:71.388-step:2079-v:1473.408)-(t:71.447-step:2080-v:1466.849)-(t:82.152-step:2339-v:1462.021)-(t:82.199-step:2340-v:1452.411)-(t:82.267-step:2341-v:1451.856)-(t:94.103-step:2713-v:1362.989)-(t:135.544-step:3914-v:1297.111)-(t:135.557-step:3915-v:1296.835)-(t:135.583-step:3916-v:1294.262)-(t:135.614-step:3917-v:1291.469)-(t:135.656-step:3918-v:1288.86)-(t:135.692-step:3919-v:1286.993)-(t:135.722-step:3920-v:1286.531)-(t:136.767-step:3942-v:1017.24)-(t:136.837-step:3943-v:981.832)-(t:490.378-step:14771-v:869.01)-(t:490.393-step:14772-v:863.886)-(t:490.413-step:14773-v:857.717)-(t:490.464-step:14774-v:853.283)-(t:490.479-step:14775-v:843.516)],124.069
ppo,examples/pdptw/pdptw_100/lc205.txt,r1,900,3,ppo --device=auto-gpu --c1-start=0.34 --c1-end=0.06 --c1-n-secs=196 --c2-start=0.39 --c2-end=0.2 --c2-n-secs=431 --n-epochs=65 --lr-critic=7.315462310749335E-4 --clipping=11.799185331865313 --batch-size=15 --seed=3 --disable-training-logs --memory-size=1015 --lr=0.0018103176507973232 --logdir=logs/ppo-pdptw_all-15m-r1/pdptw-lc205 --communication=unix-socket -i=/tmp/pipes/unix-socket-1770135503872177,======,4984159.0,[(t:4.065-step:140-v:2044.065)-(t:4.081-step:141-v:2039.386)-(t:4.352-step:156-v:1977.209)-(t:4.373-step:157-v:1971.838)-(t:23.160-step:898-v:1797.66)-(t:23.190-step:899-v:1793.66)-(t:23.212-step:900-v:1792.791)-(t:23.237-step:901-v:1789.26)-(t:23.267-step:902-v:1779.866)-(t:49.516-step:1993-v:1708.983)-(t:159.327-step:6749-v:1642.827)-(t:159.404-step:6750-v:1638.863)-(t:350.847-step:14800-v:825.645)-(t:350.919-step:14801-v:822.576)-(t:350.970-step:14802-v:807.95)-(t:351.021-step:14803-v:803.948)-(t:351.124-step:14804-v:791.671)-(t:351.170-step:14805-v:790.543)-(t:352.216-step:14843-v:753.801)-(t:352.263-step:14844-v:748.387)-(t:352.359-step:14845-v:743.945)],344.305
ppo,examples/pdptw/pdptw_100/lc206.txt,r1,900,3,ppo --device=auto-gpu --c1-start=0.34 --c1-end=0.06 --c1-n-secs=196 --c2-start=0.39 --c2-end=0.2 --c2-n-secs=431 --n-epochs=65 --lr-critic=7.315462310749335E-4 --clipping=11.799185331865313 --batch-size=15 --seed=3 --disable-training-logs --memory-size=1015 --lr=0.0018103176507973232 --logdir=logs/ppo-pdptw_all-15m-r1/pdptw-lc206 --communication=unix-socket -i=/tmp/pipes/unix-socket-1770172301354889,======,4874570.0,[(t:6.963-step:278-v:2602.091)-(t:7.050-step:279-v:2595.592)-(t:15.898-step:642-v:1991.783)-(t:29.066-step:1071-v:1827.483)-(t:29.175-step:1072-v:1826.459)-(t:29.255-step:1073-v:1821.926)-(t:94.625-step:3440-v:1579.381)-(t:94.708-step:3441-v:1574.3)-(t:156.257-step:5817-v:1548.171)-(t:166.392-step:6252-v:1058.073)-(t:166.403-step:6253-v:1024.308)-(t:166.428-step:6254-v:1018.85)-(t:166.450-step:6255-v:1007.313)-(t:166.476-step:6256-v:1004.636)-(t:166.959-step:6275-v:905.939)-(t:166.967-step:6276-v:894.862)-(t:166.977-step:6277-v:893.559)-(t:167.007-step:6278-v:881.687)-(t:178.342-step:6670-v:879.046)-(t:178.368-step:6671-v:874.57)],352.492
ppo,examples/pdptw/pdptw_100/lc207.txt,r1,900,3,ppo --device=auto-gpu --c1-start=0.34 --c1-end=0.06 --c1-n-secs=196 --c2-start=0.39 --c2-end=0.2 --c2-n-secs=431 --n-epochs=65 --lr-critic=7.315462310749335E-4 --clipping=11.799185331865313 --batch-size=15 --seed=3 --disable-training-logs --memory-size=1015 --lr=0.0018103176507973232 --logdir=logs/ppo-pdptw_all-15m-r1/pdptw-lc207 --communication=unix-socket -i=/tmp/pipes/unix-socket-1770689848732879,======,4661057.0,[(t:4.539-step:165-v:1716.677)-(t:4.564-step:166-v:1716.385)-(t:4.585-step:167-v:1714.668)-(t:6.350-step:260-v:1638.677)-(t:6.360-step:261-v:1632.064)-(t:6.444-step:262-v:1627.531)-(t:6.454-step:263-v:1623.874)-(t:68.362-step:2770-v:1471.742)-(t:82.114-step:3275-v:1387.764)-(t:82.320-step:3276-v:1375.251)-(t:815.368-step:34410-v:673.59)-(t:815.397-step:34411-v:672.135)-(t:815.413-step:34412-v:670.961)-(t:815.513-step:34413-v:664.312)-(t:815.530-step:34414-v:661.057)],482.44
ppo,examples/pdptw/pdptw_100/lc208.txt,r1,900,3,ppo --device=auto-gpu --c1-start=0.34 --c1-end=0.06 --c1-n-secs=196 --c2-start=0.39 --c2-end=0.2 --c2-n-secs=431 --n-epochs=65 --lr-critic=7.315462310749335E-4 --clipping=11.799185331865313 --batch-size=15 --seed=3 --disable-training-logs --memory-size=1015 --lr=0.0018103176507973232 --logdir=logs/ppo-pdptw_all-15m-r1/pdptw-lc208 --communication=unix-socket -i=/tmp/pipes/unix-socket-1770718950991966,======,4705637.0,[(t:5.738-step:253-v:2085.656)-(t:5.755-step:254-v:2084.982)-(t:5.795-step:255-v:2084.199)-(t:5.825-step:256-v:2083.946)-(t:10.339-step:418-v:1872.092)-(t:19.763-step:768-v:1565.845)-(t:445.485-step:18428-v:1129.272)-(t:445.500-step:18429-v:1126.993)-(t:445.532-step:18430-v:1125.366)-(t:447.332-step:18467-v:1007.144)-(t:447.413-step:18468-v:1006.725)-(t:463.038-step:19080-v:856.991)-(t:463.149-step:19081-v:856.605)-(t:463.197-step:19082-v:854.706)-(t:463.232-step:19083-v:851.352)-(t:773.715-step:33337-v:842.656)-(t:773.739-step:33338-v:841.332)-(t:773.806-step:33339-v:841.221)-(t:773.821-step:33340-v:840.472)-(t:773.940-step:33341-v:838.182)-(t:773.958-step:33342-v:837.371)-(t:824.900-step:35531-v:750.095)-(t:824.957-step:35532-v:734.261)-(t:824.981-step:35533-v:730.745)-(t:825.066-step:35534-v:722.462)-(t:825.137-step:35535-v:719.636)-(t:825.213-step:35536-v:716.565)-(t:825.234-step:35537-v:706.075)-(t:825.302-step:35538-v:705.637)],412.387
ppo,examples/pdptw/pdptw_100/lr107.txt,r1,900,3,ppo --device=auto-gpu --c1-start=0.34 --c1-end=0.06 --c1-n-secs=196 --c2-start=0.39 --c2-end=0.2 --c2-n-secs=431 --n-epochs=65 --lr-critic=7.315462310749335E-4 --clipping=11.799185331865313 --batch-size=15 --seed=3 --disable-training-logs --memory-size=1015 --lr=0.0018103176507973232 --logdir=logs/ppo-pdptw_all-15m-r1/pdptw-lr107 --communication=unix-socket -i=/tmp/pipes/unix-socket-1770748563077985,======,13228190.0,[(t:5.530-step:157-v:1839.327)-(t:5.783-step:169-v:1779.024)-(t:7.325-step:198-v:1776.547)-(t:7.409-step:199-v:1739.847)-(t:8.411-step:220-v:1666.581)-(t:15.754-step:391-v:1647.918)-(t:126.816-step:2737-v:1383.178)-(t:126.836-step:2738-v:1379.084)-(t:144.857-step:3159-v:1316.576)-(t:144.880-step:3160-v:1316.269)-(t:144.922-step:3161-v:1314.74)-(t:144.959-step:3162-v:1299.307)-(t:145.017-step:3163-v:1296.277)-(t:325.649-step:7705-v:1288.765)-(t:326.046-step:7716-v:1278.882)-(t:326.077-step:7717-v:1277.654)-(t:331.015-step:7843-v:1275.991)-(t:331.105-step:7844-v:1239.963)-(t:331.174-step:7845-v:1228.19)],129.368
ppo,examples/pdptw/pdptw_100/lr108.txt,r1,900,3,ppo --device=auto-gpu --c1-start=0.34 --c1-end=0.06 --c1-n-secs=196 --c2-start=0.39 --c2-end=0.2 --c2-n-secs=431 --n-epochs=65 --lr-critic=7.315462310749335E-4 --clipping=11.799185331865313 --batch-size=15 --seed=3 --disable-training-logs --memory-size=1015 --lr=0.0018103176507973232 --logdir=logs/ppo-pdptw_all-15m-r1/pdptw-lr108 --communication=unix-socket -i=/tmp/pipes/unix-socket-1770760543284491,======,12110460.0,[(t:5.166-step:134-v:1816.198)-(t:22.551-step:513-v:1710.15)-(t:29.195-step:654-v:1609.371)-(t:50.381-step:1137-v:1527.034)-(t:54.642-step:1242-v:1519.329)-(t:54.690-step:1243-v:1499.103)-(t:54.724-step:1244-v:1497.683)-(t:133.615-step:3171-v:1431.484)-(t:133.996-step:3188-v:1353.427)-(t:134.166-step:3189-v:1298.523)-(t:134.183-step:3190-v:1296.731)-(t:134.203-step:3191-v:1291.448)-(t:134.251-step:3192-v:1291.09)-(t:135.308-step:3223-v:1279.827)-(t:135.339-step:3224-v:1274.816)-(t:135.404-step:3225-v:1249.274)-(t:135.416-step:3226-v:1249.243)-(t:135.466-step:3227-v:1242.533)-(t:135.547-step:3228-v:1242.021)-(t:135.571-step:3229-v:1241.338)-(t:265.650-step:6990-v:1239.722)-(t:269.209-step:7098-v:1234.274)-(t:269.262-step:7099-v:1233.109)-(t:269.290-step:7100-v:1233.024)-(t:269.313-step:7101-v:1216.698)-(t:331.209-step:8903-v:1152.605)-(t:331.256-step:8904-v:1150.222)-(t:523.185-step:14685-v:1115.027)-(t:523.206-step:14686-v:1111.962)-(t:523.216-step:14687-v:1111.685)-(t:523.307-step:14688-v:1110.572)-(t:523.382-step:14689-v:1110.46)],174.747
ppo,examples/pdptw/pdptw_100/lr109.txt,r1,900,3,ppo --device=auto-gpu --c1-start=0.34 --c1-end=0.06 --c1-n-secs=196 --c2-start=0.39 --c2-end=0.2 --c2-n-secs=431 --n-epochs=65 --lr-critic=7.315462310749335E-4 --clipping=11.799185331865313 --batch-size=15 --seed=3 --disable-training-logs --memory-size=1015 --lr=0.0018103176507973232 --logdir=logs/ppo-pdptw_all-15m-r1/pdptw-lr109 --communication=unix-socket -i=/tmp/pipes/unix-socket-1770762826461078,======,13316377.0,[(t:5.588-step:142-v:1899.08)-(t:5.636-step:143-v:1896.136)-(t:5.671-step:144-v:1876.307)-(t:5.697-step:145-v:1873.674)-(t:6.159-step:156-v:1864.671)-(t:6.344-step:162-v:1812.68)-(t:6.471-step:163-v:1809.185)-(t:6.500-step:164-v:1808.592)-(t:7.623-step:185-v:1802.674)-(t:7.652-step:186-v:1789.829)-(t:8.766-step:197-v:1719.978)-(t:9.326-step:203-v:1706.913)-(t:14.651-step:365-v:1677.025)-(t:14.689-step:366-v:1674.631)-(t:14.703-step:367-v:1668.03)-(t:14.784-step:368-v:1666.598)-(t:14.868-step:369-v:1661.325)-(t:14.933-step:370-v:1656.727)-(t:37.876-step:929-v:1642.451)-(t:38.947-step:959-v:1626.211)-(t:93.602-step:2329-v:1455.142)-(t:133.020-step:3408-v:1442.955)-(t:133.047-step:3409-v:1438.773)-(t:133.124-step:3410-v:1436.069)-(t:133.141-step:3411-v:1435.229)-(t:133.159-step:3412-v:1431.333)-(t:133.197-step:3413-v:1424.948)-(t:133.264-step:3414-v:1423.608)-(t:133.318-step:3415-v:1420.82)-(t:133.340-step:3416-v:1419.673)-(t:133.364-step:3417-v:1412.273)-(t:134.703-step:3450-v:1406.082)-(t:157.571-step:4073-v:1404.789)-(t:496.199-step:13184-v:1351.381)-(t:496.282-step:13185-v:1348.527)-(t:497.844-step:13221-v:1347.799)-(t:747.017-step:20072-v:1337.511)-(t:747.081-step:20073-v:1334.615)-(t:747.112-step:20074-v:1322.086)-(t:747.168-step:20075-v:1319.144)-(t:747.230-step:20076-v:1316.377)],124.605
ppo,examples/pdptw/pdptw_100/lr110.txt,r1,900,3,ppo --device=auto-gpu --c1-start=0.34 --c1-end=0.06 --c1-n-secs=196 --c2-start=0.39 --c2-end=0.2 --c2-n-secs=431 --n-epochs=65 --lr-critic=7.315462310749335E-4 --clipping=11.799185331865313 --batch-size=15 --seed=3 --disable-training-logs --memory-size=1015 --lr=0.0018103176507973232 --logdir=logs/ppo-pdptw_all-15m-r1/pdptw-lr110 --communication=unix-socket -i=/tmp/pipes/unix-socket-1770874028529948,======,14359729.0,[(t:5.116-step:156-v:1688.227)-(t:5.506-step:170-v:1665.042)-(t:30.672-step:705-v:1638.139)-(t:30.681-step:706-v:1633.244)-(t:30.689-step:707-v:1622.345)-(t:30.707-step:708-v:1622.129)-(t:30.733-step:709-v:1622.063)-(t:30.770-step:710-v:1601.418)-(t:30.857-step:711-v:1595.189)-(t:39.471-step:835-v:1593.471)-(t:39.567-step:836-v:1592.923)-(t:39.591-step:837-v:1591.617)-(t:39.666-step:838-v:1563.585)-(t:39.692-step:839-v:1562.938)-(t:39.787-step:840-v:1557.928)-(t:39.898-step:841-v:1557.485)-(t:101.856-step:2356-v:1555.263)-(t:102.660-step:2382-v:1553.525)-(t:133.299-step:3272-v:1514.921)-(t:134.077-step:3304-v:1453.372)-(t:134.090-step:3305-v:1447.637)-(t:134.126-step:3306-v:1416.23)-(t:134.198-step:3307-v:1413.283)-(t:136.966-step:3398-v:1411.824)-(t:170.338-step:4426-v:1411.345)-(t:170.358-step:4427-v:1410.751)-(t:170.415-step:4428-v:1410.332)-(t:170.438-step:4429-v:1409.604)-(t:170.513-step:4430-v:1406.652)-(t:170.553-step:4431-v:1406.482)-(t:171.926-step:4478-v:1375.892)-(t:332.286-step:8869-v:1363.137)-(t:332.305-step:8870-v:1342.928)-(t:332.344-step:8871-v:1342.433)-(t:332.672-step:8884-v:1340.396)-(t:333.005-step:8893-v:1330.204)-(t:333.020-step:8894-v:1325.613)-(t:333.122-step:8895-v:1324.938)-(t:333.138-step:8896-v:1322.872)-(t:333.772-step:8903-v:1320.403)-(t:553.066-step:15132-v:1307.399)],137.632
ppo,examples/pdptw/pdptw_100/lr111.txt,r1,900,3,ppo --device=auto-gpu --c1-start=0.34 --c1-end=0.06 --c1-n-secs=196 --c2-start=0.39 --c2-end=0.2 --c2-n-secs=431 --n-epochs=65 --lr-critic=7.315462310749335E-4 --clipping=11.799185331865313 --batch-size=15 --seed=3 --disable-training-logs --memory-size=1015 --lr=0.0018103176507973232 --logdir=logs/ppo-pdptw_all-15m-r1/pdptw-lr111 --communication=unix-socket -i=/tmp/pipes/unix-socket-1770899948867400,======,13262081.0,[(t:5.332-step:157-v:1776.412)-(t:7.717-step:203-v:1699.658)-(t:11.468-step:299-v:1580.709)-(t:74.785-step:1784-v:1564.897)-(t:98.211-step:2347-v:1564.795)-(t:98.293-step:2348-v:1563.574)-(t:98.507-step:2359-v:1552.737)-(t:98.515-step:2360-v:1547.299)-(t:98.526-step:2361-v:1547.06)-(t:120.741-step:2961-v:1325.199)-(t:121.255-step:2978-v:1310.049)-(t:121.279-step:2979-v:1297.167)-(t:132.647-step:3147-v:1274.19)-(t:705.720-step:18540-v:1262.081)],139.298
ppo,examples/pdptw/pdptw_100/lr112.txt,r1,900,3,ppo --device=auto-gpu --c1-start=0.34 --c1-end=0.06 --c1-n-secs=196 --c2-start=0.39 --c2-end=0.2 --c2-n-secs=431 --n-epochs=65 --lr-critic=7.315462310749335E-4 --clipping=11.799185331865313 --batch-size=15 --seed=3 --disable-training-logs --memory-size=1015 --lr=0.0018103176507973232 --logdir=logs/ppo-pdptw_all-15m-r1/pdptw-lr112 --communication=unix-socket -i=/tmp/pipes/unix-socket-1771079973483804,======,13189603.0,[(t:6.041-step:153-v:1864.274)-(t:6.073-step:154-v:1861.113)-(t:6.083-step:155-v:1840.143)-(t:7.697-step:195-v:1770.92)-(t:7.735-step:196-v:1758.438)-(t:9.909-step:221-v:1756.954)-(t:9.924-step:222-v:1741.588)-(t:12.689-step:283-v:1721.079)-(t:19.647-step:412-v:1576.147)-(t:19.928-step:423-v:1570.099)-(t:19.952-step:424-v:1565.825)-(t:20.029-step:425-v:1564.791)-(t:43.454-step:887-v:1540.796)-(t:63.538-step:1298-v:1533.869)-(t:63.624-step:1299-v:1531.865)-(t:63.643-step:1300-v:1528.424)-(t:63.656-step:1301-v:1520.277)-(t:69.698-step:1393-v:1469.576)-(t:69.732-step:1394-v:1462.773)-(t:69.742-step:1395-v:1454.714)-(t:69.858-step:1396-v:1451.739)-(t:190.962-step:4058-v:1438.774)-(t:190.983-step:4059-v:1435.94)-(t:205.608-step:4429-v:1423.553)-(t:205.674-step:4430-v:1422.922)-(t:205.717-step:4431-v:1422.355)-(t:205.766-step:4432-v:1411.936)-(t:206.556-step:4459-v:1352.131)-(t:206.579-step:4460-v:1348.69)-(t:392.375-step:9120-v:1253.937)-(t:392.399-step:9121-v:1244.901)-(t:392.432-step:9122-v:1234.592)-(t:392.531-step:9123-v:1231.872)-(t:392.633-step:9124-v:1230.725)-(t:393.383-step:9150-v:1196.177)-(t:393.450-step:9151-v:1191.151)-(t:393.463-step:9152-v:1190.589)-(t:393.486-step:9153-v:1189.83)-(t:393.524-step:9154-v:1189.603)],198.404
ppo,examples/pdptw/pdptw_100/lr206.txt,r1,900,3,ppo --device=auto-gpu --c1-start=0.34 --c1-end=0.06 --c1-n-secs=196 --c2-start=0.39 --c2-end=0.2 --c2-n-secs=431 --n-epochs=65 --lr-critic=7.315462310749335E-4 --clipping=11.799185331865313 --batch-size=15 --seed=3 --disable-training-logs --memory-size=1015 --lr=0.0018103176507973232 --logdir=logs/ppo-pdptw_all-15m-r1/pdptw-lr206 --communication=unix-socket -i=/tmp/pipes/unix-socket-1771598009355401,======,5607887.0,[(t:7.494-step:329-v:2432.419)-(t:9.992-step:436-v:2425.228)-(t:10.009-step:437-v:2400.054)-(t:10.026-step:438-v:2399.728)-(t:13.013-step:546-v:2159.7)-(t:13.052-step:547-v:2159.537)-(t:13.067-step:548-v:2134.129)-(t:81.537-step:2804-v:2045.416)-(t:723.954-step:27648-v:1754.538)-(t:723.979-step:27649-v:1732.194)-(t:807.404-step:31255-v:1630.817)-(t:807.422-step:31256-v:1625.013)-(t:807.449-step:31257-v:1624.318)-(t:807.479-step:31258-v:1616.467)-(t:807.535-step:31259-v:1612.654)-(t:807.555-step:31260-v:1611.488)-(t:807.586-step:31261-v:1610.367)-(t:807.632-step:31262-v:1607.887)],476.822
ppo,examples/pdptw/pdptw_100/lr207.txt,r1,900,3,ppo --device=auto-gpu --c1-start=0.34 --c1-end=0.06 --c1-n-secs=196 --c2-start=0.39 --c2-end=0.2 --c2-n-secs=431 --n-epochs=65 --lr-critic=7.315462310749335E-4 --clipping=11.799185331865313 --batch-size=15 --seed=3 --disable-training-logs --memory-size=1015 --lr=0.0018103176507973232 --logdir=logs/ppo-pdptw_all-15m-r1/pdptw-lr207 --communication=unix-socket -i=/tmp/pipes/unix-socket-1771627570874888,======,5694689.0,[(t:7.296-step:307-v:2182.176)-(t:7.313-step:308-v:2167.075)-(t:66.185-step:2282-v:2151.628)-(t:66.214-step:2283-v:2143.779)-(t:194.482-step:6730-v:2140.65)-(t:194.526-step:6731-v:2133.546)-(t:194.544-step:6732-v:2127.051)-(t:329.702-step:11635-v:2081.823)-(t:329.725-step:11636-v:2077.398)-(t:424.345-step:15335-v:1816.464)-(t:424.371-step:15336-v:1815.785)-(t:424.385-step:15337-v:1809.541)-(t:424.403-step:15338-v:1808.761)-(t:424.446-step:15339-v:1795.892)-(t:424.472-step:15340-v:1773.597)-(t:696.506-step:26524-v:1771.106)-(t:696.532-step:26525-v:1766.635)-(t:696.575-step:26526-v:1753.555)-(t:696.591-step:26527-v:1753.413)-(t:696.626-step:26528-v:1694.689)],475.855
ppo,examples/pdptw/pdptw_100/lr208.txt,r1,900,3,ppo --device=auto-gpu --c1-start=0.34 --c1-end=0.06 --c1-n-secs=196 --c2-start=0.39 --c2-end=0.2 --c2-n-secs=431 --n-epochs=65 --lr-critic=7.315462310749335E-4 --clipping=11.799185331865313 --batch-size=15 --seed=3 --disable-training-logs --memory-size=1015 --lr=0.0018103176507973232 --logdir=logs/ppo-pdptw_all-15m-r1/pdptw-lr208 --communication=unix-socket -i=/tmp/pipes/unix-socket-1771657816478020,======,4602348.0,[(t:8.073-step:337-v:2369.519)-(t:33.874-step:1236-v:2299.931)-(t:33.902-step:1237-v:2248.921)-(t:54.494-step:1849-v:2217.925)-(t:67.797-step:2209-v:2183.406)-(t:67.806-step:2210-v:2174.602)-(t:67.817-step:2211-v:2146.637)-(t:67.846-step:2212-v:2145.208)-(t:97.545-step:2981-v:1947.261)-(t:120.298-step:3749-v:1930.267)-(t:261.024-step:8356-v:1873.484)-(t:261.043-step:8357-v:1873.427)-(t:361.175-step:11832-v:1786.548)-(t:361.190-step:11833-v:1784.299)-(t:361.223-step:11834-v:1777.455)-(t:361.238-step:11835-v:1774.944)-(t:361.267-step:11836-v:1774.256)-(t:361.332-step:11837-v:1751.449)-(t:455.263-step:15292-v:1710.618)-(t:455.273-step:15293-v:1703.535)-(t:455.278-step:15294-v:1702.361)-(t:455.347-step:15295-v:1701.636)-(t:455.353-step:15296-v:1701.541)-(t:462.145-step:15532-v:1699.638)-(t:462.393-step:15553-v:1673.565)-(t:462.403-step:15554-v:1671.737)-(t:462.414-step:15555-v:1666.344)-(t:462.425-step:15556-v:1662.361)-(t:462.455-step:15557-v:1656.503)-(t:462.469-step:15558-v:1646.223)-(t:725.467-step:25286-v:1610.372)-(t:725.482-step:25287-v:1609.862)-(t:725.615-step:25288-v:1604.661)-(t:725.667-step:25289-v:1603.438)-(t:725.682-step:25290-v:1602.348)],529.19
ppo,examples/pdptw/pdptw_100/lr209.txt,r1,900,3,ppo --device=auto-gpu --c1-start=0.34 --c1-end=0.06 --c1-n-secs=196 --c2-start=0.39 --c2-end=0.2 --c2-n-secs=431 --n-epochs=65 --lr-critic=7.315462310749335E-4 --clipping=11.799185331865313 --batch-size=15 --seed=3 --disable-training-logs --memory-size=1015 --lr=0.0018103176507973232 --logdir=logs/ppo-pdptw_all-15m-r1/pdptw-lr209 --communication=unix-socket -i=/tmp/pipes/unix-socket-1771669945938433,======,6474673.0,[(t:7.229-step:294-v:2180.69)-(t:23.759-step:866-v:2156.261)-(t:54.284-step:1804-v:2090.006)-(t:54.300-step:1805-v:2086.269)-(t:54.309-step:1806-v:2084.713)-(t:54.322-step:1807-v:2080.861)-(t:112.727-step:3691-v:2046.402)-(t:118.711-step:3884-v:2030.16)-(t:118.721-step:3885-v:2021.138)-(t:118.782-step:3886-v:2008.112)-(t:118.797-step:3887-v:2007.932)-(t:118.823-step:3888-v:2000.949)-(t:193.254-step:6368-v:1973.541)-(t:193.308-step:6369-v:1969.147)-(t:193.315-step:6370-v:1968.565)-(t:193.340-step:6371-v:1965.943)-(t:193.377-step:6372-v:1946.695)-(t:193.396-step:6373-v:1946.601)-(t:193.417-step:6374-v:1945.734)-(t:215.408-step:7162-v:1945.462)-(t:215.443-step:7163-v:1924.248)-(t:223.476-step:7530-v:1909.876)-(t:223.498-step:7531-v:1909.019)-(t:223.517-step:7532-v:1908.268)-(t:223.542-step:7533-v:1903.862)-(t:223.633-step:7534-v:1892.163)-(t:243.364-step:8224-v:1880.563)-(t:243.380-step:8225-v:1868.57)-(t:243.459-step:8226-v:1851.817)-(t:243.475-step:8227-v:1849.852)-(t:243.607-step:8228-v:1845.659)-(t:243.654-step:8229-v:1832.257)-(t:243.668-step:8230-v:1828.411)-(t:243.686-step:8231-v:1827.269)-(t:243.700-step:8232-v:1817.682)-(t:258.045-step:8823-v:1767.719)-(t:258.075-step:8824-v:1739.664)-(t:258.099-step:8825-v:1732.875)-(t:258.123-step:8826-v:1730.297)-(t:258.182-step:8827-v:1728.919)-(t:258.195-step:8828-v:1719.979)-(t:258.215-step:8829-v:1710.764)-(t:258.809-step:8863-v:1504.045)-(t:258.878-step:8864-v:1504.018)-(t:258.908-step:8865-v:1498.199)-(t:258.963-step:8866-v:1479.38)-(t:258.976-step:8867-v:1476.82)-(t:259.050-step:8868-v:1474.673)],379.422
ppo,examples/pdptw/pdptw_100/lr210.txt,r1,900,3,ppo --device=auto-gpu --c1-start=0.34 --c1-end=0.06 --c1-n-secs=196 --c2-start=0.39 --c2-end=0.2 --c2-n-secs=431 --n-epochs=65 --lr-critic=7.315462310749335E-4 --clipping=11.799185331865313 --batch-size=15 --seed=3 --disable-training-logs --memory-size=1015 --lr=0.0018103176507973232 --logdir=logs/ppo-pdptw_all-15m-r1/pdptw-lr210 --communication=unix-socket -i=/tmp/pipes/unix-socket-1771671843669182,======,5749442.0,[(t:6.761-step:281-v:2412.569)-(t:7.426-step:315-v:2275.821)-(t:7.673-step:326-v:2235.549)-(t:8.797-step:365-v:2173.979)-(t:8.809-step:366-v:2160.383)-(t:127.059-step:4547-v:2032.752)-(t:127.187-step:4548-v:2029.976)-(t:127.218-step:4549-v:2011.45)-(t:127.232-step:4550-v:2009.938)-(t:127.247-step:4551-v:2001.562)-(t:127.266-step:4552-v:1995.415)-(t:685.570-step:27260-v:1768.389)-(t:685.589-step:27261-v:1749.442)],458.296
ppo,examples/pdptw/pdptw_100/lr211.txt,r1,900,3,ppo --device=auto-gpu --c1-start=0.34 --c1-end=0.06 --c1-n-secs=196 --c2-start=0.39 --c2-end=0.2 --c2-n-secs=431 --n-epochs=65 --lr-critic=7.315462310749335E-4 --clipping=11.799185331865313 --batch-size=15 --seed=3 --disable-training-logs --memory-size=1015 --lr=0.0018103176507973232 --logdir=logs/ppo-pdptw_all-15m-r1/pdptw-lr211 --communication=unix-socket -i=/tmp/pipes/unix-socket-1771782652656017,======,5563072.0,[(t:6.656-step:259-v:2348.091)-(t:7.267-step:274-v:2274.778)-(t:8.544-step:294-v:2274.058)-(t:17.614-step:543-v:2157.516)-(t:17.627-step:544-v:2146.51)-(t:17.650-step:545-v:2124.914)-(t:17.701-step:546-v:2124.524)-(t:17.735-step:547-v:2102.462)-(t:97.538-step:2614-v:2055.158)-(t:97.755-step:2615-v:2035.342)-(t:148.641-step:4149-v:2033.878)-(t:148.650-step:4150-v:2033.424)-(t:148.660-step:4151-v:2024.301)-(t:148.773-step:4152-v:2021.004)-(t:151.920-step:4271-v:1996.798)-(t:281.865-step:8427-v:1882.556)-(t:281.890-step:8428-v:1880.443)-(t:282.115-step:8429-v:1880.3)-(t:550.570-step:18074-v:1879.487)-(t:550.621-step:18075-v:1853.845)-(t:550.632-step:18076-v:1849.22)-(t:594.405-step:19732-v:1826.072)-(t:594.453-step:19733-v:1823.602)-(t:594.492-step:19734-v:1819.283)-(t:633.010-step:21246-v:1566.695)-(t:633.121-step:21247-v:1566.677)-(t:633.136-step:21248-v:1563.072)],450.375
ppo,examples/pdptw/pdptw_100/lrc105.txt,r1,900,3,ppo --device=auto-gpu --c1-start=0.34 --c1-end=0.06 --c1-n-secs=196 --c2-start=0.39 --c2-end=0.2 --c2-n-secs=431 --n-epochs=65 --lr-critic=7.315462310749335E-4 --clipping=11.799185331865313 --batch-size=15 --seed=3 --disable-training-logs --memory-size=1015 --lr=0.0018103176507973232 --logdir=logs/ppo-pdptw_all-15m-r1/pdptw-lrc105 --communication=unix-socket -i=/tmp/pipes/unix-socket-1771808518245730,======,17783622.0,[(t:5.087-step:127-v:2232.882)-(t:5.155-step:128-v:2230.208)-(t:5.290-step:132-v:2102.735)-(t:5.911-step:146-v:2096.096)-(t:6.082-step:151-v:2035.188)-(t:22.079-step:483-v:1947.837)-(t:22.108-step:484-v:1942.672)-(t:22.172-step:485-v:1942.637)-(t:109.737-step:2579-v:1917.049)-(t:110.085-step:2580-v:1915.174)-(t:110.326-step:2585-v:1900.961)-(t:110.375-step:2586-v:1875.819)-(t:110.478-step:2587-v:1866.768)-(t:234.518-step:5414-v:1852.618)-(t:235.675-step:5436-v:1830.517)-(t:235.699-step:5437-v:1828.903)-(t:235.717-step:5438-v:1824.937)-(t:235.730-step:5439-v:1822.925)-(t:249.685-step:5783-v:1783.622)],92.327
ppo,examples/pdptw/pdptw_100/lrc106.txt,r1,900,3,ppo --device=auto-gpu --c1-start=0.34 --c1-end=0.06 --c1-n-secs=196 --c2-start=0.39 --c2-end=0.2 --c2-n-secs=431 --n-epochs=65 --lr-critic=7.315462310749335E-4 --clipping=11.799185331865313 --batch-size=15 --seed=3 --disable-training-logs --memory-size=1015 --lr=0.0018103176507973232 --logdir=logs/ppo-pdptw_all-15m-r1/pdptw-lrc106 --communication=unix-socket -i=/tmp/pipes/unix-socket-1771989224958155,======,15625804.0,[(t:5.068-step:139-v:2111.707)-(t:5.922-step:175-v:2056.715)-(t:5.956-step:176-v:2052.385)-(t:5.990-step:177-v:2017.423)-(t:6.074-step:178-v:2014.225)-(t:6.105-step:179-v:2011.311)-(t:15.621-step:413-v:1965.886)-(t:15.645-step:414-v:1965.398)-(t:15.656-step:415-v:1964.337)-(t:15.670-step:416-v:1944.215)-(t:15.731-step:417-v:1930.635)-(t:15.760-step:418-v:1930.566)-(t:16.062-step:425-v:1929.262)-(t:16.173-step:426-v:1922.429)-(t:22.954-step:620-v:1920.525)-(t:23.033-step:621-v:1912.249)-(t:23.706-step:638-v:1856.212)-(t:23.734-step:639-v:1843.988)-(t:23.778-step:640-v:1838.06)-(t:23.792-step:641-v:1831.954)-(t:37.143-step:909-v:1806.313)-(t:37.156-step:910-v:1794.972)-(t:37.191-step:911-v:1794.239)-(t:38.912-step:965-v:1790.896)-(t:42.418-step:1052-v:1787.002)-(t:42.474-step:1053-v:1783.959)-(t:43.189-step:1069-v:1783.511)-(t:144.084-step:3499-v:1755.325)-(t:144.107-step:3500-v:1750.908)-(t:264.853-step:6660-v:1740.095)-(t:264.891-step:6661-v:1738.979)-(t:264.913-step:6662-v:1735.772)-(t:264.942-step:6663-v:1733.031)-(t:264.969-step:6664-v:1727.6)-(t:265.034-step:6665-v:1721.94)-(t:265.052-step:6666-v:1720.907)-(t:265.103-step:6667-v:1720.211)-(t:265.325-step:6675-v:1719.553)-(t:265.370-step:6676-v:1717.93)-(t:265.395-step:6677-v:1715.794)-(t:484.757-step:12628-v:1687.786)-(t:484.775-step:12629-v:1687.303)-(t:522.694-step:13641-v:1682.96)-(t:867.147-step:22888-v:1637.873)-(t:867.193-step:22889-v:1625.804)],157.413
ppo,examples/pdptw/pdptw_100/lrc107.txt,r1,900,3,ppo --device=auto-gpu --c1-start=0.34 --c1-end=0.06 --c1-n-secs=196 --c2-start=0.39 --c2-end=0.2 --c2-n-secs=431 --n-epochs=65 --lr-critic=7.315462310749335E-4 --clipping=11.799185331865313 --batch-size=15 --seed=3 --disable-training-logs --memory-size=1015 --lr=0.0018103176507973232 --logdir=logs/ppo-pdptw_all-15m-r1/pdptw-lrc107 --communication=unix-socket -i=/tmp/pipes/unix-socket-1772506580077144,======,13404517.0,[(t:6.233-step:164-v:1829.032)-(t:6.253-step:165-v:1826.043)-(t:6.276-step:166-v:1823.76)-(t:6.615-step:175-v:1696.003)-(t:7.123-step:190-v:1691.473)-(t:7.133-step:191-v:1690.736)-(t:20.108-step:509-v:1672.852)-(t:39.184-step:903-v:1668.21)-(t:39.227-step:904-v:1618.422)-(t:41.670-step:967-v:1601.196)-(t:41.720-step:968-v:1601.155)-(t:41.952-step:981-v:1594.179)-(t:41.999-step:982-v:1590.593)-(t:42.062-step:983-v:1587.703)-(t:42.087-step:984-v:1577.363)-(t:42.149-step:985-v:1569.27)-(t:42.219-step:986-v:1558.832)-(t:106.782-step:2522-v:1492.308)-(t:106.806-step:2523-v:1468.218)-(t:106.905-step:2524-v:1465.131)-(t:112.301-step:2646-v:1437.857)-(t:429.370-step:11204-v:1434.407)-(t:430.667-step:11235-v:1408.561)-(t:430.691-step:11236-v:1408.427)-(t:431.695-step:11292-v:1404.517)],134.566
ppo,examples/pdptw/pdptw_100/lrc108.txt,r1,900,3,ppo --device=auto-gpu --c1-start=0.34 --c1-end=0.06 --c1-n-secs=196 --c2-start=0.39 --c2-end=0.2 --c2-n-secs=431 --n-epochs=65 --lr-critic=7.315462310749335E-4 --clipping=11.799185331865313 --batch-size=15 --seed=3 --disable-training-logs --memory-size=1015 --lr=0.0018103176507973232 --logdir=logs/ppo-pdptw_all-15m-r1/pdptw-lrc108 --communication=unix-socket -i=/tmp/pipes/unix-socket-1772536560070189,======,13300017.0,[(t:5.673-step:158-v:2040.215)-(t:5.725-step:159-v:2034.248)-(t:7.676-step:199-v:1941.877)-(t:7.736-step:200-v:1903.254)-(t:16.148-step:370-v:1702.59)-(t:16.166-step:371-v:1699.987)-(t:16.198-step:372-v:1694.844)-(t:16.280-step:373-v:1691.847)-(t:60.506-step:1323-v:1686.985)-(t:69.453-step:1527-v:1685.672)-(t:69.505-step:1528-v:1682.892)-(t:69.572-step:1529-v:1682.681)-(t:69.596-step:1530-v:1680.732)-(t:69.799-step:1531-v:1680.203)-(t:70.857-step:1562-v:1597.402)-(t:70.946-step:1563-v:1593.552)-(t:149.842-step:3380-v:1588.101)-(t:158.043-step:3619-v:1567.468)-(t:158.090-step:3620-v:1543.154)-(t:225.873-step:5389-v:1475.113)-(t:225.896-step:5390-v:1473.238)-(t:225.922-step:5391-v:1472.689)-(t:387.997-step:9811-v:1352.434)-(t:525.851-step:13515-v:1328.718)-(t:666.909-step:17582-v:1318.667)-(t:666.955-step:17583-v:1304.02)-(t:888.575-step:24270-v:1303.006)-(t:888.601-step:24271-v:1300.069)-(t:888.621-step:24272-v:1300.017)],173.184
ppo,examples/pdptw/pdptw_100/lrc205.txt,r1,900,3,ppo --device=auto-gpu --c1-start=0.34 --c1-end=0.06 --c1-n-secs=196 --c2-start=0.39 --c2-end=0.2 --c2-n-secs=431 --n-epochs=65 --lr-critic=7.315462310749335E-4 --clipping=11.799185331865313 --batch-size=15 --seed=3 --disable-training-logs --memory-size=1015 --lr=0.0018103176507973232 --logdir=logs/ppo-pdptw_all-15m-r1/pdptw-lrc205 --communication=unix-socket -i=/tmp/pipes/unix-socket-1772567096817481,======,6779437.0,[(t:4.978-step:178-v:2615.49)-(t:15.521-step:477-v:2405.683)-(t:93.441-step:2648-v:2229.958)-(t:93.448-step:2649-v:2220.221)-(t:93.458-step:2650-v:2211.198)-(t:93.468-step:2651-v:2206.968)-(t:93.479-step:2652-v:2203.942)-(t:93.489-step:2653-v:2200.478)-(t:93.509-step:2654-v:2154.793)-(t:93.631-step:2655-v:2142.14)-(t:93.685-step:2656-v:2140.579)-(t:93.706-step:2657-v:2124.389)-(t:93.719-step:2658-v:2123.957)-(t:93.734-step:2659-v:2117.36)-(t:93.790-step:2660-v:2117.127)-(t:94.675-step:2689-v:1792.064)-(t:94.688-step:2690-v:1783.8)-(t:94.767-step:2691-v:1783.527)-(t:94.916-step:2692-v:1780.563)-(t:94.932-step:2693-v:1779.437)],262.477
ppo,examples/pdptw/pdptw_100/lrc206.txt,r1,900,3,ppo --device=auto-gpu --c1-start=0.34 --c1-end=0.06 --c1-n-secs=196 --c2-start=0.39 --c2-end=0.2 --c2-n-secs=431 --n-epochs=65 --lr-critic=7.315462310749335E-4 --clipping=11.799185331865313 --batch-size=15 --seed=3 --disable-training-logs --memory-size=1015 --lr=0.0018103176507973232 --logdir=logs/ppo-pdptw_all-15m-r1/pdptw-lrc206 --communication=unix-socket -i=/tmp/pipes/unix-socket-1772578170374321,======,5570321.0,[(t:8.628-step:300-v:2738.392)-(t:17.170-step:589-v:2550.039)-(t:17.185-step:590-v:2549.854)-(t:60.136-step:1793-v:2481.699)-(t:60.162-step:1794-v:2467.543)-(t:60.598-step:1815-v:2398.691)-(t:101.401-step:3001-v:2397.782)-(t:460.805-step:14464-v:1938.453)-(t:460.862-step:14465-v:1938.442)-(t:460.888-step:14466-v:1936.754)-(t:460.915-step:14467-v:1869.709)-(t:460.938-step:14468-v:1869.386)-(t:460.972-step:14469-v:1808.559)-(t:460.994-step:14470-v:1808.299)-(t:461.009-step:14471-v:1806.948)-(t:461.022-step:14472-v:1804.743)-(t:461.060-step:14473-v:1764.138)-(t:461.771-step:14512-v:1719.275)-(t:461.782-step:14513-v:1719.239)-(t:461.819-step:14514-v:1658.471)-(t:461.844-step:14515-v:1654.957)-(t:461.869-step:14516-v:1652.478)-(t:461.884-step:14517-v:1597.976)-(t:461.930-step:14518-v:1597.74)-(t:461.975-step:14519-v:1582.476)-(t:462.022-step:14520-v:1580.526)-(t:462.071-step:14521-v:1571.966)-(t:462.133-step:14522-v:1571.134)-(t:462.149-step:14523-v:1570.321)],359.127
ppo,examples/pdptw/pdptw_100/lrc207.txt,r1,900,3,ppo --device=auto-gpu --c1-start=0.34 --c1-end=0.06 --c1-n-secs=196 --c2-start=0.39 --c2-end=0.2 --c2-n-secs=431 --n-epochs=65 --lr-critic=7.315462310749335E-4 --clipping=11.799185331865313 --batch-size=15 --seed=3 --disable-training-logs --memory-size=1015 --lr=0.0018103176507973232 --logdir=logs/ppo-pdptw_all-15m-r1/pdptw-lrc207 --communication=unix-socket -i=/tmp/pipes/unix-socket-1772580158475226,======,6979210.0,[(t:9.435-step:313-v:2927.464)-(t:9.452-step:314-v:2922.867)-(t:9.465-step:315-v:2922.141)-(t:9.480-step:316-v:2917.787)-(t:9.496-step:317-v:2884.004)-(t:10.603-step:346-v:2767.93)-(t:56.330-step:1631-v:2720.873)-(t:72.264-step:1975-v:2610.779)-(t:72.278-step:1976-v:2564.883)-(t:72.313-step:1977-v:2556.451)-(t:72.365-step:1978-v:2553.697)-(t:72.378-step:1979-v:2520.36)-(t:72.394-step:1980-v:2517.999)-(t:72.414-step:1981-v:2517.428)-(t:72.433-step:1982-v:2479.336)-(t:204.409-step:6136-v:2405.759)-(t:204.506-step:6137-v:2404.766)-(t:210.501-step:6275-v:2403.094)-(t:210.527-step:6276-v:2378.993)-(t:210.554-step:6277-v:2364.053)-(t:278.981-step:8335-v:2361.858)-(t:278.995-step:8336-v:2361.844)-(t:302.650-step:9088-v:2181.386)-(t:302.678-step:9089-v:2156.999)-(t:551.458-step:18142-v:2141.122)-(t:551.500-step:18143-v:2140.759)-(t:745.225-step:25682-v:2109.31)-(t:745.288-step:25683-v:2105.893)-(t:745.361-step:25684-v:2071.961)-(t:745.383-step:25685-v:2062.707)-(t:745.399-step:25686-v:2061.43)-(t:745.412-step:25687-v:2037.172)-(t:745.487-step:25688-v:2022.882)-(t:745.501-step:25689-v:2022.45)-(t:818.791-step:28875-v:2021.801)-(t:818.815-step:28876-v:1996.359)-(t:818.851-step:28877-v:1986.359)-(t:818.865-step:28878-v:1982.862)-(t:889.377-step:31899-v:1980.524)-(t:889.389-step:31900-v:1980.135)-(t:889.401-step:31901-v:1979.21)],474.333
ppo,examples/pdptw/pdptw_100/lrc208.txt,r1,900,3,ppo --device=auto-gpu --c1-start=0.34 --c1-end=0.06 --c1-n-secs=196 --c2-start=0.39 --c2-end=0.2 --c2-n-secs=431 --n-epochs=65 --lr-critic=7.315462310749335E-4 --clipping=11.799185331865313 --batch-size=15 --seed=3 --disable-training-logs --memory-size=1015 --lr=0.0018103176507973232 --logdir=logs/ppo-pdptw_all-15m-r1/pdptw-lrc208 --communication=unix-socket -i=/tmp/pipes/unix-socket-1772691956718603,======,6044639.0,[(t:10.443-step:340-v:2711.359)-(t:11.017-step:349-v:2552.842)-(t:11.042-step:350-v:2521.133)-(t:30.606-step:1023-v:2498.546)-(t:30.626-step:1024-v:2497.046)-(t:63.072-step:1910-v:2216.789)-(t:63.100-step:1911-v:2180.355)-(t:63.124-step:1912-v:2169.812)-(t:63.175-step:1913-v:2168.099)-(t:63.190-step:1914-v:2167.743)-(t:63.217-step:1915-v:2154.524)-(t:271.786-step:9196-v:2145.727)-(t:271.804-step:9197-v:2144.279)-(t:271.901-step:9198-v:2096.5)-(t:271.913-step:9199-v:2090.131)-(t:273.736-step:9232-v:2088.962)-(t:273.778-step:9233-v:2027.996)-(t:273.795-step:9234-v:2025.248)-(t:273.814-step:9235-v:2020.654)-(t:293.155-step:9988-v:2017.773)-(t:293.188-step:9989-v:2013.186)-(t:293.224-step:9990-v:2011.778)-(t:293.237-step:9991-v:2011.195)-(t:413.972-step:14171-v:1897.251)-(t:414.037-step:14172-v:1889.043)-(t:414.050-step:14173-v:1880.553)-(t:414.147-step:14174-v:1880.442)-(t:414.169-step:14175-v:1880.369)-(t:414.185-step:14176-v:1879.928)-(t:419.056-step:14370-v:1779.833)-(t:419.065-step:14371-v:1756.467)-(t:419.092-step:14372-v:1751.816)-(t:419.113-step:14373-v:1751.401)-(t:419.124-step:14374-v:1691.432)-(t:419.135-step:14375-v:1689.427)-(t:419.159-step:14376-v:1687.982)-(t:419.188-step:14377-v:1686.986)-(t:419.201-step:14378-v:1683.574)],493.371
ppo,examples/pdptw/pdptw_400/LC1_4_6.txt,r1,900,3,ppo --device=auto-gpu --c1-start=0.34 --c1-end=0.06 --c1-n-secs=196 --c2-start=0.39 --c2-end=0.2 --c2-n-secs=431 --n-epochs=65 --lr-critic=7.315462310749335E-4 --clipping=11.799185331865313 --batch-size=15 --seed=3 --disable-training-logs --memory-size=1015 --lr=0.0018103176507973232 --logdir=logs/ppo-pdptw_all-15m-r1/pdptw-LC1_4_6 --communication=unix-socket -i=/tmp/pipes/unix-socket-1772717659913996,======,67102202.0,[(t:173.170-step:2709-v:14182.005)-(t:258.462-step:3267-v:13976.628)-(t:259.034-step:3268-v:13968.865)-(t:267.519-step:3328-v:13102.602)-(t:267.552-step:3329-v:13102.202)],506.991
ppo,examples/pdptw/pdptw_400/LC1_4_7.txt,r1,900,3,ppo --device=auto-gpu --c1-start=0.34 --c1-end=0.06 --c1-n-secs=196 --c2-start=0.39 --c2-end=0.2 --c2-n-secs=431 --n-epochs=65 --lr-critic=7.315462310749335E-4 --clipping=11.799185331865313 --batch-size=15 --seed=3 --disable-training-logs --memory-size=1015 --lr=0.0018103176507973232 --logdir=logs/ppo-pdptw_all-15m-r1/pdptw-LC1_4_7 --communication=unix-socket -i=/tmp/pipes/unix-socket-1772898170695516,======,67008956.0,[(t:236.329-step:3793-v:14008.956)],561.297
ppo,examples/pdptw/pdptw_400/LC1_4_8.txt,r1,900,3,ppo --device=auto-gpu --c1-start=0.34 --c1-end=0.06 --c1-n-secs=196 --c2-start=0.39 --c2-end=0.2 --c2-n-secs=431 --n-epochs=65 --lr-critic=7.315462310749335E-4 --clipping=11.799185331865313 --batch-size=15 --seed=3 --disable-training-logs --memory-size=1015 --lr=0.0018103176507973232 --logdir=logs/ppo-pdptw_all-15m-r1/pdptw-LC1_4_8 --communication=unix-socket -i=/tmp/pipes/unix-socket-1773416134980208,======,66932270.0,[(t:229.153-step:2772-v:16281.878)-(t:299.110-step:3277-v:15344.363)-(t:532.561-step:4720-v:14932.27)],533.583
ppo,examples/pdptw/pdptw_400/LC1_4_9.txt,r1,900,3,ppo --device=auto-gpu --c1-start=0.34 --c1-end=0.06 --c1-n-secs=196 --c2-start=0.39 --c2-end=0.2 --c2-n-secs=431 --n-epochs=65 --lr-critic=7.315462310749335E-4 --clipping=11.799185331865313 --batch-size=15 --seed=3 --disable-training-logs --memory-size=1015 --lr=0.0018103176507973232 --logdir=logs/ppo-pdptw_all-15m-r1/pdptw-LC1_4_9 --communication=unix-socket -i=/tmp/pipes/unix-socket-1773446320565990,======,67771549.0,[(t:248.602-step:3176-v:19191.827)-(t:248.659-step:3177-v:19181.188)-(t:248.692-step:3178-v:19180.222)-(t:255.862-step:3240-v:18489.947)-(t:256.665-step:3241-v:18425.645)-(t:275.189-step:3377-v:18248.136)-(t:275.238-step:3378-v:18241.875)-(t:275.255-step:3379-v:18239.158)-(t:275.357-step:3380-v:18238.078)-(t:399.038-step:4067-v:17774.867)-(t:399.059-step:4068-v:17773.137)-(t:399.747-step:4069-v:17771.665)-(t:400.387-step:4070-v:17771.549)],628.724
ppo,examples/pdptw/pdptw_400/LC1_4_10.txt,r1,900,3,ppo --device=auto-gpu --c1-start=0.34 --c1-end=0.06 --c1-n-secs=196 --c2-start=0.39 --c2-end=0.2 --c2-n-secs=431 --n-epochs=65 --lr-critic=7.315462310749335E-4 --clipping=11.799185331865313 --batch-size=15 --seed=3 --disable-training-logs --memory-size=1015 --lr=0.0018103176507973232 --logdir=logs/ppo-pdptw_all-15m-r1/pdptw-LC1_4_10 --communication=unix-socket -i=/tmp/pipes/unix-socket-1773475577138124,======,67437269.0,[(t:236.342-step:2918-v:19191.696)-(t:236.442-step:2919-v:19188.46)-(t:237.424-step:2920-v:19185.497)-(t:354.004-step:3612-v:17747.481)-(t:354.025-step:3613-v:17746.856)-(t:354.074-step:3614-v:17739.578)-(t:354.190-step:3615-v:17720.064)-(t:354.296-step:3616-v:17711.523)-(t:354.321-step:3617-v:17709.005)-(t:354.348-step:3618-v:17708.207)],609.81
ppo,examples/pdptw/pdptw_400/LC2_4_6.txt,r1,900,3,ppo --device=auto-gpu --c1-start=0.34 --c1-end=0.06 --c1-n-secs=196 --c2-start=0.39 --c2-end=0.2 --c2-n-secs=431 --n-epochs=65 --lr-critic=7.315462310749335E-4 --clipping=11.799185331865313 --batch-size=15 --seed=3 --disable-training-logs --memory-size=1015 --lr=0.0018103176507973232 --logdir=logs/ppo-pdptw_all-15m-r1/pdptw-LC2_4_6 --communication=unix-socket -i=/tmp/pipes/unix-socket-1773487324604189,======,34814884.0,[(t:177.645-step:3028-v:15831.522)-(t:177.665-step:3029-v:15822.171)-(t:177.679-step:3030-v:15814.884)],721.852
ppo,examples/pdptw/pdptw_400/LC2_4_7.txt,r1,900,3,ppo --device=auto-gpu --c1-start=0.34 --c1-end=0.06 --c1-n-secs=196 --c2-start=0.39 --c2-end=0.2 --c2-n-secs=431 --n-epochs=65 --lr-critic=7.315462310749335E-4 --clipping=11.799185331865313 --batch-size=15 --seed=3 --disable-training-logs --memory-size=1015 --lr=0.0018103176507973232 --logdir=logs/ppo-pdptw_all-15m-r1/pdptw-LC2_4_7 --communication=unix-socket -i=/tmp/pipes/unix-socket-1773489655542784,======,34769537.0,[(t:220.650-step:4148-v:15070.451)-(t:220.726-step:4149-v:15069.342)-(t:220.944-step:4150-v:14941.725)-(t:221.060-step:4151-v:14940.154)-(t:221.163-step:4152-v:14940.092)-(t:537.297-step:7869-v:13791.378)-(t:538.546-step:7870-v:13771.466)-(t:538.566-step:7871-v:13770.546)-(t:538.586-step:7872-v:13769.537)],711.642
ppo,examples/pdptw/pdptw_400/LC2_4_8.txt,r1,900,3,ppo --device=auto-gpu --c1-start=0.34 --c1-end=0.06 --c1-n-secs=196 --c2-start=0.39 --c2-end=0.2 --c2-n-secs=431 --n-epochs=65 --lr-critic=7.315462310749335E-4 --clipping=11.799185331865313 --batch-size=15 --seed=3 --disable-training-logs --memory-size=1015 --lr=0.0018103176507973232 --logdir=logs/ppo-pdptw_all-15m-r1/pdptw-LC2_4_8 --communication=unix-socket -i=/tmp/pipes/unix-socket-1773601323259984,======,35960706.0,[(t:136.708-step:2975-v:18973.743)-(t:160.008-step:3306-v:16589.008)-(t:160.026-step:3307-v:16562.596)],723.515
ppo,examples/pdptw/pdptw_400/LC2_4_9.txt,r1,900,3,ppo --device=auto-gpu --c1-start=0.34 --c1-end=0.06 --c1-n-secs=196 --c2-start=0.39 --c2-end=0.2 --c2-n-secs=431 --n-epochs=65 --lr-critic=7.315462310749335E-4 --clipping=11.799185331865313 --batch-size=15 --seed=3 --disable-training-logs --memory-size=1015 --lr=0.0018103176507973232 --logdir=logs/ppo-pdptw_all-15m-r1/pdptw-LC2_4_9 --communication=unix-socket -i=/tmp/pipes/unix-socket-1773627035750397,======,35219705.0,[(t:211.238-step:3633-v:17203.282)-(t:486.925-step:6658-v:15362.057)-(t:486.942-step:6659-v:15340.602)-(t:486.954-step:6660-v:15330.058)-(t:489.030-step:6661-v:15327.999)-(t:760.412-step:9812-v:15219.705)],719.712
ppo,examples/pdptw/pdptw_400/LC2_4_10.txt,r1,900,3,ppo --device=auto-gpu --c1-start=0.34 --c1-end=0.06 --c1-n-secs=196 --c2-start=0.39 --c2-end=0.2 --c2-n-secs=431 --n-epochs=65 --lr-critic=7.315462310749335E-4 --clipping=11.799185331865313 --batch-size=15 --seed=3 --disable-training-logs --memory-size=1015 --lr=0.0018103176507973232 --logdir=logs/ppo-pdptw_all-15m-r1/pdptw-LC2_4_10 --communication=unix-socket -i=/tmp/pipes/unix-socket-1773808360751569,======,36779345.0,[(t:262.068-step:4933-v:19070.888)-(t:262.127-step:4934-v:19070.204)-(t:262.180-step:4935-v:18964.46)-(t:262.270-step:4936-v:18960.532)-(t:353.134-step:5990-v:17779.345)],763.855
ppo,examples/pdptw/pdptw_400/LR1_4_6.txt,r1,900,3,ppo --device=auto-gpu --c1-start=0.34 --c1-end=0.06 --c1-n-secs=196 --c2-start=0.39 --c2-end=0.2 --c2-n-secs=431 --n-epochs=65 --lr-critic=7.315462310749335E-4 --clipping=11.799185331865313 --batch-size=15 --seed=3 --disable-training-logs --memory-size=1015 --lr=0.0018103176507973232 --logdir=logs/ppo-pdptw_all-15m-r1/pdptw-LR1_4_6 --communication=unix-socket -i=/tmp/pipes/unix-socket-1774326539300839,======,57576930.0,[(t:229.552-step:3472-v:16746.407)-(t:229.632-step:3473-v:16744.72)-(t:229.706-step:3474-v:16742.341)-(t:229.779-step:3475-v:16735.864)-(t:229.828-step:3476-v:16735.421)-(t:372.028-step:4580-v:16693.644)-(t:372.778-step:4581-v:16693.01)-(t:496.048-step:5346-v:15974.545)-(t:496.099-step:5347-v:15965.723)-(t:867.088-step:8178-v:15647.57)-(t:867.106-step:8179-v:15576.93)],431.952
ppo,examples/pdptw/pdptw_400/LR1_4_7.txt,r1,900,3,ppo --device=auto-gpu --c1-start=0.34 --c1-end=0.06 --c1-n-secs=196 --c2-start=0.39 --c2-end=0.2 --c2-n-secs=431 --n-epochs=65 --lr-critic=7.315462310749335E-4 --clipping=11.799185331865313 --batch-size=15 --seed=3 --disable-training-logs --memory-size=1015 --lr=0.0018103176507973232 --logdir=logs/ppo-pdptw_all-15m-r1/pdptw-LR1_4_7 --communication=unix-socket -i=/tmp/pipes/unix-socket-1774357136936021,======,55079189.0,[(t:327.863-step:4199-v:17301.764)-(t:327.895-step:4200-v:17296.428)-(t:328.024-step:4201-v:17296.364)-(t:338.798-step:4276-v:16263.609)-(t:735.984-step:7683-v:16124.31)-(t:736.116-step:7684-v:16094.714)-(t:736.177-step:7685-v:16079.189)],594.155
ppo,examples/pdptw/pdptw_400/LR1_4_8.txt,r1,900,3,ppo --device=auto-gpu --c1-start=0.34 --c1-end=0.06 --c1-n-secs=196 --c2-start=0.39 --c2-end=0.2 --c2-n-secs=431 --n-epochs=65 --lr-critic=7.315462310749335E-4 --clipping=11.799185331865313 --batch-size=15 --seed=3 --disable-training-logs --memory-size=1015 --lr=0.0018103176507973232 --logdir=logs/ppo-pdptw_all-15m-r1/pdptw-LR1_4_8 --communication=unix-socket -i=/tmp/pipes/unix-socket-1774385852334060,======,46041113.0,[(t:286.253-step:3916-v:16517.971)-(t:286.280-step:3917-v:16505.241)-(t:303.759-step:4036-v:15041.113)],649.083
ppo,examples/pdptw/pdptw_400/LR1_4_9.txt,r1,900,3,ppo --device=auto-gpu --c1-start=0.34 --c1-end=0.06 --c1-n-secs=196 --c2-start=0.39 --c2-end=0.2 --c2-n-secs=431 --n-epochs=65 --lr-critic=7.315462310749335E-4 --clipping=11.799185331865313 --batch-size=15 --seed=3 --disable-training-logs --memory-size=1015 --lr=0.0018103176507973232 --logdir=logs/ppo-pdptw_all-15m-r1/pdptw-LR1_4_9 --communication=unix-socket -i=/tmp/pipes/unix-socket-1774397325877845,======,55646654.0,[(t:225.752-step:3920-v:15992.739)-(t:225.829-step:3921-v:15956.666)-(t:235.928-step:3991-v:15648.38)-(t:236.111-step:3992-v:15646.654)],475.259
ppo,examples/pdptw/pdptw_400/LR1_4_10.txt,r1,900,3,ppo --device=auto-gpu --c1-start=0.34 --c1-end=0.06 --c1-n-secs=196 --c2-start=0.39 --c2-end=0.2 --c2-n-secs=431 --n-epochs=65 --lr-critic=7.315462310749335E-4 --clipping=11.799185331865313 --batch-size=15 --seed=3 --disable-training-logs --memory-size=1015 --lr=0.0018103176507973232 --logdir=logs/ppo-pdptw_all-15m-r1/pdptw-LR1_4_10 --communication=unix-socket -i=/tmp/pipes/unix-socket-1774400623378895,======,49241431.0,[(t:271.703-step:3824-v:16120.788)-(t:271.733-step:3825-v:16094.675)-(t:271.763-step:3826-v:16042.166)-(t:288.815-step:3986-v:15750.325)-(t:730.703-step:7397-v:15248.679)-(t:730.743-step:7398-v:15241.431)],570.408
ppo,examples/pdptw/pdptw_400/LR2_4_6.txt,r1,900,3,ppo --device=auto-gpu --c1-start=0.34 --c1-end=0.06 --c1-n-secs=196 --c2-start=0.39 --c2-end=0.2 --c2-n-secs=431 --n-epochs=65 --lr-critic=7.315462310749335E-4 --clipping=11.799185331865313 --batch-size=15 --seed=3 --disable-training-logs --memory-size=1015 --lr=0.0018103176507973232 --logdir=logs/ppo-pdptw_all-15m-r1/pdptw-LR2_4_6 --communication=unix-socket -i=/tmp/pipes/unix-socket-1774511104431116,======,34912285.0,[(t:215.498-step:3741-v:20043.219)-(t:353.615-step:4792-v:18983.677)-(t:356.423-step:4793-v:18978.146)-(t:356.438-step:4794-v:18971.38)-(t:356.469-step:4795-v:18912.964)-(t:356.485-step:4796-v:18912.285)],579.872
ppo,examples/pdptw/pdptw_400/LR2_4_7.txt,r1,900,3,ppo --device=auto-gpu --c1-start=0.34 --c1-end=0.06 --c1-n-secs=196 --c2-start=0.39 --c2-end=0.2 --c2-n-secs=431 --n-epochs=65 --lr-critic=7.315462310749335E-4 --clipping=11.799185331865313 --batch-size=15 --seed=3 --disable-training-logs --memory-size=1015 --lr=0.0018103176507973232 --logdir=logs/ppo-pdptw_all-15m-r1/pdptw-LR2_4_7 --communication=unix-socket -i=/tmp/pipes/unix-socket-1774536489359728,======,34019617.0,[(t:490.163-step:6076-v:20679.33)-(t:490.182-step:6077-v:20675.407)-(t:490.197-step:6078-v:20657.107)-(t:490.257-step:6079-v:20652.526)-(t:490.270-step:6080-v:20650.118)-(t:490.291-step:6081-v:20636.753)-(t:490.338-step:6082-v:20634.459)-(t:490.363-step:6083-v:20626.271)-(t:490.395-step:6084-v:20612.869)],741.076
ppo,examples/pdptw/pdptw_400/LR2_4_8.txt,r1,900,3,ppo --device=auto-gpu --c1-start=0.34 --c1-end=0.06 --c1-n-secs=196 --c2-start=0.39 --c2-end=0.2 --c2-n-secs=431 --n-epochs=65 --lr-critic=7.315462310749335E-4 --clipping=11.799185331865313 --batch-size=15 --seed=3 --disable-training-logs --memory-size=1015 --lr=0.0018103176507973232 --logdir=logs/ppo-pdptw_all-15m-r1/pdptw-LR2_4_8 --communication=unix-socket -i=/tmp/pipes/unix-socket-1774718119682572,======,31277572.0,[(t:257.964-step:4692-v:21565.158)-(t:471.300-step:7134-v:20083.128)-(t:471.331-step:7135-v:20069.945)-(t:471.343-step:7136-v:20057.282)-(t:471.356-step:7137-v:20051.661)-(t:645.812-step:8621-v:18277.572)],729.021
ppo,examples/pdptw/pdptw_400/LR2_4_9.txt,r1,900,3,ppo --device=auto-gpu --c1-start=0.34 --c1-end=0.06 --c1-n-secs=196 --c2-start=0.39 --c2-end=0.2 --c2-n-secs=431 --n-epochs=65 --lr-critic=7.315462310749335E-4 --clipping=11.799185331865313 --batch-size=15 --seed=3 --disable-training-logs --memory-size=1015 --lr=0.0018103176507973232 --logdir=logs/ppo-pdptw_all-15m-r1/pdptw-LR2_4_9 --communication=unix-socket -i=/tmp/pipes/unix-socket-1775238282892606,======,35881183.0,[(t:290.863-step:3695-v:19881.183)],657.154
ppo,examples/pdptw/pdptw_400/LR2_4_10.txt,r1,900,3,ppo --device=auto-gpu --c1-start=0.34 --c1-end=0.06 --c1-n-secs=196 --c2-start=0.39 --c2-end=0.2 --c2-n-secs=431 --n-epochs=65 --lr-critic=7.315462310749335E-4 --clipping=11.799185331865313 --batch-size=15 --seed=3 --disable-training-logs --memory-size=1015 --lr=0.0018103176507973232 --logdir=logs/ppo-pdptw_all-15m-r1/pdptw-LR2_4_10 --communication=unix-socket -i=/tmp/pipes/unix-socket-1775267685200031,======,31657583.0,[(t:143.949-step:2919-v:22672.099)-(t:175.302-step:3325-v:21821.248)-(t:175.325-step:3326-v:21779.434)-(t:175.337-step:3327-v:21775.339)-(t:175.355-step:3328-v:21722.65)-(t:175.366-step:3329-v:21704.518)-(t:175.438-step:3330-v:21703.29)-(t:236.587-step:3942-v:21176.583)-(t:485.848-step:6394-v:21090.717)-(t:485.862-step:6395-v:21078.71)-(t:834.947-step:9161-v:18657.629)-(t:835.069-step:9162-v:18657.583)],626.327
ppo,examples/pdptw/pdptw_400/LRC2_4_8.txt,r1,900,3,ppo --device=auto-gpu --c1-start=0.34 --c1-end=0.06 --c1-n-secs=196 --c2-start=0.39 --c2-end=0.2 --c2-n-secs=431 --n-epochs=65 --lr-critic=7.315462310749335E-4 --clipping=11.799185331865313 --batch-size=15 --seed=3 --disable-training-logs --memory-size=1015 --lr=0.0018103176507973232 --logdir=logs/ppo-pdptw_all-15m-r1/pdptw-LRC2_4_8 --communication=unix-socket -i=/tmp/pipes/unix-socket-1776178155878659,======,256012602502.0,[],900.0
ppo,examples/pdptw/pdptw_400/LRC1_4_6.txt,r1,900,3,ppo --device=auto-gpu --c1-start=0.34 --c1-end=0.06 --c1-n-secs=196 --c2-start=0.39 --c2-end=0.2 --c2-n-secs=431 --n-epochs=65 --lr-critic=7.315462310749335E-4 --clipping=11.799185331865313 --batch-size=15 --seed=3 --disable-training-logs --memory-size=1015 --lr=0.0018103176507973232 --logdir=logs/ppo-pdptw_all-15m-r1/pdptw-LRC1_4_6 --communication=unix-socket -i=/tmp/pipes/unix-socket-1775295501955820,======,60120618.0,[(t:118.597-step:2210-v:14840.783)-(t:118.626-step:2211-v:14838.103)-(t:144.811-step:2404-v:14818.223)-(t:149.054-step:2455-v:14680.304)-(t:210.842-step:3081-v:14659.973)-(t:224.159-step:3198-v:14465.052)-(t:224.193-step:3199-v:14462.592)-(t:224.236-step:3200-v:14459.324)-(t:557.816-step:6497-v:13752.911)-(t:820.334-step:9294-v:13140.007)-(t:820.417-step:9295-v:13122.616)-(t:820.938-step:9296-v:13120.618)],434.897
ppo,examples/pdptw/pdptw_400/LRC1_4_7.txt,r1,900,3,ppo --device=auto-gpu --c1-start=0.34 --c1-end=0.06 --c1-n-secs=196 --c2-start=0.39 --c2-end=0.2 --c2-n-secs=431 --n-epochs=65 --lr-critic=7.315462310749335E-4 --clipping=11.799185331865313 --batch-size=15 --seed=3 --disable-training-logs --memory-size=1015 --lr=0.0018103176507973232 --logdir=logs/ppo-pdptw_all-15m-r1/pdptw-LRC1_4_7 --communication=unix-socket -i=/tmp/pipes/unix-socket-1775306871682717,======,58235856.0,[(t:179.268-step:3299-v:15150.941)-(t:179.348-step:3300-v:15115.283)-(t:179.413-step:3301-v:15101.424)-(t:184.083-step:3354-v:14804.672)-(t:184.812-step:3355-v:14799.779)-(t:190.186-step:3422-v:14689.323)-(t:191.369-step:3423-v:14687.815)-(t:198.879-step:3469-v:14655.75)-(t:198.936-step:3470-v:14654.178)-(t:220.876-step:3732-v:14405.041)-(t:221.763-step:3733-v:14403.941)-(t:221.797-step:3734-v:14402.438)-(t:228.195-step:3800-v:13950.325)-(t:228.240-step:3801-v:13925.235)-(t:228.288-step:3802-v:13920.911)-(t:474.632-step:6399-v:13731.062)-(t:489.887-step:6560-v:13236.399)-(t:489.988-step:6561-v:13235.856)],472.941
ppo,examples/pdptw/pdptw_400/LRC1_4_8.txt,r1,900,3,ppo --device=auto-gpu --c1-start=0.34 --c1-end=0.06 --c1-n-secs=196 --c2-start=0.39 --c2-end=0.2 --c2-n-secs=431 --n-epochs=65 --lr-critic=7.315462310749335E-4 --clipping=11.799185331865313 --batch-size=15 --seed=3 --disable-training-logs --memory-size=1015 --lr=0.0018103176507973232 --logdir=logs/ppo-pdptw_all-15m-r1/pdptw-LRC1_4_8 --communication=unix-socket -i=/tmp/pipes/unix-socket-1775310280403663,======,52232179.0,[(t:250.094-step:4456-v:13860.167)-(t:260.829-step:4534-v:13308.671)-(t:260.926-step:4535-v:13299.073)-(t:260.956-step:4536-v:13245.466)-(t:261.510-step:4537-v:13241.299)-(t:261.530-step:4538-v:13240.705)-(t:261.564-step:4539-v:13229.971)-(t:261.583-step:4540-v:13223.976)-(t:274.542-step:4689-v:12961.913)-(t:274.556-step:4690-v:12950.976)-(t:274.613-step:4691-v:12926.863)-(t:348.475-step:5405-v:12245.501)-(t:348.524-step:5406-v:12242.256)-(t:348.587-step:5407-v:12232.179)],482.726
ppo,examples/pdptw/pdptw_400/LRC1_4_9.txt,r1,900,3,ppo --device=auto-gpu --c1-start=0.34 --c1-end=0.06 --c1-n-secs=196 --c2-start=0.39 --c2-end=0.2 --c2-n-secs=431 --n-epochs=65 --lr-critic=7.315462310749335E-4 --clipping=11.799185331865313 --batch-size=15 --seed=3 --disable-training-logs --memory-size=1015 --lr=0.0018103176507973232 --logdir=logs/ppo-pdptw_all-15m-r1/pdptw-LRC1_4_9 --communication=unix-socket -i=/tmp/pipes/unix-socket-1775420389189168,======,57360456.0,[(t:132.109-step:2385-v:15885.68)-(t:132.134-step:2386-v:15881.866)-(t:151.232-step:2573-v:15147.847)-(t:151.774-step:2574-v:15145.229)-(t:334.512-step:4682-v:14697.843)-(t:348.993-step:4816-v:14529.128)-(t:453.547-step:5865-v:14415.257)-(t:453.641-step:5866-v:14401.295)-(t:453.699-step:5867-v:14383.652)-(t:453.763-step:5868-v:14379.815)-(t:453.784-step:5869-v:14365.694)-(t:680.034-step:8290-v:14325.105)-(t:680.048-step:8291-v:14323.725)-(t:780.164-step:9497-v:13900.859)-(t:780.286-step:9498-v:13885.09)-(t:780.300-step:9499-v:13884.483)-(t:799.435-step:9755-v:13827.919)-(t:799.566-step:9756-v:13820.821)-(t:799.673-step:9757-v:13798.585)-(t:799.710-step:9758-v:13785.8)-(t:833.875-step:10111-v:13672.541)-(t:833.895-step:10112-v:13670.121)-(t:844.447-step:10218-v:13579.446)-(t:844.474-step:10219-v:13578.976)-(t:856.672-step:10397-v:13384.088)-(t:858.910-step:10398-v:13366.283)-(t:859.830-step:10399-v:13360.456)],475.409
ppo,examples/pdptw/pdptw_400/LRC1_4_10.txt,r1,900,3,ppo --device=auto-gpu --c1-start=0.34 --c1-end=0.06 --c1-n-secs=196 --c2-start=0.39 --c2-end=0.2 --c2-n-secs=431 --n-epochs=65 --lr-critic=7.315462310749335E-4 --clipping=11.799185331865313 --batch-size=15 --seed=3 --disable-training-logs --memory-size=1015 --lr=0.0018103176507973232 --logdir=logs/ppo-pdptw_all-15m-r1/pdptw-LRC1_4_10 --communication=unix-socket -i=/tmp/pipes/unix-socket-1775446206259272,======,51928819.0,[(t:202.000-step:3529-v:14758.071)-(t:202.026-step:3530-v:14753.072)-(t:210.131-step:3603-v:14304.366)-(t:210.145-step:3604-v:14304.314)-(t:211.085-step:3605-v:14276.08)-(t:228.352-step:3764-v:13838.58)-(t:455.085-step:5968-v:12961.533)-(t:456.177-step:5969-v:12928.819)],528.246
ppo,examples/pdptw/pdptw_400/LRC2_4_6.txt,r1,900,3,ppo --device=auto-gpu --c1-start=0.34 --c1-end=0.06 --c1-n-secs=196 --c2-start=0.39 --c2-end=0.2 --c2-n-secs=431 --n-epochs=65 --lr-critic=7.315462310749335E-4 --clipping=11.799185331865313 --batch-size=15 --seed=3 --disable-training-logs --memory-size=1015 --lr=0.0018103176507973232 --logdir=logs/ppo-pdptw_all-15m-r1/pdptw-LRC2_4_6 --communication=unix-socket -i=/tmp/pipes/unix-socket-1775627688675370,======,35693523.0,[(t:257.109-step:4676-v:18785.382)-(t:325.835-step:5505-v:17555.028)-(t:325.868-step:5506-v:17491.192)-(t:379.087-step:6240-v:16922.042)-(t:380.399-step:6241-v:16915.867)-(t:380.458-step:6242-v:16913.581)-(t:407.064-step:6482-v:16693.769)-(t:408.277-step:6483-v:16693.523)],659.916
ppo,examples/pdptw/pdptw_400/LRC2_4_7.txt,r1,900,3,ppo --device=auto-gpu --c1-start=0.34 --c1-end=0.06 --c1-n-secs=196 --c2-start=0.39 --c2-end=0.2 --c2-n-secs=431 --n-epochs=65 --lr-critic=7.315462310749335E-4 --clipping=11.799185331865313 --batch-size=15 --seed=3 --disable-training-logs --memory-size=1015 --lr=0.0018103176507973232 --logdir=logs/ppo-pdptw_all-15m-r1/pdptw-LRC2_4_7 --communication=unix-socket -i=/tmp/pipes/unix-socket-1776148518707515,======,33854889.0,[(t:222.403-step:3627-v:19456.827)-(t:222.424-step:3628-v:19455.564)-(t:222.448-step:3629-v:19455.154)-(t:222.497-step:3630-v:19417.934)-(t:222.535-step:3631-v:19377.074)-(t:222.603-step:3632-v:19357.889)-(t:222.680-step:3633-v:19357.83)-(t:236.326-step:3788-v:19247.493)-(t:252.213-step:3932-v:18883.056)-(t:283.191-step:4045-v:18013.019)-(t:283.207-step:4046-v:18012.878)-(t:311.962-step:4342-v:16854.889)],650.383
ppo,examples/pdptw/pdptw_400/LRC2_4_9.txt,r1,900,3,ppo --device=auto-gpu --c1-start=0.34 --c1-end=0.06 --c1-n-secs=196 --c2-start=0.39 --c2-end=0.2 --c2-n-secs=431 --n-epochs=65 --lr-critic=7.315462310749335E-4 --clipping=11.799185331865313 --batch-size=15 --seed=3 --disable-training-logs --memory-size=1015 --lr=0.0018103176507973232 --logdir=logs/ppo-pdptw_all-15m-r1/pdptw-LRC2_4_9 --communication=unix-socket -i=/tmp/pipes/unix-socket-1776204377023279,======,34714531.0,[(t:341.147-step:4951-v:22404.478)-(t:422.493-step:5556-v:22060.677)-(t:446.547-step:5737-v:19940.978)-(t:471.561-step:6042-v:17777.81)-(t:471.578-step:6043-v:17762.572)-(t:471.663-step:6044-v:17714.531)],710.801
ppo,examples/pdptw/pdptw_400/LRC2_4_10.txt,r1,900,3,ppo --device=auto-gpu --c1-start=0.34 --c1-end=0.06 --c1-n-secs=196 --c2-start=0.39 --c2-end=0.2 --c2-n-secs=431 --n-epochs=65 --lr-critic=7.315462310749335E-4 --clipping=11.799185331865313 --batch-size=15 --seed=3 --disable-training-logs --memory-size=1015 --lr=0.0018103176507973232 --logdir=logs/ppo-pdptw_all-15m-r1/pdptw-LRC2_4_10 --communication=unix-socket -i=/tmp/pipes/unix-socket-1776205380897404,======,35282090.0,[(t:261.259-step:3004-v:20997.245)-(t:261.287-step:3005-v:20977.685)-(t:619.817-step:6335-v:20873.57)-(t:619.851-step:6336-v:20870.955)-(t:861.093-step:8244-v:20503.834)-(t:861.110-step:8245-v:20503.633)-(t:895.294-step:8391-v:20312.899)-(t:897.418-step:8392-v:20311.708)-(t:897.491-step:8393-v:20291.089)-(t:897.615-step:8394-v:20282.09)],735.147
ppo,examples/pdptw/pdptw_600/LC2_6_10.txt,r1,900,3,ppo --device=auto-gpu --c1-start=0.34 --c1-end=0.06 --c1-n-secs=196 --c2-start=0.39 --c2-end=0.2 --c2-n-secs=431 --n-epochs=65 --lr-critic=7.315462310749335E-4 --clipping=11.799185331865313 --batch-size=15 --seed=3 --disable-training-logs --memory-size=1015 --lr=0.0018103176507973232 --logdir=logs/ppo-pdptw_all-15m-r1/pdptw-LC2_6_10 --communication=unix-socket -i=/tmp/pipes/unix-socket-1776377735899140,======,68704591.0,[(t:463.639-step:4689-v:41482.832)-(t:685.987-step:5863-v:37710.587)-(t:686.008-step:5864-v:37710.568)-(t:686.060-step:5865-v:37704.591)],812.301
ppo,examples/pdptw/pdptw_600/LR2_6_6.txt,r1,900,3,ppo --device=auto-gpu --c1-start=0.34 --c1-end=0.06 --c1-n-secs=196 --c2-start=0.39 --c2-end=0.2 --c2-n-secs=431 --n-epochs=65 --lr-critic=7.315462310749335E-4 --clipping=11.799185331865313 --batch-size=15 --seed=3 --disable-training-logs --memory-size=1015 --lr=0.0018103176507973232 --logdir=logs/ppo-pdptw_all-15m-r1/pdptw-LR2_6_6 --communication=unix-socket -i=/tmp/pipes/unix-socket-1776781545326844,======,72691967.0,[(t:851.926-step:4957-v:50863.246)-(t:851.953-step:4958-v:50844.038)-(t:861.341-step:4959-v:50811.102)-(t:861.359-step:4960-v:50798.18)-(t:861.405-step:4961-v:50733.707)-(t:861.453-step:4962-v:50714.008)-(t:861.593-step:4963-v:50691.967)],881.898
ppo,examples/pdptw/pdptw_600/LR2_6_7.txt,r1,900,3,ppo --device=auto-gpu --c1-start=0.34 --c1-end=0.06 --c1-n-secs=196 --c2-start=0.39 --c2-end=0.2 --c2-n-secs=431 --n-epochs=65 --lr-critic=7.315462310749335E-4 --clipping=11.799185331865313 --batch-size=15 --seed=3 --disable-training-logs --memory-size=1015 --lr=0.0018103176507973232 --logdir=logs/ppo-pdptw_all-15m-r1/pdptw-LR2_6_7 --communication=unix-socket -i=/tmp/pipes/unix-socket-1776995640494147,======,60913715.0,[(t:797.071-step:5714-v:40953.032)-(t:797.296-step:5715-v:40920.286)-(t:797.361-step:5716-v:40913.715)],863.156
ppo,examples/pdptw/pdptw_600/LR2_6_8.txt,r1,900,3,ppo --device=auto-gpu --c1-start=0.34 --c1-end=0.06 --c1-n-secs=196 --c2-start=0.39 --c2-end=0.2 --c2-n-secs=431 --n-epochs=65 --lr-critic=7.315462310749335E-4 --clipping=11.799185331865313 --batch-size=15 --seed=3 --disable-training-logs --memory-size=1015 --lr=0.0018103176507973232 --logdir=logs/ppo-pdptw_all-15m-r1/pdptw-LR2_6_8 --communication=unix-socket -i=/tmp/pipes/unix-socket-1777058732502111,======,61316348.0,[(t:737.533-step:4803-v:45320.093)-(t:737.560-step:4804-v:45319.859)-(t:737.600-step:4805-v:45316.348)],855.752
ppo,examples/pdptw/pdptw_600/LR2_6_9.txt,r1,900,3,ppo --device=auto-gpu --c1-start=0.34 --c1-end=0.06 --c1-n-secs=196 --c2-start=0.39 --c2-end=0.2 --c2-n-secs=431 --n-epochs=65 --lr-critic=7.315462310749335E-4 --clipping=11.799185331865313 --batch-size=15 --seed=3 --disable-training-logs --memory-size=1015 --lr=0.0018103176507973232 --logdir=logs/ppo-pdptw_all-15m-r1/pdptw-LR2_6_9 --communication=unix-socket -i=/tmp/pipes/unix-socket-1777084388303596,======,69158984.0,[(t:830.723-step:4985-v:44294.424)-(t:830.757-step:4986-v:44254.614)-(t:830.788-step:4987-v:44223.596)-(t:830.813-step:4988-v:44219.913)-(t:830.909-step:4989-v:44208.276)-(t:833.432-step:4990-v:44158.984)],871.356
ppo,examples/pdptw/pdptw_600/LR2_6_10.txt,r1,900,3,ppo --device=auto-gpu --c1-start=0.34 --c1-end=0.06 --c1-n-secs=196 --c2-start=0.39 --c2-end=0.2 --c2-n-secs=431 --n-epochs=65 --lr-critic=7.315462310749335E-4 --clipping=11.799185331865313 --batch-size=15 --seed=3 --disable-training-logs --memory-size=1015 --lr=0.0018103176507973232 --logdir=logs/ppo-pdptw_all-15m-r1/pdptw-LR2_6_10 --communication=unix-socket -i=/tmp/pipes/unix-socket-1777115374963163,======,73781313.0,[(t:722.378-step:4941-v:52781.313)],844.841
ppo,examples/pdptw/pdptw_600/LRC2_6_6.txt,r1,900,3,ppo --device=auto-gpu --c1-start=0.34 --c1-end=0.06 --c1-n-secs=196 --c2-start=0.39 --c2-end=0.2 --c2-n-secs=431 --n-epochs=65 --lr-critic=7.315462310749335E-4 --clipping=11.799185331865313 --batch-size=15 --seed=3 --disable-training-logs --memory-size=1015 --lr=0.0018103176507973232 --logdir=logs/ppo-pdptw_all-15m-r1/pdptw-LRC2_6_6 --communication=unix-socket -i=/tmp/pipes/unix-socket-1777208796496027,======,67771974.0,[(t:377.037-step:2982-v:39775.428)-(t:377.071-step:2983-v:39771.974)],703.263
ppo,examples/pdptw/pdptw_600/LRC2_6_7.txt,r1,900,3,ppo --device=auto-gpu --c1-start=0.34 --c1-end=0.06 --c1-n-secs=196 --c2-start=0.39 --c2-end=0.2 --c2-n-secs=431 --n-epochs=65 --lr-critic=7.315462310749335E-4 --clipping=11.799185331865313 --batch-size=15 --seed=3 --disable-training-logs --memory-size=1015 --lr=0.0018103176507973232 --logdir=logs/ppo-pdptw_all-15m-r1/pdptw-LRC2_6_7 --communication=unix-socket -i=/tmp/pipes/unix-socket-1777248092977722,======,6070219730.0,[],900.0
ppo,examples/pdptw/pdptw_600/LRC2_6_8.txt,r1,900,3,ppo --device=auto-gpu --c1-start=0.34 --c1-end=0.06 --c1-n-secs=196 --c2-start=0.39 --c2-end=0.2 --c2-n-secs=431 --n-epochs=65 --lr-critic=7.315462310749335E-4 --clipping=11.799185331865313 --batch-size=15 --seed=3 --disable-training-logs --memory-size=1015 --lr=0.0018103176507973232 --logdir=logs/ppo-pdptw_all-15m-r1/pdptw-LRC2_6_8 --communication=unix-socket -i=/tmp/pipes/unix-socket-1777287345586569,======,63923665.0,[(t:718.559-step:4847-v:42748.055)-(t:788.489-step:5063-v:39983.436)-(t:788.538-step:5064-v:39923.665)],841.628
ppo,examples/pdptw/pdptw_100/lc206.txt,r1,900,4,ppo --device=auto-gpu --c1-start=0.34 --c1-end=0.06 --c1-n-secs=196 --c2-start=0.39 --c2-end=0.2 --c2-n-secs=431 --n-epochs=65 --lr-critic=7.315462310749335E-4 --clipping=11.799185331865313 --batch-size=15 --seed=4 --disable-training-logs --memory-size=1015 --lr=0.0018103176507973232 --logdir=logs/ppo-pdptw_all-15m-r1/pdptw-lc206 --communication=unix-socket -i=/tmp/pipes/unix-socket-1778197117539758,======,64003738668.0,[],900.0
ppo,examples/pdptw/pdptw_600/LRC2_6_9.txt,r1,900,3,ppo --device=auto-gpu --c1-start=0.34 --c1-end=0.06 --c1-n-secs=196 --c2-start=0.39 --c2-end=0.2 --c2-n-secs=431 --n-epochs=65 --lr-critic=7.315462310749335E-4 --clipping=11.799185331865313 --batch-size=15 --seed=3 --disable-training-logs --memory-size=1015 --lr=0.0018103176507973232 --logdir=logs/ppo-pdptw_all-15m-r1/pdptw-LRC2_6_9 --communication=unix-socket -i=/tmp/pipes/unix-socket-1777691153544117,======,2065636036.0,[],900.0
ppo,examples/pdptw/pdptw_600/LRC2_6_10.txt,r1,900,3,ppo --device=auto-gpu --c1-start=0.34 --c1-end=0.06 --c1-n-secs=196 --c2-start=0.39 --c2-end=0.2 --c2-n-secs=431 --n-epochs=65 --lr-critic=7.315462310749335E-4 --clipping=11.799185331865313 --batch-size=15 --seed=3 --disable-training-logs --memory-size=1015 --lr=0.0018103176507973232 --logdir=logs/ppo-pdptw_all-15m-r1/pdptw-LRC2_6_10 --communication=unix-socket -i=/tmp/pipes/unix-socket-1777905515700837,======,64612533.0,[(t:392.874-step:3451-v:41789.633)-(t:392.902-step:3452-v:41612.533)],740.907
ppo,examples/pdptw/pdptw_100/lc106.txt,r1,900,4,ppo --device=auto-gpu --c1-start=0.34 --c1-end=0.06 --c1-n-secs=196 --c2-start=0.39 --c2-end=0.2 --c2-n-secs=431 --n-epochs=65 --lr-critic=7.315462310749335E-4 --clipping=11.799185331865313 --batch-size=15 --seed=4 --disable-training-logs --memory-size=1015 --lr=0.0018103176507973232 --logdir=logs/ppo-pdptw_all-15m-r1/pdptw-lc106 --communication=unix-socket -i=/tmp/pipes/unix-socket-1777971129589238,======,10828960.0,[(t:5.883-step:174-v:1515.942)-(t:23.525-step:683-v:1495.585)-(t:23.550-step:684-v:1493.103)-(t:23.624-step:685-v:1493.049)-(t:29.206-step:806-v:1483.333)-(t:29.246-step:807-v:1482.017)-(t:30.397-step:836-v:1435.413)-(t:30.437-step:837-v:1347.333)-(t:30.480-step:838-v:1330.402)-(t:30.523-step:839-v:1324.112)-(t:30.539-step:840-v:1315.913)-(t:31.947-step:888-v:1253.085)-(t:32.463-step:901-v:936.63)-(t:32.479-step:902-v:932.955)-(t:32.490-step:903-v:930.881)-(t:32.508-step:904-v:924.109)-(t:32.527-step:905-v:919.678)-(t:32.586-step:906-v:911.351)-(t:32.815-step:907-v:910.141)-(t:119.952-step:3250-v:906.055)-(t:119.989-step:3251-v:905.28)-(t:120.061-step:3252-v:901.088)-(t:120.788-step:3264-v:856.277)-(t:120.815-step:3265-v:843.052)-(t:137.568-step:3733-v:838.497)-(t:137.645-step:3734-v:838.367)-(t:137.697-step:3735-v:835.569)-(t:610.187-step:16865-v:834.815)-(t:648.106-step:17861-v:830.001)-(t:648.179-step:17862-v:828.96)],29.861
ppo,examples/pdptw/pdptw_100/lc107.txt,r1,900,4,ppo --device=auto-gpu --c1-start=0.34 --c1-end=0.06 --c1-n-secs=196 --c2-start=0.39 --c2-end=0.2 --c2-n-secs=431 --n-epochs=65 --lr-critic=7.315462310749335E-4 --clipping=11.799185331865313 --batch-size=15 --seed=4 --disable-training-logs --memory-size=1015 --lr=0.0018103176507973232 --logdir=logs/ppo-pdptw_all-15m-r1/pdptw-lc107 --communication=unix-socket -i=/tmp/pipes/unix-socket-1777996919722020,======,10828960.0,[(t:5.534-step:158-v:1964.679)-(t:5.588-step:159-v:1963.951)-(t:5.637-step:160-v:1960.479)-(t:5.681-step:161-v:1951.449)-(t:6.679-step:187-v:1930.355)-(t:6.699-step:188-v:1924.5)-(t:7.449-step:197-v:1826.306)-(t:9.051-step:224-v:1785.756)-(t:14.818-step:379-v:1601.383)-(t:14.939-step:380-v:1592.395)-(t:24.215-step:631-v:1321.758)-(t:98.719-step:2660-v:828.96)],42.9
ppo,examples/pdptw/pdptw_100/lc108.txt,r1,900,4,ppo --device=auto-gpu --c1-start=0.34 --c1-end=0.06 --c1-n-secs=196 --c2-start=0.39 --c2-end=0.2 --c2-n-secs=431 --n-epochs=65 --lr-critic=7.315462310749335E-4 --clipping=11.799185331865313 --batch-size=15 --seed=4 --disable-training-logs --memory-size=1015 --lr=0.0018103176507973232 --logdir=logs/ppo-pdptw_all-15m-r1/pdptw-lc108 --communication=unix-socket -i=/tmp/pipes/unix-socket-1778026706506963,======,10828960.0,[(t:4.604-step:141-v:2343.284)-(t:4.634-step:142-v:2340.854)-(t:6.521-step:215-v:2321.715)-(t:7.233-step:229-v:2185.291)-(t:8.286-step:267-v:1981.669)-(t:8.317-step:268-v:1981.233)-(t:9.618-step:304-v:1906.637)-(t:9.733-step:305-v:1899.609)-(t:12.087-step:366-v:1856.61)-(t:12.165-step:367-v:1829.688)-(t:33.296-step:939-v:1659.607)-(t:33.536-step:954-v:1466.622)-(t:33.555-step:955-v:1464.288)-(t:33.573-step:956-v:1462.843)-(t:33.584-step:957-v:1460.457)-(t:33.603-step:958-v:1450.208)-(t:44.284-step:1283-v:1285.424)-(t:44.303-step:1284-v:1275.175)-(t:44.349-step:1285-v:1274.62)-(t:44.405-step:1286-v:1187.298)-(t:44.429-step:1287-v:1182.867)-(t:44.523-step:1288-v:1167.551)-(t:44.545-step:1289-v:1167.082)-(t:44.615-step:1290-v:1151.628)-(t:46.541-step:1353-v:1103.334)-(t:46.586-step:1354-v:1074.597)-(t:46.613-step:1355-v:1050.333)-(t:46.657-step:1356-v:1049.967)-(t:47.091-step:1372-v:1020.088)-(t:47.111-step:1373-v:1018.52)-(t:47.168-step:1374-v:1016.351)-(t:47.194-step:1375-v:1005.318)-(t:47.221-step:1376-v:1003.66)-(t:203.697-step:5876-v:978.644)-(t:203.733-step:5877-v:974.813)-(t:234.138-step:6776-v:947.435)-(t:234.197-step:6777-v:938.832)-(t:234.265-step:6778-v:929.607)-(t:234.312-step:6779-v:926.832)-(t:234.333-step:6780-v:926.229)-(t:234.376-step:6781-v:923.843)-(t:234.406-step:6782-v:919.843)-(t:234.451-step:6783-v:918.398)-(t:350.642-step:10357-v:874.25)-(t:350.661-step:10358-v:870.25)-(t:350.677-step:10359-v:839.323)-(t:350.710-step:10360-v:836.251)-(t:403.086-step:11942-v:835.484)-(t:403.110-step:11943-v:834.709)-(t:653.873-step:19679-v:828.96)],74.077
ppo,examples/pdptw/pdptw_100/lc109.txt,r1,900,4,ppo --device=auto-gpu --c1-start=0.34 --c1-end=0.06 --c1-n-secs=196 --c2-start=0.39 --c2-end=0.2 --c2-n-secs=431 --n-epochs=65 --lr-critic=7.315462310749335E-4 --clipping=11.799185331865313 --batch-size=15 --seed=4 --disable-training-logs --memory-size=1015 --lr=0.0018103176507973232 --logdir=logs/ppo-pdptw_all-15m-r1/pdptw-lc109 --communication=unix-socket -i=/tmp/pipes/unix-socket-1778121385796097,======,10828960.0,[(t:4.605-step:150-v:2095.136)-(t:4.714-step:151-v:2086.777)-(t:12.890-step:370-v:1856.335)-(t:39.441-step:1155-v:1597.53)-(t:39.463-step:1156-v:1596.395)-(t:39.477-step:1157-v:1567.857)-(t:39.500-step:1158-v:1567.743)-(t:90.340-step:2620-v:1558.493)-(t:90.358-step:2621-v:1548.244)-(t:99.504-step:2891-v:1300.98)-(t:99.590-step:2892-v:1299.38)-(t:99.623-step:2893-v:1297.439)-(t:103.455-step:3009-v:1095.56)-(t:103.479-step:3010-v:1093.437)-(t:166.169-step:4918-v:1080.724)-(t:669.117-step:21021-v:1067.779)-(t:817.232-step:26013-v:845.538)-(t:817.313-step:26014-v:838.185)-(t:817.403-step:26015-v:835.569)-(t:817.492-step:26016-v:830.354)-(t:820.319-step:26102-v:828.96)],109.839
ppo,examples/pdptw/pdptw_100/lc205.txt,r1,900,4,ppo --device=auto-gpu --c1-start=0.34 --c1-end=0.06 --c1-n-secs=196 --c2-start=0.39 --c2-end=0.2 --c2-n-secs=431 --n-epochs=65 --lr-critic=7.315462310749335E-4 --clipping=11.799185331865313 --batch-size=15 --seed=4 --disable-training-logs --memory-size=1015 --lr=0.0018103176507973232 --logdir=logs/ppo-pdptw_all-15m-r1/pdptw-lc205 --communication=unix-socket -i=/tmp/pipes/unix-socket-1778157417320623,======,4829903.0,[(t:6.057-step:243-v:1496.405)-(t:8.411-step:328-v:1482.619)-(t:26.396-step:1056-v:867.033)-(t:26.427-step:1057-v:865.945)-(t:26.455-step:1058-v:865.866)-(t:617.241-step:26117-v:838.996)-(t:617.289-step:26118-v:832.393)-(t:617.366-step:26119-v:829.903)],289.455
ppo,examples/pdptw/pdptw_100/lc207.txt,r1,900,4,ppo --device=auto-gpu --c1-start=0.34 --c1-end=0.06 --c1-n-secs=196 --c2-start=0.39 --c2-end=0.2 --c2-n-secs=431 --n-epochs=65 --lr-critic=7.315462310749335E-4 --clipping=11.799185331865313 --batch-size=15 --seed=4 --disable-training-logs --memory-size=1015 --lr=0.0018103176507973232 --logdir=logs/ppo-pdptw_all-15m-r1/pdptw-lc207 --communication=unix-socket -i=/tmp/pipes/unix-socket-1778206961563377,======,4700199.0,[(t:7.464-step:337-v:2296.303)-(t:8.819-step:405-v:2221.991)-(t:8.873-step:406-v:2221.079)-(t:9.347-step:417-v:2215.039)-(t:9.434-step:418-v:2199.077)-(t:9.467-step:419-v:2198.745)-(t:9.527-step:420-v:2179.849)-(t:9.966-step:447-v:2085.701)-(t:10.630-step:477-v:1963.488)-(t:10.640-step:478-v:1959.802)-(t:10.652-step:479-v:1945.744)-(t:11.723-step:511-v:1923.064)-(t:11.767-step:512-v:1921.458)-(t:11.781-step:513-v:1919.109)-(t:15.556-step:685-v:1768.605)-(t:15.574-step:686-v:1767.079)-(t:18.953-step:857-v:1397.299)-(t:503.218-step:21059-v:758.133)-(t:503.264-step:21060-v:756.161)-(t:503.328-step:21061-v:748.46)-(t:503.344-step:21062-v:744.46)-(t:504.412-step:21108-v:725.631)-(t:504.427-step:21109-v:719.046)-(t:504.486-step:21110-v:708.766)-(t:504.536-step:21111-v:700.199)],359.335
ppo,examples/pdptw/pdptw_100/lr206.txt,r1,900,4,ppo --device=auto-gpu --c1-start=0.34 --c1-end=0.06 --c1-n-secs=196 --c2-start=0.39 --c2-end=0.2 --c2-n-secs=431 --n-epochs=65 --lr-critic=7.315462310749335E-4 --clipping=11.799185331865313 --batch-size=15 --seed=4 --disable-training-logs --memory-size=1015 --lr=0.0018103176507973232 --logdir=logs/ppo-pdptw_all-15m-r1/pdptw-lr206 --communication=unix-socket -i=/tmp/pipes/unix-socket-1779115071169416,======,48004093990.0,[],900.0
ppo,examples/pdptw/pdptw_100/lc208.txt,r1,900,4,ppo --device=auto-gpu --c1-start=0.34 --c1-end=0.06 --c1-n-secs=196 --c2-start=0.39 --c2-end=0.2 --c2-n-secs=431 --n-epochs=65 --lr-critic=7.315462310749335E-4 --clipping=11.799185331865313 --batch-size=15 --seed=4 --disable-training-logs --memory-size=1015 --lr=0.0018103176507973232 --logdir=logs/ppo-pdptw_all-15m-r1/pdptw-lc208 --communication=unix-socket -i=/tmp/pipes/unix-socket-1778604571120111,======,4743981.0,[(t:8.323-step:331-v:2461.375)-(t:8.947-step:345-v:2396.757)-(t:9.120-step:346-v:2385.186)-(t:17.137-step:628-v:1899.961)-(t:17.154-step:629-v:1898.963)-(t:17.172-step:630-v:1895.42)-(t:71.138-step:2754-v:1503.082)-(t:129.992-step:5071-v:1467.934)-(t:130.031-step:5072-v:1466.126)-(t:130.097-step:5073-v:1459.945)-(t:130.128-step:5074-v:1456.509)-(t:130.158-step:5075-v:1449.511)-(t:130.221-step:5076-v:1417.44)-(t:228.526-step:8912-v:1226.42)-(t:228.591-step:8913-v:1225.758)-(t:228.613-step:8914-v:1225.035)-(t:228.677-step:8915-v:1222.32)-(t:228.773-step:8916-v:1166.575)-(t:228.901-step:8917-v:1164.403)-(t:639.294-step:26269-v:983.637)-(t:721.139-step:30078-v:828.417)-(t:721.238-step:30079-v:818.872)-(t:721.260-step:30080-v:765.401)-(t:721.284-step:30081-v:763.816)-(t:721.309-step:30082-v:748.207)-(t:721.390-step:30083-v:743.981)],419.223
ppo,examples/pdptw/pdptw_100/lr208.txt,r1,900,4,ppo --device=auto-gpu --c1-start=0.34 --c1-end=0.06 --c1-n-secs=196 --c2-start=0.39 --c2-end=0.2 --c2-n-secs=431 --n-epochs=65 --lr-critic=7.315462310749335E-4 --clipping=11.799185331865313 --batch-size=15 --seed=4 --disable-training-logs --memory-size=1015 --lr=0.0018103176507973232 --logdir=logs/ppo-pdptw_all-15m-r1/pdptw-lr208 --communication=unix-socket -i=/tmp/pipes/unix-socket-1779512911538289,======,66002682053.0,[],900.0
ppo,examples/pdptw/pdptw_100/lr209.txt,r1,900,4,ppo --device=auto-gpu --c1-start=0.34 --c1-end=0.06 --c1-n-secs=196 --c2-start=0.39 --c2-end=0.2 --c2-n-secs=431 --n-epochs=65 --lr-critic=7.315462310749335E-4 --clipping=11.799185331865313 --batch-size=15 --seed=4 --disable-training-logs --memory-size=1015 --lr=0.0018103176507973232 --logdir=logs/ppo-pdptw_all-15m-r1/pdptw-lr209 --communication=unix-socket -i=/tmp/pipes/unix-socket-1779522337073087,======,68003647010.0,[],900.0
ppo,examples/pdptw/pdptw_100/lr107.txt,r1,900,4,ppo --device=auto-gpu --c1-start=0.34 --c1-end=0.06 --c1-n-secs=196 --c2-start=0.39 --c2-end=0.2 --c2-n-secs=431 --n-epochs=65 --lr-critic=7.315462310749335E-4 --clipping=11.799185331865313 --batch-size=15 --seed=4 --disable-training-logs --memory-size=1015 --lr=0.0018103176507973232 --logdir=logs/ppo-pdptw_all-15m-r1/pdptw-lr107 --communication=unix-socket -i=/tmp/pipes/unix-socket-1778817230713419,======,13257403.0,[(t:5.465-step:178-v:1965.673)-(t:5.476-step:179-v:1964.665)-(t:6.785-step:207-v:1662.903)-(t:11.493-step:295-v:1661.206)-(t:11.515-step:296-v:1658.132)-(t:17.469-step:420-v:1644.745)-(t:17.489-step:421-v:1628.753)-(t:17.500-step:422-v:1625.037)-(t:17.533-step:423-v:1614.461)-(t:17.804-step:433-v:1602.185)-(t:17.928-step:434-v:1595.217)-(t:18.838-step:447-v:1569.971)-(t:75.495-step:1932-v:1424.176)-(t:75.513-step:1933-v:1423.199)-(t:75.541-step:1934-v:1414.104)-(t:75.580-step:1935-v:1340.027)-(t:75.675-step:1936-v:1300.018)-(t:75.743-step:1937-v:1298.515)-(t:75.773-step:1938-v:1296.551)-(t:75.877-step:1939-v:1290.655)-(t:75.901-step:1940-v:1290.425)-(t:81.791-step:2103-v:1280.512)-(t:210.564-step:5381-v:1263.165)-(t:210.636-step:5382-v:1257.403)],124.545
ppo,examples/pdptw/pdptw_100/lr108.txt,r1,900,4,ppo --device=auto-gpu --c1-start=0.34 --c1-end=0.06 --c1-n-secs=196 --c2-start=0.39 --c2-end=0.2 --c2-n-secs=431 --n-epochs=65 --lr-critic=7.315462310749335E-4 --clipping=11.799185331865313 --batch-size=15 --seed=4 --disable-training-logs --memory-size=1015 --lr=0.0018103176507973232 --logdir=logs/ppo-pdptw_all-15m-r1/pdptw-lr108 --communication=unix-socket -i=/tmp/pipes/unix-socket-1778880570847857,======,12140029.0,[(t:4.427-step:144-v:1884.242)-(t:4.447-step:145-v:1882.61)-(t:4.466-step:146-v:1880.943)-(t:4.613-step:154-v:1870.834)-(t:4.631-step:155-v:1864.733)-(t:4.642-step:156-v:1861.186)-(t:4.877-step:168-v:1802.725)-(t:4.903-step:169-v:1790.947)-(t:4.930-step:170-v:1783.038)-(t:4.952-step:171-v:1782.86)-(t:4.992-step:172-v:1782.518)-(t:7.577-step:216-v:1722.357)-(t:8.102-step:226-v:1721.901)-(t:8.120-step:227-v:1720.109)-(t:8.137-step:228-v:1719.879)-(t:8.156-step:229-v:1719.179)-(t:9.668-step:261-v:1690.761)-(t:9.747-step:262-v:1660.783)-(t:12.735-step:331-v:1646.061)-(t:12.770-step:332-v:1641.199)-(t:13.970-step:360-v:1571.855)-(t:38.126-step:914-v:1499.847)-(t:38.173-step:915-v:1458.611)-(t:38.264-step:916-v:1457.314)-(t:38.293-step:917-v:1455.75)-(t:38.343-step:918-v:1443.808)-(t:38.397-step:919-v:1442.504)-(t:38.453-step:920-v:1436.6)-(t:38.595-step:921-v:1424.724)-(t:38.649-step:922-v:1413.487)-(t:38.670-step:923-v:1412.322)-(t:38.696-step:924-v:1412.224)-(t:38.728-step:925-v:1411.286)-(t:39.294-step:945-v:1303.927)-(t:39.354-step:946-v:1302.762)-(t:39.442-step:947-v:1295.723)-(t:39.499-step:948-v:1285.472)-(t:39.518-step:949-v:1285.109)-(t:39.542-step:950-v:1282.638)-(t:53.672-step:1333-v:1257.175)-(t:53.724-step:1334-v:1246.331)-(t:53.810-step:1335-v:1229.461)-(t:53.823-step:1336-v:1221.184)-(t:57.568-step:1455-v:1214.24)-(t:57.581-step:1456-v:1208.228)-(t:58.172-step:1472-v:1203.452)-(t:58.193-step:1473-v:1195.643)-(t:58.206-step:1474-v:1194.767)-(t:58.224-step:1475-v:1183.853)-(t:58.488-step:1476-v:1182.04)-(t:58.501-step:1477-v:1170.7)-(t:59.105-step:1493-v:1159.46)-(t:59.136-step:1494-v:1157.549)-(t:619.481-step:17494-v:1149.752)-(t:752.154-step:21580-v:1148.599)-(t:752.230-step:21581-v:1147.786)-(t:752.270-step:21582-v:1142.443)-(t:752.289-step:21583-v:1141.63)-(t:752.311-step:21584-v:1140.029)],157.162
ppo,examples/pdptw/pdptw_100/lr109.txt,r1,900,4,ppo --device=auto-gpu --c1-start=0.34 --c1-end=0.06 --c1-n-secs=196 --c2-start=0.39 --c2-end=0.2 --c2-n-secs=431 --n-epochs=65 --lr-critic=7.315462310749335E-4 --clipping=11.799185331865313 --batch-size=15 --seed=4 --disable-training-logs --memory-size=1015 --lr=0.0018103176507973232 --logdir=logs/ppo-pdptw_all-15m-r1/pdptw-lr109 --communication=unix-socket -i=/tmp/pipes/unix-socket-1778905497664435,======,14310188.0,[(t:4.029-step:128-v:1929.427)-(t:4.076-step:129-v:1923.308)-(t:4.109-step:130-v:1920.575)-(t:4.125-step:131-v:1917.871)-(t:4.148-step:132-v:1912.872)-(t:9.619-step:255-v:1733.921)-(t:10.364-step:262-v:1631.994)-(t:10.717-step:276-v:1617.878)-(t:10.739-step:277-v:1617.288)-(t:10.799-step:278-v:1615.832)-(t:10.825-step:279-v:1612.66)-(t:69.554-step:1758-v:1557.682)-(t:69.568-step:1759-v:1551.965)-(t:69.591-step:1760-v:1546.604)-(t:97.307-step:2512-v:1509.458)-(t:97.362-step:2513-v:1508.118)-(t:97.420-step:2514-v:1473.696)-(t:97.458-step:2515-v:1473.369)-(t:291.294-step:7608-v:1406.954)-(t:294.550-step:7704-v:1373.337)-(t:469.181-step:12249-v:1359.6)-(t:496.218-step:13007-v:1355.974)-(t:496.261-step:13008-v:1352.102)-(t:498.318-step:13064-v:1310.188)],117.619
ppo,examples/pdptw/pdptw_100/lr110.txt,r1,900,4,ppo --device=auto-gpu --c1-start=0.34 --c1-end=0.06 --c1-n-secs=196 --c2-start=0.39 --c2-end=0.2 --c2-n-secs=431 --n-epochs=65 --lr-critic=7.315462310749335E-4 --clipping=11.799185331865313 --batch-size=15 --seed=4 --disable-training-logs --memory-size=1015 --lr=0.0018103176507973232 --logdir=logs/ppo-pdptw_all-15m-r1/pdptw-lr110 --communication=unix-socket -i=/tmp/pipes/unix-socket-1778935156550351,======,14284979.0,[(t:5.635-step:176-v:1889.719)-(t:5.989-step:185-v:1888.008)-(t:6.009-step:186-v:1883.324)-(t:6.047-step:187-v:1823.597)-(t:6.171-step:188-v:1805.008)-(t:8.366-step:227-v:1783.751)-(t:8.384-step:228-v:1781.366)-(t:8.406-step:229-v:1777.617)-(t:8.429-step:230-v:1777.106)-(t:8.439-step:231-v:1774.404)-(t:9.125-step:247-v:1749.514)-(t:10.584-step:282-v:1666.297)-(t:10.620-step:283-v:1647.907)-(t:10.666-step:284-v:1645.682)-(t:10.700-step:285-v:1632.469)-(t:10.766-step:286-v:1623.137)-(t:10.785-step:287-v:1611.824)-(t:24.547-step:637-v:1592.762)-(t:24.739-step:645-v:1579.967)-(t:24.809-step:646-v:1574.003)-(t:24.827-step:647-v:1553.299)-(t:24.854-step:648-v:1552.507)-(t:56.207-step:1371-v:1537.698)-(t:56.222-step:1372-v:1534.255)-(t:56.252-step:1373-v:1526.566)-(t:56.288-step:1374-v:1524.628)-(t:56.369-step:1375-v:1523.141)-(t:74.065-step:1849-v:1509.991)-(t:74.178-step:1850-v:1467.036)-(t:85.233-step:2146-v:1360.719)-(t:85.312-step:2147-v:1357.896)-(t:85.332-step:2148-v:1345.699)-(t:393.166-step:11037-v:1312.717)-(t:393.179-step:11038-v:1307.358)-(t:393.205-step:11039-v:1306.303)-(t:864.276-step:24525-v:1299.711)-(t:864.325-step:24526-v:1299.58)-(t:864.356-step:24527-v:1291.58)-(t:864.928-step:24528-v:1284.979)],125.072
ppo,examples/pdptw/pdptw_100/lr111.txt,r1,900,4,ppo --device=auto-gpu --c1-start=0.34 --c1-end=0.06 --c1-n-secs=196 --c2-start=0.39 --c2-end=0.2 --c2-n-secs=431 --n-epochs=65 --lr-critic=7.315462310749335E-4 --clipping=11.799185331865313 --batch-size=15 --seed=4 --disable-training-logs --memory-size=1015 --lr=0.0018103176507973232 --logdir=logs/ppo-pdptw_all-15m-r1/pdptw-lr111 --communication=unix-socket -i=/tmp/pipes/unix-socket-1779031241921553,======,12199474.0,[(t:10.285-step:263-v:1809.868)-(t:39.625-step:870-v:1536.399)-(t:77.805-step:1694-v:1523.694)-(t:77.824-step:1695-v:1518.456)-(t:77.856-step:1696-v:1518.434)-(t:77.895-step:1697-v:1514.092)-(t:81.485-step:1789-v:1503.804)-(t:81.536-step:1790-v:1497.279)-(t:88.109-step:2001-v:1384.027)-(t:806.657-step:21145-v:1217.539)-(t:806.670-step:21146-v:1204.341)-(t:806.699-step:21147-v:1199.474)],184.862
ppo,examples/pdptw/pdptw_100/lr112.txt,r1,900,4,ppo --device=auto-gpu --c1-start=0.34 --c1-end=0.06 --c1-n-secs=196 --c2-start=0.39 --c2-end=0.2 --c2-n-secs=431 --n-epochs=65 --lr-critic=7.315462310749335E-4 --clipping=11.799185331865313 --batch-size=15 --seed=4 --disable-training-logs --memory-size=1015 --lr=0.0018103176507973232 --logdir=logs/ppo-pdptw_all-15m-r1/pdptw-lr112 --communication=unix-socket -i=/tmp/pipes/unix-socket-1779065512260633,======,13200901.0,[(t:5.322-step:150-v:1739.71)-(t:5.461-step:151-v:1724.759)-(t:10.099-step:226-v:1703.598)-(t:15.814-step:310-v:1634.06)-(t:26.888-step:572-v:1631.202)-(t:26.944-step:573-v:1615.952)-(t:26.956-step:574-v:1611.906)-(t:27.078-step:575-v:1602.625)-(t:27.103-step:576-v:1599.917)-(t:27.117-step:577-v:1595.798)-(t:27.803-step:602-v:1588.895)-(t:45.246-step:949-v:1572.377)-(t:45.296-step:950-v:1552.865)-(t:45.331-step:951-v:1551.271)-(t:88.121-step:1885-v:1529.237)-(t:88.134-step:1886-v:1529.206)-(t:88.161-step:1887-v:1528.528)-(t:88.175-step:1888-v:1524.7)-(t:112.788-step:2425-v:1490.534)-(t:112.818-step:2426-v:1488.608)-(t:112.830-step:2427-v:1486.615)-(t:112.898-step:2428-v:1469.496)-(t:113.237-step:2429-v:1468.906)-(t:113.309-step:2430-v:1467.751)-(t:181.839-step:4190-v:1464.425)-(t:181.920-step:4191-v:1463.55)-(t:186.993-step:4332-v:1433.734)-(t:187.066-step:4333-v:1420.486)-(t:187.075-step:4334-v:1419.276)-(t:187.113-step:4335-v:1413.5)-(t:187.242-step:4336-v:1410.597)-(t:187.537-step:4351-v:1406.958)-(t:198.453-step:4666-v:1402.608)-(t:198.486-step:4667-v:1401.146)-(t:198.514-step:4668-v:1399.213)-(t:198.593-step:4669-v:1396.576)-(t:232.827-step:5615-v:1389.821)-(t:232.854-step:5616-v:1383.416)-(t:391.380-step:10053-v:1330.927)-(t:391.397-step:10054-v:1307.091)-(t:391.412-step:10055-v:1301.858)-(t:391.430-step:10056-v:1300.062)-(t:391.477-step:10057-v:1298.761)-(t:391.651-step:10058-v:1296.192)-(t:508.958-step:13549-v:1294.287)-(t:508.976-step:13550-v:1294.07)-(t:509.445-step:13568-v:1240.972)-(t:509.452-step:13569-v:1233.095)-(t:509.528-step:13570-v:1230.896)-(t:509.572-step:13571-v:1229.507)-(t:509.608-step:13572-v:1229.082)-(t:509.646-step:13573-v:1223.459)-(t:672.921-step:18359-v:1220.801)-(t:672.932-step:18360-v:1214.224)-(t:672.992-step:18361-v:1212.739)-(t:673.053-step:18362-v:1201.502)-(t:673.096-step:18363-v:1200.901)],217.447
ppo,examples/pdptw/pdptw_100/lr207.txt,r1,900,4,ppo --device=auto-gpu --c1-start=0.34 --c1-end=0.06 --c1-n-secs=196 --c2-start=0.39 --c2-end=0.2 --c2-n-secs=431 --n-epochs=65 --lr-critic=7.315462310749335E-4 --clipping=11.799185331865313 --batch-size=15 --seed=4 --disable-training-logs --memory-size=1015 --lr=0.0018103176507973232 --logdir=logs/ppo-pdptw_all-15m-r1/pdptw-lr207 --communication=unix-socket -i=/tmp/pipes/unix-socket-1779124803915875,======,5722794.0,[(t:13.458-step:502-v:2341.384)-(t:20.942-step:821-v:2321.284)-(t:28.083-step:1026-v:2109.033)-(t:28.100-step:1027-v:2108.288)-(t:28.117-step:1028-v:2098.726)-(t:28.136-step:1029-v:2097.671)-(t:28.165-step:1030-v:2074.308)-(t:28.272-step:1031-v:2069.71)-(t:28.466-step:1032-v:2068.383)-(t:28.488-step:1033-v:2045.443)-(t:28.500-step:1034-v:2042.759)-(t:28.514-step:1035-v:2034.296)-(t:28.558-step:1036-v:2016.019)-(t:28.662-step:1037-v:2014.877)-(t:28.678-step:1038-v:2011.867)-(t:28.695-step:1039-v:2003.511)-(t:28.742-step:1040-v:1996.779)-(t:405.469-step:15559-v:1987.799)-(t:405.495-step:15560-v:1952.18)-(t:405.508-step:15561-v:1928.567)-(t:405.516-step:15562-v:1926.264)-(t:405.526-step:15563-v:1925.605)-(t:405.539-step:15564-v:1923.595)-(t:405.642-step:15565-v:1919.462)-(t:405.655-step:15566-v:1916.748)-(t:405.675-step:15567-v:1889.395)-(t:405.705-step:15568-v:1868.545)-(t:405.835-step:15569-v:1839.149)-(t:411.313-step:15818-v:1809.332)-(t:411.322-step:15819-v:1803.382)-(t:411.417-step:15820-v:1802.117)-(t:524.449-step:19923-v:1788.9)-(t:524.533-step:19924-v:1777.784)-(t:524.590-step:19925-v:1771.804)-(t:524.638-step:19926-v:1763.774)-(t:524.659-step:19927-v:1747.663)-(t:524.751-step:19928-v:1746.532)-(t:524.767-step:19929-v:1746.355)-(t:524.825-step:19930-v:1738.948)-(t:524.840-step:19931-v:1736.201)-(t:872.138-step:35218-v:1734.296)-(t:872.169-step:35219-v:1722.794)],468.664
ppo,examples/pdptw/pdptw_100/lr210.txt,r1,900,4,ppo --device=auto-gpu --c1-start=0.34 --c1-end=0.06 --c1-n-secs=196 --c2-start=0.39 --c2-end=0.2 --c2-n-secs=431 --n-epochs=65 --lr-critic=7.315462310749335E-4 --clipping=11.799185331865313 --batch-size=15 --seed=4 --disable-training-logs --memory-size=1015 --lr=0.0018103176507973232 --logdir=logs/ppo-pdptw_all-15m-r1/pdptw-lr210 --communication=unix-socket -i=/tmp/pipes/unix-socket-1779531747886366,======,5665382.0,[(t:9.678-step:438-v:2475.382)-(t:9.700-step:439-v:2470.118)-(t:9.714-step:440-v:2466.986)-(t:9.746-step:441-v:2466.668)-(t:12.116-step:490-v:2352.484)-(t:12.250-step:491-v:2348.432)-(t:18.331-step:726-v:2152.798)-(t:18.348-step:727-v:2129.443)-(t:18.388-step:728-v:2125.046)-(t:27.411-step:1035-v:2124.55)-(t:27.426-step:1036-v:2122.891)-(t:27.443-step:1037-v:2116.523)-(t:27.470-step:1038-v:2051.283)-(t:27.491-step:1039-v:2046.774)-(t:27.498-step:1040-v:2045.442)-(t:27.535-step:1041-v:2039.506)-(t:28.628-step:1079-v:2029.085)-(t:232.287-step:9069-v:1995.819)-(t:232.322-step:9070-v:1993.084)-(t:267.319-step:10650-v:1968.701)-(t:267.328-step:10651-v:1965.444)-(t:267.363-step:10652-v:1964.949)-(t:267.402-step:10653-v:1963.507)-(t:267.416-step:10654-v:1963.201)-(t:392.987-step:15504-v:1899.727)-(t:393.095-step:15505-v:1897.8)-(t:393.193-step:15506-v:1891.696)-(t:393.207-step:15507-v:1887.866)-(t:393.228-step:15508-v:1868.377)-(t:646.502-step:26046-v:1748.986)-(t:646.517-step:26047-v:1704.593)-(t:646.546-step:26048-v:1693.253)-(t:646.566-step:26049-v:1679.965)-(t:646.599-step:26050-v:1676.635)-(t:646.621-step:26051-v:1674.262)-(t:646.633-step:26052-v:1674.124)-(t:646.657-step:26053-v:1673.161)-(t:646.761-step:26054-v:1670.494)-(t:646.776-step:26055-v:1665.382)],438.755
ppo,examples/pdptw/pdptw_100/lr211.txt,r1,900,4,ppo --device=auto-gpu --c1-start=0.34 --c1-end=0.06 --c1-n-secs=196 --c2-start=0.39 --c2-end=0.2 --c2-n-secs=431 --n-epochs=65 --lr-critic=7.315462310749335E-4 --clipping=11.799185331865313 --batch-size=15 --seed=4 --disable-training-logs --memory-size=1015 --lr=0.0018103176507973232 --logdir=logs/ppo-pdptw_all-15m-r1/pdptw-lr211 --communication=unix-socket -i=/tmp/pipes/unix-socket-1779726050987504,======,5559507.0,[(t:12.751-step:483-v:2299.476)-(t:12.874-step:484-v:2289.993)-(t:20.210-step:824-v:2256.243)-(t:20.248-step:825-v:2248.31)-(t:21.045-step:855-v:2136.356)-(t:21.065-step:856-v:2135.066)-(t:30.382-step:1108-v:2117.872)-(t:30.404-step:1109-v:2082.027)-(t:42.356-step:1423-v:1983.089)-(t:42.444-step:1424-v:1982.97)-(t:42.457-step:1425-v:1982.061)-(t:42.488-step:1426-v:1979.647)-(t:42.517-step:1427-v:1971.942)-(t:42.559-step:1428-v:1969.095)-(t:42.615-step:1429-v:1961.1)-(t:42.636-step:1430-v:1960.537)-(t:42.774-step:1431-v:1944.594)-(t:42.790-step:1432-v:1941.119)-(t:56.015-step:1732-v:1924.854)-(t:63.395-step:1889-v:1875.997)-(t:63.412-step:1890-v:1874.531)-(t:69.271-step:2094-v:1873.648)-(t:69.318-step:2095-v:1862.971)-(t:69.372-step:2096-v:1859.686)-(t:71.709-step:2187-v:1826.416)-(t:495.389-step:16614-v:1742.996)-(t:495.429-step:16615-v:1711.588)-(t:495.440-step:16616-v:1703.986)-(t:495.449-step:16617-v:1702.903)-(t:495.455-step:16618-v:1697.848)-(t:495.466-step:16619-v:1697.342)-(t:495.479-step:16620-v:1688.085)-(t:495.491-step:16621-v:1686.334)-(t:495.504-step:16622-v:1686.013)-(t:495.517-step:16623-v:1685.387)-(t:495.545-step:16624-v:1674.645)-(t:495.603-step:16625-v:1672.324)-(t:495.656-step:16626-v:1664.252)-(t:495.699-step:16627-v:1662.464)-(t:590.204-step:20168-v:1640.029)-(t:590.220-step:20169-v:1633.565)-(t:590.239-step:20170-v:1632.323)-(t:590.330-step:20171-v:1628.984)-(t:590.477-step:20172-v:1626.628)-(t:590.499-step:20173-v:1622.893)-(t:848.500-step:30678-v:1565.834)-(t:848.595-step:30679-v:1560.5)-(t:848.609-step:30680-v:1559.507)],434.898
ppo,examples/pdptw/pdptw_100/lrc208.txt,r1,900,4,ppo --device=auto-gpu --c1-start=0.34 --c1-end=0.06 --c1-n-secs=196 --c2-start=0.39 --c2-end=0.2 --c2-n-secs=431 --n-epochs=65 --lr-critic=7.315462310749335E-4 --clipping=11.799185331865313 --batch-size=15 --seed=4 --disable-training-logs --memory-size=1015 --lr=0.0018103176507973232 --logdir=logs/ppo-pdptw_all-15m-r1/pdptw-lrc208 --communication=unix-socket -i=/tmp/pipes/unix-socket-1780634662153820,======,66004060519.0,[],900.0
ppo,examples/pdptw/pdptw_100/lrc105.txt,r1,900,4,ppo --device=auto-gpu --c1-start=0.34 --c1-end=0.06 --c1-n-secs=196 --c2-start=0.39 --c2-end=0.2 --c2-n-secs=431 --n-epochs=65 --lr-critic=7.315462310749335E-4 --clipping=11.799185331865313 --batch-size=15 --seed=4 --disable-training-logs --memory-size=1015 --lr=0.0018103176507973232 --logdir=logs/ppo-pdptw_all-15m-r1/pdptw-lrc105 --communication=unix-socket -i=/tmp/pipes/unix-socket-1779791535886071,======,16854759.0,[(t:12.867-step:295-v:2103.191)-(t:12.912-step:296-v:2099.852)-(t:13.034-step:301-v:2098.281)-(t:13.105-step:302-v:2060.517)-(t:39.758-step:863-v:1994.543)-(t:39.787-step:864-v:1983.743)-(t:108.076-step:2286-v:1983.583)-(t:125.846-step:2749-v:1937.266)-(t:143.840-step:3202-v:1892.69)-(t:143.855-step:3203-v:1887.525)-(t:143.864-step:3204-v:1886.002)-(t:143.894-step:3205-v:1877.335)-(t:159.672-step:3581-v:1870.221)-(t:159.797-step:3582-v:1865.056)-(t:159.853-step:3583-v:1863.533)-(t:159.946-step:3584-v:1849.621)-(t:415.493-step:9943-v:1834.55)-(t:757.759-step:18101-v:1804.598)],117.44
ppo,examples/pdptw/pdptw_100/lrc106.txt,r1,900,4,ppo --device=auto-gpu --c1-start=0.34 --c1-end=0.06 --c1-n-secs=196 --c2-start=0.39 --c2-end=0.2 --c2-n-secs=431 --n-epochs=65 --lr-critic=7.315462310749335E-4 --clipping=11.799185331865313 --batch-size=15 --seed=4 --disable-training-logs --memory-size=1015 --lr=0.0018103176507973232 --logdir=logs/ppo-pdptw_all-15m-r1/pdptw-lrc106 --communication=unix-socket -i=/tmp/pipes/unix-socket-1779814474670404,======,15617682.0,[(t:5.029-step:144-v:2162.067)-(t:5.062-step:145-v:2151.101)-(t:5.128-step:146-v:2144.092)-(t:5.296-step:156-v:2070.647)-(t:5.321-step:157-v:2065.681)-(t:5.350-step:158-v:2011.311)-(t:5.387-step:159-v:2002.198)-(t:5.425-step:160-v:2002.059)-(t:5.478-step:161-v:1980.203)-(t:5.513-step:162-v:1971.542)-(t:6.118-step:175-v:1901.445)-(t:9.823-step:231-v:1899.675)-(t:9.901-step:232-v:1895.102)-(t:9.918-step:233-v:1893.701)-(t:9.957-step:234-v:1888.911)-(t:61.434-step:1533-v:1811.74)-(t:61.547-step:1534-v:1807.665)-(t:61.591-step:1535-v:1804.963)-(t:61.670-step:1536-v:1792.169)-(t:110.479-step:2735-v:1768.269)-(t:110.492-step:2736-v:1727.676)-(t:192.212-step:4708-v:1701.524)-(t:192.494-step:4716-v:1699.114)-(t:192.579-step:4717-v:1699.069)-(t:713.274-step:18751-v:1693.537)-(t:714.723-step:18785-v:1679.985)-(t:839.745-step:22308-v:1623.898)-(t:840.313-step:22337-v:1623.74)-(t:840.340-step:22338-v:1620.331)-(t:840.370-step:22339-v:1618.379)-(t:840.433-step:22340-v:1617.682)],153.9
ppo,examples/pdptw/pdptw_100/lrc107.txt,r1,900,4,ppo --device=auto-gpu --c1-start=0.34 --c1-end=0.06 --c1-n-secs=196 --c2-start=0.39 --c2-end=0.2 --c2-n-secs=431 --n-epochs=65 --lr-critic=7.315462310749335E-4 --clipping=11.799185331865313 --batch-size=15 --seed=4 --disable-training-logs --memory-size=1015 --lr=0.0018103176507973232 --logdir=logs/ppo-pdptw_all-15m-r1/pdptw-lrc107 --communication=unix-socket -i=/tmp/pipes/unix-socket-1779843959783079,======,13393539.0,[(t:5.427-step:157-v:1816.118)-(t:5.459-step:158-v:1811.702)-(t:8.107-step:206-v:1801.39)-(t:8.156-step:207-v:1800.069)-(t:8.193-step:208-v:1796.406)-(t:13.612-step:327-v:1784.642)-(t:13.627-step:328-v:1781.389)-(t:14.576-step:340-v:1596.972)-(t:14.618-step:341-v:1594.586)-(t:129.848-step:3265-v:1593.913)-(t:148.723-step:3756-v:1562.189)-(t:149.924-step:3784-v:1554.082)-(t:154.058-step:3867-v:1514.465)-(t:154.128-step:3868-v:1505.721)-(t:154.145-step:3869-v:1490.431)-(t:154.163-step:3870-v:1488.665)-(t:154.450-step:3876-v:1420.133)-(t:161.173-step:4009-v:1413.61)-(t:163.366-step:4030-v:1408.481)-(t:163.431-step:4031-v:1403.695)-(t:163.464-step:4032-v:1393.539)],127.719
ppo,examples/pdptw/pdptw_100/lrc108.txt,r1,900,4,ppo --device=auto-gpu --c1-start=0.34 --c1-end=0.06 --c1-n-secs=196 --c2-start=0.39 --c2-end=0.2 --c2-n-secs=431 --n-epochs=65 --lr-critic=7.315462310749335E-4 --clipping=11.799185331865313 --batch-size=15 --seed=4 --disable-training-logs --memory-size=1015 --lr=0.0018103176507973232 --logdir=logs/ppo-pdptw_all-15m-r1/pdptw-lrc108 --communication=unix-socket -i=/tmp/pipes/unix-socket-1779941075903238,======,13322930.0,[(t:5.015-step:161-v:2137.054)-(t:5.216-step:170-v:2026.183)-(t:5.228-step:171-v:2020.231)-(t:5.243-step:172-v:2016.231)-(t:5.296-step:173-v:1995.869)-(t:5.458-step:174-v:1992.248)-(t:7.990-step:220-v:1979.02)-(t:8.003-step:221-v:1976.815)-(t:8.035-step:222-v:1972.692)-(t:14.030-step:331-v:1880.308)-(t:14.103-step:332-v:1876.346)-(t:14.310-step:346-v:1740.054)-(t:14.902-step:365-v:1666.973)-(t:14.953-step:366-v:1662.221)-(t:15.015-step:367-v:1655.742)-(t:21.904-step:554-v:1655.377)-(t:21.967-step:555-v:1654.855)-(t:23.251-step:579-v:1651.543)-(t:23.286-step:580-v:1646.957)-(t:23.324-step:581-v:1589.625)-(t:58.396-step:1388-v:1546.27)-(t:58.417-step:1389-v:1537.769)-(t:59.242-step:1415-v:1524.428)-(t:70.205-step:1713-v:1494.281)-(t:70.242-step:1714-v:1485.529)-(t:70.286-step:1715-v:1485.172)-(t:73.325-step:1791-v:1480.891)-(t:82.004-step:1997-v:1444.575)-(t:82.043-step:1998-v:1443.415)-(t:82.073-step:1999-v:1437.415)-(t:442.271-step:11511-v:1431.645)-(t:442.296-step:11512-v:1427.428)-(t:442.344-step:11513-v:1421.882)-(t:442.366-step:11514-v:1420.488)-(t:442.386-step:11515-v:1413.756)-(t:443.101-step:11533-v:1387.344)-(t:443.173-step:11534-v:1386.066)-(t:443.192-step:11535-v:1385.404)-(t:444.671-step:11584-v:1361.685)-(t:444.906-step:11585-v:1357.854)-(t:883.254-step:24305-v:1357.218)-(t:883.308-step:24306-v:1332.728)-(t:883.346-step:24307-v:1332.303)-(t:883.393-step:24308-v:1329.996)-(t:883.416-step:24309-v:1327.631)-(t:883.487-step:24310-v:1322.93)],170.352
ppo,examples/pdptw/pdptw_100/lrc205.txt,r1,900,4,ppo --device=auto-gpu --c1-start=0.34 --c1-end=0.06 --c1-n-secs=196 --c2-start=0.39 --c2-end=0.2 --c2-n-secs=431 --n-epochs=65 --lr-critic=7.315462310749335E-4 --clipping=11.799185331865313 --batch-size=15 --seed=4 --disable-training-logs --memory-size=1015 --lr=0.0018103176507973232 --logdir=logs/ppo-pdptw_all-15m-r1/pdptw-lrc205 --communication=unix-socket -i=/tmp/pipes/unix-socket-1779974893677650,======,7086911.0,[(t:13.780-step:416-v:2273.342)-(t:23.330-step:675-v:2195.547)-(t:23.359-step:676-v:2192.747)-(t:23.398-step:677-v:2106.776)-(t:23.412-step:678-v:2100.516)-(t:127.750-step:3695-v:2070.612)-(t:127.773-step:3696-v:2066.577)-(t:127.785-step:3697-v:2005.645)-(t:127.815-step:3698-v:2001.09)-(t:127.840-step:3699-v:1970.797)-(t:127.876-step:3700-v:1968.342)],318.9
ppo,examples/pdptw/pdptw_100/lrc206.txt,r1,900,4,ppo --device=auto-gpu --c1-start=0.34 --c1-end=0.06 --c1-n-secs=196 --c2-start=0.39 --c2-end=0.2 --c2-n-secs=431 --n-epochs=65 --lr-critic=7.315462310749335E-4 --clipping=11.799185331865313 --batch-size=15 --seed=4 --disable-training-logs --memory-size=1015 --lr=0.0018103176507973232 --logdir=logs/ppo-pdptw_all-15m-r1/pdptw-lrc206 --communication=unix-socket -i=/tmp/pipes/unix-socket-1780033464259911,======,6402167.0,[(t:11.880-step:425-v:2759.575)-(t:32.054-step:1041-v:2465.46)-(t:32.070-step:1042-v:2454.772)-(t:32.092-step:1043-v:2451.961)-(t:32.117-step:1044-v:2449.05)-(t:32.175-step:1045-v:2448.963)-(t:33.190-step:1076-v:2431.593)-(t:33.231-step:1077-v:2356.605)-(t:33.750-step:1093-v:2319.079)-(t:33.827-step:1094-v:2309.949)-(t:33.843-step:1095-v:2298.501)-(t:33.868-step:1096-v:2294.899)-(t:37.246-step:1164-v:2285.508)-(t:37.309-step:1165-v:2203.868)-(t:37.349-step:1166-v:2202.987)-(t:46.084-step:1409-v:2189.123)-(t:199.419-step:6194-v:2143.237)-(t:199.435-step:6195-v:2138.551)-(t:199.452-step:6196-v:2130.976)-(t:199.462-step:6197-v:2126.29)-(t:297.079-step:9467-v:2124.651)-(t:297.095-step:9468-v:2115.651)-(t:397.916-step:12863-v:2109.534)-(t:731.386-step:24997-v:2024.017)-(t:791.218-step:27333-v:2014.999)-(t:791.240-step:27334-v:2011.935)-(t:791.251-step:27335-v:2010.861)-(t:791.274-step:27336-v:2006.028)-(t:791.307-step:27337-v:2004.979)-(t:797.764-step:27607-v:1619.168)-(t:797.800-step:27608-v:1612.52)-(t:797.827-step:27609-v:1611.347)-(t:797.889-step:27610-v:1609.571)-(t:850.647-step:29700-v:1502.955)-(t:850.669-step:29701-v:1501.146)-(t:850.689-step:29702-v:1461.667)-(t:850.716-step:29703-v:1453.014)-(t:850.767-step:29704-v:1444.469)-(t:850.834-step:29705-v:1441.014)-(t:850.934-step:29706-v:1402.167)],394.512
ppo,examples/pdptw/pdptw_100/lrc207.txt,r1,900,4,ppo --device=auto-gpu --c1-start=0.34 --c1-end=0.06 --c1-n-secs=196 --c2-start=0.39 --c2-end=0.2 --c2-n-secs=431 --n-epochs=65 --lr-critic=7.315462310749335E-4 --clipping=11.799185331865313 --batch-size=15 --seed=4 --disable-training-logs --memory-size=1015 --lr=0.0018103176507973232 --logdir=logs/ppo-pdptw_all-15m-r1/pdptw-lrc207 --communication=unix-socket -i=/tmp/pipes/unix-socket-1780441383073433,======,7077668.0,[(t:12.855-step:432-v:2868.69)-(t:31.184-step:878-v:2612.722)-(t:31.220-step:879-v:2540.684)-(t:36.126-step:1027-v:2471.709)-(t:36.143-step:1028-v:2469.177)-(t:36.167-step:1029-v:2459.257)-(t:45.928-step:1400-v:2452.871)-(t:45.963-step:1401-v:2452.793)-(t:46.105-step:1402-v:2448.206)-(t:46.120-step:1403-v:2409.623)-(t:46.155-step:1404-v:2365.214)-(t:46.183-step:1405-v:2331.146)-(t:567.323-step:18952-v:2311.942)-(t:567.395-step:18953-v:2310.64)-(t:567.410-step:18954-v:2304.488)-(t:567.435-step:18955-v:2302.794)-(t:567.507-step:18956-v:2302.515)-(t:567.521-step:18957-v:2300.533)-(t:567.597-step:18958-v:2295.127)-(t:567.612-step:18959-v:2289.645)-(t:567.661-step:18960-v:2280.962)-(t:567.674-step:18961-v:2276.033)-(t:567.686-step:18962-v:2270.93)-(t:571.291-step:19072-v:2187.008)-(t:571.322-step:19073-v:2182.605)-(t:571.433-step:19074-v:2180.891)-(t:571.466-step:19075-v:2180.473)-(t:571.483-step:19076-v:2178.746)-(t:571.495-step:19077-v:2176.146)-(t:850.836-step:30063-v:2173.039)-(t:889.485-step:31459-v:2127.951)-(t:889.520-step:31460-v:2082.786)-(t:889.580-step:31461-v:2082.409)-(t:889.593-step:31462-v:2081.125)-(t:889.606-step:31463-v:2078.571)-(t:898.770-step:31795-v:2077.668)],486.833
ppo,examples/pdptw/pdptw_400/LC1_4_6.txt,r1,900,4,ppo --device=auto-gpu --c1-start=0.34 --c1-end=0.06 --c1-n-secs=196 --c2-start=0.39 --c2-end=0.2 --c2-n-secs=431 --n-epochs=65 --lr-critic=7.315462310749335E-4 --clipping=11.799185331865313 --batch-size=15 --seed=4 --disable-training-logs --memory-size=1015 --lr=0.0018103176507973232 --logdir=logs/ppo-pdptw_all-15m-r1/pdptw-LC1_4_6 --communication=unix-socket -i=/tmp/pipes/unix-socket-1780644204131449,======,68164581.0,[(t:181.532-step:3182-v:15100.06)-(t:182.245-step:3183-v:15057.475)-(t:182.271-step:3184-v:15054.633)-(t:182.394-step:3185-v:15037.306)-(t:182.484-step:3186-v:15026.926)-(t:237.440-step:3618-v:13736.877)-(t:237.528-step:3619-v:13732.151)-(t:238.028-step:3620-v:13637.376)-(t:238.141-step:3621-v:13626.065)-(t:238.184-step:3622-v:13626.013)-(t:238.371-step:3623-v:13559.33)-(t:262.422-step:3810-v:13164.581)],513.73
ppo,examples/pdptw/pdptw_400/LC1_4_7.txt,r1,900,4,ppo --device=auto-gpu --c1-start=0.34 --c1-end=0.06 --c1-n-secs=196 --c2-start=0.39 --c2-end=0.2 --c2-n-secs=431 --n-epochs=65 --lr-critic=7.315462310749335E-4 --clipping=11.799185331865313 --batch-size=15 --seed=4 --disable-training-logs --memory-size=1015 --lr=0.0018103176507973232 --logdir=logs/ppo-pdptw_all-15m-r1/pdptw-LC1_4_7 --communication=unix-socket -i=/tmp/pipes/unix-socket-1780701404410480,======,70471978.0,[(t:192.798-step:3616-v:16830.388)-(t:192.874-step:3617-v:16830.345)-(t:200.904-step:3666-v:16792.953)-(t:215.041-step:3712-v:16296.966)-(t:215.115-step:3713-v:16290.933)-(t:215.220-step:3714-v:16277.521)-(t:551.641-step:6288-v:14988.969)-(t:551.665-step:6289-v:14897.51)-(t:551.701-step:6290-v:14891.674)],575.45
ppo,examples/pdptw/pdptw_400/LC1_4_8.txt,r1,900,4,ppo --device=auto-gpu --c1-start=0.34 --c1-end=0.06 --c1-n-secs=196 --c2-start=0.39 --c2-end=0.2 --c2-n-secs=431 --n-epochs=65 --lr-critic=7.315462310749335E-4 --clipping=11.799185331865313 --batch-size=15 --seed=4 --disable-training-logs --memory-size=1015 --lr=0.0018103176507973232 --logdir=logs/ppo-pdptw_all-15m-r1/pdptw-LC1_4_8 --communication=unix-socket -i=/tmp/pipes/unix-socket-1780724020321804,======,67104589.0,[(t:329.606-step:4798-v:17381.776)-(t:329.625-step:4799-v:17362.503)-(t:336.439-step:4849-v:16557.259)-(t:336.507-step:4850-v:16436.984)-(t:342.036-step:4911-v:15475.318)-(t:359.578-step:4962-v:15104.589)],587.332
ppo,examples/pdptw/pdptw_400/LC1_4_9.txt,r1,900,4,ppo --device=auto-gpu --c1-start=0.34 --c1-end=0.06 --c1-n-secs=196 --c2-start=0.39 --c2-end=0.2 --c2-n-secs=431 --n-epochs=65 --lr-critic=7.315462310749335E-4 --clipping=11.799185331865313 --batch-size=15 --seed=4 --disable-training-logs --memory-size=1015 --lr=0.0018103176507973232 --logdir=logs/ppo-pdptw_all-15m-r1/pdptw-LC1_4_9 --communication=unix-socket -i=/tmp/pipes/unix-socket-1780753463834910,======,67384471.0,[(t:310.729-step:3813-v:17384.858)-(t:310.744-step:3814-v:17384.471)],647.431
ppo,examples/pdptw/pdptw_400/LC1_4_10.txt,r1,900,4,ppo --device=auto-gpu --c1-start=0.34 --c1-end=0.06 --c1-n-secs=196 --c2-start=0.39 --c2-end=0.2 --c2-n-secs=431 --n-epochs=65 --lr-critic=7.315462310749335E-4 --clipping=11.799185331865313 --batch-size=15 --seed=4 --disable-training-logs --memory-size=1015 --lr=0.0018103176507973232 --logdir=logs/ppo-pdptw_all-15m-r1/pdptw-LC1_4_10 --communication=unix-socket -i=/tmp/pipes/unix-socket-1780850403536436,======,65845658.0,[(t:268.823-step:3817-v:18317.778)-(t:268.906-step:3818-v:18291.253)-(t:268.927-step:3819-v:18290.307)-(t:268.947-step:3820-v:18277.406)-(t:270.781-step:3821-v:18269.853)-(t:270.808-step:3822-v:18268.839)-(t:715.312-step:5858-v:17924.37)-(t:715.442-step:5859-v:17845.658)],626.899
ppo,examples/pdptw/pdptw_400/LC2_4_6.txt,r1,900,4,ppo --device=auto-gpu --c1-start=0.34 --c1-end=0.06 --c1-n-secs=196 --c2-start=0.39 --c2-end=0.2 --c2-n-secs=431 --n-epochs=65 --lr-critic=7.315462310749335E-4 --clipping=11.799185331865313 --batch-size=15 --seed=4 --disable-training-logs --memory-size=1015 --lr=0.0018103176507973232 --logdir=logs/ppo-pdptw_all-15m-r1/pdptw-LC2_4_6 --communication=unix-socket -i=/tmp/pipes/unix-socket-1780883662427323,======,36206558.0,[(t:316.370-step:6252-v:20171.941)-(t:330.481-step:6357-v:19499.099)-(t:330.504-step:6358-v:19401.678)-(t:330.566-step:6359-v:19389.501)-(t:330.643-step:6360-v:19210.514)-(t:330.666-step:6361-v:19209.816)-(t:358.643-step:6744-v:16940.542)-(t:437.065-step:7737-v:15435.996)-(t:437.086-step:7738-v:15314.198)-(t:437.154-step:7739-v:15313.338)-(t:437.217-step:7740-v:15308.109)-(t:437.307-step:7741-v:15268.959)-(t:440.290-step:7742-v:15213.484)-(t:449.416-step:7873-v:15211.835)-(t:449.532-step:7874-v:15206.558)],754.766
ppo,examples/pdptw/pdptw_400/LC2_4_7.txt,r1,900,4,ppo --device=auto-gpu --c1-start=0.34 --c1-end=0.06 --c1-n-secs=196 --c2-start=0.39 --c2-end=0.2 --c2-n-secs=431 --n-epochs=65 --lr-critic=7.315462310749335E-4 --clipping=11.799185331865313 --batch-size=15 --seed=4 --disable-training-logs --memory-size=1015 --lr=0.0018103176507973232 --logdir=logs/ppo-pdptw_all-15m-r1/pdptw-LC2_4_7 --communication=unix-socket -i=/tmp/pipes/unix-socket-1780942057521501,======,36489212.0,[(t:285.295-step:4268-v:19610.197)-(t:313.600-step:4788-v:17751.68)-(t:313.642-step:4789-v:17749.193)-(t:313.673-step:4790-v:17734.743)-(t:313.742-step:4791-v:17728.847)-(t:314.841-step:4792-v:17560.323)-(t:314.920-step:4793-v:17508.011)-(t:416.733-step:6166-v:16489.212)],754.809
ppo,examples/pdptw/pdptw_400/LC2_4_8.txt,r1,900,4,ppo --device=auto-gpu --c1-start=0.34 --c1-end=0.06 --c1-n-secs=196 --c2-start=0.39 --c2-end=0.2 --c2-n-secs=431 --n-epochs=65 --lr-critic=7.315462310749335E-4 --clipping=11.799185331865313 --batch-size=15 --seed=4 --disable-training-logs --memory-size=1015 --lr=0.0018103176507973232 --logdir=logs/ppo-pdptw_all-15m-r1/pdptw-LC2_4_8 --communication=unix-socket -i=/tmp/pipes/unix-socket-1781350707550219,======,36498062.0,[(t:229.851-step:3949-v:18831.175)-(t:246.062-step:4101-v:17459.976)-(t:415.769-step:6130-v:16563.875)-(t:415.784-step:6131-v:16560.018)-(t:415.842-step:6132-v:16542.827)-(t:763.196-step:10539-v:15830.559)-(t:791.600-step:10832-v:15632.471)-(t:791.615-step:10833-v:15630.426)-(t:792.900-step:10834-v:15566.572)-(t:792.909-step:10835-v:15556.895)-(t:792.921-step:10836-v:15543.946)-(t:793.032-step:10837-v:15542.188)-(t:793.437-step:10838-v:15539.581)-(t:793.453-step:10839-v:15498.062)],744.799
ppo,examples/pdptw/pdptw_400/LC2_4_9.txt,r1,900,4,ppo --device=auto-gpu --c1-start=0.34 --c1-end=0.06 --c1-n-secs=196 --c2-start=0.39 --c2-end=0.2 --c2-n-secs=431 --n-epochs=65 --lr-critic=7.315462310749335E-4 --clipping=11.799185331865313 --batch-size=15 --seed=4 --disable-training-logs --memory-size=1015 --lr=0.0018103176507973232 --logdir=logs/ppo-pdptw_all-15m-r1/pdptw-LC2_4_9 --communication=unix-socket -i=/tmp/pipes/unix-socket-1781554578572787,======,36912658.0,[(t:272.506-step:4057-v:17680.903)-(t:595.477-step:8005-v:16913.917)-(t:595.567-step:8006-v:16912.658)],748.058
ppo,examples/pdptw/pdptw_400/LC2_4_10.txt,r1,900,4,ppo --device=auto-gpu --c1-start=0.34 --c1-end=0.06 --c1-n-secs=196 --c2-start=0.39 --c2-end=0.2 --c2-n-secs=431 --n-epochs=65 --lr-critic=7.315462310749335E-4 --clipping=11.799185331865313 --batch-size=15 --seed=4 --disable-training-logs --memory-size=1015 --lr=0.0018103176507973232 --logdir=logs/ppo-pdptw_all-15m-r1/pdptw-LC2_4_10 --communication=unix-socket -i=/tmp/pipes/unix-socket-1781611595599101,======,35160923.0,[(t:228.867-step:4110-v:17583.83)-(t:228.896-step:4111-v:17579.417)-(t:421.281-step:5777-v:17572.255)-(t:421.303-step:5778-v:17538.392)],753.597
ppo,examples/pdptw/pdptw_400/LR1_4_6.txt,r1,900,4,ppo --device=auto-gpu --c1-start=0.34 --c1-end=0.06 --c1-n-secs=196 --c2-start=0.39 --c2-end=0.2 --c2-n-secs=431 --n-epochs=65 --lr-critic=7.315462310749335E-4 --clipping=11.799185331865313 --batch-size=15 --seed=4 --disable-training-logs --memory-size=1015 --lr=0.0018103176507973232 --logdir=logs/ppo-pdptw_all-15m-r1/pdptw-LR1_4_6 --communication=unix-socket -i=/tmp/pipes/unix-socket-1781634793882786,======,59174796.0,[(t:349.325-step:4012-v:16047.573)-(t:349.392-step:4013-v:16039.026)-(t:349.414-step:4014-v:16035.727)],510.781
ppo,examples/pdptw/pdptw_400/LR2_4_9.txt,r1,900,4,ppo --device=auto-gpu --c1-start=0.34 --c1-end=0.06 --c1-n-secs=196 --c2-start=0.39 --c2-end=0.2 --c2-n-secs=431 --n-epochs=65 --lr-critic=7.315462310749335E-4 --clipping=11.799185331865313 --batch-size=15 --seed=4 --disable-training-logs --memory-size=1015 --lr=0.0018103176507973232 --logdir=logs/ppo-pdptw_all-15m-r1/pdptw-LR2_4_9 --communication=unix-socket -i=/tmp/pipes/unix-socket-1782545013979510,======,364006193794.0,[],900.0
ppo,examples/pdptw/pdptw_400/LR1_4_7.txt,r1,900,4,ppo --device=auto-gpu --c1-start=0.34 --c1-end=0.06 --c1-n-secs=196 --c2-start=0.39 --c2-end=0.2 --c2-n-secs=431 --n-epochs=65 --lr-critic=7.315462310749335E-4 --clipping=11.799185331865313 --batch-size=15 --seed=4 --disable-training-logs --memory-size=1015 --lr=0.0018103176507973232 --logdir=logs/ppo-pdptw_all-15m-r1/pdptw-LR1_4_7 --communication=unix-socket -i=/tmp/pipes/unix-socket-1781663322085910,======,50868897.0,[(t:308.912-step:4933-v:16802.358)-(t:590.870-step:7292-v:16194.157)-(t:590.893-step:7293-v:16187.17)-(t:590.915-step:7294-v:16186.826)-(t:592.255-step:7295-v:16185.665)-(t:813.809-step:9179-v:15558.263)-(t:813.835-step:9180-v:15550.839)-(t:813.940-step:9181-v:15468.619)-(t:829.554-step:9334-v:15224.191)-(t:829.667-step:9335-v:15224.001)-(t:836.676-step:9417-v:14883.483)-(t:837.803-step:9418-v:14877.827)-(t:837.819-step:9419-v:14870.061)-(t:837.881-step:9420-v:14869.802)-(t:837.944-step:9421-v:14868.897)],585.092
ppo,examples/pdptw/pdptw_400/LR1_4_8.txt,r1,900,4,ppo --device=auto-gpu --c1-start=0.34 --c1-end=0.06 --c1-n-secs=196 --c2-start=0.39 --c2-end=0.2 --c2-n-secs=431 --n-epochs=65 --lr-critic=7.315462310749335E-4 --clipping=11.799185331865313 --batch-size=15 --seed=4 --disable-training-logs --memory-size=1015 --lr=0.0018103176507973232 --logdir=logs/ppo-pdptw_all-15m-r1/pdptw-LR1_4_8 --communication=unix-socket -i=/tmp/pipes/unix-socket-1781760764351361,======,45156908.0,[(t:202.687-step:3557-v:15886.579)-(t:247.229-step:3919-v:15868.728)-(t:312.117-step:4366-v:15327.552)-(t:386.051-step:4890-v:15170.639)-(t:386.071-step:4891-v:15168.662)-(t:386.101-step:4892-v:15164.263)-(t:386.156-step:4893-v:15163.599)-(t:387.487-step:4894-v:15162.65)-(t:387.507-step:4895-v:15159.907)-(t:387.569-step:4896-v:15159.293)-(t:388.939-step:4897-v:15156.908)],618.731
ppo,examples/pdptw/pdptw_400/LR1_4_9.txt,r1,900,4,ppo --device=auto-gpu --c1-start=0.34 --c1-end=0.06 --c1-n-secs=196 --c2-start=0.39 --c2-end=0.2 --c2-n-secs=431 --n-epochs=65 --lr-critic=7.315462310749335E-4 --clipping=11.799185331865313 --batch-size=15 --seed=4 --disable-training-logs --memory-size=1015 --lr=0.0018103176507973232 --logdir=logs/ppo-pdptw_all-15m-r1/pdptw-LR1_4_9 --communication=unix-socket -i=/tmp/pipes/unix-socket-1781793272552041,======,54488477.0,[(t:199.320-step:3643-v:16637.983)-(t:199.388-step:3644-v:16611.843)-(t:199.404-step:3645-v:16611.638)-(t:300.710-step:4300-v:16063.942)-(t:301.508-step:4301-v:16045.131)-(t:338.885-step:4580-v:16008.467)-(t:338.944-step:4581-v:16006.091)-(t:355.263-step:4704-v:15404.583)-(t:506.044-step:5810-v:15342.504)],456.605
ppo,examples/pdptw/pdptw_400/LR1_4_10.txt,r1,900,4,ppo --device=auto-gpu --c1-start=0.34 --c1-end=0.06 --c1-n-secs=196 --c2-start=0.39 --c2-end=0.2 --c2-n-secs=431 --n-epochs=65 --lr-critic=7.315462310749335E-4 --clipping=11.799185331865313 --batch-size=15 --seed=4 --disable-training-logs --memory-size=1015 --lr=0.0018103176507973232 --logdir=logs/ppo-pdptw_all-15m-r1/pdptw-LR1_4_10 --communication=unix-socket -i=/tmp/pipes/unix-socket-1781851547075019,======,48020385.0,[(t:218.251-step:4122-v:15829.512)-(t:218.281-step:4123-v:15762.074)-(t:227.837-step:4213-v:15117.993)-(t:227.853-step:4214-v:15117.333)-(t:227.909-step:4215-v:14989.158)-(t:430.145-step:6149-v:14692.487)-(t:430.178-step:6150-v:14691.616)-(t:431.033-step:6151-v:14671.773)-(t:431.073-step:6152-v:14660.996)-(t:431.126-step:6153-v:14654.382)-(t:431.145-step:6154-v:14653.54)-(t:529.162-step:7002-v:14627.144)-(t:529.217-step:7003-v:14565.202)-(t:529.250-step:7004-v:14565.182)-(t:529.273-step:7005-v:14564.45)-(t:529.399-step:7006-v:14564.408)-(t:529.534-step:7007-v:14550.331)-(t:529.699-step:7008-v:14545.248)-(t:539.452-step:7098-v:14057.106)-(t:539.484-step:7099-v:14020.385)],512.607
ppo,examples/pdptw/pdptw_400/LR2_4_6.txt,r1,900,4,ppo --device=auto-gpu --c1-start=0.34 --c1-end=0.06 --c1-n-secs=196 --c2-start=0.39 --c2-end=0.2 --c2-n-secs=431 --n-epochs=65 --lr-critic=7.315462310749335E-4 --clipping=11.799185331865313 --batch-size=15 --seed=4 --disable-training-logs --memory-size=1015 --lr=0.0018103176507973232 --logdir=logs/ppo-pdptw_all-15m-r1/pdptw-LR2_4_6 --communication=unix-socket -i=/tmp/pipes/unix-socket-1782260760340601,======,34274264.0,[(t:420.005-step:4877-v:20583.801)-(t:422.261-step:4878-v:20536.733)-(t:422.283-step:4879-v:20289.142)-(t:422.335-step:4880-v:20237.595)],687.814
ppo,examples/pdptw/pdptw_400/LR2_4_7.txt,r1,900,4,ppo --device=auto-gpu --c1-start=0.34 --c1-end=0.06 --c1-n-secs=196 --c2-start=0.39 --c2-end=0.2 --c2-n-secs=431 --n-epochs=65 --lr-critic=7.315462310749335E-4 --clipping=11.799185331865313 --batch-size=15 --seed=4 --disable-training-logs --memory-size=1015 --lr=0.0018103176507973232 --logdir=logs/ppo-pdptw_all-15m-r1/pdptw-LR2_4_7 --communication=unix-socket -i=/tmp/pipes/unix-socket-1782464891998004,======,32266319.0,[(t:336.772-step:4831-v:21863.849)-(t:336.792-step:4832-v:21849.343)-(t:448.038-step:6224-v:19858.276)-(t:450.754-step:6225-v:19857.828)-(t:450.805-step:6226-v:19854.665)-(t:592.695-step:7793-v:19285.131)-(t:612.292-step:7956-v:19266.319)],673.573
ppo,examples/pdptw/pdptw_400/LR2_4_8.txt,r1,900,4,ppo --device=auto-gpu --c1-start=0.34 --c1-end=0.06 --c1-n-secs=196 --c2-start=0.39 --c2-end=0.2 --c2-n-secs=431 --n-epochs=65 --lr-critic=7.315462310749335E-4 --clipping=11.799185331865313 --batch-size=15 --seed=4 --disable-training-logs --memory-size=1015 --lr=0.0018103176507973232 --logdir=logs/ppo-pdptw_all-15m-r1/pdptw-LR2_4_8 --communication=unix-socket -i=/tmp/pipes/unix-socket-1782521507295702,======,31247885.0,[(t:344.000-step:5677-v:20529.995)-(t:394.508-step:6250-v:19938.646)-(t:394.521-step:6251-v:19934.302)-(t:424.428-step:6608-v:18065.182)],740.68
ppo,examples/pdptw/pdptw_400/LR2_4_10.txt,r1,900,4,ppo --device=auto-gpu --c1-start=0.34 --c1-end=0.06 --c1-n-secs=196 --c2-start=0.39 --c2-end=0.2 --c2-n-secs=431 --n-epochs=65 --lr-critic=7.315462310749335E-4 --clipping=11.799185331865313 --batch-size=15 --seed=4 --disable-training-logs --memory-size=1015 --lr=0.0018103176507973232 --logdir=logs/ppo-pdptw_all-15m-r1/pdptw-LR2_4_10 --communication=unix-socket -i=/tmp/pipes/unix-socket-1782555579839976,======,32431425.0,[(t:299.783-step:4107-v:20836.206)-(t:460.070-step:5749-v:19458.173)-(t:460.113-step:5750-v:19458.107)-(t:460.210-step:5751-v:19452.642)-(t:460.310-step:5752-v:19431.425)],669.573
ppo,examples/pdptw/pdptw_400/LRC1_4_6.txt,r1,900,4,ppo --device=auto-gpu --c1-start=0.34 --c1-end=0.06 --c1-n-secs=196 --c2-start=0.39 --c2-end=0.2 --c2-n-secs=431 --n-epochs=65 --lr-critic=7.315462310749335E-4 --clipping=11.799185331865313 --batch-size=15 --seed=4 --disable-training-logs --memory-size=1015 --lr=0.0018103176507973232 --logdir=logs/ppo-pdptw_all-15m-r1/pdptw-LRC1_4_6 --communication=unix-socket -i=/tmp/pipes/unix-socket-1782572939586559,======,57531776.0,[(t:118.659-step:2528-v:13586.949)-(t:118.689-step:2529-v:13583.584)-(t:119.055-step:2530-v:13576.29)-(t:119.088-step:2531-v:13543.312)-(t:150.579-step:2863-v:13525.183)-(t:150.593-step:2864-v:13523.33)-(t:150.606-step:2865-v:13522.354)-(t:150.708-step:2866-v:13519.672)-(t:150.732-step:2867-v:13515.361)-(t:170.836-step:3142-v:13374.137)-(t:170.869-step:3143-v:13373.619)-(t:170.885-step:3144-v:13368.357)-(t:287.381-step:4452-v:13236.281)-(t:879.076-step:10677-v:12793.477)-(t:879.193-step:10678-v:12793.466)-(t:879.258-step:10679-v:12534.245)-(t:879.331-step:10680-v:12531.776)],405.184
ppo,examples/pdptw/pdptw_400/LRC1_4_7.txt,r1,900,4,ppo --device=auto-gpu --c1-start=0.34 --c1-end=0.06 --c1-n-secs=196 --c2-start=0.39 --c2-end=0.2 --c2-n-secs=431 --n-epochs=65 --lr-critic=7.315462310749335E-4 --clipping=11.799185331865313 --batch-size=15 --seed=4 --disable-training-logs --memory-size=1015 --lr=0.0018103176507973232 --logdir=logs/ppo-pdptw_all-15m-r1/pdptw-LRC1_4_7 --communication=unix-socket -i=/tmp/pipes/unix-socket-1782671376033814,======,56924073.0,[(t:208.354-step:4578-v:14095.545)-(t:212.067-step:4626-v:13897.556)-(t:212.102-step:4627-v:13896.919)-(t:229.448-step:4810-v:13812.193)-(t:229.463-step:4811-v:13808.535)-(t:243.902-step:4996-v:13726.589)-(t:244.623-step:4997-v:13722.804)-(t:244.645-step:4998-v:13642.44)-(t:820.426-step:11583-v:13165.491)-(t:820.444-step:11584-v:13164.733)-(t:820.465-step:11585-v:13144.23)-(t:820.509-step:11586-v:13122.611)-(t:820.536-step:11587-v:13120.161)-(t:820.582-step:11588-v:13097.966)-(t:820.632-step:11589-v:12952.538)-(t:820.684-step:11590-v:12951.062)-(t:820.755-step:11591-v:12924.073)],490.254
ppo,examples/pdptw/pdptw_400/LRC1_4_8.txt,r1,900,4,ppo --device=auto-gpu --c1-start=0.34 --c1-end=0.06 --c1-n-secs=196 --c2-start=0.39 --c2-end=0.2 --c2-n-secs=431 --n-epochs=65 --lr-critic=7.315462310749335E-4 --clipping=11.799185331865313 --batch-size=15 --seed=4 --disable-training-logs --memory-size=1015 --lr=0.0018103176507973232 --logdir=logs/ppo-pdptw_all-15m-r1/pdptw-LRC1_4_8 --communication=unix-socket -i=/tmp/pipes/unix-socket-1782703522158669,======,54712969.0,[(t:281.285-step:5779-v:13379.732)-(t:281.316-step:5780-v:13377.366)-(t:284.927-step:5833-v:13282.076)-(t:284.947-step:5834-v:13274.363)-(t:285.101-step:5835-v:13136.747)-(t:285.953-step:5836-v:13131.468)-(t:286.071-step:5837-v:13128.171)-(t:286.216-step:5838-v:13123.414)-(t:286.400-step:5839-v:13123.021)-(t:286.574-step:5840-v:13111.059)-(t:286.714-step:5841-v:12985.817)-(t:286.866-step:5842-v:12980.825)-(t:405.537-step:7040-v:12717.046)-(t:405.629-step:7041-v:12715.274)-(t:405.805-step:7042-v:12713.812)-(t:405.821-step:7043-v:12712.969)],515.734
ppo,examples/pdptw/pdptw_400/LRC1_4_9.txt,r1,900,4,ppo --device=auto-gpu --c1-start=0.34 --c1-end=0.06 --c1-n-secs=196 --c2-start=0.39 --c2-end=0.2 --c2-n-secs=431 --n-epochs=65 --lr-critic=7.315462310749335E-4 --clipping=11.799185331865313 --batch-size=15 --seed=4 --disable-training-logs --memory-size=1015 --lr=0.0018103176507973232 --logdir=logs/ppo-pdptw_all-15m-r1/pdptw-LRC1_4_9 --communication=unix-socket -i=/tmp/pipes/unix-socket-1782762224337774,======,54067894.0,[(t:209.735-step:3603-v:15304.416)-(t:407.763-step:5253-v:14703.364)-(t:407.782-step:5254-v:14702.431)-(t:448.617-step:5629-v:14195.15)-(t:710.723-step:8256-v:13832.926)-(t:710.817-step:8257-v:13728.496)-(t:710.830-step:8258-v:13726.916)-(t:710.884-step:8259-v:13724.728)-(t:710.949-step:8260-v:13721.421)-(t:711.049-step:8261-v:13721.413)-(t:711.125-step:8262-v:13719.798)-(t:726.462-step:8463-v:12959.174)-(t:726.506-step:8464-v:12957.489)-(t:726.610-step:8465-v:12957.1)-(t:726.703-step:8466-v:12953.505)-(t:726.840-step:8467-v:12947.456)-(t:726.985-step:8468-v:12942.965)],509.893
ppo,examples/pdptw/pdptw_400/LRC1_4_10.txt,r1,900,4,ppo --device=auto-gpu --c1-start=0.34 --c1-end=0.06 --c1-n-secs=196 --c2-start=0.39 --c2-end=0.2 --c2-n-secs=431 --n-epochs=65 --lr-critic=7.315462310749335E-4 --clipping=11.799185331865313 --batch-size=15 --seed=4 --disable-training-logs --memory-size=1015 --lr=0.0018103176507973232 --logdir=logs/ppo-pdptw_all-15m-r1/pdptw-LRC1_4_10 --communication=unix-socket -i=/tmp/pipes/unix-socket-1783172265025371,======,54836093.0,[(t:315.146-step:6346-v:15798.236)-(t:319.630-step:6411-v:15109.195)-(t:325.279-step:6486-v:14488.429)-(t:325.317-step:6487-v:14483.065)-(t:325.445-step:6488-v:14481.661)-(t:443.566-step:7800-v:14481.642)-(t:443.611-step:7801-v:14476.488)-(t:503.375-step:8368-v:14326.103)-(t:503.391-step:8369-v:14300.081)-(t:503.424-step:8370-v:14271.142)-(t:665.764-step:10111-v:13816.371)],608.316
ppo,examples/pdptw/pdptw_400/LRC2_4_6.txt,r1,900,4,ppo --device=auto-gpu --c1-start=0.34 --c1-end=0.06 --c1-n-secs=196 --c2-start=0.39 --c2-end=0.2 --c2-n-secs=431 --n-epochs=65 --lr-critic=7.315462310749335E-4 --clipping=11.799185331865313 --batch-size=15 --seed=4 --disable-training-logs --memory-size=1015 --lr=0.0018103176507973232 --logdir=logs/ppo-pdptw_all-15m-r1/pdptw-LRC2_4_6 --communication=unix-socket -i=/tmp/pipes/unix-socket-1783374335501156,======,36653393.0,[(t:363.298-step:6182-v:18515.71)-(t:363.335-step:6183-v:18513.983)-(t:705.141-step:9206-v:16653.393)],708.842
ppo,examples/pdptw/pdptw_400/LRC2_4_7.txt,r1,900,4,ppo --device=auto-gpu --c1-start=0.34 --c1-end=0.06 --c1-n-secs=196 --c2-start=0.39 --c2-end=0.2 --c2-n-secs=431 --n-epochs=65 --lr-critic=7.315462310749335E-4 --clipping=11.799185331865313 --batch-size=15 --seed=4 --disable-training-logs --memory-size=1015 --lr=0.0018103176507973232 --logdir=logs/ppo-pdptw_all-15m-r1/pdptw-LRC2_4_7 --communication=unix-socket -i=/tmp/pipes/unix-socket-1783431609066049,======,36197077.0,[(t:302.042-step:4070-v:18810.638)-(t:302.065-step:4071-v:18800.48)-(t:302.079-step:4072-v:18795.365)-(t:302.147-step:4073-v:18788.299)-(t:302.199-step:4074-v:18749.4)-(t:383.482-step:4816-v:18276.867)-(t:551.828-step:6374-v:18197.077)],694.32
ppo,examples/pdptw/pdptw_400/LRC2_4_8.txt,r1,900,4,ppo --device=auto-gpu --c1-start=0.34 --c1-end=0.06 --c1-n-secs=196 --c2-start=0.39 --c2-end=0.2 --c2-n-secs=431 --n-epochs=65 --lr-critic=7.315462310749335E-4 --clipping=11.799185331865313 --batch-size=15 --seed=4 --disable-training-logs --memory-size=1015 --lr=0.0018103176507973232 --logdir=logs/ppo-pdptw_all-15m-r1/pdptw-LRC2_4_8 --communication=unix-socket -i=/tmp/pipes/unix-socket-1783465474361259,======,34220576.0,[(t:323.543-step:6135-v:18529.18)-(t:325.580-step:6136-v:18526.897)-(t:412.743-step:7132-v:17220.576)],709.033
ppo,examples/pdptw/pdptw_400/LRC2_4_9.txt,r1,900,4,ppo --device=auto-gpu --c1-start=0.34 --c1-end=0.06 --c1-n-secs=196 --c2-start=0.39 --c2-end=0.2 --c2-n-secs=431 --n-epochs=65 --lr-critic=7.315462310749335E-4 --clipping=11.799185331865313 --batch-size=15 --seed=4 --disable-training-logs --memory-size=1015 --lr=0.0018103176507973232 --logdir=logs/ppo-pdptw_all-15m-r1/pdptw-LRC2_4_9 --communication=unix-socket -i=/tmp/pipes/unix-socket-1783482328146460,======,34778593.0,[(t:517.620-step:6007-v:21151.437)-(t:517.655-step:6008-v:21019.717)-(t:591.458-step:6678-v:19389.989)-(t:593.072-step:6679-v:19350.823)-(t:605.982-step:6821-v:19130.855)-(t:606.014-step:6822-v:19034.272)-(t:606.076-step:6823-v:19032.859)-(t:606.151-step:6824-v:18974.601)-(t:606.174-step:6825-v:18974.566)-(t:776.546-step:8249-v:18450.282)-(t:776.559-step:8250-v:18439.963)-(t:793.206-step:8431-v:17829.129)-(t:795.021-step:8432-v:17824.047)-(t:795.043-step:8433-v:17778.593)],773.524
ppo,examples/pdptw/pdptw_400/LRC2_4_10.txt,r1,900,4,ppo --device=auto-gpu --c1-start=0.34 --c1-end=0.06 --c1-n-secs=196 --c2-start=0.39 --c2-end=0.2 --c2-n-secs=431 --n-epochs=65 --lr-critic=7.315462310749335E-4 --clipping=11.799185331865313 --batch-size=15 --seed=4 --disable-training-logs --memory-size=1015 --lr=0.0018103176507973232 --logdir=logs/ppo-pdptw_all-15m-r1/pdptw-LRC2_4_10 --communication=unix-socket -i=/tmp/pipes/unix-socket-1783581212838250,======,34685153.0,[(t:279.011-step:4139-v:19685.153)],729.787
ppo,examples/pdptw/pdptw_600/LR2_6_9.txt,r1,900,4,ppo --device=auto-gpu --c1-start=0.34 --c1-end=0.06 --c1-n-secs=196 --c2-start=0.39 --c2-end=0.2 --c2-n-secs=431 --n-epochs=65 --lr-critic=7.315462310749335E-4 --clipping=11.799185331865313 --batch-size=15 --seed=4 --disable-training-logs --memory-size=1015 --lr=0.0018103176507973232 --logdir=logs/ppo-pdptw_all-15m-r1/pdptw-LR2_6_9 --communication=unix-socket -i=/tmp/pipes/unix-socket-1784639745613067,======,562006348993.0,[],900.0
ppo,examples/pdptw/pdptw_600/LR2_6_6.txt,r1,900,4,ppo --device=auto-gpu --c1-start=0.34 --c1-end=0.06 --c1-n-secs=196 --c2-start=0.39 --c2-end=0.2 --c2-n-secs=431 --n-epochs=65 --lr-critic=7.315462310749335E-4 --clipping=11.799185331865313 --batch-size=15 --seed=4 --disable-training-logs --memory-size=1015 --lr=0.0018103176507973232 --logdir=logs/ppo-pdptw_all-15m-r1/pdptw-LR2_6_6 --communication=unix-socket -i=/tmp/pipes/unix-socket-1784490782821967,======,67456865.0,[(t:683.404-step:4160-v:45462.96)-(t:683.437-step:4161-v:45459.008)-(t:683.464-step:4162-v:45457.426)-(t:683.505-step:4163-v:45456.865)],808.994
ppo,examples/pdptw/pdptw_600/LR2_6_7.txt,r1,900,4,ppo --device=auto-gpu --c1-start=0.34 --c1-end=0.06 --c1-n-secs=196 --c2-start=0.39 --c2-end=0.2 --c2-n-secs=431 --n-epochs=65 --lr-critic=7.315462310749335E-4 --clipping=11.799185331865313 --batch-size=15 --seed=4 --disable-training-logs --memory-size=1015 --lr=0.0018103176507973232 --logdir=logs/ppo-pdptw_all-15m-r1/pdptw-LR2_6_7 --communication=unix-socket -i=/tmp/pipes/unix-socket-1784491729966125,======,63760728.0,[(t:469.969-step:5031-v:44760.728)],759.297
ppo,examples/pdptw/pdptw_600/LR2_6_8.txt,r1,900,4,ppo --device=auto-gpu --c1-start=0.34 --c1-end=0.06 --c1-n-secs=196 --c2-start=0.39 --c2-end=0.2 --c2-n-secs=431 --n-epochs=65 --lr-critic=7.315462310749335E-4 --clipping=11.799185331865313 --batch-size=15 --seed=4 --disable-training-logs --memory-size=1015 --lr=0.0018103176507973232 --logdir=logs/ppo-pdptw_all-15m-r1/pdptw-LR2_6_8 --communication=unix-socket -i=/tmp/pipes/unix-socket-1784517705466258,======,72048238216.0,[],900.0
ppo,examples/pdptw/pdptw_600/LR2_6_10.txt,r1,900,4,ppo --device=auto-gpu --c1-start=0.34 --c1-end=0.06 --c1-n-secs=196 --c2-start=0.39 --c2-end=0.2 --c2-n-secs=431 --n-epochs=65 --lr-critic=7.315462310749335E-4 --clipping=11.799185331865313 --batch-size=15 --seed=4 --disable-training-logs --memory-size=1015 --lr=0.0018103176507973232 --logdir=logs/ppo-pdptw_all-15m-r1/pdptw-LR2_6_10 --communication=unix-socket -i=/tmp/pipes/unix-socket-1784640435069096,======,46057397274.0,[],900.0
ppo,examples/pdptw/pdptw_600/LRC2_6_6.txt,r1,900,4,ppo --device=auto-gpu --c1-start=0.34 --c1-end=0.06 --c1-n-secs=196 --c2-start=0.39 --c2-end=0.2 --c2-n-secs=431 --n-epochs=65 --lr-critic=7.315462310749335E-4 --clipping=11.799185331865313 --batch-size=15 --seed=4 --disable-training-logs --memory-size=1015 --lr=0.0018103176507973232 --logdir=logs/ppo-pdptw_all-15m-r1/pdptw-LRC2_6_6 --communication=unix-socket -i=/tmp/pipes/unix-socket-1784738552444397,======,8067430641.0,[],900.0
ppo,examples/pdptw/pdptw_600/LRC2_6_7.txt,r1,900,4,ppo --device=auto-gpu --c1-start=0.34 --c1-end=0.06 --c1-n-secs=196 --c2-start=0.39 --c2-end=0.2 --c2-n-secs=431 --n-epochs=65 --lr-critic=7.315462310749335E-4 --clipping=11.799185331865313 --batch-size=15 --seed=4 --disable-training-logs --memory-size=1015 --lr=0.0018103176507973232 --logdir=logs/ppo-pdptw_all-15m-r1/pdptw-LRC2_6_7 --communication=unix-socket -i=/tmp/pipes/unix-socket-1784743725396716,======,60058396538.0,[],900.0
ppo,examples/pdptw/pdptw_600/LRC2_6_9.txt,r1,900,4,ppo --device=auto-gpu --c1-start=0.34 --c1-end=0.06 --c1-n-secs=196 --c2-start=0.39 --c2-end=0.2 --c2-n-secs=431 --n-epochs=65 --lr-critic=7.315462310749335E-4 --clipping=11.799185331865313 --batch-size=15 --seed=4 --disable-training-logs --memory-size=1015 --lr=0.0018103176507973232 --logdir=logs/ppo-pdptw_all-15m-r1/pdptw-LRC2_6_9 --communication=unix-socket -i=/tmp/pipes/unix-socket-1785014684877922,======,65456574.0,[(t:801.791-step:6287-v:42456.574)],862.273
ppo,examples/pdptw/pdptw_600/LRC2_6_10.txt,r1,900,4,ppo --device=auto-gpu --c1-start=0.34 --c1-end=0.06 --c1-n-secs=196 --c2-start=0.39 --c2-end=0.2 --c2-n-secs=431 --n-epochs=65 --lr-critic=7.315462310749335E-4 --clipping=11.799185331865313 --batch-size=15 --seed=4 --disable-training-logs --memory-size=1015 --lr=0.0018103176507973232 --logdir=logs/ppo-pdptw_all-15m-r1/pdptw-LRC2_6_10 --communication=unix-socket -i=/tmp/pipes/unix-socket-1785400684763341,======,4063110965.0,[],900.0
ppo,examples/pdptw/pdptw_100/lc106.txt,r1,900,5,ppo --device=auto-gpu --c1-start=0.34 --c1-end=0.06 --c1-n-secs=196 --c2-start=0.39 --c2-end=0.2 --c2-n-secs=431 --n-epochs=65 --lr-critic=7.315462310749335E-4 --clipping=11.799185331865313 --batch-size=15 --seed=5 --disable-training-logs --memory-size=1015 --lr=0.0018103176507973232 --logdir=logs/ppo-pdptw_all-15m-r1/pdptw-lc106 --communication=unix-socket -i=/tmp/pipes/unix-socket-1785406456518566,======,10828960.0,[(t:4.719-step:143-v:1790.297)-(t:4.758-step:144-v:1766.706)-(t:5.892-step:169-v:1707.234)-(t:5.924-step:170-v:1703.012)-(t:6.006-step:171-v:1677.042)-(t:6.730-step:181-v:1622.57)-(t:6.749-step:182-v:1617.312)-(t:6.803-step:183-v:1605.165)-(t:10.575-step:279-v:1164.623)-(t:10.620-step:280-v:1138.448)-(t:10.965-step:292-v:1103.143)-(t:11.071-step:293-v:1057.798)-(t:11.083-step:294-v:1056.363)-(t:11.108-step:295-v:1056.149)-(t:149.842-step:3997-v:939.608)-(t:149.901-step:3998-v:933.228)-(t:150.665-step:4013-v:909.935)-(t:298.288-step:7592-v:842.008)-(t:307.827-step:7840-v:841.295)-(t:307.868-step:7841-v:838.497)-(t:307.941-step:7842-v:838.367)-(t:308.036-step:7843-v:831.758)-(t:308.076-step:7844-v:828.96)],51.01
ppo,examples/pdptw/pdptw_100/lc107.txt,r1,900,5,ppo --device=auto-gpu --c1-start=0.34 --c1-end=0.06 --c1-n-secs=196 --c2-start=0.39 --c2-end=0.2 --c2-n-secs=431 --n-epochs=65 --lr-critic=7.315462310749335E-4 --clipping=11.799185331865313 --batch-size=15 --seed=5 --disable-training-logs --memory-size=1015 --lr=0.0018103176507973232 --logdir=logs/ppo-pdptw_all-15m-r1/pdptw-lc107 --communication=unix-socket -i=/tmp/pipes/unix-socket-1785429566258273,======,10828960.0,[(t:6.217-step:164-v:1942.681)-(t:6.242-step:165-v:1866.392)-(t:6.316-step:166-v:1839.966)-(t:6.341-step:167-v:1838.366)-(t:11.483-step:272-v:1442.653)-(t:20.517-step:489-v:1330.471)-(t:35.207-step:799-v:1314.874)-(t:35.972-step:822-v:1200.136)-(t:36.567-step:840-v:1104.063)-(t:36.628-step:841-v:1102.529)-(t:36.719-step:842-v:1096.674)-(t:36.773-step:843-v:1051.952)-(t:36.857-step:844-v:1051.771)-(t:39.326-step:891-v:889.962)-(t:39.387-step:892-v:887.911)-(t:221.165-step:5537-v:873.976)-(t:221.261-step:5538-v:873.217)-(t:248.924-step:6250-v:828.96)],33.049
ppo,examples/pdptw/pdptw_100/lc108.txt,r1,900,5,ppo --device=auto-gpu --c1-start=0.34 --c1-end=0.06 --c1-n-secs=196 --c2-start=0.39 --c2-end=0.2 --c2-n-secs=431 --n-epochs=65 --lr-critic=7.315462310749335E-4 --clipping=11.799185331865313 --batch-size=15 --seed=5 --disable-training-logs --memory-size=1015 --lr=0.0018103176507973232 --logdir=logs/ppo-pdptw_all-15m-r1/pdptw-lc108 --communication=unix-socket -i=/tmp/pipes/unix-socket-1785553626541305,======,10831758.0,[(t:5.281-step:162-v:2399.873)-(t:5.327-step:163-v:2269.993)-(t:9.040-step:281-v:2179.602)-(t:31.633-step:956-v:1189.257)-(t:31.657-step:957-v:1187.426)-(t:31.709-step:958-v:1187.299)-(t:31.732-step:959-v:1187.073)-(t:31.801-step:960-v:1185.61)-(t:31.867-step:961-v:1185.091)-(t:31.926-step:962-v:1146.105)-(t:106.778-step:3259-v:1142.465)-(t:153.910-step:4677-v:1096.01)-(t:153.952-step:4678-v:1092.484)-(t:153.994-step:4679-v:1033.327)-(t:154.046-step:4680-v:1028.169)-(t:223.243-step:6712-v:902.53)-(t:223.304-step:6713-v:898.191)-(t:223.327-step:6714-v:897.416)-(t:223.734-step:6726-v:893.295)-(t:280.575-step:8470-v:858.96)-(t:280.652-step:8471-v:850.71)-(t:280.726-step:8472-v:847.912)-(t:280.761-step:8473-v:845.912)-(t:280.842-step:8474-v:838.807)-(t:280.934-step:8475-v:836.032)-(t:281.731-step:8502-v:833.946)-(t:281.750-step:8503-v:833.391)-(t:533.300-step:16380-v:832.96)-(t:534.296-step:16406-v:831.758)],78.066
ppo,examples/pdptw/pdptw_100/lc109.txt,r1,900,5,ppo --device=auto-gpu --c1-start=0.34 --c1-end=0.06 --c1-n-secs=196 --c2-start=0.39 --c2-end=0.2 --c2-n-secs=431 --n-epochs=65 --lr-critic=7.315462310749335E-4 --clipping=11.799185331865313 --batch-size=15 --seed=5 --disable-training-logs --memory-size=1015 --lr=0.0018103176507973232 --logdir=logs/ppo-pdptw_all-15m-r1/pdptw-lc109 --communication=unix-socket -i=/tmp/pipes/unix-socket-1785591988053460,======,10835968.0,[(t:5.958-step:153-v:1932.221)-(t:6.624-step:164-v:1899.779)-(t:6.641-step:165-v:1896.968)-(t:6.666-step:166-v:1871.663)-(t:6.708-step:167-v:1868.591)-(t:9.840-step:257-v:1684.634)-(t:12.385-step:301-v:1536.805)-(t:12.479-step:302-v:1501.738)-(t:152.144-step:4264-v:1399.49)-(t:152.172-step:4265-v:1398.045)-(t:152.225-step:4266-v:1393.138)-(t:153.705-step:4315-v:1205.188)-(t:157.908-step:4452-v:1183.525)-(t:157.948-step:4453-v:1182.103)-(t:157.971-step:4454-v:1174.054)-(t:157.997-step:4455-v:1172.223)-(t:352.849-step:10273-v:1107.163)-(t:352.891-step:10274-v:1103.625)-(t:355.040-step:10350-v:1080.158)-(t:355.060-step:10351-v:1075.51)-(t:385.455-step:11385-v:1072.152)-(t:385.495-step:11386-v:1070.707)-(t:385.547-step:11387-v:1033.233)-(t:385.613-step:11388-v:1029.948)-(t:385.631-step:11389-v:1029.593)-(t:385.652-step:11390-v:1028.955)-(t:691.749-step:20979-v:967.606)-(t:691.760-step:20980-v:964.063)-(t:691.771-step:20981-v:954.063)-(t:691.783-step:20982-v:953.304)-(t:691.847-step:20983-v:953.253)-(t:691.929-step:20984-v:950.816)-(t:693.079-step:21032-v:866.691)-(t:693.130-step:21033-v:862.908)-(t:693.147-step:21034-v:859.077)-(t:693.197-step:21035-v:858.353)-(t:693.215-step:21036-v:856.691)-(t:696.083-step:21126-v:854.319)-(t:696.127-step:21127-v:853.497)-(t:696.189-step:21128-v:842.527)-(t:696.224-step:21129-v:835.968)],129.955
ppo,examples/pdptw/pdptw_100/lc205.txt,r1,900,5,ppo --device=auto-gpu --c1-start=0.34 --c1-end=0.06 --c1-n-secs=196 --c2-start=0.39 --c2-end=0.2 --c2-n-secs=431 --n-epochs=65 --lr-critic=7.315462310749335E-4 --clipping=11.799185331865313 --batch-size=15 --seed=5 --disable-training-logs --memory-size=1015 --lr=0.0018103176507973232 --logdir=logs/ppo-pdptw_all-15m-r1/pdptw-lc205 --communication=unix-socket -i=/tmp/pipes/unix-socket-1785648370765521,======,5701839.0,[(t:4.748-step:186-v:2244.337)-(t:5.355-step:207-v:2042.767)-(t:5.378-step:208-v:1966.57)-(t:5.440-step:209-v:1963.393)-(t:5.478-step:210-v:1894.537)-(t:7.717-step:317-v:1587.699)-(t:7.736-step:318-v:1576.698)-(t:7.743-step:319-v:1563.898)-(t:10.486-step:433-v:1365.204)-(t:50.640-step:2030-v:1135.639)-(t:50.649-step:2031-v:1130.268)-(t:50.668-step:2032-v:1124.658)-(t:50.716-step:2033-v:1117.158)-(t:50.730-step:2034-v:1108.069)-(t:50.747-step:2035-v:1107.852)-(t:50.809-step:2036-v:1104.108)-(t:262.887-step:10490-v:902.389)-(t:262.957-step:10491-v:897.898)-(t:263.036-step:10492-v:896.764)-(t:263.064-step:10493-v:891.523)-(t:263.119-step:10494-v:885.86)-(t:570.631-step:23479-v:869.212)-(t:570.679-step:23480-v:866.488)-(t:570.696-step:23481-v:860.289)-(t:596.911-step:24568-v:806.262)-(t:596.990-step:24569-v:797.89)-(t:597.003-step:24570-v:795.237)-(t:597.046-step:24571-v:794.055)-(t:695.117-step:28776-v:754.452)-(t:765.421-step:31828-v:714.411)-(t:765.538-step:31829-v:711.382)-(t:765.631-step:31830-v:709.121)-(t:765.720-step:31831-v:705.67)-(t:765.825-step:31832-v:701.839)],304.363
ppo,examples/pdptw/pdptw_100/lc206.txt,r1,900,5,ppo --device=auto-gpu --c1-start=0.34 --c1-end=0.06 --c1-n-secs=196 --c2-start=0.39 --c2-end=0.2 --c2-n-secs=431 --n-epochs=65 --lr-critic=7.315462310749335E-4 --clipping=11.799185331865313 --batch-size=15 --seed=5 --disable-training-logs --memory-size=1015 --lr=0.0018103176507973232 --logdir=logs/ppo-pdptw_all-15m-r1/pdptw-lc206 --communication=unix-socket -i=/tmp/pipes/unix-socket-1785653788382062,======,5289674.0,[(t:9.790-step:295-v:1292.332)-(t:9.857-step:296-v:1289.674)],493.789
ppo,examples/pdptw/pdptw_100/lc207.txt,r1,900,5,ppo --device=auto-gpu --c1-start=0.34 --c1-end=0.06 --c1-n-secs=196 --c2-start=0.39 --c2-end=0.2 --c2-n-secs=431 --n-epochs=65 --lr-critic=7.315462310749335E-4 --clipping=11.799185331865313 --batch-size=15 --seed=5 --disable-training-logs --memory-size=1015 --lr=0.0018103176507973232 --logdir=logs/ppo-pdptw_all-15m-r1/pdptw-lc207 --communication=unix-socket -i=/tmp/pipes/unix-socket-1785924287687586,======,5152272.0,[(t:5.229-step:193-v:2250.446)-(t:12.806-step:555-v:1527.844)-(t:12.853-step:556-v:1511.836)-(t:12.895-step:557-v:1510.125)-(t:12.949-step:558-v:1509.47)-(t:12.965-step:559-v:1508.698)-(t:13.022-step:560-v:1503.538)-(t:13.169-step:561-v:1502.797)-(t:13.247-step:562-v:1501.507)-(t:56.874-step:2369-v:1491.898)-(t:58.174-step:2428-v:1390.679)-(t:58.181-step:2429-v:1387.94)-(t:58.191-step:2430-v:1384.677)-(t:85.298-step:3522-v:1078.178)-(t:85.308-step:3523-v:1077.854)-(t:85.315-step:3524-v:1073.169)-(t:85.323-step:3525-v:1066.556)-(t:85.381-step:3526-v:1056.024)-(t:85.390-step:3527-v:1055.034)-(t:85.448-step:3528-v:1048.972)-(t:85.503-step:3529-v:1044.55)-(t:85.515-step:3530-v:1036.152)-(t:85.529-step:3531-v:1018.359)],398.082
ppo,examples/pdptw/pdptw_100/lc208.txt,r1,900,5,ppo --device=auto-gpu --c1-start=0.34 --c1-end=0.06 --c1-n-secs=196 --c2-start=0.39 --c2-end=0.2 --c2-n-secs=431 --n-epochs=65 --lr-critic=7.315462310749335E-4 --clipping=11.799185331865313 --batch-size=15 --seed=5 --disable-training-logs --memory-size=1015 --lr=0.0018103176507973232 --logdir=logs/ppo-pdptw_all-15m-r1/pdptw-lc208 --communication=unix-socket -i=/tmp/pipes/unix-socket-1786312055762564,======,4965143.0,[(t:5.409-step:186-v:2048.899)-(t:5.423-step:187-v:2046.981)-(t:6.462-step:213-v:2005.629)-(t:6.493-step:214-v:1999.74)-(t:9.290-step:293-v:1632.78)-(t:33.673-step:1347-v:1627.996)-(t:33.732-step:1348-v:1624.406)-(t:33.743-step:1349-v:1616.423)-(t:68.990-step:2776-v:1548.274)-(t:69.019-step:2777-v:1546.317)-(t:69.054-step:2778-v:1541.85)-(t:69.066-step:2779-v:1541.093)-(t:69.092-step:2780-v:1540.662)-(t:69.107-step:2781-v:1526.691)-(t:332.447-step:13974-v:1487.837)-(t:368.589-step:15454-v:1401.726)-(t:368.965-step:15455-v:1295.917)-(t:369.040-step:15456-v:1295.652)-(t:369.068-step:15457-v:1290.724)-(t:369.102-step:15458-v:1289.975)-(t:369.118-step:15459-v:1278.586)-(t:620.656-step:26507-v:1250.944)-(t:620.684-step:26508-v:1240.942)-(t:620.787-step:26509-v:1234.191)-(t:620.823-step:26510-v:1232.483)-(t:623.934-step:26623-v:1162.975)-(t:624.009-step:26624-v:1161.316)-(t:624.059-step:26625-v:1158.033)-(t:624.071-step:26626-v:1156.126)-(t:625.693-step:26669-v:968.703)-(t:625.729-step:26670-v:967.056)-(t:625.831-step:26671-v:965.143)],475.774
ppo,examples/pdptw/pdptw_100/lr107.txt,r1,900,5,ppo --device=auto-gpu --c1-start=0.34 --c1-end=0.06 --c1-n-secs=196 --c2-start=0.39 --c2-end=0.2 --c2-n-secs=431 --n-epochs=65 --lr-critic=7.315462310749335E-4 --clipping=11.799185331865313 --batch-size=15 --seed=5 --disable-training-logs --memory-size=1015 --lr=0.0018103176507973232 --logdir=logs/ppo-pdptw_all-15m-r1/pdptw-lr107 --communication=unix-socket -i=/tmp/pipes/unix-socket-1786315937375773,======,13193796.0,[(t:7.417-step:169-v:1790.776)-(t:7.434-step:170-v:1788.674)-(t:7.461-step:171-v:1785.76)-(t:9.033-step:183-v:1760.005)-(t:9.096-step:184-v:1754.564)-(t:9.125-step:185-v:1716.953)-(t:9.137-step:186-v:1709.813)-(t:9.966-step:197-v:1656.53)-(t:11.424-step:231-v:1656.045)-(t:11.443-step:232-v:1646.358)-(t:11.464-step:233-v:1634.258)-(t:20.604-step:432-v:1599.059)-(t:20.714-step:436-v:1598.326)-(t:20.782-step:437-v:1598.085)-(t:28.282-step:573-v:1554.882)-(t:28.314-step:574-v:1553.333)-(t:28.341-step:575-v:1551.752)-(t:47.830-step:1027-v:1490.7)-(t:47.849-step:1028-v:1484.521)-(t:47.879-step:1029-v:1466.955)-(t:47.902-step:1030-v:1456.939)-(t:47.928-step:1031-v:1448.727)-(t:47.955-step:1032-v:1447.615)-(t:48.020-step:1033-v:1433.414)-(t:158.448-step:3767-v:1428.946)-(t:265.003-step:6362-v:1208.159)-(t:265.061-step:6363-v:1199.381)-(t:265.153-step:6364-v:1199.109)-(t:265.161-step:6365-v:1195.443)-(t:265.188-step:6366-v:1193.796)],112.083
ppo,examples/pdptw/pdptw_100/lr108.txt,r1,900,5,ppo --device=auto-gpu --c1-start=0.34 --c1-end=0.06 --c1-n-secs=196 --c2-start=0.39 --c2-end=0.2 --c2-n-secs=431 --n-epochs=65 --lr-critic=7.315462310749335E-4 --clipping=11.799185331865313 --batch-size=15 --seed=5 --disable-training-logs --memory-size=1015 --lr=0.0018103176507973232 --logdir=logs/ppo-pdptw_all-15m-r1/pdptw-lr108 --communication=unix-socket -i=/tmp/pipes/unix-socket-1786339066086102,======,12114539.0,[(t:11.182-step:242-v:1730.14)-(t:11.218-step:243-v:1716.151)-(t:11.295-step:244-v:1704.825)-(t:12.010-step:261-v:1699.746)-(t:12.048-step:262-v:1693.293)-(t:12.122-step:263-v:1663.042)-(t:12.206-step:264-v:1657.027)-(t:12.246-step:265-v:1652.978)-(t:12.422-step:272-v:1630.771)-(t:12.497-step:273-v:1615.094)-(t:21.755-step:466-v:1605.483)-(t:22.614-step:486-v:1588.283)-(t:22.631-step:487-v:1587.025)-(t:22.651-step:488-v:1574.146)-(t:38.725-step:826-v:1538.028)-(t:38.743-step:827-v:1526.971)-(t:38.776-step:828-v:1525.714)-(t:38.828-step:829-v:1525.616)-(t:38.863-step:830-v:1525.61)-(t:38.971-step:831-v:1519.864)-(t:38.995-step:832-v:1514.483)-(t:39.082-step:833-v:1453.95)-(t:40.870-step:900-v:1447.04)-(t:40.940-step:901-v:1395.667)-(t:73.853-step:1701-v:1382.578)-(t:73.867-step:1702-v:1379.869)-(t:73.881-step:1703-v:1366.581)-(t:73.903-step:1704-v:1352.004)-(t:73.994-step:1705-v:1347.955)-(t:74.950-step:1726-v:1320.939)-(t:74.975-step:1727-v:1319.194)-(t:174.968-step:4324-v:1309.438)-(t:174.990-step:4325-v:1305.593)-(t:175.016-step:4326-v:1298.883)-(t:175.076-step:4327-v:1295.691)-(t:175.172-step:4328-v:1267.438)-(t:175.190-step:4329-v:1265.348)-(t:175.216-step:4330-v:1262.153)-(t:175.286-step:4331-v:1230.917)-(t:175.305-step:4332-v:1223.008)-(t:294.478-step:7403-v:1221.063)-(t:294.509-step:7404-v:1217.668)-(t:294.539-step:7405-v:1217.45)-(t:294.550-step:7406-v:1211.472)-(t:294.571-step:7407-v:1211.269)-(t:294.654-step:7408-v:1208.469)-(t:294.666-step:7409-v:1201.574)-(t:294.678-step:7410-v:1201.201)-(t:294.769-step:7411-v:1186.553)-(t:447.661-step:11877-v:1132.672)-(t:487.464-step:13002-v:1127.858)-(t:487.479-step:13003-v:1122.643)-(t:714.093-step:19845-v:1114.539)],173.642
ppo,examples/pdptw/pdptw_100/lr109.txt,r1,900,5,ppo --device=auto-gpu --c1-start=0.34 --c1-end=0.06 --c1-n-secs=196 --c2-start=0.39 --c2-end=0.2 --c2-n-secs=431 --n-epochs=65 --lr-critic=7.315462310749335E-4 --clipping=11.799185331865313 --batch-size=15 --seed=5 --disable-training-logs --memory-size=1015 --lr=0.0018103176507973232 --logdir=logs/ppo-pdptw_all-15m-r1/pdptw-lr109 --communication=unix-socket -i=/tmp/pipes/unix-socket-1786462276330583,======,14289540.0,[(t:5.043-step:138-v:1865.244)-(t:5.103-step:142-v:1795.19)-(t:5.207-step:143-v:1771.195)-(t:5.278-step:144-v:1742.397)-(t:6.565-step:171-v:1690.831)-(t:6.605-step:172-v:1684.173)-(t:7.385-step:196-v:1671.929)-(t:7.399-step:197-v:1669.755)-(t:7.456-step:198-v:1669.555)-(t:7.546-step:199-v:1669.267)-(t:7.995-step:212-v:1601.556)-(t:8.009-step:213-v:1599.297)-(t:12.256-step:329-v:1530.295)-(t:66.526-step:1646-v:1528.19)-(t:121.346-step:3035-v:1448.719)-(t:121.389-step:3036-v:1445.276)-(t:121.437-step:3037-v:1432.23)-(t:121.466-step:3038-v:1431.083)-(t:121.488-step:3039-v:1426.638)-(t:121.995-step:3053-v:1360.839)-(t:122.058-step:3054-v:1356.711)-(t:559.303-step:13999-v:1355.885)-(t:803.533-step:20850-v:1291.842)-(t:803.574-step:20851-v:1289.54)],110.02
ppo,examples/pdptw/pdptw_100/lr110.txt,r1,900,5,ppo --device=auto-gpu --c1-start=0.34 --c1-end=0.06 --c1-n-secs=196 --c2-start=0.39 --c2-end=0.2 --c2-n-secs=431 --n-epochs=65 --lr-critic=7.315462310749335E-4 --clipping=11.799185331865313 --batch-size=15 --seed=5 --disable-training-logs --memory-size=1015 --lr=0.0018103176507973232 --logdir=logs/ppo-pdptw_all-15m-r1/pdptw-lr110 --communication=unix-socket -i=/tmp/pipes/unix-socket-1786500912912666,======,14282364.0,[(t:8.117-step:192-v:1625.936)-(t:8.166-step:193-v:1620.296)-(t:8.181-step:194-v:1620.191)-(t:8.217-step:195-v:1618.231)-(t:8.281-step:196-v:1610.314)-(t:59.182-step:1406-v:1478.955)-(t:59.200-step:1407-v:1473.285)-(t:59.249-step:1408-v:1469.609)-(t:59.335-step:1409-v:1469.173)-(t:59.736-step:1420-v:1464.586)-(t:59.808-step:1421-v:1456.129)-(t:59.823-step:1422-v:1450.715)-(t:61.277-step:1460-v:1430.192)-(t:61.329-step:1461-v:1423.261)-(t:61.440-step:1462-v:1423.053)-(t:150.717-step:3552-v:1408.847)-(t:151.232-step:3566-v:1407.877)-(t:151.302-step:3567-v:1406.719)-(t:151.319-step:3568-v:1406.074)-(t:151.335-step:3569-v:1405.085)-(t:289.905-step:6882-v:1404.322)-(t:289.930-step:6883-v:1396.228)-(t:412.981-step:10314-v:1360.869)-(t:413.021-step:10315-v:1351.537)-(t:413.083-step:10316-v:1350.46)-(t:413.110-step:10317-v:1349.851)-(t:413.165-step:10318-v:1346.379)-(t:413.223-step:10319-v:1341.986)-(t:413.905-step:10336-v:1337.309)-(t:725.041-step:19358-v:1282.364)],142.958
ppo,examples/pdptw/pdptw_100/lr111.txt,r1,900,5,ppo --device=auto-gpu --c1-start=0.34 --c1-end=0.06 --c1-n-secs=196 --c2-start=0.39 --c2-end=0.2 --c2-n-secs=431 --n-epochs=65 --lr-critic=7.315462310749335E-4 --clipping=11.799185331865313 --batch-size=15 --seed=5 --disable-training-logs --memory-size=1015 --lr=0.0018103176507973232 --logdir=logs/ppo-pdptw_all-15m-r1/pdptw-lr111 --communication=unix-socket -i=/tmp/pipes/unix-socket-1786556234666435,======,13338380.0,[(t:8.827-step:195-v:1860.565)-(t:8.871-step:196-v:1860.095)-(t:8.887-step:197-v:1854.733)-(t:8.920-step:198-v:1852.833)-(t:9.008-step:199-v:1832.008)-(t:9.563-step:214-v:1804.227)-(t:12.338-step:266-v:1716.097)-(t:12.351-step:267-v:1711.067)-(t:12.392-step:268-v:1688.527)-(t:12.455-step:269-v:1680.866)-(t:32.502-step:632-v:1679.859)-(t:33.161-step:643-v:1601.261)-(t:80.304-step:1657-v:1541.919)-(t:80.331-step:1658-v:1535.274)-(t:80.398-step:1659-v:1534.835)-(t:90.358-step:1869-v:1503.321)-(t:138.950-step:3068-v:1493.354)-(t:139.486-step:3091-v:1492.487)-(t:141.500-step:3128-v:1470.406)-(t:141.520-step:3129-v:1441.437)-(t:141.532-step:3130-v:1436.92)-(t:141.573-step:3131-v:1419.031)-(t:141.613-step:3132-v:1410.472)-(t:141.665-step:3133-v:1407.193)-(t:145.574-step:3189-v:1375.723)-(t:145.636-step:3190-v:1375.495)-(t:145.660-step:3191-v:1375.383)-(t:145.710-step:3192-v:1371.63)-(t:145.728-step:3193-v:1368.287)-(t:197.741-step:4516-v:1357.223)-(t:197.780-step:4517-v:1353.475)-(t:295.580-step:6722-v:1333.834)-(t:296.453-step:6752-v:1333.407)-(t:296.508-step:6753-v:1332.047)-(t:296.558-step:6754-v:1329.604)-(t:296.571-step:6755-v:1326.834)-(t:296.685-step:6756-v:1320.715)-(t:296.705-step:6757-v:1316.285)-(t:296.717-step:6758-v:1315.967)-(t:366.988-step:8698-v:1315.851)-(t:485.668-step:11775-v:1315.259)-(t:485.749-step:11776-v:1311.191)-(t:485.765-step:11777-v:1302.95)],168.021
ppo,examples/pdptw/pdptw_100/lr112.txt,r1,900,5,ppo --device=auto-gpu --c1-start=0.34 --c1-end=0.06 --c1-n-secs=196 --c2-start=0.39 --c2-end=0.2 --c2-n-secs=431 --n-epochs=65 --lr-critic=7.315462310749335E-4 --clipping=11.799185331865313 --batch-size=15 --seed=5 --disable-training-logs --memory-size=1015 --lr=0.0018103176507973232 --logdir=logs/ppo-pdptw_all-15m-r1/pdptw-lr112 --communication=unix-socket -i=/tmp/pipes/unix-socket-1786562193745129,======,12164730.0,[(t:7.030-step:163-v:1803.032)-(t:7.049-step:164-v:1797.805)-(t:7.072-step:165-v:1775.978)-(t:7.136-step:166-v:1762.765)-(t:7.539-step:177-v:1729.006)-(t:7.556-step:178-v:1724.605)-(t:7.696-step:179-v:1707.692)-(t:15.705-step:322-v:1696.713)-(t:15.755-step:323-v:1682.982)-(t:15.843-step:324-v:1681.985)-(t:15.893-step:325-v:1680.282)-(t:16.762-step:339-v:1648.156)-(t:16.826-step:340-v:1599.614)-(t:43.733-step:820-v:1579.666)-(t:43.747-step:821-v:1579.461)-(t:43.781-step:822-v:1578.682)-(t:43.819-step:823-v:1573.029)-(t:56.565-step:1207-v:1500.963)-(t:56.594-step:1208-v:1495.079)-(t:56.607-step:1209-v:1493.349)-(t:56.999-step:1222-v:1485.851)-(t:57.031-step:1223-v:1485.104)-(t:115.958-step:2760-v:1455.302)-(t:116.078-step:2761-v:1455.178)-(t:116.113-step:2762-v:1452.708)-(t:116.163-step:2763-v:1439.578)-(t:116.175-step:2764-v:1438.521)-(t:232.278-step:5697-v:1437.891)-(t:232.325-step:5698-v:1435.145)-(t:232.359-step:5699-v:1432.588)-(t:232.389-step:5700-v:1388.772)-(t:232.415-step:5701-v:1387.276)-(t:232.566-step:5707-v:1379.408)-(t:232.593-step:5708-v:1377.021)-(t:232.613-step:5709-v:1371.179)-(t:232.680-step:5710-v:1365.403)-(t:233.126-step:5725-v:1363.2)-(t:233.158-step:5726-v:1357.363)-(t:233.173-step:5727-v:1355.736)-(t:233.188-step:5728-v:1353.571)-(t:233.204-step:5729-v:1342.813)-(t:233.290-step:5730-v:1336.093)-(t:233.306-step:5731-v:1335.325)-(t:240.675-step:5912-v:1316.997)-(t:240.685-step:5913-v:1316.279)-(t:240.707-step:5914-v:1295.068)-(t:240.838-step:5915-v:1278.282)-(t:241.293-step:5927-v:1259.237)-(t:241.346-step:5928-v:1232.9)-(t:241.400-step:5929-v:1229.262)-(t:241.464-step:5930-v:1228.024)-(t:242.350-step:5954-v:1165.877)-(t:242.369-step:5955-v:1164.73)],173.462
ppo,examples/pdptw/pdptw_100/lr206.txt,r1,900,5,ppo --device=auto-gpu --c1-start=0.34 --c1-end=0.06 --c1-n-secs=196 --c2-start=0.39 --c2-end=0.2 --c2-n-secs=431 --n-epochs=65 --lr-critic=7.315462310749335E-4 --clipping=11.799185331865313 --batch-size=15 --seed=5 --disable-training-logs --memory-size=1015 --lr=0.0018103176507973232 --logdir=logs/ppo-pdptw_all-15m-r1/pdptw-lr206 --communication=unix-socket -i=/tmp/pipes/unix-socket-1786833430947015,======,5770943.0,[(t:18.102-step:715-v:2555.055)-(t:18.123-step:716-v:2520.147)-(t:24.226-step:878-v:2435.726)-(t:24.307-step:879-v:2433.223)-(t:24.319-step:880-v:2432.725)-(t:24.330-step:881-v:2426.586)-(t:24.344-step:882-v:2426.492)-(t:24.404-step:883-v:2412.323)-(t:24.428-step:884-v:2403.556)-(t:25.384-step:938-v:2387.467)-(t:26.567-step:983-v:2272.778)-(t:26.596-step:984-v:2241.051)-(t:26.608-step:985-v:2237.465)-(t:32.909-step:1240-v:2178.513)-(t:32.946-step:1241-v:2178.281)-(t:33.406-step:1267-v:2155.64)-(t:33.428-step:1268-v:2139.228)-(t:34.752-step:1325-v:2111.837)-(t:34.846-step:1326-v:2092.989)-(t:34.854-step:1327-v:2080.995)-(t:139.517-step:5031-v:2044.319)-(t:139.595-step:5032-v:2039.803)-(t:139.608-step:5033-v:2038.325)-(t:139.780-step:5034-v:2033.831)-(t:259.171-step:9015-v:1992.569)-(t:259.338-step:9016-v:1985.215)-(t:259.350-step:9017-v:1982.373)-(t:259.373-step:9018-v:1977.987)-(t:288.246-step:10183-v:1969.566)-(t:342.647-step:12284-v:1902.36)-(t:342.666-step:12285-v:1899.173)-(t:342.677-step:12286-v:1888.534)-(t:342.692-step:12287-v:1878.283)-(t:587.983-step:21608-v:1772.742)-(t:588.005-step:21609-v:1770.982)-(t:588.018-step:21610-v:1770.943)],466.423
ppo,examples/pdptw/pdptw_100/lr207.txt,r1,900,5,ppo --device=auto-gpu --c1-start=0.34 --c1-end=0.06 --c1-n-secs=196 --c2-start=0.39 --c2-end=0.2 --c2-n-secs=431 --n-epochs=65 --lr-critic=7.315462310749335E-4 --clipping=11.799185331865313 --batch-size=15 --seed=5 --disable-training-logs --memory-size=1015 --lr=0.0018103176507973232 --logdir=logs/ppo-pdptw_all-15m-r1/pdptw-lr207 --communication=unix-socket -i=/tmp/pipes/unix-socket-1787219946591420,======,5738392.0,[(t:18.309-step:800-v:2632.513)-(t:22.077-step:900-v:2450.513)-(t:22.102-step:901-v:2444.107)-(t:22.139-step:902-v:2439.63)-(t:23.784-step:975-v:2428.38)-(t:23.810-step:976-v:2414.212)-(t:23.922-step:977-v:2404.342)-(t:23.937-step:978-v:2402.19)-(t:30.247-step:1216-v:2223.778)-(t:67.658-step:2424-v:2187.736)-(t:67.776-step:2425-v:2177.6)-(t:87.897-step:3093-v:2172.393)-(t:87.913-step:3094-v:2168.484)-(t:87.942-step:3095-v:2160.602)-(t:135.149-step:4831-v:2157.206)-(t:135.172-step:4832-v:2156.252)-(t:135.284-step:4833-v:2144.561)-(t:135.365-step:4834-v:2142.391)-(t:135.384-step:4835-v:2124.177)-(t:150.296-step:5363-v:2112.376)-(t:150.310-step:5364-v:2107.772)-(t:150.454-step:5365-v:2101.863)-(t:150.477-step:5366-v:2092.068)-(t:150.486-step:5367-v:2084.59)-(t:334.323-step:11819-v:1969.88)-(t:334.343-step:11820-v:1959.844)-(t:334.370-step:11821-v:1912.113)-(t:334.392-step:11822-v:1912.038)-(t:334.408-step:11823-v:1907.369)-(t:554.978-step:21009-v:1850.445)-(t:555.299-step:21010-v:1849.7)-(t:555.308-step:21011-v:1843.839)-(t:555.318-step:21012-v:1843.693)-(t:555.541-step:21013-v:1841.643)-(t:767.889-step:30282-v:1832.649)-(t:767.908-step:30283-v:1832.536)-(t:767.925-step:30284-v:1832.052)-(t:767.971-step:30285-v:1820.959)-(t:767.988-step:30286-v:1815.61)-(t:768.006-step:30287-v:1810.93)-(t:768.120-step:30288-v:1804.323)-(t:768.156-step:30289-v:1796.644)-(t:768.180-step:30290-v:1796.612)-(t:880.393-step:35068-v:1783.708)-(t:880.425-step:35069-v:1782.358)-(t:880.433-step:35070-v:1782.237)-(t:881.850-step:35129-v:1741.813)-(t:881.887-step:35130-v:1740.215)-(t:881.953-step:35131-v:1738.392)],490.566
ppo,examples/pdptw/pdptw_100/lr208.txt,r1,900,5,ppo --device=auto-gpu --c1-start=0.34 --c1-end=0.06 --c1-n-secs=196 --c2-start=0.39 --c2-end=0.2 --c2-n-secs=431 --n-epochs=65 --lr-critic=7.315462310749335E-4 --clipping=11.799185331865313 --batch-size=15 --seed=5 --disable-training-logs --memory-size=1015 --lr=0.0018103176507973232 --logdir=logs/ppo-pdptw_all-15m-r1/pdptw-lr208 --communication=unix-socket -i=/tmp/pipes/unix-socket-1787225052267697,======,4642403.0,[(t:24.766-step:953-v:2181.569)-(t:24.900-step:954-v:2179.901)-(t:24.922-step:955-v:2179.072)-(t:24.959-step:956-v:2178.233)-(t:25.558-step:995-v:2165.71)-(t:26.718-step:1016-v:2158.271)-(t:26.728-step:1017-v:2152.71)-(t:27.715-step:1056-v:2139.245)-(t:27.838-step:1057-v:2118.421)-(t:27.849-step:1058-v:2116.922)-(t:27.881-step:1059-v:2092.997)-(t:27.900-step:1060-v:2051.662)-(t:27.912-step:1061-v:2048.543)-(t:27.952-step:1062-v:2046.968)-(t:38.223-step:1414-v:2009.371)-(t:38.243-step:1415-v:2008.8)-(t:38.324-step:1416-v:2007.575)-(t:102.966-step:3259-v:1999.142)-(t:102.977-step:3260-v:1998.653)-(t:102.990-step:3261-v:1993.942)-(t:103.009-step:3262-v:1988.592)-(t:103.034-step:3263-v:1988.49)-(t:103.062-step:3264-v:1986.849)-(t:103.077-step:3265-v:1986.809)-(t:103.091-step:3266-v:1985.441)-(t:103.118-step:3267-v:1985.435)-(t:103.163-step:3268-v:1964.88)-(t:103.180-step:3269-v:1959.306)-(t:151.564-step:4871-v:1928.273)-(t:151.591-step:4872-v:1927.262)-(t:151.599-step:4873-v:1917.272)-(t:151.612-step:4874-v:1909.428)-(t:196.623-step:6165-v:1869.652)-(t:196.728-step:6166-v:1868.351)-(t:196.757-step:6167-v:1850.071)-(t:196.768-step:6168-v:1850.036)-(t:196.779-step:6169-v:1840.717)-(t:303.769-step:9712-v:1767.381)-(t:303.786-step:9713-v:1764.489)-(t:303.798-step:9714-v:1756.128)-(t:303.824-step:9715-v:1753.839)-(t:361.476-step:11822-v:1719.832)-(t:361.487-step:11823-v:1719.204)-(t:387.054-step:12764-v:1694.108)-(t:387.079-step:12765-v:1690.661)-(t:387.092-step:12766-v:1652.414)-(t:387.107-step:12767-v:1642.403)],528.575
ppo,examples/pdptw/pdptw_100/lr209.txt,r1,900,5,ppo --device=auto-gpu --c1-start=0.34 --c1-end=0.06 --c1-n-secs=196 --c2-start=0.39 --c2-end=0.2 --c2-n-secs=431 --n-epochs=65 --lr-critic=7.315462310749335E-4 --clipping=11.799185331865313 --batch-size=15 --seed=5 --disable-training-logs --memory-size=1015 --lr=0.0018103176507973232 --logdir=logs/ppo-pdptw_all-15m-r1/pdptw-lr209 --communication=unix-socket -i=/tmp/pipes/unix-socket-1787248059150409,======,5306003.0,[(t:21.958-step:761-v:2210.965)-(t:21.998-step:762-v:2210.537)-(t:22.007-step:763-v:2210.428)-(t:22.033-step:764-v:2204.715)-(t:22.042-step:765-v:2202.201)-(t:22.070-step:766-v:2193.946)-(t:22.079-step:767-v:2190.598)-(t:24.545-step:816-v:2176.965)-(t:24.575-step:817-v:2162.914)-(t:46.877-step:1577-v:2106.386)-(t:47.071-step:1578-v:2104.732)-(t:47.082-step:1579-v:2100.675)-(t:119.432-step:3844-v:1981.548)-(t:119.460-step:3845-v:1974.407)-(t:119.515-step:3846-v:1970.819)-(t:121.249-step:3913-v:1877.45)-(t:121.258-step:3914-v:1874.189)-(t:121.273-step:3915-v:1873.061)-(t:121.286-step:3916-v:1872.817)-(t:121.386-step:3917-v:1869.452)-(t:121.419-step:3918-v:1868.615)-(t:121.521-step:3919-v:1868.145)-(t:121.536-step:3920-v:1867.423)-(t:121.557-step:3921-v:1858.642)-(t:121.584-step:3922-v:1857.485)-(t:296.770-step:9235-v:1812.095)-(t:296.786-step:9236-v:1800.208)-(t:296.920-step:9237-v:1790.17)-(t:333.798-step:10633-v:1763.363)-(t:333.828-step:10634-v:1740.4)-(t:333.922-step:10635-v:1732.054)-(t:541.671-step:18579-v:1654.819)-(t:541.687-step:18580-v:1649.99)-(t:541.723-step:18581-v:1641.395)-(t:544.033-step:18701-v:1519.025)-(t:544.079-step:18702-v:1516.537)-(t:648.059-step:23052-v:1450.826)-(t:648.071-step:23053-v:1438.684)-(t:648.174-step:23054-v:1431.724)-(t:862.362-step:32225-v:1306.316)-(t:862.374-step:32226-v:1306.003)],406.144
ppo,examples/pdptw/pdptw_100/lr210.txt,r1,900,5,ppo --device=auto-gpu --c1-start=0.34 --c1-end=0.06 --c1-n-secs=196 --c2-start=0.39 --c2-end=0.2 --c2-n-secs=431 --n-epochs=65 --lr-critic=7.315462310749335E-4 --clipping=11.799185331865313 --batch-size=15 --seed=5 --disable-training-logs --memory-size=1015 --lr=0.0018103176507973232 --logdir=logs/ppo-pdptw_all-15m-r1/pdptw-lr210 --communication=unix-socket -i=/tmp/pipes/unix-socket-1787372104644499,======,6021393.0,[(t:7.216-step:325-v:2220.129)-(t:7.233-step:326-v:2210.268)-(t:7.244-step:327-v:2201.01)-(t:22.781-step:927-v:2083.03)-(t:22.798-step:928-v:2080.614)-(t:22.809-step:929-v:2075.056)-(t:22.855-step:930-v:2057.69)-(t:22.974-step:931-v:2049.847)-(t:22.999-step:932-v:2044.889)-(t:347.338-step:12927-v:1993.637)-(t:347.355-step:12928-v:1982.616)-(t:347.383-step:12929-v:1979.383)-(t:347.445-step:12930-v:1946.679)-(t:475.726-step:18217-v:1877.786)-(t:475.751-step:18218-v:1876.646)-(t:475.775-step:18219-v:1849.843)-(t:475.797-step:18220-v:1849.332)-(t:475.899-step:18221-v:1849.292)-(t:475.915-step:18222-v:1845.834)],454.923
ppo,examples/pdptw/pdptw_100/lr211.txt,r1,900,5,ppo --device=auto-gpu --c1-start=0.34 --c1-end=0.06 --c1-n-secs=196 --c2-start=0.39 --c2-end=0.2 --c2-n-secs=431 --n-epochs=65 --lr-critic=7.315462310749335E-4 --clipping=11.799185331865313 --batch-size=15 --seed=5 --disable-training-logs --memory-size=1015 --lr=0.0018103176507973232 --logdir=logs/ppo-pdptw_all-15m-r1/pdptw-lr211 --communication=unix-socket -i=/tmp/pipes/unix-socket-1787410866998488,======,5497435.0,[(t:8.403-step:315-v:2327.191)-(t:26.971-step:877-v:2273.439)-(t:26.997-step:878-v:2237.88)-(t:37.012-step:1157-v:2200.311)-(t:37.146-step:1158-v:2140.495)-(t:37.159-step:1159-v:2130.861)-(t:37.186-step:1160-v:2127.917)-(t:63.954-step:1866-v:2121.123)-(t:64.542-step:1890-v:2117.265)-(t:64.571-step:1891-v:2109.729)-(t:90.398-step:2649-v:2069.312)-(t:90.408-step:2650-v:2057.623)-(t:90.427-step:2651-v:2055.397)-(t:90.439-step:2652-v:2049.28)-(t:91.873-step:2653-v:2046.882)-(t:91.884-step:2654-v:2045.869)-(t:114.390-step:3320-v:1927.279)-(t:133.159-step:3919-v:1868.123)-(t:133.361-step:3920-v:1860.433)-(t:133.387-step:3921-v:1853.714)-(t:133.414-step:3922-v:1852.738)-(t:133.527-step:3923-v:1829.171)-(t:133.559-step:3924-v:1820.645)-(t:133.584-step:3925-v:1809.0)-(t:249.286-step:7650-v:1648.295)-(t:249.316-step:7651-v:1647.483)-(t:654.067-step:21035-v:1611.372)-(t:654.128-step:21036-v:1599.179)-(t:654.145-step:21037-v:1583.822)-(t:654.166-step:21038-v:1583.812)-(t:896.282-step:30427-v:1533.863)-(t:896.394-step:30428-v:1533.317)-(t:896.413-step:30429-v:1528.6)-(t:896.490-step:30430-v:1519.716)-(t:896.567-step:30431-v:1516.777)-(t:896.649-step:30432-v:1514.827)-(t:896.689-step:30433-v:1508.276)-(t:896.730-step:30434-v:1502.082)-(t:896.749-step:30435-v:1498.307)-(t:896.760-step:30436-v:1497.761)-(t:896.784-step:30437-v:1497.435)],421.985
ppo,examples/pdptw/pdptw_100/lrc105.txt,r1,900,5,ppo --device=auto-gpu --c1-start=0.34 --c1-end=0.06 --c1-n-secs=196 --c2-start=0.39 --c2-end=0.2 --c2-n-secs=431 --n-epochs=65 --lr-critic=7.315462310749335E-4 --clipping=11.799185331865313 --batch-size=15 --seed=5 --disable-training-logs --memory-size=1015 --lr=0.0018103176507973232 --logdir=logs/ppo-pdptw_all-15m-r1/pdptw-lrc105 --communication=unix-socket -i=/tmp/pipes/unix-socket-1787465410677192,======,16768416.0,[(t:6.170-step:174-v:2399.572)-(t:6.198-step:175-v:2395.572)-(t:6.214-step:176-v:2394.258)-(t:6.236-step:177-v:2375.446)-(t:6.695-step:190-v:2347.335)-(t:8.707-step:237-v:2232.646)-(t:8.761-step:238-v:2198.582)-(t:9.157-step:247-v:2119.282)-(t:9.198-step:248-v:2107.981)-(t:9.279-step:249-v:2106.41)-(t:38.536-step:890-v:2103.411)-(t:38.976-step:891-v:2046.546)-(t:39.037-step:892-v:2044.25)-(t:39.066-step:893-v:2040.901)-(t:39.942-step:917-v:2006.006)-(t:39.996-step:918-v:1994.844)-(t:40.103-step:919-v:1988.662)-(t:40.179-step:920-v:1956.499)-(t:40.200-step:921-v:1955.904)-(t:40.541-step:932-v:1952.247)-(t:66.977-step:1533-v:1941.971)-(t:67.030-step:1534-v:1928.943)-(t:146.984-step:3372-v:1922.829)-(t:147.034-step:3373-v:1903.308)-(t:148.151-step:3389-v:1879.139)-(t:148.199-step:3390-v:1877.616)-(t:311.851-step:7132-v:1775.062)-(t:313.037-step:7144-v:1768.416)],94.922
ppo,examples/pdptw/pdptw_100/lrc106.txt,r1,900,5,ppo --device=auto-gpu --c1-start=0.34 --c1-end=0.06 --c1-n-secs=196 --c2-start=0.39 --c2-end=0.2 --c2-n-secs=431 --n-epochs=65 --lr-critic=7.315462310749335E-4 --clipping=11.799185331865313 --batch-size=15 --seed=5 --disable-training-logs --memory-size=1015 --lr=0.0018103176507973232 --logdir=logs/ppo-pdptw_all-15m-r1/pdptw-lrc106 --communication=unix-socket -i=/tmp/pipes/unix-socket-1787471066570331,======,15666529.0,[(t:6.268-step:153-v:2182.513)-(t:6.284-step:154-v:2182.152)-(t:6.743-step:159-v:2123.993)-(t:6.776-step:160-v:2115.339)-(t:6.816-step:161-v:2110.374)-(t:6.876-step:162-v:2109.878)-(t:11.816-step:260-v:2002.252)-(t:11.867-step:261-v:1999.206)-(t:29.167-step:733-v:1898.395)-(t:29.259-step:734-v:1895.807)-(t:29.676-step:747-v:1892.809)-(t:29.840-step:754-v:1866.875)-(t:29.860-step:755-v:1862.458)-(t:29.889-step:756-v:1859.319)-(t:29.936-step:757-v:1856.768)-(t:31.793-step:767-v:1854.57)-(t:31.838-step:768-v:1852.947)-(t:60.192-step:1495-v:1826.145)-(t:102.553-step:2459-v:1759.886)-(t:102.587-step:2460-v:1730.819)-(t:102.613-step:2461-v:1727.231)-(t:102.627-step:2462-v:1722.542)-(t:102.647-step:2463-v:1716.705)-(t:102.695-step:2464-v:1714.95)-(t:126.703-step:3115-v:1711.572)-(t:126.737-step:3116-v:1709.436)-(t:169.915-step:4296-v:1687.824)-(t:169.958-step:4297-v:1681.967)-(t:170.714-step:4313-v:1669.908)-(t:171.531-step:4327-v:1668.766)-(t:171.558-step:4328-v:1666.529)],146.785
ppo,examples/pdptw/pdptw_100/lrc107.txt,r1,900,5,ppo --device=auto-gpu --c1-start=0.34 --c1-end=0.06 --c1-n-secs=196 --c2-start=0.39 --c2-end=0.2 --c2-n-secs=431 --n-epochs=65 --lr-critic=7.315462310749335E-4 --clipping=11.799185331865313 --batch-size=15 --seed=5 --disable-training-logs --memory-size=1015 --lr=0.0018103176507973232 --logdir=logs/ppo-pdptw_all-15m-r1/pdptw-lrc107 --communication=unix-socket -i=/tmp/pipes/unix-socket-1787741943573712,======,13417987.0,[(t:9.546-step:212-v:2121.656)-(t:13.406-step:298-v:2078.29)-(t:13.433-step:299-v:2072.29)-(t:13.447-step:300-v:2068.784)-(t:13.505-step:301-v:2034.055)-(t:14.648-step:337-v:1994.836)-(t:14.920-step:346-v:1963.255)-(t:14.961-step:347-v:1962.61)-(t:24.054-step:493-v:1907.207)-(t:24.084-step:494-v:1905.363)-(t:24.139-step:495-v:1901.532)-(t:25.659-step:518-v:1882.065)-(t:25.774-step:519-v:1878.503)-(t:25.828-step:520-v:1866.924)-(t:25.905-step:521-v:1802.789)-(t:25.944-step:522-v:1794.0)-(t:46.760-step:944-v:1753.254)-(t:46.840-step:945-v:1713.997)-(t:47.543-step:959-v:1662.365)-(t:48.985-step:992-v:1630.261)-(t:49.001-step:993-v:1627.875)-(t:49.443-step:1004-v:1592.145)-(t:49.484-step:1005-v:1584.037)-(t:49.568-step:1006-v:1577.234)-(t:49.590-step:1007-v:1576.185)-(t:53.471-step:1095-v:1553.706)-(t:135.842-step:3153-v:1504.774)-(t:165.282-step:3889-v:1485.463)-(t:165.295-step:3890-v:1483.849)-(t:525.045-step:12409-v:1417.987)],157.685
ppo,examples/pdptw/pdptw_100/lrc108.txt,r1,900,5,ppo --device=auto-gpu --c1-start=0.34 --c1-end=0.06 --c1-n-secs=196 --c2-start=0.39 --c2-end=0.2 --c2-n-secs=431 --n-epochs=65 --lr-critic=7.315462310749335E-4 --clipping=11.799185331865313 --batch-size=15 --seed=5 --disable-training-logs --memory-size=1015 --lr=0.0018103176507973232 --logdir=logs/ppo-pdptw_all-15m-r1/pdptw-lrc108 --communication=unix-socket -i=/tmp/pipes/unix-socket-1788128530328637,======,13373429.0,[(t:8.094-step:187-v:2011.923)-(t:8.160-step:188-v:2009.083)-(t:8.877-step:202-v:1938.848)-(t:8.891-step:203-v:1932.881)-(t:9.050-step:205-v:1914.981)-(t:10.346-step:233-v:1863.027)-(t:10.404-step:234-v:1862.204)-(t:10.431-step:235-v:1858.204)-(t:10.508-step:236-v:1857.389)-(t:10.524-step:237-v:1856.872)-(t:10.552-step:238-v:1850.475)-(t:50.556-step:1114-v:1778.945)-(t:50.600-step:1115-v:1778.943)-(t:51.206-step:1139-v:1719.723)-(t:51.238-step:1140-v:1718.336)-(t:51.347-step:1141-v:1706.517)-(t:72.188-step:1598-v:1692.275)-(t:72.210-step:1599-v:1692.274)-(t:72.226-step:1600-v:1690.88)-(t:72.250-step:1601-v:1688.526)-(t:72.335-step:1602-v:1684.83)-(t:72.370-step:1603-v:1658.703)-(t:72.402-step:1604-v:1642.983)-(t:73.726-step:1644-v:1640.453)-(t:73.766-step:1645-v:1599.832)-(t:73.826-step:1646-v:1596.814)-(t:73.839-step:1647-v:1592.983)-(t:73.858-step:1648-v:1591.288)-(t:74.208-step:1649-v:1562.602)-(t:74.818-step:1673-v:1561.154)-(t:74.895-step:1674-v:1559.14)-(t:74.942-step:1675-v:1545.818)-(t:74.983-step:1676-v:1533.177)-(t:75.049-step:1677-v:1521.713)-(t:75.066-step:1678-v:1519.713)-(t:75.078-step:1679-v:1515.713)-(t:75.093-step:1680-v:1515.572)-(t:75.113-step:1681-v:1513.771)-(t:156.725-step:3605-v:1502.922)-(t:156.805-step:3606-v:1498.415)-(t:156.875-step:3607-v:1496.528)-(t:156.945-step:3608-v:1483.887)-(t:156.999-step:3609-v:1475.469)-(t:157.058-step:3610-v:1472.867)-(t:157.121-step:3616-v:1411.961)-(t:157.129-step:3617-v:1407.754)-(t:157.149-step:3618-v:1407.556)-(t:157.157-step:3619-v:1403.75)-(t:157.201-step:3620-v:1390.156)-(t:157.252-step:3621-v:1389.898)-(t:157.313-step:3622-v:1380.97)-(t:157.333-step:3623-v:1379.308)-(t:157.343-step:3624-v:1373.589)-(t:279.606-step:6642-v:1373.429)],174.341
ppo,examples/pdptw/pdptw_100/lrc205.txt,r1,900,5,ppo --device=auto-gpu --c1-start=0.34 --c1-end=0.06 --c1-n-secs=196 --c2-start=0.39 --c2-end=0.2 --c2-n-secs=431 --n-epochs=65 --lr-critic=7.315462310749335E-4 --clipping=11.799185331865313 --batch-size=15 --seed=5 --disable-training-logs --memory-size=1015 --lr=0.0018103176507973232 --logdir=logs/ppo-pdptw_all-15m-r1/pdptw-lrc205 --communication=unix-socket -i=/tmp/pipes/unix-socket-1788134631218807,======,7960985.0,[(t:6.754-step:192-v:2990.622)-(t:7.645-step:213-v:2971.865)-(t:7.667-step:214-v:2970.17)-(t:7.719-step:215-v:2960.659)-(t:7.757-step:216-v:2957.881)-(t:7.826-step:217-v:2939.143)-(t:25.565-step:732-v:2917.118)-(t:25.602-step:733-v:2866.338)-(t:26.136-step:745-v:2712.507)-(t:26.213-step:746-v:2704.122)-(t:31.121-step:871-v:2695.138)-(t:31.133-step:872-v:2691.136)-(t:31.158-step:873-v:2684.31)-(t:31.166-step:874-v:2682.265)-(t:31.225-step:875-v:2681.125)-(t:32.808-step:943-v:2555.414)-(t:32.894-step:944-v:2546.921)-(t:32.913-step:945-v:2545.307)-(t:32.922-step:946-v:2544.8)-(t:39.058-step:1140-v:2420.692)-(t:39.077-step:1141-v:2419.48)-(t:39.097-step:1142-v:2418.109)-(t:39.118-step:1143-v:2413.554)-(t:39.221-step:1144-v:2413.212)-(t:66.942-step:1909-v:2297.812)-(t:67.326-step:1926-v:2287.908)-(t:67.353-step:1927-v:2286.573)-(t:122.297-step:3596-v:2268.126)-(t:452.013-step:14212-v:2205.047)-(t:452.098-step:14213-v:2180.347)-(t:452.168-step:14214-v:2163.388)-(t:452.184-step:14215-v:2148.698)-(t:452.258-step:14216-v:2148.245)-(t:452.278-step:14217-v:2140.048)-(t:452.310-step:14218-v:2129.759)-(t:452.406-step:14219-v:2083.498)-(t:452.510-step:14220-v:2063.511)-(t:452.524-step:14221-v:2059.866)-(t:568.689-step:18300-v:2044.026)-(t:818.463-step:26907-v:1982.226)-(t:818.473-step:26908-v:1979.739)-(t:818.539-step:26909-v:1960.985)],362.109
ppo,examples/pdptw/pdptw_100/lrc206.txt,r1,900,5,ppo --device=auto-gpu --c1-start=0.34 --c1-end=0.06 --c1-n-secs=196 --c2-start=0.39 --c2-end=0.2 --c2-n-secs=431 --n-epochs=65 --lr-critic=7.315462310749335E-4 --clipping=11.799185331865313 --batch-size=15 --seed=5 --disable-training-logs --memory-size=1015 --lr=0.0018103176507973232 --logdir=logs/ppo-pdptw_all-15m-r1/pdptw-lrc206 --communication=unix-socket -i=/tmp/pipes/unix-socket-1788156428161500,======,6722398.0,[(t:10.211-step:335-v:2371.577)-(t:10.258-step:336-v:2318.652)-(t:10.275-step:337-v:2313.945)-(t:324.451-step:10092-v:2262.181)-(t:324.504-step:10093-v:2260.851)-(t:480.587-step:15583-v:2191.879)-(t:480.599-step:15584-v:2145.89)-(t:480.636-step:15585-v:2145.508)-(t:480.674-step:15586-v:2135.746)-(t:480.736-step:15587-v:2129.102)-(t:588.093-step:19523-v:1951.109)-(t:588.115-step:19524-v:1950.682)-(t:588.134-step:19525-v:1936.968)-(t:588.153-step:19526-v:1936.041)-(t:588.164-step:19527-v:1933.491)-(t:588.212-step:19528-v:1928.105)-(t:775.936-step:26502-v:1922.705)-(t:775.972-step:26503-v:1922.472)-(t:776.007-step:26504-v:1921.965)-(t:778.073-step:26620-v:1728.391)-(t:778.113-step:26621-v:1724.877)-(t:778.205-step:26622-v:1722.672)-(t:778.249-step:26623-v:1722.398)],407.783
ppo,examples/pdptw/pdptw_100/lrc207.txt,r1,900,5,ppo --device=auto-gpu --c1-start=0.34 --c1-end=0.06 --c1-n-secs=196 --c2-start=0.39 --c2-end=0.2 --c2-n-secs=431 --n-epochs=65 --lr-critic=7.315462310749335E-4 --clipping=11.799185331865313 --batch-size=15 --seed=5 --disable-training-logs --memory-size=1015 --lr=0.0018103176507973232 --logdir=logs/ppo-pdptw_all-15m-r1/pdptw-lrc207 --communication=unix-socket -i=/tmp/pipes/unix-socket-1788280720069945,======,7099294.0,[(t:17.687-step:754-v:3082.644)-(t:17.700-step:755-v:3076.657)-(t:23.000-step:897-v:3035.768)-(t:23.020-step:898-v:3020.472)-(t:27.985-step:1064-v:2778.498)-(t:28.001-step:1065-v:2772.058)-(t:28.015-step:1066-v:2769.484)-(t:28.024-step:1067-v:2764.31)-(t:28.036-step:1068-v:2758.742)-(t:28.061-step:1069-v:2749.475)-(t:30.719-step:1206-v:2699.943)-(t:54.713-step:1774-v:2689.251)-(t:54.727-step:1775-v:2688.48)-(t:54.776-step:1776-v:2683.881)-(t:97.652-step:2949-v:2327.494)-(t:536.517-step:16878-v:2191.722)-(t:536.694-step:16879-v:2190.139)-(t:663.829-step:21630-v:2140.918)-(t:663.844-step:21631-v:2140.532)-(t:663.906-step:21632-v:2138.971)-(t:663.969-step:21633-v:2138.116)-(t:663.990-step:21634-v:2133.47)-(t:889.300-step:29687-v:2131.273)-(t:889.343-step:29688-v:2106.186)-(t:889.393-step:29689-v:2100.646)-(t:889.438-step:29690-v:2099.294)],489.281
ppo,examples/pdptw/pdptw_100/lrc208.txt,r1,900,5,ppo --device=auto-gpu --c1-start=0.34 --c1-end=0.06 --c1-n-secs=196 --c2-start=0.39 --c2-end=0.2 --c2-n-secs=431 --n-epochs=65 --lr-critic=7.315462310749335E-4 --clipping=11.799185331865313 --batch-size=15 --seed=5 --disable-training-logs --memory-size=1015 --lr=0.0018103176507973232 --logdir=logs/ppo-pdptw_all-15m-r1/pdptw-lrc208 --communication=unix-socket -i=/tmp/pipes/unix-socket-1788319893654671,======,5715470.0,[(t:18.239-step:746-v:2889.701)-(t:18.254-step:747-v:2889.64)-(t:24.474-step:903-v:2885.315)-(t:24.505-step:904-v:2884.619)-(t:24.611-step:905-v:2884.008)-(t:25.599-step:935-v:2794.304)-(t:25.632-step:936-v:2781.387)-(t:25.646-step:937-v:2781.283)-(t:25.694-step:938-v:2730.693)-(t:26.641-step:982-v:2416.409)-(t:26.683-step:983-v:2350.292)-(t:26.758-step:984-v:2346.504)-(t:115.503-step:3696-v:2332.332)-(t:115.526-step:3697-v:2329.538)-(t:115.540-step:3698-v:2329.193)-(t:320.497-step:9874-v:2261.874)-(t:320.519-step:9875-v:2255.915)-(t:320.530-step:9876-v:2208.991)-(t:320.654-step:9877-v:2206.398)-(t:323.435-step:9908-v:2152.659)-(t:323.449-step:9909-v:2151.536)-(t:323.463-step:9910-v:2150.142)-(t:323.475-step:9911-v:2126.316)-(t:509.720-step:16275-v:2114.39)-(t:624.591-step:20474-v:2032.529)-(t:624.674-step:20475-v:2018.103)-(t:624.706-step:20476-v:2010.298)-(t:624.717-step:20477-v:2005.598)-(t:628.227-step:20644-v:1999.261)-(t:628.239-step:20645-v:1990.152)-(t:671.878-step:22301-v:1875.221)-(t:671.920-step:22302-v:1859.027)-(t:671.945-step:22303-v:1848.495)-(t:671.972-step:22304-v:1839.069)-(t:671.991-step:22305-v:1821.129)-(t:735.494-step:24875-v:1751.35)-(t:735.506-step:24876-v:1749.574)-(t:735.646-step:24877-v:1748.192)-(t:735.704-step:24878-v:1715.47)],536.173
ppo,examples/pdptw/pdptw_400/LC1_4_6.txt,r1,900,5,ppo --device=auto-gpu --c1-start=0.34 --c1-end=0.06 --c1-n-secs=196 --c2-start=0.39 --c2-end=0.2 --c2-n-secs=431 --n-epochs=65 --lr-critic=7.315462310749335E-4 --clipping=11.799185331865313 --batch-size=15 --seed=5 --disable-training-logs --memory-size=1015 --lr=0.0018103176507973232 --logdir=logs/ppo-pdptw_all-15m-r1/pdptw-LC1_4_6 --communication=unix-socket -i=/tmp/pipes/unix-socket-1788374800501885,======,66694296.0,[(t:158.924-step:3080-v:14864.492)-(t:159.009-step:3081-v:14824.898)-(t:159.032-step:3082-v:14824.887)-(t:385.823-step:4475-v:13810.426)-(t:856.314-step:7404-v:13462.959)-(t:862.173-step:7471-v:12898.208)-(t:862.268-step:7472-v:12896.814)-(t:895.367-step:7764-v:12699.606)-(t:895.492-step:7765-v:12697.948)-(t:895.541-step:7766-v:12694.296)],522.647
ppo,examples/pdptw/pdptw_400/LC1_4_7.txt,r1,900,5,ppo --device=auto-gpu --c1-start=0.34 --c1-end=0.06 --c1-n-secs=196 --c2-start=0.39 --c2-end=0.2 --c2-n-secs=431 --n-epochs=65 --lr-critic=7.315462310749335E-4 --clipping=11.799185331865313 --batch-size=15 --seed=5 --disable-training-logs --memory-size=1015 --lr=0.0018103176507973232 --logdir=logs/ppo-pdptw_all-15m-r1/pdptw-LC1_4_7 --communication=unix-socket -i=/tmp/pipes/unix-socket-1788380013641208,======,65711889.0,[(t:209.925-step:3123-v:15752.572)-(t:210.036-step:3124-v:15744.849)-(t:793.882-step:6790-v:14881.665)-(t:794.078-step:6791-v:14877.174)-(t:800.063-step:6843-v:13800.934)-(t:818.432-step:6950-v:13711.889)],579.82
ppo,examples/pdptw/pdptw_400/LC1_4_8.txt,r1,900,5,ppo --device=auto-gpu --c1-start=0.34 --c1-end=0.06 --c1-n-secs=196 --c2-start=0.39 --c2-end=0.2 --c2-n-secs=431 --n-epochs=65 --lr-critic=7.315462310749335E-4 --clipping=11.799185331865313 --batch-size=15 --seed=5 --disable-training-logs --memory-size=1015 --lr=0.0018103176507973232 --logdir=logs/ppo-pdptw_all-15m-r1/pdptw-LC1_4_8 --communication=unix-socket -i=/tmp/pipes/unix-socket-1788651355193518,======,67460088.0,[(t:173.237-step:2536-v:15654.372)-(t:180.967-step:2591-v:15355.705)-(t:181.335-step:2592-v:15355.526)],506.992
ppo,examples/pdptw/pdptw_400/LC1_4_9.txt,r1,900,5,ppo --device=auto-gpu --c1-start=0.34 --c1-end=0.06 --c1-n-secs=196 --c2-start=0.39 --c2-end=0.2 --c2-n-secs=431 --n-epochs=65 --lr-critic=7.315462310749335E-4 --clipping=11.799185331865313 --batch-size=15 --seed=5 --disable-training-logs --memory-size=1015 --lr=0.0018103176507973232 --logdir=logs/ppo-pdptw_all-15m-r1/pdptw-LC1_4_9 --communication=unix-socket -i=/tmp/pipes/unix-socket-1789038169528345,======,68528601.0,[(t:238.094-step:3152-v:18106.537)-(t:246.371-step:3222-v:17576.301)-(t:246.417-step:3223-v:17576.106)-(t:247.341-step:3224-v:17528.601)],618.745
ppo,examples/pdptw/pdptw_400/LC1_4_10.txt,r1,900,5,ppo --device=auto-gpu --c1-start=0.34 --c1-end=0.06 --c1-n-secs=196 --c2-start=0.39 --c2-end=0.2 --c2-n-secs=431 --n-epochs=65 --lr-critic=7.315462310749335E-4 --clipping=11.799185331865313 --batch-size=15 --seed=5 --disable-training-logs --memory-size=1015 --lr=0.0018103176507973232 --logdir=logs/ppo-pdptw_all-15m-r1/pdptw-LC1_4_10 --communication=unix-socket -i=/tmp/pipes/unix-socket-1789043915389618,======,65969914.0,[(t:188.673-step:2331-v:18811.96)-(t:188.691-step:2332-v:18802.8)-(t:188.772-step:2333-v:18802.252)-(t:189.729-step:2334-v:18674.5)-(t:251.958-step:2654-v:18671.495)-(t:251.976-step:2655-v:18670.034)-(t:252.897-step:2656-v:18633.639)-(t:311.351-step:2933-v:18231.462)-(t:311.369-step:2934-v:18114.545)-(t:484.081-step:4031-v:17815.075)],590.249
ppo,examples/pdptw/pdptw_400/LC2_4_6.txt,r1,900,5,ppo --device=auto-gpu --c1-start=0.34 --c1-end=0.06 --c1-n-secs=196 --c2-start=0.39 --c2-end=0.2 --c2-n-secs=431 --n-epochs=65 --lr-critic=7.315462310749335E-4 --clipping=11.799185331865313 --batch-size=15 --seed=5 --disable-training-logs --memory-size=1015 --lr=0.0018103176507973232 --logdir=logs/ppo-pdptw_all-15m-r1/pdptw-LC2_4_6 --communication=unix-socket -i=/tmp/pipes/unix-socket-1789065802322715,======,36338686.0,[(t:237.878-step:4157-v:15686.405)-(t:237.896-step:4158-v:15675.764)-(t:237.915-step:4159-v:15589.237)-(t:237.925-step:4160-v:15583.844)-(t:237.944-step:4161-v:15583.6)-(t:237.959-step:4162-v:15581.846)-(t:296.384-step:4857-v:14818.713)-(t:459.832-step:6446-v:14605.16)-(t:459.860-step:6447-v:14597.485)-(t:459.878-step:6448-v:14597.023)-(t:460.035-step:6449-v:14550.551)-(t:460.137-step:6450-v:14539.091)-(t:460.222-step:6451-v:14527.744)-(t:807.873-step:10722-v:14338.686)],723.837
ppo,examples/pdptw/pdptw_400/LC2_4_7.txt,r1,900,5,ppo --device=auto-gpu --c1-start=0.34 --c1-end=0.06 --c1-n-secs=196 --c2-start=0.39 --c2-end=0.2 --c2-n-secs=431 --n-epochs=65 --lr-critic=7.315462310749335E-4 --clipping=11.799185331865313 --batch-size=15 --seed=5 --disable-training-logs --memory-size=1015 --lr=0.0018103176507973232 --logdir=logs/ppo-pdptw_all-15m-r1/pdptw-LC2_4_7 --communication=unix-socket -i=/tmp/pipes/unix-socket-1789189944266305,======,34666873.0,[(t:221.301-step:3344-v:16291.479)-(t:221.324-step:3345-v:16289.912)-(t:221.342-step:3346-v:16289.853)-(t:236.759-step:3516-v:16143.051)-(t:663.675-step:8508-v:15440.208)-(t:663.693-step:8509-v:15439.077)-(t:665.145-step:8510-v:15274.569)-(t:667.541-step:8511-v:15254.393)-(t:667.567-step:8512-v:15250.726)-(t:667.613-step:8513-v:15125.877)-(t:763.122-step:9328-v:14698.387)-(t:763.137-step:9329-v:14676.293)-(t:763.204-step:9330-v:14666.873)],728.43
ppo,examples/pdptw/pdptw_400/LC2_4_8.txt,r1,900,5,ppo --device=auto-gpu --c1-start=0.34 --c1-end=0.06 --c1-n-secs=196 --c2-start=0.39 --c2-end=0.2 --c2-n-secs=431 --n-epochs=65 --lr-critic=7.315462310749335E-4 --clipping=11.799185331865313 --batch-size=15 --seed=5 --disable-training-logs --memory-size=1015 --lr=0.0018103176507973232 --logdir=logs/ppo-pdptw_all-15m-r1/pdptw-LC2_4_8 --communication=unix-socket -i=/tmp/pipes/unix-socket-1789229925681824,======,36109909.0,[(t:128.935-step:3362-v:16730.617)-(t:129.018-step:3363-v:16695.228)-(t:190.956-step:4230-v:16164.067)-(t:190.978-step:4231-v:16154.39)-(t:191.001-step:4232-v:16151.516)-(t:191.028-step:4233-v:16137.996)-(t:192.390-step:4234-v:16137.161)-(t:720.552-step:10816-v:15877.864)-(t:721.863-step:10817-v:15876.735)-(t:721.884-step:10818-v:15873.424)],716.088
ppo,examples/pdptw/pdptw_400/LC2_4_9.txt,r1,900,5,ppo --device=auto-gpu --c1-start=0.34 --c1-end=0.06 --c1-n-secs=196 --c2-start=0.39 --c2-end=0.2 --c2-n-secs=431 --n-epochs=65 --lr-critic=7.315462310749335E-4 --clipping=11.799185331865313 --batch-size=15 --seed=5 --disable-training-logs --memory-size=1015 --lr=0.0018103176507973232 --logdir=logs/ppo-pdptw_all-15m-r1/pdptw-LC2_4_9 --communication=unix-socket -i=/tmp/pipes/unix-socket-1789284606194329,======,34707790.0,[(t:435.948-step:7994-v:16337.94)-(t:436.002-step:7995-v:16331.457)-(t:436.013-step:7996-v:16328.524)-(t:686.602-step:10564-v:15713.391)-(t:686.631-step:10565-v:15713.265)-(t:686.651-step:10566-v:15707.79)],778.788
ppo,examples/pdptw/pdptw_400/LC2_4_10.txt,r1,900,5,ppo --device=auto-gpu --c1-start=0.34 --c1-end=0.06 --c1-n-secs=196 --c2-start=0.39 --c2-end=0.2 --c2-n-secs=431 --n-epochs=65 --lr-critic=7.315462310749335E-4 --clipping=11.799185331865313 --batch-size=15 --seed=5 --disable-training-logs --memory-size=1015 --lr=0.0018103176507973232 --logdir=logs/ppo-pdptw_all-15m-r1/pdptw-LC2_4_10 --communication=unix-socket -i=/tmp/pipes/unix-socket-1789290127462516,======,35945223.0,[(t:383.986-step:5271-v:18527.72)-(t:891.653-step:9670-v:18157.721)-(t:891.667-step:9671-v:18156.319)-(t:891.692-step:9672-v:17945.223)],793.319
ppo,examples/pdptw/pdptw_400/LR1_4_6.txt,r1,900,5,ppo --device=auto-gpu --c1-start=0.34 --c1-end=0.06 --c1-n-secs=196 --c2-start=0.39 --c2-end=0.2 --c2-n-secs=431 --n-epochs=65 --lr-critic=7.315462310749335E-4 --clipping=11.799185331865313 --batch-size=15 --seed=5 --disable-training-logs --memory-size=1015 --lr=0.0018103176507973232 --logdir=logs/ppo-pdptw_all-15m-r1/pdptw-LR1_4_6 --communication=unix-socket -i=/tmp/pipes/unix-socket-1789561225916137,======,57558827.0,[(t:238.153-step:3369-v:16754.555)-(t:238.222-step:3370-v:16748.822)-(t:238.884-step:3371-v:16708.179)-(t:238.925-step:3372-v:16703.567)-(t:238.990-step:3373-v:16685.28)-(t:239.100-step:3374-v:16675.302)-(t:239.123-step:3375-v:16664.778)-(t:239.212-step:3376-v:16615.664)-(t:239.259-step:3377-v:16597.736)-(t:250.830-step:3449-v:16140.289)-(t:250.875-step:3450-v:16129.581)-(t:250.924-step:3451-v:16127.596)-(t:250.964-step:3452-v:16127.522)-(t:325.924-step:3772-v:15432.724)-(t:365.928-step:3948-v:15291.174)-(t:365.974-step:3949-v:15280.332)-(t:366.001-step:3950-v:15276.877)-(t:366.050-step:3951-v:15252.993)],412.339
ppo,examples/pdptw/pdptw_400/LR1_4_7.txt,r1,900,5,ppo --device=auto-gpu --c1-start=0.34 --c1-end=0.06 --c1-n-secs=196 --c2-start=0.39 --c2-end=0.2 --c2-n-secs=431 --n-epochs=65 --lr-critic=7.315462310749335E-4 --clipping=11.799185331865313 --batch-size=15 --seed=5 --disable-training-logs --memory-size=1015 --lr=0.0018103176507973232 --logdir=logs/ppo-pdptw_all-15m-r1/pdptw-LR1_4_7 --communication=unix-socket -i=/tmp/pipes/unix-socket-1789947996196620,======,54130960.0,[(t:216.560-step:3415-v:17970.142)-(t:216.598-step:3416-v:17962.611)-(t:217.476-step:3417-v:17881.895)-(t:224.064-step:3501-v:16253.419)-(t:224.080-step:3502-v:16250.854)-(t:224.153-step:3503-v:16245.189)-(t:224.182-step:3504-v:16243.602)-(t:225.960-step:3505-v:16240.958)-(t:243.111-step:3653-v:16238.334)-(t:470.225-step:5527-v:15132.514)-(t:470.244-step:5528-v:15130.96)],518.439
ppo,examples/pdptw/pdptw_400/LR1_4_8.txt,r1,900,5,ppo --device=auto-gpu --c1-start=0.34 --c1-end=0.06 --c1-n-secs=196 --c2-start=0.39 --c2-end=0.2 --c2-n-secs=431 --n-epochs=65 --lr-critic=7.315462310749335E-4 --clipping=11.799185331865313 --batch-size=15 --seed=5 --disable-training-logs --memory-size=1015 --lr=0.0018103176507973232 --logdir=logs/ppo-pdptw_all-15m-r1/pdptw-LR1_4_8 --communication=unix-socket -i=/tmp/pipes/unix-socket-1789954635913650,======,46383191.0,[(t:244.298-step:4333-v:15972.741)-(t:245.395-step:4334-v:15957.292)-(t:432.337-step:6050-v:15401.234)-(t:432.364-step:6051-v:15304.746)-(t:434.075-step:6052-v:15304.464)-(t:434.112-step:6053-v:15300.407)],638.925
ppo,examples/pdptw/pdptw_400/LR1_4_9.txt,r1,900,5,ppo --device=auto-gpu --c1-start=0.34 --c1-end=0.06 --c1-n-secs=196 --c2-start=0.39 --c2-end=0.2 --c2-n-secs=431 --n-epochs=65 --lr-critic=7.315462310749335E-4 --clipping=11.799185331865313 --batch-size=15 --seed=5 --disable-training-logs --memory-size=1015 --lr=0.0018103176507973232 --logdir=logs/ppo-pdptw_all-15m-r1/pdptw-LR1_4_9 --communication=unix-socket -i=/tmp/pipes/unix-socket-1789976315444004,======,55514550.0,[(t:286.554-step:4218-v:16632.027)-(t:286.697-step:4219-v:16584.564)-(t:286.863-step:4220-v:16495.824)-(t:353.259-step:4814-v:15492.422)-(t:353.736-step:4815-v:15491.51)-(t:364.192-step:4891-v:15241.82)-(t:364.222-step:4892-v:15230.478)-(t:364.282-step:4893-v:15229.733)],506.301
ppo,examples/pdptw/pdptw_400/LR1_4_10.txt,r1,900,5,ppo --device=auto-gpu --c1-start=0.34 --c1-end=0.06 --c1-n-secs=196 --c2-start=0.39 --c2-end=0.2 --c2-n-secs=431 --n-epochs=65 --lr-critic=7.315462310749335E-4 --clipping=11.799185331865313 --batch-size=15 --seed=5 --disable-training-logs --memory-size=1015 --lr=0.0018103176507973232 --logdir=logs/ppo-pdptw_all-15m-r1/pdptw-LR1_4_10 --communication=unix-socket -i=/tmp/pipes/unix-socket-1790100930393228,======,48473458.0,[(t:157.810-step:3258-v:15586.573)-(t:157.876-step:3259-v:15585.583)-(t:589.320-step:6587-v:15308.808)-(t:590.360-step:6588-v:15241.568)-(t:590.383-step:6589-v:15240.181)-(t:590.401-step:6590-v:15223.616)-(t:590.848-step:6591-v:15220.366)-(t:674.431-step:7302-v:15160.372)-(t:674.457-step:7303-v:15144.986)-(t:752.088-step:7882-v:14610.504)-(t:752.158-step:7883-v:14606.736)-(t:752.277-step:7884-v:14553.792)-(t:752.359-step:7885-v:14504.2)-(t:752.823-step:7886-v:14482.879)-(t:752.855-step:7887-v:14473.458)],501.634
ppo,examples/pdptw/pdptw_400/LR2_4_6.txt,r1,900,5,ppo --device=auto-gpu --c1-start=0.34 --c1-end=0.06 --c1-n-secs=196 --c2-start=0.39 --c2-end=0.2 --c2-n-secs=431 --n-epochs=65 --lr-critic=7.315462310749335E-4 --clipping=11.799185331865313 --batch-size=15 --seed=5 --disable-training-logs --memory-size=1015 --lr=0.0018103176507973232 --logdir=logs/ppo-pdptw_all-15m-r1/pdptw-LR2_4_6 --communication=unix-socket -i=/tmp/pipes/unix-socket-1790140504556521,======,32891517.0,[(t:502.749-step:5999-v:19910.278)-(t:502.817-step:6000-v:19904.808)-(t:502.865-step:6001-v:19899.612)-(t:502.881-step:6002-v:19898.32)-(t:502.944-step:6003-v:19891.517)],721.322
ppo,examples/pdptw/pdptw_400/LR2_4_7.txt,r1,900,5,ppo --device=auto-gpu --c1-start=0.34 --c1-end=0.06 --c1-n-secs=196 --c2-start=0.39 --c2-end=0.2 --c2-n-secs=431 --n-epochs=65 --lr-critic=7.315462310749335E-4 --clipping=11.799185331865313 --batch-size=15 --seed=5 --disable-training-logs --memory-size=1015 --lr=0.0018103176507973232 --logdir=logs/ppo-pdptw_all-15m-r1/pdptw-LR2_4_7 --communication=unix-socket -i=/tmp/pipes/unix-socket-1790194345300457,======,31171413.0,[(t:437.566-step:6053-v:22258.308)-(t:508.590-step:6623-v:22034.945)-(t:508.616-step:6624-v:22025.798)-(t:508.634-step:6625-v:22023.551)-(t:530.058-step:6819-v:20759.621)-(t:530.146-step:6820-v:20752.452)-(t:530.180-step:6821-v:20742.408)-(t:530.217-step:6822-v:20742.185)-(t:530.280-step:6823-v:20738.049)-(t:530.319-step:6824-v:20732.46)-(t:631.262-step:7862-v:20455.525)-(t:631.277-step:7863-v:20451.22)-(t:631.359-step:7864-v:20436.205)-(t:643.940-step:8220-v:18821.489)-(t:643.956-step:8221-v:18810.452)-(t:644.087-step:8222-v:18808.729)-(t:644.104-step:8223-v:18808.142)-(t:644.136-step:8224-v:18801.858)-(t:814.386-step:10073-v:18230.315)-(t:814.399-step:10074-v:18226.835)-(t:814.425-step:10075-v:18215.914)-(t:814.446-step:10076-v:18210.13)-(t:814.480-step:10077-v:18207.802)-(t:814.510-step:10078-v:18207.254)-(t:814.523-step:10079-v:18193.993)-(t:814.560-step:10080-v:18171.413)],712.606
ppo,examples/pdptw/pdptw_400/LR2_4_8.txt,r1,900,5,ppo --device=auto-gpu --c1-start=0.34 --c1-end=0.06 --c1-n-secs=196 --c2-start=0.39 --c2-end=0.2 --c2-n-secs=431 --n-epochs=65 --lr-critic=7.315462310749335E-4 --clipping=11.799185331865313 --batch-size=15 --seed=5 --disable-training-logs --memory-size=1015 --lr=0.0018103176507973232 --logdir=logs/ppo-pdptw_all-15m-r1/pdptw-LR2_4_8 --communication=unix-socket -i=/tmp/pipes/unix-socket-1790199842215395,======,31761355.0,[(t:149.441-step:2417-v:19771.115)-(t:149.461-step:2418-v:19756.163)-(t:149.478-step:2419-v:19752.905)-(t:149.497-step:2420-v:19748.537)],700.073
ppo,examples/pdptw/pdptw_400/LR2_4_9.txt,r1,900,5,ppo --device=auto-gpu --c1-start=0.34 --c1-end=0.06 --c1-n-secs=196 --c2-start=0.39 --c2-end=0.2 --c2-n-secs=431 --n-epochs=65 --lr-critic=7.315462310749335E-4 --clipping=11.799185331865313 --batch-size=15 --seed=5 --disable-training-logs --memory-size=1015 --lr=0.0018103176507973232 --logdir=logs/ppo-pdptw_all-15m-r1/pdptw-LR2_4_9 --communication=unix-socket -i=/tmp/pipes/unix-socket-1790470408644203,======,33623648.0,[(t:316.899-step:4311-v:19279.41)-(t:424.518-step:5271-v:18238.285)-(t:424.556-step:5272-v:18210.934)-(t:424.577-step:5273-v:18204.135)-(t:424.599-step:5274-v:18200.669)-(t:426.082-step:5275-v:18192.523)-(t:426.134-step:5276-v:18184.708)],648.511
ppo,examples/pdptw/pdptw_400/LR2_4_10.txt,r1,900,5,ppo --device=auto-gpu --c1-start=0.34 --c1-end=0.06 --c1-n-secs=196 --c2-start=0.39 --c2-end=0.2 --c2-n-secs=431 --n-epochs=65 --lr-critic=7.315462310749335E-4 --clipping=11.799185331865313 --batch-size=15 --seed=5 --disable-training-logs --memory-size=1015 --lr=0.0018103176507973232 --logdir=logs/ppo-pdptw_all-15m-r1/pdptw-LR2_4_10 --communication=unix-socket -i=/tmp/pipes/unix-socket-1790858693081946,======,32810944.0,[(t:211.481-step:3379-v:22032.688)-(t:211.502-step:3380-v:22029.575)-(t:213.027-step:3381-v:22020.683)-(t:213.102-step:3382-v:22010.87)-(t:213.118-step:3383-v:21960.993)-(t:453.997-step:5292-v:20412.179)-(t:887.220-step:8933-v:18810.944)],649.722
ppo,examples/pdptw/pdptw_400/LRC1_4_6.txt,r1,900,5,ppo --device=auto-gpu --c1-start=0.34 --c1-end=0.06 --c1-n-secs=196 --c2-start=0.39 --c2-end=0.2 --c2-n-secs=431 --n-epochs=65 --lr-critic=7.315462310749335E-4 --clipping=11.799185331865313 --batch-size=15 --seed=5 --disable-training-logs --memory-size=1015 --lr=0.0018103176507973232 --logdir=logs/ppo-pdptw_all-15m-r1/pdptw-LRC1_4_6 --communication=unix-socket -i=/tmp/pipes/unix-socket-1790865075816512,======,60386435.0,[(t:135.686-step:2509-v:14247.897)-(t:135.708-step:2510-v:14236.09)-(t:354.788-step:4777-v:14172.566)-(t:488.909-step:6020-v:13314.327)-(t:489.607-step:6021-v:13291.311)-(t:489.724-step:6022-v:13228.78)-(t:489.761-step:6023-v:13228.612)-(t:489.892-step:6024-v:13213.112)-(t:489.929-step:6025-v:13208.895)],430.112
ppo,examples/pdptw/pdptw_400/LRC1_4_7.txt,r1,900,5,ppo --device=auto-gpu --c1-start=0.34 --c1-end=0.06 --c1-n-secs=196 --c2-start=0.39 --c2-end=0.2 --c2-n-secs=431 --n-epochs=65 --lr-critic=7.315462310749335E-4 --clipping=11.799185331865313 --batch-size=15 --seed=5 --disable-training-logs --memory-size=1015 --lr=0.0018103176507973232 --logdir=logs/ppo-pdptw_all-15m-r1/pdptw-LRC1_4_7 --communication=unix-socket -i=/tmp/pipes/unix-socket-1790887417686835,======,56458733.0,[(t:257.771-step:4989-v:15289.89)-(t:257.798-step:4990-v:15286.065)-(t:257.849-step:4991-v:15275.556)-(t:257.902-step:4992-v:15234.031)-(t:303.175-step:5419-v:14505.589)-(t:303.191-step:5420-v:14501.957)-(t:303.224-step:5421-v:14500.628)-(t:474.739-step:7187-v:13753.715)-(t:524.717-step:7647-v:13474.313)-(t:524.776-step:7648-v:13434.513)-(t:587.473-step:8276-v:13400.823)-(t:587.634-step:8277-v:13386.544)],526.534
ppo,examples/pdptw/pdptw_400/LRC1_4_8.txt,r1,900,5,ppo --device=auto-gpu --c1-start=0.34 --c1-end=0.06 --c1-n-secs=196 --c2-start=0.39 --c2-end=0.2 --c2-n-secs=431 --n-epochs=65 --lr-critic=7.315462310749335E-4 --clipping=11.799185331865313 --batch-size=15 --seed=5 --disable-training-logs --memory-size=1015 --lr=0.0018103176507973232 --logdir=logs/ppo-pdptw_all-15m-r1/pdptw-LRC1_4_8 --communication=unix-socket -i=/tmp/pipes/unix-socket-1791012083173834,======,51551697.0,[(t:210.171-step:4043-v:13789.557)-(t:218.529-step:4121-v:13508.075)-(t:218.561-step:4122-v:13496.285)-(t:218.574-step:4123-v:13493.698)-(t:218.603-step:4124-v:13483.519)-(t:556.914-step:7294-v:13451.969)-(t:556.951-step:7295-v:13451.09)-(t:685.538-step:8515-v:12819.299)-(t:685.565-step:8516-v:12816.627)-(t:685.608-step:8517-v:12816.33)-(t:685.653-step:8518-v:12814.994)-(t:685.676-step:8519-v:12814.287)-(t:685.745-step:8520-v:12803.431)-(t:685.817-step:8521-v:12802.477)-(t:685.849-step:8522-v:12787.99)-(t:685.935-step:8523-v:12765.752)-(t:686.013-step:8524-v:12748.849)-(t:692.628-step:8599-v:12551.697)],484.92
ppo,examples/pdptw/pdptw_400/LRC1_4_9.txt,r1,900,5,ppo --device=auto-gpu --c1-start=0.34 --c1-end=0.06 --c1-n-secs=196 --c2-start=0.39 --c2-end=0.2 --c2-n-secs=431 --n-epochs=65 --lr-critic=7.315462310749335E-4 --clipping=11.799185331865313 --batch-size=15 --seed=5 --disable-training-logs --memory-size=1015 --lr=0.0018103176507973232 --logdir=logs/ppo-pdptw_all-15m-r1/pdptw-LRC1_4_9 --communication=unix-socket -i=/tmp/pipes/unix-socket-1791050041900507,======,54259142.0,[(t:182.739-step:3457-v:13339.526)-(t:713.728-step:8029-v:13315.562)-(t:713.782-step:8030-v:13313.252)-(t:715.368-step:8031-v:13313.145)-(t:715.435-step:8032-v:13279.461)-(t:715.476-step:8033-v:13271.385)-(t:715.511-step:8034-v:13262.298)-(t:715.546-step:8035-v:13259.142)],468.942
ppo,examples/pdptw/pdptw_400/LRC1_4_10.txt,r1,900,5,ppo --device=auto-gpu --c1-start=0.34 --c1-end=0.06 --c1-n-secs=196 --c2-start=0.39 --c2-end=0.2 --c2-n-secs=431 --n-epochs=65 --lr-critic=7.315462310749335E-4 --clipping=11.799185331865313 --batch-size=15 --seed=5 --disable-training-logs --memory-size=1015 --lr=0.0018103176507973232 --logdir=logs/ppo-pdptw_all-15m-r1/pdptw-LRC1_4_10 --communication=unix-socket -i=/tmp/pipes/unix-socket-1791104467052480,======,54791710.0,[(t:212.874-step:3367-v:14465.55)-(t:472.457-step:5417-v:14358.572)-(t:488.545-step:5502-v:13924.519)-(t:803.173-step:8151-v:13791.936)-(t:803.207-step:8152-v:13791.71)],556.098
ppo,examples/pdptw/pdptw_400/LRC2_4_6.txt,r1,900,5,ppo --device=auto-gpu --c1-start=0.34 --c1-end=0.06 --c1-n-secs=196 --c2-start=0.39 --c2-end=0.2 --c2-n-secs=431 --n-epochs=65 --lr-critic=7.315462310749335E-4 --clipping=11.799185331865313 --batch-size=15 --seed=5 --disable-training-logs --memory-size=1015 --lr=0.0018103176507973232 --logdir=logs/ppo-pdptw_all-15m-r1/pdptw-LRC2_4_6 --communication=unix-socket -i=/tmp/pipes/unix-socket-1791110025469858,======,35911789.0,[(t:194.579-step:3301-v:18575.499)-(t:334.781-step:4550-v:17491.611)-(t:442.303-step:5934-v:16732.13)-(t:442.322-step:5935-v:16660.504)-(t:443.372-step:5936-v:16659.689)-(t:884.942-step:11049-v:16391.619)-(t:884.966-step:11050-v:16353.324)-(t:884.999-step:11051-v:16343.03)-(t:885.163-step:11052-v:16339.364)-(t:893.352-step:11204-v:15911.789)],638.933
ppo,examples/pdptw/pdptw_400/LRC2_4_7.txt,r1,900,5,ppo --device=auto-gpu --c1-start=0.34 --c1-end=0.06 --c1-n-secs=196 --c2-start=0.39 --c2-end=0.2 --c2-n-secs=431 --n-epochs=65 --lr-critic=7.315462310749335E-4 --clipping=11.799185331865313 --batch-size=15 --seed=5 --disable-training-logs --memory-size=1015 --lr=0.0018103176507973232 --logdir=logs/ppo-pdptw_all-15m-r1/pdptw-LRC2_4_7 --communication=unix-socket -i=/tmp/pipes/unix-socket-1791380412608276,======,35574401.0,[(t:259.480-step:3556-v:17140.19)-(t:259.500-step:3557-v:17106.315)-(t:259.571-step:3558-v:17104.033)-(t:259.610-step:3559-v:16996.847)-(t:261.692-step:3560-v:16888.565)],661.365
ppo,examples/pdptw/pdptw_400/LRC2_4_8.txt,r1,900,5,ppo --device=auto-gpu --c1-start=0.34 --c1-end=0.06 --c1-n-secs=196 --c2-start=0.39 --c2-end=0.2 --c2-n-secs=431 --n-epochs=65 --lr-critic=7.315462310749335E-4 --clipping=11.799185331865313 --batch-size=15 --seed=5 --disable-training-logs --memory-size=1015 --lr=0.0018103176507973232 --logdir=logs/ppo-pdptw_all-15m-r1/pdptw-LRC2_4_8 --communication=unix-socket -i=/tmp/pipes/unix-socket-1791769158571928,======,34669019.0,[(t:290.552-step:4866-v:22260.946)-(t:290.573-step:4867-v:22258.962)-(t:305.970-step:5009-v:21217.376)-(t:365.809-step:5700-v:19981.126)-(t:393.381-step:5863-v:18822.426)-(t:393.402-step:5864-v:18819.266)-(t:393.436-step:5865-v:18818.332)-(t:394.715-step:5866-v:18792.466)-(t:394.743-step:5867-v:18791.944)-(t:394.765-step:5868-v:18785.389)-(t:396.185-step:5869-v:18669.019)],715.268
ppo,examples/pdptw/pdptw_400/LRC2_4_9.txt,r1,900,5,ppo --device=auto-gpu --c1-start=0.34 --c1-end=0.06 --c1-n-secs=196 --c2-start=0.39 --c2-end=0.2 --c2-n-secs=431 --n-epochs=65 --lr-critic=7.315462310749335E-4 --clipping=11.799185331865313 --batch-size=15 --seed=5 --disable-training-logs --memory-size=1015 --lr=0.0018103176507973232 --logdir=logs/ppo-pdptw_all-15m-r1/pdptw-LRC2_4_9 --communication=unix-socket -i=/tmp/pipes/unix-socket-1791774029217317,======,34143840.0,[(t:198.210-step:3382-v:18877.915)-(t:463.067-step:5995-v:18155.977)-(t:463.152-step:5996-v:18143.84)],660.929
ppo,examples/pdptw/pdptw_400/LRC2_4_10.txt,r1,900,5,ppo --device=auto-gpu --c1-start=0.34 --c1-end=0.06 --c1-n-secs=196 --c2-start=0.39 --c2-end=0.2 --c2-n-secs=431 --n-epochs=65 --lr-critic=7.315462310749335E-4 --clipping=11.799185331865313 --batch-size=15 --seed=5 --disable-training-logs --memory-size=1015 --lr=0.0018103176507973232 --logdir=logs/ppo-pdptw_all-15m-r1/pdptw-LRC2_4_10 --communication=unix-socket -i=/tmp/pipes/unix-socket-1791797410725262,======,32540498.0,[(t:162.369-step:2533-v:19969.755)-(t:162.399-step:2534-v:19923.735)-(t:162.421-step:2535-v:19919.318)-(t:492.954-step:6170-v:19294.827)-(t:594.541-step:6873-v:18299.996)-(t:594.588-step:6874-v:18299.378)],691.977
ppo,examples/pdptw/pdptw_600/LC2_6_7.txt,r1,900,5,ppo --device=auto-gpu --c1-start=0.34 --c1-end=0.06 --c1-n-secs=196 --c2-start=0.39 --c2-end=0.2 --c2-n-secs=431 --n-epochs=65 --lr-critic=7.315462310749335E-4 --clipping=11.799185331865313 --batch-size=15 --seed=5 --disable-training-logs --memory-size=1015 --lr=0.0018103176507973232 --logdir=logs/ppo-pdptw_all-15m-r1/pdptw-LC2_6_7 --communication=unix-socket -i=/tmp/pipes/unix-socket-1792020375903714,======,22068689001.0,[],900.0
ppo,examples/pdptw/pdptw_600/LC2_6_10.txt,r1,900,5,ppo --device=auto-gpu --c1-start=0.34 --c1-end=0.06 --c1-n-secs=196 --c2-start=0.39 --c2-end=0.2 --c2-n-secs=431 --n-epochs=65 --lr-critic=7.315462310749335E-4 --clipping=11.799185331865313 --batch-size=15 --seed=5 --disable-training-logs --memory-size=1015 --lr=0.0018103176507973232 --logdir=logs/ppo-pdptw_all-15m-r1/pdptw-LC2_6_10 --communication=unix-socket -i=/tmp/pipes/unix-socket-1792291540456245,======,68940761.0,[(t:769.281-step:6837-v:37940.761)],872.621
ppo,examples/pdptw/pdptw_600/LR2_6_7.txt,r1,900,5,ppo --device=auto-gpu --c1-start=0.34 --c1-end=0.06 --c1-n-secs=196 --c2-start=0.39 --c2-end=0.2 --c2-n-secs=431 --n-epochs=65 --lr-critic=7.315462310749335E-4 --clipping=11.799185331865313 --batch-size=15 --seed=5 --disable-training-logs --memory-size=1015 --lr=0.0018103176507973232 --logdir=logs/ppo-pdptw_all-15m-r1/pdptw-LR2_6_7 --communication=unix-socket -i=/tmp/pipes/unix-socket-1792685397877053,======,63338100.0,[(t:749.632-step:5373-v:43338.1)],849.186
ppo,examples/pdptw/pdptw_600/LR2_6_8.txt,r1,900,5,ppo --device=auto-gpu --c1-start=0.34 --c1-end=0.06 --c1-n-secs=196 --c2-start=0.39 --c2-end=0.2 --c2-n-secs=431 --n-epochs=65 --lr-critic=7.315462310749335E-4 --clipping=11.799185331865313 --batch-size=15 --seed=5 --disable-training-logs --memory-size=1015 --lr=0.0018103176507973232 --logdir=logs/ppo-pdptw_all-15m-r1/pdptw-LR2_6_8 --communication=unix-socket -i=/tmp/pipes/unix-socket-1792702561695896,======,59189768.0,[(t:602.068-step:3307-v:41189.768)],810.729
ppo,examples/pdptw/pdptw_600/LR2_6_9.txt,r1,900,5,ppo --device=auto-gpu --c1-start=0.34 --c1-end=0.06 --c1-n-secs=196 --c2-start=0.39 --c2-end=0.2 --c2-n-secs=431 --n-epochs=65 --lr-critic=7.315462310749335E-4 --clipping=11.799185331865313 --batch-size=15 --seed=5 --disable-training-logs --memory-size=1015 --lr=0.0018103176507973232 --logdir=logs/ppo-pdptw_all-15m-r1/pdptw-LR2_6_9 --communication=unix-socket -i=/tmp/pipes/unix-socket-1792708132898775,======,71577779.0,[(t:655.096-step:3541-v:47577.779)],806.012
ppo,examples/pdptw/pdptw_600/LR2_6_10.txt,r1,900,5,ppo --device=auto-gpu --c1-start=0.34 --c1-end=0.06 --c1-n-secs=196 --c2-start=0.39 --c2-end=0.2 --c2-n-secs=431 --n-epochs=65 --lr-critic=7.315462310749335E-4 --clipping=11.799185331865313 --batch-size=15 --seed=5 --disable-training-logs --memory-size=1015 --lr=0.0018103176507973232 --logdir=logs/ppo-pdptw_all-15m-r1/pdptw-LR2_6_10 --communication=unix-socket -i=/tmp/pipes/unix-socket-1792721916481247,======,62745631.0,[(t:581.123-step:3108-v:43778.624)-(t:581.166-step:3109-v:43749.724)-(t:581.184-step:3110-v:43745.631)],780.523
ppo,examples/pdptw/pdptw_600/LRC2_6_6.txt,r1,900,5,ppo --device=auto-gpu --c1-start=0.34 --c1-end=0.06 --c1-n-secs=196 --c2-start=0.39 --c2-end=0.2 --c2-n-secs=431 --n-epochs=65 --lr-critic=7.315462310749335E-4 --clipping=11.799185331865313 --batch-size=15 --seed=5 --disable-training-logs --memory-size=1015 --lr=0.0018103176507973232 --logdir=logs/ppo-pdptw_all-15m-r1/pdptw-LRC2_6_6 --communication=unix-socket -i=/tmp/pipes/unix-socket-1792829750250943,======,67983060.0,[(t:854.164-step:5326-v:39995.709)-(t:854.207-step:5327-v:39983.06)],882.848
ppo,examples/pdptw/pdptw_600/LRC2_6_7.txt,r1,900,5,ppo --device=auto-gpu --c1-start=0.34 --c1-end=0.06 --c1-n-secs=196 --c2-start=0.39 --c2-end=0.2 --c2-n-secs=431 --n-epochs=65 --lr-critic=7.315462310749335E-4 --clipping=11.799185331865313 --batch-size=15 --seed=5 --disable-training-logs --memory-size=1015 --lr=0.0018103176507973232 --logdir=logs/ppo-pdptw_all-15m-r1/pdptw-LRC2_6_7 --communication=unix-socket -i=/tmp/pipes/unix-socket-1792868639443850,======,72507481.0,[(t:809.337-step:6199-v:44507.481)],871.29
ppo,examples/pdptw/pdptw_600/LRC2_6_8.txt,r1,900,5,ppo --device=auto-gpu --c1-start=0.34 --c1-end=0.06 --c1-n-secs=196 --c2-start=0.39 --c2-end=0.2 --c2-n-secs=431 --n-epochs=65 --lr-critic=7.315462310749335E-4 --clipping=11.799185331865313 --batch-size=15 --seed=5 --disable-training-logs --memory-size=1015 --lr=0.0018103176507973232 --logdir=logs/ppo-pdptw_all-15m-r1/pdptw-LRC2_6_8 --communication=unix-socket -i=/tmp/pipes/unix-socket-1792930977349617,======,63963871.0,[(t:611.820-step:5363-v:39963.871)],804.962
ppo,examples/pdptw/pdptw_600/LRC2_6_9.txt,r1,900,5,ppo --device=auto-gpu --c1-start=0.34 --c1-end=0.06 --c1-n-secs=196 --c2-start=0.39 --c2-end=0.2 --c2-n-secs=431 --n-epochs=65 --lr-critic=7.315462310749335E-4 --clipping=11.799185331865313 --batch-size=15 --seed=5 --disable-training-logs --memory-size=1015 --lr=0.0018103176507973232 --logdir=logs/ppo-pdptw_all-15m-r1/pdptw-LRC2_6_9 --communication=unix-socket -i=/tmp/pipes/unix-socket-1793201403270778,======,8063929915.0,[],900.0
ppo,examples/pdptw/pdptw_600/LRC2_6_10.txt,r1,900,5,ppo --device=auto-gpu --c1-start=0.34 --c1-end=0.06 --c1-n-secs=196 --c2-start=0.39 --c2-end=0.2 --c2-n-secs=431 --n-epochs=65 --lr-critic=7.315462310749335E-4 --clipping=11.799185331865313 --batch-size=15 --seed=5 --disable-training-logs --memory-size=1015 --lr=0.0018103176507973232 --logdir=logs/ppo-pdptw_all-15m-r1/pdptw-LRC2_6_10 --communication=unix-socket -i=/tmp/pipes/unix-socket-1793596071016201,======,22064653988.0,[],900.0
ppo,examples/pdptw/pdptw_100/lc106.txt,r1,900,6,ppo --device=auto-gpu --c1-start=0.34 --c1-end=0.06 --c1-n-secs=196 --c2-start=0.39 --c2-end=0.2 --c2-n-secs=431 --n-epochs=65 --lr-critic=7.315462310749335E-4 --clipping=11.799185331865313 --batch-size=15 --seed=6 --disable-training-logs --memory-size=1015 --lr=0.0018103176507973232 --logdir=logs/ppo-pdptw_all-15m-r1/pdptw-lc106 --communication=unix-socket -i=/tmp/pipes/unix-socket-1793613658257486,======,10828960.0,[(t:5.072-step:142-v:1961.9)-(t:5.093-step:143-v:1960.855)-(t:5.141-step:144-v:1958.892)-(t:5.160-step:145-v:1896.853)-(t:5.538-step:162-v:1800.949)-(t:5.551-step:163-v:1795.117)-(t:5.567-step:164-v:1791.286)-(t:5.676-step:165-v:1650.786)-(t:6.594-step:193-v:1557.579)-(t:6.619-step:194-v:1554.326)-(t:7.950-step:217-v:1372.139)-(t:8.683-step:233-v:1285.421)-(t:8.783-step:234-v:1185.372)-(t:11.093-step:287-v:1152.268)-(t:11.154-step:288-v:1146.052)-(t:11.206-step:289-v:1144.472)-(t:11.232-step:290-v:1138.711)-(t:11.281-step:291-v:1064.296)-(t:162.134-step:4027-v:1010.514)-(t:162.221-step:4028-v:1007.12)-(t:162.727-step:4041-v:922.523)-(t:162.770-step:4042-v:921.119)-(t:191.745-step:4864-v:901.805)-(t:191.794-step:4865-v:896.615)-(t:236.260-step:6037-v:890.839)-(t:258.452-step:6550-v:866.78)-(t:289.193-step:7344-v:856.093)-(t:289.248-step:7345-v:852.706)-(t:289.261-step:7346-v:851.271)-(t:404.026-step:10405-v:838.695)-(t:404.482-step:10406-v:833.758)-(t:404.506-step:10407-v:831.758)-(t:404.584-step:10408-v:828.96)],53.215
ppo,examples/pdptw/pdptw_100/lc107.txt,r1,900,6,ppo --device=auto-gpu --c1-start=0.34 --c1-end=0.06 --c1-n-secs=196 --c2-start=0.39 --c2-end=0.2 --c2-n-secs=431 --n-epochs=65 --lr-critic=7.315462310749335E-4 --clipping=11.799185331865313 --batch-size=15 --seed=6 --disable-training-logs --memory-size=1015 --lr=0.0018103176507973232 --logdir=logs/ppo-pdptw_all-15m-r1/pdptw-lc107 --communication=unix-socket -i=/tmp/pipes/unix-socket-1793620404624421,======,10828960.0,[(t:5.831-step:164-v:1550.685)-(t:19.435-step:522-v:1159.463)-(t:22.508-step:581-v:963.099)-(t:22.569-step:582-v:902.19)-(t:71.881-step:1854-v:828.96)],17.071
ppo,examples/pdptw/pdptw_100/lc108.txt,r1,900,6,ppo --device=auto-gpu --c1-start=0.34 --c1-end=0.06 --c1-n-secs=196 --c2-start=0.39 --c2-end=0.2 --c2-n-secs=431 --n-epochs=65 --lr-critic=7.315462310749335E-4 --clipping=11.799185331865313 --batch-size=15 --seed=6 --disable-training-logs --memory-size=1015 --lr=0.0018103176507973232 --logdir=logs/ppo-pdptw_all-15m-r1/pdptw-lc108 --communication=unix-socket -i=/tmp/pipes/unix-socket-1793631604190274,======,10827637.0,[(t:4.798-step:135-v:2091.743)-(t:4.856-step:136-v:2052.251)-(t:5.954-step:159-v:1885.843)-(t:6.002-step:160-v:1851.708)-(t:6.053-step:161-v:1849.774)-(t:22.153-step:610-v:1795.018)-(t:22.188-step:611-v:1794.507)-(t:23.550-step:644-v:1779.536)-(t:23.635-step:645-v:1775.15)-(t:37.473-step:1005-v:1209.815)-(t:37.509-step:1006-v:1209.243)-(t:38.126-step:1031-v:1154.959)-(t:116.170-step:3277-v:986.558)-(t:123.916-step:3492-v:966.055)-(t:124.018-step:3493-v:964.833)-(t:124.050-step:3494-v:964.261)-(t:124.100-step:3495-v:962.092)-(t:124.147-step:3496-v:922.699)-(t:124.171-step:3497-v:917.541)-(t:124.236-step:3498-v:915.533)-(t:124.284-step:3499-v:914.122)-(t:135.055-step:3817-v:861.342)-(t:135.108-step:3818-v:856.911)-(t:135.181-step:3819-v:840.055)-(t:135.240-step:3820-v:835.863)-(t:135.253-step:3821-v:834.791)-(t:135.266-step:3822-v:830.96)-(t:314.841-step:9287-v:827.637)],49.217
ppo,examples/pdptw/pdptw_100/lc109.txt,r1,900,6,ppo --device=auto-gpu --c1-start=0.34 --c1-end=0.06 --c1-n-secs=196 --c2-start=0.39 --c2-end=0.2 --c2-n-secs=431 --n-epochs=65 --lr-critic=7.315462310749335E-4 --clipping=11.799185331865313 --batch-size=15 --seed=6 --disable-training-logs --memory-size=1015 --lr=0.0018103176507973232 --logdir=logs/ppo-pdptw_all-15m-r1/pdptw-lc109 --communication=unix-socket -i=/tmp/pipes/unix-socket-1793740569169488,======,10842141.0,[(t:4.946-step:142-v:2124.434)-(t:4.975-step:143-v:2123.698)-(t:26.960-step:644-v:1580.07)-(t:27.721-step:667-v:1578.795)-(t:102.131-step:2740-v:1549.576)-(t:102.140-step:2741-v:1548.874)-(t:102.177-step:2742-v:1543.971)-(t:166.694-step:4623-v:1434.686)-(t:279.404-step:7810-v:1399.718)-(t:279.526-step:7811-v:1396.218)-(t:279.540-step:7812-v:1396.069)-(t:279.552-step:7813-v:1394.873)-(t:305.821-step:8556-v:1221.144)-(t:305.872-step:8557-v:1219.096)-(t:305.912-step:8558-v:1217.887)-(t:305.935-step:8559-v:1216.859)-(t:347.326-step:10003-v:1131.189)-(t:347.365-step:10004-v:1124.717)-(t:347.388-step:10005-v:1117.645)-(t:347.494-step:10006-v:1117.229)-(t:365.139-step:10574-v:1098.686)-(t:365.196-step:10575-v:1095.41)-(t:365.922-step:10600-v:1008.586)-(t:365.993-step:10601-v:1008.482)-(t:366.010-step:10602-v:1001.41)-(t:366.094-step:10603-v:991.985)-(t:366.147-step:10604-v:988.516)-(t:368.654-step:10689-v:959.713)-(t:368.700-step:10690-v:953.154)-(t:368.736-step:10691-v:948.955)-(t:368.779-step:10692-v:944.955)-(t:368.809-step:10693-v:937.075)-(t:368.857-step:10694-v:933.804)-(t:368.907-step:10695-v:932.852)-(t:368.958-step:10696-v:926.69)-(t:368.978-step:10697-v:922.004)-(t:369.008-step:10698-v:913.203)-(t:369.029-step:10699-v:909.423)-(t:633.304-step:19086-v:874.029)-(t:633.323-step:19087-v:872.371)-(t:634.212-step:19112-v:855.841)-(t:634.262-step:19113-v:852.744)-(t:634.274-step:19114-v:852.419)-(t:634.317-step:19115-v:845.226)-(t:638.838-step:19263-v:842.62)-(t:892.284-step:27933-v:842.141)],183.921
ppo,examples/pdptw/pdptw_100/lc205.txt,r1,900,6,ppo --device=auto-gpu --c1-start=0.34 --c1-end=0.06 --c1-n-secs=196 --c2-start=0.39 --c2-end=0.2 --c2-n-secs=431 --n-epochs=65 --lr-critic=7.315462310749335E-4 --clipping=11.799185331865313 --batch-size=15 --seed=6 --disable-training-logs --memory-size=1015 --lr=0.0018103176507973232 --logdir=logs/ppo-pdptw_all-15m-r1/pdptw-lc205 --communication=unix-socket -i=/tmp/pipes/unix-socket-1793778509758013,======,4724744.0,[(t:4.346-step:161-v:1784.218)-(t:4.362-step:162-v:1773.07)-(t:4.373-step:163-v:1762.047)-(t:4.784-step:180-v:1701.586)-(t:4.807-step:181-v:1698.055)-(t:24.455-step:985-v:1534.732)-(t:24.522-step:986-v:1528.15)-(t:24.601-step:987-v:1524.284)-(t:24.620-step:988-v:1520.859)-(t:112.949-step:4534-v:1113.34)-(t:113.034-step:4535-v:1111.83)-(t:113.082-step:4536-v:1107.828)-(t:113.090-step:4537-v:1104.749)-(t:157.506-step:6325-v:1089.364)-(t:157.563-step:6326-v:1081.658)-(t:157.588-step:6327-v:1061.226)-(t:157.644-step:6328-v:1050.185)-(t:399.508-step:16474-v:732.669)-(t:399.612-step:16475-v:724.744)],292.652
ppo,examples/pdptw/pdptw_100/lc206.txt,r1,900,6,ppo --device=auto-gpu --c1-start=0.34 --c1-end=0.06 --c1-n-secs=196 --c2-start=0.39 --c2-end=0.2 --c2-n-secs=431 --n-epochs=65 --lr-critic=7.315462310749335E-4 --clipping=11.799185331865313 --batch-size=15 --seed=6 --disable-training-logs --memory-size=1015 --lr=0.0018103176507973232 --logdir=logs/ppo-pdptw_all-15m-r1/pdptw-lc206 --communication=unix-socket -i=/tmp/pipes/unix-socket-1793840367765624,======,4881785.0,[(t:5.178-step:200-v:2191.974)-(t:7.062-step:279-v:2005.166)-(t:19.317-step:792-v:1741.936)-(t:19.423-step:793-v:1659.099)-(t:19.535-step:794-v:1653.029)-(t:20.853-step:840-v:1518.88)-(t:20.955-step:841-v:1511.944)-(t:20.971-step:842-v:1503.968)-(t:478.727-step:19015-v:1129.068)-(t:478.736-step:19016-v:1123.966)-(t:478.749-step:19017-v:1113.319)-(t:478.757-step:19018-v:1096.087)-(t:478.767-step:19019-v:1091.657)-(t:478.773-step:19020-v:1086.311)-(t:478.798-step:19021-v:1082.36)-(t:478.817-step:19022-v:1079.281)-(t:478.860-step:19023-v:1079.184)-(t:839.535-step:34386-v:905.196)-(t:839.598-step:34387-v:898.531)-(t:839.656-step:34388-v:895.687)-(t:839.713-step:34389-v:893.8)-(t:839.767-step:34390-v:887.969)-(t:839.809-step:34391-v:886.277)-(t:839.841-step:34392-v:884.967)-(t:839.922-step:34393-v:884.841)-(t:839.937-step:34394-v:881.785)],479.089
ppo,examples/pdptw/pdptw_100/lc207.txt,r1,900,6,ppo --device=auto-gpu --c1-start=0.34 --c1-end=0.06 --c1-n-secs=196 --c2-start=0.39 --c2-end=0.2 --c2-n-secs=431 --n-epochs=65 --lr-critic=7.315462310749335E-4 --clipping=11.799185331865313 --batch-size=15 --seed=6 --disable-training-logs --memory-size=1015 --lr=0.0018103176507973232 --logdir=logs/ppo-pdptw_all-15m-r1/pdptw-lc207 --communication=unix-socket -i=/tmp/pipes/unix-socket-1794112369441786,======,5125862.0,[(t:4.793-step:184-v:1776.328)-(t:4.815-step:185-v:1762.444)-(t:5.376-step:204-v:1724.91)-(t:5.446-step:205-v:1722.968)-(t:5.474-step:206-v:1717.887)-(t:5.491-step:207-v:1706.017)-(t:206.335-step:8329-v:1489.459)-(t:206.346-step:8330-v:1487.832)-(t:206.356-step:8331-v:1486.687)-(t:206.368-step:8332-v:1476.543)-(t:206.381-step:8333-v:1474.157)-(t:363.913-step:15059-v:1472.927)-(t:363.923-step:15060-v:1462.844)-(t:363.941-step:15061-v:1455.838)-(t:367.302-step:15200-v:1113.699)-(t:367.336-step:15201-v:1110.62)-(t:367.346-step:15202-v:1082.307)-(t:367.354-step:15203-v:1082.275)],476.698
ppo,examples/pdptw/pdptw_100/lc208.txt,r1,900,6,ppo --device=auto-gpu --c1-start=0.34 --c1-end=0.06 --c1-n-secs=196 --c2-start=0.39 --c2-end=0.2 --c2-n-secs=431 --n-epochs=65 --lr-critic=7.315462310749335E-4 --clipping=11.799185331865313 --batch-size=15 --seed=6 --disable-training-logs --memory-size=1015 --lr=0.0018103176507973232 --logdir=logs/ppo-pdptw_all-15m-r1/pdptw-lc208 --communication=unix-socket -i=/tmp/pipes/unix-socket-1794505082241162,======,4852025.0,[(t:4.858-step:226-v:2188.338)-(t:19.227-step:850-v:1915.834)-(t:134.751-step:5598-v:1851.937)-(t:134.823-step:5599-v:1849.306)-(t:134.836-step:5600-v:1845.671)-(t:134.887-step:5601-v:1812.381)-(t:134.943-step:5602-v:1806.877)-(t:134.951-step:5603-v:1804.954)-(t:433.208-step:17916-v:1728.717)-(t:433.223-step:17917-v:1727.994)-(t:433.268-step:17918-v:1726.104)-(t:433.282-step:17919-v:1716.161)-(t:433.315-step:17920-v:1706.673)-(t:433.404-step:17921-v:1693.754)-(t:433.429-step:17922-v:1689.084)-(t:497.665-step:20785-v:1550.173)-(t:497.690-step:20786-v:1548.547)-(t:497.735-step:20787-v:1547.823)-(t:497.752-step:20788-v:1546.649)-(t:504.954-step:21153-v:1009.545)-(t:504.995-step:21154-v:1005.302)-(t:505.024-step:21155-v:1000.891)-(t:505.049-step:21156-v:1000.252)-(t:505.084-step:21157-v:995.963)-(t:505.099-step:21158-v:993.668)-(t:505.147-step:21159-v:990.83)-(t:505.174-step:21160-v:979.704)-(t:505.212-step:21161-v:977.021)-(t:505.266-step:21162-v:974.415)-(t:507.226-step:21260-v:872.868)-(t:507.249-step:21261-v:871.718)-(t:507.281-step:21262-v:868.192)-(t:507.297-step:21263-v:867.893)-(t:507.323-step:21264-v:864.387)-(t:507.420-step:21265-v:858.342)-(t:507.521-step:21266-v:852.025)],465.585
ppo,examples/pdptw/pdptw_100/lr107.txt,r1,900,6,ppo --device=auto-gpu --c1-start=0.34 --c1-end=0.06 --c1-n-secs=196 --c2-start=0.39 --c2-end=0.2 --c2-n-secs=431 --n-epochs=65 --lr-critic=7.315462310749335E-4 --clipping=11.799185331865313 --batch-size=15 --seed=6 --disable-training-logs --memory-size=1015 --lr=0.0018103176507973232 --logdir=logs/ppo-pdptw_all-15m-r1/pdptw-lr107 --communication=unix-socket -i=/tmp/pipes/unix-socket-1794523044758193,======,13201177.0,[(t:4.856-step:139-v:1870.532)-(t:5.071-step:150-v:1854.314)-(t:5.120-step:151-v:1844.449)-(t:5.166-step:152-v:1842.711)-(t:5.178-step:153-v:1837.779)-(t:5.186-step:154-v:1751.582)-(t:5.193-step:155-v:1743.739)-(t:5.312-step:164-v:1691.894)-(t:5.323-step:165-v:1688.412)-(t:5.344-step:166-v:1670.08)-(t:5.359-step:167-v:1653.003)-(t:5.371-step:168-v:1646.878)-(t:5.384-step:169-v:1639.13)-(t:5.409-step:170-v:1631.024)-(t:5.423-step:171-v:1628.12)-(t:5.765-step:181-v:1627.422)-(t:5.780-step:182-v:1604.217)-(t:5.798-step:183-v:1603.91)-(t:5.825-step:184-v:1593.729)-(t:21.329-step:540-v:1570.937)-(t:22.130-step:562-v:1546.692)-(t:22.184-step:563-v:1537.983)-(t:22.245-step:564-v:1503.636)-(t:22.271-step:565-v:1503.616)-(t:22.350-step:566-v:1486.676)-(t:22.438-step:567-v:1456.763)-(t:85.081-step:1895-v:1456.223)-(t:168.774-step:3917-v:1413.608)-(t:172.361-step:3995-v:1368.524)-(t:204.757-step:4842-v:1368.242)-(t:231.350-step:5550-v:1336.339)-(t:280.884-step:6907-v:1257.267)-(t:532.136-step:14195-v:1256.553)-(t:532.210-step:14196-v:1255.889)-(t:532.402-step:14197-v:1255.877)-(t:532.442-step:14198-v:1253.901)-(t:532.474-step:14199-v:1252.219)-(t:536.983-step:14327-v:1245.203)-(t:537.070-step:14328-v:1241.545)-(t:537.128-step:14329-v:1241.49)-(t:689.600-step:18608-v:1207.228)-(t:689.652-step:18609-v:1206.167)-(t:689.676-step:18610-v:1202.824)-(t:689.713-step:18611-v:1201.177)],126.536
ppo,examples/pdptw/pdptw_100/lr108.txt,r1,900,6,ppo --device=auto-gpu --c1-start=0.34 --c1-end=0.06 --c1-n-secs=196 --c2-start=0.39 --c2-end=0.2 --c2-n-secs=431 --n-epochs=65 --lr-critic=7.315462310749335E-4 --clipping=11.799185331865313 --batch-size=15 --seed=6 --disable-training-logs --memory-size=1015 --lr=0.0018103176507973232 --logdir=logs/ppo-pdptw_all-15m-r1/pdptw-lr108 --communication=unix-socket -i=/tmp/pipes/unix-socket-1794529102089419,======,12209705.0,[(t:4.697-step:141-v:1772.711)-(t:5.113-step:150-v:1727.725)-(t:5.169-step:151-v:1722.024)-(t:5.237-step:152-v:1712.778)-(t:5.263-step:153-v:1709.313)-(t:5.279-step:154-v:1705.801)-(t:5.304-step:155-v:1704.605)-(t:5.468-step:164-v:1662.467)-(t:5.493-step:165-v:1655.757)-(t:5.547-step:166-v:1654.212)-(t:5.586-step:167-v:1648.186)-(t:5.633-step:168-v:1646.871)-(t:5.662-step:169-v:1644.975)-(t:5.691-step:170-v:1639.469)-(t:5.705-step:171-v:1637.003)-(t:6.134-step:185-v:1562.184)-(t:6.171-step:186-v:1560.328)-(t:6.213-step:187-v:1558.712)-(t:6.230-step:188-v:1558.114)-(t:6.254-step:189-v:1556.346)-(t:6.275-step:190-v:1555.739)-(t:8.231-step:232-v:1499.274)-(t:8.625-step:243-v:1468.699)-(t:8.718-step:244-v:1451.37)-(t:8.827-step:245-v:1450.205)-(t:8.902-step:246-v:1448.293)-(t:9.032-step:247-v:1447.536)-(t:9.053-step:248-v:1442.006)-(t:12.790-step:328-v:1412.17)-(t:13.277-step:340-v:1394.488)-(t:13.826-step:353-v:1392.351)-(t:50.030-step:1200-v:1260.192)-(t:50.051-step:1201-v:1256.836)-(t:50.062-step:1202-v:1250.095)-(t:50.125-step:1203-v:1248.478)-(t:248.007-step:6678-v:1236.584)-(t:248.027-step:6679-v:1230.578)-(t:248.043-step:6680-v:1230.275)-(t:256.483-step:6915-v:1223.399)-(t:256.517-step:6916-v:1222.853)-(t:400.483-step:10946-v:1166.36)],179.497
ppo,examples/pdptw/pdptw_100/lr109.txt,r1,900,6,ppo --device=auto-gpu --c1-start=0.34 --c1-end=0.06 --c1-n-secs=196 --c2-start=0.39 --c2-end=0.2 --c2-n-secs=431 --n-epochs=65 --lr-critic=7.315462310749335E-4 --clipping=11.799185331865313 --batch-size=15 --seed=6 --disable-training-logs --memory-size=1015 --lr=0.0018103176507973232 --logdir=logs/ppo-pdptw_all-15m-r1/pdptw-lr109 --communication=unix-socket -i=/tmp/pipes/unix-socket-1794541219718283,======,14398066.0,[(t:6.185-step:156-v:1884.671)-(t:9.088-step:231-v:1832.684)-(t:9.116-step:232-v:1825.742)-(t:9.161-step:233-v:1822.96)-(t:55.260-step:1290-v:1688.194)-(t:69.183-step:1584-v:1563.705)-(t:69.273-step:1585-v:1552.291)-(t:70.038-step:1599-v:1533.872)-(t:70.055-step:1600-v:1525.678)-(t:70.187-step:1601-v:1522.89)-(t:73.112-step:1689-v:1454.997)-(t:73.182-step:1690-v:1449.636)-(t:73.219-step:1691-v:1446.183)-(t:74.655-step:1725-v:1420.687)-(t:74.704-step:1726-v:1417.234)-(t:75.327-step:1749-v:1394.717)-(t:75.408-step:1750-v:1386.522)-(t:161.602-step:3894-v:1377.529)-(t:161.663-step:3895-v:1365.262)-(t:161.682-step:3896-v:1357.067)-(t:359.800-step:8947-v:1340.139)],113.464
ppo,examples/pdptw/pdptw_100/lr110.txt,r1,900,6,ppo --device=auto-gpu --c1-start=0.34 --c1-end=0.06 --c1-n-secs=196 --c2-start=0.39 --c2-end=0.2 --c2-n-secs=431 --n-epochs=65 --lr-critic=7.315462310749335E-4 --clipping=11.799185331865313 --batch-size=15 --seed=6 --disable-training-logs --memory-size=1015 --lr=0.0018103176507973232 --logdir=logs/ppo-pdptw_all-15m-r1/pdptw-lr110 --communication=unix-socket -i=/tmp/pipes/unix-socket-1794649173195721,======,14315206.0,[(t:4.205-step:132-v:1892.09)-(t:4.230-step:133-v:1887.998)-(t:4.712-step:141-v:1884.688)-(t:6.394-step:184-v:1674.582)-(t:6.855-step:199-v:1671.994)-(t:10.282-step:274-v:1645.886)-(t:10.324-step:275-v:1640.163)-(t:15.761-step:402-v:1605.902)-(t:26.954-step:686-v:1505.323)-(t:26.976-step:687-v:1496.352)-(t:27.005-step:688-v:1492.845)-(t:27.273-step:689-v:1489.593)-(t:54.529-step:1356-v:1487.997)-(t:54.556-step:1357-v:1484.311)-(t:128.692-step:3250-v:1454.199)-(t:159.477-step:4096-v:1450.234)-(t:159.529-step:4097-v:1449.419)-(t:159.602-step:4098-v:1449.417)-(t:234.197-step:6094-v:1414.237)-(t:234.224-step:6095-v:1408.844)-(t:234.273-step:6096-v:1406.396)-(t:248.310-step:6430-v:1401.858)-(t:248.705-step:6445-v:1390.032)-(t:248.775-step:6446-v:1378.747)-(t:248.790-step:6447-v:1377.696)-(t:248.848-step:6448-v:1369.947)-(t:251.208-step:6525-v:1365.893)-(t:251.237-step:6526-v:1364.837)-(t:261.862-step:6810-v:1357.44)-(t:261.881-step:6811-v:1356.662)-(t:263.720-step:6866-v:1343.093)-(t:263.733-step:6867-v:1340.996)-(t:690.047-step:18576-v:1336.184)-(t:690.061-step:18577-v:1333.404)-(t:690.161-step:18578-v:1332.159)-(t:690.231-step:18579-v:1315.841)-(t:690.310-step:18580-v:1315.206)],141.944
ppo,examples/pdptw/pdptw_100/lr111.txt,r1,900,6,ppo --device=auto-gpu --c1-start=0.34 --c1-end=0.06 --c1-n-secs=196 --c2-start=0.39 --c2-end=0.2 --c2-n-secs=431 --n-epochs=65 --lr-critic=7.315462310749335E-4 --clipping=11.799185331865313 --batch-size=15 --seed=6 --disable-training-logs --memory-size=1015 --lr=0.0018103176507973232 --logdir=logs/ppo-pdptw_all-15m-r1/pdptw-lr111 --communication=unix-socket -i=/tmp/pipes/unix-socket-1794686082595600,======,13255629.0,[(t:6.599-step:175-v:1791.069)-(t:6.613-step:176-v:1787.908)-(t:6.780-step:183-v:1704.07)-(t:6.823-step:184-v:1685.89)-(t:6.891-step:185-v:1685.081)-(t:6.925-step:186-v:1681.44)-(t:6.945-step:187-v:1672.433)-(t:7.035-step:188-v:1650.539)-(t:7.079-step:189-v:1638.981)-(t:20.004-step:455-v:1603.671)-(t:20.026-step:456-v:1590.044)-(t:20.057-step:457-v:1580.369)-(t:20.099-step:458-v:1570.28)-(t:20.180-step:459-v:1568.651)-(t:20.200-step:460-v:1555.374)-(t:20.495-step:473-v:1535.958)-(t:64.626-step:1521-v:1535.58)-(t:64.959-step:1532-v:1517.153)-(t:65.054-step:1533-v:1513.512)-(t:65.074-step:1534-v:1513.158)-(t:65.129-step:1535-v:1505.701)-(t:65.173-step:1536-v:1503.955)-(t:65.429-step:1547-v:1485.726)-(t:65.516-step:1548-v:1480.488)-(t:65.609-step:1549-v:1468.709)-(t:65.677-step:1550-v:1394.763)-(t:65.746-step:1551-v:1383.629)-(t:74.433-step:1790-v:1377.844)-(t:74.468-step:1791-v:1377.527)-(t:74.532-step:1792-v:1364.511)-(t:273.559-step:6859-v:1326.306)-(t:273.568-step:6860-v:1313.424)-(t:481.743-step:12456-v:1312.954)-(t:481.780-step:12457-v:1301.579)-(t:484.623-step:12543-v:1246.587)-(t:484.672-step:12544-v:1244.841)],140.889
ppo,examples/pdptw/pdptw_100/lr112.txt,r1,900,6,ppo --device=auto-gpu --c1-start=0.34 --c1-end=0.06 --c1-n-secs=196 --c2-start=0.39 --c2-end=0.2 --c2-n-secs=431 --n-epochs=65 --lr-critic=7.315462310749335E-4 --clipping=11.799185331865313 --batch-size=15 --seed=6 --disable-training-logs --memory-size=1015 --lr=0.0018103176507973232 --logdir=logs/ppo-pdptw_all-15m-r1/pdptw-lr112 --communication=unix-socket -i=/tmp/pipes/unix-socket-1794748549257771,======,13261689.0,[(t:6.338-step:154-v:1944.435)-(t:6.358-step:155-v:1943.145)-(t:7.288-step:174-v:1884.559)-(t:7.305-step:175-v:1868.394)-(t:7.683-step:189-v:1824.09)-(t:8.365-step:199-v:1782.95)-(t:8.389-step:200-v:1782.229)-(t:8.486-step:201-v:1761.035)-(t:11.298-step:254-v:1745.297)-(t:11.321-step:255-v:1735.396)-(t:36.209-step:721-v:1609.187)-(t:36.226-step:722-v:1605.729)-(t:98.490-step:2147-v:1604.753)-(t:98.553-step:2148-v:1601.542)-(t:120.625-step:2611-v:1574.912)-(t:120.658-step:2612-v:1572.251)-(t:122.314-step:2649-v:1490.911)-(t:122.330-step:2650-v:1482.973)-(t:122.370-step:2651-v:1475.306)-(t:122.465-step:2652-v:1473.098)-(t:122.566-step:2653-v:1452.643)-(t:122.589-step:2654-v:1447.855)-(t:122.766-step:2655-v:1446.764)-(t:139.600-step:3041-v:1428.575)-(t:139.616-step:3042-v:1428.103)-(t:363.114-step:8310-v:1397.066)-(t:363.146-step:8311-v:1392.815)-(t:363.176-step:8312-v:1387.377)-(t:363.235-step:8313-v:1356.294)-(t:363.271-step:8314-v:1306.573)-(t:363.329-step:8315-v:1305.4)-(t:363.348-step:8316-v:1305.148)-(t:547.074-step:13517-v:1303.443)-(t:547.096-step:13518-v:1300.849)-(t:547.177-step:13519-v:1300.043)-(t:547.189-step:13520-v:1298.327)-(t:547.219-step:13521-v:1293.759)-(t:547.244-step:13522-v:1280.747)-(t:547.256-step:13523-v:1279.026)-(t:547.343-step:13524-v:1271.088)-(t:547.360-step:13525-v:1268.249)-(t:547.390-step:13526-v:1261.689)],237.619
ppo,examples/pdptw/pdptw_100/lr206.txt,r1,900,6,ppo --device=auto-gpu --c1-start=0.34 --c1-end=0.06 --c1-n-secs=196 --c2-start=0.39 --c2-end=0.2 --c2-n-secs=431 --n-epochs=65 --lr-critic=7.315462310749335E-4 --clipping=11.799185331865313 --batch-size=15 --seed=6 --disable-training-logs --memory-size=1015 --lr=0.0018103176507973232 --logdir=logs/ppo-pdptw_all-15m-r1/pdptw-lr206 --communication=unix-socket -i=/tmp/pipes/unix-socket-1795020797680869,======,5856162.0,[(t:4.174-step:155-v:2272.113)-(t:12.404-step:482-v:2014.678)-(t:12.416-step:483-v:2011.046)-(t:223.173-step:8341-v:1814.139)-(t:223.184-step:8342-v:1810.681)-(t:223.198-step:8343-v:1810.658)],450.741
ppo,examples/pdptw/pdptw_100/lr207.txt,r1,900,6,ppo --device=auto-gpu --c1-start=0.34 --c1-end=0.06 --c1-n-secs=196 --c2-start=0.39 --c2-end=0.2 --c2-n-secs=431 --n-epochs=65 --lr-critic=7.315462310749335E-4 --clipping=11.799185331865313 --batch-size=15 --seed=6 --disable-training-logs --memory-size=1015 --lr=0.0018103176507973232 --logdir=logs/ppo-pdptw_all-15m-r1/pdptw-lr207 --communication=unix-socket -i=/tmp/pipes/unix-socket-1795413057159619,======,5700545.0,[(t:8.050-step:324-v:2630.634)-(t:8.066-step:325-v:2618.683)-(t:8.077-step:326-v:2602.573)-(t:8.661-step:355-v:2567.711)-(t:17.140-step:759-v:2531.449)-(t:18.138-step:777-v:2468.801)-(t:18.148-step:778-v:2460.982)-(t:18.396-step:779-v:2457.942)-(t:18.972-step:801-v:2230.243)-(t:19.060-step:802-v:2221.849)-(t:19.160-step:803-v:2213.663)-(t:72.496-step:2755-v:2092.816)-(t:72.505-step:2756-v:2087.751)-(t:72.513-step:2757-v:2079.327)-(t:72.528-step:2758-v:2078.43)-(t:72.563-step:2759-v:2073.172)-(t:72.572-step:2760-v:2070.472)-(t:72.660-step:2761-v:2067.503)-(t:72.666-step:2762-v:2063.304)-(t:72.689-step:2763-v:2055.408)-(t:108.530-step:4011-v:2023.527)-(t:108.544-step:4012-v:2022.592)-(t:113.216-step:4128-v:2020.055)-(t:113.226-step:4129-v:2017.349)-(t:113.238-step:4130-v:1989.848)-(t:113.271-step:4131-v:1978.249)-(t:113.308-step:4132-v:1942.44)-(t:447.378-step:16568-v:1940.185)-(t:447.397-step:16569-v:1938.736)-(t:696.498-step:26452-v:1721.199)-(t:696.521-step:26453-v:1712.663)-(t:696.657-step:26454-v:1712.087)-(t:696.668-step:26455-v:1700.545)],476.925
ppo,examples/pdptw/pdptw_100/lr208.txt,r1,900,6,ppo --device=auto-gpu --c1-start=0.34 --c1-end=0.06 --c1-n-secs=196 --c2-start=0.39 --c2-end=0.2 --c2-n-secs=431 --n-epochs=65 --lr-critic=7.315462310749335E-4 --clipping=11.799185331865313 --batch-size=15 --seed=6 --disable-training-logs --memory-size=1015 --lr=0.0018103176507973232 --logdir=logs/ppo-pdptw_all-15m-r1/pdptw-lr208 --communication=unix-socket -i=/tmp/pipes/unix-socket-1795432334210629,======,4686350.0,[(t:4.815-step:178-v:2000.315)-(t:4.828-step:179-v:1998.811)-(t:4.838-step:180-v:1983.765)-(t:128.362-step:4729-v:1856.942)-(t:128.427-step:4730-v:1842.922)-(t:128.444-step:4731-v:1836.201)-(t:225.197-step:7768-v:1759.183)-(t:225.218-step:7769-v:1757.582)-(t:225.231-step:7770-v:1748.489)-(t:225.265-step:7771-v:1743.749)-(t:225.298-step:7772-v:1743.0)-(t:225.357-step:7773-v:1733.572)-(t:225.470-step:7774-v:1728.019)-(t:405.199-step:14303-v:1686.35)],523.319
ppo,examples/pdptw/pdptw_100/lr209.txt,r1,900,6,ppo --device=auto-gpu --c1-start=0.34 --c1-end=0.06 --c1-n-secs=196 --c2-start=0.39 --c2-end=0.2 --c2-n-secs=431 --n-epochs=65 --lr-critic=7.315462310749335E-4 --clipping=11.799185331865313 --batch-size=15 --seed=6 --disable-training-logs --memory-size=1015 --lr=0.0018103176507973232 --logdir=logs/ppo-pdptw_all-15m-r1/pdptw-lr209 --communication=unix-socket -i=/tmp/pipes/unix-socket-1795438024080980,======,5923795.0,[(t:5.144-step:199-v:2079.344)-(t:30.986-step:1039-v:2075.467)-(t:31.008-step:1040-v:2070.854)-(t:31.045-step:1041-v:2058.582)-(t:31.059-step:1042-v:2048.377)-(t:31.072-step:1043-v:2043.287)-(t:31.108-step:1044-v:2025.116)-(t:31.167-step:1045-v:2004.458)-(t:31.215-step:1046-v:1993.023)-(t:31.246-step:1047-v:1986.409)-(t:31.256-step:1048-v:1963.125)-(t:164.213-step:5658-v:1858.143)-(t:164.238-step:5659-v:1848.355)-(t:164.252-step:5660-v:1839.81)-(t:164.266-step:5661-v:1830.934)-(t:164.293-step:5662-v:1830.046)-(t:164.342-step:5663-v:1828.423)-(t:178.804-step:6159-v:1825.181)-(t:178.815-step:6160-v:1824.652)-(t:178.859-step:6161-v:1819.11)-(t:178.908-step:6162-v:1813.652)],447.811
ppo,examples/pdptw/pdptw_100/lr210.txt,r1,900,6,ppo --device=auto-gpu --c1-start=0.34 --c1-end=0.06 --c1-n-secs=196 --c2-start=0.39 --c2-end=0.2 --c2-n-secs=431 --n-epochs=65 --lr-critic=7.315462310749335E-4 --clipping=11.799185331865313 --batch-size=15 --seed=6 --disable-training-logs --memory-size=1015 --lr=0.0018103176507973232 --logdir=logs/ppo-pdptw_all-15m-r1/pdptw-lr210 --communication=unix-socket -i=/tmp/pipes/unix-socket-1795450470563995,======,5881714.0,[(t:6.705-step:303-v:2508.929)-(t:6.719-step:304-v:2505.828)-(t:6.734-step:305-v:2491.675)-(t:7.146-step:324-v:2281.816)-(t:7.181-step:325-v:2268.87)-(t:7.197-step:326-v:2258.606)-(t:79.860-step:2920-v:1899.179)-(t:79.883-step:2921-v:1889.534)-(t:281.692-step:10582-v:1881.714)],448.963
ppo,examples/pdptw/pdptw_100/lr211.txt,r1,900,6,ppo --device=auto-gpu --c1-start=0.34 --c1-end=0.06 --c1-n-secs=196 --c2-start=0.39 --c2-end=0.2 --c2-n-secs=431 --n-epochs=65 --lr-critic=7.315462310749335E-4 --clipping=11.799185331865313 --batch-size=15 --seed=6 --disable-training-logs --memory-size=1015 --lr=0.0018103176507973232 --logdir=logs/ppo-pdptw_all-15m-r1/pdptw-lr211 --communication=unix-socket -i=/tmp/pipes/unix-socket-1795557925823465,======,5610275.0,[(t:6.807-step:253-v:2431.689)-(t:6.837-step:254-v:2415.495)-(t:17.004-step:594-v:2282.356)-(t:17.037-step:595-v:2268.818)-(t:31.975-step:1049-v:1934.764)-(t:89.074-step:2706-v:1931.352)-(t:89.167-step:2707-v:1920.041)-(t:148.955-step:4564-v:1915.016)-(t:167.740-step:5156-v:1754.751)-(t:167.776-step:5157-v:1753.277)-(t:167.815-step:5158-v:1727.478)-(t:167.824-step:5159-v:1725.701)-(t:168.018-step:5160-v:1724.925)-(t:391.231-step:12818-v:1625.486)-(t:391.359-step:12819-v:1625.311)-(t:391.467-step:12820-v:1621.141)-(t:391.486-step:12821-v:1615.564)-(t:391.498-step:12822-v:1610.275)],419.772
ppo,examples/pdptw/pdptw_100/lrc105.txt,r1,900,6,ppo --device=auto-gpu --c1-start=0.34 --c1-end=0.06 --c1-n-secs=196 --c2-start=0.39 --c2-end=0.2 --c2-n-secs=431 --n-epochs=65 --lr-critic=7.315462310749335E-4 --clipping=11.799185331865313 --batch-size=15 --seed=6 --disable-training-logs --memory-size=1015 --lr=0.0018103176507973232 --logdir=logs/ppo-pdptw_all-15m-r1/pdptw-lrc105 --communication=unix-socket -i=/tmp/pipes/unix-socket-1795595014836421,======,17811536.0,[(t:4.397-step:140-v:2402.78)-(t:5.627-step:173-v:2148.861)-(t:5.643-step:174-v:2145.603)-(t:5.709-step:175-v:2138.829)-(t:5.773-step:176-v:2138.234)-(t:6.161-step:186-v:2122.246)-(t:6.177-step:187-v:2105.821)-(t:6.381-step:193-v:2057.474)-(t:6.403-step:194-v:2021.205)-(t:8.293-step:233-v:2021.04)-(t:8.708-step:243-v:1961.773)-(t:24.640-step:609-v:1956.117)-(t:46.809-step:1118-v:1933.857)-(t:46.823-step:1119-v:1923.17)-(t:46.834-step:1120-v:1922.997)-(t:46.905-step:1121-v:1888.116)-(t:47.691-step:1145-v:1881.845)-(t:47.712-step:1146-v:1881.729)-(t:172.474-step:3984-v:1880.819)-(t:172.489-step:3985-v:1878.425)-(t:245.351-step:5739-v:1863.766)-(t:245.381-step:5740-v:1849.725)-(t:245.432-step:5741-v:1829.08)-(t:585.619-step:13853-v:1811.536)],103.097
ppo,examples/pdptw/pdptw_100/lrc106.txt,r1,900,6,ppo --device=auto-gpu --c1-start=0.34 --c1-end=0.06 --c1-n-secs=196 --c2-start=0.39 --c2-end=0.2 --c2-n-secs=431 --n-epochs=65 --lr-critic=7.315462310749335E-4 --clipping=11.799185331865313 --batch-size=15 --seed=6 --disable-training-logs --memory-size=1015 --lr=0.0018103176507973232 --logdir=logs/ppo-pdptw_all-15m-r1/pdptw-lrc106 --communication=unix-socket -i=/tmp/pipes/unix-socket-1795657048036875,======,15599420.0,[(t:5.177-step:143-v:2039.754)-(t:5.286-step:144-v:2037.585)-(t:5.724-step:159-v:2026.651)-(t:5.767-step:160-v:1983.549)-(t:5.799-step:161-v:1967.419)-(t:5.829-step:162-v:1956.863)-(t:5.864-step:163-v:1949.532)-(t:5.899-step:164-v:1948.917)-(t:5.915-step:165-v:1945.976)-(t:10.411-step:265-v:1934.723)-(t:10.434-step:266-v:1927.326)-(t:11.408-step:290-v:1923.977)-(t:11.426-step:291-v:1920.925)-(t:11.457-step:292-v:1912.271)-(t:11.504-step:293-v:1853.752)-(t:12.269-step:305-v:1843.745)-(t:12.282-step:306-v:1842.763)-(t:12.465-step:315-v:1796.407)-(t:12.497-step:316-v:1795.142)-(t:12.512-step:317-v:1793.914)-(t:12.597-step:318-v:1792.757)-(t:155.755-step:3861-v:1755.224)-(t:155.825-step:3862-v:1742.252)-(t:155.908-step:3863-v:1741.052)-(t:155.942-step:3864-v:1731.052)-(t:293.242-step:7422-v:1713.998)-(t:332.561-step:8391-v:1709.267)-(t:332.573-step:8392-v:1707.131)-(t:332.602-step:8393-v:1692.905)-(t:332.623-step:8394-v:1689.273)-(t:332.706-step:8395-v:1678.717)-(t:487.905-step:12561-v:1673.165)-(t:490.308-step:12637-v:1637.45)-(t:490.404-step:12638-v:1632.415)-(t:491.057-step:12648-v:1631.433)-(t:491.286-step:12654-v:1621.09)-(t:866.514-step:22941-v:1612.796)-(t:866.538-step:22942-v:1611.814)-(t:866.561-step:22943-v:1610.4)-(t:866.585-step:22944-v:1604.722)-(t:866.630-step:22945-v:1599.42)],140.582
ppo,examples/pdptw/pdptw_100/lrc107.txt,r1,900,6,ppo --device=auto-gpu --c1-start=0.34 --c1-end=0.06 --c1-n-secs=196 --c2-start=0.39 --c2-end=0.2 --c2-n-secs=431 --n-epochs=65 --lr-critic=7.315462310749335E-4 --clipping=11.799185331865313 --batch-size=15 --seed=6 --disable-training-logs --memory-size=1015 --lr=0.0018103176507973232 --logdir=logs/ppo-pdptw_all-15m-r1/pdptw-lrc107 --communication=unix-socket -i=/tmp/pipes/unix-socket-1795929032516682,======,13433148.0,[(t:5.561-step:145-v:2124.266)-(t:5.575-step:146-v:2124.09)-(t:5.630-step:147-v:2123.63)-(t:5.647-step:148-v:2118.597)-(t:5.657-step:149-v:2114.241)-(t:5.665-step:150-v:2112.452)-(t:5.801-step:156-v:2003.573)-(t:5.822-step:157-v:2000.599)-(t:5.841-step:158-v:1993.438)-(t:5.864-step:159-v:1979.763)-(t:5.889-step:160-v:1976.223)-(t:5.915-step:161-v:1975.897)-(t:5.949-step:162-v:1966.148)-(t:6.295-step:180-v:1963.311)-(t:6.317-step:181-v:1925.66)-(t:6.359-step:182-v:1920.146)-(t:6.383-step:183-v:1919.09)-(t:6.397-step:184-v:1917.476)-(t:10.605-step:254-v:1856.859)-(t:22.495-step:491-v:1773.093)-(t:22.577-step:492-v:1768.028)-(t:23.725-step:507-v:1700.035)-(t:23.784-step:508-v:1683.54)-(t:23.813-step:509-v:1683.408)-(t:23.900-step:510-v:1661.685)-(t:23.942-step:511-v:1645.163)-(t:24.002-step:512-v:1641.578)-(t:24.394-step:526-v:1640.346)-(t:24.417-step:527-v:1637.039)-(t:58.772-step:1247-v:1564.401)-(t:58.821-step:1248-v:1563.89)-(t:58.844-step:1249-v:1561.691)-(t:58.915-step:1250-v:1556.048)-(t:58.963-step:1251-v:1541.181)-(t:59.009-step:1252-v:1537.742)-(t:59.047-step:1253-v:1536.357)-(t:59.110-step:1254-v:1531.642)-(t:59.653-step:1266-v:1478.404)-(t:60.540-step:1279-v:1433.148)],139.734
ppo,examples/pdptw/pdptw_100/lrc108.txt,r1,900,6,ppo --device=auto-gpu --c1-start=0.34 --c1-end=0.06 --c1-n-secs=196 --c2-start=0.39 --c2-end=0.2 --c2-n-secs=431 --n-epochs=65 --lr-critic=7.315462310749335E-4 --clipping=11.799185331865313 --batch-size=15 --seed=6 --disable-training-logs --memory-size=1015 --lr=0.0018103176507973232 --logdir=logs/ppo-pdptw_all-15m-r1/pdptw-lrc108 --communication=unix-socket -i=/tmp/pipes/unix-socket-1796321906937114,======,12302729.0,[(t:8.309-step:193-v:1858.266)-(t:8.828-step:204-v:1817.537)-(t:8.856-step:205-v:1815.63)-(t:8.867-step:206-v:1813.968)-(t:8.963-step:207-v:1812.354)-(t:25.388-step:581-v:1672.295)-(t:25.891-step:582-v:1666.331)-(t:25.907-step:583-v:1663.902)-(t:26.355-step:595-v:1656.384)-(t:26.368-step:596-v:1655.386)-(t:26.392-step:597-v:1653.759)-(t:26.434-step:598-v:1651.772)-(t:26.573-step:599-v:1625.847)-(t:26.661-step:600-v:1611.265)-(t:26.679-step:601-v:1609.638)-(t:89.006-step:2058-v:1570.434)-(t:89.552-step:2071-v:1550.412)-(t:89.589-step:2072-v:1548.026)-(t:89.633-step:2073-v:1547.504)-(t:89.709-step:2074-v:1525.368)-(t:104.531-step:2449-v:1510.83)-(t:104.560-step:2450-v:1510.521)-(t:118.884-step:2821-v:1470.412)-(t:118.922-step:2822-v:1469.856)-(t:517.007-step:13259-v:1469.733)-(t:657.244-step:17513-v:1361.018)-(t:744.906-step:20190-v:1352.38)-(t:744.942-step:20191-v:1343.445)-(t:744.965-step:20192-v:1335.82)-(t:745.014-step:20193-v:1330.423)-(t:745.029-step:20194-v:1328.592)-(t:745.110-step:20195-v:1325.188)-(t:745.155-step:20196-v:1325.093)-(t:745.199-step:20197-v:1303.043)-(t:745.216-step:20198-v:1298.012)-(t:745.264-step:20199-v:1290.419)-(t:745.281-step:20200-v:1280.167)],188.125
ppo,examples/pdptw/pdptw_100/lrc205.txt,r1,900,6,ppo --device=auto-gpu --c1-start=0.34 --c1-end=0.06 --c1-n-secs=196 --c2-start=0.39 --c2-end=0.2 --c2-n-secs=431 --n-epochs=65 --lr-critic=7.315462310749335E-4 --clipping=11.799185331865313 --batch-size=15 --seed=6 --disable-training-logs --memory-size=1015 --lr=0.0018103176507973232 --logdir=logs/ppo-pdptw_all-15m-r1/pdptw-lrc205 --communication=unix-socket -i=/tmp/pipes/unix-socket-1796342836886148,======,7473236.0,[(t:5.418-step:191-v:2655.036)-(t:5.438-step:192-v:2652.373)-(t:5.469-step:193-v:2627.57)-(t:5.486-step:194-v:2619.997)-(t:6.308-step:217-v:2586.44)-(t:6.406-step:218-v:2513.517)-(t:30.991-step:905-v:2464.787)-(t:31.059-step:906-v:2463.647)-(t:121.066-step:3484-v:2371.984)-(t:121.087-step:3485-v:2369.296)-(t:121.160-step:3486-v:2367.682)-(t:130.397-step:3724-v:2363.327)-(t:130.407-step:3725-v:2361.956)-(t:130.485-step:3726-v:2358.383)-(t:130.539-step:3727-v:2331.164)-(t:260.095-step:7644-v:2328.091)-(t:260.113-step:7645-v:2326.496)-(t:260.143-step:7646-v:2325.268)-(t:260.158-step:7647-v:2323.337)-(t:260.175-step:7648-v:2321.522)-(t:260.208-step:7649-v:2319.05)-(t:260.228-step:7650-v:2317.838)-(t:260.271-step:7651-v:2301.764)-(t:260.643-step:7663-v:2209.282)-(t:260.652-step:7664-v:2201.232)],383.042
ppo,examples/pdptw/pdptw_100/lrc206.txt,r1,900,6,ppo --device=auto-gpu --c1-start=0.34 --c1-end=0.06 --c1-n-secs=196 --c2-start=0.39 --c2-end=0.2 --c2-n-secs=431 --n-epochs=65 --lr-critic=7.315462310749335E-4 --clipping=11.799185331865313 --batch-size=15 --seed=6 --disable-training-logs --memory-size=1015 --lr=0.0018103176507973232 --logdir=logs/ppo-pdptw_all-15m-r1/pdptw-lrc206 --communication=unix-socket -i=/tmp/pipes/unix-socket-1796346657804496,======,6632356.0,[(t:6.832-step:219-v:2875.102)-(t:37.566-step:981-v:2772.434)-(t:37.588-step:982-v:2689.849)-(t:39.078-step:1022-v:2688.087)-(t:40.059-step:1057-v:2674.994)-(t:41.161-step:1077-v:2569.466)-(t:132.359-step:3649-v:2540.857)-(t:132.384-step:3650-v:2539.388)-(t:132.408-step:3651-v:2538.316)-(t:132.421-step:3652-v:2536.143)-(t:132.435-step:3653-v:2535.34)-(t:142.305-step:3994-v:2530.888)-(t:142.421-step:3995-v:2530.245)-(t:142.438-step:3996-v:2520.055)-(t:351.448-step:10788-v:2517.545)-(t:351.512-step:10789-v:2511.077)-(t:351.533-step:10790-v:2507.319)-(t:351.544-step:10791-v:2507.077)-(t:351.557-step:10792-v:2505.861)-(t:351.602-step:10793-v:2467.173)-(t:351.621-step:10794-v:2464.567)-(t:351.655-step:10795-v:2462.362)-(t:352.532-step:10832-v:2194.953)-(t:352.571-step:10833-v:2191.155)-(t:352.592-step:10834-v:2186.477)-(t:611.579-step:20205-v:2058.027)-(t:611.657-step:20206-v:2047.491)-(t:611.734-step:20207-v:2032.227)-(t:611.815-step:20208-v:1971.051)-(t:611.852-step:20209-v:1966.996)-(t:611.867-step:20210-v:1966.201)-(t:611.879-step:20211-v:1965.118)-(t:611.909-step:20212-v:1964.546)-(t:611.966-step:20213-v:1960.437)-(t:611.983-step:20214-v:1956.765)-(t:637.498-step:21188-v:1821.295)-(t:637.529-step:21189-v:1818.475)-(t:637.595-step:21190-v:1785.954)-(t:637.654-step:21191-v:1782.657)-(t:637.666-step:21192-v:1779.639)-(t:637.718-step:21193-v:1745.789)-(t:637.770-step:21194-v:1732.815)-(t:637.782-step:21195-v:1731.155)-(t:658.778-step:22056-v:1632.356)],405.495
ppo,examples/pdptw/pdptw_100/lrc207.txt,r1,900,6,ppo --device=auto-gpu --c1-start=0.34 --c1-end=0.06 --c1-n-secs=196 --c2-start=0.39 --c2-end=0.2 --c2-n-secs=431 --n-epochs=65 --lr-critic=7.315462310749335E-4 --clipping=11.799185331865313 --batch-size=15 --seed=6 --disable-training-logs --memory-size=1015 --lr=0.0018103176507973232 --logdir=logs/ppo-pdptw_all-15m-r1/pdptw-lrc207 --communication=unix-socket -i=/tmp/pipes/unix-socket-1796358815309638,======,6859324.0,[(t:6.947-step:253-v:2741.639)-(t:6.976-step:254-v:2709.087)-(t:61.442-step:1771-v:2675.013)-(t:70.074-step:1918-v:2636.18)-(t:70.108-step:1919-v:2631.655)-(t:70.120-step:1920-v:2628.795)-(t:70.200-step:1921-v:2621.722)-(t:70.220-step:1922-v:2618.136)-(t:70.241-step:1923-v:2617.219)-(t:98.465-step:2699-v:2488.526)-(t:98.582-step:2700-v:2481.956)-(t:110.398-step:3032-v:2371.049)-(t:110.512-step:3033-v:2368.087)-(t:370.825-step:10951-v:2364.868)-(t:400.136-step:12133-v:2293.124)-(t:400.148-step:12134-v:2282.805)-(t:400.185-step:12135-v:2282.024)-(t:400.213-step:12136-v:2281.669)-(t:400.227-step:12137-v:2267.184)-(t:404.181-step:12263-v:2243.395)-(t:404.204-step:12264-v:2242.996)-(t:405.281-step:12301-v:2239.676)-(t:405.316-step:12302-v:2229.02)-(t:405.328-step:12303-v:2225.067)-(t:405.360-step:12304-v:2221.296)-(t:405.447-step:12305-v:2218.696)-(t:405.456-step:12306-v:2216.479)-(t:405.471-step:12307-v:2210.479)-(t:405.515-step:12308-v:2192.196)-(t:405.567-step:12309-v:2173.92)-(t:405.605-step:12310-v:2172.347)-(t:409.382-step:12500-v:2065.854)-(t:409.422-step:12501-v:2065.22)-(t:410.286-step:12544-v:2027.185)-(t:410.376-step:12545-v:2017.529)-(t:653.681-step:21544-v:1878.607)-(t:653.698-step:21545-v:1878.261)-(t:653.716-step:21546-v:1877.262)-(t:653.729-step:21547-v:1877.23)-(t:653.743-step:21548-v:1876.857)-(t:653.782-step:21549-v:1859.324)],454.916
ppo,examples/pdptw/pdptw_100/lrc208.txt,r1,900,6,ppo --device=auto-gpu --c1-start=0.34 --c1-end=0.06 --c1-n-secs=196 --c2-start=0.39 --c2-end=0.2 --c2-n-secs=431 --n-epochs=65 --lr-critic=7.315462310749335E-4 --clipping=11.799185331865313 --batch-size=15 --seed=6 --disable-training-logs --memory-size=1015 --lr=0.0018103176507973232 --logdir=logs/ppo-pdptw_all-15m-r1/pdptw-lrc208 --communication=unix-socket -i=/tmp/pipes/unix-socket-1796466609473911,======,6032871.0,[(t:9.031-step:311-v:2524.045)-(t:48.795-step:1506-v:2515.605)-(t:70.430-step:2215-v:2467.747)-(t:70.603-step:2216-v:2467.356)-(t:70.617-step:2217-v:2446.001)-(t:70.627-step:2218-v:2443.817)-(t:70.652-step:2219-v:2436.049)-(t:70.667-step:2220-v:2431.315)-(t:119.021-step:3537-v:2221.954)-(t:156.719-step:4619-v:2219.089)-(t:156.747-step:4620-v:2204.006)-(t:159.694-step:4757-v:1999.775)-(t:159.719-step:4758-v:1996.638)-(t:338.994-step:10154-v:1880.278)],515.56
ppo,examples/pdptw/pdptw_400/LC1_4_6.txt,r1,900,6,ppo --device=auto-gpu --c1-start=0.34 --c1-end=0.06 --c1-n-secs=196 --c2-start=0.39 --c2-end=0.2 --c2-n-secs=431 --n-epochs=65 --lr-critic=7.315462310749335E-4 --clipping=11.799185331865313 --batch-size=15 --seed=6 --disable-training-logs --memory-size=1015 --lr=0.0018103176507973232 --logdir=logs/ppo-pdptw_all-15m-r1/pdptw-LC1_4_6 --communication=unix-socket -i=/tmp/pipes/unix-socket-1796503980688263,======,67439423.0,[(t:212.436-step:3048-v:14907.705)-(t:212.920-step:3049-v:14892.43)-(t:212.948-step:3050-v:14890.403)-(t:213.109-step:3051-v:14844.271)-(t:213.145-step:3052-v:14835.643)-(t:221.345-step:3107-v:14279.002)-(t:348.658-step:3789-v:13439.899)-(t:348.948-step:3790-v:13439.423)],538.431
ppo,examples/pdptw/pdptw_400/LC1_4_7.txt,r1,900,6,ppo --device=auto-gpu --c1-start=0.34 --c1-end=0.06 --c1-n-secs=196 --c2-start=0.39 --c2-end=0.2 --c2-n-secs=431 --n-epochs=65 --lr-critic=7.315462310749335E-4 --clipping=11.799185331865313 --batch-size=15 --seed=6 --disable-training-logs --memory-size=1015 --lr=0.0018103176507973232 --logdir=logs/ppo-pdptw_all-15m-r1/pdptw-LC1_4_7 --communication=unix-socket -i=/tmp/pipes/unix-socket-1796566024152766,======,67742181.0,[(t:226.978-step:2847-v:17072.628)-(t:237.038-step:2895-v:16382.531)-(t:237.134-step:2896-v:16285.919)-(t:237.179-step:2897-v:16272.432)-(t:564.117-step:4883-v:14470.799)-(t:578.559-step:4946-v:14457.762)],585.993
ppo,examples/pdptw/pdptw_400/LC1_4_8.txt,r1,900,6,ppo --device=auto-gpu --c1-start=0.34 --c1-end=0.06 --c1-n-secs=196 --c2-start=0.39 --c2-end=0.2 --c2-n-secs=431 --n-epochs=65 --lr-critic=7.315462310749335E-4 --clipping=11.799185331865313 --batch-size=15 --seed=6 --disable-training-logs --memory-size=1015 --lr=0.0018103176507973232 --logdir=logs/ppo-pdptw_all-15m-r1/pdptw-LC1_4_8 --communication=unix-socket -i=/tmp/pipes/unix-socket-1796838129722728,======,67811534.0,[(t:123.898-step:1548-v:16605.371)-(t:148.922-step:1711-v:16530.123)-(t:148.955-step:1712-v:16527.28)-(t:148.976-step:1713-v:16525.978)-(t:149.016-step:1714-v:16522.25)-(t:565.950-step:4981-v:16166.72)-(t:566.030-step:4982-v:16161.704)-(t:593.320-step:5144-v:15443.718)-(t:593.346-step:5145-v:15441.589)-(t:593.403-step:5146-v:15433.713)-(t:594.267-step:5147-v:15429.746)-(t:594.343-step:5148-v:15429.454)-(t:594.423-step:5149-v:15348.079)],497.834
ppo,examples/pdptw/pdptw_400/LC1_4_9.txt,r1,900,6,ppo --device=auto-gpu --c1-start=0.34 --c1-end=0.06 --c1-n-secs=196 --c2-start=0.39 --c2-end=0.2 --c2-n-secs=431 --n-epochs=65 --lr-critic=7.315462310749335E-4 --clipping=11.799185331865313 --batch-size=15 --seed=6 --disable-training-logs --memory-size=1015 --lr=0.0018103176507973232 --logdir=logs/ppo-pdptw_all-15m-r1/pdptw-LC1_4_9 --communication=unix-socket -i=/tmp/pipes/unix-socket-1797231325987395,======,70113478.0,[(t:274.657-step:4159-v:18639.358)-(t:274.743-step:4160-v:18636.368)],649.975
ppo,examples/pdptw/pdptw_400/LC1_4_10.txt,r1,900,6,ppo --device=auto-gpu --c1-start=0.34 --c1-end=0.06 --c1-n-secs=196 --c2-start=0.39 --c2-end=0.2 --c2-n-secs=431 --n-epochs=65 --lr-critic=7.315462310749335E-4 --clipping=11.799185331865313 --batch-size=15 --seed=6 --disable-training-logs --memory-size=1015 --lr=0.0018103176507973232 --logdir=logs/ppo-pdptw_all-15m-r1/pdptw-LC1_4_10 --communication=unix-socket -i=/tmp/pipes/unix-socket-1797252049534999,======,66772190.0,[(t:212.374-step:2918-v:17831.029)-(t:212.469-step:2919-v:17830.61)-(t:213.824-step:2920-v:17830.31)-(t:398.462-step:3850-v:17782.947)-(t:398.506-step:3851-v:17782.42)-(t:398.599-step:3852-v:17780.232)-(t:398.725-step:3853-v:17777.689)-(t:398.766-step:3854-v:17777.261)-(t:398.819-step:3855-v:17772.19)],596.534
ppo,examples/pdptw/pdptw_400/LC2_4_6.txt,r1,900,6,ppo --device=auto-gpu --c1-start=0.34 --c1-end=0.06 --c1-n-secs=196 --c2-start=0.39 --c2-end=0.2 --c2-n-secs=431 --n-epochs=65 --lr-critic=7.315462310749335E-4 --clipping=11.799185331865313 --batch-size=15 --seed=6 --disable-training-logs --memory-size=1015 --lr=0.0018103176507973232 --logdir=logs/ppo-pdptw_all-15m-r1/pdptw-LC2_4_6 --communication=unix-socket -i=/tmp/pipes/unix-socket-1797255769842012,======,35039005.0,[(t:240.231-step:4134-v:16100.761)-(t:247.160-step:4250-v:15444.785)-(t:563.244-step:8103-v:14396.586)-(t:563.264-step:8104-v:14393.93)-(t:563.292-step:8105-v:14384.579)-(t:563.322-step:8106-v:14380.798)-(t:564.486-step:8107-v:14353.526)-(t:565.680-step:8108-v:14336.157)-(t:577.531-step:8232-v:14041.984)-(t:577.545-step:8233-v:14039.005)],725.027
ppo,examples/pdptw/pdptw_400/LC2_4_7.txt,r1,900,6,ppo --device=auto-gpu --c1-start=0.34 --c1-end=0.06 --c1-n-secs=196 --c2-start=0.39 --c2-end=0.2 --c2-n-secs=431 --n-epochs=65 --lr-critic=7.315462310749335E-4 --clipping=11.799185331865313 --batch-size=15 --seed=6 --disable-training-logs --memory-size=1015 --lr=0.0018103176507973232 --logdir=logs/ppo-pdptw_all-15m-r1/pdptw-LC2_4_7 --communication=unix-socket -i=/tmp/pipes/unix-socket-1797268477760533,======,35036384.0,[(t:181.869-step:3125-v:17568.768)-(t:181.901-step:3126-v:17563.188)-(t:182.007-step:3127-v:17561.45)-(t:544.368-step:7960-v:15238.771)-(t:545.544-step:7961-v:15199.277)-(t:546.653-step:7962-v:15057.153)-(t:548.047-step:7963-v:15036.384)],724.496
ppo,examples/pdptw/pdptw_400/LC2_4_8.txt,r1,900,6,ppo --device=auto-gpu --c1-start=0.34 --c1-end=0.06 --c1-n-secs=196 --c2-start=0.39 --c2-end=0.2 --c2-n-secs=431 --n-epochs=65 --lr-critic=7.315462310749335E-4 --clipping=11.799185331865313 --batch-size=15 --seed=6 --disable-training-logs --memory-size=1015 --lr=0.0018103176507973232 --logdir=logs/ppo-pdptw_all-15m-r1/pdptw-LC2_4_8 --communication=unix-socket -i=/tmp/pipes/unix-socket-1797376333570491,======,36712007.0,[(t:212.260-step:4354-v:21367.625)-(t:227.486-step:4473-v:18376.895)-(t:241.158-step:4608-v:17871.283)-(t:264.207-step:4933-v:17691.692)-(t:351.066-step:5934-v:17200.752)-(t:351.089-step:5935-v:17199.463)-(t:351.122-step:5936-v:17199.413)-(t:351.189-step:5937-v:17198.758)-(t:866.014-step:11828-v:15718.656)-(t:866.022-step:11829-v:15713.871)-(t:866.086-step:11830-v:15712.007)],747.145
ppo,examples/pdptw/pdptw_400/LC2_4_9.txt,r1,900,6,ppo --device=auto-gpu --c1-start=0.34 --c1-end=0.06 --c1-n-secs=196 --c2-start=0.39 --c2-end=0.2 --c2-n-secs=431 --n-epochs=65 --lr-critic=7.315462310749335E-4 --clipping=11.799185331865313 --batch-size=15 --seed=6 --disable-training-logs --memory-size=1015 --lr=0.0018103176507973232 --logdir=logs/ppo-pdptw_all-15m-r1/pdptw-LC2_4_9 --communication=unix-socket -i=/tmp/pipes/unix-socket-1797413954942182,======,36911406.0,[(t:277.235-step:4423-v:17208.396)-(t:772.673-step:10050-v:17004.371)-(t:772.687-step:10051-v:17000.834)-(t:773.888-step:10052-v:16993.894)-(t:773.915-step:10053-v:16983.099)-(t:773.957-step:10054-v:16911.621)-(t:774.027-step:10055-v:16911.406)],747.862
ppo,examples/pdptw/pdptw_400/LC2_4_10.txt,r1,900,6,ppo --device=auto-gpu --c1-start=0.34 --c1-end=0.06 --c1-n-secs=196 --c2-start=0.39 --c2-end=0.2 --c2-n-secs=431 --n-epochs=65 --lr-critic=7.315462310749335E-4 --clipping=11.799185331865313 --batch-size=15 --seed=6 --disable-training-logs --memory-size=1015 --lr=0.0018103176507973232 --logdir=logs/ppo-pdptw_all-15m-r1/pdptw-LC2_4_10 --communication=unix-socket -i=/tmp/pipes/unix-socket-1797476425865902,======,35018567.0,[(t:186.043-step:2999-v:18815.006)-(t:203.251-step:3145-v:17225.904)-(t:214.070-step:3303-v:16841.712)-(t:214.087-step:3304-v:16806.781)-(t:214.103-step:3305-v:16799.516)-(t:429.024-step:5460-v:16421.416)-(t:429.134-step:5461-v:16336.831)-(t:429.148-step:5462-v:16233.0)-(t:429.182-step:5463-v:16224.476)],733.974
ppo,examples/pdptw/pdptw_400/LR1_4_6.txt,r1,900,6,ppo --device=auto-gpu --c1-start=0.34 --c1-end=0.06 --c1-n-secs=196 --c2-start=0.39 --c2-end=0.2 --c2-n-secs=431 --n-epochs=65 --lr-critic=7.315462310749335E-4 --clipping=11.799185331865313 --batch-size=15 --seed=6 --disable-training-logs --memory-size=1015 --lr=0.0018103176507973232 --logdir=logs/ppo-pdptw_all-15m-r1/pdptw-LR1_4_6 --communication=unix-socket -i=/tmp/pipes/unix-socket-1797747548533110,======,59144416.0,[(t:286.948-step:2856-v:16026.971)],466.456
ppo,examples/pdptw/pdptw_400/LR1_4_7.txt,r1,900,6,ppo --device=auto-gpu --c1-start=0.34 --c1-end=0.06 --c1-n-secs=196 --c2-start=0.39 --c2-end=0.2 --c2-n-secs=431 --n-epochs=65 --lr-critic=7.315462310749335E-4 --clipping=11.799185331865313 --batch-size=15 --seed=6 --disable-training-logs --memory-size=1015 --lr=0.0018103176507973232 --logdir=logs/ppo-pdptw_all-15m-r1/pdptw-LR1_4_7 --communication=unix-socket -i=/tmp/pipes/unix-socket-1798141583304803,======,52671368.0,[(t:178.905-step:2960-v:17628.77)-(t:193.758-step:3095-v:17538.778)-(t:193.801-step:3096-v:17538.718)-(t:218.838-step:3282-v:17438.484)-(t:219.022-step:3283-v:17433.977)-(t:273.702-step:3589-v:16351.126)-(t:328.824-step:3903-v:15797.944)-(t:328.836-step:3904-v:15795.009)-(t:330.061-step:3905-v:15672.292)-(t:330.087-step:3906-v:15671.368)],507.552
ppo,examples/pdptw/pdptw_400/LR1_4_8.txt,r1,900,6,ppo --device=auto-gpu --c1-start=0.34 --c1-end=0.06 --c1-n-secs=196 --c2-start=0.39 --c2-end=0.2 --c2-n-secs=431 --n-epochs=65 --lr-critic=7.315462310749335E-4 --clipping=11.799185331865313 --batch-size=15 --seed=6 --disable-training-logs --memory-size=1015 --lr=0.0018103176507973232 --logdir=logs/ppo-pdptw_all-15m-r1/pdptw-LR1_4_8 --communication=unix-socket -i=/tmp/pipes/unix-socket-1798161617552021,======,45861716.0,[(t:288.100-step:3605-v:16408.736)-(t:288.122-step:3606-v:16399.764)-(t:288.139-step:3607-v:16398.513)-(t:288.174-step:3608-v:16397.664)-(t:288.193-step:3609-v:16396.017)-(t:288.230-step:3610-v:16389.726)-(t:350.106-step:4066-v:16265.941)-(t:350.171-step:4067-v:16256.969)-(t:350.234-step:4068-v:16251.709)-(t:350.344-step:4069-v:16234.948)-(t:350.406-step:4070-v:16233.192)-(t:404.190-step:4544-v:15882.987)-(t:405.450-step:4545-v:15881.361)-(t:405.524-step:4546-v:15879.338)-(t:405.546-step:4547-v:15870.154)-(t:405.563-step:4548-v:15853.539)-(t:405.579-step:4549-v:15852.513)-(t:542.709-step:5600-v:14969.411)-(t:542.723-step:5601-v:14969.4)-(t:542.754-step:5602-v:14965.198)-(t:542.799-step:5603-v:14954.234)-(t:542.835-step:5604-v:14947.718)-(t:894.888-step:8195-v:14916.984)-(t:894.967-step:8196-v:14868.632)-(t:895.063-step:8197-v:14861.716)],654.903
ppo,examples/pdptw/pdptw_400/LR1_4_9.txt,r1,900,6,ppo --device=auto-gpu --c1-start=0.34 --c1-end=0.06 --c1-n-secs=196 --c2-start=0.39 --c2-end=0.2 --c2-n-secs=431 --n-epochs=65 --lr-critic=7.315462310749335E-4 --clipping=11.799185331865313 --batch-size=15 --seed=6 --disable-training-logs --memory-size=1015 --lr=0.0018103176507973232 --logdir=logs/ppo-pdptw_all-15m-r1/pdptw-LR1_4_9 --communication=unix-socket -i=/tmp/pipes/unix-socket-1798164727797754,======,53783572.0,[(t:148.291-step:2355-v:16502.009)-(t:148.351-step:2356-v:16464.727)-(t:159.436-step:2422-v:16411.42)-(t:180.347-step:2553-v:15849.196)-(t:180.549-step:2554-v:15837.003)-(t:486.061-step:4885-v:15447.294)-(t:486.138-step:4886-v:15440.839)-(t:486.311-step:4887-v:15374.52)-(t:707.528-step:6848-v:13789.159)-(t:708.579-step:6849-v:13783.572)],410.739
ppo,examples/pdptw/pdptw_400/LR1_4_10.txt,r1,900,6,ppo --device=auto-gpu --c1-start=0.34 --c1-end=0.06 --c1-n-secs=196 --c2-start=0.39 --c2-end=0.2 --c2-n-secs=431 --n-epochs=65 --lr-critic=7.315462310749335E-4 --clipping=11.799185331865313 --batch-size=15 --seed=6 --disable-training-logs --memory-size=1015 --lr=0.0018103176507973232 --logdir=logs/ppo-pdptw_all-15m-r1/pdptw-LR1_4_10 --communication=unix-socket -i=/tmp/pipes/unix-socket-1798178325352530,======,50998669.0,[(t:173.324-step:2654-v:16405.412)-(t:250.313-step:3358-v:15676.204)-(t:712.085-step:8049-v:15030.998)-(t:712.112-step:8050-v:15015.172)-(t:712.151-step:8051-v:15013.034)-(t:712.195-step:8052-v:15005.179)-(t:712.249-step:8053-v:15005.143)-(t:712.287-step:8054-v:14998.669)],517.579
ppo,examples/pdptw/pdptw_400/LR2_4_6.txt,r1,900,6,ppo --device=auto-gpu --c1-start=0.34 --c1-end=0.06 --c1-n-secs=196 --c2-start=0.39 --c2-end=0.2 --c2-n-secs=431 --n-epochs=65 --lr-critic=7.315462310749335E-4 --clipping=11.799185331865313 --batch-size=15 --seed=6 --disable-training-logs --memory-size=1015 --lr=0.0018103176507973232 --logdir=logs/ppo-pdptw_all-15m-r1/pdptw-LR2_4_6 --communication=unix-socket -i=/tmp/pipes/unix-socket-1798285687185242,======,35857490.0,[(t:498.222-step:5787-v:21927.987)-(t:498.240-step:5788-v:21923.04)-(t:616.636-step:6843-v:20397.126)-(t:616.722-step:6844-v:20381.523)-(t:616.782-step:6845-v:20335.368)-(t:626.883-step:7035-v:20274.246)-(t:626.903-step:7036-v:20169.183)-(t:626.914-step:7037-v:20163.652)-(t:708.114-step:7722-v:19889.767)-(t:708.157-step:7723-v:19844.881)-(t:817.188-step:8587-v:19308.787)-(t:818.803-step:8588-v:19307.638)-(t:833.805-step:8784-v:18878.919)-(t:833.825-step:8785-v:18864.576)-(t:833.845-step:8786-v:18857.49)],722.842
ppo,examples/pdptw/pdptw_400/LR2_4_7.txt,r1,900,6,ppo --device=auto-gpu --c1-start=0.34 --c1-end=0.06 --c1-n-secs=196 --c2-start=0.39 --c2-end=0.2 --c2-n-secs=431 --n-epochs=65 --lr-critic=7.315462310749335E-4 --clipping=11.799185331865313 --batch-size=15 --seed=6 --disable-training-logs --memory-size=1015 --lr=0.0018103176507973232 --logdir=logs/ppo-pdptw_all-15m-r1/pdptw-LR2_4_7 --communication=unix-socket -i=/tmp/pipes/unix-socket-1798323991660048,======,33531899.0,[(t:670.418-step:5726-v:23385.196)-(t:670.449-step:5727-v:23348.558)-(t:686.324-step:5907-v:22021.478)-(t:686.341-step:5908-v:21977.627)-(t:686.357-step:5909-v:21976.118)-(t:686.379-step:5910-v:21975.512)-(t:686.387-step:5911-v:21974.861)-(t:751.089-step:6515-v:21658.354)-(t:751.127-step:6516-v:21603.95)-(t:806.673-step:6818-v:20463.044)],813.977
ppo,examples/pdptw/pdptw_400/LR2_4_8.txt,r1,900,6,ppo --device=auto-gpu --c1-start=0.34 --c1-end=0.06 --c1-n-secs=196 --c2-start=0.39 --c2-end=0.2 --c2-n-secs=431 --n-epochs=65 --lr-critic=7.315462310749335E-4 --clipping=11.799185331865313 --batch-size=15 --seed=6 --disable-training-logs --memory-size=1015 --lr=0.0018103176507973232 --logdir=logs/ppo-pdptw_all-15m-r1/pdptw-LR2_4_8 --communication=unix-socket -i=/tmp/pipes/unix-socket-1798385836204161,======,31653913.0,[(t:164.171-step:2993-v:19785.91)-(t:635.469-step:7508-v:19650.19)],703.882
ppo,examples/pdptw/pdptw_400/LR2_4_9.txt,r1,900,6,ppo --device=auto-gpu --c1-start=0.34 --c1-end=0.06 --c1-n-secs=196 --c2-start=0.39 --c2-end=0.2 --c2-n-secs=431 --n-epochs=65 --lr-critic=7.315462310749335E-4 --clipping=11.799185331865313 --batch-size=15 --seed=6 --disable-training-logs --memory-size=1015 --lr=0.0018103176507973232 --logdir=logs/ppo-pdptw_all-15m-r1/pdptw-LR2_4_9 --communication=unix-socket -i=/tmp/pipes/unix-socket-1798657909453445,======,35012254.0,[(t:361.252-step:3122-v:19243.86)-(t:362.821-step:3123-v:19243.507)-(t:594.791-step:4521-v:19091.657)-(t:596.379-step:4522-v:19012.254)],676.573
ppo,examples/pdptw/pdptw_400/LR2_4_10.txt,r1,900,6,ppo --device=auto-gpu --c1-start=0.34 --c1-end=0.06 --c1-n-secs=196 --c2-start=0.39 --c2-end=0.2 --c2-n-secs=431 --n-epochs=65 --lr-critic=7.315462310749335E-4 --clipping=11.799185331865313 --batch-size=15 --seed=6 --disable-training-logs --memory-size=1015 --lr=0.0018103176507973232 --logdir=logs/ppo-pdptw_all-15m-r1/pdptw-LR2_4_10 --communication=unix-socket -i=/tmp/pipes/unix-socket-1799051391560749,======,34862493.0,[(t:511.212-step:4298-v:21380.674)],761.862
ppo,examples/pdptw/pdptw_400/LRC1_4_6.txt,r1,900,6,ppo --device=auto-gpu --c1-start=0.34 --c1-end=0.06 --c1-n-secs=196 --c2-start=0.39 --c2-end=0.2 --c2-n-secs=431 --n-epochs=65 --lr-critic=7.315462310749335E-4 --clipping=11.799185331865313 --batch-size=15 --seed=6 --disable-training-logs --memory-size=1015 --lr=0.0018103176507973232 --logdir=logs/ppo-pdptw_all-15m-r1/pdptw-LRC1_4_6 --communication=unix-socket -i=/tmp/pipes/unix-socket-1799071543143968,======,58955667.0,[(t:162.519-step:2735-v:14982.6)-(t:162.553-step:2736-v:14982.44)-(t:186.167-step:3004-v:14331.099)-(t:303.408-step:4252-v:13239.624)-(t:457.457-step:6004-v:13146.823)-(t:694.371-step:8154-v:12955.667)],435.894
ppo,examples/pdptw/pdptw_400/LRC1_4_7.txt,r1,900,6,ppo --device=auto-gpu --c1-start=0.34 --c1-end=0.06 --c1-n-secs=196 --c2-start=0.39 --c2-end=0.2 --c2-n-secs=431 --n-epochs=65 --lr-critic=7.315462310749335E-4 --clipping=11.799185331865313 --batch-size=15 --seed=6 --disable-training-logs --memory-size=1015 --lr=0.0018103176507973232 --logdir=logs/ppo-pdptw_all-15m-r1/pdptw-LRC1_4_7 --communication=unix-socket -i=/tmp/pipes/unix-socket-1799074728369926,======,58909272.0,[(t:146.676-step:2562-v:14703.989)-(t:147.301-step:2563-v:14702.943)-(t:187.414-step:2972-v:13910.375)-(t:188.669-step:2973-v:13909.272)],465.941
ppo,examples/pdptw/pdptw_400/LRC1_4_8.txt,r1,900,6,ppo --device=auto-gpu --c1-start=0.34 --c1-end=0.06 --c1-n-secs=196 --c2-start=0.39 --c2-end=0.2 --c2-n-secs=431 --n-epochs=65 --lr-critic=7.315462310749335E-4 --clipping=11.799185331865313 --batch-size=15 --seed=6 --disable-training-logs --memory-size=1015 --lr=0.0018103176507973232 --logdir=logs/ppo-pdptw_all-15m-r1/pdptw-LRC1_4_8 --communication=unix-socket -i=/tmp/pipes/unix-socket-1799088397721475,======,56797381.0,[(t:158.843-step:2861-v:13899.847)-(t:158.895-step:2862-v:13865.702)-(t:173.134-step:2991-v:13755.107)-(t:174.069-step:2992-v:13749.7)-(t:174.092-step:2993-v:13749.506)-(t:174.140-step:2994-v:13745.567)-(t:174.165-step:2995-v:13732.439)-(t:188.264-step:3136-v:13663.55)-(t:188.295-step:3137-v:13663.017)-(t:296.642-step:4309-v:13653.481)-(t:297.959-step:4310-v:13643.468)],469.491
ppo,examples/pdptw/pdptw_400/LRC1_4_9.txt,r1,900,6,ppo --device=auto-gpu --c1-start=0.34 --c1-end=0.06 --c1-n-secs=196 --c2-start=0.39 --c2-end=0.2 --c2-n-secs=431 --n-epochs=65 --lr-critic=7.315462310749335E-4 --clipping=11.799185331865313 --batch-size=15 --seed=6 --disable-training-logs --memory-size=1015 --lr=0.0018103176507973232 --logdir=logs/ppo-pdptw_all-15m-r1/pdptw-LRC1_4_9 --communication=unix-socket -i=/tmp/pipes/unix-socket-1799195919566257,======,55310006.0,[(t:162.708-step:2962-v:14668.017)-(t:199.516-step:3322-v:14281.423)-(t:199.541-step:3323-v:14274.404)-(t:204.994-step:3395-v:13934.505)-(t:205.065-step:3396-v:13931.179)-(t:346.036-step:4902-v:13310.072)-(t:346.145-step:4903-v:13310.006)],462.668
ppo,examples/pdptw/pdptw_400/LRC1_4_10.txt,r1,900,6,ppo --device=auto-gpu --c1-start=0.34 --c1-end=0.06 --c1-n-secs=196 --c2-start=0.39 --c2-end=0.2 --c2-n-secs=431 --n-epochs=65 --lr-critic=7.315462310749335E-4 --clipping=11.799185331865313 --batch-size=15 --seed=6 --disable-training-logs --memory-size=1015 --lr=0.0018103176507973232 --logdir=logs/ppo-pdptw_all-15m-r1/pdptw-LRC1_4_10 --communication=unix-socket -i=/tmp/pipes/unix-socket-1799234444872751,======,55806617.0,[(t:198.072-step:3304-v:15424.315)-(t:199.131-step:3305-v:15279.418)-(t:206.193-step:3376-v:15088.845)-(t:224.110-step:3527-v:14811.623)-(t:224.151-step:3528-v:14806.617)],565.389
ppo,examples/pdptw/pdptw_400/LRC2_4_6.txt,r1,900,6,ppo --device=auto-gpu --c1-start=0.34 --c1-end=0.06 --c1-n-secs=196 --c2-start=0.39 --c2-end=0.2 --c2-n-secs=431 --n-epochs=65 --lr-critic=7.315462310749335E-4 --clipping=11.799185331865313 --batch-size=15 --seed=6 --disable-training-logs --memory-size=1015 --lr=0.0018103176507973232 --logdir=logs/ppo-pdptw_all-15m-r1/pdptw-LRC2_4_6 --communication=unix-socket -i=/tmp/pipes/unix-socket-1799295283548726,======,36543430.0,[(t:268.520-step:5048-v:19060.317)-(t:431.811-step:7045-v:17465.32)-(t:449.753-step:7374-v:16814.659)-(t:449.821-step:7375-v:16811.339)],669.478
ppo,examples/pdptw/pdptw_400/LRC2_4_7.txt,r1,900,6,ppo --device=auto-gpu --c1-start=0.34 --c1-end=0.06 --c1-n-secs=196 --c2-start=0.39 --c2-end=0.2 --c2-n-secs=431 --n-epochs=65 --lr-critic=7.315462310749335E-4 --clipping=11.799185331865313 --batch-size=15 --seed=6 --disable-training-logs --memory-size=1015 --lr=0.0018103176507973232 --logdir=logs/ppo-pdptw_all-15m-r1/pdptw-LRC2_4_7 --communication=unix-socket -i=/tmp/pipes/unix-socket-1799569317881737,======,37134631.0,[(t:209.860-step:3147-v:20251.718)-(t:365.088-step:4408-v:19692.361)-(t:588.267-step:6347-v:19304.742)-(t:589.582-step:6348-v:19298.985)-(t:589.600-step:6349-v:19294.018)-(t:589.622-step:6350-v:19291.501)-(t:589.670-step:6351-v:19287.381)-(t:760.007-step:7844-v:19134.631)],678.396
ppo,examples/pdptw/pdptw_600/LR2_6_8.txt,r1,900,6,ppo --device=auto-gpu --c1-start=0.34 --c1-end=0.06 --c1-n-secs=196 --c2-start=0.39 --c2-end=0.2 --c2-n-secs=431 --n-epochs=65 --lr-critic=7.315462310749335E-4 --clipping=11.799185331865313 --batch-size=15 --seed=6 --disable-training-logs --memory-size=1015 --lr=0.0018103176507973232 --logdir=logs/ppo-pdptw_all-15m-r1/pdptw-LR2_6_8 --communication=unix-socket -i=/tmp/pipes/unix-socket-1800715536711585,======,510008306049.0,[],900.0
ppo,examples/pdptw/pdptw_400/LRC2_4_8.txt,r1,900,6,ppo --device=auto-gpu --c1-start=0.34 --c1-end=0.06 --c1-n-secs=196 --c2-start=0.39 --c2-end=0.2 --c2-n-secs=431 --n-epochs=65 --lr-critic=7.315462310749335E-4 --clipping=11.799185331865313 --batch-size=15 --seed=6 --disable-training-logs --memory-size=1015 --lr=0.0018103176507973232 --logdir=logs/ppo-pdptw_all-15m-r1/pdptw-LRC2_4_8 --communication=unix-socket -i=/tmp/pipes/unix-socket-1799962106873391,======,33553115.0,[(t:289.019-step:5756-v:18956.557)-(t:289.051-step:5757-v:18784.729)-(t:289.081-step:5758-v:18683.37)-(t:289.118-step:5759-v:18594.462)-(t:291.949-step:5760-v:18594.134)-(t:292.038-step:5761-v:18586.153)-(t:292.167-step:5762-v:18561.875)-(t:292.317-step:5763-v:18473.743)-(t:292.353-step:5764-v:18459.416)-(t:294.088-step:5765-v:18458.108)-(t:579.298-step:9823-v:18139.739)-(t:820.824-step:12369-v:17553.115)],706.491
ppo,examples/pdptw/pdptw_400/LRC2_4_9.txt,r1,900,6,ppo --device=auto-gpu --c1-start=0.34 --c1-end=0.06 --c1-n-secs=196 --c2-start=0.39 --c2-end=0.2 --c2-n-secs=431 --n-epochs=65 --lr-critic=7.315462310749335E-4 --clipping=11.799185331865313 --batch-size=15 --seed=6 --disable-training-logs --memory-size=1015 --lr=0.0018103176507973232 --logdir=logs/ppo-pdptw_all-15m-r1/pdptw-LRC2_4_9 --communication=unix-socket -i=/tmp/pipes/unix-socket-1799981683551934,======,35935000.0,[(t:200.303-step:3161-v:21348.128)-(t:200.329-step:3162-v:21347.657)-(t:200.345-step:3163-v:21344.831)-(t:296.948-step:3666-v:20530.102)-(t:296.966-step:3667-v:20528.52)-(t:297.100-step:3668-v:20499.252)-(t:467.887-step:5010-v:18935.824)-(t:469.598-step:5011-v:18935.0)],676.135
ppo,examples/pdptw/pdptw_400/LRC2_4_10.txt,r1,900,6,ppo --device=auto-gpu --c1-start=0.34 --c1-end=0.06 --c1-n-secs=196 --c2-start=0.39 --c2-end=0.2 --c2-n-secs=431 --n-epochs=65 --lr-critic=7.315462310749335E-4 --clipping=11.799185331865313 --batch-size=15 --seed=6 --disable-training-logs --memory-size=1015 --lr=0.0018103176507973232 --logdir=logs/ppo-pdptw_all-15m-r1/pdptw-LRC2_4_10 --communication=unix-socket -i=/tmp/pipes/unix-socket-1799984021503773,======,32338705.0,[(t:270.921-step:3010-v:19397.702)-(t:294.066-step:3111-v:18354.059)-(t:294.144-step:3112-v:18346.811)-(t:294.159-step:3113-v:18344.352)-(t:294.184-step:3114-v:18338.768)-(t:294.236-step:3115-v:18338.705)],715.281
ppo,examples/pdptw/pdptw_600/LR2_6_7.txt,r1,900,6,ppo --device=auto-gpu --c1-start=0.34 --c1-end=0.06 --c1-n-secs=196 --c2-start=0.39 --c2-end=0.2 --c2-n-secs=431 --n-epochs=65 --lr-critic=7.315462310749335E-4 --clipping=11.799185331865313 --batch-size=15 --seed=6 --disable-training-logs --memory-size=1015 --lr=0.0018103176507973232 --logdir=logs/ppo-pdptw_all-15m-r1/pdptw-LR2_6_7 --communication=unix-socket -i=/tmp/pipes/unix-socket-1800710704561490,======,64946457.0,[(t:606.618-step:4453-v:43946.457)],802.229
ppo,examples/pdptw/pdptw_600/LR2_6_9.txt,r1,900,6,ppo --device=auto-gpu --c1-start=0.34 --c1-end=0.06 --c1-n-secs=196 --c2-start=0.39 --c2-end=0.2 --c2-n-secs=431 --n-epochs=65 --lr-critic=7.315462310749335E-4 --clipping=11.799185331865313 --batch-size=15 --seed=6 --disable-training-logs --memory-size=1015 --lr=0.0018103176507973232 --logdir=logs/ppo-pdptw_all-15m-r1/pdptw-LR2_6_9 --communication=unix-socket -i=/tmp/pipes/unix-socket-1800742673750971,======,67086683.0,[(t:619.553-step:3335-v:43547.573)-(t:857.510-step:4015-v:41086.683)],781.343
ppo,examples/pdptw/pdptw_600/LR2_6_10.txt,r1,900,6,ppo --device=auto-gpu --c1-start=0.34 --c1-end=0.06 --c1-n-secs=196 --c2-start=0.39 --c2-end=0.2 --c2-n-secs=431 --n-epochs=65 --lr-critic=7.315462310749335E-4 --clipping=11.799185331865313 --batch-size=15 --seed=6 --disable-training-logs --memory-size=1015 --lr=0.0018103176507973232 --logdir=logs/ppo-pdptw_all-15m-r1/pdptw-LR2_6_10 --communication=unix-socket -i=/tmp/pipes/unix-socket-1800795780670182,======,63881052.0,[(t:773.257-step:4446-v:45881.052)],854.722
ppo,examples/pdptw/pdptw_600/LRC2_6_8.txt,r1,900,6,ppo --device=auto-gpu --c1-start=0.34 --c1-end=0.06 --c1-n-secs=196 --c2-start=0.39 --c2-end=0.2 --c2-n-secs=431 --n-epochs=65 --lr-critic=7.315462310749335E-4 --clipping=11.799185331865313 --batch-size=15 --seed=6 --disable-training-logs --memory-size=1015 --lr=0.0018103176507973232 --logdir=logs/ppo-pdptw_all-15m-r1/pdptw-LRC2_6_8 --communication=unix-socket -i=/tmp/pipes/unix-socket-1800959329205755,======,30056761312.0,[],900.0
ppo,examples/pdptw/pdptw_600/LRC2_6_9.txt,r1,900,6,ppo --device=auto-gpu --c1-start=0.34 --c1-end=0.06 --c1-n-secs=196 --c2-start=0.39 --c2-end=0.2 --c2-n-secs=431 --n-epochs=65 --lr-critic=7.315462310749335E-4 --clipping=11.799185331865313 --batch-size=15 --seed=6 --disable-training-logs --memory-size=1015 --lr=0.0018103176507973232 --logdir=logs/ppo-pdptw_all-15m-r1/pdptw-LRC2_6_9 --communication=unix-socket -i=/tmp/pipes/unix-socket-1801010345304589,======,68711084.0,[(t:873.445-step:5798-v:42746.806)-(t:876.733-step:5799-v:42717.092)-(t:876.812-step:5800-v:42711.084)],889.861
ppo,examples/pdptw/pdptw_600/LRC2_6_10.txt,r1,900,6,ppo --device=auto-gpu --c1-start=0.34 --c1-end=0.06 --c1-n-secs=196 --c2-start=0.39 --c2-end=0.2 --c2-n-secs=431 --n-epochs=65 --lr-critic=7.315462310749335E-4 --clipping=11.799185331865313 --batch-size=15 --seed=6 --disable-training-logs --memory-size=1015 --lr=0.0018103176507973232 --logdir=logs/ppo-pdptw_all-15m-r1/pdptw-LRC2_6_10 --communication=unix-socket -i=/tmp/pipes/unix-socket-1801188569245074,======,42054608021.0,[],900.0
ppo,examples/pdptw/pdptw_100/lc106.txt,r1,900,7,ppo --device=auto-gpu --c1-start=0.34 --c1-end=0.06 --c1-n-secs=196 --c2-start=0.39 --c2-end=0.2 --c2-n-secs=431 --n-epochs=65 --lr-critic=7.315462310749335E-4 --clipping=11.799185331865313 --batch-size=15 --seed=7 --disable-training-logs --memory-size=1015 --lr=0.0018103176507973232 --logdir=logs/ppo-pdptw_all-15m-r1/pdptw-lc106 --communication=unix-socket -i=/tmp/pipes/unix-socket-1801533918067748,======,10828960.0,[(t:8.878-step:220-v:1595.285)-(t:8.923-step:221-v:1593.664)-(t:10.566-step:263-v:1584.149)-(t:10.629-step:264-v:1577.032)-(t:10.655-step:265-v:1554.094)-(t:10.733-step:266-v:1536.875)-(t:10.751-step:267-v:1534.144)-(t:11.823-step:289-v:1136.159)-(t:101.185-step:2511-v:1069.802)-(t:119.621-step:2905-v:929.591)-(t:119.632-step:2906-v:921.591)-(t:119.948-step:2907-v:850.879)-(t:119.962-step:2908-v:849.434)-(t:120.009-step:2909-v:849.289)-(t:120.749-step:2935-v:844.222)-(t:120.823-step:2936-v:837.613)-(t:789.734-step:20826-v:834.815)-(t:789.762-step:20827-v:828.96)],45.565
ppo,examples/pdptw/pdptw_100/lc107.txt,r1,900,7,ppo --device=auto-gpu --c1-start=0.34 --c1-end=0.06 --c1-n-secs=196 --c2-start=0.39 --c2-end=0.2 --c2-n-secs=431 --n-epochs=65 --lr-critic=7.315462310749335E-4 --clipping=11.799185331865313 --batch-size=15 --seed=7 --disable-training-logs --memory-size=1015 --lr=0.0018103176507973232 --logdir=logs/ppo-pdptw_all-15m-r1/pdptw-lc107 --communication=unix-socket -i=/tmp/pipes/unix-socket-1801536336775114,======,10828960.0,[(t:16.329-step:383-v:1615.078)-(t:16.386-step:384-v:1505.766)-(t:16.432-step:385-v:1503.19)-(t:18.034-step:426-v:1191.373)-(t:32.708-step:748-v:1103.526)-(t:68.924-step:1594-v:838.84)-(t:79.556-step:1809-v:828.96)],30.717
ppo,examples/pdptw/pdptw_100/lc108.txt,r1,900,7,ppo --device=auto-gpu --c1-start=0.34 --c1-end=0.06 --c1-n-secs=196 --c2-start=0.39 --c2-end=0.2 --c2-n-secs=431 --n-epochs=65 --lr-critic=7.315462310749335E-4 --clipping=11.799185331865313 --batch-size=15 --seed=7 --disable-training-logs --memory-size=1015 --lr=0.0018103176507973232 --logdir=logs/ppo-pdptw_all-15m-r1/pdptw-lc108 --communication=unix-socket -i=/tmp/pipes/unix-socket-1801620478329265,======,10827637.0,[(t:3.961-step:107-v:2317.882)-(t:3.988-step:108-v:2290.019)-(t:4.905-step:139-v:2260.459)-(t:4.932-step:140-v:2259.065)-(t:5.709-step:159-v:2175.848)-(t:5.717-step:160-v:2175.119)-(t:10.340-step:309-v:2094.68)-(t:10.361-step:310-v:2090.68)-(t:10.380-step:311-v:2086.117)-(t:10.396-step:312-v:2054.706)-(t:10.410-step:313-v:2050.367)-(t:10.424-step:314-v:2002.055)-(t:27.664-step:823-v:1809.885)-(t:27.712-step:824-v:1771.72)-(t:27.727-step:825-v:1768.128)-(t:27.828-step:826-v:1767.853)-(t:28.002-step:827-v:1766.633)-(t:28.262-step:839-v:1751.815)-(t:28.300-step:840-v:1748.645)-(t:28.314-step:841-v:1748.458)-(t:28.372-step:842-v:1700.069)-(t:28.439-step:843-v:1697.69)-(t:37.787-step:1102-v:1622.712)-(t:37.874-step:1103-v:1614.959)-(t:37.959-step:1104-v:1595.737)-(t:37.999-step:1105-v:1594.524)-(t:38.033-step:1106-v:1585.11)-(t:38.114-step:1107-v:1582.339)-(t:38.393-step:1118-v:1547.047)-(t:38.407-step:1119-v:1544.661)-(t:66.549-step:1946-v:1306.76)-(t:66.585-step:1947-v:1304.591)-(t:66.604-step:1948-v:1300.591)-(t:66.681-step:1949-v:1269.39)-(t:67.237-step:1963-v:1215.379)-(t:67.255-step:1964-v:1211.467)-(t:67.274-step:1965-v:1209.612)-(t:67.336-step:1966-v:1205.612)-(t:67.387-step:1967-v:1134.521)-(t:67.441-step:1968-v:1133.966)-(t:128.597-step:3804-v:1086.238)-(t:129.499-step:3830-v:1077.255)-(t:129.847-step:3853-v:1072.66)-(t:129.874-step:3854-v:1072.45)-(t:129.891-step:3855-v:1068.587)-(t:148.345-step:4306-v:1050.646)-(t:148.360-step:4307-v:1048.073)-(t:148.518-step:4308-v:1020.677)-(t:204.141-step:6163-v:943.614)-(t:204.155-step:6164-v:942.385)-(t:204.174-step:6165-v:940.867)-(t:210.268-step:6405-v:843.304)-(t:210.311-step:6406-v:833.897)-(t:210.386-step:6407-v:833.122)-(t:219.690-step:6694-v:831.758)-(t:219.726-step:6695-v:828.96)-(t:607.560-step:18479-v:827.992)-(t:657.450-step:20020-v:827.637)],71.157
ppo,examples/pdptw/pdptw_100/lc109.txt,r1,900,7,ppo --device=auto-gpu --c1-start=0.34 --c1-end=0.06 --c1-n-secs=196 --c2-start=0.39 --c2-end=0.2 --c2-n-secs=431 --n-epochs=65 --lr-critic=7.315462310749335E-4 --clipping=11.799185331865313 --batch-size=15 --seed=7 --disable-training-logs --memory-size=1015 --lr=0.0018103176507973232 --logdir=logs/ppo-pdptw_all-15m-r1/pdptw-lc109 --communication=unix-socket -i=/tmp/pipes/unix-socket-1801654095281159,======,10846358.0,[(t:4.397-step:110-v:2351.465)-(t:4.795-step:123-v:2114.286)-(t:4.813-step:124-v:2105.918)-(t:4.984-step:125-v:2094.946)-(t:7.393-step:205-v:1996.036)-(t:7.919-step:223-v:1992.353)-(t:8.810-step:238-v:1975.004)-(t:8.897-step:239-v:1935.507)-(t:8.961-step:240-v:1930.563)-(t:8.978-step:241-v:1930.461)-(t:12.205-step:322-v:1823.885)-(t:12.813-step:334-v:1737.653)-(t:108.197-step:3086-v:1527.717)-(t:108.235-step:3087-v:1527.579)-(t:110.628-step:3123-v:1415.725)-(t:110.670-step:3124-v:1372.473)-(t:110.702-step:3125-v:1349.784)-(t:110.714-step:3126-v:1316.926)-(t:110.736-step:3127-v:1311.468)-(t:203.565-step:5972-v:1294.718)-(t:203.584-step:5973-v:1284.718)-(t:203.606-step:5974-v:1280.963)-(t:203.653-step:5975-v:1274.779)-(t:203.702-step:5976-v:1272.756)-(t:203.721-step:5977-v:1272.313)-(t:203.771-step:5978-v:1249.579)-(t:203.812-step:5979-v:1238.609)-(t:213.258-step:6270-v:1235.736)-(t:213.283-step:6271-v:1230.407)-(t:213.337-step:6272-v:1225.504)-(t:213.360-step:6273-v:1220.046)-(t:213.447-step:6274-v:1206.206)-(t:231.948-step:6859-v:1203.392)-(t:231.971-step:6860-v:1202.178)-(t:231.995-step:6861-v:1201.425)-(t:232.111-step:6862-v:1134.566)-(t:232.168-step:6863-v:1131.265)-(t:235.364-step:6937-v:1078.479)-(t:235.382-step:6938-v:1077.72)-(t:235.459-step:6939-v:1076.505)-(t:235.510-step:6940-v:1072.725)-(t:235.589-step:6941-v:1071.95)-(t:235.627-step:6942-v:1069.152)-(t:238.307-step:7025-v:1061.398)-(t:238.364-step:7026-v:1060.395)-(t:238.410-step:7027-v:1018.634)-(t:381.207-step:11516-v:896.019)-(t:381.260-step:11517-v:887.882)-(t:381.309-step:11518-v:875.878)-(t:381.380-step:11519-v:849.352)-(t:381.394-step:11520-v:846.358)],160.079
ppo,examples/pdptw/pdptw_100/lc205.txt,r1,900,7,ppo --device=auto-gpu --c1-start=0.34 --c1-end=0.06 --c1-n-secs=196 --c2-start=0.39 --c2-end=0.2 --c2-n-secs=431 --n-epochs=65 --lr-critic=7.315462310749335E-4 --clipping=11.799185331865313 --batch-size=15 --seed=7 --disable-training-logs --memory-size=1015 --lr=0.0018103176507973232 --logdir=logs/ppo-pdptw_all-15m-r1/pdptw-lc205 --communication=unix-socket -i=/tmp/pipes/unix-socket-1801706042337980,======,4769643.0,[(t:2.747-step:108-v:1972.761)-(t:25.481-step:991-v:1767.575)-(t:25.498-step:992-v:1760.004)-(t:25.521-step:993-v:1754.97)-(t:25.539-step:994-v:1746.318)-(t:25.629-step:995-v:1744.125)-(t:30.495-step:1198-v:1733.306)-(t:30.505-step:1199-v:1730.721)-(t:30.518-step:1200-v:1726.82)-(t:39.449-step:1585-v:1604.39)-(t:39.489-step:1586-v:1601.293)-(t:54.749-step:2085-v:1189.744)-(t:54.768-step:2086-v:1188.233)-(t:54.814-step:2087-v:1180.091)-(t:54.829-step:2088-v:1166.734)-(t:54.878-step:2089-v:1163.385)-(t:54.916-step:2090-v:1133.52)-(t:54.930-step:2091-v:1125.534)-(t:54.944-step:2092-v:1121.67)-(t:54.971-step:2093-v:1120.029)-(t:55.072-step:2094-v:1117.679)-(t:55.090-step:2095-v:1112.221)-(t:55.165-step:2096-v:1097.393)-(t:416.601-step:17021-v:1051.476)-(t:416.675-step:17022-v:1043.833)-(t:462.783-step:18957-v:997.707)-(t:462.800-step:18958-v:994.709)-(t:676.959-step:28282-v:924.783)-(t:676.968-step:28283-v:915.32)-(t:676.976-step:28284-v:913.54)-(t:676.987-step:28285-v:909.164)-(t:677.005-step:28286-v:906.085)-(t:677.031-step:28287-v:900.178)-(t:677.044-step:28288-v:896.024)-(t:677.064-step:28289-v:893.175)-(t:677.120-step:28290-v:892.958)-(t:677.134-step:28291-v:892.467)-(t:677.181-step:28292-v:891.692)-(t:722.846-step:30257-v:779.382)-(t:722.867-step:30258-v:777.621)-(t:722.881-step:30259-v:776.533)-(t:722.940-step:30260-v:767.645)-(t:722.996-step:30261-v:761.06)-(t:723.060-step:30262-v:757.744)-(t:723.127-step:30263-v:756.157)-(t:723.148-step:30264-v:755.175)-(t:723.160-step:30265-v:754.792)],367.313
ppo,examples/pdptw/pdptw_100/lc206.txt,r1,900,7,ppo --device=auto-gpu --c1-start=0.34 --c1-end=0.06 --c1-n-secs=196 --c2-start=0.39 --c2-end=0.2 --c2-n-secs=431 --n-epochs=65 --lr-critic=7.315462310749335E-4 --clipping=11.799185331865313 --batch-size=15 --seed=7 --disable-training-logs --memory-size=1015 --lr=0.0018103176507973232 --logdir=logs/ppo-pdptw_all-15m-r1/pdptw-lc206 --communication=unix-socket -i=/tmp/pipes/unix-socket-1801869785551933,======,4942208.0,[(t:3.264-step:124-v:2531.734)-(t:3.335-step:125-v:2531.571)-(t:8.429-step:322-v:2025.137)-(t:10.268-step:365-v:1874.37)-(t:55.504-step:2103-v:1853.794)-(t:89.221-step:3541-v:1297.7)-(t:89.247-step:3542-v:1274.913)-(t:90.630-step:3543-v:1265.108)-(t:90.661-step:3544-v:1264.832)-(t:90.668-step:3545-v:1260.954)-(t:90.674-step:3546-v:1254.073)-(t:90.692-step:3547-v:1249.404)-(t:91.632-step:3604-v:1142.52)-(t:91.664-step:3605-v:1142.074)-(t:91.678-step:3606-v:1141.793)-(t:91.694-step:3607-v:1140.479)-(t:394.806-step:15524-v:1048.86)-(t:394.877-step:15525-v:1044.953)-(t:394.906-step:15526-v:1032.221)-(t:396.091-step:15583-v:965.542)-(t:396.179-step:15584-v:960.459)-(t:396.259-step:15585-v:959.347)-(t:793.439-step:32416-v:943.154)-(t:793.491-step:32417-v:942.208)],404.766
ppo,examples/pdptw/pdptw_100/lc207.txt,r1,900,7,ppo --device=auto-gpu --c1-start=0.34 --c1-end=0.06 --c1-n-secs=196 --c2-start=0.39 --c2-end=0.2 --c2-n-secs=431 --n-epochs=65 --lr-critic=7.315462310749335E-4 --clipping=11.799185331865313 --batch-size=15 --seed=7 --disable-training-logs --memory-size=1015 --lr=0.0018103176507973232 --logdir=logs/ppo-pdptw_all-15m-r1/pdptw-lc207 --communication=unix-socket -i=/tmp/pipes/unix-socket-1801920778403922,======,4779391.0,[(t:2.855-step:119-v:1686.789)-(t:2.917-step:120-v:1677.678)-(t:172.440-step:6858-v:1504.081)-(t:172.456-step:6859-v:1495.975)-(t:172.482-step:6860-v:1492.171)-(t:172.517-step:6861-v:1487.223)-(t:172.548-step:6862-v:1484.52)-(t:172.571-step:6863-v:1483.91)-(t:172.619-step:6864-v:1480.613)-(t:175.786-step:7016-v:1478.702)-(t:175.879-step:7017-v:1474.665)-(t:175.913-step:7018-v:1468.217)-(t:320.099-step:12762-v:1261.424)-(t:320.127-step:12763-v:1259.913)-(t:320.172-step:12764-v:1256.673)-(t:320.196-step:12765-v:1255.359)-(t:320.283-step:12766-v:1239.723)-(t:354.903-step:14342-v:1035.702)-(t:354.920-step:14343-v:1034.791)-(t:458.970-step:19002-v:1027.256)-(t:458.995-step:19003-v:957.487)-(t:804.415-step:34304-v:794.167)-(t:804.456-step:34305-v:783.636)-(t:804.635-step:34306-v:781.304)-(t:804.652-step:34307-v:779.391)],421.313
ppo,examples/pdptw/pdptw_100/lc208.txt,r1,900,7,ppo --device=auto-gpu --c1-start=0.34 --c1-end=0.06 --c1-n-secs=196 --c2-start=0.39 --c2-end=0.2 --c2-n-secs=431 --n-epochs=65 --lr-critic=7.315462310749335E-4 --clipping=11.799185331865313 --batch-size=15 --seed=7 --disable-training-logs --memory-size=1015 --lr=0.0018103176507973232 --logdir=logs/ppo-pdptw_all-15m-r1/pdptw-lc208 --communication=unix-socket -i=/tmp/pipes/unix-socket-1802097814489750,======,5108688.0,[(t:3.898-step:130-v:1790.59)-(t:3.981-step:131-v:1779.869)-(t:4.001-step:132-v:1777.907)-(t:35.429-step:1427-v:1713.547)-(t:35.461-step:1428-v:1696.393)-(t:35.475-step:1429-v:1619.234)-(t:35.539-step:1430-v:1619.0)-(t:35.593-step:1431-v:1612.819)-(t:35.686-step:1432-v:1604.065)-(t:144.160-step:6317-v:1564.573)-(t:144.218-step:6318-v:1556.154)-(t:144.241-step:6319-v:1547.398)-(t:144.312-step:6320-v:1536.369)-(t:144.337-step:6321-v:1532.774)-(t:144.349-step:6322-v:1531.553)-(t:256.067-step:10851-v:1369.346)-(t:256.084-step:10852-v:1367.041)-(t:256.175-step:10853-v:1365.628)-(t:256.216-step:10854-v:1356.699)-(t:256.262-step:10855-v:1348.234)-(t:256.886-step:10900-v:1311.009)-(t:280.074-step:12034-v:1055.199)-(t:280.111-step:12035-v:1054.53)-(t:280.131-step:12036-v:1049.129)],448.305
ppo,examples/pdptw/pdptw_100/lr107.txt,r1,900,7,ppo --device=auto-gpu --c1-start=0.34 --c1-end=0.06 --c1-n-secs=196 --c2-start=0.39 --c2-end=0.2 --c2-n-secs=431 --n-epochs=65 --lr-critic=7.315462310749335E-4 --clipping=11.799185331865313 --batch-size=15 --seed=7 --disable-training-logs --memory-size=1015 --lr=0.0018103176507973232 --logdir=logs/ppo-pdptw_all-15m-r1/pdptw-lr107 --communication=unix-socket -i=/tmp/pipes/unix-socket-1802442442333850,======,13221170.0,[(t:3.550-step:113-v:2006.322)-(t:4.666-step:138-v:1841.791)-(t:5.616-step:158-v:1821.776)-(t:5.663-step:159-v:1812.878)-(t:5.680-step:160-v:1811.66)-(t:5.916-step:168-v:1678.361)-(t:5.941-step:169-v:1678.266)-(t:5.979-step:170-v:1651.705)-(t:9.986-step:266-v:1598.618)-(t:9.999-step:267-v:1595.387)-(t:10.041-step:268-v:1591.523)-(t:10.106-step:269-v:1586.328)-(t:10.162-step:270-v:1573.317)-(t:10.187-step:271-v:1564.364)-(t:16.751-step:453-v:1553.252)-(t:16.784-step:454-v:1547.529)-(t:35.211-step:847-v:1540.258)-(t:35.241-step:848-v:1476.38)-(t:35.302-step:849-v:1475.941)-(t:35.328-step:850-v:1453.762)-(t:41.632-step:982-v:1397.68)-(t:126.636-step:3109-v:1352.269)-(t:164.555-step:4109-v:1347.083)-(t:165.410-step:4145-v:1345.731)-(t:165.472-step:4146-v:1345.69)-(t:294.878-step:7544-v:1286.129)-(t:294.975-step:7545-v:1285.899)-(t:294.988-step:7546-v:1280.176)-(t:295.411-step:7563-v:1239.447)-(t:309.226-step:7940-v:1231.049)-(t:315.924-step:8054-v:1225.398)-(t:315.943-step:8055-v:1223.751)-(t:315.973-step:8056-v:1221.17)],116.121
ppo,examples/pdptw/pdptw_100/lr108.txt,r1,900,7,ppo --device=auto-gpu --c1-start=0.34 --c1-end=0.06 --c1-n-secs=196 --c2-start=0.39 --c2-end=0.2 --c2-n-secs=431 --n-epochs=65 --lr-critic=7.315462310749335E-4 --clipping=11.799185331865313 --batch-size=15 --seed=7 --disable-training-logs --memory-size=1015 --lr=0.0018103176507973232 --logdir=logs/ppo-pdptw_all-15m-r1/pdptw-lr108 --communication=unix-socket -i=/tmp/pipes/unix-socket-1802445245651527,======,12109888.0,[(t:7.014-step:142-v:1827.757)-(t:7.773-step:168-v:1811.54)-(t:11.457-step:267-v:1693.465)-(t:11.467-step:268-v:1680.639)-(t:13.503-step:312-v:1633.863)-(t:13.520-step:313-v:1633.463)-(t:14.600-step:336-v:1617.756)-(t:15.798-step:369-v:1577.435)-(t:15.890-step:370-v:1546.991)-(t:21.444-step:501-v:1492.384)-(t:25.309-step:606-v:1476.028)-(t:33.005-step:734-v:1414.115)-(t:42.388-step:972-v:1388.97)-(t:42.428-step:973-v:1386.263)-(t:83.225-step:1941-v:1364.945)-(t:100.191-step:2380-v:1219.97)-(t:100.229-step:2381-v:1218.805)-(t:100.245-step:2382-v:1218.636)-(t:100.358-step:2383-v:1195.109)-(t:100.375-step:2384-v:1194.673)-(t:100.401-step:2385-v:1190.007)-(t:100.430-step:2386-v:1188.194)-(t:100.456-step:2387-v:1183.795)-(t:101.743-step:2404-v:1128.113)-(t:699.004-step:19468-v:1120.528)-(t:699.018-step:19469-v:1116.479)-(t:699.036-step:19470-v:1110.325)-(t:699.056-step:19471-v:1110.006)-(t:699.078-step:19472-v:1109.888)],147.217
ppo,examples/pdptw/pdptw_100/lr109.txt,r1,900,7,ppo --device=auto-gpu --c1-start=0.34 --c1-end=0.06 --c1-n-secs=196 --c2-start=0.39 --c2-end=0.2 --c2-n-secs=431 --n-epochs=65 --lr-critic=7.315462310749335E-4 --clipping=11.799185331865313 --batch-size=15 --seed=7 --disable-training-logs --memory-size=1015 --lr=0.0018103176507973232 --logdir=logs/ppo-pdptw_all-15m-r1/pdptw-lr109 --communication=unix-socket -i=/tmp/pipes/unix-socket-1802530953334179,======,14290995.0,[(t:4.041-step:103-v:1713.624)-(t:4.081-step:104-v:1703.597)-(t:4.103-step:105-v:1700.78)-(t:4.698-step:111-v:1623.122)-(t:4.721-step:112-v:1608.946)-(t:82.182-step:1884-v:1479.437)-(t:82.200-step:1885-v:1471.242)-(t:214.216-step:5110-v:1348.041)-(t:214.251-step:5111-v:1339.846)-(t:215.549-step:5143-v:1338.493)-(t:371.226-step:9332-v:1306.605)-(t:371.345-step:9333-v:1301.853)-(t:371.366-step:9334-v:1301.355)-(t:371.420-step:9335-v:1298.567)-(t:371.554-step:9336-v:1297.584)-(t:371.615-step:9337-v:1294.817)-(t:371.740-step:9338-v:1292.52)-(t:371.766-step:9339-v:1290.995)],95.832
ppo,examples/pdptw/pdptw_100/lr110.txt,r1,900,7,ppo --device=auto-gpu --c1-start=0.34 --c1-end=0.06 --c1-n-secs=196 --c2-start=0.39 --c2-end=0.2 --c2-n-secs=431 --n-epochs=65 --lr-critic=7.315462310749335E-4 --clipping=11.799185331865313 --batch-size=15 --seed=7 --disable-training-logs --memory-size=1015 --lr=0.0018103176507973232 --logdir=logs/ppo-pdptw_all-15m-r1/pdptw-lr110 --communication=unix-socket -i=/tmp/pipes/unix-socket-1802563492822368,======,14470416.0,[(t:4.676-step:120-v:2143.312)-(t:4.748-step:121-v:2135.168)-(t:5.114-step:135-v:2072.011)-(t:5.139-step:136-v:2066.4)-(t:5.214-step:137-v:2062.707)-(t:7.851-step:219-v:1938.173)-(t:7.891-step:220-v:1935.927)-(t:7.931-step:221-v:1932.438)-(t:8.028-step:222-v:1930.372)-(t:8.075-step:223-v:1928.662)-(t:10.494-step:276-v:1922.677)-(t:10.557-step:277-v:1920.166)-(t:13.937-step:351-v:1893.488)-(t:17.318-step:429-v:1799.806)-(t:17.358-step:430-v:1791.889)-(t:17.991-step:447-v:1743.307)-(t:18.052-step:448-v:1702.538)-(t:18.071-step:449-v:1679.429)-(t:18.399-step:461-v:1639.279)-(t:21.664-step:523-v:1617.182)-(t:21.709-step:524-v:1606.83)-(t:21.741-step:525-v:1603.635)-(t:22.336-step:546-v:1578.907)-(t:22.367-step:547-v:1578.787)-(t:69.448-step:1867-v:1502.395)-(t:69.463-step:1868-v:1480.171)-(t:69.516-step:1869-v:1474.267)-(t:69.938-step:1881-v:1471.418)-(t:69.990-step:1882-v:1471.179)-(t:70.005-step:1883-v:1468.933)-(t:70.056-step:1884-v:1467.86)-(t:70.118-step:1885-v:1464.754)-(t:70.198-step:1886-v:1456.776)-(t:184.715-step:4857-v:1443.879)-(t:184.745-step:4858-v:1439.67)-(t:184.762-step:4859-v:1437.368)-(t:184.817-step:4860-v:1436.221)-(t:184.838-step:4861-v:1431.896)-(t:232.715-step:6306-v:1408.152)-(t:232.729-step:6307-v:1407.39)-(t:232.757-step:6308-v:1405.596)-(t:233.859-step:6342-v:1390.579)-(t:233.888-step:6343-v:1389.592)],167.08
ppo,examples/pdptw/pdptw_100/lr111.txt,r1,900,7,ppo --device=auto-gpu --c1-start=0.34 --c1-end=0.06 --c1-n-secs=196 --c2-start=0.39 --c2-end=0.2 --c2-n-secs=431 --n-epochs=65 --lr-critic=7.315462310749335E-4 --clipping=11.799185331865313 --batch-size=15 --seed=7 --disable-training-logs --memory-size=1015 --lr=0.0018103176507973232 --logdir=logs/ppo-pdptw_all-15m-r1/pdptw-lr111 --communication=unix-socket -i=/tmp/pipes/unix-socket-1802614154708166,======,13230797.0,[(t:6.308-step:160-v:1739.246)-(t:6.333-step:161-v:1739.231)-(t:6.359-step:162-v:1724.65)-(t:6.406-step:163-v:1724.535)-(t:6.436-step:164-v:1719.595)-(t:6.469-step:165-v:1717.965)-(t:8.780-step:238-v:1710.079)-(t:8.836-step:239-v:1703.816)-(t:10.017-step:269-v:1621.317)-(t:10.057-step:270-v:1595.6)-(t:10.250-step:271-v:1565.925)-(t:10.301-step:272-v:1551.454)-(t:12.620-step:310-v:1542.136)-(t:51.056-step:1102-v:1390.162)-(t:96.020-step:2135-v:1369.074)-(t:96.078-step:2136-v:1360.469)-(t:96.140-step:2137-v:1358.599)-(t:96.224-step:2138-v:1356.26)-(t:207.570-step:5005-v:1273.578)-(t:207.609-step:5006-v:1270.324)-(t:207.632-step:5007-v:1270.1)-(t:207.718-step:5008-v:1269.407)-(t:209.881-step:5059-v:1257.843)-(t:432.208-step:11150-v:1255.281)-(t:432.269-step:11151-v:1244.115)-(t:432.284-step:11152-v:1242.51)-(t:432.366-step:11153-v:1236.815)-(t:631.623-step:16695-v:1231.323)-(t:631.710-step:16696-v:1230.797)],122.43
ppo,examples/pdptw/pdptw_100/lr112.txt,r1,900,7,ppo --device=auto-gpu --c1-start=0.34 --c1-end=0.06 --c1-n-secs=196 --c2-start=0.39 --c2-end=0.2 --c2-n-secs=431 --n-epochs=65 --lr-critic=7.315462310749335E-4 --clipping=11.799185331865313 --batch-size=15 --seed=7 --disable-training-logs --memory-size=1015 --lr=0.0018103176507973232 --logdir=logs/ppo-pdptw_all-15m-r1/pdptw-lr112 --communication=unix-socket -i=/tmp/pipes/unix-socket-1802777727795564,======,13176422.0,[(t:6.536-step:143-v:1795.855)-(t:7.030-step:155-v:1795.443)-(t:8.207-step:198-v:1737.92)-(t:8.256-step:199-v:1735.012)-(t:19.657-step:407-v:1666.574)-(t:21.709-step:451-v:1593.387)-(t:21.730-step:452-v:1589.099)-(t:63.936-step:1367-v:1564.412)-(t:64.322-step:1377-v:1549.585)-(t:64.376-step:1378-v:1539.602)-(t:64.399-step:1379-v:1482.313)-(t:64.446-step:1380-v:1481.439)-(t:89.636-step:1913-v:1442.883)-(t:89.647-step:1914-v:1439.334)-(t:89.672-step:1915-v:1434.7)-(t:89.707-step:1916-v:1425.182)-(t:89.763-step:1917-v:1411.541)-(t:89.785-step:1918-v:1407.622)-(t:89.859-step:1919-v:1378.687)-(t:89.911-step:1920-v:1366.066)-(t:89.923-step:1921-v:1365.991)-(t:90.481-step:1945-v:1300.98)-(t:90.503-step:1946-v:1296.576)-(t:289.294-step:6936-v:1296.498)-(t:289.306-step:6937-v:1293.889)-(t:289.396-step:6938-v:1289.989)-(t:297.885-step:7209-v:1289.547)-(t:297.930-step:7210-v:1289.039)-(t:298.775-step:7235-v:1263.654)-(t:298.832-step:7236-v:1201.053)-(t:298.885-step:7237-v:1195.34)-(t:298.939-step:7238-v:1194.215)-(t:299.477-step:7256-v:1192.076)-(t:299.557-step:7257-v:1190.929)-(t:299.575-step:7258-v:1179.513)-(t:299.629-step:7259-v:1176.422)],172.253
ppo,examples/pdptw/pdptw_100/lr206.txt,r1,900,7,ppo --device=auto-gpu --c1-start=0.34 --c1-end=0.06 --c1-n-secs=196 --c2-start=0.39 --c2-end=0.2 --c2-n-secs=431 --n-epochs=65 --lr-critic=7.315462310749335E-4 --clipping=11.799185331865313 --batch-size=15 --seed=7 --disable-training-logs --memory-size=1015 --lr=0.0018103176507973232 --logdir=logs/ppo-pdptw_all-15m-r1/pdptw-lr206 --communication=unix-socket -i=/tmp/pipes/unix-socket-1802828836861807,======,5505705.0,[(t:3.594-step:107-v:2294.605)-(t:3.623-step:108-v:2293.0)-(t:27.348-step:1123-v:2104.215)-(t:54.108-step:2050-v:2047.228)-(t:234.941-step:8417-v:1975.716)-(t:234.962-step:8418-v:1972.054)-(t:234.984-step:8419-v:1962.281)-(t:235.757-step:8455-v:1855.046)-(t:235.772-step:8456-v:1855.02)-(t:235.815-step:8457-v:1841.473)-(t:570.864-step:21754-v:1833.994)-(t:570.874-step:21755-v:1829.193)-(t:888.817-step:35232-v:1536.712)-(t:888.870-step:35233-v:1524.913)-(t:888.896-step:35234-v:1523.371)-(t:888.906-step:35235-v:1520.412)-(t:888.949-step:35236-v:1510.534)-(t:889.045-step:35237-v:1505.883)-(t:889.056-step:35238-v:1505.705)],457.431
ppo,examples/pdptw/pdptw_100/lr207.txt,r1,900,7,ppo --device=auto-gpu --c1-start=0.34 --c1-end=0.06 --c1-n-secs=196 --c2-start=0.39 --c2-end=0.2 --c2-n-secs=431 --n-epochs=65 --lr-critic=7.315462310749335E-4 --clipping=11.799185331865313 --batch-size=15 --seed=7 --disable-training-logs --memory-size=1015 --lr=0.0018103176507973232 --logdir=logs/ppo-pdptw_all-15m-r1/pdptw-lr207 --communication=unix-socket -i=/tmp/pipes/unix-socket-1803005923146854,======,5488381.0,[(t:4.440-step:119-v:2332.411)-(t:5.614-step:141-v:2177.016)-(t:5.624-step:142-v:2156.115)-(t:5.635-step:143-v:2155.21)-(t:5.666-step:144-v:2151.733)-(t:31.624-step:1199-v:2122.644)-(t:31.637-step:1200-v:2121.472)-(t:31.661-step:1201-v:2112.64)-(t:77.474-step:2800-v:2091.453)-(t:77.493-step:2801-v:2079.795)-(t:77.532-step:2802-v:2065.799)-(t:77.543-step:2803-v:2065.387)-(t:77.561-step:2804-v:2063.876)-(t:472.661-step:17739-v:2050.732)-(t:472.765-step:17740-v:2044.845)-(t:472.775-step:17741-v:2044.19)-(t:472.797-step:17742-v:2035.698)-(t:472.825-step:17743-v:2033.948)-(t:472.846-step:17744-v:2028.496)-(t:684.185-step:25907-v:2022.972)-(t:684.205-step:25908-v:2022.59)-(t:695.329-step:26406-v:1906.489)-(t:695.367-step:26407-v:1903.939)-(t:695.436-step:26408-v:1895.917)-(t:695.491-step:26409-v:1864.183)-(t:695.502-step:26410-v:1860.666)-(t:695.577-step:26411-v:1857.953)-(t:695.588-step:26412-v:1850.356)-(t:695.667-step:26413-v:1845.57)-(t:695.678-step:26414-v:1844.257)-(t:695.716-step:26415-v:1830.291)-(t:695.756-step:26416-v:1830.226)-(t:695.787-step:26417-v:1829.825)-(t:695.803-step:26418-v:1804.337)-(t:695.815-step:26419-v:1786.021)-(t:695.827-step:26420-v:1783.401)-(t:893.563-step:34830-v:1499.344)-(t:893.605-step:34831-v:1488.381)],492.698
ppo,examples/pdptw/pdptw_100/lr208.txt,r1,900,7,ppo --device=auto-gpu --c1-start=0.34 --c1-end=0.06 --c1-n-secs=196 --c2-start=0.39 --c2-end=0.2 --c2-n-secs=431 --n-epochs=65 --lr-critic=7.315462310749335E-4 --clipping=11.799185331865313 --batch-size=15 --seed=7 --disable-training-logs --memory-size=1015 --lr=0.0018103176507973232 --logdir=logs/ppo-pdptw_all-15m-r1/pdptw-lr208 --communication=unix-socket -i=/tmp/pipes/unix-socket-1803351503857823,======,4892469.0,[(t:4.469-step:133-v:2043.625)-(t:74.117-step:2209-v:1935.453)-(t:74.138-step:2210-v:1934.967)-(t:139.880-step:4022-v:1909.971)-(t:191.053-step:5436-v:1891.715)-(t:191.271-step:5437-v:1887.041)-(t:191.286-step:5438-v:1858.969)-(t:191.311-step:5439-v:1858.689)],550.005
ppo,examples/pdptw/pdptw_100/lr209.txt,r1,900,7,ppo --device=auto-gpu --c1-start=0.34 --c1-end=0.06 --c1-n-secs=196 --c2-start=0.39 --c2-end=0.2 --c2-n-secs=431 --n-epochs=65 --lr-critic=7.315462310749335E-4 --clipping=11.799185331865313 --batch-size=15 --seed=7 --disable-training-logs --memory-size=1015 --lr=0.0018103176507973232 --logdir=logs/ppo-pdptw_all-15m-r1/pdptw-lr209 --communication=unix-socket -i=/tmp/pipes/unix-socket-1803354455234413,======,5649644.0,[(t:4.690-step:132-v:2576.843)-(t:4.784-step:133-v:2557.77)-(t:4.808-step:134-v:2556.805)-(t:4.835-step:135-v:2556.091)-(t:4.853-step:136-v:2546.559)-(t:4.880-step:137-v:2535.908)-(t:5.241-step:150-v:2483.952)-(t:15.210-step:509-v:2184.74)-(t:15.228-step:510-v:2182.322)-(t:15.239-step:511-v:2176.32)-(t:15.929-step:533-v:2099.561)-(t:57.946-step:1882-v:2038.929)-(t:58.053-step:1883-v:2024.458)-(t:58.187-step:1884-v:2001.897)-(t:58.282-step:1885-v:1966.396)-(t:425.777-step:14017-v:1864.344)-(t:425.792-step:14018-v:1860.33)-(t:425.806-step:14019-v:1860.243)-(t:425.823-step:14020-v:1839.381)-(t:425.853-step:14021-v:1802.955)-(t:425.902-step:14022-v:1796.927)-(t:859.026-step:30298-v:1658.808)-(t:859.043-step:30299-v:1653.971)-(t:859.086-step:30300-v:1649.644)],455.58
ppo,examples/pdptw/pdptw_100/lr210.txt,r1,900,7,ppo --device=auto-gpu --c1-start=0.34 --c1-end=0.06 --c1-n-secs=196 --c2-start=0.39 --c2-end=0.2 --c2-n-secs=431 --n-epochs=65 --lr-critic=7.315462310749335E-4 --clipping=11.799185331865313 --batch-size=15 --seed=7 --disable-training-logs --memory-size=1015 --lr=0.0018103176507973232 --logdir=logs/ppo-pdptw_all-15m-r1/pdptw-lr210 --communication=unix-socket -i=/tmp/pipes/unix-socket-1803440460740674,======,5645619.0,[(t:3.315-step:123-v:2241.07)-(t:3.402-step:124-v:2238.043)-(t:20.853-step:963-v:2201.093)-(t:20.866-step:964-v:2200.156)-(t:20.878-step:965-v:2198.063)-(t:27.923-step:1194-v:1981.068)-(t:27.996-step:1195-v:1979.633)-(t:28.031-step:1196-v:1963.197)-(t:59.627-step:2392-v:1936.509)-(t:59.647-step:2393-v:1932.227)-(t:59.770-step:2394-v:1931.702)-(t:165.953-step:6554-v:1906.078)-(t:166.075-step:6555-v:1905.742)-(t:166.099-step:6556-v:1891.361)-(t:166.208-step:6557-v:1880.877)-(t:166.230-step:6558-v:1876.544)-(t:166.271-step:6559-v:1858.752)-(t:166.310-step:6560-v:1854.871)-(t:166.320-step:6561-v:1832.351)-(t:474.727-step:18740-v:1831.804)-(t:690.610-step:28099-v:1684.764)-(t:690.689-step:28100-v:1672.646)-(t:690.710-step:28101-v:1658.077)-(t:690.786-step:28102-v:1657.152)-(t:690.856-step:28103-v:1656.534)-(t:690.934-step:28104-v:1653.61)-(t:693.734-step:28213-v:1649.857)-(t:693.743-step:28214-v:1645.619)],421.908
ppo,examples/pdptw/pdptw_100/lr211.txt,r1,900,7,ppo --device=auto-gpu --c1-start=0.34 --c1-end=0.06 --c1-n-secs=196 --c2-start=0.39 --c2-end=0.2 --c2-n-secs=431 --n-epochs=65 --lr-critic=7.315462310749335E-4 --clipping=11.799185331865313 --batch-size=15 --seed=7 --disable-training-logs --memory-size=1015 --lr=0.0018103176507973232 --logdir=logs/ppo-pdptw_all-15m-r1/pdptw-lr211 --communication=unix-socket -i=/tmp/pipes/unix-socket-1803473055498366,======,5618654.0,[(t:4.896-step:135-v:2569.034)-(t:4.911-step:136-v:2550.472)-(t:4.937-step:137-v:2543.79)-(t:4.953-step:138-v:2543.756)-(t:4.978-step:139-v:2530.036)-(t:5.016-step:140-v:2508.054)-(t:5.027-step:141-v:2500.315)-(t:5.046-step:142-v:2492.198)-(t:30.178-step:882-v:2371.778)-(t:30.205-step:883-v:2361.03)-(t:30.215-step:884-v:2346.966)-(t:30.226-step:885-v:2306.493)-(t:30.245-step:886-v:2303.075)-(t:40.105-step:1185-v:2219.616)-(t:40.117-step:1186-v:2182.699)-(t:41.125-step:1225-v:2180.568)-(t:41.142-step:1226-v:2168.865)-(t:41.171-step:1227-v:2165.789)-(t:41.250-step:1228-v:2164.675)-(t:48.707-step:1447-v:2048.881)-(t:48.717-step:1448-v:2043.398)-(t:95.833-step:2682-v:2014.312)-(t:95.849-step:2683-v:2010.588)-(t:97.390-step:2684-v:2009.047)-(t:97.406-step:2685-v:2004.403)-(t:97.423-step:2686-v:1988.506)-(t:97.447-step:2687-v:1986.685)-(t:97.637-step:2688-v:1953.165)-(t:97.678-step:2689-v:1894.728)-(t:125.594-step:3634-v:1891.742)-(t:261.904-step:7642-v:1740.824)-(t:262.293-step:7643-v:1737.182)-(t:262.392-step:7644-v:1735.532)-(t:262.403-step:7645-v:1735.162)-(t:788.535-step:27251-v:1632.771)-(t:788.627-step:27252-v:1631.768)-(t:788.647-step:27253-v:1625.684)-(t:788.676-step:27254-v:1618.654)],442.818
ppo,examples/pdptw/pdptw_100/lrc105.txt,r1,900,7,ppo --device=auto-gpu --c1-start=0.34 --c1-end=0.06 --c1-n-secs=196 --c2-start=0.39 --c2-end=0.2 --c2-n-secs=431 --n-epochs=65 --lr-critic=7.315462310749335E-4 --clipping=11.799185331865313 --batch-size=15 --seed=7 --disable-training-logs --memory-size=1015 --lr=0.0018103176507973232 --logdir=logs/ppo-pdptw_all-15m-r1/pdptw-lrc105 --communication=unix-socket -i=/tmp/pipes/unix-socket-1803523058153339,======,16801298.0,[(t:4.646-step:133-v:2331.799)-(t:4.696-step:134-v:2324.609)-(t:8.584-step:224-v:2303.306)-(t:9.880-step:241-v:2289.548)-(t:10.831-step:259-v:2279.116)-(t:14.971-step:351-v:2040.662)-(t:16.413-step:380-v:1943.771)-(t:23.640-step:536-v:1943.02)-(t:59.599-step:1306-v:1896.107)-(t:70.674-step:1543-v:1872.096)-(t:70.697-step:1544-v:1867.897)-(t:75.884-step:1707-v:1858.993)-(t:75.950-step:1708-v:1858.958)-(t:75.998-step:1709-v:1839.437)-(t:337.548-step:7628-v:1828.855)-(t:337.564-step:7629-v:1824.58)-(t:499.099-step:11436-v:1806.161)-(t:499.128-step:11437-v:1801.298)],98.54
ppo,examples/pdptw/pdptw_100/lrc106.txt,r1,900,7,ppo --device=auto-gpu --c1-start=0.34 --c1-end=0.06 --c1-n-secs=196 --c2-start=0.39 --c2-end=0.2 --c2-n-secs=431 --n-epochs=65 --lr-critic=7.315462310749335E-4 --clipping=11.799185331865313 --batch-size=15 --seed=7 --disable-training-logs --memory-size=1015 --lr=0.0018103176507973232 --logdir=logs/ppo-pdptw_all-15m-r1/pdptw-lrc106 --communication=unix-socket -i=/tmp/pipes/unix-socket-1803687088254052,======,15749246.0,[(t:4.265-step:117-v:1911.406)-(t:5.734-step:163-v:1909.979)-(t:37.775-step:894-v:1786.26)-(t:37.796-step:895-v:1782.205)-(t:37.821-step:896-v:1781.363)-(t:37.921-step:897-v:1777.058)-(t:39.475-step:939-v:1750.018)-(t:39.508-step:940-v:1747.274)-(t:39.637-step:941-v:1736.718)-(t:42.548-step:1038-v:1734.522)-(t:42.748-step:1049-v:1726.484)-(t:42.829-step:1050-v:1724.653)-(t:42.852-step:1051-v:1721.092)-(t:42.905-step:1052-v:1709.117)],156.348
ppo,examples/pdptw/pdptw_100/lrc107.txt,r1,900,7,ppo --device=auto-gpu --c1-start=0.34 --c1-end=0.06 --c1-n-secs=196 --c2-start=0.39 --c2-end=0.2 --c2-n-secs=431 --n-epochs=65 --lr-critic=7.315462310749335E-4 --clipping=11.799185331865313 --batch-size=15 --seed=7 --disable-training-logs --memory-size=1015 --lr=0.0018103176507973232 --logdir=logs/ppo-pdptw_all-15m-r1/pdptw-lrc107 --communication=unix-socket -i=/tmp/pipes/unix-socket-1803737092088999,======,14409361.0,[(t:4.044-step:103-v:1931.298)-(t:36.156-step:752-v:1828.437)-(t:44.151-step:910-v:1824.073)-(t:44.166-step:911-v:1823.765)-(t:44.181-step:912-v:1812.974)-(t:45.753-step:950-v:1811.175)-(t:51.324-step:1092-v:1625.588)-(t:92.328-step:2116-v:1616.239)-(t:92.644-step:2127-v:1600.115)-(t:92.733-step:2128-v:1600.037)-(t:152.151-step:3426-v:1585.92)-(t:152.201-step:3427-v:1583.766)-(t:152.256-step:3428-v:1583.083)-(t:152.325-step:3429-v:1577.705)-(t:152.387-step:3430-v:1577.583)-(t:152.435-step:3431-v:1570.748)-(t:157.545-step:3588-v:1567.255)-(t:162.152-step:3725-v:1506.496)-(t:162.171-step:3726-v:1505.393)-(t:162.226-step:3727-v:1483.044)-(t:162.299-step:3728-v:1467.265)-(t:162.356-step:3729-v:1453.159)-(t:162.408-step:3730-v:1451.559)-(t:549.217-step:14241-v:1443.126)-(t:549.250-step:14242-v:1441.895)-(t:549.290-step:14243-v:1441.621)-(t:822.402-step:21951-v:1409.361)],155.579
ppo,examples/pdptw/pdptw_100/lrc108.txt,r1,900,7,ppo --device=auto-gpu --c1-start=0.34 --c1-end=0.06 --c1-n-secs=196 --c2-start=0.39 --c2-end=0.2 --c2-n-secs=431 --n-epochs=65 --lr-critic=7.315462310749335E-4 --clipping=11.799185331865313 --batch-size=15 --seed=7 --disable-training-logs --memory-size=1015 --lr=0.0018103176507973232 --logdir=logs/ppo-pdptw_all-15m-r1/pdptw-lrc108 --communication=unix-socket -i=/tmp/pipes/unix-socket-1803914017885307,======,13311702.0,[(t:4.890-step:118-v:2126.567)-(t:4.907-step:119-v:2125.702)-(t:5.056-step:120-v:2122.397)-(t:5.989-step:133-v:2122.057)-(t:6.010-step:134-v:2120.43)-(t:11.549-step:256-v:2008.888)-(t:11.562-step:257-v:2007.261)-(t:11.589-step:258-v:2006.755)-(t:12.255-step:270-v:1940.233)-(t:24.511-step:559-v:1799.75)-(t:24.565-step:560-v:1791.633)-(t:40.772-step:892-v:1696.238)-(t:40.855-step:893-v:1695.391)-(t:40.902-step:894-v:1695.25)-(t:42.609-step:948-v:1646.509)-(t:84.577-step:1951-v:1644.447)-(t:84.588-step:1952-v:1642.82)-(t:84.945-step:1964-v:1629.637)-(t:84.970-step:1965-v:1629.489)-(t:84.990-step:1966-v:1628.76)-(t:85.584-step:1985-v:1566.557)-(t:117.451-step:2788-v:1565.762)-(t:117.473-step:2789-v:1564.376)-(t:117.547-step:2790-v:1559.366)-(t:124.909-step:2974-v:1449.856)-(t:124.945-step:2975-v:1439.426)-(t:124.973-step:2976-v:1438.646)-(t:124.991-step:2977-v:1420.031)-(t:125.025-step:2978-v:1415.095)-(t:125.060-step:2979-v:1399.804)-(t:125.118-step:2980-v:1326.383)-(t:125.172-step:2981-v:1311.702)],140.298
ppo,examples/pdptw/pdptw_100/lrc205.txt,r1,900,7,ppo --device=auto-gpu --c1-start=0.34 --c1-end=0.06 --c1-n-secs=196 --c2-start=0.39 --c2-end=0.2 --c2-n-secs=431 --n-epochs=65 --lr-critic=7.315462310749335E-4 --clipping=11.799185331865313 --batch-size=15 --seed=7 --disable-training-logs --memory-size=1015 --lr=0.0018103176507973232 --logdir=logs/ppo-pdptw_all-15m-r1/pdptw-lrc205 --communication=unix-socket -i=/tmp/pipes/unix-socket-1804261078262779,======,7225996.0,[(t:4.376-step:120-v:2503.103)-(t:4.487-step:121-v:2490.1)-(t:166.125-step:4891-v:2344.814)-(t:224.319-step:6814-v:2140.978)-(t:224.332-step:6815-v:2134.44)-(t:224.365-step:6816-v:2133.003)-(t:224.379-step:6817-v:2122.589)-(t:224.393-step:6818-v:2122.334)-(t:224.425-step:6819-v:2110.58)-(t:224.464-step:6820-v:1990.435)-(t:224.477-step:6821-v:1973.921)-(t:224.491-step:6822-v:1970.492)-(t:224.505-step:6823-v:1967.975)-(t:224.519-step:6824-v:1962.723)-(t:224.534-step:6825-v:1959.983)-(t:224.570-step:6826-v:1958.787)-(t:224.595-step:6827-v:1953.411)-(t:224.643-step:6828-v:1911.571)-(t:224.737-step:6829-v:1900.852)-(t:452.090-step:14495-v:1898.66)],319.873
ppo,examples/pdptw/pdptw_100/lrc206.txt,r1,900,7,ppo --device=auto-gpu --c1-start=0.34 --c1-end=0.06 --c1-n-secs=196 --c2-start=0.39 --c2-end=0.2 --c2-n-secs=431 --n-epochs=65 --lr-critic=7.315462310749335E-4 --clipping=11.799185331865313 --batch-size=15 --seed=7 --disable-training-logs --memory-size=1015 --lr=0.0018103176507973232 --logdir=logs/ppo-pdptw_all-15m-r1/pdptw-lrc206 --communication=unix-socket -i=/tmp/pipes/unix-socket-1804263635287950,======,6827726.0,[(t:13.600-step:454-v:2938.114)-(t:13.624-step:455-v:2839.557)-(t:13.645-step:456-v:2839.031)-(t:17.251-step:576-v:2814.566)-(t:17.268-step:577-v:2792.207)-(t:18.305-step:595-v:2714.094)-(t:18.315-step:596-v:2706.14)-(t:18.345-step:597-v:2705.824)-(t:18.353-step:598-v:2622.921)-(t:18.365-step:599-v:2620.93)-(t:22.712-step:772-v:2451.699)-(t:22.724-step:773-v:2448.827)-(t:22.734-step:774-v:2448.786)-(t:22.745-step:775-v:2447.032)-(t:29.873-step:964-v:2352.809)-(t:29.971-step:965-v:2293.936)-(t:30.003-step:966-v:2292.45)-(t:125.373-step:3921-v:2291.169)-(t:125.387-step:3922-v:2264.471)-(t:125.396-step:3923-v:2261.747)-(t:125.440-step:3924-v:2261.58)-(t:143.603-step:4468-v:2259.735)-(t:143.629-step:4469-v:2258.829)-(t:144.518-step:4490-v:2212.84)-(t:144.538-step:4491-v:2211.636)-(t:144.555-step:4492-v:2202.656)-(t:144.651-step:4493-v:2202.101)-(t:144.670-step:4494-v:2192.283)-(t:144.705-step:4495-v:2160.047)-(t:200.161-step:6359-v:2140.634)-(t:200.172-step:6360-v:2139.923)-(t:395.465-step:13189-v:1962.708)-(t:395.476-step:13190-v:1961.757)-(t:395.549-step:13191-v:1949.419)-(t:574.204-step:19732-v:1930.594)-(t:574.290-step:19733-v:1928.213)-(t:574.316-step:19734-v:1918.419)-(t:574.354-step:19735-v:1916.336)-(t:575.058-step:19770-v:1848.288)-(t:575.070-step:19771-v:1844.118)-(t:575.087-step:19772-v:1843.389)-(t:575.123-step:19773-v:1840.685)-(t:575.146-step:19774-v:1840.644)-(t:575.159-step:19775-v:1830.943)-(t:575.180-step:19776-v:1830.628)-(t:575.193-step:19777-v:1827.726)],386.16
ppo,examples/pdptw/pdptw_100/lrc207.txt,r1,900,7,ppo --device=auto-gpu --c1-start=0.34 --c1-end=0.06 --c1-n-secs=196 --c2-start=0.39 --c2-end=0.2 --c2-n-secs=431 --n-epochs=65 --lr-critic=7.315462310749335E-4 --clipping=11.799185331865313 --batch-size=15 --seed=7 --disable-training-logs --memory-size=1015 --lr=0.0018103176507973232 --logdir=logs/ppo-pdptw_all-15m-r1/pdptw-lrc207 --communication=unix-socket -i=/tmp/pipes/unix-socket-1804349006854171,======,7100542.0,[(t:5.296-step:166-v:2793.716)-(t:60.223-step:1990-v:2683.477)-(t:67.901-step:2242-v:2438.353)-(t:67.916-step:2243-v:2436.031)-(t:68.053-step:2244-v:2430.185)-(t:68.071-step:2245-v:2424.769)-(t:268.415-step:9023-v:2165.369)-(t:362.077-step:12231-v:2105.427)-(t:620.431-step:21987-v:2100.542)],470.642
ppo,examples/pdptw/pdptw_400/LC2_4_7.txt,r1,900,7,ppo --device=auto-gpu --c1-start=0.34 --c1-end=0.06 --c1-n-secs=196 --c2-start=0.39 --c2-end=0.2 --c2-n-secs=431 --n-epochs=65 --lr-critic=7.315462310749335E-4 --clipping=11.799185331865313 --batch-size=15 --seed=7 --disable-training-logs --memory-size=1015 --lr=0.0018103176507973232 --logdir=logs/ppo-pdptw_all-15m-r1/pdptw-LC2_4_7 --communication=unix-socket -i=/tmp/pipes/unix-socket-1805258631471698,======,316010497536.0,[],900.0
ppo,examples/pdptw/pdptw_100/lrc208.txt,r1,900,7,ppo --device=auto-gpu --c1-start=0.34 --c1-end=0.06 --c1-n-secs=196 --c2-start=0.39 --c2-end=0.2 --c2-n-secs=431 --n-epochs=65 --lr-critic=7.315462310749335E-4 --clipping=11.799185331865313 --batch-size=15 --seed=7 --disable-training-logs --memory-size=1015 --lr=0.0018103176507973232 --logdir=logs/ppo-pdptw_all-15m-r1/pdptw-lrc208 --communication=unix-socket -i=/tmp/pipes/unix-socket-1804382639983143,======,6071402.0,[(t:4.792-step:138-v:2686.447)-(t:4.819-step:139-v:2679.248)-(t:5.912-step:179-v:2659.702)-(t:5.945-step:180-v:2656.002)-(t:25.799-step:981-v:2596.948)-(t:25.825-step:982-v:2595.639)-(t:25.838-step:983-v:2595.402)-(t:25.847-step:984-v:2591.792)-(t:25.861-step:985-v:2584.614)-(t:25.873-step:986-v:2548.514)-(t:39.701-step:1391-v:2258.545)-(t:40.182-step:1424-v:2242.33)-(t:40.190-step:1425-v:2234.499)-(t:40.215-step:1426-v:2232.765)-(t:347.943-step:10426-v:2226.601)-(t:347.954-step:10427-v:2225.934)-(t:347.980-step:10428-v:2213.999)-(t:348.004-step:10429-v:2211.782)-(t:348.017-step:10430-v:2207.858)-(t:403.844-step:12322-v:2065.213)-(t:404.159-step:12323-v:2059.553)-(t:404.178-step:12324-v:2056.112)-(t:404.187-step:12325-v:2053.568)-(t:404.303-step:12326-v:2053.228)-(t:405.062-step:12380-v:2050.732)-(t:405.169-step:12381-v:2043.792)-(t:437.087-step:13466-v:1976.596)-(t:437.116-step:13467-v:1970.144)-(t:437.137-step:13468-v:1961.7)-(t:437.147-step:13469-v:1960.925)],534.115
ppo,examples/pdptw/pdptw_400/LC1_4_6.txt,r1,900,7,ppo --device=auto-gpu --c1-start=0.34 --c1-end=0.06 --c1-n-secs=196 --c2-start=0.39 --c2-end=0.2 --c2-n-secs=431 --n-epochs=65 --lr-critic=7.315462310749335E-4 --clipping=11.799185331865313 --batch-size=15 --seed=7 --disable-training-logs --memory-size=1015 --lr=0.0018103176507973232 --logdir=logs/ppo-pdptw_all-15m-r1/pdptw-LC1_4_6 --communication=unix-socket -i=/tmp/pipes/unix-socket-1804434120806702,======,71158533.0,[(t:192.613-step:3153-v:14663.107)-(t:192.729-step:3154-v:14526.931)-(t:192.754-step:3155-v:14526.192)-(t:192.841-step:3156-v:14523.875)-(t:192.882-step:3157-v:14520.796)-(t:364.668-step:4182-v:14265.031)-(t:364.693-step:4183-v:14264.811)-(t:364.759-step:4184-v:14253.144)-(t:364.871-step:4185-v:14228.666)-(t:365.655-step:4186-v:14224.982)-(t:365.764-step:4187-v:14199.57)-(t:389.047-step:4328-v:14174.212)-(t:389.243-step:4329-v:14043.573)],542.666
ppo,examples/pdptw/pdptw_400/LC1_4_7.txt,r1,900,7,ppo --device=auto-gpu --c1-start=0.34 --c1-end=0.06 --c1-n-secs=196 --c2-start=0.39 --c2-end=0.2 --c2-n-secs=431 --n-epochs=65 --lr-critic=7.315462310749335E-4 --clipping=11.799185331865313 --batch-size=15 --seed=7 --disable-training-logs --memory-size=1015 --lr=0.0018103176507973232 --logdir=logs/ppo-pdptw_all-15m-r1/pdptw-LC1_4_7 --communication=unix-socket -i=/tmp/pipes/unix-socket-1804596340576193,======,70399713.0,[(t:276.556-step:2910-v:15756.855)-(t:361.916-step:3532-v:14482.959)-(t:370.608-step:3588-v:14477.985)-(t:370.651-step:3589-v:14474.803)-(t:371.446-step:3590-v:14406.97)-(t:371.495-step:3591-v:14401.134)-(t:371.651-step:3592-v:14399.713)],594.139
ppo,examples/pdptw/pdptw_400/LC1_4_8.txt,r1,900,7,ppo --device=auto-gpu --c1-start=0.34 --c1-end=0.06 --c1-n-secs=196 --c2-start=0.39 --c2-end=0.2 --c2-n-secs=431 --n-epochs=65 --lr-critic=7.315462310749335E-4 --clipping=11.799185331865313 --batch-size=15 --seed=7 --disable-training-logs --memory-size=1015 --lr=0.0018103176507973232 --logdir=logs/ppo-pdptw_all-15m-r1/pdptw-LC1_4_8 --communication=unix-socket -i=/tmp/pipes/unix-socket-1804646529615059,======,71075104.0,[(t:146.231-step:2094-v:17700.431)-(t:146.324-step:2095-v:17622.148)-(t:146.363-step:2096-v:17617.809)-(t:208.928-step:2538-v:17164.903)-(t:208.952-step:2539-v:17162.802)-(t:208.979-step:2540-v:17161.081)-(t:246.928-step:2870-v:16075.104)],514.634
ppo,examples/pdptw/pdptw_400/LC1_4_9.txt,r1,900,7,ppo --device=auto-gpu --c1-start=0.34 --c1-end=0.06 --c1-n-secs=196 --c2-start=0.39 --c2-end=0.2 --c2-n-secs=431 --n-epochs=65 --lr-critic=7.315462310749335E-4 --clipping=11.799185331865313 --batch-size=15 --seed=7 --disable-training-logs --memory-size=1015 --lr=0.0018103176507973232 --logdir=logs/ppo-pdptw_all-15m-r1/pdptw-LC1_4_9 --communication=unix-socket -i=/tmp/pipes/unix-socket-1804822965993331,======,67533986.0,[(t:126.269-step:2083-v:18665.335)-(t:212.082-step:2740-v:18096.783)-(t:233.950-step:2891-v:17533.986)],573.697
ppo,examples/pdptw/pdptw_400/LC1_4_10.txt,r1,900,7,ppo --device=auto-gpu --c1-start=0.34 --c1-end=0.06 --c1-n-secs=196 --c2-start=0.39 --c2-end=0.2 --c2-n-secs=431 --n-epochs=65 --lr-critic=7.315462310749335E-4 --clipping=11.799185331865313 --batch-size=15 --seed=7 --disable-training-logs --memory-size=1015 --lr=0.0018103176507973232 --logdir=logs/ppo-pdptw_all-15m-r1/pdptw-LC1_4_10 --communication=unix-socket -i=/tmp/pipes/unix-socket-1805170340299662,======,64231955.0,[(t:138.879-step:2133-v:20158.707)-(t:138.929-step:2134-v:20119.778)-(t:138.959-step:2135-v:20115.46)-(t:139.485-step:2136-v:20103.117)-(t:147.276-step:2202-v:19429.88)-(t:147.844-step:2203-v:19419.133)-(t:147.925-step:2204-v:19418.134)-(t:201.985-step:2539-v:18539.542)-(t:202.079-step:2540-v:18531.352)-(t:202.864-step:2541-v:18531.247)-(t:502.478-step:3909-v:17673.531)-(t:502.501-step:3910-v:17671.41)-(t:503.278-step:3911-v:17661.417)-(t:610.252-step:4394-v:17236.16)-(t:611.396-step:4395-v:17235.005)-(t:612.262-step:4396-v:17231.955)],567.408
ppo,examples/pdptw/pdptw_400/LC2_4_6.txt,r1,900,7,ppo --device=auto-gpu --c1-start=0.34 --c1-end=0.06 --c1-n-secs=196 --c2-start=0.39 --c2-end=0.2 --c2-n-secs=431 --n-epochs=65 --lr-critic=7.315462310749335E-4 --clipping=11.799185331865313 --batch-size=15 --seed=7 --disable-training-logs --memory-size=1015 --lr=0.0018103176507973232 --logdir=logs/ppo-pdptw_all-15m-r1/pdptw-LC2_4_6 --communication=unix-socket -i=/tmp/pipes/unix-socket-1805173066386453,======,35599835.0,[(t:176.269-step:3563-v:16191.05)-(t:176.291-step:3564-v:16189.416)-(t:177.156-step:3565-v:16183.581)-(t:210.916-step:3996-v:16077.724)-(t:210.939-step:3997-v:16076.208)-(t:498.498-step:7754-v:15665.618)-(t:499.992-step:7755-v:15661.852)-(t:809.694-step:11676-v:15612.039)-(t:809.748-step:11677-v:15606.156)-(t:811.425-step:11678-v:15599.835)],721.803
ppo,examples/pdptw/pdptw_400/LC2_4_8.txt,r1,900,7,ppo --device=auto-gpu --c1-start=0.34 --c1-end=0.06 --c1-n-secs=196 --c2-start=0.39 --c2-end=0.2 --c2-n-secs=431 --n-epochs=65 --lr-critic=7.315462310749335E-4 --clipping=11.799185331865313 --batch-size=15 --seed=7 --disable-training-logs --memory-size=1015 --lr=0.0018103176507973232 --logdir=logs/ppo-pdptw_all-15m-r1/pdptw-LC2_4_8 --communication=unix-socket -i=/tmp/pipes/unix-socket-1805287269047407,======,34540457.0,[(t:137.450-step:3576-v:19254.128)-(t:137.475-step:3577-v:19250.345)-(t:138.367-step:3578-v:19245.403)-(t:253.155-step:5621-v:14553.537)-(t:254.542-step:5622-v:14544.108)-(t:254.562-step:5623-v:14540.457)],705.864
ppo,examples/pdptw/pdptw_400/LC2_4_9.txt,r1,900,7,ppo --device=auto-gpu --c1-start=0.34 --c1-end=0.06 --c1-n-secs=196 --c2-start=0.39 --c2-end=0.2 --c2-n-secs=431 --n-epochs=65 --lr-critic=7.315462310749335E-4 --clipping=11.799185331865313 --batch-size=15 --seed=7 --disable-training-logs --memory-size=1015 --lr=0.0018103176507973232 --logdir=logs/ppo-pdptw_all-15m-r1/pdptw-LC2_4_9 --communication=unix-socket -i=/tmp/pipes/unix-socket-1805293784056614,======,36474870.0,[(t:205.557-step:3598-v:19192.56)-(t:205.575-step:3599-v:19040.134)-(t:207.216-step:3600-v:19038.62)-(t:231.367-step:3898-v:18494.582)-(t:231.401-step:3899-v:18471.744)-(t:231.425-step:3900-v:18467.718)-(t:231.469-step:3901-v:18387.788)-(t:231.489-step:3902-v:18385.615)-(t:246.715-step:4048-v:17980.357)-(t:614.638-step:7516-v:16486.51)-(t:614.684-step:7517-v:16474.87)],732.552
ppo,examples/pdptw/pdptw_400/LC2_4_10.txt,r1,900,7,ppo --device=auto-gpu --c1-start=0.34 --c1-end=0.06 --c1-n-secs=196 --c2-start=0.39 --c2-end=0.2 --c2-n-secs=431 --n-epochs=65 --lr-critic=7.315462310749335E-4 --clipping=11.799185331865313 --batch-size=15 --seed=7 --disable-training-logs --memory-size=1015 --lr=0.0018103176507973232 --logdir=logs/ppo-pdptw_all-15m-r1/pdptw-LC2_4_10 --communication=unix-socket -i=/tmp/pipes/unix-socket-1805343626901901,======,34271396.0,[(t:260.706-step:3623-v:16285.674)-(t:260.720-step:3624-v:16279.82)-(t:262.783-step:3625-v:16273.572)-(t:262.797-step:3626-v:16271.396)],749.583
ppo,examples/pdptw/pdptw_400/LR1_4_6.txt,r1,900,7,ppo --device=auto-gpu --c1-start=0.34 --c1-end=0.06 --c1-n-secs=196 --c2-start=0.39 --c2-end=0.2 --c2-n-secs=431 --n-epochs=65 --lr-critic=7.315462310749335E-4 --clipping=11.799185331865313 --batch-size=15 --seed=7 --disable-training-logs --memory-size=1015 --lr=0.0018103176507973232 --logdir=logs/ppo-pdptw_all-15m-r1/pdptw-LR1_4_6 --communication=unix-socket -i=/tmp/pipes/unix-socket-1805505486132509,======,59806031.0,[(t:233.136-step:3484-v:15530.185)-(t:233.185-step:3485-v:15525.582)-(t:233.239-step:3486-v:15525.537)-(t:233.302-step:3487-v:15479.319)-(t:233.769-step:3488-v:15477.334)],411.654
ppo,examples/pdptw/pdptw_400/LR1_4_7.txt,r1,900,7,ppo --device=auto-gpu --c1-start=0.34 --c1-end=0.06 --c1-n-secs=196 --c2-start=0.39 --c2-end=0.2 --c2-n-secs=431 --n-epochs=65 --lr-critic=7.315462310749335E-4 --clipping=11.799185331865313 --batch-size=15 --seed=7 --disable-training-logs --memory-size=1015 --lr=0.0018103176507973232 --logdir=logs/ppo-pdptw_all-15m-r1/pdptw-LR1_4_7 --communication=unix-socket -i=/tmp/pipes/unix-socket-1805556823144890,======,53630857.0,[(t:188.591-step:2289-v:16589.352)-(t:189.609-step:2290-v:16584.292)-(t:189.626-step:2291-v:16568.867)-(t:190.397-step:2292-v:16550.74)-(t:369.017-step:3551-v:15651.82)-(t:369.191-step:3552-v:15645.18)-(t:369.232-step:3553-v:15641.067)-(t:369.269-step:3554-v:15630.857)],510.725
ppo,examples/pdptw/pdptw_400/LR1_4_8.txt,r1,900,7,ppo --device=auto-gpu --c1-start=0.34 --c1-end=0.06 --c1-n-secs=196 --c2-start=0.39 --c2-end=0.2 --c2-n-secs=431 --n-epochs=65 --lr-critic=7.315462310749335E-4 --clipping=11.799185331865313 --batch-size=15 --seed=7 --disable-training-logs --memory-size=1015 --lr=0.0018103176507973232 --logdir=logs/ppo-pdptw_all-15m-r1/pdptw-LR1_4_8 --communication=unix-socket -i=/tmp/pipes/unix-socket-1805734383692714,======,47111810.0,[(t:198.404-step:3632-v:17430.674)-(t:206.989-step:3740-v:16502.169)-(t:219.886-step:3829-v:16080.718)-(t:219.914-step:3830-v:16078.832)-(t:219.928-step:3831-v:16077.615)-(t:221.397-step:3832-v:16077.333)-(t:343.182-step:4959-v:15206.314)-(t:343.235-step:4960-v:15203.784)-(t:343.253-step:4961-v:15176.862)-(t:344.757-step:4962-v:15111.81)],617.719
ppo,examples/pdptw/pdptw_400/LR1_4_9.txt,r1,900,7,ppo --device=auto-gpu --c1-start=0.34 --c1-end=0.06 --c1-n-secs=196 --c2-start=0.39 --c2-end=0.2 --c2-n-secs=431 --n-epochs=65 --lr-critic=7.315462310749335E-4 --clipping=11.799185331865313 --batch-size=15 --seed=7 --disable-training-logs --memory-size=1015 --lr=0.0018103176507973232 --logdir=logs/ppo-pdptw_all-15m-r1/pdptw-LR1_4_9 --communication=unix-socket -i=/tmp/pipes/unix-socket-1806080436705211,======,55717980.0,[(t:161.851-step:2387-v:16093.873)-(t:161.900-step:2388-v:16090.461)-(t:161.943-step:2389-v:16023.742)-(t:171.698-step:2481-v:15331.558)-(t:172.186-step:2482-v:15255.945)-(t:172.231-step:2483-v:15253.9)-(t:172.245-step:2484-v:15252.641)],423.161
ppo,examples/pdptw/pdptw_400/LR1_4_10.txt,r1,900,7,ppo --device=auto-gpu --c1-start=0.34 --c1-end=0.06 --c1-n-secs=196 --c2-start=0.39 --c2-end=0.2 --c2-n-secs=431 --n-epochs=65 --lr-critic=7.315462310749335E-4 --clipping=11.799185331865313 --batch-size=15 --seed=7 --disable-training-logs --memory-size=1015 --lr=0.0018103176507973232 --logdir=logs/ppo-pdptw_all-15m-r1/pdptw-LR1_4_10 --communication=unix-socket -i=/tmp/pipes/unix-socket-1806083178144596,======,52764282.0,[(t:122.233-step:2130-v:16219.861)-(t:476.615-step:5340-v:15113.79)-(t:477.798-step:5341-v:15099.077)-(t:521.789-step:5619-v:15078.188)-(t:663.805-step:6800-v:14791.422)-(t:664.305-step:6801-v:14764.282)],488.264
ppo,examples/pdptw/pdptw_400/LR2_4_6.txt,r1,900,7,ppo --device=auto-gpu --c1-start=0.34 --c1-end=0.06 --c1-n-secs=196 --c2-start=0.39 --c2-end=0.2 --c2-n-secs=431 --n-epochs=65 --lr-critic=7.315462310749335E-4 --clipping=11.799185331865313 --batch-size=15 --seed=7 --disable-training-logs --memory-size=1015 --lr=0.0018103176507973232 --logdir=logs/ppo-pdptw_all-15m-r1/pdptw-LR2_4_6 --communication=unix-socket -i=/tmp/pipes/unix-socket-1806196654303186,======,35909015.0,[(t:221.938-step:3531-v:19388.905)],587.112
ppo,examples/pdptw/pdptw_400/LR2_4_7.txt,r1,900,7,ppo --device=auto-gpu --c1-start=0.34 --c1-end=0.06 --c1-n-secs=196 --c2-start=0.39 --c2-end=0.2 --c2-n-secs=431 --n-epochs=65 --lr-critic=7.315462310749335E-4 --clipping=11.799185331865313 --batch-size=15 --seed=7 --disable-training-logs --memory-size=1015 --lr=0.0018103176507973232 --logdir=logs/ppo-pdptw_all-15m-r1/pdptw-LR2_4_7 --communication=unix-socket -i=/tmp/pipes/unix-socket-1806203838821553,======,34713461.0,[(t:280.772-step:3612-v:20476.137)-(t:280.788-step:3613-v:20475.475)-(t:280.807-step:3614-v:20459.27)],658.076
ppo,examples/pdptw/pdptw_400/LR2_4_8.txt,r1,900,7,ppo --device=auto-gpu --c1-start=0.34 --c1-end=0.06 --c1-n-secs=196 --c2-start=0.39 --c2-end=0.2 --c2-n-secs=431 --n-epochs=65 --lr-critic=7.315462310749335E-4 --clipping=11.799185331865313 --batch-size=15 --seed=7 --disable-training-logs --memory-size=1015 --lr=0.0018103176507973232 --logdir=logs/ppo-pdptw_all-15m-r1/pdptw-LR2_4_8 --communication=unix-socket -i=/tmp/pipes/unix-socket-1806253295508513,======,31072713.0,[(t:198.947-step:3602-v:20328.489)-(t:198.994-step:3603-v:20266.249)-(t:199.026-step:3604-v:20265.294)-(t:290.929-step:4271-v:19090.518)-(t:293.792-step:4272-v:19088.423)-(t:293.808-step:4273-v:19079.158)-(t:293.826-step:4274-v:19072.713)],708.137
ppo,examples/pdptw/pdptw_400/LR2_4_9.txt,r1,900,7,ppo --device=auto-gpu --c1-start=0.34 --c1-end=0.06 --c1-n-secs=196 --c2-start=0.39 --c2-end=0.2 --c2-n-secs=431 --n-epochs=65 --lr-critic=7.315462310749335E-4 --clipping=11.799185331865313 --batch-size=15 --seed=7 --disable-training-logs --memory-size=1015 --lr=0.0018103176507973232 --logdir=logs/ppo-pdptw_all-15m-r1/pdptw-LR2_4_9 --communication=unix-socket -i=/tmp/pipes/unix-socket-1806414938623664,======,34440214.0,[(t:439.638-step:3665-v:19460.615)-(t:439.720-step:3666-v:19440.214)],712.304
ppo,examples/pdptw/pdptw_400/LR2_4_10.txt,r1,900,7,ppo --device=auto-gpu --c1-start=0.34 --c1-end=0.06 --c1-n-secs=196 --c2-start=0.39 --c2-end=0.2 --c2-n-secs=431 --n-epochs=65 --lr-critic=7.315462310749335E-4 --clipping=11.799185331865313 --batch-size=15 --seed=7 --disable-training-logs --memory-size=1015 --lr=0.0018103176507973232 --logdir=logs/ppo-pdptw_all-15m-r1/pdptw-LR2_4_10 --communication=unix-socket -i=/tmp/pipes/unix-socket-1806467778418536,======,33291845.0,[(t:292.428-step:3691-v:22724.776)-(t:292.503-step:3692-v:22723.895)-(t:292.566-step:3693-v:22717.354)-(t:292.590-step:3694-v:22698.818)-(t:437.905-step:5021-v:20518.506)-(t:437.947-step:5022-v:20517.631)-(t:537.832-step:5850-v:19924.761)-(t:537.881-step:5851-v:19913.763)-(t:539.562-step:5852-v:19900.376)-(t:541.158-step:5853-v:19866.734)-(t:541.248-step:5854-v:19805.677)],675.41
ppo,examples/pdptw/pdptw_400/LRC1_4_6.txt,r1,900,7,ppo --device=auto-gpu --c1-start=0.34 --c1-end=0.06 --c1-n-secs=196 --c2-start=0.39 --c2-end=0.2 --c2-n-secs=431 --n-epochs=65 --lr-critic=7.315462310749335E-4 --clipping=11.799185331865313 --batch-size=15 --seed=7 --disable-training-logs --memory-size=1015 --lr=0.0018103176507973232 --logdir=logs/ppo-pdptw_all-15m-r1/pdptw-LRC1_4_6 --communication=unix-socket -i=/tmp/pipes/unix-socket-1806644493588134,======,55795401.0,[(t:128.992-step:2247-v:14677.775)-(t:155.824-step:2530-v:13926.416)-(t:247.202-step:3343-v:13735.135)-(t:247.224-step:3344-v:13734.957)-(t:247.342-step:3345-v:13732.128)-(t:254.030-step:3383-v:12977.702)-(t:650.485-step:7228-v:12871.021)-(t:650.648-step:7229-v:12868.827)-(t:779.958-step:8754-v:12813.479)-(t:780.034-step:8755-v:12813.153)-(t:780.117-step:8756-v:12804.831)-(t:780.193-step:8757-v:12795.401)],405.748
ppo,examples/pdptw/pdptw_400/LRC1_4_7.txt,r1,900,7,ppo --device=auto-gpu --c1-start=0.34 --c1-end=0.06 --c1-n-secs=196 --c2-start=0.39 --c2-end=0.2 --c2-n-secs=431 --n-epochs=65 --lr-critic=7.315462310749335E-4 --clipping=11.799185331865313 --batch-size=15 --seed=7 --disable-training-logs --memory-size=1015 --lr=0.0018103176507973232 --logdir=logs/ppo-pdptw_all-15m-r1/pdptw-LRC1_4_7 --communication=unix-socket -i=/tmp/pipes/unix-socket-1806990408474332,======,58090795.0,[(t:232.090-step:4080-v:13166.499)-(t:371.353-step:5604-v:13161.432)-(t:371.376-step:5605-v:13157.108)-(t:371.417-step:5606-v:13149.551)-(t:372.601-step:5607-v:13090.795)],490.392
ppo,examples/pdptw/pdptw_400/LRC1_4_8.txt,r1,900,7,ppo --device=auto-gpu --c1-start=0.34 --c1-end=0.06 --c1-n-secs=196 --c2-start=0.39 --c2-end=0.2 --c2-n-secs=431 --n-epochs=65 --lr-critic=7.315462310749335E-4 --clipping=11.799185331865313 --batch-size=15 --seed=7 --disable-training-logs --memory-size=1015 --lr=0.0018103176507973232 --logdir=logs/ppo-pdptw_all-15m-r1/pdptw-LRC1_4_8 --communication=unix-socket -i=/tmp/pipes/unix-socket-1806993265356207,======,52734006.0,[(t:104.035-step:2007-v:14001.309)-(t:389.423-step:4643-v:13885.624)-(t:389.454-step:4644-v:13885.517)-(t:659.793-step:7517-v:13723.24)-(t:659.845-step:7518-v:13716.384)-(t:659.872-step:7519-v:13709.734)-(t:675.034-step:7677-v:13670.746)-(t:675.056-step:7678-v:13668.242)-(t:675.172-step:7679-v:13667.492)-(t:684.010-step:7742-v:13534.868)-(t:684.124-step:7743-v:13499.42)-(t:684.142-step:7744-v:13498.446)-(t:695.683-step:7851-v:13098.792)-(t:695.760-step:7852-v:13098.313)-(t:695.783-step:7853-v:13068.479)-(t:695.920-step:7854-v:13067.209)-(t:695.991-step:7855-v:13065.151)-(t:701.991-step:7922-v:12978.583)-(t:702.025-step:7923-v:12977.801)-(t:702.036-step:7924-v:12965.239)-(t:812.963-step:9116-v:12734.336)-(t:812.982-step:9117-v:12734.006)],437.161
ppo,examples/pdptw/pdptw_400/LRC1_4_9.txt,r1,900,7,ppo --device=auto-gpu --c1-start=0.34 --c1-end=0.06 --c1-n-secs=196 --c2-start=0.39 --c2-end=0.2 --c2-n-secs=431 --n-epochs=65 --lr-critic=7.315462310749335E-4 --clipping=11.799185331865313 --batch-size=15 --seed=7 --disable-training-logs --memory-size=1015 --lr=0.0018103176507973232 --logdir=logs/ppo-pdptw_all-15m-r1/pdptw-LRC1_4_9 --communication=unix-socket -i=/tmp/pipes/unix-socket-1807106237969200,======,55385437.0,[(t:117.831-step:2150-v:14862.133)-(t:117.888-step:2151-v:14850.242)-(t:123.246-step:2228-v:14629.739)-(t:123.714-step:2229-v:14623.957)-(t:123.758-step:2230-v:14620.013)-(t:324.809-step:4258-v:14604.554)-(t:460.487-step:5269-v:14564.25)-(t:460.507-step:5270-v:14564.095)-(t:461.202-step:5271-v:14562.78)-(t:467.459-step:5332-v:14450.63)-(t:467.469-step:5333-v:14450.625)-(t:468.219-step:5334-v:14449.359)-(t:476.399-step:5400-v:14199.908)-(t:476.493-step:5401-v:14165.549)-(t:484.896-step:5468-v:14011.977)-(t:485.327-step:5469-v:13990.228)-(t:485.345-step:5470-v:13988.393)-(t:487.201-step:5471-v:13971.085)-(t:487.316-step:5472-v:13970.151)-(t:515.440-step:5710-v:13667.714)-(t:515.476-step:5711-v:13530.937)-(t:515.546-step:5712-v:13503.013)-(t:515.628-step:5713-v:13469.591)-(t:515.649-step:5714-v:13467.994)-(t:524.035-step:5816-v:13391.909)-(t:524.111-step:5817-v:13391.477)-(t:524.142-step:5818-v:13389.7)-(t:524.178-step:5819-v:13385.508)-(t:524.262-step:5820-v:13385.437)],451.357
ppo,examples/pdptw/pdptw_400/LRC1_4_10.txt,r1,900,7,ppo --device=auto-gpu --c1-start=0.34 --c1-end=0.06 --c1-n-secs=196 --c2-start=0.39 --c2-end=0.2 --c2-n-secs=431 --n-epochs=65 --lr-critic=7.315462310749335E-4 --clipping=11.799185331865313 --batch-size=15 --seed=7 --disable-training-logs --memory-size=1015 --lr=0.0018103176507973232 --logdir=logs/ppo-pdptw_all-15m-r1/pdptw-LRC1_4_10 --communication=unix-socket -i=/tmp/pipes/unix-socket-1807113237947641,======,54914770.0,[(t:137.659-step:2207-v:14756.782)-(t:146.815-step:2268-v:13978.269)-(t:147.594-step:2269-v:13973.855)-(t:147.613-step:2270-v:13973.669)-(t:147.628-step:2271-v:13959.601)-(t:147.653-step:2272-v:13955.315)-(t:147.705-step:2273-v:13920.137)-(t:147.728-step:2274-v:13917.753)-(t:147.765-step:2275-v:13914.77)],513.236
ppo,examples/pdptw/pdptw_400/LRC2_4_6.txt,r1,900,7,ppo --device=auto-gpu --c1-start=0.34 --c1-end=0.06 --c1-n-secs=196 --c2-start=0.39 --c2-end=0.2 --c2-n-secs=431 --n-epochs=65 --lr-critic=7.315462310749335E-4 --clipping=11.799185331865313 --batch-size=15 --seed=7 --disable-training-logs --memory-size=1015 --lr=0.0018103176507973232 --logdir=logs/ppo-pdptw_all-15m-r1/pdptw-LRC2_4_6 --communication=unix-socket -i=/tmp/pipes/unix-socket-1807163752418076,======,34786577.0,[(t:328.727-step:5590-v:16878.86)-(t:328.755-step:5591-v:16877.156)-(t:722.419-step:9363-v:16857.341)-(t:722.496-step:9364-v:16786.577)],685.137
ppo,examples/pdptw/pdptw_400/LRC2_4_7.txt,r1,900,7,ppo --device=auto-gpu --c1-start=0.34 --c1-end=0.06 --c1-n-secs=196 --c2-start=0.39 --c2-end=0.2 --c2-n-secs=431 --n-epochs=65 --lr-critic=7.315462310749335E-4 --clipping=11.799185331865313 --batch-size=15 --seed=7 --disable-training-logs --memory-size=1015 --lr=0.0018103176507973232 --logdir=logs/ppo-pdptw_all-15m-r1/pdptw-LRC2_4_7 --communication=unix-socket -i=/tmp/pipes/unix-socket-1807324040578876,======,36622221.0,[(t:304.937-step:3502-v:19126.523)-(t:332.368-step:3660-v:18734.358)-(t:332.425-step:3661-v:18662.262)-(t:717.448-step:6592-v:17623.512)],695.963
ppo,examples/pdptw/pdptw_400/LRC2_4_8.txt,r1,900,7,ppo --device=auto-gpu --c1-start=0.34 --c1-end=0.06 --c1-n-secs=196 --c2-start=0.39 --c2-end=0.2 --c2-n-secs=431 --n-epochs=65 --lr-critic=7.315462310749335E-4 --clipping=11.799185331865313 --batch-size=15 --seed=7 --disable-training-logs --memory-size=1015 --lr=0.0018103176507973232 --logdir=logs/ppo-pdptw_all-15m-r1/pdptw-LRC2_4_8 --communication=unix-socket -i=/tmp/pipes/unix-socket-1807378212681833,======,34141600.0,[(t:184.185-step:3625-v:19904.607)-(t:399.511-step:6352-v:18360.985)-(t:399.561-step:6353-v:18351.581)-(t:603.983-step:8509-v:18151.692)-(t:604.022-step:8510-v:18141.6)],679.23
ppo,examples/pdptw/pdptw_400/LRC2_4_9.txt,r1,900,7,ppo --device=auto-gpu --c1-start=0.34 --c1-end=0.06 --c1-n-secs=196 --c2-start=0.39 --c2-end=0.2 --c2-n-secs=431 --n-epochs=65 --lr-critic=7.315462310749335E-4 --clipping=11.799185331865313 --batch-size=15 --seed=7 --disable-training-logs --memory-size=1015 --lr=0.0018103176507973232 --logdir=logs/ppo-pdptw_all-15m-r1/pdptw-LRC2_4_9 --communication=unix-socket -i=/tmp/pipes/unix-socket-1807554170694893,======,32232576.0,[(t:347.013-step:3632-v:18907.845)-(t:347.042-step:3633-v:18885.688)-(t:673.730-step:6653-v:17255.419)-(t:735.211-step:7280-v:17062.922)],708.548
ppo,examples/pdptw/pdptw_400/LRC2_4_10.txt,r1,900,7,ppo --device=auto-gpu --c1-start=0.34 --c1-end=0.06 --c1-n-secs=196 --c2-start=0.39 --c2-end=0.2 --c2-n-secs=431 --n-epochs=65 --lr-critic=7.315462310749335E-4 --clipping=11.799185331865313 --batch-size=15 --seed=7 --disable-training-logs --memory-size=1015 --lr=0.0018103176507973232 --logdir=logs/ppo-pdptw_all-15m-r1/pdptw-LRC2_4_10 --communication=unix-socket -i=/tmp/pipes/unix-socket-1807900236359973,======,34675439.0,[(t:160.451-step:2081-v:21296.726)-(t:160.547-step:2082-v:21291.415)-(t:266.719-step:2986-v:20963.112)-(t:338.497-step:3678-v:20434.737)-(t:354.293-step:3849-v:19677.342)-(t:354.322-step:3850-v:19675.966)-(t:354.334-step:3851-v:19675.439)],700.771
ppo,examples/pdptw/pdptw_600/LR2_6_6.txt,r1,900,7,ppo --device=auto-gpu --c1-start=0.34 --c1-end=0.06 --c1-n-secs=196 --c2-start=0.39 --c2-end=0.2 --c2-n-secs=431 --n-epochs=65 --lr-critic=7.315462310749335E-4 --clipping=11.799185331865313 --batch-size=15 --seed=7 --disable-training-logs --memory-size=1015 --lr=0.0018103176507973232 --logdir=logs/ppo-pdptw_all-15m-r1/pdptw-LR2_6_6 --communication=unix-socket -i=/tmp/pipes/unix-socket-1808437145900303,======,68783273.0,[(t:775.244-step:3997-v:45783.273)],847.955
ppo,examples/pdptw/pdptw_600/LR2_6_7.txt,r1,900,7,ppo --device=auto-gpu --c1-start=0.34 --c1-end=0.06 --c1-n-secs=196 --c2-start=0.39 --c2-end=0.2 --c2-n-secs=431 --n-epochs=65 --lr-critic=7.315462310749335E-4 --clipping=11.799185331865313 --batch-size=15 --seed=7 --disable-training-logs --memory-size=1015 --lr=0.0018103176507973232 --logdir=logs/ppo-pdptw_all-15m-r1/pdptw-LR2_6_7 --communication=unix-socket -i=/tmp/pipes/unix-socket-1808460314575163,======,64331049.0,[(t:529.749-step:3801-v:42402.789)-(t:529.766-step:3802-v:42331.049)],771.904
ppo,examples/pdptw/pdptw_600/LR2_6_8.txt,r1,900,7,ppo --device=auto-gpu --c1-start=0.34 --c1-end=0.06 --c1-n-secs=196 --c2-start=0.39 --c2-end=0.2 --c2-n-secs=431 --n-epochs=65 --lr-critic=7.315462310749335E-4 --clipping=11.799185331865313 --batch-size=15 --seed=7 --disable-training-logs --memory-size=1015 --lr=0.0018103176507973232 --logdir=logs/ppo-pdptw_all-15m-r1/pdptw-LR2_6_8 --communication=unix-socket -i=/tmp/pipes/unix-socket-1808463717634045,======,59850527.0,[(t:887.642-step:3709-v:44850.527)],896.599
ppo,examples/pdptw/pdptw_600/LR2_6_10.txt,r1,900,7,ppo --device=auto-gpu --c1-start=0.34 --c1-end=0.06 --c1-n-secs=196 --c2-start=0.39 --c2-end=0.2 --c2-n-secs=431 --n-epochs=65 --lr-critic=7.315462310749335E-4 --clipping=11.799185331865313 --batch-size=15 --seed=7 --disable-training-logs --memory-size=1015 --lr=0.0018103176507973232 --logdir=logs/ppo-pdptw_all-15m-r1/pdptw-LR2_6_10 --communication=unix-socket -i=/tmp/pipes/unix-socket-1808662851966877,======,20060457559.0,[],900.0
ppo,examples/pdptw/pdptw_600/LR2_6_9.txt,r1,900,7,ppo --device=auto-gpu --c1-start=0.34 --c1-end=0.06 --c1-n-secs=196 --c2-start=0.39 --c2-end=0.2 --c2-n-secs=431 --n-epochs=65 --lr-critic=7.315462310749335E-4 --clipping=11.799185331865313 --batch-size=15 --seed=7 --disable-training-logs --memory-size=1015 --lr=0.0018103176507973232 --logdir=logs/ppo-pdptw_all-15m-r1/pdptw-LR2_6_9 --communication=unix-socket -i=/tmp/pipes/unix-socket-1808661386942312,======,60055997714.0,[],900.0
ppo,examples/pdptw/pdptw_600/LRC2_6_7.txt,r1,900,7,ppo --device=auto-gpu --c1-start=0.34 --c1-end=0.06 --c1-n-secs=196 --c2-start=0.39 --c2-end=0.2 --c2-n-secs=431 --n-epochs=65 --lr-critic=7.315462310749335E-4 --clipping=11.799185331865313 --batch-size=15 --seed=7 --disable-training-logs --memory-size=1015 --lr=0.0018103176507973232 --logdir=logs/ppo-pdptw_all-15m-r1/pdptw-LRC2_6_7 --communication=unix-socket -i=/tmp/pipes/unix-socket-1808894506204102,======,66539862.0,[(t:540.646-step:4010-v:40539.862)],775.066
ppo,examples/pdptw/pdptw_600/LRC2_6_8.txt,r1,900,7,ppo --device=auto-gpu --c1-start=0.34 --c1-end=0.06 --c1-n-secs=196 --c2-start=0.39 --c2-end=0.2 --c2-n-secs=431 --n-epochs=65 --lr-critic=7.315462310749335E-4 --clipping=11.799185331865313 --batch-size=15 --seed=7 --disable-training-logs --memory-size=1015 --lr=0.0018103176507973232 --logdir=logs/ppo-pdptw_all-15m-r1/pdptw-LRC2_6_8 --communication=unix-socket -i=/tmp/pipes/unix-socket-1808907135288040,======,66866871.0,[(t:738.432-step:3784-v:40866.871)],847.894
ppo,examples/pdptw/pdptw_600/LRC2_6_9.txt,r1,900,7,ppo --device=auto-gpu --c1-start=0.34 --c1-end=0.06 --c1-n-secs=196 --c2-start=0.39 --c2-end=0.2 --c2-n-secs=431 --n-epochs=65 --lr-critic=7.315462310749335E-4 --clipping=11.799185331865313 --batch-size=15 --seed=7 --disable-training-logs --memory-size=1015 --lr=0.0018103176507973232 --logdir=logs/ppo-pdptw_all-15m-r1/pdptw-LRC2_6_9 --communication=unix-socket -i=/tmp/pipes/unix-socket-1809347257330943,======,2068929277.0,[],900.0
ppo,examples/pdptw/pdptw_600/LRC2_6_10.txt,r1,900,7,ppo --device=auto-gpu --c1-start=0.34 --c1-end=0.06 --c1-n-secs=196 --c2-start=0.39 --c2-end=0.2 --c2-n-secs=431 --n-epochs=65 --lr-critic=7.315462310749335E-4 --clipping=11.799185331865313 --batch-size=15 --seed=7 --disable-training-logs --memory-size=1015 --lr=0.0018103176507973232 --logdir=logs/ppo-pdptw_all-15m-r1/pdptw-LRC2_6_10 --communication=unix-socket -i=/tmp/pipes/unix-socket-1809369985159455,======,64493042.0,[(t:627.612-step:3678-v:43493.042)],818.242
ppo,examples/pdptw/pdptw_100/lc106.txt,r1,900,8,ppo --device=auto-gpu --c1-start=0.34 --c1-end=0.06 --c1-n-secs=196 --c2-start=0.39 --c2-end=0.2 --c2-n-secs=431 --n-epochs=65 --lr-critic=7.315462310749335E-4 --clipping=11.799185331865313 --batch-size=15 --seed=8 --disable-training-logs --memory-size=1015 --lr=0.0018103176507973232 --logdir=logs/ppo-pdptw_all-15m-r1/pdptw-lc106 --communication=unix-socket -i=/tmp/pipes/unix-socket-1809373541061672,======,10828960.0,[(t:12.065-step:378-v:1841.187)-(t:12.095-step:379-v:1831.908)-(t:13.032-step:399-v:1694.608)-(t:14.873-step:454-v:1660.367)-(t:14.982-step:455-v:1660.283)-(t:26.469-step:772-v:1451.437)-(t:26.485-step:773-v:1444.923)-(t:34.509-step:1001-v:1419.352)-(t:34.567-step:1002-v:1418.579)-(t:35.207-step:1023-v:1414.802)-(t:35.232-step:1024-v:1405.167)-(t:35.491-step:1031-v:1356.455)-(t:35.513-step:1032-v:1349.941)-(t:35.537-step:1033-v:1268.164)-(t:35.555-step:1034-v:1266.564)-(t:37.002-step:1073-v:986.682)-(t:37.018-step:1074-v:969.463)-(t:37.385-step:1086-v:921.229)-(t:37.445-step:1087-v:918.132)-(t:38.616-step:1108-v:911.398)-(t:38.652-step:1109-v:909.963)-(t:149.752-step:4179-v:896.498)-(t:149.771-step:4180-v:886.961)-(t:150.917-step:4213-v:876.411)-(t:151.369-step:4232-v:856.875)-(t:151.435-step:4233-v:846.26)-(t:208.618-step:5865-v:839.927)-(t:208.691-step:5866-v:831.735)-(t:212.731-step:5950-v:830.354)-(t:212.888-step:5951-v:828.96)],35.076
ppo,examples/pdptw/pdptw_100/lc107.txt,r1,900,8,ppo --device=auto-gpu --c1-start=0.34 --c1-end=0.06 --c1-n-secs=196 --c2-start=0.39 --c2-end=0.2 --c2-n-secs=431 --n-epochs=65 --lr-critic=7.315462310749335E-4 --clipping=11.799185331865313 --batch-size=15 --seed=8 --disable-training-logs --memory-size=1015 --lr=0.0018103176507973232 --logdir=logs/ppo-pdptw_all-15m-r1/pdptw-lc107 --communication=unix-socket -i=/tmp/pipes/unix-socket-1809572586168034,======,10828960.0,[(t:9.337-step:290-v:1646.837)-(t:10.845-step:329-v:1624.788)-(t:10.911-step:330-v:1614.788)-(t:29.047-step:786-v:1609.661)-(t:29.114-step:787-v:1482.385)-(t:29.180-step:788-v:1447.177)-(t:29.309-step:789-v:1443.699)-(t:33.806-step:929-v:1255.582)-(t:34.038-step:930-v:1218.641)-(t:90.208-step:2334-v:1171.73)-(t:97.331-step:2509-v:977.172)-(t:97.969-step:2527-v:949.679)-(t:100.152-step:2592-v:915.512)-(t:100.218-step:2593-v:835.456)-(t:102.794-step:2639-v:834.815)-(t:140.345-step:3480-v:828.96)],41.784
ppo,examples/pdptw/pdptw_100/lc108.txt,r1,900,8,ppo --device=auto-gpu --c1-start=0.34 --c1-end=0.06 --c1-n-secs=196 --c2-start=0.39 --c2-end=0.2 --c2-n-secs=431 --n-epochs=65 --lr-critic=7.315462310749335E-4 --clipping=11.799185331865313 --batch-size=15 --seed=8 --disable-training-logs --memory-size=1015 --lr=0.0018103176507973232 --logdir=logs/ppo-pdptw_all-15m-r1/pdptw-lc108 --communication=unix-socket -i=/tmp/pipes/unix-socket-1809573934892583,======,10827785.0,[(t:8.995-step:252-v:1740.977)-(t:23.443-step:699-v:1461.152)-(t:32.148-step:916-v:1458.108)-(t:32.236-step:917-v:1458.096)-(t:40.336-step:1176-v:1424.63)-(t:40.391-step:1177-v:1386.516)-(t:41.590-step:1210-v:1134.516)-(t:41.615-step:1211-v:1127.345)-(t:41.671-step:1212-v:1126.13)-(t:46.237-step:1359-v:985.478)-(t:46.276-step:1360-v:983.497)-(t:46.337-step:1361-v:975.99)-(t:46.366-step:1362-v:968.11)-(t:47.301-step:1396-v:892.684)-(t:47.367-step:1397-v:889.956)-(t:48.673-step:1433-v:861.788)-(t:48.740-step:1434-v:860.126)-(t:211.033-step:6325-v:851.363)-(t:211.047-step:6326-v:848.977)-(t:359.303-step:11014-v:840.614)-(t:359.353-step:11015-v:835.426)-(t:359.482-step:11016-v:833.426)-(t:359.501-step:11017-v:830.354)-(t:454.034-step:13965-v:828.96)-(t:467.793-step:14309-v:827.785)],37.4
ppo,examples/pdptw/pdptw_100/lc109.txt,r1,900,8,ppo --device=auto-gpu --c1-start=0.34 --c1-end=0.06 --c1-n-secs=196 --c2-start=0.39 --c2-end=0.2 --c2-n-secs=431 --n-epochs=65 --lr-critic=7.315462310749335E-4 --clipping=11.799185331865313 --batch-size=15 --seed=8 --disable-training-logs --memory-size=1015 --lr=0.0018103176507973232 --logdir=logs/ppo-pdptw_all-15m-r1/pdptw-lc109 --communication=unix-socket -i=/tmp/pipes/unix-socket-1809684273842945,======,10888080.0,[(t:9.504-step:277-v:1534.713)-(t:9.527-step:278-v:1505.665)-(t:9.556-step:279-v:1503.791)-(t:9.578-step:280-v:1494.127)-(t:9.679-step:281-v:1443.519)-(t:9.747-step:282-v:1439.197)-(t:9.764-step:283-v:1437.028)-(t:149.191-step:4226-v:1362.169)-(t:149.214-step:4227-v:1352.785)-(t:220.508-step:6237-v:1142.316)-(t:220.531-step:6238-v:1135.244)-(t:239.078-step:6864-v:1122.304)-(t:323.332-step:9415-v:1057.087)-(t:323.372-step:9416-v:1053.087)-(t:820.609-step:24851-v:990.446)-(t:820.680-step:24852-v:985.543)-(t:822.152-step:24893-v:888.08)],115.401
ppo,examples/pdptw/pdptw_100/lc205.txt,r1,900,8,ppo --device=auto-gpu --c1-start=0.34 --c1-end=0.06 --c1-n-secs=196 --c2-start=0.39 --c2-end=0.2 --c2-n-secs=431 --n-epochs=65 --lr-critic=7.315462310749335E-4 --clipping=11.799185331865313 --batch-size=15 --seed=8 --disable-training-logs --memory-size=1015 --lr=0.0018103176507973232 --logdir=logs/ppo-pdptw_all-15m-r1/pdptw-lc205 --communication=unix-socket -i=/tmp/pipes/unix-socket-1809805822655301,======,4727211.0,[(t:6.287-step:290-v:1490.356)-(t:6.313-step:291-v:1437.784)-(t:6.324-step:292-v:1430.244)-(t:81.838-step:3462-v:1108.232)-(t:81.982-step:3463-v:1105.673)-(t:82.003-step:3464-v:1096.704)-(t:82.015-step:3465-v:1092.558)-(t:82.035-step:3466-v:1092.067)-(t:129.272-step:5314-v:1084.492)-(t:129.299-step:5315-v:1084.374)-(t:129.357-step:5316-v:1081.062)-(t:129.375-step:5317-v:1078.992)-(t:129.409-step:5318-v:1077.529)-(t:129.476-step:5319-v:1075.598)-(t:129.496-step:5320-v:1074.449)-(t:129.519-step:5321-v:1069.718)-(t:261.315-step:11069-v:924.923)-(t:261.326-step:11070-v:914.188)-(t:261.419-step:11071-v:910.501)-(t:261.428-step:11072-v:903.642)-(t:261.438-step:11073-v:899.353)-(t:262.163-step:11117-v:786.563)-(t:262.229-step:11118-v:768.606)-(t:262.241-step:11119-v:757.867)-(t:262.260-step:11120-v:756.42)-(t:262.332-step:11121-v:755.184)-(t:262.349-step:11122-v:751.777)-(t:262.371-step:11123-v:742.294)-(t:848.369-step:35431-v:740.597)-(t:848.389-step:35432-v:727.585)-(t:848.448-step:35433-v:727.211)],263.219
ppo,examples/pdptw/pdptw_100/lc206.txt,r1,900,8,ppo --device=auto-gpu --c1-start=0.34 --c1-end=0.06 --c1-n-secs=196 --c2-start=0.39 --c2-end=0.2 --c2-n-secs=431 --n-epochs=65 --lr-critic=7.315462310749335E-4 --clipping=11.799185331865313 --batch-size=15 --seed=8 --disable-training-logs --memory-size=1015 --lr=0.0018103176507973232 --logdir=logs/ppo-pdptw_all-15m-r1/pdptw-lc206 --communication=unix-socket -i=/tmp/pipes/unix-socket-1809817020869251,======,4752736.0,[(t:7.702-step:296-v:2050.639)-(t:10.704-step:419-v:1822.671)-(t:10.750-step:420-v:1727.13)-(t:10.762-step:421-v:1718.484)-(t:23.058-step:877-v:1704.426)-(t:23.068-step:878-v:1697.991)-(t:39.993-step:1635-v:1697.623)-(t:43.174-step:1757-v:1550.327)-(t:43.210-step:1758-v:1538.568)-(t:62.822-step:2476-v:1492.071)-(t:62.954-step:2477-v:1489.107)-(t:62.971-step:2478-v:1488.921)-(t:176.416-step:6543-v:889.694)-(t:591.279-step:23882-v:808.461)-(t:591.307-step:23883-v:802.882)-(t:591.335-step:23884-v:794.665)-(t:591.365-step:23885-v:791.262)-(t:591.397-step:23886-v:779.697)-(t:591.439-step:23887-v:768.857)-(t:591.469-step:23888-v:764.283)-(t:591.563-step:23889-v:758.067)-(t:591.645-step:23890-v:752.736)],319.762
