bandit,instance,reward,timeout,seed,bestObj,solOverTime,integralPrimalGap
roundrobin,examples/csp/csp_100/carseq_100_8_20_77.txt,r1,5400,0,0.0,[(t:0.000-step:1-v:106.0)-(t:0.021-step:2-v:102.0)-(t:0.047-step:3-v:100.0)-(t:0.048-step:4-v:95.0)-(t:0.049-step:5-v:94.0)-(t:0.049-step:6-v:93.0)-(t:0.079-step:7-v:92.0)-(t:0.095-step:8-v:89.0)-(t:0.101-step:9-v:85.0)-(t:0.101-step:10-v:82.0)-(t:0.109-step:11-v:81.0)-(t:0.111-step:12-v:80.0)-(t:0.111-step:13-v:79.0)-(t:0.112-step:14-v:78.0)-(t:0.125-step:15-v:77.0)-(t:0.126-step:16-v:72.0)-(t:0.127-step:17-v:69.0)-(t:0.138-step:18-v:68.0)-(t:0.139-step:19-v:67.0)-(t:0.140-step:20-v:66.0)-(t:0.145-step:21-v:65.0)-(t:0.145-step:22-v:64.0)-(t:0.155-step:23-v:63.0)-(t:0.161-step:24-v:62.0)-(t:0.165-step:25-v:60.0)-(t:0.167-step:26-v:58.0)-(t:0.168-step:27-v:56.0)-(t:0.173-step:28-v:55.0)-(t:0.174-step:29-v:54.0)-(t:0.179-step:30-v:53.0)-(t:0.180-step:31-v:52.0)-(t:0.181-step:32-v:51.0)-(t:0.190-step:33-v:49.0)-(t:0.190-step:34-v:47.0)-(t:0.191-step:35-v:46.0)-(t:0.198-step:36-v:43.0)-(t:0.203-step:37-v:42.0)-(t:0.203-step:38-v:40.0)-(t:0.219-step:39-v:39.0)-(t:0.220-step:40-v:38.0)-(t:0.222-step:41-v:37.0)-(t:0.226-step:42-v:35.0)-(t:0.227-step:43-v:34.0)-(t:0.228-step:44-v:33.0)-(t:0.229-step:45-v:32.0)-(t:0.235-step:46-v:31.0)-(t:0.243-step:47-v:30.0)-(t:0.267-step:48-v:29.0)-(t:0.281-step:49-v:28.0)-(t:0.283-step:50-v:26.0)-(t:0.295-step:51-v:25.0)-(t:0.305-step:52-v:24.0)-(t:0.358-step:53-v:23.0)-(t:0.365-step:54-v:22.0)-(t:0.380-step:55-v:21.0)-(t:0.389-step:56-v:19.0)-(t:0.429-step:57-v:18.0)-(t:0.536-step:58-v:17.0)-(t:0.561-step:59-v:16.0)-(t:0.562-step:60-v:15.0)-(t:0.563-step:61-v:14.0)-(t:0.641-step:62-v:13.0)-(t:0.649-step:63-v:12.0)-(t:0.762-step:64-v:10.0)-(t:0.763-step:65-v:9.0)-(t:0.780-step:66-v:8.0)-(t:0.858-step:67-v:7.0)-(t:1.019-step:68-v:6.0)-(t:1.712-step:89-v:5.0)-(t:1.802-step:90-v:4.0)-(t:1.819-step:91-v:3.0)-(t:2.062-step:106-v:2.0)-(t:2.330-step:136-v:1.0)-(t:2.348-step:137-v:0.0)],2.348
roundrobin,examples/csp/csp_100/carseq_100_8_20_62.txt,r1,5400,0,0.0,[(t:0.000-step:1-v:123.0)-(t:0.015-step:2-v:117.0)-(t:0.053-step:3-v:116.0)-(t:0.054-step:4-v:115.0)-(t:0.061-step:5-v:113.0)-(t:0.063-step:6-v:111.0)-(t:0.078-step:7-v:107.0)-(t:0.084-step:8-v:105.0)-(t:0.085-step:9-v:101.0)-(t:0.089-step:10-v:100.0)-(t:0.093-step:11-v:99.0)-(t:0.096-step:12-v:97.0)-(t:0.096-step:13-v:96.0)-(t:0.097-step:14-v:94.0)-(t:0.110-step:15-v:93.0)-(t:0.128-step:16-v:88.0)-(t:0.129-step:17-v:87.0)-(t:0.138-step:18-v:85.0)-(t:0.139-step:19-v:83.0)-(t:0.144-step:20-v:82.0)-(t:0.148-step:21-v:81.0)-(t:0.149-step:22-v:80.0)-(t:0.151-step:23-v:78.0)-(t:0.155-step:24-v:74.0)-(t:0.156-step:25-v:71.0)-(t:0.156-step:26-v:70.0)-(t:0.158-step:27-v:69.0)-(t:0.168-step:28-v:68.0)-(t:0.170-step:29-v:67.0)-(t:0.174-step:30-v:66.0)-(t:0.180-step:31-v:65.0)-(t:0.187-step:32-v:64.0)-(t:0.188-step:33-v:60.0)-(t:0.189-step:34-v:57.0)-(t:0.191-step:35-v:56.0)-(t:0.196-step:36-v:54.0)-(t:0.196-step:37-v:53.0)-(t:0.197-step:38-v:52.0)-(t:0.206-step:39-v:51.0)-(t:0.212-step:40-v:50.0)-(t:0.212-step:41-v:49.0)-(t:0.216-step:42-v:48.0)-(t:0.217-step:43-v:47.0)-(t:0.219-step:44-v:45.0)-(t:0.220-step:45-v:44.0)-(t:0.220-step:46-v:43.0)-(t:0.227-step:47-v:42.0)-(t:0.228-step:48-v:40.0)-(t:0.229-step:49-v:39.0)-(t:0.230-step:50-v:38.0)-(t:0.231-step:51-v:37.0)-(t:0.237-step:52-v:36.0)-(t:0.239-step:53-v:34.0)-(t:0.253-step:54-v:33.0)-(t:0.259-step:55-v:32.0)-(t:0.279-step:56-v:31.0)-(t:0.299-step:57-v:30.0)-(t:0.315-step:58-v:29.0)-(t:0.320-step:59-v:28.0)-(t:0.321-step:60-v:27.0)-(t:0.752-step:61-v:26.0)-(t:0.763-step:62-v:25.0)-(t:0.792-step:63-v:23.0)-(t:0.857-step:64-v:21.0)-(t:0.858-step:65-v:19.0)-(t:0.858-step:66-v:18.0)-(t:0.998-step:67-v:17.0)-(t:0.999-step:68-v:16.0)-(t:1.010-step:69-v:15.0)-(t:1.026-step:70-v:14.0)-(t:1.122-step:71-v:13.0)-(t:1.186-step:72-v:12.0)-(t:1.294-step:73-v:11.0)-(t:1.341-step:74-v:10.0)-(t:1.475-step:75-v:9.0)-(t:1.835-step:111-v:8.0)-(t:1.841-step:112-v:7.0)-(t:1.846-step:113-v:6.0)-(t:1.852-step:114-v:5.0)-(t:1.920-step:115-v:4.0)-(t:2.158-step:137-v:3.0)-(t:2.537-step:195-v:2.0)-(t:2.645-step:213-v:1.0)-(t:2.852-step:251-v:0.0)],2.852
roundrobin,examples/csp/csp_100/carseq_100_8_20_81.txt,r1,5400,0,0.0,[(t:0.000-step:1-v:102.0)-(t:0.013-step:2-v:101.0)-(t:0.038-step:3-v:100.0)-(t:0.040-step:4-v:98.0)-(t:0.042-step:5-v:97.0)-(t:0.043-step:6-v:96.0)-(t:0.055-step:7-v:95.0)-(t:0.057-step:8-v:93.0)-(t:0.059-step:9-v:92.0)-(t:0.060-step:10-v:89.0)-(t:0.060-step:11-v:88.0)-(t:0.061-step:12-v:84.0)-(t:0.061-step:13-v:82.0)-(t:0.062-step:14-v:81.0)-(t:0.069-step:15-v:80.0)-(t:0.071-step:16-v:79.0)-(t:0.071-step:17-v:76.0)-(t:0.072-step:18-v:75.0)-(t:0.072-step:19-v:74.0)-(t:0.073-step:20-v:72.0)-(t:0.074-step:21-v:69.0)-(t:0.075-step:22-v:68.0)-(t:0.079-step:23-v:67.0)-(t:0.081-step:24-v:66.0)-(t:0.082-step:25-v:65.0)-(t:0.087-step:26-v:64.0)-(t:0.088-step:27-v:63.0)-(t:0.088-step:28-v:62.0)-(t:0.088-step:29-v:61.0)-(t:0.089-step:30-v:58.0)-(t:0.090-step:31-v:57.0)-(t:0.092-step:32-v:56.0)-(t:0.098-step:33-v:55.0)-(t:0.099-step:34-v:54.0)-(t:0.100-step:35-v:53.0)-(t:0.101-step:36-v:52.0)-(t:0.102-step:37-v:51.0)-(t:0.104-step:38-v:50.0)-(t:0.109-step:39-v:49.0)-(t:0.116-step:40-v:48.0)-(t:0.117-step:41-v:47.0)-(t:0.117-step:42-v:45.0)-(t:0.118-step:43-v:44.0)-(t:0.118-step:44-v:43.0)-(t:0.118-step:45-v:42.0)-(t:0.121-step:46-v:41.0)-(t:0.123-step:47-v:40.0)-(t:0.127-step:48-v:39.0)-(t:0.128-step:49-v:38.0)-(t:0.139-step:50-v:37.0)-(t:0.141-step:51-v:36.0)-(t:0.141-step:52-v:34.0)-(t:0.156-step:53-v:33.0)-(t:0.157-step:54-v:31.0)-(t:0.159-step:55-v:30.0)-(t:0.160-step:56-v:29.0)-(t:0.161-step:57-v:28.0)-(t:0.162-step:58-v:27.0)-(t:0.179-step:59-v:26.0)-(t:0.189-step:60-v:25.0)-(t:0.189-step:61-v:23.0)-(t:0.190-step:62-v:21.0)-(t:0.191-step:63-v:20.0)-(t:0.192-step:64-v:19.0)-(t:0.192-step:65-v:18.0)-(t:0.193-step:66-v:17.0)-(t:0.195-step:67-v:16.0)-(t:0.200-step:68-v:15.0)-(t:0.201-step:69-v:14.0)-(t:0.209-step:70-v:13.0)-(t:0.215-step:71-v:12.0)-(t:0.221-step:72-v:11.0)-(t:0.231-step:73-v:10.0)-(t:0.237-step:74-v:9.0)-(t:0.244-step:75-v:8.0)-(t:0.258-step:76-v:7.0)-(t:0.266-step:77-v:6.0)-(t:0.452-step:116-v:5.0)-(t:0.473-step:117-v:4.0)-(t:0.546-step:128-v:3.0)-(t:0.560-step:129-v:2.0)-(t:0.690-step:149-v:1.0)-(t:1.600-step:299-v:0.0)],1.6
roundrobin,examples/csp/csp_100/carseq_100_8_20_73.txt,r1,5400,0,0.0,[(t:0.001-step:1-v:100.0)-(t:0.009-step:2-v:98.0)-(t:0.039-step:3-v:97.0)-(t:0.039-step:4-v:94.0)-(t:0.040-step:5-v:91.0)-(t:0.046-step:6-v:90.0)-(t:0.065-step:7-v:89.0)-(t:0.070-step:8-v:87.0)-(t:0.076-step:9-v:82.0)-(t:0.081-step:10-v:79.0)-(t:0.087-step:11-v:78.0)-(t:0.088-step:12-v:77.0)-(t:0.089-step:13-v:76.0)-(t:0.091-step:14-v:75.0)-(t:0.103-step:15-v:74.0)-(t:0.107-step:16-v:71.0)-(t:0.114-step:17-v:70.0)-(t:0.114-step:18-v:69.0)-(t:0.125-step:19-v:67.0)-(t:0.128-step:20-v:66.0)-(t:0.129-step:21-v:65.0)-(t:0.129-step:22-v:64.0)-(t:0.130-step:23-v:63.0)-(t:0.142-step:24-v:62.0)-(t:0.145-step:25-v:60.0)-(t:0.146-step:26-v:59.0)-(t:0.147-step:27-v:58.0)-(t:0.147-step:28-v:57.0)-(t:0.148-step:29-v:54.0)-(t:0.159-step:30-v:53.0)-(t:0.168-step:31-v:51.0)-(t:0.195-step:32-v:50.0)-(t:0.196-step:33-v:49.0)-(t:0.196-step:34-v:48.0)-(t:0.197-step:35-v:47.0)-(t:0.198-step:36-v:46.0)-(t:0.206-step:37-v:45.0)-(t:0.207-step:38-v:44.0)-(t:0.207-step:39-v:43.0)-(t:0.215-step:40-v:42.0)-(t:0.216-step:41-v:41.0)-(t:0.216-step:42-v:40.0)-(t:0.217-step:43-v:39.0)-(t:0.222-step:44-v:38.0)-(t:0.228-step:45-v:37.0)-(t:0.241-step:46-v:36.0)-(t:0.241-step:47-v:35.0)-(t:0.246-step:48-v:34.0)-(t:0.247-step:49-v:33.0)-(t:0.278-step:50-v:29.0)-(t:0.279-step:51-v:28.0)-(t:0.280-step:52-v:27.0)-(t:0.312-step:53-v:26.0)-(t:0.326-step:54-v:25.0)-(t:0.332-step:55-v:24.0)-(t:0.339-step:56-v:23.0)-(t:0.340-step:57-v:22.0)-(t:0.392-step:58-v:21.0)-(t:0.405-step:59-v:20.0)-(t:0.407-step:60-v:19.0)-(t:0.424-step:61-v:18.0)-(t:0.449-step:62-v:16.0)-(t:0.451-step:63-v:15.0)-(t:0.469-step:64-v:14.0)-(t:0.491-step:65-v:13.0)-(t:0.521-step:66-v:12.0)-(t:0.535-step:67-v:11.0)-(t:0.551-step:68-v:10.0)-(t:0.568-step:69-v:9.0)-(t:0.584-step:70-v:8.0)-(t:0.592-step:71-v:7.0)-(t:0.691-step:72-v:6.0)-(t:0.808-step:73-v:5.0)-(t:0.861-step:74-v:4.0)-(t:1.025-step:75-v:3.0)-(t:1.400-step:88-v:2.0)-(t:1.458-step:89-v:1.0)-(t:2.254-step:109-v:0.0)],2.254
roundrobin,examples/csp/csp_100/carseq_100_8_20_77.txt,r1,5400,0,0.0,[(t:0.000-step:1-v:107.0)-(t:0.026-step:2-v:101.0)-(t:0.064-step:3-v:100.0)-(t:0.065-step:4-v:98.0)-(t:0.066-step:5-v:97.0)-(t:0.072-step:6-v:96.0)-(t:0.094-step:7-v:94.0)-(t:0.099-step:8-v:91.0)-(t:0.110-step:9-v:87.0)-(t:0.113-step:10-v:85.0)-(t:0.115-step:11-v:84.0)-(t:0.115-step:12-v:83.0)-(t:0.115-step:13-v:82.0)-(t:0.128-step:14-v:81.0)-(t:0.132-step:15-v:80.0)-(t:0.139-step:16-v:79.0)-(t:0.142-step:17-v:78.0)-(t:0.142-step:18-v:74.0)-(t:0.143-step:19-v:73.0)-(t:0.149-step:20-v:69.0)-(t:0.151-step:21-v:67.0)-(t:0.153-step:22-v:65.0)-(t:0.163-step:23-v:64.0)-(t:0.164-step:24-v:61.0)-(t:0.165-step:25-v:59.0)-(t:0.165-step:26-v:58.0)-(t:0.170-step:27-v:56.0)-(t:0.175-step:28-v:55.0)-(t:0.176-step:29-v:54.0)-(t:0.176-step:30-v:53.0)-(t:0.216-step:31-v:52.0)-(t:0.224-step:32-v:51.0)-(t:0.224-step:33-v:49.0)-(t:0.225-step:34-v:48.0)-(t:0.227-step:35-v:47.0)-(t:0.231-step:36-v:46.0)-(t:0.235-step:37-v:45.0)-(t:0.255-step:38-v:44.0)-(t:0.256-step:39-v:43.0)-(t:0.258-step:40-v:41.0)-(t:0.260-step:41-v:39.0)-(t:0.274-step:42-v:38.0)-(t:0.278-step:43-v:37.0)-(t:0.280-step:44-v:36.0)-(t:0.383-step:45-v:35.0)-(t:0.406-step:46-v:34.0)-(t:0.407-step:47-v:31.0)-(t:0.417-step:48-v:30.0)-(t:0.437-step:49-v:29.0)-(t:0.437-step:50-v:28.0)-(t:0.438-step:51-v:27.0)-(t:0.509-step:52-v:26.0)-(t:0.521-step:53-v:25.0)-(t:0.522-step:54-v:24.0)-(t:0.532-step:55-v:23.0)-(t:0.533-step:56-v:22.0)-(t:0.536-step:57-v:21.0)-(t:0.566-step:58-v:19.0)-(t:0.575-step:59-v:18.0)-(t:0.580-step:60-v:17.0)-(t:0.588-step:61-v:16.0)-(t:0.593-step:62-v:15.0)-(t:0.613-step:63-v:14.0)-(t:0.669-step:64-v:13.0)-(t:0.683-step:65-v:12.0)-(t:0.684-step:66-v:11.0)-(t:0.712-step:67-v:10.0)-(t:0.724-step:68-v:9.0)-(t:0.808-step:69-v:8.0)-(t:0.873-step:70-v:7.0)-(t:0.886-step:71-v:6.0)-(t:0.987-step:72-v:5.0)-(t:1.881-step:96-v:4.0)-(t:2.155-step:104-v:3.0)-(t:2.169-step:105-v:2.0)-(t:2.206-step:106-v:1.0)-(t:2.605-step:132-v:0.0)],2.605
roundrobin,examples/csp/csp_100/carseq_100_8_20_72.txt,r1,5400,0,0.0,[(t:0.000-step:1-v:108.0)-(t:0.018-step:2-v:105.0)-(t:0.061-step:3-v:104.0)-(t:0.062-step:4-v:102.0)-(t:0.063-step:5-v:101.0)-(t:0.073-step:6-v:99.0)-(t:0.099-step:7-v:98.0)-(t:0.106-step:8-v:96.0)-(t:0.107-step:9-v:94.0)-(t:0.108-step:10-v:93.0)-(t:0.109-step:11-v:91.0)-(t:0.118-step:12-v:89.0)-(t:0.120-step:13-v:88.0)-(t:0.123-step:14-v:87.0)-(t:0.142-step:15-v:86.0)-(t:0.156-step:16-v:84.0)-(t:0.158-step:17-v:82.0)-(t:0.158-step:18-v:81.0)-(t:0.159-step:19-v:79.0)-(t:0.173-step:20-v:78.0)-(t:0.173-step:21-v:77.0)-(t:0.174-step:22-v:75.0)-(t:0.175-step:23-v:74.0)-(t:0.175-step:24-v:73.0)-(t:0.186-step:25-v:72.0)-(t:0.186-step:26-v:71.0)-(t:0.187-step:27-v:70.0)-(t:0.187-step:28-v:69.0)-(t:0.188-step:29-v:68.0)-(t:0.188-step:30-v:66.0)-(t:0.201-step:31-v:64.0)-(t:0.214-step:32-v:63.0)-(t:0.219-step:33-v:62.0)-(t:0.219-step:34-v:61.0)-(t:0.220-step:35-v:60.0)-(t:0.227-step:36-v:59.0)-(t:0.228-step:37-v:57.0)-(t:0.232-step:38-v:55.0)-(t:0.249-step:39-v:54.0)-(t:0.253-step:40-v:53.0)-(t:0.257-step:41-v:52.0)-(t:0.262-step:42-v:51.0)-(t:0.266-step:43-v:50.0)-(t:0.280-step:44-v:48.0)-(t:0.280-step:45-v:47.0)-(t:0.293-step:46-v:46.0)-(t:0.294-step:47-v:45.0)-(t:0.295-step:48-v:44.0)-(t:0.316-step:49-v:43.0)-(t:0.326-step:50-v:42.0)-(t:0.342-step:51-v:41.0)-(t:0.347-step:52-v:40.0)-(t:0.365-step:53-v:38.0)-(t:0.439-step:54-v:36.0)-(t:0.464-step:55-v:35.0)-(t:0.490-step:56-v:34.0)-(t:0.491-step:57-v:33.0)-(t:0.522-step:58-v:32.0)-(t:0.531-step:59-v:31.0)-(t:0.532-step:60-v:29.0)-(t:0.699-step:61-v:28.0)-(t:0.789-step:62-v:27.0)-(t:0.790-step:63-v:26.0)-(t:0.850-step:64-v:25.0)-(t:0.852-step:65-v:23.0)-(t:1.002-step:66-v:22.0)-(t:1.022-step:67-v:20.0)-(t:1.041-step:68-v:19.0)-(t:1.060-step:69-v:18.0)-(t:1.121-step:70-v:17.0)-(t:1.173-step:71-v:16.0)-(t:1.198-step:72-v:15.0)-(t:1.256-step:73-v:14.0)-(t:1.269-step:74-v:13.0)-(t:1.270-step:75-v:12.0)-(t:1.328-step:76-v:11.0)-(t:1.390-step:77-v:10.0)-(t:1.498-step:78-v:9.0)-(t:1.555-step:79-v:8.0)-(t:1.688-step:80-v:7.0)-(t:2.206-step:107-v:6.0)-(t:2.213-step:108-v:4.0)-(t:2.462-step:115-v:3.0)-(t:2.931-step:183-v:2.0)-(t:3.225-step:224-v:1.0)-(t:3.567-step:277-v:0.0)],3.567
roundrobin,examples/csp/csp_100/carseq_100_8_20_67.txt,r1,5400,0,0.0,[(t:0.000-step:1-v:104.0)-(t:0.012-step:2-v:101.0)-(t:0.068-step:3-v:100.0)-(t:0.068-step:4-v:93.0)-(t:0.069-step:5-v:91.0)-(t:0.073-step:6-v:90.0)-(t:0.102-step:7-v:89.0)-(t:0.112-step:8-v:86.0)-(t:0.119-step:9-v:84.0)-(t:0.122-step:10-v:81.0)-(t:0.123-step:11-v:80.0)-(t:0.130-step:12-v:78.0)-(t:0.131-step:13-v:76.0)-(t:0.131-step:14-v:74.0)-(t:0.132-step:15-v:72.0)-(t:0.143-step:16-v:71.0)-(t:0.145-step:17-v:70.0)-(t:0.145-step:18-v:69.0)-(t:0.146-step:19-v:67.0)-(t:0.157-step:20-v:66.0)-(t:0.158-step:21-v:65.0)-(t:0.159-step:22-v:64.0)-(t:0.174-step:23-v:63.0)-(t:0.175-step:24-v:62.0)-(t:0.183-step:25-v:60.0)-(t:0.184-step:26-v:59.0)-(t:0.185-step:27-v:58.0)-(t:0.193-step:28-v:57.0)-(t:0.194-step:29-v:56.0)-(t:0.194-step:30-v:54.0)-(t:0.195-step:31-v:53.0)-(t:0.210-step:32-v:52.0)-(t:0.211-step:33-v:50.0)-(t:0.211-step:34-v:46.0)-(t:0.212-step:35-v:45.0)-(t:0.228-step:36-v:43.0)-(t:0.232-step:37-v:42.0)-(t:0.241-step:38-v:41.0)-(t:0.269-step:39-v:40.0)-(t:0.275-step:40-v:38.0)-(t:0.275-step:41-v:37.0)-(t:0.290-step:42-v:36.0)-(t:0.291-step:43-v:35.0)-(t:0.292-step:44-v:34.0)-(t:0.292-step:45-v:33.0)-(t:0.304-step:46-v:32.0)-(t:0.305-step:47-v:31.0)-(t:0.319-step:48-v:30.0)-(t:0.320-step:49-v:29.0)-(t:0.321-step:50-v:28.0)-(t:0.333-step:51-v:27.0)-(t:0.344-step:52-v:26.0)-(t:0.345-step:53-v:25.0)-(t:0.374-step:54-v:24.0)-(t:0.389-step:55-v:23.0)-(t:0.411-step:56-v:22.0)-(t:0.430-step:57-v:21.0)-(t:0.432-step:58-v:20.0)-(t:0.450-step:59-v:19.0)-(t:0.473-step:60-v:18.0)-(t:0.530-step:61-v:17.0)-(t:0.621-step:62-v:16.0)-(t:0.638-step:63-v:14.0)-(t:0.665-step:64-v:13.0)-(t:0.712-step:65-v:12.0)-(t:0.752-step:66-v:11.0)-(t:0.773-step:67-v:10.0)-(t:0.774-step:68-v:9.0)-(t:0.788-step:69-v:8.0)-(t:0.842-step:70-v:7.0)-(t:0.915-step:71-v:6.0)-(t:1.002-step:72-v:5.0)-(t:1.123-step:73-v:4.0)-(t:2.253-step:118-v:3.0)-(t:2.651-step:144-v:2.0)-(t:4.238-step:376-v:1.0)-(t:4.238-step:377-v:0.0)],4.238
roundrobin,examples/csp/csp_100/carseq_100_8_20_82.txt,r1,5400,0,0.0,[(t:0.007-step:1-v:140.0)-(t:0.030-step:2-v:130.0)-(t:0.083-step:3-v:129.0)-(t:0.089-step:4-v:126.0)-(t:0.094-step:5-v:125.0)-(t:0.094-step:6-v:124.0)-(t:0.128-step:7-v:123.0)-(t:0.138-step:8-v:118.0)-(t:0.140-step:9-v:117.0)-(t:0.140-step:10-v:115.0)-(t:0.149-step:11-v:113.0)-(t:0.154-step:12-v:111.0)-(t:0.154-step:13-v:110.0)-(t:0.154-step:14-v:109.0)-(t:0.175-step:15-v:108.0)-(t:0.182-step:16-v:106.0)-(t:0.187-step:17-v:101.0)-(t:0.191-step:18-v:98.0)-(t:0.192-step:19-v:95.0)-(t:0.193-step:20-v:93.0)-(t:0.194-step:21-v:91.0)-(t:0.201-step:22-v:90.0)-(t:0.203-step:23-v:89.0)-(t:0.203-step:24-v:83.0)-(t:0.215-step:25-v:80.0)-(t:0.216-step:26-v:79.0)-(t:0.217-step:27-v:77.0)-(t:0.218-step:28-v:75.0)-(t:0.220-step:29-v:73.0)-(t:0.229-step:30-v:72.0)-(t:0.239-step:31-v:71.0)-(t:0.253-step:32-v:70.0)-(t:0.254-step:33-v:67.0)-(t:0.266-step:34-v:66.0)-(t:0.267-step:35-v:65.0)-(t:0.279-step:36-v:64.0)-(t:0.280-step:37-v:63.0)-(t:0.288-step:38-v:61.0)-(t:0.335-step:39-v:60.0)-(t:0.336-step:40-v:57.0)-(t:0.347-step:41-v:56.0)-(t:0.348-step:42-v:55.0)-(t:0.354-step:43-v:53.0)-(t:0.355-step:44-v:51.0)-(t:0.356-step:45-v:50.0)-(t:0.356-step:46-v:49.0)-(t:0.370-step:47-v:48.0)-(t:0.384-step:48-v:47.0)-(t:0.385-step:49-v:46.0)-(t:0.385-step:50-v:45.0)-(t:0.386-step:51-v:43.0)-(t:0.469-step:52-v:41.0)-(t:0.470-step:53-v:40.0)-(t:0.475-step:54-v:39.0)-(t:0.478-step:55-v:38.0)-(t:0.483-step:56-v:37.0)-(t:0.487-step:57-v:36.0)-(t:0.501-step:58-v:35.0)-(t:0.503-step:59-v:34.0)-(t:0.559-step:60-v:33.0)-(t:0.570-step:61-v:32.0)-(t:0.575-step:62-v:31.0)-(t:0.576-step:63-v:30.0)-(t:0.673-step:64-v:29.0)-(t:0.679-step:65-v:27.0)-(t:0.702-step:66-v:26.0)-(t:0.706-step:67-v:23.0)-(t:0.709-step:68-v:22.0)-(t:0.717-step:69-v:20.0)-(t:0.748-step:70-v:19.0)-(t:0.789-step:71-v:18.0)-(t:0.809-step:72-v:17.0)-(t:0.938-step:73-v:16.0)-(t:1.007-step:74-v:15.0)-(t:1.203-step:75-v:14.0)-(t:1.265-step:76-v:13.0)-(t:1.339-step:77-v:12.0)-(t:1.427-step:78-v:11.0)-(t:1.460-step:79-v:10.0)-(t:1.527-step:80-v:9.0)-(t:2.565-step:120-v:8.0)-(t:2.633-step:121-v:7.0)-(t:2.654-step:122-v:6.0)-(t:3.090-step:196-v:5.0)-(t:3.535-step:295-v:4.0)-(t:3.609-step:319-v:3.0)-(t:3.924-step:383-v:2.0)-(t:4.925-step:593-v:1.0)-(t:4.959-step:597-v:0.0)],4.959
roundrobin,examples/csp/csp_100/carseq_100_8_20_94.txt,r1,5400,0,0.0,[(t:0.000-step:1-v:109.0)-(t:0.012-step:2-v:105.0)-(t:0.060-step:3-v:104.0)-(t:0.061-step:4-v:100.0)-(t:0.062-step:5-v:97.0)-(t:0.063-step:6-v:95.0)-(t:0.084-step:7-v:94.0)-(t:0.092-step:8-v:93.0)-(t:0.097-step:9-v:92.0)-(t:0.100-step:10-v:91.0)-(t:0.102-step:11-v:89.0)-(t:0.103-step:12-v:85.0)-(t:0.107-step:13-v:84.0)-(t:0.109-step:14-v:81.0)-(t:0.117-step:15-v:80.0)-(t:0.118-step:16-v:79.0)-(t:0.119-step:17-v:77.0)-(t:0.137-step:18-v:76.0)-(t:0.138-step:19-v:75.0)-(t:0.139-step:20-v:74.0)-(t:0.143-step:21-v:73.0)-(t:0.151-step:22-v:72.0)-(t:0.156-step:23-v:71.0)-(t:0.161-step:24-v:68.0)-(t:0.165-step:25-v:67.0)-(t:0.167-step:26-v:61.0)-(t:0.174-step:27-v:60.0)-(t:0.175-step:28-v:59.0)-(t:0.176-step:29-v:58.0)-(t:0.176-step:30-v:57.0)-(t:0.190-step:31-v:56.0)-(t:0.192-step:32-v:55.0)-(t:0.201-step:33-v:54.0)-(t:0.206-step:34-v:53.0)-(t:0.206-step:35-v:52.0)-(t:0.207-step:36-v:51.0)-(t:0.207-step:37-v:50.0)-(t:0.207-step:38-v:49.0)-(t:0.209-step:39-v:48.0)-(t:0.220-step:40-v:47.0)-(t:0.224-step:41-v:46.0)-(t:0.232-step:42-v:44.0)-(t:0.232-step:43-v:41.0)-(t:0.235-step:44-v:40.0)-(t:0.236-step:45-v:39.0)-(t:0.245-step:46-v:38.0)-(t:0.249-step:47-v:37.0)-(t:0.258-step:48-v:36.0)-(t:0.259-step:49-v:35.0)-(t:0.267-step:50-v:34.0)-(t:0.268-step:51-v:33.0)-(t:0.269-step:52-v:32.0)-(t:0.296-step:53-v:31.0)-(t:0.344-step:54-v:30.0)-(t:0.381-step:55-v:29.0)-(t:0.384-step:56-v:28.0)-(t:0.393-step:57-v:27.0)-(t:0.393-step:58-v:25.0)-(t:0.394-step:59-v:24.0)-(t:0.398-step:60-v:23.0)-(t:0.400-step:61-v:22.0)-(t:0.426-step:62-v:21.0)-(t:0.447-step:63-v:20.0)-(t:0.451-step:64-v:18.0)-(t:0.463-step:65-v:17.0)-(t:0.479-step:66-v:16.0)-(t:0.481-step:67-v:15.0)-(t:0.533-step:68-v:14.0)-(t:0.560-step:69-v:13.0)-(t:0.587-step:70-v:12.0)-(t:0.605-step:71-v:11.0)-(t:0.609-step:72-v:10.0)-(t:0.615-step:73-v:9.0)-(t:0.617-step:74-v:8.0)-(t:0.630-step:75-v:7.0)-(t:0.655-step:76-v:6.0)-(t:0.678-step:77-v:5.0)-(t:0.905-step:98-v:4.0)-(t:0.975-step:111-v:3.0)-(t:0.997-step:112-v:2.0)-(t:1.009-step:113-v:1.0)-(t:1.029-step:114-v:0.0)],1.029
roundrobin,examples/csp/csp_100/carseq_100_8_20_90.txt,r1,5400,0,0.0,[(t:0.000-step:1-v:116.0)-(t:0.010-step:2-v:111.0)-(t:0.036-step:3-v:110.0)-(t:0.037-step:4-v:106.0)-(t:0.038-step:5-v:104.0)-(t:0.038-step:6-v:102.0)-(t:0.054-step:7-v:101.0)-(t:0.060-step:8-v:95.0)-(t:0.065-step:9-v:94.0)-(t:0.066-step:10-v:93.0)-(t:0.067-step:11-v:92.0)-(t:0.067-step:12-v:91.0)-(t:0.067-step:13-v:90.0)-(t:0.071-step:14-v:89.0)-(t:0.078-step:15-v:88.0)-(t:0.079-step:16-v:84.0)-(t:0.080-step:17-v:80.0)-(t:0.085-step:18-v:79.0)-(t:0.087-step:19-v:78.0)-(t:0.089-step:20-v:77.0)-(t:0.090-step:21-v:76.0)-(t:0.092-step:22-v:75.0)-(t:0.094-step:23-v:74.0)-(t:0.094-step:24-v:72.0)-(t:0.096-step:25-v:71.0)-(t:0.097-step:26-v:69.0)-(t:0.097-step:27-v:68.0)-(t:0.100-step:28-v:67.0)-(t:0.101-step:29-v:66.0)-(t:0.102-step:30-v:65.0)-(t:0.104-step:31-v:64.0)-(t:0.107-step:32-v:61.0)-(t:0.110-step:33-v:60.0)-(t:0.111-step:34-v:59.0)-(t:0.112-step:35-v:58.0)-(t:0.114-step:36-v:57.0)-(t:0.114-step:37-v:56.0)-(t:0.116-step:38-v:55.0)-(t:0.129-step:39-v:54.0)-(t:0.130-step:40-v:53.0)-(t:0.131-step:41-v:51.0)-(t:0.132-step:42-v:50.0)-(t:0.135-step:43-v:49.0)-(t:0.138-step:44-v:48.0)-(t:0.139-step:45-v:47.0)-(t:0.139-step:46-v:46.0)-(t:0.141-step:47-v:45.0)-(t:0.142-step:48-v:44.0)-(t:0.145-step:49-v:42.0)-(t:0.145-step:50-v:40.0)-(t:0.147-step:51-v:38.0)-(t:0.151-step:52-v:37.0)-(t:0.152-step:53-v:36.0)-(t:0.152-step:54-v:35.0)-(t:0.161-step:55-v:34.0)-(t:0.163-step:56-v:33.0)-(t:0.165-step:57-v:30.0)-(t:0.166-step:58-v:29.0)-(t:0.168-step:59-v:28.0)-(t:0.170-step:60-v:27.0)-(t:0.171-step:61-v:26.0)-(t:0.172-step:62-v:25.0)-(t:0.174-step:63-v:24.0)-(t:0.194-step:64-v:22.0)-(t:0.195-step:65-v:21.0)-(t:0.214-step:66-v:20.0)-(t:0.219-step:67-v:19.0)-(t:0.230-step:68-v:18.0)-(t:0.242-step:69-v:17.0)-(t:0.243-step:70-v:16.0)-(t:0.252-step:71-v:15.0)-(t:0.252-step:72-v:14.0)-(t:0.266-step:73-v:13.0)-(t:0.282-step:74-v:12.0)-(t:0.304-step:75-v:11.0)-(t:0.344-step:76-v:10.0)-(t:0.353-step:77-v:9.0)-(t:0.412-step:78-v:8.0)-(t:0.444-step:79-v:7.0)-(t:0.499-step:80-v:6.0)-(t:0.606-step:82-v:5.0)-(t:0.970-step:127-v:4.0)-(t:1.245-step:165-v:3.0)-(t:1.405-step:199-v:2.0)-(t:1.524-step:215-v:1.0)-(t:1.822-step:251-v:0.0)],1.822
roundrobin,examples/csp/csp_100/6-76.txt,r1,5400,0,6.0,[(t:0.000-step:1-v:116.0)-(t:0.024-step:2-v:114.0)-(t:0.080-step:3-v:113.0)-(t:0.080-step:4-v:112.0)-(t:0.094-step:5-v:109.0)-(t:0.105-step:6-v:108.0)-(t:0.141-step:7-v:107.0)-(t:0.148-step:8-v:101.0)-(t:0.154-step:9-v:100.0)-(t:0.157-step:10-v:99.0)-(t:0.158-step:11-v:98.0)-(t:0.160-step:12-v:96.0)-(t:0.163-step:13-v:95.0)-(t:0.167-step:14-v:93.0)-(t:0.174-step:15-v:91.0)-(t:0.176-step:16-v:89.0)-(t:0.181-step:17-v:86.0)-(t:0.183-step:18-v:84.0)-(t:0.184-step:19-v:82.0)-(t:0.185-step:20-v:80.0)-(t:0.195-step:21-v:79.0)-(t:0.196-step:22-v:78.0)-(t:0.221-step:23-v:77.0)-(t:0.231-step:24-v:76.0)-(t:0.232-step:25-v:73.0)-(t:0.240-step:26-v:72.0)-(t:0.241-step:27-v:71.0)-(t:0.241-step:28-v:68.0)-(t:0.241-step:29-v:67.0)-(t:0.242-step:30-v:65.0)-(t:0.243-step:31-v:64.0)-(t:0.255-step:32-v:63.0)-(t:0.256-step:33-v:62.0)-(t:0.256-step:34-v:61.0)-(t:0.257-step:35-v:60.0)-(t:0.271-step:36-v:58.0)-(t:0.272-step:37-v:57.0)-(t:0.272-step:38-v:56.0)-(t:0.273-step:39-v:55.0)-(t:0.285-step:40-v:54.0)-(t:0.285-step:41-v:53.0)-(t:0.287-step:42-v:51.0)-(t:0.313-step:43-v:50.0)-(t:0.313-step:44-v:49.0)-(t:0.314-step:45-v:48.0)-(t:0.332-step:46-v:47.0)-(t:0.334-step:47-v:46.0)-(t:0.347-step:48-v:45.0)-(t:0.348-step:49-v:44.0)-(t:0.363-step:50-v:43.0)-(t:0.364-step:51-v:42.0)-(t:0.364-step:52-v:41.0)-(t:0.381-step:53-v:40.0)-(t:0.397-step:54-v:38.0)-(t:0.397-step:55-v:37.0)-(t:0.398-step:56-v:36.0)-(t:0.419-step:57-v:34.0)-(t:0.420-step:58-v:33.0)-(t:0.420-step:59-v:32.0)-(t:0.463-step:60-v:31.0)-(t:0.464-step:61-v:30.0)-(t:0.465-step:62-v:28.0)-(t:0.482-step:63-v:26.0)-(t:0.485-step:64-v:25.0)-(t:0.504-step:65-v:24.0)-(t:0.524-step:66-v:23.0)-(t:0.561-step:67-v:22.0)-(t:0.563-step:68-v:21.0)-(t:0.578-step:69-v:20.0)-(t:0.580-step:70-v:19.0)-(t:0.618-step:71-v:18.0)-(t:0.619-step:72-v:17.0)-(t:0.662-step:73-v:16.0)-(t:0.663-step:74-v:15.0)-(t:0.685-step:75-v:14.0)-(t:1.100-step:76-v:13.0)-(t:1.190-step:77-v:12.0)-(t:1.204-step:78-v:11.0)-(t:1.243-step:79-v:10.0)-(t:1.384-step:80-v:9.0)-(t:1.991-step:104-v:8.0)-(t:2.304-step:130-v:7.0)-(t:2.603-step:164-v:6.0)],1.263
roundrobin,examples/csp/csp_100/36-92.txt,r1,5400,0,3.0,[(t:0.000-step:1-v:141.0)-(t:0.024-step:2-v:137.0)-(t:0.067-step:3-v:136.0)-(t:0.071-step:4-v:134.0)-(t:0.071-step:5-v:133.0)-(t:0.072-step:6-v:130.0)-(t:0.103-step:7-v:129.0)-(t:0.120-step:8-v:128.0)-(t:0.121-step:9-v:124.0)-(t:0.122-step:10-v:120.0)-(t:0.123-step:11-v:119.0)-(t:0.133-step:12-v:114.0)-(t:0.133-step:13-v:109.0)-(t:0.134-step:14-v:108.0)-(t:0.135-step:15-v:106.0)-(t:0.142-step:16-v:104.0)-(t:0.147-step:17-v:102.0)-(t:0.152-step:18-v:101.0)-(t:0.155-step:19-v:98.0)-(t:0.157-step:20-v:97.0)-(t:0.159-step:21-v:95.0)-(t:0.163-step:22-v:94.0)-(t:0.164-step:23-v:93.0)-(t:0.168-step:24-v:92.0)-(t:0.173-step:25-v:89.0)-(t:0.173-step:26-v:87.0)-(t:0.174-step:27-v:86.0)-(t:0.175-step:28-v:85.0)-(t:0.184-step:29-v:82.0)-(t:0.185-step:30-v:81.0)-(t:0.212-step:31-v:80.0)-(t:0.220-step:32-v:79.0)-(t:0.221-step:33-v:78.0)-(t:0.221-step:34-v:77.0)-(t:0.222-step:35-v:76.0)-(t:0.235-step:36-v:75.0)-(t:0.235-step:37-v:73.0)-(t:0.243-step:38-v:72.0)-(t:0.245-step:39-v:71.0)-(t:0.246-step:40-v:69.0)-(t:0.258-step:41-v:67.0)-(t:0.259-step:42-v:65.0)-(t:0.263-step:43-v:64.0)-(t:0.272-step:44-v:63.0)-(t:0.273-step:45-v:62.0)-(t:0.274-step:46-v:61.0)-(t:0.285-step:47-v:60.0)-(t:0.286-step:48-v:59.0)-(t:0.286-step:49-v:57.0)-(t:0.287-step:50-v:55.0)-(t:0.298-step:51-v:54.0)-(t:0.306-step:52-v:53.0)-(t:0.307-step:53-v:52.0)-(t:0.318-step:54-v:51.0)-(t:0.344-step:55-v:50.0)-(t:0.345-step:56-v:49.0)-(t:0.362-step:57-v:48.0)-(t:0.363-step:58-v:46.0)-(t:0.363-step:59-v:45.0)-(t:0.389-step:60-v:44.0)-(t:0.389-step:61-v:43.0)-(t:0.390-step:62-v:42.0)-(t:0.419-step:63-v:41.0)-(t:0.421-step:64-v:39.0)-(t:0.440-step:65-v:38.0)-(t:0.441-step:66-v:37.0)-(t:0.441-step:67-v:36.0)-(t:0.466-step:68-v:35.0)-(t:0.466-step:69-v:34.0)-(t:0.487-step:70-v:33.0)-(t:0.508-step:71-v:32.0)-(t:0.526-step:72-v:30.0)-(t:0.546-step:73-v:29.0)-(t:0.546-step:74-v:28.0)-(t:0.547-step:75-v:27.0)-(t:0.623-step:76-v:26.0)-(t:0.624-step:77-v:25.0)-(t:0.647-step:78-v:24.0)-(t:0.648-step:79-v:23.0)-(t:0.691-step:80-v:22.0)-(t:0.709-step:81-v:21.0)-(t:0.727-step:82-v:20.0)-(t:0.862-step:83-v:18.0)-(t:0.864-step:84-v:17.0)-(t:0.879-step:85-v:16.0)-(t:0.927-step:86-v:15.0)-(t:0.973-step:87-v:14.0)-(t:1.158-step:88-v:13.0)-(t:1.179-step:89-v:12.0)-(t:1.318-step:90-v:11.0)-(t:1.366-step:91-v:10.0)-(t:1.568-step:92-v:9.0)-(t:2.269-step:126-v:8.0)-(t:2.285-step:127-v:7.0)-(t:2.792-step:195-v:6.0)-(t:3.422-step:345-v:5.0)-(t:3.428-step:346-v:4.0)-(t:3.441-step:347-v:3.0)],1801.607
roundrobin,examples/csp/csp_100/carseq_100_8_20_64.txt,r1,5400,0,3.0,[(t:0.000-step:1-v:101.0)-(t:0.019-step:2-v:99.0)-(t:0.070-step:3-v:97.0)-(t:0.070-step:4-v:96.0)-(t:0.071-step:5-v:94.0)-(t:0.075-step:6-v:92.0)-(t:0.100-step:7-v:91.0)-(t:0.107-step:8-v:89.0)-(t:0.114-step:9-v:88.0)-(t:0.118-step:10-v:87.0)-(t:0.119-step:11-v:86.0)-(t:0.130-step:12-v:85.0)-(t:0.131-step:13-v:84.0)-(t:0.132-step:14-v:83.0)-(t:0.151-step:15-v:82.0)-(t:0.167-step:16-v:79.0)-(t:0.171-step:17-v:78.0)-(t:0.176-step:18-v:74.0)-(t:0.180-step:19-v:73.0)-(t:0.188-step:20-v:70.0)-(t:0.188-step:21-v:69.0)-(t:0.193-step:22-v:68.0)-(t:0.200-step:23-v:67.0)-(t:0.201-step:24-v:65.0)-(t:0.216-step:25-v:64.0)-(t:0.217-step:26-v:63.0)-(t:0.218-step:27-v:61.0)-(t:0.226-step:28-v:60.0)-(t:0.231-step:29-v:57.0)-(t:0.235-step:30-v:56.0)-(t:0.236-step:31-v:55.0)-(t:0.251-step:32-v:54.0)-(t:0.253-step:33-v:53.0)-(t:0.265-step:34-v:52.0)-(t:0.265-step:35-v:51.0)-(t:0.271-step:36-v:50.0)-(t:0.271-step:37-v:49.0)-(t:0.272-step:38-v:48.0)-(t:0.283-step:39-v:47.0)-(t:0.295-step:40-v:46.0)-(t:0.304-step:41-v:45.0)-(t:0.317-step:42-v:44.0)-(t:0.317-step:43-v:43.0)-(t:0.323-step:44-v:42.0)-(t:0.331-step:45-v:41.0)-(t:0.346-step:46-v:40.0)-(t:0.353-step:47-v:39.0)-(t:0.362-step:48-v:38.0)-(t:0.367-step:49-v:37.0)-(t:0.368-step:50-v:36.0)-(t:0.373-step:51-v:35.0)-(t:0.377-step:52-v:34.0)-(t:0.423-step:53-v:33.0)-(t:0.425-step:54-v:32.0)-(t:0.436-step:55-v:30.0)-(t:0.458-step:56-v:29.0)-(t:0.459-step:57-v:28.0)-(t:0.460-step:58-v:27.0)-(t:0.562-step:59-v:26.0)-(t:0.580-step:60-v:25.0)-(t:0.673-step:61-v:24.0)-(t:0.675-step:62-v:23.0)-(t:0.703-step:63-v:22.0)-(t:0.929-step:64-v:21.0)-(t:0.991-step:65-v:20.0)-(t:1.030-step:66-v:19.0)-(t:1.140-step:67-v:18.0)-(t:1.250-step:68-v:17.0)-(t:1.262-step:69-v:16.0)-(t:1.343-step:70-v:15.0)-(t:1.434-step:71-v:14.0)-(t:1.549-step:72-v:13.0)-(t:1.652-step:73-v:12.0)-(t:1.761-step:74-v:11.0)-(t:1.841-step:75-v:10.0)-(t:1.957-step:76-v:9.0)-(t:1.999-step:77-v:8.0)-(t:2.557-step:120-v:7.0)-(t:2.751-step:130-v:6.0)-(t:2.936-step:170-v:5.0)-(t:2.949-step:171-v:4.0)-(t:3.051-step:180-v:3.0)],5400.0
roundrobin,examples/csp/csp_100/16-81.txt,r1,5400,0,7.0,[(t:0.000-step:1-v:105.0)-(t:0.030-step:2-v:100.0)-(t:0.100-step:3-v:99.0)-(t:0.126-step:4-v:98.0)-(t:0.127-step:5-v:97.0)-(t:0.127-step:6-v:96.0)-(t:0.173-step:7-v:95.0)-(t:0.186-step:8-v:93.0)-(t:0.195-step:9-v:90.0)-(t:0.196-step:10-v:88.0)-(t:0.197-step:11-v:87.0)-(t:0.211-step:12-v:83.0)-(t:0.211-step:13-v:82.0)-(t:0.212-step:14-v:81.0)-(t:0.222-step:15-v:80.0)-(t:0.234-step:16-v:78.0)-(t:0.235-step:17-v:76.0)-(t:0.236-step:18-v:75.0)-(t:0.236-step:19-v:74.0)-(t:0.267-step:20-v:72.0)-(t:0.268-step:21-v:70.0)-(t:0.273-step:22-v:69.0)-(t:0.274-step:23-v:68.0)-(t:0.275-step:24-v:67.0)-(t:0.277-step:25-v:65.0)-(t:0.289-step:26-v:63.0)-(t:0.290-step:27-v:61.0)-(t:0.305-step:28-v:60.0)-(t:0.306-step:29-v:59.0)-(t:0.306-step:30-v:58.0)-(t:0.321-step:31-v:55.0)-(t:0.336-step:32-v:54.0)-(t:0.348-step:33-v:53.0)-(t:0.349-step:34-v:52.0)-(t:0.350-step:35-v:51.0)-(t:0.357-step:36-v:50.0)-(t:0.359-step:37-v:49.0)-(t:0.395-step:38-v:47.0)-(t:0.398-step:39-v:45.0)-(t:0.416-step:40-v:44.0)-(t:0.418-step:41-v:43.0)-(t:0.419-step:42-v:41.0)-(t:0.439-step:43-v:40.0)-(t:0.456-step:44-v:39.0)-(t:0.461-step:45-v:38.0)-(t:0.461-step:46-v:37.0)-(t:0.516-step:47-v:36.0)-(t:0.552-step:48-v:34.0)-(t:0.575-step:49-v:32.0)-(t:0.592-step:50-v:30.0)-(t:0.594-step:51-v:29.0)-(t:0.852-step:52-v:28.0)-(t:0.897-step:53-v:27.0)-(t:0.912-step:54-v:26.0)-(t:0.960-step:55-v:25.0)-(t:0.989-step:56-v:24.0)-(t:0.990-step:57-v:23.0)-(t:1.006-step:58-v:22.0)-(t:1.138-step:59-v:21.0)-(t:1.252-step:60-v:20.0)-(t:1.305-step:61-v:19.0)-(t:1.393-step:62-v:18.0)-(t:1.494-step:63-v:17.0)-(t:1.586-step:64-v:16.0)-(t:1.670-step:65-v:15.0)-(t:1.760-step:66-v:14.0)-(t:1.852-step:67-v:13.0)-(t:1.864-step:68-v:12.0)-(t:2.017-step:69-v:11.0)-(t:2.100-step:70-v:10.0)-(t:2.517-step:121-v:9.0)-(t:2.586-step:122-v:8.0)-(t:2.930-step:236-v:7.0)],5400.0
roundrobin,examples/csp/csp_100/4-72.txt,r1,5400,0,1.0,[(t:0.000-step:1-v:115.0)-(t:0.024-step:2-v:114.0)-(t:0.094-step:3-v:112.0)-(t:0.095-step:4-v:110.0)-(t:0.096-step:5-v:109.0)-(t:0.096-step:6-v:108.0)-(t:0.131-step:7-v:107.0)-(t:0.140-step:8-v:103.0)-(t:0.153-step:9-v:101.0)-(t:0.154-step:10-v:96.0)-(t:0.155-step:11-v:95.0)-(t:0.155-step:12-v:94.0)-(t:0.156-step:13-v:90.0)-(t:0.162-step:14-v:89.0)-(t:0.165-step:15-v:88.0)-(t:0.189-step:16-v:84.0)-(t:0.190-step:17-v:81.0)-(t:0.190-step:18-v:78.0)-(t:0.205-step:19-v:76.0)-(t:0.206-step:20-v:75.0)-(t:0.206-step:21-v:74.0)-(t:0.207-step:22-v:73.0)-(t:0.254-step:23-v:71.0)-(t:0.255-step:24-v:70.0)-(t:0.256-step:25-v:69.0)-(t:0.273-step:26-v:68.0)-(t:0.274-step:27-v:67.0)-(t:0.276-step:28-v:66.0)-(t:0.287-step:29-v:65.0)-(t:0.294-step:30-v:64.0)-(t:0.314-step:31-v:63.0)-(t:0.315-step:32-v:61.0)-(t:0.316-step:33-v:60.0)-(t:0.342-step:34-v:59.0)-(t:0.342-step:35-v:58.0)-(t:0.344-step:36-v:56.0)-(t:0.354-step:37-v:55.0)-(t:0.355-step:38-v:53.0)-(t:0.356-step:39-v:52.0)-(t:0.357-step:40-v:51.0)-(t:0.371-step:41-v:50.0)-(t:0.377-step:42-v:47.0)-(t:0.378-step:43-v:46.0)-(t:0.379-step:44-v:44.0)-(t:0.398-step:45-v:43.0)-(t:0.399-step:46-v:42.0)-(t:0.409-step:47-v:41.0)-(t:0.425-step:48-v:40.0)-(t:0.443-step:49-v:39.0)-(t:0.448-step:50-v:38.0)-(t:0.449-step:51-v:37.0)-(t:0.450-step:52-v:36.0)-(t:0.470-step:53-v:35.0)-(t:0.495-step:54-v:34.0)-(t:0.557-step:55-v:33.0)-(t:0.568-step:56-v:32.0)-(t:0.569-step:57-v:31.0)-(t:0.585-step:58-v:30.0)-(t:0.660-step:59-v:29.0)-(t:0.663-step:60-v:28.0)-(t:0.731-step:61-v:27.0)-(t:0.748-step:62-v:26.0)-(t:0.750-step:63-v:25.0)-(t:0.782-step:64-v:24.0)-(t:0.797-step:65-v:23.0)-(t:0.877-step:66-v:22.0)-(t:0.941-step:67-v:21.0)-(t:0.962-step:68-v:20.0)-(t:0.963-step:69-v:19.0)-(t:1.049-step:70-v:18.0)-(t:1.054-step:71-v:16.0)-(t:1.067-step:72-v:15.0)-(t:1.068-step:73-v:14.0)-(t:1.150-step:74-v:13.0)-(t:1.169-step:75-v:12.0)-(t:1.182-step:76-v:11.0)-(t:1.294-step:77-v:10.0)-(t:1.400-step:78-v:9.0)-(t:2.169-step:117-v:8.0)-(t:2.200-step:118-v:7.0)-(t:2.344-step:126-v:5.0)-(t:2.483-step:145-v:4.0)-(t:2.605-step:156-v:3.0)-(t:3.061-step:241-v:2.0)-(t:4.676-step:591-v:1.0)],5400.0
roundrobin,examples/csp/csp_100/carseq_100_8_20_62.txt,r1,5400,0,1.0,[(t:0.002-step:1-v:122.0)-(t:0.018-step:2-v:115.0)-(t:0.087-step:3-v:114.0)-(t:0.089-step:4-v:113.0)-(t:0.089-step:5-v:109.0)-(t:0.090-step:6-v:107.0)-(t:0.120-step:7-v:104.0)-(t:0.135-step:8-v:103.0)-(t:0.141-step:9-v:99.0)-(t:0.141-step:10-v:98.0)-(t:0.155-step:11-v:97.0)-(t:0.171-step:12-v:96.0)-(t:0.178-step:13-v:95.0)-(t:0.179-step:14-v:94.0)-(t:0.180-step:15-v:93.0)-(t:0.181-step:16-v:92.0)-(t:0.198-step:17-v:90.0)-(t:0.198-step:18-v:88.0)-(t:0.199-step:19-v:87.0)-(t:0.234-step:20-v:86.0)-(t:0.234-step:21-v:85.0)-(t:0.235-step:22-v:84.0)-(t:0.277-step:23-v:83.0)-(t:0.297-step:24-v:82.0)-(t:0.297-step:25-v:81.0)-(t:0.298-step:26-v:80.0)-(t:0.317-step:27-v:79.0)-(t:0.318-step:28-v:77.0)-(t:0.318-step:29-v:76.0)-(t:0.319-step:30-v:75.0)-(t:0.335-step:31-v:74.0)-(t:0.351-step:32-v:73.0)-(t:0.351-step:33-v:71.0)-(t:0.352-step:34-v:70.0)-(t:0.353-step:35-v:69.0)-(t:0.353-step:36-v:67.0)-(t:0.365-step:37-v:66.0)-(t:0.366-step:38-v:64.0)-(t:0.368-step:39-v:63.0)-(t:0.387-step:40-v:61.0)-(t:0.395-step:41-v:60.0)-(t:0.400-step:42-v:59.0)-(t:0.400-step:43-v:58.0)-(t:0.415-step:44-v:55.0)-(t:0.416-step:45-v:54.0)-(t:0.435-step:46-v:53.0)-(t:0.483-step:47-v:52.0)-(t:0.497-step:48-v:51.0)-(t:0.498-step:49-v:48.0)-(t:0.520-step:50-v:47.0)-(t:0.520-step:51-v:46.0)-(t:0.533-step:52-v:45.0)-(t:0.534-step:53-v:44.0)-(t:0.550-step:54-v:43.0)-(t:0.637-step:55-v:42.0)-(t:0.679-step:56-v:41.0)-(t:0.719-step:57-v:40.0)-(t:0.720-step:58-v:39.0)-(t:0.721-step:59-v:38.0)-(t:0.755-step:60-v:37.0)-(t:0.767-step:61-v:35.0)-(t:0.768-step:62-v:34.0)-(t:0.858-step:63-v:33.0)-(t:0.920-step:64-v:32.0)-(t:0.929-step:65-v:31.0)-(t:0.955-step:66-v:30.0)-(t:0.985-step:67-v:29.0)-(t:1.002-step:68-v:28.0)-(t:1.103-step:69-v:27.0)-(t:1.113-step:70-v:26.0)-(t:1.114-step:71-v:25.0)-(t:1.126-step:72-v:24.0)-(t:1.142-step:73-v:21.0)-(t:1.205-step:74-v:20.0)-(t:1.226-step:75-v:19.0)-(t:1.262-step:76-v:18.0)-(t:1.262-step:77-v:17.0)-(t:1.309-step:78-v:16.0)-(t:1.310-step:79-v:14.0)-(t:1.361-step:80-v:13.0)-(t:1.485-step:81-v:12.0)-(t:1.571-step:82-v:11.0)-(t:1.651-step:83-v:10.0)-(t:1.690-step:84-v:9.0)-(t:1.800-step:85-v:8.0)-(t:2.295-step:117-v:7.0)-(t:2.309-step:118-v:6.0)-(t:2.355-step:119-v:5.0)-(t:2.613-step:167-v:4.0)-(t:2.775-step:185-v:3.0)-(t:2.791-step:186-v:2.0)-(t:2.934-step:206-v:1.0)],5400.0
roundrobin,examples/csp/csp_100/21-90.txt,r1,5400,0,7.0,[(t:0.000-step:1-v:103.0)-(t:0.025-step:2-v:101.0)-(t:0.116-step:3-v:100.0)-(t:0.118-step:4-v:99.0)-(t:0.122-step:5-v:98.0)-(t:0.123-step:6-v:97.0)-(t:0.206-step:7-v:95.0)-(t:0.224-step:8-v:92.0)-(t:0.233-step:9-v:91.0)-(t:0.234-step:10-v:88.0)-(t:0.234-step:11-v:87.0)-(t:0.235-step:12-v:86.0)-(t:0.235-step:13-v:85.0)-(t:0.251-step:14-v:84.0)-(t:0.252-step:15-v:83.0)-(t:0.253-step:16-v:82.0)-(t:0.271-step:17-v:81.0)-(t:0.272-step:18-v:78.0)-(t:0.273-step:19-v:76.0)-(t:0.274-step:20-v:74.0)-(t:0.299-step:21-v:72.0)-(t:0.299-step:22-v:71.0)-(t:0.301-step:23-v:70.0)-(t:0.318-step:24-v:69.0)-(t:0.318-step:25-v:67.0)-(t:0.319-step:26-v:66.0)-(t:0.328-step:27-v:63.0)-(t:0.329-step:28-v:62.0)-(t:0.330-step:29-v:60.0)-(t:0.331-step:30-v:59.0)-(t:0.351-step:31-v:58.0)-(t:0.352-step:32-v:57.0)-(t:0.353-step:33-v:56.0)-(t:0.373-step:34-v:54.0)-(t:0.385-step:35-v:52.0)-(t:0.388-step:36-v:51.0)-(t:0.410-step:37-v:50.0)-(t:0.410-step:38-v:49.0)-(t:0.415-step:39-v:48.0)-(t:0.433-step:40-v:47.0)-(t:0.434-step:41-v:46.0)-(t:0.448-step:42-v:45.0)-(t:0.449-step:43-v:44.0)-(t:0.449-step:44-v:43.0)-(t:0.450-step:45-v:42.0)-(t:0.464-step:46-v:41.0)-(t:0.484-step:47-v:40.0)-(t:0.485-step:48-v:39.0)-(t:0.505-step:49-v:37.0)-(t:0.505-step:50-v:35.0)-(t:0.506-step:51-v:33.0)-(t:0.523-step:52-v:32.0)-(t:0.523-step:53-v:31.0)-(t:0.547-step:54-v:30.0)-(t:0.598-step:55-v:29.0)-(t:0.605-step:56-v:28.0)-(t:0.611-step:57-v:27.0)-(t:0.612-step:58-v:25.0)-(t:0.624-step:59-v:24.0)-(t:0.625-step:60-v:23.0)-(t:0.634-step:61-v:22.0)-(t:0.635-step:62-v:21.0)-(t:0.644-step:63-v:20.0)-(t:0.705-step:64-v:19.0)-(t:0.729-step:65-v:18.0)-(t:0.758-step:66-v:17.0)-(t:0.789-step:67-v:16.0)-(t:0.831-step:68-v:15.0)-(t:1.008-step:69-v:14.0)-(t:1.079-step:70-v:13.0)-(t:1.180-step:71-v:12.0)-(t:1.273-step:72-v:11.0)-(t:1.336-step:73-v:10.0)-(t:1.437-step:74-v:9.0)-(t:1.596-step:75-v:8.0)-(t:1.714-step:76-v:7.0)],3857.426
roundrobin,examples/csp/csp_100/carseq_100_8_20_71.txt,r1,5400,0,1.0,[(t:0.000-step:1-v:123.0)-(t:0.011-step:2-v:119.0)-(t:0.069-step:3-v:117.0)-(t:0.070-step:4-v:116.0)-(t:0.071-step:5-v:115.0)-(t:0.098-step:6-v:113.0)-(t:0.158-step:7-v:112.0)-(t:0.178-step:8-v:110.0)-(t:0.188-step:9-v:109.0)-(t:0.188-step:10-v:108.0)-(t:0.189-step:11-v:107.0)-(t:0.202-step:12-v:104.0)-(t:0.203-step:13-v:103.0)-(t:0.226-step:14-v:102.0)-(t:0.227-step:15-v:101.0)-(t:0.228-step:16-v:99.0)-(t:0.254-step:17-v:96.0)-(t:0.255-step:18-v:95.0)-(t:0.256-step:19-v:93.0)-(t:0.256-step:20-v:91.0)-(t:0.273-step:21-v:89.0)-(t:0.274-step:22-v:88.0)-(t:0.326-step:23-v:87.0)-(t:0.344-step:24-v:85.0)-(t:0.346-step:25-v:84.0)-(t:0.347-step:26-v:83.0)-(t:0.360-step:27-v:82.0)-(t:0.361-step:28-v:81.0)-(t:0.362-step:29-v:79.0)-(t:0.362-step:30-v:78.0)-(t:0.378-step:31-v:77.0)-(t:0.415-step:32-v:76.0)-(t:0.415-step:33-v:75.0)-(t:0.416-step:34-v:73.0)-(t:0.416-step:35-v:72.0)-(t:0.417-step:36-v:70.0)-(t:0.417-step:37-v:69.0)-(t:0.432-step:38-v:68.0)-(t:0.433-step:39-v:67.0)-(t:0.434-step:40-v:65.0)-(t:0.459-step:41-v:64.0)-(t:0.477-step:42-v:63.0)-(t:0.481-step:43-v:62.0)-(t:0.482-step:44-v:61.0)-(t:0.504-step:45-v:60.0)-(t:0.505-step:46-v:59.0)-(t:0.525-step:47-v:58.0)-(t:0.527-step:48-v:57.0)-(t:0.540-step:49-v:55.0)-(t:0.557-step:50-v:54.0)-(t:0.558-step:51-v:52.0)-(t:0.560-step:52-v:51.0)-(t:0.570-step:53-v:50.0)-(t:0.571-step:54-v:49.0)-(t:0.579-step:55-v:48.0)-(t:0.580-step:56-v:46.0)-(t:0.580-step:57-v:45.0)-(t:0.611-step:58-v:44.0)-(t:0.613-step:59-v:43.0)-(t:0.635-step:60-v:42.0)-(t:0.637-step:61-v:41.0)-(t:0.649-step:62-v:39.0)-(t:0.654-step:63-v:38.0)-(t:0.661-step:64-v:37.0)-(t:0.670-step:65-v:36.0)-(t:0.671-step:66-v:35.0)-(t:0.672-step:67-v:34.0)-(t:0.706-step:68-v:33.0)-(t:0.708-step:69-v:32.0)-(t:0.708-step:70-v:30.0)-(t:0.718-step:71-v:29.0)-(t:0.733-step:72-v:28.0)-(t:0.735-step:73-v:27.0)-(t:0.747-step:74-v:26.0)-(t:0.760-step:75-v:25.0)-(t:0.946-step:76-v:24.0)-(t:0.964-step:77-v:23.0)-(t:0.973-step:78-v:22.0)-(t:0.994-step:79-v:21.0)-(t:1.013-step:80-v:19.0)-(t:1.019-step:81-v:18.0)-(t:1.135-step:82-v:17.0)-(t:1.146-step:83-v:16.0)-(t:1.180-step:84-v:15.0)-(t:1.187-step:85-v:14.0)-(t:1.222-step:86-v:13.0)-(t:1.274-step:87-v:12.0)-(t:1.340-step:88-v:11.0)-(t:1.536-step:89-v:10.0)-(t:1.592-step:90-v:9.0)-(t:1.619-step:91-v:8.0)-(t:1.691-step:92-v:7.0)-(t:1.841-step:102-v:6.0)-(t:1.860-step:103-v:5.0)-(t:1.936-step:108-v:4.0)-(t:2.100-step:119-v:3.0)-(t:2.206-step:131-v:2.0)-(t:2.564-step:169-v:1.0)],5400.0
roundrobin,examples/csp/csp_100/carseq_100_8_20_81.txt,r1,5400,0,1.0,[(t:0.000-step:1-v:96.0)-(t:0.032-step:2-v:95.0)-(t:0.131-step:3-v:94.0)-(t:0.146-step:4-v:93.0)-(t:0.147-step:5-v:92.0)-(t:0.147-step:6-v:91.0)-(t:0.205-step:7-v:90.0)-(t:0.240-step:8-v:89.0)-(t:0.241-step:9-v:87.0)-(t:0.242-step:10-v:86.0)-(t:0.259-step:11-v:85.0)-(t:0.259-step:12-v:83.0)-(t:0.260-step:13-v:81.0)-(t:0.261-step:14-v:79.0)-(t:0.281-step:15-v:78.0)-(t:0.294-step:16-v:77.0)-(t:0.295-step:17-v:74.0)-(t:0.318-step:18-v:73.0)-(t:0.319-step:19-v:72.0)-(t:0.329-step:20-v:71.0)-(t:0.329-step:21-v:70.0)-(t:0.330-step:22-v:69.0)-(t:0.331-step:23-v:68.0)-(t:0.354-step:24-v:67.0)-(t:0.369-step:25-v:66.0)-(t:0.370-step:26-v:65.0)-(t:0.371-step:27-v:62.0)-(t:0.371-step:28-v:60.0)-(t:0.372-step:29-v:59.0)-(t:0.372-step:30-v:58.0)-(t:0.389-step:31-v:57.0)-(t:0.400-step:32-v:56.0)-(t:0.401-step:33-v:54.0)-(t:0.412-step:34-v:53.0)-(t:0.413-step:35-v:52.0)-(t:0.418-step:36-v:51.0)-(t:0.419-step:37-v:50.0)-(t:0.433-step:38-v:49.0)-(t:0.434-step:39-v:48.0)-(t:0.435-step:40-v:47.0)-(t:0.454-step:41-v:44.0)-(t:0.455-step:42-v:42.0)-(t:0.456-step:43-v:41.0)-(t:0.467-step:44-v:39.0)-(t:0.468-step:45-v:38.0)-(t:0.469-step:46-v:37.0)-(t:0.480-step:47-v:36.0)-(t:0.480-step:48-v:35.0)-(t:0.494-step:49-v:33.0)-(t:0.495-step:50-v:32.0)-(t:0.507-step:51-v:31.0)-(t:0.519-step:52-v:29.0)-(t:0.520-step:53-v:28.0)-(t:0.520-step:54-v:27.0)-(t:0.526-step:55-v:26.0)-(t:0.543-step:56-v:25.0)-(t:0.565-step:57-v:24.0)-(t:0.566-step:58-v:23.0)-(t:0.580-step:59-v:22.0)-(t:0.580-step:60-v:21.0)-(t:0.608-step:61-v:20.0)-(t:0.801-step:62-v:19.0)-(t:0.820-step:63-v:18.0)-(t:0.821-step:64-v:17.0)-(t:0.821-step:65-v:16.0)-(t:0.841-step:66-v:15.0)-(t:0.924-step:67-v:14.0)-(t:0.954-step:68-v:13.0)-(t:0.982-step:69-v:12.0)-(t:1.003-step:70-v:11.0)-(t:1.126-step:71-v:10.0)-(t:1.136-step:72-v:9.0)-(t:1.145-step:73-v:8.0)-(t:1.301-step:74-v:7.0)-(t:1.376-step:75-v:6.0)-(t:1.468-step:76-v:5.0)-(t:1.820-step:132-v:4.0)-(t:1.868-step:133-v:3.0)-(t:1.965-step:150-v:2.0)-(t:2.493-step:222-v:1.0)],5400.0
roundrobin,examples/csp/csp_100/carseq_100_8_20_85.txt,r1,5400,0,2.0,[(t:0.001-step:1-v:94.0)-(t:0.014-step:2-v:91.0)-(t:0.046-step:3-v:90.0)-(t:0.047-step:4-v:87.0)-(t:0.048-step:5-v:86.0)-(t:0.049-step:6-v:85.0)-(t:0.070-step:7-v:84.0)-(t:0.073-step:8-v:83.0)-(t:0.079-step:9-v:82.0)-(t:0.085-step:10-v:80.0)-(t:0.085-step:11-v:78.0)-(t:0.086-step:12-v:77.0)-(t:0.086-step:13-v:75.0)-(t:0.090-step:14-v:74.0)-(t:0.095-step:15-v:73.0)-(t:0.096-step:16-v:71.0)-(t:0.097-step:17-v:70.0)-(t:0.099-step:18-v:69.0)-(t:0.102-step:19-v:68.0)-(t:0.106-step:20-v:67.0)-(t:0.106-step:21-v:65.0)-(t:0.107-step:22-v:64.0)-(t:0.114-step:23-v:63.0)-(t:0.115-step:24-v:62.0)-(t:0.117-step:25-v:59.0)-(t:0.117-step:26-v:58.0)-(t:0.121-step:27-v:56.0)-(t:0.123-step:28-v:54.0)-(t:0.124-step:29-v:53.0)-(t:0.126-step:30-v:52.0)-(t:0.132-step:31-v:51.0)-(t:0.135-step:32-v:49.0)-(t:0.139-step:33-v:47.0)-(t:0.139-step:34-v:46.0)-(t:0.141-step:35-v:45.0)-(t:0.142-step:36-v:44.0)-(t:0.143-step:37-v:43.0)-(t:0.143-step:38-v:42.0)-(t:0.144-step:39-v:41.0)-(t:0.146-step:40-v:40.0)-(t:0.147-step:41-v:38.0)-(t:0.148-step:42-v:37.0)-(t:0.149-step:43-v:36.0)-(t:0.149-step:44-v:35.0)-(t:0.149-step:45-v:33.0)-(t:0.154-step:46-v:32.0)-(t:0.157-step:47-v:31.0)-(t:0.164-step:48-v:30.0)-(t:0.165-step:49-v:29.0)-(t:0.165-step:50-v:28.0)-(t:0.166-step:51-v:27.0)-(t:0.172-step:52-v:26.0)-(t:0.172-step:53-v:24.0)-(t:0.177-step:54-v:23.0)-(t:0.203-step:55-v:22.0)-(t:0.221-step:56-v:21.0)-(t:0.222-step:57-v:20.0)-(t:0.223-step:58-v:19.0)-(t:0.224-step:59-v:18.0)-(t:0.251-step:60-v:17.0)-(t:0.275-step:61-v:16.0)-(t:0.287-step:62-v:15.0)-(t:0.290-step:63-v:14.0)-(t:0.295-step:64-v:13.0)-(t:0.301-step:65-v:12.0)-(t:0.310-step:66-v:11.0)-(t:0.374-step:67-v:10.0)-(t:0.631-step:77-v:9.0)-(t:0.757-step:87-v:8.0)-(t:1.078-step:126-v:7.0)-(t:1.361-step:150-v:6.0)-(t:1.558-step:195-v:5.0)-(t:1.558-step:196-v:4.0)-(t:2.457-step:377-v:3.0)-(t:3.532-step:583-v:2.0)],5400.0
roundrobin,examples/csp/csp_100/carseq_100_8_20_86.txt,r1,5400,0,5.0,[(t:0.000-step:1-v:162.0)-(t:0.009-step:2-v:153.0)-(t:0.044-step:3-v:151.0)-(t:0.047-step:4-v:145.0)-(t:0.048-step:5-v:142.0)-(t:0.048-step:6-v:141.0)-(t:0.071-step:7-v:140.0)-(t:0.079-step:8-v:133.0)-(t:0.080-step:9-v:132.0)-(t:0.081-step:10-v:129.0)-(t:0.081-step:11-v:127.0)-(t:0.083-step:12-v:124.0)-(t:0.085-step:13-v:123.0)-(t:0.085-step:14-v:121.0)-(t:0.093-step:15-v:120.0)-(t:0.096-step:16-v:114.0)-(t:0.097-step:17-v:109.0)-(t:0.098-step:18-v:105.0)-(t:0.098-step:19-v:102.0)-(t:0.099-step:20-v:101.0)-(t:0.100-step:21-v:100.0)-(t:0.101-step:22-v:99.0)-(t:0.106-step:23-v:98.0)-(t:0.107-step:24-v:97.0)-(t:0.108-step:25-v:96.0)-(t:0.108-step:26-v:94.0)-(t:0.113-step:27-v:93.0)-(t:0.114-step:28-v:91.0)-(t:0.114-step:29-v:90.0)-(t:0.114-step:30-v:89.0)-(t:0.115-step:31-v:88.0)-(t:0.116-step:32-v:87.0)-(t:0.122-step:33-v:86.0)-(t:0.123-step:34-v:85.0)-(t:0.130-step:35-v:84.0)-(t:0.131-step:36-v:80.0)-(t:0.131-step:37-v:79.0)-(t:0.132-step:38-v:78.0)-(t:0.156-step:39-v:76.0)-(t:0.160-step:40-v:75.0)-(t:0.162-step:41-v:74.0)-(t:0.163-step:42-v:71.0)-(t:0.167-step:43-v:70.0)-(t:0.169-step:44-v:68.0)-(t:0.170-step:45-v:67.0)-(t:0.176-step:46-v:65.0)-(t:0.188-step:47-v:64.0)-(t:0.189-step:48-v:62.0)-(t:0.190-step:49-v:60.0)-(t:0.194-step:50-v:58.0)-(t:0.195-step:51-v:57.0)-(t:0.203-step:52-v:54.0)-(t:0.204-step:53-v:52.0)-(t:0.208-step:54-v:51.0)-(t:0.230-step:55-v:50.0)-(t:0.234-step:56-v:49.0)-(t:0.239-step:57-v:48.0)-(t:0.240-step:58-v:46.0)-(t:0.246-step:59-v:45.0)-(t:0.248-step:60-v:44.0)-(t:0.255-step:61-v:42.0)-(t:0.255-step:62-v:41.0)-(t:0.287-step:63-v:40.0)-(t:0.288-step:64-v:39.0)-(t:0.293-step:65-v:37.0)-(t:0.294-step:66-v:35.0)-(t:0.308-step:67-v:34.0)-(t:0.309-step:68-v:33.0)-(t:0.313-step:69-v:32.0)-(t:0.348-step:70-v:31.0)-(t:0.360-step:71-v:30.0)-(t:0.361-step:72-v:29.0)-(t:0.368-step:73-v:28.0)-(t:0.370-step:74-v:27.0)-(t:0.380-step:75-v:26.0)-(t:0.416-step:76-v:25.0)-(t:0.421-step:77-v:24.0)-(t:0.453-step:78-v:23.0)-(t:0.461-step:79-v:22.0)-(t:0.490-step:80-v:21.0)-(t:0.494-step:81-v:20.0)-(t:0.501-step:82-v:19.0)-(t:0.524-step:83-v:18.0)-(t:0.541-step:84-v:17.0)-(t:0.551-step:85-v:16.0)-(t:0.563-step:86-v:15.0)-(t:0.568-step:87-v:14.0)-(t:0.569-step:88-v:13.0)-(t:0.621-step:89-v:12.0)-(t:0.626-step:90-v:11.0)-(t:0.637-step:91-v:10.0)-(t:0.685-step:92-v:9.0)-(t:0.693-step:93-v:8.0)-(t:1.803-step:259-v:7.0)-(t:1.806-step:260-v:6.0)-(t:2.562-step:407-v:5.0)],5400.0
roundrobin,examples/csp/csp_100/carseq_100_8_20_88.txt,r1,5400,0,1.0,[(t:0.000-step:1-v:137.0)-(t:0.011-step:2-v:136.0)-(t:0.047-step:3-v:135.0)-(t:0.047-step:4-v:132.0)-(t:0.048-step:5-v:131.0)-(t:0.049-step:6-v:130.0)-(t:0.060-step:7-v:129.0)-(t:0.068-step:8-v:125.0)-(t:0.075-step:9-v:118.0)-(t:0.077-step:10-v:115.0)-(t:0.080-step:11-v:114.0)-(t:0.090-step:12-v:112.0)-(t:0.091-step:13-v:110.0)-(t:0.091-step:14-v:109.0)-(t:0.092-step:15-v:108.0)-(t:0.100-step:16-v:107.0)-(t:0.109-step:17-v:105.0)-(t:0.110-step:18-v:104.0)-(t:0.111-step:19-v:102.0)-(t:0.111-step:20-v:101.0)-(t:0.112-step:21-v:100.0)-(t:0.114-step:22-v:99.0)-(t:0.126-step:23-v:98.0)-(t:0.127-step:24-v:95.0)-(t:0.134-step:25-v:94.0)-(t:0.135-step:26-v:91.0)-(t:0.135-step:27-v:89.0)-(t:0.137-step:28-v:87.0)-(t:0.137-step:29-v:86.0)-(t:0.142-step:30-v:85.0)-(t:0.143-step:31-v:84.0)-(t:0.146-step:32-v:83.0)-(t:0.147-step:33-v:82.0)-(t:0.147-step:34-v:81.0)-(t:0.150-step:35-v:80.0)-(t:0.152-step:36-v:77.0)-(t:0.157-step:37-v:74.0)-(t:0.158-step:38-v:73.0)-(t:0.159-step:39-v:72.0)-(t:0.159-step:40-v:71.0)-(t:0.160-step:41-v:70.0)-(t:0.165-step:42-v:69.0)-(t:0.166-step:43-v:68.0)-(t:0.167-step:44-v:67.0)-(t:0.169-step:45-v:65.0)-(t:0.169-step:46-v:64.0)-(t:0.170-step:47-v:63.0)-(t:0.171-step:48-v:62.0)-(t:0.171-step:49-v:61.0)-(t:0.176-step:50-v:58.0)-(t:0.176-step:51-v:57.0)-(t:0.177-step:52-v:54.0)-(t:0.178-step:53-v:53.0)-(t:0.178-step:54-v:52.0)-(t:0.185-step:55-v:50.0)-(t:0.199-step:56-v:49.0)-(t:0.200-step:57-v:48.0)-(t:0.201-step:58-v:47.0)-(t:0.205-step:59-v:46.0)-(t:0.232-step:60-v:45.0)-(t:0.233-step:61-v:44.0)-(t:0.241-step:62-v:43.0)-(t:0.249-step:63-v:41.0)-(t:0.250-step:64-v:40.0)-(t:0.270-step:65-v:39.0)-(t:0.272-step:66-v:38.0)-(t:0.273-step:67-v:37.0)-(t:0.274-step:68-v:36.0)-(t:0.276-step:69-v:35.0)-(t:0.278-step:70-v:34.0)-(t:0.279-step:71-v:33.0)-(t:0.314-step:72-v:32.0)-(t:0.316-step:73-v:31.0)-(t:0.316-step:74-v:30.0)-(t:0.327-step:75-v:29.0)-(t:0.328-step:76-v:28.0)-(t:0.330-step:77-v:27.0)-(t:0.363-step:78-v:26.0)-(t:0.366-step:79-v:25.0)-(t:0.369-step:80-v:24.0)-(t:0.369-step:81-v:23.0)-(t:0.371-step:82-v:22.0)-(t:0.373-step:83-v:21.0)-(t:0.374-step:84-v:20.0)-(t:0.378-step:85-v:19.0)-(t:0.389-step:86-v:17.0)-(t:0.395-step:87-v:16.0)-(t:0.403-step:88-v:15.0)-(t:0.423-step:89-v:14.0)-(t:0.463-step:90-v:13.0)-(t:0.509-step:91-v:12.0)-(t:0.542-step:92-v:11.0)-(t:0.563-step:93-v:10.0)-(t:0.571-step:94-v:9.0)-(t:0.609-step:95-v:8.0)-(t:0.652-step:96-v:7.0)-(t:0.671-step:97-v:6.0)-(t:0.698-step:98-v:5.0)-(t:1.024-step:115-v:4.0)-(t:1.798-step:180-v:3.0)-(t:1.817-step:181-v:2.0)-(t:2.446-step:302-v:1.0)],5400.0
roundrobin,examples/csp/csp_300/carseq_300_8_20_38.txt,r1,5400,0,0.0,[(t:0.000-step:1-v:389.0)-(t:0.018-step:2-v:386.0)-(t:0.080-step:3-v:384.0)-(t:0.088-step:4-v:383.0)-(t:0.091-step:5-v:382.0)-(t:0.092-step:6-v:381.0)-(t:0.117-step:7-v:380.0)-(t:0.124-step:8-v:378.0)-(t:0.129-step:9-v:374.0)-(t:0.131-step:10-v:370.0)-(t:0.136-step:11-v:368.0)-(t:0.136-step:12-v:363.0)-(t:0.137-step:13-v:361.0)-(t:0.145-step:14-v:359.0)-(t:0.147-step:15-v:358.0)-(t:0.166-step:16-v:357.0)-(t:0.169-step:17-v:352.0)-(t:0.170-step:18-v:351.0)-(t:0.181-step:19-v:348.0)-(t:0.185-step:20-v:345.0)-(t:0.186-step:21-v:342.0)-(t:0.193-step:22-v:341.0)-(t:0.195-step:23-v:340.0)-(t:0.214-step:24-v:339.0)-(t:0.215-step:25-v:332.0)-(t:0.216-step:26-v:331.0)-(t:0.227-step:27-v:330.0)-(t:0.227-step:28-v:326.0)-(t:0.228-step:29-v:322.0)-(t:0.229-step:30-v:321.0)-(t:0.241-step:31-v:319.0)-(t:0.242-step:32-v:314.0)-(t:0.256-step:33-v:311.0)-(t:0.256-step:34-v:308.0)-(t:0.258-step:35-v:307.0)-(t:0.268-step:36-v:305.0)-(t:0.270-step:37-v:303.0)-(t:0.270-step:38-v:302.0)-(t:0.292-step:39-v:300.0)-(t:0.293-step:40-v:299.0)-(t:0.306-step:41-v:296.0)-(t:0.307-step:42-v:294.0)-(t:0.308-step:43-v:293.0)-(t:0.309-step:44-v:292.0)-(t:0.323-step:45-v:289.0)-(t:0.324-step:46-v:288.0)-(t:0.339-step:47-v:286.0)-(t:0.415-step:48-v:285.0)-(t:0.416-step:49-v:283.0)-(t:0.425-step:50-v:282.0)-(t:0.439-step:51-v:281.0)-(t:0.444-step:52-v:279.0)-(t:0.445-step:53-v:277.0)-(t:0.446-step:54-v:276.0)-(t:0.447-step:55-v:275.0)-(t:0.455-step:56-v:274.0)-(t:0.466-step:57-v:273.0)-(t:0.466-step:58-v:271.0)-(t:0.473-step:59-v:268.0)-(t:0.477-step:60-v:267.0)-(t:0.482-step:61-v:266.0)-(t:0.483-step:62-v:265.0)-(t:0.511-step:63-v:264.0)-(t:0.524-step:64-v:261.0)-(t:0.529-step:65-v:260.0)-(t:0.533-step:66-v:259.0)-(t:0.534-step:67-v:258.0)-(t:0.535-step:68-v:256.0)-(t:0.539-step:69-v:254.0)-(t:0.540-step:70-v:253.0)-(t:0.542-step:71-v:252.0)-(t:0.547-step:72-v:251.0)-(t:0.549-step:73-v:249.0)-(t:0.549-step:74-v:247.0)-(t:0.550-step:75-v:245.0)-(t:0.555-step:76-v:244.0)-(t:0.559-step:77-v:242.0)-(t:0.560-step:78-v:241.0)-(t:0.561-step:79-v:240.0)-(t:0.566-step:80-v:238.0)-(t:0.575-step:81-v:235.0)-(t:0.575-step:82-v:232.0)-(t:0.576-step:83-v:230.0)-(t:0.583-step:84-v:229.0)-(t:0.588-step:85-v:228.0)-(t:0.589-step:86-v:227.0)-(t:0.605-step:87-v:226.0)-(t:0.611-step:88-v:222.0)-(t:0.613-step:89-v:220.0)-(t:0.616-step:90-v:219.0)-(t:0.618-step:91-v:218.0)-(t:0.623-step:92-v:215.0)-(t:0.625-step:93-v:214.0)-(t:0.629-step:94-v:213.0)-(t:0.635-step:95-v:212.0)-(t:0.636-step:96-v:210.0)-(t:0.637-step:97-v:209.0)-(t:0.640-step:98-v:206.0)-(t:0.643-step:99-v:205.0)-(t:0.644-step:100-v:204.0)-(t:0.648-step:101-v:203.0)-(t:0.649-step:102-v:202.0)-(t:0.692-step:103-v:201.0)-(t:0.698-step:104-v:200.0)-(t:0.702-step:105-v:196.0)-(t:0.703-step:106-v:194.0)-(t:0.707-step:107-v:192.0)-(t:0.708-step:108-v:191.0)-(t:0.709-step:109-v:190.0)-(t:0.710-step:110-v:189.0)-(t:0.717-step:111-v:188.0)-(t:0.724-step:112-v:187.0)-(t:0.725-step:113-v:186.0)-(t:0.729-step:114-v:184.0)-(t:0.730-step:115-v:183.0)-(t:0.737-step:116-v:182.0)-(t:0.738-step:117-v:180.0)-(t:0.738-step:118-v:179.0)-(t:0.748-step:119-v:178.0)-(t:0.749-step:120-v:175.0)-(t:0.752-step:121-v:174.0)-(t:0.753-step:122-v:172.0)-(t:0.754-step:123-v:171.0)-(t:0.755-step:124-v:169.0)-(t:0.756-step:125-v:168.0)-(t:0.757-step:126-v:167.0)-(t:0.763-step:127-v:166.0)-(t:0.770-step:128-v:165.0)-(t:0.774-step:129-v:164.0)-(t:0.775-step:130-v:163.0)-(t:0.776-step:131-v:162.0)-(t:0.777-step:132-v:161.0)-(t:0.778-step:133-v:159.0)-(t:0.778-step:134-v:158.0)-(t:0.788-step:135-v:157.0)-(t:0.792-step:136-v:156.0)-(t:0.793-step:137-v:155.0)-(t:0.793-step:138-v:153.0)-(t:0.795-step:139-v:152.0)-(t:0.797-step:140-v:150.0)-(t:0.798-step:141-v:147.0)-(t:0.798-step:142-v:146.0)-(t:0.801-step:143-v:145.0)-(t:0.802-step:144-v:141.0)-(t:0.803-step:145-v:136.0)-(t:0.807-step:146-v:134.0)-(t:0.808-step:147-v:132.0)-(t:0.813-step:148-v:131.0)-(t:0.814-step:149-v:130.0)-(t:0.814-step:150-v:129.0)-(t:0.833-step:151-v:128.0)-(t:0.854-step:152-v:127.0)-(t:0.856-step:153-v:126.0)-(t:0.856-step:154-v:124.0)-(t:0.857-step:155-v:123.0)-(t:0.860-step:156-v:120.0)-(t:0.861-step:157-v:119.0)-(t:0.869-step:158-v:118.0)-(t:0.900-step:159-v:117.0)-(t:0.906-step:160-v:116.0)-(t:0.906-step:161-v:115.0)-(t:0.907-step:162-v:114.0)-(t:0.907-step:163-v:113.0)-(t:0.917-step:164-v:112.0)-(t:0.927-step:165-v:111.0)-(t:0.938-step:166-v:110.0)-(t:0.943-step:167-v:109.0)-(t:0.955-step:168-v:107.0)-(t:0.957-step:169-v:105.0)-(t:0.967-step:170-v:103.0)-(t:0.972-step:171-v:101.0)-(t:0.978-step:172-v:99.0)-(t:0.979-step:173-v:98.0)-(t:0.980-step:174-v:97.0)-(t:0.983-step:175-v:95.0)-(t:0.984-step:176-v:94.0)-(t:0.992-step:177-v:92.0)-(t:0.992-step:178-v:91.0)-(t:0.993-step:179-v:89.0)-(t:0.995-step:180-v:88.0)-(t:0.996-step:181-v:87.0)-(t:1.001-step:182-v:86.0)-(t:1.150-step:183-v:85.0)-(t:1.154-step:184-v:83.0)-(t:1.158-step:185-v:81.0)-(t:1.158-step:186-v:80.0)-(t:1.165-step:187-v:79.0)-(t:1.175-step:188-v:77.0)-(t:1.175-step:189-v:75.0)-(t:1.177-step:190-v:74.0)-(t:1.195-step:191-v:73.0)-(t:1.238-step:192-v:72.0)-(t:1.243-step:193-v:71.0)-(t:1.244-step:194-v:70.0)-(t:1.245-step:195-v:69.0)-(t:1.251-step:196-v:68.0)-(t:1.272-step:197-v:66.0)-(t:1.272-step:198-v:65.0)-(t:1.357-step:199-v:64.0)-(t:1.364-step:200-v:63.0)-(t:1.367-step:201-v:61.0)-(t:1.374-step:202-v:60.0)-(t:1.376-step:203-v:58.0)-(t:1.387-step:204-v:57.0)-(t:1.393-step:205-v:56.0)-(t:1.394-step:206-v:55.0)-(t:1.416-step:207-v:54.0)-(t:1.433-step:208-v:53.0)-(t:1.434-step:209-v:51.0)-(t:1.435-step:210-v:50.0)-(t:1.455-step:211-v:49.0)-(t:1.456-step:212-v:48.0)-(t:1.459-step:213-v:47.0)-(t:1.538-step:214-v:46.0)-(t:1.561-step:215-v:45.0)-(t:1.562-step:216-v:43.0)-(t:1.589-step:217-v:42.0)-(t:1.595-step:218-v:40.0)-(t:1.609-step:219-v:39.0)-(t:1.804-step:220-v:38.0)-(t:1.809-step:221-v:37.0)-(t:1.810-step:222-v:35.0)-(t:1.822-step:223-v:34.0)-(t:1.826-step:224-v:33.0)-(t:1.839-step:225-v:32.0)-(t:2.156-step:226-v:31.0)-(t:2.184-step:227-v:30.0)-(t:2.185-step:228-v:29.0)-(t:2.186-step:229-v:27.0)-(t:2.228-step:230-v:26.0)-(t:2.235-step:231-v:24.0)-(t:2.410-step:232-v:23.0)-(t:2.415-step:233-v:22.0)-(t:2.418-step:234-v:21.0)-(t:2.432-step:235-v:20.0)-(t:2.700-step:236-v:19.0)-(t:2.702-step:237-v:18.0)-(t:2.731-step:238-v:17.0)-(t:2.739-step:239-v:16.0)-(t:2.742-step:240-v:15.0)-(t:2.744-step:241-v:14.0)-(t:2.895-step:242-v:13.0)-(t:2.918-step:243-v:12.0)-(t:2.934-step:244-v:11.0)-(t:2.979-step:245-v:10.0)-(t:3.072-step:246-v:9.0)-(t:3.102-step:247-v:8.0)-(t:3.238-step:248-v:7.0)-(t:3.271-step:249-v:6.0)-(t:3.363-step:250-v:5.0)-(t:3.504-step:251-v:4.0)-(t:3.616-step:252-v:3.0)-(t:3.948-step:265-v:2.0)-(t:4.059-step:266-v:1.0)-(t:4.149-step:267-v:0.0)],4.149
roundrobin,examples/csp/csp_100/carseq_100_8_20_98.txt,r1,5400,0,3.0,[(t:0.000-step:1-v:134.0)-(t:0.007-step:2-v:130.0)-(t:0.025-step:3-v:129.0)-(t:0.026-step:4-v:127.0)-(t:0.026-step:5-v:124.0)-(t:0.029-step:6-v:123.0)-(t:0.044-step:7-v:121.0)-(t:0.052-step:8-v:120.0)-(t:0.054-step:9-v:117.0)-(t:0.055-step:10-v:111.0)-(t:0.059-step:11-v:110.0)-(t:0.059-step:12-v:109.0)-(t:0.059-step:13-v:108.0)-(t:0.060-step:14-v:106.0)-(t:0.065-step:15-v:105.0)-(t:0.067-step:16-v:104.0)-(t:0.068-step:17-v:99.0)-(t:0.071-step:18-v:98.0)-(t:0.071-step:19-v:97.0)-(t:0.072-step:20-v:94.0)-(t:0.073-step:21-v:92.0)-(t:0.073-step:22-v:91.0)-(t:0.074-step:23-v:90.0)-(t:0.074-step:24-v:89.0)-(t:0.075-step:25-v:88.0)-(t:0.075-step:26-v:86.0)-(t:0.076-step:27-v:85.0)-(t:0.077-step:28-v:83.0)-(t:0.077-step:29-v:82.0)-(t:0.078-step:30-v:81.0)-(t:0.079-step:31-v:80.0)-(t:0.080-step:32-v:79.0)-(t:0.081-step:33-v:77.0)-(t:0.082-step:34-v:75.0)-(t:0.082-step:35-v:73.0)-(t:0.083-step:36-v:71.0)-(t:0.084-step:37-v:68.0)-(t:0.084-step:38-v:66.0)-(t:0.089-step:39-v:65.0)-(t:0.094-step:40-v:64.0)-(t:0.095-step:41-v:63.0)-(t:0.096-step:42-v:62.0)-(t:0.097-step:43-v:61.0)-(t:0.097-step:44-v:58.0)-(t:0.097-step:45-v:57.0)-(t:0.103-step:46-v:56.0)-(t:0.104-step:47-v:55.0)-(t:0.108-step:48-v:54.0)-(t:0.109-step:49-v:52.0)-(t:0.110-step:50-v:51.0)-(t:0.112-step:51-v:50.0)-(t:0.117-step:52-v:49.0)-(t:0.118-step:53-v:48.0)-(t:0.118-step:54-v:47.0)-(t:0.123-step:55-v:46.0)-(t:0.129-step:56-v:45.0)-(t:0.133-step:57-v:44.0)-(t:0.134-step:58-v:43.0)-(t:0.137-step:59-v:42.0)-(t:0.138-step:60-v:41.0)-(t:0.144-step:61-v:40.0)-(t:0.145-step:62-v:39.0)-(t:0.151-step:63-v:38.0)-(t:0.165-step:64-v:37.0)-(t:0.166-step:65-v:36.0)-(t:0.179-step:66-v:35.0)-(t:0.180-step:67-v:34.0)-(t:0.183-step:68-v:33.0)-(t:0.187-step:69-v:32.0)-(t:0.187-step:70-v:31.0)-(t:0.193-step:71-v:30.0)-(t:0.195-step:72-v:28.0)-(t:0.196-step:73-v:27.0)-(t:0.270-step:74-v:26.0)-(t:0.278-step:75-v:25.0)-(t:0.292-step:76-v:24.0)-(t:0.305-step:77-v:23.0)-(t:0.310-step:78-v:22.0)-(t:0.314-step:79-v:21.0)-(t:0.316-step:80-v:20.0)-(t:0.322-step:81-v:19.0)-(t:0.329-step:82-v:18.0)-(t:0.335-step:83-v:17.0)-(t:0.337-step:84-v:16.0)-(t:0.344-step:85-v:15.0)-(t:0.352-step:86-v:14.0)-(t:0.416-step:87-v:13.0)-(t:0.427-step:88-v:12.0)-(t:0.438-step:89-v:11.0)-(t:0.508-step:90-v:10.0)-(t:0.791-step:116-v:9.0)-(t:0.819-step:117-v:8.0)-(t:1.079-step:164-v:7.0)-(t:1.268-step:203-v:6.0)-(t:1.376-step:239-v:5.0)-(t:1.386-step:240-v:4.0)-(t:1.783-step:339-v:3.0)],5400.0
roundrobin,examples/csp/csp_100/carseq_100_8_20_99.txt,r1,5400,0,5.0,[(t:0.000-step:1-v:113.0)-(t:0.016-step:2-v:109.0)-(t:0.056-step:3-v:108.0)-(t:0.060-step:4-v:106.0)-(t:0.061-step:5-v:105.0)-(t:0.062-step:6-v:101.0)-(t:0.087-step:7-v:100.0)-(t:0.093-step:8-v:96.0)-(t:0.099-step:9-v:93.0)-(t:0.100-step:10-v:91.0)-(t:0.100-step:11-v:88.0)-(t:0.101-step:12-v:87.0)-(t:0.101-step:13-v:85.0)-(t:0.107-step:14-v:84.0)-(t:0.111-step:15-v:83.0)-(t:0.112-step:16-v:81.0)-(t:0.112-step:17-v:80.0)-(t:0.120-step:18-v:79.0)-(t:0.124-step:19-v:78.0)-(t:0.128-step:20-v:75.0)-(t:0.129-step:21-v:74.0)-(t:0.137-step:22-v:73.0)-(t:0.145-step:23-v:71.0)-(t:0.146-step:24-v:70.0)-(t:0.153-step:25-v:69.0)-(t:0.154-step:26-v:68.0)-(t:0.155-step:27-v:67.0)-(t:0.155-step:28-v:66.0)-(t:0.156-step:29-v:65.0)-(t:0.160-step:30-v:64.0)-(t:0.162-step:31-v:62.0)-(t:0.162-step:32-v:61.0)-(t:0.163-step:33-v:58.0)-(t:0.164-step:34-v:57.0)-(t:0.171-step:35-v:56.0)-(t:0.184-step:36-v:55.0)-(t:0.188-step:37-v:53.0)-(t:0.189-step:38-v:52.0)-(t:0.223-step:39-v:51.0)-(t:0.226-step:40-v:50.0)-(t:0.229-step:41-v:47.0)-(t:0.238-step:42-v:46.0)-(t:0.239-step:43-v:45.0)-(t:0.247-step:44-v:44.0)-(t:0.248-step:45-v:43.0)-(t:0.249-step:46-v:42.0)-(t:0.270-step:47-v:41.0)-(t:0.274-step:48-v:40.0)-(t:0.280-step:49-v:39.0)-(t:0.283-step:50-v:38.0)-(t:0.283-step:51-v:36.0)-(t:0.284-step:52-v:34.0)-(t:0.305-step:53-v:33.0)-(t:0.307-step:54-v:32.0)-(t:0.331-step:55-v:31.0)-(t:0.335-step:56-v:30.0)-(t:0.354-step:57-v:29.0)-(t:0.355-step:58-v:28.0)-(t:0.357-step:59-v:27.0)-(t:0.362-step:60-v:26.0)-(t:0.378-step:61-v:25.0)-(t:0.386-step:62-v:24.0)-(t:0.387-step:63-v:23.0)-(t:0.394-step:64-v:22.0)-(t:0.409-step:65-v:21.0)-(t:0.416-step:66-v:20.0)-(t:0.416-step:67-v:19.0)-(t:0.423-step:68-v:18.0)-(t:0.434-step:69-v:17.0)-(t:0.484-step:70-v:16.0)-(t:0.501-step:71-v:15.0)-(t:0.516-step:72-v:14.0)-(t:0.560-step:73-v:13.0)-(t:0.612-step:74-v:12.0)-(t:0.646-step:75-v:11.0)-(t:0.665-step:76-v:10.0)-(t:0.693-step:77-v:9.0)-(t:0.711-step:78-v:7.0)-(t:0.725-step:79-v:6.0)-(t:1.379-step:131-v:5.0)],5400.0
roundrobin,examples/csp/csp_300/carseq_300_8_20_53.txt,r1,5400,0,0.0,[(t:0.000-step:1-v:348.0)-(t:0.013-step:2-v:347.0)-(t:0.036-step:3-v:345.0)-(t:0.058-step:4-v:343.0)-(t:0.059-step:5-v:341.0)-(t:0.060-step:6-v:340.0)-(t:0.084-step:7-v:339.0)-(t:0.092-step:8-v:337.0)-(t:0.095-step:9-v:334.0)-(t:0.096-step:10-v:333.0)-(t:0.097-step:11-v:332.0)-(t:0.097-step:12-v:331.0)-(t:0.104-step:13-v:330.0)-(t:0.105-step:14-v:328.0)-(t:0.106-step:15-v:327.0)-(t:0.111-step:16-v:324.0)-(t:0.116-step:17-v:321.0)-(t:0.116-step:18-v:319.0)-(t:0.118-step:19-v:317.0)-(t:0.126-step:20-v:316.0)-(t:0.128-step:21-v:315.0)-(t:0.128-step:22-v:314.0)-(t:0.136-step:23-v:313.0)-(t:0.137-step:24-v:310.0)-(t:0.147-step:25-v:308.0)-(t:0.148-step:26-v:305.0)-(t:0.149-step:27-v:304.0)-(t:0.150-step:28-v:301.0)-(t:0.158-step:29-v:299.0)-(t:0.159-step:30-v:297.0)-(t:0.160-step:31-v:296.0)-(t:0.170-step:32-v:294.0)-(t:0.171-step:33-v:293.0)-(t:0.172-step:34-v:292.0)-(t:0.187-step:35-v:290.0)-(t:0.188-step:36-v:289.0)-(t:0.189-step:37-v:288.0)-(t:0.194-step:38-v:287.0)-(t:0.195-step:39-v:286.0)-(t:0.203-step:40-v:285.0)-(t:0.211-step:41-v:280.0)-(t:0.214-step:42-v:278.0)-(t:0.216-step:43-v:276.0)-(t:0.216-step:44-v:273.0)-(t:0.218-step:45-v:272.0)-(t:0.223-step:46-v:271.0)-(t:0.224-step:47-v:270.0)-(t:0.225-step:48-v:268.0)-(t:0.225-step:49-v:267.0)-(t:0.226-step:50-v:263.0)-(t:0.232-step:51-v:259.0)-(t:0.233-step:52-v:257.0)-(t:0.234-step:53-v:255.0)-(t:0.239-step:54-v:254.0)-(t:0.240-step:55-v:252.0)-(t:0.244-step:56-v:250.0)-(t:0.246-step:57-v:249.0)-(t:0.247-step:58-v:246.0)-(t:0.251-step:59-v:245.0)-(t:0.254-step:60-v:244.0)-(t:0.255-step:61-v:243.0)-(t:0.256-step:62-v:242.0)-(t:0.262-step:63-v:241.0)-(t:0.272-step:64-v:240.0)-(t:0.273-step:65-v:239.0)-(t:0.274-step:66-v:238.0)-(t:0.280-step:67-v:236.0)-(t:0.282-step:68-v:235.0)-(t:0.283-step:69-v:234.0)-(t:0.303-step:70-v:232.0)-(t:0.308-step:71-v:231.0)-(t:0.313-step:72-v:230.0)-(t:0.316-step:73-v:229.0)-(t:0.320-step:74-v:228.0)-(t:0.321-step:75-v:227.0)-(t:0.322-step:76-v:224.0)-(t:0.322-step:77-v:223.0)-(t:0.323-step:78-v:222.0)-(t:0.328-step:79-v:221.0)-(t:0.329-step:80-v:220.0)-(t:0.337-step:81-v:219.0)-(t:0.338-step:82-v:218.0)-(t:0.339-step:83-v:217.0)-(t:0.340-step:84-v:216.0)-(t:0.341-step:85-v:214.0)-(t:0.354-step:86-v:213.0)-(t:0.370-step:87-v:212.0)-(t:0.377-step:88-v:211.0)-(t:0.378-step:89-v:208.0)-(t:0.385-step:90-v:207.0)-(t:0.386-step:91-v:206.0)-(t:0.386-step:92-v:204.0)-(t:0.393-step:93-v:203.0)-(t:0.393-step:94-v:201.0)-(t:0.428-step:95-v:199.0)-(t:0.433-step:96-v:197.0)-(t:0.434-step:97-v:196.0)-(t:0.441-step:98-v:194.0)-(t:0.443-step:99-v:193.0)-(t:0.443-step:100-v:192.0)-(t:0.447-step:101-v:191.0)-(t:0.448-step:102-v:190.0)-(t:0.450-step:103-v:189.0)-(t:0.454-step:104-v:188.0)-(t:0.455-step:105-v:186.0)-(t:0.456-step:106-v:184.0)-(t:0.457-step:107-v:183.0)-(t:0.457-step:108-v:182.0)-(t:0.458-step:109-v:181.0)-(t:0.459-step:110-v:180.0)-(t:0.465-step:111-v:179.0)-(t:0.469-step:112-v:178.0)-(t:0.472-step:113-v:177.0)-(t:0.473-step:114-v:176.0)-(t:0.474-step:115-v:175.0)-(t:0.484-step:116-v:174.0)-(t:0.486-step:117-v:173.0)-(t:0.488-step:118-v:172.0)-(t:0.508-step:119-v:171.0)-(t:0.512-step:120-v:170.0)-(t:0.519-step:121-v:169.0)-(t:0.522-step:122-v:168.0)-(t:0.527-step:123-v:167.0)-(t:0.530-step:124-v:166.0)-(t:0.535-step:125-v:165.0)-(t:0.537-step:126-v:164.0)-(t:0.552-step:127-v:163.0)-(t:0.564-step:128-v:162.0)-(t:0.568-step:129-v:159.0)-(t:0.572-step:130-v:157.0)-(t:0.573-step:131-v:156.0)-(t:0.573-step:132-v:155.0)-(t:0.574-step:133-v:154.0)-(t:0.574-step:134-v:153.0)-(t:0.575-step:135-v:152.0)-(t:0.578-step:136-v:151.0)-(t:0.581-step:137-v:150.0)-(t:0.581-step:138-v:149.0)-(t:0.584-step:139-v:147.0)-(t:0.585-step:140-v:146.0)-(t:0.586-step:141-v:145.0)-(t:0.586-step:142-v:144.0)-(t:0.587-step:143-v:143.0)-(t:0.588-step:144-v:142.0)-(t:0.589-step:145-v:141.0)-(t:0.590-step:146-v:139.0)-(t:0.591-step:147-v:138.0)-(t:0.591-step:148-v:137.0)-(t:0.593-step:149-v:136.0)-(t:0.595-step:150-v:135.0)-(t:0.598-step:151-v:134.0)-(t:0.605-step:152-v:133.0)-(t:0.609-step:153-v:132.0)-(t:0.610-step:154-v:130.0)-(t:0.617-step:155-v:129.0)-(t:0.617-step:156-v:127.0)-(t:0.618-step:157-v:125.0)-(t:0.623-step:158-v:124.0)-(t:0.641-step:159-v:123.0)-(t:0.643-step:160-v:120.0)-(t:0.644-step:161-v:119.0)-(t:0.644-step:162-v:118.0)-(t:0.645-step:163-v:117.0)-(t:0.647-step:164-v:115.0)-(t:0.647-step:165-v:114.0)-(t:0.648-step:166-v:113.0)-(t:0.660-step:167-v:112.0)-(t:0.663-step:168-v:111.0)-(t:0.664-step:169-v:110.0)-(t:0.665-step:170-v:109.0)-(t:0.665-step:171-v:108.0)-(t:0.665-step:172-v:107.0)-(t:0.666-step:173-v:106.0)-(t:0.668-step:174-v:105.0)-(t:0.668-step:175-v:104.0)-(t:0.669-step:176-v:103.0)-(t:0.670-step:177-v:101.0)-(t:0.673-step:178-v:100.0)-(t:0.673-step:179-v:99.0)-(t:0.674-step:180-v:98.0)-(t:0.675-step:181-v:97.0)-(t:0.675-step:182-v:96.0)-(t:0.679-step:183-v:95.0)-(t:0.682-step:184-v:94.0)-(t:0.684-step:185-v:93.0)-(t:0.685-step:186-v:92.0)-(t:0.685-step:187-v:91.0)-(t:0.685-step:188-v:90.0)-(t:0.686-step:189-v:88.0)-(t:0.691-step:190-v:87.0)-(t:0.714-step:191-v:86.0)-(t:0.722-step:192-v:85.0)-(t:0.728-step:193-v:84.0)-(t:0.733-step:194-v:82.0)-(t:0.735-step:195-v:81.0)-(t:0.736-step:196-v:80.0)-(t:0.739-step:197-v:79.0)-(t:0.744-step:198-v:78.0)-(t:0.745-step:199-v:77.0)-(t:0.747-step:200-v:76.0)-(t:0.747-step:201-v:75.0)-(t:0.750-step:202-v:73.0)-(t:0.751-step:203-v:72.0)-(t:0.751-step:204-v:71.0)-(t:0.755-step:205-v:70.0)-(t:0.777-step:206-v:69.0)-(t:0.778-step:207-v:68.0)-(t:0.778-step:208-v:67.0)-(t:0.779-step:209-v:66.0)-(t:0.779-step:210-v:65.0)-(t:0.780-step:211-v:64.0)-(t:0.784-step:212-v:63.0)-(t:0.795-step:213-v:62.0)-(t:0.804-step:214-v:61.0)-(t:0.806-step:215-v:59.0)-(t:0.806-step:216-v:58.0)-(t:0.806-step:217-v:57.0)-(t:0.810-step:218-v:56.0)-(t:0.811-step:219-v:55.0)-(t:0.813-step:220-v:54.0)-(t:0.824-step:221-v:53.0)-(t:0.832-step:222-v:52.0)-(t:0.838-step:223-v:51.0)-(t:0.840-step:224-v:50.0)-(t:0.847-step:225-v:49.0)-(t:0.903-step:226-v:48.0)-(t:1.028-step:227-v:47.0)-(t:1.030-step:228-v:46.0)-(t:1.139-step:229-v:45.0)-(t:1.147-step:230-v:44.0)-(t:1.149-step:231-v:43.0)-(t:1.270-step:232-v:42.0)-(t:1.272-step:233-v:41.0)-(t:1.275-step:234-v:40.0)-(t:1.284-step:235-v:39.0)-(t:1.457-step:236-v:38.0)-(t:1.470-step:237-v:37.0)-(t:1.472-step:238-v:36.0)-(t:1.474-step:239-v:35.0)-(t:1.621-step:240-v:34.0)-(t:1.636-step:241-v:33.0)-(t:1.638-step:242-v:32.0)-(t:1.645-step:243-v:31.0)-(t:1.705-step:244-v:30.0)-(t:1.736-step:245-v:28.0)-(t:1.743-step:246-v:27.0)-(t:1.768-step:247-v:26.0)-(t:1.922-step:248-v:25.0)-(t:1.972-step:249-v:24.0)-(t:2.017-step:250-v:23.0)-(t:2.215-step:251-v:22.0)-(t:2.333-step:252-v:21.0)-(t:2.470-step:253-v:20.0)-(t:2.569-step:254-v:19.0)-(t:2.570-step:255-v:18.0)-(t:2.597-step:256-v:17.0)-(t:2.843-step:257-v:16.0)-(t:2.860-step:258-v:15.0)-(t:3.070-step:259-v:14.0)-(t:3.077-step:260-v:13.0)-(t:3.274-step:261-v:12.0)-(t:3.283-step:262-v:11.0)-(t:3.467-step:263-v:10.0)-(t:3.482-step:264-v:9.0)-(t:3.671-step:265-v:8.0)-(t:3.763-step:266-v:7.0)-(t:3.898-step:267-v:6.0)-(t:4.001-step:268-v:5.0)-(t:4.193-step:269-v:4.0)-(t:4.752-step:287-v:3.0)-(t:4.904-step:288-v:2.0)-(t:5.170-step:293-v:1.0)-(t:7.139-step:320-v:0.0)],7.139
roundrobin,examples/csp/csp_300/carseq_300_8_20_76.txt,r1,5400,0,0.0,[(t:0.000-step:1-v:356.0)-(t:0.008-step:2-v:354.0)-(t:0.035-step:3-v:353.0)-(t:0.037-step:4-v:351.0)-(t:0.039-step:5-v:350.0)-(t:0.046-step:6-v:349.0)-(t:0.067-step:7-v:348.0)-(t:0.080-step:8-v:344.0)-(t:0.085-step:9-v:342.0)-(t:0.085-step:10-v:337.0)-(t:0.087-step:11-v:336.0)-(t:0.087-step:12-v:330.0)-(t:0.103-step:13-v:328.0)-(t:0.103-step:14-v:327.0)-(t:0.111-step:15-v:326.0)-(t:0.113-step:16-v:324.0)-(t:0.115-step:17-v:318.0)-(t:0.116-step:18-v:316.0)-(t:0.116-step:19-v:315.0)-(t:0.117-step:20-v:313.0)-(t:0.118-step:21-v:312.0)-(t:0.119-step:22-v:311.0)-(t:0.123-step:23-v:310.0)-(t:0.125-step:24-v:308.0)-(t:0.126-step:25-v:307.0)-(t:0.127-step:26-v:306.0)-(t:0.128-step:27-v:305.0)-(t:0.128-step:28-v:304.0)-(t:0.129-step:29-v:303.0)-(t:0.130-step:30-v:302.0)-(t:0.132-step:31-v:301.0)-(t:0.133-step:32-v:300.0)-(t:0.134-step:33-v:299.0)-(t:0.134-step:34-v:298.0)-(t:0.136-step:35-v:297.0)-(t:0.137-step:36-v:293.0)-(t:0.138-step:37-v:292.0)-(t:0.139-step:38-v:291.0)-(t:0.162-step:39-v:290.0)-(t:0.163-step:40-v:289.0)-(t:0.169-step:41-v:285.0)-(t:0.169-step:42-v:284.0)-(t:0.170-step:43-v:282.0)-(t:0.170-step:44-v:281.0)-(t:0.175-step:45-v:280.0)-(t:0.179-step:46-v:279.0)-(t:0.201-step:47-v:278.0)-(t:0.206-step:48-v:276.0)-(t:0.207-step:49-v:273.0)-(t:0.207-step:50-v:272.0)-(t:0.208-step:51-v:271.0)-(t:0.209-step:52-v:270.0)-(t:0.214-step:53-v:269.0)-(t:0.214-step:54-v:268.0)-(t:0.215-step:55-v:267.0)-(t:0.217-step:56-v:266.0)-(t:0.221-step:57-v:265.0)-(t:0.223-step:58-v:264.0)-(t:0.224-step:59-v:263.0)-(t:0.224-step:60-v:262.0)-(t:0.225-step:61-v:261.0)-(t:0.229-step:62-v:260.0)-(t:0.238-step:63-v:258.0)-(t:0.250-step:64-v:254.0)-(t:0.250-step:65-v:252.0)-(t:0.252-step:66-v:251.0)-(t:0.253-step:67-v:250.0)-(t:0.253-step:68-v:249.0)-(t:0.254-step:69-v:248.0)-(t:0.259-step:70-v:247.0)-(t:0.260-step:71-v:245.0)-(t:0.262-step:72-v:243.0)-(t:0.264-step:73-v:242.0)-(t:0.265-step:74-v:241.0)-(t:0.267-step:75-v:240.0)-(t:0.281-step:76-v:239.0)-(t:0.282-step:77-v:237.0)-(t:0.282-step:78-v:236.0)-(t:0.285-step:79-v:235.0)-(t:0.286-step:80-v:234.0)-(t:0.287-step:81-v:232.0)-(t:0.288-step:82-v:230.0)-(t:0.289-step:83-v:229.0)-(t:0.290-step:84-v:228.0)-(t:0.291-step:85-v:226.0)-(t:0.294-step:86-v:225.0)-(t:0.337-step:87-v:224.0)-(t:0.341-step:88-v:223.0)-(t:0.343-step:89-v:222.0)-(t:0.344-step:90-v:221.0)-(t:0.345-step:91-v:220.0)-(t:0.348-step:92-v:218.0)-(t:0.350-step:93-v:216.0)-(t:0.350-step:94-v:215.0)-(t:0.366-step:95-v:214.0)-(t:0.367-step:96-v:212.0)-(t:0.371-step:97-v:210.0)-(t:0.374-step:98-v:208.0)-(t:0.375-step:99-v:206.0)-(t:0.381-step:100-v:205.0)-(t:0.383-step:101-v:204.0)-(t:0.387-step:102-v:203.0)-(t:0.388-step:103-v:202.0)-(t:0.393-step:104-v:201.0)-(t:0.397-step:105-v:200.0)-(t:0.399-step:106-v:199.0)-(t:0.400-step:107-v:197.0)-(t:0.431-step:108-v:196.0)-(t:0.441-step:109-v:195.0)-(t:0.448-step:110-v:194.0)-(t:0.461-step:111-v:193.0)-(t:0.465-step:112-v:192.0)-(t:0.467-step:113-v:189.0)-(t:0.468-step:114-v:188.0)-(t:0.472-step:115-v:187.0)-(t:0.485-step:116-v:186.0)-(t:0.487-step:117-v:185.0)-(t:0.488-step:118-v:184.0)-(t:0.494-step:119-v:183.0)-(t:0.495-step:120-v:182.0)-(t:0.495-step:121-v:181.0)-(t:0.500-step:122-v:180.0)-(t:0.501-step:123-v:178.0)-(t:0.502-step:124-v:176.0)-(t:0.503-step:125-v:175.0)-(t:0.503-step:126-v:174.0)-(t:0.513-step:127-v:173.0)-(t:0.516-step:128-v:171.0)-(t:0.517-step:129-v:170.0)-(t:0.517-step:130-v:169.0)-(t:0.518-step:131-v:168.0)-(t:0.519-step:132-v:167.0)-(t:0.520-step:133-v:166.0)-(t:0.520-step:134-v:165.0)-(t:0.528-step:135-v:163.0)-(t:0.529-step:136-v:162.0)-(t:0.529-step:137-v:160.0)-(t:0.530-step:138-v:159.0)-(t:0.530-step:139-v:158.0)-(t:0.531-step:140-v:155.0)-(t:0.534-step:141-v:154.0)-(t:0.535-step:142-v:153.0)-(t:0.540-step:143-v:152.0)-(t:0.541-step:144-v:151.0)-(t:0.542-step:145-v:150.0)-(t:0.543-step:146-v:149.0)-(t:0.544-step:147-v:148.0)-(t:0.545-step:148-v:146.0)-(t:0.545-step:149-v:145.0)-(t:0.546-step:150-v:144.0)-(t:0.557-step:151-v:143.0)-(t:0.561-step:152-v:142.0)-(t:0.561-step:153-v:141.0)-(t:0.562-step:154-v:140.0)-(t:0.562-step:155-v:139.0)-(t:0.564-step:156-v:138.0)-(t:0.565-step:157-v:136.0)-(t:0.565-step:158-v:135.0)-(t:0.568-step:159-v:134.0)-(t:0.574-step:160-v:133.0)-(t:0.574-step:161-v:132.0)-(t:0.574-step:162-v:131.0)-(t:0.575-step:163-v:130.0)-(t:0.576-step:164-v:129.0)-(t:0.579-step:165-v:128.0)-(t:0.584-step:166-v:127.0)-(t:0.595-step:167-v:126.0)-(t:0.599-step:168-v:125.0)-(t:0.600-step:169-v:124.0)-(t:0.600-step:170-v:123.0)-(t:0.600-step:171-v:122.0)-(t:0.601-step:172-v:120.0)-(t:0.603-step:173-v:119.0)-(t:0.604-step:174-v:118.0)-(t:0.604-step:175-v:117.0)-(t:0.606-step:176-v:116.0)-(t:0.607-step:177-v:115.0)-(t:0.610-step:178-v:114.0)-(t:0.616-step:179-v:112.0)-(t:0.616-step:180-v:111.0)-(t:0.620-step:181-v:110.0)-(t:0.625-step:182-v:109.0)-(t:0.627-step:183-v:108.0)-(t:0.638-step:184-v:107.0)-(t:0.644-step:185-v:106.0)-(t:0.644-step:186-v:104.0)-(t:0.646-step:187-v:103.0)-(t:0.649-step:188-v:101.0)-(t:0.650-step:189-v:100.0)-(t:0.655-step:190-v:99.0)-(t:0.663-step:191-v:98.0)-(t:0.669-step:192-v:97.0)-(t:0.670-step:193-v:96.0)-(t:0.670-step:194-v:95.0)-(t:0.671-step:195-v:94.0)-(t:0.671-step:196-v:93.0)-(t:0.673-step:197-v:92.0)-(t:0.708-step:198-v:91.0)-(t:0.709-step:199-v:90.0)-(t:0.709-step:200-v:89.0)-(t:0.710-step:201-v:88.0)-(t:0.723-step:202-v:87.0)-(t:0.724-step:203-v:86.0)-(t:0.724-step:204-v:85.0)-(t:0.773-step:205-v:84.0)-(t:0.785-step:206-v:83.0)-(t:0.786-step:207-v:81.0)-(t:0.787-step:208-v:80.0)-(t:0.793-step:209-v:79.0)-(t:0.794-step:210-v:78.0)-(t:0.798-step:211-v:77.0)-(t:0.836-step:212-v:76.0)-(t:0.852-step:213-v:74.0)-(t:0.853-step:214-v:73.0)-(t:0.855-step:215-v:72.0)-(t:0.858-step:216-v:71.0)-(t:0.859-step:217-v:70.0)-(t:0.862-step:218-v:69.0)-(t:0.900-step:219-v:68.0)-(t:0.903-step:220-v:67.0)-(t:0.906-step:221-v:66.0)-(t:0.908-step:222-v:65.0)-(t:0.909-step:223-v:64.0)-(t:0.918-step:224-v:63.0)-(t:0.937-step:225-v:62.0)-(t:0.944-step:226-v:61.0)-(t:0.945-step:227-v:60.0)-(t:0.947-step:228-v:59.0)-(t:1.027-step:229-v:58.0)-(t:1.034-step:230-v:57.0)-(t:1.034-step:231-v:56.0)-(t:1.035-step:232-v:55.0)-(t:1.133-step:233-v:54.0)-(t:1.147-step:234-v:53.0)-(t:1.148-step:235-v:52.0)-(t:1.150-step:236-v:51.0)-(t:1.241-step:237-v:50.0)-(t:1.253-step:238-v:49.0)-(t:1.254-step:239-v:48.0)-(t:1.261-step:240-v:47.0)-(t:1.394-step:241-v:46.0)-(t:1.408-step:242-v:45.0)-(t:1.409-step:243-v:44.0)-(t:1.417-step:244-v:43.0)-(t:1.693-step:245-v:42.0)-(t:1.694-step:246-v:41.0)-(t:1.733-step:247-v:40.0)-(t:1.756-step:248-v:39.0)-(t:1.766-step:249-v:38.0)-(t:1.831-step:250-v:37.0)-(t:2.068-step:251-v:35.0)-(t:2.068-step:252-v:34.0)-(t:2.076-step:253-v:33.0)-(t:2.080-step:254-v:32.0)-(t:2.238-step:255-v:31.0)-(t:2.248-step:256-v:30.0)-(t:2.272-step:257-v:29.0)-(t:2.279-step:258-v:28.0)-(t:2.281-step:259-v:27.0)-(t:2.327-step:260-v:26.0)-(t:2.353-step:261-v:25.0)-(t:2.519-step:262-v:24.0)-(t:2.540-step:263-v:23.0)-(t:2.605-step:264-v:22.0)-(t:2.606-step:265-v:21.0)-(t:2.720-step:266-v:20.0)-(t:2.833-step:267-v:19.0)-(t:2.975-step:268-v:18.0)-(t:3.085-step:269-v:17.0)-(t:3.188-step:270-v:16.0)-(t:3.293-step:271-v:15.0)-(t:3.399-step:272-v:14.0)-(t:3.499-step:273-v:13.0)-(t:3.600-step:274-v:12.0)-(t:3.712-step:275-v:11.0)-(t:3.788-step:276-v:10.0)-(t:3.870-step:277-v:9.0)-(t:3.972-step:278-v:8.0)-(t:4.078-step:279-v:7.0)-(t:4.180-step:280-v:6.0)-(t:4.302-step:281-v:5.0)-(t:4.785-step:303-v:4.0)-(t:4.799-step:304-v:3.0)-(t:4.939-step:305-v:2.0)-(t:5.285-step:312-v:1.0)-(t:5.982-step:323-v:0.0)],5.982
roundrobin,examples/csp/csp_300/carseq_300_8_20_80.txt,r1,5400,0,0.0,[(t:0.000-step:1-v:381.0)-(t:0.016-step:2-v:376.0)-(t:0.077-step:3-v:374.0)-(t:0.082-step:4-v:373.0)-(t:0.083-step:5-v:372.0)-(t:0.087-step:6-v:369.0)-(t:0.110-step:7-v:368.0)-(t:0.123-step:8-v:366.0)-(t:0.127-step:9-v:362.0)-(t:0.128-step:10-v:359.0)-(t:0.129-step:11-v:356.0)-(t:0.129-step:12-v:354.0)-(t:0.131-step:13-v:352.0)-(t:0.131-step:14-v:351.0)-(t:0.136-step:15-v:350.0)-(t:0.137-step:16-v:349.0)-(t:0.137-step:17-v:347.0)-(t:0.138-step:18-v:346.0)-(t:0.145-step:19-v:344.0)-(t:0.146-step:20-v:343.0)-(t:0.149-step:21-v:341.0)-(t:0.151-step:22-v:340.0)-(t:0.156-step:23-v:339.0)-(t:0.158-step:24-v:336.0)-(t:0.159-step:25-v:332.0)-(t:0.159-step:26-v:331.0)-(t:0.161-step:27-v:327.0)-(t:0.161-step:28-v:326.0)-(t:0.162-step:29-v:322.0)-(t:0.163-step:30-v:321.0)-(t:0.164-step:31-v:320.0)-(t:0.170-step:32-v:319.0)-(t:0.173-step:33-v:314.0)-(t:0.173-step:34-v:312.0)-(t:0.181-step:35-v:311.0)-(t:0.185-step:36-v:308.0)-(t:0.186-step:37-v:307.0)-(t:0.187-step:38-v:306.0)-(t:0.220-step:39-v:305.0)-(t:0.224-step:40-v:304.0)-(t:0.225-step:41-v:301.0)-(t:0.226-step:42-v:300.0)-(t:0.227-step:43-v:297.0)-(t:0.227-step:44-v:296.0)-(t:0.228-step:45-v:295.0)-(t:0.230-step:46-v:294.0)-(t:0.232-step:47-v:293.0)-(t:0.238-step:48-v:292.0)-(t:0.238-step:49-v:291.0)-(t:0.239-step:50-v:290.0)-(t:0.240-step:51-v:288.0)-(t:0.246-step:52-v:287.0)-(t:0.248-step:53-v:285.0)-(t:0.248-step:54-v:284.0)-(t:0.254-step:55-v:283.0)-(t:0.255-step:56-v:282.0)-(t:0.255-step:57-v:281.0)-(t:0.256-step:58-v:280.0)-(t:0.260-step:59-v:278.0)-(t:0.261-step:60-v:277.0)-(t:0.263-step:61-v:275.0)-(t:0.264-step:62-v:274.0)-(t:0.265-step:63-v:273.0)-(t:0.276-step:64-v:269.0)-(t:0.277-step:65-v:268.0)-(t:0.278-step:66-v:267.0)-(t:0.279-step:67-v:266.0)-(t:0.283-step:68-v:264.0)-(t:0.284-step:69-v:261.0)-(t:0.290-step:70-v:260.0)-(t:0.292-step:71-v:259.0)-(t:0.298-step:72-v:258.0)-(t:0.298-step:73-v:256.0)-(t:0.299-step:74-v:253.0)-(t:0.302-step:75-v:251.0)-(t:0.303-step:76-v:249.0)-(t:0.304-step:77-v:248.0)-(t:0.310-step:78-v:247.0)-(t:0.311-step:79-v:246.0)-(t:0.312-step:80-v:245.0)-(t:0.312-step:81-v:244.0)-(t:0.318-step:82-v:243.0)-(t:0.319-step:83-v:241.0)-(t:0.319-step:84-v:240.0)-(t:0.327-step:85-v:238.0)-(t:0.335-step:86-v:237.0)-(t:0.337-step:87-v:236.0)-(t:0.350-step:88-v:235.0)-(t:0.353-step:89-v:232.0)-(t:0.353-step:90-v:231.0)-(t:0.357-step:91-v:229.0)-(t:0.362-step:92-v:228.0)-(t:0.366-step:93-v:226.0)-(t:0.367-step:94-v:225.0)-(t:0.392-step:95-v:224.0)-(t:0.400-step:96-v:223.0)-(t:0.400-step:97-v:222.0)-(t:0.401-step:98-v:221.0)-(t:0.401-step:99-v:220.0)-(t:0.402-step:100-v:219.0)-(t:0.402-step:101-v:218.0)-(t:0.403-step:102-v:215.0)-(t:0.404-step:103-v:214.0)-(t:0.406-step:104-v:213.0)-(t:0.407-step:105-v:211.0)-(t:0.409-step:106-v:210.0)-(t:0.410-step:107-v:209.0)-(t:0.410-step:108-v:206.0)-(t:0.411-step:109-v:204.0)-(t:0.412-step:110-v:203.0)-(t:0.413-step:111-v:202.0)-(t:0.414-step:112-v:201.0)-(t:0.414-step:113-v:200.0)-(t:0.416-step:114-v:199.0)-(t:0.417-step:115-v:197.0)-(t:0.420-step:116-v:196.0)-(t:0.420-step:117-v:195.0)-(t:0.422-step:118-v:193.0)-(t:0.423-step:119-v:192.0)-(t:0.426-step:120-v:191.0)-(t:0.426-step:121-v:190.0)-(t:0.427-step:122-v:189.0)-(t:0.428-step:123-v:188.0)-(t:0.431-step:124-v:186.0)-(t:0.432-step:125-v:185.0)-(t:0.436-step:126-v:184.0)-(t:0.442-step:127-v:183.0)-(t:0.448-step:128-v:181.0)-(t:0.450-step:129-v:179.0)-(t:0.451-step:130-v:178.0)-(t:0.452-step:131-v:177.0)-(t:0.453-step:132-v:175.0)-(t:0.453-step:133-v:174.0)-(t:0.455-step:134-v:173.0)-(t:0.468-step:135-v:172.0)-(t:0.469-step:136-v:171.0)-(t:0.470-step:137-v:170.0)-(t:0.471-step:138-v:168.0)-(t:0.473-step:139-v:167.0)-(t:0.475-step:140-v:166.0)-(t:0.476-step:141-v:165.0)-(t:0.476-step:142-v:164.0)-(t:0.481-step:143-v:163.0)-(t:0.482-step:144-v:162.0)-(t:0.483-step:145-v:160.0)-(t:0.483-step:146-v:159.0)-(t:0.485-step:147-v:157.0)-(t:0.489-step:148-v:155.0)-(t:0.489-step:149-v:154.0)-(t:0.490-step:150-v:153.0)-(t:0.491-step:151-v:152.0)-(t:0.492-step:152-v:151.0)-(t:0.492-step:153-v:150.0)-(t:0.492-step:154-v:149.0)-(t:0.493-step:155-v:148.0)-(t:0.493-step:156-v:147.0)-(t:0.494-step:157-v:146.0)-(t:0.496-step:158-v:145.0)-(t:0.515-step:159-v:144.0)-(t:0.517-step:160-v:143.0)-(t:0.518-step:161-v:142.0)-(t:0.518-step:162-v:141.0)-(t:0.519-step:163-v:140.0)-(t:0.520-step:164-v:139.0)-(t:0.521-step:165-v:138.0)-(t:0.524-step:166-v:137.0)-(t:0.552-step:167-v:136.0)-(t:0.553-step:168-v:134.0)-(t:0.555-step:169-v:131.0)-(t:0.555-step:170-v:129.0)-(t:0.559-step:171-v:128.0)-(t:0.560-step:172-v:127.0)-(t:0.560-step:173-v:126.0)-(t:0.561-step:174-v:125.0)-(t:0.562-step:175-v:124.0)-(t:0.568-step:176-v:123.0)-(t:0.569-step:177-v:122.0)-(t:0.573-step:178-v:121.0)-(t:0.574-step:179-v:120.0)-(t:0.579-step:180-v:119.0)-(t:0.583-step:181-v:118.0)-(t:0.583-step:182-v:117.0)-(t:0.612-step:183-v:116.0)-(t:0.625-step:184-v:115.0)-(t:0.627-step:185-v:114.0)-(t:0.627-step:186-v:113.0)-(t:0.637-step:187-v:112.0)-(t:0.638-step:188-v:111.0)-(t:0.638-step:189-v:110.0)-(t:0.639-step:190-v:109.0)-(t:0.643-step:191-v:108.0)-(t:0.672-step:192-v:106.0)-(t:0.673-step:193-v:105.0)-(t:0.675-step:194-v:104.0)-(t:0.679-step:195-v:103.0)-(t:0.680-step:196-v:102.0)-(t:0.681-step:197-v:101.0)-(t:0.685-step:198-v:100.0)-(t:0.687-step:199-v:99.0)-(t:0.687-step:200-v:97.0)-(t:0.688-step:201-v:95.0)-(t:0.705-step:202-v:94.0)-(t:0.708-step:203-v:93.0)-(t:0.709-step:204-v:92.0)-(t:0.718-step:205-v:91.0)-(t:0.723-step:206-v:90.0)-(t:0.725-step:207-v:89.0)-(t:0.726-step:208-v:88.0)-(t:0.727-step:209-v:87.0)-(t:0.744-step:210-v:86.0)-(t:0.745-step:211-v:85.0)-(t:0.760-step:212-v:84.0)-(t:0.847-step:213-v:83.0)-(t:0.866-step:214-v:82.0)-(t:0.868-step:215-v:80.0)-(t:0.870-step:216-v:79.0)-(t:0.871-step:217-v:78.0)-(t:0.872-step:218-v:77.0)-(t:0.876-step:219-v:76.0)-(t:1.039-step:220-v:75.0)-(t:1.059-step:221-v:74.0)-(t:1.059-step:222-v:73.0)-(t:1.066-step:223-v:72.0)-(t:1.067-step:224-v:70.0)-(t:1.071-step:225-v:69.0)-(t:1.154-step:226-v:68.0)-(t:1.163-step:227-v:67.0)-(t:1.166-step:228-v:65.0)-(t:1.166-step:229-v:64.0)-(t:1.176-step:230-v:63.0)-(t:1.178-step:231-v:62.0)-(t:1.178-step:232-v:61.0)-(t:1.204-step:233-v:60.0)-(t:1.210-step:234-v:59.0)-(t:1.214-step:235-v:58.0)-(t:1.223-step:236-v:57.0)-(t:1.224-step:237-v:56.0)-(t:1.234-step:238-v:55.0)-(t:1.235-step:239-v:54.0)-(t:1.242-step:240-v:53.0)-(t:1.243-step:241-v:52.0)-(t:1.249-step:242-v:51.0)-(t:1.250-step:243-v:50.0)-(t:1.251-step:244-v:49.0)-(t:1.320-step:245-v:48.0)-(t:1.324-step:246-v:47.0)-(t:1.349-step:247-v:45.0)-(t:1.352-step:248-v:44.0)-(t:1.361-step:249-v:43.0)-(t:1.476-step:250-v:42.0)-(t:1.545-step:251-v:40.0)-(t:1.546-step:252-v:39.0)-(t:1.769-step:253-v:38.0)-(t:1.776-step:254-v:37.0)-(t:1.786-step:255-v:36.0)-(t:2.006-step:256-v:35.0)-(t:2.045-step:257-v:34.0)-(t:2.047-step:258-v:33.0)-(t:2.057-step:259-v:32.0)-(t:2.070-step:260-v:31.0)-(t:2.275-step:261-v:30.0)-(t:2.306-step:262-v:29.0)-(t:2.337-step:263-v:28.0)-(t:2.494-step:264-v:27.0)-(t:2.589-step:265-v:26.0)-(t:2.754-step:266-v:25.0)-(t:2.847-step:267-v:24.0)-(t:2.971-step:268-v:23.0)-(t:3.062-step:269-v:22.0)-(t:3.234-step:270-v:21.0)-(t:3.326-step:271-v:20.0)-(t:3.543-step:272-v:19.0)-(t:3.687-step:273-v:18.0)-(t:3.883-step:274-v:17.0)-(t:4.044-step:275-v:16.0)-(t:4.493-step:285-v:15.0)-(t:4.588-step:286-v:14.0)-(t:4.699-step:287-v:13.0)-(t:4.845-step:288-v:12.0)-(t:5.087-step:289-v:11.0)-(t:6.505-step:342-v:10.0)-(t:6.633-step:343-v:9.0)-(t:6.822-step:344-v:8.0)-(t:8.834-step:431-v:7.0)-(t:8.985-step:432-v:6.0)-(t:8.998-step:433-v:5.0)-(t:9.364-step:450-v:4.0)-(t:9.367-step:451-v:3.0)-(t:12.559-step:551-v:2.0)-(t:13.037-step:566-v:1.0)-(t:17.570-step:644-v:0.0)],17.57
roundrobin,examples/csp/csp_200/pb_200_06.txt,r1,5400,0,6.0,[(t:0.000-step:1-v:241.0)-(t:0.010-step:2-v:240.0)-(t:0.061-step:3-v:236.0)-(t:0.062-step:4-v:233.0)-(t:0.072-step:5-v:232.0)-(t:0.074-step:6-v:231.0)-(t:0.101-step:7-v:230.0)-(t:0.117-step:8-v:227.0)-(t:0.124-step:9-v:226.0)-(t:0.126-step:10-v:222.0)-(t:0.128-step:11-v:217.0)-(t:0.128-step:12-v:216.0)-(t:0.133-step:13-v:215.0)-(t:0.137-step:14-v:214.0)-(t:0.142-step:15-v:211.0)-(t:0.143-step:16-v:203.0)-(t:0.144-step:17-v:200.0)-(t:0.145-step:18-v:199.0)-(t:0.145-step:19-v:197.0)-(t:0.163-step:20-v:195.0)-(t:0.171-step:21-v:190.0)-(t:0.172-step:22-v:189.0)-(t:0.173-step:23-v:188.0)-(t:0.181-step:24-v:186.0)-(t:0.181-step:25-v:183.0)-(t:0.182-step:26-v:182.0)-(t:0.183-step:27-v:181.0)-(t:0.183-step:28-v:179.0)-(t:0.193-step:29-v:175.0)-(t:0.193-step:30-v:174.0)-(t:0.194-step:31-v:173.0)-(t:0.203-step:32-v:171.0)-(t:0.204-step:33-v:170.0)-(t:0.205-step:34-v:169.0)-(t:0.213-step:35-v:165.0)-(t:0.215-step:36-v:162.0)-(t:0.216-step:37-v:161.0)-(t:0.227-step:38-v:159.0)-(t:0.233-step:39-v:158.0)-(t:0.238-step:40-v:156.0)-(t:0.240-step:41-v:151.0)-(t:0.240-step:42-v:149.0)-(t:0.253-step:43-v:148.0)-(t:0.254-step:44-v:147.0)-(t:0.255-step:45-v:146.0)-(t:0.256-step:46-v:145.0)-(t:0.272-step:47-v:144.0)-(t:0.277-step:48-v:143.0)-(t:0.278-step:49-v:141.0)-(t:0.279-step:50-v:140.0)-(t:0.285-step:51-v:139.0)-(t:0.285-step:52-v:136.0)-(t:0.286-step:53-v:135.0)-(t:0.291-step:54-v:133.0)-(t:0.301-step:55-v:132.0)-(t:0.307-step:56-v:131.0)-(t:0.308-step:57-v:130.0)-(t:0.314-step:58-v:129.0)-(t:0.315-step:59-v:128.0)-(t:0.315-step:60-v:126.0)-(t:0.317-step:61-v:125.0)-(t:0.317-step:62-v:124.0)-(t:0.318-step:63-v:123.0)-(t:0.329-step:64-v:122.0)-(t:0.330-step:65-v:118.0)-(t:0.331-step:66-v:117.0)-(t:0.341-step:67-v:115.0)-(t:0.350-step:68-v:114.0)-(t:0.353-step:69-v:111.0)-(t:0.358-step:70-v:110.0)-(t:0.362-step:71-v:109.0)-(t:0.371-step:72-v:107.0)-(t:0.378-step:73-v:103.0)-(t:0.383-step:74-v:102.0)-(t:0.383-step:75-v:101.0)-(t:0.390-step:76-v:100.0)-(t:0.391-step:77-v:99.0)-(t:0.397-step:78-v:98.0)-(t:0.418-step:79-v:97.0)-(t:0.423-step:80-v:96.0)-(t:0.423-step:81-v:95.0)-(t:0.424-step:82-v:93.0)-(t:0.426-step:83-v:92.0)-(t:0.432-step:84-v:91.0)-(t:0.434-step:85-v:90.0)-(t:0.440-step:86-v:89.0)-(t:0.477-step:87-v:88.0)-(t:0.487-step:88-v:87.0)-(t:0.488-step:89-v:84.0)-(t:0.488-step:90-v:81.0)-(t:0.489-step:91-v:80.0)-(t:0.506-step:92-v:79.0)-(t:0.507-step:93-v:77.0)-(t:0.511-step:94-v:75.0)-(t:0.524-step:95-v:74.0)-(t:0.527-step:96-v:73.0)-(t:0.528-step:97-v:72.0)-(t:0.529-step:98-v:71.0)-(t:0.530-step:99-v:69.0)-(t:0.538-step:100-v:68.0)-(t:0.542-step:101-v:67.0)-(t:0.550-step:102-v:66.0)-(t:0.557-step:103-v:65.0)-(t:0.561-step:104-v:64.0)-(t:0.564-step:105-v:63.0)-(t:0.566-step:106-v:61.0)-(t:0.575-step:107-v:60.0)-(t:0.580-step:108-v:59.0)-(t:0.581-step:109-v:58.0)-(t:0.581-step:110-v:57.0)-(t:0.585-step:111-v:56.0)-(t:0.610-step:112-v:55.0)-(t:0.612-step:113-v:53.0)-(t:0.613-step:114-v:52.0)-(t:0.613-step:115-v:51.0)-(t:0.616-step:116-v:49.0)-(t:0.618-step:117-v:48.0)-(t:0.622-step:118-v:47.0)-(t:0.624-step:119-v:46.0)-(t:0.630-step:120-v:45.0)-(t:0.631-step:121-v:44.0)-(t:0.632-step:122-v:43.0)-(t:0.634-step:123-v:42.0)-(t:0.635-step:124-v:41.0)-(t:0.635-step:125-v:40.0)-(t:0.696-step:126-v:39.0)-(t:0.703-step:127-v:38.0)-(t:0.708-step:128-v:37.0)-(t:0.710-step:129-v:36.0)-(t:0.724-step:130-v:35.0)-(t:0.740-step:131-v:34.0)-(t:0.741-step:132-v:33.0)-(t:0.741-step:133-v:32.0)-(t:0.756-step:134-v:31.0)-(t:0.773-step:135-v:30.0)-(t:0.777-step:136-v:29.0)-(t:0.782-step:137-v:28.0)-(t:0.784-step:138-v:27.0)-(t:0.818-step:139-v:26.0)-(t:0.833-step:140-v:25.0)-(t:0.843-step:141-v:24.0)-(t:0.845-step:142-v:23.0)-(t:0.915-step:143-v:22.0)-(t:0.926-step:144-v:21.0)-(t:1.223-step:145-v:20.0)-(t:1.295-step:146-v:19.0)-(t:1.330-step:147-v:18.0)-(t:2.019-step:148-v:17.0)-(t:2.072-step:149-v:16.0)-(t:2.446-step:150-v:15.0)-(t:2.492-step:151-v:14.0)-(t:2.496-step:152-v:13.0)-(t:2.654-step:153-v:12.0)-(t:2.704-step:154-v:11.0)-(t:3.049-step:188-v:10.0)-(t:3.072-step:189-v:9.0)-(t:3.197-step:190-v:8.0)-(t:4.418-step:308-v:7.0)-(t:4.815-step:330-v:6.0)],5400.0
roundrobin,examples/csp/csp_200/pb_200_07.txt,r1,5400,0,1.0,[(t:0.000-step:1-v:243.0)-(t:0.014-step:2-v:242.0)-(t:0.057-step:3-v:240.0)-(t:0.058-step:4-v:234.0)-(t:0.059-step:5-v:233.0)-(t:0.060-step:6-v:232.0)-(t:0.095-step:7-v:230.0)-(t:0.109-step:8-v:229.0)-(t:0.118-step:9-v:226.0)-(t:0.119-step:10-v:221.0)-(t:0.120-step:11-v:220.0)-(t:0.126-step:12-v:219.0)-(t:0.127-step:13-v:216.0)-(t:0.128-step:14-v:215.0)-(t:0.134-step:15-v:214.0)-(t:0.147-step:16-v:213.0)-(t:0.152-step:17-v:209.0)-(t:0.157-step:18-v:202.0)-(t:0.158-step:19-v:200.0)-(t:0.159-step:20-v:199.0)-(t:0.163-step:21-v:198.0)-(t:0.167-step:22-v:193.0)-(t:0.168-step:23-v:192.0)-(t:0.173-step:24-v:191.0)-(t:0.174-step:25-v:189.0)-(t:0.175-step:26-v:183.0)-(t:0.181-step:27-v:178.0)-(t:0.191-step:28-v:174.0)-(t:0.192-step:29-v:172.0)-(t:0.193-step:30-v:170.0)-(t:0.201-step:31-v:167.0)-(t:0.203-step:32-v:165.0)-(t:0.204-step:33-v:162.0)-(t:0.210-step:34-v:160.0)-(t:0.216-step:35-v:159.0)-(t:0.217-step:36-v:158.0)-(t:0.218-step:37-v:157.0)-(t:0.221-step:38-v:155.0)-(t:0.224-step:39-v:154.0)-(t:0.233-step:40-v:153.0)-(t:0.234-step:41-v:152.0)-(t:0.250-step:42-v:150.0)-(t:0.253-step:43-v:149.0)-(t:0.261-step:44-v:148.0)-(t:0.262-step:45-v:145.0)-(t:0.334-step:46-v:144.0)-(t:0.349-step:47-v:143.0)-(t:0.350-step:48-v:141.0)-(t:0.351-step:49-v:139.0)-(t:0.351-step:50-v:138.0)-(t:0.363-step:51-v:136.0)-(t:0.364-step:52-v:134.0)-(t:0.369-step:53-v:133.0)-(t:0.370-step:54-v:132.0)-(t:0.376-step:55-v:127.0)-(t:0.378-step:56-v:126.0)-(t:0.381-step:57-v:125.0)-(t:0.383-step:58-v:124.0)-(t:0.384-step:59-v:123.0)-(t:0.386-step:60-v:122.0)-(t:0.390-step:61-v:121.0)-(t:0.393-step:62-v:120.0)-(t:0.418-step:63-v:119.0)-(t:0.419-step:64-v:117.0)-(t:0.420-step:65-v:116.0)-(t:0.433-step:66-v:115.0)-(t:0.434-step:67-v:114.0)-(t:0.435-step:68-v:113.0)-(t:0.437-step:69-v:112.0)-(t:0.437-step:70-v:111.0)-(t:0.441-step:71-v:110.0)-(t:0.452-step:72-v:109.0)-(t:0.455-step:73-v:108.0)-(t:0.457-step:74-v:105.0)-(t:0.462-step:75-v:104.0)-(t:0.463-step:76-v:103.0)-(t:0.486-step:77-v:102.0)-(t:0.487-step:78-v:101.0)-(t:0.492-step:79-v:100.0)-(t:0.500-step:80-v:99.0)-(t:0.501-step:81-v:98.0)-(t:0.512-step:82-v:96.0)-(t:0.514-step:83-v:95.0)-(t:0.521-step:84-v:94.0)-(t:0.532-step:85-v:93.0)-(t:0.538-step:86-v:91.0)-(t:0.543-step:87-v:90.0)-(t:0.547-step:88-v:88.0)-(t:0.548-step:89-v:87.0)-(t:0.557-step:90-v:86.0)-(t:0.558-step:91-v:85.0)-(t:0.558-step:92-v:83.0)-(t:0.587-step:93-v:82.0)-(t:0.588-step:94-v:80.0)-(t:0.589-step:95-v:79.0)-(t:0.593-step:96-v:78.0)-(t:0.593-step:97-v:76.0)-(t:0.603-step:98-v:75.0)-(t:0.608-step:99-v:74.0)-(t:0.613-step:100-v:73.0)-(t:0.627-step:101-v:72.0)-(t:0.629-step:102-v:71.0)-(t:0.644-step:103-v:70.0)-(t:0.645-step:104-v:69.0)-(t:0.645-step:105-v:68.0)-(t:0.670-step:106-v:67.0)-(t:0.676-step:107-v:65.0)-(t:0.678-step:108-v:64.0)-(t:0.730-step:109-v:63.0)-(t:0.739-step:110-v:62.0)-(t:0.749-step:111-v:60.0)-(t:0.749-step:112-v:59.0)-(t:0.757-step:113-v:57.0)-(t:0.774-step:114-v:56.0)-(t:0.776-step:115-v:55.0)-(t:0.781-step:116-v:54.0)-(t:0.873-step:117-v:53.0)-(t:0.884-step:118-v:52.0)-(t:0.885-step:119-v:51.0)-(t:0.889-step:120-v:50.0)-(t:0.895-step:121-v:49.0)-(t:0.902-step:122-v:48.0)-(t:0.923-step:123-v:47.0)-(t:0.943-step:124-v:46.0)-(t:1.084-step:125-v:45.0)-(t:1.095-step:126-v:44.0)-(t:1.127-step:127-v:43.0)-(t:1.140-step:128-v:42.0)-(t:1.153-step:129-v:41.0)-(t:1.288-step:130-v:40.0)-(t:1.289-step:131-v:39.0)-(t:1.336-step:132-v:38.0)-(t:1.340-step:133-v:37.0)-(t:1.341-step:134-v:36.0)-(t:1.442-step:135-v:35.0)-(t:1.461-step:136-v:33.0)-(t:1.468-step:137-v:32.0)-(t:1.505-step:138-v:31.0)-(t:1.516-step:139-v:30.0)-(t:1.679-step:140-v:29.0)-(t:1.680-step:141-v:28.0)-(t:1.698-step:142-v:27.0)-(t:1.702-step:143-v:26.0)-(t:1.842-step:144-v:25.0)-(t:1.873-step:145-v:24.0)-(t:1.888-step:146-v:23.0)-(t:1.892-step:147-v:22.0)-(t:1.896-step:148-v:21.0)-(t:1.900-step:149-v:20.0)-(t:1.936-step:150-v:19.0)-(t:2.049-step:151-v:18.0)-(t:2.096-step:152-v:17.0)-(t:2.098-step:153-v:16.0)-(t:2.198-step:154-v:15.0)-(t:2.205-step:155-v:14.0)-(t:2.256-step:156-v:12.0)-(t:2.632-step:166-v:11.0)-(t:2.725-step:167-v:10.0)-(t:2.739-step:168-v:9.0)-(t:3.022-step:195-v:8.0)-(t:3.115-step:196-v:7.0)-(t:3.135-step:197-v:6.0)-(t:3.256-step:207-v:5.0)-(t:3.600-step:236-v:4.0)-(t:3.934-step:260-v:3.0)-(t:4.677-step:318-v:2.0)-(t:4.690-step:319-v:1.0)],5400.0
roundrobin,examples/csp/csp_200/pb_200_08.txt,r1,5400,0,8.0,[(t:0.000-step:1-v:224.0)-(t:0.016-step:2-v:219.0)-(t:0.068-step:3-v:218.0)-(t:0.069-step:4-v:215.0)-(t:0.078-step:5-v:211.0)-(t:0.083-step:6-v:206.0)-(t:0.203-step:7-v:205.0)-(t:0.212-step:8-v:203.0)-(t:0.213-step:9-v:202.0)-(t:0.214-step:10-v:200.0)-(t:0.233-step:11-v:199.0)-(t:0.233-step:12-v:197.0)-(t:0.234-step:13-v:196.0)-(t:0.235-step:14-v:195.0)-(t:0.243-step:15-v:193.0)-(t:0.244-step:16-v:192.0)-(t:0.254-step:17-v:191.0)-(t:0.254-step:18-v:188.0)-(t:0.255-step:19-v:187.0)-(t:0.256-step:20-v:185.0)-(t:0.263-step:21-v:184.0)-(t:0.264-step:22-v:182.0)-(t:0.266-step:23-v:180.0)-(t:0.283-step:24-v:176.0)-(t:0.285-step:25-v:171.0)-(t:0.295-step:26-v:169.0)-(t:0.296-step:27-v:167.0)-(t:0.315-step:28-v:166.0)-(t:0.316-step:29-v:164.0)-(t:0.317-step:30-v:163.0)-(t:0.320-step:31-v:161.0)-(t:0.324-step:32-v:160.0)-(t:0.325-step:33-v:157.0)-(t:0.326-step:34-v:154.0)-(t:0.332-step:35-v:153.0)-(t:0.333-step:36-v:151.0)-(t:0.340-step:37-v:150.0)-(t:0.341-step:38-v:148.0)-(t:0.343-step:39-v:147.0)-(t:0.347-step:40-v:143.0)-(t:0.348-step:41-v:137.0)-(t:0.349-step:42-v:136.0)-(t:0.351-step:43-v:135.0)-(t:0.352-step:44-v:134.0)-(t:0.353-step:45-v:132.0)-(t:0.354-step:46-v:130.0)-(t:0.409-step:47-v:128.0)-(t:0.410-step:48-v:127.0)-(t:0.411-step:49-v:126.0)-(t:0.413-step:50-v:123.0)-(t:0.414-step:51-v:121.0)-(t:0.414-step:52-v:120.0)-(t:0.420-step:53-v:119.0)-(t:0.421-step:54-v:118.0)-(t:0.423-step:55-v:117.0)-(t:0.429-step:56-v:116.0)-(t:0.433-step:57-v:115.0)-(t:0.434-step:58-v:113.0)-(t:0.434-step:59-v:111.0)-(t:0.480-step:60-v:108.0)-(t:0.481-step:61-v:107.0)-(t:0.481-step:62-v:106.0)-(t:0.492-step:63-v:105.0)-(t:0.493-step:64-v:103.0)-(t:0.503-step:65-v:101.0)-(t:0.509-step:66-v:100.0)-(t:0.509-step:67-v:99.0)-(t:0.510-step:68-v:97.0)-(t:0.511-step:69-v:95.0)-(t:0.516-step:70-v:94.0)-(t:0.525-step:71-v:93.0)-(t:0.527-step:72-v:92.0)-(t:0.528-step:73-v:91.0)-(t:0.532-step:74-v:89.0)-(t:0.532-step:75-v:88.0)-(t:0.533-step:76-v:87.0)-(t:0.539-step:77-v:86.0)-(t:0.550-step:78-v:85.0)-(t:0.564-step:79-v:84.0)-(t:0.567-step:80-v:82.0)-(t:0.573-step:81-v:80.0)-(t:0.577-step:82-v:78.0)-(t:0.578-step:83-v:76.0)-(t:0.583-step:84-v:74.0)-(t:0.584-step:85-v:73.0)-(t:0.593-step:86-v:72.0)-(t:0.595-step:87-v:71.0)-(t:0.595-step:88-v:70.0)-(t:0.596-step:89-v:69.0)-(t:0.605-step:90-v:68.0)-(t:0.606-step:91-v:67.0)-(t:0.606-step:92-v:66.0)-(t:0.610-step:93-v:65.0)-(t:0.614-step:94-v:64.0)-(t:0.629-step:95-v:63.0)-(t:0.654-step:96-v:62.0)-(t:0.654-step:97-v:60.0)-(t:0.654-step:98-v:59.0)-(t:0.655-step:99-v:58.0)-(t:0.669-step:100-v:57.0)-(t:0.670-step:101-v:56.0)-(t:0.672-step:102-v:55.0)-(t:0.721-step:103-v:54.0)-(t:0.721-step:104-v:53.0)-(t:0.722-step:105-v:52.0)-(t:0.723-step:106-v:51.0)-(t:0.735-step:107-v:50.0)-(t:0.775-step:108-v:49.0)-(t:0.776-step:109-v:48.0)-(t:0.777-step:110-v:47.0)-(t:0.845-step:111-v:46.0)-(t:0.863-step:112-v:45.0)-(t:0.864-step:113-v:44.0)-(t:0.882-step:114-v:43.0)-(t:0.883-step:115-v:42.0)-(t:0.901-step:116-v:41.0)-(t:0.902-step:117-v:40.0)-(t:0.940-step:118-v:39.0)-(t:1.170-step:119-v:38.0)-(t:1.217-step:120-v:37.0)-(t:1.220-step:121-v:36.0)-(t:1.221-step:122-v:35.0)-(t:1.235-step:123-v:34.0)-(t:1.242-step:124-v:33.0)-(t:1.277-step:125-v:32.0)-(t:1.334-step:126-v:31.0)-(t:1.342-step:127-v:30.0)-(t:1.354-step:128-v:29.0)-(t:1.360-step:129-v:28.0)-(t:1.403-step:130-v:27.0)-(t:1.414-step:131-v:26.0)-(t:1.442-step:132-v:25.0)-(t:1.490-step:133-v:24.0)-(t:1.516-step:134-v:23.0)-(t:1.561-step:135-v:22.0)-(t:1.592-step:136-v:21.0)-(t:1.657-step:137-v:20.0)-(t:1.677-step:138-v:19.0)-(t:1.720-step:139-v:18.0)-(t:1.865-step:140-v:17.0)-(t:1.899-step:141-v:16.0)-(t:1.913-step:142-v:15.0)-(t:2.096-step:143-v:14.0)-(t:2.194-step:144-v:13.0)-(t:2.315-step:145-v:12.0)-(t:3.107-step:244-v:11.0)-(t:4.500-step:395-v:10.0)-(t:5.386-step:474-v:9.0)-(t:9.610-step:909-v:8.0)],5400.0
roundrobin,examples/csp/csp_200/pb_200_09.txt,r1,5400,0,10.0,[(t:0.000-step:1-v:235.0)-(t:0.011-step:2-v:233.0)-(t:0.064-step:3-v:231.0)-(t:0.070-step:4-v:229.0)-(t:0.072-step:5-v:228.0)-(t:0.075-step:6-v:227.0)-(t:0.105-step:7-v:226.0)-(t:0.112-step:8-v:225.0)-(t:0.119-step:9-v:220.0)-(t:0.120-step:10-v:216.0)-(t:0.122-step:11-v:214.0)-(t:0.123-step:12-v:210.0)-(t:0.124-step:13-v:209.0)-(t:0.126-step:14-v:208.0)-(t:0.131-step:15-v:207.0)-(t:0.137-step:16-v:206.0)-(t:0.140-step:17-v:205.0)-(t:0.143-step:18-v:204.0)-(t:0.149-step:19-v:203.0)-(t:0.150-step:20-v:202.0)-(t:0.151-step:21-v:201.0)-(t:0.151-step:22-v:198.0)-(t:0.159-step:23-v:197.0)-(t:0.160-step:24-v:195.0)-(t:0.161-step:25-v:194.0)-(t:0.171-step:26-v:192.0)-(t:0.176-step:27-v:190.0)-(t:0.177-step:28-v:189.0)-(t:0.180-step:29-v:188.0)-(t:0.185-step:30-v:187.0)-(t:0.186-step:31-v:186.0)-(t:0.187-step:32-v:184.0)-(t:0.193-step:33-v:178.0)-(t:0.193-step:34-v:177.0)-(t:0.199-step:35-v:174.0)-(t:0.207-step:36-v:172.0)-(t:0.210-step:37-v:171.0)-(t:0.211-step:38-v:170.0)-(t:0.219-step:39-v:169.0)-(t:0.241-step:40-v:168.0)-(t:0.242-step:41-v:165.0)-(t:0.244-step:42-v:164.0)-(t:0.248-step:43-v:163.0)-(t:0.251-step:44-v:162.0)-(t:0.252-step:45-v:161.0)-(t:0.256-step:46-v:160.0)-(t:0.258-step:47-v:159.0)-(t:0.259-step:48-v:158.0)-(t:0.262-step:49-v:156.0)-(t:0.269-step:50-v:152.0)-(t:0.269-step:51-v:151.0)-(t:0.270-step:52-v:150.0)-(t:0.274-step:53-v:149.0)-(t:0.279-step:54-v:148.0)-(t:0.280-step:55-v:147.0)-(t:0.287-step:56-v:146.0)-(t:0.288-step:57-v:144.0)-(t:0.293-step:58-v:143.0)-(t:0.294-step:59-v:142.0)-(t:0.298-step:60-v:140.0)-(t:0.299-step:61-v:139.0)-(t:0.299-step:62-v:138.0)-(t:0.308-step:63-v:137.0)-(t:0.310-step:64-v:136.0)-(t:0.323-step:65-v:134.0)-(t:0.324-step:66-v:132.0)-(t:0.325-step:67-v:131.0)-(t:0.335-step:68-v:130.0)-(t:0.337-step:69-v:129.0)-(t:0.337-step:70-v:128.0)-(t:0.346-step:71-v:127.0)-(t:0.348-step:72-v:126.0)-(t:0.352-step:73-v:125.0)-(t:0.352-step:74-v:124.0)-(t:0.357-step:75-v:123.0)-(t:0.366-step:76-v:121.0)-(t:0.367-step:77-v:119.0)-(t:0.367-step:78-v:118.0)-(t:0.377-step:79-v:117.0)-(t:0.383-step:80-v:116.0)-(t:0.388-step:81-v:115.0)-(t:0.389-step:82-v:112.0)-(t:0.390-step:83-v:111.0)-(t:0.398-step:84-v:110.0)-(t:0.400-step:85-v:109.0)-(t:0.408-step:86-v:108.0)-(t:0.410-step:87-v:107.0)-(t:0.464-step:88-v:105.0)-(t:0.475-step:89-v:104.0)-(t:0.476-step:90-v:101.0)-(t:0.476-step:91-v:100.0)-(t:0.477-step:92-v:99.0)-(t:0.487-step:93-v:98.0)-(t:0.497-step:94-v:96.0)-(t:0.499-step:95-v:95.0)-(t:0.503-step:96-v:94.0)-(t:0.505-step:97-v:93.0)-(t:0.507-step:98-v:92.0)-(t:0.510-step:99-v:91.0)-(t:0.511-step:100-v:90.0)-(t:0.523-step:101-v:89.0)-(t:0.533-step:102-v:88.0)-(t:0.541-step:103-v:87.0)-(t:0.545-step:104-v:86.0)-(t:0.549-step:105-v:85.0)-(t:0.550-step:106-v:84.0)-(t:0.558-step:107-v:83.0)-(t:0.563-step:108-v:82.0)-(t:0.584-step:109-v:81.0)-(t:0.584-step:110-v:80.0)-(t:0.585-step:111-v:79.0)-(t:0.586-step:112-v:78.0)-(t:0.607-step:113-v:77.0)-(t:0.616-step:114-v:76.0)-(t:0.621-step:115-v:75.0)-(t:0.621-step:116-v:74.0)-(t:0.627-step:117-v:73.0)-(t:0.631-step:118-v:72.0)-(t:0.632-step:119-v:71.0)-(t:0.652-step:120-v:70.0)-(t:0.660-step:121-v:69.0)-(t:0.680-step:122-v:68.0)-(t:0.684-step:123-v:67.0)-(t:0.685-step:124-v:66.0)-(t:0.701-step:125-v:64.0)-(t:0.702-step:126-v:63.0)-(t:0.708-step:127-v:62.0)-(t:0.751-step:128-v:61.0)-(t:0.753-step:129-v:60.0)-(t:0.753-step:130-v:59.0)-(t:0.757-step:131-v:58.0)-(t:0.765-step:132-v:57.0)-(t:0.766-step:133-v:56.0)-(t:0.768-step:134-v:55.0)-(t:0.797-step:135-v:54.0)-(t:0.799-step:136-v:53.0)-(t:0.810-step:137-v:52.0)-(t:0.834-step:138-v:51.0)-(t:0.835-step:139-v:50.0)-(t:0.843-step:140-v:49.0)-(t:0.965-step:141-v:48.0)-(t:0.965-step:142-v:47.0)-(t:1.000-step:143-v:46.0)-(t:1.012-step:144-v:45.0)-(t:1.028-step:145-v:44.0)-(t:1.121-step:146-v:43.0)-(t:1.196-step:147-v:42.0)-(t:1.225-step:148-v:41.0)-(t:1.226-step:149-v:40.0)-(t:1.252-step:150-v:39.0)-(t:1.253-step:151-v:38.0)-(t:1.263-step:152-v:37.0)-(t:1.343-step:153-v:36.0)-(t:1.356-step:154-v:35.0)-(t:1.385-step:155-v:34.0)-(t:1.437-step:156-v:33.0)-(t:1.462-step:157-v:32.0)-(t:1.552-step:158-v:31.0)-(t:1.570-step:159-v:30.0)-(t:1.583-step:160-v:29.0)-(t:1.594-step:161-v:28.0)-(t:1.647-step:162-v:27.0)-(t:1.735-step:163-v:26.0)-(t:1.755-step:164-v:25.0)-(t:1.775-step:165-v:24.0)-(t:1.826-step:166-v:23.0)-(t:1.866-step:167-v:22.0)-(t:1.870-step:168-v:21.0)-(t:2.015-step:169-v:20.0)-(t:2.026-step:170-v:19.0)-(t:2.340-step:176-v:18.0)-(t:2.678-step:224-v:17.0)-(t:2.714-step:225-v:16.0)-(t:3.193-step:283-v:15.0)-(t:3.210-step:284-v:14.0)-(t:4.561-step:383-v:13.0)-(t:4.596-step:384-v:12.0)-(t:5.753-step:503-v:11.0)-(t:11.581-step:1267-v:10.0)],5400.0
roundrobin,examples/csp/csp_200/pb_200_10.txt,r1,5400,0,20.0,[(t:0.004-step:1-v:222.0)-(t:0.031-step:2-v:218.0)-(t:0.100-step:3-v:217.0)-(t:0.101-step:4-v:215.0)-(t:0.102-step:5-v:214.0)-(t:0.103-step:6-v:212.0)-(t:0.152-step:7-v:210.0)-(t:0.162-step:8-v:206.0)-(t:0.168-step:9-v:202.0)-(t:0.173-step:10-v:200.0)-(t:0.176-step:11-v:198.0)-(t:0.180-step:12-v:196.0)-(t:0.187-step:13-v:195.0)-(t:0.193-step:14-v:194.0)-(t:0.195-step:15-v:193.0)-(t:0.196-step:16-v:192.0)-(t:0.204-step:17-v:191.0)-(t:0.209-step:18-v:190.0)-(t:0.210-step:19-v:189.0)-(t:0.221-step:20-v:188.0)-(t:0.230-step:21-v:187.0)-(t:0.231-step:22-v:185.0)-(t:0.232-step:23-v:184.0)-(t:0.239-step:24-v:182.0)-(t:0.242-step:25-v:179.0)-(t:0.243-step:26-v:177.0)-(t:0.244-step:27-v:176.0)-(t:0.252-step:28-v:174.0)-(t:0.253-step:29-v:172.0)-(t:0.253-step:30-v:170.0)-(t:0.296-step:31-v:168.0)-(t:0.303-step:32-v:167.0)-(t:0.304-step:33-v:166.0)-(t:0.305-step:34-v:165.0)-(t:0.309-step:35-v:161.0)-(t:0.314-step:36-v:160.0)-(t:0.315-step:37-v:159.0)-(t:0.315-step:38-v:158.0)-(t:0.324-step:39-v:157.0)-(t:0.326-step:40-v:153.0)-(t:0.327-step:41-v:152.0)-(t:0.336-step:42-v:151.0)-(t:0.337-step:43-v:150.0)-(t:0.337-step:44-v:145.0)-(t:0.338-step:45-v:144.0)-(t:0.351-step:46-v:143.0)-(t:0.353-step:47-v:142.0)-(t:0.364-step:48-v:140.0)-(t:0.365-step:49-v:139.0)-(t:0.366-step:50-v:138.0)-(t:0.370-step:51-v:137.0)-(t:0.378-step:52-v:134.0)-(t:0.379-step:53-v:131.0)-(t:0.379-step:54-v:129.0)-(t:0.399-step:55-v:128.0)-(t:0.415-step:56-v:127.0)-(t:0.426-step:57-v:126.0)-(t:0.437-step:58-v:125.0)-(t:0.440-step:59-v:124.0)-(t:0.440-step:60-v:122.0)-(t:0.441-step:61-v:121.0)-(t:0.447-step:62-v:120.0)-(t:0.495-step:63-v:119.0)-(t:0.505-step:64-v:118.0)-(t:0.509-step:65-v:117.0)-(t:0.515-step:66-v:114.0)-(t:0.515-step:67-v:113.0)-(t:0.517-step:68-v:112.0)-(t:0.522-step:69-v:111.0)-(t:0.523-step:70-v:110.0)-(t:0.562-step:71-v:109.0)-(t:0.571-step:72-v:108.0)-(t:0.572-step:73-v:103.0)-(t:0.572-step:74-v:102.0)-(t:0.578-step:75-v:101.0)-(t:0.582-step:76-v:100.0)-(t:0.583-step:77-v:97.0)-(t:0.586-step:78-v:96.0)-(t:0.598-step:79-v:95.0)-(t:0.599-step:80-v:93.0)-(t:0.608-step:81-v:92.0)-(t:0.609-step:82-v:90.0)-(t:0.609-step:83-v:89.0)-(t:0.622-step:84-v:87.0)-(t:0.622-step:85-v:86.0)-(t:0.631-step:86-v:85.0)-(t:0.633-step:87-v:84.0)-(t:0.643-step:88-v:83.0)-(t:0.647-step:89-v:81.0)-(t:0.650-step:90-v:79.0)-(t:0.651-step:91-v:78.0)-(t:0.655-step:92-v:77.0)-(t:0.656-step:93-v:76.0)-(t:0.661-step:94-v:75.0)-(t:0.671-step:95-v:74.0)-(t:0.672-step:96-v:73.0)-(t:0.673-step:97-v:72.0)-(t:0.673-step:98-v:70.0)-(t:0.678-step:99-v:68.0)-(t:0.684-step:100-v:67.0)-(t:0.691-step:101-v:64.0)-(t:0.694-step:102-v:63.0)-(t:0.699-step:103-v:62.0)-(t:0.700-step:104-v:61.0)-(t:0.710-step:105-v:60.0)-(t:0.726-step:106-v:58.0)-(t:0.733-step:107-v:57.0)-(t:0.744-step:108-v:56.0)-(t:0.746-step:109-v:55.0)-(t:0.762-step:110-v:54.0)-(t:0.800-step:111-v:53.0)-(t:0.831-step:112-v:52.0)-(t:0.850-step:113-v:51.0)-(t:0.861-step:114-v:50.0)-(t:0.863-step:115-v:49.0)-(t:0.864-step:116-v:48.0)-(t:0.865-step:117-v:47.0)-(t:0.871-step:118-v:46.0)-(t:0.880-step:119-v:45.0)-(t:0.885-step:120-v:44.0)-(t:0.891-step:121-v:43.0)-(t:0.892-step:122-v:42.0)-(t:0.903-step:123-v:41.0)-(t:0.904-step:124-v:40.0)-(t:0.917-step:125-v:39.0)-(t:1.218-step:126-v:38.0)-(t:1.280-step:127-v:37.0)-(t:1.284-step:128-v:36.0)-(t:1.298-step:129-v:35.0)-(t:1.301-step:130-v:34.0)-(t:1.310-step:131-v:33.0)-(t:1.390-step:132-v:32.0)-(t:1.449-step:133-v:31.0)-(t:1.516-step:134-v:30.0)-(t:1.581-step:135-v:29.0)-(t:1.617-step:136-v:28.0)-(t:1.821-step:137-v:27.0)-(t:1.893-step:138-v:26.0)-(t:1.988-step:139-v:25.0)-(t:1.989-step:140-v:24.0)-(t:2.247-step:155-v:23.0)-(t:2.926-step:218-v:22.0)-(t:3.000-step:219-v:21.0)-(t:3.031-step:220-v:20.0)],5400.0
roundrobin,examples/csp/csp_300/carseq_300_8_20_40.txt,r1,5400,0,5.0,[(t:0.000-step:1-v:392.0)-(t:0.021-step:2-v:386.0)-(t:0.083-step:3-v:385.0)-(t:0.102-step:4-v:384.0)-(t:0.111-step:5-v:383.0)-(t:0.112-step:6-v:382.0)-(t:0.145-step:7-v:381.0)-(t:0.164-step:8-v:377.0)-(t:0.166-step:9-v:370.0)-(t:0.175-step:10-v:368.0)-(t:0.176-step:11-v:367.0)-(t:0.177-step:12-v:364.0)-(t:0.188-step:13-v:361.0)-(t:0.189-step:14-v:359.0)-(t:0.190-step:15-v:358.0)-(t:0.203-step:16-v:356.0)-(t:0.223-step:17-v:353.0)-(t:0.227-step:18-v:352.0)-(t:0.228-step:19-v:351.0)-(t:0.228-step:20-v:350.0)-(t:0.245-step:21-v:349.0)-(t:0.247-step:22-v:348.0)-(t:0.259-step:23-v:347.0)-(t:0.260-step:24-v:344.0)-(t:0.261-step:25-v:339.0)-(t:0.261-step:26-v:338.0)-(t:0.273-step:27-v:336.0)-(t:0.274-step:28-v:334.0)-(t:0.275-step:29-v:332.0)-(t:0.275-step:30-v:330.0)-(t:0.297-step:31-v:329.0)-(t:0.298-step:32-v:328.0)-(t:0.299-step:33-v:326.0)-(t:0.299-step:34-v:325.0)-(t:0.307-step:35-v:322.0)-(t:0.311-step:36-v:320.0)-(t:0.316-step:37-v:318.0)-(t:0.317-step:38-v:315.0)-(t:0.322-step:39-v:314.0)-(t:0.327-step:40-v:312.0)-(t:0.393-step:41-v:311.0)-(t:0.394-step:42-v:310.0)-(t:0.395-step:43-v:308.0)-(t:0.395-step:44-v:306.0)-(t:0.408-step:45-v:305.0)-(t:0.409-step:46-v:304.0)-(t:0.419-step:47-v:302.0)-(t:0.423-step:48-v:301.0)-(t:0.433-step:49-v:300.0)-(t:0.433-step:50-v:299.0)-(t:0.434-step:51-v:298.0)-(t:0.442-step:52-v:295.0)-(t:0.443-step:53-v:294.0)-(t:0.453-step:54-v:291.0)-(t:0.468-step:55-v:290.0)-(t:0.469-step:56-v:287.0)-(t:0.469-step:57-v:285.0)-(t:0.469-step:58-v:284.0)-(t:0.485-step:59-v:283.0)-(t:0.486-step:60-v:282.0)-(t:0.496-step:61-v:279.0)-(t:0.502-step:62-v:278.0)-(t:0.504-step:63-v:277.0)-(t:0.505-step:64-v:276.0)-(t:0.505-step:65-v:275.0)-(t:0.516-step:66-v:273.0)-(t:0.520-step:67-v:272.0)-(t:0.521-step:68-v:271.0)-(t:0.522-step:69-v:269.0)-(t:0.531-step:70-v:267.0)-(t:0.544-step:71-v:265.0)-(t:0.560-step:72-v:264.0)-(t:0.573-step:73-v:263.0)-(t:0.574-step:74-v:261.0)-(t:0.575-step:75-v:260.0)-(t:0.575-step:76-v:258.0)-(t:0.584-step:77-v:257.0)-(t:0.605-step:78-v:256.0)-(t:0.631-step:79-v:254.0)-(t:0.645-step:80-v:253.0)-(t:0.646-step:81-v:250.0)-(t:0.654-step:82-v:249.0)-(t:0.657-step:83-v:248.0)-(t:0.657-step:84-v:247.0)-(t:0.658-step:85-v:246.0)-(t:0.668-step:86-v:244.0)-(t:0.675-step:87-v:242.0)-(t:0.685-step:88-v:241.0)-(t:0.686-step:89-v:233.0)-(t:0.687-step:90-v:232.0)-(t:0.702-step:91-v:229.0)-(t:0.703-step:92-v:228.0)-(t:0.704-step:93-v:227.0)-(t:0.705-step:94-v:226.0)-(t:0.733-step:95-v:225.0)-(t:0.743-step:96-v:224.0)-(t:0.744-step:97-v:221.0)-(t:0.748-step:98-v:220.0)-(t:0.750-step:99-v:219.0)-(t:0.759-step:100-v:216.0)-(t:0.760-step:101-v:215.0)-(t:0.760-step:102-v:214.0)-(t:0.772-step:103-v:213.0)-(t:0.783-step:104-v:212.0)-(t:0.784-step:105-v:210.0)-(t:0.785-step:106-v:209.0)-(t:0.796-step:107-v:208.0)-(t:0.797-step:108-v:207.0)-(t:0.804-step:109-v:206.0)-(t:0.817-step:110-v:205.0)-(t:0.827-step:111-v:204.0)-(t:0.832-step:112-v:203.0)-(t:0.846-step:113-v:201.0)-(t:0.846-step:114-v:200.0)-(t:0.847-step:115-v:198.0)-(t:0.848-step:116-v:197.0)-(t:0.856-step:117-v:196.0)-(t:0.862-step:118-v:195.0)-(t:0.870-step:119-v:193.0)-(t:0.879-step:120-v:192.0)-(t:0.888-step:121-v:191.0)-(t:0.888-step:122-v:190.0)-(t:0.889-step:123-v:189.0)-(t:0.889-step:124-v:188.0)-(t:0.890-step:125-v:187.0)-(t:0.904-step:126-v:186.0)-(t:0.915-step:127-v:185.0)-(t:0.937-step:128-v:184.0)-(t:0.938-step:129-v:183.0)-(t:0.938-step:130-v:179.0)-(t:0.939-step:131-v:178.0)-(t:0.939-step:132-v:177.0)-(t:0.940-step:133-v:176.0)-(t:0.951-step:134-v:175.0)-(t:0.952-step:135-v:174.0)-(t:0.959-step:136-v:173.0)-(t:0.960-step:137-v:172.0)-(t:0.960-step:138-v:171.0)-(t:0.961-step:139-v:170.0)-(t:0.970-step:140-v:169.0)-(t:0.971-step:141-v:168.0)-(t:0.971-step:142-v:167.0)-(t:0.980-step:143-v:166.0)-(t:0.988-step:144-v:165.0)-(t:0.988-step:145-v:164.0)-(t:0.989-step:146-v:163.0)-(t:0.996-step:147-v:162.0)-(t:0.996-step:148-v:161.0)-(t:0.996-step:149-v:160.0)-(t:0.997-step:150-v:158.0)-(t:1.004-step:151-v:157.0)-(t:1.014-step:152-v:156.0)-(t:1.020-step:153-v:155.0)-(t:1.020-step:154-v:153.0)-(t:1.020-step:155-v:152.0)-(t:1.024-step:156-v:151.0)-(t:1.026-step:157-v:150.0)-(t:1.028-step:158-v:149.0)-(t:1.031-step:159-v:148.0)-(t:1.034-step:160-v:145.0)-(t:1.034-step:161-v:144.0)-(t:1.035-step:162-v:143.0)-(t:1.042-step:163-v:142.0)-(t:1.042-step:164-v:141.0)-(t:1.046-step:165-v:140.0)-(t:1.055-step:166-v:138.0)-(t:1.056-step:167-v:136.0)-(t:1.056-step:168-v:135.0)-(t:1.057-step:169-v:134.0)-(t:1.064-step:170-v:133.0)-(t:1.067-step:171-v:132.0)-(t:1.068-step:172-v:131.0)-(t:1.070-step:173-v:130.0)-(t:1.081-step:174-v:129.0)-(t:1.082-step:175-v:128.0)-(t:1.086-step:176-v:127.0)-(t:1.091-step:177-v:126.0)-(t:1.092-step:178-v:125.0)-(t:1.092-step:179-v:124.0)-(t:1.094-step:180-v:123.0)-(t:1.096-step:181-v:122.0)-(t:1.096-step:182-v:120.0)-(t:1.098-step:183-v:119.0)-(t:1.098-step:184-v:118.0)-(t:1.099-step:185-v:117.0)-(t:1.099-step:186-v:116.0)-(t:1.100-step:187-v:115.0)-(t:1.101-step:188-v:114.0)-(t:1.154-step:189-v:113.0)-(t:1.164-step:190-v:112.0)-(t:1.165-step:191-v:110.0)-(t:1.166-step:192-v:109.0)-(t:1.169-step:193-v:107.0)-(t:1.169-step:194-v:106.0)-(t:1.170-step:195-v:105.0)-(t:1.208-step:196-v:104.0)-(t:1.212-step:197-v:103.0)-(t:1.217-step:198-v:102.0)-(t:1.218-step:199-v:101.0)-(t:1.224-step:200-v:100.0)-(t:1.226-step:201-v:99.0)-(t:1.227-step:202-v:98.0)-(t:1.339-step:203-v:97.0)-(t:1.343-step:204-v:95.0)-(t:1.345-step:205-v:93.0)-(t:1.350-step:206-v:92.0)-(t:1.351-step:207-v:91.0)-(t:1.357-step:208-v:90.0)-(t:1.358-step:209-v:88.0)-(t:1.362-step:210-v:86.0)-(t:1.583-step:211-v:85.0)-(t:1.586-step:212-v:84.0)-(t:1.590-step:213-v:83.0)-(t:1.590-step:214-v:82.0)-(t:1.591-step:215-v:81.0)-(t:1.611-step:216-v:80.0)-(t:1.612-step:217-v:79.0)-(t:1.629-step:218-v:77.0)-(t:1.699-step:219-v:76.0)-(t:1.720-step:220-v:75.0)-(t:1.726-step:221-v:74.0)-(t:1.731-step:222-v:73.0)-(t:1.733-step:223-v:72.0)-(t:1.734-step:224-v:71.0)-(t:1.848-step:225-v:70.0)-(t:1.850-step:226-v:69.0)-(t:1.851-step:227-v:68.0)-(t:1.852-step:228-v:67.0)-(t:1.853-step:229-v:66.0)-(t:1.855-step:230-v:65.0)-(t:1.977-step:231-v:64.0)-(t:1.987-step:232-v:63.0)-(t:1.988-step:233-v:62.0)-(t:1.995-step:234-v:61.0)-(t:2.018-step:235-v:60.0)-(t:2.021-step:236-v:59.0)-(t:2.022-step:237-v:57.0)-(t:2.029-step:238-v:56.0)-(t:2.195-step:239-v:55.0)-(t:2.212-step:240-v:54.0)-(t:2.215-step:241-v:53.0)-(t:2.233-step:242-v:52.0)-(t:2.491-step:243-v:51.0)-(t:2.511-step:244-v:50.0)-(t:2.513-step:245-v:49.0)-(t:2.517-step:246-v:48.0)-(t:2.617-step:247-v:46.0)-(t:2.633-step:248-v:45.0)-(t:2.674-step:249-v:44.0)-(t:2.676-step:250-v:43.0)-(t:2.924-step:251-v:42.0)-(t:2.926-step:252-v:41.0)-(t:2.969-step:253-v:40.0)-(t:2.979-step:254-v:39.0)-(t:3.205-step:255-v:38.0)-(t:3.217-step:256-v:37.0)-(t:3.262-step:257-v:36.0)-(t:3.275-step:258-v:35.0)-(t:3.425-step:259-v:34.0)-(t:3.436-step:260-v:33.0)-(t:3.492-step:261-v:32.0)-(t:3.748-step:262-v:31.0)-(t:3.912-step:263-v:30.0)-(t:4.202-step:264-v:29.0)-(t:4.347-step:265-v:28.0)-(t:4.654-step:266-v:27.0)-(t:4.733-step:267-v:26.0)-(t:4.941-step:268-v:25.0)-(t:5.048-step:269-v:24.0)-(t:5.258-step:270-v:23.0)-(t:5.479-step:271-v:22.0)-(t:5.724-step:272-v:21.0)-(t:5.991-step:281-v:20.0)-(t:6.270-step:282-v:19.0)-(t:6.434-step:283-v:18.0)-(t:8.721-step:359-v:17.0)-(t:9.702-step:420-v:16.0)-(t:9.764-step:421-v:15.0)-(t:11.517-step:522-v:14.0)-(t:11.593-step:523-v:13.0)-(t:12.834-step:571-v:12.0)-(t:12.912-step:572-v:11.0)-(t:13.049-step:573-v:10.0)-(t:14.454-step:632-v:9.0)-(t:14.791-step:645-v:8.0)-(t:17.527-step:752-v:7.0)-(t:20.481-step:866-v:6.0)-(t:21.673-step:917-v:5.0)],5400.0
roundrobin,examples/csp/csp_300/carseq_300_8_20_45.txt,r1,5400,0,2.0,[(t:0.000-step:1-v:352.0)-(t:0.018-step:2-v:343.0)-(t:0.074-step:3-v:341.0)-(t:0.084-step:4-v:340.0)-(t:0.089-step:5-v:339.0)-(t:0.090-step:6-v:337.0)-(t:0.116-step:7-v:336.0)-(t:0.122-step:8-v:333.0)-(t:0.129-step:9-v:324.0)-(t:0.131-step:10-v:323.0)-(t:0.136-step:11-v:322.0)-(t:0.143-step:12-v:321.0)-(t:0.146-step:13-v:319.0)-(t:0.146-step:14-v:318.0)-(t:0.152-step:15-v:316.0)-(t:0.158-step:16-v:315.0)-(t:0.166-step:17-v:311.0)-(t:0.167-step:18-v:310.0)-(t:0.168-step:19-v:309.0)-(t:0.181-step:20-v:308.0)-(t:0.182-step:21-v:305.0)-(t:0.183-step:22-v:304.0)-(t:0.192-step:23-v:303.0)-(t:0.194-step:24-v:302.0)-(t:0.208-step:25-v:301.0)-(t:0.208-step:26-v:296.0)-(t:0.209-step:27-v:295.0)-(t:0.220-step:28-v:294.0)-(t:0.221-step:29-v:292.0)-(t:0.222-step:30-v:291.0)-(t:0.232-step:31-v:290.0)-(t:0.233-step:32-v:288.0)-(t:0.238-step:33-v:284.0)-(t:0.239-step:34-v:281.0)-(t:0.249-step:35-v:278.0)-(t:0.249-step:36-v:276.0)-(t:0.250-step:37-v:275.0)-(t:0.260-step:38-v:273.0)-(t:0.266-step:39-v:272.0)-(t:0.277-step:40-v:269.0)-(t:0.285-step:41-v:267.0)-(t:0.286-step:42-v:266.0)-(t:0.287-step:43-v:265.0)-(t:0.294-step:44-v:264.0)-(t:0.295-step:45-v:263.0)-(t:0.296-step:46-v:262.0)-(t:0.307-step:47-v:261.0)-(t:0.317-step:48-v:259.0)-(t:0.317-step:49-v:257.0)-(t:0.318-step:50-v:256.0)-(t:0.326-step:51-v:255.0)-(t:0.327-step:52-v:253.0)-(t:0.385-step:53-v:252.0)-(t:0.386-step:54-v:251.0)-(t:0.387-step:55-v:249.0)-(t:0.396-step:56-v:248.0)-(t:0.397-step:57-v:245.0)-(t:0.398-step:58-v:243.0)-(t:0.416-step:59-v:242.0)-(t:0.421-step:60-v:240.0)-(t:0.422-step:61-v:239.0)-(t:0.429-step:62-v:238.0)-(t:0.430-step:63-v:236.0)-(t:0.445-step:64-v:233.0)-(t:0.446-step:65-v:230.0)-(t:0.456-step:66-v:229.0)-(t:0.457-step:67-v:228.0)-(t:0.493-step:68-v:226.0)-(t:0.502-step:69-v:225.0)-(t:0.502-step:70-v:222.0)-(t:0.523-step:71-v:221.0)-(t:0.525-step:72-v:218.0)-(t:0.535-step:73-v:216.0)-(t:0.537-step:74-v:214.0)-(t:0.544-step:75-v:213.0)-(t:0.545-step:76-v:212.0)-(t:0.547-step:77-v:211.0)-(t:0.555-step:78-v:210.0)-(t:0.709-step:79-v:208.0)-(t:0.715-step:80-v:207.0)-(t:0.716-step:81-v:205.0)-(t:0.720-step:82-v:202.0)-(t:0.721-step:83-v:201.0)-(t:0.741-step:84-v:200.0)-(t:0.743-step:85-v:199.0)-(t:0.749-step:86-v:198.0)-(t:0.758-step:87-v:197.0)-(t:0.765-step:88-v:195.0)-(t:0.768-step:89-v:193.0)-(t:0.769-step:90-v:192.0)-(t:0.771-step:91-v:191.0)-(t:0.780-step:92-v:188.0)-(t:0.784-step:93-v:186.0)-(t:0.785-step:94-v:185.0)-(t:0.792-step:95-v:183.0)-(t:0.792-step:96-v:182.0)-(t:0.800-step:97-v:181.0)-(t:0.805-step:98-v:180.0)-(t:0.806-step:99-v:179.0)-(t:0.811-step:100-v:177.0)-(t:0.812-step:101-v:176.0)-(t:0.817-step:102-v:175.0)-(t:0.825-step:103-v:174.0)-(t:0.827-step:104-v:172.0)-(t:0.827-step:105-v:169.0)-(t:0.828-step:106-v:168.0)-(t:0.832-step:107-v:167.0)-(t:0.833-step:108-v:166.0)-(t:0.836-step:109-v:163.0)-(t:0.837-step:110-v:162.0)-(t:0.840-step:111-v:161.0)-(t:0.845-step:112-v:160.0)-(t:0.846-step:113-v:159.0)-(t:0.846-step:114-v:158.0)-(t:0.850-step:115-v:156.0)-(t:0.851-step:116-v:152.0)-(t:0.852-step:117-v:151.0)-(t:0.853-step:118-v:150.0)-(t:0.866-step:119-v:149.0)-(t:0.867-step:120-v:148.0)-(t:0.868-step:121-v:147.0)-(t:0.868-step:122-v:146.0)-(t:0.869-step:123-v:145.0)-(t:0.874-step:124-v:143.0)-(t:0.875-step:125-v:142.0)-(t:0.879-step:126-v:141.0)-(t:0.889-step:127-v:140.0)-(t:0.901-step:128-v:139.0)-(t:0.902-step:129-v:138.0)-(t:0.902-step:130-v:137.0)-(t:0.903-step:131-v:136.0)-(t:0.930-step:132-v:135.0)-(t:0.931-step:133-v:134.0)-(t:0.935-step:134-v:132.0)-(t:1.009-step:135-v:131.0)-(t:1.020-step:136-v:130.0)-(t:1.027-step:137-v:129.0)-(t:1.028-step:138-v:128.0)-(t:1.028-step:139-v:127.0)-(t:1.034-step:140-v:126.0)-(t:1.035-step:141-v:125.0)-(t:1.036-step:142-v:123.0)-(t:1.164-step:143-v:122.0)-(t:1.164-step:144-v:119.0)-(t:1.165-step:145-v:118.0)-(t:1.165-step:146-v:115.0)-(t:1.175-step:147-v:114.0)-(t:1.178-step:148-v:113.0)-(t:1.179-step:149-v:112.0)-(t:1.183-step:150-v:111.0)-(t:1.308-step:151-v:109.0)-(t:1.312-step:152-v:108.0)-(t:1.314-step:153-v:107.0)-(t:1.314-step:154-v:104.0)-(t:1.315-step:155-v:103.0)-(t:1.325-step:156-v:101.0)-(t:1.326-step:157-v:100.0)-(t:1.327-step:158-v:99.0)-(t:1.406-step:159-v:98.0)-(t:1.407-step:160-v:97.0)-(t:1.407-step:161-v:96.0)-(t:1.407-step:162-v:95.0)-(t:1.411-step:163-v:94.0)-(t:1.434-step:164-v:93.0)-(t:1.435-step:165-v:92.0)-(t:1.441-step:166-v:91.0)-(t:1.554-step:167-v:90.0)-(t:1.564-step:168-v:89.0)-(t:1.566-step:169-v:88.0)-(t:1.569-step:170-v:86.0)-(t:1.570-step:171-v:85.0)-(t:1.577-step:172-v:84.0)-(t:1.583-step:173-v:83.0)-(t:1.597-step:174-v:82.0)-(t:1.697-step:175-v:81.0)-(t:1.709-step:176-v:80.0)-(t:1.711-step:177-v:79.0)-(t:1.712-step:178-v:78.0)-(t:1.715-step:179-v:76.0)-(t:1.716-step:180-v:75.0)-(t:1.716-step:181-v:74.0)-(t:1.820-step:182-v:73.0)-(t:1.820-step:183-v:72.0)-(t:1.822-step:184-v:71.0)-(t:1.823-step:185-v:70.0)-(t:1.836-step:186-v:69.0)-(t:1.841-step:187-v:68.0)-(t:1.858-step:188-v:67.0)-(t:2.003-step:189-v:66.0)-(t:2.006-step:190-v:65.0)-(t:2.010-step:191-v:64.0)-(t:2.011-step:192-v:63.0)-(t:2.019-step:193-v:62.0)-(t:2.021-step:194-v:61.0)-(t:2.026-step:195-v:60.0)-(t:2.054-step:196-v:59.0)-(t:2.059-step:197-v:58.0)-(t:2.059-step:198-v:57.0)-(t:2.062-step:199-v:56.0)-(t:2.069-step:200-v:55.0)-(t:2.072-step:201-v:54.0)-(t:2.073-step:202-v:53.0)-(t:2.105-step:203-v:52.0)-(t:2.116-step:204-v:51.0)-(t:2.117-step:205-v:50.0)-(t:2.121-step:206-v:49.0)-(t:2.122-step:207-v:48.0)-(t:2.136-step:208-v:47.0)-(t:2.138-step:209-v:46.0)-(t:2.142-step:210-v:45.0)-(t:2.209-step:211-v:44.0)-(t:2.263-step:212-v:43.0)-(t:2.265-step:213-v:42.0)-(t:2.270-step:214-v:41.0)-(t:2.276-step:215-v:40.0)-(t:2.277-step:216-v:39.0)-(t:2.287-step:217-v:38.0)-(t:2.389-step:218-v:37.0)-(t:2.476-step:219-v:36.0)-(t:2.477-step:220-v:35.0)-(t:2.535-step:221-v:34.0)-(t:2.541-step:222-v:33.0)-(t:2.758-step:223-v:32.0)-(t:2.763-step:224-v:31.0)-(t:2.765-step:225-v:30.0)-(t:2.771-step:226-v:29.0)-(t:3.113-step:227-v:28.0)-(t:3.117-step:228-v:27.0)-(t:3.454-step:229-v:26.0)-(t:3.464-step:230-v:25.0)-(t:3.843-step:231-v:24.0)-(t:3.856-step:232-v:23.0)-(t:4.246-step:233-v:22.0)-(t:4.261-step:234-v:21.0)-(t:4.582-step:235-v:20.0)-(t:4.619-step:236-v:19.0)-(t:4.916-step:237-v:18.0)-(t:5.653-step:244-v:17.0)-(t:5.797-step:245-v:16.0)-(t:5.797-step:246-v:15.0)-(t:5.895-step:247-v:14.0)-(t:6.097-step:248-v:13.0)-(t:7.082-step:309-v:12.0)-(t:7.209-step:310-v:11.0)-(t:8.178-step:360-v:10.0)-(t:8.378-step:361-v:9.0)-(t:8.459-step:362-v:8.0)-(t:11.813-step:462-v:7.0)-(t:14.392-step:553-v:6.0)-(t:14.644-step:580-v:5.0)-(t:14.726-step:581-v:4.0)-(t:14.859-step:582-v:3.0)-(t:15.828-step:607-v:2.0)],5400.0
roundrobin,examples/csp/csp_300/carseq_300_8_20_47.txt,r1,5400,0,1.0,[(t:0.000-step:1-v:333.0)-(t:0.055-step:2-v:330.0)-(t:0.117-step:3-v:327.0)-(t:0.118-step:4-v:321.0)-(t:0.126-step:5-v:319.0)-(t:0.126-step:6-v:317.0)-(t:0.193-step:7-v:316.0)-(t:0.222-step:8-v:313.0)-(t:0.237-step:9-v:311.0)-(t:0.237-step:10-v:310.0)-(t:0.243-step:11-v:308.0)-(t:0.244-step:12-v:306.0)-(t:0.246-step:13-v:305.0)-(t:0.257-step:14-v:304.0)-(t:0.259-step:15-v:303.0)-(t:0.260-step:16-v:302.0)-(t:0.269-step:17-v:300.0)-(t:0.271-step:18-v:296.0)-(t:0.272-step:19-v:295.0)-(t:0.280-step:20-v:293.0)-(t:0.287-step:21-v:292.0)-(t:0.287-step:22-v:291.0)-(t:0.288-step:23-v:290.0)-(t:0.298-step:24-v:288.0)-(t:0.299-step:25-v:286.0)-(t:0.310-step:26-v:285.0)-(t:0.315-step:27-v:284.0)-(t:0.316-step:28-v:281.0)-(t:0.323-step:29-v:280.0)-(t:0.327-step:30-v:279.0)-(t:0.338-step:31-v:278.0)-(t:0.346-step:32-v:275.0)-(t:0.347-step:33-v:274.0)-(t:0.360-step:34-v:273.0)-(t:0.361-step:35-v:272.0)-(t:0.363-step:36-v:269.0)-(t:0.365-step:37-v:267.0)-(t:0.365-step:38-v:266.0)-(t:0.382-step:39-v:265.0)-(t:0.392-step:40-v:264.0)-(t:0.395-step:41-v:260.0)-(t:0.396-step:42-v:259.0)-(t:0.446-step:43-v:258.0)-(t:0.447-step:44-v:256.0)-(t:0.448-step:45-v:255.0)-(t:0.448-step:46-v:253.0)-(t:0.457-step:47-v:250.0)-(t:0.458-step:48-v:249.0)-(t:0.465-step:49-v:248.0)-(t:0.466-step:50-v:247.0)-(t:0.470-step:51-v:245.0)-(t:0.474-step:52-v:244.0)-(t:0.476-step:53-v:241.0)-(t:0.476-step:54-v:240.0)-(t:0.490-step:55-v:237.0)-(t:0.499-step:56-v:236.0)-(t:0.507-step:57-v:235.0)-(t:0.508-step:58-v:234.0)-(t:0.513-step:59-v:233.0)-(t:0.513-step:60-v:232.0)-(t:0.518-step:61-v:231.0)-(t:0.519-step:62-v:230.0)-(t:0.527-step:63-v:229.0)-(t:0.528-step:64-v:228.0)-(t:0.529-step:65-v:226.0)-(t:0.531-step:66-v:225.0)-(t:0.538-step:67-v:224.0)-(t:0.541-step:68-v:223.0)-(t:0.542-step:69-v:222.0)-(t:0.552-step:70-v:220.0)-(t:0.567-step:71-v:219.0)-(t:0.575-step:72-v:216.0)-(t:0.576-step:73-v:215.0)-(t:0.576-step:74-v:214.0)-(t:0.578-step:75-v:213.0)-(t:0.587-step:76-v:212.0)-(t:0.595-step:77-v:210.0)-(t:0.597-step:78-v:209.0)-(t:0.600-step:79-v:208.0)-(t:0.601-step:80-v:207.0)-(t:0.615-step:81-v:206.0)-(t:0.616-step:82-v:204.0)-(t:0.616-step:83-v:203.0)-(t:0.625-step:84-v:202.0)-(t:0.626-step:85-v:201.0)-(t:0.627-step:86-v:199.0)-(t:0.655-step:87-v:198.0)-(t:0.662-step:88-v:196.0)-(t:0.668-step:89-v:195.0)-(t:0.677-step:90-v:194.0)-(t:0.678-step:91-v:193.0)-(t:0.687-step:92-v:190.0)-(t:0.694-step:93-v:188.0)-(t:0.698-step:94-v:187.0)-(t:0.705-step:95-v:186.0)-(t:0.706-step:96-v:185.0)-(t:0.717-step:97-v:184.0)-(t:0.717-step:98-v:182.0)-(t:0.718-step:99-v:181.0)-(t:0.719-step:100-v:180.0)-(t:0.726-step:101-v:179.0)-(t:0.729-step:102-v:178.0)-(t:0.734-step:103-v:177.0)-(t:0.737-step:104-v:176.0)-(t:0.739-step:105-v:175.0)-(t:0.743-step:106-v:173.0)-(t:0.745-step:107-v:172.0)-(t:0.756-step:108-v:171.0)-(t:0.759-step:109-v:170.0)-(t:0.760-step:110-v:169.0)-(t:0.766-step:111-v:168.0)-(t:0.768-step:112-v:167.0)-(t:0.769-step:113-v:166.0)-(t:0.770-step:114-v:165.0)-(t:0.771-step:115-v:164.0)-(t:0.771-step:116-v:162.0)-(t:0.772-step:117-v:161.0)-(t:0.778-step:118-v:160.0)-(t:0.778-step:119-v:158.0)-(t:0.784-step:120-v:157.0)-(t:0.791-step:121-v:156.0)-(t:0.792-step:122-v:154.0)-(t:0.793-step:123-v:153.0)-(t:0.810-step:124-v:151.0)-(t:0.812-step:125-v:150.0)-(t:0.813-step:126-v:149.0)-(t:0.827-step:127-v:148.0)-(t:0.828-step:128-v:146.0)-(t:0.829-step:129-v:145.0)-(t:0.830-step:130-v:143.0)-(t:0.830-step:131-v:141.0)-(t:0.838-step:132-v:140.0)-(t:0.839-step:133-v:138.0)-(t:0.839-step:134-v:137.0)-(t:0.841-step:135-v:136.0)-(t:0.848-step:136-v:135.0)-(t:0.852-step:137-v:133.0)-(t:0.860-step:138-v:132.0)-(t:0.860-step:139-v:131.0)-(t:0.861-step:140-v:130.0)-(t:0.866-step:141-v:129.0)-(t:0.867-step:142-v:128.0)-(t:0.874-step:143-v:127.0)-(t:0.876-step:144-v:125.0)-(t:0.878-step:145-v:124.0)-(t:0.879-step:146-v:123.0)-(t:0.879-step:147-v:122.0)-(t:0.880-step:148-v:120.0)-(t:0.884-step:149-v:119.0)-(t:0.886-step:150-v:118.0)-(t:0.887-step:151-v:117.0)-(t:0.888-step:152-v:116.0)-(t:0.889-step:153-v:115.0)-(t:0.899-step:154-v:114.0)-(t:0.900-step:155-v:113.0)-(t:0.901-step:156-v:112.0)-(t:0.912-step:157-v:111.0)-(t:0.913-step:158-v:110.0)-(t:0.926-step:159-v:108.0)-(t:0.926-step:160-v:107.0)-(t:0.927-step:161-v:106.0)-(t:0.939-step:162-v:105.0)-(t:0.939-step:163-v:104.0)-(t:0.940-step:164-v:103.0)-(t:0.947-step:165-v:102.0)-(t:0.947-step:166-v:101.0)-(t:0.949-step:167-v:100.0)-(t:0.949-step:168-v:99.0)-(t:0.965-step:169-v:98.0)-(t:0.983-step:170-v:97.0)-(t:0.994-step:171-v:96.0)-(t:0.995-step:172-v:95.0)-(t:1.014-step:173-v:93.0)-(t:1.023-step:174-v:92.0)-(t:1.025-step:175-v:91.0)-(t:1.031-step:176-v:90.0)-(t:1.032-step:177-v:89.0)-(t:1.038-step:178-v:88.0)-(t:1.039-step:179-v:87.0)-(t:1.042-step:180-v:86.0)-(t:1.047-step:181-v:85.0)-(t:1.051-step:182-v:84.0)-(t:1.057-step:183-v:83.0)-(t:1.059-step:184-v:82.0)-(t:1.060-step:185-v:81.0)-(t:1.063-step:186-v:80.0)-(t:1.130-step:187-v:79.0)-(t:1.147-step:188-v:78.0)-(t:1.153-step:189-v:77.0)-(t:1.159-step:190-v:76.0)-(t:1.160-step:191-v:75.0)-(t:1.279-step:192-v:74.0)-(t:1.283-step:193-v:73.0)-(t:1.288-step:194-v:72.0)-(t:1.296-step:195-v:71.0)-(t:1.305-step:196-v:70.0)-(t:1.400-step:197-v:69.0)-(t:1.416-step:198-v:68.0)-(t:1.417-step:199-v:67.0)-(t:1.425-step:200-v:66.0)-(t:1.628-step:201-v:65.0)-(t:1.655-step:202-v:63.0)-(t:1.656-step:203-v:62.0)-(t:1.660-step:204-v:61.0)-(t:1.739-step:205-v:60.0)-(t:1.751-step:206-v:59.0)-(t:1.753-step:207-v:58.0)-(t:1.756-step:208-v:57.0)-(t:1.849-step:209-v:56.0)-(t:1.862-step:210-v:55.0)-(t:1.862-step:211-v:54.0)-(t:1.868-step:212-v:53.0)-(t:1.970-step:213-v:52.0)-(t:1.976-step:214-v:51.0)-(t:2.004-step:215-v:50.0)-(t:2.008-step:216-v:49.0)-(t:2.015-step:217-v:48.0)-(t:2.133-step:218-v:47.0)-(t:2.134-step:219-v:45.0)-(t:2.140-step:220-v:44.0)-(t:2.180-step:221-v:43.0)-(t:2.192-step:222-v:42.0)-(t:2.507-step:223-v:41.0)-(t:2.511-step:224-v:40.0)-(t:2.514-step:225-v:39.0)-(t:2.537-step:226-v:38.0)-(t:2.546-step:227-v:37.0)-(t:2.555-step:228-v:36.0)-(t:2.562-step:229-v:35.0)-(t:2.604-step:230-v:34.0)-(t:2.896-step:231-v:33.0)-(t:2.970-step:232-v:32.0)-(t:2.973-step:233-v:31.0)-(t:3.208-step:234-v:30.0)-(t:3.312-step:235-v:29.0)-(t:3.684-step:236-v:28.0)-(t:3.744-step:237-v:27.0)-(t:3.976-step:238-v:26.0)-(t:4.052-step:239-v:25.0)-(t:4.271-step:240-v:24.0)-(t:4.331-step:241-v:23.0)-(t:4.528-step:242-v:22.0)-(t:4.585-step:243-v:21.0)-(t:4.782-step:244-v:20.0)-(t:4.818-step:245-v:19.0)-(t:4.984-step:246-v:18.0)-(t:5.143-step:247-v:17.0)-(t:5.277-step:248-v:16.0)-(t:5.457-step:249-v:15.0)-(t:5.625-step:250-v:14.0)-(t:5.939-step:251-v:13.0)-(t:6.384-step:257-v:12.0)-(t:6.665-step:258-v:11.0)-(t:6.741-step:259-v:10.0)-(t:6.971-step:260-v:9.0)-(t:9.157-step:309-v:8.0)-(t:9.734-step:322-v:7.0)-(t:11.437-step:363-v:6.0)-(t:11.557-step:364-v:5.0)-(t:11.586-step:365-v:4.0)-(t:13.697-step:424-v:3.0)-(t:16.660-step:497-v:2.0)-(t:20.619-step:618-v:1.0)],5400.0
roundrobin,examples/csp/csp_300/carseq_300_8_20_56.txt,r1,5400,0,2.0,[(t:0.000-step:1-v:369.0)-(t:0.008-step:2-v:368.0)-(t:0.040-step:3-v:367.0)-(t:0.043-step:4-v:362.0)-(t:0.044-step:5-v:359.0)-(t:0.053-step:6-v:358.0)-(t:0.071-step:7-v:357.0)-(t:0.077-step:8-v:355.0)-(t:0.080-step:9-v:353.0)-(t:0.081-step:10-v:351.0)-(t:0.089-step:11-v:349.0)-(t:0.090-step:12-v:348.0)-(t:0.092-step:13-v:346.0)-(t:0.096-step:14-v:342.0)-(t:0.102-step:15-v:341.0)-(t:0.107-step:16-v:340.0)-(t:0.108-step:17-v:339.0)-(t:0.108-step:18-v:338.0)-(t:0.112-step:19-v:337.0)-(t:0.112-step:20-v:336.0)-(t:0.114-step:21-v:334.0)-(t:0.120-step:22-v:332.0)-(t:0.128-step:23-v:331.0)-(t:0.137-step:24-v:328.0)-(t:0.143-step:25-v:326.0)-(t:0.143-step:26-v:324.0)-(t:0.151-step:27-v:322.0)-(t:0.152-step:28-v:321.0)-(t:0.158-step:29-v:319.0)-(t:0.164-step:30-v:318.0)-(t:0.165-step:31-v:315.0)-(t:0.171-step:32-v:314.0)-(t:0.173-step:33-v:313.0)-(t:0.175-step:34-v:312.0)-(t:0.177-step:35-v:310.0)-(t:0.183-step:36-v:309.0)-(t:0.191-step:37-v:308.0)-(t:0.192-step:38-v:307.0)-(t:0.231-step:39-v:306.0)-(t:0.232-step:40-v:305.0)-(t:0.233-step:41-v:304.0)-(t:0.233-step:42-v:302.0)-(t:0.242-step:43-v:300.0)-(t:0.245-step:44-v:299.0)-(t:0.250-step:45-v:297.0)-(t:0.254-step:46-v:296.0)-(t:0.272-step:47-v:295.0)-(t:0.283-step:48-v:294.0)-(t:0.284-step:49-v:291.0)-(t:0.285-step:50-v:290.0)-(t:0.285-step:51-v:287.0)-(t:0.296-step:52-v:285.0)-(t:0.301-step:53-v:284.0)-(t:0.302-step:54-v:283.0)-(t:0.330-step:55-v:282.0)-(t:0.335-step:56-v:279.0)-(t:0.342-step:57-v:278.0)-(t:0.347-step:58-v:277.0)-(t:0.348-step:59-v:276.0)-(t:0.355-step:60-v:275.0)-(t:0.362-step:61-v:273.0)-(t:0.369-step:62-v:272.0)-(t:0.370-step:63-v:271.0)-(t:0.381-step:64-v:269.0)-(t:0.382-step:65-v:265.0)-(t:0.383-step:66-v:263.0)-(t:0.388-step:67-v:262.0)-(t:0.396-step:68-v:261.0)-(t:0.397-step:69-v:260.0)-(t:0.403-step:70-v:259.0)-(t:0.405-step:71-v:258.0)-(t:0.410-step:72-v:257.0)-(t:0.415-step:73-v:256.0)-(t:0.416-step:74-v:253.0)-(t:0.421-step:75-v:252.0)-(t:0.427-step:76-v:250.0)-(t:0.431-step:77-v:249.0)-(t:0.432-step:78-v:248.0)-(t:0.447-step:79-v:246.0)-(t:0.458-step:80-v:245.0)-(t:0.460-step:81-v:244.0)-(t:0.460-step:82-v:243.0)-(t:0.461-step:83-v:242.0)-(t:0.462-step:84-v:241.0)-(t:0.463-step:85-v:240.0)-(t:0.468-step:86-v:239.0)-(t:0.473-step:87-v:238.0)-(t:0.476-step:88-v:237.0)-(t:0.476-step:89-v:235.0)-(t:0.477-step:90-v:234.0)-(t:0.478-step:91-v:233.0)-(t:0.478-step:92-v:231.0)-(t:0.479-step:93-v:230.0)-(t:0.480-step:94-v:228.0)-(t:0.486-step:95-v:227.0)-(t:0.487-step:96-v:225.0)-(t:0.488-step:97-v:220.0)-(t:0.489-step:98-v:218.0)-(t:0.490-step:99-v:217.0)-(t:0.493-step:100-v:216.0)-(t:0.495-step:101-v:215.0)-(t:0.496-step:102-v:214.0)-(t:0.501-step:103-v:213.0)-(t:0.503-step:104-v:212.0)-(t:0.506-step:105-v:211.0)-(t:0.507-step:106-v:208.0)-(t:0.511-step:107-v:206.0)-(t:0.512-step:108-v:205.0)-(t:0.513-step:109-v:204.0)-(t:0.514-step:110-v:202.0)-(t:0.517-step:111-v:201.0)-(t:0.521-step:112-v:200.0)-(t:0.522-step:113-v:196.0)-(t:0.523-step:114-v:194.0)-(t:0.524-step:115-v:192.0)-(t:0.524-step:116-v:191.0)-(t:0.525-step:117-v:190.0)-(t:0.525-step:118-v:189.0)-(t:0.530-step:119-v:188.0)-(t:0.531-step:120-v:187.0)-(t:0.531-step:121-v:185.0)-(t:0.531-step:122-v:184.0)-(t:0.532-step:123-v:183.0)-(t:0.536-step:124-v:182.0)-(t:0.537-step:125-v:181.0)-(t:0.538-step:126-v:180.0)-(t:0.543-step:127-v:179.0)-(t:0.551-step:128-v:178.0)-(t:0.552-step:129-v:177.0)-(t:0.552-step:130-v:176.0)-(t:0.553-step:131-v:175.0)-(t:0.554-step:132-v:174.0)-(t:0.556-step:133-v:173.0)-(t:0.557-step:134-v:172.0)-(t:0.605-step:135-v:171.0)-(t:0.608-step:136-v:170.0)-(t:0.608-step:137-v:169.0)-(t:0.609-step:138-v:168.0)-(t:0.610-step:139-v:167.0)-(t:0.611-step:140-v:165.0)-(t:0.612-step:141-v:164.0)-(t:0.613-step:142-v:163.0)-(t:0.660-step:143-v:162.0)-(t:0.665-step:144-v:161.0)-(t:0.665-step:145-v:160.0)-(t:0.666-step:146-v:159.0)-(t:0.672-step:147-v:158.0)-(t:0.672-step:148-v:156.0)-(t:0.673-step:149-v:155.0)-(t:0.673-step:150-v:154.0)-(t:0.716-step:151-v:153.0)-(t:0.740-step:152-v:152.0)-(t:0.740-step:153-v:151.0)-(t:0.741-step:154-v:149.0)-(t:0.744-step:155-v:148.0)-(t:0.753-step:156-v:147.0)-(t:0.753-step:157-v:146.0)-(t:0.754-step:158-v:145.0)-(t:0.773-step:159-v:144.0)-(t:0.774-step:160-v:142.0)-(t:0.774-step:161-v:141.0)-(t:0.776-step:162-v:140.0)-(t:0.784-step:163-v:139.0)-(t:0.786-step:164-v:137.0)-(t:0.787-step:165-v:136.0)-(t:0.800-step:166-v:134.0)-(t:0.848-step:167-v:133.0)-(t:0.849-step:168-v:132.0)-(t:0.850-step:169-v:130.0)-(t:0.850-step:170-v:128.0)-(t:0.851-step:171-v:127.0)-(t:0.852-step:172-v:126.0)-(t:0.853-step:173-v:125.0)-(t:0.861-step:174-v:124.0)-(t:0.931-step:175-v:123.0)-(t:0.931-step:176-v:122.0)-(t:0.932-step:177-v:121.0)-(t:0.933-step:178-v:120.0)-(t:0.933-step:179-v:119.0)-(t:0.936-step:180-v:118.0)-(t:0.938-step:181-v:117.0)-(t:0.938-step:182-v:116.0)-(t:0.980-step:183-v:115.0)-(t:0.986-step:184-v:114.0)-(t:0.986-step:185-v:113.0)-(t:0.987-step:186-v:111.0)-(t:0.992-step:187-v:109.0)-(t:0.993-step:188-v:108.0)-(t:0.995-step:189-v:107.0)-(t:1.057-step:190-v:106.0)-(t:1.059-step:191-v:105.0)-(t:1.061-step:192-v:104.0)-(t:1.062-step:193-v:103.0)-(t:1.069-step:194-v:102.0)-(t:1.070-step:195-v:101.0)-(t:1.071-step:196-v:100.0)-(t:1.167-step:197-v:99.0)-(t:1.172-step:198-v:98.0)-(t:1.173-step:199-v:97.0)-(t:1.174-step:200-v:95.0)-(t:1.175-step:201-v:94.0)-(t:1.180-step:202-v:93.0)-(t:1.182-step:203-v:92.0)-(t:1.183-step:204-v:91.0)-(t:1.203-step:205-v:90.0)-(t:1.208-step:206-v:89.0)-(t:1.209-step:207-v:88.0)-(t:1.211-step:208-v:87.0)-(t:1.218-step:209-v:86.0)-(t:1.218-step:210-v:85.0)-(t:1.219-step:211-v:84.0)-(t:1.228-step:212-v:83.0)-(t:1.240-step:213-v:82.0)-(t:1.244-step:214-v:81.0)-(t:1.245-step:215-v:79.0)-(t:1.264-step:216-v:78.0)-(t:1.265-step:217-v:77.0)-(t:1.270-step:218-v:76.0)-(t:1.331-step:219-v:75.0)-(t:1.346-step:220-v:74.0)-(t:1.348-step:221-v:71.0)-(t:1.349-step:222-v:70.0)-(t:1.355-step:223-v:69.0)-(t:1.357-step:224-v:68.0)-(t:1.363-step:225-v:67.0)-(t:1.369-step:226-v:66.0)-(t:1.372-step:227-v:65.0)-(t:1.374-step:228-v:64.0)-(t:1.377-step:229-v:63.0)-(t:1.379-step:230-v:62.0)-(t:1.384-step:231-v:61.0)-(t:1.390-step:232-v:60.0)-(t:1.400-step:233-v:59.0)-(t:1.415-step:234-v:58.0)-(t:1.417-step:235-v:57.0)-(t:1.418-step:236-v:56.0)-(t:1.429-step:237-v:55.0)-(t:1.430-step:238-v:54.0)-(t:1.465-step:239-v:53.0)-(t:1.467-step:240-v:52.0)-(t:1.492-step:241-v:51.0)-(t:1.538-step:242-v:50.0)-(t:1.542-step:243-v:49.0)-(t:1.577-step:244-v:48.0)-(t:1.585-step:245-v:47.0)-(t:1.587-step:246-v:46.0)-(t:1.593-step:247-v:45.0)-(t:1.612-step:248-v:44.0)-(t:1.619-step:249-v:43.0)-(t:1.633-step:250-v:42.0)-(t:1.636-step:251-v:41.0)-(t:1.638-step:252-v:40.0)-(t:1.758-step:253-v:39.0)-(t:1.887-step:254-v:38.0)-(t:1.887-step:255-v:37.0)-(t:2.110-step:256-v:36.0)-(t:2.123-step:257-v:35.0)-(t:2.176-step:258-v:34.0)-(t:2.182-step:259-v:33.0)-(t:2.189-step:260-v:32.0)-(t:2.216-step:261-v:31.0)-(t:2.219-step:262-v:30.0)-(t:2.232-step:263-v:29.0)-(t:2.326-step:264-v:28.0)-(t:2.410-step:265-v:27.0)-(t:2.425-step:266-v:26.0)-(t:2.576-step:267-v:25.0)-(t:2.635-step:268-v:24.0)-(t:2.726-step:269-v:23.0)-(t:2.952-step:270-v:22.0)-(t:3.016-step:271-v:21.0)-(t:3.213-step:272-v:20.0)-(t:3.303-step:273-v:19.0)-(t:3.451-step:274-v:18.0)-(t:3.520-step:275-v:17.0)-(t:3.655-step:276-v:16.0)-(t:3.755-step:277-v:15.0)-(t:3.794-step:278-v:14.0)-(t:3.881-step:279-v:13.0)-(t:3.975-step:280-v:12.0)-(t:3.980-step:281-v:11.0)-(t:4.065-step:282-v:10.0)-(t:4.178-step:283-v:9.0)-(t:4.295-step:284-v:8.0)-(t:4.407-step:285-v:7.0)-(t:4.511-step:286-v:6.0)-(t:4.645-step:287-v:5.0)-(t:5.134-step:301-v:4.0)-(t:5.277-step:302-v:3.0)-(t:5.366-step:303-v:2.0)],5400.0
roundrobin,examples/csp/csp_300/carseq_300_8_20_62.txt,r1,5400,0,1.0,[(t:0.000-step:1-v:353.0)-(t:0.015-step:2-v:346.0)-(t:0.038-step:3-v:344.0)-(t:0.040-step:4-v:343.0)-(t:0.042-step:5-v:341.0)-(t:0.042-step:6-v:340.0)-(t:0.057-step:7-v:339.0)-(t:0.063-step:8-v:338.0)-(t:0.067-step:9-v:334.0)-(t:0.068-step:10-v:332.0)-(t:0.070-step:11-v:331.0)-(t:0.070-step:12-v:328.0)-(t:0.072-step:13-v:327.0)-(t:0.073-step:14-v:325.0)-(t:0.074-step:15-v:324.0)-(t:0.095-step:16-v:323.0)-(t:0.096-step:17-v:320.0)-(t:0.101-step:18-v:319.0)-(t:0.103-step:19-v:318.0)-(t:0.105-step:20-v:317.0)-(t:0.106-step:21-v:316.0)-(t:0.113-step:22-v:315.0)-(t:0.114-step:23-v:314.0)-(t:0.115-step:24-v:313.0)-(t:0.119-step:25-v:312.0)-(t:0.120-step:26-v:311.0)-(t:0.121-step:27-v:309.0)-(t:0.122-step:28-v:307.0)-(t:0.123-step:29-v:306.0)-(t:0.123-step:30-v:305.0)-(t:0.153-step:31-v:304.0)-(t:0.159-step:32-v:300.0)-(t:0.160-step:33-v:299.0)-(t:0.163-step:34-v:298.0)-(t:0.164-step:35-v:297.0)-(t:0.164-step:36-v:296.0)-(t:0.165-step:37-v:295.0)-(t:0.169-step:38-v:294.0)-(t:0.172-step:39-v:293.0)-(t:0.177-step:40-v:292.0)-(t:0.178-step:41-v:288.0)-(t:0.182-step:42-v:287.0)-(t:0.183-step:43-v:284.0)-(t:0.187-step:44-v:282.0)-(t:0.188-step:45-v:281.0)-(t:0.189-step:46-v:280.0)-(t:0.199-step:47-v:279.0)-(t:0.201-step:48-v:277.0)-(t:0.202-step:49-v:276.0)-(t:0.203-step:50-v:275.0)-(t:0.207-step:51-v:274.0)-(t:0.207-step:52-v:273.0)-(t:0.212-step:53-v:271.0)-(t:0.213-step:54-v:270.0)-(t:0.213-step:55-v:268.0)-(t:0.218-step:56-v:264.0)-(t:0.219-step:57-v:261.0)-(t:0.220-step:58-v:260.0)-(t:0.220-step:59-v:258.0)-(t:0.224-step:60-v:257.0)-(t:0.233-step:61-v:255.0)-(t:0.233-step:62-v:254.0)-(t:0.234-step:63-v:253.0)-(t:0.239-step:64-v:252.0)-(t:0.241-step:65-v:250.0)-(t:0.241-step:66-v:247.0)-(t:0.242-step:67-v:246.0)-(t:0.243-step:68-v:245.0)-(t:0.247-step:69-v:244.0)-(t:0.248-step:70-v:243.0)-(t:0.249-step:71-v:241.0)-(t:0.261-step:72-v:240.0)-(t:0.265-step:73-v:237.0)-(t:0.270-step:74-v:236.0)-(t:0.270-step:75-v:235.0)-(t:0.271-step:76-v:233.0)-(t:0.274-step:77-v:232.0)-(t:0.275-step:78-v:231.0)-(t:0.287-step:79-v:230.0)-(t:0.292-step:80-v:229.0)-(t:0.294-step:81-v:226.0)-(t:0.294-step:82-v:224.0)-(t:0.295-step:83-v:223.0)-(t:0.296-step:84-v:222.0)-(t:0.298-step:85-v:220.0)-(t:0.302-step:86-v:219.0)-(t:0.304-step:87-v:218.0)-(t:0.311-step:88-v:217.0)-(t:0.313-step:89-v:216.0)-(t:0.314-step:90-v:213.0)-(t:0.315-step:91-v:212.0)-(t:0.328-step:92-v:211.0)-(t:0.329-step:93-v:209.0)-(t:0.332-step:94-v:208.0)-(t:0.341-step:95-v:207.0)-(t:0.346-step:96-v:205.0)-(t:0.352-step:97-v:204.0)-(t:0.352-step:98-v:203.0)-(t:0.355-step:99-v:202.0)-(t:0.357-step:100-v:201.0)-(t:0.359-step:101-v:200.0)-(t:0.361-step:102-v:199.0)-(t:0.369-step:103-v:196.0)-(t:0.374-step:104-v:195.0)-(t:0.376-step:105-v:194.0)-(t:0.376-step:106-v:193.0)-(t:0.377-step:107-v:192.0)-(t:0.379-step:108-v:191.0)-(t:0.380-step:109-v:190.0)-(t:0.382-step:110-v:189.0)-(t:0.389-step:111-v:188.0)-(t:0.390-step:112-v:185.0)-(t:0.391-step:113-v:184.0)-(t:0.391-step:114-v:183.0)-(t:0.393-step:115-v:182.0)-(t:0.394-step:116-v:181.0)-(t:0.395-step:117-v:180.0)-(t:0.398-step:118-v:179.0)-(t:0.407-step:119-v:178.0)-(t:0.410-step:120-v:177.0)-(t:0.413-step:121-v:173.0)-(t:0.414-step:122-v:170.0)-(t:0.418-step:123-v:169.0)-(t:0.422-step:124-v:168.0)-(t:0.426-step:125-v:167.0)-(t:0.427-step:126-v:166.0)-(t:0.435-step:127-v:165.0)-(t:0.439-step:128-v:164.0)-(t:0.441-step:129-v:162.0)-(t:0.443-step:130-v:159.0)-(t:0.443-step:131-v:158.0)-(t:0.444-step:132-v:156.0)-(t:0.445-step:133-v:155.0)-(t:0.445-step:134-v:154.0)-(t:0.451-step:135-v:153.0)-(t:0.463-step:136-v:152.0)-(t:0.463-step:137-v:151.0)-(t:0.463-step:138-v:150.0)-(t:0.472-step:139-v:149.0)-(t:0.474-step:140-v:148.0)-(t:0.474-step:141-v:147.0)-(t:0.476-step:142-v:146.0)-(t:0.516-step:143-v:145.0)-(t:0.517-step:144-v:144.0)-(t:0.519-step:145-v:141.0)-(t:0.519-step:146-v:140.0)-(t:0.521-step:147-v:139.0)-(t:0.530-step:148-v:138.0)-(t:0.530-step:149-v:137.0)-(t:0.531-step:150-v:136.0)-(t:0.565-step:151-v:135.0)-(t:0.566-step:152-v:134.0)-(t:0.566-step:153-v:133.0)-(t:0.567-step:154-v:132.0)-(t:0.567-step:155-v:131.0)-(t:0.570-step:156-v:128.0)-(t:0.571-step:157-v:127.0)-(t:0.573-step:158-v:126.0)-(t:0.614-step:159-v:125.0)-(t:0.618-step:160-v:124.0)-(t:0.622-step:161-v:123.0)-(t:0.623-step:162-v:122.0)-(t:0.623-step:163-v:121.0)-(t:0.624-step:164-v:120.0)-(t:0.630-step:165-v:119.0)-(t:0.631-step:166-v:118.0)-(t:0.663-step:167-v:117.0)-(t:0.673-step:168-v:116.0)-(t:0.674-step:169-v:115.0)-(t:0.679-step:170-v:114.0)-(t:0.680-step:171-v:113.0)-(t:0.683-step:172-v:112.0)-(t:0.684-step:173-v:111.0)-(t:0.685-step:174-v:110.0)-(t:0.715-step:175-v:108.0)-(t:0.716-step:176-v:107.0)-(t:0.718-step:177-v:106.0)-(t:0.719-step:178-v:105.0)-(t:0.720-step:179-v:104.0)-(t:0.727-step:180-v:103.0)-(t:0.734-step:181-v:102.0)-(t:0.739-step:182-v:101.0)-(t:0.809-step:183-v:100.0)-(t:0.831-step:184-v:99.0)-(t:0.832-step:185-v:98.0)-(t:0.836-step:186-v:97.0)-(t:0.838-step:187-v:96.0)-(t:0.844-step:188-v:95.0)-(t:0.845-step:189-v:94.0)-(t:0.852-step:190-v:93.0)-(t:0.930-step:191-v:92.0)-(t:0.932-step:192-v:91.0)-(t:0.934-step:193-v:90.0)-(t:0.934-step:194-v:89.0)-(t:0.935-step:195-v:88.0)-(t:0.940-step:196-v:87.0)-(t:0.942-step:197-v:86.0)-(t:0.944-step:198-v:85.0)-(t:1.046-step:199-v:84.0)-(t:1.053-step:200-v:83.0)-(t:1.055-step:201-v:82.0)-(t:1.057-step:202-v:81.0)-(t:1.058-step:203-v:80.0)-(t:1.064-step:204-v:79.0)-(t:1.064-step:205-v:78.0)-(t:1.067-step:206-v:77.0)-(t:1.307-step:207-v:76.0)-(t:1.310-step:208-v:75.0)-(t:1.311-step:209-v:73.0)-(t:1.311-step:210-v:72.0)-(t:1.312-step:211-v:71.0)-(t:1.323-step:212-v:70.0)-(t:1.324-step:213-v:69.0)-(t:1.329-step:214-v:68.0)-(t:1.384-step:215-v:67.0)-(t:1.385-step:216-v:66.0)-(t:1.386-step:217-v:65.0)-(t:1.386-step:218-v:64.0)-(t:1.387-step:219-v:63.0)-(t:1.391-step:220-v:62.0)-(t:1.392-step:221-v:61.0)-(t:1.392-step:222-v:60.0)-(t:1.457-step:223-v:59.0)-(t:1.458-step:224-v:58.0)-(t:1.459-step:225-v:57.0)-(t:1.460-step:226-v:56.0)-(t:1.468-step:227-v:55.0)-(t:1.469-step:228-v:53.0)-(t:1.469-step:229-v:52.0)-(t:1.520-step:230-v:51.0)-(t:1.533-step:231-v:50.0)-(t:1.534-step:232-v:49.0)-(t:1.536-step:233-v:48.0)-(t:1.552-step:234-v:47.0)-(t:1.554-step:235-v:46.0)-(t:1.563-step:236-v:45.0)-(t:1.663-step:237-v:44.0)-(t:1.677-step:238-v:43.0)-(t:1.718-step:239-v:42.0)-(t:1.720-step:240-v:41.0)-(t:1.727-step:241-v:40.0)-(t:1.821-step:242-v:39.0)-(t:1.829-step:243-v:38.0)-(t:1.831-step:244-v:36.0)-(t:1.833-step:245-v:35.0)-(t:1.914-step:246-v:34.0)-(t:1.918-step:247-v:33.0)-(t:1.927-step:248-v:32.0)-(t:1.940-step:249-v:31.0)-(t:1.975-step:250-v:30.0)-(t:2.151-step:251-v:29.0)-(t:2.161-step:252-v:28.0)-(t:2.169-step:253-v:27.0)-(t:2.204-step:254-v:26.0)-(t:2.224-step:255-v:25.0)-(t:2.363-step:256-v:24.0)-(t:2.431-step:257-v:23.0)-(t:2.438-step:258-v:22.0)-(t:2.625-step:259-v:21.0)-(t:2.710-step:260-v:20.0)-(t:2.860-step:261-v:19.0)-(t:2.976-step:262-v:18.0)-(t:3.141-step:263-v:17.0)-(t:3.249-step:264-v:16.0)-(t:3.375-step:265-v:15.0)-(t:3.444-step:266-v:14.0)-(t:3.601-step:267-v:13.0)-(t:3.683-step:268-v:12.0)-(t:3.922-step:269-v:11.0)-(t:4.016-step:270-v:10.0)-(t:4.175-step:271-v:9.0)-(t:4.745-step:280-v:8.0)-(t:5.304-step:312-v:7.0)-(t:5.412-step:313-v:6.0)-(t:5.527-step:314-v:5.0)-(t:6.610-step:355-v:4.0)-(t:6.620-step:356-v:3.0)-(t:6.672-step:357-v:2.0)-(t:8.405-step:396-v:1.0)],5400.0
roundrobin,examples/csp/csp_300/carseq_300_8_20_78.txt,r1,5400,0,1.0,[(t:0.000-step:1-v:387.0)-(t:0.009-step:2-v:378.0)-(t:0.033-step:3-v:377.0)-(t:0.035-step:4-v:376.0)-(t:0.036-step:5-v:375.0)-(t:0.040-step:6-v:374.0)-(t:0.049-step:7-v:373.0)-(t:0.059-step:8-v:369.0)-(t:0.063-step:9-v:365.0)-(t:0.068-step:10-v:363.0)-(t:0.070-step:11-v:362.0)-(t:0.070-step:12-v:361.0)-(t:0.075-step:13-v:360.0)-(t:0.076-step:14-v:359.0)-(t:0.080-step:15-v:358.0)-(t:0.082-step:16-v:356.0)-(t:0.090-step:17-v:351.0)-(t:0.099-step:18-v:346.0)-(t:0.105-step:19-v:344.0)-(t:0.109-step:20-v:343.0)-(t:0.114-step:21-v:342.0)-(t:0.115-step:22-v:341.0)-(t:0.122-step:23-v:340.0)-(t:0.124-step:24-v:336.0)-(t:0.133-step:25-v:334.0)-(t:0.140-step:26-v:332.0)-(t:0.141-step:27-v:330.0)-(t:0.142-step:28-v:329.0)-(t:0.143-step:29-v:327.0)-(t:0.152-step:30-v:325.0)-(t:0.152-step:31-v:324.0)-(t:0.160-step:32-v:323.0)-(t:0.166-step:33-v:322.0)-(t:0.166-step:34-v:321.0)-(t:0.167-step:35-v:319.0)-(t:0.172-step:36-v:316.0)-(t:0.173-step:37-v:315.0)-(t:0.173-step:38-v:314.0)-(t:0.175-step:39-v:312.0)-(t:0.180-step:40-v:309.0)-(t:0.181-step:41-v:308.0)-(t:0.184-step:42-v:303.0)-(t:0.185-step:43-v:302.0)-(t:0.202-step:44-v:301.0)-(t:0.203-step:45-v:300.0)-(t:0.210-step:46-v:299.0)-(t:0.250-step:47-v:298.0)-(t:0.257-step:48-v:295.0)-(t:0.259-step:49-v:293.0)-(t:0.263-step:50-v:292.0)-(t:0.263-step:51-v:291.0)-(t:0.264-step:52-v:289.0)-(t:0.268-step:53-v:288.0)-(t:0.269-step:54-v:287.0)-(t:0.270-step:55-v:285.0)-(t:0.275-step:56-v:283.0)-(t:0.275-step:57-v:281.0)-(t:0.278-step:58-v:279.0)-(t:0.279-step:59-v:277.0)-(t:0.282-step:60-v:276.0)-(t:0.283-step:61-v:274.0)-(t:0.285-step:62-v:272.0)-(t:0.310-step:63-v:270.0)-(t:0.319-step:64-v:269.0)-(t:0.324-step:65-v:268.0)-(t:0.325-step:66-v:267.0)-(t:0.327-step:67-v:266.0)-(t:0.327-step:68-v:260.0)-(t:0.328-step:69-v:259.0)-(t:0.330-step:70-v:256.0)-(t:0.363-step:71-v:255.0)-(t:0.367-step:72-v:254.0)-(t:0.368-step:73-v:253.0)-(t:0.373-step:74-v:252.0)-(t:0.374-step:75-v:250.0)-(t:0.377-step:76-v:249.0)-(t:0.378-step:77-v:248.0)-(t:0.380-step:78-v:247.0)-(t:0.382-step:79-v:246.0)-(t:0.388-step:80-v:244.0)-(t:0.389-step:81-v:243.0)-(t:0.392-step:82-v:242.0)-(t:0.393-step:83-v:241.0)-(t:0.394-step:84-v:239.0)-(t:0.395-step:85-v:238.0)-(t:0.396-step:86-v:237.0)-(t:0.398-step:87-v:236.0)-(t:0.398-step:88-v:234.0)-(t:0.399-step:89-v:233.0)-(t:0.399-step:90-v:232.0)-(t:0.400-step:91-v:231.0)-(t:0.403-step:92-v:229.0)-(t:0.406-step:93-v:228.0)-(t:0.407-step:94-v:226.0)-(t:0.412-step:95-v:225.0)-(t:0.413-step:96-v:224.0)-(t:0.415-step:97-v:223.0)-(t:0.416-step:98-v:222.0)-(t:0.416-step:99-v:221.0)-(t:0.422-step:100-v:220.0)-(t:0.423-step:101-v:219.0)-(t:0.425-step:102-v:218.0)-(t:0.433-step:103-v:217.0)-(t:0.434-step:104-v:215.0)-(t:0.435-step:105-v:213.0)-(t:0.436-step:106-v:212.0)-(t:0.440-step:107-v:210.0)-(t:0.442-step:108-v:209.0)-(t:0.443-step:109-v:208.0)-(t:0.444-step:110-v:206.0)-(t:0.445-step:111-v:205.0)-(t:0.446-step:112-v:203.0)-(t:0.448-step:113-v:202.0)-(t:0.449-step:114-v:200.0)-(t:0.450-step:115-v:199.0)-(t:0.453-step:116-v:198.0)-(t:0.453-step:117-v:195.0)-(t:0.454-step:118-v:194.0)-(t:0.455-step:119-v:191.0)-(t:0.456-step:120-v:190.0)-(t:0.460-step:121-v:189.0)-(t:0.461-step:122-v:188.0)-(t:0.465-step:123-v:186.0)-(t:0.469-step:124-v:185.0)-(t:0.470-step:125-v:183.0)-(t:0.471-step:126-v:182.0)-(t:0.489-step:127-v:181.0)-(t:0.490-step:128-v:180.0)-(t:0.492-step:129-v:179.0)-(t:0.493-step:130-v:177.0)-(t:0.494-step:131-v:176.0)-(t:0.494-step:132-v:175.0)-(t:0.495-step:133-v:174.0)-(t:0.496-step:134-v:173.0)-(t:0.500-step:135-v:172.0)-(t:0.504-step:136-v:171.0)-(t:0.505-step:137-v:170.0)-(t:0.505-step:138-v:169.0)-(t:0.507-step:139-v:168.0)-(t:0.508-step:140-v:167.0)-(t:0.509-step:141-v:165.0)-(t:0.512-step:142-v:164.0)-(t:0.517-step:143-v:163.0)-(t:0.518-step:144-v:162.0)-(t:0.518-step:145-v:161.0)-(t:0.519-step:146-v:159.0)-(t:0.520-step:147-v:158.0)-(t:0.522-step:148-v:157.0)-(t:0.522-step:149-v:156.0)-(t:0.523-step:150-v:155.0)-(t:0.531-step:151-v:154.0)-(t:0.535-step:152-v:153.0)-(t:0.540-step:153-v:152.0)-(t:0.543-step:154-v:151.0)-(t:0.544-step:155-v:150.0)-(t:0.546-step:156-v:148.0)-(t:0.548-step:157-v:147.0)-(t:0.550-step:158-v:146.0)-(t:0.578-step:159-v:145.0)-(t:0.579-step:160-v:144.0)-(t:0.579-step:161-v:143.0)-(t:0.579-step:162-v:142.0)-(t:0.580-step:163-v:141.0)-(t:0.581-step:164-v:140.0)-(t:0.582-step:165-v:139.0)-(t:0.583-step:166-v:138.0)-(t:0.634-step:167-v:137.0)-(t:0.639-step:168-v:136.0)-(t:0.639-step:169-v:134.0)-(t:0.644-step:170-v:131.0)-(t:0.644-step:171-v:130.0)-(t:0.646-step:172-v:128.0)-(t:0.647-step:173-v:127.0)-(t:0.647-step:174-v:126.0)-(t:0.668-step:175-v:125.0)-(t:0.668-step:176-v:124.0)-(t:0.669-step:177-v:123.0)-(t:0.670-step:178-v:122.0)-(t:0.670-step:179-v:121.0)-(t:0.680-step:180-v:120.0)-(t:0.681-step:181-v:119.0)-(t:0.683-step:182-v:118.0)-(t:0.711-step:183-v:117.0)-(t:0.725-step:184-v:116.0)-(t:0.730-step:185-v:115.0)-(t:0.730-step:186-v:114.0)-(t:0.731-step:187-v:113.0)-(t:0.749-step:188-v:112.0)-(t:0.750-step:189-v:111.0)-(t:0.758-step:190-v:110.0)-(t:0.790-step:191-v:109.0)-(t:0.791-step:192-v:108.0)-(t:0.796-step:193-v:107.0)-(t:0.802-step:194-v:106.0)-(t:0.804-step:195-v:105.0)-(t:0.807-step:196-v:104.0)-(t:0.808-step:197-v:103.0)-(t:0.811-step:198-v:102.0)-(t:0.874-step:199-v:101.0)-(t:0.875-step:200-v:100.0)-(t:0.879-step:201-v:99.0)-(t:0.881-step:202-v:98.0)-(t:0.881-step:203-v:97.0)-(t:0.884-step:204-v:96.0)-(t:0.885-step:205-v:95.0)-(t:0.886-step:206-v:92.0)-(t:0.980-step:207-v:91.0)-(t:1.005-step:208-v:90.0)-(t:1.007-step:209-v:89.0)-(t:1.007-step:210-v:88.0)-(t:1.008-step:211-v:87.0)-(t:1.013-step:212-v:86.0)-(t:1.014-step:213-v:85.0)-(t:1.016-step:214-v:84.0)-(t:1.025-step:215-v:83.0)-(t:1.026-step:216-v:82.0)-(t:1.029-step:217-v:81.0)-(t:1.030-step:218-v:80.0)-(t:1.031-step:219-v:79.0)-(t:1.033-step:220-v:78.0)-(t:1.034-step:221-v:76.0)-(t:1.034-step:222-v:75.0)-(t:1.043-step:223-v:74.0)-(t:1.050-step:224-v:73.0)-(t:1.054-step:225-v:72.0)-(t:1.054-step:226-v:71.0)-(t:1.064-step:227-v:70.0)-(t:1.065-step:228-v:69.0)-(t:1.066-step:229-v:68.0)-(t:1.166-step:230-v:67.0)-(t:1.201-step:231-v:66.0)-(t:1.201-step:232-v:65.0)-(t:1.207-step:233-v:64.0)-(t:1.208-step:234-v:63.0)-(t:1.210-step:235-v:61.0)-(t:1.298-step:236-v:60.0)-(t:1.299-step:237-v:59.0)-(t:1.324-step:238-v:57.0)-(t:1.330-step:239-v:56.0)-(t:1.339-step:240-v:55.0)-(t:1.358-step:241-v:54.0)-(t:1.387-step:242-v:53.0)-(t:1.388-step:243-v:52.0)-(t:1.397-step:244-v:51.0)-(t:1.465-step:245-v:50.0)-(t:1.465-step:246-v:49.0)-(t:1.466-step:247-v:48.0)-(t:1.474-step:248-v:47.0)-(t:1.476-step:249-v:46.0)-(t:1.486-step:250-v:45.0)-(t:1.586-step:251-v:44.0)-(t:1.606-step:252-v:42.0)-(t:1.644-step:253-v:41.0)-(t:1.650-step:254-v:40.0)-(t:1.938-step:255-v:39.0)-(t:1.976-step:256-v:38.0)-(t:2.053-step:257-v:37.0)-(t:2.067-step:258-v:36.0)-(t:2.238-step:259-v:35.0)-(t:2.382-step:260-v:34.0)-(t:2.596-step:261-v:33.0)-(t:2.734-step:262-v:32.0)-(t:2.941-step:263-v:31.0)-(t:3.073-step:264-v:30.0)-(t:3.217-step:265-v:29.0)-(t:3.350-step:266-v:28.0)-(t:3.517-step:267-v:27.0)-(t:3.694-step:268-v:26.0)-(t:3.908-step:269-v:25.0)-(t:4.045-step:270-v:24.0)-(t:4.179-step:271-v:23.0)-(t:4.318-step:272-v:22.0)-(t:4.480-step:273-v:21.0)-(t:4.622-step:274-v:20.0)-(t:4.761-step:275-v:19.0)-(t:4.898-step:276-v:18.0)-(t:5.049-step:277-v:17.0)-(t:5.194-step:278-v:16.0)-(t:5.300-step:279-v:15.0)-(t:5.959-step:283-v:14.0)-(t:6.111-step:284-v:13.0)-(t:6.997-step:293-v:12.0)-(t:7.066-step:294-v:11.0)-(t:7.159-step:295-v:10.0)-(t:8.298-step:321-v:9.0)-(t:9.045-step:346-v:8.0)-(t:9.191-step:347-v:7.0)-(t:9.267-step:348-v:6.0)-(t:11.748-step:425-v:5.0)-(t:13.513-step:474-v:4.0)-(t:13.593-step:475-v:3.0)-(t:16.757-step:571-v:2.0)-(t:17.436-step:584-v:1.0)],5400.0
roundrobin,examples/csp/csp_300/carseq_300_8_20_81.txt,r1,5400,0,1.0,[(t:0.000-step:1-v:366.0)-(t:0.009-step:2-v:359.0)-(t:0.035-step:3-v:358.0)-(t:0.039-step:4-v:357.0)-(t:0.041-step:5-v:356.0)-(t:0.042-step:6-v:355.0)-(t:0.059-step:7-v:354.0)-(t:0.062-step:8-v:352.0)-(t:0.064-step:9-v:345.0)-(t:0.064-step:10-v:344.0)-(t:0.069-step:11-v:343.0)-(t:0.069-step:12-v:341.0)-(t:0.070-step:13-v:340.0)-(t:0.080-step:14-v:339.0)-(t:0.082-step:15-v:338.0)-(t:0.088-step:16-v:333.0)-(t:0.093-step:17-v:331.0)-(t:0.098-step:18-v:325.0)-(t:0.099-step:19-v:323.0)-(t:0.100-step:20-v:320.0)-(t:0.111-step:21-v:318.0)-(t:0.112-step:22-v:317.0)-(t:0.113-step:23-v:316.0)-(t:0.116-step:24-v:311.0)-(t:0.120-step:25-v:307.0)-(t:0.121-step:26-v:306.0)-(t:0.121-step:27-v:303.0)-(t:0.123-step:28-v:302.0)-(t:0.128-step:29-v:301.0)-(t:0.128-step:30-v:299.0)-(t:0.133-step:31-v:298.0)-(t:0.134-step:32-v:297.0)-(t:0.137-step:33-v:296.0)-(t:0.137-step:34-v:295.0)-(t:0.138-step:35-v:294.0)-(t:0.139-step:36-v:293.0)-(t:0.141-step:37-v:291.0)-(t:0.142-step:38-v:290.0)-(t:0.151-step:39-v:289.0)-(t:0.167-step:40-v:288.0)-(t:0.168-step:41-v:285.0)-(t:0.174-step:42-v:284.0)-(t:0.180-step:43-v:282.0)-(t:0.182-step:44-v:281.0)-(t:0.187-step:45-v:279.0)-(t:0.188-step:46-v:278.0)-(t:0.193-step:47-v:277.0)-(t:0.193-step:48-v:276.0)-(t:0.194-step:49-v:274.0)-(t:0.198-step:50-v:272.0)-(t:0.199-step:51-v:270.0)-(t:0.199-step:52-v:269.0)-(t:0.201-step:53-v:267.0)-(t:0.201-step:54-v:266.0)-(t:0.206-step:55-v:265.0)-(t:0.220-step:56-v:264.0)-(t:0.225-step:57-v:263.0)-(t:0.226-step:58-v:262.0)-(t:0.227-step:59-v:261.0)-(t:0.227-step:60-v:260.0)-(t:0.232-step:61-v:259.0)-(t:0.233-step:62-v:257.0)-(t:0.234-step:63-v:256.0)-(t:0.236-step:64-v:255.0)-(t:0.236-step:65-v:254.0)-(t:0.237-step:66-v:252.0)-(t:0.240-step:67-v:251.0)-(t:0.249-step:68-v:249.0)-(t:0.250-step:69-v:248.0)-(t:0.251-step:70-v:247.0)-(t:0.263-step:71-v:246.0)-(t:0.269-step:72-v:244.0)-(t:0.270-step:73-v:241.0)-(t:0.271-step:74-v:240.0)-(t:0.272-step:75-v:239.0)-(t:0.273-step:76-v:238.0)-(t:0.274-step:77-v:237.0)-(t:0.275-step:78-v:235.0)-(t:0.279-step:79-v:234.0)-(t:0.293-step:80-v:233.0)-(t:0.294-step:81-v:231.0)-(t:0.296-step:82-v:230.0)-(t:0.296-step:83-v:228.0)-(t:0.298-step:84-v:226.0)-(t:0.299-step:85-v:225.0)-(t:0.301-step:86-v:224.0)-(t:0.310-step:87-v:223.0)-(t:0.314-step:88-v:222.0)-(t:0.314-step:89-v:221.0)-(t:0.320-step:90-v:220.0)-(t:0.321-step:91-v:219.0)-(t:0.324-step:92-v:216.0)-(t:0.326-step:93-v:215.0)-(t:0.327-step:94-v:214.0)-(t:0.328-step:95-v:213.0)-(t:0.331-step:96-v:212.0)-(t:0.332-step:97-v:210.0)-(t:0.333-step:98-v:209.0)-(t:0.336-step:99-v:208.0)-(t:0.339-step:100-v:207.0)-(t:0.340-step:101-v:206.0)-(t:0.340-step:102-v:204.0)-(t:0.343-step:103-v:202.0)-(t:0.350-step:104-v:201.0)-(t:0.352-step:105-v:198.0)-(t:0.352-step:106-v:196.0)-(t:0.353-step:107-v:195.0)-(t:0.363-step:108-v:193.0)-(t:0.367-step:109-v:192.0)-(t:0.371-step:110-v:191.0)-(t:0.429-step:111-v:190.0)-(t:0.430-step:112-v:189.0)-(t:0.431-step:113-v:188.0)-(t:0.432-step:114-v:187.0)-(t:0.433-step:115-v:184.0)-(t:0.435-step:116-v:183.0)-(t:0.435-step:117-v:182.0)-(t:0.443-step:118-v:181.0)-(t:0.445-step:119-v:180.0)-(t:0.445-step:120-v:179.0)-(t:0.447-step:121-v:177.0)-(t:0.449-step:122-v:176.0)-(t:0.450-step:123-v:175.0)-(t:0.451-step:124-v:174.0)-(t:0.452-step:125-v:173.0)-(t:0.453-step:126-v:172.0)-(t:0.454-step:127-v:171.0)-(t:0.459-step:128-v:170.0)-(t:0.463-step:129-v:169.0)-(t:0.464-step:130-v:168.0)-(t:0.464-step:131-v:167.0)-(t:0.466-step:132-v:166.0)-(t:0.466-step:133-v:165.0)-(t:0.468-step:134-v:164.0)-(t:0.479-step:135-v:163.0)-(t:0.487-step:136-v:162.0)-(t:0.489-step:137-v:161.0)-(t:0.490-step:138-v:160.0)-(t:0.491-step:139-v:159.0)-(t:0.492-step:140-v:158.0)-(t:0.492-step:141-v:157.0)-(t:0.492-step:142-v:156.0)-(t:0.493-step:143-v:155.0)-(t:0.494-step:144-v:154.0)-(t:0.495-step:145-v:153.0)-(t:0.495-step:146-v:152.0)-(t:0.496-step:147-v:151.0)-(t:0.497-step:148-v:150.0)-(t:0.497-step:149-v:148.0)-(t:0.498-step:150-v:147.0)-(t:0.500-step:151-v:146.0)-(t:0.501-step:152-v:145.0)-(t:0.501-step:153-v:144.0)-(t:0.501-step:154-v:143.0)-(t:0.502-step:155-v:142.0)-(t:0.503-step:156-v:141.0)-(t:0.504-step:157-v:140.0)-(t:0.504-step:158-v:139.0)-(t:0.513-step:159-v:138.0)-(t:0.514-step:160-v:137.0)-(t:0.514-step:161-v:136.0)-(t:0.514-step:162-v:133.0)-(t:0.516-step:163-v:132.0)-(t:0.516-step:164-v:131.0)-(t:0.518-step:165-v:130.0)-(t:0.520-step:166-v:129.0)-(t:0.529-step:167-v:128.0)-(t:0.535-step:168-v:127.0)-(t:0.536-step:169-v:126.0)-(t:0.537-step:170-v:124.0)-(t:0.538-step:171-v:123.0)-(t:0.540-step:172-v:122.0)-(t:0.541-step:173-v:121.0)-(t:0.542-step:174-v:120.0)-(t:0.543-step:175-v:119.0)-(t:0.544-step:176-v:118.0)-(t:0.545-step:177-v:117.0)-(t:0.546-step:178-v:116.0)-(t:0.547-step:179-v:115.0)-(t:0.548-step:180-v:114.0)-(t:0.549-step:181-v:113.0)-(t:0.549-step:182-v:112.0)-(t:0.556-step:183-v:111.0)-(t:0.560-step:184-v:110.0)-(t:0.561-step:185-v:109.0)-(t:0.561-step:186-v:108.0)-(t:0.563-step:187-v:107.0)-(t:0.563-step:188-v:106.0)-(t:0.564-step:189-v:104.0)-(t:0.564-step:190-v:103.0)-(t:0.602-step:191-v:102.0)-(t:0.603-step:192-v:101.0)-(t:0.611-step:193-v:99.0)-(t:0.612-step:194-v:98.0)-(t:0.612-step:195-v:97.0)-(t:0.620-step:196-v:96.0)-(t:0.622-step:197-v:95.0)-(t:0.630-step:198-v:94.0)-(t:0.700-step:199-v:93.0)-(t:0.701-step:200-v:92.0)-(t:0.702-step:201-v:91.0)-(t:0.703-step:202-v:90.0)-(t:0.705-step:203-v:89.0)-(t:0.707-step:204-v:87.0)-(t:0.711-step:205-v:85.0)-(t:0.714-step:206-v:84.0)-(t:0.799-step:207-v:83.0)-(t:0.800-step:208-v:82.0)-(t:0.804-step:209-v:79.0)-(t:0.804-step:210-v:78.0)-(t:0.805-step:211-v:76.0)-(t:0.824-step:212-v:75.0)-(t:0.825-step:213-v:74.0)-(t:0.826-step:214-v:72.0)-(t:0.964-step:215-v:71.0)-(t:0.968-step:216-v:70.0)-(t:0.972-step:217-v:69.0)-(t:0.973-step:218-v:68.0)-(t:0.981-step:219-v:67.0)-(t:0.983-step:220-v:66.0)-(t:0.992-step:221-v:65.0)-(t:1.087-step:222-v:64.0)-(t:1.102-step:223-v:63.0)-(t:1.105-step:224-v:62.0)-(t:1.107-step:225-v:61.0)-(t:1.124-step:226-v:60.0)-(t:1.128-step:227-v:59.0)-(t:1.154-step:228-v:58.0)-(t:1.155-step:229-v:57.0)-(t:1.159-step:230-v:56.0)-(t:1.262-step:231-v:55.0)-(t:1.268-step:232-v:54.0)-(t:1.274-step:233-v:53.0)-(t:1.275-step:234-v:52.0)-(t:1.277-step:235-v:51.0)-(t:1.336-step:236-v:50.0)-(t:1.339-step:237-v:49.0)-(t:1.343-step:238-v:48.0)-(t:1.345-step:239-v:47.0)-(t:1.350-step:240-v:46.0)-(t:1.504-step:241-v:45.0)-(t:1.567-step:242-v:44.0)-(t:1.568-step:243-v:43.0)-(t:1.607-step:244-v:42.0)-(t:1.610-step:245-v:41.0)-(t:1.810-step:246-v:40.0)-(t:1.831-step:247-v:39.0)-(t:1.831-step:248-v:38.0)-(t:1.922-step:249-v:37.0)-(t:1.976-step:250-v:36.0)-(t:1.987-step:251-v:35.0)-(t:1.998-step:252-v:34.0)-(t:2.000-step:253-v:33.0)-(t:2.256-step:254-v:32.0)-(t:2.270-step:255-v:31.0)-(t:2.274-step:256-v:30.0)-(t:2.281-step:257-v:29.0)-(t:2.522-step:258-v:28.0)-(t:2.543-step:259-v:27.0)-(t:2.805-step:260-v:26.0)-(t:2.825-step:261-v:25.0)-(t:3.073-step:262-v:24.0)-(t:3.095-step:263-v:23.0)-(t:3.391-step:264-v:22.0)-(t:3.418-step:265-v:21.0)-(t:3.650-step:266-v:20.0)-(t:3.671-step:267-v:19.0)-(t:3.834-step:268-v:18.0)-(t:3.855-step:269-v:17.0)-(t:4.037-step:270-v:16.0)-(t:5.848-step:348-v:15.0)-(t:5.956-step:349-v:14.0)-(t:6.014-step:350-v:13.0)-(t:7.452-step:369-v:12.0)-(t:8.952-step:425-v:11.0)-(t:9.309-step:430-v:10.0)-(t:10.084-step:441-v:9.0)-(t:11.038-step:484-v:8.0)-(t:16.929-step:680-v:7.0)-(t:17.355-step:702-v:6.0)-(t:17.486-step:703-v:5.0)-(t:20.362-step:808-v:3.0)-(t:40.697-step:1468-v:2.0)-(t:67.426-step:2435-v:1.0)],5400.0
roundrobin,examples/csp/csp_300/pb_300_06.txt,r1,5400,0,6.0,[(t:0.000-step:1-v:407.0)-(t:0.008-step:2-v:405.0)-(t:0.045-step:3-v:404.0)-(t:0.045-step:4-v:402.0)-(t:0.047-step:5-v:399.0)-(t:0.047-step:6-v:397.0)-(t:0.069-step:7-v:396.0)-(t:0.074-step:8-v:392.0)-(t:0.076-step:9-v:390.0)-(t:0.079-step:10-v:388.0)-(t:0.082-step:11-v:386.0)-(t:0.083-step:12-v:384.0)-(t:0.084-step:13-v:383.0)-(t:0.085-step:14-v:382.0)-(t:0.086-step:15-v:380.0)-(t:0.087-step:16-v:377.0)-(t:0.088-step:17-v:375.0)-(t:0.089-step:18-v:373.0)-(t:0.090-step:19-v:372.0)-(t:0.107-step:20-v:370.0)-(t:0.111-step:21-v:368.0)-(t:0.115-step:22-v:367.0)-(t:0.117-step:23-v:366.0)-(t:0.122-step:24-v:365.0)-(t:0.123-step:25-v:359.0)-(t:0.124-step:26-v:353.0)-(t:0.125-step:27-v:350.0)-(t:0.126-step:28-v:347.0)-(t:0.130-step:29-v:346.0)-(t:0.131-step:30-v:344.0)-(t:0.132-step:31-v:343.0)-(t:0.136-step:32-v:342.0)-(t:0.137-step:33-v:339.0)-(t:0.139-step:34-v:336.0)-(t:0.140-step:35-v:334.0)-(t:0.141-step:36-v:333.0)-(t:0.142-step:37-v:330.0)-(t:0.143-step:38-v:329.0)-(t:0.144-step:39-v:328.0)-(t:0.146-step:40-v:326.0)-(t:0.147-step:41-v:324.0)-(t:0.148-step:42-v:323.0)-(t:0.153-step:43-v:321.0)-(t:0.156-step:44-v:320.0)-(t:0.157-step:45-v:319.0)-(t:0.159-step:46-v:318.0)-(t:0.166-step:47-v:317.0)-(t:0.169-step:48-v:316.0)-(t:0.170-step:49-v:314.0)-(t:0.170-step:50-v:310.0)-(t:0.171-step:51-v:309.0)-(t:0.172-step:52-v:307.0)-(t:0.174-step:53-v:306.0)-(t:0.176-step:54-v:304.0)-(t:0.178-step:55-v:303.0)-(t:0.179-step:56-v:301.0)-(t:0.181-step:57-v:297.0)-(t:0.182-step:58-v:293.0)-(t:0.183-step:59-v:292.0)-(t:0.185-step:60-v:290.0)-(t:0.186-step:61-v:288.0)-(t:0.188-step:62-v:285.0)-(t:0.225-step:63-v:284.0)-(t:0.226-step:64-v:283.0)-(t:0.227-step:65-v:280.0)-(t:0.232-step:66-v:278.0)-(t:0.234-step:67-v:277.0)-(t:0.234-step:68-v:275.0)-(t:0.235-step:69-v:273.0)-(t:0.236-step:70-v:272.0)-(t:0.240-step:71-v:271.0)-(t:0.245-step:72-v:270.0)-(t:0.250-step:73-v:269.0)-(t:0.254-step:74-v:266.0)-(t:0.255-step:75-v:265.0)-(t:0.256-step:76-v:264.0)-(t:0.257-step:77-v:263.0)-(t:0.271-step:78-v:262.0)-(t:0.278-step:79-v:261.0)-(t:0.284-step:80-v:260.0)-(t:0.285-step:81-v:258.0)-(t:0.286-step:82-v:255.0)-(t:0.287-step:83-v:254.0)-(t:0.292-step:84-v:253.0)-(t:0.293-step:85-v:251.0)-(t:0.305-step:86-v:250.0)-(t:0.310-step:87-v:249.0)-(t:0.312-step:88-v:247.0)-(t:0.317-step:89-v:246.0)-(t:0.322-step:90-v:244.0)-(t:0.325-step:91-v:243.0)-(t:0.330-step:92-v:242.0)-(t:0.331-step:93-v:241.0)-(t:0.332-step:94-v:240.0)-(t:0.335-step:95-v:239.0)-(t:0.337-step:96-v:238.0)-(t:0.338-step:97-v:235.0)-(t:0.339-step:98-v:233.0)-(t:0.340-step:99-v:232.0)-(t:0.342-step:100-v:231.0)-(t:0.343-step:101-v:230.0)-(t:0.346-step:102-v:229.0)-(t:0.348-step:103-v:228.0)-(t:0.350-step:104-v:227.0)-(t:0.352-step:105-v:225.0)-(t:0.352-step:106-v:222.0)-(t:0.353-step:107-v:221.0)-(t:0.354-step:108-v:219.0)-(t:0.355-step:109-v:218.0)-(t:0.355-step:110-v:217.0)-(t:0.360-step:111-v:216.0)-(t:0.371-step:112-v:215.0)-(t:0.376-step:113-v:214.0)-(t:0.377-step:114-v:213.0)-(t:0.378-step:115-v:212.0)-(t:0.379-step:116-v:211.0)-(t:0.385-step:117-v:210.0)-(t:0.390-step:118-v:208.0)-(t:0.397-step:119-v:207.0)-(t:0.399-step:120-v:206.0)-(t:0.403-step:121-v:205.0)-(t:0.404-step:122-v:203.0)-(t:0.405-step:123-v:202.0)-(t:0.406-step:124-v:201.0)-(t:0.408-step:125-v:199.0)-(t:0.410-step:126-v:198.0)-(t:0.415-step:127-v:197.0)-(t:0.420-step:128-v:196.0)-(t:0.426-step:129-v:195.0)-(t:0.427-step:130-v:194.0)-(t:0.427-step:131-v:193.0)-(t:0.428-step:132-v:192.0)-(t:0.429-step:133-v:191.0)-(t:0.430-step:134-v:190.0)-(t:0.431-step:135-v:189.0)-(t:0.432-step:136-v:188.0)-(t:0.433-step:137-v:184.0)-(t:0.434-step:138-v:182.0)-(t:0.434-step:139-v:181.0)-(t:0.434-step:140-v:179.0)-(t:0.435-step:141-v:178.0)-(t:0.436-step:142-v:177.0)-(t:0.438-step:143-v:176.0)-(t:0.438-step:144-v:175.0)-(t:0.439-step:145-v:174.0)-(t:0.439-step:146-v:172.0)-(t:0.440-step:147-v:171.0)-(t:0.445-step:148-v:170.0)-(t:0.445-step:149-v:169.0)-(t:0.453-step:150-v:168.0)-(t:0.456-step:151-v:167.0)-(t:0.457-step:152-v:164.0)-(t:0.459-step:153-v:163.0)-(t:0.460-step:154-v:162.0)-(t:0.460-step:155-v:160.0)-(t:0.461-step:156-v:159.0)-(t:0.461-step:157-v:158.0)-(t:0.462-step:158-v:157.0)-(t:0.463-step:159-v:156.0)-(t:0.464-step:160-v:155.0)-(t:0.467-step:161-v:154.0)-(t:0.468-step:162-v:152.0)-(t:0.468-step:163-v:151.0)-(t:0.471-step:164-v:150.0)-(t:0.472-step:165-v:149.0)-(t:0.472-step:166-v:147.0)-(t:0.480-step:167-v:146.0)-(t:0.485-step:168-v:144.0)-(t:0.491-step:169-v:143.0)-(t:0.492-step:170-v:142.0)-(t:0.492-step:171-v:141.0)-(t:0.494-step:172-v:140.0)-(t:0.495-step:173-v:139.0)-(t:0.495-step:174-v:138.0)-(t:0.504-step:175-v:137.0)-(t:0.513-step:176-v:136.0)-(t:0.515-step:177-v:134.0)-(t:0.515-step:178-v:133.0)-(t:0.516-step:179-v:132.0)-(t:0.521-step:180-v:131.0)-(t:0.522-step:181-v:130.0)-(t:0.523-step:182-v:128.0)-(t:0.524-step:183-v:127.0)-(t:0.525-step:184-v:126.0)-(t:0.525-step:185-v:125.0)-(t:0.525-step:186-v:124.0)-(t:0.526-step:187-v:123.0)-(t:0.527-step:188-v:122.0)-(t:0.530-step:189-v:121.0)-(t:0.530-step:190-v:120.0)-(t:0.538-step:191-v:119.0)-(t:0.538-step:192-v:118.0)-(t:0.541-step:193-v:117.0)-(t:0.541-step:194-v:115.0)-(t:0.542-step:195-v:114.0)-(t:0.543-step:196-v:113.0)-(t:0.544-step:197-v:112.0)-(t:0.547-step:198-v:111.0)-(t:0.550-step:199-v:110.0)-(t:0.550-step:200-v:109.0)-(t:0.551-step:201-v:108.0)-(t:0.552-step:202-v:106.0)-(t:0.552-step:203-v:104.0)-(t:0.558-step:204-v:103.0)-(t:0.558-step:205-v:102.0)-(t:0.559-step:206-v:100.0)-(t:0.563-step:207-v:99.0)-(t:0.569-step:208-v:98.0)-(t:0.569-step:209-v:96.0)-(t:0.574-step:210-v:95.0)-(t:0.595-step:211-v:94.0)-(t:0.596-step:212-v:93.0)-(t:0.597-step:213-v:92.0)-(t:0.663-step:214-v:91.0)-(t:0.670-step:215-v:90.0)-(t:0.671-step:216-v:89.0)-(t:0.689-step:217-v:88.0)-(t:0.690-step:218-v:87.0)-(t:0.696-step:219-v:86.0)-(t:0.783-step:220-v:85.0)-(t:0.787-step:221-v:84.0)-(t:0.788-step:222-v:83.0)-(t:0.803-step:223-v:82.0)-(t:0.804-step:224-v:81.0)-(t:0.811-step:225-v:80.0)-(t:0.889-step:226-v:79.0)-(t:0.891-step:227-v:78.0)-(t:0.893-step:228-v:77.0)-(t:0.900-step:229-v:76.0)-(t:0.901-step:230-v:75.0)-(t:0.912-step:231-v:74.0)-(t:1.028-step:232-v:73.0)-(t:1.032-step:233-v:71.0)-(t:1.037-step:234-v:70.0)-(t:1.042-step:235-v:69.0)-(t:1.048-step:236-v:68.0)-(t:1.172-step:237-v:67.0)-(t:1.174-step:238-v:66.0)-(t:1.176-step:239-v:65.0)-(t:1.201-step:240-v:64.0)-(t:1.206-step:241-v:63.0)-(t:1.287-step:242-v:62.0)-(t:1.293-step:243-v:61.0)-(t:1.295-step:244-v:60.0)-(t:1.309-step:245-v:59.0)-(t:1.380-step:246-v:58.0)-(t:1.391-step:247-v:57.0)-(t:1.396-step:248-v:56.0)-(t:1.397-step:249-v:55.0)-(t:1.548-step:250-v:54.0)-(t:1.600-step:251-v:53.0)-(t:1.601-step:252-v:52.0)-(t:1.652-step:253-v:51.0)-(t:1.658-step:254-v:50.0)-(t:1.662-step:255-v:49.0)-(t:1.681-step:256-v:48.0)-(t:1.693-step:257-v:47.0)-(t:1.703-step:258-v:46.0)-(t:1.717-step:259-v:45.0)-(t:1.737-step:260-v:44.0)-(t:1.780-step:261-v:43.0)-(t:1.787-step:262-v:42.0)-(t:1.796-step:263-v:41.0)-(t:1.801-step:264-v:40.0)-(t:1.804-step:265-v:39.0)-(t:1.969-step:266-v:38.0)-(t:1.980-step:267-v:37.0)-(t:1.985-step:268-v:36.0)-(t:1.986-step:269-v:35.0)-(t:2.170-step:270-v:34.0)-(t:2.208-step:271-v:33.0)-(t:2.213-step:272-v:32.0)-(t:2.219-step:273-v:31.0)-(t:2.225-step:274-v:30.0)-(t:2.408-step:275-v:29.0)-(t:2.415-step:276-v:28.0)-(t:2.436-step:277-v:27.0)-(t:2.456-step:278-v:26.0)-(t:2.486-step:279-v:25.0)-(t:2.700-step:280-v:24.0)-(t:2.737-step:281-v:23.0)-(t:4.284-step:365-v:22.0)-(t:4.319-step:366-v:21.0)-(t:4.509-step:367-v:20.0)-(t:4.533-step:368-v:19.0)-(t:4.635-step:369-v:18.0)-(t:7.549-step:471-v:17.0)-(t:7.648-step:472-v:16.0)-(t:7.727-step:473-v:15.0)-(t:9.249-step:580-v:13.0)-(t:13.131-step:787-v:12.0)-(t:13.165-step:788-v:11.0)-(t:13.996-step:805-v:10.0)-(t:16.320-step:872-v:9.0)-(t:24.925-step:1136-v:8.0)-(t:35.708-step:1542-v:6.0)],5400.0
roundrobin,examples/csp/csp_100/carseq_100_8_20_72.txt,r1,5400,1,0.0,[(t:0.000-step:1-v:101.0)-(t:0.007-step:2-v:99.0)-(t:0.028-step:3-v:97.0)-(t:0.030-step:4-v:96.0)-(t:0.031-step:5-v:94.0)-(t:0.032-step:6-v:93.0)-(t:0.042-step:7-v:92.0)-(t:0.046-step:8-v:89.0)-(t:0.048-step:9-v:87.0)-(t:0.050-step:10-v:84.0)-(t:0.051-step:11-v:83.0)-(t:0.052-step:12-v:81.0)-(t:0.052-step:13-v:80.0)-(t:0.053-step:14-v:77.0)-(t:0.073-step:15-v:76.0)-(t:0.077-step:16-v:74.0)-(t:0.078-step:17-v:72.0)-(t:0.079-step:18-v:70.0)-(t:0.079-step:19-v:68.0)-(t:0.080-step:20-v:66.0)-(t:0.081-step:21-v:65.0)-(t:0.084-step:22-v:64.0)-(t:0.085-step:23-v:63.0)-(t:0.085-step:24-v:62.0)-(t:0.086-step:25-v:59.0)-(t:0.086-step:26-v:57.0)-(t:0.088-step:27-v:55.0)-(t:0.089-step:28-v:53.0)-(t:0.096-step:29-v:52.0)-(t:0.096-step:30-v:51.0)-(t:0.098-step:31-v:49.0)-(t:0.102-step:32-v:48.0)-(t:0.103-step:33-v:46.0)-(t:0.103-step:34-v:44.0)-(t:0.104-step:35-v:42.0)-(t:0.107-step:36-v:41.0)-(t:0.108-step:37-v:40.0)-(t:0.109-step:38-v:39.0)-(t:0.110-step:39-v:37.0)-(t:0.110-step:40-v:36.0)-(t:0.116-step:41-v:35.0)-(t:0.118-step:42-v:34.0)-(t:0.121-step:43-v:33.0)-(t:0.124-step:44-v:32.0)-(t:0.156-step:45-v:31.0)-(t:0.158-step:46-v:30.0)-(t:0.163-step:47-v:29.0)-(t:0.166-step:48-v:28.0)-(t:0.170-step:49-v:27.0)-(t:0.194-step:50-v:26.0)-(t:0.198-step:51-v:25.0)-(t:0.207-step:52-v:24.0)-(t:0.207-step:53-v:23.0)-(t:0.208-step:54-v:21.0)-(t:0.212-step:55-v:20.0)-(t:0.241-step:56-v:19.0)-(t:0.255-step:57-v:18.0)-(t:0.268-step:58-v:17.0)-(t:0.329-step:59-v:16.0)-(t:0.332-step:60-v:15.0)-(t:0.334-step:61-v:14.0)-(t:0.338-step:62-v:13.0)-(t:0.350-step:63-v:12.0)-(t:0.359-step:64-v:11.0)-(t:0.392-step:65-v:10.0)-(t:0.426-step:66-v:9.0)-(t:0.464-step:67-v:8.0)-(t:0.508-step:68-v:7.0)-(t:0.536-step:69-v:6.0)-(t:0.565-step:70-v:5.0)-(t:0.744-step:99-v:4.0)-(t:0.758-step:100-v:3.0)-(t:0.780-step:101-v:2.0)-(t:1.002-step:119-v:1.0)-(t:1.013-step:120-v:0.0)],1.013
roundrobin,examples/csp/csp_100/carseq_100_8_20_73.txt,r1,5400,1,0.0,[(t:0.000-step:1-v:89.0)-(t:0.007-step:2-v:87.0)-(t:0.024-step:3-v:86.0)-(t:0.027-step:4-v:85.0)-(t:0.028-step:5-v:83.0)-(t:0.029-step:6-v:80.0)-(t:0.044-step:7-v:79.0)-(t:0.048-step:8-v:75.0)-(t:0.051-step:9-v:71.0)-(t:0.053-step:10-v:69.0)-(t:0.054-step:11-v:67.0)-(t:0.054-step:12-v:66.0)-(t:0.056-step:13-v:64.0)-(t:0.059-step:14-v:62.0)-(t:0.064-step:15-v:61.0)-(t:0.065-step:16-v:60.0)-(t:0.071-step:17-v:58.0)-(t:0.076-step:18-v:57.0)-(t:0.077-step:19-v:56.0)-(t:0.082-step:20-v:55.0)-(t:0.083-step:21-v:54.0)-(t:0.083-step:22-v:53.0)-(t:0.084-step:23-v:52.0)-(t:0.092-step:24-v:50.0)-(t:0.093-step:25-v:49.0)-(t:0.093-step:26-v:48.0)-(t:0.094-step:27-v:46.0)-(t:0.100-step:28-v:45.0)-(t:0.101-step:29-v:44.0)-(t:0.101-step:30-v:43.0)-(t:0.106-step:31-v:42.0)-(t:0.106-step:32-v:41.0)-(t:0.107-step:33-v:37.0)-(t:0.108-step:34-v:35.0)-(t:0.109-step:35-v:34.0)-(t:0.109-step:36-v:33.0)-(t:0.110-step:37-v:32.0)-(t:0.110-step:38-v:31.0)-(t:0.122-step:39-v:30.0)-(t:0.125-step:40-v:29.0)-(t:0.128-step:41-v:27.0)-(t:0.129-step:42-v:26.0)-(t:0.129-step:43-v:24.0)-(t:0.142-step:44-v:23.0)-(t:0.143-step:45-v:22.0)-(t:0.145-step:46-v:21.0)-(t:0.223-step:47-v:20.0)-(t:0.226-step:48-v:18.0)-(t:0.227-step:49-v:17.0)-(t:0.228-step:50-v:16.0)-(t:0.229-step:51-v:15.0)-(t:0.234-step:52-v:14.0)-(t:0.237-step:53-v:13.0)-(t:0.249-step:54-v:12.0)-(t:0.269-step:55-v:11.0)-(t:0.302-step:56-v:10.0)-(t:0.342-step:57-v:9.0)-(t:0.381-step:58-v:8.0)-(t:0.418-step:59-v:7.0)-(t:0.464-step:60-v:6.0)-(t:0.503-step:61-v:5.0)-(t:0.638-step:72-v:4.0)-(t:0.662-step:73-v:3.0)-(t:0.672-step:74-v:2.0)-(t:0.778-step:86-v:1.0)-(t:0.792-step:87-v:0.0)],0.792
roundrobin,examples/csp/csp_100/carseq_100_8_20_77.txt,r1,5400,1,0.0,[(t:0.000-step:1-v:113.0)-(t:0.008-step:2-v:111.0)-(t:0.031-step:3-v:107.0)-(t:0.031-step:4-v:105.0)-(t:0.037-step:5-v:104.0)-(t:0.038-step:6-v:101.0)-(t:0.049-step:7-v:100.0)-(t:0.052-step:8-v:95.0)-(t:0.054-step:9-v:90.0)-(t:0.054-step:10-v:89.0)-(t:0.055-step:11-v:88.0)-(t:0.055-step:12-v:86.0)-(t:0.056-step:13-v:85.0)-(t:0.056-step:14-v:84.0)-(t:0.059-step:15-v:83.0)-(t:0.060-step:16-v:82.0)-(t:0.061-step:17-v:78.0)-(t:0.062-step:18-v:76.0)-(t:0.062-step:19-v:74.0)-(t:0.063-step:20-v:67.0)-(t:0.064-step:21-v:65.0)-(t:0.067-step:22-v:64.0)-(t:0.068-step:23-v:62.0)-(t:0.069-step:24-v:59.0)-(t:0.071-step:25-v:57.0)-(t:0.074-step:26-v:56.0)-(t:0.075-step:27-v:55.0)-(t:0.077-step:28-v:53.0)-(t:0.081-step:29-v:52.0)-(t:0.088-step:30-v:51.0)-(t:0.091-step:31-v:50.0)-(t:0.093-step:32-v:49.0)-(t:0.093-step:33-v:48.0)-(t:0.096-step:34-v:47.0)-(t:0.097-step:35-v:46.0)-(t:0.101-step:36-v:45.0)-(t:0.103-step:37-v:44.0)-(t:0.103-step:38-v:42.0)-(t:0.107-step:39-v:41.0)-(t:0.121-step:40-v:40.0)-(t:0.124-step:41-v:39.0)-(t:0.128-step:42-v:38.0)-(t:0.129-step:43-v:37.0)-(t:0.130-step:44-v:36.0)-(t:0.130-step:45-v:35.0)-(t:0.138-step:46-v:34.0)-(t:0.139-step:47-v:32.0)-(t:0.139-step:48-v:31.0)-(t:0.140-step:49-v:30.0)-(t:0.147-step:50-v:29.0)-(t:0.155-step:51-v:28.0)-(t:0.164-step:52-v:27.0)-(t:0.187-step:53-v:26.0)-(t:0.192-step:54-v:25.0)-(t:0.193-step:55-v:24.0)-(t:0.198-step:56-v:23.0)-(t:0.199-step:57-v:22.0)-(t:0.221-step:58-v:20.0)-(t:0.228-step:59-v:19.0)-(t:0.255-step:60-v:18.0)-(t:0.256-step:61-v:17.0)-(t:0.276-step:62-v:16.0)-(t:0.277-step:63-v:15.0)-(t:0.283-step:64-v:14.0)-(t:0.297-step:65-v:13.0)-(t:0.302-step:66-v:12.0)-(t:0.305-step:67-v:11.0)-(t:0.310-step:68-v:10.0)-(t:0.323-step:69-v:9.0)-(t:0.335-step:70-v:8.0)-(t:0.338-step:71-v:7.0)-(t:0.350-step:72-v:6.0)-(t:0.353-step:73-v:5.0)-(t:0.361-step:74-v:4.0)-(t:0.368-step:75-v:3.0)-(t:0.390-step:76-v:2.0)-(t:0.623-step:95-v:1.0)-(t:1.248-step:146-v:0.0)],1.248
roundrobin,examples/csp/csp_100/carseq_100_8_20_81.txt,r1,5400,1,0.0,[(t:0.000-step:1-v:122.0)-(t:0.009-step:2-v:112.0)-(t:0.036-step:3-v:111.0)-(t:0.037-step:4-v:109.0)-(t:0.039-step:5-v:106.0)-(t:0.043-step:6-v:105.0)-(t:0.052-step:7-v:104.0)-(t:0.056-step:8-v:103.0)-(t:0.058-step:9-v:100.0)-(t:0.061-step:10-v:99.0)-(t:0.062-step:11-v:98.0)-(t:0.063-step:12-v:95.0)-(t:0.064-step:13-v:94.0)-(t:0.065-step:14-v:93.0)-(t:0.067-step:15-v:92.0)-(t:0.071-step:16-v:90.0)-(t:0.072-step:17-v:88.0)-(t:0.075-step:18-v:87.0)-(t:0.076-step:19-v:85.0)-(t:0.077-step:20-v:83.0)-(t:0.077-step:21-v:81.0)-(t:0.078-step:22-v:80.0)-(t:0.084-step:23-v:78.0)-(t:0.086-step:24-v:76.0)-(t:0.087-step:25-v:75.0)-(t:0.087-step:26-v:74.0)-(t:0.088-step:27-v:73.0)-(t:0.089-step:28-v:71.0)-(t:0.093-step:29-v:70.0)-(t:0.093-step:30-v:68.0)-(t:0.095-step:31-v:67.0)-(t:0.100-step:32-v:66.0)-(t:0.101-step:33-v:65.0)-(t:0.108-step:34-v:64.0)-(t:0.109-step:35-v:63.0)-(t:0.109-step:36-v:62.0)-(t:0.110-step:37-v:60.0)-(t:0.110-step:38-v:58.0)-(t:0.111-step:39-v:57.0)-(t:0.111-step:40-v:55.0)-(t:0.116-step:41-v:54.0)-(t:0.119-step:42-v:53.0)-(t:0.123-step:43-v:52.0)-(t:0.125-step:44-v:51.0)-(t:0.126-step:45-v:50.0)-(t:0.133-step:46-v:49.0)-(t:0.134-step:47-v:48.0)-(t:0.138-step:48-v:47.0)-(t:0.139-step:49-v:46.0)-(t:0.143-step:50-v:45.0)-(t:0.143-step:51-v:44.0)-(t:0.144-step:52-v:43.0)-(t:0.150-step:53-v:42.0)-(t:0.152-step:54-v:41.0)-(t:0.159-step:55-v:40.0)-(t:0.163-step:56-v:39.0)-(t:0.165-step:57-v:37.0)-(t:0.166-step:58-v:36.0)-(t:0.167-step:59-v:35.0)-(t:0.167-step:60-v:33.0)-(t:0.171-step:61-v:32.0)-(t:0.175-step:62-v:31.0)-(t:0.178-step:63-v:30.0)-(t:0.187-step:64-v:29.0)-(t:0.192-step:65-v:28.0)-(t:0.194-step:66-v:27.0)-(t:0.208-step:67-v:26.0)-(t:0.210-step:68-v:25.0)-(t:0.211-step:69-v:24.0)-(t:0.227-step:70-v:23.0)-(t:0.269-step:71-v:22.0)-(t:0.311-step:72-v:20.0)-(t:0.332-step:73-v:19.0)-(t:0.337-step:74-v:18.0)-(t:0.341-step:75-v:17.0)-(t:0.344-step:76-v:16.0)-(t:0.354-step:77-v:15.0)-(t:0.356-step:78-v:14.0)-(t:0.371-step:79-v:13.0)-(t:0.377-step:80-v:12.0)-(t:0.410-step:81-v:11.0)-(t:0.451-step:82-v:10.0)-(t:0.483-step:83-v:9.0)-(t:0.518-step:84-v:8.0)-(t:0.527-step:85-v:7.0)-(t:0.746-step:105-v:6.0)-(t:0.852-step:126-v:5.0)-(t:0.881-step:127-v:4.0)-(t:0.944-step:139-v:3.0)-(t:1.235-step:188-v:2.0)-(t:2.176-step:362-v:1.0)-(t:2.186-step:363-v:0.0)],2.186
roundrobin,examples/csp/csp_300/pb_300_07.txt,r1,5400,0,5.0,[(t:0.000-step:1-v:419.0)-(t:0.010-step:2-v:416.0)-(t:0.033-step:3-v:415.0)-(t:0.034-step:4-v:410.0)-(t:0.035-step:5-v:409.0)-(t:0.041-step:6-v:408.0)-(t:0.053-step:7-v:407.0)-(t:0.057-step:8-v:405.0)-(t:0.059-step:9-v:399.0)-(t:0.061-step:10-v:397.0)-(t:0.063-step:11-v:396.0)-(t:0.066-step:12-v:395.0)-(t:0.068-step:13-v:392.0)-(t:0.068-step:14-v:391.0)-(t:0.070-step:15-v:390.0)-(t:0.072-step:16-v:389.0)-(t:0.073-step:17-v:388.0)-(t:0.076-step:18-v:387.0)-(t:0.077-step:19-v:383.0)-(t:0.087-step:20-v:382.0)-(t:0.088-step:21-v:379.0)-(t:0.089-step:22-v:378.0)-(t:0.090-step:23-v:377.0)-(t:0.094-step:24-v:376.0)-(t:0.099-step:25-v:375.0)-(t:0.099-step:26-v:373.0)-(t:0.101-step:27-v:370.0)-(t:0.102-step:28-v:369.0)-(t:0.103-step:29-v:368.0)-(t:0.103-step:30-v:366.0)-(t:0.106-step:31-v:365.0)-(t:0.112-step:32-v:363.0)-(t:0.116-step:33-v:362.0)-(t:0.117-step:34-v:361.0)-(t:0.118-step:35-v:360.0)-(t:0.125-step:36-v:359.0)-(t:0.126-step:37-v:358.0)-(t:0.126-step:38-v:356.0)-(t:0.132-step:39-v:354.0)-(t:0.134-step:40-v:353.0)-(t:0.134-step:41-v:352.0)-(t:0.135-step:42-v:350.0)-(t:0.139-step:43-v:348.0)-(t:0.141-step:44-v:347.0)-(t:0.142-step:45-v:345.0)-(t:0.142-step:46-v:342.0)-(t:0.146-step:47-v:341.0)-(t:0.148-step:48-v:340.0)-(t:0.152-step:49-v:338.0)-(t:0.153-step:50-v:337.0)-(t:0.154-step:51-v:336.0)-(t:0.158-step:52-v:335.0)-(t:0.160-step:53-v:334.0)-(t:0.160-step:54-v:333.0)-(t:0.161-step:55-v:332.0)-(t:0.163-step:56-v:326.0)-(t:0.163-step:57-v:318.0)-(t:0.164-step:58-v:315.0)-(t:0.167-step:59-v:313.0)-(t:0.168-step:60-v:311.0)-(t:0.169-step:61-v:310.0)-(t:0.170-step:62-v:309.0)-(t:0.200-step:63-v:307.0)-(t:0.204-step:64-v:303.0)-(t:0.205-step:65-v:300.0)-(t:0.206-step:66-v:297.0)-(t:0.207-step:67-v:296.0)-(t:0.207-step:68-v:295.0)-(t:0.213-step:69-v:294.0)-(t:0.218-step:70-v:293.0)-(t:0.221-step:71-v:291.0)-(t:0.226-step:72-v:290.0)-(t:0.230-step:73-v:289.0)-(t:0.234-step:74-v:286.0)-(t:0.235-step:75-v:282.0)-(t:0.236-step:76-v:281.0)-(t:0.240-step:77-v:280.0)-(t:0.273-step:78-v:278.0)-(t:0.283-step:79-v:277.0)-(t:0.288-step:80-v:275.0)-(t:0.289-step:81-v:273.0)-(t:0.289-step:82-v:272.0)-(t:0.290-step:83-v:271.0)-(t:0.298-step:84-v:270.0)-(t:0.299-step:85-v:269.0)-(t:0.303-step:86-v:268.0)-(t:0.306-step:87-v:267.0)-(t:0.309-step:88-v:266.0)-(t:0.310-step:89-v:264.0)-(t:0.311-step:90-v:262.0)-(t:0.313-step:91-v:260.0)-(t:0.314-step:92-v:258.0)-(t:0.315-step:93-v:257.0)-(t:0.315-step:94-v:255.0)-(t:0.330-step:95-v:253.0)-(t:0.337-step:96-v:252.0)-(t:0.341-step:97-v:251.0)-(t:0.342-step:98-v:250.0)-(t:0.343-step:99-v:249.0)-(t:0.344-step:100-v:248.0)-(t:0.348-step:101-v:247.0)-(t:0.349-step:102-v:246.0)-(t:0.352-step:103-v:245.0)-(t:0.353-step:104-v:244.0)-(t:0.359-step:105-v:242.0)-(t:0.360-step:106-v:241.0)-(t:0.361-step:107-v:240.0)-(t:0.375-step:108-v:238.0)-(t:0.380-step:109-v:237.0)-(t:0.382-step:110-v:236.0)-(t:0.387-step:111-v:235.0)-(t:0.388-step:112-v:234.0)-(t:0.392-step:113-v:233.0)-(t:0.395-step:114-v:231.0)-(t:0.396-step:115-v:227.0)-(t:0.397-step:116-v:226.0)-(t:0.403-step:117-v:225.0)-(t:0.405-step:118-v:224.0)-(t:0.414-step:119-v:222.0)-(t:0.420-step:120-v:221.0)-(t:0.422-step:121-v:219.0)-(t:0.426-step:122-v:218.0)-(t:0.427-step:123-v:216.0)-(t:0.427-step:124-v:214.0)-(t:0.429-step:125-v:212.0)-(t:0.429-step:126-v:211.0)-(t:0.432-step:127-v:210.0)-(t:0.433-step:128-v:208.0)-(t:0.434-step:129-v:207.0)-(t:0.435-step:130-v:206.0)-(t:0.435-step:131-v:205.0)-(t:0.436-step:132-v:204.0)-(t:0.437-step:133-v:203.0)-(t:0.437-step:134-v:202.0)-(t:0.439-step:135-v:200.0)-(t:0.440-step:136-v:199.0)-(t:0.440-step:137-v:198.0)-(t:0.440-step:138-v:197.0)-(t:0.441-step:139-v:196.0)-(t:0.441-step:140-v:195.0)-(t:0.443-step:141-v:194.0)-(t:0.444-step:142-v:193.0)-(t:0.445-step:143-v:192.0)-(t:0.446-step:144-v:191.0)-(t:0.446-step:145-v:188.0)-(t:0.447-step:146-v:185.0)-(t:0.447-step:147-v:184.0)-(t:0.448-step:148-v:183.0)-(t:0.455-step:149-v:182.0)-(t:0.456-step:150-v:181.0)-(t:0.461-step:151-v:180.0)-(t:0.465-step:152-v:179.0)-(t:0.471-step:153-v:178.0)-(t:0.471-step:154-v:177.0)-(t:0.472-step:155-v:175.0)-(t:0.472-step:156-v:174.0)-(t:0.473-step:157-v:173.0)-(t:0.473-step:158-v:172.0)-(t:0.476-step:159-v:171.0)-(t:0.481-step:160-v:170.0)-(t:0.482-step:161-v:168.0)-(t:0.482-step:162-v:167.0)-(t:0.483-step:163-v:166.0)-(t:0.483-step:164-v:165.0)-(t:0.484-step:165-v:162.0)-(t:0.485-step:166-v:161.0)-(t:0.490-step:167-v:159.0)-(t:0.493-step:168-v:158.0)-(t:0.494-step:169-v:157.0)-(t:0.495-step:170-v:156.0)-(t:0.496-step:171-v:155.0)-(t:0.496-step:172-v:154.0)-(t:0.497-step:173-v:153.0)-(t:0.498-step:174-v:152.0)-(t:0.504-step:175-v:151.0)-(t:0.504-step:176-v:149.0)-(t:0.506-step:177-v:148.0)-(t:0.506-step:178-v:146.0)-(t:0.506-step:179-v:145.0)-(t:0.507-step:180-v:144.0)-(t:0.508-step:181-v:143.0)-(t:0.508-step:182-v:142.0)-(t:0.513-step:183-v:141.0)-(t:0.514-step:184-v:140.0)-(t:0.515-step:185-v:138.0)-(t:0.515-step:186-v:137.0)-(t:0.515-step:187-v:136.0)-(t:0.516-step:188-v:135.0)-(t:0.517-step:189-v:134.0)-(t:0.517-step:190-v:133.0)-(t:0.522-step:191-v:132.0)-(t:0.522-step:192-v:131.0)-(t:0.524-step:193-v:130.0)-(t:0.524-step:194-v:129.0)-(t:0.525-step:195-v:127.0)-(t:0.525-step:196-v:126.0)-(t:0.526-step:197-v:125.0)-(t:0.529-step:198-v:124.0)-(t:0.534-step:199-v:123.0)-(t:0.535-step:200-v:121.0)-(t:0.537-step:201-v:120.0)-(t:0.538-step:202-v:119.0)-(t:0.538-step:203-v:118.0)-(t:0.538-step:204-v:117.0)-(t:0.539-step:205-v:116.0)-(t:0.539-step:206-v:115.0)-(t:0.544-step:207-v:113.0)-(t:0.549-step:208-v:112.0)-(t:0.554-step:209-v:111.0)-(t:0.555-step:210-v:110.0)-(t:0.555-step:211-v:109.0)-(t:0.558-step:212-v:108.0)-(t:0.559-step:213-v:107.0)-(t:0.560-step:214-v:106.0)-(t:0.564-step:215-v:105.0)-(t:0.574-step:216-v:104.0)-(t:0.579-step:217-v:103.0)-(t:0.580-step:218-v:101.0)-(t:0.580-step:219-v:100.0)-(t:0.587-step:220-v:99.0)-(t:0.590-step:221-v:97.0)-(t:0.591-step:222-v:96.0)-(t:0.621-step:223-v:95.0)-(t:0.624-step:224-v:94.0)-(t:0.628-step:225-v:93.0)-(t:0.628-step:226-v:92.0)-(t:0.629-step:227-v:91.0)-(t:0.630-step:228-v:90.0)-(t:0.631-step:229-v:88.0)-(t:0.631-step:230-v:87.0)-(t:0.633-step:231-v:86.0)-(t:0.633-step:232-v:85.0)-(t:0.634-step:233-v:84.0)-(t:0.634-step:234-v:83.0)-(t:0.635-step:235-v:82.0)-(t:0.636-step:236-v:81.0)-(t:0.638-step:237-v:80.0)-(t:0.638-step:238-v:79.0)-(t:0.665-step:239-v:78.0)-(t:0.681-step:240-v:77.0)-(t:0.692-step:241-v:76.0)-(t:0.693-step:242-v:75.0)-(t:0.693-step:243-v:74.0)-(t:0.769-step:244-v:73.0)-(t:0.772-step:245-v:71.0)-(t:0.777-step:246-v:70.0)-(t:0.778-step:247-v:69.0)-(t:0.781-step:248-v:68.0)-(t:0.782-step:249-v:67.0)-(t:0.787-step:250-v:66.0)-(t:0.787-step:251-v:65.0)-(t:0.790-step:252-v:63.0)-(t:0.792-step:253-v:62.0)-(t:0.803-step:254-v:61.0)-(t:0.982-step:255-v:60.0)-(t:0.984-step:256-v:59.0)-(t:1.009-step:257-v:58.0)-(t:1.015-step:258-v:57.0)-(t:1.018-step:259-v:56.0)-(t:1.193-step:260-v:55.0)-(t:1.194-step:261-v:54.0)-(t:1.195-step:262-v:53.0)-(t:1.207-step:263-v:52.0)-(t:1.211-step:264-v:51.0)-(t:1.217-step:265-v:50.0)-(t:1.426-step:266-v:49.0)-(t:1.451-step:267-v:48.0)-(t:1.484-step:268-v:47.0)-(t:1.496-step:269-v:46.0)-(t:1.751-step:270-v:45.0)-(t:1.764-step:271-v:44.0)-(t:1.765-step:272-v:43.0)-(t:2.021-step:273-v:42.0)-(t:2.026-step:274-v:41.0)-(t:2.031-step:275-v:40.0)-(t:2.048-step:276-v:39.0)-(t:2.054-step:277-v:38.0)-(t:2.064-step:278-v:37.0)-(t:2.073-step:279-v:36.0)-(t:2.101-step:280-v:35.0)-(t:2.334-step:281-v:34.0)-(t:2.353-step:282-v:33.0)-(t:2.371-step:283-v:32.0)-(t:2.371-step:284-v:31.0)-(t:2.590-step:285-v:30.0)-(t:2.648-step:286-v:29.0)-(t:2.830-step:287-v:28.0)-(t:2.879-step:288-v:27.0)-(t:2.928-step:289-v:26.0)-(t:3.183-step:290-v:25.0)-(t:4.066-step:395-v:24.0)-(t:4.091-step:396-v:23.0)-(t:4.092-step:397-v:22.0)-(t:4.228-step:398-v:21.0)-(t:4.310-step:399-v:20.0)-(t:4.479-step:400-v:19.0)-(t:4.554-step:401-v:18.0)-(t:5.779-step:476-v:17.0)-(t:5.870-step:477-v:16.0)-(t:5.941-step:478-v:15.0)-(t:6.040-step:479-v:14.0)-(t:6.094-step:480-v:13.0)-(t:7.270-step:534-v:12.0)-(t:7.858-step:580-v:11.0)-(t:7.886-step:581-v:10.0)-(t:8.570-step:623-v:9.0)-(t:8.623-step:624-v:8.0)-(t:9.394-step:684-v:7.0)-(t:9.464-step:685-v:6.0)-(t:9.534-step:686-v:5.0)],5400.0
roundrobin,examples/csp/csp_300/pb_300_08.txt,r1,5400,0,8.0,[(t:0.000-step:1-v:397.0)-(t:0.012-step:2-v:392.0)-(t:0.046-step:3-v:390.0)-(t:0.047-step:4-v:388.0)-(t:0.049-step:5-v:384.0)-(t:0.050-step:6-v:383.0)-(t:0.068-step:7-v:382.0)-(t:0.074-step:8-v:380.0)-(t:0.075-step:9-v:379.0)-(t:0.080-step:10-v:373.0)-(t:0.081-step:11-v:372.0)-(t:0.083-step:12-v:371.0)-(t:0.084-step:13-v:369.0)-(t:0.086-step:14-v:368.0)-(t:0.099-step:15-v:367.0)-(t:0.101-step:16-v:364.0)-(t:0.103-step:17-v:363.0)-(t:0.105-step:18-v:358.0)-(t:0.106-step:19-v:356.0)-(t:0.106-step:20-v:354.0)-(t:0.107-step:21-v:352.0)-(t:0.108-step:22-v:351.0)-(t:0.109-step:23-v:350.0)-(t:0.110-step:24-v:348.0)-(t:0.112-step:25-v:346.0)-(t:0.113-step:26-v:345.0)-(t:0.114-step:27-v:344.0)-(t:0.119-step:28-v:342.0)-(t:0.120-step:29-v:339.0)-(t:0.121-step:30-v:338.0)-(t:0.125-step:31-v:336.0)-(t:0.130-step:32-v:334.0)-(t:0.135-step:33-v:333.0)-(t:0.135-step:34-v:331.0)-(t:0.136-step:35-v:326.0)-(t:0.137-step:36-v:325.0)-(t:0.138-step:37-v:324.0)-(t:0.138-step:38-v:323.0)-(t:0.139-step:39-v:322.0)-(t:0.141-step:40-v:321.0)-(t:0.142-step:41-v:320.0)-(t:0.143-step:42-v:319.0)-(t:0.147-step:43-v:314.0)-(t:0.148-step:44-v:313.0)-(t:0.149-step:45-v:311.0)-(t:0.150-step:46-v:308.0)-(t:0.152-step:47-v:307.0)-(t:0.157-step:48-v:305.0)-(t:0.158-step:49-v:301.0)-(t:0.158-step:50-v:300.0)-(t:0.161-step:51-v:299.0)-(t:0.161-step:52-v:298.0)-(t:0.162-step:53-v:297.0)-(t:0.163-step:54-v:294.0)-(t:0.165-step:55-v:292.0)-(t:0.168-step:56-v:291.0)-(t:0.169-step:57-v:290.0)-(t:0.170-step:58-v:289.0)-(t:0.172-step:59-v:288.0)-(t:0.175-step:60-v:287.0)-(t:0.176-step:61-v:285.0)-(t:0.177-step:62-v:284.0)-(t:0.178-step:63-v:283.0)-(t:0.185-step:64-v:282.0)-(t:0.186-step:65-v:281.0)-(t:0.189-step:66-v:280.0)-(t:0.190-step:67-v:277.0)-(t:0.191-step:68-v:276.0)-(t:0.195-step:69-v:274.0)-(t:0.195-step:70-v:272.0)-(t:0.201-step:71-v:271.0)-(t:0.202-step:72-v:269.0)-(t:0.206-step:73-v:265.0)-(t:0.207-step:74-v:264.0)-(t:0.208-step:75-v:263.0)-(t:0.209-step:76-v:262.0)-(t:0.215-step:77-v:260.0)-(t:0.215-step:78-v:259.0)-(t:0.220-step:79-v:258.0)-(t:0.225-step:80-v:257.0)-(t:0.259-step:81-v:256.0)-(t:0.261-step:82-v:255.0)-(t:0.262-step:83-v:254.0)-(t:0.263-step:84-v:253.0)-(t:0.265-step:85-v:252.0)-(t:0.266-step:86-v:251.0)-(t:0.269-step:87-v:249.0)-(t:0.271-step:88-v:248.0)-(t:0.272-step:89-v:247.0)-(t:0.272-step:90-v:246.0)-(t:0.273-step:91-v:244.0)-(t:0.274-step:92-v:242.0)-(t:0.275-step:93-v:241.0)-(t:0.276-step:94-v:240.0)-(t:0.277-step:95-v:239.0)-(t:0.278-step:96-v:236.0)-(t:0.279-step:97-v:235.0)-(t:0.282-step:98-v:233.0)-(t:0.289-step:99-v:231.0)-(t:0.294-step:100-v:230.0)-(t:0.295-step:101-v:229.0)-(t:0.296-step:102-v:228.0)-(t:0.307-step:103-v:227.0)-(t:0.307-step:104-v:225.0)-(t:0.315-step:105-v:224.0)-(t:0.317-step:106-v:223.0)-(t:0.319-step:107-v:222.0)-(t:0.335-step:108-v:221.0)-(t:0.336-step:109-v:219.0)-(t:0.338-step:110-v:217.0)-(t:0.348-step:111-v:216.0)-(t:0.357-step:112-v:209.0)-(t:0.362-step:113-v:206.0)-(t:0.369-step:114-v:203.0)-(t:0.373-step:115-v:202.0)-(t:0.384-step:116-v:201.0)-(t:0.387-step:117-v:200.0)-(t:0.388-step:118-v:198.0)-(t:0.390-step:119-v:197.0)-(t:0.395-step:120-v:196.0)-(t:0.397-step:121-v:192.0)-(t:0.398-step:122-v:190.0)-(t:0.400-step:123-v:189.0)-(t:0.401-step:124-v:188.0)-(t:0.403-step:125-v:187.0)-(t:0.404-step:126-v:186.0)-(t:0.406-step:127-v:185.0)-(t:0.410-step:128-v:184.0)-(t:0.411-step:129-v:182.0)-(t:0.416-step:130-v:181.0)-(t:0.417-step:131-v:180.0)-(t:0.422-step:132-v:178.0)-(t:0.423-step:133-v:177.0)-(t:0.423-step:134-v:176.0)-(t:0.433-step:135-v:175.0)-(t:0.436-step:136-v:174.0)-(t:0.439-step:137-v:168.0)-(t:0.439-step:138-v:167.0)-(t:0.443-step:139-v:166.0)-(t:0.449-step:140-v:165.0)-(t:0.457-step:141-v:164.0)-(t:0.457-step:142-v:163.0)-(t:0.470-step:143-v:162.0)-(t:0.472-step:144-v:161.0)-(t:0.477-step:145-v:160.0)-(t:0.477-step:146-v:158.0)-(t:0.479-step:147-v:157.0)-(t:0.485-step:148-v:156.0)-(t:0.486-step:149-v:154.0)-(t:0.486-step:150-v:153.0)-(t:0.491-step:151-v:152.0)-(t:0.492-step:152-v:151.0)-(t:0.493-step:153-v:150.0)-(t:0.494-step:154-v:149.0)-(t:0.494-step:155-v:148.0)-(t:0.495-step:156-v:147.0)-(t:0.495-step:157-v:146.0)-(t:0.496-step:158-v:145.0)-(t:0.497-step:159-v:144.0)-(t:0.498-step:160-v:143.0)-(t:0.499-step:161-v:141.0)-(t:0.501-step:162-v:137.0)-(t:0.502-step:163-v:136.0)-(t:0.502-step:164-v:135.0)-(t:0.503-step:165-v:134.0)-(t:0.503-step:166-v:133.0)-(t:0.516-step:167-v:132.0)-(t:0.518-step:168-v:131.0)-(t:0.523-step:169-v:130.0)-(t:0.524-step:170-v:129.0)-(t:0.526-step:171-v:128.0)-(t:0.527-step:172-v:126.0)-(t:0.527-step:173-v:125.0)-(t:0.531-step:174-v:124.0)-(t:0.534-step:175-v:123.0)-(t:0.536-step:176-v:122.0)-(t:0.538-step:177-v:121.0)-(t:0.538-step:178-v:119.0)-(t:0.539-step:179-v:118.0)-(t:0.539-step:180-v:117.0)-(t:0.540-step:181-v:116.0)-(t:0.540-step:182-v:115.0)-(t:0.541-step:183-v:114.0)-(t:0.546-step:184-v:113.0)-(t:0.548-step:185-v:112.0)-(t:0.549-step:186-v:111.0)-(t:0.550-step:187-v:109.0)-(t:0.551-step:188-v:107.0)-(t:0.551-step:189-v:106.0)-(t:0.552-step:190-v:104.0)-(t:0.555-step:191-v:103.0)-(t:0.555-step:192-v:102.0)-(t:0.556-step:193-v:101.0)-(t:0.557-step:194-v:100.0)-(t:0.557-step:195-v:99.0)-(t:0.558-step:196-v:98.0)-(t:0.559-step:197-v:97.0)-(t:0.561-step:198-v:96.0)-(t:0.567-step:199-v:95.0)-(t:0.570-step:200-v:94.0)-(t:0.571-step:201-v:93.0)-(t:0.572-step:202-v:91.0)-(t:0.572-step:203-v:90.0)-(t:0.574-step:204-v:89.0)-(t:0.575-step:205-v:88.0)-(t:0.582-step:206-v:87.0)-(t:0.586-step:207-v:83.0)-(t:0.588-step:208-v:82.0)-(t:0.589-step:209-v:81.0)-(t:0.590-step:210-v:80.0)-(t:0.591-step:211-v:79.0)-(t:0.591-step:212-v:77.0)-(t:0.592-step:213-v:76.0)-(t:0.594-step:214-v:75.0)-(t:0.622-step:215-v:74.0)-(t:0.634-step:216-v:73.0)-(t:0.635-step:217-v:72.0)-(t:0.640-step:218-v:71.0)-(t:0.644-step:219-v:70.0)-(t:0.649-step:220-v:69.0)-(t:0.649-step:221-v:68.0)-(t:0.756-step:222-v:67.0)-(t:0.813-step:223-v:66.0)-(t:0.817-step:224-v:65.0)-(t:0.818-step:225-v:64.0)-(t:0.851-step:226-v:63.0)-(t:0.855-step:227-v:62.0)-(t:0.862-step:228-v:61.0)-(t:1.013-step:229-v:60.0)-(t:1.164-step:230-v:59.0)-(t:1.180-step:231-v:58.0)-(t:1.183-step:232-v:57.0)-(t:1.187-step:233-v:56.0)-(t:1.209-step:234-v:55.0)-(t:1.223-step:235-v:54.0)-(t:1.234-step:236-v:53.0)-(t:1.419-step:237-v:52.0)-(t:1.480-step:238-v:51.0)-(t:1.492-step:239-v:50.0)-(t:1.493-step:240-v:49.0)-(t:1.518-step:241-v:48.0)-(t:1.519-step:242-v:47.0)-(t:1.523-step:243-v:46.0)-(t:1.641-step:244-v:45.0)-(t:1.716-step:245-v:44.0)-(t:1.717-step:246-v:43.0)-(t:1.749-step:247-v:42.0)-(t:1.750-step:248-v:41.0)-(t:1.757-step:249-v:40.0)-(t:1.897-step:250-v:39.0)-(t:1.903-step:251-v:38.0)-(t:1.961-step:252-v:37.0)-(t:1.961-step:253-v:36.0)-(t:2.366-step:254-v:35.0)-(t:2.370-step:255-v:34.0)-(t:2.381-step:256-v:33.0)-(t:2.464-step:257-v:32.0)-(t:2.477-step:258-v:31.0)-(t:2.748-step:259-v:30.0)-(t:2.819-step:260-v:29.0)-(t:2.924-step:261-v:28.0)-(t:2.928-step:262-v:27.0)-(t:3.161-step:263-v:26.0)-(t:3.162-step:264-v:25.0)-(t:3.190-step:265-v:24.0)-(t:3.215-step:266-v:23.0)-(t:3.604-step:267-v:22.0)-(t:3.676-step:268-v:21.0)-(t:4.401-step:350-v:20.0)-(t:4.536-step:351-v:19.0)-(t:4.634-step:352-v:18.0)-(t:4.765-step:353-v:17.0)-(t:4.901-step:354-v:16.0)-(t:5.669-step:361-v:15.0)-(t:5.977-step:367-v:14.0)-(t:10.182-step:585-v:13.0)-(t:11.595-step:661-v:12.0)-(t:11.678-step:662-v:11.0)-(t:12.864-step:706-v:10.0)-(t:17.911-step:1082-v:9.0)-(t:18.686-step:1119-v:8.0)],5400.0
roundrobin,examples/csp/csp_300/pb_300_09.txt,r1,5400,0,10.0,[(t:0.001-step:1-v:393.0)-(t:0.010-step:2-v:389.0)-(t:0.049-step:3-v:388.0)-(t:0.078-step:4-v:386.0)-(t:0.079-step:5-v:385.0)-(t:0.080-step:6-v:384.0)-(t:0.111-step:7-v:383.0)-(t:0.125-step:8-v:381.0)-(t:0.128-step:9-v:379.0)-(t:0.129-step:10-v:376.0)-(t:0.131-step:11-v:375.0)-(t:0.135-step:12-v:373.0)-(t:0.136-step:13-v:370.0)-(t:0.140-step:14-v:365.0)-(t:0.142-step:15-v:364.0)-(t:0.146-step:16-v:362.0)-(t:0.147-step:17-v:361.0)-(t:0.152-step:18-v:360.0)-(t:0.160-step:19-v:359.0)-(t:0.167-step:20-v:358.0)-(t:0.168-step:21-v:357.0)-(t:0.173-step:22-v:355.0)-(t:0.186-step:23-v:354.0)-(t:0.190-step:24-v:353.0)-(t:0.191-step:25-v:350.0)-(t:0.191-step:26-v:349.0)-(t:0.192-step:27-v:347.0)-(t:0.203-step:28-v:345.0)-(t:0.204-step:29-v:340.0)-(t:0.208-step:30-v:338.0)-(t:0.210-step:31-v:337.0)-(t:0.215-step:32-v:336.0)-(t:0.215-step:33-v:334.0)-(t:0.216-step:34-v:333.0)-(t:0.218-step:35-v:331.0)-(t:0.223-step:36-v:330.0)-(t:0.224-step:37-v:328.0)-(t:0.225-step:38-v:327.0)-(t:0.230-step:39-v:326.0)-(t:0.231-step:40-v:323.0)-(t:0.236-step:41-v:321.0)-(t:0.236-step:42-v:319.0)-(t:0.238-step:43-v:318.0)-(t:0.243-step:44-v:317.0)-(t:0.245-step:45-v:311.0)-(t:0.246-step:46-v:310.0)-(t:0.255-step:47-v:309.0)-(t:0.256-step:48-v:306.0)-(t:0.257-step:49-v:302.0)-(t:0.257-step:50-v:300.0)-(t:0.259-step:51-v:299.0)-(t:0.264-step:52-v:298.0)-(t:0.266-step:53-v:296.0)-(t:0.267-step:54-v:295.0)-(t:0.269-step:55-v:293.0)-(t:0.277-step:56-v:292.0)-(t:0.279-step:57-v:289.0)-(t:0.284-step:58-v:287.0)-(t:0.315-step:59-v:284.0)-(t:0.320-step:60-v:283.0)-(t:0.323-step:61-v:282.0)-(t:0.323-step:62-v:281.0)-(t:0.331-step:63-v:279.0)-(t:0.338-step:64-v:278.0)-(t:0.339-step:65-v:277.0)-(t:0.341-step:66-v:276.0)-(t:0.341-step:67-v:275.0)-(t:0.342-step:68-v:272.0)-(t:0.346-step:69-v:270.0)-(t:0.346-step:70-v:268.0)-(t:0.367-step:71-v:267.0)-(t:0.373-step:72-v:266.0)-(t:0.374-step:73-v:264.0)-(t:0.374-step:74-v:262.0)-(t:0.375-step:75-v:261.0)-(t:0.378-step:76-v:260.0)-(t:0.379-step:77-v:259.0)-(t:0.383-step:78-v:258.0)-(t:0.384-step:79-v:257.0)-(t:0.390-step:80-v:256.0)-(t:0.391-step:81-v:255.0)-(t:0.392-step:82-v:254.0)-(t:0.393-step:83-v:252.0)-(t:0.394-step:84-v:251.0)-(t:0.396-step:85-v:249.0)-(t:0.398-step:86-v:248.0)-(t:0.403-step:87-v:247.0)-(t:0.406-step:88-v:246.0)-(t:0.407-step:89-v:245.0)-(t:0.408-step:90-v:244.0)-(t:0.409-step:91-v:243.0)-(t:0.410-step:92-v:242.0)-(t:0.413-step:93-v:240.0)-(t:0.413-step:94-v:239.0)-(t:0.416-step:95-v:238.0)-(t:0.417-step:96-v:237.0)-(t:0.417-step:97-v:235.0)-(t:0.418-step:98-v:234.0)-(t:0.419-step:99-v:232.0)-(t:0.419-step:100-v:231.0)-(t:0.422-step:101-v:230.0)-(t:0.425-step:102-v:228.0)-(t:0.443-step:103-v:227.0)-(t:0.445-step:104-v:225.0)-(t:0.446-step:105-v:223.0)-(t:0.447-step:106-v:221.0)-(t:0.448-step:107-v:218.0)-(t:0.450-step:108-v:217.0)-(t:0.451-step:109-v:216.0)-(t:0.451-step:110-v:215.0)-(t:0.453-step:111-v:214.0)-(t:0.459-step:112-v:212.0)-(t:0.462-step:113-v:210.0)-(t:0.464-step:114-v:209.0)-(t:0.464-step:115-v:207.0)-(t:0.467-step:116-v:206.0)-(t:0.469-step:117-v:205.0)-(t:0.470-step:118-v:204.0)-(t:0.472-step:119-v:203.0)-(t:0.474-step:120-v:202.0)-(t:0.475-step:121-v:201.0)-(t:0.476-step:122-v:200.0)-(t:0.476-step:123-v:198.0)-(t:0.477-step:124-v:197.0)-(t:0.478-step:125-v:196.0)-(t:0.479-step:126-v:195.0)-(t:0.480-step:127-v:194.0)-(t:0.481-step:128-v:193.0)-(t:0.484-step:129-v:192.0)-(t:0.484-step:130-v:190.0)-(t:0.485-step:131-v:189.0)-(t:0.486-step:132-v:187.0)-(t:0.487-step:133-v:186.0)-(t:0.489-step:134-v:185.0)-(t:0.516-step:135-v:184.0)-(t:0.518-step:136-v:183.0)-(t:0.519-step:137-v:180.0)-(t:0.520-step:138-v:178.0)-(t:0.521-step:139-v:176.0)-(t:0.525-step:140-v:175.0)-(t:0.526-step:141-v:174.0)-(t:0.534-step:142-v:173.0)-(t:0.535-step:143-v:172.0)-(t:0.537-step:144-v:171.0)-(t:0.541-step:145-v:169.0)-(t:0.541-step:146-v:168.0)-(t:0.542-step:147-v:165.0)-(t:0.542-step:148-v:162.0)-(t:0.543-step:149-v:160.0)-(t:0.547-step:150-v:159.0)-(t:0.560-step:151-v:158.0)-(t:0.565-step:152-v:157.0)-(t:0.566-step:153-v:156.0)-(t:0.566-step:154-v:155.0)-(t:0.567-step:155-v:154.0)-(t:0.567-step:156-v:153.0)-(t:0.570-step:157-v:151.0)-(t:0.570-step:158-v:149.0)-(t:0.586-step:159-v:148.0)-(t:0.593-step:160-v:147.0)-(t:0.593-step:161-v:145.0)-(t:0.598-step:162-v:143.0)-(t:0.598-step:163-v:142.0)-(t:0.603-step:164-v:141.0)-(t:0.604-step:165-v:140.0)-(t:0.605-step:166-v:139.0)-(t:0.613-step:167-v:138.0)-(t:0.631-step:168-v:137.0)-(t:0.633-step:169-v:136.0)-(t:0.633-step:170-v:135.0)-(t:0.634-step:171-v:134.0)-(t:0.635-step:172-v:133.0)-(t:0.635-step:173-v:132.0)-(t:0.636-step:174-v:131.0)-(t:0.636-step:175-v:130.0)-(t:0.637-step:176-v:129.0)-(t:0.637-step:177-v:127.0)-(t:0.638-step:178-v:126.0)-(t:0.639-step:179-v:125.0)-(t:0.640-step:180-v:124.0)-(t:0.683-step:181-v:123.0)-(t:0.684-step:182-v:122.0)-(t:0.685-step:183-v:121.0)-(t:0.685-step:184-v:120.0)-(t:0.687-step:185-v:119.0)-(t:0.694-step:186-v:118.0)-(t:0.695-step:187-v:116.0)-(t:0.695-step:188-v:115.0)-(t:0.721-step:189-v:113.0)-(t:0.730-step:190-v:112.0)-(t:0.735-step:191-v:111.0)-(t:0.736-step:192-v:110.0)-(t:0.743-step:193-v:109.0)-(t:0.746-step:194-v:108.0)-(t:0.753-step:195-v:107.0)-(t:0.764-step:196-v:106.0)-(t:0.805-step:197-v:105.0)-(t:0.806-step:198-v:104.0)-(t:0.813-step:199-v:103.0)-(t:0.814-step:200-v:102.0)-(t:0.815-step:201-v:101.0)-(t:0.829-step:202-v:100.0)-(t:0.830-step:203-v:99.0)-(t:0.831-step:204-v:98.0)-(t:0.857-step:205-v:97.0)-(t:0.857-step:206-v:95.0)-(t:0.862-step:207-v:94.0)-(t:0.862-step:208-v:93.0)-(t:0.863-step:209-v:92.0)-(t:0.867-step:210-v:91.0)-(t:0.868-step:211-v:90.0)-(t:0.869-step:212-v:89.0)-(t:0.887-step:213-v:88.0)-(t:0.894-step:214-v:87.0)-(t:0.903-step:215-v:86.0)-(t:0.908-step:216-v:85.0)-(t:0.914-step:217-v:84.0)-(t:0.925-step:218-v:83.0)-(t:0.935-step:219-v:82.0)-(t:1.123-step:220-v:81.0)-(t:1.220-step:221-v:80.0)-(t:1.221-step:222-v:79.0)-(t:1.225-step:223-v:78.0)-(t:1.239-step:224-v:77.0)-(t:1.240-step:225-v:76.0)-(t:1.244-step:226-v:75.0)-(t:1.591-step:227-v:74.0)-(t:1.704-step:228-v:73.0)-(t:1.708-step:229-v:72.0)-(t:1.724-step:230-v:71.0)-(t:1.734-step:231-v:70.0)-(t:1.740-step:232-v:69.0)-(t:1.857-step:233-v:68.0)-(t:1.862-step:234-v:67.0)-(t:1.869-step:235-v:66.0)-(t:1.874-step:236-v:65.0)-(t:1.885-step:237-v:64.0)-(t:2.013-step:238-v:63.0)-(t:2.035-step:239-v:62.0)-(t:2.043-step:240-v:61.0)-(t:2.045-step:241-v:60.0)-(t:2.047-step:242-v:59.0)-(t:2.100-step:243-v:58.0)-(t:2.103-step:244-v:57.0)-(t:2.104-step:245-v:56.0)-(t:2.118-step:246-v:55.0)-(t:2.119-step:247-v:54.0)-(t:2.131-step:248-v:53.0)-(t:2.357-step:249-v:52.0)-(t:2.419-step:250-v:51.0)-(t:2.425-step:251-v:50.0)-(t:2.427-step:252-v:49.0)-(t:2.630-step:253-v:48.0)-(t:2.640-step:254-v:47.0)-(t:2.644-step:255-v:46.0)-(t:2.651-step:256-v:45.0)-(t:2.883-step:257-v:44.0)-(t:2.895-step:258-v:43.0)-(t:2.920-step:259-v:42.0)-(t:2.944-step:260-v:41.0)-(t:2.957-step:261-v:40.0)-(t:2.966-step:262-v:39.0)-(t:3.030-step:263-v:38.0)-(t:3.094-step:264-v:37.0)-(t:3.163-step:265-v:36.0)-(t:3.175-step:266-v:35.0)-(t:3.371-step:267-v:34.0)-(t:3.387-step:268-v:33.0)-(t:3.453-step:269-v:32.0)-(t:3.458-step:270-v:31.0)-(t:3.463-step:271-v:30.0)-(t:3.680-step:272-v:29.0)-(t:3.758-step:273-v:28.0)-(t:3.888-step:274-v:27.0)-(t:3.913-step:275-v:26.0)-(t:3.914-step:276-v:25.0)-(t:4.081-step:277-v:24.0)-(t:4.162-step:278-v:23.0)-(t:4.319-step:279-v:22.0)-(t:4.340-step:280-v:21.0)-(t:4.437-step:281-v:20.0)-(t:4.645-step:282-v:19.0)-(t:4.765-step:283-v:18.0)-(t:4.937-step:284-v:17.0)-(t:5.044-step:285-v:16.0)-(t:5.256-step:287-v:15.0)-(t:7.098-step:416-v:14.0)-(t:7.172-step:417-v:13.0)-(t:7.364-step:418-v:12.0)-(t:11.877-step:601-v:11.0)-(t:13.974-step:685-v:10.0)],5400.0
roundrobin,examples/csp/csp_100/16-81.txt,r1,5400,1,6.0,[(t:0.000-step:1-v:121.0)-(t:0.011-step:2-v:119.0)-(t:0.054-step:3-v:114.0)-(t:0.055-step:4-v:111.0)-(t:0.056-step:5-v:110.0)-(t:0.056-step:6-v:109.0)-(t:0.073-step:7-v:108.0)-(t:0.082-step:8-v:105.0)-(t:0.088-step:9-v:101.0)-(t:0.091-step:10-v:99.0)-(t:0.095-step:11-v:98.0)-(t:0.107-step:12-v:97.0)-(t:0.111-step:13-v:96.0)-(t:0.112-step:14-v:95.0)-(t:0.128-step:15-v:94.0)-(t:0.135-step:16-v:92.0)-(t:0.136-step:17-v:88.0)-(t:0.148-step:18-v:86.0)-(t:0.149-step:19-v:85.0)-(t:0.149-step:20-v:84.0)-(t:0.156-step:21-v:83.0)-(t:0.160-step:22-v:82.0)-(t:0.162-step:23-v:81.0)-(t:0.162-step:24-v:79.0)-(t:0.170-step:25-v:78.0)-(t:0.174-step:26-v:76.0)-(t:0.177-step:27-v:75.0)-(t:0.177-step:28-v:74.0)-(t:0.185-step:29-v:73.0)-(t:0.187-step:30-v:72.0)-(t:0.189-step:31-v:70.0)-(t:0.194-step:32-v:69.0)-(t:0.195-step:33-v:67.0)-(t:0.195-step:34-v:66.0)-(t:0.201-step:35-v:65.0)-(t:0.201-step:36-v:63.0)-(t:0.202-step:37-v:60.0)-(t:0.202-step:38-v:59.0)-(t:0.211-step:39-v:58.0)-(t:0.212-step:40-v:57.0)-(t:0.215-step:41-v:54.0)-(t:0.217-step:42-v:53.0)-(t:0.220-step:43-v:51.0)-(t:0.225-step:44-v:50.0)-(t:0.225-step:45-v:49.0)-(t:0.226-step:46-v:48.0)-(t:0.254-step:47-v:47.0)-(t:0.263-step:48-v:46.0)-(t:0.265-step:49-v:45.0)-(t:0.265-step:50-v:44.0)-(t:0.273-step:51-v:42.0)-(t:0.278-step:52-v:41.0)-(t:0.279-step:53-v:40.0)-(t:0.284-step:54-v:39.0)-(t:0.290-step:55-v:38.0)-(t:0.294-step:56-v:37.0)-(t:0.296-step:57-v:36.0)-(t:0.302-step:58-v:35.0)-(t:0.308-step:59-v:34.0)-(t:0.325-step:60-v:33.0)-(t:0.338-step:61-v:31.0)-(t:0.339-step:62-v:30.0)-(t:0.390-step:63-v:29.0)-(t:0.415-step:64-v:28.0)-(t:0.418-step:65-v:26.0)-(t:0.425-step:66-v:25.0)-(t:0.566-step:67-v:24.0)-(t:0.576-step:68-v:23.0)-(t:0.649-step:69-v:22.0)-(t:0.678-step:70-v:21.0)-(t:0.679-step:71-v:20.0)-(t:0.697-step:72-v:19.0)-(t:0.706-step:73-v:18.0)-(t:0.707-step:74-v:17.0)-(t:0.799-step:75-v:16.0)-(t:0.849-step:76-v:15.0)-(t:0.926-step:77-v:14.0)-(t:0.992-step:78-v:13.0)-(t:1.464-step:133-v:12.0)-(t:1.468-step:134-v:11.0)-(t:2.193-step:251-v:10.0)-(t:2.200-step:252-v:9.0)-(t:2.210-step:253-v:8.0)-(t:2.317-step:264-v:7.0)-(t:2.485-step:304-v:6.0)],5400.0
roundrobin,examples/csp/csp_300/pb_300_10.txt,r1,5400,0,28.0,[(t:0.000-step:1-v:383.0)-(t:0.015-step:2-v:382.0)-(t:0.072-step:3-v:381.0)-(t:0.073-step:4-v:379.0)-(t:0.075-step:5-v:378.0)-(t:0.076-step:6-v:376.0)-(t:0.098-step:7-v:375.0)-(t:0.115-step:8-v:373.0)-(t:0.127-step:9-v:370.0)-(t:0.128-step:10-v:367.0)-(t:0.129-step:11-v:365.0)-(t:0.137-step:12-v:364.0)-(t:0.138-step:13-v:363.0)-(t:0.138-step:14-v:362.0)-(t:0.154-step:15-v:361.0)-(t:0.155-step:16-v:359.0)-(t:0.156-step:17-v:355.0)-(t:0.156-step:18-v:354.0)-(t:0.174-step:19-v:351.0)-(t:0.174-step:20-v:350.0)-(t:0.179-step:21-v:348.0)-(t:0.183-step:22-v:347.0)-(t:0.184-step:23-v:346.0)-(t:0.185-step:24-v:344.0)-(t:0.193-step:25-v:343.0)-(t:0.194-step:26-v:338.0)-(t:0.195-step:27-v:337.0)-(t:0.205-step:28-v:336.0)-(t:0.207-step:29-v:332.0)-(t:0.208-step:30-v:331.0)-(t:0.219-step:31-v:330.0)-(t:0.234-step:32-v:328.0)-(t:0.235-step:33-v:326.0)-(t:0.236-step:34-v:324.0)-(t:0.246-step:35-v:322.0)-(t:0.247-step:36-v:320.0)-(t:0.255-step:37-v:318.0)-(t:0.255-step:38-v:317.0)-(t:0.257-step:39-v:315.0)-(t:0.264-step:40-v:314.0)-(t:0.264-step:41-v:313.0)-(t:0.265-step:42-v:312.0)-(t:0.266-step:43-v:308.0)-(t:0.278-step:44-v:303.0)-(t:0.286-step:45-v:301.0)-(t:0.287-step:46-v:300.0)-(t:0.297-step:47-v:299.0)-(t:0.308-step:48-v:298.0)-(t:0.309-step:49-v:295.0)-(t:0.310-step:50-v:294.0)-(t:0.322-step:51-v:292.0)-(t:0.322-step:52-v:291.0)-(t:0.323-step:53-v:287.0)-(t:0.324-step:54-v:286.0)-(t:0.336-step:55-v:285.0)-(t:0.347-step:56-v:284.0)-(t:0.348-step:57-v:282.0)-(t:0.353-step:58-v:279.0)-(t:0.368-step:59-v:278.0)-(t:0.369-step:60-v:277.0)-(t:0.370-step:61-v:276.0)-(t:0.379-step:62-v:275.0)-(t:0.380-step:63-v:274.0)-(t:0.389-step:64-v:273.0)-(t:0.398-step:65-v:272.0)-(t:0.402-step:66-v:271.0)-(t:0.403-step:67-v:268.0)-(t:0.414-step:68-v:266.0)-(t:0.415-step:69-v:265.0)-(t:0.454-step:70-v:263.0)-(t:0.476-step:71-v:261.0)-(t:0.478-step:72-v:259.0)-(t:0.486-step:73-v:258.0)-(t:0.487-step:74-v:257.0)-(t:0.488-step:75-v:255.0)-(t:0.497-step:76-v:254.0)-(t:0.498-step:77-v:252.0)-(t:0.500-step:78-v:251.0)-(t:0.509-step:79-v:250.0)-(t:0.509-step:80-v:248.0)-(t:0.515-step:81-v:245.0)-(t:0.515-step:82-v:244.0)-(t:0.519-step:83-v:243.0)-(t:0.531-step:84-v:241.0)-(t:0.535-step:85-v:238.0)-(t:0.546-step:86-v:237.0)-(t:0.548-step:87-v:236.0)-(t:0.548-step:88-v:235.0)-(t:0.559-step:89-v:233.0)-(t:0.560-step:90-v:231.0)-(t:0.561-step:91-v:230.0)-(t:0.579-step:92-v:229.0)-(t:0.585-step:93-v:228.0)-(t:0.586-step:94-v:227.0)-(t:0.599-step:95-v:226.0)-(t:0.619-step:96-v:225.0)-(t:0.624-step:97-v:224.0)-(t:0.631-step:98-v:222.0)-(t:0.634-step:99-v:220.0)-(t:0.641-step:100-v:219.0)-(t:0.642-step:101-v:218.0)-(t:0.643-step:102-v:217.0)-(t:0.729-step:103-v:216.0)-(t:0.737-step:104-v:215.0)-(t:0.738-step:105-v:214.0)-(t:0.738-step:106-v:213.0)-(t:0.745-step:107-v:212.0)-(t:0.747-step:108-v:211.0)-(t:0.748-step:109-v:210.0)-(t:0.754-step:110-v:209.0)-(t:0.756-step:111-v:208.0)-(t:0.757-step:112-v:207.0)-(t:0.771-step:113-v:206.0)-(t:0.772-step:114-v:205.0)-(t:0.773-step:115-v:204.0)-(t:0.799-step:116-v:203.0)-(t:0.800-step:117-v:202.0)-(t:0.802-step:118-v:201.0)-(t:0.810-step:119-v:199.0)-(t:0.818-step:120-v:198.0)-(t:0.819-step:121-v:196.0)-(t:0.819-step:122-v:195.0)-(t:0.823-step:123-v:194.0)-(t:0.829-step:124-v:193.0)-(t:0.833-step:125-v:191.0)-(t:0.837-step:126-v:189.0)-(t:0.849-step:127-v:188.0)-(t:0.862-step:128-v:187.0)-(t:0.863-step:129-v:186.0)-(t:0.863-step:130-v:185.0)-(t:0.864-step:131-v:184.0)-(t:0.867-step:132-v:183.0)-(t:0.868-step:133-v:182.0)-(t:0.868-step:134-v:181.0)-(t:0.875-step:135-v:180.0)-(t:0.880-step:136-v:179.0)-(t:0.881-step:137-v:178.0)-(t:0.881-step:138-v:177.0)-(t:0.882-step:139-v:174.0)-(t:0.886-step:140-v:173.0)-(t:0.887-step:141-v:171.0)-(t:0.887-step:142-v:170.0)-(t:0.892-step:143-v:169.0)-(t:0.896-step:144-v:168.0)-(t:0.901-step:145-v:167.0)-(t:0.902-step:146-v:166.0)-(t:0.902-step:147-v:165.0)-(t:0.903-step:148-v:164.0)-(t:0.904-step:149-v:162.0)-(t:0.904-step:150-v:161.0)-(t:0.909-step:151-v:160.0)-(t:0.910-step:152-v:159.0)-(t:0.910-step:153-v:157.0)-(t:0.912-step:154-v:156.0)-(t:0.913-step:155-v:153.0)-(t:0.914-step:156-v:152.0)-(t:0.915-step:157-v:151.0)-(t:0.915-step:158-v:149.0)-(t:0.916-step:159-v:148.0)-(t:0.918-step:160-v:147.0)-(t:0.919-step:161-v:144.0)-(t:0.919-step:162-v:143.0)-(t:0.920-step:163-v:142.0)-(t:0.923-step:164-v:141.0)-(t:0.924-step:165-v:140.0)-(t:0.928-step:166-v:139.0)-(t:0.955-step:167-v:138.0)-(t:0.957-step:168-v:137.0)-(t:0.962-step:169-v:136.0)-(t:0.964-step:170-v:134.0)-(t:0.964-step:171-v:133.0)-(t:0.966-step:172-v:132.0)-(t:0.970-step:173-v:130.0)-(t:0.972-step:174-v:129.0)-(t:0.987-step:175-v:128.0)-(t:0.988-step:176-v:124.0)-(t:0.988-step:177-v:123.0)-(t:0.988-step:178-v:122.0)-(t:0.989-step:179-v:119.0)-(t:0.993-step:180-v:117.0)-(t:0.994-step:181-v:116.0)-(t:0.994-step:182-v:115.0)-(t:1.022-step:183-v:114.0)-(t:1.023-step:184-v:113.0)-(t:1.039-step:185-v:112.0)-(t:1.040-step:186-v:111.0)-(t:1.040-step:187-v:110.0)-(t:1.054-step:188-v:109.0)-(t:1.054-step:189-v:108.0)-(t:1.055-step:190-v:107.0)-(t:1.143-step:191-v:106.0)-(t:1.176-step:192-v:104.0)-(t:1.190-step:193-v:102.0)-(t:1.206-step:194-v:101.0)-(t:1.216-step:195-v:99.0)-(t:1.227-step:196-v:98.0)-(t:1.260-step:197-v:97.0)-(t:1.261-step:198-v:95.0)-(t:1.271-step:199-v:94.0)-(t:1.272-step:200-v:93.0)-(t:1.272-step:201-v:92.0)-(t:1.273-step:202-v:91.0)-(t:1.303-step:203-v:90.0)-(t:1.337-step:204-v:89.0)-(t:1.353-step:205-v:88.0)-(t:1.355-step:206-v:87.0)-(t:1.365-step:207-v:86.0)-(t:1.366-step:208-v:85.0)-(t:1.367-step:209-v:84.0)-(t:1.367-step:210-v:83.0)-(t:1.368-step:211-v:82.0)-(t:1.368-step:212-v:81.0)-(t:1.384-step:213-v:79.0)-(t:1.386-step:214-v:77.0)-(t:1.394-step:215-v:76.0)-(t:1.394-step:216-v:75.0)-(t:1.406-step:217-v:74.0)-(t:1.477-step:218-v:73.0)-(t:1.493-step:219-v:72.0)-(t:1.502-step:220-v:71.0)-(t:1.503-step:221-v:70.0)-(t:1.513-step:222-v:69.0)-(t:1.519-step:223-v:68.0)-(t:1.526-step:224-v:67.0)-(t:1.538-step:225-v:66.0)-(t:1.588-step:226-v:65.0)-(t:1.589-step:227-v:64.0)-(t:1.590-step:228-v:63.0)-(t:1.603-step:229-v:62.0)-(t:1.605-step:230-v:61.0)-(t:1.606-step:231-v:60.0)-(t:1.687-step:232-v:59.0)-(t:1.705-step:233-v:58.0)-(t:1.708-step:234-v:57.0)-(t:1.730-step:235-v:56.0)-(t:1.741-step:236-v:55.0)-(t:1.769-step:237-v:54.0)-(t:1.999-step:238-v:53.0)-(t:2.056-step:239-v:52.0)-(t:2.061-step:240-v:51.0)-(t:2.070-step:241-v:50.0)-(t:2.072-step:242-v:49.0)-(t:2.473-step:243-v:48.0)-(t:2.480-step:244-v:47.0)-(t:2.482-step:245-v:46.0)-(t:2.534-step:246-v:45.0)-(t:2.914-step:247-v:44.0)-(t:2.953-step:248-v:43.0)-(t:3.230-step:249-v:42.0)-(t:3.278-step:250-v:41.0)-(t:3.533-step:251-v:40.0)-(t:3.578-step:252-v:39.0)-(t:3.834-step:253-v:38.0)-(t:3.890-step:254-v:37.0)-(t:4.155-step:255-v:36.0)-(t:4.214-step:256-v:35.0)-(t:4.558-step:257-v:34.0)-(t:4.634-step:258-v:33.0)-(t:4.869-step:259-v:32.0)-(t:4.915-step:260-v:31.0)-(t:17.705-step:883-v:30.0)-(t:25.773-step:1359-v:29.0)-(t:28.139-step:1485-v:28.0)],5400.0
roundrobin,examples/csp/csp_100/21-90.txt,r1,5400,1,2.0,[(t:0.000-step:1-v:109.0)-(t:0.023-step:2-v:104.0)-(t:0.086-step:3-v:102.0)-(t:0.089-step:4-v:101.0)-(t:0.090-step:5-v:98.0)-(t:0.091-step:6-v:97.0)-(t:0.140-step:7-v:96.0)-(t:0.148-step:8-v:95.0)-(t:0.153-step:9-v:91.0)-(t:0.153-step:10-v:90.0)-(t:0.158-step:11-v:89.0)-(t:0.159-step:12-v:86.0)-(t:0.160-step:13-v:84.0)-(t:0.161-step:14-v:83.0)-(t:0.172-step:15-v:81.0)-(t:0.177-step:16-v:76.0)-(t:0.185-step:17-v:74.0)-(t:0.193-step:18-v:73.0)-(t:0.193-step:19-v:72.0)-(t:0.195-step:20-v:71.0)-(t:0.200-step:21-v:69.0)-(t:0.201-step:22-v:68.0)-(t:0.204-step:23-v:67.0)-(t:0.205-step:24-v:66.0)-(t:0.209-step:25-v:65.0)-(t:0.210-step:26-v:64.0)-(t:0.215-step:27-v:61.0)-(t:0.216-step:28-v:60.0)-(t:0.217-step:29-v:57.0)-(t:0.227-step:30-v:56.0)-(t:0.249-step:31-v:55.0)-(t:0.259-step:32-v:54.0)-(t:0.260-step:33-v:53.0)-(t:0.260-step:34-v:52.0)-(t:0.266-step:35-v:51.0)-(t:0.267-step:36-v:50.0)-(t:0.267-step:37-v:49.0)-(t:0.278-step:38-v:48.0)-(t:0.286-step:39-v:47.0)-(t:0.291-step:40-v:46.0)-(t:0.299-step:41-v:44.0)-(t:0.300-step:42-v:43.0)-(t:0.300-step:43-v:42.0)-(t:0.303-step:44-v:40.0)-(t:0.308-step:45-v:39.0)-(t:0.309-step:46-v:38.0)-(t:0.317-step:47-v:37.0)-(t:0.318-step:48-v:36.0)-(t:0.319-step:49-v:34.0)-(t:0.326-step:50-v:33.0)-(t:0.331-step:51-v:32.0)-(t:0.344-step:52-v:31.0)-(t:0.345-step:53-v:30.0)-(t:0.346-step:54-v:29.0)-(t:0.371-step:55-v:28.0)-(t:0.375-step:56-v:27.0)-(t:0.382-step:57-v:26.0)-(t:0.388-step:58-v:25.0)-(t:0.390-step:59-v:24.0)-(t:0.390-step:60-v:23.0)-(t:0.437-step:61-v:22.0)-(t:0.447-step:62-v:21.0)-(t:0.454-step:63-v:20.0)-(t:0.478-step:64-v:19.0)-(t:0.481-step:65-v:18.0)-(t:0.558-step:66-v:17.0)-(t:0.578-step:67-v:16.0)-(t:0.587-step:68-v:15.0)-(t:0.594-step:69-v:14.0)-(t:0.630-step:70-v:13.0)-(t:0.698-step:71-v:12.0)-(t:0.710-step:72-v:11.0)-(t:0.788-step:73-v:10.0)-(t:0.801-step:74-v:9.0)-(t:0.850-step:75-v:8.0)-(t:0.897-step:76-v:7.0)-(t:0.972-step:77-v:6.0)-(t:0.982-step:78-v:5.0)-(t:1.184-step:93-v:4.0)-(t:1.599-step:132-v:3.0)-(t:1.979-step:196-v:2.0)],1.321
roundrobin,examples/csp/csp_100/36-92.txt,r1,5400,1,6.0,[(t:0.000-step:1-v:126.0)-(t:0.016-step:2-v:124.0)-(t:0.069-step:3-v:122.0)-(t:0.069-step:4-v:121.0)-(t:0.074-step:5-v:120.0)-(t:0.075-step:6-v:119.0)-(t:0.111-step:7-v:118.0)-(t:0.118-step:8-v:117.0)-(t:0.122-step:9-v:114.0)-(t:0.127-step:10-v:112.0)-(t:0.128-step:11-v:110.0)-(t:0.132-step:12-v:109.0)-(t:0.134-step:13-v:107.0)-(t:0.135-step:14-v:106.0)-(t:0.141-step:15-v:105.0)-(t:0.144-step:16-v:104.0)-(t:0.148-step:17-v:103.0)-(t:0.150-step:18-v:100.0)-(t:0.151-step:19-v:96.0)-(t:0.156-step:20-v:93.0)-(t:0.157-step:21-v:91.0)-(t:0.157-step:22-v:89.0)-(t:0.164-step:23-v:87.0)-(t:0.177-step:24-v:82.0)-(t:0.188-step:25-v:78.0)-(t:0.189-step:26-v:77.0)-(t:0.190-step:27-v:75.0)-(t:0.194-step:28-v:73.0)-(t:0.199-step:29-v:71.0)-(t:0.208-step:30-v:70.0)-(t:0.214-step:31-v:69.0)-(t:0.221-step:32-v:68.0)-(t:0.222-step:33-v:66.0)-(t:0.223-step:34-v:64.0)-(t:0.224-step:35-v:62.0)-(t:0.232-step:36-v:60.0)-(t:0.233-step:37-v:59.0)-(t:0.233-step:38-v:58.0)-(t:0.244-step:39-v:57.0)-(t:0.245-step:40-v:54.0)-(t:0.245-step:41-v:53.0)-(t:0.252-step:42-v:52.0)-(t:0.253-step:43-v:50.0)-(t:0.261-step:44-v:49.0)-(t:0.262-step:45-v:48.0)-(t:0.267-step:46-v:47.0)-(t:0.269-step:47-v:46.0)-(t:0.276-step:48-v:44.0)-(t:0.279-step:49-v:42.0)-(t:0.283-step:50-v:41.0)-(t:0.284-step:51-v:40.0)-(t:0.288-step:52-v:39.0)-(t:0.289-step:53-v:38.0)-(t:0.295-step:54-v:37.0)-(t:0.298-step:55-v:36.0)-(t:0.303-step:56-v:35.0)-(t:0.311-step:57-v:32.0)-(t:0.320-step:58-v:31.0)-(t:0.370-step:59-v:30.0)-(t:0.373-step:60-v:29.0)-(t:0.381-step:61-v:28.0)-(t:0.390-step:62-v:27.0)-(t:0.393-step:63-v:26.0)-(t:0.409-step:64-v:24.0)-(t:0.416-step:65-v:23.0)-(t:0.425-step:66-v:22.0)-(t:0.426-step:67-v:21.0)-(t:0.428-step:68-v:20.0)-(t:0.461-step:69-v:19.0)-(t:0.469-step:70-v:17.0)-(t:0.519-step:71-v:16.0)-(t:0.558-step:72-v:15.0)-(t:0.563-step:73-v:14.0)-(t:0.589-step:74-v:13.0)-(t:0.629-step:75-v:12.0)-(t:0.727-step:76-v:11.0)-(t:0.754-step:77-v:10.0)-(t:1.002-step:87-v:9.0)-(t:1.017-step:88-v:8.0)-(t:1.204-step:104-v:7.0)-(t:1.798-step:193-v:6.0)],3600.267
roundrobin,examples/csp/csp_100/4-72.txt,r1,5400,1,1.0,[(t:0.000-step:1-v:123.0)-(t:0.017-step:2-v:117.0)-(t:0.048-step:3-v:115.0)-(t:0.068-step:4-v:112.0)-(t:0.069-step:5-v:111.0)-(t:0.070-step:6-v:110.0)-(t:0.099-step:7-v:108.0)-(t:0.106-step:8-v:107.0)-(t:0.110-step:9-v:106.0)-(t:0.117-step:10-v:105.0)-(t:0.118-step:11-v:104.0)-(t:0.120-step:12-v:103.0)-(t:0.121-step:13-v:102.0)-(t:0.124-step:14-v:101.0)-(t:0.127-step:15-v:100.0)-(t:0.142-step:16-v:99.0)-(t:0.144-step:17-v:98.0)-(t:0.145-step:18-v:97.0)-(t:0.155-step:19-v:96.0)-(t:0.156-step:20-v:93.0)-(t:0.156-step:21-v:92.0)-(t:0.157-step:22-v:89.0)-(t:0.158-step:23-v:88.0)-(t:0.170-step:24-v:86.0)-(t:0.171-step:25-v:82.0)-(t:0.174-step:26-v:79.0)-(t:0.178-step:27-v:78.0)-(t:0.181-step:28-v:76.0)-(t:0.181-step:29-v:75.0)-(t:0.186-step:30-v:74.0)-(t:0.188-step:31-v:73.0)-(t:0.189-step:32-v:72.0)-(t:0.193-step:33-v:71.0)-(t:0.196-step:34-v:70.0)-(t:0.197-step:35-v:69.0)-(t:0.197-step:36-v:68.0)-(t:0.198-step:37-v:67.0)-(t:0.206-step:38-v:66.0)-(t:0.213-step:39-v:65.0)-(t:0.214-step:40-v:63.0)-(t:0.214-step:41-v:61.0)-(t:0.219-step:42-v:60.0)-(t:0.223-step:43-v:56.0)-(t:0.223-step:44-v:55.0)-(t:0.231-step:45-v:54.0)-(t:0.237-step:46-v:53.0)-(t:0.239-step:47-v:52.0)-(t:0.243-step:48-v:49.0)-(t:0.244-step:49-v:48.0)-(t:0.245-step:50-v:47.0)-(t:0.246-step:51-v:46.0)-(t:0.256-step:52-v:45.0)-(t:0.260-step:53-v:43.0)-(t:0.262-step:54-v:41.0)-(t:0.263-step:55-v:40.0)-(t:0.268-step:56-v:39.0)-(t:0.268-step:57-v:38.0)-(t:0.269-step:58-v:37.0)-(t:0.301-step:59-v:36.0)-(t:0.309-step:60-v:34.0)-(t:0.309-step:61-v:33.0)-(t:0.310-step:62-v:32.0)-(t:0.315-step:63-v:31.0)-(t:0.315-step:64-v:30.0)-(t:0.326-step:65-v:28.0)-(t:0.346-step:66-v:27.0)-(t:0.353-step:67-v:26.0)-(t:0.354-step:68-v:24.0)-(t:0.372-step:69-v:23.0)-(t:0.404-step:70-v:22.0)-(t:0.406-step:71-v:21.0)-(t:0.424-step:72-v:20.0)-(t:0.430-step:73-v:19.0)-(t:0.470-step:74-v:18.0)-(t:0.491-step:75-v:17.0)-(t:0.597-step:76-v:16.0)-(t:0.605-step:77-v:15.0)-(t:0.634-step:78-v:14.0)-(t:0.641-step:79-v:13.0)-(t:0.677-step:80-v:12.0)-(t:0.717-step:81-v:11.0)-(t:0.753-step:82-v:10.0)-(t:0.774-step:83-v:9.0)-(t:0.790-step:84-v:8.0)-(t:0.826-step:85-v:7.0)-(t:0.866-step:86-v:6.0)-(t:1.150-step:113-v:5.0)-(t:1.165-step:114-v:4.0)-(t:1.316-step:145-v:3.0)-(t:1.846-step:249-v:2.0)-(t:3.072-step:514-v:1.0)],5400.0
roundrobin,examples/csp/csp_100/6-76.txt,r1,5400,1,6.0,[(t:0.000-step:1-v:97.0)-(t:0.024-step:2-v:93.0)-(t:0.057-step:3-v:91.0)-(t:0.058-step:4-v:89.0)-(t:0.059-step:5-v:88.0)-(t:0.078-step:6-v:87.0)-(t:0.101-step:7-v:86.0)-(t:0.109-step:8-v:85.0)-(t:0.117-step:9-v:81.0)-(t:0.120-step:10-v:80.0)-(t:0.121-step:11-v:79.0)-(t:0.122-step:12-v:78.0)-(t:0.126-step:13-v:76.0)-(t:0.127-step:14-v:75.0)-(t:0.144-step:15-v:74.0)-(t:0.150-step:16-v:73.0)-(t:0.150-step:17-v:68.0)-(t:0.151-step:18-v:67.0)-(t:0.163-step:19-v:66.0)-(t:0.163-step:20-v:64.0)-(t:0.164-step:21-v:63.0)-(t:0.165-step:22-v:61.0)-(t:0.169-step:23-v:60.0)-(t:0.170-step:24-v:58.0)-(t:0.178-step:25-v:56.0)-(t:0.180-step:26-v:55.0)-(t:0.180-step:27-v:54.0)-(t:0.181-step:28-v:52.0)-(t:0.182-step:29-v:51.0)-(t:0.182-step:30-v:50.0)-(t:0.188-step:31-v:49.0)-(t:0.189-step:32-v:48.0)-(t:0.191-step:33-v:47.0)-(t:0.194-step:34-v:46.0)-(t:0.199-step:35-v:45.0)-(t:0.200-step:36-v:43.0)-(t:0.200-step:37-v:42.0)-(t:0.207-step:38-v:41.0)-(t:0.216-step:39-v:40.0)-(t:0.221-step:40-v:39.0)-(t:0.221-step:41-v:38.0)-(t:0.222-step:42-v:37.0)-(t:0.229-step:43-v:36.0)-(t:0.230-step:44-v:35.0)-(t:0.231-step:45-v:34.0)-(t:0.238-step:46-v:32.0)-(t:0.241-step:47-v:31.0)-(t:0.244-step:48-v:30.0)-(t:0.245-step:49-v:29.0)-(t:0.246-step:50-v:27.0)-(t:0.250-step:51-v:26.0)-(t:0.256-step:52-v:25.0)-(t:0.258-step:53-v:24.0)-(t:0.264-step:54-v:23.0)-(t:0.273-step:55-v:22.0)-(t:0.278-step:56-v:21.0)-(t:0.285-step:57-v:20.0)-(t:0.286-step:58-v:19.0)-(t:0.286-step:59-v:18.0)-(t:0.314-step:60-v:17.0)-(t:0.318-step:61-v:16.0)-(t:0.356-step:62-v:15.0)-(t:0.361-step:63-v:14.0)-(t:0.375-step:64-v:13.0)-(t:0.386-step:65-v:12.0)-(t:0.593-step:66-v:11.0)-(t:0.595-step:67-v:10.0)-(t:0.630-step:68-v:9.0)-(t:0.868-step:130-v:8.0)-(t:0.877-step:131-v:7.0)-(t:0.970-step:152-v:6.0)],0.528
roundrobin,examples/csp/csp_100/carseq_100_8_20_90.txt,r1,5400,1,0.0,[(t:0.000-step:1-v:114.0)-(t:0.020-step:2-v:112.0)-(t:0.048-step:3-v:110.0)-(t:0.049-step:4-v:109.0)-(t:0.058-step:5-v:107.0)-(t:0.059-step:6-v:104.0)-(t:0.081-step:7-v:103.0)-(t:0.093-step:8-v:102.0)-(t:0.100-step:9-v:100.0)-(t:0.103-step:10-v:98.0)-(t:0.106-step:11-v:96.0)-(t:0.113-step:12-v:93.0)-(t:0.114-step:13-v:91.0)-(t:0.114-step:14-v:88.0)-(t:0.122-step:15-v:87.0)-(t:0.129-step:16-v:86.0)-(t:0.136-step:17-v:82.0)-(t:0.137-step:18-v:78.0)-(t:0.138-step:19-v:77.0)-(t:0.146-step:20-v:75.0)-(t:0.147-step:21-v:71.0)-(t:0.147-step:22-v:70.0)-(t:0.176-step:23-v:69.0)-(t:0.185-step:24-v:68.0)-(t:0.186-step:25-v:67.0)-(t:0.192-step:26-v:64.0)-(t:0.193-step:27-v:63.0)-(t:0.193-step:28-v:61.0)-(t:0.194-step:29-v:59.0)-(t:0.198-step:30-v:58.0)-(t:0.209-step:31-v:57.0)-(t:0.210-step:32-v:56.0)-(t:0.212-step:33-v:55.0)-(t:0.213-step:34-v:53.0)-(t:0.213-step:35-v:51.0)-(t:0.214-step:36-v:50.0)-(t:0.222-step:37-v:49.0)-(t:0.223-step:38-v:48.0)-(t:0.226-step:39-v:47.0)-(t:0.227-step:40-v:46.0)-(t:0.228-step:41-v:45.0)-(t:0.236-step:42-v:44.0)-(t:0.238-step:43-v:43.0)-(t:0.239-step:44-v:42.0)-(t:0.239-step:45-v:41.0)-(t:0.253-step:46-v:40.0)-(t:0.257-step:47-v:39.0)-(t:0.259-step:48-v:38.0)-(t:0.273-step:49-v:37.0)-(t:0.273-step:50-v:36.0)-(t:0.274-step:51-v:35.0)-(t:0.279-step:52-v:34.0)-(t:0.286-step:53-v:33.0)-(t:0.291-step:54-v:32.0)-(t:0.293-step:55-v:31.0)-(t:0.302-step:56-v:30.0)-(t:0.306-step:57-v:29.0)-(t:0.311-step:58-v:28.0)-(t:0.314-step:59-v:27.0)-(t:0.317-step:60-v:26.0)-(t:0.323-step:61-v:25.0)-(t:0.328-step:62-v:24.0)-(t:0.360-step:63-v:23.0)-(t:0.372-step:64-v:22.0)-(t:0.440-step:65-v:21.0)-(t:0.446-step:66-v:19.0)-(t:0.453-step:67-v:18.0)-(t:0.457-step:68-v:17.0)-(t:0.457-step:69-v:16.0)-(t:0.486-step:70-v:15.0)-(t:0.532-step:71-v:14.0)-(t:0.534-step:72-v:13.0)-(t:0.538-step:73-v:12.0)-(t:0.597-step:74-v:11.0)-(t:0.610-step:75-v:10.0)-(t:0.616-step:76-v:9.0)-(t:0.664-step:77-v:8.0)-(t:0.716-step:78-v:7.0)-(t:0.821-step:79-v:6.0)-(t:0.880-step:80-v:5.0)-(t:0.914-step:81-v:4.0)-(t:1.237-step:102-v:3.0)-(t:1.272-step:103-v:2.0)-(t:1.279-step:104-v:1.0)-(t:1.725-step:147-v:0.0)],1.725
roundrobin,examples/csp/csp_100/carseq_100_8_20_62.txt,r1,5400,1,1.0,[(t:0.003-step:1-v:123.0)-(t:0.013-step:2-v:117.0)-(t:0.041-step:3-v:116.0)-(t:0.042-step:4-v:113.0)-(t:0.042-step:5-v:112.0)-(t:0.051-step:6-v:111.0)-(t:0.066-step:7-v:110.0)-(t:0.069-step:8-v:109.0)-(t:0.071-step:9-v:107.0)-(t:0.071-step:10-v:106.0)-(t:0.072-step:11-v:104.0)-(t:0.072-step:12-v:100.0)-(t:0.073-step:13-v:99.0)-(t:0.074-step:14-v:96.0)-(t:0.076-step:15-v:95.0)-(t:0.080-step:16-v:94.0)-(t:0.081-step:17-v:93.0)-(t:0.082-step:18-v:92.0)-(t:0.087-step:19-v:90.0)-(t:0.088-step:20-v:89.0)-(t:0.089-step:21-v:88.0)-(t:0.089-step:22-v:87.0)-(t:0.103-step:23-v:86.0)-(t:0.106-step:24-v:85.0)-(t:0.106-step:25-v:83.0)-(t:0.107-step:26-v:82.0)-(t:0.113-step:27-v:81.0)-(t:0.118-step:28-v:78.0)-(t:0.119-step:29-v:77.0)-(t:0.119-step:30-v:76.0)-(t:0.130-step:31-v:75.0)-(t:0.131-step:32-v:74.0)-(t:0.132-step:33-v:73.0)-(t:0.137-step:34-v:71.0)-(t:0.145-step:35-v:70.0)-(t:0.147-step:36-v:67.0)-(t:0.149-step:37-v:66.0)-(t:0.155-step:38-v:64.0)-(t:0.170-step:39-v:63.0)-(t:0.174-step:40-v:62.0)-(t:0.179-step:41-v:61.0)-(t:0.184-step:42-v:59.0)-(t:0.185-step:43-v:58.0)-(t:0.186-step:44-v:56.0)-(t:0.187-step:45-v:55.0)-(t:0.187-step:46-v:54.0)-(t:0.188-step:47-v:53.0)-(t:0.188-step:48-v:51.0)-(t:0.194-step:49-v:50.0)-(t:0.194-step:50-v:49.0)-(t:0.198-step:51-v:48.0)-(t:0.200-step:52-v:47.0)-(t:0.203-step:53-v:46.0)-(t:0.204-step:54-v:45.0)-(t:0.210-step:55-v:44.0)-(t:0.211-step:56-v:43.0)-(t:0.217-step:57-v:42.0)-(t:0.222-step:58-v:41.0)-(t:0.223-step:59-v:39.0)-(t:0.227-step:60-v:38.0)-(t:0.228-step:61-v:37.0)-(t:0.229-step:62-v:36.0)-(t:0.255-step:63-v:35.0)-(t:0.260-step:64-v:34.0)-(t:0.264-step:65-v:33.0)-(t:0.274-step:66-v:32.0)-(t:0.276-step:67-v:31.0)-(t:0.282-step:68-v:30.0)-(t:0.315-step:69-v:29.0)-(t:0.342-step:70-v:27.0)-(t:0.346-step:71-v:26.0)-(t:0.364-step:72-v:25.0)-(t:0.378-step:73-v:24.0)-(t:0.414-step:74-v:23.0)-(t:0.458-step:75-v:22.0)-(t:0.479-step:76-v:21.0)-(t:0.498-step:77-v:20.0)-(t:0.546-step:78-v:19.0)-(t:0.551-step:79-v:18.0)-(t:0.572-step:80-v:17.0)-(t:0.605-step:81-v:16.0)-(t:0.625-step:82-v:15.0)-(t:0.679-step:83-v:14.0)-(t:0.714-step:84-v:13.0)-(t:0.777-step:85-v:12.0)-(t:0.793-step:86-v:11.0)-(t:0.838-step:87-v:10.0)-(t:0.865-step:88-v:9.0)-(t:0.888-step:89-v:8.0)-(t:0.896-step:90-v:7.0)-(t:0.901-step:91-v:6.0)-(t:1.070-step:115-v:5.0)-(t:1.248-step:147-v:4.0)-(t:1.431-step:162-v:3.0)-(t:1.570-step:171-v:2.0)-(t:2.338-step:258-v:1.0)],5400.0
roundrobin,examples/csp/csp_100/carseq_100_8_20_94.txt,r1,5400,1,0.0,[(t:0.001-step:1-v:108.0)-(t:0.015-step:2-v:107.0)-(t:0.065-step:3-v:105.0)-(t:0.069-step:4-v:100.0)-(t:0.078-step:5-v:98.0)-(t:0.079-step:6-v:96.0)-(t:0.101-step:7-v:93.0)-(t:0.108-step:8-v:92.0)-(t:0.119-step:9-v:89.0)-(t:0.122-step:10-v:86.0)-(t:0.123-step:11-v:85.0)-(t:0.127-step:12-v:84.0)-(t:0.128-step:13-v:82.0)-(t:0.129-step:14-v:81.0)-(t:0.135-step:15-v:80.0)-(t:0.137-step:16-v:79.0)-(t:0.151-step:17-v:78.0)-(t:0.152-step:18-v:77.0)-(t:0.153-step:19-v:74.0)-(t:0.153-step:20-v:73.0)-(t:0.154-step:21-v:72.0)-(t:0.172-step:22-v:71.0)-(t:0.183-step:23-v:68.0)-(t:0.188-step:24-v:65.0)-(t:0.189-step:25-v:63.0)-(t:0.193-step:26-v:62.0)-(t:0.194-step:27-v:61.0)-(t:0.194-step:28-v:60.0)-(t:0.195-step:29-v:58.0)-(t:0.195-step:30-v:57.0)-(t:0.213-step:31-v:56.0)-(t:0.215-step:32-v:55.0)-(t:0.224-step:33-v:54.0)-(t:0.225-step:34-v:53.0)-(t:0.225-step:35-v:52.0)-(t:0.226-step:36-v:50.0)-(t:0.230-step:37-v:48.0)-(t:0.234-step:38-v:47.0)-(t:0.237-step:39-v:46.0)-(t:0.245-step:40-v:45.0)-(t:0.246-step:41-v:44.0)-(t:0.252-step:42-v:43.0)-(t:0.257-step:43-v:41.0)-(t:0.275-step:44-v:40.0)-(t:0.284-step:45-v:39.0)-(t:0.294-step:46-v:38.0)-(t:0.302-step:47-v:37.0)-(t:0.315-step:48-v:36.0)-(t:0.330-step:49-v:34.0)-(t:0.344-step:50-v:33.0)-(t:0.351-step:51-v:32.0)-(t:0.353-step:52-v:31.0)-(t:0.384-step:53-v:29.0)-(t:0.397-step:54-v:28.0)-(t:0.408-step:55-v:27.0)-(t:0.416-step:56-v:26.0)-(t:0.417-step:57-v:25.0)-(t:0.513-step:58-v:23.0)-(t:0.528-step:59-v:21.0)-(t:0.542-step:60-v:20.0)-(t:0.543-step:61-v:19.0)-(t:0.551-step:62-v:18.0)-(t:0.583-step:63-v:17.0)-(t:0.595-step:64-v:16.0)-(t:0.607-step:65-v:15.0)-(t:0.608-step:66-v:14.0)-(t:0.610-step:67-v:13.0)-(t:0.637-step:68-v:12.0)-(t:0.658-step:69-v:11.0)-(t:0.676-step:70-v:10.0)-(t:0.763-step:71-v:9.0)-(t:0.796-step:72-v:8.0)-(t:0.894-step:73-v:7.0)-(t:0.916-step:74-v:6.0)-(t:0.971-step:75-v:5.0)-(t:1.298-step:114-v:4.0)-(t:1.362-step:115-v:3.0)-(t:1.382-step:116-v:2.0)-(t:1.546-step:136-v:1.0)-(t:2.316-step:183-v:0.0)],2.316
roundrobin,examples/csp/csp_100/carseq_100_8_20_64.txt,r1,5400,1,1.0,[(t:0.000-step:1-v:114.0)-(t:0.013-step:2-v:112.0)-(t:0.036-step:3-v:110.0)-(t:0.039-step:4-v:109.0)-(t:0.042-step:5-v:107.0)-(t:0.042-step:6-v:106.0)-(t:0.058-step:7-v:105.0)-(t:0.068-step:8-v:102.0)-(t:0.069-step:9-v:99.0)-(t:0.070-step:10-v:98.0)-(t:0.074-step:11-v:97.0)-(t:0.074-step:12-v:96.0)-(t:0.075-step:13-v:94.0)-(t:0.075-step:14-v:92.0)-(t:0.077-step:15-v:91.0)-(t:0.079-step:16-v:87.0)-(t:0.080-step:17-v:86.0)-(t:0.080-step:18-v:84.0)-(t:0.081-step:19-v:83.0)-(t:0.087-step:20-v:79.0)-(t:0.087-step:21-v:77.0)-(t:0.095-step:22-v:76.0)-(t:0.128-step:23-v:74.0)-(t:0.129-step:24-v:73.0)-(t:0.133-step:25-v:72.0)-(t:0.133-step:26-v:71.0)-(t:0.134-step:27-v:70.0)-(t:0.136-step:28-v:69.0)-(t:0.140-step:29-v:68.0)-(t:0.141-step:30-v:67.0)-(t:0.152-step:31-v:66.0)-(t:0.157-step:32-v:63.0)-(t:0.159-step:33-v:62.0)-(t:0.160-step:34-v:61.0)-(t:0.166-step:35-v:59.0)-(t:0.167-step:36-v:58.0)-(t:0.168-step:37-v:57.0)-(t:0.169-step:38-v:56.0)-(t:0.173-step:39-v:55.0)-(t:0.175-step:40-v:54.0)-(t:0.181-step:41-v:53.0)-(t:0.181-step:42-v:52.0)-(t:0.184-step:43-v:51.0)-(t:0.187-step:44-v:50.0)-(t:0.189-step:45-v:49.0)-(t:0.195-step:46-v:48.0)-(t:0.217-step:47-v:46.0)-(t:0.218-step:48-v:45.0)-(t:0.219-step:49-v:44.0)-(t:0.220-step:50-v:43.0)-(t:0.231-step:51-v:42.0)-(t:0.239-step:52-v:41.0)-(t:0.240-step:53-v:40.0)-(t:0.240-step:54-v:39.0)-(t:0.244-step:55-v:37.0)-(t:0.250-step:56-v:36.0)-(t:0.250-step:57-v:35.0)-(t:0.256-step:58-v:34.0)-(t:0.266-step:59-v:33.0)-(t:0.268-step:60-v:32.0)-(t:0.269-step:61-v:31.0)-(t:0.285-step:62-v:30.0)-(t:0.313-step:63-v:29.0)-(t:0.349-step:64-v:28.0)-(t:0.351-step:65-v:27.0)-(t:0.351-step:66-v:26.0)-(t:0.357-step:67-v:25.0)-(t:0.362-step:68-v:24.0)-(t:0.375-step:69-v:23.0)-(t:0.377-step:70-v:22.0)-(t:0.406-step:71-v:21.0)-(t:0.412-step:72-v:20.0)-(t:0.413-step:73-v:19.0)-(t:0.419-step:74-v:18.0)-(t:0.446-step:75-v:17.0)-(t:0.452-step:76-v:16.0)-(t:0.455-step:77-v:15.0)-(t:0.456-step:78-v:14.0)-(t:0.492-step:79-v:13.0)-(t:0.493-step:80-v:12.0)-(t:0.500-step:81-v:11.0)-(t:0.576-step:82-v:10.0)-(t:0.586-step:83-v:9.0)-(t:0.628-step:84-v:8.0)-(t:0.634-step:85-v:7.0)-(t:1.648-step:215-v:6.0)-(t:1.762-step:245-v:5.0)-(t:1.848-step:270-v:4.0)-(t:1.900-step:284-v:3.0)-(t:2.100-step:332-v:2.0)-(t:2.157-step:342-v:1.0)],5400.0
roundrobin,examples/csp/csp_100/carseq_100_8_20_67.txt,r1,5400,1,1.0,[(t:0.000-step:1-v:100.0)-(t:0.009-step:2-v:98.0)-(t:0.028-step:3-v:95.0)-(t:0.028-step:4-v:94.0)-(t:0.029-step:5-v:93.0)-(t:0.029-step:6-v:92.0)-(t:0.046-step:7-v:91.0)-(t:0.051-step:8-v:88.0)-(t:0.053-step:9-v:85.0)-(t:0.054-step:10-v:84.0)-(t:0.055-step:11-v:82.0)-(t:0.056-step:12-v:79.0)-(t:0.056-step:13-v:78.0)-(t:0.058-step:14-v:76.0)-(t:0.062-step:15-v:72.0)-(t:0.062-step:16-v:69.0)-(t:0.065-step:17-v:64.0)-(t:0.070-step:18-v:63.0)-(t:0.071-step:19-v:61.0)-(t:0.072-step:20-v:59.0)-(t:0.073-step:21-v:58.0)-(t:0.073-step:22-v:57.0)-(t:0.074-step:23-v:56.0)-(t:0.075-step:24-v:55.0)-(t:0.075-step:25-v:53.0)-(t:0.078-step:26-v:51.0)-(t:0.079-step:27-v:50.0)-(t:0.080-step:28-v:49.0)-(t:0.081-step:29-v:48.0)-(t:0.081-step:30-v:47.0)-(t:0.095-step:31-v:46.0)-(t:0.099-step:32-v:43.0)-(t:0.100-step:33-v:42.0)-(t:0.101-step:34-v:41.0)-(t:0.103-step:35-v:40.0)-(t:0.106-step:36-v:37.0)-(t:0.111-step:37-v:36.0)-(t:0.111-step:38-v:35.0)-(t:0.118-step:39-v:34.0)-(t:0.119-step:40-v:33.0)-(t:0.121-step:41-v:32.0)-(t:0.123-step:42-v:31.0)-(t:0.129-step:43-v:30.0)-(t:0.130-step:44-v:29.0)-(t:0.131-step:45-v:28.0)-(t:0.143-step:46-v:27.0)-(t:0.149-step:47-v:26.0)-(t:0.156-step:48-v:25.0)-(t:0.160-step:49-v:24.0)-(t:0.160-step:50-v:23.0)-(t:0.183-step:51-v:22.0)-(t:0.184-step:52-v:21.0)-(t:0.190-step:53-v:20.0)-(t:0.191-step:54-v:19.0)-(t:0.192-step:55-v:18.0)-(t:0.196-step:56-v:17.0)-(t:0.207-step:57-v:16.0)-(t:0.261-step:58-v:15.0)-(t:0.262-step:59-v:14.0)-(t:0.265-step:60-v:13.0)-(t:0.272-step:61-v:12.0)-(t:0.281-step:62-v:11.0)-(t:0.305-step:63-v:10.0)-(t:0.310-step:64-v:9.0)-(t:0.316-step:65-v:8.0)-(t:0.354-step:66-v:7.0)-(t:0.365-step:67-v:6.0)-(t:0.424-step:68-v:5.0)-(t:0.438-step:69-v:4.0)-(t:0.653-step:87-v:3.0)-(t:0.668-step:88-v:2.0)-(t:0.774-step:98-v:1.0)],5400.0
roundrobin,examples/csp/csp_100/carseq_100_8_20_71.txt,r1,5400,1,2.0,[(t:0.000-step:1-v:142.0)-(t:0.008-step:2-v:136.0)-(t:0.029-step:3-v:135.0)-(t:0.031-step:4-v:134.0)-(t:0.032-step:5-v:133.0)-(t:0.032-step:6-v:132.0)-(t:0.047-step:7-v:131.0)-(t:0.053-step:8-v:127.0)-(t:0.055-step:9-v:121.0)-(t:0.057-step:10-v:119.0)-(t:0.058-step:11-v:118.0)-(t:0.058-step:12-v:117.0)-(t:0.058-step:13-v:116.0)-(t:0.059-step:14-v:114.0)-(t:0.063-step:15-v:113.0)-(t:0.064-step:16-v:112.0)-(t:0.064-step:17-v:111.0)-(t:0.065-step:18-v:108.0)-(t:0.066-step:19-v:107.0)-(t:0.067-step:20-v:105.0)-(t:0.068-step:21-v:104.0)-(t:0.068-step:22-v:103.0)-(t:0.069-step:23-v:101.0)-(t:0.069-step:24-v:100.0)-(t:0.071-step:25-v:97.0)-(t:0.072-step:26-v:94.0)-(t:0.072-step:27-v:92.0)-(t:0.076-step:28-v:91.0)-(t:0.077-step:29-v:90.0)-(t:0.080-step:30-v:89.0)-(t:0.084-step:31-v:87.0)-(t:0.086-step:32-v:83.0)-(t:0.089-step:33-v:82.0)-(t:0.089-step:34-v:81.0)-(t:0.090-step:35-v:79.0)-(t:0.090-step:36-v:77.0)-(t:0.091-step:37-v:76.0)-(t:0.092-step:38-v:75.0)-(t:0.093-step:39-v:74.0)-(t:0.093-step:40-v:73.0)-(t:0.094-step:41-v:72.0)-(t:0.094-step:42-v:70.0)-(t:0.095-step:43-v:69.0)-(t:0.097-step:44-v:68.0)-(t:0.099-step:45-v:67.0)-(t:0.100-step:46-v:66.0)-(t:0.103-step:47-v:64.0)-(t:0.104-step:48-v:62.0)-(t:0.104-step:49-v:61.0)-(t:0.105-step:50-v:60.0)-(t:0.109-step:51-v:59.0)-(t:0.110-step:52-v:58.0)-(t:0.127-step:53-v:57.0)-(t:0.128-step:54-v:56.0)-(t:0.129-step:55-v:55.0)-(t:0.130-step:56-v:54.0)-(t:0.130-step:57-v:53.0)-(t:0.131-step:58-v:52.0)-(t:0.131-step:59-v:51.0)-(t:0.139-step:60-v:50.0)-(t:0.164-step:61-v:49.0)-(t:0.165-step:62-v:48.0)-(t:0.168-step:63-v:45.0)-(t:0.169-step:64-v:43.0)-(t:0.170-step:65-v:42.0)-(t:0.170-step:66-v:41.0)-(t:0.176-step:67-v:40.0)-(t:0.177-step:68-v:39.0)-(t:0.213-step:69-v:38.0)-(t:0.218-step:70-v:37.0)-(t:0.224-step:71-v:36.0)-(t:0.224-step:72-v:35.0)-(t:0.225-step:73-v:34.0)-(t:0.229-step:74-v:33.0)-(t:0.230-step:75-v:31.0)-(t:0.232-step:76-v:30.0)-(t:0.321-step:77-v:28.0)-(t:0.334-step:78-v:27.0)-(t:0.350-step:79-v:25.0)-(t:0.351-step:80-v:24.0)-(t:0.358-step:81-v:23.0)-(t:0.368-step:82-v:22.0)-(t:0.370-step:83-v:21.0)-(t:0.370-step:84-v:20.0)-(t:0.371-step:85-v:19.0)-(t:0.373-step:86-v:18.0)-(t:0.405-step:87-v:17.0)-(t:0.417-step:88-v:16.0)-(t:0.420-step:89-v:15.0)-(t:0.496-step:90-v:14.0)-(t:0.499-step:91-v:13.0)-(t:0.538-step:92-v:12.0)-(t:0.541-step:93-v:11.0)-(t:0.600-step:94-v:10.0)-(t:0.606-step:95-v:9.0)-(t:0.614-step:96-v:8.0)-(t:0.720-step:102-v:6.0)-(t:0.912-step:136-v:5.0)-(t:0.943-step:137-v:4.0)-(t:0.965-step:138-v:3.0)-(t:1.402-step:209-v:2.0)],5400.0
roundrobin,examples/csp/csp_300/carseq_300_8_20_38.txt,r1,5400,1,0.0,[(t:0.000-step:1-v:422.0)-(t:0.015-step:2-v:418.0)-(t:0.047-step:3-v:415.0)-(t:0.048-step:4-v:413.0)-(t:0.052-step:5-v:408.0)-(t:0.054-step:6-v:407.0)-(t:0.079-step:7-v:404.0)-(t:0.087-step:8-v:398.0)-(t:0.094-step:9-v:397.0)-(t:0.096-step:10-v:394.0)-(t:0.097-step:11-v:392.0)-(t:0.098-step:12-v:390.0)-(t:0.100-step:13-v:387.0)-(t:0.101-step:14-v:386.0)-(t:0.102-step:15-v:385.0)-(t:0.104-step:16-v:384.0)-(t:0.105-step:17-v:375.0)-(t:0.106-step:18-v:374.0)-(t:0.107-step:19-v:371.0)-(t:0.109-step:20-v:370.0)-(t:0.110-step:21-v:368.0)-(t:0.115-step:22-v:366.0)-(t:0.124-step:23-v:365.0)-(t:0.125-step:24-v:363.0)-(t:0.126-step:25-v:361.0)-(t:0.127-step:26-v:360.0)-(t:0.127-step:27-v:354.0)-(t:0.132-step:28-v:352.0)-(t:0.134-step:29-v:350.0)-(t:0.134-step:30-v:349.0)-(t:0.137-step:31-v:348.0)-(t:0.138-step:32-v:342.0)-(t:0.138-step:33-v:339.0)-(t:0.139-step:34-v:338.0)-(t:0.140-step:35-v:337.0)-(t:0.141-step:36-v:335.0)-(t:0.144-step:37-v:334.0)-(t:0.145-step:38-v:329.0)-(t:0.147-step:39-v:326.0)-(t:0.152-step:40-v:325.0)-(t:0.157-step:41-v:323.0)-(t:0.157-step:42-v:322.0)-(t:0.158-step:43-v:321.0)-(t:0.159-step:44-v:320.0)-(t:0.163-step:45-v:319.0)-(t:0.163-step:46-v:318.0)-(t:0.165-step:47-v:316.0)-(t:0.169-step:48-v:312.0)-(t:0.169-step:49-v:310.0)-(t:0.170-step:50-v:308.0)-(t:0.171-step:51-v:304.0)-(t:0.174-step:52-v:302.0)-(t:0.178-step:53-v:301.0)-(t:0.179-step:54-v:300.0)-(t:0.180-step:55-v:298.0)-(t:0.185-step:56-v:295.0)-(t:0.186-step:57-v:291.0)-(t:0.190-step:58-v:287.0)-(t:0.193-step:59-v:286.0)-(t:0.193-step:60-v:281.0)-(t:0.194-step:61-v:280.0)-(t:0.195-step:62-v:279.0)-(t:0.211-step:63-v:278.0)-(t:0.235-step:64-v:277.0)-(t:0.236-step:65-v:272.0)-(t:0.237-step:66-v:271.0)-(t:0.238-step:67-v:269.0)-(t:0.238-step:68-v:268.0)-(t:0.246-step:69-v:267.0)-(t:0.246-step:70-v:266.0)-(t:0.255-step:71-v:265.0)-(t:0.257-step:72-v:261.0)-(t:0.258-step:73-v:260.0)-(t:0.260-step:74-v:259.0)-(t:0.262-step:75-v:257.0)-(t:0.262-step:76-v:256.0)-(t:0.263-step:77-v:254.0)-(t:0.268-step:78-v:252.0)-(t:0.270-step:79-v:250.0)-(t:0.271-step:80-v:249.0)-(t:0.272-step:81-v:247.0)-(t:0.274-step:82-v:245.0)-(t:0.275-step:83-v:242.0)-(t:0.275-step:84-v:240.0)-(t:0.276-step:85-v:239.0)-(t:0.278-step:86-v:238.0)-(t:0.280-step:87-v:237.0)-(t:0.293-step:88-v:234.0)-(t:0.294-step:89-v:233.0)-(t:0.296-step:90-v:231.0)-(t:0.297-step:91-v:230.0)-(t:0.298-step:92-v:227.0)-(t:0.304-step:93-v:225.0)-(t:0.308-step:94-v:224.0)-(t:0.312-step:95-v:222.0)-(t:0.314-step:96-v:220.0)-(t:0.316-step:97-v:219.0)-(t:0.317-step:98-v:217.0)-(t:0.318-step:99-v:216.0)-(t:0.320-step:100-v:215.0)-(t:0.322-step:101-v:214.0)-(t:0.322-step:102-v:212.0)-(t:0.329-step:103-v:211.0)-(t:0.334-step:104-v:209.0)-(t:0.335-step:105-v:208.0)-(t:0.336-step:106-v:204.0)-(t:0.337-step:107-v:203.0)-(t:0.337-step:108-v:202.0)-(t:0.337-step:109-v:201.0)-(t:0.338-step:110-v:199.0)-(t:0.340-step:111-v:198.0)-(t:0.341-step:112-v:197.0)-(t:0.341-step:113-v:193.0)-(t:0.342-step:114-v:188.0)-(t:0.345-step:115-v:187.0)-(t:0.345-step:116-v:185.0)-(t:0.346-step:117-v:184.0)-(t:0.347-step:118-v:183.0)-(t:0.347-step:119-v:182.0)-(t:0.351-step:120-v:181.0)-(t:0.352-step:121-v:177.0)-(t:0.352-step:122-v:173.0)-(t:0.354-step:123-v:171.0)-(t:0.357-step:124-v:168.0)-(t:0.358-step:125-v:167.0)-(t:0.359-step:126-v:166.0)-(t:0.361-step:127-v:165.0)-(t:0.365-step:128-v:164.0)-(t:0.369-step:129-v:163.0)-(t:0.369-step:130-v:162.0)-(t:0.370-step:131-v:161.0)-(t:0.377-step:132-v:160.0)-(t:0.378-step:133-v:159.0)-(t:0.381-step:134-v:158.0)-(t:0.390-step:135-v:157.0)-(t:0.391-step:136-v:156.0)-(t:0.392-step:137-v:153.0)-(t:0.392-step:138-v:152.0)-(t:0.393-step:139-v:151.0)-(t:0.400-step:140-v:150.0)-(t:0.403-step:141-v:149.0)-(t:0.404-step:142-v:148.0)-(t:0.417-step:143-v:146.0)-(t:0.418-step:144-v:145.0)-(t:0.422-step:145-v:143.0)-(t:0.422-step:146-v:142.0)-(t:0.423-step:147-v:140.0)-(t:0.423-step:148-v:138.0)-(t:0.424-step:149-v:134.0)-(t:0.428-step:150-v:133.0)-(t:0.429-step:151-v:132.0)-(t:0.429-step:152-v:131.0)-(t:0.430-step:153-v:129.0)-(t:0.430-step:154-v:128.0)-(t:0.434-step:155-v:127.0)-(t:0.436-step:156-v:126.0)-(t:0.436-step:157-v:125.0)-(t:0.441-step:158-v:124.0)-(t:0.443-step:159-v:123.0)-(t:0.444-step:160-v:122.0)-(t:0.444-step:161-v:121.0)-(t:0.445-step:162-v:120.0)-(t:0.445-step:163-v:119.0)-(t:0.446-step:164-v:118.0)-(t:0.447-step:165-v:116.0)-(t:0.448-step:166-v:115.0)-(t:0.449-step:167-v:114.0)-(t:0.451-step:168-v:113.0)-(t:0.452-step:169-v:112.0)-(t:0.452-step:170-v:110.0)-(t:0.453-step:171-v:109.0)-(t:0.453-step:172-v:108.0)-(t:0.454-step:173-v:105.0)-(t:0.455-step:174-v:104.0)-(t:0.456-step:175-v:103.0)-(t:0.457-step:176-v:102.0)-(t:0.458-step:177-v:101.0)-(t:0.460-step:178-v:100.0)-(t:0.461-step:179-v:97.0)-(t:0.461-step:180-v:96.0)-(t:0.462-step:181-v:95.0)-(t:0.463-step:182-v:94.0)-(t:0.473-step:183-v:93.0)-(t:0.485-step:184-v:92.0)-(t:0.487-step:185-v:91.0)-(t:0.487-step:186-v:90.0)-(t:0.488-step:187-v:89.0)-(t:0.489-step:188-v:88.0)-(t:0.490-step:189-v:87.0)-(t:0.491-step:190-v:86.0)-(t:0.512-step:191-v:85.0)-(t:0.526-step:192-v:84.0)-(t:0.527-step:193-v:83.0)-(t:0.532-step:194-v:82.0)-(t:0.533-step:195-v:81.0)-(t:0.533-step:196-v:80.0)-(t:0.534-step:197-v:79.0)-(t:0.534-step:198-v:78.0)-(t:0.539-step:199-v:76.0)-(t:0.540-step:200-v:75.0)-(t:0.544-step:201-v:73.0)-(t:0.544-step:202-v:72.0)-(t:0.546-step:203-v:71.0)-(t:0.552-step:204-v:70.0)-(t:0.553-step:205-v:69.0)-(t:0.554-step:206-v:68.0)-(t:0.668-step:207-v:67.0)-(t:0.673-step:208-v:66.0)-(t:0.673-step:209-v:65.0)-(t:0.674-step:210-v:64.0)-(t:0.675-step:211-v:63.0)-(t:0.679-step:212-v:62.0)-(t:0.680-step:213-v:61.0)-(t:0.680-step:214-v:60.0)-(t:0.707-step:215-v:59.0)-(t:0.724-step:216-v:57.0)-(t:0.734-step:217-v:55.0)-(t:0.755-step:218-v:54.0)-(t:0.756-step:219-v:53.0)-(t:0.762-step:220-v:52.0)-(t:0.854-step:221-v:51.0)-(t:0.855-step:222-v:50.0)-(t:0.873-step:223-v:48.0)-(t:0.878-step:224-v:47.0)-(t:0.883-step:225-v:46.0)-(t:0.972-step:226-v:45.0)-(t:0.984-step:227-v:44.0)-(t:0.985-step:228-v:43.0)-(t:0.985-step:229-v:42.0)-(t:1.145-step:230-v:41.0)-(t:1.161-step:231-v:40.0)-(t:1.162-step:232-v:39.0)-(t:1.168-step:233-v:38.0)-(t:1.303-step:234-v:37.0)-(t:1.338-step:235-v:36.0)-(t:1.340-step:236-v:35.0)-(t:1.391-step:237-v:34.0)-(t:1.399-step:238-v:33.0)-(t:1.412-step:239-v:32.0)-(t:1.475-step:240-v:31.0)-(t:1.524-step:241-v:30.0)-(t:1.559-step:242-v:29.0)-(t:1.738-step:243-v:28.0)-(t:1.773-step:244-v:27.0)-(t:1.786-step:245-v:26.0)-(t:1.788-step:246-v:25.0)-(t:1.829-step:247-v:24.0)-(t:2.022-step:248-v:23.0)-(t:2.047-step:249-v:22.0)-(t:2.074-step:250-v:21.0)-(t:2.339-step:251-v:20.0)-(t:2.369-step:252-v:19.0)-(t:2.403-step:253-v:18.0)-(t:2.596-step:254-v:17.0)-(t:2.660-step:255-v:16.0)-(t:2.870-step:256-v:15.0)-(t:2.940-step:257-v:14.0)-(t:3.077-step:258-v:13.0)-(t:3.142-step:259-v:12.0)-(t:3.264-step:260-v:11.0)-(t:3.326-step:261-v:10.0)-(t:3.522-step:262-v:9.0)-(t:3.599-step:263-v:8.0)-(t:3.608-step:264-v:7.0)-(t:3.668-step:265-v:6.0)-(t:3.832-step:266-v:5.0)-(t:3.894-step:267-v:4.0)-(t:4.032-step:268-v:3.0)-(t:4.092-step:269-v:2.0)-(t:4.247-step:270-v:1.0)-(t:4.604-step:278-v:0.0)],4.604
roundrobin,examples/csp/csp_100/carseq_100_8_20_82.txt,r1,5400,1,2.0,[(t:0.000-step:1-v:147.0)-(t:0.007-step:2-v:145.0)-(t:0.030-step:3-v:144.0)-(t:0.031-step:4-v:142.0)-(t:0.031-step:5-v:139.0)-(t:0.032-step:6-v:137.0)-(t:0.046-step:7-v:135.0)-(t:0.048-step:8-v:131.0)-(t:0.050-step:9-v:127.0)-(t:0.050-step:10-v:126.0)-(t:0.051-step:11-v:123.0)-(t:0.052-step:12-v:121.0)-(t:0.053-step:13-v:119.0)-(t:0.053-step:14-v:118.0)-(t:0.055-step:15-v:117.0)-(t:0.056-step:16-v:113.0)-(t:0.056-step:17-v:109.0)-(t:0.057-step:18-v:107.0)-(t:0.058-step:19-v:106.0)-(t:0.059-step:20-v:104.0)-(t:0.060-step:21-v:101.0)-(t:0.067-step:22-v:99.0)-(t:0.069-step:23-v:97.0)-(t:0.070-step:24-v:93.0)-(t:0.072-step:25-v:91.0)-(t:0.074-step:26-v:86.0)-(t:0.074-step:27-v:85.0)-(t:0.077-step:28-v:83.0)-(t:0.078-step:29-v:81.0)-(t:0.079-step:30-v:80.0)-(t:0.082-step:31-v:78.0)-(t:0.083-step:32-v:77.0)-(t:0.085-step:33-v:76.0)-(t:0.085-step:34-v:73.0)-(t:0.086-step:35-v:71.0)-(t:0.094-step:36-v:70.0)-(t:0.095-step:37-v:68.0)-(t:0.095-step:38-v:67.0)-(t:0.096-step:39-v:66.0)-(t:0.101-step:40-v:65.0)-(t:0.102-step:41-v:64.0)-(t:0.107-step:42-v:62.0)-(t:0.112-step:43-v:60.0)-(t:0.122-step:44-v:59.0)-(t:0.122-step:45-v:58.0)-(t:0.123-step:46-v:57.0)-(t:0.131-step:47-v:56.0)-(t:0.135-step:48-v:55.0)-(t:0.136-step:49-v:53.0)-(t:0.136-step:50-v:51.0)-(t:0.141-step:51-v:50.0)-(t:0.141-step:52-v:49.0)-(t:0.148-step:53-v:47.0)-(t:0.149-step:54-v:46.0)-(t:0.165-step:55-v:45.0)-(t:0.175-step:56-v:44.0)-(t:0.179-step:57-v:42.0)-(t:0.183-step:58-v:41.0)-(t:0.184-step:59-v:40.0)-(t:0.209-step:60-v:39.0)-(t:0.211-step:61-v:37.0)-(t:0.213-step:62-v:36.0)-(t:0.218-step:63-v:35.0)-(t:0.235-step:64-v:34.0)-(t:0.237-step:65-v:33.0)-(t:0.239-step:66-v:32.0)-(t:0.243-step:67-v:31.0)-(t:0.273-step:68-v:30.0)-(t:0.274-step:69-v:29.0)-(t:0.277-step:70-v:28.0)-(t:0.291-step:71-v:27.0)-(t:0.306-step:72-v:26.0)-(t:0.314-step:73-v:25.0)-(t:0.317-step:74-v:24.0)-(t:0.321-step:75-v:23.0)-(t:0.332-step:76-v:22.0)-(t:0.336-step:77-v:21.0)-(t:0.345-step:78-v:20.0)-(t:0.347-step:79-v:18.0)-(t:0.369-step:80-v:17.0)-(t:0.376-step:81-v:15.0)-(t:0.382-step:82-v:14.0)-(t:0.398-step:83-v:12.0)-(t:0.400-step:84-v:11.0)-(t:0.407-step:85-v:10.0)-(t:0.420-step:86-v:9.0)-(t:0.455-step:87-v:8.0)-(t:0.473-step:88-v:7.0)-(t:0.783-step:127-v:6.0)-(t:0.795-step:128-v:5.0)-(t:0.946-step:170-v:4.0)-(t:1.024-step:191-v:3.0)-(t:1.024-step:192-v:2.0)],5400.0
roundrobin,examples/csp/csp_100/carseq_100_8_20_85.txt,r1,5400,1,1.0,[(t:0.000-step:1-v:98.0)-(t:0.013-step:2-v:96.0)-(t:0.056-step:3-v:95.0)-(t:0.062-step:4-v:94.0)-(t:0.068-step:5-v:92.0)-(t:0.069-step:6-v:90.0)-(t:0.079-step:7-v:89.0)-(t:0.090-step:8-v:88.0)-(t:0.094-step:9-v:87.0)-(t:0.095-step:10-v:86.0)-(t:0.095-step:11-v:84.0)-(t:0.096-step:12-v:83.0)-(t:0.096-step:13-v:82.0)-(t:0.097-step:14-v:80.0)-(t:0.108-step:15-v:78.0)-(t:0.109-step:16-v:77.0)-(t:0.120-step:17-v:75.0)-(t:0.123-step:18-v:71.0)-(t:0.126-step:19-v:70.0)-(t:0.126-step:20-v:69.0)-(t:0.127-step:21-v:68.0)-(t:0.128-step:22-v:67.0)-(t:0.135-step:23-v:65.0)-(t:0.137-step:24-v:62.0)-(t:0.142-step:25-v:60.0)-(t:0.143-step:26-v:58.0)-(t:0.144-step:27-v:57.0)-(t:0.152-step:28-v:56.0)-(t:0.153-step:29-v:54.0)-(t:0.155-step:30-v:53.0)-(t:0.160-step:31-v:51.0)-(t:0.161-step:32-v:49.0)-(t:0.166-step:33-v:48.0)-(t:0.167-step:34-v:47.0)-(t:0.167-step:35-v:46.0)-(t:0.169-step:36-v:44.0)-(t:0.170-step:37-v:43.0)-(t:0.171-step:38-v:41.0)-(t:0.207-step:39-v:40.0)-(t:0.208-step:40-v:39.0)-(t:0.208-step:41-v:37.0)-(t:0.214-step:42-v:35.0)-(t:0.215-step:43-v:34.0)-(t:0.224-step:44-v:33.0)-(t:0.225-step:45-v:32.0)-(t:0.232-step:46-v:31.0)-(t:0.276-step:47-v:30.0)-(t:0.287-step:48-v:29.0)-(t:0.289-step:49-v:28.0)-(t:0.292-step:50-v:27.0)-(t:0.293-step:51-v:26.0)-(t:0.311-step:52-v:25.0)-(t:0.312-step:53-v:24.0)-(t:0.312-step:54-v:23.0)-(t:0.360-step:55-v:22.0)-(t:0.361-step:56-v:20.0)-(t:0.362-step:57-v:18.0)-(t:0.374-step:58-v:17.0)-(t:0.379-step:59-v:16.0)-(t:0.400-step:60-v:15.0)-(t:0.429-step:61-v:14.0)-(t:0.432-step:62-v:12.0)-(t:0.443-step:63-v:11.0)-(t:0.505-step:64-v:10.0)-(t:0.515-step:65-v:9.0)-(t:0.548-step:66-v:8.0)-(t:0.570-step:67-v:7.0)-(t:0.631-step:68-v:6.0)-(t:0.908-step:112-v:5.0)-(t:2.241-step:330-v:4.0)-(t:2.634-step:386-v:3.0)-(t:3.530-step:628-v:2.0)-(t:10.763-step:2386-v:1.0)],5400.0
roundrobin,examples/csp/csp_300/carseq_300_8_20_53.txt,r1,5400,1,0.0,[(t:0.003-step:1-v:337.0)-(t:0.013-step:2-v:331.0)-(t:0.048-step:3-v:330.0)-(t:0.049-step:4-v:327.0)-(t:0.050-step:5-v:325.0)-(t:0.051-step:6-v:324.0)-(t:0.061-step:7-v:323.0)-(t:0.072-step:8-v:322.0)-(t:0.074-step:9-v:318.0)-(t:0.075-step:10-v:316.0)-(t:0.084-step:11-v:315.0)-(t:0.085-step:12-v:314.0)-(t:0.086-step:13-v:313.0)-(t:0.086-step:14-v:312.0)-(t:0.101-step:15-v:310.0)-(t:0.103-step:16-v:309.0)-(t:0.103-step:17-v:308.0)-(t:0.109-step:18-v:306.0)-(t:0.111-step:19-v:305.0)-(t:0.111-step:20-v:304.0)-(t:0.112-step:21-v:301.0)-(t:0.115-step:22-v:300.0)-(t:0.125-step:23-v:299.0)-(t:0.130-step:24-v:298.0)-(t:0.130-step:25-v:295.0)-(t:0.131-step:26-v:294.0)-(t:0.135-step:27-v:291.0)-(t:0.135-step:28-v:290.0)-(t:0.136-step:29-v:288.0)-(t:0.137-step:30-v:287.0)-(t:0.138-step:31-v:284.0)-(t:0.140-step:32-v:283.0)-(t:0.141-step:33-v:280.0)-(t:0.141-step:34-v:278.0)-(t:0.142-step:35-v:277.0)-(t:0.143-step:36-v:276.0)-(t:0.146-step:37-v:275.0)-(t:0.147-step:38-v:274.0)-(t:0.168-step:39-v:273.0)-(t:0.169-step:40-v:272.0)-(t:0.170-step:41-v:270.0)-(t:0.178-step:42-v:268.0)-(t:0.179-step:43-v:266.0)-(t:0.179-step:44-v:264.0)-(t:0.180-step:45-v:262.0)-(t:0.185-step:46-v:261.0)-(t:0.186-step:47-v:260.0)-(t:0.186-step:48-v:259.0)-(t:0.187-step:49-v:258.0)-(t:0.187-step:50-v:257.0)-(t:0.192-step:51-v:256.0)-(t:0.193-step:52-v:254.0)-(t:0.194-step:53-v:253.0)-(t:0.200-step:54-v:252.0)-(t:0.201-step:55-v:251.0)-(t:0.201-step:56-v:250.0)-(t:0.202-step:57-v:249.0)-(t:0.203-step:58-v:248.0)-(t:0.208-step:59-v:245.0)-(t:0.208-step:60-v:244.0)-(t:0.210-step:61-v:243.0)-(t:0.210-step:62-v:242.0)-(t:0.223-step:63-v:241.0)-(t:0.235-step:64-v:240.0)-(t:0.239-step:65-v:239.0)-(t:0.239-step:66-v:238.0)-(t:0.240-step:67-v:236.0)-(t:0.240-step:68-v:234.0)-(t:0.245-step:69-v:233.0)-(t:0.250-step:70-v:232.0)-(t:0.251-step:71-v:231.0)-(t:0.256-step:72-v:230.0)-(t:0.257-step:73-v:229.0)-(t:0.257-step:74-v:227.0)-(t:0.258-step:75-v:226.0)-(t:0.258-step:76-v:225.0)-(t:0.260-step:77-v:224.0)-(t:0.260-step:78-v:223.0)-(t:0.268-step:79-v:221.0)-(t:0.269-step:80-v:220.0)-(t:0.276-step:81-v:219.0)-(t:0.283-step:82-v:216.0)-(t:0.284-step:83-v:214.0)-(t:0.294-step:84-v:212.0)-(t:0.296-step:85-v:209.0)-(t:0.305-step:86-v:208.0)-(t:0.329-step:87-v:207.0)-(t:0.341-step:88-v:206.0)-(t:0.345-step:89-v:205.0)-(t:0.347-step:90-v:204.0)-(t:0.347-step:91-v:203.0)-(t:0.353-step:92-v:202.0)-(t:0.355-step:93-v:201.0)-(t:0.360-step:94-v:199.0)-(t:0.366-step:95-v:198.0)-(t:0.369-step:96-v:197.0)-(t:0.370-step:97-v:196.0)-(t:0.370-step:98-v:195.0)-(t:0.372-step:99-v:194.0)-(t:0.372-step:100-v:193.0)-(t:0.377-step:101-v:192.0)-(t:0.378-step:102-v:190.0)-(t:0.380-step:103-v:189.0)-(t:0.381-step:104-v:188.0)-(t:0.382-step:105-v:183.0)-(t:0.383-step:106-v:181.0)-(t:0.384-step:107-v:180.0)-(t:0.390-step:108-v:179.0)-(t:0.393-step:109-v:178.0)-(t:0.394-step:110-v:177.0)-(t:0.397-step:111-v:176.0)-(t:0.400-step:112-v:175.0)-(t:0.404-step:113-v:173.0)-(t:0.405-step:114-v:171.0)-(t:0.406-step:115-v:170.0)-(t:0.415-step:116-v:169.0)-(t:0.416-step:117-v:168.0)-(t:0.417-step:118-v:167.0)-(t:0.419-step:119-v:166.0)-(t:0.421-step:120-v:165.0)-(t:0.422-step:121-v:164.0)-(t:0.423-step:122-v:163.0)-(t:0.424-step:123-v:162.0)-(t:0.424-step:124-v:161.0)-(t:0.425-step:125-v:160.0)-(t:0.426-step:126-v:159.0)-(t:0.431-step:127-v:158.0)-(t:0.434-step:128-v:157.0)-(t:0.434-step:129-v:155.0)-(t:0.436-step:130-v:154.0)-(t:0.437-step:131-v:153.0)-(t:0.439-step:132-v:152.0)-(t:0.440-step:133-v:151.0)-(t:0.447-step:134-v:150.0)-(t:0.448-step:135-v:148.0)-(t:0.452-step:136-v:147.0)-(t:0.453-step:137-v:146.0)-(t:0.453-step:138-v:145.0)-(t:0.454-step:139-v:144.0)-(t:0.455-step:140-v:143.0)-(t:0.455-step:141-v:142.0)-(t:0.457-step:142-v:141.0)-(t:0.467-step:143-v:140.0)-(t:0.468-step:144-v:139.0)-(t:0.471-step:145-v:138.0)-(t:0.472-step:146-v:137.0)-(t:0.472-step:147-v:136.0)-(t:0.473-step:148-v:135.0)-(t:0.473-step:149-v:134.0)-(t:0.474-step:150-v:133.0)-(t:0.475-step:151-v:132.0)-(t:0.476-step:152-v:131.0)-(t:0.477-step:153-v:128.0)-(t:0.478-step:154-v:127.0)-(t:0.478-step:155-v:126.0)-(t:0.479-step:156-v:125.0)-(t:0.481-step:157-v:124.0)-(t:0.507-step:158-v:123.0)-(t:0.508-step:159-v:122.0)-(t:0.509-step:160-v:121.0)-(t:0.509-step:161-v:119.0)-(t:0.510-step:162-v:118.0)-(t:0.510-step:163-v:117.0)-(t:0.511-step:164-v:116.0)-(t:0.551-step:165-v:115.0)-(t:0.553-step:166-v:114.0)-(t:0.553-step:167-v:113.0)-(t:0.554-step:168-v:112.0)-(t:0.556-step:169-v:111.0)-(t:0.567-step:170-v:110.0)-(t:0.568-step:171-v:109.0)-(t:0.573-step:172-v:108.0)-(t:0.577-step:173-v:107.0)-(t:0.613-step:174-v:106.0)-(t:0.622-step:175-v:105.0)-(t:0.623-step:176-v:104.0)-(t:0.624-step:177-v:103.0)-(t:0.626-step:178-v:101.0)-(t:0.630-step:179-v:100.0)-(t:0.631-step:180-v:99.0)-(t:0.662-step:181-v:98.0)-(t:0.685-step:182-v:97.0)-(t:0.686-step:183-v:96.0)-(t:0.687-step:184-v:95.0)-(t:0.688-step:185-v:93.0)-(t:0.690-step:186-v:92.0)-(t:0.691-step:187-v:91.0)-(t:0.695-step:188-v:90.0)-(t:0.752-step:189-v:89.0)-(t:0.753-step:190-v:88.0)-(t:0.754-step:191-v:87.0)-(t:0.754-step:192-v:86.0)-(t:0.755-step:193-v:85.0)-(t:0.760-step:194-v:84.0)-(t:0.760-step:195-v:83.0)-(t:0.761-step:196-v:82.0)-(t:0.762-step:197-v:81.0)-(t:0.767-step:198-v:80.0)-(t:0.770-step:199-v:78.0)-(t:0.772-step:200-v:77.0)-(t:0.772-step:201-v:76.0)-(t:0.773-step:202-v:75.0)-(t:0.774-step:203-v:74.0)-(t:0.776-step:204-v:73.0)-(t:0.786-step:205-v:72.0)-(t:0.795-step:206-v:71.0)-(t:0.798-step:207-v:70.0)-(t:0.820-step:208-v:69.0)-(t:0.824-step:209-v:68.0)-(t:0.824-step:210-v:67.0)-(t:0.844-step:211-v:66.0)-(t:0.863-step:212-v:65.0)-(t:0.866-step:213-v:64.0)-(t:0.867-step:214-v:63.0)-(t:0.871-step:215-v:62.0)-(t:0.890-step:216-v:61.0)-(t:0.892-step:217-v:60.0)-(t:0.898-step:218-v:59.0)-(t:0.904-step:219-v:58.0)-(t:0.905-step:220-v:57.0)-(t:0.909-step:221-v:56.0)-(t:0.995-step:222-v:55.0)-(t:1.083-step:223-v:54.0)-(t:1.089-step:224-v:53.0)-(t:1.090-step:225-v:52.0)-(t:1.094-step:226-v:51.0)-(t:1.095-step:227-v:50.0)-(t:1.098-step:228-v:49.0)-(t:1.190-step:229-v:48.0)-(t:1.229-step:230-v:47.0)-(t:1.238-step:231-v:46.0)-(t:1.240-step:232-v:45.0)-(t:1.260-step:233-v:44.0)-(t:1.262-step:234-v:43.0)-(t:1.267-step:235-v:42.0)-(t:1.297-step:236-v:41.0)-(t:1.335-step:237-v:40.0)-(t:1.339-step:238-v:39.0)-(t:1.351-step:239-v:38.0)-(t:1.355-step:240-v:37.0)-(t:1.359-step:241-v:36.0)-(t:1.436-step:242-v:35.0)-(t:1.441-step:243-v:34.0)-(t:1.483-step:244-v:33.0)-(t:1.505-step:245-v:32.0)-(t:1.511-step:246-v:31.0)-(t:1.516-step:247-v:30.0)-(t:1.518-step:248-v:29.0)-(t:1.523-step:249-v:28.0)-(t:1.551-step:250-v:27.0)-(t:1.812-step:251-v:26.0)-(t:1.826-step:252-v:25.0)-(t:1.831-step:253-v:24.0)-(t:2.072-step:254-v:23.0)-(t:2.076-step:255-v:22.0)-(t:2.274-step:256-v:21.0)-(t:2.277-step:257-v:20.0)-(t:2.330-step:258-v:19.0)-(t:2.494-step:259-v:18.0)-(t:2.534-step:260-v:17.0)-(t:2.682-step:261-v:16.0)-(t:2.735-step:262-v:15.0)-(t:2.900-step:263-v:14.0)-(t:2.949-step:264-v:13.0)-(t:3.092-step:265-v:12.0)-(t:3.141-step:266-v:11.0)-(t:3.263-step:267-v:10.0)-(t:3.296-step:268-v:9.0)-(t:3.428-step:269-v:8.0)-(t:3.476-step:270-v:7.0)-(t:3.695-step:271-v:6.0)-(t:3.757-step:272-v:5.0)-(t:4.158-step:294-v:4.0)-(t:4.158-step:295-v:3.0)-(t:4.165-step:296-v:2.0)-(t:4.339-step:297-v:1.0)-(t:4.712-step:302-v:0.0)],4.712
roundrobin,examples/csp/csp_300/carseq_300_8_20_47.txt,r1,5400,1,0.0,[(t:0.000-step:1-v:345.0)-(t:0.014-step:2-v:343.0)-(t:0.043-step:3-v:342.0)-(t:0.044-step:4-v:339.0)-(t:0.049-step:5-v:334.0)-(t:0.053-step:6-v:333.0)-(t:0.067-step:7-v:331.0)-(t:0.077-step:8-v:328.0)-(t:0.078-step:9-v:322.0)-(t:0.081-step:10-v:318.0)-(t:0.084-step:11-v:317.0)-(t:0.084-step:12-v:315.0)-(t:0.086-step:13-v:313.0)-(t:0.086-step:14-v:312.0)-(t:0.087-step:15-v:311.0)-(t:0.096-step:16-v:310.0)-(t:0.103-step:17-v:309.0)-(t:0.103-step:18-v:307.0)-(t:0.105-step:19-v:305.0)-(t:0.105-step:20-v:304.0)-(t:0.107-step:21-v:303.0)-(t:0.112-step:22-v:302.0)-(t:0.117-step:23-v:299.0)-(t:0.118-step:24-v:298.0)-(t:0.120-step:25-v:297.0)-(t:0.120-step:26-v:296.0)-(t:0.121-step:27-v:295.0)-(t:0.121-step:28-v:294.0)-(t:0.127-step:29-v:293.0)-(t:0.128-step:30-v:292.0)-(t:0.134-step:31-v:291.0)-(t:0.136-step:32-v:290.0)-(t:0.137-step:33-v:289.0)-(t:0.137-step:34-v:288.0)-(t:0.140-step:35-v:284.0)-(t:0.147-step:36-v:282.0)-(t:0.148-step:37-v:281.0)-(t:0.148-step:38-v:280.0)-(t:0.158-step:39-v:279.0)-(t:0.163-step:40-v:278.0)-(t:0.164-step:41-v:276.0)-(t:0.164-step:42-v:274.0)-(t:0.165-step:43-v:271.0)-(t:0.165-step:44-v:268.0)-(t:0.170-step:45-v:267.0)-(t:0.172-step:46-v:266.0)-(t:0.173-step:47-v:263.0)-(t:0.173-step:48-v:260.0)-(t:0.174-step:49-v:258.0)-(t:0.175-step:50-v:257.0)-(t:0.175-step:51-v:255.0)-(t:0.179-step:52-v:254.0)-(t:0.181-step:53-v:252.0)-(t:0.182-step:54-v:251.0)-(t:0.206-step:55-v:250.0)-(t:0.215-step:56-v:249.0)-(t:0.216-step:57-v:246.0)-(t:0.216-step:58-v:245.0)-(t:0.218-step:59-v:243.0)-(t:0.223-step:60-v:242.0)-(t:0.224-step:61-v:241.0)-(t:0.225-step:62-v:240.0)-(t:0.235-step:63-v:239.0)-(t:0.249-step:64-v:238.0)-(t:0.250-step:65-v:234.0)-(t:0.250-step:66-v:232.0)-(t:0.251-step:67-v:228.0)-(t:0.256-step:68-v:227.0)-(t:0.260-step:69-v:226.0)-(t:0.264-step:70-v:225.0)-(t:0.276-step:71-v:224.0)-(t:0.278-step:72-v:223.0)-(t:0.281-step:73-v:222.0)-(t:0.282-step:74-v:221.0)-(t:0.283-step:75-v:219.0)-(t:0.285-step:76-v:218.0)-(t:0.287-step:77-v:217.0)-(t:0.288-step:78-v:216.0)-(t:0.292-step:79-v:215.0)-(t:0.294-step:80-v:214.0)-(t:0.302-step:81-v:213.0)-(t:0.303-step:82-v:212.0)-(t:0.307-step:83-v:211.0)-(t:0.307-step:84-v:210.0)-(t:0.308-step:85-v:208.0)-(t:0.313-step:86-v:206.0)-(t:0.332-step:87-v:205.0)-(t:0.339-step:88-v:204.0)-(t:0.341-step:89-v:203.0)-(t:0.341-step:90-v:202.0)-(t:0.346-step:91-v:201.0)-(t:0.362-step:92-v:200.0)-(t:0.365-step:93-v:199.0)-(t:0.365-step:94-v:197.0)-(t:0.376-step:95-v:196.0)-(t:0.382-step:96-v:194.0)-(t:0.383-step:97-v:193.0)-(t:0.387-step:98-v:192.0)-(t:0.388-step:99-v:191.0)-(t:0.392-step:100-v:190.0)-(t:0.396-step:101-v:189.0)-(t:0.398-step:102-v:188.0)-(t:0.403-step:103-v:187.0)-(t:0.409-step:104-v:186.0)-(t:0.409-step:105-v:184.0)-(t:0.410-step:106-v:183.0)-(t:0.410-step:107-v:182.0)-(t:0.411-step:108-v:179.0)-(t:0.417-step:109-v:178.0)-(t:0.419-step:110-v:177.0)-(t:0.430-step:111-v:176.0)-(t:0.431-step:112-v:175.0)-(t:0.432-step:113-v:174.0)-(t:0.433-step:114-v:173.0)-(t:0.434-step:115-v:172.0)-(t:0.436-step:116-v:170.0)-(t:0.437-step:117-v:169.0)-(t:0.437-step:118-v:168.0)-(t:0.446-step:119-v:167.0)-(t:0.446-step:120-v:166.0)-(t:0.447-step:121-v:165.0)-(t:0.456-step:122-v:162.0)-(t:0.457-step:123-v:161.0)-(t:0.459-step:124-v:160.0)-(t:0.460-step:125-v:159.0)-(t:0.461-step:126-v:158.0)-(t:0.468-step:127-v:157.0)-(t:0.475-step:128-v:156.0)-(t:0.477-step:129-v:154.0)-(t:0.481-step:130-v:153.0)-(t:0.485-step:131-v:152.0)-(t:0.486-step:132-v:151.0)-(t:0.487-step:133-v:150.0)-(t:0.495-step:134-v:149.0)-(t:0.501-step:135-v:148.0)-(t:0.501-step:136-v:147.0)-(t:0.502-step:137-v:146.0)-(t:0.503-step:138-v:145.0)-(t:0.503-step:139-v:144.0)-(t:0.504-step:140-v:143.0)-(t:0.512-step:141-v:142.0)-(t:0.513-step:142-v:141.0)-(t:0.514-step:143-v:140.0)-(t:0.515-step:144-v:138.0)-(t:0.515-step:145-v:137.0)-(t:0.517-step:146-v:136.0)-(t:0.518-step:147-v:135.0)-(t:0.519-step:148-v:134.0)-(t:0.526-step:149-v:133.0)-(t:0.528-step:150-v:132.0)-(t:0.529-step:151-v:131.0)-(t:0.529-step:152-v:130.0)-(t:0.530-step:153-v:128.0)-(t:0.531-step:154-v:127.0)-(t:0.531-step:155-v:126.0)-(t:0.532-step:156-v:124.0)-(t:0.537-step:157-v:123.0)-(t:0.543-step:158-v:121.0)-(t:0.544-step:159-v:120.0)-(t:0.544-step:160-v:119.0)-(t:0.545-step:161-v:118.0)-(t:0.546-step:162-v:117.0)-(t:0.547-step:163-v:116.0)-(t:0.548-step:164-v:115.0)-(t:0.555-step:165-v:114.0)-(t:0.556-step:166-v:113.0)-(t:0.557-step:167-v:111.0)-(t:0.558-step:168-v:109.0)-(t:0.559-step:169-v:106.0)-(t:0.560-step:170-v:105.0)-(t:0.561-step:171-v:104.0)-(t:0.564-step:172-v:103.0)-(t:0.570-step:173-v:102.0)-(t:0.574-step:174-v:100.0)-(t:0.582-step:175-v:98.0)-(t:0.583-step:176-v:97.0)-(t:0.587-step:177-v:96.0)-(t:0.600-step:178-v:95.0)-(t:0.604-step:179-v:94.0)-(t:0.607-step:180-v:93.0)-(t:0.801-step:181-v:92.0)-(t:0.810-step:182-v:90.0)-(t:0.818-step:183-v:89.0)-(t:0.819-step:184-v:88.0)-(t:0.823-step:185-v:87.0)-(t:0.830-step:186-v:86.0)-(t:0.837-step:187-v:85.0)-(t:0.849-step:188-v:84.0)-(t:0.892-step:189-v:83.0)-(t:0.906-step:190-v:82.0)-(t:0.906-step:191-v:81.0)-(t:0.908-step:192-v:80.0)-(t:0.911-step:193-v:79.0)-(t:0.914-step:194-v:78.0)-(t:0.915-step:195-v:77.0)-(t:0.965-step:196-v:76.0)-(t:0.969-step:197-v:75.0)-(t:0.969-step:198-v:74.0)-(t:0.972-step:199-v:73.0)-(t:0.975-step:200-v:72.0)-(t:0.979-step:201-v:71.0)-(t:1.114-step:202-v:70.0)-(t:1.142-step:203-v:69.0)-(t:1.143-step:204-v:68.0)-(t:1.144-step:205-v:67.0)-(t:1.241-step:206-v:66.0)-(t:1.246-step:207-v:65.0)-(t:1.250-step:208-v:64.0)-(t:1.253-step:209-v:63.0)-(t:1.321-step:210-v:62.0)-(t:1.324-step:211-v:61.0)-(t:1.325-step:212-v:60.0)-(t:1.333-step:213-v:59.0)-(t:1.334-step:214-v:58.0)-(t:1.342-step:215-v:57.0)-(t:1.415-step:216-v:56.0)-(t:1.431-step:217-v:55.0)-(t:1.431-step:218-v:54.0)-(t:1.432-step:219-v:53.0)-(t:1.508-step:220-v:52.0)-(t:1.517-step:221-v:50.0)-(t:1.519-step:222-v:49.0)-(t:1.536-step:223-v:48.0)-(t:1.843-step:224-v:47.0)-(t:1.847-step:225-v:46.0)-(t:1.858-step:226-v:45.0)-(t:1.887-step:227-v:44.0)-(t:1.947-step:228-v:43.0)-(t:2.168-step:229-v:42.0)-(t:2.210-step:230-v:41.0)-(t:2.243-step:231-v:40.0)-(t:2.525-step:232-v:39.0)-(t:2.538-step:233-v:38.0)-(t:2.541-step:234-v:37.0)-(t:2.756-step:235-v:36.0)-(t:2.757-step:236-v:35.0)-(t:2.789-step:237-v:34.0)-(t:2.989-step:238-v:33.0)-(t:3.045-step:239-v:32.0)-(t:3.246-step:240-v:31.0)-(t:3.297-step:241-v:30.0)-(t:3.513-step:242-v:29.0)-(t:3.573-step:243-v:28.0)-(t:3.726-step:244-v:27.0)-(t:3.727-step:245-v:26.0)-(t:3.815-step:246-v:25.0)-(t:3.966-step:247-v:24.0)-(t:4.053-step:248-v:23.0)-(t:4.190-step:249-v:22.0)-(t:4.279-step:250-v:21.0)-(t:4.439-step:251-v:20.0)-(t:4.530-step:252-v:19.0)-(t:4.687-step:253-v:18.0)-(t:4.749-step:254-v:17.0)-(t:4.750-step:255-v:16.0)-(t:4.908-step:256-v:15.0)-(t:4.979-step:257-v:14.0)-(t:5.118-step:258-v:13.0)-(t:5.178-step:259-v:12.0)-(t:5.276-step:260-v:11.0)-(t:5.955-step:272-v:10.0)-(t:6.511-step:283-v:9.0)-(t:7.566-step:295-v:8.0)-(t:8.057-step:306-v:7.0)-(t:8.136-step:307-v:6.0)-(t:11.384-step:357-v:5.0)-(t:11.479-step:358-v:4.0)-(t:16.637-step:466-v:3.0)-(t:17.565-step:478-v:2.0)-(t:17.892-step:487-v:1.0)-(t:18.211-step:492-v:0.0)],18.211
roundrobin,examples/csp/csp_300/carseq_300_8_20_62.txt,r1,5400,1,0.0,[(t:0.000-step:1-v:336.0)-(t:0.010-step:2-v:334.0)-(t:0.038-step:3-v:333.0)-(t:0.039-step:4-v:331.0)-(t:0.040-step:5-v:329.0)-(t:0.043-step:6-v:328.0)-(t:0.052-step:7-v:327.0)-(t:0.057-step:8-v:326.0)-(t:0.058-step:9-v:320.0)-(t:0.059-step:10-v:317.0)-(t:0.060-step:11-v:316.0)-(t:0.060-step:12-v:315.0)-(t:0.061-step:13-v:313.0)-(t:0.062-step:14-v:311.0)-(t:0.069-step:15-v:310.0)-(t:0.071-step:16-v:309.0)-(t:0.072-step:17-v:308.0)-(t:0.082-step:18-v:307.0)-(t:0.083-step:19-v:306.0)-(t:0.084-step:20-v:305.0)-(t:0.085-step:21-v:304.0)-(t:0.086-step:22-v:303.0)-(t:0.094-step:23-v:302.0)-(t:0.099-step:24-v:301.0)-(t:0.100-step:25-v:298.0)-(t:0.100-step:26-v:297.0)-(t:0.102-step:27-v:294.0)-(t:0.107-step:28-v:292.0)-(t:0.108-step:29-v:290.0)-(t:0.108-step:30-v:289.0)-(t:0.109-step:31-v:287.0)-(t:0.115-step:32-v:286.0)-(t:0.116-step:33-v:283.0)-(t:0.116-step:34-v:280.0)-(t:0.117-step:35-v:279.0)-(t:0.118-step:36-v:278.0)-(t:0.122-step:37-v:277.0)-(t:0.123-step:38-v:276.0)-(t:0.124-step:39-v:275.0)-(t:0.134-step:40-v:273.0)-(t:0.138-step:41-v:270.0)-(t:0.139-step:42-v:269.0)-(t:0.143-step:43-v:268.0)-(t:0.144-step:44-v:267.0)-(t:0.145-step:45-v:266.0)-(t:0.147-step:46-v:263.0)-(t:0.195-step:47-v:262.0)-(t:0.196-step:48-v:261.0)-(t:0.200-step:49-v:259.0)-(t:0.201-step:50-v:258.0)-(t:0.202-step:51-v:257.0)-(t:0.203-step:52-v:255.0)-(t:0.205-step:53-v:254.0)-(t:0.205-step:54-v:253.0)-(t:0.212-step:55-v:252.0)-(t:0.219-step:56-v:251.0)-(t:0.220-step:57-v:247.0)-(t:0.220-step:58-v:246.0)-(t:0.221-step:59-v:245.0)-(t:0.225-step:60-v:244.0)-(t:0.226-step:61-v:243.0)-(t:0.227-step:62-v:242.0)-(t:0.231-step:63-v:241.0)-(t:0.237-step:64-v:240.0)-(t:0.238-step:65-v:238.0)-(t:0.238-step:66-v:237.0)-(t:0.239-step:67-v:236.0)-(t:0.240-step:68-v:235.0)-(t:0.244-step:69-v:230.0)-(t:0.244-step:70-v:229.0)-(t:0.264-step:71-v:228.0)-(t:0.278-step:72-v:227.0)-(t:0.281-step:73-v:226.0)-(t:0.282-step:74-v:225.0)-(t:0.289-step:75-v:224.0)-(t:0.292-step:76-v:223.0)-(t:0.295-step:77-v:222.0)-(t:0.297-step:78-v:221.0)-(t:0.306-step:79-v:220.0)-(t:0.308-step:80-v:218.0)-(t:0.311-step:81-v:217.0)-(t:0.312-step:82-v:216.0)-(t:0.313-step:83-v:215.0)-(t:0.315-step:84-v:214.0)-(t:0.319-step:85-v:213.0)-(t:0.321-step:86-v:212.0)-(t:0.321-step:87-v:209.0)-(t:0.327-step:88-v:208.0)-(t:0.335-step:89-v:207.0)-(t:0.335-step:90-v:206.0)-(t:0.340-step:91-v:204.0)-(t:0.341-step:92-v:203.0)-(t:0.345-step:93-v:202.0)-(t:0.347-step:94-v:201.0)-(t:0.358-step:95-v:200.0)-(t:0.361-step:96-v:199.0)-(t:0.362-step:97-v:198.0)-(t:0.363-step:98-v:197.0)-(t:0.366-step:99-v:196.0)-(t:0.367-step:100-v:195.0)-(t:0.368-step:101-v:193.0)-(t:0.372-step:102-v:191.0)-(t:0.381-step:103-v:190.0)-(t:0.381-step:104-v:189.0)-(t:0.382-step:105-v:188.0)-(t:0.382-step:106-v:187.0)-(t:0.383-step:107-v:186.0)-(t:0.384-step:108-v:185.0)-(t:0.385-step:109-v:184.0)-(t:0.385-step:110-v:183.0)-(t:0.398-step:111-v:182.0)-(t:0.399-step:112-v:180.0)-(t:0.400-step:113-v:179.0)-(t:0.402-step:114-v:178.0)-(t:0.403-step:115-v:177.0)-(t:0.407-step:116-v:175.0)-(t:0.408-step:117-v:174.0)-(t:0.409-step:118-v:173.0)-(t:0.433-step:119-v:172.0)-(t:0.434-step:120-v:171.0)-(t:0.435-step:121-v:170.0)-(t:0.435-step:122-v:169.0)-(t:0.436-step:123-v:167.0)-(t:0.440-step:124-v:166.0)-(t:0.440-step:125-v:165.0)-(t:0.441-step:126-v:163.0)-(t:0.461-step:127-v:161.0)-(t:0.464-step:128-v:160.0)-(t:0.464-step:129-v:159.0)-(t:0.465-step:130-v:158.0)-(t:0.465-step:131-v:156.0)-(t:0.466-step:132-v:155.0)-(t:0.467-step:133-v:154.0)-(t:0.467-step:134-v:153.0)-(t:0.482-step:135-v:152.0)-(t:0.484-step:136-v:151.0)-(t:0.484-step:137-v:148.0)-(t:0.485-step:138-v:147.0)-(t:0.485-step:139-v:146.0)-(t:0.487-step:140-v:144.0)-(t:0.488-step:141-v:143.0)-(t:0.488-step:142-v:142.0)-(t:0.494-step:143-v:141.0)-(t:0.502-step:144-v:139.0)-(t:0.503-step:145-v:138.0)-(t:0.503-step:146-v:137.0)-(t:0.504-step:147-v:136.0)-(t:0.508-step:148-v:135.0)-(t:0.508-step:149-v:134.0)-(t:0.509-step:150-v:133.0)-(t:0.515-step:151-v:132.0)-(t:0.524-step:152-v:131.0)-(t:0.524-step:153-v:129.0)-(t:0.525-step:154-v:127.0)-(t:0.527-step:155-v:126.0)-(t:0.528-step:156-v:125.0)-(t:0.530-step:157-v:124.0)-(t:0.543-step:158-v:123.0)-(t:0.544-step:159-v:122.0)-(t:0.544-step:160-v:121.0)-(t:0.545-step:161-v:120.0)-(t:0.545-step:162-v:119.0)-(t:0.546-step:163-v:118.0)-(t:0.546-step:164-v:117.0)-(t:0.551-step:165-v:116.0)-(t:0.552-step:166-v:115.0)-(t:0.557-step:167-v:114.0)-(t:0.557-step:168-v:113.0)-(t:0.558-step:169-v:112.0)-(t:0.569-step:170-v:111.0)-(t:0.570-step:171-v:110.0)-(t:0.570-step:172-v:109.0)-(t:0.572-step:173-v:107.0)-(t:0.573-step:174-v:106.0)-(t:0.574-step:175-v:104.0)-(t:0.574-step:176-v:103.0)-(t:0.575-step:177-v:102.0)-(t:0.575-step:178-v:101.0)-(t:0.584-step:179-v:99.0)-(t:0.585-step:180-v:98.0)-(t:0.586-step:181-v:97.0)-(t:0.596-step:182-v:96.0)-(t:0.598-step:183-v:95.0)-(t:0.605-step:184-v:94.0)-(t:0.606-step:185-v:93.0)-(t:0.608-step:186-v:91.0)-(t:0.609-step:187-v:90.0)-(t:0.615-step:188-v:89.0)-(t:0.672-step:189-v:88.0)-(t:0.677-step:190-v:87.0)-(t:0.681-step:191-v:85.0)-(t:0.681-step:192-v:84.0)-(t:0.684-step:193-v:83.0)-(t:0.684-step:194-v:81.0)-(t:0.685-step:195-v:79.0)-(t:0.745-step:196-v:78.0)-(t:0.750-step:197-v:77.0)-(t:0.753-step:198-v:75.0)-(t:0.753-step:199-v:74.0)-(t:0.756-step:200-v:73.0)-(t:0.757-step:201-v:72.0)-(t:0.759-step:202-v:71.0)-(t:0.810-step:203-v:70.0)-(t:0.822-step:204-v:69.0)-(t:0.824-step:205-v:68.0)-(t:0.825-step:206-v:66.0)-(t:0.826-step:207-v:65.0)-(t:0.829-step:208-v:64.0)-(t:0.830-step:209-v:63.0)-(t:0.836-step:210-v:62.0)-(t:0.926-step:211-v:61.0)-(t:0.934-step:212-v:60.0)-(t:0.939-step:213-v:58.0)-(t:0.941-step:214-v:56.0)-(t:0.942-step:215-v:55.0)-(t:0.946-step:216-v:54.0)-(t:0.947-step:217-v:53.0)-(t:0.947-step:218-v:52.0)-(t:1.015-step:219-v:51.0)-(t:1.017-step:220-v:50.0)-(t:1.031-step:221-v:49.0)-(t:1.032-step:222-v:48.0)-(t:1.040-step:223-v:47.0)-(t:1.117-step:224-v:46.0)-(t:1.134-step:225-v:45.0)-(t:1.136-step:226-v:43.0)-(t:1.147-step:227-v:42.0)-(t:1.219-step:228-v:41.0)-(t:1.231-step:229-v:40.0)-(t:1.233-step:230-v:39.0)-(t:1.236-step:231-v:38.0)-(t:1.346-step:232-v:37.0)-(t:1.400-step:233-v:36.0)-(t:1.401-step:234-v:35.0)-(t:1.455-step:235-v:34.0)-(t:1.460-step:236-v:33.0)-(t:1.463-step:237-v:32.0)-(t:1.504-step:238-v:31.0)-(t:1.533-step:239-v:30.0)-(t:1.585-step:240-v:29.0)-(t:1.611-step:241-v:28.0)-(t:1.747-step:242-v:27.0)-(t:1.761-step:243-v:26.0)-(t:1.802-step:244-v:25.0)-(t:1.844-step:245-v:24.0)-(t:1.996-step:246-v:23.0)-(t:2.091-step:247-v:22.0)-(t:2.227-step:248-v:21.0)-(t:2.287-step:249-v:20.0)-(t:2.289-step:250-v:19.0)-(t:2.381-step:251-v:18.0)-(t:2.392-step:252-v:17.0)-(t:2.396-step:253-v:16.0)-(t:2.579-step:254-v:15.0)-(t:2.601-step:255-v:14.0)-(t:2.607-step:256-v:13.0)-(t:2.822-step:257-v:12.0)-(t:2.856-step:258-v:11.0)-(t:3.049-step:259-v:10.0)-(t:3.070-step:260-v:9.0)-(t:3.654-step:290-v:8.0)-(t:3.700-step:291-v:7.0)-(t:3.820-step:292-v:6.0)-(t:3.860-step:293-v:5.0)-(t:3.993-step:294-v:4.0)-(t:4.536-step:311-v:3.0)-(t:4.563-step:312-v:2.0)-(t:4.687-step:313-v:1.0)-(t:4.711-step:314-v:0.0)],4.711
roundrobin,examples/csp/csp_300/carseq_300_8_20_76.txt,r1,5400,1,0.0,[(t:0.000-step:1-v:341.0)-(t:0.010-step:2-v:335.0)-(t:0.030-step:3-v:334.0)-(t:0.034-step:4-v:332.0)-(t:0.036-step:5-v:330.0)-(t:0.039-step:6-v:327.0)-(t:0.053-step:7-v:326.0)-(t:0.060-step:8-v:324.0)-(t:0.062-step:9-v:320.0)-(t:0.062-step:10-v:319.0)-(t:0.064-step:11-v:318.0)-(t:0.064-step:12-v:316.0)-(t:0.065-step:13-v:315.0)-(t:0.069-step:14-v:314.0)-(t:0.075-step:15-v:313.0)-(t:0.097-step:16-v:311.0)-(t:0.098-step:17-v:309.0)-(t:0.114-step:18-v:307.0)-(t:0.115-step:19-v:304.0)-(t:0.115-step:20-v:300.0)-(t:0.119-step:21-v:297.0)-(t:0.120-step:22-v:296.0)-(t:0.126-step:23-v:295.0)-(t:0.128-step:24-v:294.0)-(t:0.133-step:25-v:293.0)-(t:0.133-step:26-v:292.0)-(t:0.137-step:27-v:291.0)-(t:0.139-step:28-v:290.0)-(t:0.140-step:29-v:289.0)-(t:0.142-step:30-v:288.0)-(t:0.145-step:31-v:286.0)-(t:0.150-step:32-v:285.0)-(t:0.151-step:33-v:284.0)-(t:0.152-step:34-v:283.0)-(t:0.153-step:35-v:281.0)-(t:0.157-step:36-v:279.0)-(t:0.158-step:37-v:277.0)-(t:0.159-step:38-v:276.0)-(t:0.211-step:39-v:275.0)-(t:0.214-step:40-v:272.0)-(t:0.217-step:41-v:271.0)-(t:0.218-step:42-v:267.0)-(t:0.227-step:43-v:265.0)-(t:0.227-step:44-v:263.0)-(t:0.228-step:45-v:262.0)-(t:0.228-step:46-v:261.0)-(t:0.234-step:47-v:260.0)-(t:0.239-step:48-v:259.0)-(t:0.241-step:49-v:258.0)-(t:0.241-step:50-v:257.0)-(t:0.245-step:51-v:255.0)-(t:0.246-step:52-v:254.0)-(t:0.247-step:53-v:253.0)-(t:0.247-step:54-v:252.0)-(t:0.252-step:55-v:251.0)-(t:0.253-step:56-v:250.0)-(t:0.254-step:57-v:249.0)-(t:0.254-step:58-v:247.0)-(t:0.255-step:59-v:246.0)-(t:0.264-step:60-v:245.0)-(t:0.266-step:61-v:243.0)-(t:0.271-step:62-v:242.0)-(t:0.273-step:63-v:241.0)-(t:0.280-step:64-v:240.0)-(t:0.282-step:65-v:239.0)-(t:0.282-step:66-v:238.0)-(t:0.287-step:67-v:237.0)-(t:0.294-step:68-v:236.0)-(t:0.298-step:69-v:235.0)-(t:0.299-step:70-v:234.0)-(t:0.304-step:71-v:233.0)-(t:0.308-step:72-v:232.0)-(t:0.309-step:73-v:228.0)-(t:0.310-step:74-v:226.0)-(t:0.311-step:75-v:224.0)-(t:0.314-step:76-v:222.0)-(t:0.315-step:77-v:221.0)-(t:0.316-step:78-v:220.0)-(t:0.343-step:79-v:219.0)-(t:0.345-step:80-v:218.0)-(t:0.348-step:81-v:217.0)-(t:0.349-step:82-v:216.0)-(t:0.350-step:83-v:215.0)-(t:0.352-step:84-v:214.0)-(t:0.353-step:85-v:213.0)-(t:0.354-step:86-v:212.0)-(t:0.356-step:87-v:211.0)-(t:0.359-step:88-v:210.0)-(t:0.360-step:89-v:208.0)-(t:0.361-step:90-v:207.0)-(t:0.362-step:91-v:205.0)-(t:0.362-step:92-v:203.0)-(t:0.363-step:93-v:201.0)-(t:0.363-step:94-v:200.0)-(t:0.368-step:95-v:199.0)-(t:0.369-step:96-v:198.0)-(t:0.370-step:97-v:197.0)-(t:0.371-step:98-v:196.0)-(t:0.372-step:99-v:195.0)-(t:0.376-step:100-v:194.0)-(t:0.377-step:101-v:193.0)-(t:0.377-step:102-v:192.0)-(t:0.383-step:103-v:191.0)-(t:0.385-step:104-v:190.0)-(t:0.385-step:105-v:188.0)-(t:0.385-step:106-v:186.0)-(t:0.386-step:107-v:185.0)-(t:0.386-step:108-v:184.0)-(t:0.387-step:109-v:182.0)-(t:0.387-step:110-v:180.0)-(t:0.392-step:111-v:179.0)-(t:0.393-step:112-v:178.0)-(t:0.394-step:113-v:177.0)-(t:0.394-step:114-v:176.0)-(t:0.395-step:115-v:173.0)-(t:0.396-step:116-v:172.0)-(t:0.397-step:117-v:171.0)-(t:0.399-step:118-v:170.0)-(t:0.400-step:119-v:169.0)-(t:0.401-step:120-v:168.0)-(t:0.401-step:121-v:167.0)-(t:0.401-step:122-v:165.0)-(t:0.402-step:123-v:164.0)-(t:0.402-step:124-v:163.0)-(t:0.403-step:125-v:161.0)-(t:0.403-step:126-v:160.0)-(t:0.406-step:127-v:159.0)-(t:0.409-step:128-v:158.0)-(t:0.409-step:129-v:157.0)-(t:0.410-step:130-v:156.0)-(t:0.410-step:131-v:155.0)-(t:0.411-step:132-v:154.0)-(t:0.412-step:133-v:153.0)-(t:0.412-step:134-v:152.0)-(t:0.416-step:135-v:151.0)-(t:0.418-step:136-v:150.0)-(t:0.418-step:137-v:149.0)-(t:0.419-step:138-v:147.0)-(t:0.419-step:139-v:146.0)-(t:0.420-step:140-v:145.0)-(t:0.420-step:141-v:144.0)-(t:0.421-step:142-v:143.0)-(t:0.421-step:143-v:142.0)-(t:0.422-step:144-v:141.0)-(t:0.422-step:145-v:140.0)-(t:0.422-step:146-v:139.0)-(t:0.423-step:147-v:138.0)-(t:0.423-step:148-v:137.0)-(t:0.423-step:149-v:136.0)-(t:0.424-step:150-v:135.0)-(t:0.426-step:151-v:134.0)-(t:0.429-step:152-v:133.0)-(t:0.429-step:153-v:132.0)-(t:0.429-step:154-v:130.0)-(t:0.430-step:155-v:129.0)-(t:0.432-step:156-v:127.0)-(t:0.432-step:157-v:125.0)-(t:0.432-step:158-v:124.0)-(t:0.435-step:159-v:123.0)-(t:0.436-step:160-v:122.0)-(t:0.436-step:161-v:121.0)-(t:0.437-step:162-v:120.0)-(t:0.437-step:163-v:119.0)-(t:0.438-step:164-v:118.0)-(t:0.439-step:165-v:116.0)-(t:0.440-step:166-v:115.0)-(t:0.449-step:167-v:114.0)-(t:0.450-step:168-v:113.0)-(t:0.452-step:169-v:112.0)-(t:0.457-step:170-v:110.0)-(t:0.458-step:171-v:109.0)-(t:0.459-step:172-v:108.0)-(t:0.459-step:173-v:107.0)-(t:0.462-step:174-v:106.0)-(t:0.471-step:175-v:105.0)-(t:0.472-step:176-v:104.0)-(t:0.481-step:177-v:102.0)-(t:0.482-step:178-v:101.0)-(t:0.485-step:179-v:100.0)-(t:0.486-step:180-v:99.0)-(t:0.487-step:181-v:98.0)-(t:0.491-step:182-v:97.0)-(t:0.508-step:183-v:96.0)-(t:0.531-step:184-v:95.0)-(t:0.532-step:185-v:94.0)-(t:0.539-step:186-v:92.0)-(t:0.540-step:187-v:91.0)-(t:0.561-step:188-v:90.0)-(t:0.574-step:189-v:89.0)-(t:0.582-step:190-v:88.0)-(t:0.583-step:191-v:87.0)-(t:0.587-step:192-v:86.0)-(t:0.698-step:193-v:85.0)-(t:0.705-step:194-v:84.0)-(t:0.707-step:195-v:83.0)-(t:0.707-step:196-v:82.0)-(t:0.710-step:197-v:81.0)-(t:0.717-step:198-v:80.0)-(t:0.718-step:199-v:79.0)-(t:0.721-step:200-v:78.0)-(t:0.810-step:201-v:77.0)-(t:0.812-step:202-v:76.0)-(t:0.813-step:203-v:75.0)-(t:0.814-step:204-v:73.0)-(t:0.816-step:205-v:72.0)-(t:0.820-step:206-v:70.0)-(t:0.821-step:207-v:69.0)-(t:0.825-step:208-v:68.0)-(t:0.950-step:209-v:67.0)-(t:0.952-step:210-v:66.0)-(t:0.953-step:211-v:65.0)-(t:0.954-step:212-v:64.0)-(t:0.955-step:213-v:63.0)-(t:0.961-step:214-v:62.0)-(t:0.962-step:215-v:61.0)-(t:0.962-step:216-v:60.0)-(t:0.969-step:217-v:58.0)-(t:0.986-step:218-v:57.0)-(t:0.987-step:219-v:56.0)-(t:1.025-step:220-v:55.0)-(t:1.031-step:221-v:54.0)-(t:1.071-step:222-v:53.0)-(t:1.086-step:223-v:52.0)-(t:1.090-step:224-v:51.0)-(t:1.203-step:225-v:50.0)-(t:1.211-step:226-v:49.0)-(t:1.212-step:227-v:48.0)-(t:1.214-step:228-v:47.0)-(t:1.269-step:229-v:46.0)-(t:1.284-step:230-v:45.0)-(t:1.286-step:231-v:44.0)-(t:1.288-step:232-v:43.0)-(t:1.291-step:233-v:42.0)-(t:1.321-step:234-v:41.0)-(t:1.361-step:235-v:40.0)-(t:1.631-step:236-v:39.0)-(t:1.647-step:237-v:38.0)-(t:1.662-step:238-v:37.0)-(t:1.663-step:239-v:36.0)-(t:1.771-step:240-v:35.0)-(t:1.792-step:241-v:34.0)-(t:1.842-step:242-v:33.0)-(t:1.848-step:243-v:32.0)-(t:1.849-step:244-v:31.0)-(t:1.984-step:245-v:30.0)-(t:1.987-step:246-v:29.0)-(t:2.044-step:247-v:28.0)-(t:2.203-step:248-v:27.0)-(t:2.235-step:249-v:26.0)-(t:2.285-step:250-v:25.0)-(t:2.459-step:251-v:24.0)-(t:2.502-step:252-v:23.0)-(t:2.673-step:253-v:22.0)-(t:2.734-step:254-v:21.0)-(t:2.899-step:255-v:20.0)-(t:2.980-step:256-v:19.0)-(t:3.232-step:257-v:18.0)-(t:3.296-step:258-v:17.0)-(t:3.454-step:259-v:16.0)-(t:3.528-step:260-v:15.0)-(t:3.677-step:261-v:14.0)-(t:3.734-step:262-v:13.0)-(t:3.883-step:263-v:12.0)-(t:3.942-step:264-v:11.0)-(t:4.086-step:265-v:10.0)-(t:4.166-step:266-v:9.0)-(t:4.257-step:267-v:8.0)-(t:4.329-step:268-v:7.0)-(t:5.204-step:276-v:6.0)-(t:5.836-step:301-v:5.0)-(t:5.934-step:302-v:4.0)-(t:7.324-step:330-v:3.0)-(t:7.423-step:331-v:2.0)-(t:7.469-step:332-v:1.0)-(t:7.553-step:333-v:0.0)],7.553
roundrobin,examples/csp/csp_300/carseq_300_8_20_80.txt,r1,5400,1,0.0,[(t:0.000-step:1-v:396.0)-(t:0.007-step:2-v:393.0)-(t:0.040-step:3-v:391.0)-(t:0.042-step:4-v:389.0)-(t:0.046-step:5-v:386.0)-(t:0.047-step:6-v:385.0)-(t:0.062-step:7-v:383.0)-(t:0.066-step:8-v:381.0)-(t:0.068-step:9-v:377.0)-(t:0.068-step:10-v:372.0)-(t:0.070-step:11-v:370.0)-(t:0.070-step:12-v:369.0)-(t:0.072-step:13-v:368.0)-(t:0.073-step:14-v:367.0)-(t:0.074-step:15-v:366.0)-(t:0.077-step:16-v:365.0)-(t:0.086-step:17-v:362.0)-(t:0.090-step:18-v:356.0)-(t:0.092-step:19-v:354.0)-(t:0.093-step:20-v:351.0)-(t:0.095-step:21-v:348.0)-(t:0.100-step:22-v:345.0)-(t:0.104-step:23-v:344.0)-(t:0.105-step:24-v:339.0)-(t:0.107-step:25-v:334.0)-(t:0.108-step:26-v:333.0)-(t:0.109-step:27-v:328.0)-(t:0.113-step:28-v:326.0)-(t:0.117-step:29-v:325.0)-(t:0.118-step:30-v:324.0)-(t:0.123-step:31-v:323.0)-(t:0.125-step:32-v:322.0)-(t:0.131-step:33-v:321.0)-(t:0.132-step:34-v:320.0)-(t:0.133-step:35-v:319.0)-(t:0.137-step:36-v:314.0)-(t:0.138-step:37-v:313.0)-(t:0.139-step:38-v:311.0)-(t:0.140-step:39-v:309.0)-(t:0.145-step:40-v:308.0)-(t:0.160-step:41-v:307.0)-(t:0.164-step:42-v:306.0)-(t:0.165-step:43-v:305.0)-(t:0.165-step:44-v:304.0)-(t:0.166-step:45-v:302.0)-(t:0.166-step:46-v:300.0)-(t:0.170-step:47-v:299.0)-(t:0.172-step:48-v:298.0)-(t:0.174-step:49-v:297.0)-(t:0.175-step:50-v:293.0)-(t:0.176-step:51-v:292.0)-(t:0.177-step:52-v:291.0)-(t:0.178-step:53-v:290.0)-(t:0.180-step:54-v:289.0)-(t:0.181-step:55-v:288.0)-(t:0.184-step:56-v:286.0)-(t:0.186-step:57-v:285.0)-(t:0.186-step:58-v:283.0)-(t:0.188-step:59-v:282.0)-(t:0.188-step:60-v:281.0)-(t:0.190-step:61-v:280.0)-(t:0.191-step:62-v:279.0)-(t:0.194-step:63-v:278.0)-(t:0.200-step:64-v:276.0)-(t:0.202-step:65-v:272.0)-(t:0.203-step:66-v:271.0)-(t:0.204-step:67-v:270.0)-(t:0.204-step:68-v:269.0)-(t:0.206-step:69-v:268.0)-(t:0.207-step:70-v:267.0)-(t:0.208-step:71-v:265.0)-(t:0.209-step:72-v:264.0)-(t:0.210-step:73-v:263.0)-(t:0.211-step:74-v:262.0)-(t:0.212-step:75-v:261.0)-(t:0.214-step:76-v:259.0)-(t:0.215-step:77-v:258.0)-(t:0.216-step:78-v:257.0)-(t:0.218-step:79-v:256.0)-(t:0.223-step:80-v:255.0)-(t:0.225-step:81-v:254.0)-(t:0.231-step:82-v:253.0)-(t:0.232-step:83-v:251.0)-(t:0.237-step:84-v:250.0)-(t:0.238-step:85-v:249.0)-(t:0.243-step:86-v:248.0)-(t:0.254-step:87-v:247.0)-(t:0.255-step:88-v:245.0)-(t:0.256-step:89-v:244.0)-(t:0.256-step:90-v:243.0)-(t:0.260-step:91-v:241.0)-(t:0.261-step:92-v:236.0)-(t:0.265-step:93-v:235.0)-(t:0.265-step:94-v:234.0)-(t:0.269-step:95-v:233.0)-(t:0.277-step:96-v:231.0)-(t:0.285-step:97-v:230.0)-(t:0.285-step:98-v:228.0)-(t:0.286-step:99-v:226.0)-(t:0.287-step:100-v:225.0)-(t:0.288-step:101-v:224.0)-(t:0.288-step:102-v:223.0)-(t:0.290-step:103-v:222.0)-(t:0.291-step:104-v:221.0)-(t:0.291-step:105-v:219.0)-(t:0.296-step:106-v:218.0)-(t:0.297-step:107-v:217.0)-(t:0.301-step:108-v:216.0)-(t:0.306-step:109-v:214.0)-(t:0.307-step:110-v:213.0)-(t:0.313-step:111-v:212.0)-(t:0.315-step:112-v:210.0)-(t:0.315-step:113-v:209.0)-(t:0.316-step:114-v:207.0)-(t:0.316-step:115-v:206.0)-(t:0.317-step:116-v:204.0)-(t:0.317-step:117-v:203.0)-(t:0.317-step:118-v:201.0)-(t:0.320-step:119-v:199.0)-(t:0.321-step:120-v:198.0)-(t:0.322-step:121-v:197.0)-(t:0.322-step:122-v:196.0)-(t:0.323-step:123-v:194.0)-(t:0.323-step:124-v:193.0)-(t:0.324-step:125-v:192.0)-(t:0.326-step:126-v:191.0)-(t:0.342-step:127-v:190.0)-(t:0.344-step:128-v:189.0)-(t:0.344-step:129-v:186.0)-(t:0.344-step:130-v:184.0)-(t:0.345-step:131-v:183.0)-(t:0.345-step:132-v:181.0)-(t:0.346-step:133-v:180.0)-(t:0.346-step:134-v:179.0)-(t:0.357-step:135-v:178.0)-(t:0.359-step:136-v:177.0)-(t:0.360-step:137-v:176.0)-(t:0.361-step:138-v:175.0)-(t:0.361-step:139-v:172.0)-(t:0.362-step:140-v:171.0)-(t:0.363-step:141-v:170.0)-(t:0.363-step:142-v:169.0)-(t:0.364-step:143-v:168.0)-(t:0.365-step:144-v:167.0)-(t:0.366-step:145-v:166.0)-(t:0.369-step:146-v:165.0)-(t:0.370-step:147-v:164.0)-(t:0.370-step:148-v:163.0)-(t:0.371-step:149-v:162.0)-(t:0.371-step:150-v:161.0)-(t:0.373-step:151-v:160.0)-(t:0.374-step:152-v:158.0)-(t:0.374-step:153-v:157.0)-(t:0.375-step:154-v:156.0)-(t:0.375-step:155-v:155.0)-(t:0.377-step:156-v:154.0)-(t:0.377-step:157-v:153.0)-(t:0.384-step:158-v:152.0)-(t:0.386-step:159-v:151.0)-(t:0.386-step:160-v:150.0)-(t:0.387-step:161-v:149.0)-(t:0.388-step:162-v:148.0)-(t:0.403-step:163-v:147.0)-(t:0.404-step:164-v:146.0)-(t:0.405-step:165-v:145.0)-(t:0.407-step:166-v:144.0)-(t:0.408-step:167-v:141.0)-(t:0.409-step:168-v:140.0)-(t:0.415-step:169-v:139.0)-(t:0.417-step:170-v:138.0)-(t:0.418-step:171-v:137.0)-(t:0.420-step:172-v:135.0)-(t:0.423-step:173-v:134.0)-(t:0.424-step:174-v:133.0)-(t:0.428-step:175-v:132.0)-(t:0.432-step:176-v:131.0)-(t:0.437-step:177-v:130.0)-(t:0.438-step:178-v:129.0)-(t:0.439-step:179-v:127.0)-(t:0.440-step:180-v:126.0)-(t:0.441-step:181-v:125.0)-(t:0.445-step:182-v:124.0)-(t:0.447-step:183-v:123.0)-(t:0.450-step:184-v:121.0)-(t:0.450-step:185-v:120.0)-(t:0.451-step:186-v:119.0)-(t:0.451-step:187-v:118.0)-(t:0.470-step:188-v:117.0)-(t:0.484-step:189-v:116.0)-(t:0.485-step:190-v:115.0)-(t:0.486-step:191-v:114.0)-(t:0.486-step:192-v:113.0)-(t:0.488-step:193-v:112.0)-(t:0.595-step:194-v:110.0)-(t:0.605-step:195-v:108.0)-(t:0.608-step:196-v:107.0)-(t:0.622-step:197-v:106.0)-(t:0.622-step:198-v:104.0)-(t:0.623-step:199-v:103.0)-(t:0.738-step:200-v:102.0)-(t:0.740-step:201-v:101.0)-(t:0.741-step:202-v:100.0)-(t:0.742-step:203-v:99.0)-(t:0.743-step:204-v:98.0)-(t:0.744-step:205-v:97.0)-(t:0.746-step:206-v:96.0)-(t:0.856-step:207-v:95.0)-(t:0.867-step:208-v:94.0)-(t:0.870-step:209-v:93.0)-(t:0.872-step:210-v:92.0)-(t:0.873-step:211-v:91.0)-(t:0.874-step:212-v:90.0)-(t:0.914-step:213-v:89.0)-(t:0.917-step:214-v:88.0)-(t:0.929-step:215-v:87.0)-(t:0.930-step:216-v:86.0)-(t:0.934-step:217-v:85.0)-(t:0.985-step:218-v:84.0)-(t:0.987-step:219-v:83.0)-(t:0.988-step:220-v:81.0)-(t:0.988-step:221-v:80.0)-(t:0.989-step:222-v:79.0)-(t:0.990-step:223-v:78.0)-(t:0.991-step:224-v:77.0)-(t:1.029-step:225-v:76.0)-(t:1.033-step:226-v:75.0)-(t:1.048-step:227-v:74.0)-(t:1.049-step:228-v:73.0)-(t:1.049-step:229-v:72.0)-(t:1.053-step:230-v:71.0)-(t:1.056-step:231-v:70.0)-(t:1.056-step:232-v:69.0)-(t:1.057-step:233-v:68.0)-(t:1.058-step:234-v:67.0)-(t:1.062-step:235-v:66.0)-(t:1.062-step:236-v:65.0)-(t:1.091-step:237-v:64.0)-(t:1.093-step:238-v:63.0)-(t:1.138-step:239-v:62.0)-(t:1.149-step:240-v:61.0)-(t:1.153-step:241-v:60.0)-(t:1.155-step:242-v:59.0)-(t:1.165-step:243-v:58.0)-(t:1.228-step:244-v:57.0)-(t:1.238-step:245-v:56.0)-(t:1.245-step:246-v:55.0)-(t:1.245-step:247-v:54.0)-(t:1.251-step:248-v:53.0)-(t:1.305-step:249-v:52.0)-(t:1.306-step:250-v:51.0)-(t:1.345-step:251-v:50.0)-(t:1.359-step:252-v:49.0)-(t:1.564-step:253-v:48.0)-(t:1.569-step:254-v:47.0)-(t:1.578-step:255-v:46.0)-(t:1.614-step:256-v:45.0)-(t:1.624-step:257-v:44.0)-(t:1.654-step:258-v:43.0)-(t:1.666-step:259-v:42.0)-(t:1.691-step:260-v:41.0)-(t:1.735-step:261-v:40.0)-(t:1.736-step:262-v:39.0)-(t:1.738-step:263-v:38.0)-(t:1.747-step:264-v:37.0)-(t:1.955-step:265-v:36.0)-(t:1.966-step:266-v:35.0)-(t:1.968-step:267-v:34.0)-(t:1.969-step:268-v:33.0)-(t:1.986-step:269-v:32.0)-(t:1.991-step:270-v:31.0)-(t:1.994-step:271-v:30.0)-(t:2.198-step:272-v:29.0)-(t:2.302-step:273-v:28.0)-(t:2.516-step:274-v:27.0)-(t:2.605-step:275-v:26.0)-(t:2.804-step:276-v:25.0)-(t:2.881-step:277-v:24.0)-(t:3.107-step:278-v:23.0)-(t:3.193-step:279-v:22.0)-(t:3.357-step:280-v:21.0)-(t:3.451-step:281-v:20.0)-(t:3.625-step:282-v:19.0)-(t:3.716-step:283-v:18.0)-(t:3.891-step:284-v:17.0)-(t:4.015-step:285-v:16.0)-(t:4.578-step:295-v:15.0)-(t:4.582-step:296-v:14.0)-(t:4.597-step:297-v:13.0)-(t:4.810-step:298-v:12.0)-(t:4.823-step:299-v:11.0)-(t:5.013-step:300-v:10.0)-(t:5.139-step:301-v:9.0)-(t:7.560-step:403-v:8.0)-(t:7.731-step:404-v:7.0)-(t:8.920-step:438-v:6.0)-(t:9.351-step:468-v:5.0)-(t:9.546-step:469-v:4.0)-(t:9.562-step:470-v:3.0)-(t:15.009-step:661-v:2.0)-(t:16.288-step:700-v:1.0)-(t:21.785-step:783-v:0.0)],21.785
roundrobin,examples/csp/csp_100/carseq_100_8_20_86.txt,r1,5400,1,2.0,[(t:0.000-step:1-v:146.0)-(t:0.010-step:2-v:141.0)-(t:0.049-step:3-v:140.0)-(t:0.052-step:4-v:139.0)-(t:0.055-step:5-v:136.0)-(t:0.056-step:6-v:132.0)-(t:0.067-step:7-v:131.0)-(t:0.074-step:8-v:125.0)-(t:0.080-step:9-v:121.0)-(t:0.082-step:10-v:119.0)-(t:0.084-step:11-v:117.0)-(t:0.087-step:12-v:116.0)-(t:0.087-step:13-v:114.0)-(t:0.087-step:14-v:109.0)-(t:0.104-step:15-v:108.0)-(t:0.109-step:16-v:107.0)-(t:0.112-step:17-v:101.0)-(t:0.112-step:18-v:99.0)-(t:0.115-step:19-v:97.0)-(t:0.115-step:20-v:96.0)-(t:0.116-step:21-v:95.0)-(t:0.116-step:22-v:94.0)-(t:0.117-step:23-v:93.0)-(t:0.118-step:24-v:92.0)-(t:0.119-step:25-v:90.0)-(t:0.120-step:26-v:89.0)-(t:0.120-step:27-v:87.0)-(t:0.121-step:28-v:84.0)-(t:0.121-step:29-v:82.0)-(t:0.122-step:30-v:81.0)-(t:0.122-step:31-v:79.0)-(t:0.124-step:32-v:78.0)-(t:0.131-step:33-v:77.0)-(t:0.132-step:34-v:76.0)-(t:0.133-step:35-v:75.0)-(t:0.133-step:36-v:73.0)-(t:0.134-step:37-v:72.0)-(t:0.134-step:38-v:71.0)-(t:0.138-step:39-v:70.0)-(t:0.139-step:40-v:69.0)-(t:0.140-step:41-v:68.0)-(t:0.140-step:42-v:67.0)-(t:0.141-step:43-v:65.0)-(t:0.141-step:44-v:63.0)-(t:0.142-step:45-v:62.0)-(t:0.142-step:46-v:61.0)-(t:0.144-step:47-v:60.0)-(t:0.145-step:48-v:59.0)-(t:0.146-step:49-v:58.0)-(t:0.148-step:50-v:57.0)-(t:0.149-step:51-v:56.0)-(t:0.166-step:52-v:54.0)-(t:0.169-step:53-v:53.0)-(t:0.170-step:54-v:52.0)-(t:0.171-step:55-v:51.0)-(t:0.178-step:56-v:49.0)-(t:0.187-step:57-v:48.0)-(t:0.188-step:58-v:47.0)-(t:0.191-step:59-v:46.0)-(t:0.194-step:60-v:45.0)-(t:0.195-step:61-v:44.0)-(t:0.205-step:62-v:43.0)-(t:0.207-step:63-v:42.0)-(t:0.215-step:64-v:41.0)-(t:0.216-step:65-v:40.0)-(t:0.217-step:66-v:38.0)-(t:0.218-step:67-v:36.0)-(t:0.228-step:68-v:35.0)-(t:0.246-step:69-v:34.0)-(t:0.247-step:70-v:33.0)-(t:0.255-step:71-v:31.0)-(t:0.255-step:72-v:29.0)-(t:0.256-step:73-v:28.0)-(t:0.315-step:74-v:27.0)-(t:0.338-step:75-v:26.0)-(t:0.370-step:76-v:25.0)-(t:0.375-step:77-v:24.0)-(t:0.382-step:78-v:23.0)-(t:0.416-step:79-v:22.0)-(t:0.421-step:80-v:21.0)-(t:0.422-step:81-v:20.0)-(t:0.441-step:82-v:19.0)-(t:0.450-step:83-v:18.0)-(t:0.457-step:84-v:17.0)-(t:0.522-step:85-v:16.0)-(t:0.533-step:86-v:15.0)-(t:0.572-step:87-v:14.0)-(t:0.599-step:88-v:13.0)-(t:0.639-step:89-v:12.0)-(t:0.647-step:90-v:11.0)-(t:0.983-step:137-v:10.0)-(t:0.988-step:138-v:9.0)-(t:1.009-step:139-v:8.0)-(t:1.473-step:199-v:7.0)-(t:2.252-step:303-v:6.0)-(t:2.253-step:304-v:5.0)-(t:4.598-step:698-v:4.0)-(t:4.623-step:699-v:3.0)-(t:4.672-step:711-v:2.0)],5400.0
roundrobin,examples/csp/csp_100/carseq_100_8_20_88.txt,r1,5400,1,1.0,[(t:0.001-step:1-v:133.0)-(t:0.017-step:2-v:131.0)-(t:0.065-step:3-v:130.0)-(t:0.065-step:4-v:124.0)-(t:0.075-step:5-v:123.0)-(t:0.076-step:6-v:122.0)-(t:0.091-step:7-v:120.0)-(t:0.098-step:8-v:119.0)-(t:0.110-step:9-v:117.0)-(t:0.112-step:10-v:115.0)-(t:0.113-step:11-v:112.0)-(t:0.113-step:12-v:111.0)-(t:0.114-step:13-v:110.0)-(t:0.114-step:14-v:109.0)-(t:0.138-step:15-v:108.0)-(t:0.152-step:16-v:106.0)-(t:0.153-step:17-v:104.0)-(t:0.158-step:18-v:102.0)-(t:0.158-step:19-v:98.0)-(t:0.158-step:20-v:95.0)-(t:0.162-step:21-v:94.0)-(t:0.163-step:22-v:92.0)-(t:0.168-step:23-v:91.0)-(t:0.169-step:24-v:88.0)-(t:0.170-step:25-v:86.0)-(t:0.172-step:26-v:85.0)-(t:0.173-step:27-v:82.0)-(t:0.174-step:28-v:81.0)-(t:0.174-step:29-v:80.0)-(t:0.175-step:30-v:78.0)-(t:0.176-step:31-v:77.0)-(t:0.180-step:32-v:76.0)-(t:0.182-step:33-v:75.0)-(t:0.183-step:34-v:74.0)-(t:0.183-step:35-v:73.0)-(t:0.185-step:36-v:72.0)-(t:0.186-step:37-v:71.0)-(t:0.189-step:38-v:69.0)-(t:0.194-step:39-v:68.0)-(t:0.195-step:40-v:67.0)-(t:0.196-step:41-v:66.0)-(t:0.197-step:42-v:65.0)-(t:0.199-step:43-v:64.0)-(t:0.200-step:44-v:61.0)-(t:0.201-step:45-v:59.0)-(t:0.204-step:46-v:58.0)-(t:0.207-step:47-v:57.0)-(t:0.210-step:48-v:56.0)-(t:0.211-step:49-v:55.0)-(t:0.216-step:50-v:54.0)-(t:0.217-step:51-v:53.0)-(t:0.218-step:52-v:52.0)-(t:0.221-step:53-v:51.0)-(t:0.228-step:54-v:50.0)-(t:0.230-step:55-v:48.0)-(t:0.234-step:56-v:46.0)-(t:0.235-step:57-v:45.0)-(t:0.237-step:58-v:44.0)-(t:0.238-step:59-v:42.0)-(t:0.243-step:60-v:41.0)-(t:0.244-step:61-v:40.0)-(t:0.247-step:62-v:39.0)-(t:0.250-step:63-v:38.0)-(t:0.259-step:64-v:37.0)-(t:0.263-step:65-v:36.0)-(t:0.266-step:66-v:35.0)-(t:0.275-step:67-v:33.0)-(t:0.276-step:68-v:32.0)-(t:0.279-step:69-v:31.0)-(t:0.307-step:70-v:30.0)-(t:0.350-step:71-v:29.0)-(t:0.352-step:72-v:28.0)-(t:0.388-step:73-v:27.0)-(t:0.396-step:74-v:26.0)-(t:0.407-step:75-v:25.0)-(t:0.464-step:76-v:24.0)-(t:0.506-step:77-v:23.0)-(t:0.524-step:78-v:22.0)-(t:0.529-step:79-v:21.0)-(t:0.534-step:80-v:20.0)-(t:0.552-step:81-v:19.0)-(t:0.569-step:82-v:18.0)-(t:0.584-step:83-v:17.0)-(t:0.620-step:84-v:16.0)-(t:0.639-step:85-v:15.0)-(t:0.679-step:86-v:14.0)-(t:0.705-step:87-v:13.0)-(t:0.756-step:88-v:12.0)-(t:0.793-step:89-v:11.0)-(t:0.836-step:90-v:10.0)-(t:1.038-step:103-v:9.0)-(t:1.077-step:104-v:8.0)-(t:1.225-step:125-v:7.0)-(t:2.488-step:323-v:6.0)-(t:2.585-step:344-v:5.0)-(t:2.601-step:345-v:4.0)-(t:3.466-step:482-v:3.0)-(t:4.048-step:599-v:2.0)-(t:4.068-step:607-v:1.0)],5400.0
roundrobin,examples/csp/csp_100/carseq_100_8_20_98.txt,r1,5400,1,1.0,[(t:0.000-step:1-v:118.0)-(t:0.018-step:2-v:114.0)-(t:0.078-step:3-v:110.0)-(t:0.078-step:4-v:107.0)-(t:0.079-step:5-v:105.0)-(t:0.083-step:6-v:102.0)-(t:0.113-step:7-v:101.0)-(t:0.121-step:8-v:99.0)-(t:0.122-step:9-v:97.0)-(t:0.122-step:10-v:96.0)-(t:0.128-step:11-v:95.0)-(t:0.129-step:12-v:93.0)-(t:0.130-step:13-v:92.0)-(t:0.131-step:14-v:91.0)-(t:0.141-step:15-v:90.0)-(t:0.143-step:16-v:87.0)-(t:0.161-step:17-v:84.0)-(t:0.165-step:18-v:83.0)-(t:0.166-step:19-v:79.0)-(t:0.167-step:20-v:77.0)-(t:0.170-step:21-v:76.0)-(t:0.170-step:22-v:74.0)-(t:0.173-step:23-v:73.0)-(t:0.178-step:24-v:72.0)-(t:0.179-step:25-v:69.0)-(t:0.179-step:26-v:68.0)-(t:0.180-step:27-v:67.0)-(t:0.188-step:28-v:63.0)-(t:0.189-step:29-v:62.0)-(t:0.189-step:30-v:61.0)-(t:0.203-step:31-v:60.0)-(t:0.207-step:32-v:59.0)-(t:0.217-step:33-v:58.0)-(t:0.234-step:34-v:54.0)-(t:0.234-step:35-v:53.0)-(t:0.235-step:36-v:52.0)-(t:0.249-step:37-v:51.0)-(t:0.258-step:38-v:50.0)-(t:0.260-step:39-v:49.0)-(t:0.260-step:40-v:48.0)-(t:0.261-step:41-v:47.0)-(t:0.268-step:42-v:46.0)-(t:0.279-step:43-v:45.0)-(t:0.280-step:44-v:43.0)-(t:0.281-step:45-v:42.0)-(t:0.294-step:46-v:41.0)-(t:0.295-step:47-v:40.0)-(t:0.295-step:48-v:39.0)-(t:0.304-step:49-v:38.0)-(t:0.305-step:50-v:37.0)-(t:0.334-step:51-v:36.0)-(t:0.376-step:52-v:35.0)-(t:0.377-step:53-v:34.0)-(t:0.385-step:54-v:33.0)-(t:0.395-step:55-v:32.0)-(t:0.399-step:56-v:31.0)-(t:0.406-step:57-v:30.0)-(t:0.514-step:58-v:29.0)-(t:0.521-step:59-v:28.0)-(t:0.600-step:60-v:27.0)-(t:0.613-step:61-v:26.0)-(t:0.636-step:62-v:25.0)-(t:0.658-step:63-v:24.0)-(t:0.666-step:64-v:23.0)-(t:0.714-step:65-v:22.0)-(t:0.759-step:66-v:21.0)-(t:0.777-step:67-v:20.0)-(t:0.832-step:68-v:19.0)-(t:0.868-step:69-v:18.0)-(t:0.917-step:70-v:17.0)-(t:0.957-step:71-v:16.0)-(t:0.991-step:72-v:15.0)-(t:1.003-step:73-v:14.0)-(t:1.107-step:74-v:13.0)-(t:1.282-step:83-v:12.0)-(t:1.289-step:84-v:11.0)-(t:1.375-step:85-v:10.0)-(t:1.400-step:86-v:9.0)-(t:1.451-step:87-v:8.0)-(t:1.627-step:113-v:7.0)-(t:1.650-step:114-v:6.0)-(t:1.680-step:115-v:5.0)-(t:1.857-step:145-v:4.0)-(t:1.883-step:146-v:3.0)-(t:2.757-step:286-v:2.0)-(t:4.679-step:598-v:1.0)],5400.0
roundrobin,examples/csp/csp_100/carseq_100_8_20_99.txt,r1,5400,1,1.0,[(t:0.000-step:1-v:123.0)-(t:0.011-step:2-v:117.0)-(t:0.063-step:3-v:116.0)-(t:0.064-step:4-v:115.0)-(t:0.069-step:5-v:113.0)-(t:0.071-step:6-v:111.0)-(t:0.092-step:7-v:110.0)-(t:0.101-step:8-v:106.0)-(t:0.109-step:9-v:104.0)-(t:0.112-step:10-v:103.0)-(t:0.115-step:11-v:102.0)-(t:0.121-step:12-v:98.0)-(t:0.121-step:13-v:97.0)-(t:0.122-step:14-v:96.0)-(t:0.124-step:15-v:95.0)-(t:0.125-step:16-v:94.0)-(t:0.126-step:17-v:91.0)-(t:0.142-step:18-v:89.0)-(t:0.143-step:19-v:88.0)-(t:0.143-step:20-v:87.0)-(t:0.144-step:21-v:85.0)-(t:0.144-step:22-v:83.0)-(t:0.152-step:23-v:82.0)-(t:0.154-step:24-v:81.0)-(t:0.155-step:25-v:80.0)-(t:0.176-step:26-v:78.0)-(t:0.177-step:27-v:76.0)-(t:0.183-step:28-v:75.0)-(t:0.184-step:29-v:74.0)-(t:0.188-step:30-v:72.0)-(t:0.189-step:31-v:70.0)-(t:0.192-step:32-v:69.0)-(t:0.196-step:33-v:68.0)-(t:0.198-step:34-v:66.0)-(t:0.198-step:35-v:65.0)-(t:0.215-step:36-v:64.0)-(t:0.219-step:37-v:63.0)-(t:0.220-step:38-v:62.0)-(t:0.227-step:39-v:61.0)-(t:0.236-step:40-v:60.0)-(t:0.236-step:41-v:59.0)-(t:0.237-step:42-v:57.0)-(t:0.244-step:43-v:56.0)-(t:0.245-step:44-v:55.0)-(t:0.246-step:45-v:54.0)-(t:0.246-step:46-v:53.0)-(t:0.254-step:47-v:52.0)-(t:0.284-step:48-v:51.0)-(t:0.284-step:49-v:50.0)-(t:0.289-step:50-v:49.0)-(t:0.290-step:51-v:48.0)-(t:0.295-step:52-v:47.0)-(t:0.297-step:53-v:45.0)-(t:0.305-step:54-v:44.0)-(t:0.306-step:55-v:43.0)-(t:0.310-step:56-v:42.0)-(t:0.314-step:57-v:41.0)-(t:0.334-step:58-v:39.0)-(t:0.340-step:59-v:38.0)-(t:0.346-step:60-v:37.0)-(t:0.355-step:61-v:36.0)-(t:0.367-step:62-v:34.0)-(t:0.370-step:63-v:33.0)-(t:0.371-step:64-v:32.0)-(t:0.378-step:65-v:31.0)-(t:0.386-step:66-v:30.0)-(t:0.414-step:67-v:29.0)-(t:0.448-step:68-v:28.0)-(t:0.467-step:69-v:27.0)-(t:0.470-step:70-v:25.0)-(t:0.485-step:71-v:24.0)-(t:0.490-step:72-v:23.0)-(t:0.490-step:73-v:22.0)-(t:0.509-step:74-v:21.0)-(t:0.617-step:75-v:20.0)-(t:0.624-step:76-v:19.0)-(t:0.679-step:77-v:18.0)-(t:0.684-step:78-v:17.0)-(t:0.722-step:79-v:16.0)-(t:0.761-step:80-v:15.0)-(t:0.827-step:81-v:14.0)-(t:0.883-step:82-v:13.0)-(t:0.924-step:83-v:11.0)-(t:0.966-step:84-v:10.0)-(t:1.075-step:91-v:8.0)-(t:1.079-step:92-v:7.0)-(t:1.241-step:112-v:6.0)-(t:1.260-step:113-v:5.0)-(t:1.337-step:116-v:4.0)-(t:1.363-step:117-v:3.0)-(t:2.096-step:187-v:2.0)-(t:3.290-step:375-v:1.0)],5400.0
roundrobin,examples/csp/csp_200/pb_200_06.txt,r1,5400,1,7.0,[(t:0.000-step:1-v:267.0)-(t:0.018-step:2-v:259.0)-(t:0.056-step:3-v:258.0)-(t:0.067-step:4-v:256.0)-(t:0.068-step:5-v:254.0)-(t:0.068-step:6-v:253.0)-(t:0.094-step:7-v:251.0)-(t:0.109-step:8-v:246.0)-(t:0.115-step:9-v:243.0)-(t:0.115-step:10-v:242.0)-(t:0.116-step:11-v:240.0)-(t:0.120-step:12-v:239.0)-(t:0.121-step:13-v:236.0)-(t:0.122-step:14-v:235.0)-(t:0.145-step:15-v:234.0)-(t:0.151-step:16-v:230.0)-(t:0.152-step:17-v:229.0)-(t:0.152-step:18-v:226.0)-(t:0.153-step:19-v:224.0)-(t:0.153-step:20-v:222.0)-(t:0.159-step:21-v:221.0)-(t:0.160-step:22-v:220.0)-(t:0.161-step:23-v:219.0)-(t:0.167-step:24-v:216.0)-(t:0.168-step:25-v:215.0)-(t:0.169-step:26-v:214.0)-(t:0.171-step:27-v:210.0)-(t:0.174-step:28-v:208.0)-(t:0.175-step:29-v:207.0)-(t:0.175-step:30-v:206.0)-(t:0.179-step:31-v:205.0)-(t:0.184-step:32-v:203.0)-(t:0.184-step:33-v:202.0)-(t:0.185-step:34-v:201.0)-(t:0.189-step:35-v:197.0)-(t:0.195-step:36-v:195.0)-(t:0.196-step:37-v:193.0)-(t:0.197-step:38-v:192.0)-(t:0.205-step:39-v:191.0)-(t:0.213-step:40-v:190.0)-(t:0.215-step:41-v:188.0)-(t:0.217-step:42-v:186.0)-(t:0.225-step:43-v:185.0)-(t:0.225-step:44-v:184.0)-(t:0.226-step:45-v:183.0)-(t:0.226-step:46-v:180.0)-(t:0.230-step:47-v:179.0)-(t:0.233-step:48-v:177.0)-(t:0.237-step:49-v:175.0)-(t:0.240-step:50-v:174.0)-(t:0.244-step:51-v:173.0)-(t:0.245-step:52-v:170.0)-(t:0.254-step:53-v:169.0)-(t:0.256-step:54-v:168.0)-(t:0.265-step:55-v:167.0)-(t:0.270-step:56-v:165.0)-(t:0.272-step:57-v:164.0)-(t:0.272-step:58-v:160.0)-(t:0.277-step:59-v:157.0)-(t:0.282-step:60-v:156.0)-(t:0.283-step:61-v:155.0)-(t:0.286-step:62-v:154.0)-(t:0.296-step:63-v:153.0)-(t:0.303-step:64-v:149.0)-(t:0.304-step:65-v:146.0)-(t:0.304-step:66-v:145.0)-(t:0.315-step:67-v:142.0)-(t:0.316-step:68-v:141.0)-(t:0.320-step:69-v:140.0)-(t:0.324-step:70-v:139.0)-(t:0.326-step:71-v:138.0)-(t:0.326-step:72-v:137.0)-(t:0.338-step:73-v:135.0)-(t:0.338-step:74-v:134.0)-(t:0.342-step:75-v:132.0)-(t:0.350-step:76-v:131.0)-(t:0.355-step:77-v:129.0)-(t:0.358-step:78-v:127.0)-(t:0.384-step:79-v:126.0)-(t:0.396-step:80-v:125.0)-(t:0.401-step:81-v:122.0)-(t:0.406-step:82-v:121.0)-(t:0.407-step:83-v:120.0)-(t:0.407-step:84-v:119.0)-(t:0.408-step:85-v:118.0)-(t:0.416-step:86-v:117.0)-(t:0.448-step:87-v:116.0)-(t:0.455-step:88-v:115.0)-(t:0.457-step:89-v:113.0)-(t:0.457-step:90-v:110.0)-(t:0.468-step:91-v:109.0)-(t:0.469-step:92-v:107.0)-(t:0.469-step:93-v:106.0)-(t:0.473-step:94-v:105.0)-(t:0.474-step:95-v:104.0)-(t:0.475-step:96-v:103.0)-(t:0.480-step:97-v:100.0)-(t:0.481-step:98-v:99.0)-(t:0.482-step:99-v:97.0)-(t:0.483-step:100-v:95.0)-(t:0.484-step:101-v:94.0)-(t:0.484-step:102-v:93.0)-(t:0.496-step:103-v:91.0)-(t:0.499-step:104-v:90.0)-(t:0.500-step:105-v:88.0)-(t:0.502-step:106-v:87.0)-(t:0.503-step:107-v:86.0)-(t:0.505-step:108-v:85.0)-(t:0.506-step:109-v:84.0)-(t:0.506-step:110-v:83.0)-(t:0.514-step:111-v:82.0)-(t:0.517-step:112-v:81.0)-(t:0.521-step:113-v:80.0)-(t:0.522-step:114-v:78.0)-(t:0.522-step:115-v:76.0)-(t:0.526-step:116-v:75.0)-(t:0.527-step:117-v:74.0)-(t:0.534-step:118-v:73.0)-(t:0.570-step:119-v:72.0)-(t:0.574-step:120-v:71.0)-(t:0.574-step:121-v:70.0)-(t:0.576-step:122-v:68.0)-(t:0.577-step:123-v:67.0)-(t:0.582-step:124-v:66.0)-(t:0.583-step:125-v:65.0)-(t:0.583-step:126-v:64.0)-(t:0.617-step:127-v:63.0)-(t:0.625-step:128-v:62.0)-(t:0.625-step:129-v:61.0)-(t:0.626-step:130-v:60.0)-(t:0.626-step:131-v:59.0)-(t:0.630-step:132-v:58.0)-(t:0.634-step:133-v:57.0)-(t:0.640-step:134-v:56.0)-(t:0.658-step:135-v:55.0)-(t:0.663-step:136-v:54.0)-(t:0.667-step:137-v:53.0)-(t:0.668-step:138-v:52.0)-(t:0.685-step:139-v:51.0)-(t:0.693-step:140-v:50.0)-(t:0.694-step:141-v:49.0)-(t:0.916-step:142-v:48.0)-(t:0.929-step:143-v:47.0)-(t:0.933-step:144-v:46.0)-(t:0.937-step:145-v:45.0)-(t:0.943-step:146-v:44.0)-(t:0.945-step:147-v:43.0)-(t:1.027-step:148-v:42.0)-(t:1.032-step:149-v:41.0)-(t:1.035-step:150-v:40.0)-(t:1.036-step:151-v:39.0)-(t:1.058-step:152-v:38.0)-(t:1.060-step:153-v:37.0)-(t:1.152-step:154-v:36.0)-(t:1.188-step:155-v:35.0)-(t:1.188-step:156-v:34.0)-(t:1.194-step:157-v:32.0)-(t:1.200-step:158-v:31.0)-(t:1.251-step:159-v:30.0)-(t:1.264-step:160-v:29.0)-(t:1.286-step:161-v:28.0)-(t:1.288-step:162-v:27.0)-(t:1.337-step:163-v:26.0)-(t:1.353-step:164-v:25.0)-(t:1.359-step:165-v:24.0)-(t:1.361-step:166-v:23.0)-(t:1.463-step:167-v:22.0)-(t:1.465-step:168-v:21.0)-(t:1.504-step:169-v:20.0)-(t:1.524-step:170-v:19.0)-(t:1.628-step:171-v:18.0)-(t:1.657-step:172-v:17.0)-(t:1.770-step:173-v:16.0)-(t:1.834-step:174-v:15.0)-(t:1.926-step:175-v:14.0)-(t:2.027-step:176-v:13.0)-(t:2.173-step:177-v:12.0)-(t:2.682-step:229-v:11.0)-(t:2.780-step:230-v:10.0)-(t:2.829-step:231-v:9.0)-(t:6.040-step:633-v:8.0)-(t:6.959-step:754-v:7.0)],5400.0
roundrobin,examples/csp/csp_200/pb_200_07.txt,r1,5400,1,1.0,[(t:0.000-step:1-v:253.0)-(t:0.011-step:2-v:250.0)-(t:0.045-step:3-v:247.0)-(t:0.046-step:4-v:246.0)-(t:0.047-step:5-v:242.0)-(t:0.060-step:6-v:241.0)-(t:0.077-step:7-v:239.0)-(t:0.088-step:8-v:238.0)-(t:0.098-step:9-v:237.0)-(t:0.100-step:10-v:235.0)-(t:0.102-step:11-v:234.0)-(t:0.103-step:12-v:232.0)-(t:0.106-step:13-v:229.0)-(t:0.107-step:14-v:226.0)-(t:0.114-step:15-v:224.0)-(t:0.116-step:16-v:222.0)-(t:0.116-step:17-v:214.0)-(t:0.117-step:18-v:213.0)-(t:0.122-step:19-v:212.0)-(t:0.128-step:20-v:206.0)-(t:0.129-step:21-v:205.0)-(t:0.129-step:22-v:204.0)-(t:0.136-step:23-v:203.0)-(t:0.138-step:24-v:201.0)-(t:0.146-step:25-v:198.0)-(t:0.150-step:26-v:197.0)-(t:0.151-step:27-v:196.0)-(t:0.153-step:28-v:193.0)-(t:0.154-step:29-v:192.0)-(t:0.154-step:30-v:191.0)-(t:0.155-step:31-v:190.0)-(t:0.156-step:32-v:188.0)-(t:0.164-step:33-v:184.0)-(t:0.165-step:34-v:182.0)-(t:0.169-step:35-v:181.0)-(t:0.172-step:36-v:180.0)-(t:0.173-step:37-v:178.0)-(t:0.182-step:38-v:177.0)-(t:0.187-step:39-v:175.0)-(t:0.188-step:40-v:174.0)-(t:0.190-step:41-v:173.0)-(t:0.190-step:42-v:172.0)-(t:0.197-step:43-v:170.0)-(t:0.198-step:44-v:169.0)-(t:0.199-step:45-v:167.0)-(t:0.203-step:46-v:166.0)-(t:0.212-step:47-v:165.0)-(t:0.227-step:48-v:164.0)-(t:0.228-step:49-v:161.0)-(t:0.228-step:50-v:160.0)-(t:0.229-step:51-v:158.0)-(t:0.234-step:52-v:156.0)-(t:0.235-step:53-v:155.0)-(t:0.236-step:54-v:154.0)-(t:0.236-step:55-v:153.0)-(t:0.238-step:56-v:152.0)-(t:0.249-step:57-v:151.0)-(t:0.249-step:58-v:150.0)-(t:0.254-step:59-v:147.0)-(t:0.255-step:60-v:146.0)-(t:0.256-step:61-v:145.0)-(t:0.257-step:62-v:144.0)-(t:0.259-step:63-v:143.0)-(t:0.270-step:64-v:141.0)-(t:0.275-step:65-v:137.0)-(t:0.279-step:66-v:136.0)-(t:0.280-step:67-v:133.0)-(t:0.288-step:68-v:130.0)-(t:0.293-step:69-v:129.0)-(t:0.293-step:70-v:128.0)-(t:0.299-step:71-v:127.0)-(t:0.300-step:72-v:126.0)-(t:0.300-step:73-v:125.0)-(t:0.301-step:74-v:124.0)-(t:0.301-step:75-v:121.0)-(t:0.313-step:76-v:120.0)-(t:0.315-step:77-v:119.0)-(t:0.326-step:78-v:118.0)-(t:0.328-step:79-v:117.0)-(t:0.329-step:80-v:116.0)-(t:0.334-step:81-v:114.0)-(t:0.335-step:82-v:112.0)-(t:0.336-step:83-v:111.0)-(t:0.372-step:84-v:108.0)-(t:0.376-step:85-v:106.0)-(t:0.378-step:86-v:105.0)-(t:0.381-step:87-v:104.0)-(t:0.394-step:88-v:102.0)-(t:0.399-step:89-v:101.0)-(t:0.400-step:90-v:100.0)-(t:0.401-step:91-v:98.0)-(t:0.411-step:92-v:97.0)-(t:0.414-step:93-v:96.0)-(t:0.417-step:94-v:95.0)-(t:0.429-step:95-v:94.0)-(t:0.432-step:96-v:92.0)-(t:0.433-step:97-v:91.0)-(t:0.434-step:98-v:89.0)-(t:0.434-step:99-v:87.0)-(t:0.436-step:100-v:86.0)-(t:0.438-step:101-v:85.0)-(t:0.441-step:102-v:84.0)-(t:0.443-step:103-v:83.0)-(t:0.443-step:104-v:82.0)-(t:0.444-step:105-v:81.0)-(t:0.444-step:106-v:80.0)-(t:0.445-step:107-v:79.0)-(t:0.446-step:108-v:76.0)-(t:0.447-step:109-v:75.0)-(t:0.450-step:110-v:74.0)-(t:0.455-step:111-v:73.0)-(t:0.456-step:112-v:72.0)-(t:0.457-step:113-v:71.0)-(t:0.457-step:114-v:70.0)-(t:0.458-step:115-v:69.0)-(t:0.467-step:116-v:68.0)-(t:0.468-step:117-v:67.0)-(t:0.468-step:118-v:66.0)-(t:0.470-step:119-v:65.0)-(t:0.471-step:120-v:64.0)-(t:0.473-step:121-v:63.0)-(t:0.474-step:122-v:61.0)-(t:0.476-step:123-v:60.0)-(t:0.479-step:124-v:59.0)-(t:0.480-step:125-v:58.0)-(t:0.481-step:126-v:57.0)-(t:0.490-step:127-v:56.0)-(t:0.494-step:128-v:55.0)-(t:0.498-step:129-v:54.0)-(t:0.499-step:130-v:53.0)-(t:0.500-step:131-v:52.0)-(t:0.504-step:132-v:51.0)-(t:0.504-step:133-v:50.0)-(t:0.506-step:134-v:49.0)-(t:0.509-step:135-v:48.0)-(t:0.514-step:136-v:47.0)-(t:0.515-step:137-v:46.0)-(t:0.517-step:138-v:45.0)-(t:0.521-step:139-v:44.0)-(t:0.521-step:140-v:42.0)-(t:0.523-step:141-v:41.0)-(t:0.527-step:142-v:40.0)-(t:0.532-step:143-v:39.0)-(t:0.537-step:144-v:38.0)-(t:0.560-step:145-v:36.0)-(t:0.563-step:146-v:35.0)-(t:0.563-step:147-v:34.0)-(t:0.625-step:148-v:33.0)-(t:0.635-step:149-v:32.0)-(t:0.664-step:150-v:31.0)-(t:0.666-step:151-v:30.0)-(t:0.722-step:152-v:29.0)-(t:0.724-step:153-v:28.0)-(t:0.725-step:154-v:27.0)-(t:0.727-step:155-v:26.0)-(t:0.760-step:156-v:25.0)-(t:0.775-step:157-v:24.0)-(t:0.776-step:158-v:22.0)-(t:0.794-step:159-v:21.0)-(t:0.803-step:160-v:20.0)-(t:0.942-step:161-v:19.0)-(t:0.961-step:162-v:18.0)-(t:0.976-step:163-v:17.0)-(t:1.149-step:164-v:16.0)-(t:1.167-step:165-v:15.0)-(t:1.290-step:166-v:14.0)-(t:1.326-step:167-v:13.0)-(t:1.650-step:176-v:12.0)-(t:1.665-step:177-v:11.0)-(t:1.745-step:178-v:10.0)-(t:2.190-step:223-v:9.0)-(t:2.229-step:224-v:8.0)-(t:2.444-step:237-v:7.0)-(t:2.481-step:238-v:6.0)-(t:3.430-step:300-v:5.0)-(t:3.769-step:333-v:4.0)-(t:3.855-step:336-v:3.0)-(t:3.890-step:337-v:2.0)-(t:4.258-step:363-v:1.0)],5400.0
roundrobin,examples/csp/csp_200/pb_200_08.txt,r1,5400,1,8.0,[(t:0.000-step:1-v:261.0)-(t:0.009-step:2-v:258.0)-(t:0.041-step:3-v:255.0)-(t:0.041-step:4-v:254.0)-(t:0.042-step:5-v:253.0)-(t:0.043-step:6-v:251.0)-(t:0.063-step:7-v:250.0)-(t:0.072-step:8-v:248.0)-(t:0.077-step:9-v:245.0)-(t:0.078-step:10-v:243.0)-(t:0.079-step:11-v:240.0)-(t:0.080-step:12-v:237.0)-(t:0.082-step:13-v:234.0)-(t:0.082-step:14-v:233.0)-(t:0.083-step:15-v:232.0)-(t:0.083-step:16-v:231.0)-(t:0.084-step:17-v:229.0)-(t:0.093-step:18-v:228.0)-(t:0.094-step:19-v:226.0)-(t:0.097-step:20-v:225.0)-(t:0.098-step:21-v:223.0)-(t:0.099-step:22-v:221.0)-(t:0.101-step:23-v:220.0)-(t:0.102-step:24-v:219.0)-(t:0.106-step:25-v:213.0)-(t:0.107-step:26-v:209.0)-(t:0.108-step:27-v:208.0)-(t:0.113-step:28-v:206.0)-(t:0.114-step:29-v:205.0)-(t:0.114-step:30-v:203.0)-(t:0.126-step:31-v:202.0)-(t:0.127-step:32-v:199.0)-(t:0.128-step:33-v:198.0)-(t:0.129-step:34-v:197.0)-(t:0.129-step:35-v:196.0)-(t:0.130-step:36-v:195.0)-(t:0.131-step:37-v:194.0)-(t:0.131-step:38-v:193.0)-(t:0.132-step:39-v:192.0)-(t:0.134-step:40-v:190.0)-(t:0.135-step:41-v:189.0)-(t:0.136-step:42-v:188.0)-(t:0.136-step:43-v:186.0)-(t:0.137-step:44-v:185.0)-(t:0.137-step:45-v:183.0)-(t:0.139-step:46-v:182.0)-(t:0.139-step:47-v:181.0)-(t:0.140-step:48-v:179.0)-(t:0.140-step:49-v:178.0)-(t:0.141-step:50-v:175.0)-(t:0.144-step:51-v:174.0)-(t:0.147-step:52-v:172.0)-(t:0.148-step:53-v:168.0)-(t:0.155-step:54-v:167.0)-(t:0.156-step:55-v:165.0)-(t:0.157-step:56-v:164.0)-(t:0.157-step:57-v:160.0)-(t:0.158-step:58-v:159.0)-(t:0.159-step:59-v:157.0)-(t:0.161-step:60-v:156.0)-(t:0.165-step:61-v:155.0)-(t:0.170-step:62-v:154.0)-(t:0.178-step:63-v:153.0)-(t:0.180-step:64-v:152.0)-(t:0.180-step:65-v:151.0)-(t:0.181-step:66-v:150.0)-(t:0.182-step:67-v:148.0)-(t:0.189-step:68-v:146.0)-(t:0.191-step:69-v:144.0)-(t:0.192-step:70-v:143.0)-(t:0.194-step:71-v:142.0)-(t:0.198-step:72-v:140.0)-(t:0.199-step:73-v:136.0)-(t:0.203-step:74-v:135.0)-(t:0.204-step:75-v:134.0)-(t:0.208-step:76-v:133.0)-(t:0.208-step:77-v:132.0)-(t:0.209-step:78-v:130.0)-(t:0.213-step:79-v:129.0)-(t:0.215-step:80-v:128.0)-(t:0.222-step:81-v:127.0)-(t:0.223-step:82-v:126.0)-(t:0.223-step:83-v:125.0)-(t:0.236-step:84-v:122.0)-(t:0.237-step:85-v:118.0)-(t:0.244-step:86-v:116.0)-(t:0.252-step:87-v:115.0)-(t:0.263-step:88-v:114.0)-(t:0.264-step:89-v:112.0)-(t:0.264-step:90-v:110.0)-(t:0.269-step:91-v:109.0)-(t:0.269-step:92-v:108.0)-(t:0.273-step:93-v:106.0)-(t:0.273-step:94-v:105.0)-(t:0.274-step:95-v:104.0)-(t:0.275-step:96-v:103.0)-(t:0.282-step:97-v:102.0)-(t:0.282-step:98-v:101.0)-(t:0.283-step:99-v:100.0)-(t:0.285-step:100-v:99.0)-(t:0.292-step:101-v:98.0)-(t:0.292-step:102-v:97.0)-(t:0.293-step:103-v:96.0)-(t:0.294-step:104-v:95.0)-(t:0.301-step:105-v:94.0)-(t:0.301-step:106-v:93.0)-(t:0.306-step:107-v:92.0)-(t:0.335-step:108-v:90.0)-(t:0.338-step:109-v:88.0)-(t:0.343-step:110-v:87.0)-(t:0.350-step:111-v:86.0)-(t:0.351-step:112-v:85.0)-(t:0.357-step:113-v:82.0)-(t:0.366-step:114-v:80.0)-(t:0.367-step:115-v:79.0)-(t:0.379-step:116-v:78.0)-(t:0.389-step:117-v:77.0)-(t:0.395-step:118-v:76.0)-(t:0.406-step:119-v:75.0)-(t:0.417-step:120-v:73.0)-(t:0.421-step:121-v:72.0)-(t:0.422-step:122-v:71.0)-(t:0.423-step:123-v:69.0)-(t:0.424-step:124-v:68.0)-(t:0.425-step:125-v:67.0)-(t:0.425-step:126-v:66.0)-(t:0.446-step:127-v:65.0)-(t:0.467-step:128-v:64.0)-(t:0.468-step:129-v:63.0)-(t:0.468-step:130-v:62.0)-(t:0.471-step:131-v:61.0)-(t:0.472-step:132-v:60.0)-(t:0.473-step:133-v:59.0)-(t:0.485-step:134-v:58.0)-(t:0.486-step:135-v:57.0)-(t:0.487-step:136-v:56.0)-(t:0.487-step:137-v:55.0)-(t:0.489-step:138-v:54.0)-(t:0.492-step:139-v:53.0)-(t:0.493-step:140-v:52.0)-(t:0.497-step:141-v:51.0)-(t:0.499-step:142-v:50.0)-(t:0.500-step:143-v:49.0)-(t:0.503-step:144-v:48.0)-(t:0.504-step:145-v:46.0)-(t:0.507-step:146-v:45.0)-(t:0.508-step:147-v:44.0)-(t:0.510-step:148-v:43.0)-(t:0.513-step:149-v:42.0)-(t:0.520-step:150-v:41.0)-(t:0.525-step:151-v:40.0)-(t:0.526-step:152-v:39.0)-(t:0.543-step:153-v:38.0)-(t:0.549-step:154-v:37.0)-(t:0.550-step:155-v:36.0)-(t:0.553-step:156-v:35.0)-(t:0.554-step:157-v:34.0)-(t:0.555-step:158-v:33.0)-(t:0.586-step:159-v:32.0)-(t:0.612-step:160-v:31.0)-(t:0.626-step:161-v:30.0)-(t:0.667-step:162-v:29.0)-(t:0.682-step:163-v:28.0)-(t:0.753-step:164-v:27.0)-(t:0.776-step:165-v:26.0)-(t:0.776-step:166-v:25.0)-(t:0.804-step:167-v:24.0)-(t:0.856-step:168-v:23.0)-(t:0.879-step:169-v:22.0)-(t:0.882-step:170-v:21.0)-(t:0.888-step:171-v:20.0)-(t:1.105-step:172-v:19.0)-(t:1.113-step:173-v:18.0)-(t:1.119-step:174-v:17.0)-(t:1.147-step:175-v:16.0)-(t:1.246-step:176-v:15.0)-(t:1.864-step:227-v:14.0)-(t:2.143-step:236-v:13.0)-(t:2.205-step:237-v:12.0)-(t:2.943-step:335-v:11.0)-(t:3.291-step:369-v:10.0)-(t:3.521-step:400-v:9.0)-(t:4.591-step:534-v:8.0)],5400.0
roundrobin,examples/csp/csp_200/pb_200_09.txt,r1,5400,1,10.0,[(t:0.000-step:1-v:222.0)-(t:0.010-step:2-v:221.0)-(t:0.073-step:3-v:220.0)-(t:0.076-step:4-v:219.0)-(t:0.077-step:5-v:218.0)-(t:0.081-step:6-v:215.0)-(t:0.101-step:7-v:214.0)-(t:0.110-step:8-v:213.0)-(t:0.111-step:9-v:212.0)-(t:0.112-step:10-v:211.0)-(t:0.113-step:11-v:210.0)-(t:0.113-step:12-v:209.0)-(t:0.114-step:13-v:206.0)-(t:0.124-step:14-v:205.0)-(t:0.126-step:15-v:204.0)-(t:0.133-step:16-v:201.0)-(t:0.136-step:17-v:200.0)-(t:0.139-step:18-v:197.0)-(t:0.141-step:19-v:196.0)-(t:0.142-step:20-v:193.0)-(t:0.143-step:21-v:191.0)-(t:0.144-step:22-v:190.0)-(t:0.147-step:23-v:189.0)-(t:0.147-step:24-v:186.0)-(t:0.148-step:25-v:184.0)-(t:0.149-step:26-v:183.0)-(t:0.150-step:27-v:182.0)-(t:0.150-step:28-v:180.0)-(t:0.153-step:29-v:179.0)-(t:0.153-step:30-v:177.0)-(t:0.157-step:31-v:176.0)-(t:0.163-step:32-v:175.0)-(t:0.167-step:33-v:174.0)-(t:0.172-step:34-v:173.0)-(t:0.173-step:35-v:172.0)-(t:0.177-step:36-v:168.0)-(t:0.178-step:37-v:167.0)-(t:0.179-step:38-v:166.0)-(t:0.180-step:39-v:165.0)-(t:0.181-step:40-v:164.0)-(t:0.186-step:41-v:163.0)-(t:0.187-step:42-v:160.0)-(t:0.190-step:43-v:159.0)-(t:0.191-step:44-v:157.0)-(t:0.192-step:45-v:156.0)-(t:0.192-step:46-v:154.0)-(t:0.197-step:47-v:153.0)-(t:0.198-step:48-v:152.0)-(t:0.198-step:49-v:151.0)-(t:0.200-step:50-v:150.0)-(t:0.200-step:51-v:149.0)-(t:0.201-step:52-v:148.0)-(t:0.202-step:53-v:146.0)-(t:0.203-step:54-v:145.0)-(t:0.206-step:55-v:144.0)-(t:0.207-step:56-v:142.0)-(t:0.210-step:57-v:139.0)-(t:0.212-step:58-v:138.0)-(t:0.214-step:59-v:137.0)-(t:0.215-step:60-v:136.0)-(t:0.217-step:61-v:135.0)-(t:0.218-step:62-v:134.0)-(t:0.227-step:63-v:133.0)-(t:0.235-step:64-v:131.0)-(t:0.239-step:65-v:129.0)-(t:0.240-step:66-v:128.0)-(t:0.241-step:67-v:127.0)-(t:0.242-step:68-v:125.0)-(t:0.242-step:69-v:124.0)-(t:0.243-step:70-v:123.0)-(t:0.247-step:71-v:122.0)-(t:0.249-step:72-v:121.0)-(t:0.250-step:73-v:120.0)-(t:0.250-step:74-v:119.0)-(t:0.251-step:75-v:118.0)-(t:0.251-step:76-v:117.0)-(t:0.252-step:77-v:115.0)-(t:0.253-step:78-v:114.0)-(t:0.260-step:79-v:113.0)-(t:0.262-step:80-v:109.0)-(t:0.263-step:81-v:108.0)-(t:0.264-step:82-v:107.0)-(t:0.265-step:83-v:106.0)-(t:0.269-step:84-v:105.0)-(t:0.289-step:85-v:103.0)-(t:0.290-step:86-v:102.0)-(t:0.303-step:87-v:101.0)-(t:0.304-step:88-v:100.0)-(t:0.309-step:89-v:99.0)-(t:0.312-step:90-v:98.0)-(t:0.315-step:91-v:96.0)-(t:0.318-step:92-v:95.0)-(t:0.323-step:93-v:93.0)-(t:0.324-step:94-v:92.0)-(t:0.343-step:95-v:91.0)-(t:0.344-step:96-v:89.0)-(t:0.354-step:97-v:88.0)-(t:0.360-step:98-v:87.0)-(t:0.371-step:99-v:86.0)-(t:0.373-step:100-v:85.0)-(t:0.382-step:101-v:84.0)-(t:0.395-step:102-v:83.0)-(t:0.397-step:103-v:82.0)-(t:0.403-step:104-v:81.0)-(t:0.404-step:105-v:80.0)-(t:0.413-step:106-v:79.0)-(t:0.416-step:107-v:78.0)-(t:0.424-step:108-v:77.0)-(t:0.475-step:109-v:76.0)-(t:0.480-step:110-v:75.0)-(t:0.485-step:111-v:74.0)-(t:0.489-step:112-v:72.0)-(t:0.493-step:113-v:71.0)-(t:0.529-step:114-v:70.0)-(t:0.534-step:115-v:68.0)-(t:0.543-step:116-v:67.0)-(t:0.547-step:117-v:66.0)-(t:0.553-step:118-v:65.0)-(t:0.554-step:119-v:64.0)-(t:0.559-step:120-v:63.0)-(t:0.562-step:121-v:62.0)-(t:0.564-step:122-v:61.0)-(t:0.564-step:123-v:60.0)-(t:0.568-step:124-v:58.0)-(t:0.580-step:125-v:57.0)-(t:0.593-step:126-v:56.0)-(t:0.593-step:127-v:54.0)-(t:0.595-step:128-v:53.0)-(t:0.601-step:129-v:52.0)-(t:0.602-step:130-v:51.0)-(t:0.609-step:131-v:50.0)-(t:0.676-step:132-v:49.0)-(t:0.682-step:133-v:48.0)-(t:0.703-step:134-v:47.0)-(t:0.705-step:135-v:46.0)-(t:0.721-step:136-v:44.0)-(t:0.867-step:137-v:43.0)-(t:0.893-step:138-v:42.0)-(t:0.894-step:139-v:41.0)-(t:0.915-step:140-v:40.0)-(t:1.017-step:141-v:39.0)-(t:1.018-step:142-v:38.0)-(t:1.019-step:143-v:37.0)-(t:1.032-step:144-v:36.0)-(t:1.035-step:145-v:35.0)-(t:1.153-step:146-v:34.0)-(t:1.173-step:147-v:33.0)-(t:1.182-step:148-v:32.0)-(t:1.193-step:149-v:31.0)-(t:1.202-step:150-v:30.0)-(t:1.226-step:151-v:29.0)-(t:1.227-step:152-v:28.0)-(t:1.243-step:153-v:27.0)-(t:1.363-step:154-v:26.0)-(t:1.372-step:155-v:25.0)-(t:1.389-step:156-v:24.0)-(t:1.529-step:157-v:23.0)-(t:1.532-step:158-v:22.0)-(t:1.551-step:159-v:21.0)-(t:1.658-step:160-v:20.0)-(t:1.808-step:166-v:19.0)-(t:1.822-step:167-v:18.0)-(t:1.906-step:168-v:17.0)-(t:2.421-step:234-v:16.0)-(t:2.492-step:235-v:15.0)-(t:2.694-step:280-v:14.0)-(t:2.879-step:321-v:13.0)-(t:3.498-step:429-v:12.0)-(t:8.680-step:1039-v:11.0)-(t:21.959-step:3146-v:10.0)],5400.0
roundrobin,examples/csp/csp_200/pb_200_10.txt,r1,5400,1,19.0,[(t:0.004-step:1-v:224.0)-(t:0.023-step:2-v:219.0)-(t:0.072-step:3-v:216.0)-(t:0.072-step:4-v:213.0)-(t:0.075-step:5-v:211.0)-(t:0.085-step:6-v:210.0)-(t:0.127-step:7-v:209.0)-(t:0.141-step:8-v:202.0)-(t:0.146-step:9-v:196.0)-(t:0.157-step:10-v:195.0)-(t:0.157-step:11-v:193.0)-(t:0.158-step:12-v:190.0)-(t:0.158-step:13-v:189.0)-(t:0.191-step:14-v:188.0)-(t:0.193-step:15-v:182.0)-(t:0.206-step:16-v:181.0)-(t:0.207-step:17-v:179.0)-(t:0.219-step:18-v:172.0)-(t:0.220-step:19-v:170.0)-(t:0.221-step:20-v:169.0)-(t:0.234-step:21-v:167.0)-(t:0.247-step:22-v:161.0)-(t:0.248-step:23-v:159.0)-(t:0.251-step:24-v:158.0)-(t:0.254-step:25-v:156.0)-(t:0.257-step:26-v:154.0)-(t:0.258-step:27-v:153.0)-(t:0.258-step:28-v:152.0)-(t:0.259-step:29-v:151.0)-(t:0.268-step:30-v:150.0)-(t:0.269-step:31-v:148.0)-(t:0.272-step:32-v:146.0)-(t:0.273-step:33-v:145.0)-(t:0.277-step:34-v:144.0)-(t:0.278-step:35-v:143.0)-(t:0.281-step:36-v:141.0)-(t:0.295-step:37-v:140.0)-(t:0.300-step:38-v:139.0)-(t:0.301-step:39-v:138.0)-(t:0.301-step:40-v:137.0)-(t:0.302-step:41-v:136.0)-(t:0.302-step:42-v:135.0)-(t:0.306-step:43-v:134.0)-(t:0.306-step:44-v:133.0)-(t:0.314-step:45-v:132.0)-(t:0.324-step:46-v:128.0)-(t:0.329-step:47-v:127.0)-(t:0.330-step:48-v:126.0)-(t:0.331-step:49-v:125.0)-(t:0.332-step:50-v:124.0)-(t:0.333-step:51-v:123.0)-(t:0.340-step:52-v:122.0)-(t:0.341-step:53-v:121.0)-(t:0.347-step:54-v:120.0)-(t:0.351-step:55-v:119.0)-(t:0.360-step:56-v:118.0)-(t:0.361-step:57-v:117.0)-(t:0.374-step:58-v:115.0)-(t:0.376-step:59-v:114.0)-(t:0.378-step:60-v:113.0)-(t:0.385-step:61-v:111.0)-(t:0.385-step:62-v:110.0)-(t:0.386-step:63-v:109.0)-(t:0.387-step:64-v:108.0)-(t:0.395-step:65-v:107.0)-(t:0.403-step:66-v:106.0)-(t:0.444-step:67-v:105.0)-(t:0.446-step:68-v:103.0)-(t:0.447-step:69-v:102.0)-(t:0.447-step:70-v:101.0)-(t:0.454-step:71-v:100.0)-(t:0.455-step:72-v:99.0)-(t:0.456-step:73-v:98.0)-(t:0.464-step:74-v:97.0)-(t:0.472-step:75-v:96.0)-(t:0.473-step:76-v:93.0)-(t:0.480-step:77-v:90.0)-(t:0.481-step:78-v:89.0)-(t:0.482-step:79-v:87.0)-(t:0.488-step:80-v:84.0)-(t:0.495-step:81-v:83.0)-(t:0.502-step:82-v:82.0)-(t:0.521-step:83-v:80.0)-(t:0.535-step:84-v:79.0)-(t:0.536-step:85-v:78.0)-(t:0.540-step:86-v:77.0)-(t:0.541-step:87-v:76.0)-(t:0.586-step:88-v:75.0)-(t:0.594-step:89-v:74.0)-(t:0.603-step:90-v:73.0)-(t:0.613-step:91-v:72.0)-(t:0.615-step:92-v:71.0)-(t:0.615-step:93-v:70.0)-(t:0.616-step:94-v:69.0)-(t:0.617-step:95-v:67.0)-(t:0.621-step:96-v:66.0)-(t:0.627-step:97-v:65.0)-(t:0.631-step:98-v:64.0)-(t:0.637-step:99-v:63.0)-(t:0.643-step:100-v:62.0)-(t:0.644-step:101-v:61.0)-(t:0.646-step:102-v:59.0)-(t:0.651-step:103-v:58.0)-(t:0.652-step:104-v:57.0)-(t:0.670-step:105-v:56.0)-(t:0.676-step:106-v:55.0)-(t:0.680-step:107-v:54.0)-(t:0.685-step:108-v:53.0)-(t:0.688-step:109-v:52.0)-(t:0.699-step:110-v:51.0)-(t:0.700-step:111-v:50.0)-(t:0.702-step:112-v:49.0)-(t:0.704-step:113-v:48.0)-(t:0.713-step:114-v:47.0)-(t:0.718-step:115-v:46.0)-(t:0.719-step:116-v:45.0)-(t:0.730-step:117-v:44.0)-(t:0.731-step:118-v:43.0)-(t:0.786-step:119-v:42.0)-(t:0.861-step:120-v:41.0)-(t:0.872-step:121-v:40.0)-(t:0.877-step:122-v:39.0)-(t:0.878-step:123-v:38.0)-(t:0.937-step:124-v:37.0)-(t:1.017-step:125-v:36.0)-(t:1.022-step:126-v:35.0)-(t:1.024-step:127-v:34.0)-(t:1.039-step:128-v:33.0)-(t:1.040-step:129-v:32.0)-(t:1.125-step:130-v:31.0)-(t:1.150-step:131-v:30.0)-(t:1.163-step:132-v:29.0)-(t:1.349-step:133-v:28.0)-(t:1.355-step:134-v:27.0)-(t:1.503-step:135-v:26.0)-(t:1.976-step:205-v:25.0)-(t:2.057-step:206-v:24.0)-(t:2.064-step:207-v:23.0)-(t:2.090-step:208-v:22.0)-(t:2.805-step:322-v:21.0)-(t:7.952-step:923-v:20.0)-(t:14.393-step:1827-v:19.0)],5400.0
roundrobin,examples/csp/csp_300/carseq_300_8_20_40.txt,r1,5400,1,1.0,[(t:0.000-step:1-v:370.0)-(t:0.009-step:2-v:369.0)-(t:0.040-step:3-v:368.0)-(t:0.041-step:4-v:365.0)-(t:0.043-step:5-v:364.0)-(t:0.047-step:6-v:363.0)-(t:0.056-step:7-v:362.0)-(t:0.061-step:8-v:360.0)-(t:0.063-step:9-v:359.0)-(t:0.064-step:10-v:356.0)-(t:0.069-step:11-v:355.0)-(t:0.069-step:12-v:352.0)-(t:0.071-step:13-v:351.0)-(t:0.071-step:14-v:348.0)-(t:0.073-step:15-v:347.0)-(t:0.074-step:16-v:346.0)-(t:0.075-step:17-v:345.0)-(t:0.075-step:18-v:344.0)-(t:0.081-step:19-v:343.0)-(t:0.081-step:20-v:341.0)-(t:0.082-step:21-v:338.0)-(t:0.082-step:22-v:337.0)-(t:0.097-step:23-v:336.0)-(t:0.098-step:24-v:334.0)-(t:0.099-step:25-v:330.0)-(t:0.103-step:26-v:329.0)-(t:0.104-step:27-v:325.0)-(t:0.105-step:28-v:324.0)-(t:0.109-step:29-v:323.0)-(t:0.110-step:30-v:321.0)-(t:0.111-step:31-v:320.0)-(t:0.115-step:32-v:319.0)-(t:0.120-step:33-v:318.0)-(t:0.121-step:34-v:317.0)-(t:0.123-step:35-v:315.0)-(t:0.129-step:36-v:314.0)-(t:0.130-step:37-v:313.0)-(t:0.130-step:38-v:312.0)-(t:0.131-step:39-v:311.0)-(t:0.135-step:40-v:308.0)-(t:0.136-step:41-v:306.0)-(t:0.136-step:42-v:304.0)-(t:0.143-step:43-v:302.0)-(t:0.144-step:44-v:301.0)-(t:0.145-step:45-v:299.0)-(t:0.145-step:46-v:298.0)-(t:0.150-step:47-v:297.0)-(t:0.150-step:48-v:295.0)-(t:0.151-step:49-v:293.0)-(t:0.152-step:50-v:292.0)-(t:0.157-step:51-v:291.0)-(t:0.157-step:52-v:288.0)-(t:0.162-step:53-v:287.0)-(t:0.163-step:54-v:285.0)-(t:0.164-step:55-v:284.0)-(t:0.165-step:56-v:283.0)-(t:0.169-step:57-v:282.0)-(t:0.169-step:58-v:280.0)-(t:0.171-step:59-v:279.0)-(t:0.171-step:60-v:276.0)-(t:0.173-step:61-v:274.0)-(t:0.177-step:62-v:272.0)-(t:0.178-step:63-v:271.0)-(t:0.180-step:64-v:269.0)-(t:0.185-step:65-v:267.0)-(t:0.199-step:66-v:266.0)-(t:0.200-step:67-v:265.0)-(t:0.201-step:68-v:263.0)-(t:0.205-step:69-v:261.0)-(t:0.205-step:70-v:260.0)-(t:0.206-step:71-v:259.0)-(t:0.213-step:72-v:258.0)-(t:0.214-step:73-v:256.0)-(t:0.214-step:74-v:253.0)-(t:0.215-step:75-v:252.0)-(t:0.219-step:76-v:250.0)-(t:0.220-step:77-v:249.0)-(t:0.220-step:78-v:248.0)-(t:0.226-step:79-v:247.0)-(t:0.235-step:80-v:246.0)-(t:0.236-step:81-v:244.0)-(t:0.236-step:82-v:241.0)-(t:0.237-step:83-v:240.0)-(t:0.237-step:84-v:239.0)-(t:0.245-step:85-v:238.0)-(t:0.251-step:86-v:237.0)-(t:0.253-step:87-v:235.0)-(t:0.270-step:88-v:234.0)-(t:0.271-step:89-v:232.0)-(t:0.272-step:90-v:231.0)-(t:0.273-step:91-v:230.0)-(t:0.281-step:92-v:229.0)-(t:0.283-step:93-v:228.0)-(t:0.297-step:94-v:227.0)-(t:0.303-step:95-v:226.0)-(t:0.304-step:96-v:225.0)-(t:0.306-step:97-v:224.0)-(t:0.315-step:98-v:223.0)-(t:0.318-step:99-v:222.0)-(t:0.319-step:100-v:221.0)-(t:0.320-step:101-v:220.0)-(t:0.327-step:102-v:219.0)-(t:0.333-step:103-v:218.0)-(t:0.339-step:104-v:217.0)-(t:0.339-step:105-v:216.0)-(t:0.340-step:106-v:214.0)-(t:0.341-step:107-v:213.0)-(t:0.346-step:108-v:212.0)-(t:0.347-step:109-v:211.0)-(t:0.349-step:110-v:210.0)-(t:0.353-step:111-v:209.0)-(t:0.355-step:112-v:208.0)-(t:0.359-step:113-v:205.0)-(t:0.359-step:114-v:204.0)-(t:0.360-step:115-v:201.0)-(t:0.361-step:116-v:200.0)-(t:0.362-step:117-v:199.0)-(t:0.363-step:118-v:198.0)-(t:0.364-step:119-v:197.0)-(t:0.366-step:120-v:196.0)-(t:0.372-step:121-v:195.0)-(t:0.373-step:122-v:191.0)-(t:0.374-step:123-v:190.0)-(t:0.375-step:124-v:189.0)-(t:0.375-step:125-v:186.0)-(t:0.376-step:126-v:185.0)-(t:0.378-step:127-v:184.0)-(t:0.381-step:128-v:183.0)-(t:0.382-step:129-v:182.0)-(t:0.383-step:130-v:180.0)-(t:0.383-step:131-v:179.0)-(t:0.384-step:132-v:178.0)-(t:0.384-step:133-v:177.0)-(t:0.385-step:134-v:176.0)-(t:0.388-step:135-v:175.0)-(t:0.399-step:136-v:173.0)-(t:0.400-step:137-v:169.0)-(t:0.400-step:138-v:168.0)-(t:0.401-step:139-v:167.0)-(t:0.401-step:140-v:166.0)-(t:0.403-step:141-v:165.0)-(t:0.405-step:142-v:164.0)-(t:0.407-step:143-v:163.0)-(t:0.407-step:144-v:162.0)-(t:0.408-step:145-v:161.0)-(t:0.409-step:146-v:160.0)-(t:0.409-step:147-v:159.0)-(t:0.410-step:148-v:157.0)-(t:0.410-step:149-v:156.0)-(t:0.411-step:150-v:154.0)-(t:0.436-step:151-v:153.0)-(t:0.438-step:152-v:152.0)-(t:0.439-step:153-v:151.0)-(t:0.439-step:154-v:150.0)-(t:0.440-step:155-v:149.0)-(t:0.441-step:156-v:148.0)-(t:0.441-step:157-v:147.0)-(t:0.441-step:158-v:146.0)-(t:0.461-step:159-v:145.0)-(t:0.462-step:160-v:143.0)-(t:0.462-step:161-v:142.0)-(t:0.463-step:162-v:141.0)-(t:0.463-step:163-v:140.0)-(t:0.464-step:164-v:139.0)-(t:0.465-step:165-v:138.0)-(t:0.465-step:166-v:137.0)-(t:0.480-step:167-v:136.0)-(t:0.483-step:168-v:135.0)-(t:0.484-step:169-v:134.0)-(t:0.485-step:170-v:133.0)-(t:0.486-step:171-v:132.0)-(t:0.486-step:172-v:131.0)-(t:0.487-step:173-v:130.0)-(t:0.487-step:174-v:129.0)-(t:0.573-step:175-v:128.0)-(t:0.574-step:176-v:127.0)-(t:0.574-step:177-v:125.0)-(t:0.575-step:178-v:124.0)-(t:0.576-step:179-v:123.0)-(t:0.579-step:180-v:122.0)-(t:0.580-step:181-v:121.0)-(t:0.581-step:182-v:120.0)-(t:0.601-step:183-v:119.0)-(t:0.606-step:184-v:118.0)-(t:0.608-step:185-v:117.0)-(t:0.608-step:186-v:116.0)-(t:0.609-step:187-v:115.0)-(t:0.609-step:188-v:114.0)-(t:0.610-step:189-v:113.0)-(t:0.610-step:190-v:112.0)-(t:0.621-step:191-v:111.0)-(t:0.639-step:192-v:110.0)-(t:0.641-step:193-v:109.0)-(t:0.642-step:194-v:108.0)-(t:0.645-step:195-v:105.0)-(t:0.645-step:196-v:104.0)-(t:0.646-step:197-v:103.0)-(t:0.646-step:198-v:102.0)-(t:0.719-step:199-v:101.0)-(t:0.725-step:200-v:100.0)-(t:0.726-step:201-v:99.0)-(t:0.727-step:202-v:98.0)-(t:0.728-step:203-v:97.0)-(t:0.735-step:204-v:96.0)-(t:0.736-step:205-v:95.0)-(t:0.744-step:206-v:94.0)-(t:0.788-step:207-v:93.0)-(t:0.797-step:208-v:92.0)-(t:0.800-step:209-v:91.0)-(t:0.801-step:210-v:90.0)-(t:0.801-step:211-v:89.0)-(t:0.804-step:212-v:88.0)-(t:0.805-step:213-v:87.0)-(t:0.809-step:214-v:86.0)-(t:0.901-step:215-v:85.0)-(t:0.908-step:216-v:84.0)-(t:0.909-step:217-v:83.0)-(t:0.909-step:218-v:82.0)-(t:0.910-step:219-v:81.0)-(t:0.910-step:220-v:80.0)-(t:0.911-step:221-v:79.0)-(t:0.916-step:222-v:78.0)-(t:1.002-step:223-v:77.0)-(t:1.010-step:224-v:76.0)-(t:1.013-step:225-v:74.0)-(t:1.014-step:226-v:73.0)-(t:1.019-step:227-v:72.0)-(t:1.020-step:228-v:71.0)-(t:1.021-step:229-v:70.0)-(t:1.108-step:230-v:69.0)-(t:1.113-step:231-v:68.0)-(t:1.116-step:232-v:67.0)-(t:1.117-step:233-v:66.0)-(t:1.120-step:234-v:65.0)-(t:1.236-step:235-v:64.0)-(t:1.237-step:236-v:62.0)-(t:1.242-step:237-v:61.0)-(t:1.244-step:238-v:60.0)-(t:1.245-step:239-v:59.0)-(t:1.325-step:240-v:58.0)-(t:1.377-step:241-v:57.0)-(t:1.379-step:242-v:56.0)-(t:1.381-step:243-v:55.0)-(t:1.434-step:244-v:54.0)-(t:1.447-step:245-v:53.0)-(t:1.670-step:246-v:52.0)-(t:1.727-step:247-v:51.0)-(t:1.736-step:248-v:50.0)-(t:1.741-step:249-v:49.0)-(t:1.751-step:250-v:48.0)-(t:1.784-step:251-v:47.0)-(t:1.787-step:252-v:46.0)-(t:1.797-step:253-v:45.0)-(t:1.829-step:254-v:44.0)-(t:1.848-step:255-v:43.0)-(t:2.068-step:256-v:42.0)-(t:2.136-step:257-v:41.0)-(t:2.147-step:258-v:40.0)-(t:2.350-step:259-v:39.0)-(t:2.354-step:260-v:38.0)-(t:2.369-step:261-v:37.0)-(t:2.414-step:262-v:36.0)-(t:2.434-step:263-v:35.0)-(t:2.438-step:264-v:34.0)-(t:2.475-step:265-v:33.0)-(t:2.700-step:266-v:32.0)-(t:2.788-step:267-v:31.0)-(t:3.017-step:268-v:30.0)-(t:3.101-step:269-v:29.0)-(t:3.243-step:270-v:28.0)-(t:3.312-step:271-v:27.0)-(t:3.540-step:272-v:26.0)-(t:3.628-step:273-v:25.0)-(t:3.804-step:274-v:24.0)-(t:3.846-step:275-v:23.0)-(t:3.933-step:276-v:22.0)-(t:4.162-step:277-v:21.0)-(t:4.282-step:278-v:20.0)-(t:5.803-step:292-v:19.0)-(t:5.854-step:293-v:18.0)-(t:5.956-step:294-v:17.0)-(t:7.434-step:370-v:16.0)-(t:7.914-step:377-v:15.0)-(t:8.024-step:378-v:14.0)-(t:8.105-step:379-v:13.0)-(t:8.221-step:380-v:12.0)-(t:8.352-step:381-v:11.0)-(t:8.886-step:389-v:10.0)-(t:12.026-step:530-v:9.0)-(t:16.873-step:766-v:8.0)-(t:19.985-step:844-v:7.0)-(t:20.045-step:845-v:5.0)-(t:20.555-step:866-v:4.0)-(t:41.190-step:1617-v:3.0)-(t:44.056-step:1710-v:2.0)-(t:164.198-step:5260-v:1.0)],5400.0
roundrobin,examples/csp/csp_300/carseq_300_8_20_45.txt,r1,5400,1,1.0,[(t:0.004-step:1-v:384.0)-(t:0.014-step:2-v:382.0)-(t:0.033-step:3-v:380.0)-(t:0.033-step:4-v:377.0)-(t:0.041-step:5-v:374.0)-(t:0.041-step:6-v:371.0)-(t:0.062-step:7-v:368.0)-(t:0.076-step:8-v:367.0)-(t:0.083-step:9-v:359.0)-(t:0.083-step:10-v:358.0)-(t:0.084-step:11-v:357.0)-(t:0.084-step:12-v:356.0)-(t:0.090-step:13-v:354.0)-(t:0.093-step:14-v:353.0)-(t:0.099-step:15-v:352.0)-(t:0.101-step:16-v:350.0)-(t:0.119-step:17-v:348.0)-(t:0.120-step:18-v:346.0)-(t:0.121-step:19-v:345.0)-(t:0.122-step:20-v:342.0)-(t:0.128-step:21-v:341.0)-(t:0.129-step:22-v:339.0)-(t:0.134-step:23-v:338.0)-(t:0.136-step:24-v:335.0)-(t:0.137-step:25-v:330.0)-(t:0.137-step:26-v:327.0)-(t:0.142-step:27-v:326.0)-(t:0.143-step:28-v:323.0)-(t:0.144-step:29-v:322.0)-(t:0.144-step:30-v:321.0)-(t:0.153-step:31-v:320.0)-(t:0.155-step:32-v:318.0)-(t:0.159-step:33-v:314.0)-(t:0.159-step:34-v:313.0)-(t:0.160-step:35-v:312.0)-(t:0.161-step:36-v:310.0)-(t:0.165-step:37-v:309.0)-(t:0.166-step:38-v:308.0)-(t:0.211-step:39-v:307.0)-(t:0.215-step:40-v:304.0)-(t:0.215-step:41-v:303.0)-(t:0.216-step:42-v:302.0)-(t:0.222-step:43-v:301.0)-(t:0.229-step:44-v:299.0)-(t:0.230-step:45-v:298.0)-(t:0.231-step:46-v:297.0)-(t:0.233-step:47-v:294.0)-(t:0.238-step:48-v:291.0)-(t:0.243-step:49-v:289.0)-(t:0.245-step:50-v:284.0)-(t:0.246-step:51-v:282.0)-(t:0.246-step:52-v:280.0)-(t:0.251-step:53-v:279.0)-(t:0.251-step:54-v:278.0)-(t:0.256-step:55-v:277.0)-(t:0.259-step:56-v:276.0)-(t:0.260-step:57-v:273.0)-(t:0.265-step:58-v:272.0)-(t:0.266-step:59-v:268.0)-(t:0.266-step:60-v:266.0)-(t:0.270-step:61-v:264.0)-(t:0.271-step:62-v:263.0)-(t:0.275-step:63-v:262.0)-(t:0.277-step:64-v:261.0)-(t:0.277-step:65-v:260.0)-(t:0.278-step:66-v:259.0)-(t:0.281-step:67-v:258.0)-(t:0.282-step:68-v:257.0)-(t:0.283-step:69-v:255.0)-(t:0.284-step:70-v:253.0)-(t:0.290-step:71-v:252.0)-(t:0.296-step:72-v:251.0)-(t:0.300-step:73-v:249.0)-(t:0.301-step:74-v:247.0)-(t:0.302-step:75-v:246.0)-(t:0.302-step:76-v:245.0)-(t:0.303-step:77-v:244.0)-(t:0.307-step:78-v:243.0)-(t:0.325-step:79-v:242.0)-(t:0.331-step:80-v:241.0)-(t:0.337-step:81-v:240.0)-(t:0.338-step:82-v:238.0)-(t:0.339-step:83-v:236.0)-(t:0.340-step:84-v:235.0)-(t:0.341-step:85-v:233.0)-(t:0.343-step:86-v:232.0)-(t:0.355-step:87-v:231.0)-(t:0.356-step:88-v:229.0)-(t:0.356-step:89-v:228.0)-(t:0.361-step:90-v:227.0)-(t:0.362-step:91-v:226.0)-(t:0.370-step:92-v:225.0)-(t:0.376-step:93-v:224.0)-(t:0.377-step:94-v:222.0)-(t:0.381-step:95-v:221.0)-(t:0.383-step:96-v:220.0)-(t:0.388-step:97-v:219.0)-(t:0.389-step:98-v:218.0)-(t:0.390-step:99-v:217.0)-(t:0.391-step:100-v:216.0)-(t:0.395-step:101-v:214.0)-(t:0.396-step:102-v:213.0)-(t:0.418-step:103-v:212.0)-(t:0.419-step:104-v:211.0)-(t:0.420-step:105-v:210.0)-(t:0.423-step:106-v:208.0)-(t:0.424-step:107-v:207.0)-(t:0.425-step:108-v:206.0)-(t:0.425-step:109-v:202.0)-(t:0.426-step:110-v:201.0)-(t:0.453-step:111-v:200.0)-(t:0.454-step:112-v:199.0)-(t:0.455-step:113-v:198.0)-(t:0.457-step:114-v:197.0)-(t:0.459-step:115-v:196.0)-(t:0.459-step:116-v:195.0)-(t:0.460-step:117-v:194.0)-(t:0.461-step:118-v:193.0)-(t:0.461-step:119-v:192.0)-(t:0.464-step:120-v:191.0)-(t:0.465-step:121-v:190.0)-(t:0.465-step:122-v:189.0)-(t:0.466-step:123-v:188.0)-(t:0.466-step:124-v:187.0)-(t:0.467-step:125-v:186.0)-(t:0.468-step:126-v:185.0)-(t:0.472-step:127-v:184.0)-(t:0.475-step:128-v:182.0)-(t:0.475-step:129-v:180.0)-(t:0.476-step:130-v:179.0)-(t:0.477-step:131-v:177.0)-(t:0.477-step:132-v:176.0)-(t:0.478-step:133-v:175.0)-(t:0.479-step:134-v:174.0)-(t:0.486-step:135-v:173.0)-(t:0.487-step:136-v:172.0)-(t:0.488-step:137-v:171.0)-(t:0.488-step:138-v:170.0)-(t:0.489-step:139-v:168.0)-(t:0.490-step:140-v:167.0)-(t:0.491-step:141-v:166.0)-(t:0.492-step:142-v:163.0)-(t:0.497-step:143-v:161.0)-(t:0.498-step:144-v:160.0)-(t:0.498-step:145-v:159.0)-(t:0.498-step:146-v:158.0)-(t:0.499-step:147-v:157.0)-(t:0.500-step:148-v:156.0)-(t:0.500-step:149-v:155.0)-(t:0.501-step:150-v:153.0)-(t:0.502-step:151-v:152.0)-(t:0.503-step:152-v:150.0)-(t:0.504-step:153-v:149.0)-(t:0.505-step:154-v:148.0)-(t:0.505-step:155-v:147.0)-(t:0.510-step:156-v:146.0)-(t:0.510-step:157-v:144.0)-(t:0.514-step:158-v:143.0)-(t:0.522-step:159-v:142.0)-(t:0.524-step:160-v:139.0)-(t:0.528-step:161-v:138.0)-(t:0.529-step:162-v:137.0)-(t:0.529-step:163-v:136.0)-(t:0.530-step:164-v:135.0)-(t:0.535-step:165-v:134.0)-(t:0.537-step:166-v:131.0)-(t:0.547-step:167-v:130.0)-(t:0.548-step:168-v:129.0)-(t:0.548-step:169-v:128.0)-(t:0.548-step:170-v:127.0)-(t:0.549-step:171-v:126.0)-(t:0.556-step:172-v:125.0)-(t:0.557-step:173-v:123.0)-(t:0.558-step:174-v:122.0)-(t:0.571-step:175-v:121.0)-(t:0.571-step:176-v:120.0)-(t:0.574-step:177-v:119.0)-(t:0.574-step:178-v:118.0)-(t:0.574-step:179-v:116.0)-(t:0.575-step:180-v:115.0)-(t:0.581-step:181-v:113.0)-(t:0.584-step:182-v:112.0)-(t:0.591-step:183-v:111.0)-(t:0.600-step:184-v:110.0)-(t:0.605-step:185-v:108.0)-(t:0.605-step:186-v:107.0)-(t:0.606-step:187-v:106.0)-(t:0.609-step:188-v:105.0)-(t:0.610-step:189-v:103.0)-(t:0.611-step:190-v:102.0)-(t:0.673-step:191-v:101.0)-(t:0.674-step:192-v:100.0)-(t:0.680-step:193-v:99.0)-(t:0.681-step:194-v:98.0)-(t:0.681-step:195-v:97.0)-(t:0.696-step:196-v:95.0)-(t:0.696-step:197-v:94.0)-(t:0.704-step:198-v:93.0)-(t:0.751-step:199-v:92.0)-(t:0.757-step:200-v:91.0)-(t:0.758-step:201-v:90.0)-(t:0.759-step:202-v:89.0)-(t:0.759-step:203-v:88.0)-(t:0.766-step:204-v:87.0)-(t:0.767-step:205-v:86.0)-(t:0.769-step:206-v:85.0)-(t:0.827-step:207-v:84.0)-(t:0.833-step:208-v:83.0)-(t:0.835-step:209-v:82.0)-(t:0.836-step:210-v:81.0)-(t:0.839-step:211-v:80.0)-(t:0.839-step:212-v:79.0)-(t:0.840-step:213-v:78.0)-(t:0.893-step:214-v:77.0)-(t:0.896-step:215-v:76.0)-(t:0.910-step:216-v:75.0)-(t:0.911-step:217-v:73.0)-(t:0.919-step:218-v:72.0)-(t:0.959-step:219-v:71.0)-(t:0.961-step:220-v:70.0)-(t:0.962-step:221-v:69.0)-(t:0.969-step:222-v:67.0)-(t:0.970-step:223-v:66.0)-(t:0.976-step:224-v:65.0)-(t:1.101-step:225-v:64.0)-(t:1.117-step:226-v:63.0)-(t:1.128-step:227-v:62.0)-(t:1.128-step:228-v:61.0)-(t:1.129-step:229-v:60.0)-(t:1.136-step:230-v:59.0)-(t:1.138-step:231-v:58.0)-(t:1.144-step:232-v:57.0)-(t:1.252-step:233-v:56.0)-(t:1.257-step:234-v:55.0)-(t:1.265-step:235-v:54.0)-(t:1.266-step:236-v:53.0)-(t:1.267-step:237-v:52.0)-(t:1.334-step:238-v:49.0)-(t:1.347-step:239-v:48.0)-(t:1.348-step:240-v:47.0)-(t:1.349-step:241-v:46.0)-(t:1.429-step:242-v:45.0)-(t:1.442-step:243-v:43.0)-(t:1.448-step:244-v:42.0)-(t:1.470-step:245-v:41.0)-(t:1.470-step:246-v:40.0)-(t:1.482-step:247-v:39.0)-(t:1.569-step:248-v:38.0)-(t:1.608-step:249-v:37.0)-(t:1.610-step:250-v:36.0)-(t:1.618-step:251-v:35.0)-(t:1.818-step:252-v:34.0)-(t:1.865-step:253-v:33.0)-(t:1.866-step:254-v:32.0)-(t:2.014-step:255-v:31.0)-(t:2.056-step:256-v:30.0)-(t:2.059-step:257-v:29.0)-(t:2.075-step:258-v:28.0)-(t:2.282-step:259-v:27.0)-(t:2.315-step:260-v:26.0)-(t:2.322-step:261-v:25.0)-(t:2.343-step:262-v:24.0)-(t:2.346-step:263-v:23.0)-(t:2.362-step:264-v:22.0)-(t:2.532-step:265-v:21.0)-(t:2.536-step:266-v:20.0)-(t:2.639-step:267-v:19.0)-(t:2.787-step:268-v:18.0)-(t:2.894-step:269-v:17.0)-(t:3.035-step:270-v:16.0)-(t:3.144-step:271-v:15.0)-(t:3.258-step:272-v:14.0)-(t:3.353-step:273-v:13.0)-(t:3.476-step:274-v:12.0)-(t:4.799-step:351-v:11.0)-(t:6.515-step:450-v:10.0)-(t:6.643-step:451-v:9.0)-(t:6.738-step:452-v:8.0)-(t:6.878-step:453-v:7.0)-(t:6.978-step:454-v:6.0)-(t:9.538-step:534-v:5.0)-(t:15.095-step:737-v:4.0)-(t:18.878-step:894-v:3.0)-(t:21.756-step:1000-v:2.0)-(t:26.167-step:1132-v:1.0)],5400.0
roundrobin,examples/csp/csp_100/carseq_100_8_20_62.txt,r1,5400,2,0.0,[(t:0.000-step:1-v:144.0)-(t:0.013-step:2-v:137.0)-(t:0.035-step:3-v:136.0)-(t:0.036-step:4-v:134.0)-(t:0.036-step:5-v:133.0)-(t:0.038-step:6-v:132.0)-(t:0.046-step:7-v:131.0)-(t:0.049-step:8-v:130.0)-(t:0.051-step:9-v:126.0)-(t:0.051-step:10-v:124.0)-(t:0.053-step:11-v:123.0)-(t:0.053-step:12-v:120.0)-(t:0.054-step:13-v:119.0)-(t:0.054-step:14-v:118.0)-(t:0.055-step:15-v:117.0)-(t:0.059-step:16-v:111.0)-(t:0.060-step:17-v:107.0)-(t:0.061-step:18-v:103.0)-(t:0.061-step:19-v:102.0)-(t:0.066-step:20-v:101.0)-(t:0.067-step:21-v:100.0)-(t:0.067-step:22-v:98.0)-(t:0.079-step:23-v:97.0)-(t:0.084-step:24-v:95.0)-(t:0.088-step:25-v:93.0)-(t:0.089-step:26-v:89.0)-(t:0.090-step:27-v:88.0)-(t:0.090-step:28-v:86.0)-(t:0.090-step:29-v:85.0)-(t:0.091-step:30-v:83.0)-(t:0.093-step:31-v:82.0)-(t:0.102-step:32-v:81.0)-(t:0.103-step:33-v:80.0)-(t:0.107-step:34-v:79.0)-(t:0.107-step:35-v:78.0)-(t:0.108-step:36-v:77.0)-(t:0.109-step:37-v:75.0)-(t:0.109-step:38-v:73.0)-(t:0.119-step:39-v:72.0)-(t:0.119-step:40-v:71.0)-(t:0.120-step:41-v:70.0)-(t:0.125-step:42-v:69.0)-(t:0.128-step:43-v:66.0)-(t:0.130-step:44-v:64.0)-(t:0.130-step:45-v:63.0)-(t:0.131-step:46-v:62.0)-(t:0.134-step:47-v:61.0)-(t:0.135-step:48-v:60.0)-(t:0.140-step:49-v:59.0)-(t:0.141-step:50-v:58.0)-(t:0.141-step:51-v:56.0)-(t:0.142-step:52-v:54.0)-(t:0.142-step:53-v:53.0)-(t:0.146-step:54-v:52.0)-(t:0.151-step:55-v:50.0)-(t:0.159-step:56-v:49.0)-(t:0.160-step:57-v:48.0)-(t:0.160-step:58-v:47.0)-(t:0.161-step:59-v:46.0)-(t:0.168-step:60-v:45.0)-(t:0.173-step:61-v:44.0)-(t:0.175-step:62-v:43.0)-(t:0.179-step:63-v:41.0)-(t:0.186-step:64-v:39.0)-(t:0.197-step:65-v:38.0)-(t:0.198-step:66-v:36.0)-(t:0.199-step:67-v:35.0)-(t:0.212-step:68-v:34.0)-(t:0.217-step:69-v:33.0)-(t:0.234-step:70-v:32.0)-(t:0.241-step:71-v:31.0)-(t:0.250-step:72-v:30.0)-(t:0.252-step:73-v:29.0)-(t:0.256-step:74-v:28.0)-(t:0.256-step:75-v:27.0)-(t:0.270-step:76-v:26.0)-(t:0.276-step:77-v:25.0)-(t:0.295-step:78-v:24.0)-(t:0.306-step:79-v:23.0)-(t:0.316-step:80-v:22.0)-(t:0.318-step:81-v:21.0)-(t:0.329-step:82-v:20.0)-(t:0.329-step:83-v:19.0)-(t:0.338-step:84-v:18.0)-(t:0.341-step:85-v:17.0)-(t:0.349-step:86-v:16.0)-(t:0.349-step:87-v:15.0)-(t:0.350-step:88-v:14.0)-(t:0.365-step:89-v:13.0)-(t:0.376-step:90-v:12.0)-(t:0.457-step:91-v:11.0)-(t:0.485-step:92-v:10.0)-(t:0.493-step:93-v:9.0)-(t:0.529-step:94-v:8.0)-(t:0.545-step:95-v:7.0)-(t:0.560-step:96-v:6.0)-(t:0.585-step:97-v:5.0)-(t:0.595-step:98-v:4.0)-(t:1.137-step:202-v:3.0)-(t:1.162-step:203-v:2.0)-(t:1.245-step:212-v:1.0)-(t:1.342-step:222-v:0.0)],1.342
roundrobin,examples/csp/csp_300/carseq_300_8_20_56.txt,r1,5400,1,2.0,[(t:0.000-step:1-v:391.0)-(t:0.007-step:2-v:386.0)-(t:0.036-step:3-v:384.0)-(t:0.036-step:4-v:383.0)-(t:0.038-step:5-v:381.0)-(t:0.044-step:6-v:379.0)-(t:0.060-step:7-v:378.0)-(t:0.069-step:8-v:372.0)-(t:0.077-step:9-v:365.0)-(t:0.078-step:10-v:364.0)-(t:0.079-step:11-v:363.0)-(t:0.080-step:12-v:362.0)-(t:0.081-step:13-v:360.0)-(t:0.082-step:14-v:359.0)-(t:0.083-step:15-v:358.0)-(t:0.087-step:16-v:357.0)-(t:0.087-step:17-v:351.0)-(t:0.089-step:18-v:348.0)-(t:0.090-step:19-v:347.0)-(t:0.090-step:20-v:346.0)-(t:0.092-step:21-v:345.0)-(t:0.093-step:22-v:344.0)-(t:0.094-step:23-v:343.0)-(t:0.095-step:24-v:341.0)-(t:0.097-step:25-v:337.0)-(t:0.102-step:26-v:336.0)-(t:0.103-step:27-v:335.0)-(t:0.112-step:28-v:334.0)-(t:0.113-step:29-v:331.0)-(t:0.113-step:30-v:330.0)-(t:0.118-step:31-v:328.0)-(t:0.122-step:32-v:325.0)-(t:0.127-step:33-v:324.0)-(t:0.127-step:34-v:323.0)-(t:0.132-step:35-v:322.0)-(t:0.133-step:36-v:321.0)-(t:0.134-step:37-v:320.0)-(t:0.135-step:38-v:319.0)-(t:0.139-step:39-v:318.0)-(t:0.140-step:40-v:315.0)-(t:0.141-step:41-v:312.0)-(t:0.145-step:42-v:309.0)-(t:0.146-step:43-v:308.0)-(t:0.146-step:44-v:307.0)-(t:0.163-step:45-v:305.0)-(t:0.164-step:46-v:304.0)-(t:0.166-step:47-v:303.0)-(t:0.172-step:48-v:302.0)-(t:0.172-step:49-v:301.0)-(t:0.173-step:50-v:300.0)-(t:0.177-step:51-v:298.0)-(t:0.178-step:52-v:297.0)-(t:0.179-step:53-v:296.0)-(t:0.183-step:54-v:295.0)-(t:0.186-step:55-v:294.0)-(t:0.186-step:56-v:291.0)-(t:0.187-step:57-v:288.0)-(t:0.187-step:58-v:287.0)-(t:0.194-step:59-v:286.0)-(t:0.195-step:60-v:284.0)-(t:0.196-step:61-v:283.0)-(t:0.200-step:62-v:282.0)-(t:0.223-step:63-v:281.0)-(t:0.227-step:64-v:280.0)-(t:0.228-step:65-v:278.0)-(t:0.232-step:66-v:274.0)-(t:0.233-step:67-v:273.0)-(t:0.239-step:68-v:272.0)-(t:0.241-step:69-v:271.0)-(t:0.241-step:70-v:269.0)-(t:0.248-step:71-v:266.0)-(t:0.250-step:72-v:264.0)-(t:0.252-step:73-v:261.0)-(t:0.253-step:74-v:260.0)-(t:0.254-step:75-v:258.0)-(t:0.255-step:76-v:257.0)-(t:0.257-step:77-v:256.0)-(t:0.258-step:78-v:255.0)-(t:0.264-step:79-v:254.0)-(t:0.265-step:80-v:253.0)-(t:0.269-step:81-v:252.0)-(t:0.269-step:82-v:251.0)-(t:0.270-step:83-v:250.0)-(t:0.271-step:84-v:247.0)-(t:0.276-step:85-v:246.0)-(t:0.276-step:86-v:245.0)-(t:0.281-step:87-v:244.0)-(t:0.282-step:88-v:241.0)-(t:0.285-step:89-v:240.0)-(t:0.287-step:90-v:239.0)-(t:0.288-step:91-v:238.0)-(t:0.289-step:92-v:236.0)-(t:0.299-step:93-v:234.0)-(t:0.302-step:94-v:233.0)-(t:0.306-step:95-v:232.0)-(t:0.308-step:96-v:231.0)-(t:0.312-step:97-v:230.0)-(t:0.314-step:98-v:228.0)-(t:0.315-step:99-v:227.0)-(t:0.317-step:100-v:226.0)-(t:0.318-step:101-v:224.0)-(t:0.318-step:102-v:223.0)-(t:0.324-step:103-v:222.0)-(t:0.326-step:104-v:221.0)-(t:0.326-step:105-v:218.0)-(t:0.327-step:106-v:217.0)-(t:0.329-step:107-v:216.0)-(t:0.329-step:108-v:215.0)-(t:0.329-step:109-v:214.0)-(t:0.330-step:110-v:213.0)-(t:0.331-step:111-v:212.0)-(t:0.337-step:112-v:211.0)-(t:0.338-step:113-v:210.0)-(t:0.343-step:114-v:209.0)-(t:0.343-step:115-v:208.0)-(t:0.344-step:116-v:207.0)-(t:0.345-step:117-v:206.0)-(t:0.345-step:118-v:205.0)-(t:0.355-step:119-v:203.0)-(t:0.356-step:120-v:202.0)-(t:0.358-step:121-v:200.0)-(t:0.358-step:122-v:199.0)-(t:0.360-step:123-v:198.0)-(t:0.368-step:124-v:197.0)-(t:0.370-step:125-v:196.0)-(t:0.370-step:126-v:195.0)-(t:0.376-step:127-v:194.0)-(t:0.382-step:128-v:192.0)-(t:0.382-step:129-v:191.0)-(t:0.383-step:130-v:189.0)-(t:0.384-step:131-v:188.0)-(t:0.384-step:132-v:186.0)-(t:0.385-step:133-v:185.0)-(t:0.385-step:134-v:184.0)-(t:0.390-step:135-v:183.0)-(t:0.390-step:136-v:182.0)-(t:0.391-step:137-v:181.0)-(t:0.391-step:138-v:180.0)-(t:0.392-step:139-v:179.0)-(t:0.394-step:140-v:178.0)-(t:0.395-step:141-v:175.0)-(t:0.395-step:142-v:174.0)-(t:0.403-step:143-v:173.0)-(t:0.404-step:144-v:172.0)-(t:0.405-step:145-v:171.0)-(t:0.405-step:146-v:170.0)-(t:0.406-step:147-v:168.0)-(t:0.407-step:148-v:167.0)-(t:0.407-step:149-v:166.0)-(t:0.407-step:150-v:164.0)-(t:0.410-step:151-v:163.0)-(t:0.412-step:152-v:162.0)-(t:0.413-step:153-v:159.0)-(t:0.413-step:154-v:156.0)-(t:0.414-step:155-v:154.0)-(t:0.415-step:156-v:153.0)-(t:0.415-step:157-v:152.0)-(t:0.415-step:158-v:150.0)-(t:0.424-step:159-v:149.0)-(t:0.425-step:160-v:147.0)-(t:0.425-step:161-v:146.0)-(t:0.425-step:162-v:144.0)-(t:0.426-step:163-v:143.0)-(t:0.427-step:164-v:142.0)-(t:0.429-step:165-v:140.0)-(t:0.429-step:166-v:139.0)-(t:0.435-step:167-v:138.0)-(t:0.444-step:168-v:137.0)-(t:0.445-step:169-v:136.0)-(t:0.448-step:170-v:134.0)-(t:0.448-step:171-v:133.0)-(t:0.450-step:172-v:132.0)-(t:0.450-step:173-v:131.0)-(t:0.451-step:174-v:130.0)-(t:0.464-step:175-v:129.0)-(t:0.465-step:176-v:128.0)-(t:0.466-step:177-v:127.0)-(t:0.467-step:178-v:124.0)-(t:0.467-step:179-v:122.0)-(t:0.469-step:180-v:121.0)-(t:0.470-step:181-v:120.0)-(t:0.470-step:182-v:118.0)-(t:0.475-step:183-v:117.0)-(t:0.494-step:184-v:116.0)-(t:0.502-step:185-v:115.0)-(t:0.502-step:186-v:114.0)-(t:0.503-step:187-v:113.0)-(t:0.503-step:188-v:112.0)-(t:0.504-step:189-v:110.0)-(t:0.504-step:190-v:109.0)-(t:0.553-step:191-v:108.0)-(t:0.554-step:192-v:107.0)-(t:0.556-step:193-v:106.0)-(t:0.557-step:194-v:105.0)-(t:0.558-step:195-v:104.0)-(t:0.563-step:196-v:103.0)-(t:0.564-step:197-v:102.0)-(t:0.566-step:198-v:101.0)-(t:0.588-step:199-v:100.0)-(t:0.593-step:200-v:99.0)-(t:0.594-step:201-v:98.0)-(t:0.594-step:202-v:97.0)-(t:0.595-step:203-v:96.0)-(t:0.608-step:204-v:95.0)-(t:0.609-step:205-v:94.0)-(t:0.610-step:206-v:93.0)-(t:0.649-step:207-v:92.0)-(t:0.654-step:208-v:91.0)-(t:0.655-step:209-v:90.0)-(t:0.661-step:210-v:89.0)-(t:0.676-step:211-v:88.0)-(t:0.677-step:212-v:87.0)-(t:0.689-step:213-v:86.0)-(t:0.771-step:214-v:85.0)-(t:0.778-step:215-v:84.0)-(t:0.779-step:216-v:83.0)-(t:0.783-step:217-v:82.0)-(t:0.784-step:218-v:81.0)-(t:0.788-step:219-v:80.0)-(t:0.845-step:220-v:79.0)-(t:0.851-step:221-v:78.0)-(t:0.858-step:222-v:77.0)-(t:0.859-step:223-v:76.0)-(t:0.860-step:224-v:75.0)-(t:0.922-step:225-v:74.0)-(t:0.924-step:226-v:73.0)-(t:0.939-step:227-v:71.0)-(t:0.940-step:228-v:70.0)-(t:0.945-step:229-v:69.0)-(t:0.973-step:230-v:68.0)-(t:0.998-step:231-v:67.0)-(t:1.000-step:232-v:66.0)-(t:1.013-step:233-v:65.0)-(t:1.014-step:234-v:64.0)-(t:1.015-step:235-v:63.0)-(t:1.070-step:236-v:62.0)-(t:1.091-step:237-v:61.0)-(t:1.092-step:238-v:60.0)-(t:1.101-step:239-v:59.0)-(t:1.197-step:240-v:58.0)-(t:1.218-step:241-v:57.0)-(t:1.219-step:242-v:56.0)-(t:1.226-step:243-v:55.0)-(t:1.296-step:244-v:54.0)-(t:1.306-step:245-v:53.0)-(t:1.312-step:246-v:51.0)-(t:1.317-step:247-v:50.0)-(t:1.319-step:248-v:49.0)-(t:1.395-step:249-v:48.0)-(t:1.405-step:250-v:47.0)-(t:1.407-step:251-v:46.0)-(t:1.409-step:252-v:45.0)-(t:1.613-step:253-v:44.0)-(t:1.648-step:254-v:43.0)-(t:1.660-step:255-v:42.0)-(t:1.681-step:256-v:41.0)-(t:1.686-step:257-v:40.0)-(t:1.691-step:258-v:39.0)-(t:1.720-step:259-v:38.0)-(t:1.760-step:260-v:37.0)-(t:1.762-step:261-v:36.0)-(t:1.985-step:262-v:35.0)-(t:2.003-step:263-v:34.0)-(t:2.008-step:264-v:33.0)-(t:2.017-step:265-v:32.0)-(t:2.065-step:266-v:31.0)-(t:2.303-step:267-v:30.0)-(t:2.306-step:268-v:29.0)-(t:2.324-step:269-v:28.0)-(t:2.331-step:270-v:27.0)-(t:2.533-step:271-v:26.0)-(t:2.611-step:272-v:25.0)-(t:2.808-step:273-v:24.0)-(t:2.879-step:274-v:23.0)-(t:3.058-step:275-v:22.0)-(t:3.134-step:276-v:21.0)-(t:3.323-step:277-v:20.0)-(t:3.333-step:278-v:19.0)-(t:3.459-step:279-v:18.0)-(t:3.630-step:280-v:17.0)-(t:3.735-step:281-v:16.0)-(t:3.816-step:282-v:15.0)-(t:3.907-step:283-v:14.0)-(t:4.024-step:284-v:13.0)-(t:4.128-step:285-v:12.0)-(t:5.106-step:332-v:11.0)-(t:5.117-step:333-v:10.0)-(t:5.268-step:334-v:9.0)-(t:5.278-step:335-v:8.0)-(t:5.447-step:336-v:7.0)-(t:5.509-step:337-v:6.0)-(t:5.688-step:338-v:4.0)-(t:5.692-step:339-v:2.0)],5400.0
roundrobin,examples/csp/csp_300/carseq_300_8_20_78.txt,r1,5400,1,1.0,[(t:0.000-step:1-v:405.0)-(t:0.012-step:2-v:403.0)-(t:0.032-step:3-v:402.0)-(t:0.032-step:4-v:399.0)-(t:0.034-step:5-v:397.0)-(t:0.045-step:6-v:395.0)-(t:0.054-step:7-v:394.0)-(t:0.060-step:8-v:393.0)-(t:0.062-step:9-v:386.0)-(t:0.063-step:10-v:382.0)-(t:0.064-step:11-v:381.0)-(t:0.065-step:12-v:379.0)-(t:0.067-step:13-v:378.0)-(t:0.068-step:14-v:375.0)-(t:0.069-step:15-v:373.0)-(t:0.073-step:16-v:368.0)-(t:0.075-step:17-v:363.0)-(t:0.075-step:18-v:361.0)-(t:0.077-step:19-v:356.0)-(t:0.082-step:20-v:354.0)-(t:0.083-step:21-v:352.0)-(t:0.084-step:22-v:351.0)-(t:0.088-step:23-v:350.0)-(t:0.091-step:24-v:349.0)-(t:0.092-step:25-v:347.0)-(t:0.093-step:26-v:345.0)-(t:0.101-step:27-v:344.0)-(t:0.106-step:28-v:343.0)-(t:0.107-step:29-v:339.0)-(t:0.109-step:30-v:338.0)-(t:0.112-step:31-v:336.0)-(t:0.120-step:32-v:335.0)-(t:0.120-step:33-v:332.0)-(t:0.121-step:34-v:329.0)-(t:0.126-step:35-v:328.0)-(t:0.126-step:36-v:327.0)-(t:0.127-step:37-v:326.0)-(t:0.128-step:38-v:324.0)-(t:0.135-step:39-v:323.0)-(t:0.139-step:40-v:322.0)-(t:0.141-step:41-v:321.0)-(t:0.145-step:42-v:319.0)-(t:0.168-step:43-v:317.0)-(t:0.172-step:44-v:316.0)-(t:0.173-step:45-v:315.0)-(t:0.173-step:46-v:314.0)-(t:0.176-step:47-v:313.0)-(t:0.181-step:48-v:310.0)-(t:0.184-step:49-v:307.0)-(t:0.185-step:50-v:306.0)-(t:0.185-step:51-v:304.0)-(t:0.190-step:52-v:303.0)-(t:0.191-step:53-v:299.0)-(t:0.196-step:54-v:296.0)-(t:0.197-step:55-v:295.0)-(t:0.201-step:56-v:294.0)-(t:0.205-step:57-v:291.0)-(t:0.206-step:58-v:289.0)-(t:0.207-step:59-v:287.0)-(t:0.214-step:60-v:285.0)-(t:0.215-step:61-v:281.0)-(t:0.216-step:62-v:280.0)-(t:0.242-step:63-v:279.0)-(t:0.252-step:64-v:278.0)-(t:0.253-step:65-v:275.0)-(t:0.253-step:66-v:271.0)-(t:0.254-step:67-v:268.0)-(t:0.254-step:68-v:267.0)-(t:0.257-step:69-v:266.0)-(t:0.258-step:70-v:265.0)-(t:0.272-step:71-v:264.0)-(t:0.274-step:72-v:262.0)-(t:0.275-step:73-v:261.0)-(t:0.281-step:74-v:260.0)-(t:0.282-step:75-v:258.0)-(t:0.283-step:76-v:256.0)-(t:0.284-step:77-v:255.0)-(t:0.284-step:78-v:253.0)-(t:0.289-step:79-v:250.0)-(t:0.291-step:80-v:247.0)-(t:0.292-step:81-v:246.0)-(t:0.296-step:82-v:245.0)-(t:0.297-step:83-v:244.0)-(t:0.311-step:84-v:243.0)-(t:0.313-step:85-v:242.0)-(t:0.314-step:86-v:241.0)-(t:0.318-step:87-v:240.0)-(t:0.325-step:88-v:237.0)-(t:0.331-step:89-v:235.0)-(t:0.332-step:90-v:234.0)-(t:0.332-step:91-v:232.0)-(t:0.338-step:92-v:230.0)-(t:0.339-step:93-v:229.0)-(t:0.344-step:94-v:228.0)-(t:0.380-step:95-v:227.0)-(t:0.381-step:96-v:226.0)-(t:0.382-step:97-v:224.0)-(t:0.382-step:98-v:223.0)-(t:0.384-step:99-v:222.0)-(t:0.385-step:100-v:221.0)-(t:0.387-step:101-v:220.0)-(t:0.389-step:102-v:218.0)-(t:0.391-step:103-v:217.0)-(t:0.394-step:104-v:215.0)-(t:0.396-step:105-v:213.0)-(t:0.399-step:106-v:212.0)-(t:0.400-step:107-v:211.0)-(t:0.401-step:108-v:210.0)-(t:0.402-step:109-v:209.0)-(t:0.402-step:110-v:208.0)-(t:0.403-step:111-v:207.0)-(t:0.404-step:112-v:205.0)-(t:0.406-step:113-v:204.0)-(t:0.408-step:114-v:203.0)-(t:0.411-step:115-v:202.0)-(t:0.414-step:116-v:201.0)-(t:0.415-step:117-v:199.0)-(t:0.415-step:118-v:198.0)-(t:0.424-step:119-v:197.0)-(t:0.426-step:120-v:196.0)-(t:0.426-step:121-v:195.0)-(t:0.427-step:122-v:193.0)-(t:0.427-step:123-v:192.0)-(t:0.430-step:124-v:191.0)-(t:0.431-step:125-v:190.0)-(t:0.431-step:126-v:189.0)-(t:0.434-step:127-v:188.0)-(t:0.446-step:128-v:187.0)-(t:0.449-step:129-v:185.0)-(t:0.449-step:130-v:184.0)-(t:0.450-step:131-v:183.0)-(t:0.451-step:132-v:181.0)-(t:0.452-step:133-v:179.0)-(t:0.452-step:134-v:178.0)-(t:0.465-step:135-v:177.0)-(t:0.466-step:136-v:176.0)-(t:0.467-step:137-v:175.0)-(t:0.468-step:138-v:174.0)-(t:0.469-step:139-v:173.0)-(t:0.470-step:140-v:172.0)-(t:0.470-step:141-v:171.0)-(t:0.471-step:142-v:170.0)-(t:0.472-step:143-v:169.0)-(t:0.472-step:144-v:166.0)-(t:0.473-step:145-v:163.0)-(t:0.474-step:146-v:162.0)-(t:0.475-step:147-v:161.0)-(t:0.476-step:148-v:159.0)-(t:0.476-step:149-v:158.0)-(t:0.477-step:150-v:157.0)-(t:0.478-step:151-v:156.0)-(t:0.483-step:152-v:155.0)-(t:0.484-step:153-v:154.0)-(t:0.484-step:154-v:153.0)-(t:0.486-step:155-v:152.0)-(t:0.486-step:156-v:151.0)-(t:0.486-step:157-v:150.0)-(t:0.488-step:158-v:149.0)-(t:0.490-step:159-v:148.0)-(t:0.492-step:160-v:147.0)-(t:0.494-step:161-v:146.0)-(t:0.494-step:162-v:145.0)-(t:0.495-step:163-v:143.0)-(t:0.495-step:164-v:142.0)-(t:0.495-step:165-v:141.0)-(t:0.496-step:166-v:140.0)-(t:0.504-step:167-v:139.0)-(t:0.510-step:168-v:137.0)-(t:0.511-step:169-v:136.0)-(t:0.511-step:170-v:135.0)-(t:0.512-step:171-v:134.0)-(t:0.515-step:172-v:132.0)-(t:0.516-step:173-v:131.0)-(t:0.517-step:174-v:130.0)-(t:0.523-step:175-v:129.0)-(t:0.526-step:176-v:128.0)-(t:0.527-step:177-v:127.0)-(t:0.528-step:178-v:125.0)-(t:0.528-step:179-v:124.0)-(t:0.530-step:180-v:123.0)-(t:0.530-step:181-v:122.0)-(t:0.531-step:182-v:121.0)-(t:0.570-step:183-v:120.0)-(t:0.590-step:184-v:119.0)-(t:0.595-step:185-v:117.0)-(t:0.597-step:186-v:116.0)-(t:0.597-step:187-v:115.0)-(t:0.604-step:188-v:113.0)-(t:0.605-step:189-v:112.0)-(t:0.607-step:190-v:111.0)-(t:0.635-step:191-v:110.0)-(t:0.637-step:192-v:109.0)-(t:0.639-step:193-v:108.0)-(t:0.639-step:194-v:107.0)-(t:0.640-step:195-v:106.0)-(t:0.642-step:196-v:105.0)-(t:0.644-step:197-v:104.0)-(t:0.644-step:198-v:103.0)-(t:0.725-step:199-v:102.0)-(t:0.747-step:200-v:101.0)-(t:0.748-step:201-v:100.0)-(t:0.749-step:202-v:99.0)-(t:0.749-step:203-v:98.0)-(t:0.752-step:204-v:97.0)-(t:0.753-step:205-v:96.0)-(t:0.753-step:206-v:95.0)-(t:0.861-step:207-v:94.0)-(t:0.862-step:208-v:93.0)-(t:0.862-step:209-v:92.0)-(t:0.863-step:210-v:91.0)-(t:0.863-step:211-v:90.0)-(t:0.871-step:212-v:89.0)-(t:0.871-step:213-v:88.0)-(t:0.873-step:214-v:87.0)-(t:0.935-step:215-v:86.0)-(t:0.943-step:216-v:85.0)-(t:0.945-step:217-v:84.0)-(t:0.946-step:218-v:81.0)-(t:0.946-step:219-v:80.0)-(t:0.952-step:220-v:79.0)-(t:0.953-step:221-v:78.0)-(t:0.957-step:222-v:77.0)-(t:1.047-step:223-v:76.0)-(t:1.054-step:224-v:75.0)-(t:1.059-step:225-v:74.0)-(t:1.059-step:226-v:73.0)-(t:1.060-step:227-v:72.0)-(t:1.064-step:228-v:71.0)-(t:1.065-step:229-v:70.0)-(t:1.066-step:230-v:69.0)-(t:1.113-step:231-v:68.0)-(t:1.114-step:232-v:67.0)-(t:1.116-step:233-v:66.0)-(t:1.124-step:234-v:65.0)-(t:1.125-step:235-v:64.0)-(t:1.131-step:236-v:63.0)-(t:1.251-step:237-v:62.0)-(t:1.261-step:238-v:61.0)-(t:1.272-step:239-v:60.0)-(t:1.273-step:240-v:59.0)-(t:1.274-step:241-v:58.0)-(t:1.338-step:242-v:57.0)-(t:1.344-step:243-v:56.0)-(t:1.348-step:244-v:55.0)-(t:1.349-step:245-v:53.0)-(t:1.365-step:246-v:52.0)-(t:1.557-step:247-v:51.0)-(t:1.564-step:248-v:50.0)-(t:1.567-step:249-v:49.0)-(t:1.567-step:250-v:48.0)-(t:1.572-step:251-v:47.0)-(t:1.670-step:252-v:46.0)-(t:1.682-step:253-v:45.0)-(t:1.684-step:254-v:44.0)-(t:1.694-step:255-v:43.0)-(t:1.927-step:256-v:42.0)-(t:1.929-step:257-v:41.0)-(t:1.995-step:258-v:40.0)-(t:2.030-step:259-v:39.0)-(t:2.312-step:260-v:38.0)-(t:2.347-step:261-v:37.0)-(t:2.633-step:262-v:36.0)-(t:2.667-step:263-v:35.0)-(t:2.668-step:264-v:34.0)-(t:2.840-step:265-v:33.0)-(t:2.861-step:266-v:32.0)-(t:2.894-step:267-v:31.0)-(t:2.902-step:268-v:30.0)-(t:3.050-step:269-v:29.0)-(t:3.162-step:270-v:28.0)-(t:3.381-step:271-v:27.0)-(t:3.468-step:272-v:26.0)-(t:3.609-step:273-v:25.0)-(t:3.699-step:274-v:24.0)-(t:3.821-step:275-v:23.0)-(t:3.932-step:276-v:22.0)-(t:4.058-step:277-v:21.0)-(t:4.087-step:278-v:20.0)-(t:4.128-step:279-v:19.0)-(t:4.303-step:280-v:18.0)-(t:4.337-step:281-v:17.0)-(t:4.501-step:282-v:16.0)-(t:4.533-step:283-v:15.0)-(t:4.691-step:284-v:14.0)-(t:4.744-step:285-v:13.0)-(t:5.289-step:299-v:12.0)-(t:5.771-step:317-v:11.0)-(t:5.810-step:318-v:10.0)-(t:6.227-step:322-v:9.0)-(t:7.033-step:367-v:8.0)-(t:7.071-step:368-v:7.0)-(t:7.700-step:394-v:6.0)-(t:8.160-step:416-v:5.0)-(t:9.140-step:464-v:4.0)-(t:9.155-step:465-v:3.0)-(t:12.237-step:553-v:2.0)-(t:12.549-step:560-v:1.0)],5400.0
roundrobin,examples/csp/csp_300/carseq_300_8_20_81.txt,r1,5400,1,3.0,[(t:0.000-step:1-v:390.0)-(t:0.006-step:2-v:385.0)-(t:0.028-step:3-v:384.0)-(t:0.031-step:4-v:380.0)-(t:0.032-step:5-v:379.0)-(t:0.034-step:6-v:378.0)-(t:0.043-step:7-v:376.0)-(t:0.050-step:8-v:375.0)-(t:0.055-step:9-v:367.0)-(t:0.056-step:10-v:363.0)-(t:0.058-step:11-v:359.0)-(t:0.059-step:12-v:358.0)-(t:0.060-step:13-v:357.0)-(t:0.061-step:14-v:356.0)-(t:0.062-step:15-v:355.0)-(t:0.063-step:16-v:352.0)-(t:0.065-step:17-v:348.0)-(t:0.067-step:18-v:346.0)-(t:0.068-step:19-v:345.0)-(t:0.072-step:20-v:340.0)-(t:0.073-step:21-v:339.0)-(t:0.077-step:22-v:337.0)-(t:0.078-step:23-v:336.0)-(t:0.080-step:24-v:335.0)-(t:0.085-step:25-v:332.0)-(t:0.086-step:26-v:331.0)-(t:0.087-step:27-v:329.0)-(t:0.088-step:28-v:326.0)-(t:0.089-step:29-v:324.0)-(t:0.092-step:30-v:322.0)-(t:0.093-step:31-v:321.0)-(t:0.099-step:32-v:320.0)-(t:0.100-step:33-v:318.0)-(t:0.101-step:34-v:317.0)-(t:0.102-step:35-v:314.0)-(t:0.106-step:36-v:312.0)-(t:0.107-step:37-v:311.0)-(t:0.109-step:38-v:309.0)-(t:0.110-step:39-v:308.0)-(t:0.117-step:40-v:307.0)-(t:0.121-step:41-v:306.0)-(t:0.122-step:42-v:302.0)-(t:0.123-step:43-v:301.0)-(t:0.123-step:44-v:299.0)-(t:0.125-step:45-v:298.0)-(t:0.125-step:46-v:297.0)-(t:0.129-step:47-v:296.0)-(t:0.131-step:48-v:295.0)-(t:0.135-step:49-v:293.0)-(t:0.136-step:50-v:291.0)-(t:0.137-step:51-v:290.0)-(t:0.141-step:52-v:287.0)-(t:0.154-step:53-v:285.0)-(t:0.154-step:54-v:283.0)-(t:0.164-step:55-v:282.0)-(t:0.166-step:56-v:279.0)-(t:0.169-step:57-v:277.0)-(t:0.170-step:58-v:276.0)-(t:0.175-step:59-v:274.0)-(t:0.176-step:60-v:273.0)-(t:0.179-step:61-v:272.0)-(t:0.179-step:62-v:271.0)-(t:0.184-step:63-v:270.0)-(t:0.188-step:64-v:268.0)-(t:0.189-step:65-v:264.0)-(t:0.189-step:66-v:262.0)-(t:0.190-step:67-v:260.0)-(t:0.197-step:68-v:259.0)-(t:0.198-step:69-v:258.0)-(t:0.199-step:70-v:257.0)-(t:0.203-step:71-v:256.0)-(t:0.205-step:72-v:255.0)-(t:0.209-step:73-v:254.0)-(t:0.211-step:74-v:253.0)-(t:0.215-step:75-v:252.0)-(t:0.220-step:76-v:251.0)-(t:0.221-step:77-v:248.0)-(t:0.222-step:78-v:247.0)-(t:0.229-step:79-v:245.0)-(t:0.241-step:80-v:242.0)-(t:0.242-step:81-v:241.0)-(t:0.242-step:82-v:238.0)-(t:0.243-step:83-v:237.0)-(t:0.244-step:84-v:236.0)-(t:0.249-step:85-v:235.0)-(t:0.259-step:86-v:234.0)-(t:0.287-step:87-v:233.0)-(t:0.290-step:88-v:230.0)-(t:0.291-step:89-v:227.0)-(t:0.292-step:90-v:226.0)-(t:0.293-step:91-v:225.0)-(t:0.295-step:92-v:224.0)-(t:0.296-step:93-v:223.0)-(t:0.297-step:94-v:222.0)-(t:0.300-step:95-v:221.0)-(t:0.302-step:96-v:220.0)-(t:0.309-step:97-v:219.0)-(t:0.310-step:98-v:217.0)-(t:0.312-step:99-v:216.0)-(t:0.317-step:100-v:215.0)-(t:0.318-step:101-v:214.0)-(t:0.318-step:102-v:213.0)-(t:0.325-step:103-v:212.0)-(t:0.330-step:104-v:207.0)-(t:0.336-step:105-v:206.0)-(t:0.336-step:106-v:205.0)-(t:0.337-step:107-v:204.0)-(t:0.337-step:108-v:202.0)-(t:0.338-step:109-v:201.0)-(t:0.339-step:110-v:200.0)-(t:0.343-step:111-v:199.0)-(t:0.344-step:112-v:197.0)-(t:0.344-step:113-v:196.0)-(t:0.345-step:114-v:195.0)-(t:0.345-step:115-v:194.0)-(t:0.346-step:116-v:192.0)-(t:0.346-step:117-v:190.0)-(t:0.347-step:118-v:189.0)-(t:0.350-step:119-v:188.0)-(t:0.352-step:120-v:187.0)-(t:0.359-step:121-v:186.0)-(t:0.360-step:122-v:185.0)-(t:0.361-step:123-v:184.0)-(t:0.364-step:124-v:183.0)-(t:0.364-step:125-v:182.0)-(t:0.365-step:126-v:180.0)-(t:0.365-step:127-v:179.0)-(t:0.366-step:128-v:178.0)-(t:0.366-step:129-v:177.0)-(t:0.367-step:130-v:174.0)-(t:0.368-step:131-v:173.0)-(t:0.369-step:132-v:172.0)-(t:0.369-step:133-v:170.0)-(t:0.372-step:134-v:169.0)-(t:0.374-step:135-v:168.0)-(t:0.375-step:136-v:167.0)-(t:0.376-step:137-v:166.0)-(t:0.377-step:138-v:165.0)-(t:0.377-step:139-v:164.0)-(t:0.378-step:140-v:162.0)-(t:0.379-step:141-v:161.0)-(t:0.380-step:142-v:160.0)-(t:0.380-step:143-v:159.0)-(t:0.381-step:144-v:156.0)-(t:0.381-step:145-v:155.0)-(t:0.382-step:146-v:154.0)-(t:0.382-step:147-v:153.0)-(t:0.382-step:148-v:152.0)-(t:0.383-step:149-v:150.0)-(t:0.383-step:150-v:149.0)-(t:0.384-step:151-v:148.0)-(t:0.385-step:152-v:146.0)-(t:0.385-step:153-v:145.0)-(t:0.385-step:154-v:143.0)-(t:0.386-step:155-v:142.0)-(t:0.388-step:156-v:140.0)-(t:0.389-step:157-v:138.0)-(t:0.393-step:158-v:137.0)-(t:0.395-step:159-v:136.0)-(t:0.398-step:160-v:134.0)-(t:0.400-step:161-v:133.0)-(t:0.400-step:162-v:132.0)-(t:0.400-step:163-v:131.0)-(t:0.401-step:164-v:130.0)-(t:0.401-step:165-v:129.0)-(t:0.402-step:166-v:128.0)-(t:0.403-step:167-v:127.0)-(t:0.406-step:168-v:126.0)-(t:0.407-step:169-v:125.0)-(t:0.408-step:170-v:124.0)-(t:0.409-step:171-v:123.0)-(t:0.409-step:172-v:122.0)-(t:0.410-step:173-v:121.0)-(t:0.410-step:174-v:120.0)-(t:0.411-step:175-v:119.0)-(t:0.413-step:176-v:118.0)-(t:0.414-step:177-v:117.0)-(t:0.414-step:178-v:115.0)-(t:0.415-step:179-v:114.0)-(t:0.415-step:180-v:113.0)-(t:0.415-step:181-v:112.0)-(t:0.417-step:182-v:111.0)-(t:0.418-step:183-v:110.0)-(t:0.420-step:184-v:109.0)-(t:0.420-step:185-v:108.0)-(t:0.421-step:186-v:107.0)-(t:0.422-step:187-v:106.0)-(t:0.422-step:188-v:105.0)-(t:0.423-step:189-v:104.0)-(t:0.424-step:190-v:103.0)-(t:0.425-step:191-v:102.0)-(t:0.425-step:192-v:101.0)-(t:0.426-step:193-v:100.0)-(t:0.426-step:194-v:99.0)-(t:0.429-step:195-v:97.0)-(t:0.431-step:196-v:96.0)-(t:0.432-step:197-v:95.0)-(t:0.433-step:198-v:94.0)-(t:0.434-step:199-v:93.0)-(t:0.435-step:200-v:92.0)-(t:0.436-step:201-v:91.0)-(t:0.437-step:202-v:90.0)-(t:0.438-step:203-v:89.0)-(t:0.439-step:204-v:88.0)-(t:0.440-step:205-v:87.0)-(t:0.441-step:206-v:86.0)-(t:0.453-step:207-v:85.0)-(t:0.454-step:208-v:84.0)-(t:0.462-step:209-v:83.0)-(t:0.470-step:210-v:82.0)-(t:0.470-step:211-v:81.0)-(t:0.478-step:212-v:80.0)-(t:0.479-step:213-v:79.0)-(t:0.480-step:214-v:78.0)-(t:0.664-step:215-v:77.0)-(t:0.699-step:216-v:76.0)-(t:0.701-step:217-v:74.0)-(t:0.701-step:218-v:73.0)-(t:0.702-step:219-v:72.0)-(t:0.707-step:220-v:71.0)-(t:0.708-step:221-v:70.0)-(t:0.712-step:222-v:69.0)-(t:0.714-step:223-v:68.0)-(t:0.737-step:224-v:67.0)-(t:0.740-step:225-v:66.0)-(t:0.743-step:226-v:65.0)-(t:0.743-step:227-v:64.0)-(t:0.808-step:228-v:63.0)-(t:0.811-step:229-v:62.0)-(t:0.813-step:230-v:61.0)-(t:0.815-step:231-v:60.0)-(t:0.829-step:232-v:59.0)-(t:1.041-step:233-v:58.0)-(t:1.071-step:234-v:57.0)-(t:1.072-step:235-v:55.0)-(t:1.074-step:236-v:54.0)-(t:1.170-step:237-v:53.0)-(t:1.198-step:238-v:52.0)-(t:1.209-step:239-v:51.0)-(t:1.344-step:240-v:50.0)-(t:1.353-step:241-v:49.0)-(t:1.355-step:242-v:48.0)-(t:1.440-step:243-v:47.0)-(t:1.447-step:244-v:46.0)-(t:1.448-step:245-v:45.0)-(t:1.457-step:246-v:44.0)-(t:1.752-step:247-v:42.0)-(t:1.754-step:248-v:41.0)-(t:1.798-step:249-v:40.0)-(t:1.828-step:250-v:39.0)-(t:1.828-step:251-v:38.0)-(t:2.073-step:252-v:37.0)-(t:2.129-step:253-v:36.0)-(t:2.145-step:254-v:35.0)-(t:2.146-step:255-v:34.0)-(t:2.184-step:256-v:33.0)-(t:2.407-step:257-v:32.0)-(t:2.460-step:258-v:31.0)-(t:2.461-step:259-v:30.0)-(t:2.732-step:260-v:29.0)-(t:2.733-step:261-v:28.0)-(t:3.000-step:262-v:27.0)-(t:3.023-step:263-v:26.0)-(t:3.348-step:264-v:25.0)-(t:3.351-step:265-v:24.0)-(t:3.392-step:266-v:23.0)-(t:3.396-step:267-v:22.0)-(t:3.560-step:268-v:21.0)-(t:3.619-step:269-v:20.0)-(t:3.650-step:270-v:19.0)-(t:3.815-step:271-v:18.0)-(t:3.894-step:272-v:17.0)-(t:4.058-step:273-v:16.0)-(t:4.117-step:274-v:15.0)-(t:4.270-step:275-v:14.0)-(t:4.345-step:276-v:13.0)-(t:5.467-step:297-v:12.0)-(t:5.523-step:298-v:11.0)-(t:7.548-step:348-v:10.0)-(t:7.773-step:353-v:9.0)-(t:7.971-step:354-v:8.0)-(t:8.951-step:389-v:7.0)-(t:9.102-step:390-v:6.0)-(t:10.498-step:449-v:5.0)-(t:13.000-step:555-v:4.0)-(t:13.079-step:556-v:3.0)],5400.0
roundrobin,examples/csp/csp_100/carseq_100_8_20_72.txt,r1,5400,2,0.0,[(t:0.000-step:1-v:92.0)-(t:0.008-step:2-v:89.0)-(t:0.022-step:3-v:88.0)-(t:0.041-step:4-v:87.0)-(t:0.049-step:5-v:86.0)-(t:0.049-step:6-v:85.0)-(t:0.065-step:7-v:84.0)-(t:0.068-step:8-v:83.0)-(t:0.076-step:9-v:81.0)-(t:0.078-step:10-v:79.0)-(t:0.080-step:11-v:77.0)-(t:0.084-step:12-v:76.0)-(t:0.085-step:13-v:75.0)-(t:0.086-step:14-v:74.0)-(t:0.087-step:15-v:73.0)-(t:0.088-step:16-v:72.0)-(t:0.089-step:17-v:70.0)-(t:0.094-step:18-v:69.0)-(t:0.095-step:19-v:68.0)-(t:0.100-step:20-v:67.0)-(t:0.101-step:21-v:66.0)-(t:0.104-step:22-v:65.0)-(t:0.105-step:23-v:64.0)-(t:0.105-step:24-v:63.0)-(t:0.107-step:25-v:62.0)-(t:0.108-step:26-v:61.0)-(t:0.108-step:27-v:60.0)-(t:0.112-step:28-v:59.0)-(t:0.115-step:29-v:57.0)-(t:0.116-step:30-v:55.0)-(t:0.117-step:31-v:54.0)-(t:0.120-step:32-v:53.0)-(t:0.124-step:33-v:51.0)-(t:0.124-step:34-v:48.0)-(t:0.125-step:35-v:47.0)-(t:0.132-step:36-v:46.0)-(t:0.133-step:37-v:44.0)-(t:0.133-step:38-v:43.0)-(t:0.181-step:39-v:42.0)-(t:0.182-step:40-v:41.0)-(t:0.183-step:41-v:39.0)-(t:0.185-step:42-v:38.0)-(t:0.189-step:43-v:37.0)-(t:0.204-step:44-v:36.0)-(t:0.206-step:45-v:34.0)-(t:0.207-step:46-v:33.0)-(t:0.210-step:47-v:32.0)-(t:0.210-step:48-v:31.0)-(t:0.213-step:49-v:30.0)-(t:0.214-step:50-v:28.0)-(t:0.215-step:51-v:27.0)-(t:0.231-step:52-v:26.0)-(t:0.236-step:53-v:25.0)-(t:0.264-step:54-v:24.0)-(t:0.275-step:55-v:23.0)-(t:0.276-step:56-v:21.0)-(t:0.282-step:57-v:20.0)-(t:0.288-step:58-v:19.0)-(t:0.334-step:59-v:18.0)-(t:0.335-step:60-v:16.0)-(t:0.340-step:61-v:15.0)-(t:0.351-step:62-v:14.0)-(t:0.353-step:63-v:13.0)-(t:0.356-step:64-v:11.0)-(t:0.358-step:65-v:10.0)-(t:0.360-step:66-v:9.0)-(t:0.370-step:67-v:8.0)-(t:0.386-step:68-v:7.0)-(t:0.392-step:69-v:6.0)-(t:0.431-step:70-v:5.0)-(t:0.446-step:71-v:4.0)-(t:0.450-step:72-v:3.0)-(t:0.457-step:73-v:2.0)-(t:0.804-step:114-v:1.0)-(t:1.001-step:141-v:0.0)],1.001
roundrobin,examples/csp/csp_100/carseq_100_8_20_73.txt,r1,5400,2,0.0,[(t:0.000-step:1-v:121.0)-(t:0.008-step:2-v:115.0)-(t:0.038-step:3-v:112.0)-(t:0.040-step:4-v:111.0)-(t:0.042-step:5-v:109.0)-(t:0.043-step:6-v:107.0)-(t:0.055-step:7-v:106.0)-(t:0.060-step:8-v:103.0)-(t:0.064-step:9-v:102.0)-(t:0.065-step:10-v:100.0)-(t:0.065-step:11-v:98.0)-(t:0.066-step:12-v:97.0)-(t:0.066-step:13-v:96.0)-(t:0.067-step:14-v:95.0)-(t:0.075-step:15-v:94.0)-(t:0.077-step:16-v:93.0)-(t:0.087-step:17-v:92.0)-(t:0.091-step:18-v:90.0)-(t:0.091-step:19-v:88.0)-(t:0.092-step:20-v:87.0)-(t:0.092-step:21-v:84.0)-(t:0.100-step:22-v:83.0)-(t:0.104-step:23-v:81.0)-(t:0.105-step:24-v:79.0)-(t:0.109-step:25-v:77.0)-(t:0.110-step:26-v:76.0)-(t:0.111-step:27-v:75.0)-(t:0.117-step:28-v:73.0)-(t:0.118-step:29-v:72.0)-(t:0.118-step:30-v:71.0)-(t:0.118-step:31-v:69.0)-(t:0.124-step:32-v:68.0)-(t:0.125-step:33-v:67.0)-(t:0.126-step:34-v:65.0)-(t:0.127-step:35-v:64.0)-(t:0.127-step:36-v:63.0)-(t:0.128-step:37-v:62.0)-(t:0.128-step:38-v:61.0)-(t:0.135-step:39-v:60.0)-(t:0.136-step:40-v:59.0)-(t:0.138-step:41-v:57.0)-(t:0.138-step:42-v:55.0)-(t:0.139-step:43-v:53.0)-(t:0.141-step:44-v:52.0)-(t:0.141-step:45-v:51.0)-(t:0.153-step:46-v:50.0)-(t:0.177-step:47-v:49.0)-(t:0.183-step:48-v:48.0)-(t:0.184-step:49-v:46.0)-(t:0.185-step:50-v:45.0)-(t:0.186-step:51-v:44.0)-(t:0.190-step:52-v:43.0)-(t:0.191-step:53-v:42.0)-(t:0.191-step:54-v:41.0)-(t:0.205-step:55-v:40.0)-(t:0.205-step:56-v:39.0)-(t:0.206-step:57-v:38.0)-(t:0.207-step:58-v:37.0)-(t:0.207-step:59-v:36.0)-(t:0.208-step:60-v:35.0)-(t:0.209-step:61-v:34.0)-(t:0.214-step:62-v:33.0)-(t:0.219-step:63-v:32.0)-(t:0.220-step:64-v:31.0)-(t:0.220-step:65-v:30.0)-(t:0.221-step:66-v:29.0)-(t:0.221-step:67-v:28.0)-(t:0.225-step:68-v:27.0)-(t:0.232-step:69-v:26.0)-(t:0.233-step:70-v:25.0)-(t:0.239-step:71-v:24.0)-(t:0.240-step:72-v:23.0)-(t:0.246-step:73-v:21.0)-(t:0.250-step:74-v:20.0)-(t:0.250-step:75-v:19.0)-(t:0.255-step:76-v:18.0)-(t:0.257-step:77-v:17.0)-(t:0.280-step:78-v:16.0)-(t:0.293-step:79-v:15.0)-(t:0.294-step:80-v:14.0)-(t:0.296-step:81-v:13.0)-(t:0.297-step:82-v:12.0)-(t:0.298-step:83-v:11.0)-(t:0.307-step:84-v:10.0)-(t:0.313-step:85-v:9.0)-(t:0.315-step:86-v:8.0)-(t:0.318-step:87-v:7.0)-(t:0.326-step:88-v:6.0)-(t:0.368-step:89-v:5.0)-(t:0.384-step:90-v:4.0)-(t:0.438-step:91-v:3.0)-(t:0.577-step:103-v:2.0)-(t:0.802-step:142-v:1.0)-(t:1.074-step:169-v:0.0)],1.074
roundrobin,examples/csp/csp_100/carseq_100_8_20_77.txt,r1,5400,2,0.0,[(t:0.000-step:1-v:102.0)-(t:0.008-step:2-v:98.0)-(t:0.027-step:3-v:97.0)-(t:0.029-step:4-v:95.0)-(t:0.030-step:5-v:94.0)-(t:0.032-step:6-v:93.0)-(t:0.044-step:7-v:92.0)-(t:0.047-step:8-v:88.0)-(t:0.049-step:9-v:87.0)-(t:0.050-step:10-v:86.0)-(t:0.051-step:11-v:85.0)-(t:0.051-step:12-v:80.0)-(t:0.052-step:13-v:79.0)-(t:0.056-step:14-v:78.0)-(t:0.060-step:15-v:77.0)-(t:0.063-step:16-v:76.0)-(t:0.064-step:17-v:74.0)-(t:0.064-step:18-v:71.0)-(t:0.065-step:19-v:70.0)-(t:0.065-step:20-v:67.0)-(t:0.066-step:21-v:64.0)-(t:0.066-step:22-v:62.0)-(t:0.074-step:23-v:61.0)-(t:0.077-step:24-v:60.0)-(t:0.078-step:25-v:59.0)-(t:0.079-step:26-v:58.0)-(t:0.079-step:27-v:57.0)-(t:0.080-step:28-v:56.0)-(t:0.081-step:29-v:55.0)-(t:0.083-step:30-v:54.0)-(t:0.097-step:31-v:53.0)-(t:0.103-step:32-v:52.0)-(t:0.104-step:33-v:49.0)-(t:0.108-step:34-v:48.0)-(t:0.110-step:35-v:47.0)-(t:0.111-step:36-v:46.0)-(t:0.112-step:37-v:45.0)-(t:0.117-step:38-v:44.0)-(t:0.118-step:39-v:43.0)-(t:0.119-step:40-v:42.0)-(t:0.120-step:41-v:41.0)-(t:0.122-step:42-v:39.0)-(t:0.124-step:43-v:38.0)-(t:0.127-step:44-v:37.0)-(t:0.128-step:45-v:36.0)-(t:0.129-step:46-v:35.0)-(t:0.133-step:47-v:34.0)-(t:0.139-step:48-v:32.0)-(t:0.140-step:49-v:31.0)-(t:0.152-step:50-v:29.0)-(t:0.157-step:51-v:28.0)-(t:0.159-step:52-v:27.0)-(t:0.163-step:53-v:26.0)-(t:0.163-step:54-v:25.0)-(t:0.167-step:55-v:24.0)-(t:0.201-step:56-v:23.0)-(t:0.208-step:57-v:22.0)-(t:0.290-step:58-v:21.0)-(t:0.296-step:59-v:20.0)-(t:0.298-step:60-v:19.0)-(t:0.303-step:61-v:18.0)-(t:0.316-step:62-v:17.0)-(t:0.317-step:63-v:16.0)-(t:0.325-step:64-v:15.0)-(t:0.327-step:65-v:14.0)-(t:0.350-step:66-v:13.0)-(t:0.356-step:67-v:12.0)-(t:0.358-step:68-v:11.0)-(t:0.366-step:69-v:10.0)-(t:0.395-step:70-v:9.0)-(t:0.420-step:71-v:8.0)-(t:0.502-step:72-v:7.0)-(t:0.678-step:99-v:6.0)-(t:0.708-step:100-v:5.0)-(t:0.741-step:101-v:4.0)-(t:0.759-step:102-v:3.0)-(t:0.784-step:103-v:2.0)-(t:1.009-step:136-v:1.0)-(t:1.454-step:202-v:0.0)],1.454
roundrobin,examples/csp/csp_300/pb_300_06.txt,r1,5400,1,5.0,[(t:0.000-step:1-v:381.0)-(t:0.007-step:2-v:378.0)-(t:0.035-step:3-v:377.0)-(t:0.039-step:4-v:372.0)-(t:0.041-step:5-v:371.0)-(t:0.042-step:6-v:369.0)-(t:0.052-step:7-v:368.0)-(t:0.059-step:8-v:367.0)-(t:0.061-step:9-v:362.0)-(t:0.063-step:10-v:361.0)-(t:0.066-step:11-v:360.0)-(t:0.068-step:12-v:357.0)-(t:0.069-step:13-v:355.0)-(t:0.070-step:14-v:354.0)-(t:0.072-step:15-v:352.0)-(t:0.075-step:16-v:350.0)-(t:0.080-step:17-v:346.0)-(t:0.085-step:18-v:345.0)-(t:0.086-step:19-v:344.0)-(t:0.087-step:20-v:343.0)-(t:0.089-step:21-v:340.0)-(t:0.093-step:22-v:337.0)-(t:0.094-step:23-v:336.0)-(t:0.099-step:24-v:332.0)-(t:0.105-step:25-v:330.0)-(t:0.106-step:26-v:328.0)-(t:0.108-step:27-v:325.0)-(t:0.110-step:28-v:324.0)-(t:0.111-step:29-v:322.0)-(t:0.113-step:30-v:320.0)-(t:0.115-step:31-v:319.0)-(t:0.120-step:32-v:318.0)-(t:0.125-step:33-v:314.0)-(t:0.125-step:34-v:310.0)-(t:0.126-step:35-v:307.0)-(t:0.127-step:36-v:305.0)-(t:0.128-step:37-v:304.0)-(t:0.129-step:38-v:303.0)-(t:0.139-step:39-v:302.0)-(t:0.141-step:40-v:301.0)-(t:0.145-step:41-v:298.0)-(t:0.149-step:42-v:296.0)-(t:0.154-step:43-v:295.0)-(t:0.154-step:44-v:292.0)-(t:0.160-step:45-v:290.0)-(t:0.164-step:46-v:289.0)-(t:0.166-step:47-v:288.0)-(t:0.170-step:48-v:287.0)-(t:0.172-step:49-v:286.0)-(t:0.172-step:50-v:285.0)-(t:0.173-step:51-v:284.0)-(t:0.177-step:52-v:283.0)-(t:0.182-step:53-v:282.0)-(t:0.183-step:54-v:281.0)-(t:0.185-step:55-v:280.0)-(t:0.187-step:56-v:279.0)-(t:0.189-step:57-v:278.0)-(t:0.190-step:58-v:277.0)-(t:0.191-step:59-v:276.0)-(t:0.191-step:60-v:274.0)-(t:0.193-step:61-v:272.0)-(t:0.194-step:62-v:270.0)-(t:0.196-step:63-v:269.0)-(t:0.201-step:64-v:268.0)-(t:0.203-step:65-v:264.0)-(t:0.204-step:66-v:261.0)-(t:0.205-step:67-v:260.0)-(t:0.207-step:68-v:259.0)-(t:0.208-step:69-v:257.0)-(t:0.209-step:70-v:256.0)-(t:0.236-step:71-v:255.0)-(t:0.244-step:72-v:254.0)-(t:0.246-step:73-v:253.0)-(t:0.246-step:74-v:249.0)-(t:0.250-step:75-v:248.0)-(t:0.258-step:76-v:247.0)-(t:0.260-step:77-v:246.0)-(t:0.266-step:78-v:245.0)-(t:0.279-step:79-v:244.0)-(t:0.283-step:80-v:243.0)-(t:0.284-step:81-v:241.0)-(t:0.285-step:82-v:240.0)-(t:0.286-step:83-v:236.0)-(t:0.288-step:84-v:235.0)-(t:0.298-step:85-v:234.0)-(t:0.299-step:86-v:233.0)-(t:0.303-step:87-v:232.0)-(t:0.304-step:88-v:231.0)-(t:0.304-step:89-v:230.0)-(t:0.306-step:90-v:229.0)-(t:0.307-step:91-v:228.0)-(t:0.307-step:92-v:227.0)-(t:0.310-step:93-v:226.0)-(t:0.310-step:94-v:225.0)-(t:0.312-step:95-v:224.0)-(t:0.313-step:96-v:222.0)-(t:0.315-step:97-v:221.0)-(t:0.316-step:98-v:220.0)-(t:0.318-step:99-v:218.0)-(t:0.318-step:100-v:216.0)-(t:0.319-step:101-v:215.0)-(t:0.319-step:102-v:212.0)-(t:0.323-step:103-v:211.0)-(t:0.323-step:104-v:209.0)-(t:0.324-step:105-v:207.0)-(t:0.326-step:106-v:206.0)-(t:0.327-step:107-v:205.0)-(t:0.327-step:108-v:204.0)-(t:0.328-step:109-v:203.0)-(t:0.330-step:110-v:202.0)-(t:0.345-step:111-v:201.0)-(t:0.347-step:112-v:199.0)-(t:0.348-step:113-v:198.0)-(t:0.350-step:114-v:197.0)-(t:0.351-step:115-v:196.0)-(t:0.351-step:116-v:195.0)-(t:0.352-step:117-v:193.0)-(t:0.352-step:118-v:192.0)-(t:0.353-step:119-v:191.0)-(t:0.354-step:120-v:190.0)-(t:0.355-step:121-v:188.0)-(t:0.355-step:122-v:187.0)-(t:0.356-step:123-v:186.0)-(t:0.358-step:124-v:185.0)-(t:0.359-step:125-v:184.0)-(t:0.359-step:126-v:183.0)-(t:0.364-step:127-v:181.0)-(t:0.368-step:128-v:180.0)-(t:0.369-step:129-v:179.0)-(t:0.375-step:130-v:178.0)-(t:0.375-step:131-v:177.0)-(t:0.376-step:132-v:176.0)-(t:0.377-step:133-v:175.0)-(t:0.377-step:134-v:174.0)-(t:0.378-step:135-v:173.0)-(t:0.380-step:136-v:172.0)-(t:0.384-step:137-v:171.0)-(t:0.385-step:138-v:169.0)-(t:0.386-step:139-v:168.0)-(t:0.386-step:140-v:167.0)-(t:0.387-step:141-v:166.0)-(t:0.387-step:142-v:165.0)-(t:0.391-step:143-v:164.0)-(t:0.392-step:144-v:163.0)-(t:0.392-step:145-v:162.0)-(t:0.393-step:146-v:161.0)-(t:0.394-step:147-v:160.0)-(t:0.394-step:148-v:159.0)-(t:0.395-step:149-v:157.0)-(t:0.396-step:150-v:156.0)-(t:0.397-step:151-v:155.0)-(t:0.399-step:152-v:154.0)-(t:0.400-step:153-v:153.0)-(t:0.401-step:154-v:152.0)-(t:0.401-step:155-v:151.0)-(t:0.404-step:156-v:150.0)-(t:0.404-step:157-v:149.0)-(t:0.408-step:158-v:148.0)-(t:0.411-step:159-v:147.0)-(t:0.414-step:160-v:146.0)-(t:0.426-step:161-v:145.0)-(t:0.427-step:162-v:144.0)-(t:0.428-step:163-v:141.0)-(t:0.429-step:164-v:140.0)-(t:0.430-step:165-v:139.0)-(t:0.431-step:166-v:138.0)-(t:0.487-step:167-v:137.0)-(t:0.490-step:168-v:136.0)-(t:0.491-step:169-v:135.0)-(t:0.494-step:170-v:133.0)-(t:0.495-step:171-v:132.0)-(t:0.496-step:172-v:131.0)-(t:0.500-step:173-v:130.0)-(t:0.505-step:174-v:129.0)-(t:0.532-step:175-v:128.0)-(t:0.562-step:176-v:127.0)-(t:0.564-step:177-v:125.0)-(t:0.564-step:178-v:124.0)-(t:0.565-step:179-v:122.0)-(t:0.574-step:180-v:121.0)-(t:0.575-step:181-v:120.0)-(t:0.577-step:182-v:118.0)-(t:0.619-step:183-v:117.0)-(t:0.626-step:184-v:116.0)-(t:0.627-step:185-v:114.0)-(t:0.628-step:186-v:113.0)-(t:0.628-step:187-v:112.0)-(t:0.631-step:188-v:111.0)-(t:0.632-step:189-v:110.0)-(t:0.633-step:190-v:109.0)-(t:0.703-step:191-v:108.0)-(t:0.704-step:192-v:107.0)-(t:0.707-step:193-v:104.0)-(t:0.707-step:194-v:103.0)-(t:0.707-step:195-v:102.0)-(t:0.708-step:196-v:101.0)-(t:0.711-step:197-v:100.0)-(t:0.712-step:198-v:99.0)-(t:0.734-step:199-v:98.0)-(t:0.747-step:200-v:97.0)-(t:0.749-step:201-v:96.0)-(t:0.750-step:202-v:95.0)-(t:0.751-step:203-v:94.0)-(t:0.754-step:204-v:93.0)-(t:0.755-step:205-v:92.0)-(t:0.763-step:206-v:91.0)-(t:0.784-step:207-v:90.0)-(t:0.784-step:208-v:89.0)-(t:0.786-step:209-v:88.0)-(t:0.788-step:210-v:87.0)-(t:0.790-step:211-v:86.0)-(t:0.794-step:212-v:85.0)-(t:0.798-step:213-v:84.0)-(t:0.837-step:214-v:83.0)-(t:0.884-step:215-v:82.0)-(t:0.886-step:216-v:81.0)-(t:0.892-step:217-v:80.0)-(t:0.895-step:218-v:79.0)-(t:0.900-step:219-v:78.0)-(t:1.078-step:220-v:77.0)-(t:1.113-step:221-v:76.0)-(t:1.114-step:222-v:75.0)-(t:1.118-step:223-v:74.0)-(t:1.118-step:224-v:72.0)-(t:1.124-step:225-v:71.0)-(t:1.279-step:226-v:70.0)-(t:1.281-step:227-v:68.0)-(t:1.285-step:228-v:66.0)-(t:1.288-step:229-v:65.0)-(t:1.290-step:230-v:64.0)-(t:1.462-step:231-v:63.0)-(t:1.514-step:232-v:62.0)-(t:1.519-step:233-v:61.0)-(t:1.519-step:234-v:60.0)-(t:1.618-step:235-v:59.0)-(t:1.620-step:236-v:58.0)-(t:1.621-step:237-v:57.0)-(t:1.626-step:238-v:56.0)-(t:1.634-step:239-v:55.0)-(t:1.638-step:240-v:54.0)-(t:1.717-step:241-v:53.0)-(t:1.775-step:242-v:52.0)-(t:1.784-step:243-v:51.0)-(t:1.911-step:244-v:50.0)-(t:1.915-step:245-v:49.0)-(t:1.921-step:246-v:48.0)-(t:2.089-step:247-v:47.0)-(t:2.130-step:248-v:46.0)-(t:2.131-step:249-v:45.0)-(t:2.198-step:250-v:44.0)-(t:2.210-step:251-v:43.0)-(t:2.213-step:252-v:42.0)-(t:2.441-step:253-v:41.0)-(t:2.452-step:254-v:40.0)-(t:2.490-step:255-v:39.0)-(t:2.534-step:256-v:38.0)-(t:2.556-step:257-v:37.0)-(t:2.918-step:258-v:36.0)-(t:2.923-step:259-v:35.0)-(t:2.957-step:260-v:34.0)-(t:2.965-step:261-v:33.0)-(t:3.163-step:262-v:32.0)-(t:3.174-step:263-v:31.0)-(t:3.181-step:264-v:30.0)-(t:3.186-step:265-v:29.0)-(t:3.210-step:266-v:28.0)-(t:3.542-step:267-v:27.0)-(t:3.579-step:268-v:26.0)-(t:3.606-step:269-v:25.0)-(t:3.887-step:270-v:24.0)-(t:3.896-step:271-v:23.0)-(t:4.310-step:272-v:22.0)-(t:4.726-step:282-v:21.0)-(t:4.764-step:283-v:20.0)-(t:4.801-step:284-v:19.0)-(t:5.188-step:292-v:18.0)-(t:5.230-step:293-v:17.0)-(t:5.394-step:294-v:16.0)-(t:5.495-step:295-v:15.0)-(t:5.828-step:304-v:14.0)-(t:7.503-step:375-v:13.0)-(t:7.760-step:379-v:12.0)-(t:12.892-step:623-v:11.0)-(t:12.976-step:624-v:10.0)-(t:13.093-step:625-v:9.0)-(t:13.172-step:626-v:8.0)-(t:114.933-step:5401-v:7.0)-(t:118.896-step:5584-v:6.0)-(t:147.068-step:6841-v:5.0)],5400.0
roundrobin,examples/csp/csp_300/pb_300_07.txt,r1,5400,1,14.0,[(t:0.000-step:1-v:377.0)-(t:0.008-step:2-v:375.0)-(t:0.035-step:3-v:372.0)-(t:0.043-step:4-v:370.0)-(t:0.045-step:5-v:369.0)-(t:0.045-step:6-v:367.0)-(t:0.056-step:7-v:366.0)-(t:0.059-step:8-v:362.0)-(t:0.063-step:9-v:356.0)-(t:0.064-step:10-v:352.0)-(t:0.065-step:11-v:348.0)-(t:0.070-step:12-v:346.0)-(t:0.072-step:13-v:345.0)-(t:0.073-step:14-v:344.0)-(t:0.074-step:15-v:343.0)-(t:0.076-step:16-v:342.0)-(t:0.077-step:17-v:339.0)-(t:0.077-step:18-v:337.0)-(t:0.080-step:19-v:334.0)-(t:0.081-step:20-v:331.0)-(t:0.082-step:21-v:330.0)-(t:0.084-step:22-v:329.0)-(t:0.087-step:23-v:328.0)-(t:0.089-step:24-v:327.0)-(t:0.090-step:25-v:324.0)-(t:0.090-step:26-v:323.0)-(t:0.092-step:27-v:322.0)-(t:0.092-step:28-v:321.0)-(t:0.094-step:29-v:320.0)-(t:0.097-step:30-v:319.0)-(t:0.098-step:31-v:318.0)-(t:0.100-step:32-v:316.0)-(t:0.100-step:33-v:315.0)-(t:0.101-step:34-v:309.0)-(t:0.102-step:35-v:308.0)-(t:0.103-step:36-v:307.0)-(t:0.104-step:37-v:306.0)-(t:0.107-step:38-v:304.0)-(t:0.113-step:39-v:303.0)-(t:0.118-step:40-v:299.0)-(t:0.120-step:41-v:298.0)-(t:0.124-step:42-v:297.0)-(t:0.126-step:43-v:296.0)-(t:0.127-step:44-v:295.0)-(t:0.131-step:45-v:294.0)-(t:0.132-step:46-v:293.0)-(t:0.133-step:47-v:292.0)-(t:0.141-step:48-v:290.0)-(t:0.143-step:49-v:289.0)-(t:0.143-step:50-v:287.0)-(t:0.150-step:51-v:284.0)-(t:0.151-step:52-v:283.0)-(t:0.156-step:53-v:280.0)-(t:0.157-step:54-v:279.0)-(t:0.159-step:55-v:278.0)-(t:0.160-step:56-v:277.0)-(t:0.161-step:57-v:275.0)-(t:0.165-step:58-v:274.0)-(t:0.166-step:59-v:273.0)-(t:0.166-step:60-v:270.0)-(t:0.167-step:61-v:269.0)-(t:0.168-step:62-v:268.0)-(t:0.170-step:63-v:267.0)-(t:0.171-step:64-v:266.0)-(t:0.177-step:65-v:264.0)-(t:0.178-step:66-v:263.0)-(t:0.179-step:67-v:262.0)-(t:0.183-step:68-v:261.0)-(t:0.184-step:69-v:257.0)-(t:0.184-step:70-v:256.0)-(t:0.189-step:71-v:255.0)-(t:0.190-step:72-v:253.0)-(t:0.190-step:73-v:252.0)-(t:0.190-step:74-v:251.0)-(t:0.195-step:75-v:248.0)-(t:0.229-step:76-v:247.0)-(t:0.234-step:77-v:246.0)-(t:0.235-step:78-v:245.0)-(t:0.239-step:79-v:242.0)-(t:0.240-step:80-v:241.0)-(t:0.245-step:81-v:240.0)-(t:0.250-step:82-v:239.0)-(t:0.251-step:83-v:236.0)-(t:0.253-step:84-v:235.0)-(t:0.256-step:85-v:231.0)-(t:0.257-step:86-v:230.0)-(t:0.258-step:87-v:228.0)-(t:0.259-step:88-v:227.0)-(t:0.259-step:89-v:226.0)-(t:0.260-step:90-v:224.0)-(t:0.268-step:91-v:223.0)-(t:0.279-step:92-v:221.0)-(t:0.283-step:93-v:220.0)-(t:0.283-step:94-v:219.0)-(t:0.286-step:95-v:218.0)-(t:0.300-step:96-v:217.0)-(t:0.301-step:97-v:216.0)-(t:0.301-step:98-v:214.0)-(t:0.302-step:99-v:213.0)-(t:0.310-step:100-v:212.0)-(t:0.310-step:101-v:210.0)-(t:0.313-step:102-v:208.0)-(t:0.324-step:103-v:207.0)-(t:0.326-step:104-v:206.0)-(t:0.329-step:105-v:205.0)-(t:0.331-step:106-v:204.0)-(t:0.335-step:107-v:203.0)-(t:0.349-step:108-v:201.0)-(t:0.349-step:109-v:199.0)-(t:0.351-step:110-v:198.0)-(t:0.353-step:111-v:197.0)-(t:0.355-step:112-v:196.0)-(t:0.355-step:113-v:195.0)-(t:0.356-step:114-v:194.0)-(t:0.357-step:115-v:193.0)-(t:0.357-step:116-v:192.0)-(t:0.358-step:117-v:191.0)-(t:0.359-step:118-v:190.0)-(t:0.361-step:119-v:189.0)-(t:0.364-step:120-v:188.0)-(t:0.370-step:121-v:187.0)-(t:0.370-step:122-v:186.0)-(t:0.376-step:123-v:185.0)-(t:0.377-step:124-v:184.0)-(t:0.378-step:125-v:183.0)-(t:0.379-step:126-v:182.0)-(t:0.395-step:127-v:181.0)-(t:0.400-step:128-v:180.0)-(t:0.403-step:129-v:179.0)-(t:0.404-step:130-v:178.0)-(t:0.405-step:131-v:176.0)-(t:0.406-step:132-v:175.0)-(t:0.407-step:133-v:173.0)-(t:0.407-step:134-v:171.0)-(t:0.408-step:135-v:170.0)-(t:0.409-step:136-v:167.0)-(t:0.409-step:137-v:165.0)-(t:0.410-step:138-v:164.0)-(t:0.410-step:139-v:163.0)-(t:0.411-step:140-v:162.0)-(t:0.412-step:141-v:160.0)-(t:0.412-step:142-v:159.0)-(t:0.414-step:143-v:158.0)-(t:0.414-step:144-v:157.0)-(t:0.415-step:145-v:155.0)-(t:0.415-step:146-v:153.0)-(t:0.416-step:147-v:152.0)-(t:0.416-step:148-v:151.0)-(t:0.417-step:149-v:150.0)-(t:0.418-step:150-v:149.0)-(t:0.422-step:151-v:148.0)-(t:0.424-step:152-v:147.0)-(t:0.425-step:153-v:146.0)-(t:0.425-step:154-v:144.0)-(t:0.426-step:155-v:143.0)-(t:0.427-step:156-v:142.0)-(t:0.427-step:157-v:141.0)-(t:0.428-step:158-v:140.0)-(t:0.448-step:159-v:139.0)-(t:0.449-step:160-v:137.0)-(t:0.450-step:161-v:136.0)-(t:0.450-step:162-v:135.0)-(t:0.451-step:163-v:134.0)-(t:0.452-step:164-v:133.0)-(t:0.453-step:165-v:131.0)-(t:0.454-step:166-v:130.0)-(t:0.473-step:167-v:129.0)-(t:0.475-step:168-v:127.0)-(t:0.477-step:169-v:125.0)-(t:0.478-step:170-v:124.0)-(t:0.479-step:171-v:123.0)-(t:0.480-step:172-v:122.0)-(t:0.481-step:173-v:121.0)-(t:0.481-step:174-v:120.0)-(t:0.498-step:175-v:119.0)-(t:0.505-step:176-v:118.0)-(t:0.506-step:177-v:117.0)-(t:0.507-step:178-v:116.0)-(t:0.513-step:179-v:115.0)-(t:0.514-step:180-v:113.0)-(t:0.516-step:181-v:111.0)-(t:0.522-step:182-v:110.0)-(t:0.578-step:183-v:109.0)-(t:0.580-step:184-v:108.0)-(t:0.596-step:185-v:107.0)-(t:0.597-step:186-v:106.0)-(t:0.598-step:187-v:105.0)-(t:0.599-step:188-v:104.0)-(t:0.645-step:189-v:103.0)-(t:0.649-step:190-v:102.0)-(t:0.650-step:191-v:101.0)-(t:0.658-step:192-v:100.0)-(t:0.660-step:193-v:99.0)-(t:0.664-step:194-v:98.0)-(t:0.669-step:195-v:97.0)-(t:0.670-step:196-v:96.0)-(t:0.671-step:197-v:95.0)-(t:0.672-step:198-v:94.0)-(t:0.674-step:199-v:92.0)-(t:0.679-step:200-v:91.0)-(t:0.681-step:201-v:90.0)-(t:0.689-step:202-v:89.0)-(t:0.724-step:203-v:88.0)-(t:0.733-step:204-v:87.0)-(t:0.734-step:205-v:86.0)-(t:0.737-step:206-v:85.0)-(t:0.744-step:207-v:84.0)-(t:0.747-step:208-v:83.0)-(t:0.748-step:209-v:82.0)-(t:0.872-step:210-v:81.0)-(t:0.874-step:211-v:80.0)-(t:0.874-step:212-v:79.0)-(t:0.875-step:213-v:78.0)-(t:0.878-step:214-v:77.0)-(t:0.880-step:215-v:76.0)-(t:0.883-step:216-v:75.0)-(t:0.965-step:217-v:74.0)-(t:0.973-step:218-v:73.0)-(t:0.974-step:219-v:72.0)-(t:0.976-step:220-v:71.0)-(t:0.988-step:221-v:70.0)-(t:1.122-step:222-v:69.0)-(t:1.124-step:223-v:68.0)-(t:1.125-step:224-v:67.0)-(t:1.127-step:225-v:66.0)-(t:1.128-step:226-v:65.0)-(t:1.155-step:227-v:64.0)-(t:1.162-step:228-v:63.0)-(t:1.163-step:229-v:62.0)-(t:1.164-step:230-v:61.0)-(t:1.209-step:231-v:60.0)-(t:1.215-step:232-v:59.0)-(t:1.217-step:233-v:58.0)-(t:1.225-step:234-v:57.0)-(t:1.312-step:235-v:56.0)-(t:1.315-step:236-v:55.0)-(t:1.315-step:237-v:54.0)-(t:1.316-step:238-v:53.0)-(t:1.331-step:239-v:51.0)-(t:1.333-step:240-v:50.0)-(t:1.341-step:241-v:49.0)-(t:1.382-step:242-v:48.0)-(t:1.385-step:243-v:47.0)-(t:1.414-step:244-v:46.0)-(t:1.426-step:245-v:45.0)-(t:1.532-step:246-v:44.0)-(t:1.533-step:247-v:43.0)-(t:1.534-step:248-v:42.0)-(t:1.537-step:249-v:41.0)-(t:1.568-step:250-v:40.0)-(t:1.876-step:251-v:39.0)-(t:1.882-step:252-v:38.0)-(t:1.910-step:253-v:37.0)-(t:1.923-step:254-v:36.0)-(t:2.138-step:255-v:35.0)-(t:2.150-step:256-v:34.0)-(t:2.162-step:257-v:33.0)-(t:2.265-step:258-v:32.0)-(t:2.324-step:259-v:31.0)-(t:2.550-step:260-v:30.0)-(t:2.650-step:261-v:29.0)-(t:2.688-step:262-v:28.0)-(t:2.885-step:263-v:27.0)-(t:3.149-step:264-v:26.0)-(t:3.360-step:265-v:25.0)-(t:3.454-step:266-v:24.0)-(t:3.604-step:267-v:23.0)-(t:3.694-step:268-v:22.0)-(t:3.860-step:269-v:21.0)-(t:3.940-step:270-v:20.0)-(t:4.090-step:271-v:19.0)-(t:4.454-step:275-v:18.0)-(t:5.885-step:353-v:17.0)-(t:6.086-step:354-v:16.0)-(t:6.109-step:355-v:15.0)-(t:6.451-step:361-v:14.0)],5400.0
roundrobin,examples/csp/csp_300/pb_300_08.txt,r1,5400,1,8.0,[(t:0.000-step:1-v:373.0)-(t:0.011-step:2-v:368.0)-(t:0.045-step:3-v:366.0)-(t:0.045-step:4-v:363.0)-(t:0.047-step:5-v:361.0)-(t:0.051-step:6-v:360.0)-(t:0.066-step:7-v:359.0)-(t:0.069-step:8-v:355.0)-(t:0.084-step:9-v:350.0)-(t:0.089-step:10-v:347.0)-(t:0.094-step:11-v:346.0)-(t:0.096-step:12-v:342.0)-(t:0.097-step:13-v:341.0)-(t:0.100-step:14-v:340.0)-(t:0.106-step:15-v:339.0)-(t:0.115-step:16-v:336.0)-(t:0.117-step:17-v:335.0)-(t:0.121-step:18-v:334.0)-(t:0.125-step:19-v:332.0)-(t:0.127-step:20-v:331.0)-(t:0.130-step:21-v:330.0)-(t:0.131-step:22-v:329.0)-(t:0.145-step:23-v:328.0)-(t:0.146-step:24-v:324.0)-(t:0.147-step:25-v:318.0)-(t:0.152-step:26-v:317.0)-(t:0.156-step:27-v:315.0)-(t:0.157-step:28-v:314.0)-(t:0.158-step:29-v:313.0)-(t:0.159-step:30-v:311.0)-(t:0.160-step:31-v:309.0)-(t:0.162-step:32-v:306.0)-(t:0.164-step:33-v:305.0)-(t:0.164-step:34-v:304.0)-(t:0.170-step:35-v:303.0)-(t:0.172-step:36-v:302.0)-(t:0.173-step:37-v:301.0)-(t:0.174-step:38-v:300.0)-(t:0.213-step:39-v:298.0)-(t:0.218-step:40-v:297.0)-(t:0.219-step:41-v:292.0)-(t:0.221-step:42-v:291.0)-(t:0.227-step:43-v:290.0)-(t:0.227-step:44-v:289.0)-(t:0.229-step:45-v:288.0)-(t:0.229-step:46-v:286.0)-(t:0.257-step:47-v:285.0)-(t:0.263-step:48-v:284.0)-(t:0.264-step:49-v:283.0)-(t:0.264-step:50-v:281.0)-(t:0.269-step:51-v:279.0)-(t:0.269-step:52-v:276.0)-(t:0.275-step:53-v:275.0)-(t:0.276-step:54-v:274.0)-(t:0.280-step:55-v:273.0)-(t:0.281-step:56-v:272.0)-(t:0.285-step:57-v:269.0)-(t:0.292-step:58-v:268.0)-(t:0.293-step:59-v:267.0)-(t:0.293-step:60-v:266.0)-(t:0.295-step:61-v:265.0)-(t:0.295-step:62-v:262.0)-(t:0.301-step:63-v:261.0)-(t:0.304-step:64-v:260.0)-(t:0.306-step:65-v:259.0)-(t:0.307-step:66-v:257.0)-(t:0.312-step:67-v:254.0)-(t:0.314-step:68-v:253.0)-(t:0.315-step:69-v:252.0)-(t:0.315-step:70-v:251.0)-(t:0.321-step:71-v:250.0)-(t:0.330-step:72-v:249.0)-(t:0.334-step:73-v:245.0)-(t:0.338-step:74-v:243.0)-(t:0.339-step:75-v:241.0)-(t:0.339-step:76-v:240.0)-(t:0.347-step:77-v:239.0)-(t:0.347-step:78-v:238.0)-(t:0.348-step:79-v:236.0)-(t:0.359-step:80-v:235.0)-(t:0.361-step:81-v:233.0)-(t:0.362-step:82-v:230.0)-(t:0.363-step:83-v:229.0)-(t:0.367-step:84-v:226.0)-(t:0.371-step:85-v:225.0)-(t:0.371-step:86-v:223.0)-(t:0.384-step:87-v:222.0)-(t:0.386-step:88-v:221.0)-(t:0.394-step:89-v:219.0)-(t:0.399-step:90-v:218.0)-(t:0.400-step:91-v:217.0)-(t:0.400-step:92-v:216.0)-(t:0.409-step:93-v:215.0)-(t:0.410-step:94-v:214.0)-(t:0.421-step:95-v:213.0)-(t:0.426-step:96-v:211.0)-(t:0.430-step:97-v:210.0)-(t:0.431-step:98-v:209.0)-(t:0.432-step:99-v:206.0)-(t:0.438-step:100-v:204.0)-(t:0.440-step:101-v:203.0)-(t:0.441-step:102-v:202.0)-(t:0.445-step:103-v:201.0)-(t:0.447-step:104-v:199.0)-(t:0.449-step:105-v:198.0)-(t:0.450-step:106-v:197.0)-(t:0.451-step:107-v:196.0)-(t:0.452-step:108-v:195.0)-(t:0.452-step:109-v:193.0)-(t:0.453-step:110-v:192.0)-(t:0.456-step:111-v:191.0)-(t:0.457-step:112-v:186.0)-(t:0.458-step:113-v:185.0)-(t:0.458-step:114-v:182.0)-(t:0.459-step:115-v:181.0)-(t:0.466-step:116-v:180.0)-(t:0.467-step:117-v:178.0)-(t:0.467-step:118-v:176.0)-(t:0.472-step:119-v:175.0)-(t:0.473-step:120-v:174.0)-(t:0.475-step:121-v:173.0)-(t:0.476-step:122-v:171.0)-(t:0.478-step:123-v:170.0)-(t:0.480-step:124-v:168.0)-(t:0.482-step:125-v:167.0)-(t:0.483-step:126-v:166.0)-(t:0.486-step:127-v:165.0)-(t:0.492-step:128-v:164.0)-(t:0.493-step:129-v:163.0)-(t:0.494-step:130-v:160.0)-(t:0.495-step:131-v:159.0)-(t:0.496-step:132-v:155.0)-(t:0.496-step:133-v:154.0)-(t:0.497-step:134-v:153.0)-(t:0.500-step:135-v:152.0)-(t:0.503-step:136-v:150.0)-(t:0.504-step:137-v:149.0)-(t:0.505-step:138-v:148.0)-(t:0.505-step:139-v:147.0)-(t:0.507-step:140-v:146.0)-(t:0.508-step:141-v:145.0)-(t:0.508-step:142-v:143.0)-(t:0.511-step:143-v:142.0)-(t:0.519-step:144-v:141.0)-(t:0.519-step:145-v:139.0)-(t:0.520-step:146-v:138.0)-(t:0.522-step:147-v:137.0)-(t:0.523-step:148-v:136.0)-(t:0.525-step:149-v:135.0)-(t:0.531-step:150-v:134.0)-(t:0.532-step:151-v:133.0)-(t:0.533-step:152-v:132.0)-(t:0.533-step:153-v:131.0)-(t:0.534-step:154-v:130.0)-(t:0.534-step:155-v:129.0)-(t:0.536-step:156-v:128.0)-(t:0.553-step:157-v:127.0)-(t:0.555-step:158-v:126.0)-(t:0.556-step:159-v:125.0)-(t:0.556-step:160-v:124.0)-(t:0.557-step:161-v:123.0)-(t:0.559-step:162-v:122.0)-(t:0.562-step:163-v:121.0)-(t:0.564-step:164-v:120.0)-(t:0.580-step:165-v:119.0)-(t:0.588-step:166-v:118.0)-(t:0.591-step:167-v:117.0)-(t:0.594-step:168-v:116.0)-(t:0.594-step:169-v:115.0)-(t:0.595-step:170-v:114.0)-(t:0.595-step:171-v:111.0)-(t:0.597-step:172-v:110.0)-(t:0.623-step:173-v:109.0)-(t:0.623-step:174-v:107.0)-(t:0.627-step:175-v:105.0)-(t:0.628-step:176-v:104.0)-(t:0.628-step:177-v:102.0)-(t:0.642-step:178-v:100.0)-(t:0.646-step:179-v:99.0)-(t:0.646-step:180-v:97.0)-(t:0.665-step:181-v:96.0)-(t:0.667-step:182-v:95.0)-(t:0.668-step:183-v:94.0)-(t:0.669-step:184-v:93.0)-(t:0.669-step:185-v:92.0)-(t:0.677-step:186-v:90.0)-(t:0.678-step:187-v:89.0)-(t:0.682-step:188-v:88.0)-(t:0.768-step:189-v:87.0)-(t:0.780-step:190-v:86.0)-(t:0.785-step:191-v:85.0)-(t:0.785-step:192-v:84.0)-(t:0.786-step:193-v:83.0)-(t:0.791-step:194-v:81.0)-(t:0.792-step:195-v:80.0)-(t:0.796-step:196-v:79.0)-(t:0.877-step:197-v:78.0)-(t:0.888-step:198-v:77.0)-(t:0.889-step:199-v:76.0)-(t:0.908-step:200-v:75.0)-(t:0.908-step:201-v:74.0)-(t:0.910-step:202-v:73.0)-(t:1.053-step:203-v:72.0)-(t:1.054-step:204-v:71.0)-(t:1.055-step:205-v:70.0)-(t:1.075-step:206-v:69.0)-(t:1.076-step:207-v:68.0)-(t:1.079-step:208-v:67.0)-(t:1.251-step:209-v:66.0)-(t:1.299-step:210-v:64.0)-(t:1.300-step:211-v:63.0)-(t:1.303-step:212-v:62.0)-(t:1.317-step:213-v:61.0)-(t:1.320-step:214-v:60.0)-(t:1.320-step:215-v:59.0)-(t:1.393-step:216-v:58.0)-(t:1.417-step:217-v:57.0)-(t:1.420-step:218-v:56.0)-(t:1.424-step:219-v:55.0)-(t:1.434-step:220-v:54.0)-(t:1.438-step:221-v:53.0)-(t:1.439-step:222-v:52.0)-(t:1.657-step:223-v:51.0)-(t:1.682-step:224-v:50.0)-(t:1.693-step:225-v:49.0)-(t:1.695-step:226-v:48.0)-(t:1.696-step:227-v:47.0)-(t:1.720-step:228-v:46.0)-(t:1.726-step:229-v:45.0)-(t:1.752-step:230-v:44.0)-(t:1.841-step:231-v:43.0)-(t:1.855-step:232-v:42.0)-(t:1.885-step:233-v:41.0)-(t:1.890-step:234-v:40.0)-(t:2.213-step:235-v:39.0)-(t:2.231-step:236-v:38.0)-(t:2.253-step:237-v:37.0)-(t:2.524-step:238-v:36.0)-(t:2.562-step:239-v:35.0)-(t:2.577-step:240-v:34.0)-(t:2.767-step:241-v:33.0)-(t:2.803-step:242-v:32.0)-(t:2.843-step:243-v:31.0)-(t:2.844-step:244-v:30.0)-(t:3.004-step:245-v:29.0)-(t:3.148-step:246-v:28.0)-(t:3.289-step:247-v:27.0)-(t:3.389-step:248-v:26.0)-(t:3.460-step:249-v:25.0)-(t:3.468-step:250-v:24.0)-(t:3.692-step:251-v:23.0)-(t:3.708-step:252-v:22.0)-(t:3.973-step:253-v:21.0)-(t:5.920-step:327-v:20.0)-(t:5.980-step:328-v:19.0)-(t:6.098-step:329-v:18.0)-(t:6.822-step:392-v:17.0)-(t:7.089-step:393-v:16.0)-(t:8.583-step:501-v:15.0)-(t:8.734-step:502-v:14.0)-(t:9.244-step:557-v:13.0)-(t:9.362-step:558-v:12.0)-(t:9.481-step:559-v:11.0)-(t:12.932-step:734-v:10.0)-(t:12.965-step:735-v:9.0)-(t:54.447-step:3274-v:8.0)],5400.0
roundrobin,examples/csp/csp_300/pb_300_09.txt,r1,5400,1,9.0,[(t:0.000-step:1-v:406.0)-(t:0.015-step:2-v:405.0)-(t:0.047-step:3-v:404.0)-(t:0.048-step:4-v:403.0)-(t:0.049-step:5-v:399.0)-(t:0.063-step:6-v:396.0)-(t:0.082-step:7-v:395.0)-(t:0.089-step:8-v:392.0)-(t:0.090-step:9-v:386.0)-(t:0.090-step:10-v:385.0)-(t:0.092-step:11-v:384.0)-(t:0.098-step:12-v:383.0)-(t:0.099-step:13-v:382.0)-(t:0.099-step:14-v:380.0)-(t:0.123-step:15-v:379.0)-(t:0.133-step:16-v:378.0)-(t:0.135-step:17-v:374.0)-(t:0.135-step:18-v:371.0)-(t:0.144-step:19-v:370.0)-(t:0.147-step:20-v:369.0)-(t:0.148-step:21-v:367.0)-(t:0.149-step:22-v:366.0)-(t:0.157-step:23-v:365.0)-(t:0.161-step:24-v:362.0)-(t:0.163-step:25-v:359.0)-(t:0.163-step:26-v:357.0)-(t:0.168-step:27-v:356.0)-(t:0.169-step:28-v:353.0)-(t:0.173-step:29-v:350.0)-(t:0.174-step:30-v:349.0)-(t:0.181-step:31-v:348.0)-(t:0.191-step:32-v:347.0)-(t:0.192-step:33-v:345.0)-(t:0.192-step:34-v:344.0)-(t:0.200-step:35-v:343.0)-(t:0.206-step:36-v:341.0)-(t:0.207-step:37-v:338.0)-(t:0.207-step:38-v:337.0)-(t:0.218-step:39-v:335.0)-(t:0.219-step:40-v:331.0)-(t:0.219-step:41-v:323.0)-(t:0.222-step:42-v:322.0)-(t:0.233-step:43-v:321.0)-(t:0.234-step:44-v:320.0)-(t:0.235-step:45-v:319.0)-(t:0.236-step:46-v:318.0)-(t:0.241-step:47-v:316.0)-(t:0.245-step:48-v:315.0)-(t:0.245-step:49-v:313.0)-(t:0.246-step:50-v:312.0)-(t:0.250-step:51-v:311.0)-(t:0.251-step:52-v:309.0)-(t:0.252-step:53-v:307.0)-(t:0.252-step:54-v:305.0)-(t:0.258-step:55-v:304.0)-(t:0.266-step:56-v:303.0)-(t:0.272-step:57-v:302.0)-(t:0.272-step:58-v:300.0)-(t:0.273-step:59-v:298.0)-(t:0.274-step:60-v:297.0)-(t:0.279-step:61-v:296.0)-(t:0.279-step:62-v:295.0)-(t:0.282-step:63-v:294.0)-(t:0.293-step:64-v:291.0)-(t:0.294-step:65-v:288.0)-(t:0.294-step:66-v:287.0)-(t:0.295-step:67-v:283.0)-(t:0.296-step:68-v:282.0)-(t:0.317-step:69-v:280.0)-(t:0.317-step:70-v:279.0)-(t:0.321-step:71-v:277.0)-(t:0.323-step:72-v:276.0)-(t:0.324-step:73-v:271.0)-(t:0.324-step:74-v:270.0)-(t:0.335-step:75-v:269.0)-(t:0.342-step:76-v:267.0)-(t:0.343-step:77-v:266.0)-(t:0.345-step:78-v:265.0)-(t:0.347-step:79-v:264.0)-(t:0.348-step:80-v:263.0)-(t:0.352-step:81-v:260.0)-(t:0.356-step:82-v:258.0)-(t:0.357-step:83-v:254.0)-(t:0.363-step:84-v:253.0)-(t:0.365-step:85-v:249.0)-(t:0.366-step:86-v:248.0)-(t:0.377-step:87-v:247.0)-(t:0.380-step:88-v:246.0)-(t:0.385-step:89-v:245.0)-(t:0.386-step:90-v:244.0)-(t:0.390-step:91-v:242.0)-(t:0.406-step:92-v:241.0)-(t:0.412-step:93-v:240.0)-(t:0.413-step:94-v:239.0)-(t:0.418-step:95-v:238.0)-(t:0.422-step:96-v:237.0)-(t:0.426-step:97-v:236.0)-(t:0.427-step:98-v:234.0)-(t:0.428-step:99-v:231.0)-(t:0.436-step:100-v:230.0)-(t:0.438-step:101-v:229.0)-(t:0.444-step:102-v:228.0)-(t:0.475-step:103-v:227.0)-(t:0.486-step:104-v:226.0)-(t:0.491-step:105-v:225.0)-(t:0.498-step:106-v:224.0)-(t:0.499-step:107-v:223.0)-(t:0.503-step:108-v:222.0)-(t:0.504-step:109-v:221.0)-(t:0.504-step:110-v:220.0)-(t:0.510-step:111-v:219.0)-(t:0.512-step:112-v:218.0)-(t:0.516-step:113-v:216.0)-(t:0.517-step:114-v:214.0)-(t:0.518-step:115-v:213.0)-(t:0.518-step:116-v:212.0)-(t:0.519-step:117-v:211.0)-(t:0.520-step:118-v:209.0)-(t:0.521-step:119-v:208.0)-(t:0.521-step:120-v:207.0)-(t:0.523-step:121-v:206.0)-(t:0.523-step:122-v:205.0)-(t:0.524-step:123-v:204.0)-(t:0.526-step:124-v:203.0)-(t:0.527-step:125-v:202.0)-(t:0.527-step:126-v:200.0)-(t:0.528-step:127-v:198.0)-(t:0.530-step:128-v:197.0)-(t:0.531-step:129-v:195.0)-(t:0.531-step:130-v:194.0)-(t:0.532-step:131-v:191.0)-(t:0.535-step:132-v:190.0)-(t:0.535-step:133-v:189.0)-(t:0.536-step:134-v:188.0)-(t:0.541-step:135-v:187.0)-(t:0.543-step:136-v:186.0)-(t:0.543-step:137-v:184.0)-(t:0.544-step:138-v:183.0)-(t:0.545-step:139-v:182.0)-(t:0.545-step:140-v:180.0)-(t:0.546-step:141-v:179.0)-(t:0.546-step:142-v:177.0)-(t:0.547-step:143-v:176.0)-(t:0.549-step:144-v:175.0)-(t:0.552-step:145-v:173.0)-(t:0.554-step:146-v:172.0)-(t:0.555-step:147-v:171.0)-(t:0.555-step:148-v:170.0)-(t:0.556-step:149-v:169.0)-(t:0.558-step:150-v:168.0)-(t:0.559-step:151-v:167.0)-(t:0.563-step:152-v:166.0)-(t:0.566-step:153-v:165.0)-(t:0.566-step:154-v:163.0)-(t:0.567-step:155-v:162.0)-(t:0.567-step:156-v:161.0)-(t:0.567-step:157-v:158.0)-(t:0.568-step:158-v:157.0)-(t:0.582-step:159-v:156.0)-(t:0.585-step:160-v:155.0)-(t:0.591-step:161-v:154.0)-(t:0.592-step:162-v:153.0)-(t:0.592-step:163-v:152.0)-(t:0.593-step:164-v:151.0)-(t:0.594-step:165-v:148.0)-(t:0.594-step:166-v:147.0)-(t:0.615-step:167-v:146.0)-(t:0.620-step:168-v:145.0)-(t:0.621-step:169-v:144.0)-(t:0.622-step:170-v:142.0)-(t:0.623-step:171-v:141.0)-(t:0.624-step:172-v:140.0)-(t:0.624-step:173-v:139.0)-(t:0.625-step:174-v:138.0)-(t:0.641-step:175-v:137.0)-(t:0.642-step:176-v:135.0)-(t:0.643-step:177-v:133.0)-(t:0.643-step:178-v:132.0)-(t:0.644-step:179-v:131.0)-(t:0.646-step:180-v:130.0)-(t:0.647-step:181-v:129.0)-(t:0.648-step:182-v:128.0)-(t:0.658-step:183-v:127.0)-(t:0.660-step:184-v:126.0)-(t:0.674-step:185-v:125.0)-(t:0.678-step:186-v:124.0)-(t:0.680-step:187-v:123.0)-(t:0.687-step:188-v:122.0)-(t:0.688-step:189-v:121.0)-(t:0.693-step:190-v:120.0)-(t:0.697-step:191-v:118.0)-(t:0.701-step:192-v:117.0)-(t:0.703-step:193-v:116.0)-(t:0.705-step:194-v:115.0)-(t:0.710-step:195-v:114.0)-(t:0.710-step:196-v:113.0)-(t:0.747-step:197-v:112.0)-(t:0.748-step:198-v:111.0)-(t:0.756-step:199-v:109.0)-(t:0.757-step:200-v:108.0)-(t:0.762-step:201-v:107.0)-(t:0.763-step:202-v:106.0)-(t:0.764-step:203-v:105.0)-(t:0.769-step:204-v:104.0)-(t:0.779-step:205-v:103.0)-(t:0.786-step:206-v:102.0)-(t:0.787-step:207-v:101.0)-(t:0.787-step:208-v:100.0)-(t:0.790-step:209-v:99.0)-(t:0.797-step:210-v:98.0)-(t:0.797-step:211-v:97.0)-(t:0.798-step:212-v:96.0)-(t:0.800-step:213-v:95.0)-(t:0.805-step:214-v:94.0)-(t:0.810-step:215-v:92.0)-(t:0.812-step:216-v:91.0)-(t:0.820-step:217-v:90.0)-(t:0.821-step:218-v:89.0)-(t:0.822-step:219-v:88.0)-(t:0.886-step:220-v:87.0)-(t:0.887-step:221-v:86.0)-(t:0.890-step:222-v:84.0)-(t:0.892-step:223-v:83.0)-(t:0.895-step:224-v:82.0)-(t:0.896-step:225-v:81.0)-(t:0.900-step:226-v:80.0)-(t:0.914-step:227-v:79.0)-(t:0.919-step:228-v:78.0)-(t:0.921-step:229-v:77.0)-(t:0.921-step:230-v:76.0)-(t:0.927-step:231-v:75.0)-(t:0.928-step:232-v:74.0)-(t:0.935-step:233-v:72.0)-(t:1.178-step:234-v:71.0)-(t:1.210-step:235-v:70.0)-(t:1.214-step:236-v:69.0)-(t:1.232-step:237-v:68.0)-(t:1.439-step:238-v:66.0)-(t:1.441-step:239-v:65.0)-(t:1.451-step:240-v:64.0)-(t:1.453-step:241-v:63.0)-(t:1.456-step:242-v:62.0)-(t:1.544-step:243-v:61.0)-(t:1.579-step:244-v:60.0)-(t:1.581-step:245-v:59.0)-(t:1.583-step:246-v:58.0)-(t:1.667-step:247-v:57.0)-(t:1.697-step:248-v:56.0)-(t:1.701-step:249-v:55.0)-(t:1.910-step:250-v:54.0)-(t:1.943-step:251-v:53.0)-(t:1.967-step:252-v:52.0)-(t:2.271-step:253-v:51.0)-(t:2.272-step:254-v:50.0)-(t:2.277-step:255-v:49.0)-(t:2.278-step:256-v:48.0)-(t:2.583-step:257-v:47.0)-(t:2.591-step:258-v:46.0)-(t:2.596-step:259-v:45.0)-(t:2.598-step:260-v:44.0)-(t:2.853-step:261-v:43.0)-(t:2.855-step:262-v:42.0)-(t:2.874-step:263-v:41.0)-(t:2.899-step:264-v:40.0)-(t:2.920-step:265-v:39.0)-(t:3.153-step:266-v:38.0)-(t:3.240-step:267-v:37.0)-(t:3.271-step:268-v:36.0)-(t:3.543-step:269-v:35.0)-(t:3.556-step:270-v:34.0)-(t:3.571-step:271-v:33.0)-(t:3.961-step:272-v:32.0)-(t:3.968-step:273-v:31.0)-(t:4.000-step:274-v:30.0)-(t:4.350-step:275-v:29.0)-(t:4.402-step:276-v:28.0)-(t:4.657-step:277-v:27.0)-(t:4.756-step:278-v:26.0)-(t:4.992-step:279-v:25.0)-(t:5.079-step:280-v:24.0)-(t:5.578-step:285-v:23.0)-(t:5.594-step:286-v:22.0)-(t:5.623-step:287-v:21.0)-(t:6.087-step:292-v:20.0)-(t:6.154-step:293-v:19.0)-(t:8.621-step:396-v:18.0)-(t:8.852-step:397-v:17.0)-(t:9.855-step:405-v:16.0)-(t:11.075-step:472-v:15.0)-(t:12.738-step:554-v:14.0)-(t:13.081-step:561-v:13.0)-(t:17.683-step:788-v:12.0)-(t:17.685-step:789-v:11.0)-(t:22.949-step:1044-v:10.0)-(t:36.244-step:1633-v:9.0)],5400.0
roundrobin,examples/csp/csp_300/pb_300_10.txt,r1,5400,1,25.0,[(t:0.000-step:1-v:433.0)-(t:0.010-step:2-v:429.0)-(t:0.047-step:3-v:428.0)-(t:0.049-step:4-v:427.0)-(t:0.050-step:5-v:425.0)-(t:0.051-step:6-v:424.0)-(t:0.068-step:7-v:423.0)-(t:0.074-step:8-v:422.0)-(t:0.076-step:9-v:418.0)-(t:0.077-step:10-v:416.0)-(t:0.079-step:11-v:415.0)-(t:0.083-step:12-v:411.0)-(t:0.085-step:13-v:409.0)-(t:0.087-step:14-v:408.0)-(t:0.134-step:15-v:406.0)-(t:0.137-step:16-v:400.0)-(t:0.145-step:17-v:397.0)-(t:0.145-step:18-v:395.0)-(t:0.147-step:19-v:393.0)-(t:0.147-step:20-v:390.0)-(t:0.150-step:21-v:386.0)-(t:0.151-step:22-v:384.0)-(t:0.154-step:23-v:383.0)-(t:0.156-step:24-v:382.0)-(t:0.156-step:25-v:381.0)-(t:0.157-step:26-v:380.0)-(t:0.158-step:27-v:378.0)-(t:0.158-step:28-v:376.0)-(t:0.159-step:29-v:372.0)-(t:0.168-step:30-v:371.0)-(t:0.169-step:31-v:369.0)-(t:0.170-step:32-v:366.0)-(t:0.179-step:33-v:363.0)-(t:0.183-step:34-v:362.0)-(t:0.185-step:35-v:360.0)-(t:0.185-step:36-v:358.0)-(t:0.186-step:37-v:357.0)-(t:0.187-step:38-v:355.0)-(t:0.194-step:39-v:353.0)-(t:0.198-step:40-v:352.0)-(t:0.199-step:41-v:351.0)-(t:0.203-step:42-v:350.0)-(t:0.213-step:43-v:349.0)-(t:0.220-step:44-v:347.0)-(t:0.227-step:45-v:346.0)-(t:0.228-step:46-v:345.0)-(t:0.232-step:47-v:344.0)-(t:0.234-step:48-v:343.0)-(t:0.235-step:49-v:342.0)-(t:0.236-step:50-v:341.0)-(t:0.237-step:51-v:340.0)-(t:0.240-step:52-v:337.0)-(t:0.241-step:53-v:336.0)-(t:0.241-step:54-v:335.0)-(t:0.247-step:55-v:334.0)-(t:0.251-step:56-v:333.0)-(t:0.255-step:57-v:332.0)-(t:0.256-step:58-v:330.0)-(t:0.259-step:59-v:329.0)-(t:0.260-step:60-v:328.0)-(t:0.261-step:61-v:327.0)-(t:0.262-step:62-v:326.0)-(t:0.265-step:63-v:325.0)-(t:0.271-step:64-v:323.0)-(t:0.275-step:65-v:319.0)-(t:0.276-step:66-v:318.0)-(t:0.277-step:67-v:317.0)-(t:0.277-step:68-v:316.0)-(t:0.280-step:69-v:314.0)-(t:0.282-step:70-v:313.0)-(t:0.284-step:71-v:312.0)-(t:0.285-step:72-v:311.0)-(t:0.287-step:73-v:307.0)-(t:0.292-step:74-v:306.0)-(t:0.294-step:75-v:304.0)-(t:0.296-step:76-v:302.0)-(t:0.297-step:77-v:300.0)-(t:0.298-step:78-v:299.0)-(t:0.308-step:79-v:298.0)-(t:0.314-step:80-v:297.0)-(t:0.314-step:81-v:296.0)-(t:0.315-step:82-v:295.0)-(t:0.317-step:83-v:293.0)-(t:0.318-step:84-v:290.0)-(t:0.319-step:85-v:289.0)-(t:0.337-step:86-v:288.0)-(t:0.341-step:87-v:287.0)-(t:0.343-step:88-v:286.0)-(t:0.345-step:89-v:283.0)-(t:0.345-step:90-v:280.0)-(t:0.346-step:91-v:278.0)-(t:0.348-step:92-v:277.0)-(t:0.349-step:93-v:275.0)-(t:0.349-step:94-v:272.0)-(t:0.350-step:95-v:270.0)-(t:0.356-step:96-v:269.0)-(t:0.362-step:97-v:268.0)-(t:0.362-step:98-v:267.0)-(t:0.363-step:99-v:266.0)-(t:0.363-step:100-v:265.0)-(t:0.364-step:101-v:261.0)-(t:0.366-step:102-v:260.0)-(t:0.367-step:103-v:259.0)-(t:0.367-step:104-v:256.0)-(t:0.368-step:105-v:255.0)-(t:0.369-step:106-v:254.0)-(t:0.370-step:107-v:253.0)-(t:0.371-step:108-v:252.0)-(t:0.372-step:109-v:251.0)-(t:0.372-step:110-v:250.0)-(t:0.374-step:111-v:249.0)-(t:0.376-step:112-v:244.0)-(t:0.376-step:113-v:241.0)-(t:0.377-step:114-v:240.0)-(t:0.379-step:115-v:238.0)-(t:0.379-step:116-v:237.0)-(t:0.380-step:117-v:236.0)-(t:0.382-step:118-v:235.0)-(t:0.392-step:119-v:234.0)-(t:0.393-step:120-v:230.0)-(t:0.394-step:121-v:227.0)-(t:0.394-step:122-v:226.0)-(t:0.395-step:123-v:225.0)-(t:0.396-step:124-v:223.0)-(t:0.397-step:125-v:222.0)-(t:0.397-step:126-v:220.0)-(t:0.402-step:127-v:219.0)-(t:0.405-step:128-v:216.0)-(t:0.405-step:129-v:214.0)-(t:0.406-step:130-v:213.0)-(t:0.406-step:131-v:212.0)-(t:0.407-step:132-v:211.0)-(t:0.407-step:133-v:210.0)-(t:0.408-step:134-v:209.0)-(t:0.410-step:135-v:208.0)-(t:0.414-step:136-v:206.0)-(t:0.415-step:137-v:205.0)-(t:0.415-step:138-v:204.0)-(t:0.416-step:139-v:203.0)-(t:0.421-step:140-v:201.0)-(t:0.422-step:141-v:198.0)-(t:0.422-step:142-v:197.0)-(t:0.433-step:143-v:196.0)-(t:0.435-step:144-v:195.0)-(t:0.435-step:145-v:191.0)-(t:0.436-step:146-v:188.0)-(t:0.437-step:147-v:187.0)-(t:0.437-step:148-v:186.0)-(t:0.438-step:149-v:185.0)-(t:0.439-step:150-v:184.0)-(t:0.440-step:151-v:183.0)-(t:0.446-step:152-v:182.0)-(t:0.447-step:153-v:181.0)-(t:0.452-step:154-v:180.0)-(t:0.453-step:155-v:179.0)-(t:0.453-step:156-v:177.0)-(t:0.453-step:157-v:176.0)-(t:0.457-step:158-v:175.0)-(t:0.457-step:159-v:174.0)-(t:0.458-step:160-v:172.0)-(t:0.459-step:161-v:171.0)-(t:0.460-step:162-v:170.0)-(t:0.460-step:163-v:168.0)-(t:0.461-step:164-v:166.0)-(t:0.462-step:165-v:165.0)-(t:0.462-step:166-v:164.0)-(t:0.467-step:167-v:163.0)-(t:0.471-step:168-v:160.0)-(t:0.472-step:169-v:159.0)-(t:0.472-step:170-v:158.0)-(t:0.473-step:171-v:156.0)-(t:0.474-step:172-v:155.0)-(t:0.475-step:173-v:154.0)-(t:0.479-step:174-v:153.0)-(t:0.483-step:175-v:152.0)-(t:0.484-step:176-v:151.0)-(t:0.484-step:177-v:149.0)-(t:0.485-step:178-v:147.0)-(t:0.486-step:179-v:146.0)-(t:0.487-step:180-v:145.0)-(t:0.491-step:181-v:144.0)-(t:0.492-step:182-v:142.0)-(t:0.493-step:183-v:141.0)-(t:0.493-step:184-v:140.0)-(t:0.494-step:185-v:139.0)-(t:0.494-step:186-v:138.0)-(t:0.494-step:187-v:137.0)-(t:0.498-step:188-v:135.0)-(t:0.499-step:189-v:134.0)-(t:0.501-step:190-v:133.0)-(t:0.516-step:191-v:132.0)-(t:0.525-step:192-v:131.0)-(t:0.527-step:193-v:129.0)-(t:0.527-step:194-v:127.0)-(t:0.532-step:195-v:126.0)-(t:0.532-step:196-v:125.0)-(t:0.536-step:197-v:124.0)-(t:0.537-step:198-v:123.0)-(t:0.546-step:199-v:122.0)-(t:0.547-step:200-v:121.0)-(t:0.547-step:201-v:120.0)-(t:0.548-step:202-v:117.0)-(t:0.549-step:203-v:116.0)-(t:0.549-step:204-v:115.0)-(t:0.550-step:205-v:114.0)-(t:0.551-step:206-v:113.0)-(t:0.568-step:207-v:112.0)-(t:0.574-step:208-v:111.0)-(t:0.575-step:209-v:109.0)-(t:0.577-step:210-v:107.0)-(t:0.578-step:211-v:106.0)-(t:0.586-step:212-v:105.0)-(t:0.587-step:213-v:104.0)-(t:0.587-step:214-v:103.0)-(t:0.672-step:215-v:102.0)-(t:0.674-step:216-v:101.0)-(t:0.678-step:217-v:99.0)-(t:0.679-step:218-v:97.0)-(t:0.684-step:219-v:95.0)-(t:0.686-step:220-v:94.0)-(t:0.687-step:221-v:93.0)-(t:0.692-step:222-v:92.0)-(t:0.745-step:223-v:91.0)-(t:0.751-step:224-v:90.0)-(t:0.759-step:225-v:87.0)-(t:0.764-step:226-v:86.0)-(t:0.768-step:227-v:85.0)-(t:0.769-step:228-v:84.0)-(t:0.772-step:229-v:83.0)-(t:0.837-step:230-v:82.0)-(t:0.847-step:231-v:81.0)-(t:0.852-step:232-v:80.0)-(t:0.862-step:233-v:79.0)-(t:0.864-step:234-v:78.0)-(t:0.876-step:235-v:77.0)-(t:0.917-step:236-v:76.0)-(t:0.922-step:237-v:75.0)-(t:0.922-step:238-v:74.0)-(t:0.928-step:239-v:73.0)-(t:0.932-step:240-v:72.0)-(t:0.937-step:241-v:71.0)-(t:1.154-step:242-v:70.0)-(t:1.157-step:243-v:69.0)-(t:1.158-step:244-v:68.0)-(t:1.159-step:245-v:67.0)-(t:1.161-step:246-v:66.0)-(t:1.162-step:247-v:65.0)-(t:1.164-step:248-v:64.0)-(t:1.324-step:249-v:63.0)-(t:1.333-step:250-v:62.0)-(t:1.335-step:251-v:61.0)-(t:1.336-step:252-v:60.0)-(t:1.338-step:253-v:59.0)-(t:1.348-step:254-v:58.0)-(t:1.351-step:255-v:57.0)-(t:1.358-step:256-v:56.0)-(t:1.447-step:257-v:55.0)-(t:1.457-step:258-v:54.0)-(t:1.469-step:259-v:53.0)-(t:1.473-step:260-v:52.0)-(t:1.481-step:261-v:51.0)-(t:1.511-step:262-v:50.0)-(t:1.536-step:263-v:49.0)-(t:1.556-step:264-v:48.0)-(t:1.698-step:265-v:47.0)-(t:1.707-step:266-v:46.0)-(t:1.715-step:267-v:45.0)-(t:1.944-step:268-v:44.0)-(t:1.969-step:269-v:43.0)-(t:2.004-step:270-v:42.0)-(t:2.238-step:271-v:41.0)-(t:2.258-step:272-v:40.0)-(t:2.632-step:273-v:39.0)-(t:2.710-step:274-v:38.0)-(t:3.049-step:275-v:37.0)-(t:3.095-step:276-v:36.0)-(t:3.368-step:277-v:35.0)-(t:3.431-step:278-v:34.0)-(t:4.180-step:303-v:33.0)-(t:4.697-step:321-v:32.0)-(t:6.581-step:440-v:31.0)-(t:6.658-step:441-v:30.0)-(t:6.869-step:442-v:29.0)-(t:7.382-step:453-v:28.0)-(t:7.403-step:454-v:27.0)-(t:7.925-step:467-v:26.0)-(t:8.715-step:486-v:25.0)],5400.0
roundrobin,examples/csp/csp_100/16-81.txt,r1,5400,2,3.0,[(t:0.000-step:1-v:145.0)-(t:0.013-step:2-v:142.0)-(t:0.048-step:3-v:140.0)-(t:0.050-step:4-v:137.0)-(t:0.053-step:5-v:136.0)-(t:0.056-step:6-v:129.0)-(t:0.077-step:7-v:128.0)-(t:0.084-step:8-v:127.0)-(t:0.089-step:9-v:125.0)-(t:0.092-step:10-v:123.0)-(t:0.096-step:11-v:122.0)-(t:0.107-step:12-v:121.0)-(t:0.108-step:13-v:119.0)-(t:0.108-step:14-v:118.0)-(t:0.109-step:15-v:117.0)-(t:0.110-step:16-v:116.0)-(t:0.114-step:17-v:113.0)-(t:0.116-step:18-v:111.0)-(t:0.117-step:19-v:110.0)-(t:0.117-step:20-v:108.0)-(t:0.118-step:21-v:107.0)-(t:0.118-step:22-v:106.0)-(t:0.122-step:23-v:103.0)-(t:0.125-step:24-v:102.0)-(t:0.127-step:25-v:100.0)-(t:0.128-step:26-v:99.0)-(t:0.129-step:27-v:98.0)-(t:0.130-step:28-v:97.0)-(t:0.130-step:29-v:95.0)-(t:0.133-step:30-v:92.0)-(t:0.134-step:31-v:91.0)-(t:0.135-step:32-v:90.0)-(t:0.136-step:33-v:89.0)-(t:0.136-step:34-v:88.0)-(t:0.145-step:35-v:86.0)-(t:0.147-step:36-v:82.0)-(t:0.150-step:37-v:81.0)-(t:0.151-step:38-v:79.0)-(t:0.154-step:39-v:78.0)-(t:0.155-step:40-v:77.0)-(t:0.159-step:41-v:75.0)-(t:0.160-step:42-v:74.0)-(t:0.162-step:43-v:73.0)-(t:0.164-step:44-v:71.0)-(t:0.164-step:45-v:69.0)-(t:0.171-step:46-v:68.0)-(t:0.173-step:47-v:67.0)-(t:0.173-step:48-v:66.0)-(t:0.174-step:49-v:65.0)-(t:0.178-step:50-v:64.0)-(t:0.179-step:51-v:62.0)-(t:0.183-step:52-v:61.0)-(t:0.187-step:53-v:59.0)-(t:0.188-step:54-v:57.0)-(t:0.194-step:55-v:56.0)-(t:0.198-step:56-v:55.0)-(t:0.199-step:57-v:54.0)-(t:0.203-step:58-v:53.0)-(t:0.204-step:59-v:52.0)-(t:0.211-step:60-v:51.0)-(t:0.212-step:61-v:50.0)-(t:0.217-step:62-v:49.0)-(t:0.234-step:63-v:48.0)-(t:0.246-step:64-v:47.0)-(t:0.247-step:65-v:46.0)-(t:0.249-step:66-v:45.0)-(t:0.250-step:67-v:43.0)-(t:0.260-step:68-v:42.0)-(t:0.261-step:69-v:41.0)-(t:0.261-step:70-v:40.0)-(t:0.270-step:71-v:39.0)-(t:0.281-step:72-v:37.0)-(t:0.283-step:73-v:36.0)-(t:0.287-step:74-v:35.0)-(t:0.288-step:75-v:34.0)-(t:0.309-step:76-v:33.0)-(t:0.310-step:77-v:32.0)-(t:0.311-step:78-v:31.0)-(t:0.382-step:79-v:30.0)-(t:0.385-step:80-v:29.0)-(t:0.395-step:81-v:28.0)-(t:0.404-step:82-v:27.0)-(t:0.405-step:83-v:26.0)-(t:0.413-step:84-v:25.0)-(t:0.430-step:85-v:24.0)-(t:0.469-step:86-v:23.0)-(t:0.471-step:87-v:22.0)-(t:0.472-step:88-v:21.0)-(t:0.482-step:89-v:20.0)-(t:0.529-step:90-v:19.0)-(t:0.544-step:91-v:18.0)-(t:0.549-step:92-v:17.0)-(t:0.551-step:93-v:16.0)-(t:0.598-step:94-v:15.0)-(t:0.610-step:95-v:14.0)-(t:0.615-step:96-v:13.0)-(t:0.865-step:107-v:12.0)-(t:0.888-step:108-v:11.0)-(t:0.908-step:109-v:10.0)-(t:0.924-step:110-v:9.0)-(t:1.292-step:191-v:8.0)-(t:1.604-step:212-v:7.0)-(t:1.609-step:213-v:6.0)-(t:2.133-step:324-v:5.0)-(t:2.134-step:325-v:4.0)-(t:2.162-step:326-v:3.0)],5400.0
roundrobin,examples/csp/csp_100/21-90.txt,r1,5400,2,2.0,[(t:0.000-step:1-v:127.0)-(t:0.008-step:2-v:120.0)-(t:0.036-step:3-v:119.0)-(t:0.036-step:4-v:116.0)-(t:0.043-step:5-v:115.0)-(t:0.044-step:6-v:113.0)-(t:0.062-step:7-v:112.0)-(t:0.066-step:8-v:111.0)-(t:0.067-step:9-v:110.0)-(t:0.068-step:10-v:108.0)-(t:0.069-step:11-v:106.0)-(t:0.078-step:12-v:105.0)-(t:0.078-step:13-v:103.0)-(t:0.079-step:14-v:102.0)-(t:0.083-step:15-v:101.0)-(t:0.083-step:16-v:98.0)-(t:0.084-step:17-v:97.0)-(t:0.084-step:18-v:93.0)-(t:0.093-step:19-v:92.0)-(t:0.096-step:20-v:91.0)-(t:0.096-step:21-v:87.0)-(t:0.101-step:22-v:86.0)-(t:0.104-step:23-v:85.0)-(t:0.108-step:24-v:80.0)-(t:0.109-step:25-v:79.0)-(t:0.109-step:26-v:78.0)-(t:0.110-step:27-v:77.0)-(t:0.111-step:28-v:76.0)-(t:0.111-step:29-v:75.0)-(t:0.112-step:30-v:74.0)-(t:0.118-step:31-v:73.0)-(t:0.120-step:32-v:72.0)-(t:0.121-step:33-v:71.0)-(t:0.121-step:34-v:70.0)-(t:0.122-step:35-v:69.0)-(t:0.122-step:36-v:68.0)-(t:0.123-step:37-v:65.0)-(t:0.124-step:38-v:64.0)-(t:0.134-step:39-v:63.0)-(t:0.139-step:40-v:62.0)-(t:0.140-step:41-v:61.0)-(t:0.140-step:42-v:58.0)-(t:0.141-step:43-v:57.0)-(t:0.145-step:44-v:56.0)-(t:0.150-step:45-v:54.0)-(t:0.151-step:46-v:53.0)-(t:0.152-step:47-v:52.0)-(t:0.158-step:48-v:50.0)-(t:0.163-step:49-v:48.0)-(t:0.164-step:50-v:47.0)-(t:0.165-step:51-v:45.0)-(t:0.171-step:52-v:44.0)-(t:0.173-step:53-v:43.0)-(t:0.174-step:54-v:42.0)-(t:0.177-step:55-v:41.0)-(t:0.184-step:56-v:40.0)-(t:0.184-step:57-v:39.0)-(t:0.199-step:58-v:38.0)-(t:0.200-step:59-v:37.0)-(t:0.206-step:60-v:36.0)-(t:0.208-step:61-v:35.0)-(t:0.209-step:62-v:34.0)-(t:0.213-step:63-v:33.0)-(t:0.221-step:64-v:32.0)-(t:0.232-step:65-v:31.0)-(t:0.263-step:66-v:30.0)-(t:0.264-step:67-v:29.0)-(t:0.265-step:68-v:28.0)-(t:0.277-step:69-v:27.0)-(t:0.280-step:70-v:26.0)-(t:0.341-step:71-v:25.0)-(t:0.351-step:72-v:24.0)-(t:0.355-step:73-v:23.0)-(t:0.371-step:74-v:22.0)-(t:0.386-step:75-v:20.0)-(t:0.404-step:76-v:19.0)-(t:0.409-step:77-v:18.0)-(t:0.417-step:78-v:17.0)-(t:0.427-step:79-v:16.0)-(t:0.465-step:80-v:15.0)-(t:0.472-step:81-v:14.0)-(t:0.485-step:82-v:13.0)-(t:0.494-step:83-v:12.0)-(t:0.530-step:84-v:11.0)-(t:0.573-step:85-v:10.0)-(t:0.629-step:86-v:9.0)-(t:0.769-step:114-v:8.0)-(t:0.770-step:115-v:7.0)-(t:0.774-step:116-v:6.0)-(t:0.905-step:133-v:5.0)-(t:1.126-step:173-v:4.0)-(t:1.287-step:210-v:3.0)-(t:2.123-step:384-v:2.0)],1.263
roundrobin,examples/csp/csp_100/36-92.txt,r1,5400,2,5.0,[(t:0.000-step:1-v:112.0)-(t:0.010-step:2-v:111.0)-(t:0.063-step:3-v:110.0)-(t:0.065-step:4-v:104.0)-(t:0.071-step:5-v:102.0)-(t:0.074-step:6-v:101.0)-(t:0.113-step:7-v:100.0)-(t:0.120-step:8-v:98.0)-(t:0.122-step:9-v:97.0)-(t:0.123-step:10-v:94.0)-(t:0.124-step:11-v:93.0)-(t:0.124-step:12-v:92.0)-(t:0.127-step:13-v:90.0)-(t:0.128-step:14-v:88.0)-(t:0.131-step:15-v:86.0)-(t:0.135-step:16-v:85.0)-(t:0.136-step:17-v:80.0)-(t:0.143-step:18-v:79.0)-(t:0.144-step:19-v:78.0)-(t:0.144-step:20-v:77.0)-(t:0.145-step:21-v:76.0)-(t:0.145-step:22-v:75.0)-(t:0.151-step:23-v:73.0)-(t:0.152-step:24-v:72.0)-(t:0.152-step:25-v:71.0)-(t:0.153-step:26-v:69.0)-(t:0.153-step:27-v:68.0)-(t:0.153-step:28-v:67.0)-(t:0.160-step:29-v:66.0)-(t:0.161-step:30-v:65.0)-(t:0.165-step:31-v:64.0)-(t:0.166-step:32-v:63.0)-(t:0.167-step:33-v:62.0)-(t:0.169-step:34-v:60.0)-(t:0.169-step:35-v:58.0)-(t:0.174-step:36-v:57.0)-(t:0.174-step:37-v:56.0)-(t:0.177-step:38-v:55.0)-(t:0.178-step:39-v:54.0)-(t:0.183-step:40-v:53.0)-(t:0.188-step:41-v:51.0)-(t:0.188-step:42-v:50.0)-(t:0.189-step:43-v:48.0)-(t:0.191-step:44-v:47.0)-(t:0.195-step:45-v:46.0)-(t:0.197-step:46-v:45.0)-(t:0.209-step:47-v:44.0)-(t:0.210-step:48-v:43.0)-(t:0.211-step:49-v:42.0)-(t:0.212-step:50-v:41.0)-(t:0.212-step:51-v:40.0)-(t:0.216-step:52-v:39.0)-(t:0.220-step:53-v:38.0)-(t:0.220-step:54-v:37.0)-(t:0.239-step:55-v:36.0)-(t:0.242-step:56-v:35.0)-(t:0.255-step:57-v:34.0)-(t:0.281-step:58-v:33.0)-(t:0.289-step:59-v:32.0)-(t:0.328-step:60-v:31.0)-(t:0.331-step:61-v:30.0)-(t:0.335-step:62-v:29.0)-(t:0.336-step:63-v:28.0)-(t:0.409-step:64-v:27.0)-(t:0.415-step:65-v:26.0)-(t:0.423-step:66-v:25.0)-(t:0.435-step:67-v:24.0)-(t:0.440-step:68-v:23.0)-(t:0.458-step:69-v:22.0)-(t:0.459-step:70-v:21.0)-(t:0.464-step:71-v:20.0)-(t:0.511-step:72-v:19.0)-(t:0.516-step:73-v:18.0)-(t:0.525-step:74-v:17.0)-(t:0.529-step:75-v:16.0)-(t:0.531-step:76-v:15.0)-(t:0.533-step:77-v:14.0)-(t:0.533-step:78-v:13.0)-(t:0.585-step:79-v:12.0)-(t:0.595-step:80-v:11.0)-(t:0.600-step:81-v:10.0)-(t:0.618-step:82-v:9.0)-(t:0.679-step:83-v:8.0)-(t:0.979-step:122-v:7.0)-(t:1.072-step:128-v:6.0)-(t:1.308-step:165-v:5.0)],3240.286
roundrobin,examples/csp/csp_100/4-72.txt,r1,5400,2,1.0,[(t:0.001-step:1-v:110.0)-(t:0.015-step:2-v:105.0)-(t:0.041-step:3-v:104.0)-(t:0.041-step:4-v:102.0)-(t:0.042-step:5-v:98.0)-(t:0.044-step:6-v:97.0)-(t:0.092-step:7-v:96.0)-(t:0.100-step:8-v:92.0)-(t:0.104-step:9-v:83.0)-(t:0.107-step:10-v:80.0)-(t:0.109-step:11-v:78.0)-(t:0.114-step:12-v:77.0)-(t:0.115-step:13-v:76.0)-(t:0.115-step:14-v:74.0)-(t:0.123-step:15-v:73.0)-(t:0.130-step:16-v:72.0)-(t:0.131-step:17-v:71.0)-(t:0.136-step:18-v:70.0)-(t:0.136-step:19-v:69.0)-(t:0.137-step:20-v:68.0)-(t:0.138-step:21-v:67.0)-(t:0.138-step:22-v:65.0)-(t:0.143-step:23-v:64.0)-(t:0.143-step:24-v:63.0)-(t:0.146-step:25-v:60.0)-(t:0.146-step:26-v:59.0)-(t:0.147-step:27-v:58.0)-(t:0.156-step:28-v:56.0)-(t:0.157-step:29-v:54.0)-(t:0.157-step:30-v:53.0)-(t:0.161-step:31-v:52.0)-(t:0.165-step:32-v:51.0)-(t:0.169-step:33-v:50.0)-(t:0.169-step:34-v:49.0)-(t:0.170-step:35-v:48.0)-(t:0.181-step:36-v:46.0)-(t:0.185-step:37-v:45.0)-(t:0.188-step:38-v:43.0)-(t:0.193-step:39-v:42.0)-(t:0.194-step:40-v:40.0)-(t:0.195-step:41-v:39.0)-(t:0.204-step:42-v:38.0)-(t:0.206-step:43-v:37.0)-(t:0.207-step:44-v:36.0)-(t:0.211-step:45-v:34.0)-(t:0.219-step:46-v:33.0)-(t:0.220-step:47-v:32.0)-(t:0.228-step:48-v:30.0)-(t:0.229-step:49-v:29.0)-(t:0.234-step:50-v:28.0)-(t:0.235-step:51-v:27.0)-(t:0.240-step:52-v:26.0)-(t:0.301-step:53-v:25.0)-(t:0.309-step:54-v:24.0)-(t:0.314-step:55-v:23.0)-(t:0.320-step:56-v:22.0)-(t:0.322-step:57-v:21.0)-(t:0.327-step:58-v:19.0)-(t:0.370-step:59-v:18.0)-(t:0.378-step:60-v:16.0)-(t:0.397-step:61-v:15.0)-(t:0.417-step:62-v:14.0)-(t:0.422-step:63-v:13.0)-(t:0.454-step:64-v:12.0)-(t:0.473-step:65-v:11.0)-(t:0.491-step:66-v:10.0)-(t:0.497-step:67-v:9.0)-(t:0.574-step:68-v:8.0)-(t:0.599-step:69-v:7.0)-(t:0.613-step:70-v:6.0)-(t:0.908-step:94-v:5.0)-(t:1.129-step:139-v:4.0)-(t:1.250-step:158-v:3.0)-(t:1.296-step:166-v:2.0)-(t:1.358-step:170-v:1.0)],5400.0
roundrobin,examples/csp/csp_100/carseq_100_8_20_90.txt,r1,5400,2,0.0,[(t:0.001-step:1-v:112.0)-(t:0.010-step:2-v:111.0)-(t:0.037-step:3-v:110.0)-(t:0.042-step:4-v:108.0)-(t:0.044-step:5-v:107.0)-(t:0.046-step:6-v:106.0)-(t:0.065-step:7-v:105.0)-(t:0.072-step:8-v:104.0)-(t:0.080-step:9-v:103.0)-(t:0.083-step:10-v:101.0)-(t:0.085-step:11-v:100.0)-(t:0.090-step:12-v:99.0)-(t:0.090-step:13-v:98.0)-(t:0.091-step:14-v:97.0)-(t:0.096-step:15-v:95.0)-(t:0.098-step:16-v:91.0)-(t:0.098-step:17-v:87.0)-(t:0.099-step:18-v:86.0)-(t:0.111-step:19-v:85.0)-(t:0.112-step:20-v:84.0)-(t:0.112-step:21-v:83.0)-(t:0.112-step:22-v:82.0)-(t:0.113-step:23-v:80.0)-(t:0.114-step:24-v:78.0)-(t:0.115-step:25-v:76.0)-(t:0.116-step:26-v:75.0)-(t:0.116-step:27-v:73.0)-(t:0.118-step:28-v:71.0)-(t:0.119-step:29-v:70.0)-(t:0.126-step:30-v:69.0)-(t:0.127-step:31-v:68.0)-(t:0.128-step:32-v:66.0)-(t:0.129-step:33-v:64.0)-(t:0.129-step:34-v:63.0)-(t:0.130-step:35-v:62.0)-(t:0.136-step:36-v:61.0)-(t:0.137-step:37-v:60.0)-(t:0.137-step:38-v:59.0)-(t:0.142-step:39-v:58.0)-(t:0.143-step:40-v:57.0)-(t:0.144-step:41-v:55.0)-(t:0.145-step:42-v:54.0)-(t:0.145-step:43-v:53.0)-(t:0.146-step:44-v:52.0)-(t:0.147-step:45-v:51.0)-(t:0.147-step:46-v:50.0)-(t:0.150-step:47-v:49.0)-(t:0.152-step:48-v:48.0)-(t:0.153-step:49-v:46.0)-(t:0.154-step:50-v:45.0)-(t:0.155-step:51-v:44.0)-(t:0.155-step:52-v:43.0)-(t:0.156-step:53-v:42.0)-(t:0.158-step:54-v:41.0)-(t:0.159-step:55-v:39.0)-(t:0.160-step:56-v:38.0)-(t:0.162-step:57-v:37.0)-(t:0.168-step:58-v:36.0)-(t:0.169-step:59-v:35.0)-(t:0.172-step:60-v:34.0)-(t:0.178-step:61-v:33.0)-(t:0.180-step:62-v:32.0)-(t:0.182-step:63-v:31.0)-(t:0.183-step:64-v:30.0)-(t:0.183-step:65-v:29.0)-(t:0.185-step:66-v:28.0)-(t:0.185-step:67-v:27.0)-(t:0.189-step:68-v:26.0)-(t:0.198-step:69-v:25.0)-(t:0.203-step:70-v:24.0)-(t:0.205-step:71-v:23.0)-(t:0.205-step:72-v:22.0)-(t:0.214-step:73-v:21.0)-(t:0.214-step:74-v:20.0)-(t:0.237-step:75-v:19.0)-(t:0.239-step:76-v:18.0)-(t:0.248-step:77-v:17.0)-(t:0.251-step:78-v:16.0)-(t:0.259-step:79-v:15.0)-(t:0.260-step:80-v:14.0)-(t:0.261-step:81-v:13.0)-(t:0.268-step:82-v:12.0)-(t:0.271-step:83-v:11.0)-(t:0.291-step:84-v:10.0)-(t:0.294-step:85-v:9.0)-(t:0.329-step:86-v:8.0)-(t:0.343-step:87-v:7.0)-(t:0.388-step:88-v:5.0)-(t:0.419-step:89-v:4.0)-(t:0.461-step:90-v:3.0)-(t:0.673-step:103-v:2.0)-(t:0.691-step:104-v:1.0)-(t:0.927-step:117-v:0.0)],0.927
roundrobin,examples/csp/csp_100/carseq_100_8_20_94.txt,r1,5400,2,0.0,[(t:0.002-step:1-v:124.0)-(t:0.014-step:2-v:123.0)-(t:0.045-step:3-v:121.0)-(t:0.046-step:4-v:119.0)-(t:0.047-step:5-v:118.0)-(t:0.047-step:6-v:115.0)-(t:0.071-step:7-v:114.0)-(t:0.077-step:8-v:113.0)-(t:0.082-step:9-v:111.0)-(t:0.085-step:10-v:106.0)-(t:0.086-step:11-v:104.0)-(t:0.086-step:12-v:99.0)-(t:0.086-step:13-v:98.0)-(t:0.087-step:14-v:97.0)-(t:0.131-step:15-v:96.0)-(t:0.140-step:16-v:95.0)-(t:0.141-step:17-v:91.0)-(t:0.142-step:18-v:90.0)-(t:0.145-step:19-v:89.0)-(t:0.162-step:20-v:88.0)-(t:0.162-step:21-v:87.0)-(t:0.163-step:22-v:85.0)-(t:0.182-step:23-v:84.0)-(t:0.190-step:24-v:82.0)-(t:0.190-step:25-v:80.0)-(t:0.192-step:26-v:79.0)-(t:0.192-step:27-v:77.0)-(t:0.201-step:28-v:75.0)-(t:0.201-step:29-v:73.0)-(t:0.202-step:30-v:72.0)-(t:0.204-step:31-v:71.0)-(t:0.208-step:32-v:70.0)-(t:0.212-step:33-v:69.0)-(t:0.213-step:34-v:67.0)-(t:0.214-step:35-v:64.0)-(t:0.221-step:36-v:63.0)-(t:0.222-step:37-v:62.0)-(t:0.226-step:38-v:60.0)-(t:0.231-step:39-v:59.0)-(t:0.232-step:40-v:57.0)-(t:0.245-step:41-v:56.0)-(t:0.245-step:42-v:55.0)-(t:0.255-step:43-v:53.0)-(t:0.256-step:44-v:51.0)-(t:0.260-step:45-v:49.0)-(t:0.264-step:46-v:47.0)-(t:0.280-step:47-v:46.0)-(t:0.283-step:48-v:45.0)-(t:0.289-step:49-v:44.0)-(t:0.289-step:50-v:43.0)-(t:0.303-step:51-v:42.0)-(t:0.304-step:52-v:41.0)-(t:0.304-step:53-v:40.0)-(t:0.309-step:54-v:39.0)-(t:0.313-step:55-v:38.0)-(t:0.319-step:56-v:37.0)-(t:0.324-step:57-v:36.0)-(t:0.325-step:58-v:35.0)-(t:0.330-step:59-v:34.0)-(t:0.339-step:60-v:32.0)-(t:0.340-step:61-v:30.0)-(t:0.350-step:62-v:29.0)-(t:0.363-step:63-v:28.0)-(t:0.366-step:64-v:26.0)-(t:0.367-step:65-v:25.0)-(t:0.368-step:66-v:24.0)-(t:0.372-step:67-v:22.0)-(t:0.434-step:68-v:21.0)-(t:0.435-step:69-v:20.0)-(t:0.483-step:70-v:19.0)-(t:0.498-step:71-v:18.0)-(t:0.501-step:72-v:17.0)-(t:0.503-step:73-v:16.0)-(t:0.516-step:74-v:15.0)-(t:0.516-step:75-v:14.0)-(t:0.525-step:76-v:13.0)-(t:0.528-step:77-v:12.0)-(t:0.533-step:78-v:11.0)-(t:0.539-step:79-v:10.0)-(t:0.540-step:80-v:9.0)-(t:0.571-step:81-v:8.0)-(t:0.582-step:82-v:7.0)-(t:0.640-step:83-v:6.0)-(t:0.681-step:84-v:5.0)-(t:0.788-step:104-v:4.0)-(t:0.803-step:105-v:3.0)-(t:0.965-step:117-v:2.0)-(t:0.993-step:118-v:1.0)-(t:1.913-step:182-v:0.0)],1.913
roundrobin,examples/csp/csp_100/6-76.txt,r1,5400,2,6.0,[(t:0.000-step:1-v:117.0)-(t:0.008-step:2-v:111.0)-(t:0.028-step:3-v:109.0)-(t:0.029-step:4-v:105.0)-(t:0.030-step:5-v:104.0)-(t:0.034-step:6-v:101.0)-(t:0.050-step:7-v:100.0)-(t:0.056-step:8-v:95.0)-(t:0.058-step:9-v:94.0)-(t:0.059-step:10-v:91.0)-(t:0.060-step:11-v:90.0)-(t:0.060-step:12-v:88.0)-(t:0.061-step:13-v:87.0)-(t:0.061-step:14-v:86.0)-(t:0.064-step:15-v:85.0)-(t:0.065-step:16-v:84.0)-(t:0.066-step:17-v:81.0)-(t:0.067-step:18-v:80.0)-(t:0.068-step:19-v:79.0)-(t:0.069-step:20-v:78.0)-(t:0.070-step:21-v:77.0)-(t:0.070-step:22-v:76.0)-(t:0.071-step:23-v:74.0)-(t:0.071-step:24-v:73.0)-(t:0.072-step:25-v:70.0)-(t:0.073-step:26-v:69.0)-(t:0.074-step:27-v:68.0)-(t:0.074-step:28-v:63.0)-(t:0.075-step:29-v:62.0)-(t:0.075-step:30-v:61.0)-(t:0.076-step:31-v:60.0)-(t:0.080-step:32-v:59.0)-(t:0.086-step:33-v:55.0)-(t:0.090-step:34-v:54.0)-(t:0.091-step:35-v:53.0)-(t:0.092-step:36-v:52.0)-(t:0.092-step:37-v:51.0)-(t:0.093-step:38-v:50.0)-(t:0.094-step:39-v:48.0)-(t:0.094-step:40-v:46.0)-(t:0.095-step:41-v:45.0)-(t:0.095-step:42-v:44.0)-(t:0.099-step:43-v:43.0)-(t:0.105-step:44-v:42.0)-(t:0.105-step:45-v:41.0)-(t:0.111-step:46-v:40.0)-(t:0.114-step:47-v:39.0)-(t:0.125-step:48-v:37.0)-(t:0.126-step:49-v:36.0)-(t:0.127-step:50-v:34.0)-(t:0.129-step:51-v:33.0)-(t:0.129-step:52-v:32.0)-(t:0.143-step:53-v:31.0)-(t:0.145-step:54-v:29.0)-(t:0.146-step:55-v:28.0)-(t:0.153-step:56-v:27.0)-(t:0.153-step:57-v:26.0)-(t:0.156-step:58-v:25.0)-(t:0.164-step:59-v:24.0)-(t:0.169-step:60-v:23.0)-(t:0.172-step:61-v:22.0)-(t:0.174-step:62-v:20.0)-(t:0.181-step:63-v:19.0)-(t:0.191-step:64-v:18.0)-(t:0.198-step:65-v:16.0)-(t:0.200-step:66-v:15.0)-(t:0.214-step:67-v:14.0)-(t:0.220-step:68-v:13.0)-(t:0.226-step:69-v:12.0)-(t:0.250-step:70-v:11.0)-(t:0.287-step:71-v:10.0)-(t:0.319-step:72-v:9.0)-(t:0.328-step:73-v:8.0)-(t:0.383-step:74-v:7.0)-(t:0.534-step:89-v:6.0)],0.265
roundrobin,examples/csp/csp_200/pb_200_07.txt,r1,5400,2,0.0,[(t:0.000-step:1-v:243.0)-(t:0.012-step:2-v:236.0)-(t:0.036-step:3-v:235.0)-(t:0.037-step:4-v:234.0)-(t:0.038-step:5-v:233.0)-(t:0.043-step:6-v:231.0)-(t:0.061-step:7-v:230.0)-(t:0.079-step:8-v:226.0)-(t:0.084-step:9-v:221.0)-(t:0.089-step:10-v:218.0)-(t:0.093-step:11-v:214.0)-(t:0.106-step:12-v:211.0)-(t:0.107-step:13-v:210.0)-(t:0.108-step:14-v:209.0)-(t:0.119-step:15-v:208.0)-(t:0.127-step:16-v:206.0)-(t:0.129-step:17-v:204.0)-(t:0.137-step:18-v:201.0)-(t:0.141-step:19-v:199.0)-(t:0.142-step:20-v:198.0)-(t:0.145-step:21-v:197.0)-(t:0.151-step:22-v:196.0)-(t:0.152-step:23-v:195.0)-(t:0.152-step:24-v:193.0)-(t:0.157-step:25-v:192.0)-(t:0.161-step:26-v:191.0)-(t:0.162-step:27-v:190.0)-(t:0.162-step:28-v:185.0)-(t:0.169-step:29-v:182.0)-(t:0.170-step:30-v:181.0)-(t:0.204-step:31-v:179.0)-(t:0.207-step:32-v:175.0)-(t:0.209-step:33-v:174.0)-(t:0.212-step:34-v:173.0)-(t:0.212-step:35-v:169.0)-(t:0.216-step:36-v:167.0)-(t:0.217-step:37-v:165.0)-(t:0.217-step:38-v:163.0)-(t:0.220-step:39-v:162.0)-(t:0.221-step:40-v:161.0)-(t:0.222-step:41-v:156.0)-(t:0.228-step:42-v:155.0)-(t:0.235-step:43-v:153.0)-(t:0.236-step:44-v:151.0)-(t:0.237-step:45-v:149.0)-(t:0.238-step:46-v:147.0)-(t:0.245-step:47-v:146.0)-(t:0.247-step:48-v:144.0)-(t:0.254-step:49-v:143.0)-(t:0.254-step:50-v:141.0)-(t:0.255-step:51-v:139.0)-(t:0.262-step:52-v:137.0)-(t:0.265-step:53-v:136.0)-(t:0.270-step:54-v:133.0)-(t:0.271-step:55-v:131.0)-(t:0.276-step:56-v:130.0)-(t:0.277-step:57-v:128.0)-(t:0.278-step:58-v:127.0)-(t:0.279-step:59-v:126.0)-(t:0.283-step:60-v:125.0)-(t:0.284-step:61-v:123.0)-(t:0.284-step:62-v:122.0)-(t:0.289-step:63-v:120.0)-(t:0.289-step:64-v:117.0)-(t:0.290-step:65-v:114.0)-(t:0.290-step:66-v:113.0)-(t:0.292-step:67-v:111.0)-(t:0.295-step:68-v:109.0)-(t:0.299-step:69-v:107.0)-(t:0.300-step:70-v:105.0)-(t:0.305-step:71-v:104.0)-(t:0.305-step:72-v:102.0)-(t:0.306-step:73-v:101.0)-(t:0.311-step:74-v:100.0)-(t:0.313-step:75-v:99.0)-(t:0.324-step:76-v:98.0)-(t:0.326-step:77-v:97.0)-(t:0.326-step:78-v:96.0)-(t:0.328-step:79-v:95.0)-(t:0.333-step:80-v:94.0)-(t:0.334-step:81-v:91.0)-(t:0.334-step:82-v:90.0)-(t:0.340-step:83-v:89.0)-(t:0.342-step:84-v:88.0)-(t:0.347-step:85-v:86.0)-(t:0.348-step:86-v:85.0)-(t:0.357-step:87-v:84.0)-(t:0.365-step:88-v:83.0)-(t:0.371-step:89-v:81.0)-(t:0.372-step:90-v:80.0)-(t:0.402-step:91-v:79.0)-(t:0.405-step:92-v:78.0)-(t:0.406-step:93-v:77.0)-(t:0.408-step:94-v:76.0)-(t:0.425-step:95-v:75.0)-(t:0.426-step:96-v:74.0)-(t:0.427-step:97-v:73.0)-(t:0.428-step:98-v:72.0)-(t:0.429-step:99-v:71.0)-(t:0.434-step:100-v:69.0)-(t:0.437-step:101-v:68.0)-(t:0.445-step:102-v:67.0)-(t:0.488-step:103-v:66.0)-(t:0.502-step:104-v:65.0)-(t:0.517-step:105-v:64.0)-(t:0.521-step:106-v:63.0)-(t:0.522-step:107-v:62.0)-(t:0.531-step:108-v:61.0)-(t:0.536-step:109-v:60.0)-(t:0.553-step:110-v:59.0)-(t:0.614-step:111-v:58.0)-(t:0.621-step:112-v:57.0)-(t:0.626-step:113-v:56.0)-(t:0.627-step:114-v:55.0)-(t:0.628-step:115-v:54.0)-(t:0.636-step:116-v:53.0)-(t:0.637-step:117-v:52.0)-(t:0.642-step:118-v:51.0)-(t:0.667-step:119-v:50.0)-(t:0.691-step:120-v:49.0)-(t:0.691-step:121-v:48.0)-(t:0.698-step:122-v:47.0)-(t:0.700-step:123-v:46.0)-(t:0.701-step:124-v:45.0)-(t:0.707-step:125-v:44.0)-(t:0.808-step:126-v:43.0)-(t:0.810-step:127-v:42.0)-(t:0.812-step:128-v:41.0)-(t:0.813-step:129-v:40.0)-(t:0.815-step:130-v:39.0)-(t:0.821-step:131-v:38.0)-(t:0.832-step:132-v:37.0)-(t:0.839-step:133-v:36.0)-(t:0.840-step:134-v:35.0)-(t:0.850-step:135-v:34.0)-(t:0.906-step:136-v:33.0)-(t:0.942-step:137-v:32.0)-(t:0.948-step:138-v:31.0)-(t:0.970-step:139-v:30.0)-(t:0.984-step:140-v:29.0)-(t:0.989-step:141-v:28.0)-(t:1.033-step:142-v:27.0)-(t:1.054-step:143-v:26.0)-(t:1.057-step:144-v:25.0)-(t:1.243-step:145-v:24.0)-(t:1.290-step:146-v:23.0)-(t:1.312-step:147-v:22.0)-(t:1.462-step:148-v:21.0)-(t:1.474-step:149-v:20.0)-(t:1.564-step:150-v:19.0)-(t:1.579-step:151-v:18.0)-(t:1.646-step:152-v:17.0)-(t:1.657-step:153-v:16.0)-(t:1.725-step:154-v:15.0)-(t:1.739-step:155-v:14.0)-(t:1.814-step:156-v:13.0)-(t:1.833-step:157-v:12.0)-(t:2.354-step:201-v:11.0)-(t:2.415-step:202-v:10.0)-(t:2.424-step:203-v:9.0)-(t:2.573-step:208-v:8.0)-(t:2.852-step:236-v:7.0)-(t:2.916-step:237-v:6.0)-(t:2.977-step:238-v:5.0)-(t:2.983-step:239-v:4.0)-(t:3.412-step:264-v:3.0)-(t:3.786-step:291-v:2.0)-(t:4.346-step:330-v:1.0)-(t:4.380-step:331-v:0.0)],4.38
roundrobin,examples/csp/csp_100/carseq_100_8_20_64.txt,r1,5400,2,1.0,[(t:0.000-step:1-v:105.0)-(t:0.009-step:2-v:102.0)-(t:0.028-step:3-v:100.0)-(t:0.029-step:4-v:95.0)-(t:0.030-step:5-v:94.0)-(t:0.031-step:6-v:93.0)-(t:0.043-step:7-v:92.0)-(t:0.047-step:8-v:91.0)-(t:0.048-step:9-v:88.0)-(t:0.049-step:10-v:87.0)-(t:0.050-step:11-v:84.0)-(t:0.050-step:12-v:82.0)-(t:0.051-step:13-v:81.0)-(t:0.051-step:14-v:79.0)-(t:0.056-step:15-v:78.0)-(t:0.060-step:16-v:76.0)-(t:0.061-step:17-v:75.0)-(t:0.061-step:18-v:74.0)-(t:0.062-step:19-v:73.0)-(t:0.074-step:20-v:72.0)-(t:0.074-step:21-v:71.0)-(t:0.075-step:22-v:70.0)-(t:0.078-step:23-v:69.0)-(t:0.079-step:24-v:68.0)-(t:0.080-step:25-v:67.0)-(t:0.080-step:26-v:65.0)-(t:0.081-step:27-v:63.0)-(t:0.083-step:28-v:60.0)-(t:0.084-step:29-v:59.0)-(t:0.085-step:30-v:58.0)-(t:0.086-step:31-v:57.0)-(t:0.089-step:32-v:56.0)-(t:0.090-step:33-v:53.0)-(t:0.090-step:34-v:52.0)-(t:0.091-step:35-v:51.0)-(t:0.098-step:36-v:50.0)-(t:0.098-step:37-v:49.0)-(t:0.099-step:38-v:48.0)-(t:0.102-step:39-v:47.0)-(t:0.103-step:40-v:45.0)-(t:0.113-step:41-v:44.0)-(t:0.116-step:42-v:43.0)-(t:0.119-step:43-v:41.0)-(t:0.124-step:44-v:40.0)-(t:0.127-step:45-v:39.0)-(t:0.128-step:46-v:37.0)-(t:0.163-step:47-v:36.0)-(t:0.166-step:48-v:35.0)-(t:0.167-step:49-v:34.0)-(t:0.168-step:50-v:33.0)-(t:0.168-step:51-v:32.0)-(t:0.212-step:52-v:31.0)-(t:0.213-step:53-v:30.0)-(t:0.223-step:54-v:29.0)-(t:0.228-step:55-v:28.0)-(t:0.230-step:56-v:27.0)-(t:0.231-step:57-v:26.0)-(t:0.232-step:58-v:24.0)-(t:0.236-step:59-v:23.0)-(t:0.244-step:60-v:22.0)-(t:0.269-step:61-v:21.0)-(t:0.299-step:62-v:20.0)-(t:0.300-step:63-v:19.0)-(t:0.328-step:64-v:18.0)-(t:0.329-step:65-v:17.0)-(t:0.332-step:66-v:16.0)-(t:0.368-step:67-v:14.0)-(t:0.385-step:68-v:13.0)-(t:0.410-step:69-v:12.0)-(t:0.481-step:70-v:11.0)-(t:0.500-step:71-v:10.0)-(t:0.515-step:72-v:9.0)-(t:0.542-step:73-v:8.0)-(t:0.616-step:78-v:7.0)-(t:0.637-step:79-v:6.0)-(t:0.776-step:103-v:5.0)-(t:1.094-step:167-v:4.0)-(t:1.317-step:191-v:3.0)-(t:1.328-step:192-v:2.0)-(t:1.853-step:298-v:1.0)],5400.0
roundrobin,examples/csp/csp_300/carseq_300_8_20_38.txt,r1,5400,2,0.0,[(t:0.000-step:1-v:381.0)-(t:0.007-step:2-v:373.0)-(t:0.024-step:3-v:372.0)-(t:0.034-step:4-v:367.0)-(t:0.038-step:5-v:365.0)-(t:0.039-step:6-v:361.0)-(t:0.052-step:7-v:360.0)-(t:0.056-step:8-v:359.0)-(t:0.063-step:9-v:357.0)-(t:0.064-step:10-v:350.0)-(t:0.065-step:11-v:347.0)-(t:0.066-step:12-v:346.0)-(t:0.068-step:13-v:344.0)-(t:0.069-step:14-v:342.0)-(t:0.079-step:15-v:341.0)-(t:0.085-step:16-v:340.0)-(t:0.089-step:17-v:336.0)-(t:0.091-step:18-v:335.0)-(t:0.092-step:19-v:334.0)-(t:0.095-step:20-v:333.0)-(t:0.100-step:21-v:332.0)-(t:0.104-step:22-v:331.0)-(t:0.106-step:23-v:329.0)-(t:0.108-step:24-v:325.0)-(t:0.112-step:25-v:321.0)-(t:0.117-step:26-v:320.0)-(t:0.118-step:27-v:319.0)-(t:0.118-step:28-v:316.0)-(t:0.119-step:29-v:314.0)-(t:0.120-step:30-v:312.0)-(t:0.125-step:31-v:311.0)-(t:0.132-step:32-v:307.0)-(t:0.136-step:33-v:306.0)-(t:0.137-step:34-v:303.0)-(t:0.141-step:35-v:302.0)-(t:0.142-step:36-v:298.0)-(t:0.147-step:37-v:297.0)-(t:0.148-step:38-v:296.0)-(t:0.149-step:39-v:295.0)-(t:0.151-step:40-v:293.0)-(t:0.152-step:41-v:287.0)-(t:0.155-step:42-v:286.0)-(t:0.161-step:43-v:283.0)-(t:0.161-step:44-v:282.0)-(t:0.163-step:45-v:281.0)-(t:0.167-step:46-v:280.0)-(t:0.171-step:47-v:278.0)-(t:0.203-step:48-v:275.0)-(t:0.206-step:49-v:272.0)-(t:0.208-step:50-v:271.0)-(t:0.209-step:51-v:267.0)-(t:0.209-step:52-v:266.0)-(t:0.210-step:53-v:263.0)-(t:0.214-step:54-v:262.0)-(t:0.215-step:55-v:261.0)-(t:0.217-step:56-v:258.0)-(t:0.221-step:57-v:257.0)-(t:0.221-step:58-v:256.0)-(t:0.222-step:59-v:253.0)-(t:0.226-step:60-v:252.0)-(t:0.228-step:61-v:251.0)-(t:0.228-step:62-v:250.0)-(t:0.234-step:63-v:249.0)-(t:0.242-step:64-v:248.0)-(t:0.243-step:65-v:243.0)-(t:0.244-step:66-v:242.0)-(t:0.245-step:67-v:240.0)-(t:0.249-step:68-v:239.0)-(t:0.251-step:69-v:238.0)-(t:0.256-step:70-v:237.0)-(t:0.262-step:71-v:236.0)-(t:0.266-step:72-v:233.0)-(t:0.267-step:73-v:230.0)-(t:0.268-step:74-v:229.0)-(t:0.273-step:75-v:228.0)-(t:0.273-step:76-v:226.0)-(t:0.275-step:77-v:224.0)-(t:0.286-step:78-v:223.0)-(t:0.290-step:79-v:222.0)-(t:0.293-step:80-v:221.0)-(t:0.295-step:81-v:216.0)-(t:0.296-step:82-v:214.0)-(t:0.298-step:83-v:213.0)-(t:0.303-step:84-v:212.0)-(t:0.304-step:85-v:211.0)-(t:0.308-step:86-v:210.0)-(t:0.311-step:87-v:208.0)-(t:0.314-step:88-v:206.0)-(t:0.314-step:89-v:205.0)-(t:0.322-step:90-v:204.0)-(t:0.323-step:91-v:203.0)-(t:0.323-step:92-v:202.0)-(t:0.326-step:93-v:201.0)-(t:0.327-step:94-v:200.0)-(t:0.332-step:95-v:199.0)-(t:0.333-step:96-v:197.0)-(t:0.333-step:97-v:196.0)-(t:0.334-step:98-v:195.0)-(t:0.334-step:99-v:194.0)-(t:0.335-step:100-v:192.0)-(t:0.335-step:101-v:190.0)-(t:0.336-step:102-v:189.0)-(t:0.338-step:103-v:188.0)-(t:0.341-step:104-v:187.0)-(t:0.343-step:105-v:185.0)-(t:0.344-step:106-v:183.0)-(t:0.344-step:107-v:182.0)-(t:0.345-step:108-v:180.0)-(t:0.345-step:109-v:179.0)-(t:0.345-step:110-v:177.0)-(t:0.346-step:111-v:176.0)-(t:0.348-step:112-v:175.0)-(t:0.349-step:113-v:173.0)-(t:0.349-step:114-v:172.0)-(t:0.350-step:115-v:171.0)-(t:0.350-step:116-v:169.0)-(t:0.351-step:117-v:168.0)-(t:0.352-step:118-v:167.0)-(t:0.354-step:119-v:166.0)-(t:0.356-step:120-v:164.0)-(t:0.357-step:121-v:162.0)-(t:0.358-step:122-v:158.0)-(t:0.360-step:123-v:157.0)-(t:0.361-step:124-v:155.0)-(t:0.363-step:125-v:153.0)-(t:0.363-step:126-v:152.0)-(t:0.366-step:127-v:150.0)-(t:0.375-step:128-v:148.0)-(t:0.376-step:129-v:147.0)-(t:0.377-step:130-v:145.0)-(t:0.378-step:131-v:144.0)-(t:0.378-step:132-v:143.0)-(t:0.379-step:133-v:142.0)-(t:0.380-step:134-v:141.0)-(t:0.383-step:135-v:140.0)-(t:0.386-step:136-v:139.0)-(t:0.388-step:137-v:138.0)-(t:0.388-step:138-v:137.0)-(t:0.390-step:139-v:136.0)-(t:0.390-step:140-v:133.0)-(t:0.391-step:141-v:131.0)-(t:0.392-step:142-v:130.0)-(t:0.394-step:143-v:129.0)-(t:0.394-step:144-v:128.0)-(t:0.398-step:145-v:127.0)-(t:0.398-step:146-v:125.0)-(t:0.399-step:147-v:124.0)-(t:0.401-step:148-v:123.0)-(t:0.402-step:149-v:122.0)-(t:0.404-step:150-v:120.0)-(t:0.405-step:151-v:118.0)-(t:0.406-step:152-v:117.0)-(t:0.407-step:153-v:116.0)-(t:0.408-step:154-v:115.0)-(t:0.408-step:155-v:114.0)-(t:0.413-step:156-v:112.0)-(t:0.414-step:157-v:111.0)-(t:0.414-step:158-v:110.0)-(t:0.424-step:159-v:109.0)-(t:0.425-step:160-v:108.0)-(t:0.426-step:161-v:107.0)-(t:0.426-step:162-v:106.0)-(t:0.427-step:163-v:105.0)-(t:0.429-step:164-v:104.0)-(t:0.430-step:165-v:103.0)-(t:0.431-step:166-v:102.0)-(t:0.447-step:167-v:101.0)-(t:0.448-step:168-v:100.0)-(t:0.448-step:169-v:98.0)-(t:0.449-step:170-v:97.0)-(t:0.450-step:171-v:96.0)-(t:0.451-step:172-v:94.0)-(t:0.452-step:173-v:91.0)-(t:0.452-step:174-v:90.0)-(t:0.453-step:175-v:89.0)-(t:0.453-step:176-v:88.0)-(t:0.457-step:177-v:87.0)-(t:0.457-step:178-v:84.0)-(t:0.458-step:179-v:83.0)-(t:0.458-step:180-v:82.0)-(t:0.459-step:181-v:80.0)-(t:0.460-step:182-v:78.0)-(t:0.486-step:183-v:77.0)-(t:0.491-step:184-v:76.0)-(t:0.495-step:185-v:74.0)-(t:0.496-step:186-v:71.0)-(t:0.498-step:187-v:70.0)-(t:0.501-step:188-v:69.0)-(t:0.502-step:189-v:68.0)-(t:0.503-step:190-v:67.0)-(t:0.551-step:191-v:66.0)-(t:0.552-step:192-v:64.0)-(t:0.555-step:193-v:63.0)-(t:0.556-step:194-v:62.0)-(t:0.564-step:195-v:61.0)-(t:0.566-step:196-v:60.0)-(t:0.571-step:197-v:59.0)-(t:0.572-step:198-v:58.0)-(t:0.724-step:199-v:57.0)-(t:0.751-step:200-v:56.0)-(t:0.752-step:201-v:54.0)-(t:0.752-step:202-v:53.0)-(t:0.762-step:203-v:52.0)-(t:0.764-step:204-v:51.0)-(t:0.765-step:205-v:50.0)-(t:0.856-step:206-v:49.0)-(t:0.857-step:207-v:48.0)-(t:0.859-step:208-v:47.0)-(t:0.867-step:209-v:46.0)-(t:0.868-step:210-v:44.0)-(t:0.870-step:211-v:43.0)-(t:0.923-step:212-v:42.0)-(t:0.929-step:213-v:40.0)-(t:0.940-step:214-v:39.0)-(t:0.942-step:215-v:38.0)-(t:0.942-step:216-v:37.0)-(t:1.166-step:217-v:36.0)-(t:1.168-step:218-v:35.0)-(t:1.185-step:219-v:34.0)-(t:1.187-step:220-v:33.0)-(t:1.188-step:221-v:32.0)-(t:1.245-step:222-v:31.0)-(t:1.251-step:223-v:30.0)-(t:1.251-step:224-v:29.0)-(t:1.252-step:225-v:28.0)-(t:1.274-step:226-v:27.0)-(t:1.279-step:227-v:26.0)-(t:1.413-step:228-v:25.0)-(t:1.445-step:229-v:24.0)-(t:1.447-step:230-v:23.0)-(t:1.485-step:231-v:22.0)-(t:1.691-step:232-v:21.0)-(t:1.720-step:233-v:20.0)-(t:1.766-step:234-v:19.0)-(t:1.774-step:235-v:18.0)-(t:1.780-step:236-v:17.0)-(t:1.930-step:237-v:16.0)-(t:1.936-step:238-v:15.0)-(t:2.042-step:239-v:14.0)-(t:2.182-step:240-v:13.0)-(t:2.284-step:241-v:12.0)-(t:2.384-step:242-v:11.0)-(t:2.480-step:243-v:10.0)-(t:2.560-step:244-v:9.0)-(t:2.592-step:245-v:8.0)-(t:2.740-step:246-v:7.0)-(t:2.913-step:247-v:6.0)-(t:3.072-step:248-v:5.0)-(t:3.224-step:249-v:4.0)-(t:3.581-step:264-v:3.0)-(t:3.628-step:265-v:2.0)-(t:3.732-step:266-v:1.0)-(t:4.166-step:274-v:0.0)],4.166
roundrobin,examples/csp/csp_100/carseq_100_8_20_67.txt,r1,5400,2,1.0,[(t:0.000-step:1-v:116.0)-(t:0.007-step:2-v:113.0)-(t:0.025-step:3-v:112.0)-(t:0.027-step:4-v:109.0)-(t:0.027-step:5-v:108.0)-(t:0.028-step:6-v:107.0)-(t:0.038-step:7-v:106.0)-(t:0.042-step:8-v:105.0)-(t:0.043-step:9-v:104.0)-(t:0.045-step:10-v:103.0)-(t:0.046-step:11-v:102.0)-(t:0.046-step:12-v:100.0)-(t:0.047-step:13-v:99.0)-(t:0.047-step:14-v:97.0)-(t:0.049-step:15-v:96.0)-(t:0.052-step:16-v:93.0)-(t:0.054-step:17-v:90.0)-(t:0.056-step:18-v:89.0)-(t:0.058-step:19-v:88.0)-(t:0.059-step:20-v:87.0)-(t:0.059-step:21-v:86.0)-(t:0.060-step:22-v:85.0)-(t:0.061-step:23-v:84.0)-(t:0.061-step:24-v:83.0)-(t:0.065-step:25-v:80.0)-(t:0.067-step:26-v:79.0)-(t:0.068-step:27-v:78.0)-(t:0.070-step:28-v:77.0)-(t:0.072-step:29-v:74.0)-(t:0.073-step:30-v:73.0)-(t:0.084-step:31-v:72.0)-(t:0.085-step:32-v:71.0)-(t:0.087-step:33-v:68.0)-(t:0.088-step:34-v:67.0)-(t:0.088-step:35-v:66.0)-(t:0.090-step:36-v:65.0)-(t:0.090-step:37-v:64.0)-(t:0.091-step:38-v:63.0)-(t:0.092-step:39-v:62.0)-(t:0.093-step:40-v:61.0)-(t:0.094-step:41-v:57.0)-(t:0.096-step:42-v:56.0)-(t:0.097-step:43-v:55.0)-(t:0.098-step:44-v:54.0)-(t:0.099-step:45-v:53.0)-(t:0.100-step:46-v:52.0)-(t:0.101-step:47-v:51.0)-(t:0.102-step:48-v:50.0)-(t:0.102-step:49-v:48.0)-(t:0.103-step:50-v:47.0)-(t:0.104-step:51-v:46.0)-(t:0.104-step:52-v:44.0)-(t:0.105-step:53-v:43.0)-(t:0.106-step:54-v:42.0)-(t:0.107-step:55-v:41.0)-(t:0.111-step:56-v:40.0)-(t:0.113-step:57-v:39.0)-(t:0.115-step:58-v:38.0)-(t:0.115-step:59-v:37.0)-(t:0.116-step:60-v:36.0)-(t:0.116-step:61-v:35.0)-(t:0.118-step:62-v:34.0)-(t:0.129-step:63-v:33.0)-(t:0.139-step:64-v:32.0)-(t:0.141-step:65-v:31.0)-(t:0.142-step:66-v:29.0)-(t:0.146-step:67-v:28.0)-(t:0.148-step:68-v:27.0)-(t:0.149-step:69-v:26.0)-(t:0.155-step:70-v:25.0)-(t:0.157-step:71-v:24.0)-(t:0.159-step:72-v:23.0)-(t:0.160-step:73-v:21.0)-(t:0.169-step:74-v:20.0)-(t:0.170-step:75-v:19.0)-(t:0.177-step:76-v:18.0)-(t:0.198-step:77-v:17.0)-(t:0.200-step:78-v:16.0)-(t:0.200-step:79-v:15.0)-(t:0.210-step:80-v:14.0)-(t:0.215-step:81-v:13.0)-(t:0.217-step:82-v:12.0)-(t:0.219-step:83-v:11.0)-(t:0.244-step:84-v:10.0)-(t:0.254-step:85-v:9.0)-(t:0.258-step:86-v:8.0)-(t:0.267-step:87-v:7.0)-(t:0.287-step:88-v:6.0)-(t:0.309-step:89-v:5.0)-(t:0.435-step:109-v:4.0)-(t:0.482-step:110-v:3.0)-(t:0.665-step:146-v:2.0)-(t:0.676-step:147-v:1.0)],5400.0
roundrobin,examples/csp/csp_100/carseq_100_8_20_71.txt,r1,5400,2,2.0,[(t:0.000-step:1-v:119.0)-(t:0.011-step:2-v:118.0)-(t:0.039-step:3-v:116.0)-(t:0.040-step:4-v:114.0)-(t:0.041-step:5-v:113.0)-(t:0.042-step:6-v:110.0)-(t:0.049-step:7-v:109.0)-(t:0.054-step:8-v:108.0)-(t:0.056-step:9-v:106.0)-(t:0.057-step:10-v:104.0)-(t:0.057-step:11-v:101.0)-(t:0.059-step:12-v:98.0)-(t:0.059-step:13-v:96.0)-(t:0.061-step:14-v:95.0)-(t:0.076-step:15-v:94.0)-(t:0.079-step:16-v:93.0)-(t:0.080-step:17-v:92.0)-(t:0.080-step:18-v:90.0)-(t:0.083-step:19-v:89.0)-(t:0.083-step:20-v:88.0)-(t:0.084-step:21-v:87.0)-(t:0.084-step:22-v:86.0)-(t:0.085-step:23-v:84.0)-(t:0.087-step:24-v:83.0)-(t:0.087-step:25-v:81.0)-(t:0.088-step:26-v:80.0)-(t:0.088-step:27-v:78.0)-(t:0.088-step:28-v:77.0)-(t:0.089-step:29-v:75.0)-(t:0.090-step:30-v:74.0)-(t:0.090-step:31-v:73.0)-(t:0.090-step:32-v:71.0)-(t:0.091-step:33-v:70.0)-(t:0.092-step:34-v:69.0)-(t:0.093-step:35-v:68.0)-(t:0.097-step:36-v:66.0)-(t:0.098-step:37-v:65.0)-(t:0.098-step:38-v:64.0)-(t:0.110-step:39-v:63.0)-(t:0.110-step:40-v:61.0)-(t:0.111-step:41-v:60.0)-(t:0.114-step:42-v:59.0)-(t:0.115-step:43-v:56.0)-(t:0.115-step:44-v:55.0)-(t:0.116-step:45-v:54.0)-(t:0.119-step:46-v:53.0)-(t:0.122-step:47-v:52.0)-(t:0.123-step:48-v:51.0)-(t:0.126-step:49-v:50.0)-(t:0.126-step:50-v:49.0)-(t:0.127-step:51-v:48.0)-(t:0.129-step:52-v:47.0)-(t:0.130-step:53-v:46.0)-(t:0.130-step:54-v:45.0)-(t:0.135-step:55-v:44.0)-(t:0.140-step:56-v:43.0)-(t:0.145-step:57-v:42.0)-(t:0.146-step:58-v:41.0)-(t:0.150-step:59-v:40.0)-(t:0.151-step:60-v:39.0)-(t:0.156-step:61-v:38.0)-(t:0.156-step:62-v:37.0)-(t:0.159-step:63-v:36.0)-(t:0.163-step:64-v:35.0)-(t:0.164-step:65-v:34.0)-(t:0.170-step:66-v:33.0)-(t:0.179-step:67-v:32.0)-(t:0.182-step:68-v:31.0)-(t:0.182-step:69-v:30.0)-(t:0.187-step:70-v:29.0)-(t:0.206-step:71-v:28.0)-(t:0.237-step:72-v:27.0)-(t:0.258-step:73-v:26.0)-(t:0.260-step:74-v:25.0)-(t:0.268-step:75-v:24.0)-(t:0.296-step:76-v:23.0)-(t:0.300-step:77-v:22.0)-(t:0.313-step:78-v:21.0)-(t:0.315-step:79-v:20.0)-(t:0.316-step:80-v:19.0)-(t:0.323-step:81-v:18.0)-(t:0.325-step:82-v:17.0)-(t:0.358-step:83-v:16.0)-(t:0.368-step:84-v:15.0)-(t:0.376-step:85-v:14.0)-(t:0.429-step:86-v:13.0)-(t:0.458-step:87-v:12.0)-(t:0.520-step:88-v:11.0)-(t:0.532-step:89-v:10.0)-(t:0.549-step:90-v:9.0)-(t:0.620-step:96-v:8.0)-(t:0.632-step:97-v:7.0)-(t:0.642-step:98-v:6.0)-(t:0.649-step:99-v:5.0)-(t:1.059-step:186-v:4.0)-(t:1.186-step:211-v:3.0)-(t:1.466-step:250-v:2.0)],5400.0
roundrobin,examples/csp/csp_100/carseq_100_8_20_81.txt,r1,5400,2,1.0,[(t:0.000-step:1-v:107.0)-(t:0.010-step:2-v:105.0)-(t:0.021-step:3-v:102.0)-(t:0.022-step:4-v:99.0)-(t:0.023-step:5-v:98.0)-(t:0.024-step:6-v:97.0)-(t:0.044-step:7-v:95.0)-(t:0.049-step:8-v:91.0)-(t:0.051-step:9-v:90.0)-(t:0.052-step:10-v:89.0)-(t:0.053-step:11-v:88.0)-(t:0.054-step:12-v:86.0)-(t:0.054-step:13-v:84.0)-(t:0.055-step:14-v:82.0)-(t:0.058-step:15-v:80.0)-(t:0.059-step:16-v:79.0)-(t:0.061-step:17-v:77.0)-(t:0.062-step:18-v:74.0)-(t:0.066-step:19-v:73.0)-(t:0.075-step:20-v:72.0)-(t:0.075-step:21-v:71.0)-(t:0.076-step:22-v:69.0)-(t:0.077-step:23-v:68.0)-(t:0.080-step:24-v:66.0)-(t:0.083-step:25-v:65.0)-(t:0.083-step:26-v:64.0)-(t:0.084-step:27-v:62.0)-(t:0.086-step:28-v:60.0)-(t:0.088-step:29-v:58.0)-(t:0.088-step:30-v:56.0)-(t:0.089-step:31-v:55.0)-(t:0.094-step:32-v:54.0)-(t:0.095-step:33-v:53.0)-(t:0.096-step:34-v:52.0)-(t:0.096-step:35-v:51.0)-(t:0.101-step:36-v:50.0)-(t:0.103-step:37-v:48.0)-(t:0.104-step:38-v:47.0)-(t:0.110-step:39-v:46.0)-(t:0.111-step:40-v:45.0)-(t:0.112-step:41-v:43.0)-(t:0.118-step:42-v:42.0)-(t:0.120-step:43-v:40.0)-(t:0.127-step:44-v:39.0)-(t:0.129-step:45-v:38.0)-(t:0.133-step:46-v:37.0)-(t:0.152-step:47-v:36.0)-(t:0.155-step:48-v:35.0)-(t:0.159-step:49-v:34.0)-(t:0.160-step:50-v:32.0)-(t:0.165-step:51-v:31.0)-(t:0.171-step:52-v:30.0)-(t:0.173-step:53-v:29.0)-(t:0.175-step:54-v:28.0)-(t:0.190-step:55-v:27.0)-(t:0.192-step:56-v:26.0)-(t:0.193-step:57-v:24.0)-(t:0.197-step:58-v:22.0)-(t:0.213-step:59-v:21.0)-(t:0.215-step:60-v:20.0)-(t:0.246-step:61-v:19.0)-(t:0.256-step:62-v:18.0)-(t:0.265-step:63-v:17.0)-(t:0.266-step:64-v:16.0)-(t:0.270-step:65-v:15.0)-(t:0.285-step:66-v:14.0)-(t:0.335-step:67-v:13.0)-(t:0.353-step:68-v:12.0)-(t:0.383-step:69-v:11.0)-(t:0.390-step:70-v:10.0)-(t:0.407-step:71-v:9.0)-(t:0.428-step:72-v:8.0)-(t:0.447-step:73-v:7.0)-(t:0.468-step:74-v:6.0)-(t:0.584-step:94-v:5.0)-(t:0.607-step:95-v:4.0)-(t:0.765-step:123-v:3.0)-(t:1.050-step:160-v:2.0)-(t:1.145-step:170-v:1.0)],5400.0
roundrobin,examples/csp/csp_300/carseq_300_8_20_53.txt,r1,5400,2,0.0,[(t:0.000-step:1-v:347.0)-(t:0.008-step:2-v:346.0)-(t:0.038-step:3-v:344.0)-(t:0.038-step:4-v:342.0)-(t:0.042-step:5-v:341.0)-(t:0.043-step:6-v:340.0)-(t:0.053-step:7-v:338.0)-(t:0.060-step:8-v:336.0)-(t:0.063-step:9-v:332.0)-(t:0.064-step:10-v:330.0)-(t:0.065-step:11-v:327.0)-(t:0.080-step:12-v:326.0)-(t:0.082-step:13-v:323.0)-(t:0.088-step:14-v:322.0)-(t:0.094-step:15-v:321.0)-(t:0.099-step:16-v:320.0)-(t:0.105-step:17-v:319.0)-(t:0.110-step:18-v:316.0)-(t:0.111-step:19-v:315.0)-(t:0.111-step:20-v:314.0)-(t:0.112-step:21-v:313.0)-(t:0.117-step:22-v:312.0)-(t:0.118-step:23-v:311.0)-(t:0.120-step:24-v:310.0)-(t:0.121-step:25-v:309.0)-(t:0.126-step:26-v:308.0)-(t:0.131-step:27-v:306.0)-(t:0.131-step:28-v:305.0)-(t:0.132-step:29-v:304.0)-(t:0.132-step:30-v:302.0)-(t:0.143-step:31-v:301.0)-(t:0.150-step:32-v:299.0)-(t:0.151-step:33-v:297.0)-(t:0.152-step:34-v:294.0)-(t:0.153-step:35-v:292.0)-(t:0.158-step:36-v:291.0)-(t:0.161-step:37-v:290.0)-(t:0.161-step:38-v:289.0)-(t:0.162-step:39-v:288.0)-(t:0.164-step:40-v:285.0)-(t:0.166-step:41-v:282.0)-(t:0.166-step:42-v:281.0)-(t:0.167-step:43-v:278.0)-(t:0.168-step:44-v:277.0)-(t:0.169-step:45-v:275.0)-(t:0.169-step:46-v:274.0)-(t:0.206-step:47-v:273.0)-(t:0.207-step:48-v:272.0)-(t:0.211-step:49-v:271.0)-(t:0.212-step:50-v:270.0)-(t:0.212-step:51-v:269.0)-(t:0.216-step:52-v:268.0)-(t:0.217-step:53-v:267.0)-(t:0.218-step:54-v:266.0)-(t:0.218-step:55-v:264.0)-(t:0.222-step:56-v:263.0)-(t:0.223-step:57-v:260.0)-(t:0.231-step:58-v:258.0)-(t:0.232-step:59-v:255.0)-(t:0.232-step:60-v:254.0)-(t:0.238-step:61-v:252.0)-(t:0.238-step:62-v:251.0)-(t:0.242-step:63-v:250.0)-(t:0.246-step:64-v:249.0)-(t:0.247-step:65-v:248.0)-(t:0.247-step:66-v:247.0)-(t:0.250-step:67-v:246.0)-(t:0.250-step:68-v:244.0)-(t:0.255-step:69-v:243.0)-(t:0.256-step:70-v:242.0)-(t:0.261-step:71-v:240.0)-(t:0.263-step:72-v:239.0)-(t:0.267-step:73-v:237.0)-(t:0.269-step:74-v:236.0)-(t:0.270-step:75-v:235.0)-(t:0.275-step:76-v:234.0)-(t:0.276-step:77-v:233.0)-(t:0.281-step:78-v:232.0)-(t:0.283-step:79-v:231.0)-(t:0.289-step:80-v:230.0)-(t:0.294-step:81-v:229.0)-(t:0.297-step:82-v:227.0)-(t:0.298-step:83-v:226.0)-(t:0.300-step:84-v:225.0)-(t:0.305-step:85-v:224.0)-(t:0.314-step:86-v:223.0)-(t:0.315-step:87-v:222.0)-(t:0.316-step:88-v:221.0)-(t:0.338-step:89-v:219.0)-(t:0.339-step:90-v:218.0)-(t:0.340-step:91-v:217.0)-(t:0.347-step:92-v:216.0)-(t:0.350-step:93-v:215.0)-(t:0.351-step:94-v:214.0)-(t:0.356-step:95-v:213.0)-(t:0.361-step:96-v:212.0)-(t:0.362-step:97-v:211.0)-(t:0.364-step:98-v:210.0)-(t:0.365-step:99-v:207.0)-(t:0.367-step:100-v:206.0)-(t:0.367-step:101-v:205.0)-(t:0.368-step:102-v:204.0)-(t:0.376-step:103-v:203.0)-(t:0.377-step:104-v:202.0)-(t:0.381-step:105-v:200.0)-(t:0.382-step:106-v:199.0)-(t:0.383-step:107-v:198.0)-(t:0.384-step:108-v:196.0)-(t:0.386-step:109-v:192.0)-(t:0.391-step:110-v:191.0)-(t:0.395-step:111-v:190.0)-(t:0.396-step:112-v:188.0)-(t:0.399-step:113-v:184.0)-(t:0.399-step:114-v:182.0)-(t:0.400-step:115-v:181.0)-(t:0.403-step:116-v:180.0)-(t:0.404-step:117-v:179.0)-(t:0.405-step:118-v:178.0)-(t:0.406-step:119-v:177.0)-(t:0.407-step:120-v:176.0)-(t:0.408-step:121-v:175.0)-(t:0.408-step:122-v:174.0)-(t:0.409-step:123-v:173.0)-(t:0.409-step:124-v:172.0)-(t:0.412-step:125-v:170.0)-(t:0.415-step:126-v:169.0)-(t:0.418-step:127-v:167.0)-(t:0.424-step:128-v:166.0)-(t:0.426-step:129-v:165.0)-(t:0.426-step:130-v:163.0)-(t:0.427-step:131-v:162.0)-(t:0.427-step:132-v:161.0)-(t:0.429-step:133-v:157.0)-(t:0.432-step:134-v:156.0)-(t:0.435-step:135-v:155.0)-(t:0.437-step:136-v:154.0)-(t:0.438-step:137-v:152.0)-(t:0.438-step:138-v:150.0)-(t:0.439-step:139-v:149.0)-(t:0.439-step:140-v:148.0)-(t:0.440-step:141-v:147.0)-(t:0.441-step:142-v:146.0)-(t:0.444-step:143-v:145.0)-(t:0.449-step:144-v:143.0)-(t:0.451-step:145-v:142.0)-(t:0.451-step:146-v:141.0)-(t:0.452-step:147-v:140.0)-(t:0.452-step:148-v:139.0)-(t:0.452-step:149-v:138.0)-(t:0.453-step:150-v:137.0)-(t:0.454-step:151-v:136.0)-(t:0.455-step:152-v:135.0)-(t:0.456-step:153-v:134.0)-(t:0.456-step:154-v:132.0)-(t:0.456-step:155-v:130.0)-(t:0.457-step:156-v:129.0)-(t:0.457-step:157-v:128.0)-(t:0.462-step:158-v:127.0)-(t:0.467-step:159-v:126.0)-(t:0.475-step:160-v:125.0)-(t:0.476-step:161-v:124.0)-(t:0.477-step:162-v:123.0)-(t:0.478-step:163-v:122.0)-(t:0.483-step:164-v:121.0)-(t:0.484-step:165-v:120.0)-(t:0.484-step:166-v:118.0)-(t:0.487-step:167-v:117.0)-(t:0.494-step:168-v:116.0)-(t:0.495-step:169-v:115.0)-(t:0.496-step:170-v:113.0)-(t:0.497-step:171-v:112.0)-(t:0.497-step:172-v:111.0)-(t:0.497-step:173-v:110.0)-(t:0.499-step:174-v:109.0)-(t:0.504-step:175-v:108.0)-(t:0.504-step:176-v:107.0)-(t:0.505-step:177-v:106.0)-(t:0.506-step:178-v:105.0)-(t:0.506-step:179-v:104.0)-(t:0.508-step:180-v:103.0)-(t:0.509-step:181-v:102.0)-(t:0.511-step:182-v:101.0)-(t:0.517-step:183-v:100.0)-(t:0.521-step:184-v:99.0)-(t:0.522-step:185-v:98.0)-(t:0.523-step:186-v:97.0)-(t:0.523-step:187-v:96.0)-(t:0.523-step:188-v:95.0)-(t:0.524-step:189-v:93.0)-(t:0.525-step:190-v:92.0)-(t:0.566-step:191-v:91.0)-(t:0.578-step:192-v:90.0)-(t:0.578-step:193-v:89.0)-(t:0.579-step:194-v:88.0)-(t:0.580-step:195-v:87.0)-(t:0.581-step:196-v:86.0)-(t:0.582-step:197-v:85.0)-(t:0.582-step:198-v:84.0)-(t:0.667-step:199-v:83.0)-(t:0.677-step:200-v:82.0)-(t:0.681-step:201-v:81.0)-(t:0.681-step:202-v:80.0)-(t:0.683-step:203-v:79.0)-(t:0.684-step:204-v:78.0)-(t:0.687-step:205-v:77.0)-(t:0.751-step:206-v:76.0)-(t:0.758-step:207-v:75.0)-(t:0.759-step:208-v:74.0)-(t:0.760-step:209-v:73.0)-(t:0.766-step:210-v:72.0)-(t:0.767-step:211-v:71.0)-(t:0.771-step:212-v:70.0)-(t:0.822-step:213-v:69.0)-(t:0.823-step:214-v:68.0)-(t:0.825-step:215-v:67.0)-(t:0.825-step:216-v:65.0)-(t:0.840-step:217-v:64.0)-(t:0.841-step:218-v:63.0)-(t:0.843-step:219-v:62.0)-(t:0.930-step:220-v:61.0)-(t:0.934-step:221-v:60.0)-(t:0.934-step:222-v:59.0)-(t:0.936-step:223-v:58.0)-(t:0.945-step:224-v:57.0)-(t:0.946-step:225-v:56.0)-(t:0.959-step:226-v:55.0)-(t:1.056-step:227-v:54.0)-(t:1.078-step:228-v:53.0)-(t:1.079-step:229-v:52.0)-(t:1.081-step:230-v:51.0)-(t:1.146-step:231-v:50.0)-(t:1.149-step:232-v:49.0)-(t:1.151-step:233-v:48.0)-(t:1.151-step:234-v:47.0)-(t:1.229-step:235-v:46.0)-(t:1.246-step:236-v:45.0)-(t:1.247-step:237-v:44.0)-(t:1.249-step:238-v:43.0)-(t:1.326-step:239-v:42.0)-(t:1.331-step:240-v:41.0)-(t:1.332-step:241-v:40.0)-(t:1.394-step:242-v:39.0)-(t:1.520-step:243-v:38.0)-(t:1.537-step:244-v:37.0)-(t:1.537-step:245-v:36.0)-(t:1.556-step:246-v:35.0)-(t:1.773-step:247-v:33.0)-(t:1.775-step:248-v:32.0)-(t:1.803-step:249-v:31.0)-(t:1.871-step:250-v:30.0)-(t:2.087-step:251-v:29.0)-(t:2.113-step:252-v:28.0)-(t:2.123-step:253-v:27.0)-(t:2.125-step:254-v:26.0)-(t:2.141-step:255-v:25.0)-(t:2.318-step:256-v:24.0)-(t:2.389-step:257-v:23.0)-(t:2.556-step:258-v:22.0)-(t:2.629-step:259-v:21.0)-(t:2.789-step:260-v:20.0)-(t:2.853-step:261-v:19.0)-(t:2.993-step:262-v:18.0)-(t:3.067-step:263-v:17.0)-(t:3.205-step:264-v:16.0)-(t:3.268-step:265-v:15.0)-(t:3.341-step:266-v:14.0)-(t:3.393-step:267-v:13.0)-(t:3.474-step:268-v:12.0)-(t:3.521-step:269-v:11.0)-(t:3.602-step:270-v:10.0)-(t:3.724-step:271-v:9.0)-(t:4.185-step:280-v:8.0)-(t:4.192-step:281-v:6.0)-(t:4.232-step:282-v:5.0)-(t:4.372-step:283-v:4.0)-(t:4.991-step:303-v:3.0)-(t:5.132-step:304-v:2.0)-(t:5.198-step:305-v:1.0)-(t:5.530-step:311-v:0.0)],5.53
roundrobin,examples/csp/csp_300/carseq_300_8_20_56.txt,r1,5400,2,0.0,[(t:0.000-step:1-v:371.0)-(t:0.007-step:2-v:366.0)-(t:0.025-step:3-v:365.0)-(t:0.025-step:4-v:363.0)-(t:0.027-step:5-v:362.0)-(t:0.027-step:6-v:361.0)-(t:0.044-step:7-v:360.0)-(t:0.048-step:8-v:356.0)-(t:0.050-step:9-v:349.0)-(t:0.051-step:10-v:347.0)-(t:0.052-step:11-v:346.0)-(t:0.053-step:12-v:343.0)-(t:0.054-step:13-v:340.0)-(t:0.054-step:14-v:339.0)-(t:0.056-step:15-v:338.0)-(t:0.057-step:16-v:333.0)-(t:0.058-step:17-v:329.0)-(t:0.059-step:18-v:328.0)-(t:0.060-step:19-v:327.0)-(t:0.069-step:20-v:326.0)-(t:0.070-step:21-v:325.0)-(t:0.071-step:22-v:324.0)-(t:0.076-step:23-v:321.0)-(t:0.082-step:24-v:320.0)-(t:0.086-step:25-v:319.0)-(t:0.086-step:26-v:318.0)-(t:0.088-step:27-v:316.0)-(t:0.088-step:28-v:314.0)-(t:0.092-step:29-v:311.0)-(t:0.093-step:30-v:309.0)-(t:0.100-step:31-v:308.0)-(t:0.101-step:32-v:307.0)-(t:0.101-step:33-v:303.0)-(t:0.102-step:34-v:302.0)-(t:0.103-step:35-v:299.0)-(t:0.109-step:36-v:298.0)-(t:0.110-step:37-v:297.0)-(t:0.111-step:38-v:294.0)-(t:0.122-step:39-v:293.0)-(t:0.128-step:40-v:292.0)-(t:0.129-step:41-v:290.0)-(t:0.129-step:42-v:286.0)-(t:0.131-step:43-v:284.0)-(t:0.134-step:44-v:283.0)-(t:0.136-step:45-v:281.0)-(t:0.140-step:46-v:280.0)-(t:0.141-step:47-v:279.0)-(t:0.143-step:48-v:278.0)-(t:0.143-step:49-v:275.0)-(t:0.147-step:50-v:274.0)-(t:0.148-step:51-v:273.0)-(t:0.153-step:52-v:271.0)-(t:0.154-step:53-v:269.0)-(t:0.155-step:54-v:268.0)-(t:0.161-step:55-v:267.0)-(t:0.163-step:56-v:266.0)-(t:0.165-step:57-v:265.0)-(t:0.169-step:58-v:264.0)-(t:0.170-step:59-v:263.0)-(t:0.171-step:60-v:262.0)-(t:0.175-step:61-v:261.0)-(t:0.176-step:62-v:260.0)-(t:0.177-step:63-v:259.0)-(t:0.198-step:64-v:258.0)-(t:0.199-step:65-v:257.0)-(t:0.199-step:66-v:255.0)-(t:0.205-step:67-v:254.0)-(t:0.223-step:68-v:253.0)-(t:0.225-step:69-v:252.0)-(t:0.225-step:70-v:251.0)-(t:0.234-step:71-v:250.0)-(t:0.235-step:72-v:247.0)-(t:0.239-step:73-v:245.0)-(t:0.242-step:74-v:243.0)-(t:0.250-step:75-v:242.0)-(t:0.265-step:76-v:241.0)-(t:0.269-step:77-v:239.0)-(t:0.273-step:78-v:238.0)-(t:0.276-step:79-v:237.0)-(t:0.276-step:80-v:235.0)-(t:0.279-step:81-v:233.0)-(t:0.279-step:82-v:232.0)-(t:0.280-step:83-v:231.0)-(t:0.282-step:84-v:228.0)-(t:0.283-step:85-v:226.0)-(t:0.286-step:86-v:225.0)-(t:0.287-step:87-v:224.0)-(t:0.289-step:88-v:222.0)-(t:0.289-step:89-v:221.0)-(t:0.290-step:90-v:219.0)-(t:0.291-step:91-v:218.0)-(t:0.296-step:92-v:217.0)-(t:0.298-step:93-v:215.0)-(t:0.298-step:94-v:214.0)-(t:0.306-step:95-v:213.0)-(t:0.309-step:96-v:211.0)-(t:0.309-step:97-v:209.0)-(t:0.309-step:98-v:207.0)-(t:0.310-step:99-v:206.0)-(t:0.310-step:100-v:202.0)-(t:0.314-step:101-v:201.0)-(t:0.315-step:102-v:200.0)-(t:0.322-step:103-v:199.0)-(t:0.326-step:104-v:198.0)-(t:0.326-step:105-v:196.0)-(t:0.328-step:106-v:195.0)-(t:0.329-step:107-v:193.0)-(t:0.329-step:108-v:192.0)-(t:0.329-step:109-v:191.0)-(t:0.330-step:110-v:190.0)-(t:0.331-step:111-v:189.0)-(t:0.335-step:112-v:188.0)-(t:0.335-step:113-v:186.0)-(t:0.336-step:114-v:185.0)-(t:0.337-step:115-v:184.0)-(t:0.337-step:116-v:183.0)-(t:0.338-step:117-v:182.0)-(t:0.338-step:118-v:181.0)-(t:0.346-step:119-v:180.0)-(t:0.350-step:120-v:179.0)-(t:0.350-step:121-v:175.0)-(t:0.351-step:122-v:174.0)-(t:0.351-step:123-v:172.0)-(t:0.352-step:124-v:171.0)-(t:0.352-step:125-v:170.0)-(t:0.354-step:126-v:167.0)-(t:0.358-step:127-v:166.0)-(t:0.360-step:128-v:165.0)-(t:0.360-step:129-v:164.0)-(t:0.361-step:130-v:162.0)-(t:0.362-step:131-v:161.0)-(t:0.366-step:132-v:160.0)-(t:0.366-step:133-v:159.0)-(t:0.366-step:134-v:158.0)-(t:0.369-step:135-v:157.0)-(t:0.372-step:136-v:156.0)-(t:0.373-step:137-v:155.0)-(t:0.373-step:138-v:153.0)-(t:0.374-step:139-v:152.0)-(t:0.374-step:140-v:151.0)-(t:0.375-step:141-v:150.0)-(t:0.375-step:142-v:148.0)-(t:0.381-step:143-v:147.0)-(t:0.381-step:144-v:146.0)-(t:0.382-step:145-v:145.0)-(t:0.382-step:146-v:144.0)-(t:0.383-step:147-v:143.0)-(t:0.385-step:148-v:141.0)-(t:0.385-step:149-v:139.0)-(t:0.385-step:150-v:137.0)-(t:0.399-step:151-v:136.0)-(t:0.400-step:152-v:135.0)-(t:0.401-step:153-v:134.0)-(t:0.401-step:154-v:132.0)-(t:0.402-step:155-v:131.0)-(t:0.404-step:156-v:130.0)-(t:0.404-step:157-v:129.0)-(t:0.405-step:158-v:128.0)-(t:0.447-step:159-v:127.0)-(t:0.452-step:160-v:126.0)-(t:0.455-step:161-v:125.0)-(t:0.456-step:162-v:124.0)-(t:0.456-step:163-v:123.0)-(t:0.459-step:164-v:122.0)-(t:0.460-step:165-v:121.0)-(t:0.461-step:166-v:120.0)-(t:0.505-step:167-v:119.0)-(t:0.508-step:168-v:118.0)-(t:0.510-step:169-v:117.0)-(t:0.510-step:170-v:116.0)-(t:0.511-step:171-v:115.0)-(t:0.512-step:172-v:114.0)-(t:0.513-step:173-v:113.0)-(t:0.517-step:174-v:112.0)-(t:0.529-step:175-v:111.0)-(t:0.531-step:176-v:110.0)-(t:0.531-step:177-v:109.0)-(t:0.534-step:178-v:108.0)-(t:0.535-step:179-v:107.0)-(t:0.544-step:180-v:106.0)-(t:0.548-step:181-v:104.0)-(t:0.549-step:182-v:103.0)-(t:0.580-step:183-v:102.0)-(t:0.585-step:184-v:101.0)-(t:0.586-step:185-v:100.0)-(t:0.586-step:186-v:99.0)-(t:0.590-step:187-v:98.0)-(t:0.591-step:188-v:97.0)-(t:0.593-step:189-v:96.0)-(t:0.659-step:190-v:95.0)-(t:0.661-step:191-v:94.0)-(t:0.663-step:192-v:93.0)-(t:0.664-step:193-v:92.0)-(t:0.664-step:194-v:91.0)-(t:0.665-step:195-v:90.0)-(t:0.666-step:196-v:89.0)-(t:0.693-step:197-v:88.0)-(t:0.693-step:198-v:87.0)-(t:0.694-step:199-v:86.0)-(t:0.695-step:200-v:84.0)-(t:0.697-step:201-v:83.0)-(t:0.715-step:202-v:82.0)-(t:0.717-step:203-v:81.0)-(t:0.720-step:204-v:79.0)-(t:0.801-step:205-v:78.0)-(t:0.812-step:206-v:77.0)-(t:0.815-step:207-v:76.0)-(t:0.816-step:208-v:75.0)-(t:0.817-step:209-v:74.0)-(t:0.820-step:210-v:73.0)-(t:0.822-step:211-v:72.0)-(t:0.836-step:212-v:71.0)-(t:0.865-step:213-v:70.0)-(t:0.873-step:214-v:69.0)-(t:0.876-step:215-v:67.0)-(t:0.880-step:216-v:66.0)-(t:0.881-step:217-v:65.0)-(t:0.884-step:218-v:64.0)-(t:0.885-step:219-v:63.0)-(t:0.888-step:220-v:62.0)-(t:0.996-step:221-v:61.0)-(t:1.021-step:222-v:60.0)-(t:1.026-step:223-v:59.0)-(t:1.055-step:224-v:58.0)-(t:1.058-step:225-v:57.0)-(t:1.119-step:226-v:56.0)-(t:1.125-step:227-v:55.0)-(t:1.126-step:228-v:54.0)-(t:1.177-step:229-v:53.0)-(t:1.196-step:230-v:52.0)-(t:1.198-step:231-v:51.0)-(t:1.202-step:232-v:50.0)-(t:1.203-step:233-v:49.0)-(t:1.269-step:234-v:48.0)-(t:1.297-step:235-v:47.0)-(t:1.298-step:236-v:46.0)-(t:1.299-step:237-v:45.0)-(t:1.430-step:238-v:44.0)-(t:1.455-step:239-v:43.0)-(t:1.457-step:240-v:42.0)-(t:1.460-step:241-v:41.0)-(t:1.654-step:242-v:40.0)-(t:1.655-step:243-v:39.0)-(t:1.668-step:244-v:38.0)-(t:1.671-step:245-v:37.0)-(t:1.727-step:246-v:36.0)-(t:1.737-step:247-v:35.0)-(t:1.768-step:248-v:34.0)-(t:1.795-step:249-v:33.0)-(t:1.822-step:250-v:32.0)-(t:2.026-step:251-v:31.0)-(t:2.110-step:252-v:30.0)-(t:2.113-step:253-v:29.0)-(t:2.314-step:254-v:28.0)-(t:2.383-step:255-v:27.0)-(t:2.575-step:256-v:26.0)-(t:2.643-step:257-v:25.0)-(t:2.835-step:258-v:24.0)-(t:2.909-step:259-v:22.0)-(t:3.111-step:260-v:21.0)-(t:3.198-step:261-v:20.0)-(t:3.397-step:262-v:19.0)-(t:3.465-step:263-v:18.0)-(t:3.616-step:264-v:17.0)-(t:3.699-step:265-v:16.0)-(t:3.857-step:266-v:15.0)-(t:3.946-step:267-v:14.0)-(t:4.073-step:268-v:13.0)-(t:4.132-step:269-v:12.0)-(t:4.246-step:270-v:11.0)-(t:4.313-step:271-v:10.0)-(t:4.421-step:272-v:9.0)-(t:4.486-step:273-v:8.0)-(t:5.221-step:303-v:7.0)-(t:5.615-step:328-v:6.0)-(t:5.736-step:329-v:5.0)-(t:5.822-step:330-v:4.0)-(t:6.246-step:340-v:3.0)-(t:6.428-step:341-v:2.0)-(t:6.829-step:354-v:1.0)-(t:6.893-step:355-v:0.0)],6.893
roundrobin,examples/csp/csp_300/carseq_300_8_20_62.txt,r1,5400,2,0.0,[(t:0.000-step:1-v:350.0)-(t:0.011-step:2-v:348.0)-(t:0.031-step:3-v:346.0)-(t:0.033-step:4-v:341.0)-(t:0.034-step:5-v:340.0)-(t:0.038-step:6-v:338.0)-(t:0.062-step:7-v:335.0)-(t:0.071-step:8-v:330.0)-(t:0.075-step:9-v:329.0)-(t:0.076-step:10-v:327.0)-(t:0.077-step:11-v:325.0)-(t:0.077-step:12-v:324.0)-(t:0.079-step:13-v:321.0)-(t:0.079-step:14-v:320.0)-(t:0.088-step:15-v:319.0)-(t:0.089-step:16-v:317.0)-(t:0.089-step:17-v:315.0)-(t:0.093-step:18-v:313.0)-(t:0.094-step:19-v:312.0)-(t:0.098-step:20-v:309.0)-(t:0.099-step:21-v:308.0)-(t:0.100-step:22-v:306.0)-(t:0.108-step:23-v:305.0)-(t:0.110-step:24-v:301.0)-(t:0.111-step:25-v:298.0)-(t:0.111-step:26-v:297.0)-(t:0.112-step:27-v:296.0)-(t:0.119-step:28-v:294.0)-(t:0.121-step:29-v:293.0)-(t:0.121-step:30-v:292.0)-(t:0.129-step:31-v:291.0)-(t:0.130-step:32-v:288.0)-(t:0.130-step:33-v:287.0)-(t:0.131-step:34-v:285.0)-(t:0.132-step:35-v:283.0)-(t:0.150-step:36-v:281.0)-(t:0.151-step:37-v:280.0)-(t:0.158-step:38-v:279.0)-(t:0.160-step:39-v:277.0)-(t:0.187-step:40-v:276.0)-(t:0.191-step:41-v:274.0)-(t:0.192-step:42-v:271.0)-(t:0.197-step:43-v:269.0)-(t:0.205-step:44-v:268.0)-(t:0.206-step:45-v:267.0)-(t:0.208-step:46-v:266.0)-(t:0.209-step:47-v:265.0)-(t:0.210-step:48-v:261.0)-(t:0.211-step:49-v:257.0)-(t:0.212-step:50-v:255.0)-(t:0.213-step:51-v:254.0)-(t:0.213-step:52-v:252.0)-(t:0.215-step:53-v:251.0)-(t:0.215-step:54-v:250.0)-(t:0.216-step:55-v:249.0)-(t:0.218-step:56-v:247.0)-(t:0.218-step:57-v:245.0)-(t:0.219-step:58-v:243.0)-(t:0.224-step:59-v:241.0)-(t:0.235-step:60-v:240.0)-(t:0.236-step:61-v:239.0)-(t:0.237-step:62-v:238.0)-(t:0.239-step:63-v:237.0)-(t:0.254-step:64-v:236.0)-(t:0.255-step:65-v:235.0)-(t:0.256-step:66-v:234.0)-(t:0.260-step:67-v:233.0)-(t:0.264-step:68-v:232.0)-(t:0.268-step:69-v:229.0)-(t:0.268-step:70-v:228.0)-(t:0.291-step:71-v:227.0)-(t:0.297-step:72-v:226.0)-(t:0.303-step:73-v:223.0)-(t:0.304-step:74-v:222.0)-(t:0.304-step:75-v:221.0)-(t:0.305-step:76-v:220.0)-(t:0.316-step:77-v:219.0)-(t:0.318-step:78-v:218.0)-(t:0.329-step:79-v:217.0)-(t:0.339-step:80-v:216.0)-(t:0.340-step:81-v:215.0)-(t:0.340-step:82-v:214.0)-(t:0.341-step:83-v:213.0)-(t:0.343-step:84-v:212.0)-(t:0.351-step:85-v:210.0)-(t:0.355-step:86-v:209.0)-(t:0.357-step:87-v:208.0)-(t:0.364-step:88-v:207.0)-(t:0.365-step:89-v:206.0)-(t:0.365-step:90-v:205.0)-(t:0.367-step:91-v:203.0)-(t:0.389-step:92-v:201.0)-(t:0.399-step:93-v:198.0)-(t:0.399-step:94-v:195.0)-(t:0.404-step:95-v:194.0)-(t:0.407-step:96-v:193.0)-(t:0.408-step:97-v:192.0)-(t:0.410-step:98-v:190.0)-(t:0.411-step:99-v:189.0)-(t:0.411-step:100-v:187.0)-(t:0.415-step:101-v:186.0)-(t:0.417-step:102-v:185.0)-(t:0.449-step:103-v:184.0)-(t:0.450-step:104-v:183.0)-(t:0.451-step:105-v:182.0)-(t:0.451-step:106-v:181.0)-(t:0.452-step:107-v:180.0)-(t:0.452-step:108-v:179.0)-(t:0.453-step:109-v:178.0)-(t:0.453-step:110-v:177.0)-(t:0.456-step:111-v:176.0)-(t:0.458-step:112-v:175.0)-(t:0.458-step:113-v:174.0)-(t:0.459-step:114-v:173.0)-(t:0.460-step:115-v:172.0)-(t:0.460-step:116-v:171.0)-(t:0.461-step:117-v:170.0)-(t:0.461-step:118-v:169.0)-(t:0.468-step:119-v:168.0)-(t:0.470-step:120-v:167.0)-(t:0.470-step:121-v:166.0)-(t:0.471-step:122-v:165.0)-(t:0.472-step:123-v:163.0)-(t:0.474-step:124-v:162.0)-(t:0.475-step:125-v:160.0)-(t:0.475-step:126-v:159.0)-(t:0.476-step:127-v:158.0)-(t:0.479-step:128-v:157.0)-(t:0.481-step:129-v:156.0)-(t:0.482-step:130-v:154.0)-(t:0.484-step:131-v:153.0)-(t:0.485-step:132-v:152.0)-(t:0.485-step:133-v:151.0)-(t:0.488-step:134-v:150.0)-(t:0.489-step:135-v:149.0)-(t:0.491-step:136-v:148.0)-(t:0.492-step:137-v:147.0)-(t:0.492-step:138-v:146.0)-(t:0.493-step:139-v:145.0)-(t:0.496-step:140-v:144.0)-(t:0.497-step:141-v:143.0)-(t:0.497-step:142-v:142.0)-(t:0.502-step:143-v:141.0)-(t:0.502-step:144-v:138.0)-(t:0.503-step:145-v:137.0)-(t:0.503-step:146-v:136.0)-(t:0.504-step:147-v:133.0)-(t:0.505-step:148-v:132.0)-(t:0.505-step:149-v:131.0)-(t:0.506-step:150-v:130.0)-(t:0.510-step:151-v:129.0)-(t:0.515-step:152-v:128.0)-(t:0.515-step:153-v:126.0)-(t:0.516-step:154-v:125.0)-(t:0.516-step:155-v:124.0)-(t:0.518-step:156-v:123.0)-(t:0.519-step:157-v:122.0)-(t:0.519-step:158-v:120.0)-(t:0.524-step:159-v:119.0)-(t:0.525-step:160-v:118.0)-(t:0.526-step:161-v:117.0)-(t:0.526-step:162-v:116.0)-(t:0.526-step:163-v:115.0)-(t:0.527-step:164-v:114.0)-(t:0.528-step:165-v:113.0)-(t:0.531-step:166-v:112.0)-(t:0.553-step:167-v:111.0)-(t:0.556-step:168-v:110.0)-(t:0.557-step:169-v:109.0)-(t:0.563-step:170-v:108.0)-(t:0.563-step:171-v:107.0)-(t:0.566-step:172-v:106.0)-(t:0.567-step:173-v:105.0)-(t:0.567-step:174-v:104.0)-(t:0.610-step:175-v:103.0)-(t:0.616-step:176-v:102.0)-(t:0.616-step:177-v:99.0)-(t:0.618-step:178-v:98.0)-(t:0.619-step:179-v:97.0)-(t:0.628-step:180-v:96.0)-(t:0.635-step:181-v:95.0)-(t:0.636-step:182-v:94.0)-(t:0.735-step:183-v:93.0)-(t:0.744-step:184-v:92.0)-(t:0.752-step:185-v:91.0)-(t:0.752-step:186-v:90.0)-(t:0.757-step:187-v:88.0)-(t:0.760-step:188-v:87.0)-(t:0.764-step:189-v:86.0)-(t:0.765-step:190-v:85.0)-(t:0.816-step:191-v:84.0)-(t:0.827-step:192-v:83.0)-(t:0.829-step:193-v:82.0)-(t:0.829-step:194-v:80.0)-(t:0.830-step:195-v:79.0)-(t:0.835-step:196-v:78.0)-(t:0.835-step:197-v:77.0)-(t:0.837-step:198-v:76.0)-(t:0.840-step:199-v:75.0)-(t:0.845-step:200-v:74.0)-(t:0.846-step:201-v:72.0)-(t:0.846-step:202-v:71.0)-(t:0.847-step:203-v:70.0)-(t:0.848-step:204-v:69.0)-(t:0.853-step:205-v:68.0)-(t:0.854-step:206-v:67.0)-(t:0.956-step:207-v:66.0)-(t:0.963-step:208-v:65.0)-(t:0.965-step:209-v:64.0)-(t:0.968-step:210-v:63.0)-(t:0.968-step:211-v:62.0)-(t:0.969-step:212-v:60.0)-(t:1.162-step:213-v:59.0)-(t:1.167-step:214-v:58.0)-(t:1.172-step:215-v:57.0)-(t:1.173-step:216-v:55.0)-(t:1.180-step:217-v:54.0)-(t:1.229-step:218-v:53.0)-(t:1.229-step:219-v:52.0)-(t:1.229-step:220-v:51.0)-(t:1.238-step:221-v:50.0)-(t:1.239-step:222-v:49.0)-(t:1.257-step:223-v:48.0)-(t:1.367-step:224-v:47.0)-(t:1.383-step:225-v:46.0)-(t:1.385-step:226-v:45.0)-(t:1.386-step:227-v:44.0)-(t:1.450-step:228-v:43.0)-(t:1.460-step:229-v:42.0)-(t:1.461-step:230-v:41.0)-(t:1.480-step:231-v:40.0)-(t:1.705-step:232-v:39.0)-(t:1.714-step:233-v:38.0)-(t:1.740-step:234-v:37.0)-(t:1.741-step:235-v:36.0)-(t:1.909-step:236-v:35.0)-(t:1.913-step:237-v:34.0)-(t:1.951-step:238-v:33.0)-(t:1.989-step:239-v:32.0)-(t:2.013-step:240-v:31.0)-(t:2.016-step:241-v:30.0)-(t:2.166-step:242-v:29.0)-(t:2.172-step:243-v:28.0)-(t:2.179-step:244-v:27.0)-(t:2.192-step:245-v:26.0)-(t:2.231-step:246-v:25.0)-(t:2.236-step:247-v:24.0)-(t:2.402-step:248-v:23.0)-(t:2.497-step:249-v:22.0)-(t:2.656-step:250-v:21.0)-(t:2.742-step:251-v:20.0)-(t:2.875-step:252-v:19.0)-(t:2.961-step:253-v:18.0)-(t:3.082-step:254-v:17.0)-(t:3.185-step:255-v:16.0)-(t:3.295-step:256-v:15.0)-(t:3.359-step:257-v:14.0)-(t:3.371-step:258-v:13.0)-(t:3.479-step:259-v:12.0)-(t:3.493-step:260-v:11.0)-(t:3.591-step:261-v:10.0)-(t:3.682-step:262-v:9.0)-(t:3.774-step:263-v:8.0)-(t:3.911-step:264-v:7.0)-(t:4.016-step:265-v:6.0)-(t:4.118-step:266-v:5.0)-(t:4.893-step:304-v:4.0)-(t:4.994-step:305-v:3.0)-(t:5.439-step:314-v:2.0)-(t:6.371-step:333-v:1.0)-(t:6.677-step:338-v:0.0)],6.677
roundrobin,examples/csp/csp_100/carseq_100_8_20_82.txt,r1,5400,2,1.0,[(t:0.000-step:1-v:157.0)-(t:0.012-step:2-v:151.0)-(t:0.022-step:3-v:147.0)-(t:0.022-step:4-v:144.0)-(t:0.023-step:5-v:143.0)-(t:0.029-step:6-v:142.0)-(t:0.041-step:7-v:141.0)-(t:0.045-step:8-v:136.0)-(t:0.047-step:9-v:128.0)-(t:0.048-step:10-v:127.0)-(t:0.050-step:11-v:125.0)-(t:0.053-step:12-v:124.0)-(t:0.053-step:13-v:120.0)-(t:0.054-step:14-v:119.0)-(t:0.055-step:15-v:118.0)-(t:0.056-step:16-v:114.0)-(t:0.057-step:17-v:110.0)-(t:0.063-step:18-v:105.0)-(t:0.068-step:19-v:104.0)-(t:0.069-step:20-v:103.0)-(t:0.073-step:21-v:102.0)-(t:0.073-step:22-v:100.0)-(t:0.079-step:23-v:99.0)-(t:0.080-step:24-v:95.0)-(t:0.081-step:25-v:94.0)-(t:0.082-step:26-v:93.0)-(t:0.087-step:27-v:92.0)-(t:0.087-step:28-v:90.0)-(t:0.091-step:29-v:89.0)-(t:0.095-step:30-v:87.0)-(t:0.097-step:31-v:86.0)-(t:0.114-step:32-v:85.0)-(t:0.116-step:33-v:83.0)-(t:0.120-step:34-v:81.0)-(t:0.121-step:35-v:78.0)-(t:0.122-step:36-v:77.0)-(t:0.128-step:37-v:73.0)-(t:0.128-step:38-v:72.0)-(t:0.134-step:39-v:71.0)-(t:0.135-step:40-v:68.0)-(t:0.137-step:41-v:65.0)-(t:0.137-step:42-v:64.0)-(t:0.141-step:43-v:63.0)-(t:0.147-step:44-v:62.0)-(t:0.148-step:45-v:61.0)-(t:0.149-step:46-v:60.0)-(t:0.155-step:47-v:59.0)-(t:0.156-step:48-v:58.0)-(t:0.158-step:49-v:56.0)-(t:0.162-step:50-v:54.0)-(t:0.166-step:51-v:52.0)-(t:0.167-step:52-v:48.0)-(t:0.174-step:53-v:47.0)-(t:0.176-step:54-v:46.0)-(t:0.194-step:55-v:45.0)-(t:0.196-step:56-v:44.0)-(t:0.200-step:57-v:43.0)-(t:0.206-step:58-v:40.0)-(t:0.207-step:59-v:39.0)-(t:0.220-step:60-v:38.0)-(t:0.221-step:61-v:37.0)-(t:0.227-step:62-v:36.0)-(t:0.249-step:63-v:35.0)-(t:0.260-step:64-v:33.0)-(t:0.268-step:65-v:32.0)-(t:0.338-step:66-v:31.0)-(t:0.339-step:67-v:30.0)-(t:0.348-step:68-v:29.0)-(t:0.352-step:69-v:28.0)-(t:0.353-step:70-v:27.0)-(t:0.353-step:71-v:26.0)-(t:0.357-step:72-v:25.0)-(t:0.396-step:73-v:24.0)-(t:0.399-step:74-v:21.0)-(t:0.403-step:75-v:20.0)-(t:0.416-step:76-v:19.0)-(t:0.418-step:77-v:18.0)-(t:0.423-step:78-v:17.0)-(t:0.432-step:79-v:16.0)-(t:0.442-step:80-v:15.0)-(t:0.443-step:81-v:14.0)-(t:0.448-step:82-v:13.0)-(t:0.485-step:83-v:12.0)-(t:0.488-step:84-v:11.0)-(t:0.492-step:85-v:10.0)-(t:0.644-step:95-v:9.0)-(t:0.658-step:96-v:8.0)-(t:0.760-step:128-v:7.0)-(t:0.782-step:129-v:6.0)-(t:1.278-step:167-v:5.0)-(t:1.655-step:214-v:4.0)-(t:1.669-step:215-v:3.0)-(t:2.521-step:403-v:2.0)-(t:2.881-step:446-v:1.0)],5400.0
roundrobin,examples/csp/csp_100/carseq_100_8_20_85.txt,r1,5400,2,3.0,[(t:0.000-step:1-v:104.0)-(t:0.015-step:2-v:103.0)-(t:0.035-step:3-v:100.0)-(t:0.039-step:4-v:97.0)-(t:0.039-step:5-v:95.0)-(t:0.040-step:6-v:94.0)-(t:0.059-step:7-v:93.0)-(t:0.072-step:8-v:90.0)-(t:0.073-step:9-v:86.0)-(t:0.084-step:10-v:85.0)-(t:0.085-step:11-v:83.0)-(t:0.086-step:12-v:82.0)-(t:0.087-step:13-v:80.0)-(t:0.088-step:14-v:78.0)-(t:0.102-step:15-v:77.0)-(t:0.105-step:16-v:76.0)-(t:0.106-step:17-v:75.0)-(t:0.109-step:18-v:74.0)-(t:0.111-step:19-v:72.0)-(t:0.112-step:20-v:71.0)-(t:0.113-step:21-v:70.0)-(t:0.113-step:22-v:69.0)-(t:0.119-step:23-v:68.0)-(t:0.120-step:24-v:65.0)-(t:0.122-step:25-v:64.0)-(t:0.124-step:26-v:62.0)-(t:0.125-step:27-v:60.0)-(t:0.128-step:28-v:59.0)-(t:0.128-step:29-v:58.0)-(t:0.129-step:30-v:57.0)-(t:0.134-step:31-v:56.0)-(t:0.138-step:32-v:55.0)-(t:0.139-step:33-v:54.0)-(t:0.139-step:34-v:52.0)-(t:0.140-step:35-v:51.0)-(t:0.141-step:36-v:49.0)-(t:0.143-step:37-v:48.0)-(t:0.143-step:38-v:47.0)-(t:0.144-step:39-v:46.0)-(t:0.152-step:40-v:44.0)-(t:0.153-step:41-v:42.0)-(t:0.153-step:42-v:41.0)-(t:0.157-step:43-v:39.0)-(t:0.159-step:44-v:38.0)-(t:0.160-step:45-v:37.0)-(t:0.161-step:46-v:36.0)-(t:0.162-step:47-v:35.0)-(t:0.165-step:48-v:34.0)-(t:0.168-step:49-v:33.0)-(t:0.178-step:50-v:32.0)-(t:0.183-step:51-v:30.0)-(t:0.184-step:52-v:29.0)-(t:0.185-step:53-v:28.0)-(t:0.211-step:54-v:27.0)-(t:0.215-step:55-v:26.0)-(t:0.225-step:56-v:25.0)-(t:0.233-step:57-v:24.0)-(t:0.279-step:58-v:23.0)-(t:0.280-step:59-v:22.0)-(t:0.337-step:60-v:21.0)-(t:0.338-step:61-v:20.0)-(t:0.344-step:62-v:19.0)-(t:0.373-step:63-v:18.0)-(t:0.389-step:64-v:17.0)-(t:0.428-step:65-v:16.0)-(t:0.435-step:66-v:15.0)-(t:0.464-step:67-v:14.0)-(t:0.510-step:68-v:13.0)-(t:0.516-step:69-v:12.0)-(t:0.616-step:75-v:11.0)-(t:0.751-step:102-v:10.0)-(t:0.815-step:103-v:9.0)-(t:0.873-step:111-v:8.0)-(t:1.108-step:159-v:7.0)-(t:1.671-step:284-v:6.0)-(t:1.683-step:285-v:5.0)-(t:1.846-step:317-v:4.0)-(t:2.026-step:332-v:3.0)],5400.0
roundrobin,examples/csp/csp_100/carseq_100_8_20_86.txt,r1,5400,2,4.0,[(t:0.000-step:1-v:151.0)-(t:0.012-step:2-v:144.0)-(t:0.039-step:3-v:141.0)-(t:0.039-step:4-v:134.0)-(t:0.040-step:5-v:133.0)-(t:0.041-step:6-v:132.0)-(t:0.064-step:7-v:131.0)-(t:0.070-step:8-v:125.0)-(t:0.075-step:9-v:124.0)-(t:0.080-step:10-v:122.0)-(t:0.081-step:11-v:120.0)-(t:0.083-step:12-v:118.0)-(t:0.083-step:13-v:117.0)-(t:0.084-step:14-v:116.0)-(t:0.084-step:15-v:115.0)-(t:0.086-step:16-v:114.0)-(t:0.090-step:17-v:112.0)-(t:0.093-step:18-v:110.0)-(t:0.094-step:19-v:108.0)-(t:0.095-step:20-v:106.0)-(t:0.096-step:21-v:103.0)-(t:0.096-step:22-v:102.0)-(t:0.108-step:23-v:101.0)-(t:0.109-step:24-v:100.0)-(t:0.113-step:25-v:97.0)-(t:0.114-step:26-v:96.0)-(t:0.114-step:27-v:94.0)-(t:0.116-step:28-v:93.0)-(t:0.116-step:29-v:90.0)-(t:0.117-step:30-v:89.0)-(t:0.118-step:31-v:88.0)-(t:0.118-step:32-v:86.0)-(t:0.119-step:33-v:85.0)-(t:0.119-step:34-v:83.0)-(t:0.120-step:35-v:82.0)-(t:0.120-step:36-v:80.0)-(t:0.124-step:37-v:79.0)-(t:0.125-step:38-v:78.0)-(t:0.126-step:39-v:77.0)-(t:0.130-step:40-v:76.0)-(t:0.133-step:41-v:75.0)-(t:0.134-step:42-v:74.0)-(t:0.137-step:43-v:73.0)-(t:0.137-step:44-v:72.0)-(t:0.138-step:45-v:70.0)-(t:0.140-step:46-v:69.0)-(t:0.141-step:47-v:68.0)-(t:0.142-step:48-v:67.0)-(t:0.142-step:49-v:66.0)-(t:0.144-step:50-v:65.0)-(t:0.145-step:51-v:64.0)-(t:0.154-step:52-v:61.0)-(t:0.158-step:53-v:60.0)-(t:0.158-step:54-v:59.0)-(t:0.186-step:55-v:58.0)-(t:0.192-step:56-v:56.0)-(t:0.193-step:57-v:54.0)-(t:0.194-step:58-v:53.0)-(t:0.199-step:59-v:52.0)-(t:0.207-step:60-v:51.0)-(t:0.207-step:61-v:50.0)-(t:0.211-step:62-v:49.0)-(t:0.232-step:63-v:48.0)-(t:0.236-step:64-v:47.0)-(t:0.237-step:65-v:46.0)-(t:0.261-step:66-v:45.0)-(t:0.265-step:67-v:44.0)-(t:0.271-step:68-v:42.0)-(t:0.308-step:69-v:41.0)-(t:0.316-step:70-v:40.0)-(t:0.318-step:71-v:39.0)-(t:0.352-step:72-v:38.0)-(t:0.353-step:73-v:37.0)-(t:0.360-step:74-v:36.0)-(t:0.360-step:75-v:35.0)-(t:0.361-step:76-v:34.0)-(t:0.364-step:77-v:33.0)-(t:0.364-step:78-v:32.0)-(t:0.372-step:79-v:31.0)-(t:0.387-step:80-v:30.0)-(t:0.408-step:81-v:29.0)-(t:0.415-step:82-v:27.0)-(t:0.446-step:83-v:26.0)-(t:0.448-step:84-v:25.0)-(t:0.448-step:85-v:24.0)-(t:0.452-step:86-v:22.0)-(t:0.476-step:87-v:21.0)-(t:0.480-step:88-v:20.0)-(t:0.488-step:89-v:19.0)-(t:0.498-step:90-v:17.0)-(t:0.536-step:91-v:16.0)-(t:0.578-step:92-v:15.0)-(t:0.640-step:93-v:14.0)-(t:0.681-step:94-v:13.0)-(t:1.254-step:163-v:12.0)-(t:1.258-step:164-v:11.0)-(t:1.262-step:165-v:10.0)-(t:1.334-step:173-v:9.0)-(t:2.005-step:311-v:8.0)-(t:2.022-step:312-v:7.0)-(t:2.023-step:313-v:6.0)-(t:2.025-step:314-v:5.0)-(t:2.040-step:315-v:4.0)],5400.0
roundrobin,examples/csp/csp_100/carseq_100_8_20_88.txt,r1,5400,2,1.0,[(t:0.000-step:1-v:142.0)-(t:0.010-step:2-v:134.0)-(t:0.028-step:3-v:133.0)-(t:0.029-step:4-v:131.0)-(t:0.031-step:5-v:130.0)-(t:0.033-step:6-v:129.0)-(t:0.041-step:7-v:127.0)-(t:0.046-step:8-v:126.0)-(t:0.055-step:9-v:124.0)-(t:0.058-step:10-v:123.0)-(t:0.061-step:11-v:121.0)-(t:0.066-step:12-v:119.0)-(t:0.068-step:13-v:117.0)-(t:0.068-step:14-v:116.0)-(t:0.075-step:15-v:115.0)-(t:0.080-step:16-v:112.0)-(t:0.081-step:17-v:110.0)-(t:0.094-step:18-v:109.0)-(t:0.095-step:19-v:107.0)-(t:0.097-step:20-v:105.0)-(t:0.102-step:21-v:104.0)-(t:0.103-step:22-v:103.0)-(t:0.108-step:23-v:102.0)-(t:0.111-step:24-v:101.0)-(t:0.112-step:25-v:100.0)-(t:0.112-step:26-v:98.0)-(t:0.113-step:27-v:97.0)-(t:0.113-step:28-v:96.0)-(t:0.114-step:29-v:94.0)-(t:0.115-step:30-v:93.0)-(t:0.115-step:31-v:92.0)-(t:0.116-step:32-v:91.0)-(t:0.117-step:33-v:90.0)-(t:0.117-step:34-v:87.0)-(t:0.118-step:35-v:84.0)-(t:0.119-step:36-v:83.0)-(t:0.120-step:37-v:82.0)-(t:0.121-step:38-v:81.0)-(t:0.135-step:39-v:80.0)-(t:0.137-step:40-v:79.0)-(t:0.140-step:41-v:78.0)-(t:0.141-step:42-v:77.0)-(t:0.142-step:43-v:76.0)-(t:0.144-step:44-v:75.0)-(t:0.145-step:45-v:74.0)-(t:0.160-step:46-v:73.0)-(t:0.164-step:47-v:72.0)-(t:0.165-step:48-v:69.0)-(t:0.166-step:49-v:68.0)-(t:0.167-step:50-v:66.0)-(t:0.167-step:51-v:65.0)-(t:0.170-step:52-v:63.0)-(t:0.170-step:53-v:62.0)-(t:0.171-step:54-v:60.0)-(t:0.175-step:55-v:59.0)-(t:0.176-step:56-v:58.0)-(t:0.180-step:57-v:56.0)-(t:0.181-step:58-v:55.0)-(t:0.181-step:59-v:54.0)-(t:0.184-step:60-v:53.0)-(t:0.185-step:61-v:52.0)-(t:0.189-step:62-v:51.0)-(t:0.190-step:63-v:50.0)-(t:0.195-step:64-v:49.0)-(t:0.214-step:65-v:47.0)-(t:0.221-step:66-v:45.0)-(t:0.233-step:67-v:44.0)-(t:0.233-step:68-v:43.0)-(t:0.234-step:69-v:42.0)-(t:0.234-step:70-v:41.0)-(t:0.244-step:71-v:40.0)-(t:0.245-step:72-v:38.0)-(t:0.249-step:73-v:37.0)-(t:0.250-step:74-v:36.0)-(t:0.255-step:75-v:34.0)-(t:0.256-step:76-v:33.0)-(t:0.256-step:77-v:31.0)-(t:0.260-step:78-v:30.0)-(t:0.272-step:79-v:29.0)-(t:0.308-step:80-v:28.0)-(t:0.310-step:81-v:27.0)-(t:0.329-step:82-v:26.0)-(t:0.373-step:83-v:25.0)-(t:0.375-step:84-v:24.0)-(t:0.388-step:85-v:23.0)-(t:0.389-step:86-v:22.0)-(t:0.400-step:87-v:21.0)-(t:0.404-step:88-v:20.0)-(t:0.408-step:89-v:19.0)-(t:0.409-step:90-v:18.0)-(t:0.414-step:91-v:17.0)-(t:0.424-step:92-v:15.0)-(t:0.425-step:93-v:14.0)-(t:0.442-step:94-v:13.0)-(t:0.459-step:95-v:12.0)-(t:0.530-step:96-v:10.0)-(t:0.536-step:97-v:9.0)-(t:0.592-step:98-v:8.0)-(t:0.594-step:99-v:7.0)-(t:0.622-step:100-v:6.0)-(t:0.804-step:121-v:5.0)-(t:0.859-step:126-v:4.0)-(t:0.873-step:127-v:3.0)-(t:1.400-step:225-v:2.0)-(t:1.708-step:267-v:1.0)],5400.0
roundrobin,examples/csp/csp_100/carseq_100_8_20_98.txt,r1,5400,2,1.0,[(t:0.000-step:1-v:140.0)-(t:0.017-step:2-v:139.0)-(t:0.053-step:3-v:138.0)-(t:0.056-step:4-v:137.0)-(t:0.059-step:5-v:135.0)-(t:0.062-step:6-v:133.0)-(t:0.078-step:7-v:132.0)-(t:0.082-step:8-v:126.0)-(t:0.088-step:9-v:123.0)-(t:0.091-step:10-v:122.0)-(t:0.098-step:11-v:121.0)-(t:0.099-step:12-v:118.0)-(t:0.100-step:13-v:117.0)-(t:0.101-step:14-v:116.0)-(t:0.108-step:15-v:115.0)-(t:0.111-step:16-v:114.0)-(t:0.112-step:17-v:113.0)-(t:0.118-step:18-v:111.0)-(t:0.119-step:19-v:110.0)-(t:0.121-step:20-v:109.0)-(t:0.121-step:21-v:108.0)-(t:0.126-step:22-v:106.0)-(t:0.136-step:23-v:105.0)-(t:0.140-step:24-v:104.0)-(t:0.141-step:25-v:101.0)-(t:0.142-step:26-v:99.0)-(t:0.144-step:27-v:98.0)-(t:0.144-step:28-v:94.0)-(t:0.145-step:29-v:93.0)-(t:0.146-step:30-v:92.0)-(t:0.150-step:31-v:90.0)-(t:0.153-step:32-v:89.0)-(t:0.155-step:33-v:88.0)-(t:0.156-step:34-v:87.0)-(t:0.157-step:35-v:85.0)-(t:0.159-step:36-v:84.0)-(t:0.160-step:37-v:82.0)-(t:0.160-step:38-v:80.0)-(t:0.163-step:39-v:79.0)-(t:0.164-step:40-v:78.0)-(t:0.164-step:41-v:77.0)-(t:0.165-step:42-v:76.0)-(t:0.167-step:43-v:75.0)-(t:0.168-step:44-v:73.0)-(t:0.170-step:45-v:72.0)-(t:0.171-step:46-v:70.0)-(t:0.172-step:47-v:69.0)-(t:0.173-step:48-v:68.0)-(t:0.174-step:49-v:67.0)-(t:0.174-step:50-v:66.0)-(t:0.177-step:51-v:65.0)-(t:0.181-step:52-v:64.0)-(t:0.182-step:53-v:63.0)-(t:0.182-step:54-v:62.0)-(t:0.184-step:55-v:61.0)-(t:0.187-step:56-v:60.0)-(t:0.188-step:57-v:58.0)-(t:0.189-step:58-v:55.0)-(t:0.190-step:59-v:54.0)-(t:0.202-step:60-v:53.0)-(t:0.202-step:61-v:52.0)-(t:0.209-step:62-v:51.0)-(t:0.219-step:63-v:50.0)-(t:0.231-step:64-v:49.0)-(t:0.232-step:65-v:48.0)-(t:0.233-step:66-v:47.0)-(t:0.238-step:67-v:46.0)-(t:0.239-step:68-v:45.0)-(t:0.240-step:69-v:44.0)-(t:0.241-step:70-v:43.0)-(t:0.249-step:71-v:41.0)-(t:0.251-step:72-v:39.0)-(t:0.258-step:73-v:38.0)-(t:0.259-step:74-v:37.0)-(t:0.264-step:75-v:36.0)-(t:0.264-step:76-v:34.0)-(t:0.271-step:77-v:32.0)-(t:0.327-step:78-v:31.0)-(t:0.328-step:79-v:30.0)-(t:0.367-step:80-v:29.0)-(t:0.370-step:81-v:28.0)-(t:0.374-step:82-v:27.0)-(t:0.377-step:83-v:26.0)-(t:0.380-step:84-v:25.0)-(t:0.381-step:85-v:24.0)-(t:0.401-step:86-v:23.0)-(t:0.411-step:87-v:21.0)-(t:0.415-step:88-v:20.0)-(t:0.422-step:89-v:19.0)-(t:0.440-step:90-v:18.0)-(t:0.442-step:91-v:17.0)-(t:0.443-step:92-v:16.0)-(t:0.455-step:93-v:15.0)-(t:0.499-step:94-v:14.0)-(t:0.516-step:95-v:13.0)-(t:0.540-step:96-v:12.0)-(t:0.566-step:97-v:11.0)-(t:0.581-step:98-v:10.0)-(t:0.786-step:109-v:9.0)-(t:0.812-step:110-v:8.0)-(t:1.231-step:161-v:7.0)-(t:1.269-step:162-v:6.0)-(t:1.314-step:163-v:5.0)-(t:1.518-step:184-v:4.0)-(t:2.006-step:238-v:3.0)-(t:3.391-step:548-v:2.0)-(t:3.589-step:603-v:1.0)],5400.0
roundrobin,examples/csp/csp_100/carseq_100_8_20_99.txt,r1,5400,2,1.0,[(t:0.000-step:1-v:133.0)-(t:0.012-step:2-v:131.0)-(t:0.062-step:3-v:130.0)-(t:0.067-step:4-v:128.0)-(t:0.068-step:5-v:125.0)-(t:0.069-step:6-v:124.0)-(t:0.085-step:7-v:123.0)-(t:0.090-step:8-v:121.0)-(t:0.096-step:9-v:118.0)-(t:0.100-step:10-v:117.0)-(t:0.106-step:11-v:116.0)-(t:0.106-step:12-v:114.0)-(t:0.107-step:13-v:113.0)-(t:0.107-step:14-v:110.0)-(t:0.108-step:15-v:108.0)-(t:0.122-step:16-v:104.0)-(t:0.124-step:17-v:102.0)-(t:0.124-step:18-v:101.0)-(t:0.134-step:19-v:98.0)-(t:0.139-step:20-v:97.0)-(t:0.139-step:21-v:94.0)-(t:0.140-step:22-v:93.0)-(t:0.148-step:23-v:92.0)-(t:0.149-step:24-v:89.0)-(t:0.149-step:25-v:88.0)-(t:0.150-step:26-v:86.0)-(t:0.164-step:27-v:85.0)-(t:0.166-step:28-v:83.0)-(t:0.167-step:29-v:82.0)-(t:0.167-step:30-v:81.0)-(t:0.189-step:31-v:80.0)-(t:0.194-step:32-v:77.0)-(t:0.196-step:33-v:76.0)-(t:0.199-step:34-v:75.0)-(t:0.199-step:35-v:74.0)-(t:0.200-step:36-v:73.0)-(t:0.205-step:37-v:71.0)-(t:0.206-step:38-v:69.0)-(t:0.215-step:39-v:68.0)-(t:0.217-step:40-v:67.0)-(t:0.217-step:41-v:66.0)-(t:0.224-step:42-v:65.0)-(t:0.227-step:43-v:63.0)-(t:0.232-step:44-v:62.0)-(t:0.233-step:45-v:61.0)-(t:0.242-step:46-v:60.0)-(t:0.261-step:47-v:59.0)-(t:0.267-step:48-v:57.0)-(t:0.268-step:49-v:56.0)-(t:0.274-step:50-v:54.0)-(t:0.278-step:51-v:53.0)-(t:0.279-step:52-v:52.0)-(t:0.284-step:53-v:51.0)-(t:0.313-step:54-v:50.0)-(t:0.314-step:55-v:48.0)-(t:0.314-step:56-v:47.0)-(t:0.315-step:57-v:46.0)-(t:0.322-step:58-v:45.0)-(t:0.326-step:59-v:44.0)-(t:0.327-step:60-v:43.0)-(t:0.367-step:61-v:42.0)-(t:0.377-step:62-v:41.0)-(t:0.383-step:63-v:39.0)-(t:0.383-step:64-v:38.0)-(t:0.384-step:65-v:37.0)-(t:0.397-step:66-v:36.0)-(t:0.400-step:67-v:35.0)-(t:0.439-step:68-v:34.0)-(t:0.502-step:69-v:33.0)-(t:0.507-step:70-v:32.0)-(t:0.518-step:71-v:31.0)-(t:0.524-step:72-v:30.0)-(t:0.526-step:73-v:29.0)-(t:0.535-step:74-v:28.0)-(t:0.614-step:75-v:27.0)-(t:0.623-step:76-v:26.0)-(t:0.623-step:77-v:25.0)-(t:0.624-step:78-v:24.0)-(t:0.647-step:79-v:23.0)-(t:0.658-step:80-v:22.0)-(t:0.658-step:81-v:21.0)-(t:0.658-step:82-v:20.0)-(t:0.666-step:83-v:19.0)-(t:0.683-step:84-v:18.0)-(t:0.686-step:85-v:17.0)-(t:0.720-step:86-v:16.0)-(t:0.721-step:87-v:15.0)-(t:0.721-step:88-v:14.0)-(t:0.729-step:89-v:13.0)-(t:0.739-step:90-v:12.0)-(t:0.749-step:91-v:11.0)-(t:0.768-step:92-v:10.0)-(t:0.798-step:93-v:9.0)-(t:0.849-step:94-v:8.0)-(t:1.295-step:156-v:7.0)-(t:1.324-step:157-v:6.0)-(t:1.341-step:158-v:5.0)-(t:1.432-step:176-v:4.0)-(t:1.433-step:177-v:3.0)-(t:1.766-step:218-v:2.0)-(t:1.925-step:234-v:1.0)],5400.0
roundrobin,examples/csp/csp_200/pb_200_06.txt,r1,5400,2,6.0,[(t:0.000-step:1-v:257.0)-(t:0.008-step:2-v:256.0)-(t:0.031-step:3-v:255.0)-(t:0.033-step:4-v:254.0)-(t:0.034-step:5-v:253.0)-(t:0.034-step:6-v:252.0)-(t:0.048-step:7-v:251.0)-(t:0.054-step:8-v:250.0)-(t:0.055-step:9-v:245.0)-(t:0.056-step:10-v:241.0)-(t:0.057-step:11-v:237.0)-(t:0.057-step:12-v:236.0)-(t:0.059-step:13-v:232.0)-(t:0.060-step:14-v:231.0)-(t:0.062-step:15-v:230.0)-(t:0.063-step:16-v:226.0)-(t:0.064-step:17-v:219.0)-(t:0.065-step:18-v:218.0)-(t:0.068-step:19-v:217.0)-(t:0.074-step:20-v:216.0)-(t:0.076-step:21-v:215.0)-(t:0.077-step:22-v:213.0)-(t:0.079-step:23-v:210.0)-(t:0.080-step:24-v:209.0)-(t:0.081-step:25-v:204.0)-(t:0.084-step:26-v:200.0)-(t:0.085-step:27-v:198.0)-(t:0.086-step:28-v:196.0)-(t:0.088-step:29-v:194.0)-(t:0.089-step:30-v:193.0)-(t:0.091-step:31-v:192.0)-(t:0.093-step:32-v:191.0)-(t:0.096-step:33-v:181.0)-(t:0.100-step:34-v:180.0)-(t:0.104-step:35-v:176.0)-(t:0.104-step:36-v:175.0)-(t:0.105-step:37-v:174.0)-(t:0.105-step:38-v:172.0)-(t:0.107-step:39-v:171.0)-(t:0.114-step:40-v:169.0)-(t:0.115-step:41-v:168.0)-(t:0.115-step:42-v:167.0)-(t:0.118-step:43-v:165.0)-(t:0.121-step:44-v:163.0)-(t:0.121-step:45-v:162.0)-(t:0.122-step:46-v:160.0)-(t:0.124-step:47-v:158.0)-(t:0.128-step:48-v:156.0)-(t:0.129-step:49-v:155.0)-(t:0.130-step:50-v:153.0)-(t:0.131-step:51-v:150.0)-(t:0.133-step:52-v:149.0)-(t:0.134-step:53-v:145.0)-(t:0.137-step:54-v:143.0)-(t:0.141-step:55-v:142.0)-(t:0.144-step:56-v:139.0)-(t:0.150-step:57-v:137.0)-(t:0.151-step:58-v:136.0)-(t:0.152-step:59-v:135.0)-(t:0.157-step:60-v:134.0)-(t:0.159-step:61-v:133.0)-(t:0.160-step:62-v:132.0)-(t:0.183-step:63-v:131.0)-(t:0.190-step:64-v:129.0)-(t:0.191-step:65-v:127.0)-(t:0.191-step:66-v:126.0)-(t:0.192-step:67-v:125.0)-(t:0.198-step:68-v:124.0)-(t:0.199-step:69-v:123.0)-(t:0.200-step:70-v:122.0)-(t:0.215-step:71-v:121.0)-(t:0.219-step:72-v:116.0)-(t:0.222-step:73-v:115.0)-(t:0.223-step:74-v:114.0)-(t:0.224-step:75-v:113.0)-(t:0.237-step:76-v:112.0)-(t:0.241-step:77-v:110.0)-(t:0.242-step:78-v:109.0)-(t:0.289-step:79-v:107.0)-(t:0.294-step:80-v:106.0)-(t:0.295-step:81-v:105.0)-(t:0.300-step:82-v:104.0)-(t:0.311-step:83-v:103.0)-(t:0.312-step:84-v:102.0)-(t:0.315-step:85-v:101.0)-(t:0.318-step:86-v:100.0)-(t:0.325-step:87-v:99.0)-(t:0.329-step:88-v:98.0)-(t:0.330-step:89-v:96.0)-(t:0.331-step:90-v:95.0)-(t:0.332-step:91-v:94.0)-(t:0.333-step:92-v:92.0)-(t:0.334-step:93-v:91.0)-(t:0.335-step:94-v:90.0)-(t:0.357-step:95-v:89.0)-(t:0.358-step:96-v:88.0)-(t:0.362-step:97-v:87.0)-(t:0.363-step:98-v:86.0)-(t:0.364-step:99-v:84.0)-(t:0.375-step:100-v:82.0)-(t:0.376-step:101-v:81.0)-(t:0.381-step:102-v:80.0)-(t:0.396-step:103-v:79.0)-(t:0.400-step:104-v:78.0)-(t:0.406-step:105-v:77.0)-(t:0.413-step:106-v:76.0)-(t:0.429-step:107-v:75.0)-(t:0.429-step:108-v:74.0)-(t:0.433-step:109-v:73.0)-(t:0.440-step:110-v:72.0)-(t:0.445-step:111-v:71.0)-(t:0.445-step:112-v:70.0)-(t:0.446-step:113-v:69.0)-(t:0.462-step:114-v:68.0)-(t:0.463-step:115-v:65.0)-(t:0.481-step:116-v:64.0)-(t:0.529-step:117-v:63.0)-(t:0.547-step:118-v:62.0)-(t:0.548-step:119-v:59.0)-(t:0.548-step:120-v:58.0)-(t:0.549-step:121-v:56.0)-(t:0.552-step:122-v:55.0)-(t:0.553-step:123-v:54.0)-(t:0.560-step:124-v:53.0)-(t:0.604-step:125-v:52.0)-(t:0.615-step:126-v:51.0)-(t:0.617-step:127-v:50.0)-(t:0.622-step:128-v:49.0)-(t:0.638-step:129-v:48.0)-(t:0.642-step:130-v:47.0)-(t:0.642-step:131-v:46.0)-(t:0.742-step:132-v:45.0)-(t:0.773-step:133-v:44.0)-(t:0.777-step:134-v:43.0)-(t:0.779-step:135-v:42.0)-(t:0.841-step:136-v:41.0)-(t:0.855-step:137-v:40.0)-(t:0.856-step:138-v:39.0)-(t:0.862-step:139-v:38.0)-(t:0.888-step:140-v:37.0)-(t:0.940-step:141-v:36.0)-(t:0.950-step:142-v:35.0)-(t:1.093-step:143-v:34.0)-(t:1.099-step:144-v:33.0)-(t:1.104-step:145-v:32.0)-(t:1.219-step:146-v:31.0)-(t:1.250-step:147-v:30.0)-(t:1.266-step:148-v:29.0)-(t:1.360-step:149-v:28.0)-(t:1.366-step:150-v:27.0)-(t:1.367-step:151-v:26.0)-(t:1.495-step:152-v:25.0)-(t:1.511-step:153-v:24.0)-(t:1.513-step:154-v:23.0)-(t:1.529-step:155-v:22.0)-(t:1.530-step:156-v:21.0)-(t:1.663-step:157-v:20.0)-(t:1.682-step:158-v:19.0)-(t:1.691-step:159-v:18.0)-(t:1.753-step:160-v:17.0)-(t:1.812-step:161-v:16.0)-(t:1.891-step:162-v:15.0)-(t:2.310-step:224-v:14.0)-(t:2.445-step:230-v:13.0)-(t:2.832-step:286-v:12.0)-(t:2.900-step:287-v:11.0)-(t:3.385-step:333-v:10.0)-(t:4.053-step:414-v:9.0)-(t:4.302-step:443-v:8.0)-(t:4.312-step:444-v:7.0)-(t:6.061-step:647-v:6.0)],5400.0
roundrobin,examples/csp/csp_200/pb_200_08.txt,r1,5400,2,8.0,[(t:0.000-step:1-v:245.0)-(t:0.009-step:2-v:241.0)-(t:0.040-step:3-v:239.0)-(t:0.041-step:4-v:231.0)-(t:0.043-step:5-v:230.0)-(t:0.044-step:6-v:228.0)-(t:0.070-step:7-v:227.0)-(t:0.081-step:8-v:221.0)-(t:0.084-step:9-v:219.0)-(t:0.086-step:10-v:216.0)-(t:0.088-step:11-v:215.0)-(t:0.090-step:12-v:213.0)-(t:0.091-step:13-v:212.0)-(t:0.091-step:14-v:211.0)-(t:0.093-step:15-v:210.0)-(t:0.097-step:16-v:207.0)-(t:0.098-step:17-v:204.0)-(t:0.098-step:18-v:202.0)-(t:0.099-step:19-v:200.0)-(t:0.099-step:20-v:199.0)-(t:0.100-step:21-v:198.0)-(t:0.100-step:22-v:197.0)-(t:0.101-step:23-v:195.0)-(t:0.102-step:24-v:193.0)-(t:0.103-step:25-v:192.0)-(t:0.103-step:26-v:191.0)-(t:0.104-step:27-v:190.0)-(t:0.113-step:28-v:189.0)-(t:0.114-step:29-v:186.0)-(t:0.114-step:30-v:183.0)-(t:0.153-step:31-v:182.0)-(t:0.158-step:32-v:180.0)-(t:0.161-step:33-v:178.0)-(t:0.162-step:34-v:177.0)-(t:0.166-step:35-v:176.0)-(t:0.170-step:36-v:175.0)-(t:0.175-step:37-v:174.0)-(t:0.176-step:38-v:173.0)-(t:0.177-step:39-v:172.0)-(t:0.179-step:40-v:165.0)-(t:0.191-step:41-v:160.0)-(t:0.192-step:42-v:157.0)-(t:0.192-step:43-v:156.0)-(t:0.193-step:44-v:155.0)-(t:0.194-step:45-v:154.0)-(t:0.194-step:46-v:153.0)-(t:0.205-step:47-v:151.0)-(t:0.210-step:48-v:150.0)-(t:0.211-step:49-v:148.0)-(t:0.217-step:50-v:147.0)-(t:0.217-step:51-v:146.0)-(t:0.218-step:52-v:145.0)-(t:0.218-step:53-v:143.0)-(t:0.219-step:54-v:142.0)-(t:0.223-step:55-v:141.0)-(t:0.224-step:56-v:140.0)-(t:0.225-step:57-v:139.0)-(t:0.226-step:58-v:138.0)-(t:0.227-step:59-v:137.0)-(t:0.229-step:60-v:135.0)-(t:0.231-step:61-v:134.0)-(t:0.231-step:62-v:133.0)-(t:0.233-step:63-v:132.0)-(t:0.238-step:64-v:131.0)-(t:0.239-step:65-v:130.0)-(t:0.240-step:66-v:129.0)-(t:0.240-step:67-v:127.0)-(t:0.243-step:68-v:126.0)-(t:0.244-step:69-v:123.0)-(t:0.245-step:70-v:122.0)-(t:0.247-step:71-v:120.0)-(t:0.249-step:72-v:116.0)-(t:0.249-step:73-v:114.0)-(t:0.251-step:74-v:110.0)-(t:0.252-step:75-v:105.0)-(t:0.255-step:76-v:104.0)-(t:0.256-step:77-v:103.0)-(t:0.261-step:78-v:102.0)-(t:0.263-step:79-v:101.0)-(t:0.270-step:80-v:100.0)-(t:0.272-step:81-v:98.0)-(t:0.272-step:82-v:97.0)-(t:0.276-step:83-v:96.0)-(t:0.278-step:84-v:94.0)-(t:0.284-step:85-v:93.0)-(t:0.288-step:86-v:92.0)-(t:0.347-step:87-v:91.0)-(t:0.349-step:88-v:90.0)-(t:0.355-step:89-v:88.0)-(t:0.355-step:90-v:86.0)-(t:0.357-step:91-v:83.0)-(t:0.363-step:92-v:80.0)-(t:0.364-step:93-v:79.0)-(t:0.365-step:94-v:78.0)-(t:0.375-step:95-v:77.0)-(t:0.382-step:96-v:76.0)-(t:0.383-step:97-v:74.0)-(t:0.384-step:98-v:72.0)-(t:0.386-step:99-v:71.0)-(t:0.387-step:100-v:69.0)-(t:0.387-step:101-v:67.0)-(t:0.388-step:102-v:66.0)-(t:0.401-step:103-v:65.0)-(t:0.407-step:104-v:63.0)-(t:0.408-step:105-v:62.0)-(t:0.409-step:106-v:61.0)-(t:0.411-step:107-v:60.0)-(t:0.415-step:108-v:59.0)-(t:0.419-step:109-v:58.0)-(t:0.440-step:110-v:57.0)-(t:0.446-step:111-v:56.0)-(t:0.447-step:112-v:55.0)-(t:0.448-step:113-v:53.0)-(t:0.449-step:114-v:52.0)-(t:0.457-step:115-v:51.0)-(t:0.477-step:116-v:50.0)-(t:0.479-step:117-v:49.0)-(t:0.480-step:118-v:48.0)-(t:0.480-step:119-v:47.0)-(t:0.482-step:120-v:46.0)-(t:0.483-step:121-v:45.0)-(t:0.484-step:122-v:44.0)-(t:0.514-step:123-v:43.0)-(t:0.516-step:124-v:42.0)-(t:0.520-step:125-v:41.0)-(t:0.540-step:126-v:40.0)-(t:0.545-step:127-v:39.0)-(t:0.546-step:128-v:38.0)-(t:0.575-step:129-v:37.0)-(t:0.590-step:130-v:36.0)-(t:0.593-step:131-v:35.0)-(t:0.593-step:132-v:34.0)-(t:0.596-step:133-v:33.0)-(t:0.636-step:134-v:32.0)-(t:0.660-step:135-v:30.0)-(t:0.660-step:136-v:29.0)-(t:0.677-step:137-v:28.0)-(t:0.679-step:138-v:27.0)-(t:0.680-step:139-v:26.0)-(t:0.700-step:140-v:25.0)-(t:0.717-step:141-v:24.0)-(t:0.735-step:142-v:23.0)-(t:0.749-step:143-v:22.0)-(t:0.795-step:144-v:21.0)-(t:0.795-step:145-v:19.0)-(t:0.802-step:146-v:18.0)-(t:0.823-step:147-v:17.0)-(t:1.361-step:212-v:16.0)-(t:1.364-step:213-v:15.0)-(t:1.387-step:214-v:14.0)-(t:1.466-step:215-v:13.0)-(t:1.517-step:216-v:12.0)-(t:1.597-step:217-v:11.0)-(t:2.066-step:255-v:10.0)-(t:2.985-step:365-v:9.0)-(t:11.408-step:1429-v:8.0)],5400.0
roundrobin,examples/csp/csp_200/pb_200_09.txt,r1,5400,2,10.0,[(t:0.000-step:1-v:221.0)-(t:0.007-step:2-v:211.0)-(t:0.040-step:3-v:209.0)-(t:0.042-step:4-v:207.0)-(t:0.042-step:5-v:205.0)-(t:0.043-step:6-v:204.0)-(t:0.065-step:7-v:203.0)-(t:0.073-step:8-v:198.0)-(t:0.075-step:9-v:193.0)-(t:0.077-step:10-v:191.0)-(t:0.078-step:11-v:187.0)-(t:0.079-step:12-v:183.0)-(t:0.080-step:13-v:182.0)-(t:0.081-step:14-v:181.0)-(t:0.094-step:15-v:179.0)-(t:0.100-step:16-v:178.0)-(t:0.101-step:17-v:177.0)-(t:0.101-step:18-v:176.0)-(t:0.102-step:19-v:175.0)-(t:0.107-step:20-v:171.0)-(t:0.109-step:21-v:167.0)-(t:0.110-step:22-v:166.0)-(t:0.117-step:23-v:165.0)-(t:0.121-step:24-v:163.0)-(t:0.127-step:25-v:162.0)-(t:0.128-step:26-v:160.0)-(t:0.128-step:27-v:159.0)-(t:0.129-step:28-v:157.0)-(t:0.134-step:29-v:154.0)-(t:0.135-step:30-v:153.0)-(t:0.136-step:31-v:152.0)-(t:0.142-step:32-v:151.0)-(t:0.148-step:33-v:150.0)-(t:0.149-step:34-v:147.0)-(t:0.150-step:35-v:144.0)-(t:0.150-step:36-v:143.0)-(t:0.151-step:37-v:141.0)-(t:0.152-step:38-v:138.0)-(t:0.167-step:39-v:137.0)-(t:0.169-step:40-v:136.0)-(t:0.173-step:41-v:135.0)-(t:0.174-step:42-v:134.0)-(t:0.174-step:43-v:132.0)-(t:0.175-step:44-v:131.0)-(t:0.181-step:45-v:130.0)-(t:0.181-step:46-v:129.0)-(t:0.191-step:47-v:128.0)-(t:0.193-step:48-v:126.0)-(t:0.197-step:49-v:124.0)-(t:0.197-step:50-v:123.0)-(t:0.198-step:51-v:122.0)-(t:0.210-step:52-v:121.0)-(t:0.211-step:53-v:120.0)-(t:0.212-step:54-v:119.0)-(t:0.213-step:55-v:118.0)-(t:0.214-step:56-v:117.0)-(t:0.217-step:57-v:116.0)-(t:0.217-step:58-v:115.0)-(t:0.218-step:59-v:114.0)-(t:0.249-step:60-v:113.0)-(t:0.253-step:61-v:112.0)-(t:0.259-step:62-v:111.0)-(t:0.269-step:63-v:110.0)-(t:0.271-step:64-v:107.0)-(t:0.274-step:65-v:105.0)-(t:0.276-step:66-v:104.0)-(t:0.277-step:67-v:103.0)-(t:0.287-step:68-v:102.0)-(t:0.288-step:69-v:100.0)-(t:0.289-step:70-v:99.0)-(t:0.311-step:71-v:98.0)-(t:0.312-step:72-v:97.0)-(t:0.312-step:73-v:96.0)-(t:0.315-step:74-v:95.0)-(t:0.316-step:75-v:93.0)-(t:0.319-step:76-v:92.0)-(t:0.323-step:77-v:90.0)-(t:0.324-step:78-v:89.0)-(t:0.338-step:79-v:88.0)-(t:0.349-step:80-v:87.0)-(t:0.358-step:81-v:86.0)-(t:0.359-step:82-v:85.0)-(t:0.365-step:83-v:84.0)-(t:0.367-step:84-v:83.0)-(t:0.370-step:85-v:82.0)-(t:0.446-step:86-v:81.0)-(t:0.447-step:87-v:80.0)-(t:0.448-step:88-v:79.0)-(t:0.449-step:89-v:78.0)-(t:0.455-step:90-v:77.0)-(t:0.457-step:91-v:76.0)-(t:0.459-step:92-v:75.0)-(t:0.488-step:93-v:74.0)-(t:0.495-step:94-v:73.0)-(t:0.495-step:95-v:71.0)-(t:0.497-step:96-v:69.0)-(t:0.503-step:97-v:67.0)-(t:0.509-step:98-v:66.0)-(t:0.516-step:99-v:65.0)-(t:0.517-step:100-v:62.0)-(t:0.518-step:101-v:61.0)-(t:0.519-step:102-v:59.0)-(t:0.520-step:103-v:58.0)-(t:0.522-step:104-v:57.0)-(t:0.549-step:105-v:56.0)-(t:0.554-step:106-v:55.0)-(t:0.555-step:107-v:54.0)-(t:0.557-step:108-v:53.0)-(t:0.561-step:109-v:52.0)-(t:0.562-step:110-v:51.0)-(t:0.626-step:111-v:50.0)-(t:0.627-step:112-v:49.0)-(t:0.635-step:113-v:48.0)-(t:0.636-step:114-v:47.0)-(t:0.643-step:115-v:45.0)-(t:0.648-step:116-v:44.0)-(t:0.653-step:117-v:43.0)-(t:0.655-step:118-v:41.0)-(t:0.655-step:119-v:40.0)-(t:0.675-step:120-v:39.0)-(t:0.692-step:121-v:38.0)-(t:0.749-step:122-v:37.0)-(t:0.758-step:123-v:36.0)-(t:0.760-step:124-v:35.0)-(t:0.761-step:125-v:34.0)-(t:0.764-step:126-v:33.0)-(t:0.773-step:127-v:32.0)-(t:0.824-step:128-v:31.0)-(t:0.846-step:129-v:30.0)-(t:0.852-step:130-v:29.0)-(t:0.870-step:131-v:28.0)-(t:0.884-step:132-v:27.0)-(t:0.935-step:133-v:26.0)-(t:0.938-step:134-v:25.0)-(t:0.939-step:135-v:24.0)-(t:0.943-step:136-v:23.0)-(t:0.986-step:137-v:22.0)-(t:1.096-step:138-v:21.0)-(t:1.130-step:139-v:20.0)-(t:1.192-step:140-v:19.0)-(t:1.209-step:141-v:18.0)-(t:1.239-step:142-v:17.0)-(t:1.350-step:143-v:16.0)-(t:1.391-step:144-v:15.0)-(t:1.505-step:145-v:14.0)-(t:2.169-step:237-v:13.0)-(t:2.477-step:275-v:12.0)-(t:4.636-step:454-v:11.0)-(t:8.230-step:999-v:10.0)],5400.0
roundrobin,examples/csp/csp_200/pb_200_10.txt,r1,5400,2,19.0,[(t:0.000-step:1-v:211.0)-(t:0.010-step:2-v:205.0)-(t:0.034-step:3-v:199.0)-(t:0.035-step:4-v:198.0)-(t:0.040-step:5-v:196.0)-(t:0.041-step:6-v:195.0)-(t:0.052-step:7-v:194.0)-(t:0.054-step:8-v:191.0)-(t:0.057-step:9-v:189.0)-(t:0.057-step:10-v:185.0)-(t:0.058-step:11-v:183.0)-(t:0.059-step:12-v:182.0)-(t:0.060-step:13-v:181.0)-(t:0.063-step:14-v:179.0)-(t:0.067-step:15-v:177.0)-(t:0.069-step:16-v:176.0)-(t:0.070-step:17-v:174.0)-(t:0.071-step:18-v:172.0)-(t:0.071-step:19-v:171.0)-(t:0.076-step:20-v:170.0)-(t:0.079-step:21-v:167.0)-(t:0.081-step:22-v:165.0)-(t:0.083-step:23-v:164.0)-(t:0.085-step:24-v:162.0)-(t:0.090-step:25-v:161.0)-(t:0.093-step:26-v:160.0)-(t:0.098-step:27-v:159.0)-(t:0.103-step:28-v:157.0)-(t:0.103-step:29-v:156.0)-(t:0.104-step:30-v:155.0)-(t:0.111-step:31-v:154.0)-(t:0.116-step:32-v:153.0)-(t:0.117-step:33-v:152.0)-(t:0.117-step:34-v:150.0)-(t:0.118-step:35-v:147.0)-(t:0.123-step:36-v:145.0)-(t:0.124-step:37-v:143.0)-(t:0.124-step:38-v:142.0)-(t:0.129-step:39-v:141.0)-(t:0.130-step:40-v:140.0)-(t:0.131-step:41-v:138.0)-(t:0.131-step:42-v:136.0)-(t:0.135-step:43-v:133.0)-(t:0.136-step:44-v:132.0)-(t:0.137-step:45-v:131.0)-(t:0.141-step:46-v:130.0)-(t:0.158-step:47-v:129.0)-(t:0.164-step:48-v:127.0)-(t:0.168-step:49-v:125.0)-(t:0.174-step:50-v:124.0)-(t:0.174-step:51-v:122.0)-(t:0.175-step:52-v:121.0)-(t:0.176-step:53-v:120.0)-(t:0.177-step:54-v:119.0)-(t:0.183-step:55-v:118.0)-(t:0.190-step:56-v:117.0)-(t:0.191-step:57-v:115.0)-(t:0.192-step:58-v:114.0)-(t:0.192-step:59-v:113.0)-(t:0.197-step:60-v:112.0)-(t:0.198-step:61-v:111.0)-(t:0.199-step:62-v:110.0)-(t:0.201-step:63-v:109.0)-(t:0.205-step:64-v:108.0)-(t:0.205-step:65-v:107.0)-(t:0.206-step:66-v:105.0)-(t:0.206-step:67-v:104.0)-(t:0.207-step:68-v:103.0)-(t:0.222-step:69-v:102.0)-(t:0.223-step:70-v:100.0)-(t:0.243-step:71-v:99.0)-(t:0.247-step:72-v:98.0)-(t:0.248-step:73-v:97.0)-(t:0.290-step:74-v:96.0)-(t:0.292-step:75-v:94.0)-(t:0.299-step:76-v:93.0)-(t:0.300-step:77-v:92.0)-(t:0.304-step:78-v:91.0)-(t:0.321-step:79-v:89.0)-(t:0.325-step:80-v:88.0)-(t:0.328-step:81-v:87.0)-(t:0.346-step:82-v:86.0)-(t:0.348-step:83-v:85.0)-(t:0.356-step:84-v:84.0)-(t:0.365-step:85-v:83.0)-(t:0.370-step:86-v:82.0)-(t:0.373-step:87-v:81.0)-(t:0.374-step:88-v:79.0)-(t:0.375-step:89-v:78.0)-(t:0.376-step:90-v:77.0)-(t:0.377-step:91-v:76.0)-(t:0.405-step:92-v:75.0)-(t:0.414-step:93-v:74.0)-(t:0.415-step:94-v:72.0)-(t:0.417-step:95-v:71.0)-(t:0.418-step:96-v:70.0)-(t:0.419-step:97-v:69.0)-(t:0.433-step:98-v:68.0)-(t:0.435-step:99-v:67.0)-(t:0.437-step:100-v:66.0)-(t:0.438-step:101-v:65.0)-(t:0.439-step:102-v:64.0)-(t:0.439-step:103-v:63.0)-(t:0.475-step:104-v:62.0)-(t:0.498-step:105-v:61.0)-(t:0.506-step:106-v:60.0)-(t:0.507-step:107-v:59.0)-(t:0.508-step:108-v:58.0)-(t:0.508-step:109-v:56.0)-(t:0.530-step:110-v:55.0)-(t:0.535-step:111-v:54.0)-(t:0.547-step:112-v:53.0)-(t:0.548-step:113-v:51.0)-(t:0.559-step:114-v:50.0)-(t:0.575-step:115-v:49.0)-(t:0.592-step:116-v:48.0)-(t:0.600-step:117-v:47.0)-(t:0.601-step:118-v:46.0)-(t:0.610-step:119-v:45.0)-(t:0.673-step:120-v:44.0)-(t:0.675-step:121-v:43.0)-(t:0.676-step:122-v:42.0)-(t:0.682-step:123-v:41.0)-(t:0.683-step:124-v:40.0)-(t:0.685-step:125-v:39.0)-(t:0.718-step:126-v:38.0)-(t:0.733-step:127-v:37.0)-(t:0.745-step:128-v:36.0)-(t:0.749-step:129-v:35.0)-(t:0.766-step:130-v:34.0)-(t:0.824-step:131-v:33.0)-(t:0.854-step:132-v:32.0)-(t:0.854-step:133-v:31.0)-(t:0.914-step:134-v:30.0)-(t:0.925-step:135-v:29.0)-(t:0.935-step:136-v:28.0)-(t:1.008-step:137-v:27.0)-(t:1.039-step:138-v:26.0)-(t:1.178-step:139-v:25.0)-(t:1.194-step:140-v:24.0)-(t:1.318-step:145-v:23.0)-(t:2.368-step:231-v:22.0)-(t:2.801-step:246-v:21.0)-(t:2.820-step:247-v:20.0)-(t:5.453-step:607-v:19.0)],5400.0
roundrobin,examples/csp/csp_300/carseq_300_8_20_40.txt,r1,5400,2,14.0,[(t:0.000-step:1-v:398.0)-(t:0.012-step:2-v:395.0)-(t:0.038-step:3-v:392.0)-(t:0.038-step:4-v:389.0)-(t:0.040-step:5-v:384.0)-(t:0.041-step:6-v:382.0)-(t:0.056-step:7-v:381.0)-(t:0.065-step:8-v:376.0)-(t:0.069-step:9-v:374.0)-(t:0.070-step:10-v:372.0)-(t:0.071-step:11-v:371.0)-(t:0.072-step:12-v:369.0)-(t:0.078-step:13-v:365.0)-(t:0.079-step:14-v:364.0)-(t:0.080-step:15-v:363.0)-(t:0.086-step:16-v:362.0)-(t:0.087-step:17-v:355.0)-(t:0.088-step:18-v:354.0)-(t:0.089-step:19-v:353.0)-(t:0.090-step:20-v:351.0)-(t:0.091-step:21-v:349.0)-(t:0.091-step:22-v:348.0)-(t:0.096-step:23-v:347.0)-(t:0.097-step:24-v:345.0)-(t:0.097-step:25-v:343.0)-(t:0.098-step:26-v:341.0)-(t:0.103-step:27-v:340.0)-(t:0.105-step:28-v:339.0)-(t:0.109-step:29-v:338.0)-(t:0.111-step:30-v:337.0)-(t:0.118-step:31-v:336.0)-(t:0.121-step:32-v:334.0)-(t:0.131-step:33-v:333.0)-(t:0.132-step:34-v:332.0)-(t:0.136-step:35-v:330.0)-(t:0.136-step:36-v:329.0)-(t:0.137-step:37-v:327.0)-(t:0.138-step:38-v:326.0)-(t:0.143-step:39-v:325.0)-(t:0.144-step:40-v:324.0)-(t:0.147-step:41-v:322.0)-(t:0.149-step:42-v:318.0)-(t:0.150-step:43-v:317.0)-(t:0.151-step:44-v:314.0)-(t:0.170-step:45-v:313.0)-(t:0.170-step:46-v:312.0)-(t:0.175-step:47-v:311.0)-(t:0.176-step:48-v:308.0)-(t:0.176-step:49-v:307.0)-(t:0.177-step:50-v:306.0)-(t:0.178-step:51-v:305.0)-(t:0.178-step:52-v:304.0)-(t:0.183-step:53-v:303.0)-(t:0.188-step:54-v:301.0)-(t:0.205-step:55-v:300.0)-(t:0.211-step:56-v:299.0)-(t:0.211-step:57-v:295.0)-(t:0.212-step:58-v:294.0)-(t:0.214-step:59-v:291.0)-(t:0.214-step:60-v:290.0)-(t:0.215-step:61-v:288.0)-(t:0.216-step:62-v:287.0)-(t:0.220-step:63-v:286.0)-(t:0.223-step:64-v:285.0)-(t:0.224-step:65-v:282.0)-(t:0.228-step:66-v:281.0)-(t:0.229-step:67-v:278.0)-(t:0.229-step:68-v:277.0)-(t:0.232-step:69-v:276.0)-(t:0.233-step:70-v:275.0)-(t:0.233-step:71-v:274.0)-(t:0.235-step:72-v:273.0)-(t:0.236-step:73-v:271.0)-(t:0.240-step:74-v:270.0)-(t:0.241-step:75-v:269.0)-(t:0.246-step:76-v:268.0)-(t:0.250-step:77-v:266.0)-(t:0.255-step:78-v:265.0)-(t:0.256-step:79-v:264.0)-(t:0.257-step:80-v:263.0)-(t:0.258-step:81-v:262.0)-(t:0.259-step:82-v:261.0)-(t:0.266-step:83-v:260.0)-(t:0.266-step:84-v:258.0)-(t:0.267-step:85-v:257.0)-(t:0.268-step:86-v:256.0)-(t:0.269-step:87-v:255.0)-(t:0.275-step:88-v:254.0)-(t:0.282-step:89-v:253.0)-(t:0.283-step:90-v:249.0)-(t:0.286-step:91-v:248.0)-(t:0.286-step:92-v:247.0)-(t:0.288-step:93-v:246.0)-(t:0.289-step:94-v:245.0)-(t:0.290-step:95-v:244.0)-(t:0.297-step:96-v:243.0)-(t:0.298-step:97-v:238.0)-(t:0.298-step:98-v:237.0)-(t:0.299-step:99-v:236.0)-(t:0.311-step:100-v:235.0)-(t:0.312-step:101-v:233.0)-(t:0.312-step:102-v:232.0)-(t:0.318-step:103-v:231.0)-(t:0.320-step:104-v:230.0)-(t:0.321-step:105-v:229.0)-(t:0.322-step:106-v:228.0)-(t:0.323-step:107-v:225.0)-(t:0.326-step:108-v:224.0)-(t:0.327-step:109-v:223.0)-(t:0.327-step:110-v:221.0)-(t:0.339-step:111-v:220.0)-(t:0.340-step:112-v:218.0)-(t:0.340-step:113-v:217.0)-(t:0.341-step:114-v:215.0)-(t:0.342-step:115-v:214.0)-(t:0.342-step:116-v:213.0)-(t:0.343-step:117-v:212.0)-(t:0.343-step:118-v:211.0)-(t:0.344-step:119-v:210.0)-(t:0.344-step:120-v:209.0)-(t:0.345-step:121-v:206.0)-(t:0.346-step:122-v:205.0)-(t:0.347-step:123-v:202.0)-(t:0.352-step:124-v:201.0)-(t:0.354-step:125-v:199.0)-(t:0.355-step:126-v:198.0)-(t:0.356-step:127-v:197.0)-(t:0.358-step:128-v:195.0)-(t:0.358-step:129-v:194.0)-(t:0.359-step:130-v:193.0)-(t:0.360-step:131-v:188.0)-(t:0.361-step:132-v:187.0)-(t:0.362-step:133-v:185.0)-(t:0.362-step:134-v:184.0)-(t:0.363-step:135-v:182.0)-(t:0.364-step:136-v:181.0)-(t:0.364-step:137-v:179.0)-(t:0.365-step:138-v:178.0)-(t:0.366-step:139-v:177.0)-(t:0.366-step:140-v:176.0)-(t:0.367-step:141-v:174.0)-(t:0.367-step:142-v:173.0)-(t:0.368-step:143-v:172.0)-(t:0.369-step:144-v:170.0)-(t:0.371-step:145-v:169.0)-(t:0.371-step:146-v:168.0)-(t:0.374-step:147-v:167.0)-(t:0.375-step:148-v:165.0)-(t:0.376-step:149-v:164.0)-(t:0.379-step:150-v:163.0)-(t:0.381-step:151-v:162.0)-(t:0.385-step:152-v:161.0)-(t:0.386-step:153-v:159.0)-(t:0.386-step:154-v:158.0)-(t:0.387-step:155-v:157.0)-(t:0.387-step:156-v:156.0)-(t:0.388-step:157-v:155.0)-(t:0.388-step:158-v:154.0)-(t:0.389-step:159-v:153.0)-(t:0.395-step:160-v:152.0)-(t:0.396-step:161-v:151.0)-(t:0.396-step:162-v:150.0)-(t:0.396-step:163-v:149.0)-(t:0.397-step:164-v:148.0)-(t:0.398-step:165-v:147.0)-(t:0.401-step:166-v:146.0)-(t:0.419-step:167-v:145.0)-(t:0.420-step:168-v:144.0)-(t:0.421-step:169-v:142.0)-(t:0.421-step:170-v:140.0)-(t:0.422-step:171-v:139.0)-(t:0.422-step:172-v:138.0)-(t:0.423-step:173-v:137.0)-(t:0.423-step:174-v:136.0)-(t:0.435-step:175-v:135.0)-(t:0.440-step:176-v:133.0)-(t:0.441-step:177-v:132.0)-(t:0.441-step:178-v:131.0)-(t:0.446-step:179-v:129.0)-(t:0.446-step:180-v:128.0)-(t:0.447-step:181-v:127.0)-(t:0.459-step:182-v:126.0)-(t:0.460-step:183-v:125.0)-(t:0.460-step:184-v:124.0)-(t:0.461-step:185-v:123.0)-(t:0.464-step:186-v:122.0)-(t:0.465-step:187-v:121.0)-(t:0.467-step:188-v:120.0)-(t:0.500-step:189-v:119.0)-(t:0.504-step:190-v:118.0)-(t:0.504-step:191-v:117.0)-(t:0.505-step:192-v:116.0)-(t:0.505-step:193-v:115.0)-(t:0.507-step:194-v:114.0)-(t:0.508-step:195-v:113.0)-(t:0.509-step:196-v:112.0)-(t:0.522-step:197-v:111.0)-(t:0.523-step:198-v:110.0)-(t:0.524-step:199-v:108.0)-(t:0.524-step:200-v:107.0)-(t:0.525-step:201-v:106.0)-(t:0.526-step:202-v:105.0)-(t:0.527-step:203-v:104.0)-(t:0.528-step:204-v:103.0)-(t:0.552-step:205-v:102.0)-(t:0.554-step:206-v:101.0)-(t:0.555-step:207-v:100.0)-(t:0.556-step:208-v:99.0)-(t:0.556-step:209-v:98.0)-(t:0.557-step:210-v:97.0)-(t:0.557-step:211-v:96.0)-(t:0.558-step:212-v:95.0)-(t:0.575-step:213-v:94.0)-(t:0.588-step:214-v:93.0)-(t:0.590-step:215-v:92.0)-(t:0.590-step:216-v:91.0)-(t:0.591-step:217-v:90.0)-(t:0.608-step:218-v:88.0)-(t:0.609-step:219-v:87.0)-(t:0.614-step:220-v:86.0)-(t:0.633-step:221-v:85.0)-(t:0.671-step:222-v:84.0)-(t:0.673-step:223-v:82.0)-(t:0.673-step:224-v:80.0)-(t:0.674-step:225-v:79.0)-(t:0.680-step:226-v:78.0)-(t:0.681-step:227-v:77.0)-(t:0.696-step:228-v:76.0)-(t:0.758-step:229-v:75.0)-(t:0.760-step:230-v:74.0)-(t:0.762-step:231-v:73.0)-(t:0.773-step:232-v:72.0)-(t:0.775-step:233-v:71.0)-(t:0.777-step:234-v:70.0)-(t:0.830-step:235-v:69.0)-(t:0.835-step:236-v:68.0)-(t:0.836-step:237-v:67.0)-(t:0.842-step:238-v:66.0)-(t:0.843-step:239-v:65.0)-(t:0.843-step:240-v:64.0)-(t:0.902-step:241-v:63.0)-(t:0.914-step:242-v:62.0)-(t:0.915-step:243-v:61.0)-(t:0.915-step:244-v:60.0)-(t:0.916-step:245-v:59.0)-(t:0.925-step:246-v:57.0)-(t:0.927-step:247-v:56.0)-(t:0.942-step:248-v:55.0)-(t:1.117-step:249-v:54.0)-(t:1.131-step:250-v:53.0)-(t:1.132-step:251-v:52.0)-(t:1.140-step:252-v:51.0)-(t:1.141-step:253-v:50.0)-(t:1.163-step:254-v:49.0)-(t:1.347-step:255-v:48.0)-(t:1.359-step:256-v:47.0)-(t:1.361-step:257-v:46.0)-(t:1.367-step:258-v:45.0)-(t:1.568-step:259-v:44.0)-(t:1.573-step:260-v:43.0)-(t:1.574-step:261-v:42.0)-(t:1.590-step:262-v:41.0)-(t:1.597-step:263-v:40.0)-(t:1.599-step:264-v:39.0)-(t:1.614-step:265-v:37.0)-(t:1.771-step:266-v:36.0)-(t:1.773-step:267-v:35.0)-(t:1.788-step:268-v:34.0)-(t:2.005-step:269-v:33.0)-(t:2.007-step:270-v:32.0)-(t:2.013-step:271-v:31.0)-(t:2.278-step:272-v:30.0)-(t:2.294-step:273-v:29.0)-(t:2.651-step:274-v:28.0)-(t:2.656-step:275-v:27.0)-(t:2.871-step:276-v:26.0)-(t:2.872-step:277-v:25.0)-(t:2.923-step:278-v:24.0)-(t:3.135-step:279-v:23.0)-(t:3.189-step:280-v:22.0)-(t:3.394-step:281-v:21.0)-(t:3.431-step:282-v:20.0)-(t:3.626-step:283-v:19.0)-(t:3.702-step:284-v:18.0)-(t:3.853-step:285-v:17.0)-(t:3.890-step:286-v:16.0)-(t:4.055-step:287-v:15.0)-(t:4.509-step:293-v:14.0)],5400.0
roundrobin,examples/csp/csp_300/carseq_300_8_20_45.txt,r1,5400,2,1.0,[(t:0.000-step:1-v:399.0)-(t:0.007-step:2-v:394.0)-(t:0.026-step:3-v:393.0)-(t:0.035-step:4-v:391.0)-(t:0.036-step:5-v:390.0)-(t:0.037-step:6-v:389.0)-(t:0.047-step:7-v:388.0)-(t:0.051-step:8-v:385.0)-(t:0.052-step:9-v:377.0)-(t:0.052-step:10-v:376.0)-(t:0.054-step:11-v:375.0)-(t:0.054-step:12-v:374.0)-(t:0.056-step:13-v:373.0)-(t:0.056-step:14-v:371.0)-(t:0.057-step:15-v:370.0)-(t:0.058-step:16-v:364.0)-(t:0.059-step:17-v:360.0)-(t:0.060-step:18-v:357.0)-(t:0.061-step:19-v:356.0)-(t:0.062-step:20-v:355.0)-(t:0.065-step:21-v:354.0)-(t:0.067-step:22-v:352.0)-(t:0.068-step:23-v:351.0)-(t:0.069-step:24-v:349.0)-(t:0.069-step:25-v:346.0)-(t:0.070-step:26-v:345.0)-(t:0.071-step:27-v:343.0)-(t:0.078-step:28-v:342.0)-(t:0.086-step:29-v:340.0)-(t:0.086-step:30-v:339.0)-(t:0.135-step:31-v:338.0)-(t:0.137-step:32-v:336.0)-(t:0.138-step:33-v:330.0)-(t:0.138-step:34-v:327.0)-(t:0.139-step:35-v:324.0)-(t:0.144-step:36-v:323.0)-(t:0.145-step:37-v:320.0)-(t:0.147-step:38-v:319.0)-(t:0.149-step:39-v:318.0)-(t:0.150-step:40-v:316.0)-(t:0.151-step:41-v:313.0)-(t:0.152-step:42-v:312.0)-(t:0.154-step:43-v:310.0)-(t:0.155-step:44-v:309.0)-(t:0.156-step:45-v:306.0)-(t:0.158-step:46-v:305.0)-(t:0.161-step:47-v:304.0)-(t:0.162-step:48-v:301.0)-(t:0.162-step:49-v:300.0)-(t:0.163-step:50-v:297.0)-(t:0.164-step:51-v:295.0)-(t:0.169-step:52-v:294.0)-(t:0.170-step:53-v:292.0)-(t:0.172-step:54-v:291.0)-(t:0.174-step:55-v:290.0)-(t:0.176-step:56-v:289.0)-(t:0.177-step:57-v:288.0)-(t:0.177-step:58-v:287.0)-(t:0.178-step:59-v:285.0)-(t:0.179-step:60-v:284.0)-(t:0.181-step:61-v:282.0)-(t:0.181-step:62-v:281.0)-(t:0.183-step:63-v:280.0)-(t:0.187-step:64-v:279.0)-(t:0.188-step:65-v:278.0)-(t:0.188-step:66-v:277.0)-(t:0.190-step:67-v:275.0)-(t:0.192-step:68-v:274.0)-(t:0.193-step:69-v:273.0)-(t:0.193-step:70-v:272.0)-(t:0.195-step:71-v:271.0)-(t:0.197-step:72-v:268.0)-(t:0.198-step:73-v:267.0)-(t:0.198-step:74-v:266.0)-(t:0.199-step:75-v:265.0)-(t:0.201-step:76-v:263.0)-(t:0.202-step:77-v:262.0)-(t:0.202-step:78-v:261.0)-(t:0.206-step:79-v:259.0)-(t:0.209-step:80-v:258.0)-(t:0.215-step:81-v:253.0)-(t:0.215-step:82-v:251.0)-(t:0.216-step:83-v:249.0)-(t:0.217-step:84-v:246.0)-(t:0.221-step:85-v:244.0)-(t:0.223-step:86-v:243.0)-(t:0.241-step:87-v:242.0)-(t:0.246-step:88-v:241.0)-(t:0.247-step:89-v:240.0)-(t:0.249-step:90-v:238.0)-(t:0.249-step:91-v:237.0)-(t:0.251-step:92-v:236.0)-(t:0.254-step:93-v:234.0)-(t:0.257-step:94-v:233.0)-(t:0.259-step:95-v:232.0)-(t:0.260-step:96-v:231.0)-(t:0.260-step:97-v:230.0)-(t:0.261-step:98-v:229.0)-(t:0.262-step:99-v:228.0)-(t:0.263-step:100-v:227.0)-(t:0.263-step:101-v:225.0)-(t:0.264-step:102-v:224.0)-(t:0.265-step:103-v:222.0)-(t:0.266-step:104-v:221.0)-(t:0.266-step:105-v:219.0)-(t:0.267-step:106-v:218.0)-(t:0.269-step:107-v:211.0)-(t:0.272-step:108-v:209.0)-(t:0.273-step:109-v:208.0)-(t:0.275-step:110-v:207.0)-(t:0.280-step:111-v:205.0)-(t:0.289-step:112-v:204.0)-(t:0.291-step:113-v:203.0)-(t:0.295-step:114-v:202.0)-(t:0.296-step:115-v:201.0)-(t:0.298-step:116-v:200.0)-(t:0.299-step:117-v:199.0)-(t:0.303-step:118-v:198.0)-(t:0.314-step:119-v:197.0)-(t:0.318-step:120-v:196.0)-(t:0.319-step:121-v:195.0)-(t:0.319-step:122-v:193.0)-(t:0.320-step:123-v:192.0)-(t:0.325-step:124-v:191.0)-(t:0.329-step:125-v:190.0)-(t:0.337-step:126-v:189.0)-(t:0.350-step:127-v:188.0)-(t:0.353-step:128-v:185.0)-(t:0.354-step:129-v:184.0)-(t:0.356-step:130-v:183.0)-(t:0.357-step:131-v:181.0)-(t:0.385-step:132-v:179.0)-(t:0.389-step:133-v:178.0)-(t:0.390-step:134-v:177.0)-(t:0.392-step:135-v:176.0)-(t:0.393-step:136-v:175.0)-(t:0.394-step:137-v:173.0)-(t:0.394-step:138-v:171.0)-(t:0.395-step:139-v:170.0)-(t:0.395-step:140-v:169.0)-(t:0.396-step:141-v:167.0)-(t:0.396-step:142-v:166.0)-(t:0.401-step:143-v:165.0)-(t:0.402-step:144-v:164.0)-(t:0.406-step:145-v:162.0)-(t:0.406-step:146-v:161.0)-(t:0.409-step:147-v:160.0)-(t:0.411-step:148-v:159.0)-(t:0.411-step:149-v:158.0)-(t:0.412-step:150-v:157.0)-(t:0.417-step:151-v:155.0)-(t:0.418-step:152-v:154.0)-(t:0.419-step:153-v:153.0)-(t:0.419-step:154-v:152.0)-(t:0.420-step:155-v:151.0)-(t:0.421-step:156-v:150.0)-(t:0.421-step:157-v:149.0)-(t:0.423-step:158-v:148.0)-(t:0.426-step:159-v:147.0)-(t:0.426-step:160-v:146.0)-(t:0.427-step:161-v:144.0)-(t:0.427-step:162-v:143.0)-(t:0.428-step:163-v:142.0)-(t:0.431-step:164-v:141.0)-(t:0.432-step:165-v:139.0)-(t:0.435-step:166-v:138.0)-(t:0.440-step:167-v:137.0)-(t:0.441-step:168-v:136.0)-(t:0.442-step:169-v:135.0)-(t:0.442-step:170-v:134.0)-(t:0.443-step:171-v:132.0)-(t:0.445-step:172-v:131.0)-(t:0.446-step:173-v:130.0)-(t:0.446-step:174-v:129.0)-(t:0.450-step:175-v:128.0)-(t:0.451-step:176-v:127.0)-(t:0.451-step:177-v:125.0)-(t:0.452-step:178-v:124.0)-(t:0.452-step:179-v:123.0)-(t:0.453-step:180-v:122.0)-(t:0.454-step:181-v:121.0)-(t:0.455-step:182-v:120.0)-(t:0.460-step:183-v:118.0)-(t:0.465-step:184-v:117.0)-(t:0.465-step:185-v:116.0)-(t:0.466-step:186-v:113.0)-(t:0.467-step:187-v:111.0)-(t:0.468-step:188-v:110.0)-(t:0.468-step:189-v:109.0)-(t:0.469-step:190-v:106.0)-(t:0.488-step:191-v:105.0)-(t:0.489-step:192-v:104.0)-(t:0.495-step:193-v:103.0)-(t:0.495-step:194-v:102.0)-(t:0.500-step:195-v:101.0)-(t:0.502-step:196-v:100.0)-(t:0.503-step:197-v:99.0)-(t:0.506-step:198-v:98.0)-(t:0.564-step:199-v:96.0)-(t:0.564-step:200-v:95.0)-(t:0.565-step:201-v:94.0)-(t:0.566-step:202-v:91.0)-(t:0.567-step:203-v:90.0)-(t:0.571-step:204-v:89.0)-(t:0.572-step:205-v:88.0)-(t:0.573-step:206-v:87.0)-(t:0.595-step:207-v:86.0)-(t:0.600-step:208-v:85.0)-(t:0.601-step:209-v:84.0)-(t:0.601-step:210-v:83.0)-(t:0.602-step:211-v:82.0)-(t:0.608-step:212-v:81.0)-(t:0.612-step:213-v:80.0)-(t:0.613-step:214-v:79.0)-(t:0.652-step:215-v:78.0)-(t:0.655-step:216-v:77.0)-(t:0.656-step:217-v:76.0)-(t:0.657-step:218-v:75.0)-(t:0.658-step:219-v:74.0)-(t:0.659-step:220-v:73.0)-(t:0.660-step:221-v:72.0)-(t:0.662-step:222-v:71.0)-(t:0.731-step:223-v:70.0)-(t:0.737-step:224-v:69.0)-(t:0.740-step:225-v:68.0)-(t:0.740-step:226-v:67.0)-(t:0.741-step:227-v:66.0)-(t:0.745-step:228-v:65.0)-(t:0.747-step:229-v:63.0)-(t:0.751-step:230-v:61.0)-(t:0.810-step:231-v:60.0)-(t:0.815-step:232-v:59.0)-(t:0.816-step:233-v:58.0)-(t:0.817-step:234-v:57.0)-(t:0.819-step:235-v:56.0)-(t:0.821-step:236-v:55.0)-(t:0.823-step:237-v:54.0)-(t:0.930-step:238-v:53.0)-(t:0.942-step:239-v:52.0)-(t:0.943-step:240-v:51.0)-(t:0.944-step:241-v:50.0)-(t:0.949-step:242-v:49.0)-(t:1.014-step:243-v:48.0)-(t:1.015-step:244-v:47.0)-(t:1.036-step:245-v:46.0)-(t:1.041-step:246-v:45.0)-(t:1.049-step:247-v:44.0)-(t:1.094-step:248-v:42.0)-(t:1.097-step:249-v:41.0)-(t:1.097-step:250-v:39.0)-(t:1.103-step:251-v:38.0)-(t:1.106-step:252-v:37.0)-(t:1.112-step:253-v:36.0)-(t:1.148-step:254-v:35.0)-(t:1.159-step:255-v:34.0)-(t:1.199-step:256-v:33.0)-(t:1.211-step:257-v:32.0)-(t:1.347-step:258-v:31.0)-(t:1.377-step:259-v:30.0)-(t:1.392-step:260-v:29.0)-(t:1.415-step:261-v:28.0)-(t:1.725-step:262-v:27.0)-(t:1.740-step:263-v:26.0)-(t:1.753-step:264-v:25.0)-(t:1.765-step:265-v:24.0)-(t:1.983-step:266-v:23.0)-(t:2.039-step:267-v:22.0)-(t:2.284-step:268-v:21.0)-(t:2.354-step:269-v:20.0)-(t:2.555-step:270-v:19.0)-(t:2.634-step:271-v:18.0)-(t:2.845-step:272-v:17.0)-(t:2.931-step:273-v:16.0)-(t:3.135-step:274-v:15.0)-(t:3.201-step:275-v:14.0)-(t:3.388-step:276-v:13.0)-(t:3.486-step:277-v:12.0)-(t:5.379-step:377-v:11.0)-(t:5.458-step:378-v:10.0)-(t:5.597-step:379-v:9.0)-(t:6.126-step:415-v:8.0)-(t:6.238-step:416-v:6.0)-(t:6.336-step:417-v:5.0)-(t:7.092-step:440-v:4.0)-(t:7.213-step:441-v:3.0)-(t:9.237-step:514-v:2.0)-(t:18.524-step:787-v:1.0)],5400.0
roundrobin,examples/csp/csp_300/carseq_300_8_20_47.txt,r1,5400,2,1.0,[(t:0.000-step:1-v:346.0)-(t:0.007-step:2-v:341.0)-(t:0.039-step:3-v:338.0)-(t:0.040-step:4-v:336.0)-(t:0.042-step:5-v:335.0)-(t:0.043-step:6-v:333.0)-(t:0.054-step:7-v:332.0)-(t:0.060-step:8-v:331.0)-(t:0.061-step:9-v:327.0)-(t:0.062-step:10-v:324.0)-(t:0.063-step:11-v:323.0)-(t:0.064-step:12-v:321.0)-(t:0.066-step:13-v:320.0)-(t:0.066-step:14-v:318.0)-(t:0.070-step:15-v:317.0)-(t:0.071-step:16-v:314.0)-(t:0.072-step:17-v:313.0)-(t:0.073-step:18-v:310.0)-(t:0.073-step:19-v:309.0)-(t:0.074-step:20-v:308.0)-(t:0.077-step:21-v:307.0)-(t:0.077-step:22-v:306.0)-(t:0.078-step:23-v:305.0)-(t:0.082-step:24-v:301.0)-(t:0.085-step:25-v:298.0)-(t:0.089-step:26-v:296.0)-(t:0.090-step:27-v:293.0)-(t:0.094-step:28-v:292.0)-(t:0.095-step:29-v:290.0)-(t:0.100-step:30-v:289.0)-(t:0.101-step:31-v:288.0)-(t:0.102-step:32-v:287.0)-(t:0.106-step:33-v:283.0)-(t:0.107-step:34-v:282.0)-(t:0.108-step:35-v:280.0)-(t:0.109-step:36-v:279.0)-(t:0.114-step:37-v:277.0)-(t:0.114-step:38-v:276.0)-(t:0.118-step:39-v:274.0)-(t:0.123-step:40-v:273.0)-(t:0.124-step:41-v:272.0)-(t:0.125-step:42-v:270.0)-(t:0.126-step:43-v:267.0)-(t:0.127-step:44-v:266.0)-(t:0.128-step:45-v:265.0)-(t:0.129-step:46-v:263.0)-(t:0.172-step:47-v:262.0)-(t:0.174-step:48-v:261.0)-(t:0.175-step:49-v:260.0)-(t:0.176-step:50-v:259.0)-(t:0.177-step:51-v:258.0)-(t:0.179-step:52-v:257.0)-(t:0.180-step:53-v:253.0)-(t:0.181-step:54-v:252.0)-(t:0.187-step:55-v:251.0)-(t:0.188-step:56-v:246.0)-(t:0.189-step:57-v:244.0)-(t:0.189-step:58-v:243.0)-(t:0.192-step:59-v:242.0)-(t:0.194-step:60-v:241.0)-(t:0.195-step:61-v:240.0)-(t:0.196-step:62-v:238.0)-(t:0.201-step:63-v:237.0)-(t:0.203-step:64-v:236.0)-(t:0.203-step:65-v:234.0)-(t:0.211-step:66-v:233.0)-(t:0.212-step:67-v:232.0)-(t:0.213-step:68-v:231.0)-(t:0.214-step:69-v:229.0)-(t:0.214-step:70-v:228.0)-(t:0.219-step:71-v:227.0)-(t:0.220-step:72-v:226.0)-(t:0.221-step:73-v:225.0)-(t:0.221-step:74-v:224.0)-(t:0.226-step:75-v:223.0)-(t:0.229-step:76-v:222.0)-(t:0.233-step:77-v:221.0)-(t:0.234-step:78-v:220.0)-(t:0.235-step:79-v:219.0)-(t:0.254-step:80-v:218.0)-(t:0.256-step:81-v:217.0)-(t:0.256-step:82-v:216.0)-(t:0.260-step:83-v:214.0)-(t:0.267-step:84-v:213.0)-(t:0.268-step:85-v:212.0)-(t:0.269-step:86-v:211.0)-(t:0.274-step:87-v:210.0)-(t:0.278-step:88-v:209.0)-(t:0.281-step:89-v:207.0)-(t:0.281-step:90-v:206.0)-(t:0.282-step:91-v:205.0)-(t:0.283-step:92-v:204.0)-(t:0.289-step:93-v:203.0)-(t:0.301-step:94-v:202.0)-(t:0.351-step:95-v:201.0)-(t:0.356-step:96-v:200.0)-(t:0.357-step:97-v:199.0)-(t:0.363-step:98-v:198.0)-(t:0.364-step:99-v:197.0)-(t:0.376-step:100-v:196.0)-(t:0.380-step:101-v:195.0)-(t:0.386-step:102-v:193.0)-(t:0.397-step:103-v:192.0)-(t:0.403-step:104-v:191.0)-(t:0.410-step:105-v:189.0)-(t:0.413-step:106-v:188.0)-(t:0.414-step:107-v:184.0)-(t:0.424-step:108-v:183.0)-(t:0.425-step:109-v:182.0)-(t:0.426-step:110-v:181.0)-(t:0.450-step:111-v:180.0)-(t:0.457-step:112-v:178.0)-(t:0.458-step:113-v:177.0)-(t:0.462-step:114-v:175.0)-(t:0.467-step:115-v:174.0)-(t:0.468-step:116-v:172.0)-(t:0.469-step:117-v:171.0)-(t:0.470-step:118-v:170.0)-(t:0.474-step:119-v:168.0)-(t:0.475-step:120-v:167.0)-(t:0.475-step:121-v:166.0)-(t:0.476-step:122-v:164.0)-(t:0.477-step:123-v:163.0)-(t:0.481-step:124-v:162.0)-(t:0.482-step:125-v:161.0)-(t:0.483-step:126-v:160.0)-(t:0.489-step:127-v:159.0)-(t:0.496-step:128-v:158.0)-(t:0.497-step:129-v:157.0)-(t:0.497-step:130-v:155.0)-(t:0.498-step:131-v:154.0)-(t:0.498-step:132-v:152.0)-(t:0.499-step:133-v:151.0)-(t:0.501-step:134-v:150.0)-(t:0.502-step:135-v:149.0)-(t:0.503-step:136-v:147.0)-(t:0.503-step:137-v:146.0)-(t:0.504-step:138-v:145.0)-(t:0.505-step:139-v:144.0)-(t:0.506-step:140-v:143.0)-(t:0.507-step:141-v:142.0)-(t:0.508-step:142-v:141.0)-(t:0.509-step:143-v:140.0)-(t:0.517-step:144-v:139.0)-(t:0.519-step:145-v:138.0)-(t:0.519-step:146-v:136.0)-(t:0.521-step:147-v:135.0)-(t:0.524-step:148-v:134.0)-(t:0.525-step:149-v:133.0)-(t:0.525-step:150-v:132.0)-(t:0.539-step:151-v:131.0)-(t:0.542-step:152-v:129.0)-(t:0.544-step:153-v:127.0)-(t:0.544-step:154-v:126.0)-(t:0.545-step:155-v:125.0)-(t:0.547-step:156-v:123.0)-(t:0.547-step:157-v:122.0)-(t:0.548-step:158-v:121.0)-(t:0.554-step:159-v:120.0)-(t:0.555-step:160-v:119.0)-(t:0.556-step:161-v:118.0)-(t:0.556-step:162-v:117.0)-(t:0.557-step:163-v:116.0)-(t:0.561-step:164-v:115.0)-(t:0.562-step:165-v:114.0)-(t:0.565-step:166-v:113.0)-(t:0.571-step:167-v:111.0)-(t:0.575-step:168-v:110.0)-(t:0.579-step:169-v:109.0)-(t:0.580-step:170-v:107.0)-(t:0.580-step:171-v:105.0)-(t:0.583-step:172-v:104.0)-(t:0.584-step:173-v:103.0)-(t:0.585-step:174-v:102.0)-(t:0.622-step:175-v:101.0)-(t:0.623-step:176-v:100.0)-(t:0.625-step:177-v:99.0)-(t:0.625-step:178-v:98.0)-(t:0.626-step:179-v:97.0)-(t:0.650-step:180-v:96.0)-(t:0.651-step:181-v:95.0)-(t:0.655-step:182-v:94.0)-(t:0.697-step:183-v:93.0)-(t:0.698-step:184-v:92.0)-(t:0.699-step:185-v:91.0)-(t:0.702-step:186-v:90.0)-(t:0.703-step:187-v:89.0)-(t:0.705-step:188-v:88.0)-(t:0.706-step:189-v:87.0)-(t:0.744-step:190-v:86.0)-(t:0.745-step:191-v:85.0)-(t:0.746-step:192-v:84.0)-(t:0.750-step:193-v:82.0)-(t:0.752-step:194-v:80.0)-(t:0.763-step:195-v:79.0)-(t:0.779-step:196-v:78.0)-(t:0.784-step:197-v:77.0)-(t:0.789-step:198-v:76.0)-(t:0.790-step:199-v:75.0)-(t:0.794-step:200-v:74.0)-(t:0.797-step:201-v:73.0)-(t:0.806-step:202-v:72.0)-(t:0.895-step:203-v:71.0)-(t:0.914-step:204-v:70.0)-(t:0.920-step:205-v:69.0)-(t:0.921-step:206-v:68.0)-(t:0.925-step:207-v:67.0)-(t:0.956-step:208-v:65.0)-(t:0.958-step:209-v:64.0)-(t:0.992-step:210-v:63.0)-(t:0.994-step:211-v:62.0)-(t:0.995-step:212-v:61.0)-(t:1.181-step:213-v:60.0)-(t:1.191-step:214-v:59.0)-(t:1.204-step:215-v:58.0)-(t:1.206-step:216-v:57.0)-(t:1.212-step:217-v:56.0)-(t:1.251-step:218-v:55.0)-(t:1.262-step:219-v:54.0)-(t:1.292-step:220-v:53.0)-(t:1.294-step:221-v:52.0)-(t:1.366-step:222-v:51.0)-(t:1.379-step:223-v:50.0)-(t:1.383-step:224-v:49.0)-(t:1.394-step:225-v:48.0)-(t:1.429-step:226-v:47.0)-(t:1.444-step:227-v:46.0)-(t:1.470-step:228-v:45.0)-(t:1.473-step:229-v:44.0)-(t:1.747-step:230-v:43.0)-(t:1.750-step:231-v:42.0)-(t:1.753-step:232-v:41.0)-(t:1.812-step:233-v:40.0)-(t:1.813-step:234-v:39.0)-(t:2.023-step:235-v:38.0)-(t:2.025-step:236-v:37.0)-(t:2.086-step:237-v:36.0)-(t:2.365-step:238-v:35.0)-(t:2.421-step:239-v:34.0)-(t:2.456-step:240-v:33.0)-(t:2.472-step:241-v:32.0)-(t:2.483-step:242-v:31.0)-(t:2.489-step:243-v:30.0)-(t:2.640-step:244-v:29.0)-(t:2.665-step:245-v:28.0)-(t:2.751-step:246-v:27.0)-(t:2.927-step:247-v:26.0)-(t:3.026-step:248-v:25.0)-(t:3.178-step:249-v:24.0)-(t:3.267-step:250-v:23.0)-(t:3.425-step:251-v:22.0)-(t:3.549-step:252-v:21.0)-(t:3.743-step:253-v:20.0)-(t:3.816-step:254-v:19.0)-(t:3.838-step:255-v:18.0)-(t:4.009-step:256-v:17.0)-(t:4.083-step:257-v:16.0)-(t:4.217-step:258-v:15.0)-(t:4.298-step:259-v:14.0)-(t:4.433-step:260-v:13.0)-(t:4.502-step:261-v:12.0)-(t:4.651-step:262-v:11.0)-(t:5.333-step:290-v:10.0)-(t:5.380-step:291-v:9.0)-(t:5.476-step:292-v:8.0)-(t:5.513-step:293-v:7.0)-(t:6.149-step:301-v:6.0)-(t:8.724-step:366-v:5.0)-(t:8.828-step:367-v:4.0)-(t:9.482-step:391-v:3.0)-(t:10.207-step:406-v:2.0)-(t:12.597-step:464-v:1.0)],5400.0
roundrobin,examples/csp/csp_300/carseq_300_8_20_76.txt,r1,5400,2,5.0,[(t:0.000-step:1-v:347.0)-(t:0.007-step:2-v:341.0)-(t:0.020-step:3-v:340.0)-(t:0.021-step:4-v:338.0)-(t:0.022-step:5-v:337.0)-(t:0.025-step:6-v:336.0)-(t:0.040-step:7-v:335.0)-(t:0.044-step:8-v:331.0)-(t:0.047-step:9-v:330.0)-(t:0.047-step:10-v:328.0)-(t:0.049-step:11-v:327.0)-(t:0.051-step:12-v:326.0)-(t:0.052-step:13-v:325.0)-(t:0.052-step:14-v:324.0)-(t:0.058-step:15-v:323.0)-(t:0.062-step:16-v:318.0)-(t:0.063-step:17-v:315.0)-(t:0.064-step:18-v:313.0)-(t:0.064-step:19-v:312.0)-(t:0.065-step:20-v:311.0)-(t:0.072-step:21-v:309.0)-(t:0.073-step:22-v:306.0)-(t:0.085-step:23-v:305.0)-(t:0.089-step:24-v:303.0)-(t:0.090-step:25-v:300.0)-(t:0.090-step:26-v:298.0)-(t:0.092-step:27-v:297.0)-(t:0.098-step:28-v:296.0)-(t:0.099-step:29-v:295.0)-(t:0.103-step:30-v:293.0)-(t:0.104-step:31-v:292.0)-(t:0.109-step:32-v:290.0)-(t:0.110-step:33-v:289.0)-(t:0.110-step:34-v:288.0)-(t:0.111-step:35-v:287.0)-(t:0.126-step:36-v:284.0)-(t:0.127-step:37-v:283.0)-(t:0.127-step:38-v:282.0)-(t:0.131-step:39-v:280.0)-(t:0.132-step:40-v:279.0)-(t:0.156-step:41-v:275.0)-(t:0.157-step:42-v:274.0)-(t:0.158-step:43-v:271.0)-(t:0.162-step:44-v:270.0)-(t:0.163-step:45-v:268.0)-(t:0.164-step:46-v:267.0)-(t:0.168-step:47-v:266.0)-(t:0.169-step:48-v:265.0)-(t:0.169-step:49-v:264.0)-(t:0.172-step:50-v:262.0)-(t:0.175-step:51-v:261.0)-(t:0.175-step:52-v:260.0)-(t:0.176-step:53-v:259.0)-(t:0.180-step:54-v:258.0)-(t:0.186-step:55-v:257.0)-(t:0.187-step:56-v:256.0)-(t:0.188-step:57-v:254.0)-(t:0.195-step:58-v:253.0)-(t:0.196-step:59-v:252.0)-(t:0.197-step:60-v:250.0)-(t:0.201-step:61-v:248.0)-(t:0.201-step:62-v:247.0)-(t:0.208-step:63-v:245.0)-(t:0.213-step:64-v:243.0)-(t:0.217-step:65-v:241.0)-(t:0.222-step:66-v:240.0)-(t:0.222-step:67-v:238.0)-(t:0.223-step:68-v:237.0)-(t:0.224-step:69-v:236.0)-(t:0.224-step:70-v:235.0)-(t:0.226-step:71-v:234.0)-(t:0.229-step:72-v:233.0)-(t:0.237-step:73-v:232.0)-(t:0.238-step:74-v:230.0)-(t:0.242-step:75-v:229.0)-(t:0.244-step:76-v:228.0)-(t:0.249-step:77-v:227.0)-(t:0.255-step:78-v:226.0)-(t:0.272-step:79-v:225.0)-(t:0.276-step:80-v:223.0)-(t:0.279-step:81-v:221.0)-(t:0.281-step:82-v:218.0)-(t:0.282-step:83-v:217.0)-(t:0.282-step:84-v:216.0)-(t:0.285-step:85-v:215.0)-(t:0.285-step:86-v:213.0)-(t:0.293-step:87-v:212.0)-(t:0.295-step:88-v:211.0)-(t:0.296-step:89-v:209.0)-(t:0.297-step:90-v:208.0)-(t:0.298-step:91-v:207.0)-(t:0.298-step:92-v:206.0)-(t:0.300-step:93-v:205.0)-(t:0.300-step:94-v:204.0)-(t:0.310-step:95-v:203.0)-(t:0.315-step:96-v:201.0)-(t:0.316-step:97-v:200.0)-(t:0.317-step:98-v:199.0)-(t:0.318-step:99-v:197.0)-(t:0.322-step:100-v:196.0)-(t:0.330-step:101-v:195.0)-(t:0.332-step:102-v:194.0)-(t:0.334-step:103-v:193.0)-(t:0.337-step:104-v:190.0)-(t:0.339-step:105-v:189.0)-(t:0.340-step:106-v:188.0)-(t:0.341-step:107-v:187.0)-(t:0.342-step:108-v:184.0)-(t:0.343-step:109-v:183.0)-(t:0.343-step:110-v:182.0)-(t:0.348-step:111-v:181.0)-(t:0.350-step:112-v:180.0)-(t:0.351-step:113-v:178.0)-(t:0.352-step:114-v:177.0)-(t:0.354-step:115-v:176.0)-(t:0.354-step:116-v:175.0)-(t:0.356-step:117-v:174.0)-(t:0.357-step:118-v:173.0)-(t:0.361-step:119-v:172.0)-(t:0.362-step:120-v:171.0)-(t:0.363-step:121-v:168.0)-(t:0.363-step:122-v:167.0)-(t:0.364-step:123-v:166.0)-(t:0.367-step:124-v:164.0)-(t:0.370-step:125-v:163.0)-(t:0.370-step:126-v:162.0)-(t:0.375-step:127-v:161.0)-(t:0.380-step:128-v:160.0)-(t:0.381-step:129-v:157.0)-(t:0.382-step:130-v:156.0)-(t:0.382-step:131-v:155.0)-(t:0.383-step:132-v:153.0)-(t:0.384-step:133-v:152.0)-(t:0.389-step:134-v:151.0)-(t:0.407-step:135-v:150.0)-(t:0.408-step:136-v:149.0)-(t:0.409-step:137-v:148.0)-(t:0.410-step:138-v:146.0)-(t:0.410-step:139-v:145.0)-(t:0.411-step:140-v:144.0)-(t:0.412-step:141-v:143.0)-(t:0.417-step:142-v:142.0)-(t:0.424-step:143-v:141.0)-(t:0.426-step:144-v:140.0)-(t:0.427-step:145-v:139.0)-(t:0.428-step:146-v:137.0)-(t:0.428-step:147-v:136.0)-(t:0.429-step:148-v:135.0)-(t:0.430-step:149-v:134.0)-(t:0.430-step:150-v:133.0)-(t:0.431-step:151-v:132.0)-(t:0.435-step:152-v:131.0)-(t:0.437-step:153-v:130.0)-(t:0.437-step:154-v:128.0)-(t:0.437-step:155-v:127.0)-(t:0.438-step:156-v:126.0)-(t:0.439-step:157-v:125.0)-(t:0.439-step:158-v:124.0)-(t:0.453-step:159-v:123.0)-(t:0.456-step:160-v:122.0)-(t:0.458-step:161-v:121.0)-(t:0.458-step:162-v:120.0)-(t:0.459-step:163-v:119.0)-(t:0.460-step:164-v:118.0)-(t:0.461-step:165-v:117.0)-(t:0.461-step:166-v:116.0)-(t:0.475-step:167-v:115.0)-(t:0.476-step:168-v:114.0)-(t:0.477-step:169-v:113.0)-(t:0.477-step:170-v:112.0)-(t:0.478-step:171-v:111.0)-(t:0.479-step:172-v:109.0)-(t:0.480-step:173-v:108.0)-(t:0.481-step:174-v:107.0)-(t:0.497-step:175-v:106.0)-(t:0.503-step:176-v:105.0)-(t:0.506-step:177-v:104.0)-(t:0.507-step:178-v:103.0)-(t:0.508-step:179-v:102.0)-(t:0.509-step:180-v:101.0)-(t:0.509-step:181-v:100.0)-(t:0.525-step:182-v:99.0)-(t:0.533-step:183-v:98.0)-(t:0.534-step:184-v:97.0)-(t:0.534-step:185-v:96.0)-(t:0.542-step:186-v:95.0)-(t:0.546-step:187-v:94.0)-(t:0.548-step:188-v:93.0)-(t:0.623-step:189-v:92.0)-(t:0.626-step:190-v:91.0)-(t:0.632-step:191-v:90.0)-(t:0.637-step:192-v:88.0)-(t:0.642-step:193-v:87.0)-(t:0.648-step:194-v:86.0)-(t:0.653-step:195-v:85.0)-(t:0.689-step:196-v:84.0)-(t:0.703-step:197-v:83.0)-(t:0.704-step:198-v:82.0)-(t:0.706-step:199-v:81.0)-(t:0.707-step:200-v:80.0)-(t:0.708-step:201-v:79.0)-(t:0.724-step:202-v:78.0)-(t:0.727-step:203-v:77.0)-(t:0.731-step:204-v:76.0)-(t:0.731-step:205-v:75.0)-(t:0.732-step:206-v:74.0)-(t:0.746-step:207-v:73.0)-(t:0.747-step:208-v:72.0)-(t:0.750-step:209-v:71.0)-(t:0.751-step:210-v:70.0)-(t:0.753-step:211-v:69.0)-(t:0.823-step:212-v:68.0)-(t:0.830-step:213-v:67.0)-(t:0.831-step:214-v:65.0)-(t:0.838-step:215-v:64.0)-(t:0.887-step:216-v:63.0)-(t:0.890-step:217-v:62.0)-(t:0.892-step:218-v:61.0)-(t:0.894-step:219-v:60.0)-(t:0.929-step:220-v:59.0)-(t:0.937-step:221-v:58.0)-(t:0.939-step:222-v:57.0)-(t:0.942-step:223-v:56.0)-(t:0.984-step:224-v:55.0)-(t:0.992-step:225-v:54.0)-(t:0.994-step:226-v:53.0)-(t:1.003-step:227-v:52.0)-(t:1.037-step:228-v:51.0)-(t:1.057-step:229-v:50.0)-(t:1.061-step:230-v:49.0)-(t:1.062-step:231-v:48.0)-(t:1.102-step:232-v:47.0)-(t:1.111-step:233-v:46.0)-(t:1.112-step:234-v:45.0)-(t:1.115-step:235-v:44.0)-(t:1.152-step:236-v:43.0)-(t:1.163-step:237-v:42.0)-(t:1.164-step:238-v:41.0)-(t:1.179-step:239-v:40.0)-(t:1.182-step:240-v:39.0)-(t:1.199-step:241-v:38.0)-(t:1.287-step:242-v:37.0)-(t:1.289-step:243-v:36.0)-(t:1.295-step:244-v:35.0)-(t:1.300-step:245-v:34.0)-(t:1.300-step:246-v:32.0)-(t:1.338-step:247-v:31.0)-(t:1.350-step:248-v:30.0)-(t:1.351-step:249-v:29.0)-(t:1.370-step:250-v:28.0)-(t:1.629-step:251-v:27.0)-(t:1.636-step:252-v:26.0)-(t:1.653-step:253-v:25.0)-(t:1.654-step:254-v:24.0)-(t:1.665-step:255-v:23.0)-(t:1.843-step:256-v:22.0)-(t:1.910-step:257-v:21.0)-(t:2.054-step:258-v:20.0)-(t:2.055-step:259-v:19.0)-(t:2.158-step:260-v:18.0)-(t:2.264-step:261-v:17.0)-(t:2.348-step:262-v:16.0)-(t:2.450-step:263-v:15.0)-(t:2.536-step:264-v:14.0)-(t:2.622-step:265-v:13.0)-(t:2.722-step:266-v:12.0)-(t:2.808-step:267-v:11.0)-(t:2.902-step:268-v:10.0)-(t:2.967-step:269-v:9.0)-(t:3.071-step:270-v:8.0)-(t:3.126-step:271-v:7.0)-(t:3.221-step:272-v:6.0)-(t:3.997-step:297-v:5.0)],5400.0
