2025-06-02 00:55:14,942 - INFO - Binding arguments
2025-06-02 00:55:14,942 - INFO - Binding arguments
2025-06-02 00:55:14,942 - INFO - Binding arguments
2025-06-02 00:55:14,942 - INFO - Binding arguments
2025-06-02 00:55:14,942 - INFO - Binding arguments
2025-06-02 00:55:14,942 - INFO - Binding arguments
2025-06-02 00:55:14,942 - INFO - Binding arguments
2025-06-02 00:55:14,942 - INFO - Binding arguments
2025-06-02 00:55:14,942 - INFO - Binding arguments
2025-06-02 00:55:14,942 - INFO - Binding arguments
2025-06-02 00:55:14,944 - INFO - Starting the runner with arguments Args(communication='pipe', port=None, input_pipe='pipes/s2p-1768872838700267', output_pipe='pipes/p2s-1768872838700267', algorithm='dqn', _device='cpu', epsilon=0.0644, _clipping='10.0000', batch_size=117, _ddqn='false', lr=0.0167):
2025-06-02 00:55:14,944 - INFO - Starting the runner with arguments Args(communication='pipe', port=None, input_pipe='pipes/s2p-1768872841667081', output_pipe='pipes/p2s-1768872841667081', algorithm='dqn', _device='cpu', epsilon=0.0644, _clipping='10.0000', batch_size=117, _ddqn='false', lr=0.0167):
2025-06-02 00:55:14,944 - INFO - Starting the runner with arguments Args(communication='pipe', port=None, input_pipe='pipes/s2p-1768872849931547', output_pipe='pipes/p2s-1768872849931547', algorithm='dqn', _device='cpu', epsilon=0.0644, _clipping='10.0000', batch_size=117, _ddqn='false', lr=0.0167):
2025-06-02 00:55:14,944 - INFO - Starting the runner with arguments Args(communication='pipe', port=None, input_pipe='pipes/s2p-1768872937338753', output_pipe='pipes/p2s-1768872937338753', algorithm='dqn', _device='cpu', epsilon=0.0644, _clipping='10.0000', batch_size=117, _ddqn='false', lr=0.0167):
2025-06-02 00:55:14,944 - INFO - Starting the runner with arguments Args(communication='pipe', port=None, input_pipe='pipes/s2p-1768872856645700', output_pipe='pipes/p2s-1768872856645700', algorithm='dqn', _device='cpu', epsilon=0.0644, _clipping='10.0000', batch_size=117, _ddqn='false', lr=0.0167):
2025-06-02 00:55:14,944 - INFO - Starting the runner with arguments Args(communication='pipe', port=None, input_pipe='pipes/s2p-1768872908369610', output_pipe='pipes/p2s-1768872908369610', algorithm='dqn', _device='cpu', epsilon=0.0644, _clipping='10.0000', batch_size=117, _ddqn='false', lr=0.0167):
2025-06-02 00:55:14,944 - INFO - Starting the runner with arguments Args(communication='pipe', port=None, input_pipe='pipes/s2p-1768872911384484', output_pipe='pipes/p2s-1768872911384484', algorithm='dqn', _device='cpu', epsilon=0.0644, _clipping='10.0000', batch_size=117, _ddqn='false', lr=0.0167):
2025-06-02 00:55:14,944 - INFO - Starting the runner with arguments Args(communication='pipe', port=None, input_pipe='pipes/s2p-1768872847218400', output_pipe='pipes/p2s-1768872847218400', algorithm='dqn', _device='cpu', epsilon=0.0644, _clipping='10.0000', batch_size=117, _ddqn='false', lr=0.0167):
2025-06-02 00:55:14,944 - INFO - Starting the runner with arguments Args(communication='pipe', port=None, input_pipe='pipes/s2p-1768872892042027', output_pipe='pipes/p2s-1768872892042027', algorithm='dqn', _device='cpu', epsilon=0.0644, _clipping='10.0000', batch_size=117, _ddqn='false', lr=0.0167):
2025-06-02 00:55:14,945 - INFO - Starting the runner with arguments Args(communication='pipe', port=None, input_pipe='pipes/s2p-1768872912681832', output_pipe='pipes/p2s-1768872912681832', algorithm='dqn', _device='cpu', epsilon=0.0644, _clipping='10.0000', batch_size=117, _ddqn='false', lr=0.0167):
2025-06-02 00:55:14,945 - INFO - Starting runner
2025-06-02 00:55:14,946 - INFO - Starting runner
2025-06-02 00:55:14,946 - INFO - Starting runner
2025-06-02 00:55:14,946 - INFO - Starting runner
2025-06-02 00:55:14,946 - INFO - Starting runner
2025-06-02 00:55:14,946 - INFO - Starting runner
2025-06-02 00:55:14,946 - INFO - Starting runner
2025-06-02 00:55:14,946 - INFO - Starting runner
2025-06-02 00:55:14,946 - INFO - Starting runner
2025-06-02 00:55:14,946 - INFO - Starting runner
2025-06-02 01:00:15,492 - ERROR - Connection with remote closed
2025-06-02 01:00:15,494 - INFO - End of the program
2025-06-02 01:00:15,899 - ERROR - Connection with remote closed
2025-06-02 01:00:15,925 - INFO - End of the program
2025-06-02 01:00:16,489 - ERROR - Connection with remote closed
2025-06-02 01:00:16,494 - ERROR - Connection with remote closed
2025-06-02 01:00:16,496 - INFO - End of the program
2025-06-02 01:00:16,496 - INFO - End of the program
2025-06-02 01:00:16,517 - ERROR - Connection with remote closed
2025-06-02 01:00:16,520 - INFO - End of the program
2025-06-02 01:00:16,620 - ERROR - Connection with remote closed
2025-06-02 01:00:16,622 - INFO - End of the program
2025-06-02 01:00:16,636 - ERROR - Connection with remote closed
2025-06-02 01:00:16,639 - INFO - End of the program
2025-06-02 01:00:16,936 - ERROR - Connection with remote closed
2025-06-02 01:00:16,940 - INFO - End of the program
2025-06-02 01:00:17,055 - ERROR - Connection with remote closed
2025-06-02 01:00:17,057 - INFO - End of the program
2025-06-02 01:00:22,688 - ERROR - Connection with remote closed
2025-06-02 01:00:22,693 - INFO - End of the program
2025-06-02 01:00:23,772 - INFO - Binding arguments
2025-06-02 01:00:23,774 - INFO - Starting the runner with arguments Args(communication='pipe', port=None, input_pipe='pipes/s2p-1769195928828662', output_pipe='pipes/p2s-1769195928828662', algorithm='dqn', _device='cpu', epsilon=0.0644, _clipping='10.0000', batch_size=117, _ddqn='false', lr=0.0167):
2025-06-02 01:00:23,819 - INFO - Binding arguments
2025-06-02 01:00:23,821 - INFO - Starting the runner with arguments Args(communication='pipe', port=None, input_pipe='pipes/s2p-1769195832091200', output_pipe='pipes/p2s-1769195832091200', algorithm='dqn', _device='cpu', epsilon=0.0644, _clipping='10.0000', batch_size=117, _ddqn='false', lr=0.0167):
2025-06-02 01:00:23,880 - INFO - Binding arguments
2025-06-02 01:00:23,882 - INFO - Starting the runner with arguments Args(communication='pipe', port=None, input_pipe='pipes/s2p-1769196039042391', output_pipe='pipes/p2s-1769196039042391', algorithm='dqn', _device='cpu', epsilon=0.0644, _clipping='10.0000', batch_size=117, _ddqn='false', lr=0.0167):
2025-06-02 01:00:23,913 - INFO - Binding arguments
2025-06-02 01:00:23,915 - INFO - Starting the runner with arguments Args(communication='pipe', port=None, input_pipe='pipes/s2p-1769196254938148', output_pipe='pipes/p2s-1769196254938148', algorithm='dqn', _device='cpu', epsilon=0.0644, _clipping='10.0000', batch_size=117, _ddqn='false', lr=0.0167):
2025-06-02 01:00:23,932 - INFO - Binding arguments
2025-06-02 01:00:23,935 - INFO - Starting the runner with arguments Args(communication='pipe', port=None, input_pipe='pipes/s2p-1769196103939495', output_pipe='pipes/p2s-1769196103939495', algorithm='dqn', _device='cpu', epsilon=0.0644, _clipping='10.0000', batch_size=117, _ddqn='false', lr=0.0167):
2025-06-02 01:00:23,986 - INFO - Binding arguments
2025-06-02 01:00:23,988 - INFO - Starting the runner with arguments Args(communication='pipe', port=None, input_pipe='pipes/s2p-1769196250552578', output_pipe='pipes/p2s-1769196250552578', algorithm='dqn', _device='cpu', epsilon=0.0644, _clipping='10.0000', batch_size=117, _ddqn='false', lr=0.0167):
2025-06-02 01:00:23,990 - INFO - Binding arguments
2025-06-02 01:00:23,992 - INFO - Starting the runner with arguments Args(communication='pipe', port=None, input_pipe='pipes/s2p-1769196316654555', output_pipe='pipes/p2s-1769196316654555', algorithm='dqn', _device='cpu', epsilon=0.0644, _clipping='10.0000', batch_size=117, _ddqn='false', lr=0.0167):
2025-06-02 01:00:24,167 - INFO - Binding arguments
2025-06-02 01:00:24,169 - INFO - Starting the runner with arguments Args(communication='pipe', port=None, input_pipe='pipes/s2p-1769196477074548', output_pipe='pipes/p2s-1769196477074548', algorithm='dqn', _device='cpu', epsilon=0.0644, _clipping='10.0000', batch_size=117, _ddqn='false', lr=0.0167):
2025-06-02 01:00:24,363 - INFO - Binding arguments
2025-06-02 01:00:24,365 - INFO - Starting the runner with arguments Args(communication='pipe', port=None, input_pipe='pipes/s2p-1769196727674824', output_pipe='pipes/p2s-1769196727674824', algorithm='dqn', _device='cpu', epsilon=0.0644, _clipping='10.0000', batch_size=117, _ddqn='false', lr=0.0167):
2025-06-02 01:00:25,479 - INFO - Starting runner
2025-06-02 01:00:25,548 - INFO - Starting runner
2025-06-02 01:00:25,673 - INFO - Starting runner
2025-06-02 01:00:25,719 - INFO - Starting runner
2025-06-02 01:00:25,858 - INFO - Starting runner
2025-06-02 01:00:25,860 - INFO - Starting runner
2025-06-02 01:00:25,922 - INFO - Starting runner
2025-06-02 01:00:26,190 - INFO - Starting runner
2025-06-02 01:00:26,448 - INFO - Starting runner
2025-06-02 01:00:41,169 - INFO - Binding arguments
2025-06-02 01:00:41,172 - INFO - Starting the runner with arguments Args(communication='pipe', port=None, input_pipe='pipes/s2p-1769200720166877', output_pipe='pipes/p2s-1769200720166877', algorithm='dqn', _device='cpu', epsilon=0.0644, _clipping='10.0000', batch_size=117, _ddqn='false', lr=0.0167):
2025-06-02 01:00:41,183 - INFO - Starting runner
2025-06-02 01:05:26,618 - ERROR - Connection with remote closed
2025-06-02 01:05:26,622 - INFO - End of the program
2025-06-02 01:05:27,395 - ERROR - Connection with remote closed
2025-06-02 01:05:27,398 - INFO - End of the program
2025-06-02 01:05:27,448 - ERROR - Connection with remote closed
2025-06-02 01:05:27,451 - INFO - End of the program
2025-06-02 01:05:27,622 - ERROR - Connection with remote closed
2025-06-02 01:05:27,624 - INFO - End of the program
2025-06-02 01:05:27,858 - ERROR - Connection with remote closed
2025-06-02 01:05:27,862 - INFO - End of the program
2025-06-02 01:05:28,007 - ERROR - Connection with remote closed
2025-06-02 01:05:28,008 - INFO - End of the program
2025-06-02 01:05:28,013 - ERROR - Connection with remote closed
2025-06-02 01:05:28,016 - INFO - End of the program
2025-06-02 01:05:29,609 - ERROR - Connection with remote closed
2025-06-02 01:05:29,611 - INFO - End of the program
2025-06-02 01:05:36,072 - ERROR - Connection with remote closed
2025-06-02 01:05:36,073 - INFO - End of the program
2025-06-02 01:05:37,513 - INFO - Binding arguments
2025-06-02 01:05:37,515 - INFO - Starting the runner with arguments Args(communication='pipe', port=None, input_pipe='pipes/s2p-1769509947372574', output_pipe='pipes/p2s-1769509947372574', algorithm='dqn', _device='cpu', epsilon=0.0644, _clipping='10.0000', batch_size=117, _ddqn='false', lr=0.0167):
2025-06-02 01:05:37,517 - INFO - Binding arguments
2025-06-02 01:05:37,519 - INFO - Starting the runner with arguments Args(communication='pipe', port=None, input_pipe='pipes/s2p-1769509685740109', output_pipe='pipes/p2s-1769509685740109', algorithm='dqn', _device='cpu', epsilon=0.0644, _clipping='10.0000', batch_size=117, _ddqn='false', lr=0.0167):
2025-06-02 01:05:37,743 - INFO - Binding arguments
2025-06-02 01:05:37,746 - INFO - Starting the runner with arguments Args(communication='pipe', port=None, input_pipe='pipes/s2p-1769509951724742', output_pipe='pipes/p2s-1769509951724742', algorithm='dqn', _device='cpu', epsilon=0.0644, _clipping='10.0000', batch_size=117, _ddqn='false', lr=0.0167):
2025-06-02 01:05:38,051 - INFO - Binding arguments
2025-06-02 01:05:38,053 - INFO - Starting the runner with arguments Args(communication='pipe', port=None, input_pipe='pipes/s2p-1769510452328824', output_pipe='pipes/p2s-1769510452328824', algorithm='dqn', _device='cpu', epsilon=0.0644, _clipping='10.0000', batch_size=117, _ddqn='false', lr=0.0167):
2025-06-02 01:05:38,330 - INFO - Binding arguments
2025-06-02 01:05:38,332 - INFO - Starting the runner with arguments Args(communication='pipe', port=None, input_pipe='pipes/s2p-1769510552676016', output_pipe='pipes/p2s-1769510552676016', algorithm='dqn', _device='cpu', epsilon=0.0644, _clipping='10.0000', batch_size=117, _ddqn='false', lr=0.0167):
2025-06-02 01:05:38,459 - INFO - Binding arguments
2025-06-02 01:05:38,461 - INFO - Starting the runner with arguments Args(communication='pipe', port=None, input_pipe='pipes/s2p-1769510693456972', output_pipe='pipes/p2s-1769510693456972', algorithm='dqn', _device='cpu', epsilon=0.0644, _clipping='10.0000', batch_size=117, _ddqn='false', lr=0.0167):
2025-06-02 01:05:38,592 - INFO - Binding arguments
2025-06-02 01:05:38,594 - INFO - Starting the runner with arguments Args(communication='pipe', port=None, input_pipe='pipes/s2p-1769511120320957', output_pipe='pipes/p2s-1769511120320957', algorithm='dqn', _device='cpu', epsilon=0.0644, _clipping='10.0000', batch_size=117, _ddqn='false', lr=0.0167):
2025-06-02 01:05:39,307 - INFO - Starting runner
2025-06-02 01:05:39,353 - INFO - Binding arguments
2025-06-02 01:05:39,355 - INFO - Starting the runner with arguments Args(communication='pipe', port=None, input_pipe='pipes/s2p-1769511985472821', output_pipe='pipes/p2s-1769511985472821', algorithm='dqn', _device='cpu', epsilon=0.0644, _clipping='10.0000', batch_size=117, _ddqn='false', lr=0.0167):
2025-06-02 01:05:39,578 - INFO - Starting runner
2025-06-02 01:05:39,589 - INFO - Starting runner
2025-06-02 01:05:40,137 - INFO - Starting runner
2025-06-02 01:05:40,286 - INFO - Starting runner
2025-06-02 01:05:40,464 - INFO - Starting runner
2025-06-02 01:05:40,786 - INFO - Starting runner
2025-06-02 01:05:41,596 - INFO - Starting runner
2025-06-02 01:05:43,589 - ERROR - Connection with remote closed
2025-06-02 01:05:43,591 - INFO - End of the program
2025-06-02 01:05:54,813 - INFO - Binding arguments
2025-06-02 01:05:54,815 - INFO - Starting the runner with arguments Args(communication='pipe', port=None, input_pipe='pipes/s2p-1769514695814676', output_pipe='pipes/p2s-1769514695814676', algorithm='dqn', _device='cpu', epsilon=0.0644, _clipping='10.0000', batch_size=117, _ddqn='false', lr=0.0167):
2025-06-02 01:05:54,850 - INFO - Starting runner
2025-06-02 01:06:08,747 - INFO - Binding arguments
2025-06-02 01:06:08,756 - INFO - Starting the runner with arguments Args(communication='pipe', port=None, input_pipe='pipes/s2p-1769533785876659', output_pipe='pipes/p2s-1769533785876659', algorithm='dqn', _device='cpu', epsilon=0.0644, _clipping='10.0000', batch_size=117, _ddqn='false', lr=0.0167):
2025-06-02 01:06:08,788 - INFO - Starting runner
2025-06-02 01:10:40,652 - ERROR - Connection with remote closed
2025-06-02 01:10:40,655 - INFO - End of the program
2025-06-02 01:10:41,231 - ERROR - Connection with remote closed
2025-06-02 01:10:41,233 - INFO - End of the program
2025-06-02 01:10:41,869 - ERROR - Connection with remote closed
2025-06-02 01:10:41,871 - INFO - End of the program
2025-06-02 01:10:42,386 - ERROR - Connection with remote closed
2025-06-02 01:10:42,388 - INFO - End of the program
2025-06-02 01:10:42,766 - ERROR - Connection with remote closed
2025-06-02 01:10:42,768 - INFO - End of the program
2025-06-02 01:10:42,816 - ERROR - Connection with remote closed
2025-06-02 01:10:42,819 - INFO - End of the program
2025-06-02 01:10:43,375 - ERROR - Connection with remote closed
2025-06-02 01:10:43,377 - INFO - End of the program
2025-06-02 01:10:55,179 - INFO - Binding arguments
2025-06-02 01:10:55,181 - INFO - Starting the runner with arguments Args(communication='pipe', port=None, input_pipe='pipes/s2p-1769826407375199', output_pipe='pipes/p2s-1769826407375199', algorithm='dqn', _device='cpu', epsilon=0.0644, _clipping='10.0000', batch_size=117, _ddqn='false', lr=0.0167):
2025-06-02 01:10:55,643 - INFO - Binding arguments
2025-06-02 01:10:55,646 - INFO - Starting the runner with arguments Args(communication='pipe', port=None, input_pipe='pipes/s2p-1769826130920340', output_pipe='pipes/p2s-1769826130920340', algorithm='dqn', _device='cpu', epsilon=0.0644, _clipping='10.0000', batch_size=117, _ddqn='false', lr=0.0167):
2025-06-02 01:10:55,694 - INFO - Binding arguments
2025-06-02 01:10:55,696 - INFO - Starting the runner with arguments Args(communication='pipe', port=None, input_pipe='pipes/s2p-1769825970531037', output_pipe='pipes/p2s-1769825970531037', algorithm='dqn', _device='cpu', epsilon=0.0644, _clipping='10.0000', batch_size=117, _ddqn='false', lr=0.0167):
2025-06-02 01:10:55,697 - INFO - Starting runner
2025-06-02 01:10:55,790 - INFO - Starting runner
2025-06-02 01:10:55,845 - INFO - Binding arguments
2025-06-02 01:10:55,854 - INFO - Starting the runner with arguments Args(communication='pipe', port=None, input_pipe='pipes/s2p-1769826566486902', output_pipe='pipes/p2s-1769826566486902', algorithm='dqn', _device='cpu', epsilon=0.0644, _clipping='10.0000', batch_size=117, _ddqn='false', lr=0.0167):
2025-06-02 01:10:55,900 - ERROR - Connection with remote closed
2025-06-02 01:10:55,904 - INFO - End of the program
2025-06-02 01:10:55,965 - INFO - Binding arguments
2025-06-02 01:10:55,967 - INFO - Starting the runner with arguments Args(communication='pipe', port=None, input_pipe='pipes/s2p-1769826618677369', output_pipe='pipes/p2s-1769826618677369', algorithm='dqn', _device='cpu', epsilon=0.0644, _clipping='10.0000', batch_size=117, _ddqn='false', lr=0.0167):
2025-06-02 01:10:56,053 - INFO - Starting runner
2025-06-02 01:10:56,082 - ERROR - Connection with remote closed
2025-06-02 01:10:56,083 - INFO - End of the program
2025-06-02 01:10:56,177 - INFO - Binding arguments
2025-06-02 01:10:56,179 - INFO - Starting the runner with arguments Args(communication='pipe', port=None, input_pipe='pipes/s2p-1769826547437505', output_pipe='pipes/p2s-1769826547437505', algorithm='dqn', _device='cpu', epsilon=0.0644, _clipping='10.0000', batch_size=117, _ddqn='false', lr=0.0167):
2025-06-02 01:10:56,187 - INFO - Starting runner
2025-06-02 01:10:56,214 - INFO - Starting runner
2025-06-02 01:10:56,401 - INFO - Starting runner
2025-06-02 01:10:57,093 - INFO - Binding arguments
2025-06-02 01:10:57,109 - INFO - Starting the runner with arguments Args(communication='pipe', port=None, input_pipe='pipes/s2p-1769826463109754', output_pipe='pipes/p2s-1769826463109754', algorithm='dqn', _device='cpu', epsilon=0.0644, _clipping='10.0000', batch_size=117, _ddqn='false', lr=0.0167):
2025-06-02 01:10:57,118 - INFO - Starting runner
2025-06-02 01:11:09,827 - ERROR - Connection with remote closed
2025-06-02 01:11:09,833 - INFO - End of the program
2025-06-02 01:11:17,784 - INFO - Binding arguments
2025-06-02 01:11:17,786 - INFO - Starting the runner with arguments Args(communication='pipe', port=None, input_pipe='pipes/s2p-1769846900022230', output_pipe='pipes/p2s-1769846900022230', algorithm='dqn', _device='cpu', epsilon=0.0644, _clipping='10.0000', batch_size=117, _ddqn='false', lr=0.0167):
2025-06-02 01:11:17,794 - INFO - Starting runner
2025-06-02 01:11:19,544 - INFO - Binding arguments
2025-06-02 01:11:19,547 - INFO - Starting the runner with arguments Args(communication='pipe', port=None, input_pipe='pipes/s2p-1769847056347438', output_pipe='pipes/p2s-1769847056347438', algorithm='dqn', _device='cpu', epsilon=0.0644, _clipping='10.0000', batch_size=117, _ddqn='false', lr=0.0167):
2025-06-02 01:11:19,548 - INFO - Starting runner
2025-06-02 01:11:30,710 - INFO - Binding arguments
2025-06-02 01:11:30,712 - INFO - Starting the runner with arguments Args(communication='pipe', port=None, input_pipe='pipes/s2p-1769855660565373', output_pipe='pipes/p2s-1769855660565373', algorithm='dqn', _device='cpu', epsilon=0.0644, _clipping='10.0000', batch_size=117, _ddqn='false', lr=0.0167):
2025-06-02 01:11:30,728 - INFO - Starting runner
2025-06-02 01:15:57,568 - ERROR - Connection with remote closed
2025-06-02 01:15:57,572 - INFO - End of the program
2025-06-02 01:15:57,753 - ERROR - Connection with remote closed
2025-06-02 01:15:57,756 - INFO - End of the program
2025-06-02 01:15:58,813 - ERROR - Connection with remote closed
2025-06-02 01:15:58,815 - INFO - End of the program
2025-06-02 01:15:58,965 - ERROR - Connection with remote closed
2025-06-02 01:15:58,967 - INFO - End of the program
2025-06-02 01:15:59,178 - ERROR - Connection with remote closed
2025-06-02 01:15:59,180 - INFO - End of the program
2025-06-02 01:15:59,432 - ERROR - Connection with remote closed
2025-06-02 01:15:59,433 - INFO - End of the program
2025-06-02 01:15:59,556 - ERROR - Connection with remote closed
2025-06-02 01:15:59,559 - INFO - End of the program
2025-06-02 01:16:07,111 - INFO - Binding arguments
2025-06-02 01:16:07,114 - INFO - Starting the runner with arguments Args(communication='pipe', port=None, input_pipe='pipes/s2p-1770138929122991', output_pipe='pipes/p2s-1770138929122991', algorithm='dqn', _device='cpu', epsilon=0.0644, _clipping='10.0000', batch_size=117, _ddqn='false', lr=0.0167):
2025-06-02 01:16:07,127 - INFO - Binding arguments
2025-06-02 01:16:07,129 - INFO - Starting the runner with arguments Args(communication='pipe', port=None, input_pipe='pipes/s2p-1770139163545938', output_pipe='pipes/p2s-1770139163545938', algorithm='dqn', _device='cpu', epsilon=0.0644, _clipping='10.0000', batch_size=117, _ddqn='false', lr=0.0167):
2025-06-02 01:16:07,146 - INFO - Binding arguments
2025-06-02 01:16:07,149 - INFO - Starting the runner with arguments Args(communication='pipe', port=None, input_pipe='pipes/s2p-1770138951149972', output_pipe='pipes/p2s-1770138951149972', algorithm='dqn', _device='cpu', epsilon=0.0644, _clipping='10.0000', batch_size=117, _ddqn='false', lr=0.0167):
2025-06-02 01:16:07,293 - INFO - Binding arguments
2025-06-02 01:16:07,295 - INFO - Starting the runner with arguments Args(communication='pipe', port=None, input_pipe='pipes/s2p-1770139474414190', output_pipe='pipes/p2s-1770139474414190', algorithm='dqn', _device='cpu', epsilon=0.0644, _clipping='10.0000', batch_size=117, _ddqn='false', lr=0.0167):
2025-06-02 01:16:07,334 - INFO - Binding arguments
2025-06-02 01:16:07,336 - INFO - Starting the runner with arguments Args(communication='pipe', port=None, input_pipe='pipes/s2p-1770139265089172', output_pipe='pipes/p2s-1770139265089172', algorithm='dqn', _device='cpu', epsilon=0.0644, _clipping='10.0000', batch_size=117, _ddqn='false', lr=0.0167):
2025-06-02 01:16:07,387 - INFO - Binding arguments
2025-06-02 01:16:07,389 - INFO - Starting the runner with arguments Args(communication='pipe', port=None, input_pipe='pipes/s2p-1770139250659885', output_pipe='pipes/p2s-1770139250659885', algorithm='dqn', _device='cpu', epsilon=0.0644, _clipping='10.0000', batch_size=117, _ddqn='false', lr=0.0167):
2025-06-02 01:16:07,755 - INFO - Binding arguments
2025-06-02 01:16:07,757 - INFO - Starting the runner with arguments Args(communication='pipe', port=None, input_pipe='pipes/s2p-1770140022812507', output_pipe='pipes/p2s-1770140022812507', algorithm='dqn', _device='cpu', epsilon=0.0644, _clipping='10.0000', batch_size=117, _ddqn='false', lr=0.0167):
2025-06-02 01:16:08,548 - INFO - Starting runner
2025-06-02 01:16:08,558 - INFO - Starting runner
2025-06-02 01:16:08,801 - INFO - Starting runner
2025-06-02 01:16:08,882 - INFO - Starting runner
2025-06-02 01:16:08,885 - INFO - Starting runner
2025-06-02 01:16:09,130 - INFO - Starting runner
2025-06-02 01:16:09,629 - INFO - Starting runner
2025-06-02 01:16:32,573 - ERROR - Connection with remote closed
2025-06-02 01:16:32,577 - INFO - End of the program
2025-06-02 01:16:36,326 - ERROR - Connection with remote closed
2025-06-02 01:16:36,331 - INFO - End of the program
2025-06-02 01:16:42,129 - ERROR - Connection with remote closed
2025-06-02 01:16:42,133 - INFO - End of the program
2025-06-02 01:16:46,322 - INFO - Binding arguments
2025-06-02 01:16:46,324 - INFO - Starting the runner with arguments Args(communication='pipe', port=None, input_pipe='pipes/s2p-1770176733564764', output_pipe='pipes/p2s-1770176733564764', algorithm='dqn', _device='cpu', epsilon=0.0644, _clipping='10.0000', batch_size=117, _ddqn='false', lr=0.0167):
2025-06-02 01:16:46,469 - INFO - Starting runner
2025-06-02 01:16:51,137 - INFO - Binding arguments
2025-06-02 01:16:51,139 - INFO - Starting the runner with arguments Args(communication='pipe', port=None, input_pipe='pipes/s2p-1770179548198961', output_pipe='pipes/p2s-1770179548198961', algorithm='dqn', _device='cpu', epsilon=0.0644, _clipping='10.0000', batch_size=117, _ddqn='false', lr=0.0167):
2025-06-02 01:16:51,148 - INFO - Starting runner
2025-06-02 01:16:59,126 - INFO - Binding arguments
2025-06-02 01:16:59,147 - INFO - Starting the runner with arguments Args(communication='pipe', port=None, input_pipe='pipes/s2p-1770185279083644', output_pipe='pipes/p2s-1770185279083644', algorithm='dqn', _device='cpu', epsilon=0.0644, _clipping='10.0000', batch_size=117, _ddqn='false', lr=0.0167):
2025-06-02 01:16:59,151 - INFO - Starting runner
2025-06-02 01:21:11,713 - ERROR - Connection with remote closed
2025-06-02 01:21:11,728 - INFO - End of the program
2025-06-02 01:21:12,031 - ERROR - Connection with remote closed
2025-06-02 01:21:12,034 - INFO - End of the program
2025-06-02 01:21:12,053 - ERROR - Connection with remote closed
2025-06-02 01:21:12,055 - INFO - End of the program
2025-06-02 01:21:12,097 - ERROR - Connection with remote closed
2025-06-02 01:21:12,099 - INFO - End of the program
2025-06-02 01:21:12,565 - ERROR - Connection with remote closed
2025-06-02 01:21:12,567 - INFO - End of the program
2025-06-02 01:21:12,640 - ERROR - Connection with remote closed
2025-06-02 01:21:12,642 - INFO - End of the program
2025-06-02 01:21:12,751 - ERROR - Connection with remote closed
2025-06-02 01:21:12,753 - INFO - End of the program
2025-06-02 01:21:19,394 - INFO - Binding arguments
2025-06-02 01:21:19,396 - INFO - Starting the runner with arguments Args(communication='pipe', port=None, input_pipe='pipes/s2p-1770451834729755', output_pipe='pipes/p2s-1770451834729755', algorithm='dqn', _device='cpu', epsilon=0.0644, _clipping='10.0000', batch_size=117, _ddqn='false', lr=0.0167):
2025-06-02 01:21:19,433 - INFO - Binding arguments
2025-06-02 01:21:19,435 - INFO - Starting the runner with arguments Args(communication='pipe', port=None, input_pipe='pipes/s2p-1770451739219408', output_pipe='pipes/p2s-1770451739219408', algorithm='dqn', _device='cpu', epsilon=0.0644, _clipping='10.0000', batch_size=117, _ddqn='false', lr=0.0167):
2025-06-02 01:21:19,882 - INFO - Binding arguments
2025-06-02 01:21:19,882 - INFO - Binding arguments
2025-06-02 01:21:19,884 - INFO - Starting the runner with arguments Args(communication='pipe', port=None, input_pipe='pipes/s2p-1770452217255040', output_pipe='pipes/p2s-1770452217255040', algorithm='dqn', _device='cpu', epsilon=0.0644, _clipping='10.0000', batch_size=117, _ddqn='false', lr=0.0167):
2025-06-02 01:21:19,884 - INFO - Starting the runner with arguments Args(communication='pipe', port=None, input_pipe='pipes/s2p-1770452267604127', output_pipe='pipes/p2s-1770452267604127', algorithm='dqn', _device='cpu', epsilon=0.0644, _clipping='10.0000', batch_size=117, _ddqn='false', lr=0.0167):
2025-06-02 01:21:19,908 - INFO - Binding arguments
2025-06-02 01:21:19,910 - INFO - Starting the runner with arguments Args(communication='pipe', port=None, input_pipe='pipes/s2p-1770452237297857', output_pipe='pipes/p2s-1770452237297857', algorithm='dqn', _device='cpu', epsilon=0.0644, _clipping='10.0000', batch_size=117, _ddqn='false', lr=0.0167):
2025-06-02 01:21:19,929 - INFO - Binding arguments
2025-06-02 01:21:19,931 - INFO - Starting the runner with arguments Args(communication='pipe', port=None, input_pipe='pipes/s2p-1770452121312622', output_pipe='pipes/p2s-1770452121312622', algorithm='dqn', _device='cpu', epsilon=0.0644, _clipping='10.0000', batch_size=117, _ddqn='false', lr=0.0167):
2025-06-02 01:21:20,028 - INFO - Binding arguments
2025-06-02 01:21:20,030 - INFO - Starting the runner with arguments Args(communication='pipe', port=None, input_pipe='pipes/s2p-1770452392063584', output_pipe='pipes/p2s-1770452392063584', algorithm='dqn', _device='cpu', epsilon=0.0644, _clipping='10.0000', batch_size=117, _ddqn='false', lr=0.0167):
2025-06-02 01:21:21,348 - INFO - Starting runner
2025-06-02 01:21:21,444 - INFO - Starting runner
2025-06-02 01:21:21,730 - INFO - Starting runner
2025-06-02 01:21:21,838 - INFO - Starting runner
2025-06-02 01:21:21,843 - INFO - Starting runner
2025-06-02 01:21:21,873 - INFO - Starting runner
2025-06-02 01:21:22,093 - INFO - Starting runner
2025-06-02 01:22:10,472 - ERROR - Connection with remote closed
2025-06-02 01:22:10,489 - INFO - End of the program
2025-06-02 01:22:17,525 - ERROR - Connection with remote closed
2025-06-02 01:22:17,528 - INFO - End of the program
2025-06-02 01:22:22,817 - ERROR - Connection with remote closed
2025-06-02 01:22:22,821 - INFO - End of the program
2025-06-02 01:22:26,867 - INFO - Binding arguments
2025-06-02 01:22:26,870 - INFO - Starting the runner with arguments Args(communication='pipe', port=None, input_pipe='pipes/s2p-1770516183573496', output_pipe='pipes/p2s-1770516183573496', algorithm='dqn', _device='cpu', epsilon=0.0644, _clipping='10.0000', batch_size=117, _ddqn='false', lr=0.0167):
2025-06-02 01:22:26,878 - INFO - Starting runner
2025-06-02 01:22:35,397 - INFO - Binding arguments
2025-06-02 01:22:35,399 - INFO - Starting the runner with arguments Args(communication='pipe', port=None, input_pipe='pipes/s2p-1770526617870926', output_pipe='pipes/p2s-1770526617870926', algorithm='dqn', _device='cpu', epsilon=0.0644, _clipping='10.0000', batch_size=117, _ddqn='false', lr=0.0167):
2025-06-02 01:22:35,921 - INFO - Binding arguments
2025-06-02 01:22:35,941 - INFO - Starting the runner with arguments Args(communication='pipe', port=None, input_pipe='pipes/s2p-1770521333196521', output_pipe='pipes/p2s-1770521333196521', algorithm='dqn', _device='cpu', epsilon=0.0644, _clipping='10.0000', batch_size=117, _ddqn='false', lr=0.0167):
2025-06-02 01:22:35,942 - INFO - Starting runner
2025-06-02 01:22:36,365 - INFO - Starting runner
2025-06-02 01:26:23,397 - ERROR - Connection with remote closed
2025-06-02 01:26:23,398 - INFO - End of the program
2025-06-02 01:26:24,555 - ERROR - Connection with remote closed
2025-06-02 01:26:24,557 - INFO - End of the program
2025-06-02 01:26:24,723 - ERROR - Connection with remote closed
2025-06-02 01:26:24,729 - INFO - End of the program
2025-06-02 01:26:25,092 - ERROR - Connection with remote closed
2025-06-02 01:26:25,095 - INFO - End of the program
2025-06-02 01:26:25,303 - ERROR - Connection with remote closed
2025-06-02 01:26:25,305 - INFO - End of the program
2025-06-02 01:26:25,657 - ERROR - Connection with remote closed
2025-06-02 01:26:25,659 - INFO - End of the program
2025-06-02 01:26:26,127 - ERROR - Connection with remote closed
2025-06-02 01:26:26,130 - INFO - End of the program
2025-06-02 01:26:38,099 - INFO - Binding arguments
2025-06-02 01:26:38,107 - INFO - Starting the runner with arguments Args(communication='pipe', port=None, input_pipe='pipes/s2p-1770767975833198', output_pipe='pipes/p2s-1770767975833198', algorithm='dqn', _device='cpu', epsilon=0.0644, _clipping='10.0000', batch_size=117, _ddqn='false', lr=0.0167):
2025-06-02 01:26:38,114 - INFO - Starting runner
2025-06-02 01:26:38,766 - INFO - Binding arguments
2025-06-02 01:26:38,768 - INFO - Starting the runner with arguments Args(communication='pipe', port=None, input_pipe='pipes/s2p-1770768421165180', output_pipe='pipes/p2s-1770768421165180', algorithm='dqn', _device='cpu', epsilon=0.0644, _clipping='10.0000', batch_size=117, _ddqn='false', lr=0.0167):
2025-06-02 01:26:38,801 - INFO - Starting runner
2025-06-02 01:26:39,263 - INFO - Binding arguments
2025-06-02 01:26:39,265 - INFO - Starting the runner with arguments Args(communication='pipe', port=None, input_pipe='pipes/s2p-1770768342933867', output_pipe='pipes/p2s-1770768342933867', algorithm='dqn', _device='cpu', epsilon=0.0644, _clipping='10.0000', batch_size=117, _ddqn='false', lr=0.0167):
2025-06-02 01:26:39,273 - INFO - Starting runner
2025-06-02 01:26:39,937 - INFO - Binding arguments
2025-06-02 01:26:39,939 - INFO - Starting the runner with arguments Args(communication='pipe', port=None, input_pipe='pipes/s2p-1770768572433507', output_pipe='pipes/p2s-1770768572433507', algorithm='dqn', _device='cpu', epsilon=0.0644, _clipping='10.0000', batch_size=117, _ddqn='false', lr=0.0167):
2025-06-02 01:26:39,940 - INFO - Starting runner
2025-06-02 01:26:40,047 - INFO - Binding arguments
2025-06-02 01:26:40,049 - INFO - Starting the runner with arguments Args(communication='pipe', port=None, input_pipe='pipes/s2p-1770768637421969', output_pipe='pipes/p2s-1770768637421969', algorithm='dqn', _device='cpu', epsilon=0.0644, _clipping='10.0000', batch_size=117, _ddqn='false', lr=0.0167):
2025-06-02 01:26:40,049 - INFO - Starting runner
2025-06-02 01:26:40,223 - INFO - Binding arguments
2025-06-02 01:26:40,262 - INFO - Starting the runner with arguments Args(communication='pipe', port=None, input_pipe='pipes/s2p-1770768587349802', output_pipe='pipes/p2s-1770768587349802', algorithm='dqn', _device='cpu', epsilon=0.0644, _clipping='10.0000', batch_size=117, _ddqn='false', lr=0.0167):
2025-06-02 01:26:40,285 - INFO - Starting runner
2025-06-02 01:26:45,002 - INFO - Binding arguments
2025-06-02 01:26:45,004 - INFO - Starting the runner with arguments Args(communication='pipe', port=None, input_pipe='pipes/s2p-1770769914391204', output_pipe='pipes/p2s-1770769914391204', algorithm='dqn', _device='cpu', epsilon=0.0644, _clipping='10.0000', batch_size=117, _ddqn='false', lr=0.0167):
2025-06-02 01:26:45,005 - INFO - Starting runner
2025-06-02 01:27:32,890 - ERROR - Connection with remote closed
2025-06-02 01:27:32,893 - INFO - End of the program
2025-06-02 01:27:39,183 - ERROR - Connection with remote closed
2025-06-02 01:27:39,194 - INFO - End of the program
2025-06-02 01:27:41,834 - ERROR - Connection with remote closed
2025-06-02 01:27:41,839 - INFO - End of the program
2025-06-02 01:27:47,379 - INFO - Binding arguments
2025-06-02 01:27:47,381 - INFO - Starting the runner with arguments Args(communication='pipe', port=None, input_pipe='pipes/s2p-1770837914136192', output_pipe='pipes/p2s-1770837914136192', algorithm='dqn', _device='cpu', epsilon=0.0644, _clipping='10.0000', batch_size=117, _ddqn='false', lr=0.0167):
2025-06-02 01:27:47,610 - INFO - Starting runner
2025-06-02 01:27:52,965 - INFO - Binding arguments
2025-06-02 01:27:52,968 - INFO - Starting the runner with arguments Args(communication='pipe', port=None, input_pipe='pipes/s2p-1770841431580965', output_pipe='pipes/p2s-1770841431580965', algorithm='dqn', _device='cpu', epsilon=0.0644, _clipping='10.0000', batch_size=117, _ddqn='false', lr=0.0167):
2025-06-02 01:27:52,969 - INFO - Starting runner
2025-06-02 01:27:55,325 - INFO - Binding arguments
2025-06-02 01:27:55,328 - INFO - Starting the runner with arguments Args(communication='pipe', port=None, input_pipe='pipes/s2p-1770843507137328', output_pipe='pipes/p2s-1770843507137328', algorithm='dqn', _device='cpu', epsilon=0.0644, _clipping='10.0000', batch_size=117, _ddqn='false', lr=0.0167):
2025-06-02 01:27:55,335 - INFO - Starting runner
2025-06-02 01:31:41,275 - ERROR - Connection with remote closed
2025-06-02 01:31:41,277 - INFO - End of the program
2025-06-02 01:31:41,822 - ERROR - Connection with remote closed
2025-06-02 01:31:41,852 - INFO - End of the program
2025-06-02 01:31:42,271 - ERROR - Connection with remote closed
2025-06-02 01:31:42,273 - INFO - End of the program
2025-06-02 01:31:42,860 - ERROR - Connection with remote closed
2025-06-02 01:31:42,862 - INFO - End of the program
2025-06-02 01:31:43,174 - ERROR - Connection with remote closed
2025-06-02 01:31:43,177 - INFO - End of the program
2025-06-02 01:31:43,212 - ERROR - Connection with remote closed
2025-06-02 01:31:43,214 - INFO - End of the program
2025-06-02 01:31:45,954 - ERROR - Connection with remote closed
2025-06-02 01:31:45,956 - INFO - End of the program
2025-06-02 01:31:55,598 - INFO - Binding arguments
2025-06-02 01:31:55,601 - INFO - Starting the runner with arguments Args(communication='pipe', port=None, input_pipe='pipes/s2p-1771086782429722', output_pipe='pipes/p2s-1771086782429722', algorithm='dqn', _device='cpu', epsilon=0.0644, _clipping='10.0000', batch_size=117, _ddqn='false', lr=0.0167):
2025-06-02 01:31:55,630 - INFO - Binding arguments
2025-06-02 01:31:55,632 - INFO - Starting the runner with arguments Args(communication='pipe', port=None, input_pipe='pipes/s2p-1771086418388480', output_pipe='pipes/p2s-1771086418388480', algorithm='dqn', _device='cpu', epsilon=0.0644, _clipping='10.0000', batch_size=117, _ddqn='false', lr=0.0167):
2025-06-02 01:31:55,812 - INFO - Binding arguments
2025-06-02 01:31:55,815 - INFO - Starting the runner with arguments Args(communication='pipe', port=None, input_pipe='pipes/s2p-1771087564420025', output_pipe='pipes/p2s-1771087564420025', algorithm='dqn', _device='cpu', epsilon=0.0644, _clipping='10.0000', batch_size=117, _ddqn='false', lr=0.0167):
2025-06-02 01:31:56,005 - INFO - Binding arguments
2025-06-02 01:31:56,007 - INFO - Starting the runner with arguments Args(communication='pipe', port=None, input_pipe='pipes/s2p-1771086504519978', output_pipe='pipes/p2s-1771086504519978', algorithm='dqn', _device='cpu', epsilon=0.0644, _clipping='10.0000', batch_size=117, _ddqn='false', lr=0.0167):
2025-06-02 01:31:56,024 - INFO - Starting runner
2025-06-02 01:31:56,123 - INFO - Starting runner
2025-06-02 01:31:56,150 - INFO - Binding arguments
2025-06-02 01:31:56,153 - INFO - Starting the runner with arguments Args(communication='pipe', port=None, input_pipe='pipes/s2p-1771086640901677', output_pipe='pipes/p2s-1771086640901677', algorithm='dqn', _device='cpu', epsilon=0.0644, _clipping='10.0000', batch_size=117, _ddqn='false', lr=0.0167):
2025-06-02 01:31:56,253 - INFO - Starting runner
2025-06-02 01:31:56,269 - INFO - Binding arguments
2025-06-02 01:31:56,271 - INFO - Starting the runner with arguments Args(communication='pipe', port=None, input_pipe='pipes/s2p-1771087085539030', output_pipe='pipes/p2s-1771087085539030', algorithm='dqn', _device='cpu', epsilon=0.0644, _clipping='10.0000', batch_size=117, _ddqn='false', lr=0.0167):
2025-06-02 01:31:56,540 - INFO - Starting runner
2025-06-02 01:31:56,850 - INFO - Starting runner
2025-06-02 01:31:57,299 - INFO - Starting runner
2025-06-02 01:32:02,646 - INFO - Binding arguments
2025-06-02 01:32:02,648 - INFO - Starting the runner with arguments Args(communication='pipe', port=None, input_pipe='pipes/s2p-1771089180644678', output_pipe='pipes/p2s-1771089180644678', algorithm='dqn', _device='cpu', epsilon=0.0644, _clipping='10.0000', batch_size=117, _ddqn='false', lr=0.0167):
2025-06-02 01:32:02,649 - INFO - Starting runner
2025-06-02 01:33:03,101 - ERROR - Connection with remote closed
2025-06-02 01:33:03,105 - INFO - End of the program
2025-06-02 01:33:07,900 - ERROR - Connection with remote closed
2025-06-02 01:33:07,910 - INFO - End of the program
2025-06-02 01:33:13,620 - ERROR - Connection with remote closed
2025-06-02 01:33:13,622 - INFO - End of the program
2025-06-02 01:33:18,162 - INFO - Binding arguments
2025-06-02 01:33:18,164 - INFO - Starting the runner with arguments Args(communication='pipe', port=None, input_pipe='pipes/s2p-1771168092105352', output_pipe='pipes/p2s-1771168092105352', algorithm='dqn', _device='cpu', epsilon=0.0644, _clipping='10.0000', batch_size=117, _ddqn='false', lr=0.0167):
2025-06-02 01:33:18,165 - INFO - Starting runner
2025-06-02 01:33:23,539 - INFO - Binding arguments
2025-06-02 01:33:23,542 - INFO - Starting the runner with arguments Args(communication='pipe', port=None, input_pipe='pipes/s2p-1771171479070702', output_pipe='pipes/p2s-1771171479070702', algorithm='dqn', _device='cpu', epsilon=0.0644, _clipping='10.0000', batch_size=117, _ddqn='false', lr=0.0167):
2025-06-02 01:33:23,543 - INFO - Starting runner
2025-06-02 01:33:29,955 - INFO - Binding arguments
2025-06-02 01:33:29,957 - INFO - Starting the runner with arguments Args(communication='pipe', port=None, input_pipe='pipes/s2p-1771176808422516', output_pipe='pipes/p2s-1771176808422516', algorithm='dqn', _device='cpu', epsilon=0.0644, _clipping='10.0000', batch_size=117, _ddqn='false', lr=0.0167):
2025-06-02 01:33:29,958 - INFO - Starting runner
2025-06-02 01:36:58,855 - ERROR - Connection with remote closed
2025-06-02 01:36:58,859 - INFO - End of the program
2025-06-02 01:36:59,538 - ERROR - Connection with remote closed
2025-06-02 01:36:59,540 - INFO - End of the program
2025-06-02 01:37:00,036 - ERROR - Connection with remote closed
2025-06-02 01:37:00,038 - INFO - End of the program
2025-06-02 01:37:00,057 - ERROR - Connection with remote closed
2025-06-02 01:37:00,060 - INFO - End of the program
2025-06-02 01:37:00,141 - ERROR - Connection with remote closed
2025-06-02 01:37:00,143 - INFO - End of the program
2025-06-02 01:37:00,196 - ERROR - Connection with remote closed
2025-06-02 01:37:00,198 - INFO - End of the program
2025-06-02 01:37:08,932 - ERROR - Connection with remote closed
2025-06-02 01:37:08,936 - INFO - End of the program
2025-06-02 01:37:10,153 - INFO - Binding arguments
2025-06-02 01:37:10,155 - INFO - Starting the runner with arguments Args(communication='pipe', port=None, input_pipe='pipes/s2p-1771402305288273', output_pipe='pipes/p2s-1771402305288273', algorithm='dqn', _device='cpu', epsilon=0.0644, _clipping='10.0000', batch_size=117, _ddqn='false', lr=0.0167):
2025-06-02 01:37:10,288 - INFO - Binding arguments
2025-06-02 01:37:10,290 - INFO - Starting the runner with arguments Args(communication='pipe', port=None, input_pipe='pipes/s2p-1771402065072266', output_pipe='pipes/p2s-1771402065072266', algorithm='dqn', _device='cpu', epsilon=0.0644, _clipping='10.0000', batch_size=117, _ddqn='false', lr=0.0167):
2025-06-02 01:37:11,263 - INFO - Binding arguments
2025-06-02 01:37:11,265 - INFO - Starting the runner with arguments Args(communication='pipe', port=None, input_pipe='pipes/s2p-1771403375393401', output_pipe='pipes/p2s-1771403375393401', algorithm='dqn', _device='cpu', epsilon=0.0644, _clipping='10.0000', batch_size=117, _ddqn='false', lr=0.0167):
2025-06-02 01:37:11,268 - INFO - Binding arguments
2025-06-02 01:37:11,270 - INFO - Starting the runner with arguments Args(communication='pipe', port=None, input_pipe='pipes/s2p-1771403282330407', output_pipe='pipes/p2s-1771403282330407', algorithm='dqn', _device='cpu', epsilon=0.0644, _clipping='10.0000', batch_size=117, _ddqn='false', lr=0.0167):
2025-06-02 01:37:11,286 - INFO - Binding arguments
2025-06-02 01:37:11,288 - INFO - Starting the runner with arguments Args(communication='pipe', port=None, input_pipe='pipes/s2p-1771403402785107', output_pipe='pipes/p2s-1771403402785107', algorithm='dqn', _device='cpu', epsilon=0.0644, _clipping='10.0000', batch_size=117, _ddqn='false', lr=0.0167):
2025-06-02 01:37:11,293 - INFO - Binding arguments
2025-06-02 01:37:11,296 - INFO - Starting the runner with arguments Args(communication='pipe', port=None, input_pipe='pipes/s2p-1771403453215289', output_pipe='pipes/p2s-1771403453215289', algorithm='dqn', _device='cpu', epsilon=0.0644, _clipping='10.0000', batch_size=117, _ddqn='false', lr=0.0167):
2025-06-02 01:37:11,747 - INFO - Starting runner
2025-06-02 01:37:11,967 - INFO - Starting runner
2025-06-02 01:37:13,010 - INFO - Starting runner
2025-06-02 01:37:13,042 - INFO - Starting runner
2025-06-02 01:37:13,048 - INFO - Starting runner
2025-06-02 01:37:13,096 - INFO - Starting runner
2025-06-02 01:37:31,671 - INFO - Binding arguments
2025-06-02 01:37:31,674 - INFO - Starting the runner with arguments Args(communication='pipe', port=None, input_pipe='pipes/s2p-1771407328040126', output_pipe='pipes/p2s-1771407328040126', algorithm='dqn', _device='cpu', epsilon=0.0644, _clipping='10.0000', batch_size=117, _ddqn='false', lr=0.0167):
2025-06-02 01:37:31,677 - INFO - Starting runner
2025-06-02 01:38:22,611 - ERROR - Connection with remote closed
2025-06-02 01:38:22,619 - INFO - End of the program
2025-06-02 01:38:26,909 - ERROR - Connection with remote closed
2025-06-02 01:38:26,943 - INFO - End of the program
2025-06-02 01:38:32,941 - ERROR - Connection with remote closed
2025-06-02 01:38:32,945 - INFO - End of the program
2025-06-02 01:38:37,739 - INFO - Binding arguments
2025-06-02 01:38:37,742 - INFO - Starting the runner with arguments Args(communication='pipe', port=None, input_pipe='pipes/s2p-1771488716318205', output_pipe='pipes/p2s-1771488716318205', algorithm='dqn', _device='cpu', epsilon=0.0644, _clipping='10.0000', batch_size=117, _ddqn='false', lr=0.0167):
2025-06-02 01:38:38,352 - INFO - Starting runner
2025-06-02 01:38:41,312 - INFO - Binding arguments
2025-06-02 01:38:41,314 - INFO - Starting the runner with arguments Args(communication='pipe', port=None, input_pipe='pipes/s2p-1771491230661754', output_pipe='pipes/p2s-1771491230661754', algorithm='dqn', _device='cpu', epsilon=0.0644, _clipping='10.0000', batch_size=117, _ddqn='false', lr=0.0167):
2025-06-02 01:38:41,317 - INFO - Starting runner
2025-06-02 01:38:52,146 - INFO - Binding arguments
2025-06-02 01:38:52,149 - INFO - Starting the runner with arguments Args(communication='pipe', port=None, input_pipe='pipes/s2p-1771494258203621', output_pipe='pipes/p2s-1771494258203621', algorithm='dqn', _device='cpu', epsilon=0.0644, _clipping='10.0000', batch_size=117, _ddqn='false', lr=0.0167):
2025-06-02 01:38:52,149 - INFO - Starting runner
2025-06-02 01:42:13,613 - ERROR - Connection with remote closed
2025-06-02 01:42:13,630 - INFO - End of the program
2025-06-02 01:42:14,248 - ERROR - Connection with remote closed
2025-06-02 01:42:14,250 - INFO - End of the program
2025-06-02 01:42:14,748 - ERROR - Connection with remote closed
2025-06-02 01:42:14,756 - INFO - End of the program
2025-06-02 01:42:15,077 - ERROR - Connection with remote closed
2025-06-02 01:42:15,080 - INFO - End of the program
2025-06-02 01:42:15,955 - ERROR - Connection with remote closed
2025-06-02 01:42:15,963 - INFO - End of the program
2025-06-02 01:42:16,054 - ERROR - Connection with remote closed
2025-06-02 01:42:16,058 - INFO - End of the program
2025-06-02 01:42:21,997 - INFO - Binding arguments
2025-06-02 01:42:21,999 - INFO - Starting the runner with arguments Args(communication='pipe', port=None, input_pipe='pipes/s2p-1771714143030137', output_pipe='pipes/p2s-1771714143030137', algorithm='dqn', _device='cpu', epsilon=0.0644, _clipping='10.0000', batch_size=117, _ddqn='false', lr=0.0167):
2025-06-02 01:42:22,157 - INFO - Binding arguments
2025-06-02 01:42:22,159 - INFO - Starting the runner with arguments Args(communication='pipe', port=None, input_pipe='pipes/s2p-1771714521347916', output_pipe='pipes/p2s-1771714521347916', algorithm='dqn', _device='cpu', epsilon=0.0644, _clipping='10.0000', batch_size=117, _ddqn='false', lr=0.0167):
2025-06-02 01:42:22,400 - INFO - Binding arguments
2025-06-02 01:42:22,402 - INFO - Starting the runner with arguments Args(communication='pipe', port=None, input_pipe='pipes/s2p-1771714743427544', output_pipe='pipes/p2s-1771714743427544', algorithm='dqn', _device='cpu', epsilon=0.0644, _clipping='10.0000', batch_size=117, _ddqn='false', lr=0.0167):
2025-06-02 01:42:22,627 - INFO - Binding arguments
2025-06-02 01:42:22,629 - INFO - Starting the runner with arguments Args(communication='pipe', port=None, input_pipe='pipes/s2p-1771714672427895', output_pipe='pipes/p2s-1771714672427895', algorithm='dqn', _device='cpu', epsilon=0.0644, _clipping='10.0000', batch_size=117, _ddqn='false', lr=0.0167):
2025-06-02 01:42:22,865 - INFO - Binding arguments
2025-06-02 01:42:22,868 - INFO - Starting the runner with arguments Args(communication='pipe', port=None, input_pipe='pipes/s2p-1771715319509790', output_pipe='pipes/p2s-1771715319509790', algorithm='dqn', _device='cpu', epsilon=0.0644, _clipping='10.0000', batch_size=117, _ddqn='false', lr=0.0167):
2025-06-02 01:42:22,913 - INFO - Binding arguments
2025-06-02 01:42:22,915 - INFO - Starting the runner with arguments Args(communication='pipe', port=None, input_pipe='pipes/s2p-1771715342323501', output_pipe='pipes/p2s-1771715342323501', algorithm='dqn', _device='cpu', epsilon=0.0644, _clipping='10.0000', batch_size=117, _ddqn='false', lr=0.0167):
2025-06-02 01:42:23,841 - INFO - Starting runner
2025-06-02 01:42:24,189 - INFO - Starting runner
2025-06-02 01:42:24,282 - INFO - Starting runner
2025-06-02 01:42:24,345 - INFO - Starting runner
2025-06-02 01:42:24,963 - INFO - Starting runner
2025-06-02 01:42:24,971 - INFO - Starting runner
2025-06-02 01:42:32,411 - ERROR - Connection with remote closed
2025-06-02 01:42:32,415 - INFO - End of the program
2025-06-02 01:43:01,056 - INFO - Binding arguments
2025-06-02 01:43:01,059 - INFO - Starting the runner with arguments Args(communication='pipe', port=None, input_pipe='pipes/s2p-1771744902029551', output_pipe='pipes/p2s-1771744902029551', algorithm='dqn', _device='cpu', epsilon=0.0644, _clipping='10.0000', batch_size=117, _ddqn='false', lr=0.0167):
2025-06-02 01:43:01,060 - INFO - Starting runner
2025-06-02 01:43:54,717 - ERROR - Connection with remote closed
2025-06-02 01:43:54,725 - INFO - End of the program
2025-06-02 01:43:59,818 - ERROR - Connection with remote closed
2025-06-02 01:43:59,828 - INFO - End of the program
2025-06-02 01:44:03,613 - ERROR - Connection with remote closed
2025-06-02 01:44:03,617 - INFO - End of the program
2025-06-02 01:44:07,329 - INFO - Binding arguments
2025-06-02 01:44:07,331 - INFO - Starting the runner with arguments Args(communication='pipe', port=None, input_pipe='pipes/s2p-1771819398137356', output_pipe='pipes/p2s-1771819398137356', algorithm='dqn', _device='cpu', epsilon=0.0644, _clipping='10.0000', batch_size=117, _ddqn='false', lr=0.0167):
2025-06-02 01:44:09,016 - INFO - Starting runner
2025-06-02 01:44:10,345 - INFO - Binding arguments
2025-06-02 01:44:10,347 - INFO - Starting the runner with arguments Args(communication='pipe', port=None, input_pipe='pipes/s2p-1771821300911718', output_pipe='pipes/p2s-1771821300911718', algorithm='dqn', _device='cpu', epsilon=0.0644, _clipping='10.0000', batch_size=117, _ddqn='false', lr=0.0167):
2025-06-02 01:44:10,902 - INFO - Starting runner
2025-06-02 01:44:15,252 - INFO - Binding arguments
2025-06-02 01:44:15,254 - INFO - Starting the runner with arguments Args(communication='pipe', port=None, input_pipe='pipes/s2p-1771822907758912', output_pipe='pipes/p2s-1771822907758912', algorithm='dqn', _device='cpu', epsilon=0.0644, _clipping='10.0000', batch_size=117, _ddqn='false', lr=0.0167):
2025-06-02 01:44:15,267 - INFO - Starting runner
2025-06-02 01:47:26,664 - ERROR - Connection with remote closed
2025-06-02 01:47:26,666 - INFO - End of the program
2025-06-02 01:47:26,719 - ERROR - Connection with remote closed
2025-06-02 01:47:26,719 - ERROR - Connection with remote closed
2025-06-02 01:47:26,721 - INFO - End of the program
2025-06-02 01:47:26,722 - INFO - End of the program
2025-06-02 01:47:26,842 - ERROR - Connection with remote closed
2025-06-02 01:47:26,844 - INFO - End of the program
2025-06-02 01:47:27,270 - ERROR - Connection with remote closed
2025-06-02 01:47:27,278 - INFO - End of the program
2025-06-02 01:47:27,314 - ERROR - Connection with remote closed
2025-06-02 01:47:27,316 - INFO - End of the program
2025-06-02 01:47:36,823 - INFO - Binding arguments
2025-06-02 01:47:36,826 - INFO - Starting the runner with arguments Args(communication='pipe', port=None, input_pipe='pipes/s2p-1772028503898081', output_pipe='pipes/p2s-1772028503898081', algorithm='dqn', _device='cpu', epsilon=0.0644, _clipping='10.0000', batch_size=117, _ddqn='false', lr=0.0167):
2025-06-02 01:47:36,829 - INFO - Binding arguments
2025-06-02 01:47:36,831 - INFO - Starting the runner with arguments Args(communication='pipe', port=None, input_pipe='pipes/s2p-1772028565145330', output_pipe='pipes/p2s-1772028565145330', algorithm='dqn', _device='cpu', epsilon=0.0644, _clipping='10.0000', batch_size=117, _ddqn='false', lr=0.0167):
2025-06-02 01:47:36,949 - INFO - Binding arguments
2025-06-02 01:47:36,958 - INFO - Starting the runner with arguments Args(communication='pipe', port=None, input_pipe='pipes/s2p-1772028380243252', output_pipe='pipes/p2s-1772028380243252', algorithm='dqn', _device='cpu', epsilon=0.0644, _clipping='10.0000', batch_size=117, _ddqn='false', lr=0.0167):
2025-06-02 01:47:37,427 - INFO - Binding arguments
2025-06-02 01:47:37,430 - INFO - Starting the runner with arguments Args(communication='pipe', port=None, input_pipe='pipes/s2p-1772028628989078', output_pipe='pipes/p2s-1772028628989078', algorithm='dqn', _device='cpu', epsilon=0.0644, _clipping='10.0000', batch_size=117, _ddqn='false', lr=0.0167):
2025-06-02 01:47:37,527 - INFO - Binding arguments
2025-06-02 01:47:37,529 - INFO - Starting the runner with arguments Args(communication='pipe', port=None, input_pipe='pipes/s2p-1772029248699551', output_pipe='pipes/p2s-1772029248699551', algorithm='dqn', _device='cpu', epsilon=0.0644, _clipping='10.0000', batch_size=117, _ddqn='false', lr=0.0167):
2025-06-02 01:47:37,794 - INFO - Binding arguments
2025-06-02 01:47:37,797 - INFO - Starting the runner with arguments Args(communication='pipe', port=None, input_pipe='pipes/s2p-1772029202081897', output_pipe='pipes/p2s-1772029202081897', algorithm='dqn', _device='cpu', epsilon=0.0644, _clipping='10.0000', batch_size=117, _ddqn='false', lr=0.0167):
2025-06-02 01:47:37,985 - INFO - Starting runner
2025-06-02 01:47:38,140 - INFO - Starting runner
2025-06-02 01:47:38,175 - INFO - Starting runner
2025-06-02 01:47:38,269 - INFO - Starting runner
2025-06-02 01:47:38,833 - INFO - Starting runner
2025-06-02 01:47:38,903 - INFO - Starting runner
2025-06-02 01:48:14,674 - ERROR - Connection with remote closed
2025-06-02 01:48:14,684 - INFO - End of the program
2025-06-02 01:48:41,936 - INFO - Binding arguments
2025-06-02 01:48:41,939 - INFO - Starting the runner with arguments Args(communication='pipe', port=None, input_pipe='pipes/s2p-1772083876422730', output_pipe='pipes/p2s-1772083876422730', algorithm='dqn', _device='cpu', epsilon=0.0644, _clipping='10.0000', batch_size=117, _ddqn='false', lr=0.0167):
2025-06-02 01:48:41,940 - INFO - Starting runner
2025-06-02 01:49:14,244 - ERROR - Connection with remote closed
2025-06-02 01:49:14,249 - INFO - End of the program
2025-06-02 01:49:15,769 - ERROR - Connection with remote closed
2025-06-02 01:49:15,773 - INFO - End of the program
2025-06-02 01:49:23,206 - ERROR - Connection with remote closed
2025-06-02 01:49:23,211 - INFO - End of the program
2025-06-02 01:49:28,557 - INFO - Binding arguments
2025-06-02 01:49:28,559 - INFO - Starting the runner with arguments Args(communication='pipe', port=None, input_pipe='pipes/s2p-1772140210278473', output_pipe='pipes/p2s-1772140210278473', algorithm='dqn', _device='cpu', epsilon=0.0644, _clipping='10.0000', batch_size=117, _ddqn='false', lr=0.0167):
2025-06-02 01:49:28,572 - INFO - Binding arguments
2025-06-02 01:49:28,574 - INFO - Starting the runner with arguments Args(communication='pipe', port=None, input_pipe='pipes/s2p-1772140162514465', output_pipe='pipes/p2s-1772140162514465', algorithm='dqn', _device='cpu', epsilon=0.0644, _clipping='10.0000', batch_size=117, _ddqn='false', lr=0.0167):
2025-06-02 01:49:29,780 - INFO - Starting runner
2025-06-02 01:49:29,836 - INFO - Starting runner
2025-06-02 01:49:43,446 - INFO - Binding arguments
2025-06-02 01:49:43,448 - INFO - Starting the runner with arguments Args(communication='pipe', port=None, input_pipe='pipes/s2p-1772144097074341', output_pipe='pipes/p2s-1772144097074341', algorithm='dqn', _device='cpu', epsilon=0.0644, _clipping='10.0000', batch_size=117, _ddqn='false', lr=0.0167):
2025-06-02 01:49:43,451 - INFO - Starting runner
2025-06-02 01:52:40,274 - ERROR - Connection with remote closed
2025-06-02 01:52:40,288 - INFO - End of the program
2025-06-02 01:52:40,783 - ERROR - Connection with remote closed
2025-06-02 01:52:40,785 - INFO - End of the program
2025-06-02 01:52:40,812 - ERROR - Connection with remote closed
2025-06-02 01:52:40,815 - INFO - End of the program
2025-06-02 01:52:40,907 - ERROR - Connection with remote closed
2025-06-02 01:52:40,910 - INFO - End of the program
2025-06-02 01:52:40,935 - ERROR - Connection with remote closed
2025-06-02 01:52:40,937 - INFO - End of the program
2025-06-02 01:52:41,011 - ERROR - Connection with remote closed
2025-06-02 01:52:41,013 - INFO - End of the program
2025-06-02 01:52:47,597 - INFO - Binding arguments
2025-06-02 01:52:47,599 - INFO - Starting the runner with arguments Args(communication='pipe', port=None, input_pipe='pipes/s2p-1772339969280734', output_pipe='pipes/p2s-1772339969280734', algorithm='dqn', _device='cpu', epsilon=0.0644, _clipping='10.0000', batch_size=117, _ddqn='false', lr=0.0167):
2025-06-02 01:52:48,196 - INFO - Binding arguments
2025-06-02 01:52:48,199 - INFO - Starting the runner with arguments Args(communication='pipe', port=None, input_pipe='pipes/s2p-1772340511710881', output_pipe='pipes/p2s-1772340511710881', algorithm='dqn', _device='cpu', epsilon=0.0644, _clipping='10.0000', batch_size=117, _ddqn='false', lr=0.0167):
2025-06-02 01:52:48,304 - INFO - Binding arguments
2025-06-02 01:52:48,306 - INFO - Starting the runner with arguments Args(communication='pipe', port=None, input_pipe='pipes/s2p-1772340708952455', output_pipe='pipes/p2s-1772340708952455', algorithm='dqn', _device='cpu', epsilon=0.0644, _clipping='10.0000', batch_size=117, _ddqn='false', lr=0.0167):
2025-06-02 01:52:48,310 - INFO - Binding arguments
2025-06-02 01:52:48,312 - INFO - Starting the runner with arguments Args(communication='pipe', port=None, input_pipe='pipes/s2p-1772340613906465', output_pipe='pipes/p2s-1772340613906465', algorithm='dqn', _device='cpu', epsilon=0.0644, _clipping='10.0000', batch_size=117, _ddqn='false', lr=0.0167):
2025-06-02 01:52:48,314 - INFO - Binding arguments
2025-06-02 01:52:48,316 - INFO - Starting the runner with arguments Args(communication='pipe', port=None, input_pipe='pipes/s2p-1772340731300663', output_pipe='pipes/p2s-1772340731300663', algorithm='dqn', _device='cpu', epsilon=0.0644, _clipping='10.0000', batch_size=117, _ddqn='false', lr=0.0167):
2025-06-02 01:52:48,425 - INFO - Binding arguments
2025-06-02 01:52:48,427 - INFO - Starting the runner with arguments Args(communication='pipe', port=None, input_pipe='pipes/s2p-1772340848572681', output_pipe='pipes/p2s-1772340848572681', algorithm='dqn', _device='cpu', epsilon=0.0644, _clipping='10.0000', batch_size=117, _ddqn='false', lr=0.0167):
2025-06-02 01:52:49,585 - INFO - Starting runner
2025-06-02 01:52:50,139 - INFO - Starting runner
2025-06-02 01:52:50,222 - INFO - Starting runner
2025-06-02 01:52:50,405 - INFO - Starting runner
2025-06-02 01:52:50,406 - INFO - Starting runner
2025-06-02 01:52:50,463 - INFO - Starting runner
2025-06-02 01:53:42,834 - ERROR - Connection with remote closed
2025-06-02 01:53:42,838 - INFO - End of the program
2025-06-02 01:54:08,656 - INFO - Binding arguments
2025-06-02 01:54:08,683 - INFO - Starting the runner with arguments Args(communication='pipe', port=None, input_pipe='pipes/s2p-1772411573783345', output_pipe='pipes/p2s-1772411573783345', algorithm='dqn', _device='cpu', epsilon=0.0644, _clipping='10.0000', batch_size=117, _ddqn='false', lr=0.0167):
2025-06-02 01:54:08,707 - INFO - Starting runner
2025-06-02 01:54:30,758 - ERROR - Connection with remote closed
2025-06-02 01:54:30,760 - INFO - End of the program
2025-06-02 01:54:49,858 - ERROR - Connection with remote closed
2025-06-02 01:54:49,869 - INFO - End of the program
2025-06-02 01:54:51,629 - INFO - Binding arguments
2025-06-02 01:54:51,631 - INFO - Starting the runner with arguments Args(communication='pipe', port=None, input_pipe='pipes/s2p-1772457704559956', output_pipe='pipes/p2s-1772457704559956', algorithm='dqn', _device='cpu', epsilon=0.0644, _clipping='10.0000', batch_size=117, _ddqn='false', lr=0.0167):
2025-06-02 01:54:51,633 - INFO - Starting runner
2025-06-02 01:54:56,374 - ERROR - Connection with remote closed
2025-06-02 01:54:56,387 - INFO - End of the program
2025-06-02 01:55:05,028 - INFO - Binding arguments
2025-06-02 01:55:05,030 - INFO - Starting the runner with arguments Args(communication='pipe', port=None, input_pipe='pipes/s2p-1772474440872155', output_pipe='pipes/p2s-1772474440872155', algorithm='dqn', _device='cpu', epsilon=0.0644, _clipping='10.0000', batch_size=117, _ddqn='false', lr=0.0167):
2025-06-02 01:55:05,031 - INFO - Starting runner
2025-06-02 01:55:15,856 - INFO - Binding arguments
2025-06-02 01:55:15,858 - INFO - Starting the runner with arguments Args(communication='pipe', port=None, input_pipe='pipes/s2p-1772480872391284', output_pipe='pipes/p2s-1772480872391284', algorithm='dqn', _device='cpu', epsilon=0.0644, _clipping='10.0000', batch_size=117, _ddqn='false', lr=0.0167):
2025-06-02 01:55:15,859 - INFO - Starting runner
2025-06-02 01:57:51,950 - ERROR - Connection with remote closed
2025-06-02 01:57:51,953 - INFO - End of the program
2025-06-02 01:57:52,663 - ERROR - Connection with remote closed
2025-06-02 01:57:52,665 - INFO - End of the program
2025-06-02 01:57:53,196 - ERROR - Connection with remote closed
2025-06-02 01:57:53,199 - INFO - End of the program
2025-06-02 01:57:53,542 - ERROR - Connection with remote closed
2025-06-02 01:57:53,544 - INFO - End of the program
2025-06-02 01:57:53,751 - ERROR - Connection with remote closed
2025-06-02 01:57:53,769 - INFO - End of the program
2025-06-02 01:57:54,343 - ERROR - Connection with remote closed
2025-06-02 01:57:54,344 - INFO - End of the program
2025-06-02 01:58:03,068 - INFO - Binding arguments
2025-06-02 01:58:03,071 - INFO - Starting the runner with arguments Args(communication='pipe', port=None, input_pipe='pipes/s2p-1772654578513887', output_pipe='pipes/p2s-1772654578513887', algorithm='dqn', _device='cpu', epsilon=0.0644, _clipping='10.0000', batch_size=117, _ddqn='false', lr=0.0167):
2025-06-02 01:58:03,242 - INFO - Binding arguments
2025-06-02 01:58:03,256 - INFO - Starting the runner with arguments Args(communication='pipe', port=None, input_pipe='pipes/s2p-1772654472758966', output_pipe='pipes/p2s-1772654472758966', algorithm='dqn', _device='cpu', epsilon=0.0644, _clipping='10.0000', batch_size=117, _ddqn='false', lr=0.0167):
2025-06-02 01:58:03,300 - INFO - Binding arguments
2025-06-02 01:58:03,302 - INFO - Starting the runner with arguments Args(communication='pipe', port=None, input_pipe='pipes/s2p-1772654352575467', output_pipe='pipes/p2s-1772654352575467', algorithm='dqn', _device='cpu', epsilon=0.0644, _clipping='10.0000', batch_size=117, _ddqn='false', lr=0.0167):
2025-06-02 01:58:03,340 - INFO - Binding arguments
2025-06-02 01:58:03,342 - INFO - Starting the runner with arguments Args(communication='pipe', port=None, input_pipe='pipes/s2p-1772654482036406', output_pipe='pipes/p2s-1772654482036406', algorithm='dqn', _device='cpu', epsilon=0.0644, _clipping='10.0000', batch_size=117, _ddqn='false', lr=0.0167):
2025-06-02 01:58:04,009 - INFO - Starting runner
2025-06-02 01:58:04,089 - INFO - Starting runner
2025-06-02 01:58:04,120 - INFO - Starting runner
2025-06-02 01:58:04,143 - INFO - Binding arguments
2025-06-02 01:58:04,145 - INFO - Starting the runner with arguments Args(communication='pipe', port=None, input_pipe='pipes/s2p-1772655422080488', output_pipe='pipes/p2s-1772655422080488', algorithm='dqn', _device='cpu', epsilon=0.0644, _clipping='10.0000', batch_size=117, _ddqn='false', lr=0.0167):
2025-06-02 01:58:04,223 - INFO - Starting runner
2025-06-02 01:58:04,652 - INFO - Binding arguments
2025-06-02 01:58:04,654 - INFO - Starting the runner with arguments Args(communication='pipe', port=None, input_pipe='pipes/s2p-1772654966046037', output_pipe='pipes/p2s-1772654966046037', algorithm='dqn', _device='cpu', epsilon=0.0644, _clipping='10.0000', batch_size=117, _ddqn='false', lr=0.0167):
2025-06-02 01:58:04,654 - INFO - Starting runner
2025-06-02 01:58:05,172 - INFO - Starting runner
2025-06-02 01:59:26,049 - ERROR - Connection with remote closed
2025-06-02 01:59:26,067 - INFO - End of the program
2025-06-02 01:59:52,625 - INFO - Binding arguments
2025-06-02 01:59:52,627 - INFO - Starting the runner with arguments Args(communication='pipe', port=None, input_pipe='pipes/s2p-1772753789726338', output_pipe='pipes/p2s-1772753789726338', algorithm='dqn', _device='cpu', epsilon=0.0644, _clipping='10.0000', batch_size=117, _ddqn='false', lr=0.0167):
2025-06-02 01:59:52,643 - INFO - Starting runner
2025-06-02 01:59:56,351 - ERROR - Connection with remote closed
2025-06-02 01:59:56,353 - INFO - End of the program
2025-06-02 02:00:05,570 - ERROR - Connection with remote closed
2025-06-02 02:00:05,580 - INFO - End of the program
2025-06-02 02:00:13,750 - INFO - Binding arguments
2025-06-02 02:00:13,767 - INFO - Starting the runner with arguments Args(communication='pipe', port=None, input_pipe='pipes/s2p-1772782510323094', output_pipe='pipes/p2s-1772782510323094', algorithm='dqn', _device='cpu', epsilon=0.0644, _clipping='10.0000', batch_size=117, _ddqn='false', lr=0.0167):
2025-06-02 02:00:13,769 - INFO - Starting runner
2025-06-02 02:00:16,860 - ERROR - Connection with remote closed
2025-06-02 02:00:16,862 - INFO - End of the program
2025-06-02 02:00:23,216 - INFO - Binding arguments
2025-06-02 02:00:23,218 - INFO - Starting the runner with arguments Args(communication='pipe', port=None, input_pipe='pipes/s2p-1772789314814158', output_pipe='pipes/p2s-1772789314814158', algorithm='dqn', _device='cpu', epsilon=0.0644, _clipping='10.0000', batch_size=117, _ddqn='false', lr=0.0167):
2025-06-02 02:00:23,220 - INFO - Starting runner
2025-06-02 02:00:37,265 - INFO - Binding arguments
2025-06-02 02:00:37,268 - INFO - Starting the runner with arguments Args(communication='pipe', port=None, input_pipe='pipes/s2p-1772805150932118', output_pipe='pipes/p2s-1772805150932118', algorithm='dqn', _device='cpu', epsilon=0.0644, _clipping='10.0000', batch_size=117, _ddqn='false', lr=0.0167):
2025-06-02 02:00:37,269 - INFO - Starting runner
2025-06-02 02:03:06,401 - ERROR - Connection with remote closed
2025-06-02 02:03:06,403 - INFO - End of the program
2025-06-02 02:03:06,820 - ERROR - Connection with remote closed
2025-06-02 02:03:06,824 - INFO - End of the program
2025-06-02 02:03:07,286 - ERROR - Connection with remote closed
2025-06-02 02:03:07,288 - INFO - End of the program
2025-06-02 02:03:07,636 - ERROR - Connection with remote closed
2025-06-02 02:03:07,638 - INFO - End of the program
2025-06-02 02:03:07,688 - ERROR - Connection with remote closed
2025-06-02 02:03:07,690 - INFO - End of the program
2025-06-02 02:03:08,344 - ERROR - Connection with remote closed
2025-06-02 02:03:08,350 - INFO - End of the program
2025-06-02 02:03:16,112 - INFO - Binding arguments
2025-06-02 02:03:16,114 - INFO - Starting the runner with arguments Args(communication='pipe', port=None, input_pipe='pipes/s2p-1772968403217401', output_pipe='pipes/p2s-1772968403217401', algorithm='dqn', _device='cpu', epsilon=0.0644, _clipping='10.0000', batch_size=117, _ddqn='false', lr=0.0167):
2025-06-02 02:03:16,267 - INFO - Binding arguments
2025-06-02 02:03:16,269 - INFO - Starting the runner with arguments Args(communication='pipe', port=None, input_pipe='pipes/s2p-1772968564191971', output_pipe='pipes/p2s-1772968564191971', algorithm='dqn', _device='cpu', epsilon=0.0644, _clipping='10.0000', batch_size=117, _ddqn='false', lr=0.0167):
2025-06-02 02:03:16,273 - INFO - Binding arguments
2025-06-02 02:03:16,275 - INFO - Starting the runner with arguments Args(communication='pipe', port=None, input_pipe='pipes/s2p-1772968107917350', output_pipe='pipes/p2s-1772968107917350', algorithm='dqn', _device='cpu', epsilon=0.0644, _clipping='10.0000', batch_size=117, _ddqn='false', lr=0.0167):
2025-06-02 02:03:16,284 - INFO - Binding arguments
2025-06-02 02:03:16,287 - INFO - Starting the runner with arguments Args(communication='pipe', port=None, input_pipe='pipes/s2p-1772968431414197', output_pipe='pipes/p2s-1772968431414197', algorithm='dqn', _device='cpu', epsilon=0.0644, _clipping='10.0000', batch_size=117, _ddqn='false', lr=0.0167):
2025-06-02 02:03:16,404 - INFO - Binding arguments
2025-06-02 02:03:16,406 - INFO - Starting the runner with arguments Args(communication='pipe', port=None, input_pipe='pipes/s2p-1772968684730609', output_pipe='pipes/p2s-1772968684730609', algorithm='dqn', _device='cpu', epsilon=0.0644, _clipping='10.0000', batch_size=117, _ddqn='false', lr=0.0167):
2025-06-02 02:03:16,435 - INFO - Binding arguments
2025-06-02 02:03:16,437 - INFO - Starting the runner with arguments Args(communication='pipe', port=None, input_pipe='pipes/s2p-1772968187506894', output_pipe='pipes/p2s-1772968187506894', algorithm='dqn', _device='cpu', epsilon=0.0644, _clipping='10.0000', batch_size=117, _ddqn='false', lr=0.0167):
2025-06-02 02:03:17,736 - INFO - Starting runner
2025-06-02 02:03:17,808 - INFO - Starting runner
2025-06-02 02:03:18,042 - INFO - Starting runner
2025-06-02 02:03:18,080 - INFO - Starting runner
2025-06-02 02:03:18,189 - INFO - Starting runner
2025-06-02 02:03:18,290 - INFO - Starting runner
2025-06-02 02:05:17,510 - ERROR - Connection with remote closed
2025-06-02 02:05:17,539 - INFO - End of the program
2025-06-02 02:05:25,708 - ERROR - Connection with remote closed
2025-06-02 02:05:25,711 - INFO - End of the program
2025-06-02 02:05:28,384 - ERROR - Connection with remote closed
2025-06-02 02:05:28,388 - INFO - End of the program
2025-06-02 02:05:36,955 - INFO - Binding arguments
2025-06-02 02:05:36,957 - INFO - Starting the runner with arguments Args(communication='pipe', port=None, input_pipe='pipes/s2p-1773105511177498', output_pipe='pipes/p2s-1773105511177498', algorithm='dqn', _device='cpu', epsilon=0.0644, _clipping='10.0000', batch_size=117, _ddqn='false', lr=0.0167):
2025-06-02 02:05:36,958 - INFO - Starting runner
2025-06-02 02:05:48,259 - INFO - Binding arguments
2025-06-02 02:05:48,261 - INFO - Starting the runner with arguments Args(communication='pipe', port=None, input_pipe='pipes/s2p-1773111630253489', output_pipe='pipes/p2s-1773111630253489', algorithm='dqn', _device='cpu', epsilon=0.0644, _clipping='10.0000', batch_size=117, _ddqn='false', lr=0.0167):
2025-06-02 02:05:48,271 - INFO - Starting runner
2025-06-02 02:05:51,030 - INFO - Binding arguments
2025-06-02 02:05:51,032 - INFO - Starting the runner with arguments Args(communication='pipe', port=None, input_pipe='pipes/s2p-1773114040039680', output_pipe='pipes/p2s-1773114040039680', algorithm='dqn', _device='cpu', epsilon=0.0644, _clipping='10.0000', batch_size=117, _ddqn='false', lr=0.0167):
2025-06-02 02:05:51,048 - INFO - Starting runner
2025-06-02 02:06:02,990 - ERROR - Connection with remote closed
2025-06-02 02:06:03,008 - INFO - End of the program
2025-06-02 02:06:22,985 - INFO - Binding arguments
2025-06-02 02:06:22,987 - INFO - Starting the runner with arguments Args(communication='pipe', port=None, input_pipe='pipes/s2p-1773148617307742', output_pipe='pipes/p2s-1773148617307742', algorithm='dqn', _device='cpu', epsilon=0.0644, _clipping='10.0000', batch_size=117, _ddqn='false', lr=0.0167):
2025-06-02 02:06:22,989 - INFO - Starting runner
2025-06-02 02:08:19,383 - ERROR - Connection with remote closed
2025-06-02 02:08:19,385 - INFO - End of the program
2025-06-02 02:08:20,184 - ERROR - Connection with remote closed
2025-06-02 02:08:20,186 - INFO - End of the program
2025-06-02 02:08:20,275 - ERROR - Connection with remote closed
2025-06-02 02:08:20,279 - INFO - End of the program
2025-06-02 02:08:20,637 - ERROR - Connection with remote closed
2025-06-02 02:08:20,639 - INFO - End of the program
2025-06-02 02:08:20,828 - ERROR - Connection with remote closed
2025-06-02 02:08:20,831 - INFO - End of the program
2025-06-02 02:08:21,228 - ERROR - Connection with remote closed
2025-06-02 02:08:21,238 - INFO - End of the program
2025-06-02 02:08:26,422 - INFO - Binding arguments
2025-06-02 02:08:26,424 - INFO - Starting the runner with arguments Args(communication='pipe', port=None, input_pipe='pipes/s2p-1773278752763217', output_pipe='pipes/p2s-1773278752763217', algorithm='dqn', _device='cpu', epsilon=0.0644, _clipping='10.0000', batch_size=117, _ddqn='false', lr=0.0167):
2025-06-02 02:08:26,786 - INFO - Binding arguments
2025-06-02 02:08:26,788 - INFO - Starting the runner with arguments Args(communication='pipe', port=None, input_pipe='pipes/s2p-1773279036995819', output_pipe='pipes/p2s-1773279036995819', algorithm='dqn', _device='cpu', epsilon=0.0644, _clipping='10.0000', batch_size=117, _ddqn='false', lr=0.0167):
2025-06-02 02:08:26,824 - INFO - Binding arguments
2025-06-02 02:08:26,826 - INFO - Starting the runner with arguments Args(communication='pipe', port=None, input_pipe='pipes/s2p-1773279116425678', output_pipe='pipes/p2s-1773279116425678', algorithm='dqn', _device='cpu', epsilon=0.0644, _clipping='10.0000', batch_size=117, _ddqn='false', lr=0.0167):
2025-06-02 02:08:27,061 - INFO - Binding arguments
2025-06-02 02:08:27,063 - INFO - Starting the runner with arguments Args(communication='pipe', port=None, input_pipe='pipes/s2p-1773279451275327', output_pipe='pipes/p2s-1773279451275327', algorithm='dqn', _device='cpu', epsilon=0.0644, _clipping='10.0000', batch_size=117, _ddqn='false', lr=0.0167):
2025-06-02 02:08:27,303 - INFO - Binding arguments
2025-06-02 02:08:27,305 - INFO - Starting the runner with arguments Args(communication='pipe', port=None, input_pipe='pipes/s2p-1773279874294514', output_pipe='pipes/p2s-1773279874294514', algorithm='dqn', _device='cpu', epsilon=0.0644, _clipping='10.0000', batch_size=117, _ddqn='false', lr=0.0167):
2025-06-02 02:08:28,125 - INFO - Binding arguments
2025-06-02 02:08:28,127 - INFO - Starting the runner with arguments Args(communication='pipe', port=None, input_pipe='pipes/s2p-1773280792285690', output_pipe='pipes/p2s-1773280792285690', algorithm='dqn', _device='cpu', epsilon=0.0644, _clipping='10.0000', batch_size=117, _ddqn='false', lr=0.0167):
2025-06-02 02:08:28,358 - INFO - Starting runner
2025-06-02 02:08:28,649 - INFO - Starting runner
2025-06-02 02:08:28,731 - INFO - Starting runner
2025-06-02 02:08:29,094 - INFO - Starting runner
2025-06-02 02:08:29,495 - INFO - Starting runner
2025-06-02 02:08:30,391 - INFO - Starting runner
2025-06-02 02:10:49,260 - ERROR - Connection with remote closed
2025-06-02 02:10:49,271 - INFO - End of the program
2025-06-02 02:10:52,782 - ERROR - Connection with remote closed
2025-06-02 02:10:52,784 - INFO - End of the program
2025-06-02 02:10:57,197 - ERROR - Connection with remote closed
2025-06-02 02:10:57,217 - INFO - End of the program
2025-06-02 02:11:06,016 - INFO - Binding arguments
2025-06-02 02:11:06,018 - INFO - Starting the runner with arguments Args(communication='pipe', port=None, input_pipe='pipes/s2p-1773436254862321', output_pipe='pipes/p2s-1773436254862321', algorithm='dqn', _device='cpu', epsilon=0.0644, _clipping='10.0000', batch_size=117, _ddqn='false', lr=0.0167):
2025-06-02 02:11:06,019 - INFO - Starting runner
2025-06-02 02:11:10,778 - INFO - Binding arguments
2025-06-02 02:11:10,793 - INFO - Starting the runner with arguments Args(communication='pipe', port=None, input_pipe='pipes/s2p-1773437580049513', output_pipe='pipes/p2s-1773437580049513', algorithm='dqn', _device='cpu', epsilon=0.0644, _clipping='10.0000', batch_size=117, _ddqn='false', lr=0.0167):
2025-06-02 02:11:10,794 - INFO - Starting runner
2025-06-02 02:11:18,657 - INFO - Binding arguments
2025-06-02 02:11:18,660 - INFO - Starting the runner with arguments Args(communication='pipe', port=None, input_pipe='pipes/s2p-1773441195808291', output_pipe='pipes/p2s-1773441195808291', algorithm='dqn', _device='cpu', epsilon=0.0644, _clipping='10.0000', batch_size=117, _ddqn='false', lr=0.0167):
2025-06-02 02:11:18,669 - INFO - Starting runner
2025-06-02 02:11:24,193 - ERROR - Connection with remote closed
2025-06-02 02:11:24,209 - INFO - End of the program
2025-06-02 02:11:47,531 - INFO - Binding arguments
2025-06-02 02:11:47,533 - INFO - Starting the runner with arguments Args(communication='pipe', port=None, input_pipe='pipes/s2p-1773471210889662', output_pipe='pipes/p2s-1773471210889662', algorithm='dqn', _device='cpu', epsilon=0.0644, _clipping='10.0000', batch_size=117, _ddqn='false', lr=0.0167):
2025-06-02 02:11:47,540 - INFO - Starting runner
2025-06-02 02:13:29,168 - ERROR - Connection with remote closed
2025-06-02 02:13:29,170 - INFO - End of the program
2025-06-02 02:13:30,496 - ERROR - Connection with remote closed
2025-06-02 02:13:30,497 - INFO - End of the program
2025-06-02 02:13:31,285 - ERROR - Connection with remote closed
2025-06-02 02:13:31,287 - INFO - End of the program
2025-06-02 02:13:31,343 - ERROR - Connection with remote closed
2025-06-02 02:13:31,345 - INFO - End of the program
2025-06-02 02:13:31,861 - ERROR - Connection with remote closed
2025-06-02 02:13:31,863 - INFO - End of the program
2025-06-02 02:13:32,337 - ERROR - Connection with remote closed
2025-06-02 02:13:32,341 - INFO - End of the program
2025-06-02 02:13:37,896 - INFO - Binding arguments
2025-06-02 02:13:37,898 - INFO - Starting the runner with arguments Args(communication='pipe', port=None, input_pipe='pipes/s2p-1773590354363129', output_pipe='pipes/p2s-1773590354363129', algorithm='dqn', _device='cpu', epsilon=0.0644, _clipping='10.0000', batch_size=117, _ddqn='false', lr=0.0167):
2025-06-02 02:13:37,921 - INFO - Binding arguments
2025-06-02 02:13:37,923 - INFO - Starting the runner with arguments Args(communication='pipe', port=None, input_pipe='pipes/s2p-1773590225170999', output_pipe='pipes/p2s-1773590225170999', algorithm='dqn', _device='cpu', epsilon=0.0644, _clipping='10.0000', batch_size=117, _ddqn='false', lr=0.0167):
2025-06-02 02:13:37,981 - INFO - Binding arguments
2025-06-02 02:13:37,983 - INFO - Starting the runner with arguments Args(communication='pipe', port=None, input_pipe='pipes/s2p-1773590250675708', output_pipe='pipes/p2s-1773590250675708', algorithm='dqn', _device='cpu', epsilon=0.0644, _clipping='10.0000', batch_size=117, _ddqn='false', lr=0.0167):
2025-06-02 02:13:38,334 - INFO - Binding arguments
2025-06-02 02:13:38,337 - INFO - Starting the runner with arguments Args(communication='pipe', port=None, input_pipe='pipes/s2p-1773590757275665', output_pipe='pipes/p2s-1773590757275665', algorithm='dqn', _device='cpu', epsilon=0.0644, _clipping='10.0000', batch_size=117, _ddqn='false', lr=0.0167):
2025-06-02 02:13:38,392 - INFO - Binding arguments
2025-06-02 02:13:38,394 - INFO - Starting the runner with arguments Args(communication='pipe', port=None, input_pipe='pipes/s2p-1773590967916715', output_pipe='pipes/p2s-1773590967916715', algorithm='dqn', _device='cpu', epsilon=0.0644, _clipping='10.0000', batch_size=117, _ddqn='false', lr=0.0167):
2025-06-02 02:13:38,931 - INFO - Binding arguments
2025-06-02 02:13:38,933 - INFO - Starting the runner with arguments Args(communication='pipe', port=None, input_pipe='pipes/s2p-1773591392604543', output_pipe='pipes/p2s-1773591392604543', algorithm='dqn', _device='cpu', epsilon=0.0644, _clipping='10.0000', batch_size=117, _ddqn='false', lr=0.0167):
2025-06-02 02:13:39,828 - INFO - Starting runner
2025-06-02 02:13:39,855 - INFO - Starting runner
2025-06-02 02:13:40,014 - INFO - Starting runner
2025-06-02 02:13:40,361 - INFO - Starting runner
2025-06-02 02:13:40,567 - INFO - Starting runner
2025-06-02 02:13:40,991 - INFO - Starting runner
2025-06-02 02:16:07,634 - ERROR - Connection with remote closed
2025-06-02 02:16:07,636 - INFO - End of the program
2025-06-02 02:16:12,017 - ERROR - Connection with remote closed
2025-06-02 02:16:12,019 - INFO - End of the program
2025-06-02 02:16:21,987 - ERROR - Connection with remote closed
2025-06-02 02:16:21,990 - INFO - End of the program
2025-06-02 02:16:28,081 - INFO - Binding arguments
2025-06-02 02:16:28,083 - INFO - Starting the runner with arguments Args(communication='pipe', port=None, input_pipe='pipes/s2p-1773754340852800', output_pipe='pipes/p2s-1773754340852800', algorithm='dqn', _device='cpu', epsilon=0.0644, _clipping='10.0000', batch_size=117, _ddqn='false', lr=0.0167):
2025-06-02 02:16:28,084 - INFO - Starting runner
2025-06-02 02:16:35,128 - INFO - Binding arguments
2025-06-02 02:16:35,130 - INFO - Starting the runner with arguments Args(communication='pipe', port=None, input_pipe='pipes/s2p-1773758664795430', output_pipe='pipes/p2s-1773758664795430', algorithm='dqn', _device='cpu', epsilon=0.0644, _clipping='10.0000', batch_size=117, _ddqn='false', lr=0.0167):
2025-06-02 02:16:35,138 - INFO - Starting runner
2025-06-02 02:16:47,178 - INFO - Binding arguments
2025-06-02 02:16:47,180 - INFO - Starting the runner with arguments Args(communication='pipe', port=None, input_pipe='pipes/s2p-1773769476659945', output_pipe='pipes/p2s-1773769476659945', algorithm='dqn', _device='cpu', epsilon=0.0644, _clipping='10.0000', batch_size=117, _ddqn='false', lr=0.0167):
2025-06-02 02:16:47,181 - INFO - Starting runner
2025-06-02 02:16:48,365 - ERROR - Connection with remote closed
2025-06-02 02:16:48,367 - INFO - End of the program
2025-06-02 02:17:13,220 - INFO - Binding arguments
2025-06-02 02:17:13,222 - INFO - Starting the runner with arguments Args(communication='pipe', port=None, input_pipe='pipes/s2p-1773796188078631', output_pipe='pipes/p2s-1773796188078631', algorithm='dqn', _device='cpu', epsilon=0.0644, _clipping='10.0000', batch_size=117, _ddqn='false', lr=0.0167):
2025-06-02 02:17:13,232 - INFO - Starting runner
2025-06-02 02:18:42,049 - ERROR - Connection with remote closed
2025-06-02 02:18:42,062 - INFO - End of the program
2025-06-02 02:18:42,199 - ERROR - Connection with remote closed
2025-06-02 02:18:42,202 - INFO - End of the program
2025-06-02 02:18:43,103 - ERROR - Connection with remote closed
2025-06-02 02:18:43,113 - INFO - End of the program
2025-06-02 02:18:43,657 - ERROR - Connection with remote closed
2025-06-02 02:18:43,660 - INFO - End of the program
2025-06-02 02:18:51,856 - ERROR - Connection with remote closed
2025-06-02 02:18:51,862 - INFO - End of the program
2025-06-02 02:18:55,802 - ERROR - Connection with remote closed
2025-06-02 02:18:55,808 - INFO - End of the program
2025-06-02 02:18:57,334 - INFO - Binding arguments
2025-06-02 02:18:57,336 - INFO - Starting the runner with arguments Args(communication='pipe', port=None, input_pipe='pipes/s2p-1773908528413862', output_pipe='pipes/p2s-1773908528413862', algorithm='dqn', _device='cpu', epsilon=0.0644, _clipping='10.0000', batch_size=117, _ddqn='false', lr=0.0167):
2025-06-02 02:18:57,403 - INFO - Binding arguments
2025-06-02 02:18:57,405 - INFO - Starting the runner with arguments Args(communication='pipe', port=None, input_pipe='pipes/s2p-1773908145519923', output_pipe='pipes/p2s-1773908145519923', algorithm='dqn', _device='cpu', epsilon=0.0644, _clipping='10.0000', batch_size=117, _ddqn='false', lr=0.0167):
2025-06-02 02:18:57,682 - INFO - Binding arguments
2025-06-02 02:18:57,684 - INFO - Starting the runner with arguments Args(communication='pipe', port=None, input_pipe='pipes/s2p-1773908857975210', output_pipe='pipes/p2s-1773908857975210', algorithm='dqn', _device='cpu', epsilon=0.0644, _clipping='10.0000', batch_size=117, _ddqn='false', lr=0.0167):
2025-06-02 02:18:57,820 - INFO - Starting runner
2025-06-02 02:18:57,822 - INFO - Binding arguments
2025-06-02 02:18:57,824 - INFO - Starting the runner with arguments Args(communication='pipe', port=None, input_pipe='pipes/s2p-1773909188497372', output_pipe='pipes/p2s-1773909188497372', algorithm='dqn', _device='cpu', epsilon=0.0644, _clipping='10.0000', batch_size=117, _ddqn='false', lr=0.0167):
2025-06-02 02:18:58,213 - INFO - Starting runner
2025-06-02 02:18:58,572 - INFO - Starting runner
2025-06-02 02:18:58,932 - INFO - Starting runner
2025-06-02 02:19:06,488 - INFO - Binding arguments
2025-06-02 02:19:06,490 - INFO - Starting the runner with arguments Args(communication='pipe', port=None, input_pipe='pipes/s2p-1773913474187353', output_pipe='pipes/p2s-1773913474187353', algorithm='dqn', _device='cpu', epsilon=0.0644, _clipping='10.0000', batch_size=117, _ddqn='false', lr=0.0167):
2025-06-02 02:19:06,491 - INFO - Starting runner
2025-06-02 02:19:17,856 - INFO - Binding arguments
2025-06-02 02:19:17,858 - INFO - Starting the runner with arguments Args(communication='pipe', port=None, input_pipe='pipes/s2p-1773920202043971', output_pipe='pipes/p2s-1773920202043971', algorithm='dqn', _device='cpu', epsilon=0.0644, _clipping='10.0000', batch_size=117, _ddqn='false', lr=0.0167):
2025-06-02 02:19:17,873 - INFO - Starting runner
2025-06-02 02:21:31,213 - ERROR - Connection with remote closed
2025-06-02 02:21:31,221 - INFO - End of the program
2025-06-02 02:21:49,233 - ERROR - Connection with remote closed
2025-06-02 02:21:49,237 - INFO - End of the program
2025-06-02 02:21:49,435 - ERROR - Connection with remote closed
2025-06-02 02:21:49,438 - INFO - End of the program
2025-06-02 02:21:53,821 - INFO - Binding arguments
2025-06-02 02:21:53,823 - INFO - Starting the runner with arguments Args(communication='pipe', port=None, input_pipe='pipes/s2p-1774079961624961', output_pipe='pipes/p2s-1774079961624961', algorithm='dqn', _device='cpu', epsilon=0.0644, _clipping='10.0000', batch_size=117, _ddqn='false', lr=0.0167):
2025-06-02 02:21:53,833 - INFO - Starting runner
2025-06-02 02:22:12,545 - INFO - Binding arguments
2025-06-02 02:22:12,547 - INFO - Starting the runner with arguments Args(communication='pipe', port=None, input_pipe='pipes/s2p-1774096349022172', output_pipe='pipes/p2s-1774096349022172', algorithm='dqn', _device='cpu', epsilon=0.0644, _clipping='10.0000', batch_size=117, _ddqn='false', lr=0.0167):
2025-06-02 02:22:12,562 - INFO - Starting runner
2025-06-02 02:22:13,988 - INFO - Binding arguments
2025-06-02 02:22:13,990 - INFO - Starting the runner with arguments Args(communication='pipe', port=None, input_pipe='pipes/s2p-1774098193052650', output_pipe='pipes/p2s-1774098193052650', algorithm='dqn', _device='cpu', epsilon=0.0644, _clipping='10.0000', batch_size=117, _ddqn='false', lr=0.0167):
2025-06-02 02:22:14,005 - INFO - Starting runner
2025-06-02 02:22:14,673 - ERROR - Connection with remote closed
2025-06-02 02:22:14,675 - INFO - End of the program
2025-06-02 02:22:37,471 - INFO - Binding arguments
2025-06-02 02:22:37,485 - INFO - Starting the runner with arguments Args(communication='pipe', port=None, input_pipe='pipes/s2p-1774122794422666', output_pipe='pipes/p2s-1774122794422666', algorithm='dqn', _device='cpu', epsilon=0.0644, _clipping='10.0000', batch_size=117, _ddqn='false', lr=0.0167):
2025-06-02 02:22:37,504 - INFO - Starting runner
2025-06-02 02:23:58,418 - ERROR - Connection with remote closed
2025-06-02 02:23:58,430 - INFO - End of the program
2025-06-02 02:23:59,160 - ERROR - Connection with remote closed
2025-06-02 02:23:59,164 - INFO - End of the program
2025-06-02 02:24:08,381 - ERROR - Connection with remote closed
2025-06-02 02:24:08,388 - INFO - End of the program
2025-06-02 02:24:10,028 - ERROR - Connection with remote closed
2025-06-02 02:24:10,038 - INFO - End of the program
2025-06-02 02:24:17,784 - INFO - Binding arguments
2025-06-02 02:24:17,786 - INFO - Starting the runner with arguments Args(communication='pipe', port=None, input_pipe='pipes/s2p-1774227035233117', output_pipe='pipes/p2s-1774227035233117', algorithm='dqn', _device='cpu', epsilon=0.0644, _clipping='10.0000', batch_size=117, _ddqn='false', lr=0.0167):
2025-06-02 02:24:17,792 - INFO - Starting runner
2025-06-02 02:24:18,634 - INFO - Binding arguments
2025-06-02 02:24:18,642 - INFO - Starting the runner with arguments Args(communication='pipe', port=None, input_pipe='pipes/s2p-1774226935854846', output_pipe='pipes/p2s-1774226935854846', algorithm='dqn', _device='cpu', epsilon=0.0644, _clipping='10.0000', batch_size=117, _ddqn='false', lr=0.0167):
2025-06-02 02:24:18,643 - INFO - Starting runner
2025-06-02 02:24:20,240 - ERROR - Connection with remote closed
2025-06-02 02:24:20,242 - INFO - End of the program
2025-06-02 02:24:28,259 - INFO - Binding arguments
2025-06-02 02:24:28,281 - INFO - Starting the runner with arguments Args(communication='pipe', port=None, input_pipe='pipes/s2p-1774233904733469', output_pipe='pipes/p2s-1774233904733469', algorithm='dqn', _device='cpu', epsilon=0.0644, _clipping='10.0000', batch_size=117, _ddqn='false', lr=0.0167):
2025-06-02 02:24:28,289 - INFO - Starting runner
2025-06-02 02:24:31,189 - INFO - Binding arguments
2025-06-02 02:24:31,192 - INFO - Starting the runner with arguments Args(communication='pipe', port=None, input_pipe='pipes/s2p-1774235977665800', output_pipe='pipes/p2s-1774235977665800', algorithm='dqn', _device='cpu', epsilon=0.0644, _clipping='10.0000', batch_size=117, _ddqn='false', lr=0.0167):
2025-06-02 02:24:31,202 - INFO - Starting runner
2025-06-02 02:24:47,584 - INFO - Binding arguments
2025-06-02 02:24:47,586 - INFO - Starting the runner with arguments Args(communication='pipe', port=None, input_pipe='pipes/s2p-1774249148955772', output_pipe='pipes/p2s-1774249148955772', algorithm='dqn', _device='cpu', epsilon=0.0644, _clipping='10.0000', batch_size=117, _ddqn='false', lr=0.0167):
2025-06-02 02:24:47,589 - INFO - Starting runner
2025-06-02 02:25:45,284 - ERROR - Connection with remote closed
2025-06-02 02:25:45,339 - INFO - End of the program
2025-06-02 02:26:14,551 - INFO - Binding arguments
2025-06-02 02:26:14,554 - INFO - Starting the runner with arguments Args(communication='pipe', port=None, input_pipe='pipes/s2p-1774334148439140', output_pipe='pipes/p2s-1774334148439140', algorithm='dqn', _device='cpu', epsilon=0.0644, _clipping='10.0000', batch_size=117, _ddqn='false', lr=0.0167):
2025-06-02 02:26:14,556 - INFO - Starting runner
2025-06-02 02:26:55,166 - ERROR - Connection with remote closed
2025-06-02 02:26:55,186 - INFO - End of the program
2025-06-02 02:27:13,782 - ERROR - Connection with remote closed
2025-06-02 02:27:13,803 - INFO - End of the program
2025-06-02 02:27:21,984 - INFO - Binding arguments
2025-06-02 02:27:21,986 - INFO - Starting the runner with arguments Args(communication='pipe', port=None, input_pipe='pipes/s2p-1774403735225604', output_pipe='pipes/p2s-1774403735225604', algorithm='dqn', _device='cpu', epsilon=0.0644, _clipping='10.0000', batch_size=117, _ddqn='false', lr=0.0167):
2025-06-02 02:27:21,989 - INFO - Starting runner
2025-06-02 02:27:46,339 - ERROR - Connection with remote closed
2025-06-02 02:27:46,341 - INFO - End of the program
2025-06-02 02:27:48,510 - INFO - Binding arguments
2025-06-02 02:27:48,513 - INFO - Starting the runner with arguments Args(communication='pipe', port=None, input_pipe='pipes/s2p-1774425217035813', output_pipe='pipes/p2s-1774425217035813', algorithm='dqn', _device='cpu', epsilon=0.0644, _clipping='10.0000', batch_size=117, _ddqn='false', lr=0.0167):
2025-06-02 02:27:48,537 - INFO - Starting runner
2025-06-02 02:27:52,213 - ERROR - Connection with remote closed
2025-06-02 02:27:52,235 - INFO - End of the program
2025-06-02 02:28:14,022 - INFO - Binding arguments
2025-06-02 02:28:14,032 - INFO - Starting the runner with arguments Args(communication='pipe', port=None, input_pipe='pipes/s2p-1774456876437706', output_pipe='pipes/p2s-1774456876437706', algorithm='dqn', _device='cpu', epsilon=0.0644, _clipping='10.0000', batch_size=117, _ddqn='false', lr=0.0167):
2025-06-02 02:28:14,035 - INFO - Starting runner
2025-06-02 02:28:19,652 - INFO - Binding arguments
2025-06-02 02:28:19,654 - INFO - Starting the runner with arguments Args(communication='pipe', port=None, input_pipe='pipes/s2p-1774460211295976', output_pipe='pipes/p2s-1774460211295976', algorithm='dqn', _device='cpu', epsilon=0.0644, _clipping='10.0000', batch_size=117, _ddqn='false', lr=0.0167):
2025-06-02 02:28:19,688 - INFO - Starting runner
2025-06-02 02:29:18,822 - ERROR - Connection with remote closed
2025-06-02 02:29:18,824 - INFO - End of the program
2025-06-02 02:29:21,829 - ERROR - Connection with remote closed
2025-06-02 02:29:21,831 - INFO - End of the program
2025-06-02 02:29:31,604 - ERROR - Connection with remote closed
2025-06-02 02:29:31,605 - INFO - End of the program
2025-06-02 02:29:33,666 - ERROR - Connection with remote closed
2025-06-02 02:29:33,674 - INFO - End of the program
2025-06-02 02:29:38,091 - INFO - Binding arguments
2025-06-02 02:29:38,093 - INFO - Starting the runner with arguments Args(communication='pipe', port=None, input_pipe='pipes/s2p-1774546485561188', output_pipe='pipes/p2s-1774546485561188', algorithm='dqn', _device='cpu', epsilon=0.0644, _clipping='10.0000', batch_size=117, _ddqn='false', lr=0.0167):
2025-06-02 02:29:38,093 - INFO - Starting runner
2025-06-02 02:29:39,461 - INFO - Binding arguments
2025-06-02 02:29:39,475 - INFO - Starting the runner with arguments Args(communication='pipe', port=None, input_pipe='pipes/s2p-1774548576463556', output_pipe='pipes/p2s-1774548576463556', algorithm='dqn', _device='cpu', epsilon=0.0644, _clipping='10.0000', batch_size=117, _ddqn='false', lr=0.0167):
2025-06-02 02:29:39,491 - INFO - Starting runner
2025-06-02 02:29:49,679 - ERROR - Connection with remote closed
2025-06-02 02:29:49,681 - INFO - End of the program
2025-06-02 02:29:50,596 - INFO - Binding arguments
2025-06-02 02:29:50,598 - INFO - Starting the runner with arguments Args(communication='pipe', port=None, input_pipe='pipes/s2p-1774557035216640', output_pipe='pipes/p2s-1774557035216640', algorithm='dqn', _device='cpu', epsilon=0.0644, _clipping='10.0000', batch_size=117, _ddqn='false', lr=0.0167):
2025-06-02 02:29:50,599 - INFO - Starting runner
2025-06-02 02:29:51,080 - INFO - Binding arguments
2025-06-02 02:29:51,082 - INFO - Starting the runner with arguments Args(communication='pipe', port=None, input_pipe='pipes/s2p-1774558030567648', output_pipe='pipes/p2s-1774558030567648', algorithm='dqn', _device='cpu', epsilon=0.0644, _clipping='10.0000', batch_size=117, _ddqn='false', lr=0.0167):
2025-06-02 02:29:51,092 - INFO - Starting runner
2025-06-02 02:30:15,786 - INFO - Binding arguments
2025-06-02 02:30:15,788 - INFO - Starting the runner with arguments Args(communication='pipe', port=None, input_pipe='pipes/s2p-1774576052845637', output_pipe='pipes/p2s-1774576052845637', algorithm='dqn', _device='cpu', epsilon=0.0644, _clipping='10.0000', batch_size=117, _ddqn='false', lr=0.0167):
2025-06-02 02:30:15,789 - INFO - Starting runner
2025-06-02 02:31:25,399 - ERROR - Connection with remote closed
2025-06-02 02:31:25,401 - INFO - End of the program
2025-06-02 02:31:49,408 - INFO - Binding arguments
2025-06-02 02:31:49,416 - INFO - Starting the runner with arguments Args(communication='pipe', port=None, input_pipe='pipes/s2p-1774673763587584', output_pipe='pipes/p2s-1774673763587584', algorithm='dqn', _device='cpu', epsilon=0.0644, _clipping='10.0000', batch_size=117, _ddqn='false', lr=0.0167):
2025-06-02 02:31:49,424 - INFO - Starting runner
2025-06-02 02:32:26,728 - ERROR - Connection with remote closed
2025-06-02 02:32:26,740 - INFO - End of the program
2025-06-02 02:32:50,947 - ERROR - Connection with remote closed
2025-06-02 02:32:50,949 - INFO - End of the program
2025-06-02 02:32:51,453 - INFO - Binding arguments
2025-06-02 02:32:51,455 - INFO - Starting the runner with arguments Args(communication='pipe', port=None, input_pipe='pipes/s2p-1774733722951290', output_pipe='pipes/p2s-1774733722951290', algorithm='dqn', _device='cpu', epsilon=0.0644, _clipping='10.0000', batch_size=117, _ddqn='false', lr=0.0167):
2025-06-02 02:32:51,456 - INFO - Starting runner
2025-06-02 02:33:11,174 - INFO - Binding arguments
2025-06-02 02:33:11,176 - INFO - Starting the runner with arguments Args(communication='pipe', port=None, input_pipe='pipes/s2p-1774756396831386', output_pipe='pipes/p2s-1774756396831386', algorithm='dqn', _device='cpu', epsilon=0.0644, _clipping='10.0000', batch_size=117, _ddqn='false', lr=0.0167):
2025-06-02 02:33:11,190 - INFO - Starting runner
2025-06-02 02:33:22,440 - ERROR - Connection with remote closed
2025-06-02 02:33:22,443 - INFO - End of the program
2025-06-02 02:33:29,442 - ERROR - Connection with remote closed
2025-06-02 02:33:29,447 - INFO - End of the program
2025-06-02 02:33:49,440 - INFO - Binding arguments
2025-06-02 02:33:49,480 - INFO - Starting the runner with arguments Args(communication='pipe', port=None, input_pipe='pipes/s2p-1774792634387138', output_pipe='pipes/p2s-1774792634387138', algorithm='dqn', _device='cpu', epsilon=0.0644, _clipping='10.0000', batch_size=117, _ddqn='false', lr=0.0167):
2025-06-02 02:33:49,481 - INFO - Starting runner
2025-06-02 02:34:00,192 - INFO - Binding arguments
2025-06-02 02:34:00,212 - INFO - Starting the runner with arguments Args(communication='pipe', port=None, input_pipe='pipes/s2p-1774799411801985', output_pipe='pipes/p2s-1774799411801985', algorithm='dqn', _device='cpu', epsilon=0.0644, _clipping='10.0000', batch_size=117, _ddqn='false', lr=0.0167):
2025-06-02 02:34:00,227 - INFO - Starting runner
2025-06-02 02:34:39,071 - ERROR - Connection with remote closed
2025-06-02 02:34:39,073 - INFO - End of the program
2025-06-02 02:34:41,490 - ERROR - Connection with remote closed
2025-06-02 02:34:41,493 - INFO - End of the program
2025-06-02 02:34:52,820 - ERROR - Connection with remote closed
2025-06-02 02:34:52,829 - INFO - End of the program
2025-06-02 02:34:52,911 - ERROR - Connection with remote closed
2025-06-02 02:34:52,914 - INFO - End of the program
2025-06-02 02:34:55,473 - INFO - Binding arguments
2025-06-02 02:34:55,476 - INFO - Starting the runner with arguments Args(communication='pipe', port=None, input_pipe='pipes/s2p-1774866083748923', output_pipe='pipes/p2s-1774866083748923', algorithm='dqn', _device='cpu', epsilon=0.0644, _clipping='10.0000', batch_size=117, _ddqn='false', lr=0.0167):
2025-06-02 02:34:55,862 - INFO - Starting runner
2025-06-02 02:34:58,950 - INFO - Binding arguments
2025-06-02 02:34:58,952 - INFO - Starting the runner with arguments Args(communication='pipe', port=None, input_pipe='pipes/s2p-1774868425993312', output_pipe='pipes/p2s-1774868425993312', algorithm='dqn', _device='cpu', epsilon=0.0644, _clipping='10.0000', batch_size=117, _ddqn='false', lr=0.0167):
2025-06-02 02:34:58,958 - INFO - Starting runner
2025-06-02 02:35:14,516 - INFO - Binding arguments
2025-06-02 02:35:14,518 - INFO - Starting the runner with arguments Args(communication='pipe', port=None, input_pipe='pipes/s2p-1774878031152984', output_pipe='pipes/p2s-1774878031152984', algorithm='dqn', _device='cpu', epsilon=0.0644, _clipping='10.0000', batch_size=117, _ddqn='false', lr=0.0167):
2025-06-02 02:35:14,519 - INFO - Starting runner
2025-06-02 02:35:14,784 - INFO - Binding arguments
2025-06-02 02:35:14,787 - INFO - Starting the runner with arguments Args(communication='pipe', port=None, input_pipe='pipes/s2p-1774877791880077', output_pipe='pipes/p2s-1774877791880077', algorithm='dqn', _device='cpu', epsilon=0.0644, _clipping='10.0000', batch_size=117, _ddqn='false', lr=0.0167):
2025-06-02 02:35:14,787 - INFO - Starting runner
2025-06-02 02:35:19,237 - ERROR - Connection with remote closed
2025-06-02 02:35:19,245 - INFO - End of the program
2025-06-02 02:35:46,013 - INFO - Binding arguments
2025-06-02 02:35:46,015 - INFO - Starting the runner with arguments Args(communication='pipe', port=None, input_pipe='pipes/s2p-1774907625367463', output_pipe='pipes/p2s-1774907625367463', algorithm='dqn', _device='cpu', epsilon=0.0644, _clipping='10.0000', batch_size=117, _ddqn='false', lr=0.0167):
2025-06-02 02:35:46,021 - INFO - Starting runner
2025-06-02 02:36:53,093 - ERROR - Connection with remote closed
2025-06-02 02:36:53,096 - INFO - End of the program
2025-06-02 02:37:22,874 - INFO - Binding arguments
2025-06-02 02:37:22,909 - INFO - Starting the runner with arguments Args(communication='pipe', port=None, input_pipe='pipes/s2p-1775002062126766', output_pipe='pipes/p2s-1775002062126766', algorithm='dqn', _device='cpu', epsilon=0.0644, _clipping='10.0000', batch_size=117, _ddqn='false', lr=0.0167):
2025-06-02 02:37:22,915 - INFO - Starting runner
2025-06-02 02:37:53,313 - ERROR - Connection with remote closed
2025-06-02 02:37:53,315 - INFO - End of the program
2025-06-02 02:38:12,721 - ERROR - Connection with remote closed
2025-06-02 02:38:12,724 - INFO - End of the program
2025-06-02 02:38:22,460 - INFO - Binding arguments
2025-06-02 02:38:22,463 - INFO - Starting the runner with arguments Args(communication='pipe', port=None, input_pipe='pipes/s2p-1775062777855907', output_pipe='pipes/p2s-1775062777855907', algorithm='dqn', _device='cpu', epsilon=0.0644, _clipping='10.0000', batch_size=117, _ddqn='false', lr=0.0167):
2025-06-02 02:38:22,463 - INFO - Starting runner
2025-06-02 02:38:43,526 - INFO - Binding arguments
2025-06-02 02:38:43,528 - INFO - Starting the runner with arguments Args(communication='pipe', port=None, input_pipe='pipes/s2p-1775083761745078', output_pipe='pipes/p2s-1775083761745078', algorithm='dqn', _device='cpu', epsilon=0.0644, _clipping='10.0000', batch_size=117, _ddqn='false', lr=0.0167):
2025-06-02 02:38:43,543 - INFO - Starting runner
2025-06-02 02:38:52,453 - ERROR - Connection with remote closed
2025-06-02 02:38:52,458 - INFO - End of the program
2025-06-02 02:39:02,962 - ERROR - Connection with remote closed
2025-06-02 02:39:02,964 - INFO - End of the program
2025-06-02 02:39:19,691 - INFO - Binding arguments
2025-06-02 02:39:19,693 - INFO - Starting the runner with arguments Args(communication='pipe', port=None, input_pipe='pipes/s2p-1775121424085570', output_pipe='pipes/p2s-1775121424085570', algorithm='dqn', _device='cpu', epsilon=0.0644, _clipping='10.0000', batch_size=117, _ddqn='false', lr=0.0167):
2025-06-02 02:39:19,698 - INFO - Starting runner
2025-06-02 02:39:31,863 - INFO - Binding arguments
2025-06-02 02:39:31,865 - INFO - Starting the runner with arguments Args(communication='pipe', port=None, input_pipe='pipes/s2p-1775132736662232', output_pipe='pipes/p2s-1775132736662232', algorithm='dqn', _device='cpu', epsilon=0.0644, _clipping='10.0000', batch_size=117, _ddqn='false', lr=0.0167):
2025-06-02 02:39:31,866 - INFO - Starting runner
2025-06-02 02:39:59,971 - ERROR - Connection with remote closed
2025-06-02 02:39:59,973 - INFO - End of the program
2025-06-02 02:40:00,445 - ERROR - Connection with remote closed
2025-06-02 02:40:00,476 - INFO - End of the program
2025-06-02 02:40:15,745 - ERROR - Connection with remote closed
2025-06-02 02:40:15,748 - INFO - End of the program
2025-06-02 02:40:17,401 - ERROR - Connection with remote closed
2025-06-02 02:40:17,403 - INFO - End of the program
2025-06-02 02:40:48,136 - ERROR - Connection with remote closed
2025-06-02 02:40:48,138 - INFO - End of the program
2025-06-02 02:42:30,278 - ERROR - Connection with remote closed
2025-06-02 02:42:30,291 - INFO - End of the program
2025-06-02 02:43:29,932 - ERROR - Connection with remote closed
2025-06-02 02:43:29,939 - INFO - End of the program
2025-06-02 02:43:49,588 - ERROR - Connection with remote closed
2025-06-02 02:43:49,596 - INFO - End of the program
2025-06-02 02:44:21,477 - ERROR - Connection with remote closed
2025-06-02 02:44:21,479 - INFO - End of the program
2025-06-02 02:44:32,657 - ERROR - Connection with remote closed
2025-06-02 02:44:32,662 - INFO - End of the program
2025-06-02 08:20:58,396 - INFO - Binding arguments
2025-06-02 08:20:58,396 - INFO - Binding arguments
2025-06-02 08:20:58,396 - INFO - Binding arguments
2025-06-02 08:20:58,396 - INFO - Binding arguments
2025-06-02 08:20:58,396 - INFO - Binding arguments
2025-06-02 08:20:58,396 - INFO - Binding arguments
2025-06-02 08:20:58,396 - INFO - Binding arguments
2025-06-02 08:20:58,396 - INFO - Binding arguments
2025-06-02 08:20:58,396 - INFO - Binding arguments
2025-06-02 08:20:58,396 - INFO - Binding arguments
2025-06-02 08:20:58,417 - INFO - Starting the runner with arguments Args(communication='pipe', port=None, input_pipe='pipes/s2p-1795473641645853', output_pipe='pipes/p2s-1795473641645853', algorithm='dqn', _device='cpu', epsilon=0.0644, _clipping='10.0000', batch_size=117, _ddqn='false', lr=0.0167):
2025-06-02 08:20:58,417 - INFO - Starting the runner with arguments Args(communication='pipe', port=None, input_pipe='pipes/s2p-1795473533089546', output_pipe='pipes/p2s-1795473533089546', algorithm='dqn', _device='cpu', epsilon=0.0644, _clipping='10.0000', batch_size=117, _ddqn='false', lr=0.0167):
2025-06-02 08:20:58,417 - INFO - Starting the runner with arguments Args(communication='pipe', port=None, input_pipe='pipes/s2p-1795473523830708', output_pipe='pipes/p2s-1795473523830708', algorithm='dqn', _device='cpu', epsilon=0.0644, _clipping='10.0000', batch_size=117, _ddqn='false', lr=0.0167):
2025-06-02 08:20:58,417 - INFO - Starting the runner with arguments Args(communication='pipe', port=None, input_pipe='pipes/s2p-1795473614537238', output_pipe='pipes/p2s-1795473614537238', algorithm='dqn', _device='cpu', epsilon=0.0644, _clipping='10.0000', batch_size=117, _ddqn='false', lr=0.0167):
2025-06-02 08:20:58,417 - INFO - Starting the runner with arguments Args(communication='pipe', port=None, input_pipe='pipes/s2p-1795473559745664', output_pipe='pipes/p2s-1795473559745664', algorithm='dqn', _device='cpu', epsilon=0.0644, _clipping='10.0000', batch_size=117, _ddqn='false', lr=0.0167):
2025-06-02 08:20:58,417 - INFO - Starting the runner with arguments Args(communication='pipe', port=None, input_pipe='pipes/s2p-1795473648070921', output_pipe='pipes/p2s-1795473648070921', algorithm='dqn', _device='cpu', epsilon=0.0644, _clipping='10.0000', batch_size=117, _ddqn='false', lr=0.0167):
2025-06-02 08:20:58,417 - INFO - Starting the runner with arguments Args(communication='pipe', port=None, input_pipe='pipes/s2p-1795473530965042', output_pipe='pipes/p2s-1795473530965042', algorithm='dqn', _device='cpu', epsilon=0.0644, _clipping='10.0000', batch_size=117, _ddqn='false', lr=0.0167):
2025-06-02 08:20:58,417 - INFO - Starting the runner with arguments Args(communication='pipe', port=None, input_pipe='pipes/s2p-1795473551744729', output_pipe='pipes/p2s-1795473551744729', algorithm='dqn', _device='cpu', epsilon=0.0644, _clipping='10.0000', batch_size=117, _ddqn='false', lr=0.0167):
2025-06-02 08:20:58,417 - INFO - Starting the runner with arguments Args(communication='pipe', port=None, input_pipe='pipes/s2p-1795473625150680', output_pipe='pipes/p2s-1795473625150680', algorithm='dqn', _device='cpu', epsilon=0.0644, _clipping='10.0000', batch_size=117, _ddqn='false', lr=0.0167):
2025-06-02 08:20:58,417 - INFO - Starting the runner with arguments Args(communication='pipe', port=None, input_pipe='pipes/s2p-1795473665770547', output_pipe='pipes/p2s-1795473665770547', algorithm='dqn', _device='cpu', epsilon=0.0644, _clipping='10.0000', batch_size=117, _ddqn='false', lr=0.0167):
2025-06-02 08:20:58,418 - INFO - Starting runner
2025-06-02 08:20:58,419 - INFO - Starting runner
2025-06-02 08:20:58,419 - INFO - Starting runner
2025-06-02 08:20:58,419 - INFO - Starting runner
2025-06-02 08:20:58,419 - INFO - Starting runner
2025-06-02 08:20:58,419 - INFO - Starting runner
2025-06-02 08:20:58,419 - INFO - Starting runner
2025-06-02 08:20:58,419 - INFO - Starting runner
2025-06-02 08:20:58,419 - INFO - Starting runner
2025-06-02 08:20:58,419 - INFO - Starting runner
2025-06-02 08:25:59,111 - ERROR - Connection with remote closed
2025-06-02 08:25:59,125 - INFO - End of the program
2025-06-02 08:25:59,423 - ERROR - Connection with remote closed
2025-06-02 08:25:59,428 - INFO - End of the program
2025-06-02 08:25:59,770 - ERROR - Connection with remote closed
2025-06-02 08:25:59,784 - INFO - End of the program
2025-06-02 08:26:00,427 - ERROR - Connection with remote closed
2025-06-02 08:26:00,431 - INFO - End of the program
2025-06-02 08:26:00,950 - ERROR - Connection with remote closed
2025-06-02 08:26:00,953 - INFO - End of the program
2025-06-02 08:26:01,317 - ERROR - Connection with remote closed
2025-06-02 08:26:01,324 - INFO - End of the program
2025-06-02 08:26:01,613 - ERROR - Connection with remote closed
2025-06-02 08:26:01,617 - INFO - End of the program
2025-06-02 08:26:04,669 - ERROR - Connection with remote closed
2025-06-02 08:26:04,673 - INFO - End of the program
2025-06-02 08:26:08,197 - ERROR - Connection with remote closed
2025-06-02 08:26:08,199 - INFO - End of the program
2025-06-02 08:26:10,604 - ERROR - Connection with remote closed
2025-06-02 08:26:10,611 - INFO - End of the program
2025-06-02 08:47:14,280 - INFO - Binding arguments
2025-06-02 08:47:14,280 - INFO - Binding arguments
2025-06-02 08:47:14,280 - INFO - Binding arguments
2025-06-02 08:47:14,280 - INFO - Binding arguments
2025-06-02 08:47:14,280 - INFO - Binding arguments
2025-06-02 08:47:14,280 - INFO - Binding arguments
2025-06-02 08:47:14,281 - INFO - Binding arguments
2025-06-02 08:47:14,281 - INFO - Binding arguments
2025-06-02 08:47:14,281 - INFO - Binding arguments
2025-06-02 08:47:14,281 - INFO - Binding arguments
2025-06-02 08:47:14,284 - INFO - Starting the runner with arguments Args(communication='pipe', port=None, input_pipe='pipes/s2p-1797064907217501', output_pipe='pipes/p2s-1797064907217501', algorithm='dqn', _device='gpu', epsilon=0.0644, _clipping='10.0000', batch_size=117, _ddqn='false', lr=0.0167):
2025-06-02 08:47:14,284 - INFO - Starting the runner with arguments Args(communication='pipe', port=None, input_pipe='pipes/s2p-1797064949270435', output_pipe='pipes/p2s-1797064949270435', algorithm='dqn', _device='gpu', epsilon=0.0644, _clipping='10.0000', batch_size=117, _ddqn='false', lr=0.0167):
2025-06-02 08:47:14,284 - INFO - Starting the runner with arguments Args(communication='pipe', port=None, input_pipe='pipes/s2p-1797064880989073', output_pipe='pipes/p2s-1797064880989073', algorithm='dqn', _device='gpu', epsilon=0.0644, _clipping='10.0000', batch_size=117, _ddqn='false', lr=0.0167):
2025-06-02 08:47:14,284 - INFO - Starting the runner with arguments Args(communication='pipe', port=None, input_pipe='pipes/s2p-1797065037994241', output_pipe='pipes/p2s-1797065037994241', algorithm='dqn', _device='gpu', epsilon=0.0644, _clipping='10.0000', batch_size=117, _ddqn='false', lr=0.0167):
2025-06-02 08:47:14,284 - INFO - Starting the runner with arguments Args(communication='pipe', port=None, input_pipe='pipes/s2p-1797064885850778', output_pipe='pipes/p2s-1797064885850778', algorithm='dqn', _device='gpu', epsilon=0.0644, _clipping='10.0000', batch_size=117, _ddqn='false', lr=0.0167):
2025-06-02 08:47:14,284 - INFO - Starting the runner with arguments Args(communication='pipe', port=None, input_pipe='pipes/s2p-1797064998987737', output_pipe='pipes/p2s-1797064998987737', algorithm='dqn', _device='gpu', epsilon=0.0644, _clipping='10.0000', batch_size=117, _ddqn='false', lr=0.0167):
2025-06-02 08:47:14,284 - INFO - Starting the runner with arguments Args(communication='pipe', port=None, input_pipe='pipes/s2p-1797064885490554', output_pipe='pipes/p2s-1797064885490554', algorithm='dqn', _device='gpu', epsilon=0.0644, _clipping='10.0000', batch_size=117, _ddqn='false', lr=0.0167):
2025-06-02 08:47:14,284 - INFO - Starting the runner with arguments Args(communication='pipe', port=None, input_pipe='pipes/s2p-1797064987789377', output_pipe='pipes/p2s-1797064987789377', algorithm='dqn', _device='gpu', epsilon=0.0644, _clipping='10.0000', batch_size=117, _ddqn='false', lr=0.0167):
2025-06-02 08:47:14,284 - INFO - Starting the runner with arguments Args(communication='pipe', port=None, input_pipe='pipes/s2p-1797065014208652', output_pipe='pipes/p2s-1797065014208652', algorithm='dqn', _device='gpu', epsilon=0.0644, _clipping='10.0000', batch_size=117, _ddqn='false', lr=0.0167):
2025-06-02 08:47:14,284 - INFO - Starting the runner with arguments Args(communication='pipe', port=None, input_pipe='pipes/s2p-1797064965154691', output_pipe='pipes/p2s-1797064965154691', algorithm='dqn', _device='gpu', epsilon=0.0644, _clipping='10.0000', batch_size=117, _ddqn='false', lr=0.0167):
2025-06-02 08:47:15,544 - INFO - Number of available CUDA devices: 1
2025-06-02 08:47:15,547 - INFO - Starting runner
2025-06-02 08:47:15,557 - INFO - Number of available CUDA devices: 1
2025-06-02 08:47:15,557 - INFO - Starting runner
2025-06-02 08:47:15,559 - INFO - Number of available CUDA devices: 1
2025-06-02 08:47:15,559 - INFO - Starting runner
2025-06-02 08:47:15,561 - INFO - Number of available CUDA devices: 1
2025-06-02 08:47:15,561 - INFO - Starting runner
2025-06-02 08:47:15,574 - INFO - Number of available CUDA devices: 1
2025-06-02 08:47:15,574 - INFO - Starting runner
2025-06-02 08:47:15,588 - INFO - Number of available CUDA devices: 1
2025-06-02 08:47:15,588 - INFO - Starting runner
2025-06-02 08:47:15,609 - INFO - Number of available CUDA devices: 1
2025-06-02 08:47:15,609 - INFO - Starting runner
2025-06-02 08:47:15,620 - INFO - Number of available CUDA devices: 1
2025-06-02 08:47:15,620 - INFO - Starting runner
2025-06-02 08:47:15,623 - INFO - Number of available CUDA devices: 1
2025-06-02 08:47:15,623 - INFO - Starting runner
2025-06-02 08:47:15,659 - INFO - Number of available CUDA devices: 1
2025-06-02 08:47:15,659 - INFO - Starting runner
2025-06-02 08:47:26,495 - ERROR - Connection with remote closed
2025-06-02 08:47:26,504 - INFO - End of the program
2025-06-02 08:47:27,865 - INFO - Binding arguments
2025-06-02 08:47:27,868 - INFO - Starting the runner with arguments Args(communication='pipe', port=None, input_pipe='pipes/s2p-1797226378573044', output_pipe='pipes/p2s-1797226378573044', algorithm='dqn', _device='gpu', epsilon=0.0644, _clipping='10.0000', batch_size=117, _ddqn='false', lr=0.0167):
2025-06-02 08:47:27,872 - INFO - Binding arguments
2025-06-02 08:47:27,874 - INFO - Starting the runner with arguments Args(communication='pipe', port=None, input_pipe='pipes/s2p-1797226412583579', output_pipe='pipes/p2s-1797226412583579', algorithm='dqn', _device='gpu', epsilon=0.0644, _clipping='10.0000', batch_size=117, _ddqn='false', lr=0.0167):
2025-06-02 08:47:27,879 - INFO - Binding arguments
2025-06-02 08:47:27,882 - INFO - Starting the runner with arguments Args(communication='pipe', port=None, input_pipe='pipes/s2p-1797226306930366', output_pipe='pipes/p2s-1797226306930366', algorithm='dqn', _device='gpu', epsilon=0.0644, _clipping='10.0000', batch_size=117, _ddqn='false', lr=0.0167):
2025-06-02 08:47:27,886 - INFO - Binding arguments
2025-06-02 08:47:27,888 - INFO - Starting the runner with arguments Args(communication='pipe', port=None, input_pipe='pipes/s2p-1797226466559624', output_pipe='pipes/p2s-1797226466559624', algorithm='dqn', _device='gpu', epsilon=0.0644, _clipping='10.0000', batch_size=117, _ddqn='false', lr=0.0167):
2025-06-02 08:47:27,944 - INFO - Binding arguments
2025-06-02 08:47:27,944 - INFO - Binding arguments
2025-06-02 08:47:27,944 - INFO - Binding arguments
2025-06-02 08:47:27,944 - INFO - Binding arguments
2025-06-02 08:47:27,944 - INFO - Binding arguments
2025-06-02 08:47:27,946 - INFO - Starting the runner with arguments Args(communication='pipe', port=None, input_pipe='pipes/s2p-1797226503624171', output_pipe='pipes/p2s-1797226503624171', algorithm='dqn', _device='gpu', epsilon=0.0644, _clipping='10.0000', batch_size=117, _ddqn='false', lr=0.0167):
2025-06-02 08:47:27,946 - INFO - Starting the runner with arguments Args(communication='pipe', port=None, input_pipe='pipes/s2p-1797226358022136', output_pipe='pipes/p2s-1797226358022136', algorithm='dqn', _device='gpu', epsilon=0.0644, _clipping='10.0000', batch_size=117, _ddqn='false', lr=0.0167):
2025-06-02 08:47:27,946 - INFO - Starting the runner with arguments Args(communication='pipe', port=None, input_pipe='pipes/s2p-1797226476885307', output_pipe='pipes/p2s-1797226476885307', algorithm='dqn', _device='gpu', epsilon=0.0644, _clipping='10.0000', batch_size=117, _ddqn='false', lr=0.0167):
2025-06-02 08:47:27,946 - INFO - Starting the runner with arguments Args(communication='pipe', port=None, input_pipe='pipes/s2p-1797226490597327', output_pipe='pipes/p2s-1797226490597327', algorithm='dqn', _device='gpu', epsilon=0.0644, _clipping='10.0000', batch_size=117, _ddqn='false', lr=0.0167):
2025-06-02 08:47:27,947 - INFO - Starting the runner with arguments Args(communication='pipe', port=None, input_pipe='pipes/s2p-1797226451704167', output_pipe='pipes/p2s-1797226451704167', algorithm='dqn', _device='gpu', epsilon=0.0644, _clipping='10.0000', batch_size=117, _ddqn='false', lr=0.0167):
2025-06-02 08:47:28,071 - INFO - Binding arguments
2025-06-02 08:47:28,074 - INFO - Starting the runner with arguments Args(communication='pipe', port=None, input_pipe='pipes/s2p-1797226762535261', output_pipe='pipes/p2s-1797226762535261', algorithm='dqn', _device='gpu', epsilon=0.0644, _clipping='10.0000', batch_size=117, _ddqn='false', lr=0.0167):
2025-06-02 08:47:29,862 - INFO - Number of available CUDA devices: 0
2025-06-02 08:47:29,864 - INFO - Starting runner
2025-06-02 08:47:29,899 - INFO - Number of available CUDA devices: 0
2025-06-02 08:47:29,900 - INFO - Starting runner
2025-06-02 08:47:29,920 - INFO - Number of available CUDA devices: 0
2025-06-02 08:47:29,920 - INFO - Starting runner
2025-06-02 08:47:29,959 - INFO - Number of available CUDA devices: 0
2025-06-02 08:47:29,959 - INFO - Starting runner
2025-06-02 08:47:29,995 - INFO - Number of available CUDA devices: 0
2025-06-02 08:47:29,995 - INFO - Starting runner
2025-06-02 08:47:30,011 - INFO - Number of available CUDA devices: 0
2025-06-02 08:47:30,011 - INFO - Starting runner
2025-06-02 08:47:30,019 - INFO - Number of available CUDA devices: 0
2025-06-02 08:47:30,019 - INFO - Starting runner
2025-06-02 08:47:30,033 - INFO - Number of available CUDA devices: 0
2025-06-02 08:47:30,033 - INFO - Starting runner
2025-06-02 08:47:30,047 - INFO - Number of available CUDA devices: 0
2025-06-02 08:47:30,047 - INFO - Starting runner
2025-06-02 08:47:30,308 - INFO - Number of available CUDA devices: 0
2025-06-02 08:47:30,311 - INFO - Starting runner
2025-06-02 08:47:30,849 - INFO - Binding arguments
2025-06-02 08:47:30,852 - INFO - Starting the runner with arguments Args(communication='pipe', port=None, input_pipe='pipes/s2p-1797081517353652', output_pipe='pipes/p2s-1797081517353652', algorithm='dqn', _device='gpu', epsilon=0.0644, _clipping='10.0000', batch_size=117, _ddqn='false', lr=0.0167):
2025-06-02 08:47:30,909 - INFO - Binding arguments
2025-06-02 08:47:30,911 - INFO - Starting the runner with arguments Args(communication='pipe', port=None, input_pipe='pipes/s2p-1797081713021481', output_pipe='pipes/p2s-1797081713021481', algorithm='dqn', _device='gpu', epsilon=0.0644, _clipping='10.0000', batch_size=117, _ddqn='false', lr=0.0167):
2025-06-02 08:47:32,297 - INFO - Number of available CUDA devices: 1
2025-06-02 08:47:32,301 - INFO - Starting runner
2025-06-02 08:47:32,416 - INFO - Number of available CUDA devices: 1
2025-06-02 08:47:32,416 - INFO - Starting runner
2025-06-02 08:47:32,688 - INFO - Binding arguments
2025-06-02 08:47:32,690 - INFO - Starting the runner with arguments Args(communication='pipe', port=None, input_pipe='pipes/s2p-1797082618218164', output_pipe='pipes/p2s-1797082618218164', algorithm='dqn', _device='gpu', epsilon=0.0644, _clipping='10.0000', batch_size=117, _ddqn='false', lr=0.0167):
2025-06-02 08:47:33,081 - INFO - Binding arguments
2025-06-02 08:47:33,084 - INFO - Starting the runner with arguments Args(communication='pipe', port=None, input_pipe='pipes/s2p-1797083977072065', output_pipe='pipes/p2s-1797083977072065', algorithm='dqn', _device='gpu', epsilon=0.0644, _clipping='10.0000', batch_size=117, _ddqn='false', lr=0.0167):
2025-06-02 08:47:33,274 - INFO - Number of available CUDA devices: 1
2025-06-02 08:47:33,275 - INFO - Starting runner
2025-06-02 08:47:34,597 - INFO - Number of available CUDA devices: 1
2025-06-02 08:47:34,598 - INFO - Starting runner
2025-06-02 08:47:34,673 - INFO - Binding arguments
2025-06-02 08:47:34,675 - INFO - Starting the runner with arguments Args(communication='pipe', port=None, input_pipe='pipes/s2p-1797084822447356', output_pipe='pipes/p2s-1797084822447356', algorithm='dqn', _device='gpu', epsilon=0.0644, _clipping='10.0000', batch_size=117, _ddqn='false', lr=0.0167):
2025-06-02 08:47:34,845 - INFO - Binding arguments
2025-06-02 08:47:34,847 - INFO - Starting the runner with arguments Args(communication='pipe', port=None, input_pipe='pipes/s2p-1797084963618274', output_pipe='pipes/p2s-1797084963618274', algorithm='dqn', _device='gpu', epsilon=0.0644, _clipping='10.0000', batch_size=117, _ddqn='false', lr=0.0167):
2025-06-02 08:47:35,443 - INFO - Number of available CUDA devices: 1
2025-06-02 08:47:35,443 - INFO - Starting runner
2025-06-02 08:47:35,583 - INFO - Number of available CUDA devices: 1
2025-06-02 08:47:35,584 - INFO - Starting runner
2025-06-02 08:47:37,675 - INFO - Binding arguments
2025-06-02 08:47:37,677 - INFO - Starting the runner with arguments Args(communication='pipe', port=None, input_pipe='pipes/s2p-1797087522643197', output_pipe='pipes/p2s-1797087522643197', algorithm='dqn', _device='gpu', epsilon=0.0644, _clipping='10.0000', batch_size=117, _ddqn='false', lr=0.0167):
2025-06-02 08:47:38,845 - INFO - Number of available CUDA devices: 1
2025-06-02 08:47:38,847 - INFO - Starting runner
2025-06-02 08:47:42,471 - INFO - Binding arguments
2025-06-02 08:47:42,473 - INFO - Starting the runner with arguments Args(communication='pipe', port=None, input_pipe='pipes/s2p-1797090348782148', output_pipe='pipes/p2s-1797090348782148', algorithm='dqn', _device='gpu', epsilon=0.0644, _clipping='10.0000', batch_size=117, _ddqn='false', lr=0.0167):
2025-06-02 08:47:42,498 - INFO - Number of available CUDA devices: 1
2025-06-02 08:47:42,499 - INFO - Starting runner
2025-06-02 08:47:42,541 - ERROR - An error occurred: [Errno 32] Broken pipe
2025-06-02 08:47:42,548 - INFO - End of the program
2025-06-02 08:47:45,148 - INFO - Binding arguments
2025-06-02 08:47:45,150 - INFO - Starting the runner with arguments Args(communication='pipe', port=None, input_pipe='pipes/s2p-1797093833869810', output_pipe='pipes/p2s-1797093833869810', algorithm='dqn', _device='gpu', epsilon=0.0644, _clipping='10.0000', batch_size=117, _ddqn='false', lr=0.0167):
2025-06-02 08:47:45,178 - INFO - Number of available CUDA devices: 1
2025-06-02 08:47:45,178 - INFO - Starting runner
2025-06-02 08:47:48,696 - INFO - Binding arguments
2025-06-02 08:47:48,698 - INFO - Starting the runner with arguments Args(communication='pipe', port=None, input_pipe='pipes/s2p-1797098213597375', output_pipe='pipes/p2s-1797098213597375', algorithm='dqn', _device='gpu', epsilon=0.0644, _clipping='10.0000', batch_size=117, _ddqn='false', lr=0.0167):
2025-06-02 08:47:48,836 - INFO - Number of available CUDA devices: 1
2025-06-02 08:47:48,836 - INFO - Starting runner
2025-06-02 08:47:49,186 - INFO - Binding arguments
2025-06-02 08:47:49,188 - INFO - Starting the runner with arguments Args(communication='pipe', port=None, input_pipe='pipes/s2p-1797098716816030', output_pipe='pipes/p2s-1797098716816030', algorithm='dqn', _device='gpu', epsilon=0.0644, _clipping='10.0000', batch_size=117, _ddqn='false', lr=0.0167):
2025-06-02 08:47:49,325 - INFO - Number of available CUDA devices: 1
2025-06-02 08:47:49,326 - INFO - Starting runner
2025-06-02 08:47:51,598 - INFO - Binding arguments
2025-06-02 08:47:51,601 - INFO - Starting the runner with arguments Args(communication='pipe', port=None, input_pipe='pipes/s2p-1797101041106609', output_pipe='pipes/p2s-1797101041106609', algorithm='dqn', _device='gpu', epsilon=0.0644, _clipping='10.0000', batch_size=117, _ddqn='false', lr=0.0167):
2025-06-02 08:47:51,656 - INFO - Number of available CUDA devices: 1
2025-06-02 08:47:51,656 - INFO - Starting runner
2025-06-02 08:47:52,040 - INFO - Binding arguments
2025-06-02 08:47:52,042 - INFO - Starting the runner with arguments Args(communication='pipe', port=None, input_pipe='pipes/s2p-1797101547425334', output_pipe='pipes/p2s-1797101547425334', algorithm='dqn', _device='gpu', epsilon=0.0644, _clipping='10.0000', batch_size=117, _ddqn='false', lr=0.0167):
2025-06-02 08:47:53,108 - INFO - Number of available CUDA devices: 1
2025-06-02 08:47:53,108 - INFO - Starting runner
2025-06-02 08:47:53,173 - ERROR - An error occurred: [Errno 32] Broken pipe
2025-06-02 08:47:53,176 - INFO - End of the program
2025-06-02 08:47:54,637 - INFO - Binding arguments
2025-06-02 08:47:54,639 - INFO - Starting the runner with arguments Args(communication='pipe', port=None, input_pipe='pipes/s2p-1797103577409935', output_pipe='pipes/p2s-1797103577409935', algorithm='dqn', _device='gpu', epsilon=0.0644, _clipping='10.0000', batch_size=117, _ddqn='false', lr=0.0167):
2025-06-02 08:47:54,686 - INFO - Number of available CUDA devices: 1
2025-06-02 08:47:54,687 - INFO - Starting runner
2025-06-02 08:47:57,262 - INFO - Binding arguments
2025-06-02 08:47:57,264 - INFO - Starting the runner with arguments Args(communication='pipe', port=None, input_pipe='pipes/s2p-1797106181348661', output_pipe='pipes/p2s-1797106181348661', algorithm='dqn', _device='gpu', epsilon=0.0644, _clipping='10.0000', batch_size=117, _ddqn='false', lr=0.0167):
2025-06-02 08:47:57,288 - INFO - Number of available CUDA devices: 1
2025-06-02 08:47:57,289 - INFO - Starting runner
2025-06-02 08:47:59,958 - INFO - Binding arguments
2025-06-02 08:47:59,960 - INFO - Starting the runner with arguments Args(communication='pipe', port=None, input_pipe='pipes/s2p-1797107989417018', output_pipe='pipes/p2s-1797107989417018', algorithm='dqn', _device='gpu', epsilon=0.0644, _clipping='10.0000', batch_size=117, _ddqn='false', lr=0.0167):
2025-06-02 08:47:59,983 - INFO - Number of available CUDA devices: 1
2025-06-02 08:47:59,984 - INFO - Starting runner
2025-06-02 08:48:02,054 - INFO - Binding arguments
2025-06-02 08:48:02,056 - INFO - Starting the runner with arguments Args(communication='pipe', port=None, input_pipe='pipes/s2p-1797111187683844', output_pipe='pipes/p2s-1797111187683844', algorithm='dqn', _device='gpu', epsilon=0.0644, _clipping='10.0000', batch_size=117, _ddqn='false', lr=0.0167):
2025-06-02 08:48:02,080 - INFO - Number of available CUDA devices: 1
2025-06-02 08:48:02,081 - INFO - Starting runner
2025-06-02 08:48:04,199 - INFO - Binding arguments
2025-06-02 08:48:04,201 - INFO - Starting the runner with arguments Args(communication='pipe', port=None, input_pipe='pipes/s2p-1797113143159416', output_pipe='pipes/p2s-1797113143159416', algorithm='dqn', _device='gpu', epsilon=0.0644, _clipping='10.0000', batch_size=117, _ddqn='false', lr=0.0167):
2025-06-02 08:48:04,225 - INFO - Number of available CUDA devices: 1
2025-06-02 08:48:04,225 - INFO - Starting runner
2025-06-02 08:48:05,551 - INFO - Binding arguments
2025-06-02 08:48:05,553 - INFO - Starting the runner with arguments Args(communication='pipe', port=None, input_pipe='pipes/s2p-1797116289815660', output_pipe='pipes/p2s-1797116289815660', algorithm='dqn', _device='gpu', epsilon=0.0644, _clipping='10.0000', batch_size=117, _ddqn='false', lr=0.0167):
2025-06-02 08:48:06,946 - INFO - Number of available CUDA devices: 1
2025-06-02 08:48:06,947 - INFO - Starting runner
2025-06-02 08:48:08,540 - INFO - Binding arguments
2025-06-02 08:48:08,542 - INFO - Starting the runner with arguments Args(communication='pipe', port=None, input_pipe='pipes/s2p-1797117356723307', output_pipe='pipes/p2s-1797117356723307', algorithm='dqn', _device='gpu', epsilon=0.0644, _clipping='10.0000', batch_size=117, _ddqn='false', lr=0.0167):
2025-06-02 08:48:09,021 - INFO - Number of available CUDA devices: 1
2025-06-02 08:48:09,022 - INFO - Starting runner
2025-06-02 08:48:09,570 - INFO - Binding arguments
2025-06-02 08:48:09,572 - INFO - Starting the runner with arguments Args(communication='pipe', port=None, input_pipe='pipes/s2p-1797119515200187', output_pipe='pipes/p2s-1797119515200187', algorithm='dqn', _device='gpu', epsilon=0.0644, _clipping='10.0000', batch_size=117, _ddqn='false', lr=0.0167):
2025-06-02 08:48:10,578 - INFO - Number of available CUDA devices: 1
2025-06-02 08:48:10,580 - INFO - Starting runner
2025-06-02 08:48:11,537 - INFO - Binding arguments
2025-06-02 08:48:11,539 - INFO - Starting the runner with arguments Args(communication='pipe', port=None, input_pipe='pipes/s2p-1797121376010692', output_pipe='pipes/p2s-1797121376010692', algorithm='dqn', _device='gpu', epsilon=0.0644, _clipping='10.0000', batch_size=117, _ddqn='false', lr=0.0167):
2025-06-02 08:48:12,762 - INFO - Number of available CUDA devices: 1
2025-06-02 08:48:12,763 - INFO - Starting runner
2025-06-02 08:48:14,899 - INFO - Binding arguments
2025-06-02 08:48:14,901 - INFO - Starting the runner with arguments Args(communication='pipe', port=None, input_pipe='pipes/s2p-1797123562473257', output_pipe='pipes/p2s-1797123562473257', algorithm='dqn', _device='gpu', epsilon=0.0644, _clipping='10.0000', batch_size=117, _ddqn='false', lr=0.0167):
2025-06-02 08:48:14,925 - INFO - Number of available CUDA devices: 1
2025-06-02 08:48:14,925 - INFO - Starting runner
2025-06-02 08:48:17,600 - INFO - Binding arguments
2025-06-02 08:48:17,602 - INFO - Starting the runner with arguments Args(communication='pipe', port=None, input_pipe='pipes/s2p-1797127640791325', output_pipe='pipes/p2s-1797127640791325', algorithm='dqn', _device='gpu', epsilon=0.0644, _clipping='10.0000', batch_size=117, _ddqn='false', lr=0.0167):
2025-06-02 08:48:17,786 - INFO - Binding arguments
2025-06-02 08:48:17,788 - INFO - Starting the runner with arguments Args(communication='pipe', port=None, input_pipe='pipes/s2p-1797127279929857', output_pipe='pipes/p2s-1797127279929857', algorithm='dqn', _device='gpu', epsilon=0.0644, _clipping='10.0000', batch_size=117, _ddqn='false', lr=0.0167):
2025-06-02 08:48:17,909 - INFO - Number of available CUDA devices: 1
2025-06-02 08:48:17,910 - INFO - Starting runner
2025-06-02 08:48:18,259 - INFO - Number of available CUDA devices: 1
2025-06-02 08:48:18,259 - INFO - Starting runner
2025-06-02 08:48:20,793 - ERROR - Connection with remote closed
2025-06-02 08:48:20,794 - INFO - End of the program
2025-06-02 08:48:21,253 - INFO - Binding arguments
2025-06-02 08:48:21,256 - INFO - Starting the runner with arguments Args(communication='pipe', port=None, input_pipe='pipes/s2p-1797129993828211', output_pipe='pipes/p2s-1797129993828211', algorithm='dqn', _device='gpu', epsilon=0.0644, _clipping='10.0000', batch_size=117, _ddqn='false', lr=0.0167):
2025-06-02 08:48:21,279 - INFO - Number of available CUDA devices: 1
2025-06-02 08:48:21,279 - INFO - Starting runner
2025-06-02 08:48:23,110 - INFO - Binding arguments
2025-06-02 08:48:23,112 - INFO - Starting the runner with arguments Args(communication='pipe', port=None, input_pipe='pipes/s2p-1797132269325520', output_pipe='pipes/p2s-1797132269325520', algorithm='dqn', _device='gpu', epsilon=0.0644, _clipping='10.0000', batch_size=117, _ddqn='false', lr=0.0167):
2025-06-02 08:48:23,134 - INFO - Number of available CUDA devices: 1
2025-06-02 08:48:23,135 - INFO - Starting runner
2025-06-02 08:48:24,036 - INFO - Binding arguments
2025-06-02 08:48:24,038 - INFO - Starting the runner with arguments Args(communication='pipe', port=None, input_pipe='pipes/s2p-1797134026666274', output_pipe='pipes/p2s-1797134026666274', algorithm='dqn', _device='gpu', epsilon=0.0644, _clipping='10.0000', batch_size=117, _ddqn='false', lr=0.0167):
2025-06-02 08:48:25,271 - INFO - Number of available CUDA devices: 1
2025-06-02 08:48:25,272 - INFO - Starting runner
2025-06-02 08:48:25,272 - ERROR - An error occurred: [Errno 32] Broken pipe
2025-06-02 08:48:25,274 - INFO - End of the program
2025-06-02 08:48:28,400 - INFO - Binding arguments
2025-06-02 08:48:28,403 - INFO - Starting the runner with arguments Args(communication='pipe', port=None, input_pipe='pipes/s2p-1797136203277035', output_pipe='pipes/p2s-1797136203277035', algorithm='dqn', _device='gpu', epsilon=0.0644, _clipping='10.0000', batch_size=117, _ddqn='false', lr=0.0167):
2025-06-02 08:48:28,426 - INFO - Number of available CUDA devices: 1
2025-06-02 08:48:28,427 - INFO - Starting runner
2025-06-02 08:48:29,919 - ERROR - An error occurred: [Errno 32] Broken pipe
2025-06-02 08:48:29,926 - INFO - End of the program
2025-06-02 08:48:30,705 - INFO - Binding arguments
2025-06-02 08:48:30,708 - INFO - Starting the runner with arguments Args(communication='pipe', port=None, input_pipe='pipes/s2p-1797138677562365', output_pipe='pipes/p2s-1797138677562365', algorithm='dqn', _device='gpu', epsilon=0.0644, _clipping='10.0000', batch_size=117, _ddqn='false', lr=0.0167):
2025-06-02 08:48:30,732 - INFO - Number of available CUDA devices: 1
2025-06-02 08:48:30,732 - INFO - Starting runner
2025-06-02 08:48:31,026 - INFO - Binding arguments
2025-06-02 08:48:31,028 - INFO - Starting the runner with arguments Args(communication='pipe', port=None, input_pipe='pipes/s2p-1797139832528440', output_pipe='pipes/p2s-1797139832528440', algorithm='dqn', _device='gpu', epsilon=0.0644, _clipping='10.0000', batch_size=117, _ddqn='false', lr=0.0167):
2025-06-02 08:48:31,051 - INFO - Number of available CUDA devices: 1
2025-06-02 08:48:31,052 - INFO - Starting runner
2025-06-02 08:48:33,502 - INFO - Binding arguments
2025-06-02 08:48:33,504 - INFO - Starting the runner with arguments Args(communication='pipe', port=None, input_pipe='pipes/s2p-1797143256493275', output_pipe='pipes/p2s-1797143256493275', algorithm='dqn', _device='gpu', epsilon=0.0644, _clipping='10.0000', batch_size=117, _ddqn='false', lr=0.0167):
2025-06-02 08:48:35,227 - INFO - Number of available CUDA devices: 1
2025-06-02 08:48:35,227 - INFO - Starting runner
2025-06-02 08:48:35,812 - INFO - Binding arguments
2025-06-02 08:48:35,814 - INFO - Starting the runner with arguments Args(communication='pipe', port=None, input_pipe='pipes/s2p-1797145293697054', output_pipe='pipes/p2s-1797145293697054', algorithm='dqn', _device='gpu', epsilon=0.0644, _clipping='10.0000', batch_size=117, _ddqn='false', lr=0.0167):
2025-06-02 08:48:35,926 - INFO - Number of available CUDA devices: 1
2025-06-02 08:48:35,926 - INFO - Starting runner
2025-06-02 08:48:38,414 - INFO - Binding arguments
2025-06-02 08:48:38,416 - INFO - Starting the runner with arguments Args(communication='pipe', port=None, input_pipe='pipes/s2p-1797147350821132', output_pipe='pipes/p2s-1797147350821132', algorithm='dqn', _device='gpu', epsilon=0.0644, _clipping='10.0000', batch_size=117, _ddqn='false', lr=0.0167):
2025-06-02 08:48:38,534 - INFO - Binding arguments
2025-06-02 08:48:38,536 - INFO - Starting the runner with arguments Args(communication='pipe', port=None, input_pipe='pipes/s2p-1797149555633139', output_pipe='pipes/p2s-1797149555633139', algorithm='dqn', _device='gpu', epsilon=0.0644, _clipping='10.0000', batch_size=117, _ddqn='false', lr=0.0167):
2025-06-02 08:48:38,538 - INFO - Number of available CUDA devices: 1
2025-06-02 08:48:38,597 - INFO - Starting runner
2025-06-02 08:48:40,167 - INFO - Number of available CUDA devices: 1
2025-06-02 08:48:40,168 - INFO - Starting runner
2025-06-02 08:48:43,555 - INFO - Binding arguments
2025-06-02 08:48:43,557 - INFO - Starting the runner with arguments Args(communication='pipe', port=None, input_pipe='pipes/s2p-1797151893217378', output_pipe='pipes/p2s-1797151893217378', algorithm='dqn', _device='gpu', epsilon=0.0644, _clipping='10.0000', batch_size=117, _ddqn='false', lr=0.0167):
2025-06-02 08:48:43,603 - INFO - Number of available CUDA devices: 1
2025-06-02 08:48:43,608 - INFO - Starting runner
2025-06-02 08:48:46,263 - INFO - Binding arguments
2025-06-02 08:48:46,265 - INFO - Starting the runner with arguments Args(communication='pipe', port=None, input_pipe='pipes/s2p-1797154615919238', output_pipe='pipes/p2s-1797154615919238', algorithm='dqn', _device='gpu', epsilon=0.0644, _clipping='10.0000', batch_size=117, _ddqn='false', lr=0.0167):
2025-06-02 08:48:46,277 - INFO - Number of available CUDA devices: 1
2025-06-02 08:48:46,278 - INFO - Starting runner
2025-06-02 08:48:48,718 - INFO - Binding arguments
2025-06-02 08:48:48,720 - INFO - Starting the runner with arguments Args(communication='pipe', port=None, input_pipe='pipes/s2p-1797158347870599', output_pipe='pipes/p2s-1797158347870599', algorithm='dqn', _device='gpu', epsilon=0.0644, _clipping='10.0000', batch_size=117, _ddqn='false', lr=0.0167):
2025-06-02 08:48:49,003 - INFO - Number of available CUDA devices: 1
2025-06-02 08:48:49,006 - INFO - Starting runner
2025-06-02 08:48:50,799 - INFO - Binding arguments
2025-06-02 08:48:50,808 - INFO - Starting the runner with arguments Args(communication='pipe', port=None, input_pipe='pipes/s2p-1797160329678878', output_pipe='pipes/p2s-1797160329678878', algorithm='dqn', _device='gpu', epsilon=0.0644, _clipping='10.0000', batch_size=117, _ddqn='false', lr=0.0167):
2025-06-02 08:48:50,954 - INFO - Number of available CUDA devices: 1
2025-06-02 08:48:50,955 - INFO - Starting runner
2025-06-02 08:48:52,679 - INFO - Binding arguments
2025-06-02 08:48:52,682 - INFO - Starting the runner with arguments Args(communication='pipe', port=None, input_pipe='pipes/s2p-1797162433418694', output_pipe='pipes/p2s-1797162433418694', algorithm='dqn', _device='gpu', epsilon=0.0644, _clipping='10.0000', batch_size=117, _ddqn='false', lr=0.0167):
2025-06-02 08:48:53,062 - INFO - Number of available CUDA devices: 1
2025-06-02 08:48:53,062 - INFO - Starting runner
2025-06-02 08:48:53,448 - INFO - Binding arguments
2025-06-02 08:48:53,450 - INFO - Starting the runner with arguments Args(communication='pipe', port=None, input_pipe='pipes/s2p-1797163204435495', output_pipe='pipes/p2s-1797163204435495', algorithm='dqn', _device='gpu', epsilon=0.0644, _clipping='10.0000', batch_size=117, _ddqn='false', lr=0.0167):
2025-06-02 08:48:54,652 - INFO - Number of available CUDA devices: 1
2025-06-02 08:48:54,653 - INFO - Starting runner
2025-06-02 08:48:55,647 - INFO - Binding arguments
2025-06-02 08:48:55,649 - INFO - Starting the runner with arguments Args(communication='pipe', port=None, input_pipe='pipes/s2p-1797165658585034', output_pipe='pipes/p2s-1797165658585034', algorithm='dqn', _device='gpu', epsilon=0.0644, _clipping='10.0000', batch_size=117, _ddqn='false', lr=0.0167):
2025-06-02 08:48:56,869 - INFO - Number of available CUDA devices: 1
2025-06-02 08:48:56,869 - INFO - Starting runner
2025-06-02 08:48:57,431 - INFO - Binding arguments
2025-06-02 08:48:57,433 - INFO - Starting the runner with arguments Args(communication='pipe', port=None, input_pipe='pipes/s2p-1797167065064811', output_pipe='pipes/p2s-1797167065064811', algorithm='dqn', _device='gpu', epsilon=0.0644, _clipping='10.0000', batch_size=117, _ddqn='false', lr=0.0167):
2025-06-02 08:48:57,691 - INFO - Number of available CUDA devices: 1
2025-06-02 08:48:57,692 - INFO - Starting runner
2025-06-02 08:49:01,611 - INFO - Binding arguments
2025-06-02 08:49:01,613 - INFO - Starting the runner with arguments Args(communication='pipe', port=None, input_pipe='pipes/s2p-1797169776119696', output_pipe='pipes/p2s-1797169776119696', algorithm='dqn', _device='gpu', epsilon=0.0644, _clipping='10.0000', batch_size=117, _ddqn='false', lr=0.0167):
2025-06-02 08:49:01,626 - INFO - Number of available CUDA devices: 1
2025-06-02 08:49:01,626 - INFO - Starting runner
2025-06-02 08:49:03,486 - INFO - Binding arguments
2025-06-02 08:49:03,489 - INFO - Starting the runner with arguments Args(communication='pipe', port=None, input_pipe='pipes/s2p-1797172122071876', output_pipe='pipes/p2s-1797172122071876', algorithm='dqn', _device='gpu', epsilon=0.0644, _clipping='10.0000', batch_size=117, _ddqn='false', lr=0.0167):
2025-06-02 08:49:03,511 - INFO - Number of available CUDA devices: 1
2025-06-02 08:49:03,512 - INFO - Starting runner
2025-06-02 08:49:05,577 - INFO - Binding arguments
2025-06-02 08:49:05,579 - INFO - Starting the runner with arguments Args(communication='pipe', port=None, input_pipe='pipes/s2p-1797174382478786', output_pipe='pipes/p2s-1797174382478786', algorithm='dqn', _device='gpu', epsilon=0.0644, _clipping='10.0000', batch_size=117, _ddqn='false', lr=0.0167):
2025-06-02 08:49:05,603 - INFO - Number of available CUDA devices: 1
2025-06-02 08:49:05,604 - INFO - Starting runner
2025-06-02 08:49:07,887 - INFO - Binding arguments
2025-06-02 08:49:07,890 - INFO - Starting the runner with arguments Args(communication='pipe', port=None, input_pipe='pipes/s2p-1797176696906986', output_pipe='pipes/p2s-1797176696906986', algorithm='dqn', _device='gpu', epsilon=0.0644, _clipping='10.0000', batch_size=117, _ddqn='false', lr=0.0167):
2025-06-02 08:49:08,233 - INFO - Number of available CUDA devices: 1
2025-06-02 08:49:08,234 - INFO - Starting runner
2025-06-02 08:49:08,240 - INFO - Binding arguments
2025-06-02 08:49:08,242 - INFO - Starting the runner with arguments Args(communication='pipe', port=None, input_pipe='pipes/s2p-1797178249041750', output_pipe='pipes/p2s-1797178249041750', algorithm='dqn', _device='gpu', epsilon=0.0644, _clipping='10.0000', batch_size=117, _ddqn='false', lr=0.0167):
2025-06-02 08:49:09,624 - INFO - Number of available CUDA devices: 1
2025-06-02 08:49:09,626 - INFO - Starting runner
2025-06-02 08:49:09,748 - ERROR - An error occurred: [Errno 32] Broken pipe
2025-06-02 08:49:09,749 - INFO - End of the program
2025-06-02 08:49:10,912 - INFO - Binding arguments
2025-06-02 08:49:10,915 - INFO - Starting the runner with arguments Args(communication='pipe', port=None, input_pipe='pipes/s2p-1797180373181351', output_pipe='pipes/p2s-1797180373181351', algorithm='dqn', _device='gpu', epsilon=0.0644, _clipping='10.0000', batch_size=117, _ddqn='false', lr=0.0167):
2025-06-02 08:49:10,994 - INFO - Number of available CUDA devices: 1
2025-06-02 08:49:10,995 - INFO - Starting runner
2025-06-02 08:49:13,516 - INFO - Binding arguments
2025-06-02 08:49:13,518 - INFO - Starting the runner with arguments Args(communication='pipe', port=None, input_pipe='pipes/s2p-1797182713293589', output_pipe='pipes/p2s-1797182713293589', algorithm='dqn', _device='gpu', epsilon=0.0644, _clipping='10.0000', batch_size=117, _ddqn='false', lr=0.0167):
2025-06-02 08:49:13,530 - INFO - Number of available CUDA devices: 1
2025-06-02 08:49:13,530 - INFO - Starting runner
2025-06-02 08:49:16,761 - INFO - Binding arguments
2025-06-02 08:49:16,763 - INFO - Starting the runner with arguments Args(communication='pipe', port=None, input_pipe='pipes/s2p-1797185676458571', output_pipe='pipes/p2s-1797185676458571', algorithm='dqn', _device='gpu', epsilon=0.0644, _clipping='10.0000', batch_size=117, _ddqn='false', lr=0.0167):
2025-06-02 08:49:16,787 - INFO - Number of available CUDA devices: 1
2025-06-02 08:49:16,787 - INFO - Starting runner
2025-06-02 08:49:16,825 - INFO - Binding arguments
2025-06-02 08:49:16,827 - INFO - Starting the runner with arguments Args(communication='pipe', port=None, input_pipe='pipes/s2p-1797186894984025', output_pipe='pipes/p2s-1797186894984025', algorithm='dqn', _device='gpu', epsilon=0.0644, _clipping='10.0000', batch_size=117, _ddqn='false', lr=0.0167):
2025-06-02 08:49:18,803 - INFO - Number of available CUDA devices: 1
2025-06-02 08:49:18,805 - INFO - Starting runner
2025-06-02 08:49:19,667 - INFO - Binding arguments
2025-06-02 08:49:19,669 - INFO - Starting the runner with arguments Args(communication='pipe', port=None, input_pipe='pipes/s2p-1797189000438919', output_pipe='pipes/p2s-1797189000438919', algorithm='dqn', _device='gpu', epsilon=0.0644, _clipping='10.0000', batch_size=117, _ddqn='false', lr=0.0167):
2025-06-02 08:49:19,692 - INFO - Number of available CUDA devices: 1
2025-06-02 08:49:19,693 - INFO - Starting runner
2025-06-02 08:49:22,229 - INFO - Binding arguments
2025-06-02 08:49:22,243 - INFO - Starting the runner with arguments Args(communication='pipe', port=None, input_pipe='pipes/s2p-1797191422315806', output_pipe='pipes/p2s-1797191422315806', algorithm='dqn', _device='gpu', epsilon=0.0644, _clipping='10.0000', batch_size=117, _ddqn='false', lr=0.0167):
2025-06-02 08:49:23,268 - INFO - Number of available CUDA devices: 1
2025-06-02 08:49:23,270 - INFO - Starting runner
2025-06-02 08:49:25,478 - INFO - Binding arguments
2025-06-02 08:49:25,480 - INFO - Starting the runner with arguments Args(communication='pipe', port=None, input_pipe='pipes/s2p-1797195465695188', output_pipe='pipes/p2s-1797195465695188', algorithm='dqn', _device='gpu', epsilon=0.0644, _clipping='10.0000', batch_size=117, _ddqn='false', lr=0.0167):
2025-06-02 08:49:25,547 - INFO - Binding arguments
2025-06-02 08:49:25,549 - INFO - Starting the runner with arguments Args(communication='pipe', port=None, input_pipe='pipes/s2p-1797194056726308', output_pipe='pipes/p2s-1797194056726308', algorithm='dqn', _device='gpu', epsilon=0.0644, _clipping='10.0000', batch_size=117, _ddqn='false', lr=0.0167):
2025-06-02 08:49:25,572 - INFO - Number of available CUDA devices: 1
2025-06-02 08:49:25,573 - INFO - Starting runner
2025-06-02 08:49:26,219 - INFO - Number of available CUDA devices: 1
2025-06-02 08:49:26,221 - INFO - Starting runner
2025-06-02 08:49:29,789 - INFO - Binding arguments
2025-06-02 08:49:29,791 - INFO - Starting the runner with arguments Args(communication='pipe', port=None, input_pipe='pipes/s2p-1797198353430118', output_pipe='pipes/p2s-1797198353430118', algorithm='dqn', _device='gpu', epsilon=0.0644, _clipping='10.0000', batch_size=117, _ddqn='false', lr=0.0167):
2025-06-02 08:49:29,812 - INFO - Number of available CUDA devices: 1
2025-06-02 08:49:29,813 - INFO - Starting runner
2025-06-02 08:49:31,625 - INFO - Binding arguments
2025-06-02 08:49:31,627 - INFO - Starting the runner with arguments Args(communication='pipe', port=None, input_pipe='pipes/s2p-1797200569541825', output_pipe='pipes/p2s-1797200569541825', algorithm='dqn', _device='gpu', epsilon=0.0644, _clipping='10.0000', batch_size=117, _ddqn='false', lr=0.0167):
2025-06-02 08:49:32,067 - INFO - Number of available CUDA devices: 1
2025-06-02 08:49:32,068 - INFO - Starting runner
2025-06-02 08:49:34,352 - INFO - Binding arguments
2025-06-02 08:49:34,354 - INFO - Starting the runner with arguments Args(communication='pipe', port=None, input_pipe='pipes/s2p-1797202786152596', output_pipe='pipes/p2s-1797202786152596', algorithm='dqn', _device='gpu', epsilon=0.0644, _clipping='10.0000', batch_size=117, _ddqn='false', lr=0.0167):
2025-06-02 08:49:34,377 - INFO - Number of available CUDA devices: 1
2025-06-02 08:49:34,378 - INFO - Starting runner
2025-06-02 08:49:35,045 - INFO - Binding arguments
2025-06-02 08:49:35,047 - INFO - Starting the runner with arguments Args(communication='pipe', port=None, input_pipe='pipes/s2p-1797204852164680', output_pipe='pipes/p2s-1797204852164680', algorithm='dqn', _device='gpu', epsilon=0.0644, _clipping='10.0000', batch_size=117, _ddqn='false', lr=0.0167):
2025-06-02 08:49:36,004 - INFO - Number of available CUDA devices: 1
2025-06-02 08:49:36,005 - INFO - Starting runner
2025-06-02 08:49:36,599 - INFO - Binding arguments
2025-06-02 08:49:36,601 - INFO - Starting the runner with arguments Args(communication='pipe', port=None, input_pipe='pipes/s2p-1797206306997496', output_pipe='pipes/p2s-1797206306997496', algorithm='dqn', _device='gpu', epsilon=0.0644, _clipping='10.0000', batch_size=117, _ddqn='false', lr=0.0167):
2025-06-02 08:49:36,923 - INFO - Number of available CUDA devices: 1
2025-06-02 08:49:36,923 - INFO - Starting runner
2025-06-02 08:49:40,675 - INFO - Binding arguments
2025-06-02 08:49:40,678 - INFO - Starting the runner with arguments Args(communication='pipe', port=None, input_pipe='pipes/s2p-1797209279333348', output_pipe='pipes/p2s-1797209279333348', algorithm='dqn', _device='gpu', epsilon=0.0644, _clipping='10.0000', batch_size=117, _ddqn='false', lr=0.0167):
2025-06-02 08:49:40,689 - INFO - Number of available CUDA devices: 1
2025-06-02 08:49:40,691 - INFO - Starting runner
2025-06-02 08:49:41,495 - INFO - Binding arguments
2025-06-02 08:49:41,497 - INFO - Starting the runner with arguments Args(communication='pipe', port=None, input_pipe='pipes/s2p-1797211208197146', output_pipe='pipes/p2s-1797211208197146', algorithm='dqn', _device='gpu', epsilon=0.0644, _clipping='10.0000', batch_size=117, _ddqn='false', lr=0.0167):
2025-06-02 08:49:43,222 - INFO - Number of available CUDA devices: 1
2025-06-02 08:49:43,223 - INFO - Starting runner
2025-06-02 08:49:43,732 - INFO - Binding arguments
2025-06-02 08:49:43,734 - INFO - Starting the runner with arguments Args(communication='pipe', port=None, input_pipe='pipes/s2p-1797213575095981', output_pipe='pipes/p2s-1797213575095981', algorithm='dqn', _device='gpu', epsilon=0.0644, _clipping='10.0000', batch_size=117, _ddqn='false', lr=0.0167):
2025-06-02 08:49:45,051 - INFO - Number of available CUDA devices: 1
2025-06-02 08:49:45,053 - INFO - Starting runner
2025-06-02 08:49:46,872 - INFO - Binding arguments
2025-06-02 08:49:46,874 - INFO - Starting the runner with arguments Args(communication='pipe', port=None, input_pipe='pipes/s2p-1797217671653325', output_pipe='pipes/p2s-1797217671653325', algorithm='dqn', _device='gpu', epsilon=0.0644, _clipping='10.0000', batch_size=117, _ddqn='false', lr=0.0167):
2025-06-02 08:49:47,146 - INFO - Binding arguments
2025-06-02 08:49:47,148 - INFO - Starting the runner with arguments Args(communication='pipe', port=None, input_pipe='pipes/s2p-1797218065694440', output_pipe='pipes/p2s-1797218065694440', algorithm='dqn', _device='gpu', epsilon=0.0644, _clipping='10.0000', batch_size=117, _ddqn='false', lr=0.0167):
2025-06-02 08:49:48,636 - INFO - Number of available CUDA devices: 1
2025-06-02 08:49:48,667 - INFO - Starting runner
2025-06-02 08:49:48,761 - INFO - Number of available CUDA devices: 1
2025-06-02 08:49:48,761 - INFO - Starting runner
2025-06-02 08:49:49,657 - INFO - Binding arguments
2025-06-02 08:49:49,670 - INFO - Starting the runner with arguments Args(communication='pipe', port=None, input_pipe='pipes/s2p-1797219258911744', output_pipe='pipes/p2s-1797219258911744', algorithm='dqn', _device='gpu', epsilon=0.0644, _clipping='10.0000', batch_size=117, _ddqn='false', lr=0.0167):
2025-06-02 08:49:49,883 - INFO - Number of available CUDA devices: 1
2025-06-02 08:49:49,884 - INFO - Starting runner
2025-06-02 08:49:51,626 - INFO - Binding arguments
2025-06-02 08:49:51,628 - INFO - Starting the runner with arguments Args(communication='pipe', port=None, input_pipe='pipes/s2p-1797221502620714', output_pipe='pipes/p2s-1797221502620714', algorithm='dqn', _device='gpu', epsilon=0.0644, _clipping='10.0000', batch_size=117, _ddqn='false', lr=0.0167):
2025-06-02 08:49:51,822 - INFO - Binding arguments
2025-06-02 08:49:51,824 - INFO - Starting the runner with arguments Args(communication='pipe', port=None, input_pipe='pipes/s2p-1797221497199483', output_pipe='pipes/p2s-1797221497199483', algorithm='dqn', _device='gpu', epsilon=0.0644, _clipping='10.0000', batch_size=117, _ddqn='false', lr=0.0167):
2025-06-02 08:49:52,111 - INFO - Number of available CUDA devices: 1
2025-06-02 08:49:52,112 - INFO - Starting runner
2025-06-02 08:49:52,124 - INFO - Number of available CUDA devices: 1
2025-06-02 08:49:52,124 - INFO - Starting runner
2025-06-02 08:49:56,346 - INFO - Binding arguments
2025-06-02 08:49:56,348 - INFO - Starting the runner with arguments Args(communication='pipe', port=None, input_pipe='pipes/s2p-1797225871266832', output_pipe='pipes/p2s-1797225871266832', algorithm='dqn', _device='gpu', epsilon=0.0644, _clipping='10.0000', batch_size=117, _ddqn='false', lr=0.0167):
2025-06-02 08:49:56,495 - INFO - Number of available CUDA devices: 1
2025-06-02 08:49:56,496 - INFO - Starting runner
2025-06-02 08:49:58,907 - INFO - Binding arguments
2025-06-02 08:49:58,909 - INFO - Starting the runner with arguments Args(communication='pipe', port=None, input_pipe='pipes/s2p-1797228126806291', output_pipe='pipes/p2s-1797228126806291', algorithm='dqn', _device='gpu', epsilon=0.0644, _clipping='10.0000', batch_size=117, _ddqn='false', lr=0.0167):
2025-06-02 08:49:58,921 - INFO - Number of available CUDA devices: 1
2025-06-02 08:49:58,922 - INFO - Starting runner
2025-06-02 08:50:01,751 - INFO - Binding arguments
2025-06-02 08:50:01,753 - INFO - Starting the runner with arguments Args(communication='pipe', port=None, input_pipe='pipes/s2p-1797231346720598', output_pipe='pipes/p2s-1797231346720598', algorithm='dqn', _device='gpu', epsilon=0.0644, _clipping='10.0000', batch_size=117, _ddqn='false', lr=0.0167):
2025-06-02 08:50:01,989 - INFO - Number of available CUDA devices: 1
2025-06-02 08:50:01,990 - INFO - Starting runner
2025-06-02 08:50:03,200 - INFO - Binding arguments
2025-06-02 08:50:03,202 - INFO - Starting the runner with arguments Args(communication='pipe', port=None, input_pipe='pipes/s2p-1797233256512590', output_pipe='pipes/p2s-1797233256512590', algorithm='dqn', _device='gpu', epsilon=0.0644, _clipping='10.0000', batch_size=117, _ddqn='false', lr=0.0167):
2025-06-02 08:50:03,947 - INFO - Number of available CUDA devices: 1
2025-06-02 08:50:03,948 - INFO - Starting runner
2025-06-02 08:50:04,088 - INFO - Binding arguments
2025-06-02 08:50:04,090 - INFO - Starting the runner with arguments Args(communication='pipe', port=None, input_pipe='pipes/s2p-1797234173554217', output_pipe='pipes/p2s-1797234173554217', algorithm='dqn', _device='gpu', epsilon=0.0644, _clipping='10.0000', batch_size=117, _ddqn='false', lr=0.0167):
2025-06-02 08:50:04,240 - INFO - Binding arguments
2025-06-02 08:50:04,242 - INFO - Starting the runner with arguments Args(communication='pipe', port=None, input_pipe='pipes/s2p-1797234015846703', output_pipe='pipes/p2s-1797234015846703', algorithm='dqn', _device='gpu', epsilon=0.0644, _clipping='10.0000', batch_size=117, _ddqn='false', lr=0.0167):
2025-06-02 08:50:05,391 - INFO - Number of available CUDA devices: 1
2025-06-02 08:50:05,391 - INFO - Number of available CUDA devices: 1
2025-06-02 08:50:05,392 - INFO - Starting runner
2025-06-02 08:50:05,392 - INFO - Starting runner
2025-06-02 08:50:08,321 - INFO - Binding arguments
2025-06-02 08:50:08,323 - INFO - Starting the runner with arguments Args(communication='pipe', port=None, input_pipe='pipes/s2p-1797237927012489', output_pipe='pipes/p2s-1797237927012489', algorithm='dqn', _device='gpu', epsilon=0.0644, _clipping='10.0000', batch_size=117, _ddqn='false', lr=0.0167):
2025-06-02 08:50:09,364 - INFO - Number of available CUDA devices: 1
2025-06-02 08:50:09,366 - INFO - Starting runner
2025-06-02 08:50:09,843 - INFO - Binding arguments
2025-06-02 08:50:09,845 - INFO - Starting the runner with arguments Args(communication='pipe', port=None, input_pipe='pipes/s2p-1797239773107882', output_pipe='pipes/p2s-1797239773107882', algorithm='dqn', _device='gpu', epsilon=0.0644, _clipping='10.0000', batch_size=117, _ddqn='false', lr=0.0167):
2025-06-02 08:50:10,994 - INFO - Number of available CUDA devices: 1
2025-06-02 08:50:10,996 - INFO - Starting runner
2025-06-02 08:50:14,559 - INFO - Binding arguments
2025-06-02 08:50:14,561 - INFO - Starting the runner with arguments Args(communication='pipe', port=None, input_pipe='pipes/s2p-1797243964585582', output_pipe='pipes/p2s-1797243964585582', algorithm='dqn', _device='gpu', epsilon=0.0644, _clipping='10.0000', batch_size=117, _ddqn='false', lr=0.0167):
2025-06-02 08:50:14,609 - INFO - Number of available CUDA devices: 1
2025-06-02 08:50:14,610 - INFO - Starting runner
2025-06-02 08:50:16,564 - INFO - Binding arguments
2025-06-02 08:50:16,566 - INFO - Starting the runner with arguments Args(communication='pipe', port=None, input_pipe='pipes/s2p-1797246415869958', output_pipe='pipes/p2s-1797246415869958', algorithm='dqn', _device='gpu', epsilon=0.0644, _clipping='10.0000', batch_size=117, _ddqn='false', lr=0.0167):
2025-06-02 08:50:16,657 - INFO - Binding arguments
2025-06-02 08:50:16,659 - INFO - Starting the runner with arguments Args(communication='pipe', port=None, input_pipe='pipes/s2p-1797246095433096', output_pipe='pipes/p2s-1797246095433096', algorithm='dqn', _device='gpu', epsilon=0.0644, _clipping='10.0000', batch_size=117, _ddqn='false', lr=0.0167):
2025-06-02 08:50:16,720 - INFO - Number of available CUDA devices: 1
2025-06-02 08:50:16,721 - INFO - Starting runner
2025-06-02 08:50:17,620 - ERROR - Connection with remote closed
2025-06-02 08:50:17,623 - INFO - End of the program
2025-06-02 08:50:17,834 - INFO - Number of available CUDA devices: 1
2025-06-02 08:50:17,835 - INFO - Starting runner
2025-06-02 08:50:20,135 - INFO - Binding arguments
2025-06-02 08:50:20,138 - INFO - Starting the runner with arguments Args(communication='pipe', port=None, input_pipe='pipes/s2p-1797248967546685', output_pipe='pipes/p2s-1797248967546685', algorithm='dqn', _device='gpu', epsilon=0.0644, _clipping='10.0000', batch_size=117, _ddqn='false', lr=0.0167):
2025-06-02 08:50:20,162 - INFO - Number of available CUDA devices: 1
2025-06-02 08:50:20,163 - INFO - Starting runner
2025-06-02 08:50:21,715 - INFO - Binding arguments
2025-06-02 08:50:21,717 - INFO - Starting the runner with arguments Args(communication='pipe', port=None, input_pipe='pipes/s2p-1797250736886411', output_pipe='pipes/p2s-1797250736886411', algorithm='dqn', _device='gpu', epsilon=0.0644, _clipping='10.0000', batch_size=117, _ddqn='false', lr=0.0167):
2025-06-02 08:50:21,742 - INFO - Number of available CUDA devices: 1
2025-06-02 08:50:21,743 - INFO - Starting runner
2025-06-02 08:50:21,943 - ERROR - An error occurred: [Errno 32] Broken pipe
2025-06-02 08:50:21,945 - INFO - End of the program
2025-06-02 08:50:23,817 - INFO - Binding arguments
2025-06-02 08:50:23,820 - INFO - Starting the runner with arguments Args(communication='pipe', port=None, input_pipe='pipes/s2p-1797252451780802', output_pipe='pipes/p2s-1797252451780802', algorithm='dqn', _device='gpu', epsilon=0.0644, _clipping='10.0000', batch_size=117, _ddqn='false', lr=0.0167):
2025-06-02 08:50:23,843 - INFO - Number of available CUDA devices: 1
2025-06-02 08:50:23,843 - INFO - Starting runner
2025-06-02 08:50:27,024 - INFO - Binding arguments
2025-06-02 08:50:27,026 - INFO - Starting the runner with arguments Args(communication='pipe', port=None, input_pipe='pipes/s2p-1797255113158323', output_pipe='pipes/p2s-1797255113158323', algorithm='dqn', _device='gpu', epsilon=0.0644, _clipping='10.0000', batch_size=117, _ddqn='false', lr=0.0167):
2025-06-02 08:50:27,052 - INFO - Number of available CUDA devices: 1
2025-06-02 08:50:27,053 - INFO - Starting runner
2025-06-02 08:50:28,998 - INFO - Binding arguments
2025-06-02 08:50:29,000 - INFO - Starting the runner with arguments Args(communication='pipe', port=None, input_pipe='pipes/s2p-1797258002149562', output_pipe='pipes/p2s-1797258002149562', algorithm='dqn', _device='gpu', epsilon=0.0644, _clipping='10.0000', batch_size=117, _ddqn='false', lr=0.0167):
2025-06-02 08:50:29,024 - INFO - Number of available CUDA devices: 1
2025-06-02 08:50:29,025 - INFO - Starting runner
2025-06-02 08:50:29,028 - ERROR - An error occurred: [Errno 32] Broken pipe
2025-06-02 08:50:29,029 - INFO - End of the program
2025-06-02 08:50:32,228 - INFO - Binding arguments
2025-06-02 08:50:32,230 - INFO - Starting the runner with arguments Args(communication='pipe', port=None, input_pipe='pipes/s2p-1797261244677467', output_pipe='pipes/p2s-1797261244677467', algorithm='dqn', _device='gpu', epsilon=0.0644, _clipping='10.0000', batch_size=117, _ddqn='false', lr=0.0167):
2025-06-02 08:50:32,254 - INFO - Number of available CUDA devices: 1
2025-06-02 08:50:32,255 - INFO - Starting runner
2025-06-02 08:50:32,560 - INFO - Binding arguments
2025-06-02 08:50:32,562 - INFO - Starting the runner with arguments Args(communication='pipe', port=None, input_pipe='pipes/s2p-1797261652593539', output_pipe='pipes/p2s-1797261652593539', algorithm='dqn', _device='gpu', epsilon=0.0644, _clipping='10.0000', batch_size=117, _ddqn='false', lr=0.0167):
2025-06-02 08:50:32,588 - INFO - Number of available CUDA devices: 1
2025-06-02 08:50:32,588 - INFO - Starting runner
2025-06-02 08:50:36,050 - INFO - Binding arguments
2025-06-02 08:50:36,053 - INFO - Starting the runner with arguments Args(communication='pipe', port=None, input_pipe='pipes/s2p-1797264963016870', output_pipe='pipes/p2s-1797264963016870', algorithm='dqn', _device='gpu', epsilon=0.0644, _clipping='10.0000', batch_size=117, _ddqn='false', lr=0.0167):
2025-06-02 08:50:36,078 - INFO - Number of available CUDA devices: 1
2025-06-02 08:50:36,079 - INFO - Starting runner
2025-06-02 08:50:37,867 - ERROR - Connection with remote closed
2025-06-02 08:50:37,868 - INFO - End of the program
2025-06-02 08:50:38,049 - INFO - Binding arguments
2025-06-02 08:50:38,051 - INFO - Starting the runner with arguments Args(communication='pipe', port=None, input_pipe='pipes/s2p-1797266601443189', output_pipe='pipes/p2s-1797266601443189', algorithm='dqn', _device='gpu', epsilon=0.0644, _clipping='10.0000', batch_size=117, _ddqn='false', lr=0.0167):
2025-06-02 08:50:38,063 - INFO - Number of available CUDA devices: 1
2025-06-02 08:50:38,064 - INFO - Starting runner
2025-06-02 08:50:39,473 - INFO - Binding arguments
2025-06-02 08:50:39,475 - INFO - Starting the runner with arguments Args(communication='pipe', port=None, input_pipe='pipes/s2p-1797268996437602', output_pipe='pipes/p2s-1797268996437602', algorithm='dqn', _device='gpu', epsilon=0.0644, _clipping='10.0000', batch_size=117, _ddqn='false', lr=0.0167):
2025-06-02 08:50:40,874 - INFO - Number of available CUDA devices: 1
2025-06-02 08:50:40,875 - INFO - Starting runner
2025-06-02 08:50:42,487 - INFO - Binding arguments
2025-06-02 08:50:42,489 - INFO - Starting the runner with arguments Args(communication='pipe', port=None, input_pipe='pipes/s2p-1797271286826831', output_pipe='pipes/p2s-1797271286826831', algorithm='dqn', _device='gpu', epsilon=0.0644, _clipping='10.0000', batch_size=117, _ddqn='false', lr=0.0167):
2025-06-02 08:50:42,500 - INFO - Number of available CUDA devices: 1
2025-06-02 08:50:42,501 - INFO - Starting runner
2025-06-02 08:50:44,380 - INFO - Binding arguments
2025-06-02 08:50:44,382 - INFO - Starting the runner with arguments Args(communication='pipe', port=None, input_pipe='pipes/s2p-1797273415925440', output_pipe='pipes/p2s-1797273415925440', algorithm='dqn', _device='gpu', epsilon=0.0644, _clipping='10.0000', batch_size=117, _ddqn='false', lr=0.0167):
2025-06-02 08:50:44,405 - INFO - Number of available CUDA devices: 1
2025-06-02 08:50:44,406 - INFO - Starting runner
2025-06-02 08:50:45,091 - INFO - Binding arguments
2025-06-02 08:50:45,093 - INFO - Starting the runner with arguments Args(communication='pipe', port=None, input_pipe='pipes/s2p-1797275216530891', output_pipe='pipes/p2s-1797275216530891', algorithm='dqn', _device='gpu', epsilon=0.0644, _clipping='10.0000', batch_size=117, _ddqn='false', lr=0.0167):
2025-06-02 08:50:46,361 - INFO - Number of available CUDA devices: 1
2025-06-02 08:50:46,362 - INFO - Starting runner
2025-06-02 08:50:47,605 - INFO - Binding arguments
2025-06-02 08:50:47,607 - INFO - Starting the runner with arguments Args(communication='pipe', port=None, input_pipe='pipes/s2p-1797277252093194', output_pipe='pipes/p2s-1797277252093194', algorithm='dqn', _device='gpu', epsilon=0.0644, _clipping='10.0000', batch_size=117, _ddqn='false', lr=0.0167):
2025-06-02 08:50:48,698 - INFO - Number of available CUDA devices: 1
2025-06-02 08:50:48,699 - INFO - Starting runner
2025-06-02 08:50:49,594 - INFO - Binding arguments
2025-06-02 08:50:49,596 - INFO - Starting the runner with arguments Args(communication='pipe', port=None, input_pipe='pipes/s2p-1797279496963698', output_pipe='pipes/p2s-1797279496963698', algorithm='dqn', _device='gpu', epsilon=0.0644, _clipping='10.0000', batch_size=117, _ddqn='false', lr=0.0167):
2025-06-02 08:50:50,454 - INFO - Number of available CUDA devices: 1
2025-06-02 08:50:50,455 - INFO - Starting runner
2025-06-02 08:50:52,627 - INFO - Binding arguments
2025-06-02 08:50:52,629 - INFO - Starting the runner with arguments Args(communication='pipe', port=None, input_pipe='pipes/s2p-1797281682238861', output_pipe='pipes/p2s-1797281682238861', algorithm='dqn', _device='gpu', epsilon=0.0644, _clipping='10.0000', batch_size=117, _ddqn='false', lr=0.0167):
2025-06-02 08:50:52,654 - INFO - Number of available CUDA devices: 1
2025-06-02 08:50:52,655 - INFO - Starting runner
2025-06-02 08:50:53,632 - INFO - Binding arguments
2025-06-02 08:50:53,634 - INFO - Starting the runner with arguments Args(communication='pipe', port=None, input_pipe='pipes/s2p-1797283527901344', output_pipe='pipes/p2s-1797283527901344', algorithm='dqn', _device='gpu', epsilon=0.0644, _clipping='10.0000', batch_size=117, _ddqn='false', lr=0.0167):
2025-06-02 08:50:54,807 - INFO - Number of available CUDA devices: 1
2025-06-02 08:50:54,808 - INFO - Starting runner
2025-06-02 08:50:55,966 - INFO - Binding arguments
2025-06-02 08:50:55,968 - INFO - Starting the runner with arguments Args(communication='pipe', port=None, input_pipe='pipes/s2p-1797285710309384', output_pipe='pipes/p2s-1797285710309384', algorithm='dqn', _device='gpu', epsilon=0.0644, _clipping='10.0000', batch_size=117, _ddqn='false', lr=0.0167):
2025-06-02 08:50:57,209 - INFO - Number of available CUDA devices: 1
2025-06-02 08:50:57,209 - INFO - Starting runner
2025-06-02 08:51:00,161 - INFO - Binding arguments
2025-06-02 08:51:00,164 - INFO - Starting the runner with arguments Args(communication='pipe', port=None, input_pipe='pipes/s2p-1797289884291655', output_pipe='pipes/p2s-1797289884291655', algorithm='dqn', _device='gpu', epsilon=0.0644, _clipping='10.0000', batch_size=117, _ddqn='false', lr=0.0167):
2025-06-02 08:51:00,503 - INFO - Number of available CUDA devices: 1
2025-06-02 08:51:00,504 - INFO - Starting runner
2025-06-02 08:51:00,588 - INFO - Binding arguments
2025-06-02 08:51:00,590 - INFO - Starting the runner with arguments Args(communication='pipe', port=None, input_pipe='pipes/s2p-1797289890856707', output_pipe='pipes/p2s-1797289890856707', algorithm='dqn', _device='gpu', epsilon=0.0644, _clipping='10.0000', batch_size=117, _ddqn='false', lr=0.0167):
2025-06-02 08:51:00,601 - INFO - Number of available CUDA devices: 1
2025-06-02 08:51:00,602 - INFO - Starting runner
2025-06-02 08:51:02,195 - INFO - Binding arguments
2025-06-02 08:51:02,197 - INFO - Starting the runner with arguments Args(communication='pipe', port=None, input_pipe='pipes/s2p-1797291763177942', output_pipe='pipes/p2s-1797291763177942', algorithm='dqn', _device='gpu', epsilon=0.0644, _clipping='10.0000', batch_size=117, _ddqn='false', lr=0.0167):
2025-06-02 08:51:02,376 - INFO - Number of available CUDA devices: 1
2025-06-02 08:51:02,377 - INFO - Starting runner
2025-06-02 08:51:05,316 - INFO - Binding arguments
2025-06-02 08:51:05,318 - INFO - Starting the runner with arguments Args(communication='pipe', port=None, input_pipe='pipes/s2p-1797294318855737', output_pipe='pipes/p2s-1797294318855737', algorithm='dqn', _device='gpu', epsilon=0.0644, _clipping='10.0000', batch_size=117, _ddqn='false', lr=0.0167):
2025-06-02 08:51:05,348 - INFO - Number of available CUDA devices: 1
2025-06-02 08:51:05,350 - INFO - Starting runner
2025-06-02 08:51:07,729 - INFO - Binding arguments
2025-06-02 08:51:07,731 - INFO - Starting the runner with arguments Args(communication='pipe', port=None, input_pipe='pipes/s2p-1797296696710966', output_pipe='pipes/p2s-1797296696710966', algorithm='dqn', _device='gpu', epsilon=0.0644, _clipping='10.0000', batch_size=117, _ddqn='false', lr=0.0167):
2025-06-02 08:51:07,753 - INFO - Number of available CUDA devices: 1
2025-06-02 08:51:07,754 - INFO - Starting runner
2025-06-02 08:51:09,881 - INFO - Binding arguments
2025-06-02 08:51:09,890 - INFO - Starting the runner with arguments Args(communication='pipe', port=None, input_pipe='pipes/s2p-1797298730150869', output_pipe='pipes/p2s-1797298730150869', algorithm='dqn', _device='gpu', epsilon=0.0644, _clipping='10.0000', batch_size=117, _ddqn='false', lr=0.0167):
2025-06-02 08:51:09,913 - INFO - Number of available CUDA devices: 1
2025-06-02 08:51:09,915 - INFO - Starting runner
2025-06-02 08:51:12,481 - INFO - Binding arguments
2025-06-02 08:51:12,483 - INFO - Starting the runner with arguments Args(communication='pipe', port=None, input_pipe='pipes/s2p-1797302172859148', output_pipe='pipes/p2s-1797302172859148', algorithm='dqn', _device='gpu', epsilon=0.0644, _clipping='10.0000', batch_size=117, _ddqn='false', lr=0.0167):
2025-06-02 08:51:12,842 - INFO - Number of available CUDA devices: 1
2025-06-02 08:51:12,843 - INFO - Starting runner
2025-06-02 08:51:13,089 - INFO - Binding arguments
2025-06-02 08:51:13,091 - INFO - Starting the runner with arguments Args(communication='pipe', port=None, input_pipe='pipes/s2p-1797302854867737', output_pipe='pipes/p2s-1797302854867737', algorithm='dqn', _device='gpu', epsilon=0.0644, _clipping='10.0000', batch_size=117, _ddqn='false', lr=0.0167):
2025-06-02 08:51:14,140 - INFO - Number of available CUDA devices: 1
2025-06-02 08:51:14,141 - INFO - Starting runner
2025-06-02 08:51:14,517 - INFO - Binding arguments
2025-06-02 08:51:14,519 - INFO - Starting the runner with arguments Args(communication='pipe', port=None, input_pipe='pipes/s2p-1797304453589016', output_pipe='pipes/p2s-1797304453589016', algorithm='dqn', _device='gpu', epsilon=0.0644, _clipping='10.0000', batch_size=117, _ddqn='false', lr=0.0167):
2025-06-02 08:51:15,085 - INFO - Number of available CUDA devices: 1
2025-06-02 08:51:15,087 - INFO - Starting runner
2025-06-02 08:51:16,970 - INFO - Binding arguments
2025-06-02 08:51:16,972 - INFO - Starting the runner with arguments Args(communication='pipe', port=None, input_pipe='pipes/s2p-1797306887327180', output_pipe='pipes/p2s-1797306887327180', algorithm='dqn', _device='gpu', epsilon=0.0644, _clipping='10.0000', batch_size=117, _ddqn='false', lr=0.0167):
2025-06-02 08:51:18,217 - INFO - Number of available CUDA devices: 1
2025-06-02 08:51:18,218 - INFO - Starting runner
2025-06-02 08:51:20,776 - INFO - Binding arguments
2025-06-02 08:51:20,778 - INFO - Starting the runner with arguments Args(communication='pipe', port=None, input_pipe='pipes/s2p-1797309358416279', output_pipe='pipes/p2s-1797309358416279', algorithm='dqn', _device='gpu', epsilon=0.0644, _clipping='10.0000', batch_size=117, _ddqn='false', lr=0.0167):
2025-06-02 08:51:20,801 - INFO - Number of available CUDA devices: 1
2025-06-02 08:51:20,803 - INFO - Starting runner
2025-06-02 08:51:22,879 - INFO - Binding arguments
2025-06-02 08:51:22,881 - INFO - Starting the runner with arguments Args(communication='pipe', port=None, input_pipe='pipes/s2p-1797311407951593', output_pipe='pipes/p2s-1797311407951593', algorithm='dqn', _device='gpu', epsilon=0.0644, _clipping='10.0000', batch_size=117, _ddqn='false', lr=0.0167):
2025-06-02 08:51:22,905 - INFO - Number of available CUDA devices: 1
2025-06-02 08:51:22,908 - INFO - Starting runner
2025-06-02 08:51:24,231 - ERROR - Connection with remote closed
2025-06-02 08:51:24,233 - INFO - End of the program
2025-06-02 08:51:24,624 - INFO - Binding arguments
2025-06-02 08:51:24,626 - INFO - Starting the runner with arguments Args(communication='pipe', port=None, input_pipe='pipes/s2p-1797313307985852', output_pipe='pipes/p2s-1797313307985852', algorithm='dqn', _device='gpu', epsilon=0.0644, _clipping='10.0000', batch_size=117, _ddqn='false', lr=0.0167):
2025-06-02 08:51:24,649 - INFO - Number of available CUDA devices: 1
2025-06-02 08:51:24,651 - INFO - Starting runner
2025-06-02 08:51:26,493 - ERROR - An error occurred: [Errno 32] Broken pipe
2025-06-02 08:51:26,496 - INFO - End of the program
2025-06-02 08:51:26,927 - INFO - Binding arguments
2025-06-02 08:51:26,929 - INFO - Starting the runner with arguments Args(communication='pipe', port=None, input_pipe='pipes/s2p-1797315612907068', output_pipe='pipes/p2s-1797315612907068', algorithm='dqn', _device='gpu', epsilon=0.0644, _clipping='10.0000', batch_size=117, _ddqn='false', lr=0.0167):
2025-06-02 08:51:26,954 - INFO - Number of available CUDA devices: 1
2025-06-02 08:51:26,976 - INFO - Starting runner
2025-06-02 08:51:28,035 - INFO - Binding arguments
2025-06-02 08:51:28,037 - INFO - Starting the runner with arguments Args(communication='pipe', port=None, input_pipe='pipes/s2p-1797318790428147', output_pipe='pipes/p2s-1797318790428147', algorithm='dqn', _device='gpu', epsilon=0.0644, _clipping='10.0000', batch_size=117, _ddqn='false', lr=0.0167):
2025-06-02 08:51:29,416 - INFO - Number of available CUDA devices: 1
2025-06-02 08:51:29,416 - INFO - Starting runner
2025-06-02 08:51:30,182 - INFO - Binding arguments
2025-06-02 08:51:30,184 - INFO - Starting the runner with arguments Args(communication='pipe', port=None, input_pipe='pipes/s2p-1797320889205462', output_pipe='pipes/p2s-1797320889205462', algorithm='dqn', _device='gpu', epsilon=0.0644, _clipping='10.0000', batch_size=117, _ddqn='false', lr=0.0167):
2025-06-02 08:51:31,815 - INFO - Number of available CUDA devices: 1
2025-06-02 08:51:31,819 - INFO - Starting runner
2025-06-02 08:51:32,604 - INFO - Binding arguments
2025-06-02 08:51:32,606 - INFO - Starting the runner with arguments Args(communication='pipe', port=None, input_pipe='pipes/s2p-1797322156558704', output_pipe='pipes/p2s-1797322156558704', algorithm='dqn', _device='gpu', epsilon=0.0644, _clipping='10.0000', batch_size=117, _ddqn='false', lr=0.0167):
2025-06-02 08:51:32,831 - INFO - Number of available CUDA devices: 1
2025-06-02 08:51:32,831 - INFO - Starting runner
2025-06-02 08:51:32,907 - INFO - Binding arguments
2025-06-02 08:51:32,909 - INFO - Starting the runner with arguments Args(communication='pipe', port=None, input_pipe='pipes/s2p-1797322304158451', output_pipe='pipes/p2s-1797322304158451', algorithm='dqn', _device='gpu', epsilon=0.0644, _clipping='10.0000', batch_size=117, _ddqn='false', lr=0.0167):
2025-06-02 08:51:32,955 - INFO - Number of available CUDA devices: 1
2025-06-02 08:51:32,956 - INFO - Starting runner
2025-06-02 08:51:36,207 - INFO - Binding arguments
2025-06-02 08:51:36,210 - INFO - Starting the runner with arguments Args(communication='pipe', port=None, input_pipe='pipes/s2p-1797324945379620', output_pipe='pipes/p2s-1797324945379620', algorithm='dqn', _device='gpu', epsilon=0.0644, _clipping='10.0000', batch_size=117, _ddqn='false', lr=0.0167):
2025-06-02 08:51:36,235 - INFO - Number of available CUDA devices: 1
2025-06-02 08:51:36,235 - INFO - Starting runner
2025-06-02 08:51:38,708 - INFO - Binding arguments
2025-06-02 08:51:38,710 - INFO - Starting the runner with arguments Args(communication='pipe', port=None, input_pipe='pipes/s2p-1797327495353109', output_pipe='pipes/p2s-1797327495353109', algorithm='dqn', _device='gpu', epsilon=0.0644, _clipping='10.0000', batch_size=117, _ddqn='false', lr=0.0167):
2025-06-02 08:51:38,735 - INFO - Number of available CUDA devices: 1
2025-06-02 08:51:38,738 - INFO - Starting runner
2025-06-02 08:51:42,897 - INFO - Binding arguments
2025-06-02 08:51:42,899 - INFO - Starting the runner with arguments Args(communication='pipe', port=None, input_pipe='pipes/s2p-1797331090773012', output_pipe='pipes/p2s-1797331090773012', algorithm='dqn', _device='gpu', epsilon=0.0644, _clipping='10.0000', batch_size=117, _ddqn='false', lr=0.0167):
2025-06-02 08:51:42,910 - INFO - Number of available CUDA devices: 1
2025-06-02 08:51:42,911 - INFO - Starting runner
2025-06-02 08:51:45,058 - INFO - Binding arguments
2025-06-02 08:51:45,060 - INFO - Starting the runner with arguments Args(communication='pipe', port=None, input_pipe='pipes/s2p-1797334742836529', output_pipe='pipes/p2s-1797334742836529', algorithm='dqn', _device='gpu', epsilon=0.0644, _clipping='10.0000', batch_size=117, _ddqn='false', lr=0.0167):
2025-06-02 08:51:45,366 - INFO - Number of available CUDA devices: 1
2025-06-02 08:51:45,367 - INFO - Starting runner
2025-06-02 08:51:45,599 - INFO - Binding arguments
2025-06-02 08:51:45,601 - INFO - Starting the runner with arguments Args(communication='pipe', port=None, input_pipe='pipes/s2p-1797336336931118', output_pipe='pipes/p2s-1797336336931118', algorithm='dqn', _device='gpu', epsilon=0.0644, _clipping='10.0000', batch_size=117, _ddqn='false', lr=0.0167):
2025-06-02 08:51:46,967 - INFO - Number of available CUDA devices: 1
2025-06-02 08:51:46,968 - INFO - Starting runner
2025-06-02 08:51:47,621 - INFO - Binding arguments
2025-06-02 08:51:47,623 - INFO - Starting the runner with arguments Args(communication='pipe', port=None, input_pipe='pipes/s2p-1797337451305285', output_pipe='pipes/p2s-1797337451305285', algorithm='dqn', _device='gpu', epsilon=0.0644, _clipping='10.0000', batch_size=117, _ddqn='false', lr=0.0167):
2025-06-02 08:51:48,987 - INFO - Number of available CUDA devices: 1
2025-06-02 08:51:48,988 - INFO - Starting runner
2025-06-02 08:51:49,974 - INFO - Binding arguments
2025-06-02 08:51:49,977 - INFO - Starting the runner with arguments Args(communication='pipe', port=None, input_pipe='pipes/s2p-1797339762757295', output_pipe='pipes/p2s-1797339762757295', algorithm='dqn', _device='gpu', epsilon=0.0644, _clipping='10.0000', batch_size=117, _ddqn='false', lr=0.0167):
2025-06-02 08:51:51,038 - INFO - Number of available CUDA devices: 1
2025-06-02 08:51:51,039 - INFO - Starting runner
2025-06-02 08:51:51,238 - INFO - Binding arguments
2025-06-02 08:51:51,240 - INFO - Starting the runner with arguments Args(communication='pipe', port=None, input_pipe='pipes/s2p-1797341094551925', output_pipe='pipes/p2s-1797341094551925', algorithm='dqn', _device='gpu', epsilon=0.0644, _clipping='10.0000', batch_size=117, _ddqn='false', lr=0.0167):
2025-06-02 08:51:51,716 - INFO - Number of available CUDA devices: 1
2025-06-02 08:51:51,716 - INFO - Starting runner
2025-06-02 08:51:54,076 - INFO - Binding arguments
2025-06-02 08:51:54,078 - INFO - Starting the runner with arguments Args(communication='pipe', port=None, input_pipe='pipes/s2p-1797343563573687', output_pipe='pipes/p2s-1797343563573687', algorithm='dqn', _device='gpu', epsilon=0.0644, _clipping='10.0000', batch_size=117, _ddqn='false', lr=0.0167):
2025-06-02 08:51:54,185 - INFO - Number of available CUDA devices: 1
2025-06-02 08:51:54,187 - INFO - Starting runner
2025-06-02 08:51:55,289 - ERROR - An error occurred: [Errno 32] Broken pipe
2025-06-02 08:51:55,291 - INFO - End of the program
2025-06-02 08:51:56,419 - INFO - Binding arguments
2025-06-02 08:51:56,421 - INFO - Starting the runner with arguments Args(communication='pipe', port=None, input_pipe='pipes/s2p-1797345944194413', output_pipe='pipes/p2s-1797345944194413', algorithm='dqn', _device='gpu', epsilon=0.0644, _clipping='10.0000', batch_size=117, _ddqn='false', lr=0.0167):
2025-06-02 08:51:57,324 - INFO - Number of available CUDA devices: 1
2025-06-02 08:51:57,326 - INFO - Starting runner
2025-06-02 08:51:57,328 - ERROR - Connection with remote closed
2025-06-02 08:51:57,331 - INFO - End of the program
2025-06-02 08:51:58,668 - INFO - Binding arguments
2025-06-02 08:51:58,670 - INFO - Starting the runner with arguments Args(communication='pipe', port=None, input_pipe='pipes/s2p-1797348464479802', output_pipe='pipes/p2s-1797348464479802', algorithm='dqn', _device='gpu', epsilon=0.0644, _clipping='10.0000', batch_size=117, _ddqn='false', lr=0.0167):
2025-06-02 08:51:59,963 - INFO - Number of available CUDA devices: 1
2025-06-02 08:51:59,965 - INFO - Starting runner
2025-06-02 08:52:00,744 - INFO - Binding arguments
2025-06-02 08:52:00,746 - INFO - Starting the runner with arguments Args(communication='pipe', port=None, input_pipe='pipes/s2p-1797350658515953', output_pipe='pipes/p2s-1797350658515953', algorithm='dqn', _device='gpu', epsilon=0.0644, _clipping='10.0000', batch_size=117, _ddqn='false', lr=0.0167):
2025-06-02 08:52:01,885 - INFO - Number of available CUDA devices: 1
2025-06-02 08:52:01,886 - INFO - Starting runner
2025-06-02 08:52:03,999 - INFO - Binding arguments
2025-06-02 08:52:04,001 - INFO - Starting the runner with arguments Args(communication='pipe', port=None, input_pipe='pipes/s2p-1797352633185978', output_pipe='pipes/p2s-1797352633185978', algorithm='dqn', _device='gpu', epsilon=0.0644, _clipping='10.0000', batch_size=117, _ddqn='false', lr=0.0167):
2025-06-02 08:52:04,012 - INFO - Number of available CUDA devices: 1
2025-06-02 08:52:04,013 - INFO - Starting runner
2025-06-02 08:52:04,544 - INFO - Binding arguments
2025-06-02 08:52:04,546 - INFO - Starting the runner with arguments Args(communication='pipe', port=None, input_pipe='pipes/s2p-1797354419886347', output_pipe='pipes/p2s-1797354419886347', algorithm='dqn', _device='gpu', epsilon=0.0644, _clipping='10.0000', batch_size=117, _ddqn='false', lr=0.0167):
2025-06-02 08:52:06,397 - INFO - Number of available CUDA devices: 1
2025-06-02 08:52:06,397 - INFO - Starting runner
2025-06-02 08:52:07,601 - INFO - Binding arguments
2025-06-02 08:52:07,603 - INFO - Starting the runner with arguments Args(communication='pipe', port=None, input_pipe='pipes/s2p-1797356798192873', output_pipe='pipes/p2s-1797356798192873', algorithm='dqn', _device='gpu', epsilon=0.0644, _clipping='10.0000', batch_size=117, _ddqn='false', lr=0.0167):
2025-06-02 08:52:07,628 - INFO - Number of available CUDA devices: 1
2025-06-02 08:52:07,628 - INFO - Starting runner
2025-06-02 08:52:09,647 - INFO - Binding arguments
2025-06-02 08:52:09,649 - INFO - Starting the runner with arguments Args(communication='pipe', port=None, input_pipe='pipes/s2p-1797359178403020', output_pipe='pipes/p2s-1797359178403020', algorithm='dqn', _device='gpu', epsilon=0.0644, _clipping='10.0000', batch_size=117, _ddqn='false', lr=0.0167):
2025-06-02 08:52:09,793 - INFO - Number of available CUDA devices: 1
2025-06-02 08:52:09,794 - INFO - Starting runner
2025-06-02 08:52:11,762 - INFO - Binding arguments
2025-06-02 08:52:11,764 - INFO - Starting the runner with arguments Args(communication='pipe', port=None, input_pipe='pipes/s2p-1797361845387133', output_pipe='pipes/p2s-1797361845387133', algorithm='dqn', _device='gpu', epsilon=0.0644, _clipping='10.0000', batch_size=117, _ddqn='false', lr=0.0167):
2025-06-02 08:52:12,483 - INFO - Number of available CUDA devices: 1
2025-06-02 08:52:12,484 - INFO - Starting runner
2025-06-02 08:52:13,594 - INFO - Binding arguments
2025-06-02 08:52:13,596 - INFO - Starting the runner with arguments Args(communication='pipe', port=None, input_pipe='pipes/s2p-1797363558049147', output_pipe='pipes/p2s-1797363558049147', algorithm='dqn', _device='gpu', epsilon=0.0644, _clipping='10.0000', batch_size=117, _ddqn='false', lr=0.0167):
2025-06-02 08:52:14,180 - INFO - Number of available CUDA devices: 1
2025-06-02 08:52:14,181 - INFO - Starting runner
2025-06-02 08:52:16,121 - INFO - Binding arguments
2025-06-02 08:52:16,123 - INFO - Starting the runner with arguments Args(communication='pipe', port=None, input_pipe='pipes/s2p-1797365773227381', output_pipe='pipes/p2s-1797365773227381', algorithm='dqn', _device='gpu', epsilon=0.0644, _clipping='10.0000', batch_size=117, _ddqn='false', lr=0.0167):
2025-06-02 08:52:16,381 - INFO - Number of available CUDA devices: 1
2025-06-02 08:52:16,383 - INFO - Starting runner
2025-06-02 08:52:19,749 - INFO - Binding arguments
2025-06-02 08:52:19,752 - INFO - Starting the runner with arguments Args(communication='pipe', port=None, input_pipe='pipes/s2p-1797368157050708', output_pipe='pipes/p2s-1797368157050708', algorithm='dqn', _device='gpu', epsilon=0.0644, _clipping='10.0000', batch_size=117, _ddqn='false', lr=0.0167):
2025-06-02 08:52:19,775 - INFO - Number of available CUDA devices: 1
2025-06-02 08:52:19,776 - INFO - Starting runner
2025-06-02 08:52:21,922 - INFO - Binding arguments
2025-06-02 08:52:21,924 - INFO - Starting the runner with arguments Args(communication='pipe', port=None, input_pipe='pipes/s2p-1797370670105781', output_pipe='pipes/p2s-1797370670105781', algorithm='dqn', _device='gpu', epsilon=0.0644, _clipping='10.0000', batch_size=117, _ddqn='false', lr=0.0167):
2025-06-02 08:52:21,947 - INFO - Number of available CUDA devices: 1
2025-06-02 08:52:21,948 - INFO - Starting runner
2025-06-02 08:52:24,511 - INFO - Binding arguments
2025-06-02 08:52:24,513 - INFO - Starting the runner with arguments Args(communication='pipe', port=None, input_pipe='pipes/s2p-1797374146574803', output_pipe='pipes/p2s-1797374146574803', algorithm='dqn', _device='gpu', epsilon=0.0644, _clipping='10.0000', batch_size=117, _ddqn='false', lr=0.0167):
2025-06-02 08:52:24,782 - INFO - Number of available CUDA devices: 1
2025-06-02 08:52:24,783 - INFO - Starting runner
2025-06-02 08:52:27,127 - INFO - Binding arguments
2025-06-02 08:52:27,130 - INFO - Starting the runner with arguments Args(communication='pipe', port=None, input_pipe='pipes/s2p-1797376774595351', output_pipe='pipes/p2s-1797376774595351', algorithm='dqn', _device='gpu', epsilon=0.0644, _clipping='10.0000', batch_size=117, _ddqn='false', lr=0.0167):
2025-06-02 08:52:27,384 - INFO - Number of available CUDA devices: 1
2025-06-02 08:52:27,385 - INFO - Starting runner
2025-06-02 08:52:27,398 - INFO - Binding arguments
2025-06-02 08:52:27,401 - INFO - Starting the runner with arguments Args(communication='pipe', port=None, input_pipe='pipes/s2p-1797378402251701', output_pipe='pipes/p2s-1797378402251701', algorithm='dqn', _device='gpu', epsilon=0.0644, _clipping='10.0000', batch_size=117, _ddqn='false', lr=0.0167):
2025-06-02 08:52:29,027 - INFO - Number of available CUDA devices: 1
2025-06-02 08:52:29,028 - INFO - Starting runner
2025-06-02 08:52:29,443 - INFO - Binding arguments
2025-06-02 08:52:29,445 - INFO - Starting the runner with arguments Args(communication='pipe', port=None, input_pipe='pipes/s2p-1797379228795695', output_pipe='pipes/p2s-1797379228795695', algorithm='dqn', _device='gpu', epsilon=0.0644, _clipping='10.0000', batch_size=117, _ddqn='false', lr=0.0167):
2025-06-02 08:52:29,867 - INFO - Number of available CUDA devices: 1
2025-06-02 08:52:29,867 - INFO - Starting runner
2025-06-02 08:52:31,179 - INFO - Binding arguments
2025-06-02 08:52:31,181 - INFO - Starting the runner with arguments Args(communication='pipe', port=None, input_pipe='pipes/s2p-1797381057265289', output_pipe='pipes/p2s-1797381057265289', algorithm='dqn', _device='gpu', epsilon=0.0644, _clipping='10.0000', batch_size=117, _ddqn='false', lr=0.0167):
2025-06-02 08:52:31,311 - ERROR - Connection with remote closed
2025-06-02 08:52:31,316 - INFO - End of the program
2025-06-02 08:52:31,687 - INFO - Number of available CUDA devices: 1
2025-06-02 08:52:31,691 - INFO - Starting runner
2025-06-02 08:52:32,306 - ERROR - Connection with remote closed
2025-06-02 08:52:32,314 - INFO - End of the program
2025-06-02 08:52:32,395 - ERROR - Connection with remote closed
2025-06-02 08:52:32,401 - INFO - End of the program
2025-06-02 08:52:32,567 - ERROR - Connection with remote closed
2025-06-02 08:52:32,587 - INFO - End of the program
2025-06-02 08:52:32,900 - ERROR - Connection with remote closed
2025-06-02 08:52:32,903 - INFO - End of the program
2025-06-02 08:52:33,380 - ERROR - Connection with remote closed
2025-06-02 08:52:33,383 - INFO - End of the program
2025-06-02 08:52:33,406 - INFO - Binding arguments
2025-06-02 08:52:33,410 - INFO - Starting the runner with arguments Args(communication='pipe', port=None, input_pipe='pipes/s2p-1797382453503204', output_pipe='pipes/p2s-1797382453503204', algorithm='dqn', _device='gpu', epsilon=0.0644, _clipping='10.0000', batch_size=117, _ddqn='false', lr=0.0167):
2025-06-02 08:52:34,813 - INFO - Number of available CUDA devices: 1
2025-06-02 08:52:34,830 - INFO - Starting runner
2025-06-02 08:52:35,053 - ERROR - Connection with remote closed
2025-06-02 08:52:35,061 - INFO - End of the program
2025-06-02 08:52:35,985 - INFO - Binding arguments
2025-06-02 08:52:35,989 - INFO - Starting the runner with arguments Args(communication='pipe', port=None, input_pipe='pipes/s2p-1797385707664388', output_pipe='pipes/p2s-1797385707664388', algorithm='dqn', _device='gpu', epsilon=0.0644, _clipping='10.0000', batch_size=117, _ddqn='false', lr=0.0167):
2025-06-02 08:52:36,893 - INFO - Number of available CUDA devices: 1
2025-06-02 08:52:36,897 - INFO - Starting runner
2025-06-02 08:52:37,225 - ERROR - Connection with remote closed
2025-06-02 08:52:37,255 - INFO - End of the program
2025-06-02 08:52:38,425 - ERROR - Connection with remote closed
2025-06-02 08:52:38,430 - INFO - End of the program
2025-06-02 08:52:38,687 - ERROR - Connection with remote closed
2025-06-02 08:52:38,693 - INFO - End of the program
2025-06-02 08:52:39,577 - INFO - Binding arguments
2025-06-02 08:52:39,579 - INFO - Starting the runner with arguments Args(communication='pipe', port=None, input_pipe='pipes/s2p-1797388140499299', output_pipe='pipes/p2s-1797388140499299', algorithm='dqn', _device='gpu', epsilon=0.0644, _clipping='10.0000', batch_size=117, _ddqn='false', lr=0.0167):
2025-06-02 08:52:39,602 - INFO - Number of available CUDA devices: 1
2025-06-02 08:52:39,603 - INFO - Starting runner
2025-06-02 08:52:40,560 - INFO - Binding arguments
2025-06-02 08:52:40,564 - INFO - Starting the runner with arguments Args(communication='pipe', port=None, input_pipe='pipes/s2p-1797539119645748', output_pipe='pipes/p2s-1797539119645748', algorithm='dqn', _device='gpu', epsilon=0.0644, _clipping='10.0000', batch_size=117, _ddqn='false', lr=0.0167):
2025-06-02 08:52:41,323 - INFO - Binding arguments
2025-06-02 08:52:41,326 - INFO - Starting the runner with arguments Args(communication='pipe', port=None, input_pipe='pipes/s2p-1797539964471660', output_pipe='pipes/p2s-1797539964471660', algorithm='dqn', _device='gpu', epsilon=0.0644, _clipping='10.0000', batch_size=117, _ddqn='false', lr=0.0167):
2025-06-02 08:52:41,387 - ERROR - Connection with remote closed
2025-06-02 08:52:41,394 - INFO - End of the program
2025-06-02 08:52:41,399 - INFO - Binding arguments
2025-06-02 08:52:41,404 - INFO - Starting the runner with arguments Args(communication='pipe', port=None, input_pipe='pipes/s2p-1797540093903542', output_pipe='pipes/p2s-1797540093903542', algorithm='dqn', _device='gpu', epsilon=0.0644, _clipping='10.0000', batch_size=117, _ddqn='false', lr=0.0167):
2025-06-02 08:52:41,470 - INFO - Binding arguments
2025-06-02 08:52:41,472 - INFO - Starting the runner with arguments Args(communication='pipe', port=None, input_pipe='pipes/s2p-1797540165606318', output_pipe='pipes/p2s-1797540165606318', algorithm='dqn', _device='gpu', epsilon=0.0644, _clipping='10.0000', batch_size=117, _ddqn='false', lr=0.0167):
2025-06-02 08:52:41,554 - INFO - Binding arguments
2025-06-02 08:52:41,556 - INFO - Starting the runner with arguments Args(communication='pipe', port=None, input_pipe='pipes/s2p-1797540172421452', output_pipe='pipes/p2s-1797540172421452', algorithm='dqn', _device='gpu', epsilon=0.0644, _clipping='10.0000', batch_size=117, _ddqn='false', lr=0.0167):
2025-06-02 08:52:41,589 - INFO - Binding arguments
2025-06-02 08:52:41,592 - INFO - Starting the runner with arguments Args(communication='pipe', port=None, input_pipe='pipes/s2p-1797390446670820', output_pipe='pipes/p2s-1797390446670820', algorithm='dqn', _device='gpu', epsilon=0.0644, _clipping='10.0000', batch_size=117, _ddqn='false', lr=0.0167):
2025-06-02 08:52:41,615 - INFO - Number of available CUDA devices: 1
2025-06-02 08:52:41,616 - INFO - Starting runner
2025-06-02 08:52:41,704 - INFO - Binding arguments
2025-06-02 08:52:41,708 - INFO - Starting the runner with arguments Args(communication='pipe', port=None, input_pipe='pipes/s2p-1797540418898220', output_pipe='pipes/p2s-1797540418898220', algorithm='dqn', _device='gpu', epsilon=0.0644, _clipping='10.0000', batch_size=117, _ddqn='false', lr=0.0167):
2025-06-02 08:52:42,230 - INFO - Binding arguments
2025-06-02 08:52:42,233 - INFO - Starting the runner with arguments Args(communication='pipe', port=None, input_pipe='pipes/s2p-1797391988393631', output_pipe='pipes/p2s-1797391988393631', algorithm='dqn', _device='gpu', epsilon=0.0644, _clipping='10.0000', batch_size=117, _ddqn='false', lr=0.0167):
2025-06-02 08:52:42,629 - INFO - Number of available CUDA devices: 1
2025-06-02 08:52:42,630 - INFO - Starting runner
2025-06-02 08:52:42,675 - INFO - Binding arguments
2025-06-02 08:52:42,680 - INFO - Starting the runner with arguments Args(communication='pipe', port=None, input_pipe='pipes/s2p-1797541523666009', output_pipe='pipes/p2s-1797541523666009', algorithm='dqn', _device='gpu', epsilon=0.0644, _clipping='10.0000', batch_size=117, _ddqn='false', lr=0.0167):
2025-06-02 08:52:42,743 - INFO - Number of available CUDA devices: 0
2025-06-02 08:52:42,752 - INFO - Starting runner
2025-06-02 08:52:43,400 - INFO - Binding arguments
2025-06-02 08:52:43,402 - INFO - Starting the runner with arguments Args(communication='pipe', port=None, input_pipe='pipes/s2p-1797542256476486', output_pipe='pipes/p2s-1797542256476486', algorithm='dqn', _device='gpu', epsilon=0.0644, _clipping='10.0000', batch_size=117, _ddqn='false', lr=0.0167):
2025-06-02 08:52:43,509 - INFO - Number of available CUDA devices: 0
2025-06-02 08:52:43,510 - INFO - Starting runner
2025-06-02 08:52:43,638 - INFO - Number of available CUDA devices: 0
2025-06-02 08:52:43,638 - INFO - Starting runner
2025-06-02 08:52:43,710 - INFO - Number of available CUDA devices: 0
2025-06-02 08:52:43,716 - INFO - Starting runner
2025-06-02 08:52:43,717 - INFO - Number of available CUDA devices: 0
2025-06-02 08:52:43,717 - INFO - Starting runner
2025-06-02 08:52:43,962 - INFO - Number of available CUDA devices: 0
2025-06-02 08:52:43,963 - INFO - Starting runner
2025-06-02 08:52:44,510 - INFO - Binding arguments
2025-06-02 08:52:44,513 - INFO - Starting the runner with arguments Args(communication='pipe', port=None, input_pipe='pipes/s2p-1797394185846811', output_pipe='pipes/p2s-1797394185846811', algorithm='dqn', _device='gpu', epsilon=0.0644, _clipping='10.0000', batch_size=117, _ddqn='false', lr=0.0167):
2025-06-02 08:52:44,737 - INFO - Binding arguments
2025-06-02 08:52:44,745 - INFO - Starting the runner with arguments Args(communication='pipe', port=None, input_pipe='pipes/s2p-1797543473662577', output_pipe='pipes/p2s-1797543473662577', algorithm='dqn', _device='gpu', epsilon=0.0644, _clipping='10.0000', batch_size=117, _ddqn='false', lr=0.0167):
2025-06-02 08:52:44,804 - INFO - Number of available CUDA devices: 1
2025-06-02 08:52:44,806 - INFO - Starting runner
2025-06-02 08:52:45,068 - INFO - Number of available CUDA devices: 0
2025-06-02 08:52:45,072 - INFO - Starting runner
2025-06-02 08:52:45,800 - INFO - Number of available CUDA devices: 0
2025-06-02 08:52:45,800 - INFO - Starting runner
2025-06-02 08:52:45,851 - INFO - Binding arguments
2025-06-02 08:52:45,853 - INFO - Starting the runner with arguments Args(communication='pipe', port=None, input_pipe='pipes/s2p-1797543316701516', output_pipe='pipes/p2s-1797543316701516', algorithm='dqn', _device='gpu', epsilon=0.0644, _clipping='10.0000', batch_size=117, _ddqn='false', lr=0.0167):
2025-06-02 08:52:46,868 - INFO - Number of available CUDA devices: 0
2025-06-02 08:52:46,870 - INFO - Starting runner
2025-06-02 08:52:47,018 - INFO - Number of available CUDA devices: 0
2025-06-02 08:52:47,019 - INFO - Starting runner
2025-06-02 08:52:47,571 - INFO - Binding arguments
2025-06-02 08:52:47,574 - INFO - Starting the runner with arguments Args(communication='pipe', port=None, input_pipe='pipes/s2p-1797396345423319', output_pipe='pipes/p2s-1797396345423319', algorithm='dqn', _device='gpu', epsilon=0.0644, _clipping='10.0000', batch_size=117, _ddqn='false', lr=0.0167):
2025-06-02 08:52:47,596 - INFO - Number of available CUDA devices: 1
2025-06-02 08:52:47,599 - INFO - Starting runner
2025-06-02 08:52:50,057 - INFO - Binding arguments
2025-06-02 08:52:50,059 - INFO - Starting the runner with arguments Args(communication='pipe', port=None, input_pipe='pipes/s2p-1797398434164511', output_pipe='pipes/p2s-1797398434164511', algorithm='dqn', _device='gpu', epsilon=0.0644, _clipping='10.0000', batch_size=117, _ddqn='false', lr=0.0167):
2025-06-02 08:52:50,113 - INFO - Number of available CUDA devices: 1
2025-06-02 08:52:50,114 - INFO - Starting runner
2025-06-02 08:52:51,788 - INFO - Binding arguments
2025-06-02 08:52:51,790 - INFO - Starting the runner with arguments Args(communication='pipe', port=None, input_pipe='pipes/s2p-1797400608202863', output_pipe='pipes/p2s-1797400608202863', algorithm='dqn', _device='gpu', epsilon=0.0644, _clipping='10.0000', batch_size=117, _ddqn='false', lr=0.0167):
2025-06-02 08:52:51,871 - INFO - Number of available CUDA devices: 1
2025-06-02 08:52:51,872 - INFO - Starting runner
2025-06-02 08:52:53,679 - ERROR - An error occurred: [Errno 32] Broken pipe
2025-06-02 08:52:53,681 - INFO - End of the program
2025-06-02 08:52:54,821 - INFO - Binding arguments
2025-06-02 08:52:54,823 - INFO - Starting the runner with arguments Args(communication='pipe', port=None, input_pipe='pipes/s2p-1797404451843274', output_pipe='pipes/p2s-1797404451843274', algorithm='dqn', _device='gpu', epsilon=0.0644, _clipping='10.0000', batch_size=117, _ddqn='false', lr=0.0167):
2025-06-02 08:52:55,086 - INFO - Number of available CUDA devices: 1
2025-06-02 08:52:55,087 - INFO - Starting runner
2025-06-02 08:52:55,496 - INFO - Binding arguments
2025-06-02 08:52:55,498 - INFO - Starting the runner with arguments Args(communication='pipe', port=None, input_pipe='pipes/s2p-1797405373627629', output_pipe='pipes/p2s-1797405373627629', algorithm='dqn', _device='gpu', epsilon=0.0644, _clipping='10.0000', batch_size=117, _ddqn='false', lr=0.0167):
2025-06-02 08:52:56,871 - INFO - Number of available CUDA devices: 1
2025-06-02 08:52:56,875 - INFO - Starting runner
2025-06-02 08:52:56,962 - INFO - Binding arguments
2025-06-02 08:52:56,964 - INFO - Starting the runner with arguments Args(communication='pipe', port=None, input_pipe='pipes/s2p-1797406717568854', output_pipe='pipes/p2s-1797406717568854', algorithm='dqn', _device='gpu', epsilon=0.0644, _clipping='10.0000', batch_size=117, _ddqn='false', lr=0.0167):
2025-06-02 08:52:57,342 - INFO - Number of available CUDA devices: 1
2025-06-02 08:52:57,344 - INFO - Starting runner
2025-06-02 08:52:59,461 - INFO - Binding arguments
2025-06-02 08:52:59,463 - INFO - Starting the runner with arguments Args(communication='pipe', port=None, input_pipe='pipes/s2p-1797409369797694', output_pipe='pipes/p2s-1797409369797694', algorithm='dqn', _device='gpu', epsilon=0.0644, _clipping='10.0000', batch_size=117, _ddqn='false', lr=0.0167):
2025-06-02 08:53:00,644 - INFO - Number of available CUDA devices: 1
2025-06-02 08:53:00,645 - INFO - Starting runner
2025-06-02 08:53:01,522 - INFO - Binding arguments
2025-06-02 08:53:01,525 - INFO - Starting the runner with arguments Args(communication='pipe', port=None, input_pipe='pipes/s2p-1797411305648625', output_pipe='pipes/p2s-1797411305648625', algorithm='dqn', _device='gpu', epsilon=0.0644, _clipping='10.0000', batch_size=117, _ddqn='false', lr=0.0167):
2025-06-02 08:53:02,804 - INFO - Number of available CUDA devices: 1
2025-06-02 08:53:02,806 - INFO - Starting runner
2025-06-02 08:53:02,892 - INFO - Binding arguments
2025-06-02 08:53:02,895 - INFO - Starting the runner with arguments Args(communication='pipe', port=None, input_pipe='pipes/s2p-1797411795788355', output_pipe='pipes/p2s-1797411795788355', algorithm='dqn', _device='gpu', epsilon=0.0644, _clipping='10.0000', batch_size=117, _ddqn='false', lr=0.0167):
2025-06-02 08:53:02,918 - INFO - Number of available CUDA devices: 1
2025-06-02 08:53:02,919 - INFO - Starting runner
2025-06-02 08:53:07,573 - INFO - Binding arguments
2025-06-02 08:53:07,575 - INFO - Starting the runner with arguments Args(communication='pipe', port=None, input_pipe='pipes/s2p-1797416124192054', output_pipe='pipes/p2s-1797416124192054', algorithm='dqn', _device='gpu', epsilon=0.0644, _clipping='10.0000', batch_size=117, _ddqn='false', lr=0.0167):
2025-06-02 08:53:07,598 - INFO - Number of available CUDA devices: 1
2025-06-02 08:53:07,598 - INFO - Starting runner
2025-06-02 08:53:08,939 - INFO - Binding arguments
2025-06-02 08:53:08,941 - INFO - Starting the runner with arguments Args(communication='pipe', port=None, input_pipe='pipes/s2p-1797417722798566', output_pipe='pipes/p2s-1797417722798566', algorithm='dqn', _device='gpu', epsilon=0.0644, _clipping='10.0000', batch_size=117, _ddqn='false', lr=0.0167):
2025-06-02 08:53:08,987 - INFO - Number of available CUDA devices: 1
2025-06-02 08:53:08,988 - INFO - Starting runner
2025-06-02 08:53:11,315 - INFO - Binding arguments
2025-06-02 08:53:11,317 - INFO - Starting the runner with arguments Args(communication='pipe', port=None, input_pipe='pipes/s2p-1797421134926889', output_pipe='pipes/p2s-1797421134926889', algorithm='dqn', _device='gpu', epsilon=0.0644, _clipping='10.0000', batch_size=117, _ddqn='false', lr=0.0167):
2025-06-02 08:53:11,756 - INFO - Number of available CUDA devices: 1
2025-06-02 08:53:11,757 - INFO - Starting runner
2025-06-02 08:53:13,657 - INFO - Binding arguments
2025-06-02 08:53:13,659 - INFO - Starting the runner with arguments Args(communication='pipe', port=None, input_pipe='pipes/s2p-1797422374574265', output_pipe='pipes/p2s-1797422374574265', algorithm='dqn', _device='gpu', epsilon=0.0644, _clipping='10.0000', batch_size=117, _ddqn='false', lr=0.0167):
2025-06-02 08:53:13,684 - INFO - Number of available CUDA devices: 1
2025-06-02 08:53:13,691 - INFO - Starting runner
2025-06-02 08:53:15,789 - INFO - Binding arguments
2025-06-02 08:53:15,791 - INFO - Starting the runner with arguments Args(communication='pipe', port=None, input_pipe='pipes/s2p-1797425474799620', output_pipe='pipes/p2s-1797425474799620', algorithm='dqn', _device='gpu', epsilon=0.0644, _clipping='10.0000', batch_size=117, _ddqn='false', lr=0.0167):
2025-06-02 08:53:16,115 - INFO - Number of available CUDA devices: 1
2025-06-02 08:53:16,116 - INFO - Starting runner
2025-06-02 08:53:16,335 - INFO - Binding arguments
2025-06-02 08:53:16,338 - INFO - Starting the runner with arguments Args(communication='pipe', port=None, input_pipe='pipes/s2p-1797426236234116', output_pipe='pipes/p2s-1797426236234116', algorithm='dqn', _device='gpu', epsilon=0.0644, _clipping='10.0000', batch_size=117, _ddqn='false', lr=0.0167):
2025-06-02 08:53:17,833 - INFO - Number of available CUDA devices: 1
2025-06-02 08:53:17,834 - INFO - Starting runner
2025-06-02 08:53:18,805 - INFO - Binding arguments
2025-06-02 08:53:18,807 - INFO - Starting the runner with arguments Args(communication='pipe', port=None, input_pipe='pipes/s2p-1797428373013624', output_pipe='pipes/p2s-1797428373013624', algorithm='dqn', _device='gpu', epsilon=0.0644, _clipping='10.0000', batch_size=117, _ddqn='false', lr=0.0167):
2025-06-02 08:53:20,075 - INFO - Binding arguments
2025-06-02 08:53:20,077 - INFO - Starting the runner with arguments Args(communication='pipe', port=None, input_pipe='pipes/s2p-1797430081826690', output_pipe='pipes/p2s-1797430081826690', algorithm='dqn', _device='gpu', epsilon=0.0644, _clipping='10.0000', batch_size=117, _ddqn='false', lr=0.0167):
2025-06-02 08:53:20,178 - INFO - Number of available CUDA devices: 1
2025-06-02 08:53:20,179 - INFO - Starting runner
2025-06-02 08:53:20,710 - INFO - Number of available CUDA devices: 1
2025-06-02 08:53:20,710 - INFO - Starting runner
2025-06-02 08:53:23,648 - INFO - Binding arguments
2025-06-02 08:53:23,650 - INFO - Starting the runner with arguments Args(communication='pipe', port=None, input_pipe='pipes/s2p-1797432584149384', output_pipe='pipes/p2s-1797432584149384', algorithm='dqn', _device='gpu', epsilon=0.0644, _clipping='10.0000', batch_size=117, _ddqn='false', lr=0.0167):
2025-06-02 08:53:23,674 - INFO - Number of available CUDA devices: 1
2025-06-02 08:53:23,676 - INFO - Starting runner
2025-06-02 08:53:24,602 - INFO - Binding arguments
2025-06-02 08:53:24,604 - INFO - Starting the runner with arguments Args(communication='pipe', port=None, input_pipe='pipes/s2p-1797434645232337', output_pipe='pipes/p2s-1797434645232337', algorithm='dqn', _device='gpu', epsilon=0.0644, _clipping='10.0000', batch_size=117, _ddqn='false', lr=0.0167):
2025-06-02 08:53:26,102 - ERROR - Connection with remote closed
2025-06-02 08:53:26,104 - INFO - End of the program
2025-06-02 08:53:26,617 - INFO - Number of available CUDA devices: 1
2025-06-02 08:53:26,618 - INFO - Starting runner
2025-06-02 08:53:27,391 - INFO - Binding arguments
2025-06-02 08:53:27,393 - INFO - Starting the runner with arguments Args(communication='pipe', port=None, input_pipe='pipes/s2p-1797438189254139', output_pipe='pipes/p2s-1797438189254139', algorithm='dqn', _device='gpu', epsilon=0.0644, _clipping='10.0000', batch_size=117, _ddqn='false', lr=0.0167):
2025-06-02 08:53:28,458 - ERROR - An error occurred: [Errno 32] Broken pipe
2025-06-02 08:53:28,474 - INFO - End of the program
2025-06-02 08:53:28,815 - INFO - Number of available CUDA devices: 1
2025-06-02 08:53:28,815 - INFO - Starting runner
2025-06-02 08:53:30,936 - INFO - Binding arguments
2025-06-02 08:53:30,938 - INFO - Starting the runner with arguments Args(communication='pipe', port=None, input_pipe='pipes/s2p-1797439383224016', output_pipe='pipes/p2s-1797439383224016', algorithm='dqn', _device='gpu', epsilon=0.0644, _clipping='10.0000', batch_size=117, _ddqn='false', lr=0.0167):
2025-06-02 08:53:31,021 - INFO - Number of available CUDA devices: 1
2025-06-02 08:53:31,022 - INFO - Starting runner
2025-06-02 08:53:33,739 - INFO - Binding arguments
2025-06-02 08:53:33,742 - INFO - Starting the runner with arguments Args(communication='pipe', port=None, input_pipe='pipes/s2p-1797443227180118', output_pipe='pipes/p2s-1797443227180118', algorithm='dqn', _device='gpu', epsilon=0.0644, _clipping='10.0000', batch_size=117, _ddqn='false', lr=0.0167):
2025-06-02 08:53:33,785 - INFO - Binding arguments
2025-06-02 08:53:33,787 - INFO - Starting the runner with arguments Args(communication='pipe', port=None, input_pipe='pipes/s2p-1797443238585942', output_pipe='pipes/p2s-1797443238585942', algorithm='dqn', _device='gpu', epsilon=0.0644, _clipping='10.0000', batch_size=117, _ddqn='false', lr=0.0167):
2025-06-02 08:53:33,846 - INFO - Number of available CUDA devices: 1
2025-06-02 08:53:33,851 - INFO - Number of available CUDA devices: 1
2025-06-02 08:53:33,852 - INFO - Starting runner
2025-06-02 08:53:33,855 - INFO - Starting runner
2025-06-02 08:53:36,930 - INFO - Binding arguments
2025-06-02 08:53:36,932 - INFO - Starting the runner with arguments Args(communication='pipe', port=None, input_pipe='pipes/s2p-1797445742110387', output_pipe='pipes/p2s-1797445742110387', algorithm='dqn', _device='gpu', epsilon=0.0644, _clipping='10.0000', batch_size=117, _ddqn='false', lr=0.0167):
2025-06-02 08:53:36,956 - INFO - Number of available CUDA devices: 1
2025-06-02 08:53:36,957 - INFO - Starting runner
2025-06-02 08:53:37,660 - INFO - Binding arguments
2025-06-02 08:53:37,662 - INFO - Starting the runner with arguments Args(communication='pipe', port=None, input_pipe='pipes/s2p-1797447725236607', output_pipe='pipes/p2s-1797447725236607', algorithm='dqn', _device='gpu', epsilon=0.0644, _clipping='10.0000', batch_size=117, _ddqn='false', lr=0.0167):
2025-06-02 08:53:38,354 - INFO - Number of available CUDA devices: 1
2025-06-02 08:53:38,356 - INFO - Starting runner
2025-06-02 08:53:40,129 - INFO - Binding arguments
2025-06-02 08:53:40,131 - INFO - Starting the runner with arguments Args(communication='pipe', port=None, input_pipe='pipes/s2p-1797449999502660', output_pipe='pipes/p2s-1797449999502660', algorithm='dqn', _device='gpu', epsilon=0.0644, _clipping='10.0000', batch_size=117, _ddqn='false', lr=0.0167):
2025-06-02 08:53:41,290 - INFO - Number of available CUDA devices: 1
2025-06-02 08:53:41,291 - INFO - Starting runner
2025-06-02 08:53:43,400 - INFO - Binding arguments
2025-06-02 08:53:43,402 - INFO - Starting the runner with arguments Args(communication='pipe', port=None, input_pipe='pipes/s2p-1797452068525401', output_pipe='pipes/p2s-1797452068525401', algorithm='dqn', _device='gpu', epsilon=0.0644, _clipping='10.0000', batch_size=117, _ddqn='false', lr=0.0167):
2025-06-02 08:53:43,429 - INFO - Number of available CUDA devices: 1
2025-06-02 08:53:43,430 - INFO - Starting runner
2025-06-02 08:53:45,591 - INFO - Binding arguments
2025-06-02 08:53:45,593 - INFO - Starting the runner with arguments Args(communication='pipe', port=None, input_pipe='pipes/s2p-1797454600840683', output_pipe='pipes/p2s-1797454600840683', algorithm='dqn', _device='gpu', epsilon=0.0644, _clipping='10.0000', batch_size=117, _ddqn='false', lr=0.0167):
2025-06-02 08:53:45,617 - INFO - Number of available CUDA devices: 1
2025-06-02 08:53:45,618 - INFO - Starting runner
2025-06-02 08:53:45,823 - INFO - Binding arguments
2025-06-02 08:53:45,827 - INFO - Starting the runner with arguments Args(communication='pipe', port=None, input_pipe='pipes/s2p-1797455839389555', output_pipe='pipes/p2s-1797455839389555', algorithm='dqn', _device='gpu', epsilon=0.0644, _clipping='10.0000', batch_size=117, _ddqn='false', lr=0.0167):
2025-06-02 08:53:47,278 - INFO - Number of available CUDA devices: 1
2025-06-02 08:53:47,330 - INFO - Starting runner
2025-06-02 08:53:49,875 - INFO - Binding arguments
2025-06-02 08:53:49,877 - INFO - Starting the runner with arguments Args(communication='pipe', port=None, input_pipe='pipes/s2p-1797459874073397', output_pipe='pipes/p2s-1797459874073397', algorithm='dqn', _device='gpu', epsilon=0.0644, _clipping='10.0000', batch_size=117, _ddqn='false', lr=0.0167):
2025-06-02 08:53:50,490 - INFO - Number of available CUDA devices: 1
2025-06-02 08:53:50,491 - INFO - Starting runner
2025-06-02 08:53:52,166 - INFO - Binding arguments
2025-06-02 08:53:52,168 - INFO - Starting the runner with arguments Args(communication='pipe', port=None, input_pipe='pipes/s2p-1797460626875154', output_pipe='pipes/p2s-1797460626875154', algorithm='dqn', _device='gpu', epsilon=0.0644, _clipping='10.0000', batch_size=117, _ddqn='false', lr=0.0167):
2025-06-02 08:53:52,192 - INFO - Number of available CUDA devices: 1
2025-06-02 08:53:52,193 - INFO - Starting runner
2025-06-02 08:53:52,712 - INFO - Binding arguments
2025-06-02 08:53:52,714 - INFO - Starting the runner with arguments Args(communication='pipe', port=None, input_pipe='pipes/s2p-1797462471263810', output_pipe='pipes/p2s-1797462471263810', algorithm='dqn', _device='gpu', epsilon=0.0644, _clipping='10.0000', batch_size=117, _ddqn='false', lr=0.0167):
2025-06-02 08:53:53,089 - INFO - Number of available CUDA devices: 1
2025-06-02 08:53:53,091 - INFO - Starting runner
2025-06-02 08:53:54,977 - INFO - Binding arguments
2025-06-02 08:53:54,979 - INFO - Starting the runner with arguments Args(communication='pipe', port=None, input_pipe='pipes/s2p-1797464766818330', output_pipe='pipes/p2s-1797464766818330', algorithm='dqn', _device='gpu', epsilon=0.0644, _clipping='10.0000', batch_size=117, _ddqn='false', lr=0.0167):
2025-06-02 08:53:56,307 - INFO - Number of available CUDA devices: 1
2025-06-02 08:53:56,308 - INFO - Starting runner
2025-06-02 08:53:57,039 - INFO - Binding arguments
2025-06-02 08:53:57,041 - INFO - Starting the runner with arguments Args(communication='pipe', port=None, input_pipe='pipes/s2p-1797466906764592', output_pipe='pipes/p2s-1797466906764592', algorithm='dqn', _device='gpu', epsilon=0.0644, _clipping='10.0000', batch_size=117, _ddqn='false', lr=0.0167):
2025-06-02 08:53:58,212 - INFO - Number of available CUDA devices: 1
2025-06-02 08:53:58,213 - INFO - Starting runner
2025-06-02 08:53:59,090 - INFO - Binding arguments
2025-06-02 08:53:59,092 - INFO - Starting the runner with arguments Args(communication='pipe', port=None, input_pipe='pipes/s2p-1797469039374631', output_pipe='pipes/p2s-1797469039374631', algorithm='dqn', _device='gpu', epsilon=0.0644, _clipping='10.0000', batch_size=117, _ddqn='false', lr=0.0167):
2025-06-02 08:54:00,184 - INFO - Number of available CUDA devices: 1
2025-06-02 08:54:00,185 - INFO - Starting runner
2025-06-02 08:54:02,661 - INFO - Binding arguments
2025-06-02 08:54:02,662 - INFO - Starting the runner with arguments Args(communication='pipe', port=None, input_pipe='pipes/s2p-1797471463542443', output_pipe='pipes/p2s-1797471463542443', algorithm='dqn', _device='gpu', epsilon=0.0644, _clipping='10.0000', batch_size=117, _ddqn='false', lr=0.0167):
2025-06-02 08:54:02,686 - INFO - Number of available CUDA devices: 1
2025-06-02 08:54:02,687 - INFO - Starting runner
2025-06-02 08:54:03,819 - ERROR - An error occurred: [Errno 32] Broken pipe
2025-06-02 08:54:03,820 - INFO - End of the program
2025-06-02 08:54:04,619 - INFO - Binding arguments
2025-06-02 08:54:04,621 - INFO - Starting the runner with arguments Args(communication='pipe', port=None, input_pipe='pipes/s2p-1797474702375888', output_pipe='pipes/p2s-1797474702375888', algorithm='dqn', _device='gpu', epsilon=0.0644, _clipping='10.0000', batch_size=117, _ddqn='false', lr=0.0167):
2025-06-02 08:54:05,324 - INFO - Number of available CUDA devices: 1
2025-06-02 08:54:05,324 - INFO - Starting runner
2025-06-02 08:54:06,550 - INFO - Binding arguments
2025-06-02 08:54:06,552 - INFO - Starting the runner with arguments Args(communication='pipe', port=None, input_pipe='pipes/s2p-1797476583128952', output_pipe='pipes/p2s-1797476583128952', algorithm='dqn', _device='gpu', epsilon=0.0644, _clipping='10.0000', batch_size=117, _ddqn='false', lr=0.0167):
2025-06-02 08:54:07,203 - INFO - Number of available CUDA devices: 1
2025-06-02 08:54:07,203 - INFO - Starting runner
2025-06-02 08:54:07,301 - INFO - Binding arguments
2025-06-02 08:54:07,304 - INFO - Starting the runner with arguments Args(communication='pipe', port=None, input_pipe='pipes/s2p-1797478187186905', output_pipe='pipes/p2s-1797478187186905', algorithm='dqn', _device='gpu', epsilon=0.0644, _clipping='10.0000', batch_size=117, _ddqn='false', lr=0.0167):
2025-06-02 08:54:08,810 - INFO - Number of available CUDA devices: 1
2025-06-02 08:54:08,811 - INFO - Starting runner
2025-06-02 08:54:09,567 - INFO - Binding arguments
2025-06-02 08:54:09,569 - INFO - Starting the runner with arguments Args(communication='pipe', port=None, input_pipe='pipes/s2p-1797479392570377', output_pipe='pipes/p2s-1797479392570377', algorithm='dqn', _device='gpu', epsilon=0.0644, _clipping='10.0000', batch_size=117, _ddqn='false', lr=0.0167):
2025-06-02 08:54:10,560 - INFO - Number of available CUDA devices: 1
2025-06-02 08:54:10,561 - INFO - Starting runner
2025-06-02 08:54:10,820 - ERROR - An error occurred: [Errno 32] Broken pipe
2025-06-02 08:54:10,822 - INFO - End of the program
2025-06-02 08:54:10,911 - INFO - Binding arguments
2025-06-02 08:54:10,913 - INFO - Starting the runner with arguments Args(communication='pipe', port=None, input_pipe='pipes/s2p-1797480962366572', output_pipe='pipes/p2s-1797480962366572', algorithm='dqn', _device='gpu', epsilon=0.0644, _clipping='10.0000', batch_size=117, _ddqn='false', lr=0.0167):
2025-06-02 08:54:12,191 - INFO - Number of available CUDA devices: 1
2025-06-02 08:54:12,192 - INFO - Starting runner
2025-06-02 08:54:13,917 - INFO - Binding arguments
2025-06-02 08:54:13,919 - INFO - Starting the runner with arguments Args(communication='pipe', port=None, input_pipe='pipes/s2p-1797481894536368', output_pipe='pipes/p2s-1797481894536368', algorithm='dqn', _device='gpu', epsilon=0.0644, _clipping='10.0000', batch_size=117, _ddqn='false', lr=0.0167):
2025-06-02 08:54:13,943 - INFO - Number of available CUDA devices: 1
2025-06-02 08:54:13,944 - INFO - Starting runner
2025-06-02 08:54:17,520 - ERROR - An error occurred: [Errno 32] Broken pipe
2025-06-02 08:54:17,522 - INFO - End of the program
2025-06-02 08:55:10,297 - ERROR - Connection with remote closed
2025-06-02 08:55:10,300 - INFO - End of the program
2025-06-02 08:57:44,204 - ERROR - Connection with remote closed
2025-06-02 08:57:44,219 - INFO - End of the program
2025-06-02 08:57:44,298 - ERROR - Connection with remote closed
2025-06-02 08:57:44,301 - INFO - End of the program
2025-06-02 08:57:45,020 - ERROR - Connection with remote closed
2025-06-02 08:57:45,023 - INFO - End of the program
2025-06-02 08:57:45,514 - ERROR - Connection with remote closed
2025-06-02 08:57:45,517 - INFO - End of the program
2025-06-02 08:57:45,559 - ERROR - Connection with remote closed
2025-06-02 08:57:45,562 - INFO - End of the program
2025-06-02 08:57:46,266 - ERROR - Connection with remote closed
2025-06-02 08:57:46,269 - INFO - End of the program
2025-06-02 08:57:47,199 - ERROR - Connection with remote closed
2025-06-02 08:57:47,201 - INFO - End of the program
2025-06-02 08:57:47,868 - ERROR - Connection with remote closed
2025-06-02 08:57:47,871 - INFO - End of the program
2025-06-02 08:57:48,198 - ERROR - Connection with remote closed
2025-06-02 08:57:48,200 - INFO - End of the program
2025-06-02 08:57:48,263 - ERROR - Connection with remote closed
2025-06-02 08:57:48,266 - INFO - End of the program
2025-06-02 08:57:52,503 - INFO - Binding arguments
2025-06-02 08:57:52,506 - INFO - Starting the runner with arguments Args(communication='pipe', port=None, input_pipe='pipes/s2p-1797851050270624', output_pipe='pipes/p2s-1797851050270624', algorithm='dqn', _device='gpu', epsilon=0.0644, _clipping='10.0000', batch_size=117, _ddqn='false', lr=0.0167):
2025-06-02 08:57:52,567 - INFO - Binding arguments
2025-06-02 08:57:52,569 - INFO - Starting the runner with arguments Args(communication='pipe', port=None, input_pipe='pipes/s2p-1797851064946552', output_pipe='pipes/p2s-1797851064946552', algorithm='dqn', _device='gpu', epsilon=0.0644, _clipping='10.0000', batch_size=117, _ddqn='false', lr=0.0167):
2025-06-02 08:57:52,933 - INFO - Binding arguments
2025-06-02 08:57:52,936 - INFO - Starting the runner with arguments Args(communication='pipe', port=None, input_pipe='pipes/s2p-1797851492437650', output_pipe='pipes/p2s-1797851492437650', algorithm='dqn', _device='gpu', epsilon=0.0644, _clipping='10.0000', batch_size=117, _ddqn='false', lr=0.0167):
2025-06-02 08:57:53,116 - INFO - Binding arguments
2025-06-02 08:57:53,118 - INFO - Starting the runner with arguments Args(communication='pipe', port=None, input_pipe='pipes/s2p-1797851624791773', output_pipe='pipes/p2s-1797851624791773', algorithm='dqn', _device='gpu', epsilon=0.0644, _clipping='10.0000', batch_size=117, _ddqn='false', lr=0.0167):
2025-06-02 08:57:53,355 - INFO - Binding arguments
2025-06-02 08:57:53,357 - INFO - Starting the runner with arguments Args(communication='pipe', port=None, input_pipe='pipes/s2p-1797852084663763', output_pipe='pipes/p2s-1797852084663763', algorithm='dqn', _device='gpu', epsilon=0.0644, _clipping='10.0000', batch_size=117, _ddqn='false', lr=0.0167):
2025-06-02 08:57:53,448 - INFO - Binding arguments
2025-06-02 08:57:53,450 - INFO - Starting the runner with arguments Args(communication='pipe', port=None, input_pipe='pipes/s2p-1797852047808051', output_pipe='pipes/p2s-1797852047808051', algorithm='dqn', _device='gpu', epsilon=0.0644, _clipping='10.0000', batch_size=117, _ddqn='false', lr=0.0167):
2025-06-02 08:57:53,673 - INFO - Binding arguments
2025-06-02 08:57:53,675 - INFO - Starting the runner with arguments Args(communication='pipe', port=None, input_pipe='pipes/s2p-1797852372950879', output_pipe='pipes/p2s-1797852372950879', algorithm='dqn', _device='gpu', epsilon=0.0644, _clipping='10.0000', batch_size=117, _ddqn='false', lr=0.0167):
2025-06-02 08:57:54,295 - INFO - Binding arguments
2025-06-02 08:57:54,297 - INFO - Starting the runner with arguments Args(communication='pipe', port=None, input_pipe='pipes/s2p-1797853093844265', output_pipe='pipes/p2s-1797853093844265', algorithm='dqn', _device='gpu', epsilon=0.0644, _clipping='10.0000', batch_size=117, _ddqn='false', lr=0.0167):
2025-06-02 08:57:54,414 - INFO - Binding arguments
2025-06-02 08:57:54,416 - INFO - Starting the runner with arguments Args(communication='pipe', port=None, input_pipe='pipes/s2p-1797853188276063', output_pipe='pipes/p2s-1797853188276063', algorithm='dqn', _device='gpu', epsilon=0.0644, _clipping='10.0000', batch_size=117, _ddqn='false', lr=0.0167):
2025-06-02 08:57:54,531 - INFO - Binding arguments
2025-06-02 08:57:54,534 - INFO - Starting the runner with arguments Args(communication='pipe', port=None, input_pipe='pipes/s2p-1797853325897293', output_pipe='pipes/p2s-1797853325897293', algorithm='dqn', _device='gpu', epsilon=0.0644, _clipping='10.0000', batch_size=117, _ddqn='false', lr=0.0167):
2025-06-02 08:57:54,596 - INFO - Number of available CUDA devices: 0
2025-06-02 08:57:54,598 - INFO - Starting runner
2025-06-02 08:57:54,606 - INFO - Number of available CUDA devices: 0
2025-06-02 08:57:54,606 - INFO - Starting runner
2025-06-02 08:57:55,054 - INFO - Number of available CUDA devices: 0
2025-06-02 08:57:55,055 - INFO - Starting runner
2025-06-02 08:57:55,235 - INFO - Number of available CUDA devices: 0
2025-06-02 08:57:55,236 - INFO - Starting runner
2025-06-02 08:57:55,593 - INFO - Number of available CUDA devices: 0
2025-06-02 08:57:55,593 - INFO - Starting runner
2025-06-02 08:57:55,633 - INFO - Number of available CUDA devices: 0
2025-06-02 08:57:55,633 - INFO - Starting runner
2025-06-02 08:57:55,929 - INFO - Number of available CUDA devices: 0
2025-06-02 08:57:55,932 - INFO - Starting runner
2025-06-02 08:57:56,637 - INFO - Number of available CUDA devices: 0
2025-06-02 08:57:56,641 - INFO - Starting runner
2025-06-02 08:57:56,731 - INFO - Number of available CUDA devices: 0
2025-06-02 08:57:56,731 - INFO - Starting runner
2025-06-02 08:57:56,869 - INFO - Number of available CUDA devices: 0
2025-06-02 08:57:56,873 - INFO - Starting runner
2025-06-02 08:59:10,990 - ERROR - Connection with remote closed
2025-06-02 08:59:10,997 - INFO - End of the program
2025-06-02 08:59:12,622 - ERROR - Connection with remote closed
2025-06-02 08:59:12,628 - INFO - End of the program
2025-06-02 08:59:14,357 - ERROR - Connection with remote closed
2025-06-02 08:59:14,363 - INFO - End of the program
2025-06-02 09:02:55,937 - ERROR - Connection with remote closed
2025-06-02 09:02:55,941 - INFO - End of the program
2025-06-02 09:02:56,681 - ERROR - Connection with remote closed
2025-06-02 09:02:56,684 - INFO - End of the program
2025-06-02 09:02:56,852 - ERROR - Connection with remote closed
2025-06-02 09:02:56,854 - INFO - End of the program
2025-06-02 09:02:57,001 - ERROR - Connection with remote closed
2025-06-02 09:02:57,003 - INFO - End of the program
2025-06-02 09:02:57,130 - ERROR - Connection with remote closed
2025-06-02 09:02:57,132 - INFO - End of the program
2025-06-02 09:02:57,248 - ERROR - Connection with remote closed
2025-06-02 09:02:57,250 - INFO - End of the program
2025-06-02 09:02:58,361 - ERROR - Connection with remote closed
2025-06-02 09:02:58,363 - INFO - End of the program
2025-06-02 09:02:58,368 - ERROR - Connection with remote closed
2025-06-02 09:02:58,370 - INFO - End of the program
2025-06-02 09:02:58,426 - ERROR - Connection with remote closed
2025-06-02 09:02:58,429 - INFO - End of the program
2025-06-02 09:02:58,618 - ERROR - Connection with remote closed
2025-06-02 09:02:58,623 - INFO - End of the program
2025-06-02 09:03:03,214 - INFO - Binding arguments
2025-06-02 09:03:03,217 - INFO - Starting the runner with arguments Args(communication='pipe', port=None, input_pipe='pipes/s2p-1798161789812810', output_pipe='pipes/p2s-1798161789812810', algorithm='dqn', _device='gpu', epsilon=0.0644, _clipping='10.0000', batch_size=117, _ddqn='false', lr=0.0167):
2025-06-02 09:03:03,668 - INFO - Binding arguments
2025-06-02 09:03:03,670 - INFO - Starting the runner with arguments Args(communication='pipe', port=None, input_pipe='pipes/s2p-1798162212755081', output_pipe='pipes/p2s-1798162212755081', algorithm='dqn', _device='gpu', epsilon=0.0644, _clipping='10.0000', batch_size=117, _ddqn='false', lr=0.0167):
2025-06-02 09:03:03,725 - INFO - Binding arguments
2025-06-02 09:03:03,727 - INFO - Starting the runner with arguments Args(communication='pipe', port=None, input_pipe='pipes/s2p-1798162169525664', output_pipe='pipes/p2s-1798162169525664', algorithm='dqn', _device='gpu', epsilon=0.0644, _clipping='10.0000', batch_size=117, _ddqn='false', lr=0.0167):
2025-06-02 09:03:03,785 - INFO - Binding arguments
2025-06-02 09:03:03,787 - INFO - Starting the runner with arguments Args(communication='pipe', port=None, input_pipe='pipes/s2p-1798162299441361', output_pipe='pipes/p2s-1798162299441361', algorithm='dqn', _device='gpu', epsilon=0.0644, _clipping='10.0000', batch_size=117, _ddqn='false', lr=0.0167):
2025-06-02 09:03:04,041 - INFO - Binding arguments
2025-06-02 09:03:04,043 - INFO - Starting the runner with arguments Args(communication='pipe', port=None, input_pipe='pipes/s2p-1798162694525078', output_pipe='pipes/p2s-1798162694525078', algorithm='dqn', _device='gpu', epsilon=0.0644, _clipping='10.0000', batch_size=117, _ddqn='false', lr=0.0167):
2025-06-02 09:03:04,256 - INFO - Binding arguments
2025-06-02 09:03:04,258 - INFO - Starting the runner with arguments Args(communication='pipe', port=None, input_pipe='pipes/s2p-1798162940343857', output_pipe='pipes/p2s-1798162940343857', algorithm='dqn', _device='gpu', epsilon=0.0644, _clipping='10.0000', batch_size=117, _ddqn='false', lr=0.0167):
2025-06-02 09:03:04,756 - INFO - Binding arguments
2025-06-02 09:03:04,759 - INFO - Starting the runner with arguments Args(communication='pipe', port=None, input_pipe='pipes/s2p-1798163463656484', output_pipe='pipes/p2s-1798163463656484', algorithm='dqn', _device='gpu', epsilon=0.0644, _clipping='10.0000', batch_size=117, _ddqn='false', lr=0.0167):
2025-06-02 09:03:04,841 - INFO - Binding arguments
2025-06-02 09:03:04,843 - INFO - Starting the runner with arguments Args(communication='pipe', port=None, input_pipe='pipes/s2p-1798163486773558', output_pipe='pipes/p2s-1798163486773558', algorithm='dqn', _device='gpu', epsilon=0.0644, _clipping='10.0000', batch_size=117, _ddqn='false', lr=0.0167):
2025-06-02 09:03:04,846 - INFO - Binding arguments
2025-06-02 09:03:04,848 - INFO - Starting the runner with arguments Args(communication='pipe', port=None, input_pipe='pipes/s2p-1798163528533866', output_pipe='pipes/p2s-1798163528533866', algorithm='dqn', _device='gpu', epsilon=0.0644, _clipping='10.0000', batch_size=117, _ddqn='false', lr=0.0167):
2025-06-02 09:03:04,952 - INFO - Binding arguments
2025-06-02 09:03:04,954 - INFO - Starting the runner with arguments Args(communication='pipe', port=None, input_pipe='pipes/s2p-1798163771699796', output_pipe='pipes/p2s-1798163771699796', algorithm='dqn', _device='gpu', epsilon=0.0644, _clipping='10.0000', batch_size=117, _ddqn='false', lr=0.0167):
2025-06-02 09:03:05,354 - INFO - Number of available CUDA devices: 0
2025-06-02 09:03:05,355 - INFO - Starting runner
2025-06-02 09:03:05,715 - INFO - Number of available CUDA devices: 0
2025-06-02 09:03:05,715 - INFO - Starting runner
2025-06-02 09:03:05,798 - INFO - Number of available CUDA devices: 0
2025-06-02 09:03:05,799 - INFO - Starting runner
2025-06-02 09:03:05,905 - INFO - Number of available CUDA devices: 0
2025-06-02 09:03:05,906 - INFO - Starting runner
2025-06-02 09:03:06,277 - INFO - Number of available CUDA devices: 0
2025-06-02 09:03:06,278 - INFO - Starting runner
2025-06-02 09:03:06,513 - INFO - Number of available CUDA devices: 0
2025-06-02 09:03:06,514 - INFO - Starting runner
2025-06-02 09:03:07,005 - INFO - Number of available CUDA devices: 0
2025-06-02 09:03:07,010 - INFO - Starting runner
2025-06-02 09:03:07,028 - INFO - Number of available CUDA devices: 0
2025-06-02 09:03:07,029 - INFO - Starting runner
2025-06-02 09:03:07,072 - INFO - Number of available CUDA devices: 0
2025-06-02 09:03:07,073 - INFO - Starting runner
2025-06-02 09:03:07,314 - INFO - Number of available CUDA devices: 0
2025-06-02 09:03:07,318 - INFO - Starting runner
2025-06-02 09:08:06,162 - ERROR - Connection with remote closed
2025-06-02 09:08:06,166 - INFO - End of the program
2025-06-02 09:08:07,335 - ERROR - Connection with remote closed
2025-06-02 09:08:07,343 - INFO - End of the program
2025-06-02 09:08:07,576 - ERROR - Connection with remote closed
2025-06-02 09:08:07,578 - INFO - End of the program
2025-06-02 09:08:07,584 - ERROR - Connection with remote closed
2025-06-02 09:08:07,586 - INFO - End of the program
2025-06-02 09:08:08,184 - ERROR - Connection with remote closed
2025-06-02 09:08:08,187 - INFO - End of the program
2025-06-02 09:08:08,279 - ERROR - Connection with remote closed
2025-06-02 09:08:08,281 - INFO - End of the program
2025-06-02 09:08:08,633 - ERROR - Connection with remote closed
2025-06-02 09:08:08,635 - INFO - End of the program
2025-06-02 09:08:08,884 - ERROR - Connection with remote closed
2025-06-02 09:08:08,886 - INFO - End of the program
2025-06-02 09:08:09,007 - ERROR - Connection with remote closed
2025-06-02 09:08:09,009 - INFO - End of the program
2025-06-02 09:08:09,050 - ERROR - Connection with remote closed
2025-06-02 09:08:09,052 - INFO - End of the program
2025-06-02 09:08:13,940 - INFO - Binding arguments
2025-06-02 09:08:13,942 - INFO - Starting the runner with arguments Args(communication='pipe', port=None, input_pipe='pipes/s2p-1798472496169616', output_pipe='pipes/p2s-1798472496169616', algorithm='dqn', _device='gpu', epsilon=0.0644, _clipping='10.0000', batch_size=117, _ddqn='false', lr=0.0167):
2025-06-02 09:08:14,525 - INFO - Binding arguments
2025-06-02 09:08:14,527 - INFO - Starting the runner with arguments Args(communication='pipe', port=None, input_pipe='pipes/s2p-1798473052977097', output_pipe='pipes/p2s-1798473052977097', algorithm='dqn', _device='gpu', epsilon=0.0644, _clipping='10.0000', batch_size=117, _ddqn='false', lr=0.0167):
2025-06-02 09:08:14,544 - INFO - Binding arguments
2025-06-02 09:08:14,546 - INFO - Starting the runner with arguments Args(communication='pipe', port=None, input_pipe='pipes/s2p-1798473062498756', output_pipe='pipes/p2s-1798473062498756', algorithm='dqn', _device='gpu', epsilon=0.0644, _clipping='10.0000', batch_size=117, _ddqn='false', lr=0.0167):
2025-06-02 09:08:14,588 - INFO - Binding arguments
2025-06-02 09:08:14,590 - INFO - Starting the runner with arguments Args(communication='pipe', port=None, input_pipe='pipes/s2p-1798473232628283', output_pipe='pipes/p2s-1798473232628283', algorithm='dqn', _device='gpu', epsilon=0.0644, _clipping='10.0000', batch_size=117, _ddqn='false', lr=0.0167):
2025-06-02 09:08:14,702 - INFO - Binding arguments
2025-06-02 09:08:14,704 - INFO - Starting the runner with arguments Args(communication='pipe', port=None, input_pipe='pipes/s2p-1798473422491895', output_pipe='pipes/p2s-1798473422491895', algorithm='dqn', _device='gpu', epsilon=0.0644, _clipping='10.0000', batch_size=117, _ddqn='false', lr=0.0167):
2025-06-02 09:08:14,748 - INFO - Binding arguments
2025-06-02 09:08:14,750 - INFO - Starting the runner with arguments Args(communication='pipe', port=None, input_pipe='pipes/s2p-1798473474736987', output_pipe='pipes/p2s-1798473474736987', algorithm='dqn', _device='gpu', epsilon=0.0644, _clipping='10.0000', batch_size=117, _ddqn='false', lr=0.0167):
2025-06-02 09:08:14,970 - INFO - Binding arguments
2025-06-02 09:08:14,972 - INFO - Starting the runner with arguments Args(communication='pipe', port=None, input_pipe='pipes/s2p-1798473698075645', output_pipe='pipes/p2s-1798473698075645', algorithm='dqn', _device='gpu', epsilon=0.0644, _clipping='10.0000', batch_size=117, _ddqn='false', lr=0.0167):
2025-06-02 09:08:15,288 - INFO - Binding arguments
2025-06-02 09:08:15,290 - INFO - Starting the runner with arguments Args(communication='pipe', port=None, input_pipe='pipes/s2p-1798474046183276', output_pipe='pipes/p2s-1798474046183276', algorithm='dqn', _device='gpu', epsilon=0.0644, _clipping='10.0000', batch_size=117, _ddqn='false', lr=0.0167):
2025-06-02 09:08:15,473 - INFO - Binding arguments
2025-06-02 09:08:15,475 - INFO - Starting the runner with arguments Args(communication='pipe', port=None, input_pipe='pipes/s2p-1798474182158289', output_pipe='pipes/p2s-1798474182158289', algorithm='dqn', _device='gpu', epsilon=0.0644, _clipping='10.0000', batch_size=117, _ddqn='false', lr=0.0167):
2025-06-02 09:08:15,534 - INFO - Binding arguments
2025-06-02 09:08:15,536 - INFO - Starting the runner with arguments Args(communication='pipe', port=None, input_pipe='pipes/s2p-1798474207789738', output_pipe='pipes/p2s-1798474207789738', algorithm='dqn', _device='gpu', epsilon=0.0644, _clipping='10.0000', batch_size=117, _ddqn='false', lr=0.0167):
2025-06-02 09:08:16,060 - INFO - Number of available CUDA devices: 0
2025-06-02 09:08:16,061 - INFO - Starting runner
2025-06-02 09:08:16,628 - INFO - Number of available CUDA devices: 0
2025-06-02 09:08:16,629 - INFO - Starting runner
2025-06-02 09:08:16,650 - INFO - Number of available CUDA devices: 0
2025-06-02 09:08:16,651 - INFO - Starting runner
2025-06-02 09:08:16,799 - INFO - Number of available CUDA devices: 0
2025-06-02 09:08:16,800 - INFO - Starting runner
2025-06-02 09:08:16,991 - INFO - Number of available CUDA devices: 0
2025-06-02 09:08:16,993 - INFO - Starting runner
2025-06-02 09:08:17,030 - INFO - Number of available CUDA devices: 0
2025-06-02 09:08:17,031 - INFO - Starting runner
2025-06-02 09:08:17,243 - INFO - Number of available CUDA devices: 0
2025-06-02 09:08:17,243 - INFO - Starting runner
2025-06-02 09:08:17,654 - INFO - Number of available CUDA devices: 0
2025-06-02 09:08:17,657 - INFO - Starting runner
2025-06-02 09:08:17,728 - INFO - Number of available CUDA devices: 0
2025-06-02 09:08:17,732 - INFO - Starting runner
2025-06-02 09:08:17,750 - INFO - Number of available CUDA devices: 0
2025-06-02 09:08:17,750 - INFO - Starting runner
2025-06-02 09:13:17,125 - ERROR - Connection with remote closed
2025-06-02 09:13:17,132 - INFO - End of the program
2025-06-02 09:13:19,165 - ERROR - Connection with remote closed
2025-06-02 09:13:19,167 - INFO - End of the program
2025-06-02 09:13:19,410 - ERROR - Connection with remote closed
2025-06-02 09:13:19,412 - INFO - End of the program
2025-06-02 09:13:20,176 - ERROR - Connection with remote closed
2025-06-02 09:13:20,177 - ERROR - Connection with remote closed
2025-06-02 09:13:20,178 - INFO - End of the program
2025-06-02 09:13:20,186 - INFO - End of the program
2025-06-02 09:13:20,318 - ERROR - Connection with remote closed
2025-06-02 09:13:20,321 - INFO - End of the program
2025-06-02 09:13:20,716 - ERROR - Connection with remote closed
2025-06-02 09:13:20,718 - INFO - End of the program
2025-06-02 09:13:25,482 - ERROR - Connection with remote closed
2025-06-02 09:13:25,484 - INFO - End of the program
2025-06-02 09:13:26,646 - ERROR - Connection with remote closed
2025-06-02 09:13:26,652 - INFO - End of the program
2025-06-02 09:13:27,853 - INFO - Binding arguments
2025-06-02 09:13:27,855 - INFO - Starting the runner with arguments Args(communication='pipe', port=None, input_pipe='pipes/s2p-1798785787022602', output_pipe='pipes/p2s-1798785787022602', algorithm='dqn', _device='gpu', epsilon=0.0644, _clipping='10.0000', batch_size=117, _ddqn='false', lr=0.0167):
2025-06-02 09:13:27,909 - ERROR - Connection with remote closed
2025-06-02 09:13:27,914 - INFO - End of the program
2025-06-02 09:13:29,275 - INFO - Binding arguments
2025-06-02 09:13:29,278 - INFO - Starting the runner with arguments Args(communication='pipe', port=None, input_pipe='pipes/s2p-1798787888963554', output_pipe='pipes/p2s-1798787888963554', algorithm='dqn', _device='gpu', epsilon=0.0644, _clipping='10.0000', batch_size=117, _ddqn='false', lr=0.0167):
2025-06-02 09:13:29,432 - INFO - Number of available CUDA devices: 0
2025-06-02 09:13:29,432 - INFO - Starting runner
2025-06-02 09:13:29,514 - INFO - Binding arguments
2025-06-02 09:13:29,516 - INFO - Starting the runner with arguments Args(communication='pipe', port=None, input_pipe='pipes/s2p-1798788040583775', output_pipe='pipes/p2s-1798788040583775', algorithm='dqn', _device='gpu', epsilon=0.0644, _clipping='10.0000', batch_size=117, _ddqn='false', lr=0.0167):
2025-06-02 09:13:29,940 - INFO - Binding arguments
2025-06-02 09:13:29,942 - INFO - Starting the runner with arguments Args(communication='pipe', port=None, input_pipe='pipes/s2p-1798788549478931', output_pipe='pipes/p2s-1798788549478931', algorithm='dqn', _device='gpu', epsilon=0.0644, _clipping='10.0000', batch_size=117, _ddqn='false', lr=0.0167):
2025-06-02 09:13:30,099 - INFO - Binding arguments
2025-06-02 09:13:30,101 - INFO - Starting the runner with arguments Args(communication='pipe', port=None, input_pipe='pipes/s2p-1798788641731961', output_pipe='pipes/p2s-1798788641731961', algorithm='dqn', _device='gpu', epsilon=0.0644, _clipping='10.0000', batch_size=117, _ddqn='false', lr=0.0167):
2025-06-02 09:13:30,364 - INFO - Binding arguments
2025-06-02 09:13:30,366 - INFO - Starting the runner with arguments Args(communication='pipe', port=None, input_pipe='pipes/s2p-1798788898411974', output_pipe='pipes/p2s-1798788898411974', algorithm='dqn', _device='gpu', epsilon=0.0644, _clipping='10.0000', batch_size=117, _ddqn='false', lr=0.0167):
2025-06-02 09:13:30,520 - INFO - Binding arguments
2025-06-02 09:13:30,522 - INFO - Starting the runner with arguments Args(communication='pipe', port=None, input_pipe='pipes/s2p-1798788728176415', output_pipe='pipes/p2s-1798788728176415', algorithm='dqn', _device='gpu', epsilon=0.0644, _clipping='10.0000', batch_size=117, _ddqn='false', lr=0.0167):
2025-06-02 09:13:31,437 - INFO - Number of available CUDA devices: 0
2025-06-02 09:13:31,437 - INFO - Starting runner
2025-06-02 09:13:31,642 - INFO - Number of available CUDA devices: 0
2025-06-02 09:13:31,642 - INFO - Starting runner
2025-06-02 09:13:32,161 - INFO - Number of available CUDA devices: 0
2025-06-02 09:13:32,161 - INFO - Starting runner
2025-06-02 09:13:32,205 - INFO - Number of available CUDA devices: 0
2025-06-02 09:13:32,206 - INFO - Starting runner
2025-06-02 09:13:32,343 - INFO - Number of available CUDA devices: 0
2025-06-02 09:13:32,343 - INFO - Starting runner
2025-06-02 09:13:32,448 - INFO - Number of available CUDA devices: 0
2025-06-02 09:13:32,448 - INFO - Starting runner
2025-06-02 09:13:33,368 - INFO - Binding arguments
2025-06-02 09:13:33,384 - INFO - Starting the runner with arguments Args(communication='pipe', port=None, input_pipe='pipes/s2p-1798791769857382', output_pipe='pipes/p2s-1798791769857382', algorithm='dqn', _device='gpu', epsilon=0.0644, _clipping='10.0000', batch_size=117, _ddqn='false', lr=0.0167):
2025-06-02 09:13:33,881 - INFO - Binding arguments
2025-06-02 09:13:33,883 - INFO - Starting the runner with arguments Args(communication='pipe', port=None, input_pipe='pipes/s2p-1798791015618064', output_pipe='pipes/p2s-1798791015618064', algorithm='dqn', _device='gpu', epsilon=0.0644, _clipping='10.0000', batch_size=117, _ddqn='false', lr=0.0167):
2025-06-02 09:13:34,564 - INFO - Number of available CUDA devices: 0
2025-06-02 09:13:34,570 - INFO - Starting runner
2025-06-02 09:13:35,467 - INFO - Number of available CUDA devices: 0
2025-06-02 09:13:35,481 - INFO - Starting runner
2025-06-02 09:13:42,274 - INFO - Binding arguments
2025-06-02 09:13:42,277 - INFO - Starting the runner with arguments Args(communication='pipe', port=None, input_pipe='pipes/s2p-1798795903289388', output_pipe='pipes/p2s-1798795903289388', algorithm='dqn', _device='gpu', epsilon=0.0644, _clipping='10.0000', batch_size=117, _ddqn='false', lr=0.0167):
2025-06-02 09:13:42,295 - INFO - Number of available CUDA devices: 0
2025-06-02 09:13:42,296 - INFO - Starting runner
2025-06-02 09:14:39,620 - INFO - Binding arguments
2025-06-02 09:14:39,620 - INFO - Binding arguments
2025-06-02 09:14:39,620 - INFO - Binding arguments
2025-06-02 09:14:39,620 - INFO - Binding arguments
2025-06-02 09:14:39,620 - INFO - Binding arguments
2025-06-02 09:14:39,620 - INFO - Binding arguments
2025-06-02 09:14:39,620 - INFO - Binding arguments
2025-06-02 09:14:39,620 - INFO - Binding arguments
2025-06-02 09:14:39,620 - INFO - Binding arguments
2025-06-02 09:14:39,620 - INFO - Binding arguments
2025-06-02 09:14:39,624 - INFO - Starting the runner with arguments Args(communication='pipe', port=None, input_pipe='pipes/s2p-1798858969334932', output_pipe='pipes/p2s-1798858969334932', algorithm='dqn', _device='gpu', epsilon=0.0644, _clipping='10.0000', batch_size=117, _ddqn='false', lr=0.0167):
2025-06-02 09:14:39,624 - INFO - Starting the runner with arguments Args(communication='pipe', port=None, input_pipe='pipes/s2p-1798858953439531', output_pipe='pipes/p2s-1798858953439531', algorithm='dqn', _device='gpu', epsilon=0.0644, _clipping='10.0000', batch_size=117, _ddqn='false', lr=0.0167):
2025-06-02 09:14:39,624 - INFO - Starting the runner with arguments Args(communication='pipe', port=None, input_pipe='pipes/s2p-1798858979569116', output_pipe='pipes/p2s-1798858979569116', algorithm='dqn', _device='gpu', epsilon=0.0644, _clipping='10.0000', batch_size=117, _ddqn='false', lr=0.0167):
2025-06-02 09:14:39,624 - INFO - Starting the runner with arguments Args(communication='pipe', port=None, input_pipe='pipes/s2p-1798858929151541', output_pipe='pipes/p2s-1798858929151541', algorithm='dqn', _device='gpu', epsilon=0.0644, _clipping='10.0000', batch_size=117, _ddqn='false', lr=0.0167):
2025-06-02 09:14:39,624 - INFO - Starting the runner with arguments Args(communication='pipe', port=None, input_pipe='pipes/s2p-1798858937228699', output_pipe='pipes/p2s-1798858937228699', algorithm='dqn', _device='gpu', epsilon=0.0644, _clipping='10.0000', batch_size=117, _ddqn='false', lr=0.0167):
2025-06-02 09:14:39,624 - INFO - Starting the runner with arguments Args(communication='pipe', port=None, input_pipe='pipes/s2p-1798859034493784', output_pipe='pipes/p2s-1798859034493784', algorithm='dqn', _device='gpu', epsilon=0.0644, _clipping='10.0000', batch_size=117, _ddqn='false', lr=0.0167):
2025-06-02 09:14:39,625 - INFO - Starting the runner with arguments Args(communication='pipe', port=None, input_pipe='pipes/s2p-1798859043402532', output_pipe='pipes/p2s-1798859043402532', algorithm='dqn', _device='gpu', epsilon=0.0644, _clipping='10.0000', batch_size=117, _ddqn='false', lr=0.0167):
2025-06-02 09:14:39,625 - INFO - Starting the runner with arguments Args(communication='pipe', port=None, input_pipe='pipes/s2p-1798859020238238', output_pipe='pipes/p2s-1798859020238238', algorithm='dqn', _device='gpu', epsilon=0.0644, _clipping='10.0000', batch_size=117, _ddqn='false', lr=0.0167):
2025-06-02 09:14:39,625 - INFO - Starting the runner with arguments Args(communication='pipe', port=None, input_pipe='pipes/s2p-1798859043350254', output_pipe='pipes/p2s-1798859043350254', algorithm='dqn', _device='gpu', epsilon=0.0644, _clipping='10.0000', batch_size=117, _ddqn='false', lr=0.0167):
2025-06-02 09:14:39,624 - INFO - Starting the runner with arguments Args(communication='pipe', port=None, input_pipe='pipes/s2p-1798858986364330', output_pipe='pipes/p2s-1798858986364330', algorithm='dqn', _device='gpu', epsilon=0.0644, _clipping='10.0000', batch_size=117, _ddqn='false', lr=0.0167):
2025-06-02 09:14:39,625 - INFO - Number of available CUDA devices: 0
2025-06-02 09:14:39,625 - INFO - Number of available CUDA devices: 0
2025-06-02 09:14:39,625 - INFO - Number of available CUDA devices: 0
2025-06-02 09:14:39,626 - INFO - Number of available CUDA devices: 0
2025-06-02 09:14:39,626 - INFO - Number of available CUDA devices: 0
2025-06-02 09:14:39,626 - INFO - Number of available CUDA devices: 0
2025-06-02 09:14:39,626 - INFO - Number of available CUDA devices: 0
2025-06-02 09:14:39,625 - INFO - Number of available CUDA devices: 0
2025-06-02 09:14:39,626 - INFO - Number of available CUDA devices: 0
2025-06-02 09:14:39,625 - INFO - Number of available CUDA devices: 0
2025-06-02 09:14:39,628 - INFO - Starting runner
2025-06-02 09:14:39,629 - INFO - Starting runner
2025-06-02 09:14:39,629 - INFO - Starting runner
2025-06-02 09:14:39,629 - INFO - Starting runner
2025-06-02 09:14:39,629 - INFO - Starting runner
2025-06-02 09:14:39,629 - INFO - Starting runner
2025-06-02 09:14:39,629 - INFO - Starting runner
2025-06-02 09:14:39,629 - INFO - Starting runner
2025-06-02 09:14:39,629 - INFO - Starting runner
2025-06-02 09:14:39,629 - INFO - Starting runner
2025-06-02 09:18:32,549 - ERROR - Connection with remote closed
2025-06-02 09:18:32,556 - INFO - End of the program
2025-06-02 09:18:32,661 - ERROR - Connection with remote closed
2025-06-02 09:18:32,664 - INFO - End of the program
2025-06-02 09:18:33,653 - ERROR - Connection with remote closed
2025-06-02 09:18:33,663 - INFO - End of the program
2025-06-02 09:18:34,776 - ERROR - Connection with remote closed
2025-06-02 09:18:34,780 - INFO - End of the program
2025-06-02 09:18:35,031 - ERROR - Connection with remote closed
2025-06-02 09:18:35,034 - INFO - End of the program
2025-06-02 09:18:35,104 - ERROR - Connection with remote closed
2025-06-02 09:18:35,106 - INFO - End of the program
2025-06-02 09:18:35,439 - ERROR - Connection with remote closed
2025-06-02 09:18:35,443 - INFO - End of the program
2025-06-02 09:18:35,834 - ERROR - Connection with remote closed
2025-06-02 09:18:35,843 - INFO - End of the program
2025-06-02 09:18:36,667 - ERROR - Connection with remote closed
2025-06-02 09:18:36,669 - INFO - End of the program
2025-06-02 09:18:41,558 - INFO - Binding arguments
2025-06-02 09:18:41,560 - INFO - Starting the runner with arguments Args(communication='pipe', port=None, input_pipe='pipes/s2p-1799100061752673', output_pipe='pipes/p2s-1799100061752673', algorithm='dqn', _device='gpu', epsilon=0.0644, _clipping='10.0000', batch_size=117, _ddqn='false', lr=0.0167):
2025-06-02 09:18:41,758 - INFO - Binding arguments
2025-06-02 09:18:41,761 - INFO - Starting the runner with arguments Args(communication='pipe', port=None, input_pipe='pipes/s2p-1799100307296790', output_pipe='pipes/p2s-1799100307296790', algorithm='dqn', _device='gpu', epsilon=0.0644, _clipping='10.0000', batch_size=117, _ddqn='false', lr=0.0167):
2025-06-02 09:18:41,811 - INFO - Binding arguments
2025-06-02 09:18:41,814 - INFO - Starting the runner with arguments Args(communication='pipe', port=None, input_pipe='pipes/s2p-1799100142659805', output_pipe='pipes/p2s-1799100142659805', algorithm='dqn', _device='gpu', epsilon=0.0644, _clipping='10.0000', batch_size=117, _ddqn='false', lr=0.0167):
2025-06-02 09:18:41,916 - INFO - Binding arguments
2025-06-02 09:18:41,918 - INFO - Starting the runner with arguments Args(communication='pipe', port=None, input_pipe='pipes/s2p-1799100502627491', output_pipe='pipes/p2s-1799100502627491', algorithm='dqn', _device='gpu', epsilon=0.0644, _clipping='10.0000', batch_size=117, _ddqn='false', lr=0.0167):
2025-06-02 09:18:42,065 - INFO - Binding arguments
2025-06-02 09:18:42,067 - INFO - Starting the runner with arguments Args(communication='pipe', port=None, input_pipe='pipes/s2p-1799100641609018', output_pipe='pipes/p2s-1799100641609018', algorithm='dqn', _device='gpu', epsilon=0.0644, _clipping='10.0000', batch_size=117, _ddqn='false', lr=0.0167):
2025-06-02 09:18:42,086 - INFO - Binding arguments
2025-06-02 09:18:42,088 - INFO - Starting the runner with arguments Args(communication='pipe', port=None, input_pipe='pipes/s2p-1799100666681200', output_pipe='pipes/p2s-1799100666681200', algorithm='dqn', _device='gpu', epsilon=0.0644, _clipping='10.0000', batch_size=117, _ddqn='false', lr=0.0167):
2025-06-02 09:18:42,107 - INFO - Binding arguments
2025-06-02 09:18:42,109 - INFO - Starting the runner with arguments Args(communication='pipe', port=None, input_pipe='pipes/s2p-1799100770421181', output_pipe='pipes/p2s-1799100770421181', algorithm='dqn', _device='gpu', epsilon=0.0644, _clipping='10.0000', batch_size=117, _ddqn='false', lr=0.0167):
2025-06-02 09:18:42,676 - INFO - Binding arguments
2025-06-02 09:18:42,678 - INFO - Starting the runner with arguments Args(communication='pipe', port=None, input_pipe='pipes/s2p-1799101269242423', output_pipe='pipes/p2s-1799101269242423', algorithm='dqn', _device='gpu', epsilon=0.0644, _clipping='10.0000', batch_size=117, _ddqn='false', lr=0.0167):
2025-06-02 09:18:43,226 - INFO - Binding arguments
2025-06-02 09:18:43,228 - INFO - Starting the runner with arguments Args(communication='pipe', port=None, input_pipe='pipes/s2p-1799102010701527', output_pipe='pipes/p2s-1799102010701527', algorithm='dqn', _device='gpu', epsilon=0.0644, _clipping='10.0000', batch_size=117, _ddqn='false', lr=0.0167):
2025-06-02 09:18:43,625 - INFO - Number of available CUDA devices: 0
2025-06-02 09:18:43,628 - INFO - Starting runner
2025-06-02 09:18:43,732 - INFO - Number of available CUDA devices: 0
2025-06-02 09:18:43,733 - INFO - Starting runner
2025-06-02 09:18:43,850 - INFO - Number of available CUDA devices: 0
2025-06-02 09:18:43,850 - INFO - Starting runner
2025-06-02 09:18:44,047 - INFO - Number of available CUDA devices: 0
2025-06-02 09:18:44,080 - INFO - Starting runner
2025-06-02 09:18:44,182 - INFO - Number of available CUDA devices: 0
2025-06-02 09:18:44,182 - INFO - Starting runner
2025-06-02 09:18:44,208 - INFO - Number of available CUDA devices: 0
2025-06-02 09:18:44,208 - INFO - Starting runner
2025-06-02 09:18:44,386 - INFO - Number of available CUDA devices: 0
2025-06-02 09:18:44,387 - INFO - Starting runner
2025-06-02 09:18:44,841 - INFO - Number of available CUDA devices: 0
2025-06-02 09:18:44,842 - INFO - Starting runner
2025-06-02 09:18:45,603 - INFO - Number of available CUDA devices: 0
2025-06-02 09:18:45,635 - INFO - Starting runner
2025-06-02 09:18:48,091 - ERROR - Connection with remote closed
2025-06-02 09:18:48,097 - INFO - End of the program
2025-06-02 09:19:07,532 - INFO - Binding arguments
2025-06-02 09:19:07,535 - INFO - Starting the runner with arguments Args(communication='pipe', port=None, input_pipe='pipes/s2p-1799123825694693', output_pipe='pipes/p2s-1799123825694693', algorithm='dqn', _device='gpu', epsilon=0.0644, _clipping='10.0000', batch_size=117, _ddqn='false', lr=0.0167):
2025-06-02 09:19:07,582 - INFO - Number of available CUDA devices: 0
2025-06-02 09:19:07,586 - INFO - Starting runner
2025-06-02 09:19:40,419 - ERROR - Connection with remote closed
2025-06-02 09:19:40,440 - INFO - End of the program
2025-06-02 09:19:41,439 - ERROR - Connection with remote closed
2025-06-02 09:19:41,445 - INFO - End of the program
2025-06-02 09:19:41,473 - ERROR - Connection with remote closed
2025-06-02 09:19:41,476 - INFO - End of the program
2025-06-02 09:19:41,609 - ERROR - Connection with remote closed
2025-06-02 09:19:41,611 - INFO - End of the program
2025-06-02 09:19:41,611 - ERROR - Connection with remote closed
2025-06-02 09:19:41,614 - INFO - End of the program
2025-06-02 09:19:41,631 - ERROR - Connection with remote closed
2025-06-02 09:19:41,633 - INFO - End of the program
2025-06-02 09:19:41,666 - ERROR - Connection with remote closed
2025-06-02 09:19:41,668 - INFO - End of the program
2025-06-02 09:19:41,937 - ERROR - Connection with remote closed
2025-06-02 09:19:41,939 - INFO - End of the program
2025-06-02 09:19:42,011 - ERROR - Connection with remote closed
2025-06-02 09:19:42,013 - INFO - End of the program
2025-06-02 09:19:42,088 - ERROR - Connection with remote closed
2025-06-02 09:19:42,090 - INFO - End of the program
2025-06-02 09:19:47,308 - INFO - Binding arguments
2025-06-02 09:19:47,310 - INFO - Starting the runner with arguments Args(communication='pipe', port=None, input_pipe='pipes/s2p-1799175890823277', output_pipe='pipes/p2s-1799175890823277', algorithm='dqn', _device='gpu', epsilon=0.0644, _clipping='10.0000', batch_size=117, _ddqn='false', lr=0.0167):
2025-06-02 09:19:47,911 - INFO - Binding arguments
2025-06-02 09:19:47,913 - INFO - Starting the runner with arguments Args(communication='pipe', port=None, input_pipe='pipes/s2p-1799176571049798', output_pipe='pipes/p2s-1799176571049798', algorithm='dqn', _device='gpu', epsilon=0.0644, _clipping='10.0000', batch_size=117, _ddqn='false', lr=0.0167):
2025-06-02 09:19:47,960 - INFO - Binding arguments
2025-06-02 09:19:47,962 - INFO - Starting the runner with arguments Args(communication='pipe', port=None, input_pipe='pipes/s2p-1799176614600179', output_pipe='pipes/p2s-1799176614600179', algorithm='dqn', _device='gpu', epsilon=0.0644, _clipping='10.0000', batch_size=117, _ddqn='false', lr=0.0167):
2025-06-02 09:19:48,029 - INFO - Binding arguments
2025-06-02 09:19:48,031 - INFO - Starting the runner with arguments Args(communication='pipe', port=None, input_pipe='pipes/s2p-1799176552475710', output_pipe='pipes/p2s-1799176552475710', algorithm='dqn', _device='gpu', epsilon=0.0644, _clipping='10.0000', batch_size=117, _ddqn='false', lr=0.0167):
2025-06-02 09:19:48,154 - INFO - Binding arguments
2025-06-02 09:19:48,156 - INFO - Starting the runner with arguments Args(communication='pipe', port=None, input_pipe='pipes/s2p-1799176765983036', output_pipe='pipes/p2s-1799176765983036', algorithm='dqn', _device='gpu', epsilon=0.0644, _clipping='10.0000', batch_size=117, _ddqn='false', lr=0.0167):
2025-06-02 09:19:48,159 - INFO - Binding arguments
2025-06-02 09:19:48,161 - INFO - Starting the runner with arguments Args(communication='pipe', port=None, input_pipe='pipes/s2p-1799176713427349', output_pipe='pipes/p2s-1799176713427349', algorithm='dqn', _device='gpu', epsilon=0.0644, _clipping='10.0000', batch_size=117, _ddqn='false', lr=0.0167):
2025-06-02 09:19:48,219 - INFO - Binding arguments
2025-06-02 09:19:48,221 - INFO - Starting the runner with arguments Args(communication='pipe', port=None, input_pipe='pipes/s2p-1799176860962712', output_pipe='pipes/p2s-1799176860962712', algorithm='dqn', _device='gpu', epsilon=0.0644, _clipping='10.0000', batch_size=117, _ddqn='false', lr=0.0167):
2025-06-02 09:19:48,258 - INFO - Binding arguments
2025-06-02 09:19:48,259 - INFO - Binding arguments
2025-06-02 09:19:48,261 - INFO - Starting the runner with arguments Args(communication='pipe', port=None, input_pipe='pipes/s2p-1799176998984587', output_pipe='pipes/p2s-1799176998984587', algorithm='dqn', _device='gpu', epsilon=0.0644, _clipping='10.0000', batch_size=117, _ddqn='false', lr=0.0167):
2025-06-02 09:19:48,262 - INFO - Starting the runner with arguments Args(communication='pipe', port=None, input_pipe='pipes/s2p-1799176806091854', output_pipe='pipes/p2s-1799176806091854', algorithm='dqn', _device='gpu', epsilon=0.0644, _clipping='10.0000', batch_size=117, _ddqn='false', lr=0.0167):
2025-06-02 09:19:48,286 - INFO - Binding arguments
2025-06-02 09:19:48,288 - INFO - Starting the runner with arguments Args(communication='pipe', port=None, input_pipe='pipes/s2p-1799176960569835', output_pipe='pipes/p2s-1799176960569835', algorithm='dqn', _device='gpu', epsilon=0.0644, _clipping='10.0000', batch_size=117, _ddqn='false', lr=0.0167):
2025-06-02 09:19:49,441 - INFO - Number of available CUDA devices: 0
2025-06-02 09:19:49,445 - INFO - Starting runner
2025-06-02 09:19:50,116 - INFO - Number of available CUDA devices: 0
2025-06-02 09:19:50,117 - INFO - Number of available CUDA devices: 0
2025-06-02 09:19:50,118 - INFO - Starting runner
2025-06-02 09:19:50,118 - INFO - Starting runner
2025-06-02 09:19:50,136 - INFO - Number of available CUDA devices: 0
2025-06-02 09:19:50,136 - INFO - Starting runner
2025-06-02 09:19:50,237 - INFO - Number of available CUDA devices: 0
2025-06-02 09:19:50,241 - INFO - Starting runner
2025-06-02 09:19:50,289 - INFO - Number of available CUDA devices: 0
2025-06-02 09:19:50,289 - INFO - Starting runner
2025-06-02 09:19:50,327 - INFO - Number of available CUDA devices: 0
2025-06-02 09:19:50,331 - INFO - Starting runner
2025-06-02 09:19:50,382 - INFO - Number of available CUDA devices: 0
2025-06-02 09:19:50,382 - INFO - Starting runner
2025-06-02 09:19:50,481 - INFO - Number of available CUDA devices: 0
2025-06-02 09:19:50,482 - INFO - Starting runner
2025-06-02 09:19:50,518 - INFO - Number of available CUDA devices: 0
2025-06-02 09:19:50,518 - INFO - Starting runner
2025-06-02 09:23:45,144 - ERROR - Connection with remote closed
2025-06-02 09:23:45,150 - INFO - End of the program
2025-06-02 09:23:45,196 - ERROR - Connection with remote closed
2025-06-02 09:23:45,200 - INFO - End of the program
2025-06-02 09:23:45,998 - ERROR - Connection with remote closed
2025-06-02 09:23:46,000 - INFO - End of the program
2025-06-02 09:23:46,500 - ERROR - Connection with remote closed
2025-06-02 09:23:46,502 - INFO - End of the program
2025-06-02 09:23:46,625 - ERROR - Connection with remote closed
2025-06-02 09:23:46,634 - INFO - End of the program
2025-06-02 09:23:46,675 - ERROR - Connection with remote closed
2025-06-02 09:23:46,679 - INFO - End of the program
2025-06-02 09:23:46,920 - ERROR - Connection with remote closed
2025-06-02 09:23:46,922 - INFO - End of the program
2025-06-02 09:23:46,998 - ERROR - Connection with remote closed
2025-06-02 09:23:47,002 - INFO - End of the program
2025-06-02 09:23:47,049 - ERROR - Connection with remote closed
2025-06-02 09:23:47,052 - INFO - End of the program
2025-06-02 09:23:52,493 - INFO - Binding arguments
2025-06-02 09:23:52,496 - INFO - Starting the runner with arguments Args(communication='pipe', port=None, input_pipe='pipes/s2p-1799410943496444', output_pipe='pipes/p2s-1799410943496444', algorithm='dqn', _device='gpu', epsilon=0.0644, _clipping='10.0000', batch_size=117, _ddqn='false', lr=0.0167):
2025-06-02 09:23:52,655 - INFO - Binding arguments
2025-06-02 09:23:52,657 - INFO - Starting the runner with arguments Args(communication='pipe', port=None, input_pipe='pipes/s2p-1799411147665133', output_pipe='pipes/p2s-1799411147665133', algorithm='dqn', _device='gpu', epsilon=0.0644, _clipping='10.0000', batch_size=117, _ddqn='false', lr=0.0167):
2025-06-02 09:23:52,684 - INFO - Binding arguments
2025-06-02 09:23:52,687 - INFO - Starting the runner with arguments Args(communication='pipe', port=None, input_pipe='pipes/s2p-1799411253369113', output_pipe='pipes/p2s-1799411253369113', algorithm='dqn', _device='gpu', epsilon=0.0644, _clipping='10.0000', batch_size=117, _ddqn='false', lr=0.0167):
2025-06-02 09:23:53,005 - INFO - Binding arguments
2025-06-02 09:23:53,007 - INFO - Starting the runner with arguments Args(communication='pipe', port=None, input_pipe='pipes/s2p-1799411663872398', output_pipe='pipes/p2s-1799411663872398', algorithm='dqn', _device='gpu', epsilon=0.0644, _clipping='10.0000', batch_size=117, _ddqn='false', lr=0.0167):
2025-06-02 09:23:53,173 - INFO - Binding arguments
2025-06-02 09:23:53,176 - INFO - Starting the runner with arguments Args(communication='pipe', port=None, input_pipe='pipes/s2p-1799411794145747', output_pipe='pipes/p2s-1799411794145747', algorithm='dqn', _device='gpu', epsilon=0.0644, _clipping='10.0000', batch_size=117, _ddqn='false', lr=0.0167):
2025-06-02 09:23:53,321 - INFO - Binding arguments
2025-06-02 09:23:53,324 - INFO - Starting the runner with arguments Args(communication='pipe', port=None, input_pipe='pipes/s2p-1799411997502512', output_pipe='pipes/p2s-1799411997502512', algorithm='dqn', _device='gpu', epsilon=0.0644, _clipping='10.0000', batch_size=117, _ddqn='false', lr=0.0167):
2025-06-02 09:23:53,976 - INFO - Binding arguments
2025-06-02 09:23:53,978 - INFO - Starting the runner with arguments Args(communication='pipe', port=None, input_pipe='pipes/s2p-1799412578444747', output_pipe='pipes/p2s-1799412578444747', algorithm='dqn', _device='gpu', epsilon=0.0644, _clipping='10.0000', batch_size=117, _ddqn='false', lr=0.0167):
2025-06-02 09:23:53,984 - INFO - Binding arguments
2025-06-02 09:23:53,986 - INFO - Starting the runner with arguments Args(communication='pipe', port=None, input_pipe='pipes/s2p-1799412542130346', output_pipe='pipes/p2s-1799412542130346', algorithm='dqn', _device='gpu', epsilon=0.0644, _clipping='10.0000', batch_size=117, _ddqn='false', lr=0.0167):
2025-06-02 09:23:54,151 - INFO - Binding arguments
2025-06-02 09:23:54,153 - INFO - Starting the runner with arguments Args(communication='pipe', port=None, input_pipe='pipes/s2p-1799412824862960', output_pipe='pipes/p2s-1799412824862960', algorithm='dqn', _device='gpu', epsilon=0.0644, _clipping='10.0000', batch_size=117, _ddqn='false', lr=0.0167):
2025-06-02 09:23:54,491 - INFO - Number of available CUDA devices: 0
2025-06-02 09:23:54,492 - INFO - Starting runner
2025-06-02 09:23:54,747 - INFO - Number of available CUDA devices: 0
2025-06-02 09:23:54,748 - INFO - Starting runner
2025-06-02 09:23:54,821 - INFO - Number of available CUDA devices: 0
2025-06-02 09:23:54,821 - INFO - Starting runner
2025-06-02 09:23:55,314 - INFO - Number of available CUDA devices: 0
2025-06-02 09:23:55,314 - INFO - Starting runner
2025-06-02 09:23:55,351 - INFO - Number of available CUDA devices: 0
2025-06-02 09:23:55,357 - INFO - Starting runner
2025-06-02 09:23:55,554 - INFO - Number of available CUDA devices: 0
2025-06-02 09:23:55,557 - INFO - Starting runner
2025-06-02 09:23:56,122 - INFO - Number of available CUDA devices: 0
2025-06-02 09:23:56,126 - INFO - Starting runner
2025-06-02 09:23:56,200 - INFO - Number of available CUDA devices: 0
2025-06-02 09:23:56,200 - INFO - Starting runner
2025-06-02 09:23:56,365 - INFO - Number of available CUDA devices: 0
2025-06-02 09:23:56,366 - INFO - Starting runner
2025-06-02 09:24:33,921 - ERROR - Connection with remote closed
2025-06-02 09:24:33,932 - INFO - End of the program
2025-06-02 09:24:50,161 - INFO - Binding arguments
2025-06-02 09:24:50,163 - INFO - Starting the runner with arguments Args(communication='pipe', port=None, input_pipe='pipes/s2p-1799464462137885', output_pipe='pipes/p2s-1799464462137885', algorithm='dqn', _device='gpu', epsilon=0.0644, _clipping='10.0000', batch_size=117, _ddqn='false', lr=0.0167):
2025-06-02 09:24:50,179 - INFO - Number of available CUDA devices: 0
2025-06-02 09:24:50,207 - INFO - Starting runner
2025-06-02 09:24:51,068 - ERROR - Connection with remote closed
2025-06-02 09:24:51,085 - INFO - End of the program
2025-06-02 09:24:51,277 - ERROR - Connection with remote closed
2025-06-02 09:24:51,281 - INFO - End of the program
2025-06-02 09:24:51,427 - ERROR - Connection with remote closed
2025-06-02 09:24:51,430 - INFO - End of the program
2025-06-02 09:24:52,035 - ERROR - Connection with remote closed
2025-06-02 09:24:52,039 - INFO - End of the program
2025-06-02 09:24:52,215 - ERROR - Connection with remote closed
2025-06-02 09:24:52,225 - INFO - End of the program
2025-06-02 09:24:52,623 - ERROR - Connection with remote closed
2025-06-02 09:24:52,627 - INFO - End of the program
2025-06-02 09:24:52,680 - ERROR - Connection with remote closed
2025-06-02 09:24:52,684 - INFO - End of the program
2025-06-02 09:24:52,732 - ERROR - Connection with remote closed
2025-06-02 09:24:52,736 - INFO - End of the program
2025-06-02 09:24:52,925 - ERROR - Connection with remote closed
2025-06-02 09:24:52,929 - INFO - End of the program
2025-06-02 09:24:54,247 - ERROR - Connection with remote closed
2025-06-02 09:24:54,251 - INFO - End of the program
2025-06-02 09:24:57,734 - INFO - Binding arguments
2025-06-02 09:24:57,737 - INFO - Starting the runner with arguments Args(communication='pipe', port=None, input_pipe='pipes/s2p-1799486349517885', output_pipe='pipes/p2s-1799486349517885', algorithm='dqn', _device='gpu', epsilon=0.0644, _clipping='10.0000', batch_size=117, _ddqn='false', lr=0.0167):
2025-06-02 09:24:57,787 - INFO - Binding arguments
2025-06-02 09:24:57,789 - INFO - Starting the runner with arguments Args(communication='pipe', port=None, input_pipe='pipes/s2p-1799486479157849', output_pipe='pipes/p2s-1799486479157849', algorithm='dqn', _device='gpu', epsilon=0.0644, _clipping='10.0000', batch_size=117, _ddqn='false', lr=0.0167):
2025-06-02 09:24:58,019 - INFO - Binding arguments
2025-06-02 09:24:58,022 - INFO - Starting the runner with arguments Args(communication='pipe', port=None, input_pipe='pipes/s2p-1799486779237292', output_pipe='pipes/p2s-1799486779237292', algorithm='dqn', _device='gpu', epsilon=0.0644, _clipping='10.0000', batch_size=117, _ddqn='false', lr=0.0167):
2025-06-02 09:24:58,396 - INFO - Binding arguments
2025-06-02 09:24:58,399 - INFO - Starting the runner with arguments Args(communication='pipe', port=None, input_pipe='pipes/s2p-1799487139654447', output_pipe='pipes/p2s-1799487139654447', algorithm='dqn', _device='gpu', epsilon=0.0644, _clipping='10.0000', batch_size=117, _ddqn='false', lr=0.0167):
2025-06-02 09:24:58,493 - INFO - Binding arguments
2025-06-02 09:24:58,495 - INFO - Starting the runner with arguments Args(communication='pipe', port=None, input_pipe='pipes/s2p-1799487155507243', output_pipe='pipes/p2s-1799487155507243', algorithm='dqn', _device='gpu', epsilon=0.0644, _clipping='10.0000', batch_size=117, _ddqn='false', lr=0.0167):
2025-06-02 09:24:58,812 - INFO - Binding arguments
2025-06-02 09:24:58,814 - INFO - Starting the runner with arguments Args(communication='pipe', port=None, input_pipe='pipes/s2p-1799487613309661', output_pipe='pipes/p2s-1799487613309661', algorithm='dqn', _device='gpu', epsilon=0.0644, _clipping='10.0000', batch_size=117, _ddqn='false', lr=0.0167):
2025-06-02 09:24:59,000 - INFO - Binding arguments
2025-06-02 09:24:59,002 - INFO - Starting the runner with arguments Args(communication='pipe', port=None, input_pipe='pipes/s2p-1799487795485056', output_pipe='pipes/p2s-1799487795485056', algorithm='dqn', _device='gpu', epsilon=0.0644, _clipping='10.0000', batch_size=117, _ddqn='false', lr=0.0167):
2025-06-02 09:24:59,065 - INFO - Binding arguments
2025-06-02 09:24:59,067 - INFO - Starting the runner with arguments Args(communication='pipe', port=None, input_pipe='pipes/s2p-1799487860697329', output_pipe='pipes/p2s-1799487860697329', algorithm='dqn', _device='gpu', epsilon=0.0644, _clipping='10.0000', batch_size=117, _ddqn='false', lr=0.0167):
2025-06-02 09:24:59,250 - INFO - Binding arguments
2025-06-02 09:24:59,252 - INFO - Starting the runner with arguments Args(communication='pipe', port=None, input_pipe='pipes/s2p-1799488071507950', output_pipe='pipes/p2s-1799488071507950', algorithm='dqn', _device='gpu', epsilon=0.0644, _clipping='10.0000', batch_size=117, _ddqn='false', lr=0.0167):
2025-06-02 09:24:59,877 - INFO - Number of available CUDA devices: 0
2025-06-02 09:24:59,881 - INFO - Starting runner
2025-06-02 09:25:00,023 - INFO - Number of available CUDA devices: 0
2025-06-02 09:25:00,024 - INFO - Starting runner
2025-06-02 09:25:00,327 - INFO - Binding arguments
2025-06-02 09:25:00,329 - INFO - Starting the runner with arguments Args(communication='pipe', port=None, input_pipe='pipes/s2p-1799489163032800', output_pipe='pipes/p2s-1799489163032800', algorithm='dqn', _device='gpu', epsilon=0.0644, _clipping='10.0000', batch_size=117, _ddqn='false', lr=0.0167):
2025-06-02 09:25:00,340 - INFO - Number of available CUDA devices: 0
2025-06-02 09:25:00,340 - INFO - Starting runner
2025-06-02 09:25:00,675 - INFO - Number of available CUDA devices: 0
2025-06-02 09:25:00,675 - INFO - Starting runner
2025-06-02 09:25:00,697 - INFO - Number of available CUDA devices: 0
2025-06-02 09:25:00,701 - INFO - Starting runner
2025-06-02 09:25:01,137 - INFO - Number of available CUDA devices: 0
2025-06-02 09:25:01,150 - INFO - Starting runner
2025-06-02 09:25:01,351 - INFO - Number of available CUDA devices: 0
2025-06-02 09:25:01,355 - INFO - Starting runner
2025-06-02 09:25:01,383 - INFO - Number of available CUDA devices: 0
2025-06-02 09:25:01,384 - INFO - Starting runner
2025-06-02 09:25:01,594 - INFO - Number of available CUDA devices: 0
2025-06-02 09:25:01,594 - INFO - Starting runner
2025-06-02 09:25:02,681 - INFO - Number of available CUDA devices: 0
2025-06-02 09:25:02,684 - INFO - Starting runner
2025-06-02 09:28:56,459 - ERROR - Connection with remote closed
2025-06-02 09:28:56,465 - INFO - End of the program
2025-06-02 09:28:57,027 - ERROR - Connection with remote closed
2025-06-02 09:28:57,029 - INFO - End of the program
2025-06-02 09:28:57,250 - ERROR - Connection with remote closed
2025-06-02 09:28:57,252 - INFO - End of the program
2025-06-02 09:28:57,456 - ERROR - Connection with remote closed
2025-06-02 09:28:57,458 - INFO - End of the program
2025-06-02 09:28:57,635 - ERROR - Connection with remote closed
2025-06-02 09:28:57,640 - INFO - End of the program
2025-06-02 09:28:58,425 - ERROR - Connection with remote closed
2025-06-02 09:28:58,428 - INFO - End of the program
2025-06-02 09:28:58,441 - ERROR - Connection with remote closed
2025-06-02 09:28:58,444 - INFO - End of the program
2025-06-02 09:28:58,657 - ERROR - Connection with remote closed
2025-06-02 09:28:58,659 - INFO - End of the program
2025-06-02 09:28:58,746 - ERROR - Connection with remote closed
2025-06-02 09:28:58,748 - INFO - End of the program
2025-06-02 09:29:04,045 - INFO - Binding arguments
2025-06-02 09:29:04,047 - INFO - Starting the runner with arguments Args(communication='pipe', port=None, input_pipe='pipes/s2p-1799722600633681', output_pipe='pipes/p2s-1799722600633681', algorithm='dqn', _device='gpu', epsilon=0.0644, _clipping='10.0000', batch_size=117, _ddqn='false', lr=0.0167):
2025-06-02 09:29:04,454 - INFO - Binding arguments
2025-06-02 09:29:04,456 - INFO - Starting the runner with arguments Args(communication='pipe', port=None, input_pipe='pipes/s2p-1799722995322700', output_pipe='pipes/p2s-1799722995322700', algorithm='dqn', _device='gpu', epsilon=0.0644, _clipping='10.0000', batch_size=117, _ddqn='false', lr=0.0167):
2025-06-02 09:29:04,582 - INFO - Binding arguments
2025-06-02 09:29:04,584 - INFO - Starting the runner with arguments Args(communication='pipe', port=None, input_pipe='pipes/s2p-1799723062898755', output_pipe='pipes/p2s-1799723062898755', algorithm='dqn', _device='gpu', epsilon=0.0644, _clipping='10.0000', batch_size=117, _ddqn='false', lr=0.0167):
2025-06-02 09:29:04,589 - INFO - Binding arguments
2025-06-02 09:29:04,591 - INFO - Starting the runner with arguments Args(communication='pipe', port=None, input_pipe='pipes/s2p-1799723003495984', output_pipe='pipes/p2s-1799723003495984', algorithm='dqn', _device='gpu', epsilon=0.0644, _clipping='10.0000', batch_size=117, _ddqn='false', lr=0.0167):
2025-06-02 09:29:04,602 - INFO - Binding arguments
2025-06-02 09:29:04,605 - INFO - Starting the runner with arguments Args(communication='pipe', port=None, input_pipe='pipes/s2p-1799723231260914', output_pipe='pipes/p2s-1799723231260914', algorithm='dqn', _device='gpu', epsilon=0.0644, _clipping='10.0000', batch_size=117, _ddqn='false', lr=0.0167):
2025-06-02 09:29:04,872 - INFO - Binding arguments
2025-06-02 09:29:04,874 - INFO - Starting the runner with arguments Args(communication='pipe', port=None, input_pipe='pipes/s2p-1799723619613888', output_pipe='pipes/p2s-1799723619613888', algorithm='dqn', _device='gpu', epsilon=0.0644, _clipping='10.0000', batch_size=117, _ddqn='false', lr=0.0167):
2025-06-02 09:29:05,114 - INFO - Binding arguments
2025-06-02 09:29:05,116 - INFO - Starting the runner with arguments Args(communication='pipe', port=None, input_pipe='pipes/s2p-1799723710874408', output_pipe='pipes/p2s-1799723710874408', algorithm='dqn', _device='gpu', epsilon=0.0644, _clipping='10.0000', batch_size=117, _ddqn='false', lr=0.0167):
2025-06-02 09:29:05,410 - INFO - Binding arguments
2025-06-02 09:29:05,412 - INFO - Starting the runner with arguments Args(communication='pipe', port=None, input_pipe='pipes/s2p-1799724151310922', output_pipe='pipes/p2s-1799724151310922', algorithm='dqn', _device='gpu', epsilon=0.0644, _clipping='10.0000', batch_size=117, _ddqn='false', lr=0.0167):
2025-06-02 09:29:05,447 - INFO - Binding arguments
2025-06-02 09:29:05,449 - INFO - Starting the runner with arguments Args(communication='pipe', port=None, input_pipe='pipes/s2p-1799724132183683', output_pipe='pipes/p2s-1799724132183683', algorithm='dqn', _device='gpu', epsilon=0.0644, _clipping='10.0000', batch_size=117, _ddqn='false', lr=0.0167):
2025-06-02 09:29:06,173 - INFO - Number of available CUDA devices: 0
2025-06-02 09:29:06,176 - INFO - Starting runner
2025-06-02 09:29:06,574 - INFO - Number of available CUDA devices: 0
2025-06-02 09:29:06,575 - INFO - Starting runner
2025-06-02 09:29:06,623 - INFO - Number of available CUDA devices: 0
2025-06-02 09:29:06,623 - INFO - Starting runner
2025-06-02 09:29:06,635 - INFO - Number of available CUDA devices: 0
2025-06-02 09:29:06,638 - INFO - Starting runner
2025-06-02 09:29:06,826 - INFO - Number of available CUDA devices: 0
2025-06-02 09:29:06,830 - INFO - Starting runner
2025-06-02 09:29:07,178 - INFO - Number of available CUDA devices: 0
2025-06-02 09:29:07,182 - INFO - Starting runner
2025-06-02 09:29:07,352 - INFO - Number of available CUDA devices: 0
2025-06-02 09:29:07,365 - INFO - Starting runner
2025-06-02 09:29:07,673 - INFO - Number of available CUDA devices: 0
2025-06-02 09:29:07,674 - INFO - Starting runner
2025-06-02 09:29:07,694 - INFO - Number of available CUDA devices: 0
2025-06-02 09:29:07,694 - INFO - Starting runner
2025-06-02 09:30:00,985 - ERROR - Connection with remote closed
2025-06-02 09:30:00,996 - INFO - End of the program
2025-06-02 09:30:01,975 - ERROR - Connection with remote closed
2025-06-02 09:30:01,980 - INFO - End of the program
2025-06-02 09:30:02,077 - ERROR - Connection with remote closed
2025-06-02 09:30:02,081 - INFO - End of the program
2025-06-02 09:30:02,090 - ERROR - Connection with remote closed
2025-06-02 09:30:02,092 - INFO - End of the program
2025-06-02 09:30:02,477 - ERROR - Connection with remote closed
2025-06-02 09:30:02,480 - INFO - End of the program
2025-06-02 09:30:03,264 - ERROR - Connection with remote closed
2025-06-02 09:30:03,266 - INFO - End of the program
2025-06-02 09:30:03,514 - ERROR - Connection with remote closed
2025-06-02 09:30:03,516 - INFO - End of the program
2025-06-02 09:30:03,560 - ERROR - Connection with remote closed
2025-06-02 09:30:03,563 - INFO - End of the program
2025-06-02 09:30:03,587 - ERROR - Connection with remote closed
2025-06-02 09:30:03,590 - INFO - End of the program
2025-06-02 09:30:03,719 - ERROR - Connection with remote closed
2025-06-02 09:30:03,722 - INFO - End of the program
2025-06-02 09:30:08,064 - INFO - Binding arguments
2025-06-02 09:30:08,067 - INFO - Starting the runner with arguments Args(communication='pipe', port=None, input_pipe='pipes/s2p-1799796690210353', output_pipe='pipes/p2s-1799796690210353', algorithm='dqn', _device='gpu', epsilon=0.0644, _clipping='10.0000', batch_size=117, _ddqn='false', lr=0.0167):
2025-06-02 09:30:08,456 - INFO - Binding arguments
2025-06-02 09:30:08,458 - INFO - Starting the runner with arguments Args(communication='pipe', port=None, input_pipe='pipes/s2p-1799797269272416', output_pipe='pipes/p2s-1799797269272416', algorithm='dqn', _device='gpu', epsilon=0.0644, _clipping='10.0000', batch_size=117, _ddqn='false', lr=0.0167):
2025-06-02 09:30:08,824 - INFO - Binding arguments
2025-06-02 09:30:08,827 - INFO - Starting the runner with arguments Args(communication='pipe', port=None, input_pipe='pipes/s2p-1799797373778439', output_pipe='pipes/p2s-1799797373778439', algorithm='dqn', _device='gpu', epsilon=0.0644, _clipping='10.0000', batch_size=117, _ddqn='false', lr=0.0167):
2025-06-02 09:30:08,883 - INFO - Binding arguments
2025-06-02 09:30:08,885 - INFO - Starting the runner with arguments Args(communication='pipe', port=None, input_pipe='pipes/s2p-1799797448245984', output_pipe='pipes/p2s-1799797448245984', algorithm='dqn', _device='gpu', epsilon=0.0644, _clipping='10.0000', batch_size=117, _ddqn='false', lr=0.0167):
2025-06-02 09:30:09,163 - INFO - Binding arguments
2025-06-02 09:30:09,165 - INFO - Starting the runner with arguments Args(communication='pipe', port=None, input_pipe='pipes/s2p-1799797894636388', output_pipe='pipes/p2s-1799797894636388', algorithm='dqn', _device='gpu', epsilon=0.0644, _clipping='10.0000', batch_size=117, _ddqn='false', lr=0.0167):
2025-06-02 09:30:09,487 - INFO - Binding arguments
2025-06-02 09:30:09,489 - INFO - Starting the runner with arguments Args(communication='pipe', port=None, input_pipe='pipes/s2p-1799798288142231', output_pipe='pipes/p2s-1799798288142231', algorithm='dqn', _device='gpu', epsilon=0.0644, _clipping='10.0000', batch_size=117, _ddqn='false', lr=0.0167):
2025-06-02 09:30:09,779 - INFO - Binding arguments
2025-06-02 09:30:09,782 - INFO - Starting the runner with arguments Args(communication='pipe', port=None, input_pipe='pipes/s2p-1799798534923168', output_pipe='pipes/p2s-1799798534923168', algorithm='dqn', _device='gpu', epsilon=0.0644, _clipping='10.0000', batch_size=117, _ddqn='false', lr=0.0167):
2025-06-02 09:30:09,829 - INFO - Binding arguments
2025-06-02 09:30:09,831 - INFO - Starting the runner with arguments Args(communication='pipe', port=None, input_pipe='pipes/s2p-1799798520966782', output_pipe='pipes/p2s-1799798520966782', algorithm='dqn', _device='gpu', epsilon=0.0644, _clipping='10.0000', batch_size=117, _ddqn='false', lr=0.0167):
2025-06-02 09:30:09,837 - INFO - Binding arguments
2025-06-02 09:30:09,839 - INFO - Starting the runner with arguments Args(communication='pipe', port=None, input_pipe='pipes/s2p-1799798614832836', output_pipe='pipes/p2s-1799798614832836', algorithm='dqn', _device='gpu', epsilon=0.0644, _clipping='10.0000', batch_size=117, _ddqn='false', lr=0.0167):
2025-06-02 09:30:09,862 - INFO - Binding arguments
2025-06-02 09:30:09,864 - INFO - Starting the runner with arguments Args(communication='pipe', port=None, input_pipe='pipes/s2p-1799798667095761', output_pipe='pipes/p2s-1799798667095761', algorithm='dqn', _device='gpu', epsilon=0.0644, _clipping='10.0000', batch_size=117, _ddqn='false', lr=0.0167):
2025-06-02 09:30:10,232 - INFO - Number of available CUDA devices: 0
2025-06-02 09:30:10,234 - INFO - Starting runner
2025-06-02 09:30:10,234 - ERROR - Connection with remote closed
2025-06-02 09:30:10,244 - INFO - End of the program
2025-06-02 09:30:10,795 - INFO - Number of available CUDA devices: 0
2025-06-02 09:30:10,798 - INFO - Starting runner
2025-06-02 09:30:10,922 - INFO - Number of available CUDA devices: 0
2025-06-02 09:30:10,923 - INFO - Starting runner
2025-06-02 09:30:11,004 - INFO - Number of available CUDA devices: 0
2025-06-02 09:30:11,005 - INFO - Starting runner
2025-06-02 09:30:11,444 - INFO - Number of available CUDA devices: 0
2025-06-02 09:30:11,448 - INFO - Starting runner
2025-06-02 09:30:11,806 - INFO - Number of available CUDA devices: 0
2025-06-02 09:30:11,814 - INFO - Starting runner
2025-06-02 09:30:12,045 - INFO - Number of available CUDA devices: 0
2025-06-02 09:30:12,046 - INFO - Starting runner
2025-06-02 09:30:12,051 - INFO - Number of available CUDA devices: 0
2025-06-02 09:30:12,051 - INFO - Starting runner
2025-06-02 09:30:12,138 - INFO - Number of available CUDA devices: 0
2025-06-02 09:30:12,139 - INFO - Starting runner
2025-06-02 09:30:12,190 - INFO - Number of available CUDA devices: 0
2025-06-02 09:30:12,190 - INFO - Starting runner
2025-06-02 09:30:24,760 - INFO - Binding arguments
2025-06-02 09:30:24,773 - INFO - Starting the runner with arguments Args(communication='pipe', port=None, input_pipe='pipes/s2p-1799799635438630', output_pipe='pipes/p2s-1799799635438630', algorithm='dqn', _device='gpu', epsilon=0.0644, _clipping='10.0000', batch_size=117, _ddqn='false', lr=0.0167):
2025-06-02 09:30:24,787 - INFO - Number of available CUDA devices: 0
2025-06-02 09:30:24,796 - INFO - Starting runner
2025-06-02 09:34:07,697 - ERROR - Connection with remote closed
2025-06-02 09:34:07,700 - INFO - End of the program
2025-06-02 09:34:07,996 - ERROR - Connection with remote closed
2025-06-02 09:34:07,999 - INFO - End of the program
2025-06-02 09:34:08,045 - ERROR - Connection with remote closed
2025-06-02 09:34:08,047 - INFO - End of the program
2025-06-02 09:34:08,756 - ERROR - Connection with remote closed
2025-06-02 09:34:08,758 - INFO - End of the program
2025-06-02 09:34:09,543 - ERROR - Connection with remote closed
2025-06-02 09:34:09,551 - INFO - End of the program
2025-06-02 09:34:09,956 - ERROR - Connection with remote closed
2025-06-02 09:34:09,961 - INFO - End of the program
2025-06-02 09:34:09,987 - ERROR - Connection with remote closed
2025-06-02 09:34:09,989 - INFO - End of the program
2025-06-02 09:34:10,139 - ERROR - Connection with remote closed
2025-06-02 09:34:10,141 - INFO - End of the program
2025-06-02 09:34:14,264 - ERROR - Connection with remote closed
2025-06-02 09:34:14,268 - INFO - End of the program
2025-06-02 09:34:17,052 - INFO - Binding arguments
2025-06-02 09:34:17,054 - INFO - Starting the runner with arguments Args(communication='pipe', port=None, input_pipe='pipes/s2p-1800035597638212', output_pipe='pipes/p2s-1800035597638212', algorithm='dqn', _device='gpu', epsilon=0.0644, _clipping='10.0000', batch_size=117, _ddqn='false', lr=0.0167):
2025-06-02 09:34:17,183 - INFO - Binding arguments
2025-06-02 09:34:17,185 - INFO - Starting the runner with arguments Args(communication='pipe', port=None, input_pipe='pipes/s2p-1800035742500885', output_pipe='pipes/p2s-1800035742500885', algorithm='dqn', _device='gpu', epsilon=0.0644, _clipping='10.0000', batch_size=117, _ddqn='false', lr=0.0167):
2025-06-02 09:34:17,199 - INFO - Binding arguments
2025-06-02 09:34:17,202 - INFO - Starting the runner with arguments Args(communication='pipe', port=None, input_pipe='pipes/s2p-1800035721546036', output_pipe='pipes/p2s-1800035721546036', algorithm='dqn', _device='gpu', epsilon=0.0644, _clipping='10.0000', batch_size=117, _ddqn='false', lr=0.0167):
2025-06-02 09:34:17,420 - INFO - Binding arguments
2025-06-02 09:34:17,422 - INFO - Starting the runner with arguments Args(communication='pipe', port=None, input_pipe='pipes/s2p-1800035943761637', output_pipe='pipes/p2s-1800035943761637', algorithm='dqn', _device='gpu', epsilon=0.0644, _clipping='10.0000', batch_size=117, _ddqn='false', lr=0.0167):
2025-06-02 09:34:17,556 - INFO - Binding arguments
2025-06-02 09:34:17,559 - INFO - Starting the runner with arguments Args(communication='pipe', port=None, input_pipe='pipes/s2p-1800036078702438', output_pipe='pipes/p2s-1800036078702438', algorithm='dqn', _device='gpu', epsilon=0.0644, _clipping='10.0000', batch_size=117, _ddqn='false', lr=0.0167):
2025-06-02 09:34:17,573 - INFO - Binding arguments
2025-06-02 09:34:17,575 - INFO - Starting the runner with arguments Args(communication='pipe', port=None, input_pipe='pipes/s2p-1800036177509282', output_pipe='pipes/p2s-1800036177509282', algorithm='dqn', _device='gpu', epsilon=0.0644, _clipping='10.0000', batch_size=117, _ddqn='false', lr=0.0167):
2025-06-02 09:34:17,744 - INFO - Binding arguments
2025-06-02 09:34:17,746 - INFO - Starting the runner with arguments Args(communication='pipe', port=None, input_pipe='pipes/s2p-1800036279962298', output_pipe='pipes/p2s-1800036279962298', algorithm='dqn', _device='gpu', epsilon=0.0644, _clipping='10.0000', batch_size=117, _ddqn='false', lr=0.0167):
2025-06-02 09:34:18,209 - INFO - Binding arguments
2025-06-02 09:34:18,211 - INFO - Starting the runner with arguments Args(communication='pipe', port=None, input_pipe='pipes/s2p-1800036818989962', output_pipe='pipes/p2s-1800036818989962', algorithm='dqn', _device='gpu', epsilon=0.0644, _clipping='10.0000', batch_size=117, _ddqn='false', lr=0.0167):
2025-06-02 09:34:19,140 - INFO - Number of available CUDA devices: 0
2025-06-02 09:34:19,141 - INFO - Starting runner
2025-06-02 09:34:19,280 - INFO - Number of available CUDA devices: 0
2025-06-02 09:34:19,283 - INFO - Starting runner
2025-06-02 09:34:19,336 - INFO - Number of available CUDA devices: 0
2025-06-02 09:34:19,337 - INFO - Starting runner
2025-06-02 09:34:19,505 - INFO - Number of available CUDA devices: 0
2025-06-02 09:34:19,508 - INFO - Starting runner
2025-06-02 09:34:19,625 - INFO - Number of available CUDA devices: 0
2025-06-02 09:34:19,627 - INFO - Starting runner
2025-06-02 09:34:19,719 - INFO - Number of available CUDA devices: 0
2025-06-02 09:34:19,719 - INFO - Starting runner
2025-06-02 09:34:19,835 - INFO - Number of available CUDA devices: 0
2025-06-02 09:34:19,836 - INFO - Starting runner
2025-06-02 09:34:20,364 - INFO - Number of available CUDA devices: 0
2025-06-02 09:34:20,368 - INFO - Starting runner
2025-06-02 09:34:22,826 - INFO - Binding arguments
2025-06-02 09:34:22,828 - INFO - Starting the runner with arguments Args(communication='pipe', port=None, input_pipe='pipes/s2p-1800039252695343', output_pipe='pipes/p2s-1800039252695343', algorithm='dqn', _device='gpu', epsilon=0.0644, _clipping='10.0000', batch_size=117, _ddqn='false', lr=0.0167):
2025-06-02 09:34:22,829 - INFO - Number of available CUDA devices: 0
2025-06-02 09:34:22,831 - INFO - Starting runner
2025-06-02 09:35:14,920 - ERROR - Connection with remote closed
2025-06-02 09:35:14,971 - INFO - End of the program
2025-06-02 09:35:15,000 - ERROR - Connection with remote closed
2025-06-02 09:35:15,004 - INFO - End of the program
2025-06-02 09:35:15,354 - ERROR - Connection with remote closed
2025-06-02 09:35:15,356 - INFO - End of the program
2025-06-02 09:35:15,394 - ERROR - Connection with remote closed
2025-06-02 09:35:15,397 - INFO - End of the program
2025-06-02 09:35:15,491 - ERROR - Connection with remote closed
2025-06-02 09:35:15,494 - INFO - End of the program
2025-06-02 09:35:15,504 - ERROR - Connection with remote closed
2025-06-02 09:35:15,513 - INFO - End of the program
2025-06-02 09:35:21,951 - ERROR - Connection with remote closed
2025-06-02 09:35:21,953 - INFO - End of the program
2025-06-02 09:35:22,379 - ERROR - Connection with remote closed
2025-06-02 09:35:22,382 - INFO - End of the program
2025-06-02 09:35:22,548 - ERROR - Connection with remote closed
2025-06-02 09:35:22,550 - INFO - End of the program
2025-06-02 09:35:24,517 - ERROR - Connection with remote closed
2025-06-02 09:35:24,523 - INFO - End of the program
2025-06-02 09:35:24,867 - INFO - Binding arguments
2025-06-02 09:35:24,870 - INFO - Starting the runner with arguments Args(communication='pipe', port=None, input_pipe='pipes/s2p-1800113336869489', output_pipe='pipes/p2s-1800113336869489', algorithm='dqn', _device='gpu', epsilon=0.0644, _clipping='10.0000', batch_size=117, _ddqn='false', lr=0.0167):
2025-06-02 09:35:24,984 - INFO - Binding arguments
2025-06-02 09:35:24,986 - INFO - Starting the runner with arguments Args(communication='pipe', port=None, input_pipe='pipes/s2p-1800113464891449', output_pipe='pipes/p2s-1800113464891449', algorithm='dqn', _device='gpu', epsilon=0.0644, _clipping='10.0000', batch_size=117, _ddqn='false', lr=0.0167):
2025-06-02 09:35:25,342 - INFO - Binding arguments
2025-06-02 09:35:25,344 - INFO - Starting the runner with arguments Args(communication='pipe', port=None, input_pipe='pipes/s2p-1800113892148882', output_pipe='pipes/p2s-1800113892148882', algorithm='dqn', _device='gpu', epsilon=0.0644, _clipping='10.0000', batch_size=117, _ddqn='false', lr=0.0167):
2025-06-02 09:35:25,346 - INFO - Binding arguments
2025-06-02 09:35:25,349 - INFO - Starting the runner with arguments Args(communication='pipe', port=None, input_pipe='pipes/s2p-1800113841742865', output_pipe='pipes/p2s-1800113841742865', algorithm='dqn', _device='gpu', epsilon=0.0644, _clipping='10.0000', batch_size=117, _ddqn='false', lr=0.0167):
2025-06-02 09:35:25,364 - INFO - Binding arguments
2025-06-02 09:35:25,367 - INFO - Starting the runner with arguments Args(communication='pipe', port=None, input_pipe='pipes/s2p-1800113827267655', output_pipe='pipes/p2s-1800113827267655', algorithm='dqn', _device='gpu', epsilon=0.0644, _clipping='10.0000', batch_size=117, _ddqn='false', lr=0.0167):
2025-06-02 09:35:25,370 - INFO - Binding arguments
2025-06-02 09:35:25,372 - INFO - Starting the runner with arguments Args(communication='pipe', port=None, input_pipe='pipes/s2p-1800113738583369', output_pipe='pipes/p2s-1800113738583369', algorithm='dqn', _device='gpu', epsilon=0.0644, _clipping='10.0000', batch_size=117, _ddqn='false', lr=0.0167):
2025-06-02 09:35:26,966 - INFO - Number of available CUDA devices: 0
2025-06-02 09:35:26,971 - INFO - Starting runner
2025-06-02 09:35:26,995 - INFO - Number of available CUDA devices: 0
2025-06-02 09:35:26,996 - INFO - Starting runner
2025-06-02 09:35:27,276 - INFO - Number of available CUDA devices: 0
2025-06-02 09:35:27,277 - INFO - Starting runner
2025-06-02 09:35:27,361 - INFO - Number of available CUDA devices: 0
2025-06-02 09:35:27,365 - INFO - Starting runner
2025-06-02 09:35:27,371 - INFO - Number of available CUDA devices: 0
2025-06-02 09:35:27,372 - INFO - Starting runner
2025-06-02 09:35:27,418 - INFO - Number of available CUDA devices: 0
2025-06-02 09:35:27,419 - INFO - Starting runner
2025-06-02 09:35:28,425 - ERROR - Connection with remote closed
2025-06-02 09:35:28,431 - INFO - End of the program
2025-06-02 09:35:29,542 - INFO - Binding arguments
2025-06-02 09:35:29,545 - INFO - Starting the runner with arguments Args(communication='pipe', port=None, input_pipe='pipes/s2p-1800117071524441', output_pipe='pipes/p2s-1800117071524441', algorithm='dqn', _device='gpu', epsilon=0.0644, _clipping='10.0000', batch_size=117, _ddqn='false', lr=0.0167):
2025-06-02 09:35:30,597 - INFO - Number of available CUDA devices: 0
2025-06-02 09:35:30,598 - INFO - Starting runner
2025-06-02 09:35:31,322 - INFO - Binding arguments
2025-06-02 09:35:31,324 - INFO - Starting the runner with arguments Args(communication='pipe', port=None, input_pipe='pipes/s2p-1800117432109428', output_pipe='pipes/p2s-1800117432109428', algorithm='dqn', _device='gpu', epsilon=0.0644, _clipping='10.0000', batch_size=117, _ddqn='false', lr=0.0167):
2025-06-02 09:35:31,326 - INFO - Number of available CUDA devices: 0
2025-06-02 09:35:31,333 - INFO - Starting runner
2025-06-02 09:35:32,246 - INFO - Binding arguments
2025-06-02 09:35:32,248 - INFO - Starting the runner with arguments Args(communication='pipe', port=None, input_pipe='pipes/s2p-1800117262428861', output_pipe='pipes/p2s-1800117262428861', algorithm='dqn', _device='gpu', epsilon=0.0644, _clipping='10.0000', batch_size=117, _ddqn='false', lr=0.0167):
2025-06-02 09:35:32,252 - INFO - Number of available CUDA devices: 0
2025-06-02 09:35:32,257 - INFO - Starting runner
2025-06-02 09:35:35,996 - INFO - Binding arguments
2025-06-02 09:35:35,998 - INFO - Starting the runner with arguments Args(communication='pipe', port=None, input_pipe='pipes/s2p-1800120375951659', output_pipe='pipes/p2s-1800120375951659', algorithm='dqn', _device='gpu', epsilon=0.0644, _clipping='10.0000', batch_size=117, _ddqn='false', lr=0.0167):
2025-06-02 09:35:35,999 - INFO - Number of available CUDA devices: 0
2025-06-02 09:35:36,003 - INFO - Starting runner
2025-06-02 09:35:39,430 - INFO - Binding arguments
2025-06-02 09:35:39,440 - INFO - Starting the runner with arguments Args(communication='pipe', port=None, input_pipe='pipes/s2p-1800115491292080', output_pipe='pipes/p2s-1800115491292080', algorithm='dqn', _device='gpu', epsilon=0.0644, _clipping='10.0000', batch_size=117, _ddqn='false', lr=0.0167):
2025-06-02 09:35:39,441 - INFO - Number of available CUDA devices: 0
2025-06-02 09:35:39,462 - INFO - Starting runner
2025-06-02 09:39:20,640 - ERROR - Connection with remote closed
2025-06-02 09:39:20,643 - INFO - End of the program
2025-06-02 09:39:21,061 - ERROR - Connection with remote closed
2025-06-02 09:39:21,063 - INFO - End of the program
2025-06-02 09:39:22,030 - ERROR - Connection with remote closed
2025-06-02 09:39:22,040 - INFO - End of the program
2025-06-02 09:39:22,875 - ERROR - Connection with remote closed
2025-06-02 09:39:22,878 - INFO - End of the program
2025-06-02 09:39:23,009 - ERROR - Connection with remote closed
2025-06-02 09:39:23,012 - INFO - End of the program
2025-06-02 09:39:23,028 - ERROR - Connection with remote closed
2025-06-02 09:39:23,030 - INFO - End of the program
2025-06-02 09:39:23,320 - ERROR - Connection with remote closed
2025-06-02 09:39:23,322 - INFO - End of the program
2025-06-02 09:39:23,385 - ERROR - Connection with remote closed
2025-06-02 09:39:23,387 - INFO - End of the program
2025-06-02 09:39:23,997 - ERROR - Connection with remote closed
2025-06-02 09:39:24,000 - INFO - End of the program
2025-06-02 09:39:29,004 - INFO - Binding arguments
2025-06-02 09:39:29,007 - INFO - Starting the runner with arguments Args(communication='pipe', port=None, input_pipe='pipes/s2p-1800347406618033', output_pipe='pipes/p2s-1800347406618033', algorithm='dqn', _device='gpu', epsilon=0.0644, _clipping='10.0000', batch_size=117, _ddqn='false', lr=0.0167):
2025-06-02 09:39:29,032 - INFO - Binding arguments
2025-06-02 09:39:29,034 - INFO - Starting the runner with arguments Args(communication='pipe', port=None, input_pipe='pipes/s2p-1800347432350303', output_pipe='pipes/p2s-1800347432350303', algorithm='dqn', _device='gpu', epsilon=0.0644, _clipping='10.0000', batch_size=117, _ddqn='false', lr=0.0167):
2025-06-02 09:39:29,509 - INFO - Binding arguments
2025-06-02 09:39:29,511 - INFO - Starting the runner with arguments Args(communication='pipe', port=None, input_pipe='pipes/s2p-1800348177735729', output_pipe='pipes/p2s-1800348177735729', algorithm='dqn', _device='gpu', epsilon=0.0644, _clipping='10.0000', batch_size=117, _ddqn='false', lr=0.0167):
2025-06-02 09:39:29,514 - INFO - Binding arguments
2025-06-02 09:39:29,516 - INFO - Starting the runner with arguments Args(communication='pipe', port=None, input_pipe='pipes/s2p-1800348019245856', output_pipe='pipes/p2s-1800348019245856', algorithm='dqn', _device='gpu', epsilon=0.0644, _clipping='10.0000', batch_size=117, _ddqn='false', lr=0.0167):
2025-06-02 09:39:29,570 - INFO - Binding arguments
2025-06-02 09:39:29,572 - INFO - Starting the runner with arguments Args(communication='pipe', port=None, input_pipe='pipes/s2p-1800348187321084', output_pipe='pipes/p2s-1800348187321084', algorithm='dqn', _device='gpu', epsilon=0.0644, _clipping='10.0000', batch_size=117, _ddqn='false', lr=0.0167):
2025-06-02 09:39:29,883 - INFO - Binding arguments
2025-06-02 09:39:29,886 - INFO - Starting the runner with arguments Args(communication='pipe', port=None, input_pipe='pipes/s2p-1800348550247311', output_pipe='pipes/p2s-1800348550247311', algorithm='dqn', _device='gpu', epsilon=0.0644, _clipping='10.0000', batch_size=117, _ddqn='false', lr=0.0167):
2025-06-02 09:39:29,926 - INFO - Binding arguments
2025-06-02 09:39:29,928 - INFO - Starting the runner with arguments Args(communication='pipe', port=None, input_pipe='pipes/s2p-1800348594627271', output_pipe='pipes/p2s-1800348594627271', algorithm='dqn', _device='gpu', epsilon=0.0644, _clipping='10.0000', batch_size=117, _ddqn='false', lr=0.0167):
2025-06-02 09:39:30,148 - INFO - Binding arguments
2025-06-02 09:39:30,150 - INFO - Starting the runner with arguments Args(communication='pipe', port=None, input_pipe='pipes/s2p-1800348865356846', output_pipe='pipes/p2s-1800348865356846', algorithm='dqn', _device='gpu', epsilon=0.0644, _clipping='10.0000', batch_size=117, _ddqn='false', lr=0.0167):
2025-06-02 09:39:30,707 - INFO - Binding arguments
2025-06-02 09:39:30,709 - INFO - Starting the runner with arguments Args(communication='pipe', port=None, input_pipe='pipes/s2p-1800349555132007', output_pipe='pipes/p2s-1800349555132007', algorithm='dqn', _device='gpu', epsilon=0.0644, _clipping='10.0000', batch_size=117, _ddqn='false', lr=0.0167):
2025-06-02 09:39:30,986 - INFO - Number of available CUDA devices: 0
2025-06-02 09:39:30,986 - INFO - Starting runner
2025-06-02 09:39:31,040 - INFO - Number of available CUDA devices: 0
2025-06-02 09:39:31,040 - INFO - Starting runner
2025-06-02 09:39:31,565 - INFO - Number of available CUDA devices: 0
2025-06-02 09:39:31,568 - INFO - Starting runner
2025-06-02 09:39:31,726 - INFO - Number of available CUDA devices: 0
2025-06-02 09:39:31,726 - INFO - Starting runner
2025-06-02 09:39:31,738 - INFO - Number of available CUDA devices: 0
2025-06-02 09:39:31,739 - INFO - Starting runner
2025-06-02 09:39:32,093 - INFO - Number of available CUDA devices: 0
2025-06-02 09:39:32,094 - INFO - Starting runner
2025-06-02 09:39:32,146 - INFO - Number of available CUDA devices: 0
2025-06-02 09:39:32,146 - INFO - Starting runner
2025-06-02 09:39:32,452 - INFO - Number of available CUDA devices: 0
2025-06-02 09:39:32,452 - INFO - Starting runner
2025-06-02 09:39:33,130 - INFO - Number of available CUDA devices: 0
2025-06-02 09:39:33,135 - INFO - Starting runner
2025-06-02 09:40:28,112 - ERROR - Connection with remote closed
2025-06-02 09:40:28,115 - INFO - End of the program
2025-06-02 09:40:29,158 - ERROR - Connection with remote closed
2025-06-02 09:40:29,161 - INFO - End of the program
2025-06-02 09:40:29,546 - ERROR - Connection with remote closed
2025-06-02 09:40:29,548 - INFO - End of the program
2025-06-02 09:40:29,666 - ERROR - Connection with remote closed
2025-06-02 09:40:29,668 - INFO - End of the program
2025-06-02 09:40:29,771 - ERROR - Connection with remote closed
2025-06-02 09:40:29,773 - INFO - End of the program
2025-06-02 09:40:29,809 - ERROR - Connection with remote closed
2025-06-02 09:40:29,812 - INFO - End of the program
2025-06-02 09:40:32,121 - ERROR - Connection with remote closed
2025-06-02 09:40:32,128 - INFO - End of the program
2025-06-02 09:40:32,876 - ERROR - Connection with remote closed
2025-06-02 09:40:32,878 - INFO - End of the program
2025-06-02 09:40:33,456 - ERROR - Connection with remote closed
2025-06-02 09:40:33,458 - INFO - End of the program
2025-06-02 09:40:36,796 - INFO - Binding arguments
2025-06-02 09:40:36,798 - INFO - Starting the runner with arguments Args(communication='pipe', port=None, input_pipe='pipes/s2p-1800425149426219', output_pipe='pipes/p2s-1800425149426219', algorithm='dqn', _device='gpu', epsilon=0.0644, _clipping='10.0000', batch_size=117, _ddqn='false', lr=0.0167):
2025-06-02 09:40:37,081 - ERROR - Connection with remote closed
2025-06-02 09:40:37,084 - INFO - End of the program
2025-06-02 09:40:37,117 - INFO - Binding arguments
2025-06-02 09:40:37,119 - INFO - Starting the runner with arguments Args(communication='pipe', port=None, input_pipe='pipes/s2p-1800425625539295', output_pipe='pipes/p2s-1800425625539295', algorithm='dqn', _device='gpu', epsilon=0.0644, _clipping='10.0000', batch_size=117, _ddqn='false', lr=0.0167):
2025-06-02 09:40:37,688 - INFO - Binding arguments
2025-06-02 09:40:37,690 - INFO - Starting the runner with arguments Args(communication='pipe', port=None, input_pipe='pipes/s2p-1800426233012992', output_pipe='pipes/p2s-1800426233012992', algorithm='dqn', _device='gpu', epsilon=0.0644, _clipping='10.0000', batch_size=117, _ddqn='false', lr=0.0167):
2025-06-02 09:40:37,706 - INFO - Binding arguments
2025-06-02 09:40:37,708 - INFO - Starting the runner with arguments Args(communication='pipe', port=None, input_pipe='pipes/s2p-1800426195463753', output_pipe='pipes/p2s-1800426195463753', algorithm='dqn', _device='gpu', epsilon=0.0644, _clipping='10.0000', batch_size=117, _ddqn='false', lr=0.0167):
2025-06-02 09:40:37,776 - INFO - Binding arguments
2025-06-02 09:40:37,779 - INFO - Starting the runner with arguments Args(communication='pipe', port=None, input_pipe='pipes/s2p-1800426133937571', output_pipe='pipes/p2s-1800426133937571', algorithm='dqn', _device='gpu', epsilon=0.0644, _clipping='10.0000', batch_size=117, _ddqn='false', lr=0.0167):
2025-06-02 09:40:37,874 - INFO - Binding arguments
2025-06-02 09:40:37,876 - INFO - Starting the runner with arguments Args(communication='pipe', port=None, input_pipe='pipes/s2p-1800426268298687', output_pipe='pipes/p2s-1800426268298687', algorithm='dqn', _device='gpu', epsilon=0.0644, _clipping='10.0000', batch_size=117, _ddqn='false', lr=0.0167):
2025-06-02 09:40:38,773 - INFO - Number of available CUDA devices: 0
2025-06-02 09:40:38,776 - INFO - Starting runner
2025-06-02 09:40:39,165 - INFO - Number of available CUDA devices: 0
2025-06-02 09:40:39,166 - INFO - Starting runner
2025-06-02 09:40:39,284 - INFO - Binding arguments
2025-06-02 09:40:39,287 - INFO - Starting the runner with arguments Args(communication='pipe', port=None, input_pipe='pipes/s2p-1800427948028575', output_pipe='pipes/p2s-1800427948028575', algorithm='dqn', _device='gpu', epsilon=0.0644, _clipping='10.0000', batch_size=117, _ddqn='false', lr=0.0167):
2025-06-02 09:40:39,624 - INFO - Binding arguments
2025-06-02 09:40:39,627 - INFO - Starting the runner with arguments Args(communication='pipe', port=None, input_pipe='pipes/s2p-1800428281706337', output_pipe='pipes/p2s-1800428281706337', algorithm='dqn', _device='gpu', epsilon=0.0644, _clipping='10.0000', batch_size=117, _ddqn='false', lr=0.0167):
2025-06-02 09:40:39,673 - INFO - Number of available CUDA devices: 0
2025-06-02 09:40:39,674 - INFO - Starting runner
2025-06-02 09:40:39,728 - INFO - Number of available CUDA devices: 0
2025-06-02 09:40:39,728 - INFO - Starting runner
2025-06-02 09:40:39,769 - INFO - Number of available CUDA devices: 0
2025-06-02 09:40:39,773 - INFO - Starting runner
2025-06-02 09:40:39,855 - INFO - Number of available CUDA devices: 0
2025-06-02 09:40:39,856 - INFO - Starting runner
2025-06-02 09:40:40,316 - INFO - Binding arguments
2025-06-02 09:40:40,319 - INFO - Starting the runner with arguments Args(communication='pipe', port=None, input_pipe='pipes/s2p-1800428603644881', output_pipe='pipes/p2s-1800428603644881', algorithm='dqn', _device='gpu', epsilon=0.0644, _clipping='10.0000', batch_size=117, _ddqn='false', lr=0.0167):
2025-06-02 09:40:41,502 - INFO - Number of available CUDA devices: 0
2025-06-02 09:40:41,504 - INFO - Starting runner
2025-06-02 09:40:41,803 - INFO - Number of available CUDA devices: 0
2025-06-02 09:40:41,807 - INFO - Starting runner
2025-06-02 09:40:42,140 - INFO - Number of available CUDA devices: 0
2025-06-02 09:40:42,141 - INFO - Starting runner
2025-06-02 09:40:47,395 - ERROR - Connection with remote closed
2025-06-02 09:40:47,405 - INFO - End of the program
2025-06-02 09:40:48,231 - INFO - Binding arguments
2025-06-02 09:40:48,236 - INFO - Starting the runner with arguments Args(communication='pipe', port=None, input_pipe='pipes/s2p-1800434715542110', output_pipe='pipes/p2s-1800434715542110', algorithm='dqn', _device='gpu', epsilon=0.0644, _clipping='10.0000', batch_size=117, _ddqn='false', lr=0.0167):
2025-06-02 09:40:48,470 - INFO - Number of available CUDA devices: 0
2025-06-02 09:40:48,478 - INFO - Starting runner
2025-06-02 09:41:01,708 - INFO - Binding arguments
2025-06-02 09:41:01,718 - INFO - Starting the runner with arguments Args(communication='pipe', port=None, input_pipe='pipes/s2p-1800437874611807', output_pipe='pipes/p2s-1800437874611807', algorithm='dqn', _device='gpu', epsilon=0.0644, _clipping='10.0000', batch_size=117, _ddqn='false', lr=0.0167):
2025-06-02 09:41:01,720 - INFO - Number of available CUDA devices: 0
2025-06-02 09:41:01,721 - INFO - Starting runner
2025-06-02 09:44:33,655 - ERROR - Connection with remote closed
2025-06-02 09:44:33,668 - INFO - End of the program
2025-06-02 09:44:33,883 - ERROR - Connection with remote closed
2025-06-02 09:44:33,886 - INFO - End of the program
2025-06-02 09:44:34,019 - ERROR - Connection with remote closed
2025-06-02 09:44:34,021 - INFO - End of the program
2025-06-02 09:44:34,332 - ERROR - Connection with remote closed
2025-06-02 09:44:34,335 - INFO - End of the program
2025-06-02 09:44:34,430 - ERROR - Connection with remote closed
2025-06-02 09:44:34,432 - INFO - End of the program
2025-06-02 09:44:34,446 - ERROR - Connection with remote closed
2025-06-02 09:44:34,448 - INFO - End of the program
2025-06-02 09:44:34,467 - ERROR - Connection with remote closed
2025-06-02 09:44:34,469 - INFO - End of the program
2025-06-02 09:44:34,839 - ERROR - Connection with remote closed
2025-06-02 09:44:34,841 - INFO - End of the program
2025-06-02 09:44:34,960 - ERROR - Connection with remote closed
2025-06-02 09:44:34,964 - INFO - End of the program
2025-06-02 09:44:40,626 - INFO - Binding arguments
2025-06-02 09:44:40,628 - INFO - Starting the runner with arguments Args(communication='pipe', port=None, input_pipe='pipes/s2p-1800659106013583', output_pipe='pipes/p2s-1800659106013583', algorithm='dqn', _device='gpu', epsilon=0.0644, _clipping='10.0000', batch_size=117, _ddqn='false', lr=0.0167):
2025-06-02 09:44:40,751 - INFO - Binding arguments
2025-06-02 09:44:40,754 - INFO - Starting the runner with arguments Args(communication='pipe', port=None, input_pipe='pipes/s2p-1800659143730518', output_pipe='pipes/p2s-1800659143730518', algorithm='dqn', _device='gpu', epsilon=0.0644, _clipping='10.0000', batch_size=117, _ddqn='false', lr=0.0167):
2025-06-02 09:44:40,835 - INFO - Binding arguments
2025-06-02 09:44:40,838 - INFO - Starting the runner with arguments Args(communication='pipe', port=None, input_pipe='pipes/s2p-1800659521697556', output_pipe='pipes/p2s-1800659521697556', algorithm='dqn', _device='gpu', epsilon=0.0644, _clipping='10.0000', batch_size=117, _ddqn='false', lr=0.0167):
2025-06-02 09:44:40,893 - INFO - Binding arguments
2025-06-02 09:44:40,895 - INFO - Starting the runner with arguments Args(communication='pipe', port=None, input_pipe='pipes/s2p-1800659371212200', output_pipe='pipes/p2s-1800659371212200', algorithm='dqn', _device='gpu', epsilon=0.0644, _clipping='10.0000', batch_size=117, _ddqn='false', lr=0.0167):
2025-06-02 09:44:40,904 - INFO - Binding arguments
2025-06-02 09:44:40,906 - INFO - Starting the runner with arguments Args(communication='pipe', port=None, input_pipe='pipes/s2p-1800659591111426', output_pipe='pipes/p2s-1800659591111426', algorithm='dqn', _device='gpu', epsilon=0.0644, _clipping='10.0000', batch_size=117, _ddqn='false', lr=0.0167):
2025-06-02 09:44:40,921 - INFO - Binding arguments
2025-06-02 09:44:40,924 - INFO - Starting the runner with arguments Args(communication='pipe', port=None, input_pipe='pipes/s2p-1800659522864857', output_pipe='pipes/p2s-1800659522864857', algorithm='dqn', _device='gpu', epsilon=0.0644, _clipping='10.0000', batch_size=117, _ddqn='false', lr=0.0167):
2025-06-02 09:44:40,975 - INFO - Binding arguments
2025-06-02 09:44:40,978 - INFO - Starting the runner with arguments Args(communication='pipe', port=None, input_pipe='pipes/s2p-1800659609816521', output_pipe='pipes/p2s-1800659609816521', algorithm='dqn', _device='gpu', epsilon=0.0644, _clipping='10.0000', batch_size=117, _ddqn='false', lr=0.0167):
2025-06-02 09:44:41,497 - INFO - Binding arguments
2025-06-02 09:44:41,499 - INFO - Starting the runner with arguments Args(communication='pipe', port=None, input_pipe='pipes/s2p-1800659991504444', output_pipe='pipes/p2s-1800659991504444', algorithm='dqn', _device='gpu', epsilon=0.0644, _clipping='10.0000', batch_size=117, _ddqn='false', lr=0.0167):
2025-06-02 09:44:41,592 - INFO - Binding arguments
2025-06-02 09:44:41,594 - INFO - Starting the runner with arguments Args(communication='pipe', port=None, input_pipe='pipes/s2p-1800660372679474', output_pipe='pipes/p2s-1800660372679474', algorithm='dqn', _device='gpu', epsilon=0.0644, _clipping='10.0000', batch_size=117, _ddqn='false', lr=0.0167):
2025-06-02 09:44:42,662 - INFO - Number of available CUDA devices: 0
2025-06-02 09:44:42,663 - INFO - Starting runner
2025-06-02 09:44:42,778 - INFO - Number of available CUDA devices: 0
2025-06-02 09:44:42,778 - INFO - Starting runner
2025-06-02 09:44:42,915 - INFO - Number of available CUDA devices: 0
2025-06-02 09:44:42,918 - INFO - Starting runner
2025-06-02 09:44:43,062 - INFO - Number of available CUDA devices: 0
2025-06-02 09:44:43,064 - INFO - Starting runner
2025-06-02 09:44:43,073 - INFO - Number of available CUDA devices: 0
2025-06-02 09:44:43,076 - INFO - Starting runner
2025-06-02 09:44:43,134 - INFO - Number of available CUDA devices: 0
2025-06-02 09:44:43,134 - INFO - Starting runner
2025-06-02 09:44:43,150 - INFO - Number of available CUDA devices: 0
2025-06-02 09:44:43,150 - INFO - Starting runner
2025-06-02 09:44:43,562 - INFO - Number of available CUDA devices: 0
2025-06-02 09:44:43,567 - INFO - Starting runner
2025-06-02 09:44:43,918 - INFO - Number of available CUDA devices: 0
2025-06-02 09:44:43,921 - INFO - Starting runner
2025-06-02 09:45:40,697 - ERROR - Connection with remote closed
2025-06-02 09:45:40,707 - INFO - End of the program
2025-06-02 09:45:40,901 - ERROR - Connection with remote closed
2025-06-02 09:45:40,903 - INFO - End of the program
2025-06-02 09:45:40,938 - ERROR - Connection with remote closed
2025-06-02 09:45:40,941 - INFO - End of the program
2025-06-02 09:45:40,943 - ERROR - Connection with remote closed
2025-06-02 09:45:40,945 - INFO - End of the program
2025-06-02 09:45:41,891 - ERROR - Connection with remote closed
2025-06-02 09:45:41,894 - INFO - End of the program
2025-06-02 09:45:42,148 - ERROR - Connection with remote closed
2025-06-02 09:45:42,153 - INFO - End of the program
2025-06-02 09:45:43,151 - ERROR - Connection with remote closed
2025-06-02 09:45:43,154 - INFO - End of the program
2025-06-02 09:45:43,287 - ERROR - Connection with remote closed
2025-06-02 09:45:43,290 - INFO - End of the program
2025-06-02 09:45:43,347 - ERROR - Connection with remote closed
2025-06-02 09:45:43,350 - INFO - End of the program
2025-06-02 09:45:48,878 - INFO - Binding arguments
2025-06-02 09:45:48,881 - INFO - Starting the runner with arguments Args(communication='pipe', port=None, input_pipe='pipes/s2p-1800737278691388', output_pipe='pipes/p2s-1800737278691388', algorithm='dqn', _device='gpu', epsilon=0.0644, _clipping='10.0000', batch_size=117, _ddqn='false', lr=0.0167):
2025-06-02 09:45:48,973 - INFO - Binding arguments
2025-06-02 09:45:48,976 - INFO - Starting the runner with arguments Args(communication='pipe', port=None, input_pipe='pipes/s2p-1800737311920767', output_pipe='pipes/p2s-1800737311920767', algorithm='dqn', _device='gpu', epsilon=0.0644, _clipping='10.0000', batch_size=117, _ddqn='false', lr=0.0167):
2025-06-02 09:45:49,052 - INFO - Binding arguments
2025-06-02 09:45:49,055 - INFO - Starting the runner with arguments Args(communication='pipe', port=None, input_pipe='pipes/s2p-1800737297761150', output_pipe='pipes/p2s-1800737297761150', algorithm='dqn', _device='gpu', epsilon=0.0644, _clipping='10.0000', batch_size=117, _ddqn='false', lr=0.0167):
2025-06-02 09:45:49,081 - INFO - Binding arguments
2025-06-02 09:45:49,083 - INFO - Starting the runner with arguments Args(communication='pipe', port=None, input_pipe='pipes/s2p-1800737361122753', output_pipe='pipes/p2s-1800737361122753', algorithm='dqn', _device='gpu', epsilon=0.0644, _clipping='10.0000', batch_size=117, _ddqn='false', lr=0.0167):
2025-06-02 09:45:49,392 - INFO - Binding arguments
2025-06-02 09:45:49,394 - INFO - Starting the runner with arguments Args(communication='pipe', port=None, input_pipe='pipes/s2p-1800737953415342', output_pipe='pipes/p2s-1800737953415342', algorithm='dqn', _device='gpu', epsilon=0.0644, _clipping='10.0000', batch_size=117, _ddqn='false', lr=0.0167):
2025-06-02 09:45:49,716 - INFO - Binding arguments
2025-06-02 09:45:49,718 - INFO - Starting the runner with arguments Args(communication='pipe', port=None, input_pipe='pipes/s2p-1800738227480197', output_pipe='pipes/p2s-1800738227480197', algorithm='dqn', _device='gpu', epsilon=0.0644, _clipping='10.0000', batch_size=117, _ddqn='false', lr=0.0167):
2025-06-02 09:45:50,473 - ERROR - Connection with remote closed
2025-06-02 09:45:50,477 - INFO - End of the program
2025-06-02 09:45:50,571 - INFO - Binding arguments
2025-06-02 09:45:50,573 - INFO - Starting the runner with arguments Args(communication='pipe', port=None, input_pipe='pipes/s2p-1800739231059199', output_pipe='pipes/p2s-1800739231059199', algorithm='dqn', _device='gpu', epsilon=0.0644, _clipping='10.0000', batch_size=117, _ddqn='false', lr=0.0167):
2025-06-02 09:45:50,748 - INFO - Binding arguments
2025-06-02 09:45:50,750 - INFO - Starting the runner with arguments Args(communication='pipe', port=None, input_pipe='pipes/s2p-1800739409124292', output_pipe='pipes/p2s-1800739409124292', algorithm='dqn', _device='gpu', epsilon=0.0644, _clipping='10.0000', batch_size=117, _ddqn='false', lr=0.0167):
2025-06-02 09:45:50,787 - INFO - Binding arguments
2025-06-02 09:45:50,790 - INFO - Starting the runner with arguments Args(communication='pipe', port=None, input_pipe='pipes/s2p-1800739484849614', output_pipe='pipes/p2s-1800739484849614', algorithm='dqn', _device='gpu', epsilon=0.0644, _clipping='10.0000', batch_size=117, _ddqn='false', lr=0.0167):
2025-06-02 09:45:50,810 - INFO - Number of available CUDA devices: 0
2025-06-02 09:45:50,812 - INFO - Starting runner
2025-06-02 09:45:50,829 - INFO - Number of available CUDA devices: 0
2025-06-02 09:45:50,829 - INFO - Starting runner
2025-06-02 09:45:50,846 - INFO - Number of available CUDA devices: 0
2025-06-02 09:45:50,846 - INFO - Starting runner
2025-06-02 09:45:50,890 - INFO - Number of available CUDA devices: 0
2025-06-02 09:45:50,890 - INFO - Starting runner
2025-06-02 09:45:51,514 - INFO - Number of available CUDA devices: 0
2025-06-02 09:45:51,518 - INFO - Starting runner
2025-06-02 09:45:51,771 - INFO - Number of available CUDA devices: 0
2025-06-02 09:45:51,772 - INFO - Starting runner
2025-06-02 09:45:52,761 - INFO - Number of available CUDA devices: 0
2025-06-02 09:45:52,762 - INFO - Starting runner
2025-06-02 09:45:52,929 - INFO - Number of available CUDA devices: 0
2025-06-02 09:45:52,930 - INFO - Starting runner
2025-06-02 09:45:53,004 - INFO - Number of available CUDA devices: 0
2025-06-02 09:45:53,040 - INFO - Starting runner
2025-06-02 09:46:04,264 - ERROR - Connection with remote closed
2025-06-02 09:46:04,272 - INFO - End of the program
2025-06-02 09:46:10,620 - INFO - Binding arguments
2025-06-02 09:46:10,632 - INFO - Starting the runner with arguments Args(communication='pipe', port=None, input_pipe='pipes/s2p-1800756785033406', output_pipe='pipes/p2s-1800756785033406', algorithm='dqn', _device='gpu', epsilon=0.0644, _clipping='10.0000', batch_size=117, _ddqn='false', lr=0.0167):
2025-06-02 09:46:10,702 - INFO - Number of available CUDA devices: 0
2025-06-02 09:46:10,703 - INFO - Starting runner
2025-06-02 09:46:15,206 - INFO - Binding arguments
2025-06-02 09:46:15,213 - INFO - Starting the runner with arguments Args(communication='pipe', port=None, input_pipe='pipes/s2p-1800751197834139', output_pipe='pipes/p2s-1800751197834139', algorithm='dqn', _device='gpu', epsilon=0.0644, _clipping='10.0000', batch_size=117, _ddqn='false', lr=0.0167):
2025-06-02 09:46:15,218 - INFO - Number of available CUDA devices: 0
2025-06-02 09:46:15,258 - INFO - Starting runner
2025-06-02 09:49:43,977 - ERROR - Connection with remote closed
2025-06-02 09:49:43,983 - INFO - End of the program
2025-06-02 09:49:44,218 - ERROR - Connection with remote closed
2025-06-02 09:49:44,221 - INFO - End of the program
2025-06-02 09:49:44,722 - ERROR - Connection with remote closed
2025-06-02 09:49:44,724 - INFO - End of the program
2025-06-02 09:49:45,170 - ERROR - Connection with remote closed
2025-06-02 09:49:45,172 - INFO - End of the program
2025-06-02 09:49:45,309 - ERROR - Connection with remote closed
2025-06-02 09:49:45,311 - INFO - End of the program
2025-06-02 09:49:45,896 - ERROR - Connection with remote closed
2025-06-02 09:49:45,899 - INFO - End of the program
2025-06-02 09:49:45,905 - ERROR - Connection with remote closed
2025-06-02 09:49:45,907 - INFO - End of the program
2025-06-02 09:49:46,114 - ERROR - Connection with remote closed
2025-06-02 09:49:46,116 - INFO - End of the program
2025-06-02 09:49:46,278 - ERROR - Connection with remote closed
2025-06-02 09:49:46,280 - INFO - End of the program
2025-06-02 09:49:51,533 - INFO - Binding arguments
2025-06-02 09:49:51,535 - INFO - Starting the runner with arguments Args(communication='pipe', port=None, input_pipe='pipes/s2p-1800969923585727', output_pipe='pipes/p2s-1800969923585727', algorithm='dqn', _device='gpu', epsilon=0.0644, _clipping='10.0000', batch_size=117, _ddqn='false', lr=0.0167):
2025-06-02 09:49:51,731 - INFO - Binding arguments
2025-06-02 09:49:51,733 - INFO - Starting the runner with arguments Args(communication='pipe', port=None, input_pipe='pipes/s2p-1800970131421386', output_pipe='pipes/p2s-1800970131421386', algorithm='dqn', _device='gpu', epsilon=0.0644, _clipping='10.0000', batch_size=117, _ddqn='false', lr=0.0167):
2025-06-02 09:49:51,867 - INFO - Binding arguments
2025-06-02 09:49:51,869 - INFO - Starting the runner with arguments Args(communication='pipe', port=None, input_pipe='pipes/s2p-1800970501308639', output_pipe='pipes/p2s-1800970501308639', algorithm='dqn', _device='gpu', epsilon=0.0644, _clipping='10.0000', batch_size=117, _ddqn='false', lr=0.0167):
2025-06-02 09:49:51,922 - INFO - Binding arguments
2025-06-02 09:49:51,925 - INFO - Starting the runner with arguments Args(communication='pipe', port=None, input_pipe='pipes/s2p-1800970386109545', output_pipe='pipes/p2s-1800970386109545', algorithm='dqn', _device='gpu', epsilon=0.0644, _clipping='10.0000', batch_size=117, _ddqn='false', lr=0.0167):
2025-06-02 09:49:52,292 - INFO - Binding arguments
2025-06-02 09:49:52,295 - INFO - Starting the runner with arguments Args(communication='pipe', port=None, input_pipe='pipes/s2p-1800970867335315', output_pipe='pipes/p2s-1800970867335315', algorithm='dqn', _device='gpu', epsilon=0.0644, _clipping='10.0000', batch_size=117, _ddqn='false', lr=0.0167):
2025-06-02 09:49:52,328 - INFO - Binding arguments
2025-06-02 09:49:52,330 - INFO - Starting the runner with arguments Args(communication='pipe', port=None, input_pipe='pipes/s2p-1800970729912699', output_pipe='pipes/p2s-1800970729912699', algorithm='dqn', _device='gpu', epsilon=0.0644, _clipping='10.0000', batch_size=117, _ddqn='false', lr=0.0167):
2025-06-02 09:49:52,391 - INFO - Binding arguments
2025-06-02 09:49:52,393 - INFO - Starting the runner with arguments Args(communication='pipe', port=None, input_pipe='pipes/s2p-1800971078643703', output_pipe='pipes/p2s-1800971078643703', algorithm='dqn', _device='gpu', epsilon=0.0644, _clipping='10.0000', batch_size=117, _ddqn='false', lr=0.0167):
2025-06-02 09:49:52,533 - INFO - Binding arguments
2025-06-02 09:49:52,535 - INFO - Starting the runner with arguments Args(communication='pipe', port=None, input_pipe='pipes/s2p-1800971365802904', output_pipe='pipes/p2s-1800971365802904', algorithm='dqn', _device='gpu', epsilon=0.0644, _clipping='10.0000', batch_size=117, _ddqn='false', lr=0.0167):
2025-06-02 09:49:53,102 - INFO - Binding arguments
2025-06-02 09:49:53,104 - INFO - Starting the runner with arguments Args(communication='pipe', port=None, input_pipe='pipes/s2p-1800971785955696', output_pipe='pipes/p2s-1800971785955696', algorithm='dqn', _device='gpu', epsilon=0.0644, _clipping='10.0000', batch_size=117, _ddqn='false', lr=0.0167):
2025-06-02 09:49:53,509 - INFO - Number of available CUDA devices: 0
2025-06-02 09:49:53,510 - INFO - Starting runner
2025-06-02 09:49:53,703 - INFO - Number of available CUDA devices: 0
2025-06-02 09:49:53,703 - INFO - Starting runner
2025-06-02 09:49:53,989 - INFO - Number of available CUDA devices: 0
2025-06-02 09:49:53,990 - INFO - Starting runner
2025-06-02 09:49:54,055 - INFO - Number of available CUDA devices: 0
2025-06-02 09:49:54,059 - INFO - Starting runner
2025-06-02 09:49:54,283 - INFO - Number of available CUDA devices: 0
2025-06-02 09:49:54,287 - INFO - Starting runner
2025-06-02 09:49:54,461 - INFO - Number of available CUDA devices: 0
2025-06-02 09:49:54,461 - INFO - Starting runner
2025-06-02 09:49:54,733 - INFO - Number of available CUDA devices: 0
2025-06-02 09:49:54,739 - INFO - Starting runner
2025-06-02 09:49:54,908 - INFO - Number of available CUDA devices: 0
2025-06-02 09:49:54,908 - INFO - Starting runner
2025-06-02 09:49:55,363 - INFO - Number of available CUDA devices: 0
2025-06-02 09:49:55,370 - INFO - Starting runner
2025-06-02 09:50:52,609 - ERROR - Connection with remote closed
2025-06-02 09:50:52,630 - INFO - End of the program
2025-06-02 09:50:54,369 - ERROR - Connection with remote closed
2025-06-02 09:50:54,371 - INFO - End of the program
2025-06-02 09:50:55,390 - ERROR - Connection with remote closed
2025-06-02 09:50:55,393 - INFO - End of the program
2025-06-02 09:50:55,660 - ERROR - Connection with remote closed
2025-06-02 09:50:55,662 - INFO - End of the program
2025-06-02 09:50:55,667 - ERROR - Connection with remote closed
2025-06-02 09:50:55,669 - INFO - End of the program
2025-06-02 09:50:55,715 - ERROR - Connection with remote closed
2025-06-02 09:50:55,717 - INFO - End of the program
2025-06-02 09:50:55,781 - ERROR - Connection with remote closed
2025-06-02 09:50:55,783 - INFO - End of the program
2025-06-02 09:50:55,936 - ERROR - Connection with remote closed
2025-06-02 09:50:55,938 - INFO - End of the program
2025-06-02 09:50:55,958 - ERROR - Connection with remote closed
2025-06-02 09:50:55,960 - INFO - End of the program
2025-06-02 09:51:00,409 - INFO - Binding arguments
2025-06-02 09:51:00,412 - INFO - Starting the runner with arguments Args(communication='pipe', port=None, input_pipe='pipes/s2p-1801048930732372', output_pipe='pipes/p2s-1801048930732372', algorithm='dqn', _device='gpu', epsilon=0.0644, _clipping='10.0000', batch_size=117, _ddqn='false', lr=0.0167):
2025-06-02 09:51:01,186 - INFO - Binding arguments
2025-06-02 09:51:01,188 - INFO - Starting the runner with arguments Args(communication='pipe', port=None, input_pipe='pipes/s2p-1801049716968718', output_pipe='pipes/p2s-1801049716968718', algorithm='dqn', _device='gpu', epsilon=0.0644, _clipping='10.0000', batch_size=117, _ddqn='false', lr=0.0167):
2025-06-02 09:51:02,329 - INFO - Binding arguments
2025-06-02 09:51:02,331 - INFO - Starting the runner with arguments Args(communication='pipe', port=None, input_pipe='pipes/s2p-1801050897051042', output_pipe='pipes/p2s-1801050897051042', algorithm='dqn', _device='gpu', epsilon=0.0644, _clipping='10.0000', batch_size=117, _ddqn='false', lr=0.0167):
2025-06-02 09:51:02,451 - INFO - Number of available CUDA devices: 0
2025-06-02 09:51:02,454 - INFO - Starting runner
2025-06-02 09:51:02,580 - INFO - Binding arguments
2025-06-02 09:51:02,582 - INFO - Starting the runner with arguments Args(communication='pipe', port=None, input_pipe='pipes/s2p-1801051018402412', output_pipe='pipes/p2s-1801051018402412', algorithm='dqn', _device='gpu', epsilon=0.0644, _clipping='10.0000', batch_size=117, _ddqn='false', lr=0.0167):
2025-06-02 09:51:02,620 - INFO - Binding arguments
2025-06-02 09:51:02,622 - INFO - Starting the runner with arguments Args(communication='pipe', port=None, input_pipe='pipes/s2p-1801051001700578', output_pipe='pipes/p2s-1801051001700578', algorithm='dqn', _device='gpu', epsilon=0.0644, _clipping='10.0000', batch_size=117, _ddqn='false', lr=0.0167):
2025-06-02 09:51:02,622 - INFO - Binding arguments
2025-06-02 09:51:02,622 - INFO - Binding arguments
2025-06-02 09:51:02,624 - INFO - Starting the runner with arguments Args(communication='pipe', port=None, input_pipe='pipes/s2p-1801051044560646', output_pipe='pipes/p2s-1801051044560646', algorithm='dqn', _device='gpu', epsilon=0.0644, _clipping='10.0000', batch_size=117, _ddqn='false', lr=0.0167):
2025-06-02 09:51:02,624 - INFO - Starting the runner with arguments Args(communication='pipe', port=None, input_pipe='pipes/s2p-1801051073187238', output_pipe='pipes/p2s-1801051073187238', algorithm='dqn', _device='gpu', epsilon=0.0644, _clipping='10.0000', batch_size=117, _ddqn='false', lr=0.0167):
2025-06-02 09:51:02,670 - INFO - Binding arguments
2025-06-02 09:51:02,672 - INFO - Starting the runner with arguments Args(communication='pipe', port=None, input_pipe='pipes/s2p-1801051184680746', output_pipe='pipes/p2s-1801051184680746', algorithm='dqn', _device='gpu', epsilon=0.0644, _clipping='10.0000', batch_size=117, _ddqn='false', lr=0.0167):
2025-06-02 09:51:02,714 - INFO - Binding arguments
2025-06-02 09:51:02,716 - INFO - Starting the runner with arguments Args(communication='pipe', port=None, input_pipe='pipes/s2p-1801051007862281', output_pipe='pipes/p2s-1801051007862281', algorithm='dqn', _device='gpu', epsilon=0.0644, _clipping='10.0000', batch_size=117, _ddqn='false', lr=0.0167):
2025-06-02 09:51:03,281 - INFO - Number of available CUDA devices: 0
2025-06-02 09:51:03,289 - INFO - Starting runner
2025-06-02 09:51:04,419 - INFO - Number of available CUDA devices: 0
2025-06-02 09:51:04,426 - INFO - Starting runner
2025-06-02 09:51:04,523 - INFO - Number of available CUDA devices: 0
2025-06-02 09:51:04,524 - INFO - Starting runner
2025-06-02 09:51:04,532 - INFO - Number of available CUDA devices: 0
2025-06-02 09:51:04,533 - INFO - Starting runner
2025-06-02 09:51:04,539 - INFO - Number of available CUDA devices: 0
2025-06-02 09:51:04,540 - INFO - Starting runner
2025-06-02 09:51:04,563 - INFO - Number of available CUDA devices: 0
2025-06-02 09:51:04,563 - INFO - Starting runner
2025-06-02 09:51:04,596 - INFO - Number of available CUDA devices: 0
2025-06-02 09:51:04,597 - INFO - Starting runner
2025-06-02 09:51:04,703 - INFO - Number of available CUDA devices: 0
2025-06-02 09:51:04,707 - INFO - Starting runner
2025-06-02 09:51:16,682 - ERROR - Connection with remote closed
2025-06-02 09:51:16,685 - INFO - End of the program
2025-06-02 09:51:28,851 - INFO - Binding arguments
2025-06-02 09:51:28,854 - INFO - Starting the runner with arguments Args(communication='pipe', port=None, input_pipe='pipes/s2p-1801065052990900', output_pipe='pipes/p2s-1801065052990900', algorithm='dqn', _device='gpu', epsilon=0.0644, _clipping='10.0000', batch_size=117, _ddqn='false', lr=0.0167):
2025-06-02 09:51:28,857 - INFO - Number of available CUDA devices: 0
2025-06-02 09:51:28,875 - INFO - Starting runner
2025-06-02 09:51:36,282 - ERROR - Connection with remote closed
2025-06-02 09:51:36,303 - INFO - End of the program
2025-06-02 09:51:49,311 - INFO - Binding arguments
2025-06-02 09:51:49,313 - INFO - Starting the runner with arguments Args(communication='pipe', port=None, input_pipe='pipes/s2p-1801095707585026', output_pipe='pipes/p2s-1801095707585026', algorithm='dqn', _device='gpu', epsilon=0.0644, _clipping='10.0000', batch_size=117, _ddqn='false', lr=0.0167):
2025-06-02 09:51:49,350 - INFO - Number of available CUDA devices: 0
2025-06-02 09:51:49,352 - INFO - Starting runner
2025-06-02 09:54:55,972 - ERROR - Connection with remote closed
2025-06-02 09:54:55,979 - INFO - End of the program
2025-06-02 09:54:56,409 - ERROR - Connection with remote closed
2025-06-02 09:54:56,411 - INFO - End of the program
2025-06-02 09:54:56,464 - ERROR - Connection with remote closed
2025-06-02 09:54:56,466 - INFO - End of the program
2025-06-02 09:54:56,520 - ERROR - Connection with remote closed
2025-06-02 09:54:56,522 - INFO - End of the program
2025-06-02 09:54:56,614 - ERROR - Connection with remote closed
2025-06-02 09:54:56,617 - INFO - End of the program
2025-06-02 09:54:56,703 - ERROR - Connection with remote closed
2025-06-02 09:54:56,705 - INFO - End of the program
2025-06-02 09:54:56,846 - ERROR - Connection with remote closed
2025-06-02 09:54:56,849 - INFO - End of the program
2025-06-02 09:54:57,042 - ERROR - Connection with remote closed
2025-06-02 09:54:57,044 - INFO - End of the program
2025-06-02 09:54:57,105 - ERROR - Connection with remote closed
2025-06-02 09:54:57,108 - INFO - End of the program
2025-06-02 09:55:03,009 - INFO - Binding arguments
2025-06-02 09:55:03,012 - INFO - Starting the runner with arguments Args(communication='pipe', port=None, input_pipe='pipes/s2p-1801281542677887', output_pipe='pipes/p2s-1801281542677887', algorithm='dqn', _device='gpu', epsilon=0.0644, _clipping='10.0000', batch_size=117, _ddqn='false', lr=0.0167):
2025-06-02 09:55:03,012 - INFO - Binding arguments
2025-06-02 09:55:03,014 - INFO - Starting the runner with arguments Args(communication='pipe', port=None, input_pipe='pipes/s2p-1801281547206028', output_pipe='pipes/p2s-1801281547206028', algorithm='dqn', _device='gpu', epsilon=0.0644, _clipping='10.0000', batch_size=117, _ddqn='false', lr=0.0167):
2025-06-02 09:55:03,031 - INFO - Binding arguments
2025-06-02 09:55:03,034 - INFO - Starting the runner with arguments Args(communication='pipe', port=None, input_pipe='pipes/s2p-1801281541450863', output_pipe='pipes/p2s-1801281541450863', algorithm='dqn', _device='gpu', epsilon=0.0644, _clipping='10.0000', batch_size=117, _ddqn='false', lr=0.0167):
2025-06-02 09:55:03,083 - INFO - Binding arguments
2025-06-02 09:55:03,086 - INFO - Starting the runner with arguments Args(communication='pipe', port=None, input_pipe='pipes/s2p-1801281416779987', output_pipe='pipes/p2s-1801281416779987', algorithm='dqn', _device='gpu', epsilon=0.0644, _clipping='10.0000', batch_size=117, _ddqn='false', lr=0.0167):
2025-06-02 09:55:03,126 - INFO - Binding arguments
2025-06-02 09:55:03,128 - INFO - Starting the runner with arguments Args(communication='pipe', port=None, input_pipe='pipes/s2p-1801281651932692', output_pipe='pipes/p2s-1801281651932692', algorithm='dqn', _device='gpu', epsilon=0.0644, _clipping='10.0000', batch_size=117, _ddqn='false', lr=0.0167):
2025-06-02 09:55:03,209 - INFO - Binding arguments
2025-06-02 09:55:03,211 - INFO - Starting the runner with arguments Args(communication='pipe', port=None, input_pipe='pipes/s2p-1801281838319293', output_pipe='pipes/p2s-1801281838319293', algorithm='dqn', _device='gpu', epsilon=0.0644, _clipping='10.0000', batch_size=117, _ddqn='false', lr=0.0167):
2025-06-02 09:55:03,245 - INFO - Binding arguments
2025-06-02 09:55:03,247 - INFO - Starting the runner with arguments Args(communication='pipe', port=None, input_pipe='pipes/s2p-1801281715257166', output_pipe='pipes/p2s-1801281715257166', algorithm='dqn', _device='gpu', epsilon=0.0644, _clipping='10.0000', batch_size=117, _ddqn='false', lr=0.0167):
2025-06-02 09:55:03,302 - INFO - Binding arguments
2025-06-02 09:55:03,304 - INFO - Starting the runner with arguments Args(communication='pipe', port=None, input_pipe='pipes/s2p-1801281967850985', output_pipe='pipes/p2s-1801281967850985', algorithm='dqn', _device='gpu', epsilon=0.0644, _clipping='10.0000', batch_size=117, _ddqn='false', lr=0.0167):
2025-06-02 09:55:03,401 - INFO - Binding arguments
2025-06-02 09:55:03,403 - INFO - Starting the runner with arguments Args(communication='pipe', port=None, input_pipe='pipes/s2p-1801282151463679', output_pipe='pipes/p2s-1801282151463679', algorithm='dqn', _device='gpu', epsilon=0.0644, _clipping='10.0000', batch_size=117, _ddqn='false', lr=0.0167):
2025-06-02 09:55:04,974 - INFO - Number of available CUDA devices: 0
2025-06-02 09:55:04,978 - INFO - Starting runner
2025-06-02 09:55:05,083 - INFO - Number of available CUDA devices: 0
2025-06-02 09:55:05,088 - INFO - Number of available CUDA devices: 0
2025-06-02 09:55:05,089 - INFO - Starting runner
2025-06-02 09:55:05,090 - INFO - Starting runner
2025-06-02 09:55:05,092 - INFO - Number of available CUDA devices: 0
2025-06-02 09:55:05,093 - INFO - Starting runner
2025-06-02 09:55:05,198 - INFO - Number of available CUDA devices: 0
2025-06-02 09:55:05,201 - INFO - Starting runner
2025-06-02 09:55:05,254 - INFO - Number of available CUDA devices: 0
2025-06-02 09:55:05,255 - INFO - Starting runner
2025-06-02 09:55:05,377 - INFO - Number of available CUDA devices: 0
2025-06-02 09:55:05,377 - INFO - Starting runner
2025-06-02 09:55:05,506 - INFO - Number of available CUDA devices: 0
2025-06-02 09:55:05,507 - INFO - Starting runner
2025-06-02 09:55:05,777 - INFO - Number of available CUDA devices: 0
2025-06-02 09:55:05,777 - INFO - Starting runner
2025-06-02 09:56:05,502 - ERROR - Connection with remote closed
2025-06-02 09:56:05,512 - INFO - End of the program
2025-06-02 09:56:05,524 - ERROR - Connection with remote closed
2025-06-02 09:56:05,527 - INFO - End of the program
2025-06-02 09:56:05,909 - ERROR - Connection with remote closed
2025-06-02 09:56:05,912 - INFO - End of the program
2025-06-02 09:56:07,493 - ERROR - Connection with remote closed
2025-06-02 09:56:07,495 - INFO - End of the program
2025-06-02 09:56:07,538 - ERROR - Connection with remote closed
2025-06-02 09:56:07,541 - INFO - End of the program
2025-06-02 09:56:07,678 - ERROR - Connection with remote closed
2025-06-02 09:56:07,681 - INFO - End of the program
2025-06-02 09:56:07,747 - ERROR - Connection with remote closed
2025-06-02 09:56:07,749 - INFO - End of the program
2025-06-02 09:56:07,760 - ERROR - Connection with remote closed
2025-06-02 09:56:07,762 - INFO - End of the program
2025-06-02 09:56:07,774 - ERROR - Connection with remote closed
2025-06-02 09:56:07,778 - INFO - End of the program
2025-06-02 09:56:12,869 - INFO - Binding arguments
2025-06-02 09:56:12,871 - INFO - Starting the runner with arguments Args(communication='pipe', port=None, input_pipe='pipes/s2p-1801361138459199', output_pipe='pipes/p2s-1801361138459199', algorithm='dqn', _device='gpu', epsilon=0.0644, _clipping='10.0000', batch_size=117, _ddqn='false', lr=0.0167):
2025-06-02 09:56:12,886 - INFO - Binding arguments
2025-06-02 09:56:12,888 - INFO - Starting the runner with arguments Args(communication='pipe', port=None, input_pipe='pipes/s2p-1801361126027921', output_pipe='pipes/p2s-1801361126027921', algorithm='dqn', _device='gpu', epsilon=0.0644, _clipping='10.0000', batch_size=117, _ddqn='false', lr=0.0167):
2025-06-02 09:56:12,961 - INFO - Binding arguments
2025-06-02 09:56:12,963 - INFO - Starting the runner with arguments Args(communication='pipe', port=None, input_pipe='pipes/s2p-1801361283424715', output_pipe='pipes/p2s-1801361283424715', algorithm='dqn', _device='gpu', epsilon=0.0644, _clipping='10.0000', batch_size=117, _ddqn='false', lr=0.0167):
2025-06-02 09:56:14,047 - INFO - Binding arguments
2025-06-02 09:56:14,049 - INFO - Starting the runner with arguments Args(communication='pipe', port=None, input_pipe='pipes/s2p-1801362696086005', output_pipe='pipes/p2s-1801362696086005', algorithm='dqn', _device='gpu', epsilon=0.0644, _clipping='10.0000', batch_size=117, _ddqn='false', lr=0.0167):
2025-06-02 09:56:14,196 - INFO - Binding arguments
2025-06-02 09:56:14,198 - INFO - Starting the runner with arguments Args(communication='pipe', port=None, input_pipe='pipes/s2p-1801362817582026', output_pipe='pipes/p2s-1801362817582026', algorithm='dqn', _device='gpu', epsilon=0.0644, _clipping='10.0000', batch_size=117, _ddqn='false', lr=0.0167):
2025-06-02 09:56:14,454 - INFO - Binding arguments
2025-06-02 09:56:14,456 - INFO - Starting the runner with arguments Args(communication='pipe', port=None, input_pipe='pipes/s2p-1801363086403448', output_pipe='pipes/p2s-1801363086403448', algorithm='dqn', _device='gpu', epsilon=0.0644, _clipping='10.0000', batch_size=117, _ddqn='false', lr=0.0167):
2025-06-02 09:56:14,486 - INFO - Binding arguments
2025-06-02 09:56:14,488 - INFO - Starting the runner with arguments Args(communication='pipe', port=None, input_pipe='pipes/s2p-1801363135910182', output_pipe='pipes/p2s-1801363135910182', algorithm='dqn', _device='gpu', epsilon=0.0644, _clipping='10.0000', batch_size=117, _ddqn='false', lr=0.0167):
2025-06-02 09:56:14,493 - INFO - Binding arguments
2025-06-02 09:56:14,495 - INFO - Starting the runner with arguments Args(communication='pipe', port=None, input_pipe='pipes/s2p-1801363172498524', output_pipe='pipes/p2s-1801363172498524', algorithm='dqn', _device='gpu', epsilon=0.0644, _clipping='10.0000', batch_size=117, _ddqn='false', lr=0.0167):
2025-06-02 09:56:14,539 - INFO - Binding arguments
2025-06-02 09:56:14,541 - INFO - Starting the runner with arguments Args(communication='pipe', port=None, input_pipe='pipes/s2p-1801363241678174', output_pipe='pipes/p2s-1801363241678174', algorithm='dqn', _device='gpu', epsilon=0.0644, _clipping='10.0000', batch_size=117, _ddqn='false', lr=0.0167):
2025-06-02 09:56:14,649 - INFO - Number of available CUDA devices: 0
2025-06-02 09:56:14,650 - INFO - Starting runner
2025-06-02 09:56:14,663 - INFO - Number of available CUDA devices: 0
2025-06-02 09:56:14,663 - INFO - Starting runner
2025-06-02 09:56:14,804 - INFO - Number of available CUDA devices: 0
2025-06-02 09:56:14,808 - INFO - Starting runner
2025-06-02 09:56:16,219 - INFO - Number of available CUDA devices: 0
2025-06-02 09:56:16,219 - INFO - Starting runner
2025-06-02 09:56:16,341 - INFO - Number of available CUDA devices: 0
2025-06-02 09:56:16,341 - INFO - Starting runner
2025-06-02 09:56:16,606 - INFO - Number of available CUDA devices: 0
2025-06-02 09:56:16,606 - INFO - Starting runner
2025-06-02 09:56:16,654 - INFO - Number of available CUDA devices: 0
2025-06-02 09:56:16,660 - INFO - Starting runner
2025-06-02 09:56:16,690 - INFO - Number of available CUDA devices: 0
2025-06-02 09:56:16,691 - INFO - Starting runner
2025-06-02 09:56:16,759 - INFO - Number of available CUDA devices: 0
2025-06-02 09:56:16,763 - INFO - Starting runner
2025-06-02 09:56:32,983 - ERROR - Connection with remote closed
2025-06-02 09:56:32,993 - INFO - End of the program
2025-06-02 09:56:44,515 - INFO - Binding arguments
2025-06-02 09:56:44,518 - INFO - Starting the runner with arguments Args(communication='pipe', port=None, input_pipe='pipes/s2p-1801380182787472', output_pipe='pipes/p2s-1801380182787472', algorithm='dqn', _device='gpu', epsilon=0.0644, _clipping='10.0000', batch_size=117, _ddqn='false', lr=0.0167):
2025-06-02 09:56:44,518 - INFO - Number of available CUDA devices: 0
2025-06-02 09:56:44,524 - INFO - Starting runner
2025-06-02 09:56:54,099 - ERROR - Connection with remote closed
2025-06-02 09:56:54,117 - INFO - End of the program
2025-06-02 09:57:06,000 - INFO - Binding arguments
2025-06-02 09:57:06,002 - INFO - Starting the runner with arguments Args(communication='pipe', port=None, input_pipe='pipes/s2p-1801413200024675', output_pipe='pipes/p2s-1801413200024675', algorithm='dqn', _device='gpu', epsilon=0.0644, _clipping='10.0000', batch_size=117, _ddqn='false', lr=0.0167):
2025-06-02 09:57:06,783 - INFO - Number of available CUDA devices: 0
2025-06-02 09:57:06,785 - INFO - Starting runner
2025-06-02 10:00:05,943 - ERROR - Connection with remote closed
2025-06-02 10:00:05,947 - INFO - End of the program
2025-06-02 10:00:06,013 - ERROR - Connection with remote closed
2025-06-02 10:00:06,015 - INFO - End of the program
2025-06-02 10:00:06,267 - ERROR - Connection with remote closed
2025-06-02 10:00:06,284 - INFO - End of the program
2025-06-02 10:00:06,535 - ERROR - Connection with remote closed
2025-06-02 10:00:06,550 - INFO - End of the program
2025-06-02 10:00:06,903 - ERROR - Connection with remote closed
2025-06-02 10:00:06,905 - INFO - End of the program
2025-06-02 10:00:07,333 - ERROR - Connection with remote closed
2025-06-02 10:00:07,335 - INFO - End of the program
2025-06-02 10:00:07,539 - ERROR - Connection with remote closed
2025-06-02 10:00:07,542 - INFO - End of the program
2025-06-02 10:00:07,551 - ERROR - Connection with remote closed
2025-06-02 10:00:07,552 - INFO - End of the program
2025-06-02 10:00:07,600 - ERROR - Connection with remote closed
2025-06-02 10:00:07,602 - INFO - End of the program
2025-06-02 10:00:13,176 - INFO - Binding arguments
2025-06-02 10:00:13,179 - INFO - Starting the runner with arguments Args(communication='pipe', port=None, input_pipe='pipes/s2p-1801591602134821', output_pipe='pipes/p2s-1801591602134821', algorithm='dqn', _device='gpu', epsilon=0.0644, _clipping='10.0000', batch_size=117, _ddqn='false', lr=0.0167):
2025-06-02 10:00:13,227 - INFO - Binding arguments
2025-06-02 10:00:13,229 - INFO - Starting the runner with arguments Args(communication='pipe', port=None, input_pipe='pipes/s2p-1801591614020817', output_pipe='pipes/p2s-1801591614020817', algorithm='dqn', _device='gpu', epsilon=0.0644, _clipping='10.0000', batch_size=117, _ddqn='false', lr=0.0167):
2025-06-02 10:00:13,350 - INFO - Binding arguments
2025-06-02 10:00:13,352 - INFO - Starting the runner with arguments Args(communication='pipe', port=None, input_pipe='pipes/s2p-1801591995365597', output_pipe='pipes/p2s-1801591995365597', algorithm='dqn', _device='gpu', epsilon=0.0644, _clipping='10.0000', batch_size=117, _ddqn='false', lr=0.0167):
2025-06-02 10:00:13,880 - INFO - Binding arguments
2025-06-02 10:00:13,882 - INFO - Starting the runner with arguments Args(communication='pipe', port=None, input_pipe='pipes/s2p-1801592518376243', output_pipe='pipes/p2s-1801592518376243', algorithm='dqn', _device='gpu', epsilon=0.0644, _clipping='10.0000', batch_size=117, _ddqn='false', lr=0.0167):
2025-06-02 10:00:13,940 - INFO - Binding arguments
2025-06-02 10:00:13,942 - INFO - Starting the runner with arguments Args(communication='pipe', port=None, input_pipe='pipes/s2p-1801592263521897', output_pipe='pipes/p2s-1801592263521897', algorithm='dqn', _device='gpu', epsilon=0.0644, _clipping='10.0000', batch_size=117, _ddqn='false', lr=0.0167):
2025-06-02 10:00:14,048 - INFO - Binding arguments
2025-06-02 10:00:14,051 - INFO - Starting the runner with arguments Args(communication='pipe', port=None, input_pipe='pipes/s2p-1801592273298052', output_pipe='pipes/p2s-1801592273298052', algorithm='dqn', _device='gpu', epsilon=0.0644, _clipping='10.0000', batch_size=117, _ddqn='false', lr=0.0167):
2025-06-02 10:00:14,098 - INFO - Binding arguments
2025-06-02 10:00:14,100 - INFO - Starting the runner with arguments Args(communication='pipe', port=None, input_pipe='pipes/s2p-1801592856111547', output_pipe='pipes/p2s-1801592856111547', algorithm='dqn', _device='gpu', epsilon=0.0644, _clipping='10.0000', batch_size=117, _ddqn='false', lr=0.0167):
2025-06-02 10:00:14,106 - INFO - Binding arguments
2025-06-02 10:00:14,108 - INFO - Starting the runner with arguments Args(communication='pipe', port=None, input_pipe='pipes/s2p-1801592836442739', output_pipe='pipes/p2s-1801592836442739', algorithm='dqn', _device='gpu', epsilon=0.0644, _clipping='10.0000', batch_size=117, _ddqn='false', lr=0.0167):
2025-06-02 10:00:14,213 - INFO - Binding arguments
2025-06-02 10:00:14,215 - INFO - Starting the runner with arguments Args(communication='pipe', port=None, input_pipe='pipes/s2p-1801592886818730', output_pipe='pipes/p2s-1801592886818730', algorithm='dqn', _device='gpu', epsilon=0.0644, _clipping='10.0000', batch_size=117, _ddqn='false', lr=0.0167):
2025-06-02 10:00:15,175 - INFO - Number of available CUDA devices: 0
2025-06-02 10:00:15,176 - INFO - Starting runner
2025-06-02 10:00:15,200 - INFO - Number of available CUDA devices: 0
2025-06-02 10:00:15,201 - INFO - Starting runner
2025-06-02 10:00:15,609 - INFO - Number of available CUDA devices: 0
2025-06-02 10:00:15,610 - INFO - Starting runner
2025-06-02 10:00:15,887 - INFO - Number of available CUDA devices: 0
2025-06-02 10:00:15,888 - INFO - Starting runner
2025-06-02 10:00:15,922 - INFO - Number of available CUDA devices: 0
2025-06-02 10:00:15,923 - INFO - Starting runner
2025-06-02 10:00:16,065 - INFO - Number of available CUDA devices: 0
2025-06-02 10:00:16,066 - INFO - Starting runner
2025-06-02 10:00:16,380 - INFO - Number of available CUDA devices: 0
2025-06-02 10:00:16,380 - INFO - Starting runner
2025-06-02 10:00:16,398 - INFO - Number of available CUDA devices: 0
2025-06-02 10:00:16,416 - INFO - Starting runner
2025-06-02 10:00:16,429 - INFO - Number of available CUDA devices: 0
2025-06-02 10:00:16,429 - INFO - Starting runner
2025-06-02 10:01:16,195 - ERROR - Connection with remote closed
2025-06-02 10:01:16,205 - INFO - End of the program
2025-06-02 10:01:16,270 - ERROR - Connection with remote closed
2025-06-02 10:01:16,272 - INFO - End of the program
2025-06-02 10:01:18,166 - ERROR - Connection with remote closed
2025-06-02 10:01:18,168 - INFO - End of the program
2025-06-02 10:01:18,542 - ERROR - Connection with remote closed
2025-06-02 10:01:18,545 - INFO - End of the program
2025-06-02 10:01:18,813 - ERROR - Connection with remote closed
2025-06-02 10:01:18,816 - INFO - End of the program
2025-06-02 10:01:18,900 - ERROR - Connection with remote closed
2025-06-02 10:01:18,903 - INFO - End of the program
2025-06-02 10:01:18,936 - ERROR - Connection with remote closed
2025-06-02 10:01:18,939 - INFO - End of the program
2025-06-02 10:01:19,427 - ERROR - Connection with remote closed
2025-06-02 10:01:19,429 - INFO - End of the program
2025-06-02 10:01:19,443 - ERROR - Connection with remote closed
2025-06-02 10:01:19,445 - INFO - End of the program
2025-06-02 10:01:24,439 - INFO - Binding arguments
2025-06-02 10:01:24,442 - INFO - Starting the runner with arguments Args(communication='pipe', port=None, input_pipe='pipes/s2p-1801672691504287', output_pipe='pipes/p2s-1801672691504287', algorithm='dqn', _device='gpu', epsilon=0.0644, _clipping='10.0000', batch_size=117, _ddqn='false', lr=0.0167):
2025-06-02 10:01:24,584 - INFO - Binding arguments
2025-06-02 10:01:24,587 - INFO - Starting the runner with arguments Args(communication='pipe', port=None, input_pipe='pipes/s2p-1801673057337887', output_pipe='pipes/p2s-1801673057337887', algorithm='dqn', _device='gpu', epsilon=0.0644, _clipping='10.0000', batch_size=117, _ddqn='false', lr=0.0167):
2025-06-02 10:01:25,435 - INFO - Binding arguments
2025-06-02 10:01:25,437 - INFO - Starting the runner with arguments Args(communication='pipe', port=None, input_pipe='pipes/s2p-1801673782742758', output_pipe='pipes/p2s-1801673782742758', algorithm='dqn', _device='gpu', epsilon=0.0644, _clipping='10.0000', batch_size=117, _ddqn='false', lr=0.0167):
2025-06-02 10:01:25,611 - INFO - Binding arguments
2025-06-02 10:01:25,613 - INFO - Starting the runner with arguments Args(communication='pipe', port=None, input_pipe='pipes/s2p-1801674249795639', output_pipe='pipes/p2s-1801674249795639', algorithm='dqn', _device='gpu', epsilon=0.0644, _clipping='10.0000', batch_size=117, _ddqn='false', lr=0.0167):
2025-06-02 10:01:25,783 - INFO - Binding arguments
2025-06-02 10:01:25,785 - INFO - Starting the runner with arguments Args(communication='pipe', port=None, input_pipe='pipes/s2p-1801674426575640', output_pipe='pipes/p2s-1801674426575640', algorithm='dqn', _device='gpu', epsilon=0.0644, _clipping='10.0000', batch_size=117, _ddqn='false', lr=0.0167):
2025-06-02 10:01:25,875 - INFO - Binding arguments
2025-06-02 10:01:25,877 - INFO - Starting the runner with arguments Args(communication='pipe', port=None, input_pipe='pipes/s2p-1801674474194584', output_pipe='pipes/p2s-1801674474194584', algorithm='dqn', _device='gpu', epsilon=0.0644, _clipping='10.0000', batch_size=117, _ddqn='false', lr=0.0167):
2025-06-02 10:01:26,007 - INFO - Binding arguments
2025-06-02 10:01:26,010 - INFO - Starting the runner with arguments Args(communication='pipe', port=None, input_pipe='pipes/s2p-1801674671654621', output_pipe='pipes/p2s-1801674671654621', algorithm='dqn', _device='gpu', epsilon=0.0644, _clipping='10.0000', batch_size=117, _ddqn='false', lr=0.0167):
2025-06-02 10:01:26,270 - INFO - Number of available CUDA devices: 0
2025-06-02 10:01:26,271 - INFO - Starting runner
2025-06-02 10:01:26,298 - INFO - Binding arguments
2025-06-02 10:01:26,300 - INFO - Starting the runner with arguments Args(communication='pipe', port=None, input_pipe='pipes/s2p-1801674857230631', output_pipe='pipes/p2s-1801674857230631', algorithm='dqn', _device='gpu', epsilon=0.0644, _clipping='10.0000', batch_size=117, _ddqn='false', lr=0.0167):
2025-06-02 10:01:26,334 - INFO - Binding arguments
2025-06-02 10:01:26,336 - INFO - Starting the runner with arguments Args(communication='pipe', port=None, input_pipe='pipes/s2p-1801675066232764', output_pipe='pipes/p2s-1801675066232764', algorithm='dqn', _device='gpu', epsilon=0.0644, _clipping='10.0000', batch_size=117, _ddqn='false', lr=0.0167):
2025-06-02 10:01:26,583 - INFO - Number of available CUDA devices: 0
2025-06-02 10:01:26,583 - INFO - Starting runner
2025-06-02 10:01:27,340 - INFO - Number of available CUDA devices: 0
2025-06-02 10:01:27,342 - INFO - Starting runner
2025-06-02 10:01:27,799 - INFO - Number of available CUDA devices: 0
2025-06-02 10:01:27,804 - INFO - Starting runner
2025-06-02 10:01:27,945 - INFO - Number of available CUDA devices: 0
2025-06-02 10:01:27,945 - INFO - Starting runner
2025-06-02 10:01:27,997 - INFO - Number of available CUDA devices: 0
2025-06-02 10:01:27,997 - INFO - Starting runner
2025-06-02 10:01:28,199 - INFO - Number of available CUDA devices: 0
2025-06-02 10:01:28,200 - INFO - Starting runner
2025-06-02 10:01:28,453 - INFO - Number of available CUDA devices: 0
2025-06-02 10:01:28,454 - INFO - Starting runner
2025-06-02 10:01:28,659 - INFO - Number of available CUDA devices: 0
2025-06-02 10:01:28,665 - INFO - Starting runner
2025-06-02 10:02:08,599 - ERROR - Connection with remote closed
2025-06-02 10:02:08,614 - INFO - End of the program
2025-06-02 10:02:11,535 - ERROR - Connection with remote closed
2025-06-02 10:02:11,540 - INFO - End of the program
2025-06-02 10:02:20,212 - INFO - Binding arguments
2025-06-02 10:02:20,215 - INFO - Starting the runner with arguments Args(communication='pipe', port=None, input_pipe='pipes/s2p-1801726860422417', output_pipe='pipes/p2s-1801726860422417', algorithm='dqn', _device='gpu', epsilon=0.0644, _clipping='10.0000', batch_size=117, _ddqn='false', lr=0.0167):
2025-06-02 10:02:20,495 - INFO - Number of available CUDA devices: 0
2025-06-02 10:02:20,496 - INFO - Starting runner
2025-06-02 10:02:26,515 - INFO - Binding arguments
2025-06-02 10:02:26,519 - INFO - Starting the runner with arguments Args(communication='pipe', port=None, input_pipe='pipes/s2p-1801721289579619', output_pipe='pipes/p2s-1801721289579619', algorithm='dqn', _device='gpu', epsilon=0.0644, _clipping='10.0000', batch_size=117, _ddqn='false', lr=0.0167):
2025-06-02 10:02:26,524 - INFO - Number of available CUDA devices: 0
2025-06-02 10:02:26,528 - INFO - Starting runner
2025-06-02 10:05:16,851 - ERROR - Connection with remote closed
2025-06-02 10:05:16,882 - INFO - End of the program
2025-06-02 10:05:17,565 - ERROR - Connection with remote closed
2025-06-02 10:05:17,567 - INFO - End of the program
2025-06-02 10:05:18,351 - ERROR - Connection with remote closed
2025-06-02 10:05:18,352 - INFO - End of the program
2025-06-02 10:05:18,515 - ERROR - Connection with remote closed
2025-06-02 10:05:18,518 - INFO - End of the program
2025-06-02 10:05:18,785 - ERROR - Connection with remote closed
2025-06-02 10:05:18,788 - INFO - End of the program
2025-06-02 10:05:18,813 - ERROR - Connection with remote closed
2025-06-02 10:05:18,816 - INFO - End of the program
2025-06-02 10:05:18,861 - ERROR - Connection with remote closed
2025-06-02 10:05:18,864 - INFO - End of the program
2025-06-02 10:05:18,928 - ERROR - Connection with remote closed
2025-06-02 10:05:18,936 - INFO - End of the program
2025-06-02 10:05:21,890 - ERROR - Connection with remote closed
2025-06-02 10:05:21,894 - INFO - End of the program
2025-06-02 10:05:26,453 - INFO - Binding arguments
2025-06-02 10:05:26,456 - INFO - Starting the runner with arguments Args(communication='pipe', port=None, input_pipe='pipes/s2p-1801904775808248', output_pipe='pipes/p2s-1801904775808248', algorithm='dqn', _device='gpu', epsilon=0.0644, _clipping='10.0000', batch_size=117, _ddqn='false', lr=0.0167):
2025-06-02 10:05:26,726 - INFO - Binding arguments
2025-06-02 10:05:26,728 - INFO - Starting the runner with arguments Args(communication='pipe', port=None, input_pipe='pipes/s2p-1801905388668940', output_pipe='pipes/p2s-1801905388668940', algorithm='dqn', _device='gpu', epsilon=0.0644, _clipping='10.0000', batch_size=117, _ddqn='false', lr=0.0167):
2025-06-02 10:05:26,738 - INFO - Binding arguments
2025-06-02 10:05:26,740 - INFO - Starting the runner with arguments Args(communication='pipe', port=None, input_pipe='pipes/s2p-1801905303299582', output_pipe='pipes/p2s-1801905303299582', algorithm='dqn', _device='gpu', epsilon=0.0644, _clipping='10.0000', batch_size=117, _ddqn='false', lr=0.0167):
2025-06-02 10:05:27,061 - INFO - Binding arguments
2025-06-02 10:05:27,063 - INFO - Starting the runner with arguments Args(communication='pipe', port=None, input_pipe='pipes/s2p-1801905563321633', output_pipe='pipes/p2s-1801905563321633', algorithm='dqn', _device='gpu', epsilon=0.0644, _clipping='10.0000', batch_size=117, _ddqn='false', lr=0.0167):
2025-06-02 10:05:27,243 - INFO - Binding arguments
2025-06-02 10:05:27,246 - INFO - Starting the runner with arguments Args(communication='pipe', port=None, input_pipe='pipes/s2p-1801905583676865', output_pipe='pipes/p2s-1801905583676865', algorithm='dqn', _device='gpu', epsilon=0.0644, _clipping='10.0000', batch_size=117, _ddqn='false', lr=0.0167):
2025-06-02 10:05:27,542 - INFO - Binding arguments
2025-06-02 10:05:27,544 - INFO - Starting the runner with arguments Args(communication='pipe', port=None, input_pipe='pipes/s2p-1801905890427377', output_pipe='pipes/p2s-1801905890427377', algorithm='dqn', _device='gpu', epsilon=0.0644, _clipping='10.0000', batch_size=117, _ddqn='false', lr=0.0167):
2025-06-02 10:05:27,594 - INFO - Binding arguments
2025-06-02 10:05:27,596 - INFO - Starting the runner with arguments Args(communication='pipe', port=None, input_pipe='pipes/s2p-1801905988970325', output_pipe='pipes/p2s-1801905988970325', algorithm='dqn', _device='gpu', epsilon=0.0644, _clipping='10.0000', batch_size=117, _ddqn='false', lr=0.0167):
2025-06-02 10:05:27,609 - INFO - Binding arguments
2025-06-02 10:05:27,611 - INFO - Starting the runner with arguments Args(communication='pipe', port=None, input_pipe='pipes/s2p-1801906104522793', output_pipe='pipes/p2s-1801906104522793', algorithm='dqn', _device='gpu', epsilon=0.0644, _clipping='10.0000', batch_size=117, _ddqn='false', lr=0.0167):
2025-06-02 10:05:28,347 - INFO - Number of available CUDA devices: 0
2025-06-02 10:05:28,348 - INFO - Starting runner
2025-06-02 10:05:28,899 - INFO - Number of available CUDA devices: 0
2025-06-02 10:05:28,899 - INFO - Starting runner
2025-06-02 10:05:28,945 - INFO - Number of available CUDA devices: 0
2025-06-02 10:05:28,949 - INFO - Starting runner
2025-06-02 10:05:29,171 - INFO - Number of available CUDA devices: 0
2025-06-02 10:05:29,187 - INFO - Starting runner
2025-06-02 10:05:29,190 - INFO - Number of available CUDA devices: 0
2025-06-02 10:05:29,190 - INFO - Starting runner
2025-06-02 10:05:29,479 - INFO - Number of available CUDA devices: 0
2025-06-02 10:05:29,480 - INFO - Starting runner
2025-06-02 10:05:29,613 - INFO - Number of available CUDA devices: 0
2025-06-02 10:05:29,618 - INFO - Starting runner
2025-06-02 10:05:29,670 - INFO - Number of available CUDA devices: 0
2025-06-02 10:05:29,673 - INFO - Starting runner
2025-06-02 10:05:30,766 - INFO - Binding arguments
2025-06-02 10:05:30,794 - INFO - Starting the runner with arguments Args(communication='pipe', port=None, input_pipe='pipes/s2p-1801908147585947', output_pipe='pipes/p2s-1801908147585947', algorithm='dqn', _device='gpu', epsilon=0.0644, _clipping='10.0000', batch_size=117, _ddqn='false', lr=0.0167):
2025-06-02 10:05:31,801 - INFO - Number of available CUDA devices: 0
2025-06-02 10:05:31,806 - INFO - Starting runner
2025-06-02 10:06:28,320 - ERROR - Connection with remote closed
2025-06-02 10:06:28,324 - INFO - End of the program
2025-06-02 10:06:28,638 - ERROR - Connection with remote closed
2025-06-02 10:06:28,641 - INFO - End of the program
2025-06-02 10:06:28,938 - ERROR - Connection with remote closed
2025-06-02 10:06:28,940 - INFO - End of the program
2025-06-02 10:06:29,517 - ERROR - Connection with remote closed
2025-06-02 10:06:29,519 - INFO - End of the program
2025-06-02 10:06:30,197 - ERROR - Connection with remote closed
2025-06-02 10:06:30,200 - INFO - End of the program
2025-06-02 10:06:30,574 - ERROR - Connection with remote closed
2025-06-02 10:06:30,578 - INFO - End of the program
2025-06-02 10:06:30,975 - ERROR - Connection with remote closed
2025-06-02 10:06:30,978 - INFO - End of the program
2025-06-02 10:06:31,037 - ERROR - Connection with remote closed
2025-06-02 10:06:31,039 - INFO - End of the program
2025-06-02 10:06:31,322 - ERROR - Connection with remote closed
2025-06-02 10:06:31,324 - INFO - End of the program
2025-06-02 10:06:36,295 - INFO - Binding arguments
2025-06-02 10:06:36,298 - INFO - Starting the runner with arguments Args(communication='pipe', port=None, input_pipe='pipes/s2p-1801984812941843', output_pipe='pipes/p2s-1801984812941843', algorithm='dqn', _device='gpu', epsilon=0.0644, _clipping='10.0000', batch_size=117, _ddqn='false', lr=0.0167):
2025-06-02 10:06:36,439 - INFO - Binding arguments
2025-06-02 10:06:36,441 - INFO - Starting the runner with arguments Args(communication='pipe', port=None, input_pipe='pipes/s2p-1801984879784335', output_pipe='pipes/p2s-1801984879784335', algorithm='dqn', _device='gpu', epsilon=0.0644, _clipping='10.0000', batch_size=117, _ddqn='false', lr=0.0167):
2025-06-02 10:06:36,473 - INFO - Binding arguments
2025-06-02 10:06:36,475 - INFO - Starting the runner with arguments Args(communication='pipe', port=None, input_pipe='pipes/s2p-1801984806489998', output_pipe='pipes/p2s-1801984806489998', algorithm='dqn', _device='gpu', epsilon=0.0644, _clipping='10.0000', batch_size=117, _ddqn='false', lr=0.0167):
2025-06-02 10:06:36,746 - INFO - Binding arguments
2025-06-02 10:06:36,748 - INFO - Starting the runner with arguments Args(communication='pipe', port=None, input_pipe='pipes/s2p-1801985273615860', output_pipe='pipes/p2s-1801985273615860', algorithm='dqn', _device='gpu', epsilon=0.0644, _clipping='10.0000', batch_size=117, _ddqn='false', lr=0.0167):
2025-06-02 10:06:36,979 - INFO - Binding arguments
2025-06-02 10:06:36,981 - INFO - Starting the runner with arguments Args(communication='pipe', port=None, input_pipe='pipes/s2p-1801985533268687', output_pipe='pipes/p2s-1801985533268687', algorithm='dqn', _device='gpu', epsilon=0.0644, _clipping='10.0000', batch_size=117, _ddqn='false', lr=0.0167):
2025-06-02 10:06:37,656 - INFO - Binding arguments
2025-06-02 10:06:37,658 - INFO - Starting the runner with arguments Args(communication='pipe', port=None, input_pipe='pipes/s2p-1801986283724524', output_pipe='pipes/p2s-1801986283724524', algorithm='dqn', _device='gpu', epsilon=0.0644, _clipping='10.0000', batch_size=117, _ddqn='false', lr=0.0167):
2025-06-02 10:06:37,970 - INFO - Binding arguments
2025-06-02 10:06:37,972 - INFO - Starting the runner with arguments Args(communication='pipe', port=None, input_pipe='pipes/s2p-1801986730231741', output_pipe='pipes/p2s-1801986730231741', algorithm='dqn', _device='gpu', epsilon=0.0644, _clipping='10.0000', batch_size=117, _ddqn='false', lr=0.0167):
2025-06-02 10:06:38,108 - INFO - Binding arguments
2025-06-02 10:06:38,110 - INFO - Starting the runner with arguments Args(communication='pipe', port=None, input_pipe='pipes/s2p-1801986745382705', output_pipe='pipes/p2s-1801986745382705', algorithm='dqn', _device='gpu', epsilon=0.0644, _clipping='10.0000', batch_size=117, _ddqn='false', lr=0.0167):
2025-06-02 10:06:38,191 - INFO - Binding arguments
2025-06-02 10:06:38,193 - INFO - Starting the runner with arguments Args(communication='pipe', port=None, input_pipe='pipes/s2p-1801987054382805', output_pipe='pipes/p2s-1801987054382805', algorithm='dqn', _device='gpu', epsilon=0.0644, _clipping='10.0000', batch_size=117, _ddqn='false', lr=0.0167):
2025-06-02 10:06:38,357 - INFO - Number of available CUDA devices: 0
2025-06-02 10:06:38,360 - INFO - Starting runner
2025-06-02 10:06:38,365 - INFO - Number of available CUDA devices: 0
2025-06-02 10:06:38,365 - INFO - Starting runner
2025-06-02 10:06:38,417 - INFO - Number of available CUDA devices: 0
2025-06-02 10:06:38,417 - INFO - Starting runner
2025-06-02 10:06:38,815 - INFO - Number of available CUDA devices: 0
2025-06-02 10:06:38,815 - INFO - Starting runner
2025-06-02 10:06:39,091 - INFO - Number of available CUDA devices: 0
2025-06-02 10:06:39,092 - INFO - Starting runner
2025-06-02 10:06:39,815 - INFO - Number of available CUDA devices: 0
2025-06-02 10:06:39,818 - INFO - Starting runner
2025-06-02 10:06:40,255 - INFO - Number of available CUDA devices: 0
2025-06-02 10:06:40,264 - INFO - Number of available CUDA devices: 0
2025-06-02 10:06:40,268 - INFO - Starting runner
2025-06-02 10:06:40,269 - INFO - Starting runner
2025-06-02 10:06:40,571 - INFO - Number of available CUDA devices: 0
2025-06-02 10:06:40,575 - INFO - Starting runner
2025-06-02 10:07:26,436 - ERROR - Connection with remote closed
2025-06-02 10:07:26,440 - INFO - End of the program
2025-06-02 10:07:31,498 - ERROR - Connection with remote closed
2025-06-02 10:07:31,504 - INFO - End of the program
2025-06-02 10:07:38,610 - INFO - Binding arguments
2025-06-02 10:07:38,615 - INFO - Starting the runner with arguments Args(communication='pipe', port=None, input_pipe='pipes/s2p-1802045120129616', output_pipe='pipes/p2s-1802045120129616', algorithm='dqn', _device='gpu', epsilon=0.0644, _clipping='10.0000', batch_size=117, _ddqn='false', lr=0.0167):
2025-06-02 10:07:38,749 - INFO - Number of available CUDA devices: 0
2025-06-02 10:07:38,750 - INFO - Starting runner
2025-06-02 10:07:46,635 - INFO - Binding arguments
2025-06-02 10:07:46,637 - INFO - Starting the runner with arguments Args(communication='pipe', port=None, input_pipe='pipes/s2p-1802041268824932', output_pipe='pipes/p2s-1802041268824932', algorithm='dqn', _device='gpu', epsilon=0.0644, _clipping='10.0000', batch_size=117, _ddqn='false', lr=0.0167):
2025-06-02 10:07:46,654 - INFO - Number of available CUDA devices: 0
2025-06-02 10:07:46,675 - INFO - Starting runner
2025-06-02 10:10:29,435 - ERROR - Connection with remote closed
2025-06-02 10:10:29,440 - INFO - End of the program
2025-06-02 10:10:30,628 - ERROR - Connection with remote closed
2025-06-02 10:10:30,637 - INFO - End of the program
2025-06-02 10:10:30,735 - ERROR - Connection with remote closed
2025-06-02 10:10:30,738 - INFO - End of the program
2025-06-02 10:10:30,929 - ERROR - Connection with remote closed
2025-06-02 10:10:30,932 - INFO - End of the program
2025-06-02 10:10:31,024 - ERROR - Connection with remote closed
2025-06-02 10:10:31,026 - INFO - End of the program
2025-06-02 10:10:31,965 - ERROR - Connection with remote closed
2025-06-02 10:10:31,968 - INFO - End of the program
2025-06-02 10:10:32,321 - ERROR - Connection with remote closed
2025-06-02 10:10:32,324 - INFO - End of the program
2025-06-02 10:10:32,328 - ERROR - Connection with remote closed
2025-06-02 10:10:32,337 - INFO - End of the program
2025-06-02 10:10:33,372 - ERROR - Connection with remote closed
2025-06-02 10:10:33,374 - INFO - End of the program
2025-06-02 10:10:38,434 - INFO - Binding arguments
2025-06-02 10:10:38,436 - INFO - Starting the runner with arguments Args(communication='pipe', port=None, input_pipe='pipes/s2p-1802216861177077', output_pipe='pipes/p2s-1802216861177077', algorithm='dqn', _device='gpu', epsilon=0.0644, _clipping='10.0000', batch_size=117, _ddqn='false', lr=0.0167):
2025-06-02 10:10:38,724 - INFO - Binding arguments
2025-06-02 10:10:38,726 - INFO - Starting the runner with arguments Args(communication='pipe', port=None, input_pipe='pipes/s2p-1802217283521713', output_pipe='pipes/p2s-1802217283521713', algorithm='dqn', _device='gpu', epsilon=0.0644, _clipping='10.0000', batch_size=117, _ddqn='false', lr=0.0167):
2025-06-02 10:10:38,760 - INFO - Binding arguments
2025-06-02 10:10:38,762 - INFO - Starting the runner with arguments Args(communication='pipe', port=None, input_pipe='pipes/s2p-1802217230593123', output_pipe='pipes/p2s-1802217230593123', algorithm='dqn', _device='gpu', epsilon=0.0644, _clipping='10.0000', batch_size=117, _ddqn='false', lr=0.0167):
2025-06-02 10:10:38,777 - INFO - Binding arguments
2025-06-02 10:10:38,780 - INFO - Starting the runner with arguments Args(communication='pipe', port=None, input_pipe='pipes/s2p-1802217333690873', output_pipe='pipes/p2s-1802217333690873', algorithm='dqn', _device='gpu', epsilon=0.0644, _clipping='10.0000', batch_size=117, _ddqn='false', lr=0.0167):
2025-06-02 10:10:38,781 - INFO - Binding arguments
2025-06-02 10:10:38,783 - INFO - Starting the runner with arguments Args(communication='pipe', port=None, input_pipe='pipes/s2p-1802217369738904', output_pipe='pipes/p2s-1802217369738904', algorithm='dqn', _device='gpu', epsilon=0.0644, _clipping='10.0000', batch_size=117, _ddqn='false', lr=0.0167):
2025-06-02 10:10:38,824 - INFO - Binding arguments
2025-06-02 10:10:38,825 - INFO - Binding arguments
2025-06-02 10:10:38,826 - INFO - Starting the runner with arguments Args(communication='pipe', port=None, input_pipe='pipes/s2p-1802217360532241', output_pipe='pipes/p2s-1802217360532241', algorithm='dqn', _device='gpu', epsilon=0.0644, _clipping='10.0000', batch_size=117, _ddqn='false', lr=0.0167):
2025-06-02 10:10:38,827 - INFO - Starting the runner with arguments Args(communication='pipe', port=None, input_pipe='pipes/s2p-1802217490624086', output_pipe='pipes/p2s-1802217490624086', algorithm='dqn', _device='gpu', epsilon=0.0644, _clipping='10.0000', batch_size=117, _ddqn='false', lr=0.0167):
2025-06-02 10:10:39,404 - INFO - Binding arguments
2025-06-02 10:10:39,406 - INFO - Starting the runner with arguments Args(communication='pipe', port=None, input_pipe='pipes/s2p-1802218091281049', output_pipe='pipes/p2s-1802218091281049', algorithm='dqn', _device='gpu', epsilon=0.0644, _clipping='10.0000', batch_size=117, _ddqn='false', lr=0.0167):
2025-06-02 10:10:40,096 - INFO - Binding arguments
2025-06-02 10:10:40,098 - INFO - Starting the runner with arguments Args(communication='pipe', port=None, input_pipe='pipes/s2p-1802218827067102', output_pipe='pipes/p2s-1802218827067102', algorithm='dqn', _device='gpu', epsilon=0.0644, _clipping='10.0000', batch_size=117, _ddqn='false', lr=0.0167):
2025-06-02 10:10:40,463 - INFO - Number of available CUDA devices: 0
2025-06-02 10:10:40,464 - INFO - Starting runner
2025-06-02 10:10:40,778 - INFO - Number of available CUDA devices: 0
2025-06-02 10:10:40,781 - INFO - Starting runner
2025-06-02 10:10:40,825 - INFO - Number of available CUDA devices: 0
2025-06-02 10:10:40,825 - INFO - Starting runner
2025-06-02 10:10:40,875 - INFO - Number of available CUDA devices: 0
2025-06-02 10:10:40,878 - INFO - Starting runner
2025-06-02 10:10:40,904 - INFO - Number of available CUDA devices: 0
2025-06-02 10:10:40,905 - INFO - Starting runner
2025-06-02 10:10:40,909 - INFO - Number of available CUDA devices: 0
2025-06-02 10:10:40,914 - INFO - Starting runner
2025-06-02 10:10:41,124 - INFO - Number of available CUDA devices: 0
2025-06-02 10:10:41,125 - INFO - Starting runner
2025-06-02 10:10:41,694 - INFO - Number of available CUDA devices: 0
2025-06-02 10:10:41,698 - INFO - Starting runner
2025-06-02 10:10:42,407 - INFO - Number of available CUDA devices: 0
2025-06-02 10:10:42,408 - INFO - Starting runner
2025-06-02 10:11:39,198 - ERROR - Connection with remote closed
2025-06-02 10:11:39,209 - INFO - End of the program
2025-06-02 10:11:40,018 - ERROR - Connection with remote closed
2025-06-02 10:11:40,029 - INFO - End of the program
2025-06-02 10:11:40,376 - ERROR - Connection with remote closed
2025-06-02 10:11:40,391 - INFO - End of the program
2025-06-02 10:11:41,275 - ERROR - Connection with remote closed
2025-06-02 10:11:41,278 - INFO - End of the program
2025-06-02 10:11:41,483 - ERROR - Connection with remote closed
2025-06-02 10:11:41,485 - INFO - End of the program
2025-06-02 10:11:41,571 - ERROR - Connection with remote closed
2025-06-02 10:11:41,573 - INFO - End of the program
2025-06-02 10:11:41,591 - ERROR - Connection with remote closed
2025-06-02 10:11:41,593 - INFO - End of the program
2025-06-02 10:11:41,625 - ERROR - Connection with remote closed
2025-06-02 10:11:41,627 - INFO - End of the program
2025-06-02 10:11:42,027 - ERROR - Connection with remote closed
2025-06-02 10:11:42,030 - INFO - End of the program
2025-06-02 10:11:47,245 - INFO - Binding arguments
2025-06-02 10:11:47,247 - INFO - Starting the runner with arguments Args(communication='pipe', port=None, input_pipe='pipes/s2p-1802295555993631', output_pipe='pipes/p2s-1802295555993631', algorithm='dqn', _device='gpu', epsilon=0.0644, _clipping='10.0000', batch_size=117, _ddqn='false', lr=0.0167):
2025-06-02 10:11:47,540 - INFO - Binding arguments
2025-06-02 10:11:47,541 - INFO - Binding arguments
2025-06-02 10:11:47,543 - INFO - Starting the runner with arguments Args(communication='pipe', port=None, input_pipe='pipes/s2p-1802295839154646', output_pipe='pipes/p2s-1802295839154646', algorithm='dqn', _device='gpu', epsilon=0.0644, _clipping='10.0000', batch_size=117, _ddqn='false', lr=0.0167):
2025-06-02 10:11:47,544 - INFO - Starting the runner with arguments Args(communication='pipe', port=None, input_pipe='pipes/s2p-1802296011288129', output_pipe='pipes/p2s-1802296011288129', algorithm='dqn', _device='gpu', epsilon=0.0644, _clipping='10.0000', batch_size=117, _ddqn='false', lr=0.0167):
2025-06-02 10:11:48,306 - INFO - Binding arguments
2025-06-02 10:11:48,308 - INFO - Starting the runner with arguments Args(communication='pipe', port=None, input_pipe='pipes/s2p-1802296879390984', output_pipe='pipes/p2s-1802296879390984', algorithm='dqn', _device='gpu', epsilon=0.0644, _clipping='10.0000', batch_size=117, _ddqn='false', lr=0.0167):
2025-06-02 10:11:48,374 - INFO - Binding arguments
2025-06-02 10:11:48,376 - INFO - Starting the runner with arguments Args(communication='pipe', port=None, input_pipe='pipes/s2p-1802297009270069', output_pipe='pipes/p2s-1802297009270069', algorithm='dqn', _device='gpu', epsilon=0.0644, _clipping='10.0000', batch_size=117, _ddqn='false', lr=0.0167):
2025-06-02 10:11:48,542 - INFO - Binding arguments
2025-06-02 10:11:48,544 - INFO - Starting the runner with arguments Args(communication='pipe', port=None, input_pipe='pipes/s2p-1802297059116049', output_pipe='pipes/p2s-1802297059116049', algorithm='dqn', _device='gpu', epsilon=0.0644, _clipping='10.0000', batch_size=117, _ddqn='false', lr=0.0167):
2025-06-02 10:11:48,564 - INFO - Binding arguments
2025-06-02 10:11:48,567 - INFO - Starting the runner with arguments Args(communication='pipe', port=None, input_pipe='pipes/s2p-1802297269432377', output_pipe='pipes/p2s-1802297269432377', algorithm='dqn', _device='gpu', epsilon=0.0644, _clipping='10.0000', batch_size=117, _ddqn='false', lr=0.0167):
2025-06-02 10:11:48,571 - INFO - Binding arguments
2025-06-02 10:11:48,573 - INFO - Starting the runner with arguments Args(communication='pipe', port=None, input_pipe='pipes/s2p-1802297093207774', output_pipe='pipes/p2s-1802297093207774', algorithm='dqn', _device='gpu', epsilon=0.0644, _clipping='10.0000', batch_size=117, _ddqn='false', lr=0.0167):
2025-06-02 10:11:48,713 - INFO - Binding arguments
2025-06-02 10:11:48,715 - INFO - Starting the runner with arguments Args(communication='pipe', port=None, input_pipe='pipes/s2p-1802297368054382', output_pipe='pipes/p2s-1802297368054382', algorithm='dqn', _device='gpu', epsilon=0.0644, _clipping='10.0000', batch_size=117, _ddqn='false', lr=0.0167):
2025-06-02 10:11:49,115 - INFO - Number of available CUDA devices: 0
2025-06-02 10:11:49,119 - INFO - Starting runner
2025-06-02 10:11:49,370 - INFO - Number of available CUDA devices: 0
2025-06-02 10:11:49,374 - INFO - Starting runner
2025-06-02 10:11:49,564 - INFO - Number of available CUDA devices: 0
2025-06-02 10:11:49,564 - INFO - Starting runner
2025-06-02 10:11:50,400 - INFO - Number of available CUDA devices: 0
2025-06-02 10:11:50,401 - INFO - Starting runner
2025-06-02 10:11:50,529 - INFO - Number of available CUDA devices: 0
2025-06-02 10:11:50,533 - INFO - Starting runner
2025-06-02 10:11:50,583 - INFO - Number of available CUDA devices: 0
2025-06-02 10:11:50,589 - INFO - Starting runner
2025-06-02 10:11:50,611 - INFO - Number of available CUDA devices: 0
2025-06-02 10:11:50,612 - INFO - Starting runner
2025-06-02 10:11:50,792 - INFO - Number of available CUDA devices: 0
2025-06-02 10:11:50,792 - INFO - Starting runner
2025-06-02 10:11:50,898 - INFO - Number of available CUDA devices: 0
2025-06-02 10:11:50,899 - INFO - Starting runner
2025-06-02 10:12:41,455 - ERROR - Connection with remote closed
2025-06-02 10:12:41,457 - INFO - End of the program
2025-06-02 10:12:52,388 - INFO - Binding arguments
2025-06-02 10:12:52,391 - INFO - Starting the runner with arguments Args(communication='pipe', port=None, input_pipe='pipes/s2p-1802359619511826', output_pipe='pipes/p2s-1802359619511826', algorithm='dqn', _device='gpu', epsilon=0.0644, _clipping='10.0000', batch_size=117, _ddqn='false', lr=0.0167):
2025-06-02 10:12:53,186 - INFO - Number of available CUDA devices: 0
2025-06-02 10:12:53,187 - INFO - Starting runner
2025-06-02 10:12:58,262 - ERROR - Connection with remote closed
2025-06-02 10:12:58,269 - INFO - End of the program
2025-06-02 10:13:06,792 - INFO - Binding arguments
2025-06-02 10:13:06,809 - INFO - Starting the runner with arguments Args(communication='pipe', port=None, input_pipe='pipes/s2p-1802363271631487', output_pipe='pipes/p2s-1802363271631487', algorithm='dqn', _device='gpu', epsilon=0.0644, _clipping='10.0000', batch_size=117, _ddqn='false', lr=0.0167):
2025-06-02 10:13:06,852 - INFO - Number of available CUDA devices: 0
2025-06-02 10:13:06,857 - INFO - Starting runner
2025-06-02 10:15:42,168 - ERROR - Connection with remote closed
2025-06-02 10:15:42,174 - INFO - End of the program
2025-06-02 10:15:43,085 - ERROR - Connection with remote closed
2025-06-02 10:15:43,087 - INFO - End of the program
2025-06-02 10:15:44,102 - ERROR - Connection with remote closed
2025-06-02 10:15:44,104 - INFO - End of the program
2025-06-02 10:15:44,346 - ERROR - Connection with remote closed
2025-06-02 10:15:44,348 - INFO - End of the program
2025-06-02 10:15:44,420 - ERROR - Connection with remote closed
2025-06-02 10:15:44,422 - INFO - End of the program
2025-06-02 10:15:44,656 - ERROR - Connection with remote closed
2025-06-02 10:15:44,656 - ERROR - Connection with remote closed
2025-06-02 10:15:44,658 - INFO - End of the program
2025-06-02 10:15:44,659 - INFO - End of the program
2025-06-02 10:15:44,762 - ERROR - Connection with remote closed
2025-06-02 10:15:44,764 - INFO - End of the program
2025-06-02 10:15:45,088 - ERROR - Connection with remote closed
2025-06-02 10:15:45,090 - INFO - End of the program
2025-06-02 10:15:49,761 - INFO - Binding arguments
2025-06-02 10:15:49,764 - INFO - Starting the runner with arguments Args(communication='pipe', port=None, input_pipe='pipes/s2p-1802528090683514', output_pipe='pipes/p2s-1802528090683514', algorithm='dqn', _device='gpu', epsilon=0.0644, _clipping='10.0000', batch_size=117, _ddqn='false', lr=0.0167):
2025-06-02 10:15:49,914 - INFO - Binding arguments
2025-06-02 10:15:49,917 - INFO - Starting the runner with arguments Args(communication='pipe', port=None, input_pipe='pipes/s2p-1802528378673984', output_pipe='pipes/p2s-1802528378673984', algorithm='dqn', _device='gpu', epsilon=0.0644, _clipping='10.0000', batch_size=117, _ddqn='false', lr=0.0167):
2025-06-02 10:15:50,474 - INFO - Binding arguments
2025-06-02 10:15:50,476 - INFO - Starting the runner with arguments Args(communication='pipe', port=None, input_pipe='pipes/s2p-1802529158979029', output_pipe='pipes/p2s-1802529158979029', algorithm='dqn', _device='gpu', epsilon=0.0644, _clipping='10.0000', batch_size=117, _ddqn='false', lr=0.0167):
2025-06-02 10:15:50,629 - INFO - Binding arguments
2025-06-02 10:15:50,631 - INFO - Starting the runner with arguments Args(communication='pipe', port=None, input_pipe='pipes/s2p-1802529357677125', output_pipe='pipes/p2s-1802529357677125', algorithm='dqn', _device='gpu', epsilon=0.0644, _clipping='10.0000', batch_size=117, _ddqn='false', lr=0.0167):
2025-06-02 10:15:51,060 - INFO - Binding arguments
2025-06-02 10:15:51,062 - INFO - Starting the runner with arguments Args(communication='pipe', port=None, input_pipe='pipes/s2p-1802529662481478', output_pipe='pipes/p2s-1802529662481478', algorithm='dqn', _device='gpu', epsilon=0.0644, _clipping='10.0000', batch_size=117, _ddqn='false', lr=0.0167):
2025-06-02 10:15:51,541 - INFO - Binding arguments
2025-06-02 10:15:51,543 - INFO - Starting the runner with arguments Args(communication='pipe', port=None, input_pipe='pipes/s2p-1802530137811961', output_pipe='pipes/p2s-1802530137811961', algorithm='dqn', _device='gpu', epsilon=0.0644, _clipping='10.0000', batch_size=117, _ddqn='false', lr=0.0167):
2025-06-02 10:15:51,570 - INFO - Binding arguments
2025-06-02 10:15:51,572 - INFO - Starting the runner with arguments Args(communication='pipe', port=None, input_pipe='pipes/s2p-1802530128171293', output_pipe='pipes/p2s-1802530128171293', algorithm='dqn', _device='gpu', epsilon=0.0644, _clipping='10.0000', batch_size=117, _ddqn='false', lr=0.0167):
2025-06-02 10:15:51,634 - INFO - Binding arguments
2025-06-02 10:15:51,636 - INFO - Starting the runner with arguments Args(communication='pipe', port=None, input_pipe='pipes/s2p-1802530329074639', output_pipe='pipes/p2s-1802530329074639', algorithm='dqn', _device='gpu', epsilon=0.0644, _clipping='10.0000', batch_size=117, _ddqn='false', lr=0.0167):
2025-06-02 10:15:51,709 - INFO - Number of available CUDA devices: 0
2025-06-02 10:15:51,710 - INFO - Starting runner
2025-06-02 10:15:51,930 - INFO - Number of available CUDA devices: 0
2025-06-02 10:15:51,931 - INFO - Starting runner
2025-06-02 10:15:52,084 - INFO - Binding arguments
2025-06-02 10:15:52,087 - INFO - Starting the runner with arguments Args(communication='pipe', port=None, input_pipe='pipes/s2p-1802530713500291', output_pipe='pipes/p2s-1802530713500291', algorithm='dqn', _device='gpu', epsilon=0.0644, _clipping='10.0000', batch_size=117, _ddqn='false', lr=0.0167):
2025-06-02 10:15:52,713 - INFO - Number of available CUDA devices: 0
2025-06-02 10:15:52,714 - INFO - Starting runner
2025-06-02 10:15:52,933 - INFO - Number of available CUDA devices: 0
2025-06-02 10:15:52,938 - INFO - Starting runner
2025-06-02 10:15:53,252 - INFO - Number of available CUDA devices: 0
2025-06-02 10:15:53,258 - INFO - Starting runner
2025-06-02 10:15:53,666 - INFO - Number of available CUDA devices: 0
2025-06-02 10:15:53,667 - INFO - Starting runner
2025-06-02 10:15:53,678 - INFO - Number of available CUDA devices: 0
2025-06-02 10:15:53,678 - INFO - Starting runner
2025-06-02 10:15:53,928 - INFO - Number of available CUDA devices: 0
2025-06-02 10:15:53,932 - INFO - Starting runner
2025-06-02 10:15:54,348 - INFO - Number of available CUDA devices: 0
2025-06-02 10:15:54,354 - INFO - Starting runner
2025-06-02 10:16:50,670 - ERROR - Connection with remote closed
2025-06-02 10:16:50,673 - INFO - End of the program
2025-06-02 10:16:51,608 - ERROR - Connection with remote closed
2025-06-02 10:16:51,610 - INFO - End of the program
2025-06-02 10:16:51,819 - ERROR - Connection with remote closed
2025-06-02 10:16:51,822 - INFO - End of the program
2025-06-02 10:16:52,600 - ERROR - Connection with remote closed
2025-06-02 10:16:52,603 - INFO - End of the program
2025-06-02 10:16:52,664 - ERROR - Connection with remote closed
2025-06-02 10:16:52,667 - INFO - End of the program
2025-06-02 10:16:53,171 - ERROR - Connection with remote closed
2025-06-02 10:16:53,173 - INFO - End of the program
2025-06-02 10:16:53,479 - ERROR - Connection with remote closed
2025-06-02 10:16:53,481 - INFO - End of the program
2025-06-02 10:16:53,686 - ERROR - Connection with remote closed
2025-06-02 10:16:53,696 - INFO - End of the program
2025-06-02 10:16:54,424 - ERROR - Connection with remote closed
2025-06-02 10:16:54,427 - INFO - End of the program
2025-06-02 10:16:59,001 - INFO - Binding arguments
2025-06-02 10:16:59,003 - INFO - Starting the runner with arguments Args(communication='pipe', port=None, input_pipe='pipes/s2p-1802607248275985', output_pipe='pipes/p2s-1802607248275985', algorithm='dqn', _device='gpu', epsilon=0.0644, _clipping='10.0000', batch_size=117, _ddqn='false', lr=0.0167):
2025-06-02 10:16:59,356 - INFO - Binding arguments
2025-06-02 10:16:59,359 - INFO - Starting the runner with arguments Args(communication='pipe', port=None, input_pipe='pipes/s2p-1802607973656362', output_pipe='pipes/p2s-1802607973656362', algorithm='dqn', _device='gpu', epsilon=0.0644, _clipping='10.0000', batch_size=117, _ddqn='false', lr=0.0167):
2025-06-02 10:16:59,629 - INFO - Binding arguments
2025-06-02 10:16:59,631 - INFO - Starting the runner with arguments Args(communication='pipe', port=None, input_pipe='pipes/s2p-1802607901791518', output_pipe='pipes/p2s-1802607901791518', algorithm='dqn', _device='gpu', epsilon=0.0644, _clipping='10.0000', batch_size=117, _ddqn='false', lr=0.0167):
2025-06-02 10:16:59,669 - INFO - Binding arguments
2025-06-02 10:16:59,671 - INFO - Starting the runner with arguments Args(communication='pipe', port=None, input_pipe='pipes/s2p-1802608187573611', output_pipe='pipes/p2s-1802608187573611', algorithm='dqn', _device='gpu', epsilon=0.0644, _clipping='10.0000', batch_size=117, _ddqn='false', lr=0.0167):
2025-06-02 10:17:00,003 - INFO - Binding arguments
2025-06-02 10:17:00,005 - INFO - Starting the runner with arguments Args(communication='pipe', port=None, input_pipe='pipes/s2p-1802608565417269', output_pipe='pipes/p2s-1802608565417269', algorithm='dqn', _device='gpu', epsilon=0.0644, _clipping='10.0000', batch_size=117, _ddqn='false', lr=0.0167):
2025-06-02 10:17:00,298 - INFO - Binding arguments
2025-06-02 10:17:00,300 - INFO - Starting the runner with arguments Args(communication='pipe', port=None, input_pipe='pipes/s2p-1802608871579627', output_pipe='pipes/p2s-1802608871579627', algorithm='dqn', _device='gpu', epsilon=0.0644, _clipping='10.0000', batch_size=117, _ddqn='false', lr=0.0167):
2025-06-02 10:17:00,816 - INFO - Number of available CUDA devices: 0
2025-06-02 10:17:00,820 - INFO - Starting runner
2025-06-02 10:17:00,900 - INFO - Binding arguments
2025-06-02 10:17:00,902 - INFO - Starting the runner with arguments Args(communication='pipe', port=None, input_pipe='pipes/s2p-1802609531508275', output_pipe='pipes/p2s-1802609531508275', algorithm='dqn', _device='gpu', epsilon=0.0644, _clipping='10.0000', batch_size=117, _ddqn='false', lr=0.0167):
2025-06-02 10:17:01,028 - INFO - Binding arguments
2025-06-02 10:17:01,030 - INFO - Starting the runner with arguments Args(communication='pipe', port=None, input_pipe='pipes/s2p-1802609835818630', output_pipe='pipes/p2s-1802609835818630', algorithm='dqn', _device='gpu', epsilon=0.0644, _clipping='10.0000', batch_size=117, _ddqn='false', lr=0.0167):
2025-06-02 10:17:01,435 - INFO - Number of available CUDA devices: 0
2025-06-02 10:17:01,435 - INFO - Starting runner
2025-06-02 10:17:01,555 - INFO - Number of available CUDA devices: 0
2025-06-02 10:17:01,555 - INFO - Starting runner
2025-06-02 10:17:01,718 - INFO - Number of available CUDA devices: 0
2025-06-02 10:17:01,719 - INFO - Starting runner
2025-06-02 10:17:02,093 - INFO - Number of available CUDA devices: 0
2025-06-02 10:17:02,095 - INFO - Starting runner
2025-06-02 10:17:02,346 - INFO - Binding arguments
2025-06-02 10:17:02,348 - INFO - Starting the runner with arguments Args(communication='pipe', port=None, input_pipe='pipes/s2p-1802610365450127', output_pipe='pipes/p2s-1802610365450127', algorithm='dqn', _device='gpu', epsilon=0.0644, _clipping='10.0000', batch_size=117, _ddqn='false', lr=0.0167):
2025-06-02 10:17:02,423 - INFO - Number of available CUDA devices: 0
2025-06-02 10:17:02,426 - INFO - Starting runner
2025-06-02 10:17:03,101 - INFO - Number of available CUDA devices: 0
2025-06-02 10:17:03,101 - INFO - Starting runner
2025-06-02 10:17:03,354 - INFO - Number of available CUDA devices: 0
2025-06-02 10:17:03,382 - INFO - Starting runner
2025-06-02 10:17:03,896 - INFO - Number of available CUDA devices: 0
2025-06-02 10:17:03,898 - INFO - Starting runner
2025-06-02 10:18:06,981 - ERROR - Connection with remote closed
2025-06-02 10:18:06,984 - INFO - End of the program
2025-06-02 10:18:18,123 - INFO - Binding arguments
2025-06-02 10:18:18,125 - INFO - Starting the runner with arguments Args(communication='pipe', port=None, input_pipe='pipes/s2p-1802685487334432', output_pipe='pipes/p2s-1802685487334432', algorithm='dqn', _device='gpu', epsilon=0.0644, _clipping='10.0000', batch_size=117, _ddqn='false', lr=0.0167):
2025-06-02 10:18:19,039 - INFO - Number of available CUDA devices: 0
2025-06-02 10:18:19,040 - INFO - Starting runner
2025-06-02 10:18:19,904 - ERROR - Connection with remote closed
2025-06-02 10:18:19,914 - INFO - End of the program
2025-06-02 10:18:31,274 - INFO - Binding arguments
2025-06-02 10:18:31,276 - INFO - Starting the runner with arguments Args(communication='pipe', port=None, input_pipe='pipes/s2p-1802687198278168', output_pipe='pipes/p2s-1802687198278168', algorithm='dqn', _device='gpu', epsilon=0.0644, _clipping='10.0000', batch_size=117, _ddqn='false', lr=0.0167):
2025-06-02 10:18:31,277 - INFO - Number of available CUDA devices: 0
2025-06-02 10:18:31,279 - INFO - Starting runner
2025-06-02 10:20:53,364 - ERROR - Connection with remote closed
2025-06-02 10:20:53,366 - INFO - End of the program
2025-06-02 10:20:54,979 - ERROR - Connection with remote closed
2025-06-02 10:20:54,981 - INFO - End of the program
2025-06-02 10:20:55,064 - ERROR - Connection with remote closed
2025-06-02 10:20:55,066 - INFO - End of the program
2025-06-02 10:20:55,532 - ERROR - Connection with remote closed
2025-06-02 10:20:55,535 - INFO - End of the program
2025-06-02 10:20:55,593 - ERROR - Connection with remote closed
2025-06-02 10:20:55,596 - INFO - End of the program
2025-06-02 10:20:55,726 - ERROR - Connection with remote closed
2025-06-02 10:20:55,729 - INFO - End of the program
2025-06-02 10:20:55,808 - ERROR - Connection with remote closed
2025-06-02 10:20:55,811 - INFO - End of the program
2025-06-02 10:20:56,038 - ERROR - Connection with remote closed
2025-06-02 10:20:56,041 - INFO - End of the program
2025-06-02 10:20:56,279 - ERROR - Connection with remote closed
2025-06-02 10:20:56,280 - INFO - End of the program
2025-06-02 10:21:01,200 - INFO - Binding arguments
2025-06-02 10:21:01,202 - INFO - Starting the runner with arguments Args(communication='pipe', port=None, input_pipe='pipes/s2p-1802839505323445', output_pipe='pipes/p2s-1802839505323445', algorithm='dqn', _device='gpu', epsilon=0.0644, _clipping='10.0000', batch_size=117, _ddqn='false', lr=0.0167):
2025-06-02 10:21:02,023 - INFO - Binding arguments
2025-06-02 10:21:02,025 - INFO - Starting the runner with arguments Args(communication='pipe', port=None, input_pipe='pipes/s2p-1802840645199575', output_pipe='pipes/p2s-1802840645199575', algorithm='dqn', _device='gpu', epsilon=0.0644, _clipping='10.0000', batch_size=117, _ddqn='false', lr=0.0167):
2025-06-02 10:21:02,422 - INFO - Binding arguments
2025-06-02 10:21:02,424 - INFO - Starting the runner with arguments Args(communication='pipe', port=None, input_pipe='pipes/s2p-1802840977704564', output_pipe='pipes/p2s-1802840977704564', algorithm='dqn', _device='gpu', epsilon=0.0644, _clipping='10.0000', batch_size=117, _ddqn='false', lr=0.0167):
2025-06-02 10:21:02,485 - INFO - Binding arguments
2025-06-02 10:21:02,487 - INFO - Starting the runner with arguments Args(communication='pipe', port=None, input_pipe='pipes/s2p-1802841043275835', output_pipe='pipes/p2s-1802841043275835', algorithm='dqn', _device='gpu', epsilon=0.0644, _clipping='10.0000', batch_size=117, _ddqn='false', lr=0.0167):
2025-06-02 10:21:02,527 - INFO - Binding arguments
2025-06-02 10:21:02,529 - INFO - Starting the runner with arguments Args(communication='pipe', port=None, input_pipe='pipes/s2p-1802841044897650', output_pipe='pipes/p2s-1802841044897650', algorithm='dqn', _device='gpu', epsilon=0.0644, _clipping='10.0000', batch_size=117, _ddqn='false', lr=0.0167):
2025-06-02 10:21:02,557 - INFO - Binding arguments
2025-06-02 10:21:02,559 - INFO - Starting the runner with arguments Args(communication='pipe', port=None, input_pipe='pipes/s2p-1802841082873412', output_pipe='pipes/p2s-1802841082873412', algorithm='dqn', _device='gpu', epsilon=0.0644, _clipping='10.0000', batch_size=117, _ddqn='false', lr=0.0167):
2025-06-02 10:21:02,825 - INFO - Binding arguments
2025-06-02 10:21:02,828 - INFO - Starting the runner with arguments Args(communication='pipe', port=None, input_pipe='pipes/s2p-1802840722709725', output_pipe='pipes/p2s-1802840722709725', algorithm='dqn', _device='gpu', epsilon=0.0644, _clipping='10.0000', batch_size=117, _ddqn='false', lr=0.0167):
2025-06-02 10:21:02,980 - INFO - Binding arguments
2025-06-02 10:21:02,982 - INFO - Starting the runner with arguments Args(communication='pipe', port=None, input_pipe='pipes/s2p-1802841579968156', output_pipe='pipes/p2s-1802841579968156', algorithm='dqn', _device='gpu', epsilon=0.0644, _clipping='10.0000', batch_size=117, _ddqn='false', lr=0.0167):
2025-06-02 10:21:03,061 - INFO - Binding arguments
2025-06-02 10:21:03,063 - INFO - Number of available CUDA devices: 0
2025-06-02 10:21:03,063 - INFO - Starting the runner with arguments Args(communication='pipe', port=None, input_pipe='pipes/s2p-1802841261986928', output_pipe='pipes/p2s-1802841261986928', algorithm='dqn', _device='gpu', epsilon=0.0644, _clipping='10.0000', batch_size=117, _ddqn='false', lr=0.0167):
2025-06-02 10:21:03,064 - INFO - Starting runner
2025-06-02 10:21:04,202 - INFO - Number of available CUDA devices: 0
2025-06-02 10:21:04,203 - INFO - Starting runner
2025-06-02 10:21:04,268 - INFO - Number of available CUDA devices: 0
2025-06-02 10:21:04,269 - INFO - Starting runner
2025-06-02 10:21:04,533 - INFO - Number of available CUDA devices: 0
2025-06-02 10:21:04,533 - INFO - Starting runner
2025-06-02 10:21:04,584 - INFO - Number of available CUDA devices: 0
2025-06-02 10:21:04,585 - INFO - Number of available CUDA devices: 0
2025-06-02 10:21:04,587 - INFO - Starting runner
2025-06-02 10:21:04,588 - INFO - Starting runner
2025-06-02 10:21:04,624 - INFO - Number of available CUDA devices: 0
2025-06-02 10:21:04,624 - INFO - Starting runner
2025-06-02 10:21:04,802 - INFO - Number of available CUDA devices: 0
2025-06-02 10:21:04,805 - INFO - Starting runner
2025-06-02 10:21:05,248 - INFO - Number of available CUDA devices: 0
2025-06-02 10:21:05,257 - INFO - Starting runner
2025-06-02 10:22:03,426 - ERROR - Connection with remote closed
2025-06-02 10:22:03,431 - INFO - End of the program
2025-06-02 10:22:03,829 - ERROR - Connection with remote closed
2025-06-02 10:22:03,832 - INFO - End of the program
2025-06-02 10:22:03,870 - ERROR - Connection with remote closed
2025-06-02 10:22:03,872 - INFO - End of the program
2025-06-02 10:22:05,700 - ERROR - Connection with remote closed
2025-06-02 10:22:05,703 - INFO - End of the program
2025-06-02 10:22:05,811 - ERROR - Connection with remote closed
2025-06-02 10:22:05,813 - INFO - End of the program
2025-06-02 10:22:06,029 - ERROR - Connection with remote closed
2025-06-02 10:22:06,031 - INFO - End of the program
2025-06-02 10:22:06,173 - ERROR - Connection with remote closed
2025-06-02 10:22:06,175 - INFO - End of the program
2025-06-02 10:22:06,233 - ERROR - Connection with remote closed
2025-06-02 10:22:06,236 - INFO - End of the program
2025-06-02 10:22:06,240 - ERROR - Connection with remote closed
2025-06-02 10:22:06,242 - INFO - End of the program
2025-06-02 10:22:11,353 - INFO - Binding arguments
2025-06-02 10:22:11,355 - INFO - Starting the runner with arguments Args(communication='pipe', port=None, input_pipe='pipes/s2p-1802919624097006', output_pipe='pipes/p2s-1802919624097006', algorithm='dqn', _device='gpu', epsilon=0.0644, _clipping='10.0000', batch_size=117, _ddqn='false', lr=0.0167):
2025-06-02 10:22:11,426 - INFO - Binding arguments
2025-06-02 10:22:11,428 - INFO - Starting the runner with arguments Args(communication='pipe', port=None, input_pipe='pipes/s2p-1802919929610443', output_pipe='pipes/p2s-1802919929610443', algorithm='dqn', _device='gpu', epsilon=0.0644, _clipping='10.0000', batch_size=117, _ddqn='false', lr=0.0167):
2025-06-02 10:22:11,589 - INFO - Binding arguments
2025-06-02 10:22:11,591 - INFO - Starting the runner with arguments Args(communication='pipe', port=None, input_pipe='pipes/s2p-1802919844446622', output_pipe='pipes/p2s-1802919844446622', algorithm='dqn', _device='gpu', epsilon=0.0644, _clipping='10.0000', batch_size=117, _ddqn='false', lr=0.0167):
2025-06-02 10:22:12,865 - INFO - Binding arguments
2025-06-02 10:22:12,867 - INFO - Starting the runner with arguments Args(communication='pipe', port=None, input_pipe='pipes/s2p-1802921386282372', output_pipe='pipes/p2s-1802921386282372', algorithm='dqn', _device='gpu', epsilon=0.0644, _clipping='10.0000', batch_size=117, _ddqn='false', lr=0.0167):
2025-06-02 10:22:12,927 - INFO - Binding arguments
2025-06-02 10:22:12,930 - INFO - Starting the runner with arguments Args(communication='pipe', port=None, input_pipe='pipes/s2p-1802921433269206', output_pipe='pipes/p2s-1802921433269206', algorithm='dqn', _device='gpu', epsilon=0.0644, _clipping='10.0000', batch_size=117, _ddqn='false', lr=0.0167):
2025-06-02 10:22:12,956 - INFO - Binding arguments
2025-06-02 10:22:12,959 - INFO - Starting the runner with arguments Args(communication='pipe', port=None, input_pipe='pipes/s2p-1802921559793703', output_pipe='pipes/p2s-1802921559793703', algorithm='dqn', _device='gpu', epsilon=0.0644, _clipping='10.0000', batch_size=117, _ddqn='false', lr=0.0167):
2025-06-02 10:22:12,967 - INFO - Binding arguments
2025-06-02 10:22:12,970 - INFO - Starting the runner with arguments Args(communication='pipe', port=None, input_pipe='pipes/s2p-1802921503471036', output_pipe='pipes/p2s-1802921503471036', algorithm='dqn', _device='gpu', epsilon=0.0644, _clipping='10.0000', batch_size=117, _ddqn='false', lr=0.0167):
2025-06-02 10:22:13,003 - INFO - Binding arguments
2025-06-02 10:22:13,005 - INFO - Starting the runner with arguments Args(communication='pipe', port=None, input_pipe='pipes/s2p-1802921621307303', output_pipe='pipes/p2s-1802921621307303', algorithm='dqn', _device='gpu', epsilon=0.0644, _clipping='10.0000', batch_size=117, _ddqn='false', lr=0.0167):
2025-06-02 10:22:13,013 - INFO - Binding arguments
2025-06-02 10:22:13,015 - INFO - Starting the runner with arguments Args(communication='pipe', port=None, input_pipe='pipes/s2p-1802921662087440', output_pipe='pipes/p2s-1802921662087440', algorithm='dqn', _device='gpu', epsilon=0.0644, _clipping='10.0000', batch_size=117, _ddqn='false', lr=0.0167):
2025-06-02 10:22:13,147 - INFO - Number of available CUDA devices: 0
2025-06-02 10:22:13,150 - INFO - Starting runner
2025-06-02 10:22:13,451 - INFO - Number of available CUDA devices: 0
2025-06-02 10:22:13,452 - INFO - Starting runner
2025-06-02 10:22:13,463 - INFO - Number of available CUDA devices: 0
2025-06-02 10:22:13,464 - INFO - Starting runner
2025-06-02 10:22:14,907 - INFO - Number of available CUDA devices: 0
2025-06-02 10:22:14,911 - INFO - Starting runner
2025-06-02 10:22:14,955 - INFO - Number of available CUDA devices: 0
2025-06-02 10:22:14,955 - INFO - Starting runner
2025-06-02 10:22:15,026 - INFO - Number of available CUDA devices: 0
2025-06-02 10:22:15,027 - INFO - Starting runner
2025-06-02 10:22:15,082 - INFO - Number of available CUDA devices: 0
2025-06-02 10:22:15,082 - INFO - Starting runner
2025-06-02 10:22:15,142 - INFO - Number of available CUDA devices: 0
2025-06-02 10:22:15,143 - INFO - Starting runner
2025-06-02 10:22:15,179 - INFO - Number of available CUDA devices: 0
2025-06-02 10:22:15,187 - INFO - Starting runner
2025-06-02 10:23:30,554 - ERROR - Connection with remote closed
2025-06-02 10:23:30,556 - INFO - End of the program
2025-06-02 10:23:39,517 - INFO - Binding arguments
2025-06-02 10:23:39,519 - INFO - Starting the runner with arguments Args(communication='pipe', port=None, input_pipe='pipes/s2p-1803006765425301', output_pipe='pipes/p2s-1803006765425301', algorithm='dqn', _device='gpu', epsilon=0.0644, _clipping='10.0000', batch_size=117, _ddqn='false', lr=0.0167):
2025-06-02 10:23:40,383 - INFO - Number of available CUDA devices: 0
2025-06-02 10:23:40,384 - INFO - Starting runner
2025-06-02 10:23:43,975 - ERROR - Connection with remote closed
2025-06-02 10:23:43,980 - INFO - End of the program
2025-06-02 10:23:51,232 - INFO - Binding arguments
2025-06-02 10:23:51,235 - INFO - Starting the runner with arguments Args(communication='pipe', port=None, input_pipe='pipes/s2p-1803008765689062', output_pipe='pipes/p2s-1803008765689062', algorithm='dqn', _device='gpu', epsilon=0.0644, _clipping='10.0000', batch_size=117, _ddqn='false', lr=0.0167):
2025-06-02 10:23:52,329 - INFO - Number of available CUDA devices: 0
2025-06-02 10:23:52,331 - INFO - Starting runner
2025-06-02 10:26:05,483 - ERROR - Connection with remote closed
2025-06-02 10:26:05,485 - INFO - End of the program
2025-06-02 10:26:05,552 - ERROR - Connection with remote closed
2025-06-02 10:26:05,554 - INFO - End of the program
2025-06-02 10:26:05,724 - ERROR - Connection with remote closed
2025-06-02 10:26:05,733 - INFO - End of the program
2025-06-02 10:26:05,737 - ERROR - Connection with remote closed
2025-06-02 10:26:05,740 - INFO - End of the program
2025-06-02 10:26:06,564 - ERROR - Connection with remote closed
2025-06-02 10:26:06,567 - INFO - End of the program
2025-06-02 10:26:06,896 - ERROR - Connection with remote closed
2025-06-02 10:26:06,899 - INFO - End of the program
2025-06-02 10:26:06,975 - ERROR - Connection with remote closed
2025-06-02 10:26:06,977 - INFO - End of the program
2025-06-02 10:26:07,045 - ERROR - Connection with remote closed
2025-06-02 10:26:07,048 - INFO - End of the program
2025-06-02 10:26:07,284 - ERROR - Connection with remote closed
2025-06-02 10:26:07,286 - INFO - End of the program
2025-06-02 10:27:16,068 - ERROR - Connection with remote closed
2025-06-02 10:27:16,084 - INFO - End of the program
2025-06-02 10:27:16,352 - ERROR - Connection with remote closed
2025-06-02 10:27:16,354 - INFO - End of the program
2025-06-02 10:27:16,819 - ERROR - Connection with remote closed
2025-06-02 10:27:16,829 - INFO - End of the program
2025-06-02 10:27:16,883 - ERROR - Connection with remote closed
2025-06-02 10:27:16,887 - INFO - End of the program
2025-06-02 10:27:16,913 - ERROR - Connection with remote closed
2025-06-02 10:27:16,915 - INFO - End of the program
2025-06-02 10:27:17,289 - ERROR - Connection with remote closed
2025-06-02 10:27:17,292 - INFO - End of the program
2025-06-02 10:27:17,330 - ERROR - Connection with remote closed
2025-06-02 10:27:17,333 - INFO - End of the program
2025-06-02 10:27:17,358 - ERROR - Connection with remote closed
2025-06-02 10:27:17,361 - INFO - End of the program
2025-06-02 10:27:17,437 - ERROR - Connection with remote closed
2025-06-02 10:27:17,439 - INFO - End of the program
2025-06-02 10:27:22,856 - INFO - Binding arguments
2025-06-02 10:27:22,858 - INFO - Starting the runner with arguments Args(communication='pipe', port=None, input_pipe='pipes/s2p-1803231299973199', output_pipe='pipes/p2s-1803231299973199', algorithm='dqn', _device='gpu', epsilon=0.0644, _clipping='10.0000', batch_size=117, _ddqn='false', lr=0.0167):
2025-06-02 10:27:23,166 - INFO - Binding arguments
2025-06-02 10:27:23,168 - INFO - Starting the runner with arguments Args(communication='pipe', port=None, input_pipe='pipes/s2p-1803231544064894', output_pipe='pipes/p2s-1803231544064894', algorithm='dqn', _device='gpu', epsilon=0.0644, _clipping='10.0000', batch_size=117, _ddqn='false', lr=0.0167):
2025-06-02 10:27:23,383 - INFO - Binding arguments
2025-06-02 10:27:23,385 - INFO - Starting the runner with arguments Args(communication='pipe', port=None, input_pipe='pipes/s2p-1803231963190633', output_pipe='pipes/p2s-1803231963190633', algorithm='dqn', _device='gpu', epsilon=0.0644, _clipping='10.0000', batch_size=117, _ddqn='false', lr=0.0167):
2025-06-02 10:27:23,468 - INFO - Binding arguments
2025-06-02 10:27:23,471 - INFO - Starting the runner with arguments Args(communication='pipe', port=None, input_pipe='pipes/s2p-1803232003910613', output_pipe='pipes/p2s-1803232003910613', algorithm='dqn', _device='gpu', epsilon=0.0644, _clipping='10.0000', batch_size=117, _ddqn='false', lr=0.0167):
2025-06-02 10:27:23,493 - INFO - Binding arguments
2025-06-02 10:27:23,495 - INFO - Starting the runner with arguments Args(communication='pipe', port=None, input_pipe='pipes/s2p-1803231913843845', output_pipe='pipes/p2s-1803231913843845', algorithm='dqn', _device='gpu', epsilon=0.0644, _clipping='10.0000', batch_size=117, _ddqn='false', lr=0.0167):
2025-06-02 10:27:24,257 - INFO - Binding arguments
2025-06-02 10:27:24,259 - INFO - Starting the runner with arguments Args(communication='pipe', port=None, input_pipe='pipes/s2p-1803232939054520', output_pipe='pipes/p2s-1803232939054520', algorithm='dqn', _device='gpu', epsilon=0.0644, _clipping='10.0000', batch_size=117, _ddqn='false', lr=0.0167):
2025-06-02 10:27:24,310 - INFO - Binding arguments
2025-06-02 10:27:24,312 - INFO - Starting the runner with arguments Args(communication='pipe', port=None, input_pipe='pipes/s2p-1803232855268620', output_pipe='pipes/p2s-1803232855268620', algorithm='dqn', _device='gpu', epsilon=0.0644, _clipping='10.0000', batch_size=117, _ddqn='false', lr=0.0167):
2025-06-02 10:27:24,318 - INFO - Binding arguments
2025-06-02 10:27:24,318 - INFO - Binding arguments
2025-06-02 10:27:24,321 - INFO - Starting the runner with arguments Args(communication='pipe', port=None, input_pipe='pipes/s2p-1803232950798423', output_pipe='pipes/p2s-1803232950798423', algorithm='dqn', _device='gpu', epsilon=0.0644, _clipping='10.0000', batch_size=117, _ddqn='false', lr=0.0167):
2025-06-02 10:27:24,321 - INFO - Starting the runner with arguments Args(communication='pipe', port=None, input_pipe='pipes/s2p-1803232863316982', output_pipe='pipes/p2s-1803232863316982', algorithm='dqn', _device='gpu', epsilon=0.0644, _clipping='10.0000', batch_size=117, _ddqn='false', lr=0.0167):
2025-06-02 10:27:24,888 - INFO - Number of available CUDA devices: 0
2025-06-02 10:27:24,889 - INFO - Starting runner
2025-06-02 10:27:25,132 - INFO - Number of available CUDA devices: 0
2025-06-02 10:27:25,133 - INFO - Starting runner
2025-06-02 10:27:25,466 - INFO - Number of available CUDA devices: 0
2025-06-02 10:27:25,467 - INFO - Starting runner
2025-06-02 10:27:25,555 - INFO - Number of available CUDA devices: 0
2025-06-02 10:27:25,559 - INFO - Starting runner
2025-06-02 10:27:25,573 - INFO - Number of available CUDA devices: 0
2025-06-02 10:27:25,577 - INFO - Starting runner
2025-06-02 10:27:26,373 - INFO - Number of available CUDA devices: 0
2025-06-02 10:27:26,374 - INFO - Starting runner
2025-06-02 10:27:26,382 - INFO - Number of available CUDA devices: 0
2025-06-02 10:27:26,386 - INFO - Starting runner
2025-06-02 10:27:26,457 - INFO - Number of available CUDA devices: 0
2025-06-02 10:27:26,458 - INFO - Starting runner
2025-06-02 10:27:26,468 - INFO - Number of available CUDA devices: 0
2025-06-02 10:27:26,469 - INFO - Starting runner
2025-06-02 10:28:42,818 - ERROR - Connection with remote closed
2025-06-02 10:28:42,823 - INFO - End of the program
2025-06-02 10:28:52,893 - ERROR - Connection with remote closed
2025-06-02 10:28:52,899 - INFO - End of the program
2025-06-02 10:28:53,182 - INFO - Binding arguments
2025-06-02 10:28:53,185 - INFO - Starting the runner with arguments Args(communication='pipe', port=None, input_pipe='pipes/s2p-1803319931242504', output_pipe='pipes/p2s-1803319931242504', algorithm='dqn', _device='gpu', epsilon=0.0644, _clipping='10.0000', batch_size=117, _ddqn='false', lr=0.0167):
2025-06-02 10:28:53,522 - INFO - Number of available CUDA devices: 0
2025-06-02 10:28:53,523 - INFO - Starting runner
2025-06-02 10:32:26,407 - ERROR - Connection with remote closed
2025-06-02 10:32:26,410 - INFO - End of the program
2025-06-02 10:32:27,016 - ERROR - Connection with remote closed
2025-06-02 10:32:27,018 - INFO - End of the program
2025-06-02 10:32:27,160 - ERROR - Connection with remote closed
2025-06-02 10:32:27,162 - INFO - End of the program
2025-06-02 10:32:27,638 - ERROR - Connection with remote closed
2025-06-02 10:32:27,641 - INFO - End of the program
2025-06-02 10:32:28,396 - ERROR - Connection with remote closed
2025-06-02 10:32:28,400 - INFO - End of the program
2025-06-02 10:32:28,758 - ERROR - Connection with remote closed
2025-06-02 10:32:28,761 - INFO - End of the program
2025-06-02 10:32:28,856 - ERROR - Connection with remote closed
2025-06-02 10:32:28,859 - INFO - End of the program
2025-06-02 10:32:28,867 - ERROR - Connection with remote closed
2025-06-02 10:32:28,870 - INFO - End of the program
2025-06-02 10:32:28,976 - ERROR - Connection with remote closed
2025-06-02 10:32:28,979 - INFO - End of the program
2025-06-02 10:32:34,252 - INFO - Binding arguments
2025-06-02 10:32:34,254 - INFO - Starting the runner with arguments Args(communication='pipe', port=None, input_pipe='pipes/s2p-1803542703859022', output_pipe='pipes/p2s-1803542703859022', algorithm='dqn', _device='gpu', epsilon=0.0644, _clipping='10.0000', batch_size=117, _ddqn='false', lr=0.0167):
2025-06-02 10:32:34,527 - INFO - Binding arguments
2025-06-02 10:32:34,529 - INFO - Starting the runner with arguments Args(communication='pipe', port=None, input_pipe='pipes/s2p-1803542982805278', output_pipe='pipes/p2s-1803542982805278', algorithm='dqn', _device='gpu', epsilon=0.0644, _clipping='10.0000', batch_size=117, _ddqn='false', lr=0.0167):
2025-06-02 10:32:34,746 - INFO - Binding arguments
2025-06-02 10:32:34,748 - INFO - Starting the runner with arguments Args(communication='pipe', port=None, input_pipe='pipes/s2p-1803543056376682', output_pipe='pipes/p2s-1803543056376682', algorithm='dqn', _device='gpu', epsilon=0.0644, _clipping='10.0000', batch_size=117, _ddqn='false', lr=0.0167):
2025-06-02 10:32:35,148 - INFO - Binding arguments
2025-06-02 10:32:35,151 - INFO - Starting the runner with arguments Args(communication='pipe', port=None, input_pipe='pipes/s2p-1803543668410468', output_pipe='pipes/p2s-1803543668410468', algorithm='dqn', _device='gpu', epsilon=0.0644, _clipping='10.0000', batch_size=117, _ddqn='false', lr=0.0167):
2025-06-02 10:32:35,506 - INFO - Binding arguments
2025-06-02 10:32:35,508 - INFO - Starting the runner with arguments Args(communication='pipe', port=None, input_pipe='pipes/s2p-1803544071410942', output_pipe='pipes/p2s-1803544071410942', algorithm='dqn', _device='gpu', epsilon=0.0644, _clipping='10.0000', batch_size=117, _ddqn='false', lr=0.0167):
2025-06-02 10:32:35,667 - INFO - Binding arguments
2025-06-02 10:32:35,669 - INFO - Starting the runner with arguments Args(communication='pipe', port=None, input_pipe='pipes/s2p-1803544279281874', output_pipe='pipes/p2s-1803544279281874', algorithm='dqn', _device='gpu', epsilon=0.0644, _clipping='10.0000', batch_size=117, _ddqn='false', lr=0.0167):
2025-06-02 10:32:35,828 - INFO - Binding arguments
2025-06-02 10:32:35,830 - INFO - Starting the runner with arguments Args(communication='pipe', port=None, input_pipe='pipes/s2p-1803544399135305', output_pipe='pipes/p2s-1803544399135305', algorithm='dqn', _device='gpu', epsilon=0.0644, _clipping='10.0000', batch_size=117, _ddqn='false', lr=0.0167):
2025-06-02 10:32:35,841 - INFO - Binding arguments
2025-06-02 10:32:35,843 - INFO - Starting the runner with arguments Args(communication='pipe', port=None, input_pipe='pipes/s2p-1803544536673756', output_pipe='pipes/p2s-1803544536673756', algorithm='dqn', _device='gpu', epsilon=0.0644, _clipping='10.0000', batch_size=117, _ddqn='false', lr=0.0167):
2025-06-02 10:32:35,966 - INFO - Binding arguments
2025-06-02 10:32:35,968 - INFO - Starting the runner with arguments Args(communication='pipe', port=None, input_pipe='pipes/s2p-1803544690330588', output_pipe='pipes/p2s-1803544690330588', algorithm='dqn', _device='gpu', epsilon=0.0644, _clipping='10.0000', batch_size=117, _ddqn='false', lr=0.0167):
2025-06-02 10:32:36,231 - INFO - Number of available CUDA devices: 0
2025-06-02 10:32:36,232 - INFO - Starting runner
2025-06-02 10:32:36,540 - INFO - Number of available CUDA devices: 0
2025-06-02 10:32:36,544 - INFO - Starting runner
2025-06-02 10:32:36,580 - INFO - Number of available CUDA devices: 0
2025-06-02 10:32:36,580 - INFO - Starting runner
2025-06-02 10:32:37,206 - INFO - Number of available CUDA devices: 0
2025-06-02 10:32:37,214 - INFO - Starting runner
2025-06-02 10:32:37,591 - INFO - Number of available CUDA devices: 0
2025-06-02 10:32:37,595 - INFO - Starting runner
2025-06-02 10:32:37,801 - INFO - Number of available CUDA devices: 0
2025-06-02 10:32:37,807 - INFO - Starting runner
2025-06-02 10:32:37,955 - INFO - Number of available CUDA devices: 0
2025-06-02 10:32:37,957 - INFO - Starting runner
2025-06-02 10:32:38,054 - INFO - Number of available CUDA devices: 0
2025-06-02 10:32:38,060 - INFO - Starting runner
2025-06-02 10:32:38,213 - INFO - Number of available CUDA devices: 0
2025-06-02 10:32:38,216 - INFO - Starting runner
2025-06-02 10:34:01,178 - ERROR - Connection with remote closed
2025-06-02 10:34:01,180 - INFO - End of the program
2025-06-02 10:34:10,507 - INFO - Binding arguments
2025-06-02 10:34:10,510 - INFO - Starting the runner with arguments Args(communication='pipe', port=None, input_pipe='pipes/s2p-1803638085212547', output_pipe='pipes/p2s-1803638085212547', algorithm='dqn', _device='gpu', epsilon=0.0644, _clipping='10.0000', batch_size=117, _ddqn='false', lr=0.0167):
2025-06-02 10:34:11,668 - INFO - Number of available CUDA devices: 0
2025-06-02 10:34:11,714 - INFO - Starting runner
2025-06-02 10:37:38,871 - ERROR - Connection with remote closed
2025-06-02 10:37:38,879 - INFO - End of the program
2025-06-02 10:37:39,102 - ERROR - Connection with remote closed
2025-06-02 10:37:39,105 - INFO - End of the program
2025-06-02 10:37:39,229 - ERROR - Connection with remote closed
2025-06-02 10:37:39,232 - INFO - End of the program
2025-06-02 10:37:39,345 - ERROR - Connection with remote closed
2025-06-02 10:37:39,371 - INFO - End of the program
2025-06-02 10:37:39,893 - ERROR - Connection with remote closed
2025-06-02 10:37:39,895 - INFO - End of the program
2025-06-02 10:37:39,907 - ERROR - Connection with remote closed
2025-06-02 10:37:39,910 - INFO - End of the program
2025-06-02 10:37:39,933 - ERROR - Connection with remote closed
2025-06-02 10:37:39,936 - INFO - End of the program
2025-06-02 10:37:40,305 - ERROR - Connection with remote closed
2025-06-02 10:37:40,308 - INFO - End of the program
2025-06-02 10:37:40,331 - ERROR - Connection with remote closed
2025-06-02 10:37:40,334 - INFO - End of the program
2025-06-02 10:37:46,043 - INFO - Binding arguments
2025-06-02 10:37:46,045 - INFO - Starting the runner with arguments Args(communication='pipe', port=None, input_pipe='pipes/s2p-1803854478945026', output_pipe='pipes/p2s-1803854478945026', algorithm='dqn', _device='gpu', epsilon=0.0644, _clipping='10.0000', batch_size=117, _ddqn='false', lr=0.0167):
2025-06-02 10:37:46,085 - INFO - Binding arguments
2025-06-02 10:37:46,088 - INFO - Starting the runner with arguments Args(communication='pipe', port=None, input_pipe='pipes/s2p-1803854476853154', output_pipe='pipes/p2s-1803854476853154', algorithm='dqn', _device='gpu', epsilon=0.0644, _clipping='10.0000', batch_size=117, _ddqn='false', lr=0.0167):
2025-06-02 10:37:46,273 - INFO - Binding arguments
2025-06-02 10:37:46,276 - INFO - Starting the runner with arguments Args(communication='pipe', port=None, input_pipe='pipes/s2p-1803854760236333', output_pipe='pipes/p2s-1803854760236333', algorithm='dqn', _device='gpu', epsilon=0.0644, _clipping='10.0000', batch_size=117, _ddqn='false', lr=0.0167):
2025-06-02 10:37:46,735 - INFO - Binding arguments
2025-06-02 10:37:46,737 - INFO - Starting the runner with arguments Args(communication='pipe', port=None, input_pipe='pipes/s2p-1803855148837327', output_pipe='pipes/p2s-1803855148837327', algorithm='dqn', _device='gpu', epsilon=0.0644, _clipping='10.0000', batch_size=117, _ddqn='false', lr=0.0167):
2025-06-02 10:37:46,759 - INFO - Binding arguments
2025-06-02 10:37:46,761 - INFO - Starting the runner with arguments Args(communication='pipe', port=None, input_pipe='pipes/s2p-1803855228883907', output_pipe='pipes/p2s-1803855228883907', algorithm='dqn', _device='gpu', epsilon=0.0644, _clipping='10.0000', batch_size=117, _ddqn='false', lr=0.0167):
2025-06-02 10:37:46,901 - INFO - Binding arguments
2025-06-02 10:37:46,903 - INFO - Starting the runner with arguments Args(communication='pipe', port=None, input_pipe='pipes/s2p-1803855393610556', output_pipe='pipes/p2s-1803855393610556', algorithm='dqn', _device='gpu', epsilon=0.0644, _clipping='10.0000', batch_size=117, _ddqn='false', lr=0.0167):
2025-06-02 10:37:46,907 - INFO - Binding arguments
2025-06-02 10:37:46,909 - INFO - Starting the runner with arguments Args(communication='pipe', port=None, input_pipe='pipes/s2p-1803855473617121', output_pipe='pipes/p2s-1803855473617121', algorithm='dqn', _device='gpu', epsilon=0.0644, _clipping='10.0000', batch_size=117, _ddqn='false', lr=0.0167):
2025-06-02 10:37:47,466 - INFO - Binding arguments
2025-06-02 10:37:47,468 - INFO - Starting the runner with arguments Args(communication='pipe', port=None, input_pipe='pipes/s2p-1803855957080383', output_pipe='pipes/p2s-1803855957080383', algorithm='dqn', _device='gpu', epsilon=0.0644, _clipping='10.0000', batch_size=117, _ddqn='false', lr=0.0167):
2025-06-02 10:37:47,550 - INFO - Binding arguments
2025-06-02 10:37:47,552 - INFO - Starting the runner with arguments Args(communication='pipe', port=None, input_pipe='pipes/s2p-1803856161329353', output_pipe='pipes/p2s-1803856161329353', algorithm='dqn', _device='gpu', epsilon=0.0644, _clipping='10.0000', batch_size=117, _ddqn='false', lr=0.0167):
2025-06-02 10:37:48,055 - INFO - Number of available CUDA devices: 0
2025-06-02 10:37:48,055 - INFO - Starting runner
2025-06-02 10:37:48,065 - INFO - Number of available CUDA devices: 0
2025-06-02 10:37:48,065 - INFO - Starting runner
2025-06-02 10:37:48,324 - INFO - Number of available CUDA devices: 0
2025-06-02 10:37:48,329 - INFO - Starting runner
2025-06-02 10:37:48,748 - INFO - Number of available CUDA devices: 0
2025-06-02 10:37:48,748 - INFO - Starting runner
2025-06-02 10:37:48,817 - INFO - Number of available CUDA devices: 0
2025-06-02 10:37:48,818 - INFO - Starting runner
2025-06-02 10:37:48,932 - INFO - Number of available CUDA devices: 0
2025-06-02 10:37:48,933 - INFO - Starting runner
2025-06-02 10:37:49,044 - INFO - Number of available CUDA devices: 0
2025-06-02 10:37:49,045 - INFO - Starting runner
2025-06-02 10:37:49,507 - INFO - Number of available CUDA devices: 0
2025-06-02 10:37:49,512 - INFO - Starting runner
2025-06-02 10:37:49,713 - INFO - Number of available CUDA devices: 0
2025-06-02 10:37:49,714 - INFO - Starting runner
2025-06-02 10:39:17,302 - ERROR - Connection with remote closed
2025-06-02 10:39:17,304 - INFO - End of the program
2025-06-02 10:39:27,697 - INFO - Binding arguments
2025-06-02 10:39:27,699 - INFO - Starting the runner with arguments Args(communication='pipe', port=None, input_pipe='pipes/s2p-1803954869041094', output_pipe='pipes/p2s-1803954869041094', algorithm='dqn', _device='gpu', epsilon=0.0644, _clipping='10.0000', batch_size=117, _ddqn='false', lr=0.0167):
2025-06-02 10:39:28,474 - INFO - Number of available CUDA devices: 0
2025-06-02 10:39:28,475 - INFO - Starting runner
2025-06-02 10:42:48,835 - ERROR - Connection with remote closed
2025-06-02 10:42:48,837 - INFO - End of the program
2025-06-02 10:42:49,750 - ERROR - Connection with remote closed
2025-06-02 10:42:49,752 - INFO - End of the program
2025-06-02 10:42:50,080 - ERROR - Connection with remote closed
2025-06-02 10:42:50,083 - INFO - End of the program
2025-06-02 10:42:51,121 - ERROR - Connection with remote closed
2025-06-02 10:42:51,129 - INFO - End of the program
2025-06-02 10:42:51,289 - ERROR - Connection with remote closed
2025-06-02 10:42:51,292 - INFO - End of the program
2025-06-02 10:42:51,466 - ERROR - Connection with remote closed
2025-06-02 10:42:51,469 - INFO - End of the program
2025-06-02 10:42:51,850 - ERROR - Connection with remote closed
2025-06-02 10:42:51,853 - INFO - End of the program
2025-06-02 10:42:51,890 - ERROR - Connection with remote closed
2025-06-02 10:42:51,892 - INFO - End of the program
2025-06-02 10:42:52,128 - ERROR - Connection with remote closed
2025-06-02 10:42:52,130 - INFO - End of the program
2025-06-02 10:42:57,350 - INFO - Binding arguments
2025-06-02 10:42:57,353 - INFO - Starting the runner with arguments Args(communication='pipe', port=None, input_pipe='pipes/s2p-1804165441211917', output_pipe='pipes/p2s-1804165441211917', algorithm='dqn', _device='gpu', epsilon=0.0644, _clipping='10.0000', batch_size=117, _ddqn='false', lr=0.0167):
2025-06-02 10:42:57,367 - INFO - Binding arguments
2025-06-02 10:42:57,369 - INFO - Starting the runner with arguments Args(communication='pipe', port=None, input_pipe='pipes/s2p-1804165812764049', output_pipe='pipes/p2s-1804165812764049', algorithm='dqn', _device='gpu', epsilon=0.0644, _clipping='10.0000', batch_size=117, _ddqn='false', lr=0.0167):
2025-06-02 10:42:57,577 - INFO - Binding arguments
2025-06-02 10:42:57,580 - INFO - Starting the runner with arguments Args(communication='pipe', port=None, input_pipe='pipes/s2p-1804165958403327', output_pipe='pipes/p2s-1804165958403327', algorithm='dqn', _device='gpu', epsilon=0.0644, _clipping='10.0000', batch_size=117, _ddqn='false', lr=0.0167):
2025-06-02 10:42:58,420 - INFO - Binding arguments
2025-06-02 10:42:58,422 - INFO - Starting the runner with arguments Args(communication='pipe', port=None, input_pipe='pipes/s2p-1804167016761932', output_pipe='pipes/p2s-1804167016761932', algorithm='dqn', _device='gpu', epsilon=0.0644, _clipping='10.0000', batch_size=117, _ddqn='false', lr=0.0167):
2025-06-02 10:42:58,575 - INFO - Binding arguments
2025-06-02 10:42:58,577 - INFO - Starting the runner with arguments Args(communication='pipe', port=None, input_pipe='pipes/s2p-1804167129900951', output_pipe='pipes/p2s-1804167129900951', algorithm='dqn', _device='gpu', epsilon=0.0644, _clipping='10.0000', batch_size=117, _ddqn='false', lr=0.0167):
2025-06-02 10:42:58,679 - INFO - Binding arguments
2025-06-02 10:42:58,681 - INFO - Starting the runner with arguments Args(communication='pipe', port=None, input_pipe='pipes/s2p-1804167143389533', output_pipe='pipes/p2s-1804167143389533', algorithm='dqn', _device='gpu', epsilon=0.0644, _clipping='10.0000', batch_size=117, _ddqn='false', lr=0.0167):
2025-06-02 10:42:58,738 - INFO - Binding arguments
2025-06-02 10:42:58,740 - INFO - Starting the runner with arguments Args(communication='pipe', port=None, input_pipe='pipes/s2p-1804167407218320', output_pipe='pipes/p2s-1804167407218320', algorithm='dqn', _device='gpu', epsilon=0.0644, _clipping='10.0000', batch_size=117, _ddqn='false', lr=0.0167):
2025-06-02 10:42:58,748 - INFO - Binding arguments
2025-06-02 10:42:58,750 - INFO - Starting the runner with arguments Args(communication='pipe', port=None, input_pipe='pipes/s2p-1804167330345230', output_pipe='pipes/p2s-1804167330345230', algorithm='dqn', _device='gpu', epsilon=0.0644, _clipping='10.0000', batch_size=117, _ddqn='false', lr=0.0167):
2025-06-02 10:42:58,845 - INFO - Binding arguments
2025-06-02 10:42:58,847 - INFO - Starting the runner with arguments Args(communication='pipe', port=None, input_pipe='pipes/s2p-1804167481746302', output_pipe='pipes/p2s-1804167481746302', algorithm='dqn', _device='gpu', epsilon=0.0644, _clipping='10.0000', batch_size=117, _ddqn='false', lr=0.0167):
2025-06-02 10:42:58,992 - INFO - Number of available CUDA devices: 0
2025-06-02 10:42:58,992 - INFO - Starting runner
2025-06-02 10:42:59,416 - INFO - Number of available CUDA devices: 0
2025-06-02 10:42:59,420 - INFO - Starting runner
2025-06-02 10:42:59,480 - INFO - Number of available CUDA devices: 0
2025-06-02 10:42:59,483 - INFO - Starting runner
2025-06-02 10:43:00,538 - INFO - Number of available CUDA devices: 0
2025-06-02 10:43:00,539 - INFO - Starting runner
2025-06-02 10:43:00,649 - INFO - Number of available CUDA devices: 0
2025-06-02 10:43:00,650 - INFO - Starting runner
2025-06-02 10:43:00,663 - INFO - Number of available CUDA devices: 0
2025-06-02 10:43:00,663 - INFO - Starting runner
2025-06-02 10:43:00,850 - INFO - Number of available CUDA devices: 0
2025-06-02 10:43:00,851 - INFO - Starting runner
2025-06-02 10:43:00,932 - INFO - Number of available CUDA devices: 0
2025-06-02 10:43:00,933 - INFO - Starting runner
2025-06-02 10:43:01,009 - INFO - Number of available CUDA devices: 0
2025-06-02 10:43:01,016 - INFO - Starting runner
2025-06-02 10:44:36,278 - ERROR - Connection with remote closed
2025-06-02 10:44:36,282 - INFO - End of the program
2025-06-02 10:44:44,897 - INFO - Binding arguments
2025-06-02 10:44:44,899 - INFO - Starting the runner with arguments Args(communication='pipe', port=None, input_pipe='pipes/s2p-1804271861399518', output_pipe='pipes/p2s-1804271861399518', algorithm='dqn', _device='gpu', epsilon=0.0644, _clipping='10.0000', batch_size=117, _ddqn='false', lr=0.0167):
2025-06-02 10:44:45,396 - INFO - Number of available CUDA devices: 0
2025-06-02 10:44:45,397 - INFO - Starting runner
2025-06-02 10:48:00,321 - ERROR - Connection with remote closed
2025-06-02 10:48:00,323 - INFO - End of the program
2025-06-02 10:48:01,275 - ERROR - Connection with remote closed
2025-06-02 10:48:01,284 - INFO - End of the program
2025-06-02 10:48:03,239 - ERROR - Connection with remote closed
2025-06-02 10:48:03,246 - INFO - End of the program
2025-06-02 10:48:03,517 - ERROR - Connection with remote closed
2025-06-02 10:48:03,520 - INFO - End of the program
2025-06-02 10:48:03,649 - ERROR - Connection with remote closed
2025-06-02 10:48:03,651 - INFO - End of the program
2025-06-02 10:48:03,749 - ERROR - Connection with remote closed
2025-06-02 10:48:03,751 - INFO - End of the program
2025-06-02 10:48:04,180 - ERROR - Connection with remote closed
2025-06-02 10:48:04,182 - INFO - End of the program
2025-06-02 10:48:04,278 - ERROR - Connection with remote closed
2025-06-02 10:48:04,280 - INFO - End of the program
2025-06-02 10:48:04,291 - ERROR - Connection with remote closed
2025-06-02 10:48:04,294 - INFO - End of the program
2025-06-02 10:48:08,557 - INFO - Binding arguments
2025-06-02 10:48:08,559 - INFO - Starting the runner with arguments Args(communication='pipe', port=None, input_pipe='pipes/s2p-1804476965371331', output_pipe='pipes/p2s-1804476965371331', algorithm='dqn', _device='gpu', epsilon=0.0644, _clipping='10.0000', batch_size=117, _ddqn='false', lr=0.0167):
2025-06-02 10:48:09,063 - INFO - Binding arguments
2025-06-02 10:48:09,065 - INFO - Starting the runner with arguments Args(communication='pipe', port=None, input_pipe='pipes/s2p-1804477289032902', output_pipe='pipes/p2s-1804477289032902', algorithm='dqn', _device='gpu', epsilon=0.0644, _clipping='10.0000', batch_size=117, _ddqn='false', lr=0.0167):
2025-06-02 10:48:10,325 - INFO - Binding arguments
2025-06-02 10:48:10,327 - INFO - Starting the runner with arguments Args(communication='pipe', port=None, input_pipe='pipes/s2p-1804478962892904', output_pipe='pipes/p2s-1804478962892904', algorithm='dqn', _device='gpu', epsilon=0.0644, _clipping='10.0000', batch_size=117, _ddqn='false', lr=0.0167):
2025-06-02 10:48:10,486 - INFO - Binding arguments
2025-06-02 10:48:10,487 - INFO - Number of available CUDA devices: 0
2025-06-02 10:48:10,487 - INFO - Starting runner
2025-06-02 10:48:10,488 - INFO - Starting the runner with arguments Args(communication='pipe', port=None, input_pipe='pipes/s2p-1804479141481919', output_pipe='pipes/p2s-1804479141481919', algorithm='dqn', _device='gpu', epsilon=0.0644, _clipping='10.0000', batch_size=117, _ddqn='false', lr=0.0167):
2025-06-02 10:48:10,531 - INFO - Binding arguments
2025-06-02 10:48:10,533 - INFO - Starting the runner with arguments Args(communication='pipe', port=None, input_pipe='pipes/s2p-1804479010591263', output_pipe='pipes/p2s-1804479010591263', algorithm='dqn', _device='gpu', epsilon=0.0644, _clipping='10.0000', batch_size=117, _ddqn='false', lr=0.0167):
2025-06-02 10:48:10,563 - INFO - Binding arguments
2025-06-02 10:48:10,565 - INFO - Starting the runner with arguments Args(communication='pipe', port=None, input_pipe='pipes/s2p-1804479248330730', output_pipe='pipes/p2s-1804479248330730', algorithm='dqn', _device='gpu', epsilon=0.0644, _clipping='10.0000', batch_size=117, _ddqn='false', lr=0.0167):
2025-06-02 10:48:10,814 - INFO - Number of available CUDA devices: 0
2025-06-02 10:48:10,814 - INFO - Starting runner
2025-06-02 10:48:11,075 - INFO - Binding arguments
2025-06-02 10:48:11,077 - INFO - Starting the runner with arguments Args(communication='pipe', port=None, input_pipe='pipes/s2p-1804479505882863', output_pipe='pipes/p2s-1804479505882863', algorithm='dqn', _device='gpu', epsilon=0.0644, _clipping='10.0000', batch_size=117, _ddqn='false', lr=0.0167):
2025-06-02 10:48:11,204 - INFO - Binding arguments
2025-06-02 10:48:11,206 - INFO - Starting the runner with arguments Args(communication='pipe', port=None, input_pipe='pipes/s2p-1804479382014122', output_pipe='pipes/p2s-1804479382014122', algorithm='dqn', _device='gpu', epsilon=0.0644, _clipping='10.0000', batch_size=117, _ddqn='false', lr=0.0167):
2025-06-02 10:48:11,922 - INFO - Binding arguments
2025-06-02 10:48:11,924 - INFO - Starting the runner with arguments Args(communication='pipe', port=None, input_pipe='pipes/s2p-1804479521919560', output_pipe='pipes/p2s-1804479521919560', algorithm='dqn', _device='gpu', epsilon=0.0644, _clipping='10.0000', batch_size=117, _ddqn='false', lr=0.0167):
2025-06-02 10:48:12,488 - INFO - Number of available CUDA devices: 0
2025-06-02 10:48:12,495 - INFO - Starting runner
2025-06-02 10:48:12,536 - INFO - Number of available CUDA devices: 0
2025-06-02 10:48:12,536 - INFO - Starting runner
2025-06-02 10:48:12,669 - INFO - Number of available CUDA devices: 0
2025-06-02 10:48:12,670 - INFO - Starting runner
2025-06-02 10:48:12,771 - INFO - Number of available CUDA devices: 0
2025-06-02 10:48:12,771 - INFO - Starting runner
2025-06-02 10:48:12,901 - INFO - Number of available CUDA devices: 0
2025-06-02 10:48:12,902 - INFO - Starting runner
2025-06-02 10:48:13,041 - INFO - Number of available CUDA devices: 0
2025-06-02 10:48:13,042 - INFO - Starting runner
2025-06-02 10:48:13,124 - INFO - Number of available CUDA devices: 0
2025-06-02 10:48:13,124 - INFO - Starting runner
2025-06-02 10:49:50,841 - ERROR - Connection with remote closed
2025-06-02 10:49:50,845 - INFO - End of the program
2025-06-02 10:50:01,360 - INFO - Binding arguments
2025-06-02 10:50:01,363 - INFO - Starting the runner with arguments Args(communication='pipe', port=None, input_pipe='pipes/s2p-1804588261596746', output_pipe='pipes/p2s-1804588261596746', algorithm='dqn', _device='gpu', epsilon=0.0644, _clipping='10.0000', batch_size=117, _ddqn='false', lr=0.0167):
2025-06-02 10:50:01,887 - INFO - Number of available CUDA devices: 0
2025-06-02 10:50:01,888 - INFO - Starting runner
2025-06-02 10:53:12,845 - ERROR - Connection with remote closed
2025-06-02 10:53:12,862 - INFO - End of the program
2025-06-02 10:53:12,914 - ERROR - Connection with remote closed
2025-06-02 10:53:12,930 - INFO - End of the program
2025-06-02 10:53:13,166 - ERROR - Connection with remote closed
2025-06-02 10:53:13,168 - INFO - End of the program
2025-06-02 10:53:14,090 - ERROR - Connection with remote closed
2025-06-02 10:53:14,092 - INFO - End of the program
2025-06-02 10:53:14,419 - ERROR - Connection with remote closed
2025-06-02 10:53:14,421 - INFO - End of the program
2025-06-02 10:53:14,435 - ERROR - Connection with remote closed
2025-06-02 10:53:14,437 - INFO - End of the program
2025-06-02 10:53:14,519 - ERROR - Connection with remote closed
2025-06-02 10:53:14,525 - INFO - End of the program
2025-06-02 10:53:14,577 - ERROR - Connection with remote closed
2025-06-02 10:53:14,579 - INFO - End of the program
2025-06-02 10:53:14,915 - ERROR - Connection with remote closed
2025-06-02 10:53:14,919 - INFO - End of the program
2025-06-02 10:53:20,373 - INFO - Binding arguments
2025-06-02 10:53:20,375 - INFO - Starting the runner with arguments Args(communication='pipe', port=None, input_pipe='pipes/s2p-1804788808079896', output_pipe='pipes/p2s-1804788808079896', algorithm='dqn', _device='gpu', epsilon=0.0644, _clipping='10.0000', batch_size=117, _ddqn='false', lr=0.0167):
2025-06-02 10:53:20,418 - INFO - Binding arguments
2025-06-02 10:53:20,420 - INFO - Starting the runner with arguments Args(communication='pipe', port=None, input_pipe='pipes/s2p-1804788663666886', output_pipe='pipes/p2s-1804788663666886', algorithm='dqn', _device='gpu', epsilon=0.0644, _clipping='10.0000', batch_size=117, _ddqn='false', lr=0.0167):
2025-06-02 10:53:20,685 - INFO - Binding arguments
2025-06-02 10:53:20,688 - INFO - Starting the runner with arguments Args(communication='pipe', port=None, input_pipe='pipes/s2p-1804789244761434', output_pipe='pipes/p2s-1804789244761434', algorithm='dqn', _device='gpu', epsilon=0.0644, _clipping='10.0000', batch_size=117, _ddqn='false', lr=0.0167):
2025-06-02 10:53:21,140 - INFO - Binding arguments
2025-06-02 10:53:21,142 - INFO - Starting the runner with arguments Args(communication='pipe', port=None, input_pipe='pipes/s2p-1804789588559842', output_pipe='pipes/p2s-1804789588559842', algorithm='dqn', _device='gpu', epsilon=0.0644, _clipping='10.0000', batch_size=117, _ddqn='false', lr=0.0167):
2025-06-02 10:53:21,362 - INFO - Binding arguments
2025-06-02 10:53:21,365 - INFO - Starting the runner with arguments Args(communication='pipe', port=None, input_pipe='pipes/s2p-1804789831188652', output_pipe='pipes/p2s-1804789831188652', algorithm='dqn', _device='gpu', epsilon=0.0644, _clipping='10.0000', batch_size=117, _ddqn='false', lr=0.0167):
2025-06-02 10:53:21,400 - INFO - Binding arguments
2025-06-02 10:53:21,402 - INFO - Starting the runner with arguments Args(communication='pipe', port=None, input_pipe='pipes/s2p-1804790045029033', output_pipe='pipes/p2s-1804790045029033', algorithm='dqn', _device='gpu', epsilon=0.0644, _clipping='10.0000', batch_size=117, _ddqn='false', lr=0.0167):
2025-06-02 10:53:21,513 - INFO - Binding arguments
2025-06-02 10:53:21,515 - INFO - Starting the runner with arguments Args(communication='pipe', port=None, input_pipe='pipes/s2p-1804790135573608', output_pipe='pipes/p2s-1804790135573608', algorithm='dqn', _device='gpu', epsilon=0.0644, _clipping='10.0000', batch_size=117, _ddqn='false', lr=0.0167):
2025-06-02 10:53:21,520 - INFO - Binding arguments
2025-06-02 10:53:21,522 - INFO - Starting the runner with arguments Args(communication='pipe', port=None, input_pipe='pipes/s2p-1804790042364497', output_pipe='pipes/p2s-1804790042364497', algorithm='dqn', _device='gpu', epsilon=0.0644, _clipping='10.0000', batch_size=117, _ddqn='false', lr=0.0167):
2025-06-02 10:53:21,828 - INFO - Binding arguments
2025-06-02 10:53:21,830 - INFO - Starting the runner with arguments Args(communication='pipe', port=None, input_pipe='pipes/s2p-1804790518757435', output_pipe='pipes/p2s-1804790518757435', algorithm='dqn', _device='gpu', epsilon=0.0644, _clipping='10.0000', batch_size=117, _ddqn='false', lr=0.0167):
2025-06-02 10:53:22,219 - INFO - Number of available CUDA devices: 0
2025-06-02 10:53:22,220 - INFO - Starting runner
2025-06-02 10:53:22,356 - INFO - Number of available CUDA devices: 0
2025-06-02 10:53:22,357 - INFO - Starting runner
2025-06-02 10:53:22,801 - INFO - Number of available CUDA devices: 0
2025-06-02 10:53:22,801 - INFO - Starting runner
2025-06-02 10:53:23,114 - INFO - Number of available CUDA devices: 0
2025-06-02 10:53:23,118 - INFO - Starting runner
2025-06-02 10:53:23,357 - INFO - Number of available CUDA devices: 0
2025-06-02 10:53:23,358 - INFO - Starting runner
2025-06-02 10:53:23,565 - INFO - Number of available CUDA devices: 0
2025-06-02 10:53:23,566 - INFO - Starting runner
2025-06-02 10:53:23,568 - INFO - Number of available CUDA devices: 0
2025-06-02 10:53:23,572 - INFO - Starting runner
2025-06-02 10:53:23,656 - INFO - Number of available CUDA devices: 0
2025-06-02 10:53:23,656 - INFO - Starting runner
2025-06-02 10:53:24,106 - INFO - Number of available CUDA devices: 0
2025-06-02 10:53:24,107 - INFO - Starting runner
2025-06-02 10:55:18,651 - ERROR - Connection with remote closed
2025-06-02 10:55:18,653 - INFO - End of the program
2025-06-02 10:55:28,473 - INFO - Binding arguments
2025-06-02 10:55:28,475 - INFO - Starting the runner with arguments Args(communication='pipe', port=None, input_pipe='pipes/s2p-1804915934361082', output_pipe='pipes/p2s-1804915934361082', algorithm='dqn', _device='gpu', epsilon=0.0644, _clipping='10.0000', batch_size=117, _ddqn='false', lr=0.0167):
2025-06-02 10:55:29,544 - INFO - Number of available CUDA devices: 0
2025-06-02 10:55:29,544 - INFO - Starting runner
2025-06-02 10:58:23,343 - ERROR - Connection with remote closed
2025-06-02 10:58:23,347 - INFO - End of the program
2025-06-02 10:58:24,101 - ERROR - Connection with remote closed
2025-06-02 10:58:24,111 - INFO - End of the program
2025-06-02 10:58:24,836 - ERROR - Connection with remote closed
2025-06-02 10:58:24,839 - INFO - End of the program
2025-06-02 10:58:24,841 - ERROR - Connection with remote closed
2025-06-02 10:58:24,844 - INFO - End of the program
2025-06-02 10:58:24,985 - ERROR - Connection with remote closed
2025-06-02 10:58:24,989 - INFO - End of the program
2025-06-02 10:58:25,519 - ERROR - Connection with remote closed
2025-06-02 10:58:25,522 - INFO - End of the program
2025-06-02 10:58:25,570 - ERROR - Connection with remote closed
2025-06-02 10:58:25,573 - INFO - End of the program
2025-06-02 10:58:25,671 - ERROR - Connection with remote closed
2025-06-02 10:58:25,673 - INFO - End of the program
2025-06-02 10:58:25,726 - ERROR - Connection with remote closed
2025-06-02 10:58:25,728 - INFO - End of the program
2025-06-02 11:00:31,714 - ERROR - Connection with remote closed
2025-06-02 11:00:31,718 - INFO - End of the program
2025-06-02 12:19:56,648 - INFO - Binding arguments
2025-06-02 12:19:56,652 - INFO - Binding arguments
2025-06-02 12:19:56,651 - INFO - Binding arguments
2025-06-02 12:19:56,649 - INFO - Binding arguments
2025-06-02 12:19:56,650 - INFO - Binding arguments
2025-06-02 12:19:56,649 - INFO - Binding arguments
2025-06-02 12:19:56,652 - INFO - Binding arguments
2025-06-02 12:19:56,652 - INFO - Binding arguments
2025-06-02 12:19:56,649 - INFO - Binding arguments
2025-06-02 12:19:56,678 - INFO - Starting the runner with arguments Args(communication='pipe', port=None, input_pipe='pipes/s2p-1809956569889573', output_pipe='pipes/p2s-1809956569889573', algorithm='dqn', _device='gpu', epsilon=0.0644, _clipping='10.0000', batch_size=117, _ddqn='false', lr=0.0167):
2025-06-02 12:19:56,651 - INFO - Binding arguments
2025-06-02 12:19:56,652 - INFO - Binding arguments
2025-06-02 12:19:56,652 - INFO - Binding arguments
2025-06-02 12:19:56,679 - INFO - Starting the runner with arguments Args(communication='pipe', port=None, input_pipe='pipes/s2p-1809956560065290', output_pipe='pipes/p2s-1809956560065290', algorithm='dqn', _device='gpu', epsilon=0.0644, _clipping='10.0000', batch_size=117, _ddqn='false', lr=0.0167):
2025-06-02 12:19:56,678 - INFO - Starting the runner with arguments Args(communication='pipe', port=None, input_pipe='pipes/s2p-1809956506559137', output_pipe='pipes/p2s-1809956506559137', algorithm='dqn', _device='gpu', epsilon=0.0644, _clipping='10.0000', batch_size=117, _ddqn='false', lr=0.0167):
2025-06-02 12:19:56,652 - INFO - Binding arguments
2025-06-02 12:19:56,649 - INFO - Binding arguments
2025-06-02 12:19:56,652 - INFO - Binding arguments
2025-06-02 12:19:56,650 - INFO - Binding arguments
2025-06-02 12:19:56,652 - INFO - Binding arguments
2025-06-02 12:19:56,649 - INFO - Binding arguments
2025-06-02 12:19:56,681 - INFO - Binding arguments
2025-06-02 12:19:56,682 - INFO - Starting the runner with arguments Args(communication='pipe', port=None, input_pipe='pipes/s2p-1809956783855726', output_pipe='pipes/p2s-1809956783855726', algorithm='dqn', _device='gpu', epsilon=0.0644, _clipping='10.0000', batch_size=117, _ddqn='false', lr=0.0167):
2025-06-02 12:19:56,681 - INFO - Starting the runner with arguments Args(communication='pipe', port=None, input_pipe='pipes/s2p-1809956602159148', output_pipe='pipes/p2s-1809956602159148', algorithm='dqn', _device='gpu', epsilon=0.0644, _clipping='10.0000', batch_size=117, _ddqn='false', lr=0.0167):
2025-06-02 12:19:56,679 - INFO - Number of available CUDA devices: 0
2025-06-02 12:19:56,683 - INFO - Starting the runner with arguments Args(communication='pipe', port=None, input_pipe='pipes/s2p-1809956398199346', output_pipe='pipes/p2s-1809956398199346', algorithm='dqn', _device='gpu', epsilon=0.0644, _clipping='10.0000', batch_size=117, _ddqn='false', lr=0.0167):
2025-06-02 12:19:56,650 - INFO - Binding arguments
2025-06-02 12:19:56,680 - INFO - Starting the runner with arguments Args(communication='pipe', port=None, input_pipe='pipes/s2p-1809956418093018', output_pipe='pipes/p2s-1809956418093018', algorithm='dqn', _device='gpu', epsilon=0.0644, _clipping='10.0000', batch_size=117, _ddqn='false', lr=0.0167):
2025-06-02 12:19:56,684 - INFO - Number of available CUDA devices: 0
2025-06-02 12:19:56,679 - INFO - Binding arguments
2025-06-02 12:19:56,650 - INFO - Binding arguments
2025-06-02 12:19:56,649 - INFO - Binding arguments
2025-06-02 12:19:56,685 - INFO - Number of available CUDA devices: 0
2025-06-02 12:19:56,680 - INFO - Starting the runner with arguments Args(communication='pipe', port=None, input_pipe='pipes/s2p-1809956370792836', output_pipe='pipes/p2s-1809956370792836', algorithm='dqn', _device='gpu', epsilon=0.0644, _clipping='10.0000', batch_size=117, _ddqn='false', lr=0.0167):
2025-06-02 12:19:56,652 - INFO - Binding arguments
2025-06-02 12:19:56,651 - INFO - Binding arguments
2025-06-02 12:19:56,652 - INFO - Binding arguments
2025-06-02 12:19:56,649 - INFO - Binding arguments
2025-06-02 12:19:56,652 - INFO - Binding arguments
2025-06-02 12:19:56,650 - INFO - Binding arguments
2025-06-02 12:19:56,649 - INFO - Binding arguments
2025-06-02 12:19:56,686 - INFO - Starting runner
2025-06-02 12:19:56,689 - INFO - Starting the runner with arguments Args(communication='pipe', port=None, input_pipe='pipes/s2p-1809956616800890', output_pipe='pipes/p2s-1809956616800890', algorithm='dqn', _device='gpu', epsilon=0.0644, _clipping='10.0000', batch_size=117, _ddqn='false', lr=0.0167):
2025-06-02 12:19:56,684 - INFO - Binding arguments
2025-06-02 12:19:56,650 - INFO - Binding arguments
2025-06-02 12:19:56,649 - INFO - Binding arguments
2025-06-02 12:19:56,684 - INFO - Starting the runner with arguments Args(communication='pipe', port=None, input_pipe='pipes/s2p-1809956609828339', output_pipe='pipes/p2s-1809956609828339', algorithm='dqn', _device='gpu', epsilon=0.0644, _clipping='10.0000', batch_size=117, _ddqn='false', lr=0.0167):
2025-06-02 12:19:56,682 - INFO - Starting the runner with arguments Args(communication='pipe', port=None, input_pipe='pipes/s2p-1809956772307587', output_pipe='pipes/p2s-1809956772307587', algorithm='dqn', _device='gpu', epsilon=0.0644, _clipping='10.0000', batch_size=117, _ddqn='false', lr=0.0167):
2025-06-02 12:19:56,680 - INFO - Number of available CUDA devices: 0
2025-06-02 12:19:56,680 - INFO - Starting the runner with arguments Args(communication='pipe', port=None, input_pipe='pipes/s2p-1809956825968199', output_pipe='pipes/p2s-1809956825968199', algorithm='dqn', _device='gpu', epsilon=0.0644, _clipping='10.0000', batch_size=117, _ddqn='false', lr=0.0167):
2025-06-02 12:19:56,689 - INFO - Starting the runner with arguments Args(communication='pipe', port=None, input_pipe='pipes/s2p-1809956858606202', output_pipe='pipes/p2s-1809956858606202', algorithm='dqn', _device='gpu', epsilon=0.0644, _clipping='10.0000', batch_size=117, _ddqn='false', lr=0.0167):
2025-06-02 12:19:56,685 - INFO - Starting runner
2025-06-02 12:19:56,680 - INFO - Number of available CUDA devices: 0
2025-06-02 12:19:56,687 - INFO - Starting the runner with arguments Args(communication='pipe', port=None, input_pipe='pipes/s2p-1809956635523426', output_pipe='pipes/p2s-1809956635523426', algorithm='dqn', _device='gpu', epsilon=0.0644, _clipping='10.0000', batch_size=117, _ddqn='false', lr=0.0167):
2025-06-02 12:19:56,692 - INFO - Starting runner
2025-06-02 12:19:56,649 - INFO - Binding arguments
2025-06-02 12:19:56,681 - INFO - Starting the runner with arguments Args(communication='pipe', port=None, input_pipe='pipes/s2p-1809956778847421', output_pipe='pipes/p2s-1809956778847421', algorithm='dqn', _device='gpu', epsilon=0.0644, _clipping='10.0000', batch_size=117, _ddqn='false', lr=0.0167):
2025-06-02 12:19:56,687 - INFO - Number of available CUDA devices: 0
2025-06-02 12:19:56,684 - INFO - Number of available CUDA devices: 0
2025-06-02 12:19:56,691 - INFO - Starting the runner with arguments Args(communication='pipe', port=None, input_pipe='pipes/s2p-1809956605160769', output_pipe='pipes/p2s-1809956605160769', algorithm='dqn', _device='gpu', epsilon=0.0644, _clipping='10.0000', batch_size=117, _ddqn='false', lr=0.0167):
2025-06-02 12:19:56,691 - INFO - Starting the runner with arguments Args(communication='pipe', port=None, input_pipe='pipes/s2p-1809956639469039', output_pipe='pipes/p2s-1809956639469039', algorithm='dqn', _device='gpu', epsilon=0.0644, _clipping='10.0000', batch_size=117, _ddqn='false', lr=0.0167):
2025-06-02 12:19:56,684 - INFO - Binding arguments
2025-06-02 12:19:56,696 - INFO - Binding arguments
2025-06-02 12:19:56,680 - INFO - Starting the runner with arguments Args(communication='pipe', port=None, input_pipe='pipes/s2p-1809956674920983', output_pipe='pipes/p2s-1809956674920983', algorithm='dqn', _device='gpu', epsilon=0.0644, _clipping='10.0000', batch_size=117, _ddqn='false', lr=0.0167):
2025-06-02 12:19:56,686 - INFO - Binding arguments
2025-06-02 12:19:56,683 - INFO - Starting the runner with arguments Args(communication='pipe', port=None, input_pipe='pipes/s2p-1809956632744260', output_pipe='pipes/p2s-1809956632744260', algorithm='dqn', _device='gpu', epsilon=0.0644, _clipping='10.0000', batch_size=117, _ddqn='false', lr=0.0167):
2025-06-02 12:19:56,680 - INFO - Starting the runner with arguments Args(communication='pipe', port=None, input_pipe='pipes/s2p-1809956847465573', output_pipe='pipes/p2s-1809956847465573', algorithm='dqn', _device='gpu', epsilon=0.0644, _clipping='10.0000', batch_size=117, _ddqn='false', lr=0.0167):
2025-06-02 12:19:56,693 - INFO - Number of available CUDA devices: 0
2025-06-02 12:19:56,682 - INFO - Starting the runner with arguments Args(communication='pipe', port=None, input_pipe='pipes/s2p-1809956860677867', output_pipe='pipes/p2s-1809956860677867', algorithm='dqn', _device='gpu', epsilon=0.0644, _clipping='10.0000', batch_size=117, _ddqn='false', lr=0.0167):
2025-06-02 12:19:56,680 - INFO - Starting the runner with arguments Args(communication='pipe', port=None, input_pipe='pipes/s2p-1809956649361428', output_pipe='pipes/p2s-1809956649361428', algorithm='dqn', _device='gpu', epsilon=0.0644, _clipping='10.0000', batch_size=117, _ddqn='false', lr=0.0167):
2025-06-02 12:19:56,697 - INFO - Number of available CUDA devices: 0
2025-06-02 12:19:56,688 - INFO - Starting the runner with arguments Args(communication='pipe', port=None, input_pipe='pipes/s2p-1809956619293872', output_pipe='pipes/p2s-1809956619293872', algorithm='dqn', _device='gpu', epsilon=0.0644, _clipping='10.0000', batch_size=117, _ddqn='false', lr=0.0167):
2025-06-02 12:19:56,684 - INFO - Number of available CUDA devices: 0
2025-06-02 12:19:56,692 - INFO - Binding arguments
2025-06-02 12:19:56,684 - INFO - Binding arguments
2025-06-02 12:19:56,695 - INFO - Starting runner
2025-06-02 12:19:56,698 - INFO - Number of available CUDA devices: 0
2025-06-02 12:19:56,686 - INFO - Starting the runner with arguments Args(communication='pipe', port=None, input_pipe='pipes/s2p-1809956787372689', output_pipe='pipes/p2s-1809956787372689', algorithm='dqn', _device='gpu', epsilon=0.0644, _clipping='10.0000', batch_size=117, _ddqn='false', lr=0.0167):
2025-06-02 12:19:56,693 - INFO - Starting runner
2025-06-02 12:19:56,693 - INFO - Number of available CUDA devices: 0
2025-06-02 12:19:56,680 - INFO - Starting the runner with arguments Args(communication='pipe', port=None, input_pipe='pipes/s2p-1809956507426706', output_pipe='pipes/p2s-1809956507426706', algorithm='dqn', _device='gpu', epsilon=0.0644, _clipping='10.0000', batch_size=117, _ddqn='false', lr=0.0167):
2025-06-02 12:19:56,699 - INFO - Starting the runner with arguments Args(communication='pipe', port=None, input_pipe='pipes/s2p-1809956626029821', output_pipe='pipes/p2s-1809956626029821', algorithm='dqn', _device='gpu', epsilon=0.0644, _clipping='10.0000', batch_size=117, _ddqn='false', lr=0.0167):
2025-06-02 12:19:56,701 - INFO - Number of available CUDA devices: 0
2025-06-02 12:19:56,689 - INFO - Starting the runner with arguments Args(communication='pipe', port=None, input_pipe='pipes/s2p-1809956729131169', output_pipe='pipes/p2s-1809956729131169', algorithm='dqn', _device='gpu', epsilon=0.0644, _clipping='10.0000', batch_size=117, _ddqn='false', lr=0.0167):
2025-06-02 12:19:56,699 - INFO - Starting runner
2025-06-02 12:19:56,693 - INFO - Number of available CUDA devices: 0
2025-06-02 12:19:56,687 - INFO - Starting the runner with arguments Args(communication='pipe', port=None, input_pipe='pipes/s2p-1809956563638308', output_pipe='pipes/p2s-1809956563638308', algorithm='dqn', _device='gpu', epsilon=0.0644, _clipping='10.0000', batch_size=117, _ddqn='false', lr=0.0167):
2025-06-02 12:19:56,692 - INFO - Starting the runner with arguments Args(communication='pipe', port=None, input_pipe='pipes/s2p-1809956750252432', output_pipe='pipes/p2s-1809956750252432', algorithm='dqn', _device='gpu', epsilon=0.0644, _clipping='10.0000', batch_size=117, _ddqn='false', lr=0.0167):
2025-06-02 12:19:56,683 - INFO - Starting the runner with arguments Args(communication='pipe', port=None, input_pipe='pipes/s2p-1809956521638786', output_pipe='pipes/p2s-1809956521638786', algorithm='dqn', _device='gpu', epsilon=0.0644, _clipping='10.0000', batch_size=117, _ddqn='false', lr=0.0167):
2025-06-02 12:19:56,686 - INFO - Starting runner
2025-06-02 12:19:56,702 - INFO - Number of available CUDA devices: 0
2025-06-02 12:19:56,699 - INFO - Starting the runner with arguments Args(communication='pipe', port=None, input_pipe='pipes/s2p-1809956659191942', output_pipe='pipes/p2s-1809956659191942', algorithm='dqn', _device='gpu', epsilon=0.0644, _clipping='10.0000', batch_size=117, _ddqn='false', lr=0.0167):
2025-06-02 12:19:56,699 - INFO - Number of available CUDA devices: 0
2025-06-02 12:19:56,700 - INFO - Starting runner
2025-06-02 12:19:56,704 - INFO - Starting runner
2025-06-02 12:19:56,698 - INFO - Starting the runner with arguments Args(communication='pipe', port=None, input_pipe='pipes/s2p-1809956672909219', output_pipe='pipes/p2s-1809956672909219', algorithm='dqn', _device='gpu', epsilon=0.0644, _clipping='10.0000', batch_size=117, _ddqn='false', lr=0.0167):
2025-06-02 12:19:56,702 - INFO - Number of available CUDA devices: 0
2025-06-02 12:19:56,690 - INFO - Starting the runner with arguments Args(communication='pipe', port=None, input_pipe='pipes/s2p-1809956445838762', output_pipe='pipes/p2s-1809956445838762', algorithm='dqn', _device='gpu', epsilon=0.0644, _clipping='10.0000', batch_size=117, _ddqn='false', lr=0.0167):
2025-06-02 12:19:56,690 - INFO - Number of available CUDA devices: 0
2025-06-02 12:19:56,703 - INFO - Number of available CUDA devices: 0
2025-06-02 12:19:56,700 - INFO - Starting runner
2025-06-02 12:19:56,705 - INFO - Starting runner
2025-06-02 12:19:56,692 - INFO - Number of available CUDA devices: 0
2025-06-02 12:19:56,702 - INFO - Starting the runner with arguments Args(communication='pipe', port=None, input_pipe='pipes/s2p-1809956592834698', output_pipe='pipes/p2s-1809956592834698', algorithm='dqn', _device='gpu', epsilon=0.0644, _clipping='10.0000', batch_size=117, _ddqn='false', lr=0.0167):
2025-06-02 12:19:56,704 - INFO - Number of available CUDA devices: 0
2025-06-02 12:19:56,692 - INFO - Starting the runner with arguments Args(communication='pipe', port=None, input_pipe='pipes/s2p-1809956509394268', output_pipe='pipes/p2s-1809956509394268', algorithm='dqn', _device='gpu', epsilon=0.0644, _clipping='10.0000', batch_size=117, _ddqn='false', lr=0.0167):
2025-06-02 12:19:56,704 - INFO - Number of available CUDA devices: 0
2025-06-02 12:19:56,695 - INFO - Starting runner
2025-06-02 12:19:56,696 - INFO - Number of available CUDA devices: 0
2025-06-02 12:19:56,694 - INFO - Starting the runner with arguments Args(communication='pipe', port=None, input_pipe='pipes/s2p-1809956678794220', output_pipe='pipes/p2s-1809956678794220', algorithm='dqn', _device='gpu', epsilon=0.0644, _clipping='10.0000', batch_size=117, _ddqn='false', lr=0.0167):
2025-06-02 12:19:56,693 - INFO - Starting the runner with arguments Args(communication='pipe', port=None, input_pipe='pipes/s2p-1809956657070042', output_pipe='pipes/p2s-1809956657070042', algorithm='dqn', _device='gpu', epsilon=0.0644, _clipping='10.0000', batch_size=117, _ddqn='false', lr=0.0167):
2025-06-02 12:19:56,701 - INFO - Starting runner
2025-06-02 12:19:56,706 - INFO - Number of available CUDA devices: 0
2025-06-02 12:19:56,707 - INFO - Starting runner
2025-06-02 12:19:56,702 - INFO - Starting runner
2025-06-02 12:19:56,708 - INFO - Starting runner
2025-06-02 12:19:56,696 - INFO - Starting the runner with arguments Args(communication='pipe', port=None, input_pipe='pipes/s2p-1809956545527763', output_pipe='pipes/p2s-1809956545527763', algorithm='dqn', _device='gpu', epsilon=0.0644, _clipping='10.0000', batch_size=117, _ddqn='false', lr=0.0167):
2025-06-02 12:19:56,696 - INFO - Number of available CUDA devices: 0
2025-06-02 12:19:56,693 - INFO - Number of available CUDA devices: 0
2025-06-02 12:19:56,700 - INFO - Number of available CUDA devices: 0
2025-06-02 12:19:56,703 - INFO - Starting the runner with arguments Args(communication='pipe', port=None, input_pipe='pipes/s2p-1809956573874529', output_pipe='pipes/p2s-1809956573874529', algorithm='dqn', _device='gpu', epsilon=0.0644, _clipping='10.0000', batch_size=117, _ddqn='false', lr=0.0167):
2025-06-02 12:19:56,708 - INFO - Starting runner
2025-06-02 12:19:56,710 - INFO - Number of available CUDA devices: 0
2025-06-02 12:19:56,696 - INFO - Number of available CUDA devices: 0
2025-06-02 12:19:56,711 - INFO - Number of available CUDA devices: 0
2025-06-02 12:19:56,702 - INFO - Number of available CUDA devices: 0
2025-06-02 12:19:56,695 - INFO - Binding arguments
2025-06-02 12:19:56,701 - INFO - Number of available CUDA devices: 0
2025-06-02 12:19:56,704 - INFO - Number of available CUDA devices: 0
2025-06-02 12:19:56,704 - INFO - Starting runner
2025-06-02 12:19:56,714 - INFO - Starting runner
2025-06-02 12:19:56,702 - INFO - Number of available CUDA devices: 0
2025-06-02 12:19:56,713 - INFO - Starting runner
2025-06-02 12:19:56,705 - INFO - Number of available CUDA devices: 0
2025-06-02 12:19:56,710 - INFO - Starting runner
2025-06-02 12:19:56,707 - INFO - Starting runner
2025-06-02 12:19:56,714 - INFO - Starting runner
2025-06-02 12:19:56,715 - INFO - Starting runner
2025-06-02 12:19:56,702 - INFO - Starting runner
2025-06-02 12:19:56,714 - INFO - Starting runner
2025-06-02 12:19:56,714 - INFO - Starting runner
2025-06-02 12:19:56,709 - INFO - Starting runner
2025-06-02 12:19:56,711 - INFO - Starting runner
2025-06-02 12:19:56,717 - INFO - Starting the runner with arguments Args(communication='pipe', port=None, input_pipe='pipes/s2p-1809956782144583', output_pipe='pipes/p2s-1809956782144583', algorithm='dqn', _device='gpu', epsilon=0.0644, _clipping='10.0000', batch_size=117, _ddqn='false', lr=0.0167):
2025-06-02 12:19:56,712 - INFO - Starting runner
2025-06-02 12:19:56,712 - INFO - Starting runner
2025-06-02 12:19:56,710 - INFO - Number of available CUDA devices: 0
2025-06-02 12:19:56,716 - INFO - Starting runner
2025-06-02 12:19:56,716 - INFO - Starting runner
2025-06-02 12:19:56,708 - INFO - Number of available CUDA devices: 0
2025-06-02 12:19:56,714 - INFO - Number of available CUDA devices: 0
2025-06-02 12:19:56,715 - INFO - Starting runner
2025-06-02 12:19:56,713 - INFO - Number of available CUDA devices: 0
2025-06-02 12:19:56,717 - INFO - Starting runner
2025-06-02 12:19:56,719 - INFO - Starting runner
2025-06-02 12:19:56,719 - INFO - Number of available CUDA devices: 0
2025-06-02 12:19:56,720 - INFO - Starting runner
2025-06-02 12:19:56,720 - INFO - Starting runner
2025-06-02 12:19:56,720 - INFO - Starting runner
2025-06-02 12:19:56,720 - INFO - Starting runner
2025-06-02 12:20:00,761 - ERROR - Connection with remote closed
2025-06-02 12:20:00,762 - INFO - End of the program
2025-06-02 12:20:02,877 - ERROR - Connection with remote closed
2025-06-02 12:20:02,882 - INFO - End of the program
2025-06-02 12:20:05,334 - ERROR - Connection with remote closed
2025-06-02 12:20:05,336 - INFO - End of the program
2025-06-02 12:20:06,888 - ERROR - Connection with remote closed
2025-06-02 12:20:06,889 - INFO - End of the program
2025-06-02 12:20:09,226 - ERROR - Connection with remote closed
2025-06-02 12:20:09,228 - INFO - End of the program
2025-06-02 12:20:11,449 - ERROR - Connection with remote closed
2025-06-02 12:20:11,452 - INFO - End of the program
2025-06-02 12:20:12,973 - ERROR - Connection with remote closed
2025-06-02 12:20:12,975 - INFO - End of the program
2025-06-02 12:20:15,322 - ERROR - Connection with remote closed
2025-06-02 12:20:15,324 - INFO - End of the program
2025-06-02 12:20:18,089 - ERROR - Connection with remote closed
2025-06-02 12:20:18,090 - INFO - End of the program
2025-06-02 12:20:19,696 - ERROR - Connection with remote closed
2025-06-02 12:20:19,697 - INFO - End of the program
2025-06-02 12:20:22,231 - ERROR - Connection with remote closed
2025-06-02 12:20:22,233 - INFO - End of the program
2025-06-02 12:20:23,836 - ERROR - Connection with remote closed
2025-06-02 12:20:23,837 - INFO - End of the program
2025-06-02 12:20:26,295 - ERROR - Connection with remote closed
2025-06-02 12:20:26,297 - INFO - End of the program
2025-06-02 12:20:27,892 - ERROR - Connection with remote closed
2025-06-02 12:20:27,917 - INFO - End of the program
2025-06-02 12:20:30,207 - ERROR - Connection with remote closed
2025-06-02 12:20:30,209 - INFO - End of the program
2025-06-02 12:20:31,734 - ERROR - Connection with remote closed
2025-06-02 12:20:31,735 - INFO - End of the program
2025-06-02 12:20:33,887 - ERROR - Connection with remote closed
2025-06-02 12:20:33,889 - INFO - End of the program
2025-06-02 12:20:35,699 - ERROR - Connection with remote closed
2025-06-02 12:20:35,700 - INFO - End of the program
2025-06-02 12:20:37,864 - ERROR - Connection with remote closed
2025-06-02 12:20:37,865 - INFO - End of the program
2025-06-02 12:20:39,477 - ERROR - Connection with remote closed
2025-06-02 12:20:39,478 - INFO - End of the program
2025-06-02 12:20:42,477 - ERROR - Connection with remote closed
2025-06-02 12:20:42,478 - INFO - End of the program
2025-06-02 12:20:44,023 - ERROR - Connection with remote closed
2025-06-02 12:20:44,024 - INFO - End of the program
2025-06-02 12:20:44,112 - INFO - Binding arguments
2025-06-02 12:20:44,116 - INFO - Starting the runner with arguments Args(communication='pipe', port=None, input_pipe='pipes/s2p-1810005693739381', output_pipe='pipes/p2s-1810005693739381', algorithm='dqn', _device='gpu', epsilon=0.0644, _clipping='10.0000', batch_size=117, _ddqn='false', lr=0.0167):
2025-06-02 12:20:44,124 - INFO - Number of available CUDA devices: 0
2025-06-02 12:20:44,131 - INFO - Starting runner
2025-06-02 12:20:46,283 - ERROR - Connection with remote closed
2025-06-02 12:20:46,313 - INFO - End of the program
2025-06-02 12:20:46,564 - INFO - Binding arguments
2025-06-02 12:20:46,566 - INFO - Starting the runner with arguments Args(communication='pipe', port=None, input_pipe='pipes/s2p-1810009686475729', output_pipe='pipes/p2s-1810009686475729', algorithm='dqn', _device='gpu', epsilon=0.0644, _clipping='10.0000', batch_size=117, _ddqn='false', lr=0.0167):
2025-06-02 12:20:46,568 - INFO - Number of available CUDA devices: 0
2025-06-02 12:20:46,569 - INFO - Starting runner
2025-06-02 12:20:48,890 - ERROR - Connection with remote closed
2025-06-02 12:20:48,891 - INFO - End of the program
2025-06-02 12:20:50,228 - ERROR - Connection with remote closed
2025-06-02 12:20:50,238 - INFO - End of the program
2025-06-02 12:20:52,887 - ERROR - Connection with remote closed
2025-06-02 12:20:52,889 - INFO - End of the program
2025-06-02 12:20:54,442 - ERROR - Connection with remote closed
2025-06-02 12:20:54,443 - INFO - End of the program
2025-06-02 12:20:57,442 - ERROR - Connection with remote closed
2025-06-02 12:20:57,443 - INFO - End of the program
2025-06-02 12:20:58,234 - INFO - Binding arguments
2025-06-02 12:20:58,236 - INFO - Starting the runner with arguments Args(communication='pipe', port=None, input_pipe='pipes/s2p-1810017404392590', output_pipe='pipes/p2s-1810017404392590', algorithm='dqn', _device='gpu', epsilon=0.0644, _clipping='10.0000', batch_size=117, _ddqn='false', lr=0.0167):
2025-06-02 12:20:58,238 - INFO - Number of available CUDA devices: 0
2025-06-02 12:20:58,239 - INFO - Starting runner
2025-06-02 12:20:58,578 - INFO - Binding arguments
2025-06-02 12:20:58,580 - INFO - Starting the runner with arguments Args(communication='pipe', port=None, input_pipe='pipes/s2p-1810017493909875', output_pipe='pipes/p2s-1810017493909875', algorithm='dqn', _device='gpu', epsilon=0.0644, _clipping='10.0000', batch_size=117, _ddqn='false', lr=0.0167):
2025-06-02 12:20:58,582 - INFO - Number of available CUDA devices: 0
2025-06-02 12:20:58,582 - INFO - Starting runner
2025-06-02 12:20:59,079 - ERROR - Connection with remote closed
2025-06-02 12:20:59,079 - INFO - End of the program
2025-06-02 12:21:02,049 - ERROR - Connection with remote closed
2025-06-02 12:21:02,050 - INFO - End of the program
2025-06-02 12:21:03,118 - INFO - Binding arguments
2025-06-02 12:21:03,120 - INFO - Starting the runner with arguments Args(communication='pipe', port=None, input_pipe='pipes/s2p-1810018484471912', output_pipe='pipes/p2s-1810018484471912', algorithm='dqn', _device='gpu', epsilon=0.0644, _clipping='10.0000', batch_size=117, _ddqn='false', lr=0.0167):
2025-06-02 12:21:03,122 - INFO - Number of available CUDA devices: 0
2025-06-02 12:21:03,123 - INFO - Starting runner
2025-06-02 12:21:03,327 - ERROR - Connection with remote closed
2025-06-02 12:21:03,328 - INFO - End of the program
2025-06-02 12:21:06,504 - ERROR - Connection with remote closed
2025-06-02 12:21:06,513 - INFO - End of the program
2025-06-02 12:21:09,648 - ERROR - Connection with remote closed
2025-06-02 12:21:09,652 - INFO - End of the program
2025-06-02 12:21:10,066 - INFO - Binding arguments
2025-06-02 12:21:10,069 - INFO - Starting the runner with arguments Args(communication='pipe', port=None, input_pipe='pipes/s2p-1810024861136187', output_pipe='pipes/p2s-1810024861136187', algorithm='dqn', _device='gpu', epsilon=0.0644, _clipping='10.0000', batch_size=117, _ddqn='false', lr=0.0167):
2025-06-02 12:21:10,071 - INFO - Number of available CUDA devices: 0
2025-06-02 12:21:10,072 - INFO - Starting runner
2025-06-02 12:21:12,694 - ERROR - Connection with remote closed
2025-06-02 12:21:12,706 - INFO - End of the program
2025-06-02 12:21:13,180 - INFO - Binding arguments
2025-06-02 12:21:13,183 - INFO - Starting the runner with arguments Args(communication='pipe', port=None, input_pipe='pipes/s2p-1810022423447222', output_pipe='pipes/p2s-1810022423447222', algorithm='dqn', _device='gpu', epsilon=0.0644, _clipping='10.0000', batch_size=117, _ddqn='false', lr=0.0167):
2025-06-02 12:21:13,185 - INFO - Number of available CUDA devices: 0
2025-06-02 12:21:13,186 - INFO - Starting runner
2025-06-02 12:21:16,205 - ERROR - Connection with remote closed
2025-06-02 12:21:16,206 - INFO - End of the program
2025-06-02 12:21:16,261 - INFO - Binding arguments
2025-06-02 12:21:16,264 - INFO - Starting the runner with arguments Args(communication='pipe', port=None, input_pipe='pipes/s2p-1810028786050999', output_pipe='pipes/p2s-1810028786050999', algorithm='dqn', _device='gpu', epsilon=0.0644, _clipping='10.0000', batch_size=117, _ddqn='false', lr=0.0167):
2025-06-02 12:21:16,266 - INFO - Number of available CUDA devices: 0
2025-06-02 12:21:16,267 - INFO - Starting runner
2025-06-02 12:21:16,278 - INFO - Binding arguments
2025-06-02 12:21:16,281 - INFO - Starting the runner with arguments Args(communication='pipe', port=None, input_pipe='pipes/s2p-1810028737967673', output_pipe='pipes/p2s-1810028737967673', algorithm='dqn', _device='gpu', epsilon=0.0644, _clipping='10.0000', batch_size=117, _ddqn='false', lr=0.0167):
2025-06-02 12:21:16,282 - INFO - Number of available CUDA devices: 0
2025-06-02 12:21:16,283 - INFO - Starting runner
2025-06-02 12:21:16,298 - INFO - Binding arguments
2025-06-02 12:21:16,300 - INFO - Starting the runner with arguments Args(communication='pipe', port=None, input_pipe='pipes/s2p-1810028044399015', output_pipe='pipes/p2s-1810028044399015', algorithm='dqn', _device='gpu', epsilon=0.0644, _clipping='10.0000', batch_size=117, _ddqn='false', lr=0.0167):
2025-06-02 12:21:16,305 - INFO - Number of available CUDA devices: 0
2025-06-02 12:21:16,305 - INFO - Starting runner
2025-06-02 12:21:16,335 - INFO - Binding arguments
2025-06-02 12:21:16,338 - INFO - Starting the runner with arguments Args(communication='pipe', port=None, input_pipe='pipes/s2p-1810036606315612', output_pipe='pipes/p2s-1810036606315612', algorithm='dqn', _device='gpu', epsilon=0.0644, _clipping='10.0000', batch_size=117, _ddqn='false', lr=0.0167):
2025-06-02 12:21:16,340 - INFO - Number of available CUDA devices: 0
2025-06-02 12:21:16,340 - INFO - Starting runner
2025-06-02 12:21:16,632 - INFO - Binding arguments
2025-06-02 12:21:16,635 - INFO - Starting the runner with arguments Args(communication='pipe', port=None, input_pipe='pipes/s2p-1810033012216966', output_pipe='pipes/p2s-1810033012216966', algorithm='dqn', _device='gpu', epsilon=0.0644, _clipping='10.0000', batch_size=117, _ddqn='false', lr=0.0167):
2025-06-02 12:21:16,636 - INFO - Number of available CUDA devices: 0
2025-06-02 12:21:16,637 - INFO - Starting runner
2025-06-02 12:21:16,665 - INFO - Binding arguments
2025-06-02 12:21:16,667 - INFO - Starting the runner with arguments Args(communication='pipe', port=None, input_pipe='pipes/s2p-1810028782882487', output_pipe='pipes/p2s-1810028782882487', algorithm='dqn', _device='gpu', epsilon=0.0644, _clipping='10.0000', batch_size=117, _ddqn='false', lr=0.0167):
2025-06-02 12:21:16,667 - INFO - Binding arguments
2025-06-02 12:21:16,671 - INFO - Starting the runner with arguments Args(communication='pipe', port=None, input_pipe='pipes/s2p-1810028807611853', output_pipe='pipes/p2s-1810028807611853', algorithm='dqn', _device='gpu', epsilon=0.0644, _clipping='10.0000', batch_size=117, _ddqn='false', lr=0.0167):
2025-06-02 12:21:16,671 - INFO - Number of available CUDA devices: 0
2025-06-02 12:21:16,672 - INFO - Starting runner
2025-06-02 12:21:16,673 - INFO - Number of available CUDA devices: 0
2025-06-02 12:21:16,673 - INFO - Starting runner
2025-06-02 12:21:19,692 - ERROR - Connection with remote closed
2025-06-02 12:21:19,702 - INFO - End of the program
2025-06-02 12:21:19,736 - INFO - Binding arguments
2025-06-02 12:21:19,739 - INFO - Starting the runner with arguments Args(communication='pipe', port=None, input_pipe='pipes/s2p-1810036925581915', output_pipe='pipes/p2s-1810036925581915', algorithm='dqn', _device='gpu', epsilon=0.0644, _clipping='10.0000', batch_size=117, _ddqn='false', lr=0.0167):
2025-06-02 12:21:19,742 - INFO - Number of available CUDA devices: 0
2025-06-02 12:21:19,743 - INFO - Starting runner
2025-06-02 12:21:20,099 - INFO - Binding arguments
2025-06-02 12:21:20,102 - INFO - Starting the runner with arguments Args(communication='pipe', port=None, input_pipe='pipes/s2p-1810033165940405', output_pipe='pipes/p2s-1810033165940405', algorithm='dqn', _device='gpu', epsilon=0.0644, _clipping='10.0000', batch_size=117, _ddqn='false', lr=0.0167):
2025-06-02 12:21:20,104 - INFO - Number of available CUDA devices: 0
2025-06-02 12:21:20,106 - INFO - Starting runner
2025-06-02 12:21:23,606 - ERROR - Connection with remote closed
2025-06-02 12:21:23,611 - INFO - End of the program
2025-06-02 12:21:26,546 - ERROR - Connection with remote closed
2025-06-02 12:21:26,562 - INFO - End of the program
2025-06-02 12:21:26,566 - INFO - Binding arguments
2025-06-02 12:21:26,568 - INFO - Starting the runner with arguments Args(communication='pipe', port=None, input_pipe='pipes/s2p-1810042032465952', output_pipe='pipes/p2s-1810042032465952', algorithm='dqn', _device='gpu', epsilon=0.0644, _clipping='10.0000', batch_size=117, _ddqn='false', lr=0.0167):
2025-06-02 12:21:26,570 - INFO - Number of available CUDA devices: 0
2025-06-02 12:21:26,571 - INFO - Starting runner
2025-06-02 12:21:27,534 - INFO - Binding arguments
2025-06-02 12:21:27,536 - INFO - Starting the runner with arguments Args(communication='pipe', port=None, input_pipe='pipes/s2p-1810045365274383', output_pipe='pipes/p2s-1810045365274383', algorithm='dqn', _device='gpu', epsilon=0.0644, _clipping='10.0000', batch_size=117, _ddqn='false', lr=0.0167):
2025-06-02 12:21:27,537 - INFO - Number of available CUDA devices: 0
2025-06-02 12:21:27,538 - INFO - Starting runner
2025-06-02 12:21:27,566 - INFO - Binding arguments
2025-06-02 12:21:27,568 - INFO - Starting the runner with arguments Args(communication='pipe', port=None, input_pipe='pipes/s2p-1810048429217141', output_pipe='pipes/p2s-1810048429217141', algorithm='dqn', _device='gpu', epsilon=0.0644, _clipping='10.0000', batch_size=117, _ddqn='false', lr=0.0167):
2025-06-02 12:21:27,569 - INFO - Number of available CUDA devices: 0
2025-06-02 12:21:27,569 - INFO - Starting runner
2025-06-02 12:21:28,158 - INFO - Binding arguments
2025-06-02 12:21:28,160 - ERROR - Connection with remote closed
2025-06-02 12:21:28,160 - INFO - Starting the runner with arguments Args(communication='pipe', port=None, input_pipe='pipes/s2p-1810042184438965', output_pipe='pipes/p2s-1810042184438965', algorithm='dqn', _device='gpu', epsilon=0.0644, _clipping='10.0000', batch_size=117, _ddqn='false', lr=0.0167):
2025-06-02 12:21:28,161 - INFO - End of the program
2025-06-02 12:21:28,168 - INFO - Number of available CUDA devices: 0
2025-06-02 12:21:28,171 - INFO - Starting runner
2025-06-02 12:21:28,270 - INFO - Binding arguments
2025-06-02 12:21:28,272 - INFO - Starting the runner with arguments Args(communication='pipe', port=None, input_pipe='pipes/s2p-1810041910113314', output_pipe='pipes/p2s-1810041910113314', algorithm='dqn', _device='gpu', epsilon=0.0644, _clipping='10.0000', batch_size=117, _ddqn='false', lr=0.0167):
2025-06-02 12:21:28,290 - INFO - Number of available CUDA devices: 0
2025-06-02 12:21:28,290 - INFO - Starting runner
2025-06-02 12:21:28,817 - INFO - Binding arguments
2025-06-02 12:21:28,819 - INFO - Starting the runner with arguments Args(communication='pipe', port=None, input_pipe='pipes/s2p-1810045092249249', output_pipe='pipes/p2s-1810045092249249', algorithm='dqn', _device='gpu', epsilon=0.0644, _clipping='10.0000', batch_size=117, _ddqn='false', lr=0.0167):
2025-06-02 12:21:28,821 - INFO - Number of available CUDA devices: 0
2025-06-02 12:21:28,821 - INFO - Starting runner
2025-06-02 12:21:28,941 - INFO - Binding arguments
2025-06-02 12:21:28,943 - INFO - Starting the runner with arguments Args(communication='pipe', port=None, input_pipe='pipes/s2p-1810045106699855', output_pipe='pipes/p2s-1810045106699855', algorithm='dqn', _device='gpu', epsilon=0.0644, _clipping='10.0000', batch_size=117, _ddqn='false', lr=0.0167):
2025-06-02 12:21:28,945 - INFO - Number of available CUDA devices: 0
2025-06-02 12:21:28,945 - INFO - Starting runner
2025-06-02 12:21:31,489 - ERROR - Connection with remote closed
2025-06-02 12:21:31,490 - INFO - End of the program
2025-06-02 12:21:32,414 - INFO - Binding arguments
2025-06-02 12:21:32,416 - INFO - Starting the runner with arguments Args(communication='pipe', port=None, input_pipe='pipes/s2p-1810051668216908', output_pipe='pipes/p2s-1810051668216908', algorithm='dqn', _device='gpu', epsilon=0.0644, _clipping='10.0000', batch_size=117, _ddqn='false', lr=0.0167):
2025-06-02 12:21:32,418 - INFO - Number of available CUDA devices: 0
2025-06-02 12:21:32,419 - INFO - Starting runner
2025-06-02 12:21:32,675 - INFO - Binding arguments
2025-06-02 12:21:32,677 - INFO - Starting the runner with arguments Args(communication='pipe', port=None, input_pipe='pipes/s2p-1810055060512716', output_pipe='pipes/p2s-1810055060512716', algorithm='dqn', _device='gpu', epsilon=0.0644, _clipping='10.0000', batch_size=117, _ddqn='false', lr=0.0167):
2025-06-02 12:21:32,678 - INFO - Number of available CUDA devices: 0
2025-06-02 12:21:32,679 - INFO - Starting runner
2025-06-02 12:21:32,957 - ERROR - Connection with remote closed
2025-06-02 12:21:32,958 - INFO - End of the program
2025-06-02 12:21:33,305 - INFO - Binding arguments
2025-06-02 12:21:33,308 - INFO - Starting the runner with arguments Args(communication='pipe', port=None, input_pipe='pipes/s2p-1810051318176318', output_pipe='pipes/p2s-1810051318176318', algorithm='dqn', _device='gpu', epsilon=0.0644, _clipping='10.0000', batch_size=117, _ddqn='false', lr=0.0167):
2025-06-02 12:21:33,310 - INFO - Number of available CUDA devices: 0
2025-06-02 12:21:33,310 - INFO - Starting runner
2025-06-02 12:21:36,213 - ERROR - Connection with remote closed
2025-06-02 12:21:36,215 - INFO - End of the program
2025-06-02 12:21:37,742 - ERROR - Connection with remote closed
2025-06-02 12:21:37,743 - INFO - End of the program
2025-06-02 12:21:38,020 - INFO - Binding arguments
2025-06-02 12:21:38,022 - INFO - Starting the runner with arguments Args(communication='pipe', port=None, input_pipe='pipes/s2p-1810062631561195', output_pipe='pipes/p2s-1810062631561195', algorithm='dqn', _device='gpu', epsilon=0.0644, _clipping='10.0000', batch_size=117, _ddqn='false', lr=0.0167):
2025-06-02 12:21:38,024 - INFO - Number of available CUDA devices: 0
2025-06-02 12:21:38,025 - INFO - Starting runner
2025-06-02 12:21:40,954 - ERROR - Connection with remote closed
2025-06-02 12:21:40,955 - INFO - End of the program
2025-06-02 12:21:41,403 - INFO - Binding arguments
2025-06-02 12:21:41,406 - INFO - Starting the runner with arguments Args(communication='pipe', port=None, input_pipe='pipes/s2p-1810054930287787', output_pipe='pipes/p2s-1810054930287787', algorithm='dqn', _device='gpu', epsilon=0.0644, _clipping='10.0000', batch_size=117, _ddqn='false', lr=0.0167):
2025-06-02 12:21:41,409 - INFO - Number of available CUDA devices: 0
2025-06-02 12:21:41,409 - INFO - Starting runner
2025-06-02 12:21:42,517 - ERROR - Connection with remote closed
2025-06-02 12:21:42,532 - INFO - End of the program
2025-06-02 12:21:45,024 - ERROR - Connection with remote closed
2025-06-02 12:21:45,030 - INFO - End of the program
2025-06-02 12:21:47,123 - ERROR - Connection with remote closed
2025-06-02 12:21:47,124 - INFO - End of the program
2025-06-02 12:21:48,701 - ERROR - Connection with remote closed
2025-06-02 12:21:48,702 - INFO - End of the program
2025-06-02 12:21:49,114 - INFO - Binding arguments
2025-06-02 12:21:49,117 - INFO - Starting the runner with arguments Args(communication='pipe', port=None, input_pipe='pipes/s2p-1810067069814401', output_pipe='pipes/p2s-1810067069814401', algorithm='dqn', _device='gpu', epsilon=0.0644, _clipping='10.0000', batch_size=117, _ddqn='false', lr=0.0167):
2025-06-02 12:21:49,118 - INFO - Number of available CUDA devices: 0
2025-06-02 12:21:49,118 - INFO - Starting runner
2025-06-02 12:21:51,438 - ERROR - Connection with remote closed
2025-06-02 12:21:51,446 - INFO - End of the program
2025-06-02 12:21:51,845 - INFO - Binding arguments
2025-06-02 12:21:51,847 - INFO - Starting the runner with arguments Args(communication='pipe', port=None, input_pipe='pipes/s2p-1810062158540094', output_pipe='pipes/p2s-1810062158540094', algorithm='dqn', _device='gpu', epsilon=0.0644, _clipping='10.0000', batch_size=117, _ddqn='false', lr=0.0167):
2025-06-02 12:21:51,852 - INFO - Number of available CUDA devices: 0
2025-06-02 12:21:51,852 - INFO - Starting runner
2025-06-02 12:21:52,117 - INFO - Binding arguments
2025-06-02 12:21:52,119 - INFO - Starting the runner with arguments Args(communication='pipe', port=None, input_pipe='pipes/s2p-1810075882036580', output_pipe='pipes/p2s-1810075882036580', algorithm='dqn', _device='gpu', epsilon=0.0644, _clipping='10.0000', batch_size=117, _ddqn='false', lr=0.0167):
2025-06-02 12:21:52,123 - INFO - Number of available CUDA devices: 0
2025-06-02 12:21:52,124 - INFO - Starting runner
2025-06-02 12:21:52,966 - ERROR - Connection with remote closed
2025-06-02 12:21:52,967 - INFO - End of the program
2025-06-02 12:21:54,453 - ERROR - Connection with remote closed
2025-06-02 12:21:54,454 - INFO - End of the program
2025-06-02 12:21:55,930 - ERROR - Connection with remote closed
2025-06-02 12:21:55,940 - INFO - End of the program
2025-06-02 12:21:56,072 - INFO - Binding arguments
2025-06-02 12:21:56,075 - INFO - Starting the runner with arguments Args(communication='pipe', port=None, input_pipe='pipes/s2p-1810076313834048', output_pipe='pipes/p2s-1810076313834048', algorithm='dqn', _device='gpu', epsilon=0.0644, _clipping='10.0000', batch_size=117, _ddqn='false', lr=0.0167):
2025-06-02 12:21:56,324 - INFO - Binding arguments
2025-06-02 12:21:56,327 - INFO - Starting the runner with arguments Args(communication='pipe', port=None, input_pipe='pipes/s2p-1810083561602851', output_pipe='pipes/p2s-1810083561602851', algorithm='dqn', _device='gpu', epsilon=0.0644, _clipping='10.0000', batch_size=117, _ddqn='false', lr=0.0167):
2025-06-02 12:21:57,476 - ERROR - Connection with remote closed
2025-06-02 12:21:57,494 - INFO - End of the program
2025-06-02 12:21:58,981 - INFO - Number of available CUDA devices: 0
2025-06-02 12:21:58,983 - INFO - Starting runner
2025-06-02 12:21:58,987 - INFO - Number of available CUDA devices: 0
2025-06-02 12:21:58,988 - INFO - Binding arguments
2025-06-02 12:21:58,989 - INFO - Starting runner
2025-06-02 12:21:58,991 - INFO - Starting the runner with arguments Args(communication='pipe', port=None, input_pipe='pipes/s2p-1810076795735015', output_pipe='pipes/p2s-1810076795735015', algorithm='dqn', _device='gpu', epsilon=0.0644, _clipping='10.0000', batch_size=117, _ddqn='false', lr=0.0167):
2025-06-02 12:21:58,992 - INFO - Number of available CUDA devices: 0
2025-06-02 12:21:58,992 - INFO - Starting runner
2025-06-02 12:21:59,028 - ERROR - Connection with remote closed
2025-06-02 12:21:59,031 - INFO - End of the program
2025-06-02 12:22:01,516 - ERROR - Connection with remote closed
2025-06-02 12:22:01,517 - INFO - End of the program
2025-06-02 12:22:01,954 - INFO - Binding arguments
2025-06-02 12:22:01,956 - INFO - Starting the runner with arguments Args(communication='pipe', port=None, input_pipe='pipes/s2p-1810067465757789', output_pipe='pipes/p2s-1810067465757789', algorithm='dqn', _device='gpu', epsilon=0.0644, _clipping='10.0000', batch_size=117, _ddqn='false', lr=0.0167):
2025-06-02 12:22:01,958 - INFO - Number of available CUDA devices: 0
2025-06-02 12:22:01,959 - INFO - Starting runner
2025-06-02 12:22:02,196 - INFO - Binding arguments
2025-06-02 12:22:02,199 - INFO - Starting the runner with arguments Args(communication='pipe', port=None, input_pipe='pipes/s2p-1810086692425568', output_pipe='pipes/p2s-1810086692425568', algorithm='dqn', _device='gpu', epsilon=0.0644, _clipping='10.0000', batch_size=117, _ddqn='false', lr=0.0167):
2025-06-02 12:22:02,201 - INFO - Number of available CUDA devices: 0
2025-06-02 12:22:02,201 - INFO - Starting runner
2025-06-02 12:22:02,383 - INFO - Binding arguments
2025-06-02 12:22:02,385 - INFO - Starting the runner with arguments Args(communication='pipe', port=None, input_pipe='pipes/s2p-1810076809175196', output_pipe='pipes/p2s-1810076809175196', algorithm='dqn', _device='gpu', epsilon=0.0644, _clipping='10.0000', batch_size=117, _ddqn='false', lr=0.0167):
2025-06-02 12:22:03,000 - INFO - Number of available CUDA devices: 0
2025-06-02 12:22:03,003 - INFO - Starting runner
2025-06-02 12:22:03,022 - ERROR - Connection with remote closed
2025-06-02 12:22:03,024 - INFO - End of the program
2025-06-02 12:22:05,761 - ERROR - Connection with remote closed
2025-06-02 12:22:05,764 - INFO - End of the program
2025-06-02 12:22:06,221 - INFO - Binding arguments
2025-06-02 12:22:06,224 - INFO - Starting the runner with arguments Args(communication='pipe', port=None, input_pipe='pipes/s2p-1810086753147952', output_pipe='pipes/p2s-1810086753147952', algorithm='dqn', _device='gpu', epsilon=0.0644, _clipping='10.0000', batch_size=117, _ddqn='false', lr=0.0167):
2025-06-02 12:22:06,226 - INFO - Number of available CUDA devices: 0
2025-06-02 12:22:06,227 - INFO - Starting runner
2025-06-02 12:22:06,433 - INFO - Binding arguments
2025-06-02 12:22:06,435 - INFO - Starting the runner with arguments Args(communication='pipe', port=None, input_pipe='pipes/s2p-1810076474220836', output_pipe='pipes/p2s-1810076474220836', algorithm='dqn', _device='gpu', epsilon=0.0644, _clipping='10.0000', batch_size=117, _ddqn='false', lr=0.0167):
2025-06-02 12:22:06,437 - INFO - Number of available CUDA devices: 0
2025-06-02 12:22:06,437 - INFO - Starting runner
2025-06-02 12:22:06,732 - INFO - Binding arguments
2025-06-02 12:22:06,734 - INFO - Starting the runner with arguments Args(communication='pipe', port=None, input_pipe='pipes/s2p-1810087297308311', output_pipe='pipes/p2s-1810087297308311', algorithm='dqn', _device='gpu', epsilon=0.0644, _clipping='10.0000', batch_size=117, _ddqn='false', lr=0.0167):
2025-06-02 12:22:06,735 - INFO - Number of available CUDA devices: 0
2025-06-02 12:22:06,735 - INFO - Starting runner
2025-06-02 12:22:07,316 - ERROR - Connection with remote closed
2025-06-02 12:22:07,317 - INFO - End of the program
2025-06-02 12:22:10,245 - ERROR - Connection with remote closed
2025-06-02 12:22:10,246 - INFO - End of the program
2025-06-02 12:22:10,610 - INFO - Binding arguments
2025-06-02 12:22:10,613 - INFO - Starting the runner with arguments Args(communication='pipe', port=None, input_pipe='pipes/s2p-1810094511512028', output_pipe='pipes/p2s-1810094511512028', algorithm='dqn', _device='gpu', epsilon=0.0644, _clipping='10.0000', batch_size=117, _ddqn='false', lr=0.0167):
2025-06-02 12:22:10,614 - INFO - Number of available CUDA devices: 0
2025-06-02 12:22:10,615 - INFO - Starting runner
2025-06-02 12:22:11,865 - ERROR - Connection with remote closed
2025-06-02 12:22:11,866 - INFO - End of the program
2025-06-02 12:22:11,941 - INFO - Binding arguments
2025-06-02 12:22:11,944 - INFO - Starting the runner with arguments Args(communication='pipe', port=None, input_pipe='pipes/s2p-1810094556440209', output_pipe='pipes/p2s-1810094556440209', algorithm='dqn', _device='gpu', epsilon=0.0644, _clipping='10.0000', batch_size=117, _ddqn='false', lr=0.0167):
2025-06-02 12:22:11,945 - INFO - Number of available CUDA devices: 0
2025-06-02 12:22:11,947 - INFO - Starting runner
2025-06-02 12:22:12,247 - INFO - Binding arguments
2025-06-02 12:22:12,250 - INFO - Starting the runner with arguments Args(communication='pipe', port=None, input_pipe='pipes/s2p-1810100959646240', output_pipe='pipes/p2s-1810100959646240', algorithm='dqn', _device='gpu', epsilon=0.0644, _clipping='10.0000', batch_size=117, _ddqn='false', lr=0.0167):
2025-06-02 12:22:12,251 - INFO - Number of available CUDA devices: 0
2025-06-02 12:22:12,252 - INFO - Starting runner
2025-06-02 12:22:12,455 - INFO - Binding arguments
2025-06-02 12:22:12,457 - INFO - Starting the runner with arguments Args(communication='pipe', port=None, input_pipe='pipes/s2p-1810101019466951', output_pipe='pipes/p2s-1810101019466951', algorithm='dqn', _device='gpu', epsilon=0.0644, _clipping='10.0000', batch_size=117, _ddqn='false', lr=0.0167):
2025-06-02 12:22:12,458 - INFO - Number of available CUDA devices: 0
2025-06-02 12:22:12,459 - INFO - Starting runner
2025-06-02 12:22:14,779 - ERROR - Connection with remote closed
2025-06-02 12:22:14,790 - INFO - End of the program
2025-06-02 12:22:17,870 - ERROR - Connection with remote closed
2025-06-02 12:22:17,881 - INFO - End of the program
2025-06-02 12:22:20,329 - ERROR - Connection with remote closed
2025-06-02 12:22:20,330 - INFO - End of the program
2025-06-02 12:22:22,999 - ERROR - Connection with remote closed
2025-06-02 12:22:23,001 - INFO - End of the program
2025-06-02 12:22:24,502 - ERROR - Connection with remote closed
2025-06-02 12:22:24,502 - INFO - End of the program
2025-06-02 12:22:26,755 - ERROR - Connection with remote closed
2025-06-02 12:22:26,755 - INFO - End of the program
2025-06-02 12:22:27,127 - INFO - Binding arguments
2025-06-02 12:22:27,129 - INFO - Starting the runner with arguments Args(communication='pipe', port=None, input_pipe='pipes/s2p-1810097684364577', output_pipe='pipes/p2s-1810097684364577', algorithm='dqn', _device='gpu', epsilon=0.0644, _clipping='10.0000', batch_size=117, _ddqn='false', lr=0.0167):
2025-06-02 12:22:27,131 - INFO - Number of available CUDA devices: 0
2025-06-02 12:22:27,131 - INFO - Starting runner
2025-06-02 12:22:28,264 - ERROR - Connection with remote closed
2025-06-02 12:22:28,265 - INFO - End of the program
2025-06-02 12:22:28,288 - INFO - Binding arguments
2025-06-02 12:22:28,291 - INFO - Starting the runner with arguments Args(communication='pipe', port=None, input_pipe='pipes/s2p-1810110676403569', output_pipe='pipes/p2s-1810110676403569', algorithm='dqn', _device='gpu', epsilon=0.0644, _clipping='10.0000', batch_size=117, _ddqn='false', lr=0.0167):
2025-06-02 12:22:28,292 - INFO - Number of available CUDA devices: 0
2025-06-02 12:22:28,293 - INFO - Starting runner
2025-06-02 12:22:31,418 - ERROR - Connection with remote closed
2025-06-02 12:22:31,423 - INFO - End of the program
2025-06-02 12:22:31,542 - INFO - Binding arguments
2025-06-02 12:22:31,544 - INFO - Starting the runner with arguments Args(communication='pipe', port=None, input_pipe='pipes/s2p-1810113366699758', output_pipe='pipes/p2s-1810113366699758', algorithm='dqn', _device='gpu', epsilon=0.0644, _clipping='10.0000', batch_size=117, _ddqn='false', lr=0.0167):
2025-06-02 12:22:31,546 - INFO - Number of available CUDA devices: 0
2025-06-02 12:22:31,546 - INFO - Starting runner
2025-06-02 12:22:32,976 - INFO - Binding arguments
2025-06-02 12:22:32,979 - INFO - Starting the runner with arguments Args(communication='pipe', port=None, input_pipe='pipes/s2p-1810110545639990', output_pipe='pipes/p2s-1810110545639990', algorithm='dqn', _device='gpu', epsilon=0.0644, _clipping='10.0000', batch_size=117, _ddqn='false', lr=0.0167):
2025-06-02 12:22:32,980 - ERROR - Connection with remote closed
2025-06-02 12:22:32,981 - INFO - End of the program
2025-06-02 12:22:32,992 - INFO - Number of available CUDA devices: 0
2025-06-02 12:22:32,992 - INFO - Starting runner
2025-06-02 12:22:33,291 - INFO - Binding arguments
2025-06-02 12:22:33,293 - INFO - Starting the runner with arguments Args(communication='pipe', port=None, input_pipe='pipes/s2p-1810106048704626', output_pipe='pipes/p2s-1810106048704626', algorithm='dqn', _device='gpu', epsilon=0.0644, _clipping='10.0000', batch_size=117, _ddqn='false', lr=0.0167):
2025-06-02 12:22:33,297 - INFO - Number of available CUDA devices: 0
2025-06-02 12:22:33,298 - INFO - Starting runner
2025-06-02 12:22:35,517 - ERROR - Connection with remote closed
2025-06-02 12:22:35,519 - INFO - End of the program
2025-06-02 12:22:38,400 - ERROR - Connection with remote closed
2025-06-02 12:22:38,414 - INFO - End of the program
2025-06-02 12:22:40,992 - ERROR - Connection with remote closed
2025-06-02 12:22:40,994 - INFO - End of the program
2025-06-02 12:22:41,428 - INFO - Binding arguments
2025-06-02 12:22:41,430 - INFO - Starting the runner with arguments Args(communication='pipe', port=None, input_pipe='pipes/s2p-1810122979134581', output_pipe='pipes/p2s-1810122979134581', algorithm='dqn', _device='gpu', epsilon=0.0644, _clipping='10.0000', batch_size=117, _ddqn='false', lr=0.0167):
2025-06-02 12:22:41,440 - INFO - Binding arguments
2025-06-02 12:22:41,442 - INFO - Number of available CUDA devices: 0
2025-06-02 12:22:41,443 - INFO - Starting the runner with arguments Args(communication='pipe', port=None, input_pipe='pipes/s2p-1810118931661109', output_pipe='pipes/p2s-1810118931661109', algorithm='dqn', _device='gpu', epsilon=0.0644, _clipping='10.0000', batch_size=117, _ddqn='false', lr=0.0167):
2025-06-02 12:22:41,443 - INFO - Starting runner
2025-06-02 12:22:41,445 - INFO - Number of available CUDA devices: 0
2025-06-02 12:22:41,449 - INFO - Starting runner
2025-06-02 12:22:43,413 - ERROR - Connection with remote closed
2025-06-02 12:22:43,425 - INFO - End of the program
2025-06-02 12:22:43,436 - INFO - Binding arguments
2025-06-02 12:22:43,438 - INFO - Starting the runner with arguments Args(communication='pipe', port=None, input_pipe='pipes/s2p-1810116494823038', output_pipe='pipes/p2s-1810116494823038', algorithm='dqn', _device='gpu', epsilon=0.0644, _clipping='10.0000', batch_size=117, _ddqn='false', lr=0.0167):
2025-06-02 12:22:43,441 - INFO - Number of available CUDA devices: 0
2025-06-02 12:22:43,442 - INFO - Starting runner
2025-06-02 12:22:43,458 - INFO - Binding arguments
2025-06-02 12:22:43,461 - INFO - Starting the runner with arguments Args(communication='pipe', port=None, input_pipe='pipes/s2p-1810116474257972', output_pipe='pipes/p2s-1810116474257972', algorithm='dqn', _device='gpu', epsilon=0.0644, _clipping='10.0000', batch_size=117, _ddqn='false', lr=0.0167):
2025-06-02 12:22:43,463 - INFO - Number of available CUDA devices: 0
2025-06-02 12:22:43,464 - INFO - Starting runner
2025-06-02 12:22:43,636 - INFO - Binding arguments
2025-06-02 12:22:43,639 - INFO - Starting the runner with arguments Args(communication='pipe', port=None, input_pipe='pipes/s2p-1810119210274741', output_pipe='pipes/p2s-1810119210274741', algorithm='dqn', _device='gpu', epsilon=0.0644, _clipping='10.0000', batch_size=117, _ddqn='false', lr=0.0167):
2025-06-02 12:22:43,642 - INFO - Number of available CUDA devices: 0
2025-06-02 12:22:43,642 - INFO - Starting runner
2025-06-02 12:22:45,992 - ERROR - Connection with remote closed
2025-06-02 12:22:45,993 - INFO - End of the program
2025-06-02 12:22:46,713 - INFO - Binding arguments
2025-06-02 12:22:46,715 - INFO - Starting the runner with arguments Args(communication='pipe', port=None, input_pipe='pipes/s2p-1810127210716008', output_pipe='pipes/p2s-1810127210716008', algorithm='dqn', _device='gpu', epsilon=0.0644, _clipping='10.0000', batch_size=117, _ddqn='false', lr=0.0167):
2025-06-02 12:22:46,717 - INFO - Number of available CUDA devices: 0
2025-06-02 12:22:46,727 - INFO - Starting runner
2025-06-02 12:22:47,540 - ERROR - Connection with remote closed
2025-06-02 12:22:47,545 - INFO - End of the program
2025-06-02 12:22:47,680 - INFO - Binding arguments
2025-06-02 12:22:47,682 - INFO - Starting the runner with arguments Args(communication='pipe', port=None, input_pipe='pipes/s2p-1810131616543094', output_pipe='pipes/p2s-1810131616543094', algorithm='dqn', _device='gpu', epsilon=0.0644, _clipping='10.0000', batch_size=117, _ddqn='false', lr=0.0167):
2025-06-02 12:22:47,683 - INFO - Number of available CUDA devices: 0
2025-06-02 12:22:47,684 - INFO - Starting runner
2025-06-02 12:22:48,162 - INFO - Binding arguments
2025-06-02 12:22:51,066 - INFO - Starting the runner with arguments Args(communication='pipe', port=None, input_pipe='pipes/s2p-1810118941528232', output_pipe='pipes/p2s-1810118941528232', algorithm='dqn', _device='gpu', epsilon=0.0644, _clipping='10.0000', batch_size=117, _ddqn='false', lr=0.0167):
2025-06-02 12:22:51,079 - ERROR - Connection with remote closed
2025-06-02 12:22:51,080 - INFO - End of the program
2025-06-02 12:22:51,091 - INFO - Number of available CUDA devices: 0
2025-06-02 12:22:51,093 - INFO - Starting runner
2025-06-02 12:22:53,487 - ERROR - Connection with remote closed
2025-06-02 12:22:53,495 - INFO - End of the program
2025-06-02 12:22:55,889 - ERROR - Connection with remote closed
2025-06-02 12:22:55,890 - INFO - End of the program
2025-06-02 12:22:56,953 - INFO - Binding arguments
2025-06-02 12:22:56,953 - INFO - Binding arguments
2025-06-02 12:22:56,955 - INFO - Starting the runner with arguments Args(communication='pipe', port=None, input_pipe='pipes/s2p-1810131683541250', output_pipe='pipes/p2s-1810131683541250', algorithm='dqn', _device='gpu', epsilon=0.0644, _clipping='10.0000', batch_size=117, _ddqn='false', lr=0.0167):
2025-06-02 12:22:56,955 - INFO - Starting the runner with arguments Args(communication='pipe', port=None, input_pipe='pipes/s2p-1810131624799091', output_pipe='pipes/p2s-1810131624799091', algorithm='dqn', _device='gpu', epsilon=0.0644, _clipping='10.0000', batch_size=117, _ddqn='false', lr=0.0167):
2025-06-02 12:22:56,957 - INFO - Number of available CUDA devices: 0
2025-06-02 12:22:56,957 - INFO - Number of available CUDA devices: 0
2025-06-02 12:22:56,957 - INFO - Starting runner
2025-06-02 12:22:56,957 - INFO - Starting runner
2025-06-02 12:22:57,401 - ERROR - Connection with remote closed
2025-06-02 12:22:57,405 - INFO - End of the program
2025-06-02 12:22:58,023 - INFO - Binding arguments
2025-06-02 12:22:58,025 - INFO - Starting the runner with arguments Args(communication='pipe', port=None, input_pipe='pipes/s2p-1810137282598827', output_pipe='pipes/p2s-1810137282598827', algorithm='dqn', _device='gpu', epsilon=0.0644, _clipping='10.0000', batch_size=117, _ddqn='false', lr=0.0167):
2025-06-02 12:22:58,025 - INFO - Binding arguments
2025-06-02 12:22:58,027 - INFO - Number of available CUDA devices: 0
2025-06-02 12:22:58,027 - INFO - Starting runner
2025-06-02 12:22:58,028 - INFO - Starting the runner with arguments Args(communication='pipe', port=None, input_pipe='pipes/s2p-1810145576936946', output_pipe='pipes/p2s-1810145576936946', algorithm='dqn', _device='gpu', epsilon=0.0644, _clipping='10.0000', batch_size=117, _ddqn='false', lr=0.0167):
2025-06-02 12:22:58,033 - INFO - Number of available CUDA devices: 0
2025-06-02 12:22:58,035 - INFO - Starting runner
2025-06-02 12:23:00,798 - ERROR - Connection with remote closed
2025-06-02 12:23:00,799 - INFO - End of the program
2025-06-02 12:22:58,255 - INFO - Binding arguments
2025-06-02 12:23:02,336 - INFO - Starting the runner with arguments Args(communication='pipe', port=None, input_pipe='pipes/s2p-1810123260635541', output_pipe='pipes/p2s-1810123260635541', algorithm='dqn', _device='gpu', epsilon=0.0644, _clipping='10.0000', batch_size=117, _ddqn='false', lr=0.0167):
2025-06-02 12:23:02,339 - INFO - Number of available CUDA devices: 0
2025-06-02 12:23:02,340 - INFO - Starting runner
2025-06-02 12:23:02,394 - ERROR - Connection with remote closed
2025-06-02 12:23:02,395 - INFO - End of the program
2025-06-02 12:23:02,668 - INFO - Binding arguments
2025-06-02 12:23:02,671 - INFO - Starting the runner with arguments Args(communication='pipe', port=None, input_pipe='pipes/s2p-1810130622747580', output_pipe='pipes/p2s-1810130622747580', algorithm='dqn', _device='gpu', epsilon=0.0644, _clipping='10.0000', batch_size=117, _ddqn='false', lr=0.0167):
2025-06-02 12:23:02,673 - INFO - Number of available CUDA devices: 0
2025-06-02 12:23:02,673 - INFO - Starting runner
2025-06-02 12:23:02,731 - INFO - Binding arguments
2025-06-02 12:23:02,735 - INFO - Starting the runner with arguments Args(communication='pipe', port=None, input_pipe='pipes/s2p-1810146063727896', output_pipe='pipes/p2s-1810146063727896', algorithm='dqn', _device='gpu', epsilon=0.0644, _clipping='10.0000', batch_size=117, _ddqn='false', lr=0.0167):
2025-06-02 12:23:02,736 - INFO - Number of available CUDA devices: 0
2025-06-02 12:23:02,736 - INFO - Starting runner
2025-06-02 12:23:03,004 - INFO - Binding arguments
2025-06-02 12:23:03,006 - INFO - Starting the runner with arguments Args(communication='pipe', port=None, input_pipe='pipes/s2p-1810146540773479', output_pipe='pipes/p2s-1810146540773479', algorithm='dqn', _device='gpu', epsilon=0.0644, _clipping='10.0000', batch_size=117, _ddqn='false', lr=0.0167):
2025-06-02 12:23:03,008 - INFO - Number of available CUDA devices: 0
2025-06-02 12:23:03,008 - INFO - Starting runner
2025-06-02 12:23:03,030 - INFO - Binding arguments
2025-06-02 12:23:03,032 - INFO - Starting the runner with arguments Args(communication='pipe', port=None, input_pipe='pipes/s2p-1810155475738294', output_pipe='pipes/p2s-1810155475738294', algorithm='dqn', _device='gpu', epsilon=0.0644, _clipping='10.0000', batch_size=117, _ddqn='false', lr=0.0167):
2025-06-02 12:23:03,033 - INFO - Number of available CUDA devices: 0
2025-06-02 12:23:03,033 - INFO - Starting runner
2025-06-02 12:23:05,382 - ERROR - Connection with remote closed
2025-06-02 12:23:05,384 - INFO - End of the program
2025-06-02 12:23:06,996 - ERROR - Connection with remote closed
2025-06-02 12:23:06,997 - INFO - End of the program
2025-06-02 12:23:07,250 - INFO - Binding arguments
2025-06-02 12:23:07,252 - INFO - Starting the runner with arguments Args(communication='pipe', port=None, input_pipe='pipes/s2p-1810152086045254', output_pipe='pipes/p2s-1810152086045254', algorithm='dqn', _device='gpu', epsilon=0.0644, _clipping='10.0000', batch_size=117, _ddqn='false', lr=0.0167):
2025-06-02 12:23:07,263 - INFO - Number of available CUDA devices: 0
2025-06-02 12:23:07,268 - INFO - Starting runner
2025-06-02 12:23:09,942 - ERROR - Connection with remote closed
2025-06-02 12:23:10,032 - INFO - End of the program
2025-06-02 12:23:12,473 - ERROR - Connection with remote closed
2025-06-02 12:23:12,509 - INFO - End of the program
2025-06-02 12:23:12,739 - INFO - Binding arguments
2025-06-02 12:23:12,741 - INFO - Starting the runner with arguments Args(communication='pipe', port=None, input_pipe='pipes/s2p-1810142232761259', output_pipe='pipes/p2s-1810142232761259', algorithm='dqn', _device='gpu', epsilon=0.0644, _clipping='10.0000', batch_size=117, _ddqn='false', lr=0.0167):
2025-06-02 12:23:12,744 - INFO - Number of available CUDA devices: 0
2025-06-02 12:23:12,745 - INFO - Starting runner
2025-06-02 12:23:14,877 - ERROR - Connection with remote closed
2025-06-02 12:23:14,890 - INFO - End of the program
2025-06-02 12:23:17,310 - ERROR - Connection with remote closed
2025-06-02 12:23:17,316 - INFO - End of the program
2025-06-02 12:23:20,079 - ERROR - Connection with remote closed
2025-06-02 12:23:20,080 - INFO - End of the program
2025-06-02 12:23:20,264 - INFO - Binding arguments
2025-06-02 12:23:20,267 - INFO - Starting the runner with arguments Args(communication='pipe', port=None, input_pipe='pipes/s2p-1810155086283829', output_pipe='pipes/p2s-1810155086283829', algorithm='dqn', _device='gpu', epsilon=0.0644, _clipping='10.0000', batch_size=117, _ddqn='false', lr=0.0167):
2025-06-02 12:23:20,270 - INFO - Number of available CUDA devices: 0
2025-06-02 12:23:20,271 - INFO - Starting runner
2025-06-02 12:23:22,614 - ERROR - Connection with remote closed
2025-06-02 12:23:22,615 - INFO - End of the program
2025-06-02 12:23:25,240 - ERROR - Connection with remote closed
2025-06-02 12:23:25,242 - INFO - End of the program
2025-06-02 12:23:27,814 - ERROR - Connection with remote closed
2025-06-02 12:23:27,816 - INFO - End of the program
2025-06-02 12:23:29,367 - ERROR - Connection with remote closed
2025-06-02 12:23:29,368 - INFO - End of the program
2025-06-02 12:23:32,006 - ERROR - Connection with remote closed
2025-06-02 12:23:32,007 - INFO - End of the program
2025-06-02 12:23:32,976 - INFO - Binding arguments
2025-06-02 12:23:32,978 - INFO - Starting the runner with arguments Args(communication='pipe', port=None, input_pipe='pipes/s2p-1810165794452045', output_pipe='pipes/p2s-1810165794452045', algorithm='dqn', _device='gpu', epsilon=0.0644, _clipping='10.0000', batch_size=117, _ddqn='false', lr=0.0167):
2025-06-02 12:23:32,980 - INFO - Number of available CUDA devices: 0
2025-06-02 12:23:32,981 - INFO - Starting runner
2025-06-02 12:23:33,571 - ERROR - Connection with remote closed
2025-06-02 12:23:33,572 - INFO - End of the program
2025-06-02 12:23:33,686 - INFO - Binding arguments
2025-06-02 12:23:33,688 - INFO - Starting the runner with arguments Args(communication='pipe', port=None, input_pipe='pipes/s2p-1810176226541833', output_pipe='pipes/p2s-1810176226541833', algorithm='dqn', _device='gpu', epsilon=0.0644, _clipping='10.0000', batch_size=117, _ddqn='false', lr=0.0167):
2025-06-02 12:23:33,690 - INFO - Number of available CUDA devices: 0
2025-06-02 12:23:33,691 - INFO - Starting runner
2025-06-02 12:23:33,827 - INFO - Binding arguments
2025-06-02 12:23:33,829 - INFO - Starting the runner with arguments Args(communication='pipe', port=None, input_pipe='pipes/s2p-1810156515205355', output_pipe='pipes/p2s-1810156515205355', algorithm='dqn', _device='gpu', epsilon=0.0644, _clipping='10.0000', batch_size=117, _ddqn='false', lr=0.0167):
2025-06-02 12:23:33,830 - INFO - Number of available CUDA devices: 0
2025-06-02 12:23:33,830 - INFO - Starting runner
2025-06-02 12:23:33,915 - INFO - Binding arguments
2025-06-02 12:23:33,918 - INFO - Starting the runner with arguments Args(communication='pipe', port=None, input_pipe='pipes/s2p-1810160936240865', output_pipe='pipes/p2s-1810160936240865', algorithm='dqn', _device='gpu', epsilon=0.0644, _clipping='10.0000', batch_size=117, _ddqn='false', lr=0.0167):
2025-06-02 12:23:33,920 - INFO - Number of available CUDA devices: 0
2025-06-02 12:23:33,920 - INFO - Starting runner
2025-06-02 12:23:36,708 - ERROR - Connection with remote closed
2025-06-02 12:23:36,733 - INFO - End of the program
2025-06-02 12:23:39,246 - ERROR - Connection with remote closed
2025-06-02 12:23:39,247 - INFO - End of the program
2025-06-02 12:23:39,691 - INFO - Binding arguments
2025-06-02 12:23:39,693 - INFO - Starting the runner with arguments Args(communication='pipe', port=None, input_pipe='pipes/s2p-1810166031130895', output_pipe='pipes/p2s-1810166031130895', algorithm='dqn', _device='gpu', epsilon=0.0644, _clipping='10.0000', batch_size=117, _ddqn='false', lr=0.0167):
2025-06-02 12:23:39,696 - INFO - Number of available CUDA devices: 0
2025-06-02 12:23:39,697 - INFO - Starting runner
2025-06-02 12:23:40,823 - ERROR - Connection with remote closed
2025-06-02 12:23:40,824 - INFO - End of the program
2025-06-02 12:23:41,144 - INFO - Binding arguments
2025-06-02 12:23:41,146 - INFO - Starting the runner with arguments Args(communication='pipe', port=None, input_pipe='pipes/s2p-1810178800812164', output_pipe='pipes/p2s-1810178800812164', algorithm='dqn', _device='gpu', epsilon=0.0644, _clipping='10.0000', batch_size=117, _ddqn='false', lr=0.0167):
2025-06-02 12:23:41,154 - INFO - Number of available CUDA devices: 0
2025-06-02 12:23:41,155 - INFO - Starting runner
2025-06-02 12:23:43,687 - ERROR - Connection with remote closed
2025-06-02 12:23:43,688 - INFO - End of the program
2025-06-02 12:23:46,226 - ERROR - Connection with remote closed
2025-06-02 12:23:46,237 - INFO - End of the program
2025-06-02 12:23:49,264 - ERROR - Connection with remote closed
2025-06-02 12:23:49,266 - INFO - End of the program
2025-06-02 12:23:49,286 - INFO - Binding arguments
2025-06-02 12:23:49,289 - INFO - Starting the runner with arguments Args(communication='pipe', port=None, input_pipe='pipes/s2p-1810173533329789', output_pipe='pipes/p2s-1810173533329789', algorithm='dqn', _device='gpu', epsilon=0.0644, _clipping='10.0000', batch_size=117, _ddqn='false', lr=0.0167):
2025-06-02 12:23:49,303 - INFO - Number of available CUDA devices: 0
2025-06-02 12:23:49,304 - INFO - Starting runner
2025-06-02 12:23:49,381 - INFO - Binding arguments
2025-06-02 12:23:49,384 - INFO - Starting the runner with arguments Args(communication='pipe', port=None, input_pipe='pipes/s2p-1810173460680453', output_pipe='pipes/p2s-1810173460680453', algorithm='dqn', _device='gpu', epsilon=0.0644, _clipping='10.0000', batch_size=117, _ddqn='false', lr=0.0167):
2025-06-02 12:23:49,386 - INFO - Number of available CUDA devices: 0
2025-06-02 12:23:49,386 - INFO - Starting runner
2025-06-02 12:23:50,752 - INFO - Binding arguments
2025-06-02 12:23:50,755 - INFO - Starting the runner with arguments Args(communication='pipe', port=None, input_pipe='pipes/s2p-1810188477926598', output_pipe='pipes/p2s-1810188477926598', algorithm='dqn', _device='gpu', epsilon=0.0644, _clipping='10.0000', batch_size=117, _ddqn='false', lr=0.0167):
2025-06-02 12:23:50,757 - INFO - Number of available CUDA devices: 0
2025-06-02 12:23:50,758 - INFO - Starting runner
2025-06-02 12:23:50,777 - ERROR - Connection with remote closed
2025-06-02 12:23:50,778 - INFO - End of the program
2025-06-02 12:23:50,856 - INFO - Binding arguments
2025-06-02 12:23:50,858 - INFO - Starting the runner with arguments Args(communication='pipe', port=None, input_pipe='pipes/s2p-1810192382619880', output_pipe='pipes/p2s-1810192382619880', algorithm='dqn', _device='gpu', epsilon=0.0644, _clipping='10.0000', batch_size=117, _ddqn='false', lr=0.0167):
2025-06-02 12:23:50,867 - INFO - Number of available CUDA devices: 0
2025-06-02 12:23:50,867 - INFO - Starting runner
2025-06-02 12:23:51,114 - INFO - Binding arguments
2025-06-02 12:23:51,116 - INFO - Starting the runner with arguments Args(communication='pipe', port=None, input_pipe='pipes/s2p-1810192345878275', output_pipe='pipes/p2s-1810192345878275', algorithm='dqn', _device='gpu', epsilon=0.0644, _clipping='10.0000', batch_size=117, _ddqn='false', lr=0.0167):
2025-06-02 12:23:51,118 - INFO - Number of available CUDA devices: 0
2025-06-02 12:23:51,118 - INFO - Starting runner
2025-06-02 12:23:53,601 - ERROR - Connection with remote closed
2025-06-02 12:23:53,605 - INFO - End of the program
2025-06-02 12:23:53,808 - INFO - Binding arguments
2025-06-02 12:23:53,811 - INFO - Starting the runner with arguments Args(communication='pipe', port=None, input_pipe='pipes/s2p-1810181164269633', output_pipe='pipes/p2s-1810181164269633', algorithm='dqn', _device='gpu', epsilon=0.0644, _clipping='10.0000', batch_size=117, _ddqn='false', lr=0.0167):
2025-06-02 12:23:53,816 - INFO - Number of available CUDA devices: 0
2025-06-02 12:23:53,817 - INFO - Starting runner
2025-06-02 12:23:56,194 - ERROR - Connection with remote closed
2025-06-02 12:23:56,196 - INFO - End of the program
2025-06-02 12:23:57,717 - ERROR - Connection with remote closed
2025-06-02 12:23:57,718 - INFO - End of the program
2025-06-02 12:23:58,319 - INFO - Binding arguments
2025-06-02 12:23:58,323 - INFO - Starting the runner with arguments Args(communication='pipe', port=None, input_pipe='pipes/s2p-1810208487478321', output_pipe='pipes/p2s-1810208487478321', algorithm='dqn', _device='gpu', epsilon=0.0644, _clipping='10.0000', batch_size=117, _ddqn='false', lr=0.0167):
2025-06-02 12:23:58,324 - INFO - Number of available CUDA devices: 0
2025-06-02 12:23:58,324 - INFO - Starting runner
2025-06-02 12:24:00,764 - ERROR - Connection with remote closed
2025-06-02 12:24:00,765 - INFO - End of the program
2025-06-02 12:24:01,929 - INFO - Binding arguments
2025-06-02 12:24:01,931 - INFO - Starting the runner with arguments Args(communication='pipe', port=None, input_pipe='pipes/s2p-1810202171888230', output_pipe='pipes/p2s-1810202171888230', algorithm='dqn', _device='gpu', epsilon=0.0644, _clipping='10.0000', batch_size=117, _ddqn='false', lr=0.0167):
2025-06-02 12:24:02,293 - INFO - Number of available CUDA devices: 0
2025-06-02 12:24:02,296 - INFO - Starting runner
2025-06-02 12:24:02,362 - ERROR - Connection with remote closed
2025-06-02 12:24:02,363 - INFO - End of the program
2025-06-02 12:24:02,973 - INFO - Binding arguments
2025-06-02 12:24:02,975 - INFO - Starting the runner with arguments Args(communication='pipe', port=None, input_pipe='pipes/s2p-1810199267436899', output_pipe='pipes/p2s-1810199267436899', algorithm='dqn', _device='gpu', epsilon=0.0644, _clipping='10.0000', batch_size=117, _ddqn='false', lr=0.0167):
2025-06-02 12:24:02,977 - INFO - Number of available CUDA devices: 0
2025-06-02 12:24:02,977 - INFO - Starting runner
2025-06-02 12:24:05,538 - ERROR - Connection with remote closed
2025-06-02 12:24:05,545 - INFO - End of the program
2025-06-02 12:24:07,967 - ERROR - Connection with remote closed
2025-06-02 12:24:07,969 - INFO - End of the program
2025-06-02 12:24:08,140 - INFO - Binding arguments
2025-06-02 12:24:08,143 - INFO - Starting the runner with arguments Args(communication='pipe', port=None, input_pipe='pipes/s2p-1810202355143965', output_pipe='pipes/p2s-1810202355143965', algorithm='dqn', _device='gpu', epsilon=0.0644, _clipping='10.0000', batch_size=117, _ddqn='false', lr=0.0167):
2025-06-02 12:24:08,145 - INFO - Number of available CUDA devices: 0
2025-06-02 12:24:08,146 - INFO - Starting runner
2025-06-02 12:24:10,629 - ERROR - Connection with remote closed
2025-06-02 12:24:10,631 - INFO - End of the program
2025-06-02 12:24:10,666 - INFO - Binding arguments
2025-06-02 12:24:10,669 - INFO - Starting the runner with arguments Args(communication='pipe', port=None, input_pipe='pipes/s2p-1810208308534153', output_pipe='pipes/p2s-1810208308534153', algorithm='dqn', _device='gpu', epsilon=0.0644, _clipping='10.0000', batch_size=117, _ddqn='false', lr=0.0167):
2025-06-02 12:24:10,671 - INFO - Number of available CUDA devices: 0
2025-06-02 12:24:10,672 - INFO - Starting runner
2025-06-02 12:24:10,848 - INFO - Binding arguments
2025-06-02 12:24:10,851 - INFO - Starting the runner with arguments Args(communication='pipe', port=None, input_pipe='pipes/s2p-1810205017718469', output_pipe='pipes/p2s-1810205017718469', algorithm='dqn', _device='gpu', epsilon=0.0644, _clipping='10.0000', batch_size=117, _ddqn='false', lr=0.0167):
2025-06-02 12:24:10,854 - INFO - Number of available CUDA devices: 0
2025-06-02 12:24:10,855 - INFO - Starting runner
2025-06-02 12:24:10,890 - INFO - Binding arguments
2025-06-02 12:24:10,893 - INFO - Starting the runner with arguments Args(communication='pipe', port=None, input_pipe='pipes/s2p-1810209254501024', output_pipe='pipes/p2s-1810209254501024', algorithm='dqn', _device='gpu', epsilon=0.0644, _clipping='10.0000', batch_size=117, _ddqn='false', lr=0.0167):
2025-06-02 12:24:10,894 - INFO - Number of available CUDA devices: 0
2025-06-02 12:24:10,895 - INFO - Starting runner
2025-06-02 12:24:13,046 - ERROR - Connection with remote closed
2025-06-02 12:24:13,047 - INFO - End of the program
2025-06-02 12:24:13,493 - INFO - Binding arguments
2025-06-02 12:24:13,495 - INFO - Starting the runner with arguments Args(communication='pipe', port=None, input_pipe='pipes/s2p-1810209596566131', output_pipe='pipes/p2s-1810209596566131', algorithm='dqn', _device='gpu', epsilon=0.0644, _clipping='10.0000', batch_size=117, _ddqn='false', lr=0.0167):
2025-06-02 12:24:13,497 - INFO - Number of available CUDA devices: 0
2025-06-02 12:24:13,497 - INFO - Starting runner
2025-06-02 12:24:13,550 - INFO - Binding arguments
2025-06-02 12:24:13,552 - INFO - Starting the runner with arguments Args(communication='pipe', port=None, input_pipe='pipes/s2p-1810209743494833', output_pipe='pipes/p2s-1810209743494833', algorithm='dqn', _device='gpu', epsilon=0.0644, _clipping='10.0000', batch_size=117, _ddqn='false', lr=0.0167):
2025-06-02 12:24:13,553 - INFO - Number of available CUDA devices: 0
2025-06-02 12:24:13,554 - INFO - Starting runner
2025-06-02 12:24:14,609 - ERROR - Connection with remote closed
2025-06-02 12:24:14,610 - INFO - End of the program
2025-06-02 12:24:15,077 - INFO - Binding arguments
2025-06-02 12:24:15,079 - INFO - Starting the runner with arguments Args(communication='pipe', port=None, input_pipe='pipes/s2p-1810215548472965', output_pipe='pipes/p2s-1810215548472965', algorithm='dqn', _device='gpu', epsilon=0.0644, _clipping='10.0000', batch_size=117, _ddqn='false', lr=0.0167):
2025-06-02 12:24:15,081 - INFO - Number of available CUDA devices: 0
2025-06-02 12:24:15,082 - INFO - Starting runner
2025-06-02 12:24:15,297 - INFO - Binding arguments
2025-06-02 12:24:15,300 - INFO - Starting the runner with arguments Args(communication='pipe', port=None, input_pipe='pipes/s2p-1810209709337841', output_pipe='pipes/p2s-1810209709337841', algorithm='dqn', _device='gpu', epsilon=0.0644, _clipping='10.0000', batch_size=117, _ddqn='false', lr=0.0167):
2025-06-02 12:24:15,306 - INFO - Number of available CUDA devices: 0
2025-06-02 12:24:15,317 - INFO - Starting runner
2025-06-02 12:24:15,336 - INFO - Binding arguments
2025-06-02 12:24:15,339 - INFO - Starting the runner with arguments Args(communication='pipe', port=None, input_pipe='pipes/s2p-1810215520219570', output_pipe='pipes/p2s-1810215520219570', algorithm='dqn', _device='gpu', epsilon=0.0644, _clipping='10.0000', batch_size=117, _ddqn='false', lr=0.0167):
2025-06-02 12:24:17,656 - ERROR - Connection with remote closed
2025-06-02 12:24:17,658 - INFO - End of the program
2025-06-02 12:24:19,255 - INFO - Number of available CUDA devices: 0
2025-06-02 12:24:19,257 - INFO - Starting runner
2025-06-02 12:24:19,287 - ERROR - Connection with remote closed
2025-06-02 12:24:19,288 - INFO - End of the program
2025-06-02 12:24:22,455 - ERROR - Connection with remote closed
2025-06-02 12:24:22,457 - INFO - End of the program
2025-06-02 12:24:23,041 - INFO - Binding arguments
2025-06-02 12:24:23,043 - INFO - Starting the runner with arguments Args(communication='pipe', port=None, input_pipe='pipes/s2p-1810216585397929', output_pipe='pipes/p2s-1810216585397929', algorithm='dqn', _device='gpu', epsilon=0.0644, _clipping='10.0000', batch_size=117, _ddqn='false', lr=0.0167):
2025-06-02 12:24:23,045 - INFO - Number of available CUDA devices: 0
2025-06-02 12:24:23,045 - INFO - Starting runner
2025-06-02 12:24:23,215 - INFO - Binding arguments
2025-06-02 12:24:23,217 - INFO - Starting the runner with arguments Args(communication='pipe', port=None, input_pipe='pipes/s2p-1810220999125703', output_pipe='pipes/p2s-1810220999125703', algorithm='dqn', _device='gpu', epsilon=0.0644, _clipping='10.0000', batch_size=117, _ddqn='false', lr=0.0167):
2025-06-02 12:24:23,218 - INFO - Number of available CUDA devices: 0
2025-06-02 12:24:23,218 - INFO - Starting runner
2025-06-02 12:24:23,700 - INFO - Binding arguments
2025-06-02 12:24:23,702 - INFO - Starting the runner with arguments Args(communication='pipe', port=None, input_pipe='pipes/s2p-1810226647060218', output_pipe='pipes/p2s-1810226647060218', algorithm='dqn', _device='gpu', epsilon=0.0644, _clipping='10.0000', batch_size=117, _ddqn='false', lr=0.0167):
2025-06-02 12:24:24,019 - INFO - Number of available CUDA devices: 0
2025-06-02 12:24:24,021 - INFO - Starting runner
2025-06-02 12:24:24,078 - ERROR - Connection with remote closed
2025-06-02 12:24:24,079 - INFO - End of the program
2025-06-02 12:24:24,272 - INFO - Binding arguments
2025-06-02 12:24:24,274 - INFO - Starting the runner with arguments Args(communication='pipe', port=None, input_pipe='pipes/s2p-1810216281734736', output_pipe='pipes/p2s-1810216281734736', algorithm='dqn', _device='gpu', epsilon=0.0644, _clipping='10.0000', batch_size=117, _ddqn='false', lr=0.0167):
2025-06-02 12:24:24,277 - INFO - Number of available CUDA devices: 0
2025-06-02 12:24:24,278 - INFO - Starting runner
2025-06-02 12:24:26,706 - ERROR - Connection with remote closed
2025-06-02 12:24:26,708 - INFO - End of the program
2025-06-02 12:24:27,604 - INFO - Binding arguments
2025-06-02 12:24:27,607 - INFO - Starting the runner with arguments Args(communication='pipe', port=None, input_pipe='pipes/s2p-1810226752697353', output_pipe='pipes/p2s-1810226752697353', algorithm='dqn', _device='gpu', epsilon=0.0644, _clipping='10.0000', batch_size=117, _ddqn='false', lr=0.0167):
2025-06-02 12:24:27,608 - INFO - Number of available CUDA devices: 0
2025-06-02 12:24:27,610 - INFO - Starting runner
2025-06-02 12:24:28,110 - INFO - Binding arguments
2025-06-02 12:24:28,112 - INFO - Starting the runner with arguments Args(communication='pipe', port=None, input_pipe='pipes/s2p-1810233109111222', output_pipe='pipes/p2s-1810233109111222', algorithm='dqn', _device='gpu', epsilon=0.0644, _clipping='10.0000', batch_size=117, _ddqn='false', lr=0.0167):
2025-06-02 12:24:28,114 - INFO - Number of available CUDA devices: 0
2025-06-02 12:24:28,114 - INFO - Starting runner
2025-06-02 12:24:28,248 - ERROR - Connection with remote closed
2025-06-02 12:24:28,249 - INFO - End of the program
2025-06-02 12:24:28,341 - INFO - Binding arguments
2025-06-02 12:24:28,343 - INFO - Starting the runner with arguments Args(communication='pipe', port=None, input_pipe='pipes/s2p-1810220962077775', output_pipe='pipes/p2s-1810220962077775', algorithm='dqn', _device='gpu', epsilon=0.0644, _clipping='10.0000', batch_size=117, _ddqn='false', lr=0.0167):
2025-06-02 12:24:28,345 - INFO - Number of available CUDA devices: 0
2025-06-02 12:24:28,345 - INFO - Starting runner
2025-06-02 12:24:28,593 - INFO - Binding arguments
2025-06-02 12:24:28,595 - INFO - Starting the runner with arguments Args(communication='pipe', port=None, input_pipe='pipes/s2p-1810233337900117', output_pipe='pipes/p2s-1810233337900117', algorithm='dqn', _device='gpu', epsilon=0.0644, _clipping='10.0000', batch_size=117, _ddqn='false', lr=0.0167):
2025-06-02 12:24:28,601 - INFO - Number of available CUDA devices: 0
2025-06-02 12:24:28,602 - INFO - Starting runner
2025-06-02 12:24:28,831 - INFO - Binding arguments
2025-06-02 12:24:28,835 - INFO - Starting the runner with arguments Args(communication='pipe', port=None, input_pipe='pipes/s2p-1810237710051332', output_pipe='pipes/p2s-1810237710051332', algorithm='dqn', _device='gpu', epsilon=0.0644, _clipping='10.0000', batch_size=117, _ddqn='false', lr=0.0167):
2025-06-02 12:24:28,838 - INFO - Number of available CUDA devices: 0
2025-06-02 12:24:28,839 - INFO - Starting runner
2025-06-02 12:24:31,210 - ERROR - Connection with remote closed
2025-06-02 12:24:31,211 - INFO - End of the program
2025-06-02 12:24:32,390 - INFO - Binding arguments
2025-06-02 12:24:32,392 - INFO - Starting the runner with arguments Args(communication='pipe', port=None, input_pipe='pipes/s2p-1810233290166228', output_pipe='pipes/p2s-1810233290166228', algorithm='dqn', _device='gpu', epsilon=0.0644, _clipping='10.0000', batch_size=117, _ddqn='false', lr=0.0167):
2025-06-02 12:24:32,394 - INFO - Number of available CUDA devices: 0
2025-06-02 12:24:32,394 - INFO - Starting runner
2025-06-02 12:24:32,723 - ERROR - Connection with remote closed
2025-06-02 12:24:32,723 - INFO - End of the program
2025-06-02 12:24:36,078 - ERROR - Connection with remote closed
2025-06-02 12:24:36,079 - INFO - End of the program
2025-06-02 12:24:38,808 - ERROR - Connection with remote closed
2025-06-02 12:24:38,809 - INFO - End of the program
2025-06-02 12:24:41,610 - ERROR - Connection with remote closed
2025-06-02 12:24:41,611 - INFO - End of the program
2025-06-02 12:24:42,245 - INFO - Binding arguments
2025-06-02 12:24:42,248 - INFO - Starting the runner with arguments Args(communication='pipe', port=None, input_pipe='pipes/s2p-1810233339197508', output_pipe='pipes/p2s-1810233339197508', algorithm='dqn', _device='gpu', epsilon=0.0644, _clipping='10.0000', batch_size=117, _ddqn='false', lr=0.0167):
2025-06-02 12:24:42,249 - INFO - Number of available CUDA devices: 0
2025-06-02 12:24:42,250 - INFO - Starting runner
2025-06-02 12:24:42,276 - INFO - Binding arguments
2025-06-02 12:24:42,279 - INFO - Starting the runner with arguments Args(communication='pipe', port=None, input_pipe='pipes/s2p-1810241963930012', output_pipe='pipes/p2s-1810241963930012', algorithm='dqn', _device='gpu', epsilon=0.0644, _clipping='10.0000', batch_size=117, _ddqn='false', lr=0.0167):
2025-06-02 12:24:42,281 - INFO - Number of available CUDA devices: 0
2025-06-02 12:24:42,281 - INFO - Starting runner
2025-06-02 12:24:43,216 - ERROR - Connection with remote closed
2025-06-02 12:24:43,217 - INFO - End of the program
2025-06-02 12:24:43,218 - INFO - Binding arguments
2025-06-02 12:24:43,221 - INFO - Starting the runner with arguments Args(communication='pipe', port=None, input_pipe='pipes/s2p-1810246776258947', output_pipe='pipes/p2s-1810246776258947', algorithm='dqn', _device='gpu', epsilon=0.0644, _clipping='10.0000', batch_size=117, _ddqn='false', lr=0.0167):
2025-06-02 12:24:43,223 - INFO - Number of available CUDA devices: 0
2025-06-02 12:24:43,224 - INFO - Starting runner
2025-06-02 12:24:46,575 - ERROR - Connection with remote closed
2025-06-02 12:24:46,592 - INFO - End of the program
2025-06-02 12:24:49,495 - ERROR - Connection with remote closed
2025-06-02 12:24:49,496 - INFO - End of the program
2025-06-02 12:24:49,638 - INFO - Binding arguments
2025-06-02 12:24:49,641 - INFO - Starting the runner with arguments Args(communication='pipe', port=None, input_pipe='pipes/s2p-1810241697066192', output_pipe='pipes/p2s-1810241697066192', algorithm='dqn', _device='gpu', epsilon=0.0644, _clipping='10.0000', batch_size=117, _ddqn='false', lr=0.0167):
2025-06-02 12:24:49,645 - INFO - Number of available CUDA devices: 0
2025-06-02 12:24:49,646 - INFO - Starting runner
2025-06-02 12:24:51,886 - ERROR - Connection with remote closed
2025-06-02 12:24:51,887 - INFO - End of the program
2025-06-02 12:24:54,910 - ERROR - Connection with remote closed
2025-06-02 12:24:54,941 - INFO - End of the program
2025-06-02 12:24:55,421 - INFO - Binding arguments
2025-06-02 12:24:55,423 - INFO - Starting the runner with arguments Args(communication='pipe', port=None, input_pipe='pipes/s2p-1810247235671492', output_pipe='pipes/p2s-1810247235671492', algorithm='dqn', _device='gpu', epsilon=0.0644, _clipping='10.0000', batch_size=117, _ddqn='false', lr=0.0167):
2025-06-02 12:24:55,425 - INFO - Number of available CUDA devices: 0
2025-06-02 12:24:55,425 - INFO - Starting runner
2025-06-02 12:24:55,641 - INFO - Binding arguments
2025-06-02 12:24:55,643 - INFO - Starting the runner with arguments Args(communication='pipe', port=None, input_pipe='pipes/s2p-1810243047967424', output_pipe='pipes/p2s-1810243047967424', algorithm='dqn', _device='gpu', epsilon=0.0644, _clipping='10.0000', batch_size=117, _ddqn='false', lr=0.0167):
2025-06-02 12:24:55,645 - INFO - Number of available CUDA devices: 0
2025-06-02 12:24:55,645 - INFO - Starting runner
2025-06-02 12:24:55,681 - INFO - Binding arguments
2025-06-02 12:24:55,683 - INFO - Starting the runner with arguments Args(communication='pipe', port=None, input_pipe='pipes/s2p-1810243092671840', output_pipe='pipes/p2s-1810243092671840', algorithm='dqn', _device='gpu', epsilon=0.0644, _clipping='10.0000', batch_size=117, _ddqn='false', lr=0.0167):
2025-06-02 12:24:55,685 - INFO - Number of available CUDA devices: 0
2025-06-02 12:24:55,685 - INFO - Starting runner
2025-06-02 12:24:56,495 - ERROR - Connection with remote closed
2025-06-02 12:24:56,495 - INFO - End of the program
2025-06-02 12:24:59,050 - ERROR - Connection with remote closed
2025-06-02 12:24:59,051 - INFO - End of the program
2025-06-02 12:24:59,224 - INFO - Binding arguments
2025-06-02 12:24:59,226 - INFO - Starting the runner with arguments Args(communication='pipe', port=None, input_pipe='pipes/s2p-1810243007954073', output_pipe='pipes/p2s-1810243007954073', algorithm='dqn', _device='gpu', epsilon=0.0644, _clipping='10.0000', batch_size=117, _ddqn='false', lr=0.0167):
2025-06-02 12:24:59,228 - INFO - Number of available CUDA devices: 0
2025-06-02 12:24:59,229 - INFO - Starting runner
2025-06-02 12:25:00,548 - ERROR - Connection with remote closed
2025-06-02 12:25:00,549 - INFO - End of the program
2025-06-02 12:25:00,786 - INFO - Binding arguments
2025-06-02 12:25:00,788 - INFO - Starting the runner with arguments Args(communication='pipe', port=None, input_pipe='pipes/s2p-1810257457835822', output_pipe='pipes/p2s-1810257457835822', algorithm='dqn', _device='gpu', epsilon=0.0644, _clipping='10.0000', batch_size=117, _ddqn='false', lr=0.0167):
2025-06-02 12:25:00,791 - INFO - Number of available CUDA devices: 0
2025-06-02 12:25:00,879 - INFO - Starting runner
2025-06-02 12:25:03,358 - ERROR - Connection with remote closed
2025-06-02 12:25:03,364 - INFO - End of the program
2025-06-02 12:25:05,916 - ERROR - Connection with remote closed
2025-06-02 12:25:05,929 - INFO - End of the program
2025-06-02 12:25:08,791 - ERROR - Connection with remote closed
2025-06-02 12:25:08,792 - INFO - End of the program
2025-06-02 12:25:09,303 - INFO - Binding arguments
2025-06-02 12:25:09,305 - INFO - Starting the runner with arguments Args(communication='pipe', port=None, input_pipe='pipes/s2p-1810262373135757', output_pipe='pipes/p2s-1810262373135757', algorithm='dqn', _device='gpu', epsilon=0.0644, _clipping='10.0000', batch_size=117, _ddqn='false', lr=0.0167):
2025-06-02 12:25:09,307 - INFO - Number of available CUDA devices: 0
2025-06-02 12:25:09,308 - INFO - Starting runner
2025-06-02 12:25:09,324 - INFO - Binding arguments
2025-06-02 12:25:09,326 - INFO - Starting the runner with arguments Args(communication='pipe', port=None, input_pipe='pipes/s2p-1810265176155639', output_pipe='pipes/p2s-1810265176155639', algorithm='dqn', _device='gpu', epsilon=0.0644, _clipping='10.0000', batch_size=117, _ddqn='false', lr=0.0167):
2025-06-02 12:25:09,328 - INFO - Number of available CUDA devices: 0
2025-06-02 12:25:09,329 - INFO - Starting runner
2025-06-02 12:25:10,363 - ERROR - Connection with remote closed
2025-06-02 12:25:10,365 - INFO - End of the program
2025-06-02 12:25:10,512 - INFO - Binding arguments
2025-06-02 12:25:10,515 - INFO - Starting the runner with arguments Args(communication='pipe', port=None, input_pipe='pipes/s2p-1810275183787557', output_pipe='pipes/p2s-1810275183787557', algorithm='dqn', _device='gpu', epsilon=0.0644, _clipping='10.0000', batch_size=117, _ddqn='false', lr=0.0167):
2025-06-02 12:25:10,518 - INFO - Number of available CUDA devices: 0
2025-06-02 12:25:10,518 - INFO - Starting runner
2025-06-02 12:25:13,409 - ERROR - Connection with remote closed
2025-06-02 12:25:13,410 - INFO - End of the program
2025-06-02 12:25:16,174 - ERROR - Connection with remote closed
2025-06-02 12:25:16,183 - INFO - End of the program
2025-06-02 12:25:18,590 - ERROR - Connection with remote closed
2025-06-02 12:25:18,600 - INFO - End of the program
2025-06-02 12:25:20,759 - ERROR - Connection with remote closed
2025-06-02 12:25:20,762 - INFO - End of the program
2025-06-02 12:25:21,170 - INFO - Binding arguments
2025-06-02 12:25:21,172 - INFO - Starting the runner with arguments Args(communication='pipe', port=None, input_pipe='pipes/s2p-1810265185536194', output_pipe='pipes/p2s-1810265185536194', algorithm='dqn', _device='gpu', epsilon=0.0644, _clipping='10.0000', batch_size=117, _ddqn='false', lr=0.0167):
2025-06-02 12:25:21,174 - INFO - Number of available CUDA devices: 0
2025-06-02 12:25:21,175 - INFO - Starting runner
2025-06-02 12:25:22,301 - ERROR - Connection with remote closed
2025-06-02 12:25:22,302 - INFO - End of the program
2025-06-02 12:25:22,612 - INFO - Binding arguments
2025-06-02 12:25:22,615 - INFO - Starting the runner with arguments Args(communication='pipe', port=None, input_pipe='pipes/s2p-1810265126738849', output_pipe='pipes/p2s-1810265126738849', algorithm='dqn', _device='gpu', epsilon=0.0644, _clipping='10.0000', batch_size=117, _ddqn='false', lr=0.0167):
2025-06-02 12:25:22,616 - INFO - Number of available CUDA devices: 0
2025-06-02 12:25:22,617 - INFO - Starting runner
2025-06-02 12:25:22,815 - INFO - Binding arguments
2025-06-02 12:25:22,817 - INFO - Starting the runner with arguments Args(communication='pipe', port=None, input_pipe='pipes/s2p-1810274322873909', output_pipe='pipes/p2s-1810274322873909', algorithm='dqn', _device='gpu', epsilon=0.0644, _clipping='10.0000', batch_size=117, _ddqn='false', lr=0.0167):
2025-06-02 12:25:22,819 - INFO - Number of available CUDA devices: 0
2025-06-02 12:25:22,819 - INFO - Starting runner
2025-06-02 12:25:22,884 - INFO - Binding arguments
2025-06-02 12:25:22,886 - INFO - Starting the runner with arguments Args(communication='pipe', port=None, input_pipe='pipes/s2p-1810275109391694', output_pipe='pipes/p2s-1810275109391694', algorithm='dqn', _device='gpu', epsilon=0.0644, _clipping='10.0000', batch_size=117, _ddqn='false', lr=0.0167):
2025-06-02 12:25:22,888 - INFO - Number of available CUDA devices: 0
2025-06-02 12:25:22,888 - INFO - Starting runner
2025-06-02 12:25:25,499 - ERROR - Connection with remote closed
2025-06-02 12:25:25,501 - INFO - End of the program
2025-06-02 12:25:26,738 - INFO - Binding arguments
2025-06-02 12:25:26,740 - INFO - Starting the runner with arguments Args(communication='pipe', port=None, input_pipe='pipes/s2p-1810284588708725', output_pipe='pipes/p2s-1810284588708725', algorithm='dqn', _device='gpu', epsilon=0.0644, _clipping='10.0000', batch_size=117, _ddqn='false', lr=0.0167):
2025-06-02 12:25:26,742 - INFO - Number of available CUDA devices: 0
2025-06-02 12:25:26,743 - INFO - Starting runner
2025-06-02 12:25:27,180 - ERROR - Connection with remote closed
2025-06-02 12:25:27,181 - INFO - End of the program
2025-06-02 12:25:27,419 - INFO - Binding arguments
2025-06-02 12:25:27,422 - INFO - Starting the runner with arguments Args(communication='pipe', port=None, input_pipe='pipes/s2p-1810278791943930', output_pipe='pipes/p2s-1810278791943930', algorithm='dqn', _device='gpu', epsilon=0.0644, _clipping='10.0000', batch_size=117, _ddqn='false', lr=0.0167):
2025-06-02 12:25:27,423 - INFO - Number of available CUDA devices: 0
2025-06-02 12:25:27,424 - INFO - Starting runner
2025-06-02 12:25:30,328 - ERROR - Connection with remote closed
2025-06-02 12:25:30,332 - INFO - End of the program
2025-06-02 12:25:30,519 - INFO - Binding arguments
2025-06-02 12:25:30,521 - INFO - Starting the runner with arguments Args(communication='pipe', port=None, input_pipe='pipes/s2p-1810288011809580', output_pipe='pipes/p2s-1810288011809580', algorithm='dqn', _device='gpu', epsilon=0.0644, _clipping='10.0000', batch_size=117, _ddqn='false', lr=0.0167):
2025-06-02 12:25:30,523 - INFO - Number of available CUDA devices: 0
2025-06-02 12:25:30,524 - INFO - Starting runner
2025-06-02 12:25:30,573 - INFO - Binding arguments
2025-06-02 12:25:30,576 - INFO - Starting the runner with arguments Args(communication='pipe', port=None, input_pipe='pipes/s2p-1810279038671326', output_pipe='pipes/p2s-1810279038671326', algorithm='dqn', _device='gpu', epsilon=0.0644, _clipping='10.0000', batch_size=117, _ddqn='false', lr=0.0167):
2025-06-02 12:25:30,577 - INFO - Number of available CUDA devices: 0
2025-06-02 12:25:30,578 - INFO - Starting runner
2025-06-02 12:25:31,809 - ERROR - Connection with remote closed
2025-06-02 12:25:31,810 - INFO - End of the program
2025-06-02 12:25:32,008 - INFO - Binding arguments
2025-06-02 12:25:32,010 - INFO - Starting the runner with arguments Args(communication='pipe', port=None, input_pipe='pipes/s2p-1810284677344791', output_pipe='pipes/p2s-1810284677344791', algorithm='dqn', _device='gpu', epsilon=0.0644, _clipping='10.0000', batch_size=117, _ddqn='false', lr=0.0167):
2025-06-02 12:25:32,014 - INFO - Number of available CUDA devices: 0
2025-06-02 12:25:32,015 - INFO - Starting runner
2025-06-02 12:25:32,390 - INFO - Binding arguments
2025-06-02 12:25:32,392 - INFO - Starting the runner with arguments Args(communication='pipe', port=None, input_pipe='pipes/s2p-1810289094063498', output_pipe='pipes/p2s-1810289094063498', algorithm='dqn', _device='gpu', epsilon=0.0644, _clipping='10.0000', batch_size=117, _ddqn='false', lr=0.0167):
2025-06-02 12:25:32,394 - INFO - Number of available CUDA devices: 0
2025-06-02 12:25:32,394 - INFO - Starting runner
2025-06-02 12:25:33,381 - ERROR - Connection with remote closed
2025-06-02 12:25:33,382 - INFO - End of the program
2025-06-02 12:25:33,513 - INFO - Binding arguments
2025-06-02 12:25:33,516 - INFO - Starting the runner with arguments Args(communication='pipe', port=None, input_pipe='pipes/s2p-1810300820594103', output_pipe='pipes/p2s-1810300820594103', algorithm='dqn', _device='gpu', epsilon=0.0644, _clipping='10.0000', batch_size=117, _ddqn='false', lr=0.0167):
2025-06-02 12:25:33,518 - INFO - Number of available CUDA devices: 0
2025-06-02 12:25:33,521 - INFO - Starting runner
2025-06-02 12:25:33,653 - INFO - Binding arguments
2025-06-02 12:25:35,657 - INFO - Starting the runner with arguments Args(communication='pipe', port=None, input_pipe='pipes/s2p-1810304898090858', output_pipe='pipes/p2s-1810304898090858', algorithm='dqn', _device='gpu', epsilon=0.0644, _clipping='10.0000', batch_size=117, _ddqn='false', lr=0.0167):
2025-06-02 12:25:35,659 - ERROR - Connection with remote closed
2025-06-02 12:25:35,660 - INFO - End of the program
2025-06-02 12:25:35,666 - INFO - Number of available CUDA devices: 0
2025-06-02 12:25:35,673 - INFO - Starting runner
2025-06-02 12:25:35,686 - INFO - Binding arguments
2025-06-02 12:25:35,690 - INFO - Starting the runner with arguments Args(communication='pipe', port=None, input_pipe='pipes/s2p-1810301142109593', output_pipe='pipes/p2s-1810301142109593', algorithm='dqn', _device='gpu', epsilon=0.0644, _clipping='10.0000', batch_size=117, _ddqn='false', lr=0.0167):
2025-06-02 12:25:35,693 - INFO - Number of available CUDA devices: 0
2025-06-02 12:25:35,693 - INFO - Starting runner
2025-06-02 12:25:38,628 - ERROR - Connection with remote closed
2025-06-02 12:25:38,629 - INFO - End of the program
2025-06-02 12:25:40,204 - ERROR - Connection with remote closed
2025-06-02 12:25:40,205 - INFO - End of the program
2025-06-02 12:25:43,522 - ERROR - Connection with remote closed
2025-06-02 12:25:43,523 - INFO - End of the program
2025-06-02 12:25:43,705 - INFO - Binding arguments
2025-06-02 12:25:43,708 - INFO - Starting the runner with arguments Args(communication='pipe', port=None, input_pipe='pipes/s2p-1810305700500579', output_pipe='pipes/p2s-1810305700500579', algorithm='dqn', _device='gpu', epsilon=0.0644, _clipping='10.0000', batch_size=117, _ddqn='false', lr=0.0167):
2025-06-02 12:25:43,710 - INFO - Number of available CUDA devices: 0
2025-06-02 12:25:43,711 - INFO - Starting runner
2025-06-02 12:25:44,999 - INFO - Binding arguments
2025-06-02 12:25:45,002 - INFO - Starting the runner with arguments Args(communication='pipe', port=None, input_pipe='pipes/s2p-1810309570888862', output_pipe='pipes/p2s-1810309570888862', algorithm='dqn', _device='gpu', epsilon=0.0644, _clipping='10.0000', batch_size=117, _ddqn='false', lr=0.0167):
2025-06-02 12:25:45,004 - INFO - Number of available CUDA devices: 0
2025-06-02 12:25:45,004 - INFO - Starting runner
2025-06-02 12:25:45,045 - ERROR - Connection with remote closed
2025-06-02 12:25:45,046 - INFO - End of the program
2025-06-02 12:25:47,824 - ERROR - Connection with remote closed
2025-06-02 12:25:47,828 - INFO - End of the program
2025-06-02 12:25:47,979 - INFO - Binding arguments
2025-06-02 12:25:47,981 - INFO - Starting the runner with arguments Args(communication='pipe', port=None, input_pipe='pipes/s2p-1810310995154759', output_pipe='pipes/p2s-1810310995154759', algorithm='dqn', _device='gpu', epsilon=0.0644, _clipping='10.0000', batch_size=117, _ddqn='false', lr=0.0167):
2025-06-02 12:25:47,983 - INFO - Binding arguments
2025-06-02 12:25:47,984 - INFO - Number of available CUDA devices: 0
2025-06-02 12:25:47,985 - INFO - Starting runner
2025-06-02 12:25:47,986 - INFO - Starting the runner with arguments Args(communication='pipe', port=None, input_pipe='pipes/s2p-1810301156516368', output_pipe='pipes/p2s-1810301156516368', algorithm='dqn', _device='gpu', epsilon=0.0644, _clipping='10.0000', batch_size=117, _ddqn='false', lr=0.0167):
2025-06-02 12:25:47,988 - INFO - Number of available CUDA devices: 0
2025-06-02 12:25:47,988 - INFO - Starting runner
2025-06-02 12:25:48,161 - INFO - Binding arguments
2025-06-02 12:25:48,164 - INFO - Starting the runner with arguments Args(communication='pipe', port=None, input_pipe='pipes/s2p-1810301415253847', output_pipe='pipes/p2s-1810301415253847', algorithm='dqn', _device='gpu', epsilon=0.0644, _clipping='10.0000', batch_size=117, _ddqn='false', lr=0.0167):
2025-06-02 12:25:48,167 - INFO - Number of available CUDA devices: 0
2025-06-02 12:25:48,168 - INFO - Starting runner
2025-06-02 12:25:50,908 - ERROR - Connection with remote closed
2025-06-02 12:25:50,917 - INFO - End of the program
2025-06-02 12:25:53,340 - ERROR - Connection with remote closed
2025-06-02 12:25:53,376 - INFO - End of the program
2025-06-02 12:25:54,938 - ERROR - Connection with remote closed
2025-06-02 12:25:54,973 - INFO - End of the program
2025-06-02 12:25:57,420 - ERROR - Connection with remote closed
2025-06-02 12:25:57,424 - INFO - End of the program
2025-06-02 12:25:57,680 - INFO - Binding arguments
2025-06-02 12:25:57,683 - INFO - Starting the runner with arguments Args(communication='pipe', port=None, input_pipe='pipes/s2p-1810309645542235', output_pipe='pipes/p2s-1810309645542235', algorithm='dqn', _device='gpu', epsilon=0.0644, _clipping='10.0000', batch_size=117, _ddqn='false', lr=0.0167):
2025-06-02 12:25:57,685 - INFO - Number of available CUDA devices: 0
2025-06-02 12:25:57,685 - INFO - Starting runner
2025-06-02 12:26:00,424 - ERROR - Connection with remote closed
2025-06-02 12:26:00,426 - INFO - End of the program
2025-06-02 12:26:01,290 - INFO - Binding arguments
2025-06-02 12:26:01,292 - INFO - Starting the runner with arguments Args(communication='pipe', port=None, input_pipe='pipes/s2p-1810322767927408', output_pipe='pipes/p2s-1810322767927408', algorithm='dqn', _device='gpu', epsilon=0.0644, _clipping='10.0000', batch_size=117, _ddqn='false', lr=0.0167):
2025-06-02 12:26:01,294 - INFO - Number of available CUDA devices: 0
2025-06-02 12:26:01,295 - INFO - Starting runner
2025-06-02 12:26:01,925 - ERROR - Connection with remote closed
2025-06-02 12:26:01,926 - INFO - End of the program
2025-06-02 12:26:02,032 - INFO - Binding arguments
2025-06-02 12:26:02,035 - INFO - Starting the runner with arguments Args(communication='pipe', port=None, input_pipe='pipes/s2p-1810310858648541', output_pipe='pipes/p2s-1810310858648541', algorithm='dqn', _device='gpu', epsilon=0.0644, _clipping='10.0000', batch_size=117, _ddqn='false', lr=0.0167):
2025-06-02 12:26:02,037 - INFO - Number of available CUDA devices: 0
2025-06-02 12:26:02,037 - INFO - Starting runner
2025-06-02 12:26:04,757 - ERROR - Connection with remote closed
2025-06-02 12:26:04,758 - INFO - End of the program
2025-06-02 12:26:04,822 - INFO - Binding arguments
2025-06-02 12:26:04,824 - INFO - Starting the runner with arguments Args(communication='pipe', port=None, input_pipe='pipes/s2p-1810309479790200', output_pipe='pipes/p2s-1810309479790200', algorithm='dqn', _device='gpu', epsilon=0.0644, _clipping='10.0000', batch_size=117, _ddqn='false', lr=0.0167):
2025-06-02 12:26:04,828 - INFO - Number of available CUDA devices: 0
2025-06-02 12:26:04,828 - INFO - Starting runner
2025-06-02 12:26:04,894 - INFO - Binding arguments
2025-06-02 12:26:04,896 - INFO - Starting the runner with arguments Args(communication='pipe', port=None, input_pipe='pipes/s2p-1810309318676541', output_pipe='pipes/p2s-1810309318676541', algorithm='dqn', _device='gpu', epsilon=0.0644, _clipping='10.0000', batch_size=117, _ddqn='false', lr=0.0167):
2025-06-02 12:26:04,898 - INFO - Number of available CUDA devices: 0
2025-06-02 12:26:04,899 - INFO - Starting runner
2025-06-02 12:26:05,002 - INFO - Binding arguments
2025-06-02 12:26:05,005 - INFO - Starting the runner with arguments Args(communication='pipe', port=None, input_pipe='pipes/s2p-1810311875966490', output_pipe='pipes/p2s-1810311875966490', algorithm='dqn', _device='gpu', epsilon=0.0644, _clipping='10.0000', batch_size=117, _ddqn='false', lr=0.0167):
2025-06-02 12:26:05,007 - INFO - Number of available CUDA devices: 0
2025-06-02 12:26:05,011 - INFO - Starting runner
2025-06-02 12:26:07,135 - ERROR - Connection with remote closed
2025-06-02 12:26:07,137 - INFO - End of the program
2025-06-02 12:26:08,660 - ERROR - Connection with remote closed
2025-06-02 12:26:08,661 - INFO - End of the program
2025-06-02 12:26:08,732 - INFO - Binding arguments
2025-06-02 12:26:08,734 - INFO - Starting the runner with arguments Args(communication='pipe', port=None, input_pipe='pipes/s2p-1810323712967878', output_pipe='pipes/p2s-1810323712967878', algorithm='dqn', _device='gpu', epsilon=0.0644, _clipping='10.0000', batch_size=117, _ddqn='false', lr=0.0167):
2025-06-02 12:26:08,737 - INFO - Number of available CUDA devices: 0
2025-06-02 12:26:08,738 - INFO - Starting runner
2025-06-02 12:26:11,258 - ERROR - Connection with remote closed
2025-06-02 12:26:11,259 - INFO - End of the program
2025-06-02 12:26:11,417 - INFO - Binding arguments
2025-06-02 12:26:11,419 - INFO - Starting the runner with arguments Args(communication='pipe', port=None, input_pipe='pipes/s2p-1810314315914012', output_pipe='pipes/p2s-1810314315914012', algorithm='dqn', _device='gpu', epsilon=0.0644, _clipping='10.0000', batch_size=117, _ddqn='false', lr=0.0167):
2025-06-02 12:26:11,421 - INFO - Number of available CUDA devices: 0
2025-06-02 12:26:11,422 - INFO - Starting runner
2025-06-02 12:26:14,130 - ERROR - Connection with remote closed
2025-06-02 12:26:14,145 - INFO - End of the program
2025-06-02 12:26:15,633 - ERROR - Connection with remote closed
2025-06-02 12:26:15,634 - INFO - End of the program
2025-06-02 12:26:18,539 - ERROR - Connection with remote closed
2025-06-02 12:26:18,540 - INFO - End of the program
2025-06-02 12:26:20,002 - ERROR - Connection with remote closed
2025-06-02 12:26:20,005 - INFO - End of the program
2025-06-02 12:26:20,101 - INFO - Binding arguments
2025-06-02 12:26:20,104 - INFO - Starting the runner with arguments Args(communication='pipe', port=None, input_pipe='pipes/s2p-1810340898918638', output_pipe='pipes/p2s-1810340898918638', algorithm='dqn', _device='gpu', epsilon=0.0644, _clipping='10.0000', batch_size=117, _ddqn='false', lr=0.0167):
2025-06-02 12:26:20,105 - INFO - Number of available CUDA devices: 0
2025-06-02 12:26:20,106 - INFO - Starting runner
2025-06-02 12:26:20,242 - INFO - Binding arguments
2025-06-02 12:26:20,245 - INFO - Starting the runner with arguments Args(communication='pipe', port=None, input_pipe='pipes/s2p-1810323839366895', output_pipe='pipes/p2s-1810323839366895', algorithm='dqn', _device='gpu', epsilon=0.0644, _clipping='10.0000', batch_size=117, _ddqn='false', lr=0.0167):
2025-06-02 12:26:20,246 - INFO - Number of available CUDA devices: 0
2025-06-02 12:26:20,246 - INFO - Starting runner
2025-06-02 12:26:20,258 - INFO - Binding arguments
2025-06-02 12:26:20,260 - INFO - Starting the runner with arguments Args(communication='pipe', port=None, input_pipe='pipes/s2p-1810340763160151', output_pipe='pipes/p2s-1810340763160151', algorithm='dqn', _device='gpu', epsilon=0.0644, _clipping='10.0000', batch_size=117, _ddqn='false', lr=0.0167):
2025-06-02 12:26:20,263 - INFO - Number of available CUDA devices: 0
2025-06-02 12:26:20,264 - INFO - Starting runner
2025-06-02 12:26:20,353 - INFO - Binding arguments
2025-06-02 12:26:20,356 - INFO - Starting the runner with arguments Args(communication='pipe', port=None, input_pipe='pipes/s2p-1810340794604609', output_pipe='pipes/p2s-1810340794604609', algorithm='dqn', _device='gpu', epsilon=0.0644, _clipping='10.0000', batch_size=117, _ddqn='false', lr=0.0167):
2025-06-02 12:26:20,358 - INFO - Number of available CUDA devices: 0
2025-06-02 12:26:20,359 - INFO - Starting runner
2025-06-02 12:26:20,638 - INFO - Binding arguments
2025-06-02 12:26:20,641 - INFO - Starting the runner with arguments Args(communication='pipe', port=None, input_pipe='pipes/s2p-1810353414925425', output_pipe='pipes/p2s-1810353414925425', algorithm='dqn', _device='gpu', epsilon=0.0644, _clipping='10.0000', batch_size=117, _ddqn='false', lr=0.0167):
2025-06-02 12:26:20,648 - INFO - Number of available CUDA devices: 0
2025-06-02 12:26:20,650 - INFO - Starting runner
2025-06-02 12:26:23,088 - ERROR - Connection with remote closed
2025-06-02 12:26:23,090 - INFO - End of the program
2025-06-02 12:26:25,457 - ERROR - Connection with remote closed
2025-06-02 12:26:25,458 - INFO - End of the program
2025-06-02 12:26:26,745 - ERROR - Connection with remote closed
2025-06-02 12:26:26,746 - INFO - End of the program
2025-06-02 12:26:27,324 - INFO - Binding arguments
2025-06-02 12:26:27,326 - INFO - Starting the runner with arguments Args(communication='pipe', port=None, input_pipe='pipes/s2p-1810343329053840', output_pipe='pipes/p2s-1810343329053840', algorithm='dqn', _device='gpu', epsilon=0.0644, _clipping='10.0000', batch_size=117, _ddqn='false', lr=0.0167):
2025-06-02 12:26:27,336 - INFO - Number of available CUDA devices: 0
2025-06-02 12:26:27,344 - INFO - Starting runner
2025-06-02 12:26:29,439 - ERROR - Connection with remote closed
2025-06-02 12:26:29,441 - INFO - End of the program
2025-06-02 12:26:30,410 - INFO - Binding arguments
2025-06-02 12:26:30,412 - INFO - Starting the runner with arguments Args(communication='pipe', port=None, input_pipe='pipes/s2p-1810347352089601', output_pipe='pipes/p2s-1810347352089601', algorithm='dqn', _device='gpu', epsilon=0.0644, _clipping='10.0000', batch_size=117, _ddqn='false', lr=0.0167):
2025-06-02 12:26:30,414 - INFO - Number of available CUDA devices: 0
2025-06-02 12:26:30,414 - INFO - Starting runner
2025-06-02 12:26:30,789 - ERROR - Connection with remote closed
2025-06-02 12:26:30,789 - INFO - End of the program
2025-06-02 12:26:33,606 - ERROR - Connection with remote closed
2025-06-02 12:26:33,607 - INFO - End of the program
2025-06-02 12:26:33,720 - INFO - Binding arguments
2025-06-02 12:26:33,722 - INFO - Starting the runner with arguments Args(communication='pipe', port=None, input_pipe='pipes/s2p-1810353512750785', output_pipe='pipes/p2s-1810353512750785', algorithm='dqn', _device='gpu', epsilon=0.0644, _clipping='10.0000', batch_size=117, _ddqn='false', lr=0.0167):
2025-06-02 12:26:33,725 - INFO - Number of available CUDA devices: 0
2025-06-02 12:26:33,725 - INFO - Starting runner
2025-06-02 12:26:33,759 - INFO - Binding arguments
2025-06-02 12:26:33,761 - INFO - Starting the runner with arguments Args(communication='pipe', port=None, input_pipe='pipes/s2p-1810343412043916', output_pipe='pipes/p2s-1810343412043916', algorithm='dqn', _device='gpu', epsilon=0.0644, _clipping='10.0000', batch_size=117, _ddqn='false', lr=0.0167):
2025-06-02 12:26:33,763 - INFO - Number of available CUDA devices: 0
2025-06-02 12:26:33,764 - INFO - Starting runner
2025-06-02 12:26:35,698 - ERROR - Connection with remote closed
2025-06-02 12:26:35,699 - INFO - End of the program
2025-06-02 12:26:36,700 - INFO - Binding arguments
2025-06-02 12:26:36,702 - INFO - Starting the runner with arguments Args(communication='pipe', port=None, input_pipe='pipes/s2p-1810358561604451', output_pipe='pipes/p2s-1810358561604451', algorithm='dqn', _device='gpu', epsilon=0.0644, _clipping='10.0000', batch_size=117, _ddqn='false', lr=0.0167):
2025-06-02 12:26:36,877 - INFO - Number of available CUDA devices: 0
2025-06-02 12:26:36,877 - INFO - Starting runner
2025-06-02 12:26:36,911 - ERROR - Connection with remote closed
2025-06-02 12:26:36,912 - INFO - End of the program
2025-06-02 12:26:37,306 - INFO - Binding arguments
2025-06-02 12:26:37,308 - INFO - Starting the runner with arguments Args(communication='pipe', port=None, input_pipe='pipes/s2p-1810354030540696', output_pipe='pipes/p2s-1810354030540696', algorithm='dqn', _device='gpu', epsilon=0.0644, _clipping='10.0000', batch_size=117, _ddqn='false', lr=0.0167):
2025-06-02 12:26:37,310 - INFO - Number of available CUDA devices: 0
2025-06-02 12:26:37,311 - INFO - Starting runner
2025-06-02 12:26:39,940 - ERROR - Connection with remote closed
2025-06-02 12:26:39,940 - INFO - End of the program
2025-06-02 12:26:40,205 - INFO - Binding arguments
2025-06-02 12:26:40,207 - INFO - Starting the runner with arguments Args(communication='pipe', port=None, input_pipe='pipes/s2p-1810358610822526', output_pipe='pipes/p2s-1810358610822526', algorithm='dqn', _device='gpu', epsilon=0.0644, _clipping='10.0000', batch_size=117, _ddqn='false', lr=0.0167):
2025-06-02 12:26:40,209 - INFO - Number of available CUDA devices: 0
2025-06-02 12:26:40,210 - INFO - Starting runner
2025-06-02 12:26:40,246 - INFO - Binding arguments
2025-06-02 12:26:40,248 - INFO - Starting the runner with arguments Args(communication='pipe', port=None, input_pipe='pipes/s2p-1810358817349534', output_pipe='pipes/p2s-1810358817349534', algorithm='dqn', _device='gpu', epsilon=0.0644, _clipping='10.0000', batch_size=117, _ddqn='false', lr=0.0167):
2025-06-02 12:26:40,250 - INFO - Number of available CUDA devices: 0
2025-06-02 12:26:40,250 - INFO - Starting runner
2025-06-02 12:26:40,706 - INFO - Binding arguments
2025-06-02 12:26:40,711 - INFO - Starting the runner with arguments Args(communication='pipe', port=None, input_pipe='pipes/s2p-1810361742913147', output_pipe='pipes/p2s-1810361742913147', algorithm='dqn', _device='gpu', epsilon=0.0644, _clipping='10.0000', batch_size=117, _ddqn='false', lr=0.0167):
2025-06-02 12:26:40,712 - INFO - Number of available CUDA devices: 0
2025-06-02 12:26:40,713 - INFO - Starting runner
2025-06-02 12:26:40,713 - INFO - Binding arguments
2025-06-02 12:26:40,716 - INFO - Starting the runner with arguments Args(communication='pipe', port=None, input_pipe='pipes/s2p-1810365259454757', output_pipe='pipes/p2s-1810365259454757', algorithm='dqn', _device='gpu', epsilon=0.0644, _clipping='10.0000', batch_size=117, _ddqn='false', lr=0.0167):
2025-06-02 12:26:40,717 - INFO - Number of available CUDA devices: 0
2025-06-02 12:26:40,717 - INFO - Starting runner
2025-06-02 12:26:40,976 - INFO - Binding arguments
2025-06-02 12:26:40,978 - INFO - Starting the runner with arguments Args(communication='pipe', port=None, input_pipe='pipes/s2p-1810365087810654', output_pipe='pipes/p2s-1810365087810654', algorithm='dqn', _device='gpu', epsilon=0.0644, _clipping='10.0000', batch_size=117, _ddqn='false', lr=0.0167):
2025-06-02 12:26:40,990 - INFO - Number of available CUDA devices: 0
2025-06-02 12:26:40,993 - INFO - Starting runner
2025-06-02 12:26:41,097 - ERROR - Connection with remote closed
2025-06-02 12:26:41,099 - INFO - End of the program
2025-06-02 12:26:43,267 - ERROR - Connection with remote closed
2025-06-02 12:26:43,268 - INFO - End of the program
2025-06-02 12:26:45,143 - ERROR - Connection with remote closed
2025-06-02 12:26:45,144 - INFO - End of the program
2025-06-02 12:26:46,903 - ERROR - Connection with remote closed
2025-06-02 12:26:46,905 - INFO - End of the program
2025-06-02 12:26:47,324 - INFO - Binding arguments
2025-06-02 12:26:47,326 - INFO - Starting the runner with arguments Args(communication='pipe', port=None, input_pipe='pipes/s2p-1810365106274509', output_pipe='pipes/p2s-1810365106274509', algorithm='dqn', _device='gpu', epsilon=0.0644, _clipping='10.0000', batch_size=117, _ddqn='false', lr=0.0167):
2025-06-02 12:26:47,329 - INFO - Number of available CUDA devices: 0
2025-06-02 12:26:47,329 - INFO - Starting runner
2025-06-02 12:26:48,070 - ERROR - Connection with remote closed
2025-06-02 12:26:48,070 - INFO - End of the program
2025-06-02 12:26:50,013 - ERROR - Connection with remote closed
2025-06-02 12:26:50,016 - INFO - End of the program
2025-06-02 12:26:52,726 - ERROR - Connection with remote closed
2025-06-02 12:26:52,728 - INFO - End of the program
2025-06-02 12:26:54,410 - ERROR - Connection with remote closed
2025-06-02 12:26:54,411 - INFO - End of the program
2025-06-02 12:26:54,492 - INFO - Binding arguments
2025-06-02 12:26:54,494 - INFO - Starting the runner with arguments Args(communication='pipe', port=None, input_pipe='pipes/s2p-1810369633988173', output_pipe='pipes/p2s-1810369633988173', algorithm='dqn', _device='gpu', epsilon=0.0644, _clipping='10.0000', batch_size=117, _ddqn='false', lr=0.0167):
2025-06-02 12:26:54,498 - INFO - Number of available CUDA devices: 0
2025-06-02 12:26:54,499 - INFO - Starting runner
2025-06-02 12:26:56,050 - ERROR - Connection with remote closed
2025-06-02 12:26:56,054 - INFO - End of the program
2025-06-02 12:26:57,835 - ERROR - Connection with remote closed
2025-06-02 12:26:57,836 - INFO - End of the program
2025-06-02 12:26:58,188 - INFO - Binding arguments
2025-06-02 12:26:58,190 - INFO - Starting the runner with arguments Args(communication='pipe', port=None, input_pipe='pipes/s2p-1810378466300338', output_pipe='pipes/p2s-1810378466300338', algorithm='dqn', _device='gpu', epsilon=0.0644, _clipping='10.0000', batch_size=117, _ddqn='false', lr=0.0167):
2025-06-02 12:26:58,192 - INFO - Number of available CUDA devices: 0
2025-06-02 12:26:58,193 - INFO - Starting runner
2025-06-02 12:26:58,736 - ERROR - Connection with remote closed
2025-06-02 12:26:58,738 - INFO - End of the program
2025-06-02 12:27:01,106 - ERROR - Connection with remote closed
2025-06-02 12:27:01,107 - INFO - End of the program
2025-06-02 12:27:01,696 - ERROR - Connection with remote closed
2025-06-02 12:27:01,697 - INFO - End of the program
2025-06-02 12:27:03,581 - ERROR - Connection with remote closed
2025-06-02 12:27:03,583 - INFO - End of the program
2025-06-02 12:27:04,201 - ERROR - Connection with remote closed
2025-06-02 12:27:04,202 - INFO - End of the program
2025-06-02 12:27:06,879 - ERROR - Connection with remote closed
2025-06-02 12:27:06,880 - INFO - End of the program
2025-06-02 12:27:09,017 - ERROR - Connection with remote closed
2025-06-02 12:27:09,019 - INFO - End of the program
2025-06-02 12:27:11,199 - ERROR - Connection with remote closed
2025-06-02 12:27:11,200 - INFO - End of the program
2025-06-02 12:27:13,841 - ERROR - Connection with remote closed
2025-06-02 12:27:13,843 - INFO - End of the program
2025-06-02 12:27:17,253 - ERROR - Connection with remote closed
2025-06-02 12:27:17,254 - INFO - End of the program
2025-06-02 12:27:24,718 - ERROR - Connection with remote closed
2025-06-02 12:27:24,719 - INFO - End of the program
2025-06-02 12:27:57,015 - ERROR - Connection with remote closed
2025-06-02 12:27:57,016 - INFO - End of the program
2025-06-02 12:29:11,436 - ERROR - Connection with remote closed
2025-06-02 12:29:11,438 - INFO - End of the program
2025-06-02 12:31:25,646 - ERROR - Connection with remote closed
2025-06-02 12:31:25,647 - INFO - End of the program
2025-06-02 12:31:31,324 - ERROR - Connection with remote closed
2025-06-02 12:31:31,326 - INFO - End of the program
2025-06-02 12:31:34,294 - ERROR - Connection with remote closed
2025-06-02 12:31:34,295 - INFO - End of the program
2025-06-02 12:31:41,893 - ERROR - Connection with remote closed
2025-06-02 12:31:41,894 - INFO - End of the program
