examples/csp/csp_100/carseq_100_8_20_71.txt,epsilongreedy,900,0,[(t:0.041-v:120.000)-(t:0.043-v:119.000)-(t:0.063-v:118.000)-(t:0.065-v:115.000)-(t:0.070-v:113.000)-(t:0.072-v:111.000)-(t:0.073-v:108.000)-(t:0.074-v:105.000)-(t:0.078-v:103.000)-(t:0.080-v:102.000)-(t:0.081-v:101.000)-(t:0.082-v:100.000)-(t:0.083-v:99.000)-(t:0.097-v:98.000)-(t:0.098-v:96.000)-(t:0.099-v:95.000)-(t:0.100-v:94.000)-(t:0.102-v:93.000)-(t:0.102-v:92.000)-(t:0.103-v:91.000)-(t:0.104-v:90.000)-(t:0.104-v:88.000)-(t:0.105-v:87.000)-(t:0.106-v:86.000)-(t:0.106-v:85.000)-(t:0.107-v:84.000)-(t:0.108-v:82.000)-(t:0.109-v:81.000)-(t:0.110-v:80.000)-(t:0.111-v:78.000)-(t:0.112-v:77.000)-(t:0.118-v:75.000)-(t:0.118-v:74.000)-(t:0.119-v:73.000)-(t:0.120-v:72.000)-(t:0.121-v:70.000)-(t:0.123-v:69.000)-(t:0.123-v:67.000)-(t:0.129-v:66.000)-(t:0.130-v:64.000)-(t:0.131-v:63.000)-(t:0.132-v:62.000)-(t:0.133-v:61.000)-(t:0.134-v:60.000)-(t:0.134-v:59.000)-(t:0.150-v:57.000)-(t:0.150-v:55.000)-(t:0.151-v:54.000)-(t:0.152-v:53.000)-(t:0.153-v:52.000)-(t:0.153-v:51.000)-(t:0.155-v:50.000)-(t:0.156-v:49.000)-(t:0.157-v:48.000)-(t:0.159-v:47.000)-(t:0.160-v:46.000)-(t:0.161-v:45.000)-(t:0.164-v:44.000)-(t:0.171-v:43.000)-(t:0.180-v:40.000)-(t:0.182-v:38.000)-(t:0.198-v:37.000)-(t:0.200-v:36.000)-(t:0.204-v:35.000)-(t:0.206-v:34.000)-(t:0.207-v:33.000)-(t:0.208-v:32.000)-(t:0.223-v:31.000)-(t:0.244-v:30.000)-(t:0.245-v:29.000)-(t:0.246-v:28.000)-(t:0.268-v:27.000)-(t:0.270-v:26.000)-(t:0.272-v:24.000)-(t:0.282-v:23.000)-(t:0.295-v:22.000)-(t:0.297-v:21.000)-(t:0.298-v:20.000)-(t:0.301-v:19.000)-(t:0.303-v:18.000)-(t:0.306-v:17.000)-(t:0.309-v:16.000)-(t:0.342-v:15.000)-(t:0.346-v:14.000)-(t:0.365-v:13.000)-(t:0.375-v:12.000)-(t:0.419-v:11.000)-(t:0.452-v:10.000)-(t:0.734-v:9.000)-(t:0.734-v:8.000)-(t:0.736-v:7.000)-(t:0.746-v:6.000)-(t:0.814-v:5.000)-(t:0.885-v:4.000)-(t:1.244-v:3.000)-(t:1.683-v:2.000)-(t:1.973-v:1.000)-(t:3.722-v:0.000)]
examples/csp/csp_100/carseq_100_8_20_67.txt,ucb,900,0,[(t:0.030-v:97.000)-(t:0.034-v:95.000)-(t:0.036-v:91.000)-(t:0.037-v:90.000)-(t:0.038-v:89.000)-(t:0.045-v:88.000)-(t:0.047-v:86.000)-(t:0.061-v:84.000)-(t:0.063-v:83.000)-(t:0.063-v:82.000)-(t:0.065-v:81.000)-(t:0.068-v:80.000)-(t:0.070-v:79.000)-(t:0.071-v:78.000)-(t:0.071-v:76.000)-(t:0.073-v:75.000)-(t:0.074-v:74.000)-(t:0.077-v:73.000)-(t:0.080-v:71.000)-(t:0.082-v:70.000)-(t:0.097-v:69.000)-(t:0.100-v:68.000)-(t:0.102-v:65.000)-(t:0.104-v:64.000)-(t:0.105-v:63.000)-(t:0.121-v:62.000)-(t:0.123-v:61.000)-(t:0.126-v:59.000)-(t:0.128-v:58.000)-(t:0.130-v:56.000)-(t:0.132-v:55.000)-(t:0.135-v:54.000)-(t:0.138-v:52.000)-(t:0.138-v:51.000)-(t:0.145-v:50.000)-(t:0.147-v:49.000)-(t:0.147-v:47.000)-(t:0.148-v:44.000)-(t:0.149-v:41.000)-(t:0.149-v:39.000)-(t:0.150-v:38.000)-(t:0.164-v:37.000)-(t:0.165-v:36.000)-(t:0.166-v:35.000)-(t:0.166-v:33.000)-(t:0.166-v:32.000)-(t:0.168-v:31.000)-(t:0.169-v:30.000)-(t:0.169-v:29.000)-(t:0.172-v:27.000)-(t:0.173-v:26.000)-(t:0.175-v:25.000)-(t:0.177-v:24.000)-(t:0.177-v:23.000)-(t:0.178-v:21.000)-(t:0.179-v:20.000)-(t:0.179-v:19.000)-(t:0.187-v:18.000)-(t:0.189-v:17.000)-(t:0.195-v:16.000)-(t:0.218-v:15.000)-(t:0.227-v:14.000)-(t:0.243-v:13.000)-(t:0.249-v:12.000)-(t:0.260-v:9.000)-(t:0.280-v:8.000)-(t:0.287-v:7.000)-(t:0.291-v:6.000)-(t:0.333-v:5.000)-(t:0.334-v:4.000)-(t:0.637-v:3.000)-(t:0.641-v:2.000)-(t:0.641-v:1.000)-(t:0.747-v:0.000)]
examples/csp/csp_100/carseq_100_8_20_82.txt,random,900,0,[(t:0.040-v:151.000)-(t:0.041-v:145.000)-(t:0.058-v:143.000)-(t:0.064-v:140.000)-(t:0.078-v:137.000)-(t:0.080-v:134.000)-(t:0.080-v:133.000)-(t:0.086-v:131.000)-(t:0.088-v:129.000)-(t:0.089-v:126.000)-(t:0.089-v:125.000)-(t:0.090-v:124.000)-(t:0.093-v:123.000)-(t:0.097-v:121.000)-(t:0.098-v:120.000)-(t:0.100-v:118.000)-(t:0.101-v:116.000)-(t:0.102-v:115.000)-(t:0.103-v:114.000)-(t:0.103-v:112.000)-(t:0.110-v:110.000)-(t:0.110-v:106.000)-(t:0.111-v:105.000)-(t:0.111-v:102.000)-(t:0.112-v:101.000)-(t:0.113-v:100.000)-(t:0.114-v:99.000)-(t:0.114-v:98.000)-(t:0.128-v:96.000)-(t:0.129-v:93.000)-(t:0.130-v:92.000)-(t:0.131-v:88.000)-(t:0.132-v:87.000)-(t:0.132-v:85.000)-(t:0.133-v:84.000)-(t:0.133-v:83.000)-(t:0.134-v:82.000)-(t:0.134-v:81.000)-(t:0.135-v:80.000)-(t:0.137-v:77.000)-(t:0.143-v:75.000)-(t:0.143-v:74.000)-(t:0.144-v:73.000)-(t:0.149-v:72.000)-(t:0.150-v:71.000)-(t:0.150-v:68.000)-(t:0.151-v:66.000)-(t:0.152-v:65.000)-(t:0.152-v:62.000)-(t:0.158-v:61.000)-(t:0.159-v:60.000)-(t:0.159-v:59.000)-(t:0.160-v:58.000)-(t:0.161-v:57.000)-(t:0.162-v:54.000)-(t:0.162-v:53.000)-(t:0.162-v:52.000)-(t:0.163-v:51.000)-(t:0.177-v:50.000)-(t:0.179-v:49.000)-(t:0.179-v:48.000)-(t:0.180-v:47.000)-(t:0.181-v:44.000)-(t:0.184-v:43.000)-(t:0.185-v:42.000)-(t:0.186-v:41.000)-(t:0.186-v:40.000)-(t:0.187-v:37.000)-(t:0.188-v:36.000)-(t:0.188-v:35.000)-(t:0.190-v:34.000)-(t:0.213-v:33.000)-(t:0.213-v:32.000)-(t:0.215-v:31.000)-(t:0.217-v:30.000)-(t:0.217-v:29.000)-(t:0.222-v:27.000)-(t:0.330-v:26.000)-(t:0.335-v:25.000)-(t:0.382-v:24.000)-(t:0.382-v:23.000)-(t:0.386-v:21.000)-(t:0.401-v:20.000)-(t:0.402-v:19.000)-(t:0.456-v:18.000)-(t:0.497-v:17.000)-(t:0.498-v:16.000)-(t:0.530-v:15.000)-(t:0.562-v:14.000)-(t:0.568-v:13.000)-(t:0.626-v:12.000)-(t:0.645-v:11.000)-(t:0.663-v:10.000)-(t:0.681-v:9.000)-(t:0.718-v:8.000)-(t:0.743-v:7.000)-(t:1.042-v:6.000)-(t:1.056-v:5.000)-(t:1.082-v:4.000)-(t:1.198-v:3.000)-(t:1.305-v:2.000)-(t:1.511-v:1.000)-(t:1.894-v:0.000)]
examples/csp/csp_200/pb_200_07.txt,random,900,0,[(t:0.028-v:258.000)-(t:0.030-v:256.000)-(t:0.060-v:250.000)-(t:0.076-v:249.000)-(t:0.078-v:248.000)-(t:0.080-v:247.000)-(t:0.089-v:246.000)-(t:0.090-v:243.000)-(t:0.092-v:241.000)-(t:0.095-v:236.000)-(t:0.109-v:235.000)-(t:0.109-v:234.000)-(t:0.113-v:230.000)-(t:0.114-v:229.000)-(t:0.115-v:227.000)-(t:0.116-v:223.000)-(t:0.117-v:222.000)-(t:0.119-v:219.000)-(t:0.121-v:217.000)-(t:0.121-v:216.000)-(t:0.122-v:215.000)-(t:0.122-v:213.000)-(t:0.123-v:209.000)-(t:0.124-v:207.000)-(t:0.125-v:205.000)-(t:0.126-v:204.000)-(t:0.127-v:203.000)-(t:0.128-v:201.000)-(t:0.130-v:200.000)-(t:0.131-v:199.000)-(t:0.131-v:198.000)-(t:0.144-v:197.000)-(t:0.145-v:196.000)-(t:0.146-v:195.000)-(t:0.147-v:194.000)-(t:0.147-v:193.000)-(t:0.148-v:192.000)-(t:0.149-v:189.000)-(t:0.150-v:188.000)-(t:0.150-v:186.000)-(t:0.151-v:183.000)-(t:0.151-v:181.000)-(t:0.152-v:180.000)-(t:0.153-v:178.000)-(t:0.153-v:177.000)-(t:0.154-v:176.000)-(t:0.155-v:172.000)-(t:0.155-v:171.000)-(t:0.156-v:170.000)-(t:0.156-v:169.000)-(t:0.157-v:167.000)-(t:0.157-v:166.000)-(t:0.158-v:165.000)-(t:0.158-v:163.000)-(t:0.159-v:161.000)-(t:0.168-v:160.000)-(t:0.169-v:157.000)-(t:0.169-v:156.000)-(t:0.177-v:154.000)-(t:0.177-v:152.000)-(t:0.178-v:148.000)-(t:0.182-v:147.000)-(t:0.196-v:146.000)-(t:0.199-v:145.000)-(t:0.200-v:144.000)-(t:0.201-v:143.000)-(t:0.201-v:142.000)-(t:0.201-v:141.000)-(t:0.203-v:139.000)-(t:0.203-v:138.000)-(t:0.203-v:137.000)-(t:0.206-v:136.000)-(t:0.206-v:135.000)-(t:0.211-v:134.000)-(t:0.213-v:133.000)-(t:0.214-v:131.000)-(t:0.215-v:129.000)-(t:0.227-v:128.000)-(t:0.227-v:127.000)-(t:0.227-v:126.000)-(t:0.227-v:125.000)-(t:0.228-v:122.000)-(t:0.228-v:120.000)-(t:0.228-v:118.000)-(t:0.229-v:116.000)-(t:0.229-v:115.000)-(t:0.230-v:114.000)-(t:0.230-v:113.000)-(t:0.231-v:112.000)-(t:0.231-v:111.000)-(t:0.243-v:110.000)-(t:0.247-v:109.000)-(t:0.248-v:108.000)-(t:0.249-v:107.000)-(t:0.249-v:106.000)-(t:0.249-v:105.000)-(t:0.250-v:104.000)-(t:0.265-v:103.000)-(t:0.266-v:102.000)-(t:0.268-v:101.000)-(t:0.268-v:100.000)-(t:0.271-v:98.000)-(t:0.271-v:97.000)-(t:0.272-v:96.000)-(t:0.273-v:94.000)-(t:0.274-v:93.000)-(t:0.275-v:92.000)-(t:0.275-v:91.000)-(t:0.280-v:90.000)-(t:0.293-v:88.000)-(t:0.293-v:87.000)-(t:0.294-v:86.000)-(t:0.295-v:85.000)-(t:0.302-v:84.000)-(t:0.320-v:83.000)-(t:0.320-v:81.000)-(t:0.320-v:80.000)-(t:0.321-v:79.000)-(t:0.321-v:78.000)-(t:0.323-v:77.000)-(t:0.325-v:76.000)-(t:0.326-v:75.000)-(t:0.329-v:73.000)-(t:0.331-v:72.000)-(t:0.349-v:71.000)-(t:0.351-v:70.000)-(t:0.357-v:69.000)-(t:0.358-v:68.000)-(t:0.360-v:67.000)-(t:0.376-v:66.000)-(t:0.378-v:65.000)-(t:0.380-v:64.000)-(t:0.381-v:63.000)-(t:0.382-v:60.000)-(t:0.383-v:59.000)-(t:0.387-v:58.000)-(t:0.397-v:57.000)-(t:0.400-v:56.000)-(t:0.419-v:54.000)-(t:0.424-v:53.000)-(t:0.443-v:52.000)-(t:0.444-v:51.000)-(t:0.446-v:50.000)-(t:0.498-v:49.000)-(t:0.500-v:48.000)-(t:0.501-v:47.000)-(t:0.528-v:46.000)-(t:0.529-v:44.000)-(t:0.533-v:42.000)-(t:0.535-v:41.000)-(t:0.558-v:40.000)-(t:0.563-v:39.000)-(t:0.583-v:38.000)-(t:0.592-v:37.000)-(t:0.593-v:36.000)-(t:0.654-v:35.000)-(t:0.665-v:34.000)-(t:0.684-v:33.000)-(t:0.684-v:32.000)-(t:0.726-v:31.000)-(t:0.729-v:30.000)-(t:0.731-v:29.000)-(t:0.752-v:28.000)-(t:0.753-v:27.000)-(t:0.755-v:26.000)-(t:0.759-v:25.000)-(t:0.778-v:24.000)-(t:0.804-v:23.000)-(t:0.808-v:22.000)-(t:0.809-v:21.000)-(t:0.810-v:20.000)-(t:0.813-v:19.000)-(t:0.888-v:18.000)-(t:0.903-v:17.000)-(t:0.911-v:16.000)-(t:0.931-v:15.000)-(t:0.965-v:14.000)-(t:0.969-v:13.000)-(t:1.015-v:12.000)-(t:1.021-v:11.000)-(t:1.122-v:10.000)-(t:1.125-v:9.000)-(t:1.180-v:8.000)-(t:1.259-v:7.000)-(t:1.606-v:6.000)-(t:1.899-v:5.000)-(t:2.244-v:4.000)-(t:2.271-v:3.000)-(t:2.303-v:2.000)-(t:2.587-v:1.000)-(t:3.099-v:0.000)]
examples/csp/csp_300/carseq_300_8_20_76.txt,epsilongreedy,900,0,[(t:0.054-v:358.000)-(t:0.055-v:357.000)-(t:0.056-v:356.000)-(t:0.056-v:353.000)-(t:0.059-v:352.000)-(t:0.076-v:351.000)-(t:0.076-v:350.000)-(t:0.080-v:347.000)-(t:0.081-v:346.000)-(t:0.081-v:345.000)-(t:0.081-v:344.000)-(t:0.082-v:343.000)-(t:0.083-v:342.000)-(t:0.083-v:340.000)-(t:0.084-v:337.000)-(t:0.084-v:336.000)-(t:0.084-v:335.000)-(t:0.089-v:332.000)-(t:0.091-v:331.000)-(t:0.092-v:330.000)-(t:0.092-v:328.000)-(t:0.093-v:327.000)-(t:0.094-v:326.000)-(t:0.094-v:325.000)-(t:0.095-v:324.000)-(t:0.097-v:323.000)-(t:0.097-v:322.000)-(t:0.098-v:321.000)-(t:0.099-v:320.000)-(t:0.100-v:319.000)-(t:0.113-v:318.000)-(t:0.114-v:317.000)-(t:0.115-v:314.000)-(t:0.115-v:311.000)-(t:0.116-v:310.000)-(t:0.117-v:309.000)-(t:0.118-v:308.000)-(t:0.119-v:306.000)-(t:0.119-v:305.000)-(t:0.120-v:304.000)-(t:0.120-v:303.000)-(t:0.120-v:302.000)-(t:0.122-v:301.000)-(t:0.123-v:300.000)-(t:0.124-v:298.000)-(t:0.125-v:297.000)-(t:0.125-v:296.000)-(t:0.126-v:295.000)-(t:0.128-v:294.000)-(t:0.128-v:293.000)-(t:0.129-v:292.000)-(t:0.129-v:291.000)-(t:0.130-v:290.000)-(t:0.130-v:289.000)-(t:0.131-v:288.000)-(t:0.131-v:287.000)-(t:0.132-v:286.000)-(t:0.134-v:285.000)-(t:0.134-v:284.000)-(t:0.135-v:283.000)-(t:0.136-v:281.000)-(t:0.149-v:280.000)-(t:0.150-v:279.000)-(t:0.154-v:278.000)-(t:0.154-v:277.000)-(t:0.154-v:276.000)-(t:0.155-v:275.000)-(t:0.155-v:274.000)-(t:0.156-v:273.000)-(t:0.157-v:272.000)-(t:0.157-v:271.000)-(t:0.157-v:269.000)-(t:0.158-v:268.000)-(t:0.158-v:267.000)-(t:0.158-v:266.000)-(t:0.159-v:265.000)-(t:0.159-v:264.000)-(t:0.160-v:262.000)-(t:0.162-v:261.000)-(t:0.162-v:260.000)-(t:0.163-v:259.000)-(t:0.164-v:258.000)-(t:0.164-v:256.000)-(t:0.165-v:255.000)-(t:0.166-v:254.000)-(t:0.167-v:253.000)-(t:0.167-v:251.000)-(t:0.168-v:250.000)-(t:0.168-v:249.000)-(t:0.169-v:248.000)-(t:0.170-v:247.000)-(t:0.182-v:246.000)-(t:0.186-v:245.000)-(t:0.187-v:244.000)-(t:0.188-v:243.000)-(t:0.188-v:242.000)-(t:0.188-v:241.000)-(t:0.189-v:240.000)-(t:0.191-v:239.000)-(t:0.193-v:238.000)-(t:0.194-v:237.000)-(t:0.194-v:236.000)-(t:0.195-v:235.000)-(t:0.203-v:233.000)-(t:0.203-v:232.000)-(t:0.204-v:231.000)-(t:0.205-v:230.000)-(t:0.219-v:229.000)-(t:0.220-v:227.000)-(t:0.220-v:225.000)-(t:0.220-v:223.000)-(t:0.221-v:222.000)-(t:0.221-v:221.000)-(t:0.222-v:220.000)-(t:0.222-v:219.000)-(t:0.223-v:218.000)-(t:0.223-v:217.000)-(t:0.224-v:216.000)-(t:0.225-v:215.000)-(t:0.225-v:214.000)-(t:0.226-v:213.000)-(t:0.226-v:212.000)-(t:0.226-v:210.000)-(t:0.227-v:209.000)-(t:0.227-v:208.000)-(t:0.228-v:207.000)-(t:0.229-v:206.000)-(t:0.235-v:205.000)-(t:0.236-v:204.000)-(t:0.237-v:203.000)-(t:0.237-v:202.000)-(t:0.237-v:201.000)-(t:0.238-v:200.000)-(t:0.251-v:199.000)-(t:0.251-v:198.000)-(t:0.252-v:197.000)-(t:0.254-v:196.000)-(t:0.254-v:195.000)-(t:0.255-v:194.000)-(t:0.255-v:193.000)-(t:0.255-v:192.000)-(t:0.256-v:190.000)-(t:0.262-v:189.000)-(t:0.263-v:188.000)-(t:0.263-v:187.000)-(t:0.264-v:186.000)-(t:0.266-v:185.000)-(t:0.267-v:184.000)-(t:0.268-v:183.000)-(t:0.268-v:182.000)-(t:0.269-v:181.000)-(t:0.282-v:180.000)-(t:0.283-v:179.000)-(t:0.284-v:178.000)-(t:0.285-v:177.000)-(t:0.286-v:175.000)-(t:0.286-v:174.000)-(t:0.288-v:173.000)-(t:0.288-v:172.000)-(t:0.289-v:171.000)-(t:0.294-v:170.000)-(t:0.296-v:169.000)-(t:0.303-v:168.000)-(t:0.303-v:167.000)-(t:0.304-v:166.000)-(t:0.304-v:165.000)-(t:0.305-v:164.000)-(t:0.305-v:163.000)-(t:0.315-v:161.000)-(t:0.315-v:160.000)-(t:0.318-v:159.000)-(t:0.320-v:158.000)-(t:0.320-v:157.000)-(t:0.338-v:156.000)-(t:0.340-v:155.000)-(t:0.342-v:154.000)-(t:0.351-v:152.000)-(t:0.361-v:151.000)-(t:0.374-v:150.000)-(t:0.378-v:149.000)-(t:0.384-v:148.000)-(t:0.384-v:147.000)-(t:0.384-v:146.000)-(t:0.385-v:145.000)-(t:0.386-v:144.000)-(t:0.387-v:143.000)-(t:0.388-v:142.000)-(t:0.401-v:141.000)-(t:0.403-v:140.000)-(t:0.405-v:139.000)-(t:0.405-v:138.000)-(t:0.407-v:137.000)-(t:0.411-v:136.000)-(t:0.425-v:135.000)-(t:0.426-v:134.000)-(t:0.427-v:133.000)-(t:0.427-v:132.000)-(t:0.430-v:131.000)-(t:0.430-v:130.000)-(t:0.435-v:129.000)-(t:0.448-v:128.000)-(t:0.448-v:127.000)-(t:0.449-v:126.000)-(t:0.452-v:125.000)-(t:0.453-v:124.000)-(t:0.453-v:123.000)-(t:0.456-v:122.000)-(t:0.457-v:121.000)-(t:0.464-v:120.000)-(t:0.468-v:119.000)-(t:0.483-v:118.000)-(t:0.485-v:117.000)-(t:0.485-v:116.000)-(t:0.486-v:115.000)-(t:0.486-v:114.000)-(t:0.489-v:113.000)-(t:0.489-v:112.000)-(t:0.491-v:111.000)-(t:0.492-v:110.000)-(t:0.492-v:109.000)-(t:0.513-v:108.000)-(t:0.517-v:107.000)-(t:0.518-v:106.000)-(t:0.520-v:105.000)-(t:0.524-v:104.000)-(t:0.540-v:102.000)-(t:0.541-v:101.000)-(t:0.544-v:100.000)-(t:0.549-v:99.000)-(t:0.565-v:98.000)-(t:0.566-v:97.000)-(t:0.568-v:96.000)-(t:0.569-v:95.000)-(t:0.571-v:94.000)-(t:0.573-v:93.000)-(t:0.573-v:92.000)-(t:0.599-v:91.000)-(t:0.614-v:90.000)-(t:0.615-v:89.000)-(t:0.615-v:88.000)-(t:0.616-v:87.000)-(t:0.616-v:86.000)-(t:0.617-v:85.000)-(t:0.618-v:83.000)-(t:0.620-v:81.000)-(t:0.621-v:80.000)-(t:0.621-v:79.000)-(t:0.622-v:78.000)-(t:0.623-v:77.000)-(t:0.623-v:76.000)-(t:0.624-v:75.000)-(t:0.626-v:74.000)-(t:0.639-v:73.000)-(t:0.643-v:72.000)-(t:0.668-v:71.000)-(t:0.676-v:70.000)-(t:0.679-v:69.000)-(t:0.684-v:68.000)-(t:0.686-v:67.000)-(t:0.687-v:66.000)-(t:0.700-v:65.000)-(t:0.703-v:64.000)-(t:0.737-v:63.000)-(t:0.752-v:62.000)-(t:0.925-v:61.000)-(t:1.084-v:60.000)-(t:1.253-v:59.000)-(t:1.537-v:58.000)-(t:1.573-v:57.000)-(t:1.574-v:56.000)-(t:1.940-v:55.000)-(t:1.992-v:54.000)-(t:2.009-v:53.000)-(t:2.040-v:52.000)-(t:2.045-v:51.000)-(t:2.108-v:50.000)-(t:2.184-v:49.000)-(t:2.333-v:48.000)-(t:2.355-v:47.000)-(t:2.437-v:46.000)-(t:2.619-v:45.000)-(t:2.658-v:44.000)-(t:2.701-v:43.000)-(t:2.707-v:42.000)-(t:2.717-v:41.000)-(t:2.727-v:40.000)-(t:2.759-v:39.000)-(t:2.806-v:38.000)-(t:2.841-v:37.000)-(t:2.860-v:36.000)-(t:2.882-v:35.000)-(t:2.913-v:34.000)-(t:2.963-v:33.000)-(t:2.994-v:32.000)-(t:3.014-v:31.000)-(t:3.045-v:30.000)-(t:3.087-v:28.000)-(t:3.135-v:27.000)-(t:3.178-v:26.000)-(t:3.207-v:25.000)-(t:3.237-v:24.000)-(t:3.239-v:23.000)-(t:3.273-v:22.000)-(t:3.277-v:21.000)-(t:3.280-v:20.000)-(t:3.328-v:19.000)-(t:3.329-v:18.000)-(t:3.339-v:17.000)-(t:3.355-v:16.000)-(t:3.358-v:15.000)-(t:3.399-v:14.000)-(t:3.428-v:13.000)-(t:3.433-v:12.000)-(t:3.477-v:11.000)-(t:3.479-v:10.000)-(t:3.527-v:9.000)-(t:3.581-v:8.000)-(t:3.625-v:7.000)-(t:3.940-v:6.000)-(t:4.014-v:5.000)-(t:4.018-v:4.000)-(t:4.069-v:3.000)-(t:4.136-v:2.000)-(t:5.256-v:1.000)-(t:5.281-v:0.000)]
examples/csp/csp_100/16-81.txt,epsilongreedy,900,10,[(t:0.055-v:145.000)-(t:0.056-v:144.000)-(t:0.058-v:141.000)-(t:0.059-v:140.000)-(t:0.061-v:139.000)-(t:0.062-v:138.000)-(t:0.063-v:137.000)-(t:0.064-v:136.000)-(t:0.067-v:135.000)-(t:0.067-v:134.000)-(t:0.073-v:133.000)-(t:0.073-v:132.000)-(t:0.074-v:131.000)-(t:0.074-v:129.000)-(t:0.075-v:128.000)-(t:0.076-v:127.000)-(t:0.076-v:126.000)-(t:0.085-v:124.000)-(t:0.087-v:123.000)-(t:0.088-v:122.000)-(t:0.089-v:121.000)-(t:0.089-v:119.000)-(t:0.090-v:117.000)-(t:0.090-v:116.000)-(t:0.090-v:115.000)-(t:0.092-v:114.000)-(t:0.092-v:113.000)-(t:0.095-v:112.000)-(t:0.095-v:111.000)-(t:0.095-v:110.000)-(t:0.096-v:109.000)-(t:0.097-v:107.000)-(t:0.097-v:106.000)-(t:0.098-v:105.000)-(t:0.098-v:104.000)-(t:0.099-v:103.000)-(t:0.102-v:102.000)-(t:0.102-v:101.000)-(t:0.103-v:100.000)-(t:0.103-v:98.000)-(t:0.103-v:97.000)-(t:0.104-v:96.000)-(t:0.104-v:95.000)-(t:0.104-v:94.000)-(t:0.104-v:93.000)-(t:0.105-v:92.000)-(t:0.105-v:91.000)-(t:0.105-v:90.000)-(t:0.105-v:89.000)-(t:0.106-v:88.000)-(t:0.106-v:87.000)-(t:0.106-v:86.000)-(t:0.106-v:85.000)-(t:0.107-v:84.000)-(t:0.107-v:83.000)-(t:0.108-v:82.000)-(t:0.108-v:81.000)-(t:0.108-v:80.000)-(t:0.109-v:79.000)-(t:0.109-v:78.000)-(t:0.110-v:74.000)-(t:0.111-v:73.000)-(t:0.111-v:71.000)-(t:0.112-v:70.000)-(t:0.112-v:68.000)-(t:0.112-v:65.000)-(t:0.113-v:62.000)-(t:0.113-v:61.000)-(t:0.132-v:60.000)-(t:0.132-v:57.000)-(t:0.133-v:56.000)-(t:0.133-v:54.000)-(t:0.136-v:53.000)-(t:0.137-v:52.000)-(t:0.147-v:51.000)-(t:0.148-v:50.000)-(t:0.155-v:49.000)-(t:0.156-v:48.000)-(t:0.157-v:47.000)-(t:0.168-v:46.000)-(t:0.168-v:45.000)-(t:0.169-v:44.000)-(t:0.170-v:42.000)-(t:0.171-v:41.000)-(t:0.173-v:40.000)-(t:0.174-v:39.000)-(t:0.175-v:38.000)-(t:0.177-v:37.000)-(t:0.178-v:36.000)-(t:0.178-v:35.000)-(t:0.188-v:34.000)-(t:0.189-v:33.000)-(t:0.190-v:32.000)-(t:0.192-v:31.000)-(t:0.193-v:30.000)-(t:0.197-v:29.000)-(t:0.197-v:28.000)-(t:0.199-v:27.000)-(t:0.201-v:26.000)-(t:0.223-v:25.000)-(t:0.227-v:24.000)-(t:0.294-v:23.000)-(t:0.339-v:21.000)-(t:0.371-v:20.000)-(t:0.372-v:19.000)-(t:0.396-v:18.000)-(t:0.397-v:17.000)-(t:0.399-v:16.000)-(t:0.449-v:15.000)-(t:0.494-v:14.000)-(t:0.510-v:13.000)-(t:0.533-v:12.000)-(t:0.564-v:11.000)-(t:0.602-v:10.000)]
examples/csp/csp_100/carseq_100_8_20_99.txt,bestslopefirst,900,1,[(t:0.053-v:142.000)-(t:0.059-v:138.000)-(t:0.060-v:133.000)-(t:0.061-v:132.000)-(t:0.079-v:131.000)-(t:0.085-v:130.000)-(t:0.091-v:126.000)-(t:0.091-v:124.000)-(t:0.093-v:123.000)-(t:0.095-v:122.000)-(t:0.097-v:121.000)-(t:0.097-v:120.000)-(t:0.099-v:119.000)-(t:0.115-v:117.000)-(t:0.115-v:116.000)-(t:0.116-v:115.000)-(t:0.117-v:114.000)-(t:0.118-v:111.000)-(t:0.119-v:110.000)-(t:0.119-v:109.000)-(t:0.122-v:108.000)-(t:0.122-v:107.000)-(t:0.123-v:106.000)-(t:0.124-v:104.000)-(t:0.124-v:103.000)-(t:0.125-v:102.000)-(t:0.125-v:100.000)-(t:0.126-v:99.000)-(t:0.126-v:98.000)-(t:0.126-v:97.000)-(t:0.126-v:96.000)-(t:0.128-v:95.000)-(t:0.128-v:94.000)-(t:0.129-v:92.000)-(t:0.129-v:89.000)-(t:0.130-v:88.000)-(t:0.130-v:87.000)-(t:0.130-v:86.000)-(t:0.131-v:84.000)-(t:0.145-v:83.000)-(t:0.145-v:82.000)-(t:0.145-v:81.000)-(t:0.146-v:80.000)-(t:0.146-v:79.000)-(t:0.147-v:78.000)-(t:0.147-v:77.000)-(t:0.147-v:76.000)-(t:0.148-v:75.000)-(t:0.149-v:74.000)-(t:0.149-v:73.000)-(t:0.149-v:72.000)-(t:0.150-v:71.000)-(t:0.150-v:70.000)-(t:0.151-v:69.000)-(t:0.151-v:68.000)-(t:0.152-v:67.000)-(t:0.153-v:66.000)-(t:0.155-v:65.000)-(t:0.156-v:64.000)-(t:0.156-v:63.000)-(t:0.157-v:62.000)-(t:0.157-v:60.000)-(t:0.157-v:59.000)-(t:0.160-v:58.000)-(t:0.160-v:56.000)-(t:0.161-v:55.000)-(t:0.177-v:54.000)-(t:0.178-v:53.000)-(t:0.178-v:52.000)-(t:0.179-v:51.000)-(t:0.179-v:50.000)-(t:0.180-v:49.000)-(t:0.180-v:48.000)-(t:0.181-v:47.000)-(t:0.181-v:46.000)-(t:0.182-v:45.000)-(t:0.182-v:44.000)-(t:0.183-v:43.000)-(t:0.184-v:42.000)-(t:0.184-v:41.000)-(t:0.186-v:40.000)-(t:0.186-v:39.000)-(t:0.188-v:38.000)-(t:0.188-v:37.000)-(t:0.188-v:36.000)-(t:0.190-v:35.000)-(t:0.191-v:34.000)-(t:0.191-v:33.000)-(t:0.191-v:32.000)-(t:0.206-v:31.000)-(t:0.209-v:29.000)-(t:0.209-v:28.000)-(t:0.210-v:27.000)-(t:0.212-v:26.000)-(t:0.213-v:25.000)-(t:0.225-v:24.000)-(t:0.228-v:23.000)-(t:0.319-v:21.000)-(t:0.336-v:20.000)-(t:0.367-v:19.000)-(t:0.372-v:18.000)-(t:0.479-v:17.000)-(t:0.498-v:16.000)-(t:0.499-v:15.000)-(t:0.501-v:14.000)-(t:0.504-v:13.000)-(t:0.520-v:12.000)-(t:0.538-v:11.000)-(t:0.573-v:10.000)-(t:0.653-v:9.000)-(t:0.826-v:8.000)-(t:0.843-v:7.000)-(t:0.965-v:6.000)-(t:1.689-v:5.000)-(t:1.692-v:4.000)-(t:1.706-v:3.000)-(t:1.775-v:2.000)-(t:2.908-v:1.000)]
examples/csp/csp_100/16-81.txt,ucb,900,8,[(t:0.039-v:150.000)-(t:0.041-v:149.000)-(t:0.042-v:148.000)-(t:0.043-v:146.000)-(t:0.043-v:143.000)-(t:0.044-v:142.000)-(t:0.045-v:141.000)-(t:0.045-v:140.000)-(t:0.046-v:134.000)-(t:0.047-v:132.000)-(t:0.048-v:130.000)-(t:0.055-v:128.000)-(t:0.055-v:127.000)-(t:0.056-v:126.000)-(t:0.056-v:125.000)-(t:0.057-v:124.000)-(t:0.058-v:121.000)-(t:0.058-v:119.000)-(t:0.059-v:116.000)-(t:0.066-v:114.000)-(t:0.068-v:113.000)-(t:0.068-v:110.000)-(t:0.069-v:107.000)-(t:0.082-v:106.000)-(t:0.083-v:103.000)-(t:0.086-v:102.000)-(t:0.087-v:101.000)-(t:0.088-v:100.000)-(t:0.089-v:98.000)-(t:0.090-v:96.000)-(t:0.092-v:95.000)-(t:0.094-v:93.000)-(t:0.094-v:92.000)-(t:0.096-v:91.000)-(t:0.100-v:89.000)-(t:0.100-v:88.000)-(t:0.101-v:87.000)-(t:0.102-v:85.000)-(t:0.102-v:84.000)-(t:0.103-v:83.000)-(t:0.103-v:82.000)-(t:0.104-v:81.000)-(t:0.104-v:80.000)-(t:0.105-v:79.000)-(t:0.115-v:78.000)-(t:0.115-v:77.000)-(t:0.116-v:76.000)-(t:0.117-v:75.000)-(t:0.119-v:74.000)-(t:0.134-v:73.000)-(t:0.138-v:72.000)-(t:0.141-v:70.000)-(t:0.143-v:69.000)-(t:0.145-v:67.000)-(t:0.147-v:65.000)-(t:0.154-v:64.000)-(t:0.156-v:63.000)-(t:0.157-v:62.000)-(t:0.158-v:61.000)-(t:0.159-v:60.000)-(t:0.165-v:59.000)-(t:0.166-v:58.000)-(t:0.174-v:57.000)-(t:0.180-v:56.000)-(t:0.181-v:55.000)-(t:0.183-v:54.000)-(t:0.185-v:53.000)-(t:0.187-v:52.000)-(t:0.189-v:51.000)-(t:0.203-v:50.000)-(t:0.206-v:49.000)-(t:0.211-v:48.000)-(t:0.236-v:47.000)-(t:0.238-v:46.000)-(t:0.240-v:45.000)-(t:0.284-v:44.000)-(t:0.284-v:43.000)-(t:0.285-v:42.000)-(t:0.286-v:41.000)-(t:0.287-v:40.000)-(t:0.304-v:38.000)-(t:0.305-v:36.000)-(t:0.313-v:35.000)-(t:0.313-v:33.000)-(t:0.316-v:32.000)-(t:0.321-v:31.000)-(t:0.322-v:30.000)-(t:0.323-v:29.000)-(t:0.324-v:28.000)-(t:0.340-v:26.000)-(t:0.343-v:25.000)-(t:0.344-v:24.000)-(t:0.344-v:23.000)-(t:0.360-v:22.000)-(t:0.373-v:21.000)-(t:0.374-v:20.000)-(t:0.376-v:19.000)-(t:0.393-v:18.000)-(t:0.394-v:17.000)-(t:0.401-v:16.000)-(t:0.457-v:15.000)-(t:0.461-v:14.000)-(t:0.467-v:13.000)-(t:0.516-v:12.000)-(t:0.563-v:11.000)-(t:0.711-v:10.000)-(t:0.733-v:9.000)-(t:0.897-v:8.000)]
examples/csp/csp_100/carseq_100_8_20_77.txt,epsilongreedy,900,0,[(t:0.044-v:129.000)-(t:0.046-v:126.000)-(t:0.048-v:125.000)-(t:0.051-v:122.000)-(t:0.053-v:120.000)-(t:0.054-v:117.000)-(t:0.054-v:116.000)-(t:0.068-v:115.000)-(t:0.073-v:114.000)-(t:0.074-v:112.000)-(t:0.075-v:111.000)-(t:0.077-v:110.000)-(t:0.079-v:109.000)-(t:0.080-v:108.000)-(t:0.081-v:107.000)-(t:0.082-v:106.000)-(t:0.082-v:103.000)-(t:0.084-v:102.000)-(t:0.084-v:101.000)-(t:0.084-v:97.000)-(t:0.085-v:96.000)-(t:0.087-v:95.000)-(t:0.087-v:94.000)-(t:0.088-v:93.000)-(t:0.088-v:92.000)-(t:0.089-v:91.000)-(t:0.089-v:90.000)-(t:0.090-v:87.000)-(t:0.090-v:86.000)-(t:0.091-v:85.000)-(t:0.092-v:84.000)-(t:0.094-v:83.000)-(t:0.094-v:80.000)-(t:0.095-v:79.000)-(t:0.095-v:77.000)-(t:0.100-v:74.000)-(t:0.101-v:73.000)-(t:0.101-v:72.000)-(t:0.102-v:71.000)-(t:0.102-v:70.000)-(t:0.103-v:69.000)-(t:0.103-v:68.000)-(t:0.104-v:67.000)-(t:0.105-v:66.000)-(t:0.106-v:65.000)-(t:0.106-v:64.000)-(t:0.120-v:63.000)-(t:0.120-v:62.000)-(t:0.121-v:61.000)-(t:0.122-v:60.000)-(t:0.122-v:59.000)-(t:0.124-v:58.000)-(t:0.125-v:57.000)-(t:0.125-v:55.000)-(t:0.126-v:54.000)-(t:0.126-v:53.000)-(t:0.127-v:52.000)-(t:0.127-v:51.000)-(t:0.128-v:50.000)-(t:0.129-v:49.000)-(t:0.129-v:48.000)-(t:0.130-v:47.000)-(t:0.131-v:45.000)-(t:0.136-v:44.000)-(t:0.137-v:43.000)-(t:0.138-v:42.000)-(t:0.139-v:41.000)-(t:0.151-v:40.000)-(t:0.153-v:39.000)-(t:0.153-v:38.000)-(t:0.155-v:37.000)-(t:0.156-v:36.000)-(t:0.157-v:35.000)-(t:0.157-v:34.000)-(t:0.158-v:32.000)-(t:0.159-v:30.000)-(t:0.159-v:29.000)-(t:0.159-v:28.000)-(t:0.174-v:27.000)-(t:0.178-v:26.000)-(t:0.181-v:25.000)-(t:0.182-v:24.000)-(t:0.183-v:23.000)-(t:0.186-v:22.000)-(t:0.192-v:21.000)-(t:0.201-v:20.000)-(t:0.212-v:19.000)-(t:0.213-v:18.000)-(t:0.227-v:17.000)-(t:0.266-v:16.000)-(t:0.396-v:15.000)-(t:0.466-v:14.000)-(t:0.517-v:13.000)-(t:0.547-v:12.000)-(t:0.554-v:11.000)-(t:0.560-v:10.000)-(t:0.579-v:9.000)-(t:0.595-v:8.000)-(t:0.618-v:7.000)-(t:0.624-v:6.000)-(t:0.639-v:5.000)-(t:0.642-v:4.000)-(t:0.648-v:3.000)-(t:0.674-v:2.000)-(t:0.944-v:1.000)-(t:43.900-v:0.000)]
examples/csp/csp_100/carseq_100_8_20_82.txt,ucb,900,1,[(t:0.030-v:142.000)-(t:0.033-v:141.000)-(t:0.034-v:140.000)-(t:0.040-v:139.000)-(t:0.041-v:138.000)-(t:0.042-v:137.000)-(t:0.043-v:136.000)-(t:0.044-v:134.000)-(t:0.045-v:133.000)-(t:0.046-v:132.000)-(t:0.050-v:131.000)-(t:0.052-v:130.000)-(t:0.053-v:129.000)-(t:0.053-v:127.000)-(t:0.054-v:126.000)-(t:0.066-v:123.000)-(t:0.067-v:121.000)-(t:0.069-v:119.000)-(t:0.070-v:117.000)-(t:0.070-v:115.000)-(t:0.072-v:112.000)-(t:0.072-v:111.000)-(t:0.073-v:109.000)-(t:0.073-v:107.000)-(t:0.075-v:105.000)-(t:0.076-v:104.000)-(t:0.076-v:101.000)-(t:0.077-v:100.000)-(t:0.077-v:98.000)-(t:0.078-v:96.000)-(t:0.079-v:94.000)-(t:0.081-v:92.000)-(t:0.082-v:91.000)-(t:0.083-v:90.000)-(t:0.096-v:88.000)-(t:0.096-v:87.000)-(t:0.098-v:86.000)-(t:0.099-v:85.000)-(t:0.100-v:83.000)-(t:0.100-v:82.000)-(t:0.102-v:81.000)-(t:0.103-v:80.000)-(t:0.105-v:79.000)-(t:0.106-v:76.000)-(t:0.106-v:74.000)-(t:0.106-v:72.000)-(t:0.107-v:70.000)-(t:0.108-v:69.000)-(t:0.108-v:68.000)-(t:0.109-v:66.000)-(t:0.112-v:65.000)-(t:0.125-v:64.000)-(t:0.128-v:62.000)-(t:0.129-v:61.000)-(t:0.130-v:60.000)-(t:0.132-v:59.000)-(t:0.133-v:58.000)-(t:0.134-v:57.000)-(t:0.137-v:55.000)-(t:0.193-v:53.000)-(t:0.199-v:52.000)-(t:0.201-v:51.000)-(t:0.209-v:49.000)-(t:0.214-v:48.000)-(t:0.236-v:47.000)-(t:0.238-v:45.000)-(t:0.257-v:44.000)-(t:0.257-v:43.000)-(t:0.267-v:42.000)-(t:0.267-v:40.000)-(t:0.274-v:39.000)-(t:0.290-v:38.000)-(t:0.290-v:37.000)-(t:0.291-v:36.000)-(t:0.292-v:35.000)-(t:0.298-v:34.000)-(t:0.300-v:33.000)-(t:0.301-v:32.000)-(t:0.303-v:31.000)-(t:0.318-v:30.000)-(t:0.319-v:29.000)-(t:0.321-v:28.000)-(t:0.322-v:27.000)-(t:0.323-v:26.000)-(t:0.325-v:25.000)-(t:0.327-v:24.000)-(t:0.328-v:23.000)-(t:0.330-v:22.000)-(t:0.346-v:21.000)-(t:0.353-v:20.000)-(t:0.358-v:19.000)-(t:0.400-v:18.000)-(t:0.433-v:16.000)-(t:0.436-v:15.000)-(t:0.447-v:14.000)-(t:0.617-v:13.000)-(t:0.622-v:12.000)-(t:0.622-v:11.000)-(t:0.643-v:10.000)-(t:0.654-v:9.000)-(t:0.654-v:8.000)-(t:0.875-v:7.000)-(t:0.877-v:6.000)-(t:0.899-v:5.000)-(t:1.111-v:4.000)-(t:1.146-v:3.000)-(t:1.258-v:2.000)-(t:1.864-v:1.000)]
examples/csp/csp_100/carseq_100_8_20_77.txt,ucb,900,0,[(t:0.037-v:119.000)-(t:0.041-v:118.000)-(t:0.042-v:117.000)-(t:0.043-v:116.000)-(t:0.044-v:115.000)-(t:0.045-v:110.000)-(t:0.049-v:108.000)-(t:0.050-v:107.000)-(t:0.052-v:106.000)-(t:0.053-v:103.000)-(t:0.053-v:102.000)-(t:0.054-v:101.000)-(t:0.055-v:100.000)-(t:0.055-v:97.000)-(t:0.056-v:96.000)-(t:0.058-v:95.000)-(t:0.061-v:94.000)-(t:0.075-v:93.000)-(t:0.076-v:92.000)-(t:0.076-v:90.000)-(t:0.077-v:89.000)-(t:0.077-v:87.000)-(t:0.078-v:84.000)-(t:0.078-v:83.000)-(t:0.079-v:81.000)-(t:0.081-v:79.000)-(t:0.081-v:78.000)-(t:0.082-v:77.000)-(t:0.083-v:76.000)-(t:0.086-v:73.000)-(t:0.089-v:72.000)-(t:0.091-v:71.000)-(t:0.093-v:70.000)-(t:0.107-v:68.000)-(t:0.108-v:67.000)-(t:0.110-v:65.000)-(t:0.112-v:64.000)-(t:0.114-v:61.000)-(t:0.115-v:60.000)-(t:0.116-v:58.000)-(t:0.119-v:57.000)-(t:0.120-v:56.000)-(t:0.166-v:55.000)-(t:0.168-v:54.000)-(t:0.169-v:53.000)-(t:0.172-v:52.000)-(t:0.174-v:51.000)-(t:0.177-v:50.000)-(t:0.178-v:49.000)-(t:0.185-v:46.000)-(t:0.187-v:44.000)-(t:0.210-v:43.000)-(t:0.212-v:42.000)-(t:0.214-v:41.000)-(t:0.216-v:40.000)-(t:0.218-v:39.000)-(t:0.243-v:38.000)-(t:0.247-v:37.000)-(t:0.267-v:36.000)-(t:0.300-v:35.000)-(t:0.307-v:34.000)-(t:0.341-v:33.000)-(t:0.355-v:32.000)-(t:0.359-v:31.000)-(t:0.361-v:30.000)-(t:0.361-v:29.000)-(t:0.365-v:28.000)-(t:0.366-v:27.000)-(t:0.368-v:26.000)-(t:0.370-v:25.000)-(t:0.384-v:24.000)-(t:0.385-v:23.000)-(t:0.386-v:22.000)-(t:0.389-v:21.000)-(t:0.406-v:20.000)-(t:0.407-v:19.000)-(t:0.410-v:18.000)-(t:0.410-v:17.000)-(t:0.441-v:16.000)-(t:0.479-v:15.000)-(t:0.482-v:14.000)-(t:0.485-v:13.000)-(t:0.512-v:12.000)-(t:0.535-v:11.000)-(t:0.536-v:10.000)-(t:0.586-v:9.000)-(t:0.586-v:8.000)-(t:0.586-v:7.000)-(t:0.587-v:6.000)-(t:0.602-v:5.000)-(t:0.604-v:4.000)-(t:0.637-v:3.000)-(t:0.679-v:2.000)-(t:0.810-v:1.000)-(t:1.483-v:0.000)]
examples/csp/csp_400/pb_400_10.txt,ucb,900,1,[(t:0.025-v:463.000)-(t:0.029-v:461.000)-(t:0.035-v:459.000)-(t:0.037-v:454.000)-(t:0.040-v:453.000)-(t:0.043-v:448.000)-(t:0.049-v:447.000)-(t:0.057-v:446.000)-(t:0.057-v:444.000)-(t:0.058-v:443.000)-(t:0.059-v:442.000)-(t:0.060-v:441.000)-(t:0.061-v:437.000)-(t:0.061-v:430.000)-(t:0.062-v:429.000)-(t:0.063-v:428.000)-(t:0.064-v:420.000)-(t:0.065-v:418.000)-(t:0.066-v:416.000)-(t:0.066-v:415.000)-(t:0.067-v:414.000)-(t:0.068-v:412.000)-(t:0.071-v:411.000)-(t:0.095-v:410.000)-(t:0.097-v:409.000)-(t:0.100-v:408.000)-(t:0.102-v:404.000)-(t:0.103-v:403.000)-(t:0.104-v:401.000)-(t:0.107-v:400.000)-(t:0.108-v:399.000)-(t:0.110-v:398.000)-(t:0.111-v:397.000)-(t:0.113-v:396.000)-(t:0.114-v:395.000)-(t:0.115-v:394.000)-(t:0.128-v:392.000)-(t:0.129-v:391.000)-(t:0.129-v:390.000)-(t:0.130-v:389.000)-(t:0.131-v:387.000)-(t:0.132-v:386.000)-(t:0.139-v:385.000)-(t:0.140-v:383.000)-(t:0.141-v:380.000)-(t:0.142-v:379.000)-(t:0.143-v:376.000)-(t:0.144-v:375.000)-(t:0.145-v:370.000)-(t:0.145-v:369.000)-(t:0.146-v:365.000)-(t:0.146-v:362.000)-(t:0.147-v:361.000)-(t:0.160-v:360.000)-(t:0.160-v:359.000)-(t:0.161-v:358.000)-(t:0.162-v:357.000)-(t:0.162-v:356.000)-(t:0.163-v:354.000)-(t:0.164-v:353.000)-(t:0.164-v:352.000)-(t:0.165-v:349.000)-(t:0.166-v:348.000)-(t:0.169-v:347.000)-(t:0.170-v:345.000)-(t:0.171-v:344.000)-(t:0.172-v:343.000)-(t:0.172-v:342.000)-(t:0.173-v:339.000)-(t:0.173-v:337.000)-(t:0.174-v:336.000)-(t:0.174-v:335.000)-(t:0.182-v:334.000)-(t:0.183-v:333.000)-(t:0.183-v:332.000)-(t:0.187-v:329.000)-(t:0.187-v:328.000)-(t:0.188-v:327.000)-(t:0.189-v:326.000)-(t:0.189-v:325.000)-(t:0.190-v:324.000)-(t:0.191-v:323.000)-(t:0.192-v:321.000)-(t:0.206-v:320.000)-(t:0.208-v:319.000)-(t:0.209-v:318.000)-(t:0.210-v:317.000)-(t:0.212-v:316.000)-(t:0.214-v:315.000)-(t:0.215-v:314.000)-(t:0.216-v:313.000)-(t:0.218-v:312.000)-(t:0.219-v:311.000)-(t:0.232-v:310.000)-(t:0.234-v:309.000)-(t:0.236-v:307.000)-(t:0.237-v:306.000)-(t:0.239-v:305.000)-(t:0.241-v:302.000)-(t:0.243-v:301.000)-(t:0.244-v:300.000)-(t:0.258-v:299.000)-(t:0.259-v:298.000)-(t:0.261-v:296.000)-(t:0.262-v:294.000)-(t:0.264-v:291.000)-(t:0.266-v:290.000)-(t:0.268-v:289.000)-(t:0.270-v:287.000)-(t:0.271-v:284.000)-(t:0.282-v:283.000)-(t:0.284-v:282.000)-(t:0.286-v:281.000)-(t:0.288-v:280.000)-(t:0.289-v:279.000)-(t:0.304-v:278.000)-(t:0.306-v:276.000)-(t:0.308-v:275.000)-(t:0.309-v:273.000)-(t:0.311-v:271.000)-(t:0.313-v:269.000)-(t:0.315-v:268.000)-(t:0.317-v:267.000)-(t:0.326-v:266.000)-(t:0.326-v:264.000)-(t:0.327-v:263.000)-(t:0.333-v:262.000)-(t:0.336-v:261.000)-(t:0.338-v:260.000)-(t:0.339-v:257.000)-(t:0.341-v:255.000)-(t:0.343-v:254.000)-(t:0.345-v:253.000)-(t:0.359-v:251.000)-(t:0.361-v:250.000)-(t:0.363-v:248.000)-(t:0.365-v:247.000)-(t:0.366-v:246.000)-(t:0.368-v:245.000)-(t:0.371-v:244.000)-(t:0.395-v:243.000)-(t:0.401-v:242.000)-(t:0.403-v:240.000)-(t:0.406-v:239.000)-(t:0.408-v:238.000)-(t:0.411-v:237.000)-(t:0.413-v:235.000)-(t:0.429-v:234.000)-(t:0.431-v:233.000)-(t:0.434-v:232.000)-(t:0.437-v:231.000)-(t:0.440-v:230.000)-(t:0.456-v:228.000)-(t:0.457-v:226.000)-(t:0.459-v:224.000)-(t:0.461-v:223.000)-(t:0.476-v:222.000)-(t:0.480-v:221.000)-(t:0.483-v:220.000)-(t:0.486-v:219.000)-(t:0.490-v:218.000)-(t:0.493-v:217.000)-(t:0.516-v:216.000)-(t:0.517-v:215.000)-(t:0.520-v:214.000)-(t:0.557-v:212.000)-(t:0.558-v:210.000)-(t:0.559-v:208.000)-(t:0.559-v:205.000)-(t:0.560-v:202.000)-(t:0.561-v:201.000)-(t:0.573-v:197.000)-(t:0.574-v:196.000)-(t:0.576-v:193.000)-(t:0.576-v:192.000)-(t:0.578-v:191.000)-(t:0.578-v:190.000)-(t:0.579-v:189.000)-(t:0.580-v:188.000)-(t:0.580-v:187.000)-(t:0.581-v:186.000)-(t:0.581-v:185.000)-(t:0.582-v:184.000)-(t:0.583-v:183.000)-(t:0.584-v:181.000)-(t:0.584-v:180.000)-(t:0.584-v:179.000)-(t:0.585-v:178.000)-(t:0.586-v:176.000)-(t:0.586-v:174.000)-(t:0.588-v:173.000)-(t:0.590-v:172.000)-(t:0.590-v:171.000)-(t:0.592-v:170.000)-(t:0.592-v:168.000)-(t:0.593-v:167.000)-(t:0.593-v:166.000)-(t:0.594-v:165.000)-(t:0.595-v:164.000)-(t:0.595-v:162.000)-(t:0.596-v:161.000)-(t:0.596-v:160.000)-(t:0.596-v:159.000)-(t:0.596-v:157.000)-(t:0.609-v:156.000)-(t:0.609-v:155.000)-(t:0.610-v:154.000)-(t:0.610-v:153.000)-(t:0.612-v:152.000)-(t:0.612-v:151.000)-(t:0.613-v:150.000)-(t:0.613-v:147.000)-(t:0.614-v:146.000)-(t:0.614-v:145.000)-(t:0.616-v:143.000)-(t:0.616-v:142.000)-(t:0.617-v:141.000)-(t:0.618-v:140.000)-(t:0.620-v:139.000)-(t:0.621-v:138.000)-(t:0.622-v:135.000)-(t:0.630-v:134.000)-(t:0.631-v:133.000)-(t:0.631-v:132.000)-(t:0.632-v:130.000)-(t:0.634-v:129.000)-(t:0.639-v:128.000)-(t:0.641-v:126.000)-(t:0.653-v:125.000)-(t:0.656-v:124.000)-(t:0.659-v:123.000)-(t:0.661-v:122.000)-(t:0.663-v:121.000)-(t:0.681-v:120.000)-(t:0.682-v:118.000)-(t:0.709-v:117.000)-(t:0.746-v:116.000)-(t:0.750-v:115.000)-(t:0.756-v:114.000)-(t:0.787-v:113.000)-(t:0.801-v:112.000)-(t:0.803-v:111.000)-(t:0.805-v:110.000)-(t:0.826-v:109.000)-(t:0.835-v:108.000)-(t:0.859-v:107.000)-(t:0.860-v:106.000)-(t:0.861-v:105.000)-(t:0.861-v:104.000)-(t:0.862-v:103.000)-(t:0.863-v:102.000)-(t:0.880-v:101.000)-(t:0.880-v:100.000)-(t:0.881-v:99.000)-(t:0.882-v:98.000)-(t:0.884-v:97.000)-(t:0.886-v:96.000)-(t:0.888-v:94.000)-(t:0.889-v:93.000)-(t:0.890-v:92.000)-(t:0.890-v:91.000)-(t:0.906-v:90.000)-(t:0.910-v:89.000)-(t:0.913-v:88.000)-(t:0.917-v:87.000)-(t:0.925-v:86.000)-(t:0.928-v:85.000)-(t:0.929-v:84.000)-(t:0.930-v:83.000)-(t:0.931-v:82.000)-(t:0.947-v:81.000)-(t:0.948-v:80.000)-(t:0.949-v:79.000)-(t:0.952-v:78.000)-(t:0.954-v:77.000)-(t:0.971-v:76.000)-(t:0.974-v:75.000)-(t:0.974-v:74.000)-(t:0.975-v:73.000)-(t:0.976-v:72.000)-(t:0.977-v:71.000)-(t:0.978-v:70.000)-(t:0.979-v:69.000)-(t:0.980-v:68.000)-(t:0.982-v:67.000)-(t:0.998-v:66.000)-(t:0.999-v:65.000)-(t:1.001-v:64.000)-(t:1.005-v:63.000)-(t:1.006-v:62.000)-(t:1.019-v:61.000)-(t:1.024-v:60.000)-(t:1.025-v:59.000)-(t:1.047-v:58.000)-(t:1.052-v:57.000)-(t:1.053-v:56.000)-(t:1.053-v:55.000)-(t:1.058-v:54.000)-(t:1.075-v:53.000)-(t:1.079-v:52.000)-(t:1.082-v:51.000)-(t:1.084-v:50.000)-(t:1.085-v:49.000)-(t:1.103-v:48.000)-(t:1.107-v:47.000)-(t:1.113-v:46.000)-(t:1.131-v:45.000)-(t:1.133-v:44.000)-(t:1.136-v:43.000)-(t:1.138-v:42.000)-(t:1.142-v:41.000)-(t:1.171-v:40.000)-(t:1.196-v:39.000)-(t:1.201-v:38.000)-(t:1.205-v:37.000)-(t:1.223-v:36.000)-(t:1.238-v:35.000)-(t:1.254-v:34.000)-(t:1.298-v:33.000)-(t:1.300-v:32.000)-(t:1.303-v:31.000)-(t:1.309-v:30.000)-(t:1.330-v:29.000)-(t:1.362-v:28.000)-(t:1.376-v:27.000)-(t:1.394-v:26.000)-(t:1.458-v:25.000)-(t:1.536-v:24.000)-(t:1.575-v:23.000)-(t:1.632-v:22.000)-(t:1.729-v:21.000)-(t:1.754-v:20.000)-(t:1.797-v:19.000)-(t:1.804-v:18.000)-(t:3.892-v:17.000)-(t:4.038-v:16.000)-(t:4.094-v:15.000)-(t:4.245-v:14.000)-(t:4.391-v:13.000)-(t:4.601-v:12.000)-(t:4.792-v:11.000)-(t:5.942-v:10.000)-(t:6.045-v:9.000)-(t:6.149-v:8.000)-(t:6.282-v:7.000)-(t:6.799-v:6.000)-(t:7.402-v:5.000)-(t:9.123-v:4.000)-(t:10.111-v:3.000)-(t:15.208-v:2.000)-(t:328.171-v:1.000)]
examples/csp/csp_200/pb_200_09.txt,ucb,900,10,[(t:0.021-v:241.000)-(t:0.024-v:238.000)-(t:0.026-v:237.000)-(t:0.027-v:236.000)-(t:0.033-v:235.000)-(t:0.038-v:234.000)-(t:0.039-v:232.000)-(t:0.040-v:231.000)-(t:0.042-v:230.000)-(t:0.044-v:228.000)-(t:0.046-v:226.000)-(t:0.047-v:224.000)-(t:0.049-v:221.000)-(t:0.050-v:220.000)-(t:0.054-v:219.000)-(t:0.058-v:217.000)-(t:0.059-v:214.000)-(t:0.061-v:209.000)-(t:0.062-v:208.000)-(t:0.063-v:205.000)-(t:0.063-v:204.000)-(t:0.064-v:201.000)-(t:0.065-v:200.000)-(t:0.065-v:199.000)-(t:0.066-v:197.000)-(t:0.084-v:195.000)-(t:0.085-v:194.000)-(t:0.085-v:192.000)-(t:0.086-v:191.000)-(t:0.087-v:188.000)-(t:0.087-v:186.000)-(t:0.089-v:183.000)-(t:0.090-v:182.000)-(t:0.091-v:180.000)-(t:0.091-v:179.000)-(t:0.092-v:178.000)-(t:0.095-v:177.000)-(t:0.095-v:176.000)-(t:0.102-v:173.000)-(t:0.103-v:171.000)-(t:0.103-v:170.000)-(t:0.104-v:169.000)-(t:0.105-v:168.000)-(t:0.105-v:167.000)-(t:0.106-v:165.000)-(t:0.106-v:164.000)-(t:0.107-v:163.000)-(t:0.109-v:161.000)-(t:0.109-v:160.000)-(t:0.109-v:159.000)-(t:0.110-v:157.000)-(t:0.110-v:155.000)-(t:0.110-v:154.000)-(t:0.123-v:153.000)-(t:0.124-v:148.000)-(t:0.125-v:147.000)-(t:0.125-v:146.000)-(t:0.126-v:145.000)-(t:0.126-v:144.000)-(t:0.127-v:143.000)-(t:0.127-v:142.000)-(t:0.128-v:140.000)-(t:0.129-v:139.000)-(t:0.133-v:138.000)-(t:0.134-v:137.000)-(t:0.134-v:136.000)-(t:0.135-v:135.000)-(t:0.136-v:132.000)-(t:0.136-v:131.000)-(t:0.138-v:130.000)-(t:0.138-v:129.000)-(t:0.139-v:128.000)-(t:0.140-v:126.000)-(t:0.142-v:125.000)-(t:0.156-v:123.000)-(t:0.157-v:120.000)-(t:0.157-v:119.000)-(t:0.159-v:118.000)-(t:0.160-v:117.000)-(t:0.161-v:116.000)-(t:0.163-v:115.000)-(t:0.163-v:114.000)-(t:0.164-v:113.000)-(t:0.164-v:112.000)-(t:0.165-v:111.000)-(t:0.167-v:109.000)-(t:0.182-v:108.000)-(t:0.184-v:106.000)-(t:0.186-v:105.000)-(t:0.222-v:104.000)-(t:0.233-v:103.000)-(t:0.235-v:102.000)-(t:0.239-v:101.000)-(t:0.258-v:100.000)-(t:0.260-v:99.000)-(t:0.260-v:98.000)-(t:0.261-v:97.000)-(t:0.269-v:96.000)-(t:0.269-v:95.000)-(t:0.270-v:94.000)-(t:0.271-v:93.000)-(t:0.287-v:92.000)-(t:0.288-v:90.000)-(t:0.290-v:89.000)-(t:0.296-v:87.000)-(t:0.297-v:86.000)-(t:0.308-v:85.000)-(t:0.309-v:84.000)-(t:0.309-v:83.000)-(t:0.310-v:82.000)-(t:0.310-v:80.000)-(t:0.312-v:78.000)-(t:0.313-v:77.000)-(t:0.314-v:76.000)-(t:0.316-v:75.000)-(t:0.329-v:74.000)-(t:0.330-v:73.000)-(t:0.332-v:72.000)-(t:0.334-v:71.000)-(t:0.335-v:70.000)-(t:0.336-v:69.000)-(t:0.337-v:68.000)-(t:0.338-v:67.000)-(t:0.339-v:66.000)-(t:0.340-v:65.000)-(t:0.341-v:64.000)-(t:0.342-v:63.000)-(t:0.353-v:62.000)-(t:0.355-v:61.000)-(t:0.355-v:60.000)-(t:0.357-v:59.000)-(t:0.357-v:58.000)-(t:0.358-v:57.000)-(t:0.361-v:56.000)-(t:0.362-v:55.000)-(t:0.362-v:54.000)-(t:0.375-v:53.000)-(t:0.376-v:52.000)-(t:0.377-v:51.000)-(t:0.378-v:50.000)-(t:0.379-v:49.000)-(t:0.380-v:48.000)-(t:0.381-v:47.000)-(t:0.383-v:46.000)-(t:0.385-v:45.000)-(t:0.387-v:44.000)-(t:0.389-v:43.000)-(t:0.390-v:42.000)-(t:0.391-v:41.000)-(t:0.398-v:40.000)-(t:0.428-v:39.000)-(t:0.432-v:38.000)-(t:0.473-v:37.000)-(t:0.482-v:36.000)-(t:0.552-v:35.000)-(t:0.580-v:34.000)-(t:0.674-v:33.000)-(t:0.736-v:32.000)-(t:0.753-v:31.000)-(t:0.812-v:30.000)-(t:0.838-v:29.000)-(t:0.945-v:28.000)-(t:0.961-v:27.000)-(t:0.961-v:26.000)-(t:0.963-v:25.000)-(t:0.977-v:24.000)-(t:0.980-v:23.000)-(t:0.982-v:22.000)-(t:0.988-v:21.000)-(t:0.988-v:20.000)-(t:0.992-v:19.000)-(t:0.997-v:18.000)-(t:1.259-v:17.000)-(t:1.867-v:16.000)-(t:1.871-v:15.000)-(t:1.896-v:14.000)-(t:1.973-v:13.000)-(t:2.856-v:12.000)-(t:3.068-v:11.000)-(t:7.003-v:10.000)]
examples/csp/csp_500/carseq_500_8_20_93.txt,ucb,900,11,[(t:0.023-v:645.000)-(t:0.028-v:644.000)-(t:0.032-v:643.000)-(t:0.035-v:638.000)-(t:0.039-v:636.000)-(t:0.042-v:635.000)-(t:0.047-v:632.000)-(t:0.051-v:630.000)-(t:0.054-v:629.000)-(t:0.055-v:628.000)-(t:0.056-v:624.000)-(t:0.057-v:622.000)-(t:0.060-v:619.000)-(t:0.061-v:617.000)-(t:0.062-v:614.000)-(t:0.077-v:609.000)-(t:0.078-v:608.000)-(t:0.078-v:606.000)-(t:0.079-v:604.000)-(t:0.080-v:603.000)-(t:0.081-v:602.000)-(t:0.081-v:599.000)-(t:0.082-v:596.000)-(t:0.083-v:595.000)-(t:0.084-v:594.000)-(t:0.085-v:593.000)-(t:0.085-v:591.000)-(t:0.086-v:590.000)-(t:0.087-v:589.000)-(t:0.088-v:588.000)-(t:0.088-v:586.000)-(t:0.089-v:585.000)-(t:0.090-v:584.000)-(t:0.093-v:582.000)-(t:0.097-v:581.000)-(t:0.102-v:579.000)-(t:0.106-v:578.000)-(t:0.109-v:574.000)-(t:0.117-v:572.000)-(t:0.118-v:571.000)-(t:0.118-v:569.000)-(t:0.119-v:568.000)-(t:0.125-v:567.000)-(t:0.126-v:566.000)-(t:0.126-v:564.000)-(t:0.127-v:563.000)-(t:0.128-v:562.000)-(t:0.128-v:560.000)-(t:0.129-v:558.000)-(t:0.130-v:556.000)-(t:0.130-v:555.000)-(t:0.131-v:552.000)-(t:0.132-v:547.000)-(t:0.132-v:546.000)-(t:0.133-v:545.000)-(t:0.134-v:544.000)-(t:0.134-v:543.000)-(t:0.135-v:542.000)-(t:0.136-v:541.000)-(t:0.136-v:540.000)-(t:0.150-v:539.000)-(t:0.155-v:537.000)-(t:0.156-v:536.000)-(t:0.172-v:535.000)-(t:0.172-v:534.000)-(t:0.173-v:533.000)-(t:0.173-v:532.000)-(t:0.174-v:529.000)-(t:0.174-v:527.000)-(t:0.175-v:526.000)-(t:0.175-v:525.000)-(t:0.175-v:524.000)-(t:0.176-v:522.000)-(t:0.177-v:517.000)-(t:0.177-v:516.000)-(t:0.178-v:515.000)-(t:0.178-v:514.000)-(t:0.179-v:513.000)-(t:0.179-v:510.000)-(t:0.179-v:509.000)-(t:0.180-v:508.000)-(t:0.181-v:503.000)-(t:0.181-v:502.000)-(t:0.182-v:500.000)-(t:0.182-v:498.000)-(t:0.184-v:497.000)-(t:0.185-v:496.000)-(t:0.185-v:495.000)-(t:0.185-v:494.000)-(t:0.186-v:493.000)-(t:0.186-v:492.000)-(t:0.187-v:491.000)-(t:0.187-v:490.000)-(t:0.200-v:489.000)-(t:0.200-v:488.000)-(t:0.201-v:487.000)-(t:0.201-v:486.000)-(t:0.202-v:484.000)-(t:0.202-v:483.000)-(t:0.203-v:481.000)-(t:0.205-v:480.000)-(t:0.206-v:479.000)-(t:0.206-v:478.000)-(t:0.207-v:477.000)-(t:0.208-v:476.000)-(t:0.209-v:473.000)-(t:0.209-v:472.000)-(t:0.210-v:471.000)-(t:0.211-v:470.000)-(t:0.211-v:469.000)-(t:0.212-v:468.000)-(t:0.216-v:466.000)-(t:0.217-v:465.000)-(t:0.217-v:464.000)-(t:0.218-v:463.000)-(t:0.219-v:462.000)-(t:0.220-v:460.000)-(t:0.220-v:459.000)-(t:0.221-v:458.000)-(t:0.221-v:456.000)-(t:0.221-v:454.000)-(t:0.221-v:453.000)-(t:0.222-v:451.000)-(t:0.236-v:450.000)-(t:0.236-v:449.000)-(t:0.237-v:448.000)-(t:0.237-v:447.000)-(t:0.240-v:446.000)-(t:0.241-v:445.000)-(t:0.242-v:444.000)-(t:0.244-v:443.000)-(t:0.246-v:442.000)-(t:0.247-v:441.000)-(t:0.249-v:440.000)-(t:0.253-v:439.000)-(t:0.255-v:437.000)-(t:0.256-v:436.000)-(t:0.258-v:433.000)-(t:0.275-v:431.000)-(t:0.277-v:430.000)-(t:0.291-v:429.000)-(t:0.293-v:428.000)-(t:0.295-v:427.000)-(t:0.297-v:426.000)-(t:0.299-v:425.000)-(t:0.301-v:422.000)-(t:0.303-v:421.000)-(t:0.305-v:420.000)-(t:0.307-v:419.000)-(t:0.321-v:418.000)-(t:0.323-v:415.000)-(t:0.326-v:414.000)-(t:0.328-v:413.000)-(t:0.330-v:412.000)-(t:0.346-v:409.000)-(t:0.348-v:406.000)-(t:0.350-v:404.000)-(t:0.353-v:403.000)-(t:0.354-v:402.000)-(t:0.355-v:401.000)-(t:0.369-v:400.000)-(t:0.370-v:398.000)-(t:0.372-v:397.000)-(t:0.374-v:395.000)-(t:0.375-v:394.000)-(t:0.377-v:393.000)-(t:0.379-v:392.000)-(t:0.380-v:391.000)-(t:0.382-v:390.000)-(t:0.384-v:388.000)-(t:0.386-v:387.000)-(t:0.388-v:383.000)-(t:0.402-v:381.000)-(t:0.404-v:380.000)-(t:0.406-v:379.000)-(t:0.407-v:377.000)-(t:0.421-v:376.000)-(t:0.422-v:375.000)-(t:0.423-v:371.000)-(t:0.424-v:369.000)-(t:0.425-v:368.000)-(t:0.427-v:366.000)-(t:0.429-v:365.000)-(t:0.431-v:363.000)-(t:0.433-v:362.000)-(t:0.439-v:361.000)-(t:0.441-v:360.000)-(t:0.443-v:359.000)-(t:0.457-v:358.000)-(t:0.459-v:357.000)-(t:0.461-v:356.000)-(t:0.463-v:355.000)-(t:0.465-v:354.000)-(t:0.476-v:353.000)-(t:0.477-v:352.000)-(t:0.479-v:351.000)-(t:0.481-v:350.000)-(t:0.483-v:347.000)-(t:0.485-v:346.000)-(t:0.487-v:345.000)-(t:0.488-v:344.000)-(t:0.503-v:343.000)-(t:0.505-v:342.000)-(t:0.507-v:341.000)-(t:0.508-v:340.000)-(t:0.509-v:339.000)-(t:0.510-v:337.000)-(t:0.512-v:336.000)-(t:0.514-v:335.000)-(t:0.535-v:334.000)-(t:0.536-v:333.000)-(t:0.539-v:331.000)-(t:0.541-v:330.000)-(t:0.543-v:329.000)-(t:0.544-v:325.000)-(t:0.546-v:324.000)-(t:0.547-v:323.000)-(t:0.547-v:322.000)-(t:0.548-v:320.000)-(t:0.548-v:319.000)-(t:0.549-v:318.000)-(t:0.550-v:317.000)-(t:0.561-v:316.000)-(t:0.562-v:315.000)-(t:0.564-v:314.000)-(t:0.566-v:313.000)-(t:0.571-v:312.000)-(t:0.573-v:311.000)-(t:0.574-v:310.000)-(t:0.575-v:309.000)-(t:0.577-v:308.000)-(t:0.579-v:307.000)-(t:0.631-v:305.000)-(t:0.633-v:304.000)-(t:0.635-v:303.000)-(t:0.642-v:302.000)-(t:0.643-v:300.000)-(t:0.653-v:299.000)-(t:0.678-v:298.000)-(t:0.679-v:297.000)-(t:0.681-v:296.000)-(t:0.682-v:295.000)-(t:0.699-v:294.000)-(t:0.699-v:293.000)-(t:0.700-v:292.000)-(t:0.701-v:291.000)-(t:0.702-v:290.000)-(t:0.702-v:289.000)-(t:0.702-v:288.000)-(t:0.704-v:286.000)-(t:0.705-v:285.000)-(t:0.716-v:284.000)-(t:0.735-v:283.000)-(t:0.772-v:282.000)-(t:0.814-v:281.000)-(t:0.846-v:280.000)-(t:0.874-v:279.000)-(t:0.902-v:278.000)-(t:0.929-v:277.000)-(t:0.958-v:276.000)-(t:0.996-v:275.000)-(t:1.021-v:274.000)-(t:1.033-v:273.000)-(t:1.058-v:272.000)-(t:1.084-v:271.000)-(t:1.117-v:270.000)-(t:1.142-v:269.000)-(t:1.162-v:267.000)-(t:1.201-v:266.000)-(t:1.225-v:265.000)-(t:1.234-v:264.000)-(t:1.258-v:263.000)-(t:1.285-v:262.000)-(t:1.318-v:261.000)-(t:1.319-v:260.000)-(t:1.340-v:259.000)-(t:1.379-v:258.000)-(t:1.395-v:257.000)-(t:1.398-v:256.000)-(t:1.399-v:255.000)-(t:1.462-v:254.000)-(t:1.477-v:253.000)-(t:1.484-v:252.000)-(t:1.511-v:251.000)-(t:1.592-v:250.000)-(t:1.630-v:249.000)-(t:1.632-v:248.000)-(t:1.646-v:247.000)-(t:1.683-v:246.000)-(t:1.702-v:245.000)-(t:1.719-v:244.000)-(t:1.733-v:243.000)-(t:1.760-v:242.000)-(t:1.803-v:241.000)-(t:1.828-v:240.000)-(t:1.871-v:239.000)-(t:1.885-v:238.000)-(t:1.901-v:237.000)-(t:1.902-v:236.000)-(t:1.920-v:235.000)-(t:1.942-v:234.000)-(t:1.943-v:233.000)-(t:1.967-v:232.000)-(t:1.968-v:231.000)-(t:1.970-v:230.000)-(t:1.991-v:229.000)-(t:1.992-v:228.000)-(t:1.993-v:227.000)-(t:2.007-v:226.000)-(t:2.021-v:225.000)-(t:2.038-v:224.000)-(t:2.073-v:223.000)-(t:2.109-v:222.000)-(t:2.139-v:221.000)-(t:2.170-v:220.000)-(t:2.197-v:219.000)-(t:2.235-v:218.000)-(t:2.279-v:217.000)-(t:2.325-v:216.000)-(t:2.329-v:215.000)-(t:2.380-v:214.000)-(t:2.433-v:213.000)-(t:2.484-v:211.000)-(t:2.497-v:210.000)-(t:2.554-v:209.000)-(t:2.633-v:208.000)-(t:2.633-v:207.000)-(t:2.634-v:206.000)-(t:2.635-v:205.000)-(t:2.774-v:204.000)-(t:2.775-v:203.000)-(t:2.925-v:202.000)-(t:2.927-v:201.000)-(t:3.088-v:200.000)-(t:3.090-v:199.000)-(t:3.100-v:198.000)-(t:3.258-v:197.000)-(t:3.420-v:196.000)-(t:3.479-v:195.000)-(t:3.541-v:194.000)-(t:3.600-v:193.000)-(t:3.775-v:192.000)-(t:3.971-v:191.000)-(t:3.972-v:190.000)-(t:3.974-v:189.000)-(t:4.178-v:188.000)-(t:4.382-v:187.000)-(t:4.585-v:186.000)-(t:4.784-v:185.000)-(t:4.811-v:184.000)-(t:5.010-v:183.000)-(t:5.204-v:182.000)-(t:5.268-v:181.000)-(t:5.471-v:180.000)-(t:5.534-v:179.000)-(t:5.585-v:178.000)-(t:5.725-v:177.000)-(t:5.860-v:176.000)-(t:5.994-v:175.000)-(t:6.196-v:174.000)-(t:6.432-v:173.000)-(t:6.661-v:172.000)-(t:6.888-v:171.000)-(t:7.124-v:170.000)-(t:7.394-v:169.000)-(t:7.680-v:168.000)-(t:7.984-v:167.000)-(t:8.018-v:166.000)-(t:8.021-v:165.000)-(t:8.350-v:164.000)-(t:8.353-v:163.000)-(t:8.703-v:162.000)-(t:8.717-v:161.000)-(t:9.055-v:160.000)-(t:9.056-v:159.000)-(t:9.422-v:158.000)-(t:9.786-v:157.000)-(t:9.895-v:156.000)-(t:10.019-v:155.000)-(t:10.020-v:153.000)-(t:10.124-v:152.000)-(t:10.125-v:151.000)-(t:10.257-v:150.000)-(t:10.374-v:149.000)-(t:10.738-v:148.000)-(t:11.114-v:147.000)-(t:11.153-v:146.000)-(t:11.191-v:145.000)-(t:11.204-v:144.000)-(t:11.586-v:143.000)-(t:11.987-v:142.000)-(t:12.407-v:141.000)-(t:12.559-v:140.000)-(t:12.984-v:139.000)-(t:12.985-v:138.000)-(t:13.429-v:137.000)-(t:13.879-v:136.000)-(t:14.329-v:135.000)-(t:14.869-v:134.000)-(t:15.033-v:133.000)-(t:15.647-v:132.000)-(t:15.668-v:131.000)-(t:16.296-v:129.000)-(t:16.297-v:127.000)-(t:16.306-v:126.000)-(t:16.308-v:123.000)-(t:16.308-v:122.000)-(t:16.390-v:121.000)-(t:16.464-v:120.000)-(t:16.464-v:118.000)-(t:16.469-v:117.000)-(t:16.545-v:116.000)-(t:16.991-v:115.000)-(t:17.603-v:114.000)-(t:18.218-v:112.000)-(t:18.223-v:111.000)-(t:18.223-v:110.000)-(t:18.226-v:109.000)-(t:18.230-v:108.000)-(t:18.247-v:107.000)-(t:18.251-v:106.000)-(t:18.252-v:105.000)-(t:18.265-v:104.000)-(t:18.276-v:103.000)-(t:18.289-v:102.000)-(t:18.290-v:101.000)-(t:18.291-v:100.000)-(t:18.300-v:98.000)-(t:18.301-v:97.000)-(t:18.328-v:96.000)-(t:18.329-v:95.000)-(t:18.331-v:93.000)-(t:18.345-v:92.000)-(t:18.363-v:91.000)-(t:18.364-v:90.000)-(t:18.366-v:89.000)-(t:18.367-v:88.000)-(t:18.369-v:87.000)-(t:18.383-v:86.000)-(t:18.384-v:85.000)-(t:18.388-v:84.000)-(t:18.392-v:83.000)-(t:18.393-v:82.000)-(t:18.398-v:81.000)-(t:18.418-v:80.000)-(t:18.443-v:79.000)-(t:18.454-v:78.000)-(t:18.457-v:77.000)-(t:18.459-v:76.000)-(t:18.464-v:75.000)-(t:18.465-v:74.000)-(t:18.478-v:73.000)-(t:18.480-v:72.000)-(t:18.485-v:71.000)-(t:19.132-v:70.000)-(t:19.194-v:69.000)-(t:19.945-v:68.000)-(t:19.968-v:67.000)-(t:19.979-v:66.000)-(t:20.033-v:65.000)-(t:20.077-v:64.000)-(t:20.164-v:63.000)-(t:20.244-v:62.000)-(t:20.892-v:61.000)-(t:20.893-v:60.000)-(t:20.894-v:59.000)-(t:20.902-v:58.000)-(t:20.903-v:57.000)-(t:20.906-v:56.000)-(t:20.907-v:55.000)-(t:20.907-v:54.000)-(t:20.908-v:53.000)-(t:20.911-v:52.000)-(t:20.913-v:51.000)-(t:20.914-v:50.000)-(t:20.918-v:49.000)-(t:20.933-v:48.000)-(t:20.939-v:47.000)-(t:20.947-v:46.000)-(t:20.954-v:45.000)-(t:20.955-v:44.000)-(t:20.957-v:43.000)-(t:20.967-v:42.000)-(t:20.968-v:41.000)-(t:20.968-v:40.000)-(t:20.974-v:39.000)-(t:20.978-v:38.000)-(t:20.984-v:37.000)-(t:20.990-v:36.000)-(t:21.002-v:35.000)-(t:21.004-v:34.000)-(t:21.006-v:33.000)-(t:21.012-v:32.000)-(t:21.020-v:31.000)-(t:21.031-v:30.000)-(t:21.043-v:29.000)-(t:21.046-v:28.000)-(t:21.049-v:27.000)-(t:21.098-v:26.000)-(t:21.099-v:25.000)-(t:21.110-v:24.000)-(t:21.113-v:23.000)-(t:21.124-v:22.000)-(t:21.133-v:21.000)-(t:21.139-v:20.000)-(t:21.150-v:19.000)-(t:21.162-v:18.000)-(t:21.195-v:17.000)-(t:21.222-v:16.000)-(t:21.225-v:15.000)-(t:21.239-v:14.000)-(t:21.296-v:13.000)-(t:21.362-v:12.000)-(t:22.147-v:11.000)]
examples/csp/csp_500/carseq_500_8_20_93.txt,epsilongreedy,900,0,[(t:0.056-v:656.000)-(t:0.058-v:652.000)-(t:0.060-v:651.000)-(t:0.061-v:650.000)-(t:0.062-v:649.000)-(t:0.064-v:647.000)-(t:0.064-v:646.000)-(t:0.065-v:642.000)-(t:0.084-v:640.000)-(t:0.085-v:637.000)-(t:0.085-v:636.000)-(t:0.086-v:635.000)-(t:0.087-v:633.000)-(t:0.089-v:632.000)-(t:0.090-v:631.000)-(t:0.091-v:629.000)-(t:0.091-v:628.000)-(t:0.093-v:627.000)-(t:0.094-v:626.000)-(t:0.094-v:625.000)-(t:0.095-v:623.000)-(t:0.096-v:622.000)-(t:0.097-v:621.000)-(t:0.098-v:620.000)-(t:0.099-v:619.000)-(t:0.101-v:618.000)-(t:0.102-v:616.000)-(t:0.102-v:615.000)-(t:0.103-v:614.000)-(t:0.103-v:613.000)-(t:0.104-v:612.000)-(t:0.105-v:608.000)-(t:0.119-v:607.000)-(t:0.119-v:606.000)-(t:0.120-v:605.000)-(t:0.121-v:604.000)-(t:0.122-v:603.000)-(t:0.122-v:601.000)-(t:0.124-v:600.000)-(t:0.124-v:599.000)-(t:0.125-v:598.000)-(t:0.125-v:596.000)-(t:0.126-v:595.000)-(t:0.126-v:594.000)-(t:0.127-v:593.000)-(t:0.127-v:592.000)-(t:0.128-v:591.000)-(t:0.128-v:590.000)-(t:0.129-v:587.000)-(t:0.130-v:586.000)-(t:0.130-v:585.000)-(t:0.131-v:584.000)-(t:0.131-v:583.000)-(t:0.132-v:582.000)-(t:0.133-v:581.000)-(t:0.147-v:580.000)-(t:0.148-v:579.000)-(t:0.150-v:577.000)-(t:0.150-v:574.000)-(t:0.151-v:572.000)-(t:0.151-v:571.000)-(t:0.152-v:570.000)-(t:0.152-v:568.000)-(t:0.157-v:567.000)-(t:0.157-v:566.000)-(t:0.159-v:565.000)-(t:0.159-v:564.000)-(t:0.160-v:563.000)-(t:0.160-v:562.000)-(t:0.160-v:561.000)-(t:0.161-v:560.000)-(t:0.162-v:558.000)-(t:0.162-v:557.000)-(t:0.162-v:555.000)-(t:0.163-v:554.000)-(t:0.164-v:553.000)-(t:0.164-v:552.000)-(t:0.165-v:551.000)-(t:0.166-v:549.000)-(t:0.166-v:547.000)-(t:0.166-v:546.000)-(t:0.180-v:544.000)-(t:0.183-v:543.000)-(t:0.183-v:542.000)-(t:0.183-v:541.000)-(t:0.185-v:540.000)-(t:0.185-v:539.000)-(t:0.186-v:537.000)-(t:0.187-v:536.000)-(t:0.187-v:535.000)-(t:0.189-v:534.000)-(t:0.190-v:533.000)-(t:0.190-v:532.000)-(t:0.190-v:530.000)-(t:0.191-v:529.000)-(t:0.191-v:528.000)-(t:0.192-v:527.000)-(t:0.192-v:526.000)-(t:0.193-v:525.000)-(t:0.195-v:524.000)-(t:0.196-v:523.000)-(t:0.196-v:522.000)-(t:0.196-v:521.000)-(t:0.196-v:520.000)-(t:0.197-v:519.000)-(t:0.198-v:518.000)-(t:0.199-v:517.000)-(t:0.199-v:516.000)-(t:0.199-v:515.000)-(t:0.199-v:514.000)-(t:0.206-v:513.000)-(t:0.220-v:511.000)-(t:0.220-v:510.000)-(t:0.223-v:509.000)-(t:0.223-v:508.000)-(t:0.224-v:506.000)-(t:0.224-v:505.000)-(t:0.224-v:503.000)-(t:0.225-v:502.000)-(t:0.226-v:499.000)-(t:0.226-v:498.000)-(t:0.227-v:497.000)-(t:0.228-v:496.000)-(t:0.228-v:495.000)-(t:0.229-v:493.000)-(t:0.230-v:491.000)-(t:0.230-v:489.000)-(t:0.237-v:488.000)-(t:0.238-v:486.000)-(t:0.239-v:485.000)-(t:0.239-v:484.000)-(t:0.239-v:483.000)-(t:0.240-v:482.000)-(t:0.241-v:481.000)-(t:0.251-v:479.000)-(t:0.252-v:478.000)-(t:0.253-v:475.000)-(t:0.254-v:474.000)-(t:0.254-v:473.000)-(t:0.255-v:471.000)-(t:0.255-v:470.000)-(t:0.256-v:469.000)-(t:0.256-v:468.000)-(t:0.257-v:467.000)-(t:0.258-v:466.000)-(t:0.273-v:464.000)-(t:0.273-v:463.000)-(t:0.276-v:462.000)-(t:0.276-v:460.000)-(t:0.277-v:459.000)-(t:0.277-v:458.000)-(t:0.278-v:457.000)-(t:0.278-v:455.000)-(t:0.279-v:454.000)-(t:0.280-v:453.000)-(t:0.281-v:449.000)-(t:0.283-v:448.000)-(t:0.284-v:447.000)-(t:0.285-v:446.000)-(t:0.285-v:445.000)-(t:0.286-v:444.000)-(t:0.287-v:443.000)-(t:0.287-v:442.000)-(t:0.287-v:441.000)-(t:0.299-v:440.000)-(t:0.300-v:439.000)-(t:0.301-v:438.000)-(t:0.302-v:437.000)-(t:0.303-v:436.000)-(t:0.304-v:435.000)-(t:0.304-v:433.000)-(t:0.304-v:432.000)-(t:0.305-v:431.000)-(t:0.306-v:430.000)-(t:0.306-v:429.000)-(t:0.307-v:427.000)-(t:0.308-v:426.000)-(t:0.309-v:425.000)-(t:0.309-v:424.000)-(t:0.310-v:423.000)-(t:0.311-v:422.000)-(t:0.312-v:421.000)-(t:0.313-v:420.000)-(t:0.314-v:419.000)-(t:0.315-v:418.000)-(t:0.315-v:417.000)-(t:0.316-v:415.000)-(t:0.316-v:414.000)-(t:0.317-v:413.000)-(t:0.317-v:412.000)-(t:0.318-v:411.000)-(t:0.332-v:410.000)-(t:0.333-v:409.000)-(t:0.333-v:408.000)-(t:0.335-v:406.000)-(t:0.336-v:405.000)-(t:0.336-v:404.000)-(t:0.342-v:403.000)-(t:0.343-v:402.000)-(t:0.344-v:401.000)-(t:0.344-v:400.000)-(t:0.344-v:399.000)-(t:0.345-v:398.000)-(t:0.345-v:396.000)-(t:0.351-v:395.000)-(t:0.352-v:394.000)-(t:0.352-v:393.000)-(t:0.353-v:392.000)-(t:0.354-v:389.000)-(t:0.355-v:388.000)-(t:0.356-v:385.000)-(t:0.370-v:384.000)-(t:0.370-v:382.000)-(t:0.370-v:381.000)-(t:0.371-v:380.000)-(t:0.372-v:378.000)-(t:0.372-v:377.000)-(t:0.373-v:376.000)-(t:0.373-v:375.000)-(t:0.374-v:374.000)-(t:0.374-v:373.000)-(t:0.375-v:372.000)-(t:0.375-v:371.000)-(t:0.376-v:369.000)-(t:0.377-v:368.000)-(t:0.377-v:367.000)-(t:0.378-v:366.000)-(t:0.378-v:365.000)-(t:0.380-v:364.000)-(t:0.380-v:362.000)-(t:0.394-v:361.000)-(t:0.394-v:360.000)-(t:0.394-v:359.000)-(t:0.395-v:358.000)-(t:0.395-v:357.000)-(t:0.395-v:356.000)-(t:0.395-v:355.000)-(t:0.399-v:354.000)-(t:0.399-v:351.000)-(t:0.400-v:350.000)-(t:0.401-v:349.000)-(t:0.402-v:348.000)-(t:0.402-v:347.000)-(t:0.403-v:346.000)-(t:0.404-v:345.000)-(t:0.405-v:344.000)-(t:0.406-v:343.000)-(t:0.419-v:342.000)-(t:0.420-v:341.000)-(t:0.421-v:340.000)-(t:0.422-v:339.000)-(t:0.422-v:338.000)-(t:0.423-v:337.000)-(t:0.424-v:336.000)-(t:0.425-v:335.000)-(t:0.438-v:334.000)-(t:0.439-v:333.000)-(t:0.440-v:332.000)-(t:0.440-v:330.000)-(t:0.441-v:329.000)-(t:0.454-v:328.000)-(t:0.456-v:327.000)-(t:0.459-v:326.000)-(t:0.459-v:325.000)-(t:0.461-v:324.000)-(t:0.461-v:323.000)-(t:0.462-v:322.000)-(t:0.463-v:321.000)-(t:0.463-v:320.000)-(t:0.478-v:319.000)-(t:0.478-v:318.000)-(t:0.480-v:317.000)-(t:0.481-v:316.000)-(t:0.482-v:315.000)-(t:0.482-v:314.000)-(t:0.483-v:313.000)-(t:0.484-v:312.000)-(t:0.485-v:311.000)-(t:0.485-v:310.000)-(t:0.487-v:309.000)-(t:0.487-v:308.000)-(t:0.488-v:307.000)-(t:0.488-v:306.000)-(t:0.489-v:305.000)-(t:0.489-v:303.000)-(t:0.501-v:302.000)-(t:0.503-v:301.000)-(t:0.533-v:300.000)-(t:0.551-v:299.000)-(t:0.552-v:298.000)-(t:0.554-v:297.000)-(t:0.569-v:296.000)-(t:0.571-v:295.000)-(t:0.579-v:294.000)-(t:0.580-v:293.000)-(t:0.580-v:291.000)-(t:0.602-v:290.000)-(t:0.605-v:289.000)-(t:0.620-v:288.000)-(t:0.623-v:287.000)-(t:0.627-v:286.000)-(t:0.632-v:285.000)-(t:0.638-v:284.000)-(t:0.642-v:283.000)-(t:0.645-v:282.000)-(t:0.667-v:280.000)-(t:0.677-v:279.000)-(t:0.693-v:278.000)-(t:0.693-v:277.000)-(t:0.696-v:276.000)-(t:0.697-v:275.000)-(t:0.697-v:274.000)-(t:0.697-v:273.000)-(t:0.698-v:272.000)-(t:0.698-v:271.000)-(t:0.698-v:270.000)-(t:0.699-v:269.000)-(t:0.700-v:268.000)-(t:0.701-v:267.000)-(t:0.702-v:266.000)-(t:0.703-v:265.000)-(t:0.706-v:264.000)-(t:0.707-v:263.000)-(t:0.707-v:262.000)-(t:0.708-v:261.000)-(t:0.709-v:260.000)-(t:0.709-v:259.000)-(t:0.711-v:258.000)-(t:0.712-v:257.000)-(t:0.713-v:256.000)-(t:0.713-v:255.000)-(t:0.714-v:254.000)-(t:0.714-v:253.000)-(t:0.715-v:252.000)-(t:0.715-v:251.000)-(t:0.718-v:250.000)-(t:0.718-v:249.000)-(t:0.719-v:247.000)-(t:0.719-v:246.000)-(t:0.733-v:245.000)-(t:0.734-v:243.000)-(t:0.747-v:242.000)-(t:0.749-v:241.000)-(t:0.750-v:240.000)-(t:0.751-v:239.000)-(t:0.751-v:238.000)-(t:0.752-v:237.000)-(t:0.753-v:236.000)-(t:0.754-v:235.000)-(t:0.754-v:234.000)-(t:0.755-v:233.000)-(t:0.757-v:232.000)-(t:0.757-v:231.000)-(t:0.757-v:230.000)-(t:0.758-v:229.000)-(t:0.759-v:228.000)-(t:0.761-v:226.000)-(t:0.761-v:225.000)-(t:0.762-v:224.000)-(t:0.762-v:223.000)-(t:0.762-v:222.000)-(t:0.763-v:221.000)-(t:0.764-v:220.000)-(t:0.779-v:219.000)-(t:0.781-v:218.000)-(t:0.782-v:217.000)-(t:0.783-v:216.000)-(t:0.785-v:215.000)-(t:0.786-v:214.000)-(t:0.786-v:213.000)-(t:0.789-v:212.000)-(t:0.802-v:211.000)-(t:0.803-v:210.000)-(t:0.805-v:209.000)-(t:0.818-v:208.000)-(t:0.819-v:207.000)-(t:0.821-v:206.000)-(t:0.822-v:205.000)-(t:0.824-v:204.000)-(t:0.824-v:202.000)-(t:0.841-v:201.000)-(t:0.842-v:200.000)-(t:0.846-v:199.000)-(t:0.850-v:197.000)-(t:0.851-v:196.000)-(t:0.852-v:195.000)-(t:0.854-v:194.000)-(t:0.854-v:193.000)-(t:0.857-v:192.000)-(t:0.859-v:191.000)-(t:0.873-v:190.000)-(t:0.874-v:189.000)-(t:0.875-v:188.000)-(t:0.875-v:187.000)-(t:0.875-v:186.000)-(t:0.876-v:185.000)-(t:0.877-v:184.000)-(t:0.878-v:183.000)-(t:0.879-v:182.000)-(t:0.895-v:181.000)-(t:0.895-v:180.000)-(t:0.896-v:179.000)-(t:0.896-v:178.000)-(t:0.897-v:177.000)-(t:0.901-v:176.000)-(t:0.902-v:175.000)-(t:0.903-v:174.000)-(t:0.904-v:173.000)-(t:0.917-v:172.000)-(t:0.918-v:171.000)-(t:0.919-v:170.000)-(t:0.922-v:169.000)-(t:0.922-v:168.000)-(t:0.923-v:167.000)-(t:0.925-v:166.000)-(t:0.925-v:165.000)-(t:0.941-v:164.000)-(t:0.944-v:163.000)-(t:0.945-v:161.000)-(t:0.945-v:160.000)-(t:0.946-v:159.000)-(t:0.946-v:158.000)-(t:0.947-v:157.000)-(t:0.947-v:156.000)-(t:0.949-v:155.000)-(t:0.950-v:154.000)-(t:0.950-v:153.000)-(t:0.951-v:152.000)-(t:0.964-v:151.000)-(t:0.966-v:150.000)-(t:0.966-v:149.000)-(t:0.967-v:148.000)-(t:0.968-v:147.000)-(t:0.969-v:146.000)-(t:0.970-v:145.000)-(t:0.970-v:144.000)-(t:0.970-v:143.000)-(t:0.971-v:142.000)-(t:0.972-v:141.000)-(t:0.972-v:140.000)-(t:0.973-v:139.000)-(t:0.973-v:138.000)-(t:0.973-v:137.000)-(t:0.974-v:136.000)-(t:0.990-v:135.000)-(t:0.991-v:134.000)-(t:0.991-v:133.000)-(t:0.991-v:132.000)-(t:0.991-v:131.000)-(t:0.992-v:130.000)-(t:0.994-v:129.000)-(t:0.994-v:128.000)-(t:0.995-v:127.000)-(t:1.000-v:126.000)-(t:1.000-v:125.000)-(t:1.001-v:124.000)-(t:1.002-v:123.000)-(t:1.004-v:122.000)-(t:1.004-v:121.000)-(t:1.008-v:120.000)-(t:1.011-v:119.000)-(t:1.012-v:118.000)-(t:1.025-v:117.000)-(t:1.027-v:116.000)-(t:1.042-v:115.000)-(t:1.042-v:114.000)-(t:1.044-v:113.000)-(t:1.046-v:112.000)-(t:1.050-v:111.000)-(t:1.051-v:110.000)-(t:1.067-v:109.000)-(t:1.067-v:108.000)-(t:1.069-v:107.000)-(t:1.071-v:106.000)-(t:1.072-v:105.000)-(t:1.076-v:104.000)-(t:1.093-v:103.000)-(t:1.095-v:102.000)-(t:1.117-v:101.000)-(t:1.126-v:100.000)-(t:1.148-v:99.000)-(t:1.165-v:98.000)-(t:1.195-v:97.000)-(t:1.231-v:96.000)-(t:1.417-v:95.000)-(t:1.567-v:94.000)-(t:1.591-v:93.000)-(t:1.793-v:91.000)-(t:1.990-v:90.000)-(t:2.124-v:89.000)-(t:2.227-v:88.000)-(t:2.356-v:87.000)-(t:2.380-v:86.000)-(t:2.473-v:85.000)-(t:2.610-v:84.000)-(t:2.656-v:83.000)-(t:2.770-v:82.000)-(t:2.897-v:80.000)-(t:2.902-v:79.000)-(t:2.915-v:78.000)-(t:3.053-v:77.000)-(t:3.155-v:76.000)-(t:3.257-v:75.000)-(t:3.367-v:74.000)-(t:3.471-v:73.000)-(t:3.558-v:72.000)-(t:3.646-v:71.000)-(t:3.736-v:70.000)-(t:3.789-v:69.000)-(t:3.877-v:68.000)-(t:3.966-v:67.000)-(t:4.057-v:66.000)-(t:4.063-v:65.000)-(t:4.151-v:64.000)-(t:4.239-v:63.000)-(t:4.241-v:62.000)-(t:4.243-v:61.000)-(t:4.246-v:60.000)-(t:4.248-v:59.000)-(t:4.252-v:58.000)-(t:4.253-v:57.000)-(t:4.254-v:56.000)-(t:4.261-v:55.000)-(t:4.262-v:54.000)-(t:4.264-v:53.000)-(t:4.268-v:52.000)-(t:4.269-v:51.000)-(t:4.278-v:50.000)-(t:4.282-v:49.000)-(t:4.293-v:48.000)-(t:4.293-v:47.000)-(t:4.305-v:46.000)-(t:4.307-v:45.000)-(t:4.308-v:44.000)-(t:4.310-v:43.000)-(t:4.315-v:42.000)-(t:4.315-v:41.000)-(t:4.319-v:40.000)-(t:4.323-v:39.000)-(t:4.328-v:38.000)-(t:4.334-v:37.000)-(t:4.338-v:36.000)-(t:4.343-v:35.000)-(t:4.370-v:34.000)-(t:4.371-v:33.000)-(t:4.391-v:32.000)-(t:4.408-v:31.000)-(t:4.416-v:30.000)-(t:4.419-v:29.000)-(t:4.424-v:28.000)-(t:4.425-v:27.000)-(t:4.436-v:26.000)-(t:4.469-v:25.000)-(t:4.477-v:24.000)-(t:4.511-v:23.000)-(t:4.535-v:22.000)-(t:4.539-v:21.000)-(t:4.547-v:20.000)-(t:4.583-v:19.000)-(t:4.709-v:18.000)-(t:4.871-v:17.000)-(t:5.060-v:16.000)-(t:6.063-v:15.000)-(t:6.209-v:14.000)-(t:6.315-v:13.000)-(t:7.706-v:12.000)-(t:7.854-v:11.000)-(t:7.958-v:10.000)-(t:8.068-v:9.000)-(t:9.360-v:8.000)-(t:9.512-v:7.000)-(t:9.615-v:6.000)-(t:9.693-v:5.000)-(t:9.783-v:4.000)-(t:12.387-v:3.000)-(t:12.537-v:2.000)-(t:14.470-v:1.000)-(t:30.736-v:0.000)]
examples/csp/csp_500/carseq_500_8_20_88.txt,bestslopefirst,900,0,[(t:0.048-v:584.000)-(t:0.054-v:579.000)-(t:0.055-v:577.000)-(t:0.063-v:575.000)-(t:0.077-v:574.000)-(t:0.089-v:570.000)-(t:0.095-v:567.000)-(t:0.095-v:565.000)-(t:0.097-v:564.000)-(t:0.100-v:562.000)-(t:0.106-v:561.000)-(t:0.106-v:560.000)-(t:0.107-v:558.000)-(t:0.108-v:557.000)-(t:0.112-v:556.000)-(t:0.113-v:555.000)-(t:0.113-v:554.000)-(t:0.116-v:553.000)-(t:0.117-v:552.000)-(t:0.118-v:551.000)-(t:0.121-v:550.000)-(t:0.122-v:549.000)-(t:0.123-v:548.000)-(t:0.123-v:547.000)-(t:0.126-v:546.000)-(t:0.127-v:542.000)-(t:0.127-v:541.000)-(t:0.127-v:539.000)-(t:0.128-v:538.000)-(t:0.128-v:534.000)-(t:0.128-v:531.000)-(t:0.131-v:529.000)-(t:0.133-v:526.000)-(t:0.134-v:523.000)-(t:0.134-v:522.000)-(t:0.134-v:521.000)-(t:0.134-v:518.000)-(t:0.135-v:517.000)-(t:0.135-v:516.000)-(t:0.136-v:513.000)-(t:0.137-v:512.000)-(t:0.139-v:510.000)-(t:0.139-v:508.000)-(t:0.140-v:505.000)-(t:0.140-v:504.000)-(t:0.140-v:502.000)-(t:0.141-v:500.000)-(t:0.141-v:499.000)-(t:0.141-v:497.000)-(t:0.144-v:493.000)-(t:0.145-v:492.000)-(t:0.145-v:488.000)-(t:0.145-v:487.000)-(t:0.146-v:485.000)-(t:0.147-v:484.000)-(t:0.147-v:481.000)-(t:0.148-v:480.000)-(t:0.149-v:479.000)-(t:0.150-v:478.000)-(t:0.151-v:476.000)-(t:0.151-v:475.000)-(t:0.151-v:474.000)-(t:0.152-v:473.000)-(t:0.155-v:471.000)-(t:0.155-v:470.000)-(t:0.158-v:469.000)-(t:0.159-v:464.000)-(t:0.159-v:463.000)-(t:0.159-v:462.000)-(t:0.160-v:461.000)-(t:0.162-v:458.000)-(t:0.163-v:457.000)-(t:0.163-v:456.000)-(t:0.163-v:454.000)-(t:0.163-v:452.000)-(t:0.164-v:450.000)-(t:0.164-v:448.000)-(t:0.165-v:446.000)-(t:0.165-v:444.000)-(t:0.165-v:443.000)-(t:0.165-v:438.000)-(t:0.166-v:437.000)-(t:0.166-v:435.000)-(t:0.167-v:434.000)-(t:0.167-v:432.000)-(t:0.171-v:428.000)-(t:0.172-v:424.000)-(t:0.172-v:422.000)-(t:0.172-v:420.000)-(t:0.172-v:417.000)-(t:0.173-v:415.000)-(t:0.173-v:414.000)-(t:0.173-v:412.000)-(t:0.173-v:410.000)-(t:0.173-v:409.000)-(t:0.176-v:408.000)-(t:0.176-v:407.000)-(t:0.176-v:406.000)-(t:0.178-v:405.000)-(t:0.178-v:402.000)-(t:0.182-v:400.000)-(t:0.182-v:398.000)-(t:0.182-v:397.000)-(t:0.182-v:396.000)-(t:0.186-v:394.000)-(t:0.189-v:392.000)-(t:0.200-v:391.000)-(t:0.203-v:390.000)-(t:0.205-v:389.000)-(t:0.208-v:387.000)-(t:0.217-v:386.000)-(t:0.218-v:385.000)-(t:0.218-v:379.000)-(t:0.219-v:376.000)-(t:0.219-v:375.000)-(t:0.219-v:373.000)-(t:0.220-v:372.000)-(t:0.220-v:371.000)-(t:0.220-v:370.000)-(t:0.221-v:368.000)-(t:0.224-v:367.000)-(t:0.224-v:366.000)-(t:0.225-v:362.000)-(t:0.227-v:361.000)-(t:0.228-v:359.000)-(t:0.228-v:358.000)-(t:0.228-v:356.000)-(t:0.230-v:355.000)-(t:0.232-v:354.000)-(t:0.233-v:353.000)-(t:0.233-v:352.000)-(t:0.236-v:350.000)-(t:0.236-v:348.000)-(t:0.237-v:347.000)-(t:0.237-v:346.000)-(t:0.243-v:344.000)-(t:0.244-v:343.000)-(t:0.245-v:340.000)-(t:0.246-v:339.000)-(t:0.246-v:338.000)-(t:0.247-v:337.000)-(t:0.248-v:336.000)-(t:0.249-v:335.000)-(t:0.249-v:334.000)-(t:0.249-v:333.000)-(t:0.250-v:332.000)-(t:0.250-v:331.000)-(t:0.250-v:329.000)-(t:0.250-v:327.000)-(t:0.250-v:326.000)-(t:0.250-v:325.000)-(t:0.251-v:323.000)-(t:0.251-v:321.000)-(t:0.251-v:319.000)-(t:0.251-v:318.000)-(t:0.264-v:317.000)-(t:0.266-v:315.000)-(t:0.266-v:314.000)-(t:0.267-v:312.000)-(t:0.267-v:310.000)-(t:0.268-v:309.000)-(t:0.269-v:308.000)-(t:0.269-v:307.000)-(t:0.269-v:305.000)-(t:0.269-v:304.000)-(t:0.270-v:303.000)-(t:0.270-v:302.000)-(t:0.270-v:301.000)-(t:0.270-v:300.000)-(t:0.271-v:298.000)-(t:0.271-v:297.000)-(t:0.271-v:295.000)-(t:0.272-v:293.000)-(t:0.272-v:291.000)-(t:0.272-v:289.000)-(t:0.272-v:288.000)-(t:0.273-v:286.000)-(t:0.273-v:283.000)-(t:0.273-v:282.000)-(t:0.273-v:281.000)-(t:0.273-v:280.000)-(t:0.273-v:279.000)-(t:0.273-v:278.000)-(t:0.274-v:277.000)-(t:0.274-v:276.000)-(t:0.274-v:275.000)-(t:0.275-v:274.000)-(t:0.275-v:270.000)-(t:0.275-v:268.000)-(t:0.275-v:267.000)-(t:0.275-v:266.000)-(t:0.275-v:265.000)-(t:0.276-v:264.000)-(t:0.276-v:263.000)-(t:0.277-v:262.000)-(t:0.278-v:260.000)-(t:0.279-v:259.000)-(t:0.279-v:258.000)-(t:0.279-v:256.000)-(t:0.281-v:255.000)-(t:0.281-v:254.000)-(t:0.281-v:253.000)-(t:0.282-v:252.000)-(t:0.282-v:251.000)-(t:0.282-v:250.000)-(t:0.282-v:247.000)-(t:0.283-v:246.000)-(t:0.295-v:244.000)-(t:0.333-v:243.000)-(t:0.351-v:242.000)-(t:0.353-v:241.000)-(t:0.354-v:239.000)-(t:0.355-v:238.000)-(t:0.356-v:237.000)-(t:0.358-v:236.000)-(t:0.359-v:235.000)-(t:0.359-v:234.000)-(t:0.359-v:233.000)-(t:0.360-v:231.000)-(t:0.360-v:230.000)-(t:0.360-v:229.000)-(t:0.360-v:227.000)-(t:0.360-v:225.000)-(t:0.361-v:224.000)-(t:0.361-v:222.000)-(t:0.361-v:221.000)-(t:0.361-v:220.000)-(t:0.362-v:219.000)-(t:0.362-v:218.000)-(t:0.362-v:216.000)-(t:0.362-v:215.000)-(t:0.375-v:214.000)-(t:0.375-v:213.000)-(t:0.375-v:212.000)-(t:0.376-v:211.000)-(t:0.377-v:210.000)-(t:0.377-v:208.000)-(t:0.378-v:207.000)-(t:0.378-v:205.000)-(t:0.379-v:203.000)-(t:0.383-v:202.000)-(t:0.384-v:201.000)-(t:0.385-v:200.000)-(t:0.391-v:198.000)-(t:0.393-v:197.000)-(t:0.394-v:196.000)-(t:0.394-v:195.000)-(t:0.395-v:193.000)-(t:0.410-v:192.000)-(t:0.410-v:191.000)-(t:0.412-v:190.000)-(t:0.413-v:189.000)-(t:0.414-v:188.000)-(t:0.415-v:187.000)-(t:0.415-v:186.000)-(t:0.419-v:185.000)-(t:0.420-v:184.000)-(t:0.421-v:183.000)-(t:0.421-v:182.000)-(t:0.421-v:181.000)-(t:0.421-v:180.000)-(t:0.421-v:179.000)-(t:0.422-v:178.000)-(t:0.422-v:176.000)-(t:0.423-v:174.000)-(t:0.423-v:173.000)-(t:0.425-v:172.000)-(t:0.426-v:171.000)-(t:0.428-v:170.000)-(t:0.446-v:169.000)-(t:0.449-v:168.000)-(t:0.450-v:167.000)-(t:0.451-v:166.000)-(t:0.452-v:165.000)-(t:0.452-v:164.000)-(t:0.452-v:163.000)-(t:0.453-v:162.000)-(t:0.454-v:161.000)-(t:0.454-v:160.000)-(t:0.455-v:159.000)-(t:0.455-v:157.000)-(t:0.456-v:156.000)-(t:0.457-v:155.000)-(t:0.458-v:154.000)-(t:0.458-v:153.000)-(t:0.459-v:152.000)-(t:0.461-v:151.000)-(t:0.462-v:148.000)-(t:0.462-v:147.000)-(t:0.462-v:146.000)-(t:0.462-v:145.000)-(t:0.463-v:144.000)-(t:0.463-v:142.000)-(t:0.463-v:141.000)-(t:0.463-v:140.000)-(t:0.463-v:139.000)-(t:0.465-v:138.000)-(t:0.465-v:137.000)-(t:0.479-v:136.000)-(t:0.480-v:134.000)-(t:0.482-v:133.000)-(t:0.506-v:132.000)-(t:0.595-v:131.000)-(t:0.672-v:130.000)-(t:0.691-v:129.000)-(t:0.699-v:128.000)-(t:0.700-v:127.000)-(t:0.726-v:126.000)-(t:0.728-v:125.000)-(t:0.731-v:124.000)-(t:0.754-v:123.000)-(t:0.756-v:122.000)-(t:0.758-v:121.000)-(t:0.759-v:120.000)-(t:0.773-v:119.000)-(t:0.774-v:118.000)-(t:0.776-v:117.000)-(t:0.781-v:116.000)-(t:0.782-v:115.000)-(t:0.789-v:114.000)-(t:0.918-v:113.000)-(t:0.923-v:112.000)-(t:0.924-v:111.000)-(t:0.924-v:110.000)-(t:0.925-v:109.000)-(t:0.943-v:108.000)-(t:0.946-v:107.000)-(t:0.946-v:106.000)-(t:0.947-v:105.000)-(t:0.948-v:104.000)-(t:0.954-v:103.000)-(t:0.978-v:102.000)-(t:0.986-v:101.000)-(t:1.007-v:100.000)-(t:1.021-v:99.000)-(t:1.021-v:98.000)-(t:1.023-v:97.000)-(t:1.025-v:96.000)-(t:1.046-v:95.000)-(t:1.048-v:94.000)-(t:1.073-v:93.000)-(t:1.094-v:92.000)-(t:1.118-v:91.000)-(t:1.128-v:90.000)-(t:1.129-v:89.000)-(t:1.145-v:88.000)-(t:1.154-v:87.000)-(t:1.155-v:86.000)-(t:1.155-v:85.000)-(t:1.156-v:84.000)-(t:1.173-v:83.000)-(t:1.174-v:82.000)-(t:1.175-v:81.000)-(t:1.177-v:80.000)-(t:1.178-v:79.000)-(t:1.178-v:78.000)-(t:1.180-v:77.000)-(t:1.182-v:76.000)-(t:1.183-v:75.000)-(t:1.193-v:74.000)-(t:1.194-v:73.000)-(t:1.196-v:72.000)-(t:1.197-v:71.000)-(t:1.198-v:70.000)-(t:1.200-v:69.000)-(t:1.214-v:68.000)-(t:1.215-v:67.000)-(t:1.217-v:66.000)-(t:1.217-v:65.000)-(t:1.218-v:64.000)-(t:1.220-v:63.000)-(t:1.223-v:62.000)-(t:1.237-v:61.000)-(t:1.241-v:60.000)-(t:1.244-v:59.000)-(t:1.247-v:58.000)-(t:1.250-v:57.000)-(t:1.262-v:56.000)-(t:1.277-v:55.000)-(t:1.280-v:54.000)-(t:1.285-v:53.000)-(t:1.287-v:52.000)-(t:1.293-v:51.000)-(t:1.298-v:50.000)-(t:1.311-v:49.000)-(t:1.313-v:48.000)-(t:1.318-v:47.000)-(t:1.324-v:46.000)-(t:1.326-v:45.000)-(t:1.326-v:44.000)-(t:1.343-v:43.000)-(t:1.349-v:42.000)-(t:1.356-v:41.000)-(t:1.377-v:40.000)-(t:1.378-v:39.000)-(t:1.379-v:38.000)-(t:1.381-v:37.000)-(t:1.385-v:36.000)-(t:1.408-v:35.000)-(t:1.420-v:34.000)-(t:1.446-v:33.000)-(t:1.462-v:32.000)-(t:2.097-v:31.000)-(t:2.098-v:30.000)-(t:2.171-v:29.000)-(t:2.192-v:28.000)-(t:2.277-v:27.000)-(t:2.316-v:26.000)-(t:2.324-v:25.000)-(t:2.368-v:24.000)-(t:2.391-v:23.000)-(t:2.409-v:22.000)-(t:2.471-v:21.000)-(t:2.541-v:20.000)-(t:2.566-v:19.000)-(t:2.576-v:18.000)-(t:2.648-v:17.000)-(t:3.439-v:16.000)-(t:3.445-v:15.000)-(t:3.495-v:14.000)-(t:3.532-v:13.000)-(t:3.585-v:12.000)-(t:3.659-v:11.000)-(t:3.840-v:10.000)-(t:5.294-v:9.000)-(t:6.083-v:8.000)-(t:6.299-v:7.000)-(t:6.944-v:6.000)-(t:9.171-v:5.000)-(t:9.340-v:4.000)-(t:14.217-v:3.000)-(t:16.131-v:2.000)-(t:19.469-v:1.000)-(t:50.550-v:0.000)]
examples/csp/csp_500/carseq_500_8_20_93.txt,bestslopefirst,900,0,[(t:0.045-v:614.000)-(t:0.049-v:610.000)-(t:0.050-v:609.000)-(t:0.050-v:607.000)-(t:0.052-v:603.000)-(t:0.087-v:599.000)-(t:0.095-v:597.000)-(t:0.111-v:594.000)-(t:0.114-v:592.000)-(t:0.117-v:590.000)-(t:0.118-v:588.000)-(t:0.118-v:585.000)-(t:0.119-v:579.000)-(t:0.122-v:576.000)-(t:0.127-v:575.000)-(t:0.129-v:574.000)-(t:0.129-v:572.000)-(t:0.131-v:571.000)-(t:0.131-v:570.000)-(t:0.132-v:568.000)-(t:0.132-v:564.000)-(t:0.132-v:563.000)-(t:0.133-v:562.000)-(t:0.133-v:561.000)-(t:0.134-v:560.000)-(t:0.135-v:557.000)-(t:0.138-v:556.000)-(t:0.153-v:553.000)-(t:0.156-v:551.000)-(t:0.157-v:547.000)-(t:0.157-v:546.000)-(t:0.158-v:545.000)-(t:0.159-v:541.000)-(t:0.159-v:539.000)-(t:0.159-v:538.000)-(t:0.160-v:537.000)-(t:0.160-v:534.000)-(t:0.160-v:533.000)-(t:0.161-v:532.000)-(t:0.161-v:531.000)-(t:0.162-v:529.000)-(t:0.162-v:528.000)-(t:0.163-v:526.000)-(t:0.164-v:525.000)-(t:0.164-v:522.000)-(t:0.165-v:520.000)-(t:0.166-v:519.000)-(t:0.166-v:518.000)-(t:0.166-v:517.000)-(t:0.166-v:516.000)-(t:0.167-v:513.000)-(t:0.167-v:512.000)-(t:0.168-v:511.000)-(t:0.169-v:510.000)-(t:0.169-v:509.000)-(t:0.170-v:508.000)-(t:0.182-v:507.000)-(t:0.183-v:505.000)-(t:0.184-v:502.000)-(t:0.184-v:500.000)-(t:0.185-v:498.000)-(t:0.185-v:497.000)-(t:0.185-v:496.000)-(t:0.187-v:495.000)-(t:0.187-v:494.000)-(t:0.188-v:492.000)-(t:0.188-v:490.000)-(t:0.188-v:489.000)-(t:0.188-v:488.000)-(t:0.189-v:487.000)-(t:0.189-v:486.000)-(t:0.190-v:484.000)-(t:0.190-v:482.000)-(t:0.190-v:480.000)-(t:0.191-v:479.000)-(t:0.191-v:476.000)-(t:0.192-v:474.000)-(t:0.192-v:472.000)-(t:0.192-v:470.000)-(t:0.193-v:464.000)-(t:0.193-v:461.000)-(t:0.193-v:460.000)-(t:0.193-v:458.000)-(t:0.194-v:457.000)-(t:0.194-v:456.000)-(t:0.195-v:455.000)-(t:0.195-v:454.000)-(t:0.197-v:453.000)-(t:0.197-v:451.000)-(t:0.197-v:449.000)-(t:0.197-v:448.000)-(t:0.198-v:447.000)-(t:0.198-v:446.000)-(t:0.198-v:445.000)-(t:0.198-v:443.000)-(t:0.199-v:442.000)-(t:0.199-v:441.000)-(t:0.199-v:438.000)-(t:0.200-v:437.000)-(t:0.200-v:436.000)-(t:0.201-v:435.000)-(t:0.202-v:434.000)-(t:0.202-v:433.000)-(t:0.202-v:432.000)-(t:0.202-v:430.000)-(t:0.209-v:429.000)-(t:0.210-v:428.000)-(t:0.213-v:427.000)-(t:0.214-v:426.000)-(t:0.231-v:425.000)-(t:0.232-v:424.000)-(t:0.234-v:423.000)-(t:0.237-v:422.000)-(t:0.238-v:420.000)-(t:0.240-v:419.000)-(t:0.241-v:418.000)-(t:0.245-v:417.000)-(t:0.245-v:416.000)-(t:0.246-v:415.000)-(t:0.246-v:414.000)-(t:0.247-v:413.000)-(t:0.247-v:410.000)-(t:0.260-v:409.000)-(t:0.263-v:408.000)-(t:0.264-v:407.000)-(t:0.271-v:405.000)-(t:0.275-v:404.000)-(t:0.288-v:403.000)-(t:0.289-v:401.000)-(t:0.289-v:400.000)-(t:0.289-v:399.000)-(t:0.291-v:397.000)-(t:0.291-v:396.000)-(t:0.292-v:393.000)-(t:0.292-v:391.000)-(t:0.292-v:389.000)-(t:0.293-v:387.000)-(t:0.294-v:385.000)-(t:0.295-v:384.000)-(t:0.297-v:383.000)-(t:0.297-v:382.000)-(t:0.298-v:380.000)-(t:0.300-v:379.000)-(t:0.300-v:378.000)-(t:0.301-v:377.000)-(t:0.314-v:376.000)-(t:0.316-v:374.000)-(t:0.317-v:372.000)-(t:0.319-v:371.000)-(t:0.319-v:370.000)-(t:0.321-v:368.000)-(t:0.322-v:366.000)-(t:0.325-v:365.000)-(t:0.328-v:363.000)-(t:0.337-v:362.000)-(t:0.338-v:361.000)-(t:0.338-v:359.000)-(t:0.339-v:358.000)-(t:0.340-v:357.000)-(t:0.340-v:354.000)-(t:0.344-v:353.000)-(t:0.345-v:350.000)-(t:0.346-v:349.000)-(t:0.347-v:348.000)-(t:0.348-v:347.000)-(t:0.348-v:345.000)-(t:0.349-v:341.000)-(t:0.364-v:339.000)-(t:0.364-v:338.000)-(t:0.365-v:336.000)-(t:0.365-v:335.000)-(t:0.365-v:330.000)-(t:0.365-v:328.000)-(t:0.366-v:327.000)-(t:0.366-v:323.000)-(t:0.366-v:318.000)-(t:0.366-v:316.000)-(t:0.367-v:313.000)-(t:0.367-v:312.000)-(t:0.367-v:311.000)-(t:0.368-v:307.000)-(t:0.369-v:304.000)-(t:0.369-v:301.000)-(t:0.370-v:300.000)-(t:0.370-v:299.000)-(t:0.373-v:298.000)-(t:0.374-v:297.000)-(t:0.375-v:296.000)-(t:0.375-v:295.000)-(t:0.375-v:292.000)-(t:0.375-v:290.000)-(t:0.376-v:288.000)-(t:0.376-v:287.000)-(t:0.378-v:286.000)-(t:0.379-v:285.000)-(t:0.380-v:284.000)-(t:0.380-v:283.000)-(t:0.380-v:281.000)-(t:0.385-v:280.000)-(t:0.385-v:279.000)-(t:0.385-v:278.000)-(t:0.385-v:276.000)-(t:0.385-v:275.000)-(t:0.386-v:274.000)-(t:0.386-v:273.000)-(t:0.387-v:272.000)-(t:0.389-v:270.000)-(t:0.390-v:269.000)-(t:0.405-v:268.000)-(t:0.406-v:267.000)-(t:0.407-v:265.000)-(t:0.419-v:264.000)-(t:0.420-v:263.000)-(t:0.421-v:262.000)-(t:0.422-v:260.000)-(t:0.423-v:259.000)-(t:0.423-v:258.000)-(t:0.424-v:256.000)-(t:0.425-v:255.000)-(t:0.426-v:252.000)-(t:0.429-v:251.000)-(t:0.430-v:249.000)-(t:0.431-v:247.000)-(t:0.431-v:245.000)-(t:0.438-v:244.000)-(t:0.438-v:243.000)-(t:0.439-v:242.000)-(t:0.439-v:241.000)-(t:0.441-v:240.000)-(t:0.441-v:238.000)-(t:0.442-v:235.000)-(t:0.448-v:234.000)-(t:0.450-v:233.000)-(t:0.451-v:232.000)-(t:0.452-v:231.000)-(t:0.452-v:229.000)-(t:0.452-v:228.000)-(t:0.452-v:226.000)-(t:0.452-v:225.000)-(t:0.453-v:224.000)-(t:0.453-v:223.000)-(t:0.453-v:222.000)-(t:0.453-v:221.000)-(t:0.454-v:220.000)-(t:0.454-v:219.000)-(t:0.454-v:218.000)-(t:0.467-v:216.000)-(t:0.467-v:215.000)-(t:0.467-v:214.000)-(t:0.467-v:213.000)-(t:0.469-v:210.000)-(t:0.469-v:209.000)-(t:0.472-v:207.000)-(t:0.472-v:206.000)-(t:0.473-v:205.000)-(t:0.477-v:203.000)-(t:0.478-v:202.000)-(t:0.478-v:201.000)-(t:0.479-v:200.000)-(t:0.479-v:199.000)-(t:0.479-v:197.000)-(t:0.479-v:196.000)-(t:0.479-v:195.000)-(t:0.479-v:193.000)-(t:0.479-v:192.000)-(t:0.480-v:191.000)-(t:0.481-v:190.000)-(t:0.481-v:188.000)-(t:0.482-v:187.000)-(t:0.482-v:186.000)-(t:0.483-v:185.000)-(t:0.483-v:184.000)-(t:0.483-v:183.000)-(t:0.483-v:182.000)-(t:0.483-v:181.000)-(t:0.483-v:179.000)-(t:0.483-v:178.000)-(t:0.484-v:177.000)-(t:0.485-v:176.000)-(t:0.485-v:175.000)-(t:0.486-v:174.000)-(t:0.486-v:173.000)-(t:0.487-v:172.000)-(t:0.487-v:170.000)-(t:0.487-v:169.000)-(t:0.493-v:168.000)-(t:0.493-v:167.000)-(t:0.495-v:166.000)-(t:0.495-v:165.000)-(t:0.495-v:164.000)-(t:0.495-v:163.000)-(t:0.496-v:162.000)-(t:0.496-v:161.000)-(t:0.504-v:160.000)-(t:0.517-v:159.000)-(t:0.518-v:157.000)-(t:0.519-v:156.000)-(t:0.520-v:155.000)-(t:0.523-v:154.000)-(t:0.525-v:153.000)-(t:0.525-v:152.000)-(t:0.528-v:151.000)-(t:0.530-v:150.000)-(t:0.530-v:149.000)-(t:0.533-v:148.000)-(t:0.535-v:147.000)-(t:0.630-v:146.000)-(t:0.631-v:145.000)-(t:0.632-v:144.000)-(t:0.632-v:143.000)-(t:0.633-v:142.000)-(t:0.634-v:141.000)-(t:0.635-v:140.000)-(t:0.636-v:139.000)-(t:0.636-v:137.000)-(t:0.638-v:136.000)-(t:0.654-v:134.000)-(t:0.655-v:132.000)-(t:0.656-v:131.000)-(t:0.657-v:130.000)-(t:0.658-v:129.000)-(t:0.672-v:128.000)-(t:0.675-v:127.000)-(t:0.677-v:126.000)-(t:0.678-v:125.000)-(t:0.680-v:124.000)-(t:0.681-v:123.000)-(t:0.682-v:122.000)-(t:0.683-v:121.000)-(t:0.684-v:120.000)-(t:0.688-v:119.000)-(t:0.704-v:118.000)-(t:0.705-v:117.000)-(t:0.707-v:116.000)-(t:0.709-v:115.000)-(t:0.711-v:114.000)-(t:0.711-v:113.000)-(t:0.712-v:112.000)-(t:0.715-v:111.000)-(t:0.716-v:110.000)-(t:0.720-v:108.000)-(t:0.733-v:107.000)-(t:0.733-v:106.000)-(t:0.734-v:105.000)-(t:0.737-v:104.000)-(t:0.740-v:103.000)-(t:0.741-v:102.000)-(t:0.743-v:101.000)-(t:0.746-v:100.000)-(t:0.755-v:99.000)-(t:0.759-v:98.000)-(t:0.760-v:97.000)-(t:0.761-v:96.000)-(t:0.775-v:95.000)-(t:0.782-v:94.000)-(t:0.782-v:93.000)-(t:0.790-v:92.000)-(t:0.790-v:91.000)-(t:0.791-v:89.000)-(t:0.805-v:88.000)-(t:0.806-v:87.000)-(t:0.809-v:86.000)-(t:0.809-v:85.000)-(t:0.811-v:84.000)-(t:0.814-v:83.000)-(t:0.815-v:82.000)-(t:0.830-v:81.000)-(t:0.834-v:80.000)-(t:0.846-v:79.000)-(t:0.850-v:78.000)-(t:0.854-v:76.000)-(t:0.855-v:75.000)-(t:0.857-v:74.000)-(t:0.875-v:73.000)-(t:0.877-v:72.000)-(t:0.892-v:71.000)-(t:0.893-v:70.000)-(t:0.899-v:69.000)-(t:0.902-v:68.000)-(t:0.921-v:67.000)-(t:0.926-v:66.000)-(t:0.929-v:65.000)-(t:0.946-v:64.000)-(t:0.955-v:63.000)-(t:0.966-v:62.000)-(t:0.967-v:61.000)-(t:0.968-v:60.000)-(t:0.989-v:59.000)-(t:1.010-v:58.000)-(t:1.018-v:57.000)-(t:1.026-v:56.000)-(t:1.050-v:55.000)-(t:1.067-v:54.000)-(t:1.073-v:53.000)-(t:1.100-v:52.000)-(t:1.109-v:51.000)-(t:1.130-v:50.000)-(t:1.136-v:49.000)-(t:1.149-v:48.000)-(t:1.165-v:47.000)-(t:1.174-v:46.000)-(t:1.218-v:45.000)-(t:1.295-v:44.000)-(t:1.458-v:43.000)-(t:1.567-v:42.000)-(t:1.571-v:41.000)-(t:1.596-v:40.000)-(t:1.625-v:39.000)-(t:1.659-v:38.000)-(t:1.686-v:37.000)-(t:1.704-v:36.000)-(t:1.761-v:35.000)-(t:1.768-v:34.000)-(t:1.775-v:33.000)-(t:1.781-v:32.000)-(t:1.804-v:31.000)-(t:1.804-v:30.000)-(t:1.807-v:29.000)-(t:1.834-v:28.000)-(t:1.844-v:27.000)-(t:1.877-v:26.000)-(t:1.888-v:25.000)-(t:1.915-v:24.000)-(t:1.985-v:23.000)-(t:2.060-v:22.000)-(t:2.078-v:21.000)-(t:2.125-v:20.000)-(t:2.345-v:19.000)-(t:2.360-v:18.000)-(t:2.360-v:17.000)-(t:2.379-v:16.000)-(t:2.393-v:15.000)-(t:2.623-v:14.000)-(t:3.394-v:13.000)-(t:3.419-v:12.000)-(t:3.550-v:11.000)-(t:3.570-v:10.000)-(t:3.615-v:9.000)-(t:4.506-v:8.000)-(t:4.613-v:7.000)-(t:4.677-v:6.000)-(t:6.518-v:5.000)-(t:6.534-v:4.000)-(t:8.623-v:3.000)-(t:10.979-v:2.000)-(t:12.609-v:1.000)-(t:12.863-v:0.000)]
examples/csp/csp_500/carseq_500_8_20_77.txt,bestslopefirst,900,0,[(t:0.041-v:609.000)-(t:0.053-v:606.000)-(t:0.054-v:603.000)-(t:0.054-v:600.000)-(t:0.056-v:599.000)-(t:0.080-v:597.000)-(t:0.087-v:594.000)-(t:0.090-v:593.000)-(t:0.092-v:592.000)-(t:0.092-v:587.000)-(t:0.100-v:585.000)-(t:0.102-v:584.000)-(t:0.103-v:583.000)-(t:0.104-v:582.000)-(t:0.105-v:581.000)-(t:0.107-v:580.000)-(t:0.108-v:579.000)-(t:0.122-v:578.000)-(t:0.123-v:577.000)-(t:0.124-v:575.000)-(t:0.125-v:574.000)-(t:0.126-v:570.000)-(t:0.126-v:568.000)-(t:0.126-v:567.000)-(t:0.128-v:566.000)-(t:0.129-v:565.000)-(t:0.129-v:563.000)-(t:0.129-v:562.000)-(t:0.130-v:561.000)-(t:0.130-v:560.000)-(t:0.131-v:559.000)-(t:0.132-v:558.000)-(t:0.133-v:557.000)-(t:0.134-v:555.000)-(t:0.134-v:554.000)-(t:0.134-v:553.000)-(t:0.134-v:552.000)-(t:0.135-v:551.000)-(t:0.136-v:549.000)-(t:0.136-v:548.000)-(t:0.136-v:547.000)-(t:0.136-v:546.000)-(t:0.137-v:545.000)-(t:0.139-v:544.000)-(t:0.139-v:543.000)-(t:0.139-v:542.000)-(t:0.140-v:541.000)-(t:0.141-v:540.000)-(t:0.141-v:539.000)-(t:0.148-v:537.000)-(t:0.148-v:536.000)-(t:0.149-v:535.000)-(t:0.149-v:534.000)-(t:0.150-v:533.000)-(t:0.150-v:532.000)-(t:0.150-v:531.000)-(t:0.154-v:530.000)-(t:0.154-v:529.000)-(t:0.169-v:527.000)-(t:0.170-v:525.000)-(t:0.170-v:524.000)-(t:0.171-v:523.000)-(t:0.171-v:522.000)-(t:0.173-v:520.000)-(t:0.174-v:519.000)-(t:0.175-v:518.000)-(t:0.175-v:517.000)-(t:0.175-v:516.000)-(t:0.176-v:514.000)-(t:0.177-v:513.000)-(t:0.177-v:512.000)-(t:0.177-v:510.000)-(t:0.177-v:508.000)-(t:0.178-v:506.000)-(t:0.178-v:505.000)-(t:0.179-v:504.000)-(t:0.179-v:503.000)-(t:0.180-v:502.000)-(t:0.181-v:501.000)-(t:0.181-v:500.000)-(t:0.181-v:499.000)-(t:0.181-v:497.000)-(t:0.181-v:496.000)-(t:0.182-v:495.000)-(t:0.182-v:494.000)-(t:0.183-v:493.000)-(t:0.184-v:492.000)-(t:0.185-v:491.000)-(t:0.185-v:490.000)-(t:0.197-v:488.000)-(t:0.199-v:486.000)-(t:0.200-v:485.000)-(t:0.200-v:484.000)-(t:0.201-v:483.000)-(t:0.202-v:482.000)-(t:0.203-v:481.000)-(t:0.203-v:480.000)-(t:0.204-v:479.000)-(t:0.205-v:478.000)-(t:0.220-v:476.000)-(t:0.223-v:475.000)-(t:0.228-v:474.000)-(t:0.228-v:471.000)-(t:0.229-v:466.000)-(t:0.229-v:465.000)-(t:0.229-v:461.000)-(t:0.230-v:457.000)-(t:0.230-v:455.000)-(t:0.230-v:451.000)-(t:0.230-v:450.000)-(t:0.231-v:449.000)-(t:0.231-v:448.000)-(t:0.233-v:447.000)-(t:0.233-v:446.000)-(t:0.233-v:445.000)-(t:0.247-v:444.000)-(t:0.248-v:443.000)-(t:0.251-v:442.000)-(t:0.251-v:441.000)-(t:0.251-v:439.000)-(t:0.252-v:437.000)-(t:0.253-v:435.000)-(t:0.253-v:434.000)-(t:0.254-v:433.000)-(t:0.254-v:432.000)-(t:0.254-v:431.000)-(t:0.255-v:429.000)-(t:0.256-v:427.000)-(t:0.257-v:425.000)-(t:0.260-v:424.000)-(t:0.260-v:420.000)-(t:0.261-v:418.000)-(t:0.261-v:417.000)-(t:0.262-v:416.000)-(t:0.262-v:415.000)-(t:0.263-v:412.000)-(t:0.265-v:411.000)-(t:0.265-v:408.000)-(t:0.265-v:407.000)-(t:0.266-v:406.000)-(t:0.266-v:404.000)-(t:0.266-v:403.000)-(t:0.267-v:402.000)-(t:0.268-v:398.000)-(t:0.268-v:397.000)-(t:0.269-v:396.000)-(t:0.283-v:395.000)-(t:0.284-v:393.000)-(t:0.284-v:392.000)-(t:0.284-v:391.000)-(t:0.284-v:390.000)-(t:0.284-v:389.000)-(t:0.285-v:388.000)-(t:0.287-v:387.000)-(t:0.289-v:386.000)-(t:0.289-v:384.000)-(t:0.290-v:382.000)-(t:0.291-v:381.000)-(t:0.291-v:380.000)-(t:0.293-v:378.000)-(t:0.294-v:377.000)-(t:0.295-v:374.000)-(t:0.295-v:373.000)-(t:0.296-v:372.000)-(t:0.297-v:370.000)-(t:0.310-v:369.000)-(t:0.311-v:368.000)-(t:0.312-v:367.000)-(t:0.313-v:364.000)-(t:0.314-v:362.000)-(t:0.314-v:361.000)-(t:0.314-v:360.000)-(t:0.316-v:358.000)-(t:0.317-v:357.000)-(t:0.317-v:356.000)-(t:0.317-v:355.000)-(t:0.318-v:354.000)-(t:0.318-v:353.000)-(t:0.318-v:352.000)-(t:0.318-v:349.000)-(t:0.319-v:347.000)-(t:0.320-v:346.000)-(t:0.320-v:345.000)-(t:0.321-v:344.000)-(t:0.321-v:343.000)-(t:0.321-v:342.000)-(t:0.322-v:341.000)-(t:0.323-v:339.000)-(t:0.324-v:338.000)-(t:0.324-v:337.000)-(t:0.324-v:336.000)-(t:0.332-v:335.000)-(t:0.332-v:334.000)-(t:0.333-v:333.000)-(t:0.334-v:332.000)-(t:0.334-v:329.000)-(t:0.334-v:327.000)-(t:0.335-v:325.000)-(t:0.335-v:321.000)-(t:0.335-v:318.000)-(t:0.336-v:317.000)-(t:0.336-v:316.000)-(t:0.337-v:315.000)-(t:0.337-v:314.000)-(t:0.364-v:311.000)-(t:0.381-v:310.000)-(t:0.382-v:308.000)-(t:0.385-v:307.000)-(t:0.386-v:306.000)-(t:0.386-v:305.000)-(t:0.388-v:304.000)-(t:0.389-v:302.000)-(t:0.389-v:299.000)-(t:0.389-v:298.000)-(t:0.390-v:297.000)-(t:0.390-v:295.000)-(t:0.391-v:294.000)-(t:0.392-v:293.000)-(t:0.393-v:292.000)-(t:0.393-v:290.000)-(t:0.394-v:288.000)-(t:0.394-v:286.000)-(t:0.395-v:285.000)-(t:0.396-v:284.000)-(t:0.398-v:282.000)-(t:0.399-v:281.000)-(t:0.400-v:280.000)-(t:0.400-v:279.000)-(t:0.400-v:278.000)-(t:0.411-v:277.000)-(t:0.411-v:275.000)-(t:0.415-v:274.000)-(t:0.416-v:271.000)-(t:0.416-v:270.000)-(t:0.417-v:269.000)-(t:0.418-v:265.000)-(t:0.420-v:264.000)-(t:0.435-v:263.000)-(t:0.436-v:261.000)-(t:0.436-v:260.000)-(t:0.437-v:259.000)-(t:0.437-v:258.000)-(t:0.437-v:257.000)-(t:0.437-v:256.000)-(t:0.437-v:255.000)-(t:0.438-v:254.000)-(t:0.438-v:253.000)-(t:0.438-v:251.000)-(t:0.438-v:250.000)-(t:0.438-v:249.000)-(t:0.439-v:247.000)-(t:0.439-v:246.000)-(t:0.439-v:245.000)-(t:0.440-v:244.000)-(t:0.440-v:242.000)-(t:0.444-v:241.000)-(t:0.445-v:240.000)-(t:0.445-v:239.000)-(t:0.446-v:238.000)-(t:0.446-v:237.000)-(t:0.446-v:235.000)-(t:0.446-v:234.000)-(t:0.447-v:232.000)-(t:0.447-v:231.000)-(t:0.449-v:228.000)-(t:0.449-v:226.000)-(t:0.449-v:225.000)-(t:0.451-v:222.000)-(t:0.452-v:220.000)-(t:0.452-v:219.000)-(t:0.452-v:217.000)-(t:0.452-v:215.000)-(t:0.453-v:214.000)-(t:0.454-v:213.000)-(t:0.454-v:212.000)-(t:0.454-v:211.000)-(t:0.455-v:210.000)-(t:0.456-v:209.000)-(t:0.456-v:208.000)-(t:0.456-v:207.000)-(t:0.456-v:206.000)-(t:0.457-v:205.000)-(t:0.457-v:204.000)-(t:0.459-v:203.000)-(t:0.459-v:202.000)-(t:0.459-v:200.000)-(t:0.459-v:199.000)-(t:0.460-v:198.000)-(t:0.460-v:197.000)-(t:0.460-v:196.000)-(t:0.460-v:195.000)-(t:0.468-v:194.000)-(t:0.469-v:193.000)-(t:0.469-v:191.000)-(t:0.469-v:190.000)-(t:0.469-v:189.000)-(t:0.469-v:188.000)-(t:0.470-v:186.000)-(t:0.475-v:185.000)-(t:0.477-v:184.000)-(t:0.477-v:183.000)-(t:0.477-v:182.000)-(t:0.479-v:179.000)-(t:0.479-v:178.000)-(t:0.502-v:177.000)-(t:0.503-v:176.000)-(t:0.504-v:174.000)-(t:0.632-v:173.000)-(t:0.633-v:172.000)-(t:0.647-v:170.000)-(t:0.648-v:169.000)-(t:0.654-v:168.000)-(t:0.654-v:167.000)-(t:0.655-v:165.000)-(t:0.655-v:164.000)-(t:0.656-v:163.000)-(t:0.657-v:161.000)-(t:0.657-v:160.000)-(t:0.657-v:159.000)-(t:0.658-v:158.000)-(t:0.658-v:157.000)-(t:0.658-v:156.000)-(t:0.658-v:154.000)-(t:0.658-v:153.000)-(t:0.658-v:152.000)-(t:0.658-v:151.000)-(t:0.659-v:150.000)-(t:0.659-v:149.000)-(t:0.660-v:148.000)-(t:0.661-v:147.000)-(t:0.668-v:146.000)-(t:0.669-v:145.000)-(t:0.669-v:144.000)-(t:0.670-v:143.000)-(t:0.683-v:142.000)-(t:0.684-v:141.000)-(t:0.690-v:140.000)-(t:0.694-v:139.000)-(t:0.695-v:138.000)-(t:0.696-v:136.000)-(t:0.697-v:135.000)-(t:0.701-v:134.000)-(t:0.703-v:133.000)-(t:0.705-v:132.000)-(t:0.707-v:131.000)-(t:0.720-v:129.000)-(t:0.721-v:128.000)-(t:0.721-v:127.000)-(t:0.721-v:126.000)-(t:0.727-v:125.000)-(t:0.727-v:124.000)-(t:0.728-v:123.000)-(t:0.728-v:121.000)-(t:0.730-v:120.000)-(t:0.731-v:119.000)-(t:0.739-v:118.000)-(t:0.741-v:117.000)-(t:0.743-v:116.000)-(t:0.744-v:114.000)-(t:0.749-v:113.000)-(t:0.752-v:112.000)-(t:0.755-v:111.000)-(t:0.757-v:110.000)-(t:0.758-v:109.000)-(t:0.761-v:108.000)-(t:0.775-v:107.000)-(t:0.776-v:106.000)-(t:0.778-v:105.000)-(t:0.778-v:104.000)-(t:0.779-v:103.000)-(t:0.780-v:102.000)-(t:0.782-v:101.000)-(t:0.784-v:100.000)-(t:0.785-v:99.000)-(t:0.802-v:98.000)-(t:0.805-v:97.000)-(t:0.808-v:96.000)-(t:0.811-v:95.000)-(t:0.828-v:94.000)-(t:0.828-v:93.000)-(t:0.830-v:92.000)-(t:0.834-v:91.000)-(t:0.844-v:90.000)-(t:0.847-v:89.000)-(t:0.853-v:88.000)-(t:0.871-v:87.000)-(t:0.873-v:86.000)-(t:0.876-v:85.000)-(t:0.877-v:84.000)-(t:0.877-v:83.000)-(t:0.879-v:82.000)-(t:0.880-v:81.000)-(t:0.880-v:80.000)-(t:0.880-v:79.000)-(t:0.883-v:78.000)-(t:0.885-v:77.000)-(t:0.886-v:76.000)-(t:0.888-v:74.000)-(t:0.888-v:73.000)-(t:0.889-v:72.000)-(t:0.903-v:71.000)-(t:0.908-v:70.000)-(t:0.939-v:69.000)-(t:1.023-v:68.000)-(t:1.024-v:67.000)-(t:1.025-v:66.000)-(t:1.378-v:65.000)-(t:1.381-v:64.000)-(t:1.383-v:63.000)-(t:1.400-v:62.000)-(t:1.405-v:61.000)-(t:1.422-v:60.000)-(t:1.424-v:59.000)-(t:1.425-v:58.000)-(t:1.426-v:57.000)-(t:1.430-v:56.000)-(t:1.431-v:55.000)-(t:1.432-v:54.000)-(t:1.434-v:53.000)-(t:1.436-v:52.000)-(t:1.436-v:51.000)-(t:1.439-v:50.000)-(t:1.457-v:49.000)-(t:1.457-v:48.000)-(t:1.458-v:47.000)-(t:1.460-v:46.000)-(t:1.463-v:45.000)-(t:1.466-v:44.000)-(t:1.484-v:43.000)-(t:1.484-v:42.000)-(t:1.530-v:41.000)-(t:1.553-v:40.000)-(t:1.555-v:39.000)-(t:1.562-v:38.000)-(t:1.580-v:37.000)-(t:1.606-v:36.000)-(t:1.609-v:35.000)-(t:1.623-v:34.000)-(t:1.634-v:33.000)-(t:1.671-v:32.000)-(t:1.688-v:31.000)-(t:1.738-v:30.000)-(t:1.758-v:29.000)-(t:1.770-v:28.000)-(t:1.814-v:27.000)-(t:1.814-v:26.000)-(t:1.839-v:25.000)-(t:1.839-v:24.000)-(t:1.850-v:23.000)-(t:1.914-v:22.000)-(t:1.930-v:21.000)-(t:1.952-v:20.000)-(t:1.975-v:19.000)-(t:2.017-v:18.000)-(t:2.066-v:17.000)-(t:2.140-v:16.000)-(t:2.249-v:15.000)-(t:2.280-v:14.000)-(t:2.283-v:13.000)-(t:2.351-v:12.000)-(t:2.625-v:11.000)-(t:3.799-v:10.000)-(t:3.908-v:9.000)-(t:4.109-v:8.000)-(t:4.960-v:7.000)-(t:5.118-v:6.000)-(t:5.889-v:5.000)-(t:6.700-v:4.000)-(t:6.761-v:3.000)-(t:8.277-v:2.000)-(t:12.105-v:1.000)-(t:16.696-v:0.000)]
examples/csp/csp_500/carseq_500_8_20_79.txt,epsilongreedy,900,0,[(t:0.054-v:568.000)-(t:0.055-v:567.000)-(t:0.073-v:566.000)-(t:0.074-v:563.000)-(t:0.077-v:559.000)-(t:0.086-v:555.000)-(t:0.092-v:554.000)-(t:0.106-v:553.000)-(t:0.109-v:552.000)-(t:0.112-v:550.000)-(t:0.114-v:549.000)-(t:0.116-v:546.000)-(t:0.117-v:543.000)-(t:0.119-v:538.000)-(t:0.120-v:537.000)-(t:0.122-v:536.000)-(t:0.123-v:535.000)-(t:0.126-v:534.000)-(t:0.136-v:532.000)-(t:0.137-v:529.000)-(t:0.139-v:528.000)-(t:0.140-v:522.000)-(t:0.141-v:519.000)-(t:0.142-v:518.000)-(t:0.144-v:517.000)-(t:0.158-v:516.000)-(t:0.160-v:515.000)-(t:0.161-v:513.000)-(t:0.163-v:511.000)-(t:0.165-v:509.000)-(t:0.167-v:508.000)-(t:0.168-v:507.000)-(t:0.170-v:506.000)-(t:0.172-v:505.000)-(t:0.173-v:504.000)-(t:0.186-v:501.000)-(t:0.189-v:500.000)-(t:0.192-v:499.000)-(t:0.193-v:497.000)-(t:0.195-v:494.000)-(t:0.196-v:492.000)-(t:0.198-v:491.000)-(t:0.213-v:490.000)-(t:0.215-v:486.000)-(t:0.217-v:482.000)-(t:0.219-v:479.000)-(t:0.220-v:476.000)-(t:0.222-v:474.000)-(t:0.224-v:471.000)-(t:0.225-v:470.000)-(t:0.227-v:467.000)-(t:0.229-v:463.000)-(t:0.237-v:461.000)-(t:0.253-v:460.000)-(t:0.255-v:458.000)-(t:0.256-v:456.000)-(t:0.258-v:452.000)-(t:0.260-v:451.000)-(t:0.262-v:450.000)-(t:0.264-v:449.000)-(t:0.266-v:447.000)-(t:0.277-v:440.000)-(t:0.282-v:438.000)-(t:0.286-v:436.000)-(t:0.287-v:435.000)-(t:0.302-v:434.000)-(t:0.303-v:433.000)-(t:0.305-v:430.000)-(t:0.307-v:427.000)-(t:0.309-v:423.000)-(t:0.310-v:422.000)-(t:0.312-v:421.000)-(t:0.314-v:420.000)-(t:0.315-v:414.000)-(t:0.327-v:413.000)-(t:0.332-v:411.000)-(t:0.332-v:410.000)-(t:0.348-v:409.000)-(t:0.349-v:408.000)-(t:0.349-v:407.000)-(t:0.350-v:406.000)-(t:0.351-v:404.000)-(t:0.352-v:403.000)-(t:0.352-v:402.000)-(t:0.354-v:401.000)-(t:0.355-v:400.000)-(t:0.355-v:399.000)-(t:0.356-v:398.000)-(t:0.356-v:397.000)-(t:0.357-v:395.000)-(t:0.357-v:394.000)-(t:0.358-v:393.000)-(t:0.360-v:392.000)-(t:0.361-v:391.000)-(t:0.361-v:389.000)-(t:0.375-v:388.000)-(t:0.376-v:387.000)-(t:0.377-v:386.000)-(t:0.378-v:384.000)-(t:0.378-v:383.000)-(t:0.379-v:382.000)-(t:0.380-v:380.000)-(t:0.380-v:379.000)-(t:0.381-v:378.000)-(t:0.381-v:377.000)-(t:0.387-v:376.000)-(t:0.388-v:374.000)-(t:0.390-v:373.000)-(t:0.391-v:372.000)-(t:0.392-v:371.000)-(t:0.393-v:370.000)-(t:0.407-v:367.000)-(t:0.408-v:366.000)-(t:0.408-v:365.000)-(t:0.409-v:364.000)-(t:0.409-v:363.000)-(t:0.411-v:361.000)-(t:0.411-v:359.000)-(t:0.412-v:358.000)-(t:0.413-v:357.000)-(t:0.414-v:356.000)-(t:0.415-v:355.000)-(t:0.415-v:354.000)-(t:0.416-v:353.000)-(t:0.417-v:351.000)-(t:0.418-v:350.000)-(t:0.419-v:349.000)-(t:0.434-v:348.000)-(t:0.435-v:347.000)-(t:0.436-v:344.000)-(t:0.436-v:342.000)-(t:0.437-v:341.000)-(t:0.437-v:340.000)-(t:0.438-v:339.000)-(t:0.438-v:338.000)-(t:0.440-v:337.000)-(t:0.441-v:336.000)-(t:0.441-v:335.000)-(t:0.443-v:334.000)-(t:0.443-v:333.000)-(t:0.444-v:332.000)-(t:0.445-v:331.000)-(t:0.447-v:330.000)-(t:0.448-v:329.000)-(t:0.449-v:328.000)-(t:0.463-v:327.000)-(t:0.464-v:324.000)-(t:0.466-v:323.000)-(t:0.466-v:322.000)-(t:0.467-v:321.000)-(t:0.468-v:320.000)-(t:0.469-v:319.000)-(t:0.470-v:318.000)-(t:0.472-v:315.000)-(t:0.472-v:314.000)-(t:0.474-v:313.000)-(t:0.475-v:310.000)-(t:0.477-v:309.000)-(t:0.477-v:308.000)-(t:0.478-v:307.000)-(t:0.480-v:306.000)-(t:0.480-v:305.000)-(t:0.482-v:304.000)-(t:0.483-v:303.000)-(t:0.500-v:302.000)-(t:0.501-v:301.000)-(t:0.501-v:300.000)-(t:0.503-v:299.000)-(t:0.504-v:298.000)-(t:0.505-v:297.000)-(t:0.506-v:296.000)-(t:0.507-v:295.000)-(t:0.507-v:294.000)-(t:0.521-v:293.000)-(t:0.522-v:292.000)-(t:0.523-v:291.000)-(t:0.524-v:289.000)-(t:0.526-v:288.000)-(t:0.526-v:286.000)-(t:0.527-v:285.000)-(t:0.528-v:284.000)-(t:0.529-v:283.000)-(t:0.531-v:281.000)-(t:0.532-v:280.000)-(t:0.538-v:279.000)-(t:0.539-v:278.000)-(t:0.540-v:277.000)-(t:0.541-v:276.000)-(t:0.556-v:275.000)-(t:0.558-v:272.000)-(t:0.559-v:270.000)-(t:0.561-v:268.000)-(t:0.562-v:266.000)-(t:0.563-v:265.000)-(t:0.564-v:264.000)-(t:0.565-v:263.000)-(t:0.565-v:262.000)-(t:0.567-v:260.000)-(t:0.581-v:259.000)-(t:0.583-v:258.000)-(t:0.584-v:257.000)-(t:0.585-v:256.000)-(t:0.588-v:255.000)-(t:0.589-v:254.000)-(t:0.590-v:253.000)-(t:0.591-v:252.000)-(t:0.592-v:251.000)-(t:0.593-v:250.000)-(t:0.607-v:249.000)-(t:0.607-v:248.000)-(t:0.608-v:247.000)-(t:0.609-v:246.000)-(t:0.609-v:244.000)-(t:0.610-v:243.000)-(t:0.611-v:242.000)-(t:0.612-v:241.000)-(t:0.613-v:240.000)-(t:0.614-v:239.000)-(t:0.615-v:236.000)-(t:0.617-v:235.000)-(t:0.618-v:234.000)-(t:0.619-v:233.000)-(t:0.620-v:232.000)-(t:0.621-v:231.000)-(t:0.622-v:230.000)-(t:0.623-v:229.000)-(t:0.624-v:227.000)-(t:0.637-v:226.000)-(t:0.639-v:225.000)-(t:0.639-v:224.000)-(t:0.640-v:223.000)-(t:0.640-v:222.000)-(t:0.642-v:221.000)-(t:0.642-v:220.000)-(t:0.644-v:219.000)-(t:0.644-v:218.000)-(t:0.646-v:217.000)-(t:0.647-v:216.000)-(t:0.647-v:215.000)-(t:0.648-v:214.000)-(t:0.648-v:212.000)-(t:0.649-v:211.000)-(t:0.650-v:210.000)-(t:0.663-v:209.000)-(t:0.663-v:208.000)-(t:0.664-v:206.000)-(t:0.665-v:205.000)-(t:0.666-v:203.000)-(t:0.666-v:202.000)-(t:0.667-v:201.000)-(t:0.667-v:200.000)-(t:0.668-v:199.000)-(t:0.668-v:198.000)-(t:0.669-v:196.000)-(t:0.671-v:195.000)-(t:0.690-v:194.000)-(t:0.691-v:193.000)-(t:0.694-v:191.000)-(t:0.695-v:190.000)-(t:0.696-v:189.000)-(t:0.696-v:188.000)-(t:0.697-v:187.000)-(t:0.698-v:186.000)-(t:0.699-v:185.000)-(t:0.700-v:184.000)-(t:0.700-v:183.000)-(t:0.701-v:182.000)-(t:0.702-v:181.000)-(t:0.703-v:180.000)-(t:0.703-v:179.000)-(t:0.704-v:178.000)-(t:0.705-v:177.000)-(t:0.706-v:176.000)-(t:0.707-v:175.000)-(t:0.708-v:174.000)-(t:0.708-v:173.000)-(t:0.708-v:172.000)-(t:0.709-v:171.000)-(t:0.709-v:170.000)-(t:0.724-v:169.000)-(t:0.725-v:168.000)-(t:0.725-v:167.000)-(t:0.725-v:166.000)-(t:0.726-v:165.000)-(t:0.728-v:164.000)-(t:0.729-v:162.000)-(t:0.730-v:161.000)-(t:0.731-v:160.000)-(t:0.731-v:159.000)-(t:0.733-v:158.000)-(t:0.738-v:157.000)-(t:0.738-v:156.000)-(t:0.738-v:155.000)-(t:0.739-v:154.000)-(t:0.739-v:153.000)-(t:0.740-v:151.000)-(t:0.741-v:150.000)-(t:0.742-v:149.000)-(t:0.757-v:148.000)-(t:0.758-v:147.000)-(t:0.759-v:146.000)-(t:0.761-v:145.000)-(t:0.762-v:144.000)-(t:0.763-v:143.000)-(t:0.764-v:142.000)-(t:0.764-v:141.000)-(t:0.765-v:139.000)-(t:0.765-v:138.000)-(t:0.767-v:137.000)-(t:0.768-v:136.000)-(t:0.773-v:135.000)-(t:0.774-v:134.000)-(t:0.776-v:133.000)-(t:0.777-v:132.000)-(t:0.778-v:131.000)-(t:0.779-v:130.000)-(t:0.779-v:129.000)-(t:0.780-v:128.000)-(t:0.788-v:127.000)-(t:0.789-v:126.000)-(t:0.795-v:125.000)-(t:0.796-v:124.000)-(t:0.809-v:123.000)-(t:0.810-v:122.000)-(t:0.811-v:121.000)-(t:0.811-v:120.000)-(t:0.813-v:119.000)-(t:0.815-v:118.000)-(t:0.817-v:117.000)-(t:0.818-v:116.000)-(t:0.818-v:115.000)-(t:0.819-v:114.000)-(t:0.820-v:113.000)-(t:0.822-v:112.000)-(t:0.823-v:110.000)-(t:0.824-v:109.000)-(t:0.826-v:108.000)-(t:0.826-v:107.000)-(t:0.827-v:106.000)-(t:0.831-v:105.000)-(t:0.831-v:104.000)-(t:0.851-v:103.000)-(t:0.851-v:102.000)-(t:0.852-v:101.000)-(t:0.853-v:100.000)-(t:0.855-v:99.000)-(t:0.855-v:98.000)-(t:0.855-v:97.000)-(t:0.857-v:96.000)-(t:0.857-v:94.000)-(t:0.859-v:93.000)-(t:0.860-v:92.000)-(t:0.862-v:91.000)-(t:0.877-v:90.000)-(t:0.878-v:89.000)-(t:0.880-v:88.000)-(t:0.882-v:87.000)-(t:0.885-v:86.000)-(t:0.887-v:85.000)-(t:0.900-v:84.000)-(t:0.904-v:83.000)-(t:0.905-v:82.000)-(t:0.906-v:81.000)-(t:0.907-v:79.000)-(t:0.909-v:78.000)-(t:0.911-v:77.000)-(t:0.912-v:76.000)-(t:0.927-v:75.000)-(t:0.928-v:74.000)-(t:0.932-v:73.000)-(t:0.933-v:72.000)-(t:0.934-v:71.000)-(t:0.936-v:70.000)-(t:0.936-v:69.000)-(t:0.938-v:68.000)-(t:0.941-v:67.000)-(t:0.942-v:66.000)-(t:0.942-v:65.000)-(t:0.949-v:63.000)-(t:0.968-v:62.000)-(t:0.968-v:61.000)-(t:0.969-v:60.000)-(t:1.006-v:59.000)-(t:1.010-v:58.000)-(t:1.012-v:57.000)-(t:1.023-v:56.000)-(t:1.036-v:55.000)-(t:1.037-v:54.000)-(t:1.039-v:53.000)-(t:1.040-v:52.000)-(t:1.041-v:51.000)-(t:1.044-v:50.000)-(t:1.066-v:49.000)-(t:1.069-v:48.000)-(t:1.079-v:47.000)-(t:1.097-v:46.000)-(t:1.098-v:45.000)-(t:1.099-v:44.000)-(t:1.099-v:43.000)-(t:1.101-v:42.000)-(t:1.110-v:41.000)-(t:1.152-v:40.000)-(t:1.155-v:39.000)-(t:1.155-v:38.000)-(t:1.178-v:37.000)-(t:1.189-v:36.000)-(t:1.190-v:35.000)-(t:1.204-v:34.000)-(t:1.222-v:32.000)-(t:1.223-v:31.000)-(t:1.223-v:30.000)-(t:1.224-v:29.000)-(t:1.228-v:28.000)-(t:1.239-v:27.000)-(t:1.240-v:25.000)-(t:1.257-v:24.000)-(t:1.261-v:23.000)-(t:1.263-v:22.000)-(t:1.265-v:21.000)-(t:1.278-v:20.000)-(t:1.287-v:19.000)-(t:1.305-v:18.000)-(t:1.329-v:17.000)-(t:1.359-v:16.000)-(t:1.369-v:15.000)-(t:1.402-v:14.000)-(t:1.405-v:13.000)-(t:1.450-v:12.000)-(t:1.460-v:11.000)-(t:1.478-v:10.000)-(t:1.527-v:9.000)-(t:1.547-v:8.000)-(t:1.594-v:7.000)-(t:1.602-v:6.000)-(t:1.629-v:5.000)-(t:1.699-v:4.000)-(t:1.844-v:3.000)-(t:2.027-v:2.000)-(t:2.563-v:1.000)-(t:3.518-v:0.000)]
examples/csp/csp_500/carseq_500_8_20_77.txt,epsilongreedy,900,0,[(t:0.053-v:597.000)-(t:0.056-v:596.000)-(t:0.060-v:595.000)-(t:0.060-v:594.000)-(t:0.065-v:592.000)-(t:0.069-v:591.000)-(t:0.072-v:590.000)-(t:0.072-v:589.000)-(t:0.078-v:587.000)-(t:0.080-v:586.000)-(t:0.081-v:585.000)-(t:0.082-v:584.000)-(t:0.082-v:583.000)-(t:0.083-v:582.000)-(t:0.084-v:581.000)-(t:0.084-v:580.000)-(t:0.089-v:579.000)-(t:0.091-v:577.000)-(t:0.091-v:575.000)-(t:0.092-v:574.000)-(t:0.092-v:573.000)-(t:0.093-v:572.000)-(t:0.093-v:571.000)-(t:0.098-v:570.000)-(t:0.099-v:569.000)-(t:0.101-v:568.000)-(t:0.103-v:567.000)-(t:0.103-v:566.000)-(t:0.104-v:565.000)-(t:0.105-v:564.000)-(t:0.118-v:563.000)-(t:0.119-v:560.000)-(t:0.121-v:559.000)-(t:0.122-v:556.000)-(t:0.124-v:555.000)-(t:0.124-v:554.000)-(t:0.128-v:553.000)-(t:0.129-v:552.000)-(t:0.129-v:550.000)-(t:0.131-v:549.000)-(t:0.132-v:547.000)-(t:0.133-v:546.000)-(t:0.148-v:545.000)-(t:0.149-v:544.000)-(t:0.149-v:543.000)-(t:0.150-v:542.000)-(t:0.150-v:541.000)-(t:0.151-v:540.000)-(t:0.152-v:538.000)-(t:0.153-v:537.000)-(t:0.153-v:535.000)-(t:0.153-v:534.000)-(t:0.154-v:533.000)-(t:0.156-v:532.000)-(t:0.156-v:531.000)-(t:0.157-v:529.000)-(t:0.159-v:528.000)-(t:0.159-v:527.000)-(t:0.160-v:526.000)-(t:0.160-v:525.000)-(t:0.161-v:524.000)-(t:0.161-v:522.000)-(t:0.162-v:521.000)-(t:0.169-v:519.000)-(t:0.169-v:518.000)-(t:0.169-v:516.000)-(t:0.170-v:515.000)-(t:0.170-v:514.000)-(t:0.173-v:513.000)-(t:0.173-v:512.000)-(t:0.174-v:511.000)-(t:0.174-v:510.000)-(t:0.175-v:509.000)-(t:0.175-v:508.000)-(t:0.178-v:507.000)-(t:0.179-v:506.000)-(t:0.179-v:505.000)-(t:0.180-v:503.000)-(t:0.184-v:502.000)-(t:0.185-v:501.000)-(t:0.185-v:500.000)-(t:0.186-v:499.000)-(t:0.188-v:498.000)-(t:0.189-v:497.000)-(t:0.189-v:495.000)-(t:0.192-v:494.000)-(t:0.192-v:493.000)-(t:0.194-v:492.000)-(t:0.194-v:490.000)-(t:0.197-v:489.000)-(t:0.199-v:488.000)-(t:0.199-v:487.000)-(t:0.202-v:485.000)-(t:0.202-v:484.000)-(t:0.202-v:482.000)-(t:0.203-v:480.000)-(t:0.203-v:479.000)-(t:0.207-v:478.000)-(t:0.207-v:477.000)-(t:0.207-v:476.000)-(t:0.208-v:475.000)-(t:0.214-v:474.000)-(t:0.214-v:473.000)-(t:0.215-v:472.000)-(t:0.216-v:471.000)-(t:0.217-v:470.000)-(t:0.217-v:469.000)-(t:0.219-v:468.000)-(t:0.219-v:467.000)-(t:0.220-v:466.000)-(t:0.222-v:465.000)-(t:0.223-v:464.000)-(t:0.223-v:463.000)-(t:0.224-v:462.000)-(t:0.224-v:461.000)-(t:0.229-v:460.000)-(t:0.229-v:459.000)-(t:0.230-v:458.000)-(t:0.232-v:457.000)-(t:0.233-v:456.000)-(t:0.234-v:455.000)-(t:0.234-v:454.000)-(t:0.238-v:452.000)-(t:0.239-v:451.000)-(t:0.242-v:450.000)-(t:0.243-v:449.000)-(t:0.244-v:448.000)-(t:0.251-v:445.000)-(t:0.252-v:444.000)-(t:0.253-v:443.000)-(t:0.253-v:442.000)-(t:0.253-v:441.000)-(t:0.254-v:440.000)-(t:0.254-v:439.000)-(t:0.258-v:438.000)-(t:0.260-v:437.000)-(t:0.262-v:435.000)-(t:0.266-v:434.000)-(t:0.266-v:433.000)-(t:0.267-v:432.000)-(t:0.273-v:431.000)-(t:0.273-v:429.000)-(t:0.276-v:428.000)-(t:0.277-v:427.000)-(t:0.278-v:425.000)-(t:0.278-v:424.000)-(t:0.279-v:423.000)-(t:0.279-v:421.000)-(t:0.279-v:420.000)-(t:0.280-v:419.000)-(t:0.281-v:418.000)-(t:0.284-v:417.000)-(t:0.287-v:416.000)-(t:0.287-v:415.000)-(t:0.287-v:414.000)-(t:0.288-v:412.000)-(t:0.290-v:411.000)-(t:0.294-v:409.000)-(t:0.296-v:408.000)-(t:0.299-v:407.000)-(t:0.299-v:406.000)-(t:0.299-v:405.000)-(t:0.300-v:404.000)-(t:0.300-v:403.000)-(t:0.300-v:402.000)-(t:0.302-v:400.000)-(t:0.303-v:399.000)-(t:0.303-v:398.000)-(t:0.307-v:397.000)-(t:0.309-v:396.000)-(t:0.311-v:395.000)-(t:0.312-v:394.000)-(t:0.312-v:393.000)-(t:0.313-v:392.000)-(t:0.313-v:391.000)-(t:0.317-v:389.000)-(t:0.327-v:388.000)-(t:0.330-v:387.000)-(t:0.332-v:386.000)-(t:0.335-v:385.000)-(t:0.337-v:383.000)-(t:0.352-v:382.000)-(t:0.355-v:381.000)-(t:0.355-v:380.000)-(t:0.357-v:378.000)-(t:0.357-v:377.000)-(t:0.359-v:376.000)-(t:0.374-v:374.000)-(t:0.376-v:373.000)-(t:0.377-v:372.000)-(t:0.378-v:371.000)-(t:0.380-v:370.000)-(t:0.383-v:369.000)-(t:0.398-v:368.000)-(t:0.401-v:367.000)-(t:0.402-v:366.000)-(t:0.404-v:365.000)-(t:0.408-v:364.000)-(t:0.408-v:363.000)-(t:0.411-v:362.000)-(t:0.413-v:361.000)-(t:0.415-v:360.000)-(t:0.430-v:359.000)-(t:0.433-v:358.000)-(t:0.435-v:357.000)-(t:0.448-v:355.000)-(t:0.453-v:354.000)-(t:0.454-v:353.000)-(t:0.458-v:352.000)-(t:0.462-v:351.000)-(t:0.475-v:350.000)-(t:0.475-v:349.000)-(t:0.475-v:348.000)-(t:0.476-v:347.000)-(t:0.477-v:346.000)-(t:0.477-v:345.000)-(t:0.478-v:344.000)-(t:0.478-v:343.000)-(t:0.478-v:342.000)-(t:0.479-v:341.000)-(t:0.479-v:340.000)-(t:0.479-v:339.000)-(t:0.480-v:338.000)-(t:0.481-v:337.000)-(t:0.481-v:336.000)-(t:0.481-v:335.000)-(t:0.482-v:334.000)-(t:0.482-v:333.000)-(t:0.483-v:332.000)-(t:0.483-v:330.000)-(t:0.483-v:329.000)-(t:0.484-v:327.000)-(t:0.485-v:326.000)-(t:0.486-v:325.000)-(t:0.486-v:324.000)-(t:0.487-v:323.000)-(t:0.487-v:322.000)-(t:0.487-v:321.000)-(t:0.488-v:320.000)-(t:0.490-v:319.000)-(t:0.499-v:318.000)-(t:0.499-v:317.000)-(t:0.500-v:316.000)-(t:0.500-v:315.000)-(t:0.501-v:313.000)-(t:0.501-v:312.000)-(t:0.501-v:311.000)-(t:0.502-v:310.000)-(t:0.502-v:309.000)-(t:0.503-v:308.000)-(t:0.503-v:307.000)-(t:0.505-v:306.000)-(t:0.518-v:305.000)-(t:0.519-v:304.000)-(t:0.520-v:303.000)-(t:0.529-v:302.000)-(t:0.530-v:301.000)-(t:0.530-v:300.000)-(t:0.531-v:299.000)-(t:0.531-v:298.000)-(t:0.531-v:297.000)-(t:0.532-v:295.000)-(t:0.532-v:294.000)-(t:0.533-v:293.000)-(t:0.533-v:292.000)-(t:0.535-v:291.000)-(t:0.535-v:290.000)-(t:0.535-v:289.000)-(t:0.537-v:288.000)-(t:0.537-v:287.000)-(t:0.537-v:286.000)-(t:0.537-v:285.000)-(t:0.550-v:283.000)-(t:0.552-v:282.000)-(t:0.552-v:281.000)-(t:0.553-v:279.000)-(t:0.553-v:278.000)-(t:0.553-v:277.000)-(t:0.554-v:276.000)-(t:0.554-v:274.000)-(t:0.555-v:273.000)-(t:0.555-v:272.000)-(t:0.556-v:271.000)-(t:0.556-v:270.000)-(t:0.562-v:269.000)-(t:0.563-v:267.000)-(t:0.563-v:266.000)-(t:0.564-v:265.000)-(t:0.564-v:264.000)-(t:0.565-v:263.000)-(t:0.566-v:262.000)-(t:0.567-v:261.000)-(t:0.579-v:260.000)-(t:0.579-v:258.000)-(t:0.580-v:257.000)-(t:0.580-v:255.000)-(t:0.581-v:254.000)-(t:0.581-v:253.000)-(t:0.583-v:252.000)-(t:0.584-v:251.000)-(t:0.584-v:250.000)-(t:0.584-v:249.000)-(t:0.587-v:248.000)-(t:0.588-v:247.000)-(t:0.589-v:246.000)-(t:0.600-v:245.000)-(t:0.600-v:244.000)-(t:0.600-v:243.000)-(t:0.601-v:242.000)-(t:0.603-v:241.000)-(t:0.603-v:240.000)-(t:0.604-v:239.000)-(t:0.604-v:238.000)-(t:0.605-v:237.000)-(t:0.605-v:236.000)-(t:0.606-v:235.000)-(t:0.620-v:234.000)-(t:0.622-v:233.000)-(t:0.623-v:232.000)-(t:0.623-v:231.000)-(t:0.624-v:230.000)-(t:0.625-v:229.000)-(t:0.626-v:228.000)-(t:0.627-v:227.000)-(t:0.628-v:226.000)-(t:0.628-v:225.000)-(t:0.628-v:224.000)-(t:0.629-v:223.000)-(t:0.630-v:222.000)-(t:0.631-v:221.000)-(t:0.631-v:220.000)-(t:0.635-v:219.000)-(t:0.650-v:218.000)-(t:0.650-v:217.000)-(t:0.651-v:216.000)-(t:0.652-v:215.000)-(t:0.654-v:214.000)-(t:0.656-v:213.000)-(t:0.657-v:212.000)-(t:0.657-v:211.000)-(t:0.658-v:210.000)-(t:0.658-v:209.000)-(t:0.660-v:208.000)-(t:0.661-v:207.000)-(t:0.662-v:206.000)-(t:0.663-v:205.000)-(t:0.663-v:204.000)-(t:0.664-v:203.000)-(t:0.664-v:201.000)-(t:0.665-v:200.000)-(t:0.665-v:199.000)-(t:0.668-v:198.000)-(t:0.669-v:197.000)-(t:0.670-v:196.000)-(t:0.670-v:195.000)-(t:0.684-v:194.000)-(t:0.684-v:193.000)-(t:0.685-v:192.000)-(t:0.688-v:191.000)-(t:0.688-v:190.000)-(t:0.689-v:189.000)-(t:0.689-v:188.000)-(t:0.689-v:187.000)-(t:0.690-v:186.000)-(t:0.691-v:185.000)-(t:0.692-v:184.000)-(t:0.693-v:183.000)-(t:0.711-v:182.000)-(t:0.712-v:181.000)-(t:0.714-v:180.000)-(t:0.714-v:179.000)-(t:0.715-v:178.000)-(t:0.717-v:177.000)-(t:0.717-v:176.000)-(t:0.719-v:175.000)-(t:0.720-v:174.000)-(t:0.721-v:172.000)-(t:0.730-v:171.000)-(t:0.734-v:170.000)-(t:0.735-v:169.000)-(t:0.736-v:168.000)-(t:0.737-v:167.000)-(t:0.756-v:166.000)-(t:0.756-v:165.000)-(t:0.757-v:164.000)-(t:0.757-v:163.000)-(t:0.757-v:162.000)-(t:0.758-v:161.000)-(t:0.759-v:160.000)-(t:0.759-v:159.000)-(t:0.760-v:158.000)-(t:0.761-v:157.000)-(t:0.761-v:155.000)-(t:0.778-v:154.000)-(t:0.785-v:153.000)-(t:0.786-v:152.000)-(t:0.788-v:151.000)-(t:0.789-v:150.000)-(t:0.789-v:149.000)-(t:0.795-v:148.000)-(t:0.813-v:147.000)-(t:0.815-v:146.000)-(t:0.815-v:144.000)-(t:0.818-v:143.000)-(t:0.819-v:142.000)-(t:0.820-v:141.000)-(t:0.822-v:140.000)-(t:0.822-v:139.000)-(t:0.829-v:138.000)-(t:0.829-v:137.000)-(t:0.830-v:136.000)-(t:0.832-v:135.000)-(t:0.832-v:134.000)-(t:0.834-v:133.000)-(t:0.834-v:132.000)-(t:0.836-v:131.000)-(t:0.838-v:130.000)-(t:0.838-v:129.000)-(t:0.839-v:127.000)-(t:0.840-v:126.000)-(t:0.866-v:125.000)-(t:0.866-v:124.000)-(t:0.868-v:123.000)-(t:0.869-v:122.000)-(t:0.869-v:121.000)-(t:0.870-v:120.000)-(t:0.871-v:119.000)-(t:0.872-v:118.000)-(t:0.872-v:117.000)-(t:0.875-v:116.000)-(t:0.876-v:115.000)-(t:0.877-v:114.000)-(t:0.879-v:113.000)-(t:0.880-v:112.000)-(t:0.881-v:111.000)-(t:0.896-v:110.000)-(t:0.913-v:109.000)-(t:0.915-v:108.000)-(t:0.918-v:107.000)-(t:0.923-v:106.000)-(t:0.970-v:105.000)-(t:0.990-v:104.000)-(t:1.003-v:103.000)-(t:1.059-v:102.000)-(t:1.061-v:101.000)-(t:1.062-v:100.000)-(t:1.077-v:99.000)-(t:1.084-v:98.000)-(t:1.223-v:97.000)-(t:1.314-v:96.000)-(t:1.424-v:95.000)-(t:1.537-v:94.000)-(t:1.629-v:93.000)-(t:1.629-v:92.000)-(t:1.736-v:91.000)-(t:1.883-v:90.000)-(t:1.973-v:89.000)-(t:2.081-v:88.000)-(t:2.241-v:87.000)-(t:2.353-v:86.000)-(t:2.449-v:85.000)-(t:2.553-v:84.000)-(t:2.564-v:83.000)-(t:2.590-v:82.000)-(t:2.676-v:81.000)-(t:2.677-v:80.000)-(t:2.709-v:79.000)-(t:2.817-v:78.000)-(t:2.987-v:77.000)-(t:3.082-v:76.000)-(t:3.170-v:75.000)-(t:3.264-v:74.000)-(t:3.372-v:73.000)-(t:3.412-v:72.000)-(t:3.499-v:71.000)-(t:3.610-v:70.000)-(t:3.680-v:69.000)-(t:3.765-v:67.000)-(t:3.850-v:66.000)-(t:3.935-v:65.000)-(t:4.023-v:64.000)-(t:4.113-v:63.000)-(t:4.199-v:62.000)-(t:4.283-v:61.000)-(t:4.371-v:60.000)-(t:4.456-v:59.000)-(t:4.540-v:58.000)-(t:4.625-v:57.000)-(t:4.711-v:56.000)-(t:4.800-v:55.000)-(t:4.801-v:54.000)-(t:4.805-v:53.000)-(t:4.826-v:52.000)-(t:4.829-v:51.000)-(t:4.833-v:50.000)-(t:4.844-v:49.000)-(t:4.846-v:48.000)-(t:4.848-v:47.000)-(t:4.854-v:46.000)-(t:4.856-v:45.000)-(t:4.857-v:44.000)-(t:4.860-v:43.000)-(t:4.868-v:42.000)-(t:4.877-v:41.000)-(t:4.880-v:40.000)-(t:4.884-v:39.000)-(t:4.888-v:38.000)-(t:4.895-v:37.000)-(t:4.898-v:36.000)-(t:4.919-v:35.000)-(t:4.927-v:34.000)-(t:4.932-v:33.000)-(t:4.965-v:32.000)-(t:4.976-v:31.000)-(t:5.019-v:30.000)-(t:5.043-v:29.000)-(t:5.047-v:28.000)-(t:5.081-v:27.000)-(t:5.090-v:26.000)-(t:5.110-v:25.000)-(t:5.125-v:24.000)-(t:5.236-v:23.000)-(t:5.353-v:22.000)-(t:5.483-v:21.000)-(t:5.574-v:20.000)-(t:5.671-v:19.000)-(t:5.763-v:18.000)-(t:5.858-v:17.000)-(t:6.695-v:16.000)-(t:6.874-v:15.000)-(t:9.353-v:14.000)-(t:9.479-v:13.000)-(t:10.506-v:12.000)-(t:10.616-v:11.000)-(t:10.777-v:10.000)-(t:10.962-v:9.000)-(t:11.948-v:8.000)-(t:12.067-v:7.000)-(t:13.522-v:6.000)-(t:13.658-v:5.000)-(t:13.741-v:4.000)-(t:14.797-v:3.000)-(t:17.306-v:2.000)-(t:18.095-v:1.000)-(t:18.268-v:0.000)]
examples/csp/csp_500/carseq_500_8_20_79.txt,ucb,900,0,[(t:0.032-v:582.000)-(t:0.042-v:580.000)-(t:0.044-v:579.000)-(t:0.045-v:578.000)-(t:0.047-v:576.000)-(t:0.051-v:570.000)-(t:0.052-v:569.000)-(t:0.067-v:567.000)-(t:0.070-v:566.000)-(t:0.071-v:564.000)-(t:0.073-v:563.000)-(t:0.074-v:561.000)-(t:0.076-v:560.000)-(t:0.077-v:559.000)-(t:0.079-v:558.000)-(t:0.081-v:553.000)-(t:0.082-v:552.000)-(t:0.097-v:551.000)-(t:0.099-v:549.000)-(t:0.100-v:548.000)-(t:0.101-v:546.000)-(t:0.102-v:543.000)-(t:0.104-v:539.000)-(t:0.105-v:536.000)-(t:0.106-v:535.000)-(t:0.107-v:533.000)-(t:0.109-v:531.000)-(t:0.110-v:530.000)-(t:0.111-v:529.000)-(t:0.112-v:528.000)-(t:0.125-v:527.000)-(t:0.127-v:524.000)-(t:0.129-v:522.000)-(t:0.131-v:521.000)-(t:0.132-v:520.000)-(t:0.146-v:515.000)-(t:0.147-v:514.000)-(t:0.148-v:511.000)-(t:0.149-v:509.000)-(t:0.150-v:508.000)-(t:0.151-v:504.000)-(t:0.152-v:502.000)-(t:0.154-v:501.000)-(t:0.156-v:499.000)-(t:0.157-v:496.000)-(t:0.158-v:493.000)-(t:0.159-v:490.000)-(t:0.160-v:489.000)-(t:0.161-v:488.000)-(t:0.162-v:487.000)-(t:0.176-v:486.000)-(t:0.177-v:485.000)-(t:0.178-v:482.000)-(t:0.180-v:480.000)-(t:0.181-v:478.000)-(t:0.182-v:476.000)-(t:0.183-v:475.000)-(t:0.184-v:474.000)-(t:0.186-v:472.000)-(t:0.187-v:468.000)-(t:0.204-v:467.000)-(t:0.207-v:466.000)-(t:0.208-v:465.000)-(t:0.211-v:463.000)-(t:0.213-v:462.000)-(t:0.214-v:461.000)-(t:0.215-v:456.000)-(t:0.216-v:455.000)-(t:0.217-v:454.000)-(t:0.218-v:452.000)-(t:0.219-v:451.000)-(t:0.234-v:450.000)-(t:0.235-v:445.000)-(t:0.236-v:443.000)-(t:0.237-v:442.000)-(t:0.238-v:440.000)-(t:0.240-v:439.000)-(t:0.241-v:438.000)-(t:0.243-v:437.000)-(t:0.244-v:436.000)-(t:0.246-v:435.000)-(t:0.247-v:434.000)-(t:0.252-v:433.000)-(t:0.253-v:432.000)-(t:0.254-v:428.000)-(t:0.255-v:424.000)-(t:0.256-v:423.000)-(t:0.258-v:422.000)-(t:0.271-v:421.000)-(t:0.272-v:420.000)-(t:0.273-v:419.000)-(t:0.275-v:418.000)-(t:0.276-v:417.000)-(t:0.276-v:415.000)-(t:0.277-v:414.000)-(t:0.278-v:413.000)-(t:0.279-v:412.000)-(t:0.280-v:411.000)-(t:0.281-v:408.000)-(t:0.282-v:406.000)-(t:0.285-v:405.000)-(t:0.287-v:403.000)-(t:0.288-v:402.000)-(t:0.303-v:398.000)-(t:0.304-v:395.000)-(t:0.307-v:394.000)-(t:0.309-v:393.000)-(t:0.310-v:392.000)-(t:0.311-v:391.000)-(t:0.313-v:390.000)-(t:0.328-v:389.000)-(t:0.330-v:388.000)-(t:0.332-v:387.000)-(t:0.334-v:386.000)-(t:0.336-v:385.000)-(t:0.338-v:383.000)-(t:0.344-v:382.000)-(t:0.346-v:381.000)-(t:0.348-v:379.000)-(t:0.350-v:378.000)-(t:0.364-v:376.000)-(t:0.365-v:375.000)-(t:0.366-v:374.000)-(t:0.367-v:373.000)-(t:0.368-v:372.000)-(t:0.370-v:371.000)-(t:0.389-v:370.000)-(t:0.392-v:369.000)-(t:0.394-v:368.000)-(t:0.396-v:367.000)-(t:0.397-v:366.000)-(t:0.398-v:365.000)-(t:0.400-v:364.000)-(t:0.401-v:362.000)-(t:0.402-v:361.000)-(t:0.416-v:360.000)-(t:0.418-v:358.000)-(t:0.419-v:357.000)-(t:0.419-v:355.000)-(t:0.420-v:354.000)-(t:0.421-v:353.000)-(t:0.422-v:352.000)-(t:0.424-v:351.000)-(t:0.428-v:348.000)-(t:0.430-v:347.000)-(t:0.446-v:346.000)-(t:0.448-v:345.000)-(t:0.451-v:344.000)-(t:0.454-v:341.000)-(t:0.457-v:340.000)-(t:0.459-v:339.000)-(t:0.461-v:338.000)-(t:0.477-v:337.000)-(t:0.479-v:336.000)-(t:0.482-v:334.000)-(t:0.497-v:332.000)-(t:0.500-v:330.000)-(t:0.502-v:328.000)-(t:0.504-v:327.000)-(t:0.507-v:326.000)-(t:0.510-v:325.000)-(t:0.511-v:324.000)-(t:0.513-v:323.000)-(t:0.528-v:322.000)-(t:0.531-v:321.000)-(t:0.534-v:320.000)-(t:0.536-v:319.000)-(t:0.539-v:317.000)-(t:0.553-v:314.000)-(t:0.556-v:313.000)-(t:0.559-v:312.000)-(t:0.562-v:311.000)-(t:0.576-v:310.000)-(t:0.576-v:308.000)-(t:0.577-v:307.000)-(t:0.579-v:306.000)-(t:0.581-v:305.000)-(t:0.582-v:304.000)-(t:0.584-v:303.000)-(t:0.587-v:302.000)-(t:0.602-v:301.000)-(t:0.603-v:299.000)-(t:0.605-v:298.000)-(t:0.620-v:297.000)-(t:0.622-v:296.000)-(t:0.623-v:295.000)-(t:0.625-v:294.000)-(t:0.627-v:292.000)-(t:0.628-v:291.000)-(t:0.629-v:290.000)-(t:0.631-v:289.000)-(t:0.632-v:288.000)-(t:0.634-v:287.000)-(t:0.652-v:286.000)-(t:0.653-v:284.000)-(t:0.655-v:283.000)-(t:0.656-v:282.000)-(t:0.657-v:281.000)-(t:0.658-v:279.000)-(t:0.660-v:277.000)-(t:0.662-v:276.000)-(t:0.664-v:273.000)-(t:0.665-v:272.000)-(t:0.667-v:271.000)-(t:0.682-v:270.000)-(t:0.684-v:269.000)-(t:0.686-v:268.000)-(t:0.701-v:266.000)-(t:0.703-v:265.000)-(t:0.705-v:264.000)-(t:0.706-v:263.000)-(t:0.709-v:262.000)-(t:0.711-v:261.000)-(t:0.716-v:260.000)-(t:0.717-v:259.000)-(t:0.718-v:258.000)-(t:0.720-v:257.000)-(t:0.722-v:256.000)-(t:0.724-v:255.000)-(t:0.726-v:254.000)-(t:0.728-v:252.000)-(t:0.744-v:250.000)-(t:0.791-v:247.000)-(t:0.802-v:245.000)-(t:0.804-v:244.000)-(t:0.805-v:242.000)-(t:0.807-v:241.000)-(t:0.810-v:240.000)-(t:0.811-v:239.000)-(t:0.813-v:238.000)-(t:0.814-v:237.000)-(t:0.830-v:236.000)-(t:0.832-v:235.000)-(t:0.834-v:234.000)-(t:0.834-v:233.000)-(t:0.837-v:232.000)-(t:0.838-v:231.000)-(t:0.839-v:229.000)-(t:0.840-v:227.000)-(t:0.842-v:226.000)-(t:0.844-v:225.000)-(t:0.861-v:224.000)-(t:0.863-v:223.000)-(t:0.866-v:222.000)-(t:0.879-v:221.000)-(t:0.880-v:220.000)-(t:0.881-v:219.000)-(t:0.895-v:218.000)-(t:0.918-v:217.000)-(t:0.925-v:216.000)-(t:0.947-v:215.000)-(t:0.954-v:214.000)-(t:0.967-v:213.000)-(t:0.967-v:212.000)-(t:0.968-v:210.000)-(t:0.969-v:209.000)-(t:0.969-v:208.000)-(t:0.978-v:207.000)-(t:1.003-v:206.000)-(t:1.011-v:205.000)-(t:1.013-v:204.000)-(t:1.020-v:203.000)-(t:1.039-v:202.000)-(t:1.041-v:201.000)-(t:1.048-v:200.000)-(t:1.063-v:199.000)-(t:1.081-v:198.000)-(t:1.082-v:196.000)-(t:1.091-v:195.000)-(t:1.108-v:194.000)-(t:1.109-v:193.000)-(t:1.129-v:192.000)-(t:1.130-v:191.000)-(t:1.138-v:190.000)-(t:1.139-v:188.000)-(t:1.153-v:187.000)-(t:1.154-v:186.000)-(t:1.157-v:185.000)-(t:1.157-v:183.000)-(t:1.158-v:182.000)-(t:1.158-v:181.000)-(t:1.159-v:180.000)-(t:1.178-v:179.000)-(t:1.186-v:178.000)-(t:1.203-v:177.000)-(t:1.210-v:176.000)-(t:1.210-v:175.000)-(t:1.211-v:174.000)-(t:1.229-v:173.000)-(t:1.235-v:172.000)-(t:1.236-v:171.000)-(t:1.241-v:170.000)-(t:1.255-v:169.000)-(t:1.261-v:168.000)-(t:1.279-v:167.000)-(t:1.287-v:166.000)-(t:1.304-v:165.000)-(t:1.304-v:163.000)-(t:1.305-v:162.000)-(t:1.305-v:160.000)-(t:1.305-v:159.000)-(t:1.306-v:158.000)-(t:1.306-v:157.000)-(t:1.307-v:156.000)-(t:1.307-v:155.000)-(t:1.308-v:153.000)-(t:1.308-v:152.000)-(t:1.321-v:151.000)-(t:1.321-v:150.000)-(t:1.322-v:149.000)-(t:1.323-v:148.000)-(t:1.324-v:147.000)-(t:1.324-v:146.000)-(t:1.325-v:145.000)-(t:1.325-v:144.000)-(t:1.327-v:143.000)-(t:1.327-v:142.000)-(t:1.330-v:141.000)-(t:1.330-v:140.000)-(t:1.331-v:139.000)-(t:1.332-v:138.000)-(t:1.332-v:137.000)-(t:1.333-v:136.000)-(t:1.334-v:135.000)-(t:1.334-v:134.000)-(t:1.335-v:133.000)-(t:1.336-v:132.000)-(t:1.336-v:131.000)-(t:1.337-v:129.000)-(t:1.338-v:128.000)-(t:1.339-v:127.000)-(t:1.339-v:126.000)-(t:1.341-v:125.000)-(t:1.354-v:124.000)-(t:1.354-v:123.000)-(t:1.355-v:122.000)-(t:1.356-v:121.000)-(t:1.358-v:120.000)-(t:1.359-v:119.000)-(t:1.359-v:118.000)-(t:1.360-v:117.000)-(t:1.368-v:115.000)-(t:1.369-v:114.000)-(t:1.370-v:113.000)-(t:1.372-v:111.000)-(t:1.372-v:110.000)-(t:1.373-v:108.000)-(t:1.373-v:106.000)-(t:1.374-v:105.000)-(t:1.387-v:104.000)-(t:1.389-v:103.000)-(t:1.390-v:102.000)-(t:1.393-v:101.000)-(t:1.394-v:100.000)-(t:1.398-v:99.000)-(t:1.399-v:98.000)-(t:1.400-v:97.000)-(t:1.401-v:96.000)-(t:1.416-v:95.000)-(t:1.418-v:94.000)-(t:1.421-v:93.000)-(t:1.425-v:92.000)-(t:1.425-v:91.000)-(t:1.426-v:90.000)-(t:1.427-v:89.000)-(t:1.428-v:88.000)-(t:1.430-v:87.000)-(t:1.431-v:86.000)-(t:1.447-v:85.000)-(t:1.448-v:83.000)-(t:1.454-v:82.000)-(t:1.457-v:81.000)-(t:1.459-v:79.000)-(t:1.461-v:78.000)-(t:1.464-v:77.000)-(t:1.480-v:76.000)-(t:1.481-v:75.000)-(t:1.483-v:73.000)-(t:1.484-v:72.000)-(t:1.486-v:71.000)-(t:1.489-v:70.000)-(t:1.492-v:69.000)-(t:1.519-v:68.000)-(t:1.523-v:67.000)-(t:1.529-v:66.000)-(t:1.530-v:65.000)-(t:1.532-v:64.000)-(t:1.534-v:63.000)-(t:1.555-v:62.000)-(t:1.556-v:61.000)-(t:1.558-v:60.000)-(t:1.560-v:59.000)-(t:1.565-v:58.000)-(t:1.582-v:57.000)-(t:1.582-v:56.000)-(t:1.585-v:55.000)-(t:1.587-v:54.000)-(t:1.588-v:53.000)-(t:1.590-v:52.000)-(t:1.603-v:49.000)-(t:1.605-v:48.000)-(t:1.617-v:47.000)-(t:1.619-v:46.000)-(t:1.636-v:45.000)-(t:1.643-v:44.000)-(t:1.648-v:43.000)-(t:1.652-v:42.000)-(t:1.677-v:41.000)-(t:1.694-v:40.000)-(t:1.694-v:39.000)-(t:1.695-v:38.000)-(t:1.696-v:37.000)-(t:1.698-v:36.000)-(t:1.703-v:35.000)-(t:1.746-v:34.000)-(t:1.747-v:33.000)-(t:1.750-v:32.000)-(t:1.784-v:31.000)-(t:1.825-v:30.000)-(t:1.826-v:29.000)-(t:1.829-v:28.000)-(t:1.864-v:27.000)-(t:1.897-v:26.000)-(t:1.898-v:25.000)-(t:1.900-v:24.000)-(t:1.903-v:23.000)-(t:1.921-v:22.000)-(t:1.940-v:21.000)-(t:1.962-v:20.000)-(t:1.982-v:18.000)-(t:2.012-v:17.000)-(t:2.032-v:16.000)-(t:2.037-v:15.000)-(t:2.041-v:14.000)-(t:2.076-v:13.000)-(t:2.119-v:12.000)-(t:2.158-v:11.000)-(t:2.169-v:10.000)-(t:2.181-v:9.000)-(t:2.201-v:8.000)-(t:2.257-v:7.000)-(t:2.278-v:6.000)-(t:2.362-v:5.000)-(t:2.510-v:4.000)-(t:2.617-v:3.000)-(t:2.792-v:2.000)-(t:2.900-v:1.000)-(t:3.987-v:0.000)]
examples/csp/csp_400/pb_400_08.txt,bestslopefirst,900,4,[(t:0.064-v:525.000)-(t:0.072-v:521.000)-(t:0.073-v:519.000)-(t:0.074-v:518.000)-(t:0.094-v:512.000)-(t:0.101-v:506.000)-(t:0.108-v:503.000)-(t:0.108-v:502.000)-(t:0.112-v:501.000)-(t:0.128-v:500.000)-(t:0.128-v:496.000)-(t:0.132-v:490.000)-(t:0.132-v:489.000)-(t:0.133-v:487.000)-(t:0.136-v:485.000)-(t:0.137-v:481.000)-(t:0.137-v:480.000)-(t:0.139-v:479.000)-(t:0.139-v:477.000)-(t:0.140-v:474.000)-(t:0.140-v:473.000)-(t:0.140-v:471.000)-(t:0.141-v:469.000)-(t:0.141-v:468.000)-(t:0.141-v:467.000)-(t:0.142-v:463.000)-(t:0.142-v:462.000)-(t:0.143-v:460.000)-(t:0.143-v:458.000)-(t:0.143-v:455.000)-(t:0.143-v:454.000)-(t:0.144-v:453.000)-(t:0.144-v:452.000)-(t:0.145-v:451.000)-(t:0.145-v:450.000)-(t:0.145-v:449.000)-(t:0.146-v:448.000)-(t:0.146-v:447.000)-(t:0.146-v:446.000)-(t:0.147-v:443.000)-(t:0.148-v:442.000)-(t:0.148-v:441.000)-(t:0.161-v:440.000)-(t:0.162-v:436.000)-(t:0.162-v:434.000)-(t:0.162-v:431.000)-(t:0.163-v:429.000)-(t:0.163-v:427.000)-(t:0.163-v:426.000)-(t:0.164-v:425.000)-(t:0.165-v:424.000)-(t:0.165-v:423.000)-(t:0.166-v:421.000)-(t:0.166-v:420.000)-(t:0.167-v:419.000)-(t:0.168-v:418.000)-(t:0.168-v:414.000)-(t:0.173-v:413.000)-(t:0.181-v:411.000)-(t:0.183-v:410.000)-(t:0.183-v:409.000)-(t:0.183-v:408.000)-(t:0.184-v:405.000)-(t:0.195-v:404.000)-(t:0.196-v:403.000)-(t:0.196-v:402.000)-(t:0.197-v:401.000)-(t:0.197-v:400.000)-(t:0.198-v:399.000)-(t:0.198-v:398.000)-(t:0.199-v:397.000)-(t:0.199-v:396.000)-(t:0.199-v:395.000)-(t:0.200-v:394.000)-(t:0.201-v:393.000)-(t:0.201-v:392.000)-(t:0.201-v:391.000)-(t:0.201-v:390.000)-(t:0.202-v:389.000)-(t:0.202-v:388.000)-(t:0.203-v:387.000)-(t:0.203-v:386.000)-(t:0.218-v:383.000)-(t:0.218-v:381.000)-(t:0.219-v:379.000)-(t:0.220-v:378.000)-(t:0.220-v:376.000)-(t:0.221-v:375.000)-(t:0.222-v:374.000)-(t:0.223-v:371.000)-(t:0.224-v:370.000)-(t:0.224-v:368.000)-(t:0.225-v:367.000)-(t:0.226-v:366.000)-(t:0.227-v:365.000)-(t:0.229-v:364.000)-(t:0.229-v:363.000)-(t:0.230-v:361.000)-(t:0.231-v:360.000)-(t:0.231-v:358.000)-(t:0.243-v:357.000)-(t:0.244-v:356.000)-(t:0.245-v:353.000)-(t:0.246-v:349.000)-(t:0.246-v:345.000)-(t:0.247-v:343.000)-(t:0.247-v:336.000)-(t:0.247-v:333.000)-(t:0.248-v:332.000)-(t:0.248-v:330.000)-(t:0.250-v:329.000)-(t:0.265-v:325.000)-(t:0.266-v:324.000)-(t:0.267-v:323.000)-(t:0.267-v:322.000)-(t:0.270-v:321.000)-(t:0.272-v:317.000)-(t:0.272-v:311.000)-(t:0.273-v:310.000)-(t:0.273-v:308.000)-(t:0.274-v:306.000)-(t:0.274-v:305.000)-(t:0.274-v:302.000)-(t:0.275-v:299.000)-(t:0.275-v:297.000)-(t:0.276-v:294.000)-(t:0.277-v:292.000)-(t:0.278-v:290.000)-(t:0.279-v:287.000)-(t:0.281-v:286.000)-(t:0.282-v:284.000)-(t:0.283-v:281.000)-(t:0.293-v:279.000)-(t:0.294-v:278.000)-(t:0.295-v:277.000)-(t:0.297-v:276.000)-(t:0.300-v:274.000)-(t:0.300-v:270.000)-(t:0.301-v:269.000)-(t:0.301-v:265.000)-(t:0.301-v:257.000)-(t:0.302-v:256.000)-(t:0.302-v:254.000)-(t:0.302-v:253.000)-(t:0.303-v:250.000)-(t:0.303-v:245.000)-(t:0.304-v:244.000)-(t:0.304-v:243.000)-(t:0.306-v:242.000)-(t:0.306-v:241.000)-(t:0.320-v:240.000)-(t:0.320-v:239.000)-(t:0.321-v:238.000)-(t:0.321-v:237.000)-(t:0.321-v:235.000)-(t:0.322-v:234.000)-(t:0.323-v:232.000)-(t:0.325-v:231.000)-(t:0.327-v:229.000)-(t:0.327-v:227.000)-(t:0.327-v:226.000)-(t:0.329-v:224.000)-(t:0.330-v:223.000)-(t:0.331-v:222.000)-(t:0.332-v:221.000)-(t:0.332-v:220.000)-(t:0.344-v:219.000)-(t:0.345-v:217.000)-(t:0.345-v:216.000)-(t:0.346-v:215.000)-(t:0.348-v:214.000)-(t:0.349-v:213.000)-(t:0.350-v:212.000)-(t:0.352-v:211.000)-(t:0.352-v:209.000)-(t:0.354-v:207.000)-(t:0.354-v:206.000)-(t:0.370-v:205.000)-(t:0.372-v:203.000)-(t:0.372-v:202.000)-(t:0.374-v:201.000)-(t:0.374-v:200.000)-(t:0.376-v:199.000)-(t:0.376-v:198.000)-(t:0.377-v:196.000)-(t:0.377-v:195.000)-(t:0.378-v:194.000)-(t:0.379-v:192.000)-(t:0.379-v:191.000)-(t:0.381-v:190.000)-(t:0.382-v:189.000)-(t:0.394-v:188.000)-(t:0.395-v:187.000)-(t:0.397-v:186.000)-(t:0.399-v:185.000)-(t:0.400-v:184.000)-(t:0.401-v:183.000)-(t:0.402-v:182.000)-(t:0.416-v:181.000)-(t:0.416-v:180.000)-(t:0.417-v:179.000)-(t:0.418-v:178.000)-(t:0.418-v:176.000)-(t:0.423-v:174.000)-(t:0.424-v:173.000)-(t:0.428-v:171.000)-(t:0.429-v:170.000)-(t:0.443-v:168.000)-(t:0.452-v:167.000)-(t:0.453-v:166.000)-(t:0.521-v:164.000)-(t:0.545-v:162.000)-(t:0.546-v:159.000)-(t:0.548-v:158.000)-(t:0.548-v:157.000)-(t:0.560-v:156.000)-(t:0.561-v:155.000)-(t:0.562-v:153.000)-(t:0.565-v:152.000)-(t:0.570-v:151.000)-(t:0.572-v:150.000)-(t:0.580-v:149.000)-(t:0.582-v:148.000)-(t:0.605-v:147.000)-(t:0.609-v:146.000)-(t:0.611-v:145.000)-(t:0.616-v:143.000)-(t:0.619-v:142.000)-(t:0.620-v:140.000)-(t:0.620-v:139.000)-(t:0.634-v:138.000)-(t:0.635-v:137.000)-(t:0.636-v:136.000)-(t:0.638-v:135.000)-(t:0.644-v:134.000)-(t:0.663-v:133.000)-(t:0.663-v:132.000)-(t:0.664-v:131.000)-(t:0.664-v:130.000)-(t:0.666-v:128.000)-(t:0.667-v:127.000)-(t:0.670-v:126.000)-(t:0.670-v:125.000)-(t:0.701-v:123.000)-(t:0.703-v:122.000)-(t:0.718-v:121.000)-(t:0.723-v:120.000)-(t:0.743-v:119.000)-(t:0.744-v:118.000)-(t:0.745-v:117.000)-(t:0.745-v:116.000)-(t:0.746-v:115.000)-(t:0.749-v:114.000)-(t:0.750-v:113.000)-(t:0.763-v:112.000)-(t:0.768-v:111.000)-(t:0.770-v:110.000)-(t:0.773-v:109.000)-(t:0.773-v:108.000)-(t:0.774-v:107.000)-(t:0.774-v:106.000)-(t:0.775-v:104.000)-(t:0.775-v:103.000)-(t:0.777-v:102.000)-(t:0.778-v:101.000)-(t:0.784-v:100.000)-(t:0.786-v:99.000)-(t:0.787-v:98.000)-(t:0.789-v:97.000)-(t:0.793-v:96.000)-(t:0.793-v:95.000)-(t:0.794-v:94.000)-(t:0.808-v:92.000)-(t:0.810-v:91.000)-(t:0.810-v:90.000)-(t:0.812-v:89.000)-(t:0.813-v:87.000)-(t:0.815-v:86.000)-(t:0.818-v:85.000)-(t:0.821-v:84.000)-(t:0.822-v:83.000)-(t:0.823-v:82.000)-(t:0.833-v:81.000)-(t:0.837-v:80.000)-(t:0.843-v:79.000)-(t:0.847-v:78.000)-(t:0.848-v:77.000)-(t:0.853-v:76.000)-(t:0.853-v:75.000)-(t:0.855-v:74.000)-(t:0.856-v:73.000)-(t:0.858-v:72.000)-(t:0.872-v:71.000)-(t:0.875-v:70.000)-(t:0.875-v:69.000)-(t:0.878-v:68.000)-(t:0.878-v:67.000)-(t:0.879-v:66.000)-(t:0.880-v:65.000)-(t:0.893-v:64.000)-(t:0.895-v:63.000)-(t:0.906-v:62.000)-(t:0.922-v:61.000)-(t:0.981-v:60.000)-(t:1.026-v:59.000)-(t:1.030-v:58.000)-(t:1.033-v:57.000)-(t:1.036-v:56.000)-(t:1.109-v:55.000)-(t:1.170-v:54.000)-(t:1.170-v:53.000)-(t:1.186-v:52.000)-(t:1.194-v:51.000)-(t:1.218-v:50.000)-(t:1.238-v:49.000)-(t:1.247-v:48.000)-(t:1.250-v:47.000)-(t:1.279-v:46.000)-(t:1.314-v:45.000)-(t:1.347-v:44.000)-(t:1.369-v:43.000)-(t:1.370-v:42.000)-(t:1.384-v:41.000)-(t:1.388-v:40.000)-(t:1.393-v:39.000)-(t:1.400-v:38.000)-(t:1.619-v:37.000)-(t:2.648-v:36.000)-(t:2.796-v:35.000)-(t:3.758-v:34.000)-(t:3.828-v:33.000)-(t:3.879-v:32.000)-(t:4.530-v:31.000)-(t:4.559-v:30.000)-(t:4.578-v:29.000)-(t:4.587-v:28.000)-(t:4.622-v:27.000)-(t:4.635-v:26.000)-(t:5.060-v:25.000)-(t:5.116-v:24.000)-(t:5.377-v:23.000)-(t:5.391-v:22.000)-(t:5.453-v:21.000)-(t:5.495-v:20.000)-(t:5.521-v:19.000)-(t:5.525-v:18.000)-(t:7.004-v:17.000)-(t:7.046-v:16.000)-(t:7.139-v:15.000)-(t:7.376-v:14.000)-(t:7.385-v:13.000)-(t:7.398-v:12.000)-(t:8.500-v:11.000)-(t:8.771-v:10.000)-(t:9.390-v:9.000)-(t:9.868-v:8.000)-(t:13.404-v:7.000)-(t:20.832-v:6.000)-(t:46.901-v:5.000)-(t:276.384-v:4.000)]
examples/csp/csp_500/carseq_500_8_20_39.txt,bestslopefirst,900,0,[(t:0.057-v:600.000)-(t:0.064-v:599.000)-(t:0.064-v:598.000)-(t:0.065-v:597.000)-(t:0.067-v:596.000)-(t:0.082-v:591.000)-(t:0.096-v:590.000)-(t:0.102-v:588.000)-(t:0.103-v:587.000)-(t:0.104-v:585.000)-(t:0.105-v:583.000)-(t:0.120-v:582.000)-(t:0.121-v:581.000)-(t:0.122-v:580.000)-(t:0.122-v:578.000)-(t:0.123-v:575.000)-(t:0.124-v:574.000)-(t:0.125-v:573.000)-(t:0.126-v:572.000)-(t:0.126-v:571.000)-(t:0.126-v:570.000)-(t:0.128-v:569.000)-(t:0.128-v:567.000)-(t:0.129-v:566.000)-(t:0.130-v:565.000)-(t:0.131-v:563.000)-(t:0.132-v:562.000)-(t:0.133-v:561.000)-(t:0.134-v:558.000)-(t:0.135-v:557.000)-(t:0.135-v:556.000)-(t:0.137-v:554.000)-(t:0.137-v:552.000)-(t:0.138-v:551.000)-(t:0.139-v:550.000)-(t:0.140-v:549.000)-(t:0.145-v:545.000)-(t:0.146-v:544.000)-(t:0.146-v:543.000)-(t:0.147-v:542.000)-(t:0.147-v:541.000)-(t:0.148-v:539.000)-(t:0.148-v:537.000)-(t:0.149-v:535.000)-(t:0.150-v:533.000)-(t:0.150-v:532.000)-(t:0.151-v:531.000)-(t:0.151-v:529.000)-(t:0.165-v:528.000)-(t:0.165-v:526.000)-(t:0.166-v:525.000)-(t:0.166-v:524.000)-(t:0.167-v:522.000)-(t:0.167-v:521.000)-(t:0.168-v:520.000)-(t:0.169-v:519.000)-(t:0.169-v:517.000)-(t:0.170-v:515.000)-(t:0.170-v:514.000)-(t:0.172-v:513.000)-(t:0.173-v:512.000)-(t:0.175-v:510.000)-(t:0.175-v:509.000)-(t:0.179-v:507.000)-(t:0.179-v:505.000)-(t:0.180-v:504.000)-(t:0.180-v:503.000)-(t:0.180-v:502.000)-(t:0.181-v:501.000)-(t:0.181-v:500.000)-(t:0.182-v:499.000)-(t:0.182-v:498.000)-(t:0.195-v:497.000)-(t:0.196-v:495.000)-(t:0.199-v:492.000)-(t:0.201-v:490.000)-(t:0.201-v:486.000)-(t:0.202-v:485.000)-(t:0.203-v:484.000)-(t:0.205-v:483.000)-(t:0.206-v:481.000)-(t:0.207-v:479.000)-(t:0.207-v:478.000)-(t:0.208-v:477.000)-(t:0.208-v:476.000)-(t:0.209-v:474.000)-(t:0.210-v:473.000)-(t:0.223-v:472.000)-(t:0.223-v:471.000)-(t:0.224-v:470.000)-(t:0.224-v:469.000)-(t:0.224-v:466.000)-(t:0.226-v:465.000)-(t:0.227-v:464.000)-(t:0.227-v:463.000)-(t:0.228-v:461.000)-(t:0.229-v:460.000)-(t:0.229-v:459.000)-(t:0.229-v:458.000)-(t:0.230-v:457.000)-(t:0.231-v:456.000)-(t:0.232-v:454.000)-(t:0.234-v:452.000)-(t:0.234-v:450.000)-(t:0.234-v:449.000)-(t:0.235-v:448.000)-(t:0.245-v:443.000)-(t:0.245-v:440.000)-(t:0.245-v:437.000)-(t:0.248-v:435.000)-(t:0.255-v:434.000)-(t:0.256-v:433.000)-(t:0.257-v:432.000)-(t:0.271-v:428.000)-(t:0.271-v:427.000)-(t:0.271-v:426.000)-(t:0.272-v:424.000)-(t:0.272-v:423.000)-(t:0.272-v:420.000)-(t:0.272-v:419.000)-(t:0.273-v:418.000)-(t:0.273-v:417.000)-(t:0.273-v:416.000)-(t:0.273-v:415.000)-(t:0.275-v:413.000)-(t:0.278-v:411.000)-(t:0.279-v:410.000)-(t:0.280-v:409.000)-(t:0.281-v:405.000)-(t:0.281-v:404.000)-(t:0.282-v:403.000)-(t:0.282-v:402.000)-(t:0.283-v:399.000)-(t:0.283-v:393.000)-(t:0.283-v:391.000)-(t:0.283-v:390.000)-(t:0.285-v:389.000)-(t:0.288-v:388.000)-(t:0.288-v:387.000)-(t:0.288-v:385.000)-(t:0.289-v:383.000)-(t:0.289-v:380.000)-(t:0.289-v:378.000)-(t:0.289-v:376.000)-(t:0.289-v:375.000)-(t:0.290-v:373.000)-(t:0.290-v:372.000)-(t:0.290-v:369.000)-(t:0.290-v:366.000)-(t:0.290-v:364.000)-(t:0.291-v:363.000)-(t:0.291-v:362.000)-(t:0.291-v:361.000)-(t:0.291-v:357.000)-(t:0.291-v:356.000)-(t:0.291-v:355.000)-(t:0.295-v:354.000)-(t:0.295-v:353.000)-(t:0.295-v:351.000)-(t:0.295-v:350.000)-(t:0.296-v:348.000)-(t:0.297-v:347.000)-(t:0.298-v:346.000)-(t:0.298-v:345.000)-(t:0.298-v:344.000)-(t:0.298-v:343.000)-(t:0.299-v:342.000)-(t:0.299-v:339.000)-(t:0.299-v:338.000)-(t:0.300-v:337.000)-(t:0.300-v:336.000)-(t:0.300-v:331.000)-(t:0.313-v:330.000)-(t:0.313-v:329.000)-(t:0.313-v:326.000)-(t:0.313-v:325.000)-(t:0.314-v:324.000)-(t:0.314-v:320.000)-(t:0.314-v:319.000)-(t:0.314-v:318.000)-(t:0.315-v:317.000)-(t:0.315-v:316.000)-(t:0.317-v:314.000)-(t:0.317-v:313.000)-(t:0.318-v:312.000)-(t:0.318-v:311.000)-(t:0.318-v:310.000)-(t:0.318-v:309.000)-(t:0.318-v:308.000)-(t:0.320-v:306.000)-(t:0.320-v:305.000)-(t:0.320-v:303.000)-(t:0.321-v:302.000)-(t:0.321-v:301.000)-(t:0.321-v:298.000)-(t:0.321-v:296.000)-(t:0.323-v:295.000)-(t:0.323-v:294.000)-(t:0.323-v:293.000)-(t:0.323-v:292.000)-(t:0.324-v:291.000)-(t:0.324-v:290.000)-(t:0.324-v:286.000)-(t:0.324-v:285.000)-(t:0.324-v:284.000)-(t:0.325-v:282.000)-(t:0.325-v:278.000)-(t:0.325-v:277.000)-(t:0.327-v:276.000)-(t:0.344-v:275.000)-(t:0.345-v:273.000)-(t:0.346-v:272.000)-(t:0.346-v:270.000)-(t:0.348-v:269.000)-(t:0.349-v:268.000)-(t:0.351-v:267.000)-(t:0.357-v:266.000)-(t:0.359-v:265.000)-(t:0.360-v:264.000)-(t:0.360-v:263.000)-(t:0.373-v:262.000)-(t:0.375-v:261.000)-(t:0.376-v:260.000)-(t:0.377-v:259.000)-(t:0.378-v:257.000)-(t:0.379-v:255.000)-(t:0.380-v:254.000)-(t:0.381-v:253.000)-(t:0.383-v:252.000)-(t:0.384-v:250.000)-(t:0.384-v:248.000)-(t:0.385-v:247.000)-(t:0.387-v:246.000)-(t:0.387-v:245.000)-(t:0.387-v:243.000)-(t:0.388-v:242.000)-(t:0.389-v:241.000)-(t:0.390-v:237.000)-(t:0.395-v:236.000)-(t:0.397-v:235.000)-(t:0.398-v:234.000)-(t:0.399-v:233.000)-(t:0.399-v:231.000)-(t:0.399-v:230.000)-(t:0.399-v:229.000)-(t:0.412-v:228.000)-(t:0.413-v:226.000)-(t:0.416-v:225.000)-(t:0.417-v:224.000)-(t:0.418-v:223.000)-(t:0.419-v:222.000)-(t:0.419-v:220.000)-(t:0.420-v:219.000)-(t:0.422-v:218.000)-(t:0.437-v:217.000)-(t:0.441-v:215.000)-(t:0.442-v:213.000)-(t:0.442-v:212.000)-(t:0.442-v:211.000)-(t:0.443-v:209.000)-(t:0.443-v:208.000)-(t:0.443-v:207.000)-(t:0.443-v:205.000)-(t:0.443-v:203.000)-(t:0.444-v:202.000)-(t:0.444-v:201.000)-(t:0.444-v:200.000)-(t:0.444-v:198.000)-(t:0.444-v:196.000)-(t:0.444-v:195.000)-(t:0.444-v:193.000)-(t:0.444-v:190.000)-(t:0.444-v:189.000)-(t:0.445-v:188.000)-(t:0.445-v:187.000)-(t:0.445-v:185.000)-(t:0.447-v:184.000)-(t:0.448-v:182.000)-(t:0.449-v:181.000)-(t:0.449-v:177.000)-(t:0.449-v:176.000)-(t:0.449-v:175.000)-(t:0.449-v:174.000)-(t:0.449-v:173.000)-(t:0.449-v:171.000)-(t:0.450-v:170.000)-(t:0.450-v:169.000)-(t:0.451-v:168.000)-(t:0.451-v:167.000)-(t:0.451-v:166.000)-(t:0.452-v:165.000)-(t:0.452-v:164.000)-(t:0.452-v:163.000)-(t:0.453-v:162.000)-(t:0.453-v:161.000)-(t:0.458-v:160.000)-(t:0.458-v:159.000)-(t:0.459-v:157.000)-(t:0.459-v:156.000)-(t:0.459-v:155.000)-(t:0.460-v:154.000)-(t:0.460-v:153.000)-(t:0.460-v:152.000)-(t:0.461-v:151.000)-(t:0.464-v:150.000)-(t:0.468-v:149.000)-(t:0.523-v:148.000)-(t:0.525-v:147.000)-(t:0.528-v:146.000)-(t:0.534-v:145.000)-(t:0.535-v:143.000)-(t:0.535-v:141.000)-(t:0.536-v:140.000)-(t:0.546-v:139.000)-(t:0.546-v:138.000)-(t:0.547-v:137.000)-(t:0.548-v:136.000)-(t:0.560-v:135.000)-(t:0.561-v:134.000)-(t:0.563-v:133.000)-(t:0.579-v:132.000)-(t:0.580-v:131.000)-(t:0.581-v:130.000)-(t:0.583-v:129.000)-(t:0.583-v:128.000)-(t:0.584-v:127.000)-(t:0.585-v:126.000)-(t:0.586-v:125.000)-(t:0.587-v:124.000)-(t:0.588-v:123.000)-(t:0.589-v:122.000)-(t:0.591-v:121.000)-(t:0.591-v:120.000)-(t:0.592-v:119.000)-(t:0.592-v:118.000)-(t:0.592-v:116.000)-(t:0.592-v:115.000)-(t:0.592-v:114.000)-(t:0.594-v:113.000)-(t:0.594-v:112.000)-(t:0.594-v:111.000)-(t:0.595-v:110.000)-(t:0.608-v:109.000)-(t:0.608-v:108.000)-(t:0.608-v:107.000)-(t:0.609-v:105.000)-(t:0.609-v:104.000)-(t:0.610-v:103.000)-(t:0.610-v:102.000)-(t:0.610-v:101.000)-(t:0.612-v:100.000)-(t:0.612-v:99.000)-(t:0.612-v:98.000)-(t:0.616-v:97.000)-(t:0.616-v:96.000)-(t:0.618-v:95.000)-(t:0.619-v:94.000)-(t:0.620-v:93.000)-(t:0.621-v:91.000)-(t:0.622-v:90.000)-(t:0.624-v:89.000)-(t:0.638-v:88.000)-(t:0.640-v:87.000)-(t:0.642-v:86.000)-(t:0.644-v:85.000)-(t:0.645-v:84.000)-(t:0.646-v:83.000)-(t:0.647-v:82.000)-(t:0.648-v:80.000)-(t:0.649-v:79.000)-(t:0.652-v:78.000)-(t:0.661-v:77.000)-(t:0.662-v:76.000)-(t:0.681-v:75.000)-(t:0.681-v:74.000)-(t:0.684-v:73.000)-(t:0.687-v:72.000)-(t:0.690-v:71.000)-(t:0.693-v:70.000)-(t:0.694-v:69.000)-(t:0.708-v:68.000)-(t:0.711-v:67.000)-(t:0.713-v:66.000)-(t:0.713-v:65.000)-(t:0.716-v:64.000)-(t:0.717-v:63.000)-(t:0.717-v:62.000)-(t:0.718-v:61.000)-(t:0.719-v:60.000)-(t:0.735-v:59.000)-(t:0.738-v:58.000)-(t:0.738-v:57.000)-(t:0.739-v:56.000)-(t:0.740-v:55.000)-(t:0.758-v:54.000)-(t:0.761-v:53.000)-(t:0.761-v:52.000)-(t:0.764-v:51.000)-(t:0.766-v:50.000)-(t:0.771-v:49.000)-(t:0.787-v:48.000)-(t:0.787-v:47.000)-(t:0.816-v:46.000)-(t:0.840-v:45.000)-(t:0.860-v:44.000)-(t:0.862-v:43.000)-(t:0.916-v:42.000)-(t:0.951-v:41.000)-(t:0.964-v:40.000)-(t:0.982-v:39.000)-(t:1.011-v:38.000)-(t:1.017-v:37.000)-(t:1.037-v:36.000)-(t:1.068-v:35.000)-(t:1.083-v:34.000)-(t:1.086-v:33.000)-(t:1.109-v:32.000)-(t:1.114-v:31.000)-(t:1.117-v:30.000)-(t:1.118-v:29.000)-(t:1.140-v:28.000)-(t:1.155-v:27.000)-(t:1.177-v:26.000)-(t:1.178-v:25.000)-(t:1.197-v:24.000)-(t:1.236-v:23.000)-(t:1.269-v:22.000)-(t:1.270-v:21.000)-(t:1.285-v:20.000)-(t:1.310-v:19.000)-(t:1.325-v:18.000)-(t:1.326-v:17.000)-(t:1.343-v:16.000)-(t:1.347-v:15.000)-(t:1.375-v:14.000)-(t:1.414-v:13.000)-(t:1.463-v:12.000)-(t:1.497-v:11.000)-(t:1.600-v:10.000)-(t:1.704-v:9.000)-(t:2.771-v:8.000)-(t:2.779-v:7.000)-(t:2.858-v:6.000)-(t:2.977-v:5.000)-(t:3.048-v:4.000)-(t:3.673-v:3.000)-(t:4.196-v:2.000)-(t:4.302-v:1.000)-(t:5.707-v:0.000)]
examples/csp/csp_500/carseq_500_8_20_66.txt,random,900,0,[(t:0.058-v:564.000)-(t:0.078-v:557.000)-(t:0.080-v:551.000)-(t:0.081-v:548.000)-(t:0.081-v:547.000)-(t:0.092-v:546.000)-(t:0.094-v:545.000)-(t:0.094-v:540.000)-(t:0.111-v:539.000)-(t:0.113-v:538.000)-(t:0.113-v:536.000)-(t:0.119-v:532.000)-(t:0.120-v:530.000)-(t:0.123-v:529.000)-(t:0.125-v:528.000)-(t:0.125-v:525.000)-(t:0.126-v:524.000)-(t:0.127-v:523.000)-(t:0.128-v:522.000)-(t:0.128-v:520.000)-(t:0.129-v:519.000)-(t:0.130-v:518.000)-(t:0.130-v:516.000)-(t:0.132-v:515.000)-(t:0.157-v:514.000)-(t:0.159-v:513.000)-(t:0.161-v:511.000)-(t:0.163-v:510.000)-(t:0.165-v:507.000)-(t:0.166-v:506.000)-(t:0.167-v:505.000)-(t:0.169-v:504.000)-(t:0.169-v:503.000)-(t:0.170-v:502.000)-(t:0.171-v:501.000)-(t:0.172-v:500.000)-(t:0.172-v:498.000)-(t:0.173-v:495.000)-(t:0.173-v:493.000)-(t:0.175-v:491.000)-(t:0.175-v:490.000)-(t:0.176-v:489.000)-(t:0.176-v:487.000)-(t:0.177-v:486.000)-(t:0.191-v:485.000)-(t:0.193-v:484.000)-(t:0.194-v:483.000)-(t:0.195-v:482.000)-(t:0.197-v:481.000)-(t:0.197-v:478.000)-(t:0.203-v:477.000)-(t:0.204-v:475.000)-(t:0.205-v:473.000)-(t:0.205-v:472.000)-(t:0.219-v:471.000)-(t:0.219-v:469.000)-(t:0.219-v:468.000)-(t:0.220-v:466.000)-(t:0.221-v:465.000)-(t:0.221-v:463.000)-(t:0.222-v:462.000)-(t:0.222-v:460.000)-(t:0.223-v:459.000)-(t:0.226-v:458.000)-(t:0.226-v:454.000)-(t:0.228-v:452.000)-(t:0.230-v:451.000)-(t:0.232-v:450.000)-(t:0.234-v:448.000)-(t:0.234-v:447.000)-(t:0.235-v:445.000)-(t:0.235-v:444.000)-(t:0.236-v:443.000)-(t:0.244-v:441.000)-(t:0.246-v:439.000)-(t:0.246-v:438.000)-(t:0.247-v:437.000)-(t:0.247-v:436.000)-(t:0.247-v:435.000)-(t:0.247-v:433.000)-(t:0.248-v:428.000)-(t:0.249-v:427.000)-(t:0.249-v:426.000)-(t:0.250-v:425.000)-(t:0.265-v:424.000)-(t:0.265-v:423.000)-(t:0.266-v:422.000)-(t:0.267-v:420.000)-(t:0.267-v:418.000)-(t:0.269-v:416.000)-(t:0.271-v:415.000)-(t:0.271-v:414.000)-(t:0.272-v:412.000)-(t:0.273-v:411.000)-(t:0.274-v:410.000)-(t:0.275-v:409.000)-(t:0.275-v:406.000)-(t:0.276-v:404.000)-(t:0.277-v:403.000)-(t:0.278-v:402.000)-(t:0.278-v:400.000)-(t:0.278-v:398.000)-(t:0.279-v:397.000)-(t:0.280-v:396.000)-(t:0.281-v:394.000)-(t:0.285-v:393.000)-(t:0.285-v:392.000)-(t:0.286-v:391.000)-(t:0.287-v:390.000)-(t:0.288-v:388.000)-(t:0.295-v:387.000)-(t:0.295-v:386.000)-(t:0.295-v:384.000)-(t:0.297-v:383.000)-(t:0.297-v:382.000)-(t:0.298-v:380.000)-(t:0.299-v:379.000)-(t:0.299-v:378.000)-(t:0.313-v:377.000)-(t:0.314-v:376.000)-(t:0.314-v:375.000)-(t:0.316-v:374.000)-(t:0.316-v:373.000)-(t:0.317-v:372.000)-(t:0.318-v:370.000)-(t:0.319-v:369.000)-(t:0.320-v:367.000)-(t:0.321-v:366.000)-(t:0.322-v:365.000)-(t:0.323-v:364.000)-(t:0.324-v:363.000)-(t:0.325-v:361.000)-(t:0.325-v:360.000)-(t:0.328-v:359.000)-(t:0.329-v:358.000)-(t:0.329-v:357.000)-(t:0.344-v:356.000)-(t:0.345-v:354.000)-(t:0.347-v:353.000)-(t:0.352-v:352.000)-(t:0.353-v:351.000)-(t:0.353-v:350.000)-(t:0.354-v:349.000)-(t:0.355-v:348.000)-(t:0.357-v:347.000)-(t:0.370-v:346.000)-(t:0.378-v:345.000)-(t:0.379-v:344.000)-(t:0.380-v:343.000)-(t:0.383-v:340.000)-(t:0.384-v:339.000)-(t:0.385-v:338.000)-(t:0.385-v:337.000)-(t:0.394-v:336.000)-(t:0.396-v:335.000)-(t:0.400-v:334.000)-(t:0.405-v:333.000)-(t:0.418-v:332.000)-(t:0.419-v:331.000)-(t:0.420-v:329.000)-(t:0.423-v:328.000)-(t:0.428-v:327.000)-(t:0.429-v:325.000)-(t:0.430-v:324.000)-(t:0.443-v:322.000)-(t:0.444-v:321.000)-(t:0.445-v:320.000)-(t:0.447-v:319.000)-(t:0.448-v:317.000)-(t:0.472-v:316.000)-(t:0.474-v:315.000)-(t:0.474-v:314.000)-(t:0.476-v:312.000)-(t:0.477-v:311.000)-(t:0.496-v:310.000)-(t:0.497-v:309.000)-(t:0.498-v:308.000)-(t:0.500-v:305.000)-(t:0.505-v:303.000)-(t:0.506-v:301.000)-(t:0.507-v:300.000)-(t:0.520-v:299.000)-(t:0.521-v:298.000)-(t:0.522-v:297.000)-(t:0.523-v:296.000)-(t:0.524-v:295.000)-(t:0.525-v:294.000)-(t:0.526-v:293.000)-(t:0.526-v:292.000)-(t:0.527-v:291.000)-(t:0.527-v:290.000)-(t:0.528-v:289.000)-(t:0.544-v:288.000)-(t:0.545-v:286.000)-(t:0.545-v:284.000)-(t:0.548-v:282.000)-(t:0.548-v:281.000)-(t:0.551-v:280.000)-(t:0.555-v:279.000)-(t:0.585-v:278.000)-(t:0.587-v:277.000)-(t:0.595-v:276.000)-(t:0.596-v:275.000)-(t:0.602-v:274.000)-(t:0.602-v:271.000)-(t:0.603-v:270.000)-(t:0.604-v:269.000)-(t:0.618-v:268.000)-(t:0.618-v:266.000)-(t:0.619-v:265.000)-(t:0.619-v:264.000)-(t:0.620-v:263.000)-(t:0.620-v:262.000)-(t:0.621-v:261.000)-(t:0.621-v:260.000)-(t:0.622-v:259.000)-(t:0.622-v:257.000)-(t:0.622-v:256.000)-(t:0.623-v:254.000)-(t:0.623-v:253.000)-(t:0.623-v:252.000)-(t:0.626-v:251.000)-(t:0.640-v:250.000)-(t:0.643-v:249.000)-(t:0.644-v:248.000)-(t:0.644-v:247.000)-(t:0.644-v:246.000)-(t:0.645-v:245.000)-(t:0.645-v:244.000)-(t:0.646-v:243.000)-(t:0.684-v:242.000)-(t:0.684-v:241.000)-(t:0.686-v:240.000)-(t:0.686-v:238.000)-(t:0.687-v:237.000)-(t:0.687-v:236.000)-(t:0.688-v:235.000)-(t:0.688-v:234.000)-(t:0.688-v:233.000)-(t:0.688-v:231.000)-(t:0.690-v:230.000)-(t:0.691-v:229.000)-(t:0.691-v:228.000)-(t:0.692-v:227.000)-(t:0.693-v:226.000)-(t:0.694-v:225.000)-(t:0.695-v:224.000)-(t:0.696-v:223.000)-(t:0.711-v:221.000)-(t:0.712-v:220.000)-(t:0.714-v:219.000)-(t:0.715-v:218.000)-(t:0.716-v:217.000)-(t:0.717-v:216.000)-(t:0.718-v:215.000)-(t:0.722-v:214.000)-(t:0.725-v:213.000)-(t:0.725-v:212.000)-(t:0.725-v:211.000)-(t:0.731-v:210.000)-(t:0.744-v:209.000)-(t:0.748-v:208.000)-(t:0.748-v:207.000)-(t:0.749-v:206.000)-(t:0.752-v:205.000)-(t:0.752-v:204.000)-(t:0.756-v:202.000)-(t:0.756-v:201.000)-(t:0.758-v:200.000)-(t:0.759-v:199.000)-(t:0.759-v:198.000)-(t:0.760-v:197.000)-(t:0.761-v:196.000)-(t:0.765-v:195.000)-(t:0.765-v:194.000)-(t:0.780-v:193.000)-(t:0.780-v:191.000)-(t:0.781-v:190.000)-(t:0.832-v:189.000)-(t:0.833-v:188.000)-(t:0.833-v:187.000)-(t:0.834-v:186.000)-(t:0.834-v:185.000)-(t:0.845-v:184.000)-(t:0.846-v:183.000)-(t:0.846-v:182.000)-(t:0.848-v:181.000)-(t:0.848-v:180.000)-(t:0.849-v:179.000)-(t:0.854-v:178.000)-(t:0.870-v:177.000)-(t:0.871-v:176.000)-(t:0.873-v:175.000)-(t:0.875-v:173.000)-(t:0.875-v:172.000)-(t:0.877-v:171.000)-(t:0.878-v:170.000)-(t:0.883-v:169.000)-(t:0.883-v:168.000)-(t:0.888-v:167.000)-(t:0.888-v:166.000)-(t:0.889-v:165.000)-(t:0.905-v:164.000)-(t:0.968-v:163.000)-(t:1.004-v:162.000)-(t:1.005-v:161.000)-(t:1.018-v:160.000)-(t:1.101-v:159.000)-(t:1.103-v:158.000)-(t:1.104-v:157.000)-(t:1.105-v:156.000)-(t:1.105-v:155.000)-(t:1.108-v:153.000)-(t:1.108-v:152.000)-(t:1.109-v:151.000)-(t:1.124-v:150.000)-(t:1.124-v:149.000)-(t:1.125-v:148.000)-(t:1.127-v:147.000)-(t:1.128-v:146.000)-(t:1.130-v:145.000)-(t:1.131-v:144.000)-(t:1.132-v:143.000)-(t:1.132-v:142.000)-(t:1.133-v:141.000)-(t:1.159-v:140.000)-(t:1.188-v:139.000)-(t:1.188-v:137.000)-(t:1.189-v:136.000)-(t:1.194-v:135.000)-(t:1.196-v:134.000)-(t:1.197-v:133.000)-(t:1.198-v:131.000)-(t:1.211-v:130.000)-(t:1.211-v:129.000)-(t:1.212-v:128.000)-(t:1.215-v:127.000)-(t:1.218-v:126.000)-(t:1.219-v:125.000)-(t:1.220-v:124.000)-(t:1.221-v:123.000)-(t:1.222-v:122.000)-(t:1.272-v:121.000)-(t:1.273-v:120.000)-(t:1.274-v:119.000)-(t:1.274-v:117.000)-(t:1.274-v:116.000)-(t:1.277-v:115.000)-(t:1.292-v:114.000)-(t:1.293-v:113.000)-(t:1.304-v:112.000)-(t:1.329-v:111.000)-(t:1.425-v:110.000)-(t:1.430-v:109.000)-(t:1.455-v:108.000)-(t:1.479-v:107.000)-(t:1.591-v:106.000)-(t:1.591-v:104.000)-(t:1.593-v:103.000)-(t:1.594-v:102.000)-(t:1.744-v:101.000)-(t:1.766-v:100.000)-(t:1.766-v:99.000)-(t:1.954-v:98.000)-(t:1.969-v:97.000)-(t:1.970-v:96.000)-(t:1.975-v:95.000)-(t:1.975-v:94.000)-(t:1.986-v:93.000)-(t:1.996-v:92.000)-(t:1.997-v:91.000)-(t:1.997-v:90.000)-(t:1.997-v:89.000)-(t:2.021-v:88.000)-(t:2.025-v:86.000)-(t:2.152-v:85.000)-(t:2.154-v:84.000)-(t:2.169-v:83.000)-(t:2.170-v:82.000)-(t:2.171-v:81.000)-(t:2.171-v:80.000)-(t:2.172-v:79.000)-(t:2.172-v:78.000)-(t:2.173-v:77.000)-(t:2.175-v:76.000)-(t:2.176-v:75.000)-(t:2.176-v:74.000)-(t:2.176-v:73.000)-(t:2.237-v:72.000)-(t:2.238-v:71.000)-(t:2.242-v:70.000)-(t:2.279-v:69.000)-(t:2.279-v:68.000)-(t:2.359-v:67.000)-(t:2.360-v:66.000)-(t:2.364-v:65.000)-(t:2.374-v:64.000)-(t:2.378-v:63.000)-(t:2.381-v:62.000)-(t:2.387-v:61.000)-(t:2.463-v:60.000)-(t:2.465-v:59.000)-(t:2.541-v:58.000)-(t:2.616-v:57.000)-(t:2.660-v:56.000)-(t:2.734-v:55.000)-(t:2.791-v:54.000)-(t:2.820-v:53.000)-(t:2.821-v:52.000)-(t:2.848-v:51.000)-(t:2.917-v:50.000)-(t:2.989-v:49.000)-(t:3.032-v:48.000)-(t:3.044-v:47.000)-(t:3.068-v:46.000)-(t:3.160-v:45.000)-(t:3.161-v:44.000)-(t:3.161-v:43.000)-(t:3.192-v:42.000)-(t:3.236-v:41.000)-(t:3.466-v:40.000)-(t:3.468-v:39.000)-(t:3.501-v:38.000)-(t:3.530-v:37.000)-(t:3.577-v:36.000)-(t:3.579-v:35.000)-(t:3.595-v:34.000)-(t:3.599-v:33.000)-(t:3.915-v:32.000)-(t:3.917-v:31.000)-(t:4.248-v:30.000)-(t:4.324-v:29.000)-(t:4.357-v:28.000)-(t:4.662-v:27.000)-(t:4.749-v:26.000)-(t:5.046-v:25.000)-(t:5.249-v:24.000)-(t:5.590-v:23.000)-(t:5.784-v:22.000)-(t:6.100-v:21.000)-(t:6.103-v:20.000)-(t:6.194-v:19.000)-(t:6.204-v:18.000)-(t:6.226-v:17.000)-(t:6.272-v:16.000)-(t:6.282-v:15.000)-(t:6.413-v:14.000)-(t:6.670-v:13.000)-(t:6.786-v:12.000)-(t:7.138-v:11.000)-(t:7.198-v:10.000)-(t:7.261-v:9.000)-(t:7.363-v:8.000)-(t:7.576-v:7.000)-(t:7.647-v:6.000)-(t:7.904-v:5.000)-(t:8.018-v:4.000)-(t:10.230-v:3.000)-(t:10.327-v:2.000)-(t:10.824-v:1.000)-(t:11.805-v:0.000)]
examples/csp/csp_500/carseq_500_8_20_67.txt,ucb,900,0,[(t:0.022-v:681.000)-(t:0.028-v:679.000)-(t:0.032-v:678.000)-(t:0.033-v:677.000)-(t:0.035-v:676.000)-(t:0.044-v:675.000)-(t:0.050-v:673.000)-(t:0.052-v:670.000)-(t:0.067-v:668.000)-(t:0.069-v:666.000)-(t:0.074-v:665.000)-(t:0.076-v:663.000)-(t:0.077-v:662.000)-(t:0.082-v:660.000)-(t:0.083-v:659.000)-(t:0.084-v:656.000)-(t:0.085-v:655.000)-(t:0.100-v:653.000)-(t:0.102-v:651.000)-(t:0.103-v:650.000)-(t:0.104-v:649.000)-(t:0.106-v:648.000)-(t:0.108-v:645.000)-(t:0.110-v:643.000)-(t:0.112-v:642.000)-(t:0.113-v:641.000)-(t:0.114-v:638.000)-(t:0.115-v:636.000)-(t:0.116-v:633.000)-(t:0.129-v:632.000)-(t:0.131-v:631.000)-(t:0.133-v:630.000)-(t:0.134-v:629.000)-(t:0.135-v:628.000)-(t:0.136-v:626.000)-(t:0.138-v:625.000)-(t:0.139-v:624.000)-(t:0.140-v:623.000)-(t:0.141-v:620.000)-(t:0.143-v:619.000)-(t:0.144-v:615.000)-(t:0.158-v:612.000)-(t:0.160-v:611.000)-(t:0.161-v:610.000)-(t:0.162-v:609.000)-(t:0.163-v:607.000)-(t:0.164-v:604.000)-(t:0.165-v:602.000)-(t:0.166-v:601.000)-(t:0.167-v:600.000)-(t:0.168-v:598.000)-(t:0.169-v:595.000)-(t:0.170-v:590.000)-(t:0.182-v:587.000)-(t:0.183-v:586.000)-(t:0.184-v:585.000)-(t:0.185-v:581.000)-(t:0.186-v:580.000)-(t:0.187-v:579.000)-(t:0.188-v:576.000)-(t:0.191-v:575.000)-(t:0.193-v:574.000)-(t:0.194-v:572.000)-(t:0.197-v:571.000)-(t:0.198-v:570.000)-(t:0.198-v:569.000)-(t:0.199-v:568.000)-(t:0.200-v:566.000)-(t:0.200-v:564.000)-(t:0.201-v:561.000)-(t:0.215-v:560.000)-(t:0.216-v:559.000)-(t:0.216-v:557.000)-(t:0.217-v:556.000)-(t:0.217-v:555.000)-(t:0.217-v:553.000)-(t:0.218-v:550.000)-(t:0.218-v:548.000)-(t:0.219-v:547.000)-(t:0.220-v:546.000)-(t:0.221-v:544.000)-(t:0.221-v:543.000)-(t:0.222-v:540.000)-(t:0.222-v:538.000)-(t:0.222-v:537.000)-(t:0.224-v:536.000)-(t:0.224-v:535.000)-(t:0.225-v:531.000)-(t:0.225-v:527.000)-(t:0.225-v:526.000)-(t:0.226-v:525.000)-(t:0.226-v:523.000)-(t:0.226-v:518.000)-(t:0.227-v:514.000)-(t:0.232-v:509.000)-(t:0.233-v:506.000)-(t:0.233-v:505.000)-(t:0.234-v:504.000)-(t:0.234-v:503.000)-(t:0.235-v:502.000)-(t:0.235-v:501.000)-(t:0.236-v:498.000)-(t:0.236-v:496.000)-(t:0.237-v:495.000)-(t:0.251-v:494.000)-(t:0.252-v:492.000)-(t:0.253-v:490.000)-(t:0.254-v:486.000)-(t:0.254-v:485.000)-(t:0.255-v:482.000)-(t:0.256-v:481.000)-(t:0.256-v:480.000)-(t:0.257-v:479.000)-(t:0.257-v:478.000)-(t:0.258-v:477.000)-(t:0.259-v:476.000)-(t:0.259-v:475.000)-(t:0.259-v:473.000)-(t:0.260-v:472.000)-(t:0.260-v:470.000)-(t:0.261-v:469.000)-(t:0.262-v:468.000)-(t:0.262-v:467.000)-(t:0.263-v:466.000)-(t:0.264-v:465.000)-(t:0.264-v:464.000)-(t:0.265-v:463.000)-(t:0.281-v:459.000)-(t:0.282-v:458.000)-(t:0.283-v:456.000)-(t:0.288-v:455.000)-(t:0.289-v:454.000)-(t:0.290-v:453.000)-(t:0.290-v:451.000)-(t:0.291-v:450.000)-(t:0.291-v:449.000)-(t:0.292-v:448.000)-(t:0.292-v:447.000)-(t:0.293-v:445.000)-(t:0.293-v:444.000)-(t:0.294-v:441.000)-(t:0.294-v:440.000)-(t:0.295-v:438.000)-(t:0.295-v:437.000)-(t:0.295-v:436.000)-(t:0.296-v:435.000)-(t:0.297-v:434.000)-(t:0.297-v:433.000)-(t:0.298-v:428.000)-(t:0.299-v:427.000)-(t:0.299-v:426.000)-(t:0.300-v:425.000)-(t:0.300-v:423.000)-(t:0.301-v:420.000)-(t:0.302-v:419.000)-(t:0.302-v:418.000)-(t:0.303-v:416.000)-(t:0.304-v:415.000)-(t:0.305-v:414.000)-(t:0.305-v:412.000)-(t:0.306-v:411.000)-(t:0.307-v:410.000)-(t:0.308-v:409.000)-(t:0.324-v:408.000)-(t:0.325-v:407.000)-(t:0.326-v:406.000)-(t:0.327-v:405.000)-(t:0.328-v:404.000)-(t:0.329-v:403.000)-(t:0.329-v:402.000)-(t:0.330-v:400.000)-(t:0.346-v:399.000)-(t:0.347-v:398.000)-(t:0.347-v:397.000)-(t:0.349-v:395.000)-(t:0.350-v:394.000)-(t:0.352-v:393.000)-(t:0.353-v:392.000)-(t:0.354-v:390.000)-(t:0.355-v:387.000)-(t:0.357-v:386.000)-(t:0.358-v:385.000)-(t:0.358-v:384.000)-(t:0.359-v:383.000)-(t:0.361-v:380.000)-(t:0.362-v:379.000)-(t:0.363-v:378.000)-(t:0.364-v:377.000)-(t:0.379-v:375.000)-(t:0.380-v:373.000)-(t:0.382-v:372.000)-(t:0.383-v:369.000)-(t:0.384-v:368.000)-(t:0.385-v:367.000)-(t:0.387-v:365.000)-(t:0.403-v:364.000)-(t:0.437-v:363.000)-(t:0.484-v:361.000)-(t:0.518-v:360.000)-(t:0.541-v:359.000)-(t:0.542-v:355.000)-(t:0.571-v:354.000)-(t:0.581-v:353.000)-(t:0.596-v:352.000)-(t:0.598-v:351.000)-(t:0.600-v:350.000)-(t:0.601-v:349.000)-(t:0.602-v:348.000)-(t:0.602-v:346.000)-(t:0.607-v:345.000)-(t:0.607-v:344.000)-(t:0.607-v:343.000)-(t:0.608-v:342.000)-(t:0.622-v:340.000)-(t:0.624-v:339.000)-(t:0.624-v:338.000)-(t:0.625-v:337.000)-(t:0.627-v:336.000)-(t:0.629-v:334.000)-(t:0.630-v:333.000)-(t:0.632-v:332.000)-(t:0.633-v:331.000)-(t:0.635-v:329.000)-(t:0.637-v:328.000)-(t:0.639-v:326.000)-(t:0.646-v:325.000)-(t:0.646-v:323.000)-(t:0.647-v:321.000)-(t:0.648-v:320.000)-(t:0.650-v:315.000)-(t:0.653-v:314.000)-(t:0.655-v:313.000)-(t:0.655-v:312.000)-(t:0.670-v:311.000)-(t:0.684-v:309.000)-(t:0.684-v:308.000)-(t:0.684-v:307.000)-(t:0.685-v:306.000)-(t:0.685-v:304.000)-(t:0.686-v:303.000)-(t:0.687-v:300.000)-(t:0.687-v:298.000)-(t:0.688-v:295.000)-(t:0.689-v:294.000)-(t:0.689-v:293.000)-(t:0.690-v:292.000)-(t:0.691-v:291.000)-(t:0.692-v:290.000)-(t:0.692-v:289.000)-(t:0.692-v:288.000)-(t:0.693-v:287.000)-(t:0.693-v:286.000)-(t:0.694-v:285.000)-(t:0.695-v:284.000)-(t:0.713-v:283.000)-(t:0.716-v:282.000)-(t:0.718-v:280.000)-(t:0.718-v:279.000)-(t:0.718-v:278.000)-(t:0.719-v:277.000)-(t:0.719-v:276.000)-(t:0.720-v:275.000)-(t:0.720-v:273.000)-(t:0.721-v:272.000)-(t:0.722-v:270.000)-(t:0.722-v:269.000)-(t:0.723-v:268.000)-(t:0.723-v:267.000)-(t:0.724-v:266.000)-(t:0.725-v:265.000)-(t:0.725-v:264.000)-(t:0.727-v:263.000)-(t:0.727-v:261.000)-(t:0.728-v:260.000)-(t:0.728-v:259.000)-(t:0.729-v:256.000)-(t:0.730-v:255.000)-(t:0.731-v:254.000)-(t:0.732-v:253.000)-(t:0.732-v:251.000)-(t:0.746-v:250.000)-(t:0.746-v:249.000)-(t:0.747-v:248.000)-(t:0.747-v:247.000)-(t:0.747-v:246.000)-(t:0.747-v:245.000)-(t:0.748-v:244.000)-(t:0.749-v:243.000)-(t:0.749-v:242.000)-(t:0.750-v:240.000)-(t:0.750-v:239.000)-(t:0.751-v:238.000)-(t:0.751-v:237.000)-(t:0.752-v:236.000)-(t:0.752-v:235.000)-(t:0.752-v:234.000)-(t:0.753-v:232.000)-(t:0.754-v:231.000)-(t:0.754-v:230.000)-(t:0.754-v:229.000)-(t:0.754-v:228.000)-(t:0.755-v:227.000)-(t:0.756-v:226.000)-(t:0.758-v:225.000)-(t:0.759-v:223.000)-(t:0.772-v:222.000)-(t:0.773-v:221.000)-(t:0.774-v:219.000)-(t:0.774-v:216.000)-(t:0.775-v:215.000)-(t:0.776-v:214.000)-(t:0.777-v:213.000)-(t:0.779-v:211.000)-(t:0.780-v:210.000)-(t:0.781-v:208.000)-(t:0.781-v:207.000)-(t:0.782-v:206.000)-(t:0.783-v:205.000)-(t:0.785-v:204.000)-(t:0.799-v:203.000)-(t:0.801-v:202.000)-(t:0.802-v:201.000)-(t:0.804-v:199.000)-(t:0.805-v:198.000)-(t:0.805-v:197.000)-(t:0.806-v:196.000)-(t:0.806-v:195.000)-(t:0.807-v:194.000)-(t:0.807-v:193.000)-(t:0.808-v:192.000)-(t:0.809-v:191.000)-(t:0.809-v:190.000)-(t:0.823-v:189.000)-(t:0.823-v:188.000)-(t:0.824-v:187.000)-(t:0.824-v:186.000)-(t:0.825-v:185.000)-(t:0.827-v:184.000)-(t:0.827-v:183.000)-(t:0.829-v:182.000)-(t:0.830-v:181.000)-(t:0.831-v:180.000)-(t:0.834-v:179.000)-(t:0.834-v:178.000)-(t:0.834-v:177.000)-(t:0.835-v:175.000)-(t:0.835-v:173.000)-(t:0.836-v:172.000)-(t:0.836-v:171.000)-(t:0.837-v:170.000)-(t:0.838-v:169.000)-(t:0.840-v:168.000)-(t:0.840-v:167.000)-(t:0.841-v:166.000)-(t:0.843-v:165.000)-(t:0.858-v:164.000)-(t:0.861-v:163.000)-(t:0.862-v:162.000)-(t:0.862-v:161.000)-(t:0.863-v:160.000)-(t:0.864-v:159.000)-(t:0.865-v:158.000)-(t:0.865-v:157.000)-(t:0.867-v:155.000)-(t:0.869-v:154.000)-(t:0.884-v:153.000)-(t:0.898-v:152.000)-(t:0.898-v:151.000)-(t:0.899-v:150.000)-(t:0.899-v:149.000)-(t:0.900-v:148.000)-(t:0.901-v:147.000)-(t:0.902-v:146.000)-(t:0.902-v:145.000)-(t:0.904-v:144.000)-(t:0.904-v:143.000)-(t:0.905-v:142.000)-(t:0.905-v:141.000)-(t:0.906-v:140.000)-(t:0.907-v:139.000)-(t:0.908-v:138.000)-(t:0.911-v:137.000)-(t:0.913-v:136.000)-(t:0.913-v:135.000)-(t:0.914-v:134.000)-(t:0.917-v:133.000)-(t:0.932-v:132.000)-(t:0.933-v:131.000)-(t:0.939-v:130.000)-(t:0.940-v:129.000)-(t:0.941-v:128.000)-(t:0.948-v:127.000)-(t:0.949-v:126.000)-(t:0.950-v:125.000)-(t:0.951-v:124.000)-(t:0.953-v:123.000)-(t:0.953-v:122.000)-(t:0.954-v:121.000)-(t:0.955-v:120.000)-(t:0.956-v:119.000)-(t:0.959-v:118.000)-(t:0.968-v:117.000)-(t:0.974-v:116.000)-(t:0.975-v:115.000)-(t:0.977-v:114.000)-(t:0.977-v:113.000)-(t:0.982-v:112.000)-(t:0.982-v:111.000)-(t:0.983-v:110.000)-(t:0.984-v:108.000)-(t:0.985-v:107.000)-(t:0.986-v:106.000)-(t:0.987-v:105.000)-(t:1.007-v:104.000)-(t:1.008-v:103.000)-(t:1.010-v:101.000)-(t:1.011-v:100.000)-(t:1.013-v:99.000)-(t:1.015-v:98.000)-(t:1.032-v:97.000)-(t:1.035-v:96.000)-(t:1.035-v:95.000)-(t:1.037-v:94.000)-(t:1.041-v:93.000)-(t:1.046-v:92.000)-(t:1.047-v:91.000)-(t:1.057-v:90.000)-(t:1.061-v:89.000)-(t:1.066-v:88.000)-(t:1.073-v:87.000)-(t:1.073-v:86.000)-(t:1.073-v:85.000)-(t:1.076-v:84.000)-(t:1.084-v:83.000)-(t:1.084-v:82.000)-(t:1.085-v:81.000)-(t:1.086-v:80.000)-(t:1.087-v:78.000)-(t:1.093-v:77.000)-(t:1.098-v:76.000)-(t:1.108-v:75.000)-(t:1.109-v:74.000)-(t:1.110-v:73.000)-(t:1.111-v:72.000)-(t:1.112-v:71.000)-(t:1.116-v:70.000)-(t:1.121-v:69.000)-(t:1.123-v:68.000)-(t:1.126-v:67.000)-(t:1.129-v:66.000)-(t:1.131-v:65.000)-(t:1.135-v:64.000)-(t:1.136-v:62.000)-(t:1.140-v:61.000)-(t:1.141-v:59.000)-(t:1.141-v:58.000)-(t:1.142-v:57.000)-(t:1.146-v:56.000)-(t:1.150-v:55.000)-(t:1.151-v:54.000)-(t:1.153-v:53.000)-(t:1.156-v:52.000)-(t:1.156-v:51.000)-(t:1.163-v:50.000)-(t:1.174-v:49.000)-(t:1.179-v:48.000)-(t:1.189-v:47.000)-(t:1.194-v:46.000)-(t:1.197-v:45.000)-(t:1.204-v:44.000)-(t:1.215-v:43.000)-(t:1.232-v:42.000)-(t:1.241-v:41.000)-(t:1.251-v:40.000)-(t:1.262-v:39.000)-(t:1.282-v:38.000)-(t:1.298-v:37.000)-(t:1.300-v:35.000)-(t:1.318-v:34.000)-(t:1.323-v:33.000)-(t:1.325-v:32.000)-(t:1.336-v:31.000)-(t:1.347-v:30.000)-(t:1.355-v:29.000)-(t:1.370-v:28.000)-(t:1.397-v:27.000)-(t:1.404-v:26.000)-(t:1.410-v:25.000)-(t:1.419-v:24.000)-(t:1.440-v:23.000)-(t:1.444-v:22.000)-(t:1.474-v:21.000)-(t:1.477-v:20.000)-(t:1.566-v:19.000)-(t:1.569-v:18.000)-(t:1.584-v:17.000)-(t:1.600-v:16.000)-(t:1.618-v:15.000)-(t:1.621-v:14.000)-(t:1.626-v:13.000)-(t:1.651-v:12.000)-(t:1.655-v:11.000)-(t:1.676-v:10.000)-(t:1.694-v:9.000)-(t:1.800-v:8.000)-(t:1.910-v:7.000)-(t:4.939-v:6.000)-(t:5.169-v:5.000)-(t:5.398-v:4.000)-(t:5.626-v:3.000)-(t:5.851-v:2.000)-(t:6.893-v:1.000)-(t:15.127-v:0.000)]
