instance,bandit,timeout,objective,solOverTime,integralPrimalGap
examples/csp/csp_100/carseq_100_8_20_62.txt,dqn,300,0,[(t:4.413-v:100.000)-(t:4.421-v:96.000)-(t:4.435-v:95.000)-(t:4.442-v:92.000)-(t:4.452-v:91.000)-(t:4.464-v:89.000)-(t:4.471-v:88.000)-(t:4.493-v:87.000)-(t:4.500-v:86.000)-(t:4.506-v:85.000)-(t:4.514-v:83.000)-(t:4.521-v:82.000)-(t:4.528-v:81.000)-(t:4.544-v:80.000)-(t:4.552-v:78.000)-(t:4.559-v:77.000)-(t:4.568-v:76.000)-(t:4.575-v:75.000)-(t:4.582-v:72.000)-(t:4.593-v:71.000)-(t:4.602-v:70.000)-(t:4.609-v:68.000)-(t:4.634-v:67.000)-(t:4.643-v:66.000)-(t:4.651-v:65.000)-(t:4.660-v:64.000)-(t:4.668-v:63.000)-(t:4.677-v:62.000)-(t:4.685-v:61.000)-(t:4.693-v:58.000)-(t:4.702-v:57.000)-(t:4.711-v:55.000)-(t:4.720-v:52.000)-(t:4.729-v:51.000)-(t:4.738-v:50.000)-(t:4.746-v:49.000)-(t:4.754-v:48.000)-(t:4.765-v:47.000)-(t:4.773-v:45.000)-(t:4.785-v:43.000)-(t:4.795-v:41.000)-(t:4.802-v:40.000)-(t:4.810-v:39.000)-(t:4.823-v:38.000)-(t:4.832-v:37.000)-(t:4.840-v:36.000)-(t:4.849-v:35.000)-(t:4.859-v:34.000)-(t:4.867-v:33.000)-(t:4.877-v:32.000)-(t:4.889-v:31.000)-(t:4.897-v:30.000)-(t:4.904-v:29.000)-(t:4.911-v:28.000)-(t:4.919-v:27.000)-(t:4.926-v:26.000)-(t:4.965-v:25.000)-(t:4.972-v:24.000)-(t:4.981-v:23.000)-(t:4.990-v:22.000)-(t:5.000-v:21.000)-(t:5.008-v:20.000)-(t:5.033-v:18.000)-(t:5.047-v:17.000)-(t:5.060-v:16.000)-(t:5.080-v:15.000)-(t:5.177-v:14.000)-(t:5.187-v:13.000)-(t:5.215-v:12.000)-(t:5.232-v:11.000)-(t:5.242-v:10.000)-(t:5.258-v:9.000)-(t:5.790-v:8.000)-(t:5.847-v:7.000)-(t:5.869-v:6.000)-(t:5.878-v:5.000)-(t:5.897-v:4.000)-(t:6.886-v:3.000)-(t:8.581-v:2.000)-(t:11.371-v:1.000)-(t:32.942-v:0.000)],32.942
examples/csp/csp_100/carseq_100_8_20_67.txt,dqn,300,0,[(t:6.732-v:111.000)-(t:6.754-v:110.000)-(t:6.780-v:109.000)-(t:6.792-v:108.000)-(t:6.805-v:107.000)-(t:6.818-v:104.000)-(t:6.830-v:103.000)-(t:6.842-v:102.000)-(t:6.860-v:101.000)-(t:6.875-v:100.000)-(t:6.882-v:99.000)-(t:6.892-v:97.000)-(t:6.902-v:96.000)-(t:6.912-v:93.000)-(t:6.923-v:92.000)-(t:6.934-v:91.000)-(t:6.945-v:87.000)-(t:6.958-v:83.000)-(t:6.968-v:82.000)-(t:6.979-v:81.000)-(t:6.988-v:78.000)-(t:6.994-v:76.000)-(t:7.001-v:75.000)-(t:7.011-v:72.000)-(t:7.022-v:70.000)-(t:7.034-v:68.000)-(t:7.044-v:67.000)-(t:7.055-v:64.000)-(t:7.070-v:63.000)-(t:7.082-v:62.000)-(t:7.093-v:61.000)-(t:7.104-v:60.000)-(t:7.111-v:59.000)-(t:7.122-v:58.000)-(t:7.133-v:57.000)-(t:7.145-v:55.000)-(t:7.156-v:54.000)-(t:7.166-v:53.000)-(t:7.176-v:51.000)-(t:7.189-v:50.000)-(t:7.201-v:49.000)-(t:7.214-v:48.000)-(t:7.222-v:47.000)-(t:7.229-v:46.000)-(t:7.246-v:45.000)-(t:7.258-v:44.000)-(t:7.270-v:43.000)-(t:7.280-v:42.000)-(t:7.293-v:40.000)-(t:7.302-v:38.000)-(t:7.313-v:37.000)-(t:7.324-v:36.000)-(t:7.339-v:34.000)-(t:7.365-v:33.000)-(t:7.372-v:32.000)-(t:7.383-v:30.000)-(t:7.394-v:28.000)-(t:7.406-v:27.000)-(t:7.441-v:26.000)-(t:7.451-v:25.000)-(t:7.461-v:23.000)-(t:7.475-v:22.000)-(t:7.510-v:21.000)-(t:7.521-v:20.000)-(t:7.533-v:19.000)-(t:7.545-v:18.000)-(t:7.572-v:17.000)-(t:7.581-v:16.000)-(t:7.592-v:15.000)-(t:7.604-v:14.000)-(t:7.648-v:13.000)-(t:7.688-v:12.000)-(t:7.749-v:11.000)-(t:7.763-v:10.000)-(t:7.775-v:9.000)-(t:7.801-v:8.000)-(t:7.815-v:7.000)-(t:7.839-v:6.000)-(t:7.866-v:5.000)-(t:8.290-v:4.000)-(t:12.091-v:3.000)-(t:23.708-v:2.000)-(t:28.550-v:1.000)-(t:53.060-v:0.000)],53.060
examples/csp/csp_100/carseq_100_8_20_64.txt,dqn,300,0,[(t:4.605-v:128.000)-(t:4.613-v:121.000)-(t:4.634-v:120.000)-(t:4.643-v:118.000)-(t:4.654-v:117.000)-(t:4.669-v:116.000)-(t:4.687-v:114.000)-(t:4.703-v:111.000)-(t:4.715-v:109.000)-(t:4.723-v:106.000)-(t:4.734-v:105.000)-(t:4.742-v:104.000)-(t:4.756-v:103.000)-(t:4.765-v:101.000)-(t:4.774-v:99.000)-(t:4.785-v:98.000)-(t:4.795-v:95.000)-(t:4.805-v:93.000)-(t:4.816-v:92.000)-(t:4.824-v:91.000)-(t:4.833-v:89.000)-(t:4.839-v:88.000)-(t:4.847-v:85.000)-(t:4.864-v:84.000)-(t:4.872-v:81.000)-(t:4.879-v:80.000)-(t:4.886-v:77.000)-(t:4.893-v:76.000)-(t:4.899-v:74.000)-(t:4.907-v:73.000)-(t:4.914-v:71.000)-(t:4.920-v:67.000)-(t:4.928-v:66.000)-(t:4.934-v:65.000)-(t:4.947-v:64.000)-(t:4.954-v:62.000)-(t:4.959-v:61.000)-(t:4.965-v:60.000)-(t:4.971-v:59.000)-(t:4.977-v:58.000)-(t:4.983-v:57.000)-(t:4.989-v:56.000)-(t:4.997-v:55.000)-(t:5.004-v:54.000)-(t:5.010-v:53.000)-(t:5.015-v:52.000)-(t:5.025-v:51.000)-(t:5.031-v:50.000)-(t:5.037-v:49.000)-(t:5.043-v:48.000)-(t:5.049-v:47.000)-(t:5.055-v:46.000)-(t:5.061-v:45.000)-(t:5.067-v:44.000)-(t:5.076-v:43.000)-(t:5.089-v:42.000)-(t:5.100-v:41.000)-(t:5.108-v:40.000)-(t:5.116-v:39.000)-(t:5.123-v:38.000)-(t:5.131-v:36.000)-(t:5.137-v:35.000)-(t:5.154-v:34.000)-(t:5.160-v:33.000)-(t:5.166-v:32.000)-(t:5.176-v:31.000)-(t:5.185-v:30.000)-(t:5.192-v:29.000)-(t:5.199-v:28.000)-(t:5.217-v:27.000)-(t:5.225-v:26.000)-(t:5.233-v:25.000)-(t:5.279-v:24.000)-(t:5.287-v:23.000)-(t:5.297-v:22.000)-(t:5.308-v:21.000)-(t:5.316-v:20.000)-(t:5.345-v:19.000)-(t:5.353-v:18.000)-(t:5.370-v:17.000)-(t:5.432-v:16.000)-(t:5.485-v:15.000)-(t:5.495-v:14.000)-(t:5.535-v:13.000)-(t:5.551-v:12.000)-(t:5.561-v:11.000)-(t:5.570-v:10.000)-(t:5.579-v:9.000)-(t:5.589-v:8.000)-(t:5.612-v:7.000)-(t:7.067-v:6.000)-(t:7.250-v:5.000)-(t:7.348-v:4.000)-(t:11.108-v:3.000)-(t:15.003-v:2.000)-(t:19.506-v:1.000)-(t:97.036-v:0.000)],97.036
examples/csp/csp_100/carseq_100_8_20_72.txt,dqn,300,0,[(t:8.087-v:112.000)-(t:8.105-v:111.000)-(t:8.125-v:110.000)-(t:8.137-v:106.000)-(t:8.148-v:102.000)-(t:8.157-v:101.000)-(t:8.166-v:97.000)-(t:8.178-v:94.000)-(t:8.192-v:93.000)-(t:8.203-v:92.000)-(t:8.214-v:91.000)-(t:8.225-v:90.000)-(t:8.236-v:89.000)-(t:8.246-v:88.000)-(t:8.257-v:87.000)-(t:8.267-v:85.000)-(t:8.277-v:83.000)-(t:8.282-v:81.000)-(t:8.289-v:80.000)-(t:8.295-v:78.000)-(t:8.305-v:76.000)-(t:8.316-v:74.000)-(t:8.333-v:73.000)-(t:8.346-v:72.000)-(t:8.355-v:70.000)-(t:8.370-v:69.000)-(t:8.381-v:68.000)-(t:8.392-v:65.000)-(t:8.404-v:64.000)-(t:8.414-v:63.000)-(t:8.424-v:62.000)-(t:8.433-v:60.000)-(t:8.442-v:58.000)-(t:8.453-v:57.000)-(t:8.464-v:56.000)-(t:8.475-v:55.000)-(t:8.485-v:54.000)-(t:8.496-v:52.000)-(t:8.506-v:51.000)-(t:8.511-v:49.000)-(t:8.521-v:48.000)-(t:8.535-v:47.000)-(t:8.545-v:46.000)-(t:8.557-v:45.000)-(t:8.568-v:43.000)-(t:8.578-v:42.000)-(t:8.588-v:41.000)-(t:8.599-v:40.000)-(t:8.610-v:39.000)-(t:8.616-v:38.000)-(t:8.627-v:37.000)-(t:8.639-v:36.000)-(t:8.647-v:35.000)-(t:8.659-v:34.000)-(t:8.669-v:32.000)-(t:8.679-v:31.000)-(t:8.691-v:30.000)-(t:8.701-v:29.000)-(t:8.713-v:27.000)-(t:8.722-v:26.000)-(t:8.729-v:25.000)-(t:8.749-v:23.000)-(t:8.785-v:21.000)-(t:8.795-v:20.000)-(t:8.827-v:19.000)-(t:8.840-v:18.000)-(t:8.850-v:17.000)-(t:8.862-v:16.000)-(t:8.876-v:15.000)-(t:8.892-v:14.000)-(t:8.907-v:13.000)-(t:8.920-v:12.000)-(t:8.933-v:11.000)-(t:8.954-v:10.000)-(t:8.966-v:9.000)-(t:8.976-v:8.000)-(t:8.992-v:7.000)-(t:9.014-v:6.000)-(t:9.047-v:5.000)-(t:9.068-v:4.000)-(t:9.117-v:3.000)-(t:9.146-v:2.000)-(t:9.301-v:1.000)-(t:149.739-v:0.000)],149.739
examples/csp/csp_100/16-81.txt,dqn,300,3,[(t:4.819-v:133.000)-(t:4.853-v:131.000)-(t:4.869-v:122.000)-(t:4.880-v:121.000)-(t:4.899-v:120.000)-(t:4.909-v:116.000)-(t:4.918-v:115.000)-(t:4.929-v:114.000)-(t:4.940-v:111.000)-(t:4.950-v:110.000)-(t:4.959-v:106.000)-(t:4.969-v:105.000)-(t:4.990-v:104.000)-(t:5.004-v:102.000)-(t:5.012-v:101.000)-(t:5.025-v:100.000)-(t:5.033-v:97.000)-(t:5.042-v:96.000)-(t:5.057-v:95.000)-(t:5.067-v:94.000)-(t:5.076-v:93.000)-(t:5.085-v:92.000)-(t:5.092-v:90.000)-(t:5.100-v:89.000)-(t:5.110-v:85.000)-(t:5.118-v:84.000)-(t:5.126-v:82.000)-(t:5.135-v:79.000)-(t:5.152-v:78.000)-(t:5.160-v:77.000)-(t:5.168-v:76.000)-(t:5.175-v:75.000)-(t:5.182-v:74.000)-(t:5.189-v:73.000)-(t:5.196-v:72.000)-(t:5.204-v:71.000)-(t:5.212-v:70.000)-(t:5.219-v:69.000)-(t:5.227-v:68.000)-(t:5.235-v:66.000)-(t:5.245-v:65.000)-(t:5.255-v:64.000)-(t:5.264-v:63.000)-(t:5.275-v:62.000)-(t:5.282-v:61.000)-(t:5.290-v:58.000)-(t:5.299-v:57.000)-(t:5.307-v:56.000)-(t:5.316-v:55.000)-(t:5.323-v:53.000)-(t:5.331-v:52.000)-(t:5.337-v:51.000)-(t:5.345-v:50.000)-(t:5.352-v:49.000)-(t:5.367-v:48.000)-(t:5.375-v:47.000)-(t:5.386-v:46.000)-(t:5.393-v:45.000)-(t:5.401-v:44.000)-(t:5.408-v:43.000)-(t:5.419-v:42.000)-(t:5.428-v:41.000)-(t:5.438-v:40.000)-(t:5.456-v:39.000)-(t:5.494-v:38.000)-(t:5.504-v:37.000)-(t:5.513-v:36.000)-(t:5.521-v:35.000)-(t:5.564-v:34.000)-(t:5.573-v:33.000)-(t:5.581-v:32.000)-(t:5.591-v:31.000)-(t:5.647-v:30.000)-(t:5.657-v:29.000)-(t:5.710-v:28.000)-(t:5.728-v:27.000)-(t:5.748-v:26.000)-(t:5.765-v:25.000)-(t:5.783-v:24.000)-(t:5.821-v:23.000)-(t:5.847-v:21.000)-(t:5.877-v:20.000)-(t:5.888-v:19.000)-(t:5.898-v:18.000)-(t:5.907-v:17.000)-(t:5.968-v:16.000)-(t:5.977-v:15.000)-(t:5.990-v:14.000)-(t:6.032-v:13.000)-(t:6.046-v:12.000)-(t:6.300-v:11.000)-(t:6.469-v:10.000)-(t:6.519-v:9.000)-(t:6.580-v:8.000)-(t:12.275-v:7.000)-(t:12.449-v:6.000)-(t:209.376-v:5.000)-(t:214.622-v:4.000)-(t:222.844-v:3.000)],300.000
examples/csp/csp_100/21-90.txt,dqn,300,2,[(t:5.083-v:119.000)-(t:5.126-v:114.000)-(t:5.136-v:112.000)-(t:5.152-v:111.000)-(t:5.161-v:110.000)-(t:5.169-v:104.000)-(t:5.176-v:102.000)-(t:5.184-v:101.000)-(t:5.192-v:99.000)-(t:5.200-v:97.000)-(t:5.208-v:96.000)-(t:5.215-v:95.000)-(t:5.231-v:93.000)-(t:5.240-v:90.000)-(t:5.248-v:86.000)-(t:5.256-v:84.000)-(t:5.264-v:83.000)-(t:5.273-v:80.000)-(t:5.282-v:78.000)-(t:5.290-v:75.000)-(t:5.300-v:74.000)-(t:5.309-v:73.000)-(t:5.317-v:72.000)-(t:5.324-v:71.000)-(t:5.332-v:70.000)-(t:5.340-v:69.000)-(t:5.355-v:67.000)-(t:5.363-v:66.000)-(t:5.372-v:65.000)-(t:5.380-v:64.000)-(t:5.393-v:63.000)-(t:5.406-v:62.000)-(t:5.414-v:61.000)-(t:5.422-v:60.000)-(t:5.430-v:59.000)-(t:5.438-v:58.000)-(t:5.447-v:56.000)-(t:5.455-v:55.000)-(t:5.463-v:53.000)-(t:5.472-v:52.000)-(t:5.480-v:51.000)-(t:5.488-v:50.000)-(t:5.497-v:49.000)-(t:5.505-v:48.000)-(t:5.546-v:47.000)-(t:5.555-v:46.000)-(t:5.573-v:45.000)-(t:5.586-v:44.000)-(t:5.596-v:43.000)-(t:5.605-v:42.000)-(t:5.616-v:40.000)-(t:5.626-v:39.000)-(t:5.643-v:38.000)-(t:5.653-v:36.000)-(t:5.668-v:35.000)-(t:5.680-v:32.000)-(t:5.689-v:31.000)-(t:5.711-v:30.000)-(t:5.721-v:28.000)-(t:5.735-v:27.000)-(t:5.763-v:26.000)-(t:5.792-v:25.000)-(t:5.804-v:24.000)-(t:5.836-v:23.000)-(t:5.847-v:22.000)-(t:5.857-v:21.000)-(t:5.869-v:20.000)-(t:5.916-v:19.000)-(t:5.947-v:18.000)-(t:5.955-v:16.000)-(t:5.977-v:15.000)-(t:6.022-v:14.000)-(t:6.064-v:13.000)-(t:6.080-v:12.000)-(t:6.094-v:11.000)-(t:6.106-v:9.000)-(t:6.158-v:8.000)-(t:6.177-v:7.000)-(t:6.556-v:6.000)-(t:6.596-v:5.000)-(t:6.622-v:4.000)-(t:8.543-v:3.000)-(t:175.755-v:2.000)],63.107
examples/csp/csp_100/36-92.txt,dqn,300,2,[(t:5.286-v:127.000)-(t:5.317-v:126.000)-(t:5.326-v:125.000)-(t:5.342-v:122.000)-(t:5.350-v:120.000)-(t:5.358-v:118.000)-(t:5.365-v:115.000)-(t:5.373-v:114.000)-(t:5.380-v:113.000)-(t:5.388-v:112.000)-(t:5.396-v:111.000)-(t:5.403-v:110.000)-(t:5.410-v:107.000)-(t:5.426-v:106.000)-(t:5.434-v:105.000)-(t:5.441-v:104.000)-(t:5.449-v:103.000)-(t:5.459-v:101.000)-(t:5.467-v:100.000)-(t:5.480-v:99.000)-(t:5.489-v:98.000)-(t:5.497-v:96.000)-(t:5.505-v:95.000)-(t:5.515-v:94.000)-(t:5.523-v:93.000)-(t:5.531-v:88.000)-(t:5.539-v:87.000)-(t:5.548-v:86.000)-(t:5.567-v:85.000)-(t:5.577-v:82.000)-(t:5.587-v:80.000)-(t:5.596-v:78.000)-(t:5.606-v:76.000)-(t:5.614-v:74.000)-(t:5.623-v:73.000)-(t:5.632-v:70.000)-(t:5.640-v:69.000)-(t:5.648-v:68.000)-(t:5.656-v:67.000)-(t:5.664-v:66.000)-(t:5.671-v:63.000)-(t:5.679-v:62.000)-(t:5.686-v:60.000)-(t:5.695-v:59.000)-(t:5.708-v:58.000)-(t:5.717-v:57.000)-(t:5.724-v:55.000)-(t:5.732-v:53.000)-(t:5.744-v:52.000)-(t:5.752-v:51.000)-(t:5.761-v:50.000)-(t:5.769-v:48.000)-(t:5.776-v:47.000)-(t:5.785-v:45.000)-(t:5.793-v:44.000)-(t:5.801-v:43.000)-(t:5.809-v:42.000)-(t:5.816-v:41.000)-(t:5.823-v:40.000)-(t:5.831-v:39.000)-(t:5.840-v:38.000)-(t:5.848-v:37.000)-(t:5.855-v:36.000)-(t:5.863-v:35.000)-(t:5.871-v:34.000)-(t:5.889-v:33.000)-(t:5.898-v:32.000)-(t:5.909-v:31.000)-(t:5.946-v:29.000)-(t:5.956-v:28.000)-(t:5.999-v:27.000)-(t:6.021-v:26.000)-(t:6.060-v:25.000)-(t:6.073-v:24.000)-(t:6.088-v:23.000)-(t:6.136-v:22.000)-(t:6.143-v:21.000)-(t:6.151-v:20.000)-(t:6.161-v:19.000)-(t:6.169-v:18.000)-(t:6.176-v:17.000)-(t:6.201-v:16.000)-(t:6.209-v:15.000)-(t:6.219-v:14.000)-(t:6.247-v:13.000)-(t:6.257-v:12.000)-(t:6.299-v:11.000)-(t:6.311-v:10.000)-(t:6.321-v:9.000)-(t:16.297-v:8.000)-(t:16.648-v:7.000)-(t:16.991-v:6.000)-(t:19.968-v:5.000)-(t:42.259-v:4.000)-(t:49.156-v:3.000)-(t:132.610-v:2.000)],61.152
examples/csp/csp_100/carseq_100_8_20_73.txt,dqn,300,0,[(t:8.098-v:116.000)-(t:8.118-v:115.000)-(t:8.124-v:107.000)-(t:8.137-v:106.000)-(t:8.151-v:103.000)-(t:8.161-v:102.000)-(t:8.172-v:101.000)-(t:8.197-v:95.000)-(t:8.207-v:91.000)-(t:8.216-v:90.000)-(t:8.223-v:88.000)-(t:8.236-v:87.000)-(t:8.248-v:86.000)-(t:8.268-v:84.000)-(t:8.279-v:83.000)-(t:8.289-v:81.000)-(t:8.300-v:80.000)-(t:8.311-v:77.000)-(t:8.322-v:74.000)-(t:8.328-v:73.000)-(t:8.334-v:72.000)-(t:8.344-v:71.000)-(t:8.355-v:67.000)-(t:8.366-v:65.000)-(t:8.377-v:64.000)-(t:8.389-v:63.000)-(t:8.400-v:62.000)-(t:8.416-v:61.000)-(t:8.430-v:60.000)-(t:8.437-v:58.000)-(t:8.450-v:57.000)-(t:8.460-v:56.000)-(t:8.467-v:52.000)-(t:8.478-v:51.000)-(t:8.492-v:50.000)-(t:8.504-v:49.000)-(t:8.514-v:48.000)-(t:8.525-v:47.000)-(t:8.538-v:46.000)-(t:8.544-v:45.000)-(t:8.555-v:44.000)-(t:8.565-v:43.000)-(t:8.576-v:42.000)-(t:8.588-v:41.000)-(t:8.598-v:40.000)-(t:8.610-v:39.000)-(t:8.626-v:37.000)-(t:8.642-v:36.000)-(t:8.654-v:35.000)-(t:8.665-v:34.000)-(t:8.675-v:33.000)-(t:8.698-v:32.000)-(t:8.708-v:30.000)-(t:8.723-v:28.000)-(t:8.744-v:26.000)-(t:8.750-v:25.000)-(t:8.770-v:24.000)-(t:8.782-v:23.000)-(t:8.796-v:22.000)-(t:8.807-v:21.000)-(t:8.818-v:20.000)-(t:8.829-v:19.000)-(t:8.843-v:18.000)-(t:8.867-v:17.000)-(t:8.905-v:16.000)-(t:8.943-v:15.000)-(t:8.950-v:14.000)-(t:8.965-v:13.000)-(t:8.978-v:12.000)-(t:9.014-v:11.000)-(t:9.025-v:10.000)-(t:9.149-v:9.000)-(t:9.167-v:8.000)-(t:9.184-v:7.000)-(t:9.196-v:6.000)-(t:9.211-v:5.000)-(t:9.238-v:4.000)-(t:9.639-v:3.000)-(t:9.663-v:2.000)-(t:11.726-v:1.000)-(t:22.155-v:0.000)],22.155
examples/csp/csp_100/4-72.txt,dqn,300,1,[(t:5.748-v:125.000)-(t:5.756-v:122.000)-(t:5.782-v:121.000)-(t:5.798-v:119.000)-(t:5.806-v:114.000)-(t:5.815-v:112.000)-(t:5.824-v:111.000)-(t:5.833-v:108.000)-(t:5.841-v:107.000)-(t:5.861-v:105.000)-(t:5.870-v:101.000)-(t:5.885-v:100.000)-(t:5.894-v:98.000)-(t:5.907-v:97.000)-(t:5.917-v:96.000)-(t:5.927-v:95.000)-(t:5.936-v:92.000)-(t:5.946-v:91.000)-(t:5.955-v:90.000)-(t:5.965-v:88.000)-(t:5.974-v:86.000)-(t:5.982-v:84.000)-(t:5.991-v:83.000)-(t:6.001-v:82.000)-(t:6.010-v:81.000)-(t:6.022-v:80.000)-(t:6.038-v:79.000)-(t:6.060-v:78.000)-(t:6.069-v:76.000)-(t:6.085-v:75.000)-(t:6.097-v:74.000)-(t:6.107-v:73.000)-(t:6.117-v:70.000)-(t:6.127-v:69.000)-(t:6.137-v:68.000)-(t:6.147-v:67.000)-(t:6.156-v:66.000)-(t:6.170-v:65.000)-(t:6.178-v:64.000)-(t:6.187-v:63.000)-(t:6.196-v:62.000)-(t:6.205-v:61.000)-(t:6.214-v:59.000)-(t:6.224-v:58.000)-(t:6.234-v:57.000)-(t:6.242-v:56.000)-(t:6.255-v:55.000)-(t:6.263-v:54.000)-(t:6.275-v:53.000)-(t:6.287-v:52.000)-(t:6.296-v:51.000)-(t:6.305-v:49.000)-(t:6.321-v:47.000)-(t:6.330-v:45.000)-(t:6.339-v:43.000)-(t:6.349-v:42.000)-(t:6.358-v:41.000)-(t:6.376-v:40.000)-(t:6.388-v:39.000)-(t:6.396-v:38.000)-(t:6.405-v:36.000)-(t:6.426-v:35.000)-(t:6.441-v:34.000)-(t:6.457-v:33.000)-(t:6.487-v:31.000)-(t:6.503-v:30.000)-(t:6.512-v:29.000)-(t:6.520-v:27.000)-(t:6.530-v:25.000)-(t:6.558-v:24.000)-(t:6.579-v:23.000)-(t:6.587-v:21.000)-(t:6.615-v:19.000)-(t:6.623-v:18.000)-(t:6.634-v:17.000)-(t:6.657-v:16.000)-(t:6.711-v:15.000)-(t:6.719-v:14.000)-(t:6.729-v:13.000)-(t:6.742-v:12.000)-(t:6.756-v:11.000)-(t:6.803-v:10.000)-(t:6.810-v:9.000)-(t:6.820-v:8.000)-(t:6.840-v:7.000)-(t:6.936-v:6.000)-(t:7.065-v:5.000)-(t:7.758-v:4.000)-(t:7.928-v:3.000)-(t:8.098-v:2.000)-(t:33.908-v:1.000)],300.000
examples/csp/csp_100/6-76.txt,dqn,300,6,[(t:5.679-v:115.000)-(t:5.692-v:114.000)-(t:5.706-v:113.000)-(t:5.718-v:111.000)-(t:5.738-v:109.000)-(t:5.747-v:106.000)-(t:5.756-v:105.000)-(t:5.764-v:98.000)-(t:5.773-v:97.000)-(t:5.781-v:96.000)-(t:5.788-v:95.000)-(t:5.796-v:94.000)-(t:5.805-v:93.000)-(t:5.813-v:91.000)-(t:5.821-v:90.000)-(t:5.828-v:89.000)-(t:5.837-v:86.000)-(t:5.846-v:85.000)-(t:5.854-v:84.000)-(t:5.861-v:80.000)-(t:5.869-v:79.000)-(t:5.876-v:78.000)-(t:5.884-v:77.000)-(t:5.892-v:75.000)-(t:5.900-v:73.000)-(t:5.909-v:71.000)-(t:5.917-v:68.000)-(t:5.924-v:66.000)-(t:5.932-v:65.000)-(t:5.939-v:64.000)-(t:5.946-v:62.000)-(t:5.955-v:61.000)-(t:5.969-v:60.000)-(t:5.976-v:59.000)-(t:5.984-v:57.000)-(t:5.992-v:56.000)-(t:5.999-v:55.000)-(t:6.008-v:54.000)-(t:6.015-v:51.000)-(t:6.023-v:50.000)-(t:6.035-v:49.000)-(t:6.043-v:48.000)-(t:6.053-v:47.000)-(t:6.061-v:46.000)-(t:6.069-v:45.000)-(t:6.077-v:44.000)-(t:6.085-v:43.000)-(t:6.094-v:42.000)-(t:6.102-v:41.000)-(t:6.110-v:40.000)-(t:6.119-v:39.000)-(t:6.131-v:38.000)-(t:6.139-v:37.000)-(t:6.146-v:36.000)-(t:6.154-v:35.000)-(t:6.161-v:34.000)-(t:6.169-v:33.000)-(t:6.177-v:32.000)-(t:6.214-v:31.000)-(t:6.222-v:29.000)-(t:6.230-v:28.000)-(t:6.241-v:27.000)-(t:6.260-v:26.000)-(t:6.290-v:25.000)-(t:6.308-v:24.000)-(t:6.322-v:23.000)-(t:6.329-v:22.000)-(t:6.336-v:21.000)-(t:6.347-v:20.000)-(t:6.356-v:19.000)-(t:6.364-v:18.000)-(t:6.373-v:17.000)-(t:6.383-v:16.000)-(t:6.406-v:15.000)-(t:6.423-v:14.000)-(t:6.452-v:13.000)-(t:6.460-v:12.000)-(t:6.498-v:11.000)-(t:6.514-v:10.000)-(t:6.531-v:9.000)-(t:6.542-v:8.000)-(t:6.555-v:7.000)-(t:7.155-v:6.000)],6.455
examples/csp/csp_100/carseq_100_8_20_77.txt,dqn,300,0,[(t:8.904-v:107.000)-(t:8.927-v:105.000)-(t:8.947-v:104.000)-(t:8.968-v:102.000)-(t:8.975-v:96.000)-(t:8.984-v:95.000)-(t:8.991-v:94.000)-(t:8.999-v:91.000)-(t:9.011-v:90.000)-(t:9.024-v:88.000)-(t:9.037-v:86.000)-(t:9.047-v:85.000)-(t:9.058-v:83.000)-(t:9.068-v:82.000)-(t:9.079-v:81.000)-(t:9.089-v:80.000)-(t:9.097-v:76.000)-(t:9.108-v:75.000)-(t:9.120-v:74.000)-(t:9.129-v:73.000)-(t:9.140-v:72.000)-(t:9.150-v:67.000)-(t:9.161-v:66.000)-(t:9.172-v:64.000)-(t:9.183-v:60.000)-(t:9.199-v:59.000)-(t:9.204-v:58.000)-(t:9.215-v:57.000)-(t:9.228-v:56.000)-(t:9.241-v:53.000)-(t:9.251-v:51.000)-(t:9.261-v:50.000)-(t:9.271-v:48.000)-(t:9.301-v:47.000)-(t:9.320-v:46.000)-(t:9.330-v:45.000)-(t:9.340-v:44.000)-(t:9.350-v:43.000)-(t:9.360-v:41.000)-(t:9.377-v:40.000)-(t:9.388-v:39.000)-(t:9.399-v:38.000)-(t:9.407-v:37.000)-(t:9.417-v:35.000)-(t:9.430-v:34.000)-(t:9.442-v:32.000)-(t:9.453-v:31.000)-(t:9.466-v:30.000)-(t:9.476-v:28.000)-(t:9.503-v:27.000)-(t:9.512-v:26.000)-(t:9.522-v:25.000)-(t:9.532-v:24.000)-(t:9.541-v:23.000)-(t:9.551-v:22.000)-(t:9.568-v:21.000)-(t:9.586-v:20.000)-(t:9.611-v:18.000)-(t:9.622-v:17.000)-(t:9.648-v:16.000)-(t:9.659-v:15.000)-(t:9.699-v:14.000)-(t:9.718-v:13.000)-(t:9.743-v:12.000)-(t:9.791-v:11.000)-(t:9.802-v:10.000)-(t:9.812-v:9.000)-(t:9.867-v:8.000)-(t:9.884-v:7.000)-(t:9.912-v:6.000)-(t:9.929-v:5.000)-(t:9.944-v:4.000)-(t:10.226-v:3.000)-(t:10.266-v:2.000)-(t:10.341-v:1.000)-(t:23.067-v:0.000)],23.067
examples/csp/csp_100/carseq_100_8_20_90.txt,dqn,300,0,[(t:4.628-v:115.000)-(t:4.639-v:112.000)-(t:4.648-v:111.000)-(t:4.658-v:110.000)-(t:4.665-v:107.000)-(t:4.671-v:104.000)-(t:4.687-v:103.000)-(t:4.693-v:102.000)-(t:4.699-v:100.000)-(t:4.706-v:99.000)-(t:4.712-v:97.000)-(t:4.718-v:96.000)-(t:4.724-v:91.000)-(t:4.730-v:89.000)-(t:4.736-v:88.000)-(t:4.745-v:87.000)-(t:4.750-v:86.000)-(t:4.757-v:84.000)-(t:4.763-v:82.000)-(t:4.773-v:80.000)-(t:4.779-v:78.000)-(t:4.786-v:77.000)-(t:4.792-v:76.000)-(t:4.799-v:75.000)-(t:4.809-v:74.000)-(t:4.815-v:73.000)-(t:4.822-v:71.000)-(t:4.829-v:70.000)-(t:4.835-v:69.000)-(t:4.842-v:68.000)-(t:4.849-v:65.000)-(t:4.856-v:63.000)-(t:4.863-v:62.000)-(t:4.871-v:59.000)-(t:4.879-v:58.000)-(t:4.886-v:56.000)-(t:4.892-v:55.000)-(t:4.904-v:54.000)-(t:4.914-v:53.000)-(t:4.926-v:52.000)-(t:4.939-v:51.000)-(t:4.947-v:50.000)-(t:4.955-v:49.000)-(t:4.963-v:48.000)-(t:4.970-v:47.000)-(t:4.977-v:46.000)-(t:4.985-v:45.000)-(t:4.995-v:44.000)-(t:5.002-v:42.000)-(t:5.009-v:40.000)-(t:5.017-v:39.000)-(t:5.026-v:38.000)-(t:5.033-v:37.000)-(t:5.040-v:36.000)-(t:5.048-v:35.000)-(t:5.058-v:33.000)-(t:5.066-v:32.000)-(t:5.076-v:31.000)-(t:5.094-v:30.000)-(t:5.101-v:29.000)-(t:5.109-v:28.000)-(t:5.125-v:27.000)-(t:5.133-v:26.000)-(t:5.156-v:25.000)-(t:5.167-v:24.000)-(t:5.175-v:23.000)-(t:5.200-v:22.000)-(t:5.208-v:21.000)-(t:5.227-v:20.000)-(t:5.234-v:18.000)-(t:5.265-v:16.000)-(t:5.273-v:15.000)-(t:5.280-v:14.000)-(t:5.291-v:13.000)-(t:5.298-v:12.000)-(t:5.325-v:11.000)-(t:5.335-v:10.000)-(t:5.393-v:9.000)-(t:5.412-v:8.000)-(t:5.430-v:7.000)-(t:5.446-v:6.000)-(t:5.456-v:5.000)-(t:5.484-v:4.000)-(t:5.538-v:3.000)-(t:5.805-v:2.000)-(t:8.324-v:1.000)-(t:8.688-v:0.000)],8.688
examples/csp/csp_100/carseq_100_8_20_94.txt,dqn,300,0,[(t:4.477-v:118.000)-(t:4.487-v:117.000)-(t:4.493-v:114.000)-(t:4.507-v:113.000)-(t:4.516-v:112.000)-(t:4.523-v:107.000)-(t:4.529-v:104.000)-(t:4.536-v:103.000)-(t:4.543-v:102.000)-(t:4.549-v:101.000)-(t:4.556-v:100.000)-(t:4.562-v:97.000)-(t:4.576-v:96.000)-(t:4.584-v:93.000)-(t:4.591-v:91.000)-(t:4.600-v:90.000)-(t:4.606-v:89.000)-(t:4.612-v:87.000)-(t:4.619-v:86.000)-(t:4.625-v:85.000)-(t:4.631-v:81.000)-(t:4.638-v:79.000)-(t:4.645-v:77.000)-(t:4.651-v:76.000)-(t:4.657-v:75.000)-(t:4.664-v:74.000)-(t:4.671-v:73.000)-(t:4.678-v:72.000)-(t:4.684-v:67.000)-(t:4.690-v:64.000)-(t:4.696-v:63.000)-(t:4.702-v:60.000)-(t:4.710-v:58.000)-(t:4.717-v:56.000)-(t:4.730-v:55.000)-(t:4.738-v:53.000)-(t:4.760-v:52.000)-(t:4.771-v:51.000)-(t:4.777-v:50.000)-(t:4.803-v:49.000)-(t:4.809-v:48.000)-(t:4.820-v:47.000)-(t:4.828-v:46.000)-(t:4.835-v:45.000)-(t:4.842-v:44.000)-(t:4.850-v:43.000)-(t:4.857-v:42.000)-(t:4.864-v:41.000)-(t:4.870-v:40.000)-(t:4.880-v:39.000)-(t:4.886-v:38.000)-(t:4.892-v:37.000)-(t:4.898-v:36.000)-(t:4.905-v:35.000)-(t:4.919-v:34.000)-(t:4.927-v:32.000)-(t:4.950-v:31.000)-(t:4.957-v:30.000)-(t:4.965-v:28.000)-(t:4.981-v:27.000)-(t:4.988-v:26.000)-(t:4.994-v:25.000)-(t:5.009-v:24.000)-(t:5.015-v:23.000)-(t:5.021-v:22.000)-(t:5.033-v:21.000)-(t:5.040-v:20.000)-(t:5.047-v:19.000)-(t:5.065-v:18.000)-(t:5.079-v:17.000)-(t:5.085-v:16.000)-(t:5.097-v:15.000)-(t:5.103-v:14.000)-(t:5.115-v:13.000)-(t:5.131-v:12.000)-(t:5.145-v:11.000)-(t:5.151-v:10.000)-(t:5.200-v:9.000)-(t:5.258-v:8.000)-(t:5.264-v:7.000)-(t:5.272-v:6.000)-(t:5.279-v:5.000)-(t:5.291-v:4.000)-(t:5.425-v:3.000)-(t:5.607-v:2.000)-(t:5.630-v:1.000)-(t:5.641-v:0.000)],5.641
examples/csp/csp_100/carseq_100_8_20_71.txt,dqn,300,1,[(t:8.905-v:121.000)-(t:8.924-v:117.000)-(t:8.935-v:112.000)-(t:8.947-v:111.000)-(t:8.957-v:110.000)-(t:8.967-v:107.000)-(t:8.994-v:105.000)-(t:9.005-v:103.000)-(t:9.025-v:101.000)-(t:9.047-v:100.000)-(t:9.056-v:99.000)-(t:9.069-v:96.000)-(t:9.081-v:95.000)-(t:9.094-v:94.000)-(t:9.107-v:93.000)-(t:9.118-v:91.000)-(t:9.129-v:90.000)-(t:9.140-v:89.000)-(t:9.154-v:88.000)-(t:9.164-v:87.000)-(t:9.175-v:86.000)-(t:9.190-v:83.000)-(t:9.201-v:81.000)-(t:9.212-v:79.000)-(t:9.221-v:78.000)-(t:9.230-v:77.000)-(t:9.236-v:76.000)-(t:9.248-v:75.000)-(t:9.259-v:74.000)-(t:9.267-v:73.000)-(t:9.278-v:71.000)-(t:9.291-v:70.000)-(t:9.303-v:69.000)-(t:9.314-v:68.000)-(t:9.324-v:66.000)-(t:9.334-v:65.000)-(t:9.344-v:63.000)-(t:9.348-v:61.000)-(t:9.361-v:60.000)-(t:9.372-v:59.000)-(t:9.386-v:58.000)-(t:9.397-v:57.000)-(t:9.408-v:56.000)-(t:9.418-v:55.000)-(t:9.432-v:54.000)-(t:9.440-v:52.000)-(t:9.448-v:51.000)-(t:9.459-v:50.000)-(t:9.470-v:49.000)-(t:9.479-v:48.000)-(t:9.490-v:47.000)-(t:9.501-v:46.000)-(t:9.525-v:44.000)-(t:9.535-v:43.000)-(t:9.545-v:42.000)-(t:9.562-v:39.000)-(t:9.586-v:38.000)-(t:9.607-v:37.000)-(t:9.617-v:36.000)-(t:9.638-v:35.000)-(t:9.653-v:34.000)-(t:9.660-v:33.000)-(t:9.674-v:32.000)-(t:9.685-v:31.000)-(t:9.699-v:30.000)-(t:9.724-v:29.000)-(t:9.751-v:28.000)-(t:9.774-v:27.000)-(t:9.786-v:26.000)-(t:9.842-v:25.000)-(t:9.881-v:24.000)-(t:9.943-v:23.000)-(t:9.996-v:22.000)-(t:10.009-v:21.000)-(t:10.023-v:20.000)-(t:10.077-v:19.000)-(t:10.133-v:18.000)-(t:10.182-v:17.000)-(t:10.204-v:16.000)-(t:10.229-v:15.000)-(t:10.246-v:14.000)-(t:10.256-v:13.000)-(t:10.268-v:12.000)-(t:10.282-v:11.000)-(t:10.298-v:10.000)-(t:10.310-v:9.000)-(t:10.332-v:8.000)-(t:10.353-v:7.000)-(t:10.658-v:6.000)-(t:11.392-v:5.000)-(t:16.643-v:4.000)-(t:21.566-v:3.000)-(t:34.713-v:2.000)-(t:119.167-v:1.000)],300.000
examples/csp/csp_100/carseq_100_8_20_88.txt,dqn,300,0,[(t:4.546-v:125.000)-(t:4.560-v:124.000)-(t:4.570-v:122.000)-(t:4.577-v:118.000)-(t:4.587-v:116.000)-(t:4.595-v:115.000)-(t:4.604-v:114.000)-(t:4.611-v:113.000)-(t:4.623-v:112.000)-(t:4.631-v:110.000)-(t:4.639-v:109.000)-(t:4.664-v:108.000)-(t:4.672-v:107.000)-(t:4.678-v:106.000)-(t:4.686-v:105.000)-(t:4.696-v:104.000)-(t:4.705-v:102.000)-(t:4.713-v:101.000)-(t:4.722-v:100.000)-(t:4.732-v:93.000)-(t:4.742-v:91.000)-(t:4.754-v:90.000)-(t:4.769-v:89.000)-(t:4.777-v:88.000)-(t:4.785-v:87.000)-(t:4.793-v:86.000)-(t:4.801-v:85.000)-(t:4.809-v:84.000)-(t:4.817-v:83.000)-(t:4.826-v:81.000)-(t:4.835-v:79.000)-(t:4.842-v:75.000)-(t:4.849-v:73.000)-(t:4.859-v:72.000)-(t:4.866-v:71.000)-(t:4.877-v:70.000)-(t:4.900-v:68.000)-(t:4.918-v:67.000)-(t:4.927-v:66.000)-(t:4.935-v:65.000)-(t:4.961-v:64.000)-(t:4.981-v:63.000)-(t:4.992-v:62.000)-(t:4.999-v:60.000)-(t:5.010-v:59.000)-(t:5.020-v:57.000)-(t:5.028-v:56.000)-(t:5.035-v:55.000)-(t:5.053-v:54.000)-(t:5.061-v:52.000)-(t:5.074-v:50.000)-(t:5.083-v:49.000)-(t:5.090-v:48.000)-(t:5.119-v:47.000)-(t:5.131-v:46.000)-(t:5.155-v:45.000)-(t:5.162-v:44.000)-(t:5.170-v:42.000)-(t:5.181-v:41.000)-(t:5.190-v:40.000)-(t:5.200-v:39.000)-(t:5.210-v:38.000)-(t:5.240-v:37.000)-(t:5.256-v:36.000)-(t:5.269-v:35.000)-(t:5.314-v:34.000)-(t:5.323-v:33.000)-(t:5.332-v:32.000)-(t:5.352-v:30.000)-(t:5.369-v:29.000)-(t:5.377-v:28.000)-(t:5.387-v:25.000)-(t:5.422-v:23.000)-(t:5.433-v:22.000)-(t:5.514-v:20.000)-(t:5.545-v:19.000)-(t:5.562-v:18.000)-(t:5.573-v:17.000)-(t:5.582-v:16.000)-(t:5.589-v:15.000)-(t:5.602-v:14.000)-(t:5.610-v:12.000)-(t:5.633-v:11.000)-(t:5.650-v:10.000)-(t:5.668-v:9.000)-(t:5.677-v:8.000)-(t:7.815-v:7.000)-(t:13.019-v:6.000)-(t:13.219-v:5.000)-(t:15.376-v:4.000)-(t:17.007-v:3.000)-(t:17.088-v:2.000)-(t:64.362-v:1.000)-(t:194.929-v:0.000)],194.929
examples/csp/csp_200/pb_200_06.txt,dqn,300,,,
examples/csp/csp_200/pb_200_07.txt,dqn,300,,,
examples/csp/csp_200/pb_200_08.txt,dqn,300,,,
examples/csp/csp_100/carseq_100_8_20_81.txt,dqn,300,1,[(t:5.880-v:107.000)-(t:5.889-v:106.000)-(t:5.922-v:99.000)-(t:5.928-v:95.000)-(t:5.934-v:94.000)-(t:5.946-v:93.000)-(t:5.952-v:92.000)-(t:5.959-v:90.000)-(t:5.976-v:88.000)-(t:5.984-v:87.000)-(t:5.996-v:86.000)-(t:6.003-v:83.000)-(t:6.010-v:82.000)-(t:6.026-v:80.000)-(t:6.033-v:78.000)-(t:6.039-v:77.000)-(t:6.049-v:76.000)-(t:6.055-v:74.000)-(t:6.064-v:73.000)-(t:6.072-v:72.000)-(t:6.080-v:70.000)-(t:6.089-v:69.000)-(t:6.097-v:68.000)-(t:6.106-v:66.000)-(t:6.111-v:65.000)-(t:6.117-v:64.000)-(t:6.122-v:63.000)-(t:6.127-v:61.000)-(t:6.136-v:60.000)-(t:6.141-v:59.000)-(t:6.146-v:58.000)-(t:6.151-v:57.000)-(t:6.163-v:56.000)-(t:6.168-v:55.000)-(t:6.175-v:54.000)-(t:6.183-v:53.000)-(t:6.191-v:52.000)-(t:6.200-v:51.000)-(t:6.209-v:50.000)-(t:6.219-v:49.000)-(t:6.228-v:47.000)-(t:6.236-v:46.000)-(t:6.242-v:45.000)-(t:6.246-v:43.000)-(t:6.258-v:42.000)-(t:6.270-v:41.000)-(t:6.277-v:40.000)-(t:6.289-v:39.000)-(t:6.295-v:38.000)-(t:6.302-v:37.000)-(t:6.307-v:36.000)-(t:6.314-v:35.000)-(t:6.344-v:34.000)-(t:6.350-v:33.000)-(t:6.371-v:32.000)-(t:6.377-v:31.000)-(t:6.384-v:28.000)-(t:6.404-v:27.000)-(t:6.425-v:26.000)-(t:6.441-v:25.000)-(t:6.449-v:24.000)-(t:6.468-v:23.000)-(t:6.478-v:22.000)-(t:6.487-v:20.000)-(t:6.507-v:19.000)-(t:6.537-v:18.000)-(t:6.547-v:17.000)-(t:6.562-v:16.000)-(t:6.572-v:15.000)-(t:6.581-v:14.000)-(t:6.613-v:12.000)-(t:6.622-v:11.000)-(t:6.686-v:9.000)-(t:6.694-v:8.000)-(t:6.705-v:7.000)-(t:6.724-v:6.000)-(t:6.760-v:5.000)-(t:6.791-v:4.000)-(t:6.815-v:3.000)-(t:7.774-v:2.000)-(t:46.645-v:1.000)],300.000
examples/csp/csp_200/pb_200_09.txt,dqn,300,,,
examples/csp/csp_100/carseq_100_8_20_82.txt,dqn,300,2,[(t:5.983-v:147.000)-(t:5.989-v:144.000)-(t:6.009-v:141.000)-(t:6.015-v:140.000)-(t:6.020-v:137.000)-(t:6.024-v:136.000)-(t:6.032-v:134.000)-(t:6.041-v:132.000)-(t:6.046-v:129.000)-(t:6.052-v:127.000)-(t:6.058-v:126.000)-(t:6.064-v:124.000)-(t:6.079-v:120.000)-(t:6.085-v:119.000)-(t:6.090-v:118.000)-(t:6.096-v:117.000)-(t:6.102-v:116.000)-(t:6.109-v:113.000)-(t:6.114-v:112.000)-(t:6.121-v:111.000)-(t:6.128-v:110.000)-(t:6.134-v:108.000)-(t:6.139-v:105.000)-(t:6.148-v:103.000)-(t:6.155-v:102.000)-(t:6.162-v:101.000)-(t:6.168-v:98.000)-(t:6.175-v:95.000)-(t:6.182-v:94.000)-(t:6.189-v:93.000)-(t:6.194-v:92.000)-(t:6.202-v:90.000)-(t:6.208-v:88.000)-(t:6.214-v:87.000)-(t:6.221-v:86.000)-(t:6.227-v:84.000)-(t:6.234-v:82.000)-(t:6.240-v:81.000)-(t:6.246-v:79.000)-(t:6.265-v:78.000)-(t:6.271-v:76.000)-(t:6.277-v:74.000)-(t:6.284-v:73.000)-(t:6.291-v:72.000)-(t:6.297-v:71.000)-(t:6.303-v:70.000)-(t:6.309-v:69.000)-(t:6.326-v:68.000)-(t:6.332-v:67.000)-(t:6.339-v:66.000)-(t:6.346-v:64.000)-(t:6.354-v:62.000)-(t:6.361-v:61.000)-(t:6.367-v:60.000)-(t:6.374-v:59.000)-(t:6.380-v:58.000)-(t:6.386-v:57.000)-(t:6.393-v:56.000)-(t:6.399-v:55.000)-(t:6.406-v:54.000)-(t:6.412-v:52.000)-(t:6.417-v:51.000)-(t:6.422-v:49.000)-(t:6.429-v:48.000)-(t:6.434-v:47.000)-(t:6.441-v:46.000)-(t:6.447-v:45.000)-(t:6.456-v:44.000)-(t:6.470-v:43.000)-(t:6.475-v:41.000)-(t:6.482-v:40.000)-(t:6.491-v:39.000)-(t:6.500-v:38.000)-(t:6.513-v:37.000)-(t:6.527-v:36.000)-(t:6.560-v:35.000)-(t:6.566-v:34.000)-(t:6.575-v:33.000)-(t:6.586-v:32.000)-(t:6.601-v:31.000)-(t:6.630-v:30.000)-(t:6.663-v:29.000)-(t:6.670-v:28.000)-(t:6.678-v:27.000)-(t:6.688-v:25.000)-(t:6.698-v:24.000)-(t:6.716-v:23.000)-(t:6.742-v:21.000)-(t:6.749-v:20.000)-(t:6.759-v:19.000)-(t:6.767-v:18.000)-(t:6.776-v:17.000)-(t:6.843-v:16.000)-(t:6.853-v:15.000)-(t:6.861-v:14.000)-(t:6.872-v:13.000)-(t:6.884-v:12.000)-(t:6.896-v:11.000)-(t:6.905-v:9.000)-(t:6.934-v:8.000)-(t:6.948-v:7.000)-(t:6.979-v:6.000)-(t:7.016-v:5.000)-(t:23.440-v:4.000)-(t:27.734-v:3.000)-(t:103.662-v:2.000)],300.000
examples/csp/csp_100/carseq_100_8_20_85.txt,dqn,300,1,[(t:4.908-v:98.000)-(t:4.922-v:95.000)-(t:4.932-v:94.000)-(t:4.942-v:93.000)-(t:4.950-v:92.000)-(t:4.955-v:90.000)-(t:4.961-v:88.000)-(t:4.967-v:87.000)-(t:4.975-v:85.000)-(t:4.981-v:84.000)-(t:4.987-v:83.000)-(t:4.995-v:82.000)-(t:5.001-v:80.000)-(t:5.007-v:78.000)-(t:5.012-v:77.000)-(t:5.019-v:76.000)-(t:5.025-v:74.000)-(t:5.033-v:73.000)-(t:5.038-v:72.000)-(t:5.044-v:70.000)-(t:5.050-v:68.000)-(t:5.059-v:67.000)-(t:5.069-v:66.000)-(t:5.077-v:64.000)-(t:5.082-v:63.000)-(t:5.090-v:62.000)-(t:5.107-v:60.000)-(t:5.114-v:59.000)-(t:5.120-v:58.000)-(t:5.133-v:56.000)-(t:5.158-v:55.000)-(t:5.172-v:54.000)-(t:5.181-v:53.000)-(t:5.188-v:52.000)-(t:5.204-v:51.000)-(t:5.213-v:50.000)-(t:5.221-v:49.000)-(t:5.230-v:48.000)-(t:5.238-v:47.000)-(t:5.247-v:45.000)-(t:5.254-v:44.000)-(t:5.262-v:43.000)-(t:5.269-v:42.000)-(t:5.275-v:41.000)-(t:5.282-v:40.000)-(t:5.289-v:38.000)-(t:5.295-v:37.000)-(t:5.303-v:36.000)-(t:5.309-v:35.000)-(t:5.315-v:34.000)-(t:5.336-v:33.000)-(t:5.344-v:32.000)-(t:5.353-v:31.000)-(t:5.360-v:30.000)-(t:5.388-v:29.000)-(t:5.414-v:28.000)-(t:5.421-v:26.000)-(t:5.428-v:25.000)-(t:5.464-v:23.000)-(t:5.471-v:22.000)-(t:5.492-v:21.000)-(t:5.508-v:20.000)-(t:5.522-v:19.000)-(t:5.557-v:18.000)-(t:5.566-v:17.000)-(t:5.591-v:16.000)-(t:5.623-v:15.000)-(t:5.712-v:14.000)-(t:5.721-v:13.000)-(t:5.743-v:12.000)-(t:6.159-v:11.000)-(t:6.171-v:10.000)-(t:6.223-v:9.000)-(t:6.958-v:8.000)-(t:7.153-v:7.000)-(t:11.036-v:6.000)-(t:23.015-v:5.000)-(t:25.583-v:4.000)-(t:36.044-v:3.000)-(t:118.333-v:2.000)-(t:153.346-v:1.000)],300.000
examples/csp/csp_100/carseq_100_8_20_86.txt,dqn,300,4,[(t:6.567-v:146.000)-(t:6.593-v:145.000)-(t:6.605-v:143.000)-(t:6.619-v:142.000)-(t:6.630-v:138.000)-(t:6.640-v:136.000)-(t:6.646-v:135.000)-(t:6.654-v:133.000)-(t:6.665-v:132.000)-(t:6.677-v:131.000)-(t:6.689-v:130.000)-(t:6.696-v:129.000)-(t:6.703-v:128.000)-(t:6.708-v:127.000)-(t:6.719-v:121.000)-(t:6.729-v:119.000)-(t:6.740-v:118.000)-(t:6.749-v:116.000)-(t:6.758-v:115.000)-(t:6.763-v:112.000)-(t:6.774-v:111.000)-(t:6.784-v:110.000)-(t:6.794-v:106.000)-(t:6.804-v:103.000)-(t:6.809-v:101.000)-(t:6.814-v:100.000)-(t:6.825-v:99.000)-(t:6.842-v:98.000)-(t:6.852-v:93.000)-(t:6.863-v:92.000)-(t:6.868-v:90.000)-(t:6.878-v:87.000)-(t:6.889-v:86.000)-(t:6.904-v:85.000)-(t:6.913-v:82.000)-(t:6.919-v:81.000)-(t:6.927-v:80.000)-(t:6.938-v:79.000)-(t:6.949-v:78.000)-(t:6.960-v:77.000)-(t:6.978-v:73.000)-(t:6.986-v:70.000)-(t:6.997-v:68.000)-(t:7.007-v:66.000)-(t:7.019-v:65.000)-(t:7.024-v:64.000)-(t:7.036-v:63.000)-(t:7.045-v:62.000)-(t:7.056-v:58.000)-(t:7.067-v:57.000)-(t:7.074-v:56.000)-(t:7.081-v:55.000)-(t:7.090-v:53.000)-(t:7.100-v:51.000)-(t:7.112-v:49.000)-(t:7.124-v:47.000)-(t:7.135-v:45.000)-(t:7.144-v:43.000)-(t:7.156-v:41.000)-(t:7.167-v:40.000)-(t:7.176-v:39.000)-(t:7.187-v:38.000)-(t:7.207-v:37.000)-(t:7.220-v:36.000)-(t:7.230-v:35.000)-(t:7.239-v:34.000)-(t:7.249-v:33.000)-(t:7.264-v:32.000)-(t:7.274-v:31.000)-(t:7.283-v:30.000)-(t:7.290-v:29.000)-(t:7.322-v:28.000)-(t:7.383-v:27.000)-(t:7.400-v:26.000)-(t:7.448-v:25.000)-(t:7.489-v:24.000)-(t:7.503-v:23.000)-(t:7.515-v:22.000)-(t:7.526-v:21.000)-(t:7.553-v:20.000)-(t:7.576-v:19.000)-(t:7.591-v:18.000)-(t:7.624-v:17.000)-(t:7.636-v:16.000)-(t:7.650-v:15.000)-(t:7.720-v:14.000)-(t:7.730-v:13.000)-(t:7.738-v:12.000)-(t:7.794-v:11.000)-(t:7.820-v:10.000)-(t:8.257-v:9.000)-(t:8.358-v:8.000)-(t:8.397-v:7.000)-(t:30.152-v:6.000)-(t:73.003-v:5.000)-(t:73.177-v:4.000)],300.000
examples/csp/csp_200/pb_200_10.txt,dqn,300,,,
examples/csp/csp_300/carseq_300_8_20_38.txt,dqn,300,,,
examples/csp/csp_300/carseq_300_8_20_40.txt,dqn,300,,,
examples/csp/csp_300/carseq_300_8_20_45.txt,dqn,300,,,
examples/csp/csp_300/carseq_300_8_20_47.txt,dqn,300,,,
examples/csp/csp_300/carseq_300_8_20_53.txt,dqn,300,,,
examples/csp/csp_100/carseq_100_8_20_98.txt,dqn,300,1,[(t:6.774-v:120.000)-(t:6.784-v:117.000)-(t:6.819-v:105.000)-(t:6.833-v:103.000)-(t:6.845-v:101.000)-(t:6.860-v:99.000)-(t:6.871-v:96.000)-(t:6.884-v:94.000)-(t:6.895-v:93.000)-(t:6.902-v:92.000)-(t:6.914-v:89.000)-(t:6.931-v:86.000)-(t:6.946-v:84.000)-(t:6.951-v:83.000)-(t:6.957-v:81.000)-(t:6.966-v:80.000)-(t:6.971-v:78.000)-(t:6.977-v:75.000)-(t:6.983-v:74.000)-(t:7.001-v:72.000)-(t:7.012-v:71.000)-(t:7.022-v:70.000)-(t:7.029-v:69.000)-(t:7.041-v:68.000)-(t:7.050-v:67.000)-(t:7.062-v:66.000)-(t:7.073-v:65.000)-(t:7.079-v:64.000)-(t:7.090-v:62.000)-(t:7.100-v:61.000)-(t:7.112-v:60.000)-(t:7.123-v:59.000)-(t:7.129-v:58.000)-(t:7.139-v:57.000)-(t:7.148-v:53.000)-(t:7.161-v:52.000)-(t:7.172-v:50.000)-(t:7.178-v:49.000)-(t:7.183-v:48.000)-(t:7.201-v:47.000)-(t:7.207-v:46.000)-(t:7.227-v:45.000)-(t:7.253-v:44.000)-(t:7.260-v:42.000)-(t:7.300-v:40.000)-(t:7.306-v:39.000)-(t:7.325-v:38.000)-(t:7.336-v:37.000)-(t:7.348-v:36.000)-(t:7.357-v:35.000)-(t:7.369-v:34.000)-(t:7.421-v:33.000)-(t:7.462-v:32.000)-(t:7.498-v:31.000)-(t:7.516-v:30.000)-(t:7.526-v:28.000)-(t:7.538-v:27.000)-(t:7.554-v:26.000)-(t:7.574-v:25.000)-(t:7.593-v:24.000)-(t:7.606-v:23.000)-(t:7.656-v:22.000)-(t:7.666-v:21.000)-(t:7.680-v:20.000)-(t:7.697-v:18.000)-(t:7.739-v:17.000)-(t:7.756-v:16.000)-(t:7.836-v:15.000)-(t:7.919-v:14.000)-(t:7.933-v:13.000)-(t:7.952-v:12.000)-(t:7.964-v:11.000)-(t:7.992-v:10.000)-(t:8.013-v:9.000)-(t:8.033-v:8.000)-(t:8.312-v:7.000)-(t:30.133-v:6.000)-(t:34.495-v:5.000)-(t:61.772-v:4.000)-(t:70.178-v:3.000)-(t:78.702-v:2.000)-(t:81.362-v:1.000)],300.000
examples/csp/csp_300/carseq_300_8_20_56.txt,dqn,300,,,
examples/csp/csp_300/carseq_300_8_20_62.txt,dqn,300,,,
examples/csp/csp_300/carseq_300_8_20_76.txt,dqn,300,,,
examples/csp/csp_300/carseq_300_8_20_78.txt,dqn,300,,,
examples/csp/csp_300/carseq_300_8_20_80.txt,dqn,300,,,
examples/csp/csp_300/carseq_300_8_20_81.txt,dqn,300,,,
examples/csp/csp_300/pb_300_06.txt,dqn,300,,,
examples/csp/csp_300/pb_300_07.txt,dqn,300,,,
examples/csp/csp_300/pb_300_08.txt,dqn,300,,,
examples/csp/csp_300/pb_300_09.txt,dqn,300,,,
examples/csp/csp_300/pb_300_10.txt,dqn,300,,,
examples/csp/csp_100/carseq_100_8_20_99.txt,dqn,300,1,[(t:8.553-v:122.000)-(t:8.572-v:119.000)-(t:8.583-v:118.000)-(t:8.611-v:117.000)-(t:8.630-v:116.000)-(t:8.647-v:115.000)-(t:8.655-v:110.000)-(t:8.667-v:108.000)-(t:8.679-v:107.000)-(t:8.691-v:101.000)-(t:8.703-v:100.000)-(t:8.717-v:97.000)-(t:8.726-v:96.000)-(t:8.737-v:94.000)-(t:8.750-v:93.000)-(t:8.757-v:91.000)-(t:8.765-v:89.000)-(t:8.775-v:88.000)-(t:8.787-v:87.000)-(t:8.798-v:86.000)-(t:8.808-v:85.000)-(t:8.821-v:81.000)-(t:8.829-v:80.000)-(t:8.840-v:79.000)-(t:8.853-v:78.000)-(t:8.861-v:77.000)-(t:8.872-v:75.000)-(t:8.883-v:73.000)-(t:8.895-v:71.000)-(t:8.903-v:70.000)-(t:8.913-v:69.000)-(t:8.926-v:68.000)-(t:8.944-v:65.000)-(t:8.965-v:64.000)-(t:8.973-v:63.000)-(t:8.983-v:62.000)-(t:8.994-v:61.000)-(t:9.003-v:60.000)-(t:9.024-v:59.000)-(t:9.030-v:58.000)-(t:9.044-v:57.000)-(t:9.057-v:56.000)-(t:9.066-v:55.000)-(t:9.076-v:54.000)-(t:9.086-v:53.000)-(t:9.098-v:52.000)-(t:9.111-v:51.000)-(t:9.120-v:50.000)-(t:9.131-v:47.000)-(t:9.144-v:46.000)-(t:9.155-v:45.000)-(t:9.163-v:42.000)-(t:9.182-v:41.000)-(t:9.194-v:40.000)-(t:9.213-v:39.000)-(t:9.235-v:38.000)-(t:9.245-v:37.000)-(t:9.284-v:36.000)-(t:9.317-v:35.000)-(t:9.341-v:34.000)-(t:9.353-v:32.000)-(t:9.367-v:31.000)-(t:9.379-v:30.000)-(t:9.387-v:29.000)-(t:9.399-v:28.000)-(t:9.415-v:26.000)-(t:9.427-v:25.000)-(t:9.440-v:23.000)-(t:9.458-v:20.000)-(t:9.481-v:19.000)-(t:9.487-v:18.000)-(t:9.496-v:17.000)-(t:9.512-v:16.000)-(t:9.534-v:14.000)-(t:9.565-v:13.000)-(t:9.654-v:12.000)-(t:9.668-v:11.000)-(t:9.691-v:10.000)-(t:9.706-v:9.000)-(t:9.727-v:8.000)-(t:9.775-v:7.000)-(t:9.794-v:6.000)-(t:9.966-v:5.000)-(t:10.113-v:4.000)-(t:10.150-v:3.000)-(t:10.390-v:2.000)-(t:42.038-v:1.000)],300.000
examples/csp/csp_100/carseq_100_8_20_62.txt,dqn,300,0,[(t:4.861-v:130.000)-(t:4.892-v:118.000)-(t:4.907-v:117.000)-(t:4.916-v:112.000)-(t:4.930-v:109.000)-(t:4.937-v:104.000)-(t:4.944-v:103.000)-(t:4.951-v:101.000)-(t:4.962-v:100.000)-(t:4.970-v:99.000)-(t:4.978-v:98.000)-(t:4.985-v:96.000)-(t:4.993-v:93.000)-(t:5.001-v:92.000)-(t:5.010-v:90.000)-(t:5.018-v:89.000)-(t:5.025-v:88.000)-(t:5.033-v:87.000)-(t:5.049-v:86.000)-(t:5.056-v:85.000)-(t:5.066-v:84.000)-(t:5.074-v:82.000)-(t:5.083-v:79.000)-(t:5.090-v:78.000)-(t:5.096-v:76.000)-(t:5.104-v:75.000)-(t:5.112-v:73.000)-(t:5.120-v:72.000)-(t:5.128-v:70.000)-(t:5.136-v:68.000)-(t:5.145-v:67.000)-(t:5.152-v:66.000)-(t:5.159-v:65.000)-(t:5.167-v:64.000)-(t:5.175-v:60.000)-(t:5.184-v:59.000)-(t:5.198-v:58.000)-(t:5.210-v:57.000)-(t:5.219-v:54.000)-(t:5.234-v:53.000)-(t:5.248-v:52.000)-(t:5.260-v:51.000)-(t:5.280-v:50.000)-(t:5.289-v:49.000)-(t:5.317-v:48.000)-(t:5.325-v:47.000)-(t:5.353-v:46.000)-(t:5.361-v:45.000)-(t:5.368-v:43.000)-(t:5.376-v:42.000)-(t:5.385-v:41.000)-(t:5.392-v:40.000)-(t:5.400-v:39.000)-(t:5.410-v:38.000)-(t:5.426-v:37.000)-(t:5.431-v:36.000)-(t:5.448-v:35.000)-(t:5.468-v:34.000)-(t:5.492-v:33.000)-(t:5.499-v:32.000)-(t:5.510-v:31.000)-(t:5.539-v:30.000)-(t:5.560-v:29.000)-(t:5.595-v:28.000)-(t:5.629-v:27.000)-(t:5.638-v:26.000)-(t:5.716-v:25.000)-(t:5.730-v:24.000)-(t:5.737-v:22.000)-(t:5.745-v:21.000)-(t:5.788-v:20.000)-(t:5.795-v:19.000)-(t:5.805-v:18.000)-(t:5.814-v:17.000)-(t:5.822-v:16.000)-(t:5.833-v:15.000)-(t:5.841-v:14.000)-(t:5.864-v:13.000)-(t:5.911-v:12.000)-(t:5.923-v:11.000)-(t:5.962-v:10.000)-(t:6.204-v:9.000)-(t:7.645-v:8.000)-(t:7.738-v:7.000)-(t:8.011-v:6.000)-(t:11.314-v:5.000)-(t:11.409-v:4.000)-(t:15.143-v:3.000)-(t:17.702-v:2.000)-(t:24.194-v:1.000)-(t:25.317-v:0.000)],25.317
examples/csp/csp_100/carseq_100_8_20_64.txt,dqn,300,0,[(t:5.007-v:112.000)-(t:5.036-v:111.000)-(t:5.046-v:107.000)-(t:5.052-v:106.000)-(t:5.065-v:103.000)-(t:5.071-v:100.000)-(t:5.078-v:96.000)-(t:5.085-v:94.000)-(t:5.094-v:93.000)-(t:5.110-v:92.000)-(t:5.116-v:91.000)-(t:5.125-v:90.000)-(t:5.135-v:88.000)-(t:5.142-v:87.000)-(t:5.150-v:86.000)-(t:5.158-v:85.000)-(t:5.165-v:84.000)-(t:5.174-v:83.000)-(t:5.181-v:78.000)-(t:5.189-v:77.000)-(t:5.200-v:76.000)-(t:5.207-v:75.000)-(t:5.218-v:74.000)-(t:5.226-v:73.000)-(t:5.238-v:72.000)-(t:5.246-v:67.000)-(t:5.254-v:66.000)-(t:5.261-v:65.000)-(t:5.272-v:63.000)-(t:5.280-v:62.000)-(t:5.288-v:59.000)-(t:5.295-v:58.000)-(t:5.303-v:57.000)-(t:5.310-v:55.000)-(t:5.317-v:54.000)-(t:5.324-v:52.000)-(t:5.334-v:51.000)-(t:5.342-v:49.000)-(t:5.351-v:47.000)-(t:5.357-v:46.000)-(t:5.372-v:45.000)-(t:5.381-v:43.000)-(t:5.388-v:42.000)-(t:5.395-v:41.000)-(t:5.404-v:40.000)-(t:5.411-v:39.000)-(t:5.418-v:37.000)-(t:5.425-v:35.000)-(t:5.432-v:34.000)-(t:5.444-v:33.000)-(t:5.459-v:32.000)-(t:5.485-v:31.000)-(t:5.496-v:30.000)-(t:5.507-v:29.000)-(t:5.541-v:28.000)-(t:5.549-v:27.000)-(t:5.557-v:26.000)-(t:5.576-v:25.000)-(t:5.616-v:24.000)-(t:5.640-v:23.000)-(t:5.648-v:22.000)-(t:5.655-v:21.000)-(t:5.695-v:20.000)-(t:5.708-v:19.000)-(t:5.746-v:18.000)-(t:5.759-v:17.000)-(t:5.765-v:16.000)-(t:5.794-v:15.000)-(t:5.843-v:14.000)-(t:5.854-v:13.000)-(t:5.886-v:12.000)-(t:5.921-v:11.000)-(t:5.931-v:10.000)-(t:5.943-v:9.000)-(t:6.418-v:8.000)-(t:7.607-v:7.000)-(t:7.690-v:6.000)-(t:7.784-v:5.000)-(t:7.874-v:4.000)-(t:10.161-v:3.000)-(t:10.345-v:2.000)-(t:19.685-v:1.000)-(t:19.784-v:0.000)],19.784
examples/csp/csp_100/carseq_100_8_20_67.txt,dqn,300,0,[(t:8.036-v:112.000)-(t:8.055-v:111.000)-(t:8.078-v:110.000)-(t:8.092-v:107.000)-(t:8.102-v:105.000)-(t:8.112-v:104.000)-(t:8.124-v:101.000)-(t:8.134-v:98.000)-(t:8.149-v:97.000)-(t:8.158-v:96.000)-(t:8.169-v:95.000)-(t:8.179-v:94.000)-(t:8.195-v:93.000)-(t:8.205-v:92.000)-(t:8.216-v:90.000)-(t:8.233-v:89.000)-(t:8.243-v:88.000)-(t:8.255-v:87.000)-(t:8.265-v:86.000)-(t:8.277-v:84.000)-(t:8.288-v:83.000)-(t:8.294-v:80.000)-(t:8.305-v:78.000)-(t:8.316-v:76.000)-(t:8.327-v:74.000)-(t:8.337-v:73.000)-(t:8.348-v:70.000)-(t:8.358-v:69.000)-(t:8.370-v:68.000)-(t:8.383-v:67.000)-(t:8.392-v:66.000)-(t:8.400-v:65.000)-(t:8.410-v:64.000)-(t:8.422-v:62.000)-(t:8.433-v:61.000)-(t:8.446-v:60.000)-(t:8.456-v:59.000)-(t:8.468-v:58.000)-(t:8.478-v:57.000)-(t:8.497-v:56.000)-(t:8.506-v:55.000)-(t:8.511-v:54.000)-(t:8.526-v:53.000)-(t:8.536-v:52.000)-(t:8.545-v:50.000)-(t:8.555-v:49.000)-(t:8.566-v:48.000)-(t:8.577-v:47.000)-(t:8.587-v:46.000)-(t:8.600-v:45.000)-(t:8.610-v:44.000)-(t:8.617-v:43.000)-(t:8.627-v:42.000)-(t:8.639-v:41.000)-(t:8.646-v:40.000)-(t:8.657-v:39.000)-(t:8.666-v:38.000)-(t:8.678-v:37.000)-(t:8.690-v:36.000)-(t:8.701-v:35.000)-(t:8.711-v:34.000)-(t:8.744-v:33.000)-(t:8.755-v:32.000)-(t:8.765-v:31.000)-(t:8.774-v:30.000)-(t:8.785-v:29.000)-(t:8.796-v:28.000)-(t:8.806-v:27.000)-(t:8.819-v:26.000)-(t:8.830-v:25.000)-(t:8.842-v:24.000)-(t:8.848-v:23.000)-(t:8.859-v:22.000)-(t:8.877-v:21.000)-(t:8.888-v:20.000)-(t:8.898-v:19.000)-(t:8.908-v:18.000)-(t:8.930-v:17.000)-(t:8.943-v:16.000)-(t:8.968-v:15.000)-(t:8.975-v:14.000)-(t:8.996-v:13.000)-(t:9.018-v:12.000)-(t:9.032-v:11.000)-(t:9.100-v:10.000)-(t:9.110-v:9.000)-(t:9.130-v:8.000)-(t:9.147-v:7.000)-(t:9.174-v:6.000)-(t:9.640-v:5.000)-(t:14.500-v:4.000)-(t:14.682-v:3.000)-(t:21.141-v:2.000)-(t:29.391-v:1.000)-(t:34.614-v:0.000)],34.614
examples/csp/csp_100/4-72.txt,dqn,300,0,[(t:6.842-v:149.000)-(t:6.864-v:148.000)-(t:6.877-v:147.000)-(t:6.885-v:146.000)-(t:6.897-v:141.000)-(t:6.908-v:137.000)-(t:6.920-v:136.000)-(t:6.930-v:134.000)-(t:6.940-v:133.000)-(t:6.949-v:130.000)-(t:6.957-v:128.000)-(t:6.976-v:126.000)-(t:6.984-v:125.000)-(t:6.992-v:124.000)-(t:7.001-v:123.000)-(t:7.010-v:119.000)-(t:7.018-v:116.000)-(t:7.029-v:115.000)-(t:7.039-v:113.000)-(t:7.048-v:112.000)-(t:7.057-v:110.000)-(t:7.065-v:109.000)-(t:7.072-v:107.000)-(t:7.080-v:106.000)-(t:7.089-v:102.000)-(t:7.097-v:101.000)-(t:7.110-v:100.000)-(t:7.118-v:99.000)-(t:7.130-v:98.000)-(t:7.150-v:97.000)-(t:7.169-v:95.000)-(t:7.185-v:94.000)-(t:7.194-v:93.000)-(t:7.204-v:92.000)-(t:7.220-v:91.000)-(t:7.228-v:90.000)-(t:7.236-v:89.000)-(t:7.243-v:88.000)-(t:7.250-v:87.000)-(t:7.261-v:86.000)-(t:7.268-v:85.000)-(t:7.276-v:84.000)-(t:7.284-v:83.000)-(t:7.292-v:82.000)-(t:7.300-v:81.000)-(t:7.308-v:80.000)-(t:7.316-v:78.000)-(t:7.326-v:77.000)-(t:7.334-v:75.000)-(t:7.341-v:74.000)-(t:7.350-v:72.000)-(t:7.362-v:71.000)-(t:7.370-v:69.000)-(t:7.379-v:67.000)-(t:7.387-v:66.000)-(t:7.395-v:65.000)-(t:7.403-v:64.000)-(t:7.411-v:62.000)-(t:7.419-v:61.000)-(t:7.427-v:60.000)-(t:7.435-v:59.000)-(t:7.445-v:58.000)-(t:7.453-v:56.000)-(t:7.462-v:55.000)-(t:7.471-v:54.000)-(t:7.478-v:53.000)-(t:7.486-v:52.000)-(t:7.494-v:50.000)-(t:7.502-v:48.000)-(t:7.510-v:46.000)-(t:7.519-v:45.000)-(t:7.527-v:43.000)-(t:7.539-v:42.000)-(t:7.547-v:41.000)-(t:7.556-v:39.000)-(t:7.564-v:38.000)-(t:7.584-v:37.000)-(t:7.593-v:36.000)-(t:7.609-v:35.000)-(t:7.617-v:34.000)-(t:7.626-v:33.000)-(t:7.635-v:32.000)-(t:7.644-v:31.000)-(t:7.655-v:30.000)-(t:7.663-v:29.000)-(t:7.671-v:28.000)-(t:7.678-v:27.000)-(t:7.687-v:26.000)-(t:7.696-v:25.000)-(t:7.734-v:24.000)-(t:7.750-v:23.000)-(t:7.765-v:22.000)-(t:7.773-v:21.000)-(t:7.783-v:20.000)-(t:7.797-v:19.000)-(t:7.807-v:18.000)-(t:7.829-v:17.000)-(t:7.851-v:16.000)-(t:7.865-v:15.000)-(t:7.877-v:14.000)-(t:7.897-v:13.000)-(t:7.946-v:12.000)-(t:7.958-v:11.000)-(t:7.980-v:10.000)-(t:8.077-v:9.000)-(t:8.096-v:8.000)-(t:12.453-v:7.000)-(t:12.636-v:6.000)-(t:13.003-v:5.000)-(t:18.032-v:4.000)-(t:49.062-v:3.000)-(t:59.458-v:2.000)-(t:97.535-v:1.000)-(t:104.093-v:0.000)],104.093
examples/csp/csp_100/carseq_100_8_20_73.txt,dqn,300,0,[(t:5.306-v:113.000)-(t:5.330-v:112.000)-(t:5.337-v:111.000)-(t:5.348-v:109.000)-(t:5.366-v:105.000)-(t:5.373-v:103.000)-(t:5.382-v:102.000)-(t:5.391-v:101.000)-(t:5.399-v:99.000)-(t:5.410-v:98.000)-(t:5.418-v:97.000)-(t:5.426-v:95.000)-(t:5.434-v:92.000)-(t:5.451-v:88.000)-(t:5.459-v:87.000)-(t:5.467-v:86.000)-(t:5.476-v:85.000)-(t:5.484-v:84.000)-(t:5.491-v:78.000)-(t:5.499-v:77.000)-(t:5.507-v:75.000)-(t:5.515-v:73.000)-(t:5.524-v:72.000)-(t:5.543-v:71.000)-(t:5.551-v:70.000)-(t:5.559-v:69.000)-(t:5.566-v:68.000)-(t:5.585-v:66.000)-(t:5.592-v:64.000)-(t:5.600-v:63.000)-(t:5.610-v:62.000)-(t:5.619-v:61.000)-(t:5.626-v:60.000)-(t:5.633-v:58.000)-(t:5.640-v:57.000)-(t:5.647-v:56.000)-(t:5.656-v:55.000)-(t:5.665-v:54.000)-(t:5.674-v:53.000)-(t:5.681-v:52.000)-(t:5.687-v:50.000)-(t:5.696-v:49.000)-(t:5.705-v:48.000)-(t:5.716-v:46.000)-(t:5.724-v:44.000)-(t:5.730-v:43.000)-(t:5.737-v:42.000)-(t:5.746-v:41.000)-(t:5.752-v:40.000)-(t:5.762-v:37.000)-(t:5.777-v:36.000)-(t:5.788-v:35.000)-(t:5.794-v:34.000)-(t:5.800-v:33.000)-(t:5.809-v:32.000)-(t:5.815-v:31.000)-(t:5.822-v:30.000)-(t:5.828-v:28.000)-(t:5.834-v:27.000)-(t:5.852-v:26.000)-(t:5.897-v:25.000)-(t:5.932-v:24.000)-(t:5.941-v:23.000)-(t:5.956-v:22.000)-(t:5.961-v:21.000)-(t:5.973-v:20.000)-(t:6.021-v:19.000)-(t:6.032-v:18.000)-(t:6.055-v:17.000)-(t:6.064-v:16.000)-(t:6.084-v:15.000)-(t:6.094-v:13.000)-(t:6.102-v:12.000)-(t:6.119-v:11.000)-(t:6.173-v:10.000)-(t:6.185-v:9.000)-(t:6.201-v:8.000)-(t:6.210-v:7.000)-(t:6.230-v:6.000)-(t:6.260-v:5.000)-(t:6.313-v:4.000)-(t:6.328-v:3.000)-(t:6.348-v:2.000)-(t:8.402-v:1.000)-(t:11.799-v:0.000)],11.799
examples/csp/csp_100/carseq_100_8_20_72.txt,dqn,300,0,[(t:8.079-v:126.000)-(t:8.106-v:123.000)-(t:8.114-v:122.000)-(t:8.127-v:121.000)-(t:8.139-v:119.000)-(t:8.153-v:117.000)-(t:8.163-v:113.000)-(t:8.175-v:111.000)-(t:8.187-v:109.000)-(t:8.199-v:107.000)-(t:8.210-v:106.000)-(t:8.235-v:105.000)-(t:8.250-v:104.000)-(t:8.261-v:103.000)-(t:8.273-v:101.000)-(t:8.286-v:98.000)-(t:8.298-v:93.000)-(t:8.309-v:92.000)-(t:8.319-v:91.000)-(t:8.327-v:90.000)-(t:8.338-v:89.000)-(t:8.350-v:86.000)-(t:8.359-v:84.000)-(t:8.369-v:82.000)-(t:8.381-v:80.000)-(t:8.392-v:78.000)-(t:8.402-v:77.000)-(t:8.412-v:76.000)-(t:8.423-v:74.000)-(t:8.433-v:71.000)-(t:8.438-v:69.000)-(t:8.449-v:68.000)-(t:8.460-v:67.000)-(t:8.469-v:66.000)-(t:8.480-v:65.000)-(t:8.491-v:64.000)-(t:8.502-v:63.000)-(t:8.512-v:62.000)-(t:8.522-v:61.000)-(t:8.532-v:60.000)-(t:8.540-v:59.000)-(t:8.551-v:58.000)-(t:8.567-v:57.000)-(t:8.575-v:56.000)-(t:8.587-v:55.000)-(t:8.597-v:54.000)-(t:8.608-v:53.000)-(t:8.619-v:52.000)-(t:8.628-v:50.000)-(t:8.639-v:49.000)-(t:8.650-v:48.000)-(t:8.656-v:47.000)-(t:8.666-v:46.000)-(t:8.677-v:44.000)-(t:8.691-v:43.000)-(t:8.706-v:42.000)-(t:8.716-v:40.000)-(t:8.729-v:39.000)-(t:8.739-v:38.000)-(t:8.747-v:37.000)-(t:8.755-v:36.000)-(t:8.766-v:35.000)-(t:8.779-v:34.000)-(t:8.791-v:33.000)-(t:8.806-v:32.000)-(t:8.817-v:31.000)-(t:8.837-v:30.000)-(t:8.847-v:29.000)-(t:8.858-v:28.000)-(t:8.864-v:26.000)-(t:8.883-v:25.000)-(t:8.893-v:24.000)-(t:8.906-v:23.000)-(t:8.915-v:22.000)-(t:8.935-v:21.000)-(t:8.945-v:20.000)-(t:9.002-v:19.000)-(t:9.016-v:18.000)-(t:9.040-v:17.000)-(t:9.053-v:16.000)-(t:9.066-v:15.000)-(t:9.083-v:14.000)-(t:9.109-v:13.000)-(t:9.125-v:12.000)-(t:9.149-v:11.000)-(t:9.170-v:10.000)-(t:9.194-v:9.000)-(t:9.214-v:8.000)-(t:9.262-v:7.000)-(t:9.282-v:6.000)-(t:9.303-v:5.000)-(t:9.329-v:4.000)-(t:9.349-v:3.000)-(t:9.701-v:2.000)-(t:10.459-v:1.000)-(t:63.208-v:0.000)],63.208
examples/csp/csp_100/carseq_100_8_20_77.txt,dqn,300,0,[(t:7.551-v:117.000)-(t:7.572-v:113.000)-(t:7.582-v:112.000)-(t:7.593-v:111.000)-(t:7.605-v:110.000)-(t:7.637-v:109.000)-(t:7.645-v:108.000)-(t:7.660-v:106.000)-(t:7.672-v:105.000)-(t:7.686-v:103.000)-(t:7.697-v:102.000)-(t:7.707-v:98.000)-(t:7.717-v:97.000)-(t:7.729-v:94.000)-(t:7.741-v:93.000)-(t:7.751-v:92.000)-(t:7.758-v:90.000)-(t:7.766-v:89.000)-(t:7.777-v:88.000)-(t:7.790-v:87.000)-(t:7.800-v:86.000)-(t:7.812-v:85.000)-(t:7.824-v:83.000)-(t:7.835-v:82.000)-(t:7.847-v:81.000)-(t:7.856-v:79.000)-(t:7.863-v:78.000)-(t:7.872-v:77.000)-(t:7.884-v:76.000)-(t:7.895-v:73.000)-(t:7.905-v:72.000)-(t:7.917-v:71.000)-(t:7.927-v:67.000)-(t:7.939-v:66.000)-(t:7.948-v:65.000)-(t:7.967-v:64.000)-(t:7.975-v:63.000)-(t:7.987-v:61.000)-(t:7.996-v:60.000)-(t:8.008-v:59.000)-(t:8.017-v:57.000)-(t:8.028-v:55.000)-(t:8.039-v:54.000)-(t:8.049-v:53.000)-(t:8.060-v:52.000)-(t:8.073-v:51.000)-(t:8.079-v:50.000)-(t:8.090-v:49.000)-(t:8.104-v:47.000)-(t:8.109-v:46.000)-(t:8.120-v:45.000)-(t:8.131-v:44.000)-(t:8.143-v:43.000)-(t:8.153-v:42.000)-(t:8.163-v:41.000)-(t:8.174-v:40.000)-(t:8.187-v:39.000)-(t:8.192-v:37.000)-(t:8.199-v:35.000)-(t:8.204-v:34.000)-(t:8.217-v:32.000)-(t:8.228-v:31.000)-(t:8.241-v:29.000)-(t:8.258-v:28.000)-(t:8.325-v:27.000)-(t:8.339-v:26.000)-(t:8.350-v:25.000)-(t:8.365-v:23.000)-(t:8.377-v:22.000)-(t:8.400-v:21.000)-(t:8.420-v:20.000)-(t:8.428-v:19.000)-(t:8.434-v:18.000)-(t:8.446-v:17.000)-(t:8.461-v:16.000)-(t:8.479-v:13.000)-(t:8.496-v:12.000)-(t:8.511-v:11.000)-(t:8.527-v:10.000)-(t:8.547-v:9.000)-(t:8.560-v:8.000)-(t:8.569-v:7.000)-(t:8.601-v:6.000)-(t:8.631-v:5.000)-(t:8.644-v:4.000)-(t:9.013-v:3.000)-(t:9.055-v:2.000)-(t:9.634-v:1.000)-(t:19.036-v:0.000)],19.036
examples/csp/csp_100/16-81.txt,dqn,300,2,[(t:6.564-v:122.000)-(t:6.575-v:121.000)-(t:6.587-v:120.000)-(t:6.599-v:118.000)-(t:6.609-v:115.000)-(t:6.655-v:111.000)-(t:6.666-v:106.000)-(t:6.675-v:103.000)-(t:6.695-v:99.000)-(t:6.712-v:97.000)-(t:6.723-v:96.000)-(t:6.733-v:93.000)-(t:6.744-v:92.000)-(t:6.763-v:89.000)-(t:6.774-v:85.000)-(t:6.784-v:84.000)-(t:6.796-v:82.000)-(t:6.807-v:80.000)-(t:6.818-v:79.000)-(t:6.830-v:78.000)-(t:6.842-v:77.000)-(t:6.852-v:76.000)-(t:6.863-v:75.000)-(t:6.874-v:73.000)-(t:6.885-v:72.000)-(t:6.895-v:71.000)-(t:6.907-v:69.000)-(t:6.917-v:68.000)-(t:6.927-v:65.000)-(t:6.938-v:64.000)-(t:6.953-v:63.000)-(t:6.970-v:62.000)-(t:6.980-v:61.000)-(t:6.992-v:59.000)-(t:7.001-v:58.000)-(t:7.011-v:57.000)-(t:7.029-v:56.000)-(t:7.039-v:55.000)-(t:7.051-v:53.000)-(t:7.064-v:52.000)-(t:7.074-v:51.000)-(t:7.085-v:49.000)-(t:7.095-v:48.000)-(t:7.108-v:46.000)-(t:7.119-v:45.000)-(t:7.128-v:44.000)-(t:7.160-v:43.000)-(t:7.170-v:42.000)-(t:7.179-v:41.000)-(t:7.187-v:40.000)-(t:7.207-v:39.000)-(t:7.216-v:37.000)-(t:7.226-v:36.000)-(t:7.235-v:35.000)-(t:7.247-v:33.000)-(t:7.256-v:32.000)-(t:7.266-v:31.000)-(t:7.277-v:30.000)-(t:7.296-v:29.000)-(t:7.315-v:28.000)-(t:7.325-v:27.000)-(t:7.341-v:26.000)-(t:7.352-v:25.000)-(t:7.363-v:24.000)-(t:7.405-v:23.000)-(t:7.466-v:22.000)-(t:7.479-v:21.000)-(t:7.507-v:20.000)-(t:7.527-v:19.000)-(t:7.540-v:18.000)-(t:7.551-v:17.000)-(t:7.578-v:16.000)-(t:7.597-v:15.000)-(t:7.612-v:14.000)-(t:7.630-v:13.000)-(t:7.654-v:12.000)-(t:7.777-v:11.000)-(t:8.009-v:10.000)-(t:8.114-v:9.000)-(t:9.053-v:8.000)-(t:9.580-v:7.000)-(t:15.631-v:6.000)-(t:134.880-v:5.000)-(t:151.193-v:4.000)-(t:169.082-v:3.000)-(t:288.425-v:2.000)],300.000
examples/csp/csp_100/21-90.txt,dqn,300,2,[(t:6.631-v:105.000)-(t:6.643-v:103.000)-(t:6.651-v:99.000)-(t:6.662-v:95.000)-(t:6.669-v:90.000)-(t:6.683-v:88.000)-(t:6.690-v:86.000)-(t:6.696-v:85.000)-(t:6.703-v:83.000)-(t:6.710-v:79.000)-(t:6.717-v:77.000)-(t:6.725-v:75.000)-(t:6.732-v:74.000)-(t:6.738-v:73.000)-(t:6.744-v:72.000)-(t:6.752-v:69.000)-(t:6.759-v:67.000)-(t:6.765-v:66.000)-(t:6.772-v:65.000)-(t:6.778-v:64.000)-(t:6.785-v:63.000)-(t:6.791-v:62.000)-(t:6.798-v:61.000)-(t:6.804-v:60.000)-(t:6.811-v:59.000)-(t:6.818-v:58.000)-(t:6.824-v:57.000)-(t:6.834-v:56.000)-(t:6.841-v:54.000)-(t:6.848-v:53.000)-(t:6.854-v:51.000)-(t:6.861-v:50.000)-(t:6.868-v:49.000)-(t:6.874-v:48.000)-(t:6.881-v:47.000)-(t:6.887-v:46.000)-(t:6.893-v:45.000)-(t:6.902-v:44.000)-(t:6.908-v:43.000)-(t:6.915-v:42.000)-(t:6.921-v:41.000)-(t:6.930-v:40.000)-(t:6.937-v:38.000)-(t:6.944-v:36.000)-(t:6.952-v:35.000)-(t:6.960-v:34.000)-(t:6.967-v:33.000)-(t:6.975-v:32.000)-(t:6.983-v:31.000)-(t:6.992-v:29.000)-(t:6.998-v:28.000)-(t:7.006-v:27.000)-(t:7.018-v:26.000)-(t:7.028-v:25.000)-(t:7.052-v:24.000)-(t:7.061-v:23.000)-(t:7.071-v:22.000)-(t:7.078-v:21.000)-(t:7.099-v:20.000)-(t:7.141-v:19.000)-(t:7.173-v:18.000)-(t:7.184-v:17.000)-(t:7.191-v:16.000)-(t:7.198-v:15.000)-(t:7.208-v:14.000)-(t:7.237-v:13.000)-(t:7.254-v:12.000)-(t:7.268-v:11.000)-(t:7.305-v:10.000)-(t:7.337-v:9.000)-(t:7.347-v:8.000)-(t:7.361-v:7.000)-(t:7.831-v:6.000)-(t:7.873-v:5.000)-(t:27.741-v:4.000)-(t:28.077-v:3.000)-(t:43.175-v:2.000)],24.784
examples/csp/csp_100/36-92.txt,dqn,300,3,[(t:6.678-v:103.000)-(t:6.691-v:98.000)-(t:6.708-v:97.000)-(t:6.717-v:96.000)-(t:6.726-v:93.000)-(t:6.735-v:89.000)-(t:6.743-v:88.000)-(t:6.752-v:87.000)-(t:6.761-v:86.000)-(t:6.782-v:85.000)-(t:6.809-v:84.000)-(t:6.822-v:83.000)-(t:6.831-v:80.000)-(t:6.841-v:79.000)-(t:6.851-v:78.000)-(t:6.860-v:77.000)-(t:6.870-v:73.000)-(t:6.880-v:71.000)-(t:6.890-v:70.000)-(t:6.901-v:68.000)-(t:6.912-v:67.000)-(t:6.921-v:66.000)-(t:6.930-v:63.000)-(t:6.939-v:62.000)-(t:6.947-v:61.000)-(t:6.969-v:60.000)-(t:6.980-v:56.000)-(t:6.989-v:54.000)-(t:6.997-v:53.000)-(t:7.009-v:50.000)-(t:7.018-v:49.000)-(t:7.026-v:47.000)-(t:7.036-v:45.000)-(t:7.047-v:43.000)-(t:7.058-v:42.000)-(t:7.067-v:41.000)-(t:7.090-v:40.000)-(t:7.107-v:39.000)-(t:7.148-v:38.000)-(t:7.167-v:36.000)-(t:7.199-v:35.000)-(t:7.210-v:34.000)-(t:7.236-v:33.000)-(t:7.248-v:32.000)-(t:7.283-v:31.000)-(t:7.309-v:30.000)-(t:7.322-v:29.000)-(t:7.334-v:28.000)-(t:7.345-v:27.000)-(t:7.368-v:26.000)-(t:7.381-v:25.000)-(t:7.394-v:24.000)-(t:7.406-v:23.000)-(t:7.433-v:22.000)-(t:7.463-v:21.000)-(t:7.500-v:20.000)-(t:7.511-v:19.000)-(t:7.525-v:18.000)-(t:7.534-v:17.000)-(t:7.548-v:16.000)-(t:7.559-v:15.000)-(t:7.572-v:14.000)-(t:7.589-v:13.000)-(t:7.655-v:12.000)-(t:7.699-v:11.000)-(t:8.244-v:10.000)-(t:8.256-v:9.000)-(t:24.956-v:8.000)-(t:27.917-v:7.000)-(t:28.096-v:6.000)-(t:28.273-v:5.000)-(t:34.598-v:4.000)-(t:35.114-v:3.000)],115.889
examples/csp/csp_100/6-76.txt,dqn,300,6,[(t:5.879-v:100.000)-(t:5.891-v:97.000)-(t:5.900-v:95.000)-(t:5.912-v:93.000)-(t:5.919-v:92.000)-(t:5.926-v:91.000)-(t:5.933-v:90.000)-(t:5.941-v:87.000)-(t:5.948-v:86.000)-(t:5.956-v:85.000)-(t:5.963-v:84.000)-(t:5.981-v:82.000)-(t:5.989-v:81.000)-(t:5.996-v:78.000)-(t:6.004-v:77.000)-(t:6.012-v:76.000)-(t:6.018-v:75.000)-(t:6.025-v:74.000)-(t:6.033-v:73.000)-(t:6.039-v:72.000)-(t:6.046-v:71.000)-(t:6.053-v:68.000)-(t:6.060-v:66.000)-(t:6.067-v:65.000)-(t:6.074-v:63.000)-(t:6.082-v:60.000)-(t:6.089-v:59.000)-(t:6.100-v:58.000)-(t:6.107-v:55.000)-(t:6.114-v:54.000)-(t:6.122-v:51.000)-(t:6.129-v:50.000)-(t:6.136-v:49.000)-(t:6.143-v:48.000)-(t:6.150-v:47.000)-(t:6.156-v:46.000)-(t:6.164-v:44.000)-(t:6.172-v:43.000)-(t:6.179-v:41.000)-(t:6.188-v:40.000)-(t:6.203-v:39.000)-(t:6.212-v:38.000)-(t:6.221-v:37.000)-(t:6.229-v:36.000)-(t:6.236-v:35.000)-(t:6.247-v:34.000)-(t:6.266-v:33.000)-(t:6.274-v:31.000)-(t:6.282-v:30.000)-(t:6.290-v:29.000)-(t:6.297-v:28.000)-(t:6.321-v:27.000)-(t:6.330-v:26.000)-(t:6.372-v:25.000)-(t:6.387-v:24.000)-(t:6.396-v:23.000)-(t:6.406-v:22.000)-(t:6.486-v:21.000)-(t:6.496-v:20.000)-(t:6.512-v:19.000)-(t:6.522-v:18.000)-(t:6.532-v:17.000)-(t:6.547-v:16.000)-(t:6.559-v:15.000)-(t:6.572-v:14.000)-(t:6.590-v:13.000)-(t:6.607-v:12.000)-(t:6.626-v:11.000)-(t:6.648-v:10.000)-(t:6.664-v:9.000)-(t:6.723-v:8.000)-(t:6.770-v:7.000)-(t:17.785-v:6.000)],8.099
examples/csp/csp_100/carseq_100_8_20_90.txt,dqn,300,0,[(t:5.617-v:113.000)-(t:5.644-v:110.000)-(t:5.651-v:109.000)-(t:5.662-v:106.000)-(t:5.674-v:105.000)-(t:5.682-v:104.000)-(t:5.693-v:102.000)-(t:5.699-v:101.000)-(t:5.709-v:100.000)-(t:5.718-v:98.000)-(t:5.726-v:97.000)-(t:5.735-v:95.000)-(t:5.743-v:94.000)-(t:5.752-v:91.000)-(t:5.760-v:90.000)-(t:5.768-v:88.000)-(t:5.776-v:86.000)-(t:5.784-v:83.000)-(t:5.792-v:82.000)-(t:5.797-v:81.000)-(t:5.803-v:79.000)-(t:5.809-v:78.000)-(t:5.816-v:76.000)-(t:5.823-v:75.000)-(t:5.830-v:74.000)-(t:5.838-v:73.000)-(t:5.844-v:72.000)-(t:5.850-v:71.000)-(t:5.857-v:70.000)-(t:5.864-v:69.000)-(t:5.870-v:67.000)-(t:5.879-v:66.000)-(t:5.885-v:65.000)-(t:5.892-v:64.000)-(t:5.898-v:63.000)-(t:5.905-v:60.000)-(t:5.910-v:58.000)-(t:5.916-v:57.000)-(t:5.923-v:56.000)-(t:5.928-v:55.000)-(t:5.938-v:54.000)-(t:5.954-v:53.000)-(t:5.961-v:52.000)-(t:5.972-v:51.000)-(t:5.978-v:50.000)-(t:5.984-v:48.000)-(t:5.991-v:47.000)-(t:5.999-v:46.000)-(t:6.005-v:45.000)-(t:6.011-v:44.000)-(t:6.017-v:41.000)-(t:6.032-v:40.000)-(t:6.039-v:38.000)-(t:6.047-v:37.000)-(t:6.053-v:36.000)-(t:6.066-v:35.000)-(t:6.073-v:33.000)-(t:6.081-v:32.000)-(t:6.088-v:31.000)-(t:6.107-v:30.000)-(t:6.122-v:29.000)-(t:6.130-v:28.000)-(t:6.139-v:27.000)-(t:6.148-v:25.000)-(t:6.161-v:24.000)-(t:6.171-v:23.000)-(t:6.180-v:22.000)-(t:6.189-v:21.000)-(t:6.198-v:20.000)-(t:6.222-v:19.000)-(t:6.230-v:18.000)-(t:6.243-v:17.000)-(t:6.270-v:16.000)-(t:6.294-v:15.000)-(t:6.318-v:14.000)-(t:6.326-v:13.000)-(t:6.334-v:12.000)-(t:6.342-v:11.000)-(t:6.363-v:10.000)-(t:6.398-v:9.000)-(t:6.415-v:8.000)-(t:6.425-v:7.000)-(t:6.480-v:6.000)-(t:6.504-v:5.000)-(t:6.527-v:4.000)-(t:6.544-v:3.000)-(t:6.786-v:2.000)-(t:9.470-v:1.000)-(t:19.165-v:0.000)],19.165
examples/csp/csp_100/carseq_100_8_20_71.txt,dqn,300,1,[(t:8.052-v:106.000)-(t:8.076-v:105.000)-(t:8.088-v:104.000)-(t:8.099-v:103.000)-(t:8.126-v:102.000)-(t:8.137-v:98.000)-(t:8.157-v:97.000)-(t:8.174-v:96.000)-(t:8.186-v:95.000)-(t:8.199-v:93.000)-(t:8.214-v:92.000)-(t:8.224-v:91.000)-(t:8.235-v:89.000)-(t:8.250-v:87.000)-(t:8.258-v:86.000)-(t:8.269-v:85.000)-(t:8.279-v:83.000)-(t:8.289-v:79.000)-(t:8.300-v:78.000)-(t:8.310-v:77.000)-(t:8.322-v:76.000)-(t:8.333-v:75.000)-(t:8.344-v:74.000)-(t:8.356-v:73.000)-(t:8.362-v:72.000)-(t:8.373-v:71.000)-(t:8.389-v:70.000)-(t:8.400-v:69.000)-(t:8.411-v:68.000)-(t:8.422-v:67.000)-(t:8.433-v:66.000)-(t:8.443-v:65.000)-(t:8.453-v:63.000)-(t:8.465-v:62.000)-(t:8.470-v:61.000)-(t:8.480-v:57.000)-(t:8.491-v:56.000)-(t:8.500-v:54.000)-(t:8.510-v:51.000)-(t:8.520-v:50.000)-(t:8.529-v:49.000)-(t:8.540-v:48.000)-(t:8.557-v:47.000)-(t:8.567-v:46.000)-(t:8.573-v:45.000)-(t:8.584-v:44.000)-(t:8.594-v:43.000)-(t:8.603-v:42.000)-(t:8.613-v:40.000)-(t:8.625-v:39.000)-(t:8.644-v:38.000)-(t:8.656-v:37.000)-(t:8.668-v:36.000)-(t:8.677-v:35.000)-(t:8.700-v:34.000)-(t:8.710-v:33.000)-(t:8.721-v:32.000)-(t:8.732-v:31.000)-(t:8.745-v:30.000)-(t:8.758-v:29.000)-(t:8.770-v:28.000)-(t:8.782-v:27.000)-(t:8.807-v:26.000)-(t:8.830-v:25.000)-(t:8.889-v:24.000)-(t:8.934-v:23.000)-(t:8.946-v:22.000)-(t:8.994-v:21.000)-(t:9.005-v:20.000)-(t:9.019-v:19.000)-(t:9.049-v:18.000)-(t:9.091-v:17.000)-(t:9.115-v:16.000)-(t:9.130-v:15.000)-(t:9.146-v:13.000)-(t:9.233-v:12.000)-(t:9.257-v:11.000)-(t:9.268-v:10.000)-(t:9.281-v:9.000)-(t:9.305-v:8.000)-(t:9.330-v:7.000)-(t:9.354-v:6.000)-(t:15.734-v:5.000)-(t:23.711-v:4.000)-(t:24.097-v:3.000)-(t:24.296-v:2.000)-(t:128.932-v:1.000)],300.000
examples/csp/csp_100/carseq_100_8_20_94.txt,dqn,300,0,[(t:7.003-v:123.000)-(t:7.024-v:118.000)-(t:7.033-v:112.000)-(t:7.040-v:110.000)-(t:7.048-v:108.000)-(t:7.075-v:106.000)-(t:7.085-v:105.000)-(t:7.093-v:104.000)-(t:7.101-v:103.000)-(t:7.107-v:102.000)-(t:7.113-v:98.000)-(t:7.122-v:97.000)-(t:7.133-v:96.000)-(t:7.139-v:95.000)-(t:7.152-v:94.000)-(t:7.158-v:91.000)-(t:7.164-v:88.000)-(t:7.170-v:87.000)-(t:7.177-v:84.000)-(t:7.184-v:82.000)-(t:7.190-v:80.000)-(t:7.224-v:79.000)-(t:7.231-v:78.000)-(t:7.239-v:77.000)-(t:7.245-v:76.000)-(t:7.268-v:73.000)-(t:7.275-v:72.000)-(t:7.288-v:69.000)-(t:7.295-v:67.000)-(t:7.303-v:65.000)-(t:7.310-v:64.000)-(t:7.321-v:62.000)-(t:7.347-v:61.000)-(t:7.358-v:60.000)-(t:7.368-v:58.000)-(t:7.376-v:57.000)-(t:7.384-v:56.000)-(t:7.392-v:54.000)-(t:7.403-v:52.000)-(t:7.412-v:51.000)-(t:7.419-v:50.000)-(t:7.426-v:49.000)-(t:7.434-v:48.000)-(t:7.442-v:46.000)-(t:7.459-v:45.000)-(t:7.469-v:44.000)-(t:7.479-v:43.000)-(t:7.485-v:42.000)-(t:7.493-v:41.000)-(t:7.500-v:40.000)-(t:7.507-v:39.000)-(t:7.513-v:38.000)-(t:7.520-v:37.000)-(t:7.530-v:36.000)-(t:7.536-v:34.000)-(t:7.542-v:32.000)-(t:7.548-v:31.000)-(t:7.555-v:30.000)-(t:7.564-v:29.000)-(t:7.606-v:28.000)-(t:7.613-v:27.000)-(t:7.619-v:26.000)-(t:7.626-v:25.000)-(t:7.640-v:24.000)-(t:7.657-v:23.000)-(t:7.664-v:21.000)-(t:7.671-v:20.000)-(t:7.680-v:19.000)-(t:7.745-v:18.000)-(t:7.756-v:17.000)-(t:7.803-v:16.000)-(t:7.816-v:15.000)-(t:7.846-v:14.000)-(t:7.889-v:13.000)-(t:7.914-v:12.000)-(t:7.932-v:11.000)-(t:7.963-v:10.000)-(t:7.984-v:9.000)-(t:8.001-v:8.000)-(t:8.008-v:7.000)-(t:8.022-v:6.000)-(t:8.263-v:5.000)-(t:8.358-v:4.000)-(t:8.376-v:3.000)-(t:12.982-v:2.000)-(t:13.072-v:1.000)-(t:16.111-v:0.000)],16.111
examples/csp/csp_100/carseq_100_8_20_81.txt,dqn,300,1,[(t:6.060-v:131.000)-(t:6.077-v:125.000)-(t:6.100-v:124.000)-(t:6.109-v:123.000)-(t:6.118-v:121.000)-(t:6.126-v:120.000)-(t:6.136-v:116.000)-(t:6.151-v:115.000)-(t:6.161-v:113.000)-(t:6.175-v:111.000)-(t:6.184-v:110.000)-(t:6.194-v:109.000)-(t:6.203-v:107.000)-(t:6.215-v:103.000)-(t:6.224-v:102.000)-(t:6.233-v:101.000)-(t:6.242-v:100.000)-(t:6.251-v:99.000)-(t:6.259-v:98.000)-(t:6.268-v:94.000)-(t:6.276-v:92.000)-(t:6.285-v:90.000)-(t:6.293-v:88.000)-(t:6.301-v:85.000)-(t:6.310-v:84.000)-(t:6.319-v:83.000)-(t:6.327-v:81.000)-(t:6.335-v:80.000)-(t:6.343-v:79.000)-(t:6.351-v:76.000)-(t:6.359-v:75.000)-(t:6.367-v:74.000)-(t:6.375-v:73.000)-(t:6.385-v:72.000)-(t:6.393-v:71.000)-(t:6.401-v:69.000)-(t:6.409-v:67.000)-(t:6.418-v:65.000)-(t:6.428-v:61.000)-(t:6.436-v:60.000)-(t:6.448-v:58.000)-(t:6.458-v:57.000)-(t:6.467-v:56.000)-(t:6.479-v:54.000)-(t:6.488-v:53.000)-(t:6.498-v:52.000)-(t:6.507-v:51.000)-(t:6.516-v:50.000)-(t:6.522-v:49.000)-(t:6.529-v:48.000)-(t:6.536-v:47.000)-(t:6.542-v:45.000)-(t:6.547-v:44.000)-(t:6.554-v:41.000)-(t:6.561-v:39.000)-(t:6.567-v:38.000)-(t:6.573-v:37.000)-(t:6.579-v:36.000)-(t:6.586-v:35.000)-(t:6.603-v:33.000)-(t:6.610-v:32.000)-(t:6.616-v:30.000)-(t:6.621-v:29.000)-(t:6.628-v:28.000)-(t:6.644-v:27.000)-(t:6.689-v:26.000)-(t:6.696-v:24.000)-(t:6.703-v:23.000)-(t:6.710-v:22.000)-(t:6.722-v:21.000)-(t:6.728-v:20.000)-(t:6.738-v:19.000)-(t:6.746-v:18.000)-(t:6.755-v:17.000)-(t:6.766-v:16.000)-(t:6.778-v:15.000)-(t:6.789-v:14.000)-(t:6.903-v:13.000)-(t:6.911-v:12.000)-(t:6.922-v:11.000)-(t:6.944-v:10.000)-(t:6.951-v:9.000)-(t:6.964-v:8.000)-(t:6.987-v:7.000)-(t:7.006-v:6.000)-(t:7.212-v:5.000)-(t:7.271-v:4.000)-(t:7.288-v:3.000)-(t:10.077-v:2.000)-(t:19.510-v:1.000)],300.000
examples/csp/csp_100/carseq_100_8_20_82.txt,dqn,300,1,[(t:5.870-v:170.000)-(t:5.883-v:167.000)-(t:5.896-v:165.000)-(t:5.917-v:163.000)-(t:5.934-v:160.000)-(t:5.941-v:159.000)-(t:5.954-v:156.000)-(t:5.962-v:154.000)-(t:5.970-v:151.000)-(t:5.979-v:149.000)-(t:5.989-v:145.000)-(t:5.998-v:143.000)-(t:6.008-v:142.000)-(t:6.021-v:140.000)-(t:6.030-v:139.000)-(t:6.039-v:135.000)-(t:6.047-v:134.000)-(t:6.059-v:130.000)-(t:6.067-v:127.000)-(t:6.075-v:126.000)-(t:6.084-v:123.000)-(t:6.091-v:122.000)-(t:6.099-v:120.000)-(t:6.107-v:117.000)-(t:6.114-v:115.000)-(t:6.125-v:113.000)-(t:6.133-v:112.000)-(t:6.141-v:111.000)-(t:6.148-v:110.000)-(t:6.170-v:108.000)-(t:6.180-v:107.000)-(t:6.185-v:106.000)-(t:6.191-v:104.000)-(t:6.198-v:103.000)-(t:6.205-v:100.000)-(t:6.212-v:95.000)-(t:6.218-v:92.000)-(t:6.223-v:90.000)-(t:6.228-v:89.000)-(t:6.234-v:88.000)-(t:6.240-v:86.000)-(t:6.246-v:85.000)-(t:6.251-v:81.000)-(t:6.259-v:80.000)-(t:6.265-v:79.000)-(t:6.271-v:78.000)-(t:6.285-v:77.000)-(t:6.293-v:76.000)-(t:6.299-v:74.000)-(t:6.310-v:73.000)-(t:6.317-v:72.000)-(t:6.325-v:71.000)-(t:6.334-v:69.000)-(t:6.343-v:68.000)-(t:6.349-v:67.000)-(t:6.355-v:66.000)-(t:6.362-v:65.000)-(t:6.369-v:62.000)-(t:6.376-v:61.000)-(t:6.382-v:60.000)-(t:6.390-v:59.000)-(t:6.395-v:56.000)-(t:6.403-v:54.000)-(t:6.410-v:51.000)-(t:6.417-v:50.000)-(t:6.427-v:48.000)-(t:6.433-v:47.000)-(t:6.439-v:46.000)-(t:6.449-v:45.000)-(t:6.456-v:42.000)-(t:6.464-v:41.000)-(t:6.471-v:40.000)-(t:6.483-v:39.000)-(t:6.493-v:38.000)-(t:6.499-v:37.000)-(t:6.507-v:36.000)-(t:6.522-v:35.000)-(t:6.540-v:33.000)-(t:6.551-v:32.000)-(t:6.587-v:31.000)-(t:6.599-v:29.000)-(t:6.627-v:28.000)-(t:6.635-v:27.000)-(t:6.644-v:26.000)-(t:6.654-v:25.000)-(t:6.664-v:24.000)-(t:6.675-v:23.000)-(t:6.684-v:22.000)-(t:6.696-v:21.000)-(t:6.735-v:20.000)-(t:6.778-v:19.000)-(t:6.820-v:18.000)-(t:6.883-v:17.000)-(t:6.899-v:16.000)-(t:6.905-v:15.000)-(t:6.931-v:14.000)-(t:6.950-v:13.000)-(t:6.991-v:12.000)-(t:7.002-v:11.000)-(t:7.377-v:10.000)-(t:7.412-v:9.000)-(t:10.470-v:8.000)-(t:10.560-v:7.000)-(t:10.757-v:6.000)-(t:10.838-v:5.000)-(t:16.328-v:4.000)-(t:42.955-v:3.000)-(t:100.666-v:2.000)-(t:115.555-v:1.000)],300.000
examples/csp/csp_200/pb_200_06.txt,dqn,300,,,
examples/csp/csp_100/carseq_100_8_20_86.txt,dqn,300,0,[(t:8.670-v:139.000)-(t:8.702-v:138.000)-(t:8.721-v:135.000)-(t:8.733-v:134.000)-(t:8.744-v:129.000)-(t:8.753-v:128.000)-(t:8.762-v:127.000)-(t:8.780-v:125.000)-(t:8.793-v:123.000)-(t:8.806-v:121.000)-(t:8.813-v:119.000)-(t:8.821-v:118.000)-(t:8.833-v:114.000)-(t:8.844-v:113.000)-(t:8.856-v:112.000)-(t:8.868-v:111.000)-(t:8.876-v:106.000)-(t:8.886-v:105.000)-(t:8.894-v:103.000)-(t:8.905-v:98.000)-(t:8.917-v:97.000)-(t:8.923-v:96.000)-(t:8.929-v:93.000)-(t:8.942-v:92.000)-(t:8.955-v:91.000)-(t:8.966-v:90.000)-(t:8.978-v:89.000)-(t:8.983-v:88.000)-(t:8.993-v:85.000)-(t:9.005-v:84.000)-(t:9.016-v:83.000)-(t:9.026-v:82.000)-(t:9.033-v:81.000)-(t:9.043-v:80.000)-(t:9.055-v:79.000)-(t:9.068-v:78.000)-(t:9.080-v:74.000)-(t:9.086-v:73.000)-(t:9.095-v:72.000)-(t:9.106-v:71.000)-(t:9.117-v:70.000)-(t:9.128-v:68.000)-(t:9.133-v:67.000)-(t:9.145-v:66.000)-(t:9.156-v:64.000)-(t:9.167-v:63.000)-(t:9.176-v:62.000)-(t:9.184-v:61.000)-(t:9.195-v:59.000)-(t:9.206-v:57.000)-(t:9.215-v:56.000)-(t:9.229-v:55.000)-(t:9.234-v:54.000)-(t:9.240-v:53.000)-(t:9.252-v:52.000)-(t:9.261-v:51.000)-(t:9.271-v:49.000)-(t:9.288-v:48.000)-(t:9.294-v:46.000)-(t:9.309-v:45.000)-(t:9.320-v:44.000)-(t:9.331-v:43.000)-(t:9.340-v:42.000)-(t:9.350-v:41.000)-(t:9.361-v:40.000)-(t:9.374-v:39.000)-(t:9.408-v:37.000)-(t:9.438-v:36.000)-(t:9.448-v:35.000)-(t:9.459-v:34.000)-(t:9.478-v:33.000)-(t:9.509-v:32.000)-(t:9.547-v:31.000)-(t:9.584-v:30.000)-(t:9.593-v:29.000)-(t:9.604-v:28.000)-(t:9.614-v:27.000)-(t:9.629-v:26.000)-(t:9.672-v:25.000)-(t:9.700-v:24.000)-(t:9.738-v:23.000)-(t:9.752-v:22.000)-(t:9.762-v:21.000)-(t:9.771-v:19.000)-(t:9.786-v:17.000)-(t:9.847-v:15.000)-(t:9.883-v:14.000)-(t:9.902-v:13.000)-(t:9.951-v:12.000)-(t:9.973-v:11.000)-(t:9.996-v:10.000)-(t:10.013-v:9.000)-(t:10.278-v:8.000)-(t:10.347-v:7.000)-(t:26.413-v:6.000)-(t:35.999-v:5.000)-(t:50.070-v:4.000)-(t:72.976-v:3.000)-(t:73.163-v:2.000)-(t:125.377-v:1.000)-(t:182.572-v:0.000)],182.572
examples/csp/csp_200/pb_200_07.txt,dqn,300,,,
examples/csp/csp_200/pb_200_08.txt,dqn,300,,,
examples/csp/csp_200/pb_200_09.txt,dqn,300,,,
examples/csp/csp_200/pb_200_10.txt,dqn,300,,,
examples/csp/csp_300/carseq_300_8_20_38.txt,dqn,300,,,
examples/csp/csp_300/carseq_300_8_20_40.txt,dqn,300,,,
examples/csp/csp_300/carseq_300_8_20_45.txt,dqn,300,,,
examples/csp/csp_300/carseq_300_8_20_47.txt,dqn,300,,,
examples/csp/csp_300/carseq_300_8_20_53.txt,dqn,300,,,
examples/csp/csp_300/carseq_300_8_20_56.txt,dqn,300,,,
examples/csp/csp_300/carseq_300_8_20_62.txt,dqn,300,,,
examples/csp/csp_300/carseq_300_8_20_76.txt,dqn,300,,,
examples/csp/csp_100/carseq_100_8_20_85.txt,dqn,300,1,[(t:8.325-v:106.000)-(t:8.375-v:105.000)-(t:8.391-v:99.000)-(t:8.406-v:96.000)-(t:8.416-v:95.000)-(t:8.424-v:94.000)-(t:8.432-v:93.000)-(t:8.445-v:90.000)-(t:8.456-v:87.000)-(t:8.464-v:86.000)-(t:8.475-v:85.000)-(t:8.483-v:83.000)-(t:8.492-v:82.000)-(t:8.500-v:81.000)-(t:8.510-v:79.000)-(t:8.519-v:78.000)-(t:8.528-v:75.000)-(t:8.537-v:74.000)-(t:8.546-v:72.000)-(t:8.553-v:71.000)-(t:8.562-v:70.000)-(t:8.570-v:69.000)-(t:8.578-v:68.000)-(t:8.587-v:65.000)-(t:8.598-v:64.000)-(t:8.606-v:63.000)-(t:8.616-v:61.000)-(t:8.625-v:58.000)-(t:8.633-v:57.000)-(t:8.643-v:56.000)-(t:8.651-v:55.000)-(t:8.659-v:54.000)-(t:8.670-v:53.000)-(t:8.677-v:52.000)-(t:8.686-v:51.000)-(t:8.694-v:50.000)-(t:8.703-v:49.000)-(t:8.712-v:48.000)-(t:8.723-v:46.000)-(t:8.734-v:45.000)-(t:8.743-v:44.000)-(t:8.752-v:43.000)-(t:8.764-v:42.000)-(t:8.771-v:41.000)-(t:8.778-v:40.000)-(t:8.788-v:39.000)-(t:8.794-v:38.000)-(t:8.800-v:37.000)-(t:8.806-v:36.000)-(t:8.822-v:35.000)-(t:8.829-v:33.000)-(t:8.836-v:32.000)-(t:8.843-v:31.000)-(t:8.851-v:30.000)-(t:8.859-v:29.000)-(t:8.879-v:27.000)-(t:8.886-v:26.000)-(t:8.910-v:25.000)-(t:8.933-v:24.000)-(t:8.942-v:23.000)-(t:9.007-v:22.000)-(t:9.019-v:21.000)-(t:9.027-v:20.000)-(t:9.064-v:19.000)-(t:9.087-v:18.000)-(t:9.096-v:17.000)-(t:9.132-v:16.000)-(t:9.143-v:15.000)-(t:9.165-v:14.000)-(t:9.256-v:13.000)-(t:9.267-v:12.000)-(t:9.283-v:11.000)-(t:9.300-v:10.000)-(t:9.663-v:9.000)-(t:12.997-v:8.000)-(t:13.088-v:7.000)-(t:19.559-v:6.000)-(t:21.733-v:5.000)-(t:26.273-v:4.000)-(t:29.905-v:3.000)-(t:29.986-v:2.000)-(t:276.430-v:1.000)],300.000
examples/csp/csp_300/carseq_300_8_20_78.txt,dqn,300,,,
examples/csp/csp_100/carseq_100_8_20_88.txt,dqn,300,1,[(t:6.949-v:152.000)-(t:6.970-v:149.000)-(t:6.979-v:147.000)-(t:6.992-v:143.000)-(t:7.007-v:141.000)-(t:7.018-v:140.000)-(t:7.027-v:136.000)-(t:7.034-v:135.000)-(t:7.041-v:133.000)-(t:7.049-v:132.000)-(t:7.056-v:130.000)-(t:7.063-v:129.000)-(t:7.069-v:127.000)-(t:7.076-v:125.000)-(t:7.083-v:124.000)-(t:7.089-v:122.000)-(t:7.097-v:121.000)-(t:7.104-v:118.000)-(t:7.110-v:116.000)-(t:7.116-v:114.000)-(t:7.123-v:113.000)-(t:7.129-v:110.000)-(t:7.138-v:109.000)-(t:7.144-v:108.000)-(t:7.149-v:107.000)-(t:7.156-v:106.000)-(t:7.164-v:105.000)-(t:7.170-v:104.000)-(t:7.177-v:103.000)-(t:7.190-v:102.000)-(t:7.197-v:101.000)-(t:7.205-v:100.000)-(t:7.212-v:97.000)-(t:7.219-v:96.000)-(t:7.226-v:95.000)-(t:7.234-v:94.000)-(t:7.241-v:93.000)-(t:7.248-v:91.000)-(t:7.255-v:90.000)-(t:7.262-v:89.000)-(t:7.270-v:87.000)-(t:7.277-v:85.000)-(t:7.284-v:83.000)-(t:7.293-v:82.000)-(t:7.302-v:81.000)-(t:7.308-v:80.000)-(t:7.315-v:77.000)-(t:7.324-v:75.000)-(t:7.332-v:74.000)-(t:7.341-v:73.000)-(t:7.351-v:72.000)-(t:7.363-v:71.000)-(t:7.373-v:70.000)-(t:7.379-v:67.000)-(t:7.389-v:66.000)-(t:7.398-v:65.000)-(t:7.407-v:64.000)-(t:7.415-v:63.000)-(t:7.423-v:62.000)-(t:7.430-v:60.000)-(t:7.437-v:59.000)-(t:7.445-v:58.000)-(t:7.454-v:57.000)-(t:7.462-v:56.000)-(t:7.468-v:55.000)-(t:7.477-v:54.000)-(t:7.484-v:52.000)-(t:7.499-v:51.000)-(t:7.507-v:50.000)-(t:7.513-v:48.000)-(t:7.520-v:47.000)-(t:7.529-v:46.000)-(t:7.536-v:45.000)-(t:7.543-v:44.000)-(t:7.550-v:43.000)-(t:7.567-v:42.000)-(t:7.574-v:41.000)-(t:7.588-v:40.000)-(t:7.596-v:39.000)-(t:7.603-v:38.000)-(t:7.612-v:37.000)-(t:7.621-v:36.000)-(t:7.640-v:34.000)-(t:7.656-v:33.000)-(t:7.664-v:32.000)-(t:7.682-v:31.000)-(t:7.704-v:30.000)-(t:7.712-v:29.000)-(t:7.761-v:28.000)-(t:7.820-v:27.000)-(t:7.828-v:26.000)-(t:7.836-v:25.000)-(t:7.845-v:24.000)-(t:7.874-v:23.000)-(t:7.884-v:22.000)-(t:7.899-v:21.000)-(t:7.909-v:20.000)-(t:7.932-v:19.000)-(t:7.942-v:18.000)-(t:8.000-v:17.000)-(t:8.008-v:16.000)-(t:8.020-v:15.000)-(t:8.029-v:14.000)-(t:8.090-v:13.000)-(t:8.107-v:12.000)-(t:8.131-v:11.000)-(t:8.159-v:10.000)-(t:9.357-v:9.000)-(t:9.439-v:8.000)-(t:9.544-v:7.000)-(t:9.624-v:6.000)-(t:9.710-v:5.000)-(t:9.808-v:4.000)-(t:11.814-v:3.000)-(t:11.918-v:2.000)-(t:12.606-v:1.000)],300.000
examples/csp/csp_300/carseq_300_8_20_80.txt,dqn,300,,,
examples/csp/csp_300/carseq_300_8_20_81.txt,dqn,300,,,
examples/csp/csp_300/pb_300_06.txt,dqn,300,,,
examples/csp/csp_300/pb_300_07.txt,dqn,300,,,
examples/csp/csp_300/pb_300_08.txt,dqn,300,,,
examples/csp/csp_300/pb_300_09.txt,dqn,300,,,
examples/csp/csp_300/pb_300_10.txt,dqn,300,,,
examples/csp/csp_100/carseq_100_8_20_98.txt,dqn,300,3,[(t:10.194-v:135.000)-(t:10.209-v:132.000)-(t:10.232-v:129.000)-(t:10.246-v:123.000)-(t:10.253-v:122.000)-(t:10.289-v:120.000)-(t:10.308-v:119.000)-(t:10.322-v:117.000)-(t:10.339-v:116.000)-(t:10.347-v:115.000)-(t:10.361-v:114.000)-(t:10.374-v:113.000)-(t:10.385-v:111.000)-(t:10.399-v:107.000)-(t:10.411-v:104.000)-(t:10.423-v:103.000)-(t:10.435-v:102.000)-(t:10.444-v:101.000)-(t:10.457-v:96.000)-(t:10.470-v:92.000)-(t:10.483-v:90.000)-(t:10.494-v:88.000)-(t:10.514-v:87.000)-(t:10.525-v:84.000)-(t:10.538-v:83.000)-(t:10.545-v:81.000)-(t:10.557-v:80.000)-(t:10.573-v:78.000)-(t:10.591-v:77.000)-(t:10.603-v:76.000)-(t:10.614-v:75.000)-(t:10.625-v:74.000)-(t:10.637-v:72.000)-(t:10.650-v:70.000)-(t:10.662-v:68.000)-(t:10.672-v:67.000)-(t:10.689-v:64.000)-(t:10.705-v:63.000)-(t:10.717-v:62.000)-(t:10.735-v:61.000)-(t:10.742-v:59.000)-(t:10.749-v:58.000)-(t:10.759-v:57.000)-(t:10.770-v:56.000)-(t:10.782-v:55.000)-(t:10.794-v:54.000)-(t:10.801-v:53.000)-(t:10.810-v:52.000)-(t:10.821-v:51.000)-(t:10.832-v:50.000)-(t:10.842-v:49.000)-(t:10.848-v:47.000)-(t:10.860-v:46.000)-(t:10.871-v:44.000)-(t:10.885-v:43.000)-(t:10.898-v:42.000)-(t:10.909-v:41.000)-(t:10.920-v:40.000)-(t:10.931-v:39.000)-(t:10.955-v:38.000)-(t:10.970-v:37.000)-(t:10.980-v:36.000)-(t:11.011-v:35.000)-(t:11.023-v:33.000)-(t:11.035-v:32.000)-(t:11.082-v:31.000)-(t:11.094-v:30.000)-(t:11.104-v:29.000)-(t:11.117-v:28.000)-(t:11.135-v:27.000)-(t:11.149-v:26.000)-(t:11.169-v:25.000)-(t:11.180-v:24.000)-(t:11.208-v:23.000)-(t:11.225-v:22.000)-(t:11.240-v:21.000)-(t:11.293-v:20.000)-(t:11.310-v:19.000)-(t:11.333-v:18.000)-(t:11.372-v:17.000)-(t:11.391-v:16.000)-(t:11.437-v:15.000)-(t:11.485-v:14.000)-(t:11.504-v:13.000)-(t:11.523-v:12.000)-(t:11.581-v:11.000)-(t:11.811-v:10.000)-(t:11.826-v:9.000)-(t:11.892-v:8.000)-(t:11.927-v:7.000)-(t:18.059-v:6.000)-(t:29.049-v:5.000)-(t:30.989-v:4.000)-(t:33.333-v:3.000)],300.000
examples/csp/csp_100/carseq_100_8_20_99.txt,dqn,300,1,[(t:9.431-v:127.000)-(t:9.445-v:124.000)-(t:9.465-v:123.000)-(t:9.474-v:120.000)-(t:9.490-v:119.000)-(t:9.503-v:118.000)-(t:9.515-v:115.000)-(t:9.527-v:112.000)-(t:9.538-v:111.000)-(t:9.552-v:110.000)-(t:9.562-v:109.000)-(t:9.567-v:107.000)-(t:9.573-v:106.000)-(t:9.579-v:104.000)-(t:9.589-v:103.000)-(t:9.599-v:102.000)-(t:9.609-v:100.000)-(t:9.619-v:98.000)-(t:9.628-v:97.000)-(t:9.645-v:95.000)-(t:9.657-v:94.000)-(t:9.668-v:91.000)-(t:9.675-v:90.000)-(t:9.681-v:89.000)-(t:9.687-v:87.000)-(t:9.693-v:86.000)-(t:9.699-v:84.000)-(t:9.705-v:83.000)-(t:9.713-v:82.000)-(t:9.723-v:78.000)-(t:9.733-v:77.000)-(t:9.744-v:75.000)-(t:9.759-v:74.000)-(t:9.772-v:73.000)-(t:9.785-v:72.000)-(t:9.797-v:69.000)-(t:9.805-v:68.000)-(t:9.815-v:67.000)-(t:9.827-v:66.000)-(t:9.839-v:65.000)-(t:9.850-v:63.000)-(t:9.856-v:61.000)-(t:9.867-v:60.000)-(t:9.876-v:59.000)-(t:9.888-v:58.000)-(t:9.899-v:57.000)-(t:9.905-v:56.000)-(t:9.916-v:55.000)-(t:9.927-v:54.000)-(t:9.937-v:53.000)-(t:9.947-v:50.000)-(t:9.955-v:49.000)-(t:9.962-v:47.000)-(t:9.971-v:46.000)-(t:9.980-v:45.000)-(t:9.992-v:44.000)-(t:10.002-v:43.000)-(t:10.007-v:42.000)-(t:10.026-v:41.000)-(t:10.034-v:40.000)-(t:10.050-v:39.000)-(t:10.061-v:38.000)-(t:10.071-v:37.000)-(t:10.083-v:36.000)-(t:10.093-v:35.000)-(t:10.102-v:34.000)-(t:10.112-v:33.000)-(t:10.122-v:32.000)-(t:10.139-v:31.000)-(t:10.169-v:30.000)-(t:10.196-v:28.000)-(t:10.214-v:27.000)-(t:10.238-v:26.000)-(t:10.273-v:25.000)-(t:10.280-v:24.000)-(t:10.295-v:23.000)-(t:10.335-v:22.000)-(t:10.341-v:21.000)-(t:10.350-v:20.000)-(t:10.407-v:19.000)-(t:10.422-v:18.000)-(t:10.466-v:17.000)-(t:10.479-v:16.000)-(t:10.492-v:15.000)-(t:10.517-v:14.000)-(t:10.527-v:13.000)-(t:10.543-v:12.000)-(t:10.574-v:11.000)-(t:10.591-v:10.000)-(t:10.627-v:9.000)-(t:10.664-v:8.000)-(t:10.992-v:7.000)-(t:11.068-v:6.000)-(t:11.100-v:5.000)-(t:24.646-v:4.000)-(t:34.126-v:3.000)-(t:151.684-v:2.000)-(t:196.747-v:1.000)],300.000
examples/csp/csp_100/carseq_100_8_20_62.txt,dqn,300,0,[(t:5.417-v:126.000)-(t:5.424-v:121.000)-(t:5.438-v:118.000)-(t:5.446-v:115.000)-(t:5.452-v:111.000)-(t:5.465-v:109.000)-(t:5.486-v:107.000)-(t:5.495-v:104.000)-(t:5.506-v:103.000)-(t:5.517-v:102.000)-(t:5.537-v:101.000)-(t:5.543-v:100.000)-(t:5.551-v:98.000)-(t:5.558-v:97.000)-(t:5.563-v:96.000)-(t:5.570-v:95.000)-(t:5.578-v:94.000)-(t:5.586-v:90.000)-(t:5.593-v:89.000)-(t:5.601-v:88.000)-(t:5.610-v:86.000)-(t:5.617-v:85.000)-(t:5.625-v:84.000)-(t:5.633-v:83.000)-(t:5.641-v:82.000)-(t:5.650-v:79.000)-(t:5.660-v:77.000)-(t:5.666-v:76.000)-(t:5.671-v:75.000)-(t:5.680-v:74.000)-(t:5.689-v:73.000)-(t:5.698-v:72.000)-(t:5.703-v:70.000)-(t:5.709-v:69.000)-(t:5.717-v:67.000)-(t:5.724-v:66.000)-(t:5.729-v:65.000)-(t:5.736-v:64.000)-(t:5.742-v:63.000)-(t:5.748-v:62.000)-(t:5.755-v:61.000)-(t:5.762-v:60.000)-(t:5.770-v:59.000)-(t:5.777-v:58.000)-(t:5.787-v:57.000)-(t:5.794-v:56.000)-(t:5.800-v:55.000)-(t:5.808-v:54.000)-(t:5.814-v:53.000)-(t:5.824-v:52.000)-(t:5.832-v:51.000)-(t:5.842-v:50.000)-(t:5.849-v:48.000)-(t:5.856-v:47.000)-(t:5.862-v:45.000)-(t:5.869-v:44.000)-(t:5.876-v:43.000)-(t:5.885-v:42.000)-(t:5.891-v:41.000)-(t:5.908-v:40.000)-(t:5.916-v:39.000)-(t:5.922-v:38.000)-(t:5.930-v:37.000)-(t:5.939-v:36.000)-(t:5.949-v:35.000)-(t:5.975-v:34.000)-(t:5.982-v:32.000)-(t:5.988-v:31.000)-(t:6.006-v:30.000)-(t:6.013-v:29.000)-(t:6.020-v:27.000)-(t:6.031-v:26.000)-(t:6.049-v:25.000)-(t:6.057-v:24.000)-(t:6.092-v:23.000)-(t:6.108-v:22.000)-(t:6.157-v:21.000)-(t:6.167-v:20.000)-(t:6.175-v:19.000)-(t:6.206-v:18.000)-(t:6.268-v:17.000)-(t:6.283-v:16.000)-(t:6.295-v:15.000)-(t:6.314-v:14.000)-(t:6.333-v:13.000)-(t:6.342-v:12.000)-(t:6.380-v:11.000)-(t:6.396-v:10.000)-(t:6.411-v:9.000)-(t:6.426-v:8.000)-(t:6.442-v:7.000)-(t:6.467-v:6.000)-(t:6.658-v:5.000)-(t:7.940-v:4.000)-(t:10.713-v:3.000)-(t:14.222-v:2.000)-(t:15.387-v:1.000)-(t:29.811-v:0.000)],29.811
examples/csp/csp_100/carseq_100_8_20_64.txt,dqn,300,0,[(t:5.242-v:139.000)-(t:5.253-v:138.000)-(t:5.269-v:135.000)-(t:5.282-v:134.000)-(t:5.290-v:133.000)-(t:5.299-v:132.000)-(t:5.307-v:130.000)-(t:5.332-v:127.000)-(t:5.341-v:126.000)-(t:5.349-v:123.000)-(t:5.357-v:121.000)-(t:5.369-v:120.000)-(t:5.376-v:119.000)-(t:5.384-v:117.000)-(t:5.393-v:116.000)-(t:5.403-v:115.000)-(t:5.411-v:113.000)-(t:5.419-v:111.000)-(t:5.429-v:109.000)-(t:5.437-v:108.000)-(t:5.446-v:106.000)-(t:5.454-v:104.000)-(t:5.461-v:102.000)-(t:5.469-v:101.000)-(t:5.477-v:100.000)-(t:5.491-v:96.000)-(t:5.504-v:89.000)-(t:5.510-v:87.000)-(t:5.517-v:85.000)-(t:5.525-v:84.000)-(t:5.532-v:82.000)-(t:5.541-v:80.000)-(t:5.554-v:79.000)-(t:5.561-v:77.000)-(t:5.568-v:75.000)-(t:5.575-v:74.000)-(t:5.583-v:72.000)-(t:5.589-v:70.000)-(t:5.594-v:69.000)-(t:5.599-v:68.000)-(t:5.608-v:65.000)-(t:5.614-v:64.000)-(t:5.620-v:62.000)-(t:5.627-v:60.000)-(t:5.633-v:59.000)-(t:5.640-v:58.000)-(t:5.647-v:57.000)-(t:5.655-v:56.000)-(t:5.661-v:55.000)-(t:5.668-v:54.000)-(t:5.673-v:52.000)-(t:5.678-v:51.000)-(t:5.686-v:50.000)-(t:5.693-v:49.000)-(t:5.700-v:48.000)-(t:5.706-v:47.000)-(t:5.713-v:46.000)-(t:5.719-v:45.000)-(t:5.726-v:44.000)-(t:5.736-v:43.000)-(t:5.744-v:41.000)-(t:5.752-v:40.000)-(t:5.766-v:39.000)-(t:5.773-v:37.000)-(t:5.779-v:35.000)-(t:5.798-v:34.000)-(t:5.804-v:33.000)-(t:5.810-v:32.000)-(t:5.842-v:31.000)-(t:5.850-v:30.000)-(t:5.855-v:29.000)-(t:5.864-v:28.000)-(t:5.913-v:27.000)-(t:5.921-v:26.000)-(t:5.929-v:25.000)-(t:5.976-v:24.000)-(t:5.997-v:23.000)-(t:6.005-v:22.000)-(t:6.024-v:21.000)-(t:6.030-v:20.000)-(t:6.099-v:19.000)-(t:6.124-v:18.000)-(t:6.133-v:17.000)-(t:6.187-v:16.000)-(t:6.196-v:15.000)-(t:6.207-v:14.000)-(t:6.216-v:13.000)-(t:6.239-v:12.000)-(t:6.401-v:11.000)-(t:6.451-v:10.000)-(t:8.330-v:9.000)-(t:8.422-v:8.000)-(t:8.512-v:7.000)-(t:13.646-v:6.000)-(t:16.015-v:5.000)-(t:16.093-v:4.000)-(t:18.508-v:3.000)-(t:18.594-v:2.000)-(t:29.924-v:1.000)-(t:33.602-v:0.000)],33.602
examples/csp/csp_100/carseq_100_8_20_67.txt,dqn,300,0,[(t:8.449-v:101.000)-(t:8.472-v:100.000)-(t:8.495-v:99.000)-(t:8.503-v:96.000)-(t:8.517-v:94.000)-(t:8.534-v:93.000)-(t:8.545-v:91.000)-(t:8.559-v:90.000)-(t:8.571-v:87.000)-(t:8.594-v:85.000)-(t:8.606-v:79.000)-(t:8.616-v:77.000)-(t:8.624-v:76.000)-(t:8.634-v:75.000)-(t:8.645-v:74.000)-(t:8.657-v:73.000)-(t:8.668-v:72.000)-(t:8.679-v:69.000)-(t:8.689-v:67.000)-(t:8.700-v:66.000)-(t:8.710-v:65.000)-(t:8.721-v:64.000)-(t:8.731-v:63.000)-(t:8.741-v:61.000)-(t:8.752-v:60.000)-(t:8.764-v:59.000)-(t:8.775-v:58.000)-(t:8.786-v:55.000)-(t:8.795-v:54.000)-(t:8.807-v:53.000)-(t:8.820-v:52.000)-(t:8.831-v:51.000)-(t:8.839-v:50.000)-(t:8.850-v:49.000)-(t:8.861-v:48.000)-(t:8.872-v:46.000)-(t:8.885-v:45.000)-(t:8.903-v:43.000)-(t:8.912-v:40.000)-(t:8.924-v:39.000)-(t:8.937-v:38.000)-(t:8.948-v:37.000)-(t:8.959-v:36.000)-(t:8.970-v:35.000)-(t:8.998-v:34.000)-(t:9.010-v:32.000)-(t:9.020-v:31.000)-(t:9.045-v:30.000)-(t:9.056-v:29.000)-(t:9.071-v:28.000)-(t:9.082-v:27.000)-(t:9.092-v:26.000)-(t:9.104-v:25.000)-(t:9.115-v:24.000)-(t:9.129-v:22.000)-(t:9.145-v:21.000)-(t:9.157-v:20.000)-(t:9.171-v:19.000)-(t:9.181-v:18.000)-(t:9.195-v:17.000)-(t:9.235-v:16.000)-(t:9.247-v:15.000)-(t:9.255-v:14.000)-(t:9.270-v:13.000)-(t:9.288-v:12.000)-(t:9.311-v:11.000)-(t:9.325-v:10.000)-(t:9.369-v:9.000)-(t:9.418-v:8.000)-(t:9.451-v:7.000)-(t:9.467-v:6.000)-(t:9.867-v:5.000)-(t:9.923-v:4.000)-(t:9.955-v:3.000)-(t:13.976-v:2.000)-(t:14.166-v:1.000)-(t:20.410-v:0.000)],20.410
examples/csp/csp_100/carseq_100_8_20_72.txt,dqn,300,0,[(t:8.488-v:118.000)-(t:8.502-v:109.000)-(t:8.529-v:108.000)-(t:8.550-v:107.000)-(t:8.567-v:106.000)-(t:8.580-v:103.000)-(t:8.616-v:102.000)-(t:8.628-v:100.000)-(t:8.640-v:99.000)-(t:8.650-v:97.000)-(t:8.657-v:96.000)-(t:8.667-v:95.000)-(t:8.682-v:92.000)-(t:8.695-v:90.000)-(t:8.707-v:86.000)-(t:8.718-v:85.000)-(t:8.732-v:84.000)-(t:8.742-v:83.000)-(t:8.753-v:81.000)-(t:8.765-v:80.000)-(t:8.773-v:77.000)-(t:8.784-v:76.000)-(t:8.795-v:73.000)-(t:8.802-v:71.000)-(t:8.814-v:70.000)-(t:8.825-v:69.000)-(t:8.836-v:68.000)-(t:8.847-v:67.000)-(t:8.858-v:66.000)-(t:8.869-v:65.000)-(t:8.879-v:64.000)-(t:8.887-v:63.000)-(t:8.897-v:62.000)-(t:8.908-v:61.000)-(t:8.921-v:60.000)-(t:8.935-v:59.000)-(t:8.953-v:58.000)-(t:8.965-v:56.000)-(t:8.974-v:55.000)-(t:8.982-v:54.000)-(t:8.994-v:53.000)-(t:9.004-v:52.000)-(t:9.015-v:51.000)-(t:9.026-v:50.000)-(t:9.037-v:49.000)-(t:9.048-v:47.000)-(t:9.059-v:46.000)-(t:9.084-v:45.000)-(t:9.091-v:44.000)-(t:9.097-v:43.000)-(t:9.103-v:42.000)-(t:9.125-v:41.000)-(t:9.139-v:40.000)-(t:9.151-v:39.000)-(t:9.160-v:38.000)-(t:9.170-v:37.000)-(t:9.181-v:36.000)-(t:9.193-v:35.000)-(t:9.202-v:34.000)-(t:9.212-v:33.000)-(t:9.225-v:32.000)-(t:9.235-v:31.000)-(t:9.247-v:30.000)-(t:9.261-v:29.000)-(t:9.279-v:28.000)-(t:9.299-v:26.000)-(t:9.307-v:25.000)-(t:9.312-v:23.000)-(t:9.320-v:21.000)-(t:9.334-v:20.000)-(t:9.347-v:19.000)-(t:9.404-v:18.000)-(t:9.433-v:17.000)-(t:9.487-v:16.000)-(t:9.525-v:15.000)-(t:9.557-v:14.000)-(t:9.614-v:13.000)-(t:9.628-v:12.000)-(t:9.640-v:11.000)-(t:9.664-v:10.000)-(t:9.680-v:9.000)-(t:9.694-v:8.000)-(t:9.756-v:7.000)-(t:9.771-v:6.000)-(t:9.781-v:5.000)-(t:9.815-v:4.000)-(t:9.834-v:3.000)-(t:10.114-v:2.000)-(t:12.927-v:1.000)-(t:37.775-v:0.000)],37.775
examples/csp/csp_100/carseq_100_8_20_73.txt,dqn,300,0,[(t:8.336-v:112.000)-(t:8.368-v:111.000)-(t:8.382-v:110.000)-(t:8.393-v:109.000)-(t:8.402-v:108.000)-(t:8.411-v:105.000)-(t:8.421-v:103.000)-(t:8.431-v:102.000)-(t:8.444-v:101.000)-(t:8.455-v:99.000)-(t:8.466-v:96.000)-(t:8.474-v:94.000)-(t:8.482-v:92.000)-(t:8.492-v:91.000)-(t:8.502-v:90.000)-(t:8.512-v:89.000)-(t:8.526-v:88.000)-(t:8.536-v:87.000)-(t:8.548-v:85.000)-(t:8.558-v:84.000)-(t:8.568-v:82.000)-(t:8.579-v:81.000)-(t:8.590-v:80.000)-(t:8.597-v:79.000)-(t:8.609-v:78.000)-(t:8.618-v:77.000)-(t:8.630-v:76.000)-(t:8.639-v:75.000)-(t:8.650-v:72.000)-(t:8.660-v:71.000)-(t:8.671-v:70.000)-(t:8.681-v:68.000)-(t:8.689-v:67.000)-(t:8.696-v:66.000)-(t:8.705-v:65.000)-(t:8.716-v:64.000)-(t:8.726-v:63.000)-(t:8.735-v:62.000)-(t:8.742-v:60.000)-(t:8.754-v:59.000)-(t:8.764-v:58.000)-(t:8.774-v:56.000)-(t:8.784-v:55.000)-(t:8.795-v:54.000)-(t:8.806-v:53.000)-(t:8.817-v:52.000)-(t:8.827-v:50.000)-(t:8.837-v:49.000)-(t:8.849-v:48.000)-(t:8.862-v:46.000)-(t:8.873-v:45.000)-(t:8.885-v:44.000)-(t:8.896-v:43.000)-(t:8.905-v:42.000)-(t:8.910-v:40.000)-(t:8.921-v:39.000)-(t:8.932-v:38.000)-(t:8.941-v:37.000)-(t:8.952-v:36.000)-(t:8.961-v:35.000)-(t:8.971-v:34.000)-(t:8.983-v:32.000)-(t:8.993-v:31.000)-(t:9.005-v:29.000)-(t:9.015-v:28.000)-(t:9.022-v:27.000)-(t:9.034-v:26.000)-(t:9.054-v:24.000)-(t:9.064-v:22.000)-(t:9.076-v:21.000)-(t:9.097-v:20.000)-(t:9.120-v:19.000)-(t:9.126-v:18.000)-(t:9.155-v:17.000)-(t:9.167-v:16.000)-(t:9.179-v:15.000)-(t:9.191-v:14.000)-(t:9.204-v:13.000)-(t:9.222-v:12.000)-(t:9.286-v:11.000)-(t:9.387-v:10.000)-(t:9.400-v:9.000)-(t:9.410-v:8.000)-(t:9.427-v:7.000)-(t:9.477-v:6.000)-(t:9.489-v:4.000)-(t:9.523-v:3.000)-(t:9.536-v:2.000)-(t:9.835-v:1.000)-(t:9.849-v:0.000)],9.849
examples/csp/csp_100/carseq_100_8_20_71.txt,dqn,300,0,[(t:8.556-v:136.000)-(t:8.602-v:135.000)-(t:8.620-v:133.000)-(t:8.632-v:132.000)-(t:8.648-v:131.000)-(t:8.659-v:130.000)-(t:8.680-v:129.000)-(t:8.692-v:128.000)-(t:8.704-v:125.000)-(t:8.713-v:120.000)-(t:8.723-v:118.000)-(t:8.733-v:117.000)-(t:8.745-v:116.000)-(t:8.761-v:114.000)-(t:8.772-v:113.000)-(t:8.783-v:110.000)-(t:8.789-v:109.000)-(t:8.801-v:108.000)-(t:8.811-v:107.000)-(t:8.823-v:106.000)-(t:8.834-v:105.000)-(t:8.845-v:103.000)-(t:8.855-v:102.000)-(t:8.866-v:100.000)-(t:8.876-v:99.000)-(t:8.886-v:98.000)-(t:8.893-v:96.000)-(t:8.903-v:95.000)-(t:8.914-v:93.000)-(t:8.923-v:91.000)-(t:8.934-v:90.000)-(t:8.945-v:89.000)-(t:8.956-v:88.000)-(t:8.967-v:86.000)-(t:8.987-v:84.000)-(t:8.999-v:81.000)-(t:9.004-v:79.000)-(t:9.009-v:78.000)-(t:9.017-v:77.000)-(t:9.024-v:75.000)-(t:9.037-v:74.000)-(t:9.051-v:73.000)-(t:9.066-v:72.000)-(t:9.083-v:70.000)-(t:9.094-v:68.000)-(t:9.105-v:67.000)-(t:9.113-v:66.000)-(t:9.122-v:65.000)-(t:9.133-v:64.000)-(t:9.144-v:63.000)-(t:9.153-v:62.000)-(t:9.169-v:61.000)-(t:9.186-v:60.000)-(t:9.197-v:58.000)-(t:9.207-v:57.000)-(t:9.218-v:56.000)-(t:9.228-v:55.000)-(t:9.238-v:54.000)-(t:9.249-v:53.000)-(t:9.261-v:52.000)-(t:9.277-v:51.000)-(t:9.297-v:49.000)-(t:9.308-v:48.000)-(t:9.327-v:47.000)-(t:9.335-v:46.000)-(t:9.346-v:45.000)-(t:9.357-v:44.000)-(t:9.369-v:43.000)-(t:9.379-v:42.000)-(t:9.390-v:41.000)-(t:9.402-v:39.000)-(t:9.415-v:38.000)-(t:9.426-v:37.000)-(t:9.454-v:36.000)-(t:9.465-v:35.000)-(t:9.477-v:34.000)-(t:9.490-v:33.000)-(t:9.505-v:32.000)-(t:9.520-v:31.000)-(t:9.548-v:30.000)-(t:9.557-v:28.000)-(t:9.571-v:27.000)-(t:9.594-v:26.000)-(t:9.606-v:25.000)-(t:9.631-v:24.000)-(t:9.656-v:23.000)-(t:9.668-v:22.000)-(t:9.750-v:21.000)-(t:9.791-v:20.000)-(t:9.805-v:19.000)-(t:9.817-v:17.000)-(t:9.828-v:16.000)-(t:9.847-v:15.000)-(t:9.908-v:14.000)-(t:9.930-v:13.000)-(t:9.967-v:12.000)-(t:9.977-v:11.000)-(t:9.991-v:10.000)-(t:10.012-v:9.000)-(t:10.042-v:8.000)-(t:10.058-v:7.000)-(t:13.731-v:6.000)-(t:21.501-v:5.000)-(t:21.663-v:4.000)-(t:25.394-v:3.000)-(t:45.824-v:2.000)-(t:97.211-v:1.000)-(t:99.409-v:0.000)],99.409
examples/csp/csp_100/carseq_100_8_20_77.txt,dqn,300,0,[(t:8.075-v:100.000)-(t:8.095-v:99.000)-(t:8.121-v:98.000)-(t:8.142-v:97.000)-(t:8.157-v:96.000)-(t:8.170-v:93.000)-(t:8.183-v:87.000)-(t:8.194-v:86.000)-(t:8.205-v:82.000)-(t:8.217-v:78.000)-(t:8.228-v:75.000)-(t:8.242-v:74.000)-(t:8.257-v:73.000)-(t:8.268-v:72.000)-(t:8.279-v:70.000)-(t:8.290-v:69.000)-(t:8.298-v:67.000)-(t:8.306-v:66.000)-(t:8.319-v:65.000)-(t:8.333-v:63.000)-(t:8.347-v:62.000)-(t:8.359-v:61.000)-(t:8.372-v:59.000)-(t:8.387-v:58.000)-(t:8.396-v:55.000)-(t:8.402-v:53.000)-(t:8.414-v:52.000)-(t:8.426-v:50.000)-(t:8.438-v:49.000)-(t:8.449-v:48.000)-(t:8.462-v:47.000)-(t:8.479-v:46.000)-(t:8.489-v:43.000)-(t:8.501-v:42.000)-(t:8.507-v:40.000)-(t:8.513-v:39.000)-(t:8.523-v:38.000)-(t:8.534-v:37.000)-(t:8.548-v:36.000)-(t:8.559-v:35.000)-(t:8.569-v:33.000)-(t:8.580-v:32.000)-(t:8.590-v:31.000)-(t:8.600-v:29.000)-(t:8.611-v:28.000)-(t:8.617-v:27.000)-(t:8.631-v:26.000)-(t:8.645-v:25.000)-(t:8.656-v:24.000)-(t:8.667-v:23.000)-(t:8.680-v:22.000)-(t:8.693-v:21.000)-(t:8.705-v:20.000)-(t:8.716-v:19.000)-(t:8.723-v:18.000)-(t:8.760-v:17.000)-(t:8.782-v:16.000)-(t:8.803-v:15.000)-(t:8.847-v:14.000)-(t:8.908-v:13.000)-(t:8.951-v:12.000)-(t:8.965-v:11.000)-(t:9.004-v:10.000)-(t:9.031-v:9.000)-(t:9.043-v:8.000)-(t:9.056-v:7.000)-(t:9.120-v:6.000)-(t:9.187-v:5.000)-(t:9.214-v:4.000)-(t:9.238-v:3.000)-(t:9.590-v:2.000)-(t:20.699-v:1.000)-(t:29.104-v:0.000)],29.104
examples/csp/csp_100/16-81.txt,dqn,300,1,[(t:6.591-v:132.000)-(t:6.610-v:130.000)-(t:6.620-v:128.000)-(t:6.633-v:127.000)-(t:6.644-v:124.000)-(t:6.661-v:123.000)-(t:6.670-v:115.000)-(t:6.680-v:114.000)-(t:6.689-v:112.000)-(t:6.698-v:111.000)-(t:6.707-v:109.000)-(t:6.716-v:108.000)-(t:6.725-v:106.000)-(t:6.740-v:105.000)-(t:6.749-v:102.000)-(t:6.760-v:101.000)-(t:6.769-v:100.000)-(t:6.777-v:95.000)-(t:6.787-v:94.000)-(t:6.796-v:93.000)-(t:6.806-v:91.000)-(t:6.814-v:89.000)-(t:6.823-v:88.000)-(t:6.832-v:87.000)-(t:6.841-v:86.000)-(t:6.854-v:84.000)-(t:6.864-v:82.000)-(t:6.873-v:81.000)-(t:6.883-v:80.000)-(t:6.892-v:79.000)-(t:6.901-v:78.000)-(t:6.911-v:77.000)-(t:6.932-v:75.000)-(t:6.941-v:74.000)-(t:6.949-v:73.000)-(t:6.958-v:71.000)-(t:6.966-v:70.000)-(t:6.974-v:68.000)-(t:6.991-v:65.000)-(t:6.999-v:63.000)-(t:7.008-v:62.000)-(t:7.017-v:61.000)-(t:7.025-v:60.000)-(t:7.034-v:59.000)-(t:7.043-v:58.000)-(t:7.051-v:57.000)-(t:7.059-v:56.000)-(t:7.068-v:55.000)-(t:7.076-v:54.000)-(t:7.085-v:53.000)-(t:7.092-v:51.000)-(t:7.102-v:50.000)-(t:7.112-v:49.000)-(t:7.121-v:48.000)-(t:7.130-v:47.000)-(t:7.139-v:46.000)-(t:7.146-v:44.000)-(t:7.155-v:43.000)-(t:7.164-v:42.000)-(t:7.172-v:41.000)-(t:7.181-v:40.000)-(t:7.199-v:38.000)-(t:7.208-v:37.000)-(t:7.227-v:36.000)-(t:7.236-v:35.000)-(t:7.247-v:33.000)-(t:7.262-v:32.000)-(t:7.271-v:31.000)-(t:7.283-v:30.000)-(t:7.292-v:29.000)-(t:7.316-v:28.000)-(t:7.325-v:26.000)-(t:7.335-v:25.000)-(t:7.344-v:24.000)-(t:7.358-v:23.000)-(t:7.368-v:22.000)-(t:7.388-v:21.000)-(t:7.413-v:20.000)-(t:7.488-v:19.000)-(t:7.541-v:17.000)-(t:7.553-v:16.000)-(t:7.603-v:15.000)-(t:7.669-v:14.000)-(t:7.708-v:13.000)-(t:7.734-v:12.000)-(t:19.025-v:11.000)-(t:19.201-v:10.000)-(t:19.376-v:9.000)-(t:19.545-v:8.000)-(t:27.361-v:7.000)-(t:45.843-v:6.000)-(t:115.182-v:5.000)-(t:130.625-v:4.000)-(t:147.572-v:3.000)-(t:149.659-v:2.000)-(t:227.570-v:1.000)],300.000
examples/csp/csp_100/21-90.txt,dqn,300,2,[(t:7.501-v:118.000)-(t:7.535-v:112.000)-(t:7.543-v:110.000)-(t:7.555-v:108.000)-(t:7.571-v:104.000)-(t:7.580-v:98.000)-(t:7.588-v:97.000)-(t:7.597-v:96.000)-(t:7.605-v:93.000)-(t:7.612-v:91.000)-(t:7.620-v:90.000)-(t:7.631-v:89.000)-(t:7.639-v:86.000)-(t:7.647-v:85.000)-(t:7.656-v:84.000)-(t:7.671-v:83.000)-(t:7.680-v:81.000)-(t:7.687-v:80.000)-(t:7.696-v:78.000)-(t:7.704-v:77.000)-(t:7.713-v:75.000)-(t:7.728-v:74.000)-(t:7.737-v:73.000)-(t:7.761-v:72.000)-(t:7.770-v:71.000)-(t:7.780-v:70.000)-(t:7.793-v:69.000)-(t:7.803-v:68.000)-(t:7.812-v:67.000)-(t:7.821-v:65.000)-(t:7.831-v:64.000)-(t:7.844-v:62.000)-(t:7.856-v:61.000)-(t:7.865-v:60.000)-(t:7.874-v:59.000)-(t:7.882-v:57.000)-(t:7.891-v:56.000)-(t:7.900-v:54.000)-(t:7.913-v:53.000)-(t:7.922-v:52.000)-(t:7.930-v:51.000)-(t:7.938-v:50.000)-(t:7.946-v:47.000)-(t:7.954-v:46.000)-(t:7.961-v:45.000)-(t:7.969-v:44.000)-(t:7.977-v:43.000)-(t:7.984-v:42.000)-(t:7.999-v:41.000)-(t:8.012-v:40.000)-(t:8.036-v:38.000)-(t:8.045-v:36.000)-(t:8.054-v:35.000)-(t:8.063-v:34.000)-(t:8.071-v:32.000)-(t:8.080-v:31.000)-(t:8.088-v:30.000)-(t:8.096-v:29.000)-(t:8.104-v:28.000)-(t:8.111-v:27.000)-(t:8.129-v:26.000)-(t:8.139-v:25.000)-(t:8.148-v:24.000)-(t:8.173-v:23.000)-(t:8.191-v:22.000)-(t:8.199-v:21.000)-(t:8.231-v:20.000)-(t:8.239-v:19.000)-(t:8.268-v:18.000)-(t:8.288-v:17.000)-(t:8.318-v:16.000)-(t:8.326-v:15.000)-(t:8.394-v:14.000)-(t:8.406-v:13.000)-(t:8.417-v:12.000)-(t:8.645-v:11.000)-(t:8.655-v:10.000)-(t:10.986-v:9.000)-(t:13.363-v:8.000)-(t:14.939-v:7.000)-(t:15.448-v:6.000)-(t:27.264-v:5.000)-(t:34.687-v:4.000)-(t:34.860-v:3.000)-(t:50.546-v:2.000)],31.466
examples/csp/csp_100/36-92.txt,dqn,300,2,[(t:6.777-v:137.000)-(t:6.801-v:135.000)-(t:6.810-v:134.000)-(t:6.819-v:133.000)-(t:6.837-v:130.000)-(t:6.851-v:128.000)-(t:6.862-v:127.000)-(t:6.871-v:126.000)-(t:6.881-v:124.000)-(t:6.889-v:123.000)-(t:6.897-v:120.000)-(t:6.911-v:119.000)-(t:6.924-v:113.000)-(t:6.933-v:112.000)-(t:6.942-v:110.000)-(t:6.951-v:109.000)-(t:6.959-v:105.000)-(t:6.968-v:104.000)-(t:6.977-v:101.000)-(t:6.988-v:100.000)-(t:6.996-v:98.000)-(t:7.003-v:97.000)-(t:7.013-v:96.000)-(t:7.021-v:95.000)-(t:7.029-v:94.000)-(t:7.036-v:92.000)-(t:7.044-v:90.000)-(t:7.053-v:89.000)-(t:7.061-v:87.000)-(t:7.069-v:85.000)-(t:7.077-v:84.000)-(t:7.086-v:81.000)-(t:7.096-v:80.000)-(t:7.103-v:78.000)-(t:7.111-v:75.000)-(t:7.120-v:74.000)-(t:7.129-v:72.000)-(t:7.136-v:70.000)-(t:7.151-v:69.000)-(t:7.160-v:68.000)-(t:7.190-v:67.000)-(t:7.202-v:66.000)-(t:7.217-v:64.000)-(t:7.229-v:63.000)-(t:7.239-v:62.000)-(t:7.249-v:61.000)-(t:7.260-v:60.000)-(t:7.270-v:59.000)-(t:7.287-v:58.000)-(t:7.298-v:57.000)-(t:7.308-v:56.000)-(t:7.319-v:54.000)-(t:7.330-v:53.000)-(t:7.338-v:52.000)-(t:7.349-v:51.000)-(t:7.358-v:50.000)-(t:7.368-v:49.000)-(t:7.376-v:48.000)-(t:7.384-v:47.000)-(t:7.391-v:46.000)-(t:7.401-v:45.000)-(t:7.409-v:44.000)-(t:7.418-v:43.000)-(t:7.433-v:42.000)-(t:7.448-v:41.000)-(t:7.456-v:40.000)-(t:7.465-v:39.000)-(t:7.473-v:38.000)-(t:7.482-v:37.000)-(t:7.510-v:36.000)-(t:7.519-v:35.000)-(t:7.529-v:34.000)-(t:7.550-v:33.000)-(t:7.559-v:32.000)-(t:7.567-v:31.000)-(t:7.577-v:30.000)-(t:7.585-v:29.000)-(t:7.604-v:28.000)-(t:7.613-v:27.000)-(t:7.621-v:26.000)-(t:7.644-v:25.000)-(t:7.674-v:24.000)-(t:7.720-v:23.000)-(t:7.728-v:21.000)-(t:7.738-v:20.000)-(t:7.749-v:19.000)-(t:7.770-v:18.000)-(t:7.779-v:17.000)-(t:7.790-v:16.000)-(t:7.809-v:15.000)-(t:7.825-v:14.000)-(t:7.882-v:13.000)-(t:7.928-v:12.000)-(t:8.035-v:11.000)-(t:8.081-v:10.000)-(t:8.096-v:9.000)-(t:8.164-v:8.000)-(t:10.091-v:7.000)-(t:10.260-v:6.000)-(t:10.784-v:5.000)-(t:18.006-v:4.000)-(t:29.054-v:3.000)-(t:229.419-v:2.000)],86.617
examples/csp/csp_100/4-72.txt,dqn,300,1,[(t:9.597-v:121.000)-(t:9.616-v:119.000)-(t:9.629-v:118.000)-(t:9.639-v:117.000)-(t:9.649-v:115.000)-(t:9.665-v:112.000)-(t:9.675-v:111.000)-(t:9.684-v:107.000)-(t:9.693-v:104.000)-(t:9.701-v:101.000)-(t:9.711-v:100.000)-(t:9.720-v:97.000)-(t:9.727-v:93.000)-(t:9.736-v:92.000)-(t:9.754-v:91.000)-(t:9.763-v:89.000)-(t:9.781-v:88.000)-(t:9.790-v:87.000)-(t:9.800-v:85.000)-(t:9.810-v:84.000)-(t:9.818-v:83.000)-(t:9.827-v:79.000)-(t:9.836-v:78.000)-(t:9.846-v:74.000)-(t:9.856-v:72.000)-(t:9.867-v:71.000)-(t:9.876-v:70.000)-(t:9.887-v:69.000)-(t:9.897-v:68.000)-(t:9.914-v:67.000)-(t:9.923-v:65.000)-(t:9.932-v:64.000)-(t:9.952-v:63.000)-(t:9.963-v:62.000)-(t:9.973-v:61.000)-(t:9.986-v:60.000)-(t:9.994-v:59.000)-(t:10.006-v:58.000)-(t:10.015-v:57.000)-(t:10.025-v:56.000)-(t:10.035-v:54.000)-(t:10.046-v:53.000)-(t:10.056-v:52.000)-(t:10.066-v:51.000)-(t:10.075-v:48.000)-(t:10.087-v:47.000)-(t:10.096-v:46.000)-(t:10.106-v:44.000)-(t:10.116-v:43.000)-(t:10.125-v:42.000)-(t:10.134-v:41.000)-(t:10.145-v:40.000)-(t:10.155-v:39.000)-(t:10.171-v:38.000)-(t:10.179-v:37.000)-(t:10.188-v:36.000)-(t:10.198-v:35.000)-(t:10.210-v:34.000)-(t:10.220-v:33.000)-(t:10.233-v:32.000)-(t:10.243-v:30.000)-(t:10.255-v:29.000)-(t:10.265-v:28.000)-(t:10.305-v:27.000)-(t:10.348-v:26.000)-(t:10.355-v:25.000)-(t:10.364-v:24.000)-(t:10.374-v:22.000)-(t:10.385-v:21.000)-(t:10.392-v:20.000)-(t:10.399-v:19.000)-(t:10.407-v:17.000)-(t:10.416-v:16.000)-(t:10.427-v:15.000)-(t:10.439-v:14.000)-(t:10.452-v:13.000)-(t:10.481-v:12.000)-(t:10.501-v:11.000)-(t:10.530-v:10.000)-(t:10.588-v:9.000)-(t:10.645-v:8.000)-(t:11.680-v:7.000)-(t:12.055-v:6.000)-(t:16.162-v:5.000)-(t:28.075-v:4.000)-(t:38.343-v:3.000)-(t:51.783-v:2.000)-(t:219.741-v:1.000)],300.000
examples/csp/csp_100/6-76.txt,dqn,300,6,[(t:7.013-v:121.000)-(t:7.055-v:119.000)-(t:7.065-v:118.000)-(t:7.084-v:115.000)-(t:7.096-v:114.000)-(t:7.109-v:110.000)-(t:7.120-v:109.000)-(t:7.129-v:108.000)-(t:7.140-v:107.000)-(t:7.148-v:106.000)-(t:7.157-v:105.000)-(t:7.165-v:102.000)-(t:7.173-v:100.000)-(t:7.188-v:98.000)-(t:7.198-v:97.000)-(t:7.209-v:95.000)-(t:7.219-v:94.000)-(t:7.227-v:93.000)-(t:7.235-v:88.000)-(t:7.243-v:86.000)-(t:7.252-v:85.000)-(t:7.259-v:83.000)-(t:7.273-v:82.000)-(t:7.281-v:80.000)-(t:7.291-v:79.000)-(t:7.300-v:77.000)-(t:7.307-v:74.000)-(t:7.317-v:72.000)-(t:7.326-v:71.000)-(t:7.336-v:70.000)-(t:7.344-v:69.000)-(t:7.352-v:68.000)-(t:7.360-v:67.000)-(t:7.368-v:65.000)-(t:7.378-v:63.000)-(t:7.386-v:62.000)-(t:7.393-v:60.000)-(t:7.403-v:59.000)-(t:7.411-v:58.000)-(t:7.419-v:55.000)-(t:7.426-v:53.000)-(t:7.438-v:50.000)-(t:7.445-v:49.000)-(t:7.453-v:48.000)-(t:7.461-v:46.000)-(t:7.469-v:44.000)-(t:7.484-v:43.000)-(t:7.491-v:42.000)-(t:7.503-v:41.000)-(t:7.511-v:40.000)-(t:7.522-v:39.000)-(t:7.531-v:37.000)-(t:7.540-v:36.000)-(t:7.553-v:34.000)-(t:7.563-v:33.000)-(t:7.570-v:32.000)-(t:7.582-v:30.000)-(t:7.591-v:29.000)-(t:7.602-v:28.000)-(t:7.611-v:27.000)-(t:7.619-v:26.000)-(t:7.627-v:25.000)-(t:7.658-v:24.000)-(t:7.667-v:23.000)-(t:7.696-v:22.000)-(t:7.706-v:21.000)-(t:7.714-v:20.000)-(t:7.723-v:19.000)-(t:7.732-v:18.000)-(t:7.771-v:17.000)-(t:7.803-v:16.000)-(t:7.822-v:15.000)-(t:7.832-v:14.000)-(t:7.891-v:13.000)-(t:7.921-v:12.000)-(t:7.962-v:11.000)-(t:7.971-v:10.000)-(t:7.984-v:9.000)-(t:7.999-v:8.000)-(t:8.018-v:7.000)-(t:9.221-v:6.000)],7.969
examples/csp/csp_100/carseq_100_8_20_90.txt,dqn,300,0,[(t:6.103-v:102.000)-(t:6.119-v:101.000)-(t:6.127-v:99.000)-(t:6.141-v:98.000)-(t:6.148-v:97.000)-(t:6.157-v:96.000)-(t:6.165-v:92.000)-(t:6.171-v:91.000)-(t:6.182-v:90.000)-(t:6.191-v:89.000)-(t:6.211-v:88.000)-(t:6.218-v:86.000)-(t:6.226-v:85.000)-(t:6.242-v:83.000)-(t:6.250-v:82.000)-(t:6.259-v:81.000)-(t:6.267-v:80.000)-(t:6.275-v:79.000)-(t:6.283-v:78.000)-(t:6.302-v:74.000)-(t:6.310-v:73.000)-(t:6.318-v:71.000)-(t:6.327-v:70.000)-(t:6.334-v:69.000)-(t:6.344-v:68.000)-(t:6.353-v:65.000)-(t:6.361-v:64.000)-(t:6.372-v:63.000)-(t:6.380-v:62.000)-(t:6.388-v:61.000)-(t:6.396-v:60.000)-(t:6.403-v:59.000)-(t:6.414-v:58.000)-(t:6.421-v:56.000)-(t:6.428-v:55.000)-(t:6.437-v:54.000)-(t:6.462-v:53.000)-(t:6.481-v:52.000)-(t:6.500-v:51.000)-(t:6.507-v:50.000)-(t:6.514-v:48.000)-(t:6.523-v:47.000)-(t:6.532-v:46.000)-(t:6.540-v:45.000)-(t:6.547-v:44.000)-(t:6.556-v:43.000)-(t:6.562-v:41.000)-(t:6.570-v:40.000)-(t:6.577-v:39.000)-(t:6.584-v:38.000)-(t:6.592-v:35.000)-(t:6.599-v:34.000)-(t:6.608-v:33.000)-(t:6.615-v:32.000)-(t:6.623-v:31.000)-(t:6.630-v:30.000)-(t:6.637-v:29.000)-(t:6.643-v:28.000)-(t:6.657-v:27.000)-(t:6.668-v:26.000)-(t:6.683-v:25.000)-(t:6.689-v:24.000)-(t:6.702-v:23.000)-(t:6.709-v:22.000)-(t:6.727-v:21.000)-(t:6.744-v:20.000)-(t:6.783-v:19.000)-(t:6.794-v:18.000)-(t:6.803-v:17.000)-(t:6.811-v:16.000)-(t:6.820-v:15.000)-(t:6.851-v:14.000)-(t:6.862-v:13.000)-(t:6.873-v:12.000)-(t:6.883-v:11.000)-(t:6.926-v:10.000)-(t:6.964-v:9.000)-(t:6.985-v:8.000)-(t:7.004-v:7.000)-(t:8.055-v:6.000)-(t:8.251-v:5.000)-(t:8.350-v:4.000)-(t:8.526-v:3.000)-(t:11.955-v:2.000)-(t:13.877-v:1.000)-(t:14.552-v:0.000)],14.552
examples/csp/csp_100/carseq_100_8_20_94.txt,dqn,300,0,[(t:6.458-v:125.000)-(t:6.489-v:124.000)-(t:6.505-v:123.000)-(t:6.517-v:120.000)-(t:6.525-v:119.000)-(t:6.532-v:118.000)-(t:6.540-v:117.000)-(t:6.549-v:115.000)-(t:6.559-v:114.000)-(t:6.567-v:113.000)-(t:6.583-v:112.000)-(t:6.591-v:110.000)-(t:6.599-v:107.000)-(t:6.608-v:104.000)-(t:6.617-v:101.000)-(t:6.625-v:100.000)-(t:6.633-v:98.000)-(t:6.641-v:96.000)-(t:6.653-v:95.000)-(t:6.660-v:93.000)-(t:6.666-v:92.000)-(t:6.671-v:91.000)-(t:6.676-v:90.000)-(t:6.682-v:89.000)-(t:6.688-v:88.000)-(t:6.696-v:87.000)-(t:6.703-v:86.000)-(t:6.708-v:85.000)-(t:6.713-v:83.000)-(t:6.719-v:81.000)-(t:6.725-v:80.000)-(t:6.730-v:77.000)-(t:6.736-v:75.000)-(t:6.742-v:74.000)-(t:6.747-v:72.000)-(t:6.752-v:70.000)-(t:6.759-v:67.000)-(t:6.764-v:66.000)-(t:6.769-v:65.000)-(t:6.774-v:64.000)-(t:6.781-v:63.000)-(t:6.788-v:62.000)-(t:6.793-v:61.000)-(t:6.799-v:60.000)-(t:6.804-v:59.000)-(t:6.814-v:58.000)-(t:6.829-v:57.000)-(t:6.836-v:56.000)-(t:6.853-v:55.000)-(t:6.861-v:54.000)-(t:6.869-v:53.000)-(t:6.881-v:52.000)-(t:6.887-v:51.000)-(t:6.893-v:49.000)-(t:6.899-v:48.000)-(t:6.907-v:47.000)-(t:6.914-v:45.000)-(t:6.922-v:44.000)-(t:6.933-v:43.000)-(t:6.942-v:41.000)-(t:6.948-v:38.000)-(t:6.954-v:37.000)-(t:6.973-v:36.000)-(t:6.983-v:34.000)-(t:6.996-v:32.000)-(t:7.009-v:31.000)-(t:7.015-v:30.000)-(t:7.035-v:29.000)-(t:7.041-v:28.000)-(t:7.063-v:27.000)-(t:7.075-v:26.000)-(t:7.089-v:25.000)-(t:7.125-v:24.000)-(t:7.131-v:23.000)-(t:7.177-v:22.000)-(t:7.183-v:21.000)-(t:7.211-v:20.000)-(t:7.221-v:18.000)-(t:7.229-v:17.000)-(t:7.236-v:16.000)-(t:7.241-v:15.000)-(t:7.247-v:14.000)-(t:7.257-v:13.000)-(t:7.289-v:12.000)-(t:7.297-v:11.000)-(t:7.336-v:10.000)-(t:7.351-v:9.000)-(t:7.365-v:8.000)-(t:7.383-v:7.000)-(t:7.498-v:6.000)-(t:7.754-v:5.000)-(t:8.120-v:4.000)-(t:8.468-v:3.000)-(t:10.069-v:2.000)-(t:10.164-v:1.000)-(t:15.259-v:0.000)],15.259
examples/csp/csp_100/carseq_100_8_20_81.txt,dqn,300,1,[(t:7.373-v:118.000)-(t:7.392-v:117.000)-(t:7.402-v:116.000)-(t:7.413-v:113.000)-(t:7.426-v:112.000)-(t:7.434-v:111.000)-(t:7.444-v:109.000)-(t:7.454-v:106.000)-(t:7.463-v:105.000)-(t:7.487-v:104.000)-(t:7.502-v:102.000)-(t:7.510-v:101.000)-(t:7.519-v:100.000)-(t:7.527-v:99.000)-(t:7.539-v:98.000)-(t:7.548-v:96.000)-(t:7.556-v:93.000)-(t:7.564-v:91.000)-(t:7.573-v:90.000)-(t:7.581-v:89.000)-(t:7.589-v:86.000)-(t:7.597-v:84.000)-(t:7.607-v:82.000)-(t:7.617-v:81.000)-(t:7.634-v:80.000)-(t:7.645-v:78.000)-(t:7.658-v:77.000)-(t:7.669-v:76.000)-(t:7.679-v:75.000)-(t:7.687-v:74.000)-(t:7.695-v:73.000)-(t:7.702-v:72.000)-(t:7.713-v:71.000)-(t:7.720-v:70.000)-(t:7.728-v:69.000)-(t:7.735-v:67.000)-(t:7.742-v:66.000)-(t:7.749-v:65.000)-(t:7.756-v:64.000)-(t:7.764-v:63.000)-(t:7.771-v:61.000)-(t:7.778-v:60.000)-(t:7.786-v:59.000)-(t:7.794-v:58.000)-(t:7.801-v:57.000)-(t:7.808-v:56.000)-(t:7.815-v:55.000)-(t:7.822-v:54.000)-(t:7.829-v:53.000)-(t:7.836-v:52.000)-(t:7.842-v:51.000)-(t:7.851-v:50.000)-(t:7.861-v:49.000)-(t:7.869-v:48.000)-(t:7.877-v:47.000)-(t:7.883-v:46.000)-(t:7.891-v:45.000)-(t:7.899-v:44.000)-(t:7.906-v:43.000)-(t:7.915-v:42.000)-(t:7.921-v:41.000)-(t:7.928-v:40.000)-(t:7.934-v:39.000)-(t:7.942-v:38.000)-(t:7.948-v:37.000)-(t:7.964-v:36.000)-(t:7.975-v:35.000)-(t:7.992-v:34.000)-(t:7.999-v:33.000)-(t:8.007-v:32.000)-(t:8.014-v:31.000)-(t:8.021-v:30.000)-(t:8.054-v:29.000)-(t:8.063-v:28.000)-(t:8.072-v:27.000)-(t:8.096-v:26.000)-(t:8.128-v:25.000)-(t:8.160-v:24.000)-(t:8.191-v:23.000)-(t:8.223-v:22.000)-(t:8.232-v:21.000)-(t:8.240-v:20.000)-(t:8.278-v:19.000)-(t:8.288-v:18.000)-(t:8.360-v:17.000)-(t:8.370-v:16.000)-(t:8.385-v:15.000)-(t:8.427-v:14.000)-(t:8.451-v:13.000)-(t:8.459-v:12.000)-(t:8.470-v:11.000)-(t:8.485-v:10.000)-(t:8.492-v:9.000)-(t:8.503-v:8.000)-(t:8.522-v:7.000)-(t:8.548-v:6.000)-(t:10.026-v:5.000)-(t:11.957-v:4.000)-(t:14.588-v:3.000)-(t:14.684-v:2.000)-(t:19.808-v:1.000)],300.000
examples/csp/csp_100/carseq_100_8_20_82.txt,dqn,300,1,[(t:7.184-v:158.000)-(t:7.215-v:155.000)-(t:7.227-v:154.000)-(t:7.238-v:153.000)-(t:7.248-v:152.000)-(t:7.257-v:151.000)-(t:7.264-v:150.000)-(t:7.272-v:148.000)-(t:7.281-v:147.000)-(t:7.289-v:146.000)-(t:7.296-v:145.000)-(t:7.306-v:144.000)-(t:7.317-v:143.000)-(t:7.325-v:141.000)-(t:7.332-v:140.000)-(t:7.339-v:139.000)-(t:7.347-v:136.000)-(t:7.354-v:135.000)-(t:7.361-v:132.000)-(t:7.367-v:131.000)-(t:7.374-v:127.000)-(t:7.381-v:124.000)-(t:7.387-v:121.000)-(t:7.394-v:119.000)-(t:7.400-v:117.000)-(t:7.407-v:116.000)-(t:7.413-v:115.000)-(t:7.419-v:114.000)-(t:7.425-v:111.000)-(t:7.431-v:109.000)-(t:7.437-v:108.000)-(t:7.445-v:107.000)-(t:7.452-v:106.000)-(t:7.460-v:105.000)-(t:7.467-v:104.000)-(t:7.474-v:103.000)-(t:7.481-v:101.000)-(t:7.487-v:100.000)-(t:7.496-v:98.000)-(t:7.502-v:96.000)-(t:7.507-v:95.000)-(t:7.517-v:94.000)-(t:7.524-v:92.000)-(t:7.530-v:90.000)-(t:7.536-v:89.000)-(t:7.541-v:88.000)-(t:7.547-v:85.000)-(t:7.552-v:84.000)-(t:7.558-v:83.000)-(t:7.566-v:82.000)-(t:7.574-v:78.000)-(t:7.580-v:75.000)-(t:7.586-v:73.000)-(t:7.592-v:72.000)-(t:7.604-v:70.000)-(t:7.612-v:69.000)-(t:7.619-v:68.000)-(t:7.630-v:67.000)-(t:7.636-v:63.000)-(t:7.642-v:61.000)-(t:7.649-v:60.000)-(t:7.655-v:59.000)-(t:7.661-v:58.000)-(t:7.667-v:57.000)-(t:7.673-v:56.000)-(t:7.681-v:55.000)-(t:7.688-v:54.000)-(t:7.703-v:53.000)-(t:7.710-v:52.000)-(t:7.715-v:51.000)-(t:7.720-v:50.000)-(t:7.726-v:47.000)-(t:7.732-v:45.000)-(t:7.737-v:44.000)-(t:7.744-v:43.000)-(t:7.755-v:42.000)-(t:7.763-v:41.000)-(t:7.768-v:39.000)-(t:7.774-v:38.000)-(t:7.780-v:36.000)-(t:7.787-v:35.000)-(t:7.794-v:34.000)-(t:7.803-v:33.000)-(t:7.820-v:32.000)-(t:7.828-v:31.000)-(t:7.836-v:29.000)-(t:7.856-v:28.000)-(t:7.867-v:27.000)-(t:7.877-v:26.000)-(t:7.884-v:25.000)-(t:7.911-v:24.000)-(t:7.937-v:23.000)-(t:7.962-v:22.000)-(t:7.970-v:21.000)-(t:8.009-v:20.000)-(t:8.031-v:19.000)-(t:8.042-v:18.000)-(t:8.076-v:17.000)-(t:8.086-v:16.000)-(t:8.104-v:15.000)-(t:8.141-v:14.000)-(t:8.151-v:13.000)-(t:8.165-v:12.000)-(t:8.179-v:11.000)-(t:8.187-v:10.000)-(t:10.798-v:9.000)-(t:10.983-v:8.000)-(t:11.397-v:6.000)-(t:23.653-v:5.000)-(t:23.814-v:4.000)-(t:27.137-v:3.000)-(t:27.421-v:2.000)-(t:56.432-v:1.000)],300.000
examples/csp/csp_200/pb_200_06.txt,dqn,300,,,
examples/csp/csp_200/pb_200_07.txt,dqn,300,,,
examples/csp/csp_200/pb_200_08.txt,dqn,300,,,
examples/csp/csp_200/pb_200_09.txt,dqn,300,,,
examples/csp/csp_200/pb_200_10.txt,dqn,300,,,
examples/csp/csp_300/carseq_300_8_20_38.txt,dqn,300,,,
examples/csp/csp_300/carseq_300_8_20_40.txt,dqn,300,,,
examples/csp/csp_300/carseq_300_8_20_45.txt,dqn,300,,,
examples/csp/csp_100/carseq_100_8_20_85.txt,dqn,300,1,[(t:8.965-v:115.000)-(t:8.982-v:112.000)-(t:8.994-v:111.000)-(t:9.003-v:109.000)-(t:9.009-v:108.000)-(t:9.019-v:105.000)-(t:9.032-v:104.000)-(t:9.039-v:103.000)-(t:9.046-v:102.000)-(t:9.052-v:100.000)-(t:9.058-v:99.000)-(t:9.065-v:98.000)-(t:9.071-v:96.000)-(t:9.079-v:95.000)-(t:9.085-v:94.000)-(t:9.091-v:93.000)-(t:9.100-v:92.000)-(t:9.119-v:91.000)-(t:9.125-v:90.000)-(t:9.133-v:89.000)-(t:9.141-v:86.000)-(t:9.148-v:85.000)-(t:9.154-v:84.000)-(t:9.162-v:83.000)-(t:9.169-v:82.000)-(t:9.176-v:79.000)-(t:9.184-v:78.000)-(t:9.191-v:77.000)-(t:9.198-v:76.000)-(t:9.205-v:75.000)-(t:9.213-v:74.000)-(t:9.220-v:72.000)-(t:9.226-v:71.000)-(t:9.234-v:69.000)-(t:9.242-v:68.000)-(t:9.251-v:67.000)-(t:9.259-v:66.000)-(t:9.268-v:65.000)-(t:9.284-v:63.000)-(t:9.294-v:59.000)-(t:9.302-v:58.000)-(t:9.311-v:57.000)-(t:9.320-v:55.000)-(t:9.331-v:54.000)-(t:9.342-v:53.000)-(t:9.352-v:52.000)-(t:9.361-v:50.000)-(t:9.369-v:49.000)-(t:9.378-v:48.000)-(t:9.387-v:47.000)-(t:9.398-v:46.000)-(t:9.406-v:45.000)-(t:9.416-v:44.000)-(t:9.425-v:43.000)-(t:9.444-v:42.000)-(t:9.450-v:41.000)-(t:9.456-v:39.000)-(t:9.462-v:38.000)-(t:9.469-v:37.000)-(t:9.475-v:36.000)-(t:9.481-v:35.000)-(t:9.488-v:34.000)-(t:9.495-v:33.000)-(t:9.503-v:32.000)-(t:9.509-v:31.000)-(t:9.515-v:30.000)-(t:9.522-v:29.000)-(t:9.529-v:28.000)-(t:9.537-v:27.000)-(t:9.556-v:26.000)-(t:9.566-v:24.000)-(t:9.577-v:22.000)-(t:9.589-v:21.000)-(t:9.611-v:20.000)-(t:9.652-v:19.000)-(t:9.660-v:18.000)-(t:9.671-v:17.000)-(t:9.693-v:16.000)-(t:9.701-v:15.000)-(t:9.802-v:14.000)-(t:9.829-v:13.000)-(t:9.839-v:12.000)-(t:9.857-v:11.000)-(t:9.885-v:10.000)-(t:10.495-v:9.000)-(t:10.548-v:8.000)-(t:14.078-v:7.000)-(t:15.927-v:6.000)-(t:16.298-v:5.000)-(t:27.307-v:4.000)-(t:32.295-v:3.000)-(t:32.846-v:2.000)-(t:95.816-v:1.000)],300.000
examples/csp/csp_100/carseq_100_8_20_86.txt,dqn,300,1,[(t:6.782-v:150.000)-(t:6.813-v:147.000)-(t:6.823-v:144.000)-(t:6.828-v:143.000)-(t:6.833-v:142.000)-(t:6.846-v:141.000)-(t:6.851-v:139.000)-(t:6.858-v:138.000)-(t:6.863-v:137.000)-(t:6.870-v:136.000)-(t:6.874-v:135.000)-(t:6.881-v:133.000)-(t:6.886-v:132.000)-(t:6.892-v:128.000)-(t:6.897-v:125.000)-(t:6.904-v:123.000)-(t:6.912-v:120.000)-(t:6.919-v:117.000)-(t:6.926-v:111.000)-(t:6.936-v:110.000)-(t:6.942-v:108.000)-(t:6.948-v:106.000)-(t:6.952-v:104.000)-(t:6.963-v:103.000)-(t:6.967-v:101.000)-(t:6.972-v:100.000)-(t:6.977-v:99.000)-(t:6.981-v:98.000)-(t:6.986-v:95.000)-(t:6.991-v:93.000)-(t:6.995-v:90.000)-(t:7.000-v:89.000)-(t:7.020-v:88.000)-(t:7.031-v:87.000)-(t:7.037-v:86.000)-(t:7.043-v:84.000)-(t:7.050-v:81.000)-(t:7.056-v:80.000)-(t:7.075-v:79.000)-(t:7.081-v:75.000)-(t:7.088-v:74.000)-(t:7.094-v:71.000)-(t:7.100-v:70.000)-(t:7.113-v:69.000)-(t:7.120-v:67.000)-(t:7.126-v:64.000)-(t:7.134-v:63.000)-(t:7.140-v:61.000)-(t:7.147-v:60.000)-(t:7.153-v:57.000)-(t:7.160-v:56.000)-(t:7.166-v:55.000)-(t:7.174-v:54.000)-(t:7.180-v:53.000)-(t:7.187-v:52.000)-(t:7.194-v:51.000)-(t:7.200-v:50.000)-(t:7.206-v:49.000)-(t:7.214-v:48.000)-(t:7.219-v:46.000)-(t:7.226-v:45.000)-(t:7.233-v:44.000)-(t:7.248-v:43.000)-(t:7.266-v:40.000)-(t:7.278-v:38.000)-(t:7.286-v:37.000)-(t:7.293-v:36.000)-(t:7.305-v:35.000)-(t:7.316-v:34.000)-(t:7.323-v:33.000)-(t:7.333-v:32.000)-(t:7.340-v:31.000)-(t:7.348-v:30.000)-(t:7.356-v:29.000)-(t:7.367-v:28.000)-(t:7.381-v:27.000)-(t:7.411-v:26.000)-(t:7.425-v:25.000)-(t:7.438-v:24.000)-(t:7.521-v:23.000)-(t:7.541-v:22.000)-(t:7.550-v:21.000)-(t:7.561-v:20.000)-(t:7.577-v:19.000)-(t:7.594-v:18.000)-(t:7.602-v:17.000)-(t:7.617-v:16.000)-(t:7.628-v:15.000)-(t:7.699-v:14.000)-(t:7.712-v:13.000)-(t:7.744-v:12.000)-(t:7.758-v:11.000)-(t:7.764-v:10.000)-(t:7.773-v:9.000)-(t:7.958-v:8.000)-(t:8.000-v:7.000)-(t:9.995-v:6.000)-(t:10.101-v:5.000)-(t:21.487-v:4.000)-(t:39.634-v:3.000)-(t:89.316-v:2.000)-(t:193.492-v:1.000)],300.000
examples/csp/csp_100/carseq_100_8_20_88.txt,dqn,300,1,[(t:6.662-v:143.000)-(t:6.676-v:140.000)-(t:6.694-v:138.000)-(t:6.702-v:133.000)-(t:6.713-v:132.000)-(t:6.721-v:131.000)-(t:6.730-v:129.000)-(t:6.745-v:127.000)-(t:6.755-v:126.000)-(t:6.765-v:125.000)-(t:6.773-v:124.000)-(t:6.781-v:123.000)-(t:6.792-v:121.000)-(t:6.800-v:118.000)-(t:6.807-v:117.000)-(t:6.817-v:115.000)-(t:6.825-v:113.000)-(t:6.833-v:112.000)-(t:6.841-v:111.000)-(t:6.849-v:110.000)-(t:6.857-v:108.000)-(t:6.866-v:107.000)-(t:6.873-v:106.000)-(t:6.881-v:103.000)-(t:6.892-v:101.000)-(t:6.901-v:100.000)-(t:6.909-v:98.000)-(t:6.916-v:97.000)-(t:6.925-v:96.000)-(t:6.932-v:95.000)-(t:6.940-v:92.000)-(t:6.949-v:91.000)-(t:6.955-v:90.000)-(t:6.964-v:89.000)-(t:6.974-v:88.000)-(t:6.982-v:87.000)-(t:6.991-v:86.000)-(t:6.999-v:85.000)-(t:7.006-v:84.000)-(t:7.012-v:83.000)-(t:7.026-v:81.000)-(t:7.042-v:77.000)-(t:7.048-v:75.000)-(t:7.055-v:74.000)-(t:7.063-v:72.000)-(t:7.079-v:71.000)-(t:7.086-v:70.000)-(t:7.093-v:69.000)-(t:7.100-v:68.000)-(t:7.109-v:65.000)-(t:7.119-v:64.000)-(t:7.126-v:62.000)-(t:7.136-v:61.000)-(t:7.143-v:59.000)-(t:7.152-v:58.000)-(t:7.159-v:57.000)-(t:7.166-v:55.000)-(t:7.174-v:54.000)-(t:7.182-v:53.000)-(t:7.189-v:52.000)-(t:7.195-v:50.000)-(t:7.202-v:49.000)-(t:7.208-v:48.000)-(t:7.213-v:47.000)-(t:7.219-v:46.000)-(t:7.226-v:44.000)-(t:7.231-v:43.000)-(t:7.237-v:42.000)-(t:7.243-v:41.000)-(t:7.249-v:40.000)-(t:7.256-v:39.000)-(t:7.262-v:37.000)-(t:7.268-v:36.000)-(t:7.273-v:35.000)-(t:7.281-v:34.000)-(t:7.291-v:33.000)-(t:7.304-v:30.000)-(t:7.389-v:29.000)-(t:7.398-v:28.000)-(t:7.429-v:27.000)-(t:7.465-v:26.000)-(t:7.473-v:25.000)-(t:7.496-v:24.000)-(t:7.528-v:23.000)-(t:7.538-v:22.000)-(t:7.553-v:21.000)-(t:7.562-v:20.000)-(t:7.621-v:19.000)-(t:7.634-v:18.000)-(t:7.643-v:17.000)-(t:7.662-v:16.000)-(t:7.682-v:15.000)-(t:7.720-v:14.000)-(t:7.738-v:13.000)-(t:7.749-v:12.000)-(t:7.761-v:11.000)-(t:7.778-v:10.000)-(t:7.835-v:9.000)-(t:7.851-v:8.000)-(t:9.291-v:7.000)-(t:9.373-v:6.000)-(t:13.410-v:5.000)-(t:17.162-v:4.000)-(t:17.369-v:3.000)-(t:17.455-v:2.000)-(t:25.058-v:1.000)],300.000
examples/csp/csp_300/carseq_300_8_20_47.txt,dqn,300,,,
examples/csp/csp_300/carseq_300_8_20_53.txt,dqn,300,,,
examples/csp/csp_300/carseq_300_8_20_56.txt,dqn,300,,,
examples/csp/csp_300/carseq_300_8_20_62.txt,dqn,300,,,
examples/csp/csp_300/carseq_300_8_20_76.txt,dqn,300,,,
examples/csp/csp_100/carseq_100_8_20_98.txt,dqn,300,1,[(t:9.728-v:128.000)-(t:9.748-v:124.000)-(t:9.766-v:122.000)-(t:9.779-v:120.000)-(t:9.786-v:118.000)-(t:9.815-v:116.000)-(t:9.828-v:115.000)-(t:9.842-v:113.000)-(t:9.852-v:110.000)-(t:9.863-v:109.000)-(t:9.874-v:102.000)-(t:9.880-v:101.000)-(t:9.892-v:96.000)-(t:9.902-v:95.000)-(t:9.915-v:93.000)-(t:9.928-v:92.000)-(t:9.942-v:91.000)-(t:9.952-v:90.000)-(t:9.970-v:89.000)-(t:9.977-v:87.000)-(t:9.988-v:86.000)-(t:9.999-v:84.000)-(t:10.011-v:83.000)-(t:10.025-v:82.000)-(t:10.035-v:81.000)-(t:10.047-v:80.000)-(t:10.059-v:78.000)-(t:10.071-v:77.000)-(t:10.096-v:76.000)-(t:10.106-v:75.000)-(t:10.119-v:73.000)-(t:10.131-v:72.000)-(t:10.140-v:71.000)-(t:10.153-v:69.000)-(t:10.169-v:67.000)-(t:10.180-v:65.000)-(t:10.191-v:64.000)-(t:10.201-v:63.000)-(t:10.212-v:62.000)-(t:10.227-v:61.000)-(t:10.235-v:60.000)-(t:10.245-v:58.000)-(t:10.257-v:57.000)-(t:10.267-v:55.000)-(t:10.278-v:54.000)-(t:10.284-v:53.000)-(t:10.290-v:52.000)-(t:10.301-v:51.000)-(t:10.317-v:50.000)-(t:10.328-v:49.000)-(t:10.338-v:47.000)-(t:10.348-v:46.000)-(t:10.362-v:44.000)-(t:10.373-v:43.000)-(t:10.395-v:41.000)-(t:10.414-v:40.000)-(t:10.425-v:39.000)-(t:10.434-v:38.000)-(t:10.445-v:37.000)-(t:10.458-v:36.000)-(t:10.471-v:35.000)-(t:10.506-v:33.000)-(t:10.521-v:32.000)-(t:10.529-v:31.000)-(t:10.576-v:30.000)-(t:10.585-v:29.000)-(t:10.593-v:28.000)-(t:10.604-v:27.000)-(t:10.632-v:26.000)-(t:10.644-v:25.000)-(t:10.653-v:24.000)-(t:10.663-v:23.000)-(t:10.685-v:22.000)-(t:10.697-v:21.000)-(t:10.711-v:20.000)-(t:10.722-v:19.000)-(t:10.735-v:18.000)-(t:10.745-v:17.000)-(t:10.768-v:16.000)-(t:10.790-v:14.000)-(t:10.803-v:13.000)-(t:10.818-v:12.000)-(t:10.848-v:11.000)-(t:10.933-v:10.000)-(t:10.964-v:9.000)-(t:10.978-v:8.000)-(t:10.994-v:7.000)-(t:13.887-v:6.000)-(t:27.236-v:5.000)-(t:76.832-v:4.000)-(t:107.790-v:3.000)-(t:125.161-v:2.000)-(t:125.294-v:1.000)],300.000
examples/csp/csp_300/carseq_300_8_20_78.txt,dqn,300,,,
examples/csp/csp_100/carseq_100_8_20_99.txt,dqn,300,2,[(t:7.715-v:140.000)-(t:7.761-v:139.000)-(t:7.780-v:133.000)-(t:7.787-v:131.000)-(t:7.802-v:130.000)-(t:7.815-v:128.000)-(t:7.827-v:121.000)-(t:7.839-v:112.000)-(t:7.854-v:110.000)-(t:7.866-v:108.000)-(t:7.877-v:107.000)-(t:7.888-v:105.000)-(t:7.899-v:102.000)-(t:7.912-v:101.000)-(t:7.925-v:99.000)-(t:7.936-v:98.000)-(t:7.943-v:97.000)-(t:7.953-v:95.000)-(t:7.964-v:94.000)-(t:7.975-v:93.000)-(t:7.984-v:90.000)-(t:7.992-v:89.000)-(t:8.000-v:88.000)-(t:8.010-v:86.000)-(t:8.024-v:85.000)-(t:8.035-v:81.000)-(t:8.046-v:77.000)-(t:8.059-v:76.000)-(t:8.069-v:75.000)-(t:8.080-v:74.000)-(t:8.090-v:73.000)-(t:8.097-v:70.000)-(t:8.110-v:69.000)-(t:8.123-v:68.000)-(t:8.146-v:66.000)-(t:8.162-v:65.000)-(t:8.175-v:64.000)-(t:8.191-v:63.000)-(t:8.198-v:62.000)-(t:8.205-v:61.000)-(t:8.214-v:60.000)-(t:8.229-v:59.000)-(t:8.249-v:58.000)-(t:8.266-v:57.000)-(t:8.277-v:56.000)-(t:8.290-v:55.000)-(t:8.307-v:54.000)-(t:8.314-v:53.000)-(t:8.322-v:52.000)-(t:8.330-v:50.000)-(t:8.360-v:49.000)-(t:8.371-v:48.000)-(t:8.382-v:47.000)-(t:8.393-v:46.000)-(t:8.404-v:45.000)-(t:8.418-v:44.000)-(t:8.438-v:43.000)-(t:8.452-v:42.000)-(t:8.469-v:40.000)-(t:8.480-v:39.000)-(t:8.495-v:38.000)-(t:8.507-v:37.000)-(t:8.521-v:36.000)-(t:8.535-v:35.000)-(t:8.542-v:34.000)-(t:8.556-v:33.000)-(t:8.576-v:32.000)-(t:8.610-v:31.000)-(t:8.678-v:30.000)-(t:8.693-v:29.000)-(t:8.747-v:28.000)-(t:8.756-v:27.000)-(t:8.775-v:26.000)-(t:8.805-v:25.000)-(t:8.873-v:23.000)-(t:8.897-v:22.000)-(t:8.916-v:21.000)-(t:8.943-v:20.000)-(t:9.027-v:19.000)-(t:9.049-v:18.000)-(t:9.129-v:17.000)-(t:9.143-v:15.000)-(t:9.159-v:14.000)-(t:9.183-v:13.000)-(t:9.204-v:12.000)-(t:9.245-v:11.000)-(t:9.282-v:10.000)-(t:11.628-v:9.000)-(t:11.799-v:8.000)-(t:12.162-v:7.000)-(t:16.013-v:6.000)-(t:57.682-v:5.000)-(t:59.354-v:4.000)-(t:60.161-v:3.000)-(t:60.328-v:2.000)],300.000
examples/csp/csp_300/carseq_300_8_20_80.txt,dqn,300,,,
examples/csp/csp_300/carseq_300_8_20_81.txt,dqn,300,,,
examples/csp/csp_300/pb_300_06.txt,dqn,300,,,
examples/csp/csp_300/pb_300_07.txt,dqn,300,,,
examples/csp/csp_300/pb_300_08.txt,dqn,300,,,
examples/csp/csp_300/pb_300_09.txt,dqn,300,,,
examples/csp/csp_300/pb_300_10.txt,dqn,300,,,
examples/csp/csp_100/carseq_100_8_20_64.txt,dqn,300,0,[(t:5.024-v:125.000)-(t:5.062-v:124.000)-(t:5.069-v:122.000)-(t:5.075-v:120.000)-(t:5.087-v:115.000)-(t:5.095-v:114.000)-(t:5.107-v:113.000)-(t:5.121-v:111.000)-(t:5.128-v:108.000)-(t:5.134-v:105.000)-(t:5.147-v:103.000)-(t:5.154-v:102.000)-(t:5.161-v:101.000)-(t:5.169-v:97.000)-(t:5.176-v:96.000)-(t:5.186-v:95.000)-(t:5.193-v:94.000)-(t:5.202-v:93.000)-(t:5.207-v:92.000)-(t:5.214-v:90.000)-(t:5.220-v:89.000)-(t:5.227-v:88.000)-(t:5.233-v:87.000)-(t:5.238-v:86.000)-(t:5.244-v:85.000)-(t:5.249-v:81.000)-(t:5.255-v:80.000)-(t:5.264-v:79.000)-(t:5.271-v:77.000)-(t:5.276-v:76.000)-(t:5.281-v:75.000)-(t:5.288-v:74.000)-(t:5.292-v:70.000)-(t:5.299-v:69.000)-(t:5.305-v:68.000)-(t:5.311-v:66.000)-(t:5.317-v:65.000)-(t:5.324-v:64.000)-(t:5.329-v:63.000)-(t:5.346-v:62.000)-(t:5.352-v:61.000)-(t:5.365-v:59.000)-(t:5.373-v:58.000)-(t:5.379-v:57.000)-(t:5.395-v:56.000)-(t:5.401-v:54.000)-(t:5.407-v:53.000)-(t:5.413-v:52.000)-(t:5.420-v:51.000)-(t:5.429-v:50.000)-(t:5.438-v:49.000)-(t:5.447-v:48.000)-(t:5.453-v:47.000)-(t:5.463-v:46.000)-(t:5.474-v:45.000)-(t:5.483-v:44.000)-(t:5.495-v:43.000)-(t:5.501-v:42.000)-(t:5.512-v:41.000)-(t:5.519-v:40.000)-(t:5.527-v:39.000)-(t:5.533-v:38.000)-(t:5.541-v:37.000)-(t:5.551-v:35.000)-(t:5.558-v:34.000)-(t:5.563-v:33.000)-(t:5.569-v:32.000)-(t:5.582-v:31.000)-(t:5.591-v:30.000)-(t:5.597-v:29.000)-(t:5.606-v:28.000)-(t:5.611-v:27.000)-(t:5.620-v:26.000)-(t:5.641-v:25.000)-(t:5.652-v:24.000)-(t:5.672-v:23.000)-(t:5.698-v:21.000)-(t:5.727-v:20.000)-(t:5.767-v:19.000)-(t:5.780-v:18.000)-(t:5.788-v:17.000)-(t:5.855-v:16.000)-(t:5.868-v:15.000)-(t:5.874-v:14.000)-(t:5.883-v:13.000)-(t:5.896-v:12.000)-(t:5.908-v:11.000)-(t:5.926-v:10.000)-(t:5.939-v:9.000)-(t:5.952-v:8.000)-(t:5.996-v:7.000)-(t:6.007-v:6.000)-(t:6.014-v:5.000)-(t:6.039-v:4.000)-(t:21.085-v:3.000)-(t:22.680-v:2.000)-(t:22.775-v:1.000)-(t:27.553-v:0.000)],27.553
examples/csp/csp_100/carseq_100_8_20_62.txt,dqn,300,0,[(t:4.802-v:138.000)-(t:4.823-v:135.000)-(t:4.829-v:134.000)-(t:4.840-v:133.000)-(t:4.854-v:124.000)-(t:4.859-v:123.000)-(t:4.865-v:121.000)-(t:4.878-v:119.000)-(t:4.889-v:115.000)-(t:4.899-v:112.000)-(t:4.907-v:109.000)-(t:4.915-v:106.000)-(t:4.923-v:103.000)-(t:4.932-v:102.000)-(t:4.941-v:101.000)-(t:4.951-v:100.000)-(t:4.962-v:99.000)-(t:4.972-v:98.000)-(t:4.979-v:97.000)-(t:4.989-v:96.000)-(t:4.997-v:95.000)-(t:5.006-v:94.000)-(t:5.014-v:93.000)-(t:5.022-v:92.000)-(t:5.030-v:90.000)-(t:5.040-v:89.000)-(t:5.047-v:88.000)-(t:5.057-v:87.000)-(t:5.064-v:86.000)-(t:5.074-v:85.000)-(t:5.082-v:81.000)-(t:5.094-v:80.000)-(t:5.104-v:78.000)-(t:5.114-v:77.000)-(t:5.123-v:76.000)-(t:5.139-v:75.000)-(t:5.147-v:74.000)-(t:5.155-v:73.000)-(t:5.165-v:72.000)-(t:5.179-v:71.000)-(t:5.197-v:69.000)-(t:5.206-v:68.000)-(t:5.217-v:67.000)-(t:5.242-v:66.000)-(t:5.248-v:64.000)-(t:5.259-v:63.000)-(t:5.270-v:62.000)-(t:5.278-v:61.000)-(t:5.284-v:59.000)-(t:5.291-v:58.000)-(t:5.296-v:56.000)-(t:5.301-v:55.000)-(t:5.315-v:54.000)-(t:5.321-v:53.000)-(t:5.327-v:52.000)-(t:5.333-v:50.000)-(t:5.350-v:49.000)-(t:5.358-v:48.000)-(t:5.364-v:47.000)-(t:5.371-v:46.000)-(t:5.378-v:45.000)-(t:5.385-v:44.000)-(t:5.392-v:43.000)-(t:5.398-v:42.000)-(t:5.414-v:41.000)-(t:5.421-v:40.000)-(t:5.427-v:39.000)-(t:5.435-v:36.000)-(t:5.442-v:34.000)-(t:5.455-v:33.000)-(t:5.461-v:32.000)-(t:5.470-v:31.000)-(t:5.478-v:29.000)-(t:5.533-v:28.000)-(t:5.543-v:27.000)-(t:5.550-v:26.000)-(t:5.561-v:25.000)-(t:5.571-v:24.000)-(t:5.588-v:23.000)-(t:5.598-v:22.000)-(t:5.610-v:21.000)-(t:5.628-v:19.000)-(t:5.637-v:18.000)-(t:5.642-v:17.000)-(t:5.668-v:16.000)-(t:5.684-v:15.000)-(t:5.703-v:14.000)-(t:5.762-v:13.000)-(t:5.803-v:12.000)-(t:5.849-v:10.000)-(t:5.868-v:9.000)-(t:5.893-v:8.000)-(t:5.924-v:7.000)-(t:5.937-v:6.000)-(t:6.311-v:5.000)-(t:6.674-v:4.000)-(t:6.780-v:3.000)-(t:11.918-v:2.000)-(t:12.182-v:1.000)-(t:72.582-v:0.000)],72.582
examples/csp/csp_100/carseq_100_8_20_71.txt,dqn,300,0,[(t:9.244-v:133.000)-(t:9.263-v:130.000)-(t:9.284-v:127.000)-(t:9.297-v:126.000)-(t:9.307-v:124.000)-(t:9.318-v:122.000)-(t:9.327-v:117.000)-(t:9.339-v:116.000)-(t:9.352-v:114.000)-(t:9.363-v:112.000)-(t:9.375-v:110.000)-(t:9.388-v:108.000)-(t:9.412-v:107.000)-(t:9.418-v:105.000)-(t:9.425-v:102.000)-(t:9.438-v:101.000)-(t:9.448-v:100.000)-(t:9.460-v:99.000)-(t:9.469-v:97.000)-(t:9.479-v:95.000)-(t:9.490-v:94.000)-(t:9.500-v:93.000)-(t:9.511-v:91.000)-(t:9.521-v:90.000)-(t:9.528-v:89.000)-(t:9.539-v:87.000)-(t:9.550-v:85.000)-(t:9.565-v:84.000)-(t:9.580-v:82.000)-(t:9.593-v:79.000)-(t:9.604-v:77.000)-(t:9.615-v:76.000)-(t:9.627-v:75.000)-(t:9.636-v:74.000)-(t:9.641-v:70.000)-(t:9.648-v:68.000)-(t:9.655-v:67.000)-(t:9.669-v:65.000)-(t:9.681-v:64.000)-(t:9.693-v:63.000)-(t:9.703-v:62.000)-(t:9.714-v:61.000)-(t:9.729-v:60.000)-(t:9.742-v:58.000)-(t:9.752-v:56.000)-(t:9.763-v:54.000)-(t:9.774-v:51.000)-(t:9.786-v:50.000)-(t:9.798-v:49.000)-(t:9.821-v:48.000)-(t:9.834-v:47.000)-(t:9.844-v:45.000)-(t:9.855-v:43.000)-(t:9.863-v:42.000)-(t:9.886-v:41.000)-(t:9.922-v:40.000)-(t:9.934-v:38.000)-(t:9.945-v:37.000)-(t:9.956-v:36.000)-(t:9.961-v:35.000)-(t:9.986-v:34.000)-(t:9.999-v:33.000)-(t:10.014-v:32.000)-(t:10.031-v:31.000)-(t:10.046-v:30.000)-(t:10.062-v:29.000)-(t:10.081-v:28.000)-(t:10.100-v:27.000)-(t:10.113-v:26.000)-(t:10.136-v:25.000)-(t:10.149-v:24.000)-(t:10.175-v:22.000)-(t:10.191-v:21.000)-(t:10.205-v:20.000)-(t:10.275-v:19.000)-(t:10.289-v:18.000)-(t:10.307-v:17.000)-(t:10.384-v:16.000)-(t:10.403-v:14.000)-(t:10.425-v:11.000)-(t:10.501-v:10.000)-(t:10.516-v:9.000)-(t:10.536-v:8.000)-(t:10.547-v:7.000)-(t:11.104-v:6.000)-(t:11.132-v:5.000)-(t:11.156-v:4.000)-(t:11.170-v:3.000)-(t:12.069-v:2.000)-(t:17.757-v:1.000)-(t:39.040-v:0.000)],39.040
examples/csp/csp_100/carseq_100_8_20_72.txt,dqn,300,0,[(t:8.529-v:107.000)-(t:8.558-v:106.000)-(t:8.571-v:104.000)-(t:8.583-v:102.000)-(t:8.599-v:99.000)-(t:8.610-v:95.000)-(t:8.621-v:94.000)-(t:8.628-v:92.000)-(t:8.639-v:90.000)-(t:8.649-v:89.000)-(t:8.667-v:88.000)-(t:8.679-v:85.000)-(t:8.689-v:84.000)-(t:8.700-v:83.000)-(t:8.710-v:80.000)-(t:8.722-v:79.000)-(t:8.734-v:78.000)-(t:8.744-v:75.000)-(t:8.752-v:73.000)-(t:8.762-v:72.000)-(t:8.773-v:71.000)-(t:8.783-v:69.000)-(t:8.794-v:67.000)-(t:8.804-v:66.000)-(t:8.822-v:65.000)-(t:8.833-v:64.000)-(t:8.847-v:62.000)-(t:8.855-v:61.000)-(t:8.865-v:60.000)-(t:8.877-v:59.000)-(t:8.884-v:58.000)-(t:8.897-v:57.000)-(t:8.913-v:56.000)-(t:8.923-v:54.000)-(t:8.934-v:53.000)-(t:8.952-v:52.000)-(t:8.960-v:50.000)-(t:8.968-v:49.000)-(t:8.979-v:47.000)-(t:8.994-v:44.000)-(t:9.004-v:42.000)-(t:9.014-v:41.000)-(t:9.025-v:40.000)-(t:9.036-v:39.000)-(t:9.046-v:37.000)-(t:9.060-v:36.000)-(t:9.066-v:35.000)-(t:9.106-v:34.000)-(t:9.120-v:33.000)-(t:9.130-v:32.000)-(t:9.143-v:31.000)-(t:9.154-v:30.000)-(t:9.165-v:29.000)-(t:9.171-v:28.000)-(t:9.189-v:27.000)-(t:9.206-v:26.000)-(t:9.219-v:25.000)-(t:9.230-v:24.000)-(t:9.241-v:23.000)-(t:9.254-v:22.000)-(t:9.263-v:21.000)-(t:9.269-v:20.000)-(t:9.306-v:19.000)-(t:9.372-v:18.000)-(t:9.405-v:17.000)-(t:9.431-v:16.000)-(t:9.445-v:15.000)-(t:9.461-v:14.000)-(t:9.487-v:13.000)-(t:9.505-v:12.000)-(t:9.517-v:11.000)-(t:9.540-v:10.000)-(t:9.604-v:9.000)-(t:9.626-v:8.000)-(t:9.685-v:7.000)-(t:10.151-v:6.000)-(t:10.226-v:5.000)-(t:10.239-v:4.000)-(t:10.297-v:3.000)-(t:10.317-v:2.000)-(t:20.540-v:1.000)-(t:20.901-v:0.000)],20.901
examples/csp/csp_100/carseq_100_8_20_73.txt,dqn,300,0,[(t:8.588-v:115.000)-(t:8.604-v:113.000)-(t:8.617-v:111.000)-(t:8.666-v:106.000)-(t:8.679-v:105.000)-(t:8.697-v:104.000)-(t:8.718-v:102.000)-(t:8.731-v:101.000)-(t:8.744-v:97.000)-(t:8.752-v:94.000)-(t:8.759-v:91.000)-(t:8.771-v:83.000)-(t:8.782-v:79.000)-(t:8.793-v:78.000)-(t:8.804-v:77.000)-(t:8.815-v:74.000)-(t:8.825-v:72.000)-(t:8.836-v:71.000)-(t:8.852-v:70.000)-(t:8.862-v:69.000)-(t:8.868-v:68.000)-(t:8.877-v:67.000)-(t:8.888-v:64.000)-(t:8.898-v:62.000)-(t:8.911-v:61.000)-(t:8.921-v:59.000)-(t:8.932-v:58.000)-(t:8.944-v:57.000)-(t:8.955-v:55.000)-(t:8.966-v:54.000)-(t:8.976-v:53.000)-(t:8.987-v:52.000)-(t:8.998-v:51.000)-(t:9.010-v:50.000)-(t:9.021-v:49.000)-(t:9.031-v:48.000)-(t:9.045-v:47.000)-(t:9.057-v:46.000)-(t:9.067-v:45.000)-(t:9.076-v:44.000)-(t:9.086-v:43.000)-(t:9.094-v:42.000)-(t:9.101-v:41.000)-(t:9.126-v:40.000)-(t:9.140-v:39.000)-(t:9.150-v:37.000)-(t:9.160-v:36.000)-(t:9.175-v:35.000)-(t:9.185-v:34.000)-(t:9.194-v:33.000)-(t:9.203-v:32.000)-(t:9.214-v:31.000)-(t:9.229-v:30.000)-(t:9.261-v:29.000)-(t:9.271-v:28.000)-(t:9.284-v:27.000)-(t:9.296-v:26.000)-(t:9.309-v:24.000)-(t:9.323-v:23.000)-(t:9.337-v:22.000)-(t:9.352-v:21.000)-(t:9.387-v:20.000)-(t:9.420-v:18.000)-(t:9.431-v:17.000)-(t:9.441-v:16.000)-(t:9.458-v:15.000)-(t:9.477-v:14.000)-(t:9.486-v:13.000)-(t:9.497-v:12.000)-(t:9.510-v:11.000)-(t:9.524-v:10.000)-(t:9.555-v:9.000)-(t:9.593-v:8.000)-(t:9.616-v:7.000)-(t:9.689-v:6.000)-(t:9.738-v:5.000)-(t:9.762-v:4.000)-(t:9.776-v:3.000)-(t:9.795-v:2.000)-(t:9.822-v:1.000)-(t:9.940-v:0.000)],9.940
examples/csp/csp_100/carseq_100_8_20_77.txt,dqn,300,0,[(t:9.277-v:107.000)-(t:9.290-v:106.000)-(t:9.303-v:105.000)-(t:9.329-v:104.000)-(t:9.342-v:102.000)-(t:9.352-v:99.000)-(t:9.363-v:98.000)-(t:9.383-v:95.000)-(t:9.396-v:94.000)-(t:9.408-v:93.000)-(t:9.418-v:92.000)-(t:9.432-v:90.000)-(t:9.444-v:88.000)-(t:9.451-v:87.000)-(t:9.463-v:85.000)-(t:9.476-v:84.000)-(t:9.487-v:82.000)-(t:9.499-v:81.000)-(t:9.509-v:80.000)-(t:9.521-v:76.000)-(t:9.534-v:75.000)-(t:9.544-v:74.000)-(t:9.552-v:72.000)-(t:9.563-v:71.000)-(t:9.575-v:70.000)-(t:9.583-v:68.000)-(t:9.596-v:67.000)-(t:9.608-v:66.000)-(t:9.620-v:65.000)-(t:9.632-v:64.000)-(t:9.643-v:63.000)-(t:9.654-v:62.000)-(t:9.661-v:59.000)-(t:9.672-v:58.000)-(t:9.697-v:57.000)-(t:9.710-v:56.000)-(t:9.721-v:55.000)-(t:9.731-v:53.000)-(t:9.744-v:51.000)-(t:9.753-v:49.000)-(t:9.767-v:48.000)-(t:9.787-v:47.000)-(t:9.798-v:46.000)-(t:9.808-v:45.000)-(t:9.819-v:44.000)-(t:9.829-v:43.000)-(t:9.840-v:42.000)-(t:9.853-v:40.000)-(t:9.866-v:39.000)-(t:9.879-v:38.000)-(t:9.890-v:37.000)-(t:9.901-v:36.000)-(t:9.911-v:33.000)-(t:9.923-v:32.000)-(t:9.940-v:30.000)-(t:9.954-v:29.000)-(t:9.960-v:28.000)-(t:9.974-v:27.000)-(t:9.986-v:26.000)-(t:9.998-v:25.000)-(t:10.022-v:22.000)-(t:10.037-v:20.000)-(t:10.050-v:19.000)-(t:10.061-v:18.000)-(t:10.128-v:17.000)-(t:10.142-v:16.000)-(t:10.153-v:15.000)-(t:10.166-v:14.000)-(t:10.197-v:13.000)-(t:10.231-v:12.000)-(t:10.245-v:11.000)-(t:10.270-v:10.000)-(t:10.288-v:9.000)-(t:10.333-v:8.000)-(t:10.358-v:7.000)-(t:10.389-v:6.000)-(t:10.486-v:4.000)-(t:10.497-v:3.000)-(t:10.526-v:2.000)-(t:20.096-v:1.000)-(t:38.077-v:0.000)],38.077
examples/csp/csp_100/16-81.txt,dqn,300,4,[(t:5.853-v:114.000)-(t:5.881-v:113.000)-(t:5.895-v:112.000)-(t:5.906-v:111.000)-(t:5.916-v:110.000)-(t:5.924-v:106.000)-(t:5.934-v:103.000)-(t:5.941-v:102.000)-(t:5.949-v:100.000)-(t:5.958-v:99.000)-(t:5.967-v:98.000)-(t:5.974-v:96.000)-(t:5.982-v:94.000)-(t:5.992-v:93.000)-(t:6.002-v:92.000)-(t:6.020-v:91.000)-(t:6.031-v:88.000)-(t:6.043-v:87.000)-(t:6.053-v:86.000)-(t:6.063-v:85.000)-(t:6.072-v:84.000)-(t:6.081-v:83.000)-(t:6.088-v:82.000)-(t:6.095-v:79.000)-(t:6.103-v:78.000)-(t:6.110-v:75.000)-(t:6.119-v:73.000)-(t:6.137-v:72.000)-(t:6.150-v:69.000)-(t:6.159-v:68.000)-(t:6.172-v:67.000)-(t:6.181-v:66.000)-(t:6.210-v:65.000)-(t:6.219-v:64.000)-(t:6.233-v:63.000)-(t:6.242-v:62.000)-(t:6.253-v:61.000)-(t:6.262-v:60.000)-(t:6.271-v:59.000)-(t:6.280-v:58.000)-(t:6.288-v:57.000)-(t:6.297-v:56.000)-(t:6.306-v:55.000)-(t:6.315-v:53.000)-(t:6.323-v:52.000)-(t:6.333-v:51.000)-(t:6.341-v:49.000)-(t:6.351-v:48.000)-(t:6.360-v:47.000)-(t:6.368-v:46.000)-(t:6.395-v:45.000)-(t:6.404-v:44.000)-(t:6.416-v:43.000)-(t:6.425-v:42.000)-(t:6.443-v:40.000)-(t:6.451-v:39.000)-(t:6.460-v:38.000)-(t:6.469-v:36.000)-(t:6.477-v:35.000)-(t:6.525-v:34.000)-(t:6.536-v:33.000)-(t:6.549-v:32.000)-(t:6.572-v:31.000)-(t:6.583-v:30.000)-(t:6.593-v:29.000)-(t:6.604-v:28.000)-(t:6.614-v:27.000)-(t:6.624-v:26.000)-(t:6.637-v:25.000)-(t:6.694-v:24.000)-(t:6.740-v:23.000)-(t:6.781-v:22.000)-(t:6.793-v:21.000)-(t:6.807-v:20.000)-(t:6.869-v:19.000)-(t:6.918-v:18.000)-(t:6.933-v:17.000)-(t:6.975-v:16.000)-(t:6.993-v:15.000)-(t:7.008-v:14.000)-(t:7.023-v:13.000)-(t:7.301-v:12.000)-(t:7.309-v:11.000)-(t:7.377-v:10.000)-(t:7.442-v:9.000)-(t:13.409-v:8.000)-(t:33.302-v:7.000)-(t:39.469-v:6.000)-(t:65.615-v:5.000)-(t:196.795-v:4.000)],300.000
examples/csp/csp_100/21-90.txt,dqn,300,2,[(t:6.388-v:102.000)-(t:6.398-v:101.000)-(t:6.413-v:97.000)-(t:6.425-v:96.000)-(t:6.436-v:93.000)-(t:6.443-v:92.000)-(t:6.451-v:91.000)-(t:6.459-v:86.000)-(t:6.468-v:85.000)-(t:6.475-v:80.000)-(t:6.482-v:77.000)-(t:6.492-v:75.000)-(t:6.499-v:74.000)-(t:6.507-v:73.000)-(t:6.516-v:71.000)-(t:6.525-v:70.000)-(t:6.534-v:69.000)-(t:6.542-v:65.000)-(t:6.555-v:64.000)-(t:6.562-v:63.000)-(t:6.570-v:58.000)-(t:6.577-v:57.000)-(t:6.587-v:56.000)-(t:6.599-v:55.000)-(t:6.607-v:54.000)-(t:6.616-v:53.000)-(t:6.624-v:51.000)-(t:6.632-v:50.000)-(t:6.642-v:49.000)-(t:6.650-v:47.000)-(t:6.659-v:45.000)-(t:6.666-v:44.000)-(t:6.675-v:43.000)-(t:6.683-v:42.000)-(t:6.697-v:41.000)-(t:6.709-v:40.000)-(t:6.717-v:39.000)-(t:6.748-v:38.000)-(t:6.758-v:37.000)-(t:6.829-v:36.000)-(t:6.841-v:34.000)-(t:6.850-v:33.000)-(t:6.860-v:30.000)-(t:6.872-v:29.000)-(t:6.897-v:28.000)-(t:6.920-v:27.000)-(t:6.931-v:26.000)-(t:6.943-v:25.000)-(t:6.953-v:24.000)-(t:6.964-v:23.000)-(t:6.985-v:22.000)-(t:6.994-v:21.000)-(t:7.021-v:20.000)-(t:7.050-v:19.000)-(t:7.091-v:17.000)-(t:7.115-v:16.000)-(t:7.139-v:15.000)-(t:7.149-v:14.000)-(t:7.167-v:13.000)-(t:7.268-v:12.000)-(t:7.278-v:11.000)-(t:7.292-v:10.000)-(t:7.304-v:9.000)-(t:7.318-v:8.000)-(t:7.339-v:7.000)-(t:7.367-v:6.000)-(t:7.391-v:5.000)-(t:7.419-v:4.000)-(t:10.406-v:3.000)-(t:12.962-v:2.000)],9.659
examples/csp/csp_100/36-92.txt,dqn,300,2,[(t:6.258-v:122.000)-(t:6.276-v:121.000)-(t:6.285-v:118.000)-(t:6.295-v:117.000)-(t:6.303-v:114.000)-(t:6.313-v:113.000)-(t:6.321-v:112.000)-(t:6.344-v:108.000)-(t:6.361-v:105.000)-(t:6.370-v:101.000)-(t:6.378-v:99.000)-(t:6.387-v:97.000)-(t:6.396-v:92.000)-(t:6.405-v:91.000)-(t:6.413-v:90.000)-(t:6.427-v:89.000)-(t:6.435-v:88.000)-(t:6.449-v:87.000)-(t:6.459-v:84.000)-(t:6.468-v:83.000)-(t:6.480-v:80.000)-(t:6.491-v:79.000)-(t:6.501-v:75.000)-(t:6.509-v:74.000)-(t:6.518-v:70.000)-(t:6.528-v:69.000)-(t:6.539-v:68.000)-(t:6.547-v:63.000)-(t:6.556-v:62.000)-(t:6.563-v:61.000)-(t:6.572-v:60.000)-(t:6.581-v:59.000)-(t:6.589-v:58.000)-(t:6.597-v:56.000)-(t:6.607-v:54.000)-(t:6.618-v:53.000)-(t:6.634-v:52.000)-(t:6.645-v:51.000)-(t:6.655-v:49.000)-(t:6.664-v:48.000)-(t:6.677-v:47.000)-(t:6.686-v:46.000)-(t:6.695-v:45.000)-(t:6.709-v:44.000)-(t:6.719-v:43.000)-(t:6.733-v:42.000)-(t:6.742-v:41.000)-(t:6.751-v:39.000)-(t:6.761-v:38.000)-(t:6.769-v:37.000)-(t:6.797-v:35.000)-(t:6.805-v:34.000)-(t:6.816-v:33.000)-(t:6.836-v:32.000)-(t:6.864-v:31.000)-(t:6.874-v:30.000)-(t:6.884-v:29.000)-(t:6.894-v:28.000)-(t:6.909-v:27.000)-(t:6.918-v:26.000)-(t:6.960-v:25.000)-(t:6.970-v:24.000)-(t:7.009-v:23.000)-(t:7.030-v:22.000)-(t:7.055-v:21.000)-(t:7.114-v:20.000)-(t:7.133-v:19.000)-(t:7.148-v:18.000)-(t:7.190-v:17.000)-(t:7.208-v:16.000)-(t:7.226-v:15.000)-(t:7.236-v:14.000)-(t:7.248-v:13.000)-(t:7.318-v:12.000)-(t:7.341-v:11.000)-(t:7.365-v:10.000)-(t:7.420-v:9.000)-(t:8.236-v:8.000)-(t:15.432-v:7.000)-(t:18.232-v:6.000)-(t:25.641-v:5.000)-(t:37.904-v:4.000)-(t:46.129-v:3.000)-(t:225.360-v:2.000)],91.518
examples/csp/csp_100/4-72.txt,dqn,300,1,[(t:5.725-v:122.000)-(t:5.741-v:121.000)-(t:5.755-v:120.000)-(t:5.763-v:117.000)-(t:5.770-v:116.000)-(t:5.778-v:114.000)-(t:5.786-v:111.000)-(t:5.794-v:110.000)-(t:5.800-v:108.000)-(t:5.820-v:107.000)-(t:5.828-v:106.000)-(t:5.835-v:104.000)-(t:5.845-v:103.000)-(t:5.853-v:102.000)-(t:5.860-v:101.000)-(t:5.867-v:100.000)-(t:5.874-v:98.000)-(t:5.882-v:95.000)-(t:5.889-v:94.000)-(t:5.897-v:90.000)-(t:5.904-v:89.000)-(t:5.911-v:83.000)-(t:5.919-v:80.000)-(t:5.927-v:79.000)-(t:5.937-v:77.000)-(t:5.944-v:76.000)-(t:5.952-v:75.000)-(t:5.960-v:74.000)-(t:5.967-v:73.000)-(t:5.974-v:72.000)-(t:5.983-v:71.000)-(t:5.991-v:70.000)-(t:6.005-v:69.000)-(t:6.014-v:68.000)-(t:6.022-v:67.000)-(t:6.029-v:64.000)-(t:6.037-v:62.000)-(t:6.045-v:61.000)-(t:6.055-v:60.000)-(t:6.063-v:59.000)-(t:6.072-v:58.000)-(t:6.079-v:57.000)-(t:6.088-v:56.000)-(t:6.108-v:54.000)-(t:6.116-v:53.000)-(t:6.123-v:52.000)-(t:6.140-v:50.000)-(t:6.148-v:48.000)-(t:6.169-v:46.000)-(t:6.179-v:45.000)-(t:6.187-v:44.000)-(t:6.195-v:43.000)-(t:6.202-v:42.000)-(t:6.210-v:41.000)-(t:6.217-v:39.000)-(t:6.227-v:38.000)-(t:6.236-v:37.000)-(t:6.250-v:36.000)-(t:6.257-v:35.000)-(t:6.266-v:34.000)-(t:6.275-v:33.000)-(t:6.291-v:32.000)-(t:6.310-v:31.000)-(t:6.325-v:30.000)-(t:6.369-v:29.000)-(t:6.387-v:28.000)-(t:6.404-v:27.000)-(t:6.431-v:26.000)-(t:6.439-v:25.000)-(t:6.445-v:24.000)-(t:6.479-v:23.000)-(t:6.491-v:22.000)-(t:6.526-v:21.000)-(t:6.568-v:20.000)-(t:6.578-v:19.000)-(t:6.589-v:18.000)-(t:6.598-v:17.000)-(t:6.608-v:16.000)-(t:6.617-v:15.000)-(t:6.628-v:14.000)-(t:6.642-v:13.000)-(t:6.666-v:12.000)-(t:6.679-v:11.000)-(t:6.700-v:10.000)-(t:6.776-v:9.000)-(t:6.794-v:8.000)-(t:6.818-v:7.000)-(t:6.882-v:6.000)-(t:6.975-v:5.000)-(t:8.072-v:4.000)-(t:8.445-v:3.000)-(t:13.283-v:2.000)-(t:13.816-v:1.000)],300.000
examples/csp/csp_100/6-76.txt,dqn,300,6,[(t:5.870-v:106.000)-(t:5.887-v:105.000)-(t:5.905-v:101.000)-(t:5.929-v:100.000)-(t:5.939-v:98.000)-(t:5.948-v:97.000)-(t:5.960-v:96.000)-(t:5.968-v:92.000)-(t:5.976-v:90.000)-(t:5.987-v:89.000)-(t:5.999-v:88.000)-(t:6.008-v:81.000)-(t:6.024-v:80.000)-(t:6.036-v:79.000)-(t:6.049-v:78.000)-(t:6.059-v:77.000)-(t:6.073-v:73.000)-(t:6.103-v:72.000)-(t:6.110-v:71.000)-(t:6.117-v:70.000)-(t:6.126-v:69.000)-(t:6.133-v:65.000)-(t:6.139-v:63.000)-(t:6.146-v:61.000)-(t:6.153-v:60.000)-(t:6.160-v:59.000)-(t:6.168-v:57.000)-(t:6.174-v:55.000)-(t:6.182-v:54.000)-(t:6.189-v:53.000)-(t:6.197-v:52.000)-(t:6.205-v:51.000)-(t:6.212-v:50.000)-(t:6.220-v:49.000)-(t:6.227-v:47.000)-(t:6.236-v:46.000)-(t:6.245-v:45.000)-(t:6.253-v:43.000)-(t:6.261-v:42.000)-(t:6.270-v:41.000)-(t:6.281-v:40.000)-(t:6.289-v:38.000)-(t:6.297-v:37.000)-(t:6.304-v:36.000)-(t:6.313-v:35.000)-(t:6.339-v:34.000)-(t:6.348-v:33.000)-(t:6.369-v:31.000)-(t:6.382-v:29.000)-(t:6.396-v:28.000)-(t:6.423-v:27.000)-(t:6.434-v:26.000)-(t:6.444-v:25.000)-(t:6.454-v:24.000)-(t:6.464-v:23.000)-(t:6.476-v:22.000)-(t:6.493-v:21.000)-(t:6.503-v:20.000)-(t:6.512-v:19.000)-(t:6.548-v:18.000)-(t:6.557-v:17.000)-(t:6.590-v:16.000)-(t:6.600-v:15.000)-(t:6.609-v:14.000)-(t:6.625-v:13.000)-(t:6.636-v:12.000)-(t:6.647-v:11.000)-(t:6.685-v:10.000)-(t:6.700-v:9.000)-(t:7.057-v:8.000)-(t:7.079-v:7.000)-(t:7.313-v:6.000)],6.692
examples/csp/csp_100/carseq_100_8_20_90.txt,dqn,300,0,[(t:4.566-v:104.000)-(t:4.580-v:103.000)-(t:4.599-v:101.000)-(t:4.604-v:100.000)-(t:4.615-v:98.000)-(t:4.620-v:96.000)-(t:4.626-v:95.000)-(t:4.640-v:94.000)-(t:4.648-v:93.000)-(t:4.657-v:92.000)-(t:4.663-v:90.000)-(t:4.670-v:89.000)-(t:4.677-v:86.000)-(t:4.684-v:85.000)-(t:4.691-v:84.000)-(t:4.699-v:81.000)-(t:4.707-v:79.000)-(t:4.717-v:78.000)-(t:4.724-v:77.000)-(t:4.732-v:75.000)-(t:4.740-v:73.000)-(t:4.747-v:71.000)-(t:4.754-v:69.000)-(t:4.761-v:68.000)-(t:4.770-v:67.000)-(t:4.779-v:65.000)-(t:4.786-v:64.000)-(t:4.793-v:63.000)-(t:4.801-v:62.000)-(t:4.813-v:61.000)-(t:4.822-v:60.000)-(t:4.833-v:59.000)-(t:4.840-v:58.000)-(t:4.847-v:55.000)-(t:4.856-v:54.000)-(t:4.864-v:53.000)-(t:4.871-v:52.000)-(t:4.878-v:51.000)-(t:4.886-v:50.000)-(t:4.893-v:49.000)-(t:4.900-v:47.000)-(t:4.908-v:46.000)-(t:4.916-v:45.000)-(t:4.923-v:44.000)-(t:4.930-v:43.000)-(t:4.937-v:42.000)-(t:4.943-v:41.000)-(t:4.951-v:40.000)-(t:4.958-v:39.000)-(t:4.985-v:38.000)-(t:4.992-v:36.000)-(t:5.000-v:35.000)-(t:5.007-v:34.000)-(t:5.015-v:33.000)-(t:5.023-v:32.000)-(t:5.032-v:31.000)-(t:5.041-v:30.000)-(t:5.049-v:29.000)-(t:5.084-v:28.000)-(t:5.096-v:26.000)-(t:5.112-v:25.000)-(t:5.131-v:24.000)-(t:5.161-v:23.000)-(t:5.173-v:22.000)-(t:5.183-v:21.000)-(t:5.192-v:20.000)-(t:5.203-v:19.000)-(t:5.221-v:17.000)-(t:5.230-v:16.000)-(t:5.299-v:15.000)-(t:5.306-v:14.000)-(t:5.325-v:13.000)-(t:5.332-v:12.000)-(t:5.355-v:11.000)-(t:5.362-v:10.000)-(t:5.373-v:9.000)-(t:5.384-v:8.000)-(t:5.435-v:7.000)-(t:5.463-v:6.000)-(t:5.471-v:5.000)-(t:5.871-v:4.000)-(t:5.880-v:3.000)-(t:6.026-v:2.000)-(t:6.038-v:1.000)-(t:6.918-v:0.000)],6.918
examples/csp/csp_100/carseq_100_8_20_94.txt,dqn,300,0,[(t:5.608-v:118.000)-(t:5.623-v:116.000)-(t:5.648-v:114.000)-(t:5.670-v:109.000)-(t:5.679-v:108.000)-(t:5.688-v:107.000)-(t:5.695-v:106.000)-(t:5.701-v:105.000)-(t:5.711-v:102.000)-(t:5.720-v:101.000)-(t:5.728-v:100.000)-(t:5.740-v:98.000)-(t:5.748-v:97.000)-(t:5.758-v:95.000)-(t:5.766-v:94.000)-(t:5.773-v:93.000)-(t:5.781-v:91.000)-(t:5.789-v:87.000)-(t:5.808-v:86.000)-(t:5.817-v:84.000)-(t:5.824-v:83.000)-(t:5.829-v:82.000)-(t:5.843-v:81.000)-(t:5.851-v:80.000)-(t:5.859-v:79.000)-(t:5.867-v:78.000)-(t:5.873-v:77.000)-(t:5.880-v:75.000)-(t:5.889-v:74.000)-(t:5.896-v:73.000)-(t:5.902-v:72.000)-(t:5.910-v:71.000)-(t:5.920-v:70.000)-(t:5.928-v:68.000)-(t:5.942-v:67.000)-(t:5.953-v:66.000)-(t:5.961-v:65.000)-(t:5.968-v:64.000)-(t:5.975-v:62.000)-(t:5.981-v:61.000)-(t:5.988-v:60.000)-(t:5.996-v:59.000)-(t:6.004-v:58.000)-(t:6.013-v:57.000)-(t:6.027-v:56.000)-(t:6.036-v:55.000)-(t:6.055-v:54.000)-(t:6.063-v:53.000)-(t:6.070-v:52.000)-(t:6.079-v:51.000)-(t:6.087-v:50.000)-(t:6.096-v:49.000)-(t:6.104-v:48.000)-(t:6.111-v:45.000)-(t:6.133-v:44.000)-(t:6.140-v:43.000)-(t:6.148-v:42.000)-(t:6.157-v:41.000)-(t:6.168-v:40.000)-(t:6.187-v:38.000)-(t:6.194-v:37.000)-(t:6.203-v:34.000)-(t:6.213-v:33.000)-(t:6.221-v:32.000)-(t:6.228-v:31.000)-(t:6.237-v:30.000)-(t:6.244-v:29.000)-(t:6.254-v:28.000)-(t:6.263-v:27.000)-(t:6.269-v:26.000)-(t:6.277-v:25.000)-(t:6.284-v:24.000)-(t:6.292-v:23.000)-(t:6.300-v:22.000)-(t:6.346-v:20.000)-(t:6.355-v:19.000)-(t:6.363-v:18.000)-(t:6.375-v:17.000)-(t:6.405-v:16.000)-(t:6.413-v:15.000)-(t:6.445-v:14.000)-(t:6.464-v:13.000)-(t:6.532-v:12.000)-(t:6.539-v:10.000)-(t:6.549-v:9.000)-(t:6.573-v:8.000)-(t:6.625-v:7.000)-(t:6.642-v:6.000)-(t:6.653-v:5.000)-(t:6.670-v:4.000)-(t:6.936-v:3.000)-(t:7.113-v:2.000)-(t:7.255-v:1.000)-(t:7.696-v:0.000)],7.696
examples/csp/csp_100/carseq_100_8_20_82.txt,dqn,300,0,[(t:6.616-v:133.000)-(t:6.657-v:131.000)-(t:6.665-v:130.000)-(t:6.678-v:128.000)-(t:6.687-v:127.000)-(t:6.694-v:126.000)-(t:6.704-v:125.000)-(t:6.711-v:124.000)-(t:6.720-v:121.000)-(t:6.727-v:118.000)-(t:6.734-v:117.000)-(t:6.740-v:114.000)-(t:6.746-v:113.000)-(t:6.754-v:112.000)-(t:6.760-v:110.000)-(t:6.766-v:105.000)-(t:6.772-v:103.000)-(t:6.778-v:97.000)-(t:6.784-v:96.000)-(t:6.789-v:94.000)-(t:6.796-v:92.000)-(t:6.803-v:89.000)-(t:6.809-v:86.000)-(t:6.816-v:85.000)-(t:6.824-v:84.000)-(t:6.830-v:83.000)-(t:6.840-v:82.000)-(t:6.846-v:81.000)-(t:6.853-v:79.000)-(t:6.863-v:76.000)-(t:6.869-v:75.000)-(t:6.878-v:73.000)-(t:6.888-v:72.000)-(t:6.904-v:71.000)-(t:6.910-v:68.000)-(t:6.917-v:67.000)-(t:6.925-v:65.000)-(t:6.932-v:64.000)-(t:6.947-v:63.000)-(t:6.957-v:62.000)-(t:6.964-v:61.000)-(t:6.974-v:60.000)-(t:6.982-v:59.000)-(t:6.992-v:58.000)-(t:6.998-v:57.000)-(t:7.007-v:56.000)-(t:7.014-v:54.000)-(t:7.020-v:51.000)-(t:7.027-v:50.000)-(t:7.051-v:49.000)-(t:7.057-v:48.000)-(t:7.062-v:47.000)-(t:7.069-v:46.000)-(t:7.076-v:45.000)-(t:7.082-v:44.000)-(t:7.088-v:42.000)-(t:7.095-v:41.000)-(t:7.114-v:40.000)-(t:7.125-v:39.000)-(t:7.132-v:37.000)-(t:7.155-v:36.000)-(t:7.169-v:34.000)-(t:7.177-v:33.000)-(t:7.223-v:32.000)-(t:7.253-v:31.000)-(t:7.291-v:30.000)-(t:7.297-v:29.000)-(t:7.303-v:28.000)-(t:7.310-v:26.000)-(t:7.340-v:25.000)-(t:7.351-v:24.000)-(t:7.361-v:23.000)-(t:7.380-v:22.000)-(t:7.389-v:21.000)-(t:7.403-v:20.000)-(t:7.454-v:19.000)-(t:7.469-v:18.000)-(t:7.476-v:17.000)-(t:7.487-v:15.000)-(t:7.505-v:14.000)-(t:7.518-v:13.000)-(t:7.606-v:12.000)-(t:7.622-v:11.000)-(t:7.634-v:10.000)-(t:7.652-v:9.000)-(t:7.657-v:8.000)-(t:7.677-v:7.000)-(t:7.695-v:6.000)-(t:7.705-v:5.000)-(t:12.977-v:4.000)-(t:13.066-v:3.000)-(t:25.324-v:2.000)-(t:26.010-v:1.000)-(t:52.325-v:0.000)],52.325
examples/csp/csp_100/carseq_100_8_20_67.txt,dqn,300,1,[(t:9.024-v:90.000)-(t:9.072-v:89.000)-(t:9.085-v:86.000)-(t:9.097-v:83.000)-(t:9.108-v:79.000)-(t:9.132-v:76.000)-(t:9.151-v:75.000)-(t:9.163-v:73.000)-(t:9.171-v:72.000)-(t:9.183-v:71.000)-(t:9.196-v:70.000)-(t:9.208-v:69.000)-(t:9.220-v:68.000)-(t:9.230-v:67.000)-(t:9.243-v:66.000)-(t:9.254-v:65.000)-(t:9.265-v:64.000)-(t:9.272-v:63.000)-(t:9.283-v:62.000)-(t:9.293-v:61.000)-(t:9.305-v:60.000)-(t:9.316-v:59.000)-(t:9.328-v:58.000)-(t:9.342-v:57.000)-(t:9.355-v:56.000)-(t:9.367-v:54.000)-(t:9.379-v:53.000)-(t:9.392-v:52.000)-(t:9.405-v:51.000)-(t:9.416-v:50.000)-(t:9.427-v:49.000)-(t:9.439-v:48.000)-(t:9.452-v:47.000)-(t:9.462-v:46.000)-(t:9.477-v:45.000)-(t:9.489-v:43.000)-(t:9.501-v:42.000)-(t:9.512-v:41.000)-(t:9.523-v:40.000)-(t:9.533-v:38.000)-(t:9.545-v:37.000)-(t:9.557-v:36.000)-(t:9.570-v:32.000)-(t:9.583-v:31.000)-(t:9.594-v:30.000)-(t:9.606-v:29.000)-(t:9.618-v:26.000)-(t:9.631-v:25.000)-(t:9.641-v:23.000)-(t:9.664-v:22.000)-(t:9.674-v:21.000)-(t:9.683-v:20.000)-(t:9.695-v:19.000)-(t:9.719-v:18.000)-(t:9.743-v:17.000)-(t:9.770-v:16.000)-(t:9.783-v:15.000)-(t:9.795-v:13.000)-(t:9.807-v:12.000)-(t:9.834-v:11.000)-(t:9.857-v:10.000)-(t:9.873-v:9.000)-(t:9.884-v:8.000)-(t:9.916-v:7.000)-(t:9.926-v:6.000)-(t:9.956-v:5.000)-(t:9.993-v:4.000)-(t:10.361-v:3.000)-(t:10.371-v:2.000)-(t:18.576-v:1.000)],300.000
examples/csp/csp_200/pb_200_06.txt,dqn,300,,,
examples/csp/csp_200/pb_200_07.txt,dqn,300,,,
examples/csp/csp_200/pb_200_08.txt,dqn,300,,,
examples/csp/csp_200/pb_200_09.txt,dqn,300,,,
examples/csp/csp_200/pb_200_10.txt,dqn,300,,,
examples/csp/csp_100/carseq_100_8_20_99.txt,dqn,300,0,[(t:6.152-v:150.000)-(t:6.163-v:145.000)-(t:6.171-v:138.000)-(t:6.185-v:134.000)-(t:6.192-v:132.000)-(t:6.216-v:130.000)-(t:6.223-v:126.000)-(t:6.228-v:123.000)-(t:6.234-v:122.000)-(t:6.240-v:121.000)-(t:6.246-v:119.000)-(t:6.252-v:118.000)-(t:6.258-v:117.000)-(t:6.264-v:115.000)-(t:6.270-v:114.000)-(t:6.278-v:113.000)-(t:6.284-v:111.000)-(t:6.297-v:108.000)-(t:6.304-v:107.000)-(t:6.310-v:103.000)-(t:6.318-v:102.000)-(t:6.323-v:101.000)-(t:6.331-v:95.000)-(t:6.336-v:93.000)-(t:6.341-v:91.000)-(t:6.346-v:89.000)-(t:6.351-v:88.000)-(t:6.356-v:87.000)-(t:6.361-v:85.000)-(t:6.366-v:82.000)-(t:6.371-v:80.000)-(t:6.377-v:79.000)-(t:6.381-v:78.000)-(t:6.387-v:75.000)-(t:6.394-v:74.000)-(t:6.401-v:71.000)-(t:6.407-v:70.000)-(t:6.414-v:69.000)-(t:6.419-v:67.000)-(t:6.424-v:66.000)-(t:6.436-v:65.000)-(t:6.446-v:64.000)-(t:6.454-v:63.000)-(t:6.464-v:62.000)-(t:6.471-v:61.000)-(t:6.478-v:60.000)-(t:6.484-v:59.000)-(t:6.490-v:57.000)-(t:6.496-v:56.000)-(t:6.503-v:55.000)-(t:6.512-v:54.000)-(t:6.528-v:52.000)-(t:6.537-v:51.000)-(t:6.546-v:50.000)-(t:6.554-v:49.000)-(t:6.565-v:48.000)-(t:6.576-v:46.000)-(t:6.583-v:45.000)-(t:6.590-v:44.000)-(t:6.603-v:43.000)-(t:6.632-v:42.000)-(t:6.640-v:39.000)-(t:6.649-v:38.000)-(t:6.660-v:36.000)-(t:6.668-v:35.000)-(t:6.676-v:33.000)-(t:6.686-v:32.000)-(t:6.704-v:31.000)-(t:6.711-v:29.000)-(t:6.720-v:28.000)-(t:6.733-v:27.000)-(t:6.759-v:26.000)-(t:6.773-v:24.000)-(t:6.792-v:23.000)-(t:6.807-v:22.000)-(t:6.816-v:21.000)-(t:6.833-v:20.000)-(t:6.843-v:19.000)-(t:6.862-v:18.000)-(t:6.870-v:17.000)-(t:6.885-v:16.000)-(t:6.907-v:15.000)-(t:6.918-v:14.000)-(t:6.939-v:13.000)-(t:6.954-v:12.000)-(t:6.966-v:11.000)-(t:6.981-v:10.000)-(t:7.047-v:9.000)-(t:7.416-v:8.000)-(t:7.443-v:7.000)-(t:7.906-v:6.000)-(t:10.361-v:5.000)-(t:14.197-v:4.000)-(t:14.279-v:3.000)-(t:14.488-v:2.000)-(t:17.047-v:1.000)-(t:133.892-v:0.000)],133.892
examples/csp/csp_300/carseq_300_8_20_38.txt,dqn,300,,,
examples/csp/csp_300/carseq_300_8_20_40.txt,dqn,300,,,
examples/csp/csp_300/carseq_300_8_20_45.txt,dqn,300,,,
examples/csp/csp_100/carseq_100_8_20_81.txt,dqn,300,1,[(t:5.887-v:119.000)-(t:5.901-v:117.000)-(t:5.908-v:114.000)-(t:5.918-v:112.000)-(t:5.935-v:110.000)-(t:5.942-v:108.000)-(t:5.950-v:106.000)-(t:5.958-v:105.000)-(t:5.966-v:100.000)-(t:5.974-v:96.000)-(t:5.981-v:93.000)-(t:5.989-v:92.000)-(t:5.996-v:91.000)-(t:6.003-v:89.000)-(t:6.009-v:87.000)-(t:6.021-v:86.000)-(t:6.027-v:85.000)-(t:6.035-v:84.000)-(t:6.042-v:83.000)-(t:6.049-v:82.000)-(t:6.055-v:80.000)-(t:6.062-v:77.000)-(t:6.068-v:74.000)-(t:6.075-v:72.000)-(t:6.081-v:71.000)-(t:6.088-v:69.000)-(t:6.096-v:68.000)-(t:6.103-v:67.000)-(t:6.110-v:64.000)-(t:6.116-v:62.000)-(t:6.122-v:61.000)-(t:6.129-v:60.000)-(t:6.136-v:59.000)-(t:6.143-v:57.000)-(t:6.155-v:56.000)-(t:6.167-v:55.000)-(t:6.174-v:54.000)-(t:6.186-v:52.000)-(t:6.191-v:50.000)-(t:6.196-v:49.000)-(t:6.202-v:47.000)-(t:6.209-v:46.000)-(t:6.216-v:45.000)-(t:6.222-v:43.000)-(t:6.227-v:42.000)-(t:6.232-v:40.000)-(t:6.243-v:39.000)-(t:6.250-v:38.000)-(t:6.255-v:36.000)-(t:6.261-v:35.000)-(t:6.267-v:34.000)-(t:6.272-v:33.000)-(t:6.277-v:32.000)-(t:6.283-v:31.000)-(t:6.288-v:29.000)-(t:6.305-v:28.000)-(t:6.311-v:27.000)-(t:6.316-v:26.000)-(t:6.325-v:25.000)-(t:6.337-v:24.000)-(t:6.345-v:23.000)-(t:6.351-v:22.000)-(t:6.364-v:21.000)-(t:6.373-v:20.000)-(t:6.386-v:19.000)-(t:6.398-v:18.000)-(t:6.422-v:17.000)-(t:6.430-v:16.000)-(t:6.457-v:15.000)-(t:6.479-v:14.000)-(t:6.523-v:13.000)-(t:6.547-v:11.000)-(t:6.583-v:10.000)-(t:6.603-v:9.000)-(t:6.617-v:8.000)-(t:6.656-v:7.000)-(t:6.667-v:6.000)-(t:6.674-v:5.000)-(t:6.937-v:4.000)-(t:6.945-v:3.000)-(t:7.102-v:2.000)-(t:47.542-v:1.000)],300.000
examples/csp/csp_300/carseq_300_8_20_47.txt,dqn,300,,,
examples/csp/csp_300/carseq_300_8_20_53.txt,dqn,300,,,
examples/csp/csp_300/carseq_300_8_20_56.txt,dqn,300,,,
examples/csp/csp_300/carseq_300_8_20_62.txt,dqn,300,,,
examples/csp/csp_300/carseq_300_8_20_76.txt,dqn,300,,,
examples/csp/csp_300/carseq_300_8_20_78.txt,dqn,300,,,
examples/csp/csp_100/carseq_100_8_20_88.txt,dqn,300,0,[(t:5.178-v:129.000)-(t:5.186-v:128.000)-(t:5.224-v:127.000)-(t:5.234-v:126.000)-(t:5.248-v:123.000)-(t:5.253-v:120.000)-(t:5.264-v:117.000)-(t:5.273-v:116.000)-(t:5.284-v:114.000)-(t:5.292-v:113.000)-(t:5.299-v:112.000)-(t:5.308-v:110.000)-(t:5.316-v:109.000)-(t:5.323-v:108.000)-(t:5.330-v:106.000)-(t:5.338-v:105.000)-(t:5.346-v:104.000)-(t:5.354-v:103.000)-(t:5.361-v:100.000)-(t:5.370-v:99.000)-(t:5.377-v:92.000)-(t:5.385-v:91.000)-(t:5.393-v:87.000)-(t:5.399-v:86.000)-(t:5.407-v:85.000)-(t:5.414-v:84.000)-(t:5.422-v:81.000)-(t:5.430-v:80.000)-(t:5.438-v:79.000)-(t:5.447-v:78.000)-(t:5.456-v:77.000)-(t:5.464-v:76.000)-(t:5.471-v:75.000)-(t:5.478-v:74.000)-(t:5.483-v:73.000)-(t:5.490-v:71.000)-(t:5.496-v:70.000)-(t:5.501-v:69.000)-(t:5.507-v:67.000)-(t:5.512-v:65.000)-(t:5.522-v:64.000)-(t:5.528-v:63.000)-(t:5.542-v:62.000)-(t:5.548-v:61.000)-(t:5.554-v:59.000)-(t:5.567-v:58.000)-(t:5.580-v:57.000)-(t:5.594-v:56.000)-(t:5.602-v:55.000)-(t:5.611-v:54.000)-(t:5.619-v:52.000)-(t:5.637-v:50.000)-(t:5.648-v:47.000)-(t:5.655-v:45.000)-(t:5.662-v:44.000)-(t:5.677-v:42.000)-(t:5.687-v:41.000)-(t:5.698-v:40.000)-(t:5.718-v:39.000)-(t:5.726-v:38.000)-(t:5.734-v:37.000)-(t:5.742-v:36.000)-(t:5.768-v:35.000)-(t:5.780-v:34.000)-(t:5.795-v:33.000)-(t:5.825-v:32.000)-(t:5.834-v:30.000)-(t:5.873-v:29.000)-(t:5.899-v:28.000)-(t:5.907-v:27.000)-(t:5.923-v:26.000)-(t:5.948-v:25.000)-(t:5.958-v:23.000)-(t:5.965-v:22.000)-(t:5.974-v:21.000)-(t:5.982-v:19.000)-(t:6.000-v:18.000)-(t:6.009-v:17.000)-(t:6.107-v:16.000)-(t:6.114-v:15.000)-(t:6.123-v:14.000)-(t:6.137-v:13.000)-(t:6.146-v:12.000)-(t:6.164-v:11.000)-(t:6.178-v:10.000)-(t:6.192-v:9.000)-(t:6.627-v:8.000)-(t:6.647-v:7.000)-(t:10.564-v:6.000)-(t:13.698-v:5.000)-(t:13.776-v:4.000)-(t:14.109-v:3.000)-(t:23.684-v:2.000)-(t:23.865-v:1.000)-(t:274.405-v:0.000)],274.405
examples/csp/csp_300/carseq_300_8_20_80.txt,dqn,300,,,
examples/csp/csp_300/carseq_300_8_20_81.txt,dqn,300,,,
examples/csp/csp_100/carseq_100_8_20_85.txt,dqn,300,2,[(t:8.676-v:118.000)-(t:8.689-v:115.000)-(t:8.711-v:112.000)-(t:8.735-v:111.000)-(t:8.747-v:108.000)-(t:8.762-v:107.000)-(t:8.776-v:105.000)-(t:8.790-v:104.000)-(t:8.801-v:103.000)-(t:8.808-v:101.000)-(t:8.820-v:99.000)-(t:8.830-v:97.000)-(t:8.843-v:95.000)-(t:8.853-v:94.000)-(t:8.860-v:92.000)-(t:8.872-v:91.000)-(t:8.884-v:89.000)-(t:8.896-v:86.000)-(t:8.908-v:79.000)-(t:8.917-v:77.000)-(t:8.927-v:76.000)-(t:8.938-v:74.000)-(t:8.949-v:73.000)-(t:8.959-v:72.000)-(t:8.965-v:71.000)-(t:8.972-v:70.000)-(t:8.978-v:69.000)-(t:8.985-v:68.000)-(t:8.993-v:67.000)-(t:9.003-v:65.000)-(t:9.014-v:64.000)-(t:9.030-v:63.000)-(t:9.039-v:62.000)-(t:9.051-v:61.000)-(t:9.076-v:60.000)-(t:9.086-v:58.000)-(t:9.099-v:55.000)-(t:9.108-v:54.000)-(t:9.119-v:53.000)-(t:9.128-v:50.000)-(t:9.137-v:49.000)-(t:9.149-v:48.000)-(t:9.158-v:47.000)-(t:9.169-v:45.000)-(t:9.179-v:44.000)-(t:9.190-v:43.000)-(t:9.198-v:42.000)-(t:9.203-v:41.000)-(t:9.209-v:39.000)-(t:9.215-v:37.000)-(t:9.222-v:36.000)-(t:9.228-v:35.000)-(t:9.234-v:34.000)-(t:9.240-v:33.000)-(t:9.245-v:32.000)-(t:9.258-v:31.000)-(t:9.277-v:30.000)-(t:9.292-v:29.000)-(t:9.303-v:28.000)-(t:9.313-v:27.000)-(t:9.324-v:26.000)-(t:9.341-v:25.000)-(t:9.367-v:24.000)-(t:9.398-v:23.000)-(t:9.433-v:22.000)-(t:9.443-v:21.000)-(t:9.489-v:20.000)-(t:9.505-v:19.000)-(t:9.518-v:18.000)-(t:9.560-v:17.000)-(t:9.575-v:16.000)-(t:9.592-v:15.000)-(t:9.605-v:14.000)-(t:9.633-v:13.000)-(t:9.650-v:12.000)-(t:9.713-v:11.000)-(t:10.357-v:10.000)-(t:10.379-v:9.000)-(t:11.630-v:8.000)-(t:16.922-v:7.000)-(t:21.504-v:6.000)-(t:40.332-v:5.000)-(t:40.507-v:4.000)-(t:55.243-v:3.000)-(t:59.874-v:2.000)],300.000
examples/csp/csp_100/carseq_100_8_20_86.txt,dqn,300,1,[(t:6.147-v:140.000)-(t:6.170-v:139.000)-(t:6.181-v:138.000)-(t:6.186-v:137.000)-(t:6.194-v:135.000)-(t:6.207-v:134.000)-(t:6.215-v:133.000)-(t:6.230-v:125.000)-(t:6.239-v:124.000)-(t:6.247-v:120.000)-(t:6.265-v:119.000)-(t:6.272-v:117.000)-(t:6.282-v:115.000)-(t:6.288-v:114.000)-(t:6.294-v:111.000)-(t:6.302-v:110.000)-(t:6.316-v:107.000)-(t:6.329-v:106.000)-(t:6.342-v:105.000)-(t:6.357-v:102.000)-(t:6.369-v:101.000)-(t:6.380-v:99.000)-(t:6.393-v:98.000)-(t:6.402-v:97.000)-(t:6.410-v:95.000)-(t:6.416-v:94.000)-(t:6.422-v:93.000)-(t:6.428-v:92.000)-(t:6.433-v:91.000)-(t:6.438-v:90.000)-(t:6.444-v:88.000)-(t:6.450-v:87.000)-(t:6.455-v:85.000)-(t:6.460-v:84.000)-(t:6.465-v:82.000)-(t:6.472-v:81.000)-(t:6.477-v:80.000)-(t:6.482-v:79.000)-(t:6.487-v:78.000)-(t:6.493-v:77.000)-(t:6.497-v:76.000)-(t:6.502-v:74.000)-(t:6.509-v:73.000)-(t:6.514-v:70.000)-(t:6.520-v:69.000)-(t:6.525-v:68.000)-(t:6.530-v:67.000)-(t:6.535-v:66.000)-(t:6.542-v:65.000)-(t:6.547-v:64.000)-(t:6.552-v:62.000)-(t:6.558-v:61.000)-(t:6.564-v:60.000)-(t:6.570-v:59.000)-(t:6.584-v:58.000)-(t:6.595-v:57.000)-(t:6.602-v:55.000)-(t:6.614-v:54.000)-(t:6.619-v:53.000)-(t:6.625-v:50.000)-(t:6.636-v:49.000)-(t:6.643-v:48.000)-(t:6.658-v:47.000)-(t:6.667-v:46.000)-(t:6.674-v:45.000)-(t:6.681-v:42.000)-(t:6.688-v:41.000)-(t:6.720-v:40.000)-(t:6.738-v:39.000)-(t:6.746-v:38.000)-(t:6.759-v:36.000)-(t:6.766-v:34.000)-(t:6.776-v:33.000)-(t:6.824-v:32.000)-(t:6.833-v:31.000)-(t:6.843-v:30.000)-(t:6.860-v:29.000)-(t:6.900-v:28.000)-(t:6.907-v:27.000)-(t:6.915-v:26.000)-(t:6.925-v:25.000)-(t:6.972-v:24.000)-(t:6.980-v:23.000)-(t:7.027-v:22.000)-(t:7.040-v:21.000)-(t:7.053-v:20.000)-(t:7.062-v:19.000)-(t:7.084-v:18.000)-(t:7.130-v:17.000)-(t:7.139-v:16.000)-(t:7.191-v:15.000)-(t:7.212-v:14.000)-(t:7.221-v:13.000)-(t:7.244-v:12.000)-(t:7.268-v:11.000)-(t:7.309-v:10.000)-(t:7.564-v:9.000)-(t:7.571-v:8.000)-(t:7.614-v:7.000)-(t:10.309-v:6.000)-(t:11.368-v:5.000)-(t:15.593-v:4.000)-(t:53.975-v:3.000)-(t:103.334-v:2.000)-(t:264.826-v:1.000)],300.000
examples/csp/csp_300/pb_300_06.txt,dqn,300,,,
examples/csp/csp_300/pb_300_07.txt,dqn,300,,,
examples/csp/csp_300/pb_300_08.txt,dqn,300,,,
examples/csp/csp_300/pb_300_09.txt,dqn,300,,,
examples/csp/csp_300/pb_300_10.txt,dqn,300,,,
examples/csp/csp_100/carseq_100_8_20_98.txt,dqn,300,2,[(t:7.205-v:131.000)-(t:7.213-v:130.000)-(t:7.231-v:129.000)-(t:7.253-v:127.000)-(t:7.260-v:119.000)-(t:7.269-v:118.000)-(t:7.284-v:117.000)-(t:7.295-v:113.000)-(t:7.303-v:111.000)-(t:7.308-v:110.000)-(t:7.313-v:109.000)-(t:7.319-v:108.000)-(t:7.326-v:105.000)-(t:7.336-v:104.000)-(t:7.346-v:100.000)-(t:7.357-v:96.000)-(t:7.369-v:95.000)-(t:7.377-v:94.000)-(t:7.386-v:93.000)-(t:7.395-v:92.000)-(t:7.405-v:89.000)-(t:7.418-v:88.000)-(t:7.423-v:87.000)-(t:7.428-v:84.000)-(t:7.433-v:82.000)-(t:7.437-v:78.000)-(t:7.446-v:75.000)-(t:7.463-v:73.000)-(t:7.474-v:72.000)-(t:7.485-v:71.000)-(t:7.496-v:70.000)-(t:7.506-v:68.000)-(t:7.521-v:67.000)-(t:7.530-v:66.000)-(t:7.535-v:65.000)-(t:7.540-v:64.000)-(t:7.551-v:63.000)-(t:7.561-v:62.000)-(t:7.585-v:61.000)-(t:7.598-v:60.000)-(t:7.607-v:58.000)-(t:7.619-v:56.000)-(t:7.629-v:55.000)-(t:7.635-v:54.000)-(t:7.644-v:53.000)-(t:7.656-v:51.000)-(t:7.677-v:50.000)-(t:7.683-v:49.000)-(t:7.693-v:48.000)-(t:7.703-v:47.000)-(t:7.717-v:46.000)-(t:7.727-v:44.000)-(t:7.738-v:43.000)-(t:7.747-v:42.000)-(t:7.758-v:41.000)-(t:7.769-v:39.000)-(t:7.777-v:38.000)-(t:7.801-v:37.000)-(t:7.810-v:36.000)-(t:7.820-v:35.000)-(t:7.836-v:34.000)-(t:7.844-v:33.000)-(t:7.856-v:32.000)-(t:7.866-v:30.000)-(t:7.876-v:29.000)-(t:7.907-v:27.000)-(t:7.940-v:26.000)-(t:7.952-v:25.000)-(t:7.967-v:24.000)-(t:7.981-v:23.000)-(t:8.070-v:22.000)-(t:8.112-v:21.000)-(t:8.128-v:20.000)-(t:8.135-v:19.000)-(t:8.172-v:18.000)-(t:8.184-v:17.000)-(t:8.195-v:16.000)-(t:8.209-v:15.000)-(t:8.228-v:14.000)-(t:8.249-v:13.000)-(t:8.265-v:12.000)-(t:8.287-v:11.000)-(t:8.307-v:10.000)-(t:8.325-v:9.000)-(t:9.388-v:8.000)-(t:9.542-v:7.000)-(t:20.868-v:6.000)-(t:23.478-v:5.000)-(t:30.161-v:4.000)-(t:55.715-v:3.000)-(t:294.521-v:2.000)],300.000
examples/csp/csp_100/carseq_100_8_20_62.txt,dqn,300,0,[(t:6.919-v:115.000)-(t:6.933-v:114.000)-(t:6.945-v:111.000)-(t:6.953-v:107.000)-(t:6.973-v:106.000)-(t:6.981-v:105.000)-(t:6.987-v:102.000)-(t:6.998-v:101.000)-(t:7.007-v:99.000)-(t:7.015-v:97.000)-(t:7.028-v:95.000)-(t:7.038-v:94.000)-(t:7.045-v:91.000)-(t:7.054-v:90.000)-(t:7.061-v:86.000)-(t:7.068-v:85.000)-(t:7.075-v:84.000)-(t:7.082-v:83.000)-(t:7.090-v:82.000)-(t:7.097-v:81.000)-(t:7.108-v:80.000)-(t:7.114-v:79.000)-(t:7.121-v:78.000)-(t:7.127-v:77.000)-(t:7.134-v:76.000)-(t:7.142-v:74.000)-(t:7.148-v:73.000)-(t:7.154-v:71.000)-(t:7.163-v:70.000)-(t:7.168-v:69.000)-(t:7.177-v:68.000)-(t:7.183-v:67.000)-(t:7.190-v:66.000)-(t:7.203-v:65.000)-(t:7.209-v:63.000)-(t:7.216-v:62.000)-(t:7.224-v:61.000)-(t:7.230-v:59.000)-(t:7.238-v:58.000)-(t:7.246-v:57.000)-(t:7.252-v:56.000)-(t:7.259-v:55.000)-(t:7.272-v:54.000)-(t:7.283-v:53.000)-(t:7.291-v:52.000)-(t:7.298-v:51.000)-(t:7.304-v:49.000)-(t:7.312-v:48.000)-(t:7.319-v:47.000)-(t:7.325-v:46.000)-(t:7.332-v:45.000)-(t:7.339-v:43.000)-(t:7.345-v:42.000)-(t:7.355-v:41.000)-(t:7.362-v:40.000)-(t:7.369-v:39.000)-(t:7.376-v:37.000)-(t:7.383-v:36.000)-(t:7.389-v:35.000)-(t:7.398-v:34.000)-(t:7.405-v:33.000)-(t:7.413-v:32.000)-(t:7.430-v:30.000)-(t:7.436-v:29.000)-(t:7.484-v:28.000)-(t:7.493-v:27.000)-(t:7.501-v:26.000)-(t:7.509-v:25.000)-(t:7.520-v:24.000)-(t:7.530-v:23.000)-(t:7.545-v:22.000)-(t:7.561-v:21.000)-(t:7.577-v:20.000)-(t:7.584-v:19.000)-(t:7.594-v:18.000)-(t:7.614-v:17.000)-(t:7.621-v:16.000)-(t:7.654-v:15.000)-(t:7.687-v:14.000)-(t:7.712-v:13.000)-(t:7.730-v:12.000)-(t:7.741-v:11.000)-(t:7.790-v:10.000)-(t:7.836-v:9.000)-(t:8.314-v:8.000)-(t:8.337-v:7.000)-(t:9.926-v:6.000)-(t:10.014-v:5.000)-(t:14.013-v:4.000)-(t:21.382-v:3.000)-(t:23.661-v:2.000)-(t:24.239-v:1.000)-(t:24.485-v:0.000)],24.485
examples/csp/csp_100/carseq_100_8_20_67.txt,dqn,300,0,[(t:9.043-v:115.000)-(t:9.059-v:112.000)-(t:9.087-v:111.000)-(t:9.098-v:109.000)-(t:9.110-v:108.000)-(t:9.122-v:106.000)-(t:9.144-v:104.000)-(t:9.157-v:103.000)-(t:9.168-v:102.000)-(t:9.180-v:101.000)-(t:9.190-v:99.000)-(t:9.201-v:96.000)-(t:9.211-v:95.000)-(t:9.222-v:94.000)-(t:9.233-v:93.000)-(t:9.240-v:89.000)-(t:9.246-v:88.000)-(t:9.252-v:87.000)-(t:9.259-v:86.000)-(t:9.264-v:85.000)-(t:9.272-v:83.000)-(t:9.282-v:82.000)-(t:9.292-v:80.000)-(t:9.303-v:78.000)-(t:9.313-v:77.000)-(t:9.324-v:76.000)-(t:9.334-v:75.000)-(t:9.344-v:74.000)-(t:9.355-v:73.000)-(t:9.365-v:72.000)-(t:9.372-v:70.000)-(t:9.381-v:69.000)-(t:9.390-v:68.000)-(t:9.400-v:66.000)-(t:9.408-v:65.000)-(t:9.419-v:64.000)-(t:9.432-v:62.000)-(t:9.443-v:61.000)-(t:9.453-v:60.000)-(t:9.464-v:59.000)-(t:9.474-v:57.000)-(t:9.483-v:56.000)-(t:9.494-v:55.000)-(t:9.508-v:53.000)-(t:9.519-v:51.000)-(t:9.529-v:48.000)-(t:9.539-v:47.000)-(t:9.550-v:46.000)-(t:9.560-v:45.000)-(t:9.571-v:44.000)-(t:9.583-v:43.000)-(t:9.593-v:41.000)-(t:9.604-v:40.000)-(t:9.612-v:39.000)-(t:9.621-v:38.000)-(t:9.632-v:37.000)-(t:9.643-v:36.000)-(t:9.654-v:35.000)-(t:9.666-v:34.000)-(t:9.677-v:33.000)-(t:9.688-v:31.000)-(t:9.692-v:30.000)-(t:9.707-v:29.000)-(t:9.734-v:28.000)-(t:9.745-v:26.000)-(t:9.755-v:25.000)-(t:9.765-v:24.000)-(t:9.778-v:23.000)-(t:9.793-v:22.000)-(t:9.802-v:21.000)-(t:9.824-v:20.000)-(t:9.834-v:19.000)-(t:9.862-v:18.000)-(t:9.888-v:17.000)-(t:9.897-v:15.000)-(t:9.909-v:14.000)-(t:9.920-v:13.000)-(t:9.932-v:12.000)-(t:9.941-v:11.000)-(t:9.949-v:10.000)-(t:9.994-v:9.000)-(t:10.012-v:8.000)-(t:10.022-v:7.000)-(t:10.116-v:6.000)-(t:10.138-v:5.000)-(t:10.154-v:4.000)-(t:10.168-v:3.000)-(t:10.355-v:2.000)-(t:23.882-v:1.000)-(t:97.967-v:0.000)],97.967
examples/csp/csp_100/carseq_100_8_20_71.txt,dqn,300,0,[(t:9.363-v:121.000)-(t:9.374-v:119.000)-(t:9.393-v:117.000)-(t:9.423-v:116.000)-(t:9.434-v:114.000)-(t:9.446-v:112.000)-(t:9.459-v:106.000)-(t:9.472-v:105.000)-(t:9.487-v:102.000)-(t:9.497-v:100.000)-(t:9.508-v:99.000)-(t:9.515-v:98.000)-(t:9.522-v:95.000)-(t:9.538-v:94.000)-(t:9.556-v:93.000)-(t:9.567-v:92.000)-(t:9.578-v:91.000)-(t:9.589-v:89.000)-(t:9.600-v:88.000)-(t:9.611-v:87.000)-(t:9.622-v:86.000)-(t:9.644-v:85.000)-(t:9.656-v:84.000)-(t:9.665-v:81.000)-(t:9.676-v:79.000)-(t:9.688-v:78.000)-(t:9.699-v:76.000)-(t:9.712-v:72.000)-(t:9.725-v:70.000)-(t:9.740-v:69.000)-(t:9.749-v:68.000)-(t:9.760-v:67.000)-(t:9.772-v:66.000)-(t:9.786-v:64.000)-(t:9.819-v:63.000)-(t:9.832-v:62.000)-(t:9.840-v:60.000)-(t:9.851-v:59.000)-(t:9.863-v:58.000)-(t:9.872-v:56.000)-(t:9.889-v:55.000)-(t:9.902-v:54.000)-(t:9.913-v:53.000)-(t:9.926-v:52.000)-(t:9.936-v:51.000)-(t:9.947-v:50.000)-(t:9.956-v:49.000)-(t:9.971-v:48.000)-(t:9.982-v:47.000)-(t:9.993-v:45.000)-(t:10.006-v:44.000)-(t:10.016-v:42.000)-(t:10.027-v:41.000)-(t:10.041-v:40.000)-(t:10.052-v:39.000)-(t:10.064-v:38.000)-(t:10.078-v:37.000)-(t:10.090-v:36.000)-(t:10.099-v:34.000)-(t:10.107-v:33.000)-(t:10.123-v:32.000)-(t:10.135-v:31.000)-(t:10.147-v:30.000)-(t:10.166-v:29.000)-(t:10.178-v:28.000)-(t:10.206-v:27.000)-(t:10.218-v:26.000)-(t:10.232-v:25.000)-(t:10.254-v:24.000)-(t:10.279-v:23.000)-(t:10.305-v:21.000)-(t:10.317-v:20.000)-(t:10.358-v:19.000)-(t:10.370-v:18.000)-(t:10.399-v:17.000)-(t:10.417-v:16.000)-(t:10.432-v:15.000)-(t:10.442-v:14.000)-(t:10.474-v:13.000)-(t:10.502-v:12.000)-(t:10.522-v:11.000)-(t:10.582-v:10.000)-(t:10.594-v:9.000)-(t:10.605-v:8.000)-(t:10.644-v:7.000)-(t:10.675-v:6.000)-(t:10.740-v:5.000)-(t:19.881-v:4.000)-(t:20.067-v:3.000)-(t:20.257-v:2.000)-(t:26.561-v:1.000)-(t:37.027-v:0.000)],37.027
examples/csp/csp_100/carseq_100_8_20_72.txt,dqn,300,0,[(t:9.785-v:117.000)-(t:9.802-v:116.000)-(t:9.812-v:115.000)-(t:9.833-v:114.000)-(t:9.854-v:112.000)-(t:9.863-v:107.000)-(t:9.874-v:105.000)-(t:9.886-v:103.000)-(t:9.898-v:101.000)-(t:9.910-v:99.000)-(t:9.920-v:98.000)-(t:9.931-v:94.000)-(t:9.942-v:93.000)-(t:9.954-v:91.000)-(t:9.959-v:87.000)-(t:9.968-v:86.000)-(t:9.980-v:85.000)-(t:9.990-v:84.000)-(t:10.001-v:83.000)-(t:10.013-v:82.000)-(t:10.023-v:81.000)-(t:10.034-v:80.000)-(t:10.045-v:79.000)-(t:10.055-v:77.000)-(t:10.061-v:76.000)-(t:10.071-v:74.000)-(t:10.082-v:73.000)-(t:10.090-v:72.000)-(t:10.100-v:70.000)-(t:10.112-v:68.000)-(t:10.124-v:67.000)-(t:10.134-v:65.000)-(t:10.142-v:64.000)-(t:10.153-v:61.000)-(t:10.166-v:60.000)-(t:10.171-v:59.000)-(t:10.175-v:57.000)-(t:10.185-v:55.000)-(t:10.196-v:54.000)-(t:10.206-v:52.000)-(t:10.216-v:51.000)-(t:10.226-v:50.000)-(t:10.237-v:48.000)-(t:10.247-v:47.000)-(t:10.258-v:46.000)-(t:10.273-v:45.000)-(t:10.278-v:43.000)-(t:10.287-v:42.000)-(t:10.297-v:41.000)-(t:10.306-v:39.000)-(t:10.316-v:38.000)-(t:10.329-v:37.000)-(t:10.340-v:36.000)-(t:10.350-v:35.000)-(t:10.361-v:33.000)-(t:10.371-v:31.000)-(t:10.389-v:30.000)-(t:10.400-v:29.000)-(t:10.411-v:28.000)-(t:10.424-v:27.000)-(t:10.434-v:26.000)-(t:10.447-v:24.000)-(t:10.459-v:23.000)-(t:10.478-v:22.000)-(t:10.486-v:21.000)-(t:10.497-v:20.000)-(t:10.508-v:19.000)-(t:10.525-v:18.000)-(t:10.538-v:17.000)-(t:10.549-v:16.000)-(t:10.582-v:15.000)-(t:10.622-v:14.000)-(t:10.633-v:13.000)-(t:10.657-v:12.000)-(t:10.703-v:11.000)-(t:10.715-v:9.000)-(t:10.751-v:8.000)-(t:10.808-v:7.000)-(t:10.832-v:6.000)-(t:10.852-v:5.000)-(t:10.871-v:4.000)-(t:10.908-v:3.000)-(t:10.944-v:2.000)-(t:19.292-v:1.000)-(t:30.934-v:0.000)],30.934
examples/csp/csp_100/16-81.txt,dqn,300,2,[(t:6.108-v:133.000)-(t:6.151-v:132.000)-(t:6.168-v:131.000)-(t:6.186-v:130.000)-(t:6.196-v:124.000)-(t:6.210-v:118.000)-(t:6.222-v:115.000)-(t:6.234-v:114.000)-(t:6.246-v:113.000)-(t:6.257-v:111.000)-(t:6.268-v:110.000)-(t:6.279-v:108.000)-(t:6.289-v:107.000)-(t:6.300-v:106.000)-(t:6.310-v:104.000)-(t:6.319-v:103.000)-(t:6.328-v:102.000)-(t:6.338-v:101.000)-(t:6.348-v:100.000)-(t:6.357-v:97.000)-(t:6.366-v:96.000)-(t:6.376-v:95.000)-(t:6.386-v:94.000)-(t:6.399-v:92.000)-(t:6.412-v:91.000)-(t:6.424-v:89.000)-(t:6.434-v:86.000)-(t:6.445-v:85.000)-(t:6.456-v:84.000)-(t:6.466-v:83.000)-(t:6.475-v:80.000)-(t:6.484-v:79.000)-(t:6.495-v:77.000)-(t:6.505-v:76.000)-(t:6.514-v:74.000)-(t:6.525-v:73.000)-(t:6.534-v:72.000)-(t:6.544-v:71.000)-(t:6.552-v:69.000)-(t:6.559-v:67.000)-(t:6.567-v:66.000)-(t:6.579-v:65.000)-(t:6.588-v:64.000)-(t:6.595-v:63.000)-(t:6.603-v:62.000)-(t:6.610-v:61.000)-(t:6.624-v:60.000)-(t:6.633-v:59.000)-(t:6.642-v:58.000)-(t:6.650-v:57.000)-(t:6.658-v:56.000)-(t:6.666-v:55.000)-(t:6.674-v:54.000)-(t:6.691-v:53.000)-(t:6.699-v:52.000)-(t:6.706-v:51.000)-(t:6.713-v:50.000)-(t:6.728-v:49.000)-(t:6.739-v:48.000)-(t:6.750-v:46.000)-(t:6.757-v:45.000)-(t:6.765-v:44.000)-(t:6.779-v:43.000)-(t:6.787-v:42.000)-(t:6.795-v:41.000)-(t:6.805-v:40.000)-(t:6.814-v:39.000)-(t:6.826-v:38.000)-(t:6.837-v:37.000)-(t:6.846-v:35.000)-(t:6.854-v:34.000)-(t:6.869-v:33.000)-(t:6.878-v:32.000)-(t:6.896-v:31.000)-(t:6.920-v:30.000)-(t:6.930-v:29.000)-(t:6.975-v:28.000)-(t:6.983-v:27.000)-(t:7.002-v:26.000)-(t:7.011-v:25.000)-(t:7.026-v:24.000)-(t:7.046-v:23.000)-(t:7.074-v:22.000)-(t:7.090-v:21.000)-(t:7.117-v:20.000)-(t:7.126-v:19.000)-(t:7.135-v:18.000)-(t:7.182-v:17.000)-(t:7.199-v:16.000)-(t:7.211-v:15.000)-(t:7.222-v:14.000)-(t:7.236-v:13.000)-(t:7.254-v:12.000)-(t:7.277-v:11.000)-(t:14.735-v:10.000)-(t:25.598-v:9.000)-(t:51.434-v:8.000)-(t:63.802-v:7.000)-(t:88.403-v:6.000)-(t:91.739-v:5.000)-(t:148.165-v:4.000)-(t:230.696-v:3.000)-(t:230.881-v:2.000)],300.000
examples/csp/csp_100/21-90.txt,dqn,300,2,[(t:6.382-v:109.000)-(t:6.414-v:106.000)-(t:6.427-v:104.000)-(t:6.436-v:98.000)-(t:6.450-v:97.000)-(t:6.458-v:93.000)-(t:6.466-v:91.000)-(t:6.475-v:87.000)-(t:6.484-v:86.000)-(t:6.492-v:85.000)-(t:6.502-v:84.000)-(t:6.510-v:83.000)-(t:6.517-v:82.000)-(t:6.526-v:80.000)-(t:6.533-v:79.000)-(t:6.542-v:77.000)-(t:6.551-v:75.000)-(t:6.559-v:74.000)-(t:6.569-v:71.000)-(t:6.576-v:70.000)-(t:6.584-v:69.000)-(t:6.595-v:68.000)-(t:6.603-v:67.000)-(t:6.612-v:66.000)-(t:6.621-v:65.000)-(t:6.630-v:64.000)-(t:6.643-v:63.000)-(t:6.652-v:62.000)-(t:6.661-v:61.000)-(t:6.678-v:60.000)-(t:6.687-v:58.000)-(t:6.696-v:57.000)-(t:6.705-v:56.000)-(t:6.716-v:53.000)-(t:6.725-v:52.000)-(t:6.737-v:50.000)-(t:6.745-v:49.000)-(t:6.753-v:47.000)-(t:6.762-v:46.000)-(t:6.771-v:45.000)-(t:6.780-v:44.000)-(t:6.789-v:43.000)-(t:6.803-v:42.000)-(t:6.812-v:41.000)-(t:6.834-v:40.000)-(t:6.846-v:39.000)-(t:6.866-v:37.000)-(t:6.875-v:36.000)-(t:6.893-v:35.000)-(t:6.905-v:34.000)-(t:6.914-v:33.000)-(t:6.923-v:32.000)-(t:6.931-v:31.000)-(t:6.951-v:30.000)-(t:6.961-v:29.000)-(t:6.969-v:28.000)-(t:6.980-v:27.000)-(t:6.989-v:26.000)-(t:6.998-v:25.000)-(t:7.011-v:24.000)-(t:7.025-v:23.000)-(t:7.041-v:22.000)-(t:7.051-v:20.000)-(t:7.062-v:19.000)-(t:7.070-v:18.000)-(t:7.089-v:17.000)-(t:7.100-v:16.000)-(t:7.114-v:15.000)-(t:7.123-v:14.000)-(t:7.164-v:13.000)-(t:7.184-v:12.000)-(t:7.196-v:11.000)-(t:7.292-v:10.000)-(t:7.306-v:9.000)-(t:7.325-v:8.000)-(t:7.889-v:7.000)-(t:7.922-v:6.000)-(t:7.934-v:5.000)-(t:15.573-v:4.000)-(t:40.545-v:3.000)-(t:66.038-v:2.000)],33.274
examples/csp/csp_100/carseq_100_8_20_73.txt,dqn,300,0,[(t:9.435-v:101.000)-(t:9.452-v:100.000)-(t:9.474-v:99.000)-(t:9.493-v:98.000)-(t:9.507-v:94.000)-(t:9.520-v:92.000)-(t:9.535-v:91.000)-(t:9.547-v:90.000)-(t:9.560-v:89.000)-(t:9.575-v:88.000)-(t:9.601-v:87.000)-(t:9.611-v:84.000)-(t:9.625-v:81.000)-(t:9.652-v:80.000)-(t:9.669-v:79.000)-(t:9.682-v:78.000)-(t:9.692-v:77.000)-(t:9.705-v:76.000)-(t:9.718-v:75.000)-(t:9.733-v:74.000)-(t:9.745-v:71.000)-(t:9.759-v:70.000)-(t:9.779-v:69.000)-(t:9.790-v:67.000)-(t:9.803-v:66.000)-(t:9.819-v:65.000)-(t:9.832-v:63.000)-(t:9.845-v:62.000)-(t:9.858-v:60.000)-(t:9.872-v:59.000)-(t:9.885-v:57.000)-(t:9.900-v:56.000)-(t:9.907-v:55.000)-(t:9.920-v:53.000)-(t:9.934-v:52.000)-(t:9.947-v:51.000)-(t:9.958-v:50.000)-(t:9.969-v:49.000)-(t:9.982-v:48.000)-(t:9.997-v:47.000)-(t:10.009-v:45.000)-(t:10.020-v:44.000)-(t:10.034-v:43.000)-(t:10.060-v:40.000)-(t:10.071-v:39.000)-(t:10.087-v:38.000)-(t:10.101-v:37.000)-(t:10.114-v:36.000)-(t:10.126-v:35.000)-(t:10.138-v:34.000)-(t:10.157-v:33.000)-(t:10.169-v:32.000)-(t:10.207-v:31.000)-(t:10.218-v:30.000)-(t:10.229-v:29.000)-(t:10.240-v:27.000)-(t:10.250-v:26.000)-(t:10.263-v:25.000)-(t:10.275-v:24.000)-(t:10.286-v:23.000)-(t:10.297-v:22.000)-(t:10.310-v:21.000)-(t:10.333-v:20.000)-(t:10.363-v:19.000)-(t:10.389-v:18.000)-(t:10.402-v:17.000)-(t:10.413-v:16.000)-(t:10.428-v:15.000)-(t:10.443-v:13.000)-(t:10.458-v:12.000)-(t:10.559-v:11.000)-(t:10.579-v:10.000)-(t:10.597-v:9.000)-(t:10.609-v:8.000)-(t:10.634-v:7.000)-(t:10.716-v:6.000)-(t:10.749-v:5.000)-(t:10.774-v:4.000)-(t:11.239-v:3.000)-(t:11.318-v:2.000)-(t:14.323-v:1.000)-(t:65.014-v:0.000)],65.014
examples/csp/csp_100/36-92.txt,dqn,300,3,[(t:6.980-v:123.000)-(t:6.998-v:120.000)-(t:7.012-v:119.000)-(t:7.033-v:117.000)-(t:7.041-v:113.000)-(t:7.047-v:110.000)-(t:7.055-v:109.000)-(t:7.068-v:108.000)-(t:7.075-v:106.000)-(t:7.082-v:105.000)-(t:7.090-v:102.000)-(t:7.096-v:100.000)-(t:7.104-v:99.000)-(t:7.110-v:97.000)-(t:7.118-v:94.000)-(t:7.126-v:92.000)-(t:7.135-v:91.000)-(t:7.142-v:89.000)-(t:7.149-v:85.000)-(t:7.156-v:83.000)-(t:7.163-v:81.000)-(t:7.171-v:80.000)-(t:7.178-v:76.000)-(t:7.185-v:74.000)-(t:7.193-v:73.000)-(t:7.200-v:71.000)-(t:7.210-v:70.000)-(t:7.217-v:68.000)-(t:7.225-v:67.000)-(t:7.232-v:66.000)-(t:7.240-v:65.000)-(t:7.248-v:64.000)-(t:7.258-v:62.000)-(t:7.266-v:61.000)-(t:7.273-v:60.000)-(t:7.281-v:59.000)-(t:7.288-v:57.000)-(t:7.295-v:56.000)-(t:7.301-v:55.000)-(t:7.308-v:54.000)-(t:7.315-v:53.000)-(t:7.328-v:50.000)-(t:7.342-v:47.000)-(t:7.353-v:46.000)-(t:7.362-v:45.000)-(t:7.370-v:44.000)-(t:7.394-v:43.000)-(t:7.401-v:40.000)-(t:7.409-v:39.000)-(t:7.417-v:37.000)-(t:7.425-v:36.000)-(t:7.435-v:35.000)-(t:7.442-v:34.000)-(t:7.451-v:33.000)-(t:7.460-v:32.000)-(t:7.466-v:31.000)-(t:7.476-v:30.000)-(t:7.484-v:29.000)-(t:7.491-v:28.000)-(t:7.503-v:27.000)-(t:7.544-v:26.000)-(t:7.562-v:25.000)-(t:7.572-v:24.000)-(t:7.580-v:23.000)-(t:7.610-v:22.000)-(t:7.619-v:21.000)-(t:7.635-v:20.000)-(t:7.676-v:19.000)-(t:7.691-v:18.000)-(t:7.729-v:17.000)-(t:7.741-v:16.000)-(t:7.766-v:15.000)-(t:7.817-v:14.000)-(t:7.826-v:13.000)-(t:7.835-v:12.000)-(t:7.867-v:11.000)-(t:7.882-v:10.000)-(t:7.931-v:9.000)-(t:8.045-v:8.000)-(t:9.246-v:7.000)-(t:9.414-v:6.000)-(t:9.588-v:5.000)-(t:13.195-v:3.000)],106.852
examples/csp/csp_100/carseq_100_8_20_77.txt,dqn,300,0,[(t:9.093-v:119.000)-(t:9.113-v:118.000)-(t:9.140-v:117.000)-(t:9.155-v:115.000)-(t:9.169-v:106.000)-(t:9.182-v:105.000)-(t:9.196-v:103.000)-(t:9.208-v:100.000)-(t:9.219-v:99.000)-(t:9.240-v:97.000)-(t:9.250-v:96.000)-(t:9.261-v:93.000)-(t:9.272-v:92.000)-(t:9.282-v:90.000)-(t:9.293-v:89.000)-(t:9.305-v:87.000)-(t:9.317-v:84.000)-(t:9.329-v:83.000)-(t:9.336-v:81.000)-(t:9.342-v:80.000)-(t:9.348-v:77.000)-(t:9.354-v:76.000)-(t:9.361-v:73.000)-(t:9.371-v:69.000)-(t:9.382-v:68.000)-(t:9.392-v:65.000)-(t:9.404-v:64.000)-(t:9.416-v:63.000)-(t:9.427-v:61.000)-(t:9.438-v:59.000)-(t:9.449-v:57.000)-(t:9.458-v:56.000)-(t:9.468-v:52.000)-(t:9.485-v:51.000)-(t:9.499-v:50.000)-(t:9.510-v:49.000)-(t:9.521-v:48.000)-(t:9.530-v:47.000)-(t:9.560-v:46.000)-(t:9.568-v:45.000)-(t:9.579-v:44.000)-(t:9.593-v:43.000)-(t:9.604-v:42.000)-(t:9.616-v:41.000)-(t:9.631-v:40.000)-(t:9.641-v:39.000)-(t:9.653-v:38.000)-(t:9.665-v:36.000)-(t:9.676-v:35.000)-(t:9.686-v:33.000)-(t:9.696-v:32.000)-(t:9.707-v:31.000)-(t:9.734-v:30.000)-(t:9.746-v:29.000)-(t:9.756-v:28.000)-(t:9.769-v:27.000)-(t:9.777-v:26.000)-(t:9.791-v:25.000)-(t:9.805-v:24.000)-(t:9.859-v:23.000)-(t:9.878-v:22.000)-(t:9.891-v:21.000)-(t:9.908-v:20.000)-(t:9.920-v:19.000)-(t:9.963-v:18.000)-(t:9.982-v:17.000)-(t:9.994-v:16.000)-(t:10.007-v:15.000)-(t:10.018-v:14.000)-(t:10.046-v:13.000)-(t:10.059-v:12.000)-(t:10.085-v:11.000)-(t:10.096-v:10.000)-(t:10.116-v:9.000)-(t:10.172-v:8.000)-(t:10.199-v:7.000)-(t:10.216-v:6.000)-(t:10.230-v:5.000)-(t:10.310-v:4.000)-(t:10.469-v:3.000)-(t:10.486-v:2.000)-(t:10.501-v:1.000)-(t:11.014-v:0.000)],11.014
examples/csp/csp_100/4-72.txt,dqn,300,1,[(t:7.169-v:101.000)-(t:7.203-v:100.000)-(t:7.228-v:98.000)-(t:7.236-v:97.000)-(t:7.244-v:95.000)-(t:7.252-v:92.000)-(t:7.269-v:91.000)-(t:7.284-v:90.000)-(t:7.294-v:89.000)-(t:7.303-v:87.000)-(t:7.314-v:85.000)-(t:7.331-v:84.000)-(t:7.340-v:82.000)-(t:7.349-v:80.000)-(t:7.358-v:79.000)-(t:7.367-v:78.000)-(t:7.380-v:77.000)-(t:7.390-v:76.000)-(t:7.399-v:75.000)-(t:7.410-v:74.000)-(t:7.419-v:73.000)-(t:7.428-v:72.000)-(t:7.437-v:71.000)-(t:7.445-v:70.000)-(t:7.460-v:69.000)-(t:7.469-v:68.000)-(t:7.481-v:67.000)-(t:7.490-v:66.000)-(t:7.500-v:64.000)-(t:7.508-v:63.000)-(t:7.516-v:61.000)-(t:7.530-v:59.000)-(t:7.540-v:57.000)-(t:7.550-v:55.000)-(t:7.559-v:54.000)-(t:7.567-v:53.000)-(t:7.575-v:52.000)-(t:7.584-v:51.000)-(t:7.594-v:50.000)-(t:7.602-v:49.000)-(t:7.610-v:47.000)-(t:7.619-v:46.000)-(t:7.638-v:45.000)-(t:7.647-v:43.000)-(t:7.656-v:42.000)-(t:7.664-v:41.000)-(t:7.674-v:38.000)-(t:7.684-v:37.000)-(t:7.693-v:36.000)-(t:7.714-v:35.000)-(t:7.725-v:34.000)-(t:7.737-v:33.000)-(t:7.747-v:32.000)-(t:7.759-v:31.000)-(t:7.779-v:30.000)-(t:7.791-v:29.000)-(t:7.801-v:28.000)-(t:7.811-v:27.000)-(t:7.832-v:26.000)-(t:7.854-v:25.000)-(t:7.861-v:24.000)-(t:7.869-v:23.000)-(t:7.876-v:22.000)-(t:7.885-v:21.000)-(t:7.892-v:20.000)-(t:7.907-v:19.000)-(t:7.917-v:18.000)-(t:7.925-v:17.000)-(t:7.932-v:16.000)-(t:7.944-v:15.000)-(t:7.954-v:14.000)-(t:7.970-v:13.000)-(t:7.978-v:12.000)-(t:7.991-v:11.000)-(t:8.049-v:10.000)-(t:8.093-v:9.000)-(t:8.112-v:8.000)-(t:8.154-v:7.000)-(t:13.959-v:6.000)-(t:14.145-v:5.000)-(t:14.316-v:4.000)-(t:20.992-v:3.000)-(t:21.504-v:2.000)-(t:167.823-v:1.000)],300.000
examples/csp/csp_100/6-76.txt,dqn,300,6,[(t:9.037-v:104.000)-(t:9.058-v:102.000)-(t:9.074-v:101.000)-(t:9.083-v:95.000)-(t:9.092-v:94.000)-(t:9.105-v:90.000)-(t:9.114-v:89.000)-(t:9.123-v:86.000)-(t:9.133-v:83.000)-(t:9.141-v:81.000)-(t:9.149-v:80.000)-(t:9.172-v:78.000)-(t:9.192-v:75.000)-(t:9.201-v:72.000)-(t:9.209-v:71.000)-(t:9.218-v:70.000)-(t:9.227-v:69.000)-(t:9.237-v:67.000)-(t:9.249-v:66.000)-(t:9.257-v:65.000)-(t:9.266-v:64.000)-(t:9.274-v:63.000)-(t:9.281-v:60.000)-(t:9.289-v:59.000)-(t:9.300-v:58.000)-(t:9.308-v:57.000)-(t:9.316-v:56.000)-(t:9.323-v:54.000)-(t:9.330-v:53.000)-(t:9.339-v:52.000)-(t:9.348-v:51.000)-(t:9.357-v:49.000)-(t:9.365-v:48.000)-(t:9.373-v:47.000)-(t:9.380-v:46.000)-(t:9.388-v:44.000)-(t:9.397-v:43.000)-(t:9.405-v:42.000)-(t:9.411-v:41.000)-(t:9.419-v:40.000)-(t:9.428-v:38.000)-(t:9.436-v:37.000)-(t:9.444-v:36.000)-(t:9.453-v:35.000)-(t:9.468-v:34.000)-(t:9.478-v:33.000)-(t:9.489-v:32.000)-(t:9.497-v:31.000)-(t:9.504-v:29.000)-(t:9.511-v:28.000)-(t:9.518-v:27.000)-(t:9.534-v:26.000)-(t:9.541-v:25.000)-(t:9.555-v:24.000)-(t:9.561-v:23.000)-(t:9.569-v:22.000)-(t:9.576-v:21.000)-(t:9.583-v:20.000)-(t:9.589-v:19.000)-(t:9.617-v:18.000)-(t:9.636-v:17.000)-(t:9.662-v:16.000)-(t:9.677-v:15.000)-(t:9.732-v:14.000)-(t:9.777-v:13.000)-(t:9.791-v:12.000)-(t:9.805-v:11.000)-(t:9.831-v:10.000)-(t:10.270-v:9.000)-(t:10.280-v:8.000)-(t:11.117-v:7.000)-(t:12.169-v:6.000)],10.200
examples/csp/csp_100/carseq_100_8_20_64.txt,dqn,300,1,[(t:6.029-v:130.000)-(t:6.038-v:129.000)-(t:6.044-v:127.000)-(t:6.053-v:122.000)-(t:6.072-v:120.000)-(t:6.082-v:119.000)-(t:6.089-v:118.000)-(t:6.104-v:114.000)-(t:6.113-v:113.000)-(t:6.121-v:111.000)-(t:6.144-v:110.000)-(t:6.155-v:109.000)-(t:6.163-v:108.000)-(t:6.172-v:107.000)-(t:6.180-v:106.000)-(t:6.187-v:104.000)-(t:6.196-v:103.000)-(t:6.204-v:102.000)-(t:6.211-v:101.000)-(t:6.220-v:100.000)-(t:6.226-v:96.000)-(t:6.235-v:95.000)-(t:6.248-v:93.000)-(t:6.256-v:92.000)-(t:6.263-v:89.000)-(t:6.269-v:88.000)-(t:6.278-v:86.000)-(t:6.285-v:85.000)-(t:6.292-v:84.000)-(t:6.299-v:81.000)-(t:6.306-v:80.000)-(t:6.313-v:79.000)-(t:6.321-v:78.000)-(t:6.329-v:77.000)-(t:6.336-v:74.000)-(t:6.346-v:73.000)-(t:6.353-v:71.000)-(t:6.362-v:70.000)-(t:6.368-v:69.000)-(t:6.374-v:68.000)-(t:6.380-v:66.000)-(t:6.388-v:64.000)-(t:6.395-v:63.000)-(t:6.407-v:62.000)-(t:6.415-v:61.000)-(t:6.421-v:59.000)-(t:6.428-v:58.000)-(t:6.434-v:57.000)-(t:6.440-v:56.000)-(t:6.446-v:55.000)-(t:6.453-v:54.000)-(t:6.461-v:53.000)-(t:6.468-v:50.000)-(t:6.474-v:49.000)-(t:6.480-v:48.000)-(t:6.487-v:44.000)-(t:6.501-v:43.000)-(t:6.518-v:42.000)-(t:6.525-v:41.000)-(t:6.532-v:39.000)-(t:6.539-v:38.000)-(t:6.546-v:37.000)-(t:6.553-v:35.000)-(t:6.561-v:34.000)-(t:6.569-v:33.000)-(t:6.577-v:32.000)-(t:6.587-v:31.000)-(t:6.594-v:29.000)-(t:6.606-v:28.000)-(t:6.615-v:27.000)-(t:6.623-v:26.000)-(t:6.630-v:25.000)-(t:6.646-v:23.000)-(t:6.662-v:22.000)-(t:6.684-v:21.000)-(t:6.762-v:20.000)-(t:6.787-v:19.000)-(t:6.796-v:18.000)-(t:6.810-v:17.000)-(t:6.817-v:16.000)-(t:6.851-v:15.000)-(t:6.881-v:14.000)-(t:6.942-v:12.000)-(t:6.958-v:11.000)-(t:6.966-v:10.000)-(t:6.973-v:9.000)-(t:6.982-v:8.000)-(t:7.012-v:7.000)-(t:7.065-v:6.000)-(t:7.078-v:5.000)-(t:7.110-v:4.000)-(t:7.333-v:3.000)-(t:28.357-v:2.000)-(t:29.551-v:1.000)],300.000
examples/csp/csp_100/carseq_100_8_20_90.txt,dqn,300,0,[(t:5.025-v:116.000)-(t:5.037-v:115.000)-(t:5.053-v:113.000)-(t:5.066-v:111.000)-(t:5.073-v:110.000)-(t:5.086-v:105.000)-(t:5.093-v:104.000)-(t:5.100-v:103.000)-(t:5.106-v:101.000)-(t:5.113-v:99.000)-(t:5.122-v:98.000)-(t:5.130-v:96.000)-(t:5.138-v:95.000)-(t:5.145-v:93.000)-(t:5.157-v:92.000)-(t:5.169-v:90.000)-(t:5.176-v:89.000)-(t:5.184-v:88.000)-(t:5.193-v:86.000)-(t:5.200-v:85.000)-(t:5.208-v:81.000)-(t:5.215-v:80.000)-(t:5.222-v:78.000)-(t:5.231-v:76.000)-(t:5.240-v:75.000)-(t:5.250-v:72.000)-(t:5.257-v:71.000)-(t:5.264-v:70.000)-(t:5.277-v:69.000)-(t:5.288-v:66.000)-(t:5.296-v:62.000)-(t:5.303-v:60.000)-(t:5.310-v:59.000)-(t:5.317-v:58.000)-(t:5.326-v:57.000)-(t:5.334-v:56.000)-(t:5.342-v:55.000)-(t:5.351-v:53.000)-(t:5.358-v:52.000)-(t:5.366-v:51.000)-(t:5.373-v:50.000)-(t:5.380-v:49.000)-(t:5.387-v:48.000)-(t:5.395-v:47.000)-(t:5.403-v:45.000)-(t:5.410-v:44.000)-(t:5.417-v:43.000)-(t:5.424-v:41.000)-(t:5.431-v:40.000)-(t:5.440-v:39.000)-(t:5.447-v:36.000)-(t:5.457-v:34.000)-(t:5.464-v:33.000)-(t:5.471-v:32.000)-(t:5.477-v:31.000)-(t:5.489-v:30.000)-(t:5.495-v:29.000)-(t:5.506-v:28.000)-(t:5.511-v:26.000)-(t:5.520-v:25.000)-(t:5.531-v:24.000)-(t:5.549-v:23.000)-(t:5.570-v:22.000)-(t:5.591-v:21.000)-(t:5.653-v:20.000)-(t:5.669-v:19.000)-(t:5.677-v:17.000)-(t:5.700-v:16.000)-(t:5.714-v:15.000)-(t:5.723-v:14.000)-(t:5.732-v:13.000)-(t:5.742-v:12.000)-(t:5.804-v:11.000)-(t:5.854-v:10.000)-(t:5.863-v:9.000)-(t:5.875-v:8.000)-(t:6.307-v:7.000)-(t:6.319-v:6.000)-(t:6.400-v:5.000)-(t:6.414-v:4.000)-(t:6.448-v:3.000)-(t:6.464-v:2.000)-(t:12.140-v:1.000)-(t:16.129-v:0.000)],16.129
examples/csp/csp_100/carseq_100_8_20_94.txt,dqn,300,0,[(t:5.312-v:115.000)-(t:5.355-v:113.000)-(t:5.372-v:111.000)-(t:5.380-v:109.000)-(t:5.391-v:108.000)-(t:5.399-v:106.000)-(t:5.410-v:105.000)-(t:5.420-v:104.000)-(t:5.437-v:103.000)-(t:5.447-v:100.000)-(t:5.455-v:99.000)-(t:5.464-v:98.000)-(t:5.472-v:97.000)-(t:5.480-v:93.000)-(t:5.490-v:92.000)-(t:5.498-v:90.000)-(t:5.507-v:89.000)-(t:5.516-v:88.000)-(t:5.525-v:86.000)-(t:5.533-v:85.000)-(t:5.541-v:83.000)-(t:5.550-v:81.000)-(t:5.558-v:78.000)-(t:5.566-v:76.000)-(t:5.577-v:74.000)-(t:5.585-v:73.000)-(t:5.601-v:72.000)-(t:5.608-v:71.000)-(t:5.619-v:70.000)-(t:5.629-v:68.000)-(t:5.637-v:66.000)-(t:5.645-v:65.000)-(t:5.652-v:64.000)-(t:5.660-v:61.000)-(t:5.668-v:60.000)-(t:5.675-v:59.000)-(t:5.685-v:58.000)-(t:5.697-v:56.000)-(t:5.708-v:55.000)-(t:5.717-v:54.000)-(t:5.741-v:53.000)-(t:5.751-v:52.000)-(t:5.758-v:51.000)-(t:5.772-v:49.000)-(t:5.780-v:48.000)-(t:5.788-v:47.000)-(t:5.795-v:46.000)-(t:5.803-v:44.000)-(t:5.812-v:43.000)-(t:5.825-v:42.000)-(t:5.837-v:41.000)-(t:5.863-v:40.000)-(t:5.882-v:39.000)-(t:5.895-v:38.000)-(t:5.903-v:37.000)-(t:5.912-v:36.000)-(t:5.934-v:35.000)-(t:5.942-v:34.000)-(t:5.949-v:33.000)-(t:5.957-v:32.000)-(t:5.965-v:31.000)-(t:6.011-v:30.000)-(t:6.019-v:29.000)-(t:6.028-v:28.000)-(t:6.061-v:27.000)-(t:6.069-v:25.000)-(t:6.082-v:23.000)-(t:6.096-v:22.000)-(t:6.128-v:21.000)-(t:6.137-v:20.000)-(t:6.149-v:19.000)-(t:6.161-v:18.000)-(t:6.174-v:17.000)-(t:6.185-v:16.000)-(t:6.223-v:15.000)-(t:6.235-v:14.000)-(t:6.315-v:13.000)-(t:6.329-v:12.000)-(t:6.379-v:11.000)-(t:6.391-v:10.000)-(t:6.405-v:9.000)-(t:6.427-v:8.000)-(t:6.439-v:7.000)-(t:6.453-v:6.000)-(t:6.541-v:5.000)-(t:6.557-v:4.000)-(t:6.611-v:3.000)-(t:10.231-v:2.000)-(t:10.335-v:1.000)-(t:10.951-v:0.000)],10.951
examples/csp/csp_100/carseq_100_8_20_81.txt,dqn,300,0,[(t:5.323-v:118.000)-(t:5.332-v:113.000)-(t:5.339-v:109.000)-(t:5.354-v:108.000)-(t:5.373-v:107.000)-(t:5.397-v:106.000)-(t:5.407-v:105.000)-(t:5.413-v:103.000)-(t:5.419-v:98.000)-(t:5.425-v:97.000)-(t:5.430-v:94.000)-(t:5.440-v:93.000)-(t:5.446-v:89.000)-(t:5.454-v:88.000)-(t:5.463-v:87.000)-(t:5.469-v:85.000)-(t:5.484-v:84.000)-(t:5.490-v:83.000)-(t:5.498-v:79.000)-(t:5.503-v:78.000)-(t:5.510-v:75.000)-(t:5.515-v:74.000)-(t:5.522-v:72.000)-(t:5.528-v:70.000)-(t:5.533-v:69.000)-(t:5.540-v:68.000)-(t:5.545-v:67.000)-(t:5.550-v:66.000)-(t:5.556-v:65.000)-(t:5.563-v:64.000)-(t:5.571-v:63.000)-(t:5.577-v:62.000)-(t:5.584-v:61.000)-(t:5.590-v:58.000)-(t:5.596-v:55.000)-(t:5.619-v:54.000)-(t:5.627-v:52.000)-(t:5.637-v:51.000)-(t:5.644-v:49.000)-(t:5.652-v:48.000)-(t:5.662-v:47.000)-(t:5.671-v:46.000)-(t:5.685-v:45.000)-(t:5.695-v:44.000)-(t:5.709-v:43.000)-(t:5.721-v:42.000)-(t:5.727-v:41.000)-(t:5.733-v:40.000)-(t:5.746-v:38.000)-(t:5.752-v:35.000)-(t:5.758-v:34.000)-(t:5.766-v:33.000)-(t:5.774-v:32.000)-(t:5.782-v:31.000)-(t:5.792-v:30.000)-(t:5.803-v:29.000)-(t:5.814-v:28.000)-(t:5.821-v:27.000)-(t:5.828-v:25.000)-(t:5.864-v:24.000)-(t:5.901-v:23.000)-(t:5.910-v:22.000)-(t:5.921-v:21.000)-(t:5.930-v:20.000)-(t:5.954-v:19.000)-(t:5.963-v:18.000)-(t:5.973-v:17.000)-(t:5.998-v:16.000)-(t:6.019-v:15.000)-(t:6.072-v:14.000)-(t:6.089-v:13.000)-(t:6.127-v:12.000)-(t:6.140-v:11.000)-(t:6.151-v:10.000)-(t:6.162-v:9.000)-(t:6.177-v:8.000)-(t:6.189-v:7.000)-(t:6.217-v:6.000)-(t:6.711-v:5.000)-(t:6.732-v:4.000)-(t:7.420-v:3.000)-(t:7.525-v:2.000)-(t:12.224-v:1.000)-(t:52.104-v:0.000)],52.104
examples/csp/csp_200/pb_200_06.txt,dqn,300,,,
examples/csp/csp_200/pb_200_07.txt,dqn,300,,,
examples/csp/csp_100/carseq_100_8_20_88.txt,dqn,300,0,[(t:4.692-v:142.000)-(t:4.717-v:141.000)-(t:4.728-v:140.000)-(t:4.735-v:139.000)-(t:4.740-v:138.000)-(t:4.747-v:135.000)-(t:4.753-v:132.000)-(t:4.760-v:131.000)-(t:4.767-v:130.000)-(t:4.778-v:129.000)-(t:4.785-v:128.000)-(t:4.794-v:126.000)-(t:4.803-v:124.000)-(t:4.811-v:123.000)-(t:4.818-v:122.000)-(t:4.824-v:121.000)-(t:4.834-v:120.000)-(t:4.842-v:119.000)-(t:4.849-v:115.000)-(t:4.859-v:112.000)-(t:4.867-v:111.000)-(t:4.874-v:110.000)-(t:4.884-v:108.000)-(t:4.891-v:107.000)-(t:4.898-v:106.000)-(t:4.904-v:104.000)-(t:4.913-v:101.000)-(t:4.919-v:99.000)-(t:4.924-v:98.000)-(t:4.931-v:97.000)-(t:4.939-v:96.000)-(t:4.946-v:95.000)-(t:4.955-v:94.000)-(t:4.962-v:93.000)-(t:4.968-v:92.000)-(t:4.975-v:91.000)-(t:4.983-v:90.000)-(t:4.990-v:88.000)-(t:4.997-v:84.000)-(t:5.004-v:83.000)-(t:5.011-v:82.000)-(t:5.017-v:81.000)-(t:5.024-v:80.000)-(t:5.030-v:79.000)-(t:5.037-v:78.000)-(t:5.043-v:77.000)-(t:5.049-v:76.000)-(t:5.056-v:75.000)-(t:5.078-v:73.000)-(t:5.085-v:72.000)-(t:5.093-v:71.000)-(t:5.101-v:70.000)-(t:5.109-v:69.000)-(t:5.116-v:68.000)-(t:5.124-v:67.000)-(t:5.131-v:66.000)-(t:5.138-v:65.000)-(t:5.145-v:64.000)-(t:5.152-v:63.000)-(t:5.159-v:61.000)-(t:5.166-v:60.000)-(t:5.172-v:59.000)-(t:5.178-v:58.000)-(t:5.195-v:56.000)-(t:5.210-v:55.000)-(t:5.216-v:54.000)-(t:5.223-v:53.000)-(t:5.230-v:50.000)-(t:5.236-v:49.000)-(t:5.242-v:48.000)-(t:5.249-v:47.000)-(t:5.256-v:45.000)-(t:5.263-v:44.000)-(t:5.273-v:43.000)-(t:5.303-v:42.000)-(t:5.313-v:41.000)-(t:5.332-v:40.000)-(t:5.340-v:39.000)-(t:5.349-v:38.000)-(t:5.357-v:36.000)-(t:5.365-v:34.000)-(t:5.374-v:33.000)-(t:5.383-v:32.000)-(t:5.391-v:31.000)-(t:5.414-v:30.000)-(t:5.424-v:29.000)-(t:5.442-v:28.000)-(t:5.450-v:27.000)-(t:5.456-v:25.000)-(t:5.471-v:24.000)-(t:5.480-v:23.000)-(t:5.488-v:22.000)-(t:5.519-v:21.000)-(t:5.547-v:20.000)-(t:5.555-v:19.000)-(t:5.616-v:18.000)-(t:5.651-v:17.000)-(t:5.662-v:16.000)-(t:5.673-v:15.000)-(t:5.691-v:14.000)-(t:5.709-v:13.000)-(t:5.717-v:12.000)-(t:5.771-v:11.000)-(t:5.790-v:10.000)-(t:5.800-v:9.000)-(t:5.808-v:8.000)-(t:5.839-v:7.000)-(t:7.222-v:6.000)-(t:7.398-v:5.000)-(t:9.679-v:4.000)-(t:11.607-v:3.000)-(t:11.805-v:2.000)-(t:66.555-v:1.000)-(t:85.415-v:0.000)],85.415
examples/csp/csp_200/pb_200_08.txt,dqn,300,,,
examples/csp/csp_200/pb_200_09.txt,dqn,300,,,
examples/csp/csp_200/pb_200_10.txt,dqn,300,,,
examples/csp/csp_300/carseq_300_8_20_38.txt,dqn,300,,,
examples/csp/csp_300/carseq_300_8_20_40.txt,dqn,300,,,
examples/csp/csp_300/carseq_300_8_20_45.txt,dqn,300,,,
examples/csp/csp_300/carseq_300_8_20_47.txt,dqn,300,,,
examples/csp/csp_300/carseq_300_8_20_53.txt,dqn,300,,,
examples/csp/csp_300/carseq_300_8_20_56.txt,dqn,300,,,
examples/csp/csp_300/carseq_300_8_20_62.txt,dqn,300,,,
examples/csp/csp_300/carseq_300_8_20_76.txt,dqn,300,,,
examples/csp/csp_300/carseq_300_8_20_78.txt,dqn,300,,,
examples/csp/csp_300/carseq_300_8_20_80.txt,dqn,300,,,
examples/csp/csp_300/carseq_300_8_20_81.txt,dqn,300,,,
examples/csp/csp_300/pb_300_06.txt,dqn,300,,,
examples/csp/csp_300/pb_300_07.txt,dqn,300,,,
examples/csp/csp_100/carseq_100_8_20_82.txt,dqn,300,2,[(t:6.975-v:131.000)-(t:6.989-v:130.000)-(t:7.031-v:126.000)-(t:7.042-v:123.000)-(t:7.060-v:122.000)-(t:7.072-v:120.000)-(t:7.082-v:118.000)-(t:7.092-v:117.000)-(t:7.102-v:115.000)-(t:7.111-v:114.000)-(t:7.123-v:112.000)-(t:7.141-v:110.000)-(t:7.157-v:108.000)-(t:7.167-v:106.000)-(t:7.180-v:105.000)-(t:7.194-v:102.000)-(t:7.204-v:99.000)-(t:7.217-v:98.000)-(t:7.229-v:96.000)-(t:7.241-v:94.000)-(t:7.250-v:93.000)-(t:7.256-v:90.000)-(t:7.263-v:88.000)-(t:7.277-v:87.000)-(t:7.285-v:85.000)-(t:7.298-v:84.000)-(t:7.310-v:83.000)-(t:7.321-v:82.000)-(t:7.330-v:81.000)-(t:7.341-v:80.000)-(t:7.352-v:79.000)-(t:7.365-v:77.000)-(t:7.380-v:76.000)-(t:7.392-v:74.000)-(t:7.398-v:73.000)-(t:7.411-v:72.000)-(t:7.422-v:71.000)-(t:7.433-v:70.000)-(t:7.443-v:69.000)-(t:7.449-v:68.000)-(t:7.459-v:67.000)-(t:7.469-v:66.000)-(t:7.484-v:65.000)-(t:7.493-v:64.000)-(t:7.498-v:63.000)-(t:7.509-v:60.000)-(t:7.524-v:59.000)-(t:7.532-v:58.000)-(t:7.543-v:57.000)-(t:7.549-v:55.000)-(t:7.562-v:54.000)-(t:7.577-v:53.000)-(t:7.601-v:52.000)-(t:7.613-v:50.000)-(t:7.627-v:49.000)-(t:7.636-v:48.000)-(t:7.661-v:46.000)-(t:7.676-v:45.000)-(t:7.682-v:43.000)-(t:7.689-v:42.000)-(t:7.697-v:41.000)-(t:7.716-v:39.000)-(t:7.776-v:38.000)-(t:7.786-v:37.000)-(t:7.795-v:36.000)-(t:7.803-v:35.000)-(t:7.814-v:34.000)-(t:7.827-v:33.000)-(t:7.841-v:32.000)-(t:7.851-v:31.000)-(t:7.863-v:30.000)-(t:7.891-v:29.000)-(t:7.910-v:28.000)-(t:7.923-v:27.000)-(t:7.935-v:26.000)-(t:7.948-v:25.000)-(t:7.959-v:24.000)-(t:7.972-v:23.000)-(t:8.006-v:22.000)-(t:8.015-v:21.000)-(t:8.027-v:20.000)-(t:8.043-v:19.000)-(t:8.056-v:18.000)-(t:8.071-v:17.000)-(t:8.087-v:16.000)-(t:8.130-v:15.000)-(t:8.156-v:14.000)-(t:8.263-v:13.000)-(t:8.271-v:12.000)-(t:8.285-v:11.000)-(t:8.307-v:10.000)-(t:8.337-v:8.000)-(t:8.701-v:7.000)-(t:22.912-v:6.000)-(t:23.163-v:5.000)-(t:64.502-v:4.000)-(t:64.677-v:3.000)-(t:201.682-v:2.000)],300.000
examples/csp/csp_100/carseq_100_8_20_85.txt,dqn,300,1,[(t:4.928-v:120.000)-(t:4.972-v:118.000)-(t:4.985-v:116.000)-(t:4.999-v:112.000)-(t:5.007-v:110.000)-(t:5.018-v:108.000)-(t:5.032-v:107.000)-(t:5.039-v:106.000)-(t:5.048-v:104.000)-(t:5.056-v:103.000)-(t:5.064-v:101.000)-(t:5.072-v:100.000)-(t:5.082-v:98.000)-(t:5.089-v:95.000)-(t:5.096-v:94.000)-(t:5.103-v:93.000)-(t:5.109-v:92.000)-(t:5.116-v:91.000)-(t:5.122-v:89.000)-(t:5.128-v:85.000)-(t:5.135-v:81.000)-(t:5.141-v:80.000)-(t:5.152-v:79.000)-(t:5.160-v:78.000)-(t:5.167-v:75.000)-(t:5.174-v:74.000)-(t:5.180-v:73.000)-(t:5.186-v:72.000)-(t:5.193-v:71.000)-(t:5.200-v:70.000)-(t:5.206-v:67.000)-(t:5.217-v:66.000)-(t:5.222-v:65.000)-(t:5.228-v:63.000)-(t:5.239-v:61.000)-(t:5.247-v:60.000)-(t:5.254-v:59.000)-(t:5.259-v:58.000)-(t:5.268-v:55.000)-(t:5.274-v:53.000)-(t:5.283-v:52.000)-(t:5.289-v:50.000)-(t:5.304-v:49.000)-(t:5.311-v:48.000)-(t:5.318-v:47.000)-(t:5.325-v:46.000)-(t:5.335-v:45.000)-(t:5.348-v:44.000)-(t:5.355-v:43.000)-(t:5.369-v:42.000)-(t:5.378-v:41.000)-(t:5.404-v:40.000)-(t:5.413-v:38.000)-(t:5.423-v:37.000)-(t:5.433-v:36.000)-(t:5.443-v:35.000)-(t:5.461-v:34.000)-(t:5.473-v:33.000)-(t:5.486-v:32.000)-(t:5.511-v:31.000)-(t:5.544-v:30.000)-(t:5.568-v:29.000)-(t:5.579-v:27.000)-(t:5.590-v:26.000)-(t:5.622-v:25.000)-(t:5.632-v:24.000)-(t:5.641-v:23.000)-(t:5.664-v:22.000)-(t:5.700-v:21.000)-(t:5.711-v:20.000)-(t:5.734-v:19.000)-(t:5.754-v:18.000)-(t:5.767-v:17.000)-(t:5.776-v:16.000)-(t:5.798-v:15.000)-(t:5.838-v:14.000)-(t:5.922-v:13.000)-(t:5.948-v:12.000)-(t:5.966-v:10.000)-(t:6.026-v:9.000)-(t:6.039-v:8.000)-(t:6.046-v:7.000)-(t:13.007-v:6.000)-(t:22.520-v:5.000)-(t:22.608-v:4.000)-(t:29.223-v:3.000)-(t:243.454-v:2.000)-(t:274.344-v:1.000)],300.000
examples/csp/csp_100/carseq_100_8_20_86.txt,dqn,300,2,[(t:4.661-v:145.000)-(t:4.683-v:143.000)-(t:4.689-v:142.000)-(t:4.697-v:140.000)-(t:4.712-v:135.000)-(t:4.719-v:134.000)-(t:4.726-v:133.000)-(t:4.732-v:131.000)-(t:4.739-v:130.000)-(t:4.753-v:127.000)-(t:4.760-v:125.000)-(t:4.771-v:124.000)-(t:4.779-v:123.000)-(t:4.786-v:121.000)-(t:4.795-v:118.000)-(t:4.804-v:117.000)-(t:4.811-v:115.000)-(t:4.819-v:114.000)-(t:4.826-v:112.000)-(t:4.834-v:105.000)-(t:4.842-v:101.000)-(t:4.850-v:98.000)-(t:4.859-v:97.000)-(t:4.866-v:95.000)-(t:4.874-v:93.000)-(t:4.889-v:91.000)-(t:4.896-v:89.000)-(t:4.906-v:87.000)-(t:4.913-v:85.000)-(t:4.921-v:84.000)-(t:4.928-v:83.000)-(t:4.937-v:82.000)-(t:4.944-v:81.000)-(t:4.952-v:80.000)-(t:4.962-v:79.000)-(t:4.970-v:77.000)-(t:4.978-v:76.000)-(t:4.992-v:75.000)-(t:4.999-v:72.000)-(t:5.007-v:71.000)-(t:5.015-v:68.000)-(t:5.025-v:67.000)-(t:5.036-v:65.000)-(t:5.044-v:64.000)-(t:5.056-v:63.000)-(t:5.065-v:62.000)-(t:5.073-v:60.000)-(t:5.081-v:59.000)-(t:5.091-v:58.000)-(t:5.099-v:57.000)-(t:5.109-v:56.000)-(t:5.118-v:55.000)-(t:5.126-v:54.000)-(t:5.141-v:53.000)-(t:5.160-v:52.000)-(t:5.168-v:48.000)-(t:5.176-v:47.000)-(t:5.186-v:46.000)-(t:5.194-v:45.000)-(t:5.203-v:44.000)-(t:5.211-v:42.000)-(t:5.228-v:41.000)-(t:5.235-v:40.000)-(t:5.241-v:39.000)-(t:5.247-v:38.000)-(t:5.253-v:37.000)-(t:5.259-v:36.000)-(t:5.268-v:34.000)-(t:5.274-v:33.000)-(t:5.286-v:32.000)-(t:5.292-v:31.000)-(t:5.299-v:30.000)-(t:5.315-v:29.000)-(t:5.321-v:28.000)-(t:5.330-v:27.000)-(t:5.337-v:26.000)-(t:5.353-v:25.000)-(t:5.388-v:24.000)-(t:5.394-v:23.000)-(t:5.415-v:21.000)-(t:5.453-v:20.000)-(t:5.463-v:19.000)-(t:5.476-v:18.000)-(t:5.484-v:16.000)-(t:5.513-v:15.000)-(t:5.572-v:14.000)-(t:5.609-v:13.000)-(t:7.420-v:12.000)-(t:8.715-v:11.000)-(t:8.795-v:10.000)-(t:12.863-v:9.000)-(t:13.028-v:8.000)-(t:13.288-v:7.000)-(t:14.661-v:6.000)-(t:15.021-v:5.000)-(t:16.911-v:4.000)-(t:29.145-v:3.000)-(t:29.245-v:2.000)],300.000
examples/csp/csp_300/pb_300_08.txt,dqn,300,,,
examples/csp/csp_300/pb_300_09.txt,dqn,300,,,
examples/csp/csp_300/pb_300_10.txt,dqn,300,,,
examples/csp/csp_100/carseq_100_8_20_98.txt,dqn,300,1,[(t:6.348-v:130.000)-(t:6.365-v:127.000)-(t:6.372-v:125.000)-(t:6.379-v:124.000)-(t:6.387-v:123.000)-(t:6.411-v:121.000)-(t:6.420-v:120.000)-(t:6.429-v:117.000)-(t:6.438-v:114.000)-(t:6.445-v:111.000)-(t:6.452-v:108.000)-(t:6.461-v:104.000)-(t:6.470-v:103.000)-(t:6.490-v:102.000)-(t:6.500-v:101.000)-(t:6.508-v:100.000)-(t:6.518-v:99.000)-(t:6.526-v:97.000)-(t:6.538-v:96.000)-(t:6.546-v:94.000)-(t:6.555-v:93.000)-(t:6.566-v:89.000)-(t:6.574-v:87.000)-(t:6.585-v:86.000)-(t:6.593-v:84.000)-(t:6.602-v:83.000)-(t:6.611-v:81.000)-(t:6.620-v:79.000)-(t:6.630-v:78.000)-(t:6.641-v:77.000)-(t:6.651-v:76.000)-(t:6.665-v:75.000)-(t:6.673-v:74.000)-(t:6.682-v:73.000)-(t:6.690-v:72.000)-(t:6.698-v:70.000)-(t:6.708-v:69.000)-(t:6.716-v:68.000)-(t:6.727-v:67.000)-(t:6.744-v:66.000)-(t:6.753-v:64.000)-(t:6.761-v:63.000)-(t:6.768-v:61.000)-(t:6.775-v:60.000)-(t:6.786-v:59.000)-(t:6.792-v:58.000)-(t:6.797-v:57.000)-(t:6.803-v:55.000)-(t:6.808-v:54.000)-(t:6.814-v:53.000)-(t:6.820-v:52.000)-(t:6.826-v:51.000)-(t:6.832-v:49.000)-(t:6.839-v:48.000)-(t:6.848-v:47.000)-(t:6.855-v:45.000)-(t:6.864-v:44.000)-(t:6.870-v:42.000)-(t:6.876-v:41.000)-(t:6.882-v:40.000)-(t:6.889-v:39.000)-(t:6.910-v:38.000)-(t:6.927-v:37.000)-(t:6.933-v:36.000)-(t:6.942-v:35.000)-(t:6.949-v:33.000)-(t:6.956-v:32.000)-(t:6.989-v:31.000)-(t:6.995-v:30.000)-(t:7.033-v:29.000)-(t:7.071-v:28.000)-(t:7.119-v:27.000)-(t:7.134-v:26.000)-(t:7.148-v:25.000)-(t:7.240-v:24.000)-(t:7.261-v:23.000)-(t:7.278-v:22.000)-(t:7.287-v:21.000)-(t:7.307-v:20.000)-(t:7.323-v:19.000)-(t:7.393-v:18.000)-(t:7.416-v:17.000)-(t:7.437-v:16.000)-(t:7.460-v:15.000)-(t:7.489-v:14.000)-(t:7.516-v:13.000)-(t:7.603-v:12.000)-(t:7.670-v:11.000)-(t:16.360-v:10.000)-(t:16.460-v:9.000)-(t:16.554-v:8.000)-(t:24.783-v:7.000)-(t:35.420-v:6.000)-(t:52.851-v:5.000)-(t:53.814-v:4.000)-(t:72.150-v:3.000)-(t:75.289-v:2.000)-(t:93.885-v:1.000)],300.000
examples/csp/csp_100/carseq_100_8_20_99.txt,dqn,300,1,[(t:8.122-v:117.000)-(t:8.137-v:115.000)-(t:8.157-v:112.000)-(t:8.186-v:111.000)-(t:8.193-v:110.000)-(t:8.205-v:108.000)-(t:8.223-v:106.000)-(t:8.231-v:104.000)-(t:8.241-v:103.000)-(t:8.252-v:102.000)-(t:8.265-v:99.000)-(t:8.277-v:97.000)-(t:8.287-v:95.000)-(t:8.301-v:93.000)-(t:8.312-v:92.000)-(t:8.325-v:91.000)-(t:8.334-v:89.000)-(t:8.346-v:88.000)-(t:8.357-v:86.000)-(t:8.371-v:85.000)-(t:8.382-v:84.000)-(t:8.400-v:82.000)-(t:8.412-v:77.000)-(t:8.423-v:76.000)-(t:8.435-v:75.000)-(t:8.444-v:74.000)-(t:8.455-v:73.000)-(t:8.466-v:72.000)-(t:8.479-v:71.000)-(t:8.490-v:68.000)-(t:8.500-v:67.000)-(t:8.515-v:66.000)-(t:8.527-v:65.000)-(t:8.539-v:64.000)-(t:8.546-v:63.000)-(t:8.556-v:61.000)-(t:8.569-v:60.000)-(t:8.583-v:58.000)-(t:8.590-v:57.000)-(t:8.602-v:56.000)-(t:8.615-v:55.000)-(t:8.626-v:53.000)-(t:8.660-v:52.000)-(t:8.680-v:51.000)-(t:8.721-v:50.000)-(t:8.729-v:49.000)-(t:8.740-v:48.000)-(t:8.754-v:46.000)-(t:8.767-v:44.000)-(t:8.773-v:43.000)-(t:8.784-v:42.000)-(t:8.797-v:41.000)-(t:8.810-v:40.000)-(t:8.820-v:39.000)-(t:8.834-v:38.000)-(t:8.843-v:37.000)-(t:8.854-v:36.000)-(t:8.867-v:35.000)-(t:8.879-v:34.000)-(t:8.891-v:33.000)-(t:8.902-v:31.000)-(t:8.915-v:30.000)-(t:8.941-v:29.000)-(t:8.954-v:27.000)-(t:8.996-v:26.000)-(t:9.020-v:25.000)-(t:9.033-v:24.000)-(t:9.050-v:23.000)-(t:9.087-v:22.000)-(t:9.176-v:21.000)-(t:9.207-v:20.000)-(t:9.222-v:19.000)-(t:9.253-v:18.000)-(t:9.322-v:17.000)-(t:9.337-v:16.000)-(t:9.353-v:15.000)-(t:9.371-v:14.000)-(t:9.391-v:13.000)-(t:9.417-v:12.000)-(t:12.015-v:11.000)-(t:12.215-v:10.000)-(t:12.388-v:9.000)-(t:12.583-v:8.000)-(t:27.068-v:7.000)-(t:37.585-v:6.000)-(t:37.762-v:5.000)-(t:41.743-v:4.000)-(t:84.541-v:3.000)-(t:157.704-v:2.000)-(t:164.829-v:1.000)],300.000
examples/csp/csp_100/carseq_100_8_20_62.txt,dqn,300,0,[(t:5.732-v:126.000)-(t:5.742-v:121.000)-(t:5.748-v:118.000)-(t:5.791-v:117.000)-(t:5.796-v:112.000)-(t:5.810-v:111.000)-(t:5.816-v:110.000)-(t:5.826-v:107.000)-(t:5.845-v:106.000)-(t:5.853-v:105.000)-(t:5.861-v:104.000)-(t:5.871-v:102.000)-(t:5.878-v:100.000)-(t:5.886-v:99.000)-(t:5.894-v:98.000)-(t:5.903-v:97.000)-(t:5.911-v:92.000)-(t:5.916-v:90.000)-(t:5.922-v:89.000)-(t:5.928-v:88.000)-(t:5.936-v:86.000)-(t:5.942-v:84.000)-(t:5.962-v:83.000)-(t:5.969-v:82.000)-(t:5.977-v:80.000)-(t:5.986-v:79.000)-(t:5.994-v:78.000)-(t:6.001-v:76.000)-(t:6.021-v:75.000)-(t:6.026-v:73.000)-(t:6.039-v:72.000)-(t:6.047-v:70.000)-(t:6.059-v:69.000)-(t:6.070-v:67.000)-(t:6.076-v:65.000)-(t:6.084-v:64.000)-(t:6.093-v:63.000)-(t:6.102-v:61.000)-(t:6.108-v:59.000)-(t:6.115-v:58.000)-(t:6.119-v:56.000)-(t:6.124-v:53.000)-(t:6.135-v:52.000)-(t:6.143-v:51.000)-(t:6.155-v:50.000)-(t:6.162-v:49.000)-(t:6.176-v:48.000)-(t:6.187-v:47.000)-(t:6.200-v:46.000)-(t:6.207-v:45.000)-(t:6.224-v:43.000)-(t:6.233-v:41.000)-(t:6.239-v:40.000)-(t:6.246-v:39.000)-(t:6.253-v:37.000)-(t:6.259-v:36.000)-(t:6.265-v:34.000)-(t:6.282-v:33.000)-(t:6.289-v:32.000)-(t:6.306-v:31.000)-(t:6.313-v:29.000)-(t:6.319-v:28.000)-(t:6.330-v:27.000)-(t:6.339-v:26.000)-(t:6.402-v:25.000)-(t:6.417-v:24.000)-(t:6.432-v:23.000)-(t:6.442-v:22.000)-(t:6.455-v:21.000)-(t:6.519-v:20.000)-(t:6.530-v:19.000)-(t:6.541-v:18.000)-(t:6.553-v:17.000)-(t:6.569-v:16.000)-(t:6.585-v:15.000)-(t:6.607-v:14.000)-(t:6.615-v:13.000)-(t:6.628-v:12.000)-(t:6.682-v:11.000)-(t:6.891-v:10.000)-(t:6.897-v:9.000)-(t:6.956-v:8.000)-(t:6.992-v:7.000)-(t:7.005-v:6.000)-(t:7.546-v:5.000)-(t:7.827-v:4.000)-(t:11.808-v:3.000)-(t:13.565-v:2.000)-(t:15.033-v:1.000)-(t:59.140-v:0.000)],59.140
examples/csp/csp_100/carseq_100_8_20_67.txt,dqn,300,0,[(t:9.120-v:91.000)-(t:9.133-v:89.000)-(t:9.144-v:87.000)-(t:9.163-v:82.000)-(t:9.181-v:81.000)-(t:9.194-v:80.000)-(t:9.211-v:79.000)-(t:9.226-v:78.000)-(t:9.239-v:76.000)-(t:9.267-v:73.000)-(t:9.279-v:72.000)-(t:9.293-v:71.000)-(t:9.305-v:68.000)-(t:9.317-v:67.000)-(t:9.331-v:66.000)-(t:9.344-v:63.000)-(t:9.355-v:62.000)-(t:9.366-v:60.000)-(t:9.377-v:59.000)-(t:9.388-v:58.000)-(t:9.401-v:57.000)-(t:9.417-v:56.000)-(t:9.428-v:55.000)-(t:9.443-v:54.000)-(t:9.456-v:53.000)-(t:9.469-v:51.000)-(t:9.480-v:50.000)-(t:9.491-v:49.000)-(t:9.503-v:48.000)-(t:9.514-v:47.000)-(t:9.524-v:46.000)-(t:9.532-v:45.000)-(t:9.544-v:44.000)-(t:9.556-v:43.000)-(t:9.567-v:42.000)-(t:9.578-v:41.000)-(t:9.592-v:39.000)-(t:9.602-v:38.000)-(t:9.612-v:36.000)-(t:9.623-v:35.000)-(t:9.634-v:34.000)-(t:9.642-v:33.000)-(t:9.652-v:32.000)-(t:9.663-v:31.000)-(t:9.673-v:30.000)-(t:9.683-v:29.000)-(t:9.694-v:28.000)-(t:9.704-v:27.000)-(t:9.715-v:25.000)-(t:9.754-v:24.000)-(t:9.771-v:23.000)-(t:9.783-v:22.000)-(t:9.795-v:21.000)-(t:9.821-v:20.000)-(t:9.833-v:18.000)-(t:9.875-v:16.000)-(t:9.920-v:15.000)-(t:9.942-v:13.000)-(t:9.995-v:12.000)-(t:10.031-v:11.000)-(t:10.161-v:10.000)-(t:10.176-v:9.000)-(t:10.187-v:8.000)-(t:10.214-v:7.000)-(t:10.240-v:6.000)-(t:10.256-v:5.000)-(t:10.293-v:4.000)-(t:11.097-v:3.000)-(t:11.118-v:2.000)-(t:11.135-v:1.000)-(t:20.026-v:0.000)],20.026
examples/csp/csp_100/16-81.txt,dqn,300,4,[(t:6.520-v:127.000)-(t:6.537-v:126.000)-(t:6.546-v:123.000)-(t:6.569-v:122.000)-(t:6.585-v:121.000)-(t:6.593-v:118.000)-(t:6.603-v:115.000)-(t:6.611-v:113.000)-(t:6.631-v:112.000)-(t:6.640-v:110.000)-(t:6.653-v:109.000)-(t:6.669-v:101.000)-(t:6.681-v:100.000)-(t:6.691-v:99.000)-(t:6.702-v:98.000)-(t:6.713-v:96.000)-(t:6.723-v:95.000)-(t:6.733-v:94.000)-(t:6.743-v:93.000)-(t:6.753-v:92.000)-(t:6.762-v:90.000)-(t:6.772-v:89.000)-(t:6.780-v:87.000)-(t:6.789-v:86.000)-(t:6.798-v:85.000)-(t:6.806-v:83.000)-(t:6.820-v:81.000)-(t:6.829-v:80.000)-(t:6.839-v:79.000)-(t:6.847-v:75.000)-(t:6.858-v:74.000)-(t:6.867-v:71.000)-(t:6.877-v:69.000)-(t:6.885-v:68.000)-(t:6.894-v:67.000)-(t:6.902-v:66.000)-(t:6.910-v:64.000)-(t:6.918-v:63.000)-(t:6.927-v:62.000)-(t:6.935-v:61.000)-(t:6.945-v:59.000)-(t:6.954-v:58.000)-(t:6.962-v:57.000)-(t:6.972-v:55.000)-(t:6.980-v:54.000)-(t:6.988-v:53.000)-(t:6.996-v:52.000)-(t:7.004-v:51.000)-(t:7.017-v:50.000)-(t:7.025-v:49.000)-(t:7.035-v:48.000)-(t:7.042-v:47.000)-(t:7.051-v:46.000)-(t:7.065-v:45.000)-(t:7.073-v:44.000)-(t:7.081-v:43.000)-(t:7.089-v:42.000)-(t:7.098-v:41.000)-(t:7.106-v:40.000)-(t:7.114-v:39.000)-(t:7.136-v:37.000)-(t:7.153-v:36.000)-(t:7.162-v:35.000)-(t:7.174-v:34.000)-(t:7.184-v:32.000)-(t:7.193-v:31.000)-(t:7.203-v:30.000)-(t:7.220-v:29.000)-(t:7.228-v:27.000)-(t:7.238-v:26.000)-(t:7.248-v:25.000)-(t:7.263-v:24.000)-(t:7.273-v:23.000)-(t:7.283-v:22.000)-(t:7.307-v:21.000)-(t:7.338-v:20.000)-(t:7.348-v:19.000)-(t:7.369-v:18.000)-(t:7.409-v:17.000)-(t:7.427-v:16.000)-(t:7.435-v:15.000)-(t:7.451-v:14.000)-(t:7.474-v:13.000)-(t:7.523-v:12.000)-(t:7.539-v:11.000)-(t:7.611-v:10.000)-(t:7.834-v:9.000)-(t:7.851-v:8.000)-(t:8.050-v:7.000)-(t:8.062-v:6.000)-(t:84.817-v:5.000)-(t:274.108-v:4.000)],300.000
examples/csp/csp_100/21-90.txt,dqn,300,2,[(t:6.179-v:109.000)-(t:6.198-v:106.000)-(t:6.223-v:103.000)-(t:6.237-v:97.000)-(t:6.248-v:96.000)-(t:6.257-v:94.000)-(t:6.274-v:93.000)-(t:6.288-v:88.000)-(t:6.298-v:86.000)-(t:6.309-v:84.000)-(t:6.320-v:83.000)-(t:6.330-v:82.000)-(t:6.340-v:81.000)-(t:6.351-v:80.000)-(t:6.360-v:79.000)-(t:6.369-v:77.000)-(t:6.390-v:76.000)-(t:6.401-v:75.000)-(t:6.410-v:74.000)-(t:6.420-v:73.000)-(t:6.430-v:72.000)-(t:6.440-v:70.000)-(t:6.449-v:69.000)-(t:6.460-v:67.000)-(t:6.469-v:65.000)-(t:6.479-v:64.000)-(t:6.487-v:63.000)-(t:6.498-v:62.000)-(t:6.512-v:61.000)-(t:6.521-v:60.000)-(t:6.531-v:59.000)-(t:6.542-v:58.000)-(t:6.551-v:57.000)-(t:6.560-v:56.000)-(t:6.570-v:55.000)-(t:6.580-v:54.000)-(t:6.589-v:53.000)-(t:6.599-v:52.000)-(t:6.611-v:51.000)-(t:6.623-v:50.000)-(t:6.635-v:49.000)-(t:6.645-v:48.000)-(t:6.656-v:47.000)-(t:6.664-v:46.000)-(t:6.673-v:45.000)-(t:6.682-v:43.000)-(t:6.690-v:42.000)-(t:6.699-v:41.000)-(t:6.707-v:40.000)-(t:6.716-v:38.000)-(t:6.725-v:37.000)-(t:6.733-v:36.000)-(t:6.740-v:35.000)-(t:6.750-v:33.000)-(t:6.760-v:31.000)-(t:6.770-v:30.000)-(t:6.789-v:29.000)-(t:6.798-v:27.000)-(t:6.817-v:26.000)-(t:6.826-v:25.000)-(t:6.837-v:24.000)-(t:6.847-v:23.000)-(t:6.866-v:22.000)-(t:6.877-v:21.000)-(t:6.889-v:20.000)-(t:6.899-v:19.000)-(t:6.910-v:18.000)-(t:6.957-v:17.000)-(t:6.970-v:16.000)-(t:7.016-v:15.000)-(t:7.024-v:14.000)-(t:7.048-v:13.000)-(t:7.100-v:12.000)-(t:7.144-v:11.000)-(t:7.154-v:10.000)-(t:7.164-v:9.000)-(t:7.185-v:8.000)-(t:7.643-v:7.000)-(t:10.163-v:6.000)-(t:10.552-v:5.000)-(t:13.653-v:4.000)-(t:43.555-v:3.000)-(t:70.734-v:2.000)],35.387
examples/csp/csp_100/36-92.txt,dqn,300,3,[(t:7.228-v:118.000)-(t:7.257-v:114.000)-(t:7.265-v:112.000)-(t:7.277-v:111.000)-(t:7.287-v:110.000)-(t:7.295-v:109.000)-(t:7.309-v:104.000)-(t:7.319-v:100.000)-(t:7.331-v:98.000)-(t:7.338-v:96.000)-(t:7.346-v:95.000)-(t:7.353-v:94.000)-(t:7.365-v:93.000)-(t:7.372-v:91.000)-(t:7.380-v:89.000)-(t:7.388-v:86.000)-(t:7.396-v:84.000)-(t:7.410-v:82.000)-(t:7.417-v:81.000)-(t:7.424-v:79.000)-(t:7.432-v:78.000)-(t:7.439-v:76.000)-(t:7.445-v:74.000)-(t:7.453-v:73.000)-(t:7.463-v:72.000)-(t:7.472-v:71.000)-(t:7.480-v:70.000)-(t:7.488-v:69.000)-(t:7.496-v:68.000)-(t:7.503-v:67.000)-(t:7.510-v:66.000)-(t:7.517-v:65.000)-(t:7.524-v:64.000)-(t:7.532-v:63.000)-(t:7.540-v:62.000)-(t:7.548-v:61.000)-(t:7.569-v:60.000)-(t:7.583-v:57.000)-(t:7.591-v:56.000)-(t:7.598-v:54.000)-(t:7.605-v:53.000)-(t:7.613-v:51.000)-(t:7.620-v:50.000)-(t:7.627-v:48.000)-(t:7.635-v:47.000)-(t:7.653-v:45.000)-(t:7.662-v:44.000)-(t:7.698-v:43.000)-(t:7.709-v:42.000)-(t:7.717-v:41.000)-(t:7.724-v:40.000)-(t:7.732-v:39.000)-(t:7.740-v:38.000)-(t:7.748-v:37.000)-(t:7.763-v:36.000)-(t:7.771-v:34.000)-(t:7.779-v:33.000)-(t:7.789-v:32.000)-(t:7.805-v:31.000)-(t:7.812-v:30.000)-(t:7.821-v:29.000)-(t:7.843-v:28.000)-(t:7.857-v:27.000)-(t:7.867-v:26.000)-(t:7.907-v:25.000)-(t:7.915-v:24.000)-(t:7.950-v:23.000)-(t:7.983-v:22.000)-(t:8.010-v:21.000)-(t:8.034-v:20.000)-(t:8.042-v:19.000)-(t:8.057-v:18.000)-(t:8.068-v:17.000)-(t:8.083-v:16.000)-(t:8.096-v:15.000)-(t:8.114-v:14.000)-(t:8.139-v:13.000)-(t:8.146-v:12.000)-(t:8.165-v:11.000)-(t:8.194-v:10.000)-(t:8.207-v:9.000)-(t:8.594-v:8.000)-(t:8.640-v:7.000)-(t:32.247-v:6.000)-(t:32.426-v:5.000)-(t:50.285-v:4.000)-(t:116.920-v:3.000)],130.521
examples/csp/csp_100/4-72.txt,dqn,300,1,[(t:9.146-v:105.000)-(t:9.177-v:102.000)-(t:9.188-v:100.000)-(t:9.201-v:99.000)-(t:9.210-v:97.000)-(t:9.223-v:96.000)-(t:9.235-v:95.000)-(t:9.245-v:94.000)-(t:9.255-v:92.000)-(t:9.263-v:90.000)-(t:9.272-v:87.000)-(t:9.281-v:86.000)-(t:9.289-v:84.000)-(t:9.298-v:81.000)-(t:9.306-v:79.000)-(t:9.315-v:77.000)-(t:9.323-v:76.000)-(t:9.332-v:75.000)-(t:9.340-v:73.000)-(t:9.348-v:72.000)-(t:9.356-v:71.000)-(t:9.364-v:69.000)-(t:9.374-v:68.000)-(t:9.387-v:67.000)-(t:9.394-v:66.000)-(t:9.403-v:63.000)-(t:9.410-v:62.000)-(t:9.416-v:61.000)-(t:9.424-v:60.000)-(t:9.431-v:59.000)-(t:9.438-v:58.000)-(t:9.445-v:57.000)-(t:9.452-v:56.000)-(t:9.459-v:55.000)-(t:9.467-v:54.000)-(t:9.475-v:53.000)-(t:9.483-v:50.000)-(t:9.489-v:47.000)-(t:9.497-v:45.000)-(t:9.504-v:44.000)-(t:9.511-v:43.000)-(t:9.518-v:42.000)-(t:9.525-v:41.000)-(t:9.533-v:40.000)-(t:9.550-v:39.000)-(t:9.558-v:38.000)-(t:9.567-v:37.000)-(t:9.576-v:36.000)-(t:9.603-v:35.000)-(t:9.639-v:34.000)-(t:9.647-v:33.000)-(t:9.655-v:32.000)-(t:9.663-v:30.000)-(t:9.677-v:29.000)-(t:9.701-v:28.000)-(t:9.712-v:27.000)-(t:9.720-v:26.000)-(t:9.753-v:25.000)-(t:9.761-v:24.000)-(t:9.771-v:23.000)-(t:9.780-v:22.000)-(t:9.806-v:21.000)-(t:9.817-v:20.000)-(t:9.845-v:19.000)-(t:9.857-v:18.000)-(t:9.898-v:17.000)-(t:9.908-v:16.000)-(t:9.926-v:15.000)-(t:9.981-v:14.000)-(t:9.990-v:13.000)-(t:10.019-v:12.000)-(t:10.035-v:11.000)-(t:10.043-v:10.000)-(t:10.056-v:9.000)-(t:10.065-v:8.000)-(t:10.077-v:7.000)-(t:10.547-v:6.000)-(t:55.592-v:5.000)-(t:55.778-v:4.000)-(t:124.699-v:3.000)-(t:149.809-v:2.000)-(t:175.493-v:1.000)],300.000
examples/csp/csp_100/6-76.txt,dqn,300,6,[(t:8.340-v:84.000)-(t:8.359-v:83.000)-(t:8.372-v:82.000)-(t:8.384-v:81.000)-(t:8.403-v:78.000)-(t:8.413-v:75.000)-(t:8.427-v:74.000)-(t:8.455-v:73.000)-(t:8.467-v:72.000)-(t:8.479-v:71.000)-(t:8.491-v:68.000)-(t:8.505-v:66.000)-(t:8.517-v:63.000)-(t:8.528-v:62.000)-(t:8.539-v:61.000)-(t:8.551-v:60.000)-(t:8.562-v:59.000)-(t:8.573-v:58.000)-(t:8.583-v:56.000)-(t:8.598-v:55.000)-(t:8.609-v:54.000)-(t:8.619-v:53.000)-(t:8.629-v:52.000)-(t:8.672-v:51.000)-(t:8.682-v:50.000)-(t:8.695-v:48.000)-(t:8.709-v:47.000)-(t:8.720-v:46.000)-(t:8.732-v:45.000)-(t:8.742-v:44.000)-(t:8.754-v:42.000)-(t:8.768-v:41.000)-(t:8.786-v:40.000)-(t:8.800-v:39.000)-(t:8.817-v:38.000)-(t:8.828-v:36.000)-(t:8.846-v:35.000)-(t:8.857-v:34.000)-(t:8.868-v:33.000)-(t:8.878-v:32.000)-(t:8.888-v:31.000)-(t:8.912-v:30.000)-(t:8.923-v:29.000)-(t:8.935-v:27.000)-(t:8.951-v:26.000)-(t:8.989-v:25.000)-(t:9.002-v:24.000)-(t:9.042-v:23.000)-(t:9.053-v:22.000)-(t:9.065-v:21.000)-(t:9.075-v:20.000)-(t:9.086-v:19.000)-(t:9.125-v:18.000)-(t:9.135-v:16.000)-(t:9.148-v:15.000)-(t:9.187-v:14.000)-(t:9.206-v:13.000)-(t:9.216-v:12.000)-(t:9.242-v:11.000)-(t:9.321-v:10.000)-(t:9.331-v:9.000)-(t:9.613-v:8.000)-(t:9.634-v:7.000)-(t:9.681-v:6.000)],9.216
examples/csp/csp_100/carseq_100_8_20_72.txt,dqn,300,0,[(t:10.699-v:112.000)-(t:10.734-v:111.000)-(t:10.749-v:109.000)-(t:10.755-v:105.000)-(t:10.763-v:104.000)-(t:10.772-v:100.000)-(t:10.786-v:99.000)-(t:10.795-v:97.000)-(t:10.804-v:95.000)-(t:10.813-v:94.000)-(t:10.821-v:93.000)-(t:10.834-v:92.000)-(t:10.842-v:89.000)-(t:10.850-v:88.000)-(t:10.858-v:83.000)-(t:10.868-v:82.000)-(t:10.877-v:81.000)-(t:10.887-v:80.000)-(t:10.896-v:78.000)-(t:10.903-v:76.000)-(t:10.914-v:75.000)-(t:10.922-v:74.000)-(t:10.930-v:73.000)-(t:10.939-v:71.000)-(t:10.947-v:70.000)-(t:10.955-v:67.000)-(t:10.963-v:64.000)-(t:10.970-v:62.000)-(t:10.978-v:60.000)-(t:10.995-v:59.000)-(t:11.006-v:57.000)-(t:11.023-v:56.000)-(t:11.028-v:55.000)-(t:11.032-v:53.000)-(t:11.037-v:52.000)-(t:11.042-v:51.000)-(t:11.050-v:48.000)-(t:11.058-v:47.000)-(t:11.074-v:46.000)-(t:11.087-v:45.000)-(t:11.095-v:44.000)-(t:11.105-v:43.000)-(t:11.115-v:42.000)-(t:11.122-v:41.000)-(t:11.130-v:40.000)-(t:11.136-v:39.000)-(t:11.144-v:38.000)-(t:11.151-v:35.000)-(t:11.158-v:34.000)-(t:11.168-v:33.000)-(t:11.178-v:32.000)-(t:11.195-v:31.000)-(t:11.203-v:30.000)-(t:11.218-v:29.000)-(t:11.226-v:28.000)-(t:11.234-v:27.000)-(t:11.242-v:26.000)-(t:11.253-v:25.000)-(t:11.260-v:24.000)-(t:11.267-v:22.000)-(t:11.282-v:21.000)-(t:11.289-v:20.000)-(t:11.334-v:19.000)-(t:11.378-v:18.000)-(t:11.386-v:17.000)-(t:11.394-v:16.000)-(t:11.400-v:15.000)-(t:11.410-v:14.000)-(t:11.419-v:13.000)-(t:11.426-v:12.000)-(t:11.441-v:11.000)-(t:11.458-v:10.000)-(t:11.497-v:9.000)-(t:11.540-v:8.000)-(t:11.559-v:7.000)-(t:11.607-v:6.000)-(t:11.626-v:5.000)-(t:11.850-v:4.000)-(t:11.871-v:3.000)-(t:11.907-v:2.000)-(t:12.604-v:1.000)-(t:23.443-v:0.000)],23.443
examples/csp/csp_100/carseq_100_8_20_73.txt,dqn,300,0,[(t:10.413-v:111.000)-(t:10.432-v:110.000)-(t:10.446-v:108.000)-(t:10.459-v:104.000)-(t:10.467-v:103.000)-(t:10.474-v:102.000)-(t:10.481-v:99.000)-(t:10.488-v:97.000)-(t:10.496-v:96.000)-(t:10.504-v:95.000)-(t:10.511-v:94.000)-(t:10.520-v:93.000)-(t:10.526-v:92.000)-(t:10.534-v:91.000)-(t:10.542-v:88.000)-(t:10.553-v:86.000)-(t:10.561-v:85.000)-(t:10.569-v:84.000)-(t:10.575-v:83.000)-(t:10.582-v:82.000)-(t:10.594-v:81.000)-(t:10.601-v:80.000)-(t:10.608-v:79.000)-(t:10.616-v:78.000)-(t:10.624-v:77.000)-(t:10.633-v:76.000)-(t:10.645-v:75.000)-(t:10.652-v:73.000)-(t:10.659-v:72.000)-(t:10.666-v:71.000)-(t:10.672-v:70.000)-(t:10.679-v:69.000)-(t:10.686-v:68.000)-(t:10.693-v:67.000)-(t:10.702-v:64.000)-(t:10.709-v:63.000)-(t:10.717-v:62.000)-(t:10.725-v:61.000)-(t:10.734-v:60.000)-(t:10.740-v:59.000)-(t:10.747-v:58.000)-(t:10.754-v:57.000)-(t:10.761-v:56.000)-(t:10.769-v:55.000)-(t:10.778-v:54.000)-(t:10.790-v:53.000)-(t:10.798-v:52.000)-(t:10.807-v:50.000)-(t:10.817-v:48.000)-(t:10.826-v:47.000)-(t:10.842-v:46.000)-(t:10.849-v:44.000)-(t:10.855-v:42.000)-(t:10.862-v:41.000)-(t:10.873-v:40.000)-(t:10.880-v:39.000)-(t:10.886-v:38.000)-(t:10.894-v:37.000)-(t:10.903-v:36.000)-(t:10.909-v:35.000)-(t:10.917-v:34.000)-(t:10.925-v:33.000)-(t:10.934-v:32.000)-(t:10.942-v:31.000)-(t:10.970-v:30.000)-(t:10.979-v:28.000)-(t:10.986-v:27.000)-(t:10.994-v:26.000)-(t:11.002-v:25.000)-(t:11.010-v:24.000)-(t:11.033-v:23.000)-(t:11.040-v:22.000)-(t:11.072-v:21.000)-(t:11.077-v:20.000)-(t:11.083-v:18.000)-(t:11.106-v:17.000)-(t:11.153-v:16.000)-(t:11.161-v:15.000)-(t:11.215-v:14.000)-(t:11.223-v:13.000)-(t:11.231-v:12.000)-(t:11.249-v:11.000)-(t:11.259-v:10.000)-(t:11.268-v:9.000)-(t:11.320-v:8.000)-(t:11.353-v:7.000)-(t:11.363-v:6.000)-(t:11.372-v:5.000)-(t:12.626-v:4.000)-(t:12.706-v:3.000)-(t:16.064-v:2.000)-(t:16.151-v:1.000)-(t:18.492-v:0.000)],18.492
examples/csp/csp_100/carseq_100_8_20_64.txt,dqn,300,1,[(t:5.143-v:125.000)-(t:5.155-v:124.000)-(t:5.163-v:122.000)-(t:5.172-v:120.000)-(t:5.193-v:119.000)-(t:5.199-v:116.000)-(t:5.208-v:115.000)-(t:5.217-v:112.000)-(t:5.225-v:110.000)-(t:5.232-v:109.000)-(t:5.239-v:108.000)-(t:5.247-v:106.000)-(t:5.254-v:105.000)-(t:5.262-v:103.000)-(t:5.268-v:101.000)-(t:5.275-v:100.000)-(t:5.284-v:99.000)-(t:5.290-v:98.000)-(t:5.296-v:96.000)-(t:5.302-v:95.000)-(t:5.309-v:93.000)-(t:5.315-v:92.000)-(t:5.321-v:91.000)-(t:5.329-v:90.000)-(t:5.336-v:88.000)-(t:5.343-v:87.000)-(t:5.348-v:86.000)-(t:5.353-v:85.000)-(t:5.360-v:84.000)-(t:5.366-v:83.000)-(t:5.375-v:80.000)-(t:5.380-v:78.000)-(t:5.384-v:76.000)-(t:5.390-v:73.000)-(t:5.395-v:72.000)-(t:5.400-v:69.000)-(t:5.405-v:68.000)-(t:5.411-v:67.000)-(t:5.416-v:66.000)-(t:5.422-v:65.000)-(t:5.427-v:63.000)-(t:5.432-v:62.000)-(t:5.437-v:61.000)-(t:5.442-v:59.000)-(t:5.447-v:58.000)-(t:5.453-v:57.000)-(t:5.458-v:56.000)-(t:5.464-v:55.000)-(t:5.469-v:53.000)-(t:5.475-v:52.000)-(t:5.480-v:51.000)-(t:5.485-v:50.000)-(t:5.501-v:49.000)-(t:5.507-v:48.000)-(t:5.511-v:46.000)-(t:5.516-v:45.000)-(t:5.523-v:44.000)-(t:5.530-v:43.000)-(t:5.535-v:41.000)-(t:5.547-v:40.000)-(t:5.564-v:39.000)-(t:5.570-v:38.000)-(t:5.576-v:37.000)-(t:5.585-v:36.000)-(t:5.593-v:35.000)-(t:5.601-v:32.000)-(t:5.611-v:31.000)-(t:5.621-v:30.000)-(t:5.632-v:29.000)-(t:5.643-v:28.000)-(t:5.676-v:27.000)-(t:5.691-v:26.000)-(t:5.707-v:25.000)-(t:5.731-v:24.000)-(t:5.741-v:23.000)-(t:5.768-v:22.000)-(t:5.791-v:21.000)-(t:5.798-v:20.000)-(t:5.805-v:19.000)-(t:5.812-v:18.000)-(t:5.826-v:17.000)-(t:5.835-v:16.000)-(t:5.841-v:15.000)-(t:5.852-v:14.000)-(t:5.859-v:13.000)-(t:5.865-v:12.000)-(t:5.896-v:11.000)-(t:5.907-v:10.000)-(t:5.943-v:9.000)-(t:5.968-v:8.000)-(t:6.010-v:7.000)-(t:6.040-v:6.000)-(t:8.236-v:5.000)-(t:10.081-v:4.000)-(t:10.283-v:3.000)-(t:12.698-v:2.000)-(t:12.798-v:1.000)],300.000
examples/csp/csp_100/carseq_100_8_20_71.txt,dqn,300,0,[(t:10.151-v:106.000)-(t:10.170-v:105.000)-(t:10.187-v:104.000)-(t:10.200-v:101.000)-(t:10.211-v:98.000)-(t:10.231-v:97.000)-(t:10.245-v:95.000)-(t:10.256-v:92.000)-(t:10.267-v:91.000)-(t:10.278-v:90.000)-(t:10.289-v:89.000)-(t:10.298-v:88.000)-(t:10.308-v:87.000)-(t:10.314-v:86.000)-(t:10.337-v:83.000)-(t:10.349-v:82.000)-(t:10.359-v:81.000)-(t:10.372-v:79.000)-(t:10.391-v:78.000)-(t:10.405-v:77.000)-(t:10.416-v:76.000)-(t:10.425-v:75.000)-(t:10.436-v:74.000)-(t:10.449-v:73.000)-(t:10.457-v:70.000)-(t:10.469-v:68.000)-(t:10.484-v:67.000)-(t:10.494-v:66.000)-(t:10.506-v:64.000)-(t:10.517-v:62.000)-(t:10.528-v:61.000)-(t:10.533-v:60.000)-(t:10.545-v:59.000)-(t:10.558-v:58.000)-(t:10.572-v:57.000)-(t:10.585-v:56.000)-(t:10.607-v:52.000)-(t:10.635-v:51.000)-(t:10.662-v:49.000)-(t:10.676-v:48.000)-(t:10.687-v:47.000)-(t:10.699-v:45.000)-(t:10.718-v:44.000)-(t:10.760-v:43.000)-(t:10.771-v:42.000)-(t:10.811-v:41.000)-(t:10.822-v:40.000)-(t:10.831-v:39.000)-(t:10.860-v:38.000)-(t:10.870-v:37.000)-(t:10.884-v:36.000)-(t:10.925-v:34.000)-(t:10.939-v:33.000)-(t:10.951-v:32.000)-(t:10.963-v:31.000)-(t:10.974-v:30.000)-(t:11.022-v:29.000)-(t:11.030-v:28.000)-(t:11.079-v:27.000)-(t:11.091-v:25.000)-(t:11.107-v:24.000)-(t:11.144-v:23.000)-(t:11.156-v:21.000)-(t:11.204-v:20.000)-(t:11.256-v:19.000)-(t:11.275-v:18.000)-(t:11.352-v:17.000)-(t:11.412-v:16.000)-(t:11.428-v:15.000)-(t:11.441-v:14.000)-(t:11.495-v:12.000)-(t:11.508-v:11.000)-(t:11.532-v:10.000)-(t:11.546-v:9.000)-(t:11.563-v:8.000)-(t:11.576-v:7.000)-(t:11.611-v:6.000)-(t:11.633-v:5.000)-(t:12.181-v:4.000)-(t:97.620-v:3.000)-(t:100.381-v:2.000)-(t:149.433-v:1.000)-(t:216.221-v:0.000)],216.221
examples/csp/csp_100/carseq_100_8_20_82.txt,dqn,300,0,[(t:7.338-v:157.000)-(t:7.363-v:155.000)-(t:7.375-v:152.000)-(t:7.382-v:150.000)-(t:7.394-v:149.000)-(t:7.408-v:146.000)-(t:7.429-v:145.000)-(t:7.439-v:142.000)-(t:7.453-v:137.000)-(t:7.465-v:136.000)-(t:7.475-v:134.000)-(t:7.486-v:133.000)-(t:7.497-v:132.000)-(t:7.506-v:131.000)-(t:7.515-v:130.000)-(t:7.521-v:127.000)-(t:7.531-v:126.000)-(t:7.541-v:124.000)-(t:7.561-v:123.000)-(t:7.566-v:122.000)-(t:7.572-v:121.000)-(t:7.577-v:120.000)-(t:7.582-v:114.000)-(t:7.592-v:110.000)-(t:7.603-v:109.000)-(t:7.614-v:108.000)-(t:7.622-v:107.000)-(t:7.631-v:105.000)-(t:7.641-v:103.000)-(t:7.650-v:100.000)-(t:7.660-v:98.000)-(t:7.671-v:96.000)-(t:7.679-v:95.000)-(t:7.683-v:94.000)-(t:7.694-v:90.000)-(t:7.707-v:89.000)-(t:7.719-v:88.000)-(t:7.729-v:87.000)-(t:7.735-v:86.000)-(t:7.747-v:85.000)-(t:7.755-v:82.000)-(t:7.766-v:80.000)-(t:7.779-v:79.000)-(t:7.789-v:78.000)-(t:7.804-v:77.000)-(t:7.815-v:76.000)-(t:7.826-v:75.000)-(t:7.832-v:71.000)-(t:7.842-v:70.000)-(t:7.852-v:68.000)-(t:7.864-v:67.000)-(t:7.876-v:65.000)-(t:7.881-v:64.000)-(t:7.888-v:63.000)-(t:7.895-v:62.000)-(t:7.910-v:61.000)-(t:7.933-v:60.000)-(t:7.940-v:59.000)-(t:7.950-v:55.000)-(t:7.959-v:54.000)-(t:7.969-v:53.000)-(t:7.980-v:52.000)-(t:7.987-v:51.000)-(t:7.998-v:49.000)-(t:8.024-v:48.000)-(t:8.037-v:46.000)-(t:8.048-v:45.000)-(t:8.058-v:44.000)-(t:8.070-v:43.000)-(t:8.080-v:42.000)-(t:8.091-v:41.000)-(t:8.096-v:40.000)-(t:8.113-v:39.000)-(t:8.124-v:37.000)-(t:8.137-v:36.000)-(t:8.144-v:35.000)-(t:8.153-v:34.000)-(t:8.163-v:33.000)-(t:8.174-v:32.000)-(t:8.185-v:31.000)-(t:8.229-v:30.000)-(t:8.241-v:29.000)-(t:8.307-v:28.000)-(t:8.312-v:27.000)-(t:8.324-v:26.000)-(t:8.334-v:25.000)-(t:8.346-v:24.000)-(t:8.355-v:23.000)-(t:8.364-v:22.000)-(t:8.375-v:21.000)-(t:8.385-v:20.000)-(t:8.482-v:19.000)-(t:8.530-v:18.000)-(t:8.540-v:17.000)-(t:8.556-v:16.000)-(t:8.579-v:15.000)-(t:8.649-v:14.000)-(t:8.700-v:13.000)-(t:8.716-v:12.000)-(t:8.734-v:11.000)-(t:8.750-v:10.000)-(t:8.763-v:9.000)-(t:8.790-v:8.000)-(t:8.818-v:7.000)-(t:8.853-v:6.000)-(t:10.755-v:5.000)-(t:13.811-v:4.000)-(t:17.030-v:3.000)-(t:20.246-v:2.000)-(t:20.735-v:1.000)-(t:21.064-v:0.000)],21.064
examples/csp/csp_100/carseq_100_8_20_77.txt,dqn,300,0,[(t:7.657-v:101.000)-(t:7.665-v:98.000)-(t:7.689-v:96.000)-(t:7.697-v:95.000)-(t:7.704-v:92.000)-(t:7.711-v:90.000)-(t:7.726-v:86.000)-(t:7.735-v:84.000)-(t:7.742-v:80.000)-(t:7.755-v:78.000)-(t:7.771-v:77.000)-(t:7.792-v:76.000)-(t:7.801-v:74.000)-(t:7.809-v:73.000)-(t:7.818-v:71.000)-(t:7.827-v:68.000)-(t:7.838-v:64.000)-(t:7.846-v:63.000)-(t:7.855-v:62.000)-(t:7.862-v:60.000)-(t:7.869-v:59.000)-(t:7.876-v:58.000)-(t:7.883-v:55.000)-(t:7.891-v:53.000)-(t:7.901-v:52.000)-(t:7.909-v:51.000)-(t:7.915-v:48.000)-(t:7.924-v:47.000)-(t:7.931-v:46.000)-(t:7.938-v:45.000)-(t:7.945-v:44.000)-(t:7.953-v:43.000)-(t:7.960-v:42.000)-(t:7.976-v:41.000)-(t:7.983-v:40.000)-(t:7.989-v:38.000)-(t:7.995-v:37.000)-(t:8.001-v:36.000)-(t:8.008-v:35.000)-(t:8.014-v:33.000)-(t:8.026-v:32.000)-(t:8.034-v:30.000)-(t:8.041-v:29.000)-(t:8.060-v:28.000)-(t:8.068-v:24.000)-(t:8.078-v:23.000)-(t:8.089-v:21.000)-(t:8.095-v:20.000)-(t:8.104-v:19.000)-(t:8.115-v:18.000)-(t:8.122-v:17.000)-(t:8.129-v:16.000)-(t:8.138-v:15.000)-(t:8.174-v:14.000)-(t:8.183-v:13.000)-(t:8.191-v:11.000)-(t:8.198-v:10.000)-(t:8.205-v:9.000)-(t:8.212-v:8.000)-(t:8.219-v:7.000)-(t:8.266-v:6.000)-(t:8.284-v:5.000)-(t:8.348-v:4.000)-(t:8.871-v:3.000)-(t:8.973-v:2.000)-(t:8.999-v:1.000)-(t:36.353-v:0.000)],36.353
examples/csp/csp_100/carseq_100_8_20_90.txt,dqn,300,0,[(t:5.574-v:126.000)-(t:5.585-v:125.000)-(t:5.596-v:123.000)-(t:5.618-v:121.000)-(t:5.632-v:120.000)-(t:5.641-v:119.000)-(t:5.651-v:118.000)-(t:5.671-v:117.000)-(t:5.681-v:113.000)-(t:5.689-v:112.000)-(t:5.696-v:105.000)-(t:5.705-v:104.000)-(t:5.712-v:102.000)-(t:5.721-v:101.000)-(t:5.728-v:100.000)-(t:5.740-v:97.000)-(t:5.747-v:94.000)-(t:5.754-v:92.000)-(t:5.761-v:91.000)-(t:5.769-v:90.000)-(t:5.775-v:89.000)-(t:5.785-v:88.000)-(t:5.793-v:86.000)-(t:5.801-v:85.000)-(t:5.808-v:84.000)-(t:5.816-v:82.000)-(t:5.823-v:81.000)-(t:5.832-v:79.000)-(t:5.842-v:78.000)-(t:5.851-v:76.000)-(t:5.858-v:73.000)-(t:5.875-v:72.000)-(t:5.882-v:71.000)-(t:5.888-v:70.000)-(t:5.894-v:69.000)-(t:5.900-v:68.000)-(t:5.905-v:67.000)-(t:5.914-v:66.000)-(t:5.921-v:65.000)-(t:5.928-v:64.000)-(t:5.935-v:63.000)-(t:5.941-v:62.000)-(t:5.947-v:61.000)-(t:5.954-v:60.000)-(t:5.960-v:59.000)-(t:5.969-v:58.000)-(t:5.976-v:57.000)-(t:5.983-v:56.000)-(t:5.991-v:55.000)-(t:5.998-v:53.000)-(t:6.005-v:51.000)-(t:6.011-v:50.000)-(t:6.017-v:49.000)-(t:6.029-v:48.000)-(t:6.035-v:47.000)-(t:6.043-v:45.000)-(t:6.053-v:44.000)-(t:6.061-v:43.000)-(t:6.072-v:42.000)-(t:6.078-v:41.000)-(t:6.084-v:40.000)-(t:6.097-v:39.000)-(t:6.104-v:38.000)-(t:6.112-v:37.000)-(t:6.130-v:36.000)-(t:6.140-v:35.000)-(t:6.149-v:34.000)-(t:6.155-v:33.000)-(t:6.163-v:32.000)-(t:6.170-v:31.000)-(t:6.178-v:30.000)-(t:6.186-v:29.000)-(t:6.193-v:28.000)-(t:6.199-v:27.000)-(t:6.222-v:26.000)-(t:6.232-v:25.000)-(t:6.252-v:24.000)-(t:6.260-v:23.000)-(t:6.268-v:22.000)-(t:6.289-v:21.000)-(t:6.297-v:20.000)-(t:6.316-v:19.000)-(t:6.358-v:18.000)-(t:6.368-v:17.000)-(t:6.377-v:16.000)-(t:6.389-v:15.000)-(t:6.396-v:14.000)-(t:6.407-v:13.000)-(t:6.416-v:12.000)-(t:6.433-v:11.000)-(t:6.452-v:10.000)-(t:6.501-v:8.000)-(t:6.537-v:7.000)-(t:6.588-v:6.000)-(t:6.610-v:5.000)-(t:6.966-v:4.000)-(t:7.106-v:3.000)-(t:7.193-v:2.000)-(t:7.399-v:1.000)-(t:7.500-v:0.000)],7.500
examples/csp/csp_100/carseq_100_8_20_94.txt,dqn,300,0,[(t:5.030-v:105.000)-(t:5.046-v:104.000)-(t:5.051-v:101.000)-(t:5.060-v:100.000)-(t:5.066-v:97.000)-(t:5.075-v:96.000)-(t:5.081-v:93.000)-(t:5.089-v:91.000)-(t:5.095-v:88.000)-(t:5.102-v:85.000)-(t:5.108-v:84.000)-(t:5.114-v:83.000)-(t:5.120-v:82.000)-(t:5.125-v:81.000)-(t:5.131-v:78.000)-(t:5.141-v:75.000)-(t:5.148-v:74.000)-(t:5.156-v:73.000)-(t:5.163-v:72.000)-(t:5.169-v:70.000)-(t:5.177-v:69.000)-(t:5.184-v:68.000)-(t:5.191-v:67.000)-(t:5.199-v:66.000)-(t:5.205-v:65.000)-(t:5.213-v:64.000)-(t:5.219-v:63.000)-(t:5.232-v:62.000)-(t:5.240-v:61.000)-(t:5.261-v:59.000)-(t:5.269-v:56.000)-(t:5.278-v:55.000)-(t:5.286-v:54.000)-(t:5.294-v:52.000)-(t:5.302-v:50.000)-(t:5.310-v:49.000)-(t:5.317-v:47.000)-(t:5.324-v:46.000)-(t:5.331-v:43.000)-(t:5.337-v:40.000)-(t:5.344-v:38.000)-(t:5.352-v:36.000)-(t:5.360-v:35.000)-(t:5.366-v:34.000)-(t:5.372-v:33.000)-(t:5.378-v:32.000)-(t:5.399-v:31.000)-(t:5.409-v:30.000)-(t:5.420-v:29.000)-(t:5.426-v:25.000)-(t:5.446-v:24.000)-(t:5.482-v:23.000)-(t:5.491-v:22.000)-(t:5.500-v:21.000)-(t:5.508-v:20.000)-(t:5.527-v:19.000)-(t:5.544-v:18.000)-(t:5.551-v:17.000)-(t:5.557-v:16.000)-(t:5.566-v:15.000)-(t:5.575-v:14.000)-(t:5.595-v:13.000)-(t:5.604-v:12.000)-(t:5.622-v:11.000)-(t:5.642-v:10.000)-(t:5.661-v:9.000)-(t:5.679-v:8.000)-(t:5.725-v:7.000)-(t:5.745-v:6.000)-(t:5.774-v:5.000)-(t:5.818-v:4.000)-(t:5.826-v:3.000)-(t:5.997-v:2.000)-(t:7.972-v:1.000)-(t:21.146-v:0.000)],21.146
examples/csp/csp_200/pb_200_06.txt,dqn,300,,,
examples/csp/csp_200/pb_200_07.txt,dqn,300,,,
examples/csp/csp_200/pb_200_08.txt,dqn,300,,,
examples/csp/csp_200/pb_200_09.txt,dqn,300,,,
examples/csp/csp_200/pb_200_10.txt,dqn,300,,,
examples/csp/csp_300/carseq_300_8_20_38.txt,dqn,300,,,
examples/csp/csp_300/carseq_300_8_20_40.txt,dqn,300,,,
examples/csp/csp_300/carseq_300_8_20_45.txt,dqn,300,,,
examples/csp/csp_300/carseq_300_8_20_47.txt,dqn,300,,,
examples/csp/csp_300/carseq_300_8_20_53.txt,dqn,300,,,
examples/csp/csp_100/carseq_100_8_20_81.txt,dqn,300,1,[(t:6.749-v:109.000)-(t:6.781-v:108.000)-(t:6.794-v:105.000)-(t:6.800-v:102.000)-(t:6.806-v:101.000)-(t:6.813-v:98.000)-(t:6.822-v:97.000)-(t:6.835-v:95.000)-(t:6.844-v:94.000)-(t:6.853-v:93.000)-(t:6.860-v:92.000)-(t:6.867-v:90.000)-(t:6.875-v:88.000)-(t:6.882-v:86.000)-(t:6.890-v:85.000)-(t:6.897-v:84.000)-(t:6.907-v:83.000)-(t:6.914-v:82.000)-(t:6.921-v:81.000)-(t:6.931-v:80.000)-(t:6.941-v:79.000)-(t:6.948-v:78.000)-(t:6.957-v:74.000)-(t:6.962-v:73.000)-(t:6.971-v:72.000)-(t:6.982-v:71.000)-(t:6.999-v:70.000)-(t:7.006-v:69.000)-(t:7.014-v:68.000)-(t:7.021-v:67.000)-(t:7.027-v:66.000)-(t:7.034-v:65.000)-(t:7.042-v:64.000)-(t:7.050-v:63.000)-(t:7.056-v:62.000)-(t:7.062-v:61.000)-(t:7.068-v:60.000)-(t:7.073-v:58.000)-(t:7.078-v:56.000)-(t:7.089-v:55.000)-(t:7.096-v:54.000)-(t:7.102-v:53.000)-(t:7.108-v:52.000)-(t:7.114-v:51.000)-(t:7.121-v:50.000)-(t:7.130-v:49.000)-(t:7.135-v:48.000)-(t:7.142-v:47.000)-(t:7.153-v:46.000)-(t:7.164-v:45.000)-(t:7.172-v:44.000)-(t:7.178-v:42.000)-(t:7.187-v:40.000)-(t:7.194-v:39.000)-(t:7.207-v:38.000)-(t:7.214-v:37.000)-(t:7.227-v:36.000)-(t:7.240-v:35.000)-(t:7.246-v:34.000)-(t:7.256-v:33.000)-(t:7.290-v:32.000)-(t:7.298-v:31.000)-(t:7.340-v:30.000)-(t:7.357-v:29.000)-(t:7.396-v:28.000)-(t:7.405-v:27.000)-(t:7.414-v:26.000)-(t:7.422-v:25.000)-(t:7.439-v:24.000)-(t:7.461-v:23.000)-(t:7.475-v:22.000)-(t:7.507-v:21.000)-(t:7.516-v:20.000)-(t:7.527-v:19.000)-(t:7.535-v:18.000)-(t:7.562-v:17.000)-(t:7.598-v:16.000)-(t:7.657-v:15.000)-(t:7.667-v:14.000)-(t:7.678-v:13.000)-(t:7.685-v:12.000)-(t:7.694-v:11.000)-(t:7.706-v:9.000)-(t:7.714-v:8.000)-(t:7.726-v:7.000)-(t:7.745-v:6.000)-(t:7.793-v:5.000)-(t:8.003-v:4.000)-(t:8.033-v:3.000)-(t:8.106-v:2.000)-(t:13.534-v:1.000)],300.000
examples/csp/csp_100/carseq_100_8_20_85.txt,dqn,300,1,[(t:5.246-v:118.000)-(t:5.269-v:117.000)-(t:5.283-v:116.000)-(t:5.296-v:112.000)-(t:5.304-v:111.000)-(t:5.314-v:110.000)-(t:5.321-v:107.000)-(t:5.330-v:106.000)-(t:5.339-v:105.000)-(t:5.348-v:104.000)-(t:5.355-v:103.000)-(t:5.363-v:99.000)-(t:5.368-v:98.000)-(t:5.376-v:95.000)-(t:5.382-v:94.000)-(t:5.391-v:92.000)-(t:5.398-v:91.000)-(t:5.405-v:90.000)-(t:5.413-v:87.000)-(t:5.420-v:86.000)-(t:5.427-v:83.000)-(t:5.436-v:81.000)-(t:5.445-v:80.000)-(t:5.457-v:79.000)-(t:5.465-v:78.000)-(t:5.473-v:76.000)-(t:5.480-v:75.000)-(t:5.487-v:74.000)-(t:5.496-v:73.000)-(t:5.504-v:71.000)-(t:5.511-v:70.000)-(t:5.518-v:69.000)-(t:5.526-v:68.000)-(t:5.533-v:66.000)-(t:5.540-v:65.000)-(t:5.548-v:63.000)-(t:5.556-v:62.000)-(t:5.565-v:61.000)-(t:5.573-v:59.000)-(t:5.586-v:58.000)-(t:5.594-v:57.000)-(t:5.608-v:55.000)-(t:5.615-v:54.000)-(t:5.624-v:53.000)-(t:5.631-v:52.000)-(t:5.640-v:51.000)-(t:5.646-v:50.000)-(t:5.657-v:49.000)-(t:5.664-v:47.000)-(t:5.678-v:46.000)-(t:5.685-v:45.000)-(t:5.703-v:44.000)-(t:5.712-v:43.000)-(t:5.735-v:42.000)-(t:5.744-v:41.000)-(t:5.752-v:40.000)-(t:5.760-v:38.000)-(t:5.766-v:37.000)-(t:5.818-v:36.000)-(t:5.827-v:35.000)-(t:5.832-v:34.000)-(t:5.841-v:33.000)-(t:5.851-v:32.000)-(t:5.876-v:31.000)-(t:5.885-v:30.000)-(t:5.895-v:29.000)-(t:5.908-v:28.000)-(t:5.920-v:27.000)-(t:5.928-v:26.000)-(t:5.933-v:25.000)-(t:5.943-v:24.000)-(t:5.950-v:23.000)-(t:5.969-v:21.000)-(t:6.016-v:20.000)-(t:6.031-v:19.000)-(t:6.042-v:18.000)-(t:6.056-v:17.000)-(t:6.084-v:16.000)-(t:6.101-v:15.000)-(t:6.114-v:14.000)-(t:6.123-v:13.000)-(t:6.130-v:12.000)-(t:6.174-v:11.000)-(t:6.197-v:10.000)-(t:6.233-v:9.000)-(t:6.243-v:8.000)-(t:6.262-v:7.000)-(t:6.575-v:6.000)-(t:6.677-v:5.000)-(t:6.699-v:4.000)-(t:8.790-v:3.000)-(t:27.797-v:2.000)-(t:57.571-v:1.000)],300.000
examples/csp/csp_100/carseq_100_8_20_86.txt,dqn,300,2,[(t:5.877-v:154.000)-(t:5.894-v:153.000)-(t:5.901-v:148.000)-(t:5.917-v:147.000)-(t:5.924-v:146.000)-(t:5.931-v:144.000)-(t:5.938-v:143.000)-(t:5.963-v:141.000)-(t:5.972-v:137.000)-(t:5.980-v:132.000)-(t:5.989-v:127.000)-(t:5.998-v:126.000)-(t:6.013-v:124.000)-(t:6.022-v:123.000)-(t:6.032-v:121.000)-(t:6.040-v:119.000)-(t:6.047-v:118.000)-(t:6.056-v:117.000)-(t:6.064-v:116.000)-(t:6.071-v:114.000)-(t:6.079-v:110.000)-(t:6.086-v:109.000)-(t:6.093-v:108.000)-(t:6.100-v:106.000)-(t:6.108-v:105.000)-(t:6.116-v:104.000)-(t:6.127-v:102.000)-(t:6.135-v:101.000)-(t:6.143-v:99.000)-(t:6.151-v:97.000)-(t:6.159-v:96.000)-(t:6.166-v:95.000)-(t:6.174-v:94.000)-(t:6.181-v:93.000)-(t:6.188-v:92.000)-(t:6.196-v:91.000)-(t:6.203-v:90.000)-(t:6.210-v:89.000)-(t:6.217-v:88.000)-(t:6.225-v:87.000)-(t:6.233-v:84.000)-(t:6.241-v:83.000)-(t:6.249-v:82.000)-(t:6.256-v:81.000)-(t:6.263-v:80.000)-(t:6.269-v:78.000)-(t:6.276-v:74.000)-(t:6.282-v:73.000)-(t:6.289-v:72.000)-(t:6.296-v:69.000)-(t:6.303-v:68.000)-(t:6.315-v:67.000)-(t:6.327-v:66.000)-(t:6.334-v:65.000)-(t:6.341-v:64.000)-(t:6.349-v:62.000)-(t:6.357-v:61.000)-(t:6.366-v:60.000)-(t:6.375-v:59.000)-(t:6.382-v:58.000)-(t:6.390-v:57.000)-(t:6.397-v:56.000)-(t:6.404-v:55.000)-(t:6.419-v:54.000)-(t:6.425-v:51.000)-(t:6.432-v:50.000)-(t:6.446-v:49.000)-(t:6.454-v:48.000)-(t:6.460-v:47.000)-(t:6.468-v:46.000)-(t:6.476-v:45.000)-(t:6.488-v:43.000)-(t:6.497-v:42.000)-(t:6.506-v:41.000)-(t:6.514-v:40.000)-(t:6.521-v:39.000)-(t:6.529-v:37.000)-(t:6.536-v:36.000)-(t:6.545-v:35.000)-(t:6.582-v:32.000)-(t:6.599-v:31.000)-(t:6.618-v:29.000)-(t:6.625-v:28.000)-(t:6.634-v:27.000)-(t:6.658-v:26.000)-(t:6.671-v:25.000)-(t:6.723-v:24.000)-(t:6.736-v:23.000)-(t:6.801-v:22.000)-(t:6.808-v:21.000)-(t:6.819-v:20.000)-(t:6.826-v:19.000)-(t:6.832-v:18.000)-(t:6.884-v:17.000)-(t:6.907-v:16.000)-(t:6.922-v:15.000)-(t:9.801-v:14.000)-(t:9.898-v:13.000)-(t:9.989-v:12.000)-(t:10.094-v:11.000)-(t:10.293-v:10.000)-(t:10.378-v:9.000)-(t:16.182-v:8.000)-(t:27.536-v:7.000)-(t:27.895-v:6.000)-(t:42.272-v:5.000)-(t:54.150-v:4.000)-(t:74.568-v:3.000)-(t:122.110-v:2.000)],300.000
examples/csp/csp_300/carseq_300_8_20_56.txt,dqn,300,,,
examples/csp/csp_100/carseq_100_8_20_88.txt,dqn,300,1,[(t:5.113-v:127.000)-(t:5.130-v:124.000)-(t:5.138-v:122.000)-(t:5.152-v:120.000)-(t:5.163-v:119.000)-(t:5.186-v:115.000)-(t:5.198-v:114.000)-(t:5.206-v:112.000)-(t:5.216-v:111.000)-(t:5.224-v:109.000)-(t:5.231-v:108.000)-(t:5.237-v:107.000)-(t:5.242-v:105.000)-(t:5.249-v:104.000)-(t:5.256-v:103.000)-(t:5.262-v:102.000)-(t:5.268-v:101.000)-(t:5.276-v:100.000)-(t:5.284-v:99.000)-(t:5.294-v:98.000)-(t:5.300-v:95.000)-(t:5.306-v:94.000)-(t:5.315-v:92.000)-(t:5.322-v:91.000)-(t:5.329-v:90.000)-(t:5.335-v:89.000)-(t:5.342-v:88.000)-(t:5.349-v:87.000)-(t:5.356-v:86.000)-(t:5.362-v:84.000)-(t:5.368-v:81.000)-(t:5.403-v:80.000)-(t:5.411-v:79.000)-(t:5.419-v:78.000)-(t:5.438-v:77.000)-(t:5.452-v:75.000)-(t:5.460-v:73.000)-(t:5.469-v:72.000)-(t:5.476-v:71.000)-(t:5.485-v:70.000)-(t:5.491-v:69.000)-(t:5.497-v:67.000)-(t:5.503-v:66.000)-(t:5.509-v:62.000)-(t:5.514-v:61.000)-(t:5.519-v:60.000)-(t:5.525-v:58.000)-(t:5.531-v:57.000)-(t:5.537-v:55.000)-(t:5.544-v:54.000)-(t:5.550-v:53.000)-(t:5.556-v:52.000)-(t:5.564-v:51.000)-(t:5.570-v:50.000)-(t:5.575-v:48.000)-(t:5.582-v:47.000)-(t:5.590-v:46.000)-(t:5.599-v:45.000)-(t:5.605-v:44.000)-(t:5.612-v:43.000)-(t:5.620-v:42.000)-(t:5.636-v:41.000)-(t:5.643-v:40.000)-(t:5.670-v:39.000)-(t:5.676-v:37.000)-(t:5.731-v:36.000)-(t:5.737-v:34.000)-(t:5.754-v:33.000)-(t:5.796-v:31.000)-(t:5.837-v:30.000)-(t:5.848-v:29.000)-(t:5.860-v:28.000)-(t:5.867-v:27.000)-(t:5.876-v:26.000)-(t:5.884-v:25.000)-(t:5.909-v:24.000)-(t:5.926-v:23.000)-(t:5.941-v:22.000)-(t:5.950-v:21.000)-(t:5.957-v:20.000)-(t:5.995-v:19.000)-(t:6.003-v:18.000)-(t:6.056-v:17.000)-(t:6.082-v:16.000)-(t:6.114-v:15.000)-(t:6.122-v:14.000)-(t:6.153-v:12.000)-(t:6.161-v:11.000)-(t:6.168-v:10.000)-(t:6.175-v:9.000)-(t:6.189-v:8.000)-(t:6.205-v:7.000)-(t:6.221-v:6.000)-(t:6.519-v:5.000)-(t:6.538-v:4.000)-(t:6.557-v:3.000)-(t:24.999-v:2.000)-(t:58.909-v:1.000)],300.000
examples/csp/csp_300/carseq_300_8_20_62.txt,dqn,300,,,
examples/csp/csp_300/carseq_300_8_20_76.txt,dqn,300,,,
examples/csp/csp_100/carseq_100_8_20_98.txt,dqn,300,1,[(t:6.960-v:128.000)-(t:6.990-v:127.000)-(t:7.002-v:126.000)-(t:7.021-v:121.000)-(t:7.031-v:119.000)-(t:7.045-v:115.000)-(t:7.056-v:112.000)-(t:7.070-v:109.000)-(t:7.084-v:105.000)-(t:7.094-v:101.000)-(t:7.103-v:100.000)-(t:7.114-v:99.000)-(t:7.125-v:98.000)-(t:7.136-v:97.000)-(t:7.146-v:95.000)-(t:7.153-v:93.000)-(t:7.166-v:90.000)-(t:7.178-v:89.000)-(t:7.190-v:88.000)-(t:7.199-v:87.000)-(t:7.210-v:86.000)-(t:7.220-v:85.000)-(t:7.234-v:84.000)-(t:7.245-v:82.000)-(t:7.251-v:81.000)-(t:7.258-v:80.000)-(t:7.268-v:79.000)-(t:7.278-v:78.000)-(t:7.288-v:77.000)-(t:7.297-v:76.000)-(t:7.306-v:75.000)-(t:7.322-v:74.000)-(t:7.333-v:73.000)-(t:7.346-v:71.000)-(t:7.353-v:70.000)-(t:7.364-v:68.000)-(t:7.377-v:67.000)-(t:7.388-v:66.000)-(t:7.398-v:63.000)-(t:7.408-v:62.000)-(t:7.417-v:61.000)-(t:7.426-v:60.000)-(t:7.438-v:57.000)-(t:7.448-v:56.000)-(t:7.454-v:55.000)-(t:7.466-v:54.000)-(t:7.477-v:53.000)-(t:7.489-v:52.000)-(t:7.501-v:50.000)-(t:7.512-v:48.000)-(t:7.521-v:47.000)-(t:7.532-v:45.000)-(t:7.543-v:44.000)-(t:7.553-v:43.000)-(t:7.559-v:42.000)-(t:7.565-v:41.000)-(t:7.573-v:40.000)-(t:7.579-v:38.000)-(t:7.588-v:37.000)-(t:7.599-v:36.000)-(t:7.613-v:35.000)-(t:7.643-v:34.000)-(t:7.653-v:33.000)-(t:7.668-v:32.000)-(t:7.695-v:31.000)-(t:7.705-v:29.000)-(t:7.714-v:28.000)-(t:7.739-v:27.000)-(t:7.780-v:26.000)-(t:7.807-v:25.000)-(t:7.824-v:24.000)-(t:7.836-v:23.000)-(t:7.857-v:22.000)-(t:7.864-v:21.000)-(t:7.876-v:20.000)-(t:7.886-v:19.000)-(t:7.903-v:18.000)-(t:7.930-v:17.000)-(t:7.951-v:16.000)-(t:7.969-v:15.000)-(t:8.004-v:14.000)-(t:8.014-v:13.000)-(t:8.067-v:12.000)-(t:8.129-v:11.000)-(t:18.416-v:10.000)-(t:18.609-v:9.000)-(t:18.770-v:8.000)-(t:21.773-v:7.000)-(t:21.937-v:6.000)-(t:22.099-v:5.000)-(t:30.866-v:4.000)-(t:31.025-v:3.000)-(t:48.059-v:2.000)-(t:248.515-v:1.000)],300.000
examples/csp/csp_300/carseq_300_8_20_78.txt,dqn,300,,,
examples/csp/csp_100/carseq_100_8_20_99.txt,dqn,300,4,[(t:5.365-v:126.000)-(t:5.381-v:121.000)-(t:5.386-v:120.000)-(t:5.392-v:117.000)-(t:5.414-v:115.000)-(t:5.427-v:114.000)-(t:5.436-v:108.000)-(t:5.472-v:107.000)-(t:5.480-v:106.000)-(t:5.488-v:102.000)-(t:5.496-v:100.000)-(t:5.506-v:97.000)-(t:5.515-v:95.000)-(t:5.524-v:92.000)-(t:5.533-v:91.000)-(t:5.540-v:90.000)-(t:5.550-v:89.000)-(t:5.558-v:88.000)-(t:5.566-v:87.000)-(t:5.576-v:86.000)-(t:5.588-v:85.000)-(t:5.603-v:84.000)-(t:5.612-v:83.000)-(t:5.621-v:82.000)-(t:5.629-v:81.000)-(t:5.637-v:79.000)-(t:5.648-v:78.000)-(t:5.669-v:77.000)-(t:5.681-v:75.000)-(t:5.692-v:73.000)-(t:5.705-v:72.000)-(t:5.714-v:70.000)-(t:5.728-v:69.000)-(t:5.738-v:68.000)-(t:5.745-v:67.000)-(t:5.754-v:66.000)-(t:5.762-v:64.000)-(t:5.779-v:63.000)-(t:5.787-v:62.000)-(t:5.796-v:61.000)-(t:5.804-v:60.000)-(t:5.813-v:59.000)-(t:5.820-v:57.000)-(t:5.827-v:56.000)-(t:5.835-v:55.000)-(t:5.843-v:54.000)-(t:5.851-v:53.000)-(t:5.859-v:52.000)-(t:5.868-v:51.000)-(t:5.876-v:50.000)-(t:5.884-v:49.000)-(t:5.892-v:48.000)-(t:5.898-v:47.000)-(t:5.905-v:45.000)-(t:5.912-v:44.000)-(t:5.919-v:43.000)-(t:5.932-v:42.000)-(t:5.939-v:40.000)-(t:5.946-v:39.000)-(t:5.955-v:38.000)-(t:5.962-v:37.000)-(t:5.971-v:36.000)-(t:5.980-v:33.000)-(t:5.987-v:32.000)-(t:5.994-v:31.000)-(t:5.999-v:30.000)-(t:6.011-v:29.000)-(t:6.023-v:28.000)-(t:6.041-v:27.000)-(t:6.047-v:26.000)-(t:6.059-v:25.000)-(t:6.065-v:24.000)-(t:6.090-v:23.000)-(t:6.100-v:21.000)-(t:6.107-v:20.000)-(t:6.116-v:19.000)-(t:6.133-v:17.000)-(t:6.196-v:16.000)-(t:6.210-v:15.000)-(t:6.223-v:14.000)-(t:6.251-v:13.000)-(t:6.288-v:12.000)-(t:6.299-v:11.000)-(t:6.306-v:10.000)-(t:6.317-v:9.000)-(t:6.327-v:8.000)-(t:6.339-v:7.000)-(t:6.364-v:6.000)-(t:6.385-v:5.000)-(t:6.457-v:4.000)],300.000
examples/csp/csp_300/carseq_300_8_20_80.txt,dqn,300,,,
examples/csp/csp_300/carseq_300_8_20_81.txt,dqn,300,,,
examples/csp/csp_300/pb_300_06.txt,dqn,300,,,
examples/csp/csp_300/pb_300_07.txt,dqn,300,,,
examples/csp/csp_300/pb_300_08.txt,dqn,300,,,
examples/csp/csp_300/pb_300_09.txt,dqn,300,,,
examples/csp/csp_300/pb_300_10.txt,dqn,300,,,
examples/csp/csp_100/carseq_100_8_20_62.txt,dqn,300,0,[(t:5.134-v:122.000)-(t:5.155-v:120.000)-(t:5.168-v:119.000)-(t:5.174-v:118.000)-(t:5.180-v:117.000)-(t:5.192-v:116.000)-(t:5.198-v:112.000)-(t:5.215-v:111.000)-(t:5.224-v:110.000)-(t:5.232-v:109.000)-(t:5.239-v:106.000)-(t:5.246-v:105.000)-(t:5.252-v:103.000)-(t:5.260-v:102.000)-(t:5.266-v:101.000)-(t:5.273-v:99.000)-(t:5.279-v:96.000)-(t:5.289-v:93.000)-(t:5.296-v:92.000)-(t:5.307-v:91.000)-(t:5.316-v:90.000)-(t:5.324-v:87.000)-(t:5.332-v:86.000)-(t:5.342-v:85.000)-(t:5.349-v:84.000)-(t:5.366-v:83.000)-(t:5.374-v:82.000)-(t:5.382-v:81.000)-(t:5.391-v:79.000)-(t:5.399-v:78.000)-(t:5.408-v:77.000)-(t:5.421-v:76.000)-(t:5.429-v:74.000)-(t:5.441-v:71.000)-(t:5.451-v:70.000)-(t:5.459-v:69.000)-(t:5.469-v:68.000)-(t:5.477-v:67.000)-(t:5.486-v:66.000)-(t:5.493-v:65.000)-(t:5.502-v:64.000)-(t:5.509-v:63.000)-(t:5.516-v:62.000)-(t:5.526-v:61.000)-(t:5.539-v:60.000)-(t:5.547-v:59.000)-(t:5.557-v:57.000)-(t:5.579-v:56.000)-(t:5.587-v:55.000)-(t:5.594-v:54.000)-(t:5.620-v:53.000)-(t:5.628-v:52.000)-(t:5.635-v:51.000)-(t:5.645-v:50.000)-(t:5.665-v:49.000)-(t:5.673-v:48.000)-(t:5.680-v:47.000)-(t:5.693-v:46.000)-(t:5.700-v:44.000)-(t:5.708-v:43.000)-(t:5.718-v:42.000)-(t:5.726-v:41.000)-(t:5.734-v:40.000)-(t:5.745-v:39.000)-(t:5.757-v:38.000)-(t:5.766-v:36.000)-(t:5.775-v:35.000)-(t:5.783-v:34.000)-(t:5.790-v:33.000)-(t:5.798-v:31.000)-(t:5.810-v:30.000)-(t:5.818-v:29.000)-(t:5.833-v:28.000)-(t:5.853-v:27.000)-(t:5.864-v:25.000)-(t:5.877-v:24.000)-(t:5.897-v:23.000)-(t:5.905-v:22.000)-(t:5.917-v:21.000)-(t:5.947-v:20.000)-(t:5.960-v:19.000)-(t:5.969-v:18.000)-(t:5.984-v:17.000)-(t:5.992-v:16.000)-(t:6.036-v:15.000)-(t:6.053-v:14.000)-(t:6.101-v:13.000)-(t:6.115-v:12.000)-(t:6.155-v:11.000)-(t:6.162-v:10.000)-(t:6.177-v:9.000)-(t:6.193-v:8.000)-(t:6.231-v:7.000)-(t:6.341-v:6.000)-(t:18.604-v:5.000)-(t:20.170-v:4.000)-(t:20.353-v:3.000)-(t:20.444-v:2.000)-(t:24.194-v:1.000)-(t:34.810-v:0.000)],34.810
examples/csp/csp_100/carseq_100_8_20_64.txt,dqn,300,0,[(t:5.364-v:132.000)-(t:5.375-v:129.000)-(t:5.381-v:125.000)-(t:5.395-v:123.000)-(t:5.405-v:120.000)-(t:5.413-v:118.000)-(t:5.419-v:116.000)-(t:5.424-v:114.000)-(t:5.430-v:112.000)-(t:5.436-v:110.000)-(t:5.442-v:106.000)-(t:5.448-v:103.000)-(t:5.453-v:102.000)-(t:5.472-v:99.000)-(t:5.481-v:98.000)-(t:5.488-v:97.000)-(t:5.495-v:95.000)-(t:5.501-v:94.000)-(t:5.507-v:93.000)-(t:5.512-v:92.000)-(t:5.518-v:91.000)-(t:5.525-v:90.000)-(t:5.532-v:89.000)-(t:5.538-v:88.000)-(t:5.544-v:87.000)-(t:5.550-v:86.000)-(t:5.557-v:84.000)-(t:5.563-v:83.000)-(t:5.571-v:81.000)-(t:5.578-v:80.000)-(t:5.585-v:79.000)-(t:5.592-v:77.000)-(t:5.598-v:76.000)-(t:5.603-v:74.000)-(t:5.609-v:71.000)-(t:5.617-v:69.000)-(t:5.628-v:68.000)-(t:5.634-v:66.000)-(t:5.641-v:64.000)-(t:5.647-v:62.000)-(t:5.653-v:61.000)-(t:5.661-v:60.000)-(t:5.668-v:58.000)-(t:5.683-v:57.000)-(t:5.690-v:55.000)-(t:5.696-v:54.000)-(t:5.703-v:53.000)-(t:5.709-v:52.000)-(t:5.715-v:51.000)-(t:5.721-v:49.000)-(t:5.729-v:48.000)-(t:5.737-v:47.000)-(t:5.743-v:45.000)-(t:5.750-v:44.000)-(t:5.758-v:43.000)-(t:5.769-v:41.000)-(t:5.776-v:40.000)-(t:5.784-v:38.000)-(t:5.795-v:37.000)-(t:5.810-v:36.000)-(t:5.824-v:35.000)-(t:5.831-v:34.000)-(t:5.839-v:33.000)-(t:5.848-v:32.000)-(t:5.855-v:31.000)-(t:5.862-v:30.000)-(t:5.875-v:29.000)-(t:5.888-v:28.000)-(t:5.894-v:27.000)-(t:5.902-v:26.000)-(t:5.908-v:25.000)-(t:5.914-v:24.000)-(t:5.926-v:23.000)-(t:5.935-v:22.000)-(t:5.952-v:21.000)-(t:5.960-v:20.000)-(t:5.970-v:19.000)-(t:6.006-v:18.000)-(t:6.013-v:17.000)-(t:6.019-v:16.000)-(t:6.060-v:15.000)-(t:6.069-v:14.000)-(t:6.090-v:13.000)-(t:6.125-v:12.000)-(t:6.133-v:11.000)-(t:6.146-v:10.000)-(t:6.191-v:9.000)-(t:6.198-v:8.000)-(t:6.225-v:7.000)-(t:6.373-v:6.000)-(t:6.412-v:4.000)-(t:7.341-v:3.000)-(t:12.326-v:2.000)-(t:32.896-v:1.000)-(t:46.086-v:0.000)],46.086
examples/csp/csp_100/carseq_100_8_20_67.txt,dqn,300,0,[(t:9.455-v:111.000)-(t:9.489-v:110.000)-(t:9.502-v:109.000)-(t:9.513-v:107.000)-(t:9.524-v:103.000)-(t:9.539-v:98.000)-(t:9.558-v:97.000)-(t:9.572-v:96.000)-(t:9.585-v:94.000)-(t:9.596-v:93.000)-(t:9.609-v:90.000)-(t:9.621-v:87.000)-(t:9.630-v:86.000)-(t:9.638-v:85.000)-(t:9.645-v:84.000)-(t:9.657-v:81.000)-(t:9.667-v:80.000)-(t:9.677-v:79.000)-(t:9.690-v:78.000)-(t:9.700-v:77.000)-(t:9.711-v:76.000)-(t:9.721-v:73.000)-(t:9.732-v:71.000)-(t:9.742-v:70.000)-(t:9.752-v:69.000)-(t:9.756-v:68.000)-(t:9.764-v:66.000)-(t:9.774-v:65.000)-(t:9.790-v:64.000)-(t:9.799-v:63.000)-(t:9.809-v:62.000)-(t:9.820-v:60.000)-(t:9.831-v:59.000)-(t:9.843-v:58.000)-(t:9.853-v:57.000)-(t:9.860-v:56.000)-(t:9.870-v:54.000)-(t:9.881-v:53.000)-(t:9.894-v:52.000)-(t:9.906-v:51.000)-(t:9.917-v:50.000)-(t:9.930-v:49.000)-(t:9.940-v:48.000)-(t:9.951-v:47.000)-(t:9.963-v:46.000)-(t:9.980-v:45.000)-(t:9.991-v:44.000)-(t:10.012-v:43.000)-(t:10.028-v:42.000)-(t:10.041-v:41.000)-(t:10.051-v:39.000)-(t:10.061-v:38.000)-(t:10.070-v:37.000)-(t:10.076-v:36.000)-(t:10.087-v:35.000)-(t:10.097-v:34.000)-(t:10.106-v:33.000)-(t:10.118-v:32.000)-(t:10.127-v:31.000)-(t:10.135-v:30.000)-(t:10.147-v:28.000)-(t:10.157-v:27.000)-(t:10.180-v:26.000)-(t:10.191-v:25.000)-(t:10.202-v:24.000)-(t:10.213-v:23.000)-(t:10.223-v:22.000)-(t:10.245-v:21.000)-(t:10.267-v:20.000)-(t:10.283-v:19.000)-(t:10.307-v:18.000)-(t:10.330-v:17.000)-(t:10.353-v:16.000)-(t:10.367-v:15.000)-(t:10.400-v:14.000)-(t:10.430-v:13.000)-(t:10.443-v:12.000)-(t:10.459-v:11.000)-(t:10.480-v:10.000)-(t:10.512-v:9.000)-(t:10.558-v:8.000)-(t:10.598-v:7.000)-(t:10.675-v:6.000)-(t:10.689-v:5.000)-(t:10.703-v:4.000)-(t:10.725-v:3.000)-(t:11.997-v:2.000)-(t:12.185-v:1.000)-(t:170.817-v:0.000)],170.817
examples/csp/csp_100/carseq_100_8_20_72.txt,dqn,300,0,[(t:8.656-v:122.000)-(t:8.667-v:120.000)-(t:8.678-v:119.000)-(t:8.708-v:118.000)-(t:8.719-v:115.000)-(t:8.732-v:114.000)-(t:8.746-v:113.000)-(t:8.757-v:111.000)-(t:8.772-v:107.000)-(t:8.783-v:106.000)-(t:8.799-v:105.000)-(t:8.811-v:104.000)-(t:8.821-v:101.000)-(t:8.832-v:100.000)-(t:8.843-v:98.000)-(t:8.855-v:97.000)-(t:8.875-v:96.000)-(t:8.886-v:95.000)-(t:8.892-v:93.000)-(t:8.904-v:90.000)-(t:8.914-v:89.000)-(t:8.929-v:86.000)-(t:8.940-v:85.000)-(t:8.950-v:83.000)-(t:8.960-v:81.000)-(t:8.971-v:80.000)-(t:8.983-v:79.000)-(t:8.994-v:76.000)-(t:9.006-v:75.000)-(t:9.017-v:72.000)-(t:9.027-v:69.000)-(t:9.038-v:67.000)-(t:9.048-v:66.000)-(t:9.058-v:65.000)-(t:9.068-v:62.000)-(t:9.079-v:59.000)-(t:9.092-v:58.000)-(t:9.105-v:56.000)-(t:9.116-v:55.000)-(t:9.127-v:54.000)-(t:9.136-v:53.000)-(t:9.147-v:52.000)-(t:9.158-v:51.000)-(t:9.168-v:50.000)-(t:9.180-v:49.000)-(t:9.192-v:48.000)-(t:9.203-v:46.000)-(t:9.213-v:45.000)-(t:9.219-v:44.000)-(t:9.226-v:43.000)-(t:9.238-v:42.000)-(t:9.249-v:41.000)-(t:9.262-v:40.000)-(t:9.272-v:39.000)-(t:9.286-v:37.000)-(t:9.300-v:36.000)-(t:9.313-v:35.000)-(t:9.325-v:34.000)-(t:9.343-v:31.000)-(t:9.354-v:30.000)-(t:9.365-v:29.000)-(t:9.377-v:28.000)-(t:9.390-v:27.000)-(t:9.405-v:26.000)-(t:9.416-v:25.000)-(t:9.438-v:24.000)-(t:9.444-v:23.000)-(t:9.462-v:22.000)-(t:9.485-v:21.000)-(t:9.497-v:20.000)-(t:9.511-v:19.000)-(t:9.522-v:18.000)-(t:9.551-v:17.000)-(t:9.563-v:16.000)-(t:9.593-v:15.000)-(t:9.662-v:14.000)-(t:9.702-v:13.000)-(t:9.715-v:12.000)-(t:9.727-v:11.000)-(t:9.744-v:9.000)-(t:9.768-v:8.000)-(t:9.797-v:7.000)-(t:10.233-v:6.000)-(t:10.252-v:5.000)-(t:10.330-v:4.000)-(t:10.350-v:3.000)-(t:11.671-v:2.000)-(t:11.848-v:1.000)-(t:34.359-v:0.000)],34.359
examples/csp/csp_100/16-81.txt,dqn,300,2,[(t:5.546-v:140.000)-(t:5.564-v:139.000)-(t:5.588-v:138.000)-(t:5.599-v:136.000)-(t:5.606-v:133.000)-(t:5.614-v:132.000)-(t:5.632-v:126.000)-(t:5.640-v:123.000)-(t:5.653-v:119.000)-(t:5.663-v:117.000)-(t:5.671-v:115.000)-(t:5.679-v:113.000)-(t:5.689-v:111.000)-(t:5.699-v:106.000)-(t:5.707-v:104.000)-(t:5.716-v:103.000)-(t:5.725-v:98.000)-(t:5.734-v:97.000)-(t:5.743-v:95.000)-(t:5.754-v:92.000)-(t:5.764-v:91.000)-(t:5.776-v:90.000)-(t:5.786-v:89.000)-(t:5.796-v:88.000)-(t:5.805-v:87.000)-(t:5.814-v:86.000)-(t:5.822-v:85.000)-(t:5.831-v:82.000)-(t:5.838-v:81.000)-(t:5.848-v:79.000)-(t:5.857-v:77.000)-(t:5.867-v:76.000)-(t:5.875-v:75.000)-(t:5.883-v:70.000)-(t:5.891-v:69.000)-(t:5.900-v:68.000)-(t:5.924-v:67.000)-(t:5.934-v:66.000)-(t:5.943-v:65.000)-(t:5.952-v:64.000)-(t:5.966-v:63.000)-(t:5.976-v:62.000)-(t:5.983-v:61.000)-(t:5.992-v:60.000)-(t:5.999-v:58.000)-(t:6.006-v:57.000)-(t:6.016-v:56.000)-(t:6.024-v:54.000)-(t:6.060-v:53.000)-(t:6.074-v:52.000)-(t:6.086-v:50.000)-(t:6.097-v:49.000)-(t:6.111-v:48.000)-(t:6.124-v:47.000)-(t:6.138-v:46.000)-(t:6.144-v:45.000)-(t:6.151-v:44.000)-(t:6.157-v:43.000)-(t:6.165-v:41.000)-(t:6.172-v:40.000)-(t:6.179-v:39.000)-(t:6.187-v:37.000)-(t:6.194-v:36.000)-(t:6.200-v:35.000)-(t:6.207-v:34.000)-(t:6.213-v:32.000)-(t:6.220-v:30.000)-(t:6.227-v:29.000)-(t:6.238-v:28.000)-(t:6.247-v:27.000)-(t:6.281-v:26.000)-(t:6.310-v:25.000)-(t:6.317-v:24.000)-(t:6.325-v:23.000)-(t:6.360-v:22.000)-(t:6.380-v:21.000)-(t:6.389-v:20.000)-(t:6.397-v:19.000)-(t:6.418-v:18.000)-(t:6.430-v:17.000)-(t:6.446-v:16.000)-(t:6.455-v:15.000)-(t:6.474-v:14.000)-(t:6.488-v:13.000)-(t:6.606-v:12.000)-(t:6.813-v:11.000)-(t:6.841-v:10.000)-(t:20.627-v:9.000)-(t:27.626-v:8.000)-(t:33.204-v:7.000)-(t:33.376-v:6.000)-(t:48.395-v:5.000)-(t:64.305-v:4.000)-(t:67.444-v:3.000)-(t:183.293-v:2.000)],300.000
examples/csp/csp_100/21-90.txt,dqn,300,2,[(t:5.737-v:112.000)-(t:5.762-v:111.000)-(t:5.775-v:110.000)-(t:5.792-v:106.000)-(t:5.800-v:103.000)-(t:5.815-v:101.000)-(t:5.823-v:99.000)-(t:5.834-v:97.000)-(t:5.845-v:94.000)-(t:5.857-v:93.000)-(t:5.867-v:92.000)-(t:5.876-v:91.000)-(t:5.884-v:90.000)-(t:5.895-v:86.000)-(t:5.903-v:85.000)-(t:5.911-v:84.000)-(t:5.922-v:83.000)-(t:5.931-v:82.000)-(t:5.942-v:81.000)-(t:5.951-v:80.000)-(t:5.965-v:79.000)-(t:5.973-v:78.000)-(t:5.984-v:77.000)-(t:5.993-v:76.000)-(t:6.001-v:74.000)-(t:6.011-v:70.000)-(t:6.022-v:69.000)-(t:6.031-v:67.000)-(t:6.040-v:65.000)-(t:6.049-v:64.000)-(t:6.059-v:63.000)-(t:6.072-v:62.000)-(t:6.081-v:61.000)-(t:6.093-v:60.000)-(t:6.106-v:59.000)-(t:6.116-v:57.000)-(t:6.129-v:56.000)-(t:6.139-v:55.000)-(t:6.146-v:54.000)-(t:6.154-v:52.000)-(t:6.164-v:51.000)-(t:6.175-v:50.000)-(t:6.190-v:49.000)-(t:6.209-v:48.000)-(t:6.223-v:47.000)-(t:6.234-v:46.000)-(t:6.247-v:44.000)-(t:6.269-v:43.000)-(t:6.280-v:40.000)-(t:6.313-v:39.000)-(t:6.322-v:38.000)-(t:6.328-v:37.000)-(t:6.335-v:35.000)-(t:6.341-v:34.000)-(t:6.354-v:33.000)-(t:6.372-v:30.000)-(t:6.400-v:29.000)-(t:6.411-v:28.000)-(t:6.418-v:27.000)-(t:6.430-v:26.000)-(t:6.461-v:25.000)-(t:6.470-v:24.000)-(t:6.480-v:23.000)-(t:6.499-v:22.000)-(t:6.536-v:21.000)-(t:6.546-v:20.000)-(t:6.554-v:19.000)-(t:6.563-v:18.000)-(t:6.574-v:17.000)-(t:6.585-v:16.000)-(t:6.599-v:15.000)-(t:6.622-v:14.000)-(t:6.641-v:13.000)-(t:6.653-v:12.000)-(t:6.666-v:11.000)-(t:6.679-v:10.000)-(t:6.703-v:9.000)-(t:6.717-v:8.000)-(t:7.433-v:7.000)-(t:7.611-v:6.000)-(t:20.845-v:5.000)-(t:21.214-v:4.000)-(t:27.095-v:3.000)-(t:52.662-v:2.000)],27.827
examples/csp/csp_100/carseq_100_8_20_73.txt,dqn,300,0,[(t:7.999-v:109.000)-(t:8.019-v:108.000)-(t:8.031-v:106.000)-(t:8.045-v:104.000)-(t:8.053-v:101.000)-(t:8.065-v:99.000)-(t:8.077-v:98.000)-(t:8.089-v:97.000)-(t:8.101-v:96.000)-(t:8.110-v:94.000)-(t:8.122-v:92.000)-(t:8.129-v:91.000)-(t:8.141-v:89.000)-(t:8.151-v:83.000)-(t:8.162-v:82.000)-(t:8.176-v:79.000)-(t:8.189-v:78.000)-(t:8.199-v:77.000)-(t:8.218-v:76.000)-(t:8.226-v:75.000)-(t:8.232-v:74.000)-(t:8.243-v:73.000)-(t:8.254-v:70.000)-(t:8.265-v:69.000)-(t:8.274-v:68.000)-(t:8.284-v:66.000)-(t:8.297-v:65.000)-(t:8.309-v:62.000)-(t:8.320-v:60.000)-(t:8.331-v:59.000)-(t:8.341-v:58.000)-(t:8.346-v:57.000)-(t:8.352-v:54.000)-(t:8.357-v:53.000)-(t:8.368-v:52.000)-(t:8.380-v:50.000)-(t:8.394-v:49.000)-(t:8.406-v:48.000)-(t:8.420-v:47.000)-(t:8.433-v:46.000)-(t:8.443-v:44.000)-(t:8.452-v:43.000)-(t:8.462-v:42.000)-(t:8.472-v:41.000)-(t:8.482-v:40.000)-(t:8.495-v:39.000)-(t:8.505-v:38.000)-(t:8.520-v:37.000)-(t:8.542-v:36.000)-(t:8.552-v:35.000)-(t:8.567-v:33.000)-(t:8.578-v:32.000)-(t:8.591-v:31.000)-(t:8.602-v:30.000)-(t:8.613-v:29.000)-(t:8.623-v:28.000)-(t:8.633-v:27.000)-(t:8.645-v:25.000)-(t:8.657-v:24.000)-(t:8.664-v:23.000)-(t:8.680-v:22.000)-(t:8.690-v:21.000)-(t:8.703-v:20.000)-(t:8.714-v:19.000)-(t:8.723-v:18.000)-(t:8.735-v:17.000)-(t:8.770-v:16.000)-(t:8.796-v:15.000)-(t:8.822-v:14.000)-(t:8.839-v:13.000)-(t:8.862-v:12.000)-(t:8.887-v:11.000)-(t:8.969-v:10.000)-(t:8.985-v:9.000)-(t:9.000-v:8.000)-(t:9.017-v:7.000)-(t:9.031-v:6.000)-(t:9.044-v:5.000)-(t:9.054-v:4.000)-(t:9.085-v:3.000)-(t:9.822-v:2.000)-(t:9.873-v:1.000)-(t:20.714-v:0.000)],20.714
examples/csp/csp_100/36-92.txt,dqn,300,2,[(t:6.020-v:136.000)-(t:6.071-v:133.000)-(t:6.080-v:131.000)-(t:6.097-v:129.000)-(t:6.113-v:128.000)-(t:6.125-v:127.000)-(t:6.134-v:125.000)-(t:6.144-v:122.000)-(t:6.153-v:121.000)-(t:6.162-v:120.000)-(t:6.174-v:119.000)-(t:6.183-v:117.000)-(t:6.192-v:113.000)-(t:6.201-v:111.000)-(t:6.210-v:110.000)-(t:6.218-v:108.000)-(t:6.227-v:107.000)-(t:6.237-v:105.000)-(t:6.245-v:102.000)-(t:6.253-v:101.000)-(t:6.266-v:99.000)-(t:6.278-v:93.000)-(t:6.291-v:88.000)-(t:6.306-v:86.000)-(t:6.314-v:85.000)-(t:6.336-v:83.000)-(t:6.349-v:81.000)-(t:6.363-v:80.000)-(t:6.370-v:79.000)-(t:6.377-v:77.000)-(t:6.383-v:76.000)-(t:6.391-v:75.000)-(t:6.403-v:74.000)-(t:6.412-v:68.000)-(t:6.419-v:67.000)-(t:6.426-v:66.000)-(t:6.434-v:65.000)-(t:6.441-v:64.000)-(t:6.448-v:63.000)-(t:6.461-v:62.000)-(t:6.469-v:59.000)-(t:6.478-v:57.000)-(t:6.486-v:56.000)-(t:6.495-v:55.000)-(t:6.503-v:54.000)-(t:6.511-v:53.000)-(t:6.520-v:52.000)-(t:6.529-v:51.000)-(t:6.541-v:50.000)-(t:6.551-v:49.000)-(t:6.561-v:48.000)-(t:6.570-v:47.000)-(t:6.579-v:46.000)-(t:6.588-v:45.000)-(t:6.596-v:44.000)-(t:6.603-v:43.000)-(t:6.612-v:42.000)-(t:6.619-v:41.000)-(t:6.626-v:39.000)-(t:6.633-v:38.000)-(t:6.640-v:37.000)-(t:6.647-v:35.000)-(t:6.657-v:34.000)-(t:6.664-v:32.000)-(t:6.684-v:31.000)-(t:6.694-v:30.000)-(t:6.702-v:29.000)-(t:6.716-v:28.000)-(t:6.724-v:27.000)-(t:6.732-v:25.000)-(t:6.744-v:24.000)-(t:6.762-v:23.000)-(t:6.772-v:22.000)-(t:6.800-v:21.000)-(t:6.808-v:20.000)-(t:6.816-v:19.000)-(t:6.839-v:18.000)-(t:6.857-v:17.000)-(t:6.868-v:16.000)-(t:6.905-v:15.000)-(t:6.922-v:14.000)-(t:6.937-v:13.000)-(t:6.962-v:12.000)-(t:6.979-v:11.000)-(t:7.062-v:10.000)-(t:7.085-v:9.000)-(t:7.507-v:8.000)-(t:11.037-v:7.000)-(t:13.693-v:6.000)-(t:13.866-v:5.000)-(t:23.139-v:4.000)-(t:48.648-v:3.000)-(t:89.799-v:2.000)],44.038
examples/csp/csp_100/4-72.txt,dqn,300,1,[(t:5.831-v:140.000)-(t:5.845-v:138.000)-(t:5.854-v:137.000)-(t:5.867-v:132.000)-(t:5.883-v:131.000)-(t:5.893-v:129.000)-(t:5.917-v:126.000)-(t:5.928-v:125.000)-(t:5.938-v:119.000)-(t:5.947-v:118.000)-(t:5.956-v:116.000)-(t:5.963-v:113.000)-(t:5.974-v:112.000)-(t:5.982-v:110.000)-(t:5.990-v:106.000)-(t:5.998-v:104.000)-(t:6.006-v:103.000)-(t:6.015-v:100.000)-(t:6.024-v:99.000)-(t:6.035-v:97.000)-(t:6.044-v:96.000)-(t:6.052-v:94.000)-(t:6.059-v:93.000)-(t:6.068-v:90.000)-(t:6.077-v:89.000)-(t:6.085-v:88.000)-(t:6.093-v:87.000)-(t:6.102-v:86.000)-(t:6.109-v:83.000)-(t:6.118-v:81.000)-(t:6.126-v:78.000)-(t:6.135-v:76.000)-(t:6.142-v:75.000)-(t:6.152-v:69.000)-(t:6.167-v:67.000)-(t:6.175-v:66.000)-(t:6.184-v:65.000)-(t:6.202-v:63.000)-(t:6.213-v:59.000)-(t:6.236-v:58.000)-(t:6.256-v:56.000)-(t:6.270-v:55.000)-(t:6.279-v:54.000)-(t:6.290-v:52.000)-(t:6.300-v:51.000)-(t:6.309-v:50.000)-(t:6.323-v:49.000)-(t:6.334-v:48.000)-(t:6.343-v:47.000)-(t:6.352-v:46.000)-(t:6.360-v:45.000)-(t:6.371-v:43.000)-(t:6.388-v:42.000)-(t:6.396-v:41.000)-(t:6.403-v:40.000)-(t:6.411-v:38.000)-(t:6.418-v:36.000)-(t:6.426-v:35.000)-(t:6.443-v:34.000)-(t:6.452-v:33.000)-(t:6.464-v:32.000)-(t:6.475-v:31.000)-(t:6.508-v:30.000)-(t:6.518-v:29.000)-(t:6.536-v:28.000)-(t:6.548-v:26.000)-(t:6.559-v:25.000)-(t:6.613-v:24.000)-(t:6.630-v:23.000)-(t:6.641-v:22.000)-(t:6.654-v:21.000)-(t:6.671-v:20.000)-(t:6.707-v:19.000)-(t:6.719-v:18.000)-(t:6.729-v:17.000)-(t:6.739-v:16.000)-(t:6.753-v:15.000)-(t:6.766-v:14.000)-(t:6.775-v:13.000)-(t:6.806-v:12.000)-(t:6.817-v:11.000)-(t:6.830-v:10.000)-(t:7.584-v:9.000)-(t:8.146-v:8.000)-(t:8.321-v:7.000)-(t:18.007-v:6.000)-(t:21.134-v:5.000)-(t:24.734-v:4.000)-(t:45.477-v:3.000)-(t:66.418-v:2.000)-(t:120.590-v:1.000)],300.000
examples/csp/csp_100/6-76.txt,dqn,300,6,[(t:7.149-v:110.000)-(t:7.165-v:109.000)-(t:7.173-v:108.000)-(t:7.186-v:107.000)-(t:7.205-v:106.000)-(t:7.214-v:105.000)-(t:7.230-v:103.000)-(t:7.240-v:102.000)-(t:7.249-v:101.000)-(t:7.258-v:99.000)-(t:7.267-v:98.000)-(t:7.276-v:95.000)-(t:7.285-v:94.000)-(t:7.294-v:93.000)-(t:7.304-v:92.000)-(t:7.313-v:89.000)-(t:7.322-v:87.000)-(t:7.330-v:86.000)-(t:7.343-v:84.000)-(t:7.351-v:81.000)-(t:7.360-v:78.000)-(t:7.369-v:77.000)-(t:7.376-v:76.000)-(t:7.384-v:74.000)-(t:7.392-v:73.000)-(t:7.399-v:70.000)-(t:7.407-v:69.000)-(t:7.415-v:68.000)-(t:7.425-v:67.000)-(t:7.432-v:64.000)-(t:7.441-v:63.000)-(t:7.449-v:62.000)-(t:7.458-v:61.000)-(t:7.466-v:60.000)-(t:7.474-v:59.000)-(t:7.482-v:54.000)-(t:7.491-v:52.000)-(t:7.499-v:50.000)-(t:7.507-v:47.000)-(t:7.515-v:45.000)-(t:7.523-v:44.000)-(t:7.531-v:43.000)-(t:7.540-v:42.000)-(t:7.548-v:41.000)-(t:7.555-v:40.000)-(t:7.564-v:39.000)-(t:7.572-v:37.000)-(t:7.581-v:36.000)-(t:7.589-v:35.000)-(t:7.597-v:34.000)-(t:7.614-v:33.000)-(t:7.625-v:32.000)-(t:7.633-v:31.000)-(t:7.646-v:30.000)-(t:7.655-v:29.000)-(t:7.664-v:28.000)-(t:7.672-v:27.000)-(t:7.684-v:26.000)-(t:7.692-v:25.000)-(t:7.712-v:24.000)-(t:7.732-v:23.000)-(t:7.741-v:22.000)-(t:7.751-v:21.000)-(t:7.780-v:20.000)-(t:7.804-v:19.000)-(t:7.814-v:18.000)-(t:7.822-v:17.000)-(t:7.851-v:16.000)-(t:7.883-v:15.000)-(t:7.892-v:14.000)-(t:7.910-v:13.000)-(t:7.920-v:12.000)-(t:7.950-v:11.000)-(t:8.043-v:10.000)-(t:8.058-v:9.000)-(t:8.082-v:8.000)-(t:8.570-v:7.000)-(t:11.667-v:6.000)],8.422
examples/csp/csp_100/carseq_100_8_20_77.txt,dqn,300,0,[(t:9.709-v:113.000)-(t:9.729-v:110.000)-(t:9.747-v:106.000)-(t:9.759-v:104.000)-(t:9.784-v:102.000)-(t:9.796-v:101.000)-(t:9.820-v:99.000)-(t:9.833-v:98.000)-(t:9.845-v:97.000)-(t:9.857-v:96.000)-(t:9.869-v:93.000)-(t:9.880-v:90.000)-(t:9.890-v:89.000)-(t:9.900-v:88.000)-(t:9.909-v:86.000)-(t:9.920-v:85.000)-(t:9.931-v:82.000)-(t:9.942-v:81.000)-(t:9.954-v:80.000)-(t:9.962-v:79.000)-(t:9.971-v:76.000)-(t:9.980-v:75.000)-(t:9.993-v:74.000)-(t:10.003-v:72.000)-(t:10.014-v:71.000)-(t:10.023-v:70.000)-(t:10.033-v:67.000)-(t:10.050-v:66.000)-(t:10.059-v:65.000)-(t:10.070-v:64.000)-(t:10.086-v:63.000)-(t:10.098-v:61.000)-(t:10.108-v:59.000)-(t:10.126-v:58.000)-(t:10.137-v:57.000)-(t:10.150-v:56.000)-(t:10.161-v:55.000)-(t:10.173-v:54.000)-(t:10.183-v:53.000)-(t:10.189-v:52.000)-(t:10.198-v:49.000)-(t:10.208-v:48.000)-(t:10.223-v:46.000)-(t:10.233-v:45.000)-(t:10.244-v:44.000)-(t:10.253-v:43.000)-(t:10.264-v:42.000)-(t:10.275-v:41.000)-(t:10.285-v:40.000)-(t:10.293-v:39.000)-(t:10.305-v:38.000)-(t:10.319-v:36.000)-(t:10.333-v:35.000)-(t:10.344-v:34.000)-(t:10.357-v:33.000)-(t:10.368-v:32.000)-(t:10.380-v:30.000)-(t:10.391-v:29.000)-(t:10.399-v:28.000)-(t:10.408-v:27.000)-(t:10.419-v:26.000)-(t:10.429-v:25.000)-(t:10.469-v:24.000)-(t:10.479-v:23.000)-(t:10.490-v:22.000)-(t:10.501-v:21.000)-(t:10.507-v:20.000)-(t:10.528-v:19.000)-(t:10.540-v:18.000)-(t:10.548-v:17.000)-(t:10.560-v:16.000)-(t:10.579-v:15.000)-(t:10.590-v:14.000)-(t:10.610-v:13.000)-(t:10.622-v:12.000)-(t:10.652-v:11.000)-(t:10.662-v:10.000)-(t:10.675-v:9.000)-(t:10.704-v:8.000)-(t:10.718-v:7.000)-(t:10.733-v:6.000)-(t:10.752-v:5.000)-(t:10.771-v:4.000)-(t:11.246-v:3.000)-(t:11.274-v:2.000)-(t:14.503-v:1.000)-(t:17.359-v:0.000)],17.359
examples/csp/csp_100/carseq_100_8_20_90.txt,dqn,300,0,[(t:4.553-v:118.000)-(t:4.573-v:117.000)-(t:4.579-v:116.000)-(t:4.595-v:114.000)-(t:4.602-v:112.000)-(t:4.609-v:111.000)-(t:4.617-v:109.000)-(t:4.624-v:107.000)-(t:4.638-v:104.000)-(t:4.659-v:103.000)-(t:4.669-v:102.000)-(t:4.678-v:101.000)-(t:4.685-v:99.000)-(t:4.695-v:97.000)-(t:4.702-v:91.000)-(t:4.711-v:89.000)-(t:4.719-v:88.000)-(t:4.727-v:87.000)-(t:4.735-v:84.000)-(t:4.745-v:83.000)-(t:4.753-v:82.000)-(t:4.761-v:81.000)-(t:4.769-v:77.000)-(t:4.776-v:75.000)-(t:4.784-v:74.000)-(t:4.791-v:72.000)-(t:4.800-v:70.000)-(t:4.807-v:69.000)-(t:4.815-v:68.000)-(t:4.823-v:67.000)-(t:4.830-v:66.000)-(t:4.839-v:65.000)-(t:4.846-v:64.000)-(t:4.854-v:63.000)-(t:4.862-v:62.000)-(t:4.870-v:60.000)-(t:4.877-v:59.000)-(t:4.884-v:58.000)-(t:4.892-v:57.000)-(t:4.900-v:55.000)-(t:4.907-v:53.000)-(t:4.914-v:52.000)-(t:4.922-v:51.000)-(t:4.929-v:48.000)-(t:4.936-v:47.000)-(t:4.946-v:46.000)-(t:4.954-v:45.000)-(t:4.961-v:44.000)-(t:4.971-v:42.000)-(t:4.978-v:41.000)-(t:4.993-v:40.000)-(t:5.000-v:39.000)-(t:5.007-v:37.000)-(t:5.013-v:36.000)-(t:5.021-v:35.000)-(t:5.028-v:34.000)-(t:5.035-v:33.000)-(t:5.043-v:32.000)-(t:5.056-v:31.000)-(t:5.063-v:30.000)-(t:5.070-v:29.000)-(t:5.080-v:28.000)-(t:5.090-v:26.000)-(t:5.098-v:25.000)-(t:5.105-v:24.000)-(t:5.123-v:23.000)-(t:5.131-v:22.000)-(t:5.136-v:21.000)-(t:5.162-v:20.000)-(t:5.175-v:19.000)-(t:5.216-v:18.000)-(t:5.250-v:17.000)-(t:5.259-v:16.000)-(t:5.267-v:15.000)-(t:5.275-v:14.000)-(t:5.288-v:13.000)-(t:5.297-v:12.000)-(t:5.329-v:11.000)-(t:5.377-v:10.000)-(t:5.386-v:9.000)-(t:5.467-v:8.000)-(t:5.482-v:7.000)-(t:5.496-v:6.000)-(t:5.509-v:5.000)-(t:5.525-v:4.000)-(t:5.551-v:3.000)-(t:5.575-v:2.000)-(t:5.600-v:1.000)-(t:5.979-v:0.000)],5.979
examples/csp/csp_100/carseq_100_8_20_94.txt,dqn,300,0,[(t:4.591-v:121.000)-(t:4.607-v:119.000)-(t:4.629-v:117.000)-(t:4.642-v:114.000)-(t:4.653-v:113.000)-(t:4.660-v:112.000)-(t:4.668-v:111.000)-(t:4.676-v:110.000)-(t:4.683-v:108.000)-(t:4.690-v:107.000)-(t:4.697-v:105.000)-(t:4.704-v:104.000)-(t:4.711-v:103.000)-(t:4.720-v:102.000)-(t:4.731-v:101.000)-(t:4.752-v:100.000)-(t:4.759-v:99.000)-(t:4.768-v:98.000)-(t:4.781-v:97.000)-(t:4.788-v:95.000)-(t:4.796-v:94.000)-(t:4.804-v:93.000)-(t:4.811-v:92.000)-(t:4.824-v:91.000)-(t:4.833-v:89.000)-(t:4.840-v:87.000)-(t:4.853-v:85.000)-(t:4.861-v:83.000)-(t:4.868-v:80.000)-(t:4.882-v:79.000)-(t:4.890-v:78.000)-(t:4.897-v:76.000)-(t:4.905-v:74.000)-(t:4.912-v:73.000)-(t:4.920-v:71.000)-(t:4.929-v:70.000)-(t:4.939-v:69.000)-(t:4.948-v:66.000)-(t:4.960-v:65.000)-(t:4.971-v:64.000)-(t:4.981-v:63.000)-(t:4.992-v:62.000)-(t:5.005-v:61.000)-(t:5.020-v:60.000)-(t:5.029-v:59.000)-(t:5.044-v:58.000)-(t:5.052-v:56.000)-(t:5.061-v:55.000)-(t:5.069-v:53.000)-(t:5.078-v:52.000)-(t:5.086-v:51.000)-(t:5.095-v:50.000)-(t:5.104-v:49.000)-(t:5.112-v:48.000)-(t:5.121-v:47.000)-(t:5.130-v:46.000)-(t:5.141-v:45.000)-(t:5.153-v:44.000)-(t:5.170-v:43.000)-(t:5.182-v:42.000)-(t:5.191-v:41.000)-(t:5.203-v:39.000)-(t:5.212-v:38.000)-(t:5.221-v:37.000)-(t:5.231-v:35.000)-(t:5.240-v:34.000)-(t:5.249-v:33.000)-(t:5.257-v:32.000)-(t:5.270-v:30.000)-(t:5.279-v:29.000)-(t:5.287-v:28.000)-(t:5.312-v:27.000)-(t:5.319-v:26.000)-(t:5.335-v:25.000)-(t:5.350-v:24.000)-(t:5.359-v:23.000)-(t:5.368-v:22.000)-(t:5.406-v:21.000)-(t:5.426-v:20.000)-(t:5.471-v:19.000)-(t:5.478-v:18.000)-(t:5.537-v:17.000)-(t:5.558-v:16.000)-(t:5.593-v:15.000)-(t:5.600-v:14.000)-(t:5.636-v:13.000)-(t:5.654-v:12.000)-(t:5.685-v:11.000)-(t:5.704-v:10.000)-(t:5.710-v:9.000)-(t:5.716-v:8.000)-(t:6.551-v:7.000)-(t:6.635-v:6.000)-(t:6.935-v:5.000)-(t:7.026-v:4.000)-(t:9.021-v:3.000)-(t:9.106-v:2.000)-(t:12.571-v:1.000)-(t:13.712-v:0.000)],13.712
examples/csp/csp_100/carseq_100_8_20_71.txt,dqn,300,1,[(t:8.483-v:137.000)-(t:8.493-v:133.000)-(t:8.514-v:132.000)-(t:8.525-v:129.000)-(t:8.539-v:127.000)-(t:8.551-v:125.000)-(t:8.561-v:122.000)-(t:8.572-v:121.000)-(t:8.587-v:117.000)-(t:8.601-v:116.000)-(t:8.612-v:111.000)-(t:8.622-v:110.000)-(t:8.629-v:109.000)-(t:8.640-v:108.000)-(t:8.650-v:107.000)-(t:8.660-v:103.000)-(t:8.670-v:102.000)-(t:8.680-v:101.000)-(t:8.690-v:99.000)-(t:8.702-v:98.000)-(t:8.711-v:96.000)-(t:8.723-v:95.000)-(t:8.733-v:94.000)-(t:8.737-v:93.000)-(t:8.744-v:91.000)-(t:8.752-v:90.000)-(t:8.757-v:88.000)-(t:8.783-v:87.000)-(t:8.792-v:86.000)-(t:8.804-v:85.000)-(t:8.813-v:84.000)-(t:8.824-v:83.000)-(t:8.835-v:82.000)-(t:8.844-v:81.000)-(t:8.854-v:79.000)-(t:8.864-v:78.000)-(t:8.875-v:73.000)-(t:8.883-v:72.000)-(t:8.902-v:71.000)-(t:8.912-v:69.000)-(t:8.927-v:68.000)-(t:8.936-v:67.000)-(t:8.946-v:65.000)-(t:8.958-v:63.000)-(t:8.963-v:62.000)-(t:8.968-v:59.000)-(t:8.994-v:55.000)-(t:9.003-v:54.000)-(t:9.015-v:53.000)-(t:9.025-v:50.000)-(t:9.038-v:49.000)-(t:9.049-v:47.000)-(t:9.060-v:46.000)-(t:9.066-v:45.000)-(t:9.077-v:44.000)-(t:9.088-v:43.000)-(t:9.098-v:42.000)-(t:9.107-v:41.000)-(t:9.120-v:40.000)-(t:9.130-v:39.000)-(t:9.141-v:38.000)-(t:9.153-v:37.000)-(t:9.165-v:35.000)-(t:9.180-v:33.000)-(t:9.193-v:32.000)-(t:9.206-v:31.000)-(t:9.229-v:30.000)-(t:9.258-v:29.000)-(t:9.268-v:28.000)-(t:9.275-v:27.000)-(t:9.297-v:26.000)-(t:9.307-v:25.000)-(t:9.330-v:24.000)-(t:9.341-v:23.000)-(t:9.355-v:22.000)-(t:9.364-v:21.000)-(t:9.375-v:20.000)-(t:9.381-v:19.000)-(t:9.394-v:18.000)-(t:9.407-v:17.000)-(t:9.422-v:16.000)-(t:9.438-v:15.000)-(t:9.452-v:14.000)-(t:9.467-v:13.000)-(t:9.487-v:12.000)-(t:9.568-v:11.000)-(t:9.593-v:10.000)-(t:9.616-v:9.000)-(t:9.643-v:8.000)-(t:9.666-v:7.000)-(t:9.690-v:6.000)-(t:14.378-v:5.000)-(t:14.588-v:4.000)-(t:38.868-v:3.000)-(t:39.058-v:2.000)-(t:128.293-v:1.000)],300.000
examples/csp/csp_100/carseq_100_8_20_82.txt,dqn,300,0,[(t:5.502-v:139.000)-(t:5.514-v:137.000)-(t:5.520-v:135.000)-(t:5.536-v:134.000)-(t:5.542-v:130.000)-(t:5.548-v:127.000)-(t:5.555-v:120.000)-(t:5.562-v:119.000)-(t:5.568-v:118.000)-(t:5.574-v:111.000)-(t:5.581-v:109.000)-(t:5.587-v:108.000)-(t:5.594-v:104.000)-(t:5.602-v:103.000)-(t:5.611-v:102.000)-(t:5.618-v:100.000)-(t:5.628-v:99.000)-(t:5.635-v:97.000)-(t:5.643-v:94.000)-(t:5.649-v:92.000)-(t:5.655-v:90.000)-(t:5.666-v:88.000)-(t:5.673-v:86.000)-(t:5.686-v:84.000)-(t:5.698-v:80.000)-(t:5.707-v:79.000)-(t:5.721-v:78.000)-(t:5.730-v:76.000)-(t:5.739-v:75.000)-(t:5.748-v:74.000)-(t:5.764-v:73.000)-(t:5.772-v:72.000)-(t:5.782-v:71.000)-(t:5.793-v:69.000)-(t:5.802-v:68.000)-(t:5.809-v:67.000)-(t:5.814-v:66.000)-(t:5.821-v:64.000)-(t:5.832-v:63.000)-(t:5.839-v:62.000)-(t:5.847-v:61.000)-(t:5.853-v:60.000)-(t:5.860-v:58.000)-(t:5.872-v:57.000)-(t:5.880-v:56.000)-(t:5.887-v:55.000)-(t:5.894-v:54.000)-(t:5.902-v:53.000)-(t:5.918-v:52.000)-(t:5.926-v:51.000)-(t:5.933-v:50.000)-(t:5.944-v:49.000)-(t:5.952-v:48.000)-(t:5.960-v:47.000)-(t:5.968-v:46.000)-(t:5.976-v:45.000)-(t:5.985-v:43.000)-(t:5.992-v:42.000)-(t:5.999-v:41.000)-(t:6.008-v:40.000)-(t:6.016-v:39.000)-(t:6.023-v:38.000)-(t:6.060-v:37.000)-(t:6.071-v:36.000)-(t:6.092-v:35.000)-(t:6.101-v:34.000)-(t:6.134-v:33.000)-(t:6.142-v:32.000)-(t:6.150-v:31.000)-(t:6.171-v:30.000)-(t:6.180-v:29.000)-(t:6.240-v:28.000)-(t:6.251-v:26.000)-(t:6.263-v:24.000)-(t:6.271-v:23.000)-(t:6.281-v:21.000)-(t:6.291-v:20.000)-(t:6.302-v:19.000)-(t:6.374-v:18.000)-(t:6.382-v:17.000)-(t:6.395-v:16.000)-(t:6.400-v:15.000)-(t:6.464-v:14.000)-(t:6.470-v:13.000)-(t:6.479-v:12.000)-(t:6.485-v:11.000)-(t:6.492-v:10.000)-(t:6.497-v:8.000)-(t:6.505-v:7.000)-(t:6.510-v:6.000)-(t:6.525-v:5.000)-(t:18.020-v:4.000)-(t:18.110-v:3.000)-(t:22.291-v:2.000)-(t:27.893-v:1.000)-(t:70.955-v:0.000)],70.955
examples/csp/csp_200/pb_200_06.txt,dqn,300,,,
examples/csp/csp_100/carseq_100_8_20_88.txt,dqn,300,0,[(t:4.618-v:132.000)-(t:4.642-v:129.000)-(t:4.649-v:128.000)-(t:4.665-v:124.000)-(t:4.672-v:120.000)-(t:4.679-v:116.000)-(t:4.687-v:114.000)-(t:4.694-v:112.000)-(t:4.702-v:110.000)-(t:4.709-v:109.000)-(t:4.716-v:105.000)-(t:4.725-v:103.000)-(t:4.733-v:100.000)-(t:4.739-v:99.000)-(t:4.748-v:98.000)-(t:4.756-v:97.000)-(t:4.763-v:94.000)-(t:4.771-v:92.000)-(t:4.778-v:91.000)-(t:4.785-v:89.000)-(t:4.792-v:86.000)-(t:4.800-v:84.000)-(t:4.809-v:83.000)-(t:4.817-v:81.000)-(t:4.842-v:80.000)-(t:4.850-v:77.000)-(t:4.859-v:75.000)-(t:4.867-v:74.000)-(t:4.876-v:73.000)-(t:4.883-v:71.000)-(t:4.890-v:70.000)-(t:4.898-v:69.000)-(t:4.905-v:68.000)-(t:4.913-v:67.000)-(t:4.920-v:66.000)-(t:4.927-v:64.000)-(t:4.935-v:63.000)-(t:4.943-v:62.000)-(t:4.951-v:61.000)-(t:4.958-v:59.000)-(t:4.973-v:58.000)-(t:4.988-v:57.000)-(t:4.995-v:56.000)-(t:5.002-v:55.000)-(t:5.020-v:54.000)-(t:5.037-v:53.000)-(t:5.071-v:49.000)-(t:5.082-v:48.000)-(t:5.089-v:46.000)-(t:5.102-v:45.000)-(t:5.110-v:44.000)-(t:5.120-v:43.000)-(t:5.146-v:42.000)-(t:5.169-v:41.000)-(t:5.178-v:40.000)-(t:5.186-v:39.000)-(t:5.209-v:38.000)-(t:5.218-v:37.000)-(t:5.229-v:36.000)-(t:5.241-v:35.000)-(t:5.261-v:34.000)-(t:5.274-v:33.000)-(t:5.286-v:32.000)-(t:5.296-v:31.000)-(t:5.306-v:30.000)-(t:5.340-v:29.000)-(t:5.382-v:28.000)-(t:5.390-v:27.000)-(t:5.397-v:26.000)-(t:5.410-v:25.000)-(t:5.477-v:24.000)-(t:5.494-v:23.000)-(t:5.502-v:22.000)-(t:5.517-v:21.000)-(t:5.528-v:20.000)-(t:5.631-v:19.000)-(t:5.639-v:18.000)-(t:5.648-v:17.000)-(t:5.655-v:16.000)-(t:5.672-v:14.000)-(t:5.680-v:13.000)-(t:5.718-v:12.000)-(t:5.725-v:11.000)-(t:5.741-v:10.000)-(t:5.755-v:9.000)-(t:5.772-v:8.000)-(t:5.785-v:7.000)-(t:5.802-v:6.000)-(t:5.830-v:5.000)-(t:5.854-v:4.000)-(t:6.057-v:3.000)-(t:53.003-v:2.000)-(t:55.203-v:1.000)-(t:83.284-v:0.000)],83.284
examples/csp/csp_200/pb_200_07.txt,dqn,300,,,
examples/csp/csp_200/pb_200_08.txt,dqn,300,,,
examples/csp/csp_200/pb_200_09.txt,dqn,300,,,
examples/csp/csp_200/pb_200_10.txt,dqn,300,,,
examples/csp/csp_300/carseq_300_8_20_38.txt,dqn,300,,,
examples/csp/csp_300/carseq_300_8_20_40.txt,dqn,300,,,
examples/csp/csp_300/carseq_300_8_20_45.txt,dqn,300,,,
examples/csp/csp_100/carseq_100_8_20_99.txt,dqn,300,0,[(t:5.289-v:121.000)-(t:5.310-v:119.000)-(t:5.318-v:118.000)-(t:5.326-v:117.000)-(t:5.340-v:116.000)-(t:5.357-v:115.000)-(t:5.369-v:109.000)-(t:5.378-v:108.000)-(t:5.387-v:107.000)-(t:5.397-v:104.000)-(t:5.406-v:103.000)-(t:5.419-v:102.000)-(t:5.428-v:99.000)-(t:5.451-v:98.000)-(t:5.461-v:96.000)-(t:5.470-v:95.000)-(t:5.483-v:94.000)-(t:5.492-v:90.000)-(t:5.510-v:89.000)-(t:5.521-v:88.000)-(t:5.528-v:87.000)-(t:5.534-v:84.000)-(t:5.541-v:83.000)-(t:5.547-v:79.000)-(t:5.554-v:78.000)-(t:5.562-v:77.000)-(t:5.575-v:76.000)-(t:5.585-v:75.000)-(t:5.597-v:74.000)-(t:5.607-v:72.000)-(t:5.615-v:71.000)-(t:5.625-v:70.000)-(t:5.633-v:69.000)-(t:5.642-v:68.000)-(t:5.650-v:67.000)-(t:5.659-v:64.000)-(t:5.670-v:62.000)-(t:5.683-v:61.000)-(t:5.696-v:59.000)-(t:5.705-v:58.000)-(t:5.715-v:57.000)-(t:5.726-v:56.000)-(t:5.735-v:53.000)-(t:5.742-v:52.000)-(t:5.750-v:50.000)-(t:5.759-v:49.000)-(t:5.767-v:48.000)-(t:5.783-v:47.000)-(t:5.799-v:44.000)-(t:5.809-v:43.000)-(t:5.817-v:42.000)-(t:5.826-v:40.000)-(t:5.836-v:38.000)-(t:5.845-v:37.000)-(t:5.853-v:36.000)-(t:5.863-v:35.000)-(t:5.877-v:34.000)-(t:5.910-v:33.000)-(t:5.917-v:32.000)-(t:5.924-v:31.000)-(t:5.943-v:30.000)-(t:5.951-v:28.000)-(t:5.959-v:27.000)-(t:5.970-v:26.000)-(t:5.983-v:25.000)-(t:5.993-v:24.000)-(t:6.009-v:23.000)-(t:6.034-v:22.000)-(t:6.097-v:21.000)-(t:6.108-v:20.000)-(t:6.118-v:19.000)-(t:6.139-v:18.000)-(t:6.158-v:17.000)-(t:6.170-v:16.000)-(t:6.231-v:15.000)-(t:6.245-v:14.000)-(t:6.265-v:13.000)-(t:6.283-v:12.000)-(t:6.293-v:11.000)-(t:6.302-v:10.000)-(t:6.312-v:9.000)-(t:10.490-v:8.000)-(t:10.600-v:7.000)-(t:10.697-v:6.000)-(t:10.783-v:5.000)-(t:16.828-v:4.000)-(t:24.044-v:3.000)-(t:28.949-v:2.000)-(t:72.739-v:1.000)-(t:112.788-v:0.000)],112.788
examples/csp/csp_300/carseq_300_8_20_47.txt,dqn,300,,,
examples/csp/csp_300/carseq_300_8_20_53.txt,dqn,300,,,
examples/csp/csp_300/carseq_300_8_20_56.txt,dqn,300,,,
examples/csp/csp_300/carseq_300_8_20_62.txt,dqn,300,,,
examples/csp/csp_300/carseq_300_8_20_76.txt,dqn,300,,,
examples/csp/csp_300/carseq_300_8_20_78.txt,dqn,300,,,
examples/csp/csp_300/carseq_300_8_20_80.txt,dqn,300,,,
examples/csp/csp_300/carseq_300_8_20_81.txt,dqn,300,,,
examples/csp/csp_300/pb_300_06.txt,dqn,300,,,
examples/csp/csp_300/pb_300_07.txt,dqn,300,,,
examples/csp/csp_300/pb_300_08.txt,dqn,300,,,
examples/csp/csp_100/carseq_100_8_20_81.txt,dqn,300,1,[(t:5.349-v:124.000)-(t:5.394-v:123.000)-(t:5.404-v:121.000)-(t:5.418-v:118.000)-(t:5.424-v:117.000)-(t:5.431-v:114.000)-(t:5.439-v:113.000)-(t:5.446-v:108.000)-(t:5.454-v:107.000)-(t:5.463-v:106.000)-(t:5.471-v:100.000)-(t:5.480-v:98.000)-(t:5.487-v:96.000)-(t:5.495-v:95.000)-(t:5.506-v:93.000)-(t:5.517-v:92.000)-(t:5.526-v:91.000)-(t:5.535-v:90.000)-(t:5.543-v:89.000)-(t:5.551-v:87.000)-(t:5.563-v:86.000)-(t:5.570-v:85.000)-(t:5.580-v:84.000)-(t:5.592-v:81.000)-(t:5.602-v:79.000)-(t:5.611-v:77.000)-(t:5.624-v:76.000)-(t:5.632-v:74.000)-(t:5.641-v:72.000)-(t:5.648-v:70.000)-(t:5.655-v:69.000)-(t:5.663-v:68.000)-(t:5.672-v:67.000)-(t:5.679-v:65.000)-(t:5.689-v:64.000)-(t:5.696-v:63.000)-(t:5.705-v:62.000)-(t:5.712-v:61.000)-(t:5.719-v:60.000)-(t:5.728-v:59.000)-(t:5.736-v:58.000)-(t:5.744-v:56.000)-(t:5.753-v:55.000)-(t:5.763-v:54.000)-(t:5.771-v:53.000)-(t:5.779-v:52.000)-(t:5.789-v:51.000)-(t:5.796-v:50.000)-(t:5.803-v:48.000)-(t:5.810-v:45.000)-(t:5.817-v:44.000)-(t:5.824-v:43.000)-(t:5.833-v:42.000)-(t:5.840-v:41.000)-(t:5.846-v:40.000)-(t:5.853-v:39.000)-(t:5.859-v:36.000)-(t:5.865-v:35.000)-(t:5.873-v:34.000)-(t:5.879-v:32.000)-(t:5.889-v:31.000)-(t:5.905-v:30.000)-(t:5.914-v:29.000)-(t:5.924-v:28.000)-(t:5.940-v:27.000)-(t:5.948-v:26.000)-(t:5.957-v:25.000)-(t:5.965-v:24.000)-(t:5.971-v:23.000)-(t:5.980-v:22.000)-(t:6.027-v:21.000)-(t:6.036-v:19.000)-(t:6.045-v:18.000)-(t:6.075-v:17.000)-(t:6.090-v:16.000)-(t:6.106-v:15.000)-(t:6.124-v:14.000)-(t:6.131-v:13.000)-(t:6.147-v:12.000)-(t:6.160-v:11.000)-(t:6.184-v:10.000)-(t:6.195-v:9.000)-(t:6.215-v:8.000)-(t:6.223-v:7.000)-(t:6.239-v:6.000)-(t:6.353-v:5.000)-(t:6.617-v:4.000)-(t:6.628-v:3.000)-(t:6.777-v:2.000)-(t:18.058-v:1.000)],300.000
examples/csp/csp_300/pb_300_09.txt,dqn,300,,,
examples/csp/csp_300/pb_300_10.txt,dqn,300,,,
examples/csp/csp_100/carseq_100_8_20_85.txt,dqn,300,1,[(t:4.591-v:120.000)-(t:4.608-v:119.000)-(t:4.614-v:117.000)-(t:4.634-v:113.000)-(t:4.649-v:112.000)-(t:4.657-v:110.000)-(t:4.664-v:109.000)-(t:4.672-v:108.000)-(t:4.680-v:107.000)-(t:4.687-v:106.000)-(t:4.694-v:104.000)-(t:4.703-v:102.000)-(t:4.710-v:101.000)-(t:4.717-v:100.000)-(t:4.724-v:98.000)-(t:4.732-v:96.000)-(t:4.740-v:95.000)-(t:4.747-v:92.000)-(t:4.754-v:91.000)-(t:4.761-v:89.000)-(t:4.770-v:88.000)-(t:4.778-v:87.000)-(t:4.787-v:86.000)-(t:4.795-v:85.000)-(t:4.802-v:83.000)-(t:4.810-v:82.000)-(t:4.818-v:81.000)-(t:4.825-v:78.000)-(t:4.832-v:77.000)-(t:4.839-v:76.000)-(t:4.846-v:75.000)-(t:4.852-v:73.000)-(t:4.860-v:70.000)-(t:4.869-v:69.000)-(t:4.879-v:68.000)-(t:4.887-v:66.000)-(t:4.895-v:65.000)-(t:4.901-v:64.000)-(t:4.907-v:61.000)-(t:4.914-v:60.000)-(t:4.921-v:58.000)-(t:4.928-v:57.000)-(t:4.936-v:56.000)-(t:4.942-v:55.000)-(t:4.949-v:53.000)-(t:4.954-v:52.000)-(t:4.960-v:50.000)-(t:4.970-v:49.000)-(t:4.978-v:47.000)-(t:4.984-v:45.000)-(t:4.990-v:44.000)-(t:4.996-v:43.000)-(t:5.002-v:42.000)-(t:5.009-v:41.000)-(t:5.014-v:38.000)-(t:5.021-v:37.000)-(t:5.027-v:36.000)-(t:5.036-v:35.000)-(t:5.042-v:34.000)-(t:5.048-v:33.000)-(t:5.053-v:32.000)-(t:5.059-v:31.000)-(t:5.065-v:30.000)-(t:5.075-v:29.000)-(t:5.081-v:28.000)-(t:5.086-v:27.000)-(t:5.094-v:26.000)-(t:5.141-v:25.000)-(t:5.162-v:24.000)-(t:5.189-v:23.000)-(t:5.203-v:22.000)-(t:5.212-v:21.000)-(t:5.228-v:20.000)-(t:5.237-v:19.000)-(t:5.264-v:18.000)-(t:5.272-v:17.000)-(t:5.282-v:16.000)-(t:5.293-v:15.000)-(t:5.307-v:14.000)-(t:5.330-v:13.000)-(t:5.348-v:12.000)-(t:5.379-v:11.000)-(t:5.388-v:10.000)-(t:5.403-v:9.000)-(t:5.517-v:8.000)-(t:5.532-v:7.000)-(t:5.630-v:6.000)-(t:9.311-v:5.000)-(t:15.677-v:4.000)-(t:15.772-v:3.000)-(t:22.619-v:2.000)-(t:31.566-v:1.000)],300.000
examples/csp/csp_100/carseq_100_8_20_86.txt,dqn,300,1,[(t:6.178-v:133.000)-(t:6.207-v:129.000)-(t:6.216-v:126.000)-(t:6.228-v:123.000)-(t:6.239-v:122.000)-(t:6.249-v:121.000)-(t:6.258-v:117.000)-(t:6.264-v:116.000)-(t:6.273-v:113.000)-(t:6.283-v:112.000)-(t:6.294-v:110.000)-(t:6.305-v:108.000)-(t:6.312-v:107.000)-(t:6.318-v:106.000)-(t:6.322-v:103.000)-(t:6.327-v:102.000)-(t:6.332-v:101.000)-(t:6.339-v:98.000)-(t:6.349-v:97.000)-(t:6.359-v:95.000)-(t:6.368-v:94.000)-(t:6.378-v:92.000)-(t:6.384-v:91.000)-(t:6.393-v:90.000)-(t:6.400-v:89.000)-(t:6.407-v:86.000)-(t:6.416-v:84.000)-(t:6.424-v:83.000)-(t:6.433-v:81.000)-(t:6.438-v:80.000)-(t:6.443-v:79.000)-(t:6.455-v:78.000)-(t:6.465-v:77.000)-(t:6.474-v:76.000)-(t:6.483-v:75.000)-(t:6.492-v:74.000)-(t:6.496-v:73.000)-(t:6.507-v:72.000)-(t:6.513-v:71.000)-(t:6.524-v:69.000)-(t:6.535-v:68.000)-(t:6.543-v:66.000)-(t:6.548-v:61.000)-(t:6.558-v:59.000)-(t:6.571-v:58.000)-(t:6.581-v:57.000)-(t:6.588-v:55.000)-(t:6.597-v:54.000)-(t:6.603-v:53.000)-(t:6.612-v:52.000)-(t:6.620-v:51.000)-(t:6.631-v:50.000)-(t:6.641-v:49.000)-(t:6.650-v:48.000)-(t:6.654-v:47.000)-(t:6.659-v:46.000)-(t:6.663-v:45.000)-(t:6.669-v:44.000)-(t:6.673-v:43.000)-(t:6.686-v:42.000)-(t:6.697-v:41.000)-(t:6.711-v:40.000)-(t:6.748-v:38.000)-(t:6.762-v:37.000)-(t:6.783-v:35.000)-(t:6.789-v:34.000)-(t:6.802-v:33.000)-(t:6.810-v:32.000)-(t:6.816-v:31.000)-(t:6.853-v:30.000)-(t:6.862-v:29.000)-(t:6.883-v:28.000)-(t:6.912-v:27.000)-(t:6.920-v:26.000)-(t:6.926-v:25.000)-(t:6.931-v:24.000)-(t:6.949-v:23.000)-(t:6.964-v:22.000)-(t:6.991-v:21.000)-(t:7.058-v:20.000)-(t:7.142-v:19.000)-(t:7.174-v:18.000)-(t:7.185-v:17.000)-(t:7.200-v:16.000)-(t:7.264-v:15.000)-(t:7.279-v:14.000)-(t:7.291-v:13.000)-(t:7.315-v:12.000)-(t:7.342-v:11.000)-(t:7.547-v:9.000)-(t:13.204-v:8.000)-(t:13.361-v:7.000)-(t:18.750-v:6.000)-(t:48.968-v:5.000)-(t:49.127-v:4.000)-(t:110.936-v:2.000)-(t:111.827-v:1.000)],300.000
examples/csp/csp_100/carseq_100_8_20_98.txt,dqn,300,1,[(t:6.483-v:124.000)-(t:6.512-v:123.000)-(t:6.522-v:119.000)-(t:6.534-v:116.000)-(t:6.546-v:115.000)-(t:6.552-v:111.000)-(t:6.558-v:107.000)-(t:6.564-v:105.000)-(t:6.575-v:104.000)-(t:6.586-v:103.000)-(t:6.595-v:101.000)-(t:6.611-v:99.000)-(t:6.616-v:97.000)-(t:6.625-v:95.000)-(t:6.635-v:94.000)-(t:6.646-v:93.000)-(t:6.660-v:92.000)-(t:6.666-v:90.000)-(t:6.677-v:89.000)-(t:6.686-v:87.000)-(t:6.700-v:86.000)-(t:6.710-v:84.000)-(t:6.723-v:81.000)-(t:6.734-v:79.000)-(t:6.744-v:78.000)-(t:6.755-v:76.000)-(t:6.767-v:73.000)-(t:6.772-v:72.000)-(t:6.777-v:70.000)-(t:6.783-v:66.000)-(t:6.800-v:65.000)-(t:6.812-v:64.000)-(t:6.822-v:63.000)-(t:6.833-v:62.000)-(t:6.851-v:61.000)-(t:6.861-v:60.000)-(t:6.883-v:59.000)-(t:6.893-v:58.000)-(t:6.897-v:57.000)-(t:6.909-v:56.000)-(t:6.917-v:55.000)-(t:6.928-v:54.000)-(t:6.938-v:53.000)-(t:6.948-v:52.000)-(t:6.959-v:51.000)-(t:6.969-v:49.000)-(t:6.979-v:48.000)-(t:6.990-v:45.000)-(t:6.996-v:43.000)-(t:7.006-v:40.000)-(t:7.018-v:39.000)-(t:7.030-v:38.000)-(t:7.039-v:37.000)-(t:7.068-v:36.000)-(t:7.080-v:35.000)-(t:7.090-v:34.000)-(t:7.135-v:33.000)-(t:7.142-v:31.000)-(t:7.152-v:30.000)-(t:7.173-v:29.000)-(t:7.198-v:28.000)-(t:7.212-v:27.000)-(t:7.229-v:26.000)-(t:7.264-v:25.000)-(t:7.283-v:24.000)-(t:7.306-v:23.000)-(t:7.344-v:22.000)-(t:7.366-v:21.000)-(t:7.379-v:20.000)-(t:7.453-v:19.000)-(t:7.469-v:18.000)-(t:7.498-v:17.000)-(t:7.559-v:16.000)-(t:7.573-v:15.000)-(t:7.587-v:14.000)-(t:7.597-v:13.000)-(t:7.612-v:12.000)-(t:8.555-v:11.000)-(t:30.293-v:10.000)-(t:30.639-v:9.000)-(t:30.796-v:8.000)-(t:40.850-v:7.000)-(t:41.166-v:6.000)-(t:45.346-v:5.000)-(t:64.253-v:4.000)-(t:72.566-v:3.000)-(t:73.057-v:2.000)-(t:146.386-v:1.000)],300.000
examples/csp/csp_100/carseq_100_8_20_64.txt,dqn,300,0,[(t:6.371-v:129.000)-(t:6.396-v:125.000)-(t:6.403-v:123.000)-(t:6.411-v:118.000)-(t:6.427-v:116.000)-(t:6.435-v:115.000)-(t:6.443-v:114.000)-(t:6.451-v:112.000)-(t:6.459-v:109.000)-(t:6.464-v:107.000)-(t:6.472-v:105.000)-(t:6.478-v:104.000)-(t:6.493-v:103.000)-(t:6.500-v:102.000)-(t:6.513-v:97.000)-(t:6.520-v:96.000)-(t:6.528-v:92.000)-(t:6.536-v:91.000)-(t:6.544-v:89.000)-(t:6.551-v:88.000)-(t:6.558-v:87.000)-(t:6.565-v:85.000)-(t:6.574-v:84.000)-(t:6.582-v:83.000)-(t:6.588-v:82.000)-(t:6.596-v:78.000)-(t:6.607-v:76.000)-(t:6.616-v:74.000)-(t:6.625-v:72.000)-(t:6.637-v:71.000)-(t:6.657-v:68.000)-(t:6.665-v:66.000)-(t:6.670-v:65.000)-(t:6.676-v:64.000)-(t:6.683-v:63.000)-(t:6.688-v:62.000)-(t:6.695-v:61.000)-(t:6.701-v:59.000)-(t:6.708-v:58.000)-(t:6.713-v:55.000)-(t:6.719-v:54.000)-(t:6.724-v:53.000)-(t:6.732-v:52.000)-(t:6.738-v:51.000)-(t:6.744-v:50.000)-(t:6.750-v:49.000)-(t:6.759-v:48.000)-(t:6.773-v:46.000)-(t:6.793-v:45.000)-(t:6.804-v:44.000)-(t:6.811-v:43.000)-(t:6.817-v:42.000)-(t:6.833-v:41.000)-(t:6.839-v:40.000)-(t:6.847-v:39.000)-(t:6.856-v:37.000)-(t:6.863-v:36.000)-(t:6.872-v:35.000)-(t:6.885-v:33.000)-(t:6.914-v:32.000)-(t:6.924-v:31.000)-(t:6.937-v:30.000)-(t:6.946-v:29.000)-(t:6.954-v:28.000)-(t:6.993-v:27.000)-(t:7.002-v:25.000)-(t:7.009-v:24.000)-(t:7.034-v:23.000)-(t:7.043-v:22.000)-(t:7.053-v:21.000)-(t:7.089-v:20.000)-(t:7.099-v:19.000)-(t:7.150-v:18.000)-(t:7.203-v:17.000)-(t:7.223-v:16.000)-(t:7.231-v:14.000)-(t:7.243-v:13.000)-(t:7.264-v:12.000)-(t:7.277-v:11.000)-(t:7.322-v:10.000)-(t:7.334-v:9.000)-(t:7.369-v:8.000)-(t:7.379-v:7.000)-(t:7.400-v:6.000)-(t:7.412-v:5.000)-(t:7.756-v:4.000)-(t:21.309-v:3.000)-(t:29.156-v:2.000)-(t:53.918-v:1.000)-(t:68.741-v:0.000)],68.741
examples/csp/csp_100/carseq_100_8_20_62.txt,dqn,300,0,[(t:6.464-v:121.000)-(t:6.491-v:120.000)-(t:6.508-v:118.000)-(t:6.515-v:117.000)-(t:6.520-v:112.000)-(t:6.534-v:111.000)-(t:6.547-v:110.000)-(t:6.558-v:109.000)-(t:6.566-v:108.000)-(t:6.576-v:104.000)-(t:6.587-v:101.000)-(t:6.608-v:100.000)-(t:6.614-v:98.000)-(t:6.623-v:96.000)-(t:6.633-v:92.000)-(t:6.644-v:90.000)-(t:6.655-v:89.000)-(t:6.661-v:88.000)-(t:6.669-v:87.000)-(t:6.676-v:86.000)-(t:6.686-v:84.000)-(t:6.699-v:83.000)-(t:6.709-v:82.000)-(t:6.720-v:78.000)-(t:6.725-v:77.000)-(t:6.735-v:76.000)-(t:6.746-v:74.000)-(t:6.758-v:73.000)-(t:6.771-v:72.000)-(t:6.776-v:70.000)-(t:6.781-v:69.000)-(t:6.789-v:68.000)-(t:6.795-v:66.000)-(t:6.802-v:65.000)-(t:6.808-v:64.000)-(t:6.823-v:63.000)-(t:6.834-v:62.000)-(t:6.845-v:61.000)-(t:6.853-v:60.000)-(t:6.865-v:59.000)-(t:6.895-v:58.000)-(t:6.906-v:57.000)-(t:6.916-v:56.000)-(t:6.926-v:54.000)-(t:6.937-v:53.000)-(t:6.946-v:52.000)-(t:6.959-v:51.000)-(t:6.970-v:50.000)-(t:6.979-v:48.000)-(t:6.990-v:46.000)-(t:6.999-v:45.000)-(t:7.013-v:44.000)-(t:7.017-v:43.000)-(t:7.034-v:41.000)-(t:7.046-v:40.000)-(t:7.060-v:39.000)-(t:7.073-v:38.000)-(t:7.083-v:37.000)-(t:7.093-v:36.000)-(t:7.108-v:35.000)-(t:7.117-v:34.000)-(t:7.122-v:32.000)-(t:7.135-v:31.000)-(t:7.148-v:30.000)-(t:7.163-v:29.000)-(t:7.192-v:28.000)-(t:7.203-v:27.000)-(t:7.236-v:26.000)-(t:7.248-v:25.000)-(t:7.311-v:24.000)-(t:7.326-v:23.000)-(t:7.354-v:22.000)-(t:7.366-v:21.000)-(t:7.381-v:19.000)-(t:7.398-v:18.000)-(t:7.406-v:17.000)-(t:7.417-v:16.000)-(t:7.505-v:14.000)-(t:7.517-v:12.000)-(t:7.550-v:11.000)-(t:7.630-v:10.000)-(t:7.648-v:9.000)-(t:7.658-v:8.000)-(t:7.685-v:7.000)-(t:7.715-v:6.000)-(t:8.288-v:5.000)-(t:8.319-v:4.000)-(t:14.420-v:3.000)-(t:22.358-v:2.000)-(t:28.387-v:1.000)-(t:165.603-v:0.000)],165.603
examples/csp/csp_100/carseq_100_8_20_67.txt,dqn,300,0,[(t:8.547-v:105.000)-(t:8.567-v:103.000)-(t:8.579-v:102.000)-(t:8.596-v:99.000)-(t:8.606-v:95.000)-(t:8.617-v:93.000)-(t:8.645-v:88.000)-(t:8.666-v:83.000)-(t:8.677-v:82.000)-(t:8.689-v:80.000)-(t:8.701-v:78.000)-(t:8.712-v:76.000)-(t:8.722-v:75.000)-(t:8.732-v:73.000)-(t:8.747-v:72.000)-(t:8.753-v:71.000)-(t:8.764-v:70.000)-(t:8.774-v:69.000)-(t:8.783-v:68.000)-(t:8.796-v:66.000)-(t:8.808-v:65.000)-(t:8.826-v:64.000)-(t:8.836-v:63.000)-(t:8.849-v:61.000)-(t:8.859-v:59.000)-(t:8.871-v:58.000)-(t:8.882-v:57.000)-(t:8.893-v:56.000)-(t:8.918-v:55.000)-(t:8.928-v:54.000)-(t:8.939-v:53.000)-(t:8.949-v:52.000)-(t:8.959-v:51.000)-(t:8.969-v:49.000)-(t:8.980-v:48.000)-(t:8.991-v:47.000)-(t:9.000-v:46.000)-(t:9.009-v:45.000)-(t:9.021-v:43.000)-(t:9.031-v:42.000)-(t:9.041-v:41.000)-(t:9.052-v:40.000)-(t:9.063-v:38.000)-(t:9.072-v:37.000)-(t:9.083-v:36.000)-(t:9.093-v:34.000)-(t:9.103-v:32.000)-(t:9.115-v:31.000)-(t:9.125-v:30.000)-(t:9.138-v:29.000)-(t:9.150-v:28.000)-(t:9.161-v:27.000)-(t:9.178-v:26.000)-(t:9.200-v:25.000)-(t:9.225-v:23.000)-(t:9.240-v:22.000)-(t:9.274-v:21.000)-(t:9.280-v:20.000)-(t:9.298-v:19.000)-(t:9.317-v:17.000)-(t:9.328-v:16.000)-(t:9.341-v:15.000)-(t:9.396-v:14.000)-(t:9.408-v:12.000)-(t:9.454-v:11.000)-(t:9.470-v:10.000)-(t:9.481-v:9.000)-(t:9.498-v:8.000)-(t:9.522-v:7.000)-(t:9.642-v:6.000)-(t:9.656-v:5.000)-(t:16.330-v:4.000)-(t:16.726-v:3.000)-(t:16.871-v:2.000)-(t:22.160-v:1.000)-(t:86.878-v:0.000)],86.878
examples/csp/csp_100/carseq_100_8_20_71.txt,dqn,300,0,[(t:9.093-v:114.000)-(t:9.110-v:113.000)-(t:9.137-v:111.000)-(t:9.149-v:110.000)-(t:9.160-v:109.000)-(t:9.180-v:107.000)-(t:9.194-v:103.000)-(t:9.204-v:102.000)-(t:9.215-v:99.000)-(t:9.226-v:93.000)-(t:9.236-v:92.000)-(t:9.257-v:91.000)-(t:9.269-v:90.000)-(t:9.279-v:88.000)-(t:9.295-v:87.000)-(t:9.303-v:86.000)-(t:9.314-v:84.000)-(t:9.327-v:83.000)-(t:9.339-v:82.000)-(t:9.352-v:81.000)-(t:9.363-v:80.000)-(t:9.375-v:78.000)-(t:9.386-v:75.000)-(t:9.398-v:74.000)-(t:9.406-v:73.000)-(t:9.417-v:71.000)-(t:9.436-v:70.000)-(t:9.448-v:69.000)-(t:9.458-v:68.000)-(t:9.469-v:67.000)-(t:9.480-v:65.000)-(t:9.493-v:64.000)-(t:9.504-v:62.000)-(t:9.512-v:61.000)-(t:9.524-v:60.000)-(t:9.538-v:58.000)-(t:9.550-v:57.000)-(t:9.560-v:56.000)-(t:9.580-v:54.000)-(t:9.594-v:53.000)-(t:9.604-v:52.000)-(t:9.613-v:50.000)-(t:9.625-v:49.000)-(t:9.656-v:47.000)-(t:9.666-v:46.000)-(t:9.677-v:45.000)-(t:9.688-v:44.000)-(t:9.702-v:43.000)-(t:9.714-v:42.000)-(t:9.726-v:41.000)-(t:9.739-v:40.000)-(t:9.752-v:39.000)-(t:9.781-v:38.000)-(t:9.792-v:36.000)-(t:9.802-v:35.000)-(t:9.811-v:34.000)-(t:9.825-v:33.000)-(t:9.837-v:32.000)-(t:9.889-v:31.000)-(t:9.902-v:30.000)-(t:9.913-v:29.000)-(t:9.920-v:28.000)-(t:9.950-v:27.000)-(t:9.962-v:26.000)-(t:9.974-v:25.000)-(t:9.987-v:24.000)-(t:10.009-v:23.000)-(t:10.043-v:22.000)-(t:10.064-v:21.000)-(t:10.075-v:18.000)-(t:10.110-v:17.000)-(t:10.123-v:16.000)-(t:10.146-v:15.000)-(t:10.175-v:14.000)-(t:10.193-v:13.000)-(t:10.223-v:12.000)-(t:10.285-v:11.000)-(t:10.319-v:10.000)-(t:10.928-v:9.000)-(t:10.971-v:8.000)-(t:10.989-v:7.000)-(t:17.027-v:6.000)-(t:18.518-v:5.000)-(t:32.352-v:4.000)-(t:41.803-v:3.000)-(t:45.042-v:2.000)-(t:49.242-v:1.000)-(t:60.082-v:0.000)],60.082
examples/csp/csp_100/carseq_100_8_20_73.txt,dqn,300,0,[(t:8.949-v:96.000)-(t:8.961-v:91.000)-(t:8.984-v:90.000)-(t:8.997-v:89.000)-(t:9.016-v:87.000)-(t:9.042-v:86.000)-(t:9.054-v:84.000)-(t:9.063-v:83.000)-(t:9.089-v:82.000)-(t:9.100-v:81.000)-(t:9.112-v:76.000)-(t:9.125-v:75.000)-(t:9.136-v:74.000)-(t:9.148-v:73.000)-(t:9.159-v:72.000)-(t:9.171-v:71.000)-(t:9.181-v:70.000)-(t:9.192-v:67.000)-(t:9.201-v:66.000)-(t:9.212-v:64.000)-(t:9.223-v:63.000)-(t:9.234-v:60.000)-(t:9.243-v:58.000)-(t:9.255-v:57.000)-(t:9.265-v:54.000)-(t:9.275-v:53.000)-(t:9.286-v:52.000)-(t:9.296-v:50.000)-(t:9.307-v:49.000)-(t:9.317-v:48.000)-(t:9.328-v:47.000)-(t:9.340-v:46.000)-(t:9.350-v:45.000)-(t:9.362-v:44.000)-(t:9.374-v:43.000)-(t:9.385-v:42.000)-(t:9.397-v:41.000)-(t:9.410-v:39.000)-(t:9.425-v:38.000)-(t:9.439-v:37.000)-(t:9.454-v:35.000)-(t:9.466-v:34.000)-(t:9.475-v:33.000)-(t:9.482-v:32.000)-(t:9.498-v:30.000)-(t:9.508-v:29.000)-(t:9.531-v:28.000)-(t:9.548-v:27.000)-(t:9.561-v:26.000)-(t:9.572-v:25.000)-(t:9.581-v:24.000)-(t:9.605-v:23.000)-(t:9.618-v:22.000)-(t:9.644-v:21.000)-(t:9.655-v:20.000)-(t:9.682-v:19.000)-(t:9.693-v:18.000)-(t:9.719-v:17.000)-(t:9.729-v:16.000)-(t:9.773-v:15.000)-(t:9.807-v:14.000)-(t:9.860-v:13.000)-(t:9.883-v:12.000)-(t:9.945-v:11.000)-(t:9.960-v:10.000)-(t:9.973-v:9.000)-(t:9.981-v:8.000)-(t:9.994-v:7.000)-(t:10.025-v:6.000)-(t:10.095-v:5.000)-(t:10.118-v:4.000)-(t:10.782-v:3.000)-(t:10.809-v:2.000)-(t:11.763-v:1.000)-(t:22.228-v:0.000)],22.228
examples/csp/csp_100/16-81.txt,dqn,300,3,[(t:8.769-v:126.000)-(t:8.790-v:125.000)-(t:8.816-v:123.000)-(t:8.830-v:119.000)-(t:8.857-v:118.000)-(t:8.877-v:117.000)-(t:8.891-v:116.000)-(t:8.906-v:113.000)-(t:8.922-v:112.000)-(t:8.938-v:111.000)-(t:8.954-v:108.000)-(t:8.968-v:107.000)-(t:8.982-v:104.000)-(t:8.994-v:100.000)-(t:9.021-v:99.000)-(t:9.037-v:98.000)-(t:9.047-v:97.000)-(t:9.059-v:96.000)-(t:9.074-v:95.000)-(t:9.090-v:93.000)-(t:9.100-v:91.000)-(t:9.108-v:89.000)-(t:9.124-v:88.000)-(t:9.132-v:87.000)-(t:9.149-v:85.000)-(t:9.165-v:83.000)-(t:9.179-v:81.000)-(t:9.187-v:80.000)-(t:9.202-v:79.000)-(t:9.214-v:78.000)-(t:9.228-v:76.000)-(t:9.254-v:74.000)-(t:9.262-v:72.000)-(t:9.281-v:71.000)-(t:9.295-v:70.000)-(t:9.311-v:69.000)-(t:9.320-v:68.000)-(t:9.333-v:67.000)-(t:9.346-v:66.000)-(t:9.361-v:65.000)-(t:9.372-v:63.000)-(t:9.388-v:62.000)-(t:9.403-v:60.000)-(t:9.419-v:58.000)-(t:9.429-v:57.000)-(t:9.442-v:56.000)-(t:9.460-v:55.000)-(t:9.476-v:54.000)-(t:9.484-v:52.000)-(t:9.491-v:51.000)-(t:9.498-v:50.000)-(t:9.508-v:49.000)-(t:9.517-v:47.000)-(t:9.533-v:46.000)-(t:9.549-v:45.000)-(t:9.562-v:44.000)-(t:9.572-v:43.000)-(t:9.584-v:42.000)-(t:9.598-v:41.000)-(t:9.615-v:40.000)-(t:9.627-v:39.000)-(t:9.645-v:38.000)-(t:9.661-v:37.000)-(t:9.677-v:36.000)-(t:9.696-v:35.000)-(t:9.713-v:34.000)-(t:9.730-v:33.000)-(t:9.753-v:32.000)-(t:9.779-v:31.000)-(t:9.797-v:30.000)-(t:9.812-v:29.000)-(t:9.859-v:28.000)-(t:9.872-v:27.000)-(t:9.881-v:26.000)-(t:9.903-v:25.000)-(t:9.930-v:24.000)-(t:9.959-v:23.000)-(t:9.987-v:22.000)-(t:10.011-v:21.000)-(t:10.073-v:20.000)-(t:10.097-v:19.000)-(t:10.114-v:18.000)-(t:10.128-v:17.000)-(t:10.173-v:16.000)-(t:10.193-v:15.000)-(t:10.208-v:14.000)-(t:10.229-v:13.000)-(t:10.246-v:12.000)-(t:10.268-v:11.000)-(t:10.288-v:10.000)-(t:13.304-v:9.000)-(t:26.615-v:8.000)-(t:36.438-v:7.000)-(t:57.286-v:6.000)-(t:67.784-v:5.000)-(t:84.614-v:4.000)-(t:86.246-v:3.000)],300.000
examples/csp/csp_100/21-90.txt,dqn,300,2,[(t:8.663-v:113.000)-(t:8.681-v:112.000)-(t:8.698-v:109.000)-(t:8.723-v:108.000)-(t:8.754-v:104.000)-(t:8.770-v:101.000)-(t:8.781-v:100.000)-(t:8.800-v:98.000)-(t:8.816-v:97.000)-(t:8.829-v:96.000)-(t:8.845-v:95.000)-(t:8.866-v:94.000)-(t:8.880-v:92.000)-(t:8.893-v:91.000)-(t:8.909-v:88.000)-(t:8.925-v:87.000)-(t:8.938-v:86.000)-(t:8.953-v:85.000)-(t:8.966-v:84.000)-(t:8.981-v:83.000)-(t:8.993-v:82.000)-(t:9.000-v:81.000)-(t:9.010-v:80.000)-(t:9.022-v:79.000)-(t:9.039-v:78.000)-(t:9.052-v:77.000)-(t:9.067-v:76.000)-(t:9.078-v:75.000)-(t:9.089-v:74.000)-(t:9.105-v:71.000)-(t:9.120-v:70.000)-(t:9.127-v:69.000)-(t:9.140-v:66.000)-(t:9.156-v:63.000)-(t:9.169-v:59.000)-(t:9.186-v:58.000)-(t:9.198-v:57.000)-(t:9.210-v:56.000)-(t:9.227-v:53.000)-(t:9.236-v:51.000)-(t:9.245-v:50.000)-(t:9.260-v:49.000)-(t:9.274-v:48.000)-(t:9.289-v:47.000)-(t:9.305-v:45.000)-(t:9.317-v:44.000)-(t:9.339-v:42.000)-(t:9.353-v:41.000)-(t:9.360-v:40.000)-(t:9.376-v:39.000)-(t:9.391-v:38.000)-(t:9.407-v:37.000)-(t:9.433-v:36.000)-(t:9.446-v:35.000)-(t:9.460-v:34.000)-(t:9.484-v:33.000)-(t:9.499-v:32.000)-(t:9.515-v:31.000)-(t:9.541-v:30.000)-(t:9.552-v:29.000)-(t:9.580-v:28.000)-(t:9.593-v:26.000)-(t:9.603-v:25.000)-(t:9.627-v:24.000)-(t:9.645-v:23.000)-(t:9.660-v:22.000)-(t:9.673-v:21.000)-(t:9.710-v:20.000)-(t:9.731-v:19.000)-(t:9.746-v:18.000)-(t:9.771-v:17.000)-(t:9.785-v:16.000)-(t:9.835-v:15.000)-(t:9.847-v:14.000)-(t:9.853-v:13.000)-(t:9.869-v:12.000)-(t:9.877-v:11.000)-(t:9.911-v:10.000)-(t:9.923-v:9.000)-(t:10.385-v:8.000)-(t:15.026-v:7.000)-(t:16.080-v:6.000)-(t:20.156-v:5.000)-(t:49.694-v:4.000)-(t:75.032-v:3.000)-(t:81.626-v:2.000)],49.751
examples/csp/csp_100/36-92.txt,dqn,300,4,[(t:7.083-v:130.000)-(t:7.093-v:125.000)-(t:7.107-v:124.000)-(t:7.118-v:122.000)-(t:7.125-v:121.000)-(t:7.132-v:120.000)-(t:7.140-v:118.000)-(t:7.150-v:117.000)-(t:7.158-v:116.000)-(t:7.166-v:114.000)-(t:7.177-v:108.000)-(t:7.186-v:106.000)-(t:7.195-v:105.000)-(t:7.203-v:104.000)-(t:7.212-v:103.000)-(t:7.220-v:102.000)-(t:7.227-v:100.000)-(t:7.234-v:98.000)-(t:7.243-v:97.000)-(t:7.251-v:96.000)-(t:7.260-v:94.000)-(t:7.267-v:93.000)-(t:7.275-v:88.000)-(t:7.285-v:87.000)-(t:7.294-v:86.000)-(t:7.302-v:85.000)-(t:7.310-v:78.000)-(t:7.319-v:77.000)-(t:7.326-v:76.000)-(t:7.333-v:75.000)-(t:7.341-v:74.000)-(t:7.349-v:72.000)-(t:7.358-v:70.000)-(t:7.366-v:67.000)-(t:7.374-v:66.000)-(t:7.383-v:65.000)-(t:7.390-v:64.000)-(t:7.398-v:63.000)-(t:7.406-v:62.000)-(t:7.414-v:61.000)-(t:7.423-v:60.000)-(t:7.431-v:59.000)-(t:7.441-v:58.000)-(t:7.449-v:56.000)-(t:7.456-v:54.000)-(t:7.464-v:53.000)-(t:7.471-v:52.000)-(t:7.482-v:51.000)-(t:7.492-v:50.000)-(t:7.500-v:49.000)-(t:7.513-v:48.000)-(t:7.520-v:47.000)-(t:7.528-v:46.000)-(t:7.536-v:44.000)-(t:7.544-v:43.000)-(t:7.551-v:42.000)-(t:7.560-v:41.000)-(t:7.569-v:40.000)-(t:7.581-v:39.000)-(t:7.588-v:38.000)-(t:7.604-v:37.000)-(t:7.612-v:36.000)-(t:7.622-v:35.000)-(t:7.630-v:34.000)-(t:7.660-v:33.000)-(t:7.701-v:32.000)-(t:7.710-v:30.000)-(t:7.727-v:29.000)-(t:7.767-v:28.000)-(t:7.787-v:27.000)-(t:7.798-v:26.000)-(t:7.809-v:25.000)-(t:7.868-v:24.000)-(t:7.877-v:23.000)-(t:7.886-v:22.000)-(t:7.895-v:21.000)-(t:7.905-v:20.000)-(t:7.919-v:19.000)-(t:7.998-v:18.000)-(t:8.007-v:17.000)-(t:8.017-v:16.000)-(t:8.030-v:15.000)-(t:8.041-v:13.000)-(t:8.056-v:12.000)-(t:8.086-v:11.000)-(t:8.116-v:10.000)-(t:8.128-v:9.000)-(t:8.183-v:8.000)-(t:8.210-v:7.000)-(t:8.222-v:6.000)-(t:94.002-v:5.000)-(t:103.857-v:4.000)],169.304
examples/csp/csp_100/4-72.txt,dqn,300,1,[(t:7.362-v:109.000)-(t:7.381-v:105.000)-(t:7.395-v:103.000)-(t:7.420-v:102.000)-(t:7.430-v:101.000)-(t:7.441-v:99.000)-(t:7.459-v:98.000)-(t:7.467-v:95.000)-(t:7.476-v:94.000)-(t:7.487-v:93.000)-(t:7.496-v:92.000)-(t:7.503-v:89.000)-(t:7.512-v:86.000)-(t:7.522-v:85.000)-(t:7.531-v:84.000)-(t:7.539-v:81.000)-(t:7.546-v:79.000)-(t:7.554-v:78.000)-(t:7.565-v:77.000)-(t:7.573-v:76.000)-(t:7.580-v:75.000)-(t:7.587-v:74.000)-(t:7.595-v:71.000)-(t:7.607-v:70.000)-(t:7.616-v:69.000)-(t:7.624-v:67.000)-(t:7.631-v:66.000)-(t:7.639-v:65.000)-(t:7.647-v:63.000)-(t:7.654-v:62.000)-(t:7.664-v:61.000)-(t:7.676-v:60.000)-(t:7.683-v:59.000)-(t:7.690-v:58.000)-(t:7.697-v:56.000)-(t:7.706-v:55.000)-(t:7.713-v:54.000)-(t:7.720-v:53.000)-(t:7.726-v:52.000)-(t:7.734-v:51.000)-(t:7.741-v:49.000)-(t:7.750-v:48.000)-(t:7.758-v:47.000)-(t:7.775-v:46.000)-(t:7.784-v:45.000)-(t:7.791-v:44.000)-(t:7.798-v:43.000)-(t:7.805-v:42.000)-(t:7.813-v:41.000)-(t:7.819-v:40.000)-(t:7.826-v:39.000)-(t:7.835-v:38.000)-(t:7.844-v:37.000)-(t:7.851-v:36.000)-(t:7.860-v:35.000)-(t:7.867-v:34.000)-(t:7.873-v:33.000)-(t:7.881-v:32.000)-(t:7.907-v:30.000)-(t:7.917-v:29.000)-(t:7.941-v:28.000)-(t:7.951-v:27.000)-(t:7.967-v:26.000)-(t:7.985-v:25.000)-(t:7.992-v:24.000)-(t:8.044-v:23.000)-(t:8.074-v:22.000)-(t:8.085-v:21.000)-(t:8.095-v:20.000)-(t:8.106-v:19.000)-(t:8.113-v:18.000)-(t:8.121-v:17.000)-(t:8.132-v:16.000)-(t:8.178-v:15.000)-(t:8.208-v:14.000)-(t:8.306-v:13.000)-(t:8.321-v:12.000)-(t:8.344-v:11.000)-(t:8.354-v:10.000)-(t:8.866-v:9.000)-(t:25.221-v:8.000)-(t:25.573-v:7.000)-(t:25.746-v:6.000)-(t:25.922-v:5.000)-(t:27.518-v:4.000)-(t:37.914-v:3.000)-(t:141.676-v:2.000)-(t:217.918-v:1.000)],300.000
examples/csp/csp_100/6-76.txt,dqn,300,6,[(t:7.440-v:94.000)-(t:7.475-v:90.000)-(t:7.486-v:85.000)-(t:7.495-v:84.000)-(t:7.504-v:83.000)-(t:7.520-v:81.000)-(t:7.529-v:78.000)-(t:7.538-v:73.000)-(t:7.552-v:71.000)-(t:7.561-v:70.000)-(t:7.570-v:67.000)-(t:7.591-v:66.000)-(t:7.602-v:64.000)-(t:7.631-v:63.000)-(t:7.648-v:62.000)-(t:7.661-v:61.000)-(t:7.672-v:60.000)-(t:7.681-v:59.000)-(t:7.691-v:58.000)-(t:7.701-v:57.000)-(t:7.711-v:55.000)-(t:7.728-v:54.000)-(t:7.738-v:53.000)-(t:7.749-v:52.000)-(t:7.759-v:51.000)-(t:7.771-v:50.000)-(t:7.782-v:49.000)-(t:7.792-v:48.000)-(t:7.804-v:46.000)-(t:7.813-v:44.000)-(t:7.829-v:43.000)-(t:7.840-v:42.000)-(t:7.860-v:41.000)-(t:7.870-v:40.000)-(t:7.887-v:39.000)-(t:7.905-v:38.000)-(t:7.917-v:37.000)-(t:7.927-v:36.000)-(t:7.938-v:35.000)-(t:7.949-v:34.000)-(t:7.963-v:33.000)-(t:7.972-v:31.000)-(t:7.982-v:30.000)-(t:7.996-v:29.000)-(t:8.012-v:27.000)-(t:8.022-v:26.000)-(t:8.032-v:25.000)-(t:8.045-v:24.000)-(t:8.056-v:23.000)-(t:8.071-v:22.000)-(t:8.085-v:21.000)-(t:8.095-v:20.000)-(t:8.112-v:19.000)-(t:8.123-v:18.000)-(t:8.137-v:17.000)-(t:8.157-v:16.000)-(t:8.167-v:15.000)-(t:8.182-v:14.000)-(t:8.193-v:13.000)-(t:8.223-v:12.000)-(t:8.250-v:11.000)-(t:8.286-v:10.000)-(t:8.296-v:9.000)-(t:8.401-v:8.000)-(t:8.460-v:7.000)-(t:8.484-v:6.000)],8.173
examples/csp/csp_100/carseq_100_8_20_77.txt,dqn,300,0,[(t:8.355-v:96.000)-(t:8.396-v:95.000)-(t:8.409-v:92.000)-(t:8.429-v:88.000)-(t:8.442-v:86.000)-(t:8.452-v:85.000)-(t:8.461-v:84.000)-(t:8.473-v:83.000)-(t:8.490-v:82.000)-(t:8.501-v:81.000)-(t:8.512-v:80.000)-(t:8.523-v:79.000)-(t:8.536-v:78.000)-(t:8.551-v:76.000)-(t:8.558-v:75.000)-(t:8.568-v:74.000)-(t:8.578-v:72.000)-(t:8.588-v:71.000)-(t:8.599-v:68.000)-(t:8.609-v:67.000)-(t:8.621-v:66.000)-(t:8.633-v:65.000)-(t:8.643-v:64.000)-(t:8.654-v:63.000)-(t:8.663-v:62.000)-(t:8.676-v:60.000)-(t:8.686-v:59.000)-(t:8.698-v:58.000)-(t:8.708-v:57.000)-(t:8.719-v:56.000)-(t:8.730-v:55.000)-(t:8.742-v:53.000)-(t:8.751-v:52.000)-(t:8.761-v:51.000)-(t:8.777-v:50.000)-(t:8.787-v:49.000)-(t:8.799-v:48.000)-(t:8.810-v:46.000)-(t:8.821-v:45.000)-(t:8.831-v:44.000)-(t:8.841-v:43.000)-(t:8.862-v:42.000)-(t:8.871-v:41.000)-(t:8.882-v:40.000)-(t:8.893-v:39.000)-(t:8.903-v:37.000)-(t:8.915-v:36.000)-(t:8.927-v:34.000)-(t:8.939-v:33.000)-(t:8.953-v:32.000)-(t:8.967-v:31.000)-(t:8.985-v:30.000)-(t:8.995-v:29.000)-(t:9.007-v:28.000)-(t:9.018-v:27.000)-(t:9.029-v:26.000)-(t:9.042-v:25.000)-(t:9.079-v:24.000)-(t:9.090-v:23.000)-(t:9.116-v:22.000)-(t:9.127-v:21.000)-(t:9.146-v:20.000)-(t:9.203-v:19.000)-(t:9.218-v:18.000)-(t:9.231-v:17.000)-(t:9.244-v:16.000)-(t:9.258-v:15.000)-(t:9.286-v:14.000)-(t:9.305-v:13.000)-(t:9.320-v:11.000)-(t:9.334-v:10.000)-(t:9.348-v:9.000)-(t:9.366-v:8.000)-(t:9.392-v:7.000)-(t:9.453-v:6.000)-(t:9.514-v:5.000)-(t:9.578-v:4.000)-(t:9.605-v:3.000)-(t:9.622-v:2.000)-(t:14.249-v:1.000)-(t:53.890-v:0.000)],53.890
examples/csp/csp_100/carseq_100_8_20_90.txt,dqn,300,0,[(t:5.891-v:114.000)-(t:5.912-v:113.000)-(t:5.934-v:112.000)-(t:5.941-v:111.000)-(t:5.949-v:110.000)-(t:5.963-v:109.000)-(t:5.974-v:106.000)-(t:5.982-v:104.000)-(t:6.005-v:100.000)-(t:6.017-v:99.000)-(t:6.026-v:98.000)-(t:6.036-v:97.000)-(t:6.045-v:96.000)-(t:6.055-v:95.000)-(t:6.065-v:93.000)-(t:6.076-v:92.000)-(t:6.095-v:91.000)-(t:6.113-v:90.000)-(t:6.124-v:89.000)-(t:6.134-v:84.000)-(t:6.146-v:83.000)-(t:6.156-v:80.000)-(t:6.165-v:79.000)-(t:6.174-v:77.000)-(t:6.187-v:76.000)-(t:6.198-v:75.000)-(t:6.209-v:74.000)-(t:6.218-v:73.000)-(t:6.228-v:72.000)-(t:6.245-v:71.000)-(t:6.260-v:70.000)-(t:6.273-v:69.000)-(t:6.281-v:67.000)-(t:6.292-v:66.000)-(t:6.300-v:65.000)-(t:6.309-v:60.000)-(t:6.323-v:59.000)-(t:6.333-v:58.000)-(t:6.342-v:57.000)-(t:6.352-v:56.000)-(t:6.362-v:55.000)-(t:6.372-v:54.000)-(t:6.382-v:53.000)-(t:6.390-v:52.000)-(t:6.405-v:50.000)-(t:6.415-v:49.000)-(t:6.424-v:47.000)-(t:6.437-v:44.000)-(t:6.447-v:43.000)-(t:6.458-v:41.000)-(t:6.463-v:40.000)-(t:6.469-v:39.000)-(t:6.476-v:38.000)-(t:6.483-v:37.000)-(t:6.504-v:36.000)-(t:6.516-v:35.000)-(t:6.525-v:34.000)-(t:6.532-v:33.000)-(t:6.539-v:32.000)-(t:6.545-v:31.000)-(t:6.552-v:30.000)-(t:6.559-v:29.000)-(t:6.566-v:28.000)-(t:6.598-v:27.000)-(t:6.626-v:26.000)-(t:6.637-v:25.000)-(t:6.664-v:24.000)-(t:6.682-v:23.000)-(t:6.691-v:21.000)-(t:6.700-v:20.000)-(t:6.720-v:19.000)-(t:6.728-v:18.000)-(t:6.737-v:17.000)-(t:6.750-v:16.000)-(t:6.760-v:15.000)-(t:6.767-v:14.000)-(t:6.803-v:13.000)-(t:6.816-v:12.000)-(t:6.823-v:11.000)-(t:6.837-v:10.000)-(t:6.860-v:9.000)-(t:6.868-v:8.000)-(t:6.877-v:7.000)-(t:6.968-v:6.000)-(t:6.977-v:5.000)-(t:6.988-v:4.000)-(t:7.009-v:3.000)-(t:7.056-v:2.000)-(t:9.110-v:1.000)-(t:21.273-v:0.000)],21.273
examples/csp/csp_100/carseq_100_8_20_94.txt,dqn,300,0,[(t:6.555-v:112.000)-(t:6.588-v:110.000)-(t:6.594-v:109.000)-(t:6.602-v:106.000)-(t:6.619-v:101.000)-(t:6.627-v:99.000)-(t:6.635-v:95.000)-(t:6.642-v:92.000)-(t:6.651-v:91.000)-(t:6.659-v:90.000)-(t:6.667-v:89.000)-(t:6.680-v:87.000)-(t:6.694-v:86.000)-(t:6.715-v:84.000)-(t:6.723-v:83.000)-(t:6.731-v:82.000)-(t:6.739-v:79.000)-(t:6.748-v:77.000)-(t:6.756-v:76.000)-(t:6.764-v:75.000)-(t:6.794-v:74.000)-(t:6.805-v:72.000)-(t:6.817-v:70.000)-(t:6.826-v:69.000)-(t:6.837-v:68.000)-(t:6.845-v:64.000)-(t:6.853-v:63.000)-(t:6.862-v:61.000)-(t:6.874-v:60.000)-(t:6.882-v:59.000)-(t:6.890-v:56.000)-(t:6.901-v:55.000)-(t:6.912-v:53.000)-(t:6.919-v:50.000)-(t:6.930-v:48.000)-(t:6.939-v:47.000)-(t:6.948-v:46.000)-(t:6.958-v:45.000)-(t:6.966-v:43.000)-(t:6.973-v:42.000)-(t:6.981-v:41.000)-(t:7.001-v:40.000)-(t:7.031-v:39.000)-(t:7.039-v:38.000)-(t:7.048-v:37.000)-(t:7.057-v:36.000)-(t:7.065-v:35.000)-(t:7.073-v:33.000)-(t:7.080-v:32.000)-(t:7.092-v:31.000)-(t:7.099-v:30.000)-(t:7.106-v:29.000)-(t:7.113-v:27.000)-(t:7.129-v:26.000)-(t:7.151-v:25.000)-(t:7.160-v:24.000)-(t:7.171-v:23.000)-(t:7.179-v:22.000)-(t:7.186-v:21.000)-(t:7.222-v:20.000)-(t:7.229-v:19.000)-(t:7.238-v:18.000)-(t:7.248-v:17.000)-(t:7.271-v:16.000)-(t:7.291-v:15.000)-(t:7.319-v:14.000)-(t:7.329-v:13.000)-(t:7.337-v:12.000)-(t:7.349-v:11.000)-(t:7.408-v:10.000)-(t:7.429-v:9.000)-(t:7.466-v:7.000)-(t:7.473-v:6.000)-(t:7.484-v:5.000)-(t:7.492-v:4.000)-(t:7.501-v:3.000)-(t:7.515-v:2.000)-(t:7.739-v:1.000)-(t:8.159-v:0.000)],8.159
examples/csp/csp_100/carseq_100_8_20_72.txt,dqn,300,1,[(t:8.203-v:125.000)-(t:8.224-v:124.000)-(t:8.235-v:122.000)-(t:8.245-v:121.000)-(t:8.258-v:120.000)-(t:8.269-v:118.000)-(t:8.286-v:116.000)-(t:8.297-v:114.000)-(t:8.309-v:112.000)-(t:8.324-v:111.000)-(t:8.333-v:109.000)-(t:8.343-v:108.000)-(t:8.352-v:105.000)-(t:8.364-v:104.000)-(t:8.375-v:103.000)-(t:8.386-v:101.000)-(t:8.397-v:96.000)-(t:8.406-v:95.000)-(t:8.418-v:93.000)-(t:8.428-v:92.000)-(t:8.438-v:90.000)-(t:8.448-v:89.000)-(t:8.454-v:88.000)-(t:8.465-v:86.000)-(t:8.476-v:83.000)-(t:8.489-v:81.000)-(t:8.499-v:78.000)-(t:8.509-v:77.000)-(t:8.519-v:76.000)-(t:8.529-v:75.000)-(t:8.541-v:73.000)-(t:8.549-v:71.000)-(t:8.555-v:70.000)-(t:8.567-v:69.000)-(t:8.577-v:67.000)-(t:8.585-v:66.000)-(t:8.596-v:64.000)-(t:8.608-v:63.000)-(t:8.630-v:62.000)-(t:8.641-v:61.000)-(t:8.653-v:59.000)-(t:8.665-v:57.000)-(t:8.677-v:56.000)-(t:8.688-v:55.000)-(t:8.701-v:54.000)-(t:8.713-v:52.000)-(t:8.726-v:51.000)-(t:8.742-v:50.000)-(t:8.753-v:49.000)-(t:8.764-v:47.000)-(t:8.775-v:46.000)-(t:8.786-v:44.000)-(t:8.793-v:43.000)-(t:8.805-v:42.000)-(t:8.815-v:41.000)-(t:8.828-v:40.000)-(t:8.839-v:39.000)-(t:8.850-v:38.000)-(t:8.861-v:37.000)-(t:8.870-v:36.000)-(t:8.876-v:35.000)-(t:8.905-v:34.000)-(t:8.911-v:33.000)-(t:8.923-v:31.000)-(t:8.948-v:29.000)-(t:8.980-v:28.000)-(t:8.993-v:26.000)-(t:9.008-v:25.000)-(t:9.055-v:24.000)-(t:9.069-v:22.000)-(t:9.099-v:21.000)-(t:9.107-v:20.000)-(t:9.135-v:19.000)-(t:9.147-v:18.000)-(t:9.183-v:17.000)-(t:9.194-v:16.000)-(t:9.235-v:15.000)-(t:9.255-v:14.000)-(t:9.285-v:13.000)-(t:9.337-v:11.000)-(t:9.397-v:10.000)-(t:9.425-v:9.000)-(t:9.452-v:8.000)-(t:9.475-v:7.000)-(t:9.503-v:6.000)-(t:9.512-v:5.000)-(t:10.160-v:4.000)-(t:10.609-v:3.000)-(t:11.799-v:2.000)-(t:12.367-v:1.000)],300.000
examples/csp/csp_100/carseq_100_8_20_81.txt,dqn,300,1,[(t:5.820-v:103.000)-(t:5.853-v:99.000)-(t:5.863-v:98.000)-(t:5.878-v:97.000)-(t:5.886-v:95.000)-(t:5.895-v:91.000)-(t:5.902-v:90.000)-(t:5.909-v:89.000)-(t:5.917-v:88.000)-(t:5.924-v:87.000)-(t:5.947-v:86.000)-(t:5.953-v:83.000)-(t:5.959-v:81.000)-(t:5.966-v:79.000)-(t:5.973-v:78.000)-(t:5.980-v:76.000)-(t:5.988-v:75.000)-(t:5.995-v:74.000)-(t:6.007-v:72.000)-(t:6.015-v:71.000)-(t:6.022-v:69.000)-(t:6.031-v:66.000)-(t:6.039-v:65.000)-(t:6.047-v:64.000)-(t:6.054-v:63.000)-(t:6.060-v:62.000)-(t:6.067-v:61.000)-(t:6.074-v:60.000)-(t:6.082-v:59.000)-(t:6.089-v:58.000)-(t:6.095-v:57.000)-(t:6.101-v:56.000)-(t:6.106-v:55.000)-(t:6.111-v:54.000)-(t:6.117-v:53.000)-(t:6.122-v:52.000)-(t:6.129-v:51.000)-(t:6.134-v:49.000)-(t:6.139-v:48.000)-(t:6.146-v:47.000)-(t:6.151-v:46.000)-(t:6.157-v:45.000)-(t:6.162-v:44.000)-(t:6.167-v:43.000)-(t:6.175-v:42.000)-(t:6.182-v:41.000)-(t:6.187-v:40.000)-(t:6.192-v:39.000)-(t:6.200-v:37.000)-(t:6.205-v:35.000)-(t:6.211-v:34.000)-(t:6.223-v:33.000)-(t:6.229-v:31.000)-(t:6.234-v:30.000)-(t:6.247-v:29.000)-(t:6.253-v:28.000)-(t:6.277-v:27.000)-(t:6.282-v:26.000)-(t:6.290-v:25.000)-(t:6.302-v:24.000)-(t:6.309-v:23.000)-(t:6.326-v:22.000)-(t:6.333-v:21.000)-(t:6.341-v:20.000)-(t:6.351-v:19.000)-(t:6.364-v:18.000)-(t:6.370-v:17.000)-(t:6.408-v:16.000)-(t:6.422-v:15.000)-(t:6.446-v:14.000)-(t:6.499-v:13.000)-(t:6.543-v:12.000)-(t:6.552-v:11.000)-(t:6.557-v:10.000)-(t:6.562-v:9.000)-(t:6.568-v:8.000)-(t:6.589-v:7.000)-(t:6.636-v:6.000)-(t:6.713-v:5.000)-(t:7.724-v:4.000)-(t:7.810-v:3.000)-(t:9.803-v:2.000)-(t:35.160-v:1.000)],300.000
examples/csp/csp_100/carseq_100_8_20_82.txt,dqn,300,1,[(t:5.955-v:137.000)-(t:5.966-v:136.000)-(t:5.985-v:133.000)-(t:5.993-v:130.000)-(t:6.000-v:129.000)-(t:6.008-v:122.000)-(t:6.016-v:121.000)-(t:6.029-v:118.000)-(t:6.038-v:117.000)-(t:6.046-v:113.000)-(t:6.057-v:112.000)-(t:6.064-v:110.000)-(t:6.072-v:109.000)-(t:6.080-v:107.000)-(t:6.095-v:106.000)-(t:6.104-v:105.000)-(t:6.113-v:104.000)-(t:6.121-v:103.000)-(t:6.129-v:102.000)-(t:6.137-v:101.000)-(t:6.144-v:99.000)-(t:6.154-v:98.000)-(t:6.162-v:97.000)-(t:6.169-v:96.000)-(t:6.177-v:95.000)-(t:6.184-v:90.000)-(t:6.192-v:89.000)-(t:6.200-v:88.000)-(t:6.207-v:86.000)-(t:6.216-v:84.000)-(t:6.223-v:83.000)-(t:6.230-v:82.000)-(t:6.236-v:81.000)-(t:6.244-v:80.000)-(t:6.253-v:79.000)-(t:6.259-v:78.000)-(t:6.266-v:77.000)-(t:6.272-v:75.000)-(t:6.278-v:74.000)-(t:6.285-v:72.000)-(t:6.291-v:71.000)-(t:6.299-v:70.000)-(t:6.307-v:69.000)-(t:6.314-v:68.000)-(t:6.320-v:67.000)-(t:6.325-v:66.000)-(t:6.331-v:65.000)-(t:6.339-v:64.000)-(t:6.344-v:61.000)-(t:6.351-v:60.000)-(t:6.358-v:59.000)-(t:6.365-v:58.000)-(t:6.380-v:57.000)-(t:6.388-v:56.000)-(t:6.395-v:51.000)-(t:6.402-v:50.000)-(t:6.409-v:48.000)-(t:6.417-v:47.000)-(t:6.424-v:46.000)-(t:6.430-v:45.000)-(t:6.462-v:44.000)-(t:6.471-v:43.000)-(t:6.486-v:42.000)-(t:6.495-v:41.000)-(t:6.503-v:40.000)-(t:6.534-v:39.000)-(t:6.540-v:37.000)-(t:6.557-v:36.000)-(t:6.564-v:35.000)-(t:6.583-v:34.000)-(t:6.591-v:33.000)-(t:6.609-v:32.000)-(t:6.619-v:31.000)-(t:6.626-v:30.000)-(t:6.632-v:29.000)-(t:6.641-v:28.000)-(t:6.651-v:27.000)-(t:6.663-v:26.000)-(t:6.669-v:25.000)-(t:6.688-v:24.000)-(t:6.695-v:23.000)-(t:6.713-v:22.000)-(t:6.718-v:20.000)-(t:6.777-v:18.000)-(t:6.782-v:17.000)-(t:6.839-v:16.000)-(t:6.852-v:15.000)-(t:6.860-v:14.000)-(t:6.873-v:13.000)-(t:6.882-v:12.000)-(t:6.898-v:11.000)-(t:6.922-v:10.000)-(t:7.252-v:8.000)-(t:7.291-v:7.000)-(t:7.319-v:6.000)-(t:11.645-v:5.000)-(t:19.438-v:4.000)-(t:60.864-v:3.000)-(t:79.507-v:2.000)-(t:244.029-v:1.000)],300.000
examples/csp/csp_100/carseq_100_8_20_85.txt,dqn,300,2,[(t:5.641-v:102.000)-(t:5.665-v:101.000)-(t:5.674-v:100.000)-(t:5.681-v:99.000)-(t:5.689-v:98.000)-(t:5.704-v:96.000)-(t:5.718-v:95.000)-(t:5.726-v:94.000)-(t:5.735-v:92.000)-(t:5.752-v:91.000)-(t:5.761-v:89.000)-(t:5.768-v:87.000)-(t:5.776-v:86.000)-(t:5.783-v:85.000)-(t:5.789-v:84.000)-(t:5.796-v:82.000)-(t:5.803-v:81.000)-(t:5.811-v:80.000)-(t:5.817-v:79.000)-(t:5.824-v:74.000)-(t:5.831-v:73.000)-(t:5.841-v:72.000)-(t:5.846-v:71.000)-(t:5.854-v:70.000)-(t:5.862-v:68.000)-(t:5.868-v:67.000)-(t:5.877-v:66.000)-(t:5.887-v:64.000)-(t:5.896-v:63.000)-(t:5.919-v:61.000)-(t:5.936-v:60.000)-(t:5.942-v:59.000)-(t:5.954-v:58.000)-(t:5.968-v:57.000)-(t:5.981-v:55.000)-(t:5.991-v:54.000)-(t:5.997-v:52.000)-(t:6.002-v:51.000)-(t:6.008-v:50.000)-(t:6.014-v:49.000)-(t:6.020-v:48.000)-(t:6.025-v:47.000)-(t:6.031-v:44.000)-(t:6.037-v:42.000)-(t:6.042-v:41.000)-(t:6.048-v:40.000)-(t:6.053-v:39.000)-(t:6.059-v:38.000)-(t:6.065-v:37.000)-(t:6.071-v:36.000)-(t:6.076-v:35.000)-(t:6.091-v:34.000)-(t:6.096-v:32.000)-(t:6.105-v:31.000)-(t:6.113-v:30.000)-(t:6.119-v:29.000)-(t:6.141-v:28.000)-(t:6.148-v:27.000)-(t:6.155-v:26.000)-(t:6.185-v:25.000)-(t:6.214-v:24.000)-(t:6.240-v:23.000)-(t:6.267-v:22.000)-(t:6.275-v:21.000)-(t:6.299-v:20.000)-(t:6.342-v:19.000)-(t:6.357-v:18.000)-(t:6.383-v:17.000)-(t:6.391-v:16.000)-(t:6.419-v:15.000)-(t:6.426-v:14.000)-(t:6.436-v:13.000)-(t:6.486-v:12.000)-(t:6.494-v:11.000)-(t:6.549-v:10.000)-(t:6.571-v:9.000)-(t:6.580-v:8.000)-(t:6.599-v:7.000)-(t:6.618-v:6.000)-(t:6.974-v:5.000)-(t:11.840-v:4.000)-(t:37.704-v:3.000)-(t:85.402-v:2.000)],300.000
examples/csp/csp_100/carseq_100_8_20_86.txt,dqn,300,2,[(t:5.402-v:137.000)-(t:5.426-v:131.000)-(t:5.434-v:130.000)-(t:5.447-v:129.000)-(t:5.457-v:124.000)-(t:5.463-v:120.000)-(t:5.469-v:118.000)-(t:5.475-v:117.000)-(t:5.483-v:116.000)-(t:5.492-v:115.000)-(t:5.498-v:112.000)-(t:5.507-v:110.000)-(t:5.513-v:109.000)-(t:5.518-v:108.000)-(t:5.525-v:107.000)-(t:5.531-v:106.000)-(t:5.538-v:105.000)-(t:5.547-v:104.000)-(t:5.554-v:100.000)-(t:5.561-v:98.000)-(t:5.567-v:97.000)-(t:5.573-v:96.000)-(t:5.580-v:89.000)-(t:5.586-v:88.000)-(t:5.593-v:87.000)-(t:5.598-v:86.000)-(t:5.607-v:85.000)-(t:5.613-v:83.000)-(t:5.619-v:82.000)-(t:5.624-v:80.000)-(t:5.630-v:79.000)-(t:5.636-v:78.000)-(t:5.648-v:76.000)-(t:5.654-v:75.000)-(t:5.660-v:71.000)-(t:5.666-v:70.000)-(t:5.672-v:69.000)-(t:5.678-v:68.000)-(t:5.685-v:67.000)-(t:5.691-v:66.000)-(t:5.699-v:65.000)-(t:5.709-v:64.000)-(t:5.715-v:62.000)-(t:5.721-v:61.000)-(t:5.727-v:60.000)-(t:5.734-v:58.000)-(t:5.740-v:57.000)-(t:5.749-v:56.000)-(t:5.755-v:55.000)-(t:5.765-v:54.000)-(t:5.771-v:53.000)-(t:5.779-v:52.000)-(t:5.785-v:51.000)-(t:5.791-v:50.000)-(t:5.804-v:49.000)-(t:5.814-v:48.000)-(t:5.827-v:47.000)-(t:5.835-v:46.000)-(t:5.846-v:45.000)-(t:5.853-v:44.000)-(t:5.861-v:43.000)-(t:5.868-v:42.000)-(t:5.876-v:40.000)-(t:5.888-v:38.000)-(t:5.900-v:37.000)-(t:5.908-v:35.000)-(t:5.915-v:34.000)-(t:5.929-v:33.000)-(t:5.936-v:32.000)-(t:5.956-v:31.000)-(t:5.983-v:30.000)-(t:5.992-v:29.000)-(t:6.002-v:28.000)-(t:6.009-v:26.000)-(t:6.019-v:25.000)-(t:6.038-v:24.000)-(t:6.053-v:23.000)-(t:6.104-v:22.000)-(t:6.118-v:21.000)-(t:6.213-v:20.000)-(t:6.221-v:19.000)-(t:6.237-v:18.000)-(t:6.248-v:17.000)-(t:6.257-v:16.000)-(t:6.266-v:15.000)-(t:6.275-v:14.000)-(t:6.295-v:13.000)-(t:6.359-v:12.000)-(t:6.367-v:11.000)-(t:6.375-v:10.000)-(t:8.239-v:9.000)-(t:8.332-v:8.000)-(t:8.416-v:7.000)-(t:8.502-v:6.000)-(t:8.586-v:5.000)-(t:14.140-v:4.000)-(t:89.862-v:3.000)-(t:245.567-v:2.000)],300.000
examples/csp/csp_200/pb_200_06.txt,dqn,300,,,
examples/csp/csp_100/carseq_100_8_20_88.txt,dqn,300,1,[(t:6.767-v:149.000)-(t:6.782-v:146.000)-(t:6.794-v:143.000)-(t:6.812-v:142.000)-(t:6.819-v:140.000)-(t:6.833-v:139.000)-(t:6.841-v:135.000)-(t:6.852-v:134.000)-(t:6.867-v:131.000)-(t:6.892-v:130.000)-(t:6.905-v:129.000)-(t:6.922-v:123.000)-(t:6.933-v:122.000)-(t:6.945-v:121.000)-(t:6.956-v:119.000)-(t:6.972-v:118.000)-(t:6.982-v:115.000)-(t:6.994-v:112.000)-(t:7.004-v:111.000)-(t:7.015-v:110.000)-(t:7.025-v:109.000)-(t:7.035-v:108.000)-(t:7.050-v:106.000)-(t:7.060-v:105.000)-(t:7.072-v:104.000)-(t:7.083-v:103.000)-(t:7.089-v:101.000)-(t:7.099-v:100.000)-(t:7.110-v:97.000)-(t:7.124-v:95.000)-(t:7.136-v:94.000)-(t:7.144-v:93.000)-(t:7.156-v:92.000)-(t:7.167-v:91.000)-(t:7.178-v:89.000)-(t:7.189-v:88.000)-(t:7.199-v:85.000)-(t:7.218-v:84.000)-(t:7.231-v:83.000)-(t:7.239-v:82.000)-(t:7.252-v:79.000)-(t:7.260-v:78.000)-(t:7.270-v:76.000)-(t:7.281-v:75.000)-(t:7.290-v:74.000)-(t:7.297-v:72.000)-(t:7.306-v:71.000)-(t:7.332-v:70.000)-(t:7.343-v:69.000)-(t:7.353-v:68.000)-(t:7.370-v:67.000)-(t:7.379-v:66.000)-(t:7.390-v:65.000)-(t:7.399-v:64.000)-(t:7.405-v:61.000)-(t:7.415-v:60.000)-(t:7.426-v:59.000)-(t:7.443-v:58.000)-(t:7.454-v:57.000)-(t:7.460-v:56.000)-(t:7.483-v:55.000)-(t:7.500-v:54.000)-(t:7.511-v:53.000)-(t:7.517-v:52.000)-(t:7.523-v:51.000)-(t:7.529-v:50.000)-(t:7.541-v:48.000)-(t:7.550-v:46.000)-(t:7.562-v:45.000)-(t:7.574-v:44.000)-(t:7.593-v:43.000)-(t:7.601-v:42.000)-(t:7.614-v:41.000)-(t:7.623-v:40.000)-(t:7.634-v:39.000)-(t:7.650-v:38.000)-(t:7.693-v:37.000)-(t:7.718-v:36.000)-(t:7.730-v:34.000)-(t:7.776-v:33.000)-(t:7.788-v:32.000)-(t:7.799-v:31.000)-(t:7.812-v:28.000)-(t:7.818-v:26.000)-(t:7.870-v:25.000)-(t:7.927-v:24.000)-(t:7.968-v:23.000)-(t:7.980-v:22.000)-(t:8.001-v:21.000)-(t:8.056-v:20.000)-(t:8.073-v:19.000)-(t:8.085-v:18.000)-(t:8.098-v:17.000)-(t:8.109-v:16.000)-(t:8.146-v:15.000)-(t:8.168-v:14.000)-(t:8.222-v:13.000)-(t:8.274-v:12.000)-(t:8.302-v:11.000)-(t:8.310-v:10.000)-(t:8.335-v:9.000)-(t:8.369-v:8.000)-(t:15.658-v:7.000)-(t:15.827-v:6.000)-(t:22.482-v:5.000)-(t:22.614-v:4.000)-(t:30.877-v:3.000)-(t:43.944-v:2.000)-(t:264.080-v:1.000)],300.000
examples/csp/csp_200/pb_200_07.txt,dqn,300,,,
examples/csp/csp_200/pb_200_08.txt,dqn,300,,,
examples/csp/csp_200/pb_200_09.txt,dqn,300,,,
examples/csp/csp_200/pb_200_10.txt,dqn,300,,,
examples/csp/csp_300/carseq_300_8_20_38.txt,dqn,300,,,
examples/csp/csp_300/carseq_300_8_20_40.txt,dqn,300,,,
examples/csp/csp_300/carseq_300_8_20_45.txt,dqn,300,,,
examples/csp/csp_300/carseq_300_8_20_47.txt,dqn,300,,,
examples/csp/csp_300/carseq_300_8_20_53.txt,dqn,300,,,
examples/csp/csp_300/carseq_300_8_20_56.txt,dqn,300,,,
examples/csp/csp_300/carseq_300_8_20_62.txt,dqn,300,,,
examples/csp/csp_300/carseq_300_8_20_76.txt,dqn,300,,,
examples/csp/csp_100/carseq_100_8_20_98.txt,dqn,300,1,[(t:8.729-v:120.000)-(t:8.776-v:117.000)-(t:8.799-v:113.000)-(t:8.806-v:111.000)-(t:8.815-v:109.000)-(t:8.829-v:108.000)-(t:8.842-v:107.000)-(t:8.858-v:105.000)-(t:8.871-v:104.000)-(t:8.881-v:102.000)-(t:8.894-v:100.000)-(t:8.905-v:99.000)-(t:8.918-v:98.000)-(t:8.931-v:97.000)-(t:8.943-v:96.000)-(t:8.955-v:95.000)-(t:8.965-v:93.000)-(t:8.975-v:92.000)-(t:8.985-v:90.000)-(t:8.995-v:89.000)-(t:9.007-v:88.000)-(t:9.019-v:87.000)-(t:9.028-v:86.000)-(t:9.042-v:85.000)-(t:9.054-v:84.000)-(t:9.065-v:83.000)-(t:9.074-v:82.000)-(t:9.088-v:80.000)-(t:9.097-v:79.000)-(t:9.109-v:78.000)-(t:9.120-v:77.000)-(t:9.126-v:76.000)-(t:9.133-v:75.000)-(t:9.140-v:74.000)-(t:9.147-v:72.000)-(t:9.159-v:69.000)-(t:9.177-v:68.000)-(t:9.187-v:66.000)-(t:9.196-v:65.000)-(t:9.207-v:64.000)-(t:9.219-v:61.000)-(t:9.243-v:59.000)-(t:9.252-v:58.000)-(t:9.265-v:57.000)-(t:9.275-v:56.000)-(t:9.287-v:54.000)-(t:9.299-v:53.000)-(t:9.311-v:51.000)-(t:9.324-v:50.000)-(t:9.334-v:49.000)-(t:9.347-v:48.000)-(t:9.364-v:47.000)-(t:9.376-v:46.000)-(t:9.390-v:45.000)-(t:9.400-v:44.000)-(t:9.410-v:43.000)-(t:9.421-v:40.000)-(t:9.433-v:39.000)-(t:9.443-v:38.000)-(t:9.450-v:37.000)-(t:9.476-v:36.000)-(t:9.486-v:35.000)-(t:9.502-v:34.000)-(t:9.513-v:31.000)-(t:9.523-v:30.000)-(t:9.545-v:29.000)-(t:9.557-v:28.000)-(t:9.572-v:27.000)-(t:9.621-v:26.000)-(t:9.643-v:25.000)-(t:9.653-v:24.000)-(t:9.673-v:23.000)-(t:9.694-v:22.000)-(t:9.752-v:21.000)-(t:9.769-v:20.000)-(t:9.852-v:19.000)-(t:9.913-v:18.000)-(t:9.928-v:17.000)-(t:9.944-v:16.000)-(t:9.961-v:15.000)-(t:9.977-v:14.000)-(t:9.995-v:13.000)-(t:10.014-v:12.000)-(t:10.025-v:11.000)-(t:10.071-v:10.000)-(t:10.432-v:9.000)-(t:21.312-v:8.000)-(t:21.637-v:7.000)-(t:21.803-v:5.000)-(t:43.787-v:4.000)-(t:77.311-v:3.000)-(t:154.381-v:2.000)-(t:267.972-v:1.000)],300.000
examples/csp/csp_300/carseq_300_8_20_78.txt,dqn,300,,,
examples/csp/csp_300/carseq_300_8_20_80.txt,dqn,300,,,
examples/csp/csp_300/carseq_300_8_20_81.txt,dqn,300,,,
examples/csp/csp_300/pb_300_06.txt,dqn,300,,,
examples/csp/csp_300/pb_300_07.txt,dqn,300,,,
examples/csp/csp_300/pb_300_08.txt,dqn,300,,,
examples/csp/csp_300/pb_300_09.txt,dqn,300,,,
examples/csp/csp_300/pb_300_10.txt,dqn,300,,,
examples/csp/csp_100/carseq_100_8_20_62.txt,dqn,300,0,[(t:5.538-v:133.000)-(t:5.556-v:131.000)-(t:5.572-v:127.000)-(t:5.582-v:125.000)-(t:5.589-v:121.000)-(t:5.597-v:120.000)-(t:5.604-v:119.000)-(t:5.615-v:116.000)-(t:5.623-v:115.000)-(t:5.631-v:114.000)-(t:5.639-v:109.000)-(t:5.651-v:108.000)-(t:5.658-v:105.000)-(t:5.666-v:104.000)-(t:5.673-v:102.000)-(t:5.681-v:97.000)-(t:5.707-v:96.000)-(t:5.717-v:95.000)-(t:5.724-v:92.000)-(t:5.743-v:91.000)-(t:5.750-v:90.000)-(t:5.762-v:89.000)-(t:5.769-v:88.000)-(t:5.778-v:87.000)-(t:5.785-v:86.000)-(t:5.792-v:85.000)-(t:5.801-v:84.000)-(t:5.808-v:82.000)-(t:5.819-v:81.000)-(t:5.825-v:80.000)-(t:5.833-v:79.000)-(t:5.840-v:78.000)-(t:5.849-v:77.000)-(t:5.856-v:76.000)-(t:5.868-v:75.000)-(t:5.875-v:74.000)-(t:5.882-v:70.000)-(t:5.889-v:69.000)-(t:5.900-v:67.000)-(t:5.906-v:65.000)-(t:5.914-v:64.000)-(t:5.921-v:63.000)-(t:5.928-v:60.000)-(t:5.934-v:59.000)-(t:5.943-v:56.000)-(t:5.949-v:55.000)-(t:5.956-v:54.000)-(t:5.964-v:53.000)-(t:5.986-v:51.000)-(t:5.993-v:50.000)-(t:6.001-v:48.000)-(t:6.008-v:47.000)-(t:6.015-v:46.000)-(t:6.026-v:45.000)-(t:6.038-v:43.000)-(t:6.046-v:42.000)-(t:6.062-v:41.000)-(t:6.070-v:40.000)-(t:6.077-v:39.000)-(t:6.085-v:38.000)-(t:6.092-v:37.000)-(t:6.099-v:36.000)-(t:6.133-v:35.000)-(t:6.158-v:33.000)-(t:6.167-v:32.000)-(t:6.175-v:30.000)-(t:6.189-v:29.000)-(t:6.200-v:28.000)-(t:6.222-v:26.000)-(t:6.238-v:25.000)-(t:6.265-v:24.000)-(t:6.369-v:23.000)-(t:6.378-v:21.000)-(t:6.416-v:20.000)-(t:6.425-v:19.000)-(t:6.450-v:18.000)-(t:6.500-v:17.000)-(t:6.510-v:16.000)-(t:6.521-v:15.000)-(t:6.530-v:14.000)-(t:6.540-v:13.000)-(t:6.549-v:12.000)-(t:6.561-v:11.000)-(t:6.586-v:10.000)-(t:6.621-v:9.000)-(t:6.976-v:8.000)-(t:7.028-v:7.000)-(t:7.409-v:6.000)-(t:8.479-v:5.000)-(t:8.757-v:4.000)-(t:15.546-v:3.000)-(t:15.710-v:2.000)-(t:17.576-v:1.000)-(t:30.353-v:0.000)],30.353
examples/csp/csp_100/carseq_100_8_20_99.txt,dqn,300,1,[(t:8.384-v:148.000)-(t:8.403-v:146.000)-(t:8.421-v:142.000)-(t:8.429-v:141.000)-(t:8.440-v:138.000)-(t:8.456-v:136.000)-(t:8.469-v:134.000)-(t:8.476-v:133.000)-(t:8.486-v:130.000)-(t:8.497-v:128.000)-(t:8.509-v:127.000)-(t:8.518-v:126.000)-(t:8.546-v:122.000)-(t:8.558-v:115.000)-(t:8.564-v:114.000)-(t:8.571-v:111.000)-(t:8.581-v:110.000)-(t:8.592-v:107.000)-(t:8.602-v:105.000)-(t:8.611-v:103.000)-(t:8.628-v:102.000)-(t:8.636-v:101.000)-(t:8.646-v:96.000)-(t:8.656-v:95.000)-(t:8.666-v:94.000)-(t:8.675-v:93.000)-(t:8.687-v:92.000)-(t:8.700-v:91.000)-(t:8.711-v:89.000)-(t:8.719-v:88.000)-(t:8.731-v:86.000)-(t:8.741-v:85.000)-(t:8.752-v:84.000)-(t:8.763-v:82.000)-(t:8.768-v:81.000)-(t:8.778-v:80.000)-(t:8.788-v:78.000)-(t:8.798-v:76.000)-(t:8.811-v:74.000)-(t:8.818-v:73.000)-(t:8.827-v:72.000)-(t:8.837-v:71.000)-(t:8.847-v:70.000)-(t:8.857-v:67.000)-(t:8.866-v:66.000)-(t:8.879-v:65.000)-(t:8.889-v:64.000)-(t:8.898-v:62.000)-(t:8.908-v:61.000)-(t:8.918-v:59.000)-(t:8.931-v:58.000)-(t:8.938-v:57.000)-(t:8.948-v:56.000)-(t:8.962-v:55.000)-(t:8.967-v:53.000)-(t:8.972-v:52.000)-(t:8.977-v:51.000)-(t:8.983-v:50.000)-(t:8.994-v:49.000)-(t:9.005-v:48.000)-(t:9.015-v:46.000)-(t:9.026-v:45.000)-(t:9.033-v:43.000)-(t:9.046-v:42.000)-(t:9.061-v:40.000)-(t:9.071-v:38.000)-(t:9.080-v:37.000)-(t:9.096-v:35.000)-(t:9.132-v:34.000)-(t:9.151-v:33.000)-(t:9.164-v:32.000)-(t:9.176-v:31.000)-(t:9.182-v:30.000)-(t:9.188-v:28.000)-(t:9.198-v:27.000)-(t:9.207-v:26.000)-(t:9.220-v:25.000)-(t:9.234-v:23.000)-(t:9.306-v:22.000)-(t:9.322-v:21.000)-(t:9.348-v:20.000)-(t:9.398-v:19.000)-(t:9.413-v:18.000)-(t:9.492-v:17.000)-(t:9.502-v:16.000)-(t:9.560-v:15.000)-(t:9.573-v:14.000)-(t:9.590-v:13.000)-(t:9.611-v:12.000)-(t:9.647-v:11.000)-(t:9.682-v:10.000)-(t:9.699-v:9.000)-(t:9.726-v:8.000)-(t:9.745-v:7.000)-(t:15.048-v:6.000)-(t:20.818-v:5.000)-(t:20.997-v:4.000)-(t:21.174-v:3.000)-(t:28.057-v:2.000)-(t:104.293-v:1.000)],300.000
examples/csp/csp_100/carseq_100_8_20_64.txt,dqn,300,0,[(t:8.462-v:114.000)-(t:8.489-v:111.000)-(t:8.506-v:110.000)-(t:8.518-v:106.000)-(t:8.529-v:105.000)-(t:8.548-v:102.000)-(t:8.558-v:101.000)-(t:8.564-v:99.000)-(t:8.572-v:97.000)-(t:8.579-v:96.000)-(t:8.591-v:93.000)-(t:8.603-v:87.000)-(t:8.613-v:86.000)-(t:8.623-v:85.000)-(t:8.630-v:84.000)-(t:8.644-v:81.000)-(t:8.662-v:80.000)-(t:8.673-v:79.000)-(t:8.678-v:77.000)-(t:8.684-v:76.000)-(t:8.689-v:75.000)-(t:8.694-v:74.000)-(t:8.702-v:73.000)-(t:8.716-v:72.000)-(t:8.727-v:71.000)-(t:8.737-v:70.000)-(t:8.746-v:69.000)-(t:8.753-v:68.000)-(t:8.761-v:66.000)-(t:8.772-v:65.000)-(t:8.782-v:64.000)-(t:8.793-v:62.000)-(t:8.801-v:61.000)-(t:8.806-v:60.000)-(t:8.817-v:59.000)-(t:8.828-v:58.000)-(t:8.838-v:56.000)-(t:8.848-v:54.000)-(t:8.859-v:53.000)-(t:8.879-v:52.000)-(t:8.892-v:51.000)-(t:8.903-v:50.000)-(t:8.908-v:49.000)-(t:8.919-v:47.000)-(t:8.929-v:46.000)-(t:8.940-v:44.000)-(t:8.950-v:43.000)-(t:8.959-v:42.000)-(t:8.967-v:41.000)-(t:8.987-v:40.000)-(t:8.997-v:39.000)-(t:9.004-v:38.000)-(t:9.009-v:37.000)-(t:9.015-v:36.000)-(t:9.022-v:35.000)-(t:9.032-v:34.000)-(t:9.048-v:33.000)-(t:9.057-v:32.000)-(t:9.067-v:31.000)-(t:9.078-v:30.000)-(t:9.087-v:29.000)-(t:9.096-v:28.000)-(t:9.117-v:26.000)-(t:9.124-v:25.000)-(t:9.130-v:23.000)-(t:9.168-v:22.000)-(t:9.197-v:21.000)-(t:9.208-v:20.000)-(t:9.221-v:19.000)-(t:9.235-v:18.000)-(t:9.247-v:17.000)-(t:9.267-v:16.000)-(t:9.273-v:15.000)-(t:9.331-v:14.000)-(t:9.356-v:13.000)-(t:9.363-v:12.000)-(t:9.402-v:11.000)-(t:9.461-v:10.000)-(t:9.519-v:9.000)-(t:9.527-v:8.000)-(t:9.556-v:7.000)-(t:24.313-v:6.000)-(t:29.642-v:5.000)-(t:38.232-v:4.000)-(t:46.412-v:3.000)-(t:112.713-v:2.000)-(t:122.267-v:1.000)-(t:185.672-v:0.000)],185.672
examples/csp/csp_100/carseq_100_8_20_67.txt,dqn,300,0,[(t:10.086-v:100.000)-(t:10.113-v:98.000)-(t:10.135-v:95.000)-(t:10.147-v:90.000)-(t:10.157-v:89.000)-(t:10.168-v:88.000)-(t:10.180-v:87.000)-(t:10.199-v:86.000)-(t:10.211-v:85.000)-(t:10.225-v:84.000)-(t:10.234-v:82.000)-(t:10.247-v:81.000)-(t:10.259-v:80.000)-(t:10.270-v:78.000)-(t:10.282-v:77.000)-(t:10.294-v:76.000)-(t:10.305-v:75.000)-(t:10.311-v:74.000)-(t:10.318-v:73.000)-(t:10.328-v:72.000)-(t:10.338-v:71.000)-(t:10.348-v:70.000)-(t:10.359-v:69.000)-(t:10.370-v:68.000)-(t:10.381-v:67.000)-(t:10.396-v:66.000)-(t:10.408-v:65.000)-(t:10.415-v:64.000)-(t:10.425-v:63.000)-(t:10.434-v:62.000)-(t:10.445-v:61.000)-(t:10.458-v:60.000)-(t:10.468-v:57.000)-(t:10.478-v:55.000)-(t:10.489-v:54.000)-(t:10.499-v:53.000)-(t:10.511-v:52.000)-(t:10.520-v:51.000)-(t:10.528-v:50.000)-(t:10.533-v:49.000)-(t:10.538-v:48.000)-(t:10.543-v:47.000)-(t:10.549-v:46.000)-(t:10.554-v:44.000)-(t:10.564-v:43.000)-(t:10.576-v:42.000)-(t:10.597-v:41.000)-(t:10.608-v:40.000)-(t:10.619-v:39.000)-(t:10.631-v:38.000)-(t:10.641-v:35.000)-(t:10.651-v:34.000)-(t:10.658-v:33.000)-(t:10.667-v:32.000)-(t:10.681-v:31.000)-(t:10.698-v:30.000)-(t:10.709-v:29.000)-(t:10.723-v:28.000)-(t:10.759-v:27.000)-(t:10.779-v:26.000)-(t:10.789-v:25.000)-(t:10.803-v:24.000)-(t:10.813-v:23.000)-(t:10.826-v:22.000)-(t:10.837-v:21.000)-(t:10.848-v:20.000)-(t:10.864-v:18.000)-(t:10.883-v:17.000)-(t:10.904-v:16.000)-(t:10.971-v:15.000)-(t:11.015-v:14.000)-(t:11.089-v:13.000)-(t:11.101-v:12.000)-(t:11.113-v:11.000)-(t:11.126-v:10.000)-(t:11.145-v:9.000)-(t:11.158-v:8.000)-(t:11.240-v:7.000)-(t:11.256-v:6.000)-(t:11.285-v:5.000)-(t:11.324-v:4.000)-(t:16.391-v:3.000)-(t:16.950-v:2.000)-(t:17.523-v:1.000)-(t:141.401-v:0.000)],141.401
examples/csp/csp_100/carseq_100_8_20_72.txt,dqn,300,0,[(t:8.307-v:121.000)-(t:8.324-v:116.000)-(t:8.337-v:115.000)-(t:8.358-v:112.000)-(t:8.372-v:111.000)-(t:8.385-v:110.000)-(t:8.397-v:109.000)-(t:8.409-v:108.000)-(t:8.424-v:107.000)-(t:8.436-v:106.000)-(t:8.447-v:105.000)-(t:8.458-v:103.000)-(t:8.471-v:102.000)-(t:8.478-v:100.000)-(t:8.489-v:98.000)-(t:8.499-v:97.000)-(t:8.512-v:96.000)-(t:8.522-v:91.000)-(t:8.536-v:87.000)-(t:8.548-v:85.000)-(t:8.561-v:78.000)-(t:8.573-v:77.000)-(t:8.582-v:76.000)-(t:8.592-v:75.000)-(t:8.604-v:74.000)-(t:8.617-v:72.000)-(t:8.628-v:71.000)-(t:8.639-v:70.000)-(t:8.650-v:69.000)-(t:8.660-v:65.000)-(t:8.672-v:64.000)-(t:8.684-v:61.000)-(t:8.691-v:60.000)-(t:8.705-v:59.000)-(t:8.714-v:58.000)-(t:8.729-v:57.000)-(t:8.739-v:56.000)-(t:8.754-v:55.000)-(t:8.764-v:52.000)-(t:8.780-v:51.000)-(t:8.791-v:49.000)-(t:8.798-v:48.000)-(t:8.810-v:47.000)-(t:8.820-v:46.000)-(t:8.831-v:45.000)-(t:8.843-v:44.000)-(t:8.857-v:41.000)-(t:8.871-v:40.000)-(t:8.882-v:39.000)-(t:8.893-v:38.000)-(t:8.906-v:37.000)-(t:8.911-v:36.000)-(t:8.920-v:35.000)-(t:8.936-v:34.000)-(t:8.947-v:33.000)-(t:8.960-v:32.000)-(t:8.971-v:31.000)-(t:8.982-v:30.000)-(t:9.025-v:29.000)-(t:9.035-v:28.000)-(t:9.052-v:27.000)-(t:9.089-v:26.000)-(t:9.098-v:25.000)-(t:9.124-v:24.000)-(t:9.132-v:23.000)-(t:9.142-v:22.000)-(t:9.161-v:21.000)-(t:9.176-v:20.000)-(t:9.199-v:19.000)-(t:9.210-v:18.000)-(t:9.239-v:17.000)-(t:9.296-v:16.000)-(t:9.314-v:15.000)-(t:9.332-v:14.000)-(t:9.344-v:13.000)-(t:9.355-v:12.000)-(t:9.391-v:11.000)-(t:9.406-v:10.000)-(t:9.454-v:9.000)-(t:9.521-v:8.000)-(t:9.543-v:7.000)-(t:9.789-v:6.000)-(t:9.820-v:5.000)-(t:9.834-v:4.000)-(t:9.859-v:3.000)-(t:10.167-v:2.000)-(t:11.465-v:1.000)-(t:21.701-v:0.000)],21.701
examples/csp/csp_100/16-81.txt,dqn,300,4,[(t:6.353-v:136.000)-(t:6.372-v:134.000)-(t:6.381-v:133.000)-(t:6.392-v:132.000)-(t:6.406-v:131.000)-(t:6.415-v:130.000)-(t:6.424-v:128.000)-(t:6.433-v:127.000)-(t:6.442-v:124.000)-(t:6.451-v:123.000)-(t:6.459-v:119.000)-(t:6.468-v:113.000)-(t:6.476-v:112.000)-(t:6.483-v:110.000)-(t:6.496-v:109.000)-(t:6.504-v:105.000)-(t:6.512-v:103.000)-(t:6.519-v:101.000)-(t:6.527-v:99.000)-(t:6.534-v:96.000)-(t:6.542-v:95.000)-(t:6.555-v:93.000)-(t:6.567-v:92.000)-(t:6.576-v:90.000)-(t:6.584-v:87.000)-(t:6.593-v:86.000)-(t:6.603-v:85.000)-(t:6.611-v:83.000)-(t:6.619-v:81.000)-(t:6.626-v:79.000)-(t:6.635-v:78.000)-(t:6.645-v:77.000)-(t:6.653-v:74.000)-(t:6.661-v:73.000)-(t:6.676-v:69.000)-(t:6.687-v:67.000)-(t:6.697-v:66.000)-(t:6.708-v:64.000)-(t:6.725-v:63.000)-(t:6.743-v:62.000)-(t:6.758-v:61.000)-(t:6.772-v:59.000)-(t:6.781-v:58.000)-(t:6.791-v:56.000)-(t:6.800-v:54.000)-(t:6.811-v:53.000)-(t:6.822-v:52.000)-(t:6.833-v:50.000)-(t:6.845-v:49.000)-(t:6.853-v:48.000)-(t:6.866-v:47.000)-(t:6.898-v:46.000)-(t:6.909-v:45.000)-(t:6.937-v:44.000)-(t:6.967-v:43.000)-(t:6.977-v:42.000)-(t:7.007-v:41.000)-(t:7.017-v:40.000)-(t:7.028-v:39.000)-(t:7.038-v:38.000)-(t:7.062-v:37.000)-(t:7.072-v:35.000)-(t:7.082-v:34.000)-(t:7.094-v:33.000)-(t:7.137-v:32.000)-(t:7.147-v:31.000)-(t:7.156-v:30.000)-(t:7.168-v:29.000)-(t:7.182-v:28.000)-(t:7.194-v:27.000)-(t:7.204-v:26.000)-(t:7.213-v:25.000)-(t:7.223-v:24.000)-(t:7.238-v:23.000)-(t:7.252-v:22.000)-(t:7.291-v:21.000)-(t:7.320-v:20.000)-(t:7.344-v:19.000)-(t:7.449-v:18.000)-(t:7.497-v:17.000)-(t:7.516-v:16.000)-(t:7.549-v:15.000)-(t:7.567-v:14.000)-(t:7.589-v:13.000)-(t:7.598-v:12.000)-(t:7.615-v:11.000)-(t:7.699-v:10.000)-(t:7.723-v:9.000)-(t:40.244-v:8.000)-(t:86.441-v:7.000)-(t:105.582-v:6.000)-(t:105.930-v:5.000)-(t:146.332-v:4.000)],300.000
examples/csp/csp_100/21-90.txt,dqn,300,3,[(t:7.031-v:138.000)-(t:7.041-v:137.000)-(t:7.048-v:135.000)-(t:7.075-v:133.000)-(t:7.084-v:132.000)-(t:7.091-v:130.000)-(t:7.100-v:128.000)-(t:7.110-v:127.000)-(t:7.120-v:126.000)-(t:7.128-v:124.000)-(t:7.138-v:120.000)-(t:7.147-v:118.000)-(t:7.156-v:117.000)-(t:7.164-v:114.000)-(t:7.182-v:113.000)-(t:7.197-v:112.000)-(t:7.209-v:111.000)-(t:7.217-v:110.000)-(t:7.227-v:107.000)-(t:7.235-v:105.000)-(t:7.243-v:104.000)-(t:7.251-v:103.000)-(t:7.259-v:101.000)-(t:7.267-v:99.000)-(t:7.276-v:98.000)-(t:7.283-v:96.000)-(t:7.292-v:95.000)-(t:7.300-v:92.000)-(t:7.308-v:90.000)-(t:7.317-v:86.000)-(t:7.325-v:85.000)-(t:7.333-v:84.000)-(t:7.340-v:83.000)-(t:7.350-v:80.000)-(t:7.357-v:79.000)-(t:7.365-v:78.000)-(t:7.373-v:77.000)-(t:7.380-v:75.000)-(t:7.391-v:74.000)-(t:7.398-v:72.000)-(t:7.406-v:71.000)-(t:7.414-v:70.000)-(t:7.421-v:69.000)-(t:7.429-v:67.000)-(t:7.436-v:66.000)-(t:7.445-v:65.000)-(t:7.455-v:64.000)-(t:7.463-v:62.000)-(t:7.471-v:61.000)-(t:7.479-v:59.000)-(t:7.488-v:58.000)-(t:7.494-v:57.000)-(t:7.501-v:56.000)-(t:7.509-v:55.000)-(t:7.517-v:54.000)-(t:7.524-v:53.000)-(t:7.532-v:52.000)-(t:7.539-v:51.000)-(t:7.546-v:50.000)-(t:7.554-v:49.000)-(t:7.560-v:47.000)-(t:7.567-v:46.000)-(t:7.577-v:45.000)-(t:7.585-v:44.000)-(t:7.610-v:42.000)-(t:7.618-v:41.000)-(t:7.625-v:40.000)-(t:7.633-v:38.000)-(t:7.643-v:37.000)-(t:7.651-v:35.000)-(t:7.659-v:34.000)-(t:7.667-v:33.000)-(t:7.676-v:32.000)-(t:7.683-v:30.000)-(t:7.691-v:29.000)-(t:7.698-v:28.000)-(t:7.706-v:27.000)-(t:7.713-v:26.000)-(t:7.729-v:24.000)-(t:7.761-v:22.000)-(t:7.772-v:21.000)-(t:7.817-v:20.000)-(t:7.826-v:19.000)-(t:7.837-v:18.000)-(t:7.852-v:17.000)-(t:7.879-v:16.000)-(t:7.888-v:15.000)-(t:7.904-v:14.000)-(t:7.949-v:13.000)-(t:7.960-v:12.000)-(t:7.977-v:11.000)-(t:8.036-v:10.000)-(t:8.058-v:9.000)-(t:8.068-v:8.000)-(t:9.479-v:7.000)-(t:9.655-v:6.000)-(t:10.042-v:5.000)-(t:21.793-v:4.000)-(t:26.013-v:3.000)],109.931
examples/csp/csp_100/36-92.txt,dqn,300,5,[(t:6.323-v:125.000)-(t:6.340-v:124.000)-(t:6.348-v:123.000)-(t:6.355-v:121.000)-(t:6.362-v:118.000)-(t:6.369-v:114.000)-(t:6.377-v:113.000)-(t:6.388-v:112.000)-(t:6.396-v:110.000)-(t:6.402-v:108.000)-(t:6.413-v:106.000)-(t:6.419-v:101.000)-(t:6.427-v:99.000)-(t:6.433-v:96.000)-(t:6.440-v:95.000)-(t:6.446-v:94.000)-(t:6.452-v:92.000)-(t:6.459-v:91.000)-(t:6.466-v:90.000)-(t:6.473-v:89.000)-(t:6.479-v:88.000)-(t:6.486-v:87.000)-(t:6.492-v:86.000)-(t:6.498-v:85.000)-(t:6.505-v:84.000)-(t:6.511-v:83.000)-(t:6.519-v:82.000)-(t:6.526-v:80.000)-(t:6.532-v:77.000)-(t:6.538-v:73.000)-(t:6.544-v:70.000)-(t:6.550-v:69.000)-(t:6.557-v:68.000)-(t:6.564-v:66.000)-(t:6.571-v:63.000)-(t:6.578-v:61.000)-(t:6.584-v:59.000)-(t:6.590-v:57.000)-(t:6.597-v:56.000)-(t:6.603-v:55.000)-(t:6.610-v:53.000)-(t:6.617-v:50.000)-(t:6.625-v:49.000)-(t:6.634-v:48.000)-(t:6.641-v:47.000)-(t:6.648-v:46.000)-(t:6.655-v:45.000)-(t:6.662-v:44.000)-(t:6.669-v:43.000)-(t:6.676-v:42.000)-(t:6.684-v:39.000)-(t:6.690-v:38.000)-(t:6.706-v:37.000)-(t:6.719-v:36.000)-(t:6.726-v:35.000)-(t:6.735-v:34.000)-(t:6.742-v:33.000)-(t:6.748-v:32.000)-(t:6.757-v:30.000)-(t:6.776-v:29.000)-(t:6.783-v:28.000)-(t:6.797-v:27.000)-(t:6.804-v:26.000)-(t:6.811-v:25.000)-(t:6.825-v:24.000)-(t:6.831-v:23.000)-(t:6.845-v:22.000)-(t:6.863-v:21.000)-(t:6.875-v:20.000)-(t:6.881-v:19.000)-(t:6.891-v:18.000)-(t:6.900-v:16.000)-(t:6.910-v:15.000)-(t:6.919-v:14.000)-(t:6.930-v:13.000)-(t:6.948-v:12.000)-(t:6.963-v:11.000)-(t:7.010-v:10.000)-(t:7.025-v:9.000)-(t:7.164-v:8.000)-(t:7.206-v:7.000)-(t:9.652-v:6.000)-(t:26.275-v:5.000)],184.182
examples/csp/csp_100/4-72.txt,dqn,300,1,[(t:6.389-v:108.000)-(t:6.428-v:106.000)-(t:6.444-v:103.000)-(t:6.453-v:102.000)-(t:6.461-v:101.000)-(t:6.470-v:100.000)-(t:6.478-v:98.000)-(t:6.487-v:96.000)-(t:6.498-v:94.000)-(t:6.507-v:91.000)-(t:6.515-v:90.000)-(t:6.531-v:89.000)-(t:6.539-v:88.000)-(t:6.548-v:87.000)-(t:6.569-v:86.000)-(t:6.582-v:85.000)-(t:6.592-v:84.000)-(t:6.602-v:83.000)-(t:6.613-v:82.000)-(t:6.627-v:81.000)-(t:6.638-v:78.000)-(t:6.649-v:76.000)-(t:6.659-v:75.000)-(t:6.668-v:74.000)-(t:6.677-v:72.000)-(t:6.686-v:71.000)-(t:6.694-v:69.000)-(t:6.704-v:68.000)-(t:6.713-v:67.000)-(t:6.721-v:64.000)-(t:6.739-v:63.000)-(t:6.748-v:62.000)-(t:6.758-v:61.000)-(t:6.767-v:60.000)-(t:6.777-v:59.000)-(t:6.785-v:58.000)-(t:6.794-v:57.000)-(t:6.808-v:56.000)-(t:6.820-v:54.000)-(t:6.830-v:51.000)-(t:6.839-v:50.000)-(t:6.848-v:49.000)-(t:6.858-v:47.000)-(t:6.867-v:46.000)-(t:6.876-v:45.000)-(t:6.884-v:44.000)-(t:6.892-v:42.000)-(t:6.901-v:41.000)-(t:6.922-v:40.000)-(t:6.935-v:38.000)-(t:6.944-v:37.000)-(t:6.953-v:36.000)-(t:6.963-v:35.000)-(t:6.974-v:34.000)-(t:6.988-v:33.000)-(t:6.997-v:32.000)-(t:7.008-v:31.000)-(t:7.018-v:30.000)-(t:7.027-v:28.000)-(t:7.037-v:27.000)-(t:7.047-v:26.000)-(t:7.058-v:25.000)-(t:7.108-v:24.000)-(t:7.119-v:23.000)-(t:7.127-v:22.000)-(t:7.137-v:21.000)-(t:7.146-v:20.000)-(t:7.155-v:19.000)-(t:7.167-v:18.000)-(t:7.177-v:17.000)-(t:7.192-v:16.000)-(t:7.253-v:15.000)-(t:7.265-v:14.000)-(t:7.275-v:13.000)-(t:7.308-v:12.000)-(t:7.338-v:11.000)-(t:7.396-v:10.000)-(t:7.409-v:9.000)-(t:7.421-v:8.000)-(t:7.444-v:7.000)-(t:7.909-v:6.000)-(t:11.969-v:5.000)-(t:12.345-v:4.000)-(t:26.621-v:3.000)-(t:27.526-v:2.000)-(t:280.719-v:1.000)],300.000
examples/csp/csp_100/carseq_100_8_20_73.txt,dqn,300,0,[(t:9.332-v:108.000)-(t:9.360-v:105.000)-(t:9.369-v:104.000)-(t:9.380-v:100.000)-(t:9.391-v:99.000)-(t:9.409-v:96.000)-(t:9.421-v:93.000)-(t:9.441-v:92.000)-(t:9.457-v:89.000)-(t:9.470-v:87.000)-(t:9.482-v:84.000)-(t:9.496-v:83.000)-(t:9.512-v:82.000)-(t:9.522-v:81.000)-(t:9.529-v:80.000)-(t:9.542-v:79.000)-(t:9.555-v:78.000)-(t:9.569-v:76.000)-(t:9.580-v:75.000)-(t:9.591-v:73.000)-(t:9.603-v:71.000)-(t:9.614-v:70.000)-(t:9.624-v:67.000)-(t:9.635-v:66.000)-(t:9.652-v:65.000)-(t:9.658-v:63.000)-(t:9.670-v:61.000)-(t:9.680-v:58.000)-(t:9.690-v:56.000)-(t:9.701-v:51.000)-(t:9.716-v:49.000)-(t:9.727-v:47.000)-(t:9.741-v:46.000)-(t:9.753-v:45.000)-(t:9.762-v:44.000)-(t:9.779-v:43.000)-(t:9.789-v:42.000)-(t:9.800-v:41.000)-(t:9.814-v:40.000)-(t:9.831-v:39.000)-(t:9.844-v:38.000)-(t:9.857-v:37.000)-(t:9.863-v:36.000)-(t:9.876-v:35.000)-(t:9.887-v:34.000)-(t:9.897-v:33.000)-(t:9.908-v:32.000)-(t:9.924-v:31.000)-(t:9.938-v:30.000)-(t:9.949-v:29.000)-(t:9.960-v:28.000)-(t:9.973-v:27.000)-(t:9.984-v:26.000)-(t:9.995-v:25.000)-(t:10.007-v:24.000)-(t:10.059-v:23.000)-(t:10.077-v:22.000)-(t:10.086-v:21.000)-(t:10.097-v:19.000)-(t:10.109-v:18.000)-(t:10.121-v:17.000)-(t:10.135-v:16.000)-(t:10.151-v:15.000)-(t:10.161-v:14.000)-(t:10.173-v:13.000)-(t:10.187-v:12.000)-(t:10.204-v:11.000)-(t:10.234-v:10.000)-(t:10.246-v:9.000)-(t:10.257-v:8.000)-(t:10.293-v:7.000)-(t:10.323-v:6.000)-(t:10.338-v:5.000)-(t:10.399-v:4.000)-(t:10.424-v:3.000)-(t:11.131-v:2.000)-(t:11.151-v:1.000)-(t:25.249-v:0.000)],25.249
examples/csp/csp_100/6-76.txt,dqn,300,6,[(t:6.960-v:97.000)-(t:6.969-v:96.000)-(t:6.993-v:92.000)-(t:7.008-v:91.000)-(t:7.017-v:89.000)-(t:7.025-v:88.000)-(t:7.034-v:86.000)-(t:7.044-v:84.000)-(t:7.062-v:83.000)-(t:7.073-v:82.000)-(t:7.081-v:81.000)-(t:7.093-v:80.000)-(t:7.101-v:79.000)-(t:7.109-v:76.000)-(t:7.119-v:72.000)-(t:7.129-v:70.000)-(t:7.160-v:69.000)-(t:7.169-v:68.000)-(t:7.186-v:67.000)-(t:7.196-v:66.000)-(t:7.203-v:65.000)-(t:7.212-v:64.000)-(t:7.220-v:63.000)-(t:7.228-v:62.000)-(t:7.238-v:61.000)-(t:7.247-v:60.000)-(t:7.255-v:59.000)-(t:7.263-v:56.000)-(t:7.272-v:55.000)-(t:7.280-v:54.000)-(t:7.290-v:53.000)-(t:7.297-v:52.000)-(t:7.305-v:51.000)-(t:7.312-v:47.000)-(t:7.320-v:46.000)-(t:7.328-v:44.000)-(t:7.335-v:43.000)-(t:7.343-v:42.000)-(t:7.359-v:40.000)-(t:7.378-v:39.000)-(t:7.386-v:38.000)-(t:7.397-v:37.000)-(t:7.405-v:36.000)-(t:7.414-v:35.000)-(t:7.423-v:34.000)-(t:7.432-v:33.000)-(t:7.449-v:32.000)-(t:7.459-v:31.000)-(t:7.467-v:30.000)-(t:7.482-v:29.000)-(t:7.490-v:28.000)-(t:7.497-v:27.000)-(t:7.506-v:26.000)-(t:7.540-v:25.000)-(t:7.556-v:24.000)-(t:7.566-v:23.000)-(t:7.575-v:22.000)-(t:7.587-v:21.000)-(t:7.599-v:20.000)-(t:7.609-v:19.000)-(t:7.619-v:18.000)-(t:7.634-v:17.000)-(t:7.681-v:16.000)-(t:7.692-v:15.000)-(t:7.714-v:14.000)-(t:7.743-v:13.000)-(t:7.775-v:12.000)-(t:7.859-v:11.000)-(t:7.895-v:10.000)-(t:7.906-v:9.000)-(t:7.917-v:8.000)-(t:7.996-v:7.000)-(t:9.584-v:6.000)],7.934
examples/csp/csp_100/carseq_100_8_20_71.txt,dqn,300,0,[(t:9.017-v:131.000)-(t:9.042-v:130.000)-(t:9.059-v:128.000)-(t:9.076-v:127.000)-(t:9.087-v:123.000)-(t:9.100-v:120.000)-(t:9.111-v:117.000)-(t:9.120-v:115.000)-(t:9.131-v:113.000)-(t:9.142-v:111.000)-(t:9.152-v:110.000)-(t:9.163-v:109.000)-(t:9.178-v:106.000)-(t:9.188-v:105.000)-(t:9.195-v:104.000)-(t:9.208-v:103.000)-(t:9.218-v:102.000)-(t:9.231-v:101.000)-(t:9.243-v:100.000)-(t:9.254-v:99.000)-(t:9.266-v:97.000)-(t:9.278-v:96.000)-(t:9.289-v:93.000)-(t:9.294-v:91.000)-(t:9.305-v:89.000)-(t:9.319-v:88.000)-(t:9.330-v:86.000)-(t:9.341-v:83.000)-(t:9.356-v:82.000)-(t:9.366-v:81.000)-(t:9.376-v:79.000)-(t:9.388-v:78.000)-(t:9.401-v:77.000)-(t:9.413-v:76.000)-(t:9.423-v:74.000)-(t:9.433-v:72.000)-(t:9.444-v:71.000)-(t:9.454-v:70.000)-(t:9.464-v:69.000)-(t:9.474-v:67.000)-(t:9.487-v:66.000)-(t:9.495-v:65.000)-(t:9.503-v:64.000)-(t:9.514-v:62.000)-(t:9.526-v:60.000)-(t:9.537-v:57.000)-(t:9.558-v:56.000)-(t:9.569-v:55.000)-(t:9.605-v:54.000)-(t:9.628-v:53.000)-(t:9.638-v:51.000)-(t:9.649-v:48.000)-(t:9.661-v:47.000)-(t:9.673-v:46.000)-(t:9.708-v:45.000)-(t:9.720-v:44.000)-(t:9.730-v:43.000)-(t:9.741-v:42.000)-(t:9.752-v:41.000)-(t:9.765-v:40.000)-(t:9.785-v:39.000)-(t:9.796-v:38.000)-(t:9.809-v:37.000)-(t:9.821-v:36.000)-(t:9.842-v:35.000)-(t:9.854-v:32.000)-(t:9.879-v:31.000)-(t:9.890-v:29.000)-(t:9.899-v:28.000)-(t:9.911-v:27.000)-(t:9.923-v:26.000)-(t:9.945-v:25.000)-(t:9.956-v:24.000)-(t:9.969-v:23.000)-(t:9.982-v:22.000)-(t:10.020-v:21.000)-(t:10.042-v:19.000)-(t:10.057-v:18.000)-(t:10.088-v:17.000)-(t:10.172-v:16.000)-(t:10.184-v:15.000)-(t:10.197-v:14.000)-(t:10.213-v:13.000)-(t:10.234-v:12.000)-(t:10.255-v:11.000)-(t:10.329-v:10.000)-(t:10.368-v:9.000)-(t:15.624-v:8.000)-(t:15.805-v:7.000)-(t:16.573-v:6.000)-(t:16.755-v:5.000)-(t:16.942-v:4.000)-(t:17.116-v:3.000)-(t:49.667-v:2.000)-(t:53.962-v:1.000)-(t:66.990-v:0.000)],66.990
examples/csp/csp_100/carseq_100_8_20_90.txt,dqn,300,0,[(t:5.569-v:110.000)-(t:5.595-v:108.000)-(t:5.607-v:107.000)-(t:5.612-v:105.000)-(t:5.624-v:104.000)-(t:5.630-v:98.000)-(t:5.638-v:97.000)-(t:5.646-v:96.000)-(t:5.653-v:91.000)-(t:5.675-v:88.000)-(t:5.683-v:87.000)-(t:5.690-v:86.000)-(t:5.697-v:85.000)-(t:5.705-v:84.000)-(t:5.712-v:82.000)-(t:5.721-v:80.000)-(t:5.729-v:79.000)-(t:5.738-v:78.000)-(t:5.746-v:76.000)-(t:5.753-v:73.000)-(t:5.762-v:71.000)-(t:5.768-v:69.000)-(t:5.780-v:68.000)-(t:5.787-v:67.000)-(t:5.794-v:66.000)-(t:5.801-v:65.000)-(t:5.810-v:63.000)-(t:5.817-v:62.000)-(t:5.824-v:61.000)-(t:5.831-v:60.000)-(t:5.839-v:59.000)-(t:5.847-v:58.000)-(t:5.854-v:56.000)-(t:5.862-v:54.000)-(t:5.868-v:53.000)-(t:5.874-v:51.000)-(t:5.888-v:50.000)-(t:5.894-v:49.000)-(t:5.900-v:47.000)-(t:5.906-v:45.000)-(t:5.913-v:44.000)-(t:5.924-v:43.000)-(t:5.930-v:41.000)-(t:5.935-v:40.000)-(t:5.942-v:39.000)-(t:5.948-v:38.000)-(t:5.955-v:37.000)-(t:5.965-v:36.000)-(t:5.976-v:35.000)-(t:5.981-v:33.000)-(t:5.988-v:32.000)-(t:5.993-v:31.000)-(t:6.000-v:30.000)-(t:6.008-v:29.000)-(t:6.014-v:28.000)-(t:6.028-v:27.000)-(t:6.035-v:25.000)-(t:6.044-v:24.000)-(t:6.050-v:23.000)-(t:6.062-v:22.000)-(t:6.069-v:21.000)-(t:6.082-v:20.000)-(t:6.100-v:19.000)-(t:6.134-v:18.000)-(t:6.144-v:16.000)-(t:6.151-v:15.000)-(t:6.222-v:14.000)-(t:6.231-v:13.000)-(t:6.242-v:12.000)-(t:6.253-v:11.000)-(t:6.280-v:10.000)-(t:6.301-v:9.000)-(t:6.351-v:8.000)-(t:6.375-v:7.000)-(t:6.401-v:6.000)-(t:6.639-v:5.000)-(t:6.650-v:4.000)-(t:6.745-v:3.000)-(t:6.765-v:2.000)-(t:6.966-v:1.000)-(t:7.056-v:0.000)],7.056
examples/csp/csp_100/carseq_100_8_20_77.txt,dqn,300,0,[(t:9.471-v:107.000)-(t:9.492-v:105.000)-(t:9.505-v:104.000)-(t:9.521-v:103.000)-(t:9.547-v:99.000)-(t:9.557-v:98.000)-(t:9.569-v:94.000)-(t:9.581-v:93.000)-(t:9.602-v:92.000)-(t:9.613-v:90.000)-(t:9.624-v:89.000)-(t:9.636-v:88.000)-(t:9.650-v:86.000)-(t:9.660-v:84.000)-(t:9.670-v:83.000)-(t:9.680-v:82.000)-(t:9.694-v:81.000)-(t:9.707-v:78.000)-(t:9.719-v:77.000)-(t:9.731-v:76.000)-(t:9.741-v:75.000)-(t:9.751-v:74.000)-(t:9.758-v:72.000)-(t:9.767-v:71.000)-(t:9.777-v:70.000)-(t:9.786-v:69.000)-(t:9.798-v:67.000)-(t:9.811-v:65.000)-(t:9.823-v:64.000)-(t:9.835-v:63.000)-(t:9.847-v:62.000)-(t:9.859-v:61.000)-(t:9.875-v:60.000)-(t:9.885-v:59.000)-(t:9.896-v:58.000)-(t:9.907-v:56.000)-(t:9.919-v:55.000)-(t:9.932-v:54.000)-(t:9.942-v:52.000)-(t:9.952-v:50.000)-(t:9.961-v:49.000)-(t:9.967-v:47.000)-(t:9.977-v:46.000)-(t:9.988-v:45.000)-(t:9.997-v:44.000)-(t:10.008-v:43.000)-(t:10.018-v:42.000)-(t:10.034-v:40.000)-(t:10.044-v:39.000)-(t:10.057-v:38.000)-(t:10.068-v:37.000)-(t:10.075-v:36.000)-(t:10.081-v:35.000)-(t:10.101-v:34.000)-(t:10.112-v:33.000)-(t:10.124-v:32.000)-(t:10.134-v:31.000)-(t:10.145-v:30.000)-(t:10.155-v:27.000)-(t:10.165-v:26.000)-(t:10.185-v:25.000)-(t:10.199-v:24.000)-(t:10.210-v:23.000)-(t:10.232-v:21.000)-(t:10.255-v:20.000)-(t:10.274-v:19.000)-(t:10.317-v:18.000)-(t:10.330-v:17.000)-(t:10.347-v:16.000)-(t:10.373-v:15.000)-(t:10.383-v:14.000)-(t:10.425-v:13.000)-(t:10.440-v:12.000)-(t:10.453-v:11.000)-(t:10.469-v:10.000)-(t:10.493-v:9.000)-(t:10.521-v:8.000)-(t:10.577-v:7.000)-(t:10.588-v:6.000)-(t:10.600-v:5.000)-(t:10.649-v:4.000)-(t:10.925-v:3.000)-(t:10.982-v:2.000)-(t:18.184-v:1.000)-(t:45.203-v:0.000)],45.203
examples/csp/csp_100/carseq_100_8_20_94.txt,dqn,300,0,[(t:4.952-v:123.000)-(t:4.971-v:122.000)-(t:4.982-v:120.000)-(t:4.996-v:117.000)-(t:5.008-v:114.000)-(t:5.016-v:113.000)-(t:5.026-v:111.000)-(t:5.036-v:108.000)-(t:5.052-v:107.000)-(t:5.061-v:106.000)-(t:5.070-v:104.000)-(t:5.079-v:103.000)-(t:5.088-v:102.000)-(t:5.113-v:100.000)-(t:5.122-v:97.000)-(t:5.130-v:94.000)-(t:5.157-v:89.000)-(t:5.168-v:87.000)-(t:5.178-v:85.000)-(t:5.188-v:84.000)-(t:5.199-v:83.000)-(t:5.216-v:81.000)-(t:5.227-v:80.000)-(t:5.236-v:78.000)-(t:5.245-v:77.000)-(t:5.258-v:76.000)-(t:5.270-v:75.000)-(t:5.280-v:74.000)-(t:5.290-v:72.000)-(t:5.300-v:69.000)-(t:5.326-v:66.000)-(t:5.339-v:64.000)-(t:5.351-v:62.000)-(t:5.360-v:60.000)-(t:5.371-v:59.000)-(t:5.384-v:58.000)-(t:5.394-v:56.000)-(t:5.404-v:54.000)-(t:5.413-v:53.000)-(t:5.426-v:52.000)-(t:5.435-v:51.000)-(t:5.448-v:50.000)-(t:5.458-v:49.000)-(t:5.467-v:48.000)-(t:5.478-v:47.000)-(t:5.487-v:46.000)-(t:5.495-v:44.000)-(t:5.507-v:43.000)-(t:5.516-v:42.000)-(t:5.527-v:41.000)-(t:5.536-v:40.000)-(t:5.545-v:39.000)-(t:5.553-v:38.000)-(t:5.561-v:37.000)-(t:5.574-v:36.000)-(t:5.587-v:35.000)-(t:5.595-v:34.000)-(t:5.603-v:33.000)-(t:5.615-v:31.000)-(t:5.623-v:29.000)-(t:5.642-v:28.000)-(t:5.650-v:27.000)-(t:5.659-v:26.000)-(t:5.674-v:25.000)-(t:5.687-v:24.000)-(t:5.737-v:23.000)-(t:5.758-v:22.000)-(t:5.808-v:21.000)-(t:5.856-v:20.000)-(t:5.880-v:19.000)-(t:5.892-v:18.000)-(t:5.971-v:17.000)-(t:5.990-v:16.000)-(t:6.009-v:15.000)-(t:6.040-v:14.000)-(t:6.054-v:13.000)-(t:6.066-v:12.000)-(t:6.082-v:11.000)-(t:6.097-v:10.000)-(t:6.105-v:9.000)-(t:6.134-v:8.000)-(t:6.168-v:6.000)-(t:6.179-v:5.000)-(t:6.338-v:4.000)-(t:6.375-v:3.000)-(t:6.411-v:2.000)-(t:6.457-v:1.000)-(t:7.323-v:0.000)],7.323
examples/csp/csp_100/carseq_100_8_20_88.txt,dqn,300,0,[(t:5.007-v:130.000)-(t:5.035-v:123.000)-(t:5.042-v:122.000)-(t:5.056-v:121.000)-(t:5.068-v:120.000)-(t:5.073-v:119.000)-(t:5.079-v:118.000)-(t:5.087-v:117.000)-(t:5.095-v:116.000)-(t:5.102-v:115.000)-(t:5.109-v:112.000)-(t:5.119-v:110.000)-(t:5.127-v:107.000)-(t:5.134-v:105.000)-(t:5.141-v:103.000)-(t:5.147-v:102.000)-(t:5.154-v:101.000)-(t:5.161-v:100.000)-(t:5.171-v:97.000)-(t:5.179-v:96.000)-(t:5.190-v:94.000)-(t:5.234-v:93.000)-(t:5.243-v:92.000)-(t:5.250-v:91.000)-(t:5.260-v:90.000)-(t:5.267-v:89.000)-(t:5.274-v:88.000)-(t:5.290-v:87.000)-(t:5.297-v:86.000)-(t:5.305-v:84.000)-(t:5.311-v:80.000)-(t:5.318-v:78.000)-(t:5.325-v:77.000)-(t:5.335-v:76.000)-(t:5.342-v:75.000)-(t:5.350-v:72.000)-(t:5.356-v:70.000)-(t:5.363-v:68.000)-(t:5.370-v:67.000)-(t:5.377-v:66.000)-(t:5.384-v:65.000)-(t:5.389-v:64.000)-(t:5.395-v:63.000)-(t:5.401-v:62.000)-(t:5.406-v:60.000)-(t:5.412-v:58.000)-(t:5.417-v:57.000)-(t:5.421-v:56.000)-(t:5.429-v:54.000)-(t:5.433-v:53.000)-(t:5.447-v:52.000)-(t:5.452-v:50.000)-(t:5.457-v:49.000)-(t:5.465-v:48.000)-(t:5.476-v:47.000)-(t:5.481-v:46.000)-(t:5.487-v:45.000)-(t:5.494-v:44.000)-(t:5.499-v:43.000)-(t:5.509-v:42.000)-(t:5.520-v:41.000)-(t:5.542-v:40.000)-(t:5.549-v:39.000)-(t:5.567-v:38.000)-(t:5.581-v:37.000)-(t:5.588-v:36.000)-(t:5.595-v:35.000)-(t:5.601-v:34.000)-(t:5.609-v:33.000)-(t:5.615-v:32.000)-(t:5.623-v:30.000)-(t:5.658-v:29.000)-(t:5.667-v:28.000)-(t:5.682-v:27.000)-(t:5.689-v:26.000)-(t:5.701-v:25.000)-(t:5.708-v:24.000)-(t:5.715-v:22.000)-(t:5.724-v:21.000)-(t:5.731-v:20.000)-(t:5.739-v:19.000)-(t:5.757-v:18.000)-(t:5.765-v:17.000)-(t:5.777-v:16.000)-(t:5.789-v:15.000)-(t:5.800-v:14.000)-(t:5.858-v:12.000)-(t:5.897-v:11.000)-(t:5.908-v:10.000)-(t:5.926-v:9.000)-(t:5.972-v:8.000)-(t:5.985-v:7.000)-(t:6.090-v:6.000)-(t:6.148-v:5.000)-(t:16.536-v:4.000)-(t:16.629-v:3.000)-(t:18.121-v:2.000)-(t:27.532-v:1.000)-(t:37.659-v:0.000)],37.659
examples/csp/csp_200/pb_200_06.txt,dqn,300,,,
examples/csp/csp_200/pb_200_07.txt,dqn,300,,,
examples/csp/csp_200/pb_200_08.txt,dqn,300,,,
examples/csp/csp_200/pb_200_09.txt,dqn,300,,,
examples/csp/csp_200/pb_200_10.txt,dqn,300,,,
examples/csp/csp_300/carseq_300_8_20_38.txt,dqn,300,,,
examples/csp/csp_300/carseq_300_8_20_40.txt,dqn,300,,,
examples/csp/csp_300/carseq_300_8_20_45.txt,dqn,300,,,
examples/csp/csp_300/carseq_300_8_20_47.txt,dqn,300,,,
examples/csp/csp_300/carseq_300_8_20_53.txt,dqn,300,,,
examples/csp/csp_100/carseq_100_8_20_81.txt,dqn,300,1,[(t:6.359-v:130.000)-(t:6.393-v:127.000)-(t:6.401-v:126.000)-(t:6.411-v:123.000)-(t:6.418-v:122.000)-(t:6.435-v:121.000)-(t:6.443-v:120.000)-(t:6.454-v:119.000)-(t:6.463-v:115.000)-(t:6.471-v:113.000)-(t:6.481-v:112.000)-(t:6.490-v:111.000)-(t:6.498-v:110.000)-(t:6.508-v:108.000)-(t:6.520-v:106.000)-(t:6.533-v:105.000)-(t:6.543-v:104.000)-(t:6.553-v:96.000)-(t:6.562-v:94.000)-(t:6.572-v:90.000)-(t:6.581-v:88.000)-(t:6.599-v:87.000)-(t:6.608-v:86.000)-(t:6.619-v:85.000)-(t:6.628-v:84.000)-(t:6.637-v:81.000)-(t:6.645-v:79.000)-(t:6.652-v:78.000)-(t:6.660-v:77.000)-(t:6.668-v:76.000)-(t:6.676-v:75.000)-(t:6.683-v:73.000)-(t:6.691-v:72.000)-(t:6.699-v:71.000)-(t:6.706-v:70.000)-(t:6.714-v:69.000)-(t:6.723-v:68.000)-(t:6.731-v:66.000)-(t:6.740-v:65.000)-(t:6.751-v:64.000)-(t:6.760-v:62.000)-(t:6.768-v:61.000)-(t:6.776-v:59.000)-(t:6.785-v:58.000)-(t:6.793-v:57.000)-(t:6.801-v:56.000)-(t:6.808-v:55.000)-(t:6.815-v:54.000)-(t:6.821-v:53.000)-(t:6.828-v:52.000)-(t:6.835-v:51.000)-(t:6.845-v:50.000)-(t:6.853-v:49.000)-(t:6.859-v:47.000)-(t:6.866-v:46.000)-(t:6.873-v:45.000)-(t:6.882-v:44.000)-(t:6.889-v:43.000)-(t:6.896-v:42.000)-(t:6.902-v:41.000)-(t:6.909-v:40.000)-(t:6.917-v:39.000)-(t:6.925-v:38.000)-(t:6.933-v:36.000)-(t:6.939-v:35.000)-(t:6.945-v:33.000)-(t:6.959-v:31.000)-(t:6.965-v:30.000)-(t:6.971-v:29.000)-(t:6.983-v:28.000)-(t:6.989-v:27.000)-(t:7.006-v:26.000)-(t:7.026-v:25.000)-(t:7.033-v:23.000)-(t:7.040-v:22.000)-(t:7.047-v:21.000)-(t:7.056-v:20.000)-(t:7.062-v:19.000)-(t:7.079-v:18.000)-(t:7.097-v:17.000)-(t:7.124-v:16.000)-(t:7.157-v:15.000)-(t:7.201-v:14.000)-(t:7.207-v:13.000)-(t:7.213-v:12.000)-(t:7.223-v:11.000)-(t:7.253-v:10.000)-(t:7.270-v:9.000)-(t:7.275-v:8.000)-(t:7.282-v:7.000)-(t:8.075-v:6.000)-(t:9.363-v:5.000)-(t:9.707-v:4.000)-(t:11.391-v:3.000)-(t:11.472-v:2.000)-(t:17.794-v:1.000)],300.000
examples/csp/csp_300/carseq_300_8_20_56.txt,dqn,300,,,
examples/csp/csp_100/carseq_100_8_20_82.txt,dqn,300,1,[(t:5.752-v:129.000)-(t:5.767-v:125.000)-(t:5.781-v:118.000)-(t:5.796-v:115.000)-(t:5.839-v:110.000)-(t:5.854-v:108.000)-(t:5.868-v:107.000)-(t:5.887-v:106.000)-(t:5.894-v:103.000)-(t:5.900-v:102.000)-(t:5.906-v:101.000)-(t:5.911-v:97.000)-(t:5.917-v:96.000)-(t:5.929-v:95.000)-(t:5.939-v:93.000)-(t:5.945-v:91.000)-(t:5.953-v:90.000)-(t:5.959-v:88.000)-(t:5.968-v:87.000)-(t:5.974-v:86.000)-(t:5.981-v:85.000)-(t:5.987-v:84.000)-(t:5.993-v:83.000)-(t:5.999-v:82.000)-(t:6.004-v:80.000)-(t:6.010-v:78.000)-(t:6.016-v:77.000)-(t:6.022-v:75.000)-(t:6.029-v:74.000)-(t:6.036-v:73.000)-(t:6.043-v:72.000)-(t:6.052-v:71.000)-(t:6.059-v:70.000)-(t:6.066-v:67.000)-(t:6.074-v:66.000)-(t:6.081-v:65.000)-(t:6.088-v:63.000)-(t:6.095-v:61.000)-(t:6.101-v:60.000)-(t:6.108-v:58.000)-(t:6.124-v:56.000)-(t:6.130-v:55.000)-(t:6.138-v:52.000)-(t:6.144-v:51.000)-(t:6.153-v:50.000)-(t:6.161-v:49.000)-(t:6.167-v:48.000)-(t:6.174-v:47.000)-(t:6.180-v:46.000)-(t:6.194-v:44.000)-(t:6.201-v:43.000)-(t:6.210-v:42.000)-(t:6.219-v:41.000)-(t:6.244-v:39.000)-(t:6.251-v:38.000)-(t:6.259-v:37.000)-(t:6.269-v:36.000)-(t:6.295-v:35.000)-(t:6.305-v:34.000)-(t:6.314-v:33.000)-(t:6.325-v:32.000)-(t:6.350-v:31.000)-(t:6.374-v:30.000)-(t:6.389-v:29.000)-(t:6.399-v:28.000)-(t:6.416-v:26.000)-(t:6.428-v:24.000)-(t:6.439-v:23.000)-(t:6.481-v:22.000)-(t:6.526-v:21.000)-(t:6.537-v:20.000)-(t:6.561-v:19.000)-(t:6.572-v:18.000)-(t:6.588-v:17.000)-(t:6.600-v:16.000)-(t:6.617-v:15.000)-(t:6.628-v:14.000)-(t:6.707-v:13.000)-(t:6.742-v:12.000)-(t:6.755-v:11.000)-(t:6.810-v:10.000)-(t:6.835-v:9.000)-(t:6.860-v:8.000)-(t:6.971-v:7.000)-(t:7.029-v:6.000)-(t:7.076-v:5.000)-(t:13.423-v:4.000)-(t:35.298-v:3.000)-(t:44.064-v:2.000)-(t:215.712-v:1.000)],300.000
examples/csp/csp_100/carseq_100_8_20_85.txt,dqn,300,1,[(t:4.701-v:104.000)-(t:4.714-v:102.000)-(t:4.739-v:101.000)-(t:4.748-v:99.000)-(t:4.754-v:98.000)-(t:4.763-v:97.000)-(t:4.775-v:96.000)-(t:4.804-v:94.000)-(t:4.811-v:93.000)-(t:4.819-v:92.000)-(t:4.828-v:90.000)-(t:4.837-v:88.000)-(t:4.844-v:87.000)-(t:4.852-v:86.000)-(t:4.861-v:83.000)-(t:4.869-v:82.000)-(t:4.878-v:79.000)-(t:4.886-v:77.000)-(t:4.893-v:75.000)-(t:4.905-v:73.000)-(t:4.915-v:72.000)-(t:4.925-v:71.000)-(t:4.934-v:70.000)-(t:4.943-v:69.000)-(t:4.951-v:68.000)-(t:4.960-v:67.000)-(t:4.968-v:65.000)-(t:4.974-v:63.000)-(t:4.981-v:62.000)-(t:4.989-v:58.000)-(t:4.995-v:57.000)-(t:5.002-v:56.000)-(t:5.011-v:55.000)-(t:5.020-v:54.000)-(t:5.028-v:53.000)-(t:5.037-v:52.000)-(t:5.046-v:51.000)-(t:5.053-v:49.000)-(t:5.076-v:48.000)-(t:5.083-v:47.000)-(t:5.090-v:46.000)-(t:5.097-v:45.000)-(t:5.106-v:44.000)-(t:5.125-v:43.000)-(t:5.134-v:42.000)-(t:5.143-v:41.000)-(t:5.152-v:40.000)-(t:5.159-v:39.000)-(t:5.177-v:38.000)-(t:5.186-v:37.000)-(t:5.193-v:36.000)-(t:5.216-v:35.000)-(t:5.223-v:34.000)-(t:5.231-v:33.000)-(t:5.238-v:31.000)-(t:5.252-v:30.000)-(t:5.261-v:29.000)-(t:5.268-v:27.000)-(t:5.276-v:26.000)-(t:5.288-v:25.000)-(t:5.299-v:24.000)-(t:5.315-v:22.000)-(t:5.324-v:21.000)-(t:5.332-v:19.000)-(t:5.353-v:18.000)-(t:5.368-v:17.000)-(t:5.394-v:16.000)-(t:5.402-v:15.000)-(t:5.428-v:14.000)-(t:5.487-v:13.000)-(t:5.514-v:12.000)-(t:5.529-v:11.000)-(t:5.574-v:10.000)-(t:5.597-v:9.000)-(t:5.624-v:8.000)-(t:6.007-v:7.000)-(t:6.038-v:6.000)-(t:10.310-v:5.000)-(t:12.739-v:4.000)-(t:12.838-v:3.000)-(t:17.288-v:2.000)-(t:17.616-v:1.000)],300.000
examples/csp/csp_100/carseq_100_8_20_86.txt,dqn,300,3,[(t:4.676-v:138.000)-(t:4.692-v:129.000)-(t:4.698-v:128.000)-(t:4.717-v:125.000)-(t:4.725-v:121.000)-(t:4.733-v:120.000)-(t:4.748-v:119.000)-(t:4.756-v:115.000)-(t:4.765-v:112.000)-(t:4.775-v:111.000)-(t:4.784-v:108.000)-(t:4.792-v:107.000)-(t:4.800-v:104.000)-(t:4.808-v:101.000)-(t:4.815-v:99.000)-(t:4.823-v:98.000)-(t:4.830-v:96.000)-(t:4.839-v:95.000)-(t:4.846-v:94.000)-(t:4.854-v:93.000)-(t:4.864-v:92.000)-(t:4.873-v:90.000)-(t:4.882-v:89.000)-(t:4.892-v:87.000)-(t:4.899-v:84.000)-(t:4.907-v:82.000)-(t:4.933-v:80.000)-(t:4.940-v:79.000)-(t:4.949-v:78.000)-(t:4.957-v:75.000)-(t:4.966-v:74.000)-(t:4.975-v:73.000)-(t:4.983-v:72.000)-(t:4.992-v:71.000)-(t:5.003-v:70.000)-(t:5.011-v:69.000)-(t:5.019-v:68.000)-(t:5.034-v:66.000)-(t:5.044-v:65.000)-(t:5.051-v:64.000)-(t:5.060-v:63.000)-(t:5.078-v:62.000)-(t:5.092-v:61.000)-(t:5.102-v:60.000)-(t:5.116-v:59.000)-(t:5.128-v:58.000)-(t:5.165-v:57.000)-(t:5.174-v:56.000)-(t:5.187-v:55.000)-(t:5.197-v:54.000)-(t:5.206-v:51.000)-(t:5.215-v:50.000)-(t:5.227-v:48.000)-(t:5.237-v:47.000)-(t:5.247-v:46.000)-(t:5.256-v:45.000)-(t:5.265-v:44.000)-(t:5.285-v:43.000)-(t:5.308-v:42.000)-(t:5.322-v:41.000)-(t:5.348-v:40.000)-(t:5.360-v:39.000)-(t:5.370-v:37.000)-(t:5.388-v:36.000)-(t:5.409-v:35.000)-(t:5.435-v:34.000)-(t:5.443-v:33.000)-(t:5.477-v:32.000)-(t:5.487-v:30.000)-(t:5.497-v:29.000)-(t:5.506-v:27.000)-(t:5.528-v:26.000)-(t:5.539-v:25.000)-(t:5.629-v:24.000)-(t:5.638-v:23.000)-(t:5.648-v:22.000)-(t:5.669-v:21.000)-(t:5.690-v:20.000)-(t:5.704-v:19.000)-(t:5.720-v:18.000)-(t:5.733-v:17.000)-(t:5.748-v:16.000)-(t:5.762-v:15.000)-(t:5.815-v:14.000)-(t:5.826-v:13.000)-(t:5.853-v:12.000)-(t:5.868-v:11.000)-(t:7.279-v:10.000)-(t:7.365-v:9.000)-(t:7.452-v:8.000)-(t:7.537-v:7.000)-(t:12.732-v:6.000)-(t:12.933-v:5.000)-(t:87.028-v:4.000)-(t:190.174-v:3.000)],300.000
examples/csp/csp_300/carseq_300_8_20_62.txt,dqn,300,,,
examples/csp/csp_300/carseq_300_8_20_76.txt,dqn,300,,,
examples/csp/csp_300/carseq_300_8_20_78.txt,dqn,300,,,
examples/csp/csp_300/carseq_300_8_20_80.txt,dqn,300,,,
examples/csp/csp_300/carseq_300_8_20_81.txt,dqn,300,,,
examples/csp/csp_100/carseq_100_8_20_98.txt,dqn,300,2,[(t:7.590-v:128.000)-(t:7.602-v:127.000)-(t:7.620-v:125.000)-(t:7.640-v:124.000)-(t:7.651-v:120.000)-(t:7.667-v:118.000)-(t:7.679-v:114.000)-(t:7.689-v:113.000)-(t:7.703-v:111.000)-(t:7.715-v:108.000)-(t:7.728-v:106.000)-(t:7.740-v:103.000)-(t:7.751-v:100.000)-(t:7.764-v:98.000)-(t:7.774-v:96.000)-(t:7.796-v:95.000)-(t:7.807-v:90.000)-(t:7.819-v:88.000)-(t:7.831-v:87.000)-(t:7.840-v:82.000)-(t:7.851-v:81.000)-(t:7.862-v:79.000)-(t:7.869-v:78.000)-(t:7.881-v:76.000)-(t:7.894-v:75.000)-(t:7.907-v:72.000)-(t:7.919-v:69.000)-(t:7.928-v:68.000)-(t:7.938-v:67.000)-(t:7.950-v:65.000)-(t:7.963-v:64.000)-(t:7.971-v:63.000)-(t:7.978-v:62.000)-(t:8.005-v:61.000)-(t:8.022-v:60.000)-(t:8.032-v:59.000)-(t:8.042-v:57.000)-(t:8.054-v:55.000)-(t:8.064-v:54.000)-(t:8.070-v:53.000)-(t:8.077-v:52.000)-(t:8.083-v:50.000)-(t:8.099-v:49.000)-(t:8.110-v:48.000)-(t:8.120-v:47.000)-(t:8.130-v:46.000)-(t:8.162-v:45.000)-(t:8.173-v:43.000)-(t:8.179-v:42.000)-(t:8.191-v:41.000)-(t:8.201-v:40.000)-(t:8.251-v:39.000)-(t:8.261-v:38.000)-(t:8.273-v:37.000)-(t:8.309-v:36.000)-(t:8.320-v:35.000)-(t:8.332-v:34.000)-(t:8.346-v:33.000)-(t:8.357-v:32.000)-(t:8.365-v:31.000)-(t:8.378-v:30.000)-(t:8.391-v:29.000)-(t:8.420-v:28.000)-(t:8.449-v:27.000)-(t:8.506-v:26.000)-(t:8.517-v:25.000)-(t:8.539-v:24.000)-(t:8.554-v:23.000)-(t:8.644-v:22.000)-(t:8.662-v:21.000)-(t:8.679-v:20.000)-(t:8.744-v:19.000)-(t:8.756-v:18.000)-(t:8.770-v:17.000)-(t:8.785-v:16.000)-(t:8.812-v:15.000)-(t:8.842-v:14.000)-(t:8.865-v:13.000)-(t:8.877-v:12.000)-(t:8.894-v:11.000)-(t:8.918-v:10.000)-(t:8.961-v:9.000)-(t:9.376-v:8.000)-(t:9.450-v:7.000)-(t:9.514-v:6.000)-(t:9.529-v:5.000)-(t:15.771-v:4.000)-(t:24.845-v:3.000)-(t:35.129-v:2.000)],300.000
examples/csp/csp_100/carseq_100_8_20_99.txt,dqn,300,4,[(t:7.510-v:116.000)-(t:7.519-v:113.000)-(t:7.544-v:112.000)-(t:7.557-v:108.000)-(t:7.571-v:105.000)-(t:7.582-v:104.000)-(t:7.595-v:102.000)-(t:7.605-v:101.000)-(t:7.615-v:100.000)-(t:7.627-v:98.000)-(t:7.640-v:95.000)-(t:7.653-v:93.000)-(t:7.665-v:91.000)-(t:7.676-v:88.000)-(t:7.688-v:87.000)-(t:7.695-v:86.000)-(t:7.706-v:84.000)-(t:7.726-v:82.000)-(t:7.737-v:81.000)-(t:7.744-v:77.000)-(t:7.756-v:75.000)-(t:7.768-v:74.000)-(t:7.778-v:72.000)-(t:7.789-v:70.000)-(t:7.795-v:69.000)-(t:7.809-v:68.000)-(t:7.820-v:67.000)-(t:7.832-v:66.000)-(t:7.845-v:65.000)-(t:7.850-v:62.000)-(t:7.865-v:60.000)-(t:7.877-v:59.000)-(t:7.887-v:58.000)-(t:7.897-v:57.000)-(t:7.905-v:55.000)-(t:7.914-v:54.000)-(t:7.926-v:53.000)-(t:7.937-v:52.000)-(t:7.947-v:49.000)-(t:7.965-v:48.000)-(t:7.976-v:47.000)-(t:7.987-v:46.000)-(t:8.006-v:45.000)-(t:8.014-v:44.000)-(t:8.029-v:43.000)-(t:8.043-v:42.000)-(t:8.065-v:41.000)-(t:8.082-v:40.000)-(t:8.095-v:39.000)-(t:8.109-v:38.000)-(t:8.122-v:37.000)-(t:8.158-v:36.000)-(t:8.166-v:35.000)-(t:8.204-v:34.000)-(t:8.217-v:33.000)-(t:8.247-v:32.000)-(t:8.279-v:31.000)-(t:8.317-v:30.000)-(t:8.327-v:28.000)-(t:8.347-v:27.000)-(t:8.358-v:26.000)-(t:8.374-v:25.000)-(t:8.385-v:24.000)-(t:8.404-v:23.000)-(t:8.416-v:22.000)-(t:8.429-v:21.000)-(t:8.441-v:19.000)-(t:8.453-v:18.000)-(t:8.493-v:17.000)-(t:8.516-v:16.000)-(t:8.530-v:15.000)-(t:8.551-v:14.000)-(t:8.619-v:13.000)-(t:8.674-v:11.000)-(t:8.973-v:10.000)-(t:8.997-v:9.000)-(t:9.055-v:8.000)-(t:9.101-v:7.000)-(t:15.810-v:6.000)-(t:28.582-v:5.000)-(t:64.807-v:4.000)],300.000
examples/csp/csp_300/pb_300_06.txt,dqn,300,,,
examples/csp/csp_300/pb_300_07.txt,dqn,300,,,
examples/csp/csp_300/pb_300_08.txt,dqn,300,,,
examples/csp/csp_300/pb_300_09.txt,dqn,300,,,
examples/csp/csp_300/pb_300_10.txt,dqn,300,,,
examples/csp/csp_100/carseq_100_8_20_62.txt,dqn,300,0,[(t:5.105-v:118.000)-(t:5.113-v:117.000)-(t:5.159-v:116.000)-(t:5.175-v:114.000)-(t:5.183-v:113.000)-(t:5.192-v:112.000)-(t:5.200-v:110.000)-(t:5.219-v:109.000)-(t:5.230-v:108.000)-(t:5.242-v:107.000)-(t:5.252-v:106.000)-(t:5.263-v:103.000)-(t:5.271-v:100.000)-(t:5.280-v:99.000)-(t:5.290-v:97.000)-(t:5.299-v:96.000)-(t:5.308-v:95.000)-(t:5.317-v:94.000)-(t:5.327-v:92.000)-(t:5.335-v:91.000)-(t:5.343-v:89.000)-(t:5.351-v:88.000)-(t:5.361-v:87.000)-(t:5.369-v:86.000)-(t:5.378-v:85.000)-(t:5.386-v:84.000)-(t:5.394-v:83.000)-(t:5.412-v:82.000)-(t:5.420-v:81.000)-(t:5.430-v:79.000)-(t:5.438-v:78.000)-(t:5.446-v:76.000)-(t:5.455-v:75.000)-(t:5.464-v:73.000)-(t:5.474-v:71.000)-(t:5.484-v:70.000)-(t:5.494-v:69.000)-(t:5.503-v:68.000)-(t:5.513-v:66.000)-(t:5.522-v:65.000)-(t:5.533-v:64.000)-(t:5.544-v:63.000)-(t:5.557-v:62.000)-(t:5.568-v:61.000)-(t:5.578-v:59.000)-(t:5.587-v:58.000)-(t:5.611-v:57.000)-(t:5.620-v:56.000)-(t:5.629-v:55.000)-(t:5.639-v:54.000)-(t:5.649-v:53.000)-(t:5.665-v:52.000)-(t:5.674-v:51.000)-(t:5.683-v:50.000)-(t:5.692-v:49.000)-(t:5.701-v:48.000)-(t:5.710-v:47.000)-(t:5.720-v:46.000)-(t:5.730-v:45.000)-(t:5.738-v:44.000)-(t:5.756-v:43.000)-(t:5.765-v:41.000)-(t:5.782-v:40.000)-(t:5.793-v:39.000)-(t:5.802-v:38.000)-(t:5.815-v:37.000)-(t:5.826-v:36.000)-(t:5.871-v:35.000)-(t:5.902-v:34.000)-(t:5.935-v:33.000)-(t:5.954-v:32.000)-(t:5.966-v:31.000)-(t:5.978-v:30.000)-(t:6.000-v:29.000)-(t:6.019-v:28.000)-(t:6.034-v:27.000)-(t:6.045-v:26.000)-(t:6.114-v:25.000)-(t:6.124-v:24.000)-(t:6.139-v:23.000)-(t:6.206-v:22.000)-(t:6.215-v:19.000)-(t:6.240-v:18.000)-(t:6.293-v:16.000)-(t:6.303-v:15.000)-(t:6.366-v:13.000)-(t:6.376-v:12.000)-(t:6.394-v:11.000)-(t:6.407-v:10.000)-(t:6.454-v:9.000)-(t:6.469-v:8.000)-(t:6.489-v:7.000)-(t:6.503-v:6.000)-(t:6.533-v:5.000)-(t:6.546-v:4.000)-(t:6.798-v:3.000)-(t:6.821-v:2.000)-(t:8.819-v:1.000)-(t:16.162-v:0.000)],16.162
examples/csp/csp_100/carseq_100_8_20_64.txt,dqn,300,0,[(t:4.951-v:121.000)-(t:4.993-v:118.000)-(t:5.001-v:117.000)-(t:5.008-v:114.000)-(t:5.017-v:112.000)-(t:5.023-v:111.000)-(t:5.035-v:110.000)-(t:5.042-v:109.000)-(t:5.052-v:108.000)-(t:5.059-v:106.000)-(t:5.075-v:103.000)-(t:5.083-v:100.000)-(t:5.090-v:99.000)-(t:5.099-v:97.000)-(t:5.106-v:96.000)-(t:5.114-v:91.000)-(t:5.125-v:83.000)-(t:5.134-v:82.000)-(t:5.142-v:79.000)-(t:5.151-v:77.000)-(t:5.161-v:76.000)-(t:5.170-v:73.000)-(t:5.187-v:70.000)-(t:5.198-v:69.000)-(t:5.207-v:67.000)-(t:5.215-v:66.000)-(t:5.223-v:64.000)-(t:5.231-v:63.000)-(t:5.239-v:61.000)-(t:5.253-v:60.000)-(t:5.262-v:59.000)-(t:5.271-v:58.000)-(t:5.278-v:57.000)-(t:5.293-v:56.000)-(t:5.301-v:55.000)-(t:5.309-v:53.000)-(t:5.316-v:52.000)-(t:5.324-v:51.000)-(t:5.331-v:50.000)-(t:5.338-v:49.000)-(t:5.346-v:48.000)-(t:5.353-v:47.000)-(t:5.360-v:46.000)-(t:5.372-v:45.000)-(t:5.379-v:44.000)-(t:5.386-v:43.000)-(t:5.395-v:41.000)-(t:5.404-v:40.000)-(t:5.411-v:39.000)-(t:5.427-v:38.000)-(t:5.436-v:36.000)-(t:5.450-v:35.000)-(t:5.461-v:34.000)-(t:5.469-v:33.000)-(t:5.476-v:32.000)-(t:5.484-v:30.000)-(t:5.492-v:28.000)-(t:5.500-v:27.000)-(t:5.510-v:26.000)-(t:5.527-v:25.000)-(t:5.545-v:24.000)-(t:5.566-v:23.000)-(t:5.602-v:22.000)-(t:5.612-v:21.000)-(t:5.622-v:20.000)-(t:5.654-v:19.000)-(t:5.686-v:18.000)-(t:5.748-v:17.000)-(t:5.754-v:16.000)-(t:5.761-v:15.000)-(t:5.775-v:14.000)-(t:5.796-v:13.000)-(t:5.821-v:12.000)-(t:5.828-v:11.000)-(t:5.871-v:10.000)-(t:5.880-v:9.000)-(t:5.894-v:8.000)-(t:5.918-v:7.000)-(t:5.925-v:6.000)-(t:6.343-v:5.000)-(t:6.393-v:4.000)-(t:7.932-v:3.000)-(t:8.286-v:2.000)-(t:18.824-v:1.000)-(t:26.181-v:0.000)],26.181
examples/csp/csp_100/carseq_100_8_20_67.txt,dqn,300,0,[(t:7.865-v:104.000)-(t:7.883-v:103.000)-(t:7.898-v:100.000)-(t:7.917-v:99.000)-(t:7.929-v:96.000)-(t:7.954-v:94.000)-(t:7.969-v:93.000)-(t:7.983-v:91.000)-(t:7.992-v:90.000)-(t:8.004-v:88.000)-(t:8.017-v:87.000)-(t:8.029-v:86.000)-(t:8.045-v:84.000)-(t:8.057-v:83.000)-(t:8.066-v:82.000)-(t:8.077-v:81.000)-(t:8.087-v:80.000)-(t:8.098-v:77.000)-(t:8.110-v:75.000)-(t:8.121-v:74.000)-(t:8.140-v:73.000)-(t:8.153-v:72.000)-(t:8.164-v:69.000)-(t:8.170-v:68.000)-(t:8.182-v:67.000)-(t:8.195-v:66.000)-(t:8.203-v:65.000)-(t:8.216-v:64.000)-(t:8.227-v:63.000)-(t:8.241-v:62.000)-(t:8.260-v:61.000)-(t:8.271-v:60.000)-(t:8.280-v:59.000)-(t:8.291-v:57.000)-(t:8.315-v:56.000)-(t:8.326-v:55.000)-(t:8.346-v:54.000)-(t:8.358-v:53.000)-(t:8.370-v:52.000)-(t:8.376-v:50.000)-(t:8.389-v:49.000)-(t:8.402-v:48.000)-(t:8.414-v:47.000)-(t:8.425-v:46.000)-(t:8.436-v:45.000)-(t:8.447-v:44.000)-(t:8.457-v:42.000)-(t:8.468-v:41.000)-(t:8.479-v:40.000)-(t:8.485-v:39.000)-(t:8.491-v:37.000)-(t:8.501-v:35.000)-(t:8.514-v:34.000)-(t:8.525-v:33.000)-(t:8.535-v:32.000)-(t:8.548-v:30.000)-(t:8.569-v:28.000)-(t:8.581-v:27.000)-(t:8.589-v:26.000)-(t:8.600-v:25.000)-(t:8.612-v:24.000)-(t:8.628-v:23.000)-(t:8.640-v:22.000)-(t:8.658-v:21.000)-(t:8.670-v:20.000)-(t:8.688-v:19.000)-(t:8.712-v:18.000)-(t:8.734-v:17.000)-(t:8.778-v:16.000)-(t:8.790-v:14.000)-(t:8.799-v:13.000)-(t:8.809-v:12.000)-(t:8.873-v:11.000)-(t:8.897-v:10.000)-(t:8.914-v:9.000)-(t:8.932-v:8.000)-(t:8.999-v:7.000)-(t:9.013-v:6.000)-(t:9.031-v:5.000)-(t:9.046-v:4.000)-(t:9.544-v:3.000)-(t:10.076-v:2.000)-(t:16.190-v:1.000)-(t:75.776-v:0.000)],75.776
examples/csp/csp_100/carseq_100_8_20_71.txt,dqn,300,0,[(t:7.480-v:142.000)-(t:7.498-v:141.000)-(t:7.510-v:137.000)-(t:7.525-v:136.000)-(t:7.545-v:133.000)-(t:7.559-v:131.000)-(t:7.571-v:126.000)-(t:7.582-v:124.000)-(t:7.591-v:123.000)-(t:7.599-v:120.000)-(t:7.621-v:119.000)-(t:7.631-v:118.000)-(t:7.640-v:116.000)-(t:7.657-v:115.000)-(t:7.670-v:113.000)-(t:7.682-v:112.000)-(t:7.694-v:110.000)-(t:7.705-v:108.000)-(t:7.716-v:107.000)-(t:7.728-v:105.000)-(t:7.740-v:104.000)-(t:7.756-v:103.000)-(t:7.766-v:102.000)-(t:7.777-v:101.000)-(t:7.788-v:98.000)-(t:7.798-v:97.000)-(t:7.807-v:96.000)-(t:7.819-v:95.000)-(t:7.833-v:94.000)-(t:7.843-v:93.000)-(t:7.855-v:90.000)-(t:7.867-v:89.000)-(t:7.879-v:87.000)-(t:7.889-v:86.000)-(t:7.900-v:85.000)-(t:7.911-v:84.000)-(t:7.919-v:83.000)-(t:7.927-v:81.000)-(t:7.937-v:80.000)-(t:7.949-v:79.000)-(t:7.959-v:78.000)-(t:7.972-v:77.000)-(t:7.983-v:76.000)-(t:7.992-v:74.000)-(t:8.018-v:72.000)-(t:8.025-v:71.000)-(t:8.037-v:70.000)-(t:8.048-v:69.000)-(t:8.058-v:68.000)-(t:8.069-v:67.000)-(t:8.081-v:66.000)-(t:8.092-v:65.000)-(t:8.102-v:63.000)-(t:8.114-v:62.000)-(t:8.124-v:61.000)-(t:8.135-v:59.000)-(t:8.141-v:58.000)-(t:8.147-v:57.000)-(t:8.157-v:56.000)-(t:8.168-v:54.000)-(t:8.178-v:53.000)-(t:8.188-v:52.000)-(t:8.199-v:50.000)-(t:8.211-v:49.000)-(t:8.222-v:48.000)-(t:8.235-v:47.000)-(t:8.245-v:46.000)-(t:8.253-v:45.000)-(t:8.277-v:44.000)-(t:8.286-v:43.000)-(t:8.297-v:42.000)-(t:8.308-v:41.000)-(t:8.323-v:40.000)-(t:8.333-v:39.000)-(t:8.344-v:38.000)-(t:8.355-v:36.000)-(t:8.364-v:35.000)-(t:8.375-v:34.000)-(t:8.389-v:33.000)-(t:8.406-v:32.000)-(t:8.428-v:31.000)-(t:8.452-v:29.000)-(t:8.466-v:28.000)-(t:8.490-v:27.000)-(t:8.525-v:26.000)-(t:8.552-v:25.000)-(t:8.558-v:24.000)-(t:8.574-v:23.000)-(t:8.643-v:22.000)-(t:8.666-v:21.000)-(t:8.679-v:20.000)-(t:8.714-v:19.000)-(t:8.746-v:18.000)-(t:8.807-v:17.000)-(t:8.821-v:16.000)-(t:8.831-v:15.000)-(t:8.862-v:14.000)-(t:8.882-v:13.000)-(t:8.943-v:12.000)-(t:8.956-v:11.000)-(t:8.974-v:10.000)-(t:8.992-v:9.000)-(t:11.789-v:8.000)-(t:11.987-v:7.000)-(t:18.752-v:6.000)-(t:18.955-v:5.000)-(t:32.475-v:4.000)-(t:64.376-v:3.000)-(t:85.242-v:2.000)-(t:102.205-v:1.000)-(t:140.634-v:0.000)],140.634
examples/csp/csp_100/carseq_100_8_20_73.txt,dqn,300,0,[(t:8.344-v:99.000)-(t:8.365-v:98.000)-(t:8.378-v:94.000)-(t:8.391-v:91.000)-(t:8.401-v:90.000)-(t:8.430-v:89.000)-(t:8.441-v:88.000)-(t:8.453-v:87.000)-(t:8.465-v:86.000)-(t:8.476-v:82.000)-(t:8.496-v:81.000)-(t:8.504-v:80.000)-(t:8.510-v:77.000)-(t:8.518-v:76.000)-(t:8.523-v:75.000)-(t:8.529-v:74.000)-(t:8.543-v:73.000)-(t:8.558-v:72.000)-(t:8.568-v:68.000)-(t:8.581-v:66.000)-(t:8.593-v:65.000)-(t:8.604-v:64.000)-(t:8.616-v:63.000)-(t:8.627-v:62.000)-(t:8.633-v:61.000)-(t:8.649-v:60.000)-(t:8.659-v:59.000)-(t:8.670-v:58.000)-(t:8.682-v:57.000)-(t:8.691-v:55.000)-(t:8.702-v:53.000)-(t:8.714-v:51.000)-(t:8.725-v:48.000)-(t:8.736-v:46.000)-(t:8.741-v:45.000)-(t:8.747-v:44.000)-(t:8.759-v:43.000)-(t:8.772-v:42.000)-(t:8.784-v:41.000)-(t:8.796-v:40.000)-(t:8.810-v:39.000)-(t:8.821-v:38.000)-(t:8.833-v:35.000)-(t:8.842-v:34.000)-(t:8.850-v:33.000)-(t:8.860-v:32.000)-(t:8.873-v:31.000)-(t:8.886-v:29.000)-(t:8.934-v:28.000)-(t:8.950-v:27.000)-(t:8.968-v:26.000)-(t:8.979-v:25.000)-(t:8.989-v:24.000)-(t:9.006-v:23.000)-(t:9.016-v:22.000)-(t:9.026-v:21.000)-(t:9.046-v:20.000)-(t:9.053-v:19.000)-(t:9.067-v:18.000)-(t:9.081-v:17.000)-(t:9.094-v:16.000)-(t:9.112-v:15.000)-(t:9.147-v:14.000)-(t:9.160-v:13.000)-(t:9.194-v:12.000)-(t:9.207-v:11.000)-(t:9.240-v:10.000)-(t:9.249-v:9.000)-(t:9.306-v:8.000)-(t:9.338-v:7.000)-(t:9.401-v:6.000)-(t:9.438-v:5.000)-(t:9.832-v:4.000)-(t:9.874-v:3.000)-(t:9.899-v:2.000)-(t:9.934-v:1.000)-(t:10.286-v:0.000)],10.286
examples/csp/csp_100/carseq_100_8_20_77.txt,dqn,300,0,[(t:8.256-v:100.000)-(t:8.281-v:98.000)-(t:8.303-v:97.000)-(t:8.317-v:92.000)-(t:8.336-v:91.000)-(t:8.348-v:88.000)-(t:8.367-v:87.000)-(t:8.380-v:86.000)-(t:8.393-v:85.000)-(t:8.407-v:84.000)-(t:8.417-v:83.000)-(t:8.430-v:79.000)-(t:8.442-v:78.000)-(t:8.454-v:76.000)-(t:8.472-v:75.000)-(t:8.484-v:74.000)-(t:8.496-v:69.000)-(t:8.505-v:66.000)-(t:8.518-v:65.000)-(t:8.530-v:61.000)-(t:8.541-v:60.000)-(t:8.551-v:59.000)-(t:8.562-v:58.000)-(t:8.573-v:57.000)-(t:8.583-v:55.000)-(t:8.594-v:54.000)-(t:8.607-v:53.000)-(t:8.619-v:52.000)-(t:8.629-v:51.000)-(t:8.641-v:50.000)-(t:8.653-v:49.000)-(t:8.664-v:48.000)-(t:8.676-v:47.000)-(t:8.688-v:46.000)-(t:8.700-v:45.000)-(t:8.711-v:44.000)-(t:8.719-v:43.000)-(t:8.736-v:42.000)-(t:8.747-v:40.000)-(t:8.762-v:39.000)-(t:8.777-v:38.000)-(t:8.787-v:37.000)-(t:8.799-v:36.000)-(t:8.813-v:35.000)-(t:8.822-v:34.000)-(t:8.835-v:33.000)-(t:8.847-v:32.000)-(t:8.859-v:31.000)-(t:8.874-v:30.000)-(t:8.887-v:29.000)-(t:8.898-v:28.000)-(t:8.909-v:27.000)-(t:8.929-v:26.000)-(t:8.943-v:25.000)-(t:8.983-v:24.000)-(t:9.048-v:23.000)-(t:9.062-v:22.000)-(t:9.077-v:21.000)-(t:9.089-v:20.000)-(t:9.103-v:19.000)-(t:9.116-v:18.000)-(t:9.168-v:17.000)-(t:9.233-v:16.000)-(t:9.273-v:15.000)-(t:9.317-v:14.000)-(t:9.330-v:13.000)-(t:9.341-v:12.000)-(t:9.370-v:11.000)-(t:9.422-v:10.000)-(t:9.444-v:9.000)-(t:9.496-v:8.000)-(t:9.545-v:7.000)-(t:9.559-v:6.000)-(t:9.597-v:5.000)-(t:9.621-v:4.000)-(t:9.645-v:3.000)-(t:9.664-v:2.000)-(t:9.909-v:1.000)-(t:38.513-v:0.000)],38.513
examples/csp/csp_100/16-81.txt,dqn,300,1,[(t:5.487-v:134.000)-(t:5.507-v:133.000)-(t:5.515-v:131.000)-(t:5.526-v:130.000)-(t:5.540-v:128.000)-(t:5.549-v:127.000)-(t:5.557-v:126.000)-(t:5.564-v:125.000)-(t:5.573-v:124.000)-(t:5.581-v:122.000)-(t:5.589-v:119.000)-(t:5.596-v:116.000)-(t:5.605-v:115.000)-(t:5.612-v:114.000)-(t:5.620-v:112.000)-(t:5.628-v:110.000)-(t:5.637-v:108.000)-(t:5.644-v:103.000)-(t:5.653-v:99.000)-(t:5.661-v:98.000)-(t:5.669-v:97.000)-(t:5.677-v:96.000)-(t:5.686-v:95.000)-(t:5.694-v:94.000)-(t:5.704-v:93.000)-(t:5.712-v:91.000)-(t:5.719-v:89.000)-(t:5.728-v:88.000)-(t:5.736-v:87.000)-(t:5.744-v:86.000)-(t:5.751-v:85.000)-(t:5.759-v:83.000)-(t:5.769-v:82.000)-(t:5.777-v:80.000)-(t:5.787-v:79.000)-(t:5.796-v:78.000)-(t:5.804-v:77.000)-(t:5.812-v:75.000)-(t:5.821-v:73.000)-(t:5.828-v:71.000)-(t:5.849-v:70.000)-(t:5.859-v:69.000)-(t:5.869-v:68.000)-(t:5.878-v:67.000)-(t:5.886-v:66.000)-(t:5.898-v:65.000)-(t:5.908-v:64.000)-(t:5.920-v:63.000)-(t:5.930-v:62.000)-(t:5.946-v:61.000)-(t:5.960-v:59.000)-(t:5.974-v:58.000)-(t:5.988-v:57.000)-(t:6.000-v:56.000)-(t:6.012-v:55.000)-(t:6.033-v:54.000)-(t:6.043-v:52.000)-(t:6.056-v:50.000)-(t:6.070-v:49.000)-(t:6.081-v:48.000)-(t:6.090-v:47.000)-(t:6.100-v:46.000)-(t:6.119-v:45.000)-(t:6.129-v:44.000)-(t:6.139-v:42.000)-(t:6.149-v:41.000)-(t:6.157-v:40.000)-(t:6.165-v:39.000)-(t:6.226-v:38.000)-(t:6.235-v:37.000)-(t:6.266-v:36.000)-(t:6.272-v:35.000)-(t:6.278-v:34.000)-(t:6.286-v:32.000)-(t:6.296-v:31.000)-(t:6.303-v:30.000)-(t:6.311-v:29.000)-(t:6.336-v:28.000)-(t:6.347-v:27.000)-(t:6.355-v:26.000)-(t:6.380-v:25.000)-(t:6.389-v:24.000)-(t:6.413-v:23.000)-(t:6.428-v:22.000)-(t:6.442-v:21.000)-(t:6.479-v:20.000)-(t:6.489-v:19.000)-(t:6.498-v:18.000)-(t:6.515-v:17.000)-(t:6.570-v:16.000)-(t:6.579-v:15.000)-(t:6.585-v:14.000)-(t:6.619-v:13.000)-(t:6.629-v:12.000)-(t:6.638-v:11.000)-(t:6.663-v:10.000)-(t:6.798-v:9.000)-(t:32.418-v:8.000)-(t:32.591-v:7.000)-(t:37.328-v:5.000)-(t:37.502-v:4.000)-(t:49.013-v:3.000)-(t:126.120-v:2.000)-(t:228.233-v:1.000)],300.000
examples/csp/csp_100/21-90.txt,dqn,300,2,[(t:6.178-v:122.000)-(t:6.208-v:120.000)-(t:6.227-v:119.000)-(t:6.235-v:118.000)-(t:6.255-v:117.000)-(t:6.282-v:116.000)-(t:6.288-v:115.000)-(t:6.296-v:114.000)-(t:6.303-v:112.000)-(t:6.315-v:110.000)-(t:6.321-v:108.000)-(t:6.328-v:107.000)-(t:6.334-v:106.000)-(t:6.341-v:104.000)-(t:6.347-v:100.000)-(t:6.353-v:99.000)-(t:6.360-v:97.000)-(t:6.367-v:96.000)-(t:6.374-v:94.000)-(t:6.380-v:93.000)-(t:6.388-v:92.000)-(t:6.400-v:91.000)-(t:6.408-v:90.000)-(t:6.414-v:89.000)-(t:6.422-v:88.000)-(t:6.429-v:87.000)-(t:6.436-v:86.000)-(t:6.443-v:83.000)-(t:6.450-v:81.000)-(t:6.457-v:80.000)-(t:6.464-v:79.000)-(t:6.471-v:77.000)-(t:6.479-v:74.000)-(t:6.492-v:73.000)-(t:6.499-v:72.000)-(t:6.507-v:71.000)-(t:6.513-v:70.000)-(t:6.523-v:69.000)-(t:6.530-v:68.000)-(t:6.539-v:66.000)-(t:6.546-v:65.000)-(t:6.553-v:64.000)-(t:6.562-v:63.000)-(t:6.580-v:62.000)-(t:6.587-v:61.000)-(t:6.595-v:60.000)-(t:6.603-v:59.000)-(t:6.610-v:58.000)-(t:6.618-v:57.000)-(t:6.628-v:56.000)-(t:6.636-v:55.000)-(t:6.642-v:54.000)-(t:6.650-v:53.000)-(t:6.656-v:52.000)-(t:6.663-v:51.000)-(t:6.670-v:50.000)-(t:6.678-v:49.000)-(t:6.685-v:48.000)-(t:6.691-v:45.000)-(t:6.698-v:43.000)-(t:6.705-v:42.000)-(t:6.711-v:41.000)-(t:6.718-v:40.000)-(t:6.727-v:39.000)-(t:6.735-v:38.000)-(t:6.745-v:37.000)-(t:6.751-v:36.000)-(t:6.760-v:34.000)-(t:6.767-v:33.000)-(t:6.774-v:32.000)-(t:6.780-v:31.000)-(t:6.786-v:30.000)-(t:6.812-v:29.000)-(t:6.820-v:28.000)-(t:6.832-v:27.000)-(t:6.838-v:25.000)-(t:6.854-v:24.000)-(t:6.861-v:23.000)-(t:6.876-v:22.000)-(t:6.893-v:21.000)-(t:6.910-v:20.000)-(t:6.932-v:19.000)-(t:6.965-v:18.000)-(t:7.002-v:17.000)-(t:7.012-v:16.000)-(t:7.021-v:15.000)-(t:7.059-v:14.000)-(t:7.118-v:13.000)-(t:7.128-v:12.000)-(t:7.137-v:11.000)-(t:7.158-v:10.000)-(t:7.227-v:9.000)-(t:7.263-v:8.000)-(t:7.275-v:7.000)-(t:9.682-v:6.000)-(t:9.871-v:5.000)-(t:22.718-v:4.000)-(t:23.073-v:3.000)-(t:36.868-v:2.000)],21.519
examples/csp/csp_100/36-92.txt,dqn,300,2,[(t:6.090-v:136.000)-(t:6.104-v:133.000)-(t:6.112-v:132.000)-(t:6.119-v:131.000)-(t:6.131-v:126.000)-(t:6.137-v:124.000)-(t:6.146-v:123.000)-(t:6.163-v:119.000)-(t:6.171-v:118.000)-(t:6.178-v:116.000)-(t:6.185-v:113.000)-(t:6.192-v:111.000)-(t:6.202-v:109.000)-(t:6.209-v:107.000)-(t:6.216-v:106.000)-(t:6.226-v:105.000)-(t:6.237-v:104.000)-(t:6.245-v:102.000)-(t:6.257-v:100.000)-(t:6.266-v:94.000)-(t:6.275-v:91.000)-(t:6.282-v:89.000)-(t:6.289-v:87.000)-(t:6.297-v:86.000)-(t:6.305-v:85.000)-(t:6.312-v:84.000)-(t:6.320-v:83.000)-(t:6.328-v:82.000)-(t:6.336-v:81.000)-(t:6.344-v:80.000)-(t:6.351-v:77.000)-(t:6.359-v:76.000)-(t:6.365-v:75.000)-(t:6.373-v:73.000)-(t:6.380-v:72.000)-(t:6.390-v:71.000)-(t:6.398-v:67.000)-(t:6.414-v:65.000)-(t:6.423-v:64.000)-(t:6.434-v:63.000)-(t:6.441-v:60.000)-(t:6.448-v:59.000)-(t:6.456-v:54.000)-(t:6.466-v:53.000)-(t:6.473-v:49.000)-(t:6.481-v:48.000)-(t:6.488-v:45.000)-(t:6.496-v:44.000)-(t:6.505-v:42.000)-(t:6.511-v:41.000)-(t:6.520-v:40.000)-(t:6.528-v:39.000)-(t:6.534-v:38.000)-(t:6.564-v:37.000)-(t:6.573-v:36.000)-(t:6.581-v:35.000)-(t:6.595-v:34.000)-(t:6.604-v:33.000)-(t:6.622-v:32.000)-(t:6.631-v:31.000)-(t:6.650-v:29.000)-(t:6.660-v:28.000)-(t:6.669-v:26.000)-(t:6.678-v:24.000)-(t:6.706-v:23.000)-(t:6.723-v:22.000)-(t:6.734-v:21.000)-(t:6.744-v:20.000)-(t:6.779-v:19.000)-(t:6.794-v:18.000)-(t:6.831-v:17.000)-(t:6.839-v:16.000)-(t:6.869-v:15.000)-(t:6.918-v:14.000)-(t:7.010-v:13.000)-(t:7.022-v:12.000)-(t:7.034-v:11.000)-(t:7.549-v:10.000)-(t:7.560-v:9.000)-(t:7.576-v:8.000)-(t:7.594-v:7.000)-(t:19.848-v:6.000)-(t:22.961-v:5.000)-(t:31.780-v:4.000)-(t:88.011-v:3.000)-(t:92.467-v:2.000)],53.147
examples/csp/csp_100/4-72.txt,dqn,300,2,[(t:5.813-v:124.000)-(t:5.829-v:122.000)-(t:5.840-v:121.000)-(t:5.849-v:118.000)-(t:5.859-v:117.000)-(t:5.868-v:114.000)-(t:5.885-v:113.000)-(t:5.892-v:111.000)-(t:5.905-v:110.000)-(t:5.914-v:109.000)-(t:5.924-v:108.000)-(t:5.934-v:107.000)-(t:5.943-v:105.000)-(t:5.952-v:103.000)-(t:5.961-v:101.000)-(t:5.970-v:100.000)-(t:5.980-v:99.000)-(t:5.989-v:97.000)-(t:5.999-v:94.000)-(t:6.008-v:92.000)-(t:6.016-v:91.000)-(t:6.027-v:89.000)-(t:6.037-v:88.000)-(t:6.047-v:87.000)-(t:6.057-v:82.000)-(t:6.068-v:81.000)-(t:6.077-v:80.000)-(t:6.085-v:79.000)-(t:6.093-v:78.000)-(t:6.100-v:76.000)-(t:6.108-v:75.000)-(t:6.115-v:74.000)-(t:6.124-v:69.000)-(t:6.131-v:68.000)-(t:6.138-v:67.000)-(t:6.145-v:66.000)-(t:6.152-v:65.000)-(t:6.158-v:64.000)-(t:6.165-v:63.000)-(t:6.173-v:62.000)-(t:6.182-v:60.000)-(t:6.196-v:58.000)-(t:6.209-v:57.000)-(t:6.231-v:56.000)-(t:6.243-v:55.000)-(t:6.260-v:54.000)-(t:6.294-v:52.000)-(t:6.303-v:51.000)-(t:6.309-v:49.000)-(t:6.315-v:48.000)-(t:6.321-v:47.000)-(t:6.327-v:46.000)-(t:6.334-v:45.000)-(t:6.340-v:44.000)-(t:6.346-v:43.000)-(t:6.353-v:42.000)-(t:6.359-v:41.000)-(t:6.365-v:40.000)-(t:6.371-v:39.000)-(t:6.378-v:37.000)-(t:6.384-v:36.000)-(t:6.392-v:35.000)-(t:6.398-v:34.000)-(t:6.415-v:33.000)-(t:6.422-v:32.000)-(t:6.433-v:31.000)-(t:6.439-v:30.000)-(t:6.446-v:29.000)-(t:6.454-v:27.000)-(t:6.474-v:26.000)-(t:6.499-v:25.000)-(t:6.544-v:24.000)-(t:6.563-v:23.000)-(t:6.572-v:22.000)-(t:6.609-v:21.000)-(t:6.630-v:20.000)-(t:6.654-v:19.000)-(t:6.665-v:18.000)-(t:6.682-v:17.000)-(t:6.710-v:16.000)-(t:6.728-v:15.000)-(t:6.761-v:14.000)-(t:6.777-v:13.000)-(t:6.793-v:12.000)-(t:6.804-v:11.000)-(t:6.829-v:10.000)-(t:6.901-v:9.000)-(t:6.928-v:8.000)-(t:7.370-v:7.000)-(t:11.776-v:6.000)-(t:25.767-v:5.000)-(t:31.467-v:4.000)-(t:94.733-v:3.000)-(t:105.183-v:2.000)],300.000
examples/csp/csp_100/6-76.txt,dqn,300,6,[(t:6.543-v:90.000)-(t:6.581-v:88.000)-(t:6.592-v:86.000)-(t:6.602-v:84.000)-(t:6.612-v:81.000)-(t:6.631-v:77.000)-(t:6.641-v:75.000)-(t:6.660-v:71.000)-(t:6.671-v:69.000)-(t:6.681-v:67.000)-(t:6.691-v:66.000)-(t:6.702-v:64.000)-(t:6.711-v:63.000)-(t:6.730-v:61.000)-(t:6.740-v:60.000)-(t:6.751-v:59.000)-(t:6.762-v:58.000)-(t:6.773-v:56.000)-(t:6.783-v:55.000)-(t:6.793-v:54.000)-(t:6.802-v:53.000)-(t:6.812-v:52.000)-(t:6.821-v:51.000)-(t:6.830-v:50.000)-(t:6.842-v:49.000)-(t:6.851-v:48.000)-(t:6.861-v:47.000)-(t:6.871-v:45.000)-(t:6.880-v:44.000)-(t:6.888-v:43.000)-(t:6.898-v:42.000)-(t:6.910-v:41.000)-(t:6.919-v:40.000)-(t:6.928-v:39.000)-(t:6.938-v:38.000)-(t:6.951-v:37.000)-(t:6.960-v:36.000)-(t:6.970-v:35.000)-(t:6.981-v:34.000)-(t:6.994-v:33.000)-(t:7.017-v:32.000)-(t:7.027-v:31.000)-(t:7.036-v:30.000)-(t:7.045-v:29.000)-(t:7.056-v:26.000)-(t:7.064-v:25.000)-(t:7.073-v:24.000)-(t:7.082-v:23.000)-(t:7.094-v:22.000)-(t:7.103-v:21.000)-(t:7.112-v:20.000)-(t:7.121-v:19.000)-(t:7.149-v:18.000)-(t:7.161-v:16.000)-(t:7.210-v:15.000)-(t:7.219-v:14.000)-(t:7.229-v:13.000)-(t:7.243-v:12.000)-(t:7.311-v:11.000)-(t:7.360-v:10.000)-(t:7.387-v:9.000)-(t:7.449-v:8.000)-(t:7.475-v:7.000)-(t:7.489-v:6.000)],7.215
examples/csp/csp_100/carseq_100_8_20_90.txt,dqn,300,0,[(t:5.614-v:107.000)-(t:5.630-v:106.000)-(t:5.649-v:105.000)-(t:5.655-v:104.000)-(t:5.671-v:100.000)-(t:5.677-v:98.000)-(t:5.684-v:97.000)-(t:5.691-v:96.000)-(t:5.698-v:95.000)-(t:5.705-v:93.000)-(t:5.712-v:91.000)-(t:5.725-v:90.000)-(t:5.732-v:89.000)-(t:5.740-v:88.000)-(t:5.749-v:87.000)-(t:5.763-v:86.000)-(t:5.771-v:82.000)-(t:5.777-v:81.000)-(t:5.783-v:80.000)-(t:5.790-v:79.000)-(t:5.797-v:78.000)-(t:5.803-v:77.000)-(t:5.812-v:76.000)-(t:5.820-v:73.000)-(t:5.832-v:72.000)-(t:5.838-v:71.000)-(t:5.850-v:70.000)-(t:5.856-v:69.000)-(t:5.863-v:68.000)-(t:5.870-v:67.000)-(t:5.878-v:66.000)-(t:5.884-v:63.000)-(t:5.894-v:62.000)-(t:5.902-v:61.000)-(t:5.911-v:60.000)-(t:5.917-v:59.000)-(t:5.925-v:58.000)-(t:5.933-v:57.000)-(t:5.941-v:56.000)-(t:5.949-v:54.000)-(t:5.957-v:53.000)-(t:5.964-v:52.000)-(t:5.971-v:50.000)-(t:5.979-v:49.000)-(t:5.989-v:48.000)-(t:5.996-v:47.000)-(t:6.010-v:46.000)-(t:6.019-v:45.000)-(t:6.028-v:44.000)-(t:6.036-v:43.000)-(t:6.045-v:42.000)-(t:6.053-v:41.000)-(t:6.060-v:40.000)-(t:6.067-v:39.000)-(t:6.074-v:38.000)-(t:6.082-v:37.000)-(t:6.094-v:36.000)-(t:6.107-v:35.000)-(t:6.115-v:34.000)-(t:6.123-v:33.000)-(t:6.130-v:32.000)-(t:6.140-v:31.000)-(t:6.159-v:30.000)-(t:6.168-v:29.000)-(t:6.175-v:28.000)-(t:6.182-v:27.000)-(t:6.195-v:26.000)-(t:6.205-v:25.000)-(t:6.216-v:24.000)-(t:6.225-v:23.000)-(t:6.235-v:22.000)-(t:6.244-v:21.000)-(t:6.279-v:20.000)-(t:6.320-v:19.000)-(t:6.329-v:18.000)-(t:6.353-v:17.000)-(t:6.360-v:16.000)-(t:6.423-v:15.000)-(t:6.435-v:14.000)-(t:6.447-v:13.000)-(t:6.454-v:12.000)-(t:6.509-v:11.000)-(t:6.518-v:10.000)-(t:6.526-v:9.000)-(t:6.548-v:8.000)-(t:6.556-v:7.000)-(t:6.568-v:6.000)-(t:6.582-v:5.000)-(t:6.595-v:4.000)-(t:8.094-v:3.000)-(t:8.188-v:2.000)-(t:11.106-v:1.000)-(t:35.461-v:0.000)],35.461
examples/csp/csp_100/carseq_100_8_20_94.txt,dqn,300,0,[(t:5.966-v:128.000)-(t:5.989-v:127.000)-(t:5.995-v:124.000)-(t:6.011-v:123.000)-(t:6.026-v:122.000)-(t:6.035-v:121.000)-(t:6.049-v:119.000)-(t:6.060-v:118.000)-(t:6.071-v:117.000)-(t:6.080-v:116.000)-(t:6.089-v:114.000)-(t:6.097-v:113.000)-(t:6.106-v:112.000)-(t:6.114-v:110.000)-(t:6.121-v:108.000)-(t:6.130-v:107.000)-(t:6.137-v:106.000)-(t:6.146-v:104.000)-(t:6.154-v:103.000)-(t:6.162-v:100.000)-(t:6.171-v:98.000)-(t:6.179-v:95.000)-(t:6.188-v:93.000)-(t:6.198-v:91.000)-(t:6.207-v:90.000)-(t:6.223-v:88.000)-(t:6.233-v:87.000)-(t:6.247-v:84.000)-(t:6.254-v:82.000)-(t:6.270-v:81.000)-(t:6.280-v:79.000)-(t:6.288-v:78.000)-(t:6.298-v:77.000)-(t:6.306-v:75.000)-(t:6.314-v:74.000)-(t:6.323-v:73.000)-(t:6.331-v:71.000)-(t:6.339-v:70.000)-(t:6.347-v:69.000)-(t:6.355-v:67.000)-(t:6.362-v:66.000)-(t:6.370-v:65.000)-(t:6.379-v:64.000)-(t:6.389-v:63.000)-(t:6.398-v:62.000)-(t:6.406-v:61.000)-(t:6.413-v:60.000)-(t:6.420-v:59.000)-(t:6.427-v:58.000)-(t:6.434-v:57.000)-(t:6.441-v:56.000)-(t:6.454-v:53.000)-(t:6.462-v:52.000)-(t:6.470-v:51.000)-(t:6.476-v:50.000)-(t:6.484-v:49.000)-(t:6.491-v:47.000)-(t:6.499-v:46.000)-(t:6.510-v:45.000)-(t:6.517-v:44.000)-(t:6.533-v:43.000)-(t:6.540-v:41.000)-(t:6.556-v:40.000)-(t:6.577-v:39.000)-(t:6.588-v:38.000)-(t:6.597-v:37.000)-(t:6.606-v:36.000)-(t:6.613-v:35.000)-(t:6.621-v:34.000)-(t:6.629-v:33.000)-(t:6.646-v:32.000)-(t:6.655-v:31.000)-(t:6.663-v:30.000)-(t:6.670-v:29.000)-(t:6.679-v:28.000)-(t:6.718-v:27.000)-(t:6.726-v:26.000)-(t:6.754-v:25.000)-(t:6.762-v:24.000)-(t:6.770-v:23.000)-(t:6.778-v:22.000)-(t:6.795-v:21.000)-(t:6.842-v:20.000)-(t:6.852-v:19.000)-(t:6.864-v:18.000)-(t:6.876-v:17.000)-(t:6.883-v:16.000)-(t:6.898-v:15.000)-(t:6.907-v:14.000)-(t:6.919-v:13.000)-(t:6.967-v:12.000)-(t:6.993-v:11.000)-(t:7.005-v:10.000)-(t:7.050-v:9.000)-(t:7.063-v:8.000)-(t:7.076-v:7.000)-(t:7.112-v:6.000)-(t:7.126-v:5.000)-(t:7.140-v:4.000)-(t:7.348-v:3.000)-(t:8.050-v:2.000)-(t:13.036-v:1.000)-(t:19.953-v:0.000)],19.953
examples/csp/csp_100/carseq_100_8_20_72.txt,dqn,300,1,[(t:9.061-v:122.000)-(t:9.081-v:115.000)-(t:9.111-v:114.000)-(t:9.125-v:111.000)-(t:9.137-v:108.000)-(t:9.149-v:106.000)-(t:9.166-v:105.000)-(t:9.177-v:104.000)-(t:9.188-v:103.000)-(t:9.200-v:101.000)-(t:9.221-v:100.000)-(t:9.231-v:99.000)-(t:9.246-v:96.000)-(t:9.258-v:92.000)-(t:9.275-v:91.000)-(t:9.286-v:89.000)-(t:9.299-v:87.000)-(t:9.312-v:86.000)-(t:9.330-v:85.000)-(t:9.341-v:84.000)-(t:9.351-v:82.000)-(t:9.362-v:81.000)-(t:9.372-v:78.000)-(t:9.383-v:77.000)-(t:9.404-v:76.000)-(t:9.417-v:74.000)-(t:9.425-v:73.000)-(t:9.436-v:71.000)-(t:9.446-v:70.000)-(t:9.457-v:68.000)-(t:9.468-v:67.000)-(t:9.479-v:66.000)-(t:9.490-v:64.000)-(t:9.502-v:63.000)-(t:9.513-v:62.000)-(t:9.524-v:61.000)-(t:9.533-v:60.000)-(t:9.538-v:59.000)-(t:9.544-v:58.000)-(t:9.550-v:57.000)-(t:9.556-v:55.000)-(t:9.567-v:54.000)-(t:9.577-v:53.000)-(t:9.589-v:52.000)-(t:9.601-v:51.000)-(t:9.613-v:50.000)-(t:9.623-v:49.000)-(t:9.634-v:48.000)-(t:9.646-v:47.000)-(t:9.656-v:46.000)-(t:9.664-v:45.000)-(t:9.689-v:44.000)-(t:9.704-v:42.000)-(t:9.716-v:41.000)-(t:9.728-v:40.000)-(t:9.741-v:39.000)-(t:9.758-v:38.000)-(t:9.766-v:37.000)-(t:9.773-v:36.000)-(t:9.787-v:35.000)-(t:9.801-v:34.000)-(t:9.814-v:33.000)-(t:9.825-v:32.000)-(t:9.837-v:31.000)-(t:9.859-v:30.000)-(t:9.870-v:29.000)-(t:9.881-v:28.000)-(t:9.899-v:27.000)-(t:9.921-v:26.000)-(t:9.932-v:25.000)-(t:9.943-v:24.000)-(t:9.974-v:23.000)-(t:10.009-v:21.000)-(t:10.023-v:19.000)-(t:10.037-v:18.000)-(t:10.051-v:17.000)-(t:10.065-v:16.000)-(t:10.085-v:15.000)-(t:10.112-v:14.000)-(t:10.125-v:13.000)-(t:10.171-v:12.000)-(t:10.182-v:11.000)-(t:10.283-v:10.000)-(t:10.298-v:9.000)-(t:10.311-v:8.000)-(t:10.327-v:7.000)-(t:10.369-v:6.000)-(t:10.396-v:5.000)-(t:15.226-v:4.000)-(t:15.616-v:3.000)-(t:19.081-v:2.000)-(t:21.141-v:1.000)],300.000
examples/csp/csp_100/carseq_100_8_20_81.txt,dqn,300,1,[(t:7.292-v:106.000)-(t:7.307-v:104.000)-(t:7.314-v:101.000)-(t:7.322-v:98.000)-(t:7.329-v:96.000)-(t:7.337-v:94.000)-(t:7.345-v:93.000)-(t:7.353-v:91.000)-(t:7.378-v:86.000)-(t:7.388-v:85.000)-(t:7.396-v:82.000)-(t:7.403-v:81.000)-(t:7.419-v:78.000)-(t:7.428-v:77.000)-(t:7.437-v:76.000)-(t:7.445-v:74.000)-(t:7.453-v:72.000)-(t:7.461-v:71.000)-(t:7.469-v:70.000)-(t:7.478-v:69.000)-(t:7.487-v:68.000)-(t:7.499-v:67.000)-(t:7.510-v:66.000)-(t:7.518-v:65.000)-(t:7.529-v:64.000)-(t:7.537-v:61.000)-(t:7.548-v:60.000)-(t:7.560-v:59.000)-(t:7.569-v:56.000)-(t:7.577-v:54.000)-(t:7.587-v:53.000)-(t:7.596-v:51.000)-(t:7.607-v:50.000)-(t:7.627-v:49.000)-(t:7.650-v:48.000)-(t:7.661-v:47.000)-(t:7.669-v:46.000)-(t:7.685-v:45.000)-(t:7.694-v:44.000)-(t:7.701-v:42.000)-(t:7.712-v:41.000)-(t:7.719-v:40.000)-(t:7.728-v:39.000)-(t:7.736-v:38.000)-(t:7.744-v:37.000)-(t:7.755-v:36.000)-(t:7.764-v:35.000)-(t:7.773-v:34.000)-(t:7.781-v:33.000)-(t:7.793-v:32.000)-(t:7.803-v:31.000)-(t:7.811-v:30.000)-(t:7.819-v:29.000)-(t:7.827-v:28.000)-(t:7.836-v:27.000)-(t:7.845-v:26.000)-(t:7.852-v:25.000)-(t:7.872-v:24.000)-(t:7.904-v:23.000)-(t:7.949-v:22.000)-(t:7.958-v:21.000)-(t:7.968-v:20.000)-(t:7.974-v:19.000)-(t:8.000-v:18.000)-(t:8.013-v:17.000)-(t:8.021-v:16.000)-(t:8.065-v:15.000)-(t:8.083-v:14.000)-(t:8.094-v:13.000)-(t:8.121-v:12.000)-(t:8.131-v:11.000)-(t:8.191-v:9.000)-(t:8.201-v:8.000)-(t:8.207-v:7.000)-(t:8.285-v:6.000)-(t:8.312-v:5.000)-(t:9.773-v:4.000)-(t:9.861-v:3.000)-(t:13.166-v:2.000)-(t:16.314-v:1.000)],300.000
examples/csp/csp_200/pb_200_06.txt,dqn,300,,,
examples/csp/csp_100/carseq_100_8_20_82.txt,dqn,300,1,[(t:5.703-v:127.000)-(t:5.712-v:126.000)-(t:5.722-v:124.000)-(t:5.727-v:123.000)-(t:5.739-v:121.000)-(t:5.750-v:120.000)-(t:5.792-v:115.000)-(t:5.812-v:114.000)-(t:5.845-v:113.000)-(t:5.850-v:110.000)-(t:5.855-v:109.000)-(t:5.861-v:108.000)-(t:5.866-v:107.000)-(t:5.872-v:105.000)-(t:5.878-v:104.000)-(t:5.884-v:102.000)-(t:5.888-v:101.000)-(t:5.894-v:100.000)-(t:5.902-v:97.000)-(t:5.908-v:96.000)-(t:5.914-v:95.000)-(t:5.926-v:94.000)-(t:5.932-v:91.000)-(t:5.938-v:89.000)-(t:5.944-v:88.000)-(t:5.950-v:87.000)-(t:5.956-v:85.000)-(t:5.962-v:83.000)-(t:5.968-v:81.000)-(t:5.975-v:79.000)-(t:5.980-v:77.000)-(t:5.987-v:76.000)-(t:5.997-v:75.000)-(t:6.008-v:74.000)-(t:6.015-v:69.000)-(t:6.022-v:68.000)-(t:6.029-v:67.000)-(t:6.037-v:66.000)-(t:6.043-v:65.000)-(t:6.050-v:64.000)-(t:6.056-v:61.000)-(t:6.063-v:59.000)-(t:6.069-v:58.000)-(t:6.089-v:57.000)-(t:6.095-v:56.000)-(t:6.104-v:55.000)-(t:6.111-v:54.000)-(t:6.118-v:53.000)-(t:6.129-v:52.000)-(t:6.149-v:51.000)-(t:6.156-v:50.000)-(t:6.163-v:49.000)-(t:6.175-v:48.000)-(t:6.208-v:47.000)-(t:6.217-v:46.000)-(t:6.224-v:44.000)-(t:6.232-v:43.000)-(t:6.239-v:42.000)-(t:6.252-v:41.000)-(t:6.260-v:40.000)-(t:6.269-v:39.000)-(t:6.280-v:38.000)-(t:6.301-v:37.000)-(t:6.309-v:36.000)-(t:6.334-v:35.000)-(t:6.342-v:34.000)-(t:6.361-v:33.000)-(t:6.367-v:32.000)-(t:6.410-v:31.000)-(t:6.417-v:30.000)-(t:6.424-v:29.000)-(t:6.465-v:28.000)-(t:6.473-v:27.000)-(t:6.481-v:26.000)-(t:6.490-v:25.000)-(t:6.499-v:24.000)-(t:6.507-v:23.000)-(t:6.533-v:22.000)-(t:6.562-v:21.000)-(t:6.574-v:20.000)-(t:6.593-v:19.000)-(t:6.602-v:18.000)-(t:6.635-v:17.000)-(t:6.656-v:16.000)-(t:6.666-v:15.000)-(t:6.681-v:14.000)-(t:6.687-v:12.000)-(t:6.709-v:11.000)-(t:6.715-v:10.000)-(t:6.753-v:9.000)-(t:6.785-v:8.000)-(t:6.997-v:7.000)-(t:7.005-v:6.000)-(t:13.533-v:5.000)-(t:13.616-v:4.000)-(t:15.224-v:3.000)-(t:19.253-v:2.000)-(t:26.862-v:1.000)],300.000
examples/csp/csp_100/carseq_100_8_20_99.txt,dqn,300,0,[(t:8.797-v:124.000)-(t:8.813-v:123.000)-(t:8.833-v:122.000)-(t:8.847-v:120.000)-(t:8.861-v:113.000)-(t:8.888-v:111.000)-(t:8.902-v:109.000)-(t:8.911-v:108.000)-(t:8.923-v:107.000)-(t:8.933-v:104.000)-(t:8.947-v:103.000)-(t:8.958-v:102.000)-(t:8.972-v:100.000)-(t:8.984-v:98.000)-(t:8.998-v:97.000)-(t:9.008-v:95.000)-(t:9.019-v:94.000)-(t:9.030-v:93.000)-(t:9.041-v:92.000)-(t:9.051-v:91.000)-(t:9.057-v:90.000)-(t:9.073-v:89.000)-(t:9.085-v:88.000)-(t:9.096-v:85.000)-(t:9.107-v:84.000)-(t:9.120-v:82.000)-(t:9.128-v:81.000)-(t:9.138-v:80.000)-(t:9.151-v:79.000)-(t:9.162-v:78.000)-(t:9.175-v:77.000)-(t:9.188-v:76.000)-(t:9.198-v:75.000)-(t:9.209-v:74.000)-(t:9.219-v:73.000)-(t:9.228-v:72.000)-(t:9.241-v:70.000)-(t:9.251-v:69.000)-(t:9.262-v:68.000)-(t:9.271-v:67.000)-(t:9.284-v:66.000)-(t:9.292-v:64.000)-(t:9.302-v:63.000)-(t:9.313-v:61.000)-(t:9.323-v:59.000)-(t:9.336-v:58.000)-(t:9.349-v:57.000)-(t:9.356-v:56.000)-(t:9.365-v:55.000)-(t:9.377-v:54.000)-(t:9.388-v:53.000)-(t:9.396-v:51.000)-(t:9.405-v:48.000)-(t:9.416-v:47.000)-(t:9.448-v:46.000)-(t:9.468-v:45.000)-(t:9.478-v:43.000)-(t:9.510-v:42.000)-(t:9.532-v:41.000)-(t:9.559-v:40.000)-(t:9.582-v:38.000)-(t:9.596-v:37.000)-(t:9.604-v:36.000)-(t:9.613-v:35.000)-(t:9.621-v:34.000)-(t:9.634-v:32.000)-(t:9.643-v:31.000)-(t:9.657-v:30.000)-(t:9.669-v:29.000)-(t:9.688-v:27.000)-(t:9.717-v:26.000)-(t:9.750-v:25.000)-(t:9.765-v:24.000)-(t:9.787-v:23.000)-(t:9.804-v:22.000)-(t:9.825-v:21.000)-(t:9.855-v:20.000)-(t:9.948-v:19.000)-(t:9.986-v:18.000)-(t:9.998-v:17.000)-(t:10.012-v:16.000)-(t:10.061-v:15.000)-(t:10.081-v:14.000)-(t:10.096-v:13.000)-(t:10.118-v:12.000)-(t:10.152-v:11.000)-(t:10.172-v:10.000)-(t:10.192-v:9.000)-(t:10.204-v:8.000)-(t:10.243-v:7.000)-(t:10.251-v:6.000)-(t:10.475-v:5.000)-(t:21.448-v:4.000)-(t:49.949-v:3.000)-(t:72.255-v:2.000)-(t:84.825-v:1.000)-(t:170.588-v:0.000)],170.588
examples/csp/csp_100/carseq_100_8_20_85.txt,dqn,300,1,[(t:6.834-v:108.000)-(t:6.845-v:106.000)-(t:6.859-v:105.000)-(t:6.875-v:104.000)-(t:6.882-v:103.000)-(t:6.891-v:102.000)-(t:6.904-v:98.000)-(t:6.912-v:96.000)-(t:6.919-v:93.000)-(t:6.926-v:92.000)-(t:6.934-v:90.000)-(t:6.941-v:89.000)-(t:6.948-v:86.000)-(t:6.957-v:82.000)-(t:6.963-v:81.000)-(t:6.969-v:80.000)-(t:6.979-v:78.000)-(t:6.987-v:77.000)-(t:7.004-v:76.000)-(t:7.012-v:75.000)-(t:7.019-v:73.000)-(t:7.026-v:72.000)-(t:7.033-v:71.000)-(t:7.041-v:66.000)-(t:7.047-v:65.000)-(t:7.053-v:64.000)-(t:7.064-v:63.000)-(t:7.071-v:62.000)-(t:7.079-v:61.000)-(t:7.087-v:57.000)-(t:7.093-v:56.000)-(t:7.100-v:54.000)-(t:7.108-v:53.000)-(t:7.116-v:52.000)-(t:7.129-v:51.000)-(t:7.136-v:50.000)-(t:7.152-v:49.000)-(t:7.160-v:48.000)-(t:7.168-v:47.000)-(t:7.180-v:46.000)-(t:7.189-v:45.000)-(t:7.197-v:44.000)-(t:7.214-v:42.000)-(t:7.227-v:41.000)-(t:7.239-v:40.000)-(t:7.270-v:39.000)-(t:7.278-v:38.000)-(t:7.287-v:37.000)-(t:7.295-v:36.000)-(t:7.302-v:35.000)-(t:7.320-v:33.000)-(t:7.330-v:31.000)-(t:7.338-v:30.000)-(t:7.348-v:29.000)-(t:7.359-v:28.000)-(t:7.371-v:26.000)-(t:7.384-v:25.000)-(t:7.412-v:24.000)-(t:7.441-v:23.000)-(t:7.451-v:22.000)-(t:7.461-v:21.000)-(t:7.470-v:20.000)-(t:7.500-v:19.000)-(t:7.510-v:18.000)-(t:7.523-v:17.000)-(t:7.534-v:16.000)-(t:7.542-v:15.000)-(t:7.599-v:14.000)-(t:7.612-v:13.000)-(t:7.629-v:12.000)-(t:7.663-v:11.000)-(t:7.680-v:10.000)-(t:7.691-v:9.000)-(t:7.704-v:8.000)-(t:7.711-v:7.000)-(t:7.967-v:6.000)-(t:8.412-v:5.000)-(t:8.560-v:4.000)-(t:8.833-v:3.000)-(t:33.814-v:2.000)-(t:115.149-v:1.000)],300.000
examples/csp/csp_100/carseq_100_8_20_86.txt,dqn,300,1,[(t:5.103-v:143.000)-(t:5.124-v:142.000)-(t:5.140-v:138.000)-(t:5.151-v:136.000)-(t:5.157-v:135.000)-(t:5.164-v:133.000)-(t:5.171-v:131.000)-(t:5.177-v:130.000)-(t:5.190-v:129.000)-(t:5.202-v:128.000)-(t:5.211-v:124.000)-(t:5.219-v:123.000)-(t:5.230-v:122.000)-(t:5.237-v:121.000)-(t:5.247-v:120.000)-(t:5.265-v:117.000)-(t:5.273-v:112.000)-(t:5.280-v:107.000)-(t:5.296-v:106.000)-(t:5.302-v:104.000)-(t:5.311-v:101.000)-(t:5.319-v:99.000)-(t:5.326-v:97.000)-(t:5.333-v:96.000)-(t:5.341-v:93.000)-(t:5.351-v:92.000)-(t:5.359-v:91.000)-(t:5.368-v:90.000)-(t:5.376-v:88.000)-(t:5.382-v:87.000)-(t:5.389-v:86.000)-(t:5.398-v:85.000)-(t:5.403-v:84.000)-(t:5.409-v:83.000)-(t:5.414-v:82.000)-(t:5.421-v:81.000)-(t:5.426-v:78.000)-(t:5.433-v:77.000)-(t:5.438-v:75.000)-(t:5.446-v:73.000)-(t:5.460-v:69.000)-(t:5.469-v:68.000)-(t:5.477-v:67.000)-(t:5.483-v:66.000)-(t:5.489-v:65.000)-(t:5.495-v:64.000)-(t:5.501-v:63.000)-(t:5.507-v:62.000)-(t:5.513-v:61.000)-(t:5.521-v:60.000)-(t:5.529-v:58.000)-(t:5.540-v:57.000)-(t:5.554-v:56.000)-(t:5.566-v:55.000)-(t:5.577-v:54.000)-(t:5.586-v:53.000)-(t:5.593-v:52.000)-(t:5.603-v:51.000)-(t:5.610-v:49.000)-(t:5.618-v:47.000)-(t:5.625-v:46.000)-(t:5.634-v:45.000)-(t:5.643-v:44.000)-(t:5.651-v:43.000)-(t:5.659-v:41.000)-(t:5.668-v:39.000)-(t:5.675-v:38.000)-(t:5.692-v:37.000)-(t:5.721-v:36.000)-(t:5.747-v:35.000)-(t:5.767-v:34.000)-(t:5.775-v:32.000)-(t:5.796-v:31.000)-(t:5.803-v:30.000)-(t:5.808-v:29.000)-(t:5.816-v:28.000)-(t:5.835-v:26.000)-(t:5.856-v:25.000)-(t:5.865-v:24.000)-(t:5.878-v:22.000)-(t:5.889-v:21.000)-(t:5.896-v:20.000)-(t:5.919-v:19.000)-(t:5.932-v:18.000)-(t:5.950-v:17.000)-(t:5.958-v:16.000)-(t:6.004-v:15.000)-(t:6.014-v:14.000)-(t:6.026-v:13.000)-(t:6.031-v:12.000)-(t:6.054-v:11.000)-(t:6.068-v:10.000)-(t:12.929-v:9.000)-(t:13.010-v:8.000)-(t:13.103-v:7.000)-(t:13.293-v:6.000)-(t:19.693-v:5.000)-(t:19.795-v:4.000)-(t:26.640-v:3.000)-(t:26.894-v:2.000)-(t:41.354-v:1.000)],300.000
examples/csp/csp_100/carseq_100_8_20_88.txt,dqn,300,1,[(t:7.076-v:143.000)-(t:7.095-v:142.000)-(t:7.102-v:140.000)-(t:7.126-v:135.000)-(t:7.145-v:133.000)-(t:7.155-v:130.000)-(t:7.169-v:129.000)-(t:7.181-v:128.000)-(t:7.192-v:124.000)-(t:7.198-v:122.000)-(t:7.211-v:121.000)-(t:7.224-v:120.000)-(t:7.234-v:118.000)-(t:7.243-v:115.000)-(t:7.249-v:113.000)-(t:7.255-v:110.000)-(t:7.265-v:108.000)-(t:7.275-v:107.000)-(t:7.285-v:103.000)-(t:7.297-v:102.000)-(t:7.306-v:101.000)-(t:7.317-v:100.000)-(t:7.325-v:98.000)-(t:7.336-v:97.000)-(t:7.347-v:96.000)-(t:7.356-v:95.000)-(t:7.363-v:94.000)-(t:7.374-v:93.000)-(t:7.385-v:91.000)-(t:7.398-v:89.000)-(t:7.409-v:88.000)-(t:7.423-v:86.000)-(t:7.435-v:85.000)-(t:7.446-v:84.000)-(t:7.460-v:83.000)-(t:7.470-v:82.000)-(t:7.482-v:81.000)-(t:7.501-v:80.000)-(t:7.511-v:79.000)-(t:7.523-v:78.000)-(t:7.531-v:77.000)-(t:7.541-v:75.000)-(t:7.552-v:74.000)-(t:7.561-v:72.000)-(t:7.567-v:71.000)-(t:7.578-v:70.000)-(t:7.589-v:69.000)-(t:7.599-v:68.000)-(t:7.609-v:67.000)-(t:7.618-v:65.000)-(t:7.627-v:64.000)-(t:7.635-v:63.000)-(t:7.644-v:62.000)-(t:7.655-v:61.000)-(t:7.666-v:58.000)-(t:7.671-v:57.000)-(t:7.677-v:56.000)-(t:7.688-v:54.000)-(t:7.698-v:53.000)-(t:7.709-v:52.000)-(t:7.718-v:51.000)-(t:7.730-v:49.000)-(t:7.743-v:48.000)-(t:7.753-v:47.000)-(t:7.764-v:45.000)-(t:7.775-v:43.000)-(t:7.780-v:41.000)-(t:7.785-v:40.000)-(t:7.793-v:39.000)-(t:7.799-v:38.000)-(t:7.803-v:37.000)-(t:7.811-v:36.000)-(t:7.824-v:35.000)-(t:7.835-v:34.000)-(t:7.875-v:33.000)-(t:7.912-v:32.000)-(t:7.927-v:31.000)-(t:7.941-v:30.000)-(t:7.953-v:28.000)-(t:7.960-v:27.000)-(t:7.966-v:26.000)-(t:7.976-v:25.000)-(t:7.996-v:24.000)-(t:8.007-v:23.000)-(t:8.019-v:22.000)-(t:8.059-v:21.000)-(t:8.106-v:20.000)-(t:8.112-v:18.000)-(t:8.129-v:17.000)-(t:8.149-v:16.000)-(t:8.164-v:15.000)-(t:8.180-v:13.000)-(t:8.195-v:12.000)-(t:8.256-v:11.000)-(t:8.313-v:10.000)-(t:8.540-v:9.000)-(t:8.593-v:8.000)-(t:8.630-v:7.000)-(t:8.658-v:6.000)-(t:11.959-v:5.000)-(t:12.111-v:4.000)-(t:25.808-v:3.000)-(t:101.609-v:2.000)-(t:103.819-v:1.000)],300.000
examples/csp/csp_200/pb_200_07.txt,dqn,300,,,
examples/csp/csp_200/pb_200_08.txt,dqn,300,,,
examples/csp/csp_200/pb_200_09.txt,dqn,300,,,
examples/csp/csp_200/pb_200_10.txt,dqn,300,,,
examples/csp/csp_300/carseq_300_8_20_38.txt,dqn,300,,,
examples/csp/csp_300/carseq_300_8_20_40.txt,dqn,300,,,
examples/csp/csp_300/carseq_300_8_20_45.txt,dqn,300,,,
examples/csp/csp_300/carseq_300_8_20_47.txt,dqn,300,,,
examples/csp/csp_300/carseq_300_8_20_53.txt,dqn,300,,,
examples/csp/csp_300/carseq_300_8_20_56.txt,dqn,300,,,
examples/csp/csp_300/carseq_300_8_20_62.txt,dqn,300,,,
examples/csp/csp_300/carseq_300_8_20_76.txt,dqn,300,,,
examples/csp/csp_300/carseq_300_8_20_78.txt,dqn,300,,,
examples/csp/csp_300/carseq_300_8_20_80.txt,dqn,300,,,
examples/csp/csp_100/carseq_100_8_20_98.txt,dqn,300,1,[(t:7.604-v:117.000)-(t:7.621-v:113.000)-(t:7.640-v:112.000)-(t:7.657-v:111.000)-(t:7.670-v:109.000)-(t:7.698-v:107.000)-(t:7.711-v:103.000)-(t:7.727-v:98.000)-(t:7.744-v:97.000)-(t:7.755-v:95.000)-(t:7.767-v:94.000)-(t:7.778-v:93.000)-(t:7.790-v:91.000)-(t:7.803-v:90.000)-(t:7.820-v:88.000)-(t:7.831-v:87.000)-(t:7.844-v:86.000)-(t:7.859-v:85.000)-(t:7.871-v:84.000)-(t:7.878-v:83.000)-(t:7.884-v:82.000)-(t:7.897-v:81.000)-(t:7.908-v:78.000)-(t:7.918-v:76.000)-(t:7.928-v:74.000)-(t:7.936-v:73.000)-(t:7.948-v:72.000)-(t:7.955-v:71.000)-(t:7.966-v:70.000)-(t:7.977-v:69.000)-(t:7.985-v:68.000)-(t:7.994-v:67.000)-(t:8.004-v:65.000)-(t:8.015-v:63.000)-(t:8.024-v:61.000)-(t:8.034-v:60.000)-(t:8.040-v:59.000)-(t:8.054-v:58.000)-(t:8.067-v:57.000)-(t:8.078-v:56.000)-(t:8.083-v:55.000)-(t:8.092-v:54.000)-(t:8.097-v:52.000)-(t:8.103-v:51.000)-(t:8.108-v:50.000)-(t:8.114-v:49.000)-(t:8.124-v:48.000)-(t:8.135-v:47.000)-(t:8.146-v:44.000)-(t:8.155-v:43.000)-(t:8.165-v:42.000)-(t:8.170-v:41.000)-(t:8.190-v:40.000)-(t:8.205-v:38.000)-(t:8.213-v:37.000)-(t:8.222-v:35.000)-(t:8.232-v:34.000)-(t:8.243-v:33.000)-(t:8.265-v:32.000)-(t:8.284-v:31.000)-(t:8.294-v:29.000)-(t:8.304-v:28.000)-(t:8.316-v:26.000)-(t:8.366-v:25.000)-(t:8.404-v:24.000)-(t:8.411-v:23.000)-(t:8.483-v:22.000)-(t:8.494-v:21.000)-(t:8.509-v:20.000)-(t:8.533-v:19.000)-(t:8.541-v:18.000)-(t:8.554-v:17.000)-(t:8.628-v:16.000)-(t:8.653-v:15.000)-(t:8.669-v:14.000)-(t:8.795-v:13.000)-(t:8.901-v:12.000)-(t:10.315-v:11.000)-(t:10.488-v:10.000)-(t:19.876-v:9.000)-(t:20.044-v:8.000)-(t:20.190-v:7.000)-(t:20.556-v:6.000)-(t:33.305-v:5.000)-(t:34.109-v:4.000)-(t:77.195-v:3.000)-(t:142.236-v:2.000)-(t:214.370-v:1.000)],300.000
examples/csp/csp_300/carseq_300_8_20_81.txt,dqn,300,,,
examples/csp/csp_300/pb_300_06.txt,dqn,300,,,
examples/csp/csp_300/pb_300_07.txt,dqn,300,,,
examples/csp/csp_300/pb_300_08.txt,dqn,300,,,
examples/csp/csp_300/pb_300_09.txt,dqn,300,,,
examples/csp/csp_300/pb_300_10.txt,dqn,300,,,
examples/csp/csp_100/carseq_100_8_20_62.txt,dqn,300,0,[(t:5.365-v:130.000)-(t:5.379-v:129.000)-(t:5.392-v:123.000)-(t:5.400-v:121.000)-(t:5.407-v:120.000)-(t:5.415-v:117.000)-(t:5.422-v:116.000)-(t:5.436-v:115.000)-(t:5.445-v:114.000)-(t:5.454-v:113.000)-(t:5.462-v:112.000)-(t:5.480-v:111.000)-(t:5.503-v:110.000)-(t:5.513-v:108.000)-(t:5.523-v:107.000)-(t:5.532-v:105.000)-(t:5.541-v:102.000)-(t:5.552-v:99.000)-(t:5.561-v:96.000)-(t:5.570-v:94.000)-(t:5.579-v:92.000)-(t:5.588-v:90.000)-(t:5.597-v:86.000)-(t:5.607-v:84.000)-(t:5.615-v:81.000)-(t:5.623-v:79.000)-(t:5.632-v:78.000)-(t:5.640-v:77.000)-(t:5.647-v:75.000)-(t:5.656-v:74.000)-(t:5.664-v:73.000)-(t:5.675-v:72.000)-(t:5.683-v:70.000)-(t:5.695-v:69.000)-(t:5.703-v:67.000)-(t:5.711-v:63.000)-(t:5.719-v:62.000)-(t:5.726-v:61.000)-(t:5.735-v:60.000)-(t:5.744-v:59.000)-(t:5.751-v:58.000)-(t:5.759-v:57.000)-(t:5.767-v:55.000)-(t:5.774-v:54.000)-(t:5.782-v:53.000)-(t:5.789-v:52.000)-(t:5.796-v:51.000)-(t:5.803-v:50.000)-(t:5.810-v:48.000)-(t:5.818-v:47.000)-(t:5.824-v:46.000)-(t:5.831-v:45.000)-(t:5.837-v:44.000)-(t:5.850-v:43.000)-(t:5.858-v:42.000)-(t:5.865-v:41.000)-(t:5.873-v:40.000)-(t:5.883-v:39.000)-(t:5.891-v:38.000)-(t:5.897-v:37.000)-(t:5.906-v:36.000)-(t:5.943-v:35.000)-(t:5.954-v:34.000)-(t:5.963-v:33.000)-(t:5.973-v:32.000)-(t:5.993-v:31.000)-(t:6.000-v:30.000)-(t:6.009-v:29.000)-(t:6.017-v:28.000)-(t:6.025-v:27.000)-(t:6.033-v:26.000)-(t:6.041-v:25.000)-(t:6.073-v:24.000)-(t:6.118-v:23.000)-(t:6.130-v:22.000)-(t:6.210-v:21.000)-(t:6.222-v:20.000)-(t:6.261-v:19.000)-(t:6.273-v:17.000)-(t:6.283-v:16.000)-(t:6.293-v:15.000)-(t:6.321-v:14.000)-(t:6.330-v:13.000)-(t:6.375-v:12.000)-(t:6.395-v:11.000)-(t:6.404-v:10.000)-(t:6.415-v:9.000)-(t:6.432-v:8.000)-(t:6.457-v:7.000)-(t:6.469-v:6.000)-(t:6.495-v:5.000)-(t:6.512-v:4.000)-(t:6.842-v:3.000)-(t:6.983-v:2.000)-(t:7.275-v:1.000)-(t:16.294-v:0.000)],16.294
examples/csp/csp_100/carseq_100_8_20_67.txt,dqn,300,0,[(t:7.680-v:105.000)-(t:7.713-v:103.000)-(t:7.726-v:101.000)-(t:7.740-v:95.000)-(t:7.754-v:94.000)-(t:7.765-v:92.000)-(t:7.774-v:91.000)-(t:7.786-v:90.000)-(t:7.797-v:89.000)-(t:7.807-v:88.000)-(t:7.818-v:87.000)-(t:7.829-v:86.000)-(t:7.837-v:84.000)-(t:7.843-v:82.000)-(t:7.859-v:80.000)-(t:7.869-v:79.000)-(t:7.881-v:78.000)-(t:7.893-v:77.000)-(t:7.904-v:75.000)-(t:7.916-v:74.000)-(t:7.928-v:73.000)-(t:7.940-v:70.000)-(t:7.949-v:69.000)-(t:7.961-v:68.000)-(t:7.970-v:67.000)-(t:7.978-v:66.000)-(t:7.989-v:65.000)-(t:7.999-v:62.000)-(t:8.008-v:61.000)-(t:8.020-v:60.000)-(t:8.030-v:59.000)-(t:8.040-v:58.000)-(t:8.050-v:57.000)-(t:8.058-v:56.000)-(t:8.069-v:53.000)-(t:8.080-v:52.000)-(t:8.091-v:51.000)-(t:8.103-v:50.000)-(t:8.111-v:49.000)-(t:8.122-v:48.000)-(t:8.133-v:47.000)-(t:8.143-v:46.000)-(t:8.153-v:45.000)-(t:8.159-v:44.000)-(t:8.170-v:43.000)-(t:8.180-v:42.000)-(t:8.193-v:41.000)-(t:8.203-v:40.000)-(t:8.213-v:37.000)-(t:8.224-v:35.000)-(t:8.235-v:34.000)-(t:8.246-v:33.000)-(t:8.258-v:31.000)-(t:8.263-v:30.000)-(t:8.273-v:28.000)-(t:8.285-v:27.000)-(t:8.295-v:26.000)-(t:8.319-v:25.000)-(t:8.332-v:24.000)-(t:8.345-v:23.000)-(t:8.354-v:22.000)-(t:8.361-v:21.000)-(t:8.403-v:20.000)-(t:8.416-v:19.000)-(t:8.442-v:18.000)-(t:8.454-v:17.000)-(t:8.490-v:16.000)-(t:8.501-v:15.000)-(t:8.532-v:14.000)-(t:8.573-v:13.000)-(t:8.590-v:12.000)-(t:8.627-v:11.000)-(t:8.680-v:10.000)-(t:8.696-v:9.000)-(t:8.752-v:8.000)-(t:8.777-v:7.000)-(t:8.810-v:6.000)-(t:8.844-v:5.000)-(t:8.876-v:4.000)-(t:9.614-v:3.000)-(t:9.642-v:2.000)-(t:11.336-v:1.000)-(t:33.928-v:0.000)],33.928
examples/csp/csp_100/carseq_100_8_20_64.txt,dqn,300,0,[(t:5.448-v:126.000)-(t:5.480-v:121.000)-(t:5.494-v:120.000)-(t:5.500-v:119.000)-(t:5.506-v:113.000)-(t:5.513-v:112.000)-(t:5.527-v:109.000)-(t:5.537-v:107.000)-(t:5.548-v:105.000)-(t:5.557-v:104.000)-(t:5.564-v:103.000)-(t:5.577-v:101.000)-(t:5.586-v:100.000)-(t:5.604-v:99.000)-(t:5.620-v:98.000)-(t:5.629-v:97.000)-(t:5.637-v:96.000)-(t:5.646-v:93.000)-(t:5.656-v:92.000)-(t:5.665-v:90.000)-(t:5.673-v:87.000)-(t:5.681-v:86.000)-(t:5.689-v:84.000)-(t:5.697-v:82.000)-(t:5.705-v:81.000)-(t:5.713-v:80.000)-(t:5.720-v:78.000)-(t:5.728-v:77.000)-(t:5.744-v:76.000)-(t:5.753-v:75.000)-(t:5.763-v:74.000)-(t:5.780-v:73.000)-(t:5.789-v:72.000)-(t:5.798-v:71.000)-(t:5.807-v:68.000)-(t:5.816-v:67.000)-(t:5.824-v:66.000)-(t:5.832-v:65.000)-(t:5.849-v:62.000)-(t:5.863-v:61.000)-(t:5.872-v:60.000)-(t:5.880-v:59.000)-(t:5.889-v:57.000)-(t:5.901-v:56.000)-(t:5.917-v:55.000)-(t:5.927-v:54.000)-(t:5.942-v:53.000)-(t:5.951-v:51.000)-(t:5.961-v:50.000)-(t:5.972-v:48.000)-(t:5.987-v:47.000)-(t:5.999-v:46.000)-(t:6.007-v:44.000)-(t:6.016-v:42.000)-(t:6.025-v:41.000)-(t:6.033-v:40.000)-(t:6.042-v:39.000)-(t:6.052-v:38.000)-(t:6.061-v:37.000)-(t:6.069-v:36.000)-(t:6.077-v:35.000)-(t:6.085-v:34.000)-(t:6.092-v:33.000)-(t:6.100-v:31.000)-(t:6.108-v:30.000)-(t:6.115-v:29.000)-(t:6.127-v:28.000)-(t:6.136-v:27.000)-(t:6.143-v:26.000)-(t:6.150-v:24.000)-(t:6.171-v:23.000)-(t:6.187-v:22.000)-(t:6.195-v:21.000)-(t:6.211-v:20.000)-(t:6.244-v:19.000)-(t:6.292-v:18.000)-(t:6.305-v:17.000)-(t:6.337-v:16.000)-(t:6.348-v:15.000)-(t:6.417-v:14.000)-(t:6.434-v:13.000)-(t:6.484-v:12.000)-(t:6.496-v:11.000)-(t:6.707-v:10.000)-(t:6.719-v:9.000)-(t:6.725-v:8.000)-(t:6.746-v:7.000)-(t:6.781-v:6.000)-(t:6.815-v:5.000)-(t:24.899-v:4.000)-(t:39.398-v:3.000)-(t:48.484-v:2.000)-(t:49.583-v:1.000)-(t:96.266-v:0.000)],96.266
examples/csp/csp_100/carseq_100_8_20_72.txt,dqn,300,0,[(t:8.581-v:124.000)-(t:8.602-v:123.000)-(t:8.630-v:122.000)-(t:8.643-v:121.000)-(t:8.657-v:117.000)-(t:8.674-v:116.000)-(t:8.687-v:113.000)-(t:8.699-v:112.000)-(t:8.709-v:109.000)-(t:8.722-v:108.000)-(t:8.734-v:106.000)-(t:8.746-v:105.000)-(t:8.761-v:102.000)-(t:8.773-v:98.000)-(t:8.783-v:96.000)-(t:8.794-v:95.000)-(t:8.804-v:94.000)-(t:8.815-v:93.000)-(t:8.822-v:91.000)-(t:8.833-v:90.000)-(t:8.843-v:89.000)-(t:8.853-v:88.000)-(t:8.864-v:87.000)-(t:8.875-v:86.000)-(t:8.886-v:85.000)-(t:8.898-v:84.000)-(t:8.909-v:83.000)-(t:8.921-v:81.000)-(t:8.928-v:80.000)-(t:8.940-v:79.000)-(t:8.950-v:78.000)-(t:8.959-v:77.000)-(t:8.970-v:76.000)-(t:8.979-v:74.000)-(t:8.990-v:73.000)-(t:9.001-v:71.000)-(t:9.011-v:70.000)-(t:9.022-v:67.000)-(t:9.033-v:63.000)-(t:9.042-v:62.000)-(t:9.054-v:61.000)-(t:9.065-v:59.000)-(t:9.075-v:58.000)-(t:9.087-v:57.000)-(t:9.098-v:56.000)-(t:9.108-v:55.000)-(t:9.121-v:54.000)-(t:9.132-v:52.000)-(t:9.143-v:51.000)-(t:9.149-v:50.000)-(t:9.160-v:48.000)-(t:9.171-v:47.000)-(t:9.181-v:46.000)-(t:9.191-v:45.000)-(t:9.201-v:44.000)-(t:9.212-v:43.000)-(t:9.226-v:42.000)-(t:9.237-v:41.000)-(t:9.248-v:40.000)-(t:9.260-v:38.000)-(t:9.265-v:37.000)-(t:9.277-v:36.000)-(t:9.288-v:35.000)-(t:9.299-v:34.000)-(t:9.311-v:33.000)-(t:9.323-v:32.000)-(t:9.332-v:30.000)-(t:9.343-v:29.000)-(t:9.354-v:28.000)-(t:9.362-v:27.000)-(t:9.368-v:26.000)-(t:9.381-v:25.000)-(t:9.390-v:24.000)-(t:9.415-v:23.000)-(t:9.443-v:22.000)-(t:9.455-v:21.000)-(t:9.475-v:20.000)-(t:9.485-v:19.000)-(t:9.497-v:18.000)-(t:9.501-v:17.000)-(t:9.545-v:16.000)-(t:9.558-v:15.000)-(t:9.639-v:14.000)-(t:9.655-v:13.000)-(t:9.674-v:12.000)-(t:9.697-v:11.000)-(t:9.704-v:10.000)-(t:9.746-v:8.000)-(t:9.760-v:7.000)-(t:9.776-v:6.000)-(t:9.807-v:5.000)-(t:10.690-v:4.000)-(t:14.507-v:3.000)-(t:23.158-v:2.000)-(t:23.350-v:1.000)-(t:26.392-v:0.000)],26.392
examples/csp/csp_100/carseq_100_8_20_73.txt,dqn,300,0,[(t:8.827-v:111.000)-(t:8.837-v:110.000)-(t:8.853-v:109.000)-(t:8.864-v:107.000)-(t:8.874-v:105.000)-(t:8.884-v:103.000)-(t:8.902-v:99.000)-(t:8.910-v:98.000)-(t:8.916-v:96.000)-(t:8.927-v:95.000)-(t:8.945-v:94.000)-(t:8.956-v:91.000)-(t:8.967-v:90.000)-(t:8.977-v:87.000)-(t:8.989-v:85.000)-(t:9.000-v:84.000)-(t:9.012-v:83.000)-(t:9.027-v:81.000)-(t:9.038-v:79.000)-(t:9.050-v:78.000)-(t:9.060-v:76.000)-(t:9.072-v:73.000)-(t:9.087-v:72.000)-(t:9.102-v:71.000)-(t:9.111-v:68.000)-(t:9.120-v:66.000)-(t:9.129-v:64.000)-(t:9.140-v:63.000)-(t:9.149-v:62.000)-(t:9.160-v:60.000)-(t:9.170-v:59.000)-(t:9.181-v:57.000)-(t:9.192-v:55.000)-(t:9.202-v:54.000)-(t:9.213-v:53.000)-(t:9.228-v:52.000)-(t:9.235-v:51.000)-(t:9.247-v:50.000)-(t:9.257-v:49.000)-(t:9.267-v:48.000)-(t:9.279-v:47.000)-(t:9.291-v:46.000)-(t:9.303-v:42.000)-(t:9.314-v:40.000)-(t:9.329-v:38.000)-(t:9.358-v:37.000)-(t:9.371-v:36.000)-(t:9.382-v:35.000)-(t:9.392-v:34.000)-(t:9.402-v:33.000)-(t:9.417-v:31.000)-(t:9.439-v:30.000)-(t:9.447-v:29.000)-(t:9.452-v:27.000)-(t:9.460-v:26.000)-(t:9.488-v:25.000)-(t:9.512-v:24.000)-(t:9.522-v:23.000)-(t:9.533-v:21.000)-(t:9.563-v:20.000)-(t:9.574-v:19.000)-(t:9.583-v:18.000)-(t:9.594-v:17.000)-(t:9.609-v:15.000)-(t:9.622-v:14.000)-(t:9.684-v:13.000)-(t:9.695-v:12.000)-(t:9.755-v:11.000)-(t:9.793-v:10.000)-(t:9.805-v:9.000)-(t:9.820-v:8.000)-(t:9.842-v:7.000)-(t:9.868-v:6.000)-(t:9.880-v:5.000)-(t:9.901-v:4.000)-(t:10.222-v:3.000)-(t:10.578-v:2.000)-(t:10.645-v:1.000)-(t:21.997-v:0.000)],21.997
examples/csp/csp_100/carseq_100_8_20_71.txt,dqn,300,0,[(t:10.268-v:117.000)-(t:10.282-v:115.000)-(t:10.311-v:113.000)-(t:10.327-v:111.000)-(t:10.344-v:109.000)-(t:10.362-v:108.000)-(t:10.375-v:107.000)-(t:10.385-v:105.000)-(t:10.401-v:102.000)-(t:10.413-v:98.000)-(t:10.430-v:96.000)-(t:10.442-v:94.000)-(t:10.455-v:93.000)-(t:10.466-v:92.000)-(t:10.477-v:91.000)-(t:10.488-v:88.000)-(t:10.506-v:86.000)-(t:10.518-v:84.000)-(t:10.528-v:83.000)-(t:10.535-v:82.000)-(t:10.547-v:81.000)-(t:10.557-v:80.000)-(t:10.569-v:79.000)-(t:10.585-v:76.000)-(t:10.597-v:75.000)-(t:10.611-v:74.000)-(t:10.624-v:72.000)-(t:10.637-v:71.000)-(t:10.657-v:70.000)-(t:10.671-v:68.000)-(t:10.693-v:67.000)-(t:10.704-v:66.000)-(t:10.722-v:65.000)-(t:10.740-v:64.000)-(t:10.748-v:63.000)-(t:10.756-v:60.000)-(t:10.770-v:59.000)-(t:10.781-v:58.000)-(t:10.792-v:57.000)-(t:10.806-v:56.000)-(t:10.817-v:55.000)-(t:10.827-v:54.000)-(t:10.838-v:53.000)-(t:10.848-v:52.000)-(t:10.858-v:51.000)-(t:10.874-v:50.000)-(t:10.886-v:49.000)-(t:10.898-v:48.000)-(t:10.908-v:47.000)-(t:10.920-v:46.000)-(t:10.932-v:45.000)-(t:10.945-v:43.000)-(t:10.956-v:41.000)-(t:10.962-v:40.000)-(t:10.975-v:39.000)-(t:10.988-v:38.000)-(t:11.001-v:37.000)-(t:11.013-v:36.000)-(t:11.027-v:35.000)-(t:11.037-v:34.000)-(t:11.048-v:33.000)-(t:11.062-v:32.000)-(t:11.071-v:31.000)-(t:11.083-v:30.000)-(t:11.094-v:29.000)-(t:11.110-v:27.000)-(t:11.127-v:26.000)-(t:11.142-v:25.000)-(t:11.153-v:24.000)-(t:11.208-v:22.000)-(t:11.221-v:21.000)-(t:11.299-v:20.000)-(t:11.312-v:19.000)-(t:11.336-v:18.000)-(t:11.349-v:17.000)-(t:11.380-v:16.000)-(t:11.393-v:15.000)-(t:11.413-v:14.000)-(t:11.438-v:13.000)-(t:11.454-v:12.000)-(t:11.466-v:11.000)-(t:11.495-v:10.000)-(t:11.571-v:9.000)-(t:11.606-v:8.000)-(t:11.624-v:7.000)-(t:12.241-v:6.000)-(t:12.275-v:5.000)-(t:22.292-v:4.000)-(t:36.095-v:3.000)-(t:41.559-v:2.000)-(t:94.747-v:1.000)-(t:109.194-v:0.000)],109.194
examples/csp/csp_100/carseq_100_8_20_77.txt,dqn,300,0,[(t:10.477-v:110.000)-(t:10.517-v:108.000)-(t:10.534-v:102.000)-(t:10.548-v:100.000)-(t:10.557-v:99.000)-(t:10.568-v:95.000)-(t:10.579-v:93.000)-(t:10.596-v:91.000)-(t:10.608-v:90.000)-(t:10.620-v:89.000)-(t:10.630-v:87.000)-(t:10.643-v:86.000)-(t:10.655-v:82.000)-(t:10.667-v:81.000)-(t:10.678-v:80.000)-(t:10.690-v:78.000)-(t:10.701-v:77.000)-(t:10.712-v:75.000)-(t:10.723-v:74.000)-(t:10.732-v:73.000)-(t:10.743-v:72.000)-(t:10.753-v:71.000)-(t:10.762-v:70.000)-(t:10.775-v:69.000)-(t:10.784-v:68.000)-(t:10.796-v:67.000)-(t:10.806-v:66.000)-(t:10.818-v:65.000)-(t:10.830-v:64.000)-(t:10.840-v:63.000)-(t:10.846-v:62.000)-(t:10.856-v:60.000)-(t:10.869-v:59.000)-(t:10.881-v:58.000)-(t:10.892-v:56.000)-(t:10.903-v:55.000)-(t:10.913-v:54.000)-(t:10.929-v:52.000)-(t:10.941-v:51.000)-(t:10.947-v:50.000)-(t:10.958-v:49.000)-(t:10.968-v:48.000)-(t:10.975-v:47.000)-(t:10.985-v:44.000)-(t:10.995-v:43.000)-(t:11.005-v:42.000)-(t:11.022-v:40.000)-(t:11.033-v:39.000)-(t:11.044-v:37.000)-(t:11.053-v:36.000)-(t:11.063-v:35.000)-(t:11.084-v:33.000)-(t:11.095-v:31.000)-(t:11.105-v:30.000)-(t:11.119-v:29.000)-(t:11.130-v:28.000)-(t:11.143-v:27.000)-(t:11.152-v:26.000)-(t:11.163-v:25.000)-(t:11.173-v:24.000)-(t:11.185-v:23.000)-(t:11.194-v:22.000)-(t:11.216-v:21.000)-(t:11.239-v:20.000)-(t:11.257-v:19.000)-(t:11.265-v:18.000)-(t:11.287-v:17.000)-(t:11.305-v:16.000)-(t:11.316-v:14.000)-(t:11.330-v:13.000)-(t:11.346-v:12.000)-(t:11.378-v:11.000)-(t:11.412-v:10.000)-(t:11.480-v:9.000)-(t:11.507-v:8.000)-(t:11.516-v:7.000)-(t:11.527-v:6.000)-(t:11.538-v:5.000)-(t:11.603-v:4.000)-(t:11.622-v:3.000)-(t:11.933-v:2.000)-(t:15.672-v:1.000)-(t:49.444-v:0.000)],49.444
examples/csp/csp_100/16-81.txt,dqn,300,3,[(t:5.549-v:133.000)-(t:5.587-v:131.000)-(t:5.605-v:126.000)-(t:5.632-v:124.000)-(t:5.646-v:123.000)-(t:5.654-v:119.000)-(t:5.663-v:116.000)-(t:5.672-v:115.000)-(t:5.686-v:114.000)-(t:5.695-v:113.000)-(t:5.715-v:112.000)-(t:5.729-v:111.000)-(t:5.739-v:109.000)-(t:5.747-v:107.000)-(t:5.757-v:106.000)-(t:5.768-v:103.000)-(t:5.778-v:102.000)-(t:5.791-v:100.000)-(t:5.800-v:97.000)-(t:5.810-v:96.000)-(t:5.819-v:95.000)-(t:5.829-v:93.000)-(t:5.839-v:92.000)-(t:5.851-v:91.000)-(t:5.863-v:90.000)-(t:5.874-v:89.000)-(t:5.882-v:88.000)-(t:5.892-v:87.000)-(t:5.905-v:86.000)-(t:5.914-v:82.000)-(t:5.923-v:81.000)-(t:5.933-v:76.000)-(t:5.944-v:75.000)-(t:5.969-v:74.000)-(t:5.978-v:73.000)-(t:5.989-v:70.000)-(t:6.000-v:68.000)-(t:6.010-v:66.000)-(t:6.019-v:65.000)-(t:6.029-v:64.000)-(t:6.038-v:63.000)-(t:6.047-v:62.000)-(t:6.058-v:61.000)-(t:6.066-v:60.000)-(t:6.075-v:59.000)-(t:6.084-v:58.000)-(t:6.094-v:56.000)-(t:6.105-v:54.000)-(t:6.114-v:53.000)-(t:6.123-v:52.000)-(t:6.131-v:51.000)-(t:6.139-v:50.000)-(t:6.148-v:48.000)-(t:6.156-v:47.000)-(t:6.163-v:45.000)-(t:6.171-v:42.000)-(t:6.183-v:41.000)-(t:6.199-v:39.000)-(t:6.207-v:38.000)-(t:6.240-v:36.000)-(t:6.258-v:35.000)-(t:6.269-v:34.000)-(t:6.298-v:33.000)-(t:6.311-v:32.000)-(t:6.320-v:31.000)-(t:6.351-v:30.000)-(t:6.409-v:29.000)-(t:6.425-v:28.000)-(t:6.452-v:27.000)-(t:6.460-v:26.000)-(t:6.467-v:25.000)-(t:6.477-v:24.000)-(t:6.507-v:23.000)-(t:6.528-v:22.000)-(t:6.538-v:21.000)-(t:6.557-v:20.000)-(t:6.571-v:19.000)-(t:6.580-v:18.000)-(t:6.589-v:17.000)-(t:6.653-v:16.000)-(t:6.663-v:15.000)-(t:6.682-v:14.000)-(t:6.719-v:13.000)-(t:8.046-v:12.000)-(t:8.402-v:11.000)-(t:8.768-v:10.000)-(t:12.909-v:9.000)-(t:13.277-v:8.000)-(t:13.445-v:7.000)-(t:13.622-v:6.000)-(t:50.300-v:5.000)-(t:86.360-v:4.000)-(t:229.020-v:3.000)],300.000
examples/csp/csp_100/21-90.txt,dqn,300,2,[(t:5.818-v:107.000)-(t:5.843-v:105.000)-(t:5.859-v:104.000)-(t:5.876-v:103.000)-(t:5.890-v:98.000)-(t:5.899-v:97.000)-(t:5.909-v:93.000)-(t:5.917-v:90.000)-(t:5.927-v:89.000)-(t:5.935-v:87.000)-(t:5.944-v:85.000)-(t:5.952-v:84.000)-(t:5.961-v:81.000)-(t:5.981-v:80.000)-(t:5.990-v:79.000)-(t:5.999-v:78.000)-(t:6.009-v:77.000)-(t:6.018-v:75.000)-(t:6.028-v:71.000)-(t:6.038-v:70.000)-(t:6.047-v:68.000)-(t:6.055-v:67.000)-(t:6.070-v:65.000)-(t:6.079-v:64.000)-(t:6.089-v:63.000)-(t:6.099-v:62.000)-(t:6.113-v:60.000)-(t:6.134-v:59.000)-(t:6.144-v:58.000)-(t:6.160-v:57.000)-(t:6.170-v:56.000)-(t:6.183-v:55.000)-(t:6.196-v:54.000)-(t:6.207-v:53.000)-(t:6.219-v:52.000)-(t:6.230-v:51.000)-(t:6.240-v:50.000)-(t:6.251-v:49.000)-(t:6.259-v:48.000)-(t:6.269-v:46.000)-(t:6.285-v:45.000)-(t:6.299-v:44.000)-(t:6.322-v:43.000)-(t:6.344-v:42.000)-(t:6.352-v:40.000)-(t:6.361-v:39.000)-(t:6.370-v:38.000)-(t:6.379-v:36.000)-(t:6.387-v:34.000)-(t:6.395-v:33.000)-(t:6.402-v:32.000)-(t:6.414-v:31.000)-(t:6.424-v:29.000)-(t:6.432-v:28.000)-(t:6.440-v:27.000)-(t:6.454-v:26.000)-(t:6.474-v:25.000)-(t:6.482-v:24.000)-(t:6.495-v:22.000)-(t:6.506-v:21.000)-(t:6.514-v:20.000)-(t:6.547-v:19.000)-(t:6.561-v:18.000)-(t:6.573-v:17.000)-(t:6.604-v:16.000)-(t:6.616-v:15.000)-(t:6.661-v:14.000)-(t:6.773-v:13.000)-(t:6.842-v:12.000)-(t:6.857-v:11.000)-(t:6.869-v:10.000)-(t:6.886-v:9.000)-(t:8.416-v:8.000)-(t:9.114-v:7.000)-(t:21.112-v:6.000)-(t:22.173-v:5.000)-(t:25.077-v:4.000)-(t:56.340-v:3.000)-(t:60.400-v:2.000)],36.524
examples/csp/csp_100/36-92.txt,dqn,300,2,[(t:6.367-v:131.000)-(t:6.379-v:130.000)-(t:6.387-v:124.000)-(t:6.399-v:123.000)-(t:6.406-v:122.000)-(t:6.420-v:118.000)-(t:6.427-v:116.000)-(t:6.434-v:114.000)-(t:6.441-v:107.000)-(t:6.447-v:106.000)-(t:6.453-v:104.000)-(t:6.462-v:101.000)-(t:6.469-v:99.000)-(t:6.475-v:98.000)-(t:6.482-v:97.000)-(t:6.489-v:96.000)-(t:6.496-v:95.000)-(t:6.503-v:94.000)-(t:6.511-v:92.000)-(t:6.517-v:90.000)-(t:6.524-v:89.000)-(t:6.531-v:88.000)-(t:6.538-v:87.000)-(t:6.544-v:84.000)-(t:6.551-v:82.000)-(t:6.558-v:79.000)-(t:6.564-v:78.000)-(t:6.571-v:77.000)-(t:6.578-v:75.000)-(t:6.584-v:73.000)-(t:6.591-v:72.000)-(t:6.599-v:71.000)-(t:6.611-v:69.000)-(t:6.618-v:67.000)-(t:6.625-v:66.000)-(t:6.632-v:65.000)-(t:6.639-v:64.000)-(t:6.645-v:63.000)-(t:6.652-v:61.000)-(t:6.659-v:60.000)-(t:6.666-v:59.000)-(t:6.681-v:58.000)-(t:6.691-v:57.000)-(t:6.698-v:55.000)-(t:6.710-v:54.000)-(t:6.721-v:53.000)-(t:6.728-v:51.000)-(t:6.734-v:50.000)-(t:6.742-v:49.000)-(t:6.749-v:48.000)-(t:6.756-v:47.000)-(t:6.771-v:46.000)-(t:6.777-v:44.000)-(t:6.784-v:43.000)-(t:6.790-v:42.000)-(t:6.797-v:41.000)-(t:6.805-v:40.000)-(t:6.811-v:39.000)-(t:6.817-v:36.000)-(t:6.824-v:35.000)-(t:6.832-v:34.000)-(t:6.839-v:33.000)-(t:6.846-v:31.000)-(t:6.853-v:29.000)-(t:6.863-v:28.000)-(t:6.869-v:26.000)-(t:6.876-v:24.000)-(t:6.899-v:23.000)-(t:6.907-v:22.000)-(t:6.914-v:21.000)-(t:6.921-v:20.000)-(t:6.928-v:18.000)-(t:6.952-v:17.000)-(t:6.960-v:16.000)-(t:6.974-v:15.000)-(t:6.992-v:14.000)-(t:6.999-v:12.000)-(t:7.012-v:11.000)-(t:7.079-v:10.000)-(t:7.096-v:9.000)-(t:7.116-v:8.000)-(t:11.096-v:7.000)-(t:11.270-v:6.000)-(t:13.888-v:5.000)-(t:43.238-v:4.000)-(t:173.356-v:3.000)-(t:197.687-v:2.000)],102.697
examples/csp/csp_100/4-72.txt,dqn,300,1,[(t:6.135-v:111.000)-(t:6.187-v:110.000)-(t:6.222-v:109.000)-(t:6.230-v:108.000)-(t:6.237-v:107.000)-(t:6.244-v:103.000)-(t:6.252-v:100.000)-(t:6.259-v:99.000)-(t:6.266-v:98.000)-(t:6.276-v:97.000)-(t:6.290-v:94.000)-(t:6.299-v:93.000)-(t:6.307-v:90.000)-(t:6.315-v:89.000)-(t:6.323-v:85.000)-(t:6.331-v:83.000)-(t:6.340-v:82.000)-(t:6.348-v:81.000)-(t:6.357-v:80.000)-(t:6.366-v:75.000)-(t:6.374-v:74.000)-(t:6.383-v:72.000)-(t:6.391-v:71.000)-(t:6.399-v:69.000)-(t:6.409-v:68.000)-(t:6.418-v:67.000)-(t:6.428-v:66.000)-(t:6.437-v:65.000)-(t:6.450-v:64.000)-(t:6.462-v:63.000)-(t:6.472-v:61.000)-(t:6.481-v:60.000)-(t:6.490-v:58.000)-(t:6.499-v:57.000)-(t:6.518-v:56.000)-(t:6.528-v:55.000)-(t:6.537-v:53.000)-(t:6.547-v:52.000)-(t:6.558-v:51.000)-(t:6.567-v:50.000)-(t:6.576-v:48.000)-(t:6.585-v:47.000)-(t:6.595-v:45.000)-(t:6.606-v:43.000)-(t:6.615-v:42.000)-(t:6.624-v:40.000)-(t:6.633-v:38.000)-(t:6.643-v:37.000)-(t:6.652-v:36.000)-(t:6.661-v:34.000)-(t:6.680-v:33.000)-(t:6.687-v:32.000)-(t:6.695-v:31.000)-(t:6.714-v:30.000)-(t:6.722-v:29.000)-(t:6.731-v:28.000)-(t:6.739-v:26.000)-(t:6.747-v:25.000)-(t:6.757-v:24.000)-(t:6.766-v:22.000)-(t:6.774-v:21.000)-(t:6.782-v:20.000)-(t:6.813-v:19.000)-(t:6.822-v:18.000)-(t:6.877-v:16.000)-(t:6.892-v:14.000)-(t:6.910-v:13.000)-(t:6.920-v:12.000)-(t:6.938-v:11.000)-(t:6.952-v:10.000)-(t:6.970-v:9.000)-(t:6.986-v:8.000)-(t:7.006-v:7.000)-(t:13.390-v:6.000)-(t:13.568-v:5.000)-(t:17.548-v:4.000)-(t:17.722-v:3.000)-(t:23.305-v:2.000)-(t:45.521-v:1.000)],300.000
examples/csp/csp_100/6-76.txt,dqn,300,6,[(t:7.262-v:105.000)-(t:7.304-v:102.000)-(t:7.320-v:99.000)-(t:7.331-v:97.000)-(t:7.343-v:95.000)-(t:7.363-v:90.000)-(t:7.372-v:88.000)-(t:7.383-v:84.000)-(t:7.395-v:81.000)-(t:7.404-v:80.000)-(t:7.414-v:79.000)-(t:7.425-v:77.000)-(t:7.434-v:76.000)-(t:7.444-v:74.000)-(t:7.454-v:72.000)-(t:7.465-v:71.000)-(t:7.474-v:65.000)-(t:7.483-v:62.000)-(t:7.492-v:60.000)-(t:7.502-v:59.000)-(t:7.511-v:58.000)-(t:7.520-v:57.000)-(t:7.530-v:55.000)-(t:7.562-v:53.000)-(t:7.587-v:52.000)-(t:7.596-v:51.000)-(t:7.604-v:50.000)-(t:7.616-v:49.000)-(t:7.624-v:48.000)-(t:7.638-v:47.000)-(t:7.647-v:46.000)-(t:7.656-v:44.000)-(t:7.665-v:43.000)-(t:7.676-v:42.000)-(t:7.685-v:40.000)-(t:7.694-v:38.000)-(t:7.716-v:37.000)-(t:7.733-v:36.000)-(t:7.752-v:35.000)-(t:7.765-v:34.000)-(t:7.777-v:33.000)-(t:7.789-v:32.000)-(t:7.807-v:31.000)-(t:7.818-v:30.000)-(t:7.836-v:29.000)-(t:7.865-v:27.000)-(t:7.874-v:26.000)-(t:7.889-v:25.000)-(t:7.902-v:24.000)-(t:7.913-v:23.000)-(t:7.923-v:22.000)-(t:7.931-v:21.000)-(t:7.941-v:20.000)-(t:7.950-v:19.000)-(t:7.958-v:18.000)-(t:7.978-v:17.000)-(t:7.989-v:16.000)-(t:7.996-v:15.000)-(t:8.005-v:14.000)-(t:8.033-v:13.000)-(t:8.048-v:12.000)-(t:8.061-v:11.000)-(t:8.090-v:10.000)-(t:8.107-v:9.000)-(t:8.487-v:8.000)-(t:8.920-v:7.000)-(t:23.509-v:6.000)],10.262
examples/csp/csp_100/carseq_100_8_20_94.txt,dqn,300,0,[(t:6.389-v:127.000)-(t:6.413-v:125.000)-(t:6.432-v:124.000)-(t:6.441-v:121.000)-(t:6.450-v:117.000)-(t:6.465-v:116.000)-(t:6.474-v:114.000)-(t:6.483-v:113.000)-(t:6.491-v:111.000)-(t:6.499-v:109.000)-(t:6.509-v:108.000)-(t:6.517-v:107.000)-(t:6.525-v:105.000)-(t:6.533-v:101.000)-(t:6.541-v:99.000)-(t:6.552-v:98.000)-(t:6.560-v:96.000)-(t:6.575-v:95.000)-(t:6.583-v:94.000)-(t:6.592-v:92.000)-(t:6.599-v:88.000)-(t:6.608-v:86.000)-(t:6.615-v:85.000)-(t:6.624-v:84.000)-(t:6.631-v:82.000)-(t:6.639-v:79.000)-(t:6.647-v:78.000)-(t:6.655-v:77.000)-(t:6.669-v:76.000)-(t:6.676-v:75.000)-(t:6.683-v:73.000)-(t:6.693-v:72.000)-(t:6.701-v:71.000)-(t:6.708-v:69.000)-(t:6.716-v:67.000)-(t:6.722-v:66.000)-(t:6.730-v:65.000)-(t:6.736-v:63.000)-(t:6.746-v:62.000)-(t:6.754-v:61.000)-(t:6.765-v:60.000)-(t:6.774-v:59.000)-(t:6.781-v:57.000)-(t:6.788-v:55.000)-(t:6.794-v:54.000)-(t:6.801-v:52.000)-(t:6.807-v:51.000)-(t:6.813-v:50.000)-(t:6.821-v:47.000)-(t:6.833-v:46.000)-(t:6.855-v:45.000)-(t:6.863-v:42.000)-(t:6.879-v:41.000)-(t:6.888-v:40.000)-(t:6.900-v:39.000)-(t:6.911-v:38.000)-(t:6.920-v:37.000)-(t:6.927-v:36.000)-(t:6.952-v:35.000)-(t:6.978-v:34.000)-(t:6.990-v:33.000)-(t:7.016-v:32.000)-(t:7.026-v:31.000)-(t:7.039-v:30.000)-(t:7.056-v:29.000)-(t:7.064-v:28.000)-(t:7.074-v:27.000)-(t:7.087-v:26.000)-(t:7.121-v:25.000)-(t:7.132-v:24.000)-(t:7.143-v:23.000)-(t:7.151-v:22.000)-(t:7.159-v:21.000)-(t:7.168-v:20.000)-(t:7.180-v:19.000)-(t:7.192-v:18.000)-(t:7.267-v:17.000)-(t:7.282-v:16.000)-(t:7.297-v:15.000)-(t:7.327-v:14.000)-(t:7.336-v:13.000)-(t:7.346-v:12.000)-(t:7.399-v:11.000)-(t:7.411-v:10.000)-(t:7.424-v:9.000)-(t:7.433-v:8.000)-(t:7.446-v:7.000)-(t:7.455-v:6.000)-(t:7.468-v:5.000)-(t:7.481-v:4.000)-(t:7.753-v:3.000)-(t:7.770-v:2.000)-(t:9.007-v:1.000)-(t:11.312-v:0.000)],11.312
examples/csp/csp_100/carseq_100_8_20_90.txt,dqn,300,0,[(t:7.150-v:120.000)-(t:7.160-v:119.000)-(t:7.179-v:117.000)-(t:7.191-v:115.000)-(t:7.199-v:114.000)-(t:7.222-v:113.000)-(t:7.231-v:111.000)-(t:7.245-v:110.000)-(t:7.254-v:109.000)-(t:7.266-v:107.000)-(t:7.274-v:106.000)-(t:7.285-v:104.000)-(t:7.292-v:103.000)-(t:7.301-v:101.000)-(t:7.310-v:97.000)-(t:7.318-v:96.000)-(t:7.328-v:95.000)-(t:7.339-v:94.000)-(t:7.348-v:93.000)-(t:7.357-v:92.000)-(t:7.366-v:91.000)-(t:7.374-v:90.000)-(t:7.383-v:86.000)-(t:7.392-v:85.000)-(t:7.400-v:84.000)-(t:7.409-v:81.000)-(t:7.419-v:80.000)-(t:7.427-v:79.000)-(t:7.436-v:78.000)-(t:7.444-v:77.000)-(t:7.452-v:76.000)-(t:7.460-v:75.000)-(t:7.468-v:73.000)-(t:7.476-v:71.000)-(t:7.484-v:70.000)-(t:7.491-v:69.000)-(t:7.499-v:68.000)-(t:7.506-v:65.000)-(t:7.514-v:64.000)-(t:7.521-v:63.000)-(t:7.538-v:62.000)-(t:7.547-v:61.000)-(t:7.556-v:59.000)-(t:7.564-v:58.000)-(t:7.571-v:57.000)-(t:7.579-v:55.000)-(t:7.587-v:54.000)-(t:7.596-v:53.000)-(t:7.604-v:52.000)-(t:7.613-v:51.000)-(t:7.621-v:50.000)-(t:7.629-v:49.000)-(t:7.636-v:47.000)-(t:7.643-v:46.000)-(t:7.651-v:45.000)-(t:7.659-v:44.000)-(t:7.667-v:43.000)-(t:7.673-v:42.000)-(t:7.689-v:41.000)-(t:7.701-v:40.000)-(t:7.709-v:39.000)-(t:7.721-v:38.000)-(t:7.736-v:36.000)-(t:7.745-v:35.000)-(t:7.755-v:34.000)-(t:7.766-v:33.000)-(t:7.775-v:32.000)-(t:7.787-v:31.000)-(t:7.795-v:30.000)-(t:7.804-v:29.000)-(t:7.813-v:26.000)-(t:7.847-v:25.000)-(t:7.856-v:24.000)-(t:7.867-v:23.000)-(t:7.876-v:22.000)-(t:7.885-v:21.000)-(t:7.926-v:20.000)-(t:7.933-v:19.000)-(t:7.942-v:18.000)-(t:7.959-v:17.000)-(t:7.972-v:16.000)-(t:7.982-v:15.000)-(t:8.019-v:14.000)-(t:8.034-v:13.000)-(t:8.068-v:12.000)-(t:8.076-v:11.000)-(t:8.114-v:10.000)-(t:8.123-v:9.000)-(t:8.142-v:8.000)-(t:8.155-v:7.000)-(t:8.167-v:6.000)-(t:8.233-v:5.000)-(t:8.293-v:4.000)-(t:8.303-v:3.000)-(t:8.429-v:2.000)-(t:8.482-v:1.000)-(t:21.820-v:0.000)],21.820
examples/csp/csp_100/carseq_100_8_20_88.txt,dqn,300,0,[(t:7.797-v:146.000)-(t:7.814-v:145.000)-(t:7.821-v:142.000)-(t:7.845-v:140.000)-(t:7.862-v:139.000)-(t:7.877-v:136.000)-(t:7.885-v:132.000)-(t:7.898-v:129.000)-(t:7.908-v:127.000)-(t:7.918-v:126.000)-(t:7.926-v:125.000)-(t:7.934-v:120.000)-(t:7.942-v:118.000)-(t:7.950-v:117.000)-(t:7.961-v:116.000)-(t:7.969-v:115.000)-(t:7.979-v:114.000)-(t:7.987-v:113.000)-(t:7.995-v:112.000)-(t:8.005-v:110.000)-(t:8.013-v:107.000)-(t:8.021-v:105.000)-(t:8.029-v:103.000)-(t:8.037-v:101.000)-(t:8.046-v:100.000)-(t:8.059-v:99.000)-(t:8.068-v:98.000)-(t:8.076-v:96.000)-(t:8.086-v:95.000)-(t:8.095-v:94.000)-(t:8.103-v:93.000)-(t:8.113-v:92.000)-(t:8.121-v:91.000)-(t:8.128-v:90.000)-(t:8.137-v:87.000)-(t:8.146-v:85.000)-(t:8.155-v:84.000)-(t:8.163-v:83.000)-(t:8.172-v:82.000)-(t:8.182-v:81.000)-(t:8.190-v:79.000)-(t:8.197-v:78.000)-(t:8.205-v:76.000)-(t:8.214-v:74.000)-(t:8.221-v:73.000)-(t:8.228-v:72.000)-(t:8.235-v:71.000)-(t:8.242-v:70.000)-(t:8.253-v:69.000)-(t:8.262-v:68.000)-(t:8.273-v:67.000)-(t:8.289-v:66.000)-(t:8.296-v:65.000)-(t:8.306-v:62.000)-(t:8.314-v:61.000)-(t:8.321-v:60.000)-(t:8.328-v:59.000)-(t:8.337-v:58.000)-(t:8.344-v:56.000)-(t:8.351-v:55.000)-(t:8.359-v:53.000)-(t:8.368-v:52.000)-(t:8.376-v:51.000)-(t:8.385-v:49.000)-(t:8.396-v:48.000)-(t:8.404-v:47.000)-(t:8.411-v:46.000)-(t:8.418-v:45.000)-(t:8.429-v:43.000)-(t:8.441-v:42.000)-(t:8.451-v:41.000)-(t:8.459-v:40.000)-(t:8.469-v:39.000)-(t:8.478-v:38.000)-(t:8.509-v:37.000)-(t:8.537-v:36.000)-(t:8.553-v:35.000)-(t:8.560-v:34.000)-(t:8.569-v:32.000)-(t:8.581-v:31.000)-(t:8.589-v:30.000)-(t:8.630-v:29.000)-(t:8.646-v:28.000)-(t:8.653-v:26.000)-(t:8.710-v:25.000)-(t:8.718-v:24.000)-(t:8.741-v:23.000)-(t:8.751-v:22.000)-(t:8.762-v:21.000)-(t:8.792-v:20.000)-(t:8.820-v:19.000)-(t:8.835-v:18.000)-(t:8.926-v:17.000)-(t:8.932-v:16.000)-(t:8.945-v:15.000)-(t:8.951-v:14.000)-(t:8.964-v:13.000)-(t:8.972-v:12.000)-(t:8.990-v:11.000)-(t:9.007-v:10.000)-(t:9.026-v:9.000)-(t:9.048-v:8.000)-(t:9.993-v:7.000)-(t:11.119-v:6.000)-(t:11.416-v:5.000)-(t:11.508-v:4.000)-(t:18.440-v:3.000)-(t:20.786-v:2.000)-(t:22.998-v:1.000)-(t:41.991-v:0.000)],41.991
examples/csp/csp_200/pb_200_06.txt,dqn,300,,,
examples/csp/csp_200/pb_200_07.txt,dqn,300,,,
examples/csp/csp_200/pb_200_08.txt,dqn,300,,,
examples/csp/csp_200/pb_200_09.txt,dqn,300,,,
examples/csp/csp_200/pb_200_10.txt,dqn,300,,,
examples/csp/csp_300/carseq_300_8_20_38.txt,dqn,300,,,
examples/csp/csp_100/carseq_100_8_20_81.txt,dqn,300,1,[(t:7.037-v:110.000)-(t:7.051-v:108.000)-(t:7.057-v:105.000)-(t:7.065-v:103.000)-(t:7.075-v:102.000)-(t:7.096-v:100.000)-(t:7.111-v:99.000)-(t:7.119-v:92.000)-(t:7.127-v:90.000)-(t:7.135-v:88.000)-(t:7.141-v:87.000)-(t:7.149-v:86.000)-(t:7.157-v:85.000)-(t:7.168-v:83.000)-(t:7.178-v:82.000)-(t:7.190-v:81.000)-(t:7.199-v:80.000)-(t:7.211-v:79.000)-(t:7.221-v:78.000)-(t:7.230-v:76.000)-(t:7.239-v:74.000)-(t:7.248-v:73.000)-(t:7.256-v:71.000)-(t:7.266-v:70.000)-(t:7.273-v:69.000)-(t:7.282-v:67.000)-(t:7.290-v:65.000)-(t:7.299-v:62.000)-(t:7.306-v:61.000)-(t:7.314-v:60.000)-(t:7.321-v:59.000)-(t:7.328-v:57.000)-(t:7.335-v:56.000)-(t:7.345-v:55.000)-(t:7.355-v:54.000)-(t:7.360-v:53.000)-(t:7.368-v:52.000)-(t:7.375-v:51.000)-(t:7.382-v:50.000)-(t:7.389-v:49.000)-(t:7.399-v:48.000)-(t:7.406-v:47.000)-(t:7.412-v:46.000)-(t:7.420-v:45.000)-(t:7.429-v:44.000)-(t:7.435-v:43.000)-(t:7.445-v:42.000)-(t:7.455-v:41.000)-(t:7.461-v:40.000)-(t:7.469-v:39.000)-(t:7.475-v:38.000)-(t:7.482-v:37.000)-(t:7.488-v:36.000)-(t:7.494-v:35.000)-(t:7.511-v:34.000)-(t:7.519-v:33.000)-(t:7.525-v:32.000)-(t:7.530-v:31.000)-(t:7.536-v:30.000)-(t:7.542-v:29.000)-(t:7.550-v:28.000)-(t:7.557-v:27.000)-(t:7.564-v:26.000)-(t:7.572-v:25.000)-(t:7.578-v:24.000)-(t:7.584-v:23.000)-(t:7.590-v:20.000)-(t:7.598-v:19.000)-(t:7.604-v:18.000)-(t:7.624-v:17.000)-(t:7.632-v:16.000)-(t:7.656-v:15.000)-(t:7.683-v:14.000)-(t:7.715-v:13.000)-(t:7.769-v:12.000)-(t:7.788-v:11.000)-(t:7.795-v:10.000)-(t:7.814-v:9.000)-(t:7.856-v:8.000)-(t:7.877-v:7.000)-(t:8.209-v:6.000)-(t:8.232-v:5.000)-(t:12.720-v:4.000)-(t:15.805-v:3.000)-(t:16.009-v:2.000)-(t:28.512-v:1.000)],300.000
examples/csp/csp_300/carseq_300_8_20_40.txt,dqn,300,,,
examples/csp/csp_300/carseq_300_8_20_45.txt,dqn,300,,,
examples/csp/csp_300/carseq_300_8_20_47.txt,dqn,300,,,
examples/csp/csp_100/carseq_100_8_20_82.txt,dqn,300,1,[(t:5.718-v:159.000)-(t:5.735-v:157.000)-(t:5.749-v:152.000)-(t:5.762-v:150.000)-(t:5.770-v:149.000)-(t:5.779-v:148.000)-(t:5.800-v:147.000)-(t:5.809-v:146.000)-(t:5.819-v:145.000)-(t:5.827-v:142.000)-(t:5.835-v:141.000)-(t:5.841-v:140.000)-(t:5.850-v:137.000)-(t:5.858-v:135.000)-(t:5.882-v:133.000)-(t:5.891-v:132.000)-(t:5.898-v:127.000)-(t:5.908-v:126.000)-(t:5.915-v:124.000)-(t:5.924-v:123.000)-(t:5.931-v:121.000)-(t:5.938-v:117.000)-(t:5.945-v:116.000)-(t:5.953-v:113.000)-(t:5.958-v:110.000)-(t:5.964-v:107.000)-(t:5.971-v:106.000)-(t:5.978-v:101.000)-(t:5.983-v:100.000)-(t:5.992-v:99.000)-(t:5.998-v:97.000)-(t:6.005-v:96.000)-(t:6.011-v:95.000)-(t:6.019-v:91.000)-(t:6.025-v:90.000)-(t:6.031-v:89.000)-(t:6.037-v:87.000)-(t:6.043-v:86.000)-(t:6.050-v:84.000)-(t:6.058-v:83.000)-(t:6.066-v:82.000)-(t:6.073-v:81.000)-(t:6.081-v:80.000)-(t:6.092-v:79.000)-(t:6.099-v:78.000)-(t:6.106-v:77.000)-(t:6.112-v:76.000)-(t:6.119-v:75.000)-(t:6.127-v:74.000)-(t:6.134-v:73.000)-(t:6.141-v:72.000)-(t:6.147-v:71.000)-(t:6.153-v:70.000)-(t:6.160-v:69.000)-(t:6.168-v:68.000)-(t:6.176-v:67.000)-(t:6.182-v:65.000)-(t:6.188-v:64.000)-(t:6.194-v:63.000)-(t:6.199-v:61.000)-(t:6.207-v:60.000)-(t:6.214-v:58.000)-(t:6.220-v:57.000)-(t:6.231-v:56.000)-(t:6.242-v:54.000)-(t:6.248-v:53.000)-(t:6.255-v:52.000)-(t:6.260-v:50.000)-(t:6.269-v:47.000)-(t:6.276-v:46.000)-(t:6.284-v:45.000)-(t:6.294-v:44.000)-(t:6.313-v:43.000)-(t:6.331-v:42.000)-(t:6.339-v:40.000)-(t:6.346-v:39.000)-(t:6.352-v:38.000)-(t:6.361-v:37.000)-(t:6.376-v:36.000)-(t:6.384-v:35.000)-(t:6.393-v:34.000)-(t:6.401-v:33.000)-(t:6.409-v:32.000)-(t:6.415-v:31.000)-(t:6.431-v:30.000)-(t:6.467-v:29.000)-(t:6.482-v:28.000)-(t:6.492-v:27.000)-(t:6.508-v:26.000)-(t:6.527-v:25.000)-(t:6.535-v:24.000)-(t:6.569-v:23.000)-(t:6.590-v:22.000)-(t:6.604-v:21.000)-(t:6.631-v:19.000)-(t:6.660-v:18.000)-(t:6.676-v:17.000)-(t:6.704-v:16.000)-(t:6.712-v:15.000)-(t:6.725-v:14.000)-(t:6.759-v:13.000)-(t:6.811-v:12.000)-(t:6.826-v:11.000)-(t:6.838-v:10.000)-(t:6.886-v:9.000)-(t:6.893-v:8.000)-(t:6.926-v:7.000)-(t:9.145-v:6.000)-(t:9.318-v:5.000)-(t:9.419-v:4.000)-(t:9.519-v:3.000)-(t:30.533-v:2.000)-(t:41.478-v:1.000)],300.000
examples/csp/csp_300/carseq_300_8_20_53.txt,dqn,300,,,
examples/csp/csp_300/carseq_300_8_20_56.txt,dqn,300,,,
examples/csp/csp_300/carseq_300_8_20_62.txt,dqn,300,,,
examples/csp/csp_300/carseq_300_8_20_76.txt,dqn,300,,,
examples/csp/csp_300/carseq_300_8_20_78.txt,dqn,300,,,
examples/csp/csp_300/carseq_300_8_20_80.txt,dqn,300,,,
examples/csp/csp_300/carseq_300_8_20_81.txt,dqn,300,,,
examples/csp/csp_100/carseq_100_8_20_85.txt,dqn,300,3,[(t:5.951-v:122.000)-(t:5.969-v:121.000)-(t:5.974-v:120.000)-(t:5.987-v:118.000)-(t:5.993-v:117.000)-(t:6.000-v:112.000)-(t:6.005-v:109.000)-(t:6.011-v:104.000)-(t:6.017-v:101.000)-(t:6.023-v:99.000)-(t:6.029-v:97.000)-(t:6.034-v:96.000)-(t:6.039-v:94.000)-(t:6.054-v:92.000)-(t:6.062-v:90.000)-(t:6.068-v:89.000)-(t:6.074-v:86.000)-(t:6.081-v:84.000)-(t:6.094-v:83.000)-(t:6.099-v:82.000)-(t:6.107-v:80.000)-(t:6.113-v:79.000)-(t:6.121-v:76.000)-(t:6.126-v:75.000)-(t:6.132-v:73.000)-(t:6.139-v:69.000)-(t:6.146-v:65.000)-(t:6.153-v:61.000)-(t:6.159-v:60.000)-(t:6.164-v:59.000)-(t:6.170-v:58.000)-(t:6.176-v:57.000)-(t:6.192-v:56.000)-(t:6.198-v:55.000)-(t:6.204-v:54.000)-(t:6.209-v:53.000)-(t:6.221-v:52.000)-(t:6.228-v:50.000)-(t:6.234-v:49.000)-(t:6.240-v:48.000)-(t:6.249-v:47.000)-(t:6.256-v:46.000)-(t:6.264-v:45.000)-(t:6.271-v:44.000)-(t:6.278-v:43.000)-(t:6.299-v:42.000)-(t:6.314-v:41.000)-(t:6.320-v:40.000)-(t:6.328-v:38.000)-(t:6.337-v:37.000)-(t:6.347-v:36.000)-(t:6.354-v:35.000)-(t:6.361-v:34.000)-(t:6.370-v:33.000)-(t:6.378-v:32.000)-(t:6.385-v:31.000)-(t:6.394-v:30.000)-(t:6.407-v:29.000)-(t:6.414-v:28.000)-(t:6.422-v:27.000)-(t:6.445-v:26.000)-(t:6.453-v:25.000)-(t:6.460-v:23.000)-(t:6.468-v:22.000)-(t:6.497-v:21.000)-(t:6.504-v:20.000)-(t:6.533-v:19.000)-(t:6.541-v:18.000)-(t:6.573-v:17.000)-(t:6.610-v:16.000)-(t:6.618-v:15.000)-(t:6.625-v:14.000)-(t:6.638-v:13.000)-(t:6.647-v:12.000)-(t:6.828-v:11.000)-(t:6.840-v:10.000)-(t:6.861-v:9.000)-(t:6.880-v:8.000)-(t:8.846-v:7.000)-(t:9.029-v:6.000)-(t:12.189-v:5.000)-(t:14.448-v:4.000)-(t:146.687-v:3.000)],300.000
examples/csp/csp_100/carseq_100_8_20_86.txt,dqn,300,2,[(t:8.280-v:150.000)-(t:8.290-v:145.000)-(t:8.311-v:144.000)-(t:8.318-v:137.000)-(t:8.326-v:135.000)-(t:8.342-v:134.000)-(t:8.352-v:131.000)-(t:8.362-v:128.000)-(t:8.372-v:127.000)-(t:8.384-v:126.000)-(t:8.391-v:124.000)-(t:8.397-v:120.000)-(t:8.404-v:119.000)-(t:8.411-v:117.000)-(t:8.419-v:114.000)-(t:8.428-v:111.000)-(t:8.435-v:110.000)-(t:8.443-v:105.000)-(t:8.449-v:102.000)-(t:8.457-v:101.000)-(t:8.464-v:100.000)-(t:8.483-v:97.000)-(t:8.490-v:95.000)-(t:8.505-v:94.000)-(t:8.514-v:93.000)-(t:8.523-v:91.000)-(t:8.530-v:90.000)-(t:8.537-v:89.000)-(t:8.546-v:88.000)-(t:8.554-v:87.000)-(t:8.574-v:86.000)-(t:8.581-v:85.000)-(t:8.589-v:82.000)-(t:8.605-v:81.000)-(t:8.615-v:79.000)-(t:8.633-v:78.000)-(t:8.642-v:76.000)-(t:8.652-v:74.000)-(t:8.660-v:72.000)-(t:8.667-v:70.000)-(t:8.676-v:68.000)-(t:8.684-v:67.000)-(t:8.692-v:66.000)-(t:8.701-v:64.000)-(t:8.709-v:62.000)-(t:8.717-v:61.000)-(t:8.724-v:60.000)-(t:8.732-v:59.000)-(t:8.740-v:58.000)-(t:8.748-v:57.000)-(t:8.756-v:55.000)-(t:8.763-v:54.000)-(t:8.771-v:51.000)-(t:8.780-v:50.000)-(t:8.788-v:48.000)-(t:8.796-v:45.000)-(t:8.826-v:44.000)-(t:8.850-v:43.000)-(t:8.861-v:42.000)-(t:8.874-v:41.000)-(t:8.885-v:40.000)-(t:8.901-v:39.000)-(t:8.912-v:38.000)-(t:8.923-v:37.000)-(t:8.939-v:36.000)-(t:8.950-v:35.000)-(t:8.963-v:34.000)-(t:8.990-v:33.000)-(t:8.997-v:32.000)-(t:9.005-v:31.000)-(t:9.034-v:30.000)-(t:9.050-v:29.000)-(t:9.060-v:27.000)-(t:9.075-v:26.000)-(t:9.114-v:25.000)-(t:9.124-v:24.000)-(t:9.157-v:23.000)-(t:9.168-v:22.000)-(t:9.200-v:21.000)-(t:9.300-v:20.000)-(t:9.336-v:19.000)-(t:9.343-v:18.000)-(t:9.353-v:17.000)-(t:9.365-v:16.000)-(t:9.388-v:15.000)-(t:9.394-v:14.000)-(t:9.405-v:13.000)-(t:9.411-v:12.000)-(t:9.653-v:11.000)-(t:9.675-v:10.000)-(t:9.736-v:9.000)-(t:11.285-v:8.000)-(t:14.232-v:7.000)-(t:16.713-v:6.000)-(t:20.823-v:5.000)-(t:21.168-v:4.000)-(t:28.646-v:3.000)-(t:56.968-v:2.000)],300.000
examples/csp/csp_300/pb_300_06.txt,dqn,300,,,
examples/csp/csp_300/pb_300_07.txt,dqn,300,,,
examples/csp/csp_300/pb_300_08.txt,dqn,300,,,
examples/csp/csp_300/pb_300_09.txt,dqn,300,,,
examples/csp/csp_100/carseq_100_8_20_98.txt,dqn,300,1,[(t:9.978-v:125.000)-(t:9.998-v:122.000)-(t:10.020-v:121.000)-(t:10.031-v:120.000)-(t:10.043-v:119.000)-(t:10.070-v:117.000)-(t:10.081-v:113.000)-(t:10.092-v:112.000)-(t:10.106-v:109.000)-(t:10.114-v:108.000)-(t:10.126-v:107.000)-(t:10.136-v:106.000)-(t:10.148-v:104.000)-(t:10.160-v:102.000)-(t:10.166-v:100.000)-(t:10.180-v:96.000)-(t:10.188-v:95.000)-(t:10.199-v:94.000)-(t:10.210-v:93.000)-(t:10.217-v:92.000)-(t:10.228-v:90.000)-(t:10.239-v:89.000)-(t:10.250-v:88.000)-(t:10.260-v:87.000)-(t:10.269-v:86.000)-(t:10.281-v:85.000)-(t:10.295-v:83.000)-(t:10.308-v:80.000)-(t:10.319-v:77.000)-(t:10.327-v:74.000)-(t:10.334-v:72.000)-(t:10.340-v:71.000)-(t:10.351-v:70.000)-(t:10.362-v:67.000)-(t:10.373-v:66.000)-(t:10.383-v:65.000)-(t:10.393-v:64.000)-(t:10.404-v:63.000)-(t:10.412-v:62.000)-(t:10.422-v:61.000)-(t:10.432-v:60.000)-(t:10.441-v:59.000)-(t:10.446-v:58.000)-(t:10.453-v:57.000)-(t:10.459-v:56.000)-(t:10.467-v:55.000)-(t:10.473-v:54.000)-(t:10.478-v:53.000)-(t:10.494-v:52.000)-(t:10.512-v:51.000)-(t:10.523-v:50.000)-(t:10.535-v:48.000)-(t:10.548-v:47.000)-(t:10.565-v:46.000)-(t:10.579-v:45.000)-(t:10.591-v:44.000)-(t:10.605-v:43.000)-(t:10.617-v:42.000)-(t:10.630-v:41.000)-(t:10.649-v:39.000)-(t:10.658-v:37.000)-(t:10.671-v:35.000)-(t:10.683-v:34.000)-(t:10.690-v:33.000)-(t:10.713-v:32.000)-(t:10.726-v:30.000)-(t:10.739-v:29.000)-(t:10.756-v:28.000)-(t:10.766-v:27.000)-(t:10.777-v:26.000)-(t:10.790-v:25.000)-(t:10.809-v:24.000)-(t:10.831-v:23.000)-(t:10.847-v:22.000)-(t:10.872-v:21.000)-(t:10.901-v:20.000)-(t:10.914-v:19.000)-(t:10.947-v:18.000)-(t:10.962-v:17.000)-(t:10.999-v:16.000)-(t:11.010-v:15.000)-(t:11.085-v:14.000)-(t:11.096-v:13.000)-(t:11.111-v:12.000)-(t:11.129-v:11.000)-(t:11.180-v:10.000)-(t:11.199-v:9.000)-(t:11.212-v:8.000)-(t:11.225-v:7.000)-(t:11.239-v:6.000)-(t:34.799-v:5.000)-(t:38.167-v:4.000)-(t:95.441-v:3.000)-(t:172.759-v:2.000)-(t:178.701-v:1.000)],300.000
examples/csp/csp_300/pb_300_10.txt,dqn,300,,,
examples/csp/csp_100/carseq_100_8_20_99.txt,dqn,300,1,[(t:8.572-v:114.000)-(t:8.611-v:113.000)-(t:8.623-v:110.000)-(t:8.639-v:109.000)-(t:8.657-v:108.000)-(t:8.671-v:104.000)-(t:8.683-v:103.000)-(t:8.694-v:101.000)-(t:8.706-v:100.000)-(t:8.722-v:98.000)-(t:8.735-v:97.000)-(t:8.745-v:96.000)-(t:8.754-v:94.000)-(t:8.764-v:92.000)-(t:8.775-v:90.000)-(t:8.788-v:88.000)-(t:8.798-v:87.000)-(t:8.810-v:86.000)-(t:8.820-v:85.000)-(t:8.831-v:83.000)-(t:8.841-v:82.000)-(t:8.851-v:80.000)-(t:8.870-v:79.000)-(t:8.882-v:75.000)-(t:8.892-v:74.000)-(t:8.897-v:73.000)-(t:8.904-v:71.000)-(t:8.915-v:70.000)-(t:8.926-v:69.000)-(t:8.935-v:67.000)-(t:8.943-v:66.000)-(t:8.952-v:65.000)-(t:8.962-v:64.000)-(t:8.971-v:63.000)-(t:8.982-v:62.000)-(t:8.991-v:61.000)-(t:9.000-v:59.000)-(t:9.007-v:58.000)-(t:9.012-v:56.000)-(t:9.024-v:55.000)-(t:9.034-v:54.000)-(t:9.045-v:53.000)-(t:9.056-v:52.000)-(t:9.064-v:49.000)-(t:9.076-v:48.000)-(t:9.088-v:47.000)-(t:9.103-v:46.000)-(t:9.113-v:45.000)-(t:9.121-v:44.000)-(t:9.140-v:43.000)-(t:9.160-v:41.000)-(t:9.168-v:39.000)-(t:9.179-v:37.000)-(t:9.189-v:36.000)-(t:9.200-v:34.000)-(t:9.220-v:33.000)-(t:9.248-v:32.000)-(t:9.257-v:31.000)-(t:9.270-v:30.000)-(t:9.280-v:29.000)-(t:9.294-v:28.000)-(t:9.305-v:27.000)-(t:9.316-v:26.000)-(t:9.330-v:25.000)-(t:9.370-v:24.000)-(t:9.408-v:23.000)-(t:9.425-v:22.000)-(t:9.455-v:21.000)-(t:9.474-v:20.000)-(t:9.486-v:19.000)-(t:9.503-v:16.000)-(t:9.525-v:15.000)-(t:9.540-v:14.000)-(t:9.552-v:13.000)-(t:9.567-v:12.000)-(t:9.582-v:11.000)-(t:9.620-v:10.000)-(t:9.636-v:9.000)-(t:9.656-v:8.000)-(t:10.194-v:7.000)-(t:10.224-v:6.000)-(t:15.017-v:5.000)-(t:15.199-v:4.000)-(t:17.102-v:3.000)-(t:75.382-v:2.000)-(t:109.025-v:1.000)],300.000
examples/csp/csp_100/carseq_100_8_20_64.txt,dqn,300,0,[(t:5.290-v:114.000)-(t:5.305-v:107.000)-(t:5.320-v:106.000)-(t:5.340-v:105.000)-(t:5.347-v:104.000)-(t:5.355-v:103.000)-(t:5.376-v:102.000)-(t:5.383-v:96.000)-(t:5.392-v:95.000)-(t:5.399-v:94.000)-(t:5.409-v:93.000)-(t:5.421-v:92.000)-(t:5.429-v:89.000)-(t:5.438-v:88.000)-(t:5.447-v:85.000)-(t:5.456-v:84.000)-(t:5.470-v:82.000)-(t:5.479-v:77.000)-(t:5.487-v:76.000)-(t:5.496-v:75.000)-(t:5.505-v:74.000)-(t:5.516-v:73.000)-(t:5.523-v:69.000)-(t:5.530-v:68.000)-(t:5.537-v:67.000)-(t:5.545-v:66.000)-(t:5.552-v:65.000)-(t:5.558-v:63.000)-(t:5.575-v:62.000)-(t:5.582-v:60.000)-(t:5.589-v:58.000)-(t:5.599-v:57.000)-(t:5.606-v:56.000)-(t:5.613-v:55.000)-(t:5.620-v:54.000)-(t:5.626-v:53.000)-(t:5.631-v:52.000)-(t:5.638-v:50.000)-(t:5.644-v:49.000)-(t:5.651-v:48.000)-(t:5.658-v:46.000)-(t:5.665-v:44.000)-(t:5.673-v:43.000)-(t:5.679-v:42.000)-(t:5.694-v:40.000)-(t:5.700-v:39.000)-(t:5.721-v:38.000)-(t:5.729-v:37.000)-(t:5.737-v:35.000)-(t:5.747-v:34.000)-(t:5.754-v:32.000)-(t:5.762-v:31.000)-(t:5.770-v:30.000)-(t:5.778-v:29.000)-(t:5.791-v:28.000)-(t:5.807-v:27.000)-(t:5.818-v:26.000)-(t:5.828-v:25.000)-(t:5.845-v:24.000)-(t:5.854-v:23.000)-(t:5.864-v:22.000)-(t:5.886-v:21.000)-(t:5.896-v:20.000)-(t:5.909-v:18.000)-(t:5.918-v:17.000)-(t:5.946-v:16.000)-(t:5.976-v:15.000)-(t:6.013-v:14.000)-(t:6.102-v:13.000)-(t:6.144-v:12.000)-(t:6.152-v:11.000)-(t:6.170-v:10.000)-(t:6.177-v:9.000)-(t:6.194-v:8.000)-(t:6.206-v:7.000)-(t:6.229-v:6.000)-(t:6.587-v:5.000)-(t:10.945-v:3.000)-(t:13.085-v:2.000)-(t:14.641-v:1.000)-(t:20.450-v:0.000)],20.450
examples/csp/csp_100/carseq_100_8_20_62.txt,dqn,300,0,[(t:4.818-v:127.000)-(t:4.866-v:126.000)-(t:4.873-v:124.000)-(t:4.881-v:120.000)-(t:4.891-v:119.000)-(t:4.898-v:117.000)-(t:4.915-v:115.000)-(t:4.922-v:113.000)-(t:4.933-v:112.000)-(t:4.940-v:111.000)-(t:4.951-v:108.000)-(t:4.963-v:105.000)-(t:4.985-v:102.000)-(t:5.007-v:100.000)-(t:5.015-v:99.000)-(t:5.025-v:98.000)-(t:5.031-v:97.000)-(t:5.040-v:96.000)-(t:5.048-v:95.000)-(t:5.054-v:93.000)-(t:5.062-v:92.000)-(t:5.070-v:90.000)-(t:5.078-v:88.000)-(t:5.084-v:86.000)-(t:5.091-v:85.000)-(t:5.098-v:83.000)-(t:5.103-v:82.000)-(t:5.110-v:81.000)-(t:5.116-v:80.000)-(t:5.121-v:79.000)-(t:5.127-v:77.000)-(t:5.133-v:76.000)-(t:5.138-v:75.000)-(t:5.144-v:73.000)-(t:5.150-v:70.000)-(t:5.155-v:68.000)-(t:5.161-v:67.000)-(t:5.166-v:65.000)-(t:5.171-v:64.000)-(t:5.181-v:62.000)-(t:5.190-v:61.000)-(t:5.196-v:60.000)-(t:5.218-v:59.000)-(t:5.228-v:58.000)-(t:5.233-v:57.000)-(t:5.241-v:56.000)-(t:5.260-v:55.000)-(t:5.274-v:54.000)-(t:5.281-v:53.000)-(t:5.288-v:52.000)-(t:5.295-v:51.000)-(t:5.302-v:48.000)-(t:5.308-v:47.000)-(t:5.318-v:45.000)-(t:5.324-v:44.000)-(t:5.331-v:43.000)-(t:5.340-v:42.000)-(t:5.347-v:41.000)-(t:5.374-v:40.000)-(t:5.385-v:38.000)-(t:5.394-v:37.000)-(t:5.401-v:35.000)-(t:5.422-v:34.000)-(t:5.429-v:33.000)-(t:5.458-v:32.000)-(t:5.480-v:31.000)-(t:5.488-v:29.000)-(t:5.522-v:28.000)-(t:5.576-v:27.000)-(t:5.622-v:26.000)-(t:5.636-v:25.000)-(t:5.644-v:24.000)-(t:5.704-v:23.000)-(t:5.711-v:22.000)-(t:5.722-v:21.000)-(t:5.773-v:20.000)-(t:5.781-v:19.000)-(t:5.799-v:18.000)-(t:5.832-v:17.000)-(t:5.839-v:16.000)-(t:5.851-v:15.000)-(t:5.860-v:14.000)-(t:5.867-v:13.000)-(t:5.876-v:12.000)-(t:5.894-v:11.000)-(t:5.918-v:10.000)-(t:5.929-v:9.000)-(t:5.951-v:8.000)-(t:5.968-v:7.000)-(t:5.989-v:6.000)-(t:6.364-v:5.000)-(t:6.392-v:4.000)-(t:24.738-v:3.000)-(t:26.374-v:2.000)-(t:29.381-v:1.000)-(t:31.294-v:0.000)],31.294
examples/csp/csp_100/carseq_100_8_20_67.txt,dqn,300,0,[(t:8.556-v:98.000)-(t:8.574-v:96.000)-(t:8.592-v:95.000)-(t:8.604-v:94.000)-(t:8.616-v:93.000)-(t:8.625-v:91.000)-(t:8.637-v:90.000)-(t:8.648-v:89.000)-(t:8.662-v:87.000)-(t:8.672-v:85.000)-(t:8.681-v:84.000)-(t:8.701-v:83.000)-(t:8.711-v:82.000)-(t:8.722-v:78.000)-(t:8.732-v:77.000)-(t:8.744-v:76.000)-(t:8.753-v:75.000)-(t:8.764-v:74.000)-(t:8.775-v:73.000)-(t:8.786-v:71.000)-(t:8.793-v:69.000)-(t:8.803-v:67.000)-(t:8.813-v:66.000)-(t:8.823-v:65.000)-(t:8.833-v:64.000)-(t:8.844-v:63.000)-(t:8.855-v:62.000)-(t:8.866-v:61.000)-(t:8.876-v:60.000)-(t:8.885-v:58.000)-(t:8.893-v:56.000)-(t:8.906-v:54.000)-(t:8.917-v:53.000)-(t:8.926-v:52.000)-(t:8.938-v:51.000)-(t:8.947-v:50.000)-(t:8.958-v:49.000)-(t:8.970-v:47.000)-(t:8.979-v:46.000)-(t:8.990-v:45.000)-(t:9.008-v:44.000)-(t:9.012-v:43.000)-(t:9.022-v:42.000)-(t:9.033-v:41.000)-(t:9.044-v:40.000)-(t:9.053-v:39.000)-(t:9.062-v:38.000)-(t:9.073-v:37.000)-(t:9.083-v:36.000)-(t:9.094-v:35.000)-(t:9.105-v:33.000)-(t:9.113-v:31.000)-(t:9.118-v:29.000)-(t:9.127-v:28.000)-(t:9.135-v:27.000)-(t:9.144-v:26.000)-(t:9.158-v:25.000)-(t:9.165-v:24.000)-(t:9.202-v:23.000)-(t:9.212-v:22.000)-(t:9.224-v:21.000)-(t:9.229-v:20.000)-(t:9.241-v:19.000)-(t:9.250-v:18.000)-(t:9.260-v:17.000)-(t:9.268-v:16.000)-(t:9.282-v:15.000)-(t:9.291-v:14.000)-(t:9.304-v:13.000)-(t:9.314-v:12.000)-(t:9.325-v:11.000)-(t:9.345-v:10.000)-(t:9.377-v:9.000)-(t:9.417-v:8.000)-(t:9.439-v:7.000)-(t:9.447-v:6.000)-(t:9.462-v:5.000)-(t:13.881-v:4.000)-(t:14.246-v:3.000)-(t:14.439-v:2.000)-(t:31.543-v:1.000)-(t:48.455-v:0.000)],48.455
examples/csp/csp_100/carseq_100_8_20_72.txt,dqn,300,0,[(t:8.133-v:120.000)-(t:8.147-v:117.000)-(t:8.163-v:115.000)-(t:8.174-v:110.000)-(t:8.185-v:109.000)-(t:8.209-v:107.000)-(t:8.219-v:106.000)-(t:8.230-v:105.000)-(t:8.241-v:104.000)-(t:8.250-v:103.000)-(t:8.261-v:101.000)-(t:8.271-v:98.000)-(t:8.282-v:94.000)-(t:8.293-v:92.000)-(t:8.302-v:90.000)-(t:8.315-v:89.000)-(t:8.326-v:87.000)-(t:8.337-v:86.000)-(t:8.357-v:85.000)-(t:8.367-v:84.000)-(t:8.376-v:83.000)-(t:8.386-v:82.000)-(t:8.397-v:77.000)-(t:8.408-v:75.000)-(t:8.418-v:73.000)-(t:8.428-v:72.000)-(t:8.440-v:70.000)-(t:8.449-v:69.000)-(t:8.458-v:67.000)-(t:8.463-v:66.000)-(t:8.469-v:65.000)-(t:8.481-v:63.000)-(t:8.494-v:62.000)-(t:8.504-v:61.000)-(t:8.514-v:59.000)-(t:8.524-v:58.000)-(t:8.534-v:57.000)-(t:8.547-v:56.000)-(t:8.563-v:55.000)-(t:8.571-v:54.000)-(t:8.577-v:53.000)-(t:8.588-v:52.000)-(t:8.599-v:51.000)-(t:8.606-v:50.000)-(t:8.617-v:49.000)-(t:8.627-v:48.000)-(t:8.637-v:47.000)-(t:8.653-v:46.000)-(t:8.663-v:44.000)-(t:8.673-v:43.000)-(t:8.683-v:42.000)-(t:8.688-v:41.000)-(t:8.698-v:40.000)-(t:8.718-v:39.000)-(t:8.728-v:38.000)-(t:8.738-v:37.000)-(t:8.749-v:36.000)-(t:8.759-v:35.000)-(t:8.770-v:33.000)-(t:8.780-v:32.000)-(t:8.796-v:31.000)-(t:8.807-v:30.000)-(t:8.817-v:29.000)-(t:8.824-v:27.000)-(t:8.845-v:26.000)-(t:8.856-v:24.000)-(t:8.870-v:23.000)-(t:8.892-v:22.000)-(t:8.905-v:21.000)-(t:8.923-v:20.000)-(t:8.933-v:19.000)-(t:8.943-v:18.000)-(t:8.953-v:17.000)-(t:9.002-v:16.000)-(t:9.009-v:15.000)-(t:9.051-v:14.000)-(t:9.094-v:13.000)-(t:9.104-v:12.000)-(t:9.120-v:11.000)-(t:9.132-v:9.000)-(t:9.143-v:8.000)-(t:9.164-v:7.000)-(t:9.178-v:6.000)-(t:9.207-v:5.000)-(t:9.255-v:4.000)-(t:9.595-v:3.000)-(t:10.329-v:2.000)-(t:16.709-v:1.000)-(t:24.685-v:0.000)],24.685
examples/csp/csp_100/carseq_100_8_20_73.txt,dqn,300,0,[(t:9.160-v:112.000)-(t:9.183-v:110.000)-(t:9.211-v:107.000)-(t:9.231-v:106.000)-(t:9.245-v:105.000)-(t:9.255-v:103.000)-(t:9.268-v:98.000)-(t:9.281-v:96.000)-(t:9.291-v:95.000)-(t:9.299-v:94.000)-(t:9.313-v:93.000)-(t:9.326-v:91.000)-(t:9.337-v:90.000)-(t:9.348-v:89.000)-(t:9.361-v:88.000)-(t:9.375-v:86.000)-(t:9.388-v:85.000)-(t:9.401-v:84.000)-(t:9.413-v:83.000)-(t:9.425-v:81.000)-(t:9.434-v:80.000)-(t:9.448-v:78.000)-(t:9.461-v:77.000)-(t:9.472-v:76.000)-(t:9.483-v:75.000)-(t:9.495-v:73.000)-(t:9.502-v:72.000)-(t:9.513-v:71.000)-(t:9.523-v:69.000)-(t:9.534-v:67.000)-(t:9.546-v:66.000)-(t:9.559-v:64.000)-(t:9.575-v:63.000)-(t:9.585-v:61.000)-(t:9.595-v:60.000)-(t:9.606-v:59.000)-(t:9.611-v:57.000)-(t:9.622-v:55.000)-(t:9.632-v:53.000)-(t:9.653-v:52.000)-(t:9.665-v:51.000)-(t:9.676-v:50.000)-(t:9.687-v:48.000)-(t:9.697-v:46.000)-(t:9.707-v:43.000)-(t:9.719-v:42.000)-(t:9.730-v:41.000)-(t:9.739-v:40.000)-(t:9.753-v:38.000)-(t:9.764-v:37.000)-(t:9.774-v:36.000)-(t:9.785-v:34.000)-(t:9.796-v:31.000)-(t:9.818-v:30.000)-(t:9.845-v:29.000)-(t:9.856-v:28.000)-(t:9.866-v:27.000)-(t:9.877-v:26.000)-(t:9.888-v:24.000)-(t:9.901-v:22.000)-(t:9.913-v:20.000)-(t:9.921-v:19.000)-(t:9.932-v:18.000)-(t:10.002-v:17.000)-(t:10.015-v:16.000)-(t:10.028-v:15.000)-(t:10.041-v:14.000)-(t:10.081-v:13.000)-(t:10.094-v:12.000)-(t:10.117-v:11.000)-(t:10.145-v:10.000)-(t:10.163-v:9.000)-(t:10.201-v:8.000)-(t:10.272-v:7.000)-(t:10.339-v:6.000)-(t:10.355-v:5.000)-(t:10.390-v:4.000)-(t:10.840-v:3.000)-(t:10.909-v:2.000)-(t:10.935-v:1.000)-(t:16.110-v:0.000)],16.110
examples/csp/csp_100/carseq_100_8_20_77.txt,dqn,300,0,[(t:8.239-v:107.000)-(t:8.253-v:106.000)-(t:8.268-v:104.000)-(t:8.296-v:102.000)-(t:8.306-v:101.000)-(t:8.317-v:100.000)-(t:8.328-v:99.000)-(t:8.339-v:97.000)-(t:8.352-v:93.000)-(t:8.364-v:92.000)-(t:8.376-v:91.000)-(t:8.388-v:89.000)-(t:8.399-v:88.000)-(t:8.409-v:86.000)-(t:8.422-v:85.000)-(t:8.435-v:84.000)-(t:8.449-v:83.000)-(t:8.457-v:82.000)-(t:8.463-v:81.000)-(t:8.468-v:77.000)-(t:8.479-v:76.000)-(t:8.490-v:74.000)-(t:8.501-v:71.000)-(t:8.514-v:70.000)-(t:8.525-v:69.000)-(t:8.541-v:68.000)-(t:8.553-v:67.000)-(t:8.563-v:65.000)-(t:8.570-v:63.000)-(t:8.580-v:62.000)-(t:8.591-v:61.000)-(t:8.601-v:59.000)-(t:8.612-v:58.000)-(t:8.626-v:57.000)-(t:8.637-v:55.000)-(t:8.648-v:54.000)-(t:8.658-v:52.000)-(t:8.669-v:51.000)-(t:8.676-v:50.000)-(t:8.687-v:49.000)-(t:8.697-v:48.000)-(t:8.708-v:47.000)-(t:8.720-v:46.000)-(t:8.731-v:45.000)-(t:8.741-v:44.000)-(t:8.752-v:42.000)-(t:8.763-v:41.000)-(t:8.775-v:39.000)-(t:8.781-v:38.000)-(t:8.792-v:37.000)-(t:8.802-v:36.000)-(t:8.810-v:35.000)-(t:8.820-v:34.000)-(t:8.842-v:30.000)-(t:8.857-v:29.000)-(t:8.874-v:28.000)-(t:8.885-v:27.000)-(t:8.898-v:26.000)-(t:8.921-v:25.000)-(t:8.932-v:24.000)-(t:8.942-v:23.000)-(t:8.953-v:22.000)-(t:8.977-v:21.000)-(t:8.984-v:20.000)-(t:9.003-v:19.000)-(t:9.017-v:18.000)-(t:9.042-v:17.000)-(t:9.055-v:16.000)-(t:9.100-v:15.000)-(t:9.117-v:14.000)-(t:9.127-v:13.000)-(t:9.157-v:12.000)-(t:9.246-v:11.000)-(t:9.272-v:10.000)-(t:9.318-v:9.000)-(t:9.338-v:8.000)-(t:9.395-v:7.000)-(t:9.419-v:6.000)-(t:9.450-v:5.000)-(t:9.459-v:4.000)-(t:9.477-v:3.000)-(t:9.755-v:2.000)-(t:18.074-v:1.000)-(t:19.709-v:0.000)],19.709
examples/csp/csp_100/carseq_100_8_20_71.txt,dqn,300,0,[(t:7.855-v:136.000)-(t:7.868-v:134.000)-(t:7.887-v:133.000)-(t:7.898-v:132.000)-(t:7.909-v:131.000)-(t:7.924-v:129.000)-(t:7.934-v:128.000)-(t:7.961-v:127.000)-(t:7.974-v:125.000)-(t:7.990-v:124.000)-(t:8.009-v:121.000)-(t:8.020-v:120.000)-(t:8.029-v:119.000)-(t:8.042-v:118.000)-(t:8.054-v:116.000)-(t:8.066-v:115.000)-(t:8.078-v:113.000)-(t:8.090-v:112.000)-(t:8.100-v:111.000)-(t:8.112-v:109.000)-(t:8.122-v:108.000)-(t:8.132-v:100.000)-(t:8.144-v:99.000)-(t:8.154-v:97.000)-(t:8.166-v:96.000)-(t:8.178-v:95.000)-(t:8.188-v:94.000)-(t:8.199-v:92.000)-(t:8.211-v:91.000)-(t:8.222-v:89.000)-(t:8.233-v:88.000)-(t:8.241-v:87.000)-(t:8.247-v:85.000)-(t:8.254-v:84.000)-(t:8.266-v:83.000)-(t:8.279-v:82.000)-(t:8.294-v:80.000)-(t:8.309-v:79.000)-(t:8.319-v:78.000)-(t:8.332-v:77.000)-(t:8.352-v:76.000)-(t:8.361-v:75.000)-(t:8.372-v:73.000)-(t:8.383-v:72.000)-(t:8.393-v:71.000)-(t:8.414-v:70.000)-(t:8.425-v:68.000)-(t:8.435-v:67.000)-(t:8.445-v:66.000)-(t:8.456-v:64.000)-(t:8.462-v:63.000)-(t:8.468-v:62.000)-(t:8.480-v:61.000)-(t:8.495-v:58.000)-(t:8.507-v:57.000)-(t:8.521-v:56.000)-(t:8.530-v:55.000)-(t:8.543-v:54.000)-(t:8.554-v:53.000)-(t:8.565-v:52.000)-(t:8.575-v:51.000)-(t:8.588-v:50.000)-(t:8.598-v:49.000)-(t:8.609-v:48.000)-(t:8.619-v:47.000)-(t:8.630-v:45.000)-(t:8.644-v:44.000)-(t:8.654-v:43.000)-(t:8.665-v:42.000)-(t:8.681-v:41.000)-(t:8.690-v:40.000)-(t:8.703-v:39.000)-(t:8.714-v:38.000)-(t:8.725-v:37.000)-(t:8.734-v:36.000)-(t:8.747-v:35.000)-(t:8.758-v:34.000)-(t:8.771-v:32.000)-(t:8.784-v:31.000)-(t:8.800-v:30.000)-(t:8.815-v:29.000)-(t:8.825-v:28.000)-(t:8.843-v:27.000)-(t:8.856-v:26.000)-(t:8.868-v:24.000)-(t:8.932-v:23.000)-(t:8.955-v:22.000)-(t:8.968-v:21.000)-(t:8.980-v:20.000)-(t:8.988-v:19.000)-(t:9.002-v:18.000)-(t:9.027-v:17.000)-(t:9.039-v:16.000)-(t:9.086-v:15.000)-(t:9.093-v:13.000)-(t:16.508-v:12.000)-(t:17.120-v:11.000)-(t:17.317-v:10.000)-(t:24.950-v:9.000)-(t:25.143-v:8.000)-(t:26.076-v:7.000)-(t:26.268-v:6.000)-(t:42.526-v:5.000)-(t:93.030-v:4.000)-(t:95.940-v:3.000)-(t:106.829-v:2.000)-(t:108.690-v:1.000)-(t:227.555-v:0.000)],227.555
examples/csp/csp_100/16-81.txt,dqn,300,1,[(t:6.799-v:138.000)-(t:6.825-v:134.000)-(t:6.841-v:127.000)-(t:6.849-v:126.000)-(t:6.857-v:117.000)-(t:6.867-v:116.000)-(t:6.876-v:114.000)-(t:6.885-v:113.000)-(t:6.895-v:112.000)-(t:6.905-v:109.000)-(t:6.914-v:108.000)-(t:6.926-v:106.000)-(t:6.935-v:105.000)-(t:6.943-v:103.000)-(t:6.951-v:101.000)-(t:6.959-v:98.000)-(t:6.966-v:96.000)-(t:6.974-v:95.000)-(t:6.983-v:94.000)-(t:6.994-v:93.000)-(t:7.004-v:92.000)-(t:7.014-v:91.000)-(t:7.022-v:90.000)-(t:7.031-v:87.000)-(t:7.040-v:85.000)-(t:7.049-v:83.000)-(t:7.057-v:81.000)-(t:7.065-v:79.000)-(t:7.073-v:78.000)-(t:7.081-v:77.000)-(t:7.089-v:76.000)-(t:7.098-v:75.000)-(t:7.107-v:74.000)-(t:7.115-v:71.000)-(t:7.133-v:70.000)-(t:7.142-v:69.000)-(t:7.151-v:68.000)-(t:7.159-v:65.000)-(t:7.166-v:63.000)-(t:7.175-v:62.000)-(t:7.184-v:61.000)-(t:7.194-v:60.000)-(t:7.202-v:59.000)-(t:7.213-v:57.000)-(t:7.226-v:56.000)-(t:7.236-v:55.000)-(t:7.245-v:52.000)-(t:7.256-v:49.000)-(t:7.266-v:48.000)-(t:7.280-v:47.000)-(t:7.290-v:45.000)-(t:7.299-v:44.000)-(t:7.323-v:43.000)-(t:7.342-v:42.000)-(t:7.352-v:41.000)-(t:7.372-v:39.000)-(t:7.382-v:38.000)-(t:7.392-v:37.000)-(t:7.401-v:36.000)-(t:7.411-v:35.000)-(t:7.420-v:33.000)-(t:7.431-v:32.000)-(t:7.441-v:30.000)-(t:7.449-v:29.000)-(t:7.457-v:28.000)-(t:7.482-v:27.000)-(t:7.492-v:26.000)-(t:7.519-v:25.000)-(t:7.529-v:24.000)-(t:7.538-v:22.000)-(t:7.584-v:21.000)-(t:7.597-v:20.000)-(t:7.612-v:19.000)-(t:7.674-v:18.000)-(t:7.684-v:17.000)-(t:7.752-v:16.000)-(t:7.769-v:15.000)-(t:7.790-v:14.000)-(t:7.805-v:13.000)-(t:7.844-v:12.000)-(t:11.809-v:11.000)-(t:15.295-v:10.000)-(t:20.404-v:9.000)-(t:21.102-v:8.000)-(t:26.908-v:7.000)-(t:27.099-v:6.000)-(t:56.775-v:5.000)-(t:74.282-v:4.000)-(t:77.128-v:3.000)-(t:77.484-v:2.000)-(t:294.892-v:1.000)],300.000
examples/csp/csp_100/21-90.txt,dqn,300,2,[(t:7.320-v:130.000)-(t:7.344-v:129.000)-(t:7.359-v:128.000)-(t:7.375-v:124.000)-(t:7.388-v:120.000)-(t:7.399-v:119.000)-(t:7.407-v:117.000)-(t:7.416-v:115.000)-(t:7.427-v:114.000)-(t:7.440-v:113.000)-(t:7.450-v:111.000)-(t:7.458-v:107.000)-(t:7.468-v:105.000)-(t:7.476-v:104.000)-(t:7.485-v:100.000)-(t:7.493-v:98.000)-(t:7.501-v:93.000)-(t:7.509-v:92.000)-(t:7.521-v:91.000)-(t:7.530-v:90.000)-(t:7.539-v:87.000)-(t:7.551-v:86.000)-(t:7.560-v:84.000)-(t:7.571-v:81.000)-(t:7.581-v:78.000)-(t:7.591-v:77.000)-(t:7.601-v:76.000)-(t:7.613-v:74.000)-(t:7.624-v:73.000)-(t:7.633-v:72.000)-(t:7.643-v:69.000)-(t:7.651-v:67.000)-(t:7.660-v:66.000)-(t:7.668-v:65.000)-(t:7.676-v:64.000)-(t:7.684-v:63.000)-(t:7.693-v:62.000)-(t:7.701-v:61.000)-(t:7.709-v:60.000)-(t:7.717-v:58.000)-(t:7.726-v:57.000)-(t:7.736-v:56.000)-(t:7.745-v:54.000)-(t:7.753-v:53.000)-(t:7.761-v:50.000)-(t:7.770-v:49.000)-(t:7.777-v:46.000)-(t:7.786-v:45.000)-(t:7.795-v:44.000)-(t:7.806-v:43.000)-(t:7.814-v:42.000)-(t:7.823-v:41.000)-(t:7.833-v:40.000)-(t:7.842-v:39.000)-(t:7.850-v:38.000)-(t:7.858-v:37.000)-(t:7.867-v:36.000)-(t:7.876-v:35.000)-(t:7.894-v:33.000)-(t:7.911-v:32.000)-(t:7.919-v:31.000)-(t:7.949-v:30.000)-(t:7.961-v:29.000)-(t:7.969-v:27.000)-(t:7.983-v:26.000)-(t:8.010-v:25.000)-(t:8.020-v:24.000)-(t:8.033-v:23.000)-(t:8.043-v:22.000)-(t:8.072-v:21.000)-(t:8.102-v:20.000)-(t:8.111-v:19.000)-(t:8.120-v:18.000)-(t:8.131-v:17.000)-(t:8.170-v:16.000)-(t:8.201-v:15.000)-(t:8.226-v:14.000)-(t:8.252-v:13.000)-(t:8.260-v:12.000)-(t:8.312-v:11.000)-(t:8.365-v:10.000)-(t:8.389-v:9.000)-(t:10.107-v:8.000)-(t:21.186-v:7.000)-(t:21.361-v:6.000)-(t:37.527-v:5.000)-(t:37.872-v:4.000)-(t:50.213-v:3.000)-(t:59.527-v:2.000)],38.343
examples/csp/csp_100/36-92.txt,dqn,300,4,[(t:6.717-v:146.000)-(t:6.762-v:144.000)-(t:6.778-v:142.000)-(t:6.786-v:140.000)-(t:6.799-v:138.000)-(t:6.816-v:133.000)-(t:6.825-v:130.000)-(t:6.834-v:126.000)-(t:6.845-v:119.000)-(t:6.854-v:118.000)-(t:6.863-v:112.000)-(t:6.872-v:110.000)-(t:6.881-v:109.000)-(t:6.892-v:107.000)-(t:6.902-v:105.000)-(t:6.911-v:104.000)-(t:6.922-v:103.000)-(t:6.931-v:102.000)-(t:6.940-v:101.000)-(t:6.949-v:95.000)-(t:6.957-v:94.000)-(t:6.966-v:93.000)-(t:6.974-v:91.000)-(t:6.983-v:90.000)-(t:6.990-v:89.000)-(t:6.998-v:87.000)-(t:7.006-v:85.000)-(t:7.014-v:84.000)-(t:7.023-v:79.000)-(t:7.036-v:77.000)-(t:7.045-v:76.000)-(t:7.055-v:75.000)-(t:7.063-v:73.000)-(t:7.072-v:72.000)-(t:7.081-v:71.000)-(t:7.091-v:69.000)-(t:7.099-v:68.000)-(t:7.107-v:67.000)-(t:7.115-v:66.000)-(t:7.124-v:65.000)-(t:7.134-v:64.000)-(t:7.144-v:63.000)-(t:7.153-v:62.000)-(t:7.162-v:60.000)-(t:7.171-v:59.000)-(t:7.179-v:57.000)-(t:7.194-v:56.000)-(t:7.204-v:55.000)-(t:7.212-v:54.000)-(t:7.227-v:53.000)-(t:7.237-v:51.000)-(t:7.253-v:50.000)-(t:7.262-v:49.000)-(t:7.273-v:48.000)-(t:7.282-v:47.000)-(t:7.305-v:46.000)-(t:7.314-v:44.000)-(t:7.332-v:42.000)-(t:7.342-v:41.000)-(t:7.351-v:40.000)-(t:7.360-v:39.000)-(t:7.385-v:38.000)-(t:7.415-v:37.000)-(t:7.429-v:35.000)-(t:7.448-v:33.000)-(t:7.457-v:32.000)-(t:7.467-v:30.000)-(t:7.477-v:29.000)-(t:7.486-v:28.000)-(t:7.496-v:27.000)-(t:7.507-v:26.000)-(t:7.522-v:25.000)-(t:7.533-v:24.000)-(t:7.543-v:23.000)-(t:7.565-v:22.000)-(t:7.597-v:21.000)-(t:7.610-v:20.000)-(t:7.619-v:19.000)-(t:7.646-v:18.000)-(t:7.682-v:17.000)-(t:7.740-v:16.000)-(t:7.805-v:15.000)-(t:7.816-v:14.000)-(t:7.835-v:13.000)-(t:7.848-v:12.000)-(t:8.088-v:11.000)-(t:8.382-v:10.000)-(t:8.406-v:9.000)-(t:8.470-v:8.000)-(t:8.501-v:7.000)-(t:12.937-v:6.000)-(t:30.994-v:5.000)-(t:31.887-v:4.000)],158.116
examples/csp/csp_100/4-72.txt,dqn,300,2,[(t:6.038-v:128.000)-(t:6.075-v:126.000)-(t:6.084-v:123.000)-(t:6.095-v:120.000)-(t:6.113-v:119.000)-(t:6.127-v:118.000)-(t:6.136-v:116.000)-(t:6.149-v:115.000)-(t:6.158-v:112.000)-(t:6.166-v:111.000)-(t:6.175-v:110.000)-(t:6.182-v:109.000)-(t:6.190-v:108.000)-(t:6.198-v:107.000)-(t:6.210-v:106.000)-(t:6.218-v:97.000)-(t:6.228-v:96.000)-(t:6.235-v:95.000)-(t:6.243-v:94.000)-(t:6.252-v:92.000)-(t:6.260-v:91.000)-(t:6.268-v:89.000)-(t:6.275-v:88.000)-(t:6.284-v:86.000)-(t:6.293-v:85.000)-(t:6.301-v:84.000)-(t:6.309-v:83.000)-(t:6.317-v:80.000)-(t:6.325-v:78.000)-(t:6.333-v:77.000)-(t:6.340-v:76.000)-(t:6.346-v:74.000)-(t:6.355-v:73.000)-(t:6.362-v:72.000)-(t:6.371-v:71.000)-(t:6.379-v:70.000)-(t:6.390-v:68.000)-(t:6.426-v:67.000)-(t:6.437-v:66.000)-(t:6.449-v:65.000)-(t:6.460-v:64.000)-(t:6.467-v:62.000)-(t:6.474-v:61.000)-(t:6.481-v:60.000)-(t:6.493-v:59.000)-(t:6.502-v:58.000)-(t:6.515-v:57.000)-(t:6.522-v:56.000)-(t:6.545-v:55.000)-(t:6.584-v:54.000)-(t:6.593-v:53.000)-(t:6.603-v:52.000)-(t:6.617-v:51.000)-(t:6.643-v:50.000)-(t:6.652-v:49.000)-(t:6.660-v:48.000)-(t:6.669-v:47.000)-(t:6.677-v:46.000)-(t:6.684-v:45.000)-(t:6.699-v:44.000)-(t:6.707-v:43.000)-(t:6.724-v:42.000)-(t:6.731-v:40.000)-(t:6.744-v:39.000)-(t:6.752-v:38.000)-(t:6.763-v:37.000)-(t:6.771-v:36.000)-(t:6.794-v:35.000)-(t:6.806-v:34.000)-(t:6.815-v:33.000)-(t:6.823-v:32.000)-(t:6.831-v:31.000)-(t:6.840-v:30.000)-(t:6.847-v:29.000)-(t:6.855-v:28.000)-(t:6.896-v:27.000)-(t:6.930-v:26.000)-(t:6.939-v:25.000)-(t:6.949-v:24.000)-(t:6.964-v:23.000)-(t:6.992-v:22.000)-(t:7.003-v:21.000)-(t:7.012-v:19.000)-(t:7.030-v:18.000)-(t:7.040-v:17.000)-(t:7.051-v:16.000)-(t:7.061-v:15.000)-(t:7.078-v:14.000)-(t:7.104-v:13.000)-(t:7.115-v:12.000)-(t:7.174-v:11.000)-(t:7.203-v:10.000)-(t:9.252-v:9.000)-(t:9.427-v:8.000)-(t:9.609-v:7.000)-(t:12.369-v:6.000)-(t:12.545-v:5.000)-(t:13.108-v:4.000)-(t:13.290-v:3.000)-(t:32.629-v:2.000)],300.000
examples/csp/csp_100/6-76.txt,dqn,300,6,[(t:6.387-v:104.000)-(t:6.396-v:102.000)-(t:6.427-v:101.000)-(t:6.440-v:97.000)-(t:6.461-v:96.000)-(t:6.477-v:91.000)-(t:6.495-v:87.000)-(t:6.512-v:86.000)-(t:6.525-v:85.000)-(t:6.536-v:84.000)-(t:6.545-v:83.000)-(t:6.552-v:79.000)-(t:6.558-v:76.000)-(t:6.564-v:74.000)-(t:6.573-v:73.000)-(t:6.579-v:72.000)-(t:6.585-v:70.000)-(t:6.592-v:69.000)-(t:6.599-v:66.000)-(t:6.605-v:65.000)-(t:6.611-v:63.000)-(t:6.618-v:60.000)-(t:6.624-v:59.000)-(t:6.631-v:56.000)-(t:6.639-v:54.000)-(t:6.648-v:52.000)-(t:6.655-v:50.000)-(t:6.661-v:48.000)-(t:6.668-v:46.000)-(t:6.675-v:45.000)-(t:6.681-v:44.000)-(t:6.689-v:43.000)-(t:6.695-v:42.000)-(t:6.702-v:40.000)-(t:6.708-v:39.000)-(t:6.716-v:38.000)-(t:6.724-v:37.000)-(t:6.731-v:36.000)-(t:6.738-v:35.000)-(t:6.749-v:34.000)-(t:6.757-v:33.000)-(t:6.766-v:32.000)-(t:6.775-v:31.000)-(t:6.783-v:30.000)-(t:6.794-v:29.000)-(t:6.805-v:28.000)-(t:6.831-v:27.000)-(t:6.841-v:26.000)-(t:6.862-v:25.000)-(t:6.872-v:24.000)-(t:6.881-v:23.000)-(t:6.902-v:21.000)-(t:6.912-v:20.000)-(t:6.923-v:19.000)-(t:6.955-v:18.000)-(t:6.983-v:17.000)-(t:7.003-v:16.000)-(t:7.014-v:15.000)-(t:7.041-v:14.000)-(t:7.103-v:13.000)-(t:7.124-v:12.000)-(t:7.156-v:11.000)-(t:7.171-v:10.000)-(t:7.183-v:9.000)-(t:7.212-v:8.000)-(t:7.797-v:7.000)-(t:7.821-v:6.000)],7.160
examples/csp/csp_100/carseq_100_8_20_90.txt,dqn,300,0,[(t:5.651-v:121.000)-(t:5.676-v:120.000)-(t:5.693-v:115.000)-(t:5.702-v:113.000)-(t:5.710-v:112.000)-(t:5.719-v:110.000)-(t:5.728-v:109.000)-(t:5.736-v:105.000)-(t:5.748-v:102.000)-(t:5.770-v:100.000)-(t:5.784-v:99.000)-(t:5.795-v:97.000)-(t:5.805-v:96.000)-(t:5.814-v:94.000)-(t:5.827-v:93.000)-(t:5.838-v:92.000)-(t:5.855-v:90.000)-(t:5.879-v:88.000)-(t:5.892-v:87.000)-(t:5.905-v:86.000)-(t:5.914-v:85.000)-(t:5.924-v:83.000)-(t:5.934-v:81.000)-(t:5.944-v:80.000)-(t:5.954-v:79.000)-(t:5.963-v:78.000)-(t:5.972-v:76.000)-(t:5.981-v:75.000)-(t:5.990-v:74.000)-(t:5.998-v:73.000)-(t:6.008-v:72.000)-(t:6.016-v:70.000)-(t:6.024-v:68.000)-(t:6.033-v:67.000)-(t:6.041-v:66.000)-(t:6.049-v:65.000)-(t:6.057-v:63.000)-(t:6.065-v:62.000)-(t:6.073-v:58.000)-(t:6.082-v:56.000)-(t:6.090-v:55.000)-(t:6.098-v:52.000)-(t:6.107-v:51.000)-(t:6.114-v:50.000)-(t:6.121-v:49.000)-(t:6.132-v:48.000)-(t:6.140-v:47.000)-(t:6.153-v:46.000)-(t:6.161-v:45.000)-(t:6.183-v:43.000)-(t:6.193-v:42.000)-(t:6.202-v:41.000)-(t:6.210-v:40.000)-(t:6.221-v:39.000)-(t:6.231-v:38.000)-(t:6.239-v:36.000)-(t:6.246-v:35.000)-(t:6.252-v:34.000)-(t:6.264-v:33.000)-(t:6.279-v:32.000)-(t:6.292-v:30.000)-(t:6.317-v:29.000)-(t:6.324-v:28.000)-(t:6.330-v:27.000)-(t:6.338-v:26.000)-(t:6.347-v:25.000)-(t:6.355-v:24.000)-(t:6.409-v:23.000)-(t:6.424-v:22.000)-(t:6.450-v:21.000)-(t:6.475-v:20.000)-(t:6.481-v:19.000)-(t:6.529-v:18.000)-(t:6.539-v:17.000)-(t:6.547-v:16.000)-(t:6.588-v:15.000)-(t:6.598-v:14.000)-(t:6.606-v:13.000)-(t:6.625-v:12.000)-(t:6.633-v:11.000)-(t:6.653-v:10.000)-(t:6.659-v:9.000)-(t:6.694-v:8.000)-(t:6.748-v:7.000)-(t:6.773-v:6.000)-(t:6.920-v:5.000)-(t:6.960-v:4.000)-(t:7.014-v:3.000)-(t:7.040-v:2.000)-(t:7.058-v:1.000)-(t:11.862-v:0.000)],11.862
examples/csp/csp_100/carseq_100_8_20_94.txt,dqn,300,0,[(t:5.810-v:110.000)-(t:5.816-v:108.000)-(t:5.825-v:104.000)-(t:5.835-v:103.000)-(t:5.851-v:102.000)-(t:5.859-v:101.000)-(t:5.865-v:99.000)-(t:5.871-v:98.000)-(t:5.877-v:94.000)-(t:5.883-v:93.000)-(t:5.890-v:90.000)-(t:5.896-v:89.000)-(t:5.902-v:87.000)-(t:5.913-v:85.000)-(t:5.922-v:84.000)-(t:5.930-v:80.000)-(t:5.939-v:78.000)-(t:5.945-v:75.000)-(t:5.951-v:73.000)-(t:5.958-v:72.000)-(t:5.964-v:68.000)-(t:5.975-v:66.000)-(t:5.982-v:65.000)-(t:5.989-v:64.000)-(t:5.995-v:62.000)-(t:6.004-v:61.000)-(t:6.011-v:60.000)-(t:6.017-v:59.000)-(t:6.023-v:57.000)-(t:6.033-v:56.000)-(t:6.038-v:55.000)-(t:6.045-v:54.000)-(t:6.052-v:53.000)-(t:6.058-v:52.000)-(t:6.065-v:51.000)-(t:6.071-v:50.000)-(t:6.077-v:49.000)-(t:6.088-v:48.000)-(t:6.094-v:47.000)-(t:6.101-v:45.000)-(t:6.107-v:44.000)-(t:6.113-v:43.000)-(t:6.120-v:41.000)-(t:6.126-v:40.000)-(t:6.132-v:39.000)-(t:6.138-v:38.000)-(t:6.145-v:37.000)-(t:6.151-v:36.000)-(t:6.157-v:35.000)-(t:6.163-v:34.000)-(t:6.170-v:33.000)-(t:6.182-v:32.000)-(t:6.188-v:31.000)-(t:6.194-v:30.000)-(t:6.199-v:29.000)-(t:6.205-v:28.000)-(t:6.212-v:27.000)-(t:6.218-v:26.000)-(t:6.227-v:23.000)-(t:6.282-v:22.000)-(t:6.288-v:21.000)-(t:6.294-v:20.000)-(t:6.300-v:19.000)-(t:6.308-v:18.000)-(t:6.317-v:17.000)-(t:6.339-v:16.000)-(t:6.350-v:15.000)-(t:6.392-v:14.000)-(t:6.399-v:13.000)-(t:6.407-v:12.000)-(t:6.413-v:11.000)-(t:6.420-v:10.000)-(t:6.428-v:9.000)-(t:6.438-v:7.000)-(t:6.522-v:6.000)-(t:6.547-v:5.000)-(t:6.557-v:4.000)-(t:6.563-v:3.000)-(t:6.574-v:2.000)-(t:6.592-v:1.000)-(t:7.898-v:0.000)],7.898
examples/csp/csp_100/carseq_100_8_20_82.txt,dqn,300,0,[(t:7.655-v:152.000)-(t:7.669-v:148.000)-(t:7.678-v:147.000)-(t:7.699-v:144.000)-(t:7.705-v:143.000)-(t:7.713-v:142.000)-(t:7.727-v:140.000)-(t:7.735-v:139.000)-(t:7.744-v:138.000)-(t:7.751-v:137.000)-(t:7.759-v:135.000)-(t:7.765-v:134.000)-(t:7.773-v:128.000)-(t:7.780-v:126.000)-(t:7.787-v:124.000)-(t:7.794-v:122.000)-(t:7.801-v:120.000)-(t:7.817-v:119.000)-(t:7.824-v:117.000)-(t:7.831-v:116.000)-(t:7.839-v:113.000)-(t:7.846-v:111.000)-(t:7.853-v:110.000)-(t:7.860-v:108.000)-(t:7.866-v:107.000)-(t:7.873-v:106.000)-(t:7.880-v:104.000)-(t:7.886-v:102.000)-(t:7.892-v:99.000)-(t:7.898-v:98.000)-(t:7.905-v:97.000)-(t:7.913-v:94.000)-(t:7.919-v:92.000)-(t:7.925-v:91.000)-(t:7.931-v:90.000)-(t:7.937-v:89.000)-(t:7.942-v:88.000)-(t:7.956-v:87.000)-(t:7.964-v:86.000)-(t:7.971-v:85.000)-(t:7.978-v:84.000)-(t:7.984-v:83.000)-(t:7.989-v:82.000)-(t:7.994-v:80.000)-(t:8.000-v:79.000)-(t:8.006-v:78.000)-(t:8.013-v:74.000)-(t:8.021-v:73.000)-(t:8.029-v:72.000)-(t:8.035-v:69.000)-(t:8.049-v:68.000)-(t:8.063-v:67.000)-(t:8.072-v:66.000)-(t:8.080-v:62.000)-(t:8.093-v:60.000)-(t:8.104-v:58.000)-(t:8.112-v:57.000)-(t:8.147-v:56.000)-(t:8.155-v:55.000)-(t:8.162-v:54.000)-(t:8.168-v:53.000)-(t:8.186-v:52.000)-(t:8.211-v:51.000)-(t:8.226-v:49.000)-(t:8.234-v:48.000)-(t:8.245-v:47.000)-(t:8.250-v:46.000)-(t:8.256-v:45.000)-(t:8.263-v:44.000)-(t:8.270-v:43.000)-(t:8.277-v:42.000)-(t:8.283-v:41.000)-(t:8.289-v:40.000)-(t:8.297-v:39.000)-(t:8.315-v:38.000)-(t:8.330-v:37.000)-(t:8.340-v:35.000)-(t:8.345-v:34.000)-(t:8.355-v:32.000)-(t:8.363-v:31.000)-(t:8.385-v:30.000)-(t:8.392-v:29.000)-(t:8.399-v:28.000)-(t:8.405-v:27.000)-(t:8.432-v:26.000)-(t:8.440-v:25.000)-(t:8.450-v:24.000)-(t:8.462-v:23.000)-(t:8.480-v:22.000)-(t:8.488-v:21.000)-(t:8.503-v:20.000)-(t:8.519-v:19.000)-(t:8.536-v:17.000)-(t:8.550-v:16.000)-(t:8.560-v:15.000)-(t:8.569-v:14.000)-(t:8.626-v:13.000)-(t:8.676-v:12.000)-(t:8.684-v:11.000)-(t:8.702-v:10.000)-(t:13.260-v:9.000)-(t:13.736-v:8.000)-(t:14.542-v:7.000)-(t:15.098-v:6.000)-(t:15.194-v:5.000)-(t:15.379-v:4.000)-(t:37.547-v:3.000)-(t:45.116-v:2.000)-(t:48.601-v:1.000)-(t:151.126-v:0.000)],151.126
examples/csp/csp_200/pb_200_06.txt,dqn,300,,,
examples/csp/csp_100/carseq_100_8_20_81.txt,dqn,300,1,[(t:5.952-v:109.000)-(t:5.969-v:106.000)-(t:5.977-v:103.000)-(t:5.997-v:102.000)-(t:6.021-v:101.000)-(t:6.031-v:98.000)-(t:6.038-v:97.000)-(t:6.048-v:96.000)-(t:6.057-v:95.000)-(t:6.066-v:93.000)-(t:6.079-v:92.000)-(t:6.087-v:91.000)-(t:6.096-v:89.000)-(t:6.107-v:87.000)-(t:6.115-v:86.000)-(t:6.123-v:85.000)-(t:6.131-v:84.000)-(t:6.141-v:83.000)-(t:6.150-v:81.000)-(t:6.158-v:79.000)-(t:6.166-v:78.000)-(t:6.174-v:77.000)-(t:6.182-v:76.000)-(t:6.190-v:75.000)-(t:6.197-v:74.000)-(t:6.205-v:73.000)-(t:6.212-v:72.000)-(t:6.220-v:70.000)-(t:6.225-v:68.000)-(t:6.232-v:66.000)-(t:6.239-v:63.000)-(t:6.244-v:62.000)-(t:6.251-v:61.000)-(t:6.257-v:60.000)-(t:6.264-v:59.000)-(t:6.270-v:58.000)-(t:6.277-v:57.000)-(t:6.283-v:56.000)-(t:6.289-v:55.000)-(t:6.296-v:53.000)-(t:6.302-v:52.000)-(t:6.308-v:51.000)-(t:6.315-v:49.000)-(t:6.321-v:48.000)-(t:6.326-v:47.000)-(t:6.332-v:46.000)-(t:6.338-v:45.000)-(t:6.344-v:44.000)-(t:6.353-v:43.000)-(t:6.359-v:42.000)-(t:6.364-v:40.000)-(t:6.370-v:39.000)-(t:6.375-v:37.000)-(t:6.386-v:36.000)-(t:6.402-v:34.000)-(t:6.428-v:33.000)-(t:6.439-v:32.000)-(t:6.447-v:31.000)-(t:6.455-v:30.000)-(t:6.463-v:29.000)-(t:6.495-v:28.000)-(t:6.504-v:27.000)-(t:6.513-v:26.000)-(t:6.522-v:25.000)-(t:6.550-v:24.000)-(t:6.567-v:23.000)-(t:6.619-v:22.000)-(t:6.638-v:21.000)-(t:6.649-v:20.000)-(t:6.672-v:19.000)-(t:6.682-v:18.000)-(t:6.729-v:17.000)-(t:6.749-v:16.000)-(t:6.770-v:15.000)-(t:6.804-v:14.000)-(t:6.813-v:13.000)-(t:6.824-v:12.000)-(t:6.840-v:11.000)-(t:6.849-v:10.000)-(t:6.859-v:9.000)-(t:6.877-v:8.000)-(t:6.887-v:7.000)-(t:6.922-v:6.000)-(t:7.338-v:5.000)-(t:7.448-v:4.000)-(t:10.145-v:3.000)-(t:10.396-v:2.000)-(t:34.814-v:1.000)],300.000
examples/csp/csp_200/pb_200_07.txt,dqn,300,,,
examples/csp/csp_200/pb_200_08.txt,dqn,300,,,
examples/csp/csp_200/pb_200_09.txt,dqn,300,,,
examples/csp/csp_200/pb_200_10.txt,dqn,300,,,
examples/csp/csp_300/carseq_300_8_20_38.txt,dqn,300,,,
examples/csp/csp_300/carseq_300_8_20_40.txt,dqn,300,,,
examples/csp/csp_300/carseq_300_8_20_45.txt,dqn,300,,,
examples/csp/csp_300/carseq_300_8_20_47.txt,dqn,300,,,
examples/csp/csp_300/carseq_300_8_20_53.txt,dqn,300,,,
examples/csp/csp_100/carseq_100_8_20_85.txt,dqn,300,1,[(t:7.527-v:107.000)-(t:7.550-v:106.000)-(t:7.566-v:104.000)-(t:7.573-v:98.000)-(t:7.579-v:96.000)-(t:7.593-v:95.000)-(t:7.599-v:93.000)-(t:7.606-v:92.000)-(t:7.618-v:88.000)-(t:7.626-v:85.000)-(t:7.634-v:84.000)-(t:7.650-v:83.000)-(t:7.659-v:77.000)-(t:7.668-v:75.000)-(t:7.677-v:74.000)-(t:7.687-v:73.000)-(t:7.697-v:70.000)-(t:7.706-v:69.000)-(t:7.715-v:66.000)-(t:7.725-v:65.000)-(t:7.733-v:64.000)-(t:7.742-v:63.000)-(t:7.749-v:62.000)-(t:7.757-v:60.000)-(t:7.763-v:59.000)-(t:7.773-v:58.000)-(t:7.781-v:56.000)-(t:7.788-v:55.000)-(t:7.795-v:54.000)-(t:7.802-v:53.000)-(t:7.809-v:52.000)-(t:7.815-v:51.000)-(t:7.822-v:48.000)-(t:7.830-v:47.000)-(t:7.841-v:45.000)-(t:7.850-v:44.000)-(t:7.857-v:43.000)-(t:7.864-v:41.000)-(t:7.872-v:40.000)-(t:7.882-v:38.000)-(t:7.890-v:37.000)-(t:7.897-v:36.000)-(t:7.905-v:35.000)-(t:7.915-v:34.000)-(t:7.923-v:33.000)-(t:7.937-v:32.000)-(t:7.952-v:31.000)-(t:7.961-v:29.000)-(t:7.976-v:28.000)-(t:7.985-v:27.000)-(t:7.996-v:26.000)-(t:8.027-v:25.000)-(t:8.061-v:24.000)-(t:8.073-v:23.000)-(t:8.112-v:22.000)-(t:8.120-v:21.000)-(t:8.131-v:20.000)-(t:8.183-v:19.000)-(t:8.201-v:18.000)-(t:8.212-v:17.000)-(t:8.301-v:16.000)-(t:8.312-v:15.000)-(t:8.321-v:14.000)-(t:8.328-v:13.000)-(t:8.340-v:12.000)-(t:8.353-v:11.000)-(t:8.378-v:10.000)-(t:8.588-v:9.000)-(t:8.609-v:8.000)-(t:8.633-v:7.000)-(t:8.992-v:6.000)-(t:11.119-v:5.000)-(t:15.592-v:4.000)-(t:29.350-v:3.000)-(t:36.867-v:2.000)-(t:149.795-v:1.000)],300.000
examples/csp/csp_100/carseq_100_8_20_86.txt,dqn,300,1,[(t:5.925-v:162.000)-(t:5.967-v:161.000)-(t:5.976-v:157.000)-(t:5.985-v:153.000)-(t:5.992-v:152.000)-(t:6.010-v:145.000)-(t:6.020-v:139.000)-(t:6.030-v:137.000)-(t:6.046-v:136.000)-(t:6.059-v:135.000)-(t:6.067-v:134.000)-(t:6.076-v:132.000)-(t:6.086-v:131.000)-(t:6.095-v:130.000)-(t:6.103-v:128.000)-(t:6.110-v:127.000)-(t:6.117-v:122.000)-(t:6.125-v:120.000)-(t:6.143-v:115.000)-(t:6.152-v:114.000)-(t:6.159-v:112.000)-(t:6.169-v:111.000)-(t:6.176-v:110.000)-(t:6.183-v:108.000)-(t:6.192-v:107.000)-(t:6.200-v:105.000)-(t:6.207-v:104.000)-(t:6.228-v:103.000)-(t:6.235-v:101.000)-(t:6.241-v:98.000)-(t:6.246-v:97.000)-(t:6.256-v:95.000)-(t:6.262-v:94.000)-(t:6.268-v:92.000)-(t:6.275-v:91.000)-(t:6.283-v:85.000)-(t:6.290-v:83.000)-(t:6.298-v:81.000)-(t:6.305-v:80.000)-(t:6.312-v:79.000)-(t:6.320-v:78.000)-(t:6.326-v:76.000)-(t:6.333-v:75.000)-(t:6.341-v:73.000)-(t:6.353-v:72.000)-(t:6.362-v:71.000)-(t:6.373-v:69.000)-(t:6.379-v:68.000)-(t:6.385-v:67.000)-(t:6.392-v:66.000)-(t:6.398-v:65.000)-(t:6.406-v:64.000)-(t:6.419-v:62.000)-(t:6.435-v:61.000)-(t:6.445-v:60.000)-(t:6.455-v:59.000)-(t:6.468-v:58.000)-(t:6.480-v:57.000)-(t:6.493-v:56.000)-(t:6.498-v:54.000)-(t:6.504-v:52.000)-(t:6.509-v:51.000)-(t:6.513-v:49.000)-(t:6.519-v:48.000)-(t:6.524-v:47.000)-(t:6.534-v:46.000)-(t:6.544-v:45.000)-(t:6.548-v:44.000)-(t:6.553-v:42.000)-(t:6.557-v:40.000)-(t:6.562-v:38.000)-(t:6.570-v:36.000)-(t:6.575-v:35.000)-(t:6.580-v:34.000)-(t:6.584-v:33.000)-(t:6.592-v:32.000)-(t:6.598-v:30.000)-(t:6.606-v:29.000)-(t:6.613-v:28.000)-(t:6.632-v:27.000)-(t:6.667-v:26.000)-(t:6.675-v:25.000)-(t:6.683-v:24.000)-(t:6.691-v:23.000)-(t:6.776-v:21.000)-(t:6.791-v:19.000)-(t:6.812-v:18.000)-(t:6.827-v:17.000)-(t:6.837-v:16.000)-(t:6.852-v:15.000)-(t:6.860-v:14.000)-(t:6.872-v:13.000)-(t:6.923-v:11.000)-(t:6.955-v:10.000)-(t:7.212-v:9.000)-(t:7.221-v:8.000)-(t:7.239-v:7.000)-(t:17.517-v:6.000)-(t:17.608-v:5.000)-(t:42.487-v:4.000)-(t:45.686-v:3.000)-(t:142.030-v:2.000)-(t:293.599-v:1.000)],300.000
examples/csp/csp_100/carseq_100_8_20_88.txt,dqn,300,1,[(t:6.343-v:138.000)-(t:6.350-v:137.000)-(t:6.364-v:133.000)-(t:6.375-v:132.000)-(t:6.387-v:131.000)-(t:6.393-v:128.000)-(t:6.416-v:126.000)-(t:6.424-v:124.000)-(t:6.432-v:122.000)-(t:6.440-v:120.000)-(t:6.459-v:119.000)-(t:6.470-v:118.000)-(t:6.483-v:116.000)-(t:6.493-v:114.000)-(t:6.502-v:112.000)-(t:6.512-v:111.000)-(t:6.521-v:110.000)-(t:6.529-v:109.000)-(t:6.539-v:108.000)-(t:6.545-v:107.000)-(t:6.568-v:106.000)-(t:6.574-v:105.000)-(t:6.580-v:104.000)-(t:6.587-v:103.000)-(t:6.594-v:102.000)-(t:6.600-v:100.000)-(t:6.606-v:99.000)-(t:6.612-v:98.000)-(t:6.619-v:97.000)-(t:6.624-v:96.000)-(t:6.631-v:95.000)-(t:6.637-v:93.000)-(t:6.646-v:92.000)-(t:6.653-v:91.000)-(t:6.667-v:89.000)-(t:6.676-v:88.000)-(t:6.691-v:85.000)-(t:6.705-v:83.000)-(t:6.714-v:82.000)-(t:6.724-v:81.000)-(t:6.738-v:79.000)-(t:6.751-v:77.000)-(t:6.759-v:76.000)-(t:6.769-v:75.000)-(t:6.774-v:74.000)-(t:6.779-v:73.000)-(t:6.787-v:72.000)-(t:6.793-v:70.000)-(t:6.799-v:69.000)-(t:6.803-v:67.000)-(t:6.808-v:66.000)-(t:6.813-v:64.000)-(t:6.823-v:63.000)-(t:6.830-v:62.000)-(t:6.836-v:61.000)-(t:6.843-v:60.000)-(t:6.851-v:59.000)-(t:6.857-v:58.000)-(t:6.870-v:57.000)-(t:6.877-v:56.000)-(t:6.883-v:54.000)-(t:6.891-v:53.000)-(t:6.898-v:52.000)-(t:6.906-v:51.000)-(t:6.914-v:50.000)-(t:6.920-v:49.000)-(t:6.930-v:48.000)-(t:6.938-v:47.000)-(t:6.944-v:45.000)-(t:6.951-v:44.000)-(t:6.976-v:43.000)-(t:6.993-v:41.000)-(t:7.011-v:40.000)-(t:7.040-v:39.000)-(t:7.055-v:38.000)-(t:7.065-v:37.000)-(t:7.072-v:36.000)-(t:7.093-v:35.000)-(t:7.119-v:34.000)-(t:7.129-v:33.000)-(t:7.137-v:32.000)-(t:7.157-v:31.000)-(t:7.172-v:30.000)-(t:7.201-v:29.000)-(t:7.209-v:27.000)-(t:7.240-v:26.000)-(t:7.256-v:25.000)-(t:7.265-v:24.000)-(t:7.272-v:23.000)-(t:7.283-v:22.000)-(t:7.327-v:21.000)-(t:7.360-v:20.000)-(t:7.381-v:19.000)-(t:7.390-v:18.000)-(t:7.410-v:17.000)-(t:7.417-v:16.000)-(t:7.427-v:15.000)-(t:7.467-v:14.000)-(t:7.476-v:13.000)-(t:7.487-v:12.000)-(t:7.520-v:11.000)-(t:7.531-v:10.000)-(t:7.548-v:8.000)-(t:7.564-v:7.000)-(t:7.573-v:6.000)-(t:7.596-v:5.000)-(t:10.530-v:4.000)-(t:10.635-v:3.000)-(t:11.783-v:2.000)-(t:11.871-v:1.000)],300.000
examples/csp/csp_300/carseq_300_8_20_56.txt,dqn,300,,,
examples/csp/csp_300/carseq_300_8_20_62.txt,dqn,300,,,
examples/csp/csp_300/carseq_300_8_20_76.txt,dqn,300,,,
examples/csp/csp_300/carseq_300_8_20_78.txt,dqn,300,,,
examples/csp/csp_300/carseq_300_8_20_80.txt,dqn,300,,,
examples/csp/csp_100/carseq_100_8_20_98.txt,dqn,300,1,[(t:8.365-v:117.000)-(t:8.377-v:115.000)-(t:8.396-v:113.000)-(t:8.411-v:112.000)-(t:8.423-v:109.000)-(t:8.434-v:107.000)-(t:8.455-v:103.000)-(t:8.467-v:102.000)-(t:8.479-v:101.000)-(t:8.494-v:100.000)-(t:8.510-v:99.000)-(t:8.521-v:98.000)-(t:8.532-v:97.000)-(t:8.545-v:96.000)-(t:8.556-v:95.000)-(t:8.563-v:94.000)-(t:8.574-v:92.000)-(t:8.583-v:91.000)-(t:8.594-v:90.000)-(t:8.605-v:88.000)-(t:8.613-v:87.000)-(t:8.620-v:86.000)-(t:8.632-v:85.000)-(t:8.643-v:84.000)-(t:8.653-v:83.000)-(t:8.665-v:79.000)-(t:8.672-v:78.000)-(t:8.683-v:77.000)-(t:8.703-v:76.000)-(t:8.721-v:74.000)-(t:8.732-v:73.000)-(t:8.740-v:72.000)-(t:8.752-v:71.000)-(t:8.776-v:70.000)-(t:8.798-v:69.000)-(t:8.808-v:68.000)-(t:8.820-v:67.000)-(t:8.832-v:65.000)-(t:8.844-v:63.000)-(t:8.858-v:59.000)-(t:8.868-v:57.000)-(t:8.884-v:54.000)-(t:8.893-v:53.000)-(t:8.907-v:52.000)-(t:8.919-v:51.000)-(t:8.929-v:50.000)-(t:8.937-v:49.000)-(t:8.951-v:48.000)-(t:8.966-v:47.000)-(t:8.978-v:45.000)-(t:8.993-v:44.000)-(t:9.004-v:43.000)-(t:9.014-v:42.000)-(t:9.025-v:41.000)-(t:9.036-v:40.000)-(t:9.043-v:39.000)-(t:9.060-v:38.000)-(t:9.084-v:35.000)-(t:9.142-v:34.000)-(t:9.150-v:33.000)-(t:9.160-v:32.000)-(t:9.188-v:31.000)-(t:9.222-v:30.000)-(t:9.249-v:29.000)-(t:9.292-v:28.000)-(t:9.336-v:27.000)-(t:9.349-v:26.000)-(t:9.365-v:25.000)-(t:9.374-v:24.000)-(t:9.390-v:23.000)-(t:9.407-v:22.000)-(t:9.474-v:21.000)-(t:9.500-v:20.000)-(t:9.518-v:19.000)-(t:9.529-v:18.000)-(t:9.538-v:17.000)-(t:9.571-v:16.000)-(t:9.657-v:15.000)-(t:9.666-v:14.000)-(t:9.674-v:13.000)-(t:9.684-v:12.000)-(t:9.692-v:11.000)-(t:9.707-v:10.000)-(t:9.727-v:9.000)-(t:15.140-v:8.000)-(t:15.526-v:7.000)-(t:15.678-v:6.000)-(t:19.858-v:5.000)-(t:37.501-v:4.000)-(t:43.761-v:3.000)-(t:43.910-v:2.000)-(t:125.163-v:1.000)],300.000
examples/csp/csp_300/carseq_300_8_20_81.txt,dqn,300,,,
examples/csp/csp_100/carseq_100_8_20_99.txt,dqn,300,1,[(t:7.735-v:112.000)-(t:7.757-v:107.000)-(t:7.768-v:106.000)-(t:7.783-v:104.000)-(t:7.799-v:103.000)-(t:7.805-v:102.000)-(t:7.816-v:99.000)-(t:7.823-v:98.000)-(t:7.832-v:97.000)-(t:7.840-v:96.000)-(t:7.851-v:94.000)-(t:7.861-v:93.000)-(t:7.871-v:91.000)-(t:7.880-v:90.000)-(t:7.889-v:89.000)-(t:7.897-v:88.000)-(t:7.905-v:86.000)-(t:7.913-v:85.000)-(t:7.924-v:84.000)-(t:7.934-v:83.000)-(t:7.940-v:82.000)-(t:7.952-v:81.000)-(t:7.962-v:79.000)-(t:7.973-v:78.000)-(t:7.982-v:77.000)-(t:7.990-v:76.000)-(t:8.003-v:75.000)-(t:8.012-v:74.000)-(t:8.022-v:73.000)-(t:8.033-v:72.000)-(t:8.039-v:71.000)-(t:8.049-v:69.000)-(t:8.060-v:68.000)-(t:8.070-v:67.000)-(t:8.078-v:66.000)-(t:8.086-v:65.000)-(t:8.092-v:63.000)-(t:8.102-v:62.000)-(t:8.112-v:60.000)-(t:8.123-v:58.000)-(t:8.140-v:57.000)-(t:8.151-v:56.000)-(t:8.180-v:55.000)-(t:8.186-v:54.000)-(t:8.197-v:53.000)-(t:8.209-v:52.000)-(t:8.220-v:51.000)-(t:8.230-v:50.000)-(t:8.235-v:48.000)-(t:8.248-v:47.000)-(t:8.260-v:45.000)-(t:8.271-v:44.000)-(t:8.295-v:43.000)-(t:8.311-v:42.000)-(t:8.348-v:41.000)-(t:8.362-v:40.000)-(t:8.372-v:39.000)-(t:8.380-v:38.000)-(t:8.389-v:37.000)-(t:8.397-v:36.000)-(t:8.409-v:35.000)-(t:8.434-v:33.000)-(t:8.456-v:32.000)-(t:8.470-v:31.000)-(t:8.481-v:30.000)-(t:8.533-v:29.000)-(t:8.547-v:28.000)-(t:8.587-v:27.000)-(t:8.620-v:26.000)-(t:8.660-v:25.000)-(t:8.703-v:24.000)-(t:8.715-v:23.000)-(t:8.727-v:22.000)-(t:8.735-v:21.000)-(t:8.750-v:20.000)-(t:8.769-v:19.000)-(t:8.794-v:18.000)-(t:8.806-v:17.000)-(t:8.821-v:16.000)-(t:8.836-v:15.000)-(t:8.858-v:14.000)-(t:8.888-v:12.000)-(t:8.910-v:11.000)-(t:8.926-v:10.000)-(t:8.941-v:9.000)-(t:8.976-v:8.000)-(t:9.006-v:7.000)-(t:9.031-v:6.000)-(t:9.382-v:5.000)-(t:13.976-v:4.000)-(t:23.115-v:3.000)-(t:32.183-v:2.000)-(t:58.586-v:1.000)],300.000
examples/csp/csp_300/pb_300_06.txt,dqn,300,,,
examples/csp/csp_300/pb_300_07.txt,dqn,300,,,
examples/csp/csp_300/pb_300_08.txt,dqn,300,,,
examples/csp/csp_300/pb_300_09.txt,dqn,300,,,
examples/csp/csp_300/pb_300_10.txt,dqn,300,,,
examples/csp/csp_100/carseq_100_8_20_62.txt,dqn,300,0,[(t:8.507-v:126.000)-(t:8.533-v:124.000)-(t:8.547-v:123.000)-(t:8.563-v:121.000)-(t:8.575-v:120.000)-(t:8.594-v:115.000)-(t:8.605-v:112.000)-(t:8.621-v:111.000)-(t:8.634-v:110.000)-(t:8.648-v:108.000)-(t:8.663-v:106.000)-(t:8.675-v:105.000)-(t:8.685-v:103.000)-(t:8.698-v:102.000)-(t:8.713-v:101.000)-(t:8.729-v:100.000)-(t:8.740-v:99.000)-(t:8.755-v:96.000)-(t:8.774-v:94.000)-(t:8.789-v:93.000)-(t:8.801-v:92.000)-(t:8.813-v:89.000)-(t:8.825-v:85.000)-(t:8.838-v:84.000)-(t:8.849-v:82.000)-(t:8.862-v:81.000)-(t:8.874-v:80.000)-(t:8.882-v:79.000)-(t:8.889-v:78.000)-(t:8.896-v:76.000)-(t:8.909-v:75.000)-(t:8.923-v:74.000)-(t:8.933-v:73.000)-(t:8.945-v:72.000)-(t:8.955-v:71.000)-(t:8.966-v:70.000)-(t:8.978-v:68.000)-(t:8.989-v:67.000)-(t:8.998-v:66.000)-(t:9.010-v:65.000)-(t:9.021-v:64.000)-(t:9.032-v:63.000)-(t:9.042-v:62.000)-(t:9.053-v:61.000)-(t:9.063-v:60.000)-(t:9.084-v:59.000)-(t:9.094-v:58.000)-(t:9.105-v:57.000)-(t:9.117-v:56.000)-(t:9.131-v:55.000)-(t:9.141-v:54.000)-(t:9.153-v:53.000)-(t:9.165-v:50.000)-(t:9.176-v:48.000)-(t:9.188-v:47.000)-(t:9.199-v:46.000)-(t:9.209-v:45.000)-(t:9.237-v:44.000)-(t:9.247-v:42.000)-(t:9.259-v:41.000)-(t:9.270-v:40.000)-(t:9.280-v:39.000)-(t:9.292-v:38.000)-(t:9.303-v:37.000)-(t:9.313-v:36.000)-(t:9.332-v:35.000)-(t:9.348-v:34.000)-(t:9.360-v:33.000)-(t:9.371-v:32.000)-(t:9.397-v:31.000)-(t:9.454-v:30.000)-(t:9.477-v:29.000)-(t:9.490-v:28.000)-(t:9.536-v:27.000)-(t:9.546-v:26.000)-(t:9.601-v:25.000)-(t:9.618-v:24.000)-(t:9.640-v:23.000)-(t:9.693-v:22.000)-(t:9.711-v:21.000)-(t:9.732-v:20.000)-(t:9.749-v:19.000)-(t:9.764-v:18.000)-(t:9.810-v:17.000)-(t:9.897-v:16.000)-(t:9.965-v:15.000)-(t:9.982-v:14.000)-(t:10.000-v:13.000)-(t:10.014-v:12.000)-(t:10.029-v:11.000)-(t:10.101-v:10.000)-(t:10.121-v:9.000)-(t:10.147-v:8.000)-(t:10.188-v:7.000)-(t:10.226-v:6.000)-(t:10.270-v:5.000)-(t:10.304-v:4.000)-(t:10.659-v:3.000)-(t:10.673-v:2.000)-(t:10.778-v:1.000)-(t:22.552-v:0.000)],22.552
examples/csp/csp_100/carseq_100_8_20_67.txt,dqn,300,0,[(t:10.139-v:100.000)-(t:10.150-v:98.000)-(t:10.171-v:97.000)-(t:10.182-v:96.000)-(t:10.192-v:93.000)-(t:10.222-v:92.000)-(t:10.235-v:91.000)-(t:10.249-v:86.000)-(t:10.260-v:85.000)-(t:10.276-v:84.000)-(t:10.312-v:82.000)-(t:10.326-v:81.000)-(t:10.344-v:80.000)-(t:10.360-v:78.000)-(t:10.378-v:77.000)-(t:10.391-v:74.000)-(t:10.404-v:73.000)-(t:10.420-v:71.000)-(t:10.434-v:70.000)-(t:10.446-v:68.000)-(t:10.465-v:66.000)-(t:10.477-v:65.000)-(t:10.491-v:63.000)-(t:10.504-v:62.000)-(t:10.521-v:61.000)-(t:10.534-v:60.000)-(t:10.548-v:59.000)-(t:10.561-v:58.000)-(t:10.573-v:57.000)-(t:10.585-v:55.000)-(t:10.597-v:54.000)-(t:10.609-v:52.000)-(t:10.619-v:51.000)-(t:10.631-v:50.000)-(t:10.641-v:49.000)-(t:10.654-v:48.000)-(t:10.661-v:47.000)-(t:10.668-v:46.000)-(t:10.678-v:45.000)-(t:10.688-v:44.000)-(t:10.699-v:43.000)-(t:10.710-v:41.000)-(t:10.720-v:40.000)-(t:10.730-v:39.000)-(t:10.741-v:37.000)-(t:10.752-v:35.000)-(t:10.765-v:33.000)-(t:10.771-v:32.000)-(t:10.795-v:31.000)-(t:10.803-v:30.000)-(t:10.813-v:29.000)-(t:10.825-v:27.000)-(t:10.836-v:26.000)-(t:10.845-v:25.000)-(t:10.858-v:24.000)-(t:10.870-v:23.000)-(t:10.880-v:22.000)-(t:10.902-v:21.000)-(t:10.914-v:20.000)-(t:10.941-v:19.000)-(t:10.978-v:18.000)-(t:11.015-v:17.000)-(t:11.029-v:16.000)-(t:11.039-v:15.000)-(t:11.051-v:14.000)-(t:11.080-v:13.000)-(t:11.111-v:12.000)-(t:11.122-v:10.000)-(t:11.198-v:9.000)-(t:11.208-v:8.000)-(t:11.255-v:7.000)-(t:11.273-v:6.000)-(t:11.315-v:5.000)-(t:11.761-v:4.000)-(t:11.786-v:3.000)-(t:19.203-v:2.000)-(t:34.375-v:1.000)-(t:219.173-v:0.000)],219.173
examples/csp/csp_100/16-81.txt,dqn,300,3,[(t:6.003-v:128.000)-(t:6.046-v:127.000)-(t:6.055-v:123.000)-(t:6.065-v:119.000)-(t:6.083-v:118.000)-(t:6.099-v:117.000)-(t:6.110-v:114.000)-(t:6.124-v:113.000)-(t:6.134-v:112.000)-(t:6.149-v:111.000)-(t:6.169-v:110.000)-(t:6.193-v:109.000)-(t:6.222-v:108.000)-(t:6.231-v:106.000)-(t:6.240-v:103.000)-(t:6.247-v:102.000)-(t:6.255-v:101.000)-(t:6.263-v:99.000)-(t:6.271-v:98.000)-(t:6.279-v:94.000)-(t:6.286-v:92.000)-(t:6.297-v:91.000)-(t:6.306-v:90.000)-(t:6.315-v:88.000)-(t:6.325-v:87.000)-(t:6.334-v:85.000)-(t:6.342-v:83.000)-(t:6.349-v:82.000)-(t:6.357-v:80.000)-(t:6.365-v:78.000)-(t:6.373-v:77.000)-(t:6.380-v:76.000)-(t:6.387-v:75.000)-(t:6.394-v:74.000)-(t:6.403-v:73.000)-(t:6.410-v:71.000)-(t:6.417-v:70.000)-(t:6.423-v:69.000)-(t:6.434-v:68.000)-(t:6.441-v:67.000)-(t:6.448-v:66.000)-(t:6.455-v:64.000)-(t:6.463-v:63.000)-(t:6.470-v:62.000)-(t:6.480-v:60.000)-(t:6.491-v:59.000)-(t:6.499-v:58.000)-(t:6.506-v:56.000)-(t:6.515-v:55.000)-(t:6.524-v:54.000)-(t:6.531-v:53.000)-(t:6.541-v:52.000)-(t:6.551-v:51.000)-(t:6.559-v:50.000)-(t:6.566-v:49.000)-(t:6.574-v:48.000)-(t:6.582-v:47.000)-(t:6.591-v:46.000)-(t:6.601-v:45.000)-(t:6.621-v:44.000)-(t:6.629-v:43.000)-(t:6.637-v:42.000)-(t:6.648-v:40.000)-(t:6.657-v:39.000)-(t:6.665-v:38.000)-(t:6.674-v:36.000)-(t:6.685-v:35.000)-(t:6.698-v:34.000)-(t:6.720-v:33.000)-(t:6.743-v:32.000)-(t:6.764-v:31.000)-(t:6.773-v:30.000)-(t:6.797-v:29.000)-(t:6.807-v:28.000)-(t:6.834-v:27.000)-(t:6.882-v:26.000)-(t:6.936-v:25.000)-(t:6.948-v:24.000)-(t:6.958-v:23.000)-(t:6.993-v:21.000)-(t:7.005-v:20.000)-(t:7.018-v:19.000)-(t:7.036-v:18.000)-(t:7.059-v:17.000)-(t:7.088-v:16.000)-(t:7.205-v:15.000)-(t:7.218-v:14.000)-(t:7.244-v:13.000)-(t:7.269-v:12.000)-(t:7.280-v:11.000)-(t:7.306-v:10.000)-(t:7.318-v:9.000)-(t:7.472-v:8.000)-(t:11.002-v:7.000)-(t:11.185-v:6.000)-(t:35.193-v:5.000)-(t:35.918-v:4.000)-(t:121.215-v:3.000)],300.000
examples/csp/csp_100/21-90.txt,dqn,300,2,[(t:6.389-v:112.000)-(t:6.406-v:110.000)-(t:6.423-v:109.000)-(t:6.448-v:108.000)-(t:6.456-v:106.000)-(t:6.467-v:103.000)-(t:6.475-v:102.000)-(t:6.484-v:100.000)-(t:6.495-v:98.000)-(t:6.504-v:97.000)-(t:6.512-v:94.000)-(t:6.521-v:93.000)-(t:6.530-v:90.000)-(t:6.539-v:89.000)-(t:6.547-v:88.000)-(t:6.556-v:87.000)-(t:6.567-v:86.000)-(t:6.576-v:84.000)-(t:6.590-v:83.000)-(t:6.599-v:82.000)-(t:6.607-v:81.000)-(t:6.616-v:80.000)-(t:6.623-v:78.000)-(t:6.634-v:76.000)-(t:6.643-v:72.000)-(t:6.657-v:71.000)-(t:6.665-v:68.000)-(t:6.673-v:66.000)-(t:6.682-v:65.000)-(t:6.690-v:64.000)-(t:6.714-v:63.000)-(t:6.728-v:62.000)-(t:6.740-v:59.000)-(t:6.749-v:58.000)-(t:6.758-v:57.000)-(t:6.768-v:55.000)-(t:6.777-v:54.000)-(t:6.786-v:52.000)-(t:6.795-v:51.000)-(t:6.809-v:49.000)-(t:6.820-v:48.000)-(t:6.830-v:47.000)-(t:6.841-v:46.000)-(t:6.850-v:45.000)-(t:6.858-v:44.000)-(t:6.867-v:43.000)-(t:6.876-v:42.000)-(t:6.890-v:41.000)-(t:6.900-v:40.000)-(t:6.909-v:39.000)-(t:6.916-v:38.000)-(t:6.924-v:37.000)-(t:6.935-v:36.000)-(t:6.945-v:35.000)-(t:6.951-v:34.000)-(t:6.961-v:33.000)-(t:6.969-v:32.000)-(t:6.978-v:31.000)-(t:6.985-v:30.000)-(t:6.993-v:29.000)-(t:7.001-v:28.000)-(t:7.008-v:27.000)-(t:7.031-v:26.000)-(t:7.042-v:25.000)-(t:7.075-v:24.000)-(t:7.084-v:23.000)-(t:7.096-v:22.000)-(t:7.107-v:21.000)-(t:7.145-v:20.000)-(t:7.208-v:19.000)-(t:7.220-v:18.000)-(t:7.232-v:17.000)-(t:7.243-v:16.000)-(t:7.323-v:15.000)-(t:7.333-v:14.000)-(t:7.343-v:13.000)-(t:7.398-v:12.000)-(t:7.410-v:11.000)-(t:7.772-v:9.000)-(t:7.828-v:8.000)-(t:7.857-v:7.000)-(t:7.907-v:6.000)-(t:14.595-v:5.000)-(t:31.038-v:4.000)-(t:142.464-v:3.000)-(t:160.815-v:2.000)],83.895
examples/csp/csp_100/36-92.txt,dqn,300,2,[(t:6.876-v:121.000)-(t:6.900-v:117.000)-(t:6.908-v:116.000)-(t:6.920-v:115.000)-(t:6.927-v:114.000)-(t:6.935-v:111.000)-(t:6.942-v:110.000)-(t:6.953-v:108.000)-(t:6.960-v:107.000)-(t:6.967-v:106.000)-(t:6.975-v:105.000)-(t:6.983-v:104.000)-(t:6.990-v:102.000)-(t:6.997-v:101.000)-(t:7.013-v:98.000)-(t:7.023-v:97.000)-(t:7.031-v:94.000)-(t:7.042-v:93.000)-(t:7.050-v:92.000)-(t:7.060-v:91.000)-(t:7.073-v:87.000)-(t:7.082-v:86.000)-(t:7.091-v:85.000)-(t:7.099-v:84.000)-(t:7.110-v:83.000)-(t:7.117-v:82.000)-(t:7.126-v:81.000)-(t:7.136-v:78.000)-(t:7.145-v:77.000)-(t:7.154-v:75.000)-(t:7.163-v:74.000)-(t:7.172-v:73.000)-(t:7.180-v:72.000)-(t:7.190-v:71.000)-(t:7.200-v:68.000)-(t:7.208-v:67.000)-(t:7.217-v:66.000)-(t:7.226-v:65.000)-(t:7.235-v:64.000)-(t:7.244-v:63.000)-(t:7.252-v:61.000)-(t:7.260-v:60.000)-(t:7.269-v:59.000)-(t:7.278-v:58.000)-(t:7.292-v:57.000)-(t:7.299-v:56.000)-(t:7.311-v:55.000)-(t:7.321-v:54.000)-(t:7.330-v:50.000)-(t:7.340-v:48.000)-(t:7.348-v:47.000)-(t:7.357-v:46.000)-(t:7.365-v:45.000)-(t:7.375-v:43.000)-(t:7.382-v:42.000)-(t:7.390-v:41.000)-(t:7.398-v:39.000)-(t:7.406-v:38.000)-(t:7.414-v:37.000)-(t:7.422-v:36.000)-(t:7.431-v:35.000)-(t:7.440-v:34.000)-(t:7.448-v:33.000)-(t:7.466-v:32.000)-(t:7.474-v:31.000)-(t:7.483-v:30.000)-(t:7.491-v:29.000)-(t:7.500-v:27.000)-(t:7.508-v:26.000)-(t:7.518-v:25.000)-(t:7.527-v:24.000)-(t:7.535-v:23.000)-(t:7.564-v:22.000)-(t:7.582-v:21.000)-(t:7.638-v:20.000)-(t:7.646-v:19.000)-(t:7.653-v:18.000)-(t:7.666-v:17.000)-(t:7.682-v:16.000)-(t:7.702-v:15.000)-(t:7.711-v:14.000)-(t:7.750-v:13.000)-(t:7.765-v:12.000)-(t:7.824-v:11.000)-(t:7.834-v:10.000)-(t:14.571-v:9.000)-(t:14.746-v:8.000)-(t:14.924-v:7.000)-(t:15.108-v:6.000)-(t:15.806-v:5.000)-(t:152.463-v:4.000)-(t:157.574-v:3.000)-(t:234.184-v:2.000)],124.116
examples/csp/csp_100/4-72.txt,dqn,300,1,[(t:6.469-v:125.000)-(t:6.487-v:124.000)-(t:6.512-v:120.000)-(t:6.522-v:116.000)-(t:6.531-v:115.000)-(t:6.542-v:112.000)-(t:6.562-v:111.000)-(t:6.572-v:110.000)-(t:6.582-v:108.000)-(t:6.592-v:106.000)-(t:6.602-v:105.000)-(t:6.612-v:102.000)-(t:6.621-v:101.000)-(t:6.630-v:96.000)-(t:6.642-v:95.000)-(t:6.650-v:92.000)-(t:6.659-v:87.000)-(t:6.667-v:82.000)-(t:6.679-v:80.000)-(t:6.686-v:78.000)-(t:6.694-v:77.000)-(t:6.703-v:76.000)-(t:6.710-v:74.000)-(t:6.718-v:73.000)-(t:6.725-v:69.000)-(t:6.732-v:68.000)-(t:6.740-v:65.000)-(t:6.748-v:63.000)-(t:6.755-v:62.000)-(t:6.763-v:61.000)-(t:6.772-v:60.000)-(t:6.780-v:59.000)-(t:6.787-v:57.000)-(t:6.795-v:55.000)-(t:6.802-v:54.000)-(t:6.810-v:53.000)-(t:6.820-v:52.000)-(t:6.827-v:51.000)-(t:6.837-v:50.000)-(t:6.846-v:49.000)-(t:6.856-v:48.000)-(t:6.864-v:47.000)-(t:6.873-v:46.000)-(t:6.888-v:45.000)-(t:6.896-v:43.000)-(t:6.905-v:42.000)-(t:6.914-v:41.000)-(t:6.922-v:40.000)-(t:6.936-v:39.000)-(t:6.945-v:38.000)-(t:6.970-v:37.000)-(t:6.979-v:35.000)-(t:6.987-v:34.000)-(t:7.005-v:33.000)-(t:7.014-v:32.000)-(t:7.025-v:31.000)-(t:7.040-v:30.000)-(t:7.063-v:29.000)-(t:7.073-v:28.000)-(t:7.082-v:27.000)-(t:7.091-v:25.000)-(t:7.099-v:24.000)-(t:7.111-v:23.000)-(t:7.119-v:22.000)-(t:7.135-v:21.000)-(t:7.147-v:20.000)-(t:7.154-v:19.000)-(t:7.178-v:18.000)-(t:7.187-v:17.000)-(t:7.197-v:16.000)-(t:7.218-v:15.000)-(t:7.228-v:14.000)-(t:7.243-v:13.000)-(t:7.252-v:12.000)-(t:7.305-v:11.000)-(t:7.318-v:10.000)-(t:7.333-v:9.000)-(t:7.383-v:8.000)-(t:7.401-v:7.000)-(t:7.996-v:6.000)-(t:8.010-v:5.000)-(t:19.473-v:4.000)-(t:82.707-v:3.000)-(t:102.870-v:2.000)-(t:156.035-v:1.000)],300.000
examples/csp/csp_100/6-76.txt,dqn,300,6,[(t:9.355-v:99.000)-(t:9.371-v:96.000)-(t:9.379-v:93.000)-(t:9.397-v:88.000)-(t:9.408-v:87.000)-(t:9.428-v:86.000)-(t:9.437-v:85.000)-(t:9.446-v:84.000)-(t:9.455-v:83.000)-(t:9.464-v:80.000)-(t:9.474-v:79.000)-(t:9.483-v:78.000)-(t:9.495-v:76.000)-(t:9.510-v:74.000)-(t:9.525-v:73.000)-(t:9.534-v:72.000)-(t:9.543-v:71.000)-(t:9.552-v:70.000)-(t:9.562-v:69.000)-(t:9.572-v:68.000)-(t:9.580-v:67.000)-(t:9.589-v:64.000)-(t:9.597-v:63.000)-(t:9.605-v:62.000)-(t:9.614-v:61.000)-(t:9.622-v:57.000)-(t:9.630-v:56.000)-(t:9.638-v:53.000)-(t:9.646-v:52.000)-(t:9.654-v:50.000)-(t:9.664-v:48.000)-(t:9.673-v:47.000)-(t:9.682-v:46.000)-(t:9.690-v:45.000)-(t:9.698-v:44.000)-(t:9.706-v:43.000)-(t:9.714-v:42.000)-(t:9.721-v:41.000)-(t:9.729-v:39.000)-(t:9.745-v:38.000)-(t:9.752-v:37.000)-(t:9.771-v:36.000)-(t:9.779-v:35.000)-(t:9.789-v:34.000)-(t:9.797-v:33.000)-(t:9.807-v:32.000)-(t:9.815-v:31.000)-(t:9.821-v:30.000)-(t:9.828-v:29.000)-(t:9.857-v:28.000)-(t:9.865-v:27.000)-(t:9.883-v:26.000)-(t:9.891-v:25.000)-(t:9.900-v:24.000)-(t:9.909-v:22.000)-(t:9.918-v:21.000)-(t:9.927-v:20.000)-(t:9.940-v:19.000)-(t:9.949-v:18.000)-(t:9.958-v:17.000)-(t:9.969-v:16.000)-(t:9.981-v:15.000)-(t:10.066-v:14.000)-(t:10.078-v:13.000)-(t:10.106-v:12.000)-(t:10.147-v:11.000)-(t:10.205-v:10.000)-(t:10.606-v:9.000)-(t:10.857-v:8.000)-(t:13.377-v:7.000)-(t:21.477-v:6.000)],12.040
examples/csp/csp_100/carseq_100_8_20_64.txt,dqn,300,1,[(t:7.147-v:125.000)-(t:7.163-v:123.000)-(t:7.178-v:118.000)-(t:7.188-v:117.000)-(t:7.195-v:116.000)-(t:7.202-v:113.000)-(t:7.210-v:112.000)-(t:7.217-v:111.000)-(t:7.224-v:106.000)-(t:7.231-v:104.000)-(t:7.238-v:102.000)-(t:7.261-v:99.000)-(t:7.274-v:98.000)-(t:7.282-v:97.000)-(t:7.289-v:96.000)-(t:7.296-v:94.000)-(t:7.303-v:93.000)-(t:7.311-v:92.000)-(t:7.318-v:91.000)-(t:7.325-v:90.000)-(t:7.332-v:89.000)-(t:7.339-v:87.000)-(t:7.345-v:85.000)-(t:7.355-v:84.000)-(t:7.362-v:83.000)-(t:7.369-v:82.000)-(t:7.376-v:81.000)-(t:7.383-v:79.000)-(t:7.393-v:77.000)-(t:7.401-v:76.000)-(t:7.411-v:75.000)-(t:7.427-v:74.000)-(t:7.433-v:73.000)-(t:7.441-v:72.000)-(t:7.449-v:71.000)-(t:7.458-v:69.000)-(t:7.465-v:68.000)-(t:7.477-v:66.000)-(t:7.492-v:65.000)-(t:7.499-v:64.000)-(t:7.506-v:61.000)-(t:7.514-v:60.000)-(t:7.521-v:59.000)-(t:7.527-v:58.000)-(t:7.534-v:55.000)-(t:7.543-v:54.000)-(t:7.549-v:53.000)-(t:7.556-v:51.000)-(t:7.563-v:50.000)-(t:7.570-v:48.000)-(t:7.578-v:46.000)-(t:7.586-v:45.000)-(t:7.593-v:44.000)-(t:7.600-v:43.000)-(t:7.605-v:42.000)-(t:7.612-v:41.000)-(t:7.618-v:39.000)-(t:7.636-v:38.000)-(t:7.643-v:37.000)-(t:7.651-v:36.000)-(t:7.658-v:35.000)-(t:7.669-v:34.000)-(t:7.684-v:33.000)-(t:7.724-v:32.000)-(t:7.732-v:31.000)-(t:7.741-v:30.000)-(t:7.756-v:29.000)-(t:7.764-v:28.000)-(t:7.772-v:27.000)-(t:7.778-v:26.000)-(t:7.793-v:25.000)-(t:7.801-v:24.000)-(t:7.811-v:23.000)-(t:7.817-v:22.000)-(t:7.828-v:21.000)-(t:7.835-v:20.000)-(t:7.849-v:19.000)-(t:7.856-v:18.000)-(t:7.867-v:17.000)-(t:7.872-v:15.000)-(t:7.920-v:14.000)-(t:7.929-v:12.000)-(t:7.982-v:11.000)-(t:7.997-v:10.000)-(t:8.464-v:9.000)-(t:8.530-v:8.000)-(t:14.254-v:7.000)-(t:14.418-v:6.000)-(t:14.590-v:5.000)-(t:14.669-v:4.000)-(t:14.747-v:3.000)-(t:18.925-v:2.000)-(t:27.319-v:1.000)],300.000
examples/csp/csp_100/carseq_100_8_20_72.txt,dqn,300,0,[(t:10.473-v:110.000)-(t:10.503-v:107.000)-(t:10.513-v:106.000)-(t:10.524-v:103.000)-(t:10.540-v:101.000)-(t:10.567-v:98.000)-(t:10.577-v:97.000)-(t:10.586-v:95.000)-(t:10.599-v:93.000)-(t:10.609-v:92.000)-(t:10.618-v:91.000)-(t:10.627-v:89.000)-(t:10.649-v:87.000)-(t:10.660-v:85.000)-(t:10.671-v:84.000)-(t:10.681-v:83.000)-(t:10.690-v:82.000)-(t:10.698-v:80.000)-(t:10.706-v:79.000)-(t:10.714-v:77.000)-(t:10.722-v:76.000)-(t:10.731-v:75.000)-(t:10.739-v:74.000)-(t:10.748-v:70.000)-(t:10.755-v:68.000)-(t:10.763-v:67.000)-(t:10.770-v:65.000)-(t:10.776-v:62.000)-(t:10.784-v:61.000)-(t:10.791-v:59.000)-(t:10.799-v:57.000)-(t:10.807-v:55.000)-(t:10.813-v:54.000)-(t:10.821-v:53.000)-(t:10.826-v:52.000)-(t:10.832-v:51.000)-(t:10.838-v:49.000)-(t:10.843-v:46.000)-(t:10.848-v:45.000)-(t:10.855-v:44.000)-(t:10.861-v:43.000)-(t:10.868-v:42.000)-(t:10.883-v:41.000)-(t:10.900-v:40.000)-(t:10.908-v:39.000)-(t:10.917-v:37.000)-(t:10.926-v:36.000)-(t:10.933-v:35.000)-(t:10.947-v:34.000)-(t:10.955-v:33.000)-(t:10.973-v:32.000)-(t:11.007-v:31.000)-(t:11.014-v:30.000)-(t:11.020-v:29.000)-(t:11.064-v:28.000)-(t:11.074-v:26.000)-(t:11.085-v:25.000)-(t:11.097-v:24.000)-(t:11.126-v:23.000)-(t:11.132-v:22.000)-(t:11.139-v:21.000)-(t:11.145-v:20.000)-(t:11.187-v:19.000)-(t:11.225-v:18.000)-(t:11.231-v:17.000)-(t:11.237-v:16.000)-(t:11.250-v:15.000)-(t:11.260-v:14.000)-(t:11.266-v:13.000)-(t:11.277-v:12.000)-(t:11.285-v:11.000)-(t:11.292-v:10.000)-(t:11.308-v:9.000)-(t:11.316-v:8.000)-(t:11.358-v:6.000)-(t:11.380-v:5.000)-(t:11.389-v:4.000)-(t:11.437-v:3.000)-(t:11.880-v:2.000)-(t:13.203-v:1.000)-(t:28.279-v:0.000)],28.279
examples/csp/csp_100/carseq_100_8_20_77.txt,dqn,300,0,[(t:8.861-v:97.000)-(t:8.893-v:96.000)-(t:8.903-v:95.000)-(t:8.911-v:93.000)-(t:8.921-v:92.000)-(t:8.929-v:89.000)-(t:8.947-v:88.000)-(t:8.954-v:86.000)-(t:8.965-v:85.000)-(t:8.974-v:84.000)-(t:8.981-v:83.000)-(t:8.995-v:81.000)-(t:9.004-v:79.000)-(t:9.014-v:78.000)-(t:9.023-v:77.000)-(t:9.033-v:75.000)-(t:9.050-v:74.000)-(t:9.062-v:70.000)-(t:9.073-v:69.000)-(t:9.083-v:68.000)-(t:9.092-v:67.000)-(t:9.101-v:66.000)-(t:9.111-v:65.000)-(t:9.121-v:64.000)-(t:9.130-v:63.000)-(t:9.138-v:59.000)-(t:9.148-v:57.000)-(t:9.157-v:55.000)-(t:9.165-v:54.000)-(t:9.173-v:53.000)-(t:9.182-v:51.000)-(t:9.190-v:49.000)-(t:9.198-v:48.000)-(t:9.214-v:47.000)-(t:9.222-v:46.000)-(t:9.230-v:44.000)-(t:9.239-v:43.000)-(t:9.247-v:42.000)-(t:9.255-v:41.000)-(t:9.263-v:40.000)-(t:9.298-v:39.000)-(t:9.320-v:38.000)-(t:9.330-v:37.000)-(t:9.354-v:35.000)-(t:9.363-v:33.000)-(t:9.374-v:32.000)-(t:9.394-v:31.000)-(t:9.411-v:29.000)-(t:9.439-v:28.000)-(t:9.450-v:27.000)-(t:9.458-v:26.000)-(t:9.469-v:25.000)-(t:9.485-v:24.000)-(t:9.532-v:23.000)-(t:9.543-v:21.000)-(t:9.553-v:20.000)-(t:9.565-v:19.000)-(t:9.588-v:18.000)-(t:9.612-v:17.000)-(t:9.626-v:16.000)-(t:9.642-v:15.000)-(t:9.670-v:14.000)-(t:9.680-v:13.000)-(t:9.689-v:12.000)-(t:9.724-v:11.000)-(t:9.752-v:10.000)-(t:9.762-v:9.000)-(t:9.791-v:8.000)-(t:9.801-v:7.000)-(t:9.879-v:6.000)-(t:9.894-v:5.000)-(t:10.174-v:4.000)-(t:10.203-v:3.000)-(t:10.369-v:2.000)-(t:10.519-v:1.000)-(t:27.515-v:0.000)],27.515
examples/csp/csp_100/carseq_100_8_20_73.txt,dqn,300,0,[(t:8.933-v:98.000)-(t:8.964-v:96.000)-(t:8.973-v:95.000)-(t:8.987-v:94.000)-(t:8.995-v:93.000)-(t:9.008-v:92.000)-(t:9.016-v:91.000)-(t:9.025-v:88.000)-(t:9.034-v:86.000)-(t:9.043-v:84.000)-(t:9.052-v:82.000)-(t:9.060-v:81.000)-(t:9.069-v:79.000)-(t:9.078-v:78.000)-(t:9.086-v:76.000)-(t:9.097-v:75.000)-(t:9.105-v:74.000)-(t:9.114-v:73.000)-(t:9.127-v:72.000)-(t:9.136-v:68.000)-(t:9.144-v:67.000)-(t:9.152-v:66.000)-(t:9.161-v:65.000)-(t:9.170-v:64.000)-(t:9.178-v:63.000)-(t:9.186-v:62.000)-(t:9.193-v:60.000)-(t:9.200-v:59.000)-(t:9.210-v:58.000)-(t:9.219-v:55.000)-(t:9.226-v:54.000)-(t:9.235-v:53.000)-(t:9.244-v:51.000)-(t:9.252-v:50.000)-(t:9.259-v:48.000)-(t:9.268-v:47.000)-(t:9.277-v:45.000)-(t:9.286-v:44.000)-(t:9.294-v:43.000)-(t:9.301-v:40.000)-(t:9.310-v:39.000)-(t:9.318-v:37.000)-(t:9.326-v:36.000)-(t:9.340-v:35.000)-(t:9.349-v:34.000)-(t:9.357-v:33.000)-(t:9.364-v:32.000)-(t:9.372-v:31.000)-(t:9.380-v:30.000)-(t:9.394-v:29.000)-(t:9.403-v:28.000)-(t:9.423-v:26.000)-(t:9.442-v:25.000)-(t:9.450-v:24.000)-(t:9.475-v:23.000)-(t:9.485-v:22.000)-(t:9.499-v:21.000)-(t:9.511-v:20.000)-(t:9.571-v:19.000)-(t:9.585-v:18.000)-(t:9.601-v:17.000)-(t:9.609-v:16.000)-(t:9.641-v:15.000)-(t:9.650-v:14.000)-(t:9.659-v:13.000)-(t:9.668-v:12.000)-(t:9.693-v:11.000)-(t:9.711-v:10.000)-(t:9.748-v:9.000)-(t:9.782-v:8.000)-(t:9.792-v:7.000)-(t:9.798-v:6.000)-(t:9.814-v:5.000)-(t:9.829-v:4.000)-(t:10.019-v:3.000)-(t:10.497-v:2.000)-(t:18.127-v:1.000)-(t:36.283-v:0.000)],36.283
examples/csp/csp_100/carseq_100_8_20_90.txt,dqn,300,0,[(t:5.531-v:99.000)-(t:5.548-v:97.000)-(t:5.554-v:96.000)-(t:5.564-v:94.000)-(t:5.574-v:93.000)-(t:5.581-v:92.000)-(t:5.588-v:91.000)-(t:5.595-v:90.000)-(t:5.600-v:88.000)-(t:5.605-v:87.000)-(t:5.611-v:86.000)-(t:5.617-v:85.000)-(t:5.623-v:84.000)-(t:5.632-v:79.000)-(t:5.638-v:78.000)-(t:5.643-v:76.000)-(t:5.650-v:75.000)-(t:5.656-v:73.000)-(t:5.662-v:72.000)-(t:5.667-v:71.000)-(t:5.673-v:70.000)-(t:5.677-v:67.000)-(t:5.683-v:64.000)-(t:5.695-v:63.000)-(t:5.700-v:61.000)-(t:5.709-v:60.000)-(t:5.719-v:59.000)-(t:5.738-v:58.000)-(t:5.744-v:55.000)-(t:5.750-v:53.000)-(t:5.758-v:51.000)-(t:5.764-v:50.000)-(t:5.776-v:49.000)-(t:5.782-v:48.000)-(t:5.793-v:47.000)-(t:5.801-v:46.000)-(t:5.809-v:45.000)-(t:5.851-v:43.000)-(t:5.860-v:42.000)-(t:5.867-v:41.000)-(t:5.916-v:40.000)-(t:5.931-v:39.000)-(t:5.950-v:38.000)-(t:5.971-v:37.000)-(t:5.984-v:35.000)-(t:5.991-v:34.000)-(t:5.999-v:33.000)-(t:6.028-v:32.000)-(t:6.036-v:31.000)-(t:6.044-v:30.000)-(t:6.063-v:29.000)-(t:6.071-v:28.000)-(t:6.080-v:27.000)-(t:6.088-v:25.000)-(t:6.098-v:24.000)-(t:6.110-v:22.000)-(t:6.143-v:21.000)-(t:6.153-v:20.000)-(t:6.169-v:19.000)-(t:6.181-v:18.000)-(t:6.191-v:17.000)-(t:6.204-v:16.000)-(t:6.246-v:15.000)-(t:6.255-v:14.000)-(t:6.311-v:13.000)-(t:6.325-v:12.000)-(t:6.342-v:10.000)-(t:6.351-v:9.000)-(t:6.364-v:8.000)-(t:6.408-v:7.000)-(t:6.422-v:6.000)-(t:6.431-v:5.000)-(t:6.452-v:4.000)-(t:6.781-v:3.000)-(t:13.372-v:2.000)-(t:17.653-v:1.000)-(t:17.733-v:0.000)],17.733
examples/csp/csp_100/carseq_100_8_20_88.txt,dqn,300,0,[(t:5.318-v:118.000)-(t:5.345-v:117.000)-(t:5.351-v:115.000)-(t:5.361-v:112.000)-(t:5.368-v:111.000)-(t:5.376-v:109.000)-(t:5.383-v:107.000)-(t:5.399-v:106.000)-(t:5.411-v:105.000)-(t:5.418-v:103.000)-(t:5.425-v:101.000)-(t:5.434-v:100.000)-(t:5.444-v:99.000)-(t:5.451-v:94.000)-(t:5.458-v:92.000)-(t:5.466-v:90.000)-(t:5.473-v:89.000)-(t:5.481-v:87.000)-(t:5.488-v:86.000)-(t:5.495-v:85.000)-(t:5.502-v:84.000)-(t:5.513-v:83.000)-(t:5.524-v:82.000)-(t:5.534-v:80.000)-(t:5.544-v:78.000)-(t:5.554-v:75.000)-(t:5.567-v:74.000)-(t:5.577-v:73.000)-(t:5.587-v:71.000)-(t:5.595-v:70.000)-(t:5.603-v:69.000)-(t:5.609-v:67.000)-(t:5.616-v:65.000)-(t:5.623-v:64.000)-(t:5.635-v:63.000)-(t:5.642-v:61.000)-(t:5.649-v:60.000)-(t:5.656-v:59.000)-(t:5.666-v:58.000)-(t:5.673-v:56.000)-(t:5.681-v:55.000)-(t:5.688-v:52.000)-(t:5.696-v:51.000)-(t:5.704-v:50.000)-(t:5.711-v:49.000)-(t:5.721-v:48.000)-(t:5.735-v:46.000)-(t:5.741-v:45.000)-(t:5.758-v:43.000)-(t:5.768-v:41.000)-(t:5.789-v:40.000)-(t:5.806-v:39.000)-(t:5.820-v:38.000)-(t:5.827-v:37.000)-(t:5.834-v:36.000)-(t:5.840-v:35.000)-(t:5.847-v:34.000)-(t:5.859-v:32.000)-(t:5.865-v:31.000)-(t:5.881-v:30.000)-(t:5.922-v:28.000)-(t:5.944-v:27.000)-(t:5.954-v:26.000)-(t:5.965-v:25.000)-(t:6.023-v:24.000)-(t:6.038-v:23.000)-(t:6.046-v:22.000)-(t:6.106-v:21.000)-(t:6.113-v:20.000)-(t:6.129-v:19.000)-(t:6.137-v:18.000)-(t:6.147-v:17.000)-(t:6.160-v:16.000)-(t:6.182-v:15.000)-(t:6.195-v:14.000)-(t:6.214-v:13.000)-(t:6.226-v:11.000)-(t:6.276-v:10.000)-(t:6.287-v:9.000)-(t:6.314-v:8.000)-(t:9.421-v:7.000)-(t:9.502-v:6.000)-(t:16.085-v:5.000)-(t:16.246-v:4.000)-(t:18.479-v:3.000)-(t:23.236-v:2.000)-(t:23.420-v:1.000)-(t:31.463-v:0.000)],31.463
examples/csp/csp_100/carseq_100_8_20_94.txt,dqn,300,0,[(t:6.521-v:109.000)-(t:6.530-v:108.000)-(t:6.543-v:107.000)-(t:6.561-v:105.000)-(t:6.568-v:102.000)-(t:6.575-v:99.000)-(t:6.584-v:95.000)-(t:6.597-v:93.000)-(t:6.607-v:92.000)-(t:6.614-v:91.000)-(t:6.621-v:90.000)-(t:6.628-v:88.000)-(t:6.634-v:85.000)-(t:6.642-v:84.000)-(t:6.648-v:83.000)-(t:6.657-v:82.000)-(t:6.665-v:79.000)-(t:6.681-v:78.000)-(t:6.697-v:77.000)-(t:6.708-v:76.000)-(t:6.715-v:75.000)-(t:6.725-v:73.000)-(t:6.733-v:71.000)-(t:6.741-v:70.000)-(t:6.749-v:69.000)-(t:6.757-v:68.000)-(t:6.765-v:67.000)-(t:6.773-v:65.000)-(t:6.791-v:62.000)-(t:6.799-v:59.000)-(t:6.806-v:58.000)-(t:6.815-v:56.000)-(t:6.823-v:54.000)-(t:6.831-v:53.000)-(t:6.838-v:51.000)-(t:6.846-v:50.000)-(t:6.854-v:49.000)-(t:6.861-v:48.000)-(t:6.873-v:47.000)-(t:6.892-v:46.000)-(t:6.899-v:43.000)-(t:6.927-v:42.000)-(t:6.936-v:41.000)-(t:6.943-v:40.000)-(t:6.951-v:39.000)-(t:6.958-v:38.000)-(t:6.965-v:37.000)-(t:6.973-v:36.000)-(t:6.983-v:35.000)-(t:6.990-v:34.000)-(t:7.008-v:33.000)-(t:7.017-v:32.000)-(t:7.026-v:31.000)-(t:7.035-v:30.000)-(t:7.052-v:29.000)-(t:7.060-v:28.000)-(t:7.067-v:26.000)-(t:7.089-v:25.000)-(t:7.099-v:23.000)-(t:7.108-v:22.000)-(t:7.117-v:21.000)-(t:7.158-v:20.000)-(t:7.165-v:19.000)-(t:7.172-v:17.000)-(t:7.180-v:16.000)-(t:7.203-v:15.000)-(t:7.219-v:14.000)-(t:7.232-v:13.000)-(t:7.239-v:12.000)-(t:7.261-v:11.000)-(t:7.305-v:10.000)-(t:7.314-v:9.000)-(t:7.355-v:8.000)-(t:7.370-v:7.000)-(t:7.379-v:6.000)-(t:7.406-v:5.000)-(t:7.534-v:4.000)-(t:7.555-v:3.000)-(t:7.587-v:2.000)-(t:7.929-v:1.000)-(t:8.050-v:0.000)],8.050
examples/csp/csp_100/carseq_100_8_20_86.txt,dqn,300,0,[(t:8.450-v:149.000)-(t:8.462-v:148.000)-(t:8.475-v:146.000)-(t:8.484-v:139.000)-(t:8.502-v:137.000)-(t:8.511-v:135.000)-(t:8.522-v:130.000)-(t:8.532-v:129.000)-(t:8.543-v:126.000)-(t:8.556-v:123.000)-(t:8.569-v:119.000)-(t:8.579-v:117.000)-(t:8.589-v:112.000)-(t:8.600-v:111.000)-(t:8.614-v:109.000)-(t:8.622-v:108.000)-(t:8.628-v:105.000)-(t:8.638-v:104.000)-(t:8.648-v:102.000)-(t:8.659-v:95.000)-(t:8.670-v:94.000)-(t:8.678-v:91.000)-(t:8.689-v:87.000)-(t:8.701-v:85.000)-(t:8.712-v:84.000)-(t:8.723-v:83.000)-(t:8.730-v:82.000)-(t:8.741-v:80.000)-(t:8.751-v:79.000)-(t:8.762-v:78.000)-(t:8.775-v:73.000)-(t:8.788-v:72.000)-(t:8.800-v:71.000)-(t:8.818-v:70.000)-(t:8.826-v:69.000)-(t:8.837-v:68.000)-(t:8.845-v:66.000)-(t:8.856-v:65.000)-(t:8.868-v:63.000)-(t:8.876-v:62.000)-(t:8.888-v:60.000)-(t:8.898-v:58.000)-(t:8.918-v:57.000)-(t:8.928-v:56.000)-(t:8.938-v:55.000)-(t:8.948-v:54.000)-(t:8.960-v:53.000)-(t:8.974-v:51.000)-(t:8.979-v:49.000)-(t:9.011-v:48.000)-(t:9.024-v:47.000)-(t:9.050-v:46.000)-(t:9.063-v:44.000)-(t:9.075-v:43.000)-(t:9.085-v:42.000)-(t:9.096-v:41.000)-(t:9.121-v:39.000)-(t:9.148-v:38.000)-(t:9.160-v:37.000)-(t:9.174-v:34.000)-(t:9.191-v:33.000)-(t:9.204-v:32.000)-(t:9.216-v:31.000)-(t:9.240-v:30.000)-(t:9.269-v:29.000)-(t:9.277-v:28.000)-(t:9.301-v:27.000)-(t:9.314-v:26.000)-(t:9.323-v:25.000)-(t:9.335-v:24.000)-(t:9.341-v:23.000)-(t:9.375-v:22.000)-(t:9.385-v:21.000)-(t:9.393-v:20.000)-(t:9.402-v:19.000)-(t:9.411-v:18.000)-(t:9.464-v:17.000)-(t:9.519-v:16.000)-(t:9.541-v:15.000)-(t:9.570-v:14.000)-(t:9.702-v:13.000)-(t:9.711-v:12.000)-(t:9.729-v:11.000)-(t:9.755-v:10.000)-(t:9.773-v:9.000)-(t:9.804-v:8.000)-(t:16.350-v:7.000)-(t:21.363-v:6.000)-(t:29.528-v:5.000)-(t:32.439-v:4.000)-(t:35.876-v:3.000)-(t:80.983-v:2.000)-(t:117.048-v:1.000)-(t:122.895-v:0.000)],122.895
examples/csp/csp_200/pb_200_06.txt,dqn,300,,,
examples/csp/csp_200/pb_200_07.txt,dqn,300,,,
examples/csp/csp_200/pb_200_08.txt,dqn,300,,,
examples/csp/csp_200/pb_200_09.txt,dqn,300,,,
examples/csp/csp_100/carseq_100_8_20_71.txt,dqn,300,1,[(t:10.245-v:107.000)-(t:10.270-v:104.000)-(t:10.286-v:101.000)-(t:10.299-v:100.000)-(t:10.311-v:99.000)-(t:10.326-v:98.000)-(t:10.337-v:94.000)-(t:10.347-v:92.000)-(t:10.357-v:91.000)-(t:10.367-v:90.000)-(t:10.383-v:89.000)-(t:10.396-v:87.000)-(t:10.406-v:86.000)-(t:10.416-v:85.000)-(t:10.422-v:82.000)-(t:10.427-v:79.000)-(t:10.433-v:78.000)-(t:10.440-v:77.000)-(t:10.447-v:76.000)-(t:10.453-v:75.000)-(t:10.469-v:74.000)-(t:10.480-v:72.000)-(t:10.492-v:71.000)-(t:10.503-v:70.000)-(t:10.515-v:69.000)-(t:10.526-v:68.000)-(t:10.540-v:66.000)-(t:10.551-v:64.000)-(t:10.567-v:63.000)-(t:10.578-v:61.000)-(t:10.591-v:60.000)-(t:10.604-v:59.000)-(t:10.615-v:57.000)-(t:10.627-v:56.000)-(t:10.640-v:55.000)-(t:10.650-v:54.000)-(t:10.658-v:53.000)-(t:10.669-v:52.000)-(t:10.680-v:51.000)-(t:10.689-v:50.000)-(t:10.701-v:49.000)-(t:10.710-v:48.000)-(t:10.721-v:47.000)-(t:10.731-v:46.000)-(t:10.745-v:45.000)-(t:10.758-v:44.000)-(t:10.773-v:43.000)-(t:10.819-v:42.000)-(t:10.831-v:41.000)-(t:10.841-v:40.000)-(t:10.853-v:39.000)-(t:10.862-v:38.000)-(t:10.872-v:37.000)-(t:10.885-v:36.000)-(t:10.897-v:35.000)-(t:10.908-v:34.000)-(t:10.918-v:32.000)-(t:10.944-v:31.000)-(t:10.969-v:30.000)-(t:10.981-v:29.000)-(t:10.991-v:27.000)-(t:11.030-v:26.000)-(t:11.089-v:25.000)-(t:11.115-v:24.000)-(t:11.127-v:23.000)-(t:11.157-v:22.000)-(t:11.185-v:21.000)-(t:11.197-v:20.000)-(t:11.208-v:19.000)-(t:11.220-v:18.000)-(t:11.231-v:17.000)-(t:11.243-v:16.000)-(t:11.254-v:15.000)-(t:11.264-v:14.000)-(t:11.321-v:13.000)-(t:11.334-v:12.000)-(t:11.404-v:11.000)-(t:11.415-v:10.000)-(t:11.428-v:9.000)-(t:11.443-v:8.000)-(t:11.466-v:7.000)-(t:11.478-v:6.000)-(t:11.981-v:5.000)-(t:11.996-v:4.000)-(t:12.061-v:3.000)-(t:123.474-v:2.000)-(t:141.323-v:1.000)],300.000
examples/csp/csp_200/pb_200_10.txt,dqn,300,,,
examples/csp/csp_300/carseq_300_8_20_38.txt,dqn,300,,,
examples/csp/csp_300/carseq_300_8_20_40.txt,dqn,300,,,
examples/csp/csp_300/carseq_300_8_20_45.txt,dqn,300,,,
examples/csp/csp_100/carseq_100_8_20_81.txt,dqn,300,1,[(t:10.029-v:107.000)-(t:10.047-v:106.000)-(t:10.063-v:105.000)-(t:10.084-v:103.000)-(t:10.094-v:102.000)-(t:10.105-v:101.000)-(t:10.119-v:99.000)-(t:10.131-v:97.000)-(t:10.145-v:94.000)-(t:10.159-v:88.000)-(t:10.172-v:86.000)-(t:10.185-v:85.000)-(t:10.198-v:82.000)-(t:10.210-v:80.000)-(t:10.222-v:79.000)-(t:10.235-v:76.000)-(t:10.246-v:75.000)-(t:10.277-v:74.000)-(t:10.290-v:73.000)-(t:10.300-v:70.000)-(t:10.310-v:68.000)-(t:10.320-v:67.000)-(t:10.331-v:66.000)-(t:10.341-v:65.000)-(t:10.354-v:64.000)-(t:10.363-v:63.000)-(t:10.374-v:61.000)-(t:10.384-v:60.000)-(t:10.396-v:58.000)-(t:10.408-v:56.000)-(t:10.417-v:55.000)-(t:10.428-v:54.000)-(t:10.438-v:53.000)-(t:10.450-v:52.000)-(t:10.462-v:51.000)-(t:10.473-v:50.000)-(t:10.485-v:48.000)-(t:10.496-v:47.000)-(t:10.509-v:46.000)-(t:10.520-v:44.000)-(t:10.530-v:43.000)-(t:10.537-v:42.000)-(t:10.549-v:41.000)-(t:10.560-v:40.000)-(t:10.581-v:39.000)-(t:10.598-v:38.000)-(t:10.609-v:37.000)-(t:10.625-v:36.000)-(t:10.636-v:35.000)-(t:10.649-v:34.000)-(t:10.658-v:33.000)-(t:10.670-v:32.000)-(t:10.683-v:31.000)-(t:10.694-v:30.000)-(t:10.704-v:29.000)-(t:10.729-v:28.000)-(t:10.740-v:27.000)-(t:10.755-v:26.000)-(t:10.768-v:25.000)-(t:10.778-v:24.000)-(t:10.788-v:23.000)-(t:10.799-v:22.000)-(t:10.810-v:21.000)-(t:10.829-v:20.000)-(t:10.876-v:19.000)-(t:10.889-v:18.000)-(t:10.901-v:17.000)-(t:10.913-v:16.000)-(t:10.982-v:15.000)-(t:10.995-v:14.000)-(t:11.027-v:13.000)-(t:11.042-v:12.000)-(t:11.102-v:11.000)-(t:11.113-v:10.000)-(t:11.302-v:9.000)-(t:11.328-v:8.000)-(t:11.452-v:7.000)-(t:14.515-v:6.000)-(t:14.619-v:5.000)-(t:17.505-v:4.000)-(t:17.686-v:3.000)-(t:18.015-v:2.000)-(t:20.556-v:1.000)],300.000
examples/csp/csp_100/carseq_100_8_20_82.txt,dqn,300,2,[(t:8.607-v:153.000)-(t:8.614-v:145.000)-(t:8.622-v:144.000)-(t:8.636-v:142.000)-(t:8.650-v:139.000)-(t:8.657-v:136.000)-(t:8.669-v:135.000)-(t:8.675-v:132.000)-(t:8.682-v:130.000)-(t:8.688-v:129.000)-(t:8.694-v:128.000)-(t:8.701-v:127.000)-(t:8.708-v:126.000)-(t:8.716-v:124.000)-(t:8.722-v:123.000)-(t:8.730-v:121.000)-(t:8.752-v:120.000)-(t:8.760-v:117.000)-(t:8.767-v:116.000)-(t:8.775-v:115.000)-(t:8.782-v:114.000)-(t:8.790-v:112.000)-(t:8.797-v:111.000)-(t:8.805-v:110.000)-(t:8.817-v:109.000)-(t:8.826-v:107.000)-(t:8.834-v:106.000)-(t:8.847-v:105.000)-(t:8.854-v:104.000)-(t:8.862-v:101.000)-(t:8.873-v:100.000)-(t:8.888-v:99.000)-(t:8.897-v:98.000)-(t:8.907-v:97.000)-(t:8.917-v:96.000)-(t:8.925-v:95.000)-(t:8.935-v:94.000)-(t:8.942-v:92.000)-(t:8.955-v:84.000)-(t:8.963-v:83.000)-(t:8.970-v:80.000)-(t:8.980-v:79.000)-(t:8.990-v:78.000)-(t:8.997-v:77.000)-(t:9.003-v:76.000)-(t:9.009-v:75.000)-(t:9.015-v:73.000)-(t:9.021-v:72.000)-(t:9.026-v:70.000)-(t:9.032-v:68.000)-(t:9.040-v:67.000)-(t:9.048-v:64.000)-(t:9.056-v:63.000)-(t:9.062-v:62.000)-(t:9.067-v:61.000)-(t:9.073-v:59.000)-(t:9.082-v:58.000)-(t:9.089-v:57.000)-(t:9.094-v:54.000)-(t:9.101-v:53.000)-(t:9.109-v:52.000)-(t:9.116-v:51.000)-(t:9.122-v:50.000)-(t:9.129-v:49.000)-(t:9.138-v:48.000)-(t:9.145-v:47.000)-(t:9.152-v:46.000)-(t:9.162-v:44.000)-(t:9.168-v:42.000)-(t:9.174-v:41.000)-(t:9.181-v:40.000)-(t:9.191-v:39.000)-(t:9.204-v:38.000)-(t:9.212-v:37.000)-(t:9.219-v:36.000)-(t:9.229-v:35.000)-(t:9.259-v:34.000)-(t:9.266-v:33.000)-(t:9.275-v:29.000)-(t:9.282-v:28.000)-(t:9.314-v:27.000)-(t:9.322-v:24.000)-(t:9.340-v:23.000)-(t:9.348-v:22.000)-(t:9.367-v:21.000)-(t:9.381-v:20.000)-(t:9.388-v:19.000)-(t:9.397-v:16.000)-(t:9.403-v:15.000)-(t:9.410-v:13.000)-(t:9.473-v:12.000)-(t:9.486-v:11.000)-(t:9.552-v:10.000)-(t:10.703-v:9.000)-(t:10.787-v:8.000)-(t:10.870-v:6.000)-(t:11.067-v:5.000)-(t:20.204-v:4.000)-(t:70.703-v:3.000)-(t:197.440-v:2.000)],300.000
examples/csp/csp_300/carseq_300_8_20_47.txt,dqn,300,,,
examples/csp/csp_100/carseq_100_8_20_85.txt,dqn,300,2,[(t:6.148-v:103.000)-(t:6.164-v:98.000)-(t:6.171-v:96.000)-(t:6.191-v:95.000)-(t:6.202-v:93.000)-(t:6.210-v:92.000)-(t:6.221-v:91.000)-(t:6.230-v:89.000)-(t:6.237-v:87.000)-(t:6.245-v:86.000)-(t:6.254-v:85.000)-(t:6.262-v:79.000)-(t:6.270-v:77.000)-(t:6.277-v:75.000)-(t:6.284-v:74.000)-(t:6.294-v:73.000)-(t:6.312-v:72.000)-(t:6.319-v:71.000)-(t:6.327-v:70.000)-(t:6.334-v:69.000)-(t:6.340-v:66.000)-(t:6.347-v:63.000)-(t:6.356-v:62.000)-(t:6.369-v:61.000)-(t:6.376-v:60.000)-(t:6.383-v:59.000)-(t:6.391-v:58.000)-(t:6.398-v:56.000)-(t:6.408-v:55.000)-(t:6.417-v:52.000)-(t:6.424-v:51.000)-(t:6.432-v:50.000)-(t:6.440-v:49.000)-(t:6.447-v:47.000)-(t:6.455-v:46.000)-(t:6.462-v:44.000)-(t:6.469-v:42.000)-(t:6.477-v:41.000)-(t:6.484-v:40.000)-(t:6.493-v:38.000)-(t:6.500-v:37.000)-(t:6.508-v:36.000)-(t:6.515-v:34.000)-(t:6.524-v:33.000)-(t:6.556-v:32.000)-(t:6.566-v:31.000)-(t:6.591-v:30.000)-(t:6.598-v:29.000)-(t:6.606-v:28.000)-(t:6.613-v:27.000)-(t:6.623-v:26.000)-(t:6.639-v:25.000)-(t:6.647-v:24.000)-(t:6.669-v:23.000)-(t:6.680-v:22.000)-(t:6.697-v:21.000)-(t:6.707-v:20.000)-(t:6.767-v:19.000)-(t:6.787-v:18.000)-(t:6.808-v:17.000)-(t:6.819-v:16.000)-(t:6.835-v:15.000)-(t:6.848-v:13.000)-(t:6.895-v:12.000)-(t:6.936-v:11.000)-(t:7.006-v:10.000)-(t:7.019-v:9.000)-(t:7.102-v:8.000)-(t:7.541-v:7.000)-(t:9.452-v:6.000)-(t:36.444-v:5.000)-(t:45.990-v:4.000)-(t:46.083-v:3.000)-(t:78.265-v:2.000)],300.000
examples/csp/csp_300/carseq_300_8_20_53.txt,dqn,300,,,
examples/csp/csp_300/carseq_300_8_20_56.txt,dqn,300,,,
examples/csp/csp_300/carseq_300_8_20_62.txt,dqn,300,,,
examples/csp/csp_300/carseq_300_8_20_76.txt,dqn,300,,,
examples/csp/csp_300/carseq_300_8_20_78.txt,dqn,300,,,
examples/csp/csp_300/carseq_300_8_20_80.txt,dqn,300,,,
examples/csp/csp_300/carseq_300_8_20_81.txt,dqn,300,,,
examples/csp/csp_300/pb_300_06.txt,dqn,300,,,
examples/csp/csp_100/carseq_100_8_20_98.txt,dqn,300,1,[(t:10.851-v:128.000)-(t:10.882-v:127.000)-(t:10.896-v:125.000)-(t:10.917-v:123.000)-(t:10.935-v:121.000)-(t:10.951-v:118.000)-(t:10.977-v:111.000)-(t:10.994-v:110.000)-(t:11.012-v:107.000)-(t:11.035-v:106.000)-(t:11.055-v:103.000)-(t:11.075-v:102.000)-(t:11.087-v:100.000)-(t:11.100-v:97.000)-(t:11.116-v:95.000)-(t:11.133-v:94.000)-(t:11.154-v:90.000)-(t:11.168-v:87.000)-(t:11.188-v:86.000)-(t:11.200-v:85.000)-(t:11.215-v:82.000)-(t:11.229-v:81.000)-(t:11.244-v:80.000)-(t:11.266-v:79.000)-(t:11.283-v:77.000)-(t:11.293-v:75.000)-(t:11.312-v:70.000)-(t:11.349-v:69.000)-(t:11.381-v:68.000)-(t:11.395-v:66.000)-(t:11.414-v:63.000)-(t:11.428-v:62.000)-(t:11.446-v:60.000)-(t:11.464-v:59.000)-(t:11.480-v:58.000)-(t:11.493-v:57.000)-(t:11.502-v:56.000)-(t:11.508-v:54.000)-(t:11.515-v:52.000)-(t:11.521-v:51.000)-(t:11.526-v:50.000)-(t:11.538-v:47.000)-(t:11.552-v:46.000)-(t:11.563-v:45.000)-(t:11.575-v:43.000)-(t:11.586-v:42.000)-(t:11.608-v:41.000)-(t:11.620-v:40.000)-(t:11.636-v:38.000)-(t:11.655-v:37.000)-(t:11.673-v:36.000)-(t:11.688-v:34.000)-(t:11.701-v:33.000)-(t:11.716-v:32.000)-(t:11.731-v:31.000)-(t:11.750-v:30.000)-(t:11.763-v:28.000)-(t:11.779-v:27.000)-(t:11.799-v:26.000)-(t:11.817-v:25.000)-(t:11.828-v:24.000)-(t:11.863-v:22.000)-(t:11.925-v:21.000)-(t:11.946-v:20.000)-(t:11.959-v:19.000)-(t:11.978-v:18.000)-(t:11.996-v:17.000)-(t:12.078-v:16.000)-(t:12.126-v:15.000)-(t:12.149-v:14.000)-(t:12.184-v:13.000)-(t:12.224-v:12.000)-(t:12.242-v:11.000)-(t:12.262-v:10.000)-(t:12.282-v:9.000)-(t:12.363-v:8.000)-(t:13.257-v:7.000)-(t:13.267-v:6.000)-(t:24.197-v:5.000)-(t:24.470-v:4.000)-(t:43.328-v:3.000)-(t:56.174-v:2.000)-(t:59.186-v:1.000)],300.000
examples/csp/csp_300/pb_300_07.txt,dqn,300,,,
examples/csp/csp_100/carseq_100_8_20_99.txt,dqn,300,1,[(t:7.855-v:116.000)-(t:7.864-v:112.000)-(t:7.884-v:110.000)-(t:7.905-v:108.000)-(t:7.916-v:107.000)-(t:7.942-v:104.000)-(t:7.954-v:101.000)-(t:7.969-v:99.000)-(t:7.982-v:97.000)-(t:7.994-v:96.000)-(t:8.003-v:95.000)-(t:8.016-v:94.000)-(t:8.028-v:92.000)-(t:8.038-v:91.000)-(t:8.047-v:90.000)-(t:8.060-v:89.000)-(t:8.070-v:87.000)-(t:8.081-v:86.000)-(t:8.091-v:84.000)-(t:8.098-v:82.000)-(t:8.108-v:81.000)-(t:8.119-v:80.000)-(t:8.133-v:79.000)-(t:8.143-v:78.000)-(t:8.149-v:77.000)-(t:8.160-v:76.000)-(t:8.170-v:72.000)-(t:8.182-v:70.000)-(t:8.194-v:68.000)-(t:8.207-v:67.000)-(t:8.244-v:66.000)-(t:8.255-v:65.000)-(t:8.263-v:64.000)-(t:8.276-v:63.000)-(t:8.287-v:62.000)-(t:8.293-v:61.000)-(t:8.319-v:60.000)-(t:8.332-v:59.000)-(t:8.340-v:57.000)-(t:8.351-v:55.000)-(t:8.361-v:54.000)-(t:8.373-v:53.000)-(t:8.383-v:52.000)-(t:8.394-v:51.000)-(t:8.402-v:50.000)-(t:8.408-v:49.000)-(t:8.423-v:48.000)-(t:8.435-v:47.000)-(t:8.445-v:46.000)-(t:8.457-v:45.000)-(t:8.472-v:44.000)-(t:8.485-v:42.000)-(t:8.497-v:41.000)-(t:8.508-v:39.000)-(t:8.551-v:38.000)-(t:8.559-v:36.000)-(t:8.573-v:35.000)-(t:8.590-v:34.000)-(t:8.601-v:33.000)-(t:8.679-v:32.000)-(t:8.688-v:31.000)-(t:8.702-v:30.000)-(t:8.715-v:29.000)-(t:8.728-v:28.000)-(t:8.740-v:26.000)-(t:8.764-v:25.000)-(t:8.778-v:24.000)-(t:8.786-v:23.000)-(t:8.799-v:22.000)-(t:8.822-v:21.000)-(t:8.835-v:20.000)-(t:8.853-v:19.000)-(t:8.873-v:18.000)-(t:8.927-v:17.000)-(t:8.962-v:16.000)-(t:9.029-v:15.000)-(t:9.041-v:14.000)-(t:9.056-v:13.000)-(t:9.081-v:12.000)-(t:9.097-v:11.000)-(t:9.111-v:10.000)-(t:9.146-v:9.000)-(t:9.212-v:8.000)-(t:9.252-v:7.000)-(t:14.382-v:6.000)-(t:14.569-v:5.000)-(t:32.665-v:4.000)-(t:40.399-v:3.000)-(t:43.021-v:2.000)-(t:43.824-v:1.000)],300.000
examples/csp/csp_300/pb_300_08.txt,dqn,300,,,
examples/csp/csp_300/pb_300_09.txt,dqn,300,,,
examples/csp/csp_300/pb_300_10.txt,dqn,300,,,
examples/csp/csp_100/carseq_100_8_20_64.txt,dqn,300,0,[(t:5.299-v:101.000)-(t:5.333-v:100.000)-(t:5.345-v:99.000)-(t:5.353-v:96.000)-(t:5.359-v:95.000)-(t:5.364-v:94.000)-(t:5.370-v:87.000)-(t:5.382-v:86.000)-(t:5.390-v:81.000)-(t:5.397-v:78.000)-(t:5.404-v:77.000)-(t:5.411-v:76.000)-(t:5.417-v:75.000)-(t:5.422-v:74.000)-(t:5.429-v:73.000)-(t:5.434-v:72.000)-(t:5.441-v:71.000)-(t:5.446-v:70.000)-(t:5.451-v:69.000)-(t:5.457-v:67.000)-(t:5.462-v:64.000)-(t:5.468-v:63.000)-(t:5.474-v:62.000)-(t:5.480-v:61.000)-(t:5.490-v:60.000)-(t:5.495-v:59.000)-(t:5.501-v:58.000)-(t:5.507-v:56.000)-(t:5.514-v:55.000)-(t:5.520-v:54.000)-(t:5.526-v:53.000)-(t:5.532-v:52.000)-(t:5.550-v:51.000)-(t:5.556-v:48.000)-(t:5.565-v:47.000)-(t:5.584-v:46.000)-(t:5.590-v:45.000)-(t:5.597-v:44.000)-(t:5.607-v:43.000)-(t:5.615-v:41.000)-(t:5.627-v:40.000)-(t:5.637-v:39.000)-(t:5.644-v:38.000)-(t:5.650-v:37.000)-(t:5.657-v:36.000)-(t:5.674-v:34.000)-(t:5.681-v:33.000)-(t:5.686-v:32.000)-(t:5.692-v:31.000)-(t:5.701-v:30.000)-(t:5.706-v:29.000)-(t:5.712-v:28.000)-(t:5.718-v:27.000)-(t:5.724-v:26.000)-(t:5.731-v:25.000)-(t:5.739-v:24.000)-(t:5.752-v:22.000)-(t:5.773-v:21.000)-(t:5.779-v:20.000)-(t:5.790-v:19.000)-(t:5.798-v:18.000)-(t:5.874-v:17.000)-(t:5.895-v:16.000)-(t:5.904-v:15.000)-(t:5.911-v:14.000)-(t:5.918-v:13.000)-(t:5.928-v:12.000)-(t:5.941-v:11.000)-(t:5.947-v:9.000)-(t:5.960-v:8.000)-(t:6.360-v:7.000)-(t:6.411-v:6.000)-(t:14.410-v:5.000)-(t:18.151-v:4.000)-(t:20.348-v:3.000)-(t:20.612-v:2.000)-(t:20.701-v:1.000)-(t:23.318-v:0.000)],23.318
examples/csp/csp_100/carseq_100_8_20_62.txt,dqn,300,0,[(t:7.995-v:112.000)-(t:8.016-v:109.000)-(t:8.033-v:108.000)-(t:8.051-v:106.000)-(t:8.078-v:105.000)-(t:8.090-v:104.000)-(t:8.102-v:103.000)-(t:8.114-v:101.000)-(t:8.127-v:99.000)-(t:8.139-v:98.000)-(t:8.152-v:95.000)-(t:8.171-v:94.000)-(t:8.184-v:92.000)-(t:8.192-v:88.000)-(t:8.200-v:87.000)-(t:8.208-v:86.000)-(t:8.217-v:85.000)-(t:8.228-v:83.000)-(t:8.241-v:81.000)-(t:8.253-v:80.000)-(t:8.265-v:79.000)-(t:8.278-v:77.000)-(t:8.292-v:76.000)-(t:8.305-v:75.000)-(t:8.316-v:73.000)-(t:8.328-v:72.000)-(t:8.338-v:70.000)-(t:8.352-v:69.000)-(t:8.363-v:68.000)-(t:8.373-v:67.000)-(t:8.384-v:66.000)-(t:8.401-v:65.000)-(t:8.411-v:64.000)-(t:8.424-v:62.000)-(t:8.435-v:61.000)-(t:8.447-v:60.000)-(t:8.460-v:59.000)-(t:8.472-v:56.000)-(t:8.483-v:55.000)-(t:8.495-v:54.000)-(t:8.507-v:53.000)-(t:8.518-v:51.000)-(t:8.528-v:50.000)-(t:8.547-v:49.000)-(t:8.558-v:48.000)-(t:8.570-v:47.000)-(t:8.591-v:46.000)-(t:8.608-v:45.000)-(t:8.618-v:44.000)-(t:8.629-v:43.000)-(t:8.639-v:42.000)-(t:8.650-v:41.000)-(t:8.662-v:40.000)-(t:8.675-v:39.000)-(t:8.685-v:37.000)-(t:8.696-v:36.000)-(t:8.739-v:35.000)-(t:8.752-v:34.000)-(t:8.785-v:33.000)-(t:8.810-v:32.000)-(t:8.842-v:31.000)-(t:8.857-v:30.000)-(t:8.867-v:29.000)-(t:8.877-v:28.000)-(t:8.888-v:27.000)-(t:8.901-v:26.000)-(t:8.925-v:25.000)-(t:8.938-v:24.000)-(t:8.982-v:23.000)-(t:8.997-v:22.000)-(t:9.039-v:20.000)-(t:9.058-v:19.000)-(t:9.078-v:18.000)-(t:9.126-v:17.000)-(t:9.132-v:16.000)-(t:9.155-v:15.000)-(t:9.172-v:14.000)-(t:9.187-v:13.000)-(t:9.199-v:12.000)-(t:9.263-v:11.000)-(t:9.286-v:10.000)-(t:9.310-v:9.000)-(t:9.702-v:8.000)-(t:12.600-v:7.000)-(t:12.965-v:6.000)-(t:13.363-v:5.000)-(t:62.343-v:4.000)-(t:70.248-v:3.000)-(t:73.332-v:2.000)-(t:75.353-v:1.000)-(t:99.144-v:0.000)],99.144
examples/csp/csp_100/carseq_100_8_20_67.txt,dqn,300,0,[(t:8.053-v:98.000)-(t:8.062-v:95.000)-(t:8.107-v:94.000)-(t:8.118-v:91.000)-(t:8.130-v:89.000)-(t:8.151-v:86.000)-(t:8.162-v:85.000)-(t:8.173-v:84.000)-(t:8.192-v:83.000)-(t:8.203-v:82.000)-(t:8.215-v:81.000)-(t:8.228-v:79.000)-(t:8.238-v:78.000)-(t:8.250-v:77.000)-(t:8.257-v:76.000)-(t:8.271-v:73.000)-(t:8.282-v:71.000)-(t:8.292-v:70.000)-(t:8.306-v:69.000)-(t:8.317-v:68.000)-(t:8.327-v:67.000)-(t:8.338-v:65.000)-(t:8.350-v:64.000)-(t:8.362-v:63.000)-(t:8.368-v:62.000)-(t:8.374-v:61.000)-(t:8.385-v:60.000)-(t:8.396-v:58.000)-(t:8.406-v:57.000)-(t:8.417-v:54.000)-(t:8.427-v:53.000)-(t:8.439-v:52.000)-(t:8.451-v:51.000)-(t:8.462-v:50.000)-(t:8.472-v:49.000)-(t:8.483-v:48.000)-(t:8.496-v:47.000)-(t:8.506-v:46.000)-(t:8.516-v:43.000)-(t:8.528-v:42.000)-(t:8.540-v:41.000)-(t:8.553-v:40.000)-(t:8.565-v:38.000)-(t:8.576-v:37.000)-(t:8.588-v:36.000)-(t:8.593-v:35.000)-(t:8.604-v:32.000)-(t:8.615-v:31.000)-(t:8.624-v:30.000)-(t:8.645-v:29.000)-(t:8.657-v:28.000)-(t:8.668-v:27.000)-(t:8.683-v:25.000)-(t:8.696-v:24.000)-(t:8.726-v:23.000)-(t:8.773-v:22.000)-(t:8.807-v:21.000)-(t:8.817-v:18.000)-(t:8.830-v:17.000)-(t:8.843-v:16.000)-(t:8.856-v:15.000)-(t:8.883-v:14.000)-(t:8.897-v:13.000)-(t:8.909-v:12.000)-(t:8.961-v:10.000)-(t:9.010-v:9.000)-(t:9.022-v:8.000)-(t:9.032-v:7.000)-(t:9.154-v:6.000)-(t:9.186-v:5.000)-(t:9.196-v:4.000)-(t:9.582-v:3.000)-(t:9.632-v:2.000)-(t:9.667-v:1.000)-(t:94.427-v:0.000)],94.427
examples/csp/csp_100/carseq_100_8_20_72.txt,dqn,300,0,[(t:8.740-v:125.000)-(t:8.753-v:120.000)-(t:8.797-v:118.000)-(t:8.808-v:117.000)-(t:8.829-v:113.000)-(t:8.843-v:112.000)-(t:8.853-v:111.000)-(t:8.873-v:110.000)-(t:8.885-v:106.000)-(t:8.902-v:105.000)-(t:8.914-v:101.000)-(t:8.930-v:100.000)-(t:8.941-v:99.000)-(t:8.952-v:98.000)-(t:8.962-v:96.000)-(t:8.973-v:95.000)-(t:8.980-v:90.000)-(t:8.987-v:88.000)-(t:8.993-v:87.000)-(t:8.999-v:86.000)-(t:9.006-v:85.000)-(t:9.016-v:84.000)-(t:9.026-v:80.000)-(t:9.037-v:75.000)-(t:9.048-v:72.000)-(t:9.058-v:71.000)-(t:9.068-v:68.000)-(t:9.079-v:66.000)-(t:9.089-v:65.000)-(t:9.099-v:64.000)-(t:9.107-v:63.000)-(t:9.119-v:61.000)-(t:9.130-v:59.000)-(t:9.140-v:58.000)-(t:9.150-v:57.000)-(t:9.167-v:56.000)-(t:9.179-v:55.000)-(t:9.189-v:54.000)-(t:9.200-v:53.000)-(t:9.210-v:52.000)-(t:9.218-v:51.000)-(t:9.231-v:49.000)-(t:9.241-v:48.000)-(t:9.264-v:47.000)-(t:9.277-v:46.000)-(t:9.287-v:45.000)-(t:9.310-v:44.000)-(t:9.319-v:43.000)-(t:9.327-v:42.000)-(t:9.336-v:41.000)-(t:9.347-v:40.000)-(t:9.365-v:38.000)-(t:9.376-v:37.000)-(t:9.389-v:35.000)-(t:9.401-v:34.000)-(t:9.412-v:33.000)-(t:9.426-v:32.000)-(t:9.432-v:31.000)-(t:9.437-v:30.000)-(t:9.444-v:29.000)-(t:9.480-v:28.000)-(t:9.492-v:27.000)-(t:9.505-v:25.000)-(t:9.526-v:24.000)-(t:9.557-v:23.000)-(t:9.573-v:22.000)-(t:9.586-v:21.000)-(t:9.598-v:20.000)-(t:9.616-v:19.000)-(t:9.627-v:18.000)-(t:9.639-v:17.000)-(t:9.650-v:16.000)-(t:9.679-v:15.000)-(t:9.706-v:14.000)-(t:9.747-v:13.000)-(t:9.844-v:12.000)-(t:9.853-v:11.000)-(t:9.877-v:10.000)-(t:10.057-v:9.000)-(t:10.091-v:8.000)-(t:10.153-v:7.000)-(t:10.172-v:6.000)-(t:10.207-v:5.000)-(t:23.641-v:4.000)-(t:23.835-v:3.000)-(t:26.875-v:2.000)-(t:28.093-v:1.000)-(t:40.452-v:0.000)],40.452
examples/csp/csp_100/carseq_100_8_20_73.txt,dqn,300,0,[(t:8.321-v:104.000)-(t:8.334-v:103.000)-(t:8.371-v:101.000)-(t:8.388-v:99.000)-(t:8.400-v:98.000)-(t:8.413-v:94.000)-(t:8.432-v:93.000)-(t:8.443-v:92.000)-(t:8.456-v:91.000)-(t:8.467-v:89.000)-(t:8.478-v:88.000)-(t:8.488-v:86.000)-(t:8.498-v:85.000)-(t:8.507-v:81.000)-(t:8.519-v:79.000)-(t:8.534-v:78.000)-(t:8.547-v:75.000)-(t:8.560-v:73.000)-(t:8.572-v:70.000)-(t:8.597-v:68.000)-(t:8.608-v:67.000)-(t:8.618-v:66.000)-(t:8.628-v:65.000)-(t:8.639-v:64.000)-(t:8.650-v:62.000)-(t:8.662-v:60.000)-(t:8.682-v:59.000)-(t:8.693-v:58.000)-(t:8.705-v:55.000)-(t:8.717-v:54.000)-(t:8.727-v:53.000)-(t:8.738-v:52.000)-(t:8.748-v:51.000)-(t:8.758-v:50.000)-(t:8.770-v:49.000)-(t:8.781-v:48.000)-(t:8.792-v:47.000)-(t:8.802-v:46.000)-(t:8.813-v:44.000)-(t:8.824-v:43.000)-(t:8.832-v:42.000)-(t:8.841-v:41.000)-(t:8.852-v:40.000)-(t:8.862-v:39.000)-(t:8.875-v:38.000)-(t:8.886-v:37.000)-(t:8.896-v:36.000)-(t:8.907-v:35.000)-(t:8.913-v:34.000)-(t:8.922-v:33.000)-(t:8.934-v:32.000)-(t:8.946-v:31.000)-(t:8.956-v:29.000)-(t:8.984-v:28.000)-(t:8.996-v:27.000)-(t:9.013-v:26.000)-(t:9.024-v:25.000)-(t:9.035-v:23.000)-(t:9.047-v:22.000)-(t:9.056-v:21.000)-(t:9.076-v:20.000)-(t:9.098-v:19.000)-(t:9.120-v:18.000)-(t:9.126-v:17.000)-(t:9.132-v:16.000)-(t:9.181-v:15.000)-(t:9.196-v:14.000)-(t:9.223-v:13.000)-(t:9.236-v:12.000)-(t:9.249-v:11.000)-(t:9.284-v:10.000)-(t:9.296-v:9.000)-(t:9.309-v:8.000)-(t:9.324-v:7.000)-(t:9.339-v:6.000)-(t:9.348-v:5.000)-(t:9.368-v:4.000)-(t:9.392-v:3.000)-(t:9.418-v:2.000)-(t:9.475-v:1.000)-(t:9.872-v:0.000)],9.872
examples/csp/csp_100/carseq_100_8_20_71.txt,dqn,300,0,[(t:8.950-v:108.000)-(t:8.968-v:102.000)-(t:8.979-v:101.000)-(t:8.991-v:99.000)-(t:9.002-v:97.000)-(t:9.012-v:95.000)-(t:9.032-v:93.000)-(t:9.043-v:92.000)-(t:9.058-v:91.000)-(t:9.068-v:90.000)-(t:9.079-v:89.000)-(t:9.090-v:88.000)-(t:9.100-v:87.000)-(t:9.111-v:84.000)-(t:9.121-v:83.000)-(t:9.133-v:82.000)-(t:9.142-v:81.000)-(t:9.172-v:79.000)-(t:9.184-v:78.000)-(t:9.191-v:77.000)-(t:9.198-v:76.000)-(t:9.210-v:74.000)-(t:9.220-v:72.000)-(t:9.230-v:71.000)-(t:9.241-v:69.000)-(t:9.252-v:68.000)-(t:9.264-v:67.000)-(t:9.275-v:66.000)-(t:9.285-v:63.000)-(t:9.296-v:60.000)-(t:9.306-v:59.000)-(t:9.312-v:58.000)-(t:9.323-v:57.000)-(t:9.335-v:56.000)-(t:9.345-v:55.000)-(t:9.376-v:53.000)-(t:9.406-v:52.000)-(t:9.417-v:51.000)-(t:9.428-v:50.000)-(t:9.438-v:49.000)-(t:9.449-v:48.000)-(t:9.461-v:45.000)-(t:9.473-v:44.000)-(t:9.486-v:43.000)-(t:9.498-v:42.000)-(t:9.510-v:41.000)-(t:9.517-v:40.000)-(t:9.522-v:39.000)-(t:9.528-v:38.000)-(t:9.534-v:37.000)-(t:9.543-v:36.000)-(t:9.553-v:35.000)-(t:9.569-v:34.000)-(t:9.582-v:33.000)-(t:9.592-v:32.000)-(t:9.602-v:31.000)-(t:9.621-v:30.000)-(t:9.631-v:29.000)-(t:9.666-v:28.000)-(t:9.677-v:27.000)-(t:9.691-v:26.000)-(t:9.704-v:25.000)-(t:9.715-v:24.000)-(t:9.743-v:23.000)-(t:9.772-v:22.000)-(t:9.788-v:21.000)-(t:9.802-v:20.000)-(t:9.813-v:19.000)-(t:9.824-v:18.000)-(t:9.850-v:17.000)-(t:9.868-v:16.000)-(t:9.878-v:15.000)-(t:9.952-v:14.000)-(t:9.976-v:13.000)-(t:10.009-v:12.000)-(t:10.027-v:11.000)-(t:10.082-v:10.000)-(t:10.108-v:9.000)-(t:10.121-v:8.000)-(t:10.139-v:7.000)-(t:10.162-v:6.000)-(t:10.174-v:5.000)-(t:10.207-v:4.000)-(t:15.923-v:3.000)-(t:39.873-v:2.000)-(t:76.931-v:1.000)-(t:105.744-v:0.000)],105.744
examples/csp/csp_100/carseq_100_8_20_77.txt,dqn,300,0,[(t:7.807-v:125.000)-(t:7.838-v:123.000)-(t:7.855-v:121.000)-(t:7.874-v:120.000)-(t:7.885-v:118.000)-(t:7.896-v:117.000)-(t:7.909-v:115.000)-(t:7.922-v:114.000)-(t:7.934-v:112.000)-(t:7.944-v:108.000)-(t:7.954-v:106.000)-(t:7.965-v:105.000)-(t:7.975-v:104.000)-(t:7.985-v:103.000)-(t:7.994-v:102.000)-(t:8.004-v:99.000)-(t:8.014-v:97.000)-(t:8.025-v:95.000)-(t:8.035-v:94.000)-(t:8.046-v:93.000)-(t:8.057-v:92.000)-(t:8.076-v:91.000)-(t:8.087-v:90.000)-(t:8.095-v:89.000)-(t:8.106-v:87.000)-(t:8.117-v:86.000)-(t:8.130-v:85.000)-(t:8.144-v:84.000)-(t:8.154-v:82.000)-(t:8.164-v:80.000)-(t:8.175-v:79.000)-(t:8.186-v:77.000)-(t:8.194-v:76.000)-(t:8.209-v:75.000)-(t:8.224-v:73.000)-(t:8.234-v:72.000)-(t:8.245-v:71.000)-(t:8.258-v:70.000)-(t:8.270-v:69.000)-(t:8.282-v:67.000)-(t:8.292-v:66.000)-(t:8.307-v:65.000)-(t:8.324-v:64.000)-(t:8.353-v:63.000)-(t:8.365-v:60.000)-(t:8.376-v:59.000)-(t:8.386-v:58.000)-(t:8.394-v:57.000)-(t:8.403-v:56.000)-(t:8.414-v:53.000)-(t:8.434-v:52.000)-(t:8.445-v:49.000)-(t:8.456-v:48.000)-(t:8.466-v:46.000)-(t:8.476-v:45.000)-(t:8.488-v:44.000)-(t:8.500-v:43.000)-(t:8.506-v:42.000)-(t:8.516-v:41.000)-(t:8.526-v:40.000)-(t:8.536-v:39.000)-(t:8.547-v:38.000)-(t:8.557-v:37.000)-(t:8.567-v:36.000)-(t:8.588-v:35.000)-(t:8.599-v:33.000)-(t:8.616-v:32.000)-(t:8.627-v:31.000)-(t:8.634-v:30.000)-(t:8.656-v:29.000)-(t:8.666-v:28.000)-(t:8.676-v:27.000)-(t:8.685-v:26.000)-(t:8.713-v:25.000)-(t:8.722-v:24.000)-(t:8.734-v:23.000)-(t:8.747-v:22.000)-(t:8.759-v:21.000)-(t:8.777-v:19.000)-(t:8.789-v:18.000)-(t:8.817-v:17.000)-(t:8.838-v:16.000)-(t:8.856-v:15.000)-(t:8.889-v:14.000)-(t:8.925-v:13.000)-(t:8.947-v:12.000)-(t:8.996-v:11.000)-(t:9.010-v:10.000)-(t:9.033-v:9.000)-(t:9.081-v:8.000)-(t:9.090-v:7.000)-(t:9.114-v:6.000)-(t:9.131-v:5.000)-(t:9.149-v:4.000)-(t:9.573-v:3.000)-(t:9.593-v:2.000)-(t:16.073-v:1.000)-(t:19.461-v:0.000)],19.461
examples/csp/csp_100/16-81.txt,dqn,300,2,[(t:6.368-v:119.000)-(t:6.391-v:117.000)-(t:6.420-v:116.000)-(t:6.439-v:115.000)-(t:6.448-v:114.000)-(t:6.457-v:112.000)-(t:6.471-v:107.000)-(t:6.479-v:105.000)-(t:6.488-v:103.000)-(t:6.496-v:102.000)-(t:6.504-v:100.000)-(t:6.518-v:99.000)-(t:6.527-v:98.000)-(t:6.536-v:96.000)-(t:6.545-v:95.000)-(t:6.559-v:93.000)-(t:6.567-v:92.000)-(t:6.577-v:91.000)-(t:6.585-v:89.000)-(t:6.593-v:87.000)-(t:6.601-v:86.000)-(t:6.609-v:85.000)-(t:6.620-v:84.000)-(t:6.630-v:82.000)-(t:6.639-v:81.000)-(t:6.647-v:79.000)-(t:6.656-v:78.000)-(t:6.664-v:76.000)-(t:6.672-v:75.000)-(t:6.681-v:72.000)-(t:6.689-v:71.000)-(t:6.697-v:70.000)-(t:6.705-v:69.000)-(t:6.728-v:68.000)-(t:6.739-v:67.000)-(t:6.758-v:66.000)-(t:6.768-v:65.000)-(t:6.780-v:64.000)-(t:6.790-v:63.000)-(t:6.800-v:62.000)-(t:6.808-v:61.000)-(t:6.818-v:60.000)-(t:6.827-v:59.000)-(t:6.834-v:58.000)-(t:6.843-v:57.000)-(t:6.850-v:56.000)-(t:6.859-v:55.000)-(t:6.866-v:54.000)-(t:6.873-v:53.000)-(t:6.880-v:52.000)-(t:6.887-v:50.000)-(t:6.896-v:49.000)-(t:6.903-v:48.000)-(t:6.910-v:47.000)-(t:6.918-v:45.000)-(t:6.925-v:44.000)-(t:6.935-v:43.000)-(t:6.943-v:42.000)-(t:6.952-v:41.000)-(t:6.965-v:40.000)-(t:6.972-v:39.000)-(t:6.980-v:38.000)-(t:6.989-v:37.000)-(t:7.011-v:36.000)-(t:7.030-v:35.000)-(t:7.039-v:34.000)-(t:7.048-v:33.000)-(t:7.073-v:32.000)-(t:7.082-v:31.000)-(t:7.096-v:30.000)-(t:7.104-v:29.000)-(t:7.113-v:27.000)-(t:7.121-v:26.000)-(t:7.129-v:25.000)-(t:7.139-v:24.000)-(t:7.147-v:22.000)-(t:7.154-v:21.000)-(t:7.173-v:20.000)-(t:7.210-v:19.000)-(t:7.230-v:18.000)-(t:7.249-v:17.000)-(t:7.284-v:16.000)-(t:7.320-v:15.000)-(t:7.331-v:14.000)-(t:7.379-v:13.000)-(t:7.396-v:12.000)-(t:7.415-v:11.000)-(t:7.443-v:10.000)-(t:7.453-v:9.000)-(t:7.467-v:8.000)-(t:7.487-v:7.000)-(t:7.719-v:6.000)-(t:7.781-v:5.000)-(t:7.797-v:4.000)-(t:20.146-v:3.000)-(t:266.423-v:2.000)],300.000
examples/csp/csp_100/21-90.txt,dqn,300,2,[(t:6.275-v:116.000)-(t:6.287-v:115.000)-(t:6.303-v:112.000)-(t:6.311-v:110.000)-(t:6.328-v:108.000)-(t:6.337-v:104.000)-(t:6.362-v:101.000)-(t:6.371-v:100.000)-(t:6.380-v:99.000)-(t:6.390-v:96.000)-(t:6.398-v:90.000)-(t:6.407-v:89.000)-(t:6.416-v:88.000)-(t:6.425-v:86.000)-(t:6.434-v:83.000)-(t:6.443-v:82.000)-(t:6.453-v:81.000)-(t:6.465-v:80.000)-(t:6.474-v:76.000)-(t:6.483-v:75.000)-(t:6.492-v:73.000)-(t:6.503-v:72.000)-(t:6.512-v:71.000)-(t:6.522-v:70.000)-(t:6.530-v:69.000)-(t:6.540-v:68.000)-(t:6.549-v:67.000)-(t:6.557-v:66.000)-(t:6.566-v:65.000)-(t:6.574-v:64.000)-(t:6.582-v:61.000)-(t:6.591-v:60.000)-(t:6.600-v:57.000)-(t:6.610-v:56.000)-(t:6.620-v:54.000)-(t:6.631-v:53.000)-(t:6.640-v:52.000)-(t:6.651-v:51.000)-(t:6.668-v:50.000)-(t:6.678-v:49.000)-(t:6.686-v:45.000)-(t:6.695-v:44.000)-(t:6.704-v:43.000)-(t:6.712-v:42.000)-(t:6.721-v:41.000)-(t:6.729-v:39.000)-(t:6.738-v:38.000)-(t:6.746-v:37.000)-(t:6.753-v:36.000)-(t:6.763-v:35.000)-(t:6.771-v:33.000)-(t:6.779-v:31.000)-(t:6.795-v:30.000)-(t:6.807-v:29.000)-(t:6.817-v:27.000)-(t:6.824-v:25.000)-(t:6.836-v:24.000)-(t:6.861-v:22.000)-(t:6.877-v:21.000)-(t:6.889-v:20.000)-(t:6.898-v:19.000)-(t:6.905-v:18.000)-(t:6.914-v:17.000)-(t:6.924-v:16.000)-(t:6.932-v:15.000)-(t:6.942-v:14.000)-(t:6.979-v:13.000)-(t:7.031-v:12.000)-(t:7.054-v:11.000)-(t:7.071-v:10.000)-(t:7.140-v:9.000)-(t:7.535-v:8.000)-(t:7.592-v:7.000)-(t:7.605-v:6.000)-(t:20.169-v:5.000)-(t:23.421-v:4.000)-(t:26.730-v:3.000)-(t:43.675-v:2.000)],25.064
examples/csp/csp_100/36-92.txt,dqn,300,3,[(t:6.618-v:116.000)-(t:6.628-v:113.000)-(t:6.653-v:111.000)-(t:6.661-v:110.000)-(t:6.670-v:108.000)-(t:6.687-v:107.000)-(t:6.704-v:106.000)-(t:6.713-v:104.000)-(t:6.724-v:101.000)-(t:6.742-v:100.000)-(t:6.751-v:98.000)-(t:6.761-v:96.000)-(t:6.770-v:95.000)-(t:6.780-v:94.000)-(t:6.789-v:92.000)-(t:6.798-v:91.000)-(t:6.808-v:88.000)-(t:6.816-v:86.000)-(t:6.826-v:85.000)-(t:6.835-v:84.000)-(t:6.844-v:83.000)-(t:6.852-v:82.000)-(t:6.861-v:81.000)-(t:6.871-v:80.000)-(t:6.879-v:78.000)-(t:6.887-v:76.000)-(t:6.897-v:72.000)-(t:6.904-v:70.000)-(t:6.912-v:69.000)-(t:6.920-v:67.000)-(t:6.928-v:65.000)-(t:6.936-v:64.000)-(t:6.944-v:63.000)-(t:6.954-v:62.000)-(t:6.962-v:60.000)-(t:6.970-v:59.000)-(t:6.978-v:58.000)-(t:6.986-v:57.000)-(t:6.995-v:56.000)-(t:7.003-v:55.000)-(t:7.014-v:53.000)-(t:7.023-v:52.000)-(t:7.031-v:50.000)-(t:7.040-v:49.000)-(t:7.048-v:48.000)-(t:7.055-v:46.000)-(t:7.064-v:45.000)-(t:7.072-v:44.000)-(t:7.081-v:43.000)-(t:7.089-v:41.000)-(t:7.096-v:40.000)-(t:7.103-v:39.000)-(t:7.111-v:38.000)-(t:7.126-v:37.000)-(t:7.135-v:36.000)-(t:7.143-v:35.000)-(t:7.169-v:33.000)-(t:7.190-v:32.000)-(t:7.199-v:31.000)-(t:7.207-v:30.000)-(t:7.214-v:29.000)-(t:7.224-v:28.000)-(t:7.233-v:27.000)-(t:7.243-v:25.000)-(t:7.252-v:24.000)-(t:7.267-v:23.000)-(t:7.288-v:22.000)-(t:7.296-v:21.000)-(t:7.317-v:20.000)-(t:7.334-v:19.000)-(t:7.353-v:18.000)-(t:7.361-v:17.000)-(t:7.407-v:16.000)-(t:7.418-v:15.000)-(t:7.473-v:14.000)-(t:7.486-v:13.000)-(t:7.498-v:12.000)-(t:7.526-v:11.000)-(t:7.537-v:10.000)-(t:7.549-v:9.000)-(t:7.605-v:8.000)-(t:8.165-v:7.000)-(t:14.094-v:6.000)-(t:14.457-v:5.000)-(t:124.003-v:4.000)-(t:128.447-v:3.000)],137.564
examples/csp/csp_100/4-72.txt,dqn,300,1,[(t:6.419-v:124.000)-(t:6.444-v:121.000)-(t:6.454-v:119.000)-(t:6.472-v:116.000)-(t:6.482-v:113.000)-(t:6.492-v:112.000)-(t:6.503-v:111.000)-(t:6.520-v:107.000)-(t:6.530-v:102.000)-(t:6.541-v:101.000)-(t:6.560-v:100.000)-(t:6.570-v:98.000)-(t:6.582-v:96.000)-(t:6.592-v:95.000)-(t:6.602-v:94.000)-(t:6.614-v:93.000)-(t:6.624-v:92.000)-(t:6.634-v:91.000)-(t:6.644-v:89.000)-(t:6.658-v:88.000)-(t:6.668-v:87.000)-(t:6.678-v:82.000)-(t:6.687-v:81.000)-(t:6.696-v:80.000)-(t:6.707-v:78.000)-(t:6.719-v:77.000)-(t:6.729-v:76.000)-(t:6.740-v:75.000)-(t:6.750-v:73.000)-(t:6.760-v:72.000)-(t:6.769-v:70.000)-(t:6.779-v:68.000)-(t:6.788-v:66.000)-(t:6.799-v:65.000)-(t:6.808-v:64.000)-(t:6.817-v:63.000)-(t:6.830-v:62.000)-(t:6.839-v:61.000)-(t:6.848-v:60.000)-(t:6.856-v:59.000)-(t:6.865-v:57.000)-(t:6.878-v:56.000)-(t:6.887-v:55.000)-(t:6.895-v:53.000)-(t:6.902-v:52.000)-(t:6.910-v:50.000)-(t:6.918-v:49.000)-(t:6.927-v:48.000)-(t:6.935-v:47.000)-(t:6.946-v:46.000)-(t:6.955-v:45.000)-(t:6.973-v:44.000)-(t:6.982-v:43.000)-(t:6.992-v:42.000)-(t:7.010-v:41.000)-(t:7.020-v:40.000)-(t:7.052-v:39.000)-(t:7.071-v:38.000)-(t:7.079-v:37.000)-(t:7.090-v:36.000)-(t:7.123-v:35.000)-(t:7.133-v:34.000)-(t:7.144-v:32.000)-(t:7.163-v:31.000)-(t:7.178-v:30.000)-(t:7.196-v:29.000)-(t:7.207-v:28.000)-(t:7.220-v:27.000)-(t:7.231-v:26.000)-(t:7.241-v:25.000)-(t:7.250-v:24.000)-(t:7.260-v:23.000)-(t:7.275-v:22.000)-(t:7.336-v:21.000)-(t:7.345-v:20.000)-(t:7.382-v:19.000)-(t:7.400-v:18.000)-(t:7.433-v:17.000)-(t:7.458-v:16.000)-(t:7.467-v:14.000)-(t:7.528-v:13.000)-(t:7.547-v:12.000)-(t:7.583-v:11.000)-(t:7.608-v:10.000)-(t:12.078-v:9.000)-(t:12.418-v:8.000)-(t:12.594-v:7.000)-(t:12.768-v:6.000)-(t:39.038-v:5.000)-(t:43.116-v:4.000)-(t:45.056-v:3.000)-(t:74.616-v:2.000)-(t:84.513-v:1.000)],300.000
examples/csp/csp_100/6-76.txt,dqn,300,6,[(t:6.933-v:104.000)-(t:6.944-v:102.000)-(t:6.991-v:99.000)-(t:7.005-v:97.000)-(t:7.013-v:96.000)-(t:7.024-v:95.000)-(t:7.039-v:94.000)-(t:7.050-v:89.000)-(t:7.060-v:86.000)-(t:7.071-v:85.000)-(t:7.080-v:83.000)-(t:7.090-v:82.000)-(t:7.101-v:80.000)-(t:7.111-v:79.000)-(t:7.121-v:78.000)-(t:7.131-v:77.000)-(t:7.141-v:71.000)-(t:7.150-v:70.000)-(t:7.160-v:69.000)-(t:7.186-v:67.000)-(t:7.208-v:63.000)-(t:7.221-v:62.000)-(t:7.231-v:61.000)-(t:7.241-v:58.000)-(t:7.253-v:55.000)-(t:7.264-v:54.000)-(t:7.282-v:53.000)-(t:7.293-v:52.000)-(t:7.303-v:50.000)-(t:7.313-v:49.000)-(t:7.323-v:48.000)-(t:7.333-v:47.000)-(t:7.342-v:45.000)-(t:7.352-v:44.000)-(t:7.364-v:43.000)-(t:7.375-v:42.000)-(t:7.394-v:41.000)-(t:7.402-v:40.000)-(t:7.414-v:39.000)-(t:7.423-v:38.000)-(t:7.432-v:37.000)-(t:7.442-v:36.000)-(t:7.466-v:35.000)-(t:7.486-v:34.000)-(t:7.495-v:33.000)-(t:7.504-v:32.000)-(t:7.513-v:31.000)-(t:7.521-v:30.000)-(t:7.531-v:29.000)-(t:7.549-v:28.000)-(t:7.559-v:27.000)-(t:7.588-v:26.000)-(t:7.602-v:25.000)-(t:7.612-v:24.000)-(t:7.623-v:23.000)-(t:7.660-v:22.000)-(t:7.673-v:21.000)-(t:7.683-v:20.000)-(t:7.693-v:19.000)-(t:7.703-v:18.000)-(t:7.735-v:17.000)-(t:7.770-v:16.000)-(t:7.829-v:15.000)-(t:7.842-v:14.000)-(t:7.862-v:13.000)-(t:7.879-v:12.000)-(t:7.905-v:11.000)-(t:7.955-v:10.000)-(t:7.969-v:9.000)-(t:7.984-v:8.000)-(t:8.002-v:7.000)-(t:8.235-v:6.000)],7.788
examples/csp/csp_100/carseq_100_8_20_90.txt,dqn,300,0,[(t:6.373-v:110.000)-(t:6.388-v:106.000)-(t:6.395-v:105.000)-(t:6.404-v:104.000)-(t:6.428-v:101.000)-(t:6.436-v:98.000)-(t:6.443-v:97.000)-(t:6.451-v:94.000)-(t:6.461-v:93.000)-(t:6.467-v:90.000)-(t:6.475-v:88.000)-(t:6.489-v:87.000)-(t:6.496-v:86.000)-(t:6.506-v:85.000)-(t:6.527-v:84.000)-(t:6.535-v:83.000)-(t:6.543-v:81.000)-(t:6.553-v:79.000)-(t:6.560-v:78.000)-(t:6.569-v:77.000)-(t:6.578-v:75.000)-(t:6.585-v:74.000)-(t:6.594-v:73.000)-(t:6.600-v:71.000)-(t:6.605-v:70.000)-(t:6.612-v:69.000)-(t:6.618-v:68.000)-(t:6.625-v:67.000)-(t:6.632-v:65.000)-(t:6.637-v:64.000)-(t:6.644-v:63.000)-(t:6.651-v:61.000)-(t:6.657-v:60.000)-(t:6.665-v:58.000)-(t:6.676-v:57.000)-(t:6.687-v:56.000)-(t:6.694-v:54.000)-(t:6.701-v:53.000)-(t:6.709-v:51.000)-(t:6.719-v:50.000)-(t:6.736-v:49.000)-(t:6.744-v:48.000)-(t:6.755-v:46.000)-(t:6.763-v:45.000)-(t:6.771-v:43.000)-(t:6.780-v:42.000)-(t:6.792-v:41.000)-(t:6.801-v:40.000)-(t:6.810-v:39.000)-(t:6.818-v:36.000)-(t:6.826-v:35.000)-(t:6.833-v:34.000)-(t:6.843-v:33.000)-(t:6.853-v:32.000)-(t:6.862-v:30.000)-(t:6.872-v:29.000)-(t:6.880-v:28.000)-(t:6.891-v:27.000)-(t:6.899-v:25.000)-(t:6.908-v:24.000)-(t:6.919-v:23.000)-(t:6.927-v:22.000)-(t:6.935-v:21.000)-(t:6.945-v:19.000)-(t:7.022-v:18.000)-(t:7.031-v:17.000)-(t:7.051-v:16.000)-(t:7.061-v:15.000)-(t:7.068-v:14.000)-(t:7.077-v:13.000)-(t:7.083-v:12.000)-(t:7.094-v:11.000)-(t:7.117-v:10.000)-(t:7.127-v:9.000)-(t:7.162-v:8.000)-(t:7.170-v:7.000)-(t:7.192-v:6.000)-(t:7.215-v:5.000)-(t:7.352-v:4.000)-(t:7.429-v:3.000)-(t:7.451-v:2.000)-(t:7.842-v:1.000)-(t:10.615-v:0.000)],10.615
examples/csp/csp_100/carseq_100_8_20_94.txt,dqn,300,0,[(t:7.170-v:101.000)-(t:7.186-v:100.000)-(t:7.197-v:99.000)-(t:7.202-v:97.000)-(t:7.208-v:94.000)-(t:7.213-v:93.000)-(t:7.217-v:92.000)-(t:7.226-v:90.000)-(t:7.232-v:89.000)-(t:7.240-v:88.000)-(t:7.245-v:86.000)-(t:7.264-v:85.000)-(t:7.270-v:84.000)-(t:7.277-v:83.000)-(t:7.287-v:81.000)-(t:7.293-v:79.000)-(t:7.301-v:78.000)-(t:7.308-v:77.000)-(t:7.315-v:76.000)-(t:7.322-v:73.000)-(t:7.329-v:71.000)-(t:7.335-v:70.000)-(t:7.341-v:69.000)-(t:7.346-v:68.000)-(t:7.360-v:67.000)-(t:7.367-v:64.000)-(t:7.375-v:63.000)-(t:7.383-v:61.000)-(t:7.391-v:59.000)-(t:7.399-v:58.000)-(t:7.406-v:57.000)-(t:7.414-v:56.000)-(t:7.421-v:52.000)-(t:7.430-v:51.000)-(t:7.438-v:50.000)-(t:7.458-v:49.000)-(t:7.470-v:48.000)-(t:7.477-v:47.000)-(t:7.483-v:46.000)-(t:7.493-v:45.000)-(t:7.504-v:44.000)-(t:7.512-v:43.000)-(t:7.521-v:42.000)-(t:7.531-v:41.000)-(t:7.538-v:40.000)-(t:7.550-v:39.000)-(t:7.557-v:38.000)-(t:7.579-v:37.000)-(t:7.587-v:36.000)-(t:7.596-v:35.000)-(t:7.604-v:34.000)-(t:7.616-v:33.000)-(t:7.631-v:32.000)-(t:7.649-v:31.000)-(t:7.673-v:30.000)-(t:7.706-v:29.000)-(t:7.713-v:27.000)-(t:7.726-v:26.000)-(t:7.740-v:25.000)-(t:7.751-v:24.000)-(t:7.768-v:22.000)-(t:7.776-v:21.000)-(t:7.829-v:20.000)-(t:7.837-v:19.000)-(t:7.891-v:18.000)-(t:7.901-v:16.000)-(t:7.917-v:15.000)-(t:7.956-v:14.000)-(t:7.963-v:13.000)-(t:7.974-v:12.000)-(t:8.016-v:11.000)-(t:8.023-v:10.000)-(t:8.036-v:8.000)-(t:8.079-v:7.000)-(t:8.098-v:6.000)-(t:8.115-v:5.000)-(t:8.146-v:4.000)-(t:8.162-v:3.000)-(t:8.472-v:2.000)-(t:8.513-v:1.000)-(t:8.524-v:0.000)],8.524
examples/csp/csp_100/carseq_100_8_20_81.txt,dqn,300,1,[(t:8.441-v:130.000)-(t:8.489-v:123.000)-(t:8.500-v:119.000)-(t:8.520-v:116.000)-(t:8.541-v:115.000)-(t:8.552-v:113.000)-(t:8.562-v:112.000)-(t:8.572-v:110.000)-(t:8.584-v:108.000)-(t:8.597-v:105.000)-(t:8.607-v:104.000)-(t:8.621-v:103.000)-(t:8.634-v:102.000)-(t:8.644-v:98.000)-(t:8.654-v:97.000)-(t:8.664-v:93.000)-(t:8.675-v:91.000)-(t:8.685-v:90.000)-(t:8.694-v:88.000)-(t:8.703-v:86.000)-(t:8.712-v:85.000)-(t:8.721-v:84.000)-(t:8.730-v:83.000)-(t:8.739-v:82.000)-(t:8.748-v:81.000)-(t:8.765-v:80.000)-(t:8.774-v:79.000)-(t:8.783-v:78.000)-(t:8.792-v:76.000)-(t:8.802-v:75.000)-(t:8.812-v:74.000)-(t:8.822-v:73.000)-(t:8.833-v:72.000)-(t:8.841-v:66.000)-(t:8.850-v:65.000)-(t:8.859-v:63.000)-(t:8.867-v:62.000)-(t:8.876-v:61.000)-(t:8.883-v:60.000)-(t:8.894-v:59.000)-(t:8.907-v:58.000)-(t:8.914-v:57.000)-(t:8.921-v:56.000)-(t:8.928-v:55.000)-(t:8.934-v:53.000)-(t:8.940-v:52.000)-(t:8.951-v:51.000)-(t:8.959-v:50.000)-(t:8.970-v:49.000)-(t:8.977-v:48.000)-(t:8.986-v:47.000)-(t:8.991-v:46.000)-(t:9.000-v:44.000)-(t:9.008-v:43.000)-(t:9.017-v:42.000)-(t:9.034-v:41.000)-(t:9.041-v:40.000)-(t:9.047-v:39.000)-(t:9.056-v:38.000)-(t:9.062-v:37.000)-(t:9.068-v:36.000)-(t:9.075-v:34.000)-(t:9.082-v:33.000)-(t:9.097-v:32.000)-(t:9.105-v:31.000)-(t:9.118-v:30.000)-(t:9.129-v:29.000)-(t:9.134-v:28.000)-(t:9.148-v:27.000)-(t:9.155-v:26.000)-(t:9.161-v:25.000)-(t:9.168-v:24.000)-(t:9.241-v:23.000)-(t:9.252-v:22.000)-(t:9.257-v:21.000)-(t:9.264-v:20.000)-(t:9.270-v:19.000)-(t:9.278-v:18.000)-(t:9.284-v:17.000)-(t:9.292-v:16.000)-(t:9.337-v:15.000)-(t:9.372-v:14.000)-(t:9.377-v:13.000)-(t:9.419-v:12.000)-(t:9.430-v:11.000)-(t:9.444-v:10.000)-(t:9.468-v:9.000)-(t:9.475-v:8.000)-(t:9.519-v:7.000)-(t:9.537-v:6.000)-(t:9.567-v:5.000)-(t:11.207-v:4.000)-(t:15.946-v:3.000)-(t:16.375-v:2.000)-(t:16.487-v:1.000)],300.000
examples/csp/csp_100/carseq_100_8_20_82.txt,dqn,300,1,[(t:7.230-v:151.000)-(t:7.250-v:147.000)-(t:7.260-v:146.000)-(t:7.269-v:140.000)-(t:7.276-v:136.000)-(t:7.283-v:134.000)-(t:7.292-v:132.000)-(t:7.299-v:131.000)-(t:7.308-v:128.000)-(t:7.315-v:125.000)-(t:7.323-v:122.000)-(t:7.330-v:120.000)-(t:7.338-v:119.000)-(t:7.345-v:115.000)-(t:7.352-v:113.000)-(t:7.359-v:112.000)-(t:7.367-v:108.000)-(t:7.381-v:106.000)-(t:7.391-v:105.000)-(t:7.398-v:102.000)-(t:7.406-v:100.000)-(t:7.414-v:99.000)-(t:7.422-v:98.000)-(t:7.429-v:97.000)-(t:7.436-v:96.000)-(t:7.444-v:95.000)-(t:7.453-v:94.000)-(t:7.467-v:92.000)-(t:7.474-v:91.000)-(t:7.488-v:90.000)-(t:7.495-v:89.000)-(t:7.502-v:87.000)-(t:7.508-v:85.000)-(t:7.516-v:84.000)-(t:7.522-v:82.000)-(t:7.528-v:81.000)-(t:7.536-v:77.000)-(t:7.542-v:76.000)-(t:7.550-v:75.000)-(t:7.557-v:73.000)-(t:7.565-v:70.000)-(t:7.573-v:68.000)-(t:7.580-v:67.000)-(t:7.590-v:66.000)-(t:7.598-v:64.000)-(t:7.604-v:63.000)-(t:7.612-v:62.000)-(t:7.622-v:61.000)-(t:7.632-v:60.000)-(t:7.645-v:59.000)-(t:7.654-v:58.000)-(t:7.662-v:57.000)-(t:7.674-v:56.000)-(t:7.682-v:55.000)-(t:7.691-v:54.000)-(t:7.699-v:53.000)-(t:7.708-v:52.000)-(t:7.717-v:50.000)-(t:7.724-v:46.000)-(t:7.750-v:45.000)-(t:7.766-v:43.000)-(t:7.786-v:42.000)-(t:7.794-v:41.000)-(t:7.804-v:40.000)-(t:7.811-v:39.000)-(t:7.819-v:38.000)-(t:7.827-v:37.000)-(t:7.835-v:36.000)-(t:7.842-v:34.000)-(t:7.849-v:33.000)-(t:7.855-v:32.000)-(t:7.866-v:30.000)-(t:7.880-v:29.000)-(t:7.886-v:28.000)-(t:7.894-v:27.000)-(t:7.902-v:26.000)-(t:7.919-v:25.000)-(t:7.937-v:22.000)-(t:7.949-v:20.000)-(t:7.971-v:19.000)-(t:8.016-v:18.000)-(t:8.025-v:17.000)-(t:8.033-v:16.000)-(t:8.044-v:15.000)-(t:8.050-v:14.000)-(t:8.057-v:13.000)-(t:8.065-v:12.000)-(t:8.152-v:11.000)-(t:8.165-v:10.000)-(t:8.177-v:9.000)-(t:8.199-v:8.000)-(t:8.220-v:7.000)-(t:8.230-v:6.000)-(t:23.687-v:5.000)-(t:23.864-v:4.000)-(t:23.951-v:3.000)-(t:56.014-v:2.000)-(t:72.502-v:1.000)],300.000
examples/csp/csp_200/pb_200_06.txt,dqn,300,,,
examples/csp/csp_100/carseq_100_8_20_99.txt,dqn,300,0,[(t:9.034-v:126.000)-(t:9.048-v:124.000)-(t:9.065-v:120.000)-(t:9.079-v:116.000)-(t:9.086-v:114.000)-(t:9.093-v:112.000)-(t:9.101-v:110.000)-(t:9.124-v:109.000)-(t:9.145-v:107.000)-(t:9.155-v:104.000)-(t:9.163-v:103.000)-(t:9.173-v:102.000)-(t:9.184-v:101.000)-(t:9.195-v:99.000)-(t:9.203-v:98.000)-(t:9.215-v:96.000)-(t:9.230-v:95.000)-(t:9.242-v:94.000)-(t:9.252-v:93.000)-(t:9.265-v:92.000)-(t:9.276-v:90.000)-(t:9.288-v:89.000)-(t:9.298-v:87.000)-(t:9.307-v:86.000)-(t:9.319-v:85.000)-(t:9.329-v:84.000)-(t:9.343-v:81.000)-(t:9.352-v:79.000)-(t:9.365-v:76.000)-(t:9.377-v:75.000)-(t:9.395-v:74.000)-(t:9.407-v:70.000)-(t:9.417-v:69.000)-(t:9.428-v:68.000)-(t:9.439-v:67.000)-(t:9.461-v:66.000)-(t:9.472-v:63.000)-(t:9.482-v:62.000)-(t:9.504-v:61.000)-(t:9.514-v:60.000)-(t:9.525-v:59.000)-(t:9.542-v:58.000)-(t:9.554-v:57.000)-(t:9.573-v:56.000)-(t:9.584-v:55.000)-(t:9.599-v:54.000)-(t:9.610-v:53.000)-(t:9.620-v:52.000)-(t:9.631-v:51.000)-(t:9.640-v:50.000)-(t:9.653-v:49.000)-(t:9.682-v:47.000)-(t:9.688-v:46.000)-(t:9.696-v:45.000)-(t:9.707-v:44.000)-(t:9.718-v:43.000)-(t:9.734-v:42.000)-(t:9.743-v:41.000)-(t:9.759-v:40.000)-(t:9.778-v:39.000)-(t:9.797-v:38.000)-(t:9.807-v:37.000)-(t:9.840-v:36.000)-(t:9.854-v:35.000)-(t:9.896-v:34.000)-(t:9.908-v:33.000)-(t:9.920-v:31.000)-(t:9.932-v:30.000)-(t:9.944-v:29.000)-(t:9.957-v:28.000)-(t:9.972-v:27.000)-(t:9.983-v:26.000)-(t:10.011-v:25.000)-(t:10.023-v:24.000)-(t:10.031-v:23.000)-(t:10.042-v:22.000)-(t:10.054-v:21.000)-(t:10.132-v:19.000)-(t:10.142-v:18.000)-(t:10.160-v:17.000)-(t:10.175-v:16.000)-(t:10.231-v:15.000)-(t:10.243-v:14.000)-(t:10.263-v:13.000)-(t:10.280-v:12.000)-(t:10.295-v:11.000)-(t:10.311-v:10.000)-(t:10.350-v:9.000)-(t:10.379-v:8.000)-(t:10.881-v:7.000)-(t:13.213-v:6.000)-(t:13.395-v:5.000)-(t:13.592-v:4.000)-(t:21.162-v:3.000)-(t:55.402-v:2.000)-(t:99.565-v:1.000)-(t:224.253-v:0.000)],224.253
examples/csp/csp_200/pb_200_07.txt,dqn,300,,,
examples/csp/csp_200/pb_200_08.txt,dqn,300,,,
examples/csp/csp_200/pb_200_09.txt,dqn,300,,,
examples/csp/csp_200/pb_200_10.txt,dqn,300,,,
examples/csp/csp_100/carseq_100_8_20_85.txt,dqn,300,1,[(t:7.330-v:125.000)-(t:7.347-v:124.000)-(t:7.361-v:120.000)-(t:7.373-v:119.000)-(t:7.383-v:114.000)-(t:7.392-v:113.000)-(t:7.402-v:111.000)-(t:7.425-v:107.000)-(t:7.438-v:102.000)-(t:7.454-v:100.000)-(t:7.471-v:99.000)-(t:7.478-v:98.000)-(t:7.486-v:97.000)-(t:7.494-v:96.000)-(t:7.501-v:95.000)-(t:7.508-v:94.000)-(t:7.514-v:93.000)-(t:7.520-v:92.000)-(t:7.530-v:91.000)-(t:7.538-v:89.000)-(t:7.545-v:88.000)-(t:7.552-v:86.000)-(t:7.560-v:84.000)-(t:7.567-v:83.000)-(t:7.573-v:81.000)-(t:7.580-v:80.000)-(t:7.587-v:78.000)-(t:7.594-v:77.000)-(t:7.600-v:74.000)-(t:7.606-v:72.000)-(t:7.613-v:71.000)-(t:7.631-v:70.000)-(t:7.639-v:69.000)-(t:7.645-v:68.000)-(t:7.664-v:67.000)-(t:7.670-v:66.000)-(t:7.678-v:65.000)-(t:7.685-v:64.000)-(t:7.691-v:62.000)-(t:7.698-v:60.000)-(t:7.706-v:59.000)-(t:7.712-v:58.000)-(t:7.719-v:57.000)-(t:7.725-v:56.000)-(t:7.732-v:54.000)-(t:7.738-v:52.000)-(t:7.745-v:51.000)-(t:7.751-v:50.000)-(t:7.759-v:49.000)-(t:7.768-v:48.000)-(t:7.776-v:47.000)-(t:7.784-v:46.000)-(t:7.791-v:44.000)-(t:7.798-v:43.000)-(t:7.807-v:42.000)-(t:7.816-v:41.000)-(t:7.835-v:40.000)-(t:7.847-v:38.000)-(t:7.855-v:36.000)-(t:7.869-v:35.000)-(t:7.878-v:34.000)-(t:7.898-v:33.000)-(t:7.919-v:32.000)-(t:7.929-v:31.000)-(t:7.939-v:30.000)-(t:7.951-v:29.000)-(t:7.969-v:27.000)-(t:7.978-v:26.000)-(t:8.012-v:24.000)-(t:8.023-v:23.000)-(t:8.067-v:22.000)-(t:8.080-v:21.000)-(t:8.090-v:20.000)-(t:8.109-v:19.000)-(t:8.124-v:18.000)-(t:8.140-v:17.000)-(t:8.150-v:16.000)-(t:8.190-v:15.000)-(t:8.253-v:14.000)-(t:8.337-v:13.000)-(t:8.345-v:12.000)-(t:8.358-v:11.000)-(t:8.366-v:10.000)-(t:8.384-v:9.000)-(t:8.558-v:8.000)-(t:8.606-v:7.000)-(t:11.800-v:6.000)-(t:12.144-v:5.000)-(t:46.618-v:4.000)-(t:122.155-v:3.000)-(t:131.511-v:2.000)-(t:253.875-v:1.000)],300.000
examples/csp/csp_100/carseq_100_8_20_86.txt,dqn,300,1,[(t:6.822-v:137.000)-(t:6.848-v:135.000)-(t:6.861-v:134.000)-(t:6.879-v:131.000)-(t:6.888-v:129.000)-(t:6.898-v:125.000)-(t:6.906-v:122.000)-(t:6.914-v:120.000)-(t:6.923-v:119.000)-(t:6.930-v:116.000)-(t:6.937-v:115.000)-(t:6.944-v:114.000)-(t:6.953-v:112.000)-(t:6.960-v:107.000)-(t:6.968-v:105.000)-(t:6.976-v:104.000)-(t:6.985-v:101.000)-(t:6.993-v:100.000)-(t:7.001-v:98.000)-(t:7.009-v:97.000)-(t:7.016-v:96.000)-(t:7.025-v:95.000)-(t:7.034-v:94.000)-(t:7.042-v:93.000)-(t:7.049-v:90.000)-(t:7.062-v:88.000)-(t:7.070-v:87.000)-(t:7.078-v:86.000)-(t:7.086-v:85.000)-(t:7.094-v:83.000)-(t:7.102-v:79.000)-(t:7.111-v:78.000)-(t:7.119-v:77.000)-(t:7.127-v:76.000)-(t:7.141-v:75.000)-(t:7.149-v:73.000)-(t:7.168-v:72.000)-(t:7.177-v:71.000)-(t:7.193-v:70.000)-(t:7.199-v:67.000)-(t:7.206-v:65.000)-(t:7.217-v:64.000)-(t:7.225-v:63.000)-(t:7.266-v:62.000)-(t:7.274-v:61.000)-(t:7.282-v:58.000)-(t:7.290-v:57.000)-(t:7.297-v:53.000)-(t:7.306-v:52.000)-(t:7.315-v:51.000)-(t:7.323-v:49.000)-(t:7.334-v:48.000)-(t:7.343-v:47.000)-(t:7.352-v:46.000)-(t:7.360-v:45.000)-(t:7.368-v:44.000)-(t:7.387-v:43.000)-(t:7.396-v:42.000)-(t:7.405-v:41.000)-(t:7.415-v:38.000)-(t:7.429-v:36.000)-(t:7.437-v:35.000)-(t:7.462-v:34.000)-(t:7.472-v:33.000)-(t:7.497-v:32.000)-(t:7.507-v:31.000)-(t:7.542-v:30.000)-(t:7.555-v:29.000)-(t:7.567-v:28.000)-(t:7.582-v:27.000)-(t:7.597-v:26.000)-(t:7.607-v:25.000)-(t:7.677-v:24.000)-(t:7.693-v:23.000)-(t:7.709-v:22.000)-(t:7.726-v:21.000)-(t:7.740-v:20.000)-(t:7.750-v:19.000)-(t:7.789-v:18.000)-(t:7.799-v:17.000)-(t:7.881-v:16.000)-(t:7.888-v:15.000)-(t:7.903-v:14.000)-(t:7.963-v:13.000)-(t:8.283-v:12.000)-(t:8.300-v:10.000)-(t:10.130-v:9.000)-(t:10.225-v:8.000)-(t:10.314-v:7.000)-(t:11.775-v:6.000)-(t:11.855-v:5.000)-(t:26.862-v:4.000)-(t:101.353-v:3.000)-(t:120.491-v:2.000)-(t:152.710-v:1.000)],300.000
examples/csp/csp_300/carseq_300_8_20_38.txt,dqn,300,,,
examples/csp/csp_100/carseq_100_8_20_88.txt,dqn,300,1,[(t:8.022-v:122.000)-(t:8.033-v:121.000)-(t:8.039-v:119.000)-(t:8.052-v:118.000)-(t:8.059-v:116.000)-(t:8.066-v:114.000)-(t:8.081-v:113.000)-(t:8.088-v:111.000)-(t:8.095-v:110.000)-(t:8.103-v:109.000)-(t:8.113-v:107.000)-(t:8.123-v:106.000)-(t:8.132-v:104.000)-(t:8.145-v:103.000)-(t:8.155-v:101.000)-(t:8.163-v:100.000)-(t:8.177-v:99.000)-(t:8.187-v:98.000)-(t:8.195-v:96.000)-(t:8.206-v:94.000)-(t:8.216-v:92.000)-(t:8.226-v:91.000)-(t:8.237-v:90.000)-(t:8.253-v:89.000)-(t:8.261-v:88.000)-(t:8.270-v:87.000)-(t:8.281-v:86.000)-(t:8.289-v:85.000)-(t:8.299-v:84.000)-(t:8.307-v:83.000)-(t:8.315-v:81.000)-(t:8.324-v:75.000)-(t:8.339-v:73.000)-(t:8.349-v:72.000)-(t:8.359-v:70.000)-(t:8.368-v:69.000)-(t:8.378-v:66.000)-(t:8.386-v:64.000)-(t:8.393-v:63.000)-(t:8.402-v:61.000)-(t:8.422-v:60.000)-(t:8.430-v:57.000)-(t:8.450-v:56.000)-(t:8.461-v:55.000)-(t:8.481-v:54.000)-(t:8.490-v:53.000)-(t:8.499-v:52.000)-(t:8.506-v:50.000)-(t:8.514-v:47.000)-(t:8.522-v:46.000)-(t:8.544-v:45.000)-(t:8.553-v:43.000)-(t:8.563-v:42.000)-(t:8.570-v:41.000)-(t:8.582-v:40.000)-(t:8.591-v:39.000)-(t:8.601-v:38.000)-(t:8.608-v:37.000)-(t:8.626-v:36.000)-(t:8.645-v:35.000)-(t:8.669-v:34.000)-(t:8.680-v:32.000)-(t:8.693-v:31.000)-(t:8.720-v:30.000)-(t:8.805-v:29.000)-(t:8.847-v:28.000)-(t:8.864-v:27.000)-(t:8.872-v:26.000)-(t:8.884-v:25.000)-(t:8.899-v:24.000)-(t:8.907-v:23.000)-(t:8.916-v:22.000)-(t:8.943-v:21.000)-(t:8.953-v:20.000)-(t:8.963-v:19.000)-(t:8.971-v:18.000)-(t:8.992-v:17.000)-(t:9.032-v:16.000)-(t:9.041-v:15.000)-(t:9.052-v:14.000)-(t:9.090-v:12.000)-(t:9.131-v:11.000)-(t:9.155-v:10.000)-(t:9.197-v:9.000)-(t:9.207-v:8.000)-(t:9.226-v:7.000)-(t:9.256-v:6.000)-(t:26.688-v:5.000)-(t:32.783-v:4.000)-(t:44.140-v:2.000)-(t:46.285-v:1.000)],300.000
examples/csp/csp_300/carseq_300_8_20_40.txt,dqn,300,,,
examples/csp/csp_300/carseq_300_8_20_45.txt,dqn,300,,,
examples/csp/csp_300/carseq_300_8_20_47.txt,dqn,300,,,
examples/csp/csp_100/carseq_100_8_20_98.txt,dqn,300,1,[(t:8.718-v:142.000)-(t:8.742-v:141.000)-(t:8.762-v:138.000)-(t:8.773-v:137.000)-(t:8.785-v:136.000)-(t:8.793-v:135.000)-(t:8.800-v:133.000)-(t:8.813-v:129.000)-(t:8.825-v:126.000)-(t:8.836-v:124.000)-(t:8.846-v:120.000)-(t:8.856-v:118.000)-(t:8.866-v:117.000)-(t:8.876-v:116.000)-(t:8.886-v:115.000)-(t:8.895-v:113.000)-(t:8.907-v:111.000)-(t:8.919-v:110.000)-(t:8.928-v:108.000)-(t:8.936-v:107.000)-(t:8.948-v:105.000)-(t:8.959-v:103.000)-(t:8.972-v:101.000)-(t:8.980-v:98.000)-(t:8.991-v:97.000)-(t:9.003-v:96.000)-(t:9.014-v:95.000)-(t:9.025-v:94.000)-(t:9.031-v:92.000)-(t:9.041-v:91.000)-(t:9.051-v:90.000)-(t:9.063-v:89.000)-(t:9.073-v:88.000)-(t:9.079-v:86.000)-(t:9.090-v:81.000)-(t:9.101-v:80.000)-(t:9.111-v:79.000)-(t:9.122-v:78.000)-(t:9.129-v:76.000)-(t:9.136-v:75.000)-(t:9.146-v:74.000)-(t:9.163-v:73.000)-(t:9.172-v:72.000)-(t:9.181-v:71.000)-(t:9.190-v:69.000)-(t:9.202-v:68.000)-(t:9.215-v:67.000)-(t:9.226-v:66.000)-(t:9.253-v:65.000)-(t:9.263-v:63.000)-(t:9.275-v:62.000)-(t:9.294-v:61.000)-(t:9.306-v:60.000)-(t:9.317-v:59.000)-(t:9.325-v:58.000)-(t:9.336-v:56.000)-(t:9.350-v:55.000)-(t:9.360-v:54.000)-(t:9.369-v:52.000)-(t:9.379-v:51.000)-(t:9.390-v:50.000)-(t:9.401-v:49.000)-(t:9.409-v:48.000)-(t:9.418-v:47.000)-(t:9.432-v:46.000)-(t:9.444-v:44.000)-(t:9.464-v:43.000)-(t:9.474-v:41.000)-(t:9.485-v:40.000)-(t:9.498-v:39.000)-(t:9.507-v:38.000)-(t:9.520-v:37.000)-(t:9.532-v:36.000)-(t:9.543-v:35.000)-(t:9.554-v:33.000)-(t:9.561-v:32.000)-(t:9.587-v:31.000)-(t:9.597-v:30.000)-(t:9.607-v:29.000)-(t:9.614-v:28.000)-(t:9.625-v:27.000)-(t:9.652-v:26.000)-(t:9.672-v:25.000)-(t:9.682-v:24.000)-(t:9.695-v:23.000)-(t:9.720-v:22.000)-(t:9.729-v:21.000)-(t:9.813-v:20.000)-(t:9.849-v:19.000)-(t:9.866-v:18.000)-(t:9.874-v:17.000)-(t:9.935-v:16.000)-(t:9.953-v:15.000)-(t:9.963-v:14.000)-(t:9.986-v:13.000)-(t:10.277-v:12.000)-(t:10.298-v:11.000)-(t:10.327-v:10.000)-(t:10.345-v:9.000)-(t:10.364-v:8.000)-(t:10.391-v:7.000)-(t:10.418-v:6.000)-(t:28.677-v:5.000)-(t:34.478-v:4.000)-(t:43.415-v:3.000)-(t:48.329-v:2.000)-(t:48.654-v:1.000)],300.000
examples/csp/csp_300/carseq_300_8_20_53.txt,dqn,300,,,
examples/csp/csp_300/carseq_300_8_20_56.txt,dqn,300,,,
examples/csp/csp_300/carseq_300_8_20_62.txt,dqn,300,,,
examples/csp/csp_300/carseq_300_8_20_76.txt,dqn,300,,,
examples/csp/csp_300/carseq_300_8_20_78.txt,dqn,300,,,
examples/csp/csp_300/carseq_300_8_20_80.txt,dqn,300,,,
examples/csp/csp_300/carseq_300_8_20_81.txt,dqn,300,,,
examples/csp/csp_300/pb_300_06.txt,dqn,300,,,
examples/csp/csp_300/pb_300_07.txt,dqn,300,,,
examples/csp/csp_300/pb_300_08.txt,dqn,300,,,
examples/csp/csp_300/pb_300_09.txt,dqn,300,,,
examples/csp/csp_300/pb_300_10.txt,dqn,300,,,
examples/csp/csp_100/carseq_100_8_20_64.txt,dqn,300,0,[(t:5.089-v:121.000)-(t:5.107-v:118.000)-(t:5.129-v:117.000)-(t:5.135-v:114.000)-(t:5.141-v:112.000)-(t:5.147-v:110.000)-(t:5.153-v:109.000)-(t:5.159-v:106.000)-(t:5.169-v:105.000)-(t:5.175-v:102.000)-(t:5.182-v:100.000)-(t:5.190-v:97.000)-(t:5.196-v:95.000)-(t:5.207-v:91.000)-(t:5.212-v:89.000)-(t:5.218-v:88.000)-(t:5.227-v:86.000)-(t:5.234-v:84.000)-(t:5.240-v:83.000)-(t:5.248-v:82.000)-(t:5.254-v:80.000)-(t:5.259-v:79.000)-(t:5.266-v:78.000)-(t:5.272-v:77.000)-(t:5.279-v:76.000)-(t:5.288-v:74.000)-(t:5.294-v:73.000)-(t:5.302-v:72.000)-(t:5.308-v:70.000)-(t:5.315-v:69.000)-(t:5.321-v:68.000)-(t:5.328-v:67.000)-(t:5.334-v:65.000)-(t:5.350-v:64.000)-(t:5.356-v:62.000)-(t:5.363-v:60.000)-(t:5.371-v:59.000)-(t:5.378-v:58.000)-(t:5.384-v:57.000)-(t:5.389-v:56.000)-(t:5.396-v:55.000)-(t:5.402-v:54.000)-(t:5.408-v:53.000)-(t:5.414-v:52.000)-(t:5.421-v:51.000)-(t:5.430-v:50.000)-(t:5.436-v:49.000)-(t:5.441-v:48.000)-(t:5.447-v:46.000)-(t:5.455-v:45.000)-(t:5.462-v:44.000)-(t:5.469-v:43.000)-(t:5.475-v:42.000)-(t:5.481-v:41.000)-(t:5.487-v:40.000)-(t:5.493-v:39.000)-(t:5.500-v:38.000)-(t:5.506-v:37.000)-(t:5.512-v:35.000)-(t:5.518-v:34.000)-(t:5.524-v:33.000)-(t:5.530-v:32.000)-(t:5.542-v:30.000)-(t:5.550-v:29.000)-(t:5.563-v:28.000)-(t:5.570-v:27.000)-(t:5.576-v:25.000)-(t:5.582-v:24.000)-(t:5.591-v:23.000)-(t:5.615-v:21.000)-(t:5.647-v:20.000)-(t:5.678-v:19.000)-(t:5.701-v:18.000)-(t:5.718-v:17.000)-(t:5.796-v:16.000)-(t:5.809-v:15.000)-(t:5.825-v:13.000)-(t:5.844-v:12.000)-(t:5.851-v:11.000)-(t:5.859-v:10.000)-(t:5.873-v:9.000)-(t:5.890-v:8.000)-(t:5.910-v:6.000)-(t:5.923-v:5.000)-(t:6.322-v:4.000)-(t:6.329-v:3.000)-(t:10.677-v:2.000)-(t:12.058-v:1.000)-(t:12.491-v:0.000)],12.491
examples/csp/csp_100/carseq_100_8_20_67.txt,dqn,300,0,[(t:8.178-v:111.000)-(t:8.198-v:109.000)-(t:8.214-v:107.000)-(t:8.230-v:104.000)-(t:8.236-v:103.000)-(t:8.246-v:102.000)-(t:8.257-v:101.000)-(t:8.267-v:100.000)-(t:8.278-v:99.000)-(t:8.290-v:98.000)-(t:8.301-v:95.000)-(t:8.312-v:94.000)-(t:8.323-v:93.000)-(t:8.333-v:91.000)-(t:8.339-v:90.000)-(t:8.351-v:89.000)-(t:8.362-v:87.000)-(t:8.373-v:86.000)-(t:8.384-v:85.000)-(t:8.405-v:83.000)-(t:8.415-v:82.000)-(t:8.426-v:79.000)-(t:8.436-v:78.000)-(t:8.445-v:77.000)-(t:8.458-v:76.000)-(t:8.467-v:75.000)-(t:8.478-v:74.000)-(t:8.491-v:71.000)-(t:8.504-v:69.000)-(t:8.516-v:66.000)-(t:8.526-v:64.000)-(t:8.537-v:63.000)-(t:8.545-v:62.000)-(t:8.555-v:61.000)-(t:8.566-v:59.000)-(t:8.577-v:58.000)-(t:8.589-v:54.000)-(t:8.604-v:53.000)-(t:8.615-v:52.000)-(t:8.625-v:49.000)-(t:8.636-v:47.000)-(t:8.648-v:46.000)-(t:8.653-v:45.000)-(t:8.659-v:43.000)-(t:8.665-v:42.000)-(t:8.671-v:41.000)-(t:8.680-v:40.000)-(t:8.691-v:39.000)-(t:8.702-v:38.000)-(t:8.712-v:37.000)-(t:8.722-v:36.000)-(t:8.736-v:35.000)-(t:8.748-v:34.000)-(t:8.760-v:33.000)-(t:8.770-v:32.000)-(t:8.776-v:31.000)-(t:8.788-v:30.000)-(t:8.799-v:28.000)-(t:8.810-v:27.000)-(t:8.825-v:25.000)-(t:8.837-v:24.000)-(t:8.879-v:23.000)-(t:8.884-v:22.000)-(t:8.901-v:21.000)-(t:8.911-v:20.000)-(t:8.929-v:19.000)-(t:8.938-v:18.000)-(t:8.982-v:17.000)-(t:9.023-v:16.000)-(t:9.039-v:15.000)-(t:9.063-v:14.000)-(t:9.075-v:13.000)-(t:9.084-v:12.000)-(t:9.099-v:11.000)-(t:9.166-v:10.000)-(t:9.180-v:9.000)-(t:9.207-v:8.000)-(t:9.266-v:7.000)-(t:9.299-v:6.000)-(t:9.330-v:5.000)-(t:9.401-v:4.000)-(t:9.849-v:3.000)-(t:9.887-v:2.000)-(t:13.482-v:1.000)-(t:13.682-v:0.000)],13.682
examples/csp/csp_100/carseq_100_8_20_71.txt,dqn,300,0,[(t:9.139-v:118.000)-(t:9.157-v:115.000)-(t:9.182-v:114.000)-(t:9.194-v:113.000)-(t:9.206-v:112.000)-(t:9.218-v:111.000)-(t:9.231-v:107.000)-(t:9.241-v:106.000)-(t:9.253-v:105.000)-(t:9.267-v:101.000)-(t:9.286-v:100.000)-(t:9.296-v:97.000)-(t:9.312-v:94.000)-(t:9.324-v:92.000)-(t:9.335-v:90.000)-(t:9.346-v:89.000)-(t:9.352-v:88.000)-(t:9.361-v:86.000)-(t:9.374-v:84.000)-(t:9.384-v:81.000)-(t:9.397-v:80.000)-(t:9.407-v:79.000)-(t:9.417-v:78.000)-(t:9.428-v:77.000)-(t:9.444-v:76.000)-(t:9.456-v:75.000)-(t:9.468-v:74.000)-(t:9.479-v:72.000)-(t:9.488-v:71.000)-(t:9.500-v:68.000)-(t:9.510-v:64.000)-(t:9.521-v:63.000)-(t:9.532-v:62.000)-(t:9.541-v:61.000)-(t:9.553-v:60.000)-(t:9.563-v:59.000)-(t:9.572-v:57.000)-(t:9.597-v:56.000)-(t:9.608-v:54.000)-(t:9.618-v:53.000)-(t:9.629-v:52.000)-(t:9.639-v:51.000)-(t:9.651-v:50.000)-(t:9.662-v:49.000)-(t:9.673-v:48.000)-(t:9.681-v:47.000)-(t:9.697-v:46.000)-(t:9.708-v:45.000)-(t:9.715-v:44.000)-(t:9.736-v:43.000)-(t:9.747-v:42.000)-(t:9.759-v:41.000)-(t:9.771-v:40.000)-(t:9.781-v:39.000)-(t:9.821-v:38.000)-(t:9.831-v:37.000)-(t:9.842-v:36.000)-(t:9.870-v:35.000)-(t:9.882-v:34.000)-(t:9.891-v:33.000)-(t:9.915-v:32.000)-(t:9.928-v:31.000)-(t:9.939-v:29.000)-(t:9.953-v:28.000)-(t:9.979-v:27.000)-(t:9.990-v:26.000)-(t:10.018-v:25.000)-(t:10.032-v:24.000)-(t:10.068-v:23.000)-(t:10.088-v:22.000)-(t:10.099-v:21.000)-(t:10.117-v:20.000)-(t:10.128-v:19.000)-(t:10.140-v:18.000)-(t:10.151-v:17.000)-(t:10.164-v:15.000)-(t:10.189-v:14.000)-(t:10.290-v:13.000)-(t:10.309-v:12.000)-(t:10.328-v:11.000)-(t:10.344-v:10.000)-(t:10.361-v:9.000)-(t:10.380-v:8.000)-(t:10.403-v:7.000)-(t:10.425-v:6.000)-(t:10.457-v:5.000)-(t:10.488-v:4.000)-(t:22.373-v:3.000)-(t:22.564-v:2.000)-(t:31.828-v:1.000)-(t:186.396-v:0.000)],186.396
examples/csp/csp_100/16-81.txt,dqn,300,1,[(t:5.543-v:124.000)-(t:5.553-v:123.000)-(t:5.572-v:120.000)-(t:5.590-v:114.000)-(t:5.604-v:111.000)-(t:5.630-v:108.000)-(t:5.643-v:107.000)-(t:5.654-v:106.000)-(t:5.664-v:105.000)-(t:5.677-v:103.000)-(t:5.698-v:102.000)-(t:5.712-v:101.000)-(t:5.726-v:99.000)-(t:5.738-v:98.000)-(t:5.752-v:96.000)-(t:5.763-v:94.000)-(t:5.774-v:92.000)-(t:5.786-v:91.000)-(t:5.802-v:89.000)-(t:5.814-v:86.000)-(t:5.826-v:83.000)-(t:5.843-v:82.000)-(t:5.882-v:80.000)-(t:5.893-v:79.000)-(t:5.902-v:78.000)-(t:5.909-v:76.000)-(t:5.917-v:75.000)-(t:5.924-v:72.000)-(t:5.932-v:71.000)-(t:5.939-v:70.000)-(t:5.945-v:68.000)-(t:5.960-v:67.000)-(t:5.968-v:66.000)-(t:5.975-v:65.000)-(t:5.982-v:63.000)-(t:5.990-v:58.000)-(t:6.006-v:57.000)-(t:6.014-v:56.000)-(t:6.021-v:55.000)-(t:6.029-v:54.000)-(t:6.059-v:53.000)-(t:6.068-v:52.000)-(t:6.081-v:51.000)-(t:6.099-v:49.000)-(t:6.107-v:48.000)-(t:6.126-v:47.000)-(t:6.145-v:46.000)-(t:6.154-v:44.000)-(t:6.167-v:43.000)-(t:6.180-v:41.000)-(t:6.190-v:40.000)-(t:6.212-v:39.000)-(t:6.226-v:38.000)-(t:6.261-v:37.000)-(t:6.272-v:36.000)-(t:6.283-v:35.000)-(t:6.293-v:34.000)-(t:6.304-v:32.000)-(t:6.329-v:31.000)-(t:6.341-v:30.000)-(t:6.353-v:29.000)-(t:6.385-v:28.000)-(t:6.417-v:27.000)-(t:6.433-v:26.000)-(t:6.456-v:25.000)-(t:6.465-v:24.000)-(t:6.474-v:23.000)-(t:6.508-v:22.000)-(t:6.536-v:21.000)-(t:6.564-v:20.000)-(t:6.595-v:19.000)-(t:6.678-v:18.000)-(t:6.698-v:17.000)-(t:6.734-v:16.000)-(t:9.217-v:15.000)-(t:9.397-v:14.000)-(t:9.597-v:13.000)-(t:9.784-v:12.000)-(t:22.276-v:11.000)-(t:22.462-v:10.000)-(t:22.640-v:9.000)-(t:22.823-v:8.000)-(t:23.367-v:7.000)-(t:32.724-v:6.000)-(t:37.049-v:5.000)-(t:43.187-v:4.000)-(t:46.911-v:3.000)-(t:119.626-v:2.000)-(t:202.244-v:1.000)],300.000
examples/csp/csp_100/21-90.txt,dqn,300,2,[(t:5.761-v:99.000)-(t:5.777-v:98.000)-(t:5.799-v:94.000)-(t:5.809-v:90.000)-(t:5.822-v:88.000)-(t:5.860-v:86.000)-(t:5.875-v:84.000)-(t:5.886-v:81.000)-(t:5.905-v:80.000)-(t:5.917-v:79.000)-(t:5.924-v:76.000)-(t:5.933-v:75.000)-(t:5.939-v:74.000)-(t:5.946-v:73.000)-(t:5.953-v:72.000)-(t:5.961-v:71.000)-(t:5.968-v:70.000)-(t:5.976-v:69.000)-(t:5.983-v:68.000)-(t:5.990-v:66.000)-(t:5.996-v:65.000)-(t:6.003-v:64.000)-(t:6.010-v:62.000)-(t:6.017-v:60.000)-(t:6.025-v:59.000)-(t:6.032-v:58.000)-(t:6.039-v:57.000)-(t:6.055-v:56.000)-(t:6.065-v:55.000)-(t:6.073-v:54.000)-(t:6.083-v:53.000)-(t:6.094-v:51.000)-(t:6.103-v:50.000)-(t:6.116-v:48.000)-(t:6.125-v:47.000)-(t:6.133-v:46.000)-(t:6.142-v:44.000)-(t:6.152-v:43.000)-(t:6.162-v:42.000)-(t:6.172-v:40.000)-(t:6.181-v:39.000)-(t:6.189-v:38.000)-(t:6.198-v:37.000)-(t:6.205-v:36.000)-(t:6.213-v:35.000)-(t:6.221-v:33.000)-(t:6.234-v:32.000)-(t:6.244-v:31.000)-(t:6.259-v:30.000)-(t:6.268-v:29.000)-(t:6.296-v:28.000)-(t:6.305-v:27.000)-(t:6.313-v:26.000)-(t:6.323-v:25.000)-(t:6.334-v:24.000)-(t:6.342-v:23.000)-(t:6.351-v:22.000)-(t:6.358-v:21.000)-(t:6.372-v:20.000)-(t:6.380-v:19.000)-(t:6.409-v:18.000)-(t:6.440-v:17.000)-(t:6.484-v:16.000)-(t:6.502-v:15.000)-(t:6.520-v:14.000)-(t:6.544-v:13.000)-(t:6.637-v:12.000)-(t:6.648-v:11.000)-(t:6.674-v:10.000)-(t:6.686-v:9.000)-(t:6.826-v:8.000)-(t:6.893-v:7.000)-(t:7.300-v:6.000)-(t:7.326-v:5.000)-(t:7.340-v:4.000)-(t:39.459-v:3.000)-(t:103.766-v:2.000)],44.587
examples/csp/csp_100/36-92.txt,dqn,300,2,[(t:6.503-v:128.000)-(t:6.535-v:123.000)-(t:6.548-v:120.000)-(t:6.556-v:118.000)-(t:6.567-v:117.000)-(t:6.576-v:116.000)-(t:6.583-v:113.000)-(t:6.594-v:111.000)-(t:6.602-v:108.000)-(t:6.610-v:107.000)-(t:6.618-v:106.000)-(t:6.632-v:105.000)-(t:6.640-v:104.000)-(t:6.647-v:102.000)-(t:6.654-v:100.000)-(t:6.661-v:98.000)-(t:6.668-v:96.000)-(t:6.676-v:95.000)-(t:6.683-v:94.000)-(t:6.695-v:93.000)-(t:6.703-v:89.000)-(t:6.711-v:87.000)-(t:6.718-v:86.000)-(t:6.725-v:83.000)-(t:6.733-v:82.000)-(t:6.740-v:81.000)-(t:6.750-v:80.000)-(t:6.757-v:79.000)-(t:6.764-v:78.000)-(t:6.771-v:77.000)-(t:6.781-v:75.000)-(t:6.789-v:73.000)-(t:6.797-v:71.000)-(t:6.806-v:70.000)-(t:6.814-v:68.000)-(t:6.821-v:66.000)-(t:6.830-v:65.000)-(t:6.837-v:64.000)-(t:6.844-v:61.000)-(t:6.854-v:60.000)-(t:6.861-v:58.000)-(t:6.868-v:57.000)-(t:6.875-v:56.000)-(t:6.889-v:55.000)-(t:6.898-v:54.000)-(t:6.906-v:53.000)-(t:6.914-v:52.000)-(t:6.923-v:51.000)-(t:6.933-v:50.000)-(t:6.941-v:49.000)-(t:6.948-v:47.000)-(t:6.956-v:46.000)-(t:6.964-v:45.000)-(t:6.971-v:43.000)-(t:6.978-v:42.000)-(t:6.986-v:41.000)-(t:7.009-v:40.000)-(t:7.016-v:39.000)-(t:7.023-v:38.000)-(t:7.041-v:37.000)-(t:7.072-v:36.000)-(t:7.083-v:35.000)-(t:7.092-v:34.000)-(t:7.101-v:33.000)-(t:7.117-v:32.000)-(t:7.125-v:31.000)-(t:7.140-v:30.000)-(t:7.149-v:29.000)-(t:7.171-v:28.000)-(t:7.187-v:27.000)-(t:7.210-v:26.000)-(t:7.224-v:25.000)-(t:7.234-v:24.000)-(t:7.252-v:23.000)-(t:7.280-v:22.000)-(t:7.292-v:21.000)-(t:7.319-v:20.000)-(t:7.352-v:19.000)-(t:7.361-v:18.000)-(t:7.372-v:17.000)-(t:7.385-v:16.000)-(t:7.393-v:15.000)-(t:7.401-v:14.000)-(t:7.427-v:13.000)-(t:7.527-v:12.000)-(t:7.538-v:11.000)-(t:7.552-v:10.000)-(t:7.562-v:9.000)-(t:7.842-v:8.000)-(t:7.869-v:7.000)-(t:14.309-v:6.000)-(t:14.655-v:5.000)-(t:28.334-v:4.000)-(t:39.500-v:3.000)-(t:100.595-v:2.000)],46.716
examples/csp/csp_100/4-72.txt,dqn,300,1,[(t:5.861-v:119.000)-(t:5.872-v:117.000)-(t:5.889-v:115.000)-(t:5.896-v:112.000)-(t:5.908-v:108.000)-(t:5.918-v:106.000)-(t:5.925-v:105.000)-(t:5.932-v:104.000)-(t:5.941-v:103.000)-(t:5.949-v:102.000)-(t:5.956-v:100.000)-(t:5.963-v:99.000)-(t:5.970-v:97.000)-(t:5.979-v:90.000)-(t:5.986-v:89.000)-(t:5.993-v:88.000)-(t:6.001-v:87.000)-(t:6.009-v:86.000)-(t:6.018-v:84.000)-(t:6.024-v:82.000)-(t:6.035-v:80.000)-(t:6.042-v:75.000)-(t:6.050-v:74.000)-(t:6.060-v:72.000)-(t:6.068-v:69.000)-(t:6.076-v:68.000)-(t:6.086-v:67.000)-(t:6.093-v:66.000)-(t:6.100-v:63.000)-(t:6.108-v:62.000)-(t:6.116-v:60.000)-(t:6.132-v:58.000)-(t:6.140-v:56.000)-(t:6.153-v:55.000)-(t:6.165-v:53.000)-(t:6.173-v:51.000)-(t:6.182-v:50.000)-(t:6.197-v:48.000)-(t:6.208-v:47.000)-(t:6.215-v:46.000)-(t:6.223-v:45.000)-(t:6.233-v:44.000)-(t:6.243-v:43.000)-(t:6.251-v:42.000)-(t:6.262-v:41.000)-(t:6.282-v:40.000)-(t:6.291-v:39.000)-(t:6.300-v:38.000)-(t:6.308-v:37.000)-(t:6.331-v:36.000)-(t:6.340-v:35.000)-(t:6.348-v:34.000)-(t:6.358-v:33.000)-(t:6.376-v:32.000)-(t:6.385-v:31.000)-(t:6.395-v:29.000)-(t:6.433-v:28.000)-(t:6.445-v:27.000)-(t:6.459-v:26.000)-(t:6.482-v:25.000)-(t:6.496-v:24.000)-(t:6.560-v:23.000)-(t:6.585-v:22.000)-(t:6.596-v:21.000)-(t:6.606-v:20.000)-(t:6.620-v:19.000)-(t:6.691-v:18.000)-(t:6.700-v:17.000)-(t:6.718-v:16.000)-(t:6.732-v:15.000)-(t:6.747-v:14.000)-(t:6.784-v:13.000)-(t:6.799-v:12.000)-(t:6.848-v:11.000)-(t:6.873-v:10.000)-(t:7.203-v:9.000)-(t:7.273-v:8.000)-(t:7.303-v:7.000)-(t:35.931-v:6.000)-(t:45.224-v:5.000)-(t:45.587-v:4.000)-(t:63.296-v:3.000)-(t:64.000-v:2.000)-(t:101.608-v:1.000)],300.000
examples/csp/csp_100/6-76.txt,dqn,300,6,[(t:5.936-v:105.000)-(t:5.944-v:104.000)-(t:5.961-v:101.000)-(t:5.968-v:100.000)-(t:5.979-v:98.000)-(t:5.986-v:96.000)-(t:5.992-v:94.000)-(t:6.000-v:90.000)-(t:6.011-v:89.000)-(t:6.023-v:88.000)-(t:6.030-v:83.000)-(t:6.037-v:82.000)-(t:6.044-v:81.000)-(t:6.051-v:80.000)-(t:6.059-v:77.000)-(t:6.065-v:76.000)-(t:6.088-v:74.000)-(t:6.095-v:73.000)-(t:6.102-v:72.000)-(t:6.111-v:70.000)-(t:6.119-v:69.000)-(t:6.129-v:66.000)-(t:6.138-v:65.000)-(t:6.147-v:64.000)-(t:6.156-v:63.000)-(t:6.163-v:62.000)-(t:6.171-v:61.000)-(t:6.179-v:60.000)-(t:6.186-v:59.000)-(t:6.193-v:58.000)-(t:6.200-v:57.000)-(t:6.209-v:56.000)-(t:6.216-v:55.000)-(t:6.224-v:54.000)-(t:6.234-v:53.000)-(t:6.243-v:52.000)-(t:6.253-v:51.000)-(t:6.261-v:50.000)-(t:6.269-v:49.000)-(t:6.276-v:48.000)-(t:6.284-v:47.000)-(t:6.292-v:46.000)-(t:6.300-v:44.000)-(t:6.308-v:43.000)-(t:6.316-v:41.000)-(t:6.331-v:40.000)-(t:6.339-v:39.000)-(t:6.347-v:38.000)-(t:6.353-v:36.000)-(t:6.367-v:35.000)-(t:6.374-v:34.000)-(t:6.381-v:33.000)-(t:6.387-v:32.000)-(t:6.393-v:29.000)-(t:6.399-v:28.000)-(t:6.408-v:27.000)-(t:6.414-v:26.000)-(t:6.424-v:25.000)-(t:6.432-v:24.000)-(t:6.440-v:23.000)-(t:6.448-v:22.000)-(t:6.463-v:21.000)-(t:6.471-v:20.000)-(t:6.478-v:19.000)-(t:6.485-v:18.000)-(t:6.491-v:17.000)-(t:6.498-v:16.000)-(t:6.505-v:15.000)-(t:6.521-v:14.000)-(t:6.529-v:13.000)-(t:6.549-v:12.000)-(t:6.555-v:11.000)-(t:6.574-v:10.000)-(t:6.646-v:9.000)-(t:6.663-v:8.000)-(t:6.678-v:7.000)-(t:6.934-v:6.000)],6.539
examples/csp/csp_100/carseq_100_8_20_62.txt,dqn,300,1,[(t:5.014-v:117.000)-(t:5.028-v:116.000)-(t:5.034-v:112.000)-(t:5.044-v:110.000)-(t:5.049-v:108.000)-(t:5.063-v:107.000)-(t:5.072-v:100.000)-(t:5.078-v:98.000)-(t:5.085-v:97.000)-(t:5.091-v:95.000)-(t:5.099-v:94.000)-(t:5.105-v:93.000)-(t:5.111-v:91.000)-(t:5.120-v:89.000)-(t:5.127-v:88.000)-(t:5.134-v:87.000)-(t:5.140-v:86.000)-(t:5.147-v:84.000)-(t:5.154-v:83.000)-(t:5.162-v:82.000)-(t:5.170-v:80.000)-(t:5.176-v:79.000)-(t:5.183-v:78.000)-(t:5.189-v:77.000)-(t:5.198-v:75.000)-(t:5.204-v:74.000)-(t:5.209-v:73.000)-(t:5.216-v:71.000)-(t:5.222-v:69.000)-(t:5.229-v:67.000)-(t:5.236-v:66.000)-(t:5.243-v:65.000)-(t:5.250-v:64.000)-(t:5.257-v:63.000)-(t:5.264-v:62.000)-(t:5.269-v:61.000)-(t:5.276-v:60.000)-(t:5.291-v:58.000)-(t:5.301-v:57.000)-(t:5.313-v:56.000)-(t:5.319-v:55.000)-(t:5.325-v:53.000)-(t:5.331-v:52.000)-(t:5.337-v:49.000)-(t:5.343-v:48.000)-(t:5.349-v:47.000)-(t:5.357-v:46.000)-(t:5.362-v:45.000)-(t:5.368-v:44.000)-(t:5.373-v:42.000)-(t:5.379-v:41.000)-(t:5.384-v:40.000)-(t:5.390-v:39.000)-(t:5.396-v:38.000)-(t:5.402-v:37.000)-(t:5.412-v:36.000)-(t:5.427-v:35.000)-(t:5.435-v:34.000)-(t:5.445-v:33.000)-(t:5.456-v:32.000)-(t:5.466-v:31.000)-(t:5.474-v:30.000)-(t:5.481-v:29.000)-(t:5.500-v:28.000)-(t:5.509-v:27.000)-(t:5.517-v:26.000)-(t:5.526-v:25.000)-(t:5.533-v:24.000)-(t:5.540-v:23.000)-(t:5.631-v:22.000)-(t:5.673-v:21.000)-(t:5.707-v:20.000)-(t:5.739-v:19.000)-(t:5.746-v:17.000)-(t:5.793-v:16.000)-(t:5.800-v:15.000)-(t:5.848-v:14.000)-(t:5.860-v:13.000)-(t:5.869-v:12.000)-(t:5.880-v:11.000)-(t:5.897-v:10.000)-(t:6.161-v:9.000)-(t:6.174-v:8.000)-(t:6.411-v:7.000)-(t:6.425-v:6.000)-(t:6.477-v:5.000)-(t:7.399-v:4.000)-(t:7.510-v:3.000)-(t:10.037-v:2.000)-(t:26.781-v:1.000)],300.000
examples/csp/csp_100/carseq_100_8_20_73.txt,dqn,300,0,[(t:9.896-v:97.000)-(t:9.932-v:96.000)-(t:9.940-v:94.000)-(t:9.956-v:93.000)-(t:9.965-v:92.000)-(t:9.976-v:91.000)-(t:9.984-v:90.000)-(t:10.005-v:89.000)-(t:10.015-v:87.000)-(t:10.027-v:86.000)-(t:10.036-v:85.000)-(t:10.055-v:84.000)-(t:10.066-v:82.000)-(t:10.077-v:81.000)-(t:10.084-v:80.000)-(t:10.094-v:79.000)-(t:10.103-v:77.000)-(t:10.112-v:76.000)-(t:10.120-v:74.000)-(t:10.128-v:73.000)-(t:10.136-v:72.000)-(t:10.144-v:71.000)-(t:10.152-v:70.000)-(t:10.163-v:69.000)-(t:10.171-v:67.000)-(t:10.179-v:66.000)-(t:10.187-v:64.000)-(t:10.195-v:63.000)-(t:10.202-v:62.000)-(t:10.213-v:61.000)-(t:10.221-v:59.000)-(t:10.229-v:58.000)-(t:10.236-v:57.000)-(t:10.247-v:56.000)-(t:10.258-v:55.000)-(t:10.265-v:54.000)-(t:10.272-v:53.000)-(t:10.278-v:52.000)-(t:10.287-v:51.000)-(t:10.294-v:50.000)-(t:10.300-v:49.000)-(t:10.307-v:48.000)-(t:10.316-v:46.000)-(t:10.324-v:45.000)-(t:10.331-v:44.000)-(t:10.338-v:43.000)-(t:10.344-v:42.000)-(t:10.350-v:41.000)-(t:10.357-v:40.000)-(t:10.364-v:39.000)-(t:10.370-v:38.000)-(t:10.376-v:36.000)-(t:10.383-v:35.000)-(t:10.394-v:33.000)-(t:10.409-v:32.000)-(t:10.420-v:31.000)-(t:10.427-v:30.000)-(t:10.440-v:29.000)-(t:10.465-v:27.000)-(t:10.487-v:25.000)-(t:10.498-v:24.000)-(t:10.507-v:23.000)-(t:10.525-v:22.000)-(t:10.542-v:21.000)-(t:10.552-v:18.000)-(t:10.568-v:17.000)-(t:10.576-v:16.000)-(t:10.587-v:15.000)-(t:10.596-v:14.000)-(t:10.609-v:13.000)-(t:10.631-v:12.000)-(t:10.735-v:11.000)-(t:10.743-v:10.000)-(t:10.755-v:9.000)-(t:10.765-v:8.000)-(t:10.775-v:7.000)-(t:10.798-v:6.000)-(t:10.850-v:5.000)-(t:10.886-v:4.000)-(t:11.325-v:3.000)-(t:11.343-v:2.000)-(t:14.128-v:1.000)-(t:34.942-v:0.000)],34.942
examples/csp/csp_100/carseq_100_8_20_77.txt,dqn,300,0,[(t:9.493-v:105.000)-(t:9.503-v:104.000)-(t:9.514-v:101.000)-(t:9.527-v:100.000)-(t:9.579-v:95.000)-(t:9.587-v:94.000)-(t:9.599-v:92.000)-(t:9.611-v:89.000)-(t:9.629-v:88.000)-(t:9.640-v:84.000)-(t:9.658-v:83.000)-(t:9.678-v:81.000)-(t:9.690-v:77.000)-(t:9.701-v:74.000)-(t:9.713-v:73.000)-(t:9.723-v:70.000)-(t:9.734-v:69.000)-(t:9.747-v:68.000)-(t:9.757-v:67.000)-(t:9.767-v:66.000)-(t:9.779-v:62.000)-(t:9.786-v:61.000)-(t:9.792-v:60.000)-(t:9.799-v:59.000)-(t:9.811-v:58.000)-(t:9.818-v:57.000)-(t:9.825-v:55.000)-(t:9.837-v:54.000)-(t:9.845-v:53.000)-(t:9.852-v:51.000)-(t:9.859-v:50.000)-(t:9.866-v:49.000)-(t:9.873-v:46.000)-(t:9.880-v:45.000)-(t:9.886-v:44.000)-(t:9.894-v:43.000)-(t:9.905-v:42.000)-(t:9.914-v:41.000)-(t:9.924-v:40.000)-(t:9.933-v:39.000)-(t:9.941-v:38.000)-(t:9.952-v:36.000)-(t:9.961-v:35.000)-(t:9.968-v:34.000)-(t:9.976-v:33.000)-(t:9.983-v:31.000)-(t:10.011-v:30.000)-(t:10.029-v:29.000)-(t:10.045-v:28.000)-(t:10.062-v:27.000)-(t:10.080-v:25.000)-(t:10.088-v:24.000)-(t:10.113-v:23.000)-(t:10.121-v:22.000)-(t:10.154-v:21.000)-(t:10.163-v:20.000)-(t:10.171-v:19.000)-(t:10.184-v:18.000)-(t:10.214-v:17.000)-(t:10.224-v:16.000)-(t:10.245-v:15.000)-(t:10.306-v:14.000)-(t:10.312-v:13.000)-(t:10.327-v:12.000)-(t:10.339-v:11.000)-(t:10.349-v:10.000)-(t:10.366-v:9.000)-(t:10.410-v:8.000)-(t:10.427-v:7.000)-(t:10.441-v:6.000)-(t:10.842-v:5.000)-(t:10.934-v:4.000)-(t:11.122-v:3.000)-(t:11.316-v:2.000)-(t:15.934-v:1.000)-(t:32.944-v:0.000)],32.944
examples/csp/csp_100/carseq_100_8_20_90.txt,dqn,300,0,[(t:5.674-v:100.000)-(t:5.687-v:99.000)-(t:5.694-v:98.000)-(t:5.707-v:95.000)-(t:5.715-v:93.000)-(t:5.721-v:90.000)-(t:5.728-v:87.000)-(t:5.735-v:86.000)-(t:5.744-v:85.000)-(t:5.756-v:84.000)-(t:5.779-v:81.000)-(t:5.787-v:80.000)-(t:5.794-v:79.000)-(t:5.806-v:77.000)-(t:5.815-v:75.000)-(t:5.824-v:74.000)-(t:5.832-v:72.000)-(t:5.840-v:71.000)-(t:5.849-v:70.000)-(t:5.856-v:67.000)-(t:5.866-v:66.000)-(t:5.874-v:65.000)-(t:5.884-v:63.000)-(t:5.891-v:62.000)-(t:5.900-v:60.000)-(t:5.907-v:59.000)-(t:5.915-v:58.000)-(t:5.922-v:57.000)-(t:5.930-v:56.000)-(t:5.938-v:55.000)-(t:5.947-v:53.000)-(t:5.954-v:51.000)-(t:5.962-v:50.000)-(t:5.969-v:49.000)-(t:5.977-v:48.000)-(t:5.995-v:46.000)-(t:6.003-v:45.000)-(t:6.013-v:43.000)-(t:6.024-v:40.000)-(t:6.033-v:39.000)-(t:6.044-v:38.000)-(t:6.054-v:37.000)-(t:6.061-v:36.000)-(t:6.069-v:34.000)-(t:6.078-v:32.000)-(t:6.085-v:31.000)-(t:6.094-v:30.000)-(t:6.106-v:29.000)-(t:6.118-v:28.000)-(t:6.156-v:27.000)-(t:6.174-v:26.000)-(t:6.184-v:25.000)-(t:6.202-v:24.000)-(t:6.210-v:23.000)-(t:6.225-v:22.000)-(t:6.237-v:21.000)-(t:6.245-v:20.000)-(t:6.273-v:19.000)-(t:6.284-v:18.000)-(t:6.298-v:17.000)-(t:6.309-v:16.000)-(t:6.321-v:15.000)-(t:6.329-v:14.000)-(t:6.352-v:13.000)-(t:6.368-v:12.000)-(t:6.377-v:11.000)-(t:6.391-v:10.000)-(t:6.407-v:9.000)-(t:6.424-v:8.000)-(t:6.438-v:7.000)-(t:6.523-v:6.000)-(t:6.540-v:5.000)-(t:6.688-v:4.000)-(t:11.211-v:3.000)-(t:14.655-v:2.000)-(t:19.577-v:1.000)-(t:24.273-v:0.000)],24.273
examples/csp/csp_100/carseq_100_8_20_88.txt,dqn,300,0,[(t:7.084-v:131.000)-(t:7.114-v:129.000)-(t:7.126-v:127.000)-(t:7.142-v:126.000)-(t:7.151-v:124.000)-(t:7.161-v:122.000)-(t:7.178-v:118.000)-(t:7.187-v:115.000)-(t:7.201-v:112.000)-(t:7.211-v:111.000)-(t:7.223-v:110.000)-(t:7.232-v:108.000)-(t:7.242-v:105.000)-(t:7.252-v:104.000)-(t:7.267-v:103.000)-(t:7.289-v:102.000)-(t:7.300-v:98.000)-(t:7.315-v:97.000)-(t:7.326-v:95.000)-(t:7.334-v:92.000)-(t:7.345-v:91.000)-(t:7.352-v:90.000)-(t:7.365-v:87.000)-(t:7.376-v:86.000)-(t:7.381-v:85.000)-(t:7.387-v:84.000)-(t:7.393-v:83.000)-(t:7.400-v:82.000)-(t:7.405-v:81.000)-(t:7.412-v:79.000)-(t:7.418-v:78.000)-(t:7.424-v:76.000)-(t:7.434-v:74.000)-(t:7.446-v:73.000)-(t:7.457-v:72.000)-(t:7.470-v:71.000)-(t:7.478-v:70.000)-(t:7.487-v:68.000)-(t:7.503-v:67.000)-(t:7.518-v:66.000)-(t:7.526-v:64.000)-(t:7.535-v:63.000)-(t:7.550-v:62.000)-(t:7.561-v:60.000)-(t:7.581-v:59.000)-(t:7.589-v:58.000)-(t:7.615-v:57.000)-(t:7.623-v:56.000)-(t:7.632-v:55.000)-(t:7.648-v:54.000)-(t:7.660-v:52.000)-(t:7.676-v:50.000)-(t:7.687-v:49.000)-(t:7.698-v:48.000)-(t:7.711-v:46.000)-(t:7.720-v:45.000)-(t:7.731-v:44.000)-(t:7.742-v:43.000)-(t:7.754-v:42.000)-(t:7.776-v:41.000)-(t:7.785-v:40.000)-(t:7.812-v:39.000)-(t:7.818-v:38.000)-(t:7.824-v:36.000)-(t:7.830-v:33.000)-(t:7.862-v:32.000)-(t:7.874-v:31.000)-(t:7.900-v:30.000)-(t:7.925-v:28.000)-(t:7.934-v:27.000)-(t:7.945-v:26.000)-(t:7.957-v:25.000)-(t:7.968-v:24.000)-(t:8.052-v:23.000)-(t:8.115-v:22.000)-(t:8.125-v:21.000)-(t:8.135-v:20.000)-(t:8.146-v:18.000)-(t:8.158-v:17.000)-(t:8.171-v:16.000)-(t:8.183-v:15.000)-(t:8.198-v:14.000)-(t:8.218-v:13.000)-(t:8.239-v:12.000)-(t:8.264-v:11.000)-(t:8.286-v:10.000)-(t:8.301-v:9.000)-(t:8.312-v:8.000)-(t:8.330-v:7.000)-(t:8.353-v:6.000)-(t:8.408-v:4.000)-(t:10.808-v:3.000)-(t:11.134-v:2.000)-(t:14.114-v:1.000)-(t:37.353-v:0.000)],37.353
examples/csp/csp_100/carseq_100_8_20_94.txt,dqn,300,0,[(t:7.165-v:136.000)-(t:7.183-v:135.000)-(t:7.191-v:134.000)-(t:7.215-v:133.000)-(t:7.225-v:128.000)-(t:7.234-v:124.000)-(t:7.249-v:123.000)-(t:7.259-v:121.000)-(t:7.271-v:120.000)-(t:7.284-v:119.000)-(t:7.292-v:117.000)-(t:7.302-v:112.000)-(t:7.317-v:111.000)-(t:7.327-v:110.000)-(t:7.340-v:109.000)-(t:7.350-v:108.000)-(t:7.360-v:107.000)-(t:7.368-v:105.000)-(t:7.380-v:103.000)-(t:7.389-v:102.000)-(t:7.399-v:100.000)-(t:7.407-v:99.000)-(t:7.418-v:98.000)-(t:7.425-v:97.000)-(t:7.435-v:95.000)-(t:7.442-v:94.000)-(t:7.452-v:92.000)-(t:7.460-v:91.000)-(t:7.468-v:89.000)-(t:7.476-v:88.000)-(t:7.491-v:86.000)-(t:7.501-v:85.000)-(t:7.509-v:84.000)-(t:7.518-v:83.000)-(t:7.529-v:82.000)-(t:7.536-v:81.000)-(t:7.544-v:80.000)-(t:7.553-v:79.000)-(t:7.562-v:78.000)-(t:7.570-v:77.000)-(t:7.582-v:74.000)-(t:7.588-v:73.000)-(t:7.595-v:71.000)-(t:7.603-v:70.000)-(t:7.628-v:69.000)-(t:7.638-v:68.000)-(t:7.645-v:67.000)-(t:7.652-v:66.000)-(t:7.659-v:64.000)-(t:7.665-v:63.000)-(t:7.673-v:62.000)-(t:7.687-v:61.000)-(t:7.695-v:60.000)-(t:7.703-v:59.000)-(t:7.711-v:57.000)-(t:7.718-v:56.000)-(t:7.727-v:55.000)-(t:7.737-v:54.000)-(t:7.748-v:53.000)-(t:7.768-v:52.000)-(t:7.779-v:51.000)-(t:7.785-v:50.000)-(t:7.793-v:49.000)-(t:7.802-v:48.000)-(t:7.810-v:47.000)-(t:7.820-v:46.000)-(t:7.840-v:45.000)-(t:7.848-v:44.000)-(t:7.856-v:43.000)-(t:7.863-v:42.000)-(t:7.871-v:40.000)-(t:7.879-v:39.000)-(t:7.886-v:38.000)-(t:7.894-v:37.000)-(t:7.907-v:36.000)-(t:7.927-v:35.000)-(t:7.935-v:34.000)-(t:7.943-v:33.000)-(t:7.949-v:31.000)-(t:7.956-v:30.000)-(t:7.962-v:29.000)-(t:7.970-v:28.000)-(t:7.978-v:27.000)-(t:7.988-v:26.000)-(t:7.996-v:25.000)-(t:8.047-v:24.000)-(t:8.055-v:23.000)-(t:8.060-v:21.000)-(t:8.077-v:20.000)-(t:8.127-v:19.000)-(t:8.148-v:18.000)-(t:8.159-v:17.000)-(t:8.173-v:16.000)-(t:8.213-v:15.000)-(t:8.250-v:14.000)-(t:8.258-v:13.000)-(t:8.268-v:12.000)-(t:8.286-v:11.000)-(t:8.306-v:10.000)-(t:8.390-v:9.000)-(t:8.406-v:8.000)-(t:8.418-v:7.000)-(t:8.430-v:6.000)-(t:8.588-v:5.000)-(t:8.614-v:4.000)-(t:8.624-v:3.000)-(t:8.693-v:2.000)-(t:11.339-v:1.000)-(t:13.085-v:0.000)],13.085
examples/csp/csp_100/carseq_100_8_20_72.txt,dqn,300,1,[(t:9.264-v:106.000)-(t:9.287-v:105.000)-(t:9.304-v:104.000)-(t:9.321-v:103.000)-(t:9.327-v:102.000)-(t:9.338-v:101.000)-(t:9.348-v:99.000)-(t:9.359-v:94.000)-(t:9.371-v:93.000)-(t:9.382-v:91.000)-(t:9.393-v:90.000)-(t:9.406-v:89.000)-(t:9.416-v:88.000)-(t:9.426-v:87.000)-(t:9.433-v:83.000)-(t:9.451-v:82.000)-(t:9.463-v:81.000)-(t:9.475-v:80.000)-(t:9.484-v:76.000)-(t:9.495-v:75.000)-(t:9.507-v:74.000)-(t:9.518-v:73.000)-(t:9.529-v:71.000)-(t:9.538-v:68.000)-(t:9.544-v:67.000)-(t:9.555-v:63.000)-(t:9.565-v:62.000)-(t:9.572-v:60.000)-(t:9.583-v:58.000)-(t:9.594-v:57.000)-(t:9.604-v:56.000)-(t:9.615-v:55.000)-(t:9.626-v:54.000)-(t:9.637-v:52.000)-(t:9.647-v:51.000)-(t:9.653-v:50.000)-(t:9.663-v:48.000)-(t:9.674-v:47.000)-(t:9.685-v:46.000)-(t:9.694-v:45.000)-(t:9.705-v:44.000)-(t:9.716-v:43.000)-(t:9.727-v:42.000)-(t:9.736-v:40.000)-(t:9.747-v:39.000)-(t:9.758-v:38.000)-(t:9.768-v:37.000)-(t:9.779-v:36.000)-(t:9.789-v:35.000)-(t:9.803-v:34.000)-(t:9.814-v:33.000)-(t:9.826-v:32.000)-(t:9.838-v:31.000)-(t:9.849-v:30.000)-(t:9.860-v:29.000)-(t:9.870-v:28.000)-(t:9.880-v:27.000)-(t:9.901-v:26.000)-(t:9.932-v:25.000)-(t:9.944-v:24.000)-(t:9.953-v:23.000)-(t:9.975-v:22.000)-(t:9.985-v:21.000)-(t:10.021-v:20.000)-(t:10.034-v:19.000)-(t:10.045-v:18.000)-(t:10.057-v:17.000)-(t:10.069-v:16.000)-(t:10.080-v:15.000)-(t:10.091-v:14.000)-(t:10.105-v:13.000)-(t:10.117-v:12.000)-(t:10.163-v:11.000)-(t:10.207-v:10.000)-(t:10.242-v:9.000)-(t:10.255-v:8.000)-(t:10.288-v:7.000)-(t:10.300-v:6.000)-(t:10.322-v:5.000)-(t:10.384-v:4.000)-(t:10.400-v:3.000)-(t:10.418-v:2.000)-(t:10.449-v:1.000)],300.000
examples/csp/csp_200/pb_200_06.txt,dqn,300,,,
examples/csp/csp_200/pb_200_07.txt,dqn,300,,,
examples/csp/csp_100/carseq_100_8_20_81.txt,dqn,300,1,[(t:8.956-v:110.000)-(t:8.971-v:108.000)-(t:8.987-v:106.000)-(t:8.996-v:105.000)-(t:9.020-v:102.000)-(t:9.027-v:101.000)-(t:9.034-v:100.000)-(t:9.044-v:97.000)-(t:9.053-v:96.000)-(t:9.066-v:95.000)-(t:9.076-v:94.000)-(t:9.088-v:93.000)-(t:9.095-v:92.000)-(t:9.103-v:91.000)-(t:9.112-v:90.000)-(t:9.131-v:89.000)-(t:9.140-v:88.000)-(t:9.148-v:87.000)-(t:9.157-v:85.000)-(t:9.165-v:84.000)-(t:9.173-v:83.000)-(t:9.181-v:82.000)-(t:9.189-v:81.000)-(t:9.198-v:80.000)-(t:9.206-v:78.000)-(t:9.214-v:75.000)-(t:9.221-v:73.000)-(t:9.229-v:72.000)-(t:9.237-v:70.000)-(t:9.244-v:69.000)-(t:9.252-v:68.000)-(t:9.259-v:67.000)-(t:9.267-v:66.000)-(t:9.274-v:62.000)-(t:9.280-v:61.000)-(t:9.292-v:60.000)-(t:9.300-v:57.000)-(t:9.307-v:55.000)-(t:9.314-v:54.000)-(t:9.322-v:52.000)-(t:9.330-v:51.000)-(t:9.336-v:50.000)-(t:9.352-v:49.000)-(t:9.360-v:47.000)-(t:9.388-v:46.000)-(t:9.419-v:45.000)-(t:9.427-v:43.000)-(t:9.434-v:42.000)-(t:9.442-v:41.000)-(t:9.453-v:40.000)-(t:9.460-v:38.000)-(t:9.484-v:37.000)-(t:9.499-v:36.000)-(t:9.506-v:35.000)-(t:9.525-v:34.000)-(t:9.534-v:33.000)-(t:9.563-v:32.000)-(t:9.570-v:31.000)-(t:9.594-v:30.000)-(t:9.602-v:29.000)-(t:9.609-v:28.000)-(t:9.617-v:27.000)-(t:9.626-v:26.000)-(t:9.634-v:25.000)-(t:9.641-v:24.000)-(t:9.648-v:23.000)-(t:9.659-v:22.000)-(t:9.668-v:21.000)-(t:9.675-v:20.000)-(t:9.709-v:19.000)-(t:9.723-v:18.000)-(t:9.732-v:17.000)-(t:9.787-v:16.000)-(t:9.796-v:15.000)-(t:9.806-v:14.000)-(t:9.851-v:13.000)-(t:9.868-v:12.000)-(t:9.878-v:11.000)-(t:9.892-v:10.000)-(t:9.915-v:9.000)-(t:10.163-v:8.000)-(t:10.238-v:7.000)-(t:10.271-v:6.000)-(t:10.280-v:5.000)-(t:14.666-v:4.000)-(t:15.736-v:3.000)-(t:15.993-v:2.000)-(t:20.465-v:1.000)],300.000
examples/csp/csp_100/carseq_100_8_20_82.txt,dqn,300,1,[(t:8.120-v:144.000)-(t:8.150-v:137.000)-(t:8.160-v:136.000)-(t:8.170-v:133.000)-(t:8.184-v:132.000)-(t:8.193-v:129.000)-(t:8.204-v:127.000)-(t:8.217-v:125.000)-(t:8.230-v:123.000)-(t:8.244-v:121.000)-(t:8.253-v:120.000)-(t:8.261-v:119.000)-(t:8.270-v:118.000)-(t:8.278-v:117.000)-(t:8.287-v:115.000)-(t:8.295-v:114.000)-(t:8.305-v:112.000)-(t:8.314-v:110.000)-(t:8.322-v:108.000)-(t:8.332-v:107.000)-(t:8.339-v:105.000)-(t:8.347-v:104.000)-(t:8.355-v:102.000)-(t:8.362-v:100.000)-(t:8.373-v:99.000)-(t:8.381-v:97.000)-(t:8.388-v:96.000)-(t:8.396-v:95.000)-(t:8.403-v:94.000)-(t:8.410-v:90.000)-(t:8.419-v:89.000)-(t:8.427-v:84.000)-(t:8.438-v:83.000)-(t:8.445-v:82.000)-(t:8.454-v:81.000)-(t:8.461-v:80.000)-(t:8.468-v:79.000)-(t:8.476-v:78.000)-(t:8.485-v:77.000)-(t:8.494-v:76.000)-(t:8.502-v:75.000)-(t:8.510-v:74.000)-(t:8.520-v:73.000)-(t:8.527-v:72.000)-(t:8.533-v:71.000)-(t:8.540-v:70.000)-(t:8.548-v:69.000)-(t:8.554-v:67.000)-(t:8.563-v:65.000)-(t:8.571-v:64.000)-(t:8.580-v:63.000)-(t:8.588-v:62.000)-(t:8.597-v:61.000)-(t:8.604-v:60.000)-(t:8.611-v:59.000)-(t:8.617-v:58.000)-(t:8.624-v:57.000)-(t:8.640-v:55.000)-(t:8.648-v:54.000)-(t:8.655-v:53.000)-(t:8.663-v:52.000)-(t:8.676-v:51.000)-(t:8.682-v:50.000)-(t:8.691-v:49.000)-(t:8.697-v:47.000)-(t:8.707-v:46.000)-(t:8.716-v:45.000)-(t:8.722-v:43.000)-(t:8.729-v:42.000)-(t:8.737-v:41.000)-(t:8.750-v:40.000)-(t:8.765-v:39.000)-(t:8.780-v:38.000)-(t:8.787-v:37.000)-(t:8.796-v:36.000)-(t:8.805-v:35.000)-(t:8.819-v:34.000)-(t:8.835-v:33.000)-(t:8.844-v:32.000)-(t:8.855-v:31.000)-(t:8.870-v:30.000)-(t:8.885-v:29.000)-(t:8.904-v:28.000)-(t:8.941-v:27.000)-(t:8.950-v:26.000)-(t:9.026-v:25.000)-(t:9.039-v:24.000)-(t:9.060-v:22.000)-(t:9.088-v:21.000)-(t:9.107-v:20.000)-(t:9.118-v:19.000)-(t:9.177-v:18.000)-(t:9.188-v:17.000)-(t:9.199-v:16.000)-(t:9.224-v:15.000)-(t:9.242-v:14.000)-(t:9.252-v:13.000)-(t:9.263-v:11.000)-(t:9.272-v:10.000)-(t:9.288-v:9.000)-(t:9.568-v:8.000)-(t:11.783-v:7.000)-(t:11.992-v:6.000)-(t:12.081-v:5.000)-(t:48.703-v:4.000)-(t:48.875-v:3.000)-(t:70.259-v:2.000)-(t:70.345-v:1.000)],300.000
examples/csp/csp_200/pb_200_08.txt,dqn,300,,,
examples/csp/csp_100/carseq_100_8_20_85.txt,dqn,300,1,[(t:6.163-v:120.000)-(t:6.173-v:118.000)-(t:6.186-v:113.000)-(t:6.191-v:112.000)-(t:6.198-v:111.000)-(t:6.212-v:110.000)-(t:6.218-v:109.000)-(t:6.224-v:108.000)-(t:6.230-v:106.000)-(t:6.237-v:105.000)-(t:6.246-v:104.000)-(t:6.251-v:99.000)-(t:6.258-v:96.000)-(t:6.264-v:93.000)-(t:6.270-v:92.000)-(t:6.278-v:91.000)-(t:6.283-v:89.000)-(t:6.290-v:87.000)-(t:6.297-v:86.000)-(t:6.303-v:85.000)-(t:6.310-v:83.000)-(t:6.317-v:79.000)-(t:6.322-v:78.000)-(t:6.329-v:77.000)-(t:6.335-v:76.000)-(t:6.344-v:74.000)-(t:6.351-v:73.000)-(t:6.359-v:72.000)-(t:6.368-v:71.000)-(t:6.374-v:70.000)-(t:6.380-v:68.000)-(t:6.387-v:67.000)-(t:6.394-v:66.000)-(t:6.401-v:65.000)-(t:6.407-v:64.000)-(t:6.415-v:62.000)-(t:6.421-v:61.000)-(t:6.427-v:59.000)-(t:6.433-v:58.000)-(t:6.439-v:57.000)-(t:6.448-v:56.000)-(t:6.454-v:55.000)-(t:6.464-v:53.000)-(t:6.471-v:52.000)-(t:6.476-v:51.000)-(t:6.482-v:50.000)-(t:6.488-v:49.000)-(t:6.494-v:48.000)-(t:6.500-v:46.000)-(t:6.506-v:45.000)-(t:6.512-v:44.000)-(t:6.520-v:43.000)-(t:6.537-v:42.000)-(t:6.545-v:41.000)-(t:6.555-v:40.000)-(t:6.563-v:39.000)-(t:6.570-v:38.000)-(t:6.587-v:37.000)-(t:6.596-v:36.000)-(t:6.602-v:35.000)-(t:6.621-v:34.000)-(t:6.627-v:33.000)-(t:6.636-v:32.000)-(t:6.649-v:31.000)-(t:6.660-v:30.000)-(t:6.666-v:29.000)-(t:6.685-v:28.000)-(t:6.698-v:27.000)-(t:6.731-v:26.000)-(t:6.741-v:25.000)-(t:6.759-v:24.000)-(t:6.809-v:23.000)-(t:6.839-v:22.000)-(t:6.847-v:21.000)-(t:6.893-v:20.000)-(t:6.912-v:19.000)-(t:6.922-v:18.000)-(t:6.936-v:17.000)-(t:6.944-v:16.000)-(t:6.955-v:15.000)-(t:7.020-v:14.000)-(t:7.042-v:13.000)-(t:7.081-v:12.000)-(t:7.092-v:11.000)-(t:7.113-v:10.000)-(t:7.122-v:9.000)-(t:7.138-v:8.000)-(t:9.055-v:7.000)-(t:9.140-v:6.000)-(t:23.991-v:5.000)-(t:39.432-v:4.000)-(t:43.812-v:3.000)-(t:63.733-v:2.000)-(t:71.055-v:1.000)],300.000
examples/csp/csp_100/carseq_100_8_20_86.txt,dqn,300,1,[(t:6.635-v:147.000)-(t:6.647-v:142.000)-(t:6.655-v:141.000)-(t:6.660-v:139.000)-(t:6.666-v:134.000)-(t:6.675-v:133.000)-(t:6.698-v:132.000)-(t:6.712-v:131.000)-(t:6.723-v:129.000)-(t:6.731-v:128.000)-(t:6.740-v:125.000)-(t:6.749-v:124.000)-(t:6.758-v:121.000)-(t:6.769-v:120.000)-(t:6.778-v:119.000)-(t:6.786-v:118.000)-(t:6.794-v:116.000)-(t:6.803-v:115.000)-(t:6.810-v:113.000)-(t:6.817-v:111.000)-(t:6.823-v:109.000)-(t:6.829-v:108.000)-(t:6.836-v:106.000)-(t:6.846-v:105.000)-(t:6.854-v:104.000)-(t:6.862-v:101.000)-(t:6.869-v:99.000)-(t:6.876-v:98.000)-(t:6.884-v:97.000)-(t:6.892-v:94.000)-(t:6.898-v:93.000)-(t:6.905-v:91.000)-(t:6.913-v:90.000)-(t:6.930-v:89.000)-(t:6.949-v:88.000)-(t:6.958-v:87.000)-(t:6.965-v:86.000)-(t:6.973-v:85.000)-(t:6.980-v:84.000)-(t:6.987-v:80.000)-(t:6.993-v:79.000)-(t:7.009-v:78.000)-(t:7.017-v:77.000)-(t:7.028-v:75.000)-(t:7.039-v:74.000)-(t:7.047-v:71.000)-(t:7.055-v:70.000)-(t:7.064-v:69.000)-(t:7.071-v:68.000)-(t:7.079-v:67.000)-(t:7.086-v:66.000)-(t:7.093-v:64.000)-(t:7.098-v:63.000)-(t:7.105-v:61.000)-(t:7.112-v:60.000)-(t:7.118-v:59.000)-(t:7.127-v:58.000)-(t:7.133-v:57.000)-(t:7.139-v:56.000)-(t:7.144-v:55.000)-(t:7.150-v:54.000)-(t:7.157-v:53.000)-(t:7.164-v:52.000)-(t:7.172-v:51.000)-(t:7.179-v:50.000)-(t:7.188-v:49.000)-(t:7.202-v:48.000)-(t:7.209-v:47.000)-(t:7.216-v:44.000)-(t:7.224-v:41.000)-(t:7.237-v:38.000)-(t:7.248-v:37.000)-(t:7.287-v:36.000)-(t:7.295-v:34.000)-(t:7.304-v:32.000)-(t:7.310-v:31.000)-(t:7.320-v:30.000)-(t:7.330-v:29.000)-(t:7.339-v:28.000)-(t:7.396-v:27.000)-(t:7.403-v:26.000)-(t:7.410-v:25.000)-(t:7.458-v:24.000)-(t:7.465-v:23.000)-(t:7.502-v:22.000)-(t:7.510-v:21.000)-(t:7.515-v:20.000)-(t:7.523-v:19.000)-(t:7.581-v:18.000)-(t:7.599-v:17.000)-(t:7.662-v:16.000)-(t:7.669-v:15.000)-(t:7.676-v:14.000)-(t:7.701-v:13.000)-(t:7.709-v:12.000)-(t:7.730-v:11.000)-(t:7.751-v:10.000)-(t:11.101-v:9.000)-(t:11.189-v:8.000)-(t:11.447-v:7.000)-(t:11.524-v:6.000)-(t:13.512-v:5.000)-(t:32.082-v:4.000)-(t:34.061-v:3.000)-(t:37.629-v:2.000)-(t:259.900-v:1.000)],300.000
examples/csp/csp_200/pb_200_09.txt,dqn,300,,,
examples/csp/csp_200/pb_200_10.txt,dqn,300,,,
examples/csp/csp_300/carseq_300_8_20_38.txt,dqn,300,,,
examples/csp/csp_300/carseq_300_8_20_40.txt,dqn,300,,,
examples/csp/csp_300/carseq_300_8_20_45.txt,dqn,300,,,
examples/csp/csp_300/carseq_300_8_20_47.txt,dqn,300,,,
examples/csp/csp_300/carseq_300_8_20_53.txt,dqn,300,,,
examples/csp/csp_300/carseq_300_8_20_56.txt,dqn,300,,,
examples/csp/csp_300/carseq_300_8_20_62.txt,dqn,300,,,
examples/csp/csp_300/carseq_300_8_20_76.txt,dqn,300,,,
examples/csp/csp_300/carseq_300_8_20_78.txt,dqn,300,,,
examples/csp/csp_100/carseq_100_8_20_98.txt,dqn,300,1,[(t:8.789-v:126.000)-(t:8.837-v:125.000)-(t:8.854-v:123.000)-(t:8.866-v:122.000)-(t:8.879-v:118.000)-(t:8.892-v:115.000)-(t:8.900-v:112.000)-(t:8.912-v:111.000)-(t:8.927-v:110.000)-(t:8.938-v:109.000)-(t:8.948-v:107.000)-(t:8.959-v:104.000)-(t:8.969-v:102.000)-(t:8.982-v:101.000)-(t:8.990-v:98.000)-(t:9.001-v:97.000)-(t:9.015-v:95.000)-(t:9.030-v:94.000)-(t:9.041-v:93.000)-(t:9.053-v:91.000)-(t:9.067-v:90.000)-(t:9.079-v:89.000)-(t:9.087-v:88.000)-(t:9.095-v:86.000)-(t:9.104-v:85.000)-(t:9.116-v:84.000)-(t:9.129-v:83.000)-(t:9.139-v:82.000)-(t:9.152-v:81.000)-(t:9.163-v:80.000)-(t:9.174-v:78.000)-(t:9.185-v:77.000)-(t:9.196-v:76.000)-(t:9.200-v:75.000)-(t:9.206-v:74.000)-(t:9.213-v:73.000)-(t:9.220-v:72.000)-(t:9.232-v:71.000)-(t:9.253-v:70.000)-(t:9.263-v:69.000)-(t:9.272-v:67.000)-(t:9.282-v:65.000)-(t:9.304-v:64.000)-(t:9.314-v:60.000)-(t:9.327-v:57.000)-(t:9.340-v:54.000)-(t:9.354-v:53.000)-(t:9.365-v:51.000)-(t:9.375-v:49.000)-(t:9.396-v:48.000)-(t:9.404-v:47.000)-(t:9.412-v:46.000)-(t:9.418-v:45.000)-(t:9.430-v:44.000)-(t:9.441-v:42.000)-(t:9.453-v:41.000)-(t:9.462-v:38.000)-(t:9.471-v:37.000)-(t:9.484-v:36.000)-(t:9.491-v:34.000)-(t:9.503-v:33.000)-(t:9.512-v:32.000)-(t:9.527-v:31.000)-(t:9.554-v:30.000)-(t:9.581-v:29.000)-(t:9.591-v:27.000)-(t:9.603-v:26.000)-(t:9.611-v:25.000)-(t:9.659-v:24.000)-(t:9.699-v:23.000)-(t:9.762-v:22.000)-(t:9.779-v:21.000)-(t:9.787-v:20.000)-(t:9.831-v:19.000)-(t:9.901-v:18.000)-(t:9.920-v:17.000)-(t:9.935-v:16.000)-(t:9.944-v:15.000)-(t:9.972-v:14.000)-(t:10.021-v:13.000)-(t:10.035-v:12.000)-(t:10.099-v:11.000)-(t:10.114-v:10.000)-(t:11.623-v:9.000)-(t:11.781-v:8.000)-(t:11.954-v:7.000)-(t:12.111-v:6.000)-(t:18.774-v:5.000)-(t:35.639-v:4.000)-(t:40.837-v:3.000)-(t:43.158-v:2.000)-(t:59.422-v:1.000)],300.000
examples/csp/csp_300/carseq_300_8_20_80.txt,dqn,300,,,
examples/csp/csp_100/carseq_100_8_20_99.txt,dqn,300,1,[(t:8.893-v:118.000)-(t:8.903-v:113.000)-(t:8.914-v:109.000)-(t:8.924-v:108.000)-(t:8.929-v:107.000)-(t:8.967-v:106.000)-(t:8.980-v:104.000)-(t:8.998-v:103.000)-(t:9.010-v:101.000)-(t:9.020-v:100.000)-(t:9.028-v:98.000)-(t:9.038-v:97.000)-(t:9.057-v:96.000)-(t:9.066-v:94.000)-(t:9.075-v:93.000)-(t:9.092-v:92.000)-(t:9.109-v:91.000)-(t:9.118-v:90.000)-(t:9.128-v:89.000)-(t:9.142-v:87.000)-(t:9.157-v:86.000)-(t:9.167-v:85.000)-(t:9.172-v:84.000)-(t:9.183-v:83.000)-(t:9.193-v:82.000)-(t:9.204-v:81.000)-(t:9.215-v:80.000)-(t:9.221-v:79.000)-(t:9.236-v:78.000)-(t:9.246-v:74.000)-(t:9.256-v:71.000)-(t:9.266-v:70.000)-(t:9.272-v:68.000)-(t:9.282-v:67.000)-(t:9.293-v:66.000)-(t:9.306-v:65.000)-(t:9.331-v:63.000)-(t:9.352-v:62.000)-(t:9.365-v:60.000)-(t:9.376-v:59.000)-(t:9.383-v:58.000)-(t:9.399-v:56.000)-(t:9.410-v:55.000)-(t:9.416-v:54.000)-(t:9.422-v:53.000)-(t:9.428-v:52.000)-(t:9.435-v:51.000)-(t:9.441-v:50.000)-(t:9.447-v:49.000)-(t:9.452-v:48.000)-(t:9.464-v:47.000)-(t:9.489-v:44.000)-(t:9.522-v:43.000)-(t:9.534-v:42.000)-(t:9.548-v:41.000)-(t:9.581-v:40.000)-(t:9.594-v:39.000)-(t:9.615-v:38.000)-(t:9.658-v:37.000)-(t:9.669-v:36.000)-(t:9.682-v:35.000)-(t:9.694-v:34.000)-(t:9.755-v:33.000)-(t:9.795-v:32.000)-(t:9.806-v:31.000)-(t:9.817-v:30.000)-(t:9.830-v:29.000)-(t:9.844-v:28.000)-(t:9.877-v:27.000)-(t:9.888-v:26.000)-(t:9.929-v:25.000)-(t:9.944-v:24.000)-(t:9.953-v:23.000)-(t:9.970-v:22.000)-(t:9.977-v:21.000)-(t:9.990-v:20.000)-(t:10.003-v:19.000)-(t:10.015-v:18.000)-(t:10.027-v:16.000)-(t:10.088-v:14.000)-(t:10.161-v:13.000)-(t:10.180-v:12.000)-(t:10.203-v:11.000)-(t:10.216-v:10.000)-(t:10.236-v:9.000)-(t:10.248-v:8.000)-(t:16.453-v:7.000)-(t:20.739-v:6.000)-(t:22.747-v:5.000)-(t:43.429-v:4.000)-(t:49.552-v:3.000)-(t:61.168-v:2.000)-(t:198.928-v:1.000)],300.000
examples/csp/csp_300/carseq_300_8_20_81.txt,dqn,300,,,
examples/csp/csp_300/pb_300_06.txt,dqn,300,,,
examples/csp/csp_300/pb_300_07.txt,dqn,300,,,
examples/csp/csp_300/pb_300_08.txt,dqn,300,,,
examples/csp/csp_300/pb_300_09.txt,dqn,300,,,
examples/csp/csp_300/pb_300_10.txt,dqn,300,,,
examples/csp/csp_100/carseq_100_8_20_62.txt,dqn,300,0,[(t:4.814-v:126.000)-(t:4.860-v:125.000)-(t:4.871-v:119.000)-(t:4.880-v:118.000)-(t:4.890-v:117.000)-(t:4.902-v:116.000)-(t:4.909-v:112.000)-(t:4.926-v:111.000)-(t:4.934-v:109.000)-(t:4.942-v:106.000)-(t:4.950-v:104.000)-(t:4.958-v:103.000)-(t:4.966-v:102.000)-(t:4.974-v:98.000)-(t:4.985-v:97.000)-(t:4.996-v:96.000)-(t:5.007-v:95.000)-(t:5.018-v:94.000)-(t:5.027-v:93.000)-(t:5.035-v:91.000)-(t:5.045-v:89.000)-(t:5.052-v:88.000)-(t:5.061-v:85.000)-(t:5.069-v:82.000)-(t:5.076-v:81.000)-(t:5.084-v:80.000)-(t:5.091-v:78.000)-(t:5.101-v:77.000)-(t:5.109-v:76.000)-(t:5.117-v:75.000)-(t:5.128-v:74.000)-(t:5.136-v:73.000)-(t:5.144-v:72.000)-(t:5.153-v:71.000)-(t:5.161-v:70.000)-(t:5.172-v:69.000)-(t:5.184-v:68.000)-(t:5.194-v:66.000)-(t:5.202-v:62.000)-(t:5.211-v:61.000)-(t:5.219-v:60.000)-(t:5.241-v:59.000)-(t:5.249-v:58.000)-(t:5.256-v:57.000)-(t:5.265-v:56.000)-(t:5.273-v:55.000)-(t:5.280-v:54.000)-(t:5.288-v:53.000)-(t:5.295-v:52.000)-(t:5.304-v:51.000)-(t:5.313-v:50.000)-(t:5.321-v:48.000)-(t:5.329-v:47.000)-(t:5.336-v:46.000)-(t:5.345-v:45.000)-(t:5.352-v:44.000)-(t:5.363-v:43.000)-(t:5.370-v:42.000)-(t:5.379-v:41.000)-(t:5.397-v:40.000)-(t:5.404-v:38.000)-(t:5.411-v:37.000)-(t:5.426-v:36.000)-(t:5.435-v:35.000)-(t:5.443-v:34.000)-(t:5.453-v:33.000)-(t:5.494-v:32.000)-(t:5.554-v:31.000)-(t:5.570-v:29.000)-(t:5.578-v:28.000)-(t:5.585-v:27.000)-(t:5.610-v:26.000)-(t:5.619-v:25.000)-(t:5.634-v:23.000)-(t:5.645-v:22.000)-(t:5.656-v:21.000)-(t:5.716-v:20.000)-(t:5.725-v:19.000)-(t:5.768-v:18.000)-(t:5.779-v:17.000)-(t:5.796-v:16.000)-(t:5.809-v:15.000)-(t:5.849-v:14.000)-(t:5.858-v:13.000)-(t:5.865-v:12.000)-(t:5.877-v:11.000)-(t:5.953-v:10.000)-(t:5.964-v:9.000)-(t:5.976-v:8.000)-(t:5.990-v:7.000)-(t:6.002-v:6.000)-(t:6.030-v:5.000)-(t:6.159-v:4.000)-(t:6.381-v:3.000)-(t:11.177-v:2.000)-(t:40.434-v:1.000)-(t:44.102-v:0.000)],44.102
examples/csp/csp_100/carseq_100_8_20_67.txt,dqn,300,0,[(t:8.654-v:120.000)-(t:8.667-v:118.000)-(t:8.681-v:117.000)-(t:8.694-v:116.000)-(t:8.704-v:113.000)-(t:8.722-v:112.000)-(t:8.727-v:111.000)-(t:8.733-v:110.000)-(t:8.738-v:109.000)-(t:8.743-v:108.000)-(t:8.753-v:107.000)-(t:8.763-v:106.000)-(t:8.774-v:105.000)-(t:8.784-v:104.000)-(t:8.793-v:103.000)-(t:8.803-v:102.000)-(t:8.815-v:101.000)-(t:8.825-v:99.000)-(t:8.835-v:98.000)-(t:8.845-v:97.000)-(t:8.849-v:96.000)-(t:8.858-v:92.000)-(t:8.869-v:91.000)-(t:8.879-v:90.000)-(t:8.890-v:89.000)-(t:8.896-v:87.000)-(t:8.907-v:86.000)-(t:8.916-v:83.000)-(t:8.926-v:80.000)-(t:8.937-v:79.000)-(t:8.947-v:78.000)-(t:8.961-v:77.000)-(t:8.966-v:76.000)-(t:8.973-v:74.000)-(t:8.982-v:72.000)-(t:8.993-v:71.000)-(t:9.004-v:70.000)-(t:9.014-v:66.000)-(t:9.024-v:65.000)-(t:9.034-v:63.000)-(t:9.045-v:60.000)-(t:9.055-v:59.000)-(t:9.067-v:58.000)-(t:9.075-v:55.000)-(t:9.080-v:54.000)-(t:9.088-v:52.000)-(t:9.097-v:51.000)-(t:9.107-v:50.000)-(t:9.115-v:49.000)-(t:9.124-v:48.000)-(t:9.133-v:47.000)-(t:9.144-v:46.000)-(t:9.155-v:45.000)-(t:9.165-v:44.000)-(t:9.176-v:42.000)-(t:9.187-v:41.000)-(t:9.193-v:39.000)-(t:9.203-v:38.000)-(t:9.213-v:37.000)-(t:9.222-v:36.000)-(t:9.233-v:35.000)-(t:9.243-v:34.000)-(t:9.251-v:32.000)-(t:9.263-v:31.000)-(t:9.272-v:29.000)-(t:9.283-v:27.000)-(t:9.299-v:26.000)-(t:9.309-v:25.000)-(t:9.320-v:24.000)-(t:9.341-v:22.000)-(t:9.353-v:20.000)-(t:9.364-v:19.000)-(t:9.374-v:18.000)-(t:9.385-v:17.000)-(t:9.401-v:16.000)-(t:9.411-v:15.000)-(t:9.424-v:14.000)-(t:9.433-v:13.000)-(t:9.463-v:12.000)-(t:9.481-v:11.000)-(t:9.512-v:10.000)-(t:9.561-v:9.000)-(t:9.574-v:8.000)-(t:9.616-v:7.000)-(t:9.634-v:6.000)-(t:9.657-v:5.000)-(t:9.676-v:4.000)-(t:9.963-v:3.000)-(t:13.907-v:2.000)-(t:22.984-v:1.000)-(t:42.420-v:0.000)],42.420
examples/csp/csp_100/16-81.txt,dqn,300,3,[(t:5.436-v:128.000)-(t:5.482-v:120.000)-(t:5.499-v:115.000)-(t:5.515-v:114.000)-(t:5.525-v:113.000)-(t:5.535-v:111.000)-(t:5.544-v:110.000)-(t:5.554-v:108.000)-(t:5.569-v:107.000)-(t:5.579-v:106.000)-(t:5.589-v:105.000)-(t:5.598-v:101.000)-(t:5.606-v:100.000)-(t:5.616-v:98.000)-(t:5.625-v:97.000)-(t:5.634-v:96.000)-(t:5.643-v:94.000)-(t:5.652-v:91.000)-(t:5.661-v:90.000)-(t:5.669-v:85.000)-(t:5.680-v:82.000)-(t:5.688-v:80.000)-(t:5.697-v:79.000)-(t:5.706-v:77.000)-(t:5.714-v:76.000)-(t:5.724-v:75.000)-(t:5.733-v:74.000)-(t:5.745-v:73.000)-(t:5.754-v:70.000)-(t:5.770-v:69.000)-(t:5.779-v:66.000)-(t:5.788-v:65.000)-(t:5.799-v:64.000)-(t:5.808-v:63.000)-(t:5.818-v:60.000)-(t:5.828-v:59.000)-(t:5.838-v:58.000)-(t:5.849-v:57.000)-(t:5.862-v:56.000)-(t:5.875-v:55.000)-(t:5.885-v:53.000)-(t:5.894-v:52.000)-(t:5.904-v:51.000)-(t:5.913-v:50.000)-(t:5.938-v:49.000)-(t:5.947-v:48.000)-(t:5.959-v:47.000)-(t:5.969-v:44.000)-(t:5.978-v:43.000)-(t:5.987-v:41.000)-(t:5.999-v:38.000)-(t:6.017-v:37.000)-(t:6.034-v:36.000)-(t:6.066-v:35.000)-(t:6.079-v:34.000)-(t:6.101-v:33.000)-(t:6.112-v:32.000)-(t:6.132-v:31.000)-(t:6.139-v:30.000)-(t:6.146-v:29.000)-(t:6.166-v:28.000)-(t:6.178-v:27.000)-(t:6.186-v:26.000)-(t:6.194-v:25.000)-(t:6.203-v:24.000)-(t:6.220-v:23.000)-(t:6.245-v:22.000)-(t:6.266-v:21.000)-(t:6.285-v:20.000)-(t:6.293-v:19.000)-(t:6.311-v:18.000)-(t:6.324-v:17.000)-(t:6.334-v:16.000)-(t:6.345-v:15.000)-(t:6.414-v:14.000)-(t:6.424-v:13.000)-(t:6.459-v:12.000)-(t:6.471-v:11.000)-(t:6.482-v:10.000)-(t:6.495-v:9.000)-(t:6.511-v:8.000)-(t:6.525-v:7.000)-(t:6.539-v:6.000)-(t:7.101-v:5.000)-(t:7.111-v:4.000)-(t:262.454-v:3.000)],300.000
examples/csp/csp_100/21-90.txt,dqn,300,2,[(t:5.949-v:113.000)-(t:5.968-v:111.000)-(t:5.977-v:108.000)-(t:5.987-v:106.000)-(t:6.000-v:103.000)-(t:6.008-v:100.000)-(t:6.019-v:98.000)-(t:6.031-v:97.000)-(t:6.041-v:96.000)-(t:6.048-v:95.000)-(t:6.065-v:94.000)-(t:6.086-v:91.000)-(t:6.109-v:89.000)-(t:6.130-v:88.000)-(t:6.153-v:85.000)-(t:6.165-v:81.000)-(t:6.174-v:79.000)-(t:6.183-v:76.000)-(t:6.191-v:75.000)-(t:6.201-v:73.000)-(t:6.209-v:71.000)-(t:6.225-v:70.000)-(t:6.234-v:69.000)-(t:6.245-v:68.000)-(t:6.255-v:66.000)-(t:6.264-v:65.000)-(t:6.274-v:64.000)-(t:6.284-v:63.000)-(t:6.300-v:62.000)-(t:6.309-v:60.000)-(t:6.317-v:59.000)-(t:6.328-v:58.000)-(t:6.335-v:57.000)-(t:6.344-v:55.000)-(t:6.353-v:54.000)-(t:6.362-v:49.000)-(t:6.370-v:48.000)-(t:6.398-v:47.000)-(t:6.410-v:46.000)-(t:6.424-v:45.000)-(t:6.434-v:44.000)-(t:6.446-v:43.000)-(t:6.461-v:42.000)-(t:6.475-v:41.000)-(t:6.502-v:40.000)-(t:6.512-v:39.000)-(t:6.521-v:38.000)-(t:6.530-v:37.000)-(t:6.539-v:36.000)-(t:6.548-v:35.000)-(t:6.560-v:34.000)-(t:6.568-v:33.000)-(t:6.577-v:32.000)-(t:6.587-v:31.000)-(t:6.594-v:30.000)-(t:6.607-v:29.000)-(t:6.618-v:28.000)-(t:6.628-v:27.000)-(t:6.640-v:26.000)-(t:6.651-v:25.000)-(t:6.660-v:23.000)-(t:6.670-v:22.000)-(t:6.695-v:21.000)-(t:6.707-v:20.000)-(t:6.735-v:19.000)-(t:6.744-v:18.000)-(t:6.756-v:17.000)-(t:6.773-v:16.000)-(t:6.786-v:15.000)-(t:6.824-v:14.000)-(t:6.839-v:13.000)-(t:6.880-v:11.000)-(t:6.929-v:10.000)-(t:6.951-v:9.000)-(t:6.964-v:8.000)-(t:6.976-v:7.000)-(t:6.989-v:6.000)-(t:7.018-v:5.000)-(t:7.063-v:4.000)-(t:7.074-v:3.000)-(t:7.540-v:2.000)],7.120
examples/csp/csp_100/36-92.txt,dqn,300,2,[(t:6.329-v:128.000)-(t:6.385-v:124.000)-(t:6.394-v:123.000)-(t:6.407-v:122.000)-(t:6.414-v:121.000)-(t:6.420-v:120.000)-(t:6.427-v:119.000)-(t:6.433-v:118.000)-(t:6.440-v:117.000)-(t:6.447-v:116.000)-(t:6.453-v:115.000)-(t:6.461-v:113.000)-(t:6.467-v:111.000)-(t:6.474-v:110.000)-(t:6.480-v:108.000)-(t:6.488-v:107.000)-(t:6.495-v:106.000)-(t:6.503-v:104.000)-(t:6.511-v:101.000)-(t:6.519-v:98.000)-(t:6.533-v:96.000)-(t:6.541-v:91.000)-(t:6.550-v:89.000)-(t:6.558-v:88.000)-(t:6.565-v:87.000)-(t:6.574-v:86.000)-(t:6.582-v:85.000)-(t:6.591-v:83.000)-(t:6.603-v:82.000)-(t:6.611-v:81.000)-(t:6.620-v:80.000)-(t:6.629-v:79.000)-(t:6.637-v:76.000)-(t:6.647-v:75.000)-(t:6.656-v:74.000)-(t:6.675-v:73.000)-(t:6.684-v:71.000)-(t:6.693-v:69.000)-(t:6.710-v:68.000)-(t:6.719-v:67.000)-(t:6.726-v:66.000)-(t:6.734-v:65.000)-(t:6.743-v:63.000)-(t:6.752-v:62.000)-(t:6.759-v:61.000)-(t:6.767-v:60.000)-(t:6.774-v:59.000)-(t:6.782-v:58.000)-(t:6.789-v:57.000)-(t:6.797-v:56.000)-(t:6.806-v:55.000)-(t:6.813-v:54.000)-(t:6.821-v:53.000)-(t:6.829-v:52.000)-(t:6.838-v:51.000)-(t:6.846-v:50.000)-(t:6.854-v:49.000)-(t:6.861-v:48.000)-(t:6.873-v:47.000)-(t:6.881-v:46.000)-(t:6.889-v:44.000)-(t:6.897-v:43.000)-(t:6.904-v:42.000)-(t:6.912-v:40.000)-(t:6.920-v:39.000)-(t:6.929-v:38.000)-(t:6.938-v:37.000)-(t:6.945-v:36.000)-(t:6.952-v:35.000)-(t:6.959-v:34.000)-(t:6.968-v:33.000)-(t:6.982-v:31.000)-(t:6.989-v:30.000)-(t:6.996-v:29.000)-(t:7.025-v:28.000)-(t:7.035-v:27.000)-(t:7.042-v:26.000)-(t:7.067-v:25.000)-(t:7.085-v:24.000)-(t:7.110-v:23.000)-(t:7.130-v:22.000)-(t:7.140-v:21.000)-(t:7.231-v:20.000)-(t:7.242-v:19.000)-(t:7.262-v:18.000)-(t:7.273-v:17.000)-(t:7.283-v:16.000)-(t:7.295-v:15.000)-(t:7.305-v:14.000)-(t:7.316-v:13.000)-(t:7.341-v:12.000)-(t:7.357-v:11.000)-(t:7.424-v:10.000)-(t:12.400-v:9.000)-(t:12.572-v:8.000)-(t:12.744-v:7.000)-(t:12.917-v:6.000)-(t:13.090-v:5.000)-(t:35.513-v:4.000)-(t:35.683-v:3.000)-(t:36.055-v:2.000)],25.500
examples/csp/csp_100/4-72.txt,dqn,300,1,[(t:6.135-v:123.000)-(t:6.150-v:121.000)-(t:6.161-v:120.000)-(t:6.168-v:119.000)-(t:6.178-v:116.000)-(t:6.185-v:115.000)-(t:6.192-v:110.000)-(t:6.199-v:109.000)-(t:6.205-v:108.000)-(t:6.212-v:106.000)-(t:6.218-v:105.000)-(t:6.225-v:102.000)-(t:6.231-v:101.000)-(t:6.242-v:100.000)-(t:6.250-v:98.000)-(t:6.257-v:97.000)-(t:6.264-v:94.000)-(t:6.272-v:92.000)-(t:6.287-v:90.000)-(t:6.294-v:89.000)-(t:6.301-v:88.000)-(t:6.309-v:87.000)-(t:6.316-v:86.000)-(t:6.323-v:85.000)-(t:6.330-v:84.000)-(t:6.338-v:82.000)-(t:6.346-v:80.000)-(t:6.353-v:79.000)-(t:6.360-v:78.000)-(t:6.369-v:77.000)-(t:6.377-v:76.000)-(t:6.384-v:75.000)-(t:6.393-v:74.000)-(t:6.400-v:73.000)-(t:6.408-v:72.000)-(t:6.415-v:70.000)-(t:6.422-v:69.000)-(t:6.428-v:68.000)-(t:6.435-v:65.000)-(t:6.442-v:64.000)-(t:6.450-v:63.000)-(t:6.458-v:62.000)-(t:6.469-v:61.000)-(t:6.476-v:58.000)-(t:6.483-v:56.000)-(t:6.490-v:55.000)-(t:6.498-v:54.000)-(t:6.504-v:53.000)-(t:6.510-v:50.000)-(t:6.517-v:49.000)-(t:6.524-v:47.000)-(t:6.532-v:46.000)-(t:6.538-v:44.000)-(t:6.546-v:43.000)-(t:6.553-v:42.000)-(t:6.561-v:41.000)-(t:6.579-v:40.000)-(t:6.586-v:39.000)-(t:6.594-v:38.000)-(t:6.601-v:37.000)-(t:6.609-v:36.000)-(t:6.616-v:34.000)-(t:6.623-v:33.000)-(t:6.636-v:32.000)-(t:6.645-v:31.000)-(t:6.653-v:30.000)-(t:6.669-v:29.000)-(t:6.676-v:28.000)-(t:6.693-v:27.000)-(t:6.700-v:26.000)-(t:6.707-v:24.000)-(t:6.721-v:23.000)-(t:6.728-v:22.000)-(t:6.736-v:21.000)-(t:6.749-v:20.000)-(t:6.757-v:19.000)-(t:6.785-v:18.000)-(t:6.810-v:17.000)-(t:6.820-v:16.000)-(t:6.846-v:15.000)-(t:6.919-v:14.000)-(t:6.962-v:13.000)-(t:6.973-v:12.000)-(t:6.984-v:11.000)-(t:7.484-v:10.000)-(t:7.745-v:9.000)-(t:8.003-v:8.000)-(t:8.174-v:7.000)-(t:8.358-v:6.000)-(t:17.914-v:5.000)-(t:18.089-v:4.000)-(t:25.788-v:3.000)-(t:40.786-v:2.000)-(t:57.662-v:1.000)],300.000
examples/csp/csp_100/carseq_100_8_20_73.txt,dqn,300,0,[(t:7.788-v:115.000)-(t:7.815-v:113.000)-(t:7.837-v:112.000)-(t:7.846-v:110.000)-(t:7.853-v:109.000)-(t:7.863-v:106.000)-(t:7.874-v:105.000)-(t:7.891-v:101.000)-(t:7.899-v:99.000)-(t:7.908-v:96.000)-(t:7.917-v:93.000)-(t:7.925-v:89.000)-(t:7.931-v:86.000)-(t:7.937-v:85.000)-(t:7.943-v:84.000)-(t:7.949-v:82.000)-(t:7.955-v:81.000)-(t:7.962-v:80.000)-(t:7.968-v:79.000)-(t:7.974-v:78.000)-(t:7.980-v:76.000)-(t:7.986-v:74.000)-(t:7.993-v:72.000)-(t:7.999-v:71.000)-(t:8.005-v:70.000)-(t:8.011-v:68.000)-(t:8.018-v:64.000)-(t:8.023-v:63.000)-(t:8.029-v:61.000)-(t:8.042-v:59.000)-(t:8.053-v:57.000)-(t:8.061-v:56.000)-(t:8.067-v:54.000)-(t:8.075-v:52.000)-(t:8.082-v:51.000)-(t:8.089-v:50.000)-(t:8.115-v:49.000)-(t:8.123-v:48.000)-(t:8.130-v:46.000)-(t:8.136-v:45.000)-(t:8.143-v:44.000)-(t:8.149-v:42.000)-(t:8.155-v:41.000)-(t:8.162-v:38.000)-(t:8.176-v:37.000)-(t:8.184-v:36.000)-(t:8.192-v:35.000)-(t:8.201-v:34.000)-(t:8.209-v:33.000)-(t:8.223-v:31.000)-(t:8.234-v:30.000)-(t:8.242-v:28.000)-(t:8.252-v:27.000)-(t:8.260-v:25.000)-(t:8.290-v:24.000)-(t:8.299-v:22.000)-(t:8.309-v:21.000)-(t:8.318-v:20.000)-(t:8.353-v:19.000)-(t:8.364-v:18.000)-(t:8.376-v:17.000)-(t:8.420-v:16.000)-(t:8.435-v:15.000)-(t:8.458-v:14.000)-(t:8.471-v:13.000)-(t:8.537-v:12.000)-(t:8.546-v:11.000)-(t:8.559-v:10.000)-(t:8.588-v:9.000)-(t:8.641-v:8.000)-(t:8.654-v:7.000)-(t:8.671-v:6.000)-(t:8.699-v:5.000)-(t:8.711-v:4.000)-(t:8.990-v:3.000)-(t:8.999-v:2.000)-(t:9.005-v:1.000)-(t:9.081-v:0.000)],9.081
examples/csp/csp_100/6-76.txt,dqn,300,6,[(t:6.313-v:107.000)-(t:6.346-v:101.000)-(t:6.364-v:100.000)-(t:6.376-v:98.000)-(t:6.387-v:96.000)-(t:6.394-v:92.000)-(t:6.412-v:91.000)-(t:6.419-v:90.000)-(t:6.426-v:89.000)-(t:6.437-v:88.000)-(t:6.445-v:87.000)-(t:6.452-v:84.000)-(t:6.458-v:82.000)-(t:6.465-v:80.000)-(t:6.472-v:79.000)-(t:6.481-v:78.000)-(t:6.487-v:77.000)-(t:6.495-v:76.000)-(t:6.502-v:74.000)-(t:6.508-v:73.000)-(t:6.515-v:72.000)-(t:6.522-v:71.000)-(t:6.533-v:69.000)-(t:6.542-v:68.000)-(t:6.549-v:67.000)-(t:6.557-v:66.000)-(t:6.565-v:65.000)-(t:6.574-v:63.000)-(t:6.581-v:62.000)-(t:6.588-v:61.000)-(t:6.596-v:60.000)-(t:6.603-v:59.000)-(t:6.612-v:58.000)-(t:6.628-v:57.000)-(t:6.635-v:55.000)-(t:6.643-v:54.000)-(t:6.651-v:53.000)-(t:6.658-v:52.000)-(t:6.665-v:51.000)-(t:6.672-v:50.000)-(t:6.681-v:49.000)-(t:6.689-v:48.000)-(t:6.697-v:45.000)-(t:6.705-v:44.000)-(t:6.732-v:43.000)-(t:6.740-v:41.000)-(t:6.749-v:40.000)-(t:6.756-v:39.000)-(t:6.763-v:37.000)-(t:6.781-v:36.000)-(t:6.791-v:35.000)-(t:6.802-v:34.000)-(t:6.808-v:33.000)-(t:6.819-v:32.000)-(t:6.833-v:31.000)-(t:6.841-v:30.000)-(t:6.853-v:29.000)-(t:6.877-v:28.000)-(t:6.906-v:27.000)-(t:6.926-v:26.000)-(t:6.945-v:25.000)-(t:6.962-v:24.000)-(t:6.971-v:23.000)-(t:6.980-v:22.000)-(t:6.992-v:21.000)-(t:7.001-v:19.000)-(t:7.020-v:18.000)-(t:7.029-v:17.000)-(t:7.057-v:16.000)-(t:7.083-v:15.000)-(t:7.091-v:14.000)-(t:7.104-v:13.000)-(t:7.123-v:12.000)-(t:7.132-v:11.000)-(t:7.169-v:10.000)-(t:7.214-v:9.000)-(t:7.248-v:8.000)-(t:7.265-v:7.000)-(t:7.662-v:6.000)],7.096
examples/csp/csp_100/carseq_100_8_20_64.txt,dqn,300,1,[(t:5.399-v:143.000)-(t:5.435-v:142.000)-(t:5.442-v:137.000)-(t:5.448-v:128.000)-(t:5.456-v:127.000)-(t:5.473-v:122.000)-(t:5.488-v:121.000)-(t:5.498-v:120.000)-(t:5.507-v:118.000)-(t:5.519-v:117.000)-(t:5.528-v:115.000)-(t:5.537-v:113.000)-(t:5.545-v:107.000)-(t:5.553-v:103.000)-(t:5.563-v:101.000)-(t:5.573-v:100.000)-(t:5.581-v:99.000)-(t:5.591-v:98.000)-(t:5.599-v:96.000)-(t:5.607-v:93.000)-(t:5.615-v:92.000)-(t:5.623-v:91.000)-(t:5.631-v:90.000)-(t:5.640-v:89.000)-(t:5.647-v:88.000)-(t:5.655-v:81.000)-(t:5.663-v:80.000)-(t:5.671-v:79.000)-(t:5.680-v:77.000)-(t:5.687-v:76.000)-(t:5.695-v:75.000)-(t:5.703-v:74.000)-(t:5.711-v:73.000)-(t:5.748-v:72.000)-(t:5.766-v:71.000)-(t:5.774-v:69.000)-(t:5.788-v:68.000)-(t:5.797-v:67.000)-(t:5.805-v:66.000)-(t:5.815-v:65.000)-(t:5.823-v:64.000)-(t:5.830-v:63.000)-(t:5.838-v:62.000)-(t:5.852-v:60.000)-(t:5.860-v:58.000)-(t:5.867-v:55.000)-(t:5.877-v:54.000)-(t:5.886-v:53.000)-(t:5.900-v:52.000)-(t:5.910-v:51.000)-(t:5.918-v:50.000)-(t:5.926-v:49.000)-(t:5.940-v:48.000)-(t:5.948-v:47.000)-(t:5.957-v:46.000)-(t:5.966-v:45.000)-(t:5.973-v:44.000)-(t:5.982-v:43.000)-(t:5.992-v:42.000)-(t:5.998-v:41.000)-(t:6.006-v:40.000)-(t:6.017-v:39.000)-(t:6.027-v:38.000)-(t:6.037-v:37.000)-(t:6.044-v:36.000)-(t:6.051-v:34.000)-(t:6.059-v:33.000)-(t:6.069-v:32.000)-(t:6.092-v:31.000)-(t:6.124-v:30.000)-(t:6.136-v:29.000)-(t:6.143-v:28.000)-(t:6.160-v:27.000)-(t:6.167-v:26.000)-(t:6.175-v:25.000)-(t:6.183-v:23.000)-(t:6.190-v:22.000)-(t:6.216-v:21.000)-(t:6.249-v:20.000)-(t:6.259-v:19.000)-(t:6.282-v:18.000)-(t:6.292-v:17.000)-(t:6.331-v:16.000)-(t:6.348-v:15.000)-(t:6.385-v:14.000)-(t:6.403-v:13.000)-(t:6.425-v:12.000)-(t:6.699-v:11.000)-(t:6.715-v:10.000)-(t:6.732-v:9.000)-(t:6.771-v:8.000)-(t:6.778-v:7.000)-(t:6.791-v:6.000)-(t:8.524-v:5.000)-(t:8.741-v:4.000)-(t:13.452-v:3.000)-(t:13.532-v:2.000)-(t:13.723-v:1.000)],300.000
examples/csp/csp_100/carseq_100_8_20_77.txt,dqn,300,0,[(t:8.076-v:106.000)-(t:8.087-v:105.000)-(t:8.102-v:101.000)-(t:8.117-v:99.000)-(t:8.146-v:98.000)-(t:8.154-v:96.000)-(t:8.164-v:95.000)-(t:8.175-v:90.000)-(t:8.185-v:89.000)-(t:8.195-v:88.000)-(t:8.204-v:87.000)-(t:8.213-v:86.000)-(t:8.225-v:84.000)-(t:8.234-v:83.000)-(t:8.244-v:81.000)-(t:8.253-v:80.000)-(t:8.269-v:78.000)-(t:8.285-v:76.000)-(t:8.297-v:73.000)-(t:8.308-v:71.000)-(t:8.318-v:70.000)-(t:8.327-v:68.000)-(t:8.336-v:67.000)-(t:8.347-v:63.000)-(t:8.355-v:62.000)-(t:8.366-v:61.000)-(t:8.376-v:60.000)-(t:8.386-v:57.000)-(t:8.396-v:56.000)-(t:8.406-v:55.000)-(t:8.421-v:54.000)-(t:8.429-v:53.000)-(t:8.438-v:51.000)-(t:8.452-v:50.000)-(t:8.460-v:48.000)-(t:8.466-v:47.000)-(t:8.474-v:46.000)-(t:8.480-v:44.000)-(t:8.490-v:43.000)-(t:8.497-v:42.000)-(t:8.504-v:41.000)-(t:8.510-v:39.000)-(t:8.518-v:38.000)-(t:8.525-v:37.000)-(t:8.531-v:36.000)-(t:8.538-v:34.000)-(t:8.546-v:33.000)-(t:8.553-v:32.000)-(t:8.560-v:31.000)-(t:8.565-v:30.000)-(t:8.571-v:29.000)-(t:8.584-v:28.000)-(t:8.589-v:27.000)-(t:8.604-v:26.000)-(t:8.618-v:25.000)-(t:8.655-v:24.000)-(t:8.677-v:23.000)-(t:8.688-v:22.000)-(t:8.696-v:21.000)-(t:8.709-v:20.000)-(t:8.730-v:19.000)-(t:8.738-v:18.000)-(t:8.749-v:17.000)-(t:8.761-v:16.000)-(t:8.823-v:15.000)-(t:8.847-v:14.000)-(t:8.860-v:13.000)-(t:8.887-v:12.000)-(t:8.898-v:11.000)-(t:8.907-v:10.000)-(t:8.917-v:9.000)-(t:8.942-v:8.000)-(t:9.000-v:7.000)-(t:9.033-v:6.000)-(t:9.057-v:5.000)-(t:9.076-v:4.000)-(t:9.334-v:3.000)-(t:9.526-v:2.000)-(t:11.456-v:1.000)-(t:18.694-v:0.000)],18.694
examples/csp/csp_100/carseq_100_8_20_72.txt,dqn,300,0,[(t:8.962-v:116.000)-(t:8.974-v:111.000)-(t:8.991-v:110.000)-(t:8.997-v:108.000)-(t:9.004-v:107.000)-(t:9.009-v:106.000)-(t:9.031-v:100.000)-(t:9.038-v:93.000)-(t:9.049-v:92.000)-(t:9.065-v:91.000)-(t:9.071-v:90.000)-(t:9.078-v:88.000)-(t:9.084-v:87.000)-(t:9.090-v:85.000)-(t:9.101-v:84.000)-(t:9.108-v:82.000)-(t:9.114-v:81.000)-(t:9.121-v:79.000)-(t:9.127-v:77.000)-(t:9.135-v:76.000)-(t:9.142-v:75.000)-(t:9.149-v:73.000)-(t:9.156-v:71.000)-(t:9.163-v:70.000)-(t:9.173-v:69.000)-(t:9.180-v:68.000)-(t:9.186-v:67.000)-(t:9.193-v:66.000)-(t:9.199-v:65.000)-(t:9.206-v:62.000)-(t:9.212-v:61.000)-(t:9.218-v:60.000)-(t:9.225-v:58.000)-(t:9.233-v:57.000)-(t:9.239-v:56.000)-(t:9.245-v:54.000)-(t:9.251-v:52.000)-(t:9.258-v:50.000)-(t:9.266-v:49.000)-(t:9.273-v:48.000)-(t:9.288-v:46.000)-(t:9.294-v:45.000)-(t:9.300-v:44.000)-(t:9.307-v:43.000)-(t:9.313-v:42.000)-(t:9.321-v:41.000)-(t:9.328-v:40.000)-(t:9.335-v:39.000)-(t:9.341-v:38.000)-(t:9.353-v:37.000)-(t:9.369-v:36.000)-(t:9.375-v:35.000)-(t:9.384-v:34.000)-(t:9.392-v:33.000)-(t:9.399-v:32.000)-(t:9.411-v:31.000)-(t:9.418-v:30.000)-(t:9.437-v:29.000)-(t:9.445-v:27.000)-(t:9.452-v:26.000)-(t:9.464-v:25.000)-(t:9.479-v:24.000)-(t:9.484-v:23.000)-(t:9.502-v:22.000)-(t:9.510-v:21.000)-(t:9.536-v:20.000)-(t:9.543-v:19.000)-(t:9.555-v:18.000)-(t:9.575-v:17.000)-(t:9.593-v:15.000)-(t:9.599-v:14.000)-(t:9.606-v:13.000)-(t:9.613-v:12.000)-(t:9.638-v:11.000)-(t:9.681-v:10.000)-(t:9.714-v:9.000)-(t:9.733-v:8.000)-(t:9.755-v:7.000)-(t:9.999-v:6.000)-(t:10.858-v:5.000)-(t:11.061-v:4.000)-(t:13.443-v:3.000)-(t:16.288-v:2.000)-(t:18.282-v:1.000)-(t:35.089-v:0.000)],35.089
examples/csp/csp_100/carseq_100_8_20_90.txt,dqn,300,0,[(t:5.472-v:122.000)-(t:5.489-v:118.000)-(t:5.505-v:114.000)-(t:5.511-v:113.000)-(t:5.517-v:110.000)-(t:5.524-v:109.000)-(t:5.541-v:107.000)-(t:5.547-v:103.000)-(t:5.553-v:98.000)-(t:5.561-v:94.000)-(t:5.572-v:93.000)-(t:5.579-v:91.000)-(t:5.588-v:90.000)-(t:5.595-v:88.000)-(t:5.612-v:87.000)-(t:5.621-v:86.000)-(t:5.630-v:83.000)-(t:5.641-v:81.000)-(t:5.649-v:80.000)-(t:5.655-v:79.000)-(t:5.663-v:78.000)-(t:5.677-v:77.000)-(t:5.687-v:76.000)-(t:5.694-v:75.000)-(t:5.700-v:70.000)-(t:5.707-v:69.000)-(t:5.714-v:68.000)-(t:5.722-v:67.000)-(t:5.728-v:64.000)-(t:5.734-v:63.000)-(t:5.740-v:61.000)-(t:5.747-v:59.000)-(t:5.754-v:57.000)-(t:5.761-v:56.000)-(t:5.771-v:55.000)-(t:5.781-v:54.000)-(t:5.787-v:53.000)-(t:5.795-v:52.000)-(t:5.804-v:50.000)-(t:5.814-v:49.000)-(t:5.860-v:48.000)-(t:5.870-v:47.000)-(t:5.878-v:44.000)-(t:5.886-v:43.000)-(t:5.911-v:42.000)-(t:5.920-v:41.000)-(t:5.937-v:40.000)-(t:5.944-v:38.000)-(t:5.957-v:37.000)-(t:5.964-v:36.000)-(t:5.974-v:35.000)-(t:5.982-v:34.000)-(t:5.991-v:33.000)-(t:6.003-v:32.000)-(t:6.022-v:31.000)-(t:6.033-v:30.000)-(t:6.048-v:29.000)-(t:6.057-v:28.000)-(t:6.065-v:27.000)-(t:6.076-v:26.000)-(t:6.088-v:25.000)-(t:6.105-v:22.000)-(t:6.113-v:21.000)-(t:6.124-v:20.000)-(t:6.132-v:19.000)-(t:6.140-v:18.000)-(t:6.148-v:17.000)-(t:6.156-v:16.000)-(t:6.169-v:15.000)-(t:6.189-v:14.000)-(t:6.217-v:13.000)-(t:6.237-v:12.000)-(t:6.262-v:11.000)-(t:6.293-v:10.000)-(t:6.344-v:9.000)-(t:6.397-v:8.000)-(t:6.577-v:7.000)-(t:6.602-v:6.000)-(t:6.852-v:5.000)-(t:6.910-v:4.000)-(t:8.332-v:3.000)-(t:10.269-v:2.000)-(t:11.871-v:1.000)-(t:18.181-v:0.000)],18.181
examples/csp/csp_100/carseq_100_8_20_94.txt,dqn,300,0,[(t:5.562-v:122.000)-(t:5.600-v:118.000)-(t:5.609-v:116.000)-(t:5.622-v:114.000)-(t:5.632-v:112.000)-(t:5.643-v:111.000)-(t:5.653-v:109.000)-(t:5.672-v:108.000)-(t:5.688-v:107.000)-(t:5.698-v:106.000)-(t:5.707-v:105.000)-(t:5.717-v:104.000)-(t:5.727-v:103.000)-(t:5.736-v:102.000)-(t:5.746-v:101.000)-(t:5.756-v:98.000)-(t:5.767-v:96.000)-(t:5.777-v:95.000)-(t:5.785-v:94.000)-(t:5.796-v:92.000)-(t:5.805-v:90.000)-(t:5.814-v:89.000)-(t:5.825-v:87.000)-(t:5.835-v:86.000)-(t:5.844-v:82.000)-(t:5.853-v:81.000)-(t:5.862-v:80.000)-(t:5.873-v:79.000)-(t:5.882-v:78.000)-(t:5.892-v:76.000)-(t:5.901-v:75.000)-(t:5.909-v:74.000)-(t:5.916-v:73.000)-(t:5.922-v:72.000)-(t:5.929-v:70.000)-(t:5.935-v:69.000)-(t:5.942-v:68.000)-(t:5.953-v:67.000)-(t:5.960-v:65.000)-(t:5.966-v:64.000)-(t:5.972-v:62.000)-(t:5.980-v:59.000)-(t:5.989-v:58.000)-(t:5.997-v:57.000)-(t:6.005-v:56.000)-(t:6.013-v:55.000)-(t:6.022-v:54.000)-(t:6.033-v:53.000)-(t:6.051-v:52.000)-(t:6.060-v:50.000)-(t:6.076-v:49.000)-(t:6.086-v:48.000)-(t:6.098-v:47.000)-(t:6.107-v:46.000)-(t:6.113-v:44.000)-(t:6.121-v:43.000)-(t:6.132-v:42.000)-(t:6.143-v:41.000)-(t:6.153-v:40.000)-(t:6.160-v:39.000)-(t:6.174-v:38.000)-(t:6.183-v:37.000)-(t:6.192-v:36.000)-(t:6.203-v:35.000)-(t:6.241-v:34.000)-(t:6.248-v:33.000)-(t:6.255-v:32.000)-(t:6.271-v:30.000)-(t:6.288-v:29.000)-(t:6.296-v:27.000)-(t:6.309-v:26.000)-(t:6.321-v:25.000)-(t:6.328-v:24.000)-(t:6.339-v:23.000)-(t:6.349-v:22.000)-(t:6.358-v:20.000)-(t:6.365-v:19.000)-(t:6.386-v:18.000)-(t:6.432-v:17.000)-(t:6.481-v:16.000)-(t:6.529-v:15.000)-(t:6.553-v:14.000)-(t:6.563-v:13.000)-(t:6.572-v:12.000)-(t:6.581-v:10.000)-(t:6.592-v:9.000)-(t:6.599-v:8.000)-(t:6.653-v:7.000)-(t:6.665-v:6.000)-(t:6.679-v:5.000)-(t:7.095-v:4.000)-(t:7.121-v:3.000)-(t:7.289-v:2.000)-(t:19.364-v:1.000)-(t:53.217-v:0.000)],53.217
examples/csp/csp_100/carseq_100_8_20_71.txt,dqn,300,1,[(t:9.494-v:117.000)-(t:9.528-v:109.000)-(t:9.535-v:107.000)-(t:9.544-v:106.000)-(t:9.555-v:103.000)-(t:9.565-v:100.000)-(t:9.581-v:98.000)-(t:9.596-v:96.000)-(t:9.607-v:94.000)-(t:9.619-v:93.000)-(t:9.628-v:92.000)-(t:9.637-v:90.000)-(t:9.647-v:88.000)-(t:9.658-v:87.000)-(t:9.670-v:82.000)-(t:9.681-v:81.000)-(t:9.691-v:79.000)-(t:9.702-v:78.000)-(t:9.712-v:76.000)-(t:9.723-v:74.000)-(t:9.733-v:73.000)-(t:9.738-v:72.000)-(t:9.743-v:71.000)-(t:9.750-v:69.000)-(t:9.760-v:68.000)-(t:9.774-v:67.000)-(t:9.783-v:66.000)-(t:9.794-v:65.000)-(t:9.808-v:64.000)-(t:9.817-v:63.000)-(t:9.827-v:62.000)-(t:9.837-v:61.000)-(t:9.845-v:60.000)-(t:9.849-v:59.000)-(t:9.859-v:58.000)-(t:9.869-v:57.000)-(t:9.880-v:54.000)-(t:9.891-v:53.000)-(t:9.912-v:52.000)-(t:9.923-v:51.000)-(t:9.944-v:50.000)-(t:9.952-v:49.000)-(t:9.962-v:48.000)-(t:9.985-v:47.000)-(t:9.996-v:46.000)-(t:10.006-v:45.000)-(t:10.018-v:44.000)-(t:10.030-v:43.000)-(t:10.051-v:42.000)-(t:10.062-v:41.000)-(t:10.071-v:39.000)-(t:10.080-v:38.000)-(t:10.090-v:37.000)-(t:10.097-v:36.000)-(t:10.107-v:35.000)-(t:10.117-v:34.000)-(t:10.139-v:33.000)-(t:10.150-v:32.000)-(t:10.159-v:31.000)-(t:10.170-v:30.000)-(t:10.185-v:29.000)-(t:10.225-v:28.000)-(t:10.235-v:27.000)-(t:10.247-v:26.000)-(t:10.253-v:25.000)-(t:10.273-v:24.000)-(t:10.283-v:23.000)-(t:10.313-v:21.000)-(t:10.336-v:20.000)-(t:10.348-v:19.000)-(t:10.365-v:18.000)-(t:10.389-v:17.000)-(t:10.495-v:16.000)-(t:10.555-v:15.000)-(t:10.567-v:14.000)-(t:10.584-v:13.000)-(t:10.595-v:12.000)-(t:10.616-v:11.000)-(t:10.628-v:10.000)-(t:10.676-v:9.000)-(t:11.103-v:8.000)-(t:11.115-v:7.000)-(t:11.145-v:6.000)-(t:11.166-v:5.000)-(t:11.338-v:4.000)-(t:11.357-v:3.000)-(t:23.601-v:2.000)-(t:24.166-v:1.000)],300.000
examples/csp/csp_100/carseq_100_8_20_88.txt,dqn,300,0,[(t:4.804-v:116.000)-(t:4.826-v:114.000)-(t:4.835-v:113.000)-(t:4.842-v:111.000)-(t:4.860-v:108.000)-(t:4.872-v:105.000)-(t:4.882-v:104.000)-(t:4.891-v:103.000)-(t:4.900-v:100.000)-(t:4.909-v:98.000)-(t:4.917-v:97.000)-(t:4.926-v:96.000)-(t:4.935-v:94.000)-(t:4.943-v:93.000)-(t:4.952-v:92.000)-(t:4.960-v:91.000)-(t:4.971-v:90.000)-(t:4.980-v:89.000)-(t:4.988-v:88.000)-(t:4.996-v:86.000)-(t:5.005-v:84.000)-(t:5.014-v:83.000)-(t:5.022-v:82.000)-(t:5.034-v:80.000)-(t:5.041-v:79.000)-(t:5.055-v:78.000)-(t:5.073-v:77.000)-(t:5.081-v:76.000)-(t:5.089-v:75.000)-(t:5.097-v:74.000)-(t:5.104-v:72.000)-(t:5.112-v:71.000)-(t:5.119-v:70.000)-(t:5.151-v:69.000)-(t:5.158-v:67.000)-(t:5.171-v:66.000)-(t:5.179-v:65.000)-(t:5.187-v:63.000)-(t:5.205-v:62.000)-(t:5.213-v:61.000)-(t:5.221-v:60.000)-(t:5.229-v:59.000)-(t:5.247-v:58.000)-(t:5.265-v:57.000)-(t:5.272-v:55.000)-(t:5.281-v:54.000)-(t:5.296-v:53.000)-(t:5.304-v:52.000)-(t:5.313-v:51.000)-(t:5.320-v:50.000)-(t:5.328-v:48.000)-(t:5.337-v:46.000)-(t:5.345-v:45.000)-(t:5.358-v:44.000)-(t:5.390-v:43.000)-(t:5.402-v:42.000)-(t:5.412-v:41.000)-(t:5.431-v:40.000)-(t:5.449-v:39.000)-(t:5.471-v:37.000)-(t:5.485-v:36.000)-(t:5.502-v:35.000)-(t:5.546-v:34.000)-(t:5.571-v:33.000)-(t:5.611-v:32.000)-(t:5.636-v:31.000)-(t:5.646-v:30.000)-(t:5.653-v:27.000)-(t:5.716-v:26.000)-(t:5.724-v:25.000)-(t:5.733-v:24.000)-(t:5.742-v:23.000)-(t:5.750-v:22.000)-(t:5.769-v:21.000)-(t:5.778-v:20.000)-(t:5.793-v:18.000)-(t:5.816-v:16.000)-(t:5.868-v:15.000)-(t:5.879-v:14.000)-(t:5.893-v:13.000)-(t:6.210-v:12.000)-(t:6.219-v:11.000)-(t:6.231-v:10.000)-(t:6.275-v:9.000)-(t:6.287-v:8.000)-(t:9.604-v:7.000)-(t:9.692-v:6.000)-(t:9.788-v:5.000)-(t:11.376-v:3.000)-(t:30.470-v:2.000)-(t:38.965-v:1.000)-(t:115.787-v:0.000)],115.787
examples/csp/csp_200/pb_200_06.txt,dqn,300,,,
examples/csp/csp_200/pb_200_07.txt,dqn,300,,,
examples/csp/csp_200/pb_200_08.txt,dqn,300,,,
examples/csp/csp_200/pb_200_09.txt,dqn,300,,,
examples/csp/csp_200/pb_200_10.txt,dqn,300,,,
examples/csp/csp_300/carseq_300_8_20_38.txt,dqn,300,,,
examples/csp/csp_300/carseq_300_8_20_40.txt,dqn,300,,,
examples/csp/csp_100/carseq_100_8_20_81.txt,dqn,300,1,[(t:7.908-v:102.000)-(t:7.918-v:101.000)-(t:7.941-v:100.000)-(t:7.953-v:98.000)-(t:7.963-v:97.000)-(t:7.971-v:95.000)-(t:7.981-v:94.000)-(t:7.999-v:88.000)-(t:8.008-v:87.000)-(t:8.017-v:85.000)-(t:8.031-v:84.000)-(t:8.042-v:82.000)-(t:8.052-v:80.000)-(t:8.061-v:79.000)-(t:8.078-v:77.000)-(t:8.087-v:76.000)-(t:8.095-v:75.000)-(t:8.104-v:74.000)-(t:8.112-v:73.000)-(t:8.123-v:72.000)-(t:8.132-v:71.000)-(t:8.142-v:70.000)-(t:8.150-v:68.000)-(t:8.161-v:67.000)-(t:8.170-v:66.000)-(t:8.179-v:65.000)-(t:8.189-v:64.000)-(t:8.203-v:63.000)-(t:8.214-v:62.000)-(t:8.223-v:61.000)-(t:8.231-v:60.000)-(t:8.239-v:58.000)-(t:8.247-v:57.000)-(t:8.256-v:55.000)-(t:8.264-v:54.000)-(t:8.272-v:53.000)-(t:8.281-v:52.000)-(t:8.289-v:51.000)-(t:8.298-v:50.000)-(t:8.306-v:49.000)-(t:8.314-v:48.000)-(t:8.322-v:47.000)-(t:8.330-v:46.000)-(t:8.339-v:45.000)-(t:8.348-v:44.000)-(t:8.355-v:43.000)-(t:8.362-v:41.000)-(t:8.371-v:40.000)-(t:8.382-v:39.000)-(t:8.391-v:37.000)-(t:8.412-v:36.000)-(t:8.430-v:35.000)-(t:8.440-v:34.000)-(t:8.448-v:32.000)-(t:8.456-v:31.000)-(t:8.463-v:30.000)-(t:8.479-v:29.000)-(t:8.498-v:28.000)-(t:8.509-v:27.000)-(t:8.518-v:26.000)-(t:8.528-v:25.000)-(t:8.540-v:24.000)-(t:8.549-v:22.000)-(t:8.562-v:21.000)-(t:8.578-v:20.000)-(t:8.592-v:19.000)-(t:8.637-v:18.000)-(t:8.673-v:17.000)-(t:8.696-v:16.000)-(t:8.707-v:15.000)-(t:8.718-v:14.000)-(t:8.728-v:13.000)-(t:8.766-v:12.000)-(t:8.789-v:11.000)-(t:8.830-v:10.000)-(t:8.893-v:9.000)-(t:8.908-v:8.000)-(t:8.975-v:7.000)-(t:8.989-v:6.000)-(t:9.486-v:5.000)-(t:9.508-v:4.000)-(t:17.612-v:3.000)-(t:17.869-v:2.000)-(t:30.060-v:1.000)],300.000
examples/csp/csp_300/carseq_300_8_20_45.txt,dqn,300,,,
examples/csp/csp_100/carseq_100_8_20_82.txt,dqn,300,1,[(t:7.837-v:130.000)-(t:7.848-v:128.000)-(t:7.890-v:125.000)-(t:7.904-v:123.000)-(t:7.919-v:121.000)-(t:7.927-v:119.000)-(t:7.938-v:115.000)-(t:7.948-v:113.000)-(t:7.958-v:110.000)-(t:7.975-v:109.000)-(t:7.983-v:108.000)-(t:7.993-v:107.000)-(t:8.000-v:104.000)-(t:8.008-v:103.000)-(t:8.019-v:102.000)-(t:8.030-v:100.000)-(t:8.038-v:98.000)-(t:8.047-v:95.000)-(t:8.054-v:94.000)-(t:8.063-v:93.000)-(t:8.071-v:92.000)-(t:8.079-v:91.000)-(t:8.088-v:89.000)-(t:8.100-v:87.000)-(t:8.110-v:85.000)-(t:8.117-v:82.000)-(t:8.128-v:81.000)-(t:8.136-v:79.000)-(t:8.143-v:78.000)-(t:8.152-v:76.000)-(t:8.159-v:74.000)-(t:8.169-v:72.000)-(t:8.177-v:69.000)-(t:8.185-v:66.000)-(t:8.192-v:65.000)-(t:8.199-v:64.000)-(t:8.216-v:62.000)-(t:8.224-v:61.000)-(t:8.233-v:60.000)-(t:8.243-v:59.000)-(t:8.262-v:58.000)-(t:8.270-v:57.000)-(t:8.278-v:56.000)-(t:8.290-v:55.000)-(t:8.299-v:54.000)-(t:8.309-v:53.000)-(t:8.334-v:52.000)-(t:8.343-v:51.000)-(t:8.355-v:50.000)-(t:8.364-v:48.000)-(t:8.382-v:47.000)-(t:8.399-v:45.000)-(t:8.408-v:44.000)-(t:8.416-v:43.000)-(t:8.425-v:42.000)-(t:8.433-v:41.000)-(t:8.442-v:40.000)-(t:8.450-v:39.000)-(t:8.459-v:38.000)-(t:8.466-v:37.000)-(t:8.472-v:36.000)-(t:8.481-v:35.000)-(t:8.489-v:33.000)-(t:8.497-v:32.000)-(t:8.524-v:31.000)-(t:8.531-v:30.000)-(t:8.537-v:29.000)-(t:8.544-v:28.000)-(t:8.552-v:27.000)-(t:8.566-v:26.000)-(t:8.575-v:25.000)-(t:8.587-v:23.000)-(t:8.626-v:22.000)-(t:8.649-v:21.000)-(t:8.658-v:20.000)-(t:8.671-v:19.000)-(t:8.704-v:18.000)-(t:8.712-v:17.000)-(t:8.722-v:16.000)-(t:8.730-v:15.000)-(t:8.736-v:14.000)-(t:8.787-v:13.000)-(t:8.801-v:12.000)-(t:8.868-v:11.000)-(t:8.900-v:10.000)-(t:8.942-v:9.000)-(t:9.127-v:7.000)-(t:11.581-v:6.000)-(t:11.871-v:5.000)-(t:17.789-v:4.000)-(t:34.140-v:3.000)-(t:36.985-v:2.000)-(t:37.171-v:1.000)],300.000
examples/csp/csp_100/carseq_100_8_20_85.txt,dqn,300,1,[(t:6.948-v:101.000)-(t:6.990-v:93.000)-(t:6.999-v:91.000)-(t:7.015-v:90.000)-(t:7.032-v:87.000)-(t:7.042-v:85.000)-(t:7.062-v:83.000)-(t:7.070-v:82.000)-(t:7.080-v:81.000)-(t:7.088-v:80.000)-(t:7.096-v:79.000)-(t:7.108-v:78.000)-(t:7.116-v:77.000)-(t:7.125-v:76.000)-(t:7.133-v:75.000)-(t:7.141-v:74.000)-(t:7.149-v:73.000)-(t:7.158-v:72.000)-(t:7.190-v:71.000)-(t:7.199-v:70.000)-(t:7.207-v:67.000)-(t:7.215-v:63.000)-(t:7.223-v:62.000)-(t:7.233-v:60.000)-(t:7.242-v:59.000)-(t:7.251-v:58.000)-(t:7.260-v:57.000)-(t:7.270-v:55.000)-(t:7.279-v:53.000)-(t:7.287-v:51.000)-(t:7.296-v:49.000)-(t:7.308-v:48.000)-(t:7.318-v:46.000)-(t:7.326-v:45.000)-(t:7.336-v:44.000)-(t:7.344-v:43.000)-(t:7.352-v:42.000)-(t:7.360-v:41.000)-(t:7.370-v:40.000)-(t:7.377-v:39.000)-(t:7.384-v:38.000)-(t:7.391-v:36.000)-(t:7.400-v:35.000)-(t:7.408-v:34.000)-(t:7.415-v:33.000)-(t:7.421-v:32.000)-(t:7.428-v:31.000)-(t:7.436-v:30.000)-(t:7.443-v:29.000)-(t:7.450-v:28.000)-(t:7.463-v:27.000)-(t:7.477-v:26.000)-(t:7.484-v:25.000)-(t:7.496-v:24.000)-(t:7.510-v:23.000)-(t:7.518-v:22.000)-(t:7.527-v:21.000)-(t:7.535-v:20.000)-(t:7.546-v:19.000)-(t:7.578-v:17.000)-(t:7.586-v:16.000)-(t:7.602-v:15.000)-(t:7.618-v:14.000)-(t:7.654-v:13.000)-(t:7.731-v:12.000)-(t:7.744-v:11.000)-(t:7.754-v:10.000)-(t:7.810-v:9.000)-(t:8.018-v:8.000)-(t:8.032-v:7.000)-(t:8.092-v:6.000)-(t:8.359-v:5.000)-(t:8.402-v:4.000)-(t:8.434-v:3.000)-(t:25.171-v:2.000)-(t:71.806-v:1.000)],300.000
examples/csp/csp_100/carseq_100_8_20_86.txt,dqn,300,1,[(t:7.805-v:141.000)-(t:7.826-v:137.000)-(t:7.848-v:134.000)-(t:7.873-v:133.000)-(t:7.885-v:128.000)-(t:7.892-v:120.000)-(t:7.904-v:119.000)-(t:7.916-v:118.000)-(t:7.932-v:117.000)-(t:7.941-v:115.000)-(t:7.951-v:114.000)-(t:7.962-v:112.000)-(t:7.972-v:111.000)-(t:7.983-v:108.000)-(t:7.988-v:102.000)-(t:7.994-v:100.000)-(t:8.000-v:99.000)-(t:8.016-v:98.000)-(t:8.026-v:97.000)-(t:8.036-v:96.000)-(t:8.048-v:94.000)-(t:8.053-v:93.000)-(t:8.064-v:91.000)-(t:8.075-v:90.000)-(t:8.085-v:88.000)-(t:8.096-v:87.000)-(t:8.103-v:83.000)-(t:8.114-v:81.000)-(t:8.124-v:79.000)-(t:8.134-v:78.000)-(t:8.145-v:75.000)-(t:8.152-v:74.000)-(t:8.169-v:73.000)-(t:8.187-v:72.000)-(t:8.197-v:71.000)-(t:8.205-v:68.000)-(t:8.216-v:67.000)-(t:8.226-v:66.000)-(t:8.238-v:65.000)-(t:8.249-v:64.000)-(t:8.257-v:62.000)-(t:8.268-v:61.000)-(t:8.282-v:60.000)-(t:8.292-v:59.000)-(t:8.300-v:58.000)-(t:8.306-v:56.000)-(t:8.312-v:55.000)-(t:8.320-v:53.000)-(t:8.326-v:52.000)-(t:8.332-v:51.000)-(t:8.339-v:49.000)-(t:8.349-v:48.000)-(t:8.362-v:45.000)-(t:8.373-v:44.000)-(t:8.382-v:43.000)-(t:8.388-v:42.000)-(t:8.396-v:41.000)-(t:8.408-v:40.000)-(t:8.418-v:39.000)-(t:8.428-v:35.000)-(t:8.434-v:34.000)-(t:8.467-v:33.000)-(t:8.476-v:32.000)-(t:8.539-v:31.000)-(t:8.554-v:30.000)-(t:8.564-v:29.000)-(t:8.579-v:28.000)-(t:8.589-v:25.000)-(t:8.614-v:24.000)-(t:8.624-v:23.000)-(t:8.673-v:22.000)-(t:8.688-v:21.000)-(t:8.701-v:20.000)-(t:8.721-v:19.000)-(t:8.733-v:18.000)-(t:8.757-v:17.000)-(t:8.777-v:16.000)-(t:8.797-v:15.000)-(t:8.812-v:14.000)-(t:8.820-v:13.000)-(t:8.846-v:12.000)-(t:8.865-v:11.000)-(t:8.936-v:10.000)-(t:11.682-v:9.000)-(t:19.263-v:8.000)-(t:19.436-v:7.000)-(t:19.605-v:6.000)-(t:19.752-v:5.000)-(t:85.964-v:4.000)-(t:97.968-v:3.000)-(t:103.904-v:2.000)-(t:175.278-v:1.000)],300.000
examples/csp/csp_300/carseq_300_8_20_47.txt,dqn,300,,,
examples/csp/csp_300/carseq_300_8_20_53.txt,dqn,300,,,
examples/csp/csp_300/carseq_300_8_20_56.txt,dqn,300,,,
examples/csp/csp_300/carseq_300_8_20_62.txt,dqn,300,,,
examples/csp/csp_300/carseq_300_8_20_76.txt,dqn,300,,,
examples/csp/csp_300/carseq_300_8_20_78.txt,dqn,300,,,
examples/csp/csp_300/carseq_300_8_20_80.txt,dqn,300,,,
examples/csp/csp_300/carseq_300_8_20_81.txt,dqn,300,,,
examples/csp/csp_300/pb_300_06.txt,dqn,300,,,
examples/csp/csp_300/pb_300_07.txt,dqn,300,,,
examples/csp/csp_300/pb_300_08.txt,dqn,300,,,
examples/csp/csp_300/pb_300_09.txt,dqn,300,,,
examples/csp/csp_300/pb_300_10.txt,dqn,300,,,
examples/csp/csp_100/carseq_100_8_20_98.txt,dqn,300,1,[(t:8.909-v:124.000)-(t:8.924-v:123.000)-(t:8.941-v:122.000)-(t:8.970-v:120.000)-(t:8.982-v:117.000)-(t:8.992-v:116.000)-(t:9.005-v:115.000)-(t:9.019-v:114.000)-(t:9.030-v:113.000)-(t:9.042-v:112.000)-(t:9.054-v:109.000)-(t:9.070-v:108.000)-(t:9.081-v:107.000)-(t:9.091-v:106.000)-(t:9.100-v:105.000)-(t:9.114-v:104.000)-(t:9.124-v:103.000)-(t:9.136-v:102.000)-(t:9.147-v:101.000)-(t:9.152-v:100.000)-(t:9.159-v:99.000)-(t:9.165-v:97.000)-(t:9.171-v:95.000)-(t:9.183-v:93.000)-(t:9.216-v:92.000)-(t:9.229-v:91.000)-(t:9.242-v:89.000)-(t:9.255-v:88.000)-(t:9.270-v:86.000)-(t:9.279-v:85.000)-(t:9.290-v:84.000)-(t:9.305-v:83.000)-(t:9.316-v:82.000)-(t:9.328-v:81.000)-(t:9.339-v:79.000)-(t:9.347-v:78.000)-(t:9.358-v:77.000)-(t:9.369-v:76.000)-(t:9.375-v:75.000)-(t:9.385-v:74.000)-(t:9.396-v:72.000)-(t:9.411-v:71.000)-(t:9.420-v:68.000)-(t:9.434-v:67.000)-(t:9.444-v:65.000)-(t:9.454-v:64.000)-(t:9.464-v:63.000)-(t:9.471-v:62.000)-(t:9.478-v:60.000)-(t:9.494-v:59.000)-(t:9.507-v:58.000)-(t:9.520-v:57.000)-(t:9.527-v:54.000)-(t:9.546-v:53.000)-(t:9.571-v:52.000)-(t:9.583-v:51.000)-(t:9.594-v:48.000)-(t:9.604-v:47.000)-(t:9.615-v:45.000)-(t:9.633-v:44.000)-(t:9.644-v:43.000)-(t:9.654-v:42.000)-(t:9.664-v:41.000)-(t:9.677-v:40.000)-(t:9.686-v:39.000)-(t:9.696-v:38.000)-(t:9.710-v:37.000)-(t:9.732-v:36.000)-(t:9.743-v:35.000)-(t:9.758-v:34.000)-(t:9.769-v:32.000)-(t:9.786-v:31.000)-(t:9.797-v:30.000)-(t:9.809-v:29.000)-(t:9.818-v:28.000)-(t:9.826-v:27.000)-(t:9.839-v:26.000)-(t:9.873-v:25.000)-(t:9.932-v:24.000)-(t:9.941-v:23.000)-(t:9.956-v:22.000)-(t:9.965-v:21.000)-(t:9.990-v:20.000)-(t:10.008-v:19.000)-(t:10.027-v:18.000)-(t:10.041-v:16.000)-(t:10.053-v:15.000)-(t:10.084-v:14.000)-(t:10.159-v:13.000)-(t:10.166-v:12.000)-(t:11.497-v:11.000)-(t:11.841-v:10.000)-(t:12.028-v:9.000)-(t:12.197-v:8.000)-(t:15.126-v:7.000)-(t:20.428-v:6.000)-(t:20.587-v:5.000)-(t:28.820-v:4.000)-(t:41.049-v:3.000)-(t:60.061-v:2.000)-(t:221.820-v:1.000)],300.000
examples/csp/csp_100/carseq_100_8_20_99.txt,dqn,300,2,[(t:8.408-v:119.000)-(t:8.422-v:118.000)-(t:8.437-v:117.000)-(t:8.447-v:116.000)-(t:8.458-v:114.000)-(t:8.469-v:113.000)-(t:8.477-v:110.000)-(t:8.497-v:108.000)-(t:8.511-v:105.000)-(t:8.521-v:101.000)-(t:8.533-v:99.000)-(t:8.543-v:98.000)-(t:8.557-v:96.000)-(t:8.568-v:94.000)-(t:8.575-v:93.000)-(t:8.581-v:92.000)-(t:8.591-v:89.000)-(t:8.598-v:87.000)-(t:8.610-v:86.000)-(t:8.620-v:85.000)-(t:8.630-v:84.000)-(t:8.646-v:83.000)-(t:8.658-v:82.000)-(t:8.667-v:81.000)-(t:8.678-v:80.000)-(t:8.688-v:77.000)-(t:8.697-v:76.000)-(t:8.709-v:74.000)-(t:8.721-v:73.000)-(t:8.732-v:72.000)-(t:8.740-v:70.000)-(t:8.750-v:69.000)-(t:8.761-v:68.000)-(t:8.769-v:67.000)-(t:8.786-v:66.000)-(t:8.796-v:64.000)-(t:8.802-v:63.000)-(t:8.811-v:62.000)-(t:8.822-v:61.000)-(t:8.831-v:60.000)-(t:8.854-v:58.000)-(t:8.865-v:57.000)-(t:8.873-v:56.000)-(t:8.884-v:55.000)-(t:8.895-v:54.000)-(t:8.913-v:51.000)-(t:8.920-v:50.000)-(t:8.927-v:49.000)-(t:8.933-v:47.000)-(t:8.939-v:46.000)-(t:8.945-v:44.000)-(t:8.956-v:43.000)-(t:8.978-v:42.000)-(t:8.990-v:41.000)-(t:8.999-v:40.000)-(t:9.004-v:39.000)-(t:9.021-v:38.000)-(t:9.032-v:37.000)-(t:9.056-v:36.000)-(t:9.072-v:34.000)-(t:9.078-v:33.000)-(t:9.088-v:32.000)-(t:9.129-v:31.000)-(t:9.143-v:30.000)-(t:9.154-v:29.000)-(t:9.169-v:28.000)-(t:9.188-v:27.000)-(t:9.214-v:26.000)-(t:9.227-v:24.000)-(t:9.267-v:23.000)-(t:9.289-v:22.000)-(t:9.333-v:21.000)-(t:9.410-v:20.000)-(t:9.428-v:19.000)-(t:9.465-v:18.000)-(t:9.478-v:17.000)-(t:9.497-v:16.000)-(t:9.514-v:15.000)-(t:9.532-v:14.000)-(t:9.554-v:13.000)-(t:9.567-v:12.000)-(t:9.683-v:11.000)-(t:9.762-v:9.000)-(t:9.827-v:8.000)-(t:9.849-v:7.000)-(t:11.370-v:6.000)-(t:13.015-v:5.000)-(t:23.077-v:4.000)-(t:44.295-v:3.000)-(t:74.711-v:2.000)],300.000
examples/csp/csp_100/carseq_100_8_20_62.txt,dqn,300,0,[(t:4.967-v:139.000)-(t:4.985-v:136.000)-(t:4.991-v:133.000)-(t:4.997-v:131.000)-(t:5.003-v:130.000)-(t:5.014-v:128.000)-(t:5.020-v:126.000)-(t:5.032-v:125.000)-(t:5.038-v:124.000)-(t:5.047-v:122.000)-(t:5.055-v:121.000)-(t:5.064-v:119.000)-(t:5.074-v:118.000)-(t:5.082-v:117.000)-(t:5.096-v:116.000)-(t:5.105-v:111.000)-(t:5.114-v:110.000)-(t:5.124-v:106.000)-(t:5.132-v:104.000)-(t:5.139-v:102.000)-(t:5.145-v:101.000)-(t:5.152-v:99.000)-(t:5.158-v:98.000)-(t:5.164-v:97.000)-(t:5.170-v:93.000)-(t:5.177-v:88.000)-(t:5.183-v:86.000)-(t:5.190-v:84.000)-(t:5.196-v:82.000)-(t:5.201-v:80.000)-(t:5.208-v:78.000)-(t:5.226-v:77.000)-(t:5.234-v:76.000)-(t:5.242-v:74.000)-(t:5.250-v:73.000)-(t:5.259-v:72.000)-(t:5.266-v:69.000)-(t:5.272-v:68.000)-(t:5.283-v:67.000)-(t:5.290-v:66.000)-(t:5.296-v:65.000)-(t:5.304-v:63.000)-(t:5.312-v:62.000)-(t:5.319-v:60.000)-(t:5.325-v:59.000)-(t:5.332-v:58.000)-(t:5.337-v:57.000)-(t:5.345-v:56.000)-(t:5.352-v:55.000)-(t:5.358-v:54.000)-(t:5.366-v:53.000)-(t:5.373-v:51.000)-(t:5.379-v:49.000)-(t:5.386-v:47.000)-(t:5.395-v:46.000)-(t:5.411-v:44.000)-(t:5.420-v:43.000)-(t:5.429-v:42.000)-(t:5.436-v:41.000)-(t:5.444-v:40.000)-(t:5.457-v:39.000)-(t:5.464-v:38.000)-(t:5.485-v:37.000)-(t:5.496-v:36.000)-(t:5.506-v:35.000)-(t:5.520-v:34.000)-(t:5.547-v:33.000)-(t:5.560-v:32.000)-(t:5.575-v:30.000)-(t:5.584-v:29.000)-(t:5.657-v:28.000)-(t:5.665-v:26.000)-(t:5.771-v:25.000)-(t:5.779-v:24.000)-(t:5.788-v:23.000)-(t:5.798-v:22.000)-(t:5.808-v:21.000)-(t:5.817-v:20.000)-(t:5.872-v:19.000)-(t:5.882-v:18.000)-(t:5.907-v:17.000)-(t:5.915-v:16.000)-(t:5.923-v:15.000)-(t:5.962-v:14.000)-(t:5.969-v:13.000)-(t:5.978-v:12.000)-(t:5.988-v:11.000)-(t:6.027-v:10.000)-(t:7.125-v:9.000)-(t:7.218-v:8.000)-(t:7.602-v:7.000)-(t:7.779-v:6.000)-(t:11.620-v:5.000)-(t:11.708-v:4.000)-(t:11.996-v:3.000)-(t:16.771-v:2.000)-(t:17.991-v:1.000)-(t:21.455-v:0.000)],21.455
examples/csp/csp_100/carseq_100_8_20_67.txt,dqn,300,0,[(t:8.246-v:101.000)-(t:8.268-v:100.000)-(t:8.280-v:98.000)-(t:8.292-v:95.000)-(t:8.298-v:94.000)-(t:8.311-v:93.000)-(t:8.323-v:92.000)-(t:8.335-v:90.000)-(t:8.356-v:89.000)-(t:8.381-v:88.000)-(t:8.394-v:85.000)-(t:8.417-v:84.000)-(t:8.430-v:83.000)-(t:8.439-v:82.000)-(t:8.450-v:81.000)-(t:8.462-v:79.000)-(t:8.473-v:77.000)-(t:8.485-v:76.000)-(t:8.496-v:75.000)-(t:8.507-v:73.000)-(t:8.514-v:72.000)-(t:8.525-v:71.000)-(t:8.536-v:68.000)-(t:8.546-v:67.000)-(t:8.559-v:64.000)-(t:8.570-v:62.000)-(t:8.579-v:61.000)-(t:8.590-v:60.000)-(t:8.601-v:59.000)-(t:8.611-v:58.000)-(t:8.618-v:57.000)-(t:8.629-v:56.000)-(t:8.639-v:54.000)-(t:8.649-v:53.000)-(t:8.659-v:52.000)-(t:8.670-v:51.000)-(t:8.681-v:50.000)-(t:8.691-v:49.000)-(t:8.702-v:48.000)-(t:8.713-v:47.000)-(t:8.724-v:46.000)-(t:8.731-v:45.000)-(t:8.742-v:44.000)-(t:8.756-v:43.000)-(t:8.767-v:41.000)-(t:8.778-v:40.000)-(t:8.791-v:39.000)-(t:8.821-v:38.000)-(t:8.828-v:37.000)-(t:8.841-v:36.000)-(t:8.853-v:35.000)-(t:8.862-v:34.000)-(t:8.890-v:33.000)-(t:8.901-v:31.000)-(t:8.911-v:29.000)-(t:8.925-v:27.000)-(t:8.961-v:26.000)-(t:8.997-v:25.000)-(t:9.009-v:24.000)-(t:9.035-v:23.000)-(t:9.053-v:22.000)-(t:9.066-v:21.000)-(t:9.078-v:20.000)-(t:9.118-v:19.000)-(t:9.130-v:17.000)-(t:9.143-v:16.000)-(t:9.152-v:15.000)-(t:9.230-v:14.000)-(t:9.257-v:13.000)-(t:9.296-v:12.000)-(t:9.335-v:11.000)-(t:9.362-v:10.000)-(t:9.375-v:9.000)-(t:9.420-v:8.000)-(t:9.466-v:7.000)-(t:9.525-v:6.000)-(t:9.556-v:5.000)-(t:9.604-v:4.000)-(t:9.627-v:3.000)-(t:10.005-v:2.000)-(t:10.029-v:1.000)-(t:10.396-v:0.000)],10.396
examples/csp/csp_100/carseq_100_8_20_71.txt,dqn,300,0,[(t:8.523-v:131.000)-(t:8.533-v:130.000)-(t:8.546-v:129.000)-(t:8.556-v:128.000)-(t:8.569-v:127.000)-(t:8.578-v:125.000)-(t:8.592-v:124.000)-(t:8.601-v:118.000)-(t:8.612-v:117.000)-(t:8.622-v:116.000)-(t:8.631-v:115.000)-(t:8.639-v:113.000)-(t:8.645-v:111.000)-(t:8.661-v:109.000)-(t:8.671-v:100.000)-(t:8.678-v:99.000)-(t:8.687-v:98.000)-(t:8.697-v:97.000)-(t:8.707-v:95.000)-(t:8.717-v:94.000)-(t:8.726-v:92.000)-(t:8.734-v:90.000)-(t:8.745-v:89.000)-(t:8.755-v:88.000)-(t:8.761-v:87.000)-(t:8.772-v:86.000)-(t:8.784-v:85.000)-(t:8.795-v:82.000)-(t:8.805-v:81.000)-(t:8.816-v:79.000)-(t:8.825-v:78.000)-(t:8.837-v:77.000)-(t:8.846-v:75.000)-(t:8.855-v:74.000)-(t:8.864-v:71.000)-(t:8.869-v:69.000)-(t:8.880-v:68.000)-(t:8.890-v:67.000)-(t:8.898-v:66.000)-(t:8.908-v:65.000)-(t:8.914-v:64.000)-(t:8.923-v:63.000)-(t:8.934-v:62.000)-(t:8.945-v:61.000)-(t:8.955-v:60.000)-(t:8.964-v:59.000)-(t:8.974-v:57.000)-(t:8.981-v:56.000)-(t:8.987-v:55.000)-(t:8.997-v:54.000)-(t:9.007-v:52.000)-(t:9.017-v:51.000)-(t:9.025-v:50.000)-(t:9.035-v:48.000)-(t:9.046-v:47.000)-(t:9.057-v:45.000)-(t:9.084-v:44.000)-(t:9.093-v:43.000)-(t:9.104-v:42.000)-(t:9.120-v:41.000)-(t:9.129-v:40.000)-(t:9.137-v:39.000)-(t:9.149-v:38.000)-(t:9.159-v:37.000)-(t:9.178-v:36.000)-(t:9.190-v:35.000)-(t:9.206-v:33.000)-(t:9.217-v:32.000)-(t:9.226-v:31.000)-(t:9.245-v:29.000)-(t:9.265-v:28.000)-(t:9.275-v:27.000)-(t:9.292-v:26.000)-(t:9.298-v:25.000)-(t:9.308-v:24.000)-(t:9.348-v:23.000)-(t:9.365-v:22.000)-(t:9.375-v:21.000)-(t:9.398-v:20.000)-(t:9.520-v:19.000)-(t:9.527-v:18.000)-(t:9.538-v:17.000)-(t:9.554-v:16.000)-(t:9.566-v:15.000)-(t:9.583-v:14.000)-(t:9.603-v:13.000)-(t:9.611-v:12.000)-(t:9.625-v:11.000)-(t:9.646-v:10.000)-(t:9.656-v:9.000)-(t:9.677-v:8.000)-(t:9.697-v:7.000)-(t:9.703-v:6.000)-(t:9.717-v:5.000)-(t:10.159-v:4.000)-(t:10.181-v:3.000)-(t:16.900-v:2.000)-(t:20.435-v:1.000)-(t:24.103-v:0.000)],24.103
examples/csp/csp_100/carseq_100_8_20_64.txt,dqn,300,0,[(t:4.826-v:117.000)-(t:4.849-v:110.000)-(t:4.854-v:106.000)-(t:4.859-v:105.000)-(t:4.870-v:103.000)-(t:4.876-v:99.000)-(t:4.882-v:93.000)-(t:4.894-v:92.000)-(t:4.902-v:91.000)-(t:4.911-v:90.000)-(t:4.917-v:82.000)-(t:4.923-v:81.000)-(t:4.934-v:79.000)-(t:4.940-v:76.000)-(t:4.955-v:75.000)-(t:4.963-v:74.000)-(t:4.971-v:73.000)-(t:4.979-v:69.000)-(t:4.986-v:68.000)-(t:4.994-v:64.000)-(t:5.002-v:62.000)-(t:5.009-v:61.000)-(t:5.015-v:60.000)-(t:5.024-v:59.000)-(t:5.031-v:58.000)-(t:5.039-v:56.000)-(t:5.048-v:55.000)-(t:5.056-v:54.000)-(t:5.063-v:53.000)-(t:5.072-v:52.000)-(t:5.079-v:51.000)-(t:5.087-v:50.000)-(t:5.100-v:49.000)-(t:5.107-v:48.000)-(t:5.115-v:47.000)-(t:5.122-v:46.000)-(t:5.141-v:45.000)-(t:5.148-v:44.000)-(t:5.155-v:43.000)-(t:5.166-v:42.000)-(t:5.174-v:41.000)-(t:5.183-v:40.000)-(t:5.191-v:38.000)-(t:5.200-v:37.000)-(t:5.224-v:36.000)-(t:5.231-v:35.000)-(t:5.239-v:34.000)-(t:5.246-v:33.000)-(t:5.260-v:32.000)-(t:5.267-v:31.000)-(t:5.274-v:30.000)-(t:5.282-v:29.000)-(t:5.300-v:28.000)-(t:5.330-v:27.000)-(t:5.338-v:26.000)-(t:5.354-v:25.000)-(t:5.362-v:23.000)-(t:5.395-v:22.000)-(t:5.403-v:21.000)-(t:5.425-v:20.000)-(t:5.435-v:19.000)-(t:5.444-v:18.000)-(t:5.453-v:17.000)-(t:5.474-v:16.000)-(t:5.482-v:15.000)-(t:5.490-v:14.000)-(t:5.526-v:13.000)-(t:5.540-v:12.000)-(t:5.552-v:11.000)-(t:5.562-v:10.000)-(t:5.629-v:9.000)-(t:5.673-v:8.000)-(t:6.303-v:7.000)-(t:6.364-v:6.000)-(t:9.066-v:5.000)-(t:13.603-v:4.000)-(t:15.522-v:3.000)-(t:17.474-v:2.000)-(t:18.541-v:1.000)-(t:85.669-v:0.000)],85.669
examples/csp/csp_100/carseq_100_8_20_73.txt,dqn,300,0,[(t:8.222-v:106.000)-(t:8.250-v:105.000)-(t:8.268-v:104.000)-(t:8.281-v:103.000)-(t:8.288-v:102.000)-(t:8.302-v:101.000)-(t:8.314-v:100.000)-(t:8.327-v:99.000)-(t:8.339-v:97.000)-(t:8.353-v:95.000)-(t:8.364-v:94.000)-(t:8.381-v:92.000)-(t:8.387-v:88.000)-(t:8.400-v:85.000)-(t:8.414-v:84.000)-(t:8.431-v:83.000)-(t:8.441-v:82.000)-(t:8.451-v:81.000)-(t:8.463-v:80.000)-(t:8.473-v:78.000)-(t:8.490-v:77.000)-(t:8.502-v:76.000)-(t:8.513-v:75.000)-(t:8.523-v:74.000)-(t:8.534-v:73.000)-(t:8.544-v:71.000)-(t:8.554-v:70.000)-(t:8.564-v:69.000)-(t:8.574-v:68.000)-(t:8.586-v:66.000)-(t:8.595-v:65.000)-(t:8.606-v:64.000)-(t:8.617-v:62.000)-(t:8.625-v:61.000)-(t:8.636-v:59.000)-(t:8.646-v:58.000)-(t:8.657-v:56.000)-(t:8.667-v:55.000)-(t:8.678-v:54.000)-(t:8.688-v:53.000)-(t:8.699-v:52.000)-(t:8.706-v:51.000)-(t:8.712-v:50.000)-(t:8.717-v:49.000)-(t:8.728-v:48.000)-(t:8.739-v:46.000)-(t:8.749-v:44.000)-(t:8.760-v:43.000)-(t:8.770-v:42.000)-(t:8.781-v:40.000)-(t:8.791-v:39.000)-(t:8.802-v:37.000)-(t:8.823-v:36.000)-(t:8.832-v:35.000)-(t:8.846-v:33.000)-(t:8.856-v:32.000)-(t:8.867-v:31.000)-(t:8.877-v:29.000)-(t:8.897-v:28.000)-(t:8.907-v:27.000)-(t:8.918-v:26.000)-(t:8.931-v:25.000)-(t:8.969-v:24.000)-(t:9.015-v:23.000)-(t:9.030-v:22.000)-(t:9.040-v:21.000)-(t:9.050-v:20.000)-(t:9.063-v:19.000)-(t:9.087-v:18.000)-(t:9.097-v:17.000)-(t:9.110-v:16.000)-(t:9.125-v:15.000)-(t:9.140-v:14.000)-(t:9.202-v:13.000)-(t:9.223-v:12.000)-(t:9.239-v:11.000)-(t:9.251-v:10.000)-(t:9.262-v:9.000)-(t:9.349-v:8.000)-(t:9.372-v:7.000)-(t:9.383-v:6.000)-(t:9.399-v:5.000)-(t:9.419-v:4.000)-(t:9.810-v:3.000)-(t:9.821-v:2.000)-(t:9.846-v:1.000)-(t:11.306-v:0.000)],11.306
examples/csp/csp_100/carseq_100_8_20_77.txt,dqn,300,0,[(t:8.093-v:106.000)-(t:8.118-v:102.000)-(t:8.136-v:101.000)-(t:8.150-v:100.000)-(t:8.163-v:96.000)-(t:8.175-v:95.000)-(t:8.183-v:93.000)-(t:8.190-v:90.000)-(t:8.210-v:89.000)-(t:8.219-v:85.000)-(t:8.229-v:84.000)-(t:8.240-v:83.000)-(t:8.251-v:81.000)-(t:8.261-v:80.000)-(t:8.273-v:79.000)-(t:8.285-v:78.000)-(t:8.294-v:76.000)-(t:8.302-v:75.000)-(t:8.312-v:72.000)-(t:8.323-v:70.000)-(t:8.334-v:69.000)-(t:8.345-v:68.000)-(t:8.356-v:66.000)-(t:8.366-v:65.000)-(t:8.377-v:64.000)-(t:8.388-v:59.000)-(t:8.398-v:56.000)-(t:8.404-v:54.000)-(t:8.416-v:53.000)-(t:8.427-v:52.000)-(t:8.436-v:51.000)-(t:8.452-v:49.000)-(t:8.464-v:48.000)-(t:8.476-v:47.000)-(t:8.494-v:46.000)-(t:8.507-v:44.000)-(t:8.520-v:43.000)-(t:8.531-v:42.000)-(t:8.554-v:40.000)-(t:8.577-v:39.000)-(t:8.589-v:37.000)-(t:8.600-v:36.000)-(t:8.606-v:35.000)-(t:8.621-v:34.000)-(t:8.639-v:33.000)-(t:8.648-v:32.000)-(t:8.659-v:31.000)-(t:8.676-v:30.000)-(t:8.704-v:29.000)-(t:8.728-v:28.000)-(t:8.741-v:27.000)-(t:8.775-v:26.000)-(t:8.788-v:25.000)-(t:8.811-v:24.000)-(t:8.838-v:23.000)-(t:8.853-v:21.000)-(t:8.898-v:20.000)-(t:8.916-v:19.000)-(t:8.935-v:17.000)-(t:8.965-v:16.000)-(t:9.029-v:15.000)-(t:9.060-v:14.000)-(t:9.116-v:13.000)-(t:9.132-v:12.000)-(t:9.161-v:11.000)-(t:9.181-v:10.000)-(t:9.192-v:9.000)-(t:9.217-v:8.000)-(t:9.228-v:7.000)-(t:9.249-v:6.000)-(t:9.264-v:5.000)-(t:9.315-v:4.000)-(t:9.332-v:3.000)-(t:9.626-v:2.000)-(t:19.897-v:1.000)-(t:31.380-v:0.000)],31.380
examples/csp/csp_100/16-81.txt,dqn,300,3,[(t:6.790-v:137.000)-(t:6.815-v:130.000)-(t:6.823-v:126.000)-(t:6.836-v:125.000)-(t:6.850-v:121.000)-(t:6.862-v:120.000)-(t:6.870-v:119.000)-(t:6.880-v:117.000)-(t:6.891-v:112.000)-(t:6.900-v:111.000)-(t:6.908-v:109.000)-(t:6.917-v:107.000)-(t:6.926-v:104.000)-(t:6.936-v:103.000)-(t:6.944-v:102.000)-(t:6.952-v:101.000)-(t:6.960-v:99.000)-(t:6.977-v:98.000)-(t:6.988-v:97.000)-(t:6.996-v:96.000)-(t:7.004-v:94.000)-(t:7.012-v:93.000)-(t:7.023-v:92.000)-(t:7.031-v:91.000)-(t:7.039-v:89.000)-(t:7.047-v:88.000)-(t:7.055-v:87.000)-(t:7.063-v:86.000)-(t:7.070-v:84.000)-(t:7.078-v:82.000)-(t:7.087-v:81.000)-(t:7.104-v:79.000)-(t:7.112-v:78.000)-(t:7.120-v:77.000)-(t:7.132-v:76.000)-(t:7.145-v:75.000)-(t:7.156-v:74.000)-(t:7.165-v:73.000)-(t:7.173-v:72.000)-(t:7.182-v:71.000)-(t:7.193-v:70.000)-(t:7.201-v:68.000)-(t:7.210-v:66.000)-(t:7.218-v:65.000)-(t:7.236-v:64.000)-(t:7.245-v:62.000)-(t:7.254-v:61.000)-(t:7.274-v:60.000)-(t:7.283-v:57.000)-(t:7.293-v:56.000)-(t:7.302-v:55.000)-(t:7.313-v:54.000)-(t:7.323-v:53.000)-(t:7.331-v:51.000)-(t:7.341-v:50.000)-(t:7.350-v:49.000)-(t:7.368-v:48.000)-(t:7.392-v:47.000)-(t:7.421-v:46.000)-(t:7.441-v:45.000)-(t:7.483-v:44.000)-(t:7.493-v:43.000)-(t:7.506-v:42.000)-(t:7.517-v:41.000)-(t:7.528-v:40.000)-(t:7.538-v:39.000)-(t:7.549-v:38.000)-(t:7.568-v:37.000)-(t:7.590-v:36.000)-(t:7.599-v:35.000)-(t:7.608-v:34.000)-(t:7.623-v:33.000)-(t:7.657-v:32.000)-(t:7.687-v:31.000)-(t:7.728-v:30.000)-(t:7.739-v:29.000)-(t:7.748-v:27.000)-(t:7.760-v:26.000)-(t:7.791-v:25.000)-(t:7.838-v:24.000)-(t:7.868-v:23.000)-(t:7.911-v:22.000)-(t:7.923-v:21.000)-(t:7.933-v:20.000)-(t:7.946-v:19.000)-(t:7.958-v:18.000)-(t:7.971-v:17.000)-(t:7.983-v:16.000)-(t:8.009-v:15.000)-(t:8.030-v:14.000)-(t:8.080-v:13.000)-(t:8.407-v:12.000)-(t:8.415-v:11.000)-(t:8.441-v:10.000)-(t:8.455-v:9.000)-(t:23.327-v:8.000)-(t:36.250-v:7.000)-(t:49.401-v:6.000)-(t:50.124-v:5.000)-(t:50.308-v:4.000)-(t:70.002-v:3.000)],300.000
examples/csp/csp_100/21-90.txt,dqn,300,2,[(t:6.588-v:116.000)-(t:6.614-v:113.000)-(t:6.624-v:109.000)-(t:6.641-v:108.000)-(t:6.651-v:105.000)-(t:6.668-v:103.000)-(t:6.677-v:102.000)-(t:6.689-v:99.000)-(t:6.700-v:93.000)-(t:6.709-v:91.000)-(t:6.718-v:90.000)-(t:6.729-v:88.000)-(t:6.739-v:86.000)-(t:6.749-v:85.000)-(t:6.764-v:82.000)-(t:6.775-v:81.000)-(t:6.785-v:76.000)-(t:6.796-v:72.000)-(t:6.805-v:69.000)-(t:6.815-v:67.000)-(t:6.832-v:66.000)-(t:6.844-v:62.000)-(t:6.858-v:61.000)-(t:6.868-v:60.000)-(t:6.877-v:58.000)-(t:6.887-v:57.000)-(t:6.898-v:56.000)-(t:6.910-v:55.000)-(t:6.920-v:54.000)-(t:6.930-v:53.000)-(t:6.940-v:52.000)-(t:6.951-v:51.000)-(t:6.962-v:49.000)-(t:6.978-v:48.000)-(t:7.003-v:47.000)-(t:7.015-v:46.000)-(t:7.026-v:45.000)-(t:7.042-v:43.000)-(t:7.054-v:42.000)-(t:7.066-v:41.000)-(t:7.076-v:40.000)-(t:7.085-v:39.000)-(t:7.096-v:38.000)-(t:7.107-v:37.000)-(t:7.117-v:36.000)-(t:7.128-v:35.000)-(t:7.142-v:34.000)-(t:7.152-v:33.000)-(t:7.163-v:32.000)-(t:7.216-v:31.000)-(t:7.231-v:30.000)-(t:7.241-v:29.000)-(t:7.251-v:28.000)-(t:7.261-v:27.000)-(t:7.290-v:26.000)-(t:7.301-v:25.000)-(t:7.334-v:24.000)-(t:7.346-v:23.000)-(t:7.359-v:22.000)-(t:7.369-v:21.000)-(t:7.379-v:20.000)-(t:7.406-v:19.000)-(t:7.428-v:18.000)-(t:7.451-v:17.000)-(t:7.461-v:16.000)-(t:7.481-v:15.000)-(t:7.509-v:14.000)-(t:7.526-v:13.000)-(t:7.546-v:12.000)-(t:7.586-v:11.000)-(t:7.617-v:10.000)-(t:7.640-v:9.000)-(t:7.668-v:8.000)-(t:9.489-v:7.000)-(t:9.669-v:6.000)-(t:9.837-v:5.000)-(t:19.163-v:4.000)-(t:26.482-v:3.000)-(t:110.852-v:2.000)],46.573
examples/csp/csp_100/36-92.txt,dqn,300,2,[(t:7.212-v:116.000)-(t:7.225-v:113.000)-(t:7.240-v:110.000)-(t:7.249-v:109.000)-(t:7.257-v:102.000)-(t:7.263-v:101.000)-(t:7.271-v:98.000)-(t:7.278-v:97.000)-(t:7.286-v:96.000)-(t:7.294-v:95.000)-(t:7.306-v:94.000)-(t:7.314-v:93.000)-(t:7.321-v:91.000)-(t:7.328-v:89.000)-(t:7.336-v:87.000)-(t:7.346-v:86.000)-(t:7.353-v:84.000)-(t:7.362-v:83.000)-(t:7.369-v:82.000)-(t:7.378-v:81.000)-(t:7.386-v:80.000)-(t:7.394-v:75.000)-(t:7.407-v:74.000)-(t:7.418-v:72.000)-(t:7.425-v:71.000)-(t:7.434-v:70.000)-(t:7.447-v:69.000)-(t:7.459-v:67.000)-(t:7.474-v:66.000)-(t:7.483-v:63.000)-(t:7.502-v:62.000)-(t:7.511-v:61.000)-(t:7.520-v:60.000)-(t:7.528-v:58.000)-(t:7.548-v:57.000)-(t:7.557-v:56.000)-(t:7.566-v:55.000)-(t:7.574-v:53.000)-(t:7.583-v:52.000)-(t:7.591-v:51.000)-(t:7.599-v:50.000)-(t:7.607-v:49.000)-(t:7.626-v:48.000)-(t:7.634-v:44.000)-(t:7.643-v:43.000)-(t:7.651-v:42.000)-(t:7.659-v:41.000)-(t:7.668-v:40.000)-(t:7.676-v:39.000)-(t:7.688-v:38.000)-(t:7.696-v:37.000)-(t:7.708-v:36.000)-(t:7.717-v:34.000)-(t:7.727-v:33.000)-(t:7.735-v:32.000)-(t:7.742-v:30.000)-(t:7.750-v:29.000)-(t:7.760-v:28.000)-(t:7.769-v:27.000)-(t:7.781-v:25.000)-(t:7.790-v:24.000)-(t:7.815-v:23.000)-(t:7.834-v:22.000)-(t:7.845-v:21.000)-(t:7.878-v:20.000)-(t:7.897-v:19.000)-(t:7.923-v:18.000)-(t:7.935-v:17.000)-(t:7.966-v:16.000)-(t:8.017-v:15.000)-(t:8.115-v:14.000)-(t:8.135-v:13.000)-(t:8.147-v:12.000)-(t:8.159-v:11.000)-(t:8.175-v:10.000)-(t:8.184-v:9.000)-(t:8.205-v:8.000)-(t:8.645-v:7.000)-(t:8.668-v:6.000)-(t:8.678-v:5.000)-(t:8.735-v:4.000)-(t:12.290-v:3.000)-(t:17.263-v:2.000)],11.953
examples/csp/csp_100/4-72.txt,dqn,300,1,[(t:6.731-v:121.000)-(t:6.741-v:119.000)-(t:6.765-v:117.000)-(t:6.784-v:115.000)-(t:6.796-v:114.000)-(t:6.816-v:113.000)-(t:6.825-v:111.000)-(t:6.836-v:109.000)-(t:6.849-v:108.000)-(t:6.858-v:102.000)-(t:6.881-v:101.000)-(t:6.892-v:100.000)-(t:6.902-v:99.000)-(t:6.911-v:98.000)-(t:6.922-v:97.000)-(t:6.933-v:96.000)-(t:6.944-v:95.000)-(t:6.954-v:92.000)-(t:6.964-v:90.000)-(t:6.975-v:88.000)-(t:6.985-v:85.000)-(t:6.993-v:84.000)-(t:7.003-v:82.000)-(t:7.012-v:80.000)-(t:7.033-v:76.000)-(t:7.042-v:75.000)-(t:7.063-v:74.000)-(t:7.072-v:72.000)-(t:7.081-v:70.000)-(t:7.095-v:68.000)-(t:7.105-v:67.000)-(t:7.115-v:65.000)-(t:7.124-v:63.000)-(t:7.134-v:62.000)-(t:7.143-v:61.000)-(t:7.152-v:58.000)-(t:7.160-v:57.000)-(t:7.170-v:55.000)-(t:7.179-v:54.000)-(t:7.195-v:52.000)-(t:7.203-v:50.000)-(t:7.212-v:49.000)-(t:7.221-v:48.000)-(t:7.230-v:45.000)-(t:7.239-v:44.000)-(t:7.249-v:43.000)-(t:7.257-v:41.000)-(t:7.266-v:40.000)-(t:7.288-v:39.000)-(t:7.298-v:38.000)-(t:7.306-v:37.000)-(t:7.315-v:36.000)-(t:7.324-v:35.000)-(t:7.342-v:34.000)-(t:7.359-v:33.000)-(t:7.367-v:32.000)-(t:7.381-v:31.000)-(t:7.391-v:30.000)-(t:7.400-v:29.000)-(t:7.408-v:28.000)-(t:7.417-v:27.000)-(t:7.426-v:26.000)-(t:7.456-v:24.000)-(t:7.511-v:23.000)-(t:7.538-v:22.000)-(t:7.550-v:21.000)-(t:7.559-v:20.000)-(t:7.570-v:19.000)-(t:7.610-v:18.000)-(t:7.621-v:17.000)-(t:7.646-v:16.000)-(t:7.691-v:15.000)-(t:7.701-v:14.000)-(t:7.708-v:13.000)-(t:7.714-v:12.000)-(t:7.723-v:11.000)-(t:7.764-v:10.000)-(t:7.931-v:9.000)-(t:7.940-v:8.000)-(t:7.951-v:7.000)-(t:7.991-v:6.000)-(t:8.115-v:5.000)-(t:8.142-v:4.000)-(t:23.380-v:3.000)-(t:31.343-v:2.000)-(t:44.382-v:1.000)],300.000
examples/csp/csp_100/6-76.txt,dqn,300,6,[(t:7.838-v:105.000)-(t:7.868-v:104.000)-(t:7.881-v:103.000)-(t:7.889-v:102.000)-(t:7.898-v:101.000)-(t:7.909-v:100.000)-(t:7.924-v:98.000)-(t:7.934-v:96.000)-(t:7.945-v:95.000)-(t:7.955-v:90.000)-(t:7.966-v:89.000)-(t:7.981-v:88.000)-(t:7.992-v:87.000)-(t:8.001-v:85.000)-(t:8.011-v:83.000)-(t:8.023-v:80.000)-(t:8.034-v:79.000)-(t:8.043-v:78.000)-(t:8.053-v:76.000)-(t:8.062-v:75.000)-(t:8.072-v:74.000)-(t:8.081-v:73.000)-(t:8.090-v:72.000)-(t:8.099-v:71.000)-(t:8.118-v:69.000)-(t:8.126-v:68.000)-(t:8.135-v:67.000)-(t:8.142-v:63.000)-(t:8.150-v:62.000)-(t:8.158-v:61.000)-(t:8.166-v:59.000)-(t:8.177-v:58.000)-(t:8.185-v:56.000)-(t:8.193-v:55.000)-(t:8.202-v:53.000)-(t:8.210-v:52.000)-(t:8.217-v:51.000)-(t:8.224-v:48.000)-(t:8.235-v:47.000)-(t:8.243-v:46.000)-(t:8.250-v:45.000)-(t:8.257-v:43.000)-(t:8.271-v:42.000)-(t:8.278-v:41.000)-(t:8.286-v:40.000)-(t:8.293-v:39.000)-(t:8.302-v:37.000)-(t:8.309-v:36.000)-(t:8.319-v:35.000)-(t:8.327-v:34.000)-(t:8.334-v:33.000)-(t:8.342-v:32.000)-(t:8.349-v:31.000)-(t:8.357-v:30.000)-(t:8.363-v:29.000)-(t:8.370-v:28.000)-(t:8.378-v:27.000)-(t:8.388-v:26.000)-(t:8.396-v:25.000)-(t:8.403-v:24.000)-(t:8.410-v:23.000)-(t:8.418-v:22.000)-(t:8.424-v:21.000)-(t:8.432-v:20.000)-(t:8.439-v:18.000)-(t:8.448-v:16.000)-(t:8.458-v:15.000)-(t:8.495-v:14.000)-(t:8.507-v:13.000)-(t:8.515-v:12.000)-(t:8.522-v:11.000)-(t:8.530-v:10.000)-(t:8.541-v:9.000)-(t:8.912-v:8.000)-(t:8.944-v:7.000)-(t:8.956-v:6.000)],8.559
examples/csp/csp_100/carseq_100_8_20_90.txt,dqn,300,0,[(t:5.720-v:124.000)-(t:5.742-v:123.000)-(t:5.750-v:122.000)-(t:5.758-v:121.000)-(t:5.775-v:120.000)-(t:5.784-v:116.000)-(t:5.794-v:114.000)-(t:5.803-v:112.000)-(t:5.813-v:111.000)-(t:5.822-v:110.000)-(t:5.837-v:107.000)-(t:5.845-v:105.000)-(t:5.855-v:102.000)-(t:5.872-v:99.000)-(t:5.883-v:98.000)-(t:5.893-v:96.000)-(t:5.903-v:95.000)-(t:5.913-v:93.000)-(t:5.922-v:92.000)-(t:5.931-v:90.000)-(t:5.940-v:89.000)-(t:5.949-v:87.000)-(t:5.958-v:86.000)-(t:5.972-v:85.000)-(t:5.980-v:83.000)-(t:5.989-v:82.000)-(t:5.998-v:81.000)-(t:6.006-v:80.000)-(t:6.015-v:79.000)-(t:6.024-v:78.000)-(t:6.033-v:77.000)-(t:6.043-v:76.000)-(t:6.050-v:75.000)-(t:6.058-v:74.000)-(t:6.066-v:72.000)-(t:6.075-v:71.000)-(t:6.083-v:70.000)-(t:6.094-v:68.000)-(t:6.102-v:67.000)-(t:6.109-v:65.000)-(t:6.122-v:64.000)-(t:6.131-v:63.000)-(t:6.139-v:62.000)-(t:6.147-v:61.000)-(t:6.156-v:60.000)-(t:6.164-v:58.000)-(t:6.172-v:57.000)-(t:6.179-v:55.000)-(t:6.187-v:54.000)-(t:6.194-v:53.000)-(t:6.200-v:51.000)-(t:6.219-v:50.000)-(t:6.225-v:49.000)-(t:6.232-v:47.000)-(t:6.241-v:46.000)-(t:6.248-v:45.000)-(t:6.255-v:44.000)-(t:6.263-v:42.000)-(t:6.271-v:41.000)-(t:6.279-v:40.000)-(t:6.288-v:39.000)-(t:6.295-v:38.000)-(t:6.303-v:37.000)-(t:6.326-v:36.000)-(t:6.334-v:35.000)-(t:6.343-v:34.000)-(t:6.350-v:33.000)-(t:6.358-v:32.000)-(t:6.365-v:31.000)-(t:6.381-v:30.000)-(t:6.387-v:29.000)-(t:6.394-v:28.000)-(t:6.400-v:27.000)-(t:6.410-v:25.000)-(t:6.418-v:24.000)-(t:6.426-v:23.000)-(t:6.433-v:22.000)-(t:6.467-v:21.000)-(t:6.486-v:20.000)-(t:6.508-v:19.000)-(t:6.534-v:18.000)-(t:6.547-v:17.000)-(t:6.556-v:16.000)-(t:6.596-v:15.000)-(t:6.605-v:14.000)-(t:6.612-v:12.000)-(t:6.625-v:11.000)-(t:6.645-v:9.000)-(t:6.661-v:8.000)-(t:6.670-v:7.000)-(t:6.717-v:6.000)-(t:6.728-v:5.000)-(t:6.766-v:4.000)-(t:6.777-v:3.000)-(t:6.797-v:2.000)-(t:8.522-v:1.000)-(t:9.946-v:0.000)],9.946
examples/csp/csp_100/carseq_100_8_20_82.txt,dqn,300,0,[(t:6.652-v:142.000)-(t:6.675-v:139.000)-(t:6.692-v:135.000)-(t:6.703-v:133.000)-(t:6.711-v:129.000)-(t:6.719-v:127.000)-(t:6.727-v:124.000)-(t:6.740-v:123.000)-(t:6.749-v:121.000)-(t:6.758-v:120.000)-(t:6.775-v:117.000)-(t:6.783-v:116.000)-(t:6.791-v:114.000)-(t:6.798-v:111.000)-(t:6.807-v:110.000)-(t:6.815-v:109.000)-(t:6.822-v:107.000)-(t:6.831-v:103.000)-(t:6.839-v:101.000)-(t:6.847-v:100.000)-(t:6.855-v:99.000)-(t:6.864-v:97.000)-(t:6.872-v:96.000)-(t:6.880-v:95.000)-(t:6.888-v:94.000)-(t:6.897-v:92.000)-(t:6.904-v:91.000)-(t:6.912-v:90.000)-(t:6.919-v:89.000)-(t:6.926-v:88.000)-(t:6.934-v:86.000)-(t:6.941-v:84.000)-(t:6.949-v:83.000)-(t:6.959-v:82.000)-(t:6.967-v:81.000)-(t:6.976-v:78.000)-(t:6.984-v:76.000)-(t:7.012-v:75.000)-(t:7.025-v:72.000)-(t:7.041-v:70.000)-(t:7.071-v:68.000)-(t:7.083-v:67.000)-(t:7.097-v:66.000)-(t:7.103-v:65.000)-(t:7.108-v:64.000)-(t:7.112-v:63.000)-(t:7.118-v:62.000)-(t:7.123-v:61.000)-(t:7.128-v:60.000)-(t:7.133-v:59.000)-(t:7.138-v:57.000)-(t:7.144-v:54.000)-(t:7.150-v:53.000)-(t:7.155-v:52.000)-(t:7.160-v:51.000)-(t:7.165-v:49.000)-(t:7.171-v:48.000)-(t:7.176-v:47.000)-(t:7.181-v:46.000)-(t:7.189-v:43.000)-(t:7.194-v:42.000)-(t:7.202-v:41.000)-(t:7.213-v:40.000)-(t:7.219-v:38.000)-(t:7.225-v:37.000)-(t:7.236-v:36.000)-(t:7.246-v:35.000)-(t:7.254-v:33.000)-(t:7.260-v:32.000)-(t:7.267-v:31.000)-(t:7.274-v:30.000)-(t:7.301-v:29.000)-(t:7.334-v:28.000)-(t:7.342-v:27.000)-(t:7.352-v:26.000)-(t:7.361-v:25.000)-(t:7.369-v:24.000)-(t:7.379-v:23.000)-(t:7.387-v:22.000)-(t:7.395-v:21.000)-(t:7.405-v:20.000)-(t:7.421-v:19.000)-(t:7.439-v:17.000)-(t:7.504-v:16.000)-(t:7.531-v:15.000)-(t:7.584-v:14.000)-(t:7.594-v:13.000)-(t:7.606-v:12.000)-(t:7.662-v:11.000)-(t:7.674-v:10.000)-(t:7.699-v:9.000)-(t:7.715-v:8.000)-(t:7.726-v:7.000)-(t:7.740-v:6.000)-(t:7.758-v:5.000)-(t:16.743-v:4.000)-(t:20.300-v:3.000)-(t:27.492-v:2.000)-(t:31.327-v:1.000)-(t:55.656-v:0.000)],55.656
examples/csp/csp_100/carseq_100_8_20_94.txt,dqn,300,0,[(t:5.156-v:96.000)-(t:5.171-v:95.000)-(t:5.185-v:93.000)-(t:5.193-v:92.000)-(t:5.200-v:88.000)-(t:5.208-v:87.000)-(t:5.222-v:86.000)-(t:5.228-v:85.000)-(t:5.236-v:81.000)-(t:5.243-v:80.000)-(t:5.252-v:79.000)-(t:5.260-v:75.000)-(t:5.268-v:74.000)-(t:5.273-v:73.000)-(t:5.281-v:72.000)-(t:5.289-v:71.000)-(t:5.301-v:70.000)-(t:5.307-v:68.000)-(t:5.316-v:67.000)-(t:5.323-v:66.000)-(t:5.330-v:64.000)-(t:5.337-v:63.000)-(t:5.345-v:62.000)-(t:5.353-v:61.000)-(t:5.360-v:60.000)-(t:5.367-v:59.000)-(t:5.373-v:57.000)-(t:5.379-v:56.000)-(t:5.391-v:55.000)-(t:5.398-v:54.000)-(t:5.407-v:53.000)-(t:5.417-v:51.000)-(t:5.425-v:49.000)-(t:5.432-v:48.000)-(t:5.438-v:47.000)-(t:5.454-v:45.000)-(t:5.463-v:44.000)-(t:5.470-v:43.000)-(t:5.476-v:42.000)-(t:5.482-v:41.000)-(t:5.488-v:40.000)-(t:5.495-v:39.000)-(t:5.501-v:38.000)-(t:5.508-v:37.000)-(t:5.518-v:36.000)-(t:5.524-v:35.000)-(t:5.548-v:34.000)-(t:5.571-v:33.000)-(t:5.583-v:32.000)-(t:5.600-v:31.000)-(t:5.608-v:28.000)-(t:5.626-v:27.000)-(t:5.641-v:26.000)-(t:5.649-v:25.000)-(t:5.658-v:24.000)-(t:5.668-v:23.000)-(t:5.675-v:22.000)-(t:5.684-v:21.000)-(t:5.715-v:20.000)-(t:5.741-v:19.000)-(t:5.770-v:18.000)-(t:5.789-v:17.000)-(t:5.801-v:16.000)-(t:5.825-v:15.000)-(t:5.832-v:14.000)-(t:5.854-v:13.000)-(t:5.887-v:12.000)-(t:5.961-v:11.000)-(t:5.967-v:10.000)-(t:5.974-v:9.000)-(t:5.985-v:8.000)-(t:6.006-v:7.000)-(t:6.149-v:6.000)-(t:6.221-v:5.000)-(t:6.395-v:4.000)-(t:6.410-v:3.000)-(t:6.427-v:2.000)-(t:13.708-v:1.000)-(t:15.434-v:0.000)],15.434
examples/csp/csp_100/carseq_100_8_20_72.txt,dqn,300,1,[(t:8.847-v:123.000)-(t:8.891-v:122.000)-(t:8.907-v:121.000)-(t:8.922-v:118.000)-(t:8.932-v:117.000)-(t:8.944-v:114.000)-(t:8.956-v:113.000)-(t:8.976-v:111.000)-(t:8.988-v:108.000)-(t:9.008-v:107.000)-(t:9.020-v:104.000)-(t:9.035-v:103.000)-(t:9.045-v:102.000)-(t:9.056-v:100.000)-(t:9.066-v:99.000)-(t:9.077-v:98.000)-(t:9.096-v:97.000)-(t:9.109-v:94.000)-(t:9.123-v:93.000)-(t:9.136-v:91.000)-(t:9.143-v:90.000)-(t:9.151-v:87.000)-(t:9.163-v:83.000)-(t:9.176-v:81.000)-(t:9.187-v:80.000)-(t:9.198-v:79.000)-(t:9.208-v:78.000)-(t:9.219-v:77.000)-(t:9.229-v:70.000)-(t:9.240-v:69.000)-(t:9.248-v:67.000)-(t:9.257-v:66.000)-(t:9.269-v:65.000)-(t:9.282-v:64.000)-(t:9.291-v:61.000)-(t:9.302-v:60.000)-(t:9.320-v:59.000)-(t:9.332-v:58.000)-(t:9.343-v:57.000)-(t:9.353-v:55.000)-(t:9.362-v:53.000)-(t:9.369-v:52.000)-(t:9.377-v:50.000)-(t:9.391-v:49.000)-(t:9.402-v:48.000)-(t:9.411-v:47.000)-(t:9.423-v:46.000)-(t:9.432-v:45.000)-(t:9.443-v:44.000)-(t:9.458-v:43.000)-(t:9.479-v:42.000)-(t:9.491-v:41.000)-(t:9.501-v:40.000)-(t:9.509-v:39.000)-(t:9.525-v:38.000)-(t:9.549-v:37.000)-(t:9.560-v:35.000)-(t:9.572-v:32.000)-(t:9.600-v:31.000)-(t:9.610-v:30.000)-(t:9.626-v:29.000)-(t:9.646-v:28.000)-(t:9.670-v:27.000)-(t:9.695-v:26.000)-(t:9.706-v:25.000)-(t:9.716-v:24.000)-(t:9.727-v:23.000)-(t:9.741-v:22.000)-(t:9.780-v:21.000)-(t:9.835-v:20.000)-(t:9.848-v:19.000)-(t:9.862-v:18.000)-(t:9.879-v:17.000)-(t:9.897-v:16.000)-(t:9.910-v:15.000)-(t:9.924-v:14.000)-(t:9.948-v:13.000)-(t:9.974-v:12.000)-(t:10.000-v:11.000)-(t:10.014-v:10.000)-(t:10.037-v:9.000)-(t:10.051-v:8.000)-(t:10.079-v:7.000)-(t:10.118-v:6.000)-(t:10.156-v:5.000)-(t:10.588-v:4.000)-(t:16.811-v:3.000)-(t:16.997-v:2.000)-(t:21.563-v:1.000)],300.000
examples/csp/csp_200/pb_200_06.txt,dqn,300,,,
examples/csp/csp_200/pb_200_07.txt,dqn,300,,,
examples/csp/csp_200/pb_200_08.txt,dqn,300,,,
examples/csp/csp_100/carseq_100_8_20_81.txt,dqn,300,1,[(t:6.054-v:119.000)-(t:6.061-v:112.000)-(t:6.067-v:110.000)-(t:6.081-v:108.000)-(t:6.102-v:107.000)-(t:6.110-v:106.000)-(t:6.117-v:105.000)-(t:6.125-v:103.000)-(t:6.133-v:101.000)-(t:6.141-v:99.000)-(t:6.149-v:98.000)-(t:6.165-v:96.000)-(t:6.173-v:93.000)-(t:6.181-v:89.000)-(t:6.188-v:88.000)-(t:6.196-v:87.000)-(t:6.204-v:84.000)-(t:6.211-v:82.000)-(t:6.219-v:80.000)-(t:6.227-v:79.000)-(t:6.236-v:78.000)-(t:6.243-v:77.000)-(t:6.254-v:76.000)-(t:6.262-v:75.000)-(t:6.269-v:74.000)-(t:6.279-v:73.000)-(t:6.286-v:72.000)-(t:6.294-v:69.000)-(t:6.304-v:68.000)-(t:6.312-v:67.000)-(t:6.320-v:66.000)-(t:6.329-v:65.000)-(t:6.337-v:64.000)-(t:6.344-v:63.000)-(t:6.351-v:62.000)-(t:6.359-v:60.000)-(t:6.366-v:59.000)-(t:6.374-v:58.000)-(t:6.382-v:56.000)-(t:6.389-v:55.000)-(t:6.395-v:54.000)-(t:6.402-v:53.000)-(t:6.409-v:52.000)-(t:6.415-v:51.000)-(t:6.422-v:50.000)-(t:6.431-v:49.000)-(t:6.438-v:48.000)-(t:6.444-v:47.000)-(t:6.451-v:46.000)-(t:6.457-v:45.000)-(t:6.464-v:44.000)-(t:6.472-v:43.000)-(t:6.479-v:42.000)-(t:6.489-v:40.000)-(t:6.501-v:39.000)-(t:6.511-v:38.000)-(t:6.524-v:37.000)-(t:6.543-v:36.000)-(t:6.550-v:35.000)-(t:6.557-v:34.000)-(t:6.565-v:32.000)-(t:6.573-v:31.000)-(t:6.581-v:30.000)-(t:6.596-v:29.000)-(t:6.608-v:28.000)-(t:6.621-v:27.000)-(t:6.629-v:25.000)-(t:6.637-v:24.000)-(t:6.644-v:23.000)-(t:6.653-v:22.000)-(t:6.670-v:21.000)-(t:6.678-v:20.000)-(t:6.702-v:19.000)-(t:6.733-v:17.000)-(t:6.741-v:16.000)-(t:6.749-v:14.000)-(t:6.756-v:13.000)-(t:6.763-v:12.000)-(t:6.775-v:11.000)-(t:6.794-v:10.000)-(t:6.802-v:9.000)-(t:6.822-v:8.000)-(t:6.851-v:7.000)-(t:6.880-v:6.000)-(t:6.908-v:5.000)-(t:13.386-v:4.000)-(t:13.813-v:3.000)-(t:20.975-v:2.000)-(t:25.960-v:1.000)],300.000
examples/csp/csp_200/pb_200_09.txt,dqn,300,,,
examples/csp/csp_200/pb_200_10.txt,dqn,300,,,
examples/csp/csp_300/carseq_300_8_20_38.txt,dqn,300,,,
examples/csp/csp_300/carseq_300_8_20_40.txt,dqn,300,,,
examples/csp/csp_300/carseq_300_8_20_45.txt,dqn,300,,,
examples/csp/csp_300/carseq_300_8_20_47.txt,dqn,300,,,
examples/csp/csp_300/carseq_300_8_20_53.txt,dqn,300,,,
examples/csp/csp_300/carseq_300_8_20_56.txt,dqn,300,,,
examples/csp/csp_300/carseq_300_8_20_62.txt,dqn,300,,,
examples/csp/csp_100/carseq_100_8_20_85.txt,dqn,300,1,[(t:7.141-v:114.000)-(t:7.158-v:112.000)-(t:7.167-v:111.000)-(t:7.174-v:109.000)-(t:7.186-v:105.000)-(t:7.208-v:104.000)-(t:7.215-v:103.000)-(t:7.225-v:101.000)-(t:7.236-v:100.000)-(t:7.244-v:99.000)-(t:7.252-v:98.000)-(t:7.261-v:96.000)-(t:7.273-v:95.000)-(t:7.280-v:94.000)-(t:7.288-v:92.000)-(t:7.297-v:90.000)-(t:7.305-v:89.000)-(t:7.314-v:88.000)-(t:7.322-v:87.000)-(t:7.330-v:83.000)-(t:7.337-v:81.000)-(t:7.345-v:78.000)-(t:7.354-v:77.000)-(t:7.363-v:76.000)-(t:7.369-v:75.000)-(t:7.377-v:74.000)-(t:7.386-v:73.000)-(t:7.395-v:72.000)-(t:7.402-v:71.000)-(t:7.410-v:70.000)-(t:7.417-v:68.000)-(t:7.424-v:67.000)-(t:7.431-v:66.000)-(t:7.438-v:65.000)-(t:7.446-v:64.000)-(t:7.454-v:63.000)-(t:7.463-v:62.000)-(t:7.471-v:61.000)-(t:7.477-v:59.000)-(t:7.485-v:58.000)-(t:7.491-v:57.000)-(t:7.498-v:55.000)-(t:7.504-v:53.000)-(t:7.513-v:52.000)-(t:7.525-v:51.000)-(t:7.531-v:50.000)-(t:7.544-v:49.000)-(t:7.562-v:48.000)-(t:7.570-v:47.000)-(t:7.578-v:43.000)-(t:7.587-v:42.000)-(t:7.594-v:41.000)-(t:7.601-v:39.000)-(t:7.609-v:38.000)-(t:7.620-v:37.000)-(t:7.627-v:36.000)-(t:7.634-v:35.000)-(t:7.642-v:34.000)-(t:7.649-v:33.000)-(t:7.657-v:31.000)-(t:7.664-v:30.000)-(t:7.675-v:29.000)-(t:7.684-v:28.000)-(t:7.691-v:27.000)-(t:7.697-v:26.000)-(t:7.708-v:25.000)-(t:7.714-v:24.000)-(t:7.721-v:23.000)-(t:7.727-v:22.000)-(t:7.742-v:21.000)-(t:7.754-v:20.000)-(t:7.780-v:19.000)-(t:7.797-v:18.000)-(t:7.807-v:17.000)-(t:7.822-v:16.000)-(t:7.829-v:14.000)-(t:7.859-v:13.000)-(t:7.880-v:12.000)-(t:7.898-v:11.000)-(t:7.909-v:10.000)-(t:8.025-v:9.000)-(t:8.038-v:8.000)-(t:8.053-v:7.000)-(t:11.831-v:6.000)-(t:13.958-v:5.000)-(t:24.815-v:4.000)-(t:53.620-v:3.000)-(t:99.765-v:2.000)-(t:241.050-v:1.000)],300.000
examples/csp/csp_300/carseq_300_8_20_76.txt,dqn,300,,,
examples/csp/csp_100/carseq_100_8_20_86.txt,dqn,300,2,[(t:7.142-v:147.000)-(t:7.155-v:146.000)-(t:7.169-v:142.000)-(t:7.176-v:138.000)-(t:7.182-v:131.000)-(t:7.192-v:127.000)-(t:7.199-v:126.000)-(t:7.206-v:125.000)-(t:7.214-v:123.000)-(t:7.223-v:121.000)-(t:7.231-v:118.000)-(t:7.260-v:117.000)-(t:7.268-v:113.000)-(t:7.273-v:111.000)-(t:7.279-v:110.000)-(t:7.286-v:108.000)-(t:7.292-v:105.000)-(t:7.298-v:102.000)-(t:7.307-v:100.000)-(t:7.313-v:98.000)-(t:7.325-v:97.000)-(t:7.332-v:96.000)-(t:7.338-v:95.000)-(t:7.345-v:94.000)-(t:7.351-v:93.000)-(t:7.357-v:92.000)-(t:7.365-v:90.000)-(t:7.374-v:88.000)-(t:7.379-v:87.000)-(t:7.387-v:86.000)-(t:7.394-v:85.000)-(t:7.400-v:84.000)-(t:7.406-v:83.000)-(t:7.412-v:81.000)-(t:7.420-v:80.000)-(t:7.427-v:79.000)-(t:7.435-v:78.000)-(t:7.442-v:74.000)-(t:7.448-v:72.000)-(t:7.455-v:71.000)-(t:7.461-v:70.000)-(t:7.476-v:68.000)-(t:7.484-v:67.000)-(t:7.492-v:66.000)-(t:7.498-v:65.000)-(t:7.506-v:62.000)-(t:7.514-v:61.000)-(t:7.520-v:60.000)-(t:7.527-v:59.000)-(t:7.534-v:58.000)-(t:7.541-v:57.000)-(t:7.548-v:55.000)-(t:7.554-v:54.000)-(t:7.560-v:51.000)-(t:7.570-v:50.000)-(t:7.581-v:49.000)-(t:7.589-v:48.000)-(t:7.596-v:47.000)-(t:7.609-v:46.000)-(t:7.615-v:45.000)-(t:7.622-v:44.000)-(t:7.629-v:43.000)-(t:7.635-v:42.000)-(t:7.653-v:40.000)-(t:7.663-v:39.000)-(t:7.671-v:38.000)-(t:7.679-v:37.000)-(t:7.697-v:36.000)-(t:7.707-v:35.000)-(t:7.722-v:34.000)-(t:7.729-v:33.000)-(t:7.736-v:32.000)-(t:7.745-v:31.000)-(t:7.774-v:30.000)-(t:7.783-v:29.000)-(t:7.807-v:28.000)-(t:7.821-v:27.000)-(t:7.829-v:26.000)-(t:7.858-v:25.000)-(t:7.867-v:24.000)-(t:7.875-v:23.000)-(t:7.886-v:21.000)-(t:7.898-v:20.000)-(t:7.906-v:19.000)-(t:7.915-v:18.000)-(t:7.939-v:17.000)-(t:7.953-v:16.000)-(t:8.003-v:15.000)-(t:8.043-v:14.000)-(t:8.064-v:13.000)-(t:8.086-v:12.000)-(t:8.099-v:11.000)-(t:8.124-v:10.000)-(t:8.135-v:9.000)-(t:8.190-v:8.000)-(t:8.229-v:7.000)-(t:13.148-v:6.000)-(t:13.499-v:5.000)-(t:38.261-v:4.000)-(t:50.225-v:3.000)-(t:84.524-v:2.000)],300.000
examples/csp/csp_100/carseq_100_8_20_88.txt,dqn,300,1,[(t:8.450-v:157.000)-(t:8.478-v:154.000)-(t:8.488-v:153.000)-(t:8.499-v:147.000)-(t:8.508-v:146.000)-(t:8.518-v:145.000)-(t:8.530-v:144.000)-(t:8.546-v:143.000)-(t:8.559-v:141.000)-(t:8.570-v:140.000)-(t:8.579-v:137.000)-(t:8.591-v:133.000)-(t:8.602-v:132.000)-(t:8.612-v:131.000)-(t:8.621-v:129.000)-(t:8.629-v:128.000)-(t:8.641-v:127.000)-(t:8.653-v:126.000)-(t:8.669-v:125.000)-(t:8.675-v:124.000)-(t:8.683-v:118.000)-(t:8.694-v:117.000)-(t:8.705-v:109.000)-(t:8.715-v:107.000)-(t:8.724-v:106.000)-(t:8.733-v:105.000)-(t:8.750-v:103.000)-(t:8.760-v:101.000)-(t:8.773-v:98.000)-(t:8.779-v:96.000)-(t:8.791-v:94.000)-(t:8.801-v:93.000)-(t:8.811-v:92.000)-(t:8.823-v:91.000)-(t:8.829-v:90.000)-(t:8.840-v:89.000)-(t:8.850-v:88.000)-(t:8.861-v:87.000)-(t:8.878-v:85.000)-(t:8.897-v:84.000)-(t:8.908-v:83.000)-(t:8.921-v:82.000)-(t:8.930-v:81.000)-(t:8.941-v:80.000)-(t:8.948-v:79.000)-(t:8.958-v:78.000)-(t:8.969-v:76.000)-(t:8.975-v:74.000)-(t:8.986-v:73.000)-(t:8.997-v:72.000)-(t:9.007-v:71.000)-(t:9.019-v:70.000)-(t:9.027-v:69.000)-(t:9.036-v:67.000)-(t:9.048-v:66.000)-(t:9.065-v:65.000)-(t:9.072-v:63.000)-(t:9.077-v:62.000)-(t:9.083-v:60.000)-(t:9.092-v:59.000)-(t:9.105-v:58.000)-(t:9.116-v:57.000)-(t:9.129-v:56.000)-(t:9.137-v:55.000)-(t:9.149-v:54.000)-(t:9.169-v:53.000)-(t:9.180-v:52.000)-(t:9.186-v:51.000)-(t:9.197-v:50.000)-(t:9.209-v:49.000)-(t:9.220-v:48.000)-(t:9.236-v:47.000)-(t:9.248-v:45.000)-(t:9.277-v:44.000)-(t:9.308-v:43.000)-(t:9.323-v:42.000)-(t:9.332-v:41.000)-(t:9.365-v:40.000)-(t:9.376-v:39.000)-(t:9.386-v:38.000)-(t:9.399-v:37.000)-(t:9.410-v:36.000)-(t:9.421-v:35.000)-(t:9.432-v:34.000)-(t:9.439-v:33.000)-(t:9.475-v:32.000)-(t:9.504-v:31.000)-(t:9.524-v:30.000)-(t:9.537-v:29.000)-(t:9.551-v:28.000)-(t:9.572-v:27.000)-(t:9.588-v:26.000)-(t:9.604-v:25.000)-(t:9.636-v:24.000)-(t:9.648-v:23.000)-(t:9.690-v:22.000)-(t:9.727-v:20.000)-(t:9.743-v:19.000)-(t:9.756-v:18.000)-(t:9.785-v:17.000)-(t:9.857-v:16.000)-(t:9.868-v:15.000)-(t:9.879-v:14.000)-(t:9.943-v:13.000)-(t:9.973-v:12.000)-(t:9.999-v:10.000)-(t:15.847-v:9.000)-(t:20.762-v:8.000)-(t:20.940-v:7.000)-(t:21.270-v:6.000)-(t:41.663-v:5.000)-(t:41.974-v:4.000)-(t:103.946-v:3.000)-(t:104.029-v:2.000)-(t:180.727-v:1.000)],300.000
examples/csp/csp_300/carseq_300_8_20_78.txt,dqn,300,,,
examples/csp/csp_300/carseq_300_8_20_80.txt,dqn,300,,,
examples/csp/csp_300/carseq_300_8_20_81.txt,dqn,300,,,
examples/csp/csp_300/pb_300_06.txt,dqn,300,,,
examples/csp/csp_300/pb_300_07.txt,dqn,300,,,
examples/csp/csp_300/pb_300_08.txt,dqn,300,,,
examples/csp/csp_100/carseq_100_8_20_98.txt,dqn,300,1,[(t:7.486-v:126.000)-(t:7.505-v:125.000)-(t:7.517-v:123.000)-(t:7.534-v:121.000)-(t:7.545-v:119.000)-(t:7.553-v:115.000)-(t:7.559-v:114.000)-(t:7.566-v:112.000)-(t:7.578-v:109.000)-(t:7.588-v:108.000)-(t:7.604-v:107.000)-(t:7.613-v:106.000)-(t:7.635-v:104.000)-(t:7.648-v:103.000)-(t:7.661-v:102.000)-(t:7.668-v:100.000)-(t:7.676-v:98.000)-(t:7.682-v:95.000)-(t:7.687-v:94.000)-(t:7.693-v:93.000)-(t:7.699-v:92.000)-(t:7.707-v:90.000)-(t:7.718-v:88.000)-(t:7.728-v:87.000)-(t:7.738-v:85.000)-(t:7.749-v:84.000)-(t:7.755-v:83.000)-(t:7.766-v:81.000)-(t:7.777-v:80.000)-(t:7.790-v:78.000)-(t:7.801-v:76.000)-(t:7.808-v:75.000)-(t:7.814-v:73.000)-(t:7.820-v:72.000)-(t:7.825-v:70.000)-(t:7.836-v:69.000)-(t:7.847-v:68.000)-(t:7.856-v:66.000)-(t:7.868-v:65.000)-(t:7.880-v:63.000)-(t:7.891-v:61.000)-(t:7.899-v:60.000)-(t:7.910-v:58.000)-(t:7.923-v:56.000)-(t:7.929-v:55.000)-(t:7.936-v:54.000)-(t:7.944-v:53.000)-(t:7.953-v:52.000)-(t:7.964-v:51.000)-(t:7.974-v:50.000)-(t:7.991-v:49.000)-(t:7.997-v:48.000)-(t:8.008-v:47.000)-(t:8.018-v:46.000)-(t:8.029-v:43.000)-(t:8.039-v:42.000)-(t:8.044-v:41.000)-(t:8.049-v:40.000)-(t:8.055-v:39.000)-(t:8.060-v:38.000)-(t:8.065-v:37.000)-(t:8.070-v:36.000)-(t:8.084-v:35.000)-(t:8.096-v:34.000)-(t:8.115-v:33.000)-(t:8.122-v:32.000)-(t:8.143-v:31.000)-(t:8.154-v:30.000)-(t:8.190-v:29.000)-(t:8.201-v:28.000)-(t:8.212-v:25.000)-(t:8.223-v:24.000)-(t:8.231-v:23.000)-(t:8.243-v:22.000)-(t:8.278-v:21.000)-(t:8.287-v:20.000)-(t:8.304-v:19.000)-(t:8.315-v:18.000)-(t:8.337-v:17.000)-(t:8.356-v:16.000)-(t:8.388-v:15.000)-(t:8.489-v:14.000)-(t:8.503-v:13.000)-(t:8.549-v:12.000)-(t:8.565-v:11.000)-(t:8.594-v:10.000)-(t:8.624-v:9.000)-(t:8.642-v:8.000)-(t:8.677-v:7.000)-(t:15.298-v:6.000)-(t:15.462-v:5.000)-(t:15.979-v:4.000)-(t:50.639-v:3.000)-(t:81.610-v:2.000)-(t:217.718-v:1.000)],300.000
examples/csp/csp_300/pb_300_09.txt,dqn,300,,,
examples/csp/csp_100/carseq_100_8_20_99.txt,dqn,300,1,[(t:5.705-v:147.000)-(t:5.723-v:146.000)-(t:5.746-v:141.000)-(t:5.756-v:139.000)-(t:5.764-v:137.000)-(t:5.772-v:136.000)-(t:5.781-v:135.000)-(t:5.790-v:133.000)-(t:5.808-v:132.000)-(t:5.816-v:131.000)-(t:5.825-v:130.000)-(t:5.835-v:129.000)-(t:5.843-v:125.000)-(t:5.853-v:124.000)-(t:5.861-v:122.000)-(t:5.874-v:120.000)-(t:5.883-v:116.000)-(t:5.892-v:114.000)-(t:5.901-v:113.000)-(t:5.910-v:111.000)-(t:5.918-v:109.000)-(t:5.927-v:108.000)-(t:5.935-v:107.000)-(t:5.943-v:102.000)-(t:5.952-v:101.000)-(t:5.961-v:98.000)-(t:5.969-v:97.000)-(t:5.977-v:95.000)-(t:5.986-v:94.000)-(t:5.995-v:93.000)-(t:6.003-v:92.000)-(t:6.011-v:91.000)-(t:6.019-v:90.000)-(t:6.030-v:89.000)-(t:6.039-v:88.000)-(t:6.046-v:87.000)-(t:6.065-v:86.000)-(t:6.073-v:85.000)-(t:6.082-v:84.000)-(t:6.091-v:82.000)-(t:6.099-v:81.000)-(t:6.115-v:80.000)-(t:6.124-v:79.000)-(t:6.133-v:77.000)-(t:6.144-v:76.000)-(t:6.157-v:75.000)-(t:6.168-v:74.000)-(t:6.180-v:73.000)-(t:6.188-v:72.000)-(t:6.197-v:70.000)-(t:6.207-v:68.000)-(t:6.217-v:66.000)-(t:6.226-v:65.000)-(t:6.235-v:63.000)-(t:6.245-v:61.000)-(t:6.253-v:60.000)-(t:6.263-v:58.000)-(t:6.272-v:57.000)-(t:6.282-v:56.000)-(t:6.289-v:53.000)-(t:6.297-v:52.000)-(t:6.305-v:51.000)-(t:6.313-v:50.000)-(t:6.323-v:48.000)-(t:6.330-v:47.000)-(t:6.340-v:46.000)-(t:6.348-v:45.000)-(t:6.355-v:44.000)-(t:6.363-v:43.000)-(t:6.372-v:42.000)-(t:6.379-v:41.000)-(t:6.389-v:40.000)-(t:6.404-v:39.000)-(t:6.413-v:38.000)-(t:6.420-v:37.000)-(t:6.441-v:36.000)-(t:6.449-v:35.000)-(t:6.496-v:34.000)-(t:6.506-v:33.000)-(t:6.518-v:32.000)-(t:6.527-v:31.000)-(t:6.539-v:30.000)-(t:6.551-v:29.000)-(t:6.566-v:28.000)-(t:6.598-v:27.000)-(t:6.610-v:26.000)-(t:6.661-v:25.000)-(t:6.672-v:24.000)-(t:6.682-v:23.000)-(t:6.726-v:22.000)-(t:6.738-v:21.000)-(t:6.756-v:20.000)-(t:6.765-v:19.000)-(t:6.833-v:18.000)-(t:6.843-v:17.000)-(t:6.853-v:16.000)-(t:6.881-v:15.000)-(t:6.897-v:14.000)-(t:6.923-v:13.000)-(t:6.947-v:12.000)-(t:6.958-v:11.000)-(t:6.975-v:10.000)-(t:7.016-v:9.000)-(t:7.027-v:8.000)-(t:7.039-v:7.000)-(t:7.066-v:5.000)-(t:8.151-v:4.000)-(t:12.512-v:3.000)-(t:21.460-v:2.000)-(t:22.309-v:1.000)],300.000
examples/csp/csp_300/pb_300_10.txt,dqn,300,,,
examples/csp/csp_100/carseq_100_8_20_64.txt,dqn,300,0,[(t:5.513-v:127.000)-(t:5.531-v:123.000)-(t:5.552-v:120.000)-(t:5.561-v:119.000)-(t:5.567-v:118.000)-(t:5.577-v:116.000)-(t:5.585-v:114.000)-(t:5.593-v:113.000)-(t:5.601-v:112.000)-(t:5.618-v:110.000)-(t:5.625-v:109.000)-(t:5.633-v:106.000)-(t:5.641-v:105.000)-(t:5.649-v:100.000)-(t:5.656-v:96.000)-(t:5.664-v:94.000)-(t:5.671-v:91.000)-(t:5.678-v:87.000)-(t:5.684-v:83.000)-(t:5.693-v:82.000)-(t:5.700-v:80.000)-(t:5.705-v:78.000)-(t:5.712-v:77.000)-(t:5.718-v:75.000)-(t:5.725-v:74.000)-(t:5.731-v:71.000)-(t:5.738-v:69.000)-(t:5.745-v:68.000)-(t:5.751-v:67.000)-(t:5.758-v:66.000)-(t:5.764-v:65.000)-(t:5.771-v:64.000)-(t:5.778-v:60.000)-(t:5.784-v:59.000)-(t:5.792-v:58.000)-(t:5.798-v:57.000)-(t:5.803-v:56.000)-(t:5.810-v:55.000)-(t:5.818-v:54.000)-(t:5.826-v:53.000)-(t:5.837-v:52.000)-(t:5.843-v:51.000)-(t:5.851-v:50.000)-(t:5.858-v:49.000)-(t:5.866-v:48.000)-(t:5.873-v:46.000)-(t:5.879-v:45.000)-(t:5.890-v:43.000)-(t:5.897-v:42.000)-(t:5.903-v:41.000)-(t:5.918-v:40.000)-(t:5.926-v:38.000)-(t:5.933-v:37.000)-(t:5.939-v:36.000)-(t:5.954-v:35.000)-(t:5.974-v:33.000)-(t:5.995-v:32.000)-(t:6.011-v:31.000)-(t:6.019-v:30.000)-(t:6.028-v:29.000)-(t:6.045-v:28.000)-(t:6.056-v:27.000)-(t:6.066-v:26.000)-(t:6.076-v:25.000)-(t:6.087-v:24.000)-(t:6.109-v:23.000)-(t:6.189-v:22.000)-(t:6.196-v:21.000)-(t:6.222-v:20.000)-(t:6.241-v:19.000)-(t:6.247-v:18.000)-(t:6.253-v:17.000)-(t:6.274-v:16.000)-(t:6.279-v:15.000)-(t:6.285-v:14.000)-(t:6.295-v:13.000)-(t:6.307-v:12.000)-(t:6.313-v:11.000)-(t:6.322-v:10.000)-(t:6.339-v:9.000)-(t:6.347-v:8.000)-(t:6.387-v:7.000)-(t:6.412-v:6.000)-(t:6.431-v:5.000)-(t:18.067-v:4.000)-(t:20.244-v:3.000)-(t:24.214-v:2.000)-(t:26.752-v:1.000)-(t:53.116-v:0.000)],53.116
examples/csp/csp_100/carseq_100_8_20_62.txt,dqn,300,0,[(t:5.592-v:116.000)-(t:5.619-v:115.000)-(t:5.632-v:113.000)-(t:5.637-v:111.000)-(t:5.643-v:109.000)-(t:5.650-v:108.000)-(t:5.656-v:106.000)-(t:5.661-v:105.000)-(t:5.669-v:104.000)-(t:5.676-v:103.000)-(t:5.681-v:102.000)-(t:5.688-v:100.000)-(t:5.695-v:98.000)-(t:5.701-v:97.000)-(t:5.708-v:96.000)-(t:5.714-v:95.000)-(t:5.725-v:94.000)-(t:5.732-v:92.000)-(t:5.753-v:91.000)-(t:5.759-v:90.000)-(t:5.768-v:89.000)-(t:5.776-v:87.000)-(t:5.783-v:86.000)-(t:5.790-v:84.000)-(t:5.800-v:83.000)-(t:5.806-v:81.000)-(t:5.813-v:78.000)-(t:5.822-v:77.000)-(t:5.836-v:76.000)-(t:5.844-v:73.000)-(t:5.850-v:72.000)-(t:5.858-v:70.000)-(t:5.866-v:68.000)-(t:5.877-v:66.000)-(t:5.885-v:65.000)-(t:5.894-v:64.000)-(t:5.902-v:63.000)-(t:5.907-v:62.000)-(t:5.914-v:61.000)-(t:5.922-v:60.000)-(t:5.927-v:59.000)-(t:5.933-v:58.000)-(t:5.948-v:57.000)-(t:5.957-v:56.000)-(t:5.964-v:55.000)-(t:5.972-v:54.000)-(t:5.979-v:52.000)-(t:5.987-v:51.000)-(t:5.993-v:50.000)-(t:6.000-v:49.000)-(t:6.008-v:48.000)-(t:6.026-v:47.000)-(t:6.033-v:46.000)-(t:6.039-v:45.000)-(t:6.045-v:44.000)-(t:6.051-v:43.000)-(t:6.061-v:42.000)-(t:6.067-v:41.000)-(t:6.081-v:40.000)-(t:6.092-v:39.000)-(t:6.098-v:38.000)-(t:6.111-v:37.000)-(t:6.118-v:35.000)-(t:6.148-v:34.000)-(t:6.157-v:33.000)-(t:6.165-v:32.000)-(t:6.172-v:31.000)-(t:6.183-v:30.000)-(t:6.190-v:29.000)-(t:6.197-v:28.000)-(t:6.204-v:27.000)-(t:6.217-v:26.000)-(t:6.226-v:25.000)-(t:6.257-v:24.000)-(t:6.272-v:23.000)-(t:6.297-v:22.000)-(t:6.318-v:21.000)-(t:6.363-v:20.000)-(t:6.378-v:19.000)-(t:6.390-v:18.000)-(t:6.399-v:17.000)-(t:6.408-v:16.000)-(t:6.440-v:15.000)-(t:6.454-v:14.000)-(t:6.464-v:13.000)-(t:6.540-v:12.000)-(t:6.558-v:11.000)-(t:6.570-v:10.000)-(t:6.583-v:9.000)-(t:6.591-v:8.000)-(t:7.602-v:7.000)-(t:10.784-v:6.000)-(t:15.026-v:5.000)-(t:17.333-v:4.000)-(t:22.748-v:3.000)-(t:23.067-v:2.000)-(t:30.308-v:1.000)-(t:95.079-v:0.000)],95.079
examples/csp/csp_100/carseq_100_8_20_67.txt,dqn,300,0,[(t:9.694-v:97.000)-(t:9.726-v:95.000)-(t:9.737-v:93.000)-(t:9.745-v:92.000)-(t:9.765-v:89.000)-(t:9.784-v:84.000)-(t:9.804-v:83.000)-(t:9.815-v:82.000)-(t:9.829-v:81.000)-(t:9.838-v:80.000)-(t:9.854-v:79.000)-(t:9.865-v:78.000)-(t:9.886-v:77.000)-(t:9.898-v:76.000)-(t:9.909-v:74.000)-(t:9.919-v:73.000)-(t:9.931-v:72.000)-(t:9.941-v:70.000)-(t:9.953-v:69.000)-(t:9.965-v:68.000)-(t:9.976-v:66.000)-(t:9.986-v:63.000)-(t:9.996-v:62.000)-(t:10.008-v:60.000)-(t:10.031-v:59.000)-(t:10.041-v:58.000)-(t:10.052-v:56.000)-(t:10.064-v:55.000)-(t:10.072-v:54.000)-(t:10.083-v:52.000)-(t:10.093-v:51.000)-(t:10.104-v:50.000)-(t:10.115-v:49.000)-(t:10.125-v:48.000)-(t:10.136-v:46.000)-(t:10.147-v:45.000)-(t:10.153-v:44.000)-(t:10.163-v:42.000)-(t:10.175-v:41.000)-(t:10.186-v:38.000)-(t:10.197-v:37.000)-(t:10.208-v:36.000)-(t:10.218-v:34.000)-(t:10.228-v:31.000)-(t:10.247-v:30.000)-(t:10.260-v:29.000)-(t:10.270-v:28.000)-(t:10.281-v:27.000)-(t:10.292-v:26.000)-(t:10.302-v:25.000)-(t:10.319-v:24.000)-(t:10.336-v:23.000)-(t:10.347-v:22.000)-(t:10.387-v:21.000)-(t:10.394-v:20.000)-(t:10.440-v:19.000)-(t:10.453-v:18.000)-(t:10.477-v:17.000)-(t:10.500-v:16.000)-(t:10.513-v:15.000)-(t:10.605-v:14.000)-(t:10.617-v:13.000)-(t:10.634-v:12.000)-(t:10.648-v:11.000)-(t:10.680-v:10.000)-(t:10.703-v:9.000)-(t:10.714-v:8.000)-(t:10.726-v:7.000)-(t:10.788-v:6.000)-(t:10.823-v:5.000)-(t:10.840-v:4.000)-(t:11.213-v:3.000)-(t:11.235-v:2.000)-(t:11.651-v:1.000)-(t:64.338-v:0.000)],64.338
examples/csp/csp_100/4-72.txt,dqn,300,0,[(t:5.681-v:119.000)-(t:5.699-v:115.000)-(t:5.716-v:109.000)-(t:5.742-v:108.000)-(t:5.751-v:107.000)-(t:5.759-v:106.000)-(t:5.769-v:104.000)-(t:5.778-v:102.000)-(t:5.789-v:101.000)-(t:5.799-v:100.000)-(t:5.809-v:99.000)-(t:5.823-v:97.000)-(t:5.834-v:95.000)-(t:5.846-v:93.000)-(t:5.855-v:92.000)-(t:5.865-v:91.000)-(t:5.874-v:90.000)-(t:5.884-v:89.000)-(t:5.894-v:88.000)-(t:5.903-v:87.000)-(t:5.912-v:83.000)-(t:5.921-v:81.000)-(t:5.929-v:78.000)-(t:5.938-v:76.000)-(t:5.947-v:73.000)-(t:5.956-v:72.000)-(t:5.965-v:69.000)-(t:5.976-v:67.000)-(t:5.992-v:66.000)-(t:6.006-v:65.000)-(t:6.020-v:64.000)-(t:6.042-v:63.000)-(t:6.055-v:62.000)-(t:6.065-v:60.000)-(t:6.074-v:59.000)-(t:6.084-v:56.000)-(t:6.091-v:55.000)-(t:6.098-v:54.000)-(t:6.106-v:53.000)-(t:6.115-v:51.000)-(t:6.123-v:50.000)-(t:6.136-v:49.000)-(t:6.148-v:48.000)-(t:6.164-v:47.000)-(t:6.172-v:46.000)-(t:6.181-v:45.000)-(t:6.189-v:44.000)-(t:6.197-v:43.000)-(t:6.208-v:42.000)-(t:6.228-v:41.000)-(t:6.236-v:40.000)-(t:6.248-v:39.000)-(t:6.257-v:38.000)-(t:6.268-v:37.000)-(t:6.275-v:36.000)-(t:6.283-v:35.000)-(t:6.296-v:34.000)-(t:6.304-v:33.000)-(t:6.313-v:32.000)-(t:6.333-v:31.000)-(t:6.342-v:30.000)-(t:6.365-v:29.000)-(t:6.374-v:28.000)-(t:6.408-v:27.000)-(t:6.418-v:26.000)-(t:6.429-v:25.000)-(t:6.439-v:24.000)-(t:6.468-v:23.000)-(t:6.494-v:22.000)-(t:6.523-v:21.000)-(t:6.555-v:20.000)-(t:6.581-v:19.000)-(t:6.619-v:18.000)-(t:6.633-v:17.000)-(t:6.703-v:16.000)-(t:6.719-v:15.000)-(t:6.730-v:14.000)-(t:6.739-v:13.000)-(t:6.799-v:12.000)-(t:6.813-v:11.000)-(t:7.192-v:10.000)-(t:7.253-v:9.000)-(t:7.261-v:8.000)-(t:33.098-v:7.000)-(t:38.391-v:6.000)-(t:52.871-v:5.000)-(t:53.047-v:4.000)-(t:63.678-v:3.000)-(t:121.175-v:2.000)-(t:194.593-v:1.000)-(t:201.935-v:0.000)],201.935
examples/csp/csp_100/carseq_100_8_20_72.txt,dqn,300,0,[(t:7.977-v:116.000)-(t:7.994-v:115.000)-(t:8.005-v:114.000)-(t:8.020-v:113.000)-(t:8.033-v:110.000)-(t:8.044-v:108.000)-(t:8.068-v:107.000)-(t:8.078-v:104.000)-(t:8.091-v:102.000)-(t:8.104-v:100.000)-(t:8.117-v:98.000)-(t:8.129-v:96.000)-(t:8.138-v:94.000)-(t:8.150-v:92.000)-(t:8.162-v:90.000)-(t:8.180-v:89.000)-(t:8.192-v:88.000)-(t:8.204-v:87.000)-(t:8.215-v:86.000)-(t:8.227-v:85.000)-(t:8.237-v:84.000)-(t:8.246-v:83.000)-(t:8.257-v:82.000)-(t:8.269-v:81.000)-(t:8.281-v:80.000)-(t:8.291-v:79.000)-(t:8.301-v:78.000)-(t:8.314-v:77.000)-(t:8.325-v:74.000)-(t:8.336-v:72.000)-(t:8.344-v:69.000)-(t:8.351-v:68.000)-(t:8.362-v:67.000)-(t:8.372-v:64.000)-(t:8.384-v:63.000)-(t:8.395-v:62.000)-(t:8.405-v:61.000)-(t:8.417-v:60.000)-(t:8.427-v:59.000)-(t:8.444-v:58.000)-(t:8.456-v:56.000)-(t:8.461-v:55.000)-(t:8.471-v:54.000)-(t:8.481-v:53.000)-(t:8.493-v:52.000)-(t:8.504-v:51.000)-(t:8.515-v:50.000)-(t:8.526-v:49.000)-(t:8.536-v:48.000)-(t:8.547-v:47.000)-(t:8.557-v:46.000)-(t:8.568-v:45.000)-(t:8.578-v:44.000)-(t:8.588-v:43.000)-(t:8.598-v:42.000)-(t:8.607-v:41.000)-(t:8.616-v:40.000)-(t:8.636-v:39.000)-(t:8.646-v:38.000)-(t:8.656-v:37.000)-(t:8.664-v:36.000)-(t:8.676-v:35.000)-(t:8.686-v:34.000)-(t:8.696-v:33.000)-(t:8.706-v:32.000)-(t:8.729-v:30.000)-(t:8.739-v:28.000)-(t:8.751-v:27.000)-(t:8.763-v:26.000)-(t:8.792-v:25.000)-(t:8.803-v:24.000)-(t:8.815-v:22.000)-(t:8.826-v:21.000)-(t:8.838-v:20.000)-(t:8.862-v:19.000)-(t:8.876-v:18.000)-(t:8.893-v:17.000)-(t:8.903-v:16.000)-(t:8.919-v:15.000)-(t:8.935-v:14.000)-(t:8.950-v:13.000)-(t:8.970-v:12.000)-(t:8.980-v:11.000)-(t:8.988-v:10.000)-(t:8.998-v:9.000)-(t:9.010-v:8.000)-(t:9.028-v:7.000)-(t:9.049-v:6.000)-(t:9.072-v:5.000)-(t:9.114-v:4.000)-(t:9.519-v:3.000)-(t:18.098-v:2.000)-(t:18.643-v:1.000)-(t:62.917-v:0.000)],62.917
examples/csp/csp_100/carseq_100_8_20_73.txt,dqn,300,0,[(t:5.398-v:103.000)-(t:5.417-v:101.000)-(t:5.431-v:98.000)-(t:5.440-v:96.000)-(t:5.447-v:93.000)-(t:5.460-v:92.000)-(t:5.468-v:91.000)-(t:5.477-v:89.000)-(t:5.486-v:88.000)-(t:5.495-v:87.000)-(t:5.512-v:85.000)-(t:5.520-v:83.000)-(t:5.528-v:82.000)-(t:5.536-v:79.000)-(t:5.544-v:78.000)-(t:5.550-v:77.000)-(t:5.556-v:73.000)-(t:5.562-v:69.000)-(t:5.569-v:67.000)-(t:5.575-v:66.000)-(t:5.581-v:65.000)-(t:5.589-v:63.000)-(t:5.595-v:62.000)-(t:5.601-v:61.000)-(t:5.608-v:58.000)-(t:5.615-v:57.000)-(t:5.621-v:56.000)-(t:5.627-v:54.000)-(t:5.634-v:52.000)-(t:5.640-v:50.000)-(t:5.647-v:48.000)-(t:5.653-v:47.000)-(t:5.660-v:46.000)-(t:5.669-v:45.000)-(t:5.678-v:44.000)-(t:5.699-v:42.000)-(t:5.705-v:40.000)-(t:5.712-v:39.000)-(t:5.720-v:38.000)-(t:5.727-v:37.000)-(t:5.733-v:35.000)-(t:5.737-v:34.000)-(t:5.743-v:33.000)-(t:5.755-v:32.000)-(t:5.761-v:30.000)-(t:5.768-v:29.000)-(t:5.776-v:28.000)-(t:5.782-v:27.000)-(t:5.801-v:26.000)-(t:5.809-v:25.000)-(t:5.828-v:24.000)-(t:5.834-v:23.000)-(t:5.863-v:22.000)-(t:5.875-v:21.000)-(t:5.884-v:20.000)-(t:5.891-v:19.000)-(t:5.901-v:18.000)-(t:5.929-v:17.000)-(t:5.937-v:16.000)-(t:5.945-v:15.000)-(t:5.971-v:14.000)-(t:5.979-v:13.000)-(t:6.011-v:12.000)-(t:6.021-v:11.000)-(t:6.088-v:10.000)-(t:6.099-v:9.000)-(t:6.106-v:8.000)-(t:6.112-v:7.000)-(t:6.120-v:6.000)-(t:6.130-v:5.000)-(t:6.145-v:4.000)-(t:6.164-v:3.000)-(t:6.184-v:2.000)-(t:6.206-v:1.000)-(t:20.322-v:0.000)],20.322
examples/csp/csp_100/carseq_100_8_20_77.txt,dqn,300,0,[(t:8.018-v:140.000)-(t:8.048-v:138.000)-(t:8.058-v:135.000)-(t:8.074-v:133.000)-(t:8.087-v:132.000)-(t:8.097-v:130.000)-(t:8.107-v:127.000)-(t:8.118-v:126.000)-(t:8.137-v:123.000)-(t:8.147-v:120.000)-(t:8.153-v:114.000)-(t:8.163-v:113.000)-(t:8.173-v:112.000)-(t:8.184-v:110.000)-(t:8.194-v:108.000)-(t:8.208-v:107.000)-(t:8.219-v:106.000)-(t:8.229-v:105.000)-(t:8.241-v:103.000)-(t:8.248-v:101.000)-(t:8.254-v:100.000)-(t:8.266-v:99.000)-(t:8.276-v:97.000)-(t:8.284-v:96.000)-(t:8.295-v:94.000)-(t:8.306-v:91.000)-(t:8.316-v:88.000)-(t:8.326-v:87.000)-(t:8.337-v:84.000)-(t:8.349-v:82.000)-(t:8.361-v:81.000)-(t:8.367-v:80.000)-(t:8.380-v:79.000)-(t:8.390-v:78.000)-(t:8.400-v:75.000)-(t:8.410-v:74.000)-(t:8.421-v:73.000)-(t:8.433-v:72.000)-(t:8.444-v:69.000)-(t:8.455-v:66.000)-(t:8.464-v:64.000)-(t:8.470-v:63.000)-(t:8.487-v:62.000)-(t:8.497-v:61.000)-(t:8.508-v:58.000)-(t:8.519-v:57.000)-(t:8.531-v:56.000)-(t:8.541-v:53.000)-(t:8.552-v:52.000)-(t:8.564-v:51.000)-(t:8.576-v:49.000)-(t:8.588-v:47.000)-(t:8.610-v:43.000)-(t:8.620-v:42.000)-(t:8.630-v:41.000)-(t:8.640-v:40.000)-(t:8.655-v:38.000)-(t:8.664-v:37.000)-(t:8.673-v:36.000)-(t:8.685-v:35.000)-(t:8.695-v:34.000)-(t:8.702-v:33.000)-(t:8.714-v:32.000)-(t:8.728-v:31.000)-(t:8.739-v:30.000)-(t:8.749-v:29.000)-(t:8.762-v:27.000)-(t:8.775-v:26.000)-(t:8.780-v:25.000)-(t:8.785-v:24.000)-(t:8.791-v:23.000)-(t:8.804-v:22.000)-(t:8.815-v:21.000)-(t:8.825-v:20.000)-(t:8.835-v:19.000)-(t:8.846-v:18.000)-(t:8.858-v:17.000)-(t:8.871-v:16.000)-(t:8.882-v:15.000)-(t:8.898-v:14.000)-(t:8.907-v:13.000)-(t:8.914-v:11.000)-(t:8.932-v:10.000)-(t:8.949-v:9.000)-(t:8.961-v:8.000)-(t:8.985-v:7.000)-(t:8.993-v:6.000)-(t:9.063-v:5.000)-(t:9.093-v:4.000)-(t:9.111-v:3.000)-(t:9.583-v:2.000)-(t:22.559-v:1.000)-(t:33.859-v:0.000)],33.859
examples/csp/csp_100/16-81.txt,dqn,300,2,[(t:6.695-v:136.000)-(t:6.738-v:135.000)-(t:6.746-v:133.000)-(t:6.754-v:131.000)-(t:6.762-v:130.000)-(t:6.779-v:129.000)-(t:6.788-v:126.000)-(t:6.805-v:122.000)-(t:6.814-v:121.000)-(t:6.823-v:119.000)-(t:6.833-v:117.000)-(t:6.843-v:115.000)-(t:6.853-v:113.000)-(t:6.862-v:111.000)-(t:6.871-v:110.000)-(t:6.880-v:107.000)-(t:6.888-v:106.000)-(t:6.898-v:104.000)-(t:6.906-v:101.000)-(t:6.915-v:100.000)-(t:6.923-v:98.000)-(t:6.931-v:97.000)-(t:6.939-v:96.000)-(t:6.948-v:95.000)-(t:6.956-v:93.000)-(t:6.964-v:90.000)-(t:6.972-v:89.000)-(t:6.980-v:87.000)-(t:7.001-v:86.000)-(t:7.010-v:85.000)-(t:7.028-v:83.000)-(t:7.037-v:82.000)-(t:7.045-v:81.000)-(t:7.066-v:80.000)-(t:7.079-v:79.000)-(t:7.089-v:77.000)-(t:7.098-v:76.000)-(t:7.108-v:73.000)-(t:7.117-v:72.000)-(t:7.126-v:70.000)-(t:7.136-v:68.000)-(t:7.144-v:65.000)-(t:7.154-v:64.000)-(t:7.164-v:63.000)-(t:7.172-v:62.000)-(t:7.182-v:61.000)-(t:7.191-v:60.000)-(t:7.200-v:59.000)-(t:7.208-v:58.000)-(t:7.216-v:57.000)-(t:7.227-v:56.000)-(t:7.243-v:55.000)-(t:7.252-v:54.000)-(t:7.262-v:52.000)-(t:7.269-v:51.000)-(t:7.288-v:50.000)-(t:7.299-v:49.000)-(t:7.310-v:48.000)-(t:7.319-v:47.000)-(t:7.327-v:45.000)-(t:7.338-v:44.000)-(t:7.353-v:43.000)-(t:7.363-v:42.000)-(t:7.378-v:41.000)-(t:7.399-v:39.000)-(t:7.409-v:38.000)-(t:7.441-v:37.000)-(t:7.452-v:36.000)-(t:7.464-v:35.000)-(t:7.525-v:34.000)-(t:7.538-v:33.000)-(t:7.548-v:32.000)-(t:7.597-v:31.000)-(t:7.608-v:30.000)-(t:7.629-v:29.000)-(t:7.642-v:27.000)-(t:7.652-v:26.000)-(t:7.680-v:25.000)-(t:7.715-v:24.000)-(t:7.746-v:23.000)-(t:7.774-v:22.000)-(t:7.837-v:21.000)-(t:7.850-v:20.000)-(t:7.865-v:19.000)-(t:7.875-v:17.000)-(t:7.888-v:16.000)-(t:7.940-v:15.000)-(t:7.953-v:14.000)-(t:7.965-v:13.000)-(t:7.974-v:12.000)-(t:7.992-v:11.000)-(t:8.013-v:10.000)-(t:8.028-v:9.000)-(t:8.048-v:8.000)-(t:8.060-v:7.000)-(t:8.111-v:6.000)-(t:17.408-v:5.000)-(t:32.589-v:4.000)-(t:42.074-v:3.000)-(t:80.725-v:2.000)],300.000
examples/csp/csp_100/21-90.txt,dqn,300,2,[(t:6.297-v:117.000)-(t:6.309-v:115.000)-(t:6.323-v:114.000)-(t:6.331-v:113.000)-(t:6.338-v:111.000)-(t:6.346-v:107.000)-(t:6.359-v:105.000)-(t:6.367-v:103.000)-(t:6.375-v:100.000)-(t:6.383-v:98.000)-(t:6.390-v:97.000)-(t:6.406-v:96.000)-(t:6.414-v:95.000)-(t:6.421-v:94.000)-(t:6.428-v:91.000)-(t:6.436-v:90.000)-(t:6.444-v:88.000)-(t:6.452-v:87.000)-(t:6.459-v:86.000)-(t:6.466-v:85.000)-(t:6.474-v:83.000)-(t:6.481-v:81.000)-(t:6.488-v:79.000)-(t:6.495-v:78.000)-(t:6.503-v:73.000)-(t:6.510-v:72.000)-(t:6.520-v:71.000)-(t:6.527-v:70.000)-(t:6.534-v:69.000)-(t:6.541-v:68.000)-(t:6.549-v:67.000)-(t:6.555-v:64.000)-(t:6.563-v:62.000)-(t:6.569-v:61.000)-(t:6.577-v:60.000)-(t:6.584-v:59.000)-(t:6.592-v:58.000)-(t:6.599-v:57.000)-(t:6.607-v:55.000)-(t:6.615-v:54.000)-(t:6.623-v:53.000)-(t:6.632-v:52.000)-(t:6.648-v:51.000)-(t:6.658-v:49.000)-(t:6.668-v:48.000)-(t:6.674-v:47.000)-(t:6.683-v:46.000)-(t:6.702-v:45.000)-(t:6.710-v:44.000)-(t:6.717-v:42.000)-(t:6.725-v:41.000)-(t:6.733-v:40.000)-(t:6.740-v:39.000)-(t:6.747-v:38.000)-(t:6.755-v:36.000)-(t:6.764-v:35.000)-(t:6.771-v:34.000)-(t:6.803-v:33.000)-(t:6.809-v:32.000)-(t:6.828-v:31.000)-(t:6.835-v:30.000)-(t:6.842-v:29.000)-(t:6.850-v:28.000)-(t:6.856-v:27.000)-(t:6.864-v:26.000)-(t:6.898-v:25.000)-(t:6.929-v:24.000)-(t:6.936-v:23.000)-(t:6.945-v:21.000)-(t:6.953-v:19.000)-(t:6.960-v:18.000)-(t:6.980-v:17.000)-(t:6.989-v:16.000)-(t:7.014-v:15.000)-(t:7.049-v:14.000)-(t:7.071-v:13.000)-(t:7.115-v:12.000)-(t:7.151-v:11.000)-(t:7.163-v:10.000)-(t:7.498-v:9.000)-(t:7.516-v:8.000)-(t:7.572-v:7.000)-(t:7.770-v:6.000)-(t:8.303-v:5.000)-(t:18.558-v:4.000)-(t:24.759-v:3.000)-(t:75.054-v:2.000)],33.945
examples/csp/csp_100/36-92.txt,dqn,300,4,[(t:6.518-v:127.000)-(t:6.531-v:126.000)-(t:6.539-v:124.000)-(t:6.545-v:119.000)-(t:6.552-v:116.000)-(t:6.573-v:115.000)-(t:6.585-v:111.000)-(t:6.596-v:108.000)-(t:6.604-v:105.000)-(t:6.612-v:104.000)-(t:6.621-v:103.000)-(t:6.631-v:97.000)-(t:6.638-v:95.000)-(t:6.646-v:94.000)-(t:6.655-v:91.000)-(t:6.663-v:90.000)-(t:6.670-v:88.000)-(t:6.678-v:86.000)-(t:6.687-v:85.000)-(t:6.695-v:84.000)-(t:6.703-v:82.000)-(t:6.710-v:81.000)-(t:6.717-v:80.000)-(t:6.724-v:79.000)-(t:6.742-v:77.000)-(t:6.750-v:75.000)-(t:6.758-v:74.000)-(t:6.765-v:73.000)-(t:6.773-v:72.000)-(t:6.780-v:71.000)-(t:6.788-v:70.000)-(t:6.798-v:69.000)-(t:6.805-v:68.000)-(t:6.813-v:67.000)-(t:6.821-v:66.000)-(t:6.829-v:65.000)-(t:6.836-v:64.000)-(t:6.844-v:63.000)-(t:6.851-v:62.000)-(t:6.863-v:61.000)-(t:6.871-v:60.000)-(t:6.878-v:59.000)-(t:6.885-v:57.000)-(t:6.899-v:56.000)-(t:6.909-v:55.000)-(t:6.916-v:54.000)-(t:6.933-v:53.000)-(t:6.942-v:52.000)-(t:6.952-v:51.000)-(t:6.977-v:50.000)-(t:6.985-v:49.000)-(t:7.006-v:48.000)-(t:7.014-v:47.000)-(t:7.024-v:45.000)-(t:7.033-v:44.000)-(t:7.042-v:43.000)-(t:7.050-v:42.000)-(t:7.063-v:41.000)-(t:7.079-v:40.000)-(t:7.087-v:39.000)-(t:7.104-v:38.000)-(t:7.112-v:37.000)-(t:7.120-v:36.000)-(t:7.128-v:35.000)-(t:7.136-v:34.000)-(t:7.144-v:33.000)-(t:7.152-v:32.000)-(t:7.159-v:31.000)-(t:7.166-v:29.000)-(t:7.174-v:28.000)-(t:7.183-v:27.000)-(t:7.191-v:26.000)-(t:7.200-v:25.000)-(t:7.209-v:24.000)-(t:7.226-v:23.000)-(t:7.240-v:22.000)-(t:7.256-v:21.000)-(t:7.264-v:20.000)-(t:7.272-v:19.000)-(t:7.280-v:18.000)-(t:7.301-v:17.000)-(t:7.309-v:16.000)-(t:7.335-v:15.000)-(t:7.361-v:14.000)-(t:7.390-v:13.000)-(t:7.456-v:12.000)-(t:7.470-v:11.000)-(t:7.514-v:10.000)-(t:7.531-v:9.000)-(t:7.550-v:8.000)-(t:7.566-v:7.000)-(t:7.591-v:6.000)-(t:19.885-v:5.000)-(t:44.721-v:4.000)],158.243
examples/csp/csp_100/6-76.txt,dqn,300,6,[(t:5.920-v:109.000)-(t:5.947-v:108.000)-(t:5.956-v:107.000)-(t:5.975-v:106.000)-(t:5.995-v:103.000)-(t:6.007-v:101.000)-(t:6.035-v:99.000)-(t:6.047-v:98.000)-(t:6.062-v:94.000)-(t:6.073-v:93.000)-(t:6.089-v:90.000)-(t:6.101-v:89.000)-(t:6.107-v:87.000)-(t:6.114-v:86.000)-(t:6.122-v:84.000)-(t:6.128-v:82.000)-(t:6.137-v:81.000)-(t:6.145-v:80.000)-(t:6.153-v:77.000)-(t:6.161-v:76.000)-(t:6.168-v:75.000)-(t:6.175-v:74.000)-(t:6.181-v:73.000)-(t:6.190-v:71.000)-(t:6.198-v:68.000)-(t:6.205-v:67.000)-(t:6.212-v:66.000)-(t:6.218-v:65.000)-(t:6.227-v:64.000)-(t:6.234-v:63.000)-(t:6.240-v:61.000)-(t:6.247-v:60.000)-(t:6.254-v:58.000)-(t:6.261-v:57.000)-(t:6.268-v:56.000)-(t:6.276-v:55.000)-(t:6.283-v:54.000)-(t:6.292-v:53.000)-(t:6.300-v:51.000)-(t:6.307-v:49.000)-(t:6.314-v:46.000)-(t:6.321-v:45.000)-(t:6.328-v:44.000)-(t:6.336-v:43.000)-(t:6.343-v:42.000)-(t:6.349-v:41.000)-(t:6.358-v:40.000)-(t:6.368-v:38.000)-(t:6.376-v:37.000)-(t:6.384-v:35.000)-(t:6.397-v:34.000)-(t:6.408-v:33.000)-(t:6.415-v:31.000)-(t:6.429-v:30.000)-(t:6.438-v:28.000)-(t:6.452-v:27.000)-(t:6.461-v:26.000)-(t:6.467-v:25.000)-(t:6.474-v:24.000)-(t:6.488-v:23.000)-(t:6.509-v:22.000)-(t:6.540-v:21.000)-(t:6.602-v:20.000)-(t:6.613-v:19.000)-(t:6.621-v:18.000)-(t:6.632-v:17.000)-(t:6.665-v:16.000)-(t:6.674-v:15.000)-(t:6.717-v:14.000)-(t:6.757-v:13.000)-(t:6.802-v:12.000)-(t:6.819-v:11.000)-(t:6.847-v:10.000)-(t:6.900-v:9.000)-(t:6.913-v:8.000)-(t:7.198-v:7.000)-(t:7.222-v:6.000)],6.751
examples/csp/csp_100/carseq_100_8_20_90.txt,dqn,300,0,[(t:5.459-v:108.000)-(t:5.480-v:107.000)-(t:5.485-v:104.000)-(t:5.491-v:103.000)-(t:5.502-v:101.000)-(t:5.519-v:100.000)-(t:5.529-v:96.000)-(t:5.535-v:95.000)-(t:5.543-v:94.000)-(t:5.551-v:89.000)-(t:5.562-v:88.000)-(t:5.568-v:87.000)-(t:5.579-v:86.000)-(t:5.584-v:82.000)-(t:5.591-v:81.000)-(t:5.597-v:80.000)-(t:5.603-v:78.000)-(t:5.609-v:77.000)-(t:5.615-v:75.000)-(t:5.621-v:74.000)-(t:5.628-v:72.000)-(t:5.639-v:71.000)-(t:5.646-v:70.000)-(t:5.653-v:69.000)-(t:5.659-v:68.000)-(t:5.667-v:67.000)-(t:5.672-v:66.000)-(t:5.680-v:65.000)-(t:5.687-v:64.000)-(t:5.694-v:63.000)-(t:5.701-v:62.000)-(t:5.709-v:60.000)-(t:5.716-v:59.000)-(t:5.722-v:57.000)-(t:5.731-v:55.000)-(t:5.737-v:54.000)-(t:5.743-v:53.000)-(t:5.748-v:51.000)-(t:5.755-v:49.000)-(t:5.761-v:47.000)-(t:5.769-v:46.000)-(t:5.774-v:45.000)-(t:5.780-v:43.000)-(t:5.791-v:41.000)-(t:5.799-v:40.000)-(t:5.805-v:39.000)-(t:5.813-v:38.000)-(t:5.820-v:36.000)-(t:5.840-v:34.000)-(t:5.850-v:33.000)-(t:5.856-v:32.000)-(t:5.878-v:30.000)-(t:5.896-v:29.000)-(t:5.904-v:27.000)-(t:5.920-v:26.000)-(t:5.941-v:25.000)-(t:5.950-v:24.000)-(t:5.963-v:23.000)-(t:5.996-v:22.000)-(t:6.004-v:21.000)-(t:6.021-v:19.000)-(t:6.038-v:18.000)-(t:6.046-v:17.000)-(t:6.065-v:16.000)-(t:6.072-v:15.000)-(t:6.079-v:14.000)-(t:6.087-v:13.000)-(t:6.097-v:12.000)-(t:6.105-v:11.000)-(t:6.138-v:10.000)-(t:6.147-v:9.000)-(t:6.243-v:8.000)-(t:6.255-v:7.000)-(t:6.263-v:6.000)-(t:6.283-v:5.000)-(t:6.298-v:4.000)-(t:6.653-v:3.000)-(t:6.676-v:2.000)-(t:6.848-v:1.000)-(t:15.326-v:0.000)],15.326
examples/csp/csp_100/carseq_100_8_20_94.txt,dqn,300,0,[(t:6.589-v:126.000)-(t:6.601-v:123.000)-(t:6.616-v:121.000)-(t:6.622-v:119.000)-(t:6.629-v:118.000)-(t:6.636-v:114.000)-(t:6.642-v:110.000)-(t:6.649-v:108.000)-(t:6.655-v:107.000)-(t:6.662-v:105.000)-(t:6.669-v:103.000)-(t:6.675-v:100.000)-(t:6.681-v:99.000)-(t:6.694-v:97.000)-(t:6.701-v:96.000)-(t:6.707-v:95.000)-(t:6.722-v:94.000)-(t:6.728-v:93.000)-(t:6.734-v:92.000)-(t:6.740-v:91.000)-(t:6.747-v:90.000)-(t:6.756-v:88.000)-(t:6.762-v:87.000)-(t:6.768-v:85.000)-(t:6.774-v:84.000)-(t:6.781-v:81.000)-(t:6.787-v:78.000)-(t:6.795-v:76.000)-(t:6.801-v:74.000)-(t:6.807-v:73.000)-(t:6.812-v:71.000)-(t:6.819-v:70.000)-(t:6.827-v:69.000)-(t:6.833-v:68.000)-(t:6.838-v:66.000)-(t:6.845-v:65.000)-(t:6.850-v:64.000)-(t:6.855-v:63.000)-(t:6.872-v:60.000)-(t:6.880-v:59.000)-(t:6.886-v:57.000)-(t:6.896-v:56.000)-(t:6.903-v:55.000)-(t:6.910-v:54.000)-(t:6.917-v:53.000)-(t:6.923-v:52.000)-(t:6.931-v:51.000)-(t:6.937-v:49.000)-(t:6.954-v:48.000)-(t:6.961-v:47.000)-(t:6.967-v:46.000)-(t:6.974-v:44.000)-(t:6.982-v:43.000)-(t:6.989-v:42.000)-(t:6.998-v:41.000)-(t:7.011-v:40.000)-(t:7.017-v:39.000)-(t:7.026-v:38.000)-(t:7.032-v:37.000)-(t:7.039-v:36.000)-(t:7.046-v:35.000)-(t:7.052-v:34.000)-(t:7.076-v:32.000)-(t:7.087-v:31.000)-(t:7.098-v:30.000)-(t:7.109-v:29.000)-(t:7.117-v:28.000)-(t:7.126-v:27.000)-(t:7.134-v:26.000)-(t:7.144-v:25.000)-(t:7.155-v:24.000)-(t:7.186-v:23.000)-(t:7.202-v:22.000)-(t:7.213-v:21.000)-(t:7.221-v:20.000)-(t:7.231-v:19.000)-(t:7.240-v:18.000)-(t:7.247-v:17.000)-(t:7.258-v:16.000)-(t:7.268-v:15.000)-(t:7.276-v:14.000)-(t:7.290-v:12.000)-(t:7.323-v:11.000)-(t:7.374-v:10.000)-(t:7.381-v:9.000)-(t:7.395-v:8.000)-(t:7.404-v:7.000)-(t:7.426-v:6.000)-(t:7.439-v:5.000)-(t:7.451-v:4.000)-(t:7.484-v:3.000)-(t:7.719-v:2.000)-(t:7.907-v:1.000)-(t:14.014-v:0.000)],14.014
examples/csp/csp_100/carseq_100_8_20_88.txt,dqn,300,0,[(t:5.399-v:141.000)-(t:5.406-v:140.000)-(t:5.412-v:139.000)-(t:5.418-v:138.000)-(t:5.445-v:135.000)-(t:5.452-v:133.000)-(t:5.456-v:132.000)-(t:5.466-v:131.000)-(t:5.471-v:130.000)-(t:5.477-v:129.000)-(t:5.483-v:126.000)-(t:5.495-v:125.000)-(t:5.501-v:124.000)-(t:5.507-v:123.000)-(t:5.515-v:122.000)-(t:5.521-v:118.000)-(t:5.527-v:115.000)-(t:5.534-v:113.000)-(t:5.541-v:110.000)-(t:5.549-v:109.000)-(t:5.555-v:108.000)-(t:5.561-v:106.000)-(t:5.568-v:104.000)-(t:5.574-v:103.000)-(t:5.582-v:102.000)-(t:5.588-v:100.000)-(t:5.594-v:99.000)-(t:5.600-v:97.000)-(t:5.607-v:96.000)-(t:5.613-v:91.000)-(t:5.619-v:90.000)-(t:5.625-v:88.000)-(t:5.633-v:86.000)-(t:5.640-v:85.000)-(t:5.648-v:84.000)-(t:5.654-v:83.000)-(t:5.661-v:81.000)-(t:5.668-v:80.000)-(t:5.680-v:79.000)-(t:5.687-v:78.000)-(t:5.694-v:77.000)-(t:5.700-v:75.000)-(t:5.712-v:74.000)-(t:5.719-v:73.000)-(t:5.730-v:71.000)-(t:5.737-v:70.000)-(t:5.745-v:69.000)-(t:5.752-v:68.000)-(t:5.759-v:67.000)-(t:5.779-v:65.000)-(t:5.787-v:63.000)-(t:5.795-v:62.000)-(t:5.804-v:61.000)-(t:5.812-v:60.000)-(t:5.820-v:58.000)-(t:5.827-v:57.000)-(t:5.834-v:56.000)-(t:5.840-v:54.000)-(t:5.849-v:53.000)-(t:5.856-v:52.000)-(t:5.863-v:51.000)-(t:5.871-v:50.000)-(t:5.878-v:49.000)-(t:5.887-v:48.000)-(t:5.894-v:47.000)-(t:5.900-v:46.000)-(t:5.907-v:44.000)-(t:5.915-v:43.000)-(t:5.923-v:41.000)-(t:5.958-v:40.000)-(t:5.967-v:39.000)-(t:5.974-v:37.000)-(t:5.981-v:36.000)-(t:5.988-v:35.000)-(t:6.002-v:34.000)-(t:6.032-v:33.000)-(t:6.040-v:31.000)-(t:6.049-v:30.000)-(t:6.058-v:28.000)-(t:6.066-v:27.000)-(t:6.088-v:26.000)-(t:6.097-v:25.000)-(t:6.105-v:24.000)-(t:6.121-v:23.000)-(t:6.128-v:22.000)-(t:6.159-v:21.000)-(t:6.167-v:20.000)-(t:6.178-v:19.000)-(t:6.215-v:18.000)-(t:6.223-v:16.000)-(t:6.272-v:15.000)-(t:6.291-v:14.000)-(t:6.369-v:13.000)-(t:6.378-v:12.000)-(t:6.389-v:11.000)-(t:6.606-v:10.000)-(t:6.646-v:9.000)-(t:7.225-v:8.000)-(t:7.308-v:7.000)-(t:8.818-v:6.000)-(t:10.280-v:5.000)-(t:17.528-v:4.000)-(t:17.699-v:3.000)-(t:23.511-v:2.000)-(t:30.736-v:1.000)-(t:60.765-v:0.000)],60.765
examples/csp/csp_100/carseq_100_8_20_71.txt,dqn,300,1,[(t:7.941-v:132.000)-(t:7.965-v:130.000)-(t:7.984-v:127.000)-(t:7.997-v:122.000)-(t:8.009-v:121.000)-(t:8.020-v:119.000)-(t:8.034-v:118.000)-(t:8.054-v:116.000)-(t:8.067-v:112.000)-(t:8.078-v:111.000)-(t:8.091-v:109.000)-(t:8.100-v:107.000)-(t:8.106-v:105.000)-(t:8.118-v:103.000)-(t:8.128-v:102.000)-(t:8.140-v:101.000)-(t:8.149-v:100.000)-(t:8.160-v:98.000)-(t:8.172-v:95.000)-(t:8.181-v:94.000)-(t:8.193-v:90.000)-(t:8.203-v:89.000)-(t:8.214-v:86.000)-(t:8.220-v:85.000)-(t:8.226-v:84.000)-(t:8.237-v:83.000)-(t:8.249-v:82.000)-(t:8.259-v:80.000)-(t:8.271-v:78.000)-(t:8.284-v:77.000)-(t:8.298-v:76.000)-(t:8.310-v:75.000)-(t:8.320-v:73.000)-(t:8.326-v:70.000)-(t:8.337-v:69.000)-(t:8.347-v:68.000)-(t:8.357-v:66.000)-(t:8.368-v:65.000)-(t:8.381-v:64.000)-(t:8.392-v:63.000)-(t:8.407-v:61.000)-(t:8.419-v:60.000)-(t:8.430-v:58.000)-(t:8.435-v:57.000)-(t:8.446-v:56.000)-(t:8.459-v:55.000)-(t:8.471-v:54.000)-(t:8.482-v:53.000)-(t:8.496-v:52.000)-(t:8.507-v:51.000)-(t:8.519-v:50.000)-(t:8.532-v:49.000)-(t:8.550-v:48.000)-(t:8.563-v:47.000)-(t:8.572-v:46.000)-(t:8.592-v:45.000)-(t:8.603-v:44.000)-(t:8.614-v:43.000)-(t:8.632-v:42.000)-(t:8.642-v:41.000)-(t:8.654-v:40.000)-(t:8.664-v:39.000)-(t:8.675-v:38.000)-(t:8.687-v:37.000)-(t:8.698-v:36.000)-(t:8.713-v:35.000)-(t:8.726-v:34.000)-(t:8.767-v:33.000)-(t:8.831-v:30.000)-(t:8.858-v:29.000)-(t:8.871-v:28.000)-(t:8.883-v:27.000)-(t:8.906-v:26.000)-(t:8.919-v:25.000)-(t:8.931-v:23.000)-(t:8.943-v:22.000)-(t:8.958-v:21.000)-(t:8.996-v:20.000)-(t:9.066-v:19.000)-(t:9.112-v:18.000)-(t:9.170-v:17.000)-(t:9.183-v:16.000)-(t:9.218-v:15.000)-(t:9.229-v:14.000)-(t:9.247-v:13.000)-(t:9.265-v:12.000)-(t:9.301-v:11.000)-(t:9.320-v:10.000)-(t:9.354-v:9.000)-(t:9.372-v:8.000)-(t:12.766-v:7.000)-(t:16.330-v:6.000)-(t:54.325-v:5.000)-(t:59.601-v:4.000)-(t:59.806-v:3.000)-(t:78.245-v:2.000)-(t:155.446-v:1.000)],300.000
examples/csp/csp_200/pb_200_06.txt,dqn,300,,,
examples/csp/csp_200/pb_200_07.txt,dqn,300,,,
examples/csp/csp_200/pb_200_08.txt,dqn,300,,,
examples/csp/csp_200/pb_200_09.txt,dqn,300,,,
examples/csp/csp_200/pb_200_10.txt,dqn,300,,,
examples/csp/csp_100/carseq_100_8_20_81.txt,dqn,300,1,[(t:5.090-v:113.000)-(t:5.105-v:112.000)-(t:5.112-v:109.000)-(t:5.128-v:107.000)-(t:5.134-v:105.000)-(t:5.141-v:103.000)-(t:5.148-v:101.000)-(t:5.156-v:99.000)-(t:5.179-v:98.000)-(t:5.188-v:97.000)-(t:5.195-v:95.000)-(t:5.204-v:93.000)-(t:5.213-v:92.000)-(t:5.221-v:91.000)-(t:5.228-v:88.000)-(t:5.236-v:86.000)-(t:5.243-v:85.000)-(t:5.251-v:84.000)-(t:5.259-v:83.000)-(t:5.269-v:81.000)-(t:5.276-v:79.000)-(t:5.285-v:78.000)-(t:5.292-v:77.000)-(t:5.300-v:76.000)-(t:5.309-v:75.000)-(t:5.321-v:74.000)-(t:5.329-v:73.000)-(t:5.337-v:71.000)-(t:5.344-v:70.000)-(t:5.352-v:69.000)-(t:5.367-v:68.000)-(t:5.377-v:67.000)-(t:5.386-v:66.000)-(t:5.397-v:65.000)-(t:5.405-v:64.000)-(t:5.412-v:63.000)-(t:5.420-v:61.000)-(t:5.428-v:60.000)-(t:5.438-v:59.000)-(t:5.446-v:56.000)-(t:5.454-v:55.000)-(t:5.461-v:54.000)-(t:5.469-v:53.000)-(t:5.476-v:52.000)-(t:5.484-v:51.000)-(t:5.493-v:50.000)-(t:5.500-v:49.000)-(t:5.511-v:48.000)-(t:5.519-v:47.000)-(t:5.526-v:46.000)-(t:5.535-v:45.000)-(t:5.542-v:44.000)-(t:5.550-v:43.000)-(t:5.557-v:42.000)-(t:5.564-v:41.000)-(t:5.571-v:38.000)-(t:5.579-v:37.000)-(t:5.587-v:36.000)-(t:5.595-v:35.000)-(t:5.604-v:34.000)-(t:5.612-v:33.000)-(t:5.635-v:32.000)-(t:5.643-v:31.000)-(t:5.650-v:30.000)-(t:5.660-v:29.000)-(t:5.698-v:28.000)-(t:5.718-v:27.000)-(t:5.729-v:26.000)-(t:5.745-v:25.000)-(t:5.755-v:24.000)-(t:5.765-v:23.000)-(t:5.775-v:22.000)-(t:5.788-v:21.000)-(t:5.796-v:20.000)-(t:5.811-v:19.000)-(t:5.856-v:18.000)-(t:5.862-v:17.000)-(t:5.869-v:16.000)-(t:5.900-v:15.000)-(t:5.908-v:14.000)-(t:5.980-v:13.000)-(t:5.987-v:12.000)-(t:6.004-v:11.000)-(t:6.020-v:10.000)-(t:6.033-v:9.000)-(t:6.057-v:8.000)-(t:6.443-v:7.000)-(t:6.469-v:6.000)-(t:8.347-v:5.000)-(t:9.531-v:4.000)-(t:9.633-v:3.000)-(t:15.292-v:2.000)-(t:16.622-v:1.000)],300.000
examples/csp/csp_300/carseq_300_8_20_38.txt,dqn,300,,,
examples/csp/csp_300/carseq_300_8_20_40.txt,dqn,300,,,
examples/csp/csp_100/carseq_100_8_20_82.txt,dqn,300,1,[(t:5.072-v:136.000)-(t:5.091-v:134.000)-(t:5.098-v:133.000)-(t:5.103-v:132.000)-(t:5.111-v:131.000)-(t:5.118-v:127.000)-(t:5.124-v:123.000)-(t:5.130-v:122.000)-(t:5.137-v:118.000)-(t:5.149-v:115.000)-(t:5.156-v:110.000)-(t:5.163-v:109.000)-(t:5.170-v:107.000)-(t:5.177-v:105.000)-(t:5.192-v:104.000)-(t:5.200-v:102.000)-(t:5.208-v:99.000)-(t:5.215-v:96.000)-(t:5.222-v:95.000)-(t:5.228-v:94.000)-(t:5.235-v:93.000)-(t:5.242-v:91.000)-(t:5.248-v:90.000)-(t:5.255-v:89.000)-(t:5.261-v:86.000)-(t:5.269-v:84.000)-(t:5.276-v:83.000)-(t:5.289-v:82.000)-(t:5.296-v:81.000)-(t:5.303-v:78.000)-(t:5.310-v:76.000)-(t:5.317-v:75.000)-(t:5.325-v:74.000)-(t:5.337-v:73.000)-(t:5.344-v:72.000)-(t:5.351-v:71.000)-(t:5.358-v:69.000)-(t:5.371-v:68.000)-(t:5.379-v:67.000)-(t:5.386-v:66.000)-(t:5.395-v:65.000)-(t:5.403-v:64.000)-(t:5.411-v:63.000)-(t:5.421-v:62.000)-(t:5.427-v:61.000)-(t:5.435-v:60.000)-(t:5.442-v:59.000)-(t:5.449-v:57.000)-(t:5.457-v:56.000)-(t:5.468-v:55.000)-(t:5.475-v:54.000)-(t:5.484-v:53.000)-(t:5.493-v:52.000)-(t:5.500-v:51.000)-(t:5.508-v:50.000)-(t:5.516-v:49.000)-(t:5.523-v:48.000)-(t:5.533-v:47.000)-(t:5.540-v:46.000)-(t:5.548-v:45.000)-(t:5.556-v:43.000)-(t:5.563-v:42.000)-(t:5.571-v:40.000)-(t:5.582-v:38.000)-(t:5.627-v:37.000)-(t:5.646-v:36.000)-(t:5.657-v:35.000)-(t:5.666-v:34.000)-(t:5.682-v:33.000)-(t:5.689-v:32.000)-(t:5.696-v:31.000)-(t:5.713-v:30.000)-(t:5.721-v:29.000)-(t:5.739-v:28.000)-(t:5.746-v:27.000)-(t:5.771-v:25.000)-(t:5.783-v:24.000)-(t:5.793-v:23.000)-(t:5.811-v:22.000)-(t:5.818-v:21.000)-(t:5.829-v:20.000)-(t:5.859-v:19.000)-(t:5.872-v:17.000)-(t:5.931-v:16.000)-(t:5.952-v:15.000)-(t:5.965-v:14.000)-(t:5.984-v:13.000)-(t:6.001-v:12.000)-(t:6.014-v:11.000)-(t:6.050-v:10.000)-(t:6.057-v:9.000)-(t:6.383-v:8.000)-(t:9.047-v:7.000)-(t:11.400-v:6.000)-(t:11.484-v:5.000)-(t:11.584-v:4.000)-(t:22.400-v:3.000)-(t:22.482-v:2.000)-(t:73.210-v:1.000)],300.000
examples/csp/csp_300/carseq_300_8_20_45.txt,dqn,300,,,
examples/csp/csp_300/carseq_300_8_20_47.txt,dqn,300,,,
examples/csp/csp_300/carseq_300_8_20_53.txt,dqn,300,,,
examples/csp/csp_100/carseq_100_8_20_85.txt,dqn,300,1,[(t:5.950-v:110.000)-(t:5.958-v:109.000)-(t:5.984-v:105.000)-(t:5.995-v:103.000)-(t:6.002-v:101.000)-(t:6.010-v:99.000)-(t:6.018-v:96.000)-(t:6.024-v:95.000)-(t:6.032-v:94.000)-(t:6.042-v:91.000)-(t:6.052-v:89.000)-(t:6.069-v:88.000)-(t:6.077-v:87.000)-(t:6.085-v:86.000)-(t:6.092-v:85.000)-(t:6.100-v:84.000)-(t:6.107-v:82.000)-(t:6.114-v:81.000)-(t:6.122-v:79.000)-(t:6.129-v:78.000)-(t:6.143-v:77.000)-(t:6.155-v:76.000)-(t:6.179-v:75.000)-(t:6.193-v:74.000)-(t:6.210-v:71.000)-(t:6.222-v:69.000)-(t:6.232-v:68.000)-(t:6.243-v:67.000)-(t:6.249-v:66.000)-(t:6.254-v:65.000)-(t:6.259-v:64.000)-(t:6.263-v:63.000)-(t:6.269-v:61.000)-(t:6.273-v:58.000)-(t:6.278-v:57.000)-(t:6.283-v:56.000)-(t:6.288-v:53.000)-(t:6.292-v:52.000)-(t:6.298-v:51.000)-(t:6.304-v:50.000)-(t:6.314-v:49.000)-(t:6.318-v:48.000)-(t:6.325-v:47.000)-(t:6.331-v:46.000)-(t:6.348-v:45.000)-(t:6.352-v:44.000)-(t:6.357-v:42.000)-(t:6.362-v:41.000)-(t:6.368-v:40.000)-(t:6.375-v:39.000)-(t:6.387-v:38.000)-(t:6.393-v:37.000)-(t:6.399-v:36.000)-(t:6.404-v:35.000)-(t:6.413-v:34.000)-(t:6.419-v:33.000)-(t:6.424-v:32.000)-(t:6.442-v:31.000)-(t:6.447-v:30.000)-(t:6.452-v:29.000)-(t:6.459-v:28.000)-(t:6.467-v:27.000)-(t:6.477-v:26.000)-(t:6.490-v:25.000)-(t:6.501-v:24.000)-(t:6.508-v:23.000)-(t:6.515-v:22.000)-(t:6.521-v:21.000)-(t:6.534-v:20.000)-(t:6.558-v:19.000)-(t:6.625-v:18.000)-(t:6.634-v:17.000)-(t:6.640-v:16.000)-(t:6.691-v:15.000)-(t:6.704-v:14.000)-(t:6.720-v:13.000)-(t:6.741-v:12.000)-(t:6.779-v:11.000)-(t:6.793-v:10.000)-(t:6.807-v:9.000)-(t:6.854-v:8.000)-(t:9.452-v:7.000)-(t:9.542-v:6.000)-(t:26.182-v:5.000)-(t:26.272-v:4.000)-(t:26.364-v:3.000)-(t:39.437-v:2.000)-(t:78.411-v:1.000)],300.000
examples/csp/csp_300/carseq_300_8_20_56.txt,dqn,300,,,
examples/csp/csp_100/carseq_100_8_20_86.txt,dqn,300,1,[(t:7.206-v:165.000)-(t:7.251-v:160.000)-(t:7.271-v:159.000)-(t:7.281-v:155.000)-(t:7.289-v:154.000)-(t:7.303-v:153.000)-(t:7.319-v:148.000)-(t:7.330-v:147.000)-(t:7.351-v:145.000)-(t:7.360-v:144.000)-(t:7.373-v:142.000)-(t:7.385-v:141.000)-(t:7.393-v:139.000)-(t:7.405-v:138.000)-(t:7.416-v:136.000)-(t:7.431-v:135.000)-(t:7.441-v:132.000)-(t:7.457-v:131.000)-(t:7.467-v:129.000)-(t:7.480-v:128.000)-(t:7.492-v:126.000)-(t:7.498-v:122.000)-(t:7.506-v:120.000)-(t:7.514-v:118.000)-(t:7.527-v:114.000)-(t:7.538-v:113.000)-(t:7.548-v:111.000)-(t:7.559-v:109.000)-(t:7.568-v:107.000)-(t:7.577-v:106.000)-(t:7.589-v:105.000)-(t:7.602-v:103.000)-(t:7.612-v:101.000)-(t:7.619-v:99.000)-(t:7.625-v:97.000)-(t:7.635-v:95.000)-(t:7.647-v:94.000)-(t:7.657-v:92.000)-(t:7.665-v:88.000)-(t:7.681-v:85.000)-(t:7.689-v:84.000)-(t:7.700-v:83.000)-(t:7.713-v:82.000)-(t:7.723-v:80.000)-(t:7.728-v:78.000)-(t:7.744-v:77.000)-(t:7.756-v:76.000)-(t:7.766-v:74.000)-(t:7.777-v:72.000)-(t:7.783-v:70.000)-(t:7.792-v:69.000)-(t:7.804-v:68.000)-(t:7.815-v:67.000)-(t:7.828-v:65.000)-(t:7.833-v:64.000)-(t:7.838-v:63.000)-(t:7.843-v:60.000)-(t:7.850-v:59.000)-(t:7.860-v:57.000)-(t:7.872-v:56.000)-(t:7.894-v:53.000)-(t:7.901-v:52.000)-(t:7.910-v:51.000)-(t:7.921-v:49.000)-(t:7.931-v:48.000)-(t:7.941-v:47.000)-(t:7.951-v:44.000)-(t:7.965-v:43.000)-(t:7.980-v:42.000)-(t:7.994-v:40.000)-(t:8.004-v:39.000)-(t:8.013-v:37.000)-(t:8.021-v:36.000)-(t:8.033-v:35.000)-(t:8.043-v:34.000)-(t:8.055-v:33.000)-(t:8.070-v:32.000)-(t:8.084-v:31.000)-(t:8.098-v:30.000)-(t:8.134-v:29.000)-(t:8.155-v:28.000)-(t:8.180-v:27.000)-(t:8.198-v:26.000)-(t:8.266-v:25.000)-(t:8.287-v:24.000)-(t:8.299-v:23.000)-(t:8.308-v:22.000)-(t:8.320-v:21.000)-(t:8.347-v:20.000)-(t:8.359-v:19.000)-(t:8.400-v:18.000)-(t:8.415-v:17.000)-(t:8.466-v:16.000)-(t:8.487-v:14.000)-(t:8.498-v:13.000)-(t:8.629-v:12.000)-(t:8.649-v:11.000)-(t:8.672-v:10.000)-(t:14.887-v:9.000)-(t:25.696-v:8.000)-(t:26.036-v:7.000)-(t:34.042-v:6.000)-(t:47.597-v:5.000)-(t:47.947-v:4.000)-(t:77.496-v:3.000)-(t:88.638-v:2.000)-(t:115.794-v:1.000)],300.000
examples/csp/csp_300/carseq_300_8_20_62.txt,dqn,300,,,
examples/csp/csp_300/carseq_300_8_20_76.txt,dqn,300,,,
examples/csp/csp_300/carseq_300_8_20_78.txt,dqn,300,,,
examples/csp/csp_300/carseq_300_8_20_80.txt,dqn,300,,,
examples/csp/csp_300/carseq_300_8_20_81.txt,dqn,300,,,
examples/csp/csp_300/pb_300_06.txt,dqn,300,,,
examples/csp/csp_300/pb_300_07.txt,dqn,300,,,
examples/csp/csp_300/pb_300_08.txt,dqn,300,,,
examples/csp/csp_100/carseq_100_8_20_98.txt,dqn,300,3,[(t:8.274-v:126.000)-(t:8.286-v:125.000)-(t:8.302-v:123.000)-(t:8.325-v:122.000)-(t:8.342-v:120.000)-(t:8.350-v:115.000)-(t:8.372-v:111.000)-(t:8.384-v:110.000)-(t:8.396-v:109.000)-(t:8.407-v:105.000)-(t:8.417-v:104.000)-(t:8.432-v:102.000)-(t:8.441-v:99.000)-(t:8.450-v:98.000)-(t:8.457-v:95.000)-(t:8.474-v:93.000)-(t:8.489-v:92.000)-(t:8.501-v:89.000)-(t:8.510-v:87.000)-(t:8.522-v:86.000)-(t:8.533-v:84.000)-(t:8.544-v:80.000)-(t:8.553-v:79.000)-(t:8.559-v:78.000)-(t:8.570-v:77.000)-(t:8.587-v:76.000)-(t:8.606-v:75.000)-(t:8.621-v:74.000)-(t:8.635-v:73.000)-(t:8.645-v:71.000)-(t:8.651-v:70.000)-(t:8.663-v:68.000)-(t:8.674-v:67.000)-(t:8.684-v:65.000)-(t:8.691-v:64.000)-(t:8.700-v:63.000)-(t:8.712-v:62.000)-(t:8.723-v:61.000)-(t:8.733-v:60.000)-(t:8.754-v:59.000)-(t:8.764-v:58.000)-(t:8.775-v:57.000)-(t:8.785-v:56.000)-(t:8.797-v:54.000)-(t:8.807-v:53.000)-(t:8.813-v:52.000)-(t:8.825-v:51.000)-(t:8.840-v:50.000)-(t:8.851-v:49.000)-(t:8.860-v:48.000)-(t:8.885-v:47.000)-(t:8.907-v:46.000)-(t:8.920-v:45.000)-(t:8.933-v:44.000)-(t:8.950-v:43.000)-(t:8.957-v:41.000)-(t:8.963-v:40.000)-(t:8.988-v:39.000)-(t:9.009-v:38.000)-(t:9.042-v:37.000)-(t:9.073-v:36.000)-(t:9.090-v:35.000)-(t:9.105-v:34.000)-(t:9.112-v:33.000)-(t:9.123-v:32.000)-(t:9.134-v:31.000)-(t:9.154-v:30.000)-(t:9.205-v:29.000)-(t:9.226-v:28.000)-(t:9.237-v:26.000)-(t:9.251-v:25.000)-(t:9.265-v:24.000)-(t:9.326-v:23.000)-(t:9.342-v:22.000)-(t:9.352-v:21.000)-(t:9.366-v:20.000)-(t:9.382-v:19.000)-(t:9.394-v:18.000)-(t:9.410-v:17.000)-(t:9.422-v:15.000)-(t:9.435-v:14.000)-(t:9.469-v:13.000)-(t:9.484-v:12.000)-(t:9.762-v:11.000)-(t:9.778-v:10.000)-(t:9.790-v:9.000)-(t:18.884-v:8.000)-(t:19.066-v:7.000)-(t:27.459-v:6.000)-(t:31.501-v:5.000)-(t:32.035-v:4.000)-(t:32.369-v:3.000)],300.000
examples/csp/csp_300/pb_300_09.txt,dqn,300,,,
examples/csp/csp_300/pb_300_10.txt,dqn,300,,,
examples/csp/csp_100/carseq_100_8_20_99.txt,dqn,300,1,[(t:7.289-v:137.000)-(t:7.312-v:133.000)-(t:7.336-v:132.000)-(t:7.347-v:131.000)-(t:7.358-v:129.000)-(t:7.386-v:128.000)-(t:7.398-v:127.000)-(t:7.405-v:126.000)-(t:7.417-v:119.000)-(t:7.430-v:118.000)-(t:7.442-v:116.000)-(t:7.454-v:115.000)-(t:7.463-v:112.000)-(t:7.474-v:111.000)-(t:7.485-v:110.000)-(t:7.500-v:109.000)-(t:7.513-v:107.000)-(t:7.522-v:105.000)-(t:7.530-v:104.000)-(t:7.549-v:103.000)-(t:7.559-v:100.000)-(t:7.571-v:99.000)-(t:7.582-v:97.000)-(t:7.595-v:95.000)-(t:7.607-v:94.000)-(t:7.622-v:92.000)-(t:7.634-v:91.000)-(t:7.641-v:89.000)-(t:7.654-v:88.000)-(t:7.664-v:87.000)-(t:7.675-v:85.000)-(t:7.685-v:84.000)-(t:7.692-v:83.000)-(t:7.705-v:82.000)-(t:7.713-v:81.000)-(t:7.723-v:80.000)-(t:7.734-v:77.000)-(t:7.742-v:76.000)-(t:7.748-v:75.000)-(t:7.755-v:74.000)-(t:7.764-v:72.000)-(t:7.774-v:71.000)-(t:7.785-v:69.000)-(t:7.795-v:66.000)-(t:7.809-v:65.000)-(t:7.820-v:64.000)-(t:7.829-v:60.000)-(t:7.840-v:59.000)-(t:7.851-v:57.000)-(t:7.857-v:56.000)-(t:7.874-v:54.000)-(t:7.905-v:50.000)-(t:7.926-v:48.000)-(t:7.937-v:47.000)-(t:7.950-v:46.000)-(t:7.963-v:44.000)-(t:7.976-v:43.000)-(t:7.988-v:42.000)-(t:8.015-v:41.000)-(t:8.026-v:40.000)-(t:8.039-v:39.000)-(t:8.045-v:38.000)-(t:8.066-v:37.000)-(t:8.085-v:36.000)-(t:8.104-v:35.000)-(t:8.116-v:34.000)-(t:8.137-v:33.000)-(t:8.160-v:32.000)-(t:8.170-v:31.000)-(t:8.197-v:30.000)-(t:8.206-v:29.000)-(t:8.219-v:28.000)-(t:8.265-v:27.000)-(t:8.287-v:26.000)-(t:8.295-v:25.000)-(t:8.308-v:24.000)-(t:8.320-v:23.000)-(t:8.361-v:22.000)-(t:8.370-v:20.000)-(t:8.394-v:19.000)-(t:8.408-v:17.000)-(t:8.448-v:16.000)-(t:8.473-v:15.000)-(t:8.587-v:14.000)-(t:8.604-v:13.000)-(t:8.617-v:12.000)-(t:8.633-v:11.000)-(t:8.645-v:10.000)-(t:8.670-v:9.000)-(t:9.039-v:8.000)-(t:9.061-v:7.000)-(t:14.659-v:6.000)-(t:18.383-v:5.000)-(t:19.031-v:4.000)-(t:19.228-v:3.000)-(t:43.434-v:2.000)-(t:108.494-v:1.000)],300.000
examples/csp/csp_100/carseq_100_8_20_64.txt,dqn,300,0,[(t:5.065-v:112.000)-(t:5.077-v:108.000)-(t:5.092-v:105.000)-(t:5.098-v:104.000)-(t:5.105-v:97.000)-(t:5.111-v:90.000)-(t:5.121-v:89.000)-(t:5.129-v:87.000)-(t:5.144-v:86.000)-(t:5.151-v:83.000)-(t:5.158-v:82.000)-(t:5.166-v:81.000)-(t:5.176-v:80.000)-(t:5.185-v:78.000)-(t:5.194-v:77.000)-(t:5.201-v:75.000)-(t:5.208-v:74.000)-(t:5.216-v:73.000)-(t:5.223-v:72.000)-(t:5.230-v:71.000)-(t:5.238-v:70.000)-(t:5.245-v:69.000)-(t:5.252-v:67.000)-(t:5.260-v:66.000)-(t:5.267-v:65.000)-(t:5.275-v:64.000)-(t:5.283-v:63.000)-(t:5.291-v:62.000)-(t:5.297-v:61.000)-(t:5.304-v:59.000)-(t:5.311-v:58.000)-(t:5.317-v:57.000)-(t:5.324-v:55.000)-(t:5.332-v:53.000)-(t:5.341-v:52.000)-(t:5.349-v:51.000)-(t:5.359-v:48.000)-(t:5.371-v:47.000)-(t:5.388-v:45.000)-(t:5.409-v:44.000)-(t:5.419-v:43.000)-(t:5.427-v:42.000)-(t:5.438-v:41.000)-(t:5.447-v:40.000)-(t:5.458-v:39.000)-(t:5.469-v:38.000)-(t:5.480-v:37.000)-(t:5.488-v:36.000)-(t:5.501-v:35.000)-(t:5.518-v:34.000)-(t:5.530-v:32.000)-(t:5.553-v:31.000)-(t:5.569-v:30.000)-(t:5.595-v:29.000)-(t:5.604-v:28.000)-(t:5.616-v:27.000)-(t:5.626-v:26.000)-(t:5.635-v:25.000)-(t:5.646-v:24.000)-(t:5.669-v:23.000)-(t:5.674-v:22.000)-(t:5.682-v:21.000)-(t:5.689-v:20.000)-(t:5.698-v:19.000)-(t:5.723-v:18.000)-(t:5.734-v:17.000)-(t:5.789-v:16.000)-(t:5.805-v:15.000)-(t:5.819-v:14.000)-(t:5.837-v:13.000)-(t:5.860-v:12.000)-(t:5.883-v:11.000)-(t:5.949-v:10.000)-(t:5.961-v:9.000)-(t:5.972-v:8.000)-(t:5.988-v:7.000)-(t:6.495-v:6.000)-(t:6.520-v:5.000)-(t:6.539-v:4.000)-(t:7.747-v:3.000)-(t:7.836-v:2.000)-(t:12.339-v:1.000)-(t:12.511-v:0.000)],12.511
examples/csp/csp_100/carseq_100_8_20_62.txt,dqn,300,0,[(t:5.204-v:132.000)-(t:5.223-v:128.000)-(t:5.229-v:126.000)-(t:5.242-v:122.000)-(t:5.248-v:120.000)-(t:5.256-v:116.000)-(t:5.268-v:111.000)-(t:5.277-v:107.000)-(t:5.285-v:104.000)-(t:5.292-v:103.000)-(t:5.300-v:102.000)-(t:5.307-v:101.000)-(t:5.313-v:100.000)-(t:5.320-v:99.000)-(t:5.325-v:97.000)-(t:5.333-v:96.000)-(t:5.338-v:95.000)-(t:5.349-v:94.000)-(t:5.354-v:92.000)-(t:5.360-v:91.000)-(t:5.365-v:90.000)-(t:5.371-v:88.000)-(t:5.376-v:84.000)-(t:5.381-v:83.000)-(t:5.389-v:82.000)-(t:5.394-v:80.000)-(t:5.401-v:79.000)-(t:5.407-v:77.000)-(t:5.414-v:76.000)-(t:5.425-v:75.000)-(t:5.432-v:72.000)-(t:5.439-v:71.000)-(t:5.446-v:69.000)-(t:5.452-v:68.000)-(t:5.458-v:66.000)-(t:5.474-v:64.000)-(t:5.482-v:63.000)-(t:5.488-v:62.000)-(t:5.493-v:61.000)-(t:5.499-v:59.000)-(t:5.505-v:58.000)-(t:5.524-v:57.000)-(t:5.530-v:56.000)-(t:5.540-v:54.000)-(t:5.550-v:53.000)-(t:5.557-v:51.000)-(t:5.566-v:50.000)-(t:5.573-v:48.000)-(t:5.612-v:47.000)-(t:5.622-v:46.000)-(t:5.629-v:43.000)-(t:5.639-v:41.000)-(t:5.652-v:40.000)-(t:5.663-v:39.000)-(t:5.671-v:38.000)-(t:5.679-v:37.000)-(t:5.687-v:35.000)-(t:5.694-v:34.000)-(t:5.702-v:33.000)-(t:5.720-v:32.000)-(t:5.727-v:30.000)-(t:5.737-v:29.000)-(t:5.745-v:28.000)-(t:5.786-v:27.000)-(t:5.803-v:26.000)-(t:5.845-v:25.000)-(t:5.866-v:24.000)-(t:5.875-v:23.000)-(t:5.890-v:22.000)-(t:5.902-v:21.000)-(t:5.909-v:20.000)-(t:5.922-v:19.000)-(t:5.956-v:18.000)-(t:5.968-v:17.000)-(t:5.994-v:16.000)-(t:6.001-v:15.000)-(t:6.013-v:14.000)-(t:6.045-v:13.000)-(t:6.055-v:12.000)-(t:6.094-v:11.000)-(t:6.108-v:10.000)-(t:6.123-v:9.000)-(t:6.131-v:8.000)-(t:6.149-v:7.000)-(t:6.187-v:6.000)-(t:6.202-v:5.000)-(t:6.229-v:4.000)-(t:6.286-v:3.000)-(t:6.646-v:2.000)-(t:6.684-v:1.000)-(t:33.681-v:0.000)],33.681
examples/csp/csp_100/carseq_100_8_20_67.txt,dqn,300,0,[(t:7.586-v:104.000)-(t:7.599-v:102.000)-(t:7.633-v:99.000)-(t:7.651-v:97.000)-(t:7.661-v:95.000)-(t:7.669-v:92.000)-(t:7.677-v:89.000)-(t:7.688-v:87.000)-(t:7.701-v:85.000)-(t:7.718-v:84.000)-(t:7.731-v:82.000)-(t:7.741-v:81.000)-(t:7.751-v:80.000)-(t:7.763-v:76.000)-(t:7.777-v:75.000)-(t:7.787-v:74.000)-(t:7.800-v:73.000)-(t:7.812-v:72.000)-(t:7.824-v:71.000)-(t:7.834-v:70.000)-(t:7.845-v:69.000)-(t:7.857-v:67.000)-(t:7.873-v:65.000)-(t:7.881-v:64.000)-(t:7.886-v:63.000)-(t:7.896-v:62.000)-(t:7.908-v:60.000)-(t:7.916-v:59.000)-(t:7.926-v:57.000)-(t:7.937-v:56.000)-(t:7.949-v:55.000)-(t:7.959-v:53.000)-(t:7.969-v:51.000)-(t:7.980-v:50.000)-(t:7.992-v:49.000)-(t:7.998-v:47.000)-(t:8.010-v:46.000)-(t:8.021-v:45.000)-(t:8.034-v:43.000)-(t:8.043-v:42.000)-(t:8.054-v:41.000)-(t:8.064-v:39.000)-(t:8.075-v:37.000)-(t:8.088-v:36.000)-(t:8.095-v:34.000)-(t:8.104-v:33.000)-(t:8.115-v:32.000)-(t:8.125-v:31.000)-(t:8.133-v:30.000)-(t:8.145-v:29.000)-(t:8.154-v:28.000)-(t:8.166-v:27.000)-(t:8.176-v:26.000)-(t:8.208-v:24.000)-(t:8.214-v:23.000)-(t:8.225-v:21.000)-(t:8.247-v:20.000)-(t:8.304-v:19.000)-(t:8.341-v:18.000)-(t:8.373-v:17.000)-(t:8.405-v:16.000)-(t:8.418-v:15.000)-(t:8.432-v:14.000)-(t:8.448-v:13.000)-(t:8.465-v:12.000)-(t:8.503-v:11.000)-(t:8.521-v:10.000)-(t:8.535-v:9.000)-(t:8.549-v:8.000)-(t:8.598-v:7.000)-(t:8.610-v:6.000)-(t:8.668-v:5.000)-(t:8.687-v:4.000)-(t:8.707-v:3.000)-(t:9.350-v:2.000)-(t:15.971-v:1.000)-(t:69.151-v:0.000)],69.151
examples/csp/csp_100/carseq_100_8_20_71.txt,dqn,300,0,[(t:7.615-v:136.000)-(t:7.631-v:135.000)-(t:7.642-v:133.000)-(t:7.657-v:132.000)-(t:7.667-v:130.000)-(t:7.685-v:127.000)-(t:7.695-v:125.000)-(t:7.707-v:124.000)-(t:7.716-v:123.000)-(t:7.726-v:115.000)-(t:7.737-v:112.000)-(t:7.749-v:110.000)-(t:7.761-v:109.000)-(t:7.773-v:107.000)-(t:7.788-v:106.000)-(t:7.798-v:102.000)-(t:7.813-v:98.000)-(t:7.828-v:97.000)-(t:7.839-v:96.000)-(t:7.850-v:95.000)-(t:7.863-v:94.000)-(t:7.875-v:90.000)-(t:7.884-v:89.000)-(t:7.898-v:88.000)-(t:7.910-v:86.000)-(t:7.920-v:84.000)-(t:7.933-v:83.000)-(t:7.945-v:82.000)-(t:7.958-v:79.000)-(t:7.970-v:77.000)-(t:7.988-v:76.000)-(t:7.993-v:73.000)-(t:8.003-v:72.000)-(t:8.015-v:71.000)-(t:8.030-v:69.000)-(t:8.041-v:66.000)-(t:8.053-v:63.000)-(t:8.069-v:62.000)-(t:8.081-v:60.000)-(t:8.088-v:59.000)-(t:8.094-v:58.000)-(t:8.108-v:56.000)-(t:8.118-v:54.000)-(t:8.126-v:53.000)-(t:8.136-v:51.000)-(t:8.147-v:50.000)-(t:8.157-v:48.000)-(t:8.172-v:47.000)-(t:8.190-v:46.000)-(t:8.200-v:44.000)-(t:8.205-v:43.000)-(t:8.211-v:42.000)-(t:8.220-v:41.000)-(t:8.231-v:40.000)-(t:8.242-v:39.000)-(t:8.263-v:38.000)-(t:8.278-v:37.000)-(t:8.291-v:36.000)-(t:8.302-v:35.000)-(t:8.312-v:34.000)-(t:8.327-v:33.000)-(t:8.336-v:32.000)-(t:8.347-v:31.000)-(t:8.357-v:30.000)-(t:8.384-v:29.000)-(t:8.446-v:28.000)-(t:8.490-v:27.000)-(t:8.518-v:26.000)-(t:8.530-v:24.000)-(t:8.553-v:23.000)-(t:8.579-v:22.000)-(t:8.598-v:21.000)-(t:8.609-v:20.000)-(t:8.625-v:19.000)-(t:8.638-v:18.000)-(t:8.663-v:17.000)-(t:8.675-v:16.000)-(t:8.686-v:15.000)-(t:8.698-v:14.000)-(t:8.804-v:13.000)-(t:8.825-v:12.000)-(t:8.838-v:11.000)-(t:8.849-v:10.000)-(t:8.866-v:9.000)-(t:8.907-v:7.000)-(t:8.945-v:6.000)-(t:13.085-v:5.000)-(t:13.415-v:4.000)-(t:13.786-v:3.000)-(t:37.583-v:2.000)-(t:43.248-v:1.000)-(t:57.540-v:0.000)],57.540
examples/csp/csp_100/carseq_100_8_20_72.txt,dqn,300,0,[(t:8.807-v:111.000)-(t:8.834-v:110.000)-(t:8.851-v:105.000)-(t:8.863-v:103.000)-(t:8.875-v:100.000)-(t:8.885-v:95.000)-(t:8.894-v:94.000)-(t:8.901-v:92.000)-(t:8.909-v:91.000)-(t:8.916-v:90.000)-(t:8.926-v:87.000)-(t:8.936-v:85.000)-(t:8.947-v:84.000)-(t:8.967-v:83.000)-(t:8.978-v:82.000)-(t:8.989-v:81.000)-(t:8.999-v:79.000)-(t:9.010-v:78.000)-(t:9.017-v:75.000)-(t:9.027-v:74.000)-(t:9.039-v:72.000)-(t:9.053-v:71.000)-(t:9.063-v:69.000)-(t:9.074-v:65.000)-(t:9.092-v:64.000)-(t:9.104-v:63.000)-(t:9.116-v:62.000)-(t:9.125-v:60.000)-(t:9.132-v:59.000)-(t:9.143-v:58.000)-(t:9.156-v:55.000)-(t:9.166-v:54.000)-(t:9.176-v:52.000)-(t:9.189-v:51.000)-(t:9.199-v:50.000)-(t:9.210-v:47.000)-(t:9.221-v:46.000)-(t:9.232-v:45.000)-(t:9.242-v:44.000)-(t:9.253-v:42.000)-(t:9.262-v:41.000)-(t:9.275-v:40.000)-(t:9.286-v:39.000)-(t:9.296-v:37.000)-(t:9.308-v:36.000)-(t:9.322-v:35.000)-(t:9.333-v:34.000)-(t:9.340-v:33.000)-(t:9.348-v:32.000)-(t:9.359-v:31.000)-(t:9.372-v:30.000)-(t:9.381-v:29.000)-(t:9.392-v:28.000)-(t:9.425-v:27.000)-(t:9.438-v:26.000)-(t:9.444-v:25.000)-(t:9.456-v:24.000)-(t:9.465-v:23.000)-(t:9.475-v:22.000)-(t:9.488-v:21.000)-(t:9.502-v:20.000)-(t:9.536-v:19.000)-(t:9.556-v:18.000)-(t:9.581-v:17.000)-(t:9.594-v:16.000)-(t:9.633-v:15.000)-(t:9.652-v:14.000)-(t:9.676-v:13.000)-(t:9.689-v:12.000)-(t:9.714-v:11.000)-(t:9.749-v:10.000)-(t:9.761-v:9.000)-(t:9.786-v:8.000)-(t:9.812-v:7.000)-(t:9.860-v:6.000)-(t:10.279-v:5.000)-(t:10.325-v:4.000)-(t:10.344-v:3.000)-(t:10.359-v:2.000)-(t:10.821-v:1.000)-(t:25.078-v:0.000)],25.078
examples/csp/csp_100/carseq_100_8_20_73.txt,dqn,300,0,[(t:7.977-v:112.000)-(t:7.993-v:110.000)-(t:8.023-v:108.000)-(t:8.033-v:107.000)-(t:8.043-v:106.000)-(t:8.052-v:105.000)-(t:8.070-v:104.000)-(t:8.082-v:97.000)-(t:8.092-v:95.000)-(t:8.103-v:94.000)-(t:8.113-v:92.000)-(t:8.124-v:91.000)-(t:8.137-v:89.000)-(t:8.164-v:88.000)-(t:8.174-v:87.000)-(t:8.185-v:85.000)-(t:8.197-v:84.000)-(t:8.207-v:83.000)-(t:8.218-v:82.000)-(t:8.231-v:81.000)-(t:8.242-v:80.000)-(t:8.250-v:79.000)-(t:8.256-v:78.000)-(t:8.267-v:76.000)-(t:8.277-v:75.000)-(t:8.291-v:74.000)-(t:8.304-v:73.000)-(t:8.315-v:72.000)-(t:8.326-v:70.000)-(t:8.338-v:69.000)-(t:8.351-v:66.000)-(t:8.360-v:65.000)-(t:8.365-v:63.000)-(t:8.379-v:62.000)-(t:8.394-v:61.000)-(t:8.407-v:58.000)-(t:8.419-v:57.000)-(t:8.428-v:56.000)-(t:8.438-v:55.000)-(t:8.449-v:53.000)-(t:8.460-v:52.000)-(t:8.469-v:48.000)-(t:8.479-v:46.000)-(t:8.488-v:45.000)-(t:8.499-v:44.000)-(t:8.509-v:43.000)-(t:8.536-v:42.000)-(t:8.547-v:40.000)-(t:8.559-v:38.000)-(t:8.566-v:37.000)-(t:8.573-v:35.000)-(t:8.578-v:34.000)-(t:8.583-v:33.000)-(t:8.589-v:31.000)-(t:8.593-v:30.000)-(t:8.610-v:27.000)-(t:8.626-v:26.000)-(t:8.648-v:25.000)-(t:8.660-v:24.000)-(t:8.672-v:22.000)-(t:8.683-v:21.000)-(t:8.699-v:20.000)-(t:8.713-v:19.000)-(t:8.730-v:18.000)-(t:8.783-v:17.000)-(t:8.790-v:16.000)-(t:8.820-v:15.000)-(t:8.927-v:14.000)-(t:8.940-v:13.000)-(t:8.955-v:12.000)-(t:8.966-v:11.000)-(t:8.982-v:10.000)-(t:8.996-v:9.000)-(t:9.012-v:8.000)-(t:9.030-v:7.000)-(t:9.049-v:6.000)-(t:9.070-v:5.000)-(t:9.091-v:4.000)-(t:9.128-v:3.000)-(t:9.164-v:2.000)-(t:9.447-v:1.000)-(t:26.595-v:0.000)],26.595
examples/csp/csp_100/carseq_100_8_20_77.txt,dqn,300,0,[(t:9.060-v:88.000)-(t:9.088-v:87.000)-(t:9.112-v:86.000)-(t:9.127-v:85.000)-(t:9.140-v:84.000)-(t:9.151-v:83.000)-(t:9.165-v:81.000)-(t:9.178-v:79.000)-(t:9.192-v:77.000)-(t:9.205-v:75.000)-(t:9.213-v:74.000)-(t:9.228-v:73.000)-(t:9.243-v:72.000)-(t:9.255-v:70.000)-(t:9.270-v:69.000)-(t:9.282-v:68.000)-(t:9.294-v:67.000)-(t:9.312-v:66.000)-(t:9.329-v:65.000)-(t:9.341-v:64.000)-(t:9.354-v:60.000)-(t:9.368-v:58.000)-(t:9.380-v:57.000)-(t:9.393-v:56.000)-(t:9.424-v:55.000)-(t:9.436-v:54.000)-(t:9.448-v:53.000)-(t:9.460-v:50.000)-(t:9.493-v:49.000)-(t:9.505-v:48.000)-(t:9.525-v:47.000)-(t:9.544-v:46.000)-(t:9.569-v:45.000)-(t:9.584-v:44.000)-(t:9.607-v:43.000)-(t:9.617-v:42.000)-(t:9.630-v:41.000)-(t:9.642-v:40.000)-(t:9.660-v:39.000)-(t:9.674-v:36.000)-(t:9.692-v:34.000)-(t:9.707-v:33.000)-(t:9.722-v:32.000)-(t:9.739-v:31.000)-(t:9.765-v:30.000)-(t:9.801-v:29.000)-(t:9.816-v:28.000)-(t:9.830-v:27.000)-(t:9.844-v:26.000)-(t:9.859-v:25.000)-(t:9.873-v:24.000)-(t:9.897-v:23.000)-(t:9.936-v:22.000)-(t:9.970-v:21.000)-(t:9.984-v:20.000)-(t:10.027-v:19.000)-(t:10.044-v:18.000)-(t:10.100-v:17.000)-(t:10.115-v:16.000)-(t:10.131-v:15.000)-(t:10.198-v:14.000)-(t:10.216-v:13.000)-(t:10.233-v:12.000)-(t:10.280-v:11.000)-(t:10.299-v:10.000)-(t:10.335-v:9.000)-(t:10.350-v:8.000)-(t:10.372-v:7.000)-(t:10.446-v:6.000)-(t:10.475-v:5.000)-(t:10.496-v:4.000)-(t:10.861-v:3.000)-(t:10.877-v:2.000)-(t:10.918-v:1.000)-(t:22.474-v:0.000)],22.474
examples/csp/csp_100/carseq_100_8_20_81.txt,dqn,300,0,[(t:6.052-v:98.000)-(t:6.087-v:96.000)-(t:6.100-v:93.000)-(t:6.106-v:90.000)-(t:6.120-v:88.000)-(t:6.129-v:87.000)-(t:6.136-v:84.000)-(t:6.144-v:83.000)-(t:6.152-v:82.000)-(t:6.160-v:80.000)-(t:6.167-v:79.000)-(t:6.174-v:78.000)-(t:6.184-v:77.000)-(t:6.198-v:76.000)-(t:6.205-v:74.000)-(t:6.212-v:73.000)-(t:6.219-v:69.000)-(t:6.226-v:68.000)-(t:6.239-v:67.000)-(t:6.245-v:66.000)-(t:6.251-v:65.000)-(t:6.258-v:63.000)-(t:6.265-v:62.000)-(t:6.272-v:61.000)-(t:6.280-v:58.000)-(t:6.286-v:57.000)-(t:6.296-v:56.000)-(t:6.302-v:55.000)-(t:6.309-v:54.000)-(t:6.317-v:53.000)-(t:6.324-v:52.000)-(t:6.331-v:51.000)-(t:6.340-v:50.000)-(t:6.346-v:49.000)-(t:6.359-v:48.000)-(t:6.365-v:46.000)-(t:6.372-v:45.000)-(t:6.379-v:44.000)-(t:6.389-v:43.000)-(t:6.398-v:42.000)-(t:6.418-v:41.000)-(t:6.431-v:40.000)-(t:6.463-v:39.000)-(t:6.499-v:38.000)-(t:6.508-v:37.000)-(t:6.524-v:36.000)-(t:6.535-v:35.000)-(t:6.549-v:34.000)-(t:6.560-v:33.000)-(t:6.571-v:32.000)-(t:6.578-v:31.000)-(t:6.586-v:30.000)-(t:6.594-v:28.000)-(t:6.601-v:27.000)-(t:6.619-v:26.000)-(t:6.634-v:25.000)-(t:6.646-v:24.000)-(t:6.654-v:23.000)-(t:6.679-v:22.000)-(t:6.687-v:21.000)-(t:6.717-v:20.000)-(t:6.727-v:19.000)-(t:6.736-v:18.000)-(t:6.745-v:17.000)-(t:6.761-v:16.000)-(t:6.770-v:15.000)-(t:6.811-v:14.000)-(t:6.819-v:13.000)-(t:6.846-v:12.000)-(t:6.859-v:11.000)-(t:6.874-v:10.000)-(t:6.882-v:9.000)-(t:6.899-v:8.000)-(t:6.917-v:7.000)-(t:6.961-v:6.000)-(t:6.972-v:5.000)-(t:7.238-v:4.000)-(t:7.499-v:3.000)-(t:12.568-v:2.000)-(t:22.829-v:1.000)-(t:65.059-v:0.000)],65.059
examples/csp/csp_100/16-81.txt,dqn,300,2,[(t:6.703-v:120.000)-(t:6.716-v:116.000)-(t:6.735-v:115.000)-(t:6.750-v:114.000)-(t:6.761-v:113.000)-(t:6.768-v:112.000)-(t:6.776-v:106.000)-(t:6.782-v:105.000)-(t:6.789-v:103.000)-(t:6.796-v:102.000)-(t:6.802-v:100.000)-(t:6.810-v:99.000)-(t:6.817-v:98.000)-(t:6.824-v:97.000)-(t:6.831-v:96.000)-(t:6.838-v:94.000)-(t:6.845-v:91.000)-(t:6.852-v:90.000)-(t:6.859-v:89.000)-(t:6.867-v:88.000)-(t:6.877-v:87.000)-(t:6.885-v:86.000)-(t:6.899-v:85.000)-(t:6.908-v:84.000)-(t:6.920-v:83.000)-(t:6.942-v:82.000)-(t:6.957-v:81.000)-(t:6.966-v:79.000)-(t:6.977-v:78.000)-(t:6.988-v:77.000)-(t:6.997-v:76.000)-(t:7.007-v:75.000)-(t:7.016-v:73.000)-(t:7.025-v:72.000)-(t:7.035-v:70.000)-(t:7.050-v:66.000)-(t:7.059-v:65.000)-(t:7.068-v:64.000)-(t:7.077-v:63.000)-(t:7.085-v:62.000)-(t:7.094-v:61.000)-(t:7.103-v:60.000)-(t:7.112-v:59.000)-(t:7.120-v:58.000)-(t:7.129-v:57.000)-(t:7.138-v:56.000)-(t:7.146-v:55.000)-(t:7.156-v:54.000)-(t:7.165-v:53.000)-(t:7.172-v:52.000)-(t:7.180-v:51.000)-(t:7.187-v:50.000)-(t:7.194-v:49.000)-(t:7.206-v:48.000)-(t:7.214-v:47.000)-(t:7.223-v:46.000)-(t:7.232-v:44.000)-(t:7.240-v:43.000)-(t:7.252-v:41.000)-(t:7.263-v:39.000)-(t:7.270-v:38.000)-(t:7.278-v:37.000)-(t:7.287-v:36.000)-(t:7.334-v:35.000)-(t:7.347-v:34.000)-(t:7.376-v:32.000)-(t:7.384-v:31.000)-(t:7.398-v:30.000)-(t:7.406-v:29.000)-(t:7.416-v:28.000)-(t:7.474-v:27.000)-(t:7.484-v:26.000)-(t:7.495-v:25.000)-(t:7.510-v:24.000)-(t:7.521-v:23.000)-(t:7.532-v:22.000)-(t:7.543-v:21.000)-(t:7.555-v:20.000)-(t:7.567-v:19.000)-(t:7.586-v:18.000)-(t:7.662-v:17.000)-(t:7.678-v:16.000)-(t:7.698-v:15.000)-(t:7.725-v:14.000)-(t:7.745-v:12.000)-(t:7.758-v:11.000)-(t:7.787-v:10.000)-(t:12.345-v:9.000)-(t:12.543-v:8.000)-(t:12.914-v:7.000)-(t:43.909-v:6.000)-(t:50.767-v:5.000)-(t:174.011-v:4.000)-(t:174.189-v:3.000)-(t:230.622-v:2.000)],300.000
examples/csp/csp_100/21-90.txt,dqn,300,2,[(t:6.698-v:126.000)-(t:6.706-v:125.000)-(t:6.734-v:122.000)-(t:6.741-v:121.000)-(t:6.754-v:120.000)-(t:6.762-v:119.000)-(t:6.769-v:116.000)-(t:6.775-v:115.000)-(t:6.783-v:110.000)-(t:6.792-v:106.000)-(t:6.800-v:104.000)-(t:6.807-v:102.000)-(t:6.822-v:100.000)-(t:6.830-v:94.000)-(t:6.837-v:93.000)-(t:6.845-v:92.000)-(t:6.852-v:91.000)-(t:6.860-v:90.000)-(t:6.867-v:88.000)-(t:6.878-v:87.000)-(t:6.886-v:84.000)-(t:6.893-v:83.000)-(t:6.901-v:82.000)-(t:6.908-v:81.000)-(t:6.915-v:80.000)-(t:6.922-v:78.000)-(t:6.930-v:77.000)-(t:6.937-v:76.000)-(t:6.944-v:75.000)-(t:6.951-v:74.000)-(t:6.958-v:72.000)-(t:6.966-v:68.000)-(t:6.973-v:67.000)-(t:6.984-v:66.000)-(t:6.993-v:65.000)-(t:7.038-v:64.000)-(t:7.045-v:63.000)-(t:7.055-v:62.000)-(t:7.085-v:61.000)-(t:7.095-v:60.000)-(t:7.106-v:58.000)-(t:7.117-v:57.000)-(t:7.126-v:56.000)-(t:7.136-v:55.000)-(t:7.146-v:54.000)-(t:7.156-v:53.000)-(t:7.169-v:52.000)-(t:7.185-v:51.000)-(t:7.195-v:50.000)-(t:7.210-v:49.000)-(t:7.219-v:48.000)-(t:7.232-v:47.000)-(t:7.241-v:45.000)-(t:7.254-v:43.000)-(t:7.305-v:42.000)-(t:7.315-v:40.000)-(t:7.324-v:37.000)-(t:7.335-v:36.000)-(t:7.345-v:35.000)-(t:7.358-v:34.000)-(t:7.382-v:33.000)-(t:7.392-v:31.000)-(t:7.402-v:30.000)-(t:7.412-v:28.000)-(t:7.423-v:27.000)-(t:7.444-v:26.000)-(t:7.455-v:25.000)-(t:7.466-v:23.000)-(t:7.478-v:22.000)-(t:7.488-v:21.000)-(t:7.519-v:20.000)-(t:7.530-v:19.000)-(t:7.553-v:18.000)-(t:7.571-v:17.000)-(t:7.583-v:16.000)-(t:7.631-v:15.000)-(t:7.700-v:14.000)-(t:7.711-v:13.000)-(t:7.760-v:12.000)-(t:7.769-v:11.000)-(t:7.783-v:10.000)-(t:8.149-v:9.000)-(t:8.171-v:8.000)-(t:11.753-v:7.000)-(t:11.931-v:6.000)-(t:23.206-v:5.000)-(t:29.517-v:4.000)-(t:49.032-v:3.000)-(t:70.624-v:2.000)],39.096
examples/csp/csp_100/36-92.txt,dqn,300,2,[(t:5.905-v:132.000)-(t:5.923-v:130.000)-(t:5.935-v:129.000)-(t:5.947-v:126.000)-(t:5.955-v:125.000)-(t:5.963-v:123.000)-(t:5.970-v:120.000)-(t:5.979-v:119.000)-(t:5.987-v:118.000)-(t:6.000-v:117.000)-(t:6.015-v:116.000)-(t:6.027-v:112.000)-(t:6.039-v:110.000)-(t:6.051-v:109.000)-(t:6.061-v:107.000)-(t:6.076-v:106.000)-(t:6.083-v:104.000)-(t:6.102-v:101.000)-(t:6.109-v:100.000)-(t:6.116-v:98.000)-(t:6.122-v:97.000)-(t:6.129-v:96.000)-(t:6.135-v:92.000)-(t:6.142-v:91.000)-(t:6.149-v:90.000)-(t:6.156-v:89.000)-(t:6.163-v:88.000)-(t:6.170-v:87.000)-(t:6.177-v:85.000)-(t:6.186-v:83.000)-(t:6.194-v:82.000)-(t:6.201-v:81.000)-(t:6.208-v:80.000)-(t:6.215-v:78.000)-(t:6.222-v:76.000)-(t:6.228-v:75.000)-(t:6.237-v:74.000)-(t:6.244-v:71.000)-(t:6.252-v:67.000)-(t:6.259-v:65.000)-(t:6.266-v:64.000)-(t:6.274-v:63.000)-(t:6.280-v:59.000)-(t:6.288-v:58.000)-(t:6.295-v:56.000)-(t:6.305-v:55.000)-(t:6.312-v:52.000)-(t:6.319-v:50.000)-(t:6.327-v:49.000)-(t:6.334-v:48.000)-(t:6.340-v:47.000)-(t:6.347-v:46.000)-(t:6.355-v:45.000)-(t:6.362-v:44.000)-(t:6.372-v:42.000)-(t:6.378-v:41.000)-(t:6.387-v:40.000)-(t:6.395-v:38.000)-(t:6.401-v:37.000)-(t:6.410-v:36.000)-(t:6.417-v:35.000)-(t:6.424-v:33.000)-(t:6.432-v:32.000)-(t:6.442-v:31.000)-(t:6.458-v:29.000)-(t:6.482-v:28.000)-(t:6.513-v:27.000)-(t:6.520-v:26.000)-(t:6.531-v:25.000)-(t:6.538-v:24.000)-(t:6.544-v:22.000)-(t:6.551-v:21.000)-(t:6.565-v:20.000)-(t:6.572-v:19.000)-(t:6.579-v:17.000)-(t:6.594-v:16.000)-(t:6.600-v:15.000)-(t:6.616-v:14.000)-(t:6.623-v:13.000)-(t:6.636-v:12.000)-(t:6.693-v:11.000)-(t:6.712-v:10.000)-(t:6.758-v:9.000)-(t:7.065-v:8.000)-(t:9.435-v:7.000)-(t:9.604-v:6.000)-(t:18.656-v:5.000)-(t:18.828-v:4.000)-(t:40.941-v:3.000)-(t:74.144-v:2.000)],37.101
examples/csp/csp_100/4-72.txt,dqn,300,1,[(t:6.707-v:122.000)-(t:6.738-v:120.000)-(t:6.747-v:115.000)-(t:6.762-v:112.000)-(t:6.769-v:108.000)-(t:6.777-v:107.000)-(t:6.785-v:106.000)-(t:6.800-v:103.000)-(t:6.812-v:102.000)-(t:6.820-v:101.000)-(t:6.828-v:99.000)-(t:6.835-v:96.000)-(t:6.843-v:95.000)-(t:6.852-v:92.000)-(t:6.860-v:90.000)-(t:6.867-v:88.000)-(t:6.875-v:87.000)-(t:6.887-v:80.000)-(t:6.895-v:78.000)-(t:6.903-v:77.000)-(t:6.911-v:76.000)-(t:6.919-v:75.000)-(t:6.926-v:74.000)-(t:6.937-v:73.000)-(t:6.946-v:70.000)-(t:6.967-v:69.000)-(t:6.977-v:67.000)-(t:6.985-v:66.000)-(t:6.993-v:64.000)-(t:7.006-v:63.000)-(t:7.015-v:61.000)-(t:7.022-v:59.000)-(t:7.035-v:58.000)-(t:7.043-v:57.000)-(t:7.050-v:56.000)-(t:7.060-v:54.000)-(t:7.068-v:53.000)-(t:7.078-v:52.000)-(t:7.087-v:51.000)-(t:7.095-v:50.000)-(t:7.103-v:49.000)-(t:7.112-v:48.000)-(t:7.120-v:47.000)-(t:7.128-v:46.000)-(t:7.135-v:45.000)-(t:7.142-v:44.000)-(t:7.151-v:43.000)-(t:7.159-v:42.000)-(t:7.168-v:41.000)-(t:7.184-v:40.000)-(t:7.194-v:38.000)-(t:7.202-v:37.000)-(t:7.209-v:36.000)-(t:7.219-v:35.000)-(t:7.237-v:34.000)-(t:7.244-v:33.000)-(t:7.274-v:32.000)-(t:7.281-v:30.000)-(t:7.299-v:29.000)-(t:7.306-v:28.000)-(t:7.314-v:27.000)-(t:7.321-v:26.000)-(t:7.341-v:25.000)-(t:7.352-v:24.000)-(t:7.377-v:23.000)-(t:7.387-v:21.000)-(t:7.411-v:20.000)-(t:7.418-v:19.000)-(t:7.426-v:18.000)-(t:7.434-v:17.000)-(t:7.469-v:16.000)-(t:7.488-v:15.000)-(t:7.501-v:14.000)-(t:7.511-v:13.000)-(t:7.558-v:12.000)-(t:7.567-v:11.000)-(t:7.607-v:10.000)-(t:7.621-v:9.000)-(t:7.631-v:8.000)-(t:7.661-v:7.000)-(t:8.155-v:6.000)-(t:8.177-v:5.000)-(t:8.192-v:4.000)-(t:12.147-v:3.000)-(t:22.706-v:2.000)-(t:43.280-v:1.000)],300.000
examples/csp/csp_100/6-76.txt,dqn,300,6,[(t:7.513-v:107.000)-(t:7.530-v:106.000)-(t:7.538-v:105.000)-(t:7.558-v:104.000)-(t:7.567-v:103.000)-(t:7.576-v:101.000)-(t:7.588-v:100.000)-(t:7.598-v:99.000)-(t:7.606-v:96.000)-(t:7.624-v:95.000)-(t:7.633-v:94.000)-(t:7.642-v:89.000)-(t:7.651-v:88.000)-(t:7.659-v:87.000)-(t:7.669-v:85.000)-(t:7.677-v:83.000)-(t:7.686-v:82.000)-(t:7.695-v:80.000)-(t:7.708-v:79.000)-(t:7.717-v:78.000)-(t:7.727-v:76.000)-(t:7.735-v:75.000)-(t:7.743-v:72.000)-(t:7.751-v:71.000)-(t:7.759-v:70.000)-(t:7.767-v:68.000)-(t:7.775-v:67.000)-(t:7.783-v:66.000)-(t:7.791-v:65.000)-(t:7.799-v:62.000)-(t:7.807-v:61.000)-(t:7.816-v:59.000)-(t:7.823-v:56.000)-(t:7.832-v:55.000)-(t:7.842-v:54.000)-(t:7.849-v:53.000)-(t:7.858-v:52.000)-(t:7.866-v:51.000)-(t:7.873-v:50.000)-(t:7.880-v:49.000)-(t:7.887-v:48.000)-(t:7.896-v:46.000)-(t:7.908-v:45.000)-(t:7.918-v:44.000)-(t:7.926-v:43.000)-(t:7.935-v:42.000)-(t:7.944-v:40.000)-(t:7.952-v:39.000)-(t:7.964-v:38.000)-(t:7.973-v:37.000)-(t:7.986-v:36.000)-(t:7.993-v:35.000)-(t:8.003-v:34.000)-(t:8.022-v:33.000)-(t:8.029-v:32.000)-(t:8.039-v:31.000)-(t:8.049-v:30.000)-(t:8.058-v:29.000)-(t:8.066-v:28.000)-(t:8.074-v:27.000)-(t:8.090-v:26.000)-(t:8.099-v:25.000)-(t:8.129-v:24.000)-(t:8.138-v:23.000)-(t:8.160-v:22.000)-(t:8.179-v:21.000)-(t:8.190-v:20.000)-(t:8.200-v:19.000)-(t:8.220-v:18.000)-(t:8.262-v:17.000)-(t:8.295-v:16.000)-(t:8.316-v:15.000)-(t:8.326-v:14.000)-(t:8.336-v:13.000)-(t:8.345-v:12.000)-(t:8.360-v:11.000)-(t:8.372-v:10.000)-(t:8.414-v:9.000)-(t:8.471-v:8.000)-(t:8.523-v:7.000)-(t:18.560-v:6.000)],9.696
examples/csp/csp_100/carseq_100_8_20_90.txt,dqn,300,0,[(t:7.135-v:112.000)-(t:7.142-v:108.000)-(t:7.159-v:107.000)-(t:7.166-v:103.000)-(t:7.172-v:99.000)-(t:7.185-v:97.000)-(t:7.194-v:94.000)-(t:7.201-v:92.000)-(t:7.208-v:91.000)-(t:7.214-v:90.000)-(t:7.219-v:89.000)-(t:7.225-v:88.000)-(t:7.231-v:87.000)-(t:7.237-v:85.000)-(t:7.243-v:84.000)-(t:7.251-v:83.000)-(t:7.257-v:82.000)-(t:7.263-v:81.000)-(t:7.276-v:80.000)-(t:7.283-v:78.000)-(t:7.289-v:76.000)-(t:7.297-v:75.000)-(t:7.305-v:73.000)-(t:7.314-v:72.000)-(t:7.321-v:71.000)-(t:7.328-v:68.000)-(t:7.335-v:67.000)-(t:7.342-v:66.000)-(t:7.349-v:63.000)-(t:7.355-v:62.000)-(t:7.365-v:60.000)-(t:7.373-v:59.000)-(t:7.379-v:58.000)-(t:7.389-v:57.000)-(t:7.395-v:56.000)-(t:7.402-v:55.000)-(t:7.409-v:54.000)-(t:7.416-v:53.000)-(t:7.422-v:52.000)-(t:7.430-v:51.000)-(t:7.437-v:49.000)-(t:7.444-v:48.000)-(t:7.453-v:47.000)-(t:7.461-v:45.000)-(t:7.470-v:42.000)-(t:7.499-v:41.000)-(t:7.507-v:40.000)-(t:7.515-v:39.000)-(t:7.522-v:38.000)-(t:7.530-v:37.000)-(t:7.539-v:36.000)-(t:7.547-v:33.000)-(t:7.562-v:32.000)-(t:7.578-v:31.000)-(t:7.587-v:30.000)-(t:7.595-v:29.000)-(t:7.604-v:27.000)-(t:7.612-v:26.000)-(t:7.619-v:25.000)-(t:7.628-v:24.000)-(t:7.634-v:23.000)-(t:7.643-v:22.000)-(t:7.670-v:21.000)-(t:7.679-v:20.000)-(t:7.690-v:19.000)-(t:7.700-v:18.000)-(t:7.716-v:16.000)-(t:7.727-v:14.000)-(t:7.756-v:13.000)-(t:7.789-v:12.000)-(t:7.795-v:11.000)-(t:7.801-v:10.000)-(t:7.817-v:9.000)-(t:7.873-v:8.000)-(t:7.881-v:7.000)-(t:7.904-v:6.000)-(t:8.149-v:5.000)-(t:8.156-v:4.000)-(t:8.217-v:3.000)-(t:12.139-v:2.000)-(t:12.243-v:1.000)-(t:14.208-v:0.000)],14.208
examples/csp/csp_100/carseq_100_8_20_94.txt,dqn,300,0,[(t:7.409-v:119.000)-(t:7.435-v:118.000)-(t:7.465-v:117.000)-(t:7.483-v:115.000)-(t:7.493-v:114.000)-(t:7.504-v:108.000)-(t:7.515-v:106.000)-(t:7.527-v:105.000)-(t:7.544-v:103.000)-(t:7.555-v:102.000)-(t:7.566-v:100.000)-(t:7.579-v:99.000)-(t:7.590-v:98.000)-(t:7.600-v:97.000)-(t:7.611-v:95.000)-(t:7.623-v:92.000)-(t:7.631-v:91.000)-(t:7.639-v:90.000)-(t:7.646-v:86.000)-(t:7.662-v:85.000)-(t:7.668-v:84.000)-(t:7.680-v:83.000)-(t:7.694-v:81.000)-(t:7.705-v:80.000)-(t:7.719-v:79.000)-(t:7.736-v:78.000)-(t:7.746-v:75.000)-(t:7.755-v:74.000)-(t:7.765-v:73.000)-(t:7.774-v:72.000)-(t:7.784-v:71.000)-(t:7.793-v:70.000)-(t:7.811-v:69.000)-(t:7.825-v:67.000)-(t:7.839-v:66.000)-(t:7.849-v:64.000)-(t:7.864-v:60.000)-(t:7.872-v:58.000)-(t:7.883-v:57.000)-(t:7.893-v:56.000)-(t:7.901-v:54.000)-(t:7.909-v:53.000)-(t:7.918-v:52.000)-(t:7.932-v:50.000)-(t:7.943-v:48.000)-(t:7.954-v:47.000)-(t:7.972-v:46.000)-(t:7.982-v:45.000)-(t:7.990-v:44.000)-(t:8.000-v:42.000)-(t:8.013-v:41.000)-(t:8.022-v:40.000)-(t:8.039-v:39.000)-(t:8.049-v:38.000)-(t:8.057-v:37.000)-(t:8.066-v:36.000)-(t:8.076-v:35.000)-(t:8.084-v:33.000)-(t:8.093-v:31.000)-(t:8.107-v:30.000)-(t:8.131-v:29.000)-(t:8.145-v:28.000)-(t:8.156-v:27.000)-(t:8.182-v:26.000)-(t:8.194-v:25.000)-(t:8.210-v:24.000)-(t:8.222-v:23.000)-(t:8.231-v:22.000)-(t:8.241-v:21.000)-(t:8.251-v:20.000)-(t:8.276-v:19.000)-(t:8.288-v:18.000)-(t:8.302-v:17.000)-(t:8.317-v:16.000)-(t:8.350-v:15.000)-(t:8.363-v:14.000)-(t:8.381-v:13.000)-(t:8.408-v:12.000)-(t:8.416-v:11.000)-(t:8.475-v:10.000)-(t:8.488-v:9.000)-(t:8.498-v:8.000)-(t:8.547-v:7.000)-(t:8.560-v:6.000)-(t:8.582-v:5.000)-(t:8.593-v:4.000)-(t:8.606-v:3.000)-(t:8.626-v:2.000)-(t:8.875-v:1.000)-(t:11.210-v:0.000)],11.210
examples/csp/csp_200/pb_200_06.txt,dqn,300,,,
examples/csp/csp_200/pb_200_07.txt,dqn,300,,,
examples/csp/csp_200/pb_200_08.txt,dqn,300,,,
examples/csp/csp_200/pb_200_09.txt,dqn,300,,,
examples/csp/csp_200/pb_200_10.txt,dqn,300,,,
examples/csp/csp_300/carseq_300_8_20_38.txt,dqn,300,,,
examples/csp/csp_100/carseq_100_8_20_82.txt,dqn,300,1,[(t:6.206-v:154.000)-(t:6.212-v:151.000)-(t:6.229-v:145.000)-(t:6.235-v:141.000)-(t:6.246-v:139.000)-(t:6.259-v:137.000)-(t:6.268-v:134.000)-(t:6.289-v:131.000)-(t:6.297-v:130.000)-(t:6.308-v:126.000)-(t:6.316-v:125.000)-(t:6.324-v:122.000)-(t:6.341-v:120.000)-(t:6.353-v:119.000)-(t:6.360-v:118.000)-(t:6.367-v:116.000)-(t:6.375-v:113.000)-(t:6.385-v:112.000)-(t:6.393-v:110.000)-(t:6.401-v:109.000)-(t:6.409-v:108.000)-(t:6.417-v:107.000)-(t:6.424-v:105.000)-(t:6.432-v:104.000)-(t:6.439-v:102.000)-(t:6.446-v:99.000)-(t:6.453-v:98.000)-(t:6.460-v:97.000)-(t:6.467-v:94.000)-(t:6.475-v:93.000)-(t:6.481-v:92.000)-(t:6.490-v:91.000)-(t:6.497-v:88.000)-(t:6.504-v:87.000)-(t:6.512-v:86.000)-(t:6.522-v:85.000)-(t:6.532-v:84.000)-(t:6.539-v:81.000)-(t:6.548-v:80.000)-(t:6.556-v:79.000)-(t:6.563-v:77.000)-(t:6.572-v:74.000)-(t:6.583-v:73.000)-(t:6.592-v:72.000)-(t:6.599-v:70.000)-(t:6.607-v:69.000)-(t:6.615-v:67.000)-(t:6.623-v:65.000)-(t:6.631-v:64.000)-(t:6.643-v:61.000)-(t:6.651-v:60.000)-(t:6.659-v:58.000)-(t:6.667-v:57.000)-(t:6.675-v:56.000)-(t:6.683-v:54.000)-(t:6.690-v:53.000)-(t:6.698-v:52.000)-(t:6.709-v:51.000)-(t:6.726-v:49.000)-(t:6.734-v:48.000)-(t:6.743-v:47.000)-(t:6.753-v:46.000)-(t:6.761-v:45.000)-(t:6.779-v:44.000)-(t:6.787-v:43.000)-(t:6.794-v:41.000)-(t:6.804-v:40.000)-(t:6.811-v:39.000)-(t:6.820-v:38.000)-(t:6.840-v:37.000)-(t:6.851-v:36.000)-(t:6.863-v:35.000)-(t:6.872-v:34.000)-(t:6.880-v:32.000)-(t:6.900-v:31.000)-(t:6.915-v:30.000)-(t:6.923-v:29.000)-(t:6.945-v:28.000)-(t:6.953-v:26.000)-(t:6.970-v:25.000)-(t:7.000-v:24.000)-(t:7.011-v:23.000)-(t:7.020-v:22.000)-(t:7.062-v:21.000)-(t:7.074-v:20.000)-(t:7.089-v:19.000)-(t:7.097-v:18.000)-(t:7.145-v:17.000)-(t:7.248-v:16.000)-(t:9.761-v:15.000)-(t:9.917-v:14.000)-(t:10.001-v:13.000)-(t:10.098-v:12.000)-(t:10.298-v:11.000)-(t:10.388-v:10.000)-(t:11.549-v:9.000)-(t:12.183-v:8.000)-(t:16.022-v:7.000)-(t:16.117-v:6.000)-(t:18.285-v:5.000)-(t:18.479-v:4.000)-(t:20.456-v:3.000)-(t:158.158-v:2.000)-(t:209.138-v:1.000)],300.000
examples/csp/csp_300/carseq_300_8_20_40.txt,dqn,300,,,
examples/csp/csp_300/carseq_300_8_20_45.txt,dqn,300,,,
examples/csp/csp_300/carseq_300_8_20_47.txt,dqn,300,,,
examples/csp/csp_100/carseq_100_8_20_85.txt,dqn,300,2,[(t:8.270-v:115.000)-(t:8.282-v:114.000)-(t:8.294-v:112.000)-(t:8.342-v:111.000)-(t:8.360-v:106.000)-(t:8.371-v:104.000)-(t:8.391-v:101.000)-(t:8.412-v:100.000)-(t:8.427-v:96.000)-(t:8.438-v:95.000)-(t:8.445-v:94.000)-(t:8.454-v:93.000)-(t:8.466-v:92.000)-(t:8.477-v:90.000)-(t:8.489-v:89.000)-(t:8.500-v:88.000)-(t:8.510-v:87.000)-(t:8.521-v:85.000)-(t:8.532-v:83.000)-(t:8.543-v:82.000)-(t:8.553-v:80.000)-(t:8.565-v:78.000)-(t:8.576-v:76.000)-(t:8.587-v:75.000)-(t:8.599-v:74.000)-(t:8.610-v:73.000)-(t:8.624-v:69.000)-(t:8.642-v:68.000)-(t:8.654-v:67.000)-(t:8.662-v:66.000)-(t:8.668-v:65.000)-(t:8.674-v:64.000)-(t:8.679-v:63.000)-(t:8.686-v:62.000)-(t:8.698-v:61.000)-(t:8.709-v:60.000)-(t:8.720-v:59.000)-(t:8.730-v:58.000)-(t:8.741-v:57.000)-(t:8.753-v:55.000)-(t:8.763-v:54.000)-(t:8.774-v:53.000)-(t:8.784-v:52.000)-(t:8.800-v:51.000)-(t:8.810-v:50.000)-(t:8.821-v:49.000)-(t:8.832-v:48.000)-(t:8.861-v:47.000)-(t:8.882-v:46.000)-(t:8.891-v:45.000)-(t:8.897-v:44.000)-(t:8.908-v:43.000)-(t:8.920-v:42.000)-(t:8.930-v:41.000)-(t:8.951-v:40.000)-(t:8.970-v:39.000)-(t:8.984-v:38.000)-(t:8.997-v:36.000)-(t:9.007-v:35.000)-(t:9.018-v:34.000)-(t:9.032-v:33.000)-(t:9.051-v:30.000)-(t:9.062-v:26.000)-(t:9.074-v:25.000)-(t:9.085-v:24.000)-(t:9.096-v:23.000)-(t:9.103-v:22.000)-(t:9.114-v:21.000)-(t:9.139-v:20.000)-(t:9.149-v:19.000)-(t:9.162-v:18.000)-(t:9.173-v:17.000)-(t:9.184-v:16.000)-(t:9.241-v:15.000)-(t:9.266-v:14.000)-(t:9.283-v:13.000)-(t:9.339-v:12.000)-(t:9.353-v:11.000)-(t:9.481-v:10.000)-(t:9.508-v:9.000)-(t:9.528-v:8.000)-(t:9.540-v:7.000)-(t:9.557-v:6.000)-(t:24.881-v:5.000)-(t:86.767-v:4.000)-(t:89.532-v:3.000)-(t:93.640-v:2.000)],300.000
examples/csp/csp_300/carseq_300_8_20_53.txt,dqn,300,,,
examples/csp/csp_300/carseq_300_8_20_56.txt,dqn,300,,,
examples/csp/csp_300/carseq_300_8_20_62.txt,dqn,300,,,
examples/csp/csp_300/carseq_300_8_20_76.txt,dqn,300,,,
examples/csp/csp_300/carseq_300_8_20_78.txt,dqn,300,,,
examples/csp/csp_300/carseq_300_8_20_80.txt,dqn,300,,,
examples/csp/csp_300/carseq_300_8_20_81.txt,dqn,300,,,
examples/csp/csp_100/carseq_100_8_20_88.txt,dqn,300,0,[(t:6.928-v:140.000)-(t:6.939-v:138.000)-(t:6.947-v:135.000)-(t:6.969-v:131.000)-(t:6.977-v:130.000)-(t:6.985-v:129.000)-(t:7.001-v:125.000)-(t:7.009-v:121.000)-(t:7.019-v:118.000)-(t:7.028-v:114.000)-(t:7.036-v:113.000)-(t:7.044-v:111.000)-(t:7.060-v:110.000)-(t:7.069-v:107.000)-(t:7.078-v:106.000)-(t:7.086-v:104.000)-(t:7.095-v:102.000)-(t:7.103-v:101.000)-(t:7.111-v:98.000)-(t:7.123-v:97.000)-(t:7.131-v:94.000)-(t:7.138-v:93.000)-(t:7.147-v:92.000)-(t:7.159-v:91.000)-(t:7.168-v:89.000)-(t:7.176-v:87.000)-(t:7.184-v:86.000)-(t:7.192-v:85.000)-(t:7.201-v:83.000)-(t:7.214-v:81.000)-(t:7.222-v:79.000)-(t:7.231-v:78.000)-(t:7.239-v:77.000)-(t:7.247-v:76.000)-(t:7.254-v:75.000)-(t:7.265-v:73.000)-(t:7.277-v:71.000)-(t:7.283-v:70.000)-(t:7.310-v:69.000)-(t:7.317-v:68.000)-(t:7.343-v:67.000)-(t:7.351-v:66.000)-(t:7.367-v:65.000)-(t:7.379-v:64.000)-(t:7.387-v:63.000)-(t:7.410-v:62.000)-(t:7.418-v:61.000)-(t:7.427-v:59.000)-(t:7.435-v:58.000)-(t:7.445-v:57.000)-(t:7.453-v:55.000)-(t:7.461-v:54.000)-(t:7.469-v:53.000)-(t:7.477-v:52.000)-(t:7.486-v:51.000)-(t:7.508-v:50.000)-(t:7.516-v:49.000)-(t:7.525-v:48.000)-(t:7.536-v:47.000)-(t:7.544-v:46.000)-(t:7.552-v:45.000)-(t:7.561-v:44.000)-(t:7.575-v:43.000)-(t:7.584-v:41.000)-(t:7.599-v:40.000)-(t:7.612-v:39.000)-(t:7.622-v:38.000)-(t:7.633-v:37.000)-(t:7.652-v:36.000)-(t:7.659-v:35.000)-(t:7.693-v:34.000)-(t:7.703-v:33.000)-(t:7.713-v:32.000)-(t:7.722-v:31.000)-(t:7.739-v:30.000)-(t:7.762-v:29.000)-(t:7.773-v:28.000)-(t:7.811-v:27.000)-(t:7.848-v:26.000)-(t:7.859-v:25.000)-(t:7.876-v:24.000)-(t:7.943-v:23.000)-(t:7.954-v:22.000)-(t:7.969-v:21.000)-(t:8.032-v:20.000)-(t:8.062-v:19.000)-(t:8.074-v:18.000)-(t:8.084-v:17.000)-(t:8.094-v:16.000)-(t:8.106-v:15.000)-(t:8.129-v:14.000)-(t:8.140-v:13.000)-(t:8.148-v:12.000)-(t:8.160-v:11.000)-(t:8.166-v:10.000)-(t:8.180-v:9.000)-(t:8.201-v:8.000)-(t:8.211-v:7.000)-(t:8.270-v:6.000)-(t:12.523-v:5.000)-(t:16.495-v:4.000)-(t:18.196-v:3.000)-(t:18.279-v:2.000)-(t:32.379-v:1.000)-(t:286.060-v:0.000)],286.060
examples/csp/csp_100/carseq_100_8_20_86.txt,dqn,300,1,[(t:7.155-v:145.000)-(t:7.192-v:142.000)-(t:7.200-v:139.000)-(t:7.215-v:138.000)-(t:7.224-v:133.000)-(t:7.233-v:131.000)-(t:7.241-v:130.000)-(t:7.252-v:129.000)-(t:7.261-v:128.000)-(t:7.269-v:123.000)-(t:7.278-v:122.000)-(t:7.286-v:121.000)-(t:7.294-v:119.000)-(t:7.302-v:118.000)-(t:7.311-v:117.000)-(t:7.319-v:116.000)-(t:7.327-v:111.000)-(t:7.335-v:109.000)-(t:7.346-v:107.000)-(t:7.363-v:106.000)-(t:7.374-v:105.000)-(t:7.383-v:104.000)-(t:7.397-v:102.000)-(t:7.404-v:101.000)-(t:7.413-v:97.000)-(t:7.423-v:95.000)-(t:7.431-v:94.000)-(t:7.438-v:93.000)-(t:7.446-v:92.000)-(t:7.454-v:91.000)-(t:7.462-v:90.000)-(t:7.471-v:87.000)-(t:7.480-v:86.000)-(t:7.488-v:85.000)-(t:7.500-v:84.000)-(t:7.508-v:83.000)-(t:7.516-v:81.000)-(t:7.525-v:80.000)-(t:7.532-v:78.000)-(t:7.543-v:77.000)-(t:7.552-v:75.000)-(t:7.560-v:74.000)-(t:7.568-v:70.000)-(t:7.577-v:69.000)-(t:7.585-v:67.000)-(t:7.593-v:65.000)-(t:7.601-v:63.000)-(t:7.609-v:61.000)-(t:7.621-v:59.000)-(t:7.633-v:58.000)-(t:7.641-v:57.000)-(t:7.649-v:56.000)-(t:7.656-v:55.000)-(t:7.664-v:54.000)-(t:7.671-v:52.000)-(t:7.683-v:51.000)-(t:7.690-v:49.000)-(t:7.698-v:48.000)-(t:7.705-v:47.000)-(t:7.711-v:46.000)-(t:7.719-v:45.000)-(t:7.729-v:43.000)-(t:7.750-v:42.000)-(t:7.771-v:41.000)-(t:7.788-v:40.000)-(t:7.797-v:39.000)-(t:7.817-v:38.000)-(t:7.826-v:36.000)-(t:7.842-v:35.000)-(t:7.850-v:34.000)-(t:7.860-v:33.000)-(t:7.867-v:32.000)-(t:7.874-v:31.000)-(t:7.887-v:30.000)-(t:7.893-v:29.000)-(t:7.915-v:28.000)-(t:7.938-v:27.000)-(t:7.988-v:26.000)-(t:8.003-v:25.000)-(t:8.100-v:24.000)-(t:8.109-v:23.000)-(t:8.119-v:22.000)-(t:8.125-v:21.000)-(t:8.135-v:20.000)-(t:8.148-v:19.000)-(t:8.156-v:18.000)-(t:8.170-v:17.000)-(t:8.176-v:16.000)-(t:8.183-v:14.000)-(t:8.199-v:13.000)-(t:8.211-v:12.000)-(t:8.239-v:11.000)-(t:8.303-v:10.000)-(t:8.316-v:9.000)-(t:8.343-v:8.000)-(t:8.353-v:7.000)-(t:13.720-v:6.000)-(t:25.762-v:5.000)-(t:33.765-v:4.000)-(t:43.573-v:3.000)-(t:50.406-v:2.000)-(t:290.250-v:1.000)],300.000
examples/csp/csp_300/pb_300_06.txt,dqn,300,,,
examples/csp/csp_300/pb_300_07.txt,dqn,300,,,
examples/csp/csp_300/pb_300_08.txt,dqn,300,,,
examples/csp/csp_100/carseq_100_8_20_98.txt,dqn,300,1,[(t:7.334-v:130.000)-(t:7.347-v:127.000)-(t:7.356-v:125.000)-(t:7.379-v:124.000)-(t:7.387-v:123.000)-(t:7.396-v:121.000)-(t:7.416-v:115.000)-(t:7.426-v:113.000)-(t:7.437-v:112.000)-(t:7.446-v:111.000)-(t:7.455-v:110.000)-(t:7.464-v:108.000)-(t:7.472-v:106.000)-(t:7.483-v:104.000)-(t:7.491-v:102.000)-(t:7.500-v:101.000)-(t:7.507-v:100.000)-(t:7.512-v:99.000)-(t:7.524-v:98.000)-(t:7.531-v:97.000)-(t:7.538-v:94.000)-(t:7.545-v:93.000)-(t:7.551-v:90.000)-(t:7.557-v:89.000)-(t:7.572-v:88.000)-(t:7.579-v:85.000)-(t:7.588-v:84.000)-(t:7.599-v:83.000)-(t:7.606-v:81.000)-(t:7.613-v:74.000)-(t:7.626-v:73.000)-(t:7.638-v:72.000)-(t:7.646-v:70.000)-(t:7.656-v:69.000)-(t:7.667-v:68.000)-(t:7.676-v:67.000)-(t:7.684-v:66.000)-(t:7.694-v:65.000)-(t:7.706-v:64.000)-(t:7.721-v:62.000)-(t:7.730-v:59.000)-(t:7.741-v:58.000)-(t:7.749-v:57.000)-(t:7.757-v:56.000)-(t:7.771-v:55.000)-(t:7.785-v:54.000)-(t:7.793-v:52.000)-(t:7.801-v:51.000)-(t:7.810-v:50.000)-(t:7.822-v:49.000)-(t:7.830-v:48.000)-(t:7.839-v:47.000)-(t:7.848-v:46.000)-(t:7.857-v:45.000)-(t:7.869-v:44.000)-(t:7.879-v:43.000)-(t:7.888-v:42.000)-(t:7.897-v:41.000)-(t:7.907-v:40.000)-(t:7.935-v:39.000)-(t:7.943-v:38.000)-(t:7.953-v:36.000)-(t:7.964-v:35.000)-(t:7.975-v:34.000)-(t:7.983-v:33.000)-(t:8.002-v:32.000)-(t:8.012-v:30.000)-(t:8.024-v:29.000)-(t:8.031-v:28.000)-(t:8.052-v:27.000)-(t:8.060-v:26.000)-(t:8.096-v:25.000)-(t:8.117-v:24.000)-(t:8.130-v:23.000)-(t:8.155-v:22.000)-(t:8.183-v:21.000)-(t:8.194-v:20.000)-(t:8.210-v:19.000)-(t:8.245-v:18.000)-(t:8.275-v:17.000)-(t:8.282-v:16.000)-(t:8.342-v:15.000)-(t:8.389-v:14.000)-(t:8.396-v:13.000)-(t:8.406-v:12.000)-(t:8.415-v:11.000)-(t:8.429-v:10.000)-(t:8.446-v:9.000)-(t:8.470-v:8.000)-(t:9.565-v:7.000)-(t:12.323-v:6.000)-(t:12.411-v:5.000)-(t:20.886-v:4.000)-(t:36.754-v:3.000)-(t:37.114-v:2.000)-(t:55.761-v:1.000)],300.000
examples/csp/csp_100/carseq_100_8_20_99.txt,dqn,300,1,[(t:7.109-v:143.000)-(t:7.125-v:138.000)-(t:7.144-v:137.000)-(t:7.155-v:136.000)-(t:7.164-v:133.000)-(t:7.187-v:128.000)-(t:7.193-v:127.000)-(t:7.206-v:125.000)-(t:7.218-v:123.000)-(t:7.229-v:122.000)-(t:7.239-v:121.000)-(t:7.247-v:119.000)-(t:7.256-v:117.000)-(t:7.265-v:115.000)-(t:7.276-v:112.000)-(t:7.288-v:111.000)-(t:7.300-v:109.000)-(t:7.311-v:108.000)-(t:7.323-v:107.000)-(t:7.335-v:106.000)-(t:7.343-v:105.000)-(t:7.353-v:104.000)-(t:7.366-v:103.000)-(t:7.377-v:102.000)-(t:7.387-v:101.000)-(t:7.392-v:100.000)-(t:7.404-v:96.000)-(t:7.414-v:95.000)-(t:7.425-v:92.000)-(t:7.436-v:91.000)-(t:7.445-v:89.000)-(t:7.457-v:87.000)-(t:7.468-v:85.000)-(t:7.479-v:84.000)-(t:7.490-v:82.000)-(t:7.499-v:81.000)-(t:7.505-v:80.000)-(t:7.511-v:78.000)-(t:7.517-v:77.000)-(t:7.524-v:76.000)-(t:7.534-v:75.000)-(t:7.543-v:74.000)-(t:7.555-v:73.000)-(t:7.565-v:71.000)-(t:7.574-v:69.000)-(t:7.580-v:68.000)-(t:7.590-v:66.000)-(t:7.600-v:65.000)-(t:7.611-v:63.000)-(t:7.622-v:62.000)-(t:7.628-v:61.000)-(t:7.638-v:59.000)-(t:7.648-v:58.000)-(t:7.659-v:55.000)-(t:7.668-v:53.000)-(t:7.676-v:52.000)-(t:7.681-v:51.000)-(t:7.692-v:50.000)-(t:7.701-v:49.000)-(t:7.712-v:48.000)-(t:7.722-v:47.000)-(t:7.727-v:46.000)-(t:7.738-v:45.000)-(t:7.748-v:43.000)-(t:7.758-v:42.000)-(t:7.769-v:41.000)-(t:7.777-v:40.000)-(t:7.790-v:39.000)-(t:7.802-v:38.000)-(t:7.814-v:37.000)-(t:7.828-v:35.000)-(t:7.846-v:33.000)-(t:7.859-v:32.000)-(t:7.869-v:31.000)-(t:7.874-v:30.000)-(t:7.884-v:29.000)-(t:7.895-v:28.000)-(t:7.907-v:27.000)-(t:7.975-v:26.000)-(t:7.997-v:25.000)-(t:8.028-v:24.000)-(t:8.051-v:22.000)-(t:8.059-v:21.000)-(t:8.077-v:20.000)-(t:8.094-v:19.000)-(t:8.099-v:18.000)-(t:8.118-v:17.000)-(t:8.128-v:16.000)-(t:8.220-v:15.000)-(t:8.230-v:14.000)-(t:8.241-v:13.000)-(t:8.257-v:12.000)-(t:8.275-v:11.000)-(t:8.290-v:10.000)-(t:9.952-v:9.000)-(t:10.108-v:8.000)-(t:14.635-v:7.000)-(t:21.676-v:6.000)-(t:25.535-v:5.000)-(t:27.284-v:4.000)-(t:27.772-v:2.000)-(t:74.330-v:1.000)],300.000
examples/csp/csp_100/carseq_100_8_20_62.txt,dqn,300,0,[(t:5.370-v:132.000)-(t:5.384-v:129.000)-(t:5.398-v:127.000)-(t:5.406-v:126.000)-(t:5.432-v:123.000)-(t:5.441-v:120.000)-(t:5.452-v:119.000)-(t:5.461-v:118.000)-(t:5.471-v:117.000)-(t:5.480-v:116.000)-(t:5.489-v:115.000)-(t:5.502-v:112.000)-(t:5.510-v:111.000)-(t:5.520-v:110.000)-(t:5.532-v:109.000)-(t:5.545-v:108.000)-(t:5.557-v:107.000)-(t:5.571-v:105.000)-(t:5.581-v:103.000)-(t:5.596-v:102.000)-(t:5.604-v:101.000)-(t:5.613-v:100.000)-(t:5.621-v:99.000)-(t:5.628-v:98.000)-(t:5.635-v:96.000)-(t:5.642-v:95.000)-(t:5.649-v:92.000)-(t:5.655-v:90.000)-(t:5.661-v:89.000)-(t:5.667-v:88.000)-(t:5.674-v:87.000)-(t:5.686-v:85.000)-(t:5.694-v:83.000)-(t:5.701-v:80.000)-(t:5.709-v:79.000)-(t:5.723-v:78.000)-(t:5.729-v:77.000)-(t:5.740-v:76.000)-(t:5.747-v:75.000)-(t:5.753-v:74.000)-(t:5.760-v:73.000)-(t:5.769-v:72.000)-(t:5.775-v:70.000)-(t:5.784-v:68.000)-(t:5.792-v:67.000)-(t:5.800-v:65.000)-(t:5.806-v:64.000)-(t:5.815-v:63.000)-(t:5.821-v:62.000)-(t:5.827-v:61.000)-(t:5.834-v:60.000)-(t:5.839-v:59.000)-(t:5.846-v:58.000)-(t:5.852-v:57.000)-(t:5.857-v:56.000)-(t:5.863-v:54.000)-(t:5.869-v:53.000)-(t:5.889-v:51.000)-(t:5.895-v:49.000)-(t:5.913-v:48.000)-(t:5.919-v:47.000)-(t:5.926-v:46.000)-(t:5.934-v:45.000)-(t:5.945-v:44.000)-(t:5.953-v:43.000)-(t:5.960-v:42.000)-(t:5.966-v:40.000)-(t:5.972-v:39.000)-(t:5.981-v:38.000)-(t:6.032-v:37.000)-(t:6.040-v:36.000)-(t:6.046-v:35.000)-(t:6.053-v:34.000)-(t:6.062-v:33.000)-(t:6.069-v:32.000)-(t:6.077-v:31.000)-(t:6.094-v:29.000)-(t:6.101-v:28.000)-(t:6.118-v:27.000)-(t:6.160-v:26.000)-(t:6.168-v:25.000)-(t:6.179-v:24.000)-(t:6.196-v:23.000)-(t:6.205-v:22.000)-(t:6.216-v:21.000)-(t:6.224-v:20.000)-(t:6.247-v:19.000)-(t:6.273-v:18.000)-(t:6.330-v:17.000)-(t:6.342-v:16.000)-(t:6.375-v:15.000)-(t:6.424-v:14.000)-(t:6.443-v:13.000)-(t:6.454-v:12.000)-(t:6.465-v:11.000)-(t:6.476-v:10.000)-(t:6.496-v:9.000)-(t:6.510-v:8.000)-(t:6.521-v:7.000)-(t:6.625-v:6.000)-(t:6.762-v:5.000)-(t:6.848-v:4.000)-(t:8.079-v:3.000)-(t:8.183-v:2.000)-(t:11.582-v:1.000)-(t:17.888-v:0.000)],17.888
examples/csp/csp_100/4-72.txt,dqn,300,0,[(t:5.578-v:113.000)-(t:5.586-v:111.000)-(t:5.606-v:110.000)-(t:5.631-v:107.000)-(t:5.640-v:105.000)-(t:5.655-v:102.000)-(t:5.663-v:100.000)-(t:5.671-v:92.000)-(t:5.680-v:90.000)-(t:5.689-v:86.000)-(t:5.700-v:82.000)-(t:5.708-v:81.000)-(t:5.721-v:79.000)-(t:5.733-v:76.000)-(t:5.748-v:75.000)-(t:5.759-v:72.000)-(t:5.772-v:70.000)-(t:5.785-v:69.000)-(t:5.801-v:68.000)-(t:5.809-v:67.000)-(t:5.816-v:66.000)-(t:5.825-v:65.000)-(t:5.831-v:64.000)-(t:5.838-v:62.000)-(t:5.844-v:61.000)-(t:5.851-v:60.000)-(t:5.858-v:59.000)-(t:5.865-v:55.000)-(t:5.871-v:53.000)-(t:5.877-v:52.000)-(t:5.884-v:51.000)-(t:5.890-v:50.000)-(t:5.897-v:49.000)-(t:5.910-v:48.000)-(t:5.917-v:46.000)-(t:5.926-v:45.000)-(t:5.935-v:44.000)-(t:5.943-v:43.000)-(t:5.953-v:42.000)-(t:5.960-v:41.000)-(t:5.972-v:40.000)-(t:5.978-v:39.000)-(t:5.994-v:38.000)-(t:6.002-v:37.000)-(t:6.008-v:36.000)-(t:6.016-v:35.000)-(t:6.025-v:34.000)-(t:6.033-v:33.000)-(t:6.040-v:32.000)-(t:6.048-v:30.000)-(t:6.055-v:29.000)-(t:6.062-v:28.000)-(t:6.070-v:27.000)-(t:6.077-v:26.000)-(t:6.085-v:25.000)-(t:6.095-v:24.000)-(t:6.103-v:23.000)-(t:6.120-v:22.000)-(t:6.126-v:21.000)-(t:6.143-v:20.000)-(t:6.149-v:19.000)-(t:6.159-v:18.000)-(t:6.210-v:17.000)-(t:6.217-v:16.000)-(t:6.230-v:15.000)-(t:6.240-v:14.000)-(t:6.301-v:13.000)-(t:6.320-v:12.000)-(t:6.338-v:11.000)-(t:6.399-v:10.000)-(t:6.424-v:9.000)-(t:6.436-v:8.000)-(t:9.644-v:7.000)-(t:10.178-v:6.000)-(t:15.578-v:5.000)-(t:15.921-v:4.000)-(t:16.098-v:3.000)-(t:27.263-v:2.000)-(t:31.894-v:1.000)-(t:39.723-v:0.000)],39.723
examples/csp/csp_100/carseq_100_8_20_64.txt,dqn,300,0,[(t:6.159-v:129.000)-(t:6.172-v:128.000)-(t:6.187-v:127.000)-(t:6.193-v:126.000)-(t:6.203-v:124.000)-(t:6.209-v:123.000)-(t:6.216-v:120.000)-(t:6.223-v:119.000)-(t:6.230-v:116.000)-(t:6.237-v:112.000)-(t:6.244-v:110.000)-(t:6.255-v:109.000)-(t:6.264-v:108.000)-(t:6.270-v:107.000)-(t:6.277-v:104.000)-(t:6.286-v:103.000)-(t:6.292-v:102.000)-(t:6.299-v:101.000)-(t:6.305-v:99.000)-(t:6.310-v:97.000)-(t:6.316-v:96.000)-(t:6.322-v:95.000)-(t:6.328-v:94.000)-(t:6.334-v:92.000)-(t:6.340-v:91.000)-(t:6.345-v:90.000)-(t:6.351-v:89.000)-(t:6.355-v:88.000)-(t:6.361-v:87.000)-(t:6.366-v:86.000)-(t:6.373-v:82.000)-(t:6.380-v:81.000)-(t:6.385-v:79.000)-(t:6.392-v:74.000)-(t:6.398-v:73.000)-(t:6.409-v:72.000)-(t:6.415-v:70.000)-(t:6.422-v:69.000)-(t:6.429-v:68.000)-(t:6.437-v:67.000)-(t:6.443-v:66.000)-(t:6.449-v:65.000)-(t:6.457-v:64.000)-(t:6.463-v:63.000)-(t:6.470-v:62.000)-(t:6.477-v:61.000)-(t:6.488-v:60.000)-(t:6.495-v:59.000)-(t:6.503-v:58.000)-(t:6.510-v:57.000)-(t:6.525-v:56.000)-(t:6.531-v:54.000)-(t:6.537-v:53.000)-(t:6.547-v:52.000)-(t:6.554-v:51.000)-(t:6.560-v:50.000)-(t:6.568-v:48.000)-(t:6.574-v:47.000)-(t:6.582-v:46.000)-(t:6.597-v:45.000)-(t:6.605-v:44.000)-(t:6.619-v:42.000)-(t:6.630-v:41.000)-(t:6.637-v:40.000)-(t:6.665-v:39.000)-(t:6.671-v:37.000)-(t:6.679-v:36.000)-(t:6.684-v:34.000)-(t:6.690-v:33.000)-(t:6.700-v:32.000)-(t:6.705-v:31.000)-(t:6.712-v:30.000)-(t:6.718-v:29.000)-(t:6.741-v:28.000)-(t:6.748-v:27.000)-(t:6.755-v:26.000)-(t:6.771-v:25.000)-(t:6.778-v:24.000)-(t:6.786-v:23.000)-(t:6.802-v:22.000)-(t:6.809-v:21.000)-(t:6.827-v:20.000)-(t:6.836-v:19.000)-(t:6.893-v:18.000)-(t:6.908-v:17.000)-(t:6.918-v:16.000)-(t:6.926-v:15.000)-(t:6.978-v:14.000)-(t:7.003-v:13.000)-(t:7.020-v:12.000)-(t:7.068-v:11.000)-(t:9.350-v:9.000)-(t:9.449-v:8.000)-(t:9.532-v:7.000)-(t:9.753-v:6.000)-(t:9.832-v:5.000)-(t:17.264-v:4.000)-(t:17.538-v:3.000)-(t:23.986-v:2.000)-(t:24.152-v:1.000)-(t:32.995-v:0.000)],32.995
examples/csp/csp_100/16-81.txt,dqn,300,1,[(t:7.269-v:150.000)-(t:7.281-v:149.000)-(t:7.299-v:148.000)-(t:7.307-v:147.000)-(t:7.315-v:140.000)-(t:7.325-v:135.000)-(t:7.349-v:134.000)-(t:7.358-v:131.000)-(t:7.367-v:130.000)-(t:7.376-v:129.000)-(t:7.387-v:128.000)-(t:7.396-v:127.000)-(t:7.404-v:126.000)-(t:7.414-v:122.000)-(t:7.423-v:120.000)-(t:7.434-v:119.000)-(t:7.442-v:118.000)-(t:7.452-v:116.000)-(t:7.461-v:115.000)-(t:7.473-v:114.000)-(t:7.483-v:112.000)-(t:7.492-v:111.000)-(t:7.500-v:110.000)-(t:7.508-v:109.000)-(t:7.517-v:104.000)-(t:7.526-v:103.000)-(t:7.534-v:102.000)-(t:7.542-v:99.000)-(t:7.554-v:98.000)-(t:7.564-v:97.000)-(t:7.573-v:96.000)-(t:7.581-v:93.000)-(t:7.593-v:90.000)-(t:7.603-v:87.000)-(t:7.612-v:86.000)-(t:7.620-v:85.000)-(t:7.628-v:84.000)-(t:7.635-v:83.000)-(t:7.654-v:81.000)-(t:7.662-v:80.000)-(t:7.670-v:79.000)-(t:7.678-v:78.000)-(t:7.687-v:77.000)-(t:7.697-v:76.000)-(t:7.705-v:72.000)-(t:7.713-v:70.000)-(t:7.722-v:69.000)-(t:7.730-v:68.000)-(t:7.738-v:67.000)-(t:7.745-v:66.000)-(t:7.754-v:65.000)-(t:7.762-v:64.000)-(t:7.769-v:63.000)-(t:7.777-v:59.000)-(t:7.784-v:58.000)-(t:7.792-v:57.000)-(t:7.801-v:56.000)-(t:7.809-v:55.000)-(t:7.817-v:54.000)-(t:7.825-v:53.000)-(t:7.840-v:50.000)-(t:7.849-v:49.000)-(t:7.863-v:48.000)-(t:7.872-v:47.000)-(t:7.882-v:46.000)-(t:7.890-v:44.000)-(t:7.903-v:43.000)-(t:7.911-v:42.000)-(t:7.920-v:41.000)-(t:7.929-v:40.000)-(t:7.937-v:39.000)-(t:7.970-v:38.000)-(t:7.978-v:37.000)-(t:7.988-v:35.000)-(t:8.041-v:34.000)-(t:8.072-v:33.000)-(t:8.082-v:32.000)-(t:8.093-v:31.000)-(t:8.105-v:30.000)-(t:8.115-v:27.000)-(t:8.127-v:26.000)-(t:8.160-v:25.000)-(t:8.189-v:24.000)-(t:8.201-v:23.000)-(t:8.218-v:22.000)-(t:8.229-v:21.000)-(t:8.242-v:20.000)-(t:8.321-v:19.000)-(t:8.336-v:18.000)-(t:8.346-v:17.000)-(t:8.390-v:15.000)-(t:8.417-v:14.000)-(t:8.429-v:13.000)-(t:8.770-v:12.000)-(t:8.799-v:11.000)-(t:9.003-v:10.000)-(t:9.249-v:9.000)-(t:15.399-v:8.000)-(t:36.846-v:7.000)-(t:53.857-v:6.000)-(t:57.668-v:5.000)-(t:166.799-v:4.000)-(t:180.690-v:3.000)-(t:199.677-v:2.000)-(t:213.747-v:1.000)],300.000
examples/csp/csp_100/21-90.txt,dqn,300,2,[(t:6.689-v:146.000)-(t:6.704-v:143.000)-(t:6.713-v:142.000)-(t:6.730-v:135.000)-(t:6.755-v:134.000)-(t:6.765-v:127.000)-(t:6.775-v:122.000)-(t:6.787-v:121.000)-(t:6.797-v:117.000)-(t:6.807-v:114.000)-(t:6.815-v:112.000)-(t:6.826-v:111.000)-(t:6.838-v:110.000)-(t:6.847-v:109.000)-(t:6.855-v:108.000)-(t:6.864-v:107.000)-(t:6.877-v:105.000)-(t:6.888-v:104.000)-(t:6.897-v:101.000)-(t:6.907-v:100.000)-(t:6.916-v:99.000)-(t:6.926-v:98.000)-(t:6.934-v:95.000)-(t:6.943-v:92.000)-(t:6.951-v:91.000)-(t:6.960-v:90.000)-(t:6.969-v:89.000)-(t:6.978-v:87.000)-(t:6.987-v:84.000)-(t:6.996-v:83.000)-(t:7.008-v:81.000)-(t:7.023-v:80.000)-(t:7.032-v:79.000)-(t:7.041-v:77.000)-(t:7.049-v:76.000)-(t:7.059-v:75.000)-(t:7.069-v:73.000)-(t:7.079-v:72.000)-(t:7.088-v:68.000)-(t:7.097-v:67.000)-(t:7.107-v:66.000)-(t:7.119-v:63.000)-(t:7.128-v:62.000)-(t:7.138-v:60.000)-(t:7.147-v:59.000)-(t:7.157-v:58.000)-(t:7.166-v:57.000)-(t:7.181-v:56.000)-(t:7.190-v:55.000)-(t:7.198-v:53.000)-(t:7.216-v:52.000)-(t:7.225-v:51.000)-(t:7.234-v:50.000)-(t:7.249-v:49.000)-(t:7.258-v:48.000)-(t:7.266-v:47.000)-(t:7.279-v:46.000)-(t:7.288-v:45.000)-(t:7.298-v:43.000)-(t:7.306-v:42.000)-(t:7.315-v:41.000)-(t:7.324-v:40.000)-(t:7.334-v:39.000)-(t:7.344-v:38.000)-(t:7.352-v:37.000)-(t:7.366-v:36.000)-(t:7.374-v:35.000)-(t:7.382-v:34.000)-(t:7.390-v:33.000)-(t:7.402-v:32.000)-(t:7.412-v:31.000)-(t:7.421-v:30.000)-(t:7.450-v:29.000)-(t:7.460-v:27.000)-(t:7.471-v:26.000)-(t:7.484-v:25.000)-(t:7.503-v:24.000)-(t:7.533-v:23.000)-(t:7.550-v:22.000)-(t:7.567-v:21.000)-(t:7.580-v:20.000)-(t:7.624-v:19.000)-(t:7.635-v:18.000)-(t:7.651-v:17.000)-(t:7.726-v:16.000)-(t:7.780-v:15.000)-(t:7.798-v:14.000)-(t:7.845-v:13.000)-(t:7.865-v:12.000)-(t:7.886-v:11.000)-(t:8.234-v:10.000)-(t:8.252-v:9.000)-(t:13.962-v:8.000)-(t:20.570-v:7.000)-(t:26.754-v:6.000)-(t:27.296-v:5.000)-(t:31.112-v:4.000)-(t:35.412-v:3.000)-(t:98.932-v:2.000)],47.900
examples/csp/csp_100/36-92.txt,dqn,300,2,[(t:6.140-v:124.000)-(t:6.149-v:123.000)-(t:6.162-v:119.000)-(t:6.169-v:117.000)-(t:6.180-v:112.000)-(t:6.194-v:110.000)-(t:6.204-v:108.000)-(t:6.214-v:106.000)-(t:6.222-v:104.000)-(t:6.230-v:98.000)-(t:6.237-v:97.000)-(t:6.245-v:95.000)-(t:6.260-v:93.000)-(t:6.267-v:90.000)-(t:6.275-v:88.000)-(t:6.284-v:87.000)-(t:6.293-v:83.000)-(t:6.301-v:82.000)-(t:6.309-v:81.000)-(t:6.318-v:80.000)-(t:6.326-v:79.000)-(t:6.335-v:77.000)-(t:6.343-v:76.000)-(t:6.356-v:75.000)-(t:6.364-v:74.000)-(t:6.371-v:72.000)-(t:6.380-v:71.000)-(t:6.387-v:69.000)-(t:6.395-v:68.000)-(t:6.403-v:67.000)-(t:6.410-v:66.000)-(t:6.419-v:65.000)-(t:6.427-v:64.000)-(t:6.481-v:63.000)-(t:6.524-v:62.000)-(t:6.532-v:61.000)-(t:6.541-v:60.000)-(t:6.551-v:59.000)-(t:6.560-v:58.000)-(t:6.570-v:57.000)-(t:6.580-v:55.000)-(t:6.589-v:54.000)-(t:6.598-v:53.000)-(t:6.608-v:52.000)-(t:6.618-v:50.000)-(t:6.628-v:48.000)-(t:6.639-v:47.000)-(t:6.648-v:46.000)-(t:6.657-v:44.000)-(t:6.666-v:43.000)-(t:6.682-v:42.000)-(t:6.691-v:41.000)-(t:6.701-v:40.000)-(t:6.712-v:38.000)-(t:6.728-v:37.000)-(t:6.741-v:36.000)-(t:6.750-v:35.000)-(t:6.759-v:34.000)-(t:6.769-v:33.000)-(t:6.777-v:32.000)-(t:6.799-v:31.000)-(t:6.807-v:30.000)-(t:6.819-v:29.000)-(t:6.829-v:28.000)-(t:6.839-v:27.000)-(t:6.892-v:26.000)-(t:6.923-v:25.000)-(t:6.937-v:24.000)-(t:6.946-v:23.000)-(t:6.957-v:22.000)-(t:6.970-v:21.000)-(t:6.991-v:20.000)-(t:7.015-v:19.000)-(t:7.046-v:18.000)-(t:7.057-v:17.000)-(t:7.069-v:15.000)-(t:7.122-v:14.000)-(t:7.156-v:13.000)-(t:7.170-v:12.000)-(t:7.187-v:11.000)-(t:7.203-v:10.000)-(t:7.222-v:9.000)-(t:27.438-v:8.000)-(t:27.799-v:7.000)-(t:40.812-v:6.000)-(t:40.985-v:5.000)-(t:41.172-v:4.000)-(t:47.851-v:3.000)-(t:96.926-v:2.000)],52.367
examples/csp/csp_100/6-76.txt,dqn,300,6,[(t:5.973-v:100.000)-(t:5.985-v:99.000)-(t:5.993-v:93.000)-(t:6.003-v:91.000)-(t:6.011-v:88.000)-(t:6.028-v:86.000)-(t:6.050-v:84.000)-(t:6.061-v:83.000)-(t:6.069-v:80.000)-(t:6.085-v:79.000)-(t:6.097-v:78.000)-(t:6.106-v:74.000)-(t:6.119-v:73.000)-(t:6.135-v:72.000)-(t:6.148-v:71.000)-(t:6.162-v:68.000)-(t:6.169-v:66.000)-(t:6.185-v:65.000)-(t:6.200-v:64.000)-(t:6.211-v:63.000)-(t:6.219-v:61.000)-(t:6.227-v:60.000)-(t:6.236-v:59.000)-(t:6.245-v:58.000)-(t:6.254-v:56.000)-(t:6.263-v:53.000)-(t:6.271-v:52.000)-(t:6.279-v:51.000)-(t:6.294-v:50.000)-(t:6.303-v:48.000)-(t:6.311-v:46.000)-(t:6.321-v:45.000)-(t:6.342-v:44.000)-(t:6.352-v:42.000)-(t:6.360-v:41.000)-(t:6.369-v:40.000)-(t:6.377-v:39.000)-(t:6.385-v:38.000)-(t:6.398-v:36.000)-(t:6.408-v:34.000)-(t:6.416-v:33.000)-(t:6.425-v:32.000)-(t:6.433-v:31.000)-(t:6.448-v:30.000)-(t:6.457-v:29.000)-(t:6.471-v:28.000)-(t:6.480-v:27.000)-(t:6.492-v:26.000)-(t:6.501-v:25.000)-(t:6.510-v:24.000)-(t:6.528-v:23.000)-(t:6.537-v:22.000)-(t:6.550-v:21.000)-(t:6.558-v:20.000)-(t:6.578-v:19.000)-(t:6.608-v:18.000)-(t:6.618-v:16.000)-(t:6.627-v:15.000)-(t:6.640-v:14.000)-(t:6.650-v:12.000)-(t:6.726-v:11.000)-(t:6.747-v:10.000)-(t:6.771-v:9.000)-(t:6.835-v:8.000)-(t:7.238-v:7.000)-(t:7.448-v:6.000)],6.750
examples/csp/csp_100/carseq_100_8_20_73.txt,dqn,300,0,[(t:6.510-v:111.000)-(t:6.517-v:110.000)-(t:6.537-v:108.000)-(t:6.545-v:105.000)-(t:6.560-v:104.000)-(t:6.567-v:103.000)-(t:6.578-v:102.000)-(t:6.589-v:100.000)-(t:6.604-v:98.000)-(t:6.613-v:97.000)-(t:6.621-v:96.000)-(t:6.632-v:95.000)-(t:6.639-v:93.000)-(t:6.647-v:91.000)-(t:6.656-v:90.000)-(t:6.663-v:89.000)-(t:6.671-v:86.000)-(t:6.679-v:84.000)-(t:6.687-v:83.000)-(t:6.694-v:82.000)-(t:6.702-v:81.000)-(t:6.709-v:80.000)-(t:6.716-v:77.000)-(t:6.723-v:76.000)-(t:6.729-v:75.000)-(t:6.737-v:74.000)-(t:6.745-v:72.000)-(t:6.752-v:71.000)-(t:6.760-v:70.000)-(t:6.767-v:69.000)-(t:6.777-v:67.000)-(t:6.785-v:66.000)-(t:6.792-v:64.000)-(t:6.798-v:63.000)-(t:6.805-v:62.000)-(t:6.812-v:61.000)-(t:6.819-v:59.000)-(t:6.826-v:58.000)-(t:6.833-v:57.000)-(t:6.840-v:56.000)-(t:6.846-v:55.000)-(t:6.853-v:54.000)-(t:6.860-v:53.000)-(t:6.866-v:52.000)-(t:6.874-v:50.000)-(t:6.881-v:49.000)-(t:6.888-v:48.000)-(t:6.895-v:47.000)-(t:6.902-v:46.000)-(t:6.907-v:45.000)-(t:6.913-v:44.000)-(t:6.920-v:43.000)-(t:6.925-v:42.000)-(t:6.931-v:41.000)-(t:6.936-v:40.000)-(t:6.943-v:39.000)-(t:6.949-v:38.000)-(t:6.955-v:37.000)-(t:6.960-v:36.000)-(t:6.965-v:35.000)-(t:6.971-v:34.000)-(t:6.977-v:33.000)-(t:6.983-v:32.000)-(t:6.989-v:31.000)-(t:6.996-v:30.000)-(t:7.002-v:29.000)-(t:7.016-v:28.000)-(t:7.022-v:27.000)-(t:7.030-v:26.000)-(t:7.042-v:24.000)-(t:7.049-v:23.000)-(t:7.054-v:22.000)-(t:7.065-v:21.000)-(t:7.073-v:20.000)-(t:7.093-v:19.000)-(t:7.124-v:18.000)-(t:7.156-v:17.000)-(t:7.166-v:16.000)-(t:7.171-v:15.000)-(t:7.240-v:14.000)-(t:7.255-v:13.000)-(t:7.271-v:12.000)-(t:7.278-v:11.000)-(t:7.299-v:10.000)-(t:7.309-v:9.000)-(t:7.356-v:8.000)-(t:7.391-v:7.000)-(t:7.398-v:6.000)-(t:7.407-v:5.000)-(t:7.421-v:4.000)-(t:7.430-v:3.000)-(t:7.691-v:2.000)-(t:8.171-v:1.000)-(t:20.425-v:0.000)],20.425
examples/csp/csp_100/carseq_100_8_20_77.txt,dqn,300,0,[(t:9.599-v:103.000)-(t:9.619-v:101.000)-(t:9.625-v:100.000)-(t:9.638-v:99.000)-(t:9.652-v:98.000)-(t:9.661-v:96.000)-(t:9.668-v:95.000)-(t:9.678-v:93.000)-(t:9.686-v:92.000)-(t:9.695-v:91.000)-(t:9.703-v:90.000)-(t:9.710-v:86.000)-(t:9.730-v:85.000)-(t:9.737-v:84.000)-(t:9.744-v:83.000)-(t:9.753-v:82.000)-(t:9.760-v:81.000)-(t:9.766-v:80.000)-(t:9.771-v:79.000)-(t:9.777-v:78.000)-(t:9.782-v:77.000)-(t:9.786-v:76.000)-(t:9.794-v:75.000)-(t:9.799-v:74.000)-(t:9.806-v:73.000)-(t:9.814-v:72.000)-(t:9.821-v:71.000)-(t:9.827-v:69.000)-(t:9.832-v:68.000)-(t:9.837-v:67.000)-(t:9.842-v:65.000)-(t:9.848-v:63.000)-(t:9.853-v:61.000)-(t:9.859-v:58.000)-(t:9.864-v:57.000)-(t:9.869-v:55.000)-(t:9.875-v:54.000)-(t:9.882-v:53.000)-(t:9.890-v:52.000)-(t:9.899-v:51.000)-(t:9.906-v:49.000)-(t:9.912-v:48.000)-(t:9.919-v:46.000)-(t:9.925-v:45.000)-(t:9.936-v:43.000)-(t:9.945-v:42.000)-(t:9.953-v:41.000)-(t:9.963-v:40.000)-(t:9.970-v:39.000)-(t:9.979-v:37.000)-(t:9.986-v:36.000)-(t:10.000-v:35.000)-(t:10.009-v:34.000)-(t:10.018-v:33.000)-(t:10.031-v:31.000)-(t:10.060-v:30.000)-(t:10.067-v:29.000)-(t:10.075-v:28.000)-(t:10.082-v:27.000)-(t:10.093-v:25.000)-(t:10.123-v:24.000)-(t:10.139-v:22.000)-(t:10.157-v:21.000)-(t:10.180-v:20.000)-(t:10.197-v:19.000)-(t:10.236-v:18.000)-(t:10.280-v:17.000)-(t:10.288-v:16.000)-(t:10.304-v:15.000)-(t:10.322-v:14.000)-(t:10.339-v:13.000)-(t:10.448-v:12.000)-(t:10.457-v:11.000)-(t:10.471-v:10.000)-(t:10.482-v:9.000)-(t:10.494-v:8.000)-(t:10.516-v:7.000)-(t:10.532-v:6.000)-(t:10.561-v:5.000)-(t:10.596-v:4.000)-(t:11.066-v:3.000)-(t:14.698-v:1.000)-(t:19.502-v:0.000)],19.502
examples/csp/csp_100/carseq_100_8_20_67.txt,dqn,300,1,[(t:8.239-v:98.000)-(t:8.249-v:94.000)-(t:8.261-v:91.000)-(t:8.277-v:88.000)-(t:8.289-v:86.000)-(t:8.304-v:85.000)-(t:8.323-v:82.000)-(t:8.335-v:81.000)-(t:8.344-v:80.000)-(t:8.366-v:78.000)-(t:8.379-v:76.000)-(t:8.390-v:74.000)-(t:8.402-v:73.000)-(t:8.413-v:72.000)-(t:8.424-v:71.000)-(t:8.439-v:70.000)-(t:8.452-v:69.000)-(t:8.464-v:66.000)-(t:8.477-v:63.000)-(t:8.488-v:60.000)-(t:8.500-v:59.000)-(t:8.512-v:58.000)-(t:8.523-v:56.000)-(t:8.533-v:55.000)-(t:8.547-v:54.000)-(t:8.556-v:53.000)-(t:8.573-v:51.000)-(t:8.584-v:50.000)-(t:8.594-v:49.000)-(t:8.608-v:48.000)-(t:8.618-v:47.000)-(t:8.629-v:46.000)-(t:8.641-v:44.000)-(t:8.654-v:43.000)-(t:8.662-v:42.000)-(t:8.667-v:40.000)-(t:8.672-v:39.000)-(t:8.679-v:38.000)-(t:8.691-v:37.000)-(t:8.703-v:36.000)-(t:8.712-v:35.000)-(t:8.723-v:34.000)-(t:8.733-v:32.000)-(t:8.755-v:31.000)-(t:8.766-v:30.000)-(t:8.774-v:28.000)-(t:8.786-v:27.000)-(t:8.796-v:26.000)-(t:8.817-v:25.000)-(t:8.828-v:24.000)-(t:8.839-v:23.000)-(t:8.850-v:22.000)-(t:8.865-v:21.000)-(t:8.885-v:20.000)-(t:8.891-v:19.000)-(t:8.897-v:18.000)-(t:8.929-v:17.000)-(t:8.950-v:16.000)-(t:8.960-v:15.000)-(t:8.974-v:14.000)-(t:9.051-v:13.000)-(t:9.063-v:12.000)-(t:9.086-v:11.000)-(t:9.121-v:10.000)-(t:9.133-v:9.000)-(t:9.147-v:8.000)-(t:9.243-v:7.000)-(t:9.283-v:6.000)-(t:9.293-v:5.000)-(t:9.586-v:4.000)-(t:9.627-v:3.000)-(t:9.706-v:2.000)-(t:13.000-v:1.000)],300.000
examples/csp/csp_100/carseq_100_8_20_71.txt,dqn,300,1,[(t:8.020-v:116.000)-(t:8.034-v:112.000)-(t:8.046-v:111.000)-(t:8.065-v:110.000)-(t:8.076-v:108.000)-(t:8.088-v:105.000)-(t:8.101-v:104.000)-(t:8.114-v:102.000)-(t:8.127-v:101.000)-(t:8.137-v:100.000)-(t:8.167-v:98.000)-(t:8.182-v:97.000)-(t:8.195-v:95.000)-(t:8.203-v:94.000)-(t:8.215-v:93.000)-(t:8.228-v:92.000)-(t:8.239-v:90.000)-(t:8.251-v:89.000)-(t:8.262-v:87.000)-(t:8.279-v:86.000)-(t:8.296-v:84.000)-(t:8.313-v:83.000)-(t:8.329-v:82.000)-(t:8.350-v:81.000)-(t:8.362-v:80.000)-(t:8.372-v:79.000)-(t:8.383-v:78.000)-(t:8.396-v:77.000)-(t:8.402-v:74.000)-(t:8.416-v:72.000)-(t:8.432-v:71.000)-(t:8.444-v:70.000)-(t:8.454-v:69.000)-(t:8.467-v:68.000)-(t:8.477-v:67.000)-(t:8.492-v:66.000)-(t:8.502-v:65.000)-(t:8.514-v:64.000)-(t:8.525-v:63.000)-(t:8.532-v:62.000)-(t:8.543-v:60.000)-(t:8.551-v:59.000)-(t:8.563-v:58.000)-(t:8.575-v:57.000)-(t:8.586-v:56.000)-(t:8.596-v:55.000)-(t:8.607-v:53.000)-(t:8.613-v:52.000)-(t:8.618-v:49.000)-(t:8.628-v:48.000)-(t:8.639-v:47.000)-(t:8.649-v:45.000)-(t:8.659-v:43.000)-(t:8.670-v:42.000)-(t:8.680-v:41.000)-(t:8.691-v:40.000)-(t:8.707-v:39.000)-(t:8.720-v:38.000)-(t:8.735-v:37.000)-(t:8.760-v:36.000)-(t:8.772-v:35.000)-(t:8.783-v:34.000)-(t:8.793-v:33.000)-(t:8.808-v:32.000)-(t:8.819-v:31.000)-(t:8.824-v:30.000)-(t:8.839-v:29.000)-(t:8.849-v:28.000)-(t:8.862-v:27.000)-(t:8.900-v:26.000)-(t:8.915-v:25.000)-(t:8.937-v:24.000)-(t:8.947-v:23.000)-(t:8.958-v:21.000)-(t:8.971-v:20.000)-(t:8.993-v:19.000)-(t:9.004-v:18.000)-(t:9.113-v:17.000)-(t:9.126-v:16.000)-(t:9.135-v:15.000)-(t:9.157-v:14.000)-(t:9.222-v:13.000)-(t:9.249-v:12.000)-(t:9.264-v:11.000)-(t:9.305-v:10.000)-(t:9.530-v:9.000)-(t:9.594-v:8.000)-(t:12.040-v:7.000)-(t:12.448-v:6.000)-(t:12.653-v:5.000)-(t:17.794-v:4.000)-(t:17.982-v:3.000)-(t:25.877-v:2.000)-(t:215.499-v:1.000)],300.000
examples/csp/csp_100/carseq_100_8_20_72.txt,dqn,300,1,[(t:7.544-v:116.000)-(t:7.556-v:115.000)-(t:7.577-v:113.000)-(t:7.604-v:112.000)-(t:7.623-v:111.000)-(t:7.634-v:109.000)-(t:7.645-v:108.000)-(t:7.651-v:104.000)-(t:7.657-v:102.000)-(t:7.675-v:101.000)-(t:7.689-v:98.000)-(t:7.701-v:97.000)-(t:7.713-v:96.000)-(t:7.724-v:92.000)-(t:7.737-v:91.000)-(t:7.749-v:90.000)-(t:7.759-v:89.000)-(t:7.766-v:88.000)-(t:7.778-v:87.000)-(t:7.788-v:86.000)-(t:7.797-v:84.000)-(t:7.809-v:83.000)-(t:7.820-v:82.000)-(t:7.833-v:81.000)-(t:7.845-v:80.000)-(t:7.856-v:79.000)-(t:7.869-v:78.000)-(t:7.875-v:77.000)-(t:7.885-v:76.000)-(t:7.897-v:75.000)-(t:7.908-v:74.000)-(t:7.919-v:73.000)-(t:7.929-v:71.000)-(t:7.939-v:70.000)-(t:7.948-v:69.000)-(t:7.960-v:68.000)-(t:7.971-v:67.000)-(t:7.977-v:65.000)-(t:7.987-v:63.000)-(t:7.999-v:62.000)-(t:8.009-v:60.000)-(t:8.020-v:57.000)-(t:8.032-v:55.000)-(t:8.044-v:54.000)-(t:8.056-v:53.000)-(t:8.074-v:52.000)-(t:8.089-v:51.000)-(t:8.099-v:50.000)-(t:8.110-v:48.000)-(t:8.120-v:47.000)-(t:8.131-v:46.000)-(t:8.143-v:45.000)-(t:8.153-v:42.000)-(t:8.164-v:41.000)-(t:8.175-v:39.000)-(t:8.190-v:38.000)-(t:8.201-v:37.000)-(t:8.220-v:36.000)-(t:8.235-v:35.000)-(t:8.264-v:34.000)-(t:8.278-v:33.000)-(t:8.285-v:32.000)-(t:8.294-v:31.000)-(t:8.304-v:29.000)-(t:8.315-v:28.000)-(t:8.328-v:27.000)-(t:8.339-v:26.000)-(t:8.351-v:25.000)-(t:8.378-v:24.000)-(t:8.384-v:23.000)-(t:8.415-v:22.000)-(t:8.427-v:21.000)-(t:8.444-v:20.000)-(t:8.454-v:18.000)-(t:8.469-v:17.000)-(t:8.537-v:16.000)-(t:8.563-v:15.000)-(t:8.595-v:14.000)-(t:8.664-v:13.000)-(t:8.697-v:12.000)-(t:8.753-v:11.000)-(t:8.767-v:10.000)-(t:8.785-v:9.000)-(t:8.809-v:8.000)-(t:8.828-v:7.000)-(t:8.853-v:6.000)-(t:8.888-v:5.000)-(t:8.909-v:4.000)-(t:9.279-v:3.000)-(t:9.314-v:2.000)-(t:9.387-v:1.000)],300.000
examples/csp/csp_100/carseq_100_8_20_90.txt,dqn,300,0,[(t:5.987-v:111.000)-(t:6.007-v:104.000)-(t:6.024-v:103.000)-(t:6.031-v:102.000)-(t:6.044-v:101.000)-(t:6.052-v:100.000)-(t:6.061-v:99.000)-(t:6.067-v:98.000)-(t:6.077-v:96.000)-(t:6.084-v:95.000)-(t:6.092-v:93.000)-(t:6.100-v:88.000)-(t:6.107-v:87.000)-(t:6.114-v:84.000)-(t:6.122-v:83.000)-(t:6.129-v:82.000)-(t:6.150-v:81.000)-(t:6.163-v:80.000)-(t:6.174-v:79.000)-(t:6.183-v:75.000)-(t:6.194-v:74.000)-(t:6.202-v:73.000)-(t:6.210-v:69.000)-(t:6.219-v:65.000)-(t:6.231-v:64.000)-(t:6.241-v:63.000)-(t:6.250-v:62.000)-(t:6.260-v:61.000)-(t:6.269-v:60.000)-(t:6.278-v:59.000)-(t:6.286-v:58.000)-(t:6.296-v:57.000)-(t:6.305-v:56.000)-(t:6.323-v:54.000)-(t:6.332-v:53.000)-(t:6.357-v:50.000)-(t:6.368-v:49.000)-(t:6.377-v:48.000)-(t:6.385-v:47.000)-(t:6.394-v:44.000)-(t:6.404-v:43.000)-(t:6.411-v:42.000)-(t:6.433-v:41.000)-(t:6.442-v:40.000)-(t:6.451-v:39.000)-(t:6.458-v:38.000)-(t:6.467-v:37.000)-(t:6.477-v:36.000)-(t:6.485-v:33.000)-(t:6.494-v:32.000)-(t:6.504-v:30.000)-(t:6.514-v:29.000)-(t:6.535-v:27.000)-(t:6.545-v:26.000)-(t:6.552-v:24.000)-(t:6.563-v:23.000)-(t:6.582-v:22.000)-(t:6.616-v:21.000)-(t:6.624-v:20.000)-(t:6.633-v:19.000)-(t:6.644-v:18.000)-(t:6.652-v:17.000)-(t:6.673-v:16.000)-(t:6.681-v:15.000)-(t:6.693-v:14.000)-(t:6.717-v:13.000)-(t:6.766-v:12.000)-(t:6.780-v:11.000)-(t:6.834-v:10.000)-(t:6.844-v:9.000)-(t:6.862-v:8.000)-(t:6.880-v:7.000)-(t:6.911-v:6.000)-(t:6.953-v:5.000)-(t:6.963-v:4.000)-(t:7.309-v:3.000)-(t:7.329-v:2.000)-(t:7.629-v:1.000)-(t:8.588-v:0.000)],8.588
examples/csp/csp_100/carseq_100_8_20_94.txt,dqn,300,0,[(t:6.476-v:107.000)-(t:6.485-v:105.000)-(t:6.505-v:104.000)-(t:6.513-v:102.000)-(t:6.525-v:100.000)-(t:6.535-v:99.000)-(t:6.543-v:98.000)-(t:6.550-v:95.000)-(t:6.560-v:94.000)-(t:6.576-v:93.000)-(t:6.582-v:92.000)-(t:6.588-v:91.000)-(t:6.594-v:88.000)-(t:6.600-v:86.000)-(t:6.612-v:85.000)-(t:6.617-v:84.000)-(t:6.622-v:83.000)-(t:6.628-v:82.000)-(t:6.635-v:81.000)-(t:6.640-v:80.000)-(t:6.645-v:79.000)-(t:6.651-v:78.000)-(t:6.657-v:77.000)-(t:6.662-v:76.000)-(t:6.668-v:75.000)-(t:6.673-v:74.000)-(t:6.680-v:70.000)-(t:6.686-v:68.000)-(t:6.695-v:67.000)-(t:6.702-v:65.000)-(t:6.710-v:63.000)-(t:6.716-v:61.000)-(t:6.722-v:60.000)-(t:6.728-v:59.000)-(t:6.734-v:56.000)-(t:6.741-v:55.000)-(t:6.748-v:54.000)-(t:6.754-v:53.000)-(t:6.761-v:52.000)-(t:6.768-v:50.000)-(t:6.780-v:49.000)-(t:6.786-v:48.000)-(t:6.803-v:47.000)-(t:6.811-v:46.000)-(t:6.817-v:43.000)-(t:6.824-v:42.000)-(t:6.831-v:40.000)-(t:6.839-v:39.000)-(t:6.847-v:38.000)-(t:6.856-v:37.000)-(t:6.863-v:36.000)-(t:6.871-v:35.000)-(t:6.879-v:34.000)-(t:6.887-v:32.000)-(t:6.895-v:29.000)-(t:6.903-v:28.000)-(t:6.912-v:27.000)-(t:6.923-v:26.000)-(t:6.932-v:25.000)-(t:6.939-v:24.000)-(t:6.956-v:23.000)-(t:6.965-v:22.000)-(t:6.994-v:21.000)-(t:7.006-v:20.000)-(t:7.014-v:19.000)-(t:7.031-v:18.000)-(t:7.038-v:16.000)-(t:7.122-v:15.000)-(t:7.180-v:14.000)-(t:7.196-v:13.000)-(t:7.205-v:12.000)-(t:7.218-v:11.000)-(t:7.262-v:9.000)-(t:7.277-v:8.000)-(t:7.286-v:7.000)-(t:7.295-v:6.000)-(t:7.317-v:5.000)-(t:7.333-v:4.000)-(t:8.328-v:3.000)-(t:10.029-v:2.000)-(t:10.240-v:1.000)-(t:10.325-v:0.000)],10.325
examples/csp/csp_100/carseq_100_8_20_88.txt,dqn,300,0,[(t:6.716-v:131.000)-(t:6.749-v:126.000)-(t:6.763-v:124.000)-(t:6.776-v:123.000)-(t:6.786-v:121.000)-(t:6.803-v:120.000)-(t:6.815-v:118.000)-(t:6.830-v:116.000)-(t:6.846-v:115.000)-(t:6.860-v:114.000)-(t:6.874-v:113.000)-(t:6.885-v:112.000)-(t:6.892-v:111.000)-(t:6.897-v:110.000)-(t:6.910-v:107.000)-(t:6.923-v:106.000)-(t:6.934-v:104.000)-(t:6.944-v:101.000)-(t:6.954-v:99.000)-(t:6.965-v:98.000)-(t:6.976-v:97.000)-(t:6.987-v:96.000)-(t:6.997-v:92.000)-(t:7.005-v:91.000)-(t:7.018-v:90.000)-(t:7.028-v:88.000)-(t:7.039-v:87.000)-(t:7.052-v:86.000)-(t:7.061-v:83.000)-(t:7.071-v:82.000)-(t:7.084-v:81.000)-(t:7.096-v:80.000)-(t:7.105-v:79.000)-(t:7.118-v:78.000)-(t:7.128-v:77.000)-(t:7.142-v:76.000)-(t:7.151-v:75.000)-(t:7.157-v:74.000)-(t:7.167-v:73.000)-(t:7.181-v:72.000)-(t:7.204-v:71.000)-(t:7.215-v:70.000)-(t:7.242-v:69.000)-(t:7.262-v:67.000)-(t:7.290-v:66.000)-(t:7.301-v:65.000)-(t:7.308-v:64.000)-(t:7.313-v:63.000)-(t:7.319-v:62.000)-(t:7.323-v:61.000)-(t:7.334-v:60.000)-(t:7.345-v:59.000)-(t:7.356-v:58.000)-(t:7.364-v:57.000)-(t:7.373-v:56.000)-(t:7.379-v:55.000)-(t:7.387-v:54.000)-(t:7.399-v:52.000)-(t:7.410-v:51.000)-(t:7.438-v:50.000)-(t:7.449-v:49.000)-(t:7.459-v:48.000)-(t:7.477-v:47.000)-(t:7.487-v:46.000)-(t:7.497-v:44.000)-(t:7.507-v:43.000)-(t:7.520-v:41.000)-(t:7.528-v:40.000)-(t:7.553-v:39.000)-(t:7.563-v:38.000)-(t:7.579-v:37.000)-(t:7.590-v:36.000)-(t:7.601-v:35.000)-(t:7.615-v:34.000)-(t:7.621-v:33.000)-(t:7.627-v:31.000)-(t:7.639-v:29.000)-(t:7.676-v:28.000)-(t:7.688-v:27.000)-(t:7.699-v:26.000)-(t:7.711-v:25.000)-(t:7.735-v:24.000)-(t:7.756-v:23.000)-(t:7.763-v:22.000)-(t:7.784-v:21.000)-(t:7.815-v:20.000)-(t:7.838-v:19.000)-(t:7.856-v:18.000)-(t:7.871-v:17.000)-(t:7.888-v:15.000)-(t:7.902-v:14.000)-(t:7.968-v:13.000)-(t:7.999-v:12.000)-(t:8.064-v:11.000)-(t:8.082-v:10.000)-(t:8.101-v:9.000)-(t:8.135-v:8.000)-(t:9.756-v:7.000)-(t:9.941-v:6.000)-(t:10.637-v:5.000)-(t:10.968-v:4.000)-(t:13.645-v:3.000)-(t:24.143-v:2.000)-(t:42.046-v:1.000)-(t:48.841-v:0.000)],48.841
examples/csp/csp_100/carseq_100_8_20_81.txt,dqn,300,1,[(t:7.180-v:120.000)-(t:7.187-v:117.000)-(t:7.193-v:116.000)-(t:7.217-v:115.000)-(t:7.223-v:113.000)-(t:7.228-v:112.000)-(t:7.233-v:107.000)-(t:7.245-v:106.000)-(t:7.252-v:105.000)-(t:7.257-v:99.000)-(t:7.264-v:98.000)-(t:7.270-v:97.000)-(t:7.277-v:96.000)-(t:7.284-v:94.000)-(t:7.292-v:93.000)-(t:7.300-v:91.000)-(t:7.314-v:90.000)-(t:7.323-v:89.000)-(t:7.329-v:88.000)-(t:7.336-v:87.000)-(t:7.344-v:86.000)-(t:7.351-v:85.000)-(t:7.361-v:83.000)-(t:7.374-v:82.000)-(t:7.382-v:81.000)-(t:7.392-v:80.000)-(t:7.401-v:78.000)-(t:7.411-v:76.000)-(t:7.418-v:74.000)-(t:7.424-v:71.000)-(t:7.431-v:70.000)-(t:7.438-v:69.000)-(t:7.445-v:67.000)-(t:7.452-v:66.000)-(t:7.459-v:65.000)-(t:7.467-v:64.000)-(t:7.474-v:62.000)-(t:7.486-v:61.000)-(t:7.493-v:60.000)-(t:7.500-v:59.000)-(t:7.508-v:58.000)-(t:7.515-v:57.000)-(t:7.522-v:56.000)-(t:7.529-v:55.000)-(t:7.539-v:54.000)-(t:7.546-v:51.000)-(t:7.555-v:50.000)-(t:7.562-v:49.000)-(t:7.569-v:48.000)-(t:7.576-v:46.000)-(t:7.586-v:44.000)-(t:7.594-v:43.000)-(t:7.603-v:42.000)-(t:7.610-v:41.000)-(t:7.617-v:40.000)-(t:7.623-v:39.000)-(t:7.631-v:38.000)-(t:7.638-v:37.000)-(t:7.645-v:36.000)-(t:7.652-v:34.000)-(t:7.658-v:33.000)-(t:7.665-v:32.000)-(t:7.670-v:31.000)-(t:7.684-v:30.000)-(t:7.700-v:29.000)-(t:7.705-v:28.000)-(t:7.713-v:27.000)-(t:7.721-v:26.000)-(t:7.736-v:25.000)-(t:7.746-v:24.000)-(t:7.765-v:23.000)-(t:7.774-v:21.000)-(t:7.802-v:20.000)-(t:7.835-v:19.000)-(t:7.843-v:18.000)-(t:7.909-v:17.000)-(t:7.951-v:16.000)-(t:7.995-v:15.000)-(t:8.006-v:14.000)-(t:8.019-v:13.000)-(t:8.032-v:12.000)-(t:8.041-v:11.000)-(t:8.072-v:10.000)-(t:8.080-v:9.000)-(t:8.110-v:8.000)-(t:8.121-v:7.000)-(t:8.128-v:6.000)-(t:8.143-v:5.000)-(t:9.109-v:4.000)-(t:9.374-v:3.000)-(t:11.738-v:2.000)-(t:24.059-v:1.000)],300.000
examples/csp/csp_300/pb_300_07.txt,dqn,300,,,
examples/csp/csp_100/carseq_100_8_20_82.txt,dqn,300,1,[(t:7.342-v:143.000)-(t:7.348-v:140.000)-(t:7.366-v:139.000)-(t:7.374-v:136.000)-(t:7.380-v:135.000)-(t:7.394-v:133.000)-(t:7.405-v:132.000)-(t:7.413-v:130.000)-(t:7.421-v:129.000)-(t:7.430-v:127.000)-(t:7.439-v:125.000)-(t:7.448-v:124.000)-(t:7.457-v:121.000)-(t:7.466-v:120.000)-(t:7.476-v:119.000)-(t:7.486-v:116.000)-(t:7.494-v:115.000)-(t:7.504-v:112.000)-(t:7.520-v:111.000)-(t:7.528-v:107.000)-(t:7.539-v:106.000)-(t:7.549-v:105.000)-(t:7.558-v:103.000)-(t:7.567-v:102.000)-(t:7.575-v:100.000)-(t:7.584-v:99.000)-(t:7.594-v:96.000)-(t:7.602-v:95.000)-(t:7.611-v:94.000)-(t:7.623-v:93.000)-(t:7.632-v:91.000)-(t:7.642-v:90.000)-(t:7.650-v:88.000)-(t:7.659-v:84.000)-(t:7.668-v:83.000)-(t:7.689-v:82.000)-(t:7.699-v:77.000)-(t:7.708-v:76.000)-(t:7.734-v:73.000)-(t:7.746-v:72.000)-(t:7.757-v:71.000)-(t:7.768-v:69.000)-(t:7.778-v:68.000)-(t:7.786-v:66.000)-(t:7.797-v:65.000)-(t:7.806-v:64.000)-(t:7.817-v:61.000)-(t:7.825-v:60.000)-(t:7.835-v:59.000)-(t:7.843-v:58.000)-(t:7.851-v:57.000)-(t:7.862-v:55.000)-(t:7.873-v:54.000)-(t:7.882-v:53.000)-(t:7.890-v:52.000)-(t:7.898-v:51.000)-(t:7.906-v:50.000)-(t:7.919-v:49.000)-(t:7.927-v:47.000)-(t:7.936-v:46.000)-(t:7.945-v:45.000)-(t:7.954-v:44.000)-(t:7.962-v:42.000)-(t:7.971-v:41.000)-(t:7.979-v:40.000)-(t:7.987-v:39.000)-(t:7.993-v:38.000)-(t:8.001-v:37.000)-(t:8.008-v:36.000)-(t:8.016-v:34.000)-(t:8.023-v:33.000)-(t:8.033-v:32.000)-(t:8.042-v:31.000)-(t:8.059-v:30.000)-(t:8.075-v:29.000)-(t:8.082-v:28.000)-(t:8.097-v:27.000)-(t:8.103-v:26.000)-(t:8.128-v:25.000)-(t:8.144-v:24.000)-(t:8.154-v:23.000)-(t:8.163-v:22.000)-(t:8.170-v:21.000)-(t:8.178-v:20.000)-(t:8.185-v:19.000)-(t:8.202-v:18.000)-(t:8.209-v:17.000)-(t:8.221-v:16.000)-(t:8.233-v:15.000)-(t:8.247-v:14.000)-(t:8.257-v:13.000)-(t:8.285-v:12.000)-(t:8.344-v:11.000)-(t:8.407-v:10.000)-(t:8.416-v:9.000)-(t:8.432-v:8.000)-(t:8.614-v:7.000)-(t:8.651-v:6.000)-(t:18.748-v:5.000)-(t:19.086-v:4.000)-(t:29.157-v:3.000)-(t:52.552-v:2.000)-(t:52.906-v:1.000)],300.000
examples/csp/csp_100/carseq_100_8_20_86.txt,dqn,300,1,[(t:7.029-v:142.000)-(t:7.064-v:133.000)-(t:7.076-v:130.000)-(t:7.083-v:124.000)-(t:7.099-v:115.000)-(t:7.109-v:114.000)-(t:7.120-v:113.000)-(t:7.130-v:112.000)-(t:7.140-v:107.000)-(t:7.164-v:106.000)-(t:7.175-v:102.000)-(t:7.187-v:101.000)-(t:7.200-v:100.000)-(t:7.210-v:99.000)-(t:7.217-v:98.000)-(t:7.226-v:96.000)-(t:7.237-v:94.000)-(t:7.247-v:93.000)-(t:7.257-v:91.000)-(t:7.272-v:89.000)-(t:7.280-v:87.000)-(t:7.287-v:86.000)-(t:7.305-v:85.000)-(t:7.316-v:84.000)-(t:7.326-v:81.000)-(t:7.339-v:78.000)-(t:7.355-v:77.000)-(t:7.365-v:76.000)-(t:7.385-v:75.000)-(t:7.399-v:74.000)-(t:7.405-v:72.000)-(t:7.413-v:71.000)-(t:7.440-v:70.000)-(t:7.447-v:69.000)-(t:7.458-v:67.000)-(t:7.469-v:66.000)-(t:7.481-v:65.000)-(t:7.492-v:63.000)-(t:7.505-v:61.000)-(t:7.510-v:60.000)-(t:7.517-v:59.000)-(t:7.522-v:58.000)-(t:7.537-v:57.000)-(t:7.549-v:56.000)-(t:7.559-v:55.000)-(t:7.572-v:54.000)-(t:7.589-v:53.000)-(t:7.601-v:52.000)-(t:7.614-v:51.000)-(t:7.624-v:50.000)-(t:7.634-v:49.000)-(t:7.656-v:48.000)-(t:7.687-v:47.000)-(t:7.722-v:46.000)-(t:7.733-v:45.000)-(t:7.743-v:43.000)-(t:7.755-v:42.000)-(t:7.792-v:41.000)-(t:7.855-v:40.000)-(t:7.864-v:39.000)-(t:7.885-v:38.000)-(t:7.897-v:37.000)-(t:7.914-v:36.000)-(t:7.961-v:35.000)-(t:7.976-v:34.000)-(t:7.987-v:33.000)-(t:7.998-v:32.000)-(t:8.012-v:31.000)-(t:8.024-v:30.000)-(t:8.036-v:29.000)-(t:8.101-v:28.000)-(t:8.122-v:27.000)-(t:8.133-v:26.000)-(t:8.184-v:25.000)-(t:8.195-v:24.000)-(t:8.217-v:23.000)-(t:8.266-v:22.000)-(t:8.314-v:21.000)-(t:8.343-v:20.000)-(t:8.396-v:19.000)-(t:8.457-v:18.000)-(t:8.473-v:17.000)-(t:8.492-v:16.000)-(t:8.503-v:15.000)-(t:8.519-v:14.000)-(t:8.545-v:13.000)-(t:8.569-v:12.000)-(t:8.732-v:11.000)-(t:8.742-v:10.000)-(t:8.760-v:9.000)-(t:8.794-v:8.000)-(t:8.818-v:7.000)-(t:22.891-v:6.000)-(t:23.256-v:5.000)-(t:39.831-v:4.000)-(t:56.439-v:3.000)-(t:60.963-v:2.000)-(t:70.244-v:1.000)],300.000
examples/csp/csp_100/carseq_100_8_20_98.txt,dqn,300,1,[(t:8.137-v:131.000)-(t:8.167-v:130.000)-(t:8.177-v:126.000)-(t:8.188-v:125.000)-(t:8.206-v:121.000)-(t:8.212-v:119.000)-(t:8.224-v:117.000)-(t:8.234-v:116.000)-(t:8.249-v:113.000)-(t:8.258-v:110.000)-(t:8.267-v:107.000)-(t:8.274-v:106.000)-(t:8.282-v:105.000)-(t:8.295-v:104.000)-(t:8.309-v:102.000)-(t:8.315-v:101.000)-(t:8.322-v:100.000)-(t:8.329-v:99.000)-(t:8.341-v:98.000)-(t:8.351-v:95.000)-(t:8.362-v:94.000)-(t:8.371-v:93.000)-(t:8.380-v:92.000)-(t:8.392-v:91.000)-(t:8.402-v:90.000)-(t:8.413-v:89.000)-(t:8.424-v:88.000)-(t:8.429-v:87.000)-(t:8.436-v:85.000)-(t:8.450-v:82.000)-(t:8.462-v:81.000)-(t:8.474-v:80.000)-(t:8.484-v:79.000)-(t:8.496-v:76.000)-(t:8.506-v:75.000)-(t:8.518-v:74.000)-(t:8.529-v:72.000)-(t:8.535-v:71.000)-(t:8.541-v:69.000)-(t:8.549-v:68.000)-(t:8.561-v:66.000)-(t:8.574-v:63.000)-(t:8.603-v:62.000)-(t:8.612-v:61.000)-(t:8.621-v:60.000)-(t:8.639-v:59.000)-(t:8.645-v:58.000)-(t:8.651-v:56.000)-(t:8.656-v:55.000)-(t:8.662-v:53.000)-(t:8.678-v:52.000)-(t:8.688-v:51.000)-(t:8.698-v:50.000)-(t:8.707-v:49.000)-(t:8.718-v:48.000)-(t:8.730-v:45.000)-(t:8.750-v:44.000)-(t:8.758-v:43.000)-(t:8.765-v:42.000)-(t:8.774-v:41.000)-(t:8.782-v:40.000)-(t:8.807-v:39.000)-(t:8.821-v:38.000)-(t:8.830-v:37.000)-(t:8.841-v:36.000)-(t:8.864-v:35.000)-(t:8.872-v:34.000)-(t:8.882-v:33.000)-(t:8.894-v:32.000)-(t:8.911-v:31.000)-(t:8.917-v:30.000)-(t:8.963-v:29.000)-(t:8.996-v:28.000)-(t:9.010-v:27.000)-(t:9.022-v:26.000)-(t:9.048-v:25.000)-(t:9.059-v:24.000)-(t:9.070-v:23.000)-(t:9.080-v:22.000)-(t:9.092-v:21.000)-(t:9.103-v:20.000)-(t:9.175-v:19.000)-(t:9.188-v:18.000)-(t:9.204-v:17.000)-(t:9.221-v:16.000)-(t:9.232-v:15.000)-(t:9.246-v:14.000)-(t:9.268-v:13.000)-(t:9.281-v:12.000)-(t:9.298-v:11.000)-(t:9.363-v:10.000)-(t:9.891-v:9.000)-(t:13.963-v:8.000)-(t:23.702-v:7.000)-(t:46.293-v:6.000)-(t:53.737-v:5.000)-(t:70.166-v:4.000)-(t:83.669-v:3.000)-(t:102.084-v:2.000)-(t:119.476-v:1.000)],300.000
examples/csp/csp_100/carseq_100_8_20_99.txt,dqn,300,2,[(t:7.662-v:146.000)-(t:7.671-v:145.000)-(t:7.688-v:144.000)-(t:7.707-v:143.000)-(t:7.717-v:142.000)-(t:7.726-v:137.000)-(t:7.747-v:135.000)-(t:7.760-v:134.000)-(t:7.769-v:133.000)-(t:7.781-v:132.000)-(t:7.791-v:131.000)-(t:7.803-v:130.000)-(t:7.822-v:129.000)-(t:7.841-v:125.000)-(t:7.851-v:123.000)-(t:7.858-v:122.000)-(t:7.866-v:120.000)-(t:7.873-v:116.000)-(t:7.882-v:113.000)-(t:7.893-v:108.000)-(t:7.903-v:104.000)-(t:7.915-v:103.000)-(t:7.923-v:102.000)-(t:7.938-v:101.000)-(t:7.951-v:100.000)-(t:7.965-v:99.000)-(t:7.973-v:98.000)-(t:7.979-v:96.000)-(t:7.991-v:95.000)-(t:8.003-v:92.000)-(t:8.016-v:90.000)-(t:8.026-v:88.000)-(t:8.037-v:87.000)-(t:8.048-v:85.000)-(t:8.062-v:84.000)-(t:8.076-v:82.000)-(t:8.088-v:81.000)-(t:8.101-v:80.000)-(t:8.125-v:79.000)-(t:8.137-v:78.000)-(t:8.149-v:77.000)-(t:8.162-v:76.000)-(t:8.170-v:75.000)-(t:8.180-v:73.000)-(t:8.191-v:72.000)-(t:8.202-v:71.000)-(t:8.212-v:70.000)-(t:8.228-v:68.000)-(t:8.244-v:67.000)-(t:8.253-v:65.000)-(t:8.262-v:64.000)-(t:8.275-v:63.000)-(t:8.284-v:62.000)-(t:8.296-v:61.000)-(t:8.308-v:60.000)-(t:8.318-v:59.000)-(t:8.329-v:58.000)-(t:8.340-v:57.000)-(t:8.360-v:56.000)-(t:8.373-v:55.000)-(t:8.384-v:54.000)-(t:8.393-v:53.000)-(t:8.404-v:52.000)-(t:8.415-v:51.000)-(t:8.424-v:50.000)-(t:8.435-v:49.000)-(t:8.450-v:48.000)-(t:8.461-v:47.000)-(t:8.470-v:46.000)-(t:8.475-v:45.000)-(t:8.480-v:44.000)-(t:8.487-v:43.000)-(t:8.498-v:42.000)-(t:8.510-v:41.000)-(t:8.522-v:40.000)-(t:8.533-v:39.000)-(t:8.560-v:38.000)-(t:8.577-v:37.000)-(t:8.588-v:36.000)-(t:8.605-v:35.000)-(t:8.633-v:33.000)-(t:8.643-v:32.000)-(t:8.653-v:31.000)-(t:8.664-v:29.000)-(t:8.679-v:28.000)-(t:8.701-v:27.000)-(t:8.726-v:26.000)-(t:8.739-v:25.000)-(t:8.767-v:24.000)-(t:8.777-v:23.000)-(t:8.791-v:22.000)-(t:8.807-v:21.000)-(t:8.824-v:20.000)-(t:8.835-v:19.000)-(t:8.908-v:18.000)-(t:8.928-v:17.000)-(t:8.968-v:16.000)-(t:8.978-v:15.000)-(t:8.988-v:14.000)-(t:9.015-v:13.000)-(t:9.072-v:12.000)-(t:9.096-v:11.000)-(t:9.109-v:10.000)-(t:9.118-v:9.000)-(t:9.132-v:8.000)-(t:9.145-v:6.000)-(t:9.258-v:5.000)-(t:17.021-v:4.000)-(t:19.368-v:3.000)-(t:29.104-v:2.000)],300.000
