examples/tsp/tsplib/gr24.tsp,random,r1,900,0,1272.0,[(t:0.472-t:64-v:2174.0)-(t:0.477-t:65-v:2148.0)-(t:0.480-t:66-v:2143.0)-(t:0.482-t:67-v:2118.0)-(t:0.497-t:68-v:2099.0)-(t:0.499-t:69-v:2072.0)-(t:0.501-t:70-v:2056.0)-(t:0.504-t:71-v:2042.0)-(t:0.505-t:72-v:2035.0)-(t:0.506-t:73-v:2030.0)-(t:0.510-t:74-v:1983.0)-(t:0.513-t:75-v:1965.0)-(t:0.518-t:76-v:1960.0)-(t:0.523-t:77-v:1945.0)-(t:0.530-t:78-v:1918.0)-(t:0.533-t:79-v:1897.0)-(t:0.549-t:80-v:1868.0)-(t:0.552-t:81-v:1846.0)-(t:0.555-t:82-v:1815.0)-(t:0.557-t:83-v:1765.0)-(t:0.568-t:84-v:1744.0)-(t:0.585-t:85-v:1705.0)-(t:0.586-t:86-v:1700.0)-(t:0.592-t:87-v:1650.0)-(t:0.594-t:88-v:1641.0)-(t:0.595-t:89-v:1635.0)-(t:0.596-t:90-v:1614.0)-(t:0.599-t:91-v:1576.0)-(t:0.613-t:92-v:1571.0)-(t:0.614-t:93-v:1568.0)-(t:0.617-t:94-v:1546.0)-(t:0.635-t:95-v:1517.0)-(t:0.747-t:119-v:1512.0)-(t:0.750-t:120-v:1422.0)-(t:0.772-t:121-v:1403.0)-(t:0.773-t:122-v:1379.0)-(t:0.777-t:123-v:1372.0)-(t:0.794-t:124-v:1368.0)-(t:1.448-t:437-v:1347.0)-(t:2.465-t:1349-v:1334.0)-(t:2.844-t:1962-v:1318.0)-(t:2.845-t:1963-v:1298.0)-(t:2.865-t:1995-v:1294.0)-(t:2.865-t:1996-v:1286.0)-(t:2.865-t:1997-v:1282.0)-(t:2.866-t:1998-v:1272.0)],0.664
examples/tsp/tsplib/pr76.tsp,roundrobin,r1,900,0,153081.114,[(t:0.732-t:214-v:185385.813)-(t:0.745-t:215-v:179447.611)-(t:0.904-t:261-v:177414.43)-(t:0.904-t:262-v:177247.883)-(t:0.905-t:263-v:176493.918)-(t:0.907-t:264-v:174435.398)-(t:0.925-t:265-v:173310.328)-(t:0.942-t:266-v:173214.941)-(t:0.945-t:267-v:172587.872)-(t:0.947-t:268-v:170028.566)-(t:1.049-t:313-v:166229.177)-(t:1.050-t:314-v:165450.424)-(t:1.051-t:315-v:165248.024)-(t:1.052-t:316-v:165175.299)-(t:1.053-t:317-v:164952.218)-(t:1.055-t:318-v:162300.023)-(t:1.056-t:319-v:162167.453)-(t:1.059-t:320-v:162092.095)-(t:1.060-t:321-v:162002.396)-(t:1.061-t:322-v:161514.916)-(t:1.070-t:323-v:160667.507)-(t:1.071-t:324-v:160243.183)-(t:1.072-t:325-v:159874.943)-(t:1.075-t:326-v:159388.611)-(t:1.193-t:373-v:158377.242)-(t:1.193-t:374-v:158128.408)-(t:1.194-t:375-v:158058.115)-(t:1.195-t:376-v:157605.54)-(t:1.196-t:377-v:157161.792)-(t:1.197-t:378-v:155747.648)-(t:1.199-t:379-v:155390.468)-(t:1.218-t:380-v:155119.187)-(t:1.224-t:381-v:153081.114)],264.658
examples/tsp/tsplib/si175.tsp,random,r1,900,0,25790.0,[(t:1.358-t:525-v:29066.0)-(t:1.358-t:526-v:29002.0)-(t:1.358-t:527-v:28630.0)-(t:1.372-t:528-v:28554.0)-(t:1.373-t:529-v:28550.0)-(t:1.375-t:530-v:28306.0)-(t:1.377-t:531-v:28289.0)-(t:1.379-t:532-v:28264.0)-(t:1.382-t:533-v:28158.0)-(t:1.383-t:534-v:28144.0)-(t:1.383-t:535-v:28120.0)-(t:1.383-t:536-v:28094.0)-(t:1.384-t:537-v:28078.0)-(t:1.384-t:538-v:28050.0)-(t:1.385-t:539-v:28029.0)-(t:1.385-t:540-v:27945.0)-(t:1.386-t:541-v:27940.0)-(t:1.397-t:542-v:27918.0)-(t:1.398-t:543-v:27913.0)-(t:1.398-t:544-v:27910.0)-(t:1.404-t:545-v:27780.0)-(t:1.405-t:546-v:27716.0)-(t:1.405-t:547-v:27671.0)-(t:1.408-t:548-v:27661.0)-(t:1.703-t:653-v:27636.0)-(t:1.704-t:654-v:27620.0)-(t:1.707-t:655-v:27610.0)-(t:1.707-t:656-v:27606.0)-(t:1.708-t:657-v:27599.0)-(t:1.708-t:658-v:27460.0)-(t:1.710-t:659-v:27435.0)-(t:1.711-t:660-v:27397.0)-(t:1.731-t:661-v:27375.0)-(t:1.735-t:662-v:27370.0)-(t:1.745-t:663-v:27238.0)-(t:1.762-t:664-v:27225.0)-(t:1.765-t:665-v:27195.0)-(t:1.768-t:666-v:27176.0)-(t:1.793-t:667-v:27169.0)-(t:1.803-t:668-v:27155.0)-(t:1.809-t:669-v:27147.0)-(t:1.824-t:670-v:27135.0)-(t:1.825-t:671-v:27131.0)-(t:1.851-t:672-v:27106.0)-(t:1.852-t:673-v:27099.0)-(t:1.872-t:674-v:27088.0)-(t:1.877-t:675-v:27078.0)-(t:1.878-t:676-v:27074.0)-(t:1.901-t:677-v:27047.0)-(t:1.903-t:678-v:27044.0)-(t:1.905-t:679-v:27031.0)-(t:1.905-t:680-v:27026.0)-(t:1.906-t:681-v:27018.0)-(t:1.907-t:682-v:27009.0)-(t:1.908-t:683-v:26858.0)-(t:1.909-t:684-v:26839.0)-(t:1.911-t:685-v:26824.0)-(t:1.928-t:686-v:26782.0)-(t:1.929-t:687-v:26778.0)-(t:15.679-t:23927-v:26724.0)-(t:15.681-t:23928-v:26664.0)-(t:15.681-t:23929-v:26650.0)-(t:26.215-t:44867-v:26640.0)-(t:26.216-t:44868-v:26616.0)-(t:26.216-t:44869-v:26606.0)-(t:26.217-t:44870-v:26604.0)-(t:26.217-t:44871-v:26602.0)-(t:26.217-t:44872-v:26573.0)-(t:26.218-t:44873-v:26541.0)-(t:26.218-t:44874-v:26527.0)-(t:26.219-t:44875-v:26526.0)-(t:26.219-t:44876-v:26499.0)-(t:26.219-t:44877-v:26496.0)-(t:26.220-t:44878-v:26398.0)-(t:26.221-t:44879-v:26361.0)-(t:26.221-t:44880-v:26353.0)-(t:26.221-t:44881-v:26350.0)-(t:26.222-t:44882-v:26346.0)-(t:26.222-t:44883-v:26342.0)-(t:26.223-t:44884-v:26250.0)-(t:26.223-t:44885-v:26249.0)-(t:57.974-t:111197-v:26226.0)-(t:57.974-t:111198-v:26225.0)-(t:154.335-t:312513-v:26204.0)-(t:154.335-t:312514-v:26201.0)-(t:154.335-t:312515-v:26113.0)-(t:154.336-t:312516-v:26111.0)-(t:154.336-t:312517-v:26059.0)-(t:154.336-t:312518-v:25925.0)-(t:154.336-t:312519-v:25903.0)-(t:154.336-t:312520-v:25900.0)-(t:154.337-t:312521-v:25887.0)-(t:154.337-t:312522-v:25882.0)-(t:154.337-t:312523-v:25879.0)-(t:154.338-t:312524-v:25864.0)-(t:154.343-t:312525-v:25849.0)-(t:154.344-t:312526-v:25842.0)-(t:154.344-t:312527-v:25828.0)-(t:556.427-t:1158038-v:25826.0)-(t:556.428-t:1158039-v:25790.0)],157.094
examples/tsp/tsplib/pr76.tsp,bestslopefirst,r1,900,0,139142.545,[(t:0.954-t:196-v:168038.765)-(t:2.719-t:1184-v:167568.109)-(t:2.720-t:1185-v:166035.964)-(t:2.720-t:1186-v:165958.305)-(t:2.720-t:1187-v:165635.934)-(t:2.722-t:1188-v:165191.166)-(t:2.723-t:1189-v:165006.514)-(t:2.723-t:1190-v:164673.221)-(t:2.723-t:1191-v:164522.56)-(t:2.723-t:1192-v:164519.95)-(t:2.724-t:1193-v:164240.5)-(t:2.724-t:1194-v:164122.022)-(t:2.724-t:1195-v:164051.729)-(t:2.724-t:1196-v:163988.49)-(t:2.726-t:1197-v:163505.772)-(t:2.727-t:1198-v:163172.87)-(t:2.727-t:1199-v:161776.37)-(t:2.727-t:1200-v:160983.252)-(t:4.585-t:3874-v:160700.976)-(t:4.586-t:3875-v:159745.085)-(t:5.189-t:4860-v:159580.724)-(t:6.220-t:6492-v:157418.876)-(t:6.220-t:6493-v:157214.914)-(t:6.220-t:6494-v:155415.744)-(t:6.220-t:6495-v:155104.146)-(t:6.220-t:6496-v:154919.139)-(t:6.220-t:6497-v:154125.671)-(t:6.221-t:6498-v:153547.454)-(t:6.221-t:6499-v:153395.098)-(t:6.221-t:6500-v:153149.279)-(t:6.221-t:6501-v:152990.921)-(t:6.232-t:6502-v:152849.03)-(t:6.232-t:6503-v:150351.377)-(t:6.234-t:6504-v:148992.851)-(t:6.234-t:6505-v:148957.946)-(t:6.234-t:6506-v:147129.351)-(t:6.235-t:6507-v:145792.981)-(t:6.235-t:6508-v:144950.654)-(t:32.920-t:66263-v:143709.669)-(t:32.921-t:66264-v:142952.377)-(t:32.921-t:66265-v:142619.084)-(t:32.921-t:66266-v:142468.423)-(t:32.921-t:66267-v:142040.611)-(t:32.921-t:66268-v:141672.371)-(t:176.231-t:391648-v:141341.452)-(t:285.026-t:640132-v:140553.119)-(t:479.241-t:1083449-v:140232.376)-(t:479.242-t:1083450-v:139278.448)-(t:479.242-t:1083451-v:139243.501)-(t:483.251-t:1092810-v:139142.545)],207.399
examples/tsp/tsplib/rat195.tsp,random,r1,900,0,4255.606,[(t:1.392-t:527-v:7366.133)-(t:1.393-t:528-v:6861.745)-(t:1.400-t:529-v:6858.118)-(t:1.403-t:530-v:6402.979)-(t:1.404-t:531-v:6396.825)-(t:1.405-t:532-v:5864.275)-(t:1.426-t:533-v:5603.847)-(t:1.427-t:534-v:5574.714)-(t:1.429-t:535-v:5555.591)-(t:1.432-t:536-v:5541.633)-(t:1.433-t:537-v:5538.048)-(t:1.433-t:538-v:5533.216)-(t:1.434-t:539-v:5525.972)-(t:1.435-t:540-v:5515.144)-(t:1.449-t:541-v:5500.688)-(t:1.489-t:542-v:5499.567)-(t:1.537-t:543-v:5496.245)-(t:1.539-t:544-v:5479.618)-(t:1.540-t:545-v:5474.984)-(t:1.541-t:546-v:5469.985)-(t:1.542-t:547-v:5456.62)-(t:2.070-t:678-v:5454.519)-(t:2.071-t:679-v:5445.404)-(t:2.075-t:680-v:5333.086)-(t:2.077-t:681-v:5329.555)-(t:2.289-t:791-v:5217.119)-(t:2.292-t:792-v:5136.473)-(t:2.293-t:793-v:5128.836)-(t:2.296-t:794-v:5064.733)-(t:2.297-t:795-v:5056.136)-(t:2.316-t:796-v:5046.58)-(t:2.317-t:797-v:5030.353)-(t:2.318-t:798-v:5012.186)-(t:2.319-t:799-v:4999.538)-(t:2.320-t:800-v:4994.774)-(t:4.184-t:1842-v:4985.601)-(t:4.184-t:1843-v:4984.477)-(t:4.184-t:1844-v:4982.689)-(t:4.185-t:1845-v:4979.644)-(t:4.185-t:1846-v:4974.628)-(t:4.185-t:1847-v:4974.327)-(t:4.185-t:1848-v:4962.996)-(t:4.185-t:1849-v:4958.192)-(t:4.204-t:1850-v:4929.735)-(t:4.206-t:1851-v:4929.725)-(t:4.206-t:1852-v:4914.92)-(t:4.207-t:1853-v:4905.62)-(t:4.790-t:2577-v:4889.98)-(t:4.791-t:2578-v:4871.813)-(t:4.791-t:2579-v:4866.0)-(t:4.794-t:2580-v:4855.58)-(t:5.629-t:3714-v:4852.92)-(t:5.629-t:3715-v:4841.237)-(t:5.629-t:3716-v:4832.228)-(t:5.643-t:3717-v:4832.227)-(t:5.644-t:3718-v:4831.664)-(t:16.535-t:24579-v:4828.294)-(t:16.536-t:24580-v:4825.31)-(t:16.536-t:24581-v:4823.158)-(t:16.536-t:24582-v:4816.657)-(t:16.536-t:24583-v:4814.837)-(t:16.536-t:24584-v:4809.8)-(t:16.537-t:24585-v:4807.283)-(t:16.537-t:24586-v:4804.84)-(t:16.537-t:24587-v:4803.502)-(t:16.537-t:24588-v:4800.007)-(t:16.538-t:24589-v:4795.75)-(t:16.538-t:24590-v:4791.625)-(t:16.538-t:24591-v:4760.715)-(t:16.539-t:24592-v:4741.966)-(t:16.540-t:24593-v:4741.734)-(t:16.540-t:24594-v:4735.85)-(t:16.540-t:24595-v:4734.933)-(t:16.541-t:24596-v:4725.728)-(t:16.541-t:24597-v:4719.601)-(t:16.541-t:24598-v:4715.925)-(t:16.543-t:24599-v:4711.889)-(t:16.544-t:24600-v:4705.747)-(t:16.544-t:24601-v:4703.94)-(t:29.073-t:50010-v:4685.501)-(t:29.073-t:50011-v:4672.8)-(t:29.074-t:50012-v:4666.457)-(t:29.074-t:50013-v:4664.676)-(t:29.074-t:50014-v:4655.585)-(t:29.074-t:50015-v:4653.613)-(t:29.074-t:50016-v:4632.425)-(t:29.075-t:50017-v:4589.666)-(t:29.076-t:50018-v:4587.814)-(t:29.077-t:50019-v:4578.776)-(t:29.077-t:50020-v:4565.55)-(t:29.078-t:50021-v:4555.866)-(t:29.078-t:50022-v:4555.384)-(t:29.079-t:50023-v:4548.767)-(t:29.079-t:50024-v:4547.617)-(t:29.079-t:50025-v:4546.016)-(t:29.080-t:50026-v:4537.13)-(t:29.080-t:50027-v:4532.326)-(t:29.081-t:50028-v:4515.28)-(t:29.082-t:50029-v:4514.999)-(t:29.083-t:50030-v:4494.596)-(t:29.083-t:50031-v:4460.019)-(t:29.083-t:50032-v:4454.426)-(t:29.084-t:50033-v:4431.488)-(t:29.084-t:50034-v:4416.993)-(t:78.301-t:149412-v:4410.286)-(t:78.302-t:149413-v:4403.832)-(t:78.302-t:149414-v:4396.42)-(t:78.302-t:149415-v:4382.698)-(t:78.303-t:149416-v:4365.413)-(t:78.303-t:149417-v:4358.616)-(t:78.303-t:149418-v:4353.579)-(t:78.303-t:149419-v:4338.846)-(t:78.304-t:149420-v:4327.796)-(t:78.304-t:149421-v:4326.6)-(t:78.305-t:149422-v:4317.958)-(t:78.306-t:149423-v:4307.342)-(t:78.307-t:149424-v:4306.085)-(t:78.313-t:149425-v:4305.834)-(t:78.314-t:149426-v:4302.056)-(t:643.576-t:1270977-v:4265.493)-(t:643.610-t:1271088-v:4264.081)-(t:643.611-t:1271089-v:4259.082)-(t:643.611-t:1271090-v:4255.606)],415.516
examples/tsp/tsplib/pcb442.tsp,roundrobin,r1,900,0,225646.249,[(t:2.510-t:1188-v:250890.121)-(t:2.510-t:1189-v:250888.695)-(t:2.510-t:1190-v:250149.217)-(t:2.515-t:1191-v:250090.696)-(t:2.518-t:1192-v:250054.108)-(t:2.518-t:1193-v:250015.592)-(t:2.519-t:1194-v:249957.074)-(t:2.521-t:1195-v:249878.518)-(t:2.523-t:1196-v:249820.005)-(t:2.525-t:1197-v:249744.414)-(t:2.535-t:1198-v:249685.906)-(t:2.537-t:1199-v:249613.386)-(t:2.544-t:1200-v:249554.884)-(t:2.546-t:1201-v:249485.534)-(t:2.549-t:1202-v:249427.038)-(t:2.550-t:1203-v:249360.952)-(t:2.553-t:1204-v:249302.464)-(t:2.554-t:1205-v:249239.73)-(t:2.577-t:1206-v:249181.25)-(t:2.579-t:1207-v:249121.943)-(t:2.581-t:1208-v:249063.472)-(t:2.593-t:1209-v:249007.659)-(t:2.596-t:1210-v:248949.198)-(t:2.596-t:1211-v:248919.405)-(t:2.597-t:1212-v:248808.562)-(t:2.600-t:1213-v:247754.543)-(t:2.601-t:1214-v:247563.051)-(t:2.601-t:1215-v:247373.42)-(t:2.602-t:1216-v:247186.314)-(t:2.602-t:1217-v:247002.734)-(t:2.603-t:1218-v:246824.252)-(t:2.603-t:1219-v:246653.432)-(t:2.603-t:1220-v:246494.601)-(t:2.603-t:1221-v:246355.156)-(t:2.604-t:1222-v:246247.12)-(t:2.604-t:1223-v:246186.565)-(t:2.605-t:1224-v:245671.719)-(t:2.624-t:1225-v:243972.776)-(t:2.627-t:1226-v:243955.979)-(t:2.636-t:1227-v:243791.987)-(t:2.637-t:1228-v:243188.629)-(t:2.638-t:1229-v:243113.456)-(t:2.639-t:1230-v:243081.937)-(t:2.661-t:1231-v:242891.427)-(t:2.664-t:1232-v:242831.353)-(t:2.666-t:1233-v:242776.948)-(t:2.668-t:1234-v:242728.433)-(t:2.669-t:1235-v:242598.681)-(t:2.669-t:1236-v:242416.742)-(t:2.669-t:1237-v:242238.045)-(t:2.672-t:1238-v:241237.117)-(t:2.672-t:1239-v:241045.625)-(t:2.672-t:1240-v:241033.528)-(t:2.673-t:1241-v:240893.299)-(t:2.673-t:1242-v:240709.719)-(t:2.674-t:1243-v:240531.237)-(t:2.674-t:1244-v:240360.417)-(t:2.674-t:1245-v:240201.586)-(t:2.675-t:1246-v:240062.141)-(t:2.675-t:1247-v:239954.105)-(t:2.675-t:1248-v:239893.55)-(t:2.676-t:1249-v:239516.917)-(t:2.677-t:1250-v:239218.503)-(t:2.706-t:1251-v:239053.68)-(t:2.708-t:1252-v:238866.027)-(t:2.708-t:1253-v:238681.32)-(t:2.710-t:1254-v:238500.693)-(t:2.722-t:1255-v:238316.68)-(t:2.723-t:1256-v:238127.557)-(t:2.725-t:1257-v:238022.126)-(t:2.726-t:1258-v:237863.295)-(t:2.726-t:1259-v:237723.85)-(t:2.727-t:1260-v:237615.814)-(t:2.727-t:1261-v:237555.259)-(t:2.728-t:1262-v:237255.018)-(t:2.751-t:1263-v:237073.369)-(t:3.279-t:1440-v:237070.187)-(t:3.284-t:1441-v:237056.29)-(t:3.286-t:1442-v:236932.683)-(t:3.289-t:1443-v:236881.483)-(t:3.294-t:1444-v:236840.718)-(t:3.295-t:1445-v:236757.876)-(t:3.365-t:1446-v:235170.984)-(t:3.371-t:1447-v:235063.78)-(t:3.445-t:1448-v:233033.631)-(t:3.721-t:1653-v:232900.395)-(t:3.746-t:1654-v:232849.193)-(t:3.748-t:1655-v:232583.662)-(t:3.771-t:1656-v:232533.781)-(t:3.931-t:1804-v:232417.16)-(t:3.931-t:1805-v:232300.745)-(t:3.932-t:1806-v:232235.383)-(t:3.932-t:1807-v:232137.791)-(t:3.932-t:1808-v:232098.555)-(t:3.932-t:1809-v:232016.856)-(t:3.932-t:1810-v:231949.566)-(t:3.932-t:1811-v:231865.981)-(t:3.933-t:1812-v:231849.165)-(t:3.933-t:1813-v:231775.894)-(t:3.933-t:1814-v:231748.536)-(t:3.933-t:1815-v:231697.501)-(t:3.934-t:1816-v:231604.875)-(t:3.934-t:1817-v:231419.471)-(t:3.935-t:1818-v:231055.806)-(t:3.938-t:1819-v:230931.9)-(t:3.938-t:1820-v:230763.312)-(t:3.938-t:1821-v:230599.647)-(t:3.939-t:1822-v:230442.006)-(t:3.939-t:1823-v:230291.78)-(t:3.940-t:1824-v:230150.719)-(t:3.940-t:1825-v:229988.59)-(t:3.940-t:1826-v:229863.889)-(t:3.958-t:1827-v:229675.123)-(t:3.958-t:1828-v:228420.595)-(t:3.969-t:1829-v:228385.215)-(t:3.972-t:1830-v:228177.249)-(t:4.006-t:1831-v:228127.368)-(t:31.079-t:38893-v:227867.333)-(t:31.082-t:38894-v:227855.968)-(t:31.406-t:39281-v:227306.545)-(t:34.562-t:44057-v:227297.371)-(t:34.563-t:44058-v:227173.764)-(t:34.563-t:44059-v:227089.992)-(t:34.564-t:44060-v:226973.764)-(t:34.564-t:44061-v:226889.992)-(t:34.566-t:44062-v:226831.413)-(t:34.569-t:44063-v:226813.599)-(t:34.570-t:44064-v:226689.992)-(t:34.571-t:44065-v:226638.792)-(t:34.572-t:44066-v:226515.185)-(t:34.573-t:44067-v:226456.606)-(t:34.590-t:44068-v:226359.299)-(t:34.592-t:44069-v:226171.646)-(t:34.592-t:44070-v:226121.563)-(t:34.594-t:44071-v:225996.445)-(t:34.596-t:44072-v:225986.01)-(t:34.596-t:44073-v:225862.403)-(t:34.598-t:44074-v:225738.796)-(t:34.600-t:44075-v:225660.306)-(t:49.788-t:65463-v:225646.249)],698.122
examples/tsp/tsplib/rd100.tsp,bestslopefirst,r1,900,0,11426.948,[(t:1.965-t:451-v:18465.543)-(t:1.965-t:452-v:18463.567)-(t:1.966-t:453-v:18457.577)-(t:1.967-t:454-v:18438.335)-(t:1.968-t:455-v:18343.482)-(t:1.983-t:456-v:18244.316)-(t:1.991-t:457-v:18181.454)-(t:1.992-t:458-v:18113.389)-(t:1.993-t:459-v:18102.237)-(t:2.007-t:460-v:18052.928)-(t:2.009-t:461-v:18046.23)-(t:2.010-t:462-v:18028.766)-(t:2.011-t:463-v:17932.052)-(t:2.013-t:464-v:17926.449)-(t:2.015-t:465-v:17845.212)-(t:2.017-t:466-v:17774.888)-(t:2.019-t:467-v:17535.016)-(t:2.020-t:468-v:17278.35)-(t:2.022-t:469-v:17060.532)-(t:2.023-t:470-v:17059.269)-(t:2.024-t:471-v:17037.155)-(t:2.027-t:472-v:17014.531)-(t:2.035-t:473-v:17009.246)-(t:2.037-t:474-v:16995.783)-(t:2.037-t:475-v:16940.239)-(t:2.051-t:476-v:16870.382)-(t:2.052-t:477-v:16835.445)-(t:2.053-t:478-v:16749.437)-(t:2.055-t:479-v:16653.148)-(t:2.058-t:480-v:16494.992)-(t:2.916-t:620-v:16480.396)-(t:2.936-t:621-v:16410.498)-(t:2.938-t:622-v:16382.744)-(t:2.941-t:623-v:16364.864)-(t:2.944-t:624-v:16274.983)-(t:2.949-t:625-v:16182.161)-(t:2.950-t:626-v:16146.888)-(t:2.954-t:627-v:15999.327)-(t:2.956-t:628-v:15971.235)-(t:2.974-t:629-v:15940.949)-(t:4.168-t:1261-v:15931.201)-(t:4.168-t:1262-v:15908.066)-(t:4.168-t:1263-v:15892.232)-(t:4.169-t:1264-v:15888.841)-(t:4.170-t:1265-v:15883.533)-(t:4.170-t:1266-v:15878.621)-(t:4.180-t:1267-v:15832.107)-(t:4.193-t:1268-v:15769.487)-(t:4.343-t:1416-v:15741.501)-(t:4.344-t:1417-v:15682.568)-(t:4.346-t:1418-v:15632.971)-(t:5.065-t:1952-v:15558.399)-(t:5.066-t:1953-v:15519.015)-(t:5.068-t:1954-v:15515.004)-(t:5.070-t:1955-v:15449.615)-(t:5.071-t:1956-v:15444.256)-(t:5.073-t:1957-v:15431.997)-(t:5.427-t:2207-v:15431.566)-(t:5.428-t:2208-v:15365.915)-(t:5.429-t:2209-v:15235.781)-(t:5.641-t:2367-v:15016.954)-(t:5.642-t:2368-v:15009.207)-(t:5.643-t:2369-v:14878.247)-(t:5.644-t:2370-v:14787.22)-(t:5.645-t:2371-v:14703.025)-(t:5.660-t:2372-v:14648.851)-(t:5.660-t:2373-v:14636.696)-(t:5.661-t:2374-v:14580.666)-(t:5.664-t:2375-v:14477.859)-(t:5.664-t:2376-v:14421.177)-(t:5.664-t:2377-v:14406.729)-(t:5.676-t:2378-v:14329.85)-(t:5.875-t:2507-v:14328.702)-(t:11.689-t:8067-v:14322.648)-(t:15.437-t:12464-v:13843.983)-(t:15.438-t:12465-v:13672.989)-(t:15.439-t:12466-v:13484.782)-(t:15.442-t:12467-v:13482.151)-(t:15.445-t:12468-v:13410.272)-(t:15.445-t:12469-v:13374.183)-(t:15.445-t:12470-v:13356.063)-(t:15.445-t:12471-v:13219.219)-(t:15.448-t:12472-v:13112.434)-(t:23.053-t:21192-v:13067.136)-(t:23.053-t:21193-v:12992.976)-(t:23.054-t:21194-v:12935.09)-(t:23.055-t:21195-v:12833.313)-(t:23.056-t:21196-v:12791.968)-(t:23.057-t:21197-v:12780.309)-(t:23.059-t:21198-v:12774.66)-(t:23.059-t:21199-v:12744.199)-(t:23.061-t:21200-v:12724.962)-(t:23.063-t:21201-v:12679.692)-(t:23.066-t:21202-v:12654.997)-(t:71.624-t:77998-v:12645.105)-(t:122.120-t:137851-v:12542.115)-(t:122.121-t:137852-v:12537.863)-(t:279.978-t:323731-v:12515.21)-(t:279.980-t:323732-v:12507.882)-(t:279.981-t:323733-v:12442.231)-(t:279.984-t:323734-v:12364.038)-(t:279.985-t:323735-v:12299.76)-(t:279.988-t:323736-v:12296.948)-(t:279.989-t:323737-v:12237.766)-(t:279.994-t:323738-v:12224.228)-(t:279.994-t:323739-v:12195.512)-(t:280.121-t:323839-v:12126.317)-(t:306.669-t:355218-v:12113.306)-(t:306.670-t:355219-v:12104.352)-(t:306.672-t:355220-v:12101.777)-(t:306.674-t:355221-v:12096.674)-(t:306.675-t:355222-v:12089.798)-(t:306.678-t:355223-v:11991.397)-(t:306.681-t:355224-v:11967.547)-(t:689.049-t:807240-v:11548.744)-(t:689.052-t:807241-v:11468.562)-(t:689.054-t:807242-v:11426.948)],310.466
examples/tsp/tsplib/eil76.tsp,roundrobin,r1,900,0,656.618,[(t:0.702-t:217-v:1393.803)-(t:0.703-t:218-v:1380.01)-(t:0.703-t:219-v:1373.69)-(t:0.704-t:220-v:1372.859)-(t:0.712-t:221-v:1363.212)-(t:0.715-t:222-v:1358.281)-(t:0.716-t:223-v:1348.692)-(t:0.719-t:224-v:1339.698)-(t:0.734-t:225-v:1334.489)-(t:0.738-t:226-v:1331.717)-(t:0.738-t:227-v:1330.229)-(t:0.740-t:228-v:1329.035)-(t:0.740-t:229-v:1322.575)-(t:0.745-t:230-v:1301.229)-(t:0.760-t:231-v:1295.299)-(t:0.760-t:232-v:1292.409)-(t:0.762-t:233-v:1291.665)-(t:0.765-t:234-v:1281.059)-(t:0.767-t:235-v:1277.063)-(t:0.768-t:236-v:1268.247)-(t:0.769-t:237-v:1262.875)-(t:0.771-t:238-v:1259.062)-(t:0.772-t:239-v:1256.546)-(t:0.789-t:240-v:1253.248)-(t:0.791-t:241-v:1252.034)-(t:0.794-t:242-v:1242.281)-(t:0.796-t:243-v:1236.461)-(t:0.797-t:244-v:1234.092)-(t:0.813-t:245-v:1230.846)-(t:0.816-t:246-v:1228.319)-(t:0.817-t:247-v:1226.191)-(t:0.820-t:248-v:1222.472)-(t:0.836-t:249-v:1220.338)-(t:0.841-t:250-v:1213.178)-(t:0.845-t:251-v:1206.691)-(t:0.846-t:252-v:1204.485)-(t:0.847-t:253-v:1196.579)-(t:0.850-t:254-v:1196.084)-(t:0.864-t:255-v:1193.089)-(t:0.869-t:256-v:1189.789)-(t:0.870-t:257-v:1188.199)-(t:0.875-t:258-v:1164.069)-(t:0.876-t:259-v:1163.392)-(t:0.879-t:260-v:1161.505)-(t:0.889-t:261-v:1160.916)-(t:0.893-t:262-v:1147.198)-(t:0.893-t:263-v:1129.722)-(t:0.897-t:264-v:1125.718)-(t:0.911-t:265-v:1123.294)-(t:0.916-t:266-v:1117.539)-(t:0.917-t:267-v:1109.009)-(t:0.918-t:268-v:1106.558)-(t:0.920-t:269-v:1105.989)-(t:0.923-t:270-v:1097.017)-(t:0.925-t:271-v:1095.999)-(t:0.940-t:272-v:1089.921)-(t:0.943-t:273-v:1076.461)-(t:0.946-t:274-v:1067.882)-(t:0.952-t:275-v:1064.61)-(t:0.952-t:276-v:1061.168)-(t:0.974-t:277-v:1058.046)-(t:0.981-t:278-v:1057.391)-(t:0.984-t:279-v:1057.292)-(t:1.002-t:280-v:1056.996)-(t:1.009-t:281-v:1056.661)-(t:1.029-t:282-v:1056.47)-(t:1.053-t:283-v:1020.785)-(t:1.054-t:284-v:1017.05)-(t:1.059-t:285-v:1016.496)-(t:1.059-t:286-v:1015.344)-(t:1.060-t:287-v:1010.938)-(t:1.069-t:288-v:1007.618)-(t:1.094-t:289-v:1006.287)-(t:1.097-t:290-v:1001.999)-(t:1.098-t:291-v:999.313)-(t:1.115-t:292-v:995.05)-(t:1.118-t:293-v:992.017)-(t:1.121-t:294-v:991.995)-(t:1.140-t:295-v:990.084)-(t:1.147-t:296-v:986.265)-(t:1.151-t:297-v:980.454)-(t:1.172-t:298-v:976.292)-(t:1.180-t:299-v:965.849)-(t:1.197-t:300-v:947.209)-(t:1.212-t:301-v:936.921)-(t:1.218-t:302-v:935.322)-(t:1.240-t:303-v:935.139)-(t:1.248-t:304-v:930.562)-(t:1.268-t:305-v:918.713)-(t:1.277-t:306-v:917.003)-(t:1.310-t:307-v:916.606)-(t:1.314-t:308-v:916.443)-(t:1.334-t:309-v:915.775)-(t:1.343-t:310-v:913.231)-(t:1.363-t:311-v:909.429)-(t:1.388-t:312-v:903.628)-(t:1.391-t:313-v:895.82)-(t:1.395-t:314-v:894.571)-(t:1.417-t:315-v:893.243)-(t:1.441-t:316-v:890.236)-(t:1.464-t:317-v:881.067)-(t:1.469-t:318-v:880.684)-(t:1.486-t:319-v:876.134)-(t:1.492-t:320-v:873.939)-(t:1.501-t:321-v:870.536)-(t:1.503-t:322-v:870.171)-(t:1.517-t:323-v:868.3)-(t:1.520-t:324-v:863.015)-(t:1.521-t:325-v:862.717)-(t:1.521-t:326-v:861.709)-(t:1.536-t:327-v:855.061)-(t:1.538-t:328-v:851.398)-(t:1.539-t:329-v:848.882)-(t:1.545-t:330-v:846.805)-(t:1.547-t:331-v:845.651)-(t:1.547-t:332-v:843.431)-(t:1.553-t:333-v:839.275)-(t:1.556-t:334-v:836.806)-(t:1.557-t:335-v:836.463)-(t:1.560-t:336-v:829.263)-(t:1.582-t:337-v:825.341)-(t:1.584-t:338-v:824.838)-(t:1.605-t:339-v:819.436)-(t:1.614-t:340-v:817.111)-(t:2.813-t:535-v:816.425)-(t:2.820-t:536-v:815.805)-(t:2.841-t:537-v:813.983)-(t:2.845-t:538-v:813.922)-(t:2.859-t:539-v:812.688)-(t:2.862-t:540-v:811.648)-(t:2.864-t:541-v:801.964)-(t:2.867-t:542-v:800.759)-(t:2.869-t:543-v:799.481)-(t:2.872-t:544-v:798.178)-(t:2.874-t:545-v:797.34)-(t:2.889-t:546-v:796.514)-(t:2.894-t:547-v:796.501)-(t:2.901-t:548-v:795.39)-(t:2.904-t:549-v:793.478)-(t:2.917-t:550-v:792.836)-(t:2.920-t:551-v:792.595)-(t:2.923-t:552-v:792.539)-(t:2.939-t:553-v:791.896)-(t:2.944-t:554-v:785.934)-(t:2.950-t:555-v:784.379)-(t:3.184-t:643-v:754.127)-(t:3.187-t:644-v:753.394)-(t:3.207-t:645-v:749.131)-(t:3.211-t:646-v:748.827)-(t:3.218-t:647-v:746.199)-(t:3.218-t:648-v:743.948)-(t:3.218-t:649-v:742.068)-(t:3.220-t:650-v:740.805)-(t:3.221-t:651-v:736.83)-(t:3.221-t:652-v:735.475)-(t:3.223-t:653-v:735.225)-(t:3.224-t:654-v:733.818)-(t:3.239-t:655-v:733.709)-(t:7.163-t:4656-v:733.641)-(t:7.164-t:4657-v:729.91)-(t:7.165-t:4658-v:729.504)-(t:7.165-t:4659-v:729.071)-(t:7.166-t:4660-v:727.113)-(t:7.167-t:4661-v:725.114)-(t:7.169-t:4662-v:720.827)-(t:7.170-t:4663-v:720.407)-(t:7.172-t:4664-v:716.298)-(t:7.175-t:4665-v:712.496)-(t:7.177-t:4666-v:705.686)-(t:7.179-t:4667-v:697.336)-(t:14.007-t:14520-v:692.591)-(t:14.008-t:14521-v:692.15)-(t:14.011-t:14522-v:689.088)-(t:14.014-t:14523-v:688.952)-(t:14.017-t:14524-v:688.658)-(t:14.019-t:14525-v:687.534)-(t:59.740-t:80939-v:687.173)-(t:59.742-t:80940-v:680.559)-(t:148.561-t:212438-v:679.75)-(t:148.565-t:212439-v:673.73)-(t:148.568-t:212440-v:671.008)-(t:561.597-t:819037-v:670.758)-(t:561.597-t:819038-v:667.994)-(t:561.597-t:819039-v:664.932)-(t:561.599-t:819040-v:663.629)-(t:561.602-t:819041-v:658.712)-(t:561.605-t:819042-v:656.618)],175.834
examples/tsp/tsplib/bier127.tsp,bestslopefirst,r1,900,0,209615.278,[(t:1.676-t:504-v:282857.471)-(t:1.676-t:505-v:282481.49)-(t:1.677-t:506-v:281286.948)-(t:1.677-t:507-v:281114.287)-(t:1.678-t:508-v:280765.69)-(t:1.678-t:509-v:280566.184)-(t:1.678-t:510-v:280438.149)-(t:1.679-t:511-v:280321.472)-(t:1.691-t:512-v:279824.689)-(t:1.692-t:513-v:279816.16)-(t:1.692-t:514-v:279217.327)-(t:1.693-t:515-v:278998.911)-(t:1.694-t:516-v:278811.247)-(t:1.694-t:517-v:278685.924)-(t:1.695-t:518-v:278223.894)-(t:1.696-t:519-v:276315.744)-(t:1.696-t:520-v:276203.153)-(t:1.696-t:521-v:275772.39)-(t:1.697-t:522-v:275069.104)-(t:1.698-t:523-v:275063.149)-(t:1.698-t:524-v:274526.491)-(t:1.699-t:525-v:273705.257)-(t:1.700-t:526-v:272588.712)-(t:1.700-t:527-v:272374.073)-(t:1.700-t:528-v:268115.913)-(t:1.701-t:529-v:267202.883)-(t:1.702-t:530-v:266358.956)-(t:1.702-t:531-v:266063.685)-(t:1.716-t:532-v:265649.431)-(t:1.717-t:533-v:265475.469)-(t:1.717-t:534-v:264734.826)-(t:1.718-t:535-v:264630.312)-(t:1.719-t:536-v:264611.028)-(t:1.720-t:537-v:264052.673)-(t:1.721-t:538-v:263893.553)-(t:1.723-t:539-v:262712.799)-(t:1.723-t:540-v:262453.82)-(t:1.723-t:541-v:262225.112)-(t:1.726-t:542-v:260260.559)-(t:1.727-t:543-v:259492.487)-(t:1.730-t:544-v:259447.31)-(t:1.730-t:545-v:259234.586)-(t:1.731-t:546-v:259067.094)-(t:1.732-t:547-v:257910.602)-(t:1.732-t:548-v:257597.089)-(t:2.518-t:687-v:237492.54)-(t:2.520-t:688-v:236943.411)-(t:2.520-t:689-v:236653.749)-(t:2.539-t:690-v:236337.89)-(t:2.540-t:691-v:235713.289)-(t:2.546-t:692-v:235581.14)-(t:2.548-t:693-v:235300.755)-(t:2.550-t:694-v:234631.85)-(t:2.551-t:695-v:234117.789)-(t:2.567-t:696-v:233892.63)-(t:18.229-t:16106-v:230829.994)-(t:18.230-t:16107-v:230773.828)-(t:18.231-t:16108-v:229597.744)-(t:18.231-t:16109-v:228930.762)-(t:18.232-t:16110-v:228113.673)-(t:18.235-t:16111-v:227970.289)-(t:18.239-t:16112-v:227824.158)-(t:18.239-t:16113-v:227816.352)-(t:18.240-t:16114-v:227673.736)-(t:18.240-t:16115-v:227151.744)-(t:18.242-t:16116-v:227032.893)-(t:18.242-t:16117-v:226983.025)-(t:18.245-t:16118-v:226724.818)-(t:18.249-t:16119-v:226722.568)-(t:18.252-t:16120-v:225966.161)-(t:18.255-t:16121-v:225947.118)-(t:18.259-t:16122-v:225710.164)-(t:18.259-t:16123-v:225630.108)-(t:18.259-t:16124-v:225544.388)-(t:18.263-t:16125-v:225463.766)-(t:24.310-t:22767-v:224037.787)-(t:24.312-t:22768-v:224019.475)-(t:24.312-t:22769-v:224002.688)-(t:24.313-t:22770-v:223872.956)-(t:24.313-t:22771-v:223206.114)-(t:24.316-t:22772-v:222715.196)-(t:24.317-t:22773-v:222646.963)-(t:24.321-t:22774-v:222395.958)-(t:48.564-t:49786-v:221951.821)-(t:48.566-t:49787-v:221037.14)-(t:48.567-t:49788-v:220989.765)-(t:48.569-t:49789-v:220317.502)-(t:48.571-t:49790-v:220152.26)-(t:48.574-t:49791-v:220044.068)-(t:48.577-t:49792-v:219384.851)-(t:48.580-t:49793-v:218484.48)-(t:48.584-t:49794-v:218388.382)-(t:48.587-t:49795-v:218367.717)-(t:48.590-t:49796-v:218359.258)-(t:48.591-t:49797-v:217687.146)-(t:48.594-t:49798-v:217535.202)-(t:48.598-t:49799-v:217290.922)-(t:48.602-t:49800-v:216917.163)-(t:102.560-t:110627-v:216645.394)-(t:368.421-t:407100-v:216603.053)-(t:368.422-t:407101-v:216529.032)-(t:368.422-t:407102-v:216494.851)-(t:368.422-t:407103-v:216218.884)-(t:368.422-t:407104-v:216190.314)-(t:368.423-t:407105-v:216110.536)-(t:368.423-t:407106-v:215781.36)-(t:368.424-t:407107-v:215620.725)-(t:368.426-t:407108-v:215441.21)-(t:368.429-t:407109-v:215061.857)-(t:368.430-t:407110-v:214816.475)-(t:368.431-t:407111-v:214447.488)-(t:368.433-t:407112-v:214181.889)-(t:599.883-t:666133-v:213968.841)-(t:599.887-t:666134-v:213954.473)-(t:599.891-t:666135-v:213838.329)-(t:599.894-t:666136-v:213471.505)-(t:599.897-t:666137-v:213354.743)-(t:677.198-t:752088-v:213051.728)-(t:677.199-t:752089-v:212696.526)-(t:677.199-t:752090-v:212682.892)-(t:677.201-t:752091-v:212625.109)-(t:677.301-t:752192-v:212343.594)-(t:677.305-t:752193-v:211556.827)-(t:677.305-t:752194-v:211516.139)-(t:677.307-t:752195-v:211374.746)-(t:677.308-t:752196-v:210602.023)-(t:677.310-t:752197-v:210389.744)-(t:677.312-t:752198-v:210064.937)-(t:678.495-t:753557-v:210019.232)-(t:678.498-t:753558-v:209988.941)-(t:678.500-t:753559-v:209664.091)-(t:678.504-t:753560-v:209615.278)],404.576
examples/tsp/tsplib/pcb442.tsp,bestslopefirst,r1,900,0,201694.512,[(t:3.476-t:1471-v:242681.925)-(t:3.477-t:1472-v:242642.053)-(t:3.479-t:1473-v:242443.553)-(t:3.480-t:1474-v:242355.456)-(t:3.481-t:1475-v:242157.213)-(t:3.491-t:1476-v:242080.089)-(t:3.492-t:1477-v:241882.176)-(t:3.493-t:1478-v:241816.907)-(t:3.494-t:1479-v:241619.425)-(t:3.495-t:1480-v:241566.831)-(t:3.509-t:1481-v:241369.927)-(t:3.511-t:1482-v:237586.509)-(t:3.513-t:1483-v:236847.111)-(t:3.520-t:1484-v:236682.288)-(t:3.521-t:1485-v:236494.635)-(t:3.521-t:1486-v:236309.928)-(t:3.521-t:1487-v:236129.301)-(t:3.521-t:1488-v:236014.728)-(t:3.521-t:1489-v:235814.728)-(t:3.522-t:1490-v:235614.728)-(t:3.528-t:1491-v:235414.728)-(t:3.529-t:1492-v:235214.728)-(t:3.529-t:1493-v:235206.232)-(t:3.529-t:1494-v:234825.605)-(t:3.552-t:1495-v:232884.422)-(t:3.552-t:1496-v:232822.986)-(t:3.560-t:1497-v:232785.896)-(t:4.502-t:1664-v:226997.785)-(t:4.502-t:1665-v:226902.321)-(t:4.502-t:1666-v:226826.931)-(t:4.502-t:1667-v:226752.106)-(t:4.502-t:1668-v:226539.496)-(t:4.517-t:1669-v:226415.889)-(t:4.518-t:1670-v:226292.282)-(t:4.518-t:1671-v:226168.675)-(t:4.519-t:1672-v:226065.736)-(t:4.519-t:1673-v:225877.032)-(t:4.520-t:1674-v:225655.923)-(t:4.523-t:1675-v:225597.344)-(t:4.524-t:1676-v:225538.765)-(t:4.525-t:1677-v:225455.923)-(t:4.526-t:1678-v:225397.344)-(t:4.527-t:1679-v:225379.53)-(t:4.527-t:1680-v:225338.765)-(t:4.528-t:1681-v:225255.923)-(t:4.542-t:1682-v:225197.344)-(t:4.543-t:1683-v:225179.53)-(t:4.543-t:1684-v:225138.765)-(t:4.546-t:1685-v:225055.923)-(t:4.548-t:1686-v:224997.344)-(t:4.549-t:1687-v:224979.53)-(t:4.549-t:1688-v:224938.765)-(t:4.550-t:1689-v:224855.923)-(t:4.552-t:1690-v:224797.344)-(t:4.553-t:1691-v:224779.53)-(t:4.553-t:1692-v:224738.765)-(t:4.567-t:1693-v:224655.923)-(t:4.568-t:1694-v:224597.344)-(t:4.572-t:1695-v:224579.53)-(t:4.573-t:1696-v:224538.765)-(t:4.574-t:1697-v:224361.81)-(t:4.574-t:1698-v:224251.908)-(t:4.575-t:1699-v:224197.246)-(t:4.575-t:1700-v:224121.783)-(t:4.577-t:1701-v:224063.204)-(t:4.578-t:1702-v:223845.39)-(t:4.578-t:1703-v:223804.625)-(t:4.592-t:1704-v:223721.783)-(t:4.593-t:1705-v:223474.569)-(t:5.451-t:2002-v:222148.318)-(t:5.454-t:2003-v:222089.857)-(t:5.455-t:2004-v:221857.015)-(t:5.456-t:2005-v:221816.25)-(t:5.457-t:2006-v:221733.408)-(t:5.460-t:2007-v:221652.632)-(t:5.461-t:2008-v:221616.341)-(t:5.477-t:2009-v:221608.946)-(t:5.477-t:2010-v:221491.674)-(t:5.477-t:2011-v:221436.188)-(t:5.477-t:2012-v:221298.429)-(t:5.478-t:2013-v:221234.875)-(t:5.478-t:2014-v:221043.594)-(t:5.478-t:2015-v:220919.987)-(t:5.479-t:2016-v:220798.432)-(t:5.479-t:2017-v:220635.529)-(t:5.479-t:2018-v:220411.0)-(t:5.495-t:2019-v:220352.421)-(t:5.496-t:2020-v:220334.607)-(t:5.496-t:2021-v:220293.842)-(t:5.497-t:2022-v:220211.0)-(t:5.499-t:2023-v:220152.421)-(t:5.500-t:2024-v:220137.106)-(t:5.500-t:2025-v:220096.341)-(t:5.501-t:2026-v:220013.499)-(t:5.502-t:2027-v:219958.073)-(t:5.504-t:2028-v:219944.353)-(t:5.504-t:2029-v:219820.746)-(t:5.506-t:2030-v:219767.681)-(t:5.521-t:2031-v:219764.521)-(t:5.521-t:2032-v:219630.479)-(t:5.522-t:2033-v:219589.714)-(t:5.523-t:2034-v:219531.135)-(t:5.524-t:2035-v:219513.321)-(t:5.525-t:2036-v:219472.556)-(t:5.526-t:2037-v:219389.714)-(t:5.527-t:2038-v:219306.872)-(t:5.542-t:2039-v:219226.274)-(t:5.547-t:2040-v:219189.983)-(t:5.932-t:2238-v:219162.94)-(t:5.934-t:2239-v:219055.189)-(t:5.934-t:2240-v:218976.92)-(t:5.934-t:2241-v:218876.035)-(t:5.935-t:2242-v:218833.814)-(t:5.935-t:2243-v:218633.814)-(t:5.935-t:2244-v:218455.568)-(t:5.936-t:2245-v:218402.503)-(t:5.937-t:2246-v:218399.343)-(t:5.937-t:2247-v:218381.529)-(t:5.937-t:2248-v:218265.301)-(t:5.937-t:2249-v:218141.694)-(t:5.939-t:2250-v:218083.115)-(t:5.940-t:2251-v:218065.301)-(t:5.940-t:2252-v:218024.536)-(t:5.941-t:2253-v:217941.694)-(t:5.943-t:2254-v:217893.788)-(t:5.943-t:2255-v:217857.497)-(t:7.966-t:3290-v:216398.976)-(t:7.983-t:3291-v:216340.397)-(t:7.984-t:3292-v:216301.881)-(t:7.985-t:3293-v:215658.633)-(t:7.998-t:3294-v:215575.791)-(t:7.998-t:3295-v:215452.184)-(t:8.008-t:3296-v:215429.065)-(t:8.010-t:3297-v:215399.665)-(t:8.024-t:3298-v:215388.3)-(t:9.181-t:4069-v:213836.852)-(t:59.145-t:35311-v:213563.747)-(t:59.146-t:35312-v:213510.015)-(t:59.146-t:35313-v:213363.81)-(t:59.147-t:35314-v:213170.136)-(t:59.147-t:35315-v:212995.329)-(t:59.148-t:35316-v:212582.668)-(t:59.151-t:35317-v:212524.089)-(t:59.151-t:35318-v:212493.469)-(t:59.152-t:35319-v:212434.89)-(t:59.152-t:35320-v:212421.304)-(t:59.154-t:35321-v:212362.725)-(t:59.155-t:35322-v:212344.911)-(t:59.155-t:35323-v:212305.346)-(t:59.157-t:35324-v:212287.532)-(t:59.157-t:35325-v:212260.001)-(t:59.158-t:35326-v:212242.187)-(t:59.159-t:35327-v:212118.58)-(t:59.162-t:35328-v:212060.001)-(t:59.164-t:35329-v:212042.187)-(t:59.164-t:35330-v:212001.422)-(t:59.165-t:35331-v:211918.58)-(t:59.167-t:35332-v:211860.001)-(t:59.168-t:35333-v:211842.187)-(t:59.169-t:35334-v:211801.422)-(t:59.170-t:35335-v:211718.58)-(t:59.183-t:35336-v:211530.147)-(t:59.188-t:35337-v:211443.641)-(t:59.194-t:35338-v:211440.894)-(t:59.196-t:35339-v:211438.22)-(t:59.198-t:35340-v:211406.154)-(t:59.201-t:35341-v:211397.207)-(t:59.216-t:35342-v:211345.97)-(t:91.689-t:55934-v:211264.857)-(t:91.690-t:55935-v:211075.734)-(t:91.706-t:55936-v:211024.497)-(t:91.708-t:55937-v:210709.34)-(t:91.726-t:55938-v:210659.459)-(t:167.220-t:104286-v:210374.333)-(t:167.234-t:104287-v:210354.405)-(t:167.238-t:104288-v:210150.843)-(t:167.561-t:104457-v:209756.251)-(t:167.561-t:104458-v:209619.275)-(t:167.562-t:104459-v:209602.63)-(t:167.578-t:104460-v:209579.511)-(t:167.580-t:104461-v:209576.234)-(t:167.583-t:104462-v:209564.869)-(t:167.584-t:104463-v:209547.628)-(t:167.598-t:104464-v:209535.571)-(t:167.598-t:104465-v:209418.414)-(t:408.324-t:263095-v:209194.514)-(t:408.326-t:263096-v:209187.262)-(t:408.328-t:263097-v:209145.834)-(t:408.329-t:263098-v:209117.277)-(t:408.329-t:263099-v:209106.364)-(t:408.330-t:263100-v:209059.15)-(t:408.332-t:263101-v:209000.571)-(t:408.334-t:263102-v:208917.729)-(t:408.336-t:263103-v:208891.33)-(t:408.338-t:263104-v:208854.546)-(t:408.338-t:263105-v:208771.703)-(t:408.340-t:263106-v:208764.041)-(t:408.341-t:263107-v:208609.58)-(t:408.341-t:263108-v:208456.794)-(t:408.359-t:263109-v:208406.913)-(t:535.968-t:348874-v:205772.225)-(t:535.985-t:348875-v:205607.402)-(t:535.986-t:348876-v:205419.749)-(t:535.986-t:348877-v:205235.042)-(t:535.987-t:348878-v:205054.415)-(t:536.003-t:348879-v:204975.925)-(t:550.158-t:357767-v:204859.319)-(t:794.434-t:518139-v:203880.107)-(t:794.434-t:518140-v:203777.331)-(t:794.435-t:518141-v:203739.75)-(t:794.435-t:518142-v:203656.908)-(t:794.436-t:518143-v:203457.604)-(t:794.436-t:518144-v:203259.085)-(t:794.437-t:518145-v:203060.088)-(t:794.438-t:518146-v:202864.123)-(t:794.438-t:518147-v:202665.691)-(t:794.438-t:518148-v:202641.069)-(t:794.454-t:518149-v:202615.872)-(t:794.455-t:518150-v:202569.827)-(t:794.457-t:518151-v:201744.393)-(t:794.472-t:518152-v:201736.186)-(t:794.474-t:518153-v:201694.512)],680.598
examples/tsp/tsplib/bier127.tsp,roundrobin,r1,900,0,219389.959,[(t:0.987-t:362-v:386747.152)-(t:1.000-t:363-v:384305.43)-(t:1.003-t:364-v:383533.73)-(t:1.004-t:365-v:383219.999)-(t:1.006-t:366-v:382859.005)-(t:1.011-t:367-v:381842.774)-(t:1.011-t:368-v:381779.253)-(t:1.013-t:369-v:380422.75)-(t:1.014-t:370-v:379554.789)-(t:1.015-t:371-v:379417.114)-(t:1.031-t:372-v:378658.771)-(t:1.034-t:373-v:378520.732)-(t:1.035-t:374-v:378032.874)-(t:1.037-t:375-v:377647.545)-(t:1.037-t:376-v:377454.552)-(t:1.037-t:377-v:376849.831)-(t:1.038-t:378-v:376436.356)-(t:1.040-t:379-v:376020.143)-(t:1.044-t:380-v:375995.024)-(t:1.045-t:381-v:375933.256)-(t:1.045-t:382-v:375848.165)-(t:1.067-t:383-v:375806.47)-(t:1.071-t:384-v:370755.066)-(t:1.073-t:385-v:370530.421)-(t:1.077-t:386-v:370418.356)-(t:1.080-t:387-v:370307.455)-(t:1.084-t:388-v:370109.313)-(t:1.084-t:389-v:368889.473)-(t:1.098-t:390-v:368445.933)-(t:1.100-t:391-v:368124.103)-(t:1.101-t:392-v:367324.054)-(t:1.102-t:393-v:367039.557)-(t:1.104-t:394-v:365892.684)-(t:1.107-t:395-v:365702.014)-(t:1.109-t:396-v:365692.136)-(t:1.130-t:397-v:365660.618)-(t:1.135-t:398-v:362670.264)-(t:1.143-t:399-v:362276.581)-(t:1.144-t:400-v:362120.23)-(t:1.145-t:401-v:361912.396)-(t:1.146-t:402-v:361462.278)-(t:1.150-t:403-v:361278.062)-(t:1.151-t:404-v:361264.11)-(t:1.152-t:405-v:361207.628)-(t:1.153-t:406-v:361092.156)-(t:1.154-t:407-v:361072.804)-(t:1.169-t:408-v:361011.85)-(t:1.172-t:409-v:360969.807)-(t:1.173-t:410-v:360839.047)-(t:1.177-t:411-v:360810.317)-(t:1.181-t:412-v:360640.39)-(t:1.183-t:413-v:360455.354)-(t:1.197-t:414-v:360209.083)-(t:1.204-t:415-v:359485.536)-(t:1.205-t:416-v:359459.682)-(t:1.205-t:417-v:359407.769)-(t:1.206-t:418-v:359145.249)-(t:1.212-t:419-v:359032.742)-(t:1.227-t:420-v:358650.309)-(t:1.229-t:421-v:358407.624)-(t:1.246-t:422-v:358332.396)-(t:1.249-t:423-v:358041.005)-(t:1.254-t:424-v:357787.159)-(t:1.257-t:425-v:357751.336)-(t:1.258-t:426-v:357551.351)-(t:1.258-t:427-v:357038.135)-(t:1.259-t:428-v:356264.237)-(t:1.259-t:429-v:356222.006)-(t:1.259-t:430-v:355883.816)-(t:1.273-t:431-v:355765.385)-(t:1.274-t:432-v:355680.294)-(t:1.276-t:433-v:355397.248)-(t:1.277-t:434-v:354360.916)-(t:1.279-t:435-v:354193.522)-(t:1.284-t:436-v:354149.002)-(t:1.285-t:437-v:353975.923)-(t:1.285-t:438-v:353875.038)-(t:1.287-t:439-v:353851.879)-(t:1.303-t:440-v:353601.507)-(t:1.306-t:441-v:353588.403)-(t:1.312-t:442-v:353484.546)-(t:1.313-t:443-v:352831.189)-(t:1.314-t:444-v:352705.831)-(t:1.314-t:445-v:352602.083)-(t:1.315-t:446-v:351325.904)-(t:1.315-t:447-v:351242.566)-(t:1.329-t:448-v:350868.922)-(t:1.331-t:449-v:350657.894)-(t:1.346-t:450-v:350293.721)-(t:1.347-t:451-v:350008.263)-(t:1.354-t:452-v:349658.072)-(t:1.355-t:453-v:349590.865)-(t:1.372-t:454-v:346015.436)-(t:1.375-t:455-v:345997.15)-(t:1.375-t:456-v:345940.089)-(t:1.376-t:457-v:344585.3)-(t:1.376-t:458-v:344246.494)-(t:1.378-t:459-v:344109.066)-(t:1.378-t:460-v:343567.409)-(t:1.378-t:461-v:343539.557)-(t:1.379-t:462-v:342897.482)-(t:1.380-t:463-v:342863.679)-(t:1.385-t:464-v:342741.817)-(t:1.388-t:465-v:342508.488)-(t:1.402-t:466-v:342125.243)-(t:1.405-t:467-v:340311.401)-(t:1.409-t:468-v:339237.169)-(t:1.410-t:469-v:339145.467)-(t:1.426-t:470-v:338337.825)-(t:1.427-t:471-v:337537.639)-(t:1.427-t:472-v:337485.558)-(t:1.429-t:473-v:337152.634)-(t:1.430-t:474-v:337113.482)-(t:1.434-t:475-v:336970.098)-(t:1.448-t:476-v:336879.428)-(t:1.452-t:477-v:336763.307)-(t:1.467-t:478-v:335716.69)-(t:1.471-t:479-v:335537.839)-(t:1.473-t:480-v:335469.888)-(t:1.476-t:481-v:335449.223)-(t:1.492-t:482-v:334700.146)-(t:1.496-t:483-v:334684.67)-(t:1.502-t:484-v:334658.292)-(t:1.511-t:485-v:333808.366)-(t:1.513-t:486-v:333239.468)-(t:1.526-t:487-v:332935.815)-(t:1.527-t:488-v:332918.598)-(t:1.529-t:489-v:332421.29)-(t:1.529-t:490-v:331998.986)-(t:1.531-t:491-v:331838.124)-(t:1.532-t:492-v:331659.463)-(t:1.534-t:493-v:331500.492)-(t:1.548-t:494-v:331355.753)-(t:1.550-t:495-v:331334.428)-(t:1.551-t:496-v:331250.356)-(t:1.551-t:497-v:331113.98)-(t:1.552-t:498-v:331029.076)-(t:1.553-t:499-v:330998.766)-(t:1.553-t:500-v:330994.632)-(t:1.555-t:501-v:330414.008)-(t:1.572-t:502-v:330268.168)-(t:1.581-t:503-v:327631.888)-(t:1.595-t:504-v:326696.551)-(t:1.596-t:505-v:326395.836)-(t:1.599-t:506-v:326391.885)-(t:1.601-t:507-v:326220.717)-(t:1.609-t:508-v:325435.79)-(t:1.630-t:509-v:325130.894)-(t:1.632-t:510-v:324755.002)-(t:1.632-t:511-v:324530.603)-(t:1.633-t:512-v:323516.603)-(t:1.650-t:513-v:322989.678)-(t:1.652-t:514-v:322847.128)-(t:1.656-t:515-v:322021.131)-(t:1.658-t:516-v:321588.607)-(t:1.658-t:517-v:321004.309)-(t:1.663-t:518-v:320833.141)-(t:1.682-t:519-v:320655.129)-(t:1.705-t:520-v:320473.56)-(t:1.706-t:521-v:320409.94)-(t:1.712-t:522-v:319680.552)-(t:1.712-t:523-v:318590.164)-(t:1.713-t:524-v:318046.871)-(t:1.713-t:525-v:316990.488)-(t:1.729-t:526-v:313677.308)-(t:1.730-t:527-v:313646.107)-(t:1.732-t:528-v:313485.569)-(t:1.753-t:529-v:313119.843)-(t:1.770-t:530-v:313001.027)-(t:1.778-t:531-v:312881.807)-(t:1.800-t:532-v:312812.223)-(t:1.814-t:533-v:312648.834)-(t:1.815-t:534-v:312536.092)-(t:1.815-t:535-v:312528.468)-(t:1.816-t:536-v:312415.489)-(t:1.816-t:537-v:312001.58)-(t:1.817-t:538-v:311953.323)-(t:1.818-t:539-v:311844.553)-(t:1.818-t:540-v:311683.009)-(t:1.818-t:541-v:311678.469)-(t:1.819-t:542-v:311123.074)-(t:1.819-t:543-v:310880.099)-(t:1.819-t:544-v:310135.854)-(t:1.820-t:545-v:309918.954)-(t:1.820-t:546-v:309787.916)-(t:1.821-t:547-v:309768.272)-(t:1.821-t:548-v:309650.876)-(t:1.822-t:549-v:309464.872)-(t:1.823-t:550-v:309393.073)-(t:1.825-t:551-v:309098.513)-(t:1.832-t:552-v:305868.626)-(t:1.833-t:553-v:305819.339)-(t:1.834-t:554-v:305613.85)-(t:1.847-t:555-v:305175.138)-(t:1.849-t:556-v:305026.114)-(t:1.850-t:557-v:304659.29)-(t:1.851-t:558-v:304118.782)-(t:1.853-t:559-v:303669.67)-(t:1.854-t:560-v:303525.108)-(t:1.872-t:561-v:303366.248)-(t:1.894-t:562-v:302434.171)-(t:1.899-t:563-v:302226.076)-(t:1.907-t:564-v:301898.658)-(t:1.931-t:565-v:299647.368)-(t:1.932-t:566-v:299122.118)-(t:1.932-t:567-v:298574.483)-(t:1.937-t:568-v:298063.147)-(t:1.942-t:569-v:297961.082)-(t:1.965-t:570-v:297747.107)-(t:1.965-t:571-v:297349.923)-(t:1.966-t:572-v:297294.0)-(t:1.967-t:573-v:296462.467)-(t:1.973-t:574-v:296258.187)-(t:1.974-t:575-v:296257.867)-(t:1.974-t:576-v:296034.896)-(t:1.975-t:577-v:295827.775)-(t:1.993-t:578-v:295821.177)-(t:1.995-t:579-v:295466.278)-(t:1.999-t:580-v:295211.696)-(t:2.004-t:581-v:293942.891)-(t:2.023-t:582-v:293765.648)-(t:2.029-t:583-v:293452.648)-(t:2.035-t:584-v:293264.251)-(t:2.056-t:585-v:292940.462)-(t:2.421-t:689-v:292468.2)-(t:2.431-t:690-v:292352.928)-(t:2.450-t:691-v:292262.219)-(t:2.469-t:692-v:291720.348)-(t:2.470-t:693-v:291642.107)-(t:2.472-t:694-v:291294.668)-(t:2.473-t:695-v:291087.486)-(t:2.497-t:696-v:288673.727)-(t:2.498-t:697-v:288271.861)-(t:2.498-t:698-v:288217.714)-(t:2.499-t:699-v:287909.732)-(t:2.500-t:700-v:287860.355)-(t:2.500-t:701-v:287780.541)-(t:2.501-t:702-v:287728.946)-(t:2.502-t:703-v:287646.463)-(t:2.503-t:704-v:286851.056)-(t:2.504-t:705-v:286831.446)-(t:2.505-t:706-v:286542.953)-(t:2.506-t:707-v:286538.819)-(t:2.508-t:708-v:286348.069)-(t:2.515-t:709-v:286026.305)-(t:2.529-t:710-v:285811.425)-(t:2.532-t:711-v:285806.028)-(t:2.535-t:712-v:285670.485)-(t:2.538-t:713-v:285381.992)-(t:2.539-t:714-v:285377.858)-(t:2.542-t:715-v:285313.571)-(t:2.567-t:716-v:285211.517)-(t:2.582-t:717-v:284034.35)-(t:2.624-t:718-v:283968.548)-(t:2.666-t:719-v:283945.93)-(t:2.688-t:720-v:283817.975)-(t:2.721-t:721-v:283325.972)-(t:2.750-t:722-v:282584.067)-(t:2.771-t:723-v:282525.931)-(t:2.792-t:724-v:282143.139)-(t:2.794-t:725-v:282030.125)-(t:2.795-t:726-v:281847.871)-(t:2.795-t:727-v:281759.255)-(t:2.799-t:728-v:281589.406)-(t:2.827-t:729-v:281358.921)-(t:2.832-t:730-v:280681.948)-(t:2.852-t:731-v:279744.638)-(t:2.858-t:732-v:279604.335)-(t:3.518-t:989-v:279096.574)-(t:3.521-t:990-v:278635.233)-(t:3.522-t:991-v:278351.264)-(t:3.525-t:992-v:278264.532)-(t:3.530-t:993-v:278094.287)-(t:3.536-t:994-v:270370.558)-(t:3.536-t:995-v:270007.989)-(t:3.537-t:996-v:269740.167)-(t:3.537-t:997-v:269692.297)-(t:3.546-t:998-v:269679.449)-(t:3.546-t:999-v:267294.45)-(t:3.557-t:1000-v:267195.07)-(t:3.558-t:1001-v:267130.49)-(t:3.560-t:1002-v:267080.737)-(t:3.564-t:1003-v:266509.758)-(t:3.567-t:1004-v:266004.428)-(t:3.583-t:1005-v:265746.863)-(t:7.389-t:5366-v:262921.577)-(t:7.389-t:5367-v:262900.252)-(t:7.389-t:5368-v:262818.689)-(t:7.389-t:5369-v:262637.49)-(t:7.389-t:5370-v:262597.683)-(t:7.389-t:5371-v:262263.39)-(t:7.390-t:5372-v:262240.25)-(t:7.390-t:5373-v:262057.278)-(t:7.390-t:5374-v:262038.528)-(t:7.390-t:5375-v:261685.36)-(t:7.392-t:5376-v:261539.213)-(t:7.392-t:5377-v:260513.862)-(t:7.392-t:5378-v:260294.966)-(t:7.392-t:5379-v:260205.827)-(t:7.393-t:5380-v:259647.68)-(t:7.393-t:5381-v:259286.598)-(t:7.393-t:5382-v:258607.512)-(t:7.394-t:5383-v:258570.173)-(t:7.394-t:5384-v:258465.714)-(t:7.394-t:5385-v:258423.986)-(t:7.394-t:5386-v:258233.069)-(t:7.394-t:5387-v:257695.425)-(t:7.395-t:5388-v:257540.853)-(t:7.395-t:5389-v:256988.564)-(t:7.396-t:5390-v:256446.771)-(t:7.396-t:5391-v:256041.291)-(t:7.397-t:5392-v:255759.602)-(t:7.397-t:5393-v:255512.973)-(t:7.397-t:5394-v:255501.567)-(t:7.397-t:5395-v:255295.132)-(t:7.397-t:5396-v:255204.223)-(t:7.398-t:5397-v:255136.272)-(t:7.398-t:5398-v:255115.607)-(t:7.399-t:5399-v:254524.252)-(t:7.400-t:5400-v:254211.695)-(t:7.401-t:5401-v:253895.81)-(t:7.403-t:5402-v:253831.193)-(t:7.405-t:5403-v:253605.963)-(t:7.406-t:5404-v:253411.991)-(t:7.407-t:5405-v:253406.07)-(t:7.410-t:5406-v:252796.221)-(t:7.410-t:5407-v:252696.888)-(t:7.463-t:5537-v:252691.205)-(t:7.464-t:5538-v:252472.309)-(t:7.464-t:5539-v:252320.365)-(t:7.464-t:5540-v:252253.017)-(t:7.465-t:5541-v:252202.937)-(t:7.466-t:5542-v:252148.503)-(t:7.468-t:5543-v:249809.571)-(t:7.470-t:5544-v:249782.571)-(t:7.472-t:5545-v:249514.101)-(t:7.473-t:5546-v:249365.783)-(t:7.475-t:5547-v:249361.91)-(t:7.477-t:5548-v:246084.895)-(t:7.477-t:5549-v:244890.493)-(t:7.477-t:5550-v:244367.161)-(t:7.477-t:5551-v:242813.995)-(t:7.480-t:5552-v:240873.439)-(t:7.480-t:5553-v:240668.397)-(t:7.480-t:5554-v:240623.79)-(t:7.481-t:5555-v:239691.541)-(t:7.481-t:5556-v:239691.003)-(t:7.481-t:5557-v:239346.722)-(t:7.481-t:5558-v:238955.862)-(t:7.482-t:5559-v:238584.515)-(t:7.482-t:5560-v:238418.019)-(t:7.482-t:5561-v:238109.508)-(t:7.483-t:5562-v:237761.181)-(t:7.485-t:5563-v:237534.269)-(t:7.485-t:5564-v:233125.16)-(t:7.485-t:5565-v:233123.066)-(t:7.486-t:5566-v:233059.549)-(t:7.490-t:5567-v:232906.08)-(t:7.491-t:5568-v:232552.629)-(t:7.491-t:5569-v:232497.782)-(t:7.491-t:5570-v:232487.621)-(t:7.491-t:5571-v:232196.306)-(t:7.491-t:5572-v:232137.874)-(t:7.491-t:5573-v:231851.874)-(t:7.491-t:5574-v:231698.387)-(t:7.492-t:5575-v:231654.594)-(t:7.492-t:5576-v:231188.812)-(t:7.492-t:5577-v:230821.988)-(t:7.493-t:5578-v:230594.532)-(t:7.493-t:5579-v:230532.617)-(t:7.495-t:5580-v:230511.952)-(t:7.495-t:5581-v:230453.423)-(t:7.497-t:5582-v:229912.79)-(t:95.891-t:132502-v:229582.378)-(t:95.892-t:132503-v:229443.485)-(t:95.892-t:132504-v:229397.277)-(t:95.892-t:132505-v:229313.428)-(t:95.893-t:132506-v:229306.754)-(t:95.894-t:132507-v:229256.834)-(t:95.899-t:132508-v:229233.932)-(t:95.900-t:132509-v:228962.072)-(t:95.903-t:132510-v:228440.794)-(t:95.908-t:132511-v:228244.422)-(t:95.913-t:132512-v:227642.648)-(t:95.917-t:132513-v:227382.666)-(t:95.920-t:132514-v:227283.701)-(t:95.925-t:132515-v:226517.01)-(t:95.928-t:132516-v:226180.409)-(t:95.932-t:132517-v:226170.792)-(t:181.952-t:257133-v:226165.228)-(t:181.956-t:257134-v:225869.882)-(t:181.959-t:257135-v:225085.285)-(t:863.607-t:1241716-v:224790.667)-(t:863.608-t:1241717-v:224754.619)-(t:863.608-t:1241718-v:224523.857)-(t:863.609-t:1241719-v:224348.133)-(t:863.610-t:1241720-v:223411.787)-(t:863.612-t:1241721-v:222493.844)-(t:863.614-t:1241722-v:221702.508)-(t:863.615-t:1241723-v:220638.815)-(t:863.617-t:1241724-v:219937.267)-(t:863.617-t:1241725-v:219735.499)-(t:863.622-t:1241726-v:219684.214)-(t:863.623-t:1241727-v:219634.768)-(t:863.624-t:1241728-v:219473.012)-(t:863.628-t:1241729-v:219389.959)],428.925
examples/tsp/tsplib/gr666.tsp,bestslopefirst,r1,900,0,453667.526,[(t:4.248-t:932-v:481478.25)-(t:4.249-t:933-v:481317.53)-(t:4.249-t:934-v:481061.44)-(t:4.250-t:935-v:479876.606)-(t:4.262-t:936-v:479817.299)-(t:4.263-t:937-v:479561.822)-(t:4.263-t:938-v:478825.107)-(t:4.263-t:939-v:478371.145)-(t:4.263-t:940-v:478243.031)-(t:4.263-t:941-v:477967.399)-(t:4.263-t:942-v:477313.377)-(t:4.264-t:943-v:476453.306)-(t:4.264-t:944-v:476306.193)-(t:4.264-t:945-v:476233.978)-(t:4.264-t:946-v:475714.422)-(t:4.264-t:947-v:475079.996)-(t:4.265-t:948-v:475018.169)-(t:4.265-t:949-v:474845.642)-(t:4.265-t:950-v:473635.638)-(t:4.266-t:951-v:473392.134)-(t:4.266-t:952-v:473132.301)-(t:4.278-t:953-v:472809.477)-(t:4.290-t:954-v:472585.152)-(t:4.290-t:955-v:472520.569)-(t:4.291-t:956-v:472472.845)-(t:4.291-t:957-v:472370.93)-(t:4.293-t:958-v:471816.105)-(t:5.144-t:1072-v:460965.645)-(t:5.145-t:1073-v:460790.782)-(t:5.146-t:1074-v:460743.058)-(t:5.147-t:1075-v:460714.556)-(t:5.148-t:1076-v:459500.366)-(t:5.150-t:1077-v:459291.143)-(t:5.243-t:1078-v:457330.517)-(t:5.245-t:1079-v:457150.016)-(t:5.246-t:1080-v:456339.3)-(t:5.248-t:1081-v:453805.59)-(t:5.326-t:1082-v:453667.526)],318.823
examples/tsp/tsplib/pr439.tsp,roundrobin,r1,900,0,250498.387,[(t:1.388-t:1294-v:328670.199)-(t:1.388-t:1295-v:313390.057)-(t:1.388-t:1296-v:313228.649)-(t:1.389-t:1297-v:299801.009)-(t:1.389-t:1298-v:299645.213)-(t:1.389-t:1299-v:299607.507)-(t:1.432-t:1300-v:299591.204)-(t:1.502-t:1301-v:299548.859)-(t:1.568-t:1302-v:299514.704)-(t:1.627-t:1303-v:299459.794)-(t:1.684-t:1304-v:299458.339)-(t:1.697-t:1305-v:299272.314)-(t:1.698-t:1306-v:299113.309)-(t:1.699-t:1307-v:299022.581)-(t:1.708-t:1308-v:298835.739)-(t:1.708-t:1309-v:298656.45)-(t:1.709-t:1310-v:298527.079)-(t:1.710-t:1311-v:296244.376)-(t:1.710-t:1312-v:296235.707)-(t:1.710-t:1313-v:296177.736)-(t:1.711-t:1314-v:296174.512)-(t:1.728-t:1315-v:296158.209)-(t:1.735-t:1316-v:296109.395)-(t:1.748-t:1317-v:295982.796)-(t:1.758-t:1318-v:295308.609)-(t:1.758-t:1319-v:295035.12)-(t:1.758-t:1320-v:295027.331)-(t:1.759-t:1321-v:294804.802)-(t:1.760-t:1322-v:294766.52)-(t:1.760-t:1323-v:294733.514)-(t:1.761-t:1324-v:294396.992)-(t:1.774-t:1325-v:294326.264)-(t:1.791-t:1326-v:289417.375)-(t:1.792-t:1327-v:289397.313)-(t:1.792-t:1328-v:289360.601)-(t:1.792-t:1329-v:289351.638)-(t:1.815-t:1330-v:286012.772)-(t:1.817-t:1331-v:285937.04)-(t:1.817-t:1332-v:285767.681)-(t:1.817-t:1333-v:285696.953)-(t:1.834-t:1334-v:285642.533)-(t:1.841-t:1335-v:281715.769)-(t:1.841-t:1336-v:281712.272)-(t:1.841-t:1337-v:281704.876)-(t:1.842-t:1338-v:281659.201)-(t:1.846-t:1339-v:281184.271)-(t:1.846-t:1340-v:281178.848)-(t:1.846-t:1341-v:281108.12)-(t:1.927-t:1342-v:278723.003)-(t:1.927-t:1343-v:278717.495)-(t:1.927-t:1344-v:278674.618)-(t:1.928-t:1345-v:278552.792)-(t:1.928-t:1346-v:278503.237)-(t:1.931-t:1347-v:278210.138)-(t:1.931-t:1348-v:278133.987)-(t:1.933-t:1349-v:277667.119)-(t:1.934-t:1350-v:277479.191)-(t:1.934-t:1351-v:277345.278)-(t:1.934-t:1352-v:277335.714)-(t:1.935-t:1353-v:276401.807)-(t:2.283-t:1501-v:266060.782)-(t:2.283-t:1502-v:265796.268)-(t:2.283-t:1503-v:265607.288)-(t:2.283-t:1504-v:265280.04)-(t:2.284-t:1505-v:265094.977)-(t:2.285-t:1506-v:264904.125)-(t:2.286-t:1507-v:264890.641)-(t:2.288-t:1508-v:264352.358)-(t:2.288-t:1509-v:264294.566)-(t:2.289-t:1510-v:264287.756)-(t:2.290-t:1511-v:264111.786)-(t:2.290-t:1512-v:264095.483)-(t:2.291-t:1513-v:263898.041)-(t:2.300-t:1514-v:263751.049)-(t:2.301-t:1515-v:263739.251)-(t:2.302-t:1516-v:263675.597)-(t:2.303-t:1517-v:263640.192)-(t:2.304-t:1518-v:263493.2)-(t:2.305-t:1519-v:263491.225)-(t:2.306-t:1520-v:263480.73)-(t:2.307-t:1521-v:263444.332)-(t:2.310-t:1522-v:262912.008)-(t:2.310-t:1523-v:262884.251)-(t:2.311-t:1524-v:262382.427)-(t:2.311-t:1525-v:262193.275)-(t:2.325-t:1526-v:262186.419)-(t:2.326-t:1527-v:262180.626)-(t:2.327-t:1528-v:261377.724)-(t:2.328-t:1529-v:261306.996)-(t:2.330-t:1530-v:261178.519)-(t:2.330-t:1531-v:261140.655)-(t:2.346-t:1532-v:260790.141)-(t:2.347-t:1533-v:260779.818)-(t:2.350-t:1534-v:260740.579)-(t:2.350-t:1535-v:260720.425)-(t:2.352-t:1536-v:260701.222)-(t:2.353-t:1537-v:260683.512)-(t:2.362-t:1538-v:260600.718)-(t:2.363-t:1539-v:260546.825)-(t:2.385-t:1540-v:260482.899)-(t:2.386-t:1541-v:260437.918)-(t:2.389-t:1542-v:260216.639)-(t:2.412-t:1543-v:260118.147)-(t:2.414-t:1544-v:260106.379)-(t:2.414-t:1545-v:260084.266)-(t:2.415-t:1546-v:260004.556)-(t:2.416-t:1547-v:259978.043)-(t:2.417-t:1548-v:259961.74)-(t:2.437-t:1549-v:259914.257)-(t:2.438-t:1550-v:259778.47)-(t:2.446-t:1551-v:259715.917)-(t:2.470-t:1552-v:259606.223)-(t:2.494-t:1553-v:251657.649)-(t:2.494-t:1554-v:251518.664)-(t:2.495-t:1555-v:251510.875)-(t:2.495-t:1556-v:251355.054)-(t:2.495-t:1557-v:251297.619)-(t:2.495-t:1558-v:251221.883)-(t:2.495-t:1559-v:250993.302)-(t:2.512-t:1560-v:250983.738)-(t:2.513-t:1561-v:250727.241)-(t:2.513-t:1562-v:250600.067)-(t:2.514-t:1563-v:250498.387)],515.433
examples/tsp/tsplib/pr439.tsp,random,r1,900,0,322098.09,[(t:1.676-t:1331-v:466971.263)-(t:1.676-t:1332-v:466950.06)-(t:1.677-t:1333-v:466614.594)-(t:1.677-t:1334-v:451530.123)-(t:1.678-t:1335-v:451374.327)-(t:1.678-t:1336-v:451254.162)-(t:1.679-t:1337-v:451215.021)-(t:1.681-t:1338-v:451145.542)-(t:1.682-t:1339-v:451091.764)-(t:1.682-t:1340-v:451011.647)-(t:1.683-t:1341-v:450953.845)-(t:1.684-t:1342-v:450921.276)-(t:1.684-t:1343-v:450904.973)-(t:1.685-t:1344-v:450767.193)-(t:1.685-t:1345-v:450615.823)-(t:1.686-t:1346-v:450432.979)-(t:1.687-t:1347-v:450252.701)-(t:1.688-t:1348-v:450047.656)-(t:1.689-t:1349-v:449803.249)-(t:1.693-t:1350-v:446170.722)-(t:1.693-t:1351-v:446099.263)-(t:1.711-t:1352-v:445828.552)-(t:1.712-t:1353-v:445724.169)-(t:1.712-t:1354-v:445551.8)-(t:1.712-t:1355-v:445429.974)-(t:1.713-t:1356-v:445413.671)-(t:1.713-t:1357-v:445397.702)-(t:1.718-t:1358-v:438058.946)-(t:1.718-t:1359-v:437690.896)-(t:1.719-t:1360-v:437615.5)-(t:1.719-t:1361-v:437426.348)-(t:1.719-t:1362-v:437414.727)-(t:1.720-t:1363-v:437394.607)-(t:1.721-t:1364-v:436163.537)-(t:1.721-t:1365-v:435994.459)-(t:1.722-t:1366-v:435843.089)-(t:1.723-t:1367-v:435670.818)-(t:1.733-t:1368-v:435518.099)-(t:1.734-t:1369-v:435465.798)-(t:1.748-t:1370-v:435290.638)-(t:1.750-t:1371-v:435276.441)-(t:1.751-t:1372-v:435246.556)-(t:1.752-t:1373-v:435050.696)-(t:1.753-t:1374-v:434480.867)-(t:1.771-t:1375-v:434421.297)-(t:1.777-t:1376-v:434339.443)-(t:1.798-t:1377-v:434195.352)-(t:1.814-t:1378-v:433491.224)-(t:1.815-t:1379-v:433179.849)-(t:1.815-t:1380-v:433057.788)-(t:1.816-t:1381-v:432988.283)-(t:1.816-t:1382-v:432821.708)-(t:1.816-t:1383-v:432699.882)-(t:1.817-t:1384-v:432692.175)-(t:1.818-t:1385-v:432677.289)-(t:1.818-t:1386-v:432660.986)-(t:1.833-t:1387-v:432621.323)-(t:1.838-t:1388-v:432561.318)-(t:1.842-t:1389-v:432380.831)-(t:1.842-t:1390-v:432248.112)-(t:1.843-t:1391-v:432079.716)-(t:1.867-t:1392-v:429254.076)-(t:1.889-t:1393-v:428825.965)-(t:1.914-t:1394-v:423592.996)-(t:1.924-t:1395-v:422627.22)-(t:1.925-t:1396-v:422280.18)-(t:1.925-t:1397-v:422102.59)-(t:1.925-t:1398-v:421981.425)-(t:1.926-t:1399-v:421914.978)-(t:1.926-t:1400-v:421790.373)-(t:1.927-t:1401-v:421596.984)-(t:1.944-t:1402-v:421469.641)-(t:1.945-t:1403-v:421411.428)-(t:1.945-t:1404-v:421408.771)-(t:1.945-t:1405-v:421365.995)-(t:1.946-t:1406-v:421357.362)-(t:1.946-t:1407-v:421320.609)-(t:1.949-t:1408-v:421265.548)-(t:1.950-t:1409-v:421231.684)-(t:1.950-t:1410-v:421220.339)-(t:1.952-t:1411-v:420934.127)-(t:1.952-t:1412-v:420924.563)-(t:1.956-t:1413-v:420754.7)-(t:1.982-t:1414-v:415703.923)-(t:1.982-t:1415-v:415656.494)-(t:1.984-t:1416-v:415465.772)-(t:1.987-t:1417-v:415443.017)-(t:2.007-t:1418-v:410900.574)-(t:2.007-t:1419-v:410761.13)-(t:2.008-t:1420-v:410425.644)-(t:2.367-t:1590-v:410404.324)-(t:2.368-t:1591-v:410403.989)-(t:2.368-t:1592-v:410356.919)-(t:2.369-t:1593-v:410283.685)-(t:2.370-t:1594-v:410258.626)-(t:2.370-t:1595-v:410242.323)-(t:2.371-t:1596-v:409218.13)-(t:2.372-t:1597-v:409185.401)-(t:2.372-t:1598-v:409135.21)-(t:2.373-t:1599-v:408895.769)-(t:2.373-t:1600-v:408773.943)-(t:2.373-t:1601-v:408765.31)-(t:2.374-t:1602-v:408606.226)-(t:2.375-t:1603-v:408469.151)-(t:2.383-t:1604-v:408365.393)-(t:2.384-t:1605-v:408186.444)-(t:2.385-t:1606-v:408156.559)-(t:2.385-t:1607-v:407967.407)-(t:2.385-t:1608-v:407792.247)-(t:2.386-t:1609-v:407725.662)-(t:2.388-t:1610-v:407574.872)-(t:2.389-t:1611-v:404154.448)-(t:2.408-t:1612-v:402245.862)-(t:2.410-t:1613-v:401948.892)-(t:2.410-t:1614-v:401770.932)-(t:2.432-t:1615-v:391959.941)-(t:2.433-t:1616-v:391777.939)-(t:2.433-t:1617-v:391770.232)-(t:2.434-t:1618-v:391755.346)-(t:2.435-t:1619-v:391629.447)-(t:2.435-t:1620-v:391559.739)-(t:2.437-t:1621-v:391518.357)-(t:2.437-t:1622-v:391415.408)-(t:2.438-t:1623-v:391235.13)-(t:2.438-t:1624-v:391087.36)-(t:2.439-t:1625-v:391036.825)-(t:2.439-t:1626-v:390952.192)-(t:2.440-t:1627-v:390791.984)-(t:2.441-t:1628-v:390762.099)-(t:2.442-t:1629-v:390578.908)-(t:2.443-t:1630-v:390441.248)-(t:2.444-t:1631-v:390418.691)-(t:2.445-t:1632-v:390301.757)-(t:2.460-t:1633-v:389985.522)-(t:2.460-t:1634-v:389954.004)-(t:2.460-t:1635-v:389811.751)-(t:2.461-t:1636-v:389766.551)-(t:2.461-t:1637-v:389708.749)-(t:2.462-t:1638-v:389669.126)-(t:2.462-t:1639-v:389666.113)-(t:2.462-t:1640-v:389494.828)-(t:2.463-t:1641-v:389305.676)-(t:2.463-t:1642-v:389286.276)-(t:2.464-t:1643-v:389252.044)-(t:2.464-t:1644-v:388476.032)-(t:2.464-t:1645-v:388405.304)-(t:2.465-t:1646-v:388280.699)-(t:2.493-t:1647-v:385722.4)-(t:2.494-t:1648-v:385494.966)-(t:2.506-t:1649-v:385378.124)-(t:2.507-t:1650-v:385368.56)-(t:2.508-t:1651-v:385300.301)-(t:2.509-t:1652-v:385188.222)-(t:2.510-t:1653-v:385107.551)-(t:2.511-t:1654-v:385057.071)-(t:2.512-t:1655-v:384973.299)-(t:2.513-t:1656-v:384948.67)-(t:2.535-t:1657-v:384935.349)-(t:2.540-t:1658-v:384682.716)-(t:2.542-t:1659-v:384655.432)-(t:2.543-t:1660-v:384510.921)-(t:2.544-t:1661-v:384164.42)-(t:2.545-t:1662-v:384087.702)-(t:2.545-t:1663-v:384029.489)-(t:2.545-t:1664-v:383941.467)-(t:2.546-t:1665-v:383829.639)-(t:2.546-t:1666-v:383774.4)-(t:2.552-t:1667-v:383523.479)-(t:2.553-t:1668-v:382664.426)-(t:2.553-t:1669-v:382530.513)-(t:2.553-t:1670-v:382520.949)-(t:2.577-t:1671-v:382485.113)-(t:2.578-t:1672-v:382228.15)-(t:3.061-t:1903-v:382138.876)-(t:3.064-t:1904-v:381992.894)-(t:3.069-t:1905-v:381849.894)-(t:17.278-t:26495-v:381772.904)-(t:17.279-t:26496-v:381649.244)-(t:17.279-t:26497-v:381597.895)-(t:17.280-t:26498-v:381584.613)-(t:17.280-t:26499-v:381368.396)-(t:17.280-t:26500-v:381340.461)-(t:17.281-t:26501-v:381219.788)-(t:17.281-t:26502-v:381047.21)-(t:17.281-t:26503-v:380888.859)-(t:17.282-t:26504-v:380858.974)-(t:17.282-t:26505-v:380677.968)-(t:17.283-t:26506-v:380523.244)-(t:17.283-t:26507-v:380503.39)-(t:17.284-t:26508-v:380382.794)-(t:17.284-t:26509-v:380250.314)-(t:17.284-t:26510-v:380198.987)-(t:17.285-t:26511-v:380016.143)-(t:17.285-t:26512-v:379848.235)-(t:17.285-t:26513-v:379818.35)-(t:17.286-t:26514-v:379630.82)-(t:17.286-t:26515-v:379495.033)-(t:17.286-t:26516-v:379373.131)-(t:17.394-t:26704-v:379251.903)-(t:17.394-t:26705-v:379196.686)-(t:17.394-t:26706-v:379165.153)-(t:17.394-t:26707-v:379113.703)-(t:17.395-t:26708-v:379104.161)-(t:17.395-t:26709-v:378949.247)-(t:17.395-t:26710-v:378941.323)-(t:17.395-t:26711-v:378937.694)-(t:17.395-t:26712-v:378901.026)-(t:17.395-t:26713-v:378845.787)-(t:17.396-t:26714-v:378671.147)-(t:17.396-t:26715-v:378553.446)-(t:17.396-t:26716-v:378507.771)-(t:17.396-t:26717-v:378485.442)-(t:17.396-t:26718-v:378309.869)-(t:17.397-t:26719-v:378264.194)-(t:17.397-t:26720-v:378120.717)-(t:17.397-t:26721-v:377929.526)-(t:17.397-t:26722-v:377925.791)-(t:17.398-t:26723-v:372230.665)-(t:17.398-t:26724-v:372166.203)-(t:17.398-t:26725-v:372155.172)-(t:17.398-t:26726-v:372132.059)-(t:17.399-t:26727-v:372078.804)-(t:17.399-t:26728-v:372035.619)-(t:17.399-t:26729-v:371962.727)-(t:17.399-t:26730-v:371937.441)-(t:17.400-t:26731-v:371928.862)-(t:17.400-t:26732-v:371926.126)-(t:17.400-t:26733-v:371889.458)-(t:17.400-t:26734-v:371834.219)-(t:17.400-t:26735-v:371659.579)-(t:17.401-t:26736-v:371480.541)-(t:17.401-t:26737-v:371109.149)-(t:17.401-t:26738-v:370919.623)-(t:17.402-t:26739-v:370654.664)-(t:17.403-t:26740-v:370522.423)-(t:17.403-t:26741-v:367956.575)-(t:46.709-t:84252-v:367873.482)-(t:46.710-t:84253-v:367693.204)-(t:46.710-t:84254-v:367488.159)-(t:46.711-t:84255-v:367376.031)-(t:46.711-t:84256-v:367235.823)-(t:52.760-t:96232-v:365736.273)-(t:52.760-t:96233-v:365581.901)-(t:52.764-t:96234-v:365409.383)-(t:52.769-t:96235-v:365317.368)-(t:52.773-t:96236-v:365289.076)-(t:52.775-t:96237-v:365232.077)-(t:52.776-t:96238-v:365230.748)-(t:52.776-t:96239-v:365221.184)-(t:52.778-t:96240-v:365128.524)-(t:52.964-t:96654-v:365008.731)-(t:52.964-t:96655-v:364654.073)-(t:52.965-t:96656-v:364516.387)-(t:52.966-t:96657-v:364289.754)-(t:52.967-t:96658-v:364275.986)-(t:52.967-t:96659-v:364096.697)-(t:52.968-t:96660-v:363974.871)-(t:52.970-t:96661-v:363958.568)-(t:53.037-t:96857-v:363854.824)-(t:53.037-t:96858-v:363854.349)-(t:53.037-t:96859-v:363848.926)-(t:53.037-t:96860-v:363430.481)-(t:53.037-t:96861-v:363192.009)-(t:53.037-t:96862-v:363182.445)-(t:53.037-t:96863-v:362995.734)-(t:53.038-t:96864-v:362986.8)-(t:53.038-t:96865-v:362824.9)-(t:53.038-t:96866-v:362699.558)-(t:53.038-t:96867-v:362660.005)-(t:53.039-t:96868-v:362567.925)-(t:53.039-t:96869-v:362561.803)-(t:53.039-t:96870-v:362528.483)-(t:53.039-t:96871-v:362368.451)-(t:53.039-t:96872-v:362362.329)-(t:53.040-t:96873-v:362186.756)-(t:53.040-t:96874-v:362141.081)-(t:53.040-t:96875-v:362007.168)-(t:53.040-t:96876-v:361997.604)-(t:53.040-t:96877-v:361996.253)-(t:53.041-t:96878-v:361809.542)-(t:53.041-t:96879-v:361763.433)-(t:53.041-t:96880-v:361242.323)-(t:53.042-t:96881-v:361129.005)-(t:53.044-t:96882-v:359854.791)-(t:53.045-t:96883-v:359724.911)-(t:53.047-t:96884-v:359686.395)-(t:53.515-t:97707-v:354842.138)-(t:53.515-t:97708-v:354812.269)-(t:53.515-t:97709-v:354782.524)-(t:53.515-t:97710-v:354656.473)-(t:53.516-t:97711-v:354621.141)-(t:53.516-t:97712-v:354530.99)-(t:53.516-t:97713-v:354233.525)-(t:53.519-t:97714-v:354117.649)-(t:53.523-t:97715-v:354084.141)-(t:53.525-t:97716-v:354079.506)-(t:53.528-t:97717-v:342581.825)-(t:53.528-t:97718-v:342565.102)-(t:53.528-t:97719-v:342490.249)-(t:53.529-t:97720-v:342442.381)-(t:53.529-t:97721-v:342309.662)-(t:53.529-t:97722-v:342020.682)-(t:53.678-t:97910-v:341836.71)-(t:53.679-t:97911-v:341834.853)-(t:53.679-t:97912-v:341629.431)-(t:53.679-t:97913-v:341444.368)-(t:53.679-t:97914-v:341341.319)-(t:53.679-t:97915-v:341335.343)-(t:53.680-t:97916-v:341136.758)-(t:53.680-t:97917-v:341135.988)-(t:53.681-t:97918-v:341123.187)-(t:53.681-t:97919-v:341122.528)-(t:53.681-t:97920-v:340928.269)-(t:53.681-t:97921-v:340857.541)-(t:53.682-t:97922-v:340857.455)-(t:53.682-t:97923-v:336094.777)-(t:53.682-t:97924-v:331443.45)-(t:53.683-t:97925-v:329131.944)-(t:53.683-t:97926-v:328935.982)-(t:53.684-t:97927-v:328844.398)-(t:53.684-t:97928-v:328812.356)-(t:53.684-t:97929-v:328614.237)-(t:53.684-t:97930-v:328449.824)-(t:53.685-t:97931-v:328417.165)-(t:53.685-t:97932-v:328256.579)-(t:53.685-t:97933-v:328221.069)-(t:53.686-t:97934-v:328001.401)-(t:53.686-t:97935-v:327812.249)-(t:53.686-t:97936-v:327800.761)-(t:53.687-t:97937-v:327793.1)-(t:53.687-t:97938-v:327269.491)-(t:53.687-t:97939-v:327249.041)-(t:53.688-t:97940-v:327224.66)-(t:53.688-t:97941-v:326413.439)-(t:53.688-t:97942-v:326342.711)-(t:53.689-t:97943-v:326223.024)-(t:53.690-t:97944-v:326030.567)-(t:53.690-t:97945-v:325810.562)-(t:53.691-t:97946-v:322416.164)-(t:53.695-t:97947-v:322333.37)-(t:53.698-t:97948-v:322238.784)-(t:53.700-t:97949-v:322129.09)-(t:423.583-t:847439-v:322098.09)],603.319
examples/tsp/tsplib/eil51.tsp,random,r1,900,0,456.162,[(t:0.740-t:147-v:930.787)-(t:0.741-t:148-v:915.122)-(t:0.745-t:149-v:894.655)-(t:0.749-t:150-v:888.226)-(t:0.749-t:151-v:878.867)-(t:0.751-t:152-v:873.602)-(t:0.753-t:153-v:866.999)-(t:0.758-t:154-v:864.313)-(t:0.759-t:155-v:861.126)-(t:0.759-t:156-v:859.301)-(t:0.760-t:157-v:854.592)-(t:0.763-t:158-v:853.026)-(t:0.779-t:159-v:850.946)-(t:0.783-t:160-v:847.181)-(t:0.786-t:161-v:846.561)-(t:0.802-t:162-v:835.76)-(t:0.806-t:163-v:831.577)-(t:0.806-t:164-v:825.933)-(t:0.807-t:165-v:824.191)-(t:0.809-t:166-v:821.629)-(t:0.812-t:167-v:810.818)-(t:0.814-t:168-v:800.784)-(t:0.829-t:169-v:800.021)-(t:0.832-t:170-v:798.424)-(t:0.837-t:171-v:783.642)-(t:0.840-t:172-v:774.124)-(t:0.856-t:173-v:765.889)-(t:0.861-t:174-v:763.57)-(t:0.866-t:175-v:762.568)-(t:0.868-t:176-v:762.547)-(t:0.870-t:177-v:753.895)-(t:0.871-t:178-v:746.329)-(t:0.879-t:179-v:745.186)-(t:0.881-t:180-v:736.229)-(t:0.902-t:181-v:734.184)-(t:0.915-t:182-v:732.7)-(t:0.916-t:183-v:728.521)-(t:0.918-t:184-v:725.078)-(t:0.919-t:185-v:713.455)-(t:0.922-t:186-v:713.284)-(t:0.923-t:187-v:711.542)-(t:0.925-t:188-v:710.18)-(t:0.925-t:189-v:709.915)-(t:0.927-t:190-v:704.041)-(t:0.940-t:191-v:696.392)-(t:0.947-t:192-v:693.284)-(t:0.952-t:193-v:686.453)-(t:0.971-t:194-v:679.805)-(t:0.973-t:195-v:668.001)-(t:0.979-t:196-v:646.714)-(t:0.997-t:197-v:633.06)-(t:1.005-t:198-v:630.513)-(t:1.020-t:199-v:629.412)-(t:1.022-t:200-v:627.573)-(t:1.025-t:201-v:622.147)-(t:1.029-t:202-v:613.917)-(t:1.035-t:203-v:609.077)-(t:1.052-t:204-v:603.056)-(t:1.072-t:205-v:602.076)-(t:1.074-t:206-v:599.899)-(t:1.076-t:207-v:593.428)-(t:1.095-t:208-v:572.957)-(t:1.372-t:257-v:569.135)-(t:1.376-t:258-v:565.272)-(t:1.395-t:259-v:559.497)-(t:1.417-t:260-v:558.061)-(t:1.442-t:261-v:551.232)-(t:1.449-t:262-v:540.115)-(t:1.451-t:263-v:532.076)-(t:1.477-t:264-v:530.232)-(t:2.840-t:964-v:530.123)-(t:2.914-t:1023-v:527.836)-(t:2.935-t:1024-v:521.539)-(t:2.936-t:1025-v:516.779)-(t:5.996-t:5365-v:512.821)-(t:5.997-t:5366-v:507.691)-(t:5.997-t:5367-v:500.008)-(t:5.998-t:5368-v:498.754)-(t:6.026-t:5418-v:498.511)-(t:6.027-t:5419-v:497.523)-(t:6.027-t:5420-v:496.444)-(t:6.040-t:5421-v:490.413)-(t:6.040-t:5422-v:490.388)-(t:6.041-t:5423-v:488.336)-(t:6.041-t:5424-v:488.19)-(t:6.041-t:5425-v:483.621)-(t:6.042-t:5426-v:472.491)-(t:6.042-t:5427-v:468.372)-(t:6.043-t:5428-v:467.984)-(t:6.044-t:5429-v:467.214)-(t:6.045-t:5430-v:466.77)-(t:63.847-t:123690-v:459.565)-(t:153.442-t:310464-v:456.916)-(t:317.236-t:651352-v:456.488)-(t:399.540-t:822795-v:456.162)],63.072
examples/tsp/tsplib/kroC100.tsp,random,r1,900,0,32252.114,[(t:0.916-t:269-v:123623.264)-(t:0.917-t:270-v:123319.826)-(t:0.918-t:271-v:123182.663)-(t:0.918-t:272-v:122788.463)-(t:0.920-t:273-v:122307.322)-(t:0.921-t:274-v:122089.07)-(t:0.923-t:275-v:121881.469)-(t:0.924-t:276-v:121732.27)-(t:0.924-t:277-v:121167.969)-(t:0.933-t:278-v:121089.113)-(t:0.934-t:279-v:120921.085)-(t:0.937-t:280-v:119837.051)-(t:0.939-t:281-v:119782.146)-(t:0.942-t:282-v:119407.913)-(t:0.944-t:283-v:119393.051)-(t:0.960-t:284-v:118956.507)-(t:0.961-t:285-v:118955.902)-(t:0.962-t:286-v:118892.612)-(t:0.962-t:287-v:118650.031)-(t:0.966-t:288-v:116924.093)-(t:0.966-t:289-v:116774.954)-(t:0.966-t:290-v:116633.776)-(t:0.980-t:291-v:116541.108)-(t:0.982-t:292-v:116206.229)-(t:0.983-t:293-v:115755.286)-(t:0.985-t:294-v:114764.786)-(t:0.987-t:295-v:114353.801)-(t:0.989-t:296-v:114345.264)-(t:1.005-t:297-v:114043.164)-(t:1.008-t:298-v:113663.928)-(t:1.011-t:299-v:113650.482)-(t:1.013-t:300-v:113646.571)-(t:1.017-t:301-v:113634.191)-(t:1.019-t:302-v:112660.139)-(t:1.019-t:303-v:112574.057)-(t:1.020-t:304-v:112517.596)-(t:1.035-t:305-v:112491.985)-(t:1.036-t:306-v:112153.699)-(t:1.038-t:307-v:112096.844)-(t:1.039-t:308-v:112032.657)-(t:1.042-t:309-v:111978.538)-(t:1.044-t:310-v:111969.061)-(t:1.047-t:311-v:111767.086)-(t:1.063-t:312-v:111718.82)-(t:1.065-t:313-v:111650.909)-(t:1.070-t:314-v:111042.987)-(t:1.071-t:315-v:110571.795)-(t:1.073-t:316-v:110522.453)-(t:1.079-t:317-v:110381.658)-(t:1.099-t:318-v:110339.372)-(t:1.100-t:319-v:110332.737)-(t:1.100-t:320-v:110294.666)-(t:1.101-t:321-v:110277.416)-(t:1.101-t:322-v:109489.41)-(t:1.101-t:323-v:107768.216)-(t:1.103-t:324-v:107738.725)-(t:1.110-t:325-v:107716.652)-(t:1.110-t:326-v:106256.444)-(t:1.113-t:327-v:106148.943)-(t:1.133-t:328-v:106043.815)-(t:1.135-t:329-v:105582.366)-(t:1.137-t:330-v:105082.029)-(t:1.137-t:331-v:104613.68)-(t:1.139-t:332-v:103761.505)-(t:1.140-t:333-v:103314.114)-(t:1.141-t:334-v:103123.404)-(t:1.142-t:335-v:103046.411)-(t:1.144-t:336-v:102867.25)-(t:1.159-t:337-v:102548.907)-(t:1.161-t:338-v:102535.999)-(t:1.163-t:339-v:102392.758)-(t:1.165-t:340-v:101985.402)-(t:1.168-t:341-v:101926.775)-(t:1.171-t:342-v:101568.853)-(t:1.186-t:343-v:101510.269)-(t:1.189-t:344-v:101429.87)-(t:1.190-t:345-v:101157.546)-(t:1.190-t:346-v:101143.472)-(t:1.193-t:347-v:99661.119)-(t:1.193-t:348-v:99592.949)-(t:1.194-t:349-v:98541.018)-(t:1.197-t:350-v:98151.552)-(t:1.198-t:351-v:98054.927)-(t:1.199-t:352-v:97772.897)-(t:1.201-t:353-v:96799.176)-(t:1.202-t:354-v:96649.205)-(t:1.217-t:355-v:96518.772)-(t:1.219-t:356-v:95651.224)-(t:1.221-t:357-v:95646.631)-(t:1.223-t:358-v:95622.233)-(t:1.225-t:359-v:95524.143)-(t:1.227-t:360-v:94969.061)-(t:1.229-t:361-v:94951.11)-(t:1.247-t:362-v:94472.485)-(t:1.249-t:363-v:94380.219)-(t:1.250-t:364-v:93951.244)-(t:1.250-t:365-v:93724.6)-(t:1.250-t:366-v:93543.788)-(t:1.251-t:367-v:93500.475)-(t:1.253-t:368-v:93054.29)-(t:1.256-t:369-v:91932.364)-(t:1.258-t:370-v:91478.323)-(t:1.259-t:371-v:90979.206)-(t:1.260-t:372-v:90921.604)-(t:1.275-t:373-v:89931.035)-(t:1.278-t:374-v:89872.305)-(t:1.285-t:375-v:89863.181)-(t:1.298-t:376-v:89765.091)-(t:1.302-t:377-v:89759.989)-(t:1.307-t:378-v:89341.828)-(t:1.311-t:379-v:86227.477)-(t:1.324-t:380-v:85606.767)-(t:1.336-t:381-v:85143.181)-(t:1.344-t:382-v:84888.136)-(t:1.355-t:383-v:84831.014)-(t:1.358-t:384-v:84819.618)-(t:1.374-t:385-v:84057.601)-(t:1.379-t:386-v:83681.293)-(t:1.381-t:387-v:83504.834)-(t:1.382-t:388-v:83501.762)-(t:1.385-t:389-v:82713.026)-(t:1.386-t:390-v:82147.372)-(t:1.387-t:391-v:82044.774)-(t:1.389-t:392-v:81447.838)-(t:1.397-t:393-v:80871.782)-(t:1.399-t:394-v:80716.315)-(t:1.415-t:395-v:80659.223)-(t:1.418-t:396-v:80601.453)-(t:1.418-t:397-v:80583.329)-(t:1.418-t:398-v:80530.646)-(t:1.419-t:399-v:80490.842)-(t:1.419-t:400-v:80322.522)-(t:1.419-t:401-v:79215.051)-(t:1.419-t:402-v:79152.326)-(t:1.419-t:403-v:78859.195)-(t:1.420-t:404-v:78778.607)-(t:1.420-t:405-v:78736.19)-(t:1.421-t:406-v:78544.568)-(t:1.422-t:407-v:78499.876)-(t:1.423-t:408-v:78019.526)-(t:1.425-t:409-v:77733.433)-(t:1.427-t:410-v:77696.531)-(t:1.435-t:411-v:76901.7)-(t:1.437-t:412-v:76846.049)-(t:1.438-t:413-v:75572.113)-(t:1.441-t:414-v:75417.821)-(t:1.442-t:415-v:75024.907)-(t:1.443-t:416-v:74705.084)-(t:1.444-t:417-v:74644.192)-(t:1.445-t:418-v:74427.743)-(t:1.446-t:419-v:74389.41)-(t:1.474-t:420-v:73621.864)-(t:1.477-t:421-v:73573.294)-(t:1.478-t:422-v:73210.701)-(t:1.480-t:423-v:73186.065)-(t:1.481-t:424-v:73120.926)-(t:1.482-t:425-v:72419.468)-(t:1.484-t:426-v:72384.648)-(t:1.484-t:427-v:71878.449)-(t:1.485-t:428-v:71845.208)-(t:1.488-t:429-v:71397.972)-(t:1.491-t:430-v:70457.133)-(t:1.507-t:431-v:70022.353)-(t:1.510-t:432-v:69998.209)-(t:1.514-t:433-v:69846.301)-(t:1.515-t:434-v:69307.724)-(t:1.515-t:435-v:69175.428)-(t:1.516-t:436-v:69079.057)-(t:1.530-t:437-v:69023.064)-(t:1.531-t:438-v:68990.101)-(t:1.531-t:439-v:68985.693)-(t:1.532-t:440-v:68787.482)-(t:1.532-t:441-v:68429.242)-(t:1.535-t:442-v:67764.806)-(t:1.535-t:443-v:67716.222)-(t:1.536-t:444-v:67652.99)-(t:1.537-t:445-v:67611.77)-(t:1.541-t:446-v:67192.736)-(t:1.554-t:447-v:67078.314)-(t:1.555-t:448-v:67019.628)-(t:1.556-t:449-v:66990.167)-(t:1.556-t:450-v:66968.577)-(t:1.557-t:451-v:66888.805)-(t:1.559-t:452-v:66762.059)-(t:1.560-t:453-v:66457.669)-(t:1.561-t:454-v:66291.906)-(t:1.565-t:455-v:66221.635)-(t:1.566-t:456-v:66206.005)-(t:1.567-t:457-v:66159.989)-(t:1.569-t:458-v:65720.769)-(t:1.569-t:459-v:65390.629)-(t:1.571-t:460-v:65209.72)-(t:1.574-t:461-v:64568.832)-(t:1.600-t:462-v:63845.837)-(t:1.604-t:463-v:63665.814)-(t:1.606-t:464-v:62777.427)-(t:1.607-t:465-v:62737.45)-(t:1.607-t:466-v:62723.111)-(t:1.609-t:467-v:62539.723)-(t:1.616-t:468-v:62342.014)-(t:1.633-t:469-v:62132.329)-(t:1.635-t:470-v:61900.999)-(t:1.639-t:471-v:61035.673)-(t:1.647-t:472-v:60406.862)-(t:1.666-t:473-v:60291.18)-(t:1.685-t:474-v:59872.811)-(t:1.690-t:475-v:59286.764)-(t:1.691-t:476-v:59143.546)-(t:1.692-t:477-v:59077.009)-(t:1.695-t:478-v:58731.248)-(t:1.700-t:479-v:58718.214)-(t:1.719-t:480-v:58471.435)-(t:1.720-t:481-v:58250.805)-(t:1.722-t:482-v:58155.651)-(t:1.726-t:483-v:58060.011)-(t:1.749-t:484-v:57944.125)-(t:1.757-t:485-v:57808.193)-(t:1.773-t:486-v:57562.164)-(t:1.777-t:487-v:57534.54)-(t:1.779-t:488-v:57120.508)-(t:1.784-t:489-v:57042.642)-(t:2.992-t:760-v:56870.402)-(t:2.995-t:761-v:56498.05)-(t:2.998-t:762-v:56474.469)-(t:3.000-t:763-v:56063.898)-(t:3.017-t:764-v:54780.011)-(t:3.018-t:765-v:54505.224)-(t:3.019-t:766-v:54210.483)-(t:3.023-t:767-v:54127.858)-(t:3.286-t:894-v:53861.506)-(t:3.288-t:895-v:53675.773)-(t:3.290-t:896-v:53621.098)-(t:3.291-t:897-v:53551.099)-(t:3.307-t:898-v:51583.305)-(t:3.308-t:899-v:51172.734)-(t:3.311-t:900-v:51109.055)-(t:3.312-t:901-v:50888.045)-(t:3.314-t:902-v:50592.353)-(t:3.316-t:903-v:50183.356)-(t:3.471-t:1020-v:49997.267)-(t:3.487-t:1021-v:49839.327)-(t:3.489-t:1022-v:49609.07)-(t:3.490-t:1023-v:49009.182)-(t:3.494-t:1024-v:48927.898)-(t:3.496-t:1025-v:48912.261)-(t:3.498-t:1026-v:48731.834)-(t:3.499-t:1027-v:48577.876)-(t:3.500-t:1028-v:48411.072)-(t:3.501-t:1029-v:48284.488)-(t:3.503-t:1030-v:47654.044)-(t:3.505-t:1031-v:47596.68)-(t:3.520-t:1032-v:47586.832)-(t:3.522-t:1033-v:47559.509)-(t:3.524-t:1034-v:47413.093)-(t:4.468-t:1766-v:46906.151)-(t:4.470-t:1767-v:45598.66)-(t:4.472-t:1768-v:45380.911)-(t:4.473-t:1769-v:45131.206)-(t:4.475-t:1770-v:43529.095)-(t:4.475-t:1771-v:42963.484)-(t:4.476-t:1772-v:42688.162)-(t:4.476-t:1773-v:42495.358)-(t:4.477-t:1774-v:42474.722)-(t:4.478-t:1775-v:42408.43)-(t:4.491-t:1776-v:42369.859)-(t:4.492-t:1777-v:42314.254)-(t:4.492-t:1778-v:42121.526)-(t:4.493-t:1779-v:42058.075)-(t:4.493-t:1780-v:41958.471)-(t:5.905-t:3061-v:41934.804)-(t:5.906-t:3062-v:41745.743)-(t:5.907-t:3063-v:41701.07)-(t:5.909-t:3064-v:41692.783)-(t:5.911-t:3065-v:41351.745)-(t:5.913-t:3066-v:40595.378)-(t:5.914-t:3067-v:40349.349)-(t:5.915-t:3068-v:40345.389)-(t:5.916-t:3069-v:40299.662)-(t:6.153-t:3212-v:40262.794)-(t:6.155-t:3213-v:40053.429)-(t:6.157-t:3214-v:39983.958)-(t:6.158-t:3215-v:39784.676)-(t:6.300-t:3330-v:39589.132)-(t:6.306-t:3331-v:39263.529)-(t:9.948-t:8169-v:39177.479)-(t:9.949-t:8170-v:39058.623)-(t:27.074-t:28873-v:38635.19)-(t:27.077-t:28874-v:38112.929)-(t:57.758-t:65341-v:37975.842)-(t:57.760-t:65342-v:37939.525)-(t:57.761-t:65343-v:37659.138)-(t:58.736-t:66518-v:37637.166)-(t:58.736-t:66519-v:37525.373)-(t:58.739-t:66520-v:37112.681)-(t:58.742-t:66521-v:37102.303)-(t:118.828-t:136915-v:37081.412)-(t:118.832-t:136916-v:37018.612)-(t:182.695-t:211937-v:37001.037)-(t:182.700-t:211938-v:35939.294)-(t:182.702-t:211939-v:35893.051)-(t:182.705-t:211940-v:35848.533)-(t:182.708-t:211941-v:35164.955)-(t:182.711-t:211942-v:35160.758)-(t:182.713-t:211943-v:35119.306)-(t:182.715-t:211944-v:34434.467)-(t:182.717-t:211945-v:34364.996)-(t:212.399-t:247709-v:34223.311)-(t:212.400-t:247710-v:34155.956)-(t:212.401-t:247711-v:34118.578)-(t:212.402-t:247712-v:34060.906)-(t:212.403-t:247713-v:33724.792)-(t:212.405-t:247714-v:33704.156)-(t:212.408-t:247715-v:33665.39)-(t:212.409-t:247716-v:33582.487)-(t:212.412-t:247717-v:33516.405)-(t:212.414-t:247718-v:33474.723)-(t:212.415-t:247719-v:32904.54)-(t:212.418-t:247720-v:32872.714)-(t:212.419-t:247721-v:32840.337)-(t:212.421-t:247722-v:32703.041)-(t:212.423-t:247723-v:32331.9)-(t:212.424-t:247724-v:32305.451)-(t:212.428-t:247725-v:32252.114)],339.834
examples/tsp/tsplib/d657.tsp,bestslopefirst,r1,900,0,215810.448,[(t:4.439-t:2876-v:257836.071)-(t:4.439-t:2877-v:257650.35)-(t:4.440-t:2878-v:257644.731)-(t:4.440-t:2879-v:257644.434)-(t:4.440-t:2880-v:257594.524)-(t:4.441-t:2881-v:257593.501)-(t:4.441-t:2882-v:257409.385)-(t:4.441-t:2883-v:257367.659)-(t:4.441-t:2884-v:257303.039)-(t:4.443-t:2885-v:257239.355)-(t:4.443-t:2886-v:257058.186)-(t:4.443-t:2887-v:256939.414)-(t:4.456-t:2888-v:256895.902)-(t:4.456-t:2889-v:256706.417)-(t:4.456-t:2890-v:256551.77)-(t:4.456-t:2891-v:256409.942)-(t:4.457-t:2892-v:253325.97)-(t:4.457-t:2893-v:253306.543)-(t:4.457-t:2894-v:253300.382)-(t:4.457-t:2895-v:253272.074)-(t:4.457-t:2896-v:253220.428)-(t:4.458-t:2897-v:253198.086)-(t:4.458-t:2898-v:253192.645)-(t:4.458-t:2899-v:253112.047)-(t:4.458-t:2900-v:253003.095)-(t:4.458-t:2901-v:252882.139)-(t:4.458-t:2902-v:252568.784)-(t:4.459-t:2903-v:252531.553)-(t:4.459-t:2904-v:252215.299)-(t:6.513-t:3296-v:217033.115)-(t:6.513-t:3297-v:216949.91)-(t:6.513-t:3298-v:216933.743)-(t:6.513-t:3299-v:216842.224)-(t:6.513-t:3300-v:216724.05)-(t:6.513-t:3301-v:216560.076)-(t:6.527-t:3302-v:216376.399)-(t:6.527-t:3303-v:216355.034)-(t:6.528-t:3304-v:216353.141)-(t:260.008-t:193710-v:216345.726)-(t:260.009-t:193711-v:216188.395)-(t:260.010-t:193712-v:216180.289)-(t:260.010-t:193713-v:216149.409)-(t:260.010-t:193714-v:216122.968)-(t:260.011-t:193715-v:216090.893)-(t:260.011-t:193716-v:215916.073)-(t:631.662-t:472940-v:215915.164)-(t:631.688-t:472941-v:215878.36)-(t:631.691-t:472942-v:215871.551)-(t:631.692-t:472943-v:215839.828)-(t:631.692-t:472944-v:215813.983)-(t:631.693-t:472945-v:215810.448)],697.280
examples/tsp/tsplib/att48.tsp,random,r1,900,0,11466.0,[(t:0.596-t:122-v:36544.0)-(t:0.597-t:123-v:36320.0)-(t:0.599-t:124-v:36304.0)-(t:0.601-t:125-v:36303.0)-(t:0.603-t:126-v:36207.0)-(t:0.606-t:127-v:35421.0)-(t:0.613-t:128-v:34994.0)-(t:0.617-t:129-v:34780.0)-(t:0.619-t:130-v:34435.0)-(t:0.621-t:131-v:34417.0)-(t:0.625-t:132-v:34006.0)-(t:0.626-t:133-v:33486.0)-(t:0.627-t:134-v:32749.0)-(t:0.627-t:135-v:32647.0)-(t:0.628-t:136-v:31981.0)-(t:0.629-t:137-v:31369.0)-(t:0.643-t:138-v:31281.0)-(t:0.644-t:139-v:31270.0)-(t:0.646-t:140-v:31207.0)-(t:0.648-t:141-v:31050.0)-(t:0.651-t:142-v:30504.0)-(t:0.653-t:143-v:30093.0)-(t:0.662-t:144-v:30064.0)-(t:0.664-t:145-v:29957.0)-(t:0.669-t:146-v:29926.0)-(t:0.681-t:147-v:29921.0)-(t:0.682-t:148-v:29618.0)-(t:0.685-t:149-v:29297.0)-(t:0.688-t:150-v:28731.0)-(t:0.705-t:151-v:27979.0)-(t:0.706-t:152-v:27963.0)-(t:0.707-t:153-v:27807.0)-(t:0.708-t:154-v:27584.0)-(t:0.710-t:155-v:27476.0)-(t:0.711-t:156-v:27280.0)-(t:0.712-t:157-v:27232.0)-(t:0.714-t:158-v:27221.0)-(t:0.719-t:159-v:26747.0)-(t:0.722-t:160-v:26207.0)-(t:0.738-t:161-v:26200.0)-(t:0.741-t:162-v:25569.0)-(t:0.744-t:163-v:25469.0)-(t:0.745-t:164-v:25116.0)-(t:0.748-t:165-v:24662.0)-(t:0.749-t:166-v:24634.0)-(t:0.764-t:167-v:24631.0)-(t:0.765-t:168-v:24493.0)-(t:0.768-t:169-v:24183.0)-(t:0.769-t:170-v:24155.0)-(t:0.771-t:171-v:24040.0)-(t:0.774-t:172-v:24025.0)-(t:0.775-t:173-v:23932.0)-(t:0.780-t:174-v:23738.0)-(t:0.780-t:175-v:23569.0)-(t:0.794-t:176-v:23051.0)-(t:0.795-t:177-v:22862.0)-(t:0.796-t:178-v:22799.0)-(t:0.797-t:179-v:22631.0)-(t:0.802-t:180-v:22231.0)-(t:0.808-t:181-v:22104.0)-(t:0.819-t:182-v:22085.0)-(t:0.824-t:183-v:21967.0)-(t:0.840-t:184-v:21949.0)-(t:0.843-t:185-v:21947.0)-(t:0.846-t:186-v:21940.0)-(t:0.850-t:187-v:21858.0)-(t:0.851-t:188-v:21615.0)-(t:0.866-t:189-v:20816.0)-(t:0.884-t:190-v:20780.0)-(t:0.890-t:191-v:20608.0)-(t:0.893-t:192-v:20349.0)-(t:0.894-t:193-v:20022.0)-(t:0.896-t:194-v:19823.0)-(t:0.897-t:195-v:19760.0)-(t:0.913-t:196-v:19482.0)-(t:0.919-t:197-v:18802.0)-(t:0.919-t:198-v:18692.0)-(t:0.921-t:199-v:18383.0)-(t:0.925-t:200-v:18359.0)-(t:0.941-t:201-v:18273.0)-(t:0.943-t:202-v:18150.0)-(t:0.947-t:203-v:18141.0)-(t:0.948-t:204-v:18132.0)-(t:0.951-t:205-v:18092.0)-(t:0.964-t:206-v:18085.0)-(t:0.967-t:207-v:18023.0)-(t:0.983-t:208-v:17958.0)-(t:0.988-t:209-v:17786.0)-(t:0.992-t:210-v:17632.0)-(t:1.011-t:211-v:15468.0)-(t:1.013-t:212-v:15333.0)-(t:1.015-t:213-v:15013.0)-(t:1.016-t:214-v:14677.0)-(t:1.017-t:215-v:14438.0)-(t:1.017-t:216-v:14384.0)-(t:1.018-t:217-v:14343.0)-(t:1.018-t:218-v:13979.0)-(t:1.021-t:219-v:13819.0)-(t:1.022-t:220-v:13619.0)-(t:1.022-t:221-v:13002.0)-(t:1.024-t:222-v:12560.0)-(t:1.029-t:223-v:12502.0)-(t:1.045-t:224-v:12487.0)-(t:12.992-t:18247-v:12310.0)-(t:12.994-t:18248-v:12030.0)-(t:12.995-t:18249-v:11918.0)-(t:84.753-t:176687-v:11904.0)-(t:84.754-t:176688-v:11709.0)-(t:84.755-t:176689-v:11636.0)-(t:165.668-t:358207-v:11621.0)-(t:165.669-t:358208-v:11466.0)],71.051
examples/tsp/tsplib/bier127.tsp,random,r1,900,0,220302.994,[(t:1.172-t:337-v:390083.738)-(t:1.173-t:338-v:390042.764)-(t:1.173-t:339-v:390010.33)-(t:1.175-t:340-v:389829.131)-(t:1.176-t:341-v:389722.263)-(t:1.180-t:342-v:389424.103)-(t:1.180-t:343-v:388602.624)-(t:1.180-t:344-v:388551.339)-(t:1.182-t:345-v:388358.454)-(t:1.190-t:346-v:388253.709)-(t:1.200-t:347-v:387883.499)-(t:1.200-t:348-v:387659.061)-(t:1.201-t:349-v:387586.147)-(t:1.203-t:350-v:387540.46)-(t:1.204-t:351-v:387429.975)-(t:1.218-t:352-v:387390.834)-(t:1.221-t:353-v:378395.456)-(t:1.227-t:354-v:378069.606)-(t:1.227-t:355-v:377899.936)-(t:1.227-t:356-v:377751.73)-(t:1.228-t:357-v:377581.991)-(t:1.228-t:358-v:377508.742)-(t:1.229-t:359-v:376942.498)-(t:1.231-t:360-v:376414.799)-(t:1.233-t:361-v:376074.573)-(t:1.249-t:362-v:375857.632)-(t:1.249-t:363-v:375219.716)-(t:1.253-t:364-v:375006.669)-(t:1.254-t:365-v:375006.337)-(t:1.255-t:366-v:374872.713)-(t:1.258-t:367-v:374022.907)-(t:1.259-t:368-v:373805.181)-(t:1.260-t:369-v:373690.491)-(t:1.261-t:370-v:373671.643)-(t:1.262-t:371-v:373599.85)-(t:1.263-t:372-v:372998.824)-(t:1.266-t:373-v:372793.078)-(t:1.266-t:374-v:372744.821)-(t:1.269-t:375-v:372732.346)-(t:1.270-t:376-v:372681.061)-(t:1.270-t:377-v:372332.664)-(t:1.284-t:378-v:371696.167)-(t:1.298-t:379-v:371550.327)-(t:1.300-t:380-v:370691.436)-(t:1.302-t:381-v:369056.201)-(t:1.304-t:382-v:367737.377)-(t:1.305-t:383-v:367624.786)-(t:1.307-t:384-v:367556.395)-(t:1.308-t:385-v:367211.726)-(t:1.309-t:386-v:367179.047)-(t:1.309-t:387-v:367161.83)-(t:1.310-t:388-v:366766.844)-(t:1.311-t:389-v:366664.503)-(t:1.313-t:390-v:366570.06)-(t:1.313-t:391-v:366465.363)-(t:1.315-t:392-v:365797.362)-(t:1.317-t:393-v:365483.657)-(t:1.318-t:394-v:364325.533)-(t:1.332-t:395-v:364187.626)-(t:1.333-t:396-v:363797.354)-(t:1.337-t:397-v:363642.277)-(t:1.340-t:398-v:363183.745)-(t:1.348-t:399-v:363178.425)-(t:1.349-t:400-v:363050.616)-(t:1.349-t:401-v:362614.64)-(t:1.350-t:402-v:361888.253)-(t:1.351-t:403-v:361534.971)-(t:1.355-t:404-v:361002.27)-(t:1.358-t:405-v:360971.264)-(t:1.358-t:406-v:360760.451)-(t:1.375-t:407-v:360681.16)-(t:1.376-t:408-v:360377.659)-(t:1.377-t:409-v:359938.256)-(t:1.378-t:410-v:359796.183)-(t:1.397-t:411-v:359295.612)-(t:1.402-t:412-v:359256.647)-(t:1.412-t:413-v:358967.902)-(t:1.413-t:414-v:358828.398)-(t:1.414-t:415-v:358688.654)-(t:1.414-t:416-v:358552.776)-(t:1.415-t:417-v:358354.164)-(t:1.416-t:418-v:357997.95)-(t:1.420-t:419-v:357937.251)-(t:1.441-t:420-v:357781.573)-(t:1.441-t:421-v:357316.59)-(t:1.444-t:422-v:356513.038)-(t:1.454-t:423-v:355720.798)-(t:1.454-t:424-v:355584.888)-(t:1.455-t:425-v:355187.392)-(t:1.455-t:426-v:354669.729)-(t:1.455-t:427-v:354276.265)-(t:1.456-t:428-v:353711.601)-(t:1.456-t:429-v:352515.853)-(t:1.457-t:430-v:352010.89)-(t:1.474-t:431-v:351853.109)-(t:1.477-t:432-v:350938.428)-(t:1.479-t:433-v:350856.199)-(t:1.494-t:434-v:350246.871)-(t:1.499-t:435-v:350007.495)-(t:1.503-t:436-v:349380.04)-(t:1.504-t:437-v:349087.77)-(t:1.521-t:438-v:348724.943)-(t:1.527-t:439-v:346473.653)-(t:1.528-t:440-v:345564.0)-(t:1.534-t:441-v:345172.06)-(t:1.536-t:442-v:344922.729)-(t:1.551-t:443-v:344820.664)-(t:1.555-t:444-v:344132.28)-(t:1.561-t:445-v:343841.944)-(t:1.580-t:446-v:337887.622)-(t:1.582-t:447-v:337597.432)-(t:1.582-t:448-v:337580.425)-(t:1.583-t:449-v:337521.144)-(t:1.596-t:450-v:337520.812)-(t:1.599-t:451-v:334145.384)-(t:1.599-t:452-v:333649.57)-(t:1.603-t:453-v:333533.864)-(t:1.605-t:454-v:333257.107)-(t:1.612-t:455-v:333220.069)-(t:1.629-t:456-v:333054.698)-(t:1.646-t:457-v:327577.351)-(t:1.647-t:458-v:327441.449)-(t:1.648-t:459-v:327338.211)-(t:1.653-t:460-v:326825.964)-(t:1.658-t:461-v:326612.234)-(t:1.658-t:462-v:326544.903)-(t:1.658-t:463-v:326326.007)-(t:1.659-t:464-v:325809.111)-(t:2.139-t:575-v:325644.282)-(t:2.162-t:576-v:325589.492)-(t:2.184-t:577-v:324730.512)-(t:2.201-t:578-v:324255.415)-(t:2.226-t:579-v:323303.455)-(t:2.235-t:580-v:320714.706)-(t:2.236-t:581-v:320432.704)-(t:2.236-t:582-v:319992.911)-(t:2.237-t:583-v:319721.26)-(t:2.237-t:584-v:318618.743)-(t:2.237-t:585-v:317696.961)-(t:2.251-t:586-v:317574.119)-(t:2.251-t:587-v:317486.222)-(t:2.252-t:588-v:317407.762)-(t:2.252-t:589-v:317280.276)-(t:2.255-t:590-v:316762.487)-(t:2.269-t:591-v:316752.269)-(t:2.270-t:592-v:316642.36)-(t:2.271-t:593-v:316540.64)-(t:2.272-t:594-v:316250.978)-(t:2.276-t:595-v:316187.901)-(t:2.283-t:596-v:315640.131)-(t:2.307-t:597-v:315574.329)-(t:2.313-t:598-v:315241.992)-(t:2.331-t:599-v:315095.814)-(t:2.332-t:600-v:315025.339)-(t:2.334-t:601-v:314820.271)-(t:2.335-t:602-v:314723.095)-(t:2.338-t:603-v:314697.031)-(t:2.351-t:604-v:314259.239)-(t:2.354-t:605-v:314213.031)-(t:2.355-t:606-v:306290.797)-(t:2.356-t:607-v:306239.653)-(t:2.356-t:608-v:306111.567)-(t:2.357-t:609-v:306092.807)-(t:2.357-t:610-v:306085.96)-(t:2.358-t:611-v:305506.514)-(t:2.358-t:612-v:305327.602)-(t:2.358-t:613-v:304894.317)-(t:2.359-t:614-v:304784.258)-(t:2.360-t:615-v:303984.949)-(t:2.361-t:616-v:303956.277)-(t:2.361-t:617-v:303797.417)-(t:2.363-t:618-v:303737.381)-(t:2.365-t:619-v:303632.723)-(t:2.366-t:620-v:303588.677)-(t:2.368-t:621-v:303313.935)-(t:2.374-t:622-v:303083.013)-(t:2.393-t:623-v:302947.111)-(t:2.400-t:624-v:302869.385)-(t:2.419-t:625-v:302773.431)-(t:2.420-t:626-v:302693.375)-(t:2.421-t:627-v:302688.573)-(t:2.429-t:628-v:302442.42)-(t:2.430-t:629-v:302140.176)-(t:2.441-t:630-v:301595.255)-(t:2.441-t:631-v:301313.86)-(t:2.444-t:632-v:301168.293)-(t:2.449-t:633-v:300773.328)-(t:2.449-t:634-v:300752.003)-(t:2.465-t:635-v:300097.99)-(t:2.467-t:636-v:299794.418)-(t:2.483-t:637-v:298299.802)-(t:2.487-t:638-v:296605.97)-(t:2.491-t:639-v:296602.728)-(t:2.495-t:640-v:296472.675)-(t:2.505-t:641-v:295911.513)-(t:2.507-t:642-v:295467.784)-(t:2.509-t:643-v:295005.569)-(t:2.511-t:644-v:293964.267)-(t:2.512-t:645-v:293393.066)-(t:2.512-t:646-v:292985.104)-(t:2.513-t:647-v:290385.038)-(t:2.513-t:648-v:290180.393)-(t:2.528-t:649-v:289967.507)-(t:2.533-t:650-v:276036.343)-(t:2.534-t:651-v:275536.052)-(t:2.535-t:652-v:274175.676)-(t:2.535-t:653-v:272825.808)-(t:2.535-t:654-v:272768.945)-(t:2.535-t:655-v:272725.908)-(t:2.554-t:656-v:271587.244)-(t:2.555-t:657-v:270767.0)-(t:3.544-t:1404-v:270594.046)-(t:3.566-t:1405-v:270560.996)-(t:3.566-t:1406-v:270527.115)-(t:3.567-t:1407-v:269831.524)-(t:3.567-t:1408-v:269310.797)-(t:3.567-t:1409-v:269309.441)-(t:3.567-t:1410-v:269229.663)-(t:3.568-t:1411-v:269224.952)-(t:3.568-t:1412-v:269192.182)-(t:3.568-t:1413-v:269187.043)-(t:3.570-t:1414-v:269132.275)-(t:3.570-t:1415-v:269123.715)-(t:3.572-t:1416-v:269035.099)-(t:3.574-t:1417-v:268792.39)-(t:3.575-t:1418-v:268213.1)-(t:3.578-t:1419-v:268183.633)-(t:4.582-t:2317-v:267499.39)-(t:4.583-t:2318-v:267496.58)-(t:4.596-t:2319-v:267443.337)-(t:4.599-t:2320-v:267325.553)-(t:4.601-t:2321-v:265922.206)-(t:4.601-t:2322-v:265842.392)-(t:4.601-t:2323-v:265467.481)-(t:4.602-t:2324-v:265281.689)-(t:4.603-t:2325-v:265223.906)-(t:4.605-t:2326-v:265044.391)-(t:4.607-t:2327-v:264400.392)-(t:4.607-t:2328-v:264033.568)-(t:4.609-t:2329-v:263545.474)-(t:4.611-t:2330-v:263402.09)-(t:4.613-t:2331-v:263060.919)-(t:4.630-t:2332-v:262315.078)-(t:4.631-t:2333-v:261828.472)-(t:4.633-t:2334-v:261712.766)-(t:4.633-t:2335-v:261628.414)-(t:4.649-t:2336-v:261442.838)-(t:4.650-t:2337-v:261202.233)-(t:4.652-t:2338-v:261145.683)-(t:10.002-t:7999-v:260739.066)-(t:10.003-t:8000-v:260702.358)-(t:10.005-t:8001-v:260153.579)-(t:10.005-t:8002-v:259498.622)-(t:10.006-t:8003-v:259441.161)-(t:10.006-t:8004-v:259117.448)-(t:10.006-t:8005-v:258936.53)-(t:10.006-t:8006-v:258698.153)-(t:10.007-t:8007-v:258241.419)-(t:10.007-t:8008-v:258003.679)-(t:10.008-t:8009-v:257349.457)-(t:10.008-t:8010-v:257318.584)-(t:10.009-t:8011-v:256717.556)-(t:10.011-t:8012-v:256316.824)-(t:10.014-t:8013-v:256085.17)-(t:10.017-t:8014-v:256065.982)-(t:10.017-t:8015-v:255895.256)-(t:10.018-t:8016-v:255881.738)-(t:10.025-t:8017-v:255759.687)-(t:10.025-t:8018-v:255744.211)-(t:10.026-t:8019-v:255471.046)-(t:10.027-t:8020-v:255184.278)-(t:10.031-t:8021-v:255032.334)-(t:15.275-t:14931-v:254992.172)-(t:15.276-t:14932-v:254853.064)-(t:15.276-t:14933-v:254730.345)-(t:15.276-t:14934-v:254627.107)-(t:15.276-t:14935-v:253427.485)-(t:15.281-t:14936-v:253407.295)-(t:15.282-t:14937-v:253398.372)-(t:15.282-t:14938-v:253272.181)-(t:15.287-t:14939-v:253261.814)-(t:15.287-t:14940-v:253200.86)-(t:15.292-t:14941-v:253088.823)-(t:15.295-t:14942-v:252006.455)-(t:15.298-t:14943-v:251725.145)-(t:15.344-t:15010-v:251265.178)-(t:15.347-t:15011-v:250210.338)-(t:15.348-t:15012-v:249608.727)-(t:15.348-t:15013-v:249012.288)-(t:15.352-t:15014-v:248977.028)-(t:15.352-t:15015-v:248821.333)-(t:15.353-t:15016-v:248556.126)-(t:15.355-t:15017-v:248360.661)-(t:15.357-t:15018-v:246716.235)-(t:15.357-t:15019-v:246646.21)-(t:15.358-t:15020-v:246434.597)-(t:15.359-t:15021-v:245671.116)-(t:15.363-t:15022-v:245526.768)-(t:30.100-t:35576-v:245065.109)-(t:30.103-t:35577-v:244876.896)-(t:30.106-t:35578-v:244437.659)-(t:30.109-t:35579-v:244241.287)-(t:30.114-t:35580-v:244027.557)-(t:30.218-t:35668-v:243496.153)-(t:30.220-t:35669-v:242635.097)-(t:30.225-t:35670-v:242212.253)-(t:30.230-t:35671-v:242171.234)-(t:30.231-t:35672-v:242139.989)-(t:30.234-t:35673-v:242035.331)-(t:46.664-t:57532-v:241989.122)-(t:46.664-t:57533-v:241968.674)-(t:46.664-t:57534-v:241647.62)-(t:46.664-t:57535-v:241368.381)-(t:46.664-t:57536-v:241351.164)-(t:46.665-t:57537-v:240188.796)-(t:46.665-t:57538-v:239981.614)-(t:46.668-t:57539-v:239643.577)-(t:46.670-t:57540-v:238850.678)-(t:46.673-t:57541-v:238787.621)-(t:46.674-t:57542-v:238621.593)-(t:46.678-t:57543-v:236676.658)-(t:46.678-t:57544-v:236101.416)-(t:46.684-t:57545-v:235835.395)-(t:46.687-t:57546-v:235813.709)-(t:46.690-t:57547-v:235809.836)-(t:54.233-t:68228-v:233311.287)-(t:54.234-t:68229-v:233296.661)-(t:54.234-t:68230-v:232761.485)-(t:54.234-t:68231-v:232601.18)-(t:54.235-t:68232-v:230910.814)-(t:54.235-t:68233-v:229560.946)-(t:54.235-t:68234-v:228741.175)-(t:54.240-t:68235-v:228527.445)-(t:54.247-t:68236-v:226649.866)-(t:54.248-t:68237-v:226427.955)-(t:485.013-t:662950-v:226019.003)-(t:485.014-t:662951-v:225504.942)-(t:485.017-t:662952-v:224502.254)-(t:485.021-t:662953-v:224426.851)-(t:485.024-t:662954-v:223935.684)-(t:485.026-t:662955-v:223677.821)-(t:485.029-t:662956-v:223126.695)-(t:485.033-t:662957-v:222754.18)-(t:485.038-t:662958-v:221377.925)-(t:485.043-t:662959-v:221087.591)-(t:485.044-t:662960-v:220302.994)],426.843
examples/tsp/tsplib/gr120.tsp,bestslopefirst,r1,900,0,11499.0,[(t:2.292-t:607-v:17009.0)-(t:2.294-t:608-v:16898.0)-(t:2.295-t:609-v:16664.0)-(t:2.296-t:610-v:16650.0)-(t:2.296-t:611-v:16636.0)-(t:2.310-t:612-v:16623.0)-(t:2.310-t:613-v:16494.0)-(t:2.311-t:614-v:16489.0)-(t:2.312-t:615-v:16450.0)-(t:2.314-t:616-v:16364.0)-(t:2.314-t:617-v:16256.0)-(t:2.316-t:618-v:16243.0)-(t:2.316-t:619-v:16083.0)-(t:2.317-t:620-v:16064.0)-(t:2.317-t:621-v:16057.0)-(t:2.318-t:622-v:16002.0)-(t:2.319-t:623-v:15852.0)-(t:2.321-t:624-v:15825.0)-(t:2.323-t:625-v:15631.0)-(t:2.323-t:626-v:15430.0)-(t:2.340-t:627-v:15427.0)-(t:2.341-t:628-v:15418.0)-(t:2.344-t:629-v:15400.0)-(t:2.345-t:630-v:15334.0)-(t:2.345-t:631-v:15333.0)-(t:2.346-t:632-v:15236.0)-(t:2.347-t:633-v:15231.0)-(t:2.347-t:634-v:15218.0)-(t:2.347-t:635-v:15188.0)-(t:2.348-t:636-v:15166.0)-(t:2.348-t:637-v:15082.0)-(t:2.348-t:638-v:15059.0)-(t:2.349-t:639-v:15054.0)-(t:2.350-t:640-v:15025.0)-(t:2.350-t:641-v:15024.0)-(t:2.365-t:642-v:15019.0)-(t:2.365-t:643-v:14932.0)-(t:2.366-t:644-v:14897.0)-(t:2.366-t:645-v:14836.0)-(t:2.367-t:646-v:14781.0)-(t:2.368-t:647-v:14773.0)-(t:2.369-t:648-v:14711.0)-(t:2.373-t:649-v:14683.0)-(t:2.376-t:650-v:14671.0)-(t:2.384-t:651-v:14653.0)-(t:8.466-t:4771-v:13906.0)-(t:8.469-t:4772-v:13824.0)-(t:31.099-t:27036-v:13758.0)-(t:31.102-t:27037-v:13682.0)-(t:31.105-t:27038-v:13655.0)-(t:31.109-t:27039-v:13520.0)-(t:34.219-t:30220-v:13514.0)-(t:34.223-t:30221-v:13360.0)-(t:34.227-t:30222-v:13276.0)-(t:34.228-t:30223-v:13255.0)-(t:34.230-t:30224-v:13142.0)-(t:34.232-t:30225-v:13025.0)-(t:85.027-t:81801-v:12992.0)-(t:85.031-t:81802-v:12909.0)-(t:85.034-t:81803-v:12854.0)-(t:85.038-t:81804-v:12835.0)-(t:85.041-t:81805-v:12817.0)-(t:133.675-t:131766-v:12773.0)-(t:133.678-t:131767-v:12757.0)-(t:133.679-t:131768-v:12711.0)-(t:133.681-t:131769-v:12698.0)-(t:133.684-t:131770-v:12630.0)-(t:133.685-t:131771-v:12610.0)-(t:133.689-t:131772-v:12592.0)-(t:133.692-t:131773-v:12555.0)-(t:133.696-t:131774-v:12549.0)-(t:133.699-t:131775-v:12496.0)-(t:181.301-t:179513-v:12416.0)-(t:181.303-t:179514-v:12379.0)-(t:181.305-t:179515-v:12360.0)-(t:203.342-t:201502-v:12342.0)-(t:203.342-t:201503-v:12318.0)-(t:203.344-t:201504-v:12310.0)-(t:203.346-t:201505-v:12151.0)-(t:203.348-t:201506-v:12112.0)-(t:203.349-t:201507-v:12103.0)-(t:203.350-t:201508-v:12084.0)-(t:203.352-t:201509-v:12080.0)-(t:203.353-t:201510-v:12016.0)-(t:203.355-t:201511-v:12008.0)-(t:203.357-t:201512-v:11957.0)-(t:677.146-t:685612-v:11898.0)-(t:677.147-t:685613-v:11847.0)-(t:677.150-t:685614-v:11780.0)-(t:677.152-t:685615-v:11767.0)-(t:677.156-t:685616-v:11642.0)-(t:677.156-t:685617-v:11612.0)-(t:677.160-t:685618-v:11562.0)-(t:677.161-t:685619-v:11549.0)-(t:677.161-t:685620-v:11525.0)-(t:677.165-t:685621-v:11499.0)],382.226
examples/tsp/tsplib/kroB150.tsp,random,r1,900,0,53729.014,[(t:1.204-t:397-v:190437.121)-(t:1.205-t:398-v:189989.331)-(t:1.206-t:399-v:189973.626)-(t:1.207-t:400-v:189567.619)-(t:1.208-t:401-v:189553.679)-(t:1.210-t:402-v:189553.116)-(t:1.212-t:403-v:188760.784)-(t:1.213-t:404-v:187864.909)-(t:1.228-t:405-v:187784.51)-(t:1.228-t:406-v:186479.027)-(t:1.229-t:407-v:186141.743)-(t:1.229-t:408-v:185706.178)-(t:1.230-t:409-v:185592.169)-(t:1.230-t:410-v:184766.024)-(t:1.231-t:411-v:184715.581)-(t:1.231-t:412-v:184354.089)-(t:1.233-t:413-v:184250.138)-(t:1.233-t:414-v:184163.328)-(t:1.235-t:415-v:184049.916)-(t:1.236-t:416-v:183971.687)-(t:1.236-t:417-v:183552.401)-(t:1.238-t:418-v:183318.763)-(t:1.241-t:419-v:183100.458)-(t:1.242-t:420-v:182825.43)-(t:1.243-t:421-v:182217.954)-(t:1.244-t:422-v:182178.786)-(t:1.245-t:423-v:182044.417)-(t:1.245-t:424-v:182041.253)-(t:1.245-t:425-v:181621.342)-(t:1.259-t:426-v:181507.186)-(t:1.259-t:427-v:181500.609)-(t:1.261-t:428-v:181459.877)-(t:1.262-t:429-v:181323.792)-(t:1.263-t:430-v:181234.808)-(t:1.266-t:431-v:181192.443)-(t:1.267-t:432-v:180766.78)-(t:1.281-t:433-v:180727.251)-(t:1.281-t:434-v:180159.973)-(t:1.283-t:435-v:180146.509)-(t:1.285-t:436-v:180009.132)-(t:1.285-t:437-v:179027.119)-(t:1.286-t:438-v:178977.916)-(t:1.287-t:439-v:178772.398)-(t:1.288-t:440-v:178527.611)-(t:1.291-t:441-v:178505.979)-(t:1.305-t:442-v:178114.696)-(t:1.308-t:443-v:177919.935)-(t:1.310-t:444-v:177483.391)-(t:1.313-t:445-v:177426.269)-(t:1.315-t:446-v:175493.457)-(t:1.316-t:447-v:175117.778)-(t:1.318-t:448-v:175104.519)-(t:1.319-t:449-v:175002.635)-(t:1.321-t:450-v:174934.563)-(t:1.321-t:451-v:174851.673)-(t:1.321-t:452-v:174556.795)-(t:1.322-t:453-v:174221.221)-(t:1.322-t:454-v:174203.195)-(t:1.322-t:455-v:173843.8)-(t:1.324-t:456-v:173679.044)-(t:1.325-t:457-v:173617.947)-(t:1.327-t:458-v:172465.137)-(t:1.341-t:459-v:172189.788)-(t:1.341-t:460-v:171717.237)-(t:1.343-t:461-v:171588.776)-(t:1.344-t:462-v:171520.324)-(t:1.346-t:463-v:171313.008)-(t:1.348-t:464-v:171147.596)-(t:1.350-t:465-v:171115.295)-(t:1.352-t:466-v:171114.695)-(t:1.352-t:467-v:170968.04)-(t:1.366-t:468-v:170569.798)-(t:1.371-t:469-v:170520.559)-(t:1.371-t:470-v:170077.675)-(t:1.373-t:471-v:169902.763)-(t:1.388-t:472-v:169792.197)-(t:1.388-t:473-v:169265.232)-(t:1.388-t:474-v:168732.214)-(t:1.389-t:475-v:168432.277)-(t:1.389-t:476-v:168305.32)-(t:1.390-t:477-v:168238.834)-(t:1.391-t:478-v:167898.239)-(t:1.392-t:479-v:167814.043)-(t:1.395-t:480-v:167798.469)-(t:1.395-t:481-v:167438.002)-(t:1.398-t:482-v:167135.056)-(t:1.400-t:483-v:166050.502)-(t:1.402-t:484-v:165571.163)-(t:1.403-t:485-v:165541.908)-(t:1.406-t:486-v:165541.636)-(t:1.408-t:487-v:165513.566)-(t:1.429-t:488-v:165192.395)-(t:1.430-t:489-v:165011.789)-(t:1.430-t:490-v:164003.726)-(t:1.432-t:491-v:163944.62)-(t:1.434-t:492-v:163913.408)-(t:1.435-t:493-v:163684.905)-(t:1.435-t:494-v:163651.283)-(t:1.436-t:495-v:163087.594)-(t:1.437-t:496-v:162898.594)-(t:1.438-t:497-v:162760.827)-(t:1.440-t:498-v:162677.638)-(t:1.441-t:499-v:162187.386)-(t:1.442-t:500-v:162030.919)-(t:1.443-t:501-v:162012.353)-(t:1.443-t:502-v:161989.834)-(t:1.464-t:503-v:161846.518)-(t:1.466-t:504-v:161394.519)-(t:1.466-t:505-v:160751.491)-(t:1.467-t:506-v:160349.607)-(t:1.469-t:507-v:160208.291)-(t:1.475-t:508-v:160055.821)-(t:1.477-t:509-v:159556.445)-(t:1.479-t:510-v:159414.368)-(t:1.481-t:511-v:159001.573)-(t:1.497-t:512-v:158908.578)-(t:1.500-t:513-v:158723.865)-(t:1.500-t:514-v:158042.93)-(t:1.502-t:515-v:157582.757)-(t:1.504-t:516-v:157479.9)-(t:1.507-t:517-v:157066.134)-(t:1.511-t:518-v:157001.399)-(t:1.529-t:519-v:156509.427)-(t:1.531-t:520-v:156382.379)-(t:1.535-t:521-v:156038.507)-(t:1.538-t:522-v:155998.808)-(t:1.554-t:523-v:155997.612)-(t:1.555-t:524-v:155538.049)-(t:1.555-t:525-v:155523.058)-(t:1.571-t:526-v:154580.587)-(t:1.575-t:527-v:154420.01)-(t:1.595-t:528-v:153805.938)-(t:1.598-t:529-v:153779.286)-(t:1.604-t:530-v:153404.751)-(t:1.605-t:531-v:153341.503)-(t:1.606-t:532-v:153238.853)-(t:1.606-t:533-v:153146.478)-(t:1.616-t:534-v:153054.313)-(t:1.618-t:535-v:152951.168)-(t:1.624-t:536-v:152700.86)-(t:1.643-t:537-v:152245.066)-(t:1.660-t:538-v:152001.074)-(t:1.664-t:539-v:151978.819)-(t:1.671-t:540-v:151630.35)-(t:1.671-t:541-v:151027.994)-(t:1.672-t:542-v:150985.148)-(t:1.676-t:543-v:150949.88)-(t:1.695-t:544-v:150929.21)-(t:1.697-t:545-v:150792.128)-(t:1.699-t:546-v:150415.882)-(t:1.703-t:547-v:150322.887)-(t:1.720-t:548-v:150137.896)-(t:1.724-t:549-v:149249.509)-(t:1.725-t:550-v:149142.126)-(t:1.726-t:551-v:148650.154)-(t:1.726-t:552-v:148620.633)-(t:1.727-t:553-v:148583.071)-(t:1.727-t:554-v:148570.568)-(t:1.728-t:555-v:148545.575)-(t:1.743-t:556-v:148165.637)-(t:1.745-t:557-v:148061.596)-(t:1.745-t:558-v:147920.275)-(t:1.748-t:559-v:147286.364)-(t:1.766-t:560-v:147282.651)-(t:1.770-t:561-v:147282.221)-(t:1.773-t:562-v:147056.662)-(t:1.776-t:563-v:146427.851)-(t:1.777-t:564-v:146327.662)-(t:1.780-t:565-v:146063.45)-(t:1.799-t:566-v:145874.55)-(t:1.800-t:567-v:145854.474)-(t:1.804-t:568-v:145730.525)-(t:1.807-t:569-v:145449.702)-(t:1.808-t:570-v:145359.796)-(t:1.831-t:571-v:145293.85)-(t:1.832-t:572-v:145104.79)-(t:1.835-t:573-v:144837.198)-(t:1.836-t:574-v:144816.052)-(t:1.838-t:575-v:144782.132)-(t:1.857-t:576-v:144411.507)-(t:1.860-t:577-v:143912.057)-(t:1.861-t:578-v:143904.612)-(t:1.861-t:579-v:143879.19)-(t:1.862-t:580-v:143869.424)-(t:1.862-t:581-v:143814.063)-(t:1.863-t:582-v:143556.094)-(t:1.863-t:583-v:142402.699)-(t:1.865-t:584-v:142384.002)-(t:1.866-t:585-v:142234.689)-(t:1.867-t:586-v:141948.448)-(t:1.868-t:587-v:141656.199)-(t:1.869-t:588-v:141641.423)-(t:1.870-t:589-v:141561.066)-(t:1.873-t:590-v:141319.836)-(t:1.874-t:591-v:141288.55)-(t:1.877-t:592-v:140475.849)-(t:1.896-t:593-v:140467.62)-(t:1.898-t:594-v:140170.896)-(t:1.900-t:595-v:140122.597)-(t:1.902-t:596-v:140104.97)-(t:1.918-t:597-v:139368.131)-(t:1.919-t:598-v:139067.215)-(t:1.919-t:599-v:138842.003)-(t:1.922-t:600-v:138793.547)-(t:1.923-t:601-v:138754.274)-(t:1.926-t:602-v:138301.482)-(t:1.933-t:603-v:135129.221)-(t:1.947-t:604-v:134883.192)-(t:1.952-t:605-v:134566.725)-(t:1.956-t:606-v:134540.276)-(t:1.970-t:607-v:132396.289)-(t:1.970-t:608-v:132312.258)-(t:1.971-t:609-v:132047.464)-(t:1.971-t:610-v:131060.039)-(t:1.972-t:611-v:130957.633)-(t:1.973-t:612-v:130936.899)-(t:1.976-t:613-v:130660.59)-(t:1.978-t:614-v:130526.614)-(t:1.984-t:615-v:130343.114)-(t:1.998-t:616-v:129701.243)-(t:2.000-t:617-v:129489.263)-(t:2.005-t:618-v:129302.506)-(t:2.007-t:619-v:129056.477)-(t:2.012-t:620-v:128460.657)-(t:2.034-t:621-v:125875.786)-(t:2.035-t:622-v:125855.296)-(t:2.037-t:623-v:125624.6)-(t:2.040-t:624-v:125430.738)-(t:2.044-t:625-v:124724.75)-(t:2.065-t:626-v:124512.77)-(t:2.071-t:627-v:124326.013)-(t:2.084-t:628-v:124079.984)-(t:2.091-t:629-v:123166.763)-(t:2.093-t:630-v:123067.915)-(t:2.093-t:631-v:123046.325)-(t:2.094-t:632-v:122850.864)-(t:2.095-t:633-v:122788.346)-(t:2.108-t:634-v:122765.767)-(t:2.109-t:635-v:122747.34)-(t:2.111-t:636-v:122000.939)-(t:2.112-t:637-v:121929.285)-(t:2.130-t:638-v:121809.187)-(t:2.132-t:639-v:121680.268)-(t:2.137-t:640-v:121546.589)-(t:2.140-t:641-v:121165.367)-(t:2.142-t:642-v:121153.946)-(t:2.144-t:643-v:121153.319)-(t:2.161-t:644-v:121146.76)-(t:2.165-t:645-v:120510.692)-(t:2.180-t:646-v:120485.529)-(t:2.183-t:647-v:120221.54)-(t:2.184-t:648-v:120189.109)-(t:2.184-t:649-v:120125.176)-(t:2.185-t:650-v:119528.049)-(t:2.188-t:651-v:119485.43)-(t:2.188-t:652-v:118963.078)-(t:2.191-t:653-v:118905.986)-(t:2.207-t:654-v:118897.23)-(t:2.209-t:655-v:118893.942)-(t:2.210-t:656-v:118686.301)-(t:2.212-t:657-v:118538.09)-(t:2.214-t:658-v:118413.914)-(t:2.214-t:659-v:118392.228)-(t:2.214-t:660-v:118373.694)-(t:2.215-t:661-v:118256.341)-(t:2.217-t:662-v:117831.416)-(t:2.231-t:663-v:117226.033)-(t:2.233-t:664-v:116940.889)-(t:2.235-t:665-v:116689.924)-(t:2.236-t:666-v:116686.211)-(t:2.238-t:667-v:116569.188)-(t:2.239-t:668-v:116380.451)-(t:2.239-t:669-v:115853.335)-(t:2.241-t:670-v:115663.405)-(t:2.243-t:671-v:115584.048)-(t:2.244-t:672-v:115331.583)-(t:2.258-t:673-v:115276.15)-(t:2.260-t:674-v:115135.024)-(t:2.260-t:675-v:115006.627)-(t:2.263-t:676-v:114996.634)-(t:2.265-t:677-v:114534.042)-(t:2.267-t:678-v:114446.635)-(t:2.268-t:679-v:114398.297)-(t:2.268-t:680-v:114395.499)-(t:2.272-t:681-v:114370.024)-(t:2.289-t:682-v:114364.426)-(t:2.292-t:683-v:114101.931)-(t:2.295-t:684-v:113948.955)-(t:2.298-t:685-v:113358.379)-(t:2.315-t:686-v:113312.652)-(t:2.319-t:687-v:112680.703)-(t:2.319-t:688-v:112676.142)-(t:2.321-t:689-v:111750.801)-(t:2.323-t:690-v:111337.836)-(t:2.326-t:691-v:111107.95)-(t:2.329-t:692-v:110807.543)-(t:2.347-t:693-v:110569.349)-(t:2.350-t:694-v:110472.479)-(t:2.353-t:695-v:110416.05)-(t:2.354-t:696-v:110383.39)-(t:2.354-t:697-v:110297.419)-(t:2.355-t:698-v:110254.252)-(t:2.355-t:699-v:110071.251)-(t:2.356-t:700-v:110049.699)-(t:2.356-t:701-v:109789.868)-(t:2.358-t:702-v:109678.489)-(t:2.359-t:703-v:109676.872)-(t:2.359-t:704-v:109664.806)-(t:2.361-t:705-v:109500.201)-(t:2.380-t:706-v:109434.644)-(t:2.380-t:707-v:109351.9)-(t:2.381-t:708-v:109338.612)-(t:2.382-t:709-v:109293.382)-(t:2.384-t:710-v:108491.45)-(t:2.387-t:711-v:108457.692)-(t:2.391-t:712-v:108405.195)-(t:2.412-t:713-v:108088.849)-(t:2.414-t:714-v:107855.293)-(t:2.416-t:715-v:107246.787)-(t:2.418-t:716-v:106839.056)-(t:2.422-t:717-v:106570.567)-(t:2.423-t:718-v:106281.57)-(t:2.426-t:719-v:105670.403)-(t:2.448-t:720-v:105262.158)-(t:2.450-t:721-v:105218.317)-(t:2.453-t:722-v:105084.903)-(t:2.456-t:723-v:104730.019)-(t:2.457-t:724-v:104568.29)-(t:2.468-t:725-v:104071.298)-(t:2.470-t:726-v:103890.839)-(t:2.474-t:727-v:103745.498)-(t:2.478-t:728-v:102554.075)-(t:2.494-t:729-v:102486.385)-(t:2.496-t:730-v:102467.732)-(t:2.499-t:731-v:102145.163)-(t:2.502-t:732-v:102047.526)-(t:2.518-t:733-v:100494.565)-(t:2.519-t:734-v:100471.612)-(t:2.519-t:735-v:100330.377)-(t:2.520-t:736-v:100189.011)-(t:2.520-t:737-v:100092.17)-(t:2.521-t:738-v:100009.026)-(t:2.523-t:739-v:99941.332)-(t:2.526-t:740-v:98442.148)-(t:2.528-t:741-v:98417.776)-(t:2.531-t:742-v:98232.255)-(t:2.532-t:743-v:97463.772)-(t:2.533-t:744-v:97251.652)-(t:2.533-t:745-v:97102.198)-(t:2.534-t:746-v:96991.103)-(t:2.534-t:747-v:96974.219)-(t:2.535-t:748-v:96953.831)-(t:2.536-t:749-v:96806.537)-(t:2.537-t:750-v:96668.84)-(t:2.553-t:751-v:96540.45)-(t:2.553-t:752-v:96387.911)-(t:2.554-t:753-v:96372.274)-(t:2.555-t:754-v:96337.29)-(t:2.557-t:755-v:96221.404)-(t:2.560-t:756-v:96151.947)-(t:2.562-t:757-v:95701.574)-(t:2.587-t:758-v:95514.62)-(t:2.588-t:759-v:95486.09)-(t:2.592-t:760-v:91468.316)-(t:2.594-t:761-v:91383.983)-(t:2.597-t:762-v:90158.754)-(t:2.598-t:763-v:89645.165)-(t:2.598-t:764-v:89568.055)-(t:2.614-t:765-v:89031.818)-(t:2.616-t:766-v:87410.914)-(t:2.617-t:767-v:87387.516)-(t:2.618-t:768-v:85932.111)-(t:2.620-t:769-v:85089.377)-(t:2.621-t:770-v:84979.743)-(t:2.624-t:771-v:84190.624)-(t:2.625-t:772-v:84029.832)-(t:2.629-t:773-v:83691.702)-(t:2.630-t:774-v:83462.78)-(t:2.650-t:775-v:83251.861)-(t:2.652-t:776-v:83025.77)-(t:2.653-t:777-v:82900.572)-(t:2.655-t:778-v:82835.115)-(t:2.658-t:779-v:82819.079)-(t:2.660-t:780-v:81733.399)-(t:2.681-t:781-v:81236.288)-(t:2.683-t:782-v:81039.246)-(t:2.685-t:783-v:80923.453)-(t:2.687-t:784-v:80764.106)-(t:2.689-t:785-v:80726.766)-(t:2.690-t:786-v:79872.023)-(t:2.693-t:787-v:79527.946)-(t:2.695-t:788-v:76756.121)-(t:2.696-t:789-v:76750.874)-(t:2.697-t:790-v:76745.371)-(t:2.698-t:791-v:75392.199)-(t:2.700-t:792-v:74502.468)-(t:2.718-t:793-v:74476.338)-(t:2.720-t:794-v:74258.142)-(t:2.721-t:795-v:74218.399)-(t:2.721-t:796-v:74059.15)-(t:2.723-t:797-v:74000.141)-(t:2.724-t:798-v:73900.663)-(t:2.726-t:799-v:73884.018)-(t:2.728-t:800-v:73722.278)-(t:2.729-t:801-v:73640.119)-(t:2.744-t:802-v:73501.115)-(t:2.745-t:803-v:73437.164)-(t:2.748-t:804-v:73225.632)-(t:2.749-t:805-v:73197.701)-(t:2.750-t:806-v:73174.364)-(t:2.751-t:807-v:73102.658)-(t:2.752-t:808-v:73014.089)-(t:2.755-t:809-v:72978.862)-(t:2.767-t:810-v:72959.448)-(t:2.768-t:811-v:72896.491)-(t:2.771-t:812-v:71688.653)-(t:2.772-t:813-v:71605.081)-(t:2.775-t:814-v:71365.804)-(t:2.780-t:815-v:71127.32)-(t:2.783-t:816-v:70942.163)-(t:2.784-t:817-v:70846.633)-(t:5.096-t:1683-v:70599.122)-(t:5.098-t:1684-v:70568.428)-(t:5.099-t:1685-v:70567.536)-(t:5.100-t:1686-v:70511.727)-(t:5.101-t:1687-v:69368.728)-(t:5.105-t:1688-v:69290.971)-(t:5.105-t:1689-v:69219.18)-(t:5.134-t:1690-v:69176.757)-(t:5.137-t:1691-v:68913.631)-(t:5.140-t:1692-v:68885.192)-(t:5.142-t:1693-v:68738.019)-(t:5.145-t:1694-v:68673.586)-(t:5.161-t:1695-v:68661.658)-(t:5.164-t:1696-v:67996.854)-(t:5.165-t:1697-v:67716.888)-(t:5.167-t:1698-v:67640.812)-(t:5.170-t:1699-v:67518.41)-(t:5.175-t:1700-v:66980.307)-(t:5.190-t:1701-v:66424.121)-(t:5.194-t:1702-v:66372.636)-(t:5.197-t:1703-v:65705.053)-(t:5.197-t:1704-v:65490.168)-(t:5.199-t:1705-v:65436.92)-(t:5.201-t:1706-v:65128.884)-(t:5.201-t:1707-v:65100.187)-(t:5.203-t:1708-v:64879.347)-(t:5.220-t:1709-v:63911.459)-(t:5.220-t:1710-v:63775.868)-(t:5.223-t:1711-v:63570.998)-(t:5.241-t:1712-v:62980.518)-(t:5.243-t:1713-v:62915.748)-(t:5.243-t:1714-v:62600.062)-(t:5.244-t:1715-v:62567.587)-(t:5.245-t:1716-v:61733.861)-(t:5.680-t:1934-v:61087.495)-(t:5.681-t:1935-v:60982.949)-(t:5.681-t:1936-v:60709.324)-(t:5.682-t:1937-v:60709.317)-(t:5.682-t:1938-v:60365.965)-(t:5.683-t:1939-v:60359.665)-(t:5.684-t:1940-v:60270.305)-(t:5.684-t:1941-v:60261.767)-(t:5.685-t:1942-v:60234.288)-(t:5.685-t:1943-v:60029.236)-(t:5.686-t:1944-v:59939.889)-(t:5.700-t:1945-v:59927.886)-(t:5.701-t:1946-v:59783.149)-(t:5.701-t:1947-v:59576.466)-(t:5.702-t:1948-v:59574.058)-(t:5.703-t:1949-v:59362.53)-(t:5.705-t:1950-v:59324.838)-(t:5.706-t:1951-v:59211.311)-(t:5.706-t:1952-v:59113.671)-(t:5.707-t:1953-v:59093.013)-(t:5.707-t:1954-v:59063.171)-(t:5.709-t:1955-v:58989.088)-(t:5.710-t:1956-v:58475.084)-(t:5.711-t:1957-v:58370.921)-(t:5.712-t:1958-v:58255.035)-(t:5.736-t:1959-v:58174.266)-(t:5.739-t:1960-v:58047.755)-(t:5.740-t:1961-v:57970.62)-(t:5.740-t:1962-v:57855.747)-(t:5.741-t:1963-v:57840.869)-(t:5.744-t:1964-v:57828.607)-(t:7.090-t:3034-v:57409.879)-(t:189.283-t:159881-v:57396.969)-(t:189.287-t:159882-v:57038.086)-(t:189.288-t:159883-v:56832.071)-(t:189.289-t:159884-v:56782.172)-(t:189.289-t:159885-v:56718.747)-(t:189.290-t:159886-v:56708.02)-(t:189.292-t:159887-v:56534.851)-(t:189.293-t:159888-v:56432.39)-(t:189.293-t:159889-v:56168.344)-(t:189.294-t:159890-v:56046.637)-(t:189.294-t:159891-v:55891.836)-(t:189.295-t:159892-v:55749.465)-(t:358.711-t:305701-v:55401.086)-(t:358.717-t:305702-v:55081.823)-(t:358.719-t:305703-v:54975.625)-(t:399.572-t:340682-v:54494.769)-(t:399.575-t:340683-v:54056.225)-(t:399.580-t:340684-v:53729.014)],472.802
examples/tsp/tsplib/gil262.tsp,random,r1,900,0,6981.645,[(t:1.684-t:779-v:21000.8)-(t:1.685-t:780-v:20982.744)-(t:1.686-t:781-v:20922.642)-(t:1.686-t:782-v:20887.593)-(t:1.688-t:783-v:20883.001)-(t:1.703-t:784-v:20866.586)-(t:1.704-t:785-v:20864.595)-(t:1.706-t:786-v:20806.641)-(t:1.706-t:787-v:20801.271)-(t:1.707-t:788-v:20797.945)-(t:1.708-t:789-v:20797.251)-(t:1.710-t:790-v:20796.795)-(t:1.712-t:791-v:20794.514)-(t:1.714-t:792-v:20768.194)-(t:1.729-t:793-v:20763.027)-(t:1.730-t:794-v:20758.1)-(t:1.730-t:795-v:20720.088)-(t:1.731-t:796-v:20717.334)-(t:1.733-t:797-v:20689.365)-(t:1.734-t:798-v:20675.811)-(t:1.735-t:799-v:20668.487)-(t:1.737-t:800-v:20624.909)-(t:1.738-t:801-v:20612.321)-(t:1.738-t:802-v:20601.543)-(t:1.741-t:803-v:20599.817)-(t:1.744-t:804-v:20590.806)-(t:1.745-t:805-v:20589.509)-(t:1.747-t:806-v:20588.831)-(t:1.750-t:807-v:20574.35)-(t:1.751-t:808-v:20574.205)-(t:1.752-t:809-v:20572.437)-(t:1.779-t:810-v:20566.193)-(t:1.783-t:811-v:20559.146)-(t:1.783-t:812-v:20534.745)-(t:1.784-t:813-v:20531.19)-(t:1.784-t:814-v:20520.699)-(t:1.785-t:815-v:20512.228)-(t:1.786-t:816-v:20498.129)-(t:1.787-t:817-v:20417.83)-(t:1.790-t:818-v:20415.694)-(t:1.790-t:819-v:20411.047)-(t:1.791-t:820-v:20378.701)-(t:1.792-t:821-v:20359.495)-(t:1.806-t:822-v:20354.945)-(t:1.808-t:823-v:20344.512)-(t:1.824-t:824-v:20340.915)-(t:1.826-t:825-v:20338.702)-(t:1.828-t:826-v:20294.467)-(t:1.829-t:827-v:20178.223)-(t:1.831-t:828-v:20158.206)-(t:1.832-t:829-v:20152.086)-(t:1.833-t:830-v:20150.906)-(t:1.833-t:831-v:20107.007)-(t:1.834-t:832-v:20087.088)-(t:1.834-t:833-v:20075.246)-(t:1.836-t:834-v:20072.182)-(t:1.837-t:835-v:20069.47)-(t:1.838-t:836-v:20062.26)-(t:1.853-t:837-v:20047.492)-(t:1.855-t:838-v:20031.61)-(t:1.856-t:839-v:20012.362)-(t:1.856-t:840-v:19998.427)-(t:1.857-t:841-v:19993.416)-(t:1.857-t:842-v:19992.736)-(t:1.858-t:843-v:19990.619)-(t:1.859-t:844-v:19989.233)-(t:1.861-t:845-v:19972.282)-(t:1.861-t:846-v:19959.683)-(t:1.862-t:847-v:19958.567)-(t:1.876-t:848-v:19904.944)-(t:1.876-t:849-v:19901.663)-(t:1.877-t:850-v:19901.311)-(t:1.877-t:851-v:19887.183)-(t:1.877-t:852-v:19881.942)-(t:1.878-t:853-v:19868.398)-(t:1.878-t:854-v:19853.534)-(t:1.879-t:855-v:19822.381)-(t:1.881-t:856-v:19801.954)-(t:1.882-t:857-v:19785.797)-(t:1.882-t:858-v:19753.131)-(t:1.882-t:859-v:19732.884)-(t:1.884-t:860-v:19707.125)-(t:1.886-t:861-v:19701.216)-(t:1.886-t:862-v:19687.444)-(t:1.899-t:863-v:19671.2)-(t:1.900-t:864-v:19662.241)-(t:1.902-t:865-v:19653.35)-(t:1.902-t:866-v:19623.866)-(t:1.904-t:867-v:19614.66)-(t:1.906-t:868-v:19613.48)-(t:1.908-t:869-v:19601.457)-(t:1.910-t:870-v:19581.452)-(t:1.912-t:871-v:19570.789)-(t:1.914-t:872-v:19550.049)-(t:1.916-t:873-v:19506.955)-(t:1.931-t:874-v:19499.222)-(t:1.931-t:875-v:19490.538)-(t:1.932-t:876-v:19484.157)-(t:1.933-t:877-v:19468.819)-(t:1.935-t:878-v:19422.722)-(t:1.937-t:879-v:19420.707)-(t:1.939-t:880-v:19408.564)-(t:1.954-t:881-v:19339.711)-(t:1.956-t:882-v:19306.74)-(t:1.957-t:883-v:19275.678)-(t:1.958-t:884-v:19250.409)-(t:1.960-t:885-v:19244.021)-(t:1.962-t:886-v:19242.193)-(t:1.973-t:887-v:19214.043)-(t:1.974-t:888-v:19206.928)-(t:1.975-t:889-v:19188.995)-(t:1.977-t:890-v:19181.116)-(t:1.993-t:891-v:19119.56)-(t:1.993-t:892-v:19115.175)-(t:1.994-t:893-v:19100.545)-(t:1.994-t:894-v:19094.329)-(t:1.996-t:895-v:19065.359)-(t:1.996-t:896-v:19046.67)-(t:1.998-t:897-v:19042.433)-(t:1.998-t:898-v:19041.191)-(t:1.999-t:899-v:19030.574)-(t:2.000-t:900-v:19001.522)-(t:2.003-t:901-v:18993.097)-(t:2.004-t:902-v:18982.971)-(t:2.004-t:903-v:18956.835)-(t:2.018-t:904-v:18934.514)-(t:2.020-t:905-v:18926.984)-(t:2.022-t:906-v:18921.302)-(t:2.024-t:907-v:18898.878)-(t:2.026-t:908-v:18888.261)-(t:2.028-t:909-v:18803.677)-(t:2.029-t:910-v:18789.678)-(t:2.030-t:911-v:18785.324)-(t:2.042-t:912-v:18747.284)-(t:2.045-t:913-v:18746.189)-(t:2.045-t:914-v:18703.292)-(t:2.048-t:915-v:18693.449)-(t:2.050-t:916-v:18681.448)-(t:2.052-t:917-v:18671.656)-(t:2.068-t:918-v:18665.899)-(t:2.070-t:919-v:18632.436)-(t:2.072-t:920-v:18578.859)-(t:2.074-t:921-v:18578.592)-(t:2.081-t:922-v:18554.932)-(t:2.083-t:923-v:18505.862)-(t:2.084-t:924-v:18480.885)-(t:2.086-t:925-v:18433.231)-(t:2.103-t:926-v:18416.251)-(t:2.105-t:927-v:18384.875)-(t:2.108-t:928-v:18352.424)-(t:2.111-t:929-v:18341.157)-(t:2.112-t:930-v:18332.074)-(t:2.112-t:931-v:18324.325)-(t:2.113-t:932-v:18321.416)-(t:2.114-t:933-v:18318.192)-(t:2.128-t:934-v:18317.339)-(t:2.130-t:935-v:18301.59)-(t:2.134-t:936-v:18287.452)-(t:2.150-t:937-v:18284.945)-(t:2.156-t:938-v:18244.624)-(t:2.174-t:939-v:18234.529)-(t:2.174-t:940-v:18172.092)-(t:2.174-t:941-v:18150.009)-(t:2.176-t:942-v:18140.659)-(t:2.179-t:943-v:18076.646)-(t:2.179-t:944-v:18038.051)-(t:2.180-t:945-v:18030.591)-(t:2.181-t:946-v:18018.887)-(t:2.184-t:947-v:17960.858)-(t:2.187-t:948-v:17957.738)-(t:2.187-t:949-v:17953.848)-(t:2.187-t:950-v:17946.72)-(t:2.188-t:951-v:17883.825)-(t:2.204-t:952-v:17870.598)-(t:2.207-t:953-v:17862.049)-(t:2.207-t:954-v:17854.589)-(t:2.209-t:955-v:17839.897)-(t:2.212-t:956-v:17818.701)-(t:2.213-t:957-v:17808.11)-(t:2.213-t:958-v:17781.631)-(t:2.214-t:959-v:17778.68)-(t:2.216-t:960-v:17774.301)-(t:2.219-t:961-v:17732.633)-(t:2.220-t:962-v:17731.391)-(t:2.250-t:963-v:17731.288)-(t:2.253-t:964-v:17729.954)-(t:2.257-t:965-v:17706.487)-(t:2.260-t:966-v:17703.014)-(t:2.265-t:967-v:17687.71)-(t:2.285-t:968-v:17686.181)-(t:2.307-t:969-v:17666.448)-(t:2.314-t:970-v:17666.248)-(t:2.315-t:971-v:17654.837)-(t:2.318-t:972-v:17636.895)-(t:2.319-t:973-v:17585.015)-(t:2.319-t:974-v:17581.829)-(t:2.320-t:975-v:17560.737)-(t:2.336-t:976-v:17535.958)-(t:2.338-t:977-v:17497.841)-(t:2.353-t:978-v:17496.758)-(t:2.357-t:979-v:17473.768)-(t:2.365-t:980-v:17466.772)-(t:2.371-t:981-v:17448.144)-(t:2.392-t:982-v:17424.497)-(t:2.395-t:983-v:17422.761)-(t:2.406-t:984-v:17401.564)-(t:2.409-t:985-v:17351.229)-(t:2.412-t:986-v:17312.142)-(t:2.433-t:987-v:17283.37)-(t:2.438-t:988-v:17281.182)-(t:2.439-t:989-v:17254.897)-(t:2.455-t:990-v:17208.611)-(t:2.471-t:991-v:17165.711)-(t:2.474-t:992-v:17165.287)-(t:2.475-t:993-v:17136.756)-(t:2.478-t:994-v:17130.092)-(t:2.483-t:995-v:17115.103)-(t:2.503-t:996-v:16937.35)-(t:2.522-t:997-v:16936.632)-(t:2.528-t:998-v:16933.447)-(t:2.528-t:999-v:16932.345)-(t:2.530-t:1000-v:16929.289)-(t:2.536-t:1001-v:16920.719)-(t:2.539-t:1002-v:16903.167)-(t:2.539-t:1003-v:16885.852)-(t:2.540-t:1004-v:16878.392)-(t:2.541-t:1005-v:16860.082)-(t:2.542-t:1006-v:16832.951)-(t:2.546-t:1007-v:16770.6)-(t:2.572-t:1008-v:16763.004)-(t:2.573-t:1009-v:16762.401)-(t:2.577-t:1010-v:16746.732)-(t:2.578-t:1011-v:16744.937)-(t:2.578-t:1012-v:16741.724)-(t:2.581-t:1013-v:16733.319)-(t:2.582-t:1014-v:16716.021)-(t:2.582-t:1015-v:16714.816)-(t:2.590-t:1016-v:16708.69)-(t:2.591-t:1017-v:16701.781)-(t:2.593-t:1018-v:16699.846)-(t:2.598-t:1019-v:16689.107)-(t:2.599-t:1020-v:16678.653)-(t:2.621-t:1021-v:16628.98)-(t:2.627-t:1022-v:16621.914)-(t:2.645-t:1023-v:16620.932)-(t:2.652-t:1024-v:16586.954)-(t:2.653-t:1025-v:16522.324)-(t:2.654-t:1026-v:16451.032)-(t:2.655-t:1027-v:16439.622)-(t:2.657-t:1028-v:16430.992)-(t:2.659-t:1029-v:16401.315)-(t:2.659-t:1030-v:16375.14)-(t:2.660-t:1031-v:16370.325)-(t:2.661-t:1032-v:16353.411)-(t:2.678-t:1033-v:16347.336)-(t:2.680-t:1034-v:16336.943)-(t:2.681-t:1035-v:16330.319)-(t:2.682-t:1036-v:16304.402)-(t:2.682-t:1037-v:16303.28)-(t:2.683-t:1038-v:16299.05)-(t:2.686-t:1039-v:16295.626)-(t:2.686-t:1040-v:16287.63)-(t:2.687-t:1041-v:16286.689)-(t:2.691-t:1042-v:16274.559)-(t:2.695-t:1043-v:16264.734)-(t:2.707-t:1044-v:16264.395)-(t:2.710-t:1045-v:16234.261)-(t:2.710-t:1046-v:16225.06)-(t:2.711-t:1047-v:16190.437)-(t:2.713-t:1048-v:16166.241)-(t:2.714-t:1049-v:16127.824)-(t:2.716-t:1050-v:16127.816)-(t:2.717-t:1051-v:16090.541)-(t:2.718-t:1052-v:16066.534)-(t:2.720-t:1053-v:16062.896)-(t:2.743-t:1054-v:16009.564)-(t:2.760-t:1055-v:15991.566)-(t:2.763-t:1056-v:15906.623)-(t:2.765-t:1057-v:15873.077)-(t:2.786-t:1058-v:15756.714)-(t:2.789-t:1059-v:15755.898)-(t:2.793-t:1060-v:15742.113)-(t:2.796-t:1061-v:15739.327)-(t:2.798-t:1062-v:15738.681)-(t:2.801-t:1063-v:15736.673)-(t:2.805-t:1064-v:15660.586)-(t:2.819-t:1065-v:15654.658)-(t:2.822-t:1066-v:15651.046)-(t:2.825-t:1067-v:15640.358)-(t:2.841-t:1068-v:15622.714)-(t:2.849-t:1069-v:15572.905)-(t:2.854-t:1070-v:15571.819)-(t:2.870-t:1071-v:15556.512)-(t:2.872-t:1072-v:15528.483)-(t:2.873-t:1073-v:15490.948)-(t:2.873-t:1074-v:15468.075)-(t:2.874-t:1075-v:15450.096)-(t:2.880-t:1076-v:15354.004)-(t:2.884-t:1077-v:15334.097)-(t:2.886-t:1078-v:15324.209)-(t:2.889-t:1079-v:15321.745)-(t:2.919-t:1080-v:15318.058)-(t:2.921-t:1081-v:15315.553)-(t:2.922-t:1082-v:15306.145)-(t:2.923-t:1083-v:15291.453)-(t:2.928-t:1084-v:15243.957)-(t:2.931-t:1085-v:15227.088)-(t:2.934-t:1086-v:15175.866)-(t:2.936-t:1087-v:15166.436)-(t:2.954-t:1088-v:15089.343)-(t:2.963-t:1089-v:15079.631)-(t:2.980-t:1090-v:14989.874)-(t:2.988-t:1091-v:14980.921)-(t:2.994-t:1092-v:14901.339)-(t:2.995-t:1093-v:14876.494)-(t:2.996-t:1094-v:14871.894)-(t:2.996-t:1095-v:14857.169)-(t:2.997-t:1096-v:14842.373)-(t:2.998-t:1097-v:14840.604)-(t:3.001-t:1098-v:14821.331)-(t:3.002-t:1099-v:14810.124)-(t:3.004-t:1100-v:14809.426)-(t:3.020-t:1101-v:14808.012)-(t:3.021-t:1102-v:14799.549)-(t:3.021-t:1103-v:14798.506)-(t:3.022-t:1104-v:14797.408)-(t:3.023-t:1105-v:14785.818)-(t:3.023-t:1106-v:14748.043)-(t:3.024-t:1107-v:14747.404)-(t:3.038-t:1108-v:14740.549)-(t:3.040-t:1109-v:14734.882)-(t:3.044-t:1110-v:14727.458)-(t:3.047-t:1111-v:14719.573)-(t:3.050-t:1112-v:14694.41)-(t:3.051-t:1113-v:14693.243)-(t:3.051-t:1114-v:14690.13)-(t:3.071-t:1115-v:14666.658)-(t:3.072-t:1116-v:14665.836)-(t:3.075-t:1117-v:14663.726)-(t:3.076-t:1118-v:14661.802)-(t:3.080-t:1119-v:14493.43)-(t:3.082-t:1120-v:14491.608)-(t:3.087-t:1121-v:14455.588)-(t:3.104-t:1122-v:14455.532)-(t:3.108-t:1123-v:14453.413)-(t:3.111-t:1124-v:14438.646)-(t:3.115-t:1125-v:14435.034)-(t:3.133-t:1126-v:14353.704)-(t:3.135-t:1127-v:14349.537)-(t:3.139-t:1128-v:14295.543)-(t:3.142-t:1129-v:14273.212)-(t:3.155-t:1130-v:14261.854)-(t:3.171-t:1131-v:14248.923)-(t:3.175-t:1132-v:14191.921)-(t:3.176-t:1133-v:14188.686)-(t:3.177-t:1134-v:14180.49)-(t:3.177-t:1135-v:14180.351)-(t:3.178-t:1136-v:14153.951)-(t:3.178-t:1137-v:14134.944)-(t:3.178-t:1138-v:14134.351)-(t:3.178-t:1139-v:14121.54)-(t:3.179-t:1140-v:14120.056)-(t:3.180-t:1141-v:14110.365)-(t:3.180-t:1142-v:14095.557)-(t:3.180-t:1143-v:14086.135)-(t:3.180-t:1144-v:14069.569)-(t:3.180-t:1145-v:14039.919)-(t:3.181-t:1146-v:14038.737)-(t:3.181-t:1147-v:14037.209)-(t:3.182-t:1148-v:14031.924)-(t:3.182-t:1149-v:14031.285)-(t:3.183-t:1150-v:14030.117)-(t:3.183-t:1151-v:14017.2)-(t:3.188-t:1152-v:13995.051)-(t:3.189-t:1153-v:13994.718)-(t:3.189-t:1154-v:13982.23)-(t:3.191-t:1155-v:13940.977)-(t:3.191-t:1156-v:13922.598)-(t:3.191-t:1157-v:13870.945)-(t:3.206-t:1158-v:13852.908)-(t:3.206-t:1159-v:13836.508)-(t:3.207-t:1160-v:13833.765)-(t:3.210-t:1161-v:13833.014)-(t:3.210-t:1162-v:13832.848)-(t:3.212-t:1163-v:13817.027)-(t:3.213-t:1164-v:13802.402)-(t:3.214-t:1165-v:13766.349)-(t:3.214-t:1166-v:13748.094)-(t:3.215-t:1167-v:13733.195)-(t:3.215-t:1168-v:13730.594)-(t:3.218-t:1169-v:13730.222)-(t:3.222-t:1170-v:13686.012)-(t:3.224-t:1171-v:13675.602)-(t:3.226-t:1172-v:13674.889)-(t:3.241-t:1173-v:13667.516)-(t:3.242-t:1174-v:13665.641)-(t:3.243-t:1175-v:13655.489)-(t:3.244-t:1176-v:13644.748)-(t:3.251-t:1177-v:13643.37)-(t:3.258-t:1178-v:13601.204)-(t:3.259-t:1179-v:13600.061)-(t:3.260-t:1180-v:13594.006)-(t:3.260-t:1181-v:13589.202)-(t:3.260-t:1182-v:13571.457)-(t:3.261-t:1183-v:13565.046)-(t:3.261-t:1184-v:13563.833)-(t:3.262-t:1185-v:13563.035)-(t:3.262-t:1186-v:13539.156)-(t:3.262-t:1187-v:13537.865)-(t:3.262-t:1188-v:13532.393)-(t:3.262-t:1189-v:13522.822)-(t:3.263-t:1190-v:13505.077)-(t:3.264-t:1191-v:13501.819)-(t:3.265-t:1192-v:13478.467)-(t:3.281-t:1193-v:13412.022)-(t:3.283-t:1194-v:13404.371)-(t:3.283-t:1195-v:13393.901)-(t:3.283-t:1196-v:13379.025)-(t:3.284-t:1197-v:13371.393)-(t:3.287-t:1198-v:13357.955)-(t:3.288-t:1199-v:13355.88)-(t:3.303-t:1200-v:13355.706)-(t:3.303-t:1201-v:13351.405)-(t:3.304-t:1202-v:13344.232)-(t:3.307-t:1203-v:13341.641)-(t:3.309-t:1204-v:13340.564)-(t:3.311-t:1205-v:13334.396)-(t:3.318-t:1206-v:13333.317)-(t:3.320-t:1207-v:13280.742)-(t:3.321-t:1208-v:13233.575)-(t:3.322-t:1209-v:13227.795)-(t:3.322-t:1210-v:13188.654)-(t:3.322-t:1211-v:13179.747)-(t:3.323-t:1212-v:13169.362)-(t:3.323-t:1213-v:13166.651)-(t:3.324-t:1214-v:13165.935)-(t:3.324-t:1215-v:13150.925)-(t:3.324-t:1216-v:13150.463)-(t:3.325-t:1217-v:13128.104)-(t:3.333-t:1218-v:13125.192)-(t:3.334-t:1219-v:13122.846)-(t:3.335-t:1220-v:13101.328)-(t:3.335-t:1221-v:13094.032)-(t:3.335-t:1222-v:13090.714)-(t:3.336-t:1223-v:13089.806)-(t:3.336-t:1224-v:13065.043)-(t:3.336-t:1225-v:13061.346)-(t:3.341-t:1226-v:13053.069)-(t:3.342-t:1227-v:13036.92)-(t:3.343-t:1228-v:13014.118)-(t:3.345-t:1229-v:12970.906)-(t:3.358-t:1230-v:12968.743)-(t:3.361-t:1231-v:12958.253)-(t:3.363-t:1232-v:12938.818)-(t:3.379-t:1233-v:12927.952)-(t:3.383-t:1234-v:12920.672)-(t:3.385-t:1235-v:12893.561)-(t:3.385-t:1236-v:12884.161)-(t:3.386-t:1237-v:12882.392)-(t:3.386-t:1238-v:12879.525)-(t:3.387-t:1239-v:12868.182)-(t:3.391-t:1240-v:12867.43)-(t:3.406-t:1241-v:12866.344)-(t:3.407-t:1242-v:12866.178)-(t:3.409-t:1243-v:12784.042)-(t:3.410-t:1244-v:12777.988)-(t:3.410-t:1245-v:12766.449)-(t:3.412-t:1246-v:12719.653)-(t:3.413-t:1247-v:12710.778)-(t:3.416-t:1248-v:12709.676)-(t:3.418-t:1249-v:12704.724)-(t:3.433-t:1250-v:12696.055)-(t:3.434-t:1251-v:12694.844)-(t:3.434-t:1252-v:12693.382)-(t:3.434-t:1253-v:12689.839)-(t:3.438-t:1254-v:12682.877)-(t:3.441-t:1255-v:12682.676)-(t:3.443-t:1256-v:12682.186)-(t:3.445-t:1257-v:12681.107)-(t:3.457-t:1258-v:12657.682)-(t:3.460-t:1259-v:12583.377)-(t:3.460-t:1260-v:12572.953)-(t:3.461-t:1261-v:12567.1)-(t:3.461-t:1262-v:12560.97)-(t:3.462-t:1263-v:12553.646)-(t:3.462-t:1264-v:12532.257)-(t:3.463-t:1265-v:12504.015)-(t:3.463-t:1266-v:12499.656)-(t:3.464-t:1267-v:12489.095)-(t:3.464-t:1268-v:12481.249)-(t:3.464-t:1269-v:12461.229)-(t:3.465-t:1270-v:12453.117)-(t:3.467-t:1271-v:12449.134)-(t:3.467-t:1272-v:12441.348)-(t:3.483-t:1273-v:12417.251)-(t:3.486-t:1274-v:12417.155)-(t:3.489-t:1275-v:12379.713)-(t:3.491-t:1276-v:12375.659)-(t:3.506-t:1277-v:12363.924)-(t:3.509-t:1278-v:12355.875)-(t:3.510-t:1279-v:12345.726)-(t:3.512-t:1280-v:12245.921)-(t:3.514-t:1281-v:12217.305)-(t:3.516-t:1282-v:12188.178)-(t:3.518-t:1283-v:12162.583)-(t:3.539-t:1284-v:12157.425)-(t:3.541-t:1285-v:12148.002)-(t:3.545-t:1286-v:12121.699)-(t:3.549-t:1287-v:12115.769)-(t:3.559-t:1288-v:12105.83)-(t:3.560-t:1289-v:12105.043)-(t:3.578-t:1290-v:12055.514)-(t:3.582-t:1291-v:12048.635)-(t:3.585-t:1292-v:12033.02)-(t:3.589-t:1293-v:11976.326)-(t:3.590-t:1294-v:11973.572)-(t:3.593-t:1295-v:11973.195)-(t:3.593-t:1296-v:11972.694)-(t:3.596-t:1297-v:11972.438)-(t:3.598-t:1298-v:11969.839)-(t:3.599-t:1299-v:11969.808)-(t:3.620-t:1300-v:11920.806)-(t:3.622-t:1301-v:11909.102)-(t:3.640-t:1302-v:11891.165)-(t:3.645-t:1303-v:11890.336)-(t:3.648-t:1304-v:11866.894)-(t:3.648-t:1305-v:11860.719)-(t:3.649-t:1306-v:11859.471)-(t:3.649-t:1307-v:11834.487)-(t:3.651-t:1308-v:11833.138)-(t:3.654-t:1309-v:11809.291)-(t:3.654-t:1310-v:11798.293)-(t:3.654-t:1311-v:11772.302)-(t:3.672-t:1312-v:11734.564)-(t:3.673-t:1313-v:11691.522)-(t:3.677-t:1314-v:11627.547)-(t:3.681-t:1315-v:11486.512)-(t:3.682-t:1316-v:11484.446)-(t:3.696-t:1317-v:11458.009)-(t:3.700-t:1318-v:11426.856)-(t:3.701-t:1319-v:11425.998)-(t:3.702-t:1320-v:11422.087)-(t:3.705-t:1321-v:11412.455)-(t:3.708-t:1322-v:11298.867)-(t:3.709-t:1323-v:11298.496)-(t:3.710-t:1324-v:11295.264)-(t:3.711-t:1325-v:11288.22)-(t:3.713-t:1326-v:11269.578)-(t:3.714-t:1327-v:11265.985)-(t:3.718-t:1328-v:11261.982)-(t:3.734-t:1329-v:11237.25)-(t:3.737-t:1330-v:11236.644)-(t:3.739-t:1331-v:11233.814)-(t:3.743-t:1332-v:11231.432)-(t:3.760-t:1333-v:11216.774)-(t:3.761-t:1334-v:11215.339)-(t:3.762-t:1335-v:11180.617)-(t:3.766-t:1336-v:11174.736)-(t:3.769-t:1337-v:11174.201)-(t:3.769-t:1338-v:11174.071)-(t:3.771-t:1339-v:11148.057)-(t:3.788-t:1340-v:11147.745)-(t:3.791-t:1341-v:11138.715)-(t:3.794-t:1342-v:11136.493)-(t:3.796-t:1343-v:11136.35)-(t:3.821-t:1344-v:11129.218)-(t:3.826-t:1345-v:11126.23)-(t:3.830-t:1346-v:11102.876)-(t:3.832-t:1347-v:11102.14)-(t:3.834-t:1348-v:11075.192)-(t:3.836-t:1349-v:11073.786)-(t:3.853-t:1350-v:11062.73)-(t:3.854-t:1351-v:11049.551)-(t:3.855-t:1352-v:11043.381)-(t:3.858-t:1353-v:11001.814)-(t:3.862-t:1354-v:10975.611)-(t:3.865-t:1355-v:10959.131)-(t:3.865-t:1356-v:10954.198)-(t:3.867-t:1357-v:10951.95)-(t:3.869-t:1358-v:10951.406)-(t:3.871-t:1359-v:10943.769)-(t:3.902-t:1360-v:10942.363)-(t:3.906-t:1361-v:10931.523)-(t:3.906-t:1362-v:10921.795)-(t:3.911-t:1363-v:10921.718)-(t:3.914-t:1364-v:10918.743)-(t:3.916-t:1365-v:10913.412)-(t:3.919-t:1366-v:10899.078)-(t:3.935-t:1367-v:10880.391)-(t:3.936-t:1368-v:10846.107)-(t:3.938-t:1369-v:10841.293)-(t:3.940-t:1370-v:10840.34)-(t:3.958-t:1371-v:10837.954)-(t:3.962-t:1372-v:10819.737)-(t:3.964-t:1373-v:10819.044)-(t:3.967-t:1374-v:10811.99)-(t:3.968-t:1375-v:10807.819)-(t:3.971-t:1376-v:10801.634)-(t:3.988-t:1377-v:10664.395)-(t:3.993-t:1378-v:10657.16)-(t:3.994-t:1379-v:10642.452)-(t:3.994-t:1380-v:10638.824)-(t:3.994-t:1381-v:10633.804)-(t:3.994-t:1382-v:10626.158)-(t:3.994-t:1383-v:10615.989)-(t:3.995-t:1384-v:10612.775)-(t:4.002-t:1385-v:10604.22)-(t:4.004-t:1386-v:10600.405)-(t:4.004-t:1387-v:10560.623)-(t:4.004-t:1388-v:10557.189)-(t:4.005-t:1389-v:10537.041)-(t:4.006-t:1390-v:10519.078)-(t:4.022-t:1391-v:10518.386)-(t:4.026-t:1392-v:10502.176)-(t:4.030-t:1393-v:10489.835)-(t:4.031-t:1394-v:10486.508)-(t:4.034-t:1395-v:10483.739)-(t:4.047-t:1396-v:10482.84)-(t:4.050-t:1397-v:10468.15)-(t:4.053-t:1398-v:10465.389)-(t:4.053-t:1399-v:10449.595)-(t:4.054-t:1400-v:10447.347)-(t:4.055-t:1401-v:10396.834)-(t:4.056-t:1402-v:10391.901)-(t:4.059-t:1403-v:10391.514)-(t:4.060-t:1404-v:10386.675)-(t:4.061-t:1405-v:10385.498)-(t:4.078-t:1406-v:10385.157)-(t:4.084-t:1407-v:10381.567)-(t:4.084-t:1408-v:10363.541)-(t:4.084-t:1409-v:10363.119)-(t:4.091-t:1410-v:10361.69)-(t:4.091-t:1411-v:10346.702)-(t:4.095-t:1412-v:10294.826)-(t:4.098-t:1413-v:10292.225)-(t:4.099-t:1414-v:10290.367)-(t:4.099-t:1415-v:10277.674)-(t:4.099-t:1416-v:10267.925)-(t:4.100-t:1417-v:10237.924)-(t:4.100-t:1418-v:10217.807)-(t:4.121-t:1419-v:10209.773)-(t:4.123-t:1420-v:10209.471)-(t:4.124-t:1421-v:10200.286)-(t:4.124-t:1422-v:10200.202)-(t:4.125-t:1423-v:10192.35)-(t:4.125-t:1424-v:10163.154)-(t:4.126-t:1425-v:10153.76)-(t:4.128-t:1426-v:10151.108)-(t:4.130-t:1427-v:10147.994)-(t:4.135-t:1428-v:10104.35)-(t:4.136-t:1429-v:10076.022)-(t:4.150-t:1430-v:10067.73)-(t:4.157-t:1431-v:10064.664)-(t:4.172-t:1432-v:10062.636)-(t:4.173-t:1433-v:10042.134)-(t:4.173-t:1434-v:10040.792)-(t:4.177-t:1435-v:10039.191)-(t:4.181-t:1436-v:10032.778)-(t:4.182-t:1437-v:10031.803)-(t:4.182-t:1438-v:10016.133)-(t:4.198-t:1439-v:10015.817)-(t:4.203-t:1440-v:9972.301)-(t:4.206-t:1441-v:9966.661)-(t:4.223-t:1442-v:9951.736)-(t:4.224-t:1443-v:9914.981)-(t:4.224-t:1444-v:9886.252)-(t:4.228-t:1445-v:9841.808)-(t:4.229-t:1446-v:9834.63)-(t:4.229-t:1447-v:9818.836)-(t:4.230-t:1448-v:9812.807)-(t:4.235-t:1449-v:9744.366)-(t:4.248-t:1450-v:9734.564)-(t:4.249-t:1451-v:9732.939)-(t:4.250-t:1452-v:9731.366)-(t:4.253-t:1453-v:9717.002)-(t:4.257-t:1454-v:9553.242)-(t:4.271-t:1455-v:9535.225)-(t:4.272-t:1456-v:9528.641)-(t:4.273-t:1457-v:9525.803)-(t:4.274-t:1458-v:9519.385)-(t:4.277-t:1459-v:9510.718)-(t:4.280-t:1460-v:9485.378)-(t:4.298-t:1461-v:9476.015)-(t:4.303-t:1462-v:9465.39)-(t:4.307-t:1463-v:9454.112)-(t:4.310-t:1464-v:9447.671)-(t:4.312-t:1465-v:9441.312)-(t:4.314-t:1466-v:9435.801)-(t:4.318-t:1467-v:9435.003)-(t:4.338-t:1468-v:9381.415)-(t:4.338-t:1469-v:9380.676)-(t:4.356-t:1470-v:9375.812)-(t:4.361-t:1471-v:9361.542)-(t:4.362-t:1472-v:9360.964)-(t:4.373-t:1473-v:9339.744)-(t:4.377-t:1474-v:9337.341)-(t:4.382-t:1475-v:9334.311)-(t:4.383-t:1476-v:9331.568)-(t:4.399-t:1477-v:9326.467)-(t:4.403-t:1478-v:9320.627)-(t:4.405-t:1479-v:9308.409)-(t:4.422-t:1480-v:9304.111)-(t:4.428-t:1481-v:9282.005)-(t:4.434-t:1482-v:9271.247)-(t:4.452-t:1483-v:9157.159)-(t:4.453-t:1484-v:9154.184)-(t:4.453-t:1485-v:9148.742)-(t:4.453-t:1486-v:9138.789)-(t:4.454-t:1487-v:9136.417)-(t:4.454-t:1488-v:9124.273)-(t:4.471-t:1489-v:9093.054)-(t:4.473-t:1490-v:9084.398)-(t:4.474-t:1491-v:9071.544)-(t:4.475-t:1492-v:9068.477)-(t:4.476-t:1493-v:9063.859)-(t:4.477-t:1494-v:9038.631)-(t:4.478-t:1495-v:9027.602)-(t:4.484-t:1496-v:8994.197)-(t:4.499-t:1497-v:8989.713)-(t:4.502-t:1498-v:8975.024)-(t:4.505-t:1499-v:8949.585)-(t:4.525-t:1500-v:8919.997)-(t:4.532-t:1501-v:8913.291)-(t:4.534-t:1502-v:8913.173)-(t:4.552-t:1503-v:8872.799)-(t:4.554-t:1504-v:8869.688)-(t:4.558-t:1505-v:8868.381)-(t:4.559-t:1506-v:8864.211)-(t:4.578-t:1507-v:8851.186)-(t:4.584-t:1508-v:8841.979)-(t:4.586-t:1509-v:8839.618)-(t:4.594-t:1510-v:8836.828)-(t:4.594-t:1511-v:8809.336)-(t:4.595-t:1512-v:8791.526)-(t:4.597-t:1513-v:8787.848)-(t:4.598-t:1514-v:8785.59)-(t:4.601-t:1515-v:8780.024)-(t:4.623-t:1516-v:8768.444)-(t:4.624-t:1517-v:8758.223)-(t:4.626-t:1518-v:8670.423)-(t:4.629-t:1519-v:8669.795)-(t:4.632-t:1520-v:8662.286)-(t:4.636-t:1521-v:8650.206)-(t:4.638-t:1522-v:8639.311)-(t:4.641-t:1523-v:8633.433)-(t:4.673-t:1524-v:8615.305)-(t:4.676-t:1525-v:8612.955)-(t:4.681-t:1526-v:8606.506)-(t:4.688-t:1527-v:8596.176)-(t:4.688-t:1528-v:8593.412)-(t:4.709-t:1529-v:8554.278)-(t:4.710-t:1530-v:8553.126)-(t:4.714-t:1531-v:8509.857)-(t:4.719-t:1532-v:8498.291)-(t:4.719-t:1533-v:8488.551)-(t:4.739-t:1534-v:8485.535)-(t:4.739-t:1535-v:8481.568)-(t:4.744-t:1536-v:8470.639)-(t:4.744-t:1537-v:8467.644)-(t:4.777-t:1538-v:8467.301)-(t:4.783-t:1539-v:8455.332)-(t:4.787-t:1540-v:8420.646)-(t:4.807-t:1541-v:8406.269)-(t:4.812-t:1542-v:8324.869)-(t:4.814-t:1543-v:8321.957)-(t:4.816-t:1544-v:8316.287)-(t:4.817-t:1545-v:8304.23)-(t:4.838-t:1546-v:8293.62)-(t:4.840-t:1547-v:8292.506)-(t:4.854-t:1548-v:8282.611)-(t:4.855-t:1549-v:8274.344)-(t:4.855-t:1550-v:8273.049)-(t:4.857-t:1551-v:8271.673)-(t:4.860-t:1552-v:8270.226)-(t:4.863-t:1553-v:8268.486)-(t:4.864-t:1554-v:8265.956)-(t:4.881-t:1555-v:8215.042)-(t:4.886-t:1556-v:8196.585)-(t:4.888-t:1557-v:8193.163)-(t:4.889-t:1558-v:8156.282)-(t:16.762-t:6941-v:8028.214)-(t:16.768-t:6942-v:8027.317)-(t:16.772-t:6943-v:8023.89)-(t:16.777-t:6944-v:7988.014)-(t:16.785-t:6945-v:7987.811)-(t:38.283-t:18704-v:7972.658)-(t:38.287-t:18705-v:7959.354)-(t:38.293-t:18706-v:7957.4)-(t:38.293-t:18707-v:7952.197)-(t:38.295-t:18708-v:7934.812)-(t:38.296-t:18709-v:7932.867)-(t:38.297-t:18710-v:7876.295)-(t:38.304-t:18711-v:7853.922)-(t:38.308-t:18712-v:7845.118)-(t:38.318-t:18713-v:7827.182)-(t:38.320-t:18714-v:7800.074)-(t:38.330-t:18715-v:7783.857)-(t:38.338-t:18716-v:7775.357)-(t:38.348-t:18717-v:7774.76)-(t:38.353-t:18718-v:7769.087)-(t:38.360-t:18719-v:7749.177)-(t:38.367-t:18720-v:7739.281)-(t:38.370-t:18721-v:7737.052)-(t:38.378-t:18722-v:7726.666)-(t:38.380-t:18723-v:7725.328)-(t:38.387-t:18724-v:7708.559)-(t:38.397-t:18725-v:7697.357)-(t:38.403-t:18726-v:7694.916)-(t:38.413-t:18727-v:7687.982)-(t:38.416-t:18728-v:7684.952)-(t:38.421-t:18729-v:7666.596)-(t:38.423-t:18730-v:7660.309)-(t:38.428-t:18731-v:7653.927)-(t:38.428-t:18732-v:7652.142)-(t:38.433-t:18733-v:7628.883)-(t:38.435-t:18734-v:7626.538)-(t:38.439-t:18735-v:7626.447)-(t:38.448-t:18736-v:7617.671)-(t:38.458-t:18737-v:7613.914)-(t:41.452-t:20578-v:7611.992)-(t:41.462-t:20579-v:7598.492)-(t:41.464-t:20580-v:7583.174)-(t:41.474-t:20581-v:7574.897)-(t:41.485-t:20582-v:7552.746)-(t:41.492-t:20583-v:7539.747)-(t:41.501-t:20584-v:7539.629)-(t:41.501-t:20585-v:7521.134)-(t:41.505-t:20586-v:7512.456)-(t:41.505-t:20587-v:7493.165)-(t:41.507-t:20588-v:7481.869)-(t:41.516-t:20589-v:7455.604)-(t:127.646-t:68550-v:7416.054)-(t:127.648-t:68551-v:7411.91)-(t:127.658-t:68552-v:7382.334)-(t:127.659-t:68553-v:7382.321)-(t:127.660-t:68554-v:7381.797)-(t:127.661-t:68555-v:7378.19)-(t:127.661-t:68556-v:7374.646)-(t:127.662-t:68557-v:7370.681)-(t:127.663-t:68558-v:7360.55)-(t:127.663-t:68559-v:7348.345)-(t:127.665-t:68560-v:7346.128)-(t:127.666-t:68561-v:7340.618)-(t:127.668-t:68562-v:7339.667)-(t:127.668-t:68563-v:7339.141)-(t:127.671-t:68564-v:7329.929)-(t:127.672-t:68565-v:7325.656)-(t:127.672-t:68566-v:7325.619)-(t:127.673-t:68567-v:7322.313)-(t:127.674-t:68568-v:7318.363)-(t:127.676-t:68569-v:7317.116)-(t:127.677-t:68570-v:7303.997)-(t:127.678-t:68571-v:7291.329)-(t:127.680-t:68572-v:7279.238)-(t:127.683-t:68573-v:7257.115)-(t:127.684-t:68574-v:7254.41)-(t:127.690-t:68575-v:7252.963)-(t:127.697-t:68576-v:7241.204)-(t:127.702-t:68577-v:7239.277)-(t:127.711-t:68578-v:7213.644)-(t:127.719-t:68579-v:7185.907)-(t:127.727-t:68580-v:7183.339)-(t:127.736-t:68581-v:7182.552)-(t:127.738-t:68582-v:7181.257)-(t:127.738-t:68583-v:7167.469)-(t:127.744-t:68584-v:7163.676)-(t:127.752-t:68585-v:7128.987)-(t:127.760-t:68586-v:7121.344)-(t:127.761-t:68587-v:7118.545)-(t:127.771-t:68588-v:7080.289)-(t:127.771-t:68589-v:7063.656)-(t:127.772-t:68590-v:7053.49)-(t:127.780-t:68591-v:7044.545)-(t:127.786-t:68592-v:7042.006)-(t:127.794-t:68593-v:7024.091)-(t:127.801-t:68594-v:7018.435)-(t:127.809-t:68595-v:7018.232)-(t:127.813-t:68596-v:7018.151)-(t:330.155-t:183779-v:7016.245)-(t:330.163-t:183780-v:7013.361)-(t:330.163-t:183781-v:7009.571)-(t:330.173-t:183782-v:6989.334)-(t:330.173-t:183783-v:6988.711)-(t:330.183-t:183784-v:6985.827)-(t:330.184-t:183785-v:6981.645)],598.342
examples/tsp/tsplib/si535.tsp,bestslopefirst,r1,900,0,59250.0,[(t:12.414-t:1591-v:62103.0)-(t:12.414-t:1592-v:61947.0)-(t:12.433-t:1593-v:61849.0)-(t:12.435-t:1594-v:61846.0)-(t:12.436-t:1595-v:61843.0)-(t:12.437-t:1596-v:61776.0)-(t:12.450-t:1597-v:61719.0)-(t:12.468-t:1598-v:61718.0)-(t:12.487-t:1599-v:61654.0)-(t:12.488-t:1600-v:61637.0)-(t:12.490-t:1601-v:61632.0)-(t:12.494-t:1602-v:61624.0)-(t:12.507-t:1603-v:61469.0)-(t:12.525-t:1604-v:61436.0)-(t:12.544-t:1605-v:61430.0)-(t:12.563-t:1606-v:61426.0)-(t:12.581-t:1607-v:61408.0)-(t:16.345-t:1791-v:61356.0)-(t:16.362-t:1792-v:61328.0)-(t:16.365-t:1793-v:61309.0)-(t:16.367-t:1794-v:61283.0)-(t:16.374-t:1795-v:61275.0)-(t:16.392-t:1796-v:61256.0)-(t:16.413-t:1797-v:61252.0)-(t:18.060-t:1960-v:61205.0)-(t:18.060-t:1961-v:61050.0)-(t:18.063-t:1962-v:60993.0)-(t:18.073-t:1963-v:60963.0)-(t:64.984-t:10167-v:60946.0)-(t:169.105-t:29363-v:60936.0)-(t:169.108-t:29364-v:60934.0)-(t:169.127-t:29365-v:60921.0)-(t:289.706-t:51813-v:60897.0)-(t:289.707-t:51814-v:60886.0)-(t:289.707-t:51815-v:60857.0)-(t:289.711-t:51816-v:60814.0)-(t:289.712-t:51817-v:60811.0)-(t:289.728-t:51818-v:60790.0)-(t:289.740-t:51819-v:60781.0)-(t:289.753-t:51820-v:60745.0)-(t:289.770-t:51821-v:60702.0)-(t:289.787-t:51822-v:60626.0)-(t:289.805-t:51823-v:60590.0)-(t:289.824-t:51824-v:60585.0)-(t:289.842-t:51825-v:60519.0)-(t:289.842-t:51826-v:60348.0)-(t:289.860-t:51827-v:60347.0)-(t:289.880-t:51828-v:60341.0)-(t:289.897-t:51829-v:60307.0)-(t:289.916-t:51830-v:60306.0)-(t:699.327-t:129140-v:60288.0)-(t:699.331-t:129141-v:60285.0)-(t:699.336-t:129142-v:60284.0)-(t:699.336-t:129143-v:60233.0)-(t:699.340-t:129144-v:60215.0)-(t:699.341-t:129145-v:60192.0)-(t:699.342-t:129146-v:60181.0)-(t:699.343-t:129147-v:60176.0)-(t:699.346-t:129148-v:60165.0)-(t:699.346-t:129149-v:60122.0)-(t:699.346-t:129150-v:60109.0)-(t:699.347-t:129151-v:60108.0)-(t:699.351-t:129152-v:60064.0)-(t:699.355-t:129153-v:59935.0)-(t:699.375-t:129154-v:59929.0)-(t:699.397-t:129155-v:59904.0)-(t:702.030-t:129548-v:59898.0)-(t:702.052-t:129549-v:59884.0)-(t:702.056-t:129550-v:59872.0)-(t:702.057-t:129551-v:59856.0)-(t:702.059-t:129552-v:59837.0)-(t:702.076-t:129553-v:59811.0)-(t:702.077-t:129554-v:59810.0)-(t:749.756-t:138477-v:59618.0)-(t:749.777-t:138478-v:59602.0)-(t:749.793-t:138479-v:59506.0)-(t:749.806-t:138480-v:59503.0)-(t:749.822-t:138481-v:59421.0)-(t:749.835-t:138482-v:59321.0)-(t:749.851-t:138483-v:59298.0)-(t:749.867-t:138484-v:59256.0)-(t:749.885-t:138485-v:59251.0)-(t:749.901-t:138486-v:59250.0)],186.769
examples/tsp/tsplib/pr136.tsp,roundrobin,r1,900,0,234719.711,[(t:0.827-t:394-v:312299.704)-(t:0.827-t:395-v:300149.756)-(t:0.827-t:396-v:299089.489)-(t:0.828-t:397-v:285355.712)-(t:0.833-t:398-v:284586.895)-(t:0.833-t:399-v:284244.559)-(t:0.834-t:400-v:282837.962)-(t:0.835-t:401-v:282642.95)-(t:0.836-t:402-v:281776.739)-(t:0.836-t:403-v:281561.707)-(t:0.836-t:404-v:279909.088)-(t:0.852-t:405-v:278924.328)-(t:0.854-t:406-v:277696.823)-(t:0.856-t:407-v:276790.986)-(t:0.858-t:408-v:275698.013)-(t:0.859-t:409-v:275390.801)-(t:0.860-t:410-v:274760.56)-(t:0.866-t:411-v:272793.787)-(t:0.866-t:412-v:271904.957)-(t:0.867-t:413-v:271808.815)-(t:0.867-t:414-v:269433.581)-(t:0.870-t:415-v:268403.645)-(t:0.877-t:416-v:266284.697)-(t:0.879-t:417-v:265102.952)-(t:0.923-t:418-v:264501.124)-(t:0.925-t:419-v:263874.122)-(t:0.927-t:420-v:263573.124)-(t:0.927-t:421-v:263544.633)-(t:0.928-t:422-v:263393.942)-(t:0.931-t:423-v:263387.912)-(t:0.933-t:424-v:262974.237)-(t:0.934-t:425-v:262004.128)-(t:0.948-t:426-v:261799.183)-(t:0.952-t:427-v:261027.602)-(t:0.952-t:428-v:259608.149)-(t:0.955-t:429-v:259572.336)-(t:0.957-t:430-v:259527.558)-(t:0.958-t:431-v:259350.255)-(t:0.963-t:432-v:258972.937)-(t:0.977-t:433-v:258968.334)-(t:0.979-t:434-v:258910.871)-(t:0.985-t:435-v:257901.91)-(t:0.989-t:436-v:257426.473)-(t:1.008-t:437-v:256921.187)-(t:1.014-t:438-v:256581.187)-(t:1.030-t:439-v:250224.069)-(t:1.031-t:440-v:248601.468)-(t:1.032-t:441-v:248441.971)-(t:1.032-t:442-v:248211.93)-(t:1.035-t:443-v:248203.464)-(t:1.037-t:444-v:247422.33)-(t:1.048-t:445-v:247421.161)-(t:1.054-t:446-v:247249.784)-(t:1.076-t:447-v:247213.971)-(t:1.081-t:448-v:247059.548)-(t:1.082-t:449-v:247055.639)-(t:1.085-t:450-v:247039.766)-(t:1.085-t:451-v:247031.874)-(t:1.087-t:452-v:246943.102)-(t:1.110-t:453-v:245384.487)-(t:1.114-t:454-v:244414.378)-(t:1.114-t:455-v:243232.633)-(t:1.116-t:456-v:242979.973)-(t:1.135-t:457-v:242960.65)-(t:1.143-t:458-v:242678.021)-(t:1.149-t:459-v:242247.627)-(t:1.179-t:460-v:241940.541)-(t:1.181-t:461-v:241314.921)-(t:1.181-t:462-v:241280.148)-(t:1.186-t:463-v:241237.308)-(t:1.191-t:464-v:240753.821)-(t:1.209-t:465-v:240609.246)-(t:1.216-t:466-v:240140.44)-(t:1.229-t:467-v:239936.664)-(t:1.231-t:468-v:239865.324)-(t:1.232-t:469-v:239309.217)-(t:1.236-t:470-v:239094.956)-(t:2.196-t:712-v:238356.81)-(t:2.198-t:713-v:238016.81)-(t:18.676-t:39671-v:237871.181)-(t:18.677-t:39672-v:237243.734)-(t:18.678-t:39673-v:237235.268)-(t:18.764-t:39909-v:236638.704)-(t:18.765-t:39910-v:236298.704)-(t:18.765-t:39911-v:236226.375)-(t:18.765-t:39912-v:235973.715)-(t:18.767-t:39913-v:235686.713)-(t:18.768-t:39914-v:235346.713)-(t:18.769-t:39915-v:235059.711)-(t:18.771-t:39916-v:234719.711)],529.397
examples/tsp/tsplib/pr264.tsp,bestslopefirst,r1,900,0,75486.153,[(t:1.803-t:384-v:125196.331)-(t:1.805-t:385-v:125081.081)-(t:1.806-t:386-v:110387.747)-(t:1.807-t:387-v:110276.118)-(t:2.400-t:459-v:82570.581)-(t:2.410-t:460-v:82288.131)-(t:2.428-t:461-v:82187.704)-(t:2.432-t:462-v:81890.59)-(t:18.112-t:10947-v:81862.064)-(t:18.116-t:10948-v:81809.667)-(t:18.117-t:10949-v:81746.883)-(t:18.118-t:10950-v:81247.355)-(t:18.121-t:10951-v:81163.583)-(t:34.885-t:23977-v:76255.676)-(t:34.887-t:23978-v:76250.869)-(t:34.889-t:23979-v:76247.726)-(t:34.890-t:23980-v:76245.81)-(t:602.377-t:478861-v:75486.153)],320.718
examples/tsp/tsplib/pr107.tsp,roundrobin,r1,900,0,76262.983,[(t:0.763-t:310-v:169335.774)-(t:0.764-t:311-v:149840.517)-(t:0.765-t:312-v:149710.29)-(t:0.765-t:313-v:130283.596)-(t:0.766-t:314-v:130149.6)-(t:0.766-t:315-v:130063.31)-(t:0.767-t:316-v:129784.42)-(t:0.768-t:317-v:123867.263)-(t:0.769-t:318-v:123302.186)-(t:0.770-t:319-v:120722.294)-(t:0.770-t:320-v:120645.276)-(t:0.770-t:321-v:120515.219)-(t:0.771-t:322-v:120075.08)-(t:0.771-t:323-v:120024.189)-(t:0.773-t:324-v:119997.506)-(t:0.774-t:325-v:119651.396)-(t:0.774-t:326-v:119218.291)-(t:0.775-t:327-v:119197.795)-(t:0.776-t:328-v:119067.738)-(t:0.777-t:329-v:113367.738)-(t:0.777-t:330-v:113331.546)-(t:0.783-t:331-v:113275.833)-(t:0.797-t:332-v:113166.781)-(t:0.798-t:333-v:112397.232)-(t:0.798-t:334-v:111781.755)-(t:0.799-t:335-v:111730.864)-(t:0.800-t:336-v:111654.571)-(t:0.801-t:337-v:111654.376)-(t:0.802-t:338-v:111483.231)-(t:0.803-t:339-v:106701.173)-(t:0.803-t:340-v:106314.454)-(t:0.804-t:341-v:106299.13)-(t:0.804-t:342-v:106251.522)-(t:0.805-t:343-v:106218.637)-(t:0.805-t:344-v:106136.515)-(t:0.806-t:345-v:106086.128)-(t:0.806-t:346-v:106016.614)-(t:0.808-t:347-v:105954.692)-(t:0.809-t:348-v:105873.667)-(t:0.809-t:349-v:105858.909)-(t:0.810-t:350-v:105509.296)-(t:0.811-t:351-v:100850.702)-(t:0.825-t:352-v:100729.878)-(t:0.827-t:353-v:100527.149)-(t:0.828-t:354-v:100445.027)-(t:0.830-t:355-v:100394.64)-(t:0.831-t:356-v:100292.241)-(t:0.832-t:357-v:100238.339)-(t:0.832-t:358-v:100192.241)-(t:0.832-t:359-v:100062.184)-(t:0.834-t:360-v:97514.419)-(t:0.836-t:361-v:97513.618)-(t:0.837-t:362-v:97107.392)-(t:0.839-t:363-v:96942.627)-(t:0.857-t:364-v:96708.067)-(t:1.019-t:428-v:96060.659)-(t:1.019-t:429-v:95825.624)-(t:1.021-t:430-v:95771.781)-(t:1.021-t:431-v:95744.384)-(t:1.022-t:432-v:95693.997)-(t:1.022-t:433-v:95461.541)-(t:1.023-t:434-v:95454.584)-(t:1.024-t:435-v:95324.51)-(t:1.024-t:436-v:95276.902)-(t:1.034-t:437-v:94701.099)-(t:1.035-t:438-v:94628.269)-(t:1.036-t:439-v:94499.108)-(t:1.037-t:440-v:94240.736)-(t:1.052-t:441-v:94198.479)-(t:1.054-t:442-v:94072.054)-(t:1.055-t:443-v:93929.652)-(t:1.059-t:444-v:93823.206)-(t:1.060-t:445-v:92508.768)-(t:2.107-t:958-v:92340.097)-(t:2.109-t:959-v:92298.515)-(t:2.110-t:960-v:92184.606)-(t:2.112-t:961-v:89691.607)-(t:2.112-t:962-v:89656.684)-(t:2.113-t:963-v:89485.317)-(t:2.113-t:964-v:89427.447)-(t:2.114-t:965-v:89365.321)-(t:2.114-t:966-v:89297.839)-(t:2.280-t:1078-v:89285.808)-(t:2.280-t:1079-v:89176.381)-(t:2.281-t:1080-v:88525.851)-(t:2.281-t:1081-v:88518.121)-(t:2.281-t:1082-v:88471.234)-(t:2.281-t:1083-v:88350.599)-(t:2.282-t:1084-v:87900.939)-(t:2.283-t:1085-v:87733.395)-(t:2.297-t:1086-v:87318.817)-(t:2.298-t:1087-v:87221.484)-(t:2.298-t:1088-v:87204.702)-(t:2.299-t:1089-v:86901.739)-(t:2.300-t:1090-v:86821.675)-(t:4.759-t:5212-v:78439.59)-(t:4.760-t:5213-v:77771.856)-(t:4.760-t:5214-v:77660.691)-(t:4.760-t:5215-v:77543.534)-(t:4.760-t:5216-v:77523.823)-(t:4.760-t:5217-v:77496.16)-(t:4.760-t:5218-v:77393.434)-(t:4.760-t:5219-v:77335.212)-(t:4.760-t:5220-v:77326.602)-(t:4.761-t:5221-v:77287.604)-(t:4.761-t:5222-v:77055.835)-(t:4.762-t:5223-v:76262.983)],377.949
examples/tsp/tsplib/kroB150.tsp,roundrobin,r1,900,0,53429.111,[(t:1.036-t:439-v:161318.252)-(t:1.037-t:440-v:161208.533)-(t:1.037-t:441-v:160870.57)-(t:1.039-t:442-v:160843.14)-(t:1.040-t:443-v:160812.512)-(t:1.053-t:444-v:160807.084)-(t:1.056-t:445-v:159894.673)-(t:1.056-t:446-v:158395.221)-(t:1.058-t:447-v:158228.113)-(t:1.059-t:448-v:158188.582)-(t:1.059-t:449-v:157957.131)-(t:1.061-t:450-v:157873.516)-(t:1.064-t:451-v:157862.793)-(t:1.065-t:452-v:156746.106)-(t:1.084-t:453-v:156003.105)-(t:1.085-t:454-v:156002.349)-(t:1.092-t:455-v:155619.465)-(t:1.093-t:456-v:155547.353)-(t:1.116-t:457-v:155470.685)-(t:1.118-t:458-v:155051.087)-(t:1.119-t:459-v:154732.561)-(t:1.120-t:460-v:154675.868)-(t:1.120-t:461-v:154110.214)-(t:1.122-t:462-v:154024.539)-(t:1.123-t:463-v:153985.37)-(t:1.124-t:464-v:153834.928)-(t:1.125-t:465-v:153671.883)-(t:1.127-t:466-v:153620.64)-(t:1.135-t:467-v:153158.769)-(t:1.138-t:468-v:152833.919)-(t:1.138-t:469-v:152804.89)-(t:1.153-t:470-v:152732.214)-(t:1.154-t:471-v:152297.424)-(t:1.157-t:472-v:150917.859)-(t:1.158-t:473-v:150914.949)-(t:1.159-t:474-v:150529.123)-(t:1.161-t:475-v:150253.464)-(t:1.162-t:476-v:149554.102)-(t:1.164-t:477-v:148183.89)-(t:1.165-t:478-v:147716.51)-(t:1.167-t:479-v:147625.973)-(t:1.168-t:480-v:147497.512)-(t:1.170-t:481-v:147410.365)-(t:1.172-t:482-v:147316.752)-(t:1.187-t:483-v:146850.343)-(t:1.190-t:484-v:145360.046)-(t:1.191-t:485-v:144940.625)-(t:1.202-t:486-v:144851.674)-(t:1.203-t:487-v:144806.077)-(t:1.206-t:488-v:144705.142)-(t:1.206-t:489-v:144670.887)-(t:1.222-t:490-v:144386.528)-(t:1.224-t:491-v:144245.927)-(t:1.225-t:492-v:143719.601)-(t:1.226-t:493-v:143606.408)-(t:1.227-t:494-v:143496.748)-(t:1.229-t:495-v:143404.614)-(t:1.230-t:496-v:143231.005)-(t:1.232-t:497-v:142972.1)-(t:1.233-t:498-v:142797.541)-(t:1.235-t:499-v:142483.578)-(t:1.244-t:500-v:141686.166)-(t:1.244-t:501-v:141676.656)-(t:1.244-t:502-v:141313.093)-(t:1.245-t:503-v:141283.064)-(t:1.247-t:504-v:141102.601)-(t:1.247-t:505-v:140278.07)-(t:1.248-t:506-v:140227.535)-(t:1.248-t:507-v:139648.343)-(t:1.249-t:508-v:139454.266)-(t:1.250-t:509-v:139392.434)-(t:1.265-t:510-v:139242.158)-(t:1.266-t:511-v:139112.316)-(t:1.269-t:512-v:139027.295)-(t:1.270-t:513-v:138878.959)-(t:1.273-t:514-v:138822.947)-(t:1.274-t:515-v:137881.786)-(t:1.277-t:516-v:137832.427)-(t:1.290-t:517-v:137829.555)-(t:1.292-t:518-v:137821.956)-(t:1.294-t:519-v:137666.97)-(t:1.295-t:520-v:137663.693)-(t:1.295-t:521-v:137389.904)-(t:1.297-t:522-v:137194.45)-(t:1.298-t:523-v:136931.614)-(t:1.300-t:524-v:136704.324)-(t:1.301-t:525-v:136300.809)-(t:1.317-t:526-v:136104.643)-(t:1.318-t:527-v:136055.425)-(t:1.320-t:528-v:136032.845)-(t:1.321-t:529-v:135636.106)-(t:1.324-t:530-v:135421.217)-(t:1.326-t:531-v:134843.034)-(t:1.341-t:532-v:134686.17)-(t:1.343-t:533-v:134556.255)-(t:1.345-t:534-v:134389.849)-(t:1.347-t:535-v:134214.901)-(t:1.351-t:536-v:134191.024)-(t:1.366-t:537-v:134178.616)-(t:1.366-t:538-v:133639.024)-(t:1.367-t:539-v:133368.775)-(t:1.367-t:540-v:133211.925)-(t:1.367-t:541-v:132573.619)-(t:1.367-t:542-v:132192.563)-(t:1.368-t:543-v:132110.324)-(t:1.369-t:544-v:131903.739)-(t:1.369-t:545-v:131620.951)-(t:1.372-t:546-v:131345.828)-(t:1.374-t:547-v:130829.054)-(t:1.375-t:548-v:130637.355)-(t:1.376-t:549-v:130621.743)-(t:1.389-t:550-v:130231.87)-(t:1.391-t:551-v:130202.615)-(t:1.391-t:552-v:130033.844)-(t:1.392-t:553-v:129577.006)-(t:1.392-t:554-v:129545.189)-(t:1.392-t:555-v:129451.71)-(t:1.404-t:556-v:129450.514)-(t:1.404-t:557-v:129239.415)-(t:1.405-t:558-v:129075.262)-(t:1.405-t:559-v:128892.533)-(t:1.406-t:560-v:128836.339)-(t:1.406-t:561-v:128334.378)-(t:1.407-t:562-v:128308.117)-(t:1.409-t:563-v:128195.262)-(t:1.410-t:564-v:128074.027)-(t:1.412-t:565-v:127752.133)-(t:1.413-t:566-v:127695.874)-(t:1.428-t:567-v:127441.654)-(t:1.429-t:568-v:127354.631)-(t:1.431-t:569-v:126827.125)-(t:1.433-t:570-v:126240.423)-(t:1.435-t:571-v:126105.7)-(t:1.436-t:572-v:126097.357)-(t:1.438-t:573-v:126083.774)-(t:1.439-t:574-v:125975.426)-(t:1.453-t:575-v:125945.516)-(t:1.453-t:576-v:125872.504)-(t:1.454-t:577-v:125779.558)-(t:1.456-t:578-v:125560.236)-(t:1.458-t:579-v:125255.065)-(t:1.459-t:580-v:125166.081)-(t:1.460-t:581-v:124397.952)-(t:1.462-t:582-v:124087.603)-(t:1.477-t:583-v:124076.329)-(t:1.477-t:584-v:123985.754)-(t:1.477-t:585-v:123601.365)-(t:1.478-t:586-v:123553.893)-(t:1.478-t:587-v:123142.401)-(t:1.479-t:588-v:122721.683)-(t:1.480-t:589-v:122197.904)-(t:1.480-t:590-v:122197.653)-(t:1.481-t:591-v:121783.954)-(t:1.483-t:592-v:121633.422)-(t:1.484-t:593-v:121000.826)-(t:1.487-t:594-v:120737.382)-(t:1.501-t:595-v:120727.628)-(t:1.504-t:596-v:120001.716)-(t:1.506-t:597-v:119570.172)-(t:1.508-t:598-v:119522.719)-(t:1.508-t:599-v:119447.05)-(t:1.510-t:600-v:119386.326)-(t:1.511-t:601-v:118779.841)-(t:1.512-t:602-v:118517.549)-(t:1.512-t:603-v:117385.988)-(t:1.526-t:604-v:117324.728)-(t:1.528-t:605-v:117112.834)-(t:1.531-t:606-v:116964.465)-(t:1.531-t:607-v:116898.078)-(t:1.532-t:608-v:116829.832)-(t:1.534-t:609-v:116315.0)-(t:1.535-t:610-v:116213.814)-(t:1.539-t:611-v:115997.114)-(t:1.541-t:612-v:115995.392)-(t:1.554-t:613-v:115135.495)-(t:1.555-t:614-v:114834.228)-(t:1.556-t:615-v:114776.199)-(t:1.557-t:616-v:114552.198)-(t:1.560-t:617-v:114483.587)-(t:1.575-t:618-v:114409.998)-(t:1.575-t:619-v:114148.064)-(t:1.576-t:620-v:114124.616)-(t:1.579-t:621-v:114034.496)-(t:1.580-t:622-v:114019.101)-(t:1.583-t:623-v:113989.4)-(t:1.584-t:624-v:113924.382)-(t:1.584-t:625-v:113623.76)-(t:1.585-t:626-v:113398.177)-(t:1.585-t:627-v:112338.1)-(t:1.586-t:628-v:112162.064)-(t:1.601-t:629-v:111887.505)-(t:1.602-t:630-v:111393.587)-(t:1.604-t:631-v:111340.056)-(t:1.605-t:632-v:111111.047)-(t:1.607-t:633-v:110914.903)-(t:1.608-t:634-v:110330.007)-(t:1.611-t:635-v:109545.517)-(t:1.623-t:636-v:109541.972)-(t:1.623-t:637-v:109480.14)-(t:1.625-t:638-v:109422.319)-(t:1.626-t:639-v:109200.344)-(t:1.629-t:640-v:109038.263)-(t:1.631-t:641-v:108057.845)-(t:1.634-t:642-v:108007.999)-(t:1.654-t:643-v:107665.957)-(t:1.660-t:644-v:107546.66)-(t:1.674-t:645-v:107523.445)-(t:1.675-t:646-v:107511.298)-(t:1.675-t:647-v:106949.527)-(t:1.676-t:648-v:106939.04)-(t:1.677-t:649-v:106928.785)-(t:1.678-t:650-v:106712.76)-(t:1.681-t:651-v:106666.029)-(t:1.696-t:652-v:106282.48)-(t:1.697-t:653-v:106245.481)-(t:1.704-t:654-v:106233.415)-(t:1.725-t:655-v:105923.798)-(t:1.735-t:656-v:102949.543)-(t:1.756-t:657-v:102871.227)-(t:1.765-t:658-v:102735.228)-(t:1.780-t:659-v:102275.57)-(t:1.783-t:660-v:102145.875)-(t:1.785-t:661-v:101996.322)-(t:1.788-t:662-v:101939.351)-(t:1.807-t:663-v:101337.292)-(t:1.808-t:664-v:101213.666)-(t:1.812-t:665-v:101092.794)-(t:1.834-t:666-v:100947.413)-(t:1.866-t:667-v:100718.419)-(t:1.875-t:668-v:100352.937)-(t:1.877-t:669-v:100291.196)-(t:1.889-t:670-v:100177.992)-(t:1.890-t:671-v:99974.234)-(t:1.896-t:672-v:99680.452)-(t:1.918-t:673-v:97908.631)-(t:1.921-t:674-v:97832.456)-(t:1.925-t:675-v:97457.57)-(t:1.930-t:676-v:97286.604)-(t:1.933-t:677-v:96768.797)-(t:1.936-t:678-v:96667.056)-(t:1.954-t:679-v:96601.11)-(t:1.957-t:680-v:96357.118)-(t:1.975-t:681-v:96048.668)-(t:1.976-t:682-v:96019.565)-(t:1.979-t:683-v:95962.842)-(t:1.982-t:684-v:95557.665)-(t:1.987-t:685-v:95208.929)-(t:2.003-t:686-v:94803.848)-(t:2.004-t:687-v:94780.996)-(t:2.007-t:688-v:94574.828)-(t:2.008-t:689-v:94388.4)-(t:2.026-t:690-v:94286.365)-(t:2.027-t:691-v:94096.559)-(t:2.029-t:692-v:93909.425)-(t:2.030-t:693-v:93228.444)-(t:2.030-t:694-v:92616.092)-(t:2.031-t:695-v:92583.018)-(t:2.033-t:696-v:92566.456)-(t:2.034-t:697-v:91907.438)-(t:2.035-t:698-v:91900.51)-(t:2.052-t:699-v:91870.17)-(t:2.057-t:700-v:91797.129)-(t:2.057-t:701-v:91769.781)-(t:2.060-t:702-v:91702.884)-(t:2.060-t:703-v:91535.71)-(t:2.063-t:704-v:91478.584)-(t:2.065-t:705-v:91242.719)-(t:2.065-t:706-v:91105.323)-(t:2.067-t:707-v:91084.687)-(t:2.092-t:708-v:90985.794)-(t:2.093-t:709-v:90935.895)-(t:2.095-t:710-v:90916.229)-(t:2.096-t:711-v:90889.278)-(t:2.100-t:712-v:90138.158)-(t:2.116-t:713-v:89844.708)-(t:2.121-t:714-v:87712.721)-(t:2.124-t:715-v:87648.993)-(t:2.134-t:716-v:87262.546)-(t:2.140-t:717-v:87016.517)-(t:2.145-t:718-v:86898.306)-(t:2.148-t:719-v:86671.504)-(t:2.167-t:720-v:86139.852)-(t:2.168-t:721-v:86036.187)-(t:2.168-t:722-v:85753.799)-(t:2.180-t:723-v:85749.244)-(t:2.185-t:724-v:85425.84)-(t:2.188-t:725-v:85137.346)-(t:2.203-t:726-v:85044.733)-(t:2.208-t:727-v:84616.121)-(t:2.225-t:728-v:84333.529)-(t:2.229-t:729-v:84168.263)-(t:2.232-t:730-v:84161.545)-(t:2.250-t:731-v:83947.931)-(t:2.252-t:732-v:82922.181)-(t:2.257-t:733-v:82561.407)-(t:2.259-t:734-v:81950.54)-(t:2.261-t:735-v:81747.537)-(t:2.266-t:736-v:81608.228)-(t:2.282-t:737-v:81574.037)-(t:2.286-t:738-v:81513.452)-(t:2.291-t:739-v:81364.578)-(t:2.295-t:740-v:81363.314)-(t:2.317-t:741-v:80864.768)-(t:2.320-t:742-v:80858.567)-(t:2.324-t:743-v:80750.809)-(t:2.332-t:744-v:80631.17)-(t:2.337-t:745-v:79609.109)-(t:2.339-t:746-v:78629.767)-(t:2.369-t:747-v:78454.347)-(t:2.371-t:748-v:78382.873)-(t:2.375-t:749-v:78123.979)-(t:2.377-t:750-v:78062.063)-(t:2.381-t:751-v:78015.241)-(t:2.391-t:752-v:78014.584)-(t:2.395-t:753-v:77084.326)-(t:2.407-t:754-v:76864.021)-(t:2.424-t:755-v:76314.572)-(t:2.426-t:756-v:76163.582)-(t:2.429-t:757-v:75816.565)-(t:2.431-t:758-v:75802.6)-(t:2.435-t:759-v:75096.134)-(t:2.452-t:760-v:74961.315)-(t:2.454-t:761-v:74932.785)-(t:2.458-t:762-v:73311.881)-(t:2.460-t:763-v:73310.86)-(t:2.462-t:764-v:72020.879)-(t:2.480-t:765-v:70604.049)-(t:2.482-t:766-v:70441.453)-(t:2.484-t:767-v:70408.643)-(t:2.487-t:768-v:69172.907)-(t:2.504-t:769-v:68991.349)-(t:2.506-t:770-v:68719.578)-(t:2.510-t:771-v:68374.035)-(t:2.510-t:772-v:68336.437)-(t:2.511-t:773-v:68257.652)-(t:2.512-t:774-v:68112.968)-(t:2.513-t:775-v:67981.174)-(t:2.516-t:776-v:67692.275)-(t:2.527-t:777-v:67466.372)-(t:2.531-t:778-v:67060.213)-(t:2.533-t:779-v:67036.561)-(t:2.536-t:780-v:66545.294)-(t:2.553-t:781-v:66527.93)-(t:2.553-t:782-v:66384.999)-(t:2.554-t:783-v:66128.293)-(t:2.554-t:784-v:66117.295)-(t:2.555-t:785-v:66028.747)-(t:2.560-t:786-v:65972.747)-(t:2.561-t:787-v:65856.861)-(t:2.578-t:788-v:65175.823)-(t:2.581-t:789-v:64736.755)-(t:2.585-t:790-v:64159.855)-(t:2.587-t:791-v:64152.838)-(t:2.590-t:792-v:63773.635)-(t:2.592-t:793-v:63700.299)-(t:2.595-t:794-v:63459.001)-(t:2.618-t:795-v:63146.376)-(t:2.621-t:796-v:63082.425)-(t:2.625-t:797-v:62689.168)-(t:2.627-t:798-v:62417.152)-(t:2.640-t:799-v:62399.884)-(t:2.644-t:800-v:62329.855)-(t:2.646-t:801-v:62147.233)-(t:2.650-t:802-v:61756.843)-(t:2.656-t:803-v:61738.658)-(t:2.660-t:804-v:61564.894)-(t:2.671-t:805-v:61298.201)-(t:2.671-t:806-v:61287.203)-(t:2.673-t:807-v:61190.251)-(t:2.673-t:808-v:61149.983)-(t:2.688-t:809-v:61034.097)-(t:2.692-t:810-v:60643.803)-(t:17.305-t:11587-v:60625.343)-(t:17.309-t:11588-v:60509.55)-(t:17.315-t:11589-v:60350.203)-(t:17.317-t:11590-v:60264.683)-(t:17.320-t:11591-v:60234.107)-(t:17.320-t:11592-v:60217.142)-(t:17.321-t:11593-v:60052.864)-(t:17.322-t:11594-v:59975.336)-(t:17.323-t:11595-v:59965.64)-(t:17.324-t:11596-v:59726.767)-(t:17.325-t:11597-v:59443.102)-(t:17.326-t:11598-v:59294.189)-(t:17.328-t:11599-v:59242.638)-(t:17.329-t:11600-v:59053.028)-(t:17.330-t:11601-v:58932.474)-(t:17.337-t:11602-v:58820.447)-(t:17.616-t:11797-v:58811.572)-(t:17.622-t:11798-v:58800.196)-(t:48.509-t:36414-v:58644.794)-(t:48.515-t:36415-v:58635.525)-(t:76.406-t:58618-v:58193.34)-(t:114.485-t:89013-v:57973.133)-(t:114.487-t:89014-v:57833.044)-(t:114.488-t:89015-v:57700.813)-(t:114.492-t:89016-v:57359.06)-(t:114.497-t:89017-v:57347.917)-(t:114.501-t:89018-v:57194.368)-(t:114.502-t:89019-v:57188.943)-(t:114.506-t:89020-v:56631.471)-(t:237.669-t:189330-v:56611.197)-(t:237.676-t:189331-v:56436.278)-(t:237.681-t:189332-v:56373.549)-(t:237.686-t:189333-v:56137.867)-(t:237.690-t:189334-v:56076.892)-(t:237.693-t:189335-v:56053.525)-(t:237.695-t:189336-v:55991.341)-(t:237.700-t:189337-v:55698.004)-(t:252.659-t:201933-v:55492.716)-(t:252.665-t:201934-v:55283.727)-(t:252.665-t:201935-v:55179.587)-(t:252.670-t:201936-v:55119.244)-(t:252.673-t:201937-v:55045.781)-(t:252.677-t:201938-v:54293.786)-(t:252.680-t:201939-v:54271.687)-(t:468.370-t:376295-v:53736.87)-(t:468.375-t:376296-v:53650.293)-(t:468.378-t:376297-v:53623.844)-(t:468.383-t:376298-v:53429.111)],471.040
examples/tsp/tsplib/gr120.tsp,random,r1,900,0,12861.0,[(t:1.161-t:364-v:34611.0)-(t:1.163-t:365-v:34461.0)-(t:1.164-t:366-v:34340.0)-(t:1.165-t:367-v:34269.0)-(t:1.183-t:368-v:34224.0)-(t:1.185-t:369-v:34209.0)-(t:1.185-t:370-v:34158.0)-(t:1.188-t:371-v:34124.0)-(t:1.190-t:372-v:34021.0)-(t:1.192-t:373-v:33960.0)-(t:1.193-t:374-v:33952.0)-(t:1.194-t:375-v:33895.0)-(t:1.194-t:376-v:33780.0)-(t:1.195-t:377-v:33698.0)-(t:1.206-t:378-v:33665.0)-(t:1.208-t:379-v:33623.0)-(t:1.210-t:380-v:33618.0)-(t:1.211-t:381-v:33612.0)-(t:1.212-t:382-v:33564.0)-(t:1.216-t:383-v:33373.0)-(t:1.223-t:384-v:33349.0)-(t:1.224-t:385-v:33060.0)-(t:1.225-t:386-v:33025.0)-(t:1.226-t:387-v:33013.0)-(t:1.226-t:388-v:32985.0)-(t:1.226-t:389-v:32981.0)-(t:1.227-t:390-v:32921.0)-(t:1.228-t:391-v:32920.0)-(t:1.228-t:392-v:32914.0)-(t:1.228-t:393-v:32841.0)-(t:1.229-t:394-v:32799.0)-(t:1.229-t:395-v:32796.0)-(t:1.230-t:396-v:32790.0)-(t:1.232-t:397-v:32480.0)-(t:1.249-t:398-v:32330.0)-(t:1.249-t:399-v:32320.0)-(t:1.249-t:400-v:32313.0)-(t:1.249-t:401-v:32049.0)-(t:1.250-t:402-v:31636.0)-(t:1.250-t:403-v:31576.0)-(t:1.251-t:404-v:31553.0)-(t:1.253-t:405-v:31369.0)-(t:1.257-t:406-v:31199.0)-(t:1.258-t:407-v:31197.0)-(t:1.260-t:408-v:31011.0)-(t:1.261-t:409-v:30994.0)-(t:1.262-t:410-v:30973.0)-(t:1.277-t:411-v:30965.0)-(t:1.279-t:412-v:30799.0)-(t:1.281-t:413-v:30763.0)-(t:1.283-t:414-v:30717.0)-(t:1.284-t:415-v:30632.0)-(t:1.284-t:416-v:30570.0)-(t:1.285-t:417-v:30554.0)-(t:1.287-t:418-v:30499.0)-(t:1.302-t:419-v:30066.0)-(t:1.303-t:420-v:30050.0)-(t:1.303-t:421-v:29961.0)-(t:1.305-t:422-v:29912.0)-(t:1.307-t:423-v:29900.0)-(t:1.308-t:424-v:29891.0)-(t:1.309-t:425-v:29872.0)-(t:1.310-t:426-v:29805.0)-(t:1.310-t:427-v:29789.0)-(t:1.310-t:428-v:29637.0)-(t:1.311-t:429-v:29519.0)-(t:1.312-t:430-v:29480.0)-(t:1.312-t:431-v:29359.0)-(t:1.312-t:432-v:29345.0)-(t:1.313-t:433-v:29324.0)-(t:1.315-t:434-v:29271.0)-(t:1.316-t:435-v:29263.0)-(t:1.317-t:436-v:29184.0)-(t:1.334-t:437-v:29171.0)-(t:1.336-t:438-v:29151.0)-(t:1.338-t:439-v:29062.0)-(t:1.341-t:440-v:28746.0)-(t:1.343-t:441-v:28709.0)-(t:1.354-t:442-v:28687.0)-(t:1.355-t:443-v:28659.0)-(t:1.356-t:444-v:28634.0)-(t:1.357-t:445-v:28554.0)-(t:1.359-t:446-v:28403.0)-(t:1.361-t:447-v:27661.0)-(t:1.363-t:448-v:27637.0)-(t:1.378-t:449-v:27584.0)-(t:1.378-t:450-v:27536.0)-(t:1.379-t:451-v:27388.0)-(t:1.381-t:452-v:27352.0)-(t:1.383-t:453-v:27012.0)-(t:1.384-t:454-v:26938.0)-(t:1.390-t:455-v:26858.0)-(t:1.405-t:456-v:26536.0)-(t:1.407-t:457-v:26522.0)-(t:1.410-t:458-v:26490.0)-(t:1.412-t:459-v:26164.0)-(t:1.412-t:460-v:26103.0)-(t:1.413-t:461-v:26001.0)-(t:1.417-t:462-v:25970.0)-(t:1.435-t:463-v:25964.0)-(t:1.438-t:464-v:25947.0)-(t:1.441-t:465-v:25911.0)-(t:1.446-t:466-v:25862.0)-(t:1.446-t:467-v:25813.0)-(t:1.448-t:468-v:25593.0)-(t:1.458-t:469-v:25378.0)-(t:1.477-t:470-v:25367.0)-(t:1.481-t:471-v:25271.0)-(t:1.485-t:472-v:25097.0)-(t:1.486-t:473-v:25066.0)-(t:1.506-t:474-v:24956.0)-(t:1.508-t:475-v:24955.0)-(t:1.511-t:476-v:24952.0)-(t:1.515-t:477-v:24921.0)-(t:1.518-t:478-v:24862.0)-(t:1.535-t:479-v:23999.0)-(t:1.537-t:480-v:23925.0)-(t:1.541-t:481-v:23911.0)-(t:1.561-t:482-v:23711.0)-(t:1.567-t:483-v:23615.0)-(t:1.571-t:484-v:23610.0)-(t:1.589-t:485-v:23553.0)-(t:1.593-t:486-v:23474.0)-(t:1.598-t:487-v:23378.0)-(t:1.623-t:488-v:23241.0)-(t:1.624-t:489-v:23210.0)-(t:1.627-t:490-v:23197.0)-(t:1.632-t:491-v:23177.0)-(t:1.653-t:492-v:23172.0)-(t:1.655-t:493-v:23037.0)-(t:1.674-t:494-v:22939.0)-(t:1.682-t:495-v:22554.0)-(t:1.685-t:496-v:22503.0)-(t:1.703-t:497-v:22469.0)-(t:1.720-t:498-v:21919.0)-(t:1.722-t:499-v:21888.0)-(t:1.726-t:500-v:21837.0)-(t:1.730-t:501-v:21835.0)-(t:1.730-t:502-v:21718.0)-(t:1.734-t:503-v:21673.0)-(t:1.738-t:504-v:21577.0)-(t:1.739-t:505-v:21471.0)-(t:1.756-t:506-v:21463.0)-(t:1.775-t:507-v:21442.0)-(t:1.779-t:508-v:21415.0)-(t:1.784-t:509-v:21290.0)-(t:1.788-t:510-v:21268.0)-(t:1.802-t:511-v:21247.0)-(t:1.806-t:512-v:21220.0)-(t:1.810-t:513-v:21069.0)-(t:1.811-t:514-v:21056.0)-(t:1.828-t:515-v:20984.0)-(t:1.829-t:516-v:20960.0)-(t:1.830-t:517-v:20891.0)-(t:1.833-t:518-v:20768.0)-(t:1.834-t:519-v:20649.0)-(t:1.835-t:520-v:20551.0)-(t:1.837-t:521-v:20523.0)-(t:1.841-t:522-v:20516.0)-(t:1.846-t:523-v:20473.0)-(t:1.847-t:524-v:20467.0)-(t:1.861-t:525-v:20389.0)-(t:1.863-t:526-v:20245.0)-(t:1.877-t:527-v:20070.0)-(t:1.895-t:528-v:20067.0)-(t:1.899-t:529-v:20036.0)-(t:1.908-t:530-v:19988.0)-(t:1.913-t:531-v:19536.0)-(t:1.913-t:532-v:19410.0)-(t:1.917-t:533-v:19398.0)-(t:1.934-t:534-v:19384.0)-(t:1.938-t:535-v:19309.0)-(t:1.943-t:536-v:19269.0)-(t:1.960-t:537-v:19133.0)-(t:1.964-t:538-v:18667.0)-(t:1.965-t:539-v:18659.0)-(t:1.967-t:540-v:18541.0)-(t:1.967-t:541-v:18535.0)-(t:1.968-t:542-v:18512.0)-(t:1.983-t:543-v:18394.0)-(t:1.985-t:544-v:18376.0)-(t:1.985-t:545-v:18340.0)-(t:1.986-t:546-v:18296.0)-(t:1.988-t:547-v:18287.0)-(t:2.006-t:548-v:18253.0)-(t:2.015-t:549-v:18251.0)-(t:3.178-t:799-v:18219.0)-(t:3.179-t:800-v:18217.0)-(t:3.182-t:801-v:18212.0)-(t:3.193-t:802-v:18210.0)-(t:3.197-t:803-v:18191.0)-(t:3.212-t:804-v:18175.0)-(t:3.219-t:805-v:18174.0)-(t:3.224-t:806-v:18082.0)-(t:3.242-t:807-v:18013.0)-(t:3.248-t:808-v:17800.0)-(t:3.276-t:809-v:17746.0)-(t:3.281-t:810-v:17551.0)-(t:3.284-t:811-v:17489.0)-(t:3.286-t:812-v:17470.0)-(t:3.296-t:813-v:17440.0)-(t:3.312-t:814-v:17428.0)-(t:3.314-t:815-v:17402.0)-(t:3.319-t:816-v:17379.0)-(t:4.731-t:1643-v:17289.0)-(t:4.732-t:1644-v:17241.0)-(t:4.733-t:1645-v:17221.0)-(t:4.734-t:1646-v:17110.0)-(t:4.738-t:1647-v:17072.0)-(t:4.739-t:1648-v:17044.0)-(t:4.740-t:1649-v:16960.0)-(t:4.740-t:1650-v:16937.0)-(t:4.740-t:1651-v:16932.0)-(t:4.757-t:1652-v:16865.0)-(t:4.760-t:1653-v:16832.0)-(t:4.762-t:1654-v:16793.0)-(t:4.765-t:1655-v:16777.0)-(t:7.265-t:3766-v:16598.0)-(t:7.267-t:3767-v:16578.0)-(t:7.269-t:3768-v:16238.0)-(t:7.269-t:3769-v:16236.0)-(t:7.271-t:3770-v:16233.0)-(t:7.274-t:3771-v:16064.0)-(t:7.276-t:3772-v:16038.0)-(t:7.344-t:3918-v:15989.0)-(t:7.346-t:3919-v:15958.0)-(t:7.347-t:3920-v:15941.0)-(t:7.347-t:3921-v:15872.0)-(t:7.347-t:3922-v:15870.0)-(t:7.349-t:3923-v:15845.0)-(t:7.349-t:3924-v:15821.0)-(t:7.350-t:3925-v:15781.0)-(t:7.351-t:3926-v:15773.0)-(t:7.351-t:3927-v:15719.0)-(t:7.351-t:3928-v:15692.0)-(t:7.353-t:3929-v:15638.0)-(t:7.353-t:3930-v:15625.0)-(t:7.353-t:3931-v:15608.0)-(t:7.354-t:3932-v:15495.0)-(t:7.355-t:3933-v:15448.0)-(t:7.357-t:3934-v:15409.0)-(t:7.358-t:3935-v:15398.0)-(t:7.360-t:3936-v:15397.0)-(t:7.362-t:3937-v:15136.0)-(t:7.364-t:3938-v:15107.0)-(t:7.367-t:3939-v:15103.0)-(t:15.577-t:13184-v:15003.0)-(t:15.579-t:13185-v:15000.0)-(t:15.581-t:13186-v:14972.0)-(t:15.582-t:13187-v:14971.0)-(t:15.583-t:13188-v:14892.0)-(t:15.584-t:13189-v:14789.0)-(t:15.586-t:13190-v:14771.0)-(t:15.587-t:13191-v:14642.0)-(t:15.588-t:13192-v:14623.0)-(t:15.589-t:13193-v:14544.0)-(t:15.592-t:13194-v:14449.0)-(t:15.594-t:13195-v:14370.0)-(t:15.596-t:13196-v:14333.0)-(t:15.599-t:13197-v:14308.0)-(t:15.603-t:13198-v:14196.0)-(t:15.604-t:13199-v:14103.0)-(t:15.606-t:13200-v:13969.0)-(t:15.609-t:13201-v:13955.0)-(t:15.612-t:13202-v:13886.0)-(t:15.614-t:13203-v:13819.0)-(t:15.618-t:13204-v:13715.0)-(t:15.622-t:13205-v:13702.0)-(t:15.622-t:13206-v:13683.0)-(t:15.622-t:13207-v:13663.0)-(t:15.627-t:13208-v:13639.0)-(t:166.023-t:179052-v:13605.0)-(t:166.028-t:179053-v:13569.0)-(t:166.032-t:179054-v:13555.0)-(t:166.035-t:179055-v:13499.0)-(t:166.037-t:179056-v:13481.0)-(t:166.041-t:179057-v:13473.0)-(t:166.045-t:179058-v:13467.0)-(t:166.048-t:179059-v:13348.0)-(t:166.049-t:179060-v:13318.0)-(t:526.872-t:576095-v:13288.0)-(t:526.875-t:576096-v:13223.0)-(t:526.880-t:576097-v:13166.0)-(t:526.885-t:576098-v:13160.0)-(t:526.888-t:576099-v:13156.0)-(t:526.891-t:576100-v:13120.0)-(t:526.897-t:576101-v:12937.0)-(t:526.903-t:576102-v:12927.0)-(t:526.906-t:576103-v:12861.0)],427.756
examples/tsp/tsplib/fri26.tsp,roundrobin,r1,900,0,1099.0,[(t:0.435-t:68-v:1466.0)-(t:0.436-t:69-v:1279.0)-(t:0.439-t:70-v:1270.0)-(t:0.441-t:71-v:1261.0)-(t:0.442-t:72-v:1256.0)-(t:0.444-t:73-v:1245.0)-(t:0.445-t:74-v:1200.0)-(t:0.447-t:75-v:1191.0)-(t:0.475-t:76-v:1174.0)-(t:0.477-t:77-v:1173.0)-(t:0.479-t:78-v:1157.0)-(t:0.483-t:79-v:1137.0)-(t:0.499-t:80-v:1134.0)-(t:0.502-t:81-v:1119.0)-(t:0.504-t:82-v:1101.0)-(t:0.507-t:83-v:1099.0)],133.041
examples/tsp/tsplib/pr107.tsp,random,r1,900,0,68582.985,[(t:0.848-t:328-v:200914.504)-(t:0.848-t:329-v:183627.89)-(t:0.849-t:330-v:165473.577)-(t:0.849-t:331-v:165292.629)-(t:0.852-t:332-v:165265.746)-(t:0.853-t:333-v:165080.859)-(t:0.853-t:334-v:165041.252)-(t:0.854-t:335-v:146584.428)-(t:0.854-t:336-v:146403.48)-(t:0.855-t:337-v:146337.214)-(t:0.855-t:338-v:146286.323)-(t:0.856-t:339-v:146274.446)-(t:0.871-t:340-v:145342.054)-(t:0.873-t:341-v:145186.382)-(t:0.874-t:342-v:144887.854)-(t:0.874-t:343-v:144832.203)-(t:0.876-t:344-v:129701.409)-(t:0.876-t:345-v:129595.183)-(t:0.877-t:346-v:129478.026)-(t:0.877-t:347-v:128842.769)-(t:0.877-t:348-v:128753.204)-(t:0.878-t:349-v:128709.55)-(t:0.879-t:350-v:128371.473)-(t:0.880-t:351-v:122806.018)-(t:0.881-t:352-v:122743.086)-(t:0.881-t:353-v:122715.489)-(t:0.882-t:354-v:122694.444)-(t:0.882-t:355-v:122455.928)-(t:0.883-t:356-v:122434.588)-(t:0.883-t:357-v:122294.87)-(t:0.896-t:358-v:122232.551)-(t:0.897-t:359-v:121977.773)-(t:0.898-t:360-v:121796.997)-(t:0.900-t:361-v:121770.779)-(t:0.902-t:362-v:115284.997)-(t:0.902-t:363-v:115020.439)-(t:0.903-t:364-v:114958.995)-(t:0.905-t:365-v:114473.592)-(t:0.906-t:366-v:114384.347)-(t:0.906-t:367-v:114105.653)-(t:0.907-t:368-v:114066.655)-(t:0.907-t:369-v:113882.016)-(t:0.908-t:370-v:113643.5)-(t:0.909-t:371-v:113526.343)-(t:0.910-t:372-v:113430.885)-(t:0.911-t:373-v:113318.454)-(t:0.912-t:374-v:113293.815)-(t:0.926-t:375-v:112568.247)-(t:0.928-t:376-v:112238.628)-(t:0.932-t:377-v:112021.657)-(t:0.936-t:378-v:111865.023)-(t:0.946-t:379-v:111189.437)-(t:0.947-t:380-v:111142.311)-(t:0.948-t:381-v:111036.324)-(t:0.949-t:382-v:110802.969)-(t:0.951-t:383-v:103923.85)-(t:0.953-t:384-v:103653.512)-(t:0.954-t:385-v:103489.396)-(t:0.955-t:386-v:103441.788)-(t:0.955-t:387-v:103267.997)-(t:0.956-t:388-v:103179.796)-(t:0.957-t:389-v:102321.178)-(t:0.958-t:390-v:102105.438)-(t:0.959-t:391-v:102047.049)-(t:0.973-t:392-v:101839.16)-(t:0.974-t:393-v:101686.047)-(t:0.975-t:394-v:101664.28)-(t:0.976-t:395-v:101430.925)-(t:0.977-t:396-v:101277.812)-(t:0.978-t:397-v:101168.76)-(t:0.982-t:398-v:100848.468)-(t:0.982-t:399-v:100737.303)-(t:0.983-t:400-v:100512.897)-(t:0.983-t:401-v:100508.269)-(t:0.983-t:402-v:100499.705)-(t:0.984-t:403-v:99406.268)-(t:0.985-t:404-v:99193.958)-(t:0.996-t:405-v:99091.891)-(t:0.999-t:406-v:98978.616)-(t:1.001-t:407-v:98739.823)-(t:1.003-t:408-v:98002.379)-(t:1.004-t:409-v:97429.838)-(t:1.018-t:410-v:97408.071)-(t:1.019-t:411-v:97298.415)-(t:1.020-t:412-v:97181.258)-(t:1.021-t:413-v:97028.145)-(t:1.022-t:414-v:96980.537)-(t:1.028-t:415-v:96010.983)-(t:1.028-t:416-v:95889.146)-(t:1.029-t:417-v:95709.727)-(t:1.029-t:418-v:95598.873)-(t:1.030-t:419-v:95375.859)-(t:1.031-t:420-v:94740.624)-(t:1.031-t:421-v:94623.467)-(t:1.048-t:422-v:94457.161)-(t:1.049-t:423-v:93889.668)-(t:1.050-t:424-v:93753.786)-(t:1.051-t:425-v:93726.191)-(t:1.052-t:426-v:93686.737)-(t:1.053-t:427-v:93531.065)-(t:1.054-t:428-v:93465.849)-(t:1.227-t:487-v:90120.673)-(t:1.228-t:488-v:90103.315)-(t:1.228-t:489-v:90092.846)-(t:1.229-t:490-v:89780.045)-(t:1.229-t:491-v:89756.89)-(t:1.229-t:492-v:89604.104)-(t:1.239-t:493-v:89467.025)-(t:1.240-t:494-v:89315.929)-(t:1.241-t:495-v:89200.147)-(t:1.241-t:496-v:88987.564)-(t:1.242-t:497-v:88117.294)-(t:1.243-t:498-v:88025.772)-(t:1.243-t:499-v:87962.733)-(t:1.245-t:500-v:87562.733)-(t:1.245-t:501-v:86762.733)-(t:1.246-t:502-v:86689.49)-(t:1.247-t:503-v:86607.368)-(t:1.247-t:504-v:86515.846)-(t:1.247-t:505-v:86465.459)-(t:1.248-t:506-v:86363.06)-(t:1.264-t:507-v:86289.359)-(t:1.265-t:508-v:86208.334)-(t:1.265-t:509-v:86193.576)-(t:1.266-t:510-v:85961.12)-(t:1.267-t:511-v:85843.963)-(t:1.269-t:512-v:85552.869)-(t:1.270-t:513-v:85160.221)-(t:1.272-t:514-v:84398.626)-(t:1.273-t:515-v:84010.06)-(t:1.274-t:516-v:83953.365)-(t:1.276-t:517-v:83914.367)-(t:1.278-t:518-v:82499.993)-(t:1.289-t:519-v:82434.763)-(t:1.290-t:520-v:82095.726)-(t:1.292-t:521-v:81954.412)-(t:1.293-t:522-v:81780.189)-(t:1.295-t:523-v:81695.488)-(t:1.296-t:524-v:81615.424)-(t:1.299-t:525-v:80735.228)-(t:11.263-t:28629-v:80362.825)-(t:11.356-t:29152-v:80351.543)-(t:11.356-t:29153-v:80240.443)-(t:11.357-t:29154-v:79523.286)-(t:11.357-t:29155-v:79295.275)-(t:11.357-t:29156-v:79268.587)-(t:11.357-t:29157-v:78748.715)-(t:11.357-t:29158-v:78725.016)-(t:11.358-t:29159-v:78680.338)-(t:11.359-t:29160-v:78599.386)-(t:11.359-t:29161-v:78570.32)-(t:11.359-t:29162-v:77853.163)-(t:11.360-t:29163-v:77625.152)-(t:11.360-t:29164-v:77472.503)-(t:11.361-t:29165-v:77327.552)-(t:11.361-t:29166-v:77235.576)-(t:11.362-t:29167-v:77206.356)-(t:14.503-t:45776-v:76800.412)-(t:16.056-t:53493-v:76488.183)-(t:16.056-t:53494-v:76405.032)-(t:16.057-t:53495-v:76257.122)-(t:16.057-t:53496-v:76172.176)-(t:16.058-t:53497-v:76164.341)-(t:16.059-t:53498-v:76068.632)-(t:21.845-t:82762-v:76056.415)-(t:21.845-t:82763-v:75852.652)-(t:29.845-t:113562-v:75842.564)-(t:29.845-t:113563-v:75437.034)-(t:29.845-t:113564-v:75389.426)-(t:29.845-t:113565-v:74502.261)-(t:29.845-t:113566-v:74392.956)-(t:29.846-t:113567-v:74225.412)-(t:29.846-t:113568-v:74110.938)-(t:29.846-t:113569-v:74036.195)-(t:29.847-t:113570-v:73475.799)-(t:29.850-t:113571-v:73192.956)-(t:29.851-t:113572-v:73165.33)-(t:94.783-t:335554-v:73159.683)-(t:94.783-t:335555-v:72977.876)-(t:94.783-t:335556-v:72918.971)-(t:94.784-t:335557-v:72879.973)-(t:94.786-t:335558-v:72323.654)-(t:94.789-t:335559-v:71445.874)-(t:94.792-t:335560-v:70968.453)-(t:94.796-t:335561-v:70914.306)-(t:236.088-t:805779-v:70897.014)-(t:236.090-t:805780-v:70515.477)-(t:236.091-t:805781-v:70249.553)-(t:482.651-t:1628329-v:69794.506)-(t:482.655-t:1628330-v:69467.591)-(t:482.655-t:1628331-v:69445.824)-(t:482.655-t:1628332-v:69389.281)-(t:482.655-t:1628333-v:69275.166)-(t:841.914-t:2821006-v:68922.462)-(t:841.915-t:2821007-v:68639.619)-(t:841.915-t:2821008-v:68582.985)],333.159
examples/tsp/tsplib/gr137.tsp,roundrobin,r1,900,0,105760.609,[(t:0.968-t:401-v:256143.853)-(t:0.969-t:402-v:238273.421)-(t:0.969-t:403-v:238258.979)-(t:0.969-t:404-v:237988.487)-(t:0.969-t:405-v:236483.972)-(t:0.970-t:406-v:218980.015)-(t:0.970-t:407-v:218568.316)-(t:0.970-t:408-v:217494.982)-(t:0.971-t:409-v:217092.77)-(t:0.971-t:410-v:204792.053)-(t:0.972-t:411-v:204664.167)-(t:0.972-t:412-v:203568.833)-(t:0.972-t:413-v:203273.068)-(t:0.973-t:414-v:202951.609)-(t:0.973-t:415-v:201454.063)-(t:0.974-t:416-v:201273.447)-(t:0.974-t:417-v:201215.553)-(t:0.975-t:418-v:187093.612)-(t:0.975-t:419-v:186965.726)-(t:0.976-t:420-v:185870.392)-(t:0.976-t:421-v:185574.627)-(t:0.976-t:422-v:185253.168)-(t:0.989-t:423-v:183755.622)-(t:0.990-t:424-v:183170.767)-(t:0.991-t:425-v:183126.418)-(t:0.991-t:426-v:183122.372)-(t:0.992-t:427-v:182675.032)-(t:0.994-t:428-v:170082.415)-(t:0.994-t:429-v:170054.076)-(t:0.994-t:430-v:170022.377)-(t:0.994-t:431-v:170015.421)-(t:0.995-t:432-v:168942.087)-(t:0.995-t:433-v:168671.942)-(t:0.995-t:434-v:168275.801)-(t:0.996-t:435-v:166785.846)-(t:0.996-t:436-v:165910.965)-(t:0.997-t:437-v:165839.809)-(t:0.997-t:438-v:165813.888)-(t:0.998-t:439-v:165609.047)-(t:0.999-t:440-v:165076.831)-(t:0.999-t:441-v:164943.146)-(t:1.000-t:442-v:164497.925)-(t:1.007-t:443-v:150052.164)-(t:1.023-t:444-v:138553.419)-(t:1.024-t:445-v:138020.124)-(t:1.024-t:446-v:137895.572)-(t:1.025-t:447-v:136685.087)-(t:1.025-t:448-v:136457.279)-(t:1.027-t:449-v:136318.074)-(t:1.027-t:450-v:136253.785)-(t:1.028-t:451-v:136048.944)-(t:1.028-t:452-v:135703.711)-(t:1.029-t:453-v:135359.665)-(t:1.030-t:454-v:135086.003)-(t:1.031-t:455-v:135003.682)-(t:1.032-t:456-v:133467.069)-(t:1.032-t:457-v:132059.941)-(t:1.034-t:458-v:132037.482)-(t:1.034-t:459-v:131835.07)-(t:1.035-t:460-v:131828.926)-(t:1.048-t:461-v:131295.631)-(t:1.049-t:462-v:130999.866)-(t:1.049-t:463-v:129180.861)-(t:1.050-t:464-v:129017.342)-(t:1.050-t:465-v:128953.053)-(t:1.051-t:466-v:128927.573)-(t:1.051-t:467-v:128813.848)-(t:1.052-t:468-v:128780.526)-(t:1.053-t:469-v:127943.106)-(t:1.054-t:470-v:127733.009)-(t:1.054-t:471-v:126979.881)-(t:1.055-t:472-v:126283.812)-(t:1.056-t:473-v:126194.043)-(t:1.057-t:474-v:125916.799)-(t:1.057-t:475-v:125852.51)-(t:1.058-t:476-v:125795.81)-(t:1.059-t:477-v:124958.39)-(t:1.060-t:478-v:124684.728)-(t:1.061-t:479-v:124525.338)-(t:1.076-t:480-v:124458.846)-(t:1.084-t:481-v:123791.005)-(t:1.085-t:482-v:123547.501)-(t:1.087-t:483-v:123334.859)-(t:1.088-t:484-v:123029.322)-(t:1.339-t:579-v:123019.956)-(t:1.340-t:580-v:122797.778)-(t:1.340-t:581-v:122781.13)-(t:1.341-t:582-v:122725.612)-(t:1.342-t:583-v:122140.757)-(t:1.355-t:584-v:122004.3)-(t:1.356-t:585-v:121938.073)-(t:1.359-t:586-v:121228.456)-(t:1.360-t:587-v:121203.791)-(t:1.361-t:588-v:121174.964)-(t:1.361-t:589-v:120777.884)-(t:1.362-t:590-v:120212.463)-(t:1.363-t:591-v:119790.718)-(t:1.377-t:592-v:119646.17)-(t:1.382-t:593-v:119549.291)-(t:4.523-t:5043-v:116057.23)-(t:4.524-t:5044-v:115897.84)-(t:4.524-t:5045-v:115897.45)-(t:4.524-t:5046-v:115673.192)-(t:4.524-t:5047-v:115536.689)-(t:4.525-t:5048-v:115289.628)-(t:4.525-t:5049-v:114892.548)-(t:4.525-t:5050-v:114509.783)-(t:4.568-t:5154-v:114507.322)-(t:4.568-t:5155-v:114201.785)-(t:4.571-t:5156-v:114081.198)-(t:4.772-t:5666-v:110635.515)-(t:4.772-t:5667-v:110547.581)-(t:4.772-t:5668-v:110542.32)-(t:4.772-t:5669-v:109305.026)-(t:4.772-t:5670-v:109160.478)-(t:4.773-t:5671-v:109012.542)-(t:4.773-t:5672-v:108413.471)-(t:4.773-t:5673-v:108177.601)-(t:4.773-t:5674-v:108093.57)-(t:11.265-t:24102-v:107728.429)-(t:11.265-t:24103-v:106533.877)-(t:11.266-t:24104-v:106389.329)-(t:11.266-t:24105-v:106366.503)-(t:11.267-t:24106-v:105760.609)],306.598
examples/tsp/tsplib/eil101.tsp,roundrobin,r1,900,0,816.304,[(t:0.953-t:282-v:1540.676)-(t:0.954-t:283-v:1536.828)-(t:0.954-t:284-v:1533.145)-(t:0.956-t:285-v:1524.941)-(t:0.956-t:286-v:1518.423)-(t:0.966-t:287-v:1510.253)-(t:0.968-t:288-v:1502.151)-(t:0.970-t:289-v:1501.426)-(t:0.974-t:290-v:1498.504)-(t:0.989-t:291-v:1495.836)-(t:0.992-t:292-v:1495.246)-(t:0.995-t:293-v:1491.734)-(t:1.012-t:294-v:1488.634)-(t:1.014-t:295-v:1485.826)-(t:1.015-t:296-v:1484.596)-(t:1.017-t:297-v:1482.47)-(t:1.017-t:298-v:1475.921)-(t:1.020-t:299-v:1474.061)-(t:1.021-t:300-v:1472.074)-(t:1.024-t:301-v:1468.947)-(t:1.026-t:302-v:1465.101)-(t:1.042-t:303-v:1463.774)-(t:1.046-t:304-v:1457.057)-(t:1.049-t:305-v:1448.995)-(t:1.051-t:306-v:1445.65)-(t:1.055-t:307-v:1443.277)-(t:1.066-t:308-v:1440.129)-(t:1.067-t:309-v:1438.056)-(t:1.070-t:310-v:1429.861)-(t:1.073-t:311-v:1426.292)-(t:1.096-t:312-v:1416.424)-(t:1.118-t:313-v:1415.5)-(t:1.119-t:314-v:1414.755)-(t:1.122-t:315-v:1413.016)-(t:1.124-t:316-v:1406.96)-(t:1.134-t:317-v:1398.905)-(t:1.154-t:318-v:1394.333)-(t:1.155-t:319-v:1392.392)-(t:1.158-t:320-v:1379.497)-(t:1.158-t:321-v:1378.55)-(t:1.160-t:322-v:1378.515)-(t:1.163-t:323-v:1378.021)-(t:1.163-t:324-v:1363.084)-(t:1.166-t:325-v:1361.491)-(t:1.169-t:326-v:1359.231)-(t:1.173-t:327-v:1357.512)-(t:1.194-t:328-v:1354.153)-(t:1.213-t:329-v:1347.226)-(t:1.233-t:330-v:1344.809)-(t:1.256-t:331-v:1343.745)-(t:1.259-t:332-v:1341.583)-(t:1.265-t:333-v:1334.367)-(t:1.286-t:334-v:1333.438)-(t:1.290-t:335-v:1326.091)-(t:1.296-t:336-v:1322.031)-(t:1.309-t:337-v:1315.527)-(t:1.310-t:338-v:1314.874)-(t:1.313-t:339-v:1304.782)-(t:1.317-t:340-v:1292.13)-(t:1.338-t:341-v:1287.326)-(t:1.344-t:342-v:1287.295)-(t:1.366-t:343-v:1277.831)-(t:1.372-t:344-v:1277.046)-(t:1.388-t:345-v:1276.778)-(t:1.402-t:346-v:1275.186)-(t:1.408-t:347-v:1273.565)-(t:1.430-t:348-v:1266.349)-(t:1.441-t:349-v:1245.161)-(t:1.464-t:350-v:1237.98)-(t:1.464-t:351-v:1234.253)-(t:1.466-t:352-v:1232.282)-(t:1.467-t:353-v:1226.921)-(t:1.489-t:354-v:1224.159)-(t:1.491-t:355-v:1213.697)-(t:1.497-t:356-v:1205.535)-(t:1.515-t:357-v:1200.57)-(t:1.522-t:358-v:1191.335)-(t:1.526-t:359-v:1189.363)-(t:1.547-t:360-v:1180.984)-(t:1.550-t:361-v:1180.499)-(t:1.569-t:362-v:1171.369)-(t:1.595-t:363-v:1157.424)-(t:1.598-t:364-v:1153.013)-(t:1.601-t:365-v:1152.154)-(t:1.602-t:366-v:1148.738)-(t:1.627-t:367-v:1144.658)-(t:1.629-t:368-v:1134.915)-(t:1.637-t:369-v:1130.304)-(t:1.659-t:370-v:1129.375)-(t:1.684-t:371-v:1129.129)-(t:1.707-t:372-v:1119.427)-(t:1.717-t:373-v:1118.158)-(t:1.742-t:374-v:1117.251)-(t:1.782-t:375-v:1116.28)-(t:1.787-t:376-v:1115.53)-(t:1.788-t:377-v:1115.344)-(t:1.804-t:378-v:1112.971)-(t:1.813-t:379-v:1112.373)-(t:1.837-t:380-v:1103.16)-(t:1.864-t:381-v:1101.417)-(t:1.889-t:382-v:1097.255)-(t:1.917-t:383-v:1096.752)-(t:1.934-t:384-v:1096.526)-(t:1.958-t:385-v:1095.58)-(t:1.989-t:386-v:1095.101)-(t:2.010-t:387-v:1091.26)-(t:2.022-t:388-v:1084.886)-(t:2.046-t:389-v:1076.94)-(t:2.049-t:390-v:1076.17)-(t:2.050-t:391-v:1073.658)-(t:2.050-t:392-v:1071.308)-(t:2.053-t:393-v:1066.917)-(t:2.054-t:394-v:1060.772)-(t:2.084-t:395-v:1057.131)-(t:2.086-t:396-v:1055.963)-(t:2.095-t:397-v:1044.227)-(t:2.097-t:398-v:1042.255)-(t:2.101-t:399-v:1041.989)-(t:2.116-t:400-v:1040.263)-(t:2.122-t:401-v:1030.958)-(t:2.122-t:402-v:1026.091)-(t:2.128-t:403-v:1025.607)-(t:2.131-t:404-v:1020.155)-(t:2.152-t:405-v:1017.929)-(t:2.156-t:406-v:1016.481)-(t:2.170-t:407-v:1016.096)-(t:2.175-t:408-v:1014.182)-(t:2.197-t:409-v:1014.03)-(t:2.216-t:410-v:1004.831)-(t:2.224-t:411-v:1000.487)-(t:2.244-t:412-v:995.441)-(t:2.260-t:413-v:979.892)-(t:3.078-t:524-v:977.932)-(t:3.116-t:525-v:975.132)-(t:3.138-t:526-v:968.375)-(t:3.164-t:527-v:967.638)-(t:3.195-t:528-v:967.358)-(t:3.221-t:529-v:963.054)-(t:3.224-t:530-v:962.57)-(t:3.225-t:531-v:962.385)-(t:3.252-t:532-v:961.462)-(t:3.259-t:533-v:958.191)-(t:3.285-t:534-v:957.904)-(t:3.293-t:535-v:955.522)-(t:3.314-t:536-v:954.623)-(t:3.321-t:537-v:954.562)-(t:5.331-t:1552-v:948.662)-(t:5.347-t:1553-v:947.309)-(t:5.349-t:1554-v:946.614)-(t:5.351-t:1555-v:944.511)-(t:5.353-t:1556-v:940.483)-(t:7.608-t:3194-v:937.584)-(t:7.608-t:3195-v:932.792)-(t:7.609-t:3196-v:932.774)-(t:7.609-t:3197-v:931.981)-(t:7.612-t:3198-v:930.395)-(t:7.613-t:3199-v:927.491)-(t:7.619-t:3200-v:923.356)-(t:7.621-t:3201-v:910.844)-(t:7.622-t:3202-v:903.803)-(t:7.625-t:3203-v:899.081)-(t:7.652-t:3204-v:896.353)-(t:7.655-t:3205-v:893.664)-(t:7.658-t:3206-v:887.985)-(t:7.660-t:3207-v:878.014)-(t:7.663-t:3208-v:874.968)-(t:28.357-t:26009-v:874.542)-(t:28.362-t:26010-v:868.471)-(t:28.366-t:26011-v:864.554)-(t:28.369-t:26012-v:860.566)-(t:28.373-t:26013-v:858.005)-(t:28.377-t:26014-v:856.107)-(t:118.073-t:126950-v:855.929)-(t:125.106-t:134979-v:854.04)-(t:141.207-t:152973-v:842.743)-(t:141.211-t:152974-v:838.6)-(t:141.215-t:152975-v:838.357)-(t:141.216-t:152976-v:837.914)-(t:141.220-t:152977-v:832.518)-(t:141.224-t:152978-v:831.659)-(t:141.227-t:152979-v:831.172)-(t:141.230-t:152980-v:827.274)-(t:626.967-t:703851-v:825.963)-(t:626.967-t:703852-v:821.919)-(t:626.968-t:703853-v:820.141)-(t:626.971-t:703854-v:816.304)],218.199
examples/tsp/tsplib/si175.tsp,bestslopefirst,r1,900,0,24816.0,[(t:1.602-t:354-v:27601.0)-(t:1.623-t:355-v:27537.0)-(t:1.624-t:356-v:27467.0)-(t:1.624-t:357-v:27391.0)-(t:1.627-t:358-v:27349.0)-(t:1.627-t:359-v:27248.0)-(t:1.627-t:360-v:27178.0)-(t:1.628-t:361-v:27072.0)-(t:2.229-t:446-v:26332.0)-(t:2.230-t:447-v:26329.0)-(t:2.231-t:448-v:26315.0)-(t:2.231-t:449-v:26296.0)-(t:2.232-t:450-v:26278.0)-(t:2.232-t:451-v:26271.0)-(t:2.233-t:452-v:26232.0)-(t:2.235-t:453-v:26168.0)-(t:2.241-t:454-v:26041.0)-(t:2.258-t:455-v:26036.0)-(t:6.155-t:2774-v:26024.0)-(t:6.163-t:2775-v:26020.0)-(t:6.164-t:2776-v:26009.0)-(t:6.771-t:3174-v:25994.0)-(t:6.772-t:3175-v:25844.0)-(t:6.773-t:3176-v:25817.0)-(t:6.872-t:3261-v:25794.0)-(t:6.872-t:3262-v:25751.0)-(t:6.872-t:3263-v:25746.0)-(t:6.873-t:3264-v:25745.0)-(t:6.969-t:3347-v:25726.0)-(t:10.424-t:6361-v:25667.0)-(t:10.439-t:6362-v:25600.0)-(t:10.440-t:6363-v:25595.0)-(t:10.440-t:6364-v:25592.0)-(t:10.440-t:6365-v:25573.0)-(t:10.440-t:6366-v:25571.0)-(t:10.440-t:6367-v:25552.0)-(t:10.441-t:6368-v:25524.0)-(t:10.442-t:6369-v:25519.0)-(t:43.645-t:45375-v:25493.0)-(t:43.646-t:45376-v:25486.0)-(t:46.966-t:49408-v:25449.0)-(t:46.966-t:49409-v:25331.0)-(t:46.966-t:49410-v:25300.0)-(t:46.966-t:49411-v:25293.0)-(t:46.967-t:49412-v:25286.0)-(t:46.967-t:49413-v:25276.0)-(t:46.968-t:49414-v:25269.0)-(t:46.969-t:49415-v:25268.0)-(t:46.970-t:49416-v:25263.0)-(t:46.971-t:49417-v:25260.0)-(t:76.180-t:85208-v:25241.0)-(t:76.181-t:85209-v:25223.0)-(t:76.187-t:85210-v:25194.0)-(t:76.188-t:85211-v:25171.0)-(t:76.188-t:85212-v:25163.0)-(t:76.189-t:85213-v:25154.0)-(t:76.189-t:85214-v:25076.0)-(t:550.216-t:664215-v:25062.0)-(t:550.217-t:664216-v:24998.0)-(t:550.217-t:664217-v:24993.0)-(t:550.217-t:664218-v:24990.0)-(t:550.219-t:664219-v:24989.0)-(t:550.223-t:664220-v:24980.0)-(t:550.286-t:664293-v:24912.0)-(t:550.286-t:664294-v:24909.0)-(t:609.113-t:737122-v:24901.0)-(t:609.114-t:737123-v:24899.0)-(t:709.403-t:859776-v:24824.0)-(t:709.404-t:859777-v:24816.0)],131.382
examples/tsp/tsplib/kroA100.tsp,roundrobin,r1,900,0,32640.296,[(t:0.957-t:289-v:117920.366)-(t:0.958-t:290-v:117590.743)-(t:0.958-t:291-v:114557.027)-(t:0.959-t:292-v:114068.343)-(t:0.959-t:293-v:114036.786)-(t:0.960-t:294-v:113884.003)-(t:0.960-t:295-v:113085.053)-(t:0.961-t:296-v:112787.459)-(t:0.961-t:297-v:112277.542)-(t:0.970-t:298-v:111966.066)-(t:0.972-t:299-v:111443.633)-(t:0.973-t:300-v:111190.977)-(t:0.974-t:301-v:108598.884)-(t:0.975-t:302-v:108578.966)-(t:0.976-t:303-v:108318.446)-(t:0.979-t:304-v:107879.352)-(t:0.980-t:305-v:107844.231)-(t:0.994-t:306-v:107719.749)-(t:0.996-t:307-v:106211.706)-(t:0.998-t:308-v:106193.781)-(t:0.999-t:309-v:106005.369)-(t:1.000-t:310-v:105695.91)-(t:1.001-t:311-v:105577.126)-(t:1.002-t:312-v:105548.382)-(t:1.003-t:313-v:104525.396)-(t:1.005-t:314-v:104318.988)-(t:1.020-t:315-v:104289.389)-(t:1.021-t:316-v:104175.283)-(t:1.021-t:317-v:104119.265)-(t:1.022-t:318-v:104037.026)-(t:1.022-t:319-v:103978.168)-(t:1.024-t:320-v:103925.51)-(t:1.024-t:321-v:103763.533)-(t:1.027-t:322-v:103742.76)-(t:1.028-t:323-v:103221.7)-(t:1.031-t:324-v:101425.168)-(t:1.032-t:325-v:101242.772)-(t:1.048-t:326-v:100655.9)-(t:1.050-t:327-v:100320.155)-(t:1.053-t:328-v:100247.933)-(t:1.055-t:329-v:100180.144)-(t:1.056-t:330-v:100083.931)-(t:1.057-t:331-v:99887.557)-(t:1.060-t:332-v:99840.737)-(t:1.075-t:333-v:99776.893)-(t:1.078-t:334-v:99273.017)-(t:1.079-t:335-v:98346.48)-(t:1.086-t:336-v:98170.249)-(t:1.088-t:337-v:98138.967)-(t:1.091-t:338-v:98076.38)-(t:1.093-t:339-v:97742.337)-(t:1.093-t:340-v:97723.84)-(t:1.108-t:341-v:97199.002)-(t:1.108-t:342-v:97000.226)-(t:1.109-t:343-v:96871.947)-(t:1.111-t:344-v:96580.121)-(t:1.111-t:345-v:96545.953)-(t:1.115-t:346-v:96081.932)-(t:1.116-t:347-v:95834.542)-(t:1.131-t:348-v:95698.03)-(t:1.132-t:349-v:95682.976)-(t:1.132-t:350-v:95595.516)-(t:1.134-t:351-v:93220.569)-(t:1.135-t:352-v:93177.128)-(t:1.136-t:353-v:92782.197)-(t:1.139-t:354-v:92452.174)-(t:1.140-t:355-v:92318.789)-(t:1.142-t:356-v:92238.417)-(t:1.144-t:357-v:92141.848)-(t:1.158-t:358-v:92023.394)-(t:1.160-t:359-v:91849.715)-(t:1.161-t:360-v:91793.526)-(t:1.162-t:361-v:91760.475)-(t:1.165-t:362-v:87824.845)-(t:1.166-t:363-v:87528.802)-(t:1.166-t:364-v:87494.196)-(t:1.167-t:365-v:87323.844)-(t:1.168-t:366-v:87305.4)-(t:1.169-t:367-v:87296.721)-(t:1.183-t:368-v:87127.624)-(t:1.184-t:369-v:86907.446)-(t:1.185-t:370-v:86897.57)-(t:1.186-t:371-v:86879.279)-(t:1.187-t:372-v:86716.742)-(t:1.190-t:373-v:86359.593)-(t:1.192-t:374-v:85869.138)-(t:1.193-t:375-v:85789.756)-(t:1.194-t:376-v:85450.867)-(t:1.204-t:377-v:85025.528)-(t:1.205-t:378-v:84737.033)-(t:1.207-t:379-v:84679.406)-(t:1.209-t:380-v:84573.147)-(t:1.210-t:381-v:84563.015)-(t:1.213-t:382-v:83244.172)-(t:1.229-t:383-v:83151.503)-(t:1.230-t:384-v:83073.123)-(t:1.231-t:385-v:83058.245)-(t:1.233-t:386-v:82514.564)-(t:1.235-t:387-v:81878.243)-(t:1.237-t:388-v:80985.937)-(t:1.238-t:389-v:80930.807)-(t:1.253-t:390-v:80923.282)-(t:1.261-t:391-v:80514.271)-(t:1.268-t:392-v:80412.869)-(t:1.287-t:393-v:79427.315)-(t:1.294-t:394-v:79269.562)-(t:1.299-t:395-v:79065.341)-(t:1.304-t:396-v:78793.373)-(t:1.322-t:397-v:78544.752)-(t:1.340-t:398-v:77822.315)-(t:1.341-t:399-v:77706.37)-(t:1.344-t:400-v:77191.145)-(t:1.348-t:401-v:76866.543)-(t:1.356-t:402-v:76617.228)-(t:1.370-t:403-v:76607.139)-(t:1.372-t:404-v:76184.972)-(t:1.377-t:405-v:73744.675)-(t:1.378-t:406-v:73436.09)-(t:1.379-t:407-v:73430.285)-(t:1.379-t:408-v:73242.81)-(t:1.379-t:409-v:72984.121)-(t:1.380-t:410-v:72822.047)-(t:1.393-t:411-v:72552.092)-(t:1.397-t:412-v:71944.904)-(t:1.398-t:413-v:71935.528)-(t:1.399-t:414-v:71514.043)-(t:1.402-t:415-v:71074.904)-(t:1.403-t:416-v:70153.534)-(t:1.405-t:417-v:70144.855)-(t:1.409-t:418-v:69975.82)-(t:1.426-t:419-v:69116.57)-(t:1.431-t:420-v:67890.609)-(t:1.435-t:421-v:67758.848)-(t:1.436-t:422-v:67717.246)-(t:1.437-t:423-v:67596.583)-(t:1.437-t:424-v:67565.059)-(t:1.453-t:425-v:67437.819)-(t:1.455-t:426-v:67424.428)-(t:1.458-t:427-v:66508.605)-(t:1.461-t:428-v:66248.301)-(t:1.463-t:429-v:66127.638)-(t:1.481-t:430-v:66082.774)-(t:1.482-t:431-v:65955.41)-(t:1.483-t:432-v:65948.298)-(t:1.484-t:433-v:65901.15)-(t:1.487-t:434-v:65858.604)-(t:1.487-t:435-v:65850.933)-(t:1.503-t:436-v:63993.138)-(t:1.504-t:437-v:63973.612)-(t:1.506-t:438-v:63859.604)-(t:1.508-t:439-v:63790.408)-(t:1.509-t:440-v:63439.435)-(t:1.510-t:441-v:63379.589)-(t:1.514-t:442-v:61474.672)-(t:1.514-t:443-v:60859.14)-(t:1.514-t:444-v:60777.02)-(t:1.515-t:445-v:59872.946)-(t:1.518-t:446-v:59102.682)-(t:1.532-t:447-v:58995.703)-(t:1.535-t:448-v:58739.82)-(t:1.536-t:449-v:58713.89)-(t:1.539-t:450-v:57080.977)-(t:1.544-t:451-v:56520.018)-(t:1.545-t:452-v:56401.969)-(t:1.545-t:453-v:56388.444)-(t:1.547-t:454-v:56379.453)-(t:1.573-t:455-v:56369.635)-(t:1.573-t:456-v:56361.964)-(t:1.576-t:457-v:56168.791)-(t:1.580-t:458-v:56032.996)-(t:1.596-t:459-v:55883.825)-(t:1.599-t:460-v:55852.9)-(t:1.603-t:461-v:55744.424)-(t:1.621-t:462-v:55588.544)-(t:1.623-t:463-v:55573.665)-(t:1.625-t:464-v:54305.582)-(t:1.628-t:465-v:53983.865)-(t:1.631-t:466-v:53962.015)-(t:1.648-t:467-v:51754.425)-(t:1.651-t:468-v:51491.145)-(t:1.656-t:469-v:50920.537)-(t:1.660-t:470-v:50521.856)-(t:1.660-t:471-v:50464.588)-(t:1.675-t:472-v:50088.601)-(t:1.678-t:473-v:50032.847)-(t:1.678-t:474-v:50009.33)-(t:1.680-t:475-v:49883.53)-(t:1.684-t:476-v:49553.686)-(t:1.685-t:477-v:49255.925)-(t:1.687-t:478-v:49136.575)-(t:1.688-t:479-v:49116.702)-(t:1.690-t:480-v:49102.48)-(t:1.690-t:481-v:48716.34)-(t:1.707-t:482-v:48582.791)-(t:1.708-t:483-v:48461.229)-(t:1.708-t:484-v:48264.843)-(t:1.710-t:485-v:48146.075)-(t:1.711-t:486-v:48129.031)-(t:1.713-t:487-v:48067.732)-(t:1.716-t:488-v:47846.357)-(t:1.718-t:489-v:47805.476)-(t:1.718-t:490-v:47748.844)-(t:1.732-t:491-v:47381.63)-(t:1.732-t:492-v:47332.754)-(t:1.735-t:493-v:47317.154)-(t:1.739-t:494-v:46633.418)-(t:1.752-t:495-v:46541.968)-(t:1.753-t:496-v:46462.916)-(t:1.757-t:497-v:46455.779)-(t:1.759-t:498-v:45998.434)-(t:1.763-t:499-v:45576.294)-(t:1.778-t:500-v:45514.829)-(t:1.781-t:501-v:45389.237)-(t:1.785-t:502-v:45373.342)-(t:1.786-t:503-v:45325.366)-(t:1.789-t:504-v:45033.848)-(t:3.594-t:1243-v:44161.432)-(t:3.595-t:1244-v:44078.821)-(t:3.596-t:1245-v:44071.684)-(t:3.597-t:1246-v:43994.665)-(t:3.599-t:1247-v:43722.687)-(t:3.600-t:1248-v:43683.681)-(t:3.615-t:1249-v:43651.237)-(t:4.172-t:1734-v:43569.117)-(t:4.174-t:1735-v:43359.317)-(t:4.176-t:1736-v:43341.496)-(t:4.176-t:1737-v:43325.205)-(t:4.368-t:1903-v:42315.946)-(t:4.369-t:1904-v:42144.842)-(t:4.370-t:1905-v:41078.719)-(t:4.372-t:1906-v:40764.236)-(t:4.374-t:1907-v:40324.747)-(t:4.375-t:1908-v:40323.283)-(t:4.377-t:1909-v:40281.421)-(t:4.377-t:1910-v:40209.763)-(t:4.378-t:1911-v:39838.367)-(t:4.394-t:1912-v:39544.28)-(t:4.396-t:1913-v:39175.022)-(t:4.397-t:1914-v:39172.885)-(t:4.398-t:1915-v:39146.261)-(t:4.398-t:1916-v:39074.602)-(t:4.399-t:1917-v:38765.879)-(t:4.400-t:1918-v:38428.689)-(t:4.400-t:1919-v:38314.393)-(t:4.402-t:1920-v:38104.688)-(t:4.404-t:1921-v:37654.48)-(t:4.405-t:1922-v:37633.205)-(t:4.417-t:1923-v:37632.704)-(t:4.418-t:1924-v:37579.57)-(t:4.419-t:1925-v:37443.752)-(t:4.420-t:1926-v:37023.002)-(t:4.421-t:1927-v:36925.454)-(t:4.423-t:1928-v:36908.373)-(t:22.549-t:22488-v:36654.721)-(t:22.551-t:22489-v:36574.951)-(t:22.552-t:22490-v:36493.742)-(t:22.553-t:22491-v:36473.122)-(t:22.555-t:22492-v:36239.202)-(t:22.557-t:22493-v:36130.042)-(t:22.561-t:22494-v:36039.457)-(t:22.563-t:22495-v:36011.57)-(t:22.567-t:22496-v:36006.687)-(t:22.569-t:22497-v:35962.817)-(t:298.974-t:337101-v:35955.041)-(t:298.978-t:337102-v:35607.588)-(t:298.981-t:337103-v:35547.864)-(t:298.982-t:337104-v:35255.213)-(t:298.985-t:337105-v:35157.665)-(t:298.987-t:337106-v:34920.877)-(t:298.990-t:337107-v:34821.614)-(t:481.272-t:544028-v:34789.688)-(t:481.276-t:544029-v:34775.825)-(t:481.276-t:544030-v:34722.691)-(t:481.277-t:544031-v:34717.587)-(t:481.277-t:544032-v:34549.191)-(t:481.279-t:544033-v:34499.851)-(t:481.280-t:544034-v:34440.488)-(t:481.280-t:544035-v:34264.116)-(t:481.281-t:544036-v:34216.043)-(t:481.282-t:544037-v:34156.036)-(t:481.283-t:544038-v:34103.565)-(t:481.284-t:544039-v:34097.615)-(t:481.284-t:544040-v:33899.35)-(t:481.285-t:544041-v:33819.535)-(t:481.288-t:544042-v:33618.913)-(t:481.291-t:544043-v:33600.63)-(t:481.294-t:544044-v:33580.835)-(t:481.298-t:544045-v:33535.069)-(t:481.302-t:544046-v:33267.185)-(t:481.303-t:544047-v:33184.574)-(t:481.305-t:544048-v:33040.945)-(t:481.308-t:544049-v:32935.367)-(t:481.310-t:544050-v:32870.053)-(t:481.314-t:544051-v:32640.296)],340.017
examples/tsp/tsplib/rat783.tsp,random,r1,900,0,58190.882,[(t:4.349-t:2218-v:71997.628)-(t:4.350-t:2219-v:70785.417)-(t:4.383-t:2220-v:70785.257)-(t:4.383-t:2221-v:70779.292)-(t:4.392-t:2222-v:69868.797)-(t:4.392-t:2223-v:69856.378)-(t:4.393-t:2224-v:69853.547)-(t:4.393-t:2225-v:69826.793)-(t:4.398-t:2226-v:69209.644)-(t:4.398-t:2227-v:69209.123)-(t:4.399-t:2228-v:69203.724)-(t:4.399-t:2229-v:69200.251)-(t:4.399-t:2230-v:69171.016)-(t:4.399-t:2231-v:69156.311)-(t:4.399-t:2232-v:69151.983)-(t:4.413-t:2233-v:69151.956)-(t:4.414-t:2234-v:69027.726)-(t:4.414-t:2235-v:69026.129)-(t:4.414-t:2236-v:69024.737)-(t:4.414-t:2237-v:69003.373)-(t:4.415-t:2238-v:69002.587)-(t:4.416-t:2239-v:69002.499)-(t:4.422-t:2240-v:68988.553)-(t:4.423-t:2241-v:68155.507)-(t:4.432-t:2242-v:68155.47)-(t:4.433-t:2243-v:68132.925)-(t:4.433-t:2244-v:68124.496)-(t:4.433-t:2245-v:68108.519)-(t:4.433-t:2246-v:68104.927)-(t:4.434-t:2247-v:68103.995)-(t:4.434-t:2248-v:68101.835)-(t:4.434-t:2249-v:68100.521)-(t:4.434-t:2250-v:68088.093)-(t:4.435-t:2251-v:68086.249)-(t:4.435-t:2252-v:68038.821)-(t:4.436-t:2253-v:68026.399)-(t:4.436-t:2254-v:68005.398)-(t:4.436-t:2255-v:68005.278)-(t:4.436-t:2256-v:68003.678)-(t:4.436-t:2257-v:68000.776)-(t:4.441-t:2258-v:68000.537)-(t:4.461-t:2259-v:67985.252)-(t:4.466-t:2260-v:67940.229)-(t:4.483-t:2261-v:67928.79)-(t:4.484-t:2262-v:67924.803)-(t:4.485-t:2263-v:67872.431)-(t:4.485-t:2264-v:67871.01)-(t:4.485-t:2265-v:67868.551)-(t:4.485-t:2266-v:67821.007)-(t:4.486-t:2267-v:67820.809)-(t:4.486-t:2268-v:67797.902)-(t:4.487-t:2269-v:67752.879)-(t:4.487-t:2270-v:67746.359)-(t:4.488-t:2271-v:67743.123)-(t:4.494-t:2272-v:67736.714)-(t:4.512-t:2273-v:67682.935)-(t:4.513-t:2274-v:67668.876)-(t:4.513-t:2275-v:67665.128)-(t:4.513-t:2276-v:67659.337)-(t:4.533-t:2277-v:67471.27)-(t:4.534-t:2278-v:67440.305)-(t:4.535-t:2279-v:67426.48)-(t:4.535-t:2280-v:67421.763)-(t:4.541-t:2281-v:67411.973)-(t:4.546-t:2282-v:67407.076)-(t:4.560-t:2283-v:67401.392)-(t:4.567-t:2284-v:67400.571)-(t:4.568-t:2285-v:67374.349)-(t:4.568-t:2286-v:67362.168)-(t:4.569-t:2287-v:67361.632)-(t:4.570-t:2288-v:67349.412)-(t:4.586-t:2289-v:67303.226)-(t:4.601-t:2290-v:67296.825)-(t:4.601-t:2291-v:67282.76)-(t:4.602-t:2292-v:67257.329)-(t:4.602-t:2293-v:67236.01)-(t:4.602-t:2294-v:67232.235)-(t:4.603-t:2295-v:67226.128)-(t:4.603-t:2296-v:67224.215)-(t:4.603-t:2297-v:67213.536)-(t:4.604-t:2298-v:67211.153)-(t:4.604-t:2299-v:67208.903)-(t:4.604-t:2300-v:67191.788)-(t:4.605-t:2301-v:67189.473)-(t:4.605-t:2302-v:67171.778)-(t:4.609-t:2303-v:67164.092)-(t:4.610-t:2304-v:67156.026)-(t:4.611-t:2305-v:67152.86)-(t:4.616-t:2306-v:67149.39)-(t:4.616-t:2307-v:67130.592)-(t:4.629-t:2308-v:67117.64)-(t:4.629-t:2309-v:67084.616)-(t:4.630-t:2310-v:67081.137)-(t:4.635-t:2311-v:67050.946)-(t:4.636-t:2312-v:67032.288)-(t:4.636-t:2313-v:67030.409)-(t:4.650-t:2314-v:66951.325)-(t:4.651-t:2315-v:66932.821)-(t:4.651-t:2316-v:66930.716)-(t:4.652-t:2317-v:66909.389)-(t:4.652-t:2318-v:66906.223)-(t:4.658-t:2319-v:66898.848)-(t:4.673-t:2320-v:66871.777)-(t:4.679-t:2321-v:66854.699)-(t:4.680-t:2322-v:66850.33)-(t:4.697-t:2323-v:66831.921)-(t:4.698-t:2324-v:66825.889)-(t:4.699-t:2325-v:66740.209)-(t:4.699-t:2326-v:66706.76)-(t:4.700-t:2327-v:66701.363)-(t:4.701-t:2328-v:66698.533)-(t:4.705-t:2329-v:66692.528)-(t:4.706-t:2330-v:66689.171)-(t:4.707-t:2331-v:66563.696)-(t:4.713-t:2332-v:66530.14)-(t:4.746-t:2333-v:66440.028)-(t:4.752-t:2334-v:66349.234)-(t:4.754-t:2335-v:66318.601)-(t:4.754-t:2336-v:66309.529)-(t:4.755-t:2337-v:66307.624)-(t:4.755-t:2338-v:66304.458)-(t:4.755-t:2339-v:66295.003)-(t:4.775-t:2340-v:66292.321)-(t:4.780-t:2341-v:66288.51)-(t:4.798-t:2342-v:66280.859)-(t:4.799-t:2343-v:66252.327)-(t:4.799-t:2344-v:66248.34)-(t:4.801-t:2345-v:66243.435)-(t:4.801-t:2346-v:66238.657)-(t:4.801-t:2347-v:66219.827)-(t:4.802-t:2348-v:66185.006)-(t:4.802-t:2349-v:66181.049)-(t:4.804-t:2350-v:66146.912)-(t:4.805-t:2351-v:66133.831)-(t:4.806-t:2352-v:66117.39)-(t:4.807-t:2353-v:66115.073)-(t:4.809-t:2354-v:66091.22)-(t:4.809-t:2355-v:66086.188)-(t:4.809-t:2356-v:66081.102)-(t:4.812-t:2357-v:66012.069)-(t:4.813-t:2358-v:65998.588)-(t:4.814-t:2359-v:65997.369)-(t:4.832-t:2360-v:65815.194)-(t:4.835-t:2361-v:65785.116)-(t:4.837-t:2362-v:65767.059)-(t:4.838-t:2363-v:65762.144)-(t:4.854-t:2364-v:65762.075)-(t:4.857-t:2365-v:65756.17)-(t:4.859-t:2366-v:65666.881)-(t:4.863-t:2367-v:65598.958)-(t:4.879-t:2368-v:65494.591)-(t:4.881-t:2369-v:65369.807)-(t:4.881-t:2370-v:65346.865)-(t:4.882-t:2371-v:65346.018)-(t:4.885-t:2372-v:65315.061)-(t:4.900-t:2373-v:65303.07)-(t:4.904-t:2374-v:65295.523)-(t:4.905-t:2375-v:65280.385)-(t:4.905-t:2376-v:65280.379)-(t:4.905-t:2377-v:65239.522)-(t:4.906-t:2378-v:65236.966)-(t:4.910-t:2379-v:65117.204)-(t:4.911-t:2380-v:65115.887)-(t:4.911-t:2381-v:65074.148)-(t:4.912-t:2382-v:65060.874)-(t:4.913-t:2383-v:65060.132)-(t:4.913-t:2384-v:65044.994)-(t:4.913-t:2385-v:65004.131)-(t:4.931-t:2386-v:64991.707)-(t:4.932-t:2387-v:64881.401)-(t:4.937-t:2388-v:64874.678)-(t:4.937-t:2389-v:64859.006)-(t:4.937-t:2390-v:64843.141)-(t:4.938-t:2391-v:64841.113)-(t:4.939-t:2392-v:64821.622)-(t:4.955-t:2393-v:64816.618)-(t:4.956-t:2394-v:64809.211)-(t:4.959-t:2395-v:64797.192)-(t:4.959-t:2396-v:64786.135)-(t:4.959-t:2397-v:64782.969)-(t:4.959-t:2398-v:64757.187)-(t:4.960-t:2399-v:64754.223)-(t:4.960-t:2400-v:64747.591)-(t:4.963-t:2401-v:64732.814)-(t:4.965-t:2402-v:64589.135)-(t:4.981-t:2403-v:64567.366)-(t:4.981-t:2404-v:64466.872)-(t:4.982-t:2405-v:64432.051)-(t:4.982-t:2406-v:64427.22)-(t:4.987-t:2407-v:64421.018)-(t:4.988-t:2408-v:64267.732)-(t:4.993-t:2409-v:64250.426)-(t:4.994-t:2410-v:64224.159)-(t:4.994-t:2411-v:64217.494)-(t:4.995-t:2412-v:64206.269)-(t:4.998-t:2413-v:64194.931)-(t:4.998-t:2414-v:64087.613)-(t:4.998-t:2415-v:64059.081)-(t:5.016-t:2416-v:64055.094)-(t:5.022-t:2417-v:64018.86)-(t:5.024-t:2418-v:63839.139)-(t:5.051-t:2419-v:63814.584)-(t:5.053-t:2420-v:63704.21)-(t:5.053-t:2421-v:63652.411)-(t:5.053-t:2422-v:63636.546)-(t:5.054-t:2423-v:63635.205)-(t:5.054-t:2424-v:63625.131)-(t:5.054-t:2425-v:63615.714)-(t:5.061-t:2426-v:63597.467)-(t:5.061-t:2427-v:63592.188)-(t:5.062-t:2428-v:63581.146)-(t:5.063-t:2429-v:63510.215)-(t:5.063-t:2430-v:63497.085)-(t:5.080-t:2431-v:63473.094)-(t:5.082-t:2432-v:63462.999)-(t:5.083-t:2433-v:63460.203)-(t:5.083-t:2434-v:63248.159)-(t:5.084-t:2435-v:63244.446)-(t:5.084-t:2436-v:63235.029)-(t:5.085-t:2437-v:63233.748)-(t:5.085-t:2438-v:63230.952)-(t:5.086-t:2439-v:63229.667)-(t:5.089-t:2440-v:63222.352)-(t:5.095-t:2441-v:63173.468)-(t:5.112-t:2442-v:62942.331)-(t:5.746-t:2620-v:62652.445)-(t:5.763-t:2621-v:62642.615)-(t:5.768-t:2622-v:62611.728)-(t:5.772-t:2623-v:62610.735)-(t:5.816-t:2624-v:62596.721)-(t:5.823-t:2625-v:62408.654)-(t:5.836-t:2626-v:62398.505)-(t:5.847-t:2627-v:62387.519)-(t:5.870-t:2628-v:62375.165)-(t:5.889-t:2629-v:62347.006)-(t:5.892-t:2630-v:62330.887)-(t:5.923-t:2631-v:62323.615)-(t:5.927-t:2632-v:62318.67)-(t:5.954-t:2633-v:62313.629)-(t:5.963-t:2634-v:62296.008)-(t:5.986-t:2635-v:62290.385)-(t:6.012-t:2636-v:62276.605)-(t:6.013-t:2637-v:62247.968)-(t:6.014-t:2638-v:62247.014)-(t:6.015-t:2639-v:62241.52)-(t:6.016-t:2640-v:62237.38)-(t:6.017-t:2641-v:62211.587)-(t:6.019-t:2642-v:62211.436)-(t:6.052-t:2643-v:62195.329)-(t:6.059-t:2644-v:62188.692)-(t:6.059-t:2645-v:62163.069)-(t:6.082-t:2646-v:62146.256)-(t:6.083-t:2647-v:62125.401)-(t:6.099-t:2648-v:62113.321)-(t:6.111-t:2649-v:62051.264)-(t:6.112-t:2650-v:62050.789)-(t:6.113-t:2651-v:62049.835)-(t:6.115-t:2652-v:62048.586)-(t:6.130-t:2653-v:62038.81)-(t:6.138-t:2654-v:62027.773)-(t:6.140-t:2655-v:62027.713)-(t:6.141-t:2656-v:62015.733)-(t:6.146-t:2657-v:61977.054)-(t:6.160-t:2658-v:61969.009)-(t:6.164-t:2659-v:61951.955)-(t:6.185-t:2660-v:61940.036)-(t:6.194-t:2661-v:61933.325)-(t:6.217-t:2662-v:61903.999)-(t:6.219-t:2663-v:61881.215)-(t:6.221-t:2664-v:61870.095)-(t:6.229-t:2665-v:61852.411)-(t:6.230-t:2666-v:61851.451)-(t:6.231-t:2667-v:61848.487)-(t:6.254-t:2668-v:61842.859)-(t:6.255-t:2669-v:61817.236)-(t:6.278-t:2670-v:61651.341)-(t:6.298-t:2671-v:61639.395)-(t:6.307-t:2672-v:61634.054)-(t:6.309-t:2673-v:61623.649)-(t:6.328-t:2674-v:61618.753)-(t:6.332-t:2675-v:61614.566)-(t:6.355-t:2676-v:61603.292)-(t:6.361-t:2677-v:61593.745)-(t:6.367-t:2678-v:61592.363)-(t:6.374-t:2679-v:61565.213)-(t:6.399-t:2680-v:61544.916)-(t:6.408-t:2681-v:61510.684)-(t:6.409-t:2682-v:61489.129)-(t:6.411-t:2683-v:61467.987)-(t:6.412-t:2684-v:61446.457)-(t:6.416-t:2685-v:61426.595)-(t:6.436-t:2686-v:61407.21)-(t:6.443-t:2687-v:61383.025)-(t:6.445-t:2688-v:61366.067)-(t:6.462-t:2689-v:61347.058)-(t:6.469-t:2690-v:61330.711)-(t:6.504-t:2691-v:61329.55)-(t:6.507-t:2692-v:61307.591)-(t:6.532-t:2693-v:61304.158)-(t:6.540-t:2694-v:61257.701)-(t:6.541-t:2695-v:61237.498)-(t:9.256-t:3598-v:61183.993)-(t:9.256-t:3599-v:61149.172)-(t:9.257-t:3600-v:61147.258)-(t:9.266-t:3601-v:61147.0)-(t:9.268-t:3602-v:61136.726)-(t:9.268-t:3603-v:61133.083)-(t:9.273-t:3604-v:61118.408)-(t:9.277-t:3605-v:61043.842)-(t:9.277-t:3606-v:61015.096)-(t:9.278-t:3607-v:60994.241)-(t:9.279-t:3608-v:60982.161)-(t:9.282-t:3609-v:60972.605)-(t:9.282-t:3610-v:60963.963)-(t:9.283-t:3611-v:60962.799)-(t:9.286-t:3612-v:60954.822)-(t:9.291-t:3613-v:60944.608)-(t:9.304-t:3614-v:60920.617)-(t:9.307-t:3615-v:60910.522)-(t:9.309-t:3616-v:60738.553)-(t:9.309-t:3617-v:60703.908)-(t:9.309-t:3618-v:60685.013)-(t:9.310-t:3619-v:60684.466)-(t:9.311-t:3620-v:60682.552)-(t:9.312-t:3621-v:60681.271)-(t:9.313-t:3622-v:60671.556)-(t:9.314-t:3623-v:60670.437)-(t:9.320-t:3624-v:60660.072)-(t:9.330-t:3625-v:60637.525)-(t:9.330-t:3626-v:60535.751)-(t:9.330-t:3627-v:60500.93)-(t:9.331-t:3628-v:60498.298)-(t:157.362-t:65210-v:60428.874)-(t:157.370-t:65211-v:60418.731)-(t:157.375-t:65212-v:60393.873)-(t:157.376-t:65213-v:60381.361)-(t:157.379-t:65214-v:60357.176)-(t:157.380-t:65215-v:60331.464)-(t:157.386-t:65216-v:60329.013)-(t:157.386-t:65217-v:60327.157)-(t:157.386-t:65218-v:60320.569)-(t:157.395-t:65219-v:60269.102)-(t:157.396-t:65220-v:60265.7)-(t:157.397-t:65221-v:60264.435)-(t:157.397-t:65222-v:60258.293)-(t:157.398-t:65223-v:60254.996)-(t:157.400-t:65224-v:60245.644)-(t:157.402-t:65225-v:60208.205)-(t:157.403-t:65226-v:60202.699)-(t:157.403-t:65227-v:60190.719)-(t:174.623-t:72247-v:60158.435)-(t:174.624-t:72248-v:60139.055)-(t:174.625-t:72249-v:60121.664)-(t:174.626-t:72250-v:60119.431)-(t:174.626-t:72251-v:60113.22)-(t:174.632-t:72252-v:60109.233)-(t:224.623-t:94218-v:60097.352)-(t:226.989-t:94950-v:60081.784)-(t:226.990-t:94951-v:60060.929)-(t:226.994-t:94952-v:60048.849)-(t:226.996-t:94953-v:60045.385)-(t:227.002-t:94954-v:60026.019)-(t:227.008-t:94955-v:59373.39)-(t:227.009-t:94956-v:59372.777)-(t:227.009-t:94957-v:59364.663)-(t:227.010-t:94958-v:59355.273)-(t:227.015-t:94959-v:59328.295)-(t:227.016-t:94960-v:59326.439)-(t:227.020-t:94961-v:59303.588)-(t:227.021-t:94962-v:59284.208)-(t:227.025-t:94963-v:59229.651)-(t:227.026-t:94964-v:59221.942)-(t:227.032-t:94965-v:59221.246)-(t:227.035-t:94966-v:59220.263)-(t:227.037-t:94967-v:59214.69)-(t:227.037-t:94968-v:59214.678)-(t:227.038-t:94969-v:59140.864)-(t:227.038-t:94970-v:59137.653)-(t:227.039-t:94971-v:59137.077)-(t:227.039-t:94972-v:59136.2)-(t:227.040-t:94973-v:59135.817)-(t:227.040-t:94974-v:59128.108)-(t:227.040-t:94975-v:59127.639)-(t:227.041-t:94976-v:59126.894)-(t:227.043-t:94977-v:59126.882)-(t:227.044-t:94978-v:59126.005)-(t:227.044-t:94979-v:59125.153)-(t:227.045-t:94980-v:59106.06)-(t:227.045-t:94981-v:59104.447)-(t:227.046-t:94982-v:59102.429)-(t:227.047-t:94983-v:59101.949)-(t:227.047-t:94984-v:59092.119)-(t:227.056-t:94985-v:58728.481)-(t:227.056-t:94986-v:58716.009)-(t:227.061-t:94987-v:58702.968)-(t:227.062-t:94988-v:58690.708)-(t:227.372-t:95296-v:58683.511)-(t:227.376-t:95297-v:58675.802)-(t:227.382-t:95298-v:58673.579)-(t:227.386-t:95299-v:58669.286)-(t:227.388-t:95300-v:58583.606)-(t:227.389-t:95301-v:58546.618)-(t:227.392-t:95302-v:58545.714)-(t:227.392-t:95303-v:58545.083)-(t:227.396-t:95304-v:58381.048)-(t:227.397-t:95305-v:58368.576)-(t:227.398-t:95306-v:58356.75)-(t:227.399-t:95307-v:58344.49)-(t:227.725-t:95607-v:58303.153)-(t:227.725-t:95608-v:58287.288)-(t:227.725-t:95609-v:58286.946)-(t:227.725-t:95610-v:58274.238)-(t:227.726-t:95611-v:58267.455)-(t:227.732-t:95612-v:58257.09)-(t:227.733-t:95613-v:58249.898)-(t:227.734-t:95614-v:58234.04)-(t:227.739-t:95615-v:58201.318)-(t:227.740-t:95616-v:58197.665)-(t:227.740-t:95617-v:58190.882)],765.706
examples/tsp/tsplib/p654.tsp,random,r1,900,0,116813.077,[(t:2.766-t:1895-v:188680.786)-(t:2.767-t:1896-v:179263.943)-(t:2.767-t:1897-v:179178.192)-(t:2.767-t:1898-v:179171.206)-(t:2.767-t:1899-v:179160.116)-(t:2.767-t:1900-v:179109.954)-(t:2.767-t:1901-v:179108.621)-(t:2.770-t:1902-v:174065.015)-(t:2.770-t:1903-v:173681.897)-(t:2.770-t:1904-v:173584.304)-(t:2.770-t:1905-v:173580.037)-(t:2.770-t:1906-v:173564.254)-(t:2.770-t:1907-v:173177.245)-(t:2.771-t:1908-v:173176.489)-(t:2.771-t:1909-v:168447.62)-(t:2.771-t:1910-v:168411.014)-(t:2.771-t:1911-v:167762.762)-(t:2.771-t:1912-v:167721.911)-(t:2.771-t:1913-v:165330.197)-(t:2.771-t:1914-v:165203.237)-(t:2.772-t:1915-v:162664.361)-(t:2.772-t:1916-v:162660.5)-(t:2.772-t:1917-v:162353.656)-(t:2.772-t:1918-v:162317.05)-(t:2.772-t:1919-v:162315.124)-(t:2.772-t:1920-v:161666.872)-(t:2.772-t:1921-v:161626.021)-(t:2.772-t:1922-v:161617.713)-(t:2.773-t:1923-v:161463.328)-(t:2.773-t:1924-v:160608.776)-(t:2.773-t:1925-v:159582.549)-(t:2.773-t:1926-v:159573.829)-(t:2.773-t:1927-v:158925.577)-(t:2.773-t:1928-v:158884.019)-(t:2.773-t:1929-v:158616.621)-(t:2.773-t:1930-v:158609.254)-(t:2.774-t:1931-v:158314.36)-(t:2.776-t:1932-v:156422.842)-(t:2.778-t:1933-v:151275.017)-(t:2.778-t:1934-v:150813.925)-(t:2.778-t:1935-v:150556.55)-(t:2.779-t:1936-v:150477.215)-(t:2.779-t:1937-v:150396.749)-(t:2.779-t:1938-v:150162.043)-(t:2.779-t:1939-v:150131.647)-(t:2.779-t:1940-v:150012.968)-(t:2.779-t:1941-v:149997.191)-(t:2.780-t:1942-v:149741.046)-(t:2.782-t:1943-v:149696.235)-(t:2.797-t:1944-v:146776.789)-(t:2.799-t:1945-v:146734.475)-(t:2.802-t:1946-v:146146.222)-(t:2.802-t:1947-v:146137.472)-(t:2.803-t:1948-v:145610.146)-(t:2.803-t:1949-v:145588.324)-(t:2.803-t:1950-v:145417.221)-(t:2.803-t:1951-v:145116.411)-(t:2.804-t:1952-v:144862.309)-(t:2.807-t:1953-v:144500.537)-(t:2.807-t:1954-v:144274.721)-(t:2.822-t:1955-v:143777.397)-(t:2.840-t:1956-v:143470.691)-(t:2.844-t:1957-v:140886.145)-(t:2.845-t:1958-v:140800.202)-(t:2.847-t:1959-v:140659.671)-(t:2.848-t:1960-v:140646.433)-(t:2.852-t:1961-v:140601.745)-(t:2.867-t:1962-v:140394.741)-(t:2.871-t:1963-v:140055.748)-(t:2.873-t:1964-v:139957.645)-(t:2.886-t:1965-v:139885.599)-(t:2.887-t:1966-v:139681.647)-(t:7.860-t:3805-v:139404.534)-(t:7.870-t:3806-v:139403.625)-(t:7.874-t:3807-v:139068.615)-(t:7.877-t:3808-v:138997.154)-(t:7.877-t:3809-v:138423.15)-(t:7.878-t:3810-v:138180.275)-(t:7.878-t:3811-v:137940.14)-(t:8.212-t:4025-v:137849.362)-(t:8.212-t:4026-v:137812.754)-(t:8.212-t:4027-v:137241.794)-(t:8.212-t:4028-v:137238.133)-(t:8.213-t:4029-v:137236.297)-(t:8.213-t:4030-v:137205.901)-(t:8.213-t:4031-v:137114.242)-(t:8.213-t:4032-v:137098.465)-(t:8.213-t:4033-v:136922.794)-(t:8.213-t:4034-v:136838.892)-(t:8.214-t:4035-v:135529.758)-(t:8.502-t:4381-v:135348.639)-(t:8.502-t:4382-v:135335.379)-(t:8.503-t:4383-v:134206.624)-(t:8.504-t:4384-v:134190.747)-(t:8.504-t:4385-v:134187.131)-(t:8.506-t:4386-v:134093.029)-(t:8.508-t:4387-v:133705.812)-(t:8.509-t:4388-v:133678.994)-(t:8.512-t:4389-v:133202.467)-(t:8.513-t:4390-v:133157.492)-(t:8.514-t:4391-v:132947.745)-(t:8.514-t:4392-v:132367.231)-(t:8.516-t:4393-v:132239.971)-(t:8.516-t:4394-v:132232.207)-(t:8.517-t:4395-v:132226.807)-(t:8.517-t:4396-v:131286.71)-(t:8.517-t:4397-v:131234.928)-(t:8.518-t:4398-v:131161.089)-(t:8.518-t:4399-v:130729.188)-(t:8.521-t:4400-v:130721.467)-(t:8.522-t:4401-v:130716.044)-(t:8.522-t:4402-v:130709.164)-(t:8.527-t:4403-v:129738.446)-(t:8.527-t:4404-v:129562.253)-(t:8.530-t:4405-v:129482.204)-(t:8.554-t:4406-v:128674.649)-(t:8.555-t:4407-v:128446.193)-(t:8.559-t:4408-v:128174.762)-(t:8.559-t:4409-v:128141.936)-(t:8.559-t:4410-v:128093.265)-(t:8.561-t:4411-v:127423.963)-(t:8.566-t:4412-v:127215.508)-(t:8.584-t:4413-v:126394.057)-(t:8.602-t:4414-v:126303.102)-(t:8.604-t:4415-v:126190.697)-(t:8.606-t:4416-v:125421.935)-(t:8.607-t:4417-v:125382.064)-(t:8.612-t:4418-v:125362.961)-(t:8.616-t:4419-v:124932.772)-(t:8.622-t:4420-v:124584.523)-(t:8.624-t:4421-v:124530.953)-(t:65.594-t:42073-v:124268.425)-(t:65.595-t:42074-v:124130.608)-(t:65.616-t:42075-v:124123.487)-(t:65.616-t:42076-v:123609.388)-(t:65.617-t:42077-v:123522.247)-(t:65.617-t:42078-v:123424.255)-(t:65.618-t:42079-v:123411.808)-(t:65.620-t:42080-v:123352.6)-(t:65.628-t:42081-v:123352.392)-(t:65.636-t:42082-v:123335.606)-(t:65.644-t:42083-v:123319.067)-(t:65.653-t:42084-v:123302.781)-(t:65.657-t:42085-v:123286.751)-(t:65.665-t:42086-v:123270.98)-(t:65.670-t:42087-v:123255.471)-(t:65.675-t:42088-v:123240.228)-(t:65.684-t:42089-v:123225.254)-(t:65.689-t:42090-v:123210.551)-(t:65.698-t:42091-v:123196.121)-(t:65.703-t:42092-v:123192.613)-(t:65.721-t:42093-v:123015.529)-(t:65.748-t:42094-v:122720.436)-(t:66.138-t:42616-v:122658.872)-(t:66.141-t:42617-v:122601.351)-(t:66.147-t:42618-v:122541.701)-(t:78.406-t:49802-v:122077.091)-(t:78.406-t:49803-v:121344.978)-(t:78.407-t:49804-v:121340.711)-(t:78.407-t:49805-v:120655.469)-(t:78.407-t:49806-v:120445.145)-(t:78.411-t:49807-v:120282.068)-(t:361.237-t:236920-v:118546.432)-(t:361.238-t:236921-v:118085.232)-(t:361.239-t:236922-v:118061.076)-(t:361.239-t:236923-v:118007.313)-(t:361.239-t:236924-v:117017.854)-(t:361.240-t:236925-v:116993.503)-(t:361.240-t:236926-v:116813.077)],637.833
examples/tsp/tsplib/gr666.tsp,random,r1,900,0,507468.133,[(t:6.390-t:1473-v:691559.681)-(t:6.390-t:1474-v:691511.054)-(t:6.390-t:1475-v:691335.672)-(t:6.391-t:1476-v:691117.703)-(t:6.391-t:1477-v:691006.568)-(t:6.395-t:1478-v:690724.208)-(t:6.402-t:1479-v:689125.64)-(t:6.403-t:1480-v:688749.651)-(t:6.403-t:1481-v:688075.548)-(t:6.403-t:1482-v:687371.481)-(t:6.403-t:1483-v:687309.448)-(t:6.404-t:1484-v:686474.207)-(t:6.404-t:1485-v:686062.508)-(t:6.404-t:1486-v:685137.713)-(t:6.404-t:1487-v:685116.604)-(t:6.404-t:1488-v:684807.667)-(t:6.407-t:1489-v:680301.913)-(t:6.408-t:1490-v:679792.549)-(t:6.408-t:1491-v:679751.968)-(t:6.409-t:1492-v:679039.474)-(t:6.409-t:1493-v:678765.812)-(t:6.411-t:1494-v:676901.85)-(t:6.411-t:1495-v:676739.412)-(t:6.413-t:1496-v:673664.844)-(t:6.413-t:1497-v:672817.496)-(t:6.413-t:1498-v:672470.844)-(t:6.414-t:1499-v:672445.483)-(t:6.414-t:1500-v:671372.149)-(t:6.414-t:1501-v:670969.34)-(t:6.414-t:1502-v:670935.611)-(t:6.414-t:1503-v:668598.549)-(t:6.416-t:1504-v:668106.888)-(t:6.416-t:1505-v:667798.159)-(t:6.653-t:1622-v:666083.757)-(t:6.654-t:1623-v:665596.492)-(t:6.654-t:1624-v:664814.345)-(t:6.654-t:1625-v:663665.664)-(t:6.654-t:1626-v:663322.976)-(t:6.655-t:1627-v:660733.124)-(t:6.656-t:1628-v:659175.586)-(t:6.656-t:1629-v:658773.374)-(t:6.667-t:1630-v:657244.093)-(t:6.669-t:1631-v:655853.018)-(t:6.670-t:1632-v:655289.867)-(t:6.672-t:1633-v:654985.955)-(t:6.673-t:1634-v:654733.39)-(t:6.674-t:1635-v:654411.931)-(t:6.674-t:1636-v:653301.941)-(t:6.675-t:1637-v:652899.729)-(t:6.676-t:1638-v:652062.309)-(t:6.695-t:1639-v:651282.443)-(t:6.696-t:1640-v:651029.977)-(t:6.697-t:1641-v:649078.368)-(t:6.700-t:1642-v:648681.288)-(t:6.701-t:1643-v:648665.9)-(t:6.703-t:1644-v:648245.199)-(t:6.705-t:1645-v:647784.34)-(t:6.707-t:1646-v:647515.444)-(t:6.708-t:1647-v:647299.036)-(t:6.716-t:1648-v:647283.166)-(t:6.731-t:1649-v:646703.633)-(t:6.733-t:1650-v:646313.661)-(t:6.737-t:1651-v:646171.636)-(t:6.739-t:1652-v:646009.198)-(t:6.743-t:1653-v:644892.877)-(t:6.744-t:1654-v:644649.373)-(t:6.777-t:1655-v:644436.731)-(t:6.778-t:1656-v:644131.194)-(t:6.796-t:1657-v:643629.054)-(t:6.797-t:1658-v:643269.081)-(t:6.826-t:1659-v:642953.656)-(t:6.945-t:1660-v:642780.432)-(t:7.020-t:1661-v:642552.163)-(t:7.022-t:1662-v:642181.194)-(t:7.097-t:1663-v:641384.302)-(t:7.182-t:1664-v:638697.416)-(t:8.194-t:2013-v:636869.605)-(t:8.195-t:2014-v:636224.544)-(t:8.214-t:2015-v:635615.251)-(t:8.247-t:2016-v:635433.763)-(t:8.271-t:2017-v:634959.594)-(t:8.298-t:2018-v:633812.844)-(t:8.323-t:2019-v:627663.238)-(t:8.350-t:2020-v:625987.508)-(t:8.371-t:2021-v:624512.079)-(t:8.398-t:2022-v:623260.347)-(t:8.410-t:2023-v:619004.681)-(t:8.456-t:2024-v:618456.742)-(t:8.488-t:2025-v:617760.077)-(t:8.511-t:2026-v:617676.746)-(t:8.525-t:2027-v:604358.754)-(t:8.525-t:2028-v:604133.986)-(t:8.998-t:2148-v:604098.887)-(t:9.010-t:2149-v:603674.501)-(t:11.391-t:2448-v:602743.08)-(t:11.402-t:2449-v:602193.758)-(t:11.424-t:2450-v:601540.961)-(t:15.815-t:2895-v:600741.593)-(t:15.826-t:2896-v:600324.834)-(t:15.853-t:2897-v:592519.099)-(t:15.863-t:2898-v:592085.253)-(t:15.889-t:2899-v:591730.738)-(t:15.900-t:2900-v:591393.225)-(t:15.928-t:2901-v:582372.1)-(t:19.001-t:3282-v:581777.005)-(t:29.264-t:4744-v:578770.906)-(t:29.269-t:4745-v:578610.876)-(t:29.273-t:4746-v:577544.143)-(t:29.273-t:4747-v:577300.639)-(t:29.286-t:4748-v:576149.881)-(t:29.400-t:4955-v:575530.591)-(t:29.400-t:4956-v:575212.025)-(t:29.400-t:4957-v:575162.863)-(t:29.401-t:4958-v:573901.498)-(t:29.401-t:4959-v:573316.643)-(t:29.401-t:4960-v:573111.802)-(t:29.402-t:4961-v:573101.718)-(t:29.402-t:4962-v:572800.241)-(t:29.402-t:4963-v:572501.965)-(t:29.403-t:4964-v:572443.98)-(t:29.403-t:4965-v:572099.934)-(t:29.403-t:4966-v:572069.293)-(t:29.403-t:4967-v:571519.219)-(t:29.404-t:4968-v:571381.398)-(t:29.404-t:4969-v:570799.315)-(t:29.408-t:4970-v:570610.515)-(t:29.412-t:4971-v:569469.009)-(t:29.412-t:4972-v:569163.472)-(t:29.425-t:4973-v:566808.061)-(t:29.426-t:4974-v:566356.758)-(t:29.426-t:4975-v:566246.722)-(t:29.548-t:5166-v:564093.729)-(t:33.584-t:5759-v:562530.002)-(t:49.807-t:8172-v:562112.796)-(t:49.807-t:8173-v:561950.358)-(t:49.808-t:8174-v:561848.009)-(t:49.809-t:8175-v:560801.115)-(t:49.810-t:8176-v:560774.543)-(t:49.833-t:8177-v:557303.877)-(t:49.848-t:8178-v:555858.112)-(t:49.849-t:8179-v:555741.802)-(t:49.849-t:8180-v:555019.432)-(t:49.850-t:8181-v:554751.56)-(t:49.850-t:8182-v:554742.733)-(t:49.850-t:8183-v:554687.551)-(t:49.868-t:8184-v:554301.665)-(t:49.894-t:8185-v:554205.825)-(t:49.895-t:8186-v:554178.691)-(t:103.358-t:16896-v:551414.067)-(t:103.363-t:16897-v:551396.405)-(t:103.369-t:16898-v:546883.937)-(t:103.381-t:16899-v:544518.359)-(t:103.390-t:16900-v:544470.943)-(t:103.405-t:16901-v:543655.271)-(t:103.416-t:16902-v:542983.355)-(t:103.425-t:16903-v:542903.173)-(t:103.442-t:16904-v:542812.509)-(t:103.457-t:16905-v:542621.789)-(t:103.466-t:16906-v:542342.578)-(t:103.475-t:16907-v:542003.016)-(t:103.485-t:16908-v:541961.206)-(t:103.502-t:16909-v:541487.242)-(t:103.511-t:16910-v:541191.8)-(t:103.520-t:16911-v:541136.949)-(t:103.536-t:16912-v:540791.667)-(t:103.546-t:16913-v:540688.091)-(t:103.563-t:16914-v:540603.546)-(t:103.573-t:16915-v:537287.623)-(t:103.590-t:16916-v:537266.735)-(t:103.608-t:16917-v:536962.128)-(t:103.625-t:16918-v:536929.659)-(t:103.642-t:16919-v:536830.983)-(t:103.652-t:16920-v:536801.963)-(t:103.670-t:16921-v:536788.081)-(t:103.680-t:16922-v:536642.371)-(t:103.697-t:16923-v:536602.991)-(t:103.714-t:16924-v:536478.683)-(t:103.732-t:16925-v:536392.171)-(t:103.749-t:16926-v:536200.138)-(t:103.760-t:16927-v:536165.749)-(t:103.770-t:16928-v:536115.049)-(t:103.789-t:16929-v:536103.106)-(t:103.807-t:16930-v:535889.501)-(t:103.819-t:16931-v:535869.785)-(t:103.830-t:16932-v:535710.829)-(t:103.850-t:16933-v:533954.515)-(t:103.867-t:16934-v:530639.438)-(t:103.879-t:16935-v:530218.741)-(t:103.890-t:16936-v:525964.496)-(t:103.910-t:16937-v:525252.673)-(t:103.921-t:16938-v:523742.332)-(t:103.940-t:16939-v:508692.87)-(t:113.627-t:18081-v:508654.264)-(t:328.652-t:52122-v:508005.949)-(t:334.932-t:52873-v:507468.133)],387.704
examples/tsp/tsplib/kroD100.tsp,random,r1,900,0,36900.241,[(t:0.994-t:307-v:117859.593)-(t:0.995-t:308-v:117670.985)-(t:0.995-t:309-v:117607.941)-(t:0.996-t:310-v:117482.197)-(t:0.996-t:311-v:117114.691)-(t:1.006-t:312-v:116400.701)-(t:1.007-t:313-v:115869.171)-(t:1.008-t:314-v:115838.567)-(t:1.010-t:315-v:115382.058)-(t:1.010-t:316-v:115364.59)-(t:1.011-t:317-v:115193.055)-(t:1.012-t:318-v:114998.417)-(t:1.013-t:319-v:114821.196)-(t:1.014-t:320-v:114796.053)-(t:1.015-t:321-v:113763.385)-(t:1.030-t:322-v:113505.489)-(t:1.032-t:323-v:113496.687)-(t:1.034-t:324-v:113392.677)-(t:1.034-t:325-v:113256.629)-(t:1.035-t:326-v:113091.243)-(t:1.036-t:327-v:113011.528)-(t:1.042-t:328-v:112973.059)-(t:1.042-t:329-v:112956.966)-(t:1.042-t:330-v:112681.742)-(t:1.043-t:331-v:112200.092)-(t:1.043-t:332-v:112189.318)-(t:1.056-t:333-v:112012.66)-(t:1.058-t:334-v:110498.768)-(t:1.059-t:335-v:110471.686)-(t:1.060-t:336-v:110436.328)-(t:1.061-t:337-v:110425.299)-(t:1.061-t:338-v:110410.737)-(t:1.061-t:339-v:110376.103)-(t:1.062-t:340-v:110350.325)-(t:1.062-t:341-v:110329.812)-(t:1.063-t:342-v:110292.821)-(t:1.063-t:343-v:109911.571)-(t:1.063-t:344-v:109808.66)-(t:1.065-t:345-v:109744.121)-(t:1.065-t:346-v:109710.421)-(t:1.066-t:347-v:109449.254)-(t:1.079-t:348-v:109438.48)-(t:1.080-t:349-v:109423.541)-(t:1.082-t:350-v:109114.898)-(t:1.082-t:351-v:109009.538)-(t:1.085-t:352-v:108192.068)-(t:1.087-t:353-v:107927.218)-(t:1.088-t:354-v:107838.179)-(t:1.090-t:355-v:107593.545)-(t:1.093-t:356-v:107377.863)-(t:1.094-t:357-v:107193.258)-(t:1.096-t:358-v:107147.69)-(t:1.096-t:359-v:107090.216)-(t:1.105-t:360-v:106690.158)-(t:1.109-t:361-v:106417.295)-(t:1.110-t:362-v:106415.712)-(t:1.111-t:363-v:106132.862)-(t:1.113-t:364-v:105945.775)-(t:1.114-t:365-v:105706.759)-(t:1.114-t:366-v:105621.978)-(t:1.129-t:367-v:105257.288)-(t:1.132-t:368-v:105098.034)-(t:1.133-t:369-v:105088.457)-(t:1.134-t:370-v:104948.124)-(t:1.135-t:371-v:104849.417)-(t:1.135-t:372-v:104100.501)-(t:1.136-t:373-v:103041.145)-(t:1.137-t:374-v:102936.285)-(t:1.145-t:375-v:102668.984)-(t:1.147-t:376-v:102664.563)-(t:1.149-t:377-v:102582.845)-(t:1.157-t:378-v:102454.673)-(t:1.158-t:379-v:101678.508)-(t:1.159-t:380-v:101592.891)-(t:1.168-t:381-v:100597.303)-(t:1.168-t:382-v:99044.81)-(t:1.182-t:383-v:99009.452)-(t:1.184-t:384-v:98946.789)-(t:1.185-t:385-v:98830.004)-(t:1.187-t:386-v:98818.773)-(t:1.189-t:387-v:98202.752)-(t:1.190-t:388-v:97835.499)-(t:1.192-t:389-v:97438.773)-(t:1.193-t:390-v:96778.019)-(t:1.194-t:391-v:96669.486)-(t:1.195-t:392-v:96379.35)-(t:1.196-t:393-v:96281.68)-(t:1.198-t:394-v:95936.301)-(t:1.218-t:395-v:94186.933)-(t:1.220-t:396-v:94064.327)-(t:1.221-t:397-v:92376.009)-(t:1.221-t:398-v:92127.478)-(t:1.221-t:399-v:91900.209)-(t:1.222-t:400-v:91343.346)-(t:1.222-t:401-v:91206.319)-(t:1.222-t:402-v:91185.368)-(t:1.225-t:403-v:91140.09)-(t:1.228-t:404-v:89082.1)-(t:1.242-t:405-v:88792.613)-(t:1.243-t:406-v:88773.76)-(t:1.244-t:407-v:88698.932)-(t:1.246-t:408-v:88597.598)-(t:1.247-t:409-v:88556.897)-(t:1.248-t:410-v:88223.234)-(t:1.248-t:411-v:88153.236)-(t:1.248-t:412-v:88075.904)-(t:1.250-t:413-v:87950.929)-(t:1.255-t:414-v:87739.192)-(t:1.258-t:415-v:85907.44)-(t:1.270-t:416-v:85756.298)-(t:1.270-t:417-v:85637.103)-(t:1.270-t:418-v:85494.419)-(t:1.271-t:419-v:83806.101)-(t:1.271-t:420-v:83538.855)-(t:1.272-t:421-v:83495.223)-(t:1.272-t:422-v:83355.569)-(t:1.288-t:423-v:83283.931)-(t:1.289-t:424-v:83266.331)-(t:1.291-t:425-v:83147.06)-(t:1.291-t:426-v:82830.545)-(t:1.292-t:427-v:82776.196)-(t:1.292-t:428-v:82741.617)-(t:1.292-t:429-v:82738.802)-(t:1.294-t:430-v:82643.759)-(t:1.295-t:431-v:82478.503)-(t:1.295-t:432-v:82472.446)-(t:1.297-t:433-v:82453.366)-(t:1.299-t:434-v:82385.799)-(t:1.300-t:435-v:82120.838)-(t:1.302-t:436-v:82079.742)-(t:1.303-t:437-v:81989.32)-(t:1.309-t:438-v:81914.387)-(t:1.312-t:439-v:81820.854)-(t:1.313-t:440-v:81714.096)-(t:1.329-t:441-v:81610.389)-(t:1.330-t:442-v:81566.889)-(t:1.333-t:443-v:81349.855)-(t:1.334-t:444-v:81222.138)-(t:1.335-t:445-v:81119.407)-(t:1.342-t:446-v:80871.814)-(t:1.344-t:447-v:80860.636)-(t:1.348-t:448-v:80806.704)-(t:1.349-t:449-v:80795.239)-(t:1.359-t:450-v:79642.796)-(t:1.359-t:451-v:79233.451)-(t:1.373-t:452-v:79136.194)-(t:1.374-t:453-v:78998.279)-(t:1.376-t:454-v:78724.416)-(t:1.376-t:455-v:78634.432)-(t:1.378-t:456-v:78183.048)-(t:1.379-t:457-v:77707.169)-(t:1.380-t:458-v:77593.315)-(t:1.380-t:459-v:77551.697)-(t:1.381-t:460-v:76839.285)-(t:1.381-t:461-v:76526.452)-(t:1.382-t:462-v:76425.476)-(t:1.384-t:463-v:76425.118)-(t:1.385-t:464-v:76155.448)-(t:1.387-t:465-v:75952.379)-(t:1.387-t:466-v:75908.822)-(t:1.400-t:467-v:75301.333)-(t:1.401-t:468-v:75230.991)-(t:1.405-t:469-v:75096.799)-(t:1.422-t:470-v:74802.597)-(t:1.428-t:471-v:74554.501)-(t:1.429-t:472-v:74141.274)-(t:1.432-t:473-v:73737.217)-(t:1.433-t:474-v:73735.616)-(t:1.449-t:475-v:73620.785)-(t:1.455-t:476-v:73409.613)-(t:1.456-t:477-v:73351.511)-(t:1.459-t:478-v:73326.167)-(t:1.459-t:479-v:73320.11)-(t:1.463-t:480-v:73155.58)-(t:1.481-t:481-v:72851.359)-(t:1.483-t:482-v:71725.443)-(t:1.484-t:483-v:71609.33)-(t:1.485-t:484-v:71583.401)-(t:1.498-t:485-v:71487.26)-(t:1.501-t:486-v:71409.166)-(t:1.505-t:487-v:71251.119)-(t:1.507-t:488-v:70618.235)-(t:1.511-t:489-v:70435.474)-(t:1.529-t:490-v:70130.943)-(t:1.532-t:491-v:70011.333)-(t:1.536-t:492-v:69964.982)-(t:1.541-t:493-v:69777.782)-(t:1.545-t:494-v:69593.499)-(t:1.548-t:495-v:69515.501)-(t:1.549-t:496-v:69361.567)-(t:1.569-t:497-v:69009.954)-(t:1.573-t:498-v:68893.987)-(t:1.577-t:499-v:68555.769)-(t:1.579-t:500-v:68277.671)-(t:1.583-t:501-v:68249.797)-(t:1.584-t:502-v:68145.559)-(t:1.584-t:503-v:68083.686)-(t:1.585-t:504-v:68019.677)-(t:1.602-t:505-v:67968.799)-(t:1.622-t:506-v:66838.015)-(t:1.626-t:507-v:65907.856)-(t:1.627-t:508-v:65645.472)-(t:1.630-t:509-v:65512.407)-(t:1.630-t:510-v:65365.578)-(t:1.632-t:511-v:65310.413)-(t:1.633-t:512-v:65170.799)-(t:1.635-t:513-v:65169.503)-(t:1.637-t:514-v:65102.841)-(t:1.639-t:515-v:64922.89)-(t:1.641-t:516-v:64844.892)-(t:1.651-t:517-v:64668.857)-(t:1.658-t:518-v:64114.109)-(t:1.675-t:519-v:63968.794)-(t:1.679-t:520-v:63747.126)-(t:1.681-t:521-v:63344.691)-(t:1.682-t:522-v:63309.649)-(t:1.684-t:523-v:63306.406)-(t:1.684-t:524-v:63300.349)-(t:1.685-t:525-v:63116.205)-(t:1.696-t:526-v:62931.922)-(t:1.698-t:527-v:62853.924)-(t:1.707-t:528-v:62703.369)-(t:1.710-t:529-v:62126.63)-(t:1.713-t:530-v:62100.695)-(t:1.716-t:531-v:62089.463)-(t:1.736-t:532-v:61979.892)-(t:1.738-t:533-v:61838.204)-(t:1.739-t:534-v:61290.684)-(t:1.740-t:535-v:61277.568)-(t:1.742-t:536-v:60402.123)-(t:1.744-t:537-v:57555.407)-(t:1.747-t:538-v:57490.625)-(t:1.757-t:539-v:57096.808)-(t:1.773-t:540-v:56249.595)-(t:1.774-t:541-v:56239.806)-(t:1.775-t:542-v:55930.818)-(t:1.780-t:543-v:55929.198)-(t:1.784-t:544-v:55870.379)-(t:1.787-t:545-v:55756.475)-(t:1.790-t:546-v:55711.609)-(t:1.807-t:547-v:55601.321)-(t:1.809-t:548-v:55568.044)-(t:1.810-t:549-v:55527.696)-(t:1.812-t:550-v:55524.071)-(t:1.813-t:551-v:55489.029)-(t:1.814-t:552-v:55483.269)-(t:1.832-t:553-v:55393.65)-(t:1.835-t:554-v:55320.514)-(t:1.837-t:555-v:55280.048)-(t:1.840-t:556-v:55160.327)-(t:1.851-t:557-v:53698.263)-(t:1.853-t:558-v:53196.631)-(t:1.869-t:559-v:52274.594)-(t:1.872-t:560-v:51436.142)-(t:1.873-t:561-v:51411.345)-(t:1.875-t:562-v:50182.217)-(t:1.879-t:563-v:49867.911)-(t:1.894-t:564-v:49861.024)-(t:1.896-t:565-v:49736.983)-(t:2.476-t:711-v:49635.081)-(t:2.483-t:712-v:49633.078)-(t:2.489-t:713-v:49447.288)-(t:2.511-t:714-v:49420.782)-(t:2.528-t:715-v:49405.604)-(t:2.554-t:716-v:48937.344)-(t:2.555-t:717-v:48856.081)-(t:3.153-t:844-v:48764.649)-(t:3.157-t:845-v:48758.889)-(t:3.174-t:846-v:48725.708)-(t:3.178-t:847-v:48630.613)-(t:3.510-t:1009-v:48625.202)-(t:3.510-t:1010-v:48553.449)-(t:3.510-t:1011-v:48531.226)-(t:3.511-t:1012-v:48192.762)-(t:3.511-t:1013-v:47974.425)-(t:3.511-t:1014-v:47777.468)-(t:3.512-t:1015-v:47694.186)-(t:3.512-t:1016-v:47681.309)-(t:3.514-t:1017-v:47041.665)-(t:3.515-t:1018-v:46969.855)-(t:3.728-t:1119-v:46571.128)-(t:3.730-t:1120-v:46353.798)-(t:3.730-t:1121-v:46213.183)-(t:3.733-t:1122-v:45991.219)-(t:3.734-t:1123-v:45979.847)-(t:3.749-t:1124-v:45719.899)-(t:3.751-t:1125-v:45609.539)-(t:3.752-t:1126-v:45322.448)-(t:6.363-t:3357-v:45205.151)-(t:6.365-t:3358-v:44588.042)-(t:6.365-t:3359-v:44580.611)-(t:6.368-t:3360-v:44067.915)-(t:6.369-t:3361-v:43799.209)-(t:6.369-t:3362-v:43675.05)-(t:6.369-t:3363-v:42726.567)-(t:6.376-t:3364-v:42444.389)-(t:7.285-t:4475-v:42324.846)-(t:7.286-t:4476-v:42311.076)-(t:7.286-t:4477-v:42235.764)-(t:7.286-t:4478-v:42150.32)-(t:7.289-t:4479-v:41472.962)-(t:7.289-t:4480-v:41340.255)-(t:10.566-t:8485-v:41181.469)-(t:19.886-t:19382-v:41022.972)-(t:19.888-t:19383-v:41018.227)-(t:19.889-t:19384-v:40965.753)-(t:19.890-t:19385-v:40594.989)-(t:19.891-t:19386-v:40587.935)-(t:19.893-t:19387-v:40428.844)-(t:19.895-t:19388-v:40418.318)-(t:19.899-t:19389-v:40197.485)-(t:19.901-t:19390-v:40113.51)-(t:19.903-t:19391-v:40009.568)-(t:19.905-t:19392-v:40005.238)-(t:19.907-t:19393-v:39986.614)-(t:19.910-t:19394-v:39973.737)-(t:20.027-t:19510-v:39182.475)-(t:20.028-t:19511-v:38650.994)-(t:20.032-t:19512-v:38552.455)-(t:20.036-t:19513-v:38480.318)-(t:20.037-t:19514-v:38298.029)-(t:20.040-t:19515-v:38292.269)-(t:20.040-t:19516-v:38248.637)-(t:20.040-t:19517-v:38215.104)-(t:20.045-t:19518-v:38200.579)-(t:33.186-t:35582-v:38092.851)-(t:133.662-t:157488-v:37792.962)-(t:133.664-t:157489-v:37767.328)-(t:133.667-t:157490-v:37717.319)-(t:133.669-t:157491-v:37573.056)-(t:133.670-t:157492-v:37399.227)-(t:133.671-t:157493-v:37089.488)-(t:133.673-t:157494-v:37032.039)-(t:133.680-t:157495-v:36900.241)],384.928
examples/tsp/tsplib/pr76.tsp,random,r1,900,0,148381.42,[(t:0.796-t:236-v:203746.039)-(t:0.797-t:237-v:203539.692)-(t:0.798-t:238-v:201795.258)-(t:0.799-t:239-v:200363.675)-(t:0.801-t:240-v:197612.637)-(t:0.801-t:241-v:192193.353)-(t:0.802-t:242-v:190997.938)-(t:0.803-t:243-v:190554.19)-(t:0.804-t:244-v:190133.548)-(t:0.805-t:245-v:188366.83)-(t:0.807-t:246-v:187968.895)-(t:0.807-t:247-v:186526.404)-(t:0.811-t:248-v:185572.476)-(t:0.818-t:249-v:184854.349)-(t:0.841-t:250-v:184824.297)-(t:0.866-t:251-v:184728.91)-(t:0.867-t:252-v:182542.003)-(t:2.952-t:1948-v:181214.918)-(t:2.952-t:1949-v:181067.735)-(t:2.952-t:1950-v:180045.654)-(t:2.952-t:1951-v:179932.804)-(t:2.953-t:1952-v:179411.963)-(t:2.953-t:1953-v:179050.1)-(t:2.954-t:1954-v:179010.897)-(t:2.954-t:1955-v:177843.053)-(t:2.954-t:1956-v:177679.19)-(t:2.955-t:1957-v:176867.626)-(t:2.955-t:1958-v:176427.315)-(t:2.956-t:1959-v:174616.424)-(t:2.957-t:1960-v:174265.309)-(t:2.957-t:1961-v:172064.72)-(t:2.957-t:1962-v:172062.005)-(t:2.957-t:1963-v:171872.788)-(t:2.957-t:1964-v:171647.068)-(t:2.957-t:1965-v:171481.615)-(t:3.904-t:3981-v:169730.317)-(t:3.904-t:3982-v:166445.566)-(t:3.905-t:3983-v:165771.824)-(t:4.147-t:4618-v:165526.452)-(t:4.148-t:4619-v:165480.229)-(t:4.162-t:4620-v:164889.591)-(t:4.162-t:4621-v:164230.066)-(t:7.590-t:12665-v:163954.093)-(t:7.591-t:12666-v:163480.077)-(t:7.591-t:12667-v:163128.962)-(t:7.591-t:12668-v:161152.874)-(t:7.591-t:12669-v:160941.357)-(t:7.591-t:12670-v:160939.693)-(t:7.592-t:12671-v:160865.443)-(t:7.592-t:12672-v:160663.521)-(t:7.593-t:12673-v:160267.332)-(t:7.593-t:12674-v:160055.815)-(t:7.594-t:12675-v:159972.095)-(t:12.688-t:30193-v:159137.988)-(t:53.722-t:165015-v:158622.908)-(t:53.723-t:165016-v:158168.699)-(t:53.725-t:165017-v:157708.483)-(t:53.726-t:165018-v:157098.591)-(t:53.726-t:165019-v:154566.401)-(t:63.504-t:197419-v:153822.78)-(t:63.504-t:197420-v:153489.878)-(t:63.505-t:197421-v:151300.26)-(t:469.365-t:1537680-v:151087.312)-(t:469.366-t:1537681-v:149068.808)-(t:469.369-t:1537682-v:148902.261)-(t:469.369-t:1537683-v:148381.42)],253.481
examples/tsp/tsplib/gr666.tsp,roundrobin,r1,900,0,483369.347,[(t:5.798-t:1507-v:611858.923)-(t:5.798-t:1508-v:589386.087)-(t:5.798-t:1509-v:589230.426)-(t:5.798-t:1510-v:588854.437)-(t:5.801-t:1511-v:587627.787)-(t:5.801-t:1512-v:575764.157)-(t:5.801-t:1513-v:575754.67)-(t:5.801-t:1514-v:574479.056)-(t:5.801-t:1515-v:574067.357)-(t:5.801-t:1516-v:573658.474)-(t:5.802-t:1517-v:573256.262)-(t:5.804-t:1518-v:564199.495)-(t:5.807-t:1519-v:562847.288)-(t:5.812-t:1520-v:561974.594)-(t:5.817-t:1521-v:559722.914)-(t:5.826-t:1522-v:559156.688)-(t:5.834-t:1523-v:551354.278)-(t:5.841-t:1524-v:548895.647)-(t:5.852-t:1525-v:547810.985)-(t:5.860-t:1526-v:547291.522)-(t:5.868-t:1527-v:546440.651)-(t:5.868-t:1528-v:546111.673)-(t:5.868-t:1529-v:543561.034)-(t:5.869-t:1530-v:543560.409)-(t:5.869-t:1531-v:540795.967)-(t:5.870-t:1532-v:535804.561)-(t:5.884-t:1533-v:534173.13)-(t:5.888-t:1534-v:526952.342)-(t:12.131-t:2607-v:525074.676)-(t:13.996-t:2820-v:521110.776)-(t:14.001-t:2821-v:517736.766)-(t:14.014-t:2822-v:517341.274)-(t:14.026-t:2823-v:515943.614)-(t:14.038-t:2824-v:515720.815)-(t:14.050-t:2825-v:515149.441)-(t:14.064-t:2826-v:515006.736)-(t:14.081-t:2827-v:513329.689)-(t:14.098-t:2828-v:513297.22)-(t:14.117-t:2829-v:513234.382)-(t:14.134-t:2830-v:513187.162)-(t:14.151-t:2831-v:512423.19)-(t:14.169-t:2832-v:511770.748)-(t:14.191-t:2833-v:511391.473)-(t:14.211-t:2834-v:511123.453)-(t:14.233-t:2835-v:507333.194)-(t:27.989-t:5167-v:505718.82)-(t:28.004-t:5168-v:505710.46)-(t:52.858-t:9706-v:499398.284)-(t:53.670-t:9830-v:497741.24)-(t:53.693-t:9831-v:495604.79)-(t:53.701-t:9832-v:493762.633)-(t:53.724-t:9833-v:493472.395)-(t:104.483-t:18025-v:491116.163)-(t:104.495-t:18026-v:488975.103)-(t:104.520-t:18027-v:488940.728)-(t:104.540-t:18028-v:488616.611)-(t:104.565-t:18029-v:483369.347)],357.591
examples/tsp/tsplib/gr24.tsp,bestslopefirst,r1,900,0,1272.0,[(t:0.487-t:62-v:2057.0)-(t:0.499-t:63-v:2012.0)-(t:0.503-t:64-v:1988.0)-(t:0.505-t:65-v:1944.0)-(t:0.508-t:66-v:1812.0)-(t:0.509-t:67-v:1725.0)-(t:0.509-t:68-v:1718.0)-(t:0.510-t:69-v:1711.0)-(t:0.512-t:70-v:1706.0)-(t:0.513-t:71-v:1648.0)-(t:0.527-t:72-v:1644.0)-(t:0.528-t:73-v:1638.0)-(t:0.529-t:74-v:1598.0)-(t:0.532-t:75-v:1596.0)-(t:0.535-t:76-v:1521.0)-(t:1.250-t:297-v:1465.0)-(t:1.252-t:298-v:1434.0)-(t:1.254-t:299-v:1423.0)-(t:1.271-t:300-v:1377.0)-(t:1.272-t:301-v:1375.0)-(t:1.274-t:302-v:1363.0)-(t:2.359-t:1024-v:1360.0)-(t:2.360-t:1025-v:1339.0)-(t:2.361-t:1026-v:1331.0)-(t:2.361-t:1027-v:1321.0)-(t:2.441-t:1101-v:1300.0)-(t:2.683-t:1399-v:1285.0)-(t:2.683-t:1400-v:1279.0)-(t:3.043-t:1867-v:1272.0)],0.703
examples/tsp/tsplib/pr226.tsp,random,r1,900,0,139031.429,[(t:1.221-t:696-v:401325.296)-(t:1.222-t:697-v:401282.74)-(t:1.222-t:698-v:393657.254)-(t:1.223-t:699-v:393539.02)-(t:1.223-t:700-v:393421.01)-(t:1.223-t:701-v:393061.511)-(t:1.224-t:702-v:392461.511)-(t:1.224-t:703-v:392101.219)-(t:1.225-t:704-v:372886.88)-(t:1.225-t:705-v:372748.734)-(t:1.225-t:706-v:372660.259)-(t:1.225-t:707-v:372548.491)-(t:1.226-t:708-v:372373.433)-(t:1.226-t:709-v:372336.738)-(t:1.234-t:710-v:372143.083)-(t:1.235-t:711-v:372025.073)-(t:1.235-t:712-v:371993.801)-(t:1.236-t:713-v:371950.64)-(t:1.236-t:714-v:371923.538)-(t:1.237-t:715-v:371489.879)-(t:1.237-t:716-v:371334.024)-(t:1.238-t:717-v:362180.458)-(t:1.238-t:718-v:362030.566)-(t:1.238-t:719-v:361474.282)-(t:1.239-t:720-v:361210.853)-(t:1.239-t:721-v:361114.192)-(t:1.240-t:722-v:359454.376)-(t:1.240-t:723-v:342822.213)-(t:1.241-t:724-v:342663.247)-(t:1.241-t:725-v:342488.189)-(t:1.242-t:726-v:342382.558)-(t:1.247-t:727-v:342182.766)-(t:1.248-t:728-v:341997.101)-(t:1.248-t:729-v:341960.406)-(t:1.248-t:730-v:341929.134)-(t:1.249-t:731-v:341885.973)-(t:1.252-t:732-v:341587.292)-(t:1.268-t:733-v:341350.227)-(t:1.269-t:734-v:341193.01)-(t:1.269-t:735-v:341141.175)-(t:1.270-t:736-v:341055.001)-(t:1.271-t:737-v:340755.001)-(t:1.271-t:738-v:340619.923)-(t:1.277-t:739-v:340497.123)-(t:1.279-t:740-v:330996.384)-(t:1.279-t:741-v:330797.123)-(t:1.279-t:742-v:330519.483)-(t:1.283-t:743-v:330462.906)-(t:1.284-t:744-v:330262.906)-(t:1.285-t:745-v:329771.818)-(t:1.285-t:746-v:329571.818)-(t:1.286-t:747-v:329540.546)-(t:1.286-t:748-v:329397.385)-(t:1.287-t:749-v:329108.251)-(t:1.287-t:750-v:329071.556)-(t:1.288-t:751-v:329040.284)-(t:1.288-t:752-v:328940.546)-(t:1.289-t:753-v:328697.123)-(t:1.289-t:754-v:328397.123)-(t:1.305-t:755-v:328319.923)-(t:1.312-t:756-v:311902.476)-(t:1.312-t:757-v:311823.879)-(t:1.312-t:758-v:311668.599)-(t:1.312-t:759-v:311592.308)-(t:1.313-t:760-v:311486.677)-(t:1.313-t:761-v:311465.786)-(t:1.313-t:762-v:311286.885)-(t:1.313-t:763-v:311110.714)-(t:1.314-t:764-v:311074.734)-(t:1.314-t:765-v:311017.11)-(t:1.314-t:766-v:310637.667)-(t:1.315-t:767-v:310288.378)-(t:1.331-t:768-v:310204.977)-(t:1.332-t:769-v:310081.008)-(t:1.333-t:770-v:309896.722)-(t:1.333-t:771-v:309554.046)-(t:1.334-t:772-v:309517.351)-(t:1.334-t:773-v:309486.079)-(t:1.335-t:774-v:309442.918)-(t:1.343-t:775-v:308916.541)-(t:1.365-t:776-v:308906.167)-(t:1.753-t:1000-v:306964.283)-(t:1.753-t:1001-v:306765.022)-(t:1.754-t:1002-v:306487.382)-(t:1.756-t:1003-v:306430.805)-(t:1.757-t:1004-v:306230.805)-(t:1.757-t:1005-v:305739.717)-(t:1.758-t:1006-v:305608.445)-(t:1.762-t:1007-v:305408.445)-(t:1.762-t:1008-v:305208.445)-(t:1.763-t:1009-v:305139.717)-(t:1.763-t:1010-v:304908.445)-(t:1.764-t:1011-v:304665.022)-(t:1.764-t:1012-v:304365.022)-(t:1.768-t:1013-v:304065.398)-(t:1.942-t:1139-v:301677.491)-(t:1.942-t:1140-v:301610.196)-(t:1.943-t:1141-v:290419.651)-(t:1.943-t:1142-v:290413.395)-(t:1.943-t:1143-v:290389.359)-(t:1.943-t:1144-v:290310.705)-(t:1.944-t:1145-v:283655.073)-(t:1.945-t:1146-v:283643.327)-(t:1.945-t:1147-v:283607.642)-(t:1.945-t:1148-v:283163.899)-(t:1.945-t:1149-v:283163.786)-(t:1.945-t:1150-v:282969.929)-(t:1.945-t:1151-v:282802.162)-(t:1.946-t:1152-v:282796.132)-(t:1.946-t:1153-v:282409.536)-(t:1.960-t:1154-v:282258.834)-(t:1.960-t:1155-v:282097.697)-(t:1.961-t:1156-v:282045.617)-(t:1.962-t:1157-v:281845.617)-(t:1.962-t:1158-v:281645.617)-(t:1.963-t:1159-v:281467.623)-(t:1.963-t:1160-v:281344.823)-(t:1.963-t:1161-v:281092.743)-(t:1.964-t:1162-v:280826.646)-(t:1.965-t:1163-v:280792.743)-(t:1.966-t:1164-v:280572.279)-(t:1.966-t:1165-v:280413.313)-(t:1.966-t:1166-v:280238.255)-(t:1.967-t:1167-v:280132.624)-(t:1.967-t:1168-v:279932.832)-(t:1.967-t:1169-v:279747.167)-(t:1.968-t:1170-v:279710.472)-(t:1.968-t:1171-v:279679.2)-(t:1.969-t:1172-v:279636.039)-(t:1.969-t:1173-v:279634.964)-(t:1.970-t:1174-v:279334.964)-(t:1.971-t:1175-v:279240.344)-(t:1.972-t:1176-v:279072.869)-(t:1.972-t:1177-v:278983.052)-(t:1.972-t:1178-v:278924.993)-(t:1.973-t:1179-v:278859.969)-(t:1.973-t:1180-v:278819.732)-(t:1.974-t:1181-v:278763.977)-(t:1.974-t:1182-v:278729.001)-(t:1.975-t:1183-v:278405.918)-(t:1.975-t:1184-v:278099.383)-(t:1.976-t:1185-v:277826.269)-(t:1.976-t:1186-v:277627.154)-(t:1.980-t:1187-v:277586.069)-(t:1.998-t:1188-v:277418.337)-(t:2.004-t:1189-v:277062.322)-(t:2.005-t:1190-v:276929.872)-(t:2.006-t:1191-v:276629.872)-(t:2.028-t:1192-v:275550.926)-(t:2.050-t:1193-v:275541.585)-(t:2.051-t:1194-v:275211.501)-(t:2.052-t:1195-v:275143.788)-(t:2.052-t:1196-v:275107.093)-(t:2.053-t:1197-v:275092.492)-(t:2.053-t:1198-v:275023.764)-(t:2.054-t:1199-v:274982.993)-(t:2.055-t:1200-v:274971.684)-(t:2.064-t:1201-v:274905.401)-(t:2.933-t:1772-v:261686.864)-(t:3.667-t:2468-v:261657.136)-(t:3.667-t:2469-v:261620.441)-(t:3.668-t:2470-v:261589.169)-(t:3.668-t:2471-v:261546.008)-(t:4.116-t:3040-v:257440.3)-(t:4.116-t:3041-v:257268.571)-(t:4.116-t:3042-v:257081.767)-(t:4.117-t:3043-v:256889.766)-(t:4.117-t:3044-v:256784.135)-(t:4.117-t:3045-v:256778.105)-(t:4.117-t:3046-v:256584.343)-(t:4.117-t:3047-v:256391.509)-(t:4.118-t:3048-v:256138.354)-(t:4.118-t:3049-v:256039.523)-(t:4.118-t:3050-v:255956.38)-(t:4.118-t:3051-v:255835.225)-(t:4.119-t:3052-v:255831.094)-(t:4.119-t:3053-v:255799.822)-(t:4.119-t:3054-v:255503.506)-(t:4.134-t:3055-v:255372.91)-(t:4.134-t:3056-v:240650.091)-(t:4.136-t:3057-v:240527.291)-(t:4.137-t:3058-v:240242.124)-(t:4.139-t:3059-v:240164.924)-(t:4.144-t:3060-v:238009.759)-(t:4.307-t:3274-v:237911.578)-(t:4.309-t:3275-v:237814.775)-(t:4.309-t:3276-v:231379.422)-(t:4.309-t:3277-v:231180.161)-(t:4.309-t:3278-v:231124.846)-(t:4.310-t:3279-v:230980.161)-(t:4.310-t:3280-v:230313.992)-(t:4.310-t:3281-v:230114.2)-(t:4.310-t:3282-v:230114.087)-(t:4.310-t:3283-v:229914.2)-(t:4.310-t:3284-v:229714.2)-(t:4.311-t:3285-v:229682.928)-(t:4.311-t:3286-v:229539.767)-(t:4.312-t:3287-v:229511.885)-(t:4.312-t:3288-v:229082.928)-(t:4.313-t:3289-v:229011.784)-(t:4.313-t:3290-v:228711.784)-(t:4.328-t:3291-v:228634.584)-(t:4.333-t:3292-v:228554.908)-(t:4.456-t:3416-v:228491.366)-(t:4.456-t:3417-v:228321.353)-(t:4.456-t:3418-v:228281.116)-(t:4.456-t:3419-v:228175.485)-(t:4.456-t:3420-v:228159.833)-(t:4.456-t:3421-v:227793.792)-(t:4.457-t:3422-v:227737.727)-(t:4.457-t:3423-v:227672.703)-(t:4.457-t:3424-v:227616.948)-(t:4.457-t:3425-v:227416.948)-(t:4.458-t:3426-v:227258.889)-(t:4.458-t:3427-v:227207.268)-(t:4.458-t:3428-v:226679.24)-(t:4.458-t:3429-v:226480.125)-(t:4.459-t:3430-v:226314.234)-(t:4.459-t:3431-v:226180.125)-(t:4.461-t:3432-v:222997.881)-(t:4.461-t:3433-v:222798.014)-(t:4.461-t:3434-v:222598.285)-(t:4.461-t:3435-v:222335.77)-(t:4.462-t:3436-v:221338.725)-(t:4.462-t:3437-v:221250.447)-(t:4.462-t:3438-v:220907.771)-(t:4.462-t:3439-v:220871.076)-(t:4.463-t:3440-v:220839.804)-(t:4.463-t:3441-v:220778.526)-(t:4.463-t:3442-v:220678.526)-(t:4.463-t:3443-v:220631.323)-(t:4.464-t:3444-v:220331.988)-(t:4.464-t:3445-v:220190.97)-(t:4.478-t:3446-v:220068.546)-(t:4.478-t:3447-v:219690.713)-(t:4.479-t:3448-v:219447.29)-(t:4.479-t:3449-v:219419.408)-(t:4.480-t:3450-v:219147.29)-(t:4.480-t:3451-v:219070.09)-(t:4.481-t:3452-v:218880.359)-(t:4.481-t:3453-v:218701.796)-(t:4.481-t:3454-v:218515.454)-(t:4.481-t:3455-v:218318.029)-(t:4.482-t:3456-v:218148.721)-(t:4.482-t:3457-v:218012.844)-(t:4.482-t:3458-v:217946.471)-(t:4.482-t:3459-v:217136.208)-(t:4.484-t:3460-v:217027.626)-(t:4.488-t:3461-v:215964.366)-(t:4.504-t:3462-v:209310.277)-(t:4.507-t:3463-v:208937.716)-(t:4.508-t:3464-v:208841.616)-(t:4.508-t:3465-v:208511.532)-(t:4.508-t:3466-v:208453.66)-(t:4.509-t:3467-v:208392.523)-(t:4.509-t:3468-v:208323.795)-(t:4.509-t:3469-v:208271.715)-(t:4.513-t:3470-v:208203.976)-(t:4.513-t:3471-v:207939.751)-(t:4.514-t:3472-v:207838.504)-(t:4.514-t:3473-v:207322.41)-(t:4.523-t:3474-v:207022.41)-(t:4.524-t:3475-v:206722.41)-(t:4.525-t:3476-v:206645.21)-(t:4.533-t:3477-v:206567.652)-(t:4.533-t:3478-v:206044.293)-(t:4.534-t:3479-v:205930.425)-(t:4.534-t:3480-v:205893.209)-(t:4.534-t:3481-v:205318.069)-(t:4.534-t:3482-v:204810.093)-(t:4.535-t:3483-v:203629.533)-(t:4.535-t:3484-v:203580.948)-(t:4.535-t:3485-v:203508.969)-(t:4.536-t:3486-v:203025.147)-(t:4.536-t:3487-v:202817.665)-(t:4.536-t:3488-v:202570.353)-(t:5.027-t:4147-v:194348.977)-(t:5.027-t:4148-v:194292.464)-(t:5.027-t:4149-v:194203.583)-(t:5.028-t:4150-v:194077.295)-(t:5.028-t:4151-v:193912.521)-(t:5.028-t:4152-v:193806.89)-(t:5.028-t:4153-v:193785.999)-(t:5.028-t:4154-v:193607.098)-(t:5.028-t:4155-v:193430.927)-(t:5.040-t:4156-v:193394.947)-(t:5.040-t:4157-v:193337.323)-(t:5.041-t:4158-v:193285.243)-(t:5.041-t:4159-v:193175.035)-(t:5.041-t:4160-v:193099.048)-(t:5.042-t:4161-v:192749.759)-(t:5.042-t:4162-v:192690.494)-(t:5.042-t:4163-v:192301.968)-(t:5.043-t:4164-v:192165.424)-(t:5.043-t:4165-v:192145.612)-(t:5.044-t:4166-v:192015.747)-(t:5.044-t:4167-v:191762.592)-(t:5.044-t:4168-v:191611.89)-(t:5.044-t:4169-v:191580.618)-(t:5.044-t:4170-v:191127.744)-(t:5.045-t:4171-v:191078.884)-(t:8.919-t:11401-v:191046.765)-(t:8.920-t:11402-v:190747.039)-(t:8.920-t:11403-v:190663.638)-(t:8.920-t:11404-v:190402.564)-(t:8.921-t:11405-v:190203.449)-(t:8.923-t:11406-v:189785.142)-(t:8.923-t:11407-v:189741.609)-(t:8.924-t:11408-v:189590.402)-(t:8.924-t:11409-v:189445.717)-(t:8.924-t:11410-v:189378.004)-(t:8.924-t:11411-v:189341.309)-(t:8.924-t:11412-v:189289.229)-(t:8.925-t:11413-v:189274.628)-(t:8.925-t:11414-v:189205.9)-(t:8.939-t:11415-v:188776.518)-(t:8.939-t:11416-v:188645.246)-(t:8.939-t:11417-v:188402.085)-(t:8.940-t:11418-v:188245.246)-(t:8.940-t:11419-v:188122.446)-(t:27.933-t:65865-v:187784.61)-(t:27.933-t:65866-v:187713.466)-(t:27.934-t:65867-v:187413.466)-(t:27.934-t:65868-v:187336.266)-(t:27.937-t:65869-v:184547.518)-(t:28.241-t:66840-v:184434.848)-(t:28.241-t:66841-v:184134.848)-(t:28.243-t:66842-v:184075.31)-(t:28.243-t:66843-v:183997.008)-(t:28.916-t:68752-v:181678.08)-(t:28.916-t:68753-v:181528.183)-(t:28.916-t:68754-v:181205.676)-(t:28.916-t:68755-v:181197.777)-(t:28.917-t:68756-v:181108.423)-(t:28.917-t:68757-v:180958.607)-(t:28.917-t:68758-v:180758.607)-(t:28.917-t:68759-v:180615.918)-(t:28.918-t:68760-v:180401.252)-(t:28.918-t:68761-v:180364.557)-(t:28.918-t:68762-v:180333.285)-(t:28.918-t:68763-v:180183.469)-(t:28.918-t:68764-v:179983.469)-(t:28.918-t:68765-v:179883.469)-(t:28.919-t:68766-v:179817.352)-(t:28.919-t:68767-v:179528.605)-(t:50.798-t:136817-v:179514.77)-(t:50.799-t:136818-v:179271.347)-(t:50.799-t:136819-v:178971.347)-(t:50.801-t:136820-v:178894.147)-(t:93.427-t:266177-v:178737.512)-(t:93.428-t:266178-v:178667.065)-(t:93.428-t:266179-v:178635.793)-(t:93.428-t:266180-v:178261.459)-(t:93.428-t:266181-v:178131.049)-(t:93.429-t:266182-v:177986.856)-(t:93.429-t:266183-v:177729.921)-(t:93.429-t:266184-v:177609.298)-(t:93.430-t:266185-v:177486.498)-(t:93.431-t:266186-v:177409.298)-(t:93.480-t:266366-v:176618.418)-(t:93.481-t:266367-v:176330.171)-(t:93.481-t:266368-v:175019.419)-(t:93.481-t:266369-v:174563.655)-(t:93.481-t:266370-v:174454.341)-(t:93.481-t:266371-v:174154.341)-(t:93.482-t:266372-v:174130.839)-(t:93.482-t:266373-v:174008.377)-(t:93.483-t:266374-v:173964.099)-(t:93.483-t:266375-v:173815.968)-(t:93.484-t:266376-v:173738.768)-(t:154.286-t:451427-v:173450.163)-(t:154.286-t:451428-v:173203.748)-(t:154.286-t:451429-v:173167.053)-(t:154.287-t:451430-v:172970.229)-(t:154.287-t:451431-v:172850.71)-(t:464.952-t:1403080-v:172825.804)-(t:649.770-t:1969897-v:169495.233)-(t:649.771-t:1969898-v:169351.409)-(t:649.772-t:1969899-v:169141.871)-(t:649.772-t:1969900-v:169122.529)-(t:649.773-t:1969901-v:169039.05)-(t:649.773-t:1969902-v:168989.824)-(t:649.773-t:1969903-v:168813.128)-(t:649.774-t:1969904-v:168670.922)-(t:649.774-t:1969905-v:168501.469)-(t:649.775-t:1969906-v:168457.711)-(t:649.776-t:1969907-v:168382.053)-(t:649.776-t:1969908-v:168271.137)-(t:649.777-t:1969909-v:168010.598)-(t:677.121-t:2053620-v:167964.826)-(t:677.121-t:2053621-v:167611.995)-(t:677.121-t:2053622-v:167583.425)-(t:677.121-t:2053623-v:167469.557)-(t:677.122-t:2053624-v:167298.263)-(t:677.122-t:2053625-v:167173.262)-(t:677.122-t:2053626-v:167162.655)-(t:677.122-t:2053627-v:166787.805)-(t:677.122-t:2053628-v:166717.358)-(t:677.123-t:2053629-v:166686.086)-(t:677.123-t:2053630-v:166311.752)-(t:677.123-t:2053631-v:166249.91)-(t:677.124-t:2053632-v:165588.797)-(t:677.124-t:2053633-v:165429.819)-(t:677.124-t:2053634-v:165206.613)-(t:677.124-t:2053635-v:165041.665)-(t:677.125-t:2053636-v:165019.704)-(t:677.125-t:2053637-v:164839.834)-(t:677.125-t:2053638-v:164780.395)-(t:677.125-t:2053639-v:163724.394)-(t:677.126-t:2053640-v:163705.074)-(t:677.126-t:2053641-v:163213.986)-(t:677.126-t:2053642-v:163177.291)-(t:677.126-t:2053643-v:163146.019)-(t:677.126-t:2053644-v:162849.703)-(t:677.129-t:2053645-v:162451.369)-(t:677.132-t:2053646-v:162372.772)-(t:677.132-t:2053647-v:162305.975)-(t:677.132-t:2053648-v:162141.201)-(t:677.132-t:2053649-v:162014.913)-(t:677.132-t:2053650-v:161962.833)-(t:677.133-t:2053651-v:161852.625)-(t:677.133-t:2053652-v:161343.951)-(t:677.133-t:2053653-v:161238.32)-(t:677.133-t:2053654-v:161217.429)-(t:677.133-t:2053655-v:160862.357)-(t:677.134-t:2053656-v:160800.025)-(t:677.134-t:2053657-v:160718.099)-(t:677.134-t:2053658-v:160674.938)-(t:677.135-t:2053659-v:160375.212)-(t:677.135-t:2053660-v:160242.762)-(t:677.144-t:2053661-v:159942.762)-(t:745.997-t:2264925-v:150667.271)-(t:745.998-t:2264926-v:150457.796)-(t:745.999-t:2264927-v:150438.454)-(t:745.999-t:2264928-v:150384.547)-(t:746.000-t:2264929-v:150080.68)-(t:746.000-t:2264930-v:149857.379)-(t:746.001-t:2264931-v:142787.613)-(t:746.002-t:2264932-v:142500.074)-(t:746.002-t:2264933-v:142396.697)-(t:746.002-t:2264934-v:141999.813)-(t:746.002-t:2264935-v:140642.277)-(t:746.002-t:2264936-v:140229.097)-(t:746.003-t:2264937-v:140192.402)-(t:746.003-t:2264938-v:140161.13)-(t:746.003-t:2264939-v:140117.969)-(t:746.004-t:2264940-v:140098.157)-(t:746.005-t:2264941-v:139968.292)-(t:746.005-t:2264942-v:139715.137)-(t:746.006-t:2264943-v:139616.306)-(t:746.006-t:2264944-v:139455.169)-(t:746.006-t:2264945-v:139412.008)-(t:746.006-t:2264946-v:139080.289)-(t:746.007-t:2264947-v:139031.429)],464.423
examples/tsp/tsplib/rat783.tsp,roundrobin,r1,900,0,57061.331,[(t:2.704-t:2334-v:63397.46)-(t:2.705-t:2335-v:62324.237)-(t:2.705-t:2336-v:62323.872)-(t:2.705-t:2337-v:62323.815)-(t:2.706-t:2338-v:62323.432)-(t:2.706-t:2339-v:62282.418)-(t:2.732-t:2340-v:62249.984)-(t:2.733-t:2341-v:62056.396)-(t:2.733-t:2342-v:62056.386)-(t:2.733-t:2343-v:62047.937)-(t:2.734-t:2344-v:62047.934)-(t:2.734-t:2345-v:62047.409)-(t:2.737-t:2346-v:61998.096)-(t:2.737-t:2347-v:61997.753)-(t:2.737-t:2348-v:61980.273)-(t:2.752-t:2349-v:61978.008)-(t:2.753-t:2350-v:61965.991)-(t:2.753-t:2351-v:61964.085)-(t:2.754-t:2352-v:61956.918)-(t:2.754-t:2353-v:61952.462)-(t:2.755-t:2354-v:61952.234)-(t:2.756-t:2355-v:61920.321)-(t:2.756-t:2356-v:61886.234)-(t:2.756-t:2357-v:61886.231)-(t:2.757-t:2358-v:61876.685)-(t:2.757-t:2359-v:61834.687)-(t:2.785-t:2360-v:61318.681)-(t:2.813-t:2361-v:61272.211)-(t:2.813-t:2362-v:61272.208)-(t:2.814-t:2363-v:61271.814)-(t:2.814-t:2364-v:61184.819)-(t:2.814-t:2365-v:61184.545)-(t:2.815-t:2366-v:61168.228)-(t:2.815-t:2367-v:61168.223)-(t:2.815-t:2368-v:61116.793)-(t:2.816-t:2369-v:61072.586)-(t:2.816-t:2370-v:61030.589)-(t:2.829-t:2371-v:60998.91)-(t:2.857-t:2372-v:60974.944)-(t:2.858-t:2373-v:60955.564)-(t:2.860-t:2374-v:60954.285)-(t:2.888-t:2375-v:60928.346)-(t:2.889-t:2376-v:60907.491)-(t:2.890-t:2377-v:60895.411)-(t:2.931-t:2378-v:60889.988)-(t:2.932-t:2379-v:60858.082)-(t:2.934-t:2380-v:60823.562)-(t:2.936-t:2381-v:60797.755)-(t:2.937-t:2382-v:60790.046)-(t:2.966-t:2383-v:60765.109)-(t:2.998-t:2384-v:60763.84)-(t:3.011-t:2385-v:60734.48)-(t:3.012-t:2386-v:60733.718)-(t:3.014-t:2387-v:60726.993)-(t:3.014-t:2388-v:60726.036)-(t:3.016-t:2389-v:60692.667)-(t:3.017-t:2390-v:60690.732)-(t:3.017-t:2391-v:60688.756)-(t:3.017-t:2392-v:60688.499)-(t:3.019-t:2393-v:60664.135)-(t:3.054-t:2394-v:60660.148)-(t:3.099-t:2395-v:60647.124)-(t:3.100-t:2396-v:60624.279)-(t:3.101-t:2397-v:60615.968)-(t:3.130-t:2398-v:60610.568)-(t:3.159-t:2399-v:60597.19)-(t:3.186-t:2400-v:60593.203)-(t:3.228-t:2401-v:60564.146)-(t:3.229-t:2402-v:60550.109)-(t:3.229-t:2403-v:60548.133)-(t:3.229-t:2404-v:60539.918)-(t:3.230-t:2405-v:60539.084)-(t:3.231-t:2406-v:60535.848)-(t:3.232-t:2407-v:60483.434)-(t:3.232-t:2408-v:60480.112)-(t:3.233-t:2409-v:60292.045)-(t:3.240-t:2410-v:60281.896)-(t:3.264-t:2411-v:60274.021)-(t:3.272-t:2412-v:60261.667)-(t:3.297-t:2413-v:60248.215)-(t:3.298-t:2414-v:60232.096)-(t:3.315-t:2415-v:60222.306)-(t:3.323-t:2416-v:60221.992)-(t:3.339-t:2417-v:60212.311)-(t:3.352-t:2418-v:60199.049)-(t:3.360-t:2419-v:60195.062)-(t:3.393-t:2420-v:60189.695)-(t:3.394-t:2421-v:60187.177)-(t:3.395-t:2422-v:60127.435)-(t:3.395-t:2423-v:60110.14)-(t:3.396-t:2424-v:60089.825)-(t:3.404-t:2425-v:60068.132)-(t:3.404-t:2426-v:60061.998)-(t:3.404-t:2427-v:60061.842)-(t:3.405-t:2428-v:60049.287)-(t:3.405-t:2429-v:60048.858)-(t:3.425-t:2430-v:60034.72)-(t:3.431-t:2431-v:60027.011)-(t:3.438-t:2432-v:60023.433)-(t:3.460-t:2433-v:59942.876)-(t:3.478-t:2434-v:59932.727)-(t:3.484-t:2435-v:59924.852)-(t:3.491-t:2436-v:59912.498)-(t:3.522-t:2437-v:59836.033)-(t:3.522-t:2438-v:59820.107)-(t:3.523-t:2439-v:59810.23)-(t:3.543-t:2440-v:59790.454)-(t:3.551-t:2441-v:59598.8)-(t:3.557-t:2442-v:59590.755)-(t:3.576-t:2443-v:59573.701)-(t:3.595-t:2444-v:59561.782)-(t:3.602-t:2445-v:59543.592)-(t:3.603-t:2446-v:59536.33)-(t:3.604-t:2447-v:59530.407)-(t:3.625-t:2448-v:59511.041)-(t:3.632-t:2449-v:59501.448)-(t:3.638-t:2450-v:59495.173)-(t:3.638-t:2451-v:59477.456)-(t:3.654-t:2452-v:59463.451)-(t:3.654-t:2453-v:59447.098)-(t:3.654-t:2454-v:59401.853)-(t:3.655-t:2455-v:59400.697)-(t:3.658-t:2456-v:59392.828)-(t:3.659-t:2457-v:59384.657)-(t:3.660-t:2458-v:59377.25)-(t:3.679-t:2459-v:59376.243)-(t:3.685-t:2460-v:59355.066)-(t:3.685-t:2461-v:59335.575)-(t:3.703-t:2462-v:59328.852)-(t:3.704-t:2463-v:59313.944)-(t:3.704-t:2464-v:59304.863)-(t:3.712-t:2465-v:59249.785)-(t:3.712-t:2466-v:59234.172)-(t:3.712-t:2467-v:59220.891)-(t:3.717-t:2468-v:59211.551)-(t:3.717-t:2469-v:59208.988)-(t:3.718-t:2470-v:59200.012)-(t:3.731-t:2471-v:59172.431)-(t:3.734-t:2472-v:59165.791)-(t:3.735-t:2473-v:59160.862)-(t:3.735-t:2474-v:59157.749)-(t:3.736-t:2475-v:59146.825)-(t:3.736-t:2476-v:59143.612)-(t:3.742-t:2477-v:59134.261)-(t:3.742-t:2478-v:59131.095)-(t:3.743-t:2479-v:59130.855)-(t:3.777-t:2480-v:59103.485)-(t:3.778-t:2481-v:59093.0)-(t:3.778-t:2482-v:59069.541)-(t:3.779-t:2483-v:59068.469)-(t:3.781-t:2484-v:59063.234)-(t:3.781-t:2485-v:59060.827)-(t:3.782-t:2486-v:59034.933)-(t:3.783-t:2487-v:59030.823)-(t:3.784-t:2488-v:59003.307)-(t:3.793-t:2489-v:58997.064)-(t:3.807-t:2490-v:58984.808)-(t:3.807-t:2491-v:58983.944)-(t:3.812-t:2492-v:58981.754)-(t:3.813-t:2493-v:58980.877)-(t:3.813-t:2494-v:58980.494)-(t:3.832-t:2495-v:58974.503)-(t:3.837-t:2496-v:58971.599)-(t:3.842-t:2497-v:58971.426)-(t:3.862-t:2498-v:58960.543)-(t:3.866-t:2499-v:58952.834)-(t:3.871-t:2500-v:58937.757)-(t:3.872-t:2501-v:58917.636)-(t:3.876-t:2502-v:58909.836)-(t:3.877-t:2503-v:58893.09)-(t:3.901-t:2504-v:58879.551)-(t:3.922-t:2505-v:58873.737)-(t:5.115-t:2777-v:58872.377)-(t:5.120-t:2778-v:58868.206)-(t:5.139-t:2779-v:58866.603)-(t:5.144-t:2780-v:58858.894)-(t:5.145-t:2781-v:58858.882)-(t:5.148-t:2782-v:58827.334)-(t:5.161-t:2783-v:58809.674)-(t:5.162-t:2784-v:58807.698)-(t:5.162-t:2785-v:58802.096)-(t:5.166-t:2786-v:58801.196)-(t:5.167-t:2787-v:58796.966)-(t:5.167-t:2788-v:58789.56)-(t:5.171-t:2789-v:58788.279)-(t:5.172-t:2790-v:58776.761)-(t:5.172-t:2791-v:58774.446)-(t:5.186-t:2792-v:58770.604)-(t:5.987-t:3087-v:58628.954)-(t:6.004-t:3088-v:58515.232)-(t:495.315-t:193540-v:58355.656)-(t:495.320-t:193541-v:58324.63)-(t:495.640-t:193795-v:58150.676)-(t:495.645-t:193796-v:58140.533)-(t:495.649-t:193797-v:58123.391)-(t:495.653-t:193798-v:58110.879)-(t:495.660-t:193799-v:58100.703)-(t:495.664-t:193800-v:58067.663)-(t:495.672-t:193801-v:58064.115)-(t:495.673-t:193802-v:58055.309)-(t:495.674-t:193803-v:58041.398)-(t:495.675-t:193804-v:58026.354)-(t:495.675-t:193805-v:58000.572)-(t:495.675-t:193806-v:57997.608)-(t:495.676-t:193807-v:57992.292)-(t:495.681-t:193808-v:57977.381)-(t:495.682-t:193809-v:57976.619)-(t:495.684-t:193810-v:57968.937)-(t:495.689-t:193811-v:57968.755)-(t:495.693-t:193812-v:57964.768)-(t:565.357-t:222545-v:57707.783)-(t:565.362-t:222546-v:57682.05)-(t:565.368-t:222547-v:57677.75)-(t:565.369-t:222548-v:57662.566)-(t:565.370-t:222549-v:57662.048)-(t:565.371-t:222550-v:57661.465)-(t:565.371-t:222551-v:57661.208)-(t:565.372-t:222552-v:57658.419)-(t:565.372-t:222553-v:57658.299)-(t:565.614-t:222783-v:57650.232)-(t:565.619-t:222784-v:57576.154)-(t:565.619-t:222785-v:57564.654)-(t:565.619-t:222786-v:57562.377)-(t:565.623-t:222787-v:57560.489)-(t:565.626-t:222788-v:57544.644)-(t:565.630-t:222789-v:57454.513)-(t:565.631-t:222790-v:57436.577)-(t:565.632-t:222791-v:57407.877)-(t:565.632-t:222792-v:57407.301)-(t:565.633-t:222793-v:57396.284)-(t:565.637-t:222794-v:57388.575)-(t:565.641-t:222795-v:57382.975)-(t:565.645-t:222796-v:57378.682)-(t:565.650-t:222797-v:57293.002)-(t:565.651-t:222798-v:57281.267)-(t:565.651-t:222799-v:57273.425)-(t:565.651-t:222800-v:57268.028)-(t:565.654-t:222801-v:57180.334)-(t:565.659-t:222802-v:57170.191)-(t:565.663-t:222803-v:57154.777)-(t:565.664-t:222804-v:57143.518)-(t:565.664-t:222805-v:57140.554)-(t:565.668-t:222806-v:57133.922)-(t:565.672-t:222807-v:57123.189)-(t:565.676-t:222808-v:57098.331)-(t:565.680-t:222809-v:57085.819)-(t:565.685-t:222810-v:57080.922)-(t:565.689-t:222811-v:57076.935)-(t:565.693-t:222812-v:57070.144)-(t:565.698-t:222813-v:57063.849)-(t:565.698-t:222814-v:57061.331)],763.590
examples/tsp/tsplib/si535.tsp,roundrobin,r1,900,0,61637.0,[(t:6.363-t:1453-v:83340.0)-(t:6.364-t:1454-v:83247.0)-(t:6.364-t:1455-v:83237.0)-(t:6.365-t:1456-v:83051.0)-(t:6.369-t:1457-v:83038.0)-(t:6.369-t:1458-v:83034.0)-(t:6.372-t:1459-v:83024.0)-(t:6.373-t:1460-v:82906.0)-(t:6.374-t:1461-v:82862.0)-(t:6.375-t:1462-v:82837.0)-(t:6.393-t:1463-v:82836.0)-(t:6.399-t:1464-v:82825.0)-(t:6.404-t:1465-v:82783.0)-(t:6.422-t:1466-v:82773.0)-(t:6.423-t:1467-v:82770.0)-(t:6.443-t:1468-v:82766.0)-(t:6.451-t:1469-v:82765.0)-(t:6.456-t:1470-v:82762.0)-(t:6.462-t:1471-v:82761.0)-(t:6.481-t:1472-v:82745.0)-(t:6.488-t:1473-v:82666.0)-(t:6.517-t:1474-v:82661.0)-(t:6.524-t:1475-v:82658.0)-(t:6.530-t:1476-v:82646.0)-(t:6.551-t:1477-v:82601.0)-(t:6.574-t:1478-v:82590.0)-(t:6.582-t:1479-v:82572.0)-(t:6.600-t:1480-v:82535.0)-(t:6.605-t:1481-v:82530.0)-(t:6.615-t:1482-v:82526.0)-(t:6.622-t:1483-v:82515.0)-(t:6.639-t:1484-v:82495.0)-(t:6.646-t:1485-v:82494.0)-(t:6.655-t:1486-v:82493.0)-(t:6.661-t:1487-v:82491.0)-(t:6.669-t:1488-v:82483.0)-(t:6.672-t:1489-v:82457.0)-(t:6.677-t:1490-v:82428.0)-(t:6.698-t:1491-v:82407.0)-(t:6.724-t:1492-v:82405.0)-(t:6.745-t:1493-v:82371.0)-(t:6.752-t:1494-v:82362.0)-(t:6.772-t:1495-v:82311.0)-(t:6.773-t:1496-v:82303.0)-(t:6.777-t:1497-v:82294.0)-(t:6.778-t:1498-v:82248.0)-(t:6.782-t:1499-v:82236.0)-(t:6.805-t:1500-v:82219.0)-(t:6.813-t:1501-v:82189.0)-(t:6.834-t:1502-v:82164.0)-(t:6.842-t:1503-v:82152.0)-(t:6.870-t:1504-v:82132.0)-(t:6.891-t:1505-v:82111.0)-(t:6.900-t:1506-v:82108.0)-(t:6.921-t:1507-v:82071.0)-(t:6.944-t:1508-v:82042.0)-(t:6.945-t:1509-v:82010.0)-(t:6.950-t:1510-v:81974.0)-(t:6.972-t:1511-v:81965.0)-(t:6.993-t:1512-v:81964.0)-(t:7.016-t:1513-v:81954.0)-(t:7.026-t:1514-v:81948.0)-(t:7.041-t:1515-v:81943.0)-(t:7.046-t:1516-v:81871.0)-(t:7.048-t:1517-v:81791.0)-(t:7.050-t:1518-v:81747.0)-(t:7.072-t:1519-v:81659.0)-(t:7.073-t:1520-v:81632.0)-(t:7.075-t:1521-v:81625.0)-(t:7.081-t:1522-v:81549.0)-(t:7.117-t:1523-v:81540.0)-(t:7.126-t:1524-v:81448.0)-(t:7.149-t:1525-v:81324.0)-(t:7.159-t:1526-v:81230.0)-(t:7.181-t:1527-v:81189.0)-(t:7.206-t:1528-v:81023.0)-(t:7.230-t:1529-v:80953.0)-(t:7.241-t:1530-v:80950.0)-(t:7.263-t:1531-v:80876.0)-(t:7.264-t:1532-v:80867.0)-(t:7.283-t:1533-v:80846.0)-(t:7.286-t:1534-v:80813.0)-(t:7.287-t:1535-v:80788.0)-(t:7.321-t:1536-v:80733.0)-(t:7.322-t:1537-v:80589.0)-(t:7.323-t:1538-v:80564.0)-(t:7.345-t:1539-v:80451.0)-(t:7.347-t:1540-v:80333.0)-(t:7.347-t:1541-v:80308.0)-(t:7.355-t:1542-v:80305.0)-(t:7.377-t:1543-v:80304.0)-(t:7.385-t:1544-v:80299.0)-(t:7.408-t:1545-v:80263.0)-(t:7.410-t:1546-v:80262.0)-(t:7.411-t:1547-v:80187.0)-(t:7.411-t:1548-v:80159.0)-(t:7.427-t:1549-v:80157.0)-(t:7.436-t:1550-v:80149.0)-(t:7.469-t:1551-v:80134.0)-(t:7.478-t:1552-v:80126.0)-(t:7.501-t:1553-v:80124.0)-(t:7.509-t:1554-v:80114.0)-(t:7.530-t:1555-v:80105.0)-(t:7.538-t:1556-v:80085.0)-(t:7.560-t:1557-v:80074.0)-(t:7.563-t:1558-v:80070.0)-(t:7.582-t:1559-v:79995.0)-(t:7.583-t:1560-v:79962.0)-(t:7.587-t:1561-v:79960.0)-(t:7.604-t:1562-v:79959.0)-(t:7.629-t:1563-v:79952.0)-(t:7.637-t:1564-v:79915.0)-(t:7.659-t:1565-v:79880.0)-(t:7.684-t:1566-v:79751.0)-(t:7.708-t:1567-v:79639.0)-(t:7.731-t:1568-v:79631.0)-(t:7.755-t:1569-v:79614.0)-(t:7.756-t:1570-v:79613.0)-(t:7.757-t:1571-v:79612.0)-(t:7.758-t:1572-v:79580.0)-(t:7.772-t:1573-v:79538.0)-(t:7.784-t:1574-v:79524.0)-(t:7.802-t:1575-v:79490.0)-(t:7.803-t:1576-v:79431.0)-(t:7.810-t:1577-v:79288.0)-(t:7.832-t:1578-v:79286.0)-(t:7.853-t:1579-v:79230.0)-(t:7.863-t:1580-v:79209.0)-(t:7.896-t:1581-v:79108.0)-(t:7.920-t:1582-v:79104.0)-(t:7.944-t:1583-v:79082.0)-(t:7.966-t:1584-v:79077.0)-(t:7.978-t:1585-v:79001.0)-(t:8.000-t:1586-v:78988.0)-(t:8.025-t:1587-v:78938.0)-(t:8.049-t:1588-v:78922.0)-(t:8.054-t:1589-v:78916.0)-(t:8.079-t:1590-v:78798.0)-(t:8.101-t:1591-v:78784.0)-(t:8.115-t:1592-v:78762.0)-(t:8.127-t:1593-v:78729.0)-(t:8.138-t:1594-v:78704.0)-(t:8.166-t:1595-v:78549.0)-(t:8.178-t:1596-v:78542.0)-(t:8.187-t:1597-v:78532.0)-(t:8.198-t:1598-v:78514.0)-(t:8.208-t:1599-v:78470.0)-(t:8.216-t:1600-v:78463.0)-(t:8.227-t:1601-v:78461.0)-(t:8.237-t:1602-v:78435.0)-(t:8.248-t:1603-v:78305.0)-(t:8.250-t:1604-v:78303.0)-(t:8.256-t:1605-v:78301.0)-(t:8.267-t:1606-v:78149.0)-(t:8.275-t:1607-v:78090.0)-(t:8.287-t:1608-v:77929.0)-(t:8.294-t:1609-v:77878.0)-(t:8.306-t:1610-v:77770.0)-(t:8.307-t:1611-v:77757.0)-(t:8.307-t:1612-v:77586.0)-(t:8.307-t:1613-v:77527.0)-(t:8.308-t:1614-v:77483.0)-(t:8.324-t:1615-v:77368.0)-(t:8.325-t:1616-v:77220.0)-(t:8.326-t:1617-v:77184.0)-(t:8.331-t:1618-v:77179.0)-(t:8.335-t:1619-v:77161.0)-(t:8.346-t:1620-v:76878.0)-(t:8.357-t:1621-v:76822.0)-(t:8.369-t:1622-v:76820.0)-(t:8.380-t:1623-v:76797.0)-(t:8.391-t:1624-v:76774.0)-(t:8.401-t:1625-v:76772.0)-(t:8.411-t:1626-v:76744.0)-(t:8.423-t:1627-v:76644.0)-(t:8.435-t:1628-v:76638.0)-(t:8.446-t:1629-v:76636.0)-(t:8.462-t:1630-v:76608.0)-(t:8.480-t:1631-v:76427.0)-(t:8.486-t:1632-v:76424.0)-(t:8.486-t:1633-v:76365.0)-(t:8.495-t:1634-v:76342.0)-(t:8.496-t:1635-v:76311.0)-(t:8.503-t:1636-v:76272.0)-(t:8.504-t:1637-v:76199.0)-(t:8.513-t:1638-v:76086.0)-(t:8.524-t:1639-v:76084.0)-(t:8.535-t:1640-v:76082.0)-(t:8.546-t:1641-v:76080.0)-(t:8.556-t:1642-v:76078.0)-(t:8.567-t:1643-v:76077.0)-(t:8.578-t:1644-v:75911.0)-(t:8.588-t:1645-v:75910.0)-(t:8.617-t:1646-v:75898.0)-(t:8.630-t:1647-v:75859.0)-(t:8.646-t:1648-v:75858.0)-(t:8.656-t:1649-v:75856.0)-(t:8.664-t:1650-v:75690.0)-(t:8.675-t:1651-v:75603.0)-(t:8.678-t:1652-v:75464.0)-(t:8.678-t:1653-v:75441.0)-(t:8.678-t:1654-v:75385.0)-(t:8.686-t:1655-v:75383.0)-(t:8.698-t:1656-v:75371.0)-(t:8.708-t:1657-v:75367.0)-(t:8.719-t:1658-v:75354.0)-(t:8.727-t:1659-v:75352.0)-(t:8.736-t:1660-v:75330.0)-(t:8.746-t:1661-v:75166.0)-(t:8.756-t:1662-v:75162.0)-(t:8.768-t:1663-v:75156.0)-(t:8.778-t:1664-v:75146.0)-(t:8.786-t:1665-v:75128.0)-(t:8.797-t:1666-v:75060.0)-(t:8.807-t:1667-v:75055.0)-(t:8.817-t:1668-v:75051.0)-(t:8.827-t:1669-v:75047.0)-(t:8.838-t:1670-v:74994.0)-(t:8.849-t:1671-v:74971.0)-(t:8.861-t:1672-v:74949.0)-(t:8.873-t:1673-v:74946.0)-(t:8.886-t:1674-v:74809.0)-(t:8.886-t:1675-v:74806.0)-(t:8.894-t:1676-v:74794.0)-(t:8.896-t:1677-v:74381.0)-(t:8.905-t:1678-v:74373.0)-(t:8.917-t:1679-v:74356.0)-(t:8.930-t:1680-v:74304.0)-(t:8.978-t:1681-v:74272.0)-(t:8.990-t:1682-v:74250.0)-(t:9.012-t:1683-v:74230.0)-(t:9.013-t:1684-v:74219.0)-(t:9.017-t:1685-v:74181.0)-(t:9.027-t:1686-v:74072.0)-(t:9.038-t:1687-v:74069.0)-(t:9.047-t:1688-v:74052.0)-(t:9.058-t:1689-v:74049.0)-(t:9.067-t:1690-v:74033.0)-(t:9.079-t:1691-v:74018.0)-(t:9.081-t:1692-v:73839.0)-(t:9.089-t:1693-v:73834.0)-(t:9.102-t:1694-v:73759.0)-(t:9.115-t:1695-v:73749.0)-(t:9.126-t:1696-v:73739.0)-(t:9.139-t:1697-v:73714.0)-(t:9.152-t:1698-v:73713.0)-(t:9.164-t:1699-v:73707.0)-(t:9.166-t:1700-v:73504.0)-(t:9.176-t:1701-v:73495.0)-(t:9.190-t:1702-v:73493.0)-(t:9.204-t:1703-v:73436.0)-(t:9.217-t:1704-v:73422.0)-(t:9.230-t:1705-v:73311.0)-(t:9.243-t:1706-v:73309.0)-(t:9.252-t:1707-v:73307.0)-(t:9.266-t:1708-v:73303.0)-(t:9.288-t:1709-v:73267.0)-(t:9.302-t:1710-v:73255.0)-(t:9.316-t:1711-v:73196.0)-(t:9.330-t:1712-v:73188.0)-(t:9.343-t:1713-v:73031.0)-(t:9.354-t:1714-v:73026.0)-(t:9.366-t:1715-v:72909.0)-(t:9.379-t:1716-v:72901.0)-(t:9.391-t:1717-v:72899.0)-(t:9.403-t:1718-v:72887.0)-(t:9.415-t:1719-v:72823.0)-(t:9.422-t:1720-v:72716.0)-(t:9.436-t:1721-v:72706.0)-(t:9.441-t:1722-v:72705.0)-(t:9.450-t:1723-v:72643.0)-(t:9.454-t:1724-v:72599.0)-(t:9.468-t:1725-v:72582.0)-(t:9.468-t:1726-v:72577.0)-(t:9.479-t:1727-v:72556.0)-(t:9.480-t:1728-v:72524.0)-(t:9.490-t:1729-v:72512.0)-(t:9.493-t:1730-v:72500.0)-(t:9.501-t:1731-v:72499.0)-(t:9.502-t:1732-v:72492.0)-(t:9.511-t:1733-v:72490.0)-(t:9.522-t:1734-v:72488.0)-(t:9.534-t:1735-v:72473.0)-(t:9.548-t:1736-v:72412.0)-(t:9.560-t:1737-v:72409.0)-(t:9.572-t:1738-v:72361.0)-(t:9.575-t:1739-v:72171.0)-(t:9.575-t:1740-v:72150.0)-(t:9.575-t:1741-v:72092.0)-(t:9.584-t:1742-v:72089.0)-(t:9.597-t:1743-v:72087.0)-(t:9.611-t:1744-v:72086.0)-(t:9.624-t:1745-v:72080.0)-(t:9.636-t:1746-v:72029.0)-(t:9.650-t:1747-v:72012.0)-(t:9.665-t:1748-v:71944.0)-(t:9.678-t:1749-v:71941.0)-(t:9.692-t:1750-v:71900.0)-(t:9.696-t:1751-v:71753.0)-(t:9.698-t:1752-v:71732.0)-(t:9.698-t:1753-v:71674.0)-(t:9.708-t:1754-v:71668.0)-(t:9.720-t:1755-v:71651.0)-(t:9.732-t:1756-v:71615.0)-(t:9.756-t:1757-v:71608.0)-(t:9.770-t:1758-v:71599.0)-(t:9.783-t:1759-v:71214.0)-(t:9.785-t:1760-v:71019.0)-(t:9.796-t:1761-v:71010.0)-(t:9.810-t:1762-v:70956.0)-(t:9.814-t:1763-v:70955.0)-(t:9.839-t:1764-v:70915.0)-(t:9.844-t:1765-v:70871.0)-(t:9.862-t:1766-v:70811.0)-(t:9.871-t:1767-v:70806.0)-(t:9.884-t:1768-v:70775.0)-(t:9.899-t:1769-v:70769.0)-(t:9.913-t:1770-v:70761.0)-(t:9.928-t:1771-v:70718.0)-(t:9.942-t:1772-v:70700.0)-(t:9.957-t:1773-v:70677.0)-(t:9.969-t:1774-v:70674.0)-(t:9.981-t:1775-v:70665.0)-(t:9.993-t:1776-v:70660.0)-(t:10.008-t:1777-v:70656.0)-(t:10.028-t:1778-v:70642.0)-(t:10.040-t:1779-v:70634.0)-(t:10.053-t:1780-v:70626.0)-(t:10.065-t:1781-v:70624.0)-(t:10.081-t:1782-v:70621.0)-(t:10.097-t:1783-v:70606.0)-(t:10.113-t:1784-v:70590.0)-(t:10.129-t:1785-v:70576.0)-(t:10.146-t:1786-v:70445.0)-(t:10.149-t:1787-v:70432.0)-(t:10.161-t:1788-v:70427.0)-(t:10.177-t:1789-v:70419.0)-(t:10.193-t:1790-v:70412.0)-(t:10.208-t:1791-v:70399.0)-(t:10.225-t:1792-v:70394.0)-(t:10.240-t:1793-v:70383.0)-(t:10.255-t:1794-v:70375.0)-(t:10.272-t:1795-v:70374.0)-(t:10.288-t:1796-v:70214.0)-(t:10.305-t:1797-v:70202.0)-(t:10.308-t:1798-v:70191.0)-(t:10.308-t:1799-v:70176.0)-(t:10.327-t:1800-v:70174.0)-(t:10.347-t:1801-v:70147.0)-(t:10.347-t:1802-v:70061.0)-(t:10.378-t:1803-v:70053.0)-(t:10.400-t:1804-v:70037.0)-(t:10.403-t:1805-v:70030.0)-(t:10.417-t:1806-v:70014.0)-(t:10.434-t:1807-v:69794.0)-(t:10.434-t:1808-v:69791.0)-(t:10.435-t:1809-v:69775.0)-(t:10.435-t:1810-v:69773.0)-(t:10.450-t:1811-v:69745.0)-(t:10.454-t:1812-v:69697.0)-(t:10.454-t:1813-v:69696.0)-(t:10.473-t:1814-v:69694.0)-(t:10.492-t:1815-v:69643.0)-(t:10.496-t:1816-v:69640.0)-(t:10.496-t:1817-v:69612.0)-(t:10.496-t:1818-v:69596.0)-(t:10.510-t:1819-v:69585.0)-(t:10.514-t:1820-v:69556.0)-(t:10.515-t:1821-v:69550.0)-(t:10.520-t:1822-v:69471.0)-(t:10.540-t:1823-v:69439.0)-(t:10.558-t:1824-v:69305.0)-(t:10.561-t:1825-v:69299.0)-(t:10.577-t:1826-v:69214.0)-(t:10.580-t:1827-v:69198.0)-(t:10.595-t:1828-v:69185.0)-(t:10.612-t:1829-v:69175.0)-(t:10.630-t:1830-v:69159.0)-(t:10.649-t:1831-v:69136.0)-(t:10.667-t:1832-v:69117.0)-(t:10.685-t:1833-v:69109.0)-(t:10.705-t:1834-v:69083.0)-(t:10.722-t:1835-v:69082.0)-(t:10.740-t:1836-v:69048.0)-(t:10.759-t:1837-v:69039.0)-(t:10.778-t:1838-v:69020.0)-(t:10.795-t:1839-v:69014.0)-(t:10.811-t:1840-v:69005.0)-(t:10.827-t:1841-v:68984.0)-(t:10.846-t:1842-v:68902.0)-(t:10.862-t:1843-v:68900.0)-(t:10.880-t:1844-v:68891.0)-(t:10.897-t:1845-v:68849.0)-(t:10.916-t:1846-v:68776.0)-(t:10.932-t:1847-v:68720.0)-(t:10.950-t:1848-v:68663.0)-(t:10.967-t:1849-v:68592.0)-(t:10.986-t:1850-v:68583.0)-(t:11.003-t:1851-v:68514.0)-(t:11.022-t:1852-v:68480.0)-(t:11.042-t:1853-v:68461.0)-(t:11.060-t:1854-v:68460.0)-(t:11.078-t:1855-v:68444.0)-(t:11.096-t:1856-v:68427.0)-(t:11.115-t:1857-v:68423.0)-(t:11.135-t:1858-v:68395.0)-(t:11.153-t:1859-v:68381.0)-(t:11.173-t:1860-v:68355.0)-(t:11.192-t:1861-v:68322.0)-(t:11.210-t:1862-v:68178.0)-(t:11.228-t:1863-v:68171.0)-(t:11.248-t:1864-v:68168.0)-(t:11.266-t:1865-v:68157.0)-(t:11.285-t:1866-v:68136.0)-(t:11.305-t:1867-v:67800.0)-(t:11.323-t:1868-v:67784.0)-(t:11.341-t:1869-v:67620.0)-(t:11.361-t:1870-v:67616.0)-(t:11.379-t:1871-v:67586.0)-(t:11.430-t:1872-v:67579.0)-(t:11.462-t:1873-v:67558.0)-(t:11.483-t:1874-v:67495.0)-(t:11.504-t:1875-v:67487.0)-(t:11.525-t:1876-v:67468.0)-(t:11.546-t:1877-v:67459.0)-(t:11.568-t:1878-v:67414.0)-(t:11.587-t:1879-v:67367.0)-(t:11.607-t:1880-v:67319.0)-(t:11.629-t:1881-v:67311.0)-(t:11.650-t:1882-v:67300.0)-(t:11.672-t:1883-v:67188.0)-(t:11.694-t:1884-v:67181.0)-(t:11.713-t:1885-v:67155.0)-(t:11.735-t:1886-v:67121.0)-(t:11.756-t:1887-v:67120.0)-(t:11.777-t:1888-v:67108.0)-(t:11.799-t:1889-v:67094.0)-(t:11.827-t:1890-v:67084.0)-(t:11.849-t:1891-v:67079.0)-(t:11.869-t:1892-v:67070.0)-(t:11.890-t:1893-v:67068.0)-(t:11.913-t:1894-v:67057.0)-(t:11.934-t:1895-v:67047.0)-(t:11.957-t:1896-v:67046.0)-(t:11.978-t:1897-v:67021.0)-(t:12.000-t:1898-v:67004.0)-(t:12.021-t:1899-v:66993.0)-(t:12.041-t:1900-v:66915.0)-(t:12.061-t:1901-v:66910.0)-(t:12.079-t:1902-v:66870.0)-(t:12.098-t:1903-v:66744.0)-(t:12.119-t:1904-v:66736.0)-(t:12.139-t:1905-v:66703.0)-(t:12.159-t:1906-v:66702.0)-(t:12.178-t:1907-v:66649.0)-(t:12.198-t:1908-v:66574.0)-(t:12.220-t:1909-v:66571.0)-(t:12.240-t:1910-v:66566.0)-(t:12.260-t:1911-v:66558.0)-(t:12.281-t:1912-v:66552.0)-(t:12.300-t:1913-v:66546.0)-(t:12.321-t:1914-v:66528.0)-(t:12.339-t:1915-v:66516.0)-(t:12.360-t:1916-v:66430.0)-(t:12.383-t:1917-v:66412.0)-(t:12.405-t:1918-v:66405.0)-(t:12.427-t:1919-v:66387.0)-(t:12.450-t:1920-v:66386.0)-(t:12.470-t:1921-v:66370.0)-(t:12.493-t:1922-v:66288.0)-(t:12.515-t:1923-v:66241.0)-(t:12.537-t:1924-v:66215.0)-(t:12.559-t:1925-v:66185.0)-(t:12.581-t:1926-v:66171.0)-(t:12.604-t:1927-v:66155.0)-(t:12.626-t:1928-v:66138.0)-(t:12.650-t:1929-v:66077.0)-(t:12.670-t:1930-v:66076.0)-(t:12.692-t:1931-v:66044.0)-(t:12.714-t:1932-v:66023.0)-(t:12.733-t:1933-v:65990.0)-(t:12.755-t:1934-v:65976.0)-(t:12.773-t:1935-v:65971.0)-(t:12.794-t:1936-v:65744.0)-(t:12.819-t:1937-v:65694.0)-(t:12.842-t:1938-v:65531.0)-(t:12.849-t:1939-v:65528.0)-(t:12.867-t:1940-v:65510.0)-(t:12.872-t:1941-v:65482.0)-(t:12.873-t:1942-v:65409.0)-(t:12.873-t:1943-v:65326.0)-(t:14.751-t:2134-v:65280.0)-(t:17.267-t:2276-v:65201.0)-(t:17.293-t:2277-v:65162.0)-(t:17.317-t:2278-v:65160.0)-(t:17.340-t:2279-v:65155.0)-(t:17.361-t:2280-v:65144.0)-(t:17.383-t:2281-v:65139.0)-(t:38.605-t:7533-v:65122.0)-(t:38.620-t:7534-v:65103.0)-(t:38.633-t:7535-v:65101.0)-(t:38.646-t:7536-v:65098.0)-(t:38.665-t:7537-v:65082.0)-(t:38.687-t:7538-v:65040.0)-(t:38.708-t:7539-v:65027.0)-(t:38.727-t:7540-v:65018.0)-(t:38.747-t:7541-v:65000.0)-(t:38.767-t:7542-v:64986.0)-(t:38.787-t:7543-v:64972.0)-(t:38.792-t:7544-v:64969.0)-(t:38.813-t:7545-v:64968.0)-(t:38.833-t:7546-v:64966.0)-(t:38.854-t:7547-v:64959.0)-(t:38.876-t:7548-v:64930.0)-(t:38.897-t:7549-v:64928.0)-(t:38.918-t:7550-v:64906.0)-(t:38.940-t:7551-v:64883.0)-(t:38.964-t:7552-v:64880.0)-(t:38.970-t:7553-v:64863.0)-(t:38.977-t:7554-v:64849.0)-(t:38.983-t:7555-v:64809.0)-(t:39.003-t:7556-v:64801.0)-(t:39.024-t:7557-v:64797.0)-(t:39.044-t:7558-v:64786.0)-(t:40.729-t:7917-v:64767.0)-(t:40.733-t:7918-v:64734.0)-(t:40.745-t:7919-v:64728.0)-(t:40.761-t:7920-v:64719.0)-(t:40.771-t:7921-v:64713.0)-(t:40.791-t:7922-v:64697.0)-(t:40.809-t:7923-v:64695.0)-(t:40.826-t:7924-v:64644.0)-(t:40.830-t:7925-v:64506.0)-(t:40.844-t:7926-v:64500.0)-(t:40.863-t:7927-v:64484.0)-(t:40.882-t:7928-v:64479.0)-(t:40.899-t:7929-v:64473.0)-(t:40.923-t:7930-v:64461.0)-(t:40.944-t:7931-v:64453.0)-(t:40.965-t:7932-v:64374.0)-(t:40.987-t:7933-v:64368.0)-(t:41.009-t:7934-v:64354.0)-(t:41.032-t:7935-v:64307.0)-(t:41.055-t:7936-v:64241.0)-(t:41.076-t:7937-v:64206.0)-(t:41.099-t:7938-v:64195.0)-(t:41.121-t:7939-v:64191.0)-(t:41.141-t:7940-v:64183.0)-(t:41.159-t:7941-v:64169.0)-(t:44.321-t:8603-v:64159.0)-(t:51.597-t:10586-v:64104.0)-(t:68.713-t:14761-v:64010.0)-(t:68.716-t:14762-v:63868.0)-(t:68.733-t:14763-v:63811.0)-(t:68.749-t:14764-v:63808.0)-(t:68.768-t:14765-v:63738.0)-(t:68.788-t:14766-v:63718.0)-(t:68.791-t:14767-v:63542.0)-(t:68.808-t:14768-v:63467.0)-(t:68.811-t:14769-v:63314.0)-(t:68.827-t:14770-v:63275.0)-(t:68.846-t:14771-v:63260.0)-(t:68.866-t:14772-v:63239.0)-(t:68.881-t:14773-v:63237.0)-(t:68.897-t:14774-v:63210.0)-(t:68.916-t:14775-v:63203.0)-(t:68.936-t:14776-v:63184.0)-(t:68.939-t:14777-v:63176.0)-(t:68.956-t:14778-v:63171.0)-(t:68.958-t:14779-v:63167.0)-(t:68.959-t:14780-v:63155.0)-(t:68.961-t:14781-v:63132.0)-(t:68.974-t:14782-v:63130.0)-(t:68.978-t:14783-v:63100.0)-(t:68.991-t:14784-v:63070.0)-(t:68.995-t:14785-v:63069.0)-(t:68.999-t:14786-v:63066.0)-(t:69.003-t:14787-v:63054.0)-(t:69.008-t:14788-v:63038.0)-(t:69.010-t:14789-v:63034.0)-(t:69.014-t:14790-v:63024.0)-(t:69.015-t:14791-v:63019.0)-(t:69.028-t:14792-v:62942.0)-(t:69.049-t:14793-v:62924.0)-(t:69.070-t:14794-v:62918.0)-(t:69.087-t:14795-v:62915.0)-(t:69.103-t:14796-v:62822.0)-(t:70.827-t:15015-v:62650.0)-(t:70.831-t:15016-v:62527.0)-(t:98.434-t:21570-v:62418.0)-(t:98.454-t:21571-v:62411.0)-(t:98.455-t:21572-v:62386.0)-(t:98.456-t:21573-v:62385.0)-(t:98.456-t:21574-v:62384.0)-(t:98.458-t:21575-v:62375.0)-(t:98.458-t:21576-v:62371.0)-(t:98.459-t:21577-v:62297.0)-(t:98.462-t:21578-v:62282.0)-(t:98.478-t:21579-v:62280.0)-(t:98.478-t:21580-v:62272.0)-(t:98.495-t:21581-v:62246.0)-(t:98.517-t:21582-v:62221.0)-(t:98.537-t:21583-v:62220.0)-(t:98.558-t:21584-v:62219.0)-(t:98.579-t:21585-v:62197.0)-(t:98.600-t:21586-v:62186.0)-(t:98.619-t:21587-v:62107.0)-(t:98.642-t:21588-v:62079.0)-(t:98.646-t:21589-v:62037.0)-(t:98.647-t:21590-v:61985.0)-(t:98.660-t:21591-v:61837.0)-(t:98.682-t:21592-v:61772.0)-(t:98.705-t:21593-v:61746.0)-(t:98.726-t:21594-v:61742.0)-(t:98.747-t:21595-v:61733.0)-(t:98.769-t:21596-v:61719.0)-(t:98.791-t:21597-v:61696.0)-(t:98.814-t:21598-v:61661.0)-(t:98.836-t:21599-v:61650.0)-(t:98.857-t:21600-v:61649.0)-(t:98.881-t:21601-v:61637.0)],200.718
examples/tsp/tsplib/gr137.tsp,bestslopefirst,r1,900,0,94397.487,[(t:1.337-t:369-v:153303.331)-(t:1.337-t:370-v:152003.528)-(t:1.338-t:371-v:151864.873)-(t:1.340-t:372-v:150812.266)-(t:1.340-t:373-v:150687.714)-(t:1.341-t:374-v:150683.907)-(t:1.341-t:375-v:150669.006)-(t:1.341-t:376-v:150656.737)-(t:1.343-t:377-v:150441.197)-(t:1.343-t:378-v:150322.438)-(t:1.344-t:379-v:148118.763)-(t:1.345-t:380-v:147568.852)-(t:1.346-t:381-v:147509.226)-(t:1.349-t:382-v:146976.305)-(t:1.363-t:383-v:144332.948)-(t:1.365-t:384-v:131425.33)-(t:1.666-t:478-v:130492.033)-(t:1.666-t:479-v:130193.534)-(t:1.667-t:480-v:129084.498)-(t:1.667-t:481-v:128664.598)-(t:1.667-t:482-v:128188.05)-(t:1.668-t:483-v:127776.351)-(t:1.668-t:484-v:126690.701)-(t:1.668-t:485-v:126288.489)-(t:1.669-t:486-v:125898.822)-(t:1.670-t:487-v:125854.599)-(t:1.671-t:488-v:125831.097)-(t:1.675-t:489-v:125246.002)-(t:1.675-t:490-v:124687.077)-(t:1.676-t:491-v:124275.378)-(t:1.676-t:492-v:123212.296)-(t:1.676-t:493-v:122810.084)-(t:1.676-t:494-v:122697.621)-(t:2.191-t:690-v:122686.086)-(t:2.193-t:691-v:121774.924)-(t:2.194-t:692-v:121583.436)-(t:2.220-t:693-v:121272.06)-(t:2.223-t:694-v:120494.068)-(t:2.224-t:695-v:120171.245)-(t:2.225-t:696-v:119412.375)-(t:2.226-t:697-v:119336.113)-(t:2.227-t:698-v:118560.477)-(t:2.228-t:699-v:118286.815)-(t:2.230-t:700-v:118023.659)-(t:3.828-t:1814-v:117794.183)-(t:3.829-t:1815-v:117585.627)-(t:3.829-t:1816-v:117568.289)-(t:3.829-t:1817-v:117430.468)-(t:3.830-t:1818-v:116809.419)-(t:3.830-t:1819-v:116416.569)-(t:3.830-t:1820-v:116097.177)-(t:3.845-t:1821-v:116030.603)-(t:4.095-t:2074-v:115944.036)-(t:4.097-t:2075-v:115877.462)-(t:6.357-t:5190-v:113652.136)-(t:6.357-t:5191-v:113343.407)-(t:6.424-t:5274-v:113200.129)-(t:6.424-t:5275-v:111974.02)-(t:6.424-t:5276-v:111738.15)-(t:6.424-t:5277-v:110924.722)-(t:6.425-t:5278-v:110717.669)-(t:9.034-t:9126-v:107727.537)-(t:9.088-t:9198-v:107458.953)-(t:9.089-t:9199-v:107157.786)-(t:9.090-t:9200-v:106902.763)-(t:9.104-t:9201-v:106674.922)-(t:9.104-t:9202-v:106583.441)-(t:9.105-t:9203-v:106159.578)-(t:9.105-t:9204-v:105974.539)-(t:9.105-t:9205-v:105581.689)-(t:9.105-t:9206-v:105341.587)-(t:9.106-t:9207-v:105328.303)-(t:9.106-t:9208-v:105190.482)-(t:9.107-t:9209-v:104316.036)-(t:9.107-t:9210-v:104230.181)-(t:9.108-t:9211-v:103902.897)-(t:9.108-t:9212-v:103777.498)-(t:9.109-t:9213-v:103642.149)-(t:9.110-t:9214-v:103392.55)-(t:12.728-t:15639-v:102992.083)-(t:12.728-t:15640-v:101909.408)-(t:12.728-t:15641-v:101507.196)-(t:12.728-t:15642-v:101109.679)-(t:12.729-t:15643-v:100785.879)-(t:12.729-t:15644-v:100688.492)-(t:12.729-t:15645-v:100483.651)-(t:12.730-t:15646-v:99755.355)-(t:12.730-t:15647-v:99545.258)-(t:12.731-t:15648-v:99420.486)-(t:12.731-t:15649-v:99256.141)-(t:12.731-t:15650-v:99093.703)-(t:12.732-t:15651-v:98383.612)-(t:12.732-t:15652-v:98140.108)-(t:12.733-t:15653-v:97927.466)-(t:12.733-t:15654-v:97621.929)-(t:12.733-t:15655-v:96764.375)-(t:12.735-t:15656-v:96678.52)-(t:12.736-t:15657-v:95979.637)-(t:12.736-t:15658-v:95854.238)-(t:12.737-t:15659-v:95833.78)-(t:12.737-t:15660-v:95747.925)-(t:182.140-t:439323-v:95380.868)-(t:182.141-t:439324-v:95305.254)-(t:182.144-t:439325-v:95187.183)-(t:182.144-t:439326-v:94706.216)-(t:182.144-t:439327-v:94397.487)],238.051
examples/tsp/tsplib/rd400.tsp,random,r1,900,0,64660.731,[(t:2.494-t:1136-v:159589.618)-(t:2.494-t:1137-v:159095.305)-(t:2.495-t:1138-v:159059.416)-(t:2.495-t:1139-v:159011.81)-(t:2.495-t:1140-v:159004.485)-(t:2.498-t:1141-v:158857.238)-(t:2.505-t:1142-v:158830.349)-(t:2.508-t:1143-v:158796.736)-(t:2.509-t:1144-v:158773.466)-(t:2.509-t:1145-v:158518.303)-(t:2.511-t:1146-v:157818.195)-(t:2.511-t:1147-v:157815.563)-(t:2.511-t:1148-v:157813.622)-(t:2.511-t:1149-v:157758.585)-(t:2.512-t:1150-v:157486.101)-(t:2.512-t:1151-v:157427.21)-(t:2.512-t:1152-v:157385.614)-(t:2.512-t:1153-v:157360.609)-(t:2.513-t:1154-v:157245.099)-(t:2.514-t:1155-v:157227.905)-(t:2.516-t:1156-v:157210.391)-(t:2.517-t:1157-v:157188.224)-(t:2.532-t:1158-v:156871.07)-(t:2.534-t:1159-v:156844.415)-(t:2.534-t:1160-v:156738.764)-(t:2.536-t:1161-v:156658.327)-(t:2.537-t:1162-v:156538.504)-(t:2.551-t:1163-v:156448.048)-(t:2.552-t:1164-v:156406.539)-(t:2.552-t:1165-v:156402.055)-(t:2.554-t:1166-v:156348.676)-(t:2.554-t:1167-v:156220.346)-(t:2.555-t:1168-v:156128.349)-(t:2.555-t:1169-v:156002.927)-(t:2.555-t:1170-v:156000.817)-(t:2.555-t:1171-v:155970.485)-(t:2.557-t:1172-v:155938.52)-(t:2.559-t:1173-v:155900.968)-(t:2.561-t:1174-v:155895.773)-(t:2.562-t:1175-v:155802.736)-(t:2.565-t:1176-v:155778.165)-(t:2.565-t:1177-v:155724.138)-(t:2.567-t:1178-v:155723.819)-(t:2.580-t:1179-v:155665.039)-(t:2.581-t:1180-v:155659.116)-(t:2.581-t:1181-v:155653.519)-(t:2.588-t:1182-v:155615.632)-(t:2.588-t:1183-v:155507.404)-(t:2.588-t:1184-v:155430.99)-(t:2.589-t:1185-v:155197.387)-(t:2.591-t:1186-v:155170.105)-(t:2.593-t:1187-v:154820.482)-(t:2.594-t:1188-v:154771.938)-(t:2.597-t:1189-v:154539.731)-(t:2.600-t:1190-v:154448.765)-(t:2.600-t:1191-v:154373.502)-(t:2.600-t:1192-v:154351.675)-(t:2.601-t:1193-v:154237.85)-(t:2.601-t:1194-v:154210.952)-(t:2.601-t:1195-v:153980.602)-(t:2.601-t:1196-v:153869.045)-(t:2.602-t:1197-v:153834.58)-(t:2.602-t:1198-v:153677.114)-(t:2.616-t:1199-v:153607.753)-(t:2.618-t:1200-v:153587.619)-(t:2.634-t:1201-v:153513.089)-(t:2.634-t:1202-v:153438.089)-(t:2.635-t:1203-v:153424.769)-(t:2.635-t:1204-v:152709.382)-(t:2.635-t:1205-v:152674.208)-(t:2.638-t:1206-v:152297.521)-(t:2.638-t:1207-v:152182.279)-(t:2.640-t:1208-v:151954.899)-(t:2.641-t:1209-v:151844.336)-(t:2.643-t:1210-v:151793.793)-(t:2.644-t:1211-v:151792.623)-(t:2.644-t:1212-v:151658.153)-(t:2.646-t:1213-v:151625.443)-(t:2.647-t:1214-v:151475.97)-(t:2.647-t:1215-v:151257.404)-(t:2.647-t:1216-v:151201.797)-(t:2.649-t:1217-v:151152.6)-(t:2.657-t:1218-v:150718.392)-(t:2.658-t:1219-v:150636.543)-(t:2.659-t:1220-v:150582.075)-(t:2.660-t:1221-v:150579.549)-(t:2.674-t:1222-v:150567.461)-(t:2.676-t:1223-v:150503.341)-(t:2.677-t:1224-v:150475.874)-(t:2.679-t:1225-v:149927.139)-(t:2.680-t:1226-v:149924.782)-(t:2.682-t:1227-v:149836.616)-(t:2.682-t:1228-v:149811.625)-(t:2.682-t:1229-v:149719.169)-(t:2.684-t:1230-v:149549.96)-(t:2.686-t:1231-v:149446.451)-(t:2.704-t:1232-v:149441.455)-(t:2.707-t:1233-v:149356.295)-(t:2.708-t:1234-v:149283.787)-(t:2.711-t:1235-v:149279.48)-(t:2.713-t:1236-v:149270.187)-(t:2.720-t:1237-v:149132.102)-(t:2.722-t:1238-v:149076.656)-(t:2.724-t:1239-v:149072.386)-(t:2.725-t:1240-v:149024.404)-(t:2.728-t:1241-v:148675.755)-(t:2.754-t:1242-v:148659.291)-(t:2.757-t:1243-v:148611.844)-(t:2.761-t:1244-v:148453.64)-(t:2.763-t:1245-v:148357.608)-(t:2.764-t:1246-v:148355.955)-(t:2.765-t:1247-v:148344.495)-(t:2.781-t:1248-v:148291.893)-(t:2.786-t:1249-v:148165.032)-(t:2.786-t:1250-v:148135.234)-(t:2.789-t:1251-v:147744.916)-(t:2.789-t:1252-v:147714.584)-(t:2.791-t:1253-v:147708.166)-(t:2.796-t:1254-v:147594.583)-(t:2.798-t:1255-v:147367.029)-(t:2.801-t:1256-v:147270.237)-(t:2.817-t:1257-v:147263.818)-(t:2.820-t:1258-v:147253.27)-(t:2.823-t:1259-v:147142.663)-(t:2.823-t:1260-v:147118.456)-(t:2.825-t:1261-v:147047.759)-(t:2.825-t:1262-v:147017.427)-(t:2.852-t:1263-v:146951.538)-(t:2.859-t:1264-v:146926.91)-(t:2.862-t:1265-v:146922.296)-(t:2.867-t:1266-v:146817.136)-(t:2.870-t:1267-v:146805.907)-(t:2.886-t:1268-v:146737.893)-(t:2.892-t:1269-v:146623.277)-(t:2.892-t:1270-v:146561.171)-(t:2.909-t:1271-v:146501.083)-(t:2.910-t:1272-v:146411.63)-(t:2.916-t:1273-v:146095.534)-(t:2.917-t:1274-v:146057.177)-(t:2.919-t:1275-v:145970.164)-(t:2.920-t:1276-v:145894.441)-(t:2.938-t:1277-v:145849.674)-(t:2.942-t:1278-v:145504.513)-(t:2.942-t:1279-v:145489.015)-(t:2.943-t:1280-v:145477.513)-(t:2.943-t:1281-v:145457.04)-(t:2.944-t:1282-v:145429.478)-(t:2.944-t:1283-v:145399.636)-(t:2.945-t:1284-v:145365.166)-(t:2.945-t:1285-v:145279.671)-(t:2.946-t:1286-v:145264.787)-(t:2.961-t:1287-v:145147.345)-(t:2.961-t:1288-v:145125.178)-(t:2.963-t:1289-v:145085.682)-(t:2.964-t:1290-v:144734.897)-(t:2.964-t:1291-v:144458.173)-(t:2.964-t:1292-v:144447.676)-(t:2.965-t:1293-v:144440.202)-(t:2.966-t:1294-v:144373.958)-(t:2.967-t:1295-v:144299.76)-(t:2.967-t:1296-v:144259.676)-(t:2.967-t:1297-v:144256.273)-(t:2.968-t:1298-v:144176.362)-(t:2.969-t:1299-v:144082.47)-(t:2.970-t:1300-v:143554.344)-(t:2.985-t:1301-v:143227.315)-(t:2.985-t:1302-v:143207.964)-(t:2.985-t:1303-v:143131.668)-(t:2.985-t:1304-v:143101.336)-(t:2.986-t:1305-v:143096.778)-(t:2.987-t:1306-v:143095.158)-(t:2.987-t:1307-v:143092.512)-(t:2.990-t:1308-v:143062.185)-(t:2.993-t:1309-v:143049.641)-(t:2.993-t:1310-v:143025.156)-(t:2.994-t:1311-v:143002.989)-(t:2.998-t:1312-v:142880.056)-(t:3.015-t:1313-v:142827.716)-(t:3.017-t:1314-v:142698.381)-(t:3.021-t:1315-v:142456.688)-(t:3.024-t:1316-v:142183.273)-(t:3.040-t:1317-v:141662.654)-(t:3.042-t:1318-v:141633.262)-(t:3.042-t:1319-v:141594.382)-(t:3.043-t:1320-v:141498.86)-(t:3.060-t:1321-v:141406.519)-(t:3.061-t:1322-v:141400.542)-(t:3.061-t:1323-v:141399.279)-(t:3.062-t:1324-v:141342.251)-(t:3.062-t:1325-v:141330.517)-(t:3.065-t:1326-v:141321.875)-(t:3.066-t:1327-v:141259.521)-(t:3.068-t:1328-v:141176.203)-(t:3.070-t:1329-v:141166.974)-(t:3.070-t:1330-v:141151.128)-(t:3.070-t:1331-v:141095.171)-(t:3.070-t:1332-v:141069.076)-(t:3.071-t:1333-v:140893.497)-(t:3.072-t:1334-v:140877.879)-(t:3.078-t:1335-v:140454.036)-(t:3.080-t:1336-v:139999.045)-(t:3.081-t:1337-v:139944.475)-(t:3.088-t:1338-v:139828.174)-(t:3.090-t:1339-v:139607.225)-(t:3.093-t:1340-v:139605.171)-(t:3.102-t:1341-v:139567.309)-(t:3.103-t:1342-v:139542.477)-(t:3.104-t:1343-v:139510.556)-(t:3.104-t:1344-v:139480.224)-(t:3.106-t:1345-v:138902.713)-(t:3.106-t:1346-v:138799.957)-(t:3.107-t:1347-v:138686.0)-(t:3.110-t:1348-v:138447.923)-(t:3.130-t:1349-v:138333.641)-(t:3.130-t:1350-v:138247.469)-(t:3.131-t:1351-v:138245.441)-(t:3.139-t:1352-v:138228.183)-(t:3.140-t:1353-v:138173.784)-(t:3.143-t:1354-v:138137.152)-(t:3.143-t:1355-v:138106.97)-(t:3.145-t:1356-v:138069.01)-(t:3.146-t:1357-v:138036.921)-(t:3.147-t:1358-v:138014.754)-(t:3.147-t:1359-v:137979.422)-(t:3.147-t:1360-v:137949.09)-(t:3.165-t:1361-v:137879.605)-(t:3.182-t:1362-v:137852.704)-(t:3.183-t:1363-v:137835.753)-(t:3.183-t:1364-v:137787.536)-(t:3.184-t:1365-v:137783.272)-(t:3.185-t:1366-v:137645.464)-(t:3.186-t:1367-v:137624.811)-(t:3.186-t:1368-v:137607.648)-(t:3.191-t:1369-v:137246.298)-(t:3.193-t:1370-v:137114.586)-(t:3.210-t:1371-v:137098.256)-(t:3.211-t:1372-v:137097.901)-(t:3.215-t:1373-v:136797.284)-(t:3.218-t:1374-v:136614.84)-(t:3.219-t:1375-v:136511.352)-(t:3.221-t:1376-v:136410.986)-(t:3.224-t:1377-v:136346.813)-(t:3.228-t:1378-v:136258.81)-(t:3.228-t:1379-v:136199.147)-(t:3.248-t:1380-v:136190.7)-(t:3.251-t:1381-v:136180.021)-(t:3.252-t:1382-v:136082.732)-(t:3.256-t:1383-v:136035.855)-(t:3.272-t:1384-v:135832.077)-(t:3.272-t:1385-v:135788.481)-(t:3.275-t:1386-v:135534.123)-(t:3.276-t:1387-v:135533.146)-(t:3.278-t:1388-v:135468.968)-(t:3.278-t:1389-v:135446.203)-(t:3.279-t:1390-v:135444.459)-(t:3.279-t:1391-v:135396.748)-(t:3.279-t:1392-v:135391.231)-(t:3.289-t:1393-v:135373.564)-(t:3.290-t:1394-v:135331.144)-(t:3.291-t:1395-v:135272.678)-(t:3.291-t:1396-v:135149.289)-(t:3.291-t:1397-v:135139.525)-(t:3.291-t:1398-v:134901.216)-(t:3.292-t:1399-v:134342.622)-(t:3.292-t:1400-v:134337.771)-(t:3.293-t:1401-v:134236.646)-(t:3.294-t:1402-v:134223.85)-(t:3.295-t:1403-v:134214.311)-(t:3.296-t:1404-v:134203.24)-(t:3.296-t:1405-v:134130.253)-(t:3.308-t:1406-v:134075.106)-(t:3.309-t:1407-v:134073.298)-(t:3.310-t:1408-v:134066.377)-(t:3.310-t:1409-v:133882.191)-(t:3.312-t:1410-v:133820.597)-(t:3.315-t:1411-v:133815.952)-(t:3.317-t:1412-v:133765.067)-(t:3.317-t:1413-v:133758.998)-(t:3.320-t:1414-v:133078.827)-(t:3.333-t:1415-v:132701.903)-(t:3.335-t:1416-v:132691.881)-(t:3.336-t:1417-v:132637.156)-(t:3.339-t:1418-v:132625.236)-(t:3.340-t:1419-v:132610.02)-(t:3.357-t:1420-v:132605.828)-(t:3.359-t:1421-v:132561.42)-(t:3.361-t:1422-v:132512.074)-(t:3.362-t:1423-v:132505.181)-(t:3.365-t:1424-v:132229.546)-(t:3.366-t:1425-v:132133.263)-(t:3.366-t:1426-v:131965.301)-(t:3.367-t:1427-v:131910.69)-(t:3.367-t:1428-v:131893.023)-(t:3.367-t:1429-v:131840.711)-(t:3.368-t:1430-v:131779.752)-(t:3.370-t:1431-v:131429.968)-(t:3.373-t:1432-v:131362.496)-(t:3.373-t:1433-v:131332.823)-(t:3.374-t:1434-v:131310.57)-(t:3.390-t:1435-v:131281.328)-(t:3.391-t:1436-v:131200.222)-(t:3.391-t:1437-v:131115.822)-(t:3.392-t:1438-v:131111.516)-(t:3.394-t:1439-v:131057.567)-(t:3.394-t:1440-v:131010.7)-(t:3.394-t:1441-v:131004.631)-(t:3.402-t:1442-v:130955.412)-(t:3.403-t:1443-v:130914.556)-(t:3.403-t:1444-v:130898.562)-(t:3.403-t:1445-v:130826.78)-(t:3.405-t:1446-v:130795.483)-(t:3.408-t:1447-v:130522.604)-(t:3.424-t:1448-v:130453.584)-(t:3.426-t:1449-v:130089.85)-(t:3.427-t:1450-v:130082.944)-(t:3.430-t:1451-v:130048.462)-(t:3.431-t:1452-v:130040.275)-(t:3.433-t:1453-v:130004.178)-(t:3.434-t:1454-v:129980.629)-(t:3.442-t:1455-v:129908.46)-(t:3.443-t:1456-v:129883.058)-(t:3.443-t:1457-v:129784.794)-(t:3.444-t:1458-v:129687.417)-(t:3.445-t:1459-v:129679.651)-(t:3.448-t:1460-v:129544.617)-(t:3.450-t:1461-v:129513.463)-(t:3.467-t:1462-v:129511.753)-(t:3.486-t:1463-v:129502.911)-(t:3.489-t:1464-v:129437.76)-(t:3.491-t:1465-v:129401.584)-(t:3.494-t:1466-v:129129.63)-(t:3.497-t:1467-v:128839.9)-(t:3.506-t:1468-v:128751.007)-(t:3.508-t:1469-v:128648.786)-(t:3.510-t:1470-v:128376.198)-(t:3.511-t:1471-v:128353.715)-(t:3.511-t:1472-v:128338.439)-(t:3.512-t:1473-v:128337.36)-(t:3.515-t:1474-v:128298.14)-(t:3.529-t:1475-v:128285.631)-(t:3.530-t:1476-v:128239.683)-(t:3.532-t:1477-v:128235.996)-(t:3.533-t:1478-v:128125.916)-(t:3.534-t:1479-v:128101.897)-(t:3.534-t:1480-v:128082.897)-(t:3.534-t:1481-v:128029.914)-(t:3.540-t:1482-v:128028.887)-(t:3.554-t:1483-v:127975.24)-(t:3.556-t:1484-v:127942.952)-(t:3.557-t:1485-v:127881.246)-(t:3.558-t:1486-v:127855.353)-(t:3.558-t:1487-v:127558.301)-(t:3.559-t:1488-v:127547.947)-(t:3.562-t:1489-v:127520.883)-(t:3.563-t:1490-v:127509.101)-(t:3.564-t:1491-v:127481.279)-(t:3.568-t:1492-v:127480.803)-(t:3.570-t:1493-v:127462.491)-(t:3.573-t:1494-v:127403.883)-(t:3.581-t:1495-v:127372.729)-(t:3.585-t:1496-v:127328.668)-(t:3.587-t:1497-v:127318.295)-(t:3.587-t:1498-v:127312.226)-(t:3.602-t:1499-v:127277.238)-(t:3.604-t:1500-v:127193.394)-(t:3.606-t:1501-v:126978.402)-(t:3.623-t:1502-v:126902.126)-(t:3.626-t:1503-v:126892.615)-(t:3.629-t:1504-v:126848.927)-(t:3.631-t:1505-v:126829.819)-(t:3.635-t:1506-v:126757.585)-(t:3.653-t:1507-v:126681.854)-(t:3.657-t:1508-v:126548.897)-(t:3.659-t:1509-v:126479.0)-(t:3.662-t:1510-v:126435.262)-(t:3.663-t:1511-v:126418.17)-(t:3.678-t:1512-v:126289.991)-(t:3.679-t:1513-v:126206.164)-(t:3.680-t:1514-v:126169.355)-(t:3.680-t:1515-v:126139.023)-(t:3.680-t:1516-v:126091.805)-(t:3.683-t:1517-v:126057.32)-(t:3.686-t:1518-v:125786.437)-(t:3.689-t:1519-v:125716.169)-(t:3.692-t:1520-v:125700.955)-(t:3.693-t:1521-v:125648.867)-(t:3.709-t:1522-v:125631.107)-(t:3.710-t:1523-v:125595.213)-(t:3.715-t:1524-v:125414.466)-(t:3.716-t:1525-v:125387.791)-(t:3.717-t:1526-v:125287.039)-(t:3.718-t:1527-v:125179.515)-(t:3.723-t:1528-v:124994.03)-(t:3.737-t:1529-v:124894.096)-(t:3.739-t:1530-v:124843.844)-(t:3.756-t:1531-v:124837.805)-(t:3.760-t:1532-v:124712.841)-(t:3.761-t:1533-v:124350.316)-(t:3.762-t:1534-v:124290.913)-(t:3.765-t:1535-v:124285.275)-(t:3.767-t:1536-v:124138.263)-(t:3.769-t:1537-v:124086.457)-(t:3.771-t:1538-v:124084.083)-(t:3.774-t:1539-v:124055.423)-(t:3.790-t:1540-v:124038.696)-(t:3.793-t:1541-v:123795.839)-(t:3.810-t:1542-v:123656.984)-(t:3.812-t:1543-v:123651.43)-(t:3.812-t:1544-v:123647.033)-(t:3.817-t:1545-v:123642.526)-(t:3.820-t:1546-v:123530.869)-(t:3.823-t:1547-v:123514.995)-(t:3.826-t:1548-v:123222.808)-(t:3.842-t:1549-v:123111.409)-(t:3.845-t:1550-v:123103.024)-(t:3.848-t:1551-v:123074.243)-(t:3.851-t:1552-v:123066.149)-(t:3.868-t:1553-v:122573.935)-(t:3.870-t:1554-v:122555.296)-(t:3.870-t:1555-v:122338.781)-(t:3.872-t:1556-v:122328.369)-(t:3.874-t:1557-v:122328.366)-(t:3.876-t:1558-v:122322.063)-(t:3.881-t:1559-v:122316.641)-(t:3.883-t:1560-v:122298.206)-(t:3.906-t:1561-v:122125.391)-(t:3.909-t:1562-v:122112.204)-(t:3.910-t:1563-v:122110.902)-(t:3.910-t:1564-v:122074.949)-(t:3.911-t:1565-v:122060.812)-(t:3.913-t:1566-v:122034.673)-(t:3.914-t:1567-v:122023.896)-(t:3.931-t:1568-v:121734.624)-(t:3.937-t:1569-v:121714.682)-(t:3.953-t:1570-v:121578.817)-(t:3.957-t:1571-v:121520.477)-(t:3.959-t:1572-v:121449.358)-(t:3.962-t:1573-v:121447.339)-(t:3.979-t:1574-v:121307.891)-(t:3.980-t:1575-v:121289.847)-(t:3.983-t:1576-v:120964.792)-(t:3.986-t:1577-v:120876.843)-(t:4.003-t:1578-v:120874.793)-(t:4.007-t:1579-v:120771.781)-(t:4.008-t:1580-v:120761.108)-(t:4.009-t:1581-v:120740.678)-(t:4.010-t:1582-v:120713.881)-(t:4.011-t:1583-v:120458.105)-(t:4.011-t:1584-v:120457.775)-(t:4.012-t:1585-v:120452.29)-(t:4.028-t:1586-v:120398.118)-(t:4.031-t:1587-v:120353.173)-(t:4.033-t:1588-v:120274.477)-(t:4.037-t:1589-v:120210.932)-(t:4.053-t:1590-v:119856.689)-(t:4.054-t:1591-v:119811.078)-(t:4.054-t:1592-v:119781.978)-(t:4.055-t:1593-v:119781.386)-(t:4.055-t:1594-v:119724.882)-(t:4.055-t:1595-v:119535.633)-(t:4.055-t:1596-v:119517.966)-(t:4.055-t:1597-v:119326.124)-(t:4.055-t:1598-v:119259.452)-(t:4.057-t:1599-v:119259.225)-(t:4.058-t:1600-v:119006.499)-(t:4.064-t:1601-v:118615.67)-(t:4.065-t:1602-v:118612.881)-(t:4.071-t:1603-v:118476.14)-(t:4.071-t:1604-v:118369.948)-(t:4.074-t:1605-v:118366.057)-(t:4.092-t:1606-v:118341.418)-(t:4.094-t:1607-v:118308.56)-(t:4.096-t:1608-v:118291.816)-(t:4.100-t:1609-v:118143.181)-(t:4.117-t:1610-v:117871.993)-(t:4.117-t:1611-v:117859.89)-(t:4.117-t:1612-v:117848.283)-(t:4.120-t:1613-v:117841.713)-(t:4.120-t:1614-v:117836.341)-(t:4.121-t:1615-v:117807.407)-(t:4.138-t:1616-v:117794.16)-(t:4.139-t:1617-v:117785.819)-(t:4.145-t:1618-v:117616.75)-(t:4.149-t:1619-v:117609.948)-(t:4.153-t:1620-v:117557.586)-(t:4.154-t:1621-v:117541.236)-(t:4.171-t:1622-v:117372.485)-(t:4.172-t:1623-v:117371.46)-(t:4.172-t:1624-v:117327.095)-(t:4.175-t:1625-v:117324.288)-(t:4.191-t:1626-v:117318.921)-(t:4.194-t:1627-v:117163.08)-(t:4.194-t:1628-v:117154.63)-(t:4.195-t:1629-v:117138.248)-(t:4.214-t:1630-v:117114.997)-(t:4.215-t:1631-v:117100.923)-(t:4.218-t:1632-v:117085.325)-(t:4.218-t:1633-v:117072.782)-(t:4.219-t:1634-v:117066.364)-(t:4.222-t:1635-v:117059.677)-(t:4.232-t:1636-v:116973.199)-(t:4.233-t:1637-v:116848.046)-(t:4.233-t:1638-v:116846.93)-(t:4.237-t:1639-v:116459.329)-(t:4.237-t:1640-v:116452.535)-(t:4.238-t:1641-v:116444.499)-(t:4.238-t:1642-v:116442.509)-(t:4.239-t:1643-v:116440.398)-(t:4.255-t:1644-v:116413.061)-(t:4.255-t:1645-v:116411.684)-(t:4.257-t:1646-v:116235.055)-(t:4.259-t:1647-v:116228.739)-(t:4.261-t:1648-v:116146.227)-(t:4.262-t:1649-v:116146.105)-(t:4.283-t:1650-v:116134.185)-(t:4.289-t:1651-v:116098.466)-(t:4.296-t:1652-v:116004.628)-(t:4.315-t:1653-v:116002.697)-(t:4.316-t:1654-v:115988.637)-(t:4.318-t:1655-v:115980.994)-(t:4.324-t:1656-v:115827.831)-(t:4.334-t:1657-v:115820.57)-(t:4.344-t:1658-v:115689.361)-(t:4.345-t:1659-v:115634.769)-(t:4.349-t:1660-v:115378.577)-(t:4.351-t:1661-v:115340.242)-(t:4.369-t:1662-v:115339.726)-(t:4.373-t:1663-v:115328.007)-(t:4.377-t:1664-v:115312.8)-(t:4.404-t:1665-v:115166.895)-(t:4.406-t:1666-v:115152.671)-(t:4.407-t:1667-v:115084.843)-(t:4.413-t:1668-v:115074.043)-(t:4.417-t:1669-v:115059.849)-(t:4.422-t:1670-v:115038.424)-(t:4.439-t:1671-v:114754.824)-(t:4.441-t:1672-v:114735.1)-(t:4.459-t:1673-v:114696.882)-(t:4.464-t:1674-v:114554.439)-(t:4.484-t:1675-v:114487.695)-(t:4.485-t:1676-v:114382.222)-(t:4.487-t:1677-v:114341.596)-(t:4.489-t:1678-v:114323.99)-(t:4.494-t:1679-v:113635.008)-(t:4.494-t:1680-v:113612.254)-(t:4.495-t:1681-v:113565.721)-(t:4.498-t:1682-v:113510.357)-(t:4.502-t:1683-v:113311.523)-(t:4.516-t:1684-v:113287.898)-(t:4.517-t:1685-v:113261.772)-(t:4.525-t:1686-v:113244.834)-(t:4.542-t:1687-v:112851.59)-(t:4.544-t:1688-v:112843.163)-(t:4.544-t:1689-v:112838.677)-(t:4.545-t:1690-v:112834.378)-(t:4.564-t:1691-v:112832.009)-(t:4.568-t:1692-v:112734.435)-(t:4.572-t:1693-v:112698.716)-(t:4.582-t:1694-v:112647.216)-(t:4.585-t:1695-v:112597.371)-(t:4.612-t:1696-v:112596.165)-(t:4.617-t:1697-v:112582.678)-(t:4.620-t:1698-v:112536.357)-(t:4.622-t:1699-v:112449.246)-(t:4.637-t:1700-v:112415.136)-(t:4.638-t:1701-v:112387.639)-(t:4.642-t:1702-v:112366.806)-(t:4.648-t:1703-v:112272.27)-(t:4.648-t:1704-v:112254.625)-(t:4.651-t:1705-v:112229.443)-(t:4.652-t:1706-v:112173.6)-(t:4.656-t:1707-v:111918.368)-(t:4.657-t:1708-v:111892.166)-(t:4.672-t:1709-v:110980.423)-(t:4.673-t:1710-v:110977.549)-(t:4.675-t:1711-v:110973.308)-(t:4.680-t:1712-v:110962.188)-(t:4.680-t:1713-v:110790.054)-(t:4.681-t:1714-v:110674.14)-(t:4.682-t:1715-v:110575.886)-(t:4.688-t:1716-v:110388.315)-(t:4.694-t:1717-v:110365.922)-(t:4.696-t:1718-v:110334.329)-(t:4.712-t:1719-v:110288.955)-(t:4.713-t:1720-v:110277.837)-(t:4.715-t:1721-v:110236.69)-(t:4.718-t:1722-v:110234.133)-(t:4.718-t:1723-v:110195.503)-(t:4.721-t:1724-v:110185.924)-(t:4.723-t:1725-v:110183.562)-(t:4.725-t:1726-v:110173.616)-(t:4.729-t:1727-v:110059.344)-(t:4.737-t:1728-v:109979.492)-(t:4.738-t:1729-v:109761.463)-(t:4.738-t:1730-v:109759.114)-(t:4.744-t:1731-v:109207.461)-(t:4.748-t:1732-v:109060.001)-(t:4.754-t:1733-v:108983.084)-(t:4.758-t:1734-v:108913.828)-(t:4.758-t:1735-v:108908.583)-(t:4.759-t:1736-v:108856.327)-(t:4.763-t:1737-v:108846.859)-(t:4.767-t:1738-v:108808.34)-(t:4.770-t:1739-v:108806.832)-(t:4.771-t:1740-v:108762.141)-(t:4.772-t:1741-v:108736.512)-(t:4.776-t:1742-v:108731.265)-(t:4.783-t:1743-v:108349.049)-(t:4.786-t:1744-v:108316.37)-(t:4.789-t:1745-v:108122.227)-(t:4.792-t:1746-v:108055.174)-(t:4.795-t:1747-v:108033.606)-(t:4.800-t:1748-v:107990.47)-(t:4.802-t:1749-v:107949.97)-(t:4.805-t:1750-v:107939.921)-(t:4.807-t:1751-v:107848.912)-(t:4.811-t:1752-v:107840.729)-(t:4.815-t:1753-v:107765.712)-(t:4.818-t:1754-v:107764.091)-(t:4.822-t:1755-v:107758.382)-(t:4.823-t:1756-v:107480.903)-(t:4.829-t:1757-v:107383.755)-(t:4.833-t:1758-v:106892.947)-(t:4.837-t:1759-v:106831.512)-(t:4.839-t:1760-v:106712.871)-(t:4.846-t:1761-v:106658.507)-(t:4.852-t:1762-v:106627.588)-(t:4.858-t:1763-v:106339.796)-(t:4.860-t:1764-v:106126.147)-(t:4.865-t:1765-v:106081.159)-(t:4.866-t:1766-v:106026.601)-(t:4.869-t:1767-v:105318.431)-(t:4.877-t:1768-v:105316.909)-(t:4.891-t:1769-v:105275.516)-(t:4.899-t:1770-v:105262.299)-(t:4.902-t:1771-v:105240.891)-(t:4.903-t:1772-v:105239.39)-(t:4.908-t:1773-v:105208.433)-(t:4.920-t:1774-v:105203.689)-(t:4.921-t:1775-v:105184.0)-(t:4.928-t:1776-v:105045.522)-(t:4.928-t:1777-v:105034.461)-(t:4.929-t:1778-v:105021.909)-(t:4.932-t:1779-v:104970.111)-(t:4.932-t:1780-v:104938.297)-(t:4.934-t:1781-v:104928.718)-(t:4.939-t:1782-v:104529.276)-(t:4.939-t:1783-v:104515.472)-(t:4.942-t:1784-v:104494.039)-(t:4.943-t:1785-v:104486.664)-(t:4.946-t:1786-v:104486.609)-(t:4.947-t:1787-v:104468.817)-(t:4.950-t:1788-v:104459.247)-(t:4.951-t:1789-v:104366.132)-(t:4.953-t:1790-v:104359.802)-(t:4.954-t:1791-v:104316.747)-(t:4.957-t:1792-v:104292.654)-(t:4.958-t:1793-v:104243.556)-(t:4.963-t:1794-v:104109.87)-(t:4.970-t:1795-v:104076.448)-(t:4.980-t:1796-v:104070.045)-(t:4.982-t:1797-v:104063.664)-(t:4.988-t:1798-v:104055.224)-(t:4.994-t:1799-v:103958.56)-(t:5.001-t:1800-v:103725.859)-(t:5.003-t:1801-v:103720.238)-(t:5.005-t:1802-v:103687.541)-(t:5.008-t:1803-v:103666.962)-(t:5.013-t:1804-v:103437.851)-(t:5.015-t:1805-v:103431.98)-(t:5.019-t:1806-v:103407.581)-(t:5.024-t:1807-v:103378.133)-(t:5.025-t:1808-v:103345.108)-(t:5.030-t:1809-v:103295.263)-(t:5.034-t:1810-v:103160.862)-(t:5.034-t:1811-v:102848.717)-(t:5.036-t:1812-v:102830.216)-(t:5.038-t:1813-v:102815.583)-(t:5.044-t:1814-v:102773.736)-(t:5.049-t:1815-v:102745.172)-(t:5.050-t:1816-v:102732.864)-(t:5.059-t:1817-v:102633.953)-(t:5.064-t:1818-v:102555.775)-(t:5.068-t:1819-v:102330.77)-(t:5.068-t:1820-v:102262.862)-(t:5.069-t:1821-v:102230.284)-(t:5.072-t:1822-v:102188.876)-(t:5.080-t:1823-v:102186.459)-(t:5.084-t:1824-v:102152.139)-(t:5.091-t:1825-v:102077.902)-(t:5.092-t:1826-v:101967.662)-(t:5.095-t:1827-v:101844.286)-(t:5.099-t:1828-v:101790.75)-(t:5.102-t:1829-v:101789.028)-(t:5.109-t:1830-v:101673.524)-(t:5.110-t:1831-v:101600.221)-(t:5.114-t:1832-v:101592.921)-(t:5.117-t:1833-v:101573.515)-(t:5.118-t:1834-v:101498.104)-(t:5.126-t:1835-v:101468.493)-(t:5.128-t:1836-v:101437.459)-(t:5.133-t:1837-v:101407.275)-(t:5.137-t:1838-v:101290.141)-(t:5.145-t:1839-v:101217.174)-(t:5.147-t:1840-v:101212.096)-(t:5.149-t:1841-v:101203.134)-(t:5.153-t:1842-v:101167.459)-(t:5.154-t:1843-v:101129.639)-(t:5.155-t:1844-v:101064.409)-(t:5.157-t:1845-v:101055.872)-(t:5.159-t:1846-v:100972.061)-(t:5.160-t:1847-v:100863.525)-(t:5.160-t:1848-v:100817.8)-(t:5.160-t:1849-v:100807.564)-(t:5.161-t:1850-v:100785.006)-(t:5.163-t:1851-v:100716.072)-(t:5.165-t:1852-v:100691.225)-(t:5.166-t:1853-v:100527.977)-(t:5.169-t:1854-v:100509.884)-(t:5.183-t:1855-v:100480.999)-(t:5.184-t:1856-v:100479.775)-(t:5.189-t:1857-v:100389.325)-(t:5.191-t:1858-v:100359.922)-(t:5.201-t:1859-v:100243.21)-(t:5.202-t:1860-v:100222.524)-(t:5.203-t:1861-v:100221.159)-(t:5.204-t:1862-v:100117.141)-(t:5.208-t:1863-v:100100.448)-(t:5.208-t:1864-v:100079.545)-(t:5.213-t:1865-v:100069.432)-(t:5.217-t:1866-v:100063.928)-(t:5.223-t:1867-v:100047.326)-(t:5.228-t:1868-v:100041.292)-(t:5.234-t:1869-v:99813.204)-(t:5.237-t:1870-v:99799.844)-(t:5.241-t:1871-v:99579.532)-(t:5.243-t:1872-v:99576.227)-(t:5.251-t:1873-v:99290.631)-(t:5.258-t:1874-v:99289.224)-(t:5.263-t:1875-v:99153.063)-(t:5.269-t:1876-v:99152.67)-(t:5.276-t:1877-v:98930.977)-(t:5.277-t:1878-v:98912.838)-(t:5.288-t:1879-v:98682.676)-(t:5.289-t:1880-v:98455.515)-(t:5.290-t:1881-v:98389.423)-(t:5.290-t:1882-v:98245.354)-(t:5.292-t:1883-v:98184.517)-(t:5.293-t:1884-v:98106.255)-(t:5.298-t:1885-v:98104.819)-(t:5.299-t:1886-v:98054.593)-(t:5.301-t:1887-v:98049.925)-(t:5.310-t:1888-v:98042.99)-(t:5.316-t:1889-v:98020.386)-(t:5.323-t:1890-v:97992.456)-(t:5.325-t:1891-v:97909.198)-(t:5.326-t:1892-v:97871.924)-(t:5.326-t:1893-v:97825.13)-(t:5.327-t:1894-v:97628.657)-(t:5.328-t:1895-v:97625.674)-(t:5.330-t:1896-v:97618.858)-(t:5.333-t:1897-v:97512.419)-(t:5.339-t:1898-v:97504.866)-(t:5.342-t:1899-v:97492.362)-(t:5.342-t:1900-v:97172.371)-(t:5.346-t:1901-v:97171.982)-(t:5.354-t:1902-v:97159.982)-(t:5.355-t:1903-v:97055.766)-(t:5.360-t:1904-v:96969.727)-(t:5.362-t:1905-v:96866.811)-(t:5.362-t:1906-v:96723.809)-(t:5.363-t:1907-v:96721.409)-(t:5.364-t:1908-v:96711.432)-(t:5.368-t:1909-v:96707.451)-(t:5.371-t:1910-v:96704.776)-(t:5.377-t:1911-v:96697.081)-(t:5.381-t:1912-v:96612.061)-(t:5.386-t:1913-v:96463.221)-(t:5.387-t:1914-v:96388.662)-(t:5.390-t:1915-v:96338.753)-(t:5.390-t:1916-v:96263.913)-(t:5.393-t:1917-v:96078.77)-(t:5.395-t:1918-v:95957.685)-(t:5.396-t:1919-v:95957.648)-(t:5.399-t:1920-v:95922.545)-(t:5.401-t:1921-v:95869.842)-(t:5.405-t:1922-v:95858.969)-(t:5.408-t:1923-v:95833.943)-(t:5.412-t:1924-v:95753.354)-(t:5.416-t:1925-v:95738.837)-(t:5.431-t:1926-v:95591.874)-(t:5.437-t:1927-v:95020.433)-(t:5.440-t:1928-v:94980.295)-(t:5.445-t:1929-v:94670.647)-(t:5.445-t:1930-v:94667.688)-(t:5.452-t:1931-v:94571.885)-(t:5.453-t:1932-v:94568.006)-(t:5.453-t:1933-v:94563.921)-(t:5.453-t:1934-v:94561.019)-(t:5.454-t:1935-v:94559.063)-(t:5.455-t:1936-v:94546.328)-(t:5.455-t:1937-v:94533.343)-(t:5.458-t:1938-v:94520.196)-(t:5.461-t:1939-v:94510.103)-(t:5.461-t:1940-v:94423.216)-(t:5.467-t:1941-v:94320.192)-(t:5.473-t:1942-v:93768.047)-(t:5.476-t:1943-v:93733.034)-(t:5.485-t:1944-v:93663.209)-(t:5.491-t:1945-v:93602.069)-(t:5.498-t:1946-v:93401.199)-(t:5.499-t:1947-v:93400.911)-(t:5.500-t:1948-v:93339.556)-(t:5.502-t:1949-v:93322.504)-(t:5.504-t:1950-v:93314.943)-(t:5.508-t:1951-v:93214.194)-(t:5.508-t:1952-v:93204.615)-(t:5.512-t:1953-v:93199.33)-(t:5.513-t:1954-v:93172.128)-(t:5.519-t:1955-v:93169.406)-(t:5.525-t:1956-v:93167.792)-(t:5.527-t:1957-v:93147.85)-(t:5.532-t:1958-v:93087.731)-(t:5.534-t:1959-v:93079.491)-(t:5.538-t:1960-v:93066.793)-(t:5.540-t:1961-v:93063.373)-(t:5.549-t:1962-v:93045.708)-(t:5.552-t:1963-v:92951.258)-(t:5.557-t:1964-v:92945.931)-(t:5.564-t:1965-v:92757.805)-(t:5.564-t:1966-v:92623.759)-(t:5.567-t:1967-v:92623.142)-(t:5.573-t:1968-v:92547.468)-(t:5.574-t:1969-v:92430.756)-(t:5.577-t:1970-v:92395.417)-(t:5.585-t:1971-v:92376.849)-(t:5.586-t:1972-v:92197.84)-(t:5.586-t:1973-v:92191.565)-(t:5.586-t:1974-v:92176.445)-(t:5.587-t:1975-v:92120.212)-(t:5.590-t:1976-v:92116.974)-(t:5.594-t:1977-v:92104.613)-(t:5.601-t:1978-v:92082.939)-(t:5.607-t:1979-v:92009.972)-(t:5.612-t:1980-v:91995.841)-(t:5.620-t:1981-v:91932.234)-(t:5.620-t:1982-v:91925.655)-(t:5.624-t:1983-v:91915.315)-(t:5.629-t:1984-v:91914.133)-(t:5.634-t:1985-v:91898.099)-(t:5.640-t:1986-v:91803.819)-(t:5.646-t:1987-v:91793.428)-(t:5.652-t:1988-v:91778.769)-(t:5.660-t:1989-v:91768.169)-(t:5.665-t:1990-v:91686.248)-(t:5.669-t:1991-v:91656.881)-(t:5.670-t:1992-v:91599.825)-(t:5.675-t:1993-v:91572.186)-(t:5.685-t:1994-v:91425.247)-(t:5.689-t:1995-v:91382.774)-(t:5.694-t:1996-v:91364.889)-(t:5.701-t:1997-v:91229.946)-(t:5.703-t:1998-v:91204.383)-(t:5.706-t:1999-v:91024.025)-(t:5.707-t:2000-v:90938.191)-(t:5.709-t:2001-v:90916.927)-(t:5.715-t:2002-v:90908.97)-(t:5.720-t:2003-v:90770.71)-(t:5.726-t:2004-v:90338.866)-(t:5.729-t:2005-v:90263.827)-(t:5.736-t:2006-v:89579.693)-(t:5.736-t:2007-v:89576.486)-(t:5.736-t:2008-v:89573.324)-(t:5.740-t:2009-v:89572.237)-(t:5.746-t:2010-v:89454.424)-(t:5.746-t:2011-v:89431.86)-(t:5.754-t:2012-v:89306.595)-(t:5.759-t:2013-v:89239.361)-(t:5.765-t:2014-v:88860.968)-(t:5.767-t:2015-v:88842.603)-(t:5.770-t:2016-v:88631.076)-(t:5.772-t:2017-v:88438.302)-(t:5.778-t:2018-v:88419.341)-(t:5.782-t:2019-v:88411.538)-(t:5.785-t:2020-v:88083.538)-(t:5.786-t:2021-v:88007.579)-(t:5.794-t:2022-v:88003.577)-(t:5.801-t:2023-v:87969.321)-(t:5.802-t:2024-v:87962.986)-(t:5.807-t:2025-v:87946.03)-(t:5.812-t:2026-v:87759.478)-(t:5.818-t:2027-v:87493.307)-(t:5.826-t:2028-v:87372.511)-(t:5.826-t:2029-v:87361.017)-(t:5.828-t:2030-v:87250.71)-(t:5.832-t:2031-v:87230.592)-(t:5.832-t:2032-v:87152.532)-(t:5.832-t:2033-v:87152.47)-(t:5.832-t:2034-v:87140.034)-(t:5.833-t:2035-v:87106.915)-(t:5.835-t:2036-v:87102.203)-(t:5.837-t:2037-v:87058.864)-(t:5.838-t:2038-v:87050.195)-(t:5.842-t:2039-v:87034.515)-(t:5.847-t:2040-v:86997.399)-(t:5.852-t:2041-v:86947.271)-(t:5.853-t:2042-v:86924.707)-(t:5.864-t:2043-v:86923.044)-(t:5.868-t:2044-v:86855.137)-(t:5.875-t:2045-v:86621.926)-(t:5.878-t:2046-v:86601.047)-(t:5.882-t:2047-v:86566.399)-(t:5.889-t:2048-v:86523.95)-(t:5.890-t:2049-v:86483.716)-(t:5.895-t:2050-v:86468.836)-(t:5.898-t:2051-v:86465.615)-(t:5.901-t:2052-v:86451.679)-(t:5.902-t:2053-v:86413.978)-(t:5.902-t:2054-v:86391.414)-(t:5.903-t:2055-v:86348.965)-(t:5.904-t:2056-v:86326.683)-(t:5.904-t:2057-v:86321.923)-(t:5.909-t:2058-v:86302.595)-(t:5.909-t:2059-v:86280.031)-(t:5.919-t:2060-v:85997.161)-(t:5.924-t:2061-v:85831.646)-(t:5.925-t:2062-v:85759.288)-(t:5.927-t:2063-v:85741.6)-(t:5.929-t:2064-v:85736.233)-(t:5.933-t:2065-v:85732.611)-(t:5.936-t:2066-v:85697.928)-(t:5.941-t:2067-v:85652.389)-(t:5.948-t:2068-v:85495.599)-(t:5.951-t:2069-v:85459.509)-(t:5.954-t:2070-v:85459.096)-(t:5.954-t:2071-v:85446.417)-(t:5.959-t:2072-v:85386.609)-(t:5.964-t:2073-v:85374.027)-(t:5.968-t:2074-v:85373.535)-(t:5.973-t:2075-v:85360.809)-(t:5.977-t:2076-v:85308.857)-(t:5.981-t:2077-v:85200.012)-(t:5.984-t:2078-v:85182.935)-(t:5.987-t:2079-v:85152.513)-(t:5.992-t:2080-v:85104.238)-(t:5.995-t:2081-v:85097.015)-(t:6.001-t:2082-v:85086.706)-(t:6.006-t:2083-v:85062.325)-(t:6.012-t:2084-v:85003.107)-(t:6.016-t:2085-v:84939.601)-(t:6.026-t:2086-v:84841.346)-(t:6.034-t:2087-v:84812.398)-(t:6.041-t:2088-v:84812.156)-(t:6.051-t:2089-v:84766.845)-(t:6.057-t:2090-v:84764.393)-(t:6.063-t:2091-v:84361.434)-(t:6.071-t:2092-v:84221.1)-(t:6.071-t:2093-v:84198.33)-(t:6.074-t:2094-v:84198.11)-(t:6.077-t:2095-v:84146.229)-(t:6.077-t:2096-v:84112.562)-(t:6.080-t:2097-v:84105.995)-(t:6.082-t:2098-v:84049.95)-(t:6.083-t:2099-v:84046.729)-(t:6.087-t:2100-v:84039.469)-(t:6.087-t:2101-v:84025.13)-(t:6.087-t:2102-v:83999.943)-(t:6.088-t:2103-v:83948.062)-(t:6.089-t:2104-v:83879.128)-(t:6.097-t:2105-v:83861.327)-(t:6.101-t:2106-v:83860.288)-(t:6.108-t:2107-v:83856.054)-(t:6.111-t:2108-v:83836.716)-(t:6.116-t:2109-v:83757.408)-(t:6.123-t:2110-v:83746.949)-(t:6.124-t:2111-v:83734.62)-(t:6.131-t:2112-v:83665.063)-(t:6.140-t:2113-v:83517.672)-(t:6.149-t:2114-v:83124.443)-(t:6.149-t:2115-v:83087.844)-(t:6.149-t:2116-v:83066.399)-(t:6.149-t:2117-v:83053.889)-(t:6.150-t:2118-v:83049.45)-(t:6.150-t:2119-v:82959.489)-(t:6.150-t:2120-v:82947.023)-(t:6.150-t:2121-v:82946.954)-(t:6.153-t:2122-v:82873.553)-(t:6.156-t:2123-v:82856.723)-(t:6.159-t:2124-v:82825.232)-(t:6.160-t:2125-v:82822.011)-(t:6.168-t:2126-v:82675.598)-(t:6.168-t:2127-v:82653.034)-(t:6.173-t:2128-v:82607.514)-(t:6.182-t:2129-v:82272.538)-(t:6.186-t:2130-v:82254.55)-(t:6.190-t:2131-v:82211.176)-(t:6.197-t:2132-v:82205.928)-(t:6.198-t:2133-v:82140.969)-(t:6.204-t:2134-v:81981.036)-(t:6.213-t:2135-v:81801.267)-(t:6.217-t:2136-v:81784.358)-(t:6.222-t:2137-v:81691.651)-(t:6.228-t:2138-v:81644.284)-(t:6.236-t:2139-v:81499.26)-(t:6.240-t:2140-v:81486.223)-(t:6.242-t:2141-v:81422.79)-(t:6.242-t:2142-v:81402.774)-(t:6.247-t:2143-v:81293.748)-(t:6.252-t:2144-v:81242.221)-(t:6.253-t:2145-v:81233.289)-(t:6.260-t:2146-v:81228.078)-(t:6.261-t:2147-v:81206.676)-(t:6.266-t:2148-v:81190.362)-(t:6.270-t:2149-v:81154.301)-(t:6.276-t:2150-v:81023.003)-(t:6.279-t:2151-v:81005.254)-(t:6.310-t:2152-v:80894.58)-(t:6.315-t:2153-v:80883.484)-(t:6.320-t:2154-v:80876.99)-(t:6.323-t:2155-v:80871.948)-(t:6.331-t:2156-v:80792.792)-(t:6.334-t:2157-v:80743.039)-(t:6.334-t:2158-v:80661.385)-(t:6.341-t:2159-v:80640.141)-(t:6.344-t:2160-v:80628.464)-(t:6.349-t:2161-v:80622.715)-(t:6.353-t:2162-v:80621.83)-(t:6.356-t:2163-v:80595.044)-(t:6.359-t:2164-v:80483.517)-(t:6.363-t:2165-v:80477.548)-(t:6.370-t:2166-v:80443.396)-(t:6.374-t:2167-v:80359.305)-(t:6.374-t:2168-v:80327.982)-(t:6.375-t:2169-v:80318.312)-(t:6.376-t:2170-v:80284.511)-(t:6.379-t:2171-v:80276.702)-(t:6.389-t:2172-v:80136.469)-(t:6.392-t:2173-v:80099.097)-(t:6.401-t:2174-v:80057.076)-(t:6.405-t:2175-v:80039.573)-(t:6.408-t:2176-v:80037.85)-(t:6.417-t:2177-v:79768.811)-(t:6.420-t:2178-v:79748.405)-(t:6.420-t:2179-v:79716.734)-(t:6.423-t:2180-v:79706.793)-(t:6.427-t:2181-v:79671.614)-(t:6.433-t:2182-v:79656.281)-(t:6.435-t:2183-v:79594.163)-(t:6.444-t:2184-v:79576.902)-(t:6.445-t:2185-v:79538.217)-(t:6.449-t:2186-v:79533.617)-(t:6.458-t:2187-v:79258.588)-(t:6.467-t:2188-v:79258.454)-(t:6.475-t:2189-v:79213.831)-(t:6.479-t:2190-v:79196.677)-(t:6.483-t:2191-v:79145.019)-(t:6.485-t:2192-v:78783.168)-(t:6.486-t:2193-v:78783.023)-(t:6.492-t:2194-v:78720.985)-(t:6.500-t:2195-v:78658.607)-(t:6.505-t:2196-v:78622.291)-(t:6.515-t:2197-v:78503.258)-(t:6.526-t:2198-v:78430.918)-(t:6.532-t:2199-v:78375.647)-(t:6.539-t:2200-v:78290.371)-(t:6.542-t:2201-v:78258.55)-(t:6.546-t:2202-v:78258.501)-(t:6.546-t:2203-v:78221.548)-(t:6.551-t:2204-v:77968.289)-(t:6.554-t:2205-v:77862.149)-(t:6.561-t:2206-v:77538.029)-(t:6.563-t:2207-v:77531.232)-(t:6.565-t:2208-v:77493.174)-(t:6.569-t:2209-v:77450.472)-(t:6.569-t:2210-v:77416.641)-(t:6.574-t:2211-v:77393.011)-(t:6.575-t:2212-v:77362.746)-(t:6.576-t:2213-v:77353.572)-(t:6.580-t:2214-v:77352.039)-(t:6.580-t:2215-v:77323.647)-(t:6.585-t:2216-v:77309.61)-(t:6.586-t:2217-v:77297.058)-(t:6.596-t:2218-v:76896.197)-(t:6.596-t:2219-v:76821.002)-(t:6.597-t:2220-v:76744.155)-(t:6.601-t:2221-v:76743.368)-(t:6.601-t:2222-v:76731.97)-(t:6.604-t:2223-v:76713.679)-(t:6.610-t:2224-v:76697.508)-(t:6.620-t:2225-v:76574.381)-(t:6.626-t:2226-v:76563.215)-(t:6.627-t:2227-v:76526.159)-(t:6.632-t:2228-v:76441.593)-(t:6.638-t:2229-v:76354.946)-(t:6.645-t:2230-v:76351.252)-(t:6.654-t:2231-v:76329.399)-(t:6.662-t:2232-v:76013.737)-(t:6.663-t:2233-v:76001.903)-(t:6.663-t:2234-v:75987.123)-(t:6.663-t:2235-v:75955.227)-(t:6.663-t:2236-v:75950.954)-(t:6.664-t:2237-v:75942.64)-(t:6.666-t:2238-v:75925.181)-(t:6.668-t:2239-v:75863.093)-(t:6.671-t:2240-v:75753.139)-(t:6.673-t:2241-v:75730.575)-(t:6.677-t:2242-v:75716.662)-(t:6.684-t:2243-v:75645.077)-(t:6.689-t:2244-v:75643.056)-(t:6.693-t:2245-v:75614.39)-(t:6.696-t:2246-v:75610.531)-(t:6.706-t:2247-v:75604.736)-(t:6.711-t:2248-v:75541.007)-(t:6.718-t:2249-v:75534.806)-(t:6.725-t:2250-v:75504.859)-(t:6.731-t:2251-v:75476.517)-(t:6.738-t:2252-v:75458.503)-(t:6.744-t:2253-v:75345.582)-(t:6.748-t:2254-v:75271.243)-(t:6.750-t:2255-v:75269.976)-(t:6.757-t:2256-v:75264.051)-(t:6.763-t:2257-v:75229.371)-(t:6.772-t:2258-v:75163.585)-(t:6.774-t:2259-v:75159.214)-(t:6.780-t:2260-v:74917.877)-(t:6.789-t:2261-v:74896.919)-(t:6.793-t:2262-v:74884.407)-(t:6.796-t:2263-v:74879.223)-(t:6.803-t:2264-v:74816.169)-(t:6.806-t:2265-v:74796.227)-(t:6.816-t:2266-v:74758.567)-(t:6.818-t:2267-v:74729.11)-(t:6.823-t:2268-v:74620.986)-(t:6.828-t:2269-v:74616.416)-(t:6.835-t:2270-v:74373.77)-(t:6.839-t:2271-v:74337.516)-(t:6.850-t:2272-v:74000.83)-(t:6.854-t:2273-v:73990.869)-(t:6.855-t:2274-v:73912.014)-(t:6.858-t:2275-v:73868.828)-(t:6.868-t:2276-v:73742.502)-(t:6.868-t:2277-v:73732.422)-(t:6.868-t:2278-v:73720.684)-(t:6.869-t:2279-v:73537.15)-(t:6.870-t:2280-v:73533.972)-(t:6.871-t:2281-v:73462.735)-(t:6.872-t:2282-v:73439.863)-(t:6.873-t:2283-v:73434.025)-(t:6.874-t:2284-v:73431.003)-(t:6.874-t:2285-v:73390.348)-(t:6.876-t:2286-v:73372.07)-(t:6.879-t:2287-v:73334.665)-(t:6.881-t:2288-v:73290.092)-(t:6.882-t:2289-v:73282.189)-(t:6.883-t:2290-v:73255.329)-(t:6.886-t:2291-v:73034.995)-(t:6.889-t:2292-v:72975.611)-(t:6.894-t:2293-v:72966.627)-(t:6.899-t:2294-v:72958.269)-(t:6.905-t:2295-v:72724.049)-(t:6.906-t:2296-v:72714.47)-(t:6.915-t:2297-v:72648.202)-(t:6.924-t:2298-v:72645.658)-(t:6.928-t:2299-v:72600.507)-(t:6.932-t:2300-v:72590.112)-(t:6.938-t:2301-v:72574.347)-(t:6.946-t:2302-v:72516.353)-(t:6.958-t:2303-v:72398.43)-(t:6.960-t:2304-v:72382.168)-(t:6.964-t:2305-v:72377.64)-(t:27.271-t:8324-v:72216.132)-(t:27.287-t:8325-v:72178.114)-(t:27.300-t:8326-v:71974.5)-(t:27.301-t:8327-v:71973.172)-(t:27.317-t:8328-v:71956.497)-(t:27.318-t:8329-v:71943.177)-(t:27.319-t:8330-v:71907.693)-(t:27.335-t:8331-v:71760.479)-(t:27.337-t:8332-v:71731.594)-(t:27.343-t:8333-v:71722.501)-(t:53.214-t:17222-v:71715.072)-(t:53.220-t:17223-v:71587.585)-(t:53.220-t:17224-v:71562.45)-(t:53.226-t:17225-v:71554.383)-(t:53.228-t:17226-v:71448.64)-(t:53.230-t:17227-v:71448.19)-(t:53.240-t:17228-v:71444.091)-(t:53.244-t:17229-v:71423.234)-(t:53.246-t:17230-v:71408.702)-(t:53.246-t:17231-v:71404.714)-(t:53.256-t:17232-v:71352.131)-(t:53.257-t:17233-v:71296.264)-(t:53.262-t:17234-v:71290.471)-(t:53.269-t:17235-v:71232.469)-(t:53.277-t:17236-v:71192.654)-(t:53.282-t:17237-v:71113.933)-(t:53.292-t:17238-v:71027.9)-(t:53.304-t:17239-v:70791.497)-(t:53.321-t:17240-v:70761.519)-(t:53.327-t:17241-v:70723.804)-(t:53.340-t:17242-v:70661.556)-(t:53.343-t:17243-v:70615.827)-(t:53.344-t:17244-v:70614.109)-(t:53.345-t:17245-v:70573.027)-(t:53.358-t:17246-v:70474.183)-(t:53.365-t:17247-v:70460.395)-(t:53.382-t:17248-v:70336.437)-(t:53.391-t:17249-v:70285.409)-(t:53.396-t:17250-v:70217.773)-(t:53.403-t:17251-v:70202.671)-(t:53.409-t:17252-v:70192.227)-(t:53.418-t:17253-v:70178.648)-(t:53.423-t:17254-v:70171.676)-(t:53.435-t:17255-v:70117.09)-(t:53.441-t:17256-v:70105.851)-(t:53.456-t:17257-v:70102.384)-(t:53.469-t:17258-v:70097.005)-(t:53.471-t:17259-v:70062.555)-(t:53.480-t:17260-v:70031.285)-(t:53.495-t:17261-v:70011.889)-(t:78.138-t:25698-v:69991.274)-(t:78.152-t:25699-v:69940.264)-(t:78.169-t:25700-v:69903.953)-(t:78.174-t:25701-v:69903.246)-(t:78.183-t:25702-v:69876.049)-(t:78.187-t:25703-v:69853.688)-(t:78.195-t:25704-v:69731.224)-(t:78.199-t:25705-v:69702.996)-(t:78.212-t:25706-v:69485.098)-(t:78.224-t:25707-v:69425.6)-(t:78.231-t:25708-v:69422.28)-(t:78.237-t:25709-v:69409.024)-(t:78.253-t:25710-v:69024.133)-(t:78.259-t:25711-v:69002.913)-(t:78.267-t:25712-v:69001.357)-(t:78.270-t:25713-v:68875.182)-(t:78.276-t:25714-v:68828.591)-(t:78.282-t:25715-v:68745.229)-(t:78.294-t:25716-v:68663.06)-(t:78.297-t:25717-v:68527.984)-(t:78.306-t:25718-v:68487.951)-(t:78.313-t:25719-v:68325.398)-(t:78.324-t:25720-v:68225.391)-(t:78.325-t:25721-v:68209.499)-(t:78.328-t:25722-v:68199.604)-(t:78.330-t:25723-v:67874.264)-(t:78.346-t:25724-v:67859.48)-(t:78.353-t:25725-v:67811.443)-(t:78.371-t:25726-v:67478.413)-(t:78.380-t:25727-v:67451.126)-(t:169.114-t:56902-v:67421.945)-(t:169.116-t:56903-v:67415.757)-(t:169.118-t:56904-v:67397.293)-(t:169.124-t:56905-v:67385.238)-(t:169.135-t:56906-v:67305.249)-(t:169.145-t:56907-v:67297.198)-(t:169.148-t:56908-v:67255.886)-(t:169.158-t:56909-v:67255.103)-(t:169.161-t:56910-v:67206.425)-(t:169.173-t:56911-v:67145.348)-(t:169.188-t:56912-v:67037.5)-(t:169.207-t:56913-v:67011.723)-(t:169.221-t:56914-v:66963.287)-(t:169.226-t:56915-v:66938.533)-(t:169.230-t:56916-v:66932.535)-(t:169.230-t:56917-v:66835.605)-(t:169.231-t:56918-v:66787.33)-(t:169.233-t:56919-v:66758.54)-(t:169.237-t:56920-v:66756.806)-(t:244.288-t:82526-v:66700.013)-(t:244.288-t:82527-v:66689.476)-(t:244.289-t:82528-v:66630.837)-(t:244.289-t:82529-v:66561.126)-(t:244.289-t:82530-v:66069.791)-(t:244.290-t:82531-v:66040.19)-(t:244.293-t:82532-v:65940.254)-(t:244.297-t:82533-v:65818.662)-(t:244.304-t:82534-v:65734.934)-(t:244.311-t:82535-v:65727.01)-(t:244.320-t:82536-v:65721.17)-(t:244.334-t:82537-v:65691.141)-(t:244.334-t:82538-v:65680.153)-(t:244.344-t:82539-v:65616.531)-(t:244.360-t:82540-v:65440.795)-(t:244.361-t:82541-v:65294.488)-(t:305.172-t:103286-v:65191.842)-(t:305.178-t:103287-v:65187.848)-(t:305.185-t:103288-v:65086.911)-(t:305.191-t:103289-v:65079.951)-(t:305.191-t:103290-v:65079.037)-(t:672.974-t:230181-v:65059.765)-(t:672.976-t:230182-v:65054.085)-(t:672.986-t:230183-v:65039.8)-(t:672.992-t:230184-v:65029.082)-(t:673.000-t:230185-v:65021.664)-(t:673.006-t:230186-v:64986.598)-(t:673.021-t:230187-v:64876.784)-(t:673.032-t:230188-v:64849.062)-(t:673.048-t:230189-v:64717.643)-(t:673.054-t:230190-v:64680.518)-(t:673.066-t:230191-v:64660.731)],692.011
examples/tsp/tsplib/brazil58.tsp,roundrobin,r1,900,0,28022.0,[(t:0.625-t:160-v:99314.0)-(t:0.626-t:161-v:99200.0)-(t:0.628-t:162-v:98831.0)-(t:0.629-t:163-v:98588.0)-(t:0.630-t:164-v:98518.0)-(t:0.637-t:165-v:97741.0)-(t:0.638-t:166-v:97175.0)-(t:0.639-t:167-v:97033.0)-(t:0.641-t:168-v:95654.0)-(t:0.655-t:169-v:95461.0)-(t:0.656-t:170-v:95171.0)-(t:0.657-t:171-v:94952.0)-(t:0.658-t:172-v:94900.0)-(t:0.658-t:173-v:94857.0)-(t:0.662-t:174-v:92118.0)-(t:0.664-t:175-v:91220.0)-(t:0.665-t:176-v:90879.0)-(t:0.666-t:177-v:90722.0)-(t:0.672-t:178-v:90511.0)-(t:0.673-t:179-v:90502.0)-(t:0.675-t:180-v:89557.0)-(t:0.679-t:181-v:88951.0)-(t:0.681-t:182-v:88691.0)-(t:0.684-t:183-v:88410.0)-(t:0.698-t:184-v:86608.0)-(t:0.702-t:185-v:86127.0)-(t:0.703-t:186-v:86122.0)-(t:0.706-t:187-v:85464.0)-(t:0.709-t:188-v:85223.0)-(t:0.711-t:189-v:85039.0)-(t:0.711-t:190-v:84738.0)-(t:0.711-t:191-v:84383.0)-(t:0.729-t:192-v:84347.0)-(t:0.730-t:193-v:84259.0)-(t:0.730-t:194-v:84054.0)-(t:0.731-t:195-v:83654.0)-(t:0.732-t:196-v:83596.0)-(t:0.732-t:197-v:83500.0)-(t:0.733-t:198-v:83372.0)-(t:0.733-t:199-v:83252.0)-(t:0.735-t:200-v:82984.0)-(t:0.737-t:201-v:82944.0)-(t:0.739-t:202-v:80423.0)-(t:0.741-t:203-v:79655.0)-(t:0.741-t:204-v:79581.0)-(t:0.744-t:205-v:78719.0)-(t:0.759-t:206-v:78621.0)-(t:0.759-t:207-v:78584.0)-(t:0.761-t:208-v:78417.0)-(t:0.762-t:209-v:77369.0)-(t:0.763-t:210-v:77144.0)-(t:0.766-t:211-v:76422.0)-(t:0.767-t:212-v:75725.0)-(t:0.767-t:213-v:75496.0)-(t:0.768-t:214-v:75459.0)-(t:0.768-t:215-v:75447.0)-(t:0.780-t:216-v:75262.0)-(t:0.782-t:217-v:74594.0)-(t:0.784-t:218-v:74503.0)-(t:0.791-t:219-v:74380.0)-(t:0.793-t:220-v:74170.0)-(t:0.795-t:221-v:74039.0)-(t:0.807-t:222-v:74038.0)-(t:0.812-t:223-v:73319.0)-(t:0.827-t:224-v:73154.0)-(t:0.830-t:225-v:73036.0)-(t:0.837-t:226-v:72483.0)-(t:0.841-t:227-v:72000.0)-(t:0.860-t:228-v:70955.0)-(t:0.874-t:229-v:70613.0)-(t:0.875-t:230-v:70509.0)-(t:0.875-t:231-v:70479.0)-(t:0.875-t:232-v:70385.0)-(t:0.879-t:233-v:69982.0)-(t:0.899-t:234-v:69948.0)-(t:0.903-t:235-v:69931.0)-(t:0.919-t:236-v:69398.0)-(t:0.933-t:237-v:61017.0)-(t:0.954-t:238-v:60855.0)-(t:0.959-t:239-v:60659.0)-(t:0.967-t:240-v:60150.0)-(t:0.986-t:241-v:59976.0)-(t:0.991-t:242-v:59184.0)-(t:1.010-t:243-v:59071.0)-(t:1.016-t:244-v:58954.0)-(t:1.023-t:245-v:58944.0)-(t:1.052-t:246-v:58644.0)-(t:1.060-t:247-v:58229.0)-(t:1.079-t:248-v:58110.0)-(t:1.105-t:249-v:57672.0)-(t:1.114-t:250-v:57585.0)-(t:1.115-t:251-v:57133.0)-(t:1.117-t:252-v:57131.0)-(t:1.130-t:253-v:57127.0)-(t:1.133-t:254-v:57119.0)-(t:1.150-t:255-v:56997.0)-(t:1.161-t:256-v:55913.0)-(t:1.162-t:257-v:55850.0)-(t:1.163-t:258-v:55776.0)-(t:1.163-t:259-v:55635.0)-(t:1.164-t:260-v:55630.0)-(t:1.165-t:261-v:55629.0)-(t:1.169-t:262-v:55586.0)-(t:1.182-t:263-v:55412.0)-(t:1.183-t:264-v:55332.0)-(t:1.184-t:265-v:53612.0)-(t:1.201-t:266-v:51800.0)-(t:1.209-t:267-v:51740.0)-(t:1.229-t:268-v:51738.0)-(t:1.237-t:269-v:48646.0)-(t:1.254-t:270-v:48497.0)-(t:1.262-t:271-v:47302.0)-(t:1.276-t:272-v:47287.0)-(t:1.277-t:273-v:47206.0)-(t:1.279-t:274-v:46802.0)-(t:1.286-t:275-v:46360.0)-(t:1.297-t:276-v:46073.0)-(t:1.321-t:277-v:46013.0)-(t:1.331-t:278-v:46011.0)-(t:1.353-t:279-v:45546.0)-(t:1.362-t:280-v:45520.0)-(t:1.383-t:281-v:45484.0)-(t:1.405-t:282-v:45409.0)-(t:1.417-t:283-v:44832.0)-(t:1.444-t:284-v:44633.0)-(t:1.453-t:285-v:42617.0)-(t:1.458-t:286-v:42578.0)-(t:1.479-t:287-v:41801.0)-(t:1.500-t:288-v:40953.0)-(t:1.506-t:289-v:40946.0)-(t:1.526-t:290-v:40944.0)-(t:1.532-t:291-v:40825.0)-(t:1.553-t:292-v:40248.0)-(t:1.575-t:293-v:38458.0)-(t:1.577-t:294-v:38334.0)-(t:1.580-t:295-v:37884.0)-(t:1.584-t:296-v:37590.0)-(t:3.543-t:1110-v:37061.0)-(t:3.543-t:1111-v:36905.0)-(t:3.544-t:1112-v:36547.0)-(t:3.544-t:1113-v:36162.0)-(t:3.545-t:1114-v:36010.0)-(t:3.546-t:1115-v:36004.0)-(t:3.547-t:1116-v:35966.0)-(t:3.548-t:1117-v:35857.0)-(t:3.563-t:1118-v:35806.0)-(t:3.826-t:1383-v:35800.0)-(t:3.827-t:1384-v:33890.0)-(t:3.829-t:1385-v:33692.0)-(t:5.109-t:3051-v:33651.0)-(t:5.110-t:3052-v:33090.0)-(t:5.112-t:3053-v:33005.0)-(t:5.112-t:3054-v:32829.0)-(t:5.113-t:3055-v:32788.0)-(t:5.114-t:3056-v:32623.0)-(t:5.114-t:3057-v:32553.0)-(t:5.114-t:3058-v:32275.0)-(t:5.115-t:3059-v:31989.0)-(t:5.115-t:3060-v:31506.0)-(t:5.115-t:3061-v:31417.0)-(t:5.116-t:3062-v:31037.0)-(t:5.116-t:3063-v:30996.0)-(t:5.117-t:3064-v:29916.0)-(t:5.118-t:3065-v:29844.0)-(t:5.119-t:3066-v:29743.0)-(t:5.132-t:3067-v:29669.0)-(t:5.132-t:3068-v:29570.0)-(t:5.133-t:3069-v:29562.0)-(t:5.134-t:3070-v:29547.0)-(t:5.134-t:3071-v:29409.0)-(t:5.135-t:3072-v:29402.0)-(t:30.260-t:64633-v:28864.0)-(t:30.262-t:64634-v:28863.0)-(t:30.263-t:64635-v:28856.0)-(t:30.265-t:64636-v:28854.0)-(t:30.267-t:64637-v:28735.0)-(t:30.269-t:64638-v:28171.0)-(t:30.270-t:64639-v:28022.0)],87.148
examples/tsp/tsplib/eil101.tsp,random,r1,900,0,805.146,[(t:1.095-t:263-v:1278.513)-(t:1.095-t:264-v:1274.273)-(t:1.096-t:265-v:1258.089)-(t:1.100-t:266-v:1240.018)-(t:1.101-t:267-v:1237.208)-(t:1.102-t:268-v:1232.171)-(t:1.103-t:269-v:1226.169)-(t:1.104-t:270-v:1224.616)-(t:1.109-t:271-v:1222.611)-(t:1.119-t:272-v:1217.671)-(t:1.120-t:273-v:1203.494)-(t:1.122-t:274-v:1202.349)-(t:1.124-t:275-v:1191.918)-(t:1.126-t:276-v:1190.654)-(t:1.127-t:277-v:1178.19)-(t:1.142-t:278-v:1162.104)-(t:1.144-t:279-v:1159.362)-(t:1.146-t:280-v:1146.478)-(t:1.148-t:281-v:1140.967)-(t:1.150-t:282-v:1140.273)-(t:1.152-t:283-v:1137.119)-(t:1.153-t:284-v:1130.28)-(t:1.160-t:285-v:1130.187)-(t:1.172-t:286-v:1123.234)-(t:1.174-t:287-v:1119.294)-(t:1.176-t:288-v:1114.168)-(t:1.179-t:289-v:1098.812)-(t:1.197-t:290-v:1090.116)-(t:1.199-t:291-v:1087.264)-(t:1.200-t:292-v:1082.538)-(t:1.204-t:293-v:1059.673)-(t:1.208-t:294-v:1054.178)-(t:1.216-t:295-v:1048.166)-(t:1.219-t:296-v:1044.429)-(t:1.235-t:297-v:1040.865)-(t:1.239-t:298-v:1031.163)-(t:1.241-t:299-v:1024.617)-(t:1.243-t:300-v:1024.12)-(t:1.257-t:301-v:1023.893)-(t:1.261-t:302-v:1020.973)-(t:1.263-t:303-v:1016.818)-(t:1.265-t:304-v:1016.726)-(t:1.267-t:305-v:1014.494)-(t:1.269-t:306-v:1012.798)-(t:1.284-t:307-v:1012.171)-(t:1.285-t:308-v:1012.035)-(t:1.287-t:309-v:1011.9)-(t:1.289-t:310-v:1010.253)-(t:1.292-t:311-v:1008.903)-(t:1.297-t:312-v:1008.587)-(t:1.300-t:313-v:985.45)-(t:1.303-t:314-v:981.591)-(t:1.307-t:315-v:979.205)-(t:1.322-t:316-v:976.34)-(t:1.326-t:317-v:976.09)-(t:1.341-t:318-v:974.859)-(t:1.346-t:319-v:973.496)-(t:1.351-t:320-v:965.191)-(t:1.354-t:321-v:959.327)-(t:1.372-t:322-v:959.317)-(t:1.388-t:323-v:959.217)-(t:1.392-t:324-v:956.677)-(t:1.394-t:325-v:956.607)-(t:1.413-t:326-v:955.527)-(t:1.417-t:327-v:955.345)-(t:4.822-t:2023-v:951.701)-(t:4.842-t:2024-v:948.236)-(t:5.324-t:2466-v:946.533)-(t:5.324-t:2467-v:940.559)-(t:5.325-t:2468-v:940.126)-(t:5.325-t:2469-v:938.367)-(t:5.341-t:2470-v:938.06)-(t:5.343-t:2471-v:935.31)-(t:5.345-t:2472-v:931.582)-(t:5.346-t:2473-v:931.58)-(t:5.348-t:2474-v:926.105)-(t:5.348-t:2475-v:923.596)-(t:5.349-t:2476-v:923.583)-(t:5.364-t:2477-v:915.657)-(t:10.004-t:7276-v:915.013)-(t:10.005-t:7277-v:910.518)-(t:10.005-t:7278-v:910.019)-(t:10.007-t:7279-v:909.473)-(t:11.457-t:9126-v:897.195)-(t:11.459-t:9127-v:896.368)-(t:11.462-t:9128-v:880.692)-(t:11.465-t:9129-v:880.256)-(t:11.468-t:9130-v:877.074)-(t:11.471-t:9131-v:872.432)-(t:11.473-t:9132-v:870.389)-(t:11.476-t:9133-v:868.382)-(t:11.477-t:9134-v:867.176)-(t:11.479-t:9135-v:864.342)-(t:11.482-t:9136-v:863.378)-(t:11.483-t:9137-v:861.991)-(t:11.486-t:9138-v:861.806)-(t:11.489-t:9139-v:860.765)-(t:11.492-t:9140-v:860.698)-(t:39.318-t:41071-v:859.379)-(t:39.322-t:41072-v:859.365)-(t:39.326-t:41073-v:857.03)-(t:39.330-t:41074-v:851.243)-(t:39.334-t:41075-v:851.166)-(t:41.074-t:43058-v:851.136)-(t:87.818-t:96327-v:850.923)-(t:87.821-t:96328-v:850.064)-(t:87.824-t:96329-v:845.059)-(t:169.228-t:189557-v:843.544)-(t:169.231-t:189558-v:839.162)-(t:184.736-t:207632-v:832.616)-(t:184.739-t:207633-v:825.407)-(t:184.742-t:207634-v:819.36)-(t:184.744-t:207635-v:818.412)-(t:184.746-t:207636-v:814.051)-(t:184.750-t:207637-v:813.748)-(t:858.444-t:974210-v:810.001)-(t:858.448-t:974211-v:808.29)-(t:858.451-t:974212-v:805.146)],211.371
examples/tsp/tsplib/pr226.tsp,roundrobin,r1,900,0,191617.288,[(t:1.295-t:654-v:253895.212)-(t:1.295-t:655-v:233482.251)-(t:1.296-t:656-v:233414.272)-(t:1.297-t:657-v:232774.248)-(t:1.297-t:658-v:232684.983)-(t:1.299-t:659-v:232494.815)-(t:1.300-t:660-v:232479.606)-(t:1.300-t:661-v:232136.93)-(t:1.301-t:662-v:231948.731)-(t:1.301-t:663-v:231934.396)-(t:1.301-t:664-v:231923.789)-(t:1.304-t:665-v:213301.712)-(t:1.319-t:666-v:213187.844)-(t:1.319-t:667-v:213016.55)-(t:1.320-t:668-v:212525.462)-(t:1.320-t:669-v:212469.397)-(t:1.321-t:670-v:212346.314)-(t:1.322-t:671-v:212330.039)-(t:1.322-t:672-v:212261.311)-(t:1.323-t:673-v:212130.039)-(t:1.323-t:674-v:212030.039)-(t:1.325-t:675-v:211799.709)-(t:1.326-t:676-v:211499.709)-(t:1.328-t:677-v:211422.509)-(t:1.330-t:678-v:192281.219)-(t:1.331-t:679-v:192269.026)-(t:1.331-t:680-v:191893.786)-(t:1.381-t:681-v:191617.288)],523.063
examples/tsp/tsplib/kroD100.tsp,roundrobin,r1,900,0,34539.337,[(t:0.927-t:286-v:118887.514)-(t:0.928-t:287-v:118745.908)-(t:0.928-t:288-v:117421.828)-(t:0.929-t:289-v:117272.733)-(t:0.930-t:290-v:117086.257)-(t:0.930-t:291-v:116993.473)-(t:0.933-t:292-v:116843.716)-(t:0.939-t:293-v:116842.142)-(t:0.940-t:294-v:115200.362)-(t:0.944-t:295-v:115004.251)-(t:0.959-t:296-v:114993.718)-(t:0.960-t:297-v:114416.749)-(t:0.962-t:298-v:114078.894)-(t:0.962-t:299-v:113813.037)-(t:0.964-t:300-v:113670.341)-(t:0.966-t:301-v:113614.517)-(t:0.967-t:302-v:113486.437)-(t:0.969-t:303-v:112534.769)-(t:0.970-t:304-v:112499.411)-(t:0.970-t:305-v:112216.95)-(t:0.973-t:306-v:111906.547)-(t:0.982-t:307-v:111491.598)-(t:0.983-t:308-v:111276.948)-(t:0.984-t:309-v:111147.044)-(t:0.984-t:310-v:111102.178)-(t:0.986-t:311-v:110634.958)-(t:0.987-t:312-v:110370.349)-(t:1.002-t:313-v:110270.61)-(t:1.003-t:314-v:110153.207)-(t:1.005-t:315-v:110147.456)-(t:1.007-t:316-v:109353.296)-(t:1.010-t:317-v:109246.727)-(t:1.010-t:318-v:109229.042)-(t:1.012-t:319-v:109219.005)-(t:1.029-t:320-v:109069.42)-(t:1.031-t:321-v:108981.974)-(t:1.032-t:322-v:108943.413)-(t:1.032-t:323-v:108924.886)-(t:1.033-t:324-v:108214.051)-(t:1.034-t:325-v:107871.695)-(t:1.034-t:326-v:107855.643)-(t:1.035-t:327-v:105767.747)-(t:1.037-t:328-v:105526.074)-(t:1.054-t:329-v:103046.291)-(t:1.058-t:330-v:103042.984)-(t:1.060-t:331-v:102891.084)-(t:1.061-t:332-v:102779.85)-(t:1.066-t:333-v:101780.779)-(t:1.068-t:334-v:101062.033)-(t:1.085-t:335-v:100812.67)-(t:1.087-t:336-v:100181.213)-(t:1.089-t:337-v:100180.537)-(t:1.093-t:338-v:100163.671)-(t:1.095-t:339-v:100042.553)-(t:1.095-t:340-v:99982.084)-(t:1.097-t:341-v:99965.185)-(t:1.115-t:342-v:99677.277)-(t:1.132-t:343-v:99477.349)-(t:1.135-t:344-v:99316.486)-(t:1.138-t:345-v:99295.096)-(t:1.140-t:346-v:98840.094)-(t:1.144-t:347-v:97385.274)-(t:1.156-t:348-v:97217.883)-(t:1.158-t:349-v:97152.584)-(t:1.159-t:350-v:97075.252)-(t:1.159-t:351-v:97068.476)-(t:1.176-t:352-v:96926.157)-(t:1.177-t:353-v:96544.549)-(t:1.177-t:354-v:96298.817)-(t:1.177-t:355-v:95751.571)-(t:1.178-t:356-v:95681.026)-(t:1.180-t:357-v:95663.419)-(t:1.181-t:358-v:95602.46)-(t:1.181-t:359-v:95551.984)-(t:1.183-t:360-v:95097.092)-(t:1.184-t:361-v:94978.236)-(t:1.184-t:362-v:94612.408)-(t:1.186-t:363-v:94179.726)-(t:1.194-t:364-v:90971.559)-(t:1.216-t:365-v:90711.036)-(t:1.217-t:366-v:90566.793)-(t:1.218-t:367-v:88433.231)-(t:1.220-t:368-v:88276.706)-(t:1.235-t:369-v:88104.495)-(t:1.237-t:370-v:87973.481)-(t:1.238-t:371-v:86893.286)-(t:1.240-t:372-v:86470.475)-(t:1.241-t:373-v:86414.177)-(t:1.252-t:374-v:85886.14)-(t:1.257-t:375-v:82748.385)-(t:1.278-t:376-v:82725.554)-(t:1.299-t:377-v:82496.465)-(t:1.308-t:378-v:82213.928)-(t:1.330-t:379-v:80547.345)-(t:1.340-t:380-v:80333.099)-(t:1.362-t:381-v:79795.066)-(t:1.384-t:382-v:79416.016)-(t:1.386-t:383-v:79303.072)-(t:1.391-t:384-v:79218.043)-(t:1.393-t:385-v:78586.912)-(t:1.398-t:386-v:78360.148)-(t:1.414-t:387-v:78123.368)-(t:1.415-t:388-v:78106.526)-(t:1.415-t:389-v:77913.481)-(t:1.416-t:390-v:77393.966)-(t:1.417-t:391-v:77316.634)-(t:1.418-t:392-v:76962.57)-(t:1.419-t:393-v:76869.788)-(t:1.420-t:394-v:76616.723)-(t:1.420-t:395-v:76555.146)-(t:1.423-t:396-v:76120.456)-(t:1.424-t:397-v:76055.222)-(t:1.433-t:398-v:75813.405)-(t:1.433-t:399-v:75778.549)-(t:1.434-t:400-v:75117.748)-(t:1.436-t:401-v:75045.146)-(t:1.439-t:402-v:74987.373)-(t:1.454-t:403-v:74958.724)-(t:1.455-t:404-v:74938.385)-(t:1.455-t:405-v:74845.798)-(t:1.458-t:406-v:74232.299)-(t:1.461-t:407-v:73344.87)-(t:1.483-t:408-v:73254.22)-(t:1.493-t:409-v:73052.095)-(t:1.513-t:410-v:72940.216)-(t:1.516-t:411-v:72772.943)-(t:1.524-t:412-v:70956.171)-(t:1.534-t:413-v:70795.823)-(t:1.535-t:414-v:70774.713)-(t:1.536-t:415-v:70483.368)-(t:1.536-t:416-v:70380.674)-(t:1.536-t:417-v:70220.333)-(t:1.538-t:418-v:70043.608)-(t:1.538-t:419-v:70012.795)-(t:1.539-t:420-v:69787.577)-(t:1.540-t:421-v:69643.013)-(t:1.557-t:422-v:69631.475)-(t:1.560-t:423-v:68683.511)-(t:1.562-t:424-v:68359.825)-(t:1.563-t:425-v:68142.993)-(t:1.568-t:426-v:67953.104)-(t:1.568-t:427-v:67669.234)-(t:1.585-t:428-v:66162.026)-(t:1.588-t:429-v:65715.645)-(t:1.595-t:430-v:65402.604)-(t:1.598-t:431-v:65363.886)-(t:1.600-t:432-v:65285.391)-(t:1.616-t:433-v:64765.089)-(t:1.617-t:434-v:64408.26)-(t:1.619-t:435-v:64258.995)-(t:1.622-t:436-v:63630.676)-(t:1.632-t:437-v:63543.404)-(t:1.637-t:438-v:63534.044)-(t:1.654-t:439-v:63531.29)-(t:1.659-t:440-v:63466.493)-(t:1.661-t:441-v:63425.307)-(t:1.663-t:442-v:63202.845)-(t:1.679-t:443-v:63096.163)-(t:1.697-t:444-v:63021.29)-(t:1.704-t:445-v:63010.663)-(t:1.724-t:446-v:62611.43)-(t:1.725-t:447-v:62522.168)-(t:1.728-t:448-v:62121.933)-(t:1.748-t:449-v:61605.249)-(t:1.754-t:450-v:61314.841)-(t:1.761-t:451-v:60904.914)-(t:1.781-t:452-v:60622.736)-(t:1.789-t:453-v:58901.346)-(t:1.794-t:454-v:58693.923)-(t:1.811-t:455-v:58562.849)-(t:1.818-t:456-v:58434.439)-(t:1.838-t:457-v:58142.664)-(t:1.858-t:458-v:56308.412)-(t:1.864-t:459-v:55924.326)-(t:1.870-t:460-v:54819.544)-(t:1.889-t:461-v:53354.446)-(t:1.914-t:462-v:53319.888)-(t:1.920-t:463-v:53097.272)-(t:1.924-t:464-v:52831.879)-(t:1.929-t:465-v:52811.845)-(t:1.947-t:466-v:52797.431)-(t:1.952-t:467-v:52720.472)-(t:1.956-t:468-v:52690.086)-(t:1.959-t:469-v:52644.578)-(t:1.977-t:470-v:50741.674)-(t:1.986-t:471-v:50412.563)-(t:1.989-t:472-v:50046.983)-(t:1.993-t:473-v:49769.192)-(t:2.010-t:474-v:49718.566)-(t:2.015-t:475-v:49635.758)-(t:2.017-t:476-v:49632.621)-(t:2.020-t:477-v:49061.701)-(t:2.047-t:478-v:48820.158)-(t:2.052-t:479-v:48800.935)-(t:2.053-t:480-v:48756.182)-(t:2.054-t:481-v:48647.029)-(t:2.056-t:482-v:48625.904)-(t:2.060-t:483-v:48564.058)-(t:2.076-t:484-v:48335.827)-(t:2.080-t:485-v:48310.042)-(t:2.081-t:486-v:48251.94)-(t:2.083-t:487-v:48201.314)-(t:2.091-t:488-v:48089.849)-(t:2.093-t:489-v:47884.227)-(t:2.097-t:490-v:47882.957)-(t:2.112-t:491-v:47553.625)-(t:2.117-t:492-v:46792.031)-(t:2.120-t:493-v:46670.529)-(t:2.123-t:494-v:46294.356)-(t:2.135-t:495-v:46196.878)-(t:2.140-t:496-v:46190.483)-(t:2.156-t:497-v:46083.812)-(t:2.160-t:498-v:45985.851)-(t:2.163-t:499-v:45823.476)-(t:6.964-t:3190-v:45682.365)-(t:6.965-t:3191-v:45606.94)-(t:6.966-t:3192-v:45439.68)-(t:6.966-t:3193-v:45370.797)-(t:6.966-t:3194-v:45316.096)-(t:6.967-t:3195-v:45160.811)-(t:6.967-t:3196-v:45126.656)-(t:6.969-t:3197-v:44986.16)-(t:6.970-t:3198-v:44869.446)-(t:6.971-t:3199-v:44755.217)-(t:6.973-t:3200-v:44569.065)-(t:6.975-t:3201-v:44518.641)-(t:6.977-t:3202-v:44509.988)-(t:6.979-t:3203-v:44484.407)-(t:6.979-t:3204-v:44362.86)-(t:6.980-t:3205-v:44341.75)-(t:6.981-t:3206-v:44292.751)-(t:6.984-t:3207-v:43749.093)-(t:6.984-t:3208-v:43413.658)-(t:6.985-t:3209-v:43345.021)-(t:6.986-t:3210-v:42217.074)-(t:6.989-t:3211-v:41971.524)-(t:6.991-t:3212-v:41949.315)-(t:6.992-t:3213-v:41868.961)-(t:6.994-t:3214-v:41682.247)-(t:18.824-t:16803-v:41602.209)-(t:18.826-t:16804-v:41590.837)-(t:18.829-t:16805-v:41471.203)-(t:18.832-t:16806-v:41343.359)-(t:18.835-t:16807-v:41056.268)-(t:64.535-t:69748-v:40918.21)-(t:64.536-t:69749-v:40796.667)-(t:64.541-t:69750-v:40714.1)-(t:64.544-t:69751-v:40669.972)-(t:64.546-t:69752-v:40355.775)-(t:64.548-t:69753-v:40270.331)-(t:64.552-t:69754-v:40269.337)-(t:64.552-t:69755-v:40235.047)-(t:64.554-t:69756-v:39925.308)-(t:64.557-t:69757-v:39921.678)-(t:64.559-t:69758-v:39673.334)-(t:101.587-t:113222-v:39428.836)-(t:101.589-t:113223-v:39354.818)-(t:101.592-t:113224-v:39149.323)-(t:101.594-t:113225-v:39094.436)-(t:101.596-t:113226-v:39090.015)-(t:101.600-t:113227-v:39044.274)-(t:101.601-t:113228-v:39034.848)-(t:101.601-t:113229-v:38527.186)-(t:101.602-t:113230-v:38260.267)-(t:101.605-t:113231-v:38241.144)-(t:101.607-t:113232-v:38083.19)-(t:101.610-t:113233-v:38042.254)-(t:195.479-t:222795-v:37923.783)-(t:195.483-t:222796-v:37878.917)-(t:195.487-t:222797-v:37863.189)-(t:202.083-t:230407-v:37780.687)-(t:202.087-t:230408-v:37591.305)-(t:202.090-t:230409-v:37561.407)-(t:202.093-t:230410-v:37464.615)-(t:202.096-t:230411-v:37401.22)-(t:202.100-t:230412-v:37302.193)-(t:202.101-t:230413-v:37298.399)-(t:554.739-t:643145-v:37004.794)-(t:554.740-t:643146-v:36995.165)-(t:554.743-t:643147-v:36966.814)-(t:554.746-t:643148-v:36901.379)-(t:554.751-t:643149-v:36361.684)-(t:554.752-t:643150-v:36288.624)-(t:554.756-t:643151-v:35777.496)-(t:554.757-t:643152-v:35666.96)-(t:554.761-t:643153-v:35628.355)-(t:554.763-t:643154-v:35620.017)-(t:554.765-t:643155-v:34724.857)-(t:554.767-t:643156-v:34556.722)-(t:554.770-t:643157-v:34539.337)],377.270
examples/tsp/tsplib/dantzig42.tsp,bestslopefirst,r1,900,0,699.0,[(t:0.460-t:62-v:774.0)-(t:0.461-t:63-v:769.0)-(t:2.312-t:885-v:767.0)-(t:2.572-t:1119-v:766.0)-(t:2.573-t:1120-v:763.0)-(t:2.573-t:1121-v:762.0)-(t:2.573-t:1122-v:744.0)-(t:2.574-t:1123-v:727.0)-(t:2.574-t:1124-v:724.0)-(t:5.447-t:5670-v:700.0)-(t:5.447-t:5671-v:699.0)],0.751
examples/tsp/tsplib/att48.tsp,bestslopefirst,r1,900,0,11254.0,[(t:0.955-t:199-v:18272.0)-(t:0.955-t:200-v:18174.0)-(t:0.956-t:201-v:17943.0)-(t:0.957-t:202-v:17800.0)-(t:0.958-t:203-v:17660.0)-(t:0.959-t:204-v:17638.0)-(t:0.960-t:205-v:17093.0)-(t:0.961-t:206-v:17034.0)-(t:0.962-t:207-v:16954.0)-(t:0.975-t:208-v:16576.0)-(t:0.977-t:209-v:16568.0)-(t:0.978-t:210-v:16249.0)-(t:0.980-t:211-v:16204.0)-(t:0.981-t:212-v:16105.0)-(t:0.982-t:213-v:16014.0)-(t:0.984-t:214-v:15895.0)-(t:0.987-t:215-v:15559.0)-(t:0.989-t:216-v:15311.0)-(t:1.002-t:217-v:15176.0)-(t:1.004-t:218-v:15097.0)-(t:1.005-t:219-v:15049.0)-(t:1.006-t:220-v:14726.0)-(t:2.138-t:512-v:14472.0)-(t:2.140-t:513-v:14006.0)-(t:2.145-t:514-v:13371.0)-(t:2.145-t:515-v:13367.0)-(t:2.147-t:516-v:13192.0)-(t:2.156-t:517-v:13125.0)-(t:2.158-t:518-v:13104.0)-(t:2.160-t:519-v:13055.0)-(t:2.160-t:520-v:12878.0)-(t:2.175-t:521-v:12608.0)-(t:10.893-t:14442-v:12463.0)-(t:13.246-t:19286-v:12395.0)-(t:13.263-t:19327-v:12338.0)-(t:13.264-t:19328-v:11997.0)-(t:13.265-t:19329-v:11779.0)-(t:55.682-t:108681-v:11663.0)-(t:55.683-t:108682-v:11655.0)-(t:55.684-t:108683-v:11564.0)-(t:96.212-t:195434-v:11485.0)-(t:96.213-t:195435-v:11314.0)-(t:96.215-t:195436-v:11254.0)],55.149
examples/tsp/tsplib/rd100.tsp,roundrobin,r1,900,0,12594.068,[(t:0.863-t:289-v:37484.53)-(t:0.863-t:290-v:37392.414)-(t:0.864-t:291-v:37358.766)-(t:0.865-t:292-v:37104.764)-(t:0.866-t:293-v:36647.484)-(t:0.869-t:294-v:36616.333)-(t:0.869-t:295-v:36411.111)-(t:0.870-t:296-v:36201.72)-(t:0.870-t:297-v:36068.446)-(t:0.872-t:298-v:35986.406)-(t:0.885-t:299-v:35948.527)-(t:0.887-t:300-v:35814.027)-(t:0.888-t:301-v:35773.492)-(t:0.888-t:302-v:35525.655)-(t:0.890-t:303-v:35508.014)-(t:0.891-t:304-v:35292.891)-(t:0.894-t:305-v:34641.028)-(t:0.895-t:306-v:34546.318)-(t:0.896-t:307-v:34451.049)-(t:0.914-t:308-v:34323.731)-(t:0.916-t:309-v:34275.376)-(t:0.919-t:310-v:34060.614)-(t:0.919-t:311-v:34019.242)-(t:0.920-t:312-v:33929.122)-(t:0.921-t:313-v:33893.502)-(t:0.921-t:314-v:33871.506)-(t:0.922-t:315-v:33855.738)-(t:0.925-t:316-v:33770.419)-(t:0.926-t:317-v:33438.552)-(t:0.928-t:318-v:33270.13)-(t:0.929-t:319-v:33243.031)-(t:0.947-t:320-v:33224.705)-(t:0.949-t:321-v:33142.733)-(t:0.952-t:322-v:33111.075)-(t:0.953-t:323-v:33090.047)-(t:0.956-t:324-v:33062.893)-(t:0.957-t:325-v:33047.792)-(t:0.973-t:326-v:32726.602)-(t:0.975-t:327-v:32674.581)-(t:0.976-t:328-v:32670.461)-(t:0.978-t:329-v:32540.294)-(t:0.978-t:330-v:32501.525)-(t:0.980-t:331-v:32438.697)-(t:0.983-t:332-v:32321.137)-(t:0.985-t:333-v:32243.803)-(t:0.986-t:334-v:32148.435)-(t:0.986-t:335-v:32144.68)-(t:0.989-t:336-v:32134.759)-(t:1.012-t:337-v:32133.028)-(t:1.016-t:338-v:31647.005)-(t:1.017-t:339-v:31522.138)-(t:1.019-t:340-v:31472.898)-(t:1.020-t:341-v:31364.713)-(t:1.020-t:342-v:31345.587)-(t:1.037-t:343-v:31229.401)-(t:1.044-t:344-v:30967.732)-(t:1.046-t:345-v:30900.77)-(t:1.064-t:346-v:30478.788)-(t:1.072-t:347-v:30347.161)-(t:1.079-t:348-v:30339.976)-(t:1.094-t:349-v:30164.18)-(t:1.099-t:350-v:30114.843)-(t:1.100-t:351-v:30055.031)-(t:1.120-t:352-v:29995.736)-(t:1.127-t:353-v:29980.329)-(t:1.149-t:354-v:29935.495)-(t:1.152-t:355-v:29900.42)-(t:1.155-t:356-v:29834.995)-(t:1.163-t:357-v:29709.059)-(t:1.184-t:358-v:29696.355)-(t:1.203-t:359-v:29192.039)-(t:1.206-t:360-v:29174.84)-(t:1.207-t:361-v:29142.173)-(t:1.212-t:362-v:29107.484)-(t:1.231-t:363-v:28790.793)-(t:1.232-t:364-v:28589.232)-(t:1.234-t:365-v:28468.543)-(t:1.256-t:366-v:28336.635)-(t:1.274-t:367-v:27817.415)-(t:1.277-t:368-v:27780.056)-(t:1.298-t:369-v:27576.057)-(t:1.300-t:370-v:27424.381)-(t:1.303-t:371-v:27409.642)-(t:1.305-t:372-v:27318.644)-(t:1.324-t:373-v:27265.507)-(t:1.326-t:374-v:27220.602)-(t:1.326-t:375-v:27146.034)-(t:1.326-t:376-v:26984.412)-(t:1.332-t:377-v:26956.827)-(t:1.361-t:378-v:26934.857)-(t:1.365-t:379-v:26759.063)-(t:1.370-t:380-v:26719.766)-(t:1.374-t:381-v:26632.008)-(t:1.389-t:382-v:26527.698)-(t:1.414-t:383-v:26505.85)-(t:1.422-t:384-v:26439.819)-(t:1.433-t:385-v:26371.868)-(t:1.437-t:386-v:26315.171)-(t:1.462-t:387-v:26006.902)-(t:1.465-t:388-v:25895.687)-(t:1.468-t:389-v:25529.651)-(t:1.469-t:390-v:25469.209)-(t:1.473-t:391-v:25468.242)-(t:1.476-t:392-v:25404.855)-(t:1.498-t:393-v:25341.027)-(t:1.501-t:394-v:25334.398)-(t:1.516-t:395-v:25321.402)-(t:1.517-t:396-v:25319.821)-(t:1.517-t:397-v:25133.836)-(t:1.519-t:398-v:25118.083)-(t:1.519-t:399-v:25063.298)-(t:1.522-t:400-v:24846.637)-(t:1.523-t:401-v:24819.495)-(t:1.525-t:402-v:24747.09)-(t:1.530-t:403-v:24729.57)-(t:1.546-t:404-v:24711.741)-(t:1.553-t:405-v:24702.866)-(t:1.554-t:406-v:24515.886)-(t:1.571-t:407-v:24462.384)-(t:1.578-t:408-v:24394.204)-(t:1.597-t:409-v:24265.119)-(t:1.600-t:410-v:24236.201)-(t:1.604-t:411-v:24180.171)-(t:1.623-t:412-v:23818.663)-(t:1.626-t:413-v:23777.543)-(t:1.630-t:414-v:23749.341)-(t:1.635-t:415-v:23718.386)-(t:1.642-t:416-v:23708.894)-(t:1.645-t:417-v:23637.295)-(t:1.676-t:418-v:23613.369)-(t:1.678-t:419-v:23596.108)-(t:1.682-t:420-v:23595.944)-(t:1.688-t:421-v:23419.244)-(t:1.691-t:422-v:23403.075)-(t:1.708-t:423-v:23401.577)-(t:1.717-t:424-v:23331.168)-(t:1.718-t:425-v:23168.699)-(t:1.720-t:426-v:23138.682)-(t:1.720-t:427-v:23114.204)-(t:1.724-t:428-v:22742.991)-(t:1.725-t:429-v:22726.607)-(t:1.725-t:430-v:22653.614)-(t:1.738-t:431-v:22652.851)-(t:1.741-t:432-v:22649.97)-(t:1.741-t:433-v:22648.004)-(t:1.742-t:434-v:22554.34)-(t:1.747-t:435-v:22515.187)-(t:1.748-t:436-v:22505.006)-(t:1.749-t:437-v:22482.956)-(t:1.749-t:438-v:22468.509)-(t:1.750-t:439-v:22336.579)-(t:1.753-t:440-v:22183.066)-(t:1.770-t:441-v:22124.307)-(t:1.772-t:442-v:22027.052)-(t:1.775-t:443-v:21972.518)-(t:1.775-t:444-v:21863.856)-(t:1.776-t:445-v:21846.683)-(t:1.777-t:446-v:21778.041)-(t:1.779-t:447-v:21763.189)-(t:1.796-t:448-v:21533.457)-(t:1.799-t:449-v:21319.503)-(t:1.801-t:450-v:21317.327)-(t:1.804-t:451-v:21222.985)-(t:1.816-t:452-v:21196.765)-(t:1.834-t:453-v:21178.459)-(t:1.836-t:454-v:21164.928)-(t:1.839-t:455-v:21134.64)-(t:1.841-t:456-v:21104.916)-(t:1.849-t:457-v:21103.967)-(t:1.853-t:458-v:21058.188)-(t:1.855-t:459-v:21032.701)-(t:1.858-t:460-v:20899.009)-(t:1.870-t:461-v:20785.008)-(t:1.884-t:462-v:20782.896)-(t:1.887-t:463-v:20726.523)-(t:1.889-t:464-v:20655.916)-(t:1.893-t:465-v:20436.363)-(t:1.912-t:466-v:20429.3)-(t:1.913-t:467-v:20270.759)-(t:1.914-t:468-v:20151.697)-(t:1.918-t:469-v:20148.99)-(t:1.923-t:470-v:20130.024)-(t:1.925-t:471-v:20123.147)-(t:1.929-t:472-v:20040.093)-(t:1.932-t:473-v:20013.165)-(t:1.951-t:474-v:19934.829)-(t:1.952-t:475-v:19821.955)-(t:1.969-t:476-v:19696.427)-(t:1.974-t:477-v:19292.768)-(t:1.979-t:478-v:19073.869)-(t:1.999-t:479-v:18975.629)-(t:2.668-t:601-v:18793.552)-(t:2.672-t:602-v:18774.781)-(t:2.678-t:603-v:18456.632)-(t:2.680-t:604-v:18455.901)-(t:2.682-t:605-v:18443.732)-(t:2.686-t:606-v:18406.915)-(t:2.690-t:607-v:18352.747)-(t:2.717-t:608-v:18320.144)-(t:2.720-t:609-v:18293.852)-(t:2.722-t:610-v:18281.697)-(t:2.725-t:611-v:18262.46)-(t:2.743-t:612-v:18231.56)-(t:2.748-t:613-v:18177.984)-(t:2.763-t:614-v:18162.386)-(t:2.768-t:615-v:18100.646)-(t:3.382-t:1038-v:18033.142)-(t:3.400-t:1039-v:17847.132)-(t:3.402-t:1040-v:17540.552)-(t:3.403-t:1041-v:17539.359)-(t:3.405-t:1042-v:17401.563)-(t:3.405-t:1043-v:17310.503)-(t:3.405-t:1044-v:17172.626)-(t:3.406-t:1045-v:17136.32)-(t:3.406-t:1046-v:17120.464)-(t:3.406-t:1047-v:17109.814)-(t:3.407-t:1048-v:17038.576)-(t:3.408-t:1049-v:17031.06)-(t:3.410-t:1050-v:16961.508)-(t:3.412-t:1051-v:16959.507)-(t:3.430-t:1052-v:16575.204)-(t:3.432-t:1053-v:16525.325)-(t:3.433-t:1054-v:16458.189)-(t:3.434-t:1055-v:16369.504)-(t:3.434-t:1056-v:16362.055)-(t:3.436-t:1057-v:16332.843)-(t:3.437-t:1058-v:16287.953)-(t:3.440-t:1059-v:15727.358)-(t:3.975-t:1473-v:15589.416)-(t:3.977-t:1474-v:15586.523)-(t:3.979-t:1475-v:15531.541)-(t:4.553-t:2051-v:15478.429)-(t:4.555-t:2052-v:15413.277)-(t:4.557-t:2053-v:15327.408)-(t:4.559-t:2054-v:15126.047)-(t:4.560-t:2055-v:14793.166)-(t:4.562-t:2056-v:14758.187)-(t:4.564-t:2057-v:14721.23)-(t:27.702-t:31384-v:14715.552)-(t:27.705-t:31385-v:14676.248)-(t:27.709-t:31386-v:14637.942)-(t:27.711-t:31387-v:14531.808)-(t:27.714-t:31388-v:14530.345)-(t:27.718-t:31389-v:14491.107)-(t:27.865-t:31541-v:14261.866)-(t:32.019-t:36912-v:14127.395)-(t:38.227-t:44573-v:13963.107)-(t:38.231-t:44574-v:13950.537)-(t:38.235-t:44575-v:13484.232)-(t:38.237-t:44576-v:13348.326)-(t:38.238-t:44577-v:13325.971)-(t:38.241-t:44578-v:13226.535)-(t:38.856-t:45466-v:13123.146)-(t:38.859-t:45467-v:13116.448)-(t:38.861-t:45468-v:13079.49)-(t:38.864-t:45469-v:13052.624)-(t:38.868-t:45470-v:13013.686)-(t:38.872-t:45471-v:12984.174)-(t:38.873-t:45472-v:12930.757)-(t:408.917-t:509520-v:12906.169)-(t:408.921-t:509521-v:12887.656)-(t:635.226-t:795138-v:12882.303)-(t:635.228-t:795139-v:12846.632)-(t:635.230-t:795140-v:12808.102)-(t:635.233-t:795141-v:12759.02)-(t:635.236-t:795142-v:12731.321)-(t:635.239-t:795143-v:12626.827)-(t:635.243-t:795144-v:12594.068)],348.216
examples/tsp/tsplib/pr299.tsp,random,r1,900,0,135922.415,[(t:1.692-t:830-v:214856.91)-(t:1.692-t:831-v:214679.531)-(t:1.694-t:832-v:214438.669)-(t:1.694-t:833-v:213689.277)-(t:1.705-t:834-v:213688.572)-(t:1.705-t:835-v:213334.356)-(t:1.705-t:836-v:213278.524)-(t:1.705-t:837-v:213087.47)-(t:1.706-t:838-v:213086.665)-(t:1.707-t:839-v:213085.881)-(t:1.707-t:840-v:211172.549)-(t:1.707-t:841-v:210876.07)-(t:1.707-t:842-v:210802.366)-(t:1.708-t:843-v:210800.259)-(t:1.708-t:844-v:210615.155)-(t:1.709-t:845-v:210101.439)-(t:1.709-t:846-v:210011.716)-(t:1.710-t:847-v:207372.496)-(t:1.710-t:848-v:206962.786)-(t:1.724-t:849-v:206241.033)-(t:1.725-t:850-v:197399.748)-(t:1.725-t:851-v:197201.943)-(t:1.726-t:852-v:197197.034)-(t:1.726-t:853-v:196915.831)-(t:1.726-t:854-v:196913.102)-(t:1.726-t:855-v:196700.457)-(t:1.726-t:856-v:196607.021)-(t:1.727-t:857-v:196409.026)-(t:1.727-t:858-v:195906.843)-(t:1.728-t:859-v:195904.791)-(t:1.728-t:860-v:195904.007)-(t:1.730-t:861-v:186713.281)-(t:1.730-t:862-v:186366.727)-(t:1.731-t:863-v:186359.668)-(t:1.732-t:864-v:186233.846)-(t:1.732-t:865-v:186161.544)-(t:1.733-t:866-v:186021.835)-(t:1.733-t:867-v:185826.067)-(t:1.733-t:868-v:185626.137)-(t:1.733-t:869-v:185428.142)-(t:1.734-t:870-v:184792.998)-(t:1.734-t:871-v:184595.391)-(t:1.735-t:872-v:184416.753)-(t:1.736-t:873-v:184224.067)-(t:1.736-t:874-v:184031.649)-(t:1.750-t:875-v:183991.525)-(t:1.751-t:876-v:183791.525)-(t:1.754-t:877-v:183473.977)-(t:1.755-t:878-v:182860.517)-(t:1.756-t:879-v:182680.722)-(t:1.756-t:880-v:182480.957)-(t:1.757-t:881-v:182281.322)-(t:1.757-t:882-v:182032.143)-(t:1.758-t:883-v:181637.821)-(t:1.774-t:884-v:181450.803)-(t:1.774-t:885-v:180854.48)-(t:1.776-t:886-v:180707.833)-(t:1.776-t:887-v:180519.439)-(t:1.777-t:888-v:180337.009)-(t:1.777-t:889-v:180122.89)-(t:1.778-t:890-v:180075.916)-(t:1.779-t:891-v:180051.092)-(t:1.780-t:892-v:179851.092)-(t:1.789-t:893-v:179297.083)-(t:1.790-t:894-v:179130.699)-(t:1.790-t:895-v:178944.655)-(t:1.790-t:896-v:178746.66)-(t:1.791-t:897-v:178578.817)-(t:1.791-t:898-v:178249.616)-(t:1.791-t:899-v:178068.791)-(t:1.811-t:900-v:177256.23)-(t:1.812-t:901-v:177163.233)-(t:1.813-t:902-v:176815.613)-(t:1.814-t:903-v:176239.822)-(t:1.814-t:904-v:176086.111)-(t:1.866-t:905-v:175216.542)-(t:1.882-t:906-v:174786.946)-(t:2.302-t:1079-v:174238.237)-(t:2.303-t:1080-v:168707.425)-(t:2.303-t:1081-v:168701.699)-(t:2.303-t:1082-v:168504.587)-(t:2.303-t:1083-v:168501.858)-(t:2.304-t:1084-v:168303.929)-(t:2.304-t:1085-v:168105.635)-(t:2.304-t:1086-v:167908.126)-(t:2.305-t:1087-v:167476.967)-(t:2.306-t:1088-v:167277.149)-(t:2.306-t:1089-v:166662.167)-(t:2.307-t:1090-v:166468.093)-(t:2.308-t:1091-v:166268.096)-(t:2.310-t:1092-v:166218.099)-(t:2.310-t:1093-v:166018.1)-(t:2.311-t:1094-v:164309.008)-(t:2.339-t:1095-v:164261.303)-(t:2.362-t:1096-v:163387.979)-(t:2.364-t:1097-v:163294.982)-(t:2.377-t:1098-v:162947.362)-(t:2.377-t:1099-v:162830.35)-(t:2.378-t:1100-v:162371.571)-(t:2.379-t:1101-v:162217.86)-(t:2.674-t:1297-v:156165.32)-(t:2.700-t:1298-v:156059.293)-(t:2.743-t:1299-v:155634.739)-(t:2.744-t:1300-v:155477.297)-(t:2.745-t:1301-v:155366.376)-(t:2.745-t:1302-v:155194.122)-(t:2.746-t:1303-v:155077.11)-(t:2.747-t:1304-v:154464.62)-(t:7.724-t:7551-v:154427.556)-(t:7.725-t:7552-v:154404.805)-(t:7.725-t:7553-v:154313.299)-(t:7.727-t:7554-v:154041.475)-(t:7.728-t:7555-v:153712.876)-(t:7.729-t:7556-v:153682.24)-(t:7.729-t:7557-v:153524.798)-(t:7.729-t:7558-v:153375.168)-(t:7.729-t:7559-v:153324.762)-(t:7.729-t:7560-v:153191.217)-(t:7.729-t:7561-v:152795.419)-(t:7.730-t:7562-v:152641.708)-(t:7.731-t:7563-v:152593.172)-(t:7.732-t:7564-v:152562.536)-(t:7.732-t:7565-v:152370.298)-(t:7.748-t:7566-v:152055.19)-(t:9.048-t:9157-v:152027.741)-(t:9.048-t:9158-v:151869.698)-(t:9.048-t:9159-v:151844.785)-(t:9.048-t:9160-v:150337.716)-(t:9.050-t:9161-v:150289.203)-(t:9.341-t:9815-v:150270.752)-(t:9.341-t:9816-v:150070.851)-(t:9.342-t:9817-v:150020.948)-(t:9.342-t:9818-v:149821.003)-(t:9.342-t:9819-v:149425.27)-(t:9.345-t:9820-v:149376.293)-(t:9.350-t:9821-v:149287.945)-(t:9.351-t:9822-v:149158.367)-(t:9.352-t:9823-v:148914.596)-(t:9.353-t:9824-v:148734.603)-(t:15.003-t:27016-v:147177.371)-(t:15.004-t:27017-v:147010.987)-(t:15.004-t:27018-v:146824.943)-(t:15.004-t:27019-v:146626.948)-(t:15.004-t:27020-v:146129.904)-(t:15.005-t:27021-v:145949.079)-(t:15.057-t:27237-v:144525.38)-(t:15.060-t:27238-v:144419.353)-(t:69.445-t:175825-v:144119.469)-(t:69.450-t:175826-v:144070.739)-(t:69.450-t:175827-v:143888.309)-(t:69.451-t:175828-v:143863.485)-(t:69.451-t:175829-v:143674.19)-(t:69.451-t:175830-v:143207.137)-(t:69.455-t:175831-v:142921.413)-(t:69.458-t:175832-v:138355.675)-(t:525.176-t:1451191-v:138009.503)-(t:525.176-t:1451192-v:137809.518)-(t:525.177-t:1451193-v:137196.058)-(t:525.177-t:1451194-v:137016.263)-(t:525.177-t:1451195-v:136816.498)-(t:525.178-t:1451196-v:136616.863)-(t:525.178-t:1451197-v:136567.459)-(t:525.178-t:1451198-v:136367.684)-(t:525.179-t:1451199-v:136279.511)-(t:525.179-t:1451200-v:136230.107)-(t:525.179-t:1451201-v:136030.107)-(t:525.184-t:1451202-v:135922.415)],586.005
examples/tsp/tsplib/pr124.tsp,roundrobin,r1,900,0,112378.046,[(t:1.023-t:340-v:165465.644)-(t:1.023-t:341-v:149548.251)-(t:1.040-t:342-v:147171.446)-(t:1.041-t:343-v:133763.305)-(t:1.041-t:344-v:131367.209)-(t:1.042-t:345-v:120324.197)-(t:1.043-t:346-v:119075.05)-(t:1.043-t:347-v:118707.441)-(t:1.044-t:348-v:118629.944)-(t:1.047-t:349-v:118187.113)-(t:1.048-t:350-v:118086.831)-(t:1.063-t:351-v:117791.439)-(t:1.064-t:352-v:117608.682)-(t:1.066-t:353-v:117252.169)-(t:1.067-t:354-v:116870.982)-(t:1.070-t:355-v:116640.063)-(t:1.093-t:356-v:116502.76)-(t:1.100-t:357-v:116122.887)-(t:1.476-t:450-v:115963.101)-(t:1.477-t:451-v:115260.915)-(t:1.478-t:452-v:115161.298)-(t:1.480-t:453-v:114930.379)-(t:1.482-t:454-v:114561.298)-(t:4.810-t:4594-v:113748.008)-(t:4.810-t:4595-v:113486.775)-(t:4.811-t:4596-v:113436.592)-(t:4.811-t:4597-v:113372.605)-(t:4.811-t:4598-v:112378.046)],427.828
examples/tsp/tsplib/d657.tsp,roundrobin,r1,900,0,204052.378,[(t:2.415-t:1954-v:230598.589)-(t:2.416-t:1955-v:230580.453)-(t:2.416-t:1956-v:230555.884)-(t:2.417-t:1957-v:230496.002)-(t:2.417-t:1958-v:230188.609)-(t:2.417-t:1959-v:230170.292)-(t:2.418-t:1960-v:230156.511)-(t:2.418-t:1961-v:230139.595)-(t:2.420-t:1962-v:230020.486)-(t:2.440-t:1963-v:225687.841)-(t:2.440-t:1964-v:225666.717)-(t:2.441-t:1965-v:225640.718)-(t:2.441-t:1966-v:225627.376)-(t:2.441-t:1967-v:225607.37)-(t:2.441-t:1968-v:225606.871)-(t:2.442-t:1969-v:221083.013)-(t:2.442-t:1970-v:221049.616)-(t:2.442-t:1971-v:220978.716)-(t:2.442-t:1972-v:220907.193)-(t:2.442-t:1973-v:220574.791)-(t:2.442-t:1974-v:220476.644)-(t:2.443-t:1975-v:220422.307)-(t:2.445-t:1976-v:220391.031)-(t:2.445-t:1977-v:220365.217)-(t:2.455-t:1978-v:220359.511)-(t:2.456-t:1979-v:220316.952)-(t:2.456-t:1980-v:220272.348)-(t:2.457-t:1981-v:220250.559)-(t:2.457-t:1982-v:220174.993)-(t:2.458-t:1983-v:220158.875)-(t:2.458-t:1984-v:220059.897)-(t:2.467-t:1985-v:219897.222)-(t:2.468-t:1986-v:219764.029)-(t:2.468-t:1987-v:219719.828)-(t:2.468-t:1988-v:219581.21)-(t:2.468-t:1989-v:219546.669)-(t:2.481-t:1990-v:219514.562)-(t:2.482-t:1991-v:219504.537)-(t:2.482-t:1992-v:219363.701)-(t:2.482-t:1993-v:219355.51)-(t:2.483-t:1994-v:219323.403)-(t:2.483-t:1995-v:219317.372)-(t:2.483-t:1996-v:219281.764)-(t:2.484-t:1997-v:219255.869)-(t:2.488-t:1998-v:219117.032)-(t:2.491-t:1999-v:219116.323)-(t:2.506-t:2000-v:219034.563)-(t:2.507-t:2001-v:218975.818)-(t:2.507-t:2002-v:218957.17)-(t:2.507-t:2003-v:218863.007)-(t:2.513-t:2004-v:218775.573)-(t:2.514-t:2005-v:218425.619)-(t:2.515-t:2006-v:218300.485)-(t:2.519-t:2007-v:218259.103)-(t:2.519-t:2008-v:218238.747)-(t:2.519-t:2009-v:218231.656)-(t:2.520-t:2010-v:217883.767)-(t:2.520-t:2011-v:217808.434)-(t:2.524-t:2012-v:217778.57)-(t:2.541-t:2013-v:217404.2)-(t:2.542-t:2014-v:217331.42)-(t:2.542-t:2015-v:217232.19)-(t:2.542-t:2016-v:217220.754)-(t:2.546-t:2017-v:217202.106)-(t:2.546-t:2018-v:217107.62)-(t:2.547-t:2019-v:217018.64)-(t:2.547-t:2020-v:216987.023)-(t:2.549-t:2021-v:216981.763)-(t:2.549-t:2022-v:216747.646)-(t:2.549-t:2023-v:216674.835)-(t:2.550-t:2024-v:216550.664)-(t:2.551-t:2025-v:216545.671)-(t:2.568-t:2026-v:216542.995)-(t:2.573-t:2027-v:216540.07)-(t:2.573-t:2028-v:216446.359)-(t:2.574-t:2029-v:216445.923)-(t:2.575-t:2030-v:216102.433)-(t:2.575-t:2031-v:216061.675)-(t:2.593-t:2032-v:216060.557)-(t:2.599-t:2033-v:216060.243)-(t:2.603-t:2034-v:216041.91)-(t:2.619-t:2035-v:216038.637)-(t:2.624-t:2036-v:216028.858)-(t:2.627-t:2037-v:216026.182)-(t:2.631-t:2038-v:215938.598)-(t:2.632-t:2039-v:215884.736)-(t:2.633-t:2040-v:215767.26)-(t:2.649-t:2041-v:215724.548)-(t:2.653-t:2042-v:215580.766)-(t:2.671-t:2043-v:215423.872)-(t:2.672-t:2044-v:215294.408)-(t:2.673-t:2045-v:215252.656)-(t:2.674-t:2046-v:215022.188)-(t:2.677-t:2047-v:214956.1)-(t:2.681-t:2048-v:214952.294)-(t:2.684-t:2049-v:214927.774)-(t:2.685-t:2050-v:214697.306)-(t:2.688-t:2051-v:214633.011)-(t:2.688-t:2052-v:214622.465)-(t:2.703-t:2053-v:214612.615)-(t:2.703-t:2054-v:214411.51)-(t:2.706-t:2055-v:214259.157)-(t:2.706-t:2056-v:214255.727)-(t:2.707-t:2057-v:214189.871)-(t:2.707-t:2058-v:214154.638)-(t:2.707-t:2059-v:213979.633)-(t:2.727-t:2060-v:213937.904)-(t:2.738-t:2061-v:213834.413)-(t:2.739-t:2062-v:213830.994)-(t:2.742-t:2063-v:213676.687)-(t:2.742-t:2064-v:213593.697)-(t:2.745-t:2065-v:213496.075)-(t:2.759-t:2066-v:213442.418)-(t:2.763-t:2067-v:213365.038)-(t:2.780-t:2068-v:213364.473)-(t:2.781-t:2069-v:213327.924)-(t:2.784-t:2070-v:213310.361)-(t:2.797-t:2071-v:213300.394)-(t:2.816-t:2072-v:213163.108)-(t:2.817-t:2073-v:213137.747)-(t:2.817-t:2074-v:213024.518)-(t:2.818-t:2075-v:213000.386)-(t:2.818-t:2076-v:212981.738)-(t:2.818-t:2077-v:212877.068)-(t:2.819-t:2078-v:212754.945)-(t:2.819-t:2079-v:212736.875)-(t:2.819-t:2080-v:212687.14)-(t:2.819-t:2081-v:212656.232)-(t:2.820-t:2082-v:212647.941)-(t:2.820-t:2083-v:212493.294)-(t:2.820-t:2084-v:212481.364)-(t:2.820-t:2085-v:212451.842)-(t:2.821-t:2086-v:212324.86)-(t:2.821-t:2087-v:212289.627)-(t:2.822-t:2088-v:212170.609)-(t:2.827-t:2089-v:212089.077)-(t:2.833-t:2090-v:212064.834)-(t:2.848-t:2091-v:212053.108)-(t:2.849-t:2092-v:211990.356)-(t:2.849-t:2093-v:211910.38)-(t:2.853-t:2094-v:211852.678)-(t:2.858-t:2095-v:211852.571)-(t:2.859-t:2096-v:211708.751)-(t:2.872-t:2097-v:211617.285)-(t:2.877-t:2098-v:211562.752)-(t:2.883-t:2099-v:211538.588)-(t:2.884-t:2100-v:211526.862)-(t:2.884-t:2101-v:211464.11)-(t:2.898-t:2102-v:211384.134)-(t:2.902-t:2103-v:211368.251)-(t:2.907-t:2104-v:211348.694)-(t:2.908-t:2105-v:211245.413)-(t:2.927-t:2106-v:211198.245)-(t:2.928-t:2107-v:211110.885)-(t:2.933-t:2108-v:210974.345)-(t:2.934-t:2109-v:210746.831)-(t:2.935-t:2110-v:210704.78)-(t:2.956-t:2111-v:210669.264)-(t:2.965-t:2112-v:210664.179)-(t:2.987-t:2113-v:210486.397)-(t:2.989-t:2114-v:210461.162)-(t:2.992-t:2115-v:210415.223)-(t:2.993-t:2116-v:210356.37)-(t:2.993-t:2117-v:210340.745)-(t:2.994-t:2118-v:210288.304)-(t:3.017-t:2119-v:210236.435)-(t:3.038-t:2120-v:210091.776)-(t:3.040-t:2121-v:210063.964)-(t:3.043-t:2122-v:209953.522)-(t:3.043-t:2123-v:209867.853)-(t:3.046-t:2124-v:209866.129)-(t:3.055-t:2125-v:209862.176)-(t:3.060-t:2126-v:209667.493)-(t:3.081-t:2127-v:209611.68)-(t:3.082-t:2128-v:209586.918)-(t:3.101-t:2129-v:209512.197)-(t:3.101-t:2130-v:209511.981)-(t:3.101-t:2131-v:209501.629)-(t:3.102-t:2132-v:209421.632)-(t:3.102-t:2133-v:209342.653)-(t:3.102-t:2134-v:209234.82)-(t:3.102-t:2135-v:209072.263)-(t:3.102-t:2136-v:208793.267)-(t:3.103-t:2137-v:208703.8)-(t:3.118-t:2138-v:208698.192)-(t:3.122-t:2139-v:208677.234)-(t:3.127-t:2140-v:208669.816)-(t:3.132-t:2141-v:208600.294)-(t:3.151-t:2142-v:208207.405)-(t:3.168-t:2143-v:208194.901)-(t:3.172-t:2144-v:208176.602)-(t:3.176-t:2145-v:208139.525)-(t:3.182-t:2146-v:208111.501)-(t:3.194-t:2147-v:208033.471)-(t:3.204-t:2148-v:207842.52)-(t:3.214-t:2149-v:207832.422)-(t:3.218-t:2150-v:207761.769)-(t:3.222-t:2151-v:207734.071)-(t:3.239-t:2152-v:207718.4)-(t:3.254-t:2153-v:207656.579)-(t:3.255-t:2154-v:207653.16)-(t:3.257-t:2155-v:207498.853)-(t:3.257-t:2156-v:207415.863)-(t:3.260-t:2157-v:207393.203)-(t:3.260-t:2158-v:207381.477)-(t:3.260-t:2159-v:207318.725)-(t:3.261-t:2160-v:207238.749)-(t:3.263-t:2161-v:207150.654)-(t:3.264-t:2162-v:207150.256)-(t:3.264-t:2163-v:207147.451)-(t:3.265-t:2164-v:207043.783)-(t:3.278-t:2165-v:206919.451)-(t:3.283-t:2166-v:206917.444)-(t:3.288-t:2167-v:206897.01)-(t:3.291-t:2168-v:206396.408)-(t:3.309-t:2169-v:206357.798)-(t:3.313-t:2170-v:206105.732)-(t:3.316-t:2171-v:206089.005)-(t:3.320-t:2172-v:205913.042)-(t:3.337-t:2173-v:205872.151)-(t:3.340-t:2174-v:205719.931)-(t:3.343-t:2175-v:205709.927)-(t:3.346-t:2176-v:205214.776)-(t:3.373-t:2177-v:205174.894)-(t:3.378-t:2178-v:205096.435)-(t:3.383-t:2179-v:205094.391)-(t:3.386-t:2180-v:204618.218)-(t:3.389-t:2181-v:204579.515)-(t:3.405-t:2182-v:204552.249)-(t:3.410-t:2183-v:204420.318)-(t:3.414-t:2184-v:204351.584)-(t:3.415-t:2185-v:204255.304)-(t:3.452-t:2186-v:204215.114)-(t:3.453-t:2187-v:204193.843)-(t:3.455-t:2188-v:204126.062)-(t:3.456-t:2189-v:204052.378)],684.855
examples/tsp/tsplib/kroB100.tsp,roundrobin,r1,900,0,35747.119,[(t:0.879-t:285-v:105305.177)-(t:0.880-t:286-v:105118.464)-(t:0.882-t:287-v:104505.19)-(t:0.883-t:288-v:104309.397)-(t:0.885-t:289-v:104234.169)-(t:0.886-t:290-v:103168.372)-(t:0.886-t:291-v:103074.206)-(t:0.900-t:292-v:102658.105)-(t:0.901-t:293-v:102393.638)-(t:0.902-t:294-v:102209.183)-(t:0.903-t:295-v:101743.468)-(t:0.905-t:296-v:101658.873)-(t:0.905-t:297-v:101252.922)-(t:0.907-t:298-v:101200.063)-(t:0.908-t:299-v:101196.505)-(t:0.910-t:300-v:101090.681)-(t:0.911-t:301-v:100382.358)-(t:0.924-t:302-v:100345.129)-(t:0.925-t:303-v:99883.018)-(t:0.928-t:304-v:99518.001)-(t:0.928-t:305-v:99464.334)-(t:0.944-t:306-v:99119.696)-(t:0.946-t:307-v:98876.059)-(t:0.947-t:308-v:97007.605)-(t:0.949-t:309-v:96886.589)-(t:0.951-t:310-v:96875.469)-(t:0.953-t:311-v:96663.663)-(t:0.969-t:312-v:96606.975)-(t:0.970-t:313-v:96358.294)-(t:0.971-t:314-v:96045.507)-(t:0.971-t:315-v:95239.478)-(t:0.974-t:316-v:95143.214)-(t:0.974-t:317-v:95056.883)-(t:0.975-t:318-v:95021.649)-(t:0.976-t:319-v:95020.943)-(t:0.977-t:320-v:94915.331)-(t:0.978-t:321-v:94803.136)-(t:0.992-t:322-v:94573.111)-(t:0.994-t:323-v:94444.18)-(t:0.995-t:324-v:94271.404)-(t:1.001-t:325-v:94004.134)-(t:1.002-t:326-v:93605.611)-(t:1.003-t:327-v:93321.735)-(t:1.005-t:328-v:92669.078)-(t:1.005-t:329-v:92361.629)-(t:1.008-t:330-v:92325.761)-(t:1.009-t:331-v:92225.747)-(t:1.025-t:332-v:92147.347)-(t:1.027-t:333-v:91814.068)-(t:1.028-t:334-v:90892.964)-(t:1.031-t:335-v:90851.902)-(t:1.034-t:336-v:90479.978)-(t:1.036-t:337-v:90286.292)-(t:1.038-t:338-v:90233.599)-(t:1.051-t:339-v:90082.726)-(t:1.052-t:340-v:89840.98)-(t:1.053-t:341-v:89536.583)-(t:1.055-t:342-v:89517.325)-(t:1.057-t:343-v:89325.928)-(t:1.061-t:344-v:89182.391)-(t:1.078-t:345-v:89070.745)-(t:1.081-t:346-v:88739.793)-(t:1.087-t:347-v:86768.196)-(t:1.089-t:348-v:86482.403)-(t:1.105-t:349-v:86288.604)-(t:1.111-t:350-v:85649.941)-(t:1.115-t:351-v:85232.358)-(t:1.126-t:352-v:84876.805)-(t:1.134-t:353-v:84872.9)-(t:1.147-t:354-v:83090.42)-(t:1.148-t:355-v:82662.791)-(t:1.149-t:356-v:82608.021)-(t:1.149-t:357-v:82600.294)-(t:1.150-t:358-v:82392.347)-(t:1.151-t:359-v:81932.558)-(t:1.153-t:360-v:81876.169)-(t:1.171-t:361-v:81789.394)-(t:1.182-t:362-v:81716.128)-(t:1.194-t:363-v:80763.578)-(t:1.200-t:364-v:80650.879)-(t:1.223-t:365-v:79763.61)-(t:1.226-t:366-v:79531.362)-(t:1.232-t:367-v:79241.39)-(t:1.250-t:368-v:79235.987)-(t:1.255-t:369-v:78091.458)-(t:1.261-t:370-v:78050.05)-(t:1.265-t:371-v:77892.972)-(t:1.266-t:372-v:77856.182)-(t:1.280-t:373-v:77835.79)-(t:1.280-t:374-v:77625.474)-(t:1.282-t:375-v:77023.412)-(t:1.287-t:376-v:76273.613)-(t:1.289-t:377-v:75823.483)-(t:1.306-t:378-v:73452.721)-(t:1.310-t:379-v:72785.73)-(t:1.315-t:380-v:72756.303)-(t:1.318-t:381-v:72066.886)-(t:1.334-t:382-v:69665.321)-(t:1.337-t:383-v:68932.246)-(t:1.339-t:384-v:68549.653)-(t:1.357-t:385-v:68397.7)-(t:1.359-t:386-v:68017.114)-(t:1.363-t:387-v:67948.238)-(t:1.368-t:388-v:67913.097)-(t:1.372-t:389-v:67862.193)-(t:1.388-t:390-v:67858.342)-(t:1.394-t:391-v:67650.549)-(t:1.416-t:392-v:67641.08)-(t:1.418-t:393-v:67513.259)-(t:1.429-t:394-v:66722.431)-(t:1.448-t:395-v:64801.039)-(t:1.450-t:396-v:64778.779)-(t:1.470-t:397-v:64759.646)-(t:1.476-t:398-v:64758.76)-(t:1.476-t:399-v:64736.315)-(t:1.476-t:400-v:64629.736)-(t:1.477-t:401-v:64311.212)-(t:1.493-t:402-v:64168.353)-(t:1.496-t:403-v:63999.222)-(t:1.499-t:404-v:63951.736)-(t:1.509-t:405-v:63951.445)-(t:1.511-t:406-v:63927.687)-(t:1.514-t:407-v:62973.541)-(t:1.516-t:408-v:62890.991)-(t:1.532-t:409-v:62696.394)-(t:1.535-t:410-v:62695.182)-(t:1.538-t:411-v:62555.329)-(t:1.545-t:412-v:62138.861)-(t:1.550-t:413-v:59663.164)-(t:1.551-t:414-v:59561.2)-(t:1.565-t:415-v:59475.301)-(t:1.566-t:416-v:59391.524)-(t:1.566-t:417-v:59363.415)-(t:1.569-t:418-v:59220.309)-(t:1.570-t:419-v:59106.287)-(t:1.571-t:420-v:58695.332)-(t:1.571-t:421-v:58614.489)-(t:1.573-t:422-v:58545.024)-(t:1.574-t:423-v:58204.677)-(t:1.581-t:424-v:57344.397)-(t:1.583-t:425-v:57337.125)-(t:1.586-t:426-v:55619.059)-(t:1.604-t:427-v:54711.517)-(t:1.607-t:428-v:54646.255)-(t:1.624-t:429-v:54230.8)-(t:1.626-t:430-v:54226.428)-(t:1.627-t:431-v:54221.759)-(t:1.631-t:432-v:54151.201)-(t:1.633-t:433-v:54006.001)-(t:1.636-t:434-v:53095.881)-(t:1.646-t:435-v:52757.511)-(t:1.646-t:436-v:52443.146)-(t:1.647-t:437-v:52204.572)-(t:1.647-t:438-v:52172.264)-(t:1.647-t:439-v:51901.167)-(t:1.649-t:440-v:51657.301)-(t:1.650-t:441-v:51589.142)-(t:1.652-t:442-v:51421.716)-(t:1.653-t:443-v:51324.075)-(t:1.654-t:444-v:50934.088)-(t:1.654-t:445-v:50498.871)-(t:1.669-t:446-v:49894.944)-(t:1.674-t:447-v:49627.796)-(t:1.674-t:448-v:49503.78)-(t:1.675-t:449-v:49264.341)-(t:1.682-t:450-v:49199.911)-(t:1.685-t:451-v:47909.942)-(t:1.699-t:452-v:47889.899)-(t:3.695-t:1002-v:47881.543)-(t:3.710-t:1003-v:47334.687)-(t:4.914-t:1977-v:47172.773)-(t:4.915-t:1978-v:47163.563)-(t:4.917-t:1979-v:46717.486)-(t:4.918-t:1980-v:46513.059)-(t:4.920-t:1981-v:45761.583)-(t:4.937-t:1982-v:45411.3)-(t:4.939-t:1983-v:44274.656)-(t:4.940-t:1984-v:43887.625)-(t:4.940-t:1985-v:43610.365)-(t:4.942-t:1986-v:43435.352)-(t:4.942-t:1987-v:43419.573)-(t:4.943-t:1988-v:43411.642)-(t:4.944-t:1989-v:43279.517)-(t:4.958-t:1990-v:43268.105)-(t:4.959-t:1991-v:43158.965)-(t:4.962-t:1992-v:43060.268)-(t:4.962-t:1993-v:42812.501)-(t:4.962-t:1994-v:42535.241)-(t:4.964-t:1995-v:42262.505)-(t:4.966-t:1996-v:41940.995)-(t:4.968-t:1997-v:41935.304)-(t:4.969-t:1998-v:41686.508)-(t:4.985-t:1999-v:41524.835)-(t:6.944-t:3983-v:41473.636)-(t:6.945-t:3984-v:41316.717)-(t:6.946-t:3985-v:41313.332)-(t:6.947-t:3986-v:41251.508)-(t:6.948-t:3987-v:41028.46)-(t:6.949-t:3988-v:40579.295)-(t:6.951-t:3989-v:40569.551)-(t:6.953-t:3990-v:40546.779)-(t:15.784-t:14476-v:40508.406)-(t:15.787-t:14477-v:40486.627)-(t:15.788-t:14478-v:40486.139)-(t:15.788-t:14479-v:40438.425)-(t:15.789-t:14480-v:40263.743)-(t:15.791-t:14481-v:40184.089)-(t:15.795-t:14482-v:40133.268)-(t:31.690-t:32436-v:39952.191)-(t:38.317-t:40006-v:39841.992)-(t:38.320-t:40007-v:39784.878)-(t:38.323-t:40008-v:39507.823)-(t:38.326-t:40009-v:39024.985)-(t:38.328-t:40010-v:39020.698)-(t:38.331-t:40011-v:38975.59)-(t:38.334-t:40012-v:38859.014)-(t:38.335-t:40013-v:38843.235)-(t:38.335-t:40014-v:37881.452)-(t:38.339-t:40015-v:37736.296)-(t:38.342-t:40016-v:37703.265)-(t:38.342-t:40017-v:37691.023)-(t:208.899-t:235186-v:36525.684)-(t:208.901-t:235187-v:36507.007)-(t:208.904-t:235188-v:36458.054)-(t:208.905-t:235189-v:36345.576)-(t:208.909-t:235190-v:35814.23)-(t:208.912-t:235191-v:35747.119)],351.643
examples/tsp/tsplib/rd400.tsp,roundrobin,r1,900,0,66060.055,[(t:2.177-t:1187-v:154222.932)-(t:2.178-t:1188-v:153950.879)-(t:2.178-t:1189-v:153895.272)-(t:2.178-t:1190-v:153621.253)-(t:2.179-t:1191-v:153515.445)-(t:2.179-t:1192-v:153501.489)-(t:2.179-t:1193-v:153441.889)-(t:2.194-t:1194-v:153428.048)-(t:2.196-t:1195-v:153391.873)-(t:2.197-t:1196-v:153351.199)-(t:2.198-t:1197-v:153303.142)-(t:2.199-t:1198-v:153303.135)-(t:2.201-t:1199-v:153258.531)-(t:2.202-t:1200-v:153231.698)-(t:2.202-t:1201-v:153183.729)-(t:2.203-t:1202-v:153158.875)-(t:2.204-t:1203-v:152855.166)-(t:2.205-t:1204-v:152853.659)-(t:2.205-t:1205-v:152837.095)-(t:2.217-t:1206-v:152779.651)-(t:2.218-t:1207-v:152720.613)-(t:2.218-t:1208-v:152683.066)-(t:2.219-t:1209-v:152401.236)-(t:2.221-t:1210-v:152390.607)-(t:2.222-t:1211-v:152365.445)-(t:2.224-t:1212-v:152358.581)-(t:2.224-t:1213-v:152306.817)-(t:2.241-t:1214-v:152217.879)-(t:2.243-t:1215-v:152190.388)-(t:2.250-t:1216-v:151693.444)-(t:2.250-t:1217-v:151669.954)-(t:2.253-t:1218-v:151659.003)-(t:2.255-t:1219-v:151445.857)-(t:2.268-t:1220-v:151438.378)-(t:2.270-t:1221-v:151350.951)-(t:2.271-t:1222-v:151350.245)-(t:2.271-t:1223-v:151213.372)-(t:2.272-t:1224-v:151197.22)-(t:2.272-t:1225-v:151186.868)-(t:2.272-t:1226-v:150700.321)-(t:2.273-t:1227-v:150619.298)-(t:2.274-t:1228-v:150585.993)-(t:2.275-t:1229-v:150538.306)-(t:2.277-t:1230-v:150233.601)-(t:2.279-t:1231-v:150134.092)-(t:2.295-t:1232-v:149654.966)-(t:2.297-t:1233-v:149227.581)-(t:2.298-t:1234-v:149131.774)-(t:2.300-t:1235-v:149123.63)-(t:2.302-t:1236-v:148872.628)-(t:2.304-t:1237-v:148831.581)-(t:2.306-t:1238-v:148824.171)-(t:2.306-t:1239-v:148771.032)-(t:2.315-t:1240-v:148686.961)-(t:2.316-t:1241-v:148671.972)-(t:2.316-t:1242-v:148628.172)-(t:2.317-t:1243-v:148575.328)-(t:2.332-t:1244-v:148569.999)-(t:2.334-t:1245-v:148551.988)-(t:2.337-t:1246-v:148501.937)-(t:2.339-t:1247-v:148434.712)-(t:2.342-t:1248-v:148406.876)-(t:2.342-t:1249-v:148391.756)-(t:2.358-t:1250-v:148040.351)-(t:2.359-t:1251-v:147991.975)-(t:2.360-t:1252-v:147977.558)-(t:2.361-t:1253-v:147860.344)-(t:2.364-t:1254-v:147853.093)-(t:2.367-t:1255-v:147747.083)-(t:2.368-t:1256-v:147744.177)-(t:2.368-t:1257-v:147693.391)-(t:2.368-t:1258-v:147503.449)-(t:2.368-t:1259-v:147485.782)-(t:2.369-t:1260-v:147425.724)-(t:2.369-t:1261-v:147307.416)-(t:2.370-t:1262-v:147251.166)-(t:2.370-t:1263-v:147079.304)-(t:2.373-t:1264-v:146783.36)-(t:2.374-t:1265-v:146781.552)-(t:2.390-t:1266-v:146779.217)-(t:2.393-t:1267-v:146705.679)-(t:2.396-t:1268-v:146669.494)-(t:2.397-t:1269-v:146584.166)-(t:2.413-t:1270-v:146546.36)-(t:2.414-t:1271-v:146445.119)-(t:2.414-t:1272-v:146429.999)-(t:2.415-t:1273-v:146393.325)-(t:2.418-t:1274-v:146307.104)-(t:2.419-t:1275-v:146200.926)-(t:2.419-t:1276-v:146162.971)-(t:2.419-t:1277-v:146162.533)-(t:2.422-t:1278-v:146124.034)-(t:2.422-t:1279-v:146099.96)-(t:2.425-t:1280-v:146013.322)-(t:2.426-t:1281-v:145944.083)-(t:2.426-t:1282-v:145849.421)-(t:2.427-t:1283-v:145746.839)-(t:2.444-t:1284-v:145743.88)-(t:2.445-t:1285-v:145741.326)-(t:2.446-t:1286-v:145715.393)-(t:2.446-t:1287-v:145501.191)-(t:2.448-t:1288-v:145500.586)-(t:2.448-t:1289-v:145485.466)-(t:2.451-t:1290-v:145360.291)-(t:2.453-t:1291-v:145311.358)-(t:2.456-t:1292-v:145091.096)-(t:2.480-t:1293-v:145042.841)-(t:2.482-t:1294-v:145003.526)-(t:2.483-t:1295-v:144979.135)-(t:2.483-t:1296-v:144970.405)-(t:2.483-t:1297-v:144940.073)-(t:2.484-t:1298-v:144862.129)-(t:2.484-t:1299-v:144807.406)-(t:2.485-t:1300-v:144621.391)-(t:2.487-t:1301-v:144600.454)-(t:2.487-t:1302-v:144491.83)-(t:2.488-t:1303-v:144489.508)-(t:2.488-t:1304-v:144463.189)-(t:2.488-t:1305-v:144338.761)-(t:2.489-t:1306-v:144289.635)-(t:2.491-t:1307-v:144239.958)-(t:2.508-t:1308-v:144220.905)-(t:2.512-t:1309-v:144205.726)-(t:2.516-t:1310-v:144132.018)-(t:2.517-t:1311-v:144014.0)-(t:2.532-t:1312-v:143964.705)-(t:2.537-t:1313-v:143416.823)-(t:2.541-t:1314-v:143258.296)-(t:2.544-t:1315-v:143248.784)-(t:2.556-t:1316-v:143248.456)-(t:2.560-t:1317-v:143088.785)-(t:2.561-t:1318-v:143071.916)-(t:2.561-t:1319-v:143071.066)-(t:2.561-t:1320-v:143069.372)-(t:2.562-t:1321-v:143068.362)-(t:2.562-t:1322-v:142965.524)-(t:2.563-t:1323-v:142936.282)-(t:2.563-t:1324-v:142916.665)-(t:2.563-t:1325-v:142898.946)-(t:2.564-t:1326-v:142838.241)-(t:2.581-t:1327-v:142495.268)-(t:2.582-t:1328-v:142467.355)-(t:2.583-t:1329-v:142451.126)-(t:2.588-t:1330-v:142140.988)-(t:2.592-t:1331-v:142059.009)-(t:2.594-t:1332-v:141994.147)-(t:2.609-t:1333-v:141736.879)-(t:2.610-t:1334-v:141687.753)-(t:2.610-t:1335-v:141602.797)-(t:2.611-t:1336-v:141575.76)-(t:2.613-t:1337-v:140989.141)-(t:2.614-t:1338-v:140982.347)-(t:2.614-t:1339-v:140731.015)-(t:2.614-t:1340-v:140700.683)-(t:2.617-t:1341-v:140563.161)-(t:2.630-t:1342-v:140562.998)-(t:2.631-t:1343-v:140545.279)-(t:2.631-t:1344-v:140505.172)-(t:2.634-t:1345-v:140445.029)-(t:2.638-t:1346-v:140380.847)-(t:2.639-t:1347-v:140373.696)-(t:2.641-t:1348-v:140369.34)-(t:2.645-t:1349-v:140239.403)-(t:2.663-t:1350-v:140115.917)-(t:2.667-t:1351-v:140004.617)-(t:2.685-t:1352-v:139855.768)-(t:2.689-t:1353-v:139604.092)-(t:2.693-t:1354-v:139413.17)-(t:2.711-t:1355-v:139045.188)-(t:2.713-t:1356-v:139040.664)-(t:2.717-t:1357-v:138910.642)-(t:2.733-t:1358-v:138768.793)-(t:2.737-t:1359-v:138763.191)-(t:2.741-t:1360-v:138761.877)-(t:2.742-t:1361-v:138476.099)-(t:2.743-t:1362-v:138337.819)-(t:2.745-t:1363-v:138314.554)-(t:2.763-t:1364-v:138308.565)-(t:2.763-t:1365-v:138269.79)-(t:2.763-t:1366-v:138261.259)-(t:2.763-t:1367-v:138068.784)-(t:2.763-t:1368-v:138067.628)-(t:2.765-t:1369-v:137989.391)-(t:2.765-t:1370-v:137876.42)-(t:2.770-t:1371-v:137821.793)-(t:2.770-t:1372-v:137789.316)-(t:2.770-t:1373-v:137650.125)-(t:2.770-t:1374-v:137649.468)-(t:2.771-t:1375-v:137587.793)-(t:2.771-t:1376-v:137499.144)-(t:2.786-t:1377-v:137496.381)-(t:2.787-t:1378-v:137333.426)-(t:2.787-t:1379-v:137301.944)-(t:2.788-t:1380-v:137289.358)-(t:2.789-t:1381-v:137263.213)-(t:2.790-t:1382-v:137203.995)-(t:2.790-t:1383-v:137200.976)-(t:2.795-t:1384-v:137175.8)-(t:2.813-t:1385-v:137087.623)-(t:2.813-t:1386-v:137057.286)-(t:2.813-t:1387-v:137033.084)-(t:2.814-t:1388-v:136969.121)-(t:2.815-t:1389-v:136754.123)-(t:2.818-t:1390-v:136647.306)-(t:2.818-t:1391-v:136608.741)-(t:2.819-t:1392-v:136556.242)-(t:2.819-t:1393-v:136547.736)-(t:2.820-t:1394-v:136490.717)-(t:2.825-t:1395-v:136264.992)-(t:2.829-t:1396-v:136215.781)-(t:2.847-t:1397-v:135969.39)-(t:2.850-t:1398-v:135495.601)-(t:2.866-t:1399-v:135375.68)-(t:2.869-t:1400-v:135373.007)-(t:2.873-t:1401-v:135329.424)-(t:2.876-t:1402-v:135200.341)-(t:2.894-t:1403-v:135171.067)-(t:2.898-t:1404-v:135150.476)-(t:2.915-t:1405-v:135000.34)-(t:2.916-t:1406-v:134940.622)-(t:2.916-t:1407-v:134935.641)-(t:2.919-t:1408-v:134842.424)-(t:2.921-t:1409-v:134818.201)-(t:2.924-t:1410-v:134769.268)-(t:2.926-t:1411-v:134738.502)-(t:2.930-t:1412-v:134690.474)-(t:2.946-t:1413-v:134672.868)-(t:2.948-t:1414-v:134656.995)-(t:2.958-t:1415-v:134500.877)-(t:2.970-t:1416-v:134456.259)-(t:2.973-t:1417-v:134455.87)-(t:2.977-t:1418-v:134406.064)-(t:2.980-t:1419-v:134403.74)-(t:3.000-t:1420-v:134372.874)-(t:3.003-t:1421-v:134359.886)-(t:3.006-t:1422-v:134332.56)-(t:3.010-t:1423-v:133884.06)-(t:3.017-t:1424-v:133857.936)-(t:3.017-t:1425-v:133694.382)-(t:3.032-t:1426-v:133692.441)-(t:3.035-t:1427-v:133631.271)-(t:3.039-t:1428-v:133532.604)-(t:3.044-t:1429-v:133417.25)-(t:3.058-t:1430-v:133326.047)-(t:3.058-t:1431-v:133309.04)-(t:3.058-t:1432-v:133247.158)-(t:3.060-t:1433-v:132822.634)-(t:3.060-t:1434-v:132818.658)-(t:3.062-t:1435-v:132787.323)-(t:3.062-t:1436-v:132642.469)-(t:3.062-t:1437-v:132532.096)-(t:3.065-t:1438-v:132526.326)-(t:3.068-t:1439-v:132478.99)-(t:3.070-t:1440-v:132470.981)-(t:3.073-t:1441-v:132374.411)-(t:3.077-t:1442-v:132364.755)-(t:3.080-t:1443-v:132307.246)-(t:3.096-t:1444-v:132238.652)-(t:3.099-t:1445-v:132234.253)-(t:3.103-t:1446-v:132229.963)-(t:3.121-t:1447-v:132178.533)-(t:3.138-t:1448-v:132077.518)-(t:3.140-t:1449-v:131710.395)-(t:3.142-t:1450-v:131623.485)-(t:3.145-t:1451-v:131537.607)-(t:3.148-t:1452-v:131529.3)-(t:3.150-t:1453-v:131424.566)-(t:3.154-t:1454-v:131070.542)-(t:3.155-t:1455-v:131027.288)-(t:3.169-t:1456-v:130983.705)-(t:3.173-t:1457-v:130961.5)-(t:3.176-t:1458-v:130933.352)-(t:3.178-t:1459-v:130712.154)-(t:3.179-t:1460-v:130688.91)-(t:3.194-t:1461-v:130615.662)-(t:3.195-t:1462-v:130597.579)-(t:3.199-t:1463-v:130289.745)-(t:3.199-t:1464-v:130286.524)-(t:3.199-t:1465-v:130231.422)-(t:3.200-t:1466-v:130199.501)-(t:3.202-t:1467-v:130163.588)-(t:3.205-t:1468-v:130139.023)-(t:3.220-t:1469-v:129857.973)-(t:3.238-t:1470-v:129815.538)-(t:3.241-t:1471-v:129767.732)-(t:3.243-t:1472-v:129739.88)-(t:3.247-t:1473-v:129493.339)-(t:3.250-t:1474-v:129413.475)-(t:3.254-t:1475-v:129212.187)-(t:3.271-t:1476-v:129035.215)-(t:3.272-t:1477-v:129023.847)-(t:3.273-t:1478-v:129011.779)-(t:3.274-t:1479-v:128945.245)-(t:3.275-t:1480-v:128919.703)-(t:3.276-t:1481-v:128881.695)-(t:3.277-t:1482-v:128873.415)-(t:3.278-t:1483-v:128865.649)-(t:3.278-t:1484-v:128860.618)-(t:3.279-t:1485-v:128839.726)-(t:3.279-t:1486-v:128827.223)-(t:3.279-t:1487-v:128785.192)-(t:3.295-t:1488-v:128699.948)-(t:3.299-t:1489-v:128652.049)-(t:3.302-t:1490-v:128627.766)-(t:3.305-t:1491-v:128352.983)-(t:3.308-t:1492-v:128344.653)-(t:3.319-t:1493-v:128325.925)-(t:3.323-t:1494-v:128272.427)-(t:3.340-t:1495-v:128253.991)-(t:3.343-t:1496-v:128228.788)-(t:3.348-t:1497-v:128205.975)-(t:3.350-t:1498-v:128139.843)-(t:3.355-t:1499-v:128078.445)-(t:3.356-t:1500-v:128073.517)-(t:3.359-t:1501-v:127995.504)-(t:3.383-t:1502-v:127955.616)-(t:3.386-t:1503-v:127932.335)-(t:3.389-t:1504-v:127924.989)-(t:3.392-t:1505-v:127897.58)-(t:3.409-t:1506-v:127890.168)-(t:3.410-t:1507-v:127834.761)-(t:3.410-t:1508-v:127736.496)-(t:3.411-t:1509-v:127698.64)-(t:3.411-t:1510-v:127691.173)-(t:3.414-t:1511-v:127658.621)-(t:3.417-t:1512-v:126854.73)-(t:3.417-t:1513-v:126826.64)-(t:3.417-t:1514-v:126792.847)-(t:3.418-t:1515-v:126482.539)-(t:3.422-t:1516-v:126102.664)-(t:3.423-t:1517-v:125886.613)-(t:3.423-t:1518-v:125812.205)-(t:3.423-t:1519-v:125501.897)-(t:3.425-t:1520-v:125381.124)-(t:3.429-t:1521-v:125358.223)-(t:3.446-t:1522-v:125232.536)-(t:3.450-t:1523-v:125187.072)-(t:3.454-t:1524-v:125045.348)-(t:3.471-t:1525-v:124454.888)-(t:3.473-t:1526-v:124439.442)-(t:3.474-t:1527-v:124408.892)-(t:3.492-t:1528-v:124194.246)-(t:3.495-t:1529-v:124158.165)-(t:3.499-t:1530-v:123665.033)-(t:3.499-t:1531-v:123646.264)-(t:3.499-t:1532-v:123455.621)-(t:3.500-t:1533-v:123431.547)-(t:3.502-t:1534-v:123413.969)-(t:3.503-t:1535-v:123379.185)-(t:3.520-t:1536-v:123288.202)-(t:3.525-t:1537-v:122799.823)-(t:3.528-t:1538-v:122733.253)-(t:3.532-t:1539-v:122413.283)-(t:3.547-t:1540-v:122399.918)-(t:3.552-t:1541-v:122268.394)-(t:3.556-t:1542-v:122268.175)-(t:3.559-t:1543-v:122227.552)-(t:3.559-t:1544-v:122221.864)-(t:3.559-t:1545-v:122199.504)-(t:3.562-t:1546-v:122018.394)-(t:3.584-t:1547-v:121905.201)-(t:3.588-t:1548-v:121834.149)-(t:3.592-t:1549-v:121817.752)-(t:3.596-t:1550-v:121526.844)-(t:3.614-t:1551-v:121448.788)-(t:3.617-t:1552-v:121386.202)-(t:3.632-t:1553-v:121326.189)-(t:3.635-t:1554-v:121248.542)-(t:3.638-t:1555-v:121217.418)-(t:3.640-t:1556-v:120920.397)-(t:3.643-t:1557-v:120858.989)-(t:3.658-t:1558-v:120804.793)-(t:3.661-t:1559-v:120715.099)-(t:3.664-t:1560-v:120710.859)-(t:3.666-t:1561-v:120541.479)-(t:3.670-t:1562-v:120350.329)-(t:3.685-t:1563-v:120311.934)-(t:3.688-t:1564-v:120307.931)-(t:3.691-t:1565-v:120219.372)-(t:3.695-t:1566-v:120059.038)-(t:3.713-t:1567-v:120035.598)-(t:3.718-t:1568-v:119951.815)-(t:3.722-t:1569-v:119841.287)-(t:3.724-t:1570-v:119817.449)-(t:3.726-t:1571-v:119756.954)-(t:3.728-t:1572-v:119625.127)-(t:3.747-t:1573-v:119525.376)-(t:3.747-t:1574-v:119286.036)-(t:3.750-t:1575-v:119204.468)-(t:3.751-t:1576-v:119198.065)-(t:3.752-t:1577-v:119063.182)-(t:3.753-t:1578-v:119060.588)-(t:3.756-t:1579-v:118958.963)-(t:3.771-t:1580-v:118848.36)-(t:3.773-t:1581-v:118623.344)-(t:3.776-t:1582-v:118536.681)-(t:3.785-t:1583-v:118424.053)-(t:3.787-t:1584-v:118420.709)-(t:3.789-t:1585-v:118053.502)-(t:3.792-t:1586-v:117976.733)-(t:3.795-t:1587-v:117976.281)-(t:3.814-t:1588-v:117787.867)-(t:3.823-t:1589-v:117786.192)-(t:3.825-t:1590-v:117753.585)-(t:3.827-t:1591-v:117723.222)-(t:3.831-t:1592-v:117623.715)-(t:3.847-t:1593-v:117448.357)-(t:3.872-t:1594-v:117293.986)-(t:3.874-t:1595-v:117245.096)-(t:3.877-t:1596-v:117228.009)-(t:3.877-t:1597-v:117045.794)-(t:3.881-t:1598-v:116565.382)-(t:3.898-t:1599-v:116364.548)-(t:3.902-t:1600-v:116292.58)-(t:3.907-t:1601-v:116276.88)-(t:3.907-t:1602-v:116210.458)-(t:3.908-t:1603-v:116135.706)-(t:3.920-t:1604-v:116069.143)-(t:3.921-t:1605-v:115968.712)-(t:3.922-t:1606-v:115784.526)-(t:3.924-t:1607-v:115771.086)-(t:3.925-t:1608-v:115763.721)-(t:3.928-t:1609-v:115633.318)-(t:3.929-t:1610-v:115555.97)-(t:3.930-t:1611-v:115548.078)-(t:3.933-t:1612-v:115501.843)-(t:3.952-t:1613-v:114492.532)-(t:3.952-t:1614-v:114464.384)-(t:3.953-t:1615-v:114446.772)-(t:3.954-t:1616-v:114392.863)-(t:3.954-t:1617-v:114360.831)-(t:3.954-t:1618-v:114235.454)-(t:3.954-t:1619-v:114149.899)-(t:3.954-t:1620-v:113944.275)-(t:3.955-t:1621-v:113902.621)-(t:3.955-t:1622-v:113754.673)-(t:3.955-t:1623-v:113725.151)-(t:3.955-t:1624-v:113694.516)-(t:3.956-t:1625-v:113651.358)-(t:3.970-t:1626-v:113510.666)-(t:3.971-t:1627-v:113502.807)-(t:3.972-t:1628-v:113488.55)-(t:3.973-t:1629-v:113488.474)-(t:3.974-t:1630-v:113367.943)-(t:3.975-t:1631-v:113239.13)-(t:3.976-t:1632-v:113234.715)-(t:3.978-t:1633-v:113211.557)-(t:3.979-t:1634-v:113209.01)-(t:3.996-t:1635-v:113196.491)-(t:3.998-t:1636-v:113107.155)-(t:4.002-t:1637-v:112963.131)-(t:4.003-t:1638-v:112895.806)-(t:4.005-t:1639-v:112890.949)-(t:4.023-t:1640-v:112857.685)-(t:4.026-t:1641-v:112856.693)-(t:4.030-t:1642-v:112824.835)-(t:4.034-t:1643-v:112805.03)-(t:4.037-t:1644-v:112777.917)-(t:4.040-t:1645-v:112733.824)-(t:4.059-t:1646-v:112550.667)-(t:4.062-t:1647-v:112548.287)-(t:4.073-t:1648-v:111847.379)-(t:4.074-t:1649-v:111814.153)-(t:4.074-t:1650-v:111788.624)-(t:4.075-t:1651-v:111647.648)-(t:4.075-t:1652-v:111638.269)-(t:4.078-t:1653-v:111635.055)-(t:4.080-t:1654-v:111622.927)-(t:4.094-t:1655-v:111462.985)-(t:4.098-t:1656-v:111424.217)-(t:4.100-t:1657-v:111386.679)-(t:4.116-t:1658-v:111315.492)-(t:4.117-t:1659-v:111313.487)-(t:4.120-t:1660-v:111220.118)-(t:4.123-t:1661-v:111200.47)-(t:4.128-t:1662-v:110784.244)-(t:4.129-t:1663-v:110761.68)-(t:4.146-t:1664-v:110733.052)-(t:4.152-t:1665-v:110482.962)-(t:4.170-t:1666-v:110401.293)-(t:4.173-t:1667-v:110377.181)-(t:4.176-t:1668-v:110366.435)-(t:4.178-t:1669-v:110343.454)-(t:4.180-t:1670-v:110341.734)-(t:4.198-t:1671-v:110331.116)-(t:4.204-t:1672-v:110203.516)-(t:4.206-t:1673-v:110030.709)-(t:4.224-t:1674-v:109979.807)-(t:4.225-t:1675-v:109966.721)-(t:4.227-t:1676-v:109943.017)-(t:4.228-t:1677-v:109807.516)-(t:4.231-t:1678-v:109702.609)-(t:4.247-t:1679-v:109672.435)-(t:4.251-t:1680-v:109663.538)-(t:4.255-t:1681-v:109563.147)-(t:4.275-t:1682-v:109524.664)-(t:4.291-t:1683-v:109395.106)-(t:4.291-t:1684-v:109390.183)-(t:4.291-t:1685-v:109280.855)-(t:4.292-t:1686-v:109268.534)-(t:4.292-t:1687-v:109264.904)-(t:4.294-t:1688-v:109215.3)-(t:4.295-t:1689-v:109197.754)-(t:4.296-t:1690-v:109095.875)-(t:4.299-t:1691-v:108978.175)-(t:4.303-t:1692-v:108971.883)-(t:4.307-t:1693-v:108919.01)-(t:4.322-t:1694-v:108850.797)-(t:4.327-t:1695-v:108792.855)-(t:4.332-t:1696-v:108636.041)-(t:4.351-t:1697-v:107942.036)-(t:4.352-t:1698-v:107874.234)-(t:4.354-t:1699-v:107861.676)-(t:4.374-t:1700-v:107336.045)-(t:4.376-t:1701-v:107325.989)-(t:4.378-t:1702-v:107278.626)-(t:4.382-t:1703-v:107133.252)-(t:4.400-t:1704-v:107041.779)-(t:4.401-t:1705-v:106933.35)-(t:4.405-t:1706-v:106842.872)-(t:4.422-t:1707-v:106824.29)-(t:4.426-t:1708-v:106767.746)-(t:4.428-t:1709-v:106735.918)-(t:4.446-t:1710-v:106621.464)-(t:4.447-t:1711-v:106613.764)-(t:4.450-t:1712-v:106529.875)-(t:4.451-t:1713-v:106471.497)-(t:4.453-t:1714-v:106456.947)-(t:4.473-t:1715-v:106268.262)-(t:4.477-t:1716-v:106247.308)-(t:4.482-t:1717-v:106167.613)-(t:4.483-t:1718-v:106003.224)-(t:4.483-t:1719-v:105990.876)-(t:4.498-t:1720-v:105949.857)-(t:4.501-t:1721-v:105949.834)-(t:4.505-t:1722-v:105948.698)-(t:4.524-t:1723-v:105632.517)-(t:4.529-t:1724-v:105293.013)-(t:4.530-t:1725-v:105256.823)-(t:4.531-t:1726-v:105192.848)-(t:4.549-t:1727-v:105161.148)-(t:4.553-t:1728-v:105155.349)-(t:4.557-t:1729-v:105155.34)-(t:4.567-t:1730-v:105144.37)-(t:4.585-t:1731-v:105105.909)-(t:4.589-t:1732-v:105068.103)-(t:4.592-t:1733-v:105008.866)-(t:4.596-t:1734-v:104491.71)-(t:4.613-t:1735-v:104479.731)-(t:4.620-t:1736-v:104405.822)-(t:4.637-t:1737-v:104381.279)-(t:4.642-t:1738-v:104370.807)-(t:4.645-t:1739-v:104258.997)-(t:4.664-t:1740-v:104254.549)-(t:4.671-t:1741-v:104210.766)-(t:4.671-t:1742-v:104069.566)-(t:4.674-t:1743-v:104066.896)-(t:4.675-t:1744-v:103970.434)-(t:4.676-t:1745-v:103954.821)-(t:4.679-t:1746-v:103928.861)-(t:4.695-t:1747-v:103875.694)-(t:4.698-t:1748-v:103851.29)-(t:4.700-t:1749-v:103808.689)-(t:4.704-t:1750-v:103808.326)-(t:4.722-t:1751-v:103805.851)-(t:4.727-t:1752-v:103769.168)-(t:4.733-t:1753-v:103300.71)-(t:4.749-t:1754-v:103296.109)-(t:4.752-t:1755-v:103240.592)-(t:4.756-t:1756-v:103222.59)-(t:4.772-t:1757-v:102936.34)-(t:4.776-t:1758-v:102933.064)-(t:4.797-t:1759-v:102645.272)-(t:4.799-t:1760-v:102603.007)-(t:4.800-t:1761-v:102601.06)-(t:4.818-t:1762-v:102591.004)-(t:4.823-t:1763-v:102568.981)-(t:4.829-t:1764-v:102538.334)-(t:4.832-t:1765-v:102491.696)-(t:4.847-t:1766-v:102478.847)-(t:4.851-t:1767-v:102432.583)-(t:4.869-t:1768-v:102427.681)-(t:4.873-t:1769-v:102362.742)-(t:4.874-t:1770-v:102351.135)-(t:4.874-t:1771-v:102294.085)-(t:4.877-t:1772-v:102268.445)-(t:4.877-t:1773-v:102196.002)-(t:4.878-t:1774-v:102166.531)-(t:4.879-t:1775-v:102131.199)-(t:4.879-t:1776-v:102125.503)-(t:4.882-t:1777-v:102124.115)-(t:4.901-t:1778-v:102102.784)-(t:4.901-t:1779-v:102100.31)-(t:4.906-t:1780-v:102055.046)-(t:4.909-t:1781-v:102004.82)-(t:4.943-t:1782-v:101989.339)-(t:4.949-t:1783-v:101971.578)-(t:4.951-t:1784-v:101968.859)-(t:4.954-t:1785-v:101896.632)-(t:4.972-t:1786-v:101828.997)-(t:4.978-t:1787-v:101788.363)-(t:4.999-t:1788-v:101777.834)-(t:5.002-t:1789-v:101775.601)-(t:5.005-t:1790-v:101726.197)-(t:5.025-t:1791-v:101314.109)-(t:5.026-t:1792-v:101187.936)-(t:5.029-t:1793-v:101162.383)-(t:5.050-t:1794-v:100995.619)-(t:5.053-t:1795-v:100929.534)-(t:5.054-t:1796-v:100892.585)-(t:5.055-t:1797-v:100785.754)-(t:5.066-t:1798-v:100744.88)-(t:5.085-t:1799-v:100436.504)-(t:5.090-t:1800-v:100404.502)-(t:5.097-t:1801-v:100396.547)-(t:5.103-t:1802-v:100326.943)-(t:5.120-t:1803-v:100193.979)-(t:5.127-t:1804-v:99760.137)-(t:5.128-t:1805-v:99712.132)-(t:5.131-t:1806-v:99565.727)-(t:5.132-t:1807-v:99553.175)-(t:5.151-t:1808-v:99324.064)-(t:5.153-t:1809-v:99258.714)-(t:5.154-t:1810-v:99255.056)-(t:5.164-t:1811-v:99252.582)-(t:5.166-t:1812-v:99205.554)-(t:5.166-t:1813-v:99195.465)-(t:5.170-t:1814-v:99146.092)-(t:5.176-t:1815-v:99139.879)-(t:5.177-t:1816-v:98962.536)-(t:5.177-t:1817-v:98934.115)-(t:5.182-t:1818-v:98918.787)-(t:5.191-t:1819-v:98850.713)-(t:5.196-t:1820-v:98850.685)-(t:5.208-t:1821-v:98629.289)-(t:5.211-t:1822-v:98616.064)-(t:5.217-t:1823-v:98567.512)-(t:5.223-t:1824-v:98396.945)-(t:5.225-t:1825-v:98359.276)-(t:5.226-t:1826-v:98335.993)-(t:5.248-t:1827-v:98316.985)-(t:5.250-t:1828-v:98302.814)-(t:5.257-t:1829-v:98280.759)-(t:5.263-t:1830-v:98269.007)-(t:5.274-t:1831-v:98196.751)-(t:5.280-t:1832-v:98195.029)-(t:5.287-t:1833-v:98056.068)-(t:5.293-t:1834-v:98021.002)-(t:5.299-t:1835-v:97907.388)-(t:5.305-t:1836-v:97868.786)-(t:5.311-t:1837-v:97758.222)-(t:5.312-t:1838-v:97726.023)-(t:5.317-t:1839-v:97478.792)-(t:5.320-t:1840-v:97463.366)-(t:5.323-t:1841-v:97453.439)-(t:5.330-t:1842-v:97310.663)-(t:5.341-t:1843-v:97307.98)-(t:5.361-t:1844-v:97295.084)-(t:5.363-t:1845-v:97239.517)-(t:5.373-t:1846-v:97211.126)-(t:5.374-t:1847-v:97095.633)-(t:5.379-t:1848-v:96992.321)-(t:5.382-t:1849-v:96913.697)-(t:5.387-t:1850-v:96852.081)-(t:5.391-t:1851-v:96824.741)-(t:5.394-t:1852-v:96824.677)-(t:5.400-t:1853-v:96791.305)-(t:5.407-t:1854-v:96699.079)-(t:5.415-t:1855-v:96638.381)-(t:5.419-t:1856-v:96636.46)-(t:5.426-t:1857-v:96339.301)-(t:5.427-t:1858-v:96319.907)-(t:5.427-t:1859-v:96249.963)-(t:5.430-t:1860-v:96216.589)-(t:5.434-t:1861-v:96186.321)-(t:5.437-t:1862-v:96177.952)-(t:5.439-t:1863-v:96158.747)-(t:5.443-t:1864-v:96158.528)-(t:5.445-t:1865-v:96156.846)-(t:5.452-t:1866-v:96092.036)-(t:5.455-t:1867-v:95974.229)-(t:5.462-t:1868-v:95905.664)-(t:5.464-t:1869-v:95873.648)-(t:5.471-t:1870-v:95685.172)-(t:5.473-t:1871-v:95672.499)-(t:5.475-t:1872-v:95658.075)-(t:5.495-t:1873-v:95592.729)-(t:5.499-t:1874-v:95563.231)-(t:5.527-t:1875-v:95469.038)-(t:5.539-t:1876-v:95462.348)-(t:5.546-t:1877-v:95161.62)-(t:5.553-t:1878-v:95151.249)-(t:5.570-t:1879-v:95149.622)-(t:5.581-t:1880-v:95011.165)-(t:5.581-t:1881-v:94992.479)-(t:5.590-t:1882-v:94884.66)-(t:5.590-t:1883-v:94871.675)-(t:5.596-t:1884-v:94692.418)-(t:5.602-t:1885-v:94692.024)-(t:5.610-t:1886-v:94400.689)-(t:5.615-t:1887-v:94388.408)-(t:5.623-t:1888-v:94337.074)-(t:5.623-t:1889-v:94301.801)-(t:5.623-t:1890-v:94181.5)-(t:5.623-t:1891-v:94168.515)-(t:5.629-t:1892-v:94024.113)-(t:5.633-t:1893-v:93997.166)-(t:5.637-t:1894-v:93872.601)-(t:5.640-t:1895-v:93801.659)-(t:5.644-t:1896-v:93704.726)-(t:5.647-t:1897-v:93678.319)-(t:5.651-t:1898-v:93547.564)-(t:5.654-t:1899-v:93456.749)-(t:5.658-t:1900-v:93428.717)-(t:5.661-t:1901-v:93421.133)-(t:5.664-t:1902-v:93137.233)-(t:5.668-t:1903-v:93103.808)-(t:5.672-t:1904-v:93102.086)-(t:5.681-t:1905-v:92795.123)-(t:5.681-t:1906-v:92762.999)-(t:5.682-t:1907-v:92490.549)-(t:5.682-t:1908-v:92477.564)-(t:5.689-t:1909-v:92272.547)-(t:5.692-t:1910-v:92238.126)-(t:5.694-t:1911-v:92211.159)-(t:5.696-t:1912-v:92188.133)-(t:5.696-t:1913-v:92170.311)-(t:5.698-t:1914-v:92012.015)-(t:5.699-t:1915-v:91998.622)-(t:5.707-t:1916-v:91972.525)-(t:5.708-t:1917-v:91912.376)-(t:5.708-t:1918-v:91903.405)-(t:5.708-t:1919-v:91606.856)-(t:5.710-t:1920-v:91605.66)-(t:5.710-t:1921-v:91505.143)-(t:5.711-t:1922-v:91489.726)-(t:5.711-t:1923-v:91447.13)-(t:5.714-t:1924-v:91396.192)-(t:5.716-t:1925-v:91391.621)-(t:5.718-t:1926-v:91358.573)-(t:5.718-t:1927-v:91344.767)-(t:5.719-t:1928-v:91294.509)-(t:5.722-t:1929-v:91294.152)-(t:5.726-t:1930-v:91290.586)-(t:5.732-t:1931-v:91289.86)-(t:5.734-t:1932-v:91285.727)-(t:5.739-t:1933-v:91257.954)-(t:5.744-t:1934-v:91194.939)-(t:5.753-t:1935-v:91077.861)-(t:5.759-t:1936-v:91074.75)-(t:5.767-t:1937-v:91069.329)-(t:5.771-t:1938-v:91068.551)-(t:5.776-t:1939-v:90836.841)-(t:5.778-t:1940-v:90785.761)-(t:5.783-t:1941-v:90561.399)-(t:5.790-t:1942-v:90498.443)-(t:5.792-t:1943-v:90315.219)-(t:5.793-t:1944-v:90301.966)-(t:5.796-t:1945-v:90280.194)-(t:5.799-t:1946-v:90278.02)-(t:5.801-t:1947-v:90276.644)-(t:5.807-t:1948-v:90253.901)-(t:5.809-t:1949-v:90136.094)-(t:5.816-t:1950-v:90121.911)-(t:5.819-t:1951-v:90089.895)-(t:5.827-t:1952-v:90029.652)-(t:5.829-t:1953-v:89886.712)-(t:5.840-t:1954-v:89851.993)-(t:5.840-t:1955-v:89799.222)-(t:5.842-t:1956-v:89793.584)-(t:5.846-t:1957-v:89679.487)-(t:5.853-t:1958-v:89668.047)-(t:5.854-t:1959-v:89662.572)-(t:5.854-t:1960-v:89652.482)-(t:5.854-t:1961-v:89591.567)-(t:5.855-t:1962-v:89591.123)-(t:5.856-t:1963-v:89565.098)-(t:5.858-t:1964-v:89549.126)-(t:5.865-t:1965-v:89547.604)-(t:5.867-t:1966-v:89503.252)-(t:5.873-t:1967-v:89451.576)-(t:5.874-t:1968-v:89451.175)-(t:5.875-t:1969-v:89428.83)-(t:5.876-t:1970-v:89408.151)-(t:5.877-t:1971-v:89406.604)-(t:5.878-t:1972-v:89402.233)-(t:5.880-t:1973-v:89401.463)-(t:5.887-t:1974-v:89398.122)-(t:5.891-t:1975-v:89390.993)-(t:5.897-t:1976-v:89377.269)-(t:5.904-t:1977-v:89374.581)-(t:5.910-t:1978-v:89285.802)-(t:5.915-t:1979-v:89250.746)-(t:5.925-t:1980-v:89227.178)-(t:5.929-t:1981-v:89161.591)-(t:5.934-t:1982-v:89102.83)-(t:5.943-t:1983-v:89005.102)-(t:5.946-t:1984-v:89000.035)-(t:5.949-t:1985-v:88998.07)-(t:5.954-t:1986-v:88982.814)-(t:5.959-t:1987-v:88893.083)-(t:5.963-t:1988-v:88848.746)-(t:5.967-t:1989-v:88845.193)-(t:5.975-t:1990-v:88834.457)-(t:5.980-t:1991-v:88793.302)-(t:5.984-t:1992-v:88793.177)-(t:5.988-t:1993-v:88738.467)-(t:5.991-t:1994-v:88735.942)-(t:5.996-t:1995-v:88634.59)-(t:6.005-t:1996-v:88480.46)-(t:6.014-t:1997-v:87765.599)-(t:6.016-t:1998-v:87755.814)-(t:6.017-t:1999-v:87748.646)-(t:6.019-t:2000-v:87661.199)-(t:6.024-t:2001-v:87645.604)-(t:6.030-t:2002-v:87544.105)-(t:6.033-t:2003-v:87515.031)-(t:6.035-t:2004-v:87481.683)-(t:6.039-t:2005-v:87474.466)-(t:6.043-t:2006-v:87466.446)-(t:6.051-t:2007-v:87463.126)-(t:6.058-t:2008-v:87417.746)-(t:6.060-t:2009-v:87258.502)-(t:6.063-t:2010-v:87230.43)-(t:6.067-t:2011-v:87203.012)-(t:6.073-t:2012-v:87171.196)-(t:6.076-t:2013-v:87142.067)-(t:6.081-t:2014-v:87129.56)-(t:6.088-t:2015-v:87063.456)-(t:6.094-t:2016-v:87044.889)-(t:6.102-t:2017-v:87011.536)-(t:6.109-t:2018-v:86983.863)-(t:6.111-t:2019-v:86954.124)-(t:6.114-t:2020-v:86949.112)-(t:6.119-t:2021-v:86932.249)-(t:6.122-t:2022-v:86901.135)-(t:6.126-t:2023-v:86863.122)-(t:6.126-t:2024-v:86698.174)-(t:6.130-t:2025-v:86681.743)-(t:6.136-t:2026-v:86642.17)-(t:6.138-t:2027-v:86640.498)-(t:6.146-t:2028-v:86592.113)-(t:6.148-t:2029-v:86572.546)-(t:6.148-t:2030-v:86523.886)-(t:6.150-t:2031-v:86488.947)-(t:6.152-t:2032-v:86348.286)-(t:6.158-t:2033-v:86341.026)-(t:6.159-t:2034-v:86315.47)-(t:6.172-t:2035-v:86307.827)-(t:6.172-t:2036-v:86292.9)-(t:6.173-t:2037-v:86180.236)-(t:6.185-t:2038-v:86079.492)-(t:6.185-t:2039-v:86066.507)-(t:6.191-t:2040-v:86063.061)-(t:6.192-t:2041-v:86040.497)-(t:6.198-t:2042-v:86007.151)-(t:6.202-t:2043-v:85988.634)-(t:6.203-t:2044-v:85976.082)-(t:6.211-t:2045-v:85918.111)-(t:6.216-t:2046-v:85909.019)-(t:6.226-t:2047-v:85902.197)-(t:6.239-t:2048-v:85730.83)-(t:6.247-t:2049-v:85728.556)-(t:6.251-t:2050-v:85685.219)-(t:6.259-t:2051-v:85663.726)-(t:6.263-t:2052-v:85604.406)-(t:6.263-t:2053-v:85601.193)-(t:6.269-t:2054-v:85127.99)-(t:6.272-t:2055-v:85055.215)-(t:6.280-t:2056-v:84966.318)-(t:6.286-t:2057-v:84959.026)-(t:6.291-t:2058-v:84917.21)-(t:6.295-t:2059-v:84851.954)-(t:6.302-t:2060-v:84845.288)-(t:6.306-t:2061-v:84843.47)-(t:6.313-t:2062-v:84801.77)-(t:6.323-t:2063-v:84676.941)-(t:6.326-t:2064-v:84667.562)-(t:6.328-t:2065-v:84577.31)-(t:6.331-t:2066-v:84566.975)-(t:6.344-t:2067-v:84467.185)-(t:6.349-t:2068-v:84443.83)-(t:6.356-t:2069-v:84402.539)-(t:6.362-t:2070-v:84375.89)-(t:6.371-t:2071-v:84271.599)-(t:6.379-t:2072-v:84165.948)-(t:6.383-t:2073-v:84074.682)-(t:6.388-t:2074-v:84045.814)-(t:6.394-t:2075-v:84040.611)-(t:6.397-t:2076-v:84038.071)-(t:6.398-t:2077-v:83958.507)-(t:6.398-t:2078-v:83955.917)-(t:6.403-t:2079-v:83948.27)-(t:6.406-t:2080-v:83947.141)-(t:6.411-t:2081-v:83911.912)-(t:6.417-t:2082-v:83862.311)-(t:6.425-t:2083-v:83781.631)-(t:6.428-t:2084-v:83779.571)-(t:6.433-t:2085-v:83599.557)-(t:6.440-t:2086-v:83596.964)-(t:6.448-t:2087-v:83588.916)-(t:6.454-t:2088-v:83578.304)-(t:6.465-t:2089-v:83351.594)-(t:6.472-t:2090-v:83321.212)-(t:6.478-t:2091-v:83243.948)-(t:6.486-t:2092-v:83240.607)-(t:6.491-t:2093-v:83179.073)-(t:6.501-t:2094-v:82953.909)-(t:6.504-t:2095-v:82915.567)-(t:6.507-t:2096-v:82871.285)-(t:6.512-t:2097-v:82863.814)-(t:6.515-t:2098-v:82845.05)-(t:6.521-t:2099-v:82795.205)-(t:6.530-t:2100-v:82303.457)-(t:6.537-t:2101-v:82302.14)-(t:6.546-t:2102-v:82105.283)-(t:6.551-t:2103-v:82048.63)-(t:6.552-t:2104-v:82000.79)-(t:6.553-t:2105-v:81997.79)-(t:6.562-t:2106-v:81801.777)-(t:6.570-t:2107-v:81801.723)-(t:6.574-t:2108-v:81786.48)-(t:6.578-t:2109-v:81781.762)-(t:6.582-t:2110-v:81773.343)-(t:6.587-t:2111-v:81768.553)-(t:6.598-t:2112-v:81732.697)-(t:6.602-t:2113-v:81731.222)-(t:6.605-t:2114-v:81726.049)-(t:6.609-t:2115-v:81685.322)-(t:6.612-t:2116-v:81654.942)-(t:6.617-t:2117-v:81649.21)-(t:6.620-t:2118-v:81584.392)-(t:6.627-t:2119-v:81519.646)-(t:6.633-t:2120-v:80960.593)-(t:6.639-t:2121-v:80950.169)-(t:6.647-t:2122-v:80842.035)-(t:6.657-t:2123-v:80737.649)-(t:6.663-t:2124-v:80679.274)-(t:6.668-t:2125-v:80640.413)-(t:6.671-t:2126-v:80629.758)-(t:6.677-t:2127-v:80320.365)-(t:6.680-t:2128-v:80313.481)-(t:6.685-t:2129-v:80192.049)-(t:6.686-t:2130-v:80117.49)-(t:6.686-t:2131-v:80093.561)-(t:6.688-t:2132-v:80083.133)-(t:6.689-t:2133-v:80045.148)-(t:6.695-t:2134-v:80044.577)-(t:6.701-t:2135-v:79995.303)-(t:6.712-t:2136-v:79958.408)-(t:6.719-t:2137-v:79903.817)-(t:6.729-t:2138-v:79732.458)-(t:6.733-t:2139-v:79724.919)-(t:6.737-t:2140-v:79720.289)-(t:6.740-t:2141-v:79719.087)-(t:6.743-t:2142-v:79693.33)-(t:6.747-t:2143-v:79433.391)-(t:6.750-t:2144-v:79423.953)-(t:6.753-t:2145-v:79375.982)-(t:6.757-t:2146-v:78874.483)-(t:6.761-t:2147-v:78860.681)-(t:6.765-t:2148-v:78839.957)-(t:6.768-t:2149-v:78832.634)-(t:6.773-t:2150-v:78829.801)-(t:6.783-t:2151-v:78813.966)-(t:6.794-t:2152-v:78787.131)-(t:6.799-t:2153-v:78715.1)-(t:6.806-t:2154-v:78707.675)-(t:6.809-t:2155-v:78674.394)-(t:6.815-t:2156-v:78581.251)-(t:6.817-t:2157-v:78558.687)-(t:6.825-t:2158-v:78555.067)-(t:6.831-t:2159-v:78553.003)-(t:6.837-t:2160-v:78538.316)-(t:6.847-t:2161-v:78495.588)-(t:6.852-t:2162-v:78481.81)-(t:6.860-t:2163-v:78463.591)-(t:6.867-t:2164-v:78372.386)-(t:6.874-t:2165-v:78283.313)-(t:6.881-t:2166-v:78264.019)-(t:6.888-t:2167-v:78257.709)-(t:6.900-t:2168-v:78254.253)-(t:6.905-t:2169-v:78243.792)-(t:6.912-t:2170-v:78241.744)-(t:6.919-t:2171-v:78237.405)-(t:6.928-t:2172-v:77917.735)-(t:6.933-t:2173-v:77900.513)-(t:6.940-t:2174-v:77840.399)-(t:6.944-t:2175-v:77799.273)-(t:6.952-t:2176-v:77794.837)-(t:6.966-t:2177-v:77694.357)-(t:6.971-t:2178-v:77673.993)-(t:6.977-t:2179-v:77580.276)-(t:6.986-t:2180-v:77452.012)-(t:6.991-t:2181-v:77379.981)-(t:7.001-t:2182-v:77221.104)-(t:7.003-t:2183-v:77186.451)-(t:7.003-t:2184-v:77178.705)-(t:7.006-t:2185-v:77167.687)-(t:7.008-t:2186-v:77145.042)-(t:7.013-t:2187-v:77142.463)-(t:7.018-t:2188-v:77111.583)-(t:7.021-t:2189-v:77086.571)-(t:7.026-t:2190-v:77085.943)-(t:7.035-t:2191-v:77009.055)-(t:7.043-t:2192-v:76997.862)-(t:7.045-t:2193-v:76974.244)-(t:7.047-t:2194-v:76922.5)-(t:7.053-t:2195-v:76903.547)-(t:7.057-t:2196-v:76895.394)-(t:7.065-t:2197-v:76890.337)-(t:7.076-t:2198-v:76720.519)-(t:7.081-t:2199-v:76710.013)-(t:7.091-t:2200-v:76679.286)-(t:7.095-t:2201-v:76582.542)-(t:7.095-t:2202-v:76569.626)-(t:7.097-t:2203-v:76560.047)-(t:7.103-t:2204-v:76557.3)-(t:7.104-t:2205-v:76554.835)-(t:7.104-t:2206-v:76545.161)-(t:7.112-t:2207-v:76351.264)-(t:7.114-t:2208-v:76328.7)-(t:7.121-t:2209-v:76324.619)-(t:7.129-t:2210-v:76316.384)-(t:7.137-t:2211-v:76315.379)-(t:7.148-t:2212-v:76272.915)-(t:7.154-t:2213-v:76272.845)-(t:7.166-t:2214-v:76104.381)-(t:7.168-t:2215-v:76081.042)-(t:7.174-t:2216-v:76033.662)-(t:7.176-t:2217-v:76033.433)-(t:7.182-t:2218-v:76007.394)-(t:7.190-t:2219-v:76003.797)-(t:7.199-t:2220-v:75884.633)-(t:7.203-t:2221-v:75869.182)-(t:7.209-t:2222-v:75851.134)-(t:7.218-t:2223-v:75848.535)-(t:7.222-t:2224-v:75824.913)-(t:7.232-t:2225-v:75703.695)-(t:7.232-t:2226-v:75698.082)-(t:7.232-t:2227-v:75696.117)-(t:7.236-t:2228-v:75630.187)-(t:7.240-t:2229-v:75630.078)-(t:7.245-t:2230-v:75581.143)-(t:7.248-t:2231-v:75520.614)-(t:7.254-t:2232-v:75508.532)-(t:7.255-t:2233-v:75494.133)-(t:7.255-t:2234-v:75471.569)-(t:7.260-t:2235-v:75459.352)-(t:7.265-t:2236-v:75419.263)-(t:7.269-t:2237-v:75413.823)-(t:7.275-t:2238-v:75395.652)-(t:7.279-t:2239-v:75373.229)-(t:7.291-t:2240-v:75312.561)-(t:7.300-t:2241-v:75081.919)-(t:7.303-t:2242-v:75078.64)-(t:7.304-t:2243-v:75044.4)-(t:7.304-t:2244-v:75032.71)-(t:7.307-t:2245-v:75012.676)-(t:7.310-t:2246-v:74971.686)-(t:7.311-t:2247-v:74931.957)-(t:7.313-t:2248-v:74920.342)-(t:7.316-t:2249-v:74908.64)-(t:7.324-t:2250-v:74860.269)-(t:7.335-t:2251-v:74458.417)-(t:7.339-t:2252-v:74451.51)-(t:7.343-t:2253-v:74450.084)-(t:7.343-t:2254-v:74380.621)-(t:7.348-t:2255-v:74340.61)-(t:7.352-t:2256-v:74325.718)-(t:7.357-t:2257-v:74323.523)-(t:7.365-t:2258-v:74289.188)-(t:7.370-t:2259-v:74237.262)-(t:7.377-t:2260-v:74194.149)-(t:7.388-t:2261-v:74138.877)-(t:7.388-t:2262-v:74045.239)-(t:7.390-t:2263-v:74041.184)-(t:7.390-t:2264-v:74029.198)-(t:7.390-t:2265-v:73908.075)-(t:7.391-t:2266-v:73892.847)-(t:7.393-t:2267-v:73860.994)-(t:7.402-t:2268-v:73834.498)-(t:7.411-t:2269-v:73815.728)-(t:7.420-t:2270-v:73690.692)-(t:7.426-t:2271-v:73690.078)-(t:7.436-t:2272-v:73602.774)-(t:7.447-t:2273-v:73534.907)-(t:7.447-t:2274-v:73527.946)-(t:7.448-t:2275-v:73523.542)-(t:7.448-t:2276-v:73476.89)-(t:7.448-t:2277-v:73461.027)-(t:7.454-t:2278-v:73443.503)-(t:7.455-t:2279-v:73433.924)-(t:7.464-t:2280-v:73250.201)-(t:7.464-t:2281-v:73201.895)-(t:7.465-t:2282-v:73189.55)-(t:7.465-t:2283-v:73187.506)-(t:7.466-t:2284-v:73177.198)-(t:7.466-t:2285-v:73134.048)-(t:7.468-t:2286-v:73055.979)-(t:7.470-t:2287-v:72976.797)-(t:7.473-t:2288-v:72974.157)-(t:7.474-t:2289-v:72932.729)-(t:7.476-t:2290-v:72915.125)-(t:7.478-t:2291-v:72898.688)-(t:7.480-t:2292-v:72898.232)-(t:7.481-t:2293-v:72864.09)-(t:7.484-t:2294-v:72786.449)-(t:7.486-t:2295-v:72757.623)-(t:7.488-t:2296-v:72757.007)-(t:7.490-t:2297-v:72755.67)-(t:7.492-t:2298-v:72718.549)-(t:7.493-t:2299-v:72717.615)-(t:7.496-t:2300-v:72709.896)-(t:7.497-t:2301-v:72669.755)-(t:7.501-t:2302-v:72625.422)-(t:7.506-t:2303-v:72418.492)-(t:7.513-t:2304-v:72410.505)-(t:7.523-t:2305-v:72200.991)-(t:7.525-t:2306-v:72064.086)-(t:7.526-t:2307-v:72039.623)-(t:7.531-t:2308-v:71843.282)-(t:7.535-t:2309-v:71840.006)-(t:7.544-t:2310-v:71679.149)-(t:7.548-t:2311-v:71676.253)-(t:7.553-t:2312-v:71645.325)-(t:7.560-t:2313-v:71597.921)-(t:7.565-t:2314-v:71441.286)-(t:7.574-t:2315-v:71426.308)-(t:7.577-t:2316-v:71423.011)-(t:7.581-t:2317-v:71413.668)-(t:7.587-t:2318-v:71394.881)-(t:7.590-t:2319-v:71388.229)-(t:7.592-t:2320-v:71360.848)-(t:7.593-t:2321-v:71336.774)-(t:7.598-t:2322-v:71329.01)-(t:7.598-t:2323-v:71306.038)-(t:7.599-t:2324-v:71284.301)-(t:7.605-t:2325-v:71253.086)-(t:7.609-t:2326-v:71251.005)-(t:7.615-t:2327-v:71170.03)-(t:7.621-t:2328-v:71051.567)-(t:7.628-t:2329-v:70968.619)-(t:7.629-t:2330-v:70965.66)-(t:7.639-t:2331-v:70813.606)-(t:7.639-t:2332-v:70767.533)-(t:7.639-t:2333-v:70759.639)-(t:7.642-t:2334-v:70740.779)-(t:7.645-t:2335-v:70638.585)-(t:7.652-t:2336-v:70610.375)-(t:7.664-t:2337-v:70449.094)-(t:7.670-t:2338-v:70436.645)-(t:7.674-t:2339-v:70361.316)-(t:63.468-t:19646-v:70342.558)-(t:63.476-t:19647-v:70203.765)-(t:63.482-t:19648-v:70161.587)-(t:63.491-t:19649-v:70074.266)-(t:63.500-t:19650-v:70063.73)-(t:63.506-t:19651-v:70041.55)-(t:63.515-t:19652-v:70022.678)-(t:63.524-t:19653-v:69938.5)-(t:63.533-t:19654-v:69583.423)-(t:63.541-t:19655-v:69478.942)-(t:63.547-t:19656-v:69477.998)-(t:63.555-t:19657-v:69474.825)-(t:63.563-t:19658-v:69457.025)-(t:63.569-t:19659-v:69434.411)-(t:63.579-t:19660-v:69407.66)-(t:63.588-t:19661-v:69340.132)-(t:63.598-t:19662-v:69216.556)-(t:63.606-t:19663-v:69145.493)-(t:63.616-t:19664-v:69132.7)-(t:63.624-t:19665-v:69117.216)-(t:63.634-t:19666-v:69097.414)-(t:63.652-t:19667-v:69071.949)-(t:63.660-t:19668-v:69059.488)-(t:63.670-t:19669-v:69028.162)-(t:63.678-t:19670-v:69022.064)-(t:63.697-t:19671-v:68976.409)-(t:63.715-t:19672-v:68665.853)-(t:63.734-t:19673-v:68342.348)-(t:63.740-t:19674-v:68333.779)-(t:63.749-t:19675-v:68327.507)-(t:63.757-t:19676-v:68325.328)-(t:63.767-t:19677-v:68184.269)-(t:63.774-t:19678-v:68180.993)-(t:63.788-t:19679-v:68154.289)-(t:63.798-t:19680-v:68151.315)-(t:63.810-t:19681-v:68145.245)-(t:63.826-t:19682-v:68143.438)-(t:63.837-t:19683-v:68129.05)-(t:63.848-t:19684-v:68016.682)-(t:63.860-t:19685-v:68013.79)-(t:63.873-t:19686-v:67999.146)-(t:63.884-t:19687-v:67984.638)-(t:63.895-t:19688-v:67918.493)-(t:64.419-t:20114-v:67867.815)-(t:64.420-t:20115-v:67863.54)-(t:64.420-t:20116-v:67804.527)-(t:64.425-t:20117-v:67757.593)-(t:64.442-t:20118-v:67756.806)-(t:64.449-t:20119-v:67755.662)-(t:64.456-t:20120-v:67730.589)-(t:64.471-t:20121-v:67724.36)-(t:64.474-t:20122-v:67683.185)-(t:64.481-t:20123-v:67669.712)-(t:64.486-t:20124-v:67623.791)-(t:64.502-t:20125-v:67620.335)-(t:64.506-t:20126-v:67471.668)-(t:592.112-t:191897-v:67428.187)-(t:592.114-t:191898-v:67315.638)-(t:592.118-t:191899-v:67238.956)-(t:592.126-t:191900-v:67225.205)-(t:710.910-t:230118-v:67192.048)-(t:710.924-t:230119-v:67191.488)-(t:710.932-t:230120-v:67190.483)-(t:710.947-t:230121-v:67188.446)-(t:710.953-t:230122-v:67005.54)-(t:710.959-t:230123-v:66980.571)-(t:710.965-t:230124-v:66971.745)-(t:710.972-t:230125-v:66913.911)-(t:710.988-t:230126-v:66768.787)-(t:710.991-t:230127-v:66753.853)-(t:710.995-t:230128-v:66751.898)-(t:710.998-t:230129-v:66737.237)-(t:711.004-t:230130-v:66718.443)-(t:711.006-t:230131-v:66706.321)-(t:711.010-t:230132-v:66602.319)-(t:711.013-t:230133-v:66563.666)-(t:711.025-t:230134-v:66549.089)-(t:711.026-t:230135-v:66478.209)-(t:711.031-t:230136-v:66453.524)-(t:711.043-t:230137-v:66441.791)-(t:711.050-t:230138-v:66436.089)-(t:711.056-t:230139-v:66394.817)-(t:711.067-t:230140-v:66154.904)-(t:711.073-t:230141-v:66105.829)-(t:711.090-t:230142-v:66076.619)-(t:711.090-t:230143-v:66060.055)],696.574
examples/tsp/tsplib/kroA100.tsp,random,r1,900,0,30333.905,[(t:1.175-t:317-v:114061.702)-(t:1.176-t:318-v:113630.652)-(t:1.178-t:319-v:113262.79)-(t:1.178-t:320-v:113081.55)-(t:1.178-t:321-v:112428.003)-(t:1.179-t:322-v:109938.132)-(t:1.179-t:323-v:109618.095)-(t:1.180-t:324-v:109314.455)-(t:1.181-t:325-v:109187.76)-(t:1.181-t:326-v:108987.296)-(t:1.182-t:327-v:108976.249)-(t:1.185-t:328-v:108671.408)-(t:1.186-t:329-v:108546.763)-(t:1.186-t:330-v:108436.873)-(t:1.197-t:331-v:108355.871)-(t:1.199-t:332-v:108146.457)-(t:1.201-t:333-v:108136.431)-(t:1.204-t:334-v:107622.543)-(t:1.220-t:335-v:107261.833)-(t:1.222-t:336-v:107176.339)-(t:1.224-t:337-v:106821.888)-(t:1.225-t:338-v:106787.837)-(t:1.225-t:339-v:106721.372)-(t:1.226-t:340-v:106477.93)-(t:1.229-t:341-v:106374.251)-(t:1.230-t:342-v:106205.083)-(t:1.231-t:343-v:105565.928)-(t:1.232-t:344-v:105495.33)-(t:1.246-t:345-v:104133.442)-(t:1.247-t:346-v:104102.256)-(t:1.249-t:347-v:103987.725)-(t:1.252-t:348-v:103962.02)-(t:1.268-t:349-v:103167.569)-(t:1.269-t:350-v:103030.418)-(t:1.270-t:351-v:101909.636)-(t:1.272-t:352-v:101691.452)-(t:1.274-t:353-v:101650.233)-(t:1.275-t:354-v:101427.968)-(t:1.296-t:355-v:101366.607)-(t:1.301-t:356-v:100682.041)-(t:1.303-t:357-v:100166.069)-(t:1.309-t:358-v:99369.616)-(t:1.326-t:359-v:99210.583)-(t:1.329-t:360-v:99148.98)-(t:1.331-t:361-v:98618.253)-(t:1.334-t:362-v:98513.044)-(t:1.334-t:363-v:93325.281)-(t:1.336-t:364-v:92983.506)-(t:1.347-t:365-v:92704.237)-(t:1.353-t:366-v:92399.029)-(t:1.359-t:367-v:91949.749)-(t:1.364-t:368-v:91302.144)-(t:1.380-t:369-v:90391.026)-(t:1.384-t:370-v:90288.516)-(t:1.386-t:371-v:90275.431)-(t:1.401-t:372-v:90042.233)-(t:1.402-t:373-v:90010.569)-(t:1.402-t:374-v:89684.74)-(t:1.402-t:375-v:89494.632)-(t:1.404-t:376-v:89127.767)-(t:1.405-t:377-v:88939.145)-(t:1.405-t:378-v:88928.783)-(t:1.422-t:379-v:88868.86)-(t:1.427-t:380-v:87067.49)-(t:1.429-t:381-v:86944.139)-(t:1.434-t:382-v:86649.855)-(t:1.449-t:383-v:86544.055)-(t:1.449-t:384-v:86354.405)-(t:1.451-t:385-v:86191.163)-(t:1.455-t:386-v:85904.927)-(t:1.460-t:387-v:85824.048)-(t:1.464-t:388-v:82488.824)-(t:1.482-t:389-v:82487.241)-(t:1.484-t:390-v:82163.602)-(t:1.489-t:391-v:82118.041)-(t:1.512-t:392-v:81953.523)-(t:1.517-t:393-v:81436.891)-(t:1.519-t:394-v:81424.772)-(t:1.537-t:395-v:81100.17)-(t:1.543-t:396-v:80090.181)-(t:1.562-t:397-v:79852.768)-(t:1.571-t:398-v:78624.279)-(t:1.585-t:399-v:78280.591)-(t:1.588-t:400-v:77738.086)-(t:1.594-t:401-v:77093.671)-(t:1.601-t:402-v:77059.577)-(t:1.602-t:403-v:77043.322)-(t:1.602-t:404-v:76849.071)-(t:1.603-t:405-v:76790.051)-(t:1.604-t:406-v:76768.43)-(t:1.622-t:407-v:76676.409)-(t:1.623-t:408-v:76649.719)-(t:1.643-t:409-v:76315.222)-(t:1.650-t:410-v:76166.428)-(t:1.657-t:411-v:75762.176)-(t:1.658-t:412-v:75711.003)-(t:1.677-t:413-v:75467.356)-(t:1.697-t:414-v:72520.516)-(t:1.720-t:415-v:72364.299)-(t:1.725-t:416-v:72226.47)-(t:1.749-t:417-v:71708.115)-(t:1.767-t:418-v:71585.131)-(t:1.787-t:419-v:71202.344)-(t:1.796-t:420-v:71002.509)-(t:1.818-t:421-v:70926.033)-(t:1.839-t:422-v:70838.621)-(t:1.846-t:423-v:70310.758)-(t:1.854-t:424-v:69996.149)-(t:1.873-t:425-v:68829.967)-(t:1.876-t:426-v:68560.818)-(t:1.896-t:427-v:68543.148)-(t:1.897-t:428-v:68482.376)-(t:1.899-t:429-v:68474.487)-(t:1.907-t:430-v:68253.015)-(t:1.931-t:431-v:67605.84)-(t:1.934-t:432-v:67494.467)-(t:1.948-t:433-v:67493.468)-(t:1.951-t:434-v:67476.424)-(t:1.969-t:435-v:67392.452)-(t:1.976-t:436-v:67050.969)-(t:1.996-t:437-v:65577.579)-(t:1.998-t:438-v:65433.839)-(t:2.002-t:439-v:65098.054)-(t:2.003-t:440-v:65064.588)-(t:2.014-t:441-v:64978.779)-(t:2.037-t:442-v:64491.393)-(t:2.041-t:443-v:64488.417)-(t:2.064-t:444-v:64462.81)-(t:2.069-t:445-v:64198.866)-(t:2.070-t:446-v:64157.761)-(t:2.090-t:447-v:64148.573)-(t:2.113-t:448-v:63523.289)-(t:2.114-t:449-v:63417.775)-(t:2.116-t:450-v:63372.419)-(t:2.118-t:451-v:63338.758)-(t:2.142-t:452-v:62752.264)-(t:2.152-t:453-v:62642.261)-(t:2.155-t:454-v:62502.732)-(t:2.155-t:455-v:62459.291)-(t:2.177-t:456-v:61874.94)-(t:2.180-t:457-v:61144.316)-(t:2.198-t:458-v:61043.181)-(t:2.199-t:459-v:61038.818)-(t:2.204-t:460-v:60503.153)-(t:2.209-t:461-v:60368.032)-(t:2.228-t:462-v:60302.437)-(t:2.234-t:463-v:60085.416)-(t:2.253-t:464-v:59929.429)-(t:2.259-t:465-v:59924.076)-(t:2.277-t:466-v:59917.167)-(t:2.281-t:467-v:59872.923)-(t:2.286-t:468-v:59754.456)-(t:2.312-t:469-v:59711.967)-(t:2.316-t:470-v:58976.107)-(t:2.317-t:471-v:58975.673)-(t:2.320-t:472-v:58706.607)-(t:2.327-t:473-v:58584.442)-(t:2.344-t:474-v:58395.078)-(t:2.345-t:475-v:58130.775)-(t:2.346-t:476-v:58085.305)-(t:2.353-t:477-v:58080.899)-(t:2.359-t:478-v:57756.769)-(t:2.360-t:479-v:57454.779)-(t:2.360-t:480-v:57349.427)-(t:2.362-t:481-v:56892.238)-(t:2.364-t:482-v:56590.079)-(t:2.364-t:483-v:56588.074)-(t:2.366-t:484-v:56383.906)-(t:2.370-t:485-v:56315.182)-(t:2.394-t:486-v:56299.648)-(t:2.395-t:487-v:56194.028)-(t:2.398-t:488-v:56028.184)-(t:2.399-t:489-v:55892.761)-(t:2.416-t:490-v:55832.988)-(t:2.420-t:491-v:54153.103)-(t:3.143-t:612-v:54058.142)-(t:3.143-t:613-v:53863.028)-(t:3.143-t:614-v:53825.806)-(t:3.144-t:615-v:51857.83)-(t:3.145-t:616-v:51768.465)-(t:3.146-t:617-v:51507.221)-(t:3.146-t:618-v:51484.414)-(t:3.147-t:619-v:51368.406)-(t:3.148-t:620-v:51366.556)-(t:3.150-t:621-v:51356.962)-(t:3.151-t:622-v:51020.702)-(t:3.152-t:623-v:50994.997)-(t:3.152-t:624-v:50404.961)-(t:3.153-t:625-v:50399.337)-(t:3.154-t:626-v:50062.676)-(t:3.160-t:627-v:49922.515)-(t:3.176-t:628-v:49876.387)-(t:3.181-t:629-v:48950.781)-(t:3.202-t:630-v:48783.079)-(t:3.203-t:631-v:48697.643)-(t:3.213-t:632-v:48046.238)-(t:3.214-t:633-v:47971.861)-(t:3.217-t:634-v:47910.41)-(t:3.218-t:635-v:47613.433)-(t:3.238-t:636-v:47240.203)-(t:3.241-t:637-v:47186.641)-(t:3.261-t:638-v:46887.905)-(t:3.263-t:639-v:46672.235)-(t:3.269-t:640-v:46381.036)-(t:3.275-t:641-v:46336.597)-(t:3.289-t:642-v:46103.83)-(t:3.290-t:643-v:46043.455)-(t:3.295-t:644-v:45888.411)-(t:3.296-t:645-v:45846.315)-(t:3.313-t:646-v:45718.603)-(t:3.316-t:647-v:45158.755)-(t:3.322-t:648-v:45024.842)-(t:3.339-t:649-v:44767.806)-(t:3.344-t:650-v:44726.414)-(t:3.366-t:651-v:43742.983)-(t:3.368-t:652-v:43450.332)-(t:3.370-t:653-v:43390.161)-(t:5.353-t:1836-v:43377.144)-(t:5.369-t:1837-v:43347.819)-(t:7.067-t:3254-v:43090.622)-(t:7.069-t:3255-v:42776.139)-(t:7.070-t:3256-v:42174.143)-(t:7.072-t:3257-v:42125.916)-(t:7.072-t:3258-v:42125.572)-(t:7.072-t:3259-v:42091.827)-(t:7.086-t:3260-v:41703.506)-(t:7.087-t:3261-v:41579.123)-(t:7.359-t:3510-v:41322.544)-(t:7.361-t:3511-v:41287.921)-(t:7.363-t:3512-v:41195.204)-(t:7.365-t:3513-v:41129.548)-(t:9.527-t:5689-v:41059.028)-(t:9.530-t:5690-v:40965.396)-(t:9.532-t:5691-v:40654.757)-(t:9.534-t:5692-v:40386.53)-(t:9.535-t:5693-v:40370.617)-(t:9.538-t:5694-v:40286.004)-(t:9.541-t:5695-v:40280.207)-(t:9.543-t:5696-v:40040.334)-(t:9.546-t:5697-v:40026.224)-(t:9.547-t:5698-v:39972.836)-(t:9.548-t:5699-v:39425.28)-(t:9.550-t:5700-v:39403.12)-(t:9.552-t:5701-v:39262.558)-(t:9.553-t:5702-v:39088.29)-(t:9.553-t:5703-v:39058.277)-(t:9.554-t:5704-v:38701.98)-(t:9.555-t:5705-v:38555.541)-(t:9.556-t:5706-v:38541.718)-(t:9.557-t:5707-v:38155.855)-(t:9.561-t:5708-v:38150.972)-(t:9.562-t:5709-v:37941.172)-(t:9.566-t:5710-v:37898.683)-(t:19.691-t:17136-v:37793.686)-(t:19.691-t:17137-v:37632.18)-(t:19.692-t:17138-v:37435.406)-(t:19.694-t:17139-v:37125.501)-(t:48.614-t:51262-v:37045.999)-(t:48.616-t:51263-v:36494.124)-(t:48.617-t:51264-v:36297.393)-(t:48.618-t:51265-v:36262.877)-(t:58.036-t:62265-v:36238.685)-(t:58.039-t:62266-v:36201.843)-(t:58.039-t:62267-v:36184.595)-(t:58.040-t:62268-v:36161.072)-(t:58.044-t:62269-v:35905.12)-(t:58.047-t:62270-v:35877.517)-(t:58.049-t:62271-v:35860.767)-(t:107.554-t:120171-v:35851.764)-(t:135.363-t:152658-v:35799.079)-(t:175.329-t:200089-v:34278.864)-(t:175.332-t:200090-v:33919.457)-(t:175.333-t:200091-v:33915.263)-(t:175.334-t:200092-v:33838.201)-(t:175.335-t:200093-v:33642.962)-(t:175.335-t:200094-v:33622.813)-(t:175.337-t:200095-v:33563.589)-(t:175.337-t:200096-v:33451.274)-(t:175.340-t:200097-v:33240.64)-(t:175.341-t:200098-v:33233.083)-(t:175.343-t:200099-v:32971.617)-(t:175.345-t:200100-v:32944.691)-(t:175.348-t:200101-v:32908.176)-(t:175.348-t:200102-v:32893.009)-(t:175.348-t:200103-v:32820.214)-(t:175.349-t:200104-v:32799.964)-(t:175.351-t:200105-v:32560.325)-(t:175.352-t:200106-v:32538.811)-(t:175.354-t:200107-v:31872.285)-(t:175.357-t:200108-v:31868.326)-(t:175.358-t:200109-v:31795.547)-(t:175.359-t:200110-v:31747.717)-(t:175.361-t:200111-v:31553.188)-(t:175.361-t:200112-v:31378.218)-(t:175.362-t:200113-v:31326.558)-(t:175.365-t:200114-v:30917.279)-(t:175.368-t:200115-v:30886.911)-(t:175.368-t:200116-v:30868.506)-(t:175.369-t:200117-v:30357.994)-(t:175.369-t:200118-v:30333.905)],290.272
examples/tsp/tsplib/p654.tsp,roundrobin,r1,900,0,101836.646,[(t:2.875-t:1947-v:161883.571)-(t:2.875-t:1948-v:160218.924)-(t:2.875-t:1949-v:160216.923)-(t:2.875-t:1950-v:160208.422)-(t:2.875-t:1951-v:159393.738)-(t:2.876-t:1952-v:151678.88)-(t:2.876-t:1953-v:151674.613)-(t:2.876-t:1954-v:151026.361)-(t:2.876-t:1955-v:150989.371)-(t:2.877-t:1956-v:150982.126)-(t:2.883-t:1957-v:150941.93)-(t:2.883-t:1958-v:150892.351)-(t:2.884-t:1959-v:149952.529)-(t:2.884-t:1960-v:149928.178)-(t:2.886-t:1961-v:146661.726)-(t:2.887-t:1962-v:145464.622)-(t:2.887-t:1963-v:145459.814)-(t:2.887-t:1964-v:145448.384)-(t:2.887-t:1965-v:145253.404)-(t:2.887-t:1966-v:144605.152)-(t:2.887-t:1967-v:144563.354)-(t:2.888-t:1968-v:143887.862)-(t:2.888-t:1969-v:142577.972)-(t:2.901-t:1970-v:142569.154)-(t:2.902-t:1971-v:142055.172)-(t:2.902-t:1972-v:142024.776)-(t:2.902-t:1973-v:141537.248)-(t:3.243-t:2141-v:141060.194)-(t:3.244-t:2142-v:139754.808)-(t:3.246-t:2143-v:138879.464)-(t:3.247-t:2144-v:138870.646)-(t:3.248-t:2145-v:137755.549)-(t:3.249-t:2146-v:137731.198)-(t:3.250-t:2147-v:137251.242)-(t:3.251-t:2148-v:136737.414)-(t:3.252-t:2149-v:136724.967)-(t:3.257-t:2150-v:136665.759)-(t:3.288-t:2151-v:136332.051)-(t:3.302-t:2152-v:135804.146)-(t:3.304-t:2153-v:135791.699)-(t:3.308-t:2154-v:135606.147)-(t:3.695-t:2320-v:135546.385)-(t:3.717-t:2321-v:134074.063)-(t:3.719-t:2322-v:133674.879)-(t:3.720-t:2323-v:133645.956)-(t:3.720-t:2324-v:133628.777)-(t:3.720-t:2325-v:133385.155)-(t:3.722-t:2326-v:132160.345)-(t:4.078-t:2477-v:131876.074)-(t:4.078-t:2478-v:131861.343)-(t:4.097-t:2479-v:131686.908)-(t:4.119-t:2480-v:131669.123)-(t:4.131-t:2481-v:131658.448)-(t:4.138-t:2482-v:131611.827)-(t:4.157-t:2483-v:131602.979)-(t:4.164-t:2484-v:131595.949)-(t:4.184-t:2485-v:131588.075)-(t:4.190-t:2486-v:131580.092)-(t:4.211-t:2487-v:131573.376)-(t:4.218-t:2488-v:131568.29)-(t:4.238-t:2489-v:131564.729)-(t:4.257-t:2490-v:131556.543)-(t:4.263-t:2491-v:131525.942)-(t:4.696-t:2651-v:131434.255)-(t:4.697-t:2652-v:131427.136)-(t:4.715-t:2653-v:131422.975)-(t:4.715-t:2654-v:131420.902)-(t:4.715-t:2655-v:131355.9)-(t:4.715-t:2656-v:131351.633)-(t:4.716-t:2657-v:130749.277)-(t:4.716-t:2658-v:130744.709)-(t:4.716-t:2659-v:130508.37)-(t:4.722-t:2660-v:130347.736)-(t:4.741-t:2661-v:130345.019)-(t:4.747-t:2662-v:130332.41)-(t:4.753-t:2663-v:130327.807)-(t:4.794-t:2664-v:130322.478)-(t:4.822-t:2665-v:130321.569)-(t:4.858-t:2666-v:130292.494)-(t:4.874-t:2667-v:130260.719)-(t:4.915-t:2668-v:130232.494)-(t:4.944-t:2669-v:130231.602)-(t:4.973-t:2670-v:130202.511)-(t:5.014-t:2671-v:130077.656)-(t:5.028-t:2672-v:130058.486)-(t:5.072-t:2673-v:129957.475)-(t:5.244-t:2834-v:129881.23)-(t:5.244-t:2835-v:129844.24)-(t:5.248-t:2836-v:129436.176)-(t:5.252-t:2837-v:128410.42)-(t:5.259-t:2838-v:126958.282)-(t:5.284-t:2839-v:126625.843)-(t:5.512-t:3010-v:126607.99)-(t:5.529-t:3011-v:125996.773)-(t:5.559-t:3012-v:125298.3)-(t:5.562-t:3013-v:122274.445)-(t:5.721-t:3168-v:121670.132)-(t:5.724-t:3169-v:120991.077)-(t:5.740-t:3170-v:119819.609)-(t:7.626-t:4056-v:119056.805)-(t:7.627-t:4057-v:119009.484)-(t:7.628-t:4058-v:118983.683)-(t:7.631-t:4059-v:118295.583)-(t:7.633-t:4060-v:118274.148)-(t:7.637-t:4061-v:118244.905)-(t:7.659-t:4062-v:118230.362)-(t:7.667-t:4063-v:118201.173)-(t:7.672-t:4064-v:118196.73)-(t:7.682-t:4065-v:117580.659)-(t:7.687-t:4066-v:117572.602)-(t:7.693-t:4067-v:117571.173)-(t:7.697-t:4068-v:117552.03)-(t:7.701-t:4069-v:117544.987)-(t:7.707-t:4070-v:117344.782)-(t:7.711-t:4071-v:117342.78)-(t:7.715-t:4072-v:117341.293)-(t:10.066-t:5934-v:117328.971)-(t:10.073-t:5935-v:117310.541)-(t:10.094-t:5936-v:117292.364)-(t:10.118-t:5937-v:117274.442)-(t:10.126-t:5938-v:117256.78)-(t:10.132-t:5939-v:117239.381)-(t:10.138-t:5940-v:117222.249)-(t:10.146-t:5941-v:117205.387)-(t:10.152-t:5942-v:117188.798)-(t:10.159-t:5943-v:117172.486)-(t:10.165-t:5944-v:117156.452)-(t:10.173-t:5945-v:117140.698)-(t:10.178-t:5946-v:117125.227)-(t:10.186-t:5947-v:117110.041)-(t:10.195-t:5948-v:117095.141)-(t:10.201-t:5949-v:117080.528)-(t:10.209-t:5950-v:117066.202)-(t:10.217-t:5951-v:117052.165)-(t:10.226-t:5952-v:117038.416)-(t:10.234-t:5953-v:117024.956)-(t:10.244-t:5954-v:117011.783)-(t:10.251-t:5955-v:117011.77)-(t:10.268-t:5956-v:116635.815)-(t:10.286-t:5957-v:116411.694)-(t:10.303-t:5958-v:116410.785)-(t:10.321-t:5959-v:116403.343)-(t:10.341-t:5960-v:116371.568)-(t:10.360-t:5961-v:116343.343)-(t:10.379-t:5962-v:116270.547)-(t:10.386-t:5963-v:116031.293)-(t:10.393-t:5964-v:116024.1)-(t:10.407-t:5965-v:115976.896)-(t:10.427-t:5966-v:115958.413)-(t:10.448-t:5967-v:115947.168)-(t:10.467-t:5968-v:115928.847)-(t:10.487-t:5969-v:115919.631)-(t:21.364-t:12947-v:115831.631)-(t:21.364-t:12948-v:115198.188)-(t:21.365-t:12949-v:114672.883)-(t:21.365-t:12950-v:114664.95)-(t:21.365-t:12951-v:113606.774)-(t:21.365-t:12952-v:113582.423)-(t:21.366-t:12953-v:113197.965)-(t:21.366-t:12954-v:113151.081)-(t:50.581-t:36760-v:112250.658)-(t:50.581-t:36761-v:112246.548)-(t:50.601-t:36762-v:112243.724)-(t:50.604-t:36763-v:111945.727)-(t:50.622-t:36764-v:111944.818)-(t:50.643-t:36765-v:111924.019)-(t:50.665-t:36766-v:111892.244)-(t:50.687-t:36767-v:111864.019)-(t:50.713-t:36768-v:111768.353)-(t:50.736-t:36769-v:111681.688)-(t:50.762-t:36770-v:111631.639)-(t:97.899-t:74256-v:111582.816)-(t:97.900-t:74257-v:111557.042)-(t:97.900-t:74258-v:111398.194)-(t:97.900-t:74259-v:111201.521)-(t:97.901-t:74260-v:111067.827)-(t:97.901-t:74261-v:111063.259)-(t:97.901-t:74262-v:110511.711)-(t:97.901-t:74263-v:110031.199)-(t:97.901-t:74264-v:110022.283)-(t:97.903-t:74265-v:110012.158)-(t:97.903-t:74266-v:109914.037)-(t:97.904-t:74267-v:109883.255)-(t:97.904-t:74268-v:109734.879)-(t:97.908-t:74269-v:109686.852)-(t:97.909-t:74270-v:109412.89)-(t:97.909-t:74271-v:109305.258)-(t:97.909-t:74272-v:109299.671)-(t:97.910-t:74273-v:108963.064)-(t:97.910-t:74274-v:108798.111)-(t:97.910-t:74275-v:108796.331)-(t:97.911-t:74276-v:108731.974)-(t:97.911-t:74277-v:108724.041)-(t:97.916-t:74278-v:108511.033)-(t:97.927-t:74279-v:108468.817)-(t:97.935-t:74280-v:108354.556)-(t:97.943-t:74281-v:108329.972)-(t:97.952-t:74282-v:108327.005)-(t:97.961-t:74283-v:108304.204)-(t:97.970-t:74284-v:108281.584)-(t:97.979-t:74285-v:108281.516)-(t:97.989-t:74286-v:108272.853)-(t:98.014-t:74287-v:108272.205)-(t:98.039-t:74288-v:108259.32)-(t:98.066-t:74289-v:108170.073)-(t:100.956-t:76842-v:107682.932)-(t:100.957-t:76843-v:107639.628)-(t:100.957-t:76844-v:107631.659)-(t:100.957-t:76845-v:107619.644)-(t:100.958-t:76846-v:107594.54)-(t:100.958-t:76847-v:107265.255)-(t:100.961-t:76848-v:107165.35)-(t:100.962-t:76849-v:106848.807)-(t:100.962-t:76850-v:106560.453)-(t:100.984-t:76851-v:106550.555)-(t:100.988-t:76852-v:105514.957)-(t:100.991-t:76853-v:105485.78)-(t:100.991-t:76854-v:104965.381)-(t:100.992-t:76855-v:104305.209)-(t:100.992-t:76856-v:104272.811)-(t:100.992-t:76857-v:104047.635)-(t:100.992-t:76858-v:104010.645)-(t:100.993-t:76859-v:103858.575)-(t:100.993-t:76860-v:103601.075)-(t:101.014-t:76861-v:103556.765)-(t:101.042-t:76862-v:103493.957)-(t:101.069-t:76863-v:103493.861)-(t:101.096-t:76864-v:103476.383)-(t:101.185-t:77055-v:103090.798)-(t:101.192-t:77056-v:102927.029)-(t:101.192-t:77057-v:102445.141)-(t:101.194-t:77058-v:102432.694)-(t:101.199-t:77059-v:102373.486)-(t:101.207-t:77060-v:102237.425)-(t:101.216-t:77061-v:101986.026)-(t:101.224-t:77062-v:101836.646)],598.180
examples/tsp/tsplib/bays29.tsp,bestslopefirst,r1,900,0,2020.0,[(t:0.593-t:67-v:3328.0)-(t:0.593-t:68-v:3248.0)-(t:0.611-t:69-v:3184.0)-(t:0.615-t:70-v:3140.0)-(t:0.617-t:71-v:3120.0)-(t:0.620-t:72-v:3102.0)-(t:0.624-t:73-v:3024.0)-(t:0.638-t:74-v:2967.0)-(t:0.642-t:75-v:2737.0)-(t:0.645-t:76-v:2567.0)-(t:0.649-t:77-v:2510.0)-(t:0.671-t:78-v:2496.0)-(t:0.675-t:79-v:2484.0)-(t:0.685-t:80-v:2434.0)-(t:0.702-t:81-v:2387.0)-(t:0.704-t:82-v:2384.0)-(t:0.705-t:83-v:2382.0)-(t:0.707-t:84-v:2338.0)-(t:0.709-t:85-v:2259.0)-(t:0.711-t:86-v:2251.0)-(t:0.715-t:87-v:2183.0)-(t:0.718-t:88-v:2141.0)-(t:0.721-t:89-v:2134.0)-(t:2.151-t:763-v:2093.0)-(t:3.028-t:1819-v:2079.0)-(t:4.810-t:5102-v:2066.0)-(t:5.141-t:5774-v:2046.0)-(t:14.170-t:28807-v:2034.0)-(t:18.740-t:41916-v:2033.0)-(t:22.729-t:54816-v:2028.0)-(t:125.297-t:377245-v:2020.0)],1.365
examples/tsp/tsplib/linhp318.tsp,random,r1,900,0,125073.304,[(t:1.337-t:956-v:202777.089)-(t:1.337-t:957-v:201232.228)-(t:1.338-t:958-v:194720.131)-(t:1.338-t:959-v:194147.066)-(t:1.338-t:960-v:193247.91)-(t:1.338-t:961-v:193241.658)-(t:1.338-t:962-v:193045.504)-(t:1.339-t:963-v:193013.352)-(t:1.339-t:964-v:192476.448)-(t:1.339-t:965-v:186905.982)-(t:1.339-t:966-v:186326.665)-(t:1.339-t:967-v:186311.79)-(t:1.340-t:968-v:185468.839)-(t:1.340-t:969-v:185283.134)-(t:1.340-t:970-v:185052.667)-(t:1.340-t:971-v:185025.369)-(t:1.341-t:972-v:185002.932)-(t:1.342-t:973-v:184924.154)-(t:1.342-t:974-v:184848.903)-(t:1.344-t:975-v:184505.367)-(t:1.345-t:976-v:182114.865)-(t:1.345-t:977-v:181993.168)-(t:1.345-t:978-v:181865.486)-(t:1.346-t:979-v:181761.146)-(t:1.346-t:980-v:181432.991)-(t:1.366-t:981-v:181367.736)-(t:1.367-t:982-v:181084.139)-(t:1.367-t:983-v:181061.702)-(t:1.368-t:984-v:180986.451)-(t:1.371-t:985-v:175943.853)-(t:1.371-t:986-v:175864.146)-(t:1.373-t:987-v:175584.69)-(t:1.374-t:988-v:175582.912)-(t:1.374-t:989-v:175277.212)-(t:1.375-t:990-v:175266.828)-(t:1.375-t:991-v:175147.999)-(t:1.375-t:992-v:175029.311)-(t:1.376-t:993-v:174775.042)-(t:1.377-t:994-v:174652.336)-(t:1.377-t:995-v:174055.699)-(t:1.378-t:996-v:173959.12)-(t:1.380-t:997-v:173704.323)-(t:1.382-t:998-v:171879.126)-(t:1.382-t:999-v:171752.175)-(t:1.382-t:1000-v:171469.479)-(t:1.396-t:1001-v:171467.674)-(t:1.396-t:1002-v:171140.285)-(t:1.397-t:1003-v:171117.848)-(t:1.398-t:1004-v:171042.597)-(t:1.399-t:1005-v:171029.257)-(t:1.400-t:1006-v:170932.924)-(t:1.400-t:1007-v:170817.846)-(t:1.400-t:1008-v:170732.166)-(t:1.401-t:1009-v:170632.673)-(t:1.402-t:1010-v:170517.512)-(t:1.402-t:1011-v:170515.734)-(t:1.403-t:1012-v:170396.905)-(t:1.406-t:1013-v:170390.357)-(t:1.406-t:1014-v:170229.374)-(t:1.420-t:1015-v:169643.874)-(t:1.420-t:1016-v:169601.897)-(t:1.421-t:1017-v:169405.882)-(t:1.422-t:1018-v:169259.064)-(t:1.426-t:1019-v:169225.234)-(t:1.430-t:1020-v:169153.123)-(t:1.431-t:1021-v:169062.878)-(t:1.431-t:1022-v:169009.446)-(t:1.432-t:1023-v:168790.013)-(t:1.456-t:1024-v:167687.566)-(t:1.457-t:1025-v:167389.289)-(t:1.457-t:1026-v:167278.141)-(t:1.457-t:1027-v:167159.522)-(t:1.459-t:1028-v:167157.917)-(t:1.459-t:1029-v:167155.573)-(t:1.461-t:1030-v:166904.56)-(t:1.461-t:1031-v:166834.556)-(t:1.462-t:1032-v:166781.384)-(t:1.463-t:1033-v:166379.53)-(t:1.467-t:1034-v:166277.828)-(t:1.469-t:1035-v:166276.653)-(t:1.496-t:1036-v:166223.026)-(t:1.496-t:1037-v:166067.032)-(t:1.496-t:1038-v:165955.615)-(t:1.497-t:1039-v:165939.956)-(t:1.497-t:1040-v:165779.551)-(t:1.498-t:1041-v:165672.674)-(t:1.498-t:1042-v:165577.938)-(t:1.498-t:1043-v:165555.495)-(t:1.518-t:1044-v:165425.551)-(t:1.528-t:1045-v:165185.746)-(t:1.550-t:1046-v:164593.345)-(t:1.559-t:1047-v:164582.311)-(t:1.571-t:1048-v:164500.78)-(t:1.572-t:1049-v:164478.487)-(t:1.577-t:1050-v:164432.223)-(t:1.577-t:1051-v:164364.919)-(t:1.578-t:1052-v:164238.355)-(t:1.578-t:1053-v:164226.089)-(t:1.593-t:1054-v:163112.998)-(t:1.625-t:1055-v:163096.058)-(t:1.636-t:1056-v:162989.798)-(t:1.657-t:1057-v:162985.755)-(t:1.676-t:1058-v:162917.564)-(t:1.699-t:1059-v:162908.81)-(t:1.709-t:1060-v:162889.421)-(t:1.716-t:1061-v:162845.825)-(t:1.750-t:1062-v:162592.192)-(t:1.758-t:1063-v:162588.073)-(t:1.777-t:1064-v:162395.669)-(t:1.783-t:1065-v:162352.073)-(t:1.804-t:1066-v:162251.541)-(t:1.805-t:1067-v:162242.363)-(t:1.806-t:1068-v:162237.06)-(t:1.807-t:1069-v:162194.131)-(t:1.807-t:1070-v:162169.524)-(t:1.808-t:1071-v:162081.578)-(t:1.808-t:1072-v:162079.773)-(t:1.808-t:1073-v:162057.336)-(t:1.808-t:1074-v:162056.347)-(t:1.809-t:1075-v:161994.351)-(t:1.809-t:1076-v:160955.966)-(t:1.809-t:1077-v:160877.513)-(t:1.825-t:1078-v:160865.247)-(t:1.837-t:1079-v:160848.376)-(t:1.847-t:1080-v:160604.963)-(t:1.879-t:1081-v:160562.627)-(t:1.924-t:1082-v:160247.684)-(t:1.934-t:1083-v:160226.261)-(t:1.969-t:1084-v:159680.57)-(t:1.978-t:1085-v:159639.194)-(t:2.007-t:1086-v:159113.663)-(t:2.008-t:1087-v:158670.625)-(t:2.021-t:1088-v:158543.47)-(t:2.023-t:1089-v:158453.693)-(t:2.026-t:1090-v:158447.644)-(t:2.027-t:1091-v:158376.764)-(t:2.027-t:1092-v:158371.61)-(t:2.028-t:1093-v:158206.139)-(t:2.028-t:1094-v:158118.122)-(t:2.028-t:1095-v:158116.317)-(t:2.029-t:1096-v:158093.88)-(t:2.029-t:1097-v:158092.891)-(t:2.029-t:1098-v:158013.588)-(t:2.030-t:1099-v:157951.592)-(t:2.031-t:1100-v:157912.255)-(t:2.034-t:1101-v:157854.967)-(t:2.037-t:1102-v:157769.713)-(t:2.368-t:1256-v:157761.81)-(t:2.383-t:1257-v:157701.134)-(t:2.384-t:1258-v:157329.273)-(t:2.384-t:1259-v:157217.241)-(t:2.385-t:1260-v:157025.427)-(t:2.386-t:1261-v:156830.192)-(t:2.390-t:1262-v:156294.067)-(t:2.391-t:1263-v:156255.449)-(t:2.392-t:1264-v:156234.935)-(t:2.404-t:1265-v:156195.735)-(t:2.419-t:1266-v:155975.313)-(t:2.422-t:1267-v:155803.118)-(t:2.422-t:1268-v:155555.228)-(t:2.423-t:1269-v:155102.141)-(t:2.424-t:1270-v:154995.003)-(t:2.427-t:1271-v:154790.343)-(t:2.428-t:1272-v:154725.753)-(t:2.449-t:1273-v:154701.136)-(t:2.450-t:1274-v:154466.447)-(t:2.498-t:1275-v:153561.561)-(t:2.499-t:1276-v:153383.404)-(t:2.500-t:1277-v:152860.966)-(t:2.500-t:1278-v:152838.384)-(t:2.501-t:1279-v:152660.801)-(t:2.502-t:1280-v:152654.558)-(t:2.503-t:1281-v:152397.647)-(t:2.504-t:1282-v:152334.125)-(t:2.507-t:1283-v:151750.386)-(t:2.520-t:1284-v:151721.65)-(t:2.731-t:1443-v:151384.0)-(t:2.732-t:1444-v:151295.916)-(t:2.733-t:1445-v:149101.526)-(t:2.733-t:1446-v:148797.68)-(t:2.733-t:1447-v:148779.448)-(t:2.734-t:1448-v:148401.082)-(t:2.734-t:1449-v:148181.649)-(t:3.122-t:1676-v:148034.889)-(t:3.122-t:1677-v:147906.611)-(t:3.123-t:1678-v:147712.676)-(t:3.147-t:1679-v:146680.498)-(t:3.148-t:1680-v:146654.017)-(t:3.154-t:1681-v:146595.396)-(t:3.175-t:1682-v:146334.435)-(t:3.181-t:1683-v:146280.405)-(t:3.444-t:1883-v:144353.04)-(t:3.444-t:1884-v:143774.74)-(t:3.444-t:1885-v:143734.641)-(t:3.460-t:1886-v:143484.208)-(t:3.461-t:1887-v:143038.593)-(t:3.461-t:1888-v:142326.177)-(t:3.465-t:1889-v:142302.802)-(t:3.466-t:1890-v:142137.331)-(t:3.466-t:1891-v:142049.314)-(t:3.468-t:1892-v:141983.635)-(t:14.775-t:16969-v:141817.907)-(t:14.780-t:16970-v:141757.373)-(t:14.786-t:16971-v:141711.016)-(t:14.791-t:16972-v:141165.325)-(t:14.797-t:16973-v:141161.282)-(t:18.211-t:23982-v:141062.217)-(t:18.212-t:23983-v:140966.434)-(t:18.212-t:23984-v:140866.941)-(t:18.213-t:23985-v:140802.03)-(t:18.213-t:23986-v:140695.656)-(t:18.215-t:23987-v:140674.707)-(t:18.216-t:23988-v:140631.76)-(t:18.219-t:23989-v:140612.636)-(t:18.220-t:23990-v:140604.386)-(t:18.222-t:23991-v:140539.796)-(t:18.225-t:23992-v:140453.795)-(t:18.225-t:23993-v:140348.486)-(t:18.226-t:23994-v:139734.951)-(t:18.226-t:23995-v:139660.67)-(t:18.230-t:23996-v:139546.378)-(t:18.235-t:23997-v:139503.794)-(t:18.239-t:23998-v:137828.685)-(t:18.239-t:23999-v:137821.667)-(t:18.239-t:24000-v:137706.463)-(t:18.239-t:24001-v:137618.717)-(t:18.240-t:24002-v:137162.88)-(t:18.240-t:24003-v:137154.735)-(t:18.240-t:24004-v:136711.969)-(t:18.240-t:24005-v:136512.939)-(t:18.240-t:24006-v:136406.565)-(t:18.240-t:24007-v:136392.185)-(t:18.240-t:24008-v:136340.386)-(t:18.241-t:24009-v:136240.893)-(t:18.241-t:24010-v:135371.766)-(t:18.241-t:24011-v:135158.346)-(t:18.242-t:24012-v:135042.483)-(t:18.247-t:24013-v:135011.578)-(t:22.258-t:31688-v:134972.29)-(t:22.537-t:32271-v:134718.325)-(t:22.543-t:32272-v:134712.112)-(t:22.547-t:32273-v:133609.269)-(t:27.559-t:43153-v:133383.877)-(t:27.559-t:43154-v:133343.497)-(t:27.559-t:43155-v:133149.145)-(t:27.560-t:43156-v:133095.713)-(t:27.560-t:43157-v:132628.357)-(t:27.560-t:43158-v:132547.804)-(t:27.560-t:43159-v:132441.43)-(t:27.560-t:43160-v:132440.508)-(t:27.561-t:43161-v:132415.837)-(t:27.561-t:43162-v:132319.504)-(t:27.561-t:43163-v:132263.795)-(t:27.562-t:43164-v:132242.482)-(t:36.719-t:62053-v:132058.355)-(t:36.719-t:62054-v:132008.086)-(t:36.723-t:62055-v:131830.118)-(t:36.724-t:62056-v:131432.0)-(t:36.724-t:62057-v:131383.47)-(t:40.246-t:69653-v:130552.427)-(t:40.246-t:69654-v:130318.41)-(t:40.247-t:69655-v:130275.559)-(t:40.251-t:69656-v:130213.632)-(t:40.255-t:69657-v:130207.098)-(t:40.259-t:69658-v:129822.859)-(t:40.263-t:69659-v:129779.263)-(t:105.388-t:210996-v:129406.793)-(t:105.392-t:210997-v:129352.763)-(t:105.397-t:210998-v:129156.45)-(t:105.400-t:210999-v:129155.502)-(t:117.148-t:236819-v:129078.073)-(t:117.148-t:236820-v:128239.477)-(t:117.148-t:236821-v:128182.251)-(t:117.148-t:236822-v:128016.78)-(t:117.148-t:236823-v:127928.763)-(t:117.148-t:236824-v:127927.174)-(t:117.153-t:236825-v:127911.62)-(t:117.158-t:236826-v:127698.367)-(t:117.163-t:236827-v:127688.873)-(t:463.786-t:989228-v:127366.718)-(t:463.790-t:989229-v:127325.342)-(t:687.860-t:1480833-v:127276.355)-(t:687.860-t:1480834-v:127266.133)-(t:687.861-t:1480835-v:126689.321)-(t:687.861-t:1480836-v:126243.706)-(t:687.861-t:1480837-v:126046.073)-(t:687.861-t:1480838-v:125834.939)-(t:687.862-t:1480839-v:125320.156)-(t:687.862-t:1480840-v:125291.107)-(t:687.862-t:1480841-v:125095.092)-(t:687.864-t:1480842-v:125073.304)],608.636
examples/tsp/tsplib/pcb442.tsp,random,r1,900,0,223315.222,[(t:2.186-t:1213-v:290387.095)-(t:2.187-t:1214-v:290196.438)-(t:2.187-t:1215-v:289902.692)-(t:2.187-t:1216-v:289892.887)-(t:2.188-t:1217-v:289692.887)-(t:2.189-t:1218-v:289685.848)-(t:2.189-t:1219-v:289505.486)-(t:2.189-t:1220-v:289504.06)-(t:2.190-t:1221-v:289435.84)-(t:2.190-t:1222-v:284357.542)-(t:2.191-t:1223-v:283959.238)-(t:2.191-t:1224-v:283467.7)-(t:2.192-t:1225-v:283407.454)-(t:2.192-t:1226-v:280614.861)-(t:2.193-t:1227-v:279992.083)-(t:2.193-t:1228-v:279741.201)-(t:2.212-t:1229-v:279478.418)-(t:2.212-t:1230-v:279473.355)-(t:2.213-t:1231-v:276137.62)-(t:2.214-t:1232-v:275937.62)-(t:2.214-t:1233-v:275000.403)-(t:2.214-t:1234-v:274928.238)-(t:2.215-t:1235-v:274870.859)-(t:2.215-t:1236-v:274718.592)-(t:2.216-t:1237-v:274707.4)-(t:2.217-t:1238-v:274702.226)-(t:2.218-t:1239-v:273873.743)-(t:2.219-t:1240-v:273002.494)-(t:2.220-t:1241-v:272975.768)-(t:2.220-t:1242-v:272886.569)-(t:2.220-t:1243-v:272814.404)-(t:2.220-t:1244-v:272757.025)-(t:2.221-t:1245-v:272711.68)-(t:2.222-t:1246-v:272687.115)-(t:2.222-t:1247-v:272487.115)-(t:2.223-t:1248-v:272451.179)-(t:2.223-t:1249-v:272368.709)-(t:2.224-t:1250-v:272168.709)-(t:2.224-t:1251-v:271968.709)-(t:2.225-t:1252-v:271939.982)-(t:2.242-t:1253-v:271928.255)-(t:2.243-t:1254-v:271922.288)-(t:2.246-t:1255-v:271617.862)-(t:2.247-t:1256-v:271432.788)-(t:2.253-t:1257-v:271379.768)-(t:2.256-t:1258-v:269201.78)-(t:2.258-t:1259-v:269118.938)-(t:2.290-t:1260-v:269060.417)-(t:2.296-t:1261-v:267061.621)-(t:2.297-t:1262-v:267030.102)-(t:2.297-t:1263-v:266921.826)-(t:2.298-t:1264-v:266865.656)-(t:2.299-t:1265-v:266676.952)-(t:2.309-t:1266-v:266618.373)-(t:2.310-t:1267-v:266476.022)-(t:2.311-t:1268-v:266352.415)-(t:2.316-t:1269-v:266301.215)-(t:2.333-t:1270-v:266218.373)-(t:2.337-t:1271-v:266094.766)-(t:2.342-t:1272-v:266077.271)-(t:2.343-t:1273-v:266036.506)-(t:2.349-t:1274-v:265953.664)-(t:2.376-t:1275-v:265895.462)-(t:2.382-t:1276-v:265591.477)-(t:2.383-t:1277-v:265556.282)-(t:2.383-t:1278-v:265450.743)-(t:2.384-t:1279-v:265366.971)-(t:2.385-t:1280-v:265356.536)-(t:2.385-t:1281-v:265298.838)-(t:2.386-t:1282-v:265175.231)-(t:2.387-t:1283-v:265126.703)-(t:2.387-t:1284-v:265085.938)-(t:2.406-t:1285-v:265027.359)-(t:2.411-t:1286-v:264968.78)-(t:2.414-t:1287-v:264885.938)-(t:2.417-t:1288-v:264409.545)-(t:2.418-t:1289-v:264285.938)-(t:2.420-t:1290-v:264227.359)-(t:2.436-t:1291-v:264168.78)-(t:2.451-t:1292-v:264150.966)-(t:2.452-t:1293-v:264110.201)-(t:2.461-t:1294-v:264027.359)-(t:2.464-t:1295-v:263944.517)-(t:2.497-t:1296-v:263813.626)-(t:2.498-t:1297-v:263747.006)-(t:2.498-t:1298-v:263685.879)-(t:2.499-t:1299-v:263562.272)-(t:2.500-t:1300-v:263123.271)-(t:2.501-t:1301-v:262949.881)-(t:2.502-t:1302-v:262854.651)-(t:2.503-t:1303-v:262773.408)-(t:2.504-t:1304-v:262573.408)-(t:2.504-t:1305-v:262514.829)-(t:2.505-t:1306-v:262373.408)-(t:2.505-t:1307-v:262297.015)-(t:2.506-t:1308-v:262213.999)-(t:2.509-t:1309-v:262158.573)-(t:2.529-t:1310-v:262144.853)-(t:2.530-t:1311-v:262021.246)-(t:2.532-t:1312-v:261968.181)-(t:2.550-t:1313-v:261806.458)-(t:2.551-t:1314-v:261682.851)-(t:2.600-t:1315-v:260532.614)-(t:2.600-t:1316-v:260454.726)-(t:2.602-t:1317-v:260401.736)-(t:2.607-t:1318-v:260331.888)-(t:2.660-t:1319-v:260288.265)-(t:2.661-t:1320-v:260090.022)-(t:2.661-t:1321-v:259891.934)-(t:2.662-t:1322-v:259817.828)-(t:2.676-t:1323-v:259694.221)-(t:2.678-t:1324-v:259653.573)-(t:2.678-t:1325-v:259597.403)-(t:2.679-t:1326-v:259532.306)-(t:2.681-t:1327-v:259491.541)-(t:2.686-t:1328-v:259491.403)-(t:2.742-t:1329-v:259456.813)-(t:2.744-t:1330-v:259343.658)-(t:2.746-t:1331-v:259146.443)-(t:2.762-t:1332-v:259089.496)-(t:2.764-t:1333-v:259085.544)-(t:2.764-t:1334-v:258867.73)-(t:2.765-t:1335-v:258685.544)-(t:2.765-t:1336-v:258467.73)-(t:2.770-t:1337-v:258324.154)-(t:2.770-t:1338-v:258143.985)-(t:2.771-t:1339-v:257970.595)-(t:2.772-t:1340-v:257807.692)-(t:2.772-t:1341-v:257726.141)-(t:2.812-t:1342-v:257561.318)-(t:2.827-t:1343-v:257373.665)-(t:2.828-t:1344-v:257188.958)-(t:2.831-t:1345-v:257008.331)-(t:2.831-t:1346-v:256950.98)-(t:2.832-t:1347-v:256750.98)-(t:2.832-t:1348-v:256735.687)-(t:2.832-t:1349-v:256161.857)-(t:2.870-t:1350-v:255279.589)-(t:2.903-t:1351-v:253948.707)-(t:2.905-t:1352-v:253841.503)-(t:2.920-t:1353-v:253823.689)-(t:2.924-t:1354-v:253807.188)-(t:2.953-t:1355-v:253612.023)-(t:2.953-t:1356-v:253471.498)-(t:2.954-t:1357-v:253413.898)-(t:2.955-t:1358-v:253325.789)-(t:2.975-t:1359-v:253111.341)-(t:2.992-t:1360-v:252709.587)-(t:2.993-t:1361-v:252568.166)-(t:2.995-t:1362-v:252510.566)-(t:2.996-t:1363-v:252472.05)-(t:3.035-t:1364-v:252392.095)-(t:8.729-t:5578-v:252053.404)-(t:8.731-t:5579-v:251994.825)-(t:8.732-t:5580-v:251918.501)-(t:8.735-t:5581-v:251859.922)-(t:8.735-t:5582-v:251830.453)-(t:8.735-t:5583-v:251812.639)-(t:8.735-t:5584-v:251805.26)-(t:8.736-t:5585-v:251787.446)-(t:8.736-t:5586-v:251722.418)-(t:8.737-t:5587-v:251671.218)-(t:8.755-t:5588-v:251653.404)-(t:8.756-t:5589-v:251594.825)-(t:8.756-t:5590-v:251554.06)-(t:8.756-t:5591-v:251471.218)-(t:8.759-t:5592-v:251412.639)-(t:8.760-t:5593-v:251329.797)-(t:8.762-t:5594-v:251271.218)-(t:8.777-t:5595-v:251253.404)-(t:8.778-t:5596-v:251248.93)-(t:8.779-t:5597-v:251231.116)-(t:8.779-t:5598-v:251107.509)-(t:8.780-t:5599-v:251048.93)-(t:8.781-t:5600-v:251031.116)-(t:8.781-t:5601-v:250990.351)-(t:8.782-t:5602-v:250907.509)-(t:8.783-t:5603-v:250848.93)-(t:8.786-t:5604-v:250831.116)-(t:8.786-t:5605-v:250707.509)-(t:8.802-t:5606-v:250651.055)-(t:8.802-t:5607-v:250514.107)-(t:8.802-t:5608-v:250431.264)-(t:8.803-t:5609-v:250247.102)-(t:8.806-t:5610-v:249372.074)-(t:8.807-t:5611-v:249316.162)-(t:8.807-t:5612-v:249301.738)-(t:8.807-t:5613-v:249165.03)-(t:8.807-t:5614-v:249162.096)-(t:8.808-t:5615-v:249153.904)-(t:8.808-t:5616-v:249140.563)-(t:8.808-t:5617-v:249136.646)-(t:8.808-t:5618-v:248936.646)-(t:8.808-t:5619-v:248932.172)-(t:8.809-t:5620-v:248849.33)-(t:8.810-t:5621-v:248792.377)-(t:8.810-t:5622-v:248779.036)-(t:8.810-t:5623-v:248775.574)-(t:8.811-t:5624-v:248659.346)-(t:8.812-t:5625-v:248257.48)-(t:8.825-t:5626-v:248174.637)-(t:8.828-t:5627-v:248091.795)-(t:8.830-t:5628-v:248033.216)-(t:8.831-t:5629-v:248015.402)-(t:8.832-t:5630-v:247974.637)-(t:8.833-t:5631-v:247851.03)-(t:8.847-t:5632-v:247385.405)-(t:8.875-t:5633-v:245260.58)-(t:8.892-t:5634-v:245245.272)-(t:8.893-t:5635-v:245242.114)-(t:8.906-t:5636-v:245191.892)-(t:8.923-t:5637-v:245154.802)-(t:9.141-t:5859-v:245147.961)-(t:9.143-t:5860-v:245091.008)-(t:9.151-t:5861-v:244897.334)-(t:9.152-t:5862-v:244785.023)-(t:9.152-t:5863-v:244767.209)-(t:9.152-t:5864-v:244650.981)-(t:9.153-t:5865-v:244527.374)-(t:9.155-t:5866-v:244468.795)-(t:9.156-t:5867-v:244450.981)-(t:9.156-t:5868-v:244327.374)-(t:9.164-t:5869-v:244215.063)-(t:9.165-t:5870-v:244091.456)-(t:9.167-t:5871-v:244032.877)-(t:9.169-t:5872-v:243964.733)-(t:9.169-t:5873-v:243850.468)-(t:9.170-t:5874-v:243711.714)-(t:9.170-t:5875-v:243656.525)-(t:9.170-t:5876-v:243583.442)-(t:9.171-t:5877-v:243521.117)-(t:9.172-t:5878-v:243462.538)-(t:9.172-t:5879-v:242769.527)-(t:9.174-t:5880-v:242751.713)-(t:9.174-t:5881-v:242628.106)-(t:9.177-t:5882-v:242570.696)-(t:9.179-t:5883-v:242554.508)-(t:9.179-t:5884-v:242513.743)-(t:9.181-t:5885-v:242430.901)-(t:9.186-t:5886-v:242316.74)-(t:9.187-t:5887-v:242256.185)-(t:9.188-t:5888-v:242238.37)-(t:9.197-t:5889-v:242231.952)-(t:9.200-t:5890-v:242145.11)-(t:9.213-t:5891-v:242085.757)-(t:9.466-t:6113-v:241385.351)-(t:9.468-t:6114-v:241369.53)-(t:28.041-t:30301-v:239917.013)-(t:28.043-t:30302-v:239707.001)-(t:28.061-t:30303-v:239271.271)-(t:28.063-t:30304-v:238334.984)-(t:28.087-t:30305-v:238171.164)-(t:28.089-t:30306-v:237865.131)-(t:28.090-t:30307-v:237814.34)-(t:28.106-t:30308-v:237552.72)-(t:35.432-t:40439-v:237462.23)-(t:35.433-t:40440-v:237346.002)-(t:35.433-t:40441-v:237222.395)-(t:35.435-t:40442-v:237163.816)-(t:35.438-t:40443-v:237162.818)-(t:35.441-t:40444-v:237122.053)-(t:35.445-t:40445-v:237092.683)-(t:35.445-t:40446-v:236969.076)-(t:35.446-t:40447-v:236910.497)-(t:35.450-t:40448-v:236817.858)-(t:35.451-t:40449-v:236694.251)-(t:35.452-t:40450-v:236570.644)-(t:35.452-t:40451-v:236497.502)-(t:35.452-t:40452-v:236481.838)-(t:35.453-t:40453-v:236477.126)-(t:35.453-t:40454-v:236476.599)-(t:35.456-t:40455-v:236462.702)-(t:35.472-t:40456-v:236436.649)-(t:35.472-t:40457-v:236404.193)-(t:35.475-t:40458-v:236356.979)-(t:35.477-t:40459-v:236298.4)-(t:35.480-t:40460-v:236280.586)-(t:35.480-t:40461-v:236156.979)-(t:35.483-t:40462-v:236098.4)-(t:35.484-t:40463-v:236089.284)-(t:35.485-t:40464-v:236048.519)-(t:35.488-t:40465-v:235965.677)-(t:35.491-t:40466-v:235924.912)-(t:264.997-t:364905-v:235916.912)-(t:264.998-t:364906-v:235900.178)-(t:264.998-t:364907-v:235700.178)-(t:265.003-t:364908-v:235587.513)-(t:265.003-t:364909-v:235394.268)-(t:265.003-t:364910-v:235202.328)-(t:265.004-t:364911-v:235012.101)-(t:265.004-t:364912-v:234828.784)-(t:265.004-t:364913-v:234201.863)-(t:265.005-t:364914-v:233421.492)-(t:265.006-t:364915-v:233341.939)-(t:265.007-t:364916-v:233167.132)-(t:265.007-t:364917-v:233043.525)-(t:265.011-t:364918-v:232250.943)-(t:265.014-t:364919-v:232205.551)-(t:265.019-t:364920-v:231666.732)-(t:265.020-t:364921-v:231099.276)-(t:265.035-t:364922-v:230630.036)-(t:326.035-t:452093-v:230572.944)-(t:326.035-t:452094-v:230536.653)-(t:326.037-t:452095-v:230518.838)-(t:326.037-t:452096-v:230485.453)-(t:326.040-t:452097-v:230307.184)-(t:326.040-t:452098-v:230224.342)-(t:326.042-t:452099-v:230206.527)-(t:326.043-t:452100-v:230123.685)-(t:326.048-t:452101-v:229950.628)-(t:326.048-t:452102-v:229889.501)-(t:326.048-t:452103-v:229712.69)-(t:326.049-t:452104-v:229577.971)-(t:326.049-t:452105-v:229449.687)-(t:326.050-t:452106-v:229402.375)-(t:326.050-t:452107-v:229365.833)-(t:326.051-t:452108-v:229281.811)-(t:326.051-t:452109-v:229143.343)-(t:326.053-t:452110-v:229084.764)-(t:326.054-t:452111-v:229074.735)-(t:326.055-t:452112-v:228951.128)-(t:326.058-t:452113-v:228906.798)-(t:326.058-t:452114-v:228783.191)-(t:326.061-t:452115-v:228724.612)-(t:326.077-t:452116-v:228644.657)-(t:379.692-t:527645-v:228157.812)-(t:379.695-t:527646-v:228102.715)-(t:379.697-t:527647-v:227770.402)-(t:379.697-t:527648-v:227729.637)-(t:379.700-t:527649-v:227646.795)-(t:379.715-t:527650-v:227333.141)-(t:379.775-t:527816-v:226934.34)-(t:379.776-t:527817-v:226791.989)-(t:379.776-t:527818-v:226774.175)-(t:379.776-t:527819-v:226632.754)-(t:379.777-t:527820-v:226437.571)-(t:379.778-t:527821-v:226437.044)-(t:379.781-t:527822-v:226378.465)-(t:379.785-t:527823-v:226360.651)-(t:379.785-t:527824-v:226319.886)-(t:379.788-t:527825-v:226237.044)-(t:379.791-t:527826-v:226178.465)-(t:379.792-t:527827-v:226123.803)-(t:379.794-t:527828-v:226065.224)-(t:379.795-t:527829-v:226031.838)-(t:379.795-t:527830-v:226014.024)-(t:379.796-t:527831-v:226007.575)-(t:379.797-t:527832-v:225931.182)-(t:379.800-t:527833-v:225872.603)-(t:379.800-t:527834-v:225831.838)-(t:379.801-t:527835-v:225807.575)-(t:379.802-t:527836-v:225748.996)-(t:379.805-t:527837-v:225710.221)-(t:379.805-t:527838-v:225627.379)-(t:379.805-t:527839-v:225586.614)-(t:379.806-t:527840-v:225503.772)-(t:379.810-t:527841-v:225412.544)-(t:379.811-t:527842-v:225241.724)-(t:379.812-t:527843-v:225168.893)-(t:379.812-t:527844-v:225029.448)-(t:379.813-t:527845-v:224921.412)-(t:379.813-t:527846-v:224784.464)-(t:379.827-t:527847-v:224733.227)-(t:379.828-t:527848-v:224623.689)-(t:379.829-t:527849-v:224507.461)-(t:379.830-t:527850-v:224496.096)-(t:379.832-t:527851-v:224466.856)-(t:379.834-t:527852-v:224449.096)-(t:379.834-t:527853-v:224443.96)-(t:379.852-t:527854-v:224385.831)-(t:379.852-t:527855-v:224285.879)-(t:379.853-t:527856-v:224277.542)-(t:379.854-t:527857-v:224203.944)-(t:379.854-t:527858-v:224163.179)-(t:379.858-t:527859-v:224104.6)-(t:379.861-t:527860-v:224021.758)-(t:379.863-t:527861-v:223965.588)-(t:379.866-t:527862-v:223882.746)-(t:379.867-t:527863-v:223828.084)-(t:379.871-t:527864-v:223817.649)-(t:379.872-t:527865-v:223776.884)-(t:379.875-t:527866-v:223694.042)-(t:379.877-t:527867-v:223529.67)-(t:379.892-t:527868-v:223315.222)],699.977
examples/tsp/tsplib/pr107.tsp,bestslopefirst,r1,900,0,61579.143,[(t:1.172-t:322-v:115847.265)-(t:1.172-t:323-v:115795.541)-(t:1.173-t:324-v:115678.384)-(t:1.173-t:325-v:115497.436)-(t:1.173-t:326-v:115497.241)-(t:1.174-t:327-v:115415.708)-(t:1.175-t:328-v:115364.324)-(t:1.175-t:329-v:115302.482)-(t:1.176-t:330-v:115299.957)-(t:1.177-t:331-v:115212.53)-(t:1.177-t:332-v:114995.236)-(t:1.178-t:333-v:114954.443)-(t:1.179-t:334-v:114817.827)-(t:1.180-t:335-v:114731.987)-(t:1.181-t:336-v:114698.224)-(t:1.182-t:337-v:114393.824)-(t:1.182-t:338-v:114178.988)-(t:1.183-t:339-v:114155.289)-(t:1.183-t:340-v:114013.425)-(t:1.184-t:341-v:113633.365)-(t:1.184-t:342-v:113533.365)-(t:1.185-t:343-v:113524.755)-(t:1.186-t:344-v:113518.987)-(t:1.187-t:345-v:113468.6)-(t:1.187-t:346-v:112771.086)-(t:1.188-t:347-v:112606.321)-(t:1.188-t:348-v:112558.713)-(t:1.190-t:349-v:101863.922)-(t:1.190-t:350-v:101829.398)-(t:1.190-t:351-v:101076.612)-(t:1.207-t:352-v:100829.398)-(t:1.209-t:353-v:100429.398)-(t:1.210-t:354-v:100243.612)-(t:1.211-t:355-v:99467.933)-(t:1.211-t:356-v:99253.097)-(t:1.212-t:357-v:99211.156)-(t:1.213-t:358-v:99171.854)-(t:1.213-t:359-v:99004.31)-(t:1.214-t:360-v:98228.631)-(t:1.215-t:361-v:98013.795)-(t:1.215-t:362-v:97990.096)-(t:1.226-t:363-v:97754.989)-(t:1.239-t:364-v:97624.762)-(t:1.240-t:365-v:97542.64)-(t:1.240-t:366-v:97439.359)-(t:1.240-t:367-v:97336.96)-(t:1.240-t:368-v:97206.903)-(t:1.241-t:369-v:97018.451)-(t:1.241-t:370-v:96691.903)-(t:1.245-t:371-v:96535.021)-(t:1.249-t:372-v:96405.103)-(t:1.252-t:373-v:95610.867)-(t:1.271-t:374-v:87640.083)-(t:1.272-t:375-v:87634.023)-(t:1.272-t:376-v:87597.457)-(t:1.273-t:377-v:87490.332)-(t:1.273-t:378-v:87404.492)-(t:1.274-t:379-v:87360.455)-(t:1.295-t:380-v:87177.3)-(t:1.295-t:381-v:87104.18)-(t:1.295-t:382-v:87082.413)-(t:1.297-t:383-v:87035.287)-(t:1.298-t:384-v:86921.172)-(t:1.301-t:385-v:86861.368)-(t:1.302-t:386-v:86278.582)-(t:1.303-t:387-v:86094.119)-(t:1.303-t:388-v:86029.552)-(t:1.304-t:389-v:86023.784)-(t:1.305-t:390-v:85763.741)-(t:1.305-t:391-v:85716.133)-(t:1.306-t:392-v:81632.032)-(t:1.306-t:393-v:81394.91)-(t:1.307-t:394-v:81190.918)-(t:1.307-t:395-v:80810.858)-(t:1.308-t:396-v:80458.81)-(t:1.309-t:397-v:80328.736)-(t:1.309-t:398-v:80119.468)-(t:1.310-t:399-v:79951.924)-(t:1.311-t:400-v:79849.65)-(t:1.311-t:401-v:79841.815)-(t:1.317-t:402-v:79658.66)-(t:1.318-t:403-v:79636.893)-(t:1.318-t:404-v:79615.848)-(t:1.319-t:405-v:79588.185)-(t:1.319-t:406-v:79474.07)-(t:1.341-t:407-v:79347.967)-(t:1.342-t:408-v:79283.4)-(t:1.342-t:409-v:79277.632)-(t:1.343-t:410-v:79017.589)-(t:1.343-t:411-v:78969.981)-(t:5.186-t:4064-v:73719.326)-(t:5.186-t:4065-v:73609.899)-(t:5.186-t:4066-v:73482.204)-(t:5.186-t:4067-v:73241.812)-(t:5.186-t:4068-v:72861.752)-(t:5.186-t:4069-v:72674.469)-(t:5.187-t:4070-v:72557.312)-(t:5.187-t:4071-v:72427.238)-(t:5.187-t:4072-v:72217.97)-(t:5.187-t:4073-v:72050.426)-(t:5.202-t:4074-v:71867.271)-(t:5.202-t:4075-v:71845.504)-(t:5.203-t:4076-v:71835.848)-(t:5.203-t:4077-v:71788.961)-(t:5.203-t:4078-v:71674.846)-(t:5.204-t:4079-v:71449.543)-(t:5.204-t:4080-v:71384.976)-(t:5.204-t:4081-v:71379.208)-(t:5.204-t:4082-v:71119.165)-(t:5.204-t:4083-v:71071.557)-(t:5.892-t:5294-v:71008.264)-(t:5.899-t:5295-v:70986.497)-(t:5.899-t:5296-v:70976.841)-(t:5.899-t:5297-v:70973.56)-(t:5.899-t:5298-v:70856.403)-(t:5.899-t:5299-v:70742.288)-(t:5.900-t:5300-v:70672.739)-(t:5.900-t:5301-v:70625.131)-(t:7.695-t:8405-v:69467.106)-(t:7.695-t:8406-v:69294.007)-(t:7.695-t:8407-v:69240.164)-(t:7.696-t:8408-v:69212.159)-(t:7.696-t:8409-v:69036.045)-(t:7.696-t:8410-v:68896.864)-(t:7.696-t:8411-v:68690.808)-(t:7.698-t:8412-v:68055.573)-(t:7.698-t:8413-v:68043.768)-(t:7.698-t:8414-v:67811.312)-(t:9.358-t:12287-v:67547.909)-(t:9.360-t:12288-v:67257.086)-(t:9.486-t:12694-v:67026.152)-(t:9.487-t:12695-v:67014.5)-(t:9.487-t:12696-v:66975.502)-(t:9.487-t:12697-v:66888.075)-(t:9.487-t:12698-v:66837.688)-(t:9.487-t:12699-v:66790.08)-(t:15.125-t:29525-v:62348.214)-(t:15.125-t:29526-v:62301.438)-(t:15.125-t:29527-v:62241.634)-(t:15.126-t:29528-v:62165.113)-(t:15.126-t:29529-v:62012.327)-(t:230.087-t:478519-v:61931.983)-(t:243.622-t:506130-v:61895.787)-(t:249.823-t:518733-v:61794.686)-(t:249.825-t:518734-v:61688.997)-(t:728.921-t:1492918-v:61624.055)-(t:728.922-t:1492919-v:61579.143)],256.431
examples/tsp/tsplib/eil76.tsp,random,r1,900,0,658.649,[(t:0.833-t:239-v:1413.944)-(t:0.834-t:240-v:1413.691)-(t:0.835-t:241-v:1412.673)-(t:0.837-t:242-v:1412.268)-(t:0.837-t:243-v:1409.103)-(t:0.838-t:244-v:1395.329)-(t:0.838-t:245-v:1391.763)-(t:0.840-t:246-v:1379.473)-(t:0.841-t:247-v:1375.286)-(t:0.842-t:248-v:1370.272)-(t:0.843-t:249-v:1363.526)-(t:0.852-t:250-v:1359.056)-(t:0.853-t:251-v:1356.171)-(t:0.855-t:252-v:1354.235)-(t:0.870-t:253-v:1353.005)-(t:0.871-t:254-v:1350.96)-(t:0.874-t:255-v:1347.54)-(t:0.879-t:256-v:1340.598)-(t:0.880-t:257-v:1339.899)-(t:0.882-t:258-v:1333.942)-(t:0.886-t:259-v:1331.208)-(t:0.887-t:260-v:1327.81)-(t:0.903-t:261-v:1327.619)-(t:0.904-t:262-v:1313.555)-(t:0.904-t:263-v:1304.808)-(t:0.907-t:264-v:1301.029)-(t:0.911-t:265-v:1299.699)-(t:0.913-t:266-v:1294.944)-(t:0.915-t:267-v:1291.592)-(t:0.931-t:268-v:1285.26)-(t:0.932-t:269-v:1285.062)-(t:0.933-t:270-v:1274.223)-(t:0.934-t:271-v:1262.208)-(t:0.936-t:272-v:1260.255)-(t:0.937-t:273-v:1246.582)-(t:0.940-t:274-v:1244.847)-(t:0.944-t:275-v:1241.507)-(t:0.948-t:276-v:1241.498)-(t:0.950-t:277-v:1239.038)-(t:0.951-t:278-v:1232.268)-(t:0.983-t:279-v:1230.842)-(t:0.987-t:280-v:1218.477)-(t:0.988-t:281-v:1202.572)-(t:0.990-t:282-v:1198.303)-(t:1.009-t:283-v:1196.831)-(t:1.013-t:284-v:1183.555)-(t:1.014-t:285-v:1179.874)-(t:1.016-t:286-v:1165.653)-(t:1.033-t:287-v:1155.545)-(t:1.037-t:288-v:1155.141)-(t:1.038-t:289-v:1145.83)-(t:1.043-t:290-v:1141.988)-(t:1.057-t:291-v:1141.955)-(t:1.059-t:292-v:1124.005)-(t:1.064-t:293-v:1118.042)-(t:1.088-t:294-v:1112.405)-(t:1.089-t:295-v:1098.366)-(t:1.093-t:296-v:1097.351)-(t:1.112-t:297-v:1089.753)-(t:1.118-t:298-v:1088.272)-(t:1.141-t:299-v:1082.737)-(t:1.147-t:300-v:1081.996)-(t:1.153-t:301-v:1078.647)-(t:1.189-t:302-v:1071.048)-(t:1.189-t:303-v:1068.686)-(t:1.192-t:304-v:1061.354)-(t:1.198-t:305-v:1061.335)-(t:1.211-t:306-v:1050.039)-(t:1.215-t:307-v:1046.452)-(t:1.240-t:308-v:1037.908)-(t:1.249-t:309-v:1032.835)-(t:1.271-t:310-v:1004.714)-(t:1.274-t:311-v:1003.812)-(t:1.290-t:312-v:997.968)-(t:1.315-t:313-v:979.837)-(t:1.322-t:314-v:978.558)-(t:1.343-t:315-v:978.063)-(t:1.344-t:316-v:977.421)-(t:1.347-t:317-v:970.399)-(t:1.370-t:318-v:967.56)-(t:1.393-t:319-v:966.352)-(t:1.404-t:320-v:965.728)-(t:1.423-t:321-v:960.431)-(t:1.448-t:322-v:957.563)-(t:2.588-t:517-v:952.256)-(t:2.610-t:518-v:948.92)-(t:2.616-t:519-v:935.385)-(t:2.637-t:520-v:922.21)-(t:2.647-t:521-v:918.083)-(t:2.651-t:522-v:913.322)-(t:2.684-t:523-v:910.936)-(t:2.707-t:524-v:909.455)-(t:2.713-t:525-v:900.712)-(t:2.735-t:526-v:874.809)-(t:2.742-t:527-v:873.647)-(t:2.749-t:528-v:869.784)-(t:3.444-t:743-v:866.794)-(t:3.448-t:744-v:845.369)-(t:3.451-t:745-v:844.843)-(t:3.451-t:746-v:840.83)-(t:3.451-t:747-v:839.043)-(t:3.452-t:748-v:838.469)-(t:3.453-t:749-v:834.791)-(t:3.453-t:750-v:833.41)-(t:3.467-t:751-v:830.348)-(t:3.469-t:752-v:829.238)-(t:3.470-t:753-v:829.216)-(t:3.471-t:754-v:822.72)-(t:3.472-t:755-v:822.217)-(t:3.474-t:756-v:820.403)-(t:3.476-t:757-v:819.088)-(t:3.827-t:953-v:815.858)-(t:3.830-t:954-v:815.604)-(t:3.976-t:1050-v:813.32)-(t:3.979-t:1051-v:807.698)-(t:3.993-t:1052-v:807.565)-(t:3.993-t:1053-v:807.222)-(t:3.994-t:1054-v:803.407)-(t:3.996-t:1055-v:801.32)-(t:3.996-t:1056-v:801.039)-(t:3.996-t:1057-v:797.794)-(t:3.997-t:1058-v:797.103)-(t:5.740-t:2685-v:790.547)-(t:5.742-t:2686-v:789.272)-(t:5.743-t:2687-v:784.422)-(t:5.745-t:2688-v:782.601)-(t:6.296-t:3238-v:782.328)-(t:6.303-t:3239-v:776.157)-(t:6.317-t:3240-v:773.095)-(t:6.317-t:3241-v:770.648)-(t:6.318-t:3242-v:766.72)-(t:6.318-t:3243-v:766.437)-(t:6.319-t:3244-v:766.398)-(t:6.320-t:3245-v:762.722)-(t:6.321-t:3246-v:758.226)-(t:6.364-t:3332-v:758.132)-(t:6.379-t:3333-v:747.343)-(t:6.380-t:3334-v:747.271)-(t:6.381-t:3335-v:746.988)-(t:10.508-t:8130-v:746.273)-(t:10.510-t:8131-v:744.134)-(t:10.512-t:8132-v:740.538)-(t:12.210-t:10376-v:731.762)-(t:12.212-t:10377-v:729.167)-(t:12.214-t:10378-v:724.039)-(t:12.218-t:10379-v:723.326)-(t:12.220-t:10380-v:714.37)-(t:12.222-t:10381-v:713.953)-(t:12.223-t:10382-v:713.67)-(t:12.226-t:10383-v:711.428)-(t:12.229-t:10384-v:708.015)-(t:18.045-t:19084-v:688.614)-(t:18.049-t:19085-v:682.435)-(t:18.051-t:19086-v:679.022)-(t:198.088-t:287543-v:677.814)-(t:198.090-t:287544-v:673.694)-(t:347.100-t:508858-v:671.349)-(t:347.100-t:508859-v:658.649)],174.639
examples/tsp/tsplib/att48.tsp,roundrobin,r1,900,0,11642.0,[(t:0.561-t:128-v:36074.0)-(t:0.562-t:129-v:35481.0)-(t:0.562-t:130-v:34979.0)-(t:0.563-t:131-v:34179.0)-(t:0.564-t:132-v:34167.0)-(t:0.584-t:133-v:34137.0)-(t:0.585-t:134-v:33656.0)-(t:0.590-t:135-v:33420.0)-(t:0.591-t:136-v:32930.0)-(t:0.594-t:137-v:32863.0)-(t:0.598-t:138-v:32712.0)-(t:0.601-t:139-v:32627.0)-(t:0.601-t:140-v:32535.0)-(t:0.618-t:141-v:32529.0)-(t:0.619-t:142-v:31529.0)-(t:0.621-t:143-v:31464.0)-(t:0.621-t:144-v:31272.0)-(t:0.624-t:145-v:31023.0)-(t:0.624-t:146-v:30946.0)-(t:0.625-t:147-v:30832.0)-(t:0.626-t:148-v:30753.0)-(t:0.628-t:149-v:30739.0)-(t:0.630-t:150-v:30572.0)-(t:0.631-t:151-v:30140.0)-(t:0.648-t:152-v:29883.0)-(t:0.649-t:153-v:29874.0)-(t:0.651-t:154-v:29417.0)-(t:0.653-t:155-v:29361.0)-(t:0.661-t:156-v:29227.0)-(t:0.664-t:157-v:29219.0)-(t:0.666-t:158-v:28861.0)-(t:0.683-t:159-v:28025.0)-(t:0.686-t:160-v:27965.0)-(t:0.687-t:161-v:27936.0)-(t:0.689-t:162-v:27774.0)-(t:0.691-t:163-v:27749.0)-(t:0.695-t:164-v:27396.0)-(t:0.697-t:165-v:27392.0)-(t:0.700-t:166-v:27164.0)-(t:0.700-t:167-v:26773.0)-(t:0.700-t:168-v:26719.0)-(t:0.701-t:169-v:26500.0)-(t:0.716-t:170-v:26323.0)-(t:0.718-t:171-v:25848.0)-(t:0.720-t:172-v:25763.0)-(t:0.730-t:173-v:25752.0)-(t:0.733-t:174-v:25631.0)-(t:0.735-t:175-v:25517.0)-(t:0.736-t:176-v:25441.0)-(t:0.737-t:177-v:25269.0)-(t:0.738-t:178-v:25267.0)-(t:0.739-t:179-v:25266.0)-(t:0.740-t:180-v:25109.0)-(t:0.741-t:181-v:24881.0)-(t:0.756-t:182-v:24801.0)-(t:0.760-t:183-v:24619.0)-(t:0.762-t:184-v:24560.0)-(t:0.765-t:185-v:24260.0)-(t:0.768-t:186-v:23656.0)-(t:0.783-t:187-v:23605.0)-(t:0.788-t:188-v:23411.0)-(t:0.793-t:189-v:22869.0)-(t:0.797-t:190-v:22306.0)-(t:0.815-t:191-v:21064.0)-(t:0.820-t:192-v:20978.0)-(t:0.830-t:193-v:20937.0)-(t:0.832-t:194-v:20885.0)-(t:0.849-t:195-v:20431.0)-(t:0.852-t:196-v:20415.0)-(t:0.856-t:197-v:20390.0)-(t:0.861-t:198-v:20289.0)-(t:0.871-t:199-v:20279.0)-(t:0.886-t:200-v:20203.0)-(t:0.887-t:201-v:20142.0)-(t:0.892-t:202-v:20115.0)-(t:0.895-t:203-v:20029.0)-(t:0.899-t:204-v:19940.0)-(t:0.902-t:205-v:19931.0)-(t:0.920-t:206-v:19869.0)-(t:0.922-t:207-v:19804.0)-(t:0.927-t:208-v:17708.0)-(t:0.928-t:209-v:17613.0)-(t:0.946-t:210-v:17261.0)-(t:0.951-t:211-v:17161.0)-(t:0.961-t:212-v:17015.0)-(t:0.965-t:213-v:16296.0)-(t:0.972-t:214-v:16286.0)-(t:0.988-t:215-v:16252.0)-(t:0.996-t:216-v:16155.0)-(t:1.001-t:217-v:16074.0)-(t:1.018-t:218-v:16046.0)-(t:1.021-t:219-v:16017.0)-(t:1.024-t:220-v:15957.0)-(t:1.028-t:221-v:15632.0)-(t:1.042-t:222-v:15398.0)-(t:1.044-t:223-v:15367.0)-(t:1.049-t:224-v:15341.0)-(t:1.053-t:225-v:14657.0)-(t:2.664-t:901-v:14452.0)-(t:2.677-t:902-v:14387.0)-(t:2.952-t:1187-v:14283.0)-(t:2.952-t:1188-v:14200.0)-(t:2.952-t:1189-v:14036.0)-(t:2.953-t:1190-v:13980.0)-(t:2.953-t:1191-v:13910.0)-(t:2.953-t:1192-v:13306.0)-(t:2.954-t:1193-v:13267.0)-(t:2.954-t:1194-v:13253.0)-(t:2.955-t:1195-v:12957.0)-(t:2.956-t:1196-v:12823.0)-(t:2.956-t:1197-v:12677.0)-(t:2.957-t:1198-v:12656.0)-(t:2.958-t:1199-v:12557.0)-(t:2.958-t:1200-v:12507.0)-(t:2.958-t:1201-v:12449.0)-(t:47.012-t:102302-v:12150.0)-(t:121.141-t:278572-v:12029.0)-(t:174.262-t:404970-v:11961.0)-(t:530.023-t:1257480-v:11926.0)-(t:541.752-t:1285701-v:11737.0)-(t:756.088-t:1801791-v:11661.0)-(t:857.184-t:2041057-v:11642.0)],97.113
examples/tsp/tsplib/pr299.tsp,roundrobin,r1,900,0,82458.016,[(t:1.030-t:886-v:89374.824)-(t:1.031-t:887-v:85529.599)-(t:1.031-t:888-v:85348.293)-(t:1.031-t:889-v:83522.169)-(t:1.031-t:890-v:83155.48)-(t:1.031-t:891-v:83122.179)-(t:1.034-t:892-v:82924.572)-(t:1.035-t:893-v:82910.189)-(t:1.082-t:894-v:82817.871)-(t:1.086-t:895-v:82741.192)-(t:1.148-t:896-v:82701.524)-(t:1.152-t:897-v:82701.518)-(t:1.153-t:898-v:82664.823)-(t:1.154-t:899-v:82663.418)-(t:1.154-t:900-v:82593.12)-(t:1.245-t:901-v:82458.016)],374.615
examples/tsp/tsplib/si535.tsp,random,r1,900,0,62076.0,[(t:7.788-t:1570-v:79446.0)-(t:7.788-t:1571-v:79431.0)-(t:7.789-t:1572-v:79280.0)-(t:7.790-t:1573-v:79265.0)-(t:7.817-t:1574-v:79261.0)-(t:7.818-t:1575-v:79201.0)-(t:7.843-t:1576-v:79061.0)-(t:7.845-t:1577-v:79004.0)-(t:7.886-t:1578-v:78890.0)-(t:7.888-t:1579-v:78758.0)-(t:7.898-t:1580-v:78669.0)-(t:7.920-t:1581-v:78632.0)-(t:7.922-t:1582-v:78571.0)-(t:7.945-t:1583-v:78516.0)-(t:7.947-t:1584-v:78480.0)-(t:7.971-t:1585-v:78453.0)-(t:7.993-t:1586-v:78442.0)-(t:7.994-t:1587-v:78441.0)-(t:8.012-t:1588-v:78221.0)-(t:8.014-t:1589-v:78141.0)-(t:8.015-t:1590-v:78097.0)-(t:8.044-t:1591-v:78024.0)-(t:8.045-t:1592-v:78004.0)-(t:8.086-t:1593-v:77970.0)-(t:8.087-t:1594-v:77950.0)-(t:8.108-t:1595-v:77902.0)-(t:8.112-t:1596-v:77839.0)-(t:8.112-t:1597-v:77837.0)-(t:8.112-t:1598-v:77760.0)-(t:8.117-t:1599-v:77733.0)-(t:8.127-t:1600-v:77650.0)-(t:8.132-t:1601-v:77623.0)-(t:8.144-t:1602-v:77582.0)-(t:8.146-t:1603-v:77579.0)-(t:8.147-t:1604-v:77519.0)-(t:8.147-t:1605-v:77440.0)-(t:8.163-t:1606-v:77425.0)-(t:8.174-t:1607-v:77359.0)-(t:8.179-t:1608-v:77344.0)-(t:8.196-t:1609-v:77337.0)-(t:8.206-t:1610-v:77328.0)-(t:8.222-t:1611-v:77294.0)-(t:8.227-t:1612-v:77293.0)-(t:8.235-t:1613-v:77254.0)-(t:8.236-t:1614-v:77174.0)-(t:8.238-t:1615-v:77130.0)-(t:8.250-t:1616-v:77087.0)-(t:8.253-t:1617-v:76958.0)-(t:8.265-t:1618-v:76931.0)-(t:8.292-t:1619-v:76927.0)-(t:8.296-t:1620-v:76921.0)-(t:8.296-t:1621-v:76830.0)-(t:8.309-t:1622-v:76828.0)-(t:8.326-t:1623-v:76785.0)-(t:8.340-t:1624-v:76783.0)-(t:8.357-t:1625-v:76764.0)-(t:8.368-t:1626-v:76744.0)-(t:8.384-t:1627-v:76613.0)-(t:8.387-t:1628-v:76609.0)-(t:8.401-t:1629-v:76561.0)-(t:8.414-t:1630-v:76506.0)-(t:8.430-t:1631-v:76500.0)-(t:8.446-t:1632-v:76495.0)-(t:8.465-t:1633-v:76463.0)-(t:8.482-t:1634-v:76366.0)-(t:8.499-t:1635-v:76357.0)-(t:8.517-t:1636-v:76340.0)-(t:8.530-t:1637-v:76333.0)-(t:8.543-t:1638-v:76309.0)-(t:8.575-t:1639-v:76208.0)-(t:8.585-t:1640-v:76203.0)-(t:8.599-t:1641-v:76188.0)-(t:8.609-t:1642-v:76164.0)-(t:8.620-t:1643-v:75843.0)-(t:8.634-t:1644-v:75811.0)-(t:8.634-t:1645-v:75800.0)-(t:8.646-t:1646-v:75736.0)-(t:8.664-t:1647-v:75724.0)-(t:8.675-t:1648-v:75708.0)-(t:8.689-t:1649-v:75699.0)-(t:8.692-t:1650-v:75641.0)-(t:8.692-t:1651-v:75618.0)-(t:8.702-t:1652-v:75610.0)-(t:8.706-t:1653-v:75551.0)-(t:8.718-t:1654-v:75541.0)-(t:8.718-t:1655-v:75539.0)-(t:8.723-t:1656-v:75536.0)-(t:8.741-t:1657-v:75510.0)-(t:8.754-t:1658-v:75386.0)-(t:8.772-t:1659-v:75385.0)-(t:8.774-t:1660-v:75373.0)-(t:8.789-t:1661-v:75365.0)-(t:8.804-t:1662-v:75328.0)-(t:8.824-t:1663-v:75260.0)-(t:8.838-t:1664-v:75229.0)-(t:8.839-t:1665-v:75207.0)-(t:8.854-t:1666-v:75191.0)-(t:8.872-t:1667-v:75100.0)-(t:8.882-t:1668-v:75094.0)-(t:8.883-t:1669-v:75070.0)-(t:8.898-t:1670-v:75061.0)-(t:8.909-t:1671-v:74917.0)-(t:8.921-t:1672-v:74865.0)-(t:8.935-t:1673-v:74820.0)-(t:8.944-t:1674-v:74817.0)-(t:8.957-t:1675-v:74807.0)-(t:8.967-t:1676-v:74802.0)-(t:8.977-t:1677-v:74786.0)-(t:8.985-t:1678-v:74783.0)-(t:8.998-t:1679-v:74768.0)-(t:9.022-t:1680-v:74748.0)-(t:9.034-t:1681-v:74747.0)-(t:9.046-t:1682-v:74688.0)-(t:9.064-t:1683-v:74684.0)-(t:9.070-t:1684-v:74680.0)-(t:9.071-t:1685-v:74649.0)-(t:9.076-t:1686-v:74647.0)-(t:9.092-t:1687-v:74591.0)-(t:9.107-t:1688-v:74565.0)-(t:9.111-t:1689-v:74557.0)-(t:9.141-t:1690-v:74539.0)-(t:9.145-t:1691-v:74479.0)-(t:9.145-t:1692-v:74470.0)-(t:9.145-t:1693-v:74439.0)-(t:9.161-t:1694-v:74349.0)-(t:9.176-t:1695-v:74296.0)-(t:9.190-t:1696-v:74271.0)-(t:9.193-t:1697-v:74256.0)-(t:9.212-t:1698-v:74253.0)-(t:9.226-t:1699-v:74236.0)-(t:9.239-t:1700-v:74234.0)-(t:9.251-t:1701-v:74214.0)-(t:9.265-t:1702-v:74195.0)-(t:9.284-t:1703-v:74162.0)-(t:9.304-t:1704-v:74136.0)-(t:9.320-t:1705-v:74113.0)-(t:9.332-t:1706-v:74042.0)-(t:9.351-t:1707-v:74039.0)-(t:9.364-t:1708-v:74036.0)-(t:9.395-t:1709-v:74025.0)-(t:9.414-t:1710-v:73920.0)-(t:9.420-t:1711-v:73907.0)-(t:9.420-t:1712-v:73858.0)-(t:9.434-t:1713-v:73827.0)-(t:9.448-t:1714-v:73822.0)-(t:9.463-t:1715-v:73715.0)-(t:9.467-t:1716-v:73539.0)-(t:9.482-t:1717-v:73243.0)-(t:9.482-t:1718-v:73179.0)-(t:9.496-t:1719-v:73162.0)-(t:9.512-t:1720-v:73154.0)-(t:9.551-t:1721-v:73140.0)-(t:9.581-t:1722-v:73126.0)-(t:9.600-t:1723-v:73123.0)-(t:9.619-t:1724-v:73090.0)-(t:9.634-t:1725-v:73081.0)-(t:9.650-t:1726-v:73051.0)-(t:9.665-t:1727-v:73021.0)-(t:9.685-t:1728-v:72975.0)-(t:9.685-t:1729-v:72830.0)-(t:9.705-t:1730-v:72823.0)-(t:9.720-t:1731-v:72818.0)-(t:9.734-t:1732-v:72789.0)-(t:9.750-t:1733-v:72683.0)-(t:9.765-t:1734-v:72633.0)-(t:9.781-t:1735-v:72566.0)-(t:9.781-t:1736-v:72468.0)-(t:9.794-t:1737-v:72466.0)-(t:9.809-t:1738-v:72460.0)-(t:9.825-t:1739-v:72453.0)-(t:9.845-t:1740-v:72298.0)-(t:9.865-t:1741-v:72265.0)-(t:9.886-t:1742-v:72191.0)-(t:9.902-t:1743-v:72061.0)-(t:9.918-t:1744-v:72041.0)-(t:9.922-t:1745-v:71896.0)-(t:9.943-t:1746-v:71888.0)-(t:9.966-t:1747-v:71869.0)-(t:9.981-t:1748-v:71862.0)-(t:10.003-t:1749-v:71839.0)-(t:10.025-t:1750-v:71811.0)-(t:10.041-t:1751-v:71764.0)-(t:10.064-t:1752-v:71738.0)-(t:10.068-t:1753-v:71604.0)-(t:10.085-t:1754-v:71570.0)-(t:10.092-t:1755-v:71421.0)-(t:10.109-t:1756-v:71374.0)-(t:10.113-t:1757-v:71355.0)-(t:10.114-t:1758-v:71338.0)-(t:10.114-t:1759-v:71335.0)-(t:10.117-t:1760-v:71306.0)-(t:10.117-t:1761-v:71299.0)-(t:10.133-t:1762-v:71200.0)-(t:10.150-t:1763-v:71079.0)-(t:10.150-t:1764-v:71043.0)-(t:10.156-t:1765-v:71041.0)-(t:10.157-t:1766-v:71036.0)-(t:10.173-t:1767-v:71011.0)-(t:10.194-t:1768-v:71006.0)-(t:10.199-t:1769-v:70972.0)-(t:10.217-t:1770-v:70970.0)-(t:10.239-t:1771-v:70931.0)-(t:10.261-t:1772-v:70920.0)-(t:10.275-t:1773-v:70893.0)-(t:10.296-t:1774-v:70880.0)-(t:10.316-t:1775-v:70811.0)-(t:10.322-t:1776-v:70786.0)-(t:10.338-t:1777-v:70775.0)-(t:10.354-t:1778-v:70741.0)-(t:10.371-t:1779-v:70681.0)-(t:10.387-t:1780-v:70674.0)-(t:10.403-t:1781-v:70617.0)-(t:10.404-t:1782-v:70491.0)-(t:10.427-t:1783-v:70490.0)-(t:10.444-t:1784-v:70478.0)-(t:10.460-t:1785-v:70477.0)-(t:10.484-t:1786-v:70429.0)-(t:10.500-t:1787-v:70382.0)-(t:10.517-t:1788-v:70373.0)-(t:10.534-t:1789-v:70372.0)-(t:10.551-t:1790-v:70246.0)-(t:10.566-t:1791-v:70236.0)-(t:10.584-t:1792-v:70190.0)-(t:10.601-t:1793-v:70165.0)-(t:10.607-t:1794-v:70160.0)-(t:10.613-t:1795-v:70078.0)-(t:10.613-t:1796-v:70052.0)-(t:10.635-t:1797-v:70038.0)-(t:10.659-t:1798-v:70023.0)-(t:10.676-t:1799-v:70011.0)-(t:10.691-t:1800-v:69937.0)-(t:10.707-t:1801-v:69929.0)-(t:10.726-t:1802-v:69877.0)-(t:10.739-t:1803-v:69844.0)-(t:10.759-t:1804-v:69834.0)-(t:10.774-t:1805-v:69818.0)-(t:10.778-t:1806-v:69802.0)-(t:10.794-t:1807-v:69726.0)-(t:10.795-t:1808-v:69659.0)-(t:10.812-t:1809-v:69646.0)-(t:10.829-t:1810-v:69628.0)-(t:10.849-t:1811-v:69622.0)-(t:10.871-t:1812-v:69565.0)-(t:10.886-t:1813-v:69562.0)-(t:10.889-t:1814-v:69556.0)-(t:10.903-t:1815-v:69541.0)-(t:10.921-t:1816-v:69425.0)-(t:10.937-t:1817-v:69419.0)-(t:10.942-t:1818-v:69401.0)-(t:10.964-t:1819-v:69394.0)-(t:10.974-t:1820-v:69386.0)-(t:10.993-t:1821-v:69380.0)-(t:11.013-t:1822-v:69258.0)-(t:11.035-t:1823-v:69211.0)-(t:11.059-t:1824-v:69200.0)-(t:11.060-t:1825-v:69191.0)-(t:11.067-t:1826-v:69131.0)-(t:11.075-t:1827-v:69129.0)-(t:11.076-t:1828-v:69126.0)-(t:11.095-t:1829-v:69124.0)-(t:11.118-t:1830-v:69108.0)-(t:11.142-t:1831-v:69080.0)-(t:11.160-t:1832-v:69011.0)-(t:11.179-t:1833-v:68969.0)-(t:11.185-t:1834-v:68866.0)-(t:11.204-t:1835-v:68840.0)-(t:11.223-t:1836-v:68839.0)-(t:11.242-t:1837-v:68838.0)-(t:11.267-t:1838-v:68827.0)-(t:11.288-t:1839-v:68821.0)-(t:11.311-t:1840-v:68790.0)-(t:11.328-t:1841-v:68783.0)-(t:11.345-t:1842-v:68782.0)-(t:11.362-t:1843-v:68648.0)-(t:11.378-t:1844-v:68589.0)-(t:11.391-t:1845-v:68562.0)-(t:11.415-t:1846-v:68543.0)-(t:11.415-t:1847-v:68408.0)-(t:11.433-t:1848-v:68335.0)-(t:11.437-t:1849-v:68333.0)-(t:11.456-t:1850-v:68191.0)-(t:11.480-t:1851-v:68188.0)-(t:11.483-t:1852-v:68182.0)-(t:11.486-t:1853-v:68180.0)-(t:11.505-t:1854-v:68173.0)-(t:11.514-t:1855-v:68117.0)-(t:11.521-t:1856-v:68113.0)-(t:11.530-t:1857-v:68084.0)-(t:11.543-t:1858-v:68066.0)-(t:11.550-t:1859-v:68052.0)-(t:11.562-t:1860-v:68050.0)-(t:11.574-t:1861-v:68035.0)-(t:11.587-t:1862-v:68033.0)-(t:11.599-t:1863-v:67896.0)-(t:11.606-t:1864-v:67884.0)-(t:11.620-t:1865-v:67848.0)-(t:11.628-t:1866-v:67829.0)-(t:11.636-t:1867-v:67827.0)-(t:11.648-t:1868-v:67825.0)-(t:11.656-t:1869-v:67644.0)-(t:11.669-t:1870-v:67642.0)-(t:11.680-t:1871-v:67640.0)-(t:11.693-t:1872-v:67603.0)-(t:11.701-t:1873-v:67601.0)-(t:11.709-t:1874-v:67598.0)-(t:11.716-t:1875-v:67595.0)-(t:11.731-t:1876-v:67584.0)-(t:11.739-t:1877-v:67542.0)-(t:11.754-t:1878-v:67540.0)-(t:11.762-t:1879-v:67538.0)-(t:11.774-t:1880-v:67536.0)-(t:11.781-t:1881-v:67507.0)-(t:11.794-t:1882-v:67495.0)-(t:11.808-t:1883-v:67493.0)-(t:11.816-t:1884-v:67491.0)-(t:11.829-t:1885-v:67489.0)-(t:11.835-t:1886-v:67450.0)-(t:11.844-t:1887-v:67437.0)-(t:11.854-t:1888-v:67431.0)-(t:11.862-t:1889-v:67429.0)-(t:11.869-t:1890-v:67426.0)-(t:11.876-t:1891-v:67425.0)-(t:11.889-t:1892-v:67414.0)-(t:11.907-t:1893-v:67392.0)-(t:11.908-t:1894-v:67375.0)-(t:11.925-t:1895-v:67369.0)-(t:11.948-t:1896-v:67353.0)-(t:11.967-t:1897-v:67300.0)-(t:11.985-t:1898-v:67299.0)-(t:12.009-t:1899-v:67264.0)-(t:13.573-t:2097-v:67222.0)-(t:13.574-t:2098-v:67131.0)-(t:13.575-t:2099-v:67107.0)-(t:13.576-t:2100-v:67099.0)-(t:13.606-t:2101-v:67046.0)-(t:13.657-t:2102-v:67036.0)-(t:13.658-t:2103-v:67014.0)-(t:13.661-t:2104-v:66973.0)-(t:13.678-t:2105-v:66965.0)-(t:13.679-t:2106-v:66915.0)-(t:13.711-t:2107-v:66908.0)-(t:13.753-t:2108-v:66904.0)-(t:13.782-t:2109-v:66892.0)-(t:13.796-t:2110-v:66852.0)-(t:13.858-t:2111-v:66799.0)-(t:15.780-t:2449-v:66706.0)-(t:15.808-t:2450-v:66704.0)-(t:15.854-t:2451-v:66694.0)-(t:15.883-t:2452-v:66674.0)-(t:15.911-t:2453-v:66670.0)-(t:15.955-t:2454-v:66666.0)-(t:15.983-t:2455-v:66646.0)-(t:15.998-t:2456-v:66637.0)-(t:16.041-t:2457-v:66619.0)-(t:16.069-t:2458-v:66617.0)-(t:16.097-t:2459-v:66616.0)-(t:16.134-t:2460-v:66551.0)-(t:16.181-t:2461-v:66544.0)-(t:16.210-t:2462-v:66542.0)-(t:16.256-t:2463-v:66527.0)-(t:16.258-t:2464-v:66432.0)-(t:16.291-t:2465-v:66429.0)-(t:16.292-t:2466-v:66418.0)-(t:16.320-t:2467-v:66335.0)-(t:16.377-t:2468-v:66322.0)-(t:16.383-t:2469-v:66316.0)-(t:16.414-t:2470-v:66310.0)-(t:16.468-t:2471-v:66309.0)-(t:16.496-t:2472-v:66302.0)-(t:16.554-t:2473-v:66297.0)-(t:16.574-t:2474-v:66276.0)-(t:16.620-t:2475-v:66221.0)-(t:16.625-t:2476-v:66194.0)-(t:16.640-t:2477-v:66184.0)-(t:16.644-t:2478-v:66139.0)-(t:16.672-t:2479-v:66116.0)-(t:16.701-t:2480-v:66108.0)-(t:18.401-t:2758-v:66050.0)-(t:18.413-t:2759-v:66048.0)-(t:18.420-t:2760-v:66046.0)-(t:18.432-t:2761-v:65890.0)-(t:18.440-t:2762-v:65887.0)-(t:18.453-t:2763-v:65881.0)-(t:18.465-t:2764-v:65879.0)-(t:18.471-t:2765-v:65876.0)-(t:18.480-t:2766-v:65873.0)-(t:18.486-t:2767-v:65862.0)-(t:18.494-t:2768-v:65844.0)-(t:18.503-t:2769-v:65827.0)-(t:18.516-t:2770-v:65655.0)-(t:18.527-t:2771-v:65649.0)-(t:18.534-t:2772-v:65640.0)-(t:18.541-t:2773-v:65636.0)-(t:18.555-t:2774-v:65630.0)-(t:18.555-t:2775-v:65436.0)-(t:18.564-t:2776-v:65301.0)-(t:18.573-t:2777-v:65290.0)-(t:18.582-t:2778-v:65288.0)-(t:18.593-t:2779-v:65285.0)-(t:18.601-t:2780-v:65257.0)-(t:18.608-t:2781-v:65246.0)-(t:18.620-t:2782-v:65038.0)-(t:18.628-t:2783-v:65027.0)-(t:18.641-t:2784-v:65025.0)-(t:18.649-t:2785-v:64971.0)-(t:18.662-t:2786-v:64898.0)-(t:18.676-t:2787-v:64895.0)-(t:18.676-t:2788-v:64883.0)-(t:18.699-t:2789-v:64877.0)-(t:20.608-t:3176-v:64852.0)-(t:20.613-t:3177-v:64808.0)-(t:22.474-t:3586-v:64805.0)-(t:92.835-t:19934-v:64796.0)-(t:94.199-t:20126-v:64656.0)-(t:94.204-t:20127-v:64530.0)-(t:94.223-t:20128-v:64516.0)-(t:118.107-t:26054-v:64502.0)-(t:118.122-t:26055-v:64495.0)-(t:118.138-t:26056-v:64464.0)-(t:118.152-t:26057-v:64379.0)-(t:118.169-t:26058-v:64364.0)-(t:118.183-t:26059-v:64361.0)-(t:118.195-t:26060-v:64325.0)-(t:118.210-t:26061-v:64317.0)-(t:118.228-t:26062-v:64242.0)-(t:118.243-t:26063-v:64219.0)-(t:118.260-t:26064-v:64215.0)-(t:118.274-t:26065-v:64185.0)-(t:118.294-t:26066-v:64157.0)-(t:119.507-t:26282-v:64146.0)-(t:119.522-t:26283-v:64092.0)-(t:119.540-t:26284-v:64069.0)-(t:119.559-t:26285-v:64067.0)-(t:119.562-t:26286-v:64064.0)-(t:119.562-t:26287-v:63971.0)-(t:119.581-t:26288-v:63956.0)-(t:119.596-t:26289-v:63951.0)-(t:119.599-t:26290-v:63948.0)-(t:119.601-t:26291-v:63932.0)-(t:119.605-t:26292-v:63900.0)-(t:119.605-t:26293-v:63897.0)-(t:119.618-t:26294-v:63886.0)-(t:119.619-t:26295-v:63881.0)-(t:119.632-t:26296-v:63853.0)-(t:119.646-t:26297-v:63851.0)-(t:119.649-t:26298-v:63817.0)-(t:119.650-t:26299-v:63815.0)-(t:119.651-t:26300-v:63804.0)-(t:119.663-t:26301-v:63796.0)-(t:119.676-t:26302-v:63738.0)-(t:119.676-t:26303-v:63714.0)-(t:119.693-t:26304-v:63713.0)-(t:119.706-t:26305-v:63657.0)-(t:119.725-t:26306-v:63628.0)-(t:119.725-t:26307-v:63610.0)-(t:119.737-t:26308-v:63609.0)-(t:119.741-t:26309-v:63596.0)-(t:119.741-t:26310-v:63491.0)-(t:119.741-t:26311-v:63437.0)-(t:119.744-t:26312-v:63397.0)-(t:119.745-t:26313-v:63396.0)-(t:119.745-t:26314-v:63392.0)-(t:119.746-t:26315-v:63369.0)-(t:119.747-t:26316-v:63337.0)-(t:119.748-t:26317-v:63304.0)-(t:119.766-t:26318-v:63281.0)-(t:119.783-t:26319-v:63265.0)-(t:119.799-t:26320-v:63258.0)-(t:119.807-t:26321-v:63256.0)-(t:119.825-t:26322-v:63242.0)-(t:119.840-t:26323-v:63164.0)-(t:119.861-t:26324-v:63135.0)-(t:119.877-t:26325-v:63131.0)-(t:119.896-t:26326-v:63125.0)-(t:119.916-t:26327-v:63108.0)-(t:119.936-t:26328-v:63084.0)-(t:119.951-t:26329-v:63079.0)-(t:119.966-t:26330-v:63044.0)-(t:119.982-t:26331-v:63037.0)-(t:119.997-t:26332-v:63036.0)-(t:120.011-t:26333-v:63013.0)-(t:120.031-t:26334-v:62984.0)-(t:120.050-t:26335-v:62978.0)-(t:120.069-t:26336-v:62966.0)-(t:120.085-t:26337-v:62950.0)-(t:120.106-t:26338-v:62932.0)-(t:120.122-t:26339-v:62887.0)-(t:120.145-t:26340-v:62685.0)-(t:121.554-t:26535-v:62673.0)-(t:121.573-t:26536-v:62647.0)-(t:121.577-t:26537-v:62512.0)-(t:121.597-t:26538-v:62461.0)-(t:121.615-t:26539-v:62447.0)-(t:444.132-t:102483-v:62425.0)-(t:444.132-t:102484-v:62414.0)-(t:444.133-t:102485-v:62378.0)-(t:444.133-t:102486-v:62369.0)-(t:444.155-t:102487-v:62219.0)-(t:444.159-t:102488-v:62154.0)-(t:444.159-t:102489-v:62076.0)],209.196
examples/tsp/tsplib/rat783.tsp,bestslopefirst,r1,900,0,59686.299,[(t:4.482-t:1611-v:64541.867)-(t:4.483-t:1612-v:63510.353)-(t:6.502-t:2006-v:60929.085)-(t:6.503-t:2007-v:60916.531)-(t:6.503-t:2008-v:60908.564)-(t:6.503-t:2009-v:60906.657)-(t:6.503-t:2010-v:60897.239)-(t:6.503-t:2011-v:60859.802)-(t:6.503-t:2012-v:60848.07)-(t:6.504-t:2013-v:60837.269)-(t:6.504-t:2014-v:60831.09)-(t:6.504-t:2015-v:60827.573)-(t:6.504-t:2016-v:60807.971)-(t:6.504-t:2017-v:60795.791)-(t:6.505-t:2018-v:60776.045)-(t:6.505-t:2019-v:60746.648)-(t:6.505-t:2020-v:60734.663)-(t:6.506-t:2021-v:60715.46)-(t:6.506-t:2022-v:60700.209)-(t:6.506-t:2023-v:60700.063)-(t:6.506-t:2024-v:60696.546)-(t:6.506-t:2025-v:60696.375)-(t:6.506-t:2026-v:60684.685)-(t:6.507-t:2027-v:60682.572)-(t:6.507-t:2028-v:60654.272)-(t:6.509-t:2029-v:60654.15)-(t:6.509-t:2030-v:60596.534)-(t:6.510-t:2031-v:60588.318)-(t:6.510-t:2032-v:60588.191)-(t:6.510-t:2033-v:60549.297)-(t:6.510-t:2034-v:60542.483)-(t:6.510-t:2035-v:60541.031)-(t:6.510-t:2036-v:60511.97)-(t:6.511-t:2037-v:60508.716)-(t:6.511-t:2038-v:60508.341)-(t:6.511-t:2039-v:60506.945)-(t:6.527-t:2040-v:60500.995)-(t:6.527-t:2041-v:60485.954)-(t:6.528-t:2042-v:60461.333)-(t:6.532-t:2043-v:60459.668)-(t:6.532-t:2044-v:60457.78)-(t:6.533-t:2045-v:60449.469)-(t:6.534-t:2046-v:60433.627)-(t:6.537-t:2047-v:60425.855)-(t:6.539-t:2048-v:60401.37)-(t:6.540-t:2049-v:60372.954)-(t:6.541-t:2050-v:60366.163)-(t:6.541-t:2051-v:60360.988)-(t:6.542-t:2052-v:60353.279)-(t:6.560-t:2053-v:60347.716)-(t:6.561-t:2054-v:60343.805)-(t:6.561-t:2055-v:60343.548)-(t:6.562-t:2056-v:60340.336)-(t:6.563-t:2057-v:60326.332)-(t:6.564-t:2058-v:60322.345)-(t:6.565-t:2059-v:60314.073)-(t:6.566-t:2060-v:60292.841)-(t:6.567-t:2061-v:60285.131)-(t:6.567-t:2062-v:60280.414)-(t:6.577-t:2063-v:60270.624)-(t:6.578-t:2064-v:60265.727)-(t:6.579-t:2065-v:60261.74)-(t:6.579-t:2066-v:60260.043)-(t:6.580-t:2067-v:60259.222)-(t:6.581-t:2068-v:60225.539)-(t:6.582-t:2069-v:60190.249)-(t:6.582-t:2070-v:60187.579)-(t:6.583-t:2071-v:60116.133)-(t:6.584-t:2072-v:60104.187)-(t:238.148-t:91928-v:60089.681)-(t:238.149-t:91929-v:60084.964)-(t:238.150-t:91930-v:60075.174)-(t:238.152-t:91931-v:60070.277)-(t:238.153-t:91932-v:60066.29)-(t:238.155-t:91933-v:60064.593)-(t:238.156-t:91934-v:60063.772)-(t:238.158-t:91935-v:60038.903)-(t:238.160-t:91936-v:60019.066)-(t:238.162-t:91937-v:60000.876)-(t:238.162-t:91938-v:59991.848)-(t:238.162-t:91939-v:59989.969)-(t:238.164-t:91940-v:59987.691)-(t:238.166-t:91941-v:59968.325)-(t:253.151-t:97737-v:59949.213)-(t:565.385-t:220212-v:59936.096)-(t:565.387-t:220213-v:59925.722)-(t:565.388-t:220214-v:59916.327)-(t:565.388-t:220215-v:59916.04)-(t:565.388-t:220216-v:59915.641)-(t:565.388-t:220217-v:59889.418)-(t:565.389-t:220218-v:59883.749)-(t:565.389-t:220219-v:59878.06)-(t:565.390-t:220220-v:59873.845)-(t:565.390-t:220221-v:59871.346)-(t:565.391-t:220222-v:59860.008)-(t:565.392-t:220223-v:59831.559)-(t:565.393-t:220224-v:59829.886)-(t:565.394-t:220225-v:59804.812)-(t:861.205-t:336090-v:59789.545)-(t:861.206-t:336091-v:59783.292)-(t:861.206-t:336092-v:59772.613)-(t:861.207-t:336093-v:59759.327)-(t:861.208-t:336094-v:59755.461)-(t:861.208-t:336095-v:59747.74)-(t:861.209-t:336096-v:59746.011)-(t:861.210-t:336097-v:59740.695)-(t:861.211-t:336098-v:59708.206)-(t:861.212-t:336099-v:59697.801)-(t:861.220-t:336100-v:59686.299)],768.432
examples/tsp/tsplib/rat575.tsp,roundrobin,r1,900,0,13873.594,[(t:2.831-t:1711-v:17034.199)-(t:2.832-t:1712-v:16995.039)-(t:2.832-t:1713-v:16991.659)-(t:2.833-t:1714-v:16991.527)-(t:3.185-t:1864-v:16229.523)-(t:3.186-t:1865-v:16148.647)-(t:3.187-t:1866-v:16146.164)-(t:3.187-t:1867-v:16129.938)-(t:3.190-t:1868-v:16125.17)-(t:3.209-t:1869-v:16117.195)-(t:3.209-t:1870-v:16114.283)-(t:3.210-t:1871-v:16109.488)-(t:3.212-t:1872-v:16103.139)-(t:3.213-t:1873-v:16098.761)-(t:3.213-t:1874-v:16091.457)-(t:3.215-t:1875-v:16090.607)-(t:3.216-t:1876-v:16060.561)-(t:3.217-t:1877-v:16040.98)-(t:3.218-t:1878-v:16034.74)-(t:3.220-t:1879-v:16026.515)-(t:3.223-t:1880-v:16003.722)-(t:3.237-t:1881-v:15994.425)-(t:3.244-t:1882-v:15981.259)-(t:3.248-t:1883-v:15979.804)-(t:3.272-t:1884-v:15904.676)-(t:3.273-t:1885-v:15893.51)-(t:3.273-t:1886-v:15890.507)-(t:3.273-t:1887-v:15885.511)-(t:3.274-t:1888-v:15878.869)-(t:3.274-t:1889-v:15862.464)-(t:3.274-t:1890-v:15855.72)-(t:3.287-t:1891-v:15810.306)-(t:3.640-t:2047-v:15805.692)-(t:3.642-t:2048-v:15804.698)-(t:3.643-t:2049-v:15794.062)-(t:3.643-t:2050-v:15784.681)-(t:3.644-t:2051-v:15779.626)-(t:3.645-t:2052-v:15752.096)-(t:3.646-t:2053-v:15729.961)-(t:3.648-t:2054-v:15723.433)-(t:3.649-t:2055-v:15710.465)-(t:3.650-t:2056-v:15683.919)-(t:3.650-t:2057-v:15683.201)-(t:3.650-t:2058-v:15656.234)-(t:3.651-t:2059-v:15651.908)-(t:3.652-t:2060-v:15608.975)-(t:3.652-t:2061-v:15606.326)-(t:3.653-t:2062-v:15569.599)-(t:3.654-t:2063-v:15566.635)-(t:3.668-t:2064-v:15543.826)-(t:3.669-t:2065-v:15529.087)-(t:3.670-t:2066-v:15513.925)-(t:3.672-t:2067-v:15503.763)-(t:3.673-t:2068-v:15501.912)-(t:3.674-t:2069-v:15487.201)-(t:3.675-t:2070-v:15458.378)-(t:3.677-t:2071-v:15435.275)-(t:3.678-t:2072-v:15431.642)-(t:3.680-t:2073-v:15428.332)-(t:8.897-t:5289-v:15271.653)-(t:8.897-t:5290-v:15260.074)-(t:8.897-t:5291-v:15256.08)-(t:8.897-t:5292-v:15218.139)-(t:8.898-t:5293-v:15216.917)-(t:8.901-t:5294-v:14992.241)-(t:8.901-t:5295-v:14990.199)-(t:8.901-t:5296-v:14978.96)-(t:8.901-t:5297-v:14978.498)-(t:8.901-t:5298-v:14970.047)-(t:8.901-t:5299-v:14953.178)-(t:8.901-t:5300-v:14943.17)-(t:8.902-t:5301-v:14940.42)-(t:8.902-t:5302-v:14933.614)-(t:8.902-t:5303-v:14933.359)-(t:8.902-t:5304-v:14914.206)-(t:8.902-t:5305-v:14906.902)-(t:8.903-t:5306-v:14887.562)-(t:8.903-t:5307-v:14865.622)-(t:8.903-t:5308-v:14862.885)-(t:8.903-t:5309-v:14828.272)-(t:8.904-t:5310-v:14816.644)-(t:8.904-t:5311-v:14816.215)-(t:8.905-t:5312-v:14805.777)-(t:8.905-t:5313-v:14800.955)-(t:8.906-t:5314-v:14797.502)-(t:8.988-t:5464-v:14357.598)-(t:8.988-t:5465-v:14258.965)-(t:8.988-t:5466-v:14256.053)-(t:8.988-t:5467-v:14248.084)-(t:8.988-t:5468-v:14241.735)-(t:8.988-t:5469-v:14239.692)-(t:8.988-t:5470-v:14231.761)-(t:8.989-t:5471-v:14220.627)-(t:8.989-t:5472-v:14217.444)-(t:8.989-t:5473-v:14199.506)-(t:8.989-t:5474-v:14192.202)-(t:8.989-t:5475-v:14184.227)-(t:8.989-t:5476-v:14099.468)-(t:8.990-t:5477-v:14097.383)-(t:8.992-t:5478-v:14096.742)-(t:8.992-t:5479-v:14073.933)-(t:9.003-t:5480-v:14070.292)-(t:28.349-t:21426-v:13881.735)-(t:28.354-t:21427-v:13877.991)-(t:28.354-t:21428-v:13873.594)],462.461
examples/tsp/tsplib/rat195.tsp,roundrobin,r1,900,0,4034.175,[(t:1.706-t:477-v:4965.788)-(t:1.707-t:478-v:4410.445)-(t:2.107-t:620-v:4404.012)-(t:2.108-t:621-v:4394.999)-(t:2.109-t:622-v:4354.387)-(t:2.110-t:623-v:4343.606)-(t:2.112-t:624-v:4325.439)-(t:2.127-t:625-v:4324.381)-(t:2.128-t:626-v:4320.753)-(t:2.128-t:627-v:4313.341)-(t:2.129-t:628-v:4299.591)-(t:2.130-t:629-v:4284.514)-(t:2.131-t:630-v:4274.98)-(t:2.132-t:631-v:4266.723)-(t:2.148-t:632-v:4255.31)-(t:2.149-t:633-v:4250.589)-(t:2.152-t:634-v:4235.825)-(t:2.154-t:635-v:4223.798)-(t:2.155-t:636-v:4214.683)-(t:2.157-t:637-v:4206.182)-(t:2.158-t:638-v:4205.843)-(t:2.173-t:639-v:4196.626)-(t:2.175-t:640-v:4180.399)-(t:2.177-t:641-v:4162.232)-(t:2.178-t:642-v:4151.812)-(t:18.786-t:21812-v:4149.87)-(t:18.791-t:21813-v:4141.555)-(t:18.833-t:21937-v:4127.078)-(t:18.833-t:21938-v:4125.916)-(t:18.834-t:21939-v:4123.254)-(t:18.834-t:21940-v:4088.763)-(t:18.835-t:21941-v:4070.935)-(t:18.853-t:21942-v:4064.071)-(t:18.855-t:21943-v:4056.202)-(t:18.856-t:21944-v:4045.747)-(t:18.858-t:21945-v:4044.143)-(t:18.859-t:21946-v:4043.783)-(t:18.859-t:21947-v:4037.851)-(t:18.859-t:21948-v:4034.175)],383.029
examples/tsp/tsplib/rat195.tsp,bestslopefirst,r1,900,0,3620.644,[(t:1.383-t:249-v:4507.368)-(t:1.384-t:250-v:4495.64)-(t:1.390-t:251-v:4011.565)-(t:1.391-t:252-v:4003.25)-(t:1.889-t:362-v:3894.838)-(t:1.905-t:363-v:3886.872)-(t:4.739-t:2191-v:3877.812)-(t:4.739-t:2192-v:3869.746)-(t:4.740-t:2193-v:3867.249)-(t:121.772-t:169950-v:3838.612)-(t:130.410-t:182290-v:3832.959)-(t:130.411-t:182291-v:3827.103)-(t:130.411-t:182292-v:3825.529)-(t:130.411-t:182293-v:3808.418)-(t:130.412-t:182294-v:3803.784)-(t:130.412-t:182295-v:3798.785)-(t:249.358-t:350513-v:3793.051)-(t:249.359-t:350514-v:3775.804)-(t:249.359-t:350515-v:3759.774)-(t:249.360-t:350516-v:3750.218)-(t:249.360-t:350517-v:3733.991)-(t:249.360-t:350518-v:3715.824)-(t:249.366-t:350519-v:3707.49)-(t:257.580-t:362574-v:3700.572)-(t:257.581-t:362575-v:3676.874)-(t:257.581-t:362576-v:3672.398)-(t:257.582-t:362577-v:3649.721)-(t:257.583-t:362578-v:3631.554)-(t:257.589-t:362579-v:3620.644)],332.411
examples/tsp/tsplib/kroB100.tsp,random,r1,900,0,34849.402,[(t:0.968-t:278-v:103168.358)-(t:0.969-t:279-v:102697.178)-(t:0.969-t:280-v:102018.562)-(t:0.970-t:281-v:102017.337)-(t:0.970-t:282-v:101962.483)-(t:0.971-t:283-v:101426.427)-(t:0.972-t:284-v:100511.329)-(t:0.982-t:285-v:100362.318)-(t:0.984-t:286-v:100142.932)-(t:0.986-t:287-v:100085.705)-(t:0.987-t:288-v:100066.94)-(t:0.990-t:289-v:99651.944)-(t:0.990-t:290-v:99444.31)-(t:0.991-t:291-v:99414.436)-(t:1.007-t:292-v:99272.185)-(t:1.007-t:293-v:99140.175)-(t:1.010-t:294-v:99104.367)-(t:1.011-t:295-v:99004.665)-(t:1.011-t:296-v:98936.506)-(t:1.012-t:297-v:98779.83)-(t:1.013-t:298-v:98389.959)-(t:1.014-t:299-v:98366.07)-(t:1.015-t:300-v:97761.924)-(t:1.016-t:301-v:97746.22)-(t:1.033-t:302-v:97737.276)-(t:1.034-t:303-v:97332.493)-(t:1.035-t:304-v:97311.269)-(t:1.036-t:305-v:97205.159)-(t:1.039-t:306-v:96718.773)-(t:1.040-t:307-v:96476.202)-(t:1.041-t:308-v:96445.088)-(t:1.043-t:309-v:96244.676)-(t:1.049-t:310-v:96220.001)-(t:1.051-t:311-v:96212.815)-(t:1.053-t:312-v:95954.01)-(t:1.068-t:313-v:95723.685)-(t:1.069-t:314-v:95714.741)-(t:1.070-t:315-v:95291.509)-(t:1.073-t:316-v:95250.334)-(t:1.078-t:317-v:94953.619)-(t:1.086-t:318-v:94847.677)-(t:1.099-t:319-v:94797.928)-(t:1.102-t:320-v:94739.408)-(t:1.105-t:321-v:94490.066)-(t:1.108-t:322-v:94400.18)-(t:1.120-t:323-v:94156.388)-(t:1.124-t:324-v:93269.119)-(t:1.125-t:325-v:93075.968)-(t:1.126-t:326-v:92833.613)-(t:1.137-t:327-v:92437.817)-(t:1.141-t:328-v:92149.739)-(t:1.144-t:329-v:91278.847)-(t:1.161-t:330-v:91242.057)-(t:1.164-t:331-v:91208.802)-(t:1.165-t:332-v:91016.896)-(t:1.167-t:333-v:90492.457)-(t:1.168-t:334-v:89866.333)-(t:1.170-t:335-v:89787.671)-(t:1.172-t:336-v:89697.32)-(t:1.172-t:337-v:88816.958)-(t:1.176-t:338-v:88712.027)-(t:1.178-t:339-v:88188.896)-(t:1.190-t:340-v:87902.851)-(t:1.206-t:341-v:87626.901)-(t:1.209-t:342-v:87446.522)-(t:1.214-t:343-v:84996.58)-(t:1.232-t:344-v:84867.248)-(t:1.240-t:345-v:84636.283)-(t:1.244-t:346-v:84180.247)-(t:1.247-t:347-v:83938.377)-(t:1.265-t:348-v:83161.569)-(t:1.270-t:349-v:81878.274)-(t:1.274-t:350-v:80708.352)-(t:1.290-t:351-v:80705.964)-(t:1.296-t:352-v:80523.09)-(t:1.314-t:353-v:80299.753)-(t:1.321-t:354-v:80216.474)-(t:1.325-t:355-v:79943.289)-(t:1.325-t:356-v:79750.62)-(t:1.326-t:357-v:79453.328)-(t:1.326-t:358-v:79396.956)-(t:1.339-t:359-v:79102.628)-(t:1.339-t:360-v:78663.752)-(t:1.340-t:361-v:78520.605)-(t:1.340-t:362-v:78411.398)-(t:1.341-t:363-v:78247.359)-(t:1.343-t:364-v:78176.651)-(t:1.347-t:365-v:78038.471)-(t:1.350-t:366-v:77652.258)-(t:1.358-t:367-v:77408.757)-(t:1.373-t:368-v:77364.776)-(t:1.375-t:369-v:77302.939)-(t:1.379-t:370-v:77301.271)-(t:1.384-t:371-v:76965.708)-(t:1.390-t:372-v:76872.768)-(t:1.394-t:373-v:76718.524)-(t:1.395-t:374-v:76597.859)-(t:1.395-t:375-v:76110.597)-(t:1.411-t:376-v:76007.291)-(t:1.411-t:377-v:75500.633)-(t:1.411-t:378-v:74803.531)-(t:1.412-t:379-v:74400.758)-(t:1.412-t:380-v:74314.859)-(t:1.417-t:381-v:73470.611)-(t:1.421-t:382-v:73452.057)-(t:1.438-t:383-v:73256.823)-(t:1.439-t:384-v:72929.06)-(t:1.439-t:385-v:72316.986)-(t:1.440-t:386-v:71766.021)-(t:1.441-t:387-v:71733.926)-(t:1.442-t:388-v:71458.464)-(t:1.443-t:389-v:71265.492)-(t:1.444-t:390-v:71206.22)-(t:1.446-t:391-v:70966.583)-(t:1.447-t:392-v:70943.937)-(t:1.463-t:393-v:70761.797)-(t:1.465-t:394-v:70661.738)-(t:1.468-t:395-v:70483.47)-(t:1.469-t:396-v:69866.401)-(t:1.471-t:397-v:69861.134)-(t:1.474-t:398-v:69792.975)-(t:1.474-t:399-v:69678.953)-(t:1.480-t:400-v:69218.382)-(t:1.483-t:401-v:69190.304)-(t:1.484-t:402-v:69065.652)-(t:1.506-t:403-v:67080.657)-(t:1.507-t:404-v:67067.529)-(t:1.509-t:405-v:66966.33)-(t:1.510-t:406-v:66905.475)-(t:1.511-t:407-v:66895.593)-(t:1.512-t:408-v:66430.889)-(t:1.514-t:409-v:66332.011)-(t:1.515-t:410-v:66290.941)-(t:1.518-t:411-v:66275.424)-(t:1.522-t:412-v:65805.781)-(t:1.543-t:413-v:65700.493)-(t:1.546-t:414-v:65673.744)-(t:1.564-t:415-v:65083.039)-(t:1.565-t:416-v:65078.461)-(t:1.565-t:417-v:64729.083)-(t:1.567-t:418-v:64701.786)-(t:1.571-t:419-v:64389.999)-(t:1.574-t:420-v:64297.243)-(t:1.574-t:421-v:64194.851)-(t:1.593-t:422-v:64186.339)-(t:1.595-t:423-v:64003.977)-(t:1.595-t:424-v:63679.711)-(t:1.597-t:425-v:63652.901)-(t:1.598-t:426-v:63365.973)-(t:1.599-t:427-v:62687.331)-(t:1.600-t:428-v:62550.652)-(t:1.600-t:429-v:62511.325)-(t:1.604-t:430-v:61894.221)-(t:1.606-t:431-v:61887.377)-(t:1.606-t:432-v:61835.842)-(t:1.623-t:433-v:61422.882)-(t:1.626-t:434-v:61323.882)-(t:1.627-t:435-v:61288.056)-(t:1.642-t:436-v:60883.34)-(t:1.642-t:437-v:60845.643)-(t:1.642-t:438-v:60045.576)-(t:1.647-t:439-v:59757.743)-(t:1.649-t:440-v:59405.1)-(t:1.650-t:441-v:59128.438)-(t:1.651-t:442-v:58974.793)-(t:1.651-t:443-v:58794.425)-(t:1.652-t:444-v:58724.689)-(t:1.670-t:445-v:58635.748)-(t:1.674-t:446-v:58604.294)-(t:1.678-t:447-v:57654.343)-(t:1.678-t:448-v:57306.62)-(t:1.679-t:449-v:56871.958)-(t:1.692-t:450-v:56842.833)-(t:1.697-t:451-v:56380.872)-(t:1.697-t:452-v:56076.283)-(t:1.698-t:453-v:55908.744)-(t:1.699-t:454-v:55906.45)-(t:1.705-t:455-v:55880.758)-(t:1.706-t:456-v:55717.567)-(t:1.706-t:457-v:55276.817)-(t:1.707-t:458-v:55128.987)-(t:1.707-t:459-v:54841.938)-(t:1.707-t:460-v:54758.749)-(t:1.707-t:461-v:54395.783)-(t:1.707-t:462-v:54138.409)-(t:1.708-t:463-v:54024.387)-(t:1.709-t:464-v:53970.781)-(t:1.710-t:465-v:53622.294)-(t:1.710-t:466-v:53605.993)-(t:1.713-t:467-v:53165.628)-(t:1.731-t:468-v:53019.48)-(t:1.732-t:469-v:52940.143)-(t:1.737-t:470-v:52625.358)-(t:1.737-t:471-v:52616.76)-(t:1.752-t:472-v:52541.532)-(t:1.757-t:473-v:52251.991)-(t:1.774-t:474-v:51985.923)-(t:1.776-t:475-v:51898.968)-(t:1.779-t:476-v:51875.88)-(t:1.784-t:477-v:49250.987)-(t:1.784-t:478-v:49247.018)-(t:1.787-t:479-v:49193.655)-(t:2.775-t:738-v:48850.589)-(t:2.776-t:739-v:48825.408)-(t:2.793-t:740-v:48763.709)-(t:2.798-t:741-v:48727.625)-(t:2.816-t:742-v:48433.694)-(t:2.820-t:743-v:48412.428)-(t:2.824-t:744-v:48303.031)-(t:2.830-t:745-v:47950.648)-(t:2.833-t:746-v:47851.201)-(t:2.860-t:747-v:47776.478)-(t:2.865-t:748-v:47741.804)-(t:2.873-t:749-v:47621.727)-(t:3.291-t:1021-v:47572.06)-(t:3.292-t:1022-v:47504.671)-(t:3.293-t:1023-v:46978.811)-(t:3.293-t:1024-v:46919.952)-(t:3.307-t:1025-v:46561.917)-(t:3.307-t:1026-v:46294.318)-(t:3.310-t:1027-v:45852.132)-(t:3.312-t:1028-v:45372.004)-(t:3.313-t:1029-v:45144.208)-(t:3.314-t:1030-v:45037.918)-(t:3.315-t:1031-v:44918.977)-(t:3.316-t:1032-v:44734.775)-(t:3.317-t:1033-v:44488.663)-(t:3.318-t:1034-v:44194.254)-(t:3.319-t:1035-v:43231.663)-(t:3.321-t:1036-v:42850.91)-(t:3.322-t:1037-v:42621.298)-(t:3.324-t:1038-v:42432.351)-(t:3.326-t:1039-v:42425.142)-(t:3.340-t:1040-v:41946.67)-(t:3.342-t:1041-v:41915.832)-(t:5.403-t:2634-v:41207.095)-(t:5.406-t:2635-v:40690.389)-(t:5.408-t:2636-v:40524.187)-(t:5.409-t:2637-v:40377.647)-(t:5.411-t:2638-v:40373.763)-(t:5.793-t:2925-v:40223.107)-(t:6.314-t:3465-v:40209.54)-(t:6.314-t:3466-v:39981.414)-(t:6.315-t:3467-v:39180.245)-(t:6.316-t:3468-v:39132.657)-(t:6.317-t:3469-v:38870.66)-(t:6.317-t:3470-v:38519.476)-(t:6.318-t:3471-v:38516.804)-(t:6.341-t:3472-v:38469.386)-(t:6.344-t:3473-v:38164.043)-(t:6.344-t:3474-v:38145.366)-(t:6.346-t:3475-v:38041.259)-(t:6.348-t:3476-v:38006.999)-(t:6.348-t:3477-v:37842.063)-(t:6.352-t:3478-v:37694.809)-(t:6.354-t:3479-v:37622.842)-(t:6.355-t:3480-v:37600.392)-(t:6.356-t:3481-v:37538.907)-(t:75.813-t:82483-v:37440.537)-(t:75.814-t:82484-v:37289.65)-(t:75.816-t:82485-v:37222.862)-(t:75.817-t:82486-v:37022.941)-(t:75.818-t:82487-v:36785.093)-(t:75.821-t:82488-v:36704.589)-(t:75.825-t:82489-v:36495.491)-(t:75.829-t:82490-v:36415.837)-(t:75.833-t:82491-v:36291.862)-(t:75.835-t:82492-v:36276.8)-(t:75.838-t:82493-v:36179.14)-(t:75.839-t:82494-v:35705.904)-(t:75.840-t:82495-v:35700.807)-(t:75.844-t:82496-v:35687.489)-(t:431.217-t:489201-v:35589.085)-(t:431.220-t:489202-v:35506.724)-(t:431.224-t:489203-v:35066.359)-(t:431.228-t:489204-v:35057.413)-(t:431.228-t:489205-v:35053.041)-(t:431.230-t:489206-v:35049.394)-(t:431.232-t:489207-v:34974.61)-(t:431.235-t:489208-v:34876.84)-(t:431.239-t:489209-v:34849.402)],338.133
examples/tsp/tsplib/fri26.tsp,bestslopefirst,r1,900,0,958.0,[(t:0.358-t:27-v:1119.0)-(t:0.361-t:28-v:1117.0)-(t:0.364-t:29-v:1102.0)-(t:0.758-t:97-v:1101.0)-(t:0.858-t:124-v:1099.0)-(t:2.340-t:1059-v:1094.0)-(t:2.732-t:1566-v:1088.0)-(t:2.739-t:1567-v:1074.0)-(t:2.743-t:1568-v:1072.0)-(t:2.744-t:1569-v:1067.0)-(t:5.103-t:6731-v:1057.0)-(t:5.491-t:7801-v:1040.0)-(t:7.937-t:14737-v:1034.0)-(t:7.938-t:14738-v:1032.0)-(t:7.938-t:14739-v:1011.0)-(t:7.954-t:14762-v:1009.0)-(t:15.403-t:43511-v:1003.0)-(t:15.403-t:43512-v:989.0)-(t:15.403-t:43513-v:987.0)-(t:15.403-t:43514-v:982.0)-(t:15.407-t:43532-v:979.0)-(t:15.407-t:43533-v:975.0)-(t:21.102-t:67787-v:958.0)],21.304
examples/tsp/tsplib/pr299.tsp,bestslopefirst,r1,900,0,92259.172,[(t:2.264-t:1047-v:122664.396)-(t:2.264-t:1048-v:122576.403)-(t:2.264-t:1049-v:122493.599)-(t:2.265-t:1050-v:122417.641)-(t:2.265-t:1051-v:122345.957)-(t:2.265-t:1052-v:122201.746)-(t:2.265-t:1053-v:122020.428)-(t:2.265-t:1054-v:121943.985)-(t:2.267-t:1055-v:119323.533)-(t:2.267-t:1056-v:119113.022)-(t:2.286-t:1057-v:118767.179)-(t:2.289-t:1058-v:118425.959)-(t:2.303-t:1059-v:118308.947)-(t:2.303-t:1060-v:117850.168)-(t:2.304-t:1061-v:117696.457)-(t:2.314-t:1062-v:117323.817)-(t:2.314-t:1063-v:117273.411)-(t:2.960-t:1262-v:113212.437)-(t:3.440-t:1384-v:112659.032)-(t:3.441-t:1385-v:112575.265)-(t:3.442-t:1386-v:112397.21)-(t:3.443-t:1387-v:112229.234)-(t:3.444-t:1388-v:112013.01)-(t:3.445-t:1389-v:111006.806)-(t:3.453-t:1390-v:110866.704)-(t:3.473-t:1391-v:110056.727)-(t:3.473-t:1392-v:109899.285)-(t:3.473-t:1393-v:109749.655)-(t:3.474-t:1394-v:109616.11)-(t:3.474-t:1395-v:109499.098)-(t:3.474-t:1396-v:109040.319)-(t:3.474-t:1397-v:108886.608)-(t:16.458-t:17832-v:108837.654)-(t:23.876-t:27968-v:107291.537)-(t:23.877-t:27969-v:107134.095)-(t:23.877-t:27970-v:106984.465)-(t:23.877-t:27971-v:106850.92)-(t:23.877-t:27972-v:106733.908)-(t:23.877-t:27973-v:106275.129)-(t:23.878-t:27974-v:106121.418)-(t:28.561-t:34737-v:105842.115)-(t:28.566-t:34738-v:105660.52)-(t:28.566-t:34739-v:105568.885)-(t:47.600-t:61574-v:105526.911)-(t:52.479-t:68928-v:102549.548)-(t:52.479-t:68929-v:102392.106)-(t:52.479-t:68930-v:102242.476)-(t:52.479-t:68931-v:102108.931)-(t:52.479-t:68932-v:101991.919)-(t:52.480-t:68933-v:101533.14)-(t:52.480-t:68934-v:101379.429)-(t:52.625-t:69092-v:101201.888)-(t:52.625-t:69093-v:100626.097)-(t:52.626-t:69094-v:100472.386)-(t:86.425-t:116783-v:100398.814)-(t:86.426-t:116784-v:100245.103)-(t:187.210-t:256882-v:99863.086)-(t:187.210-t:256883-v:99705.644)-(t:187.210-t:256884-v:99556.014)-(t:187.210-t:256885-v:99422.469)-(t:187.210-t:256886-v:99305.457)-(t:187.210-t:256887-v:98846.678)-(t:187.211-t:256888-v:98692.967)-(t:254.517-t:352163-v:98517.049)-(t:254.518-t:352164-v:98333.13)-(t:254.518-t:352165-v:98315.611)-(t:254.521-t:352166-v:98222.978)-(t:254.522-t:352167-v:98195.608)-(t:254.524-t:352168-v:98087.233)-(t:254.525-t:352169-v:98013.553)-(t:254.528-t:352170-v:97531.844)-(t:254.528-t:352171-v:97517.572)-(t:254.531-t:352172-v:97456.62)-(t:254.532-t:352173-v:97316.152)-(t:254.535-t:352174-v:96922.115)-(t:254.535-t:352175-v:96794.082)-(t:254.536-t:352176-v:96623.971)-(t:254.536-t:352177-v:96457.96)-(t:254.536-t:352178-v:96444.948)-(t:254.537-t:352179-v:96255.653)-(t:254.537-t:352180-v:96152.217)-(t:254.538-t:352181-v:96127.393)-(t:254.538-t:352182-v:95927.393)-(t:254.538-t:352183-v:95441.153)-(t:254.538-t:352184-v:95243.175)-(t:254.539-t:352185-v:95243.174)-(t:254.539-t:352186-v:95039.17)-(t:254.539-t:352187-v:94841.175)-(t:254.539-t:352188-v:94822.017)-(t:254.540-t:352189-v:94646.467)-(t:254.540-t:352190-v:94646.46)-(t:254.540-t:352191-v:94448.467)-(t:254.540-t:352192-v:94244.468)-(t:254.540-t:352193-v:94046.473)-(t:254.540-t:352194-v:94024.901)-(t:254.541-t:352195-v:94006.588)-(t:254.541-t:352196-v:94003.155)-(t:254.541-t:352197-v:93990.698)-(t:254.543-t:352198-v:93981.559)-(t:254.543-t:352199-v:93883.717)-(t:254.546-t:352200-v:93487.464)-(t:254.547-t:352201-v:93300.613)-(t:254.547-t:352202-v:93114.564)-(t:254.547-t:352203-v:92937.041)-(t:254.547-t:352204-v:92769.198)-(t:254.547-t:352205-v:92439.997)-(t:254.547-t:352206-v:92259.172)],442.657
examples/tsp/tsplib/rat575.tsp,bestslopefirst,r1,900,0,12833.612,[(t:2.939-t:1219-v:18165.916)-(t:2.939-t:1220-v:17233.445)-(t:4.197-t:1348-v:15442.903)-(t:4.197-t:1349-v:15434.297)-(t:4.197-t:1350-v:15433.327)-(t:4.198-t:1351-v:15428.597)-(t:4.198-t:1352-v:15420.997)-(t:4.199-t:1353-v:15372.666)-(t:4.199-t:1354-v:15351.648)-(t:4.199-t:1355-v:15346.907)-(t:4.199-t:1356-v:15328.995)-(t:4.201-t:1357-v:15291.727)-(t:4.202-t:1358-v:15253.241)-(t:4.203-t:1359-v:15249.688)-(t:4.203-t:1360-v:15249.493)-(t:4.204-t:1361-v:15244.769)-(t:4.204-t:1362-v:15238.195)-(t:4.208-t:1363-v:15220.561)-(t:4.209-t:1364-v:15200.523)-(t:4.210-t:1365-v:15198.666)-(t:4.211-t:1366-v:15193.546)-(t:4.211-t:1367-v:15188.382)-(t:13.355-t:5026-v:15070.568)-(t:13.801-t:5138-v:14959.752)-(t:14.008-t:5268-v:14549.913)-(t:14.338-t:5423-v:14541.128)-(t:14.339-t:5424-v:14535.612)-(t:16.923-t:6543-v:14535.445)-(t:16.924-t:6544-v:14532.525)-(t:16.924-t:6545-v:14529.786)-(t:16.925-t:6546-v:14529.246)-(t:16.925-t:6547-v:14499.21)-(t:16.930-t:6548-v:14490.349)-(t:16.931-t:6549-v:14445.263)-(t:16.932-t:6550-v:14435.515)-(t:16.933-t:6551-v:14434.71)-(t:16.934-t:6552-v:14427.007)-(t:16.935-t:6553-v:14426.312)-(t:16.935-t:6554-v:14422.427)-(t:16.935-t:6555-v:14407.864)-(t:16.943-t:6556-v:14386.743)-(t:16.944-t:6557-v:14374.386)-(t:16.949-t:6558-v:14371.357)-(t:16.949-t:6559-v:14359.805)-(t:17.204-t:6722-v:14359.442)-(t:17.454-t:6929-v:14263.15)-(t:17.456-t:6930-v:14260.41)-(t:17.456-t:6931-v:14260.336)-(t:17.456-t:6932-v:14252.425)-(t:17.456-t:6933-v:14248.853)-(t:17.456-t:6934-v:14247.776)-(t:17.457-t:6935-v:14230.666)-(t:17.458-t:6936-v:14214.779)-(t:17.459-t:6937-v:14201.713)-(t:17.459-t:6938-v:14193.236)-(t:17.460-t:6939-v:14183.814)-(t:17.463-t:6940-v:14178.524)-(t:17.464-t:6941-v:14164.594)-(t:17.465-t:6942-v:14114.024)-(t:17.465-t:6943-v:14106.124)-(t:17.465-t:6944-v:14105.461)-(t:17.466-t:6945-v:14093.367)-(t:17.467-t:6946-v:14092.705)-(t:17.468-t:6947-v:14086.521)-(t:17.468-t:6948-v:14079.864)-(t:17.468-t:6949-v:14078.674)-(t:17.469-t:6950-v:14078.498)-(t:17.469-t:6951-v:14066.343)-(t:17.469-t:6952-v:14052.589)-(t:17.469-t:6953-v:14038.813)-(t:17.470-t:6954-v:14038.384)-(t:17.470-t:6955-v:14023.124)-(t:17.474-t:6956-v:14019.671)-(t:197.945-t:99717-v:13537.264)-(t:197.946-t:99718-v:13537.069)-(t:197.946-t:99719-v:13532.345)-(t:197.947-t:99720-v:13525.771)-(t:197.950-t:99721-v:13522.995)-(t:197.952-t:99722-v:13522.555)-(t:197.953-t:99723-v:13521.838)-(t:197.954-t:99724-v:13504.211)-(t:197.955-t:99725-v:13499.091)-(t:197.955-t:99726-v:13493.927)-(t:383.778-t:199319-v:13490.602)-(t:383.778-t:199320-v:13488.944)-(t:383.781-t:199321-v:13488.307)-(t:383.783-t:199322-v:13482.371)-(t:383.783-t:199323-v:13479.543)-(t:383.784-t:199324-v:13457.88)-(t:383.785-t:199325-v:13456.0)-(t:383.786-t:199326-v:13455.451)-(t:383.786-t:199327-v:13439.509)-(t:383.787-t:199328-v:13406.483)-(t:383.787-t:199329-v:13389.002)-(t:383.788-t:199330-v:13386.64)-(t:383.789-t:199331-v:13370.511)-(t:383.790-t:199332-v:13360.763)-(t:383.791-t:199333-v:13359.97)-(t:383.792-t:199334-v:13355.509)-(t:383.793-t:199335-v:13334.388)-(t:383.794-t:199336-v:13327.557)-(t:506.858-t:265007-v:12878.585)-(t:506.859-t:265008-v:12876.949)-(t:506.860-t:265009-v:12876.754)-(t:506.860-t:265010-v:12872.03)-(t:506.860-t:265011-v:12865.456)-(t:506.861-t:265012-v:12862.68)-(t:506.861-t:265013-v:12862.24)-(t:506.862-t:265014-v:12861.523)-(t:506.863-t:265015-v:12843.896)-(t:506.864-t:265016-v:12838.776)-(t:506.864-t:265017-v:12833.612)],443.016
examples/tsp/tsplib/pr264.tsp,roundrobin,r1,900,0,77171.512,[(t:2.595-t:523-v:97535.753)-(t:2.596-t:524-v:86583.64)-(t:2.599-t:525-v:86554.942)-(t:2.599-t:526-v:86459.93)-(t:2.599-t:527-v:86385.656)-(t:2.614-t:528-v:86378.277)-(t:2.614-t:529-v:86181.072)-(t:2.615-t:530-v:86064.844)-(t:2.615-t:531-v:86055.332)-(t:2.615-t:532-v:86027.233)-(t:2.616-t:533-v:84368.192)-(t:2.616-t:534-v:83935.736)-(t:2.616-t:535-v:83619.715)-(t:2.620-t:536-v:83412.184)-(t:2.635-t:537-v:83335.791)-(t:2.639-t:538-v:83330.602)-(t:2.642-t:539-v:83325.437)-(t:2.646-t:540-v:83141.275)-(t:2.649-t:541-v:83031.331)-(t:2.665-t:542-v:83028.688)-(t:2.669-t:543-v:82965.143)-(t:2.673-t:544-v:82393.423)-(t:2.676-t:545-v:82357.784)-(t:2.693-t:546-v:82351.975)-(t:2.697-t:547-v:82338.424)-(t:2.713-t:548-v:82323.876)-(t:2.717-t:549-v:80728.695)-(t:2.721-t:550-v:80652.875)-(t:2.737-t:551-v:80092.882)-(t:2.742-t:552-v:80077.07)-(t:3.674-t:676-v:79674.415)-(t:14.272-t:5217-v:79650.737)-(t:14.279-t:5218-v:79528.596)-(t:14.281-t:5219-v:79464.962)-(t:14.284-t:5220-v:79458.79)-(t:14.298-t:5221-v:79382.28)-(t:14.301-t:5222-v:79361.981)-(t:14.303-t:5223-v:79299.437)-(t:14.306-t:5224-v:79275.98)-(t:14.308-t:5225-v:79051.716)-(t:14.312-t:5226-v:78975.323)-(t:14.317-t:5227-v:78592.603)-(t:14.321-t:5228-v:78551.839)-(t:65.554-t:29721-v:78395.576)-(t:74.719-t:34130-v:77814.11)-(t:74.724-t:34131-v:77790.437)-(t:74.726-t:34132-v:77750.335)-(t:74.731-t:34133-v:77480.089)-(t:74.736-t:34134-v:77358.833)-(t:74.737-t:34135-v:77355.284)-(t:74.740-t:34136-v:77292.096)-(t:74.740-t:34137-v:77211.498)-(t:74.742-t:34138-v:77203.046)-(t:74.742-t:34139-v:77171.512)],329.529
examples/tsp/tsplib/pr124.tsp,random,r1,900,0,105922.687,[(t:1.066-t:314-v:244071.715)-(t:1.071-t:315-v:244002.508)-(t:1.073-t:316-v:243887.12)-(t:1.075-t:317-v:243306.71)-(t:1.075-t:318-v:227898.857)-(t:1.076-t:319-v:212539.017)-(t:1.077-t:320-v:212171.408)-(t:1.078-t:321-v:212133.009)-(t:1.082-t:322-v:211819.569)-(t:1.084-t:323-v:210883.862)-(t:1.084-t:324-v:210496.51)-(t:1.086-t:325-v:195917.999)-(t:1.086-t:326-v:195426.107)-(t:1.087-t:327-v:195360.413)-(t:1.087-t:328-v:195221.308)-(t:1.111-t:329-v:182693.499)-(t:1.112-t:330-v:181569.811)-(t:1.112-t:331-v:181318.954)-(t:1.118-t:332-v:181114.721)-(t:1.124-t:333-v:179701.885)-(t:1.132-t:334-v:178284.44)-(t:1.133-t:335-v:177845.03)-(t:1.134-t:336-v:177594.173)-(t:1.138-t:337-v:176778.108)-(t:1.139-t:338-v:176736.121)-(t:1.143-t:339-v:176727.291)-(t:1.165-t:340-v:171993.564)-(t:1.166-t:341-v:171890.266)-(t:1.167-t:342-v:171574.324)-(t:1.167-t:343-v:171446.135)-(t:1.170-t:344-v:170051.289)-(t:1.171-t:345-v:169935.684)-(t:1.171-t:346-v:169898.512)-(t:1.171-t:347-v:169872.719)-(t:1.171-t:348-v:169504.01)-(t:1.172-t:349-v:169010.999)-(t:1.172-t:350-v:168760.142)-(t:1.358-t:407-v:165640.752)-(t:1.360-t:408-v:165031.69)-(t:1.360-t:409-v:164969.107)-(t:1.361-t:410-v:164351.547)-(t:1.361-t:411-v:163763.037)-(t:1.362-t:412-v:163606.954)-(t:1.363-t:413-v:163244.584)-(t:1.364-t:414-v:163140.353)-(t:1.365-t:415-v:161795.424)-(t:1.366-t:416-v:161635.264)-(t:1.382-t:417-v:161179.966)-(t:1.723-t:557-v:160799.942)-(t:1.723-t:558-v:160549.085)-(t:1.724-t:559-v:158373.981)-(t:1.724-t:560-v:157823.735)-(t:1.732-t:561-v:157431.454)-(t:1.733-t:562-v:156862.617)-(t:1.733-t:563-v:156825.445)-(t:1.733-t:564-v:156414.621)-(t:1.734-t:565-v:156035.575)-(t:1.736-t:566-v:155974.436)-(t:1.737-t:567-v:155850.506)-(t:1.742-t:568-v:155746.737)-(t:1.745-t:569-v:155167.345)-(t:1.763-t:570-v:154693.207)-(t:1.764-t:571-v:154324.126)-(t:1.767-t:572-v:153947.325)-(t:2.427-t:950-v:152834.722)-(t:2.429-t:951-v:152716.055)-(t:2.430-t:952-v:152456.804)-(t:2.431-t:953-v:152004.373)-(t:2.432-t:954-v:151885.689)-(t:2.448-t:955-v:151656.804)-(t:2.451-t:956-v:151228.724)-(t:2.455-t:957-v:150997.805)-(t:2.455-t:958-v:150628.724)-(t:2.632-t:1101-v:150439.8)-(t:2.635-t:1102-v:150080.109)-(t:2.637-t:1103-v:149168.142)-(t:2.714-t:1196-v:148504.918)-(t:2.714-t:1197-v:148254.061)-(t:2.715-t:1198-v:148249.767)-(t:2.717-t:1199-v:148118.852)-(t:2.717-t:1200-v:148109.246)-(t:3.474-t:2010-v:142623.608)-(t:3.475-t:2011-v:142602.003)-(t:3.475-t:2012-v:142453.29)-(t:3.475-t:2013-v:141838.114)-(t:3.476-t:2014-v:141642.438)-(t:3.476-t:2015-v:140176.253)-(t:3.477-t:2016-v:140176.248)-(t:3.477-t:2017-v:139675.918)-(t:3.478-t:2018-v:139444.999)-(t:3.478-t:2019-v:139337.151)-(t:3.478-t:2020-v:139075.918)-(t:3.478-t:2021-v:138825.061)-(t:3.479-t:2022-v:138669.157)-(t:4.544-t:3409-v:138061.542)-(t:4.544-t:3410-v:137731.836)-(t:4.946-t:3997-v:136488.8)-(t:4.946-t:3998-v:136426.217)-(t:4.946-t:3999-v:135659.803)-(t:4.946-t:4000-v:133353.209)-(t:4.960-t:4001-v:133299.387)-(t:4.961-t:4002-v:133283.444)-(t:4.961-t:4003-v:133172.23)-(t:4.961-t:4004-v:133033.125)-(t:4.962-t:4005-v:132991.138)-(t:4.963-t:4006-v:132760.219)-(t:4.963-t:4007-v:132391.138)-(t:5.158-t:4308-v:131668.196)-(t:5.158-t:4309-v:131658.741)-(t:5.159-t:4310-v:131075.461)-(t:5.159-t:4311-v:130805.532)-(t:5.159-t:4312-v:129409.841)-(t:5.160-t:4313-v:129221.111)-(t:5.161-t:4314-v:129015.814)-(t:5.161-t:4315-v:128849.697)-(t:5.161-t:4316-v:128836.462)-(t:5.164-t:4317-v:127851.407)-(t:6.022-t:5698-v:127541.109)-(t:10.398-t:12326-v:126375.25)-(t:10.398-t:12327-v:125351.871)-(t:10.411-t:12328-v:125121.062)-(t:10.411-t:12329-v:124983.759)-(t:10.412-t:12330-v:124831.85)-(t:10.412-t:12331-v:123958.085)-(t:10.413-t:12332-v:122876.679)-(t:29.560-t:60676-v:120230.194)-(t:29.561-t:60677-v:118982.0)-(t:29.561-t:60678-v:118976.743)-(t:29.562-t:60679-v:118708.752)-(t:29.562-t:60680-v:118477.873)-(t:29.564-t:60681-v:118201.262)-(t:29.564-t:60682-v:118140.434)-(t:29.566-t:60683-v:118084.67)-(t:29.566-t:60684-v:117725.549)-(t:29.568-t:60685-v:114178.165)-(t:29.569-t:60686-v:114038.812)-(t:29.570-t:60687-v:113876.963)-(t:29.571-t:60688-v:113739.294)-(t:94.974-t:229988-v:113011.966)-(t:94.974-t:229989-v:112643.257)-(t:94.974-t:229990-v:112519.327)-(t:94.975-t:229991-v:112150.246)-(t:193.834-t:484474-v:111937.721)-(t:193.835-t:484475-v:111691.818)-(t:193.835-t:484476-v:111577.551)-(t:193.836-t:484477-v:108287.067)-(t:193.838-t:484478-v:107786.732)-(t:193.841-t:484479-v:107786.662)-(t:622.274-t:1585503-v:107500.262)-(t:622.275-t:1585504-v:107362.959)-(t:622.275-t:1585505-v:107256.983)-(t:622.275-t:1585506-v:106902.244)-(t:622.275-t:1585507-v:106794.396)-(t:622.275-t:1585508-v:106533.163)-(t:622.276-t:1585509-v:106523.767)-(t:622.280-t:1585510-v:105922.687)],411.335
examples/tsp/tsplib/eil76.tsp,bestslopefirst,r1,900,0,648.9,[(t:1.543-t:309-v:951.33)-(t:1.544-t:310-v:940.81)-(t:1.547-t:311-v:940.723)-(t:1.562-t:312-v:936.823)-(t:1.562-t:313-v:926.429)-(t:1.563-t:314-v:921.513)-(t:1.564-t:315-v:918.194)-(t:1.566-t:316-v:916.944)-(t:1.567-t:317-v:908.469)-(t:1.569-t:318-v:906.779)-(t:1.569-t:319-v:904.24)-(t:1.573-t:320-v:887.464)-(t:1.576-t:321-v:885.016)-(t:1.578-t:322-v:871.611)-(t:1.581-t:323-v:867.895)-(t:1.602-t:324-v:867.271)-(t:1.602-t:325-v:863.773)-(t:1.619-t:326-v:855.144)-(t:1.621-t:327-v:845.832)-(t:1.622-t:328-v:843.07)-(t:1.622-t:329-v:840.075)-(t:1.623-t:330-v:839.237)-(t:1.625-t:331-v:838.089)-(t:1.626-t:332-v:833.569)-(t:1.640-t:333-v:830.507)-(t:1.643-t:334-v:828.616)-(t:1.647-t:335-v:817.79)-(t:1.649-t:336-v:817.777)-(t:1.649-t:337-v:811.538)-(t:1.650-t:338-v:800.916)-(t:1.669-t:339-v:793.992)-(t:3.315-t:780-v:775.464)-(t:3.316-t:781-v:774.822)-(t:3.318-t:782-v:772.041)-(t:3.320-t:783-v:770.034)-(t:3.321-t:784-v:769.059)-(t:3.323-t:785-v:764.796)-(t:3.326-t:786-v:764.724)-(t:3.329-t:787-v:760.622)-(t:3.331-t:788-v:759.137)-(t:5.280-t:2431-v:755.554)-(t:5.281-t:2432-v:752.851)-(t:5.282-t:2433-v:752.731)-(t:5.283-t:2434-v:752.106)-(t:5.775-t:2863-v:741.725)-(t:5.776-t:2864-v:739.474)-(t:5.793-t:2865-v:738.028)-(t:5.794-t:2866-v:736.407)-(t:5.795-t:2867-v:735.776)-(t:5.796-t:2868-v:731.371)-(t:5.796-t:2869-v:726.576)-(t:5.798-t:2870-v:720.397)-(t:5.799-t:2871-v:716.774)-(t:5.800-t:2872-v:712.729)-(t:5.802-t:2873-v:710.73)-(t:5.804-t:2874-v:708.095)-(t:13.155-t:11150-v:707.025)-(t:13.156-t:11151-v:702.612)-(t:13.156-t:11152-v:700.096)-(t:13.158-t:11153-v:699.625)-(t:13.160-t:11154-v:686.122)-(t:13.162-t:11155-v:685.221)-(t:13.163-t:11156-v:684.477)-(t:23.222-t:24440-v:677.439)-(t:23.223-t:24441-v:677.063)-(t:23.224-t:24442-v:669.209)-(t:23.225-t:24443-v:666.351)-(t:23.227-t:24444-v:666.325)-(t:23.229-t:24445-v:662.198)-(t:23.230-t:24446-v:657.437)-(t:23.232-t:24447-v:656.384)-(t:23.234-t:24448-v:655.964)-(t:23.236-t:24449-v:651.149)-(t:636.166-t:857813-v:648.9)],158.363
examples/tsp/tsplib/rd100.tsp,random,r1,900,0,11886.087,[(t:0.997-t:313-v:37432.012)-(t:0.998-t:314-v:37414.281)-(t:1.007-t:315-v:37393.116)-(t:1.008-t:316-v:37230.115)-(t:1.009-t:317-v:37181.961)-(t:1.009-t:318-v:36921.048)-(t:1.010-t:319-v:36916.253)-(t:1.012-t:320-v:36750.485)-(t:1.027-t:321-v:36243.76)-(t:1.028-t:322-v:36081.951)-(t:1.029-t:323-v:36024.953)-(t:1.032-t:324-v:35882.398)-(t:1.033-t:325-v:35481.876)-(t:1.036-t:326-v:35320.288)-(t:1.039-t:327-v:35184.888)-(t:1.040-t:328-v:35162.151)-(t:1.043-t:329-v:35001.844)-(t:1.044-t:330-v:34984.335)-(t:1.047-t:331-v:34957.777)-(t:1.048-t:332-v:34943.537)-(t:1.075-t:333-v:34764.222)-(t:1.077-t:334-v:34755.285)-(t:1.081-t:335-v:34752.796)-(t:1.086-t:336-v:34490.483)-(t:1.088-t:337-v:34341.311)-(t:1.104-t:338-v:34290.739)-(t:1.105-t:339-v:34024.908)-(t:1.106-t:340-v:33999.358)-(t:1.107-t:341-v:33840.972)-(t:1.107-t:342-v:33827.472)-(t:1.108-t:343-v:33800.411)-(t:1.108-t:344-v:33781.643)-(t:1.109-t:345-v:33721.848)-(t:1.111-t:346-v:33631.957)-(t:1.114-t:347-v:33627.848)-(t:1.116-t:348-v:33407.255)-(t:1.118-t:349-v:33304.222)-(t:1.121-t:350-v:33262.81)-(t:1.145-t:351-v:33200.688)-(t:1.146-t:352-v:33191.727)-(t:1.148-t:353-v:33177.104)-(t:1.150-t:354-v:33112.2)-(t:1.152-t:355-v:33048.488)-(t:1.153-t:356-v:33034.988)-(t:1.153-t:357-v:33008.285)-(t:1.156-t:358-v:32765.657)-(t:1.164-t:359-v:32079.7)-(t:1.182-t:360-v:32035.347)-(t:1.200-t:361-v:31862.848)-(t:1.201-t:362-v:31676.909)-(t:1.201-t:363-v:31362.018)-(t:1.203-t:364-v:31239.003)-(t:1.204-t:365-v:31148.129)-(t:1.204-t:366-v:31040.472)-(t:1.204-t:367-v:30971.5)-(t:1.206-t:368-v:30943.959)-(t:1.208-t:369-v:30619.689)-(t:1.209-t:370-v:30477.168)-(t:1.210-t:371-v:30468.052)-(t:1.211-t:372-v:30400.475)-(t:1.212-t:373-v:30235.07)-(t:1.214-t:374-v:30227.619)-(t:1.223-t:375-v:30155.614)-(t:1.226-t:376-v:30095.2)-(t:1.228-t:377-v:29851.526)-(t:1.231-t:378-v:29517.326)-(t:1.247-t:379-v:29472.393)-(t:1.250-t:380-v:28765.425)-(t:1.252-t:381-v:28617.343)-(t:1.259-t:382-v:28306.812)-(t:1.275-t:383-v:28293.101)-(t:1.280-t:384-v:28292.112)-(t:1.281-t:385-v:28283.46)-(t:1.289-t:386-v:28258.087)-(t:1.306-t:387-v:28177.904)-(t:1.314-t:388-v:28065.522)-(t:1.333-t:389-v:28018.954)-(t:1.340-t:390-v:27981.726)-(t:1.360-t:391-v:27869.506)-(t:1.365-t:392-v:27452.534)-(t:1.380-t:393-v:27442.632)-(t:1.388-t:394-v:27442.263)-(t:1.405-t:395-v:27213.892)-(t:1.407-t:396-v:26981.629)-(t:1.414-t:397-v:26928.479)-(t:1.422-t:398-v:26883.645)-(t:1.423-t:399-v:26877.248)-(t:1.442-t:400-v:26857.222)-(t:1.449-t:401-v:26844.38)-(t:1.454-t:402-v:26831.676)-(t:1.458-t:403-v:26650.654)-(t:1.473-t:404-v:26617.654)-(t:1.474-t:405-v:26544.339)-(t:1.481-t:406-v:26200.538)-(t:1.483-t:407-v:26197.583)-(t:1.500-t:408-v:26137.975)-(t:1.508-t:409-v:26117.796)-(t:1.523-t:410-v:25938.991)-(t:1.524-t:411-v:25890.564)-(t:1.524-t:412-v:25858.742)-(t:1.525-t:413-v:25804.511)-(t:1.529-t:414-v:25704.457)-(t:1.531-t:415-v:25700.603)-(t:1.532-t:416-v:25688.234)-(t:1.532-t:417-v:25583.21)-(t:1.533-t:418-v:25400.566)-(t:1.534-t:419-v:25341.795)-(t:1.536-t:420-v:25303.207)-(t:1.538-t:421-v:25279.545)-(t:1.552-t:422-v:25274.679)-(t:1.555-t:423-v:25264.892)-(t:1.557-t:424-v:25179.696)-(t:1.559-t:425-v:25171.169)-(t:1.579-t:426-v:25074.212)-(t:1.580-t:427-v:25046.92)-(t:1.584-t:428-v:25036.021)-(t:1.584-t:429-v:24828.145)-(t:1.588-t:430-v:24781.666)-(t:1.606-t:431-v:24764.461)-(t:1.628-t:432-v:24696.337)-(t:1.629-t:433-v:24566.503)-(t:1.630-t:434-v:24557.851)-(t:1.633-t:435-v:24500.155)-(t:1.636-t:436-v:24442.525)-(t:1.642-t:437-v:24442.34)-(t:1.658-t:438-v:24424.275)-(t:1.659-t:439-v:24404.715)-(t:1.659-t:440-v:24378.883)-(t:1.661-t:441-v:24166.094)-(t:1.662-t:442-v:24105.364)-(t:1.663-t:443-v:24052.792)-(t:1.664-t:444-v:23923.33)-(t:1.665-t:445-v:23807.48)-(t:1.665-t:446-v:23772.815)-(t:1.665-t:447-v:23710.133)-(t:1.676-t:448-v:23640.638)-(t:1.677-t:449-v:23537.899)-(t:1.677-t:450-v:23475.978)-(t:1.678-t:451-v:23436.053)-(t:1.680-t:452-v:23391.441)-(t:1.681-t:453-v:23376.224)-(t:1.682-t:454-v:23343.604)-(t:1.698-t:455-v:23340.777)-(t:1.700-t:456-v:23327.401)-(t:1.704-t:457-v:23156.078)-(t:1.709-t:458-v:22955.853)-(t:1.728-t:459-v:22953.821)-(t:1.732-t:460-v:22509.127)-(t:1.752-t:461-v:22375.955)-(t:1.754-t:462-v:22299.673)-(t:1.755-t:463-v:21865.999)-(t:1.760-t:464-v:21709.669)-(t:1.761-t:465-v:21676.241)-(t:1.762-t:466-v:21499.167)-(t:1.780-t:467-v:21470.965)-(t:1.782-t:468-v:21370.788)-(t:1.786-t:469-v:20515.919)-(t:1.787-t:470-v:20315.502)-(t:1.791-t:471-v:20304.645)-(t:1.805-t:472-v:20053.269)-(t:1.806-t:473-v:19899.106)-(t:1.809-t:474-v:19846.242)-(t:1.813-t:475-v:19510.547)-(t:1.814-t:476-v:19485.29)-(t:1.815-t:477-v:19443.428)-(t:1.815-t:478-v:19400.147)-(t:1.816-t:479-v:19222.697)-(t:1.818-t:480-v:19209.262)-(t:1.836-t:481-v:19144.851)-(t:1.837-t:482-v:19109.914)-(t:1.841-t:483-v:19023.906)-(t:1.860-t:484-v:18735.789)-(t:1.861-t:485-v:18698.04)-(t:1.863-t:486-v:18607.255)-(t:1.864-t:487-v:18604.754)-(t:1.865-t:488-v:18589.403)-(t:1.865-t:489-v:18580.287)-(t:1.866-t:490-v:18063.678)-(t:1.871-t:491-v:17981.9)-(t:1.874-t:492-v:17959.049)-(t:1.876-t:493-v:17943.039)-(t:1.896-t:494-v:17640.024)-(t:1.913-t:495-v:17406.744)-(t:1.915-t:496-v:17347.152)-(t:1.915-t:497-v:17207.148)-(t:1.916-t:498-v:17170.001)-(t:1.917-t:499-v:17079.776)-(t:1.919-t:500-v:17063.778)-(t:1.923-t:501-v:16692.853)-(t:1.924-t:502-v:16689.048)-(t:1.926-t:503-v:16603.895)-(t:1.944-t:504-v:16583.983)-(t:1.946-t:505-v:16450.183)-(t:1.949-t:506-v:16441.196)-(t:1.953-t:507-v:15870.576)-(t:1.953-t:508-v:15755.19)-(t:1.964-t:509-v:15668.624)-(t:1.981-t:510-v:15581.722)-(t:1.982-t:511-v:15552.952)-(t:1.982-t:512-v:15516.416)-(t:1.983-t:513-v:15484.011)-(t:1.985-t:514-v:15442.397)-(t:1.986-t:515-v:15374.419)-(t:1.987-t:516-v:15262.814)-(t:1.989-t:517-v:15125.219)-(t:1.992-t:518-v:15061.113)-(t:6.419-t:3101-v:15036.172)-(t:9.366-t:5974-v:15031.896)-(t:9.368-t:5975-v:14984.083)-(t:9.372-t:5976-v:14929.342)-(t:9.375-t:5977-v:14876.185)-(t:9.378-t:5978-v:14754.694)-(t:9.378-t:5979-v:14681.816)-(t:9.378-t:5980-v:14674.391)-(t:9.380-t:5981-v:14651.767)-(t:9.381-t:5982-v:14641.996)-(t:9.382-t:5983-v:14572.139)-(t:9.382-t:5984-v:14537.202)-(t:9.384-t:5985-v:14451.194)-(t:9.828-t:6534-v:14390.783)-(t:9.828-t:6535-v:14130.706)-(t:9.828-t:6536-v:14116.437)-(t:9.828-t:6537-v:14047.187)-(t:9.829-t:6538-v:14014.782)-(t:9.831-t:6539-v:14004.266)-(t:9.834-t:6540-v:13936.39)-(t:9.834-t:6541-v:13880.581)-(t:9.837-t:6542-v:13754.264)-(t:9.837-t:6543-v:13692.216)-(t:9.840-t:6544-v:13643.306)-(t:9.844-t:6545-v:13580.686)-(t:31.291-t:33615-v:13368.248)-(t:31.293-t:33616-v:13170.376)-(t:31.294-t:33617-v:13167.396)-(t:31.297-t:33618-v:13126.917)-(t:31.297-t:33619-v:13033.793)-(t:31.301-t:33620-v:12895.35)-(t:31.303-t:33621-v:12886.547)-(t:31.306-t:33622-v:12876.031)-(t:31.310-t:33623-v:12822.526)-(t:31.312-t:33624-v:12773.273)-(t:31.315-t:33625-v:12690.219)-(t:31.318-t:33626-v:12573.621)-(t:31.318-t:33627-v:12562.58)-(t:31.320-t:33628-v:12540.052)-(t:31.320-t:33629-v:12493.27)-(t:31.320-t:33630-v:12424.02)-(t:31.323-t:33631-v:12391.615)-(t:704.629-t:890794-v:12349.738)-(t:704.629-t:890795-v:12275.299)-(t:704.629-t:890796-v:12230.546)-(t:704.630-t:890797-v:12222.987)-(t:704.633-t:890798-v:12205.139)-(t:704.634-t:890799-v:12064.03)-(t:704.636-t:890800-v:11888.117)-(t:704.639-t:890801-v:11886.087)],323.222
examples/tsp/tsplib/eil51.tsp,bestslopefirst,r1,900,0,453.629,[(t:0.976-t:202-v:571.668)-(t:0.977-t:203-v:571.471)-(t:0.980-t:204-v:571.115)-(t:0.982-t:205-v:566.818)-(t:0.984-t:206-v:566.811)-(t:0.984-t:207-v:565.856)-(t:0.988-t:208-v:557.327)-(t:0.991-t:209-v:556.873)-(t:0.992-t:210-v:546.528)-(t:1.000-t:211-v:540.932)-(t:1.001-t:212-v:539.565)-(t:1.019-t:213-v:537.061)-(t:1.020-t:214-v:532.05)-(t:1.021-t:215-v:532.046)-(t:1.025-t:216-v:527.891)-(t:1.041-t:217-v:521.043)-(t:1.046-t:218-v:517.326)-(t:1.050-t:219-v:516.981)-(t:3.652-t:1735-v:516.612)-(t:3.653-t:1736-v:516.299)-(t:3.654-t:1737-v:508.317)-(t:3.705-t:1783-v:507.088)-(t:3.706-t:1784-v:502.389)-(t:3.706-t:1785-v:500.202)-(t:3.707-t:1786-v:493.701)-(t:3.708-t:1787-v:492.286)-(t:3.708-t:1788-v:488.376)-(t:3.709-t:1789-v:487.458)-(t:3.711-t:1790-v:484.304)-(t:3.712-t:1791-v:482.327)-(t:9.497-t:10184-v:477.511)-(t:9.511-t:10185-v:474.212)-(t:9.512-t:10186-v:463.902)-(t:64.020-t:118632-v:462.66)-(t:64.021-t:118633-v:462.406)-(t:121.053-t:233027-v:461.569)-(t:383.849-t:763238-v:461.201)-(t:390.463-t:776219-v:457.92)-(t:730.477-t:1460776-v:453.629)],65.862
examples/tsp/tsplib/pr226.tsp,bestslopefirst,r1,900,0,121349.485,[(t:2.107-t:569-v:201472.485)-(t:2.110-t:570-v:181715.049)-(t:2.858-t:771-v:163846.072)-(t:2.859-t:772-v:163823.957)-(t:2.859-t:773-v:163802.041)-(t:2.859-t:774-v:163748.074)-(t:2.859-t:775-v:163736.546)-(t:2.860-t:776-v:163724.325)-(t:2.860-t:777-v:163646.168)-(t:2.861-t:778-v:163446.168)-(t:2.861-t:779-v:163247.317)-(t:2.861-t:780-v:163073.732)-(t:2.875-t:781-v:162952.839)-(t:2.875-t:782-v:162877.617)-(t:2.879-t:783-v:160884.852)-(t:2.880-t:784-v:160443.038)-(t:2.880-t:785-v:160406.343)-(t:2.881-t:786-v:160375.071)-(t:2.881-t:787-v:160331.91)-(t:2.882-t:788-v:160066.538)-(t:2.882-t:789-v:150151.111)-(t:2.882-t:790-v:150125.983)-(t:2.883-t:791-v:150103.062)-(t:2.883-t:792-v:150048.067)-(t:2.883-t:793-v:150033.318)-(t:2.883-t:794-v:150019.973)-(t:2.884-t:795-v:149941.816)-(t:2.884-t:796-v:149741.816)-(t:2.885-t:797-v:149541.816)-(t:2.885-t:798-v:149364.616)-(t:2.886-t:799-v:149241.816)-(t:2.886-t:800-v:149208.167)-(t:2.887-t:801-v:148908.167)-(t:2.904-t:802-v:146739.477)-(t:2.904-t:803-v:146660.913)-(t:2.905-t:804-v:146340.29)-(t:2.905-t:805-v:146312.292)-(t:40.588-t:69563-v:145925.206)-(t:76.128-t:140809-v:145323.454)-(t:76.130-t:140810-v:145021.729)-(t:76.131-t:140811-v:145003.982)-(t:76.131-t:140812-v:144869.545)-(t:76.131-t:140813-v:144808.103)-(t:76.131-t:140814-v:144608.311)-(t:76.131-t:140815-v:144436.292)-(t:76.132-t:140816-v:144391.271)-(t:76.132-t:140817-v:144289.599)-(t:76.132-t:140818-v:144139.783)-(t:76.132-t:140819-v:144098.766)-(t:76.132-t:140820-v:143785.078)-(t:76.133-t:140821-v:143537.848)-(t:76.133-t:140822-v:143247.414)-(t:76.133-t:140823-v:142828.257)-(t:154.220-t:294930-v:141604.029)-(t:165.444-t:317303-v:139864.515)-(t:165.444-t:317304-v:139665.254)-(t:165.445-t:317305-v:139665.141)-(t:165.445-t:317306-v:139465.254)-(t:165.445-t:317307-v:139265.046)-(t:165.445-t:317308-v:139065.254)-(t:165.445-t:317309-v:139065.141)-(t:165.445-t:317310-v:138865.254)-(t:165.445-t:317311-v:138665.254)-(t:165.446-t:317312-v:138565.254)-(t:165.446-t:317313-v:138508.677)-(t:165.446-t:317314-v:138308.677)-(t:165.446-t:317315-v:138265.516)-(t:165.447-t:317316-v:137808.677)-(t:165.447-t:317317-v:137565.254)-(t:165.447-t:317318-v:137265.254)-(t:165.449-t:317319-v:137188.054)-(t:383.101-t:747928-v:135268.068)-(t:383.103-t:747929-v:134087.508)-(t:383.103-t:747930-v:134076.901)-(t:512.825-t:1002799-v:132140.368)-(t:512.825-t:1002800-v:131970.608)-(t:512.825-t:1002801-v:131782.988)-(t:512.825-t:1002802-v:131609.19)-(t:512.825-t:1002803-v:131409.398)-(t:512.825-t:1002804-v:131215.983)-(t:512.826-t:1002805-v:131054.366)-(t:512.826-t:1002806-v:130880.617)-(t:512.826-t:1002807-v:130702.065)-(t:512.826-t:1002808-v:130516.343)-(t:512.827-t:1002809-v:130417.179)-(t:512.827-t:1002810-v:129560.252)-(t:692.459-t:1360937-v:124340.497)-(t:692.459-t:1360938-v:124141.236)-(t:692.459-t:1360939-v:124141.123)-(t:692.459-t:1360940-v:123941.236)-(t:692.459-t:1360941-v:123741.028)-(t:692.459-t:1360942-v:123541.236)-(t:692.459-t:1360943-v:123541.123)-(t:692.459-t:1360944-v:123341.236)-(t:692.460-t:1360945-v:123172.508)-(t:692.460-t:1360946-v:122795.308)-(t:692.460-t:1360947-v:122595.308)-(t:692.461-t:1360948-v:122564.036)-(t:692.461-t:1360949-v:121964.036)-(t:692.461-t:1360950-v:121864.036)-(t:692.461-t:1360951-v:121741.236)-(t:692.462-t:1360952-v:121443.29)-(t:692.463-t:1360953-v:121427.787)-(t:692.464-t:1360954-v:121349.485)],354.904
examples/tsp/tsplib/pr136.tsp,bestslopefirst,r1,900,0,212345.945,[(t:1.502-t:374-v:302956.534)-(t:1.503-t:375-v:302876.728)-(t:1.509-t:376-v:302748.019)-(t:1.509-t:377-v:302674.108)-(t:1.510-t:378-v:302203.4)-(t:1.514-t:379-v:301428.433)-(t:1.515-t:380-v:298866.187)-(t:1.947-t:504-v:276672.968)-(t:1.947-t:505-v:275658.615)-(t:1.948-t:506-v:275464.176)-(t:1.949-t:507-v:269571.485)-(t:1.949-t:508-v:269243.143)-(t:3.247-t:922-v:269064.556)-(t:3.247-t:923-v:269040.791)-(t:3.248-t:924-v:268668.079)-(t:3.248-t:925-v:268658.763)-(t:3.248-t:926-v:268263.034)-(t:3.250-t:927-v:267145.499)-(t:3.250-t:928-v:266918.03)-(t:3.251-t:929-v:266830.339)-(t:3.252-t:930-v:266244.245)-(t:3.253-t:931-v:266196.847)-(t:3.403-t:1028-v:263147.102)-(t:3.404-t:1029-v:262740.765)-(t:3.820-t:1363-v:261230.792)-(t:3.820-t:1364-v:261219.286)-(t:3.821-t:1365-v:260748.817)-(t:3.821-t:1366-v:260170.944)-(t:3.822-t:1367-v:258841.369)-(t:3.822-t:1368-v:257812.36)-(t:3.836-t:1369-v:257203.169)-(t:3.837-t:1370-v:256080.633)-(t:3.837-t:1371-v:255894.899)-(t:3.837-t:1372-v:255814.239)-(t:3.837-t:1373-v:255478.347)-(t:3.838-t:1374-v:255240.344)-(t:3.838-t:1375-v:254700.682)-(t:3.840-t:1376-v:254360.682)-(t:3.841-t:1377-v:253530.956)-(t:3.841-t:1378-v:253400.565)-(t:3.842-t:1379-v:253055.545)-(t:3.843-t:1380-v:251534.064)-(t:3.843-t:1381-v:250923.356)-(t:3.843-t:1382-v:250353.488)-(t:3.843-t:1383-v:249741.611)-(t:4.814-t:2370-v:248659.293)-(t:4.814-t:2371-v:247475.893)-(t:4.814-t:2372-v:246691.512)-(t:4.814-t:2373-v:246151.85)-(t:4.814-t:2374-v:244078.325)-(t:4.815-t:2375-v:243108.216)-(t:4.815-t:2376-v:243099.353)-(t:4.815-t:2377-v:241926.471)-(t:4.815-t:2378-v:241586.471)-(t:4.816-t:2379-v:241396.076)-(t:4.816-t:2380-v:241064.792)-(t:4.816-t:2381-v:240441.093)-(t:4.817-t:2382-v:240072.665)-(t:4.818-t:2383-v:239732.665)-(t:4.818-t:2384-v:239445.663)-(t:4.818-t:2385-v:239105.663)-(t:8.103-t:6362-v:238604.74)-(t:8.104-t:6363-v:238264.74)-(t:8.116-t:6364-v:237896.312)-(t:8.116-t:6365-v:237051.633)-(t:8.117-t:6366-v:237020.75)-(t:8.117-t:6367-v:236378.651)-(t:8.118-t:6368-v:235948.257)-(t:8.119-t:6369-v:235792.406)-(t:8.119-t:6370-v:235567.367)-(t:8.122-t:6371-v:235567.128)-(t:8.123-t:6372-v:234923.561)-(t:8.123-t:6373-v:234848.979)-(t:8.123-t:6374-v:234513.087)-(t:8.123-t:6375-v:234213.084)-(t:9.478-t:8235-v:234193.094)-(t:9.479-t:8236-v:232469.418)-(t:9.479-t:8237-v:232132.149)-(t:9.479-t:8238-v:231726.356)-(t:9.480-t:8239-v:231544.957)-(t:9.480-t:8240-v:231383.413)-(t:9.480-t:8241-v:228492.217)-(t:9.481-t:8242-v:228491.064)-(t:9.481-t:8243-v:228259.37)-(t:9.481-t:8244-v:227711.729)-(t:9.482-t:8245-v:226594.194)-(t:9.482-t:8246-v:226254.194)-(t:9.484-t:8247-v:225845.843)-(t:9.484-t:8248-v:225093.529)-(t:9.487-t:8249-v:223078.611)-(t:9.487-t:8250-v:222942.698)-(t:9.487-t:8251-v:222713.185)-(t:9.487-t:8252-v:222712.016)-(t:9.487-t:8253-v:222676.203)-(t:9.488-t:8254-v:221853.785)-(t:9.488-t:8255-v:221108.185)-(t:9.488-t:8256-v:220565.286)-(t:49.014-t:77287-v:220323.213)-(t:49.014-t:77288-v:219983.213)-(t:59.517-t:96071-v:218956.817)-(t:59.518-t:96072-v:218333.118)-(t:67.744-t:110695-v:218235.37)-(t:67.745-t:110696-v:217761.03)-(t:67.745-t:110697-v:217389.991)-(t:67.745-t:110698-v:217049.991)-(t:67.746-t:110699-v:216762.989)-(t:67.746-t:110700-v:216422.989)-(t:98.327-t:165125-v:216376.276)-(t:98.329-t:165126-v:216220.425)-(t:98.330-t:165127-v:215880.425)-(t:116.385-t:197270-v:215524.48)-(t:116.386-t:197271-v:214752.255)-(t:212.752-t:369072-v:214608.453)-(t:212.753-t:369073-v:214268.453)-(t:212.754-t:369074-v:214136.816)-(t:212.754-t:369075-v:213796.816)-(t:212.755-t:369076-v:213658.515)-(t:212.755-t:369077-v:213318.515)-(t:212.760-t:369078-v:213138.981)-(t:212.760-t:369079-v:212847.444)-(t:212.761-t:369080-v:212770.75)-(t:212.761-t:369081-v:212730.656)-(t:212.762-t:369082-v:212349.773)-(t:635.028-t:1120378-v:212345.945)],492.892
examples/tsp/tsplib/eil51.tsp,roundrobin,r1,900,0,466.835,[(t:0.626-t:136-v:971.63)-(t:0.628-t:137-v:968.237)-(t:0.629-t:138-v:965.265)-(t:0.629-t:139-v:960.252)-(t:0.631-t:140-v:958.515)-(t:0.634-t:141-v:951.083)-(t:0.635-t:142-v:948.245)-(t:0.640-t:143-v:936.984)-(t:0.641-t:144-v:931.395)-(t:0.641-t:145-v:924.533)-(t:0.642-t:146-v:924.286)-(t:0.659-t:147-v:924.166)-(t:0.662-t:148-v:922.193)-(t:0.678-t:149-v:921.661)-(t:0.681-t:150-v:918.679)-(t:0.692-t:151-v:916.833)-(t:0.693-t:152-v:911.038)-(t:0.696-t:153-v:902.967)-(t:0.709-t:154-v:899.106)-(t:0.714-t:155-v:856.683)-(t:0.719-t:156-v:852.757)-(t:0.725-t:157-v:791.61)-(t:0.742-t:158-v:790.753)-(t:0.763-t:159-v:783.488)-(t:0.771-t:160-v:778.71)-(t:0.779-t:161-v:773.86)-(t:0.803-t:162-v:773.815)-(t:0.808-t:163-v:770.139)-(t:0.809-t:164-v:767.567)-(t:0.810-t:165-v:757.211)-(t:0.812-t:166-v:751.809)-(t:0.813-t:167-v:738.762)-(t:0.833-t:168-v:732.393)-(t:0.835-t:169-v:725.144)-(t:0.855-t:170-v:712.118)-(t:0.856-t:171-v:704.442)-(t:0.860-t:172-v:703.919)-(t:0.862-t:173-v:699.863)-(t:0.866-t:174-v:699.468)-(t:0.873-t:175-v:694.456)-(t:0.877-t:176-v:691.263)-(t:0.893-t:177-v:689.751)-(t:0.912-t:178-v:679.146)-(t:0.917-t:179-v:673.621)-(t:0.924-t:180-v:670.45)-(t:1.158-t:228-v:667.791)-(t:1.178-t:229-v:663.022)-(t:1.183-t:230-v:658.912)-(t:1.206-t:231-v:648.101)-(t:1.208-t:232-v:646.161)-(t:1.215-t:233-v:642.431)-(t:1.230-t:234-v:642.184)-(t:1.234-t:235-v:619.387)-(t:1.923-t:515-v:616.469)-(t:1.925-t:516-v:605.146)-(t:1.926-t:517-v:603.094)-(t:1.928-t:518-v:599.844)-(t:1.942-t:519-v:586.541)-(t:1.945-t:520-v:581.691)-(t:1.946-t:521-v:581.461)-(t:1.947-t:522-v:573.91)-(t:1.962-t:523-v:568.986)-(t:1.963-t:524-v:568.05)-(t:1.964-t:525-v:562.748)-(t:1.964-t:526-v:560.584)-(t:1.965-t:527-v:553.74)-(t:1.972-t:528-v:551.686)-(t:1.973-t:529-v:547.145)-(t:1.976-t:530-v:538.521)-(t:1.977-t:531-v:536.293)-(t:1.978-t:532-v:529.047)-(t:1.979-t:533-v:527.54)-(t:2.924-t:1299-v:524.969)-(t:2.925-t:1300-v:520.829)-(t:2.926-t:1301-v:517.805)-(t:2.927-t:1302-v:513.387)-(t:6.240-t:6234-v:509.819)-(t:6.241-t:6235-v:509.565)-(t:6.241-t:6236-v:509.052)-(t:7.276-t:8018-v:507.699)-(t:7.277-t:8019-v:506.623)-(t:8.237-t:9700-v:504.954)-(t:8.239-t:9701-v:495.502)-(t:8.554-t:10328-v:493.873)-(t:8.555-t:10329-v:490.512)-(t:8.556-t:10330-v:486.17)-(t:16.345-t:28457-v:482.448)-(t:17.088-t:30097-v:479.83)-(t:17.090-t:30098-v:476.64)-(t:26.795-t:50815-v:476.048)-(t:26.795-t:50816-v:469.204)-(t:61.692-t:129026-v:468.051)-(t:76.919-t:162520-v:467.626)-(t:168.947-t:365715-v:466.835)],81.020
examples/tsp/tsplib/brazil58.tsp,bestslopefirst,r1,900,0,26149.0,[(t:1.085-t:238-v:53562.0)-(t:1.086-t:239-v:53561.0)-(t:1.088-t:240-v:51968.0)-(t:1.103-t:241-v:51817.0)-(t:1.108-t:242-v:50337.0)-(t:1.112-t:243-v:48021.0)-(t:1.112-t:244-v:47921.0)-(t:1.113-t:245-v:47878.0)-(t:1.114-t:246-v:47334.0)-(t:1.116-t:247-v:45771.0)-(t:1.118-t:248-v:45493.0)-(t:1.120-t:249-v:45345.0)-(t:1.136-t:250-v:44823.0)-(t:1.138-t:251-v:44542.0)-(t:1.140-t:252-v:44540.0)-(t:1.143-t:253-v:44482.0)-(t:1.158-t:254-v:43905.0)-(t:1.164-t:255-v:43888.0)-(t:1.167-t:256-v:43820.0)-(t:1.169-t:257-v:43704.0)-(t:1.170-t:258-v:43578.0)-(t:1.171-t:259-v:43577.0)-(t:1.171-t:260-v:42788.0)-(t:1.173-t:261-v:42784.0)-(t:1.175-t:262-v:42478.0)-(t:1.176-t:263-v:42092.0)-(t:1.178-t:264-v:42068.0)-(t:1.181-t:265-v:42012.0)-(t:1.196-t:266-v:41988.0)-(t:1.198-t:267-v:41951.0)-(t:1.201-t:268-v:41948.0)-(t:1.203-t:269-v:41807.0)-(t:1.204-t:270-v:41711.0)-(t:1.206-t:271-v:41319.0)-(t:1.207-t:272-v:41215.0)-(t:1.207-t:273-v:41204.0)-(t:1.211-t:274-v:40933.0)-(t:1.225-t:275-v:40899.0)-(t:1.227-t:276-v:40893.0)-(t:1.229-t:277-v:40618.0)-(t:1.233-t:278-v:40560.0)-(t:1.236-t:279-v:40289.0)-(t:1.239-t:280-v:40199.0)-(t:1.245-t:281-v:40132.0)-(t:1.262-t:282-v:40119.0)-(t:1.264-t:283-v:40033.0)-(t:1.266-t:284-v:40030.0)-(t:1.270-t:285-v:40001.0)-(t:1.815-t:427-v:39798.0)-(t:1.819-t:428-v:39788.0)-(t:2.081-t:515-v:39759.0)-(t:2.388-t:683-v:39730.0)-(t:2.388-t:684-v:38962.0)-(t:2.389-t:685-v:38933.0)-(t:2.390-t:686-v:38850.0)-(t:2.390-t:687-v:38707.0)-(t:2.390-t:688-v:38700.0)-(t:2.390-t:689-v:38684.0)-(t:2.391-t:690-v:38658.0)-(t:2.392-t:691-v:38518.0)-(t:2.393-t:692-v:37826.0)-(t:2.394-t:693-v:37693.0)-(t:2.394-t:694-v:37171.0)-(t:2.395-t:695-v:37149.0)-(t:2.410-t:696-v:36785.0)-(t:2.415-t:697-v:36319.0)-(t:2.415-t:698-v:36018.0)-(t:2.417-t:699-v:35884.0)-(t:2.418-t:700-v:35715.0)-(t:2.418-t:701-v:35713.0)-(t:2.419-t:702-v:35710.0)-(t:2.420-t:703-v:35215.0)-(t:2.784-t:961-v:35182.0)-(t:2.786-t:962-v:34697.0)-(t:2.787-t:963-v:34469.0)-(t:2.789-t:964-v:34350.0)-(t:2.790-t:965-v:34245.0)-(t:2.791-t:966-v:34218.0)-(t:2.793-t:967-v:34210.0)-(t:4.998-t:3314-v:34141.0)-(t:5.012-t:3315-v:34111.0)-(t:5.013-t:3316-v:33992.0)-(t:5.790-t:4407-v:33823.0)-(t:5.791-t:4408-v:33746.0)-(t:5.791-t:4409-v:33398.0)-(t:7.438-t:6807-v:33274.0)-(t:8.842-t:8913-v:33207.0)-(t:8.843-t:8914-v:32883.0)-(t:8.844-t:8915-v:32859.0)-(t:8.844-t:8916-v:32831.0)-(t:8.845-t:8917-v:32288.0)-(t:8.845-t:8918-v:32139.0)-(t:8.847-t:8919-v:31863.0)-(t:8.848-t:8920-v:31570.0)-(t:8.849-t:8921-v:30993.0)-(t:8.850-t:8922-v:30926.0)-(t:8.851-t:8923-v:30923.0)-(t:8.866-t:8924-v:30852.0)-(t:8.866-t:8925-v:30494.0)-(t:22.797-t:34344-v:30404.0)-(t:22.798-t:34345-v:30368.0)-(t:22.799-t:34346-v:30328.0)-(t:35.430-t:56760-v:30157.0)-(t:35.432-t:56761-v:29685.0)-(t:35.434-t:56762-v:29625.0)-(t:35.435-t:56763-v:29245.0)-(t:48.349-t:80328-v:29180.0)-(t:48.352-t:80329-v:29177.0)-(t:52.968-t:88701-v:29100.0)-(t:52.969-t:88702-v:29034.0)-(t:52.969-t:88703-v:28576.0)-(t:52.972-t:88704-v:28498.0)-(t:135.798-t:238381-v:28316.0)-(t:135.799-t:238382-v:28315.0)-(t:135.800-t:238383-v:27751.0)-(t:135.800-t:238384-v:27602.0)-(t:135.802-t:238385-v:27598.0)-(t:281.655-t:501141-v:27561.0)-(t:281.656-t:501142-v:27409.0)-(t:313.057-t:557767-v:27310.0)-(t:313.058-t:557768-v:26902.0)-(t:313.059-t:557769-v:26862.0)-(t:313.059-t:557770-v:26817.0)-(t:313.061-t:557771-v:26660.0)-(t:313.062-t:557772-v:26655.0)-(t:313.063-t:557773-v:26626.0)-(t:313.064-t:557774-v:26592.0)-(t:313.066-t:557775-v:26406.0)-(t:313.069-t:557776-v:26376.0)-(t:313.071-t:557777-v:26227.0)-(t:313.072-t:557778-v:26197.0)-(t:313.073-t:557779-v:26149.0)],49.760
examples/tsp/tsplib/rd400.tsp,bestslopefirst,r1,900,0,58160.555,[(t:6.281-t:2506-v:67623.09)-(t:6.283-t:2507-v:67606.924)-(t:6.284-t:2508-v:67600.112)-(t:6.286-t:2509-v:67547.118)-(t:6.288-t:2510-v:67168.676)-(t:6.291-t:2511-v:67150.682)-(t:6.293-t:2512-v:67147.008)-(t:6.296-t:2513-v:66999.407)-(t:6.300-t:2514-v:66987.446)-(t:6.300-t:2515-v:66912.993)-(t:6.301-t:2516-v:66891.097)-(t:6.313-t:2517-v:66883.127)-(t:6.313-t:2518-v:66807.716)-(t:6.319-t:2519-v:66685.189)-(t:6.320-t:2520-v:66682.638)-(t:6.322-t:2521-v:66659.732)-(t:6.324-t:2522-v:66645.193)-(t:6.333-t:2523-v:66630.85)-(t:6.336-t:2524-v:66564.721)-(t:6.337-t:2525-v:66559.637)-(t:6.344-t:2526-v:66557.148)-(t:6.349-t:2527-v:66553.331)-(t:6.359-t:2528-v:66468.764)-(t:6.362-t:2529-v:66050.982)-(t:8.817-t:2973-v:65955.502)-(t:8.819-t:2974-v:65875.978)-(t:8.821-t:2975-v:65873.197)-(t:8.824-t:2976-v:65820.588)-(t:8.839-t:2977-v:65791.463)-(t:8.859-t:2978-v:65728.276)-(t:8.868-t:2979-v:65722.259)-(t:19.184-t:5701-v:65684.033)-(t:19.186-t:5702-v:65671.481)-(t:19.196-t:5703-v:65404.231)-(t:19.197-t:5704-v:65369.463)-(t:19.198-t:5705-v:65334.028)-(t:19.204-t:5706-v:65282.841)-(t:19.210-t:5707-v:65282.301)-(t:19.210-t:5708-v:65103.574)-(t:19.223-t:5709-v:64557.414)-(t:19.233-t:5710-v:64551.035)-(t:20.267-t:6121-v:64334.281)-(t:20.277-t:6122-v:64317.522)-(t:30.350-t:8960-v:64293.012)-(t:30.364-t:8961-v:64288.894)-(t:30.366-t:8962-v:64243.376)-(t:30.381-t:8963-v:64239.885)-(t:30.384-t:8964-v:64224.16)-(t:30.390-t:8965-v:64169.271)-(t:30.393-t:8966-v:64148.913)-(t:30.405-t:8967-v:64044.275)-(t:30.410-t:8968-v:63632.926)-(t:51.094-t:15447-v:63513.316)-(t:51.104-t:15448-v:63445.495)-(t:51.109-t:15449-v:63437.163)-(t:51.116-t:15450-v:63397.126)-(t:51.121-t:15451-v:63383.829)-(t:82.710-t:25277-v:63255.667)-(t:82.722-t:25278-v:63217.742)-(t:82.729-t:25279-v:62993.681)-(t:82.730-t:25280-v:62982.614)-(t:82.733-t:25281-v:62980.882)-(t:82.736-t:25282-v:62945.646)-(t:82.737-t:25283-v:62941.784)-(t:82.738-t:25284-v:62665.695)-(t:82.749-t:25285-v:62587.532)-(t:82.749-t:25286-v:62580.879)-(t:82.750-t:25287-v:62528.771)-(t:82.754-t:25288-v:62510.167)-(t:82.755-t:25289-v:62506.19)-(t:82.771-t:25290-v:62183.625)-(t:82.776-t:25291-v:62104.797)-(t:82.790-t:25292-v:62013.47)-(t:93.589-t:28538-v:61917.708)-(t:93.592-t:28539-v:61883.061)-(t:93.597-t:28540-v:61855.979)-(t:93.600-t:28541-v:61838.379)-(t:93.603-t:28542-v:61832.282)-(t:93.615-t:28543-v:61774.126)-(t:93.620-t:28544-v:61759.145)-(t:93.624-t:28545-v:61739.023)-(t:93.636-t:28546-v:61687.074)-(t:93.648-t:28547-v:61622.439)-(t:131.182-t:40604-v:60932.273)-(t:131.182-t:40605-v:60901.313)-(t:131.183-t:40606-v:60849.989)-(t:131.185-t:40607-v:60845.053)-(t:131.190-t:40608-v:60844.828)-(t:131.196-t:40609-v:60806.944)-(t:131.204-t:40610-v:60769.945)-(t:131.211-t:40611-v:60728.98)-(t:131.212-t:40612-v:60662.471)-(t:131.217-t:40613-v:60638.945)-(t:131.223-t:40614-v:60229.501)-(t:131.234-t:40615-v:60116.331)-(t:131.239-t:40616-v:60079.205)-(t:131.243-t:40617-v:60067.722)-(t:131.245-t:40618-v:60066.681)-(t:131.249-t:40619-v:60057.771)-(t:131.255-t:40620-v:59891.653)-(t:131.258-t:40621-v:59891.393)-(t:131.262-t:40622-v:59675.223)-(t:131.269-t:40623-v:59649.868)-(t:131.272-t:40624-v:59508.335)-(t:131.276-t:40625-v:59496.251)-(t:131.287-t:40626-v:59450.129)-(t:131.288-t:40627-v:59449.161)-(t:131.294-t:40628-v:59434.222)-(t:131.295-t:40629-v:59359.942)-(t:131.296-t:40630-v:59178.296)-(t:131.296-t:40631-v:59105.853)-(t:131.302-t:40632-v:59091.816)-(t:131.303-t:40633-v:59016.405)-(t:131.310-t:40634-v:58996.493)-(t:131.310-t:40635-v:58894.329)-(t:131.323-t:40636-v:58864.926)-(t:131.327-t:40637-v:58797.927)-(t:670.343-t:207898-v:58779.091)-(t:670.345-t:207899-v:58695.572)-(t:670.348-t:207900-v:58637.349)-(t:670.355-t:207901-v:58626.161)-(t:670.361-t:207902-v:58614.2)-(t:670.361-t:207903-v:58600.126)-(t:670.362-t:207904-v:58578.23)-(t:670.364-t:207905-v:58372.074)-(t:670.364-t:207906-v:58217.357)-(t:670.370-t:207907-v:58207.427)-(t:670.382-t:207908-v:58160.555)],669.283
examples/tsp/tsplib/kroA100.tsp,bestslopefirst,r1,900,0,33287.015,[(t:1.792-t:474-v:63019.757)-(t:1.793-t:475-v:62964.554)-(t:1.794-t:476-v:62875.578)-(t:1.794-t:477-v:62813.69)-(t:1.795-t:478-v:62286.368)-(t:1.796-t:479-v:62120.464)-(t:1.797-t:480-v:61499.25)-(t:1.798-t:481-v:61366.338)-(t:1.799-t:482-v:61193.792)-(t:1.799-t:483-v:61179.536)-(t:1.801-t:484-v:60999.377)-(t:1.802-t:485-v:60800.426)-(t:1.802-t:486-v:60434.038)-(t:1.803-t:487-v:60282.677)-(t:1.819-t:488-v:59408.771)-(t:1.820-t:489-v:59258.514)-(t:1.821-t:490-v:57914.426)-(t:1.822-t:491-v:57908.354)-(t:1.823-t:492-v:57700.603)-(t:1.825-t:493-v:57669.122)-(t:1.825-t:494-v:57287.149)-(t:1.825-t:495-v:56182.048)-(t:1.826-t:496-v:56052.08)-(t:1.826-t:497-v:55436.531)-(t:1.826-t:498-v:54989.181)-(t:1.828-t:499-v:54928.811)-(t:1.829-t:500-v:54920.615)-(t:1.829-t:501-v:54355.464)-(t:1.830-t:502-v:54258.783)-(t:1.831-t:503-v:53667.693)-(t:1.832-t:504-v:53108.393)-(t:1.833-t:505-v:51683.739)-(t:1.835-t:506-v:50950.514)-(t:1.836-t:507-v:50848.247)-(t:1.837-t:508-v:50773.412)-(t:1.837-t:509-v:50730.914)-(t:1.838-t:510-v:50663.665)-(t:1.838-t:511-v:50545.23)-(t:1.852-t:512-v:50456.003)-(t:1.854-t:513-v:50433.331)-(t:1.855-t:514-v:50157.099)-(t:1.858-t:515-v:49748.317)-(t:1.862-t:516-v:49599.898)-(t:1.863-t:517-v:49569.784)-(t:2.341-t:625-v:49357.958)-(t:2.342-t:626-v:49167.51)-(t:2.358-t:627-v:49147.407)-(t:2.361-t:628-v:48803.171)-(t:2.366-t:629-v:48775.093)-(t:2.367-t:630-v:48697.915)-(t:2.372-t:631-v:48492.803)-(t:2.377-t:632-v:48331.077)-(t:2.398-t:633-v:48167.044)-(t:2.400-t:634-v:48072.198)-(t:2.421-t:635-v:48024.478)-(t:2.437-t:636-v:47731.119)-(t:2.441-t:637-v:47534.706)-(t:3.150-t:807-v:47525.584)-(t:3.152-t:808-v:47405.34)-(t:3.154-t:809-v:47313.024)-(t:3.156-t:810-v:47299.001)-(t:3.171-t:811-v:47278.392)-(t:3.171-t:812-v:47246.919)-(t:3.172-t:813-v:46513.441)-(t:3.173-t:814-v:45898.876)-(t:3.176-t:815-v:45884.813)-(t:3.179-t:816-v:45627.839)-(t:3.180-t:817-v:45626.573)-(t:3.184-t:818-v:45315.44)-(t:3.201-t:819-v:44443.966)-(t:3.902-t:1092-v:42633.505)-(t:3.902-t:1093-v:42609.554)-(t:3.902-t:1094-v:42479.408)-(t:3.903-t:1095-v:41775.111)-(t:3.909-t:1096-v:41162.584)-(t:3.910-t:1097-v:40622.984)-(t:3.911-t:1098-v:40200.822)-(t:3.912-t:1099-v:39781.641)-(t:3.913-t:1100-v:39586.549)-(t:3.914-t:1101-v:39336.041)-(t:3.915-t:1102-v:39287.086)-(t:3.916-t:1103-v:38974.258)-(t:3.918-t:1104-v:38969.375)-(t:3.919-t:1105-v:38759.575)-(t:3.920-t:1106-v:38459.695)-(t:3.935-t:1107-v:37807.028)-(t:3.937-t:1108-v:37524.259)-(t:9.189-t:5708-v:37262.48)-(t:9.190-t:5709-v:37121.319)-(t:9.191-t:5710-v:37011.136)-(t:9.196-t:5711-v:36979.011)-(t:9.196-t:5712-v:36419.327)-(t:9.198-t:5713-v:36377.407)-(t:9.199-t:5714-v:36306.361)-(t:9.201-t:5715-v:36061.608)-(t:85.438-t:86025-v:35122.739)-(t:85.439-t:86026-v:34766.116)-(t:85.439-t:86027-v:34733.722)-(t:85.442-t:86028-v:34685.392)-(t:85.444-t:86029-v:34446.764)-(t:85.444-t:86030-v:34408.017)-(t:85.444-t:86031-v:34358.795)-(t:85.448-t:86032-v:34163.661)-(t:85.450-t:86033-v:33840.84)-(t:202.195-t:212873-v:33758.715)-(t:202.198-t:212874-v:33638.094)-(t:344.188-t:367699-v:33589.73)-(t:344.191-t:367700-v:33531.768)-(t:344.194-t:367701-v:33287.015)],332.431
examples/tsp/tsplib/dantzig42.tsp,roundrobin,r1,900,0,732.0,[(t:0.567-t:108-v:849.0)-(t:0.571-t:109-v:841.0)-(t:0.573-t:110-v:793.0)-(t:0.744-t:137-v:765.0)-(t:0.745-t:138-v:760.0)-(t:0.758-t:139-v:751.0)-(t:0.759-t:140-v:740.0)-(t:0.774-t:141-v:732.0)],41.129
examples/tsp/tsplib/gil262.tsp,roundrobin,r1,900,0,6921.303,[(t:1.383-t:775-v:20527.035)-(t:1.383-t:776-v:20515.611)-(t:1.384-t:777-v:20473.489)-(t:1.385-t:778-v:20453.185)-(t:1.386-t:779-v:20421.821)-(t:1.386-t:780-v:20419.879)-(t:1.401-t:781-v:20412.235)-(t:1.402-t:782-v:20384.142)-(t:1.403-t:783-v:20378.353)-(t:1.404-t:784-v:20369.606)-(t:1.404-t:785-v:20361.489)-(t:1.405-t:786-v:20349.973)-(t:1.407-t:787-v:20343.763)-(t:1.409-t:788-v:20332.389)-(t:1.409-t:789-v:20331.209)-(t:1.410-t:790-v:20326.679)-(t:1.423-t:791-v:20305.53)-(t:1.425-t:792-v:20234.619)-(t:1.426-t:793-v:20231.293)-(t:1.428-t:794-v:20227.515)-(t:1.429-t:795-v:20219.48)-(t:1.445-t:796-v:20071.303)-(t:1.446-t:797-v:20045.806)-(t:1.446-t:798-v:20020.597)-(t:1.447-t:799-v:20016.561)-(t:1.448-t:800-v:19962.369)-(t:1.448-t:801-v:19952.34)-(t:1.451-t:802-v:19881.42)-(t:1.451-t:803-v:19827.731)-(t:1.452-t:804-v:19819.254)-(t:1.453-t:805-v:19811.207)-(t:1.454-t:806-v:19782.94)-(t:1.455-t:807-v:19778.155)-(t:1.471-t:808-v:19776.742)-(t:1.474-t:809-v:19776.214)-(t:1.476-t:810-v:19764.131)-(t:1.480-t:811-v:19762.978)-(t:1.480-t:812-v:19758.702)-(t:1.480-t:813-v:19721.411)-(t:1.483-t:814-v:19695.278)-(t:1.498-t:815-v:19663.888)-(t:1.499-t:816-v:19658.023)-(t:1.500-t:817-v:19649.792)-(t:1.500-t:818-v:19637.033)-(t:1.501-t:819-v:19633.134)-(t:1.501-t:820-v:19606.978)-(t:1.501-t:821-v:19593.442)-(t:1.502-t:822-v:19573.714)-(t:1.504-t:823-v:19516.64)-(t:1.506-t:824-v:19510.031)-(t:1.519-t:825-v:19487.443)-(t:1.522-t:826-v:19450.833)-(t:1.524-t:827-v:19438.037)-(t:1.524-t:828-v:19431.606)-(t:1.525-t:829-v:19399.007)-(t:1.541-t:830-v:19389.059)-(t:1.543-t:831-v:19382.323)-(t:1.545-t:832-v:19338.786)-(t:1.547-t:833-v:19335.815)-(t:1.549-t:834-v:19326.824)-(t:1.552-t:835-v:19310.007)-(t:1.553-t:836-v:19304.73)-(t:1.553-t:837-v:19303.848)-(t:1.557-t:838-v:19227.273)-(t:1.559-t:839-v:19225.344)-(t:1.576-t:840-v:19153.886)-(t:1.578-t:841-v:19107.327)-(t:1.581-t:842-v:19080.695)-(t:1.582-t:843-v:19072.017)-(t:1.585-t:844-v:19041.516)-(t:1.587-t:845-v:19039.124)-(t:1.590-t:846-v:19035.473)-(t:1.611-t:847-v:18994.756)-(t:1.612-t:848-v:18990.445)-(t:1.614-t:849-v:18901.581)-(t:1.618-t:850-v:18818.59)-(t:1.621-t:851-v:18794.699)-(t:1.639-t:852-v:18785.523)-(t:1.640-t:853-v:18771.889)-(t:1.640-t:854-v:18771.873)-(t:1.641-t:855-v:18770.194)-(t:1.642-t:856-v:18770.079)-(t:1.643-t:857-v:18763.899)-(t:1.643-t:858-v:18763.885)-(t:1.644-t:859-v:18727.227)-(t:1.660-t:860-v:18705.163)-(t:1.661-t:861-v:18695.539)-(t:1.661-t:862-v:18693.948)-(t:1.661-t:863-v:18692.706)-(t:1.663-t:864-v:18690.35)-(t:1.663-t:865-v:18688.215)-(t:1.665-t:866-v:18681.774)-(t:1.667-t:867-v:18649.648)-(t:1.667-t:868-v:18643.866)-(t:1.668-t:869-v:18637.456)-(t:1.687-t:870-v:18636.895)-(t:1.689-t:871-v:18591.407)-(t:1.694-t:872-v:18580.106)-(t:1.695-t:873-v:18561.207)-(t:1.696-t:874-v:18555.761)-(t:1.697-t:875-v:18540.064)-(t:1.713-t:876-v:18481.186)-(t:1.714-t:877-v:18473.151)-(t:1.716-t:878-v:18458.177)-(t:1.720-t:879-v:18450.644)-(t:1.724-t:880-v:18391.014)-(t:1.727-t:881-v:18375.437)-(t:1.731-t:882-v:18355.043)-(t:1.736-t:883-v:18347.93)-(t:1.758-t:884-v:18287.135)-(t:1.762-t:885-v:18285.666)-(t:1.763-t:886-v:18285.615)-(t:1.763-t:887-v:18285.602)-(t:1.764-t:888-v:18273.009)-(t:1.765-t:889-v:18261.578)-(t:1.765-t:890-v:18237.613)-(t:1.766-t:891-v:18237.086)-(t:1.775-t:892-v:18230.16)-(t:1.776-t:893-v:18222.153)-(t:1.783-t:894-v:18202.692)-(t:1.785-t:895-v:18138.836)-(t:1.795-t:896-v:18134.563)-(t:1.798-t:897-v:18131.022)-(t:1.815-t:898-v:18123.281)-(t:1.816-t:899-v:18122.188)-(t:1.819-t:900-v:18106.85)-(t:1.820-t:901-v:18079.775)-(t:1.822-t:902-v:18072.311)-(t:1.838-t:903-v:18034.353)-(t:1.842-t:904-v:18012.394)-(t:1.844-t:905-v:17987.248)-(t:1.849-t:906-v:17926.558)-(t:1.854-t:907-v:17870.083)-(t:1.873-t:908-v:17867.565)-(t:1.880-t:909-v:17858.178)-(t:1.882-t:910-v:17841.069)-(t:1.882-t:911-v:17833.238)-(t:1.883-t:912-v:17823.105)-(t:1.884-t:913-v:17821.665)-(t:1.900-t:914-v:17816.338)-(t:1.901-t:915-v:17788.835)-(t:1.904-t:916-v:17761.621)-(t:1.908-t:917-v:17728.966)-(t:1.909-t:918-v:17708.996)-(t:1.924-t:919-v:17705.258)-(t:1.926-t:920-v:17702.812)-(t:1.927-t:921-v:17696.888)-(t:1.933-t:922-v:17683.328)-(t:1.954-t:923-v:17674.185)-(t:1.959-t:924-v:17673.605)-(t:1.976-t:925-v:17582.618)-(t:1.988-t:926-v:17569.162)-(t:2.008-t:927-v:17543.297)-(t:2.016-t:928-v:17533.587)-(t:2.039-t:929-v:17503.863)-(t:2.061-t:930-v:17428.676)-(t:2.062-t:931-v:17424.364)-(t:2.064-t:932-v:17417.902)-(t:2.064-t:933-v:17402.279)-(t:2.066-t:934-v:17395.31)-(t:2.067-t:935-v:17389.675)-(t:2.070-t:936-v:17385.914)-(t:2.089-t:937-v:17323.944)-(t:2.094-t:938-v:17300.162)-(t:2.101-t:939-v:17288.001)-(t:2.102-t:940-v:17283.904)-(t:2.102-t:941-v:17279.527)-(t:2.123-t:942-v:17269.937)-(t:2.124-t:943-v:17256.979)-(t:2.125-t:944-v:17255.442)-(t:2.130-t:945-v:17243.773)-(t:2.135-t:946-v:17213.457)-(t:2.153-t:947-v:17212.875)-(t:2.158-t:948-v:17183.151)-(t:2.164-t:949-v:17181.124)-(t:2.177-t:950-v:17169.291)-(t:2.197-t:951-v:17166.373)-(t:2.202-t:952-v:17166.258)-(t:2.219-t:953-v:17125.817)-(t:2.226-t:954-v:17103.224)-(t:2.244-t:955-v:17099.296)-(t:2.246-t:956-v:17096.413)-(t:2.250-t:957-v:16944.528)-(t:2.255-t:958-v:16908.768)-(t:2.275-t:959-v:16890.047)-(t:2.279-t:960-v:16889.706)-(t:2.280-t:961-v:16875.862)-(t:2.281-t:962-v:16871.807)-(t:2.298-t:963-v:16870.132)-(t:2.303-t:964-v:16867.495)-(t:2.308-t:965-v:16796.315)-(t:2.312-t:966-v:16775.597)-(t:2.328-t:967-v:16757.972)-(t:2.333-t:968-v:16743.438)-(t:2.351-t:969-v:16729.52)-(t:2.352-t:970-v:16675.287)-(t:2.352-t:971-v:16665.782)-(t:2.362-t:972-v:16639.845)-(t:2.367-t:973-v:16635.602)-(t:2.368-t:974-v:16625.661)-(t:2.371-t:975-v:16625.042)-(t:2.391-t:976-v:16622.492)-(t:2.396-t:977-v:16606.089)-(t:2.416-t:978-v:16596.36)-(t:2.421-t:979-v:16471.128)-(t:2.428-t:980-v:16442.693)-(t:2.436-t:981-v:16442.03)-(t:2.440-t:982-v:16417.538)-(t:2.440-t:983-v:16391.78)-(t:2.443-t:984-v:16297.638)-(t:2.447-t:985-v:16296.33)-(t:2.466-t:986-v:16264.8)-(t:2.467-t:987-v:16264.715)-(t:2.470-t:988-v:16260.782)-(t:2.470-t:989-v:16253.251)-(t:2.474-t:990-v:16246.906)-(t:2.488-t:991-v:16232.167)-(t:2.489-t:992-v:16198.329)-(t:2.489-t:993-v:16183.53)-(t:2.492-t:994-v:16161.691)-(t:2.493-t:995-v:16155.997)-(t:2.509-t:996-v:16138.811)-(t:2.509-t:997-v:16138.168)-(t:2.512-t:998-v:16129.498)-(t:2.512-t:999-v:16114.699)-(t:2.515-t:1000-v:16112.859)-(t:2.517-t:1001-v:16101.247)-(t:2.520-t:1002-v:16071.284)-(t:2.539-t:1003-v:16066.319)-(t:2.544-t:1004-v:16017.441)-(t:2.547-t:1005-v:16007.34)-(t:2.552-t:1006-v:15948.83)-(t:2.570-t:1007-v:15942.543)-(t:2.571-t:1008-v:15939.853)-(t:2.571-t:1009-v:15925.688)-(t:2.572-t:1010-v:15921.412)-(t:2.572-t:1011-v:15920.876)-(t:2.573-t:1012-v:15918.36)-(t:2.574-t:1013-v:15917.957)-(t:2.574-t:1014-v:15917.155)-(t:2.576-t:1015-v:15894.589)-(t:2.595-t:1016-v:15851.672)-(t:2.597-t:1017-v:15834.206)-(t:2.597-t:1018-v:15826.13)-(t:2.598-t:1019-v:15824.123)-(t:2.598-t:1020-v:15822.533)-(t:2.600-t:1021-v:15821.214)-(t:2.601-t:1022-v:15791.716)-(t:2.601-t:1023-v:15791.166)-(t:2.602-t:1024-v:15787.489)-(t:2.605-t:1025-v:15786.691)-(t:2.606-t:1026-v:15772.604)-(t:2.609-t:1027-v:15757.026)-(t:2.623-t:1028-v:15751.73)-(t:2.626-t:1029-v:15747.691)-(t:2.627-t:1030-v:15692.984)-(t:2.628-t:1031-v:15692.83)-(t:2.629-t:1032-v:15675.275)-(t:2.630-t:1033-v:15671.503)-(t:2.631-t:1034-v:15670.305)-(t:2.637-t:1035-v:15661.653)-(t:2.637-t:1036-v:15653.618)-(t:2.638-t:1037-v:15650.636)-(t:2.639-t:1038-v:15616.157)-(t:2.641-t:1039-v:15592.908)-(t:2.642-t:1040-v:15590.393)-(t:2.642-t:1041-v:15578.29)-(t:2.656-t:1042-v:15546.108)-(t:2.658-t:1043-v:15506.026)-(t:2.660-t:1044-v:15497.993)-(t:2.660-t:1045-v:15480.056)-(t:2.660-t:1046-v:15474.693)-(t:2.661-t:1047-v:15472.23)-(t:2.661-t:1048-v:15447.81)-(t:2.663-t:1049-v:15418.034)-(t:2.664-t:1050-v:15417.551)-(t:2.665-t:1051-v:15413.112)-(t:2.666-t:1052-v:15398.554)-(t:2.667-t:1053-v:15394.523)-(t:2.667-t:1054-v:15381.407)-(t:2.667-t:1055-v:15380.166)-(t:2.668-t:1056-v:15360.967)-(t:2.676-t:1057-v:15360.758)-(t:2.676-t:1058-v:15359.14)-(t:2.676-t:1059-v:15349.62)-(t:2.676-t:1060-v:15348.01)-(t:2.693-t:1061-v:15320.155)-(t:2.698-t:1062-v:15230.743)-(t:2.698-t:1063-v:15217.304)-(t:2.698-t:1064-v:15217.28)-(t:2.698-t:1065-v:15202.254)-(t:2.699-t:1066-v:15201.013)-(t:2.700-t:1067-v:15200.55)-(t:2.702-t:1068-v:15183.319)-(t:2.702-t:1069-v:15181.169)-(t:2.703-t:1070-v:15179.868)-(t:2.703-t:1071-v:15178.258)-(t:2.706-t:1072-v:15158.737)-(t:2.706-t:1073-v:15133.635)-(t:2.721-t:1074-v:15120.668)-(t:2.722-t:1075-v:15100.596)-(t:2.724-t:1076-v:15062.75)-(t:2.726-t:1077-v:15057.119)-(t:2.728-t:1078-v:15027.984)-(t:2.729-t:1079-v:15017.302)-(t:2.732-t:1080-v:14938.437)-(t:2.733-t:1081-v:14931.417)-(t:2.733-t:1082-v:14927.948)-(t:2.741-t:1083-v:14926.02)-(t:2.743-t:1084-v:14925.0)-(t:2.744-t:1085-v:14917.343)-(t:2.744-t:1086-v:14916.243)-(t:2.744-t:1087-v:14904.84)-(t:2.753-t:1088-v:14885.567)-(t:2.755-t:1089-v:14879.021)-(t:2.758-t:1090-v:14878.931)-(t:2.762-t:1091-v:14878.35)-(t:2.779-t:1092-v:14872.702)-(t:2.783-t:1093-v:14795.669)-(t:2.784-t:1094-v:14793.446)-(t:2.797-t:1095-v:14771.693)-(t:2.798-t:1096-v:14756.462)-(t:2.801-t:1097-v:14704.352)-(t:2.804-t:1098-v:14693.5)-(t:2.822-t:1099-v:14688.147)-(t:2.826-t:1100-v:14652.431)-(t:2.829-t:1101-v:14604.246)-(t:2.833-t:1102-v:14602.47)-(t:2.836-t:1103-v:14598.379)-(t:2.840-t:1104-v:14546.79)-(t:2.856-t:1105-v:14530.99)-(t:2.859-t:1106-v:14505.106)-(t:2.875-t:1107-v:14491.802)-(t:2.879-t:1108-v:14433.485)-(t:2.880-t:1109-v:14432.923)-(t:2.882-t:1110-v:14425.656)-(t:2.883-t:1111-v:14401.772)-(t:2.883-t:1112-v:14390.197)-(t:2.886-t:1113-v:14375.802)-(t:2.904-t:1114-v:14365.467)-(t:2.905-t:1115-v:14359.958)-(t:2.909-t:1116-v:14344.25)-(t:2.909-t:1117-v:14323.658)-(t:2.910-t:1118-v:14302.427)-(t:2.926-t:1119-v:14295.046)-(t:2.929-t:1120-v:14293.879)-(t:2.930-t:1121-v:14292.355)-(t:2.930-t:1122-v:14267.789)-(t:2.933-t:1123-v:14182.153)-(t:2.937-t:1124-v:14173.256)-(t:2.941-t:1125-v:14139.892)-(t:2.943-t:1126-v:14133.499)-(t:2.945-t:1127-v:14120.454)-(t:2.960-t:1128-v:14120.447)-(t:2.961-t:1129-v:14107.513)-(t:2.963-t:1130-v:14097.314)-(t:2.964-t:1131-v:14085.625)-(t:2.964-t:1132-v:14085.23)-(t:2.965-t:1133-v:14072.415)-(t:2.966-t:1134-v:14067.638)-(t:2.967-t:1135-v:14066.247)-(t:2.969-t:1136-v:14059.591)-(t:2.990-t:1137-v:14026.571)-(t:2.994-t:1138-v:14021.378)-(t:2.998-t:1139-v:13973.137)-(t:3.001-t:1140-v:13971.915)-(t:3.004-t:1141-v:13964.901)-(t:3.005-t:1142-v:13962.148)-(t:3.021-t:1143-v:13960.065)-(t:3.023-t:1144-v:13952.954)-(t:3.023-t:1145-v:13948.489)-(t:3.024-t:1146-v:13935.039)-(t:3.025-t:1147-v:13914.457)-(t:3.040-t:1148-v:13912.43)-(t:3.041-t:1149-v:13905.319)-(t:3.042-t:1150-v:13900.854)-(t:3.042-t:1151-v:13889.71)-(t:3.043-t:1152-v:13871.502)-(t:3.045-t:1153-v:13870.53)-(t:3.046-t:1154-v:13864.073)-(t:3.047-t:1155-v:13855.592)-(t:3.047-t:1156-v:13847.28)-(t:3.050-t:1157-v:13788.571)-(t:3.053-t:1158-v:13776.489)-(t:3.071-t:1159-v:13773.528)-(t:3.071-t:1160-v:13769.99)-(t:3.071-t:1161-v:13757.652)-(t:3.074-t:1162-v:13739.655)-(t:3.076-t:1163-v:13730.967)-(t:3.079-t:1164-v:13722.336)-(t:3.082-t:1165-v:13721.422)-(t:3.085-t:1166-v:13720.932)-(t:3.088-t:1167-v:13717.671)-(t:3.105-t:1168-v:13716.265)-(t:3.113-t:1169-v:13712.66)-(t:3.114-t:1170-v:13706.538)-(t:3.114-t:1171-v:13672.781)-(t:3.127-t:1172-v:13666.223)-(t:3.131-t:1173-v:13651.455)-(t:3.135-t:1174-v:13642.37)-(t:3.138-t:1175-v:13633.704)-(t:3.139-t:1176-v:13627.323)-(t:3.155-t:1177-v:13621.842)-(t:3.156-t:1178-v:13610.698)-(t:3.159-t:1179-v:13609.612)-(t:3.176-t:1180-v:13572.405)-(t:3.176-t:1181-v:13572.243)-(t:3.177-t:1182-v:13562.52)-(t:3.178-t:1183-v:13556.537)-(t:3.180-t:1184-v:13549.73)-(t:3.184-t:1185-v:13514.517)-(t:3.187-t:1186-v:13477.092)-(t:3.189-t:1187-v:13431.823)-(t:3.205-t:1188-v:13421.566)-(t:3.209-t:1189-v:13415.948)-(t:3.211-t:1190-v:13409.385)-(t:3.211-t:1191-v:13399.058)-(t:3.212-t:1192-v:13396.222)-(t:3.212-t:1193-v:13394.557)-(t:3.227-t:1194-v:13392.163)-(t:3.229-t:1195-v:13389.928)-(t:3.230-t:1196-v:13365.98)-(t:3.232-t:1197-v:13361.172)-(t:3.234-t:1198-v:13357.27)-(t:3.236-t:1199-v:13355.064)-(t:3.237-t:1200-v:13353.73)-(t:3.239-t:1201-v:13350.088)-(t:3.241-t:1202-v:13349.57)-(t:3.242-t:1203-v:13349.483)-(t:3.244-t:1204-v:13347.536)-(t:3.246-t:1205-v:13344.666)-(t:3.262-t:1206-v:13336.861)-(t:3.264-t:1207-v:13335.273)-(t:3.281-t:1208-v:13327.147)-(t:3.284-t:1209-v:13227.342)-(t:3.288-t:1210-v:13211.155)-(t:3.289-t:1211-v:13196.874)-(t:3.291-t:1212-v:13181.593)-(t:3.294-t:1213-v:13179.862)-(t:3.295-t:1214-v:13168.322)-(t:3.295-t:1215-v:13167.039)-(t:3.296-t:1216-v:13144.487)-(t:3.311-t:1217-v:13080.085)-(t:3.312-t:1218-v:13079.406)-(t:3.313-t:1219-v:13077.313)-(t:3.314-t:1220-v:13062.73)-(t:3.316-t:1221-v:13061.201)-(t:3.319-t:1222-v:13014.13)-(t:3.321-t:1223-v:13002.426)-(t:3.342-t:1224-v:12909.11)-(t:3.343-t:1225-v:12905.425)-(t:3.343-t:1226-v:12904.784)-(t:3.346-t:1227-v:12901.515)-(t:3.349-t:1228-v:12884.213)-(t:3.363-t:1229-v:12883.116)-(t:3.365-t:1230-v:12859.356)-(t:3.368-t:1231-v:12854.963)-(t:3.372-t:1232-v:12834.566)-(t:3.373-t:1233-v:12824.575)-(t:3.373-t:1234-v:12806.361)-(t:3.391-t:1235-v:12741.165)-(t:3.392-t:1236-v:12737.831)-(t:3.394-t:1237-v:12735.208)-(t:3.397-t:1238-v:12719.787)-(t:3.413-t:1239-v:12618.291)-(t:3.416-t:1240-v:12598.105)-(t:3.420-t:1241-v:12503.936)-(t:3.423-t:1242-v:12499.659)-(t:3.439-t:1243-v:12482.031)-(t:3.443-t:1244-v:12464.757)-(t:3.444-t:1245-v:12457.448)-(t:3.444-t:1246-v:12442.534)-(t:3.444-t:1247-v:12437.973)-(t:3.444-t:1248-v:12435.167)-(t:3.444-t:1249-v:12416.953)-(t:3.445-t:1250-v:12410.069)-(t:3.446-t:1251-v:12406.596)-(t:3.450-t:1252-v:12359.51)-(t:3.466-t:1253-v:12355.818)-(t:3.470-t:1254-v:12353.45)-(t:3.473-t:1255-v:12353.132)-(t:3.489-t:1256-v:12339.83)-(t:3.493-t:1257-v:12338.645)-(t:3.497-t:1258-v:12337.078)-(t:3.498-t:1259-v:12324.461)-(t:3.500-t:1260-v:12320.991)-(t:3.517-t:1261-v:12257.729)-(t:3.518-t:1262-v:12257.203)-(t:3.520-t:1263-v:12255.45)-(t:3.521-t:1264-v:12255.044)-(t:3.525-t:1265-v:12254.689)-(t:3.542-t:1266-v:12241.133)-(t:3.546-t:1267-v:12197.502)-(t:3.548-t:1268-v:12196.686)-(t:3.549-t:1269-v:12190.655)-(t:3.564-t:1270-v:12190.47)-(t:3.568-t:1271-v:12158.11)-(t:3.570-t:1272-v:12155.878)-(t:3.573-t:1273-v:12146.463)-(t:3.575-t:1274-v:12146.368)-(t:3.590-t:1275-v:12115.343)-(t:3.592-t:1276-v:12101.963)-(t:3.595-t:1277-v:12056.765)-(t:3.598-t:1278-v:12055.365)-(t:3.599-t:1279-v:12051.556)-(t:3.612-t:1280-v:12042.416)-(t:3.617-t:1281-v:11996.946)-(t:3.619-t:1282-v:11996.084)-(t:3.623-t:1283-v:11939.846)-(t:3.639-t:1284-v:11910.198)-(t:3.644-t:1285-v:11910.14)-(t:3.662-t:1286-v:11880.45)-(t:3.666-t:1287-v:11872.344)-(t:3.670-t:1288-v:11871.465)-(t:3.678-t:1289-v:11868.498)-(t:3.682-t:1290-v:11860.366)-(t:3.683-t:1291-v:11831.681)-(t:3.683-t:1292-v:11827.337)-(t:3.684-t:1293-v:11801.95)-(t:3.685-t:1294-v:11799.155)-(t:3.686-t:1295-v:11782.639)-(t:3.702-t:1296-v:11742.554)-(t:3.704-t:1297-v:11712.83)-(t:3.722-t:1298-v:11676.895)-(t:3.725-t:1299-v:11676.61)-(t:3.729-t:1300-v:11672.535)-(t:3.733-t:1301-v:11670.197)-(t:3.736-t:1302-v:11669.947)-(t:3.738-t:1303-v:11665.967)-(t:3.752-t:1304-v:11664.567)-(t:3.757-t:1305-v:11627.114)-(t:3.759-t:1306-v:11626.132)-(t:3.763-t:1307-v:11570.756)-(t:3.764-t:1308-v:11547.109)-(t:3.779-t:1309-v:11520.113)-(t:3.779-t:1310-v:11511.383)-(t:3.780-t:1311-v:11508.821)-(t:3.784-t:1312-v:11505.664)-(t:3.787-t:1313-v:11486.934)-(t:3.791-t:1314-v:11482.867)-(t:3.810-t:1315-v:11458.986)-(t:3.814-t:1316-v:11449.082)-(t:3.828-t:1317-v:11433.463)-(t:3.830-t:1318-v:11433.448)-(t:3.848-t:1319-v:11414.69)-(t:3.853-t:1320-v:11407.584)-(t:3.855-t:1321-v:11405.92)-(t:3.857-t:1322-v:11350.602)-(t:3.857-t:1323-v:11348.708)-(t:3.875-t:1324-v:11340.153)-(t:3.876-t:1325-v:11322.137)-(t:3.876-t:1326-v:11319.779)-(t:3.876-t:1327-v:11314.751)-(t:3.876-t:1328-v:11302.478)-(t:3.877-t:1329-v:11283.077)-(t:3.878-t:1330-v:11267.008)-(t:3.878-t:1331-v:11252.08)-(t:3.881-t:1332-v:11250.076)-(t:3.881-t:1333-v:11244.877)-(t:3.883-t:1334-v:11243.348)-(t:3.884-t:1335-v:11237.758)-(t:3.884-t:1336-v:11226.935)-(t:3.885-t:1337-v:11212.391)-(t:3.887-t:1338-v:11206.553)-(t:3.905-t:1339-v:11202.55)-(t:3.905-t:1340-v:11197.835)-(t:3.906-t:1341-v:11196.54)-(t:3.906-t:1342-v:11190.723)-(t:3.908-t:1343-v:11189.852)-(t:3.911-t:1344-v:11185.909)-(t:3.914-t:1345-v:11185.198)-(t:3.917-t:1346-v:11182.713)-(t:3.941-t:1347-v:11129.973)-(t:3.944-t:1348-v:11126.568)-(t:3.948-t:1349-v:11105.327)-(t:3.951-t:1350-v:11105.095)-(t:3.954-t:1351-v:11102.975)-(t:3.957-t:1352-v:11093.526)-(t:3.975-t:1353-v:11090.03)-(t:3.980-t:1354-v:11085.199)-(t:3.983-t:1355-v:11077.971)-(t:3.985-t:1356-v:11037.619)-(t:3.987-t:1357-v:11022.794)-(t:4.006-t:1358-v:11022.002)-(t:4.019-t:1359-v:11020.06)-(t:4.020-t:1360-v:11016.036)-(t:4.021-t:1361-v:10990.858)-(t:4.023-t:1362-v:10990.517)-(t:4.023-t:1363-v:10988.464)-(t:4.028-t:1364-v:10975.578)-(t:4.029-t:1365-v:10971.295)-(t:4.044-t:1366-v:10968.196)-(t:4.046-t:1367-v:10961.15)-(t:4.046-t:1368-v:10955.626)-(t:4.046-t:1369-v:10939.553)-(t:4.050-t:1370-v:10920.853)-(t:4.054-t:1371-v:10907.952)-(t:4.059-t:1372-v:10889.592)-(t:4.074-t:1373-v:10884.632)-(t:4.078-t:1374-v:10884.616)-(t:4.080-t:1375-v:10863.998)-(t:4.096-t:1376-v:10849.114)-(t:4.101-t:1377-v:10827.428)-(t:4.106-t:1378-v:10741.925)-(t:4.112-t:1379-v:10722.842)-(t:4.115-t:1380-v:10719.85)-(t:4.119-t:1381-v:10709.319)-(t:4.129-t:1382-v:10702.305)-(t:4.132-t:1383-v:10678.942)-(t:4.151-t:1384-v:10638.487)-(t:4.174-t:1385-v:10627.325)-(t:4.180-t:1386-v:10596.019)-(t:4.181-t:1387-v:10578.516)-(t:4.182-t:1388-v:10576.709)-(t:4.182-t:1389-v:10549.048)-(t:4.183-t:1390-v:10539.816)-(t:4.184-t:1391-v:10530.666)-(t:4.187-t:1392-v:10529.354)-(t:4.191-t:1393-v:10511.27)-(t:4.192-t:1394-v:10501.24)-(t:4.194-t:1395-v:10495.889)-(t:4.195-t:1396-v:10447.072)-(t:4.213-t:1397-v:10437.489)-(t:4.218-t:1398-v:10429.015)-(t:4.220-t:1399-v:10400.433)-(t:4.220-t:1400-v:10398.541)-(t:4.222-t:1401-v:10393.56)-(t:4.240-t:1402-v:10391.623)-(t:4.241-t:1403-v:10389.44)-(t:4.242-t:1404-v:10387.994)-(t:4.242-t:1405-v:10366.954)-(t:4.242-t:1406-v:10360.305)-(t:4.243-t:1407-v:10357.894)-(t:4.243-t:1408-v:10350.608)-(t:4.243-t:1409-v:10330.182)-(t:4.244-t:1410-v:10327.061)-(t:4.244-t:1411-v:10324.717)-(t:4.260-t:1412-v:10300.312)-(t:4.261-t:1413-v:10300.01)-(t:4.262-t:1414-v:10297.626)-(t:4.263-t:1415-v:10294.394)-(t:4.265-t:1416-v:10290.313)-(t:4.270-t:1417-v:10278.383)-(t:4.270-t:1418-v:10273.486)-(t:4.270-t:1419-v:10270.434)-(t:4.271-t:1420-v:10265.248)-(t:4.272-t:1421-v:10253.935)-(t:4.284-t:1422-v:10249.359)-(t:4.287-t:1423-v:10245.766)-(t:4.292-t:1424-v:10237.332)-(t:4.292-t:1425-v:10235.66)-(t:4.312-t:1426-v:10231.983)-(t:4.312-t:1427-v:10225.659)-(t:4.314-t:1428-v:10189.158)-(t:4.317-t:1429-v:10185.576)-(t:4.329-t:1430-v:10184.318)-(t:4.334-t:1431-v:10146.519)-(t:4.336-t:1432-v:10140.174)-(t:4.361-t:1433-v:10135.225)-(t:4.366-t:1434-v:10102.157)-(t:4.368-t:1435-v:10100.373)-(t:4.372-t:1436-v:10072.143)-(t:4.394-t:1437-v:10043.708)-(t:4.398-t:1438-v:10040.235)-(t:4.400-t:1439-v:10023.727)-(t:4.403-t:1440-v:10006.016)-(t:4.405-t:1441-v:9962.159)-(t:4.417-t:1442-v:9959.606)-(t:4.429-t:1443-v:9889.806)-(t:4.431-t:1444-v:9880.912)-(t:4.434-t:1445-v:9879.536)-(t:4.439-t:1446-v:9872.645)-(t:4.440-t:1447-v:9871.427)-(t:4.443-t:1448-v:9870.383)-(t:4.462-t:1449-v:9852.595)-(t:4.467-t:1450-v:9844.97)-(t:4.494-t:1451-v:9813.021)-(t:4.498-t:1452-v:9793.217)-(t:4.516-t:1453-v:9782.259)-(t:4.517-t:1454-v:9767.15)-(t:4.518-t:1455-v:9764.243)-(t:4.525-t:1456-v:9762.96)-(t:4.529-t:1457-v:9757.487)-(t:4.534-t:1458-v:9753.564)-(t:4.534-t:1459-v:9746.132)-(t:4.535-t:1460-v:9735.71)-(t:4.536-t:1461-v:9721.387)-(t:4.537-t:1462-v:9712.79)-(t:4.537-t:1463-v:9682.446)-(t:4.539-t:1464-v:9670.178)-(t:4.554-t:1465-v:9669.362)-(t:4.555-t:1466-v:9660.207)-(t:4.556-t:1467-v:9657.268)-(t:4.558-t:1468-v:9653.341)-(t:4.558-t:1469-v:9639.227)-(t:4.559-t:1470-v:9631.319)-(t:4.576-t:1471-v:9439.357)-(t:4.583-t:1472-v:9426.33)-(t:4.585-t:1473-v:9418.97)-(t:4.590-t:1474-v:9394.934)-(t:4.608-t:1475-v:9336.17)-(t:4.619-t:1476-v:9324.798)-(t:4.632-t:1477-v:9319.846)-(t:4.637-t:1478-v:9311.595)-(t:4.648-t:1479-v:9295.925)-(t:4.654-t:1480-v:9255.708)-(t:4.665-t:1481-v:9224.713)-(t:4.669-t:1482-v:9216.896)-(t:4.674-t:1483-v:9198.012)-(t:4.680-t:1484-v:9184.467)-(t:4.681-t:1485-v:9184.215)-(t:4.681-t:1486-v:9167.784)-(t:4.682-t:1487-v:9163.378)-(t:4.683-t:1488-v:9163.336)-(t:4.690-t:1489-v:9139.46)-(t:4.696-t:1490-v:9138.842)-(t:4.696-t:1491-v:9120.431)-(t:4.699-t:1492-v:9116.972)-(t:4.700-t:1493-v:9100.551)-(t:4.704-t:1494-v:9045.776)-(t:4.704-t:1495-v:9044.93)-(t:4.707-t:1496-v:9044.017)-(t:4.708-t:1497-v:9041.59)-(t:4.712-t:1498-v:9013.253)-(t:4.718-t:1499-v:9009.428)-(t:4.724-t:1500-v:8994.616)-(t:4.729-t:1501-v:8970.7)-(t:4.729-t:1502-v:8958.879)-(t:4.737-t:1503-v:8957.985)-(t:4.741-t:1504-v:8950.532)-(t:4.747-t:1505-v:8942.216)-(t:4.750-t:1506-v:8942.143)-(t:4.751-t:1507-v:8911.713)-(t:4.754-t:1508-v:8905.846)-(t:4.758-t:1509-v:8903.254)-(t:4.764-t:1510-v:8898.322)-(t:4.770-t:1511-v:8887.625)-(t:4.776-t:1512-v:8846.981)-(t:4.785-t:1513-v:8828.924)-(t:4.787-t:1514-v:8827.522)-(t:4.795-t:1515-v:8825.013)-(t:4.811-t:1516-v:8795.289)-(t:4.816-t:1517-v:8777.585)-(t:4.837-t:1518-v:8709.489)-(t:4.843-t:1519-v:8707.33)-(t:4.843-t:1520-v:8680.125)-(t:4.843-t:1521-v:8674.023)-(t:4.846-t:1522-v:8673.737)-(t:4.849-t:1523-v:8665.461)-(t:4.850-t:1524-v:8660.973)-(t:4.854-t:1525-v:8647.273)-(t:4.863-t:1526-v:8614.125)-(t:4.880-t:1527-v:8610.234)-(t:4.888-t:1528-v:8587.796)-(t:4.892-t:1529-v:8580.985)-(t:4.895-t:1530-v:8579.023)-(t:4.899-t:1531-v:8573.187)-(t:4.907-t:1532-v:8569.312)-(t:4.913-t:1533-v:8545.32)-(t:4.915-t:1534-v:8535.325)-(t:4.919-t:1535-v:8525.333)-(t:4.919-t:1536-v:8523.403)-(t:4.922-t:1537-v:8521.397)-(t:4.939-t:1538-v:8483.687)-(t:4.941-t:1539-v:8472.878)-(t:4.946-t:1540-v:8469.153)-(t:4.948-t:1541-v:8466.042)-(t:4.953-t:1542-v:8462.173)-(t:4.958-t:1543-v:8447.205)-(t:4.960-t:1544-v:8445.791)-(t:4.965-t:1545-v:8438.877)-(t:4.971-t:1546-v:8407.469)-(t:4.971-t:1547-v:8401.146)-(t:4.972-t:1548-v:8400.314)-(t:4.976-t:1549-v:8380.321)-(t:4.978-t:1550-v:8376.367)-(t:4.981-t:1551-v:8370.8)-(t:4.984-t:1552-v:8369.561)-(t:4.986-t:1553-v:8365.3)-(t:4.988-t:1554-v:8360.507)-(t:4.994-t:1555-v:8341.826)-(t:4.995-t:1556-v:8335.327)-(t:5.011-t:1557-v:8333.233)-(t:5.016-t:1558-v:8331.266)-(t:5.019-t:1559-v:8324.232)-(t:5.035-t:1560-v:8293.59)-(t:5.040-t:1561-v:8280.5)-(t:5.046-t:1562-v:8272.864)-(t:5.047-t:1563-v:8267.266)-(t:5.047-t:1564-v:8266.666)-(t:5.048-t:1565-v:8251.791)-(t:5.049-t:1566-v:8244.223)-(t:5.049-t:1567-v:8240.46)-(t:5.050-t:1568-v:8202.731)-(t:5.055-t:1569-v:8202.518)-(t:5.059-t:1570-v:8201.105)-(t:5.060-t:1571-v:8188.266)-(t:5.060-t:1572-v:8180.958)-(t:5.065-t:1573-v:8163.175)-(t:5.066-t:1574-v:8160.901)-(t:5.069-t:1575-v:8160.899)-(t:5.069-t:1576-v:8157.64)-(t:5.072-t:1577-v:8157.108)-(t:5.073-t:1578-v:8156.211)-(t:5.074-t:1579-v:8138.932)-(t:5.076-t:1580-v:8135.126)-(t:5.081-t:1581-v:8108.757)-(t:5.083-t:1582-v:8105.432)-(t:5.087-t:1583-v:8088.82)-(t:5.090-t:1584-v:8088.716)-(t:5.095-t:1585-v:8071.774)-(t:5.100-t:1586-v:8059.936)-(t:5.102-t:1587-v:8056.431)-(t:5.104-t:1588-v:8056.086)-(t:5.109-t:1589-v:8030.193)-(t:5.112-t:1590-v:8026.387)-(t:5.119-t:1591-v:7985.521)-(t:5.124-t:1592-v:7980.425)-(t:5.125-t:1593-v:7979.913)-(t:5.126-t:1594-v:7979.762)-(t:5.128-t:1595-v:7977.959)-(t:10.808-t:3787-v:7977.226)-(t:10.816-t:3788-v:7964.224)-(t:10.820-t:3789-v:7948.896)-(t:10.823-t:3790-v:7937.845)-(t:10.827-t:3791-v:7933.627)-(t:10.834-t:3792-v:7931.895)-(t:10.840-t:3793-v:7919.335)-(t:10.848-t:3794-v:7915.984)-(t:10.852-t:3795-v:7915.298)-(t:10.856-t:3796-v:7892.603)-(t:10.865-t:3797-v:7885.68)-(t:10.873-t:3798-v:7880.522)-(t:10.877-t:3799-v:7847.851)-(t:41.454-t:19041-v:7840.074)-(t:41.457-t:19042-v:7833.518)-(t:41.460-t:19043-v:7800.743)-(t:41.461-t:19044-v:7796.453)-(t:41.461-t:19045-v:7795.646)-(t:41.461-t:19046-v:7735.633)-(t:41.466-t:19047-v:7732.722)-(t:41.470-t:19048-v:7732.499)-(t:41.475-t:19049-v:7714.696)-(t:41.483-t:19050-v:7712.344)-(t:41.491-t:19051-v:7708.267)-(t:41.491-t:19052-v:7707.581)-(t:41.499-t:19053-v:7690.776)-(t:42.201-t:19479-v:7682.295)-(t:42.208-t:19480-v:7663.881)-(t:42.219-t:19481-v:7632.467)-(t:77.445-t:37394-v:7630.561)-(t:77.448-t:37395-v:7625.474)-(t:77.451-t:37396-v:7610.465)-(t:77.455-t:37397-v:7606.284)-(t:77.457-t:37398-v:7605.761)-(t:77.462-t:37399-v:7597.534)-(t:77.473-t:37400-v:7588.547)-(t:77.474-t:37401-v:7565.868)-(t:77.475-t:37402-v:7548.087)-(t:77.475-t:37403-v:7530.429)-(t:77.476-t:37404-v:7529.563)-(t:77.477-t:37405-v:7525.811)-(t:77.478-t:37406-v:7522.172)-(t:77.478-t:37407-v:7521.971)-(t:77.483-t:37408-v:7519.602)-(t:77.484-t:37409-v:7508.056)-(t:173.912-t:88291-v:7504.67)-(t:173.922-t:88292-v:7423.555)-(t:173.933-t:88293-v:7421.151)-(t:200.175-t:102022-v:7408.206)-(t:200.185-t:102023-v:7404.747)-(t:200.192-t:102024-v:7404.721)-(t:200.203-t:102025-v:7393.272)-(t:200.205-t:102026-v:7386.373)-(t:200.205-t:102027-v:7374.055)-(t:200.206-t:102028-v:7372.827)-(t:200.208-t:102029-v:7362.911)-(t:402.637-t:209932-v:7345.551)-(t:402.637-t:209933-v:7337.978)-(t:402.638-t:209934-v:7327.984)-(t:402.638-t:209935-v:7327.268)-(t:402.639-t:209936-v:7305.238)-(t:402.640-t:209937-v:7287.421)-(t:402.643-t:209938-v:7272.668)-(t:402.646-t:209939-v:7251.66)-(t:402.648-t:209940-v:7238.684)-(t:402.651-t:209941-v:7238.603)-(t:402.659-t:209942-v:7205.701)-(t:402.667-t:209943-v:7195.99)-(t:402.670-t:209944-v:7192.371)-(t:402.678-t:209945-v:7179.011)-(t:402.681-t:209946-v:7177.494)-(t:402.689-t:209947-v:7143.798)-(t:402.692-t:209948-v:7139.922)-(t:402.703-t:209949-v:7103.64)-(t:402.713-t:209950-v:7056.795)-(t:402.724-t:209951-v:7050.686)-(t:402.730-t:209952-v:7050.541)-(t:402.731-t:209953-v:7034.442)-(t:402.740-t:209954-v:7009.088)-(t:402.747-t:209955-v:6965.469)-(t:402.752-t:209956-v:6950.97)-(t:402.756-t:209957-v:6942.469)-(t:402.763-t:209958-v:6937.11)-(t:402.772-t:209959-v:6933.439)-(t:402.775-t:209960-v:6921.406)-(t:402.785-t:209961-v:6921.303)],601.866
examples/tsp/tsplib/brazil58.tsp,random,r1,900,0,28734.0,[(t:0.721-t:156-v:96815.0)-(t:0.722-t:157-v:93881.0)-(t:0.724-t:158-v:93094.0)-(t:0.728-t:159-v:92683.0)-(t:0.744-t:160-v:90718.0)-(t:0.746-t:161-v:90390.0)-(t:0.747-t:162-v:89890.0)-(t:0.747-t:163-v:89523.0)-(t:0.752-t:164-v:89507.0)-(t:0.761-t:165-v:89334.0)-(t:0.779-t:166-v:89287.0)-(t:0.780-t:167-v:89272.0)-(t:0.782-t:168-v:88495.0)-(t:0.784-t:169-v:88447.0)-(t:0.786-t:170-v:88379.0)-(t:0.789-t:171-v:86370.0)-(t:0.799-t:172-v:86057.0)-(t:0.802-t:173-v:86055.0)-(t:0.803-t:174-v:86034.0)-(t:0.814-t:175-v:85890.0)-(t:0.816-t:176-v:81184.0)-(t:0.820-t:177-v:80977.0)-(t:0.820-t:178-v:80941.0)-(t:0.821-t:179-v:80014.0)-(t:0.822-t:180-v:79232.0)-(t:0.824-t:181-v:79121.0)-(t:0.824-t:182-v:78687.0)-(t:0.839-t:183-v:78684.0)-(t:0.841-t:184-v:78634.0)-(t:0.843-t:185-v:78465.0)-(t:0.844-t:186-v:77822.0)-(t:0.847-t:187-v:77571.0)-(t:0.848-t:188-v:77494.0)-(t:0.850-t:189-v:77464.0)-(t:0.853-t:190-v:77105.0)-(t:0.854-t:191-v:76886.0)-(t:0.872-t:192-v:76830.0)-(t:0.875-t:193-v:75911.0)-(t:0.877-t:194-v:75801.0)-(t:0.880-t:195-v:72899.0)-(t:0.881-t:196-v:72818.0)-(t:0.890-t:197-v:72174.0)-(t:0.892-t:198-v:72017.0)-(t:0.894-t:199-v:71973.0)-(t:0.897-t:200-v:69688.0)-(t:0.898-t:201-v:69676.0)-(t:0.899-t:202-v:69398.0)-(t:0.900-t:203-v:68476.0)-(t:0.900-t:204-v:68454.0)-(t:0.915-t:205-v:68233.0)-(t:0.916-t:206-v:68126.0)-(t:0.919-t:207-v:65648.0)-(t:0.920-t:208-v:65516.0)-(t:0.920-t:209-v:65254.0)-(t:0.921-t:210-v:65251.0)-(t:0.938-t:211-v:65198.0)-(t:0.941-t:212-v:63826.0)-(t:0.942-t:213-v:63740.0)-(t:0.944-t:214-v:63377.0)-(t:0.947-t:215-v:63025.0)-(t:0.947-t:216-v:60941.0)-(t:0.948-t:217-v:60871.0)-(t:0.949-t:218-v:60834.0)-(t:0.961-t:219-v:60274.0)-(t:0.966-t:220-v:60272.0)-(t:0.966-t:221-v:60184.0)-(t:0.972-t:222-v:60107.0)-(t:0.990-t:223-v:60084.0)-(t:0.993-t:224-v:60051.0)-(t:0.999-t:225-v:60000.0)-(t:1.000-t:226-v:59925.0)-(t:1.017-t:227-v:59904.0)-(t:1.018-t:228-v:59900.0)-(t:1.021-t:229-v:59833.0)-(t:1.024-t:230-v:59759.0)-(t:1.024-t:231-v:59705.0)-(t:1.025-t:232-v:59652.0)-(t:1.026-t:233-v:59426.0)-(t:1.026-t:234-v:58700.0)-(t:1.041-t:235-v:58217.0)-(t:1.042-t:236-v:58206.0)-(t:1.048-t:237-v:58043.0)-(t:1.049-t:238-v:57984.0)-(t:1.054-t:239-v:57908.0)-(t:1.073-t:240-v:57758.0)-(t:1.080-t:241-v:53576.0)-(t:1.099-t:242-v:53566.0)-(t:1.100-t:243-v:53501.0)-(t:1.102-t:244-v:53443.0)-(t:1.105-t:245-v:53148.0)-(t:1.124-t:246-v:52930.0)-(t:1.126-t:247-v:52823.0)-(t:1.131-t:248-v:52773.0)-(t:1.133-t:249-v:52185.0)-(t:1.149-t:250-v:52130.0)-(t:1.150-t:251-v:51838.0)-(t:1.152-t:252-v:51814.0)-(t:1.158-t:253-v:51718.0)-(t:1.159-t:254-v:51690.0)-(t:1.174-t:255-v:51073.0)-(t:1.183-t:256-v:51023.0)-(t:1.191-t:257-v:51017.0)-(t:1.200-t:258-v:50927.0)-(t:1.219-t:259-v:50810.0)-(t:1.221-t:260-v:50490.0)-(t:1.222-t:261-v:50402.0)-(t:1.222-t:262-v:50046.0)-(t:1.224-t:263-v:50026.0)-(t:1.225-t:264-v:49856.0)-(t:1.226-t:265-v:49277.0)-(t:1.229-t:266-v:49126.0)-(t:1.248-t:267-v:45600.0)-(t:1.250-t:268-v:45587.0)-(t:1.252-t:269-v:45406.0)-(t:1.257-t:270-v:45324.0)-(t:1.273-t:271-v:45224.0)-(t:1.274-t:272-v:45102.0)-(t:1.275-t:273-v:45046.0)-(t:1.283-t:274-v:44840.0)-(t:1.290-t:275-v:44151.0)-(t:1.303-t:276-v:44022.0)-(t:1.323-t:277-v:44012.0)-(t:1.330-t:278-v:43940.0)-(t:1.332-t:279-v:43542.0)-(t:1.333-t:280-v:43497.0)-(t:1.347-t:281-v:43463.0)-(t:1.348-t:282-v:43363.0)-(t:1.351-t:283-v:42817.0)-(t:1.370-t:284-v:42283.0)-(t:1.376-t:285-v:41906.0)-(t:1.393-t:286-v:41888.0)-(t:1.394-t:287-v:41879.0)-(t:1.397-t:288-v:41798.0)-(t:1.397-t:289-v:41769.0)-(t:1.399-t:290-v:41748.0)-(t:1.402-t:291-v:41588.0)-(t:1.416-t:292-v:41585.0)-(t:1.418-t:293-v:41408.0)-(t:1.419-t:294-v:40735.0)-(t:1.421-t:295-v:40623.0)-(t:1.423-t:296-v:40622.0)-(t:1.424-t:297-v:40329.0)-(t:1.445-t:298-v:40272.0)-(t:1.450-t:299-v:40011.0)-(t:1.467-t:300-v:40004.0)-(t:1.471-t:301-v:39978.0)-(t:1.478-t:302-v:39818.0)-(t:1.496-t:303-v:39234.0)-(t:1.498-t:304-v:39097.0)-(t:1.505-t:305-v:39026.0)-(t:1.509-t:306-v:38974.0)-(t:1.525-t:307-v:38942.0)-(t:1.548-t:308-v:38940.0)-(t:1.556-t:309-v:38821.0)-(t:1.571-t:310-v:38726.0)-(t:1.595-t:311-v:38158.0)-(t:2.004-t:388-v:37815.0)-(t:2.029-t:389-v:37710.0)-(t:2.047-t:390-v:37558.0)-(t:2.057-t:391-v:37525.0)-(t:2.081-t:392-v:37292.0)-(t:2.099-t:393-v:36906.0)-(t:2.127-t:394-v:35966.0)-(t:3.154-t:768-v:35924.0)-(t:3.155-t:769-v:35891.0)-(t:3.155-t:770-v:35781.0)-(t:3.157-t:771-v:35604.0)-(t:3.168-t:772-v:35603.0)-(t:3.168-t:773-v:35536.0)-(t:3.168-t:774-v:35251.0)-(t:3.169-t:775-v:35110.0)-(t:3.172-t:776-v:35085.0)-(t:5.140-t:2624-v:35048.0)-(t:5.155-t:2625-v:35015.0)-(t:5.155-t:2626-v:34849.0)-(t:5.156-t:2627-v:34777.0)-(t:5.157-t:2628-v:34322.0)-(t:5.158-t:2629-v:34042.0)-(t:5.158-t:2630-v:33905.0)-(t:5.159-t:2631-v:33822.0)-(t:5.159-t:2632-v:33773.0)-(t:5.160-t:2633-v:33726.0)-(t:5.161-t:2634-v:33689.0)-(t:5.162-t:2635-v:33635.0)-(t:5.163-t:2636-v:33140.0)-(t:5.164-t:2637-v:33068.0)-(t:5.164-t:2638-v:33030.0)-(t:5.164-t:2639-v:32991.0)-(t:5.165-t:2640-v:32984.0)-(t:5.166-t:2641-v:32906.0)-(t:5.168-t:2642-v:32891.0)-(t:5.182-t:2643-v:32798.0)-(t:5.183-t:2644-v:32685.0)-(t:5.185-t:2645-v:32405.0)-(t:6.510-t:4412-v:32156.0)-(t:6.512-t:4413-v:32126.0)-(t:6.513-t:4414-v:31625.0)-(t:6.515-t:4415-v:31577.0)-(t:14.134-t:18356-v:31119.0)-(t:14.134-t:18357-v:31004.0)-(t:18.622-t:27235-v:30858.0)-(t:18.622-t:27236-v:30838.0)-(t:23.000-t:36068-v:30308.0)-(t:23.000-t:36069-v:30071.0)-(t:23.002-t:36070-v:30049.0)-(t:23.003-t:36071-v:30044.0)-(t:23.004-t:36072-v:30043.0)-(t:23.005-t:36073-v:30041.0)-(t:29.352-t:48708-v:29950.0)-(t:29.353-t:48709-v:29678.0)-(t:29.355-t:48710-v:29675.0)-(t:78.129-t:144863-v:29126.0)-(t:78.130-t:144864-v:29043.0)-(t:246.116-t:477209-v:28934.0)-(t:276.197-t:536463-v:28734.0)],110.857
examples/tsp/tsplib/kroB150.tsp,bestslopefirst,r1,900,0,51969.72,[(t:2.381-t:805-v:85755.124)-(t:2.381-t:806-v:85738.917)-(t:2.382-t:807-v:85731.07)-(t:2.382-t:808-v:85692.468)-(t:2.384-t:809-v:85650.243)-(t:2.385-t:810-v:85538.173)-(t:2.386-t:811-v:85423.595)-(t:2.387-t:812-v:85330.654)-(t:2.387-t:813-v:85173.782)-(t:2.388-t:814-v:85171.092)-(t:2.389-t:815-v:85168.573)-(t:2.391-t:816-v:84880.996)-(t:2.391-t:817-v:84592.502)-(t:2.392-t:818-v:84556.649)-(t:2.394-t:819-v:84347.668)-(t:2.396-t:820-v:84322.911)-(t:2.422-t:821-v:83162.136)-(t:2.423-t:822-v:83123.816)-(t:2.423-t:823-v:83063.691)-(t:2.423-t:824-v:83025.39)-(t:2.423-t:825-v:82800.826)-(t:2.424-t:826-v:82651.189)-(t:2.425-t:827-v:82409.436)-(t:2.425-t:828-v:82155.276)-(t:2.426-t:829-v:81987.242)-(t:2.427-t:830-v:81860.753)-(t:2.430-t:831-v:81834.68)-(t:2.430-t:832-v:81550.72)-(t:2.431-t:833-v:81451.206)-(t:2.432-t:834-v:80761.292)-(t:2.433-t:835-v:80416.55)-(t:2.434-t:836-v:79966.844)-(t:2.434-t:837-v:79652.823)-(t:2.434-t:838-v:78179.136)-(t:2.435-t:839-v:78158.275)-(t:2.435-t:840-v:78081.485)-(t:2.437-t:841-v:77836.962)-(t:2.439-t:842-v:77734.863)-(t:2.439-t:843-v:77734.826)-(t:2.440-t:844-v:77726.946)-(t:2.441-t:845-v:77725.119)-(t:2.459-t:846-v:77237.907)-(t:2.461-t:847-v:77105.467)-(t:2.462-t:848-v:77039.111)-(t:2.462-t:849-v:77038.645)-(t:2.465-t:850-v:77026.454)-(t:2.465-t:851-v:76569.385)-(t:2.465-t:852-v:76505.434)-(t:2.467-t:853-v:76249.383)-(t:2.469-t:854-v:76195.234)-(t:2.471-t:855-v:76103.336)-(t:2.472-t:856-v:76096.738)-(t:2.485-t:857-v:76086.607)-(t:2.488-t:858-v:74979.004)-(t:2.488-t:859-v:74945.081)-(t:2.496-t:860-v:74707.936)-(t:2.496-t:861-v:74441.243)-(t:2.497-t:862-v:74430.245)-(t:2.498-t:863-v:74293.025)-(t:2.509-t:864-v:74177.139)-(t:2.511-t:865-v:74177.131)-(t:3.298-t:1083-v:73938.528)-(t:3.299-t:1084-v:73391.951)-(t:3.300-t:1085-v:73017.718)-(t:3.300-t:1086-v:72823.225)-(t:3.301-t:1087-v:72017.763)-(t:3.303-t:1088-v:71666.272)-(t:3.304-t:1089-v:69725.195)-(t:3.307-t:1090-v:69571.625)-(t:3.752-t:1293-v:66075.973)-(t:3.755-t:1294-v:65818.634)-(t:3.756-t:1295-v:65443.748)-(t:3.757-t:1296-v:65119.857)-(t:3.758-t:1297-v:64772.737)-(t:3.758-t:1298-v:64702.455)-(t:7.254-t:3931-v:64306.964)-(t:7.255-t:3932-v:64191.451)-(t:7.257-t:3933-v:64049.179)-(t:7.258-t:3934-v:63991.815)-(t:7.259-t:3935-v:63960.306)-(t:7.260-t:3936-v:63948.008)-(t:7.261-t:3937-v:63657.727)-(t:7.262-t:3938-v:63619.516)-(t:7.493-t:4169-v:63110.826)-(t:7.493-t:4170-v:63089.721)-(t:7.494-t:4171-v:62455.091)-(t:7.497-t:4172-v:62454.682)-(t:8.599-t:5286-v:61823.045)-(t:8.601-t:5287-v:61787.365)-(t:8.602-t:5288-v:61563.106)-(t:8.605-t:5289-v:61382.039)-(t:8.606-t:5290-v:61249.789)-(t:8.607-t:5291-v:61227.282)-(t:8.609-t:5292-v:61147.709)-(t:8.612-t:5293-v:61112.161)-(t:8.612-t:5294-v:60928.392)-(t:8.614-t:5295-v:60517.142)-(t:8.614-t:5296-v:60262.955)-(t:8.617-t:5297-v:60153.74)-(t:8.620-t:5298-v:60118.194)-(t:8.622-t:5299-v:60076.349)-(t:8.622-t:5300-v:60073.759)-(t:8.625-t:5301-v:60034.919)-(t:8.628-t:5302-v:59782.482)-(t:8.630-t:5303-v:59714.777)-(t:8.631-t:5304-v:59600.891)-(t:8.634-t:5305-v:59580.233)-(t:8.637-t:5306-v:59319.816)-(t:8.641-t:5307-v:58981.382)-(t:8.642-t:5308-v:58943.69)-(t:8.644-t:5309-v:58815.318)-(t:8.647-t:5310-v:58355.684)-(t:8.648-t:5311-v:57900.341)-(t:8.649-t:5312-v:57727.727)-(t:8.652-t:5313-v:57724.502)-(t:8.653-t:5314-v:57664.814)-(t:8.657-t:5315-v:57213.116)-(t:8.657-t:5316-v:56761.772)-(t:8.661-t:5317-v:56707.674)-(t:8.661-t:5318-v:56678.281)-(t:8.664-t:5319-v:56092.496)-(t:8.665-t:5320-v:56058.573)-(t:8.667-t:5321-v:55821.428)-(t:8.667-t:5322-v:55554.735)-(t:8.668-t:5323-v:55543.737)-(t:8.669-t:5324-v:55446.785)-(t:8.671-t:5325-v:55406.517)-(t:8.672-t:5326-v:55290.631)-(t:8.676-t:5327-v:55197.009)-(t:8.677-t:5328-v:54971.984)-(t:8.681-t:5329-v:54339.485)-(t:8.686-t:5330-v:54274.111)-(t:8.688-t:5331-v:54260.305)-(t:8.690-t:5332-v:54177.835)-(t:8.692-t:5333-v:53978.887)-(t:8.695-t:5334-v:53918.724)-(t:238.146-t:190174-v:53805.397)-(t:483.032-t:389002-v:53792.604)-(t:483.035-t:389003-v:53574.487)-(t:483.038-t:389004-v:53180.191)-(t:483.041-t:389005-v:53072.433)-(t:483.044-t:389006-v:52870.996)-(t:483.047-t:389007-v:52800.608)-(t:483.051-t:389008-v:52691.732)-(t:483.056-t:389009-v:52580.818)-(t:513.609-t:413628-v:52452.534)-(t:801.576-t:648667-v:52270.211)-(t:801.577-t:648668-v:52140.231)-(t:801.580-t:648669-v:51969.72)],459.232
examples/tsp/tsplib/eil101.tsp,bestslopefirst,r1,900,0,779.331,[(t:1.566-t:302-v:1019.221)-(t:1.567-t:303-v:1010.273)-(t:1.569-t:304-v:1003.764)-(t:1.572-t:305-v:1003.544)-(t:1.573-t:306-v:994.782)-(t:1.573-t:307-v:992.691)-(t:1.575-t:308-v:990.449)-(t:1.576-t:309-v:987.336)-(t:1.578-t:310-v:973.789)-(t:1.578-t:311-v:973.176)-(t:1.581-t:312-v:967.096)-(t:1.582-t:313-v:964.942)-(t:1.598-t:314-v:963.126)-(t:1.601-t:315-v:961.738)-(t:1.604-t:316-v:959.695)-(t:1.606-t:317-v:958.195)-(t:1.622-t:318-v:957.798)-(t:1.625-t:319-v:955.247)-(t:1.628-t:320-v:954.685)-(t:1.633-t:321-v:953.723)-(t:1.634-t:322-v:950.456)-(t:1.649-t:323-v:949.629)-(t:3.044-t:771-v:911.613)-(t:3.045-t:772-v:910.255)-(t:3.045-t:773-v:907.946)-(t:3.046-t:774-v:905.994)-(t:3.047-t:775-v:904.61)-(t:3.049-t:776-v:899.265)-(t:3.063-t:777-v:898.59)-(t:3.065-t:778-v:897.555)-(t:3.067-t:779-v:897.272)-(t:3.192-t:852-v:896.388)-(t:3.194-t:853-v:893.521)-(t:11.252-t:7730-v:892.214)-(t:11.255-t:7731-v:890.133)-(t:11.255-t:7732-v:889.102)-(t:11.255-t:7733-v:884.204)-(t:11.257-t:7734-v:883.72)-(t:11.258-t:7735-v:880.711)-(t:11.261-t:7736-v:878.608)-(t:11.263-t:7737-v:878.379)-(t:11.267-t:7738-v:875.593)-(t:11.267-t:7739-v:872.04)-(t:11.269-t:7740-v:872.027)-(t:11.271-t:7741-v:861.762)-(t:11.272-t:7742-v:859.268)-(t:11.273-t:7743-v:857.82)-(t:11.273-t:7744-v:856.35)-(t:11.274-t:7745-v:850.507)-(t:11.277-t:7746-v:846.57)-(t:11.279-t:7747-v:844.687)-(t:11.280-t:7748-v:842.316)-(t:11.282-t:7749-v:831.098)-(t:11.283-t:7750-v:830.768)-(t:11.286-t:7751-v:830.223)-(t:11.288-t:7752-v:829.47)-(t:11.291-t:7753-v:826.6)-(t:11.293-t:7754-v:822.85)-(t:11.296-t:7755-v:821.991)-(t:11.300-t:7756-v:821.004)-(t:11.302-t:7757-v:814.939)-(t:55.999-t:51706-v:799.763)-(t:56.001-t:51707-v:799.41)-(t:56.003-t:51708-v:798.469)-(t:56.006-t:51709-v:794.487)-(t:56.008-t:51710-v:791.962)-(t:56.010-t:51711-v:791.352)-(t:56.013-t:51712-v:786.941)-(t:56.016-t:51713-v:783.081)-(t:56.019-t:51714-v:779.331)],177.513
examples/tsp/tsplib/pr124.tsp,bestslopefirst,r1,900,0,90590.208,[(t:1.391-t:289-v:164402.356)-(t:1.391-t:290-v:164248.538)-(t:1.391-t:291-v:164226.059)-(t:1.392-t:292-v:164222.023)-(t:1.392-t:293-v:163779.512)-(t:1.392-t:294-v:163673.367)-(t:1.393-t:295-v:162316.541)-(t:1.394-t:296-v:162128.262)-(t:1.396-t:297-v:161541.164)-(t:1.396-t:298-v:161522.55)-(t:1.397-t:299-v:161065.044)-(t:1.411-t:300-v:160664.119)-(t:1.412-t:301-v:160451.64)-(t:1.413-t:302-v:160260.461)-(t:1.413-t:303-v:159920.286)-(t:1.417-t:304-v:147688.513)-(t:1.417-t:305-v:147206.169)-(t:1.417-t:306-v:146878.141)-(t:1.418-t:307-v:146787.949)-(t:1.418-t:308-v:145672.332)-(t:1.419-t:309-v:145316.214)-(t:1.420-t:310-v:144824.172)-(t:1.420-t:311-v:144795.266)-(t:1.778-t:390-v:121126.686)-(t:1.778-t:391-v:120687.833)-(t:1.779-t:392-v:119768.708)-(t:1.779-t:393-v:119390.686)-(t:1.781-t:394-v:119303.793)-(t:1.988-t:462-v:118817.51)-(t:1.989-t:463-v:118709.662)-(t:1.990-t:464-v:118448.429)-(t:2.010-t:465-v:118290.366)-(t:2.013-t:466-v:118108.555)-(t:2.016-t:467-v:117924.81)-(t:2.018-t:468-v:117661.519)-(t:2.035-t:469-v:117538.691)-(t:2.036-t:470-v:117200.711)-(t:2.037-t:471-v:117138.128)-(t:2.039-t:472-v:115985.712)-(t:2.040-t:473-v:115877.35)-(t:2.044-t:474-v:115193.699)-(t:2.048-t:475-v:114815.572)-(t:5.957-t:4296-v:113698.786)-(t:5.958-t:4297-v:113554.049)-(t:5.958-t:4298-v:113303.192)-(t:5.959-t:4299-v:113154.676)-(t:5.959-t:4300-v:112926.474)-(t:5.960-t:4301-v:112925.491)-(t:5.971-t:4302-v:112853.564)-(t:7.217-t:6015-v:109982.927)-(t:7.217-t:6016-v:109920.344)-(t:9.161-t:8644-v:108986.74)-(t:9.161-t:8645-v:108286.674)-(t:17.451-t:23055-v:106214.635)-(t:17.452-t:23056-v:106122.798)-(t:17.452-t:23057-v:106077.36)-(t:17.453-t:23058-v:105137.201)-(t:17.454-t:23059-v:104990.143)-(t:17.454-t:23060-v:104440.05)-(t:36.158-t:56465-v:103685.897)-(t:36.160-t:56466-v:103612.373)-(t:36.160-t:56467-v:103098.877)-(t:36.164-t:56468-v:102769.171)-(t:36.211-t:56536-v:102739.515)-(t:36.212-t:56537-v:102464.864)-(t:36.213-t:56538-v:102058.258)-(t:36.214-t:56539-v:101939.591)-(t:36.215-t:56540-v:101834.12)-(t:36.215-t:56541-v:101306.052)-(t:36.215-t:56542-v:99768.329)-(t:53.735-t:88205-v:99632.359)-(t:53.736-t:88206-v:98228.342)-(t:53.736-t:88207-v:97952.959)-(t:53.737-t:88208-v:97942.05)-(t:53.737-t:88209-v:96549.131)-(t:53.737-t:88210-v:95604.416)-(t:149.108-t:262024-v:95348.225)-(t:149.109-t:262025-v:95248.56)-(t:149.110-t:262026-v:95211.388)-(t:203.711-t:360769-v:95114.306)-(t:358.403-t:642004-v:92327.799)-(t:358.404-t:642005-v:92307.508)-(t:358.404-t:642006-v:91438.848)-(t:358.404-t:642007-v:91047.11)-(t:358.405-t:642008-v:90909.511)-(t:358.406-t:642009-v:90775.858)-(t:358.407-t:642010-v:90590.208)],328.847
examples/tsp/tsplib/u574.tsp,random,r1,900,0,72746.299,[(t:1.964-t:1726-v:105676.049)-(t:1.965-t:1727-v:105581.965)-(t:1.965-t:1728-v:105569.428)-(t:1.966-t:1729-v:105564.822)-(t:1.966-t:1730-v:105521.457)-(t:1.966-t:1731-v:105281.431)-(t:1.967-t:1732-v:105239.139)-(t:1.967-t:1733-v:105193.502)-(t:1.968-t:1734-v:105133.585)-(t:1.968-t:1735-v:105132.064)-(t:1.969-t:1736-v:104335.616)-(t:1.970-t:1737-v:104313.776)-(t:1.970-t:1738-v:104308.728)-(t:1.971-t:1739-v:103864.828)-(t:1.971-t:1740-v:103826.425)-(t:1.972-t:1741-v:103822.325)-(t:1.972-t:1742-v:103517.439)-(t:1.972-t:1743-v:103466.711)-(t:1.980-t:1744-v:103464.567)-(t:1.980-t:1745-v:103376.522)-(t:1.981-t:1746-v:103356.564)-(t:1.982-t:1747-v:102886.031)-(t:1.983-t:1748-v:102846.497)-(t:1.983-t:1749-v:102824.586)-(t:1.984-t:1750-v:102823.065)-(t:1.984-t:1751-v:102802.628)-(t:1.984-t:1752-v:102565.529)-(t:1.985-t:1753-v:102562.602)-(t:1.985-t:1754-v:102535.359)-(t:1.985-t:1755-v:102492.322)-(t:1.986-t:1756-v:102419.353)-(t:1.986-t:1757-v:102399.061)-(t:1.986-t:1758-v:102355.696)-(t:1.987-t:1759-v:102307.4)-(t:1.987-t:1760-v:102092.692)-(t:1.987-t:1761-v:102042.115)-(t:1.988-t:1762-v:101852.295)-(t:1.988-t:1763-v:101834.603)-(t:1.988-t:1764-v:101831.822)-(t:1.989-t:1765-v:101792.472)-(t:1.989-t:1766-v:101760.077)-(t:2.010-t:1767-v:101390.056)-(t:2.013-t:1768-v:100351.493)-(t:2.013-t:1769-v:100350.695)-(t:2.015-t:1770-v:100295.956)-(t:2.016-t:1771-v:99982.988)-(t:2.017-t:1772-v:99977.828)-(t:2.017-t:1773-v:99974.952)-(t:2.019-t:1774-v:99969.457)-(t:2.020-t:1775-v:99859.186)-(t:2.021-t:1776-v:99783.99)-(t:2.022-t:1777-v:99748.278)-(t:2.022-t:1778-v:99745.44)-(t:2.023-t:1779-v:99743.76)-(t:2.024-t:1780-v:99711.284)-(t:2.025-t:1781-v:99540.428)-(t:2.080-t:1782-v:99473.399)-(t:2.081-t:1783-v:99247.921)-(t:2.082-t:1784-v:99246.4)-(t:2.082-t:1785-v:99231.449)-(t:2.084-t:1786-v:97559.375)-(t:2.085-t:1787-v:97511.593)-(t:2.196-t:1788-v:97424.905)-(t:2.197-t:1789-v:97355.489)-(t:2.303-t:1790-v:97096.443)-(t:2.317-t:1791-v:96803.522)-(t:2.318-t:1792-v:96756.327)-(t:2.318-t:1793-v:96709.023)-(t:2.319-t:1794-v:96615.798)-(t:2.874-t:2020-v:96516.171)-(t:2.957-t:2021-v:96507.0)-(t:3.040-t:2022-v:96448.175)-(t:3.115-t:2023-v:96310.34)-(t:3.119-t:2024-v:96288.681)-(t:3.192-t:2025-v:96284.341)-(t:4.078-t:2379-v:96257.789)-(t:4.078-t:2380-v:95962.038)-(t:4.273-t:2587-v:95932.771)-(t:4.273-t:2588-v:95900.521)-(t:4.274-t:2589-v:94052.264)-(t:4.274-t:2590-v:94034.572)-(t:4.274-t:2591-v:94031.791)-(t:4.274-t:2592-v:93984.111)-(t:4.274-t:2593-v:93983.391)-(t:4.274-t:2594-v:93941.074)-(t:4.275-t:2595-v:93581.382)-(t:4.275-t:2596-v:93577.115)-(t:4.275-t:2597-v:93491.99)-(t:4.275-t:2598-v:93462.812)-(t:4.275-t:2599-v:93372.037)-(t:4.275-t:2600-v:93365.949)-(t:4.276-t:2601-v:93326.736)-(t:4.276-t:2602-v:93267.777)-(t:4.276-t:2603-v:93207.006)-(t:4.277-t:2604-v:91993.702)-(t:4.318-t:2605-v:89221.766)-(t:4.332-t:2606-v:89192.522)-(t:4.520-t:2851-v:89151.215)-(t:4.520-t:2852-v:89144.767)-(t:4.520-t:2853-v:88882.085)-(t:4.521-t:2854-v:88867.134)-(t:4.521-t:2855-v:88837.991)-(t:4.521-t:2856-v:88751.214)-(t:4.521-t:2857-v:88729.815)-(t:4.522-t:2858-v:88636.313)-(t:4.522-t:2859-v:88449.413)-(t:4.550-t:2860-v:85276.429)-(t:4.722-t:3084-v:85099.116)-(t:4.722-t:3085-v:85098.272)-(t:4.722-t:3086-v:85021.652)-(t:4.723-t:3087-v:84980.439)-(t:4.723-t:3088-v:84949.963)-(t:4.723-t:3089-v:83837.833)-(t:4.723-t:3090-v:83759.46)-(t:4.724-t:3091-v:83753.148)-(t:4.724-t:3092-v:83745.918)-(t:4.724-t:3093-v:83726.222)-(t:4.724-t:3094-v:83721.062)-(t:4.724-t:3095-v:83713.282)-(t:4.725-t:3096-v:83712.721)-(t:4.725-t:3097-v:83707.007)-(t:4.725-t:3098-v:83538.187)-(t:4.725-t:3099-v:83334.248)-(t:4.727-t:3100-v:83311.513)-(t:4.728-t:3101-v:83279.037)-(t:4.728-t:3102-v:83175.989)-(t:4.741-t:3103-v:83175.591)-(t:4.793-t:3104-v:83175.562)-(t:4.807-t:3105-v:83170.711)-(t:4.807-t:3106-v:83163.155)-(t:4.807-t:3107-v:83160.034)-(t:4.808-t:3108-v:83095.6)-(t:4.808-t:3109-v:83084.242)-(t:4.833-t:3110-v:83077.241)-(t:4.836-t:3111-v:83029.29)-(t:4.877-t:3112-v:82783.064)-(t:6.111-t:4410-v:79439.406)-(t:6.111-t:4411-v:79439.044)-(t:6.111-t:4412-v:79428.558)-(t:6.111-t:4413-v:79400.575)-(t:6.112-t:4414-v:79334.692)-(t:6.112-t:4415-v:79265.902)-(t:6.112-t:4416-v:79178.189)-(t:6.112-t:4417-v:79076.652)-(t:6.113-t:4418-v:78606.637)-(t:6.113-t:4419-v:78591.888)-(t:6.113-t:4420-v:78481.617)-(t:6.113-t:4421-v:78478.976)-(t:6.113-t:4422-v:78474.389)-(t:6.114-t:4423-v:78411.295)-(t:6.114-t:4424-v:78378.75)-(t:6.114-t:4425-v:78342.041)-(t:6.114-t:4426-v:78206.987)-(t:6.141-t:4427-v:78206.652)-(t:6.144-t:4428-v:78156.913)-(t:6.144-t:4429-v:78156.724)-(t:6.181-t:4430-v:78144.915)-(t:6.210-t:4431-v:77785.99)-(t:6.373-t:4590-v:77749.505)-(t:6.374-t:4591-v:77701.852)-(t:6.374-t:4592-v:77674.451)-(t:6.390-t:4593-v:77651.069)-(t:6.409-t:4594-v:77620.917)-(t:16.217-t:14917-v:77572.989)-(t:16.218-t:14918-v:77553.183)-(t:16.218-t:14919-v:77295.523)-(t:16.219-t:14920-v:77170.969)-(t:16.239-t:14921-v:77169.161)-(t:16.261-t:14922-v:77045.722)-(t:16.281-t:14923-v:76922.827)-(t:16.304-t:14924-v:76857.833)-(t:16.304-t:14925-v:76801.613)-(t:16.304-t:14926-v:76757.992)-(t:16.305-t:14927-v:76732.535)-(t:16.311-t:14928-v:76727.778)-(t:16.312-t:14929-v:76643.846)-(t:16.312-t:14930-v:76609.484)-(t:16.313-t:14931-v:76447.379)-(t:16.314-t:14932-v:76425.697)-(t:16.314-t:14933-v:76421.559)-(t:16.314-t:14934-v:76038.611)-(t:16.314-t:14935-v:76027.827)-(t:16.314-t:14936-v:76021.389)-(t:16.314-t:14937-v:75758.876)-(t:16.315-t:14938-v:75736.25)-(t:16.315-t:14939-v:75729.544)-(t:16.315-t:14940-v:75729.514)-(t:16.315-t:14941-v:75716.37)-(t:16.315-t:14942-v:75708.106)-(t:16.316-t:14943-v:75697.129)-(t:16.316-t:14944-v:75688.983)-(t:16.316-t:14945-v:75683.823)-(t:16.317-t:14946-v:75593.811)-(t:16.317-t:14947-v:75514.476)-(t:16.340-t:14948-v:75403.248)-(t:61.834-t:77010-v:75338.661)-(t:62.244-t:77399-v:74972.54)-(t:62.244-t:77400-v:74948.822)-(t:62.244-t:77401-v:74932.723)-(t:62.246-t:77402-v:74285.866)-(t:62.246-t:77403-v:73969.005)-(t:62.246-t:77404-v:73927.812)-(t:62.251-t:77405-v:73795.745)-(t:62.273-t:77406-v:73775.025)-(t:62.298-t:77407-v:73763.786)-(t:62.319-t:77408-v:73659.266)-(t:62.321-t:77409-v:73457.748)-(t:62.345-t:77410-v:73318.641)-(t:62.348-t:77411-v:73069.097)-(t:62.366-t:77412-v:73036.102)-(t:62.367-t:77413-v:72888.455)-(t:62.386-t:77414-v:72863.564)-(t:62.390-t:77415-v:72746.299)],445.979
examples/tsp/tsplib/p654.tsp,bestslopefirst,r1,900,0,89217.222,[(t:4.940-t:1652-v:141705.421)-(t:4.941-t:1653-v:141701.256)-(t:4.941-t:1654-v:141578.177)-(t:4.941-t:1655-v:141246.243)-(t:4.941-t:1656-v:140814.764)-(t:4.943-t:1657-v:139527.756)-(t:4.943-t:1658-v:139490.766)-(t:4.943-t:1659-v:139463.111)-(t:4.943-t:1660-v:138859.089)-(t:4.943-t:1661-v:138605.005)-(t:4.943-t:1662-v:138601.344)-(t:4.943-t:1663-v:137575.168)-(t:4.944-t:1664-v:137550.817)-(t:4.945-t:1665-v:136613.074)-(t:4.945-t:1666-v:136560.492)-(t:6.172-t:1825-v:134978.119)-(t:6.172-t:1826-v:134909.163)-(t:6.173-t:1827-v:134425.273)-(t:6.173-t:1828-v:134416.455)-(t:6.173-t:1829-v:133301.358)-(t:6.173-t:1830-v:133277.007)-(t:6.756-t:1958-v:124728.467)-(t:6.756-t:1959-v:124696.436)-(t:6.756-t:1960-v:124656.046)-(t:6.758-t:1961-v:124188.091)-(t:6.758-t:1962-v:124151.101)-(t:6.758-t:1963-v:123932.211)-(t:6.760-t:1964-v:123908.19)-(t:6.761-t:1965-v:123867.982)-(t:6.763-t:1966-v:122612.549)-(t:6.786-t:1967-v:122586.841)-(t:8.653-t:2163-v:122572.045)-(t:8.708-t:2164-v:121239.92)-(t:8.725-t:2165-v:120891.278)-(t:8.728-t:2166-v:120882.308)-(t:8.731-t:2167-v:120876.284)-(t:8.761-t:2168-v:120872.143)-(t:8.789-t:2169-v:120860.729)-(t:8.819-t:2170-v:120846.014)-(t:11.741-t:3189-v:116382.053)-(t:11.758-t:3190-v:116368.197)-(t:11.777-t:3191-v:116257.072)-(t:11.794-t:3192-v:116153.079)-(t:11.810-t:3193-v:116133.058)-(t:11.828-t:3194-v:116022.632)-(t:21.155-t:5622-v:115489.253)-(t:21.155-t:5623-v:115447.455)-(t:21.155-t:5624-v:115252.475)-(t:21.156-t:5625-v:114327.479)-(t:21.157-t:5626-v:114135.491)-(t:21.158-t:5627-v:113988.85)-(t:21.158-t:5628-v:113915.691)-(t:21.158-t:5629-v:113374.979)-(t:21.159-t:5630-v:113111.629)-(t:21.159-t:5631-v:113035.889)-(t:21.159-t:5632-v:113027.071)-(t:21.159-t:5633-v:112843.987)-(t:21.160-t:5634-v:112794.319)-(t:21.524-t:5792-v:112426.449)-(t:21.524-t:5793-v:112417.875)-(t:21.525-t:5794-v:112373.643)-(t:21.525-t:5795-v:112333.317)-(t:21.552-t:5796-v:112016.702)-(t:21.553-t:5797-v:111972.638)-(t:21.553-t:5798-v:111927.035)-(t:35.148-t:10179-v:111370.851)-(t:35.148-t:10180-v:111315.023)-(t:35.149-t:10181-v:111295.681)-(t:35.150-t:10182-v:110829.121)-(t:35.150-t:10183-v:110792.131)-(t:35.150-t:10184-v:110573.241)-(t:35.151-t:10185-v:108878.59)-(t:35.158-t:10186-v:108847.806)-(t:35.162-t:10187-v:108827.28)-(t:35.165-t:10188-v:108823.817)-(t:35.169-t:10189-v:108770.427)-(t:35.173-t:10190-v:108728.425)-(t:35.177-t:10191-v:108253.48)-(t:73.191-t:21998-v:107342.356)-(t:73.199-t:21999-v:107328.643)-(t:73.218-t:22000-v:107319.348)-(t:73.237-t:22001-v:106005.572)-(t:104.061-t:32245-v:105926.748)-(t:104.062-t:32246-v:103940.867)-(t:104.064-t:32247-v:103632.625)-(t:104.064-t:32248-v:103389.75)-(t:104.064-t:32249-v:103078.961)-(t:104.071-t:32250-v:103011.225)-(t:104.743-t:32338-v:102989.16)-(t:104.763-t:32339-v:102965.935)-(t:104.784-t:32340-v:102857.858)-(t:163.427-t:51461-v:101821.447)-(t:163.432-t:51462-v:101444.652)-(t:163.436-t:51463-v:101139.055)-(t:163.456-t:51464-v:101125.954)-(t:163.473-t:51465-v:101119.378)-(t:163.493-t:51466-v:101055.427)-(t:221.314-t:70642-v:100951.013)-(t:221.315-t:70643-v:99896.125)-(t:221.315-t:70644-v:99887.307)-(t:221.315-t:70645-v:98856.457)-(t:221.316-t:70646-v:98832.106)-(t:221.318-t:70647-v:97435.871)-(t:221.319-t:70648-v:97423.424)-(t:221.323-t:70649-v:97277.806)-(t:221.588-t:70793-v:96250.228)-(t:221.589-t:70794-v:95877.638)-(t:221.590-t:70795-v:95849.295)-(t:221.591-t:70796-v:94598.85)-(t:221.591-t:70797-v:94290.392)-(t:221.598-t:70798-v:94258.515)-(t:289.280-t:92798-v:93964.282)-(t:289.299-t:92799-v:93961.057)-(t:289.320-t:92800-v:93940.155)-(t:289.340-t:92801-v:92679.282)-(t:289.362-t:92802-v:92651.057)-(t:289.380-t:92803-v:92650.185)-(t:289.398-t:92804-v:92621.094)-(t:289.417-t:92805-v:92448.995)-(t:289.435-t:92806-v:92023.746)-(t:289.453-t:92807-v:92019.535)-(t:289.472-t:92808-v:91943.818)-(t:290.438-t:92909-v:90764.421)-(t:290.443-t:92910-v:90761.703)-(t:290.452-t:92911-v:90759.936)-(t:290.457-t:92912-v:90759.692)-(t:290.461-t:92913-v:90553.887)-(t:290.480-t:92914-v:90550.567)-(t:290.500-t:92915-v:90529.665)-(t:290.519-t:92916-v:90497.945)-(t:290.537-t:92917-v:90469.72)-(t:290.557-t:92918-v:90468.848)-(t:290.576-t:92919-v:90439.757)-(t:290.597-t:92920-v:90268.579)-(t:290.617-t:92921-v:89297.15)-(t:290.636-t:92922-v:89292.939)-(t:290.657-t:92923-v:89217.222)],566.769
examples/tsp/tsplib/pr264.tsp,random,r1,900,0,75974.899,[(t:2.516-t:502-v:158477.807)-(t:2.518-t:503-v:158440.564)-(t:2.519-t:504-v:158402.392)-(t:2.528-t:505-v:158346.719)-(t:2.539-t:506-v:158120.434)-(t:2.540-t:507-v:158012.398)-(t:2.541-t:508-v:157956.725)-(t:2.542-t:509-v:157812.398)-(t:2.543-t:510-v:144708.263)-(t:2.543-t:511-v:144641.396)-(t:2.547-t:512-v:144585.723)-(t:2.551-t:513-v:144349.432)-(t:2.552-t:514-v:144241.396)-(t:2.556-t:515-v:144185.723)-(t:2.572-t:516-v:144041.396)-(t:3.727-t:635-v:88572.715)-(t:3.730-t:636-v:84776.81)-(t:4.023-t:775-v:84534.814)-(t:4.024-t:776-v:84534.241)-(t:4.038-t:777-v:84413.69)-(t:4.042-t:778-v:84351.146)-(t:4.043-t:779-v:84275.326)-(t:4.045-t:780-v:81407.861)-(t:4.047-t:781-v:81298.083)-(t:4.048-t:782-v:81174.476)-(t:4.048-t:783-v:81138.847)-(t:4.048-t:784-v:80891.633)-(t:4.050-t:785-v:80790.748)-(t:4.050-t:786-v:80579.14)-(t:4.050-t:787-v:80463.452)-(t:4.050-t:788-v:80448.862)-(t:4.065-t:789-v:80305.338)-(t:9.826-t:3626-v:79251.479)-(t:9.828-t:3627-v:79188.935)-(t:9.840-t:3628-v:79113.115)-(t:9.844-t:3629-v:79085.016)-(t:9.848-t:3630-v:78976.564)-(t:9.849-t:3631-v:78951.169)-(t:222.297-t:116067-v:77760.955)-(t:222.299-t:116068-v:77757.15)-(t:222.300-t:116069-v:77364.713)-(t:222.302-t:116070-v:76336.953)-(t:222.304-t:116071-v:76219.226)-(t:222.309-t:116072-v:76074.899)-(t:222.313-t:116073-v:75974.899)],325.347
examples/tsp/tsplib/u574.tsp,bestslopefirst,r1,900,0,49605.677,[(t:3.235-t:1565-v:54923.877)-(t:133.124-t:49706-v:54907.319)-(t:133.125-t:49707-v:54842.164)-(t:163.013-t:61330-v:50725.537)-(t:163.018-t:61331-v:50555.159)-(t:163.019-t:61332-v:50207.496)-(t:163.019-t:61333-v:50186.097)-(t:163.020-t:61334-v:50133.288)-(t:163.021-t:61335-v:50125.693)-(t:163.044-t:61336-v:50120.399)-(t:163.064-t:61337-v:50051.084)-(t:163.085-t:61338-v:50046.366)-(t:564.392-t:223280-v:49605.677)],246.946
examples/tsp/tsplib/pr439.tsp,bestslopefirst,r1,900,0,254471.027,[(t:2.914-t:1704-v:383867.38)-(t:2.914-t:1705-v:383864.061)-(t:2.916-t:1706-v:383695.176)-(t:2.916-t:1707-v:383599.237)-(t:2.917-t:1708-v:368400.129)-(t:2.931-t:1709-v:368152.236)-(t:3.994-t:1868-v:300416.929)-(t:3.994-t:1869-v:300303.772)-(t:3.997-t:1870-v:300272.999)-(t:3.997-t:1871-v:300083.638)-(t:3.997-t:1872-v:300080.414)-(t:3.997-t:1873-v:300064.111)-(t:3.998-t:1874-v:299981.317)-(t:3.999-t:1875-v:299968.869)-(t:4.000-t:1876-v:299859.175)-(t:13.435-t:9804-v:296918.515)-(t:13.435-t:9805-v:296753.752)-(t:13.435-t:9806-v:296705.92)-(t:13.436-t:9807-v:296583.859)-(t:13.436-t:9808-v:296564.889)-(t:13.436-t:9809-v:296525.261)-(t:13.436-t:9810-v:296435.865)-(t:13.437-t:9811-v:296426.575)-(t:13.437-t:9812-v:296401.679)-(t:13.437-t:9813-v:296221.401)-(t:13.437-t:9814-v:296187.662)-(t:13.437-t:9815-v:296126.603)-(t:13.438-t:9816-v:296024.555)-(t:13.438-t:9817-v:295402.031)-(t:13.441-t:9818-v:295318.935)-(t:13.443-t:9819-v:295237.081)-(t:20.451-t:16902-v:292796.728)-(t:20.451-t:16903-v:292731.842)-(t:20.452-t:16904-v:292728.097)-(t:20.452-t:16905-v:292697.285)-(t:20.452-t:16906-v:292671.999)-(t:20.452-t:16907-v:292663.42)-(t:20.453-t:16908-v:292474.268)-(t:20.453-t:16909-v:292459.734)-(t:20.453-t:16910-v:292122.852)-(t:20.453-t:16911-v:292100.289)-(t:20.454-t:16912-v:292072.873)-(t:20.454-t:16913-v:291611.774)-(t:20.454-t:16914-v:291484.6)-(t:20.455-t:16915-v:289694.204)-(t:32.888-t:28496-v:288884.763)-(t:32.888-t:28497-v:288822.826)-(t:32.888-t:28498-v:288633.465)-(t:32.888-t:28499-v:288630.241)-(t:32.889-t:28500-v:288613.938)-(t:32.890-t:28501-v:288521.89)-(t:32.892-t:28502-v:288407.173)-(t:32.896-t:28503-v:288379.074)-(t:32.899-t:28504-v:288193.124)-(t:33.126-t:28690-v:286491.514)-(t:33.127-t:28691-v:286424.395)-(t:33.127-t:28692-v:286420.297)-(t:33.127-t:28693-v:286407.09)-(t:33.128-t:28694-v:286392.422)-(t:33.130-t:28695-v:286290.242)-(t:33.130-t:28696-v:286213.209)-(t:33.130-t:28697-v:286207.965)-(t:33.130-t:28698-v:286162.532)-(t:33.130-t:28699-v:286153.899)-(t:33.131-t:28700-v:285965.776)-(t:33.131-t:28701-v:285776.624)-(t:33.131-t:28702-v:285609.019)-(t:33.131-t:28703-v:285413.454)-(t:33.132-t:28704-v:285233.176)-(t:33.132-t:28705-v:285070.486)-(t:33.132-t:28706-v:285040.601)-(t:33.133-t:28707-v:284865.441)-(t:33.133-t:28708-v:284754.866)-(t:33.134-t:28709-v:283897.23)-(t:33.137-t:28710-v:283886.337)-(t:33.138-t:28711-v:283857.385)-(t:39.432-t:34837-v:279939.709)-(t:39.432-t:34838-v:279900.979)-(t:39.433-t:34839-v:279337.537)-(t:39.435-t:34840-v:278891.049)-(t:39.447-t:34841-v:278762.217)-(t:39.449-t:34842-v:278736.236)-(t:99.571-t:94128-v:278714.028)-(t:99.572-t:94129-v:278660.135)-(t:99.573-t:94130-v:278463.289)-(t:99.573-t:94131-v:277703.92)-(t:99.573-t:94132-v:277585.339)-(t:99.707-t:94276-v:277565.83)-(t:99.708-t:94277-v:277463.782)-(t:112.092-t:106922-v:274699.921)-(t:112.092-t:106923-v:274690.07)-(t:112.093-t:106924-v:274220.321)-(t:112.097-t:106925-v:274202.639)-(t:112.098-t:106926-v:274034.801)-(t:237.524-t:230752-v:274033.875)-(t:237.526-t:230753-v:274027.588)-(t:237.528-t:230754-v:274016.462)-(t:237.530-t:230755-v:273952.021)-(t:328.042-t:319518-v:273951.742)-(t:328.042-t:319519-v:273855.262)-(t:328.043-t:319520-v:273422.806)-(t:328.050-t:319521-v:273237.617)-(t:328.053-t:319522-v:272809.319)-(t:328.056-t:319523-v:268629.784)-(t:519.674-t:508588-v:258612.169)-(t:519.674-t:508589-v:258469.793)-(t:519.675-t:508590-v:258158.773)-(t:519.675-t:508591-v:258149.209)-(t:519.678-t:508592-v:258054.736)-(t:630.115-t:617084-v:255144.321)-(t:630.116-t:617085-v:255123.737)-(t:630.117-t:617086-v:254677.249)-(t:630.130-t:617087-v:254552.881)-(t:630.132-t:617088-v:254471.027)],538.133
examples/tsp/tsplib/kroD100.tsp,bestslopefirst,r1,900,0,32682.523,[(t:1.743-t:471-v:66500.367)-(t:1.759-t:472-v:66442.012)-(t:1.760-t:473-v:66430.576)-(t:1.760-t:474-v:64968.141)-(t:1.761-t:475-v:64732.162)-(t:1.761-t:476-v:64620.199)-(t:1.762-t:477-v:64499.058)-(t:1.762-t:478-v:64254.28)-(t:1.763-t:479-v:63202.831)-(t:1.764-t:480-v:62405.616)-(t:1.765-t:481-v:61863.474)-(t:1.766-t:482-v:61860.636)-(t:1.766-t:483-v:61805.053)-(t:1.767-t:484-v:61505.999)-(t:1.768-t:485-v:60978.026)-(t:1.768-t:486-v:60626.434)-(t:1.768-t:487-v:60405.87)-(t:1.769-t:488-v:60179.706)-(t:1.769-t:489-v:60028.314)-(t:1.770-t:490-v:59399.667)-(t:1.770-t:491-v:59334.014)-(t:1.771-t:492-v:58747.099)-(t:1.782-t:493-v:56994.328)-(t:1.782-t:494-v:56956.89)-(t:1.783-t:495-v:56527.924)-(t:1.784-t:496-v:56525.524)-(t:1.784-t:497-v:56279.606)-(t:1.785-t:498-v:54694.912)-(t:1.785-t:499-v:54670.571)-(t:1.785-t:500-v:54618.453)-(t:1.785-t:501-v:54349.775)-(t:1.786-t:502-v:53982.968)-(t:1.786-t:503-v:53888.924)-(t:1.787-t:504-v:53707.536)-(t:1.787-t:505-v:53658.566)-(t:1.788-t:506-v:53650.893)-(t:1.788-t:507-v:53641.713)-(t:1.789-t:508-v:53319.673)-(t:1.789-t:509-v:53284.223)-(t:1.790-t:510-v:52511.022)-(t:1.792-t:511-v:52486.461)-(t:1.806-t:512-v:52440.512)-(t:1.807-t:513-v:52152.145)-(t:1.808-t:514-v:51599.232)-(t:1.809-t:515-v:51480.191)-(t:1.810-t:516-v:51455.413)-(t:1.811-t:517-v:51056.179)-(t:1.812-t:518-v:51026.083)-(t:1.813-t:519-v:50874.567)-(t:1.815-t:520-v:50834.957)-(t:1.818-t:521-v:50797.069)-(t:1.819-t:522-v:50453.899)-(t:1.822-t:523-v:49547.176)-(t:1.822-t:524-v:49311.779)-(t:1.835-t:525-v:49132.965)-(t:1.837-t:526-v:48791.912)-(t:1.838-t:527-v:48571.554)-(t:1.840-t:528-v:47336.944)-(t:1.840-t:529-v:47288.59)-(t:1.841-t:530-v:47172.363)-(t:1.843-t:531-v:47171.782)-(t:1.844-t:532-v:47032.36)-(t:1.846-t:533-v:47000.527)-(t:1.848-t:534-v:46032.224)-(t:1.848-t:535-v:46008.337)-(t:1.849-t:536-v:45964.159)-(t:1.849-t:537-v:45954.37)-(t:1.849-t:538-v:45941.805)-(t:1.850-t:539-v:45928.214)-(t:1.874-t:540-v:45683.689)-(t:1.875-t:541-v:45398.724)-(t:1.876-t:542-v:45334.515)-(t:1.876-t:543-v:45297.775)-(t:1.877-t:544-v:45182.717)-(t:1.877-t:545-v:45176.957)-(t:1.879-t:546-v:44956.579)-(t:1.880-t:547-v:44954.907)-(t:1.881-t:548-v:44931.929)-(t:1.882-t:549-v:44920.464)-(t:1.882-t:550-v:44826.843)-(t:1.883-t:551-v:44804.522)-(t:1.883-t:552-v:44802.85)-(t:1.885-t:553-v:44560.421)-(t:1.886-t:554-v:44378.648)-(t:1.888-t:555-v:44057.559)-(t:3.553-t:1086-v:43846.792)-(t:3.554-t:1087-v:43761.348)-(t:3.554-t:1088-v:43321.349)-(t:3.556-t:1089-v:43288.482)-(t:3.556-t:1090-v:43133.819)-(t:7.782-t:4785-v:43120.845)-(t:7.783-t:4786-v:43052.025)-(t:7.784-t:4787-v:42832.813)-(t:7.785-t:4788-v:42605.252)-(t:7.786-t:4789-v:42516.313)-(t:7.846-t:4933-v:42271.533)-(t:7.847-t:4934-v:42094.608)-(t:7.848-t:4935-v:41989.004)-(t:7.849-t:4936-v:41765.475)-(t:7.850-t:4937-v:41542.244)-(t:7.852-t:4938-v:41153.172)-(t:7.853-t:4939-v:40921.07)-(t:7.854-t:4940-v:40897.155)-(t:7.855-t:4941-v:40880.815)-(t:7.855-t:4942-v:40720.978)-(t:7.856-t:4943-v:40595.628)-(t:7.857-t:4944-v:40170.746)-(t:7.858-t:4945-v:40143.363)-(t:7.859-t:4946-v:40036.638)-(t:7.860-t:4947-v:39653.422)-(t:12.207-t:10434-v:39524.745)-(t:18.303-t:17199-v:39509.964)-(t:18.304-t:17200-v:39442.585)-(t:18.305-t:17201-v:39437.201)-(t:18.307-t:17202-v:39371.766)-(t:18.307-t:17203-v:39337.579)-(t:18.309-t:17204-v:39286.953)-(t:18.310-t:17205-v:39271.998)-(t:18.313-t:17206-v:39229.381)-(t:18.314-t:17207-v:39198.651)-(t:32.380-t:33417-v:38942.575)-(t:32.380-t:33418-v:38860.187)-(t:32.380-t:33419-v:38788.549)-(t:32.381-t:33420-v:38737.923)-(t:32.384-t:33421-v:38709.471)-(t:32.386-t:33422-v:38540.183)-(t:32.389-t:33423-v:38484.83)-(t:32.390-t:33424-v:38250.538)-(t:45.729-t:48345-v:38241.904)-(t:45.731-t:48346-v:37774.169)-(t:80.722-t:87710-v:37523.577)-(t:80.725-t:87711-v:37264.955)-(t:80.727-t:87712-v:37228.005)-(t:105.965-t:116607-v:36205.193)-(t:105.968-t:116608-v:35058.143)-(t:150.288-t:167686-v:35043.807)-(t:150.292-t:167687-v:34904.596)-(t:671.325-t:757243-v:34895.047)-(t:671.326-t:757244-v:34796.098)-(t:671.330-t:757245-v:34778.255)-(t:671.330-t:757246-v:34657.273)-(t:671.331-t:757247-v:34646.465)-(t:770.921-t:870059-v:34511.831)-(t:770.923-t:870060-v:34263.389)-(t:770.924-t:870061-v:33956.007)-(t:770.927-t:870062-v:33950.247)-(t:770.928-t:870063-v:33946.48)-(t:770.928-t:870064-v:33945.765)-(t:770.931-t:870065-v:33940.005)-(t:770.933-t:870066-v:33926.572)-(t:770.935-t:870067-v:33925.68)-(t:770.938-t:870068-v:33904.729)-(t:770.939-t:870069-v:33871.196)-(t:770.940-t:870070-v:33815.52)-(t:770.941-t:870071-v:33794.018)-(t:770.945-t:870072-v:32682.523)],352.048
examples/tsp/tsplib/gil262.tsp,bestslopefirst,r1,900,0,6486.324,[(t:4.199-t:1704-v:8077.066)-(t:4.199-t:1705-v:8033.305)-(t:4.199-t:1706-v:8028.628)-(t:4.199-t:1707-v:8024.079)-(t:4.200-t:1708-v:8022.392)-(t:4.205-t:1709-v:8021.52)-(t:4.207-t:1710-v:8021.381)-(t:4.207-t:1711-v:8006.278)-(t:4.207-t:1712-v:8004.998)-(t:4.208-t:1713-v:7996.423)-(t:4.208-t:1714-v:7987.053)-(t:4.209-t:1715-v:7986.866)-(t:4.210-t:1716-v:7973.619)-(t:4.211-t:1717-v:7964.557)-(t:4.222-t:1718-v:7955.802)-(t:4.223-t:1719-v:7952.445)-(t:4.223-t:1720-v:7951.159)-(t:4.224-t:1721-v:7950.391)-(t:4.225-t:1722-v:7950.096)-(t:4.225-t:1723-v:7944.399)-(t:4.226-t:1724-v:7922.148)-(t:4.227-t:1725-v:7901.469)-(t:4.227-t:1726-v:7853.247)-(t:4.230-t:1727-v:7842.391)-(t:4.231-t:1728-v:7840.254)-(t:4.232-t:1729-v:7840.093)-(t:4.232-t:1730-v:7828.543)-(t:4.233-t:1731-v:7818.834)-(t:4.233-t:1732-v:7811.236)-(t:4.233-t:1733-v:7810.166)-(t:4.234-t:1734-v:7809.591)-(t:4.234-t:1735-v:7809.45)-(t:4.236-t:1736-v:7789.638)-(t:4.238-t:1737-v:7748.309)-(t:4.238-t:1738-v:7727.186)-(t:4.239-t:1739-v:7725.591)-(t:4.241-t:1740-v:7724.288)-(t:4.243-t:1741-v:7718.909)-(t:4.243-t:1742-v:7717.71)-(t:4.243-t:1743-v:7697.465)-(t:4.245-t:1744-v:7696.386)-(t:4.248-t:1745-v:7688.735)-(t:4.249-t:1746-v:7682.069)-(t:4.251-t:1747-v:7673.603)-(t:4.253-t:1748-v:7652.015)-(t:4.257-t:1749-v:7645.026)-(t:4.257-t:1750-v:7635.896)-(t:4.261-t:1751-v:7616.868)-(t:4.262-t:1752-v:7564.064)-(t:4.266-t:1753-v:7547.847)-(t:4.270-t:1754-v:7546.098)-(t:4.272-t:1755-v:7544.458)-(t:4.276-t:1756-v:7525.424)-(t:4.283-t:1757-v:7523.346)-(t:4.286-t:1758-v:7521.744)-(t:4.290-t:1759-v:7508.797)-(t:4.293-t:1760-v:7499.173)-(t:4.293-t:1761-v:7492.129)-(t:4.294-t:1762-v:7490.821)-(t:4.296-t:1763-v:7490.371)-(t:4.298-t:1764-v:7489.826)-(t:4.301-t:1765-v:7451.947)-(t:4.301-t:1766-v:7451.344)-(t:4.305-t:1767-v:7437.838)-(t:4.308-t:1768-v:7436.808)-(t:4.309-t:1769-v:7431.432)-(t:4.314-t:1770-v:7364.017)-(t:4.314-t:1771-v:7344.112)-(t:4.317-t:1772-v:7316.01)-(t:4.321-t:1773-v:7274.938)-(t:4.321-t:1774-v:7273.409)-(t:4.323-t:1775-v:7220.553)-(t:4.326-t:1776-v:7220.19)-(t:4.328-t:1777-v:7217.247)-(t:4.331-t:1778-v:7200.797)-(t:4.335-t:1779-v:7183.124)-(t:4.339-t:1780-v:7147.165)-(t:4.340-t:1781-v:7145.826)-(t:4.344-t:1782-v:7120.886)-(t:4.349-t:1783-v:7080.619)-(t:4.349-t:1784-v:7019.994)-(t:4.349-t:1785-v:6967.713)-(t:4.349-t:1786-v:6958.963)-(t:4.356-t:1787-v:6942.498)-(t:4.356-t:1788-v:6931.08)-(t:4.359-t:1789-v:6869.188)-(t:6.050-t:2164-v:6862.66)-(t:6.053-t:2165-v:6849.759)-(t:6.061-t:2166-v:6848.845)-(t:6.063-t:2167-v:6832.123)-(t:6.067-t:2168-v:6821.571)-(t:6.067-t:2169-v:6820.131)-(t:6.082-t:2170-v:6814.528)-(t:6.084-t:2171-v:6793.773)-(t:6.085-t:2172-v:6780.657)-(t:6.088-t:2173-v:6773.391)-(t:173.538-t:84625-v:6768.028)-(t:173.542-t:84626-v:6756.348)-(t:173.549-t:84627-v:6748.626)-(t:173.556-t:84628-v:6748.524)-(t:173.560-t:84629-v:6732.19)-(t:197.476-t:96665-v:6731.557)-(t:197.477-t:96666-v:6721.452)-(t:197.478-t:96667-v:6716.768)-(t:197.480-t:96668-v:6715.349)-(t:197.482-t:96669-v:6708.128)-(t:197.484-t:96670-v:6705.915)-(t:197.486-t:96671-v:6701.68)-(t:197.488-t:96672-v:6698.994)-(t:197.488-t:96673-v:6688.564)-(t:197.488-t:96674-v:6688.385)-(t:197.494-t:96675-v:6681.286)-(t:197.503-t:96676-v:6673.873)-(t:197.505-t:96677-v:6670.579)-(t:197.515-t:96678-v:6655.882)-(t:197.522-t:96679-v:6652.338)-(t:214.734-t:105400-v:6633.272)-(t:214.738-t:105401-v:6632.268)-(t:214.745-t:105402-v:6613.468)-(t:214.748-t:105403-v:6543.017)-(t:214.755-t:105404-v:6526.8)-(t:214.764-t:105405-v:6503.804)-(t:214.766-t:105406-v:6496.496)-(t:214.770-t:105407-v:6486.324)],574.707
examples/tsp/tsplib/pr136.tsp,random,r1,900,0,235603.808,[(t:1.407-t:391-v:392377.281)-(t:1.407-t:392-v:381166.748)-(t:1.407-t:393-v:380559.146)-(t:1.424-t:394-v:379999.16)-(t:1.425-t:395-v:365141.27)-(t:1.425-t:396-v:364749.675)-(t:1.426-t:397-v:351519.13)-(t:1.427-t:398-v:351491.613)-(t:1.427-t:399-v:350497.076)-(t:1.427-t:400-v:350480.478)-(t:1.428-t:401-v:350386.757)-(t:1.428-t:402-v:341353.945)-(t:1.428-t:403-v:338053.124)-(t:1.428-t:404-v:336044.477)-(t:1.428-t:405-v:335558.414)-(t:1.434-t:406-v:335439.978)-(t:1.450-t:407-v:335438.809)-(t:1.455-t:408-v:328219.27)-(t:1.455-t:409-v:327014.929)-(t:1.456-t:410-v:326926.157)-(t:1.457-t:411-v:317992.214)-(t:1.459-t:412-v:317944.816)-(t:1.460-t:413-v:310736.018)-(t:1.460-t:414-v:310733.68)-(t:1.461-t:415-v:310229.001)-(t:1.462-t:416-v:310220.296)-(t:1.475-t:417-v:310151.42)-(t:1.480-t:418-v:310092.775)-(t:1.485-t:419-v:309849.548)-(t:1.504-t:420-v:309841.469)-(t:1.510-t:421-v:309615.545)-(t:1.511-t:422-v:309362.885)-(t:1.525-t:423-v:308953.365)-(t:1.538-t:424-v:308369.369)-(t:1.542-t:425-v:303922.817)-(t:1.543-t:426-v:303917.259)-(t:1.543-t:427-v:303905.055)-(t:1.545-t:428-v:303700.222)-(t:1.561-t:429-v:303410.78)-(t:1.563-t:430-v:301242.802)-(t:1.564-t:431-v:300010.787)-(t:1.567-t:432-v:299957.307)-(t:1.568-t:433-v:299092.913)-(t:1.569-t:434-v:298854.775)-(t:1.570-t:435-v:298695.294)-(t:1.571-t:436-v:298147.892)-(t:1.588-t:437-v:294280.552)-(t:1.588-t:438-v:293796.737)-(t:1.589-t:439-v:293748.618)-(t:1.589-t:440-v:291706.869)-(t:1.590-t:441-v:291705.7)-(t:1.594-t:442-v:290337.131)-(t:1.595-t:443-v:289673.277)-(t:1.595-t:444-v:288577.729)-(t:1.596-t:445-v:287201.825)-(t:1.597-t:446-v:287052.852)-(t:1.616-t:447-v:286973.597)-(t:1.617-t:448-v:286910.017)-(t:1.619-t:449-v:286358.217)-(t:1.623-t:450-v:286059.025)-(t:1.640-t:451-v:285882.899)-(t:1.642-t:452-v:285630.136)-(t:1.646-t:453-v:285290.136)-(t:1.647-t:454-v:285111.45)-(t:1.649-t:455-v:285031.644)-(t:1.930-t:571-v:284987.937)-(t:1.953-t:572-v:284727.387)-(t:1.954-t:573-v:284709.57)-(t:1.955-t:574-v:284390.16)-(t:1.960-t:575-v:282352.439)-(t:1.975-t:576-v:282249.8)-(t:1.978-t:577-v:281962.592)-(t:1.978-t:578-v:281750.971)-(t:1.979-t:579-v:281678.005)-(t:1.981-t:580-v:281431.078)-(t:1.981-t:581-v:279168.822)-(t:1.983-t:582-v:279130.816)-(t:2.000-t:583-v:279059.476)-(t:2.007-t:584-v:273909.771)-(t:2.009-t:585-v:273286.454)-(t:2.009-t:586-v:273277.749)-(t:2.026-t:587-v:272944.223)-(t:2.029-t:588-v:272904.129)-(t:2.030-t:589-v:272476.452)-(t:2.035-t:590-v:272093.946)-(t:2.037-t:591-v:272073.051)-(t:2.038-t:592-v:271788.246)-(t:2.040-t:593-v:271569.702)-(t:2.041-t:594-v:271498.185)-(t:2.043-t:595-v:271416.285)-(t:2.043-t:596-v:271186.41)-(t:2.060-t:597-v:270864.616)-(t:2.062-t:598-v:267014.616)-(t:2.065-t:599-v:265821.777)-(t:2.066-t:600-v:265481.777)-(t:5.277-t:3590-v:264116.175)-(t:5.278-t:3591-v:263757.627)-(t:5.279-t:3592-v:263749.161)-(t:5.279-t:3593-v:258654.911)-(t:5.279-t:3594-v:257536.847)-(t:5.279-t:3595-v:257467.507)-(t:5.279-t:3596-v:255464.994)-(t:5.280-t:3597-v:254841.295)-(t:5.280-t:3598-v:254841.027)-(t:5.282-t:3599-v:254718.433)-(t:5.296-t:3600-v:254181.167)-(t:5.297-t:3601-v:253841.167)-(t:5.298-t:3602-v:253554.165)-(t:5.298-t:3603-v:253214.165)-(t:17.030-t:23714-v:253195.544)-(t:17.032-t:23715-v:251384.777)-(t:17.032-t:23716-v:251374.292)-(t:17.033-t:23717-v:250984.095)-(t:17.033-t:23718-v:249910.655)-(t:17.033-t:23719-v:249138.43)-(t:17.034-t:23720-v:248708.036)-(t:37.711-t:68989-v:248616.88)-(t:37.712-t:68990-v:248186.486)-(t:37.712-t:68991-v:247796.307)-(t:37.713-t:68992-v:243864.776)-(t:37.713-t:68993-v:243340.196)-(t:37.713-t:68994-v:242554.478)-(t:37.713-t:68995-v:242324.437)-(t:37.713-t:68996-v:242323.268)-(t:37.714-t:68997-v:242054.608)-(t:37.714-t:68998-v:241882.882)-(t:37.715-t:68999-v:241212.882)-(t:37.718-t:69000-v:240872.882)-(t:37.719-t:69001-v:240093.239)-(t:37.722-t:69002-v:239753.239)-(t:410.920-t:895103-v:239710.524)-(t:419.662-t:914697-v:239552.229)-(t:419.664-t:914698-v:239261.877)-(t:419.664-t:914699-v:238921.877)-(t:419.665-t:914700-v:238011.877)-(t:419.666-t:914701-v:237671.877)-(t:502.774-t:1097278-v:236910.93)-(t:502.775-t:1097279-v:236570.93)-(t:502.775-t:1097280-v:236538.902)-(t:826.846-t:1816726-v:236370.094)-(t:826.849-t:1816727-v:235603.808)],535.433
examples/tsp/tsplib/rat575.tsp,random,r1,900,0,16658.29,[(t:3.059-t:1715-v:23844.644)-(t:3.060-t:1716-v:23840.909)-(t:3.060-t:1717-v:23774.134)-(t:3.062-t:1718-v:22915.555)-(t:3.062-t:1719-v:22905.961)-(t:3.062-t:1720-v:22899.319)-(t:3.062-t:1721-v:22882.068)-(t:3.062-t:1722-v:22879.322)-(t:3.063-t:1723-v:22878.36)-(t:3.063-t:1724-v:22872.053)-(t:3.063-t:1725-v:22862.511)-(t:3.064-t:1726-v:22824.84)-(t:3.065-t:1727-v:22153.178)-(t:3.065-t:1728-v:22144.277)-(t:3.065-t:1729-v:22119.421)-(t:3.065-t:1730-v:22102.153)-(t:3.066-t:1731-v:22093.255)-(t:3.066-t:1732-v:22074.473)-(t:3.066-t:1733-v:22071.825)-(t:3.079-t:1734-v:22067.43)-(t:3.079-t:1735-v:22067.345)-(t:3.080-t:1736-v:22053.005)-(t:3.081-t:1737-v:22047.508)-(t:3.081-t:1738-v:22047.079)-(t:3.082-t:1739-v:22031.819)-(t:3.086-t:1740-v:22028.366)-(t:3.088-t:1741-v:21437.992)-(t:3.089-t:1742-v:21433.317)-(t:3.103-t:1743-v:21338.14)-(t:3.105-t:1744-v:20642.012)-(t:3.105-t:1745-v:20640.599)-(t:3.106-t:1746-v:20639.691)-(t:3.107-t:1747-v:20634.593)-(t:3.108-t:1748-v:20608.233)-(t:3.109-t:1749-v:20604.922)-(t:3.109-t:1750-v:20601.893)-(t:3.109-t:1751-v:20601.357)-(t:3.110-t:1752-v:20595.239)-(t:3.113-t:1753-v:20589.844)-(t:3.113-t:1754-v:20580.096)-(t:3.127-t:1755-v:20579.961)-(t:3.129-t:1756-v:20046.9)-(t:3.129-t:1757-v:20042.947)-(t:3.129-t:1758-v:20042.518)-(t:3.130-t:1759-v:20038.957)-(t:3.130-t:1760-v:20034.415)-(t:3.131-t:1761-v:20017.565)-(t:3.134-t:1762-v:19997.15)-(t:3.138-t:1763-v:19980.784)-(t:3.139-t:1764-v:19778.327)-(t:3.159-t:1765-v:19765.443)-(t:3.161-t:1766-v:19554.99)-(t:3.207-t:1767-v:19554.57)-(t:3.208-t:1768-v:19553.266)-(t:3.208-t:1769-v:19527.469)-(t:3.209-t:1770-v:19515.948)-(t:3.209-t:1771-v:19514.537)-(t:3.209-t:1772-v:19514.139)-(t:3.210-t:1773-v:19512.249)-(t:3.210-t:1774-v:19511.172)-(t:3.210-t:1775-v:19511.073)-(t:3.211-t:1776-v:19508.583)-(t:3.211-t:1777-v:19495.961)-(t:3.211-t:1778-v:19484.548)-(t:3.211-t:1779-v:19479.426)-(t:3.212-t:1780-v:19462.56)-(t:3.212-t:1781-v:19449.312)-(t:3.212-t:1782-v:19440.678)-(t:3.213-t:1783-v:19440.24)-(t:3.213-t:1784-v:19422.799)-(t:3.213-t:1785-v:19415.196)-(t:3.214-t:1786-v:19412.167)-(t:3.214-t:1787-v:19387.116)-(t:3.214-t:1788-v:19364.307)-(t:3.215-t:1789-v:19360.677)-(t:3.765-t:2006-v:19357.97)-(t:3.780-t:2007-v:19341.286)-(t:3.781-t:2008-v:19338.471)-(t:3.782-t:2009-v:19326.82)-(t:3.787-t:2010-v:19313.427)-(t:3.788-t:2011-v:19309.318)-(t:3.796-t:2012-v:19295.542)-(t:3.797-t:2013-v:19287.158)-(t:3.798-t:2014-v:19284.675)-(t:3.799-t:2015-v:19279.853)-(t:3.817-t:2016-v:19276.4)-(t:3.822-t:2017-v:19275.541)-(t:3.828-t:2018-v:19270.382)-(t:3.829-t:2019-v:19263.277)-(t:3.848-t:2020-v:19250.76)-(t:3.850-t:2021-v:19241.228)-(t:4.398-t:2245-v:19241.213)-(t:4.399-t:2246-v:19229.76)-(t:4.399-t:2247-v:19222.456)-(t:4.400-t:2248-v:19206.254)-(t:4.401-t:2249-v:19204.076)-(t:4.401-t:2250-v:19194.879)-(t:4.402-t:2251-v:19191.682)-(t:4.403-t:2252-v:19189.856)-(t:4.403-t:2253-v:19167.311)-(t:4.404-t:2254-v:19151.889)-(t:4.404-t:2255-v:19140.238)-(t:4.418-t:2256-v:19132.861)-(t:4.423-t:2257-v:19131.276)-(t:4.425-t:2258-v:19112.343)-(t:4.426-t:2259-v:19110.463)-(t:4.428-t:2260-v:19101.95)-(t:4.431-t:2261-v:19101.241)-(t:4.451-t:2262-v:19068.536)-(t:4.452-t:2263-v:19064.491)-(t:4.453-t:2264-v:19063.951)-(t:4.454-t:2265-v:19062.366)-(t:4.455-t:2266-v:19032.306)-(t:4.455-t:2267-v:19029.923)-(t:4.456-t:2268-v:19028.583)-(t:4.456-t:2269-v:19024.709)-(t:4.457-t:2270-v:19017.752)-(t:4.458-t:2271-v:19012.0)-(t:4.790-t:2428-v:18919.514)-(t:4.790-t:2429-v:18906.663)-(t:4.791-t:2430-v:18898.888)-(t:4.791-t:2431-v:18874.641)-(t:4.791-t:2432-v:18867.999)-(t:4.791-t:2433-v:18851.055)-(t:4.792-t:2434-v:18839.548)-(t:4.792-t:2435-v:18820.843)-(t:4.792-t:2436-v:18813.539)-(t:4.799-t:2437-v:18813.251)-(t:4.801-t:2438-v:18803.804)-(t:4.817-t:2439-v:18802.391)-(t:4.822-t:2440-v:18798.322)-(t:4.823-t:2441-v:18785.619)-(t:5.211-t:2621-v:18783.838)-(t:5.211-t:2622-v:18775.454)-(t:5.212-t:2623-v:18772.971)-(t:5.212-t:2624-v:18764.696)-(t:10.573-t:6459-v:18689.371)-(t:10.574-t:6460-v:18673.247)-(t:10.576-t:6461-v:18623.759)-(t:10.576-t:6462-v:18612.346)-(t:10.576-t:6463-v:18606.413)-(t:10.577-t:6464-v:18603.93)-(t:10.577-t:6465-v:18587.593)-(t:10.581-t:6466-v:18581.711)-(t:10.584-t:6467-v:18577.556)-(t:10.585-t:6468-v:18563.705)-(t:10.585-t:6469-v:18545.82)-(t:10.585-t:6470-v:18545.391)-(t:10.599-t:6471-v:18530.131)-(t:10.600-t:6472-v:18526.678)-(t:13.503-t:8511-v:18526.45)-(t:13.503-t:8512-v:18522.471)-(t:13.503-t:8513-v:18506.94)-(t:13.503-t:8514-v:18505.679)-(t:13.504-t:8515-v:18499.037)-(t:13.504-t:8516-v:18483.256)-(t:13.504-t:8517-v:18478.575)-(t:13.504-t:8518-v:18465.21)-(t:13.504-t:8519-v:18454.414)-(t:13.505-t:8520-v:18433.113)-(t:13.505-t:8521-v:18421.098)-(t:13.505-t:8522-v:18410.69)-(t:13.506-t:8523-v:18373.993)-(t:13.511-t:8524-v:18373.525)-(t:13.513-t:8525-v:18371.405)-(t:13.513-t:8526-v:18366.186)-(t:13.513-t:8527-v:18361.545)-(t:13.514-t:8528-v:18335.318)-(t:13.514-t:8529-v:18328.014)-(t:27.898-t:23102-v:18312.253)-(t:27.898-t:23103-v:18306.705)-(t:27.900-t:23104-v:18291.967)-(t:27.900-t:23105-v:18291.885)-(t:27.900-t:23106-v:18287.651)-(t:27.901-t:23107-v:18282.733)-(t:27.901-t:23108-v:18072.293)-(t:27.902-t:23109-v:18051.624)-(t:27.902-t:23110-v:18049.243)-(t:27.903-t:23111-v:18047.634)-(t:27.906-t:23112-v:18040.875)-(t:27.906-t:23113-v:18018.396)-(t:27.907-t:23114-v:18004.272)-(t:27.907-t:23115-v:17978.544)-(t:27.907-t:23116-v:17965.315)-(t:27.908-t:23117-v:17939.492)-(t:27.908-t:23118-v:17918.823)-(t:27.908-t:23119-v:17917.501)-(t:27.908-t:23120-v:17896.572)-(t:27.909-t:23121-v:17896.054)-(t:27.911-t:23122-v:17891.488)-(t:27.912-t:23123-v:17881.743)-(t:27.913-t:23124-v:17853.8)-(t:27.913-t:23125-v:17848.034)-(t:27.914-t:23126-v:17838.212)-(t:27.915-t:23127-v:17828.464)-(t:27.916-t:23128-v:17825.245)-(t:27.917-t:23129-v:17814.593)-(t:27.917-t:23130-v:17811.692)-(t:27.918-t:23131-v:17808.357)-(t:27.918-t:23132-v:17790.137)-(t:27.919-t:23133-v:17788.701)-(t:27.923-t:23134-v:17784.034)-(t:27.924-t:23135-v:17779.25)-(t:27.925-t:23136-v:17763.99)-(t:27.926-t:23137-v:17745.814)-(t:27.926-t:23138-v:17741.218)-(t:27.927-t:23139-v:17739.878)-(t:27.930-t:23140-v:17737.46)-(t:27.931-t:23141-v:17733.996)-(t:27.932-t:23142-v:17724.184)-(t:27.932-t:23143-v:17724.024)-(t:27.933-t:23144-v:17722.844)-(t:27.933-t:23145-v:17720.56)-(t:27.933-t:23146-v:17712.126)-(t:75.066-t:68322-v:17687.204)-(t:75.067-t:68323-v:17675.14)-(t:75.068-t:68324-v:17671.687)-(t:113.861-t:105750-v:17669.254)-(t:113.861-t:105751-v:17652.193)-(t:113.862-t:105752-v:17644.889)-(t:113.862-t:105753-v:17644.307)-(t:113.862-t:105754-v:17629.061)-(t:113.862-t:105755-v:17625.329)-(t:113.863-t:105756-v:17491.621)-(t:113.863-t:105757-v:17489.457)-(t:113.863-t:105758-v:17475.594)-(t:113.863-t:105759-v:17468.952)-(t:113.863-t:105760-v:17452.354)-(t:113.864-t:105761-v:17448.423)-(t:113.864-t:105762-v:17422.735)-(t:113.864-t:105763-v:17419.818)-(t:113.864-t:105764-v:17419.326)-(t:113.865-t:105765-v:17415.98)-(t:113.865-t:105766-v:17411.252)-(t:113.865-t:105767-v:17402.923)-(t:113.866-t:105768-v:17395.082)-(t:113.866-t:105769-v:17368.439)-(t:113.867-t:105770-v:17342.077)-(t:113.867-t:105771-v:17322.148)-(t:113.868-t:105772-v:17291.091)-(t:113.868-t:105773-v:17288.442)-(t:113.868-t:105774-v:17251.715)-(t:113.869-t:105775-v:17230.786)-(t:113.870-t:105776-v:17220.283)-(t:113.871-t:105777-v:17204.471)-(t:113.872-t:105778-v:17201.988)-(t:113.872-t:105779-v:17201.013)-(t:113.873-t:105780-v:17186.469)-(t:113.875-t:105781-v:17183.445)-(t:272.667-t:265788-v:17177.642)-(t:272.668-t:265789-v:17174.005)-(t:272.668-t:265790-v:17155.688)-(t:272.670-t:265791-v:17147.102)-(t:272.671-t:265792-v:17068.379)-(t:272.671-t:265793-v:17048.752)-(t:272.671-t:265794-v:17023.584)-(t:272.672-t:265795-v:17019.568)-(t:272.673-t:265796-v:17019.094)-(t:272.674-t:265797-v:17010.71)-(t:272.674-t:265798-v:16999.952)-(t:272.675-t:265799-v:16989.426)-(t:272.675-t:265800-v:16988.618)-(t:272.676-t:265801-v:16983.037)-(t:272.677-t:265802-v:16974.653)-(t:272.678-t:265803-v:16972.17)-(t:272.678-t:265804-v:16963.895)-(t:272.682-t:265805-v:16963.799)-(t:272.683-t:265806-v:16958.34)-(t:272.683-t:265807-v:16952.141)-(t:272.683-t:265808-v:16941.763)-(t:272.684-t:265809-v:16937.654)-(t:272.684-t:265810-v:16924.891)-(t:272.684-t:265811-v:16920.344)-(t:272.684-t:265812-v:16912.015)-(t:272.685-t:265813-v:16879.072)-(t:272.685-t:265814-v:16879.042)-(t:272.686-t:265815-v:16867.61)-(t:272.687-t:265816-v:16863.983)-(t:272.709-t:265817-v:16841.417)-(t:272.732-t:265818-v:16808.874)-(t:272.732-t:265819-v:16808.852)-(t:272.733-t:265820-v:16805.399)-(t:272.734-t:265821-v:16803.774)-(t:272.735-t:265822-v:16799.656)-(t:272.735-t:265823-v:16794.038)-(t:272.736-t:265824-v:16787.439)-(t:272.736-t:265825-v:16777.726)-(t:272.736-t:265826-v:16764.804)-(t:272.736-t:265827-v:16764.002)-(t:272.737-t:265828-v:16754.289)-(t:272.737-t:265829-v:16746.985)-(t:272.737-t:265830-v:16741.752)-(t:272.738-t:265831-v:16702.473)-(t:272.738-t:265832-v:16702.119)-(t:272.738-t:265833-v:16700.587)-(t:272.739-t:265834-v:16693.504)-(t:272.739-t:265835-v:16673.807)-(t:272.740-t:265836-v:16661.743)-(t:272.743-t:265837-v:16658.29)],540.352
examples/tsp/tsplib/bays29.tsp,roundrobin,r1,900,0,2041.0,[(t:0.498-t:75-v:3899.0)-(t:0.499-t:76-v:3853.0)-(t:0.501-t:77-v:3790.0)-(t:0.503-t:78-v:3706.0)-(t:0.509-t:79-v:3644.0)-(t:0.511-t:80-v:3575.0)-(t:0.511-t:81-v:3574.0)-(t:0.512-t:82-v:3524.0)-(t:0.512-t:83-v:3441.0)-(t:0.513-t:84-v:3433.0)-(t:0.528-t:85-v:3409.0)-(t:0.530-t:86-v:3408.0)-(t:0.532-t:87-v:3291.0)-(t:0.554-t:88-v:3261.0)-(t:0.559-t:89-v:3221.0)-(t:0.561-t:90-v:3167.0)-(t:0.563-t:91-v:3165.0)-(t:0.564-t:92-v:3145.0)-(t:0.568-t:93-v:3010.0)-(t:0.573-t:94-v:2985.0)-(t:0.581-t:95-v:2939.0)-(t:0.595-t:96-v:2888.0)-(t:0.597-t:97-v:2866.0)-(t:0.601-t:98-v:2818.0)-(t:0.602-t:99-v:2793.0)-(t:0.605-t:100-v:2765.0)-(t:0.610-t:101-v:2638.0)-(t:0.614-t:102-v:2629.0)-(t:0.615-t:103-v:2588.0)-(t:0.620-t:104-v:2555.0)-(t:0.637-t:105-v:2513.0)-(t:0.638-t:106-v:2452.0)-(t:0.641-t:107-v:2418.0)-(t:0.641-t:108-v:2358.0)-(t:0.658-t:109-v:2299.0)-(t:1.155-t:272-v:2293.0)-(t:1.159-t:273-v:2280.0)-(t:1.722-t:584-v:2234.0)-(t:1.723-t:585-v:2214.0)-(t:1.740-t:586-v:2188.0)-(t:1.742-t:587-v:2169.0)-(t:2.028-t:824-v:2120.0)-(t:2.029-t:825-v:2105.0)-(t:2.030-t:826-v:2079.0)-(t:2.642-t:1468-v:2065.0)-(t:4.111-t:4215-v:2055.0)-(t:4.112-t:4216-v:2047.0)-(t:5.095-t:6365-v:2041.0)],9.965
examples/tsp/tsplib/si175.tsp,roundrobin,r1,900,0,25660.0,[(t:1.194-t:509-v:27629.0)-(t:1.195-t:510-v:27311.0)-(t:1.195-t:511-v:27308.0)-(t:1.196-t:512-v:27291.0)-(t:1.196-t:513-v:27215.0)-(t:1.197-t:514-v:27208.0)-(t:1.200-t:515-v:27014.0)-(t:1.201-t:516-v:27006.0)-(t:1.204-t:517-v:26843.0)-(t:1.204-t:518-v:26838.0)-(t:1.205-t:519-v:26785.0)-(t:1.205-t:520-v:26778.0)-(t:1.231-t:521-v:26761.0)-(t:1.235-t:522-v:26734.0)-(t:1.236-t:523-v:26706.0)-(t:1.239-t:524-v:26695.0)-(t:1.272-t:525-v:26681.0)-(t:1.311-t:526-v:26540.0)-(t:1.331-t:527-v:26282.0)-(t:1.376-t:528-v:26275.0)-(t:1.383-t:529-v:26273.0)-(t:1.402-t:530-v:26263.0)-(t:1.412-t:531-v:26230.0)-(t:1.431-t:532-v:26227.0)-(t:1.737-t:633-v:26130.0)-(t:1.738-t:634-v:26123.0)-(t:1.739-t:635-v:26105.0)-(t:1.739-t:636-v:26042.0)-(t:1.742-t:637-v:26024.0)-(t:1.742-t:638-v:25993.0)-(t:1.743-t:639-v:25958.0)-(t:1.744-t:640-v:25939.0)-(t:1.744-t:641-v:25921.0)-(t:1.745-t:642-v:25893.0)-(t:1.747-t:643-v:25879.0)-(t:1.759-t:644-v:25876.0)-(t:1.777-t:645-v:25865.0)-(t:1.782-t:646-v:25858.0)-(t:1.794-t:647-v:25853.0)-(t:1.813-t:648-v:25785.0)-(t:1.825-t:649-v:25728.0)-(t:1.827-t:650-v:25712.0)-(t:1.852-t:651-v:25675.0)-(t:1.864-t:652-v:25661.0)-(t:8.192-t:9846-v:25660.0)],150.179
examples/tsp/tsplib/gr24.tsp,roundrobin,r1,900,0,1272.0,[(t:0.403-t:61-v:2498.0)-(t:0.404-t:62-v:2494.0)-(t:0.405-t:63-v:2440.0)-(t:0.406-t:64-v:2419.0)-(t:0.407-t:65-v:2351.0)-(t:0.408-t:66-v:2183.0)-(t:0.410-t:67-v:2075.0)-(t:0.411-t:68-v:2034.0)-(t:0.413-t:69-v:1987.0)-(t:0.415-t:70-v:1966.0)-(t:0.420-t:71-v:1964.0)-(t:0.436-t:72-v:1945.0)-(t:0.442-t:73-v:1896.0)-(t:0.445-t:74-v:1881.0)-(t:0.446-t:75-v:1878.0)-(t:0.448-t:76-v:1794.0)-(t:0.450-t:77-v:1774.0)-(t:0.452-t:78-v:1706.0)-(t:0.454-t:79-v:1698.0)-(t:0.477-t:80-v:1674.0)-(t:0.484-t:81-v:1650.0)-(t:0.503-t:82-v:1636.0)-(t:0.509-t:83-v:1620.0)-(t:0.515-t:84-v:1596.0)-(t:0.521-t:85-v:1588.0)-(t:0.546-t:86-v:1585.0)-(t:0.554-t:87-v:1581.0)-(t:0.963-t:218-v:1543.0)-(t:0.964-t:219-v:1541.0)-(t:0.965-t:220-v:1494.0)-(t:0.966-t:221-v:1457.0)-(t:0.968-t:222-v:1436.0)-(t:1.064-t:263-v:1412.0)-(t:1.102-t:282-v:1380.0)-(t:1.103-t:283-v:1365.0)-(t:1.174-t:313-v:1326.0)-(t:1.175-t:314-v:1302.0)-(t:1.177-t:315-v:1294.0)-(t:1.218-t:337-v:1286.0)-(t:1.229-t:338-v:1282.0)-(t:1.232-t:339-v:1272.0)],0.545
examples/tsp/tsplib/fri26.tsp,random,r1,900,0,940.0,[(t:0.475-t:70-v:1409.0)-(t:0.477-t:71-v:1402.0)-(t:0.494-t:72-v:1388.0)-(t:0.496-t:73-v:1360.0)-(t:0.503-t:74-v:1231.0)-(t:0.620-t:89-v:1195.0)-(t:0.621-t:90-v:1182.0)-(t:0.683-t:109-v:1134.0)-(t:0.685-t:110-v:1113.0)-(t:1.004-t:213-v:1105.0)-(t:1.009-t:214-v:1091.0)-(t:1.009-t:215-v:1089.0)-(t:1.010-t:216-v:1084.0)-(t:1.433-t:434-v:1072.0)-(t:1.434-t:435-v:1061.0)-(t:1.434-t:436-v:1057.0)-(t:1.435-t:437-v:1035.0)-(t:1.435-t:438-v:1029.0)-(t:1.435-t:439-v:1010.0)-(t:7.372-t:13824-v:1008.0)-(t:7.744-t:14804-v:1002.0)-(t:7.744-t:14805-v:969.0)-(t:16.017-t:45713-v:958.0)-(t:51.467-t:182485-v:955.0)-(t:97.893-t:362103-v:953.0)-(t:97.894-t:362104-v:940.0)],5.575
examples/tsp/tsplib/d657.tsp,random,r1,900,0,224264.959,[(t:1.983-t:1984-v:292618.714)-(t:1.983-t:1985-v:292610.293)-(t:1.983-t:1986-v:292594.777)-(t:1.984-t:1987-v:292554.85)-(t:1.989-t:1988-v:292522.989)-(t:1.990-t:1989-v:292343.555)-(t:1.990-t:1990-v:292318.375)-(t:1.991-t:1991-v:292296.208)-(t:1.991-t:1992-v:292280.043)-(t:1.992-t:1993-v:292256.304)-(t:1.993-t:1994-v:292156.549)-(t:1.993-t:1995-v:292131.369)-(t:1.994-t:1996-v:292031.522)-(t:1.995-t:1997-v:291997.037)-(t:1.996-t:1998-v:287236.593)-(t:1.996-t:1999-v:287177.544)-(t:1.997-t:2000-v:287147.154)-(t:1.998-t:2001-v:287131.414)-(t:1.998-t:2002-v:287115.841)-(t:1.999-t:2003-v:287115.335)-(t:1.999-t:2004-v:287086.495)-(t:2.000-t:2005-v:287085.795)-(t:2.000-t:2006-v:287048.82)-(t:2.014-t:2007-v:287042.353)-(t:2.015-t:2008-v:286999.592)-(t:2.016-t:2009-v:286919.252)-(t:2.017-t:2010-v:282488.428)-(t:2.017-t:2011-v:282411.196)-(t:2.017-t:2012-v:282309.975)-(t:2.018-t:2013-v:281944.786)-(t:2.018-t:2014-v:281890.852)-(t:2.019-t:2015-v:281818.775)-(t:2.020-t:2016-v:281803.619)-(t:2.022-t:2017-v:281798.71)-(t:2.022-t:2018-v:281741.438)-(t:2.034-t:2019-v:281617.168)-(t:2.035-t:2020-v:281573.709)-(t:2.035-t:2021-v:281562.71)-(t:2.036-t:2022-v:281443.692)-(t:2.037-t:2023-v:281383.435)-(t:2.056-t:2024-v:281373.18)-(t:2.058-t:2025-v:281287.411)-(t:2.066-t:2026-v:281222.0)-(t:2.067-t:2027-v:281188.287)-(t:2.068-t:2028-v:281153.054)-(t:2.068-t:2029-v:281053.743)-(t:2.082-t:2030-v:280613.736)-(t:2.088-t:2031-v:280544.4)-(t:2.106-t:2032-v:280543.548)-(t:2.107-t:2033-v:280510.814)-(t:2.109-t:2034-v:280424.916)-(t:2.113-t:2035-v:280310.399)-(t:2.114-t:2036-v:280299.144)-(t:2.114-t:2037-v:280273.282)-(t:2.115-t:2038-v:280238.512)-(t:2.116-t:2039-v:280220.195)-(t:2.116-t:2040-v:280173.866)-(t:2.117-t:2041-v:280156.95)-(t:2.135-t:2042-v:280078.631)-(t:2.140-t:2043-v:280040.276)-(t:2.156-t:2044-v:279986.992)-(t:2.159-t:2045-v:279647.255)-(t:2.159-t:2046-v:279616.306)-(t:2.161-t:2047-v:279591.997)-(t:2.165-t:2048-v:279573.68)-(t:2.166-t:2049-v:279510.435)-(t:2.168-t:2050-v:279375.609)-(t:2.184-t:2051-v:279367.776)-(t:2.190-t:2052-v:279097.82)-(t:2.191-t:2053-v:279002.251)-(t:2.191-t:2054-v:278984.555)-(t:2.191-t:2055-v:278971.17)-(t:2.191-t:2056-v:278876.684)-(t:2.191-t:2057-v:278778.024)-(t:2.192-t:2058-v:278755.51)-(t:2.192-t:2059-v:278242.797)-(t:2.210-t:2060-v:278039.338)-(t:2.213-t:2061-v:277997.956)-(t:2.214-t:2062-v:277995.444)-(t:2.214-t:2063-v:277499.116)-(t:2.220-t:2064-v:277496.191)-(t:2.233-t:2065-v:277484.76)-(t:2.234-t:2066-v:277422.4)-(t:2.236-t:2067-v:277259.326)-(t:2.237-t:2068-v:276741.985)-(t:2.243-t:2069-v:276734.44)-(t:2.245-t:2070-v:276469.373)-(t:2.247-t:2071-v:276463.524)-(t:2.263-t:2072-v:276461.475)-(t:2.269-t:2073-v:276454.728)-(t:2.286-t:2074-v:276454.061)-(t:2.308-t:2075-v:276443.821)-(t:2.329-t:2076-v:276291.532)-(t:2.329-t:2077-v:276200.233)-(t:2.330-t:2078-v:276186.628)-(t:2.330-t:2079-v:276161.949)-(t:2.331-t:2080-v:276068.271)-(t:2.332-t:2081-v:275946.33)-(t:2.333-t:2082-v:275382.179)-(t:2.338-t:2083-v:275130.751)-(t:2.347-t:2084-v:273817.572)-(t:2.367-t:2085-v:273757.887)-(t:2.368-t:2086-v:273749.153)-(t:2.368-t:2087-v:273728.93)-(t:2.368-t:2088-v:273641.516)-(t:2.369-t:2089-v:273639.685)-(t:2.370-t:2090-v:273558.806)-(t:2.371-t:2091-v:273208.829)-(t:2.371-t:2092-v:273142.435)-(t:2.373-t:2093-v:273142.429)-(t:2.373-t:2094-v:272968.003)-(t:2.377-t:2095-v:272937.961)-(t:2.381-t:2096-v:272496.231)-(t:2.397-t:2097-v:272480.738)-(t:2.406-t:2098-v:272428.993)-(t:2.424-t:2099-v:272154.212)-(t:2.429-t:2100-v:272050.271)-(t:2.433-t:2101-v:271943.868)-(t:2.434-t:2102-v:271904.454)-(t:2.434-t:2103-v:271853.546)-(t:2.435-t:2104-v:271746.341)-(t:2.444-t:2105-v:271130.227)-(t:2.459-t:2106-v:271018.144)-(t:2.460-t:2107-v:271014.725)-(t:2.463-t:2108-v:270865.489)-(t:2.464-t:2109-v:270610.362)-(t:2.471-t:2110-v:270444.065)-(t:2.471-t:2111-v:270435.589)-(t:2.496-t:2112-v:270429.764)-(t:2.500-t:2113-v:270265.818)-(t:2.503-t:2114-v:270257.913)-(t:2.503-t:2115-v:270075.779)-(t:2.524-t:2116-v:270021.007)-(t:2.526-t:2117-v:270013.088)-(t:2.529-t:2118-v:269997.417)-(t:2.532-t:2119-v:269807.969)-(t:2.547-t:2120-v:269666.463)-(t:2.554-t:2121-v:269596.941)-(t:2.573-t:2122-v:269488.194)-(t:2.576-t:2123-v:269476.316)-(t:2.579-t:2124-v:269389.945)-(t:2.597-t:2125-v:269376.523)-(t:2.600-t:2126-v:269320.502)-(t:2.603-t:2127-v:269305.233)-(t:2.604-t:2128-v:269201.542)-(t:2.607-t:2129-v:269181.985)-(t:2.608-t:2130-v:269078.704)-(t:2.628-t:2131-v:269003.311)-(t:2.628-t:2132-v:268988.047)-(t:2.629-t:2133-v:268883.749)-(t:2.633-t:2134-v:268860.806)-(t:2.636-t:2135-v:268838.558)-(t:2.636-t:2136-v:268764.08)-(t:2.651-t:2137-v:268684.104)-(t:2.657-t:2138-v:268663.484)-(t:2.663-t:2139-v:268643.927)-(t:2.664-t:2140-v:268540.646)-(t:2.682-t:2141-v:268441.901)-(t:2.682-t:2142-v:268250.139)-(t:2.682-t:2143-v:268148.646)-(t:2.683-t:2144-v:268121.007)-(t:2.683-t:2145-v:268116.175)-(t:2.684-t:2146-v:268084.068)-(t:2.684-t:2147-v:268083.526)-(t:2.684-t:2148-v:268024.626)-(t:2.685-t:2149-v:268004.738)-(t:2.685-t:2150-v:267991.863)-(t:2.685-t:2151-v:267967.371)-(t:2.685-t:2152-v:267889.534)-(t:2.689-t:2153-v:267883.459)-(t:2.693-t:2154-v:267829.449)-(t:2.707-t:2155-v:267728.68)-(t:2.707-t:2156-v:267690.736)-(t:2.708-t:2157-v:267689.358)-(t:2.708-t:2158-v:267582.552)-(t:2.708-t:2159-v:267566.881)-(t:2.708-t:2160-v:267412.234)-(t:2.709-t:2161-v:267411.886)-(t:2.709-t:2162-v:267399.984)-(t:2.710-t:2163-v:267369.104)-(t:2.710-t:2164-v:267342.663)-(t:2.710-t:2165-v:267165.912)-(t:2.711-t:2166-v:267094.529)-(t:2.711-t:2167-v:267050.833)-(t:2.711-t:2168-v:267009.201)-(t:2.712-t:2169-v:266986.23)-(t:2.712-t:2170-v:266871.134)-(t:2.717-t:2171-v:266667.161)-(t:2.717-t:2172-v:266549.483)-(t:2.717-t:2173-v:266494.004)-(t:2.718-t:2174-v:266487.719)-(t:2.718-t:2175-v:266387.377)-(t:2.719-t:2176-v:266356.225)-(t:2.735-t:2177-v:266339.309)-(t:2.739-t:2178-v:266251.719)-(t:2.739-t:2179-v:266194.264)-(t:2.742-t:2180-v:266132.918)-(t:2.746-t:2181-v:265984.704)-(t:2.747-t:2182-v:265982.189)-(t:2.757-t:2183-v:265967.491)-(t:2.760-t:2184-v:265932.65)-(t:2.761-t:2185-v:265923.439)-(t:2.761-t:2186-v:265893.917)-(t:2.763-t:2187-v:265815.158)-(t:2.764-t:2188-v:265790.576)-(t:2.766-t:2189-v:265736.731)-(t:2.782-t:2190-v:265731.245)-(t:2.782-t:2191-v:265656.767)-(t:2.782-t:2192-v:265576.791)-(t:2.802-t:2193-v:265490.793)-(t:2.803-t:2194-v:265484.894)-(t:2.803-t:2195-v:265190.798)-(t:2.804-t:2196-v:264960.945)-(t:2.807-t:2197-v:264936.947)-(t:2.808-t:2198-v:264926.491)-(t:2.808-t:2199-v:264846.494)-(t:2.808-t:2200-v:264659.703)-(t:2.808-t:2201-v:264608.206)-(t:2.822-t:2202-v:264134.289)-(t:2.829-t:2203-v:263956.268)-(t:2.830-t:2204-v:263946.565)-(t:2.835-t:2205-v:263879.211)-(t:2.858-t:2206-v:263839.508)-(t:2.862-t:2207-v:263832.14)-(t:2.862-t:2208-v:263752.164)-(t:2.870-t:2209-v:263686.045)-(t:2.873-t:2210-v:263627.272)-(t:2.878-t:2211-v:263505.508)-(t:2.879-t:2212-v:263167.412)-(t:2.898-t:2213-v:263109.184)-(t:2.899-t:2214-v:263078.92)-(t:2.905-t:2215-v:263011.603)-(t:2.924-t:2216-v:262880.895)-(t:2.928-t:2217-v:262799.401)-(t:2.937-t:2218-v:262794.604)-(t:2.939-t:2219-v:262611.099)-(t:2.941-t:2220-v:262610.547)-(t:2.952-t:2221-v:262553.533)-(t:2.956-t:2222-v:262534.507)-(t:2.973-t:2223-v:262413.037)-(t:2.974-t:2224-v:262375.619)-(t:2.978-t:2225-v:262335.896)-(t:2.979-t:2226-v:262333.852)-(t:2.981-t:2227-v:262255.583)-(t:2.998-t:2228-v:262216.88)-(t:3.000-t:2229-v:262208.511)-(t:3.003-t:2230-v:262138.451)-(t:3.007-t:2231-v:262103.872)-(t:3.011-t:2232-v:262025.842)-(t:3.027-t:2233-v:261982.562)-(t:3.029-t:2234-v:261966.792)-(t:3.032-t:2235-v:261947.235)-(t:3.032-t:2236-v:261938.67)-(t:3.032-t:2237-v:261843.954)-(t:3.050-t:2238-v:261709.761)-(t:3.051-t:2239-v:261626.234)-(t:3.051-t:2240-v:261625.205)-(t:3.053-t:2241-v:260711.407)-(t:3.055-t:2242-v:260646.774)-(t:3.072-t:2243-v:260605.186)-(t:3.073-t:2244-v:260515.266)-(t:3.083-t:2245-v:260160.036)-(t:3.098-t:2246-v:260079.638)-(t:3.103-t:2247-v:260067.248)-(t:3.106-t:2248-v:260067.006)-(t:3.110-t:2249-v:260006.67)-(t:3.111-t:2250-v:260003.118)-(t:3.126-t:2251-v:259923.121)-(t:3.127-t:2252-v:259850.107)-(t:3.127-t:2253-v:259742.274)-(t:3.127-t:2254-v:259654.839)-(t:3.127-t:2255-v:259651.287)-(t:3.127-t:2256-v:259571.29)-(t:3.128-t:2257-v:259382.859)-(t:3.128-t:2258-v:259324.006)-(t:3.128-t:2259-v:259308.381)-(t:3.128-t:2260-v:259255.94)-(t:3.494-t:2443-v:258996.177)-(t:3.495-t:2444-v:258891.88)-(t:3.495-t:2445-v:258881.908)-(t:3.496-t:2446-v:258877.786)-(t:3.496-t:2447-v:258779.639)-(t:3.496-t:2448-v:258666.425)-(t:3.497-t:2449-v:258337.294)-(t:3.499-t:2450-v:258318.587)-(t:3.499-t:2451-v:258287.311)-(t:3.500-t:2452-v:258197.896)-(t:3.501-t:2453-v:257853.337)-(t:3.502-t:2454-v:257749.04)-(t:3.516-t:2455-v:257687.619)-(t:3.516-t:2456-v:257675.273)-(t:3.517-t:2457-v:257577.126)-(t:3.517-t:2458-v:257539.548)-(t:3.518-t:2459-v:257511.519)-(t:3.518-t:2460-v:257190.928)-(t:3.521-t:2461-v:256788.407)-(t:3.521-t:2462-v:256617.047)-(t:3.524-t:2463-v:256520.993)-(t:3.526-t:2464-v:256468.185)-(t:3.527-t:2465-v:256357.466)-(t:3.549-t:2466-v:256340.55)-(t:3.552-t:2467-v:256228.129)-(t:3.554-t:2468-v:256168.743)-(t:3.557-t:2469-v:256165.406)-(t:3.559-t:2470-v:256157.303)-(t:3.580-t:2471-v:256130.502)-(t:3.583-t:2472-v:256121.892)-(t:3.607-t:2473-v:255950.794)-(t:3.630-t:2474-v:255889.871)-(t:3.632-t:2475-v:255864.26)-(t:3.633-t:2476-v:255838.398)-(t:3.634-t:2477-v:255783.505)-(t:3.635-t:2478-v:255743.131)-(t:3.636-t:2479-v:255651.612)-(t:3.637-t:2480-v:255621.093)-(t:3.638-t:2481-v:255560.588)-(t:3.638-t:2482-v:255523.977)-(t:3.644-t:2483-v:255189.539)-(t:3.667-t:2484-v:255164.516)-(t:3.672-t:2485-v:255159.675)-(t:3.690-t:2486-v:255157.548)-(t:3.691-t:2487-v:255040.475)-(t:3.691-t:2488-v:255039.356)-(t:3.692-t:2489-v:254983.437)-(t:3.692-t:2490-v:254973.55)-(t:3.692-t:2491-v:254923.172)-(t:3.692-t:2492-v:254898.493)-(t:3.693-t:2493-v:254789.541)-(t:3.709-t:2494-v:254603.55)-(t:3.715-t:2495-v:254408.975)-(t:3.730-t:2496-v:254406.874)-(t:4.912-t:2805-v:253948.889)-(t:4.913-t:2806-v:253839.125)-(t:4.913-t:2807-v:253790.621)-(t:4.913-t:2808-v:253685.894)-(t:4.913-t:2809-v:253558.678)-(t:4.913-t:2810-v:253490.388)-(t:4.914-t:2811-v:253402.542)-(t:4.914-t:2812-v:253328.386)-(t:4.914-t:2813-v:253231.484)-(t:4.914-t:2814-v:253202.053)-(t:4.914-t:2815-v:253026.463)-(t:4.915-t:2816-v:252845.782)-(t:4.915-t:2817-v:252677.307)-(t:4.915-t:2818-v:252660.391)-(t:5.087-t:3024-v:252658.485)-(t:5.087-t:3025-v:252600.661)-(t:5.087-t:3026-v:252580.773)-(t:5.088-t:3027-v:252538.012)-(t:5.092-t:3028-v:252528.487)-(t:5.092-t:3029-v:252451.12)-(t:5.092-t:3030-v:252340.401)-(t:5.093-t:3031-v:252323.485)-(t:5.094-t:3032-v:252281.42)-(t:5.097-t:3033-v:252213.192)-(t:5.098-t:3034-v:252124.119)-(t:5.099-t:3035-v:252099.725)-(t:5.119-t:3036-v:251965.197)-(t:5.122-t:3037-v:251787.415)-(t:5.122-t:3038-v:251786.195)-(t:5.123-t:3039-v:251727.342)-(t:5.123-t:3040-v:251715.053)-(t:5.139-t:3041-v:250181.252)-(t:5.139-t:3042-v:250094.987)-(t:5.139-t:3043-v:249954.057)-(t:5.140-t:3044-v:249935.043)-(t:5.140-t:3045-v:249825.772)-(t:5.140-t:3046-v:249664.467)-(t:5.140-t:3047-v:249553.883)-(t:5.140-t:3048-v:249286.89)-(t:5.141-t:3049-v:249023.182)-(t:5.142-t:3050-v:248892.96)-(t:5.143-t:3051-v:248862.526)-(t:5.144-t:3052-v:248829.167)-(t:5.163-t:3053-v:248779.892)-(t:5.168-t:3054-v:248735.749)-(t:5.175-t:3055-v:248585.485)-(t:5.188-t:3056-v:248576.603)-(t:5.188-t:3057-v:248496.606)-(t:5.189-t:3058-v:248312.236)-(t:5.189-t:3059-v:248162.134)-(t:5.189-t:3060-v:247884.824)-(t:5.190-t:3061-v:247790.251)-(t:5.190-t:3062-v:247762.439)-(t:5.193-t:3063-v:247618.954)-(t:5.195-t:3064-v:247609.245)-(t:5.208-t:3065-v:247604.59)-(t:5.208-t:3066-v:247595.085)-(t:5.209-t:3067-v:247501.65)-(t:5.210-t:3068-v:247271.411)-(t:5.214-t:3069-v:247155.207)-(t:5.216-t:3070-v:247103.219)-(t:5.219-t:3071-v:246911.187)-(t:5.220-t:3072-v:246836.709)-(t:5.220-t:3073-v:246762.377)-(t:5.238-t:3074-v:246696.258)-(t:5.250-t:3075-v:246629.263)-(t:5.270-t:3076-v:246561.901)-(t:5.272-t:3077-v:246536.666)-(t:5.277-t:3078-v:246528.776)-(t:5.280-t:3079-v:246458.545)-(t:5.292-t:3080-v:246432.974)-(t:5.298-t:3081-v:246381.438)-(t:5.314-t:3082-v:246350.585)-(t:5.317-t:3083-v:246278.002)-(t:5.320-t:3084-v:246180.89)-(t:5.341-t:3085-v:246162.641)-(t:5.346-t:3086-v:246074.118)-(t:5.350-t:3087-v:245956.87)-(t:5.367-t:3088-v:245903.667)-(t:5.369-t:3089-v:245894.14)-(t:12.857-t:12378-v:245711.99)-(t:12.857-t:12379-v:245657.095)-(t:12.858-t:12380-v:245638.587)-(t:12.858-t:12381-v:245629.599)-(t:12.858-t:12382-v:245560.271)-(t:12.858-t:12383-v:245550.872)-(t:12.859-t:12384-v:245545.568)-(t:12.859-t:12385-v:245389.855)-(t:12.859-t:12386-v:245362.019)-(t:12.864-t:12387-v:245256.33)-(t:12.871-t:12388-v:245214.835)-(t:12.872-t:12389-v:245195.465)-(t:12.874-t:12390-v:245192.16)-(t:12.875-t:12391-v:245187.296)-(t:12.878-t:12392-v:244988.739)-(t:12.878-t:12393-v:244751.836)-(t:12.878-t:12394-v:244725.302)-(t:12.879-t:12395-v:244310.702)-(t:12.881-t:12396-v:243871.928)-(t:12.881-t:12397-v:243625.144)-(t:12.882-t:12398-v:243409.37)-(t:12.882-t:12399-v:243405.951)-(t:12.884-t:12400-v:243251.644)-(t:12.884-t:12401-v:243168.654)-(t:12.893-t:12402-v:240199.328)-(t:12.894-t:12403-v:239941.903)-(t:12.894-t:12404-v:239877.12)-(t:12.894-t:12405-v:239638.283)-(t:12.894-t:12406-v:239604.66)-(t:12.895-t:12407-v:239401.436)-(t:13.331-t:12964-v:239319.682)-(t:13.332-t:12965-v:239289.055)-(t:13.334-t:12966-v:239062.6)-(t:13.336-t:12967-v:238896.127)-(t:13.337-t:12968-v:238821.219)-(t:13.341-t:12969-v:238810.265)-(t:15.475-t:16038-v:238758.823)-(t:15.476-t:16039-v:238725.2)-(t:15.477-t:16040-v:238621.509)-(t:15.484-t:16041-v:238583.725)-(t:15.484-t:16042-v:238575.16)-(t:15.484-t:16043-v:238480.444)-(t:18.677-t:20233-v:238354.145)-(t:18.678-t:20234-v:238259.598)-(t:18.679-t:20235-v:238214.342)-(t:18.682-t:20236-v:238144.124)-(t:18.685-t:20237-v:238132.738)-(t:18.694-t:20238-v:238127.634)-(t:18.694-t:20239-v:238095.626)-(t:18.696-t:20240-v:238084.299)-(t:18.697-t:20241-v:238007.397)-(t:18.703-t:20242-v:237963.61)-(t:18.703-t:20243-v:237900.392)-(t:18.704-t:20244-v:237791.703)-(t:18.704-t:20245-v:237722.684)-(t:18.704-t:20246-v:237551.633)-(t:18.705-t:20247-v:237248.013)-(t:18.705-t:20248-v:237247.603)-(t:18.705-t:20249-v:237214.39)-(t:18.706-t:20250-v:237110.699)-(t:18.709-t:20251-v:237099.372)-(t:18.709-t:20252-v:237090.807)-(t:18.710-t:20253-v:236996.091)-(t:18.888-t:20519-v:236964.912)-(t:18.888-t:20520-v:236867.56)-(t:18.889-t:20521-v:236850.162)-(t:18.889-t:20522-v:236789.706)-(t:18.889-t:20523-v:236789.296)-(t:18.890-t:20524-v:236738.973)-(t:18.890-t:20525-v:236726.627)-(t:18.890-t:20526-v:236617.938)-(t:18.890-t:20527-v:236548.871)-(t:18.891-t:20528-v:236466.723)-(t:18.891-t:20529-v:236391.42)-(t:18.891-t:20530-v:236191.357)-(t:18.892-t:20531-v:236174.441)-(t:18.892-t:20532-v:236097.685)-(t:18.892-t:20533-v:236064.472)-(t:18.893-t:20534-v:235960.781)-(t:18.896-t:20535-v:235912.341)-(t:18.896-t:20536-v:235809.06)-(t:25.660-t:30167-v:235737.803)-(t:25.663-t:30168-v:235687.437)-(t:25.666-t:30169-v:235667.88)-(t:25.666-t:30170-v:235659.315)-(t:25.667-t:30171-v:235564.599)-(t:25.936-t:30691-v:235560.506)-(t:25.937-t:30692-v:235320.436)-(t:25.938-t:30693-v:235016.816)-(t:25.938-t:30694-v:235016.406)-(t:25.939-t:30695-v:234879.502)-(t:25.945-t:30696-v:234859.945)-(t:25.945-t:30697-v:234851.38)-(t:25.946-t:30698-v:234756.664)-(t:25.956-t:30699-v:234401.434)-(t:25.958-t:30700-v:234321.036)-(t:25.966-t:30701-v:234228.013)-(t:25.969-t:30702-v:234227.771)-(t:25.973-t:30703-v:234198.235)-(t:25.986-t:30704-v:234092.931)-(t:25.987-t:30705-v:234064.993)-(t:25.987-t:30706-v:233957.32)-(t:25.988-t:30707-v:233687.949)-(t:25.990-t:30708-v:233596.612)-(t:25.991-t:30709-v:233540.473)-(t:25.997-t:30710-v:233456.467)-(t:25.997-t:30711-v:233381.989)-(t:25.998-t:30712-v:233294.533)-(t:26.002-t:30713-v:233058.529)-(t:26.002-t:30714-v:232899.359)-(t:26.002-t:30715-v:232888.903)-(t:26.002-t:30716-v:232808.906)-(t:26.003-t:30717-v:232620.475)-(t:26.003-t:30718-v:232533.115)-(t:26.009-t:30719-v:232384.09)-(t:26.015-t:30720-v:232097.086)-(t:26.015-t:30721-v:231679.321)-(t:26.015-t:30722-v:231676.653)-(t:26.018-t:30723-v:231592.647)-(t:26.019-t:30724-v:231518.169)-(t:26.019-t:30725-v:231449.478)-(t:32.974-t:40056-v:231405.079)-(t:32.975-t:40057-v:231336.643)-(t:32.976-t:40058-v:231251.845)-(t:32.977-t:40059-v:231198.642)-(t:32.979-t:40060-v:231141.598)-(t:32.980-t:40061-v:231135.763)-(t:32.982-t:40062-v:231044.076)-(t:32.984-t:40063-v:231006.785)-(t:32.986-t:40064-v:230739.6)-(t:32.988-t:40065-v:230509.412)-(t:32.993-t:40066-v:230349.983)-(t:32.993-t:40067-v:230262.548)-(t:32.993-t:40068-v:230258.996)-(t:32.993-t:40069-v:230178.999)-(t:32.994-t:40070-v:229990.568)-(t:32.994-t:40071-v:229971.617)-(t:32.994-t:40072-v:229916.09)-(t:32.996-t:40073-v:229841.758)-(t:33.185-t:40343-v:229757.145)-(t:33.185-t:40344-v:229698.405)-(t:33.186-t:40345-v:229697.405)-(t:33.187-t:40346-v:229697.052)-(t:33.187-t:40347-v:229671.865)-(t:33.187-t:40348-v:229591.267)-(t:33.187-t:40349-v:229482.434)-(t:33.187-t:40350-v:229303.182)-(t:33.188-t:40351-v:229203.301)-(t:33.188-t:40352-v:229173.42)-(t:33.191-t:40353-v:228911.564)-(t:33.191-t:40354-v:228888.492)-(t:33.198-t:40355-v:228662.328)-(t:33.198-t:40356-v:228134.055)-(t:33.199-t:40357-v:228066.326)-(t:33.199-t:40358-v:228048.661)-(t:33.202-t:40359-v:227803.048)-(t:33.203-t:40360-v:227784.097)-(t:33.209-t:40361-v:227675.57)-(t:33.209-t:40362-v:227444.849)-(t:33.209-t:40363-v:227441.202)-(t:120.689-t:165279-v:227222.935)-(t:120.693-t:165280-v:227202.058)-(t:120.698-t:165281-v:227190.168)-(t:120.702-t:165282-v:227152.601)-(t:120.704-t:165283-v:227030.567)-(t:120.705-t:165284-v:227018.841)-(t:120.705-t:165285-v:226956.089)-(t:120.705-t:165286-v:226876.113)-(t:120.710-t:165287-v:226705.115)-(t:120.710-t:165288-v:226622.42)-(t:120.711-t:165289-v:226543.534)-(t:120.716-t:165290-v:226486.594)-(t:340.423-t:479064-v:226477.309)-(t:340.423-t:479065-v:226443.686)-(t:340.423-t:479066-v:226435.121)-(t:340.424-t:479067-v:226339.995)-(t:340.430-t:479068-v:226320.438)-(t:340.430-t:479069-v:226311.873)-(t:340.431-t:479070-v:226217.157)-(t:340.439-t:479071-v:226133.54)-(t:340.440-t:479072-v:226131.336)-(t:340.440-t:479073-v:226089.678)-(t:340.440-t:479074-v:226049.438)-(t:340.440-t:479075-v:225972.619)-(t:340.440-t:479076-v:225862.582)-(t:340.442-t:479077-v:225112.988)-(t:340.442-t:479078-v:225079.189)-(t:340.445-t:479079-v:225063.475)-(t:340.446-t:479080-v:224985.466)-(t:461.283-t:652597-v:224789.195)-(t:461.284-t:652598-v:224671.517)-(t:461.284-t:652599-v:224663.584)-(t:461.285-t:652600-v:224611.075)-(t:461.285-t:652601-v:224521.44)-(t:461.286-t:652602-v:224518.47)-(t:461.287-t:652603-v:224515.519)-(t:461.291-t:652604-v:224504.131)-(t:461.296-t:652605-v:224425.098)-(t:461.639-t:653098-v:224407.452)-(t:461.639-t:653099-v:224307.924)-(t:461.640-t:653100-v:224286.653)-(t:461.640-t:653101-v:224264.959)],705.412
examples/tsp/tsplib/linhp318.tsp,roundrobin,r1,900,0,111115.737,[(t:1.964-t:942-v:140944.094)-(t:1.964-t:943-v:139399.233)-(t:1.964-t:944-v:139386.778)-(t:1.965-t:945-v:139367.425)-(t:1.967-t:946-v:139341.41)-(t:1.975-t:947-v:138804.039)-(t:1.995-t:948-v:135066.619)-(t:1.996-t:949-v:135051.276)-(t:1.996-t:950-v:135033.133)-(t:1.996-t:951-v:130323.682)-(t:1.997-t:952-v:130040.032)-(t:1.997-t:953-v:129944.5)-(t:1.997-t:954-v:129758.526)-(t:1.998-t:955-v:129746.832)-(t:2.019-t:956-v:129393.744)-(t:2.029-t:957-v:127981.624)-(t:2.030-t:958-v:127928.452)-(t:2.031-t:959-v:127894.345)-(t:2.031-t:960-v:127744.334)-(t:2.032-t:961-v:127738.176)-(t:2.067-t:962-v:127543.843)-(t:2.068-t:963-v:127542.957)-(t:2.068-t:964-v:127315.428)-(t:2.071-t:965-v:127234.299)-(t:2.071-t:966-v:127214.971)-(t:2.072-t:967-v:127198.397)-(t:2.072-t:968-v:127198.393)-(t:2.076-t:969-v:127028.537)-(t:2.081-t:970-v:127003.973)-(t:2.082-t:971-v:126908.096)-(t:2.082-t:972-v:126908.092)-(t:2.083-t:973-v:126906.838)-(t:2.092-t:974-v:126902.654)-(t:2.117-t:975-v:126897.557)-(t:2.124-t:976-v:125830.991)-(t:2.144-t:977-v:125792.526)-(t:2.151-t:978-v:125477.572)-(t:2.158-t:979-v:125460.701)-(t:2.177-t:980-v:125155.649)-(t:2.197-t:981-v:125113.313)-(t:2.216-t:982-v:124799.522)-(t:2.239-t:983-v:124778.099)-(t:2.246-t:984-v:124232.408)-(t:2.252-t:985-v:124191.032)-(t:2.613-t:1151-v:123644.139)-(t:2.613-t:1152-v:123408.299)-(t:2.614-t:1153-v:123296.882)-(t:2.614-t:1154-v:123238.012)-(t:2.614-t:1155-v:123185.271)-(t:2.627-t:1156-v:123002.172)-(t:2.628-t:1157-v:122673.934)-(t:2.628-t:1158-v:122585.917)-(t:2.853-t:1315-v:121901.82)-(t:2.854-t:1316-v:121872.514)-(t:2.864-t:1317-v:121464.187)-(t:2.864-t:1318-v:121308.193)-(t:2.864-t:1319-v:121196.776)-(t:2.878-t:1320-v:120876.502)-(t:2.879-t:1321-v:120796.656)-(t:2.880-t:1322-v:120494.226)-(t:2.880-t:1323-v:120426.922)-(t:2.880-t:1324-v:120146.342)-(t:2.881-t:1325-v:120123.905)-(t:2.881-t:1326-v:120060.92)-(t:2.882-t:1327-v:120047.58)-(t:2.883-t:1328-v:120035.314)-(t:2.883-t:1329-v:120030.754)-(t:2.894-t:1330-v:120018.299)-(t:2.904-t:1331-v:119980.313)-(t:2.928-t:1332-v:119140.976)-(t:2.951-t:1333-v:118952.779)-(t:2.975-t:1334-v:118909.333)-(t:2.997-t:1335-v:118584.734)-(t:3.021-t:1336-v:118580.691)-(t:3.267-t:1508-v:118525.755)-(t:3.270-t:1509-v:118480.038)-(t:3.293-t:1510-v:118454.473)-(t:3.304-t:1511-v:117378.799)-(t:3.326-t:1512-v:117338.407)-(t:3.350-t:1513-v:117023.453)-(t:3.373-t:1514-v:117006.582)-(t:3.382-t:1515-v:116703.63)-(t:3.404-t:1516-v:116661.294)-(t:18.540-t:22011-v:116463.016)-(t:18.840-t:22735-v:116293.897)-(t:18.841-t:22736-v:116198.365)-(t:18.841-t:22737-v:116012.391)-(t:18.845-t:22738-v:115597.855)-(t:18.845-t:22739-v:115596.969)-(t:18.845-t:22740-v:115570.166)-(t:18.846-t:22741-v:115119.442)-(t:18.846-t:22742-v:115041.374)-(t:18.846-t:22743-v:114836.826)-(t:18.847-t:22744-v:114796.902)-(t:18.856-t:22745-v:114763.533)-(t:18.861-t:22746-v:114669.73)-(t:18.862-t:22747-v:114613.934)-(t:18.865-t:22748-v:114603.893)-(t:24.559-t:32868-v:114308.229)-(t:24.568-t:32869-v:114265.893)-(t:26.394-t:35507-v:113910.59)-(t:26.399-t:35508-v:113869.214)-(t:29.300-t:41220-v:113796.815)-(t:45.555-t:68560-v:113101.083)-(t:45.555-t:68561-v:113098.817)-(t:45.555-t:68562-v:112802.245)-(t:45.557-t:68563-v:112722.785)-(t:45.557-t:68564-v:112677.165)-(t:45.558-t:68565-v:112674.106)-(t:45.558-t:68566-v:112672.328)-(t:45.558-t:68567-v:111808.26)-(t:45.558-t:68568-v:111505.694)-(t:45.559-t:68569-v:111346.491)-(t:45.559-t:68570-v:111319.859)-(t:45.564-t:68571-v:111173.041)-(t:45.572-t:68572-v:111115.737)],566.425
examples/tsp/tsplib/kroC100.tsp,bestslopefirst,r1,900,0,33583.323,[(t:2.064-t:504-v:56041.598)-(t:2.064-t:505-v:56020.661)-(t:2.065-t:506-v:55714.398)-(t:2.066-t:507-v:55662.964)-(t:2.067-t:508-v:55606.839)-(t:2.069-t:509-v:54937.685)-(t:2.069-t:510-v:54501.329)-(t:2.069-t:511-v:54295.931)-(t:2.083-t:512-v:54228.553)-(t:2.084-t:513-v:54057.432)-(t:2.086-t:514-v:53514.346)-(t:2.086-t:515-v:52934.773)-(t:2.087-t:516-v:52925.969)-(t:2.087-t:517-v:52811.217)-(t:2.088-t:518-v:52707.552)-(t:2.088-t:519-v:52618.334)-(t:2.089-t:520-v:52179.134)-(t:2.090-t:521-v:52145.343)-(t:2.090-t:522-v:52057.175)-(t:2.090-t:523-v:50919.877)-(t:2.091-t:524-v:49337.142)-(t:2.091-t:525-v:49332.827)-(t:2.092-t:526-v:49314.469)-(t:2.093-t:527-v:49136.711)-(t:2.097-t:528-v:49086.812)-(t:2.097-t:529-v:48977.623)-(t:2.098-t:530-v:48940.166)-(t:2.099-t:531-v:48769.279)-(t:2.100-t:532-v:48727.126)-(t:2.102-t:533-v:48722.448)-(t:2.103-t:534-v:48623.74)-(t:2.104-t:535-v:48500.865)-(t:2.105-t:536-v:48458.637)-(t:2.106-t:537-v:48144.875)-(t:2.107-t:538-v:48137.412)-(t:2.108-t:539-v:48040.3)-(t:2.122-t:540-v:47860.844)-(t:2.124-t:541-v:47799.927)-(t:2.124-t:542-v:47750.585)-(t:2.126-t:543-v:47310.562)-(t:2.133-t:544-v:46697.116)-(t:2.136-t:545-v:46259.719)-(t:2.137-t:546-v:46186.591)-(t:2.138-t:547-v:45984.012)-(t:2.138-t:548-v:45892.378)-(t:2.140-t:549-v:45696.136)-(t:2.140-t:550-v:45693.249)-(t:2.142-t:551-v:45661.085)-(t:2.143-t:552-v:45599.849)-(t:2.146-t:553-v:45096.172)-(t:3.923-t:1108-v:45008.633)-(t:3.935-t:1109-v:44848.983)-(t:4.145-t:1249-v:44714.24)-(t:4.146-t:1250-v:44567.071)-(t:4.161-t:1251-v:44559.093)-(t:4.163-t:1252-v:44530.64)-(t:4.163-t:1253-v:44487.399)-(t:4.165-t:1254-v:44113.339)-(t:4.166-t:1255-v:43831.714)-(t:4.168-t:1256-v:43740.367)-(t:4.170-t:1257-v:43191.152)-(t:4.172-t:1258-v:42772.182)-(t:4.173-t:1259-v:42621.602)-(t:4.174-t:1260-v:42439.074)-(t:4.912-t:1821-v:42180.196)-(t:4.914-t:1822-v:42063.905)-(t:7.017-t:3318-v:41577.351)-(t:7.018-t:3319-v:41497.742)-(t:7.019-t:3320-v:41081.632)-(t:7.019-t:3321-v:40933.018)-(t:7.021-t:3322-v:39705.593)-(t:7.022-t:3323-v:39628.457)-(t:7.023-t:3324-v:39626.764)-(t:7.024-t:3325-v:39563.342)-(t:7.025-t:3326-v:39402.207)-(t:7.026-t:3327-v:39029.743)-(t:7.028-t:3328-v:38920.882)-(t:7.030-t:3329-v:38893.544)-(t:7.031-t:3330-v:38786.084)-(t:7.031-t:3331-v:38553.008)-(t:7.033-t:3332-v:38364.724)-(t:7.034-t:3333-v:37844.009)-(t:7.036-t:3334-v:37798.282)-(t:7.874-t:4338-v:37618.937)-(t:7.875-t:4339-v:37610.08)-(t:7.875-t:4340-v:37550.545)-(t:7.876-t:4341-v:37372.065)-(t:7.877-t:4342-v:37126.036)-(t:7.879-t:4343-v:36964.195)-(t:7.880-t:4344-v:36920.156)-(t:7.882-t:4345-v:36874.429)-(t:8.684-t:5396-v:36701.433)-(t:8.684-t:5397-v:36676.685)-(t:8.684-t:5398-v:36648.575)-(t:8.685-t:5399-v:36642.531)-(t:8.686-t:5400-v:36465.971)-(t:8.687-t:5401-v:36023.814)-(t:8.688-t:5402-v:35953.488)-(t:8.689-t:5403-v:35376.725)-(t:8.690-t:5404-v:35182.85)-(t:8.692-t:5405-v:35089.556)-(t:8.692-t:5406-v:34257.94)-(t:8.693-t:5407-v:34207.904)-(t:8.695-t:5408-v:33797.333)-(t:8.697-t:5409-v:33777.897)-(t:8.697-t:5410-v:33583.323)],346.020
examples/tsp/tsplib/kroB100.tsp,bestslopefirst,r1,900,0,31758.087,[(t:1.846-t:499-v:52405.322)-(t:1.847-t:500-v:52390.315)-(t:1.848-t:501-v:51073.31)-(t:1.848-t:502-v:50755.154)-(t:1.849-t:503-v:50695.51)-(t:1.849-t:504-v:50508.562)-(t:1.850-t:505-v:50387.76)-(t:1.851-t:506-v:50104.061)-(t:1.852-t:507-v:49958.041)-(t:1.854-t:508-v:49882.255)-(t:1.854-t:509-v:49376.007)-(t:1.854-t:510-v:49147.687)-(t:1.855-t:511-v:49115.349)-(t:1.874-t:512-v:48393.075)-(t:1.876-t:513-v:48288.02)-(t:1.878-t:514-v:48223.008)-(t:1.878-t:515-v:47773.774)-(t:1.879-t:516-v:47601.738)-(t:1.880-t:517-v:47396.29)-(t:1.880-t:518-v:46992.039)-(t:1.881-t:519-v:46787.763)-(t:1.882-t:520-v:46704.696)-(t:1.882-t:521-v:46663.364)-(t:1.884-t:522-v:46600.251)-(t:1.884-t:523-v:46531.54)-(t:1.885-t:524-v:46492.925)-(t:1.886-t:525-v:46387.391)-(t:1.887-t:526-v:46169.177)-(t:1.888-t:527-v:46018.985)-(t:1.902-t:528-v:45468.537)-(t:1.902-t:529-v:45329.892)-(t:1.904-t:530-v:43121.522)-(t:1.905-t:531-v:42805.018)-(t:1.906-t:532-v:42633.268)-(t:1.907-t:533-v:42269.788)-(t:1.908-t:534-v:42164.879)-(t:1.910-t:535-v:42135.703)-(t:1.912-t:536-v:42089.572)-(t:1.918-t:537-v:41113.521)-(t:1.921-t:538-v:40820.242)-(t:1.923-t:539-v:40609.81)-(t:1.924-t:540-v:40212.404)-(t:1.941-t:541-v:40144.829)-(t:1.941-t:542-v:40038.714)-(t:1.942-t:543-v:39723.986)-(t:1.942-t:544-v:39605.774)-(t:1.944-t:545-v:39537.904)-(t:1.945-t:546-v:39469.931)-(t:4.091-t:1223-v:39446.727)-(t:4.091-t:1224-v:39435.972)-(t:4.107-t:1225-v:39348.945)-(t:4.107-t:1226-v:39192.917)-(t:4.107-t:1227-v:39109.813)-(t:4.108-t:1228-v:38956.804)-(t:4.110-t:1229-v:38540.561)-(t:4.110-t:1230-v:38227.774)-(t:4.111-t:1231-v:38033.049)-(t:4.113-t:1232-v:37617.594)-(t:4.114-t:1233-v:37303.984)-(t:4.301-t:1370-v:37296.549)-(t:4.303-t:1371-v:37168.826)-(t:4.305-t:1372-v:37028.412)-(t:4.305-t:1373-v:37027.623)-(t:4.307-t:1374-v:36572.014)-(t:28.311-t:23931-v:36274.199)-(t:28.312-t:23932-v:36112.095)-(t:28.315-t:23933-v:36068.074)-(t:28.317-t:23934-v:35771.284)-(t:28.321-t:23935-v:35738.883)-(t:28.324-t:23936-v:35546.2)-(t:28.327-t:23937-v:35517.075)-(t:28.330-t:23938-v:35505.583)-(t:57.402-t:53724-v:35269.784)-(t:57.404-t:53725-v:35267.398)-(t:57.406-t:53726-v:35240.251)-(t:57.407-t:53727-v:35218.913)-(t:57.408-t:53728-v:35213.891)-(t:57.410-t:53729-v:34896.996)-(t:57.412-t:53730-v:34875.73)-(t:118.050-t:117222-v:34609.515)-(t:118.052-t:117223-v:34568.693)-(t:118.052-t:117224-v:34528.011)-(t:118.053-t:117225-v:34480.693)-(t:118.055-t:117226-v:34478.943)-(t:118.057-t:117227-v:34350.074)-(t:118.059-t:117228-v:34172.902)-(t:118.059-t:117229-v:33445.951)-(t:118.060-t:117230-v:33309.231)-(t:118.064-t:117231-v:33197.765)-(t:118.068-t:117232-v:33043.728)-(t:125.344-t:124891-v:32823.19)-(t:125.347-t:124892-v:32337.846)-(t:125.348-t:124893-v:32319.383)-(t:125.351-t:124894-v:32273.776)-(t:125.354-t:124895-v:32187.281)-(t:125.357-t:124896-v:31790.448)-(t:125.359-t:124897-v:31786.675)-(t:125.360-t:124898-v:31758.087)],282.485
examples/tsp/tsplib/gr137.tsp,random,r1,900,0,110152.265,[(t:0.998-t:350-v:246850.858)-(t:0.999-t:351-v:243057.931)-(t:0.999-t:352-v:242951.539)-(t:1.000-t:353-v:227266.168)-(t:1.000-t:354-v:227056.314)-(t:1.000-t:355-v:223531.273)-(t:1.001-t:356-v:223083.508)-(t:1.001-t:357-v:210701.689)-(t:1.002-t:358-v:210663.551)-(t:1.003-t:359-v:210275.207)-(t:1.004-t:360-v:209201.873)-(t:1.005-t:361-v:208761.523)-(t:1.008-t:362-v:208269.651)-(t:1.008-t:363-v:207857.952)-(t:1.008-t:364-v:206382.406)-(t:1.009-t:365-v:206375.739)-(t:1.010-t:366-v:206363.18)-(t:1.014-t:367-v:206360.409)-(t:1.015-t:368-v:196155.04)-(t:1.016-t:369-v:196027.154)-(t:1.016-t:370-v:194931.82)-(t:1.016-t:371-v:194636.055)-(t:1.017-t:372-v:194314.596)-(t:1.017-t:373-v:193219.262)-(t:1.017-t:374-v:192817.05)-(t:1.018-t:375-v:192783.548)-(t:1.031-t:376-v:192166.682)-(t:1.032-t:377-v:191894.146)-(t:1.033-t:378-v:191877.542)-(t:1.034-t:379-v:189103.769)-(t:1.035-t:380-v:189064.999)-(t:1.035-t:381-v:189050.59)-(t:1.035-t:382-v:187977.256)-(t:1.037-t:383-v:187707.111)-(t:1.038-t:384-v:187621.05)-(t:1.038-t:385-v:187488.983)-(t:1.038-t:386-v:187209.351)-(t:1.039-t:387-v:185719.396)-(t:1.039-t:388-v:185520.645)-(t:1.040-t:389-v:183509.631)-(t:1.041-t:390-v:182806.421)-(t:1.041-t:391-v:181614.191)-(t:1.042-t:392-v:181429.31)-(t:1.043-t:393-v:181265.458)-(t:1.043-t:394-v:180428.038)-(t:1.044-t:395-v:180104.97)-(t:1.045-t:396-v:179678.545)-(t:1.046-t:397-v:178096.236)-(t:1.060-t:398-v:177238.003)-(t:1.061-t:399-v:177018.14)-(t:1.062-t:400-v:176992.219)-(t:1.063-t:401-v:176086.14)-(t:1.063-t:402-v:175881.299)-(t:1.064-t:403-v:173864.581)-(t:1.066-t:404-v:173137.621)-(t:1.067-t:405-v:172953.096)-(t:1.067-t:406-v:172725.288)-(t:1.068-t:407-v:172521.794)-(t:1.069-t:408-v:172465.094)-(t:1.070-t:409-v:171627.674)-(t:1.070-t:410-v:171491.833)-(t:1.071-t:411-v:171354.012)-(t:1.074-t:412-v:171241.509)-(t:1.075-t:413-v:171079.071)-(t:1.079-t:414-v:170276.495)-(t:1.080-t:415-v:170032.991)-(t:1.095-t:416-v:169820.349)-(t:1.096-t:417-v:169514.812)-(t:1.099-t:418-v:169454.905)-(t:1.114-t:419-v:169369.05)-(t:1.316-t:512-v:169235.592)-(t:1.316-t:513-v:168815.692)-(t:1.317-t:514-v:166423.977)-(t:1.317-t:515-v:166012.278)-(t:1.317-t:516-v:164926.628)-(t:1.317-t:517-v:164524.416)-(t:1.318-t:518-v:164374.501)-(t:1.319-t:519-v:163940.77)-(t:1.320-t:520-v:161336.535)-(t:1.320-t:521-v:161181.313)-(t:1.321-t:522-v:160947.151)-(t:1.321-t:523-v:160946.868)-(t:1.322-t:524-v:159717.22)-(t:1.323-t:525-v:156416.27)-(t:1.324-t:526-v:155685.292)-(t:1.325-t:527-v:155627.307)-(t:1.325-t:528-v:155422.466)-(t:1.325-t:529-v:155218.966)-(t:1.326-t:530-v:154883.111)-(t:1.327-t:531-v:154717.672)-(t:1.327-t:532-v:154694.17)-(t:1.341-t:533-v:154278.871)-(t:1.342-t:534-v:153881.791)-(t:1.344-t:535-v:152631.082)-(t:1.345-t:536-v:152468.644)-(t:1.366-t:537-v:151921.757)-(t:1.373-t:538-v:151563.056)-(t:1.377-t:539-v:151444.462)-(t:1.393-t:540-v:151440.433)-(t:1.397-t:541-v:150914.526)-(t:1.398-t:542-v:150672.363)-(t:1.399-t:543-v:150541.421)-(t:1.400-t:544-v:150538.991)-(t:1.401-t:545-v:150487.508)-(t:1.559-t:608-v:150424.004)-(t:1.559-t:609-v:148923.956)-(t:1.560-t:610-v:148835.946)-(t:1.560-t:611-v:148581.13)-(t:1.561-t:612-v:147257.498)-(t:1.562-t:613-v:147023.336)-(t:1.562-t:614-v:146975.612)-(t:1.563-t:615-v:146744.85)-(t:1.563-t:616-v:146673.694)-(t:1.564-t:617-v:146329.386)-(t:1.578-t:618-v:146233.645)-(t:1.579-t:619-v:146158.203)-(t:1.579-t:620-v:146110.479)-(t:1.580-t:621-v:145320.573)-(t:1.581-t:622-v:144709.986)-(t:1.582-t:623-v:144425.478)-(t:1.583-t:624-v:144289.637)-(t:1.583-t:625-v:144170.757)-(t:1.584-t:626-v:144104.092)-(t:1.587-t:627-v:142414.089)-(t:1.588-t:628-v:142254.699)-(t:1.590-t:629-v:142180.344)-(t:1.591-t:630-v:142101.376)-(t:1.592-t:631-v:141847.47)-(t:1.593-t:632-v:141538.741)-(t:1.594-t:633-v:140306.142)-(t:1.595-t:634-v:139747.217)-(t:1.595-t:635-v:139335.518)-(t:1.595-t:636-v:137870.224)-(t:1.596-t:637-v:137564.687)-(t:1.614-t:638-v:137141.487)-(t:1.615-t:639-v:136781.514)-(t:1.633-t:640-v:136466.089)-(t:7.649-t:13697-v:135627.281)-(t:7.650-t:13698-v:134707.137)-(t:7.651-t:13699-v:134680.531)-(t:7.651-t:13700-v:134637.61)-(t:7.651-t:13701-v:134630.471)-(t:7.652-t:13702-v:133825.231)-(t:7.652-t:13703-v:133787.196)-(t:7.652-t:13704-v:133617.722)-(t:7.660-t:13705-v:133108.841)-(t:7.660-t:13706-v:132970.705)-(t:7.660-t:13707-v:132394.863)-(t:7.660-t:13708-v:132387.724)-(t:7.661-t:13709-v:132212.316)-(t:7.661-t:13710-v:131967.142)-(t:7.661-t:13711-v:131841.743)-(t:18.407-t:53882-v:131562.481)-(t:18.409-t:53883-v:130587.205)-(t:18.410-t:53884-v:130319.112)-(t:18.410-t:53885-v:130016.363)-(t:18.412-t:53886-v:129853.305)-(t:19.443-t:57461-v:129830.007)-(t:19.444-t:57462-v:129561.914)-(t:36.260-t:119528-v:128676.776)-(t:36.261-t:119529-v:128532.228)-(t:36.261-t:119530-v:128177.17)-(t:36.261-t:119531-v:128041.329)-(t:36.262-t:119532-v:127903.508)-(t:48.313-t:164032-v:127662.583)-(t:48.314-t:164033-v:127526.742)-(t:48.314-t:164034-v:127388.921)-(t:48.314-t:164035-v:127033.865)-(t:48.314-t:164036-v:126708.489)-(t:48.315-t:164037-v:126546.051)-(t:48.315-t:164038-v:123533.698)-(t:48.315-t:164039-v:123187.046)-(t:48.315-t:164040-v:122088.351)-(t:48.315-t:164041-v:121685.542)-(t:48.316-t:164042-v:121651.813)-(t:48.316-t:164043-v:119314.751)-(t:48.317-t:164044-v:118823.09)-(t:48.317-t:164045-v:118514.361)-(t:48.338-t:164153-v:118306.626)-(t:48.339-t:164154-v:118153.55)-(t:48.339-t:164155-v:118014.345)-(t:48.339-t:164156-v:117950.056)-(t:48.340-t:164157-v:117893.356)-(t:48.340-t:164158-v:117055.936)-(t:48.340-t:164159-v:116782.274)-(t:48.340-t:164160-v:116571.859)-(t:48.341-t:164161-v:116505.367)-(t:48.342-t:164162-v:116490.509)-(t:48.342-t:164163-v:116247.005)-(t:48.342-t:164164-v:115936.428)-(t:48.344-t:164165-v:115723.786)-(t:48.344-t:164166-v:115418.249)-(t:191.624-t:686858-v:115308.65)-(t:191.625-t:686859-v:115045.47)-(t:450.999-t:1631659-v:114977.719)-(t:450.999-t:1631660-v:114861.693)-(t:450.999-t:1631661-v:113121.568)-(t:451.000-t:1631662-v:112985.727)-(t:451.000-t:1631663-v:112847.906)-(t:451.001-t:1631664-v:112584.122)-(t:451.001-t:1631665-v:112421.684)-(t:451.002-t:1631666-v:112086.347)-(t:451.002-t:1631667-v:111842.843)-(t:451.003-t:1631668-v:111630.201)-(t:451.003-t:1631669-v:111324.664)-(t:451.004-t:1631670-v:111069.295)-(t:451.005-t:1631671-v:110152.265)],345.784
examples/tsp/tsplib/u574.tsp,roundrobin,r1,900,0,54473.102,[(t:2.776-t:1710-v:58260.547)-(t:2.776-t:1711-v:58231.207)-(t:2.776-t:1712-v:58225.493)-(t:2.777-t:1713-v:58002.036)-(t:2.777-t:1714-v:57911.649)-(t:2.791-t:1715-v:57909.167)-(t:2.791-t:1716-v:57906.823)-(t:2.792-t:1717-v:57861.33)-(t:2.792-t:1718-v:57753.154)-(t:2.797-t:1719-v:57635.188)-(t:2.798-t:1720-v:57110.235)-(t:2.798-t:1721-v:57047.586)-(t:2.798-t:1722-v:57029.583)-(t:2.807-t:1723-v:56012.433)-(t:2.808-t:1724-v:55717.632)-(t:2.808-t:1725-v:55705.864)-(t:2.810-t:1726-v:55389.003)-(t:2.815-t:1727-v:54932.641)-(t:2.943-t:1728-v:54868.115)-(t:3.609-t:1887-v:54635.242)-(t:3.672-t:1888-v:54632.559)-(t:3.771-t:1889-v:54473.102)],292.145
examples/tsp/tsplib/bays29.tsp,random,r1,900,0,2020.0,[(t:0.598-t:68-v:3028.0)-(t:0.599-t:69-v:3020.0)-(t:0.603-t:70-v:2885.0)-(t:0.604-t:71-v:2723.0)-(t:0.605-t:72-v:2704.0)-(t:0.609-t:73-v:2690.0)-(t:0.623-t:74-v:2678.0)-(t:0.628-t:75-v:2673.0)-(t:0.634-t:76-v:2562.0)-(t:0.656-t:77-v:2534.0)-(t:0.661-t:78-v:2531.0)-(t:0.785-t:93-v:2486.0)-(t:0.788-t:94-v:2483.0)-(t:0.794-t:95-v:2412.0)-(t:0.813-t:96-v:2249.0)-(t:0.817-t:97-v:2239.0)-(t:0.821-t:98-v:2225.0)-(t:0.838-t:99-v:2211.0)-(t:0.841-t:100-v:2183.0)-(t:1.194-t:208-v:2173.0)-(t:1.284-t:241-v:2141.0)-(t:1.485-t:339-v:2125.0)-(t:1.815-t:560-v:2118.0)-(t:2.888-t:1797-v:2086.0)-(t:2.889-t:1798-v:2060.0)-(t:4.401-t:4759-v:2054.0)-(t:4.589-t:5137-v:2041.0)-(t:5.600-t:7381-v:2033.0)-(t:8.034-t:13203-v:2028.0)-(t:278.246-t:875710-v:2020.0)],1.880
examples/tsp/tsplib/gr120.tsp,roundrobin,r1,900,0,12903.0,[(t:1.109-t:349-v:32724.0)-(t:1.110-t:350-v:32598.0)-(t:1.112-t:351-v:32516.0)-(t:1.114-t:352-v:32487.0)-(t:1.116-t:353-v:32290.0)-(t:1.118-t:354-v:32074.0)-(t:1.121-t:355-v:32051.0)-(t:1.122-t:356-v:32001.0)-(t:1.123-t:357-v:31999.0)-(t:1.124-t:358-v:31772.0)-(t:1.125-t:359-v:31706.0)-(t:1.126-t:360-v:31614.0)-(t:1.128-t:361-v:31577.0)-(t:1.148-t:362-v:31570.0)-(t:1.149-t:363-v:31569.0)-(t:1.150-t:364-v:31552.0)-(t:1.150-t:365-v:31530.0)-(t:1.152-t:366-v:31461.0)-(t:1.160-t:367-v:31307.0)-(t:1.161-t:368-v:31227.0)-(t:1.162-t:369-v:31214.0)-(t:1.163-t:370-v:31163.0)-(t:1.163-t:371-v:31054.0)-(t:1.179-t:372-v:31033.0)-(t:1.180-t:373-v:30946.0)-(t:1.182-t:374-v:30717.0)-(t:1.183-t:375-v:30683.0)-(t:1.185-t:376-v:30592.0)-(t:1.187-t:377-v:30554.0)-(t:1.192-t:378-v:30299.0)-(t:1.198-t:379-v:30278.0)-(t:1.200-t:380-v:30201.0)-(t:1.201-t:381-v:30199.0)-(t:1.204-t:382-v:30158.0)-(t:1.223-t:383-v:30124.0)-(t:1.224-t:384-v:30073.0)-(t:1.225-t:385-v:30054.0)-(t:1.225-t:386-v:30025.0)-(t:1.228-t:387-v:29987.0)-(t:1.230-t:388-v:29981.0)-(t:1.233-t:389-v:29954.0)-(t:1.233-t:390-v:29925.0)-(t:1.236-t:391-v:29912.0)-(t:1.236-t:392-v:29876.0)-(t:1.250-t:393-v:29743.0)-(t:1.251-t:394-v:29728.0)-(t:1.254-t:395-v:29715.0)-(t:1.258-t:396-v:29622.0)-(t:1.261-t:397-v:29606.0)-(t:1.263-t:398-v:29554.0)-(t:1.267-t:399-v:29531.0)-(t:1.268-t:400-v:29469.0)-(t:1.268-t:401-v:29243.0)-(t:1.268-t:402-v:29211.0)-(t:1.269-t:403-v:29194.0)-(t:1.272-t:404-v:29157.0)-(t:1.272-t:405-v:29156.0)-(t:1.273-t:406-v:29144.0)-(t:1.284-t:407-v:29127.0)-(t:1.285-t:408-v:29102.0)-(t:1.286-t:409-v:29024.0)-(t:1.288-t:410-v:28990.0)-(t:1.290-t:411-v:28963.0)-(t:1.291-t:412-v:28955.0)-(t:1.306-t:413-v:28636.0)-(t:1.308-t:414-v:28611.0)-(t:1.309-t:415-v:28597.0)-(t:1.311-t:416-v:28553.0)-(t:1.313-t:417-v:28258.0)-(t:1.314-t:418-v:28247.0)-(t:1.314-t:419-v:28158.0)-(t:1.317-t:420-v:28122.0)-(t:1.329-t:421-v:28095.0)-(t:1.332-t:422-v:27810.0)-(t:1.337-t:423-v:27791.0)-(t:1.343-t:424-v:27725.0)-(t:1.363-t:425-v:27667.0)-(t:1.382-t:426-v:27578.0)-(t:1.388-t:427-v:27517.0)-(t:1.394-t:428-v:27511.0)-(t:1.395-t:429-v:27483.0)-(t:1.396-t:430-v:27392.0)-(t:1.428-t:431-v:27287.0)-(t:1.433-t:432-v:27281.0)-(t:1.438-t:433-v:27252.0)-(t:1.443-t:434-v:27249.0)-(t:1.460-t:435-v:27131.0)-(t:1.461-t:436-v:27025.0)-(t:1.463-t:437-v:26995.0)-(t:1.471-t:438-v:26903.0)-(t:1.475-t:439-v:26872.0)-(t:1.482-t:440-v:26812.0)-(t:1.502-t:441-v:26687.0)-(t:1.506-t:442-v:26677.0)-(t:1.536-t:443-v:26582.0)-(t:1.542-t:444-v:26358.0)-(t:1.548-t:445-v:26082.0)-(t:1.551-t:446-v:26026.0)-(t:1.561-t:447-v:25952.0)-(t:1.578-t:448-v:25948.0)-(t:1.595-t:449-v:25884.0)-(t:1.601-t:450-v:25731.0)-(t:1.604-t:451-v:25710.0)-(t:1.605-t:452-v:25668.0)-(t:1.606-t:453-v:25633.0)-(t:1.623-t:454-v:25543.0)-(t:1.629-t:455-v:25531.0)-(t:1.635-t:456-v:25439.0)-(t:1.656-t:457-v:25362.0)-(t:1.676-t:458-v:25276.0)-(t:1.684-t:459-v:25170.0)-(t:1.686-t:460-v:25076.0)-(t:1.688-t:461-v:25001.0)-(t:1.708-t:462-v:24964.0)-(t:1.713-t:463-v:24883.0)-(t:1.721-t:464-v:24849.0)-(t:1.735-t:465-v:24800.0)-(t:1.735-t:466-v:24767.0)-(t:1.736-t:467-v:24697.0)-(t:1.741-t:468-v:24645.0)-(t:1.745-t:469-v:24618.0)-(t:1.775-t:470-v:24583.0)-(t:1.780-t:471-v:24572.0)-(t:1.783-t:472-v:24523.0)-(t:1.794-t:473-v:24521.0)-(t:1.804-t:474-v:24458.0)-(t:1.822-t:475-v:24398.0)-(t:1.827-t:476-v:24243.0)-(t:1.829-t:477-v:24173.0)-(t:1.834-t:478-v:24047.0)-(t:1.851-t:479-v:23671.0)-(t:1.851-t:480-v:23647.0)-(t:1.852-t:481-v:23639.0)-(t:1.852-t:482-v:23593.0)-(t:1.853-t:483-v:23533.0)-(t:1.855-t:484-v:23422.0)-(t:1.873-t:485-v:23325.0)-(t:1.876-t:486-v:23323.0)-(t:1.877-t:487-v:23309.0)-(t:1.877-t:488-v:23269.0)-(t:1.878-t:489-v:23264.0)-(t:1.881-t:490-v:23257.0)-(t:1.884-t:491-v:23219.0)-(t:1.888-t:492-v:23208.0)-(t:1.891-t:493-v:23206.0)-(t:1.894-t:494-v:23180.0)-(t:1.911-t:495-v:23097.0)-(t:1.912-t:496-v:23052.0)-(t:1.914-t:497-v:23022.0)-(t:1.914-t:498-v:23018.0)-(t:1.914-t:499-v:22997.0)-(t:1.915-t:500-v:22975.0)-(t:1.916-t:501-v:22942.0)-(t:1.922-t:502-v:22922.0)-(t:1.925-t:503-v:22874.0)-(t:1.943-t:504-v:22562.0)-(t:1.944-t:505-v:22479.0)-(t:1.944-t:506-v:22444.0)-(t:1.945-t:507-v:22421.0)-(t:1.946-t:508-v:22413.0)-(t:1.946-t:509-v:22402.0)-(t:1.947-t:510-v:22394.0)-(t:1.949-t:511-v:22286.0)-(t:1.960-t:512-v:22232.0)-(t:1.964-t:513-v:21394.0)-(t:1.964-t:514-v:21390.0)-(t:1.964-t:515-v:21384.0)-(t:1.966-t:516-v:21198.0)-(t:1.982-t:517-v:21097.0)-(t:1.986-t:518-v:20872.0)-(t:1.988-t:519-v:20832.0)-(t:1.991-t:520-v:20790.0)-(t:1.993-t:521-v:20762.0)-(t:1.996-t:522-v:20754.0)-(t:2.011-t:523-v:20721.0)-(t:2.014-t:524-v:20667.0)-(t:2.018-t:525-v:20645.0)-(t:2.020-t:526-v:20618.0)-(t:2.022-t:527-v:20585.0)-(t:2.024-t:528-v:20553.0)-(t:2.048-t:529-v:20503.0)-(t:2.053-t:530-v:20461.0)-(t:2.054-t:531-v:20415.0)-(t:2.054-t:532-v:20297.0)-(t:2.054-t:533-v:20220.0)-(t:2.055-t:534-v:20160.0)-(t:2.055-t:535-v:20098.0)-(t:2.055-t:536-v:20079.0)-(t:2.056-t:537-v:19989.0)-(t:2.056-t:538-v:19936.0)-(t:2.057-t:539-v:19932.0)-(t:2.058-t:540-v:19837.0)-(t:2.058-t:541-v:19721.0)-(t:2.072-t:542-v:19598.0)-(t:2.074-t:543-v:19536.0)-(t:2.076-t:544-v:19510.0)-(t:2.091-t:545-v:19467.0)-(t:2.093-t:546-v:19456.0)-(t:2.097-t:547-v:19345.0)-(t:2.098-t:548-v:19339.0)-(t:2.103-t:549-v:19075.0)-(t:2.107-t:550-v:19011.0)-(t:2.113-t:551-v:18990.0)-(t:2.129-t:552-v:18984.0)-(t:2.132-t:553-v:18843.0)-(t:2.133-t:554-v:18752.0)-(t:2.134-t:555-v:18682.0)-(t:2.137-t:556-v:18574.0)-(t:2.139-t:557-v:18530.0)-(t:2.142-t:558-v:18513.0)-(t:2.146-t:559-v:18507.0)-(t:2.146-t:560-v:18502.0)-(t:2.146-t:561-v:18481.0)-(t:2.160-t:562-v:18465.0)-(t:2.163-t:563-v:18428.0)-(t:2.165-t:564-v:18420.0)-(t:2.176-t:565-v:18280.0)-(t:2.179-t:566-v:17988.0)-(t:2.179-t:567-v:17964.0)-(t:2.180-t:568-v:17869.0)-(t:2.180-t:569-v:17819.0)-(t:2.180-t:570-v:17781.0)-(t:2.194-t:571-v:17637.0)-(t:2.197-t:572-v:17596.0)-(t:2.198-t:573-v:17587.0)-(t:2.199-t:574-v:17578.0)-(t:2.199-t:575-v:17498.0)-(t:2.200-t:576-v:17497.0)-(t:2.201-t:577-v:17454.0)-(t:2.203-t:578-v:17444.0)-(t:2.204-t:579-v:17441.0)-(t:2.205-t:580-v:17223.0)-(t:2.206-t:581-v:17172.0)-(t:2.206-t:582-v:17140.0)-(t:2.208-t:583-v:17078.0)-(t:2.223-t:584-v:17063.0)-(t:2.224-t:585-v:17035.0)-(t:2.225-t:586-v:16987.0)-(t:2.226-t:587-v:16750.0)-(t:2.226-t:588-v:16731.0)-(t:2.226-t:589-v:16655.0)-(t:2.226-t:590-v:16640.0)-(t:2.226-t:591-v:16579.0)-(t:2.227-t:592-v:16568.0)-(t:2.227-t:593-v:16544.0)-(t:2.228-t:594-v:16543.0)-(t:2.228-t:595-v:16452.0)-(t:2.229-t:596-v:16400.0)-(t:2.229-t:597-v:16390.0)-(t:2.230-t:598-v:16365.0)-(t:2.230-t:599-v:16330.0)-(t:2.230-t:600-v:16272.0)-(t:2.231-t:601-v:16266.0)-(t:2.231-t:602-v:16252.0)-(t:2.232-t:603-v:16219.0)-(t:2.232-t:604-v:16205.0)-(t:2.233-t:605-v:16201.0)-(t:2.233-t:606-v:16182.0)-(t:2.234-t:607-v:16151.0)-(t:2.234-t:608-v:16140.0)-(t:2.235-t:609-v:15918.0)-(t:2.236-t:610-v:15859.0)-(t:2.237-t:611-v:15828.0)-(t:2.238-t:612-v:15815.0)-(t:2.253-t:613-v:15613.0)-(t:2.254-t:614-v:15535.0)-(t:2.255-t:615-v:15372.0)-(t:2.255-t:616-v:15357.0)-(t:2.256-t:617-v:15321.0)-(t:2.256-t:618-v:15171.0)-(t:2.258-t:619-v:15143.0)-(t:2.267-t:620-v:15044.0)-(t:2.270-t:621-v:14665.0)-(t:2.271-t:622-v:14507.0)-(t:2.272-t:623-v:14496.0)-(t:2.287-t:624-v:14351.0)-(t:2.289-t:625-v:14271.0)-(t:2.289-t:626-v:14208.0)-(t:2.291-t:627-v:14167.0)-(t:2.294-t:628-v:14130.0)-(t:2.296-t:629-v:14119.0)-(t:2.299-t:630-v:14111.0)-(t:247.897-t:251540-v:13977.0)-(t:247.900-t:251541-v:13944.0)-(t:247.903-t:251542-v:13880.0)-(t:247.903-t:251543-v:13641.0)-(t:247.904-t:251544-v:13414.0)-(t:247.909-t:251545-v:13367.0)-(t:247.914-t:251546-v:13359.0)-(t:247.919-t:251547-v:13343.0)-(t:247.923-t:251548-v:13330.0)-(t:247.926-t:251549-v:13169.0)-(t:247.930-t:251550-v:12990.0)-(t:247.933-t:251551-v:12951.0)-(t:247.937-t:251552-v:12903.0)],427.984
examples/tsp/tsplib/kroC100.tsp,roundrobin,r1,900,0,33812.528,[(t:0.880-t:289-v:110899.768)-(t:0.881-t:290-v:109229.488)-(t:0.881-t:291-v:107841.206)-(t:0.887-t:292-v:107823.787)-(t:0.887-t:293-v:107753.337)-(t:0.889-t:294-v:107679.637)-(t:0.895-t:295-v:107664.757)-(t:0.898-t:296-v:107646.35)-(t:0.913-t:297-v:107612.365)-(t:0.915-t:298-v:107410.06)-(t:0.916-t:299-v:107344.416)-(t:0.919-t:300-v:107325.511)-(t:0.919-t:301-v:107194.977)-(t:0.920-t:302-v:107065.218)-(t:0.921-t:303-v:107058.479)-(t:0.923-t:304-v:107015.153)-(t:0.924-t:305-v:106696.627)-(t:0.925-t:306-v:106639.934)-(t:0.926-t:307-v:106274.728)-(t:0.928-t:308-v:106261.786)-(t:0.930-t:309-v:106249.913)-(t:0.948-t:310-v:106245.142)-(t:0.950-t:311-v:106216.342)-(t:0.952-t:312-v:105307.378)-(t:0.953-t:313-v:104881.402)-(t:0.956-t:314-v:104652.505)-(t:0.958-t:315-v:104609.552)-(t:0.958-t:316-v:104327.885)-(t:0.959-t:317-v:104023.349)-(t:0.960-t:318-v:103932.017)-(t:0.961-t:319-v:103135.463)-(t:0.962-t:320-v:103105.662)-(t:0.963-t:321-v:102934.975)-(t:0.979-t:322-v:102542.831)-(t:0.982-t:323-v:101831.684)-(t:0.983-t:324-v:101274.999)-(t:0.986-t:325-v:100924.308)-(t:0.987-t:326-v:100097.575)-(t:1.005-t:327-v:99934.416)-(t:1.010-t:328-v:97649.711)-(t:1.011-t:329-v:97646.801)-(t:1.013-t:330-v:97328.778)-(t:1.028-t:331-v:97300.425)-(t:1.030-t:332-v:97189.814)-(t:1.034-t:333-v:97138.862)-(t:1.035-t:334-v:96847.791)-(t:1.037-t:335-v:96417.48)-(t:1.038-t:336-v:95395.728)-(t:1.039-t:337-v:94753.522)-(t:1.040-t:338-v:94370.671)-(t:1.042-t:339-v:94231.477)-(t:1.065-t:340-v:93955.391)-(t:1.075-t:341-v:93896.218)-(t:1.096-t:342-v:93858.666)-(t:1.099-t:343-v:93802.205)-(t:1.103-t:344-v:93667.776)-(t:1.109-t:345-v:93431.327)-(t:1.130-t:346-v:91944.923)-(t:1.134-t:347-v:91450.897)-(t:1.135-t:348-v:91291.987)-(t:1.148-t:349-v:90630.268)-(t:1.149-t:350-v:90605.408)-(t:1.150-t:351-v:90420.077)-(t:1.151-t:352-v:90291.141)-(t:1.152-t:353-v:89312.556)-(t:1.154-t:354-v:89275.864)-(t:1.156-t:355-v:89023.669)-(t:1.157-t:356-v:88849.13)-(t:1.160-t:357-v:88246.066)-(t:1.161-t:358-v:87808.252)-(t:1.184-t:359-v:87130.809)-(t:1.190-t:360-v:87095.374)-(t:1.195-t:361-v:86083.95)-(t:1.208-t:362-v:85917.544)-(t:1.213-t:363-v:85836.321)-(t:1.231-t:364-v:85644.622)-(t:1.237-t:365-v:83544.709)-(t:1.242-t:366-v:82542.152)-(t:1.261-t:367-v:81600.34)-(t:1.263-t:368-v:81578.574)-(t:1.264-t:369-v:81339.947)-(t:1.264-t:370-v:80216.269)-(t:1.264-t:371-v:80166.977)-(t:1.278-t:372-v:80159.204)-(t:1.281-t:373-v:80077.32)-(t:1.282-t:374-v:79725.915)-(t:1.285-t:375-v:78283.564)-(t:1.287-t:376-v:77438.485)-(t:1.302-t:377-v:75905.022)-(t:1.306-t:378-v:75603.577)-(t:1.311-t:379-v:75573.932)-(t:1.316-t:380-v:75517.471)-(t:1.321-t:381-v:75509.106)-(t:1.339-t:382-v:75298.561)-(t:1.365-t:383-v:74642.196)-(t:1.369-t:384-v:74508.14)-(t:1.374-t:385-v:74194.015)-(t:1.390-t:386-v:74094.004)-(t:1.393-t:387-v:73651.901)-(t:1.413-t:388-v:71880.08)-(t:1.417-t:389-v:71622.741)-(t:1.435-t:390-v:71518.261)-(t:1.441-t:391-v:70838.979)-(t:1.448-t:392-v:70779.893)-(t:1.465-t:393-v:70680.739)-(t:1.469-t:394-v:70649.618)-(t:1.473-t:395-v:70502.273)-(t:1.478-t:396-v:69984.615)-(t:1.506-t:397-v:69170.837)-(t:1.508-t:398-v:68959.809)-(t:1.512-t:399-v:68814.327)-(t:1.517-t:400-v:68591.337)-(t:1.537-t:401-v:67463.788)-(t:1.543-t:402-v:66739.069)-(t:1.545-t:403-v:66652.873)-(t:1.546-t:404-v:66619.53)-(t:1.576-t:405-v:66145.189)-(t:1.582-t:406-v:66049.401)-(t:1.586-t:407-v:65972.309)-(t:1.592-t:408-v:65481.015)-(t:1.609-t:409-v:65423.889)-(t:1.614-t:410-v:64769.467)-(t:1.619-t:411-v:64741.665)-(t:1.636-t:412-v:64741.279)-(t:1.641-t:413-v:64736.847)-(t:1.644-t:414-v:64437.817)-(t:1.647-t:415-v:64416.947)-(t:1.651-t:416-v:64406.88)-(t:1.679-t:417-v:64364.493)-(t:1.682-t:418-v:64327.972)-(t:1.684-t:419-v:64276.675)-(t:1.689-t:420-v:64271.105)-(t:1.706-t:421-v:64009.343)-(t:1.706-t:422-v:63807.824)-(t:1.707-t:423-v:63802.029)-(t:1.708-t:424-v:63743.582)-(t:1.710-t:425-v:63718.28)-(t:1.711-t:426-v:63336.983)-(t:1.712-t:427-v:63233.922)-(t:1.713-t:428-v:63219.213)-(t:1.714-t:429-v:63178.528)-(t:1.716-t:430-v:63156.909)-(t:1.716-t:431-v:63023.974)-(t:1.717-t:432-v:62959.406)-(t:1.719-t:433-v:62885.638)-(t:1.721-t:434-v:62561.607)-(t:1.722-t:435-v:61846.998)-(t:1.723-t:436-v:61742.764)-(t:1.725-t:437-v:61399.544)-(t:1.726-t:438-v:61276.742)-(t:1.726-t:439-v:61174.235)-(t:1.749-t:440-v:60877.824)-(t:1.753-t:441-v:60140.985)-(t:1.754-t:442-v:59981.557)-(t:1.754-t:443-v:59945.009)-(t:1.754-t:444-v:59917.988)-(t:1.755-t:445-v:59539.773)-(t:1.758-t:446-v:59050.723)-(t:1.763-t:447-v:55878.462)-(t:1.766-t:448-v:55821.098)-(t:1.785-t:449-v:55519.021)-(t:1.786-t:450-v:55238.024)-(t:1.786-t:451-v:55112.455)-(t:1.787-t:452-v:54887.06)-(t:1.788-t:453-v:54762.43)-(t:1.794-t:454-v:54602.458)-(t:1.796-t:455-v:54172.798)-(t:1.799-t:456-v:54049.172)-(t:1.810-t:457-v:54047.368)-(t:1.814-t:458-v:53922.284)-(t:1.830-t:459-v:53549.82)-(t:1.833-t:460-v:53516.83)-(t:1.834-t:461-v:53416.178)-(t:1.835-t:462-v:53412.235)-(t:1.837-t:463-v:53381.502)-(t:1.840-t:464-v:53054.17)-(t:1.843-t:465-v:53051.93)-(t:1.858-t:466-v:52912.057)-(t:1.861-t:467-v:52841.926)-(t:1.865-t:468-v:52788.798)-(t:1.866-t:469-v:52691.021)-(t:1.882-t:470-v:52471.394)-(t:1.882-t:471-v:52302.919)-(t:1.882-t:472-v:52260.778)-(t:1.883-t:473-v:51813.81)-(t:1.883-t:474-v:51683.734)-(t:1.883-t:475-v:51603.377)-(t:1.884-t:476-v:51470.289)-(t:1.885-t:477-v:51354.523)-(t:1.886-t:478-v:51131.532)-(t:1.886-t:479-v:51021.063)-(t:1.887-t:480-v:51016.964)-(t:1.887-t:481-v:50807.942)-(t:1.888-t:482-v:50764.701)-(t:1.902-t:483-v:50742.977)-(t:1.903-t:484-v:50651.077)-(t:1.904-t:485-v:50594.596)-(t:1.905-t:486-v:50020.384)-(t:1.906-t:487-v:49633.659)-(t:1.907-t:488-v:48869.165)-(t:1.908-t:489-v:48830.696)-(t:1.909-t:490-v:48818.209)-(t:1.910-t:491-v:48799.991)-(t:1.910-t:492-v:48686.56)-(t:1.911-t:493-v:48616.012)-(t:1.911-t:494-v:48571.711)-(t:1.912-t:495-v:48543.453)-(t:1.913-t:496-v:48284.767)-(t:1.914-t:497-v:47784.716)-(t:1.914-t:498-v:47722.45)-(t:1.914-t:499-v:47554.057)-(t:1.915-t:500-v:47269.381)-(t:1.915-t:501-v:47168.057)-(t:1.916-t:502-v:47158.962)-(t:1.929-t:503-v:46991.129)-(t:1.930-t:504-v:46802.485)-(t:1.931-t:505-v:46644.906)-(t:1.932-t:506-v:46618.03)-(t:1.932-t:507-v:46600.45)-(t:1.935-t:508-v:46262.757)-(t:1.936-t:509-v:46026.803)-(t:1.937-t:510-v:45537.72)-(t:1.939-t:511-v:45257.213)-(t:1.941-t:512-v:44316.093)-(t:1.944-t:513-v:43721.097)-(t:1.946-t:514-v:43561.447)-(t:1.948-t:515-v:43557.367)-(t:1.964-t:516-v:43107.088)-(t:1.967-t:517-v:43030.26)-(t:1.969-t:518-v:43014.011)-(t:1.973-t:519-v:42901.668)-(t:1.974-t:520-v:42470.931)-(t:1.975-t:521-v:42428.793)-(t:1.976-t:522-v:42419.144)-(t:6.227-t:2656-v:42161.759)-(t:6.228-t:2657-v:42152.902)-(t:6.229-t:2658-v:41530.029)-(t:6.230-t:2659-v:41508.982)-(t:6.231-t:2660-v:41498.937)-(t:6.244-t:2661-v:41484.788)-(t:6.245-t:2662-v:41139.438)-(t:6.261-t:2663-v:40945.1)-(t:6.262-t:2664-v:40675.834)-(t:20.160-t:17850-v:40648.379)-(t:20.164-t:17851-v:40566.217)-(t:20.165-t:17852-v:40528.017)-(t:20.169-t:17853-v:40442.705)-(t:20.170-t:17854-v:40283.055)-(t:20.174-t:17855-v:40121.098)-(t:20.264-t:17977-v:39299.203)-(t:20.265-t:17978-v:39281.252)-(t:20.268-t:17979-v:38761.999)-(t:20.271-t:17980-v:38450.82)-(t:20.275-t:17981-v:38333.182)-(t:29.993-t:29165-v:38306.99)-(t:29.997-t:29166-v:38204.755)-(t:31.205-t:30693-v:37824.706)-(t:83.105-t:88392-v:37814.307)-(t:83.106-t:88393-v:37665.607)-(t:83.110-t:88394-v:37555.0)-(t:83.113-t:88395-v:37520.396)-(t:97.822-t:104417-v:37497.336)-(t:97.825-t:104418-v:37083.304)-(t:97.829-t:104419-v:36707.188)-(t:97.833-t:104420-v:36646.391)-(t:105.157-t:112263-v:35862.339)-(t:105.161-t:112264-v:35789.164)-(t:105.164-t:112265-v:35673.278)-(t:105.168-t:112266-v:34662.22)-(t:105.170-t:112267-v:34416.191)-(t:105.176-t:112268-v:34385.248)-(t:105.180-t:112269-v:33958.825)-(t:105.184-t:112270-v:33916.872)-(t:531.865-t:586493-v:33911.946)-(t:531.868-t:586494-v:33908.291)-(t:531.872-t:586495-v:33812.528)],356.804
examples/tsp/tsplib/linhp318.tsp,bestslopefirst,r1,900,0,112769.744,[(t:2.645-t:796-v:142807.7)-(t:2.645-t:797-v:142301.283)-(t:2.646-t:798-v:142285.94)-(t:2.646-t:799-v:142061.559)-(t:2.646-t:800-v:141868.787)-(t:2.647-t:801-v:141777.0)-(t:2.647-t:802-v:141617.797)-(t:2.647-t:803-v:141583.535)-(t:2.647-t:804-v:141580.031)-(t:2.648-t:805-v:141417.072)-(t:2.648-t:806-v:141206.838)-(t:2.663-t:807-v:140952.382)-(t:2.663-t:808-v:140872.19)-(t:2.664-t:809-v:138033.874)-(t:2.664-t:810-v:138030.575)-(t:2.664-t:811-v:137254.803)-(t:2.664-t:812-v:137129.011)-(t:2.664-t:813-v:136305.519)-(t:2.668-t:814-v:131390.444)-(t:2.668-t:815-v:130910.526)-(t:2.669-t:816-v:130445.15)-(t:2.671-t:817-v:130413.354)-(t:2.673-t:818-v:130409.427)-(t:3.520-t:973-v:123314.522)-(t:3.521-t:974-v:123259.114)-(t:3.521-t:975-v:123011.224)-(t:3.522-t:976-v:122930.974)-(t:3.523-t:977-v:122524.004)-(t:3.523-t:978-v:122308.766)-(t:3.523-t:979-v:121722.774)-(t:3.526-t:980-v:121719.317)-(t:7.873-t:4219-v:120617.99)-(t:7.873-t:4220-v:120233.827)-(t:7.873-t:4221-v:120055.039)-(t:7.873-t:4222-v:119946.865)-(t:7.874-t:4223-v:119806.19)-(t:7.877-t:4224-v:119758.177)-(t:8.169-t:4532-v:119709.771)-(t:8.170-t:4533-v:119651.106)-(t:8.170-t:4534-v:119633.851)-(t:8.170-t:4535-v:119621.028)-(t:8.171-t:4536-v:119354.227)-(t:8.173-t:4537-v:119351.523)-(t:25.734-t:21915-v:118776.862)-(t:25.735-t:21916-v:118609.167)-(t:25.736-t:21917-v:118539.917)-(t:25.739-t:21918-v:118507.503)-(t:25.740-t:21919-v:118304.952)-(t:25.740-t:21920-v:118028.348)-(t:25.741-t:21921-v:117530.218)-(t:25.741-t:21922-v:117451.724)-(t:25.742-t:21923-v:117127.402)-(t:25.742-t:21924-v:117008.308)-(t:54.485-t:51213-v:116851.152)-(t:54.485-t:51214-v:116826.49)-(t:54.485-t:51215-v:116782.446)-(t:54.486-t:51216-v:116772.432)-(t:54.486-t:51217-v:116742.509)-(t:54.488-t:51218-v:116413.78)-(t:54.488-t:51219-v:116393.552)-(t:54.489-t:51220-v:116375.177)-(t:54.489-t:51221-v:115321.178)-(t:54.490-t:51222-v:115288.768)-(t:54.493-t:51223-v:115236.722)-(t:54.497-t:51224-v:115228.488)-(t:54.500-t:51225-v:115038.017)-(t:54.504-t:51226-v:115025.833)-(t:54.508-t:51227-v:114977.256)-(t:54.512-t:51228-v:114957.867)-(t:54.516-t:51229-v:114953.824)-(t:193.112-t:193862-v:114692.347)-(t:199.204-t:200505-v:114677.495)-(t:199.205-t:200506-v:114675.69)-(t:199.205-t:200507-v:114327.951)-(t:199.206-t:200508-v:114300.332)-(t:265.530-t:267639-v:114248.85)-(t:265.535-t:267640-v:113569.019)-(t:265.539-t:267641-v:113513.044)-(t:265.543-t:267642-v:113320.64)-(t:265.546-t:267643-v:113289.735)-(t:438.201-t:445120-v:113132.559)-(t:438.201-t:445121-v:113070.563)-(t:438.201-t:445122-v:113011.898)-(t:438.202-t:445123-v:112920.378)-(t:438.203-t:445124-v:112843.15)-(t:438.214-t:445125-v:112789.978)-(t:438.214-t:445126-v:112769.744)],573.525
examples/tsp/tsplib/dantzig42.tsp,random,r1,900,0,699.0,[(t:0.520-t:107-v:1272.0)-(t:0.522-t:108-v:1262.0)-(t:0.522-t:109-v:1254.0)-(t:0.523-t:110-v:1219.0)-(t:0.525-t:111-v:1170.0)-(t:0.526-t:112-v:1160.0)-(t:0.528-t:113-v:1151.0)-(t:0.529-t:114-v:1148.0)-(t:0.530-t:115-v:1128.0)-(t:0.531-t:116-v:1094.0)-(t:0.546-t:117-v:1065.0)-(t:0.551-t:118-v:1056.0)-(t:0.566-t:119-v:1032.0)-(t:0.569-t:120-v:954.0)-(t:0.579-t:121-v:936.0)-(t:0.720-t:149-v:924.0)-(t:0.721-t:150-v:913.0)-(t:0.722-t:151-v:894.0)-(t:0.722-t:152-v:885.0)-(t:0.723-t:153-v:880.0)-(t:0.723-t:154-v:866.0)-(t:0.725-t:155-v:853.0)-(t:0.731-t:156-v:844.0)-(t:0.734-t:157-v:842.0)-(t:0.736-t:158-v:824.0)-(t:2.307-t:1292-v:822.0)-(t:2.307-t:1293-v:820.0)-(t:2.307-t:1294-v:816.0)-(t:2.308-t:1295-v:790.0)-(t:2.308-t:1296-v:770.0)-(t:8.325-t:15359-v:746.0)-(t:9.248-t:18772-v:744.0)-(t:9.860-t:20754-v:739.0)-(t:9.860-t:20755-v:736.0)-(t:9.860-t:20756-v:727.0)-(t:9.862-t:20757-v:724.0)-(t:9.862-t:20758-v:710.0)-(t:27.302-t:80799-v:705.0)-(t:160.755-t:546734-v:704.0)-(t:464.335-t:1603060-v:701.0)-(t:786.935-t:2725279-v:699.0)],5.950
